{"altmetric_id": 77290521, "counts": {"readers": {"mendeley": 0, "citeulike": 0, "connotea": 0}, "total": {"posts_count": 2}, "twitter": {"unique_users_count": 2, "posts_count": 2}}, "citation": {"authors": ["Zhong-Rui Ruan", "Peng Gong", "Wei Han", "Min-Qiang Huang", "Ming Han"], "doi": "10.1097/cm9.0000000000000788", "first_seen_on": "2020-03-10T10:07:43+00:00", "issns": ["2542-5641"], "journal": "Chinese Medical Journal", "last_mentioned_on": 1583866517, "links": ["https://www.ncbi.nlm.nih.gov/pubmed/32149771?dopt=Abstract&utm_source=dlvr.it&utm_medium=twitter", "https://journals.lww.com/cmj/Citation/publishahead/A_case_of_2019_novel_coronavirus_infected.99356.aspx", "https://www.ncbi.nlm.nih.gov/pubmed/32149771"], "pdf_url": "https://pdfs.journals.lww.com/cmj/9000/00000/A_case_of_2019_novel_coronavirus_infected.99356.pdf", "pmid": "32149771", "pubdate": "2020-03-01T00:00:00+00:00", "title": "A case of 2019 novel coronavirus infected pneumonia with twice negative 2019-nCoV nucleic acid testing within 8 days", "type": "article", "volume": "Publish Ahead of Print"}, "altmetric_score": {"score": 1.25, "score_history": {"1y": 1.25, "6m": 1.25, "3m": 1.25, "1m": 1.25, "1w": 0, "6d": 0, "5d": 0, "4d": 0, "3d": 0, "2d": 0, "1d": 0, "at": 1.25}, "context_for_score": null}, "demographics": {"poster_types": {"member_of_the_public": 2}, "users": {"twitter": {"cohorts": {"Members of the public": 2}}}}, "posts": {"twitter": [{"license": "gnip", "citation_ids": [77290521], "author": {"tweeter_id": "1191745846615957506"}, "tweet_id": "1237319166543032320"}, {"license": "gnip", "citation_ids": [77290521], "author": {"tweeter_id": "31268233"}, "tweet_id": "1237451982031511552"}]}, "score": 1.25, "images": {"small": "https://badges.altmetric.com/?size=64&score=2&types=tttttttt", "medium": "https://badges.altmetric.com/?size=100&score=2&types=tttttttt", "large": "https://badges.altmetric.com/?size=180&score=2&types=tttttttt"}}