{"altmetric_id": 77444676, "counts": {"readers": {"mendeley": 0, "citeulike": 0, "connotea": 0}, "total": {"posts_count": 78}, "twitter": {"unique_users_count": 72, "posts_count": 78}}, "citation": {"altmetric_jid": "4f6fa6293cf058f610007d52", "authors": ["Li, Long\u2010quan", "Huang, Tian", "Wang, Yong\u2010qing", "Wang, Zheng\u2010ping", "Liang, Yuan", "Huang, Tao\u2010bi", "Zhang, Hui\u2010yun", "Sun, Wei\u2010ming", "Wang, Yu\u2010ping"], "doi": "10.1002/jmv.25757", "first_seen_on": "2020-03-13T10:05:18+00:00", "issns": ["0146-6615", "1096-9071"], "journal": "Journal of Medical Virology", "last_mentioned_on": 1584530807, "links": ["https://www.ncbi.nlm.nih.gov/pubmed/32162702?dopt=Abstract&utm_source=dlvr.it&utm_medium=twitter", "https://onlinelibrary.wiley.com/doi/10.1002/jmv.25757", "https://onlinelibrary.wiley.com/doi/pdf/10.1002/jmv.25757", "https://onlinelibrary.wiley.com/doi/abs/10.1002/jmv.25757#.Xm0zujbmqk8.twitter", "https://www.ncbi.nlm.nih.gov/pubmed/32162702/", "https://www.ncbi.nlm.nih.gov/m/pubmed/32162702/?i=1&from=/trending", "https://www.ncbi.nlm.nih.gov/pubmed/32162702", "https://www.ncbi.nlm.nih.gov/m/pubmed/32162702/", "https://onlinelibrary.wiley.com/doi/abs/10.1002/jmv.25757#.Xm-zClEy340.twitter"], "pdf_url": "https://onlinelibrary.wiley.com/doi/pdf/10.1002/jmv.25757", "pmid": "32162702", "epubdate": "2020-03-12T00:00:00+00:00", "publisher": "Wiley", "publisher_subjects": [{"name": "Medical Microbiology", "scheme": "era"}, {"name": "Microbiology", "scheme": "era"}, {"name": "Artificial Intelligence And Image Processing", "scheme": "era"}], "scopus_subjects": ["Health Sciences", "Life Sciences", "Medicine", "Immunology and Microbiology"], "title": "2019 novel coronavirus patients\u2019 clinical characteristics, discharge rate and fatality rate of meta\u2010analysis", "type": "article"}, "altmetric_score": {"score": 53.55, "score_history": {"1y": 53.55, "6m": 53.55, "3m": 53.55, "1m": 53.55, "1w": 53.55, "6d": 53.55, "5d": 53.3, "4d": 44.45, "3d": 36.25, "2d": 31.55, "1d": 17.45, "at": 53.55}, "context_for_score": {"all": {"total_number_of_other_articles": 14518952, "mean": 8.4687422759303, "rank": 364425, "this_scored_higher_than_pct": 97, "this_scored_higher_than": 14154388, "rank_type": "exact", "sample_size": 14518952, "percentile": 97}, "similar_age_3m": {"total_number_of_other_articles": 147383, "mean": 14.139798713547, "rank": 6317, "this_scored_higher_than_pct": 95, "this_scored_higher_than": 141061, "rank_type": "exact", "sample_size": 147383, "percentile": 95}, "this_journal": {"total_number_of_other_articles": 2768, "mean": 7.1447278641127, "rank": 30, "this_scored_higher_than_pct": 98, "this_scored_higher_than": 2738, "rank_type": "exact", "sample_size": 2768, "percentile": 98}, "similar_age_this_journal_3m": {"total_number_of_other_articles": 20, "mean": 372.01115789473, "rank": 8, "this_scored_higher_than_pct": 60, "this_scored_higher_than": 12, "rank_type": "exact", "sample_size": 20, "percentile": 60}}}, "demographics": {"poster_types": {"member_of_the_public": 53, "researcher": 6, "practitioner": 12, "science_communicator": 1}, "users": {"twitter": {"cohorts": {"Members of the public": 53, "Practitioners (doctors, other healthcare professionals)": 12, "Scientists": 6, "Science communicators (journalists, bloggers, editors)": 1}}}, "geo": {"twitter": {"IT": 1, "US": 7, "GB": 3, "MX": 2, "FR": 2, "AR": 1, "BR": 6, "JP": 1, "MY": 1, "CA": 1, "SA": 1, "IN": 1, "ES": 7, "FI": 1, "CO": 1, "CL": 1, "PT": 1, "PE": 1, "RU": 2, "UA": 3}}}, "posts": {"twitter": [{"license": "gnip", "citation_ids": [77444676], "author": {"tweeter_id": "1191745846615957506"}, "tweet_id": "1238405707600236545"}, {"license": "gnip", "citation_ids": [77444676], "author": {"tweeter_id": "1153316921678290944"}, "tweet_id": "1238470509672697856"}, {"license": "gnip", "citation_ids": [77444676], "author": {"tweeter_id": "389922230"}, "tweet_id": "1238529927709933568"}, {"license": "gnip", "citation_ids": [77444676], "author": {"tweeter_id": "69441276"}, "tweet_id": "1238662014035058693"}, {"license": "gnip", "citation_ids": [77444676], "author": {"tweeter_id": "410598599"}, "tweet_id": "1238663631597973505"}, {"license": "gnip", "citation_ids": [77444676], "author": {"tweeter_id": "985820315522650113"}, "tweet_id": "1238671668631015424"}, {"license": "gnip", "citation_ids": [77444676], "author": {"tweeter_id": "4183379129"}, "tweet_id": "1238671724130045952"}, {"license": "gnip", "citation_ids": [77444676], "author": {"tweeter_id": "75878083"}, "tweet_id": "1238673538439151616"}, {"license": "gnip", "citation_ids": [77444676], "author": {"tweeter_id": "1170052958509092864"}, "tweet_id": "1238675905041453057"}, {"license": "gnip", "citation_ids": [77444676], "author": {"tweeter_id": "733544876"}, "tweet_id": "1238711204459274240"}, {"license": "gnip", "citation_ids": [77444676], "author": {"tweeter_id": "17825996"}, "tweet_id": "1238724475203485696"}, {"license": "gnip", "citation_ids": [77444676], "author": {"tweeter_id": "800813405128921088"}, "tweet_id": "1238727164775641089"}, {"license": "gnip", "citation_ids": [77444676], "author": {"tweeter_id": "2152780713"}, "tweet_id": "1238784840968867840"}, {"license": "gnip", "citation_ids": [77444676], "author": {"tweeter_id": "872117039321800704"}, "tweet_id": "1238874820676370433"}, {"license": "gnip", "citation_ids": [77444676], "author": {"tweeter_id": "208789709"}, "tweet_id": "1238913514934329344"}, {"license": "gnip", "citation_ids": [77444676], "author": {"tweeter_id": "753994537324965890"}, "tweet_id": "1238948358645039104"}, {"license": "gnip", "citation_ids": [77444676], "author": {"tweeter_id": "985820315522650113"}, "tweet_id": "1238958607384838146"}, {"license": "gnip", "citation_ids": [77444676], "author": {"tweeter_id": "1060411169209544704"}, "tweet_id": "1238997408241123335"}, {"license": "gnip", "citation_ids": [77444676], "author": {"tweeter_id": "215082757"}, "tweet_id": "1239017433735802882"}, {"license": "gnip", "citation_ids": [77444676], "author": {"tweeter_id": "2289829813"}, "tweet_id": "1239036763794026497"}, {"license": "gnip", "citation_ids": [77444676], "author": {"tweeter_id": "934479896293920768"}, "tweet_id": "1239037022079254528"}, {"license": "gnip", "citation_ids": [77444676], "author": {"tweeter_id": "985820315522650113"}, "tweet_id": "1239049156657909761"}, {"license": "gnip", "citation_ids": [77444676], "author": {"tweeter_id": "946655024037298176"}, "tweet_id": "1239049948672299008"}, {"license": "gnip", "citation_ids": [77444676], "author": {"tweeter_id": "326786726"}, "tweet_id": "1239050205229715457"}, {"license": "gnip", "citation_ids": [77444676], "author": {"tweeter_id": "410541200"}, "tweet_id": "1239072819901652992"}, {"license": "gnip", "citation_ids": [77444676], "author": {"tweeter_id": "985820315522650113"}, "tweet_id": "1239079355118166021"}, {"license": "gnip", "citation_ids": [77444676], "author": {"tweeter_id": "1237024963"}, "tweet_id": "1239084709692329984"}, {"license": "gnip", "citation_ids": [77444676], "author": {"tweeter_id": "1883561102"}, "tweet_id": "1239136552154025984"}, {"license": "gnip", "citation_ids": [77444676], "author": {"tweeter_id": "483302311"}, "tweet_id": "1239245390265843719"}, {"license": "gnip", "citation_ids": [77444676], "author": {"tweeter_id": "274204420"}, "tweet_id": "1239323393285029889"}, {"license": "gnip", "citation_ids": [77444676], "author": {"tweeter_id": "1057027456765452293"}, "tweet_id": "1239340648161042438"}, {"license": "gnip", "citation_ids": [77444676], "author": {"tweeter_id": "985820315522650113"}, "tweet_id": "1239351146755633152"}, {"license": "gnip", "citation_ids": [77444676], "author": {"tweeter_id": "273175017"}, "tweet_id": "1239382974858235909"}, {"license": "gnip", "citation_ids": [77444676], "author": {"tweeter_id": "1167439376906903553"}, "tweet_id": "1239431321010802688"}, {"license": "gnip", "citation_ids": [77444676, 77444676], "author": {"tweeter_id": "1420394581"}, "tweet_id": "1239509248951963648"}, {"license": "gnip", "citation_ids": [77444676, 77444676], "author": {"tweeter_id": "558853052"}, "tweet_id": "1239513638593011712"}, {"license": "gnip", "citation_ids": [77444676, 77444676], "author": {"tweeter_id": "1057814672018157568"}, "tweet_id": "1239521066046930945"}, {"license": "gnip", "citation_ids": [77444676, 77444676], "author": {"tweeter_id": "273581909"}, "tweet_id": "1239532244588466178"}, {"license": "gnip", "citation_ids": [77444676, 77444676], "author": {"tweeter_id": "1037018884262506502"}, "tweet_id": "1239572819131981825"}, {"license": "gnip", "citation_ids": [77444676, 77444676], "author": {"tweeter_id": "875615397319385088"}, "tweet_id": "1239585608688971779"}, {"license": "gnip", "citation_ids": [77444676], "author": {"tweeter_id": "555970431"}, "tweet_id": "1239600010683187206"}, {"license": "gnip", "citation_ids": [77444676], "author": {"tweeter_id": "985820315522650113"}, "tweet_id": "1239607839259312128"}, {"license": "gnip", "citation_ids": [77444676, 77444676], "author": {"tweeter_id": "1114820065285873664"}, "tweet_id": "1239616012791799809"}, {"license": "gnip", "citation_ids": [77444676], "author": {"tweeter_id": "1057027456765452293"}, "tweet_id": "1239657726059429889"}, {"license": "gnip", "citation_ids": [77444676], "author": {"tweeter_id": "160147528"}, "tweet_id": "1239660590487834625"}, {"license": "gnip", "citation_ids": [77444676, 77444676], "author": {"tweeter_id": "900384163"}, "tweet_id": "1239685888394829827"}, {"license": "gnip", "citation_ids": [77444676, 77444676], "author": {"tweeter_id": "1185517937899311104"}, "tweet_id": "1239703071216873472"}, {"license": "gnip", "citation_ids": [77444676, 77444676], "author": {"tweeter_id": "213341357"}, "tweet_id": "1239703547480072192"}, {"license": "gnip", "citation_ids": [77444676, 77444676], "author": {"tweeter_id": "2203859267"}, "tweet_id": "1239714574955417601"}, {"license": "gnip", "citation_ids": [77444676, 77444676], "author": {"tweeter_id": "1115992463687204864"}, "tweet_id": "1239717045660463104"}, {"license": "gnip", "citation_ids": [77444676], "author": {"tweeter_id": "1174471981468651521"}, "tweet_id": "1239722952750518275"}, {"license": "gnip", "citation_ids": [77444676], "author": {"tweeter_id": "980908012780032000"}, "tweet_id": "1239737815094775808"}, {"license": "gnip", "citation_ids": [77444676], "author": {"tweeter_id": "3405849598"}, "tweet_id": "1239743240787591170"}, {"license": "gnip", "citation_ids": [77444676, 77444676], "author": {"tweeter_id": "1039170442760732672"}, "tweet_id": "1239755011598532608"}, {"license": "gnip", "citation_ids": [77444676], "author": {"tweeter_id": "63526606"}, "tweet_id": "1239758993234505728"}, {"license": "gnip", "citation_ids": [77444676, 77444676], "author": {"tweeter_id": "1098631750140526594"}, "tweet_id": "1239792441009594368"}, {"license": "gnip", "citation_ids": [77444676, 77444676], "author": {"tweeter_id": "968454986974814209"}, "tweet_id": "1239811791531753472"}, {"license": "gnip", "citation_ids": [77444676], "author": {"tweeter_id": "1032598589963415552"}, "tweet_id": "1239812255388237825"}, {"license": "gnip", "citation_ids": [77444676], "author": {"tweeter_id": "792465327137390592"}, "tweet_id": "1239893537996627968"}, {"license": "gnip", "citation_ids": [77444676], "author": {"tweeter_id": "1227577187760562182"}, "tweet_id": "1239895104913096707"}, {"license": "gnip", "citation_ids": [77444676], "author": {"tweeter_id": "322352450"}, "tweet_id": "1239899117003866113"}, {"license": "gnip", "citation_ids": [77444676], "author": {"tweeter_id": "4839089128"}, "tweet_id": "1239907166405955585"}, {"license": "gnip", "citation_ids": [77444676], "author": {"tweeter_id": "345096592"}, "tweet_id": "1239926192502902784"}, {"license": "gnip", "citation_ids": [77444676], "author": {"tweeter_id": "4168314131"}, "tweet_id": "1239928547608854528"}, {"license": "gnip", "citation_ids": [77444676], "author": {"tweeter_id": "850198379879583745"}, "tweet_id": "1239932646538567682"}, {"license": "gnip", "citation_ids": [77444676], "author": {"tweeter_id": "841175642"}, "tweet_id": "1240177333421649922"}, {"license": "gnip", "citation_ids": [77444676], "author": {"tweeter_id": "571911043"}, "tweet_id": "1240180789893103616"}, {"license": "gnip", "citation_ids": [77444676], "author": {"tweeter_id": "893591222639624192"}, "tweet_id": "1240181488597053440"}, {"license": "gnip", "citation_ids": [77444676], "author": {"tweeter_id": "1100860568318214144"}, "tweet_id": "1240183045707239424"}, {"license": "gnip", "citation_ids": [77444676], "author": {"tweeter_id": "2913791902"}, "tweet_id": "1240183119191425024"}, {"license": "gnip", "citation_ids": [77444676], "author": {"tweeter_id": "493117721"}, "tweet_id": "1240185562121863168"}, {"license": "gnip", "citation_ids": [77444676], "author": {"tweeter_id": "2781925520"}, "tweet_id": "1240186595275309058"}, {"license": "gnip", "citation_ids": [77444676], "author": {"tweeter_id": "537413850"}, "tweet_id": "1240189684598345729"}, {"license": "gnip", "citation_ids": [77444676], "author": {"tweeter_id": "1593179426"}, "tweet_id": "1240192156180119552"}, {"license": "gnip", "citation_ids": [77444676], "author": {"tweeter_id": "816644419780743169"}, "tweet_id": "1240192187356401666"}, {"license": "gnip", "citation_ids": [77444676], "author": {"tweeter_id": "1940305670"}, "tweet_id": "1240200389896667139"}, {"license": "gnip", "citation_ids": [77444676], "author": {"tweeter_id": "2654366676"}, "tweet_id": "1240237207753023496"}, {"license": "gnip", "citation_ids": [77444676], "author": {"tweeter_id": "2420747708"}, "tweet_id": "1240238214008508416"}]}, "score": 53.55, "images": {"small": "https://badges.altmetric.com/?size=64&score=54&types=tttttttt", "medium": "https://badges.altmetric.com/?size=100&score=54&types=tttttttt", "large": "https://badges.altmetric.com/?size=180&score=54&types=tttttttt"}}