{"altmetric_id": 77268480, "counts": {"readers": {"mendeley": 0, "citeulike": 0, "connotea": 0}, "total": {"posts_count": 8}, "twitter": {"unique_users_count": 7, "posts_count": 8}}, "citation": {"altmetric_jid": "4f6fa5133cf058f6100033a0", "authors": ["Yi-Wei Chang"], "doi": "10.1073/pnas.2001931117", "first_seen_on": "2020-03-09T21:11:14+00:00", "issns": ["0027-8424", "1091-6490"], "journal": "Proceedings of the National Academy of Sciences of the United States of America", "last_mentioned_on": 1583934913, "links": ["https://www.pnas.org/content/early/2020/03/06/2001931117"], "pdf_url": "https://www.pnas.org/content/pnas/early/2020/03/06/2001931117.full.pdf", "epubdate": "2020-03-09T00:00:00+00:00", "publisher": "National Academy of Sciences", "publisher_subjects": [{"name": "Multidisciplinary", "scheme": "era"}], "scopus_subjects": ["General"], "title": "Bacteria suit up with virus armor", "type": "article"}, "altmetric_score": {"score": 4, "score_history": {"1y": 4, "6m": 4, "3m": 4, "1m": 4, "1w": 1.85, "6d": 0, "5d": 0, "4d": 0, "3d": 0, "2d": 0, "1d": 0, "at": 4}, "context_for_score": {"all": {"total_number_of_other_articles": 14515761, "mean": 8.4675267257013, "rank": 3863953, "this_scored_higher_than_pct": 72, "this_scored_higher_than": 10528326, "rank_type": "exact", "sample_size": 14515761, "percentile": 72}, "similar_age_3m": {"total_number_of_other_articles": 148994, "mean": 14.146777513038, "rank": 48684, "this_scored_higher_than_pct": 67, "this_scored_higher_than": 100062, "rank_type": "exact", "sample_size": 148994, "percentile": 67}, "this_journal": {"total_number_of_other_articles": 82747, "mean": 25.890638919102, "rank": 43418, "this_scored_higher_than_pct": 45, "this_scored_higher_than": 37509, "rank_type": "exact", "sample_size": 82747, "percentile": 45}, "similar_age_this_journal_3m": {"total_number_of_other_articles": 518, "mean": 59.446669245648, "rank": 382, "this_scored_higher_than_pct": 25, "this_scored_higher_than": 134, "rank_type": "exact", "sample_size": 518, "percentile": 25}}}, "demographics": {"poster_types": {"member_of_the_public": 1, "researcher": 6}, "users": {"twitter": {"cohorts": {"Scientists": 6, "Members of the public": 1}}}, "geo": {"twitter": {"CH": 1, "GB": 1, "US": 2}}}, "posts": {"twitter": [{"license": "gnip", "citation_ids": [77268480, 76308168], "author": {"tweeter_id": "527863381"}, "tweet_id": "1237123744948056064"}, {"license": "gnip", "citation_ids": [77268480, 76308168], "author": {"tweeter_id": "775574593859948544"}, "tweet_id": "1237230000664907776"}, {"license": "gnip", "citation_ids": [77268480, 76308168], "author": {"tweeter_id": "371706404"}, "tweet_id": "1237282819925315584"}, {"license": "gnip", "citation_ids": [77268480], "author": {"tweeter_id": "1110466603710324736"}, "tweet_id": "1237497471527518209"}, {"license": "gnip", "citation_ids": [77268480], "author": {"tweeter_id": "880455499673620480"}, "tweet_id": "1237521504755011584"}, {"license": "gnip", "citation_ids": [77268480], "author": {"tweeter_id": "820845151"}, "tweet_id": "1237606735788949514"}, {"license": "gnip", "citation_ids": [77268480], "author": {"tweeter_id": "527863381"}, "tweet_id": "1237719955434594304"}, {"license": "gnip", "citation_ids": [77268480], "author": {"tweeter_id": "746051821404291072"}, "tweet_id": "1237738853290708994"}]}, "score": 4, "images": {"small": "https://badges.altmetric.com/?size=64&score=4&types=tttttttt", "medium": "https://badges.altmetric.com/?size=100&score=4&types=tttttttt", "large": "https://badges.altmetric.com/?size=180&score=4&types=tttttttt"}}