{"altmetric_id": 76793344, "counts": {"readers": {"mendeley": 0, "citeulike": 0, "connotea": 0}, "total": {"posts_count": 5}, "twitter": {"unique_users_count": 5, "posts_count": 5}}, "citation": {"altmetric_jid": "4f6fa4f53cf058f610002e47", "authors": ["Shan-Meng Lin", "Shih-Chao Lin", "Jia-Ning Hsu", "Chung-ke Chang", "Ching-Ming Chien", "Yong-Sheng Wang", "Hung-Yi Wu", "U-Ser Jeng", "Kylene Kehn-Hall", "Ming-Hon Hou"], "doi": "10.1021/acs.jmedchem.9b01913", "first_seen_on": "2020-02-28T11:06:17+00:00", "handles": [], "isbns": [], "issns": ["0022-2623", "1520-4804"], "journal": "Journal of Medicinal Chemistry", "last_mentioned_on": 1584267976, "links": ["https://www.ncbi.nlm.nih.gov/pubmed/32105468?dopt=Abstract&utm_source=dlvr.it&utm_medium=twitter", "https://www.ncbi.nlm.nih.gov/pubmed/32105468", "https://pubs.acs.org/doi/10.1021/acs.jmedchem.9b01913"], "pmid": "32105468", "epubdate": "2020-03-11T00:00:00+00:00", "publisher_subjects": [{"name": "Medicinal And Biomolecular Chemistry", "scheme": "era"}, {"name": "Pharmacology And Pharmaceutical Sciences", "scheme": "era"}, {"name": "Organic Chemistry", "scheme": "era"}], "scopus_subjects": ["Biochemistry, Genetics and Molecular Biology", "Life Sciences", "Pharmacology, Toxicology and Pharmaceutics"], "title": "Structure-Based Stabilization of Non-native Protein\u2013Protein Interactions of Coronavirus Nucleocapsid Proteins in Antiviral Drug Design", "type": "article"}, "altmetric_score": {"score": 1.5, "score_history": {"1y": 1.5, "6m": 1.5, "3m": 1.5, "1m": 1.5, "1w": 0.75, "6d": 0.75, "5d": 0.25, "4d": 0.25, "3d": 0.25, "2d": 0, "1d": 0, "at": 1.5}, "context_for_score": {"all": {"total_number_of_other_articles": 14515774, "mean": 8.4677073350393, "rank": 8367973, "this_scored_higher_than_pct": 40, "this_scored_higher_than": 5847640, "rank_type": "exact", "sample_size": 14515774, "percentile": 40}, "similar_age_3m": {"total_number_of_other_articles": 159824, "mean": 14.352187044418, "rank": 79034, "this_scored_higher_than_pct": 47, "this_scored_higher_than": 76697, "rank_type": "exact", "sample_size": 159824, "percentile": 47}, "this_journal": {"total_number_of_other_articles": 18582, "mean": 5.6217523276465, "rank": 16903, "this_scored_higher_than_pct": 8, "this_scored_higher_than": 1559, "rank_type": "exact", "sample_size": 18582, "percentile": 8}, "similar_age_this_journal_3m": {"total_number_of_other_articles": 77, "mean": 5.1260526315789, "rank": 50, "this_scored_higher_than_pct": 31, "this_scored_higher_than": 24, "rank_type": "exact", "sample_size": 77, "percentile": 31}}}, "demographics": {"poster_types": {"member_of_the_public": 5}, "users": {"twitter": {"cohorts": {"Members of the public": 5}}}, "geo": {"twitter": {"FR": 1}}}, "posts": {"twitter": [{"license": "gnip", "citation_ids": [76793344], "author": {"tweeter_id": "1191745846615957506"}, "tweet_id": "1233347623987204096"}, {"license": "gnip", "citation_ids": [76793344], "author": {"tweeter_id": "1099494762296397824"}, "tweet_id": "1233748376270843904"}, {"license": "gnip", "citation_ids": [76793344], "author": {"tweeter_id": "1460288238"}, "tweet_id": "1233749191400316934"}, {"license": "gnip", "citation_ids": [76793344], "author": {"tweeter_id": "15893163"}, "tweet_id": "1238036553886097408"}, {"license": "gnip", "citation_ids": [76793344], "author": {"tweeter_id": "135011197"}, "tweet_id": "1239135821514465281"}]}, "score": 1.5, "images": {"small": "https://badges.altmetric.com/?size=64&score=2&types=tttttttt", "medium": "https://badges.altmetric.com/?size=100&score=2&types=tttttttt", "large": "https://badges.altmetric.com/?size=180&score=2&types=tttttttt"}}