{"altmetric_id": 75023403, "counts": {"readers": {"mendeley": 0, "citeulike": 0, "connotea": 0}, "total": {"posts_count": 159}, "twitter": {"unique_users_count": 145, "posts_count": 154}, "news": {"unique_users_count": 2, "unique_users": ["gen", "vox_com"], "posts_count": 3}, "facebook": {"unique_users_count": 1, "unique_users": ["225137604354825"], "posts_count": 1}, "blogs": {"unique_users_count": 1, "unique_users": [79642], "posts_count": 1}}, "citation": {"altmetric_jid": "532721422a83ee84788b4567", "authors": ["Beck, Bo Ram", "Shin, Bonggun", "Choi, Yoonjung", "Park, Sungsoo", "Kang, Keunsoo"], "doi": "10.1101/2020.01.31.929547", "first_seen_on": "2020-02-05T01:47:08+00:00", "issns": [], "journal": "bioRxiv", "last_mentioned_on": 1584474176, "links": ["https://www.biorxiv.org/content/10.1101/2020.01.31.929547v1", "https://www.biorxiv.org/content/10.1101/2020.01.31.929547v1.full", "https://www.biorxiv.org/content/10.1101/2020.01.31.929547v1?rss=1", "https://biorxiv.org/cgi/content/short/2020.01.31.929547v1", "https://www.biorxiv.org/content/10.1101/2020.01.31.929547v1.full.pdf", "https://www.biorxiv.org/content/10.1101/2020.01.31.929547v1?rss=1%252522&utm_source=dlvr.it&utm_medium=twitter"], "pdf_url": "https://www.biorxiv.org/content/biorxiv/early/2020/02/02/2020.01.31.929547.full.pdf", "publisher": "Cold Spring Harbor Laboratory", "title": "Predicting commercially available antiviral drugs that may act on the novel coronavirus (2019-nCoV), Wuhan, China through a drug-target interaction deep learning model", "type": "article"}, "altmetric_score": {"score": 128.73, "score_history": {"1y": 128.73, "6m": 128.73, "3m": 128.73, "1m": 11.18, "1w": 0.75, "6d": 0.75, "5d": 0.75, "4d": 0.75, "3d": 0.75, "2d": 0.75, "1d": 0.75, "at": 128.73}, "context_for_score": {"all": {"total_number_of_other_articles": 14515191, "mean": 8.4654080041578, "rank": 133973, "this_scored_higher_than_pct": 99, "this_scored_higher_than": 14381317, "rank_type": "exact", "sample_size": 14515191, "percentile": 99}, "similar_age_3m": {"total_number_of_other_articles": 234303, "mean": 13.676742571553, "rank": 4193, "this_scored_higher_than_pct": 98, "this_scored_higher_than": 230110, "rank_type": "exact", "sample_size": 234303, "percentile": 98}, "this_journal": {"total_number_of_other_articles": 75304, "mean": 12.957035974663, "rank": 581, "this_scored_higher_than_pct": 99, "this_scored_higher_than": 74724, "rank_type": "exact", "sample_size": 75304, "percentile": 99}, "similar_age_this_journal_3m": {"total_number_of_other_articles": 5689, "mean": 14.350626933896, "rank": 44, "this_scored_higher_than_pct": 99, "this_scored_higher_than": 5645, "rank_type": "exact", "sample_size": 5689, "percentile": 99}}}, "demographics": {"poster_types": {"member_of_the_public": 128, "researcher": 11, "practitioner": 3, "science_communicator": 3}, "users": {"twitter": {"cohorts": {"Members of the public": 128, "Scientists": 11, "Science communicators (journalists, bloggers, editors)": 3, "Practitioners (doctors, other healthcare professionals)": 3}}}, "geo": {"twitter": {"US": 54, "AU": 1, "DE": 1, "GB": 4, "FR": 2, "JP": 1, "KR": 2, "CW": 2, "SE": 2, "GE": 1, "BE": 1, "CA": 3, "FI": 1, "CH": 1, "AR": 1, "MN": 2, "EG": 1}}}, "posts": {"twitter": [{"license": "gnip", "citation_ids": [75023403], "author": {"tweeter_id": "1949132852"}, "tweet_id": "1224088010746142721"}, {"license": "gnip", "citation_ids": [75023403], "author": {"tweeter_id": "940832638490894336"}, "tweet_id": "1224088111807893507"}, {"license": "gnip", "citation_ids": [75023403], "author": {"tweeter_id": "16649987"}, "tweet_id": "1224090340019146752"}, {"license": "gnip", "citation_ids": [75023403], "author": {"tweeter_id": "209440231"}, "tweet_id": "1224092843985293312"}, {"license": "gnip", "citation_ids": [75023403], "author": {"tweeter_id": "29080870"}, "tweet_id": "1224110483361300480"}, {"license": "gnip", "citation_ids": [75023403], "author": {"tweeter_id": "41626609"}, "tweet_id": "1224167759887515648"}, {"license": "gnip", "citation_ids": [75023403], "author": {"tweeter_id": "373113388"}, "tweet_id": "1224168274155528195"}, {"license": "gnip", "citation_ids": [75023403], "author": {"tweeter_id": "940832638490894336"}, "tweet_id": "1224168613973757952"}, {"license": "gnip", "citation_ids": [75023403], "author": {"tweeter_id": "299273962"}, "tweet_id": "1224178419962929153"}, {"license": "gnip", "citation_ids": [75023403], "author": {"tweeter_id": "46161469"}, "tweet_id": "1224180133604380672"}, {"license": "gnip", "citation_ids": [75023403], "author": {"tweeter_id": "634957815"}, "tweet_id": "1224181005847859202"}, {"license": "gnip", "citation_ids": [75023403], "author": {"tweeter_id": "1218324988966531072"}, "tweet_id": "1224187489943834625"}, {"license": "gnip", "citation_ids": [75023403], "author": {"tweeter_id": "11852922"}, "tweet_id": "1224188719143555072"}, {"license": "gnip", "citation_ids": [75023403], "author": {"tweeter_id": "579833496"}, "tweet_id": "1224190276626984961"}, {"license": "gnip", "citation_ids": [75023403], "author": {"tweeter_id": "1136055528273133569"}, "tweet_id": "1224190443656830976"}, {"license": "gnip", "citation_ids": [75023403], "author": {"tweeter_id": "1547424528"}, "tweet_id": "1224190815859179523"}, {"license": "gnip", "citation_ids": [75023403], "author": {"tweeter_id": "449966904"}, "tweet_id": "1224192009117716480"}, {"license": "gnip", "citation_ids": [75023403], "author": {"tweeter_id": "498631199"}, "tweet_id": "1224192192970772480"}, {"license": "gnip", "citation_ids": [75023403], "author": {"tweeter_id": "112726493"}, "tweet_id": "1224193730640601088"}, {"license": "gnip", "citation_ids": [75023403], "author": {"tweeter_id": "788453654"}, "tweet_id": "1224193885687119874"}, {"license": "gnip", "citation_ids": [75023403], "author": {"tweeter_id": "57487130"}, "tweet_id": "1224194243402641408"}, {"license": "gnip", "citation_ids": [75023403], "author": {"tweeter_id": "1188312822851104769"}, "tweet_id": "1224196968680837121"}, {"license": "gnip", "citation_ids": [75023403], "author": {"tweeter_id": "1211034230911688704"}, "tweet_id": "1224200704660819969"}, {"license": "gnip", "citation_ids": [75023403], "author": {"tweeter_id": "919744697551253505"}, "tweet_id": "1224201196086235136"}, {"license": "gnip", "citation_ids": [75023403], "author": {"tweeter_id": "1579596458"}, "tweet_id": "1224201616661704704"}, {"license": "gnip", "citation_ids": [75023403], "author": {"tweeter_id": "1220667695160614913"}, "tweet_id": "1224202509100765194"}, {"license": "gnip", "citation_ids": [75023403], "author": {"tweeter_id": "1481479166"}, "tweet_id": "1224202766957940737"}, {"license": "gnip", "citation_ids": [75023403], "author": {"tweeter_id": "1218497166081241088"}, "tweet_id": "1224205858839703555"}, {"license": "gnip", "citation_ids": [75023403], "author": {"tweeter_id": "862830992758800384"}, "tweet_id": "1224213833264386048"}, {"license": "gnip", "citation_ids": [75023403], "author": {"tweeter_id": "288453313"}, "tweet_id": "1224218718361804814"}, {"license": "gnip", "citation_ids": [75023403], "author": {"tweeter_id": "389104963"}, "tweet_id": "1224243934119059458"}, {"license": "gnip", "citation_ids": [75023403], "author": {"tweeter_id": "19898011"}, "tweet_id": "1224293088702750720"}, {"license": "gnip", "citation_ids": [75023403], "author": {"tweeter_id": "152716060"}, "tweet_id": "1224298026468028417"}, {"license": "gnip", "citation_ids": [75023403], "author": {"tweeter_id": "1108016440286732289"}, "tweet_id": "1224298904168148992"}, {"license": "gnip", "citation_ids": [75023403], "author": {"tweeter_id": "4901919879"}, "tweet_id": "1224298910346293248"}, {"license": "gnip", "citation_ids": [75023403], "author": {"tweeter_id": "4901919879"}, "tweet_id": "1224298921750601728"}, {"license": "gnip", "citation_ids": [75023403], "author": {"tweeter_id": "940832638490894336"}, "tweet_id": "1224298984740659201"}, {"license": "gnip", "citation_ids": [75023403], "author": {"tweeter_id": "224245536"}, "tweet_id": "1224311730882383872"}, {"license": "gnip", "citation_ids": [75023403], "author": {"tweeter_id": "621170614"}, "tweet_id": "1224334791807512576"}, {"license": "gnip", "citation_ids": [75023403], "author": {"tweeter_id": "1486117886"}, "tweet_id": "1224409605444448261"}, {"license": "gnip", "citation_ids": [74993823, 75023403], "author": {"tweeter_id": "66077793"}, "tweet_id": "1224463787706597377"}, {"license": "gnip", "citation_ids": [75023403], "author": {"tweeter_id": "205546805"}, "tweet_id": "1224469848874307584"}, {"license": "gnip", "citation_ids": [75023403], "author": {"tweeter_id": "11852922"}, "tweet_id": "1224525050730164224"}, {"license": "gnip", "citation_ids": [75023403], "author": {"tweeter_id": "356659154"}, "tweet_id": "1224871986964287488"}, {"license": "gnip", "citation_ids": [75023403], "author": {"tweeter_id": "64607188"}, "tweet_id": "1224898497557618690"}, {"license": "gnip", "citation_ids": [75023403], "author": {"tweeter_id": "940832638490894336"}, "tweet_id": "1224898526452375552"}, {"license": "gnip", "citation_ids": [75023403], "author": {"tweeter_id": "140618811"}, "tweet_id": "1225037319922601984"}, {"license": "gnip", "citation_ids": [75023403], "author": {"tweeter_id": "262800088"}, "tweet_id": "1225092553604784128"}, {"license": "gnip", "citation_ids": [75023403], "author": {"tweeter_id": "304123273"}, "tweet_id": "1225093713568960514"}, {"license": "gnip", "citation_ids": [75023403], "author": {"tweeter_id": "4919482001"}, "tweet_id": "1225093741435850752"}, {"license": "gnip", "citation_ids": [75023403], "author": {"tweeter_id": "954770326872870914"}, "tweet_id": "1225093854577201153"}, {"license": "gnip", "citation_ids": [75023403], "author": {"tweeter_id": "3384716398"}, "tweet_id": "1225094126229692419"}, {"license": "gnip", "citation_ids": [75023403], "author": {"tweeter_id": "205518700"}, "tweet_id": "1225095284004286464"}, {"license": "gnip", "citation_ids": [75023403], "author": {"tweeter_id": "1111377393405562881"}, "tweet_id": "1225096056997892097"}, {"license": "gnip", "citation_ids": [75023403], "author": {"tweeter_id": "33607522"}, "tweet_id": "1225096364163506177"}, {"license": "gnip", "citation_ids": [75023403], "author": {"tweeter_id": "863062250780741632"}, "tweet_id": "1225096493054472193"}, {"license": "gnip", "citation_ids": [75023403], "author": {"tweeter_id": "1113270837346537472"}, "tweet_id": "1225096689901539332"}, {"license": "gnip", "citation_ids": [75023403], "author": {"tweeter_id": "3394053112"}, "tweet_id": "1225096985939709952"}, {"license": "gnip", "citation_ids": [75023403], "author": {"tweeter_id": "805552999"}, "tweet_id": "1225097786200403968"}, {"license": "gnip", "citation_ids": [75023403], "author": {"tweeter_id": "23618020"}, "tweet_id": "1225097837404291073"}, {"license": "gnip", "citation_ids": [75023403], "author": {"tweeter_id": "1072522182599819264"}, "tweet_id": "1225098206096306177"}, {"license": "gnip", "citation_ids": [75023403], "author": {"tweeter_id": "866854766067933184"}, "tweet_id": "1225098408030916608"}, {"license": "gnip", "citation_ids": [75023403], "author": {"tweeter_id": "1142506515493990400"}, "tweet_id": "1225098474150154240"}, {"license": "gnip", "citation_ids": [75023403], "author": {"tweeter_id": "4660013206"}, "tweet_id": "1225098677569687553"}, {"license": "gnip", "citation_ids": [75023403], "author": {"tweeter_id": "1007274476860596229"}, "tweet_id": "1225100411062882305"}, {"license": "gnip", "citation_ids": [75023403], "author": {"tweeter_id": "22340001"}, "tweet_id": "1225103186643447809"}, {"license": "gnip", "citation_ids": [75023403], "author": {"tweeter_id": "1046435615900930049"}, "tweet_id": "1225103345158967296"}, {"license": "gnip", "citation_ids": [75023403], "author": {"tweeter_id": "48076581"}, "tweet_id": "1225104292337668096"}, {"license": "gnip", "citation_ids": [75023403], "author": {"tweeter_id": "889522107058577408"}, "tweet_id": "1225105834289446913"}, {"license": "gnip", "citation_ids": [75023403], "author": {"tweeter_id": "1181952938266304512"}, "tweet_id": "1225106475690987520"}, {"license": "gnip", "citation_ids": [75023403], "author": {"tweeter_id": "922895694519767041"}, "tweet_id": "1225107005972545536"}, {"license": "gnip", "citation_ids": [75023403], "author": {"tweeter_id": "877672927751229444"}, "tweet_id": "1225107200441552896"}, {"license": "gnip", "citation_ids": [75023403], "author": {"tweeter_id": "292133431"}, "tweet_id": "1225107715694837760"}, {"license": "gnip", "citation_ids": [75023403], "author": {"tweeter_id": "87252725"}, "tweet_id": "1225107835543003136"}, {"license": "gnip", "citation_ids": [75023403], "author": {"tweeter_id": "27379401"}, "tweet_id": "1225111324117676033"}, {"license": "gnip", "citation_ids": [75023403], "author": {"tweeter_id": "1132402733045100544"}, "tweet_id": "1225113461480357888"}, {"license": "gnip", "citation_ids": [75023403], "author": {"tweeter_id": "3254778469"}, "tweet_id": "1225116382913675265"}, {"license": "gnip", "citation_ids": [75023403], "author": {"tweeter_id": "1163076105013813248"}, "tweet_id": "1225119297535692801"}, {"license": "gnip", "citation_ids": [75023403], "author": {"tweeter_id": "822668168493576192"}, "tweet_id": "1225120439237636098"}, {"license": "gnip", "citation_ids": [75023403], "author": {"tweeter_id": "835603125209808896"}, "tweet_id": "1225121629333872640"}, {"license": "gnip", "citation_ids": [75023403], "author": {"tweeter_id": "415572541"}, "tweet_id": "1225123783608098816"}, {"license": "gnip", "citation_ids": [75023403], "author": {"tweeter_id": "2506105998"}, "tweet_id": "1225128214403715073"}, {"license": "gnip", "citation_ids": [75023403], "author": {"tweeter_id": "482940372"}, "tweet_id": "1225130796081729541"}, {"license": "gnip", "citation_ids": [75023403], "author": {"tweeter_id": "1400514948"}, "tweet_id": "1225131362828591105"}, {"license": "gnip", "citation_ids": [75023403], "author": {"tweeter_id": "1024775399736311808"}, "tweet_id": "1225135551491252236"}, {"license": "gnip", "citation_ids": [75023403], "author": {"tweeter_id": "482970785"}, "tweet_id": "1225136101938974720"}, {"license": "gnip", "citation_ids": [75023403], "author": {"tweeter_id": "711267839"}, "tweet_id": "1225137687163736065"}, {"license": "gnip", "citation_ids": [75023403], "author": {"tweeter_id": "187022370"}, "tweet_id": "1225146988762750977"}, {"license": "gnip", "citation_ids": [75023403], "author": {"tweeter_id": "261430052"}, "tweet_id": "1225147667682119680"}, {"license": "gnip", "citation_ids": [75023403], "author": {"tweeter_id": "853619769819508736"}, "tweet_id": "1225151169028333568"}, {"license": "gnip", "citation_ids": [75023403], "author": {"tweeter_id": "949672435690934274"}, "tweet_id": "1225154003736125441"}, {"license": "gnip", "citation_ids": [75023403], "author": {"tweeter_id": "866366030389665793"}, "tweet_id": "1225155956478222338"}, {"license": "gnip", "citation_ids": [75023403], "author": {"tweeter_id": "2840811923"}, "tweet_id": "1225164207370444801"}, {"license": "gnip", "citation_ids": [75023403], "author": {"tweeter_id": "727559243419668480"}, "tweet_id": "1225165854960242693"}, {"license": "gnip", "citation_ids": [75023403], "author": {"tweeter_id": "822832816488665088"}, "tweet_id": "1225166227959578624"}, {"license": "gnip", "citation_ids": [75023403], "author": {"tweeter_id": "3248410062"}, "tweet_id": "1225175497878859776"}, {"license": "gnip", "citation_ids": [75023403], "author": {"tweeter_id": "1108483445745963010"}, "tweet_id": "1225175982635651072"}, {"license": "gnip", "citation_ids": [75023403], "author": {"tweeter_id": "1057444065682305024"}, "tweet_id": "1225177530820366339"}, {"license": "gnip", "citation_ids": [75023403], "author": {"tweeter_id": "26900055"}, "tweet_id": "1225191079957450752"}, {"license": "gnip", "citation_ids": [75023403], "author": {"tweeter_id": "1026009336462462976"}, "tweet_id": "1225195764902576128"}, {"license": "gnip", "citation_ids": [75023403], "author": {"tweeter_id": "3310992840"}, "tweet_id": "1225197258465062914"}, {"license": "gnip", "citation_ids": [75023403], "author": {"tweeter_id": "1170857958785392640"}, "tweet_id": "1225206039412387841"}, {"license": "gnip", "citation_ids": [75023403], "author": {"tweeter_id": "922710167581536257"}, "tweet_id": "1225207221296025600"}, {"license": "gnip", "citation_ids": [75023403], "author": {"tweeter_id": "892120710667264001"}, "tweet_id": "1225209086318436352"}, {"license": "gnip", "citation_ids": [75023403], "author": {"tweeter_id": "940832638490894336"}, "tweet_id": "1225209136712908800"}, {"license": "gnip", "citation_ids": [75023403], "author": {"tweeter_id": "57743980"}, "tweet_id": "1225209494680035328"}, {"license": "gnip", "citation_ids": [75023403], "author": {"tweeter_id": "3301052704"}, "tweet_id": "1225210426482360320"}, {"license": "gnip", "citation_ids": [75023403], "author": {"tweeter_id": "1424605753"}, "tweet_id": "1225218179686780928"}, {"license": "gnip", "citation_ids": [75023403], "author": {"tweeter_id": "1691781967"}, "tweet_id": "1225219853390241793"}, {"license": "gnip", "citation_ids": [75023403], "author": {"tweeter_id": "903211979283865600"}, "tweet_id": "1225219984185491456"}, {"license": "gnip", "citation_ids": [75023403], "author": {"tweeter_id": "729389585445363713"}, "tweet_id": "1225248028954701827"}, {"license": "gnip", "citation_ids": [75023403], "author": {"tweeter_id": "896041252583612417"}, "tweet_id": "1225249983282262016"}, {"license": "gnip", "citation_ids": [75023403], "author": {"tweeter_id": "720896695"}, "tweet_id": "1225262422920957952"}, {"license": "gnip", "citation_ids": [75023403], "author": {"tweeter_id": "859592034"}, "tweet_id": "1225276239574917121"}, {"license": "gnip", "citation_ids": [75023403], "author": {"tweeter_id": "948464246064427008"}, "tweet_id": "1225279334388158464"}, {"license": "gnip", "citation_ids": [75023403], "author": {"tweeter_id": "1221995649308061698"}, "tweet_id": "1225281216296804353"}, {"license": "gnip", "citation_ids": [75023403], "author": {"tweeter_id": "2219039905"}, "tweet_id": "1225330125841010689"}, {"license": "gnip", "citation_ids": [75023403], "author": {"tweeter_id": "2673444552"}, "tweet_id": "1225332364613537793"}, {"license": "gnip", "citation_ids": [75023403], "author": {"tweeter_id": "470468291"}, "tweet_id": "1225344535083048960"}, {"license": "gnip", "citation_ids": [75023403], "author": {"tweeter_id": "5604102"}, "tweet_id": "1225381552722309120"}, {"license": "gnip", "citation_ids": [75023403], "author": {"tweeter_id": "1185019073354178560"}, "tweet_id": "1225383692891279361"}, {"license": "gnip", "citation_ids": [75023403], "author": {"tweeter_id": "4651539972"}, "tweet_id": "1225432476295651328"}, {"license": "gnip", "citation_ids": [75023403], "author": {"tweeter_id": "262800088"}, "tweet_id": "1225440765666562053"}, {"license": "gnip", "citation_ids": [75023403], "author": {"tweeter_id": "39501483"}, "tweet_id": "1225467657236996097"}, {"license": "gnip", "citation_ids": [75023403], "author": {"tweeter_id": "1196616648095961089"}, "tweet_id": "1225489830773166082"}, {"license": "gnip", "citation_ids": [75023403], "author": {"tweeter_id": "1083515908285517829"}, "tweet_id": "1225500985256181762"}, {"license": "gnip", "citation_ids": [75023403], "author": {"tweeter_id": "1546656000"}, "tweet_id": "1225525332062720000"}, {"license": "gnip", "citation_ids": [75023403], "author": {"tweeter_id": "2255031920"}, "tweet_id": "1225532287921643520"}, {"license": "gnip", "citation_ids": [75023403], "author": {"tweeter_id": "4184152827"}, "tweet_id": "1225586491365171200"}, {"license": "gnip", "citation_ids": [75023403], "author": {"tweeter_id": "800424769128517632"}, "tweet_id": "1225596476824444928"}, {"license": "gnip", "citation_ids": [75023403], "author": {"tweeter_id": "1167482332477034496"}, "tweet_id": "1226145185207332866"}, {"license": "gnip", "citation_ids": [75023403], "author": {"tweeter_id": "114439583"}, "tweet_id": "1226163063755354113"}, {"license": "gnip", "citation_ids": [75023403], "author": {"tweeter_id": "1221099378623930368"}, "tweet_id": "1226164822019985409"}, {"license": "gnip", "citation_ids": [75023403], "author": {"tweeter_id": "2710315887"}, "tweet_id": "1226288092010754048"}, {"license": "gnip", "citation_ids": [75023403], "author": {"tweeter_id": "1202276791"}, "tweet_id": "1226968223926693890"}, {"license": "gnip", "citation_ids": [75023403], "author": {"tweeter_id": "550406497"}, "tweet_id": "1227244227798667271"}, {"license": "gnip", "citation_ids": [75023403], "author": {"tweeter_id": "1185019073354178560"}, "tweet_id": "1227305466281283585"}, {"license": "gnip", "citation_ids": [75023403], "author": {"tweeter_id": "3309829364"}, "tweet_id": "1227308068251238406"}, {"license": "gnip", "citation_ids": [75023403], "author": {"tweeter_id": "2951793429"}, "tweet_id": "1227308496447774720"}, {"license": "gnip", "citation_ids": [75023403], "author": {"tweeter_id": "76028175"}, "tweet_id": "1227326597792980992"}, {"license": "gnip", "citation_ids": [75023403], "author": {"tweeter_id": "47957420"}, "tweet_id": "1227859000315785216"}, {"license": "gnip", "citation_ids": [75023403], "author": {"tweeter_id": "42043599"}, "tweet_id": "1227928198765334529"}, {"license": "gnip", "citation_ids": [75023403], "author": {"tweeter_id": "50227920"}, "tweet_id": "1227928893564190722"}, {"license": "gnip", "citation_ids": [75023403], "author": {"tweeter_id": "54471633"}, "tweet_id": "1227950813110079488"}, {"license": "gnip", "citation_ids": [75023403], "author": {"tweeter_id": "299094578"}, "tweet_id": "1227951056098754560"}, {"license": "gnip", "citation_ids": [75023403], "author": {"tweeter_id": "47957420"}, "tweet_id": "1228133215443070976"}, {"license": "gnip", "citation_ids": [75023403], "author": {"tweeter_id": "1211178183694794752"}, "tweet_id": "1228529586734018563"}, {"license": "gnip", "citation_ids": [75023403], "author": {"tweeter_id": "746715904352784384"}, "tweet_id": "1232415549323300864"}, {"license": "gnip", "citation_ids": [75023403], "author": {"tweeter_id": "947083919978930176"}, "tweet_id": "1232780127441952771"}, {"license": "gnip", "citation_ids": [75023403], "author": {"tweeter_id": "1935550303"}, "tweet_id": "1232780380362674184"}, {"license": "gnip", "citation_ids": [75023403], "author": {"tweeter_id": "37034840"}, "tweet_id": "1234308311463256064"}, {"license": "gnip", "citation_ids": [75023403], "author": {"tweeter_id": "1239315181882224640"}, "tweet_id": "1239937296150847489"}, {"license": "gnip", "citation_ids": [75023403], "author": {"tweeter_id": "275162558"}, "tweet_id": "1239938514625736704"}, {"license": "gnip", "citation_ids": [75023403], "author": {"tweeter_id": "702038681"}, "tweet_id": "1240000685514637312"}], "news": [{"title": "AI Predicts Coronavirus Vulnerable to HIV\u2019s Atazanavir", "url": "http://ct.moreover.com/?a=41305011952&p=1pl&v=1&x=BnS_evY5x1osbfzMPfnDfA", "license": "public", "citation_ids": [74464078, 75023403, 74986800], "posted_on": "2020-02-05T13:00:14+00:00", "summary": "The number of people infected with the novel coronavirus from Wuhan, China (2019-nCoV) has been rising steadily, with the latest reported number of cases surpassing 20,000 (at least)\u2014far exceeding the toll of the 2003 SARS epidemic.", "author": {"name": "GEN", "url": "http://www.genengnews.com/", "image": "https://s3.amazonaws.com/weyland.altmetric.com/news_sources/logos/000/000/677/normal/Screen_Shot_2015-01-26_at_11.35.01.png?1422272113"}}, {"title": "Coronavirus: Gilead\u2019s Remdesivir Begins Trials as Researchers Publish Positive In Vitro\u2026", "url": "http://ct.moreover.com/?a=41314435971&p=1pl&v=1&x=KRWiZcRxP0SI5JoEWA8XOQ", "license": "public", "citation_ids": [74994602, 74801601, 75023403], "posted_on": "2020-02-05T17:52:56+00:00", "summary": "Clinical trials of Gilead Sciences\u2019 remdesivir have begun in Wuhan, China, the center of the novel coronavirus outbreak, a day after Chinese researchers recommended that the antiviral drug candidate remdesivir be assessed in humans as a potential\u2026", "author": {"name": "GEN", "url": "http://www.genengnews.com/", "image": "https://s3.amazonaws.com/weyland.altmetric.com/news_sources/logos/000/000/677/normal/Screen_Shot_2015-01-26_at_11.35.01.png?1422272113"}}, {"title": "Scientists are identifying potential treatments for coronavirus via artificial intelligence", "url": "http://ct.moreover.com/?a=41325739388&p=1pl&v=1&x=bkeC2lzWREXRQVfgHGtCbg", "license": "public", "citation_ids": [75023403, 74993823], "posted_on": "2020-02-07T18:40:00+00:00", "summary": "To battle the novel coronavirus that\u2019s been linked to Wuhan, China, researchers are using artificial intelligence to discover potential treatments, including already-approved drugs and completely new compounds.", "author": {"name": "Vox.com", "url": "http://www.vox.com/", "image": "https://s3.amazonaws.com/weyland.altmetric.com/news_sources/logos/000/001/106/normal/Screen_Shot_2014-08-06_at_12.35.44.png?1407324987"}}], "facebook": [{"title": "Predicting commercially available antiviral drugs that may act on the novel coronavirus (2019-nCoV), Wuhan, China through a drug-target interaction deep learning model", "url": "https://www.facebook.com/permalink.php?story_fbid=1315009175367657&id=225137604354825", "license": "public", "citation_ids": [75023403], "posted_on": "2020-02-22T13:23:49+00:00", "summary": "https://www.biorxiv.org/content/10.1101/2020.01.31.929547v1", "author": {"name": "Digital Biopharm", "url": "https://www.facebook.com/225137604354825", "facebook_wall_name": "Digital Biopharm", "image": "https://graph.facebook.com/225137604354825/picture", "id_on_source": "225137604354825"}}], "blogs": [{"title": "Review: Deep Learning In Drug Discovery", "url": "https://towardsdatascience.com/review-deep-learning-in-drug-discovery-f4c89e3321e1?source=rss----7f60cf5620c9---4", "license": "public", "citation_ids": [19652231, 61433948, 45539999, 18728251, 75023403, 12552886, 17067553, 16185686, 24867876, 33181085, 65797801, 67135048, 62003851], "posted_on": "2020-02-25T18:30:40+00:00", "summary": "Deep learning algorithms have achieved state of the art performance in a lot of different tasks.Continue reading on Towards Data Science \u00bb", "author": {"name": "towards data science", "url": "https://towardsdatascience.com"}}]}, "score": 128.73, "images": {"small": "https://badges.altmetric.com/?size=64&score=129&types=mbtttttf", "medium": "https://badges.altmetric.com/?size=100&score=129&types=mbtttttf", "large": "https://badges.altmetric.com/?size=180&score=129&types=mbtttttf"}}