{"altmetric_id": 76366619, "counts": {"readers": {"mendeley": 0, "citeulike": 0, "connotea": 0}, "facebook": {"unique_users_count": 1, "unique_users": ["92777318461"], "posts_count": 1}, "news": {"unique_users_count": 2, "unique_users": ["medpage_today", "hvg_hu"], "posts_count": 2}, "total": {"posts_count": 495}, "reddit": {"unique_users_count": 2, "unique_users": ["burtzev", "redlollipop"], "posts_count": 5}, "twitter": {"unique_users_count": 437, "posts_count": 486}, "video": {"unique_users_count": 1, "unique_users": ["Bits of Biology"], "posts_count": 1}}, "citation": {"altmetric_jid": "4f6fa50e3cf058f6100031c4", "authors": ["Lipsitch, Marc", "Swerdlow, David L.", "Finelli, Lyn"], "doi": "10.1056/nejmp2002125", "first_seen_on": "2020-02-19T22:50:42+00:00", "issns": ["0028-4793", "1533-4406"], "journal": "New England Journal of Medicine", "last_mentioned_on": 1584466557, "links": ["https://www.nejm.org/doi/full/10.1056/NEJMp2002125", "https://www.nejm.org/doi/full/10.1056/NEJMp2002125?query=featured_home", "https://www.nejm.org/doi/pdf/10.1056/NEJMp2002125?articleTools=true", "https://www.nejm.org/doi/full/10.1056/NEJMp2002125?query=TOC", "https://www.nejm.org/doi/full/10.1056/NEJMp2002125?query=TOC#.Xk3hD_M4xuo.twitter", "https://www.nejm.org/doi/full/10.1056/NEJMp2002125?query=TOC#.Xk3iWn5HaYE.twitter", "https://www.nejm.org/doi/full/10.1056/NEJMp2002125?query=TOC#.Xk3vi9CqTcE.twitter", "https://www.nejm.org/doi/full/10.1056/NEJMp2002125#.Xk30UY5oqL8.twitter", "https://www.nejm.org/doi/full/10.1056/NEJMp2002125#.Xk3vxQrh808.twitter", "https://www.nejm.org/doi/full/10.1056/NEJMp2002125?query=featured_home&utm_source=dlvr.it&utm_medium=twitter", "https://www.nejm.org/doi/full/10.1056/NEJMp2002125?query=TOC#.Xk45X2HEyJ8.twitter", "https://www.nejm.org/doi/full/10.1056/NEJMp2002125?af=R&rss=currentIssue&utm_source=dlvr.it&utm_medium=twitter", "https://www.nejm.org/doi/full/10.1056/NEJMp2002125?af=R&rss=currentIssue", "https://www.nejm.org/doi/full/10.1056/NEJMp2002125?query=TOC#.Xk6MwivCsVI.twitter", "https://www.nejm.org/doi/full/10.1056/NEJMp2002125#.Xk6Q8v6DFJU.twitter", "https://www.nejm.org/doi/full/10.1056/NEJMp2002125?query=TOC#.Xk7A7v-9RDM.twitter", "https://www.nejm.org/doi/full/10.1056/NEJMp2002125?query=featured_home#.Xk7LEJYTCds.twitter", "https://www.nejm.org/doi/full/10.1056/NEJMp2002125?query=TOC#.Xk7M5PJXfJc.twitter", "https://www.nejm.org/doi/full/10.1056/NEJMp2002125#.Xk85QWwD6uM.twitter", "https://www.nejm.org/doi/full/10.1056/NEJMp2002125?query=TOC#.Xk9zIJWWyeQ.twitter", "https://www.nejm.org/doi/full/10.1056/NEJMp2002125?query=TOC#.Xk-4HPo8wMk.twitter", "https://www.nejm.org/doi/full/10.1056/NEJMp2002125?query=featured_home#.Xk_a7b8l79o.twitter", "https://www.ncbi.nlm.nih.gov/pubmed/32074416", "https://www.nejm.org/doi/full/10.1056/NEJMp2002125?query=TOC&utm_source=dlvr.it&utm_medium=twitter#.Xk-4HPo8wMk.twitter", "https://www.nejm.org/doi/full/10.1056/NEJMp2002125?query=TOC&utm_source=dlvr.it&utm_medium=twitter#.XlDo6vFPFoR.twitter", "https://www.nejm.org/doi/full/10.1056/NEJMp2002125?query=TOC#.XlEdLzqjFfk.twitter", "http://www.nejm.org/doi/full/10.1056/NEJMp2002125", "https://www.nejm.org/doi/full/10.1056/NEJMp2002125#.XlFLJSjcJ30.twitter", "https://www.nejm.org/doi/full/10.1056/NEJMp2002125#.XlFLl7QO99M.twitter", "https://www.nejm.org/doi/full/10.1056/NEJMp2002125?url_ver=Z39.88-2003&rfr_id=ori%3Arid%3Acrossref.org&rfr_dat=cr_pub%3Dpubmed#.XlFY8M3cmAU.twitter", "https://www.nejm.org/doi/full/10.1056/NEJMp2002125?query=featured_home&utm_source=phplist1415&utm_medium=email&utm_content=HTML&utm_campaign=Cronache+della+ricerca+%23127#.XlFo1tYO0gk.twitter", "https://www.nejm.org/doi/full/10.1056/NEJMp2002125?query=TOC#.XlGF99aehUg.twitter", "https://www.nejm.org/doi/full/10.1056/NEJMp2002125?query=TOC#.XlJ4y2Jwi_w.twitter", "https://www.nejm.org/doi/full/10.1056/NEJMp2002125?url_ver=Z39.88-2003&rfr_id=ori%3Arid%3Acrossref.org&rfr_dat=cr_pub%3Dpubmed#.XlKvzkgJ4E1.twitter", "https://www.nejm.org/doi/full/10.1056/NEJMp2002125?url_ver=Z39.88-2003&rfr_id=ori%3Arid%3Acrossref.org&rfr_dat=cr_pub%3Dpubmed#.XlLdKXM0ddd.twitter", "https://www.nejm.org/doi/full/10.1056/NEJMp2002125?url_ver=Z39.88-2003&rfr_id=ori%3Arid%3Acrossref.org&rfr_dat=cr_pub%3Dpubmed&utm_source=dlvr.it&utm_medium=twitter#.XlFY8M3cmAU.twitter", "https://www.nejm.org/doi/full/10.1056/NEJMp2002125?af=R&rss=currentIssue#.XlN4aCl3rZM.twitter", "https://www.nejm.org/doi/full/10.1056/NEJMp2002125?url_ver=Z39.88-2003&rfr_id=ori%3Arid%3Acrossref.org&rfr_dat=cr_pub%3Dpubmed#.XlPhGOE3tJY.twitter", "https://www.nejm.org/doi/full/10.1056/NEJMp2002125?query=featured_home#.XlR1CNCzXOI.twitter", "https://www.nejm.org/doi/full/10.1056/NEJMp2002125?query=featured_home#.XlR1rvMyD5c.twitter", "https://www.nejm.org/doi/full/10.1056/NEJMp2002125#article_references", "https://www.nejm.org/doi/full/10.1056/NEJMp2002125?query=featured_home&utm_source=phplist1415&utm_medium=email&utm_content=HTML&utm_campaign=Cronache+della+ricerca+%23127", "https://www.nejm.org/doi/full/10.1056/NEJMp2002125#.Xlc0nsyK5LY.twitter", "https://www.nejm.org/doi/full/10.1056/NEJMp2002125#.XlhuCPUK-oY.twitter", "https://www.nejm.org/doi/full/10.1056/NEJMp2002125#.XllPxTDHTuY.twitter", "https://www.nejm.org/doi/full/10.1056/NEJMp2002125?url_ver=Z39.88-2003&rfr_id=ori%3Arid%3Acrossref.org&rfr_dat=cr_pub++0pubmed", "https://www.nejm.org/doi/full/10.1056/NEJMp2002125?query=TOC#.Xl07BG73fB0.twitter", "https://www.nejm.org/doi/10.1056/NEJMp2002125", "https://www.nejm.org/doi/full/10.1056/NEJMp2002125?url_ver=Z39.88-2003&rfr_id=ori%3Arid%3Acrossref.org&rfr_dat=cr_pub%3Dpubmed", "https://www.nejm.org/doi/full/10.1056/NEJMp2002125#.Xm9CEIIsd5c.twitter", "https://www.nejm.org/doi/full/10.1056/NEJMp2002125#.XnEJbqJEz8Q.twitter"], "pmid": "32074416", "epubdate": "2020-02-19T00:00:00+00:00", "publisher": "Massachusetts Medical Society", "publisher_subjects": [{"name": "Medical And Health Sciences", "scheme": "era"}], "scopus_subjects": ["Medicine", "Health Sciences"], "title": "Defining the Epidemiology of Covid-19 \u2014 Studies Needed", "type": "article"}, "altmetric_score": {"score": 329.55, "score_history": {"1y": 329.55, "6m": 329.55, "3m": 329.55, "1m": 329.55, "1w": 8.25, "6d": 4.85, "5d": 4.85, "4d": 4.85, "3d": 4, "2d": 3, "1d": 1, "at": 329.55}, "context_for_score": {"all": {"total_number_of_other_articles": 14515758, "mean": 8.4681653910193, "rank": 39666, "this_scored_higher_than_pct": 99, "this_scored_higher_than": 14476124, "rank_type": "exact", "sample_size": 14515758, "percentile": 99}, "similar_age_3m": {"total_number_of_other_articles": 168565, "mean": 14.505392776631, "rank": 916, "this_scored_higher_than_pct": 99, "this_scored_higher_than": 167649, "rank_type": "exact", "sample_size": 168565, "percentile": 99}, "this_journal": {"total_number_of_other_articles": 26209, "mean": 69.044409264347, "rank": 1304, "this_scored_higher_than_pct": 95, "this_scored_higher_than": 24905, "rank_type": "exact", "sample_size": 26209, "percentile": 95}, "similar_age_this_journal_3m": {"total_number_of_other_articles": 177, "mean": 167.10910227273, "rank": 21, "this_scored_higher_than_pct": 88, "this_scored_higher_than": 156, "rank_type": "exact", "sample_size": 177, "percentile": 88}}}, "demographics": {"poster_types": {"member_of_the_public": 330, "researcher": 60, "practitioner": 37, "science_communicator": 10}, "users": {"twitter": {"cohorts": {"Members of the public": 331, "Practitioners (doctors, other healthcare professionals)": 37, "Scientists": 59, "Science communicators (journalists, bloggers, editors)": 10}}}, "geo": {"twitter": {"US": 85, "IT": 7, "MX": 6, "AU": 8, "PE": 3, "CA": 5, "LU": 2, "JP": 25, "IL": 2, "ES": 13, "GB": 17, "NO": 1, "FR": 6, "NG": 1, "PL": 2, "SG": 2, "SV": 1, "AT": 1, "CO": 9, "CH": 6, "EC": 4, "TR": 1, "ZA": 1, "UA": 1, "CR": 1, "VE": 1, "CL": 1, "VN": 1, "DE": 5, "PG": 1, "SM": 1, "RU": 1, "IN": 7, "TZ": 1, "KR": 1, "NL": 1, "SO": 1, "CI": 1, "ID": 1, "HK": 1, "JM": 1, "TH": 1, "CN": 1, "MD": 1, "FI": 1, "AR": 1}}}, "posts": {"twitter": [{"license": "gnip", "citation_ids": [76366619], "author": {"tweeter_id": "204748499"}, "tweet_id": "1230261007987171328"}, {"license": "gnip", "citation_ids": [76366619], "author": {"tweeter_id": "998905434001084416"}, "tweet_id": "1230264158823866374"}, {"license": "gnip", "citation_ids": [76366619], "author": {"tweeter_id": "774222709"}, "tweet_id": "1230265897014747138"}, {"license": "gnip", "citation_ids": [76366619], "author": {"tweeter_id": "75937326"}, "tweet_id": "1230265927700230145"}, {"license": "gnip", "citation_ids": [76366619], "author": {"tweeter_id": "1225034158977769472"}, "tweet_id": "1230267061395509249"}, {"license": "gnip", "citation_ids": [76366619], "author": {"tweeter_id": "41841330"}, "tweet_id": "1230267213287915522"}, {"license": "gnip", "citation_ids": [76366619], "author": {"tweeter_id": "21851017"}, "tweet_id": "1230267342938091522"}, {"license": "gnip", "citation_ids": [76366619], "author": {"tweeter_id": "20511717"}, "tweet_id": "1230269593865850881"}, {"license": "gnip", "citation_ids": [76366619], "author": {"tweeter_id": "1044491097660174336"}, "tweet_id": "1230269725801885696"}, {"license": "gnip", "citation_ids": [76366619], "author": {"tweeter_id": "316832974"}, "tweet_id": "1230269729476136967"}, {"license": "gnip", "citation_ids": [76366619], "author": {"tweeter_id": "1225565621028638721"}, "tweet_id": "1230271103848910854"}, {"license": "gnip", "citation_ids": [76366619], "author": {"tweeter_id": "19518810"}, "tweet_id": "1230273822764490754"}, {"license": "gnip", "citation_ids": [76366619], "author": {"tweeter_id": "439321373"}, "tweet_id": "1230274537708752896"}, {"license": "gnip", "citation_ids": [76366619], "author": {"tweeter_id": "32700959"}, "tweet_id": "1230274704147128320"}, {"license": "gnip", "citation_ids": [76366619], "author": {"tweeter_id": "1223500902629167106"}, "tweet_id": "1230274979863789568"}, {"license": "gnip", "citation_ids": [76366619], "author": {"tweeter_id": "136723440"}, "tweet_id": "1230275109413441543"}, {"license": "gnip", "citation_ids": [76366619], "author": {"tweeter_id": "1221121003465646080"}, "tweet_id": "1230283386327097349"}, {"license": "gnip", "citation_ids": [76366619], "author": {"tweeter_id": "84071044"}, "tweet_id": "1230283846828118016"}, {"license": "gnip", "citation_ids": [76366619], "author": {"tweeter_id": "2970435694"}, "tweet_id": "1230288262763294720"}, {"license": "gnip", "citation_ids": [76366619], "author": {"tweeter_id": "1176852676530696193"}, "tweet_id": "1230288923357782016"}, {"license": "gnip", "citation_ids": [76366619], "author": {"tweeter_id": "1007373774537265152"}, "tweet_id": "1230290439191846913"}, {"license": "gnip", "citation_ids": [76366619], "author": {"tweeter_id": "2332368062"}, "tweet_id": "1230291531489325058"}, {"license": "gnip", "citation_ids": [76366619], "author": {"tweeter_id": "944940809056595968"}, "tweet_id": "1230292438557872133"}, {"license": "gnip", "citation_ids": [76366619], "author": {"tweeter_id": "36051159"}, "tweet_id": "1230296135291539461"}, {"license": "gnip", "citation_ids": [76366619], "author": {"tweeter_id": "114242503"}, "tweet_id": "1230299402759069697"}, {"license": "gnip", "citation_ids": [76366619], "author": {"tweeter_id": "889035664779509760"}, "tweet_id": "1230299504747962373"}, {"license": "gnip", "citation_ids": [76366619], "author": {"tweeter_id": "3134349215"}, "tweet_id": "1230299860638871553"}, {"license": "gnip", "citation_ids": [76366619], "author": {"tweeter_id": "75937326"}, "tweet_id": "1230300553328168961"}, {"license": "gnip", "citation_ids": [76366619], "author": {"tweeter_id": "1582486734"}, "tweet_id": "1230300754822352896"}, {"license": "gnip", "citation_ids": [76366619], "author": {"tweeter_id": "727345238503768064"}, "tweet_id": "1230301647982776326"}, {"license": "gnip", "citation_ids": [76366619], "author": {"tweeter_id": "49136122"}, "tweet_id": "1230301874793992194"}, {"license": "gnip", "citation_ids": [76366619], "author": {"tweeter_id": "495815075"}, "tweet_id": "1230302663369089025"}, {"license": "gnip", "citation_ids": [76366619], "author": {"tweeter_id": "989641762330341376"}, "tweet_id": "1230303053263310848"}, {"license": "gnip", "citation_ids": [76366619], "author": {"tweeter_id": "1216430637927882752"}, "tweet_id": "1230303685575614467"}, {"license": "gnip", "citation_ids": [76366619], "author": {"tweeter_id": "1056576755928989698"}, "tweet_id": "1230303713715056640"}, {"license": "gnip", "citation_ids": [76366619], "author": {"tweeter_id": "133251329"}, "tweet_id": "1230305044723044353"}, {"license": "gnip", "citation_ids": [76366619], "author": {"tweeter_id": "1218324988966531072"}, "tweet_id": "1230306162697850880"}, {"license": "gnip", "citation_ids": [76366619], "author": {"tweeter_id": "1039532847059673088"}, "tweet_id": "1230306288359309312"}, {"license": "gnip", "citation_ids": [76366619], "author": {"tweeter_id": "246590464"}, "tweet_id": "1230306770318503936"}, {"license": "gnip", "citation_ids": [76366619], "author": {"tweeter_id": "2713172484"}, "tweet_id": "1230307403234627584"}, {"license": "gnip", "citation_ids": [76366619], "author": {"tweeter_id": "35550666"}, "tweet_id": "1230307583170211840"}, {"license": "gnip", "citation_ids": [76366619], "author": {"tweeter_id": "28053812"}, "tweet_id": "1230307585628262400"}, {"license": "gnip", "citation_ids": [76366619], "author": {"tweeter_id": "189434508"}, "tweet_id": "1230308622447435777"}, {"license": "gnip", "citation_ids": [76366619], "author": {"tweeter_id": "2895414879"}, "tweet_id": "1230308731294027776"}, {"license": "gnip", "citation_ids": [76366619], "author": {"tweeter_id": "3391819893"}, "tweet_id": "1230309841954013184"}, {"license": "gnip", "citation_ids": [76366619], "author": {"tweeter_id": "937514614102810624"}, "tweet_id": "1230310347183153152"}, {"license": "gnip", "citation_ids": [76366619], "author": {"tweeter_id": "1107319550809268224"}, "tweet_id": "1230312615231934465"}, {"license": "gnip", "citation_ids": [76366619], "author": {"tweeter_id": "2771424005"}, "tweet_id": "1230313256738336768"}, {"license": "gnip", "citation_ids": [76366619], "author": {"tweeter_id": "1175633919393312768"}, "tweet_id": "1230315236864987136"}, {"license": "gnip", "citation_ids": [76366619], "author": {"tweeter_id": "21184460"}, "tweet_id": "1230316686571720704"}, {"license": "gnip", "citation_ids": [76366619], "author": {"tweeter_id": "532063345"}, "tweet_id": "1230317197995782144"}, {"license": "gnip", "citation_ids": [76366619], "author": {"tweeter_id": "841868318025895938"}, "tweet_id": "1230317797340782593"}, {"license": "gnip", "citation_ids": [76366619], "author": {"tweeter_id": "1217138258100047873"}, "tweet_id": "1230317955050885120"}, {"license": "gnip", "citation_ids": [76366619], "author": {"tweeter_id": "291987232"}, "tweet_id": "1230319083997949952"}, {"license": "gnip", "citation_ids": [76366619], "author": {"tweeter_id": "2890773471"}, "tweet_id": "1230319094890717184"}, {"license": "gnip", "citation_ids": [76366619], "author": {"tweeter_id": "1222133856469504000"}, "tweet_id": "1230319849261457416"}, {"license": "gnip", "citation_ids": [76366619], "author": {"tweeter_id": "3253585217"}, "tweet_id": "1230320910382649345"}, {"license": "gnip", "citation_ids": [76366619], "author": {"tweeter_id": "948174042720342016"}, "tweet_id": "1230322589941276672"}, {"license": "gnip", "citation_ids": [76366619], "author": {"tweeter_id": "227429355"}, "tweet_id": "1230323913474945024"}, {"license": "gnip", "citation_ids": [76366619], "author": {"tweeter_id": "248884036"}, "tweet_id": "1230324194665279488"}, {"license": "gnip", "citation_ids": [76366619], "author": {"tweeter_id": "6501482"}, "tweet_id": "1230324210624585730"}, {"license": "gnip", "citation_ids": [76366619], "author": {"tweeter_id": "733257584052862977"}, "tweet_id": "1230325023115628544"}, {"license": "gnip", "citation_ids": [76366619], "author": {"tweeter_id": "879086253945364483"}, "tweet_id": "1230325401496498177"}, {"license": "gnip", "citation_ids": [76366619], "author": {"tweeter_id": "737284298965913600"}, "tweet_id": "1230325544421658624"}, {"license": "gnip", "citation_ids": [76366619], "author": {"tweeter_id": "110042750"}, "tweet_id": "1230325875154927616"}, {"license": "gnip", "citation_ids": [76366619], "author": {"tweeter_id": "538069163"}, "tweet_id": "1230325886353723393"}, {"license": "gnip", "citation_ids": [76366619], "author": {"tweeter_id": "52560313"}, "tweet_id": "1230326443978174464"}, {"license": "gnip", "citation_ids": [76366619], "author": {"tweeter_id": "2296940845"}, "tweet_id": "1230330878334685186"}, {"license": "gnip", "citation_ids": [76366619], "author": {"tweeter_id": "1227331299033198592"}, "tweet_id": "1230332149133430784"}, {"license": "gnip", "citation_ids": [76366619], "author": {"tweeter_id": "4693655024"}, "tweet_id": "1230332823447506945"}, {"license": "gnip", "citation_ids": [76366619], "author": {"tweeter_id": "14465282"}, "tweet_id": "1230333227396558848"}, {"license": "gnip", "citation_ids": [76366619], "author": {"tweeter_id": "1007386606217637888"}, "tweet_id": "1230339119647264769"}, {"license": "gnip", "citation_ids": [76366619], "author": {"tweeter_id": "720696522996846592"}, "tweet_id": "1230341532999409664"}, {"license": "gnip", "citation_ids": [76366619], "author": {"tweeter_id": "1172642431378108417"}, "tweet_id": "1230346087665487872"}, {"license": "gnip", "citation_ids": [76366619], "author": {"tweeter_id": "27689825"}, "tweet_id": "1230351165294043137"}, {"license": "gnip", "citation_ids": [76366619], "author": {"tweeter_id": "1094001620365574146"}, "tweet_id": "1230353695189143553"}, {"license": "gnip", "citation_ids": [76366619], "author": {"tweeter_id": "1181289726"}, "tweet_id": "1230354948774354944"}, {"license": "gnip", "citation_ids": [76366619], "author": {"tweeter_id": "18662542"}, "tweet_id": "1230360346373709824"}, {"license": "gnip", "citation_ids": [76366619], "author": {"tweeter_id": "1284521965"}, "tweet_id": "1230361173410885632"}, {"license": "gnip", "citation_ids": [76366619], "author": {"tweeter_id": "1218497166081241088"}, "tweet_id": "1230367932129124352"}, {"license": "gnip", "citation_ids": [76366619], "author": {"tweeter_id": "1225041169593389056"}, "tweet_id": "1230372661055934466"}, {"license": "gnip", "citation_ids": [76366619], "author": {"tweeter_id": "48668114"}, "tweet_id": "1230377605901246464"}, {"license": "gnip", "citation_ids": [76366619], "author": {"tweeter_id": "60826646"}, "tweet_id": "1230378567424466944"}, {"license": "gnip", "citation_ids": [76366619], "author": {"tweeter_id": "48668114"}, "tweet_id": "1230379687626596353"}, {"license": "gnip", "citation_ids": [76366619], "author": {"tweeter_id": "48668114"}, "tweet_id": "1230381058648158208"}, {"license": "gnip", "citation_ids": [76366619], "author": {"tweeter_id": "827773293058928640"}, "tweet_id": "1230381386957119488"}, {"license": "gnip", "citation_ids": [76366619], "author": {"tweeter_id": "1110032180237852672"}, "tweet_id": "1230381584315891713"}, {"license": "gnip", "citation_ids": [76366619], "author": {"tweeter_id": "704257242858708992"}, "tweet_id": "1230387716094857218"}, {"license": "gnip", "citation_ids": [76366619], "author": {"tweeter_id": "2560397342"}, "tweet_id": "1230387858873016320"}, {"license": "gnip", "citation_ids": [76366619], "author": {"tweeter_id": "1229416238998310913"}, "tweet_id": "1230388133679828992"}, {"license": "gnip", "citation_ids": [76366619], "author": {"tweeter_id": "40230508"}, "tweet_id": "1230390703487934464"}, {"license": "gnip", "citation_ids": [76366619], "author": {"tweeter_id": "272515214"}, "tweet_id": "1230390833729482755"}, {"license": "gnip", "citation_ids": [76366619], "author": {"tweeter_id": "735762862296072192"}, "tweet_id": "1230391593825382400"}, {"license": "gnip", "citation_ids": [76366619], "author": {"tweeter_id": "2591058223"}, "tweet_id": "1230391814735220737"}, {"license": "gnip", "citation_ids": [76366619], "author": {"tweeter_id": "1292390094"}, "tweet_id": "1230394166858919936"}, {"license": "gnip", "citation_ids": [76366619], "author": {"tweeter_id": "1214232500664295424"}, "tweet_id": "1230396687731937280"}, {"license": "gnip", "citation_ids": [76366619], "author": {"tweeter_id": "1218497166081241088"}, "tweet_id": "1230397312905760768"}, {"license": "gnip", "citation_ids": [76366619], "author": {"tweeter_id": "707162426387664896"}, "tweet_id": "1230398449297874944"}, {"license": "gnip", "citation_ids": [76366619], "author": {"tweeter_id": "106856565"}, "tweet_id": "1230400140453785603"}, {"license": "gnip", "citation_ids": [76366619], "author": {"tweeter_id": "2885315577"}, "tweet_id": "1230402851660124161"}, {"license": "gnip", "citation_ids": [76366619], "author": {"tweeter_id": "247161834"}, "tweet_id": "1230405019377139713"}, {"license": "gnip", "citation_ids": [76366619], "author": {"tweeter_id": "20511717"}, "tweet_id": "1230406777021386752"}, {"license": "gnip", "citation_ids": [76366619], "author": {"tweeter_id": "2884227712"}, "tweet_id": "1230407823042981890"}, {"license": "gnip", "citation_ids": [76366619], "author": {"tweeter_id": "2826292747"}, "tweet_id": "1230408947737223169"}, {"license": "gnip", "citation_ids": [76366619], "author": {"tweeter_id": "3168092856"}, "tweet_id": "1230409423907983361"}, {"license": "gnip", "citation_ids": [76366619], "author": {"tweeter_id": "819609803953737728"}, "tweet_id": "1230410572426088449"}, {"license": "gnip", "citation_ids": [76366619], "author": {"tweeter_id": "726906611101478913"}, "tweet_id": "1230412648442990592"}, {"license": "gnip", "citation_ids": [76366619], "author": {"tweeter_id": "1225553029577035777"}, "tweet_id": "1230417705406087168"}, {"license": "gnip", "citation_ids": [76366619], "author": {"tweeter_id": "267156262"}, "tweet_id": "1230418922089992194"}, {"license": "gnip", "citation_ids": [76366619], "author": {"tweeter_id": "436028418"}, "tweet_id": "1230419159944716290"}, {"license": "gnip", "citation_ids": [76366619], "author": {"tweeter_id": "566725493"}, "tweet_id": "1230420676315615234"}, {"license": "gnip", "citation_ids": [76366619], "author": {"tweeter_id": "1097515491730604032"}, "tweet_id": "1230421387845787649"}, {"license": "gnip", "citation_ids": [76366619], "author": {"tweeter_id": "3018215504"}, "tweet_id": "1230422239641772032"}, {"license": "gnip", "citation_ids": [76366619], "author": {"tweeter_id": "3697434814"}, "tweet_id": "1230422468000714752"}, {"license": "gnip", "citation_ids": [76366619], "author": {"tweeter_id": "764028028959588356"}, "tweet_id": "1230424643594596352"}, {"license": "gnip", "citation_ids": [76366619], "author": {"tweeter_id": "877362965715968002"}, "tweet_id": "1230426079812173824"}, {"license": "gnip", "citation_ids": [76366619], "author": {"tweeter_id": "726801029963108352"}, "tweet_id": "1230431406360289282"}, {"license": "gnip", "citation_ids": [76366619], "author": {"tweeter_id": "49003527"}, "tweet_id": "1230432474318168064"}, {"license": "gnip", "citation_ids": [76366619], "author": {"tweeter_id": "29080870"}, "tweet_id": "1230435652019220480"}, {"license": "gnip", "citation_ids": [76366619], "author": {"tweeter_id": "1147605472616374274"}, "tweet_id": "1230436325159055361"}, {"license": "gnip", "citation_ids": [76366619], "author": {"tweeter_id": "1065248071305457664"}, "tweet_id": "1230438446830718976"}, {"license": "gnip", "citation_ids": [76366619], "author": {"tweeter_id": "60153731"}, "tweet_id": "1230441039967793152"}, {"license": "gnip", "citation_ids": [76366619], "author": {"tweeter_id": "448185703"}, "tweet_id": "1230449334438813696"}, {"license": "gnip", "citation_ids": [76366619], "author": {"tweeter_id": "1097515491730604032"}, "tweet_id": "1230453311263911942"}, {"license": "gnip", "citation_ids": [76366619], "author": {"tweeter_id": "1196996362727899136"}, "tweet_id": "1230455106048417792"}, {"license": "gnip", "citation_ids": [76366619], "author": {"tweeter_id": "2149719578"}, "tweet_id": "1230455714172137479"}, {"license": "gnip", "citation_ids": [76366619], "author": {"tweeter_id": "1954293848"}, "tweet_id": "1230456381892956165"}, {"license": "gnip", "citation_ids": [76366619], "author": {"tweeter_id": "154619126"}, "tweet_id": "1230457378371440641"}, {"license": "gnip", "citation_ids": [76366619], "author": {"tweeter_id": "15786332"}, "tweet_id": "1230465065679302656"}, {"license": "gnip", "citation_ids": [76366619], "author": {"tweeter_id": "283127383"}, "tweet_id": "1230466632558010368"}, {"license": "gnip", "citation_ids": [76366619], "author": {"tweeter_id": "14061771"}, "tweet_id": "1230467432172720129"}, {"license": "gnip", "citation_ids": [76366619], "author": {"tweeter_id": "2375587322"}, "tweet_id": "1230468382593560577"}, {"license": "gnip", "citation_ids": [76366619], "author": {"tweeter_id": "200925366"}, "tweet_id": "1230468740258594817"}, {"license": "gnip", "citation_ids": [76366619], "author": {"tweeter_id": "1217981212553289729"}, "tweet_id": "1230470951093100545"}, {"license": "gnip", "citation_ids": [76366619], "author": {"tweeter_id": "221921977"}, "tweet_id": "1230474064680144902"}, {"license": "gnip", "citation_ids": [76366619], "author": {"tweeter_id": "1715437910"}, "tweet_id": "1230477304951984128"}, {"license": "gnip", "citation_ids": [76366619], "author": {"tweeter_id": "482684544"}, "tweet_id": "1230478572596420609"}, {"license": "gnip", "citation_ids": [76366619], "author": {"tweeter_id": "557784956"}, "tweet_id": "1230478603780935680"}, {"license": "gnip", "citation_ids": [76366619], "author": {"tweeter_id": "2260558993"}, "tweet_id": "1230479280703823872"}, {"license": "gnip", "citation_ids": [76366619], "author": {"tweeter_id": "216834539"}, "tweet_id": "1230479590952402944"}, {"license": "gnip", "citation_ids": [76366619], "author": {"tweeter_id": "24916542"}, "tweet_id": "1230483488379408385"}, {"license": "gnip", "citation_ids": [76366619], "author": {"tweeter_id": "1086997304"}, "tweet_id": "1230488199476236288"}, {"license": "gnip", "citation_ids": [76366619], "author": {"tweeter_id": "2512145188"}, "tweet_id": "1230492387778191360"}, {"license": "gnip", "citation_ids": [76366619], "author": {"tweeter_id": "3417865648"}, "tweet_id": "1230495672731865094"}, {"license": "gnip", "citation_ids": [76366619], "author": {"tweeter_id": "1005188226636754944"}, "tweet_id": "1230510428985286656"}, {"license": "gnip", "citation_ids": [76366619], "author": {"tweeter_id": "722338038"}, "tweet_id": "1230512486404759553"}, {"license": "gnip", "citation_ids": [76366619], "author": {"tweeter_id": "384572981"}, "tweet_id": "1230513689184362496"}, {"license": "gnip", "citation_ids": [76366619], "author": {"tweeter_id": "31340226"}, "tweet_id": "1230518176284213255"}, {"license": "gnip", "citation_ids": [76366619], "author": {"tweeter_id": "613002542"}, "tweet_id": "1230520950296399872"}, {"license": "gnip", "citation_ids": [76366619], "author": {"tweeter_id": "1224498414731304962"}, "tweet_id": "1230525888594432000"}, {"license": "gnip", "citation_ids": [76366619], "author": {"tweeter_id": "1711771585"}, "tweet_id": "1230527162253361158"}, {"license": "gnip", "citation_ids": [76366619], "author": {"tweeter_id": "805223388956553216"}, "tweet_id": "1230529573344960513"}, {"license": "gnip", "citation_ids": [76366619], "author": {"tweeter_id": "1428551821"}, "tweet_id": "1230529588360445952"}, {"license": "gnip", "citation_ids": [76366619], "author": {"tweeter_id": "1218324988966531072"}, "tweet_id": "1230536023894970369"}, {"license": "gnip", "citation_ids": [76366619], "author": {"tweeter_id": "1218324988966531072"}, "tweet_id": "1230536990887596032"}, {"license": "gnip", "citation_ids": [76366619], "author": {"tweeter_id": "42721534"}, "tweet_id": "1230537310992769024"}, {"license": "gnip", "citation_ids": [76366619], "author": {"tweeter_id": "1114478391137329153"}, "tweet_id": "1230537603268665344"}, {"license": "gnip", "citation_ids": [76366619], "author": {"tweeter_id": "91817792"}, "tweet_id": "1230537809045397504"}, {"license": "gnip", "citation_ids": [76366619], "author": {"tweeter_id": "1073332333749645314"}, "tweet_id": "1230541060843200512"}, {"license": "gnip", "citation_ids": [76366619], "author": {"tweeter_id": "752848176147726336"}, "tweet_id": "1230541774315302918"}, {"license": "gnip", "citation_ids": [76366619], "author": {"tweeter_id": "23041527"}, "tweet_id": "1230541984496017408"}, {"license": "gnip", "citation_ids": [76366619], "author": {"tweeter_id": "91341717"}, "tweet_id": "1230542948107984896"}, {"license": "gnip", "citation_ids": [76366619], "author": {"tweeter_id": "1115943940144762881"}, "tweet_id": "1230544073921982464"}, {"license": "gnip", "citation_ids": [76366619], "author": {"tweeter_id": "1043163243617898496"}, "tweet_id": "1230544085426925568"}, {"license": "gnip", "citation_ids": [76366619], "author": {"tweeter_id": "2373350760"}, "tweet_id": "1230545822682619904"}, {"license": "gnip", "citation_ids": [76366619], "author": {"tweeter_id": "94997151"}, "tweet_id": "1230547354295717894"}, {"license": "gnip", "citation_ids": [76366619], "author": {"tweeter_id": "456396772"}, "tweet_id": "1230549905686425601"}, {"license": "gnip", "citation_ids": [76366619], "author": {"tweeter_id": "21428560"}, "tweet_id": "1230551228364488704"}, {"license": "gnip", "citation_ids": [76366619], "author": {"tweeter_id": "1114478391137329153"}, "tweet_id": "1230551275001012225"}, {"license": "gnip", "citation_ids": [76366619], "author": {"tweeter_id": "37942352"}, "tweet_id": "1230551469155160065"}, {"license": "gnip", "citation_ids": [76366619], "author": {"tweeter_id": "1676175931"}, "tweet_id": "1230554639256305664"}, {"license": "gnip", "citation_ids": [76366619], "author": {"tweeter_id": "204464927"}, "tweet_id": "1230554783963996160"}, {"license": "gnip", "citation_ids": [76366619], "author": {"tweeter_id": "817891698"}, "tweet_id": "1230556752241803264"}, {"license": "gnip", "citation_ids": [76366619], "author": {"tweeter_id": "141505767"}, "tweet_id": "1230557637348974592"}, {"license": "gnip", "citation_ids": [76366619], "author": {"tweeter_id": "150323423"}, "tweet_id": "1230558284613996547"}, {"license": "gnip", "citation_ids": [76366619], "author": {"tweeter_id": "803711814492188672"}, "tweet_id": "1230559008433434627"}, {"license": "gnip", "citation_ids": [76366619], "author": {"tweeter_id": "1228118272446521344"}, "tweet_id": "1230559382145884166"}, {"license": "gnip", "citation_ids": [76366619], "author": {"tweeter_id": "126187721"}, "tweet_id": "1230571515416018944"}, {"license": "gnip", "citation_ids": [76366619], "author": {"tweeter_id": "482535806"}, "tweet_id": "1230572538687868933"}, {"license": "gnip", "citation_ids": [76366619], "author": {"tweeter_id": "52577305"}, "tweet_id": "1230576567912402945"}, {"license": "gnip", "citation_ids": [76366619], "author": {"tweeter_id": "2727683563"}, "tweet_id": "1230576668026253320"}, {"license": "gnip", "citation_ids": [76366619], "author": {"tweeter_id": "30708702"}, "tweet_id": "1230577020406509569"}, {"license": "gnip", "citation_ids": [76366619], "author": {"tweeter_id": "93475451"}, "tweet_id": "1230577079521087489"}, {"license": "gnip", "citation_ids": [76366619], "author": {"tweeter_id": "709409131703234561"}, "tweet_id": "1230577850677329920"}, {"license": "gnip", "citation_ids": [76366619], "author": {"tweeter_id": "1113136650"}, "tweet_id": "1230578153715728384"}, {"license": "gnip", "citation_ids": [76366619], "author": {"tweeter_id": "49422405"}, "tweet_id": "1230578749021790219"}, {"license": "gnip", "citation_ids": [76366619], "author": {"tweeter_id": "93475451"}, "tweet_id": "1230582097875742720"}, {"license": "gnip", "citation_ids": [76366619], "author": {"tweeter_id": "2482151953"}, "tweet_id": "1230585667610202114"}, {"license": "gnip", "citation_ids": [76366619], "author": {"tweeter_id": "134232952"}, "tweet_id": "1230595652884848648"}, {"license": "gnip", "citation_ids": [76366619], "author": {"tweeter_id": "274832868"}, "tweet_id": "1230596343284064258"}, {"license": "gnip", "citation_ids": [76366619], "author": {"tweeter_id": "1131589579998486529"}, "tweet_id": "1230596830804795411"}, {"license": "gnip", "citation_ids": [76366619], "author": {"tweeter_id": "109802310"}, "tweet_id": "1230599309877547009"}, {"license": "gnip", "citation_ids": [76366619], "author": {"tweeter_id": "197382601"}, "tweet_id": "1230600545347526673"}, {"license": "gnip", "citation_ids": [76366619], "author": {"tweeter_id": "2565865626"}, "tweet_id": "1230601922874351622"}, {"license": "gnip", "citation_ids": [76366619], "author": {"tweeter_id": "231071657"}, "tweet_id": "1230602220124721152"}, {"license": "gnip", "citation_ids": [76366619], "author": {"tweeter_id": "116892396"}, "tweet_id": "1230603664479391744"}, {"license": "gnip", "citation_ids": [76366619], "author": {"tweeter_id": "1491734449"}, "tweet_id": "1230606775856095235"}, {"license": "gnip", "citation_ids": [76366619], "author": {"tweeter_id": "379017879"}, "tweet_id": "1230608574826434561"}, {"license": "gnip", "citation_ids": [76366619], "author": {"tweeter_id": "1220111417795325955"}, "tweet_id": "1230611812250460161"}, {"license": "gnip", "citation_ids": [76366619], "author": {"tweeter_id": "1270238612"}, "tweet_id": "1230612697164795905"}, {"license": "gnip", "citation_ids": [76366619], "author": {"tweeter_id": "500917848"}, "tweet_id": "1230613004225536000"}, {"license": "gnip", "citation_ids": [76366619], "author": {"tweeter_id": "2511288769"}, "tweet_id": "1230613425975328769"}, {"license": "gnip", "citation_ids": [76366619], "author": {"tweeter_id": "4120519582"}, "tweet_id": "1230613470246264832"}, {"license": "gnip", "citation_ids": [76366619], "author": {"tweeter_id": "20950117"}, "tweet_id": "1230614050683441156"}, {"license": "gnip", "citation_ids": [76366619], "author": {"tweeter_id": "1377174384"}, "tweet_id": "1230617390133719049"}, {"license": "gnip", "citation_ids": [76366619], "author": {"tweeter_id": "173516546"}, "tweet_id": "1230617477358350337"}, {"license": "gnip", "citation_ids": [76366619], "author": {"tweeter_id": "381016376"}, "tweet_id": "1230618114544500737"}, {"license": "gnip", "citation_ids": [76366619], "author": {"tweeter_id": "1220667695160614913"}, "tweet_id": "1230625529742733319"}, {"license": "gnip", "citation_ids": [76366619], "author": {"tweeter_id": "226753401"}, "tweet_id": "1230626053808246787"}, {"license": "gnip", "citation_ids": [76366619], "author": {"tweeter_id": "17095866"}, "tweet_id": "1230629964237529088"}, {"license": "gnip", "citation_ids": [76366619], "author": {"tweeter_id": "1108016440286732289"}, "tweet_id": "1230638039120142336"}, {"license": "gnip", "citation_ids": [76366619], "author": {"tweeter_id": "46075308"}, "tweet_id": "1230638539546791938"}, {"license": "gnip", "citation_ids": [76366619], "author": {"tweeter_id": "1897765844"}, "tweet_id": "1230639492018520064"}, {"license": "gnip", "citation_ids": [76366619], "author": {"tweeter_id": "1211344043264729088"}, "tweet_id": "1230648372530380800"}, {"license": "gnip", "citation_ids": [76366619], "author": {"tweeter_id": "308071271"}, "tweet_id": "1230651110127480834"}, {"license": "gnip", "citation_ids": [76366619], "author": {"tweeter_id": "92579211"}, "tweet_id": "1230651946886946822"}, {"license": "gnip", "citation_ids": [76366619], "author": {"tweeter_id": "866840344213762050"}, "tweet_id": "1230655726852485122"}, {"license": "gnip", "citation_ids": [76366619], "author": {"tweeter_id": "1080245442732974081"}, "tweet_id": "1230673118869327872"}, {"license": "gnip", "citation_ids": [76366619], "author": {"tweeter_id": "1080245442732974081"}, "tweet_id": "1230674167181135873"}, {"license": "gnip", "citation_ids": [76366619], "author": {"tweeter_id": "754644398667726848"}, "tweet_id": "1230694558888935425"}, {"license": "gnip", "citation_ids": [76366619], "author": {"tweeter_id": "263702718"}, "tweet_id": "1230724877251833857"}, {"license": "gnip", "citation_ids": [76366619], "author": {"tweeter_id": "906632201118392320"}, "tweet_id": "1230735471463952384"}, {"license": "gnip", "citation_ids": [76366619], "author": {"tweeter_id": "609133730"}, "tweet_id": "1230739585207947264"}, {"license": "gnip", "citation_ids": [76366619], "author": {"tweeter_id": "961317053486465024"}, "tweet_id": "1230744146454839296"}, {"license": "gnip", "citation_ids": [76366619], "author": {"tweeter_id": "2672468391"}, "tweet_id": "1230748030367715328"}, {"license": "gnip", "citation_ids": [76366619], "author": {"tweeter_id": "863493997268000768"}, "tweet_id": "1230750193533874179"}, {"license": "gnip", "citation_ids": [76366619], "author": {"tweeter_id": "712753908339310592"}, "tweet_id": "1230761645074333696"}, {"license": "gnip", "citation_ids": [76366619], "author": {"tweeter_id": "778123776714219520"}, "tweet_id": "1230773785898315777"}, {"license": "gnip", "citation_ids": [76366619], "author": {"tweeter_id": "11852922"}, "tweet_id": "1230776553438507008"}, {"license": "gnip", "citation_ids": [76366619], "author": {"tweeter_id": "48668114"}, "tweet_id": "1230808187739295744"}, {"license": "gnip", "citation_ids": [76366619], "author": {"tweeter_id": "2855536962"}, "tweet_id": "1230809350697934849"}, {"license": "gnip", "citation_ids": [76366619], "author": {"tweeter_id": "1115997645850329089"}, "tweet_id": "1230809789686415360"}, {"license": "gnip", "citation_ids": [76366619], "author": {"tweeter_id": "4303310901"}, "tweet_id": "1230810145988530178"}, {"license": "gnip", "citation_ids": [76366619], "author": {"tweeter_id": "28838219"}, "tweet_id": "1230810548742348806"}, {"license": "gnip", "citation_ids": [76366619], "author": {"tweeter_id": "23041527"}, "tweet_id": "1230810636986322944"}, {"license": "gnip", "citation_ids": [76366619], "author": {"tweeter_id": "114470001"}, "tweet_id": "1230810761980592135"}, {"license": "gnip", "citation_ids": [76366619], "author": {"tweeter_id": "32760477"}, "tweet_id": "1230810882810220544"}, {"license": "gnip", "citation_ids": [76366619], "author": {"tweeter_id": "12104642"}, "tweet_id": "1230811880173654017"}, {"license": "gnip", "citation_ids": [76366619], "author": {"tweeter_id": "31789905"}, "tweet_id": "1230811912608202752"}, {"license": "gnip", "citation_ids": [76366619], "author": {"tweeter_id": "83440337"}, "tweet_id": "1230816816026587137"}, {"license": "gnip", "citation_ids": [76366619], "author": {"tweeter_id": "30674349"}, "tweet_id": "1230818348528742400"}, {"license": "gnip", "citation_ids": [76366619], "author": {"tweeter_id": "926372113551785985"}, "tweet_id": "1230819452448456706"}, {"license": "gnip", "citation_ids": [76366619], "author": {"tweeter_id": "26225035"}, "tweet_id": "1230820513586376704"}, {"license": "gnip", "citation_ids": [76366619], "author": {"tweeter_id": "2590061318"}, "tweet_id": "1230820604095406081"}, {"license": "gnip", "citation_ids": [76366619], "author": {"tweeter_id": "301531445"}, "tweet_id": "1230821488447631361"}, {"license": "gnip", "citation_ids": [76366619], "author": {"tweeter_id": "2227102081"}, "tweet_id": "1230822273298391040"}, {"license": "gnip", "citation_ids": [76366619], "author": {"tweeter_id": "160016975"}, "tweet_id": "1230824205421367296"}, {"license": "gnip", "citation_ids": [76366619], "author": {"tweeter_id": "390731779"}, "tweet_id": "1230824395398139905"}, {"license": "gnip", "citation_ids": [76366619], "author": {"tweeter_id": "44389414"}, "tweet_id": "1230826296915251200"}, {"license": "gnip", "citation_ids": [76366619], "author": {"tweeter_id": "593813785"}, "tweet_id": "1230828389226946560"}, {"license": "gnip", "citation_ids": [76366619, 75790237], "author": {"tweeter_id": "20511717"}, "tweet_id": "1230832791593590784"}, {"license": "gnip", "citation_ids": [76366619], "author": {"tweeter_id": "2519521015"}, "tweet_id": "1230836774726799360"}, {"license": "gnip", "citation_ids": [76366619], "author": {"tweeter_id": "2565865626"}, "tweet_id": "1230846741509033985"}, {"license": "gnip", "citation_ids": [76366619], "author": {"tweeter_id": "772983193452572672"}, "tweet_id": "1230847262051491841"}, {"license": "gnip", "citation_ids": [76366619], "author": {"tweeter_id": "1222796311168077824"}, "tweet_id": "1230849530561589248"}, {"license": "gnip", "citation_ids": [76366619], "author": {"tweeter_id": "614887427"}, "tweet_id": "1230854130106658816"}, {"license": "gnip", "citation_ids": [76366619], "author": {"tweeter_id": "1013570288242581512"}, "tweet_id": "1230858860610584576"}, {"license": "gnip", "citation_ids": [76366619], "author": {"tweeter_id": "1344890352"}, "tweet_id": "1230860471764471812"}, {"license": "gnip", "citation_ids": [76366619], "author": {"tweeter_id": "482684544"}, "tweet_id": "1230861519107371008"}, {"license": "gnip", "citation_ids": [76366619], "author": {"tweeter_id": "182840025"}, "tweet_id": "1230862560309547009"}, {"license": "gnip", "citation_ids": [76366619], "author": {"tweeter_id": "428543269"}, "tweet_id": "1230864147916693504"}, {"license": "gnip", "citation_ids": [76366619], "author": {"tweeter_id": "221133163"}, "tweet_id": "1230871146192658433"}, {"license": "gnip", "citation_ids": [76366619], "author": {"tweeter_id": "1891668254"}, "tweet_id": "1230872373940957185"}, {"license": "gnip", "citation_ids": [76366619], "author": {"tweeter_id": "1891668254"}, "tweet_id": "1230872465506807811"}, {"license": "gnip", "citation_ids": [76366619], "author": {"tweeter_id": "1213142924818386944"}, "tweet_id": "1230872701021171714"}, {"license": "gnip", "citation_ids": [76366619], "author": {"tweeter_id": "1225642293547302913"}, "tweet_id": "1230877877840818177"}, {"license": "gnip", "citation_ids": [76366619], "author": {"tweeter_id": "71796527"}, "tweet_id": "1230879730309701632"}, {"license": "gnip", "citation_ids": [76366619], "author": {"tweeter_id": "217096288"}, "tweet_id": "1230888418806312960"}, {"license": "gnip", "citation_ids": [76366619], "author": {"tweeter_id": "760802805883871232"}, "tweet_id": "1230888935380918272"}, {"license": "gnip", "citation_ids": [76366619], "author": {"tweeter_id": "48821708"}, "tweet_id": "1230889711029321728"}, {"license": "gnip", "citation_ids": [76366619], "author": {"tweeter_id": "249403561"}, "tweet_id": "1230892981726654471"}, {"license": "gnip", "citation_ids": [76366619], "author": {"tweeter_id": "2271821530"}, "tweet_id": "1230909160600023042"}, {"license": "gnip", "citation_ids": [76366619], "author": {"tweeter_id": "359098971"}, "tweet_id": "1230914453476171776"}, {"license": "gnip", "citation_ids": [76366619], "author": {"tweeter_id": "226753401"}, "tweet_id": "1230938125062504450"}, {"license": "gnip", "citation_ids": [76366619], "author": {"tweeter_id": "1099494762296397824"}, "tweet_id": "1230939869662392323"}, {"license": "gnip", "citation_ids": [76366619], "author": {"tweeter_id": "1086253763311083520"}, "tweet_id": "1230946170928799744"}, {"license": "gnip", "citation_ids": [76366619], "author": {"tweeter_id": "1202970527494594562"}, "tweet_id": "1230957219807555584"}, {"license": "gnip", "citation_ids": [76366619], "author": {"tweeter_id": "1182090678999736321"}, "tweet_id": "1230961927154614272"}, {"license": "gnip", "citation_ids": [76366619], "author": {"tweeter_id": "17988564"}, "tweet_id": "1230965756969377792"}, {"license": "gnip", "citation_ids": [76366619], "author": {"tweeter_id": "2868970878"}, "tweet_id": "1230970991745978368"}, {"license": "gnip", "citation_ids": [76366619], "author": {"tweeter_id": "166021378"}, "tweet_id": "1230979499056959488"}, {"license": "gnip", "citation_ids": [76366619], "author": {"tweeter_id": "2667699673"}, "tweet_id": "1230983985876152320"}, {"license": "gnip", "citation_ids": [76366619], "author": {"tweeter_id": "32569212"}, "tweet_id": "1230993278172094464"}, {"license": "gnip", "citation_ids": [76366619], "author": {"tweeter_id": "2426189960"}, "tweet_id": "1230994440132681730"}, {"license": "gnip", "citation_ids": [76366619], "author": {"tweeter_id": "1129139808431816705"}, "tweet_id": "1230994650179072000"}, {"license": "gnip", "citation_ids": [76366619], "author": {"tweeter_id": "2683348700"}, "tweet_id": "1230994698799587328"}, {"license": "gnip", "citation_ids": [76366619], "author": {"tweeter_id": "9219982"}, "tweet_id": "1230995070515462144"}, {"license": "gnip", "citation_ids": [76366619], "author": {"tweeter_id": "1088265960316903424"}, "tweet_id": "1230997397179969538"}, {"license": "gnip", "citation_ids": [76366619], "author": {"tweeter_id": "877286782836101120"}, "tweet_id": "1230998164347523072"}, {"license": "gnip", "citation_ids": [76366619], "author": {"tweeter_id": "3167662716"}, "tweet_id": "1230998478408437760"}, {"license": "gnip", "citation_ids": [76366619], "author": {"tweeter_id": "105498602"}, "tweet_id": "1231005254390632450"}, {"license": "gnip", "citation_ids": [76366619], "author": {"tweeter_id": "105498602"}, "tweet_id": "1231005996484616193"}, {"license": "gnip", "citation_ids": [76366619], "author": {"tweeter_id": "1155561096176009216"}, "tweet_id": "1231007037561032704"}, {"license": "gnip", "citation_ids": [76366619], "author": {"tweeter_id": "1080245442732974081"}, "tweet_id": "1231050543256104960"}, {"license": "gnip", "citation_ids": [76366619], "author": {"tweeter_id": "40557226"}, "tweet_id": "1231052418760216576"}, {"license": "gnip", "citation_ids": [76366619], "author": {"tweeter_id": "438230622"}, "tweet_id": "1231053810497392641"}, {"license": "gnip", "citation_ids": [76366619], "author": {"tweeter_id": "817360100893437953"}, "tweet_id": "1231080554164113410"}, {"license": "gnip", "citation_ids": [76366619], "author": {"tweeter_id": "1189033117"}, "tweet_id": "1231083042808135681"}, {"license": "gnip", "citation_ids": [76366619], "author": {"tweeter_id": "479264032"}, "tweet_id": "1231084565017419776"}, {"license": "gnip", "citation_ids": [76366619], "author": {"tweeter_id": "1092063025639477249"}, "tweet_id": "1231090953496088576"}, {"license": "gnip", "citation_ids": [76366619], "author": {"tweeter_id": "1230433659800432649"}, "tweet_id": "1231092460694179840"}, {"license": "gnip", "citation_ids": [76366619], "author": {"tweeter_id": "746715904352784384"}, "tweet_id": "1231096587335520256"}, {"license": "gnip", "citation_ids": [76366619], "author": {"tweeter_id": "1214232500664295424"}, "tweet_id": "1231131651654053888"}, {"license": "gnip", "citation_ids": [76366619], "author": {"tweeter_id": "1185019073354178560"}, "tweet_id": "1231134533631827968"}, {"license": "gnip", "citation_ids": [76366619], "author": {"tweeter_id": "1223307253236817922"}, "tweet_id": "1231135874827587584"}, {"license": "gnip", "citation_ids": [76366619], "author": {"tweeter_id": "117701249"}, "tweet_id": "1231136609816514567"}, {"license": "gnip", "citation_ids": [76366619], "author": {"tweeter_id": "21898991"}, "tweet_id": "1231173981962674177"}, {"license": "gnip", "citation_ids": [76366619], "author": {"tweeter_id": "1206348429292720132"}, "tweet_id": "1231177565588598784"}, {"license": "gnip", "citation_ids": [76366619], "author": {"tweeter_id": "262808759"}, "tweet_id": "1231192734045757440"}, {"license": "gnip", "citation_ids": [76366619], "author": {"tweeter_id": "17184930"}, "tweet_id": "1231204777159057408"}, {"license": "gnip", "citation_ids": [76366619], "author": {"tweeter_id": "379618780"}, "tweet_id": "1231223954045591555"}, {"license": "gnip", "citation_ids": [76366619], "author": {"tweeter_id": "203082400"}, "tweet_id": "1231234329776476160"}, {"license": "gnip", "citation_ids": [76366619], "author": {"tweeter_id": "1272621727"}, "tweet_id": "1231242823837585409"}, {"license": "gnip", "citation_ids": [76366619], "author": {"tweeter_id": "2710796718"}, "tweet_id": "1231257063554211842"}, {"license": "gnip", "citation_ids": [76366619], "author": {"tweeter_id": "371352104"}, "tweet_id": "1231257633010655237"}, {"license": "gnip", "citation_ids": [76366619], "author": {"tweeter_id": "109988022"}, "tweet_id": "1231259620917858306"}, {"license": "gnip", "citation_ids": [76366619], "author": {"tweeter_id": "1190736890"}, "tweet_id": "1231259933322203137"}, {"license": "gnip", "citation_ids": [76366619], "author": {"tweeter_id": "1205143751108284418"}, "tweet_id": "1231273961318748162"}, {"license": "gnip", "citation_ids": [76366619], "author": {"tweeter_id": "382822106"}, "tweet_id": "1231275638813790208"}, {"license": "gnip", "citation_ids": [76366619], "author": {"tweeter_id": "133251329"}, "tweet_id": "1231282185069613056"}, {"license": "gnip", "citation_ids": [76366619], "author": {"tweeter_id": "830201492774625280"}, "tweet_id": "1231283457826836480"}, {"license": "gnip", "citation_ids": [76366619], "author": {"tweeter_id": "355191486"}, "tweet_id": "1231288697238192130"}, {"license": "gnip", "citation_ids": [76366619], "author": {"tweeter_id": "17694306"}, "tweet_id": "1231296960126164993"}, {"license": "gnip", "citation_ids": [76366619], "author": {"tweeter_id": "87799736"}, "tweet_id": "1231305237731926016"}, {"license": "gnip", "citation_ids": [76366619], "author": {"tweeter_id": "969527161727127553"}, "tweet_id": "1231335507143122944"}, {"license": "gnip", "citation_ids": [76366619], "author": {"tweeter_id": "1223500902629167106"}, "tweet_id": "1231354495029788673"}, {"license": "gnip", "citation_ids": [76366619], "author": {"tweeter_id": "54434312"}, "tweet_id": "1231379103690960898"}, {"license": "gnip", "citation_ids": [76366619], "author": {"tweeter_id": "418797352"}, "tweet_id": "1231407590489370624"}, {"license": "gnip", "citation_ids": [76366619], "author": {"tweeter_id": "255127533"}, "tweet_id": "1231438210288492544"}, {"license": "gnip", "citation_ids": [76366619], "author": {"tweeter_id": "848430961"}, "tweet_id": "1231455569606774784"}, {"license": "gnip", "citation_ids": [76366619], "author": {"tweeter_id": "44586763"}, "tweet_id": "1231464419470635011"}, {"license": "gnip", "citation_ids": [76366619], "author": {"tweeter_id": "287331963"}, "tweet_id": "1231485119069814784"}, {"license": "gnip", "citation_ids": [76366619], "author": {"tweeter_id": "2717918222"}, "tweet_id": "1231489134365200385"}, {"license": "gnip", "citation_ids": [76366619], "author": {"tweeter_id": "1202160452127596544"}, "tweet_id": "1231490273898827776"}, {"license": "gnip", "citation_ids": [76366619], "author": {"tweeter_id": "48668114"}, "tweet_id": "1231506192301727744"}, {"license": "gnip", "citation_ids": [76366619], "author": {"tweeter_id": "3011741133"}, "tweet_id": "1231511575091130368"}, {"license": "gnip", "citation_ids": [76366619], "author": {"tweeter_id": "1215353721980211200"}, "tweet_id": "1231522868967673857"}, {"license": "gnip", "citation_ids": [76366619], "author": {"tweeter_id": "1002858375577767937"}, "tweet_id": "1231535614392258560"}, {"license": "gnip", "citation_ids": [76366619], "author": {"tweeter_id": "1027734970196873219"}, "tweet_id": "1231562652964413440"}, {"license": "gnip", "citation_ids": [76366619], "author": {"tweeter_id": "48668114"}, "tweet_id": "1231563041801719810"}, {"license": "gnip", "citation_ids": [76366619], "author": {"tweeter_id": "48668114"}, "tweet_id": "1231563263370022913"}, {"license": "gnip", "citation_ids": [76366619], "author": {"tweeter_id": "48668114"}, "tweet_id": "1231563336824872960"}, {"license": "gnip", "citation_ids": [76366619], "author": {"tweeter_id": "143893048"}, "tweet_id": "1231565974937251841"}, {"license": "gnip", "citation_ids": [76366619], "author": {"tweeter_id": "249712302"}, "tweet_id": "1231573681018736640"}, {"license": "gnip", "citation_ids": [76366619], "author": {"tweeter_id": "2574033231"}, "tweet_id": "1231581588883939328"}, {"license": "gnip", "citation_ids": [76366619], "author": {"tweeter_id": "866057501606891524"}, "tweet_id": "1231583522080641024"}, {"license": "gnip", "citation_ids": [76366619], "author": {"tweeter_id": "782673046624608257"}, "tweet_id": "1231584198659624963"}, {"license": "gnip", "citation_ids": [76366619], "author": {"tweeter_id": "337730822"}, "tweet_id": "1231587824908095491"}, {"license": "gnip", "citation_ids": [76366619], "author": {"tweeter_id": "557784956"}, "tweet_id": "1231599677994344448"}, {"license": "gnip", "citation_ids": [76366619], "author": {"tweeter_id": "720319081"}, "tweet_id": "1231612637781213184"}, {"license": "gnip", "citation_ids": [76366619], "author": {"tweeter_id": "456823133"}, "tweet_id": "1231625046151639040"}, {"license": "gnip", "citation_ids": [76366619], "author": {"tweeter_id": "142798736"}, "tweet_id": "1231625790468567041"}, {"license": "gnip", "citation_ids": [76366619], "author": {"tweeter_id": "828305343734280192"}, "tweet_id": "1231626139401097218"}, {"license": "gnip", "citation_ids": [76366619], "author": {"tweeter_id": "418797352"}, "tweet_id": "1231641542751858689"}, {"license": "gnip", "citation_ids": [76366619], "author": {"tweeter_id": "109242716"}, "tweet_id": "1231642040749813760"}, {"license": "gnip", "citation_ids": [76366619], "author": {"tweeter_id": "18580687"}, "tweet_id": "1231642257050066945"}, {"license": "gnip", "citation_ids": [76366619], "author": {"tweeter_id": "15711325"}, "tweet_id": "1231645378522402816"}, {"license": "gnip", "citation_ids": [76366619], "author": {"tweeter_id": "770894527280189440"}, "tweet_id": "1231649560058949633"}, {"license": "gnip", "citation_ids": [76366619], "author": {"tweeter_id": "535207253"}, "tweet_id": "1231650070862319617"}, {"license": "gnip", "citation_ids": [76366619], "author": {"tweeter_id": "2332368062"}, "tweet_id": "1231672382252818436"}, {"license": "gnip", "citation_ids": [76366619], "author": {"tweeter_id": "947780041164906496"}, "tweet_id": "1231673733946933248"}, {"license": "gnip", "citation_ids": [76366619], "author": {"tweeter_id": "1214232500664295424"}, "tweet_id": "1231696869098569728"}, {"license": "gnip", "citation_ids": [76366619], "author": {"tweeter_id": "1185019073354178560"}, "tweet_id": "1231696995628257281"}, {"license": "gnip", "citation_ids": [76366619], "author": {"tweeter_id": "752900803879460864"}, "tweet_id": "1231699312381497346"}, {"license": "gnip", "citation_ids": [76366619], "author": {"tweeter_id": "944786468"}, "tweet_id": "1231704942395543552"}, {"license": "gnip", "citation_ids": [76366619], "author": {"tweeter_id": "21370983"}, "tweet_id": "1231706559752876034"}, {"license": "gnip", "citation_ids": [76366619], "author": {"tweeter_id": "87900159"}, "tweet_id": "1231735566040887297"}, {"license": "gnip", "citation_ids": [76366619], "author": {"tweeter_id": "7733012"}, "tweet_id": "1231737247222730752"}, {"license": "gnip", "citation_ids": [76366619], "author": {"tweeter_id": "60011904"}, "tweet_id": "1231737669652074496"}, {"license": "gnip", "citation_ids": [76366619], "author": {"tweeter_id": "60011904"}, "tweet_id": "1231737689138876416"}, {"license": "gnip", "citation_ids": [76366619], "author": {"tweeter_id": "246590464"}, "tweet_id": "1231745517870362624"}, {"license": "gnip", "citation_ids": [76366619], "author": {"tweeter_id": "155828240"}, "tweet_id": "1231750747374505989"}, {"license": "gnip", "citation_ids": [76366619], "author": {"tweeter_id": "3219933793"}, "tweet_id": "1231781665091051520"}, {"license": "gnip", "citation_ids": [76366619], "author": {"tweeter_id": "872145664020537344"}, "tweet_id": "1231840438937702400"}, {"license": "gnip", "citation_ids": [76366619], "author": {"tweeter_id": "2216384846"}, "tweet_id": "1231892692688306176"}, {"license": "gnip", "citation_ids": [76366619], "author": {"tweeter_id": "798627359108763648"}, "tweet_id": "1231894246510256128"}, {"license": "gnip", "citation_ids": [76366619], "author": {"tweeter_id": "1060330391146561536"}, "tweet_id": "1231901950796615680"}, {"license": "gnip", "citation_ids": [76366619], "author": {"tweeter_id": "62475956"}, "tweet_id": "1231937239686320130"}, {"license": "gnip", "citation_ids": [76366619], "author": {"tweeter_id": "17743021"}, "tweet_id": "1231944456812679169"}, {"license": "gnip", "citation_ids": [76366619], "author": {"tweeter_id": "3069964341"}, "tweet_id": "1231953546951745538"}, {"license": "gnip", "citation_ids": [76366619], "author": {"tweeter_id": "835849215943245824"}, "tweet_id": "1231956355776471042"}, {"license": "gnip", "citation_ids": [76366619], "author": {"tweeter_id": "2942265545"}, "tweet_id": "1232010359659286529"}, {"license": "gnip", "citation_ids": [76366619], "author": {"tweeter_id": "877286782836101120"}, "tweet_id": "1232044458218315779"}, {"license": "gnip", "citation_ids": [76366619], "author": {"tweeter_id": "855376064888975360"}, "tweet_id": "1232052007130693633"}, {"license": "gnip", "citation_ids": [76366619], "author": {"tweeter_id": "74135343"}, "tweet_id": "1232057771744382976"}, {"license": "gnip", "citation_ids": [76366619], "author": {"tweeter_id": "512507701"}, "tweet_id": "1232072089114468352"}, {"license": "gnip", "citation_ids": [76366619], "author": {"tweeter_id": "60620131"}, "tweet_id": "1232111712721100800"}, {"license": "gnip", "citation_ids": [76366619], "author": {"tweeter_id": "1224787956776472578"}, "tweet_id": "1232112773347278848"}, {"license": "gnip", "citation_ids": [76366619], "author": {"tweeter_id": "631124865"}, "tweet_id": "1232152732582047744"}, {"license": "gnip", "citation_ids": [76366619], "author": {"tweeter_id": "1520001786"}, "tweet_id": "1232153188943290368"}, {"license": "gnip", "citation_ids": [76366619], "author": {"tweeter_id": "631124865"}, "tweet_id": "1232154105721655296"}, {"license": "gnip", "citation_ids": [76366619], "author": {"tweeter_id": "92732173"}, "tweet_id": "1232154747328614400"}, {"license": "gnip", "citation_ids": [76366619], "author": {"tweeter_id": "1022348032644280320"}, "tweet_id": "1232154805830766595"}, {"license": "gnip", "citation_ids": [76366619], "author": {"tweeter_id": "2782308710"}, "tweet_id": "1232154882792050689"}, {"license": "gnip", "citation_ids": [76366619], "author": {"tweeter_id": "91716706"}, "tweet_id": "1232155433818714112"}, {"license": "gnip", "citation_ids": [76366619], "author": {"tweeter_id": "128882225"}, "tweet_id": "1232155495017799681"}, {"license": "gnip", "citation_ids": [76366619], "author": {"tweeter_id": "1687741436"}, "tweet_id": "1232155707891310597"}, {"license": "gnip", "citation_ids": [76366619], "author": {"tweeter_id": "2357029614"}, "tweet_id": "1232156348374081536"}, {"license": "gnip", "citation_ids": [76366619], "author": {"tweeter_id": "307076020"}, "tweet_id": "1232156354875314176"}, {"license": "gnip", "citation_ids": [76366619], "author": {"tweeter_id": "1092018835329183744"}, "tweet_id": "1232156993441259521"}, {"license": "gnip", "citation_ids": [76366619], "author": {"tweeter_id": "3423038427"}, "tweet_id": "1232158323320991744"}, {"license": "gnip", "citation_ids": [76366619], "author": {"tweeter_id": "2357029614"}, "tweet_id": "1232160858140073986"}, {"license": "gnip", "citation_ids": [76366619], "author": {"tweeter_id": "61648871"}, "tweet_id": "1232162048013766656"}, {"license": "gnip", "citation_ids": [76366619], "author": {"tweeter_id": "696620407655374849"}, "tweet_id": "1232170491466547200"}, {"license": "gnip", "citation_ids": [76366619], "author": {"tweeter_id": "4201046472"}, "tweet_id": "1232173725023293441"}, {"license": "gnip", "citation_ids": [76366619], "author": {"tweeter_id": "754644398667726848"}, "tweet_id": "1232178682304720896"}, {"license": "gnip", "citation_ids": [76366619], "author": {"tweeter_id": "98982703"}, "tweet_id": "1232184753257713664"}, {"license": "gnip", "citation_ids": [76366619], "author": {"tweeter_id": "1096665978929217536"}, "tweet_id": "1232205233553432576"}, {"license": "gnip", "citation_ids": [76366619], "author": {"tweeter_id": "111300552"}, "tweet_id": "1232242779901710336"}, {"license": "gnip", "citation_ids": [76366619], "author": {"tweeter_id": "53344129"}, "tweet_id": "1232268507401748480"}, {"license": "gnip", "citation_ids": [76366619], "author": {"tweeter_id": "990806623756009473"}, "tweet_id": "1232289518448828417"}, {"license": "gnip", "citation_ids": [76366619], "author": {"tweeter_id": "147898509"}, "tweet_id": "1232315614028414979"}, {"license": "gnip", "citation_ids": [76366619], "author": {"tweeter_id": "897882632775708672"}, "tweet_id": "1232325163443802112"}, {"license": "gnip", "citation_ids": [76366619], "author": {"tweeter_id": "754644398667726848"}, "tweet_id": "1232328153340637184"}, {"license": "gnip", "citation_ids": [76366619], "author": {"tweeter_id": "1251796897"}, "tweet_id": "1232345785099898883"}, {"license": "gnip", "citation_ids": [76366619], "author": {"tweeter_id": "74983783"}, "tweet_id": "1232348068609085441"}, {"license": "gnip", "citation_ids": [76366619], "author": {"tweeter_id": "47268595"}, "tweet_id": "1232375435301937156"}, {"license": "gnip", "citation_ids": [76366619], "author": {"tweeter_id": "271900857"}, "tweet_id": "1232410238923374592"}, {"license": "gnip", "citation_ids": [76366619], "author": {"tweeter_id": "754644398667726848"}, "tweet_id": "1232454016648433664"}, {"license": "gnip", "citation_ids": [76366619], "author": {"tweeter_id": "295226923"}, "tweet_id": "1232457766398132227"}, {"license": "gnip", "citation_ids": [76366619], "author": {"tweeter_id": "754644398667726848"}, "tweet_id": "1232462134488862720"}, {"license": "gnip", "citation_ids": [76366619], "author": {"tweeter_id": "2234760607"}, "tweet_id": "1232480887951937541"}, {"license": "gnip", "citation_ids": [76366619], "author": {"tweeter_id": "16659562"}, "tweet_id": "1232490382140723200"}, {"license": "gnip", "citation_ids": [76366619], "author": {"tweeter_id": "754644398667726848"}, "tweet_id": "1232511639162744832"}, {"license": "gnip", "citation_ids": [76366619], "author": {"tweeter_id": "754644398667726848"}, "tweet_id": "1232513211632701442"}, {"license": "gnip", "citation_ids": [76366619], "author": {"tweeter_id": "94209518"}, "tweet_id": "1232513670879428608"}, {"license": "gnip", "citation_ids": [76366619], "author": {"tweeter_id": "363572473"}, "tweet_id": "1232523519470141441"}, {"license": "gnip", "citation_ids": [76366619], "author": {"tweeter_id": "56997313"}, "tweet_id": "1232541455081558019"}, {"license": "gnip", "citation_ids": [76366619], "author": {"tweeter_id": "14767718"}, "tweet_id": "1232543636258054144"}, {"license": "gnip", "citation_ids": [76366619], "author": {"tweeter_id": "42484536"}, "tweet_id": "1232562452849733634"}, {"license": "gnip", "citation_ids": [76366619], "author": {"tweeter_id": "754644398667726848"}, "tweet_id": "1232627976493133824"}, {"license": "gnip", "citation_ids": [76366619], "author": {"tweeter_id": "57624643"}, "tweet_id": "1232628146450530304"}, {"license": "gnip", "citation_ids": [76366619], "author": {"tweeter_id": "144864210"}, "tweet_id": "1232641256783695872"}, {"license": "gnip", "citation_ids": [76366619], "author": {"tweeter_id": "754644398667726848"}, "tweet_id": "1232682696993693696"}, {"license": "gnip", "citation_ids": [76366619], "author": {"tweeter_id": "482029224"}, "tweet_id": "1232687113939931140"}, {"license": "gnip", "citation_ids": [76366619], "author": {"tweeter_id": "179368341"}, "tweet_id": "1232867157354020864"}, {"license": "gnip", "citation_ids": [76366619, 76621016], "author": {"tweeter_id": "2200079914"}, "tweet_id": "1232874968242884608"}, {"license": "gnip", "citation_ids": [76366619], "author": {"tweeter_id": "1194538657476071426"}, "tweet_id": "1233051794248368128"}, {"license": "gnip", "citation_ids": [76366619], "author": {"tweeter_id": "754644398667726848"}, "tweet_id": "1233059081985740800"}, {"license": "gnip", "citation_ids": [76366619], "author": {"tweeter_id": "763317845904064512"}, "tweet_id": "1233076102995664896"}, {"license": "gnip", "citation_ids": [76366619], "author": {"tweeter_id": "4183379129"}, "tweet_id": "1233154335636434944"}, {"license": "gnip", "citation_ids": [76366619], "author": {"tweeter_id": "138379079"}, "tweet_id": "1233177855464312832"}, {"license": "gnip", "citation_ids": [76366619], "author": {"tweeter_id": "1113904022208040967"}, "tweet_id": "1233196983793471488"}, {"license": "gnip", "citation_ids": [76366619], "author": {"tweeter_id": "1222675029181243399"}, "tweet_id": "1233197292745830402"}, {"license": "gnip", "citation_ids": [76366619], "author": {"tweeter_id": "216397634"}, "tweet_id": "1233203964327464960"}, {"license": "gnip", "citation_ids": [76366619], "author": {"tweeter_id": "1170758147679514626"}, "tweet_id": "1233268629497466880"}, {"license": "gnip", "citation_ids": [76366619], "author": {"tweeter_id": "1233218505631129605"}, "tweet_id": "1233346381466619904"}, {"license": "gnip", "citation_ids": [76366619], "author": {"tweeter_id": "1194538657476071426"}, "tweet_id": "1233409622817460225"}, {"license": "gnip", "citation_ids": [76366619], "author": {"tweeter_id": "139795524"}, "tweet_id": "1233446457136467968"}, {"license": "gnip", "citation_ids": [76366619], "author": {"tweeter_id": "136670268"}, "tweet_id": "1233541854387474432"}, {"license": "gnip", "citation_ids": [76366619], "author": {"tweeter_id": "232645434"}, "tweet_id": "1233708317005905920"}, {"license": "gnip", "citation_ids": [76366619], "author": {"tweeter_id": "766593375277555712"}, "tweet_id": "1233773280206761985"}, {"license": "gnip", "citation_ids": [76719803, 76366619], "author": {"tweeter_id": "2900768928"}, "tweet_id": "1233870608322191362"}, {"license": "gnip", "citation_ids": [76366619], "author": {"tweeter_id": "1209426154542764032"}, "tweet_id": "1234032511161962496"}, {"license": "gnip", "citation_ids": [76366619], "author": {"tweeter_id": "1195092951589957635"}, "tweet_id": "1234268108728172544"}, {"license": "gnip", "citation_ids": [76366619], "author": {"tweeter_id": "1232688503730900994"}, "tweet_id": "1234422038569377793"}, {"license": "gnip", "citation_ids": [76366619], "author": {"tweeter_id": "3192543284"}, "tweet_id": "1234523288287633408"}, {"license": "gnip", "citation_ids": [76366619], "author": {"tweeter_id": "3352283398"}, "tweet_id": "1234589844569051136"}, {"license": "gnip", "citation_ids": [76366619], "author": {"tweeter_id": "2574033231"}, "tweet_id": "1234592398027743232"}, {"license": "gnip", "citation_ids": [76366619], "author": {"tweeter_id": "117701249"}, "tweet_id": "1234593143137456128"}, {"license": "gnip", "citation_ids": [76366619], "author": {"tweeter_id": "559877081"}, "tweet_id": "1234593941934215169"}, {"license": "gnip", "citation_ids": [76366619], "author": {"tweeter_id": "590048453"}, "tweet_id": "1235211712648876032"}, {"license": "gnip", "citation_ids": [76366619], "author": {"tweeter_id": "1021467665372786693"}, "tweet_id": "1235327970950156290"}, {"license": "gnip", "citation_ids": [76366619], "author": {"tweeter_id": "564996693"}, "tweet_id": "1235428775648808960"}, {"license": "gnip", "citation_ids": [76606927, 76366619], "author": {"tweeter_id": "29270179"}, "tweet_id": "1235698134224760833"}, {"license": "gnip", "citation_ids": [76606927, 76366619], "author": {"tweeter_id": "4136886256"}, "tweet_id": "1235698299253829637"}, {"license": "gnip", "citation_ids": [76606927, 76366619], "author": {"tweeter_id": "419789604"}, "tweet_id": "1235699028412829696"}, {"license": "gnip", "citation_ids": [76606927, 76366619], "author": {"tweeter_id": "384211578"}, "tweet_id": "1235700500227645442"}, {"license": "gnip", "citation_ids": [76606927, 76366619], "author": {"tweeter_id": "578268065"}, "tweet_id": "1235701468067516417"}, {"license": "gnip", "citation_ids": [76606927, 76366619], "author": {"tweeter_id": "322276537"}, "tweet_id": "1235709060793667591"}, {"license": "gnip", "citation_ids": [76606927, 76366619], "author": {"tweeter_id": "22605034"}, "tweet_id": "1235841388073213952"}, {"license": "gnip", "citation_ids": [76606927, 76366619], "author": {"tweeter_id": "896359018385506304"}, "tweet_id": "1236145322860179456"}, {"license": "gnip", "citation_ids": [76366619], "author": {"tweeter_id": "22188689"}, "tweet_id": "1236169525026066432"}, {"license": "gnip", "citation_ids": [76366619], "author": {"tweeter_id": "290600062"}, "tweet_id": "1236226191977328640"}, {"license": "gnip", "citation_ids": [76366619], "author": {"tweeter_id": "50657628"}, "tweet_id": "1236407536519204867"}, {"license": "gnip", "citation_ids": [76606927, 76366619], "author": {"tweeter_id": "924328732378255360"}, "tweet_id": "1236805475741642752"}, {"license": "gnip", "citation_ids": [76606927, 76366619], "author": {"tweeter_id": "1184193921607503879"}, "tweet_id": "1236815624195772417"}, {"license": "gnip", "citation_ids": [76606927, 76366619], "author": {"tweeter_id": "811768906301968384"}, "tweet_id": "1237715948901146624"}, {"license": "gnip", "citation_ids": [76606927, 76366619], "author": {"tweeter_id": "3389059888"}, "tweet_id": "1237716048343900160"}, {"license": "gnip", "citation_ids": [76606927, 76366619], "author": {"tweeter_id": "249325883"}, "tweet_id": "1237717250033037313"}, {"license": "gnip", "citation_ids": [76606927, 76366619], "author": {"tweeter_id": "120440405"}, "tweet_id": "1237734010358575104"}, {"license": "gnip", "citation_ids": [76606927, 76366619], "author": {"tweeter_id": "1192812719516405760"}, "tweet_id": "1238796148338569218"}, {"license": "gnip", "citation_ids": [76366619], "author": {"tweeter_id": "1154749234073284609"}, "tweet_id": "1239176526840692737"}, {"license": "gnip", "citation_ids": [76366619], "author": {"tweeter_id": "733594809437278208"}, "tweet_id": "1239479289059381248"}, {"license": "gnip", "citation_ids": [76366619], "author": {"tweeter_id": "1010253419041513473"}, "tweet_id": "1239666903481815044"}, {"license": "gnip", "citation_ids": [76366619], "author": {"tweeter_id": "1184745020181450752"}, "tweet_id": "1239968730387558400"}], "reddit": [{"title": "Defining the Epidemiology of Covid-19 \u2014 Studies Needed", "url": "http://www.reddit.com/r/science/comments/f6uv7q/defining_the_epidemiology_of_covid19_studies/", "license": "public", "citation_ids": [76366619], "posted_on": "2020-02-20T15:43:18+00:00", "author": {"name": "burtzev", "url": "http://www.reddit.com/r/science", "image": "https://b.thumbs.redditmedia.com/qzIP8EKeRG_kef7dVYI5ojcPj_V9kk5xyByof-Fe0eE.png", "id_on_source": "science", "followers": 23477005, "subreddit": "Reddit Science"}}, {"title": "New England Journal of Medicine: Defining the Epidemiology of Covid-19 \u2014 Studies Needed", "url": "http://www.reddit.com/r/COVID19/comments/f6jfyw/new_england_journal_of_medicine_defining_the/", "license": "public", "citation_ids": [76366619], "posted_on": "2020-02-19T23:22:30+00:00", "author": {"name": "redlollipop", "url": "http://www.reddit.com/r/covid19", "id_on_source": "covid19", "followers": 5708, "subreddit": "COVID-19"}}, {"title": "New England Journal of Medicine: Defining the Epidemiology of Covid-19 \u2014 Studies Needed", "url": "http://www.reddit.com/r/China_Flu/comments/f6jgri/new_england_journal_of_medicine_defining_the/", "license": "public", "citation_ids": [76366619], "posted_on": "2020-02-19T23:24:05+00:00", "author": {"name": "redlollipop", "url": "http://www.reddit.com/r/china_flu", "id_on_source": "china_flu", "followers": 2891, "subreddit": "China novel coronavirus (2019-nCoV) | \"NCVIP\" "}}, {"title": "New England Journal of Medicine: Defining the Epidemiology of Covid-19 \u2014 Studies Needed", "url": "http://www.reddit.com/r/Coronavirus/comments/f6jgi8/new_england_journal_of_medicine_defining_the/", "license": "public", "citation_ids": [76366619], "posted_on": "2020-02-19T23:23:31+00:00", "author": {"name": "redlollipop", "url": "http://www.reddit.com/r/coronavirus", "id_on_source": "coronavirus", "followers": 1528, "subreddit": "Resurgence of Coronavirus in Saudi Arabia "}}, {"title": "Defining the Epidemiology of Covid-19 \u2014 Studies Needed", "url": "http://www.reddit.com/r/epidemiology/comments/f6uw5g/defining_the_epidemiology_of_covid19_studies/", "license": "public", "citation_ids": [76366619], "posted_on": "2020-02-20T15:45:01+00:00", "author": {"name": "burtzev", "url": "http://www.reddit.com/r/epidemiology", "id_on_source": "epidemiology", "followers": 653, "subreddit": "Epidemiology"}}], "news": [{"title": "Coronavirus Transmission Clues: The Nose Knows", "url": "http://ct.moreover.com/?a=41432977502&p=1pl&v=1&x=QgtOLPQFFNCKUiXUvxN85Q", "license": "public", "citation_ids": [76366619], "posted_on": "2020-02-20T17:30:23+00:00", "summary": "New clues have emerged about how and when the novel SARS-CoV2 coronavirus transmits.", "author": {"name": "MedPage Today", "url": "http://www.medpagetoday.com/", "image": "https://s3.amazonaws.com/weyland.altmetric.com/news_sources/logos/000/000/262/normal/Screen_Shot_2016-02-09_at_10.51.03.png?1455015082"}}, {"title": "Fontos hasonl\u00f3s\u00e1got fedeztek fel az influenza \u00e9s a koronav\u00edrus k\u00f6z\u00f6tt", "url": "http://ct.moreover.com/?a=41450284091&p=1pl&v=1&x=Ac8O_rfgrtKYnEyxIw917w", "license": "public", "citation_ids": [76366619, 76348331], "posted_on": "2020-02-22T00:00:00+00:00", "summary": "\u00daj koronav\u00edrus-fert\u0151z\u00f6tt betegek orr- \u00e9s garatv\u00e1lad\u00e9k\u00e1nak mint\u00e1it vizsg\u00e1lva k\u00ednai kutat\u00f3k arra a k\u00f6vetkeztet\u00e9sre jutottak, hogy a Covid-19 v\u00edrus ink\u00e1bb az influenz\u00e1hoz hasonl\u00f3an viselkedik \u00e9s nem \u00fagy, mint az azonos csal\u00e1dba tartoz\u00f3 SARS-v\u00edrus, ez\u00e9rt\u2026", "author": {"name": "hvg.hu", "url": "https://hvg.hu", "image": "https://s3.amazonaws.com/weyland.altmetric.com/news_sources/logos/000/003/318/normal/hvg.PNG?1568092671"}}], "facebook": [{"title": "Defining the Epidemiology of Covid-19 \u2014 Studies Needed", "url": "https://www.facebook.com/permalink.php?story_fbid=10157408354918462&id=92777318461", "license": "public", "citation_ids": [76366619], "posted_on": "2020-02-20T01:08:00+00:00", "summary": "Experience with MERS, pandemic influenza, and other outbreaks has shown that as an epidemic evolves, we face an urgent need to expand public health activities in order to elucidate the epidemiology of the novel virus and characterize its potential impact.", "author": {"name": "The New England Journal of Medicine", "url": "https://www.facebook.com/92777318461", "facebook_wall_name": "The New England Journal of Medicine", "image": "https://graph.facebook.com/92777318461/picture", "id_on_source": "92777318461"}}], "video": [{"title": "Coronavirus SARS-CoV-2 - update 28.02.2020. Testele diagnostice si teoriile conspiratiei.", "url": "https://www.youtube.com/watch?v=bboMbPYwJAY", "image": "https://i.ytimg.com/vi/bboMbPYwJAY/hqdefault.jpg", "license": "public", "citation_ids": [76709069, 76460483, 58835250, 49150171, 29697835, 5390906, 3921517, 4602536, 76416284, 76366619], "posted_on": "2020-02-29T08:50:58+00:00", "summary": "Astazi vom continua discutia despre SARS-cov-2. Testele diagnostice pe care le avem cat de bune or fi? Depistam imediat prezenta virusului sau poate nu? O sa discutam si despre cea mai populara teorie a conspiratiei.\n\nArticol:\nhttps://pubs.rsna.org/doi/10.", "embed": {"type": "youtube", "youtube_id": "bboMbPYwJAY"}, "author": {"name": "Bits of Biology", "id_on_source": "UCYW3-c5X8vYB0Exg91IaUpQ"}}]}, "score": 329.55, "images": {"small": "https://badges.altmetric.com/?size=64&score=330&types=mvrttttf", "medium": "https://badges.altmetric.com/?size=100&score=330&types=mvrttttf", "large": "https://badges.altmetric.com/?size=180&score=330&types=mvrttttf"}}