{"altmetric_id": 76060108, "counts": {"readers": {"mendeley": 0, "citeulike": 0, "connotea": 0}, "total": {"posts_count": 5}, "twitter": {"unique_users_count": 5, "posts_count": 6}}, "citation": {"altmetric_jid": "4f6fa60e3cf058f610006ca1", "authors": ["Qiang Guo", "Sen Mei", "Chong Xie", "Hao Mi", "Yang Jiang", "Shi\u2010Ding Zhang", "Tian\u2010Wei Tan", "Li\u2010Hai Fan"], "doi": "10.1002/bit.27306", "first_seen_on": "2020-02-14T05:42:19+00:00", "handles": [], "isbns": [], "issns": ["0006-3592", "1097-0290"], "journal": "Biotechnology & Bioengineering", "last_mentioned_on": 1581850349, "links": ["https://www.ncbi.nlm.nih.gov/pubmed/32048725?dopt=Abstract&utm_source=dlvr.it&utm_medium=twitter", "https://onlinelibrary.wiley.com/doi/abs/10.1002/bit.27306"], "pdf_url": "https://onlinelibrary.wiley.com/doi/pdf/10.1002/bit.27306", "pmid": "32048725", "epubdate": "2020-02-20T00:00:00+00:00", "publisher": "Wiley", "publisher_subjects": [{"name": "Multidisciplinary", "scheme": "era"}], "scopus_subjects": ["Biochemistry, Genetics and Molecular Biology", "Chemical Engineering", "Life Sciences", "Physical Sciences", "Immunology and Microbiology"], "title": "Reprogramming of sugar transport pathways in Escherichia coli using a permeabilized SecY protein\u2010translocation channel", "type": "article"}, "altmetric_score": {"score": 2.6, "score_history": {"1y": 2.6, "6m": 2.6, "3m": 2.6, "1m": 0, "1w": 0, "6d": 0, "5d": 0, "4d": 0, "3d": 0, "2d": 0, "1d": 0, "at": 2.6}, "context_for_score": {"all": {"total_number_of_other_articles": 14518952, "mean": 8.4687422759303, "rank": 7454418, "this_scored_higher_than_pct": 48, "this_scored_higher_than": 7023280, "rank_type": "exact", "sample_size": 14518952, "percentile": 48}, "similar_age_3m": {"total_number_of_other_articles": 229988, "mean": 13.813466439407, "rank": 93470, "this_scored_higher_than_pct": 58, "this_scored_higher_than": 135231, "rank_type": "exact", "sample_size": 229988, "percentile": 58}, "this_journal": {"total_number_of_other_articles": 5065, "mean": 4.0185197472354, "rank": 4007, "this_scored_higher_than_pct": 20, "this_scored_higher_than": 1054, "rank_type": "exact", "sample_size": 5065, "percentile": 20}, "similar_age_this_journal_3m": {"total_number_of_other_articles": 26, "mean": 1.898, "rank": 8, "this_scored_higher_than_pct": 69, "this_scored_higher_than": 18, "rank_type": "exact", "sample_size": 26, "percentile": 69}}}, "demographics": {"poster_types": {"member_of_the_public": 4, "researcher": 1}, "users": {"twitter": {"cohorts": {"Members of the public": 5, "Scientists": 1}}}, "geo": {"twitter": {"CA": 1, "JP": 2}}}, "posts": {"twitter": [{"license": "gnip", "citation_ids": [76060108], "author": {"tweeter_id": "1191850418638331905"}, "tweet_id": "1228192660956958721"}, {"license": "gnip", "citation_ids": [76060108], "author": {"tweeter_id": "950785708217823233"}, "tweet_id": "1228990608863354880"}, {"license": "gnip", "citation_ids": [76060108], "author": {"tweeter_id": "32600547"}, "tweet_id": "1228991401779748864"}, {"license": "gnip", "citation_ids": [76060108], "author": {"tweeter_id": "3056244024"}, "tweet_id": "1228993855661281281"}, {"license": "gnip", "citation_ids": [76060108], "author": {"tweeter_id": "1018038091796307969"}, "tweet_id": "1228994179348520963"}, {"license": "gnip", "citation_ids": [76060108], "author": {"tweeter_id": "315320775"}, "tweet_id": "1228995558196408320"}]}, "score": 2.6, "images": {"small": "https://badges.altmetric.com/?size=64&score=3&types=tttttttt", "medium": "https://badges.altmetric.com/?size=100&score=3&types=tttttttt", "large": "https://badges.altmetric.com/?size=180&score=3&types=tttttttt"}}