{"altmetric_id": 75086632, "counts": {"readers": {"mendeley": 0, "citeulike": 0, "connotea": 0}, "total": {"posts_count": 2}, "twitter": {"unique_users_count": 2, "posts_count": 2}}, "citation": {"altmetric_jid": "4f6fa4eb3cf058f6100028b3", "authors": ["Jian Wang", "Yangyang Li", "Shouyu Wang", "Fei Liu"], "doi": "10.1096/fj.201902455r", "first_seen_on": "2020-02-05T21:01:17+00:00", "handles": [], "isbns": [], "issns": ["0892-6638", "1530-6860"], "journal": "FASEB Journal", "last_mentioned_on": 1580951593, "links": ["https://www.ncbi.nlm.nih.gov/pubmed/32017270?dopt=Abstract&utm_source=dlvr.it&utm_medium=twitter", "https://faseb.onlinelibrary.wiley.com/doi/full/10.1096/fj.201902455R#.XjtoFjQ3yRc.twitter"], "pdf_url": "https://onlinelibrary.wiley.com/doi/pdf/10.1096/fj.201902455R", "pmid": "32017270", "pubdate": "2020-03-01T00:00:00+00:00", "epubdate": "2020-02-04T00:00:00+00:00", "publisher_subjects": [{"name": "Biochemistry And Cell Biology", "scheme": "era"}, {"name": "Physiology", "scheme": "era"}, {"name": "Medical Physiology", "scheme": "era"}], "scopus_subjects": ["Biochemistry, Genetics and Molecular Biology", "Life Sciences"], "title": "Dynamics of transmissible gastroenteritis virus internalization unraveled by single\u2010virus tracking in live cells", "type": "article"}, "altmetric_score": {"score": 0.5, "score_history": {"1y": 0.5, "6m": 0.5, "3m": 0.5, "1m": 0, "1w": 0, "6d": 0, "5d": 0, "4d": 0, "3d": 0, "2d": 0, "1d": 0, "at": 0.5}, "context_for_score": {"all": {"total_number_of_other_articles": 14465534, "mean": 8.4353440146208, "rank": 11469306, "this_scored_higher_than_pct": 11, "this_scored_higher_than": 1679754, "rank_type": "exact", "sample_size": 14465534, "percentile": 11}, "similar_age_3m": {"total_number_of_other_articles": 212811, "mean": 12.877024387952, "rank": 149732, "this_scored_higher_than_pct": 18, "this_scored_higher_than": 40425, "rank_type": "exact", "sample_size": 212811, "percentile": 18}, "this_journal": {"total_number_of_other_articles": 6583, "mean": 8.5695606198724, "rank": 5528, "this_scored_higher_than_pct": 8, "this_scored_higher_than": 588, "rank_type": "exact", "sample_size": 6583, "percentile": 8}, "similar_age_this_journal_3m": {"total_number_of_other_articles": 173, "mean": 10.033081395349, "rank": 112, "this_scored_higher_than_pct": 24, "this_scored_higher_than": 43, "rank_type": "exact", "sample_size": 173, "percentile": 24}}}, "demographics": {"poster_types": {"member_of_the_public": 2}, "users": {"twitter": {"cohorts": {"Members of the public": 2}}}, "geo": {"twitter": {"US": 1}}}, "posts": {"twitter": [{"license": "gnip", "citation_ids": [75086632], "author": {"tweeter_id": "1191745846615957506"}, "tweet_id": "1225156034135609345"}, {"license": "gnip", "citation_ids": [75086632], "author": {"tweeter_id": "2414645220"}, "tweet_id": "1225225900872081411"}]}, "score": 0.5, "images": {"small": "https://badges.altmetric.com/?size=64&score=1&types=tttttttt", "medium": "https://badges.altmetric.com/?size=100&score=1&types=tttttttt", "large": "https://badges.altmetric.com/?size=180&score=1&types=tttttttt"}}