{"altmetric_id": 77242252, "counts": {"readers": {"mendeley": 0, "citeulike": 0, "connotea": 0}, "total": {"posts_count": 3}, "twitter": {"unique_users_count": 3, "posts_count": 3}}, "citation": {"altmetric_jid": "4f6fa5133cf058f6100033d2", "authors": ["Poliana Moreira de Medeiros Carvalho", "Marcial Moreno Moreira", "Matheus Nogueira Arcanjo de Oliveira", "Jos\u00e9 Marcondes Macedo Landim", "Modesto Leite Rolim Neto"], "doi": "10.1016/j.psychres.2020.112902", "first_seen_on": "2020-03-09T10:02:49+00:00", "handles": [], "isbns": [], "issns": ["0165-1781"], "journal": "Psychiatry Research", "last_mentioned_on": 1584475493, "links": ["https://www.ncbi.nlm.nih.gov/pubmed/32146248?dopt=Abstract&utm_source=dlvr.it&utm_medium=twitter", "https://linkinghub.elsevier.com/retrieve/pii/S0165178120302924", "https://www.sciencedirect.com/science/article/pii/S0165178120302924#bib0001"], "pmid": "32146248", "pubdate": "2020-04-01T00:00:00+00:00", "publisher_subjects": [{"name": "Medical And Health Sciences", "scheme": "era"}, {"name": "Psychology And Cognitive Sciences", "scheme": "era"}], "scopus_subjects": ["Health Sciences", "Life Sciences", "Medicine", "Neuroscience"], "title": "The psychiatric impact of the novel coronavirus outbreak", "type": "article"}, "altmetric_score": {"score": 2.25, "score_history": {"1y": 2.25, "6m": 2.25, "3m": 2.25, "1m": 2.25, "1w": 1, "6d": 1, "5d": 1, "4d": 1, "3d": 1, "2d": 1, "1d": 1, "at": 2.25}, "context_for_score": {"all": {"total_number_of_other_articles": 14515442, "mean": 8.4660121842553, "rank": 7675971, "this_scored_higher_than_pct": 46, "this_scored_higher_than": 6752629, "rank_type": "exact", "sample_size": 14515442, "percentile": 46}, "similar_age_3m": {"total_number_of_other_articles": 149141, "mean": 14.061296178088, "rank": 63006, "this_scored_higher_than_pct": 56, "this_scored_higher_than": 84928, "rank_type": "exact", "sample_size": 149141, "percentile": 56}, "this_journal": {"total_number_of_other_articles": 4917, "mean": 6.0343868999186, "rank": 2027, "this_scored_higher_than_pct": 57, "this_scored_higher_than": 2841, "rank_type": "exact", "sample_size": 4917, "percentile": 57}, "similar_age_this_journal_3m": {"total_number_of_other_articles": 98, "mean": 7.5212371134021, "rank": 59, "this_scored_higher_than_pct": 39, "this_scored_higher_than": 39, "rank_type": "exact", "sample_size": 98, "percentile": 39}}}, "demographics": {"poster_types": {"member_of_the_public": 3}, "users": {"twitter": {"cohorts": {"Members of the public": 3}}}, "geo": {"twitter": {"SA": 1, "TR": 1}}}, "posts": {"twitter": [{"license": "gnip", "citation_ids": [77242252], "author": {"tweeter_id": "1191745846615957506"}, "tweet_id": "1236955523569745921"}, {"license": "gnip", "citation_ids": [77242252], "author": {"tweeter_id": "3269762035"}, "tweet_id": "1237340207386701827"}, {"license": "gnip", "citation_ids": [77242252], "author": {"tweeter_id": "199006910"}, "tweet_id": "1240006209761153025"}]}, "score": 2.25, "images": {"small": "https://badges.altmetric.com/?size=64&score=3&types=tttttttt", "medium": "https://badges.altmetric.com/?size=100&score=3&types=tttttttt", "large": "https://badges.altmetric.com/?size=180&score=3&types=tttttttt"}}