{"altmetric_id": 77001290, "counts": {"readers": {"mendeley": 0, "citeulike": 0, "connotea": 0}, "total": {"posts_count": 91}, "twitter": {"unique_users_count": 75, "posts_count": 91}}, "citation": {"altmetric_jid": "532721422a83ee84788b4567", "authors": ["Di Giorgio, Salvatore", "Martignano, Filippo", "Torcia, Maria Gabriella", "Mattiuz, Giorgio", "Conticello, Silvestro G"], "doi": "10.1101/2020.03.02.973255", "first_seen_on": "2020-03-04T01:30:54+00:00", "issns": [], "journal": "bioRxiv", "last_mentioned_on": 1584004033, "links": ["https://www.biorxiv.org/content/10.1101/2020.03.02.973255v1", "https://www.biorxiv.org/content/10.1101/2020.03.02.973255v1#disqus_thread", "https://www.biorxiv.org/content/10.1101/2020.03.02.973255v1.full.pdf", "https://www.biorxiv.org/content/10.1101/2020.03.02.973255v1?rss=1"], "pdf_url": "https://www.biorxiv.org/content/biorxiv/early/2020/03/03/2020.03.02.973255.full.pdf", "publisher": "Cold Spring Harbor Laboratory", "title": "Evidence for RNA editing in the transcriptome of 2019 Novel Coronavirus", "type": "article"}, "altmetric_score": {"score": 46.6, "score_history": {"1y": 46.6, "6m": 46.6, "3m": 46.6, "1m": 46.6, "1w": 1, "6d": 1, "5d": 0, "4d": 0, "3d": 0, "2d": 0, "1d": 0, "at": 46.6}, "context_for_score": {"all": {"total_number_of_other_articles": 14515442, "mean": 8.4660121842553, "rank": 417152, "this_scored_higher_than_pct": 97, "this_scored_higher_than": 14098268, "rank_type": "exact", "sample_size": 14515442, "percentile": 97}, "similar_age_3m": {"total_number_of_other_articles": 153933, "mean": 14.164518137879, "rank": 7599, "this_scored_higher_than_pct": 95, "this_scored_higher_than": 146328, "rank_type": "exact", "sample_size": 153933, "percentile": 95}, "this_journal": {"total_number_of_other_articles": 75305, "mean": 12.963043530224, "rank": 3193, "this_scored_higher_than_pct": 95, "this_scored_higher_than": 72110, "rank_type": "exact", "sample_size": 75305, "percentile": 95}, "similar_age_this_journal_3m": {"total_number_of_other_articles": 3792, "mean": 16.418049063572, "rank": 146, "this_scored_higher_than_pct": 96, "this_scored_higher_than": 3645, "rank_type": "exact", "sample_size": 3792, "percentile": 96}}}, "demographics": {"poster_types": {"member_of_the_public": 51, "researcher": 22, "science_communicator": 2}, "users": {"twitter": {"cohorts": {"Members of the public": 51, "Scientists": 22, "Science communicators (journalists, bloggers, editors)": 2}}}, "geo": {"twitter": {"US": 16, "JP": 2, "GE": 1, "IT": 5, "CA": 4, "NL": 1, "SE": 1, "AU": 1, "GB": 2, "BE": 1, "FR": 2, "IL": 1, "DE": 1}}}, "posts": {"twitter": [{"license": "gnip", "citation_ids": [77001290], "author": {"tweeter_id": "1949132852"}, "tweet_id": "1234909291041185794"}, {"license": "gnip", "citation_ids": [77001290], "author": {"tweeter_id": "748220402254643200"}, "tweet_id": "1234909292022652928"}, {"license": "gnip", "citation_ids": [77001290], "author": {"tweeter_id": "90941336"}, "tweet_id": "1234909359450148864"}, {"license": "gnip", "citation_ids": [77001290], "author": {"tweeter_id": "16154539"}, "tweet_id": "1234910143164354561"}, {"license": "gnip", "citation_ids": [77001290], "author": {"tweeter_id": "1190736890"}, "tweet_id": "1234910980351700993"}, {"license": "gnip", "citation_ids": [77001290], "author": {"tweeter_id": "29080870"}, "tweet_id": "1234911113080295424"}, {"license": "gnip", "citation_ids": [77001290], "author": {"tweeter_id": "611699110"}, "tweet_id": "1234912070400958464"}, {"license": "gnip", "citation_ids": [77001290], "author": {"tweeter_id": "1676175931"}, "tweet_id": "1234912895537827841"}, {"license": "gnip", "citation_ids": [77001290], "author": {"tweeter_id": "914018537823449088"}, "tweet_id": "1234913046860042243"}, {"license": "gnip", "citation_ids": [77001290], "author": {"tweeter_id": "56302593"}, "tweet_id": "1234913102203846657"}, {"license": "gnip", "citation_ids": [77001290], "author": {"tweeter_id": "1031998878848090113"}, "tweet_id": "1234913321817530369"}, {"license": "gnip", "citation_ids": [77001290], "author": {"tweeter_id": "270973927"}, "tweet_id": "1234914729669398528"}, {"license": "gnip", "citation_ids": [77001290], "author": {"tweeter_id": "582225278"}, "tweet_id": "1234917066139951104"}, {"license": "gnip", "citation_ids": [77001290], "author": {"tweeter_id": "1195899986"}, "tweet_id": "1234917136792842241"}, {"license": "gnip", "citation_ids": [77001290], "author": {"tweeter_id": "2631434974"}, "tweet_id": "1234917491102617600"}, {"license": "gnip", "citation_ids": [77001290], "author": {"tweeter_id": "3438903940"}, "tweet_id": "1234920181669023744"}, {"license": "gnip", "citation_ids": [77001290], "author": {"tweeter_id": "1219998730142867460"}, "tweet_id": "1234922673140043779"}, {"license": "gnip", "citation_ids": [77001290], "author": {"tweeter_id": "2931809134"}, "tweet_id": "1234924036112764928"}, {"license": "gnip", "citation_ids": [77001290], "author": {"tweeter_id": "1219998730142867460"}, "tweet_id": "1234926909039022082"}, {"license": "gnip", "citation_ids": [77001290], "author": {"tweeter_id": "116867280"}, "tweet_id": "1234943710464487425"}, {"license": "gnip", "citation_ids": [77001290], "author": {"tweeter_id": "603843536"}, "tweet_id": "1234958097636044801"}, {"license": "gnip", "citation_ids": [77001290], "author": {"tweeter_id": "1102361015554113536"}, "tweet_id": "1234980929422053381"}, {"license": "gnip", "citation_ids": [77001290], "author": {"tweeter_id": "25927622"}, "tweet_id": "1234980931997331456"}, {"license": "gnip", "citation_ids": [77001290], "author": {"tweeter_id": "112833386"}, "tweet_id": "1234993520525467649"}, {"license": "gnip", "citation_ids": [77001290], "author": {"tweeter_id": "605269037"}, "tweet_id": "1235103944763822081"}, {"license": "gnip", "citation_ids": [77001290], "author": {"tweeter_id": "193464000"}, "tweet_id": "1235116838616326144"}, {"license": "gnip", "citation_ids": [77001290], "author": {"tweeter_id": "1171941888"}, "tweet_id": "1235146571823620097"}, {"license": "gnip", "citation_ids": [77001290], "author": {"tweeter_id": "4901919879"}, "tweet_id": "1235161938792984577"}, {"license": "gnip", "citation_ids": [77001290], "author": {"tweeter_id": "4901919879"}, "tweet_id": "1235161969935749121"}, {"license": "gnip", "citation_ids": [77001290], "author": {"tweeter_id": "582225278"}, "tweet_id": "1235173455512948740"}, {"license": "gnip", "citation_ids": [77001290], "author": {"tweeter_id": "453495437"}, "tweet_id": "1235201418685845504"}, {"license": "gnip", "citation_ids": [77001290], "author": {"tweeter_id": "1235239262494371840"}, "tweet_id": "1235342415969607691"}, {"license": "gnip", "citation_ids": [77001290], "author": {"tweeter_id": "2861337426"}, "tweet_id": "1235458429122162693"}, {"license": "gnip", "citation_ids": [77001290], "author": {"tweeter_id": "582225278"}, "tweet_id": "1235468273111756801"}, {"license": "gnip", "citation_ids": [77001290], "author": {"tweeter_id": "4320596722"}, "tweet_id": "1235515849055838208"}, {"license": "gnip", "citation_ids": [77001290], "author": {"tweeter_id": "397415238"}, "tweet_id": "1235533167991418881"}, {"license": "gnip", "citation_ids": [77001290], "author": {"tweeter_id": "2503955565"}, "tweet_id": "1235533290955829248"}, {"license": "gnip", "citation_ids": [77001290], "author": {"tweeter_id": "793446431705137152"}, "tweet_id": "1235533658879954946"}, {"license": "gnip", "citation_ids": [77001290], "author": {"tweeter_id": "50237845"}, "tweet_id": "1235534322154778624"}, {"license": "gnip", "citation_ids": [77001290], "author": {"tweeter_id": "464623870"}, "tweet_id": "1235535851225899009"}, {"license": "gnip", "citation_ids": [77001290], "author": {"tweeter_id": "396840519"}, "tweet_id": "1235535934164275202"}, {"license": "gnip", "citation_ids": [77001290], "author": {"tweeter_id": "311085387"}, "tweet_id": "1235540066149130240"}, {"license": "gnip", "citation_ids": [77001290], "author": {"tweeter_id": "413966185"}, "tweet_id": "1235541922774757376"}, {"license": "gnip", "citation_ids": [77001290], "author": {"tweeter_id": "882093132"}, "tweet_id": "1235550024752402432"}, {"license": "gnip", "citation_ids": [77001290], "author": {"tweeter_id": "582225278"}, "tweet_id": "1235552061451886592"}, {"license": "gnip", "citation_ids": [77001290], "author": {"tweeter_id": "1235239262494371840"}, "tweet_id": "1235553152780337152"}, {"license": "gnip", "citation_ids": [77001290], "author": {"tweeter_id": "800282186"}, "tweet_id": "1235553173969960960"}, {"license": "gnip", "citation_ids": [77001290], "author": {"tweeter_id": "914910704"}, "tweet_id": "1235564836832129031"}, {"license": "gnip", "citation_ids": [77001290], "author": {"tweeter_id": "311782096"}, "tweet_id": "1235576923293659137"}, {"license": "gnip", "citation_ids": [77001290], "author": {"tweeter_id": "251502134"}, "tweet_id": "1235592162663899141"}, {"license": "gnip", "citation_ids": [77001290], "author": {"tweeter_id": "934632988565946368"}, "tweet_id": "1235602409465864193"}, {"license": "gnip", "citation_ids": [77001290], "author": {"tweeter_id": "847341696"}, "tweet_id": "1235633923180228609"}, {"license": "gnip", "citation_ids": [77001290], "author": {"tweeter_id": "582225278"}, "tweet_id": "1235648566489518080"}, {"license": "gnip", "citation_ids": [77001290], "author": {"tweeter_id": "371376350"}, "tweet_id": "1235651180480671750"}, {"license": "gnip", "citation_ids": [77001290], "author": {"tweeter_id": "2300003405"}, "tweet_id": "1235677399339036673"}, {"license": "gnip", "citation_ids": [77001290], "author": {"tweeter_id": "1001085120801992704"}, "tweet_id": "1235703885638991872"}, {"license": "gnip", "citation_ids": [77001290], "author": {"tweeter_id": "892120710667264001"}, "tweet_id": "1235741100285087744"}, {"license": "gnip", "citation_ids": [77001290], "author": {"tweeter_id": "934632988565946368"}, "tweet_id": "1235774053098676224"}, {"license": "gnip", "citation_ids": [77001290], "author": {"tweeter_id": "246812536"}, "tweet_id": "1235774521233338372"}, {"license": "gnip", "citation_ids": [77001290], "author": {"tweeter_id": "2931809134"}, "tweet_id": "1235804525560090630"}, {"license": "gnip", "citation_ids": [77001290], "author": {"tweeter_id": "582225278"}, "tweet_id": "1235876793225228289"}, {"license": "gnip", "citation_ids": [77001290], "author": {"tweeter_id": "962627369663062016"}, "tweet_id": "1235885342034518016"}, {"license": "gnip", "citation_ids": [77001290], "author": {"tweeter_id": "1006502096"}, "tweet_id": "1235919588136714240"}, {"license": "gnip", "citation_ids": [77001290], "author": {"tweeter_id": "2467226497"}, "tweet_id": "1236068456405049345"}, {"license": "gnip", "citation_ids": [77001290], "author": {"tweeter_id": "1022257999539187716"}, "tweet_id": "1236069581984108545"}, {"license": "gnip", "citation_ids": [77001290], "author": {"tweeter_id": "3318336797"}, "tweet_id": "1236077488419352577"}, {"license": "gnip", "citation_ids": [77001290], "author": {"tweeter_id": "225968641"}, "tweet_id": "1236081510773673984"}, {"license": "gnip", "citation_ids": [77001290], "author": {"tweeter_id": "225968641"}, "tweet_id": "1236081939095998464"}, {"license": "gnip", "citation_ids": [77001290], "author": {"tweeter_id": "225968641"}, "tweet_id": "1236081957299195907"}, {"license": "gnip", "citation_ids": [77001290], "author": {"tweeter_id": "225968641"}, "tweet_id": "1236082209993474050"}, {"license": "gnip", "citation_ids": [77001290], "author": {"tweeter_id": "17312690"}, "tweet_id": "1236082473202864135"}, {"license": "gnip", "citation_ids": [77001290], "author": {"tweeter_id": "1102361015554113536"}, "tweet_id": "1236086025388244992"}, {"license": "gnip", "citation_ids": [77001290], "author": {"tweeter_id": "2171812519"}, "tweet_id": "1236087741378592773"}, {"license": "gnip", "citation_ids": [77001290], "author": {"tweeter_id": "3134314432"}, "tweet_id": "1236154178470383616"}, {"license": "gnip", "citation_ids": [77001290], "author": {"tweeter_id": "1216597899234238464"}, "tweet_id": "1236163814669905920"}, {"license": "gnip", "citation_ids": [77001290], "author": {"tweeter_id": "4727168267"}, "tweet_id": "1236205538079318016"}, {"license": "gnip", "citation_ids": [77001290], "author": {"tweeter_id": "1396059595"}, "tweet_id": "1236243126664101889"}, {"license": "gnip", "citation_ids": [77001290], "author": {"tweeter_id": "89171164"}, "tweet_id": "1236254481349775360"}, {"license": "gnip", "citation_ids": [77001290], "author": {"tweeter_id": "177684507"}, "tweet_id": "1236259943923277824"}, {"license": "gnip", "citation_ids": [77001290], "author": {"tweeter_id": "765636783816208388"}, "tweet_id": "1236260953265770496"}, {"license": "gnip", "citation_ids": [77001290], "author": {"tweeter_id": "311782096"}, "tweet_id": "1236275315317583873"}, {"license": "gnip", "citation_ids": [77001290], "author": {"tweeter_id": "552554416"}, "tweet_id": "1236362982956896257"}, {"license": "gnip", "citation_ids": [77001290], "author": {"tweeter_id": "923894691644563456"}, "tweet_id": "1236391510494654466"}, {"license": "gnip", "citation_ids": [77001290], "author": {"tweeter_id": "360973442"}, "tweet_id": "1236459928899944449"}, {"license": "gnip", "citation_ids": [77001290], "author": {"tweeter_id": "2933208992"}, "tweet_id": "1236460226230050816"}, {"license": "gnip", "citation_ids": [77001290], "author": {"tweeter_id": "866942016"}, "tweet_id": "1236494471178735622"}, {"license": "gnip", "citation_ids": [77001290], "author": {"tweeter_id": "1204694762672013312"}, "tweet_id": "1236711446760902657"}, {"license": "gnip", "citation_ids": [77001290], "author": {"tweeter_id": "1729976024"}, "tweet_id": "1236731131153862657"}, {"license": "gnip", "citation_ids": [77001290], "author": {"tweeter_id": "901724110597767169"}, "tweet_id": "1237153987289165826"}, {"license": "gnip", "citation_ids": [77001290], "author": {"tweeter_id": "901724110597767169"}, "tweet_id": "1237154761880694784"}, {"license": "gnip", "citation_ids": [77001290], "author": {"tweeter_id": "1214555826209210369"}, "tweet_id": "1238028763474079744"}]}, "score": 46.6, "images": {"small": "https://badges.altmetric.com/?size=64&score=47&types=tttttttt", "medium": "https://badges.altmetric.com/?size=100&score=47&types=tttttttt", "large": "https://badges.altmetric.com/?size=180&score=47&types=tttttttt"}}