{"altmetric_id": 76983512, "counts": {"readers": {"mendeley": 0, "citeulike": 0, "connotea": 0}, "total": {"posts_count": 132}, "reddit": {"unique_users_count": 2, "unique_users": ["I_did_dit", "-en-"], "posts_count": 2}, "twitter": {"unique_users_count": 116, "posts_count": 125}, "facebook": {"unique_users_count": 5, "unique_users": ["139267936143724", "6115848166", "366696453471834", "479572978797207", "215019301963281"], "posts_count": 5}}, "citation": {"altmetric_jid": "4f6fa50a3cf058f610003160", "doi": "10.1038/d41586-020-00623-2", "endpage": "7", "first_seen_on": "2020-03-03T17:01:00+00:00", "issns": ["0028-0836", "1476-4687"], "journal": "Nature", "last_mentioned_on": 1584013796, "links": ["https://www.nature.com/articles/d41586-020-00623-2?error=cookies_not_supported&amp;code=58e2a880-90f8-4883-a741-4edd3b86993f", "https://www.nature.com/articles/d41586-020-00623-2?utm_source=twt_nnc&utm_medium=social&utm_campaign=naturenews&error=cookies_not_supported&code=330d10e3-f42e-49fc-8f24-5dda118c7c84", "https://www.nature.com/articles/d41586-020-00623-2?error=cookies_not_supported&code=e1a145f0-dc94-4a97-b521-27e41deb00ab", "https://www.nature.com/articles/d41586-020-00623-2?utm_source=dlvr.it&utm_medium=twitter&utm_campaign=Feed%3A+nature%2Frss%2Fcurrent+%28Nature+-+Issue%29&error=cookies_not_supported&code=ec2f8450-22a2-4ea9-a4b9-0e8df6e0365d", "https://www.nature.com/articles/d41586-020-00623-2?utm_source=dlvr.it&utm_medium=twitter&utm_campaign=Feed%3A+nature%2Frss%2Fcurrent+%28Nature+-+Issue%29&error=cookies_not_supported&code=196edb7c-06d1-4fab-ac72-090b548f59b8", "https://www.nature.com/articles/d41586-020-00623-2?utm_source=dlvr.it&utm_medium=twitter&error=cookies_not_supported&code=cd6166f7-57fd-490a-aa15-fa496f6d4c5f", "https://www.nature.com/articles/d41586-020-00623-2?error=cookies_not_supported&code=11e46994-904f-4a4e-a6da-cae79c033044", "https://www.nature.com/articles/d41586-020-00623-2?utm_source=twitter&utm_medium=social&utm_content=organic&utm_campaign=NGMT_USG_JC01_GL_Nature&error=cookies_not_supported&code=b9318b60-e0f6-419e-b8fe-41ec96159671", "https://www.nature.com/articles/d41586-020-00623-2?utm_source=twt_nnc&utm_medium=social&utm_campaign=naturenews&sf230981346=1&error=cookies_not_supported&code=ea5ab7cb-90d7-4936-8def-7b50e3d2e002", "https://www.nature.com/articles/d41586-020-00623-2?utm_source=fbk_nnc&utm_medium=social&utm_campaign=naturenews&error=cookies_not_supported&code=8fa10f5b-3a58-4a21-9525-24702c0f5f70", "https://www.nature.com/articles/d41586-020-00623-2?utm_source=facebook&utm_medium=social&utm_content=organic&utm_campaign=NGMT_USG_JC01_GL_Nature", "https://www.ncbi.nlm.nih.gov/pubmed/32127714?dopt=Abstract&utm_source=dlvr.it&utm_medium=twitter", "https://www.ncbi.nlm.nih.gov/pubmed/32127714?dopt=Abstract", "https://www.nature.com/articles/d41586-020-00623-2?WT.ec_id=NATURE-20200305&utm_source=nature_etoc&utm_medium=email&utm_campaign=20200305&sap-outbound-id=878F0B9E108BE7C91351FE630180155CDF1E2289&mkt-key=005056B0331B1EE78383BA4F1BF35469&error=cookies_not_supported&code=8df7351f-8692-4447-ae4b-893e48ce2ff0", "https://www.nature.com/articles/d41586-020-00623-2?WT.ec_id=NATURE-20200305&utm_source=nature_etoc&utm_medium=email&utm_campaign=20200305&sap-outbound-id=001CB19900CBE17A0470C77751244D178F41E2E6&mkt-key=005056A5C6311EE9999782768B6C6AC6&error=cookies_not_supported&code=63b2d893-6503-43ce-95af-5f6dee460040", "https://www.nature.com/articles/d41586-020-00623-2?WT.ec_id=NATURE-20200305&utm_source=nature_etoc&utm_medium=email&utm_campaign=20200305&sap-outbound-id=DEE13BE58AD7869AF28C2342DF55CFEC6BF1E85A&mkt-key=005056A5C6311EE9999841505358EEDE&error=cookies_not_supported&code=ac022324-0629-4df9-8ad2-8335abb3410a", "https://www.nature.com/articles/d41586-020-00623-2?WT.ec_id=NATURE-20200305&utm_source=nature_etoc&utm_medium=email&utm_campaign=20200305&sap-outbound-id=FBE51F4BF275536B805DD87A43243332D8B6CC87&mkt-key=005056B0331B1ED994C22165C54F21DC"], "pmid": "32127714", "pubdate": "2020-03-01T00:00:00+00:00", "epubdate": "2020-03-03T00:00:00+00:00", "scopus_subjects": ["General"], "startpage": "7", "title": "Coronavirus response: a focus on containment is still apt", "type": "news"}, "altmetric_score": {"score": 69.7, "score_history": {"1y": 69.7, "6m": 69.7, "3m": 69.7, "1m": 69.7, "1w": 1, "6d": 1, "5d": 0, "4d": 0, "3d": 0, "2d": 0, "1d": 0, "at": 69.7}, "context_for_score": {"all": {"total_number_of_other_articles": 14515761, "mean": 8.4675267257013, "rank": 276452, "this_scored_higher_than_pct": 98, "this_scored_higher_than": 14239218, "rank_type": "exact", "sample_size": 14515761, "percentile": 98}, "similar_age_3m": {"total_number_of_other_articles": 154193, "mean": 14.229039742659, "rank": 5308, "this_scored_higher_than_pct": 96, "this_scored_higher_than": 148881, "rank_type": "exact", "sample_size": 154193, "percentile": 96}, "this_journal": {"total_number_of_other_articles": 72477, "mean": 80.569844583034, "rank": 16605, "this_scored_higher_than_pct": 77, "this_scored_higher_than": 55868, "rank_type": "exact", "sample_size": 72477, "percentile": 77}, "similar_age_this_journal_3m": {"total_number_of_other_articles": 440, "mean": 270.14646469248, "rank": 285, "this_scored_higher_than_pct": 35, "this_scored_higher_than": 155, "rank_type": "exact", "sample_size": 440, "percentile": 35}}}, "demographics": {"poster_types": {"member_of_the_public": 81, "researcher": 18, "practitioner": 11, "science_communicator": 6}, "users": {"twitter": {"cohorts": {"Science communicators (journalists, bloggers, editors)": 6, "Members of the public": 81, "Scientists": 18, "Practitioners (doctors, other healthcare professionals)": 11}}}, "geo": {"twitter": {"US": 19, "BA": 1, "GB": 5, "IN": 4, "KR": 1, "ES": 4, "NL": 1, "CH": 1, "BR": 2, "AR": 1, "SE": 1, "CO": 3, "IE": 1, "DE": 1, "IT": 4, "CL": 1, "JP": 1, "BE": 1, "HK": 1, "AU": 3, "ZA": 4, "DK": 1}}}, "posts": {"reddit": [{"title": "Coronavirus response: a focus on containment is still apt", "url": "http://www.reddit.com/r/TopScience/comments/fcxg6d/coronavirus_response_a_focus_on_containment_is/", "license": "public", "citation_ids": [76983512], "posted_on": "2020-03-03T16:51:08+00:00", "author": {"name": "I_did_dit", "url": "http://www.reddit.com/r/topscience", "id_on_source": "topscience", "followers": 43, "subreddit": "Top science articles in the news!"}}, {"title": "Coronavirus response: a focus on containment is still apt", "url": "http://www.reddit.com/r/newsbotbot/comments/fcxf6w/coronavirus_response_a_focus_on_containment_is/", "license": "public", "citation_ids": [76983512], "posted_on": "2020-03-03T16:49:21+00:00", "author": {"name": "-en-", "url": "http://www.reddit.com/r/newsbotbot", "id_on_source": "newsbotbot", "followers": 1373, "subreddit": "newsbotBOT"}}], "twitter": [{"license": "gnip", "citation_ids": [76983512], "author": {"tweeter_id": "15862891"}, "tweet_id": "1234881739727785985"}, {"license": "gnip", "citation_ids": [76983512], "author": {"tweeter_id": "31357538"}, "tweet_id": "1234881836641161216"}, {"license": "gnip", "citation_ids": [76983512], "author": {"tweeter_id": "25735574"}, "tweet_id": "1234881856853676033"}, {"license": "gnip", "citation_ids": [76983512], "author": {"tweeter_id": "1329783187"}, "tweet_id": "1234882074781405185"}, {"license": "gnip", "citation_ids": [76983512], "author": {"tweeter_id": "19908830"}, "tweet_id": "1234882610075185152"}, {"license": "gnip", "citation_ids": [76983512], "author": {"tweeter_id": "129364027"}, "tweet_id": "1234882769550860288"}, {"license": "gnip", "citation_ids": [76983512], "author": {"tweeter_id": "849293340"}, "tweet_id": "1234883021850976256"}, {"license": "gnip", "citation_ids": [76983512], "author": {"tweeter_id": "3006834917"}, "tweet_id": "1234883877233033216"}, {"license": "gnip", "citation_ids": [76983512], "author": {"tweeter_id": "48788453"}, "tweet_id": "1234884279395479552"}, {"license": "gnip", "citation_ids": [76983512], "author": {"tweeter_id": "36609284"}, "tweet_id": "1234884655809122304"}, {"license": "gnip", "citation_ids": [76983512], "author": {"tweeter_id": "40695119"}, "tweet_id": "1234885018238894080"}, {"license": "gnip", "citation_ids": [76983512], "author": {"tweeter_id": "456396772"}, "tweet_id": "1234885205866844161"}, {"license": "gnip", "citation_ids": [76983512], "author": {"tweeter_id": "1130856064600068098"}, "tweet_id": "1234885365468549120"}, {"license": "gnip", "citation_ids": [76983512], "author": {"tweeter_id": "1735161025"}, "tweet_id": "1234885406354788354"}, {"license": "gnip", "citation_ids": [76983512], "author": {"tweeter_id": "871019072540090369"}, "tweet_id": "1234885462046588928"}, {"license": "gnip", "citation_ids": [76983512], "author": {"tweeter_id": "3006834917"}, "tweet_id": "1234885508200726529"}, {"license": "gnip", "citation_ids": [76983512], "author": {"tweeter_id": "2565865626"}, "tweet_id": "1234885531680616450"}, {"license": "gnip", "citation_ids": [76983512], "author": {"tweeter_id": "128890833"}, "tweet_id": "1234888089845190656"}, {"license": "gnip", "citation_ids": [76983512], "author": {"tweeter_id": "204686928"}, "tweet_id": "1234902248729141249"}, {"license": "gnip", "citation_ids": [76983512], "author": {"tweeter_id": "2527502816"}, "tweet_id": "1234905590654275584"}, {"license": "gnip", "citation_ids": [76983512], "author": {"tweeter_id": "275654150"}, "tweet_id": "1234921049298522112"}, {"license": "gnip", "citation_ids": [76983512], "author": {"tweeter_id": "917815839780302850"}, "tweet_id": "1234937572540940291"}, {"license": "gnip", "citation_ids": [76983512], "author": {"tweeter_id": "2507111502"}, "tweet_id": "1234948100676034561"}, {"license": "gnip", "citation_ids": [76983512], "author": {"tweeter_id": "85362790"}, "tweet_id": "1234993933748322304"}, {"license": "gnip", "citation_ids": [76983512], "author": {"tweeter_id": "2422576105"}, "tweet_id": "1235005195840638977"}, {"license": "gnip", "citation_ids": [76983512], "author": {"tweeter_id": "329085723"}, "tweet_id": "1235119068090261504"}, {"license": "gnip", "citation_ids": [76983512], "author": {"tweeter_id": "751842996"}, "tweet_id": "1235126273112002568"}, {"license": "gnip", "citation_ids": [76983512], "author": {"tweeter_id": "1057356487"}, "tweet_id": "1235128509108031488"}, {"license": "gnip", "citation_ids": [76983512], "author": {"tweeter_id": "3238985487"}, "tweet_id": "1235133929839042562"}, {"license": "gnip", "citation_ids": [76983512], "author": {"tweeter_id": "21924543"}, "tweet_id": "1235136414263791617"}, {"license": "gnip", "citation_ids": [76983512], "author": {"tweeter_id": "16499925"}, "tweet_id": "1235166401184358400"}, {"license": "gnip", "citation_ids": [76983512], "author": {"tweeter_id": "3172652068"}, "tweet_id": "1235190698032484353"}, {"license": "gnip", "citation_ids": [76983512], "author": {"tweeter_id": "40220874"}, "tweet_id": "1235195590889402368"}, {"license": "gnip", "citation_ids": [76983512], "author": {"tweeter_id": "40220874"}, "tweet_id": "1235201862053359622"}, {"license": "gnip", "citation_ids": [76983512], "author": {"tweeter_id": "503676958"}, "tweet_id": "1235202445166473218"}, {"license": "gnip", "citation_ids": [76983512], "author": {"tweeter_id": "855946392468164608"}, "tweet_id": "1235218842147749888"}, {"license": "gnip", "citation_ids": [76983512], "author": {"tweeter_id": "1122984936322023426"}, "tweet_id": "1235240548170190848"}, {"license": "gnip", "citation_ids": [76983512], "author": {"tweeter_id": "1122984936322023426"}, "tweet_id": "1235240932028620803"}, {"license": "gnip", "citation_ids": [76983512], "author": {"tweeter_id": "1216110572288331776"}, "tweet_id": "1235241541234544641"}, {"license": "gnip", "citation_ids": [76983512], "author": {"tweeter_id": "487833518"}, "tweet_id": "1235255439308345346"}, {"license": "gnip", "citation_ids": [76983512], "author": {"tweeter_id": "1108759058"}, "tweet_id": "1235255592396230660"}, {"license": "gnip", "citation_ids": [76983512], "author": {"tweeter_id": "1066556678"}, "tweet_id": "1235255897863180290"}, {"license": "gnip", "citation_ids": [76983512], "author": {"tweeter_id": "997187106110955520"}, "tweet_id": "1235255918494965762"}, {"license": "gnip", "citation_ids": [76983512], "author": {"tweeter_id": "16965976"}, "tweet_id": "1235256032840110083"}, {"license": "gnip", "citation_ids": [76983512], "author": {"tweeter_id": "968878369"}, "tweet_id": "1235256067468206081"}, {"license": "gnip", "citation_ids": [76983512], "author": {"tweeter_id": "40808900"}, "tweet_id": "1235256139694174209"}, {"license": "gnip", "citation_ids": [76983512], "author": {"tweeter_id": "1221366000752324609"}, "tweet_id": "1235256196556185600"}, {"license": "gnip", "citation_ids": [76983512], "author": {"tweeter_id": "1220711048149291008"}, "tweet_id": "1235256291049664512"}, {"license": "gnip", "citation_ids": [76983512], "author": {"tweeter_id": "2805741664"}, "tweet_id": "1235256553290240005"}, {"license": "gnip", "citation_ids": [76983512], "author": {"tweeter_id": "1234449123446751236"}, "tweet_id": "1235256745611743232"}, {"license": "gnip", "citation_ids": [76983512], "author": {"tweeter_id": "830201492774625280"}, "tweet_id": "1235257584006774785"}, {"license": "gnip", "citation_ids": [76983512], "author": {"tweeter_id": "3304687998"}, "tweet_id": "1235257952421871623"}, {"license": "gnip", "citation_ids": [76983512], "author": {"tweeter_id": "175813953"}, "tweet_id": "1235259978245693446"}, {"license": "gnip", "citation_ids": [76983512], "author": {"tweeter_id": "20826640"}, "tweet_id": "1235260466345046021"}, {"license": "gnip", "citation_ids": [76983512], "author": {"tweeter_id": "15862891"}, "tweet_id": "1235263787340632070"}, {"license": "gnip", "citation_ids": [76983512], "author": {"tweeter_id": "175806207"}, "tweet_id": "1235263936074780672"}, {"license": "gnip", "citation_ids": [76983512], "author": {"tweeter_id": "1229177505761853440"}, "tweet_id": "1235264263196991488"}, {"license": "gnip", "citation_ids": [76983512], "author": {"tweeter_id": "1566409892"}, "tweet_id": "1235264427768901632"}, {"license": "gnip", "citation_ids": [76983512], "author": {"tweeter_id": "28991794"}, "tweet_id": "1235264460857552898"}, {"license": "gnip", "citation_ids": [76983512], "author": {"tweeter_id": "1085408075656384514"}, "tweet_id": "1235265310820896771"}, {"license": "gnip", "citation_ids": [76983512], "author": {"tweeter_id": "2314447536"}, "tweet_id": "1235265511832702976"}, {"license": "gnip", "citation_ids": [76983512], "author": {"tweeter_id": "1196834231277764609"}, "tweet_id": "1235265804607934471"}, {"license": "gnip", "citation_ids": [76983512], "author": {"tweeter_id": "700587741"}, "tweet_id": "1235266453848416256"}, {"license": "gnip", "citation_ids": [76983512], "author": {"tweeter_id": "1171739160224378881"}, "tweet_id": "1235267462809219073"}, {"license": "gnip", "citation_ids": [76983512], "author": {"tweeter_id": "3248863286"}, "tweet_id": "1235267847086989312"}, {"license": "gnip", "citation_ids": [76983512], "author": {"tweeter_id": "114450156"}, "tweet_id": "1235268362705326080"}, {"license": "gnip", "citation_ids": [76983512], "author": {"tweeter_id": "20826640"}, "tweet_id": "1235269162529738752"}, {"license": "gnip", "citation_ids": [76983512], "author": {"tweeter_id": "1171922526"}, "tweet_id": "1235270955594895361"}, {"license": "gnip", "citation_ids": [76983512], "author": {"tweeter_id": "204686928"}, "tweet_id": "1235272644842250241"}, {"license": "gnip", "citation_ids": [76983512], "author": {"tweeter_id": "740618438872170500"}, "tweet_id": "1235273917335367682"}, {"license": "gnip", "citation_ids": [76983512], "author": {"tweeter_id": "118380907"}, "tweet_id": "1235276629858975745"}, {"license": "gnip", "citation_ids": [76983512], "author": {"tweeter_id": "2358434295"}, "tweet_id": "1235282733355749378"}, {"license": "gnip", "citation_ids": [76983512], "author": {"tweeter_id": "12179872"}, "tweet_id": "1235283862445490176"}, {"license": "gnip", "citation_ids": [76983512], "author": {"tweeter_id": "308650574"}, "tweet_id": "1235286485357735936"}, {"license": "gnip", "citation_ids": [76983512], "author": {"tweeter_id": "765400964"}, "tweet_id": "1235288075766501376"}, {"license": "gnip", "citation_ids": [76983512], "author": {"tweeter_id": "580633644"}, "tweet_id": "1235313206454820864"}, {"license": "gnip", "citation_ids": [76983512], "author": {"tweeter_id": "1235312911582728193"}, "tweet_id": "1235313596567080960"}, {"license": "gnip", "citation_ids": [76983512], "author": {"tweeter_id": "1957550522"}, "tweet_id": "1235314560938188803"}, {"license": "gnip", "citation_ids": [76983512], "author": {"tweeter_id": "1112755821295755264"}, "tweet_id": "1235317946928463878"}, {"license": "gnip", "citation_ids": [76983512], "author": {"tweeter_id": "213248604"}, "tweet_id": "1235335051677704192"}, {"license": "gnip", "citation_ids": [76983512], "author": {"tweeter_id": "705106638995206144"}, "tweet_id": "1235372699481825283"}, {"license": "gnip", "citation_ids": [76983512], "author": {"tweeter_id": "324901003"}, "tweet_id": "1235384407990472705"}, {"license": "gnip", "citation_ids": [76983512], "author": {"tweeter_id": "183655519"}, "tweet_id": "1235389407886053382"}, {"license": "gnip", "citation_ids": [76983512], "author": {"tweeter_id": "79293837"}, "tweet_id": "1235414646389121025"}, {"license": "gnip", "citation_ids": [76983512], "author": {"tweeter_id": "3033203661"}, "tweet_id": "1235453040850804736"}, {"license": "gnip", "citation_ids": [76983512], "author": {"tweeter_id": "388798786"}, "tweet_id": "1235490139704627202"}, {"license": "gnip", "citation_ids": [76983512], "author": {"tweeter_id": "1191745846615957506"}, "tweet_id": "1235521718120099840"}, {"license": "gnip", "citation_ids": [76983512], "author": {"tweeter_id": "4906283301"}, "tweet_id": "1235522035629076481"}, {"license": "gnip", "citation_ids": [76983512], "author": {"tweeter_id": "813423541"}, "tweet_id": "1235539729547808769"}, {"license": "gnip", "citation_ids": [76983512], "author": {"tweeter_id": "920393128401604608"}, "tweet_id": "1235559434337873921"}, {"license": "gnip", "citation_ids": [76983512], "author": {"tweeter_id": "227429355"}, "tweet_id": "1235580418721812480"}, {"license": "gnip", "citation_ids": [76983512], "author": {"tweeter_id": "252304755"}, "tweet_id": "1235580567174995968"}, {"license": "gnip", "citation_ids": [76983512], "author": {"tweeter_id": "140486969"}, "tweet_id": "1235581010026299392"}, {"license": "gnip", "citation_ids": [76983512], "author": {"tweeter_id": "212757204"}, "tweet_id": "1235581683715334144"}, {"license": "gnip", "citation_ids": [76983512], "author": {"tweeter_id": "580633644"}, "tweet_id": "1235590119803019264"}, {"license": "gnip", "citation_ids": [76983512], "author": {"tweeter_id": "299883816"}, "tweet_id": "1235590588830900224"}, {"license": "gnip", "citation_ids": [76983512], "author": {"tweeter_id": "59785531"}, "tweet_id": "1235592265982070785"}, {"license": "gnip", "citation_ids": [76983512], "author": {"tweeter_id": "456396772"}, "tweet_id": "1235593911516553217"}, {"license": "gnip", "citation_ids": [76983512], "author": {"tweeter_id": "504273161"}, "tweet_id": "1235598859121963014"}, {"license": "gnip", "citation_ids": [76983512], "author": {"tweeter_id": "914950525"}, "tweet_id": "1235610189824487424"}, {"license": "gnip", "citation_ids": [76983512], "author": {"tweeter_id": "1037558870"}, "tweet_id": "1235612616388685824"}, {"license": "gnip", "citation_ids": [76983512], "author": {"tweeter_id": "45521374"}, "tweet_id": "1235639811727228928"}, {"license": "gnip", "citation_ids": [76983512], "author": {"tweeter_id": "3906553700"}, "tweet_id": "1235649621986136065"}, {"license": "gnip", "citation_ids": [76983512], "author": {"tweeter_id": "1226239458636333062"}, "tweet_id": "1235654368332038147"}, {"license": "gnip", "citation_ids": [76983512], "author": {"tweeter_id": "250275020"}, "tweet_id": "1235656676029673472"}, {"license": "gnip", "citation_ids": [76983512], "author": {"tweeter_id": "23129668"}, "tweet_id": "1235673827054501888"}, {"license": "gnip", "citation_ids": [76983512], "author": {"tweeter_id": "963160681729032194"}, "tweet_id": "1235683164049178626"}, {"license": "gnip", "citation_ids": [76983512], "author": {"tweeter_id": "133405750"}, "tweet_id": "1235709477283934208"}, {"license": "gnip", "citation_ids": [76983512], "author": {"tweeter_id": "1012692323669405696"}, "tweet_id": "1235743006441058304"}, {"license": "gnip", "citation_ids": [76983512], "author": {"tweeter_id": "378228026"}, "tweet_id": "1235824736057176065"}, {"license": "gnip", "citation_ids": [76983512], "author": {"tweeter_id": "1121502456293285891"}, "tweet_id": "1235825669541523457"}, {"license": "gnip", "citation_ids": [76983512], "author": {"tweeter_id": "573642305"}, "tweet_id": "1235826351950589953"}, {"license": "gnip", "citation_ids": [76983512], "author": {"tweeter_id": "32866545"}, "tweet_id": "1235826439972249600"}, {"license": "gnip", "citation_ids": [76983512], "author": {"tweeter_id": "3019638591"}, "tweet_id": "1235906965701824513"}, {"license": "gnip", "citation_ids": [76983512], "author": {"tweeter_id": "1122984936322023426"}, "tweet_id": "1235926292832321537"}, {"license": "gnip", "citation_ids": [76983512], "author": {"tweeter_id": "271622281"}, "tweet_id": "1235943720379453442"}, {"license": "gnip", "citation_ids": [76983512], "author": {"tweeter_id": "1074239985098858496"}, "tweet_id": "1235978723981172736"}, {"license": "gnip", "citation_ids": [76983512], "author": {"tweeter_id": "1172354938900496384"}, "tweet_id": "1236052249677348866"}, {"license": "gnip", "citation_ids": [76983512], "author": {"tweeter_id": "773340859303682049"}, "tweet_id": "1236282594687430657"}, {"license": "gnip", "citation_ids": [76983512], "author": {"tweeter_id": "4227829499"}, "tweet_id": "1236325359962017793"}, {"license": "gnip", "citation_ids": [76983512], "author": {"tweeter_id": "25793183"}, "tweet_id": "1236332958421864451"}, {"license": "gnip", "citation_ids": [76983512], "author": {"tweeter_id": "1630698571"}, "tweet_id": "1236336850530381831"}, {"license": "gnip", "citation_ids": [76983512], "author": {"tweeter_id": "533598342"}, "tweet_id": "1236502726940348416"}, {"license": "gnip", "citation_ids": [76983512], "author": {"tweeter_id": "299033589"}, "tweet_id": "1237180968043249664"}, {"license": "gnip", "citation_ids": [76983512], "author": {"tweeter_id": "159886508"}, "tweet_id": "1238069711834923008"}], "facebook": [{"title": "Coronavirus response: a focus on containment is still apt", "url": "https://www.facebook.com/permalink.php?story_fbid=3520298768040607&id=139267936143724", "license": "public", "citation_ids": [76983512], "posted_on": "2020-03-03T16:41:06+00:00", "summary": "Despite COVID-19\u2019s spread to new countries, the evidence suggests it is yet possible to curb the virus.", "author": {"name": "Nature News and Comment", "url": "https://www.facebook.com/139267936143724", "facebook_wall_name": "Nature News and Comment", "image": "https://graph.facebook.com/139267936143724/picture", "id_on_source": "139267936143724"}}, {"title": "Coronavirus response: a focus on containment is still apt", "url": "https://www.facebook.com/permalink.php?story_fbid=10157449673858167&id=6115848166", "license": "public", "citation_ids": [76983512], "posted_on": "2020-03-05T09:00:26+00:00", "summary": "Editorial: All countries must put in place containment measures for the novel coronavirus. But the p-word (pandemic) should remain on the table. If the virus spread accelerates, it may be necessary to use it.", "author": {"name": "Nature", "url": "https://www.facebook.com/6115848166", "facebook_wall_name": "Nature", "image": "https://graph.facebook.com/6115848166/picture", "id_on_source": "6115848166"}}, {"title": "Coronavirus response: a focus on containment is still apt", "url": "https://www.facebook.com/permalink.php?story_fbid=1660869510721182&id=366696453471834", "license": "public", "citation_ids": [76983512], "posted_on": "2020-03-04T04:21:57+00:00", "summary": "Despite COVID-19\u2019s spread to new countries, the evidence suggests it is yet possible to curb the virus.", "author": {"name": "Indian Analytical Chemists", "url": "https://www.facebook.com/366696453471834", "facebook_wall_name": "Indian Analytical Chemists", "image": "https://graph.facebook.com/366696453471834/picture", "id_on_source": "366696453471834"}}, {"title": "Nature News and Comment", "url": "https://www.facebook.com/permalink.php?story_fbid=2746416245446191&id=479572978797207", "license": "public", "citation_ids": [76983512], "posted_on": "2020-03-04T11:02:18+00:00", "summary": "Despite COVID-19\u2019s spread to new countries, the evidence suggests it is yet possible to curb the virus.", "author": {"name": "Scientific Information & News", "url": "https://www.facebook.com/479572978797207", "facebook_wall_name": "Scientific Information & News", "image": "https://graph.facebook.com/479572978797207/picture", "id_on_source": "479572978797207"}}, {"title": "Coronavirus response: a focus on containment is still apt", "url": "https://www.facebook.com/permalink.php?story_fbid=1849244428540752&id=215019301963281", "license": "public", "citation_ids": [76983512], "posted_on": "2020-03-05T19:18:39+00:00", "summary": "Respuesta ante el Coronavirus : Enfocarse en la contenci\u00f3n es a\u00fan adecuado", "author": {"name": "Consultoria Diagn\u00f3stica en Anatomia Patologica", "url": "https://www.facebook.com/215019301963281", "facebook_wall_name": "Consultoria Diagn\u00f3stica en Anatomia Patologica", "image": "https://graph.facebook.com/215019301963281/picture", "id_on_source": "215019301963281"}}]}, "score": 69.7, "images": {"small": "https://badges.altmetric.com/?size=64&score=70&types=rttttttf", "medium": "https://badges.altmetric.com/?size=100&score=70&types=rttttttf", "large": "https://badges.altmetric.com/?size=180&score=70&types=rttttttf"}}