{"altmetric_id": 77517455, "counts": {"readers": {"mendeley": 0, "citeulike": 0, "connotea": 0}, "total": {"posts_count": 40}, "twitter": {"unique_users_count": 38, "posts_count": 40}}, "citation": {"altmetric_jid": "532721422a83ee84788b4567", "authors": ["Li, Chenyu", "Debruyne, David", "Spencer, Julia", "Kapoor, Vidushi", "Liu, Lily Y.", "Zhang, Bo", "Lee, Lucie", "Feigelman, Rounak", "Burdon, Grayson", "Liu, Jeffrey", "Oliva, Alejandra", "Borcherding, Adam", "Xu, Jian", "Urban, Alexander E.", "Liu, Guoying", "Liu, Zhitong"], "doi": "10.1101/2020.03.12.988246", "first_seen_on": "2020-03-14T20:05:38+00:00", "issns": [], "journal": "bioRxiv", "last_mentioned_on": 1584428631, "links": ["https://www.biorxiv.org/content/10.1101/2020.03.12.988246v1", "https://www.biorxiv.org/content/10.1101/2020.03.12.988246v1?rss=1&utm_source=dlvr.it&utm_medium=twitter", "http://biorxiv.org/lookup/doi/10.1101/2020.03.12.988246"], "pdf_url": "https://www.biorxiv.org/content/biorxiv/early/2020/03/14/2020.03.12.988246.full.pdf", "publisher": "Cold Spring Harbor Laboratory", "title": "High sensitivity detection of SARS-CoV-2 using multiplex PCR and a multiplex-PCR-based metagenomic method", "type": "article"}, "altmetric_score": {"score": 18.05, "score_history": {"1y": 18.05, "6m": 18.05, "3m": 18.05, "1m": 18.05, "1w": 18.05, "6d": 18.05, "5d": 18.05, "4d": 18.05, "3d": 18.05, "2d": 4.45, "1d": 1.85, "at": 18.05}, "context_for_score": {"all": {"total_number_of_other_articles": 14511678, "mean": 8.4630890268464, "rank": 971095, "this_scored_higher_than_pct": 93, "this_scored_higher_than": 13539245, "rank_type": "exact", "sample_size": 14511678, "percentile": 93}, "similar_age_3m": {"total_number_of_other_articles": 142511, "mean": 13.752202540173, "rank": 14597, "this_scored_higher_than_pct": 89, "this_scored_higher_than": 127876, "rank_type": "exact", "sample_size": 142511, "percentile": 89}, "this_journal": {"total_number_of_other_articles": 75294, "mean": 12.923892367152, "rank": 12761, "this_scored_higher_than_pct": 82, "this_scored_higher_than": 62493, "rank_type": "exact", "sample_size": 75294, "percentile": 82}, "similar_age_this_journal_3m": {"total_number_of_other_articles": 3747, "mean": 16.158548318207, "rank": 507, "this_scored_higher_than_pct": 86, "this_scored_higher_than": 3237, "rank_type": "exact", "sample_size": 3747, "percentile": 86}}}, "demographics": {"poster_types": {"member_of_the_public": 23, "researcher": 15}, "users": {"twitter": {"cohorts": {"Members of the public": 23, "Scientists": 15}}}, "geo": {"twitter": {"US": 11, "GB": 1, "CA": 3, "JP": 2, "CH": 2, "CZ": 1, "DE": 2, "EC": 1, "AU": 1, "QA": 1, "NL": 1, "ES": 1}}}, "posts": {"twitter": [{"license": "gnip", "citation_ids": [77517455], "author": {"tweeter_id": "1949132852"}, "tweet_id": "1238919175126556673"}, {"license": "gnip", "citation_ids": [77517455], "author": {"tweeter_id": "745347271961755649"}, "tweet_id": "1238919176061943818"}, {"license": "gnip", "citation_ids": [77517455], "author": {"tweeter_id": "737940485977804800"}, "tweet_id": "1238919585207742464"}, {"license": "gnip", "citation_ids": [77517455], "author": {"tweeter_id": "15504380"}, "tweet_id": "1238920935450820608"}, {"license": "gnip", "citation_ids": [77517455], "author": {"tweeter_id": "90941336"}, "tweet_id": "1238921340041588736"}, {"license": "gnip", "citation_ids": [77517455], "author": {"tweeter_id": "2202909733"}, "tweet_id": "1238922447421923328"}, {"license": "gnip", "citation_ids": [77517455], "author": {"tweeter_id": "2166933879"}, "tweet_id": "1238923918066532361"}, {"license": "gnip", "citation_ids": [77517455], "author": {"tweeter_id": "905962948161662977"}, "tweet_id": "1238926381389459456"}, {"license": "gnip", "citation_ids": [77517455], "author": {"tweeter_id": "110770052"}, "tweet_id": "1238931118415626241"}, {"license": "gnip", "citation_ids": [77517455], "author": {"tweeter_id": "431697248"}, "tweet_id": "1238932064130523137"}, {"license": "gnip", "citation_ids": [77517455], "author": {"tweeter_id": "2892546849"}, "tweet_id": "1238933619663568896"}, {"license": "gnip", "citation_ids": [77517455], "author": {"tweeter_id": "285929895"}, "tweet_id": "1238934401167302660"}, {"license": "gnip", "citation_ids": [77517455], "author": {"tweeter_id": "77309658"}, "tweet_id": "1238935651246014464"}, {"license": "gnip", "citation_ids": [77517455], "author": {"tweeter_id": "322373965"}, "tweet_id": "1238935766962667525"}, {"license": "gnip", "citation_ids": [77517455], "author": {"tweeter_id": "244621364"}, "tweet_id": "1238938688152899584"}, {"license": "gnip", "citation_ids": [77517455], "author": {"tweeter_id": "2887436321"}, "tweet_id": "1238938725016633344"}, {"license": "gnip", "citation_ids": [77517455], "author": {"tweeter_id": "856646196378710017"}, "tweet_id": "1238941797671415810"}, {"license": "gnip", "citation_ids": [77517455], "author": {"tweeter_id": "1344890352"}, "tweet_id": "1238943165660499969"}, {"license": "gnip", "citation_ids": [77517455], "author": {"tweeter_id": "3162597264"}, "tweet_id": "1238950950850592768"}, {"license": "gnip", "citation_ids": [77517455], "author": {"tweeter_id": "305221233"}, "tweet_id": "1238962808064077824"}, {"license": "gnip", "citation_ids": [77517455], "author": {"tweeter_id": "57381942"}, "tweet_id": "1238963121869525000"}, {"license": "gnip", "citation_ids": [77517455], "author": {"tweeter_id": "57381942"}, "tweet_id": "1238963162281652229"}, {"license": "gnip", "citation_ids": [77517455], "author": {"tweeter_id": "1347449610"}, "tweet_id": "1238963443077709830"}, {"license": "gnip", "citation_ids": [77517455], "author": {"tweeter_id": "928975937273847809"}, "tweet_id": "1238963656701984769"}, {"license": "gnip", "citation_ids": [77517455], "author": {"tweeter_id": "48431625"}, "tweet_id": "1238964862828625921"}, {"license": "gnip", "citation_ids": [77517455], "author": {"tweeter_id": "747842305311178753"}, "tweet_id": "1238987615413489665"}, {"license": "gnip", "citation_ids": [77517455], "author": {"tweeter_id": "241400860"}, "tweet_id": "1239040331871596545"}, {"license": "gnip", "citation_ids": [77517455], "author": {"tweeter_id": "842814927379333120"}, "tweet_id": "1239040721061019648"}, {"license": "gnip", "citation_ids": [77517455], "author": {"tweeter_id": "840405578090446848"}, "tweet_id": "1239041178017902592"}, {"license": "gnip", "citation_ids": [77517455], "author": {"tweeter_id": "860248362691338240"}, "tweet_id": "1239052141748260865"}, {"license": "gnip", "citation_ids": [77517455], "author": {"tweeter_id": "135677186"}, "tweet_id": "1239068868775206915"}, {"license": "gnip", "citation_ids": [77517455], "author": {"tweeter_id": "1058364586028605440"}, "tweet_id": "1239098923681185792"}, {"license": "gnip", "citation_ids": [77517455], "author": {"tweeter_id": "723159526879465476"}, "tweet_id": "1239146166094266368"}, {"license": "gnip", "citation_ids": [77517455], "author": {"tweeter_id": "4901919879"}, "tweet_id": "1239174824661897216"}, {"license": "gnip", "citation_ids": [77517455], "author": {"tweeter_id": "4901919879"}, "tweet_id": "1239174883797389314"}, {"license": "gnip", "citation_ids": [77517455], "author": {"tweeter_id": "69441276"}, "tweet_id": "1239179752155430913"}, {"license": "gnip", "citation_ids": [77517455], "author": {"tweeter_id": "3389342548"}, "tweet_id": "1239296514217988097"}, {"license": "gnip", "citation_ids": [77517455], "author": {"tweeter_id": "1364213185"}, "tweet_id": "1239369545950859264"}, {"license": "gnip", "citation_ids": [77517455], "author": {"tweeter_id": "1234610192534450181"}, "tweet_id": "1239797770330034183"}, {"license": "gnip", "citation_ids": [77517455], "author": {"tweeter_id": "3000018229"}, "tweet_id": "1239809658140811264"}]}, "score": 18.05, "images": {"small": "https://badges.altmetric.com/?size=64&score=19&types=tttttttt", "medium": "https://badges.altmetric.com/?size=100&score=19&types=tttttttt", "large": "https://badges.altmetric.com/?size=180&score=19&types=tttttttt"}}