{"altmetric_id": 74882112, "counts": {"readers": {"mendeley": 0, "citeulike": 0, "connotea": 0}, "total": {"posts_count": 23}, "twitter": {"unique_users_count": 21, "posts_count": 23}}, "citation": {"altmetric_jid": "4f6fa4e93cf058f61000245c", "authors": ["Jane Parry"], "doi": "10.1136/bmj.m351", "first_seen_on": "2020-02-01T20:54:07+00:00", "issns": ["1756-1833"], "journal": "British Medical Journal", "last_mentioned_on": 1581089422, "links": ["https://www.ncbi.nlm.nih.gov/pubmed/31996342", "https://www.bmj.com/content/368/bmj.m351", "https://www.bmj.com/content/368/bmj.m351.short?rss=1&utm_source=dlvr.it&utm_medium=twitter&utm_campaign=Feed%3A+bmj%2Frecent+%28Latest+from+BMJ%29", "https://www.bmj.com/content/368/bmj.m351.short?rss=1&utm_source=dlvr.it&utm_medium=twitter", "https://www.bmj.com/content/368/bmj.m351?utm_source=twitter&utm_medium=social&utm_term=hootsuite&utm_content=sme&utm_campaign=usage", "https://www.bmj.com/content/368/bmj.m351?=&utm_source=adestra&utm_medium=email&utm_campaign=usage&utm_content=daily&utm_term=texten", "https://www.bmj.com/content/368/bmj.m351.long"], "pdf_url": "https://www.bmj.com/content/bmj/368/bmj.m351.full.pdf", "pmid": "31996342", "epubdate": "2020-01-29T00:00:00+00:00", "publisher_subjects": [{"name": "Public Health And Health Services", "scheme": "era"}], "scopus_subjects": ["Medicine", "Health Sciences"], "title": "Wuhan: Britons to be evacuated as scientists estimate 44 000 cases of 2019-nCOV in the city", "type": "article", "volume": "368"}, "altmetric_score": {"score": 10.7, "score_history": {"1y": 10.7, "6m": 10.7, "3m": 10.7, "1m": 0, "1w": 0, "6d": 0, "5d": 0, "4d": 0, "3d": 0, "2d": 0, "1d": 0, "at": 10.7}, "context_for_score": {"all": {"total_number_of_other_articles": 14479227, "mean": 8.4408747973036, "rank": 1595994, "this_scored_higher_than_pct": 88, "this_scored_higher_than": 12880878, "rank_type": "exact", "sample_size": 14479227, "percentile": 88}, "similar_age_3m": {"total_number_of_other_articles": 224447, "mean": 13.068805824118, "rank": 36762, "this_scored_higher_than_pct": 83, "this_scored_higher_than": 187578, "rank_type": "exact", "sample_size": 224447, "percentile": 83}, "this_journal": {"total_number_of_other_articles": 46560, "mean": 31.140145879422, "rank": 16405, "this_scored_higher_than_pct": 64, "this_scored_higher_than": 30127, "rank_type": "exact", "sample_size": 46560, "percentile": 64}, "similar_age_this_journal_3m": {"total_number_of_other_articles": 477, "mean": 73.655142857143, "rank": 256, "this_scored_higher_than_pct": 46, "this_scored_higher_than": 220, "rank_type": "exact", "sample_size": 477, "percentile": 46}}}, "demographics": {"poster_types": {"member_of_the_public": 12, "researcher": 3, "practitioner": 5, "science_communicator": 1}, "users": {"twitter": {"cohorts": {"Members of the public": 12, "Practitioners (doctors, other healthcare professionals)": 5, "Science communicators (journalists, bloggers, editors)": 1, "Scientists": 3}}}, "geo": {"twitter": {"BE": 1, "GB": 5, "ES": 1, "CL": 1, "CA": 1, "NL": 1, "VE": 1, "JP": 1}}}, "posts": {"twitter": [{"license": "gnip", "citation_ids": [74882112], "author": {"tweeter_id": "283604227"}, "tweet_id": "1222536153909231617"}, {"license": "gnip", "citation_ids": [74882112], "author": {"tweeter_id": "283604227"}, "tweet_id": "1222537770905661441"}, {"license": "gnip", "citation_ids": [74882112], "author": {"tweeter_id": "45739397"}, "tweet_id": "1222541850990596102"}, {"license": "gnip", "citation_ids": [74882112], "author": {"tweeter_id": "369428784"}, "tweet_id": "1222544461349171202"}, {"license": "gnip", "citation_ids": [74882112], "author": {"tweeter_id": "16949344"}, "tweet_id": "1222553762402918412"}, {"license": "gnip", "citation_ids": [74882112], "author": {"tweeter_id": "28206117"}, "tweet_id": "1222553916040208389"}, {"license": "gnip", "citation_ids": [74882112], "author": {"tweeter_id": "40753142"}, "tweet_id": "1222554121284325376"}, {"license": "gnip", "citation_ids": [74882112], "author": {"tweeter_id": "16949344"}, "tweet_id": "1222563570283622400"}, {"license": "gnip", "citation_ids": [74882112], "author": {"tweeter_id": "830115133565329409"}, "tweet_id": "1222569733968392192"}, {"license": "gnip", "citation_ids": [74882112], "author": {"tweeter_id": "596300757"}, "tweet_id": "1222573777168621570"}, {"license": "gnip", "citation_ids": [74882112], "author": {"tweeter_id": "1731823274"}, "tweet_id": "1222578650693951489"}, {"license": "gnip", "citation_ids": [74882112], "author": {"tweeter_id": "836202807271243776"}, "tweet_id": "1222595029211983873"}, {"license": "gnip", "citation_ids": [74882112], "author": {"tweeter_id": "769042670626959360"}, "tweet_id": "1222815962677809154"}, {"license": "gnip", "citation_ids": [74882112], "author": {"tweeter_id": "1221553048348061697"}, "tweet_id": "1222821096111525889"}, {"license": "gnip", "citation_ids": [74882112], "author": {"tweeter_id": "294515561"}, "tweet_id": "1222827784323719168"}, {"license": "gnip", "citation_ids": [74882112], "author": {"tweeter_id": "1672141952"}, "tweet_id": "1222900035534278662"}, {"license": "gnip", "citation_ids": [74882112], "author": {"tweeter_id": "326142866"}, "tweet_id": "1223003740292239360"}, {"license": "gnip", "citation_ids": [74882112], "author": {"tweeter_id": "1643849347"}, "tweet_id": "1223007613643702272"}, {"license": "gnip", "citation_ids": [74882112], "author": {"tweeter_id": "722122878242725889"}, "tweet_id": "1223240716844843008"}, {"license": "gnip", "citation_ids": [74882112], "author": {"tweeter_id": "1477127906"}, "tweet_id": "1223550150200778752"}, {"license": "gnip", "citation_ids": [74882112], "author": {"tweeter_id": "513980822"}, "tweet_id": "1223708607536979968"}, {"license": "gnip", "citation_ids": [74882112], "author": {"tweeter_id": "2862262723"}, "tweet_id": "1224241451653046273"}, {"license": "gnip", "citation_ids": [74882112], "author": {"tweeter_id": "2170999954"}, "tweet_id": "1225803998977982464"}]}, "score": 10.7, "images": {"small": "https://badges.altmetric.com/?size=64&score=11&types=tttttttt", "medium": "https://badges.altmetric.com/?size=100&score=11&types=tttttttt", "large": "https://badges.altmetric.com/?size=180&score=11&types=tttttttt"}}