{"altmetric_id": 77033632, "counts": {"readers": {"mendeley": 0, "citeulike": 0, "connotea": 0}, "total": {"posts_count": 4}, "twitter": {"unique_users_count": 4, "posts_count": 4}}, "citation": {"authors": ["Zhang, Gaofu", "Yang, Haiping", "Zhang, Aihua", "Shen, Qian", "Wang, Li", "Li, Zhijuan", "Li, Yuhong", "Zhao, Lijun", "Du, Yue", "Sun, Liangzhong", "Zhao, Bo", "Zhu, Hongtao", "Fu, Haidong", "Li, Xiaoyan", "Gao, Xiaojie", "Hao, Sheng", "Ding, Juanjuan", "Chen, Zongwen", "Xu, Zhiquan", "Liu, Xiaorong", "Wu, Daoqi", "Gao, Mingsi", "Wang, Mo", "Li, Qiu"], "doi": "10.1101/2020.02.28.20029199", "first_seen_on": "2020-03-04T17:48:04+00:00", "issns": [], "last_mentioned_on": 1583416934, "links": ["https://www.medrxiv.org/content/10.1101/2020.02.28.20029199v1", "https://www.medrxiv.org/content/10.1101/2020.02.28.20029199v1?utm_source=dlvr.it&utm_medium=twitter"], "pdf_url": "https://www.medrxiv.org/content/medrxiv/early/2020/03/03/2020.02.28.20029199.full.pdf", "publisher": "Cold Spring Harbor Laboratory", "title": "The Impact of the COVID-19 Outbreak on the Medical Treatment of Chinese Children with Chronic Kidney Disease (CKD)\uff1aA Multicenter Cross-section Study in the Context of a Public Health Emergency of International Concern", "type": "article"}, "altmetric_score": {"score": 1.85, "score_history": {"1y": 1.85, "6m": 1.85, "3m": 1.85, "1m": 1.85, "1w": 0, "6d": 0, "5d": 0, "4d": 0, "3d": 0, "2d": 0, "1d": 0, "at": 1.85}, "context_for_score": null}, "demographics": {"poster_types": {"member_of_the_public": 4}, "users": {"twitter": {"cohorts": {"Members of the public": 4}}}, "geo": {"twitter": {"US": 3}}}, "posts": {"twitter": [{"license": "gnip", "citation_ids": [77033632], "author": {"tweeter_id": "921400462838042624"}, "tweet_id": "1235152729959522304"}, {"license": "gnip", "citation_ids": [77033632], "author": {"tweeter_id": "1214232500664295424"}, "tweet_id": "1235535542105690112"}, {"license": "gnip", "citation_ids": [77033632], "author": {"tweeter_id": "2953885195"}, "tweet_id": "1235563772045135873"}, {"license": "gnip", "citation_ids": [77033632], "author": {"tweeter_id": "6398492"}, "tweet_id": "1235566290569289728"}]}, "score": 1.85, "images": {"small": "https://badges.altmetric.com/?size=64&score=2&types=tttttttt", "medium": "https://badges.altmetric.com/?size=100&score=2&types=tttttttt", "large": "https://badges.altmetric.com/?size=180&score=2&types=tttttttt"}}