{"altmetric_id": 77140973, "counts": {"readers": {"mendeley": 0, "citeulike": 0, "connotea": 0}, "total": {"posts_count": 8}, "twitter": {"unique_users_count": 7, "posts_count": 8}}, "citation": {"authors": ["Yu, Lilei", "Tong, Yongqing", "Shen, Gaigai", "Fu, Aisi", "Lai, Yanqiu", "Zhou, Xiaoya", "Yuan, Yuan", "Wang, Yuhong", "Pan, Yuchen", "Yu, Zhiyao", "Li, Yan", "Liu, Tiangang", "Jiang, Hong"], "doi": "10.1101/2020.03.03.20030650", "first_seen_on": "2020-03-06T17:39:43+00:00", "issns": [], "last_mentioned_on": 1583586782, "links": ["https://medrxiv.org/cgi/content/short/2020.03.03.20030650v1", "https://www.medrxiv.org/content/10.1101/2020.03.03.20030650v1?utm_source=dlvr.it&utm_medium=twitter"], "pdf_url": "https://www.medrxiv.org/content/medrxiv/early/2020/03/06/2020.03.03.20030650.full.pdf", "publisher": "Cold Spring Harbor Laboratory", "title": "Immunodepletion with Hypoxemia: A Potential High Risk Subtype of Coronavirus Disease 2019", "type": "article"}, "altmetric_score": {"score": 4.15, "score_history": {"1y": 4.15, "6m": 4.15, "3m": 4.15, "1m": 4.15, "1w": 0, "6d": 0, "5d": 0, "4d": 0, "3d": 0, "2d": 0, "1d": 0, "at": 4.15}, "context_for_score": null}, "demographics": {"poster_types": {"member_of_the_public": 6, "practitioner": 1}, "users": {"twitter": {"cohorts": {"Members of the public": 6, "Practitioners (doctors, other healthcare professionals)": 1}}}, "geo": {"twitter": {"US": 2, "NL": 1, "JP": 1}}}, "posts": {"twitter": [{"license": "gnip", "citation_ids": [77140973], "author": {"tweeter_id": "921400462838042624"}, "tweet_id": "1235983249886851072"}, {"license": "gnip", "citation_ids": [77140973], "author": {"tweeter_id": "1214232500664295424"}, "tweet_id": "1236163064929464320"}, {"license": "gnip", "citation_ids": [77140973], "author": {"tweeter_id": "25091157"}, "tweet_id": "1236163373353570304"}, {"license": "gnip", "citation_ids": [77140973], "author": {"tweeter_id": "1008249204714680320"}, "tweet_id": "1236164355319791617"}, {"license": "gnip", "citation_ids": [77140973], "author": {"tweeter_id": "154710564"}, "tweet_id": "1236172473206329345"}, {"license": "gnip", "citation_ids": [77140973], "author": {"tweeter_id": "1231439972529561601"}, "tweet_id": "1236174001745129473"}, {"license": "gnip", "citation_ids": [77140973], "author": {"tweeter_id": "4901919879"}, "tweet_id": "1236278638502449157"}, {"license": "gnip", "citation_ids": [77140973], "author": {"tweeter_id": "4901919879"}, "tweet_id": "1236278685239574529"}]}, "score": 4.15, "images": {"small": "https://badges.altmetric.com/?size=64&score=5&types=tttttttt", "medium": "https://badges.altmetric.com/?size=100&score=5&types=tttttttt", "large": "https://badges.altmetric.com/?size=180&score=5&types=tttttttt"}}