{"altmetric_id": 75794065, "counts": {"readers": {"mendeley": 0, "citeulike": 0, "connotea": 0}, "total": {"posts_count": 8}, "twitter": {"unique_users_count": 6, "posts_count": 8}}, "citation": {"authors": ["Zhao, Xumao", "Liu, Xiang", "Li, Xinhai"], "doi": "10.1101/2020.02.07.20021196", "first_seen_on": "2020-02-11T15:53:36+00:00", "issns": [], "last_mentioned_on": 1581560957, "links": ["https://www.medrxiv.org/content/10.1101/2020.02.07.20021196v1", "https://www.medrxiv.org/content/10.1101/2020.02.07.20021196v1?utm_source=dlvr.it&utm_medium=twitter"], "pdf_url": "https://www.medrxiv.org/content/medrxiv/early/2020/02/11/2020.02.07.20021196.full.pdf", "publisher": "Cold Spring Harbor Laboratory", "title": "Tracking the spread of novel coronavirus (2019-nCoV) based on big data", "type": "article"}, "altmetric_score": {"score": 2.35, "score_history": {"1y": 2.35, "6m": 2.35, "3m": 2.35, "1m": 0, "1w": 0, "6d": 0, "5d": 0, "4d": 0, "3d": 0, "2d": 0, "1d": 0, "at": 2.35}, "context_for_score": null}, "demographics": {"poster_types": {"member_of_the_public": 5, "practitioner": 1}, "users": {"twitter": {"cohorts": {"Members of the public": 5, "Practitioners (doctors, other healthcare professionals)": 1}}}, "geo": {"twitter": {"US": 3, "CA": 1}}}, "posts": {"twitter": [{"license": "gnip", "citation_ids": [75794065], "author": {"tweeter_id": "921400462838042624"}, "tweet_id": "1227259335488790529"}, {"license": "gnip", "citation_ids": [75794065], "author": {"tweeter_id": "831698691270537217"}, "tweet_id": "1227276569418358785"}, {"license": "gnip", "citation_ids": [75794065], "author": {"tweeter_id": "1214232500664295424"}, "tweet_id": "1227360550205575168"}, {"license": "gnip", "citation_ids": [75794065], "author": {"tweeter_id": "1185019073354178560"}, "tweet_id": "1227360852149514240"}, {"license": "gnip", "citation_ids": [75794065], "author": {"tweeter_id": "1185019073354178560"}, "tweet_id": "1227360853168676864"}, {"license": "gnip", "citation_ids": [75794065], "author": {"tweeter_id": "4901919879"}, "tweet_id": "1227534570293166081"}, {"license": "gnip", "citation_ids": [75794065], "author": {"tweeter_id": "4901919879"}, "tweet_id": "1227534591638097920"}, {"license": "gnip", "citation_ids": [75794065], "author": {"tweeter_id": "977196674345975808"}, "tweet_id": "1227781759162404864"}]}, "score": 2.35, "images": {"small": "https://badges.altmetric.com/?size=64&score=3&types=tttttttt", "medium": "https://badges.altmetric.com/?size=100&score=3&types=tttttttt", "large": "https://badges.altmetric.com/?size=180&score=3&types=tttttttt"}}