{"altmetric_id": 75320964, "counts": {"readers": {"mendeley": 0, "citeulike": 0, "connotea": 0}, "facebook": {"unique_users_count": 3, "unique_users": ["1635858849997667", "1586249091656912", "789450801108139"], "posts_count": 4}, "blogs": {"unique_users_count": 1, "unique_users": [52467], "posts_count": 1}, "news": {"unique_users_count": 6, "unique_users": ["new_kerala", "medportal", "pourquoi_docteur", "bionity", "news_am", "sci_news"], "posts_count": 8}, "total": {"posts_count": 460}, "reddit": {"unique_users_count": 3, "unique_users": ["PHealthy", "Regenerative_Med_Bot", "roxicology"], "posts_count": 3}, "twitter": {"unique_users_count": 393, "posts_count": 444}}, "citation": {"altmetric_jid": "4f6fa6393cf058f610008b2a", "authors": ["Clark D Russell", "Jonathan E Millar", "J Kenneth Baillie"], "doi": "10.1016/s0140-6736(20)30317-2", "first_seen_on": "2020-02-07T11:55:29+00:00", "issns": ["0140-6736"], "journal": "The Lancet", "last_mentioned_on": 1584540835, "links": ["https://secure.jbs.elsevierhealth.com/action/getSharedSiteSession?rc=10&redirect=https%3A%2F%2Fwww.thelancet.com%2Fjournals%2Flancet%2Farticle%2FPIIS0140-6736%2820%2930317-2%2Ffulltext", "https://secure.jbs.elsevierhealth.com/action/getSharedSiteSession?rc=3&redirect=https%3A%2F%2Fwww.thelancet.com%2Fjournals%2Flancet%2Farticle%2FPIIS0140-6736%2820%2930317-2%2Ffulltext", "https://secure.jbs.elsevierhealth.com/action/getSharedSiteSession?rc=7&redirect=https%3A%2F%2Fwww.thelancet.com%2Fjournals%2Flancet%2Farticle%2FPIIS0140-6736%2820%2930317-2%2Ffulltext", "https://secure.jbs.elsevierhealth.com/action/getSharedSiteSession?rc=4&redirect=https%3A%2F%2Fwww.thelancet.com%2Fjournals%2Flancet%2Farticle%2FPIIS0140-6736%2820%2930317-2%2Ffulltext", "https://www.thelancet.com/journals/lancet/article/PIIS0140-6736(20)30317-2/fulltext?dgcid=raven_jbs_etoc_email#.Xj1ZcWz0GpY.twitter", "https://dx.doi.org/10.1016/S0140-6736(20)30317-2", "https://secure.jbs.elsevierhealth.com/action/getSharedSiteSession?rc=6&redirect=https%3A%2F%2Fwww.thelancet.com%2Fjournals%2Flancet%2Farticle%2FPIIS0140-6736%2820%2930317-2%2Ffulltext", "https://secure.jbs.elsevierhealth.com/action/getSharedSiteSession?rc=8&redirect=https%3A%2F%2Fwww.thelancet.com%2Fjournals%2Flancet%2Farticle%2FPIIS0140-6736%2820%2930317-2%2Ffulltext", "https://www.thelancet.com/journals/lancet/article/PIIS0140-6736(20)30317-2/fulltext", "https://www.thelancet.com/journals/lancet/article/PIIS0140-6736(20)30317-2/fulltext#.Xj2vK3WTHIQ.twitter/", "https://www.thelancet.com/journals/lancet/article/PIIS0140-6736(20)30317-2/fulltext?dgcid=raven_jbs_etoc_email", "https://secure.jbs.elsevierhealth.com/action/getSharedSiteSession?rc=2&redirect=https%3A%2F%2Fwww.thelancet.com%2Fjournals%2Flancet%2Farticle%2FPIIS0140-6736%2820%2930317-2%2Ffulltext", "https://secure.jbs.elsevierhealth.com/action/getSharedSiteSession?redirect=https%3A%2F%2Fwww.thelancet.com%2Fjournals%2Flancet%2Farticle%2FPIIS0140-6736%2820%2930317-2%2Ffulltext&rc=0", "https://www.thelancet.com/action/showPdf?pii=S0140-6736%2820%2930317-2", "https://secure.jbs.elsevierhealth.com/action/getSharedSiteSession?rc=1&redirect=https%3A%2F%2Fwww.thelancet.com%2Fjournals%2Flancet%2Farticle%2FPIIS0140-6736%2820%2930317-2%2Ffulltext", "https://www.thelancet.com/journals/lancet/article/PIIS0140-6736(20)30317-2/fulltext?dgcid=raven_jbs_etoc_email#.Xj5k3GZVXJE.twitter", "https://www.thelancet.com/journals/lancet/article/PIIS0140-6736(20)30317-2/fulltext#.Xj56X7BVV-s.twitter", "https://www.thelancet.com/journals/lancet/article/PIIS0140-6736(20)30317-2/fulltext?dgcid=raven_jbs_etoc_email#.Xj5-cuY4cfo.twitter", "https://www.thelancet.com/journals/lancet/article/PIIS0140-6736(20)30317-2/fulltext#.Xj6WAZ79ScE.twitter", "https://www.thelancet.com/journals/lancet/article/PIIS0140-6736(20)30317-2/fulltext#.Xj8qV0mDtiw.twitter", "https://www.thelancet.com/action/showPdf?pii=S0140-6736(20)30317-2", "https://www.thelancet.com/journals/lancet/article/PIIS0140-6736(20)30317-2/fulltext#.XkBi9peuva8.twitter", "https://www.thelancet.com/journals/lancet/article/PIIS0140-6736%2820%2930317-2/fulltext", "https://www.thelancet.com/journals/lancet/article/PIIS0140-6736(20)30317-2/fulltext#.XkDehXpFjes.twitter", "https://www.thelancet.com/journals/lancet/article/PIIS0140-6736(20)30317-2/fulltext#.XkESsIlkRuU.twitter", "https://www.thelancet.com/journals/lancet/article/PIIS0140-6736(20)30317-2/fulltext#.XkEU1avXb9Y.twitter", "https://doi.org/10.1016/S0140-6736(20)30317-2%20", "https://www.thelancet.com/journals/lancet/article/PIIS0140-6736(20)30317-2/fulltext#.XkKL0WiXKFk.twitter", "https://www.thelancet.com/journals/lancet/article/PIIS0140-6736(20)30317-2/fulltext#.XkOGZckZ8fw.twitter", "https://www.thelancet.com/journals/lancet/article/PIIS0140-6736(20)30317-2/fulltext#.XkPHiwNJ25A.twitter", "https://www.ncbi.nlm.nih.gov/pubmed/32043983?dopt=Abstract&utm_source=dlvr.it&utm_medium=twitter", "https://www.thelancet.com/journals/lancet/article/PIIS0140-6736(20)30317-2/fulltext#.XkP7wxs2bck.twitter", "http://dx.doi.org/10.1016/S0140-6736(20)30317-2", "https://www.thelancet.com/journals/lancet/article/PIIS0140-6736(20)30317-2/fulltext?utm_source=BBDD+Usuarios+Registrados+iDoctus&utm_campaign=f978e50e11-EMAIL_CAMPAIGN_2016_10_31_COPY_02&utm_medium=email&utm_term=0_9486de566d-f978e50e11-88388989#.XkbIYk5UiVk.twitter", "https://www.thelancet.com/journals/lancet/article/PIIS0140-6736(20)30317-2/fulltext?utm_source=BBDD+Usuarios+Registrados+iDoctus&utm_campaign=35c1bee5ae-EMAIL_CAMPAIGN_2016_10_31_COPY_01&utm_medium=email&utm_term=0_9486de566d-35c1bee5ae-89024417#.Xkb2PUS04QM.twitter", "https://www.thelancet.com/journals/lancet/article/PIIS0140-6736(20)30317-2/fulltext?utm_source=BBDD+Usuarios+Registrados+iDoctus&utm_campaign=f978e50e11-EMAIL_CAMPAIGN_2016_10_31_COPY_02&utm_medium=email&utm_term=0_9486de566d-f978e50e11-87870617", "https://www.thelancet.com/journals/lancet/article/PIIS0140-6736(20)30317-2/fulltext?rss%3Dyes", "https://www.thelancet.com/journals/lancet/article/PIIS0140-6736(20)30317-2/fulltext#.Xl0cOQxUnPw.twitter", "https://www.thelancet.com/journals/lancet/article/PIIS0140-6736(20)30317-2/fulltext?utm_campaign=tlcoronavirus20&utm_source=twitter&utm_medium=social", "https://www.thelancet.com/journals/lancet/article/PIIS0140-6736(20)30317-2/fulltext?fbclid=IwAR3kR0-TDsG1A6WnC-7T7EYjE5IE9LhEDd5WTbvGrzcNtnQuOCNmuq1CdRc#.Xmokypg2mfA.twitter", "https://www.thelancet.com/journals/lancet/article/PIIS0140-6736(20)30317-2/fulltext#.XmtCfz1NPy8.twitter", "https://www.thelancet.com/journals/lancet/article/PIIS0140-6736(20)30317-2/fulltext#.Xm4q9N6Qs1M.twitter", "https://www.thelancet.com/journals/lancet/article/PIIS0140-6736(20)30317-2/fulltext#.Xm7v7kMEtJU.twitter", "https://www.thelancet.com/journals/lancet/article/PIIS0140-6736(20)30317-2/fulltext#.Xm9Wqi-c7mA.twitter", "https://linkinghub.elsevier.com/retrieve/pii/S0140673620303172", "https://www.thelancet.com/journals/lancet/article/PIIS0140-6736(20)30317-2/fulltext#.XnA4spT7GdY.twitter"], "pmid": "32043983", "pubdate": "2020-02-01T00:00:00+00:00", "publisher_subjects": [{"name": "Medical And Health Sciences", "scheme": "era"}], "scopus_subjects": ["Medicine", "Health Sciences"], "title": "Clinical evidence does not support corticosteroid treatment for 2019-nCoV lung injury", "type": "article"}, "altmetric_score": {"score": 343.516, "score_history": {"1y": 343.516, "6m": 343.516, "3m": 343.516, "1m": 166.6, "1w": 133.55, "6d": 127.5, "5d": 126.5, "4d": 122.65, "3d": 61.45, "2d": 29.25, "1d": 19.2, "at": 343.516}, "context_for_score": {"all": {"total_number_of_other_articles": 14520072, "mean": 8.4691455609174, "rank": 37450, "this_scored_higher_than_pct": 99, "this_scored_higher_than": 14482534, "rank_type": "exact", "sample_size": 14520072, "percentile": 99}, "similar_age_3m": {"total_number_of_other_articles": 234552, "mean": 13.793369390879, "rank": 1143, "this_scored_higher_than_pct": 99, "this_scored_higher_than": 233409, "rank_type": "exact", "sample_size": 234552, "percentile": 99}, "this_journal": {"total_number_of_other_articles": 33214, "mean": 38.727510071358, "rank": 629, "this_scored_higher_than_pct": 98, "this_scored_higher_than": 32585, "rank_type": "exact", "sample_size": 33214, "percentile": 98}, "similar_age_this_journal_3m": {"total_number_of_other_articles": 445, "mean": 249.0431936937, "rank": 50, "this_scored_higher_than_pct": 88, "this_scored_higher_than": 395, "rank_type": "exact", "sample_size": 445, "percentile": 88}}}, "demographics": {"poster_types": {"member_of_the_public": 302, "researcher": 45, "practitioner": 38, "science_communicator": 7}, "users": {"twitter": {"cohorts": {"Members of the public": 302, "Scientists": 45, "Practitioners (doctors, other healthcare professionals)": 38, "Science communicators (journalists, bloggers, editors)": 7}}}, "geo": {"twitter": {"JP": 47, "US": 40, "CA": 6, "GB": 38, "NL": 4, "HK": 1, "DJ": 1, "TR": 2, "NO": 1, "MY": 2, "RS": 1, "CO": 4, "ES": 12, "FR": 7, "OM": 1, "AT": 1, "DE": 3, "BR": 5, "ZA": 1, "PL": 3, "VE": 2, "FI": 2, "MX": 2, "PT": 1, "AR": 1, "IT": 2, "CF": 1, "DK": 1, "PE": 2, "ID": 7, "BE": 2, "IE": 2, "LY": 1, "GR": 1, "ET": 1, "NG": 1, "KE": 1, "CI": 1, "GT": 3, "JM": 1, "TZ": 1}}}, "posts": {"twitter": [{"license": "gnip", "citation_ids": [75320964], "author": {"tweeter_id": "128217144"}, "tweet_id": "1225749869463105536"}, {"license": "gnip", "citation_ids": [75320964], "author": {"tweeter_id": "1307634025"}, "tweet_id": "1225750006193213441"}, {"license": "gnip", "citation_ids": [75320964], "author": {"tweeter_id": "4447370713"}, "tweet_id": "1225750578409590785"}, {"license": "gnip", "citation_ids": [75320964], "author": {"tweeter_id": "977546067330781186"}, "tweet_id": "1225751640877101056"}, {"license": "gnip", "citation_ids": [75320964], "author": {"tweeter_id": "132356990"}, "tweet_id": "1225752510276595715"}, {"license": "gnip", "citation_ids": [75320964], "author": {"tweeter_id": "1170654405403627526"}, "tweet_id": "1225754781194391553"}, {"license": "gnip", "citation_ids": [75320964], "author": {"tweeter_id": "1473878857"}, "tweet_id": "1225755473380401153"}, {"license": "gnip", "citation_ids": [75320964], "author": {"tweeter_id": "1065157469247176704"}, "tweet_id": "1225759044876455937"}, {"license": "gnip", "citation_ids": [75320964], "author": {"tweeter_id": "4077367718"}, "tweet_id": "1225759551242137601"}, {"license": "gnip", "citation_ids": [75320964], "author": {"tweeter_id": "451192624"}, "tweet_id": "1225760010547945472"}, {"license": "gnip", "citation_ids": [75320964], "author": {"tweeter_id": "19157480"}, "tweet_id": "1225765081398509571"}, {"license": "gnip", "citation_ids": [75320964], "author": {"tweeter_id": "18557134"}, "tweet_id": "1225766182936023041"}, {"license": "gnip", "citation_ids": [75320964], "author": {"tweeter_id": "1268830098"}, "tweet_id": "1225766292793114624"}, {"license": "gnip", "citation_ids": [75320964], "author": {"tweeter_id": "991940041"}, "tweet_id": "1225769780101165057"}, {"license": "gnip", "citation_ids": [75320964], "author": {"tweeter_id": "925642720147681281"}, "tweet_id": "1225777017737506816"}, {"license": "gnip", "citation_ids": [75320964], "author": {"tweeter_id": "875221736521781248"}, "tweet_id": "1225787338678079493"}, {"license": "gnip", "citation_ids": [75320964], "author": {"tweeter_id": "1573936477"}, "tweet_id": "1225787914044338176"}, {"license": "gnip", "citation_ids": [75320964], "author": {"tweeter_id": "248794070"}, "tweet_id": "1225796726881214464"}, {"license": "gnip", "citation_ids": [75320964], "author": {"tweeter_id": "557172088"}, "tweet_id": "1225798504452255744"}, {"license": "gnip", "citation_ids": [75320964], "author": {"tweeter_id": "919889990577823745"}, "tweet_id": "1225803827556675584"}, {"license": "gnip", "citation_ids": [75320964], "author": {"tweeter_id": "66460324"}, "tweet_id": "1225837315223965697"}, {"license": "gnip", "citation_ids": [75320964], "author": {"tweeter_id": "267147617"}, "tweet_id": "1225838242509000705"}, {"license": "gnip", "citation_ids": [75320964], "author": {"tweeter_id": "267147617"}, "tweet_id": "1225838299354476544"}, {"license": "gnip", "citation_ids": [75320964], "author": {"tweeter_id": "4693655024"}, "tweet_id": "1225840642292535296"}, {"license": "gnip", "citation_ids": [75320964], "author": {"tweeter_id": "2318150609"}, "tweet_id": "1225850335119527937"}, {"license": "gnip", "citation_ids": [75320964], "author": {"tweeter_id": "580633644"}, "tweet_id": "1225851950291247104"}, {"license": "gnip", "citation_ids": [75320964], "author": {"tweeter_id": "1373739644"}, "tweet_id": "1225854355791732736"}, {"license": "gnip", "citation_ids": [75320964], "author": {"tweeter_id": "430182209"}, "tweet_id": "1225865152786030592"}, {"license": "gnip", "citation_ids": [75320964], "author": {"tweeter_id": "3217756695"}, "tweet_id": "1225868753323405312"}, {"license": "gnip", "citation_ids": [75320964], "author": {"tweeter_id": "923963757763743744"}, "tweet_id": "1225868772780670977"}, {"license": "gnip", "citation_ids": [75320964], "author": {"tweeter_id": "1197473601676599298"}, "tweet_id": "1225887567909920768"}, {"license": "gnip", "citation_ids": [75320964], "author": {"tweeter_id": "2752125896"}, "tweet_id": "1225909086929113088"}, {"license": "gnip", "citation_ids": [75320964], "author": {"tweeter_id": "57973412"}, "tweet_id": "1225909246119727104"}, {"license": "gnip", "citation_ids": [75320964], "author": {"tweeter_id": "123866686"}, "tweet_id": "1225909668834201600"}, {"license": "gnip", "citation_ids": [75320964], "author": {"tweeter_id": "1223167659895738370"}, "tweet_id": "1225909764611178496"}, {"license": "gnip", "citation_ids": [75320964], "author": {"tweeter_id": "80870619"}, "tweet_id": "1225909983822245888"}, {"license": "gnip", "citation_ids": [75320964], "author": {"tweeter_id": "874120224055803904"}, "tweet_id": "1225910008442785792"}, {"license": "gnip", "citation_ids": [75320964], "author": {"tweeter_id": "2212314852"}, "tweet_id": "1225910050620768256"}, {"license": "gnip", "citation_ids": [75320964], "author": {"tweeter_id": "2250420360"}, "tweet_id": "1225910417068740608"}, {"license": "gnip", "citation_ids": [75320964], "author": {"tweeter_id": "817839959461593088"}, "tweet_id": "1225911497261375488"}, {"license": "gnip", "citation_ids": [75320964], "author": {"tweeter_id": "1206130432896462851"}, "tweet_id": "1225912397417701376"}, {"license": "gnip", "citation_ids": [75320964], "author": {"tweeter_id": "451192624"}, "tweet_id": "1225914031279616001"}, {"license": "gnip", "citation_ids": [75320964], "author": {"tweeter_id": "95756144"}, "tweet_id": "1225918272261873664"}, {"license": "gnip", "citation_ids": [75320964], "author": {"tweeter_id": "985317234275860480"}, "tweet_id": "1225919307332255745"}, {"license": "gnip", "citation_ids": [75320964], "author": {"tweeter_id": "985317234275860480"}, "tweet_id": "1225919346167279616"}, {"license": "gnip", "citation_ids": [75320964], "author": {"tweeter_id": "2843861604"}, "tweet_id": "1225922955005374464"}, {"license": "gnip", "citation_ids": [75320964], "author": {"tweeter_id": "352615406"}, "tweet_id": "1225925041495453696"}, {"license": "gnip", "citation_ids": [75320964], "author": {"tweeter_id": "1351189862"}, "tweet_id": "1225925891735216135"}, {"license": "gnip", "citation_ids": [75320964], "author": {"tweeter_id": "875151154824478720"}, "tweet_id": "1225930595668070400"}, {"license": "gnip", "citation_ids": [75320964], "author": {"tweeter_id": "4150152565"}, "tweet_id": "1225937931027742720"}, {"license": "gnip", "citation_ids": [75320964], "author": {"tweeter_id": "95756144"}, "tweet_id": "1225939643125751808"}, {"license": "gnip", "citation_ids": [75320964], "author": {"tweeter_id": "1013921652655075329"}, "tweet_id": "1225946581695778816"}, {"license": "gnip", "citation_ids": [75320964], "author": {"tweeter_id": "476469115"}, "tweet_id": "1225948670350123008"}, {"license": "gnip", "citation_ids": [75320964], "author": {"tweeter_id": "1157124593452105728"}, "tweet_id": "1225948882812600320"}, {"license": "gnip", "citation_ids": [75320964], "author": {"tweeter_id": "1157124593452105728"}, "tweet_id": "1225948910687965184"}, {"license": "gnip", "citation_ids": [75320964], "author": {"tweeter_id": "230382553"}, "tweet_id": "1225966316076429313"}, {"license": "gnip", "citation_ids": [75320964], "author": {"tweeter_id": "1084023348760211456"}, "tweet_id": "1225970475106545664"}, {"license": "gnip", "citation_ids": [75320964], "author": {"tweeter_id": "1158252357890633728"}, "tweet_id": "1225980133330366464"}, {"license": "gnip", "citation_ids": [75320964, 75354095], "author": {"tweeter_id": "3004298239"}, "tweet_id": "1226008590063849472"}, {"license": "gnip", "citation_ids": [75320964, 75354095], "author": {"tweeter_id": "120806223"}, "tweet_id": "1226008785816129536"}, {"license": "gnip", "citation_ids": [75320964], "author": {"tweeter_id": "91932437"}, "tweet_id": "1226009929783267329"}, {"license": "gnip", "citation_ids": [75320964, 75354095], "author": {"tweeter_id": "1201473993133481984"}, "tweet_id": "1226010055188725760"}, {"license": "gnip", "citation_ids": [75320964], "author": {"tweeter_id": "180761281"}, "tweet_id": "1226011024404312064"}, {"license": "gnip", "citation_ids": [75320964], "author": {"tweeter_id": "6587612"}, "tweet_id": "1226011064023711744"}, {"license": "gnip", "citation_ids": [75320964], "author": {"tweeter_id": "99525814"}, "tweet_id": "1226011143589597184"}, {"license": "gnip", "citation_ids": [75320964], "author": {"tweeter_id": "76581911"}, "tweet_id": "1226011484884389888"}, {"license": "gnip", "citation_ids": [75320964], "author": {"tweeter_id": "2177273788"}, "tweet_id": "1226013388242931713"}, {"license": "gnip", "citation_ids": [75320964, 75354095], "author": {"tweeter_id": "379110780"}, "tweet_id": "1226013592035549184"}, {"license": "gnip", "citation_ids": [75320964], "author": {"tweeter_id": "883598249428303872"}, "tweet_id": "1226016356195164160"}, {"license": "gnip", "citation_ids": [75320964], "author": {"tweeter_id": "345356777"}, "tweet_id": "1226017595788152832"}, {"license": "gnip", "citation_ids": [75354095, 75320964], "author": {"tweeter_id": "95121233"}, "tweet_id": "1226018824022978561"}, {"license": "gnip", "citation_ids": [75354095, 75320964], "author": {"tweeter_id": "140010442"}, "tweet_id": "1226019156966821889"}, {"license": "gnip", "citation_ids": [75354095, 75320964], "author": {"tweeter_id": "1226006490399440897"}, "tweet_id": "1226019304908320768"}, {"license": "gnip", "citation_ids": [75354095, 75320964], "author": {"tweeter_id": "239248746"}, "tweet_id": "1226020664290635776"}, {"license": "gnip", "citation_ids": [75320964], "author": {"tweeter_id": "26686347"}, "tweet_id": "1226021964470292480"}, {"license": "gnip", "citation_ids": [75354095, 75320964], "author": {"tweeter_id": "946669223404699648"}, "tweet_id": "1226022820334854144"}, {"license": "gnip", "citation_ids": [75354095, 75320964], "author": {"tweeter_id": "3245295836"}, "tweet_id": "1226026362063839232"}, {"license": "gnip", "citation_ids": [75320964], "author": {"tweeter_id": "135000406"}, "tweet_id": "1226030775893557248"}, {"license": "gnip", "citation_ids": [75354095, 75320964], "author": {"tweeter_id": "962850306479370240"}, "tweet_id": "1226036153544888320"}, {"license": "gnip", "citation_ids": [75354095, 75320964], "author": {"tweeter_id": "1119913735257083905"}, "tweet_id": "1226038862499024897"}, {"license": "gnip", "citation_ids": [75320964], "author": {"tweeter_id": "158933892"}, "tweet_id": "1226045356242128896"}, {"license": "gnip", "citation_ids": [75320964], "author": {"tweeter_id": "1171031111540961282"}, "tweet_id": "1226046005881126912"}, {"license": "gnip", "citation_ids": [75320964], "author": {"tweeter_id": "371187428"}, "tweet_id": "1226047079996325888"}, {"license": "gnip", "citation_ids": [75354095, 75320964], "author": {"tweeter_id": "198419118"}, "tweet_id": "1226050449335185408"}, {"license": "gnip", "citation_ids": [75320964], "author": {"tweeter_id": "2570088356"}, "tweet_id": "1226051399361781761"}, {"license": "gnip", "citation_ids": [75320964], "author": {"tweeter_id": "1050580936180477952"}, "tweet_id": "1226054278432714752"}, {"license": "gnip", "citation_ids": [75320964], "author": {"tweeter_id": "2906597715"}, "tweet_id": "1226068301501038597"}, {"license": "gnip", "citation_ids": [75320964], "author": {"tweeter_id": "937043107811659778"}, "tweet_id": "1226070290465271811"}, {"license": "gnip", "citation_ids": [75320964], "author": {"tweeter_id": "1212383739998720000"}, "tweet_id": "1226074481489252354"}, {"license": "gnip", "citation_ids": [75320964], "author": {"tweeter_id": "3331845105"}, "tweet_id": "1226093995106893824"}, {"license": "gnip", "citation_ids": [75320964], "author": {"tweeter_id": "998084270944993281"}, "tweet_id": "1226100086632931334"}, {"license": "gnip", "citation_ids": [75320964], "author": {"tweeter_id": "345356777"}, "tweet_id": "1226109978726977536"}, {"license": "gnip", "citation_ids": [75320964], "author": {"tweeter_id": "60011904"}, "tweet_id": "1226110033647194112"}, {"license": "gnip", "citation_ids": [75320964], "author": {"tweeter_id": "1206130432896462851"}, "tweet_id": "1226124796397703168"}, {"license": "gnip", "citation_ids": [75320964], "author": {"tweeter_id": "315245338"}, "tweet_id": "1226139389341949952"}, {"license": "gnip", "citation_ids": [75320964], "author": {"tweeter_id": "3085571050"}, "tweet_id": "1226142305599533062"}, {"license": "gnip", "citation_ids": [75320964], "author": {"tweeter_id": "826961908368539649"}, "tweet_id": "1226146229794590720"}, {"license": "gnip", "citation_ids": [75320964], "author": {"tweeter_id": "120910841"}, "tweet_id": "1226147680885231617"}, {"license": "gnip", "citation_ids": [75320964], "author": {"tweeter_id": "1324518452"}, "tweet_id": "1226168135050579968"}, {"license": "gnip", "citation_ids": [75320964], "author": {"tweeter_id": "2488381998"}, "tweet_id": "1226180118667657221"}, {"license": "gnip", "citation_ids": [75320964], "author": {"tweeter_id": "1140716783973875712"}, "tweet_id": "1226199103442386944"}, {"license": "gnip", "citation_ids": [75320964], "author": {"tweeter_id": "2790767571"}, "tweet_id": "1226259046551998469"}, {"license": "gnip", "citation_ids": [75320964], "author": {"tweeter_id": "2826292747"}, "tweet_id": "1226260040992149505"}, {"license": "gnip", "citation_ids": [75320964], "author": {"tweeter_id": "3083807912"}, "tweet_id": "1226273317935599616"}, {"license": "gnip", "citation_ids": [75320964], "author": {"tweeter_id": "18662542"}, "tweet_id": "1226388886365982721"}, {"license": "gnip", "citation_ids": [75320964], "author": {"tweeter_id": "722102983648002048"}, "tweet_id": "1226407441090437121"}, {"license": "gnip", "citation_ids": [75320964], "author": {"tweeter_id": "169464412"}, "tweet_id": "1226410413337829376"}, {"license": "gnip", "citation_ids": [75354095, 75320964], "author": {"tweeter_id": "128217144"}, "tweet_id": "1226494369701580802"}, {"license": "gnip", "citation_ids": [75354095, 75320964], "author": {"tweeter_id": "1223167659895738370"}, "tweet_id": "1226494482868162560"}, {"license": "gnip", "citation_ids": [75354095, 75320964], "author": {"tweeter_id": "147958168"}, "tweet_id": "1226494579970494464"}, {"license": "gnip", "citation_ids": [75354095, 75320964], "author": {"tweeter_id": "511304236"}, "tweet_id": "1226495109467754497"}, {"license": "gnip", "citation_ids": [75320964], "author": {"tweeter_id": "154710564"}, "tweet_id": "1226500871296438272"}, {"license": "gnip", "citation_ids": [75354095, 75320964], "author": {"tweeter_id": "463023798"}, "tweet_id": "1226507230981181440"}, {"license": "gnip", "citation_ids": [75320964], "author": {"tweeter_id": "67069351"}, "tweet_id": "1226518184855056389"}, {"license": "gnip", "citation_ids": [75320964], "author": {"tweeter_id": "470540717"}, "tweet_id": "1226521621537710085"}, {"license": "gnip", "citation_ids": [75320964], "author": {"tweeter_id": "2519521015"}, "tweet_id": "1226531522938716162"}, {"license": "gnip", "citation_ids": [75320964], "author": {"tweeter_id": "1032570576"}, "tweet_id": "1226552048713334784"}, {"license": "gnip", "citation_ids": [75320964], "author": {"tweeter_id": "963760967719923713"}, "tweet_id": "1226560093312843776"}, {"license": "gnip", "citation_ids": [75320964], "author": {"tweeter_id": "955715400"}, "tweet_id": "1226561638246973440"}, {"license": "gnip", "citation_ids": [75320964], "author": {"tweeter_id": "281221579"}, "tweet_id": "1226567605907083264"}, {"license": "gnip", "citation_ids": [75320964], "author": {"tweeter_id": "2924203214"}, "tweet_id": "1226594728529088512"}, {"license": "gnip", "citation_ids": [75320964], "author": {"tweeter_id": "200967823"}, "tweet_id": "1226600446300770304"}, {"license": "gnip", "citation_ids": [75354095, 75320964], "author": {"tweeter_id": "122073689"}, "tweet_id": "1226620998201401345"}, {"license": "gnip", "citation_ids": [75320964], "author": {"tweeter_id": "20739133"}, "tweet_id": "1226635376728645632"}, {"license": "gnip", "citation_ids": [75320964], "author": {"tweeter_id": "125928028"}, "tweet_id": "1226637228677517317"}, {"license": "gnip", "citation_ids": [75320964], "author": {"tweeter_id": "14465282"}, "tweet_id": "1226656712192491521"}, {"license": "gnip", "citation_ids": [75320964], "author": {"tweeter_id": "1040974089178034176"}, "tweet_id": "1226687466398191616"}, {"license": "gnip", "citation_ids": [75320964], "author": {"tweeter_id": "1198291130984620038"}, "tweet_id": "1226720142505238529"}, {"license": "gnip", "citation_ids": [75354095, 75320964], "author": {"tweeter_id": "901826335965814784"}, "tweet_id": "1226723965571223552"}, {"license": "gnip", "citation_ids": [75320964], "author": {"tweeter_id": "382106276"}, "tweet_id": "1226727426866192385"}, {"license": "gnip", "citation_ids": [75320964], "author": {"tweeter_id": "1032570576"}, "tweet_id": "1226749373020803073"}, {"license": "gnip", "citation_ids": [75320964], "author": {"tweeter_id": "27838857"}, "tweet_id": "1226783791915708416"}, {"license": "gnip", "citation_ids": [75320964], "author": {"tweeter_id": "1195310926976765952"}, "tweet_id": "1226785850991747072"}, {"license": "gnip", "citation_ids": [75320964], "author": {"tweeter_id": "773141368260661248"}, "tweet_id": "1226785892293054464"}, {"license": "gnip", "citation_ids": [75320964], "author": {"tweeter_id": "1132885444574797825"}, "tweet_id": "1226787679750279168"}, {"license": "gnip", "citation_ids": [75320964], "author": {"tweeter_id": "2591058223"}, "tweet_id": "1226787871954276352"}, {"license": "gnip", "citation_ids": [75320964], "author": {"tweeter_id": "1108016440286732289"}, "tweet_id": "1226799960198451202"}, {"license": "gnip", "citation_ids": [75320964], "author": {"tweeter_id": "19296707"}, "tweet_id": "1226807681845006343"}, {"license": "gnip", "citation_ids": [75320964], "author": {"tweeter_id": "23041527"}, "tweet_id": "1226815887447031814"}, {"license": "gnip", "citation_ids": [75320964], "author": {"tweeter_id": "712199546638508032"}, "tweet_id": "1226821526088847360"}, {"license": "gnip", "citation_ids": [75320964], "author": {"tweeter_id": "550156790"}, "tweet_id": "1226821907841986570"}, {"license": "gnip", "citation_ids": [75320964], "author": {"tweeter_id": "309522277"}, "tweet_id": "1226822399838081024"}, {"license": "gnip", "citation_ids": [75320964], "author": {"tweeter_id": "755374858851258368"}, "tweet_id": "1226823159061544961"}, {"license": "gnip", "citation_ids": [75320964], "author": {"tweeter_id": "1043940418382180352"}, "tweet_id": "1226831533719375872"}, {"license": "gnip", "citation_ids": [75320964], "author": {"tweeter_id": "1102639223516160000"}, "tweet_id": "1226833571287097344"}, {"license": "gnip", "citation_ids": [75320964], "author": {"tweeter_id": "15553380"}, "tweet_id": "1226833912023764992"}, {"license": "gnip", "citation_ids": [75320964], "author": {"tweeter_id": "1225508128621355008"}, "tweet_id": "1226867509891985409"}, {"license": "gnip", "citation_ids": [75320964], "author": {"tweeter_id": "2170999954"}, "tweet_id": "1226883917430562817"}, {"license": "gnip", "citation_ids": [75320964], "author": {"tweeter_id": "771841009"}, "tweet_id": "1226889978447376385"}, {"license": "gnip", "citation_ids": [75320964], "author": {"tweeter_id": "919285724964425729"}, "tweet_id": "1226895424667226114"}, {"license": "gnip", "citation_ids": [75320964], "author": {"tweeter_id": "1672141952"}, "tweet_id": "1226922613492125696"}, {"license": "gnip", "citation_ids": [75320964], "author": {"tweeter_id": "976361913511743488"}, "tweet_id": "1227006892976885765"}, {"license": "gnip", "citation_ids": [75354095, 75320964], "author": {"tweeter_id": "3079831071"}, "tweet_id": "1227040485417549824"}, {"license": "gnip", "citation_ids": [75320964], "author": {"tweeter_id": "238546637"}, "tweet_id": "1227053365902766082"}, {"license": "gnip", "citation_ids": [75354095, 75320964], "author": {"tweeter_id": "229898328"}, "tweet_id": "1227071761411239941"}, {"license": "gnip", "citation_ids": [75320964], "author": {"tweeter_id": "253473018"}, "tweet_id": "1227099113746919434"}, {"license": "gnip", "citation_ids": [75320964], "author": {"tweeter_id": "2201430648"}, "tweet_id": "1227142732621041664"}, {"license": "gnip", "citation_ids": [75320964], "author": {"tweeter_id": "309843567"}, "tweet_id": "1227188472273940481"}, {"license": "gnip", "citation_ids": [75320964], "author": {"tweeter_id": "2818659153"}, "tweet_id": "1227239106666586112"}, {"license": "gnip", "citation_ids": [75320964], "author": {"tweeter_id": "306574437"}, "tweet_id": "1227340083080187908"}, {"license": "gnip", "citation_ids": [75320964], "author": {"tweeter_id": "3003030695"}, "tweet_id": "1227344055450898433"}, {"license": "gnip", "citation_ids": [75354095, 75320964], "author": {"tweeter_id": "1023718573"}, "tweet_id": "1227363068750905344"}, {"license": "gnip", "citation_ids": [75320964], "author": {"tweeter_id": "113022315"}, "tweet_id": "1227376135027097600"}, {"license": "gnip", "citation_ids": [75320964], "author": {"tweeter_id": "1214344664830136322"}, "tweet_id": "1227458065919860737"}, {"license": "gnip", "citation_ids": [75320964], "author": {"tweeter_id": "777202890532352000"}, "tweet_id": "1227527363799457802"}, {"license": "gnip", "citation_ids": [75320964], "author": {"tweeter_id": "2789363478"}, "tweet_id": "1227568797608890368"}, {"license": "gnip", "citation_ids": [75320964], "author": {"tweeter_id": "128218698"}, "tweet_id": "1227583479287709696"}, {"license": "gnip", "citation_ids": [75320964], "author": {"tweeter_id": "2752125896"}, "tweet_id": "1227598006976823296"}, {"license": "gnip", "citation_ids": [75320964], "author": {"tweeter_id": "2783950752"}, "tweet_id": "1227599738020585472"}, {"license": "gnip", "citation_ids": [75320964], "author": {"tweeter_id": "287638387"}, "tweet_id": "1227599947471568903"}, {"license": "gnip", "citation_ids": [75320964], "author": {"tweeter_id": "393866558"}, "tweet_id": "1227600392952795137"}, {"license": "gnip", "citation_ids": [75320964], "author": {"tweeter_id": "750317196"}, "tweet_id": "1227602981522006017"}, {"license": "gnip", "citation_ids": [75320964], "author": {"tweeter_id": "593447138"}, "tweet_id": "1227608965178986497"}, {"license": "gnip", "citation_ids": [75320964], "author": {"tweeter_id": "12273652"}, "tweet_id": "1227613909428760576"}, {"license": "gnip", "citation_ids": [75320964], "author": {"tweeter_id": "1206130432896462851"}, "tweet_id": "1227621432567324672"}, {"license": "gnip", "citation_ids": [75320964], "author": {"tweeter_id": "154866351"}, "tweet_id": "1227697430788882433"}, {"license": "gnip", "citation_ids": [75320964], "author": {"tweeter_id": "70336595"}, "tweet_id": "1227705054632738816"}, {"license": "gnip", "citation_ids": [75320964], "author": {"tweeter_id": "3346693659"}, "tweet_id": "1227707272438087680"}, {"license": "gnip", "citation_ids": [75320964], "author": {"tweeter_id": "1091670971725959168"}, "tweet_id": "1227709482936999943"}, {"license": "gnip", "citation_ids": [75320964], "author": {"tweeter_id": "95756144"}, "tweet_id": "1227729648030638081"}, {"license": "gnip", "citation_ids": [75320964], "author": {"tweeter_id": "95756144"}, "tweet_id": "1227729660592545792"}, {"license": "gnip", "citation_ids": [75320964], "author": {"tweeter_id": "1186482540443394050"}, "tweet_id": "1227736914293190657"}, {"license": "gnip", "citation_ids": [75320964], "author": {"tweeter_id": "300634586"}, "tweet_id": "1227774944253054977"}, {"license": "gnip", "citation_ids": [75320964, 75577209], "author": {"tweeter_id": "251573066"}, "tweet_id": "1227802254104612864"}, {"license": "gnip", "citation_ids": [75320964], "author": {"tweeter_id": "860427911727259648"}, "tweet_id": "1227960513855811584"}, {"license": "gnip", "citation_ids": [75320964], "author": {"tweeter_id": "860427911727259648"}, "tweet_id": "1227960663647014912"}, {"license": "gnip", "citation_ids": [75320964], "author": {"tweeter_id": "70945647"}, "tweet_id": "1228022990941519872"}, {"license": "gnip", "citation_ids": [75320964], "author": {"tweeter_id": "844485965661925376"}, "tweet_id": "1228321227267137536"}, {"license": "gnip", "citation_ids": [75320964], "author": {"tweeter_id": "2321468294"}, "tweet_id": "1228350253746794496"}, {"license": "gnip", "citation_ids": [75320964], "author": {"tweeter_id": "1151558216016367617"}, "tweet_id": "1228352899287322624"}, {"license": "gnip", "citation_ids": [75320964], "author": {"tweeter_id": "2401618124"}, "tweet_id": "1228388918942486528"}, {"license": "gnip", "citation_ids": [75320964], "author": {"tweeter_id": "70625998"}, "tweet_id": "1228402155037634562"}, {"license": "gnip", "citation_ids": [75320964], "author": {"tweeter_id": "159631255"}, "tweet_id": "1228536209380560896"}, {"license": "gnip", "citation_ids": [75320964], "author": {"tweeter_id": "211808465"}, "tweet_id": "1228567927810646017"}, {"license": "gnip", "citation_ids": [76118288, 75320964], "author": {"tweeter_id": "2752125896"}, "tweet_id": "1228685031897387008"}, {"license": "gnip", "citation_ids": [75320964], "author": {"tweeter_id": "453099508"}, "tweet_id": "1228686346618720256"}, {"license": "gnip", "citation_ids": [76118288, 75320964], "author": {"tweeter_id": "1223167659895738370"}, "tweet_id": "1228686895434977283"}, {"license": "gnip", "citation_ids": [76118288, 75320964], "author": {"tweeter_id": "14490123"}, "tweet_id": "1228687831326842880"}, {"license": "gnip", "citation_ids": [76118288, 75320964], "author": {"tweeter_id": "130483278"}, "tweet_id": "1228689348750524416"}, {"license": "gnip", "citation_ids": [76118288, 75320964], "author": {"tweeter_id": "316277658"}, "tweet_id": "1228698840452042752"}, {"license": "gnip", "citation_ids": [75354095, 75320964], "author": {"tweeter_id": "806128193241370626"}, "tweet_id": "1228705996710633472"}, {"license": "gnip", "citation_ids": [76118288, 75320964], "author": {"tweeter_id": "264257755"}, "tweet_id": "1228706598169657345"}, {"license": "gnip", "citation_ids": [76118288, 75320964], "author": {"tweeter_id": "860427911727259648"}, "tweet_id": "1228713786485264386"}, {"license": "gnip", "citation_ids": [76118288, 75320964], "author": {"tweeter_id": "95756144"}, "tweet_id": "1228807912090304512"}, {"license": "gnip", "citation_ids": [75320964], "author": {"tweeter_id": "131509804"}, "tweet_id": "1228914790426243073"}, {"license": "gnip", "citation_ids": [75320964], "author": {"tweeter_id": "410382726"}, "tweet_id": "1229339936773439491"}, {"license": "gnip", "citation_ids": [75320964], "author": {"tweeter_id": "1111429252958904320"}, "tweet_id": "1229548068627976192"}, {"license": "gnip", "citation_ids": [75320964], "author": {"tweeter_id": "1373739644"}, "tweet_id": "1229559616696016896"}, {"license": "gnip", "citation_ids": [75320964], "author": {"tweeter_id": "44274672"}, "tweet_id": "1229603335210139649"}, {"license": "gnip", "citation_ids": [75320964], "author": {"tweeter_id": "272626019"}, "tweet_id": "1229603889764282369"}, {"license": "gnip", "citation_ids": [75320964], "author": {"tweeter_id": "451192624"}, "tweet_id": "1229792350190391301"}, {"license": "gnip", "citation_ids": [75320964], "author": {"tweeter_id": "14465282"}, "tweet_id": "1229863122581606402"}, {"license": "gnip", "citation_ids": [75320964], "author": {"tweeter_id": "802242174511443968"}, "tweet_id": "1229929588127563778"}, {"license": "gnip", "citation_ids": [75320964], "author": {"tweeter_id": "964564587310759936"}, "tweet_id": "1230002864614830085"}, {"license": "gnip", "citation_ids": [75320964], "author": {"tweeter_id": "805601990415892485"}, "tweet_id": "1230926764534378496"}, {"license": "gnip", "citation_ids": [75320964], "author": {"tweeter_id": "122555376"}, "tweet_id": "1231592557458542593"}, {"license": "gnip", "citation_ids": [75320964, 75921586], "author": {"tweeter_id": "2345587787"}, "tweet_id": "1232777385369571328"}, {"license": "gnip", "citation_ids": [75320964], "author": {"tweeter_id": "77801538"}, "tweet_id": "1233074634616078336"}, {"license": "gnip", "citation_ids": [75354095, 75320964], "author": {"tweeter_id": "15553380"}, "tweet_id": "1233151279871848449"}, {"license": "gnip", "citation_ids": [75320964], "author": {"tweeter_id": "125349598"}, "tweet_id": "1233640517251911680"}, {"license": "gnip", "citation_ids": [75320964], "author": {"tweeter_id": "1044491097660174336"}, "tweet_id": "1233857234351935488"}, {"license": "gnip", "citation_ids": [75320964], "author": {"tweeter_id": "1105076135241633797"}, "tweet_id": "1234170164805021697"}, {"license": "gnip", "citation_ids": [75320964], "author": {"tweeter_id": "19660674"}, "tweet_id": "1234209259585490944"}, {"license": "gnip", "citation_ids": [75320964], "author": {"tweeter_id": "73455211"}, "tweet_id": "1234450933746225160"}, {"license": "gnip", "citation_ids": [75320964], "author": {"tweeter_id": "308910538"}, "tweet_id": "1234451336458055681"}, {"license": "gnip", "citation_ids": [75320964], "author": {"tweeter_id": "1195314636628869120"}, "tweet_id": "1234458838432129024"}, {"license": "gnip", "citation_ids": [75320964], "author": {"tweeter_id": "830822640"}, "tweet_id": "1234490241018449921"}, {"license": "gnip", "citation_ids": [75320964], "author": {"tweeter_id": "1184284798178746370"}, "tweet_id": "1234506769201799168"}, {"license": "gnip", "citation_ids": [75320964], "author": {"tweeter_id": "1939935332"}, "tweet_id": "1235172833644298240"}, {"license": "gnip", "citation_ids": [75320964], "author": {"tweeter_id": "861853539177451521"}, "tweet_id": "1235210408463437824"}, {"license": "gnip", "citation_ids": [75320964], "author": {"tweeter_id": "110014869"}, "tweet_id": "1235210839038160896"}, {"license": "gnip", "citation_ids": [75320964], "author": {"tweeter_id": "340059611"}, "tweet_id": "1235271210704855040"}, {"license": "gnip", "citation_ids": [75320964], "author": {"tweeter_id": "60897977"}, "tweet_id": "1235346559904210946"}, {"license": "gnip", "citation_ids": [75320964], "author": {"tweeter_id": "413341728"}, "tweet_id": "1235361569812484096"}, {"license": "gnip", "citation_ids": [75320964], "author": {"tweeter_id": "985820315522650113"}, "tweet_id": "1235365004813242368"}, {"license": "gnip", "citation_ids": [75320964], "author": {"tweeter_id": "1232282196578226176"}, "tweet_id": "1235369717243629568"}, {"license": "gnip", "citation_ids": [75320964], "author": {"tweeter_id": "1232282196578226176"}, "tweet_id": "1235552877910708224"}, {"license": "gnip", "citation_ids": [75320964], "author": {"tweeter_id": "889244924729843712"}, "tweet_id": "1235687036448727041"}, {"license": "gnip", "citation_ids": [75320964, 57899665, 30325180, 75354095], "author": {"tweeter_id": "605269037"}, "tweet_id": "1235918343795650562"}, {"license": "gnip", "citation_ids": [75320964], "author": {"tweeter_id": "1110851071075860480"}, "tweet_id": "1235988616142360576"}, {"license": "gnip", "citation_ids": [75320964], "author": {"tweeter_id": "1147870578826760192"}, "tweet_id": "1236025062689591298"}, {"license": "gnip", "citation_ids": [75320964], "author": {"tweeter_id": "16926714"}, "tweet_id": "1236479716162506752"}, {"license": "gnip", "citation_ids": [75320964], "author": {"tweeter_id": "176782313"}, "tweet_id": "1236575920929964032"}, {"license": "gnip", "citation_ids": [75320964], "author": {"tweeter_id": "3645860174"}, "tweet_id": "1236577662979592192"}, {"license": "gnip", "citation_ids": [75320964], "author": {"tweeter_id": "60955309"}, "tweet_id": "1236577898217132032"}, {"license": "gnip", "citation_ids": [75320964], "author": {"tweeter_id": "756626345862586368"}, "tweet_id": "1236580535381774336"}, {"license": "gnip", "citation_ids": [75320964], "author": {"tweeter_id": "929563766676533248"}, "tweet_id": "1236584821683412994"}, {"license": "gnip", "citation_ids": [75320964], "author": {"tweeter_id": "985949817577902081"}, "tweet_id": "1236782345635737602"}, {"license": "gnip", "citation_ids": [75320964], "author": {"tweeter_id": "965643717502627840"}, "tweet_id": "1237111291359174658"}, {"license": "gnip", "citation_ids": [75320964], "author": {"tweeter_id": "367691029"}, "tweet_id": "1238052271507689473"}, {"license": "gnip", "citation_ids": [75320964], "author": {"tweeter_id": "1231888107760316416"}, "tweet_id": "1238052951198822400"}, {"license": "gnip", "citation_ids": [75320964], "author": {"tweeter_id": "713935959486627841"}, "tweet_id": "1238073141806555138"}, {"license": "gnip", "citation_ids": [75320964], "author": {"tweeter_id": "245308951"}, "tweet_id": "1238074283995222016"}, {"license": "gnip", "citation_ids": [75320964], "author": {"tweeter_id": "928201048103071744"}, "tweet_id": "1238074367461875713"}, {"license": "gnip", "citation_ids": [75320964], "author": {"tweeter_id": "805415002442080257"}, "tweet_id": "1238074526555987969"}, {"license": "gnip", "citation_ids": [75320964], "author": {"tweeter_id": "245308951"}, "tweet_id": "1238074590443630597"}, {"license": "gnip", "citation_ids": [75320964], "author": {"tweeter_id": "2841472838"}, "tweet_id": "1238082578902421506"}, {"license": "gnip", "citation_ids": [75320964], "author": {"tweeter_id": "381789372"}, "tweet_id": "1238087499706228736"}, {"license": "gnip", "citation_ids": [75320964], "author": {"tweeter_id": "1030916130"}, "tweet_id": "1238379627258826752"}, {"license": "gnip", "citation_ids": [75320964], "author": {"tweeter_id": "606663093"}, "tweet_id": "1238611486265630721"}, {"license": "gnip", "citation_ids": [75320964], "author": {"tweeter_id": "944309873361088512"}, "tweet_id": "1238672366789521409"}, {"license": "gnip", "citation_ids": [75320964], "author": {"tweeter_id": "126498058"}, "tweet_id": "1238673233286696961"}, {"license": "gnip", "citation_ids": [75320964], "author": {"tweeter_id": "1191745846615957506"}, "tweet_id": "1238767839252643842"}, {"license": "gnip", "citation_ids": [75320964, 77384559], "author": {"tweeter_id": "2826292747"}, "tweet_id": "1238791284275523584"}, {"license": "gnip", "citation_ids": [75320964, 77384559], "author": {"tweeter_id": "726801029963108352"}, "tweet_id": "1238793880620937217"}, {"license": "gnip", "citation_ids": [75320964, 77384559], "author": {"tweeter_id": "120168581"}, "tweet_id": "1238800053789249536"}, {"license": "gnip", "citation_ids": [75320964, 77384559], "author": {"tweeter_id": "248971559"}, "tweet_id": "1238804713405067264"}, {"license": "gnip", "citation_ids": [75320964], "author": {"tweeter_id": "2424656774"}, "tweet_id": "1238805725855600640"}, {"license": "gnip", "citation_ids": [75320964], "author": {"tweeter_id": "1101572585416876032"}, "tweet_id": "1238841736333574146"}, {"license": "gnip", "citation_ids": [75320964], "author": {"tweeter_id": "1221099378623930368"}, "tweet_id": "1238844089514078208"}, {"license": "gnip", "citation_ids": [75320964, 77384559], "author": {"tweeter_id": "135920256"}, "tweet_id": "1238851115761852419"}, {"license": "gnip", "citation_ids": [75320964], "author": {"tweeter_id": "1066334352571842560"}, "tweet_id": "1238859667935199232"}, {"license": "gnip", "citation_ids": [75320964], "author": {"tweeter_id": "197284836"}, "tweet_id": "1238863985275015168"}, {"license": "gnip", "citation_ids": [75320964, 77384559], "author": {"tweeter_id": "1113747629282930688"}, "tweet_id": "1238868270582816771"}, {"license": "gnip", "citation_ids": [75320964], "author": {"tweeter_id": "14465282"}, "tweet_id": "1238877717006696448"}, {"license": "gnip", "citation_ids": [75320964], "author": {"tweeter_id": "14465282"}, "tweet_id": "1238878381006934023"}, {"license": "gnip", "citation_ids": [75320964], "author": {"tweeter_id": "1233236940549287936"}, "tweet_id": "1238878427811328000"}, {"license": "gnip", "citation_ids": [75320964], "author": {"tweeter_id": "985849749319356417"}, "tweet_id": "1238878478591762434"}, {"license": "gnip", "citation_ids": [75320964], "author": {"tweeter_id": "18868457"}, "tweet_id": "1238879526203031553"}, {"license": "gnip", "citation_ids": [75320964], "author": {"tweeter_id": "3130877098"}, "tweet_id": "1238886712501207042"}, {"license": "gnip", "citation_ids": [75320964], "author": {"tweeter_id": "17796394"}, "tweet_id": "1238890279668559872"}, {"license": "gnip", "citation_ids": [75320964], "author": {"tweeter_id": "5895742"}, "tweet_id": "1238895396426076164"}, {"license": "gnip", "citation_ids": [75320964], "author": {"tweeter_id": "12402052"}, "tweet_id": "1238896855557292033"}, {"license": "gnip", "citation_ids": [77271199, 75320964, 77348652], "author": {"tweeter_id": "2424656774"}, "tweet_id": "1238911134524215299"}, {"license": "gnip", "citation_ids": [76996668, 75320964], "author": {"tweeter_id": "44113345"}, "tweet_id": "1238938425396465665"}, {"license": "gnip", "citation_ids": [75320964, 77384559], "author": {"tweeter_id": "337780586"}, "tweet_id": "1238940972718993408"}, {"license": "gnip", "citation_ids": [75320964], "author": {"tweeter_id": "1066334352571842560"}, "tweet_id": "1238949033760210947"}, {"license": "gnip", "citation_ids": [75320964], "author": {"tweeter_id": "1066334352571842560"}, "tweet_id": "1238951296868237313"}, {"license": "gnip", "citation_ids": [75320964], "author": {"tweeter_id": "780503912260468736"}, "tweet_id": "1238957416567451657"}, {"license": "gnip", "citation_ids": [75320964, 77384559], "author": {"tweeter_id": "746985479992709120"}, "tweet_id": "1238958860775415808"}, {"license": "gnip", "citation_ids": [75320964], "author": {"tweeter_id": "2186315633"}, "tweet_id": "1238958882413780993"}, {"license": "gnip", "citation_ids": [75320964], "author": {"tweeter_id": "259915586"}, "tweet_id": "1238959758847205377"}, {"license": "gnip", "citation_ids": [75320964, 77384559], "author": {"tweeter_id": "37458411"}, "tweet_id": "1238965266723344389"}, {"license": "gnip", "citation_ids": [75320964], "author": {"tweeter_id": "806615821216874496"}, "tweet_id": "1238966206763335682"}, {"license": "gnip", "citation_ids": [75320964], "author": {"tweeter_id": "867042011177766913"}, "tweet_id": "1238966487278391296"}, {"license": "gnip", "citation_ids": [75320964], "author": {"tweeter_id": "3369055797"}, "tweet_id": "1238968713321287680"}, {"license": "gnip", "citation_ids": [75320964], "author": {"tweeter_id": "1223586523469225985"}, "tweet_id": "1238970510173667341"}, {"license": "gnip", "citation_ids": [75320964], "author": {"tweeter_id": "1066334352571842560"}, "tweet_id": "1238972416791121923"}, {"license": "gnip", "citation_ids": [75320964], "author": {"tweeter_id": "1066334352571842560"}, "tweet_id": "1238973808528195586"}, {"license": "gnip", "citation_ids": [75320964], "author": {"tweeter_id": "1066334352571842560"}, "tweet_id": "1238974101777252362"}, {"license": "gnip", "citation_ids": [75320964], "author": {"tweeter_id": "1066334352571842560"}, "tweet_id": "1238974221981794304"}, {"license": "gnip", "citation_ids": [75320964], "author": {"tweeter_id": "33384933"}, "tweet_id": "1238988238125228033"}, {"license": "gnip", "citation_ids": [75320964, 77384559], "author": {"tweeter_id": "240375818"}, "tweet_id": "1238990793454518273"}, {"license": "gnip", "citation_ids": [75320964], "author": {"tweeter_id": "125086730"}, "tweet_id": "1238992963239161856"}, {"license": "gnip", "citation_ids": [75320964, 77384559], "author": {"tweeter_id": "16390848"}, "tweet_id": "1238997646217490434"}, {"license": "gnip", "citation_ids": [75320964], "author": {"tweeter_id": "96556623"}, "tweet_id": "1238997955283169280"}, {"license": "gnip", "citation_ids": [75320964, 77384559], "author": {"tweeter_id": "2984512191"}, "tweet_id": "1239005135549972480"}, {"license": "gnip", "citation_ids": [75320964], "author": {"tweeter_id": "1049075800996286464"}, "tweet_id": "1239016753948229637"}, {"license": "gnip", "citation_ids": [75320964, 77384559], "author": {"tweeter_id": "284124041"}, "tweet_id": "1239028888178536448"}, {"license": "gnip", "citation_ids": [75320964, 77384559], "author": {"tweeter_id": "3395460933"}, "tweet_id": "1239039709957042176"}, {"license": "gnip", "citation_ids": [75320964], "author": {"tweeter_id": "3002812506"}, "tweet_id": "1239046889682526209"}, {"license": "gnip", "citation_ids": [75320964], "author": {"tweeter_id": "1203892104969109504"}, "tweet_id": "1239053209668186113"}, {"license": "gnip", "citation_ids": [75320964], "author": {"tweeter_id": "924503418"}, "tweet_id": "1239054677678817283"}, {"license": "gnip", "citation_ids": [75320964], "author": {"tweeter_id": "515209390"}, "tweet_id": "1239060510894477313"}, {"license": "gnip", "citation_ids": [75320964, 77384559], "author": {"tweeter_id": "346978158"}, "tweet_id": "1239062039718313984"}, {"license": "gnip", "citation_ids": [75320964], "author": {"tweeter_id": "1221430868"}, "tweet_id": "1239064117542936578"}, {"license": "gnip", "citation_ids": [75320964], "author": {"tweeter_id": "69207778"}, "tweet_id": "1239065996037505024"}, {"license": "gnip", "citation_ids": [75320964], "author": {"tweeter_id": "263556953"}, "tweet_id": "1239069954009268224"}, {"license": "gnip", "citation_ids": [75320964], "author": {"tweeter_id": "991780171257647107"}, "tweet_id": "1239073815357018112"}, {"license": "gnip", "citation_ids": [75320964], "author": {"tweeter_id": "252303653"}, "tweet_id": "1239087828367224833"}, {"license": "gnip", "citation_ids": [75320964], "author": {"tweeter_id": "1272759720"}, "tweet_id": "1239089024142319616"}, {"license": "gnip", "citation_ids": [75320964], "author": {"tweeter_id": "308424027"}, "tweet_id": "1239091181864312833"}, {"license": "gnip", "citation_ids": [75320964], "author": {"tweeter_id": "1205986081692237824"}, "tweet_id": "1239093040586747904"}, {"license": "gnip", "citation_ids": [75320964], "author": {"tweeter_id": "35449377"}, "tweet_id": "1239093539583201281"}, {"license": "gnip", "citation_ids": [75320964], "author": {"tweeter_id": "16923689"}, "tweet_id": "1239096367253016578"}, {"license": "gnip", "citation_ids": [75320964], "author": {"tweeter_id": "4897080189"}, "tweet_id": "1239100409219813378"}, {"license": "gnip", "citation_ids": [75320964], "author": {"tweeter_id": "1109128247789395968"}, "tweet_id": "1239102827080941568"}, {"license": "gnip", "citation_ids": [75320964], "author": {"tweeter_id": "1055874946889629696"}, "tweet_id": "1239107664820535298"}, {"license": "gnip", "citation_ids": [75320964], "author": {"tweeter_id": "796819422757404673"}, "tweet_id": "1239109349773115392"}, {"license": "gnip", "citation_ids": [75320964], "author": {"tweeter_id": "1047327720080859136"}, "tweet_id": "1239110556008792064"}, {"license": "gnip", "citation_ids": [75320964], "author": {"tweeter_id": "2570983608"}, "tweet_id": "1239113462481063938"}, {"license": "gnip", "citation_ids": [75320964], "author": {"tweeter_id": "1221099378623930368"}, "tweet_id": "1239115902672465928"}, {"license": "gnip", "citation_ids": [75320964], "author": {"tweeter_id": "73401337"}, "tweet_id": "1239117772430376961"}, {"license": "gnip", "citation_ids": [75320964], "author": {"tweeter_id": "3002812506"}, "tweet_id": "1239118342901788674"}, {"license": "gnip", "citation_ids": [75320964], "author": {"tweeter_id": "912929083"}, "tweet_id": "1239129801996337154"}, {"license": "gnip", "citation_ids": [75320964], "author": {"tweeter_id": "3929042182"}, "tweet_id": "1239130607831199744"}, {"license": "gnip", "citation_ids": [75320964], "author": {"tweeter_id": "3929042182"}, "tweet_id": "1239130735354789888"}, {"license": "gnip", "citation_ids": [75320964, 77384559], "author": {"tweeter_id": "21180036"}, "tweet_id": "1239135279786721280"}, {"license": "gnip", "citation_ids": [75320964], "author": {"tweeter_id": "352391638"}, "tweet_id": "1239141047378145281"}, {"license": "gnip", "citation_ids": [75320964], "author": {"tweeter_id": "988133614633144320"}, "tweet_id": "1239141415491227649"}, {"license": "gnip", "citation_ids": [75320964, 77384559], "author": {"tweeter_id": "1036762198679404544"}, "tweet_id": "1239144357330108416"}, {"license": "gnip", "citation_ids": [75320964], "author": {"tweeter_id": "966035835425644544"}, "tweet_id": "1239145678468775936"}, {"license": "gnip", "citation_ids": [75320964, 77384559], "author": {"tweeter_id": "199190315"}, "tweet_id": "1239145883414953986"}, {"license": "gnip", "citation_ids": [75320964], "author": {"tweeter_id": "233405171"}, "tweet_id": "1239146238970417154"}, {"license": "gnip", "citation_ids": [75320964], "author": {"tweeter_id": "2424746335"}, "tweet_id": "1239148850532814848"}, {"license": "gnip", "citation_ids": [75320964], "author": {"tweeter_id": "933268309251907584"}, "tweet_id": "1239150085423972353"}, {"license": "gnip", "citation_ids": [75320964], "author": {"tweeter_id": "1596709909"}, "tweet_id": "1239150946065747970"}, {"license": "gnip", "citation_ids": [75320964], "author": {"tweeter_id": "402091237"}, "tweet_id": "1239151084461068288"}, {"license": "gnip", "citation_ids": [75320964], "author": {"tweeter_id": "42855210"}, "tweet_id": "1239158158771322880"}, {"license": "gnip", "citation_ids": [75320964, 77384559], "author": {"tweeter_id": "691943"}, "tweet_id": "1239158488259072000"}, {"license": "gnip", "citation_ids": [75320964], "author": {"tweeter_id": "3000302955"}, "tweet_id": "1239163569561833474"}, {"license": "gnip", "citation_ids": [75320964], "author": {"tweeter_id": "2260837674"}, "tweet_id": "1239170637844922370"}, {"license": "gnip", "citation_ids": [75320964], "author": {"tweeter_id": "2676991253"}, "tweet_id": "1239171854805450753"}, {"license": "gnip", "citation_ids": [75320964], "author": {"tweeter_id": "1386283898"}, "tweet_id": "1239179528649523200"}, {"license": "gnip", "citation_ids": [75320964], "author": {"tweeter_id": "853318060052291584"}, "tweet_id": "1239182514499006466"}, {"license": "gnip", "citation_ids": [75320964], "author": {"tweeter_id": "2676991253"}, "tweet_id": "1239184905046765568"}, {"license": "gnip", "citation_ids": [75320964, 77384559], "author": {"tweeter_id": "54871191"}, "tweet_id": "1239185879656288258"}, {"license": "gnip", "citation_ids": [75320964], "author": {"tweeter_id": "3369537575"}, "tweet_id": "1239188838309924865"}, {"license": "gnip", "citation_ids": [75320964], "author": {"tweeter_id": "232066496"}, "tweet_id": "1239198197303726081"}, {"license": "gnip", "citation_ids": [75320964], "author": {"tweeter_id": "60011904"}, "tweet_id": "1239198266111062016"}, {"license": "gnip", "citation_ids": [75320964], "author": {"tweeter_id": "60011904"}, "tweet_id": "1239198502011334656"}, {"license": "gnip", "citation_ids": [75320964], "author": {"tweeter_id": "1066334352571842560"}, "tweet_id": "1239201881496391680"}, {"license": "gnip", "citation_ids": [75320964, 77384559], "author": {"tweeter_id": "1066334352571842560"}, "tweet_id": "1239202692964196354"}, {"license": "gnip", "citation_ids": [75320964], "author": {"tweeter_id": "16269786"}, "tweet_id": "1239203038725672960"}, {"license": "gnip", "citation_ids": [75320964], "author": {"tweeter_id": "34046110"}, "tweet_id": "1239203508185747457"}, {"license": "gnip", "citation_ids": [75320964], "author": {"tweeter_id": "234877305"}, "tweet_id": "1239204591729692678"}, {"license": "gnip", "citation_ids": [75320964], "author": {"tweeter_id": "1362485461"}, "tweet_id": "1239204741185495040"}, {"license": "gnip", "citation_ids": [75320964, 77384559], "author": {"tweeter_id": "47619268"}, "tweet_id": "1239207337107156997"}, {"license": "gnip", "citation_ids": [75320964], "author": {"tweeter_id": "402091237"}, "tweet_id": "1239210322537459714"}, {"license": "gnip", "citation_ids": [75320964], "author": {"tweeter_id": "1233454708888604672"}, "tweet_id": "1239213187943235584"}, {"license": "gnip", "citation_ids": [75320964], "author": {"tweeter_id": "2910064454"}, "tweet_id": "1239219196447334400"}, {"license": "gnip", "citation_ids": [75320964], "author": {"tweeter_id": "1904824394"}, "tweet_id": "1239248284709007360"}, {"license": "gnip", "citation_ids": [75320964], "author": {"tweeter_id": "841388061606969347"}, "tweet_id": "1239258826555129856"}, {"license": "gnip", "citation_ids": [75320964], "author": {"tweeter_id": "89365681"}, "tweet_id": "1239259331821834240"}, {"license": "gnip", "citation_ids": [75320964], "author": {"tweeter_id": "17934084"}, "tweet_id": "1239272581200588802"}, {"license": "gnip", "citation_ids": [75320964], "author": {"tweeter_id": "1092499081837101057"}, "tweet_id": "1239273321339985920"}, {"license": "gnip", "citation_ids": [75320964], "author": {"tweeter_id": "3631373841"}, "tweet_id": "1239277495737823232"}, {"license": "gnip", "citation_ids": [75320964], "author": {"tweeter_id": "909411690"}, "tweet_id": "1239284599597027328"}, {"license": "gnip", "citation_ids": [75320964], "author": {"tweeter_id": "1066334352571842560"}, "tweet_id": "1239287663972278274"}, {"license": "gnip", "citation_ids": [75320964], "author": {"tweeter_id": "796400472970043392"}, "tweet_id": "1239290160849637376"}, {"license": "gnip", "citation_ids": [75320964], "author": {"tweeter_id": "69711802"}, "tweet_id": "1239340705073553409"}, {"license": "gnip", "citation_ids": [75320964], "author": {"tweeter_id": "1218815238604316672"}, "tweet_id": "1239350555694305284"}, {"license": "gnip", "citation_ids": [75320964], "author": {"tweeter_id": "1884380228"}, "tweet_id": "1239351333586526209"}, {"license": "gnip", "citation_ids": [75320964], "author": {"tweeter_id": "1066334352571842560"}, "tweet_id": "1239376945361625088"}, {"license": "gnip", "citation_ids": [75320964], "author": {"tweeter_id": "1066334352571842560"}, "tweet_id": "1239378581702180864"}, {"license": "gnip", "citation_ids": [75320964], "author": {"tweeter_id": "597647783"}, "tweet_id": "1239381283119280128"}, {"license": "gnip", "citation_ids": [75320964], "author": {"tweeter_id": "17165559"}, "tweet_id": "1239385595832668160"}, {"license": "gnip", "citation_ids": [75320964], "author": {"tweeter_id": "19964647"}, "tweet_id": "1239385732076072960"}, {"license": "gnip", "citation_ids": [75320964], "author": {"tweeter_id": "1170505100227436544"}, "tweet_id": "1239390481685131265"}, {"license": "gnip", "citation_ids": [75320964], "author": {"tweeter_id": "343538518"}, "tweet_id": "1239394463853748225"}, {"license": "gnip", "citation_ids": [75320964], "author": {"tweeter_id": "1221099378623930368"}, "tweet_id": "1239478647100063744"}, {"license": "gnip", "citation_ids": [75320964], "author": {"tweeter_id": "1054336566825500672"}, "tweet_id": "1239504050112155648"}, {"license": "gnip", "citation_ids": [75320964], "author": {"tweeter_id": "1172527165415444480"}, "tweet_id": "1239509492837969921"}, {"license": "gnip", "citation_ids": [75320964], "author": {"tweeter_id": "913279892"}, "tweet_id": "1239543155927797763"}, {"license": "gnip", "citation_ids": [75320964], "author": {"tweeter_id": "151627404"}, "tweet_id": "1239544864204865536"}, {"license": "gnip", "citation_ids": [75320964], "author": {"tweeter_id": "191411848"}, "tweet_id": "1239552242002333696"}, {"license": "gnip", "citation_ids": [75320964], "author": {"tweeter_id": "218447561"}, "tweet_id": "1239565647438385153"}, {"license": "gnip", "citation_ids": [75320964], "author": {"tweeter_id": "211723058"}, "tweet_id": "1239578497594445824"}, {"license": "gnip", "citation_ids": [75320964], "author": {"tweeter_id": "989933081233633288"}, "tweet_id": "1239585393902866433"}, {"license": "gnip", "citation_ids": [75320964], "author": {"tweeter_id": "742255916385329152"}, "tweet_id": "1239590035898408961"}, {"license": "gnip", "citation_ids": [75320964], "author": {"tweeter_id": "157028341"}, "tweet_id": "1239599781309296640"}, {"license": "gnip", "citation_ids": [77621492, 75320964, 77662581], "author": {"tweeter_id": "750663747962753024"}, "tweet_id": "1239736227819130881"}, {"license": "gnip", "citation_ids": [75320964], "author": {"tweeter_id": "912612055"}, "tweet_id": "1239743510183624704"}, {"license": "gnip", "citation_ids": [75320964], "author": {"tweeter_id": "471615885"}, "tweet_id": "1239745782330294280"}, {"license": "gnip", "citation_ids": [77621492, 75320964, 16585189, 77662581], "author": {"tweeter_id": "750663747962753024"}, "tweet_id": "1239749245743378432"}, {"license": "gnip", "citation_ids": [75320964], "author": {"tweeter_id": "711098533827493888"}, "tweet_id": "1239818111974588420"}, {"license": "gnip", "citation_ids": [75320964], "author": {"tweeter_id": "115815571"}, "tweet_id": "1239823171324465152"}, {"license": "gnip", "citation_ids": [75320964], "author": {"tweeter_id": "21421032"}, "tweet_id": "1239901658324316160"}, {"license": "gnip", "citation_ids": [75320964, 77411579], "author": {"tweeter_id": "933328215841624064"}, "tweet_id": "1239908954240679937"}, {"license": "gnip", "citation_ids": [75320964], "author": {"tweeter_id": "2862813269"}, "tweet_id": "1239911772599050245"}, {"license": "gnip", "citation_ids": [75320964], "author": {"tweeter_id": "933328215841624064"}, "tweet_id": "1239913276198342656"}, {"license": "gnip", "citation_ids": [75320964], "author": {"tweeter_id": "115815571"}, "tweet_id": "1239915506754375682"}, {"license": "gnip", "citation_ids": [75320964], "author": {"tweeter_id": "2345299433"}, "tweet_id": "1239979721686908931"}, {"license": "gnip", "citation_ids": [75320964], "author": {"tweeter_id": "462021312"}, "tweet_id": "1239979926893342720"}, {"license": "gnip", "citation_ids": [75320964], "author": {"tweeter_id": "2443944891"}, "tweet_id": "1239980033458024449"}, {"license": "gnip", "citation_ids": [75320964], "author": {"tweeter_id": "956203184"}, "tweet_id": "1239980066672705537"}, {"license": "gnip", "citation_ids": [75320964], "author": {"tweeter_id": "258732028"}, "tweet_id": "1239981249952985088"}, {"license": "gnip", "citation_ids": [75320964], "author": {"tweeter_id": "431749653"}, "tweet_id": "1239981885369049092"}, {"license": "gnip", "citation_ids": [75320964], "author": {"tweeter_id": "17822143"}, "tweet_id": "1239982080974610434"}, {"license": "gnip", "citation_ids": [75320964], "author": {"tweeter_id": "190257645"}, "tweet_id": "1239982423649267712"}, {"license": "gnip", "citation_ids": [75320964], "author": {"tweeter_id": "1218815238604316672"}, "tweet_id": "1239984115090407425"}, {"license": "gnip", "citation_ids": [75320964], "author": {"tweeter_id": "636899515"}, "tweet_id": "1239984172933869568"}, {"license": "gnip", "citation_ids": [75320964], "author": {"tweeter_id": "460468123"}, "tweet_id": "1239984661629149186"}, {"license": "gnip", "citation_ids": [75320964], "author": {"tweeter_id": "832003381493432328"}, "tweet_id": "1239988455972769794"}, {"license": "gnip", "citation_ids": [75320964], "author": {"tweeter_id": "259304209"}, "tweet_id": "1239989050443993090"}, {"license": "gnip", "citation_ids": [75320964], "author": {"tweeter_id": "2331859503"}, "tweet_id": "1239993588576063489"}, {"license": "gnip", "citation_ids": [75320964], "author": {"tweeter_id": "2390007772"}, "tweet_id": "1239994322205974528"}, {"license": "gnip", "citation_ids": [75320964], "author": {"tweeter_id": "20064354"}, "tweet_id": "1240001735449554945"}, {"license": "gnip", "citation_ids": [75320964], "author": {"tweeter_id": "2377156508"}, "tweet_id": "1240002555415052288"}, {"license": "gnip", "citation_ids": [75320964], "author": {"tweeter_id": "1538327216"}, "tweet_id": "1240012948053073921"}, {"license": "gnip", "citation_ids": [75320964], "author": {"tweeter_id": "2527073886"}, "tweet_id": "1240014278423429128"}, {"license": "gnip", "citation_ids": [75320964], "author": {"tweeter_id": "44193619"}, "tweet_id": "1240024784295124992"}, {"license": "gnip", "citation_ids": [75320964], "author": {"tweeter_id": "986085951670837248"}, "tweet_id": "1240072304165560323"}, {"license": "gnip", "citation_ids": [75320964], "author": {"tweeter_id": "558615340"}, "tweet_id": "1240104675757756417"}, {"license": "gnip", "citation_ids": [75320964], "author": {"tweeter_id": "69441276"}, "tweet_id": "1240109887188652033"}, {"license": "gnip", "citation_ids": [75320964], "author": {"tweeter_id": "547904132"}, "tweet_id": "1240151092085866498"}, {"license": "gnip", "citation_ids": [75320964], "author": {"tweeter_id": "1002221765597237249"}, "tweet_id": "1240168321355517955"}, {"license": "gnip", "citation_ids": [75320964], "author": {"tweeter_id": "4898470145"}, "tweet_id": "1240168966322098177"}, {"license": "gnip", "citation_ids": [75320964], "author": {"tweeter_id": "175782232"}, "tweet_id": "1240178261658869760"}, {"license": "gnip", "citation_ids": [75320964], "author": {"tweeter_id": "1029821567407190016"}, "tweet_id": "1240238909084381185"}, {"license": "gnip", "citation_ids": [75320964], "author": {"tweeter_id": "53988800"}, "tweet_id": "1240250877526659072"}, {"license": "gnip", "citation_ids": [75320964], "author": {"tweeter_id": "1098953306"}, "tweet_id": "1240259640144920578"}, {"license": "gnip", "citation_ids": [75320964], "author": {"tweeter_id": "627184088"}, "tweet_id": "1240260747965403138"}, {"license": "gnip", "citation_ids": [75320964], "author": {"tweeter_id": "209002867"}, "tweet_id": "1240280273620738049"}], "news": [{"title": "Avoid steroids in coronavirus treatment: Experts", "url": "http://ct.moreover.com/?a=41323372362&p=1pl&v=1&x=7u4qk9AHNKFZHBRWbBPm0Q", "license": "public", "citation_ids": [75320964], "posted_on": "2020-02-07T13:17:32+00:00", "summary": "London, Feb 7 : Treating the current novel coronavirus with steroids may do patients more harm than good, experts have warned.", "author": {"name": "New Kerala", "url": "http://www.newkerala.com", "image": "https://s3.amazonaws.com/weyland.altmetric.com/news_sources/logos/000/002/059/normal/Screen_Shot_2016-02-23_at_12.03.14.png?1456229032"}}, {"title": "\u041a\u043e\u0440\u043e\u043d\u0430\u0432\u0438\u0440\u0443\u0441 \u043f\u0440\u043e\u0442\u0435\u043a\u0430\u0435\u0442 \u0442\u044f\u0436\u0435\u043b\u0435\u0435 \u0443 \u0442\u0435\u0445, \u043a\u0442\u043e \u043f\u0440\u0438\u043d\u0438\u043c\u0430\u0435\u0442 \u0441\u0438\u043b\u044c\u043d\u044b\u0435 \u043f\u0440\u043e\u0442\u0438\u0432\u043e\u0432\u043e\u0441\u043f\u0430\u043b\u0438\u0442\u0435\u043b\u044c\u043d\u044b\u0435", "url": "http://ct.moreover.com/?a=41325409936&p=1pl&v=1&x=dqRbnNIp1uZfOBba-gS6lQ", "license": "public", "citation_ids": [75320964], "posted_on": "2020-02-07T17:57:37+00:00", "summary": "\u042d\u043a\u0441\u043f\u0435\u0440\u0442\u044b \u0440\u0435\u043a\u043e\u043c\u0435\u043d\u0434\u0443\u044e\u0442 \u0438\u0437\u0431\u0435\u0433\u0430\u0442\u044c \u0438\u0441\u043f\u043e\u043b\u044c\u0437\u043e\u0432\u0430\u043d\u0438\u044f \u043a\u043e\u0440\u0442\u0438\u043a\u043e\u0441\u0442\u0435\u0440\u043e\u0438\u0434\u043e\u0432 \u043f\u0440\u0438 \u043b\u0435\u0447\u0435\u043d\u0438\u0438 \u043d\u043e\u0432\u043e\u0433\u043e \u043a\u043e\u0440\u043e\u043d\u0430\u0432\u0438\u0440\u0443\u0441\u0430.", "author": {"name": "Medportal", "url": "http://medportal.ru/", "image": "https://s3.amazonaws.com/weyland.altmetric.com/news_sources/logos/000/001/962/normal/Screen_Shot_2016-02-11_at_12.28.07.png?1455193766"}}, {"title": "Coronavirus : les cortico\u00efdes ne sont pas recommand\u00e9s dans le traitement", "url": "http://ct.moreover.com/?a=41332328568&p=1pl&v=1&x=nqzZCfZaTfTs-K3CmUZzeQ", "license": "public", "citation_ids": [75320964], "posted_on": "2020-02-07T18:30:00+00:00", "summary": "Plus de 31 000 personnes touch\u00e9es dans le monde, 28 pays concern\u00e9s par l\u2019\u00e9pid\u00e9mie et 639 personnes d\u00e9c\u00e9d\u00e9es, principalement en Chine.", "author": {"name": "Pourquoi Docteur ", "url": "http://www.pourquoidocteur.fr/", "image": "https://s3.amazonaws.com/weyland.altmetric.com/news_sources/logos/000/002/530/normal/Screen_Shot_2016-10-24_at_11.43.16.png?1477305905"}}, {"title": "Steroids could do more harm than good in treating coronavirus", "url": "http://ct.moreover.com/?a=41343815094&p=1pl&v=1&x=E4y0FjJrkoaCgkndCR5u4g", "license": "public", "citation_ids": [75320964, 75320964, 75320964], "posted_on": "2020-02-10T05:00:05+00:00", "summary": "Steroids should be avoided in the treatment of the current novel coronavirus, experts have advised.", "author": {"name": "Bionity", "url": "http://www.bionity.com/", "image": "https://s3.amazonaws.com/weyland.altmetric.com/news_sources/logos/000/000/914/normal/Screen_Shot_2016-02-02_at_15.18.55.png?1454426347"}}, {"title": "\u041f\u043e\u0447\u0435\u043c\u0443 \u043f\u0440\u0438 \u043a\u043e\u0440\u043e\u043d\u0430\u0432\u0438\u0440\u0443\u0441\u043d\u043e\u0439 \u0438\u043d\u0444\u0435\u043a\u0446\u0438\u0438 \u043d\u0435 \u0441\u0442\u043e\u0438\u0442 \u043f\u0440\u0438\u043d\u0438\u043c\u0430\u0442\u044c \u043a\u043e\u0440\u0442\u0438\u043a\u043e\u0441\u0442\u0435\u0440\u043e\u0438\u0434\u044b?", "url": "http://ct.moreover.com/?a=41345311621&p=1pl&v=1&x=h-n02268IbubbAA7rQhE6w", "license": "public", "citation_ids": [75320964], "posted_on": "2020-02-10T10:19:00+00:00", "summary": "\u0423 \u043f\u0430\u0446\u0438\u0435\u043d\u0442\u043e\u0432, \u043f\u0440\u0438\u043d\u0438\u043c\u0430\u044e\u0449\u0438\u0445 \u043a\u043e\u0440\u0442\u0438\u043a\u043e\u0441\u0442\u0435\u0440\u043e\u0438\u0434\u044b, \u043a\u043e\u0440\u043e\u043d\u0430\u0432\u0438\u0440\u0443\u0441\u043d\u0430\u044f \u0438\u043d\u0444\u0435\u043a\u0446\u0438\u044f \u043f\u0440\u043e\u0442\u0435\u043a\u0430\u0435\u0442 \u0442\u044f\u0436\u0435\u043b\u0435\u0435.", "author": {"name": "News.am", "url": "http://news.am/eng/", "image": "https://s3.amazonaws.com/weyland.altmetric.com/news_sources/logos/000/001/138/normal/Screen_Shot_2014-09-02_at_17.23.58.png?1409675048"}}, {"title": "Steroids Should Be Avoided in Treatment of 2019-nCoV Coronavirus, Scientists Say | Medicine | Sci-News.com", "url": "http://feedproxy.google.com/~r/BreakingScienceNews/~3/u0ohA8o8KhE/steroids-treatment-2019-ncov-coronavirus-08107.html", "license": "public", "citation_ids": [75320964, 75320964, 75320964, 75320964, 75742000, 75320964], "posted_on": "2020-02-10T19:30:31+00:00", "summary": "A team of researchers from the University of Edinburgh Centre for Inflammation Research, the Queen\u2019s Medical Research Institute Edinburgh, and Roslin Institute at the University of Edinburgh says that, based on evidence from previous outbreaks of\u2026", "author": {"name": "Sci-News", "url": "http://www.sci-news.com/", "image": "https://s3.amazonaws.com/weyland.altmetric.com/news_sources/logos/000/000/902/normal/Screen_Shot_2016-02-02_at_17.24.41.png?1454433892"}}, {"title": "\u041a\u0430\u043a\u0438\u0435 \u043b\u0435\u043a\u0430\u0440\u0441\u0442\u0432\u0430 \u043e\u043f\u0430\u0441\u043d\u043e \u043f\u0440\u0438\u043d\u0438\u043c\u0430\u0442\u044c \u043f\u0440\u0438 \u043a\u043e\u0440\u043e\u043d\u0430\u0432\u0438\u0440\u0443\u0441\u0435?", "url": "http://ct.moreover.com/?a=41633707133&p=1pl&v=1&x=Atu-ZmjR__AO-5TnBTQfxw", "license": "public", "citation_ids": [75320964], "posted_on": "2020-03-16T07:31:00+00:00", "summary": "\u041f\u0440\u0438\u0435\u043c \u043f\u0440\u043e\u0442\u0438\u0432\u043e\u0432\u043e\u0441\u043f\u0430\u043b\u0438\u0442\u0435\u043b\u044c\u043d\u044b\u0445 \u043f\u0440\u0435\u043f\u0430\u0440\u0430\u0442\u043e\u0432 \u0432\u0440\u043e\u0434\u0435 \u0438\u0431\u0443\u043f\u0440\u043e\u0444\u0435\u043d\u0430 \u0438 \u043a\u043e\u0440\u0442\u0438\u0437\u043e\u043d\u0430 \u043c\u043e\u0436\u0435\u0442 \u0443\u0445\u0443\u0434\u0448\u0438\u0442\u044c \u0441\u043e\u0441\u0442\u043e\u044f\u043d\u0438\u0435 \u0437\u0434\u043e\u0440\u043e\u0432\u044c\u044f \u043f\u0440\u0438 \u043a\u043e\u0440\u043e\u043d\u0430\u0432\u0438\u0440\u0443\u0441\u043d\u043e\u0439 \u0438\u043d\u0444\u0435\u043a\u0446\u0438\u0438.", "author": {"name": "News.am", "url": "http://news.am/eng/", "image": "https://s3.amazonaws.com/weyland.altmetric.com/news_sources/logos/000/001/138/normal/Screen_Shot_2014-09-02_at_17.23.58.png?1409675048"}}, {"title": "\u0548\u055e\u0580 \u0564\u0565\u0572\u0561\u0574\u056b\u057b\u0578\u0581\u0576\u0565\u0580\u056b \u0585\u0563\u057f\u0561\u0563\u0578\u0580\u056e\u0578\u0582\u0574\u0576 \u0567 \u057e\u057f\u0561\u0576\u0563\u0561\u057e\u0578\u0580 \u056f\u0578\u0580\u0578\u0576\u0561\u057e\u056b\u0580\u0578\u0582\u057d\u056b \u056a\u0561\u0574\u0561\u0576\u0561\u056f", "url": "http://ct.moreover.com/?a=41633817761&p=1pl&v=1&x=n-4ESYNBEdhuC0W1BCMHVg", "license": "public", "citation_ids": [75320964], "posted_on": "2020-03-16T07:31:00+00:00", "summary": "\u0548\u0580\u0578\u0577 \u0570\u0561\u056f\u0561\u0562\u0578\u0580\u0562\u0578\u0584\u0561\u0575\u056b\u0576 \u0564\u0565\u0572\u0561\u0574\u056b\u057b\u0578\u0581\u0576\u0565\u0580\u056b (\u0585\u0580\u056b\u0576\u0561\u056f\u055d \u056b\u0562\u0578\u0582\u057a\u0580\u0578\u0586\u0565\u0576 \u0565\u0582 \u056f\u0578\u0580\u057f\u056b\u0566\u0578\u0576) \u0585\u0563\u057f\u0561\u0563\u0578\u0580\u056e\u0578\u0582\u0574\u0568 \u056f\u0561\u0580\u0578\u0572 \u0567 \u057e\u057f\u0561\u0576\u0563\u0561\u057e\u0578\u0580 \u056c\u056b\u0576\u0565\u056c \u056f\u0578\u0580\u0578\u0576\u0561\u057e\u056b\u0580\u0578\u0582\u057d\u056b \u056a\u0561\u0574\u0561\u0576\u0561\u056f: \u0531\u0575\u057d \u0574\u0561\u057d\u056b\u0576 Twitter-\u0578\u0582\u0574 \u0563\u0580\u0565\u056c \u0567 \u0556\u0580\u0561\u0576\u057d\u056b\u0561\u0575\u056b \u0561\u057c\u0578\u0572\u057b\u0561\u057a\u0561\u0570\u0578\u0582\u0569\u0575\u0561\u0576 \u0576\u0561\u056d\u0561\u0580\u0561\u0580 \u0555\u056c\u056b\u057e\u0575\u0565 \u054e\u0565\u0580\u0561\u0576\u0568: \u0546\u0561\u056d\u0561\u0580\u0561\u0580\u0568 \u0562\u0561\u0580\u0571\u0580 \u057b\u0565\u0580\u0574\u0578\u0582\u0569\u0575\u0578\u0582\u0576\u0576 \u056b\u057b\u0565\u0581\u0576\u0565\u056c\u0578\u0582 \u0570\u0561\u0574\u0561\u0580 \u056d\u0578\u2026", "author": {"name": "News.am", "url": "http://news.am/eng/", "image": "https://s3.amazonaws.com/weyland.altmetric.com/news_sources/logos/000/001/138/normal/Screen_Shot_2014-09-02_at_17.23.58.png?1409675048"}}], "reddit": [{"title": "Clinical evidence does not support corticosteroid treatment for 2019-nCoV lung injury", "url": "http://www.reddit.com/r/science/comments/f09ym1/clinical_evidence_does_not_support_corticosteroid/", "license": "public", "citation_ids": [75320964], "posted_on": "2020-02-07T12:42:36+00:00", "author": {"name": "PHealthy", "url": "http://www.reddit.com/r/science", "image": "https://b.thumbs.redditmedia.com/qzIP8EKeRG_kef7dVYI5ojcPj_V9kk5xyByof-Fe0eE.png", "id_on_source": "science", "followers": 23477005, "subreddit": "Reddit Science"}}, {"title": "Clinical evidence does not support corticosteroid treatment for 2019-nCoV lung injury", "url": "http://www.reddit.com/r/regenerate/comments/f0a0dg/clinical_evidence_does_not_support_corticosteroid/", "license": "public", "citation_ids": [75320964], "posted_on": "2020-02-07T12:47:12+00:00", "author": {"name": "Regenerative_Med_Bot", "url": "http://www.reddit.com/r/regenerate", "id_on_source": "regenerate", "followers": 1, "subreddit": "Regenerative Medicine"}}, {"title": "Clinical evidence does not support corticosteroid treatment for 2019-nCoV lung injury", "url": "http://www.reddit.com/r/COVID19/comments/f2pw26/clinical_evidence_does_not_support_corticosteroid/", "license": "public", "citation_ids": [75320964], "posted_on": "2020-02-12T11:33:30+00:00", "author": {"name": "roxicology", "url": "http://www.reddit.com/r/covid19", "id_on_source": "covid19", "followers": 5708, "subreddit": "COVID-19"}}], "facebook": [{"title": "Clinical evidence does not support corticosteroid treatment for 2019-nCoV lung injury", "url": "https://www.facebook.com/permalink.php?story_fbid=2453141764936034&id=1635858849997667", "license": "public", "citation_ids": [75320964], "posted_on": "2020-02-07T11:04:01+00:00", "summary": "SARS-CoV\u3001MERS-CoV\u306e\u7d4c\u9a13\u304b\u3089\u30012019-nCoV\u80ba\u708e\u306b\u5bfe\u3057\u3066\u3082\u5168\u8eab\u6027\u30b9\u30c6\u30ed\u30a4\u30c9\u306f\u7528\u3044\u306a\u3044\u307b\u3046\u304c\u3088\u3044\u3068\u3044\u3046\u898b\u89e3\u3002\n\nhttps://www.thelancet.com/journals/lancet/article/PIIS0140-6736(20)30317-2/fulltext", "author": {"name": "\u547c\u5438\u5668\u5185\u79d1\u533b", "url": "https://www.facebook.com/1635858849997667", "facebook_wall_name": "\u547c\u5438\u5668\u5185\u79d1\u533b", "image": "https://graph.facebook.com/1635858849997667/picture", "id_on_source": "1635858849997667"}}, {"url": "https://www.facebook.com/permalink.php?story_fbid=2550020741946404&id=1586249091656912", "license": "public", "citation_ids": [75320964], "posted_on": "2020-02-11T11:33:53+00:00", "summary": "\u65b0\u51a0\u80ba\u708e\uff08NCP\uff0cCOVID-19\uff09\u30012019\u65b0\u51a0\u75c5\u6bd2 (2019-nCoV) \u7684\u6cbb\u7642\u61c9\u907f\u514d\u4f7f\u7528\u985e\u56fa\u9187!\n\n\u6839\u64da\u520a\u767b\u5728\u300a\u67f3\u8449\u5200\u300b\u96dc\u8a8c\u4e0a\u767c\u8868\u7684\u4e00\u7bc7\u7814\u7a76\uff0c\u7d50\u8ad6\u662f\uff1a\n\u6839\u64da\u4ee5\u5f80\u985e\u4f3cSARS\u7b49\u611f\u67d3\u985e\u578b\u7206\u767c\u7684\u8b49\u64da\uff0c\u985e\u56fa\u9187\u5c0d\u60a3\u8005\u5e7e\u4e4e\u6c92\u6709\u597d\u8655\uff0c\u800c\u4e14\u5f0a\u5927\u65bc\u5229\u3002\nThe Lancet, 2020 DOI: 10.1016/S0140-6736(20)30317-2\n\n\u5c08\u5bb6\u5efa\u8b70\uff0c\u5728\u76ee\u524d\u7684\u65b0\u578b\u51a0\u72c0\u75c5\u6bd2\u6cbb\u7642\u4e2d\u61c9\u907f\u514d\u4f7f\u7528\u985e\u56fa\u9187\u3002\u4f46\u81e8\u5e8a\u91ab\u751f\u4ecd\u61c9\u91dd\u5c0d\u54ee\u5598\u548c\u5176\u4ed6\u767c\u708e\u75be\u75c5\u7b49\u75c5\u75c7\u9032\u884c\u6cbb\u7642\u3002\n\n\u91ab\u751f\u901a\u5e38\u4f7f\u7528\u985e\u56fa\u9187\u4f86\u6e1b\u8f15\u767c\u708e\uff0c\u9019\u7a2e\u767c\u708e\u5b58\u5728\u65bc\u65b0\u578b\u51a0\u72c0", "author": {"name": "\u7f85\u83f2\u5a1c raffin\u00e9e SOD like", "url": "https://www.facebook.com/1586249091656912", "facebook_wall_name": "\u7f85\u83f2\u5a1c raffin\u00e9e", "image": "https://graph.facebook.com/1586249091656912/picture", "id_on_source": "1586249091656912"}}, {"title": "LLeni", "url": "https://www.facebook.com/permalink.php?story_fbid=2663299160389951&id=789450801108139", "license": "public", "citation_ids": [75320964], "posted_on": "2020-02-16T15:12:22+00:00", "summary": "https://www.thelancet.com/journals/lancet/article/PIIS0140-6736(20)30317-2/fulltext?dgcid=raven_jbs_etoc_email", "author": {"name": "Comite de nuevos miembros PAMS", "url": "https://www.facebook.com/789450801108139", "facebook_wall_name": "Comite de nuevos miembros PAMS", "image": "https://graph.facebook.com/789450801108139/picture", "id_on_source": "789450801108139"}}, {"url": "https://www.facebook.com/permalink.php?story_fbid=2562514900696988&id=1586249091656912", "license": "public", "citation_ids": [75320964], "posted_on": "2020-02-27T05:39:05+00:00", "summary": "COVID-19 and 2019-nCoV treatment should avoid steroids use\n\n\u4e2d\u6587\u7248\u672c\uff1a\nhttps://www.facebook.com/1586249091656912/posts/2550020741946404/ \n\nAccording to a study published in \u201cThe Lancet\u201d, previous evidence of infection like SARS suggest that steroids have little", "author": {"name": "\u7f85\u83f2\u5a1c raffin\u00e9e SOD like", "url": "https://www.facebook.com/1586249091656912", "facebook_wall_name": "\u7f85\u83f2\u5a1c raffin\u00e9e", "image": "https://graph.facebook.com/1586249091656912/picture", "id_on_source": "1586249091656912"}}], "blogs": [{"title": "Steroids Should Be Avoided in Treatment of 2019-nCoV Coronavirus, Scientists Say", "url": "http://www.sci-news.com/medicine/steroids-treatment-2019-ncov-coronavirus-08107.html", "license": "public", "citation_ids": [75320964, 75320964], "posted_on": "2020-02-10T19:30:31+00:00", "summary": "A team of researchers from the University of Edinburgh Centre for Inflammation Research, the Queen\u2019s Medical Research Institute Edinburgh, and Roslin Institute at the University of Edinburgh says that, based on evidence from previous outbreaks of similar t", "author": {"name": "Sci-News.com", "url": "http://www.sci-news.com", "description": ""}}]}, "score": 343.516, "images": {"small": "https://badges.altmetric.com/?size=64&score=344&types=mbrttttf", "medium": "https://badges.altmetric.com/?size=100&score=344&types=mbrttttf", "large": "https://badges.altmetric.com/?size=180&score=344&types=mbrttttf"}}