{"altmetric_id": 77509932, "counts": {"readers": {"mendeley": 0, "citeulike": 0, "connotea": 0}, "total": {"posts_count": 1}, "twitter": {"unique_users_count": 1, "posts_count": 1}}, "citation": {"altmetric_jid": "4f6fa63a3cf058f610008bf8", "authors": ["Ye-Min Qu", "Hai-Yan Cong"], "doi": "10.1016/j.tmaid.2020.101619", "first_seen_on": "2020-03-14T15:38:43+00:00", "handles": [], "isbns": [], "issns": ["1477-8939"], "journal": "Travel Medicine and Infectious Disease", "last_mentioned_on": 1584200309, "links": ["https://www.ncbi.nlm.nih.gov/pubmed/32160971"], "pmid": "32160971", "pubdate": "2020-03-01T00:00:00+00:00", "publisher_subjects": [{"name": "Clinical Sciences", "scheme": "era"}, {"name": "Public Health And Health Services", "scheme": "era"}], "scopus_subjects": ["Medicine", "Health Sciences"], "title": "Positive result of Sars-Cov-2 in sputum from a cured patient with COVID-19", "type": "article"}, "altmetric_score": {"score": 0.25, "score_history": {"1y": 0.25, "6m": 0.25, "3m": 0.25, "1m": 0.25, "1w": 0.25, "6d": 0.25, "5d": 0.25, "4d": 0.25, "3d": 0, "2d": 0, "1d": 0, "at": 0.25}, "context_for_score": {"all": {"total_number_of_other_articles": 14515774, "mean": 8.4677073350393, "rank": 12828242, "this_scored_higher_than_pct": 1, "this_scored_higher_than": 0, "rank_type": "exact", "sample_size": 14515774, "percentile": 1}, "similar_age_3m": {"total_number_of_other_articles": 145181, "mean": 14.093042306103, "rank": 116635, "this_scored_higher_than_pct": 1, "this_scored_higher_than": 0, "rank_type": "exact", "sample_size": 145181, "percentile": 1}, "this_journal": {"total_number_of_other_articles": 657, "mean": 7.3502896341463, "rank": 567, "this_scored_higher_than_pct": 1, "this_scored_higher_than": 0, "rank_type": "exact", "sample_size": 657, "percentile": 1}, "similar_age_this_journal_3m": {"total_number_of_other_articles": 20, "mean": 4.0815789473684, "rank": 16, "this_scored_higher_than_pct": 1, "this_scored_higher_than": 0, "rank_type": "exact", "sample_size": 20, "percentile": 1}}}, "demographics": {"poster_types": {"member_of_the_public": 1}, "users": {"twitter": {"cohorts": {"Members of the public": 1}}}, "geo": {"twitter": {"FR": 1}}}, "posts": {"twitter": [{"license": "gnip", "citation_ids": [77509932], "author": {"tweeter_id": "1099494762296397824"}, "tweet_id": "1238852007424921600"}]}, "score": 0.25, "images": {"small": "https://badges.altmetric.com/?size=64&score=1&types=tttttttt", "medium": "https://badges.altmetric.com/?size=100&score=1&types=tttttttt", "large": "https://badges.altmetric.com/?size=180&score=1&types=tttttttt"}}