{"altmetric_id": 76389066, "counts": {"readers": {"mendeley": 0, "citeulike": 0, "connotea": 0}, "facebook": {"unique_users_count": 1, "unique_users": ["1593652477589478"], "posts_count": 1}, "total": {"posts_count": 5}, "twitter": {"unique_users_count": 3, "posts_count": 4}}, "citation": {"altmetric_jid": "4f6fa5133cf058f61000346b", "authors": ["Addie, Diane D.", "Curran, Sheryl", "Bellini, Flora", "Crowe, Ben", "Sheehan, Emily", "Ukrainchuk, Lesya", "Decaro, Nicola"], "doi": "10.1016/j.rvsc.2020.02.012", "first_seen_on": "2020-02-20T09:50:17+00:00", "issns": ["0034-5288"], "journal": "Research in Veterinary Science", "last_mentioned_on": 1584148060, "links": ["https://www.sciencedirect.com/science/article/abs/pii/S0034528819312056?dgcid=rss_sd_all&utm_medium=twitter&utm_source=dlvr.it", "https://www.sciencedirect.com/science/article/abs/pii/S0034528819312056?dgcid=raven_sd_aip_email&utm_content=buffer21dab&utm_medium=social&utm_source=twitter.com&utm_campaign=buffer", "https://www.sciencedirect.com/science/article/abs/pii/S0034528819312056?dgcid=raven_sd_aip_email", "https://www.sciencedirect.com/science/article/pii/S0034528819312056"], "pubdate": "2020-02-01T00:00:00+00:00", "publisher": "Elsevier BV", "publisher_subjects": [{"name": "Animal Production", "scheme": "era"}, {"name": "Veterinary Sciences", "scheme": "era"}], "scopus_subjects": ["Veterinary", "Health Sciences"], "title": "Oral Mutian\u00aeX stopped faecal feline coronavirus shedding by naturally infected cats", "type": "article"}, "altmetric_score": {"score": 1.25, "score_history": {"1y": 1.25, "6m": 1.25, "3m": 1.25, "1m": 1.25, "1w": 0.5, "6d": 0.5, "5d": 0.5, "4d": 0, "3d": 0, "2d": 0, "1d": 0, "at": 1.25}, "context_for_score": {"all": {"total_number_of_other_articles": 14515779, "mean": 8.4675688885467, "rank": 8758210, "this_scored_higher_than_pct": 37, "this_scored_higher_than": 5437556, "rank_type": "exact", "sample_size": 14515779, "percentile": 37}, "similar_age_3m": {"total_number_of_other_articles": 168269, "mean": 14.480461513776, "rank": 89214, "this_scored_higher_than_pct": 44, "this_scored_higher_than": 74046, "rank_type": "exact", "sample_size": 168269, "percentile": 44}, "this_journal": {"total_number_of_other_articles": 1352, "mean": 1.8475899333827, "rank": 544, "this_scored_higher_than_pct": 57, "this_scored_higher_than": 773, "rank_type": "exact", "sample_size": 1352, "percentile": 57}, "similar_age_this_journal_3m": {"total_number_of_other_articles": 45, "mean": 1.4625, "rank": 16, "this_scored_higher_than_pct": 60, "this_scored_higher_than": 27, "rank_type": "exact", "sample_size": 45, "percentile": 60}}}, "demographics": {"poster_types": {"member_of_the_public": 3}, "users": {"twitter": {"cohorts": {"Members of the public": 3}}}}, "posts": {"twitter": [{"license": "gnip", "citation_ids": [76389066], "author": {"tweeter_id": "959847892256284672"}, "tweet_id": "1230429400627171330"}, {"license": "gnip", "citation_ids": [76389066], "author": {"tweeter_id": "418669767"}, "tweet_id": "1230455703304798209"}, {"license": "gnip", "citation_ids": [76389066], "author": {"tweeter_id": "959847892256284672"}, "tweet_id": "1230897857567178752"}, {"license": "gnip", "citation_ids": [76389066], "author": {"tweeter_id": "1145972291685060609"}, "tweet_id": "1238632855271395330"}], "facebook": [{"title": "Oral Mutian\u00aeX stopped faecal feline coronavirus shedding by naturally infected cats", "url": "https://www.facebook.com/permalink.php?story_fbid=2699427623678619&id=1593652477589478", "license": "public", "citation_ids": [76389066], "posted_on": "2020-02-20T15:36:32+00:00", "summary": "https://www.sciencedirect.com/science/article/abs/pii/S0034528819312056?dgcid=raven_sd_aip_email", "author": {"name": "Ziekte bij je kat herkennen", "url": "https://www.facebook.com/1593652477589478", "facebook_wall_name": "Ziekte bij je kat herkennen", "image": "https://graph.facebook.com/1593652477589478/picture", "id_on_source": "1593652477589478"}}]}, "score": 1.25, "images": {"small": "https://badges.altmetric.com/?size=64&score=2&types=ttttttff", "medium": "https://badges.altmetric.com/?size=100&score=2&types=ttttttff", "large": "https://badges.altmetric.com/?size=180&score=2&types=ttttttff"}}