{"altmetric_id": 77303750, "counts": {"readers": {"mendeley": 0, "citeulike": 0, "connotea": 0}, "total": {"posts_count": 33}, "twitter": {"unique_users_count": 27, "posts_count": 31}, "reddit": {"unique_users_count": 1, "unique_users": ["Shadowslipping"], "posts_count": 1}, "video": {"unique_users_count": 1, "unique_users": ["Gingerey"], "posts_count": 1}}, "citation": {"altmetric_jid": "55f17ebf2a83ee43768b4593", "authors": ["Pei Hao", "Wu Zhong", "Shiyang Song", "Shiyong Fan", "Xuan Li"], "doi": "10.1080/22221751.2020.1738279", "first_seen_on": "2020-03-10T15:43:29+00:00", "issns": ["2222-1751"], "journal": "Emerging Microbes & Infections", "last_mentioned_on": 1584525963, "links": ["https://www.tandfonline.com/doi/full/10.1080/22221751.2020.1738279", "https://www.tandfonline.com/doi/full/10.1080/22221751.2020.1738279#.Xm-jI_oRQO0.twitter", "https://www.ncbi.nlm.nih.gov/pubmed/32148173?dopt=Abstract&utm_source=dlvr.it&utm_medium=twitter"], "pmid": "32148173", "pubdate": "2020-01-01T00:00:00+00:00", "epubdate": "2020-03-08T00:00:00+00:00", "title": "Is SARS-CoV-2 originated from laboratory? A rebuttal to the claim of formation via laboratory recombination", "type": "article"}, "altmetric_score": {"score": 22, "score_history": {"1y": 22, "6m": 22, "3m": 22, "1m": 22, "1w": 21, "6d": 21, "5d": 11.75, "4d": 11.25, "3d": 10.25, "2d": 8.5, "1d": 3.8, "at": 22}, "context_for_score": {"all": {"total_number_of_other_articles": 14518712, "mean": 8.4679625195264, "rank": 813731, "this_scored_higher_than_pct": 94, "this_scored_higher_than": 13700550, "rank_type": "exact", "sample_size": 14518712, "percentile": 94}, "similar_age_3m": {"total_number_of_other_articles": 149028, "mean": 14.137899937595, "rank": 13129, "this_scored_higher_than_pct": 91, "this_scored_higher_than": 135861, "rank_type": "exact", "sample_size": 149028, "percentile": 91}, "this_journal": {"total_number_of_other_articles": 603, "mean": 10.388295681063, "rank": 58, "this_scored_higher_than_pct": 90, "this_scored_higher_than": 544, "rank_type": "exact", "sample_size": 603, "percentile": 90}, "similar_age_this_journal_3m": {"total_number_of_other_articles": 1, "mean": 0, "rank": 1, "this_scored_higher_than_pct": 1, "this_scored_higher_than": 0, "rank_type": "exact", "sample_size": 1, "percentile": 1}}}, "demographics": {"poster_types": {"member_of_the_public": 21, "researcher": 4, "practitioner": 1, "science_communicator": 1}, "users": {"twitter": {"cohorts": {"Members of the public": 21, "Scientists": 4, "Practitioners (doctors, other healthcare professionals)": 1, "Science communicators (journalists, bloggers, editors)": 1}}}, "geo": {"twitter": {"JP": 1, "US": 4, "GB": 1, "BG": 1, "AR": 1, "AU": 1, "LB": 1, "BR": 4}}}, "posts": {"twitter": [{"license": "gnip", "citation_ids": [77303750], "author": {"tweeter_id": "801413082819870721"}, "tweet_id": "1237403471113904128"}, {"license": "gnip", "citation_ids": [77303750, 76754051], "author": {"tweeter_id": "17463822"}, "tweet_id": "1238062208380174338"}, {"license": "gnip", "citation_ids": [77303750], "author": {"tweeter_id": "1049370846"}, "tweet_id": "1238186216786452480"}, {"license": "gnip", "citation_ids": [77303750], "author": {"tweeter_id": "1121896254869348353"}, "tweet_id": "1238187893614465024"}, {"license": "gnip", "citation_ids": [77303750], "author": {"tweeter_id": "1226407775560822785"}, "tweet_id": "1238188045024645122"}, {"license": "gnip", "citation_ids": [77303750], "author": {"tweeter_id": "120566518"}, "tweet_id": "1238188553022189569"}, {"license": "gnip", "citation_ids": [77303750], "author": {"tweeter_id": "110274197"}, "tweet_id": "1238215133375021057"}, {"license": "gnip", "citation_ids": [77303750], "author": {"tweeter_id": "327250078"}, "tweet_id": "1238284162898866176"}, {"license": "gnip", "citation_ids": [77303750], "author": {"tweeter_id": "118363988"}, "tweet_id": "1238305736326701056"}, {"license": "gnip", "citation_ids": [77303750], "author": {"tweeter_id": "139830358"}, "tweet_id": "1238310524854530049"}, {"license": "gnip", "citation_ids": [77303750], "author": {"tweeter_id": "38321276"}, "tweet_id": "1238313765642178560"}, {"license": "gnip", "citation_ids": [77303750], "author": {"tweeter_id": "965389685047533571"}, "tweet_id": "1238319074855153664"}, {"license": "gnip", "citation_ids": [77303750], "author": {"tweeter_id": "888841776701865992"}, "tweet_id": "1238350746032234497"}, {"license": "gnip", "citation_ids": [77303750], "author": {"tweeter_id": "88989390"}, "tweet_id": "1239122352157458434"}, {"license": "gnip", "citation_ids": [77303750], "author": {"tweeter_id": "71540437"}, "tweet_id": "1239151369677950976"}, {"license": "gnip", "citation_ids": [77303750], "author": {"tweeter_id": "232452461"}, "tweet_id": "1239375802254249985"}, {"license": "gnip", "citation_ids": [77303750], "author": {"tweeter_id": "1468323792"}, "tweet_id": "1239395693770334215"}, {"license": "gnip", "citation_ids": [77303750], "author": {"tweeter_id": "150446380"}, "tweet_id": "1239405771403616256"}, {"license": "gnip", "citation_ids": [77303750], "author": {"tweeter_id": "71540437"}, "tweet_id": "1239528276525289473"}, {"license": "gnip", "citation_ids": [77303750], "author": {"tweeter_id": "71540437"}, "tweet_id": "1239560655197396993"}, {"license": "gnip", "citation_ids": [77303750], "author": {"tweeter_id": "1216140453348810752"}, "tweet_id": "1239581849296527360"}, {"license": "gnip", "citation_ids": [77303750], "author": {"tweeter_id": "1216140453348810752"}, "tweet_id": "1239582252230750215"}, {"license": "gnip", "citation_ids": [77303750], "author": {"tweeter_id": "1216140453348810752"}, "tweet_id": "1239583055037247494"}, {"license": "gnip", "citation_ids": [77303750], "author": {"tweeter_id": "984156045252710400"}, "tweet_id": "1239590151464128515"}, {"license": "gnip", "citation_ids": [77303750], "author": {"tweeter_id": "1174471981468651521"}, "tweet_id": "1239716998747246593"}, {"license": "gnip", "citation_ids": [77303750], "author": {"tweeter_id": "1223638406766518272"}, "tweet_id": "1239825093636882433"}, {"license": "gnip", "citation_ids": [77303750], "author": {"tweeter_id": "3369719309"}, "tweet_id": "1239872549237948418"}, {"license": "gnip", "citation_ids": [77303750], "author": {"tweeter_id": "66694024"}, "tweet_id": "1239910000019021824"}, {"license": "gnip", "citation_ids": [77303750], "author": {"tweeter_id": "780790077794332673"}, "tweet_id": "1239988914573783040"}, {"license": "gnip", "citation_ids": [77303750], "author": {"tweeter_id": "47543352"}, "tweet_id": "1239992496802992136"}, {"license": "gnip", "citation_ids": [77303750], "author": {"tweeter_id": "1191745846615957506"}, "tweet_id": "1240217896497737728"}], "reddit": [{"title": "Is SARS-CoV-2 originated from laboratory? A rebuttal to the claim of formation via laboratory recombination. TLDR: NO! It is a naturally occurring strain.", "url": "http://www.reddit.com/r/Coronavirus/comments/fhy7vy/is_sarscov2_originated_from_laboratory_a_rebuttal/", "license": "public", "citation_ids": [77303750], "posted_on": "2020-03-13T11:33:19+00:00", "author": {"name": "Shadowslipping", "url": "http://www.reddit.com/r/coronavirus", "id_on_source": "coronavirus", "followers": 1528, "subreddit": "Resurgence of Coronavirus in Saudi Arabia "}}], "video": [{"title": "COVID-19 Amateur Research Results", "url": "https://www.youtube.com/watch?v=U6nanejEw-o", "image": "https://i.ytimg.com/vi/U6nanejEw-o/hqdefault.jpg", "license": "public", "citation_ids": [75324663, 76260246, 74464078, 76312082, 77507259, 988405, 72484311, 4099821, 4890242, 77507261, 75004557, 77303750, 74750774, 77268191, 77507263, 77507264, 77507265, 77507266, 77507267, 77507268, 77507270, 76810504], "posted_on": "2020-03-14T03:20:19+00:00", "summary": "In this video I will be presenting the information that I found concerning the COVID-19 illness and the virus that causes it:SARS-CoV-2 (Formerly known as the 2019 novel corona virus.)\n\nPlease note:\nMost if not all of the sources I referenced were found th", "embed": {"type": "youtube", "youtube_id": "U6nanejEw-o"}, "author": {"name": "Gingerey", "id_on_source": "UC6dpTz2Z29s6Qkb0XCNMeuw"}}]}, "score": 22, "images": {"small": "https://badges.altmetric.com/?size=64&score=22&types=vrtttttt", "medium": "https://badges.altmetric.com/?size=100&score=22&types=vrtttttt", "large": "https://badges.altmetric.com/?size=180&score=22&types=vrtttttt"}}