{"altmetric_id": 77082310, "counts": {"readers": {"mendeley": 0, "citeulike": 0, "connotea": 0}, "total": {"posts_count": 36}, "twitter": {"unique_users_count": 35, "posts_count": 36}}, "citation": {"altmetric_jid": "4f6fa5e93cf058f610005a48", "authors": ["Ing-Kit Lee", "Chih-Chi Wang", "Meng-Chih Lin", "Chia-Te Kung", "Kuo-Chung Lan", "Chien-Te Lee"], "doi": "10.1016/j.jhin.2020.02.022", "first_seen_on": "2020-03-05T15:00:30+00:00", "issns": ["0195-6701"], "journal": "Journal of Hospital Infection", "last_mentioned_on": 1584330479, "links": ["https://www.journalofhospitalinfection.com/article/S0195-6701(20)30098-0/fulltext", "https://www.ncbi.nlm.nih.gov/pubmed/32142886?dopt=Abstract&utm_source=dlvr.it&utm_medium=twitter", "https://www.ncbi.nlm.nih.gov/pubmed/32142886", "https://www.journalofhospitalinfection.com/article/S0195-6701(20)30098-0/fulltext?mobileUi=0", "https://www.ncbi.nlm.nih.gov/m/pubmed/32142886/", "https://www.journalofhospitalinfection.com/article/S0195-6701(20)30098-0/fulltext#.Xmbsj7zBACQ.twitter", "https://www.journalofhospitalinfection.com/article/S0195-6701(20)30098-0/fulltext?mobileUi=0&utm_source=dlvr.it&utm_medium=twitter"], "pmid": "32142886", "pubdate": "2020-03-01T00:00:00+00:00", "publisher_subjects": [{"name": "Clinical Sciences", "scheme": "era"}], "scopus_subjects": ["Medicine", "Health Sciences"], "title": "Effective strategies to prevent coronavirus disease-2019 (COVID-19) outbreak in hospital", "type": "article"}, "altmetric_score": {"score": 22.2, "score_history": {"1y": 22.2, "6m": 22.2, "3m": 22.2, "1m": 22.2, "1w": 6.95, "6d": 4.25, "5d": 3.4, "4d": 3.4, "3d": 1.7, "2d": 0, "1d": 0, "at": 22.2}, "context_for_score": {"all": {"total_number_of_other_articles": 14515774, "mean": 8.4677073350393, "rank": 807842, "this_scored_higher_than_pct": 94, "this_scored_higher_than": 13706971, "rank_type": "exact", "sample_size": 14515774, "percentile": 94}, "similar_age_3m": {"total_number_of_other_articles": 153472, "mean": 14.264984915717, "rank": 13589, "this_scored_higher_than_pct": 91, "this_scored_higher_than": 139860, "rank_type": "exact", "sample_size": 153472, "percentile": 91}, "this_journal": {"total_number_of_other_articles": 2664, "mean": 12.299112279384, "rank": 135, "this_scored_higher_than_pct": 94, "this_scored_higher_than": 2529, "rank_type": "exact", "sample_size": 2664, "percentile": 94}, "similar_age_this_journal_3m": {"total_number_of_other_articles": 52, "mean": 205.65407843139, "rank": 6, "this_scored_higher_than_pct": 88, "this_scored_higher_than": 46, "rank_type": "exact", "sample_size": 52, "percentile": 88}}}, "demographics": {"poster_types": {"member_of_the_public": 27, "researcher": 3, "practitioner": 3, "science_communicator": 2}, "users": {"twitter": {"cohorts": {"Science communicators (journalists, bloggers, editors)": 2, "Members of the public": 27, "Practitioners (doctors, other healthcare professionals)": 3, "Scientists": 3}}}, "geo": {"twitter": {"GB": 2, "ES": 3, "PT": 2, "FR": 1, "US": 11, "DE": 1, "JP": 1, "MX": 1}}}, "posts": {"twitter": [{"license": "gnip", "citation_ids": [77082310], "author": {"tweeter_id": "2170636397"}, "tweet_id": "1235580832477335552"}, {"license": "gnip", "citation_ids": [77082310], "author": {"tweeter_id": "1081889034530705409"}, "tweet_id": "1235582120355074049"}, {"license": "gnip", "citation_ids": [77082310], "author": {"tweeter_id": "1191745846615957506"}, "tweet_id": "1236246983284670466"}, {"license": "gnip", "citation_ids": [77082310], "author": {"tweeter_id": "21009191"}, "tweet_id": "1236258336661790723"}, {"license": "gnip", "citation_ids": [77082310], "author": {"tweeter_id": "42659820"}, "tweet_id": "1236258845225299968"}, {"license": "gnip", "citation_ids": [77082310], "author": {"tweeter_id": "1099494762296397824"}, "tweet_id": "1236428538175201283"}, {"license": "gnip", "citation_ids": [77082310], "author": {"tweeter_id": "2414645220"}, "tweet_id": "1237017002264481792"}, {"license": "gnip", "citation_ids": [77082310], "author": {"tweeter_id": "212757204"}, "tweet_id": "1237017057629102082"}, {"license": "gnip", "citation_ids": [77082310], "author": {"tweeter_id": "730316653934854145"}, "tweet_id": "1237019410658988032"}, {"license": "gnip", "citation_ids": [77082310], "author": {"tweeter_id": "1057027456765452293"}, "tweet_id": "1237030425840824322"}, {"license": "gnip", "citation_ids": [77082310], "author": {"tweeter_id": "19574293"}, "tweet_id": "1237114428069498880"}, {"license": "gnip", "citation_ids": [77082310], "author": {"tweeter_id": "2710796718"}, "tweet_id": "1237187881044713477"}, {"license": "gnip", "citation_ids": [77082310], "author": {"tweeter_id": "984301467359170564"}, "tweet_id": "1237188289368592384"}, {"license": "gnip", "citation_ids": [77082310], "author": {"tweeter_id": "1675563421"}, "tweet_id": "1237188521171070976"}, {"license": "gnip", "citation_ids": [77082310], "author": {"tweeter_id": "2518941484"}, "tweet_id": "1237188969831575553"}, {"license": "gnip", "citation_ids": [77082310], "author": {"tweeter_id": "3169013006"}, "tweet_id": "1237190620567011328"}, {"license": "gnip", "citation_ids": [77082310], "author": {"tweeter_id": "2480337476"}, "tweet_id": "1237190970925559813"}, {"license": "gnip", "citation_ids": [77082310], "author": {"tweeter_id": "1365314761"}, "tweet_id": "1237191408504565760"}, {"license": "gnip", "citation_ids": [77082310], "author": {"tweeter_id": "1226454737542930432"}, "tweet_id": "1237192077987000320"}, {"license": "gnip", "citation_ids": [77082310], "author": {"tweeter_id": "63445751"}, "tweet_id": "1237193800159723521"}, {"license": "gnip", "citation_ids": [77082310], "author": {"tweeter_id": "986964566"}, "tweet_id": "1237194816951324672"}, {"license": "gnip", "citation_ids": [77082310], "author": {"tweeter_id": "1867750286"}, "tweet_id": "1237199421563121664"}, {"license": "gnip", "citation_ids": [77082310], "author": {"tweeter_id": "22165261"}, "tweet_id": "1237199545953648641"}, {"license": "gnip", "citation_ids": [77082310], "author": {"tweeter_id": "414904272"}, "tweet_id": "1237203681805840386"}, {"license": "gnip", "citation_ids": [77082310], "author": {"tweeter_id": "67184256"}, "tweet_id": "1237205969060409350"}, {"license": "gnip", "citation_ids": [77082310], "author": {"tweeter_id": "71977357"}, "tweet_id": "1237226461041328128"}, {"license": "gnip", "citation_ids": [77082310], "author": {"tweeter_id": "1214232500664295424"}, "tweet_id": "1237625960989462528"}, {"license": "gnip", "citation_ids": [77082310], "author": {"tweeter_id": "1226454737542930432"}, "tweet_id": "1237626533185040384"}, {"license": "gnip", "citation_ids": [77082310], "author": {"tweeter_id": "1231503185203924997"}, "tweet_id": "1237626613270970369"}, {"license": "gnip", "citation_ids": [77082310], "author": {"tweeter_id": "1220691473961824256"}, "tweet_id": "1237629214209302528"}, {"license": "gnip", "citation_ids": [77082310], "author": {"tweeter_id": "17184930"}, "tweet_id": "1237652997070417920"}, {"license": "gnip", "citation_ids": [77082310], "author": {"tweeter_id": "1928466698"}, "tweet_id": "1238328220048658434"}, {"license": "gnip", "citation_ids": [77082310], "author": {"tweeter_id": "931978657450643456"}, "tweet_id": "1238867684206489600"}, {"license": "gnip", "citation_ids": [77082310], "author": {"tweeter_id": "1170744473166524417"}, "tweet_id": "1238868193420161027"}, {"license": "gnip", "citation_ids": [77082310], "author": {"tweeter_id": "872412306621304832"}, "tweet_id": "1239074094961889280"}, {"license": "gnip", "citation_ids": [77082310], "author": {"tweeter_id": "34182988"}, "tweet_id": "1239397977447424000"}]}, "score": 22.2, "images": {"small": "https://badges.altmetric.com/?size=64&score=23&types=tttttttt", "medium": "https://badges.altmetric.com/?size=100&score=23&types=tttttttt", "large": "https://badges.altmetric.com/?size=180&score=23&types=tttttttt"}}