{"altmetric_id": 75485580, "counts": {"readers": {"mendeley": 0, "citeulike": 0, "connotea": 0}, "total": {"posts_count": 6}, "twitter": {"unique_users_count": 6, "posts_count": 6}}, "citation": {"altmetric_jid": "4f6fa4eb3cf058f6100027e3", "authors": ["Shengwei Zhu", "Sara Jenkins", "Kofi Addo", "Mohammad Heidarinejad", "Sebastian A. Romo", "Avery Layne", "Joshua Ehizibolo", "Daniel Dalgo", "Nicholas W. Mattise", "Filbert Hong", "Oluwasanmi O. Adenaiye", "Jacob P. Bueno de Mesquita", "Barbara J. Albert", "Rhonda Washington-Lewis", "Jennifer German", "Sheldon Tai", "Somayeh Youssefi", "Donald K. Milton", "Jelena Srebric"], "doi": "10.1016/j.envint.2020.105537", "first_seen_on": "2020-02-08T20:30:35+00:00", "handles": [], "isbns": [], "issns": ["0160-4120"], "journal": "Environment International", "last_mentioned_on": 1581396010, "links": ["https://www.sciencedirect.com/science/article/pii/S0160412019341108#bi005"], "pmid": "32028176", "pubdate": "2020-04-01T00:00:00+00:00", "publisher_subjects": [{"name": "Multidisciplinary", "scheme": "era"}], "scopus_subjects": ["Environmental Science", "Physical Sciences"], "title": "Ventilation and laboratory confirmed acute respiratory infection (ARI) rates in college residence halls in College Park, Maryland", "type": "article"}, "altmetric_score": {"score": 3.85, "score_history": {"1y": 3.85, "6m": 3.85, "3m": 3.85, "1m": 0, "1w": 0, "6d": 0, "5d": 0, "4d": 0, "3d": 0, "2d": 0, "1d": 0, "at": 3.85}, "context_for_score": {"all": {"total_number_of_other_articles": 14493329, "mean": 8.4495874088992, "rank": 3996569, "this_scored_higher_than_pct": 72, "this_scored_higher_than": 10467647, "rank_type": "exact", "sample_size": 14493329, "percentile": 72}, "similar_age_3m": {"total_number_of_other_articles": 223052, "mean": 13.250699131589, "rank": 75251, "this_scored_higher_than_pct": 65, "this_scored_higher_than": 147011, "rank_type": "exact", "sample_size": 223052, "percentile": 65}, "this_journal": {"total_number_of_other_articles": 2872, "mean": 15.249428073842, "rank": 1181, "this_scored_higher_than_pct": 58, "this_scored_higher_than": 1685, "rank_type": "exact", "sample_size": 2872, "percentile": 58}, "similar_age_this_journal_3m": {"total_number_of_other_articles": 139, "mean": 17.65331884058, "rank": 57, "this_scored_higher_than_pct": 58, "this_scored_higher_than": 82, "rank_type": "exact", "sample_size": 139, "percentile": 58}}}, "demographics": {"poster_types": {"member_of_the_public": 3, "researcher": 2, "practitioner": 1}, "users": {"twitter": {"cohorts": {"Practitioners (doctors, other healthcare professionals)": 1, "Scientists": 2, "Members of the public": 3}}}, "geo": {"twitter": {"US": 3, "IN": 1}}}, "posts": {"twitter": [{"license": "gnip", "citation_ids": [75485580, 72112748], "author": {"tweeter_id": "119843826"}, "tweet_id": "1226852707761303552"}, {"license": "gnip", "citation_ids": [75485580, 72112748], "author": {"tweeter_id": "392375138"}, "tweet_id": "1226859037289000962"}, {"license": "gnip", "citation_ids": [75485580, 72112748], "author": {"tweeter_id": "17559024"}, "tweet_id": "1226859102070067202"}, {"license": "gnip", "citation_ids": [75485580, 72112748], "author": {"tweeter_id": "35691142"}, "tweet_id": "1226867603584348161"}, {"license": "gnip", "citation_ids": [75485580, 72112748], "author": {"tweeter_id": "17275331"}, "tweet_id": "1226896296902103040"}, {"license": "gnip", "citation_ids": [75485580, 72112748], "author": {"tweeter_id": "1165657604"}, "tweet_id": "1227089924576296960"}]}, "score": 3.85, "images": {"small": "https://badges.altmetric.com/?size=64&score=4&types=tttttttt", "medium": "https://badges.altmetric.com/?size=100&score=4&types=tttttttt", "large": "https://badges.altmetric.com/?size=180&score=4&types=tttttttt"}}