{"altmetric_id": 74708704, "counts": {"readers": {"mendeley": 0, "citeulike": 0, "connotea": 0}, "total": {"posts_count": 24}, "twitter": {"unique_users_count": 19, "posts_count": 24}}, "citation": {"altmetric_jid": "4f6fa63a3cf058f610008bf8", "authors": ["Cristian Biscayart", "Patricia Angeleri", "Susana Lloveras", "T\u00e2nia do Socorro Souza Chaves", "Patricia Schlagenhauf", "Alfonso J. Rodr\u00edguez-Morales"], "doi": "10.1016/j.tmaid.2020.101567", "first_seen_on": "2020-01-30T04:00:51+00:00", "handles": [], "isbns": [], "issns": ["1477-8939"], "journal": "Travel Medicine and Infectious Disease", "last_mentioned_on": 1584202722, "links": ["https://www.sciencedirect.com/science/article/abs/pii/S147789392030017X", "https://www.ncbi.nlm.nih.gov/pubmed/32006657?dopt=Abstract&utm_source=dlvr.it&utm_medium=twitter", "https://www.ncbi.nlm.nih.gov/pubmed/32006657/", "https://www.ncbi.nlm.nih.gov/pubmed/32006657", "https://linkinghub.elsevier.com/retrieve/pii/S147789392030017X"], "pmid": "32006657", "pubdate": "2020-01-01T00:00:00+00:00", "publisher_subjects": [{"name": "Clinical Sciences", "scheme": "era"}, {"name": "Public Health And Health Services", "scheme": "era"}], "scopus_subjects": ["Medicine", "Health Sciences"], "title": "The next big threat to global health? 2019 novel coronavirus (2019-nCoV): What advice can we give to travellers? \u2013 Interim recommendations January 2020, from the Latin-American society for Travel Medicine (SLAMVI)", "type": "article"}, "altmetric_score": {"score": 13.85, "score_history": {"1y": 13.85, "6m": 13.85, "3m": 13.85, "1m": 0.5, "1w": 0.5, "6d": 0.5, "5d": 0.5, "4d": 0.5, "3d": 0, "2d": 0, "1d": 0, "at": 13.85}, "context_for_score": {"all": {"total_number_of_other_articles": 14515774, "mean": 8.4677073350393, "rank": 1247193, "this_scored_higher_than_pct": 91, "this_scored_higher_than": 13265100, "rank_type": "exact", "sample_size": 14515774, "percentile": 91}, "similar_age_3m": {"total_number_of_other_articles": 241486, "mean": 13.663758254136, "rank": 31901, "this_scored_higher_than_pct": 86, "this_scored_higher_than": 209487, "rank_type": "exact", "sample_size": 241486, "percentile": 86}, "this_journal": {"total_number_of_other_articles": 657, "mean": 7.3502896341463, "rank": 55, "this_scored_higher_than_pct": 91, "this_scored_higher_than": 602, "rank_type": "exact", "sample_size": 657, "percentile": 91}, "similar_age_this_journal_3m": {"total_number_of_other_articles": 44, "mean": 8.7402325581395, "rank": 7, "this_scored_higher_than_pct": 84, "this_scored_higher_than": 37, "rank_type": "exact", "sample_size": 44, "percentile": 84}}}, "demographics": {"poster_types": {"member_of_the_public": 15, "researcher": 2, "practitioner": 2}, "users": {"twitter": {"cohorts": {"Practitioners (doctors, other healthcare professionals)": 2, "Scientists": 2, "Members of the public": 15}}}, "geo": {"twitter": {"CO": 2, "VE": 4, "CL": 1, "AR": 1}}}, "posts": {"twitter": [{"license": "gnip", "citation_ids": [74708704], "author": {"tweeter_id": "894924035724890116"}, "tweet_id": "1222727783308320772"}, {"license": "gnip", "citation_ids": [74708704], "author": {"tweeter_id": "824689122426187777"}, "tweet_id": "1222733853443256320"}, {"license": "gnip", "citation_ids": [74708704], "author": {"tweeter_id": "114514670"}, "tweet_id": "1222938109836439552"}, {"license": "gnip", "citation_ids": [74708704], "author": {"tweeter_id": "704859178851037185"}, "tweet_id": "1222938239700557825"}, {"license": "gnip", "citation_ids": [74708704], "author": {"tweeter_id": "699429862277300224"}, "tweet_id": "1222938559771967490"}, {"license": "gnip", "citation_ids": [74708704], "author": {"tweeter_id": "1159195563272937472"}, "tweet_id": "1222940473628798984"}, {"license": "gnip", "citation_ids": [74708704], "author": {"tweeter_id": "89852385"}, "tweet_id": "1222945465949396992"}, {"license": "gnip", "citation_ids": [74708704], "author": {"tweeter_id": "2335575331"}, "tweet_id": "1222947177971974147"}, {"license": "gnip", "citation_ids": [74708704], "author": {"tweeter_id": "10392652"}, "tweet_id": "1222949838251270150"}, {"license": "gnip", "citation_ids": [74708704], "author": {"tweeter_id": "51796239"}, "tweet_id": "1222952481921097728"}, {"license": "gnip", "citation_ids": [74708704], "author": {"tweeter_id": "141783981"}, "tweet_id": "1222997569481191427"}, {"license": "gnip", "citation_ids": [74708704], "author": {"tweeter_id": "2480799624"}, "tweet_id": "1223019361285365763"}, {"license": "gnip", "citation_ids": [74708704], "author": {"tweeter_id": "787471492837675008"}, "tweet_id": "1223057979303514114"}, {"license": "gnip", "citation_ids": [74708704], "author": {"tweeter_id": "894924035724890116"}, "tweet_id": "1223254455459680258"}, {"license": "gnip", "citation_ids": [74708704], "author": {"tweeter_id": "141783981"}, "tweet_id": "1223254721311510528"}, {"license": "gnip", "citation_ids": [74708704], "author": {"tweeter_id": "397546706"}, "tweet_id": "1223271308894580737"}, {"license": "gnip", "citation_ids": [74708704], "author": {"tweeter_id": "560844135"}, "tweet_id": "1223295631495778304"}, {"license": "gnip", "citation_ids": [74708704], "author": {"tweeter_id": "1191745846615957506"}, "tweet_id": "1223924800453660672"}, {"license": "gnip", "citation_ids": [74708704], "author": {"tweeter_id": "154637818"}, "tweet_id": "1224406040973922304"}, {"license": "gnip", "citation_ids": [74708704], "author": {"tweeter_id": "894924035724890116"}, "tweet_id": "1224819852004745223"}, {"license": "gnip", "citation_ids": [74708704], "author": {"tweeter_id": "513980822"}, "tweet_id": "1224844971284389888"}, {"license": "gnip", "citation_ids": [74708704], "author": {"tweeter_id": "894924035724890116"}, "tweet_id": "1226947375593377795"}, {"license": "gnip", "citation_ids": [74708704], "author": {"tweeter_id": "114455240"}, "tweet_id": "1226947666426372099"}, {"license": "gnip", "citation_ids": [74708704], "author": {"tweeter_id": "894924035724890116"}, "tweet_id": "1238862126434914310"}]}, "score": 13.85, "images": {"small": "https://badges.altmetric.com/?size=64&score=14&types=tttttttt", "medium": "https://badges.altmetric.com/?size=100&score=14&types=tttttttt", "large": "https://badges.altmetric.com/?size=180&score=14&types=tttttttt"}}