{"altmetric_id": 76804088, "counts": {"readers": {"mendeley": 0, "citeulike": 0, "connotea": 0}, "total": {"posts_count": 2}, "twitter": {"unique_users_count": 1, "posts_count": 2}}, "citation": {"altmetric_jid": "4f6fa4e93cf058f61000245c", "authors": ["John Illman"], "doi": "10.1136/bmj.m794", "first_seen_on": "2020-02-28T14:43:27+00:00", "issns": ["1756-1833"], "journal": "British Medical Journal", "last_mentioned_on": 1582901315, "links": ["https://www.bmj.com/content/368/bmj.m794.short?rss=1&utm_source=dlvr.it&utm_medium=twitter&utm_campaign=Feed%3A+bmj%2Frecent+%28Latest+from+BMJ%29", "https://www.bmj.com/content/368/bmj.m794.short?rss=1&utm_source=dlvr.it&utm_medium=twitter"], "pdf_url": "https://www.bmj.com/content/bmj/368/bmj.m794.full.pdf", "pubdate": "2020-02-28T00:00:00+00:00", "publisher": "British Medical Journal Publishing Group", "publisher_subjects": [{"name": "Public Health And Health Services", "scheme": "era"}], "scopus_subjects": ["Medicine", "Health Sciences"], "title": "John Wyn Owen: former director of the NHS in Wales, who introduced the concept of \u201chealth gain\u201d", "type": "article", "volume": "368"}, "altmetric_score": {"score": 0.25, "score_history": {"1y": 0.25, "6m": 0.25, "3m": 0.25, "1m": 0.25, "1w": 0, "6d": 0, "5d": 0, "4d": 0, "3d": 0, "2d": 0, "1d": 0, "at": 0.25}, "context_for_score": {"all": {"total_number_of_other_articles": 14460745, "mean": 8.4336471478823, "rank": 12782178, "this_scored_higher_than_pct": 1, "this_scored_higher_than": 0, "rank_type": "exact", "sample_size": 14460745, "percentile": 1}, "similar_age_3m": {"total_number_of_other_articles": 134102, "mean": 12.983543940761, "rank": 106857, "this_scored_higher_than_pct": 1, "this_scored_higher_than": 0, "rank_type": "exact", "sample_size": 134102, "percentile": 1}, "this_journal": {"total_number_of_other_articles": 46512, "mean": 31.109001311518, "rank": 44531, "this_scored_higher_than_pct": 1, "this_scored_higher_than": 0, "rank_type": "exact", "sample_size": 46512, "percentile": 1}, "similar_age_this_journal_3m": {"total_number_of_other_articles": 317, "mean": 54.607430379747, "rank": 271, "this_scored_higher_than_pct": 1, "this_scored_higher_than": 0, "rank_type": "exact", "sample_size": 317, "percentile": 1}}}, "demographics": {"poster_types": {"member_of_the_public": 1}, "users": {"twitter": {"cohorts": {"Members of the public": 1}}}, "geo": {"twitter": {"BE": 1}}}, "posts": {"twitter": [{"license": "gnip", "citation_ids": [76804088], "author": {"tweeter_id": "283604227"}, "tweet_id": "1233402109309022209"}, {"license": "gnip", "citation_ids": [76804088], "author": {"tweeter_id": "283604227"}, "tweet_id": "1233403629886816257"}]}, "score": 0.25, "images": {"small": "https://badges.altmetric.com/?size=64&score=1&types=tttttttt", "medium": "https://badges.altmetric.com/?size=100&score=1&types=tttttttt", "large": "https://badges.altmetric.com/?size=180&score=1&types=tttttttt"}}