{"altmetric_id": 76905704, "counts": {"readers": {"mendeley": 0, "citeulike": 0, "connotea": 0}, "total": {"posts_count": 37}, "twitter": {"unique_users_count": 28, "posts_count": 37}}, "citation": {"altmetric_jid": "5cdd92776073a559956e9656", "authors": ["Arinjay Banerjee", "Xi Zhang", "Alyssa Yip", "Katharina S. Schulz", "Aaron T. Irving", "Dawn Bowdish", "Brian Golding", "Lin-Fa Wang", "Karen Mossman"], "doi": "10.1016/j.isci.2020.100958", "first_seen_on": "2020-03-02T08:57:12+00:00", "handles": [], "isbns": [], "issns": ["2589-0042"], "journal": "iScience", "last_mentioned_on": 1584533463, "links": ["https://www.cell.com/iscience/fulltext/S2589-0042(20)30142-5?rss=yes", "https://linkinghub.elsevier.com/retrieve/pii/S2589004220301425", "https://www.cell.com/action/showPdf?pii=S2589-0042%2820%2930142-5", "https://www.cell.com/iscience/fulltext/S2589-0042(20)30142-5", "https://www.cell.com/iscience/pdf/S2589-0042(20)30142-5.pdf?_returnURL=https%3A%2F%2Flinkinghub.elsevier.com%2Fretrieve%2Fpii%2FS2589004220301425%3Fshowall%3Dtrue", "https://www.ncbi.nlm.nih.gov/pubmed/32179480?dopt=Abstract&utm_source=dlvr.it&utm_medium=twitter"], "pmid": "32179480", "pubdate": "2020-03-01T00:00:00+00:00", "title": "Positive selection of a serine residue in bat IRF3 confers enhanced antiviral protection", "type": "article"}, "altmetric_score": {"score": 17.35, "score_history": {"1y": 17.35, "6m": 17.35, "3m": 17.35, "1m": 17.35, "1w": 2.6, "6d": 2.6, "5d": 2.35, "4d": 0.25, "3d": 0.25, "2d": 0.25, "1d": 0.25, "at": 17.35}, "context_for_score": {"all": {"total_number_of_other_articles": 14518952, "mean": 8.4687422759303, "rank": 1009834, "this_scored_higher_than_pct": 93, "this_scored_higher_than": 13507502, "rank_type": "exact", "sample_size": 14518952, "percentile": 93}, "similar_age_3m": {"total_number_of_other_articles": 156402, "mean": 14.292756222786, "rank": 16843, "this_scored_higher_than_pct": 89, "this_scored_higher_than": 139525, "rank_type": "exact", "sample_size": 156402, "percentile": 89}, "this_journal": {"total_number_of_other_articles": 917, "mean": 14.029886462882, "rank": 103, "this_scored_higher_than_pct": 88, "this_scored_higher_than": 813, "rank_type": "exact", "sample_size": 917, "percentile": 88}, "similar_age_this_journal_3m": {"total_number_of_other_articles": 149, "mean": 15.419527027027, "rank": 11, "this_scored_higher_than_pct": 92, "this_scored_higher_than": 138, "rank_type": "exact", "sample_size": 149, "percentile": 92}}}, "demographics": {"poster_types": {"member_of_the_public": 15, "researcher": 11, "practitioner": 1, "science_communicator": 1}, "users": {"twitter": {"cohorts": {"Science communicators (journalists, bloggers, editors)": 1, "Scientists": 11, "Members of the public": 15, "Practitioners (doctors, other healthcare professionals)": 1}}}, "geo": {"twitter": {"US": 6, "CA": 8, "DE": 1, "GB": 1, "IT": 1, "IN": 1, "AU": 1}}}, "posts": {"twitter": [{"license": "gnip", "citation_ids": [76905704], "author": {"tweeter_id": "913504061009354753"}, "tweet_id": "1234378839838613506"}, {"license": "gnip", "citation_ids": [76905704], "author": {"tweeter_id": "907979035543605248"}, "tweet_id": "1234470553559298048"}, {"license": "gnip", "citation_ids": [76905704], "author": {"tweeter_id": "907979035543605248"}, "tweet_id": "1234472547896311808"}, {"license": "gnip", "citation_ids": [76905704], "author": {"tweeter_id": "844551121427324929"}, "tweet_id": "1234472579961884673"}, {"license": "gnip", "citation_ids": [76905704], "author": {"tweeter_id": "844551121427324929"}, "tweet_id": "1234473151389687810"}, {"license": "gnip", "citation_ids": [76905704], "author": {"tweeter_id": "1128634095335104512"}, "tweet_id": "1234474816255688706"}, {"license": "gnip", "citation_ids": [76905704], "author": {"tweeter_id": "384667789"}, "tweet_id": "1234475701962706944"}, {"license": "gnip", "citation_ids": [76905704], "author": {"tweeter_id": "844551121427324929"}, "tweet_id": "1234475770673868801"}, {"license": "gnip", "citation_ids": [76905704], "author": {"tweeter_id": "19715924"}, "tweet_id": "1234477432566157312"}, {"license": "gnip", "citation_ids": [76905704], "author": {"tweeter_id": "1148329585219555328"}, "tweet_id": "1234490192364331009"}, {"license": "gnip", "citation_ids": [76905704], "author": {"tweeter_id": "1104712999250612224"}, "tweet_id": "1234500606951378945"}, {"license": "gnip", "citation_ids": [76905704], "author": {"tweeter_id": "1050972588"}, "tweet_id": "1234511669340069888"}, {"license": "gnip", "citation_ids": [76905704], "author": {"tweeter_id": "1096161949144862721"}, "tweet_id": "1234516922408095745"}, {"license": "gnip", "citation_ids": [76905704], "author": {"tweeter_id": "14399455"}, "tweet_id": "1234534558974038021"}, {"license": "gnip", "citation_ids": [76905704], "author": {"tweeter_id": "763061617202307073"}, "tweet_id": "1234536250679279616"}, {"license": "gnip", "citation_ids": [76905704], "author": {"tweeter_id": "796568921684013057"}, "tweet_id": "1234555382959202307"}, {"license": "gnip", "citation_ids": [76905704], "author": {"tweeter_id": "30634846"}, "tweet_id": "1234574576908193792"}, {"license": "gnip", "citation_ids": [76905704, 76905704], "author": {"tweeter_id": "1569707556"}, "tweet_id": "1234582116387524608"}, {"license": "gnip", "citation_ids": [76905704], "author": {"tweeter_id": "209539315"}, "tweet_id": "1234587921346330624"}, {"license": "gnip", "citation_ids": [76905704], "author": {"tweeter_id": "842935412914044928"}, "tweet_id": "1234724508482715649"}, {"license": "gnip", "citation_ids": [76905704], "author": {"tweeter_id": "844551121427324929"}, "tweet_id": "1235213467386343424"}, {"license": "gnip", "citation_ids": [76905704], "author": {"tweeter_id": "887203562"}, "tweet_id": "1235947252134416385"}, {"license": "gnip", "citation_ids": [76905704], "author": {"tweeter_id": "879772573906722816"}, "tweet_id": "1235947452840189953"}, {"license": "gnip", "citation_ids": [76905704], "author": {"tweeter_id": "1110257384386187272"}, "tweet_id": "1235973573669421062"}, {"license": "gnip", "citation_ids": [76905704], "author": {"tweeter_id": "311678902"}, "tweet_id": "1235980266008690688"}, {"license": "gnip", "citation_ids": [76905704], "author": {"tweeter_id": "1601683238"}, "tweet_id": "1236900800842080256"}, {"license": "gnip", "citation_ids": [76905704], "author": {"tweeter_id": "410878455"}, "tweet_id": "1236930768758288385"}, {"license": "gnip", "citation_ids": [76905704], "author": {"tweeter_id": "281568444"}, "tweet_id": "1237039980729556994"}, {"license": "gnip", "citation_ids": [76905704], "author": {"tweeter_id": "384667789"}, "tweet_id": "1237040838389239808"}, {"license": "gnip", "citation_ids": [76905704], "author": {"tweeter_id": "923257580"}, "tweet_id": "1237042328788856832"}, {"license": "gnip", "citation_ids": [76905704], "author": {"tweeter_id": "913504061009354753"}, "tweet_id": "1238420593617313792"}, {"license": "gnip", "citation_ids": [76905704], "author": {"tweeter_id": "844551121427324929"}, "tweet_id": "1238640411515723776"}, {"license": "gnip", "citation_ids": [76905704], "author": {"tweeter_id": "844551121427324929"}, "tweet_id": "1238640558698086401"}, {"license": "gnip", "citation_ids": [76905704], "author": {"tweeter_id": "275497302"}, "tweet_id": "1238643964070096901"}, {"license": "gnip", "citation_ids": [76905704], "author": {"tweeter_id": "907979035543605248"}, "tweet_id": "1238669630530453505"}, {"license": "gnip", "citation_ids": [76905704], "author": {"tweeter_id": "2181767544"}, "tweet_id": "1238673630260649984"}, {"license": "gnip", "citation_ids": [76905704], "author": {"tweeter_id": "2924956993"}, "tweet_id": "1240249356021727233"}]}, "score": 17.35, "images": {"small": "https://badges.altmetric.com/?size=64&score=18&types=tttttttt", "medium": "https://badges.altmetric.com/?size=100&score=18&types=tttttttt", "large": "https://badges.altmetric.com/?size=180&score=18&types=tttttttt"}}