{"altmetric_id": 77332130, "counts": {"readers": {"mendeley": 0, "citeulike": 0, "connotea": 0}, "total": {"posts_count": 13}, "twitter": {"unique_users_count": 11, "posts_count": 12}, "blogs": {"unique_users_count": 1, "unique_users": [59066], "posts_count": 1}}, "citation": {"authors": ["Tang, Anjue", "Xu, Wenhui", "shen, min", "Chen, Peifen", "Li, Guobao", "Liu, Yingxia", "Liu, Lei"], "doi": "10.1101/2020.03.08.20029710", "first_seen_on": "2020-03-11T09:39:55+00:00", "issns": [], "last_mentioned_on": 1584442849, "links": ["https://www.medrxiv.org/content/10.1101/2020.03.08.20029710v1", "https://www.medrxiv.org/content/10.1101/2020.03.08.20029710v1?utm_source=dlvr.it&utm_medium=twitter", "https://doi.org/10.1101/2020.03.08.20029710"], "pdf_url": "https://www.medrxiv.org/content/medrxiv/early/2020/03/10/2020.03.08.20029710.full.pdf", "publisher": "Cold Spring Harbor Laboratory", "title": "A retrospective study of the clinical characteristics of COVID-19 infection in 26 children", "type": "article"}, "altmetric_score": {"score": 12.98, "score_history": {"1y": 12.98, "6m": 12.98, "3m": 12.98, "1m": 12.98, "1w": 12.98, "6d": 10.03, "5d": 9.53, "4d": 9.53, "3d": 5.08, "2d": 5.08, "1d": 5.08, "at": 12.98}, "context_for_score": null}, "demographics": {"poster_types": {"member_of_the_public": 8, "researcher": 1, "practitioner": 1, "science_communicator": 1}, "users": {"twitter": {"cohorts": {"Members of the public": 8, "Science communicators (journalists, bloggers, editors)": 1, "Scientists": 1, "Practitioners (doctors, other healthcare professionals)": 1}}}, "geo": {"twitter": {"US": 3, "TH": 1, "BR": 1, "GB": 1, "CO": 1, "AU": 1}}}, "posts": {"twitter": [{"license": "gnip", "citation_ids": [77332130], "author": {"tweeter_id": "921400462838042624"}, "tweet_id": "1237674543621300224"}, {"license": "gnip", "citation_ids": [77332130], "author": {"tweeter_id": "1190367884855386112"}, "tweet_id": "1237674838225018880"}, {"license": "gnip", "citation_ids": [77332130], "author": {"tweeter_id": "903306563963817985"}, "tweet_id": "1237676097749336064"}, {"license": "gnip", "citation_ids": [77332130], "author": {"tweeter_id": "2252973282"}, "tweet_id": "1237678072104652800"}, {"license": "gnip", "citation_ids": [77332130], "author": {"tweeter_id": "98188391"}, "tweet_id": "1237683193152667648"}, {"license": "gnip", "citation_ids": [77332130], "author": {"tweeter_id": "4901919879"}, "tweet_id": "1237716686389874689"}, {"license": "gnip", "citation_ids": [77332130], "author": {"tweeter_id": "4901919879"}, "tweet_id": "1237716704412737536"}, {"license": "gnip", "citation_ids": [77332130], "author": {"tweeter_id": "1514585784"}, "tweet_id": "1237862693865848833"}, {"license": "gnip", "citation_ids": [77332130], "author": {"tweeter_id": "1214232500664295424"}, "tweet_id": "1238661641236955139"}, {"license": "gnip", "citation_ids": [77332130], "author": {"tweeter_id": "20275809"}, "tweet_id": "1238662894922932224"}, {"license": "gnip", "citation_ids": [77332130], "author": {"tweeter_id": "1173913656511221760"}, "tweet_id": "1238664811795206144"}, {"license": "gnip", "citation_ids": [77332130], "author": {"tweeter_id": "879017154288508930"}, "tweet_id": "1238665359995080704"}], "blogs": [{"title": "An evidence summary of Paediatric COVID-19 literature", "url": "https://dontforgetthebubbles.com/evidence-summary-paediatric-covid-19-literature/", "license": "public", "citation_ids": [77680342, 76818982, 77332130, 77077836, 77406321, 76082644, 76877127, 77443847, 77615254, 77452389, 77639217, 76606927, 76387918, 77071211, 77452391, 75956336, 77452427, 77572634, 76166596, 51568623, 77680342, 74315562, 76387918, 72506959, 77680342], "posted_on": "2020-03-17T11:00:49+00:00", "summary": "Cite this article as:\nBoast A, Munro A, Goldstein H. An evidence summary of Paediatric COVID-19 literature, Don&#039;t Forget the Bubbles, 2020. Available at: http://doi.org/10.31440/DFTB.24063This post is a rapid literature review of pertinent paediatric", "author": {"name": "Don't Forget the Bubbles", "url": "http://dontforgetthebubbles.com/", "description": ""}}]}, "score": 12.98, "images": {"small": "https://badges.altmetric.com/?size=64&score=13&types=bttttttt", "medium": "https://badges.altmetric.com/?size=100&score=13&types=bttttttt", "large": "https://badges.altmetric.com/?size=180&score=13&types=bttttttt"}}