{"altmetric_id": 73258530, "counts": {"readers": {"mendeley": 0, "citeulike": 0, "connotea": 0}, "total": {"posts_count": 2}, "twitter": {"unique_users_count": 2, "posts_count": 2}}, "citation": {"altmetric_jid": "4f6fa5143cf058f61000350c", "authors": ["Johanna Krusche", "Sarah Basse", "Bianca Schaub"], "doi": "10.1007/s00281-019-00774-z", "first_seen_on": "2019-12-25T21:09:45+00:00", "handles": [], "isbns": [], "issns": ["1863-2297", "1863-2300"], "journal": "Seminars in Immunopathology", "last_mentioned_on": 1577311544, "links": ["https://www.ncbi.nlm.nih.gov/pubmed/31873782?dopt=Abstract&utm_source=dlvr.it&utm_medium=twitter"], "pmid": "31873782", "pubdate": "2020-02-01T00:00:00+00:00", "epubdate": "2019-12-23T00:00:00+00:00", "publisher_subjects": [{"name": "Clinical Sciences", "scheme": "era"}, {"name": "Biomedicine", "scheme": "springer"}, {"name": "Immunology", "scheme": "springer"}, {"name": "Internal Medicine", "scheme": "springer"}], "scopus_subjects": ["Health Sciences", "Life Sciences", "Medicine", "Immunology and Microbiology"], "title": "Role of early life immune regulation in asthma development", "type": "article"}, "altmetric_score": {"score": 0.75, "score_history": {"1y": 0.75, "6m": 0.75, "3m": 0.75, "1m": 0, "1w": 0, "6d": 0, "5d": 0, "4d": 0, "3d": 0, "2d": 0, "1d": 0, "at": 0.75}, "context_for_score": {"all": {"total_number_of_other_articles": 14185873, "mean": 8.3374194631004, "rank": 10777376, "this_scored_higher_than_pct": 20, "this_scored_higher_than": 2939409, "rank_type": "exact", "sample_size": 14185873, "percentile": 20}, "similar_age_3m": {"total_number_of_other_articles": 252398, "mean": 12.5871276283, "rank": 167311, "this_scored_higher_than_pct": 28, "this_scored_higher_than": 72546, "rank_type": "exact", "sample_size": 252398, "percentile": 28}, "this_journal": {"total_number_of_other_articles": 364, "mean": 3.3654325068871, "rank": 246, "this_scored_higher_than_pct": 28, "this_scored_higher_than": 104, "rank_type": "exact", "sample_size": 364, "percentile": 28}, "similar_age_this_journal_3m": {"total_number_of_other_articles": 1, "mean": 0, "rank": 1, "this_scored_higher_than_pct": 1, "this_scored_higher_than": 0, "rank_type": "exact", "sample_size": 1, "percentile": 1}}}, "demographics": {"poster_types": {"member_of_the_public": 1, "researcher": 1}, "users": {"twitter": {"cohorts": {"Members of the public": 1, "Scientists": 1}}}, "geo": {"twitter": {"GB": 1}}}, "posts": {"twitter": [{"license": "gnip", "citation_ids": [73258530], "author": {"tweeter_id": "2829712275"}, "tweet_id": "1209944285224693760"}, {"license": "gnip", "citation_ids": [73258530], "author": {"tweeter_id": "626460051"}, "tweet_id": "1209958431995633665"}]}, "score": 0.75, "images": {"small": "https://badges.altmetric.com/?size=64&score=1&types=tttttttt", "medium": "https://badges.altmetric.com/?size=100&score=1&types=tttttttt", "large": "https://badges.altmetric.com/?size=180&score=1&types=tttttttt"}}