{"altmetric_id": 77513970, "counts": {"readers": {"mendeley": 0, "citeulike": 0, "connotea": 0}, "total": {"posts_count": 30}, "twitter": {"unique_users_count": 24, "posts_count": 30}}, "citation": {"altmetric_jid": "53222bcf2a83eefa4a8b4570", "authors": ["Xie, Bo", "He, Daqing", "Mercer, Tim", "Wang, Youfa", "Wu, Dan", "Fleischmann, Kenneth R.", "Zhang, Yan", "Yoder, Linda H.", "Stephens, Keri K.", "Mackert, Michael", "Lee, Min K."], "doi": "10.1002/asi.24357", "first_seen_on": "2020-03-14T17:48:37+00:00", "issns": ["2330-1635", "2330-1643"], "journal": "Journal of the Association for Information Science and Technology", "last_mentioned_on": 1584530359, "links": ["https://asistdl.onlinelibrary.wiley.com/doi/full/10.1002/asi.24357", "https://asistdl.onlinelibrary.wiley.com/doi/10.1002/asi.24357", "https://asistdl.onlinelibrary.wiley.com/doi/full/10.1002/asi.24357#.Xm_KBuuJLjk.twitter", "https://asistdl.onlinelibrary.wiley.com/doi/full/10.1002/asi.24357?HootPostID=16e2d99c-a7c5-4281-9899-c7ab8712b6bf&Socialprofile=wileypolitics&Socialnetwork=twitter"], "pdf_url": "https://asistdl.onlinelibrary.wiley.com/doi/pdf/10.1002/asi.24357", "epubdate": "2020-03-13T00:00:00+00:00", "publisher": "Wiley", "title": "Global health crises are also information crises: A call to action", "type": "article"}, "altmetric_score": {"score": 18.25, "score_history": {"1y": 18.25, "6m": 18.25, "3m": 18.25, "1m": 18.25, "1w": 18.25, "6d": 18.25, "5d": 18.25, "4d": 18.25, "3d": 18.25, "2d": 18.25, "1d": 8.7, "at": 18.25}, "context_for_score": {"all": {"total_number_of_other_articles": 14518952, "mean": 8.4687422759303, "rank": 962147, "this_scored_higher_than_pct": 93, "this_scored_higher_than": 13554104, "rank_type": "exact", "sample_size": 14518952, "percentile": 93}, "similar_age_3m": {"total_number_of_other_articles": 146203, "mean": 14.119439200558, "rank": 14934, "this_scored_higher_than_pct": 89, "this_scored_higher_than": 131241, "rank_type": "exact", "sample_size": 146203, "percentile": 89}, "this_journal": {"total_number_of_other_articles": 1070, "mean": 7.7258540692236, "rank": 92, "this_scored_higher_than_pct": 91, "this_scored_higher_than": 978, "rank_type": "exact", "sample_size": 1070, "percentile": 91}, "similar_age_this_journal_3m": {"total_number_of_other_articles": 16, "mean": 3.7966666666667, "rank": 2, "this_scored_higher_than_pct": 87, "this_scored_higher_than": 14, "rank_type": "exact", "sample_size": 16, "percentile": 87}}}, "demographics": {"poster_types": {"member_of_the_public": 16, "researcher": 7, "science_communicator": 1}, "users": {"twitter": {"cohorts": {"Members of the public": 16, "Scientists": 7, "Science communicators (journalists, bloggers, editors)": 1}}}, "geo": {"twitter": {"US": 9, "NZ": 1, "AU": 2, "DE": 2, "GB": 3, "FI": 1}}}, "posts": {"twitter": [{"license": "gnip", "citation_ids": [77513970], "author": {"tweeter_id": "18500848"}, "tweet_id": "1238884693237473283"}, {"license": "gnip", "citation_ids": [77513970], "author": {"tweeter_id": "2917932834"}, "tweet_id": "1238884740129849350"}, {"license": "gnip", "citation_ids": [77513970], "author": {"tweeter_id": "17159147"}, "tweet_id": "1239573597200568320"}, {"license": "gnip", "citation_ids": [77513970], "author": {"tweeter_id": "18500848"}, "tweet_id": "1239592837827739648"}, {"license": "gnip", "citation_ids": [77513970], "author": {"tweeter_id": "2917932834"}, "tweet_id": "1239592875316465668"}, {"license": "gnip", "citation_ids": [77513970], "author": {"tweeter_id": "21558856"}, "tweet_id": "1239596779852701697"}, {"license": "gnip", "citation_ids": [77513970], "author": {"tweeter_id": "63801028"}, "tweet_id": "1239623859768352768"}, {"license": "gnip", "citation_ids": [77513970], "author": {"tweeter_id": "409280245"}, "tweet_id": "1239624491355037698"}, {"license": "gnip", "citation_ids": [77513970], "author": {"tweeter_id": "4761581"}, "tweet_id": "1239624651229130752"}, {"license": "gnip", "citation_ids": [77513970], "author": {"tweeter_id": "19584082"}, "tweet_id": "1239625707938070529"}, {"license": "gnip", "citation_ids": [77513970], "author": {"tweeter_id": "409280245"}, "tweet_id": "1239625842755612674"}, {"license": "gnip", "citation_ids": [77513970], "author": {"tweeter_id": "27963883"}, "tweet_id": "1239647113908301824"}, {"license": "gnip", "citation_ids": [77513970], "author": {"tweeter_id": "3296544828"}, "tweet_id": "1239805587916914689"}, {"license": "gnip", "citation_ids": [77513970], "author": {"tweeter_id": "6850322"}, "tweet_id": "1239825892811005952"}, {"license": "gnip", "citation_ids": [77513970], "author": {"tweeter_id": "4262733020"}, "tweet_id": "1239825949119533056"}, {"license": "gnip", "citation_ids": [77513970], "author": {"tweeter_id": "63801028"}, "tweet_id": "1239908295843950592"}, {"license": "gnip", "citation_ids": [77513970], "author": {"tweeter_id": "311649295"}, "tweet_id": "1239927054835093505"}, {"license": "gnip", "citation_ids": [77513970], "author": {"tweeter_id": "304327090"}, "tweet_id": "1239928338409566208"}, {"license": "gnip", "citation_ids": [77513970], "author": {"tweeter_id": "589300441"}, "tweet_id": "1239943845896507394"}, {"license": "gnip", "citation_ids": [77513970], "author": {"tweeter_id": "39699705"}, "tweet_id": "1239944631581913090"}, {"license": "gnip", "citation_ids": [77513970], "author": {"tweeter_id": "589300441"}, "tweet_id": "1239944827069923328"}, {"license": "gnip", "citation_ids": [77513970], "author": {"tweeter_id": "16318928"}, "tweet_id": "1239953244790517761"}, {"license": "gnip", "citation_ids": [77513970], "author": {"tweeter_id": "259625864"}, "tweet_id": "1239962311315443716"}, {"license": "gnip", "citation_ids": [77513970], "author": {"tweeter_id": "64693923"}, "tweet_id": "1239964229693616128"}, {"license": "gnip", "citation_ids": [77513970], "author": {"tweeter_id": "271751468"}, "tweet_id": "1240004914949926912"}, {"license": "gnip", "citation_ids": [77513970], "author": {"tweeter_id": "391300597"}, "tweet_id": "1240029159042224136"}, {"license": "gnip", "citation_ids": [77513970], "author": {"tweeter_id": "391300597"}, "tweet_id": "1240029168005451780"}, {"license": "gnip", "citation_ids": [77513970], "author": {"tweeter_id": "1225965607117557760"}, "tweet_id": "1240228303954497536"}, {"license": "gnip", "citation_ids": [77513970], "author": {"tweeter_id": "157583363"}, "tweet_id": "1240232987498893312"}, {"license": "gnip", "citation_ids": [77513970], "author": {"tweeter_id": "85546443"}, "tweet_id": "1240236334985482240"}]}, "score": 18.25, "images": {"small": "https://badges.altmetric.com/?size=64&score=19&types=tttttttt", "medium": "https://badges.altmetric.com/?size=100&score=19&types=tttttttt", "large": "https://badges.altmetric.com/?size=180&score=19&types=tttttttt"}}