{"altmetric_id": 71147704, "counts": {"readers": {"mendeley": 0, "citeulike": 0, "connotea": 0}, "total": {"posts_count": 3}, "twitter": {"unique_users_count": 3, "posts_count": 3}}, "citation": {"altmetric_jid": "4f6fa63b3cf058f610008c6c", "authors": ["Oph\u00e9lie Cojean", "Sylvain Larrat", "Claire Vergneau-Grosset"], "doi": "10.1016/j.cvex.2019.08.004", "first_seen_on": "2019-11-25T14:32:50+00:00", "handles": [], "isbns": [], "issns": ["1094-9194"], "journal": "Veterinary Clinics of North America: Exotic Animal Practice", "last_mentioned_on": 1575389700, "links": ["https://www.ncbi.nlm.nih.gov/pubmed/31759453?dopt=Abstract&utm_source=dlvr.it&utm_medium=twitter", "https://www.vetexotic.theclinics.com/article/S1094-9194(19)30052-0/fulltext"], "pmid": "31759453", "pubdate": "2020-01-01T00:00:00+00:00", "publisher_subjects": [{"name": "Veterinary Sciences", "scheme": "era"}], "scopus_subjects": ["Veterinary", "Health Sciences"], "title": "Clinical Management of Avian Renal Disease", "type": "article"}, "altmetric_score": {"score": 1.5, "score_history": {"1y": 1.5, "6m": 1.5, "3m": 0, "1m": 0, "1w": 0, "6d": 0, "5d": 0, "4d": 0, "3d": 0, "2d": 0, "1d": 0, "at": 1.5}, "context_for_score": {"all": {"total_number_of_other_articles": 14424902, "mean": 8.4203463702001, "rank": 8313440, "this_scored_higher_than_pct": 40, "this_scored_higher_than": 5813236, "rank_type": "exact", "sample_size": 14424902, "percentile": 40}, "similar_age_3m": {"total_number_of_other_articles": 327519, "mean": 12.951977424141, "rank": 170749, "this_scored_higher_than_pct": 45, "this_scored_higher_than": 147843, "rank_type": "exact", "sample_size": 327519, "percentile": 45}, "this_journal": {"total_number_of_other_articles": 163, "mean": 1.6707530864198, "rank": 61, "this_scored_higher_than_pct": 58, "this_scored_higher_than": 95, "rank_type": "exact", "sample_size": 163, "percentile": 58}, "similar_age_this_journal_3m": {"total_number_of_other_articles": 13, "mean": 1.35, "rank": 3, "this_scored_higher_than_pct": 61, "this_scored_higher_than": 8, "rank_type": "exact", "sample_size": 13, "percentile": 61}}}, "demographics": {"poster_types": {"member_of_the_public": 3}, "users": {"twitter": {"cohorts": {"Members of the public": 3}}}, "geo": {"twitter": {"US": 1}}}, "posts": {"twitter": [{"license": "gnip", "citation_ids": [71147704], "author": {"tweeter_id": "454601506"}, "tweet_id": "1198972741421940736"}, {"license": "gnip", "citation_ids": [71147704], "author": {"tweeter_id": "3731933332"}, "tweet_id": "1199119840184684545"}, {"license": "gnip", "citation_ids": [71147704], "author": {"tweeter_id": "487884560"}, "tweet_id": "1201897631938568192"}]}, "score": 1.5, "images": {"small": "https://badges.altmetric.com/?size=64&score=2&types=tttttttt", "medium": "https://badges.altmetric.com/?size=100&score=2&types=tttttttt", "large": "https://badges.altmetric.com/?size=180&score=2&types=tttttttt"}}