{"altmetric_id": 76373676, "counts": {"readers": {"mendeley": 0, "citeulike": 0, "connotea": 0}, "blogs": {"unique_users_count": 7, "unique_users": [54869, 62703, 53235, 53332, 72702, 60676, 63588], "posts_count": 7}, "news": {"unique_users_count": 4, "unique_users": ["luxembourger_wort", "sputnik_news", "medpage_today", "iflscience"], "posts_count": 4}, "total": {"posts_count": 461}, "twitter": {"unique_users_count": 418, "posts_count": 451}}, "citation": {"altmetric_jid": "4f6fa4f73cf058f610002fcf", "authors": ["Dong, Ensheng", "Du, Hongru", "Gardner, Lauren"], "doi": "10.1016/s1473-3099(20)30120-1", "first_seen_on": "2020-02-20T02:18:03+00:00", "issns": ["1473-3099"], "journal": "Lancet Infectious Diseases", "last_mentioned_on": 1584530988, "links": ["https://www.thelancet.com/journals/laninf/article/PIIS1473-3099(20)30120-1/fulltext", "https://www.thelancet.com/action/showPdf?pii=S1473-3099%2820%2930120-1", "https://www.thelancet.com/journals/laninf/article/PIIS1473-3099(20)30120-1/fulltext#.Xk5N_2iVatU.twitter", "https://www.thelancet.com/journals/laninf/article/PIIS1473-3099(20)30120-1/fulltext#.Xk59_3_1O8s.twitter", "https://www.thelancet.com/journals/laninf/article/PIIS1473-3099(20)30120-1/fulltext?utm_source=dlvr.it&utm_medium=twitter", "https://www.thelancet.com/journals/laninf/article/PIIS1473-3099(20)30120-1/fulltext#.XlB90OfvJqo.twitter", "https://www.sciencedirect.com/science/article/pii/S1473309920301201", "https://www.thelancet.com/journals/laninf/article/PIIS1473-3099(20)30120-1/fulltext#.XlHFXYXJKCw.twitter", "https://www.thelancet.com/journals/laninf/article/PIIS1473-3099(20)30120-1/fulltext#.XlMqQMVChwQ.twitter", "https://www.ncbi.nlm.nih.gov/pubmed/32087114", "https://linkinghub.elsevier.com/retrieve/pii/S1473309920301201", "https://doi.org/10.1016/S1473-3099(20)30120-1", "https://www.thelancet.com/journals/laninf/article/PIIS1473-3099(20)30120-1/fulltext#%20", "https://www.thelancet.com/journals/laninf/article/PIIS1473-3099(20)30120-1/fulltext#.XlSkyZffuKg.twitter", "https://www.thelancet.com/journals/laninf/article/PIIS1473-3099(20)30120-1/fulltext#.XlSladmrf7c.twitter", "https://www.thelancet.com/journals/laninf/article/PIIS1473-3099(20)30120-1/fulltext#.XlSl6xdbF_k.twitter", "https://www.thelancet.com/journals/laninf/article/PIIS1473-3099(20)30120-1/abstract", "https://www.thelancet.com/journals/laninf/article/PIIS1473-3099(20)30120-1/fulltext#.XlVE7pTrbbQ.twitter", "https://www.thelancet.com/journals/laninf/article/PIIS1473-3099(20)30120-1/fulltext?dgcid=hubspot_email_newsletter_tlcoronavirus20&utm_campaign=tlcoronavirus20&utm_source=hs_email&utm_medium=email&utm_content=83771268&_hsenc=p2ANqtz-_mb_d9vm3v29Epo2wJ3OT4QtNdJ6c6UOp1nZocwKLGED7dg-r7rKg3xjCKiHV5LJUiLXzbGbu8JDFUJyiru5K85UuCUA&_hsmi=83771268#.XlZC-3Uc-BA.twitter", "https://www.sciencedirect.com/science/article/pii/S1473309920301201?via%3Dihub", "https://www.thelancet.com/journals/laninf/article/PIIS1473-3099(20)30120-1/fulltext#.Xla7vKURyUY.twitter", "https://www.thelancet.com/journals/laninf/article/PIIS1473-3099(20)30120-1/fulltext#.XlhfUc6-8sM.twitter", "https://www.thelancet.com/journals/laninf/article/PIIS1473-3099(20)30120-1/fulltext#.XljLNg9jY-M.twitter", "https://www.thelancet.com/journals/laninf/article/PIIS1473-3099(20)30120-1/fulltext#.XljPQIy3M-g.twitter", "https://www.thelancet.com/journals/laninf/article/PIIS1473-3099(20)30120-1/fulltext#.XlmbW_302Ak.twitter", "https://www.thelancet.com/journals/laninf/article/PIIS1473-3099(20)30120-1/fulltext#.Xlr0vVS4EDs.twitter", "https://www.thelancet.com/journals/laninf/article/PIIS1473-3099(20)30120-1/fulltext#.XlvP0yuN-eE.twitter", "https://www.thelancet.com/journals/laninf/article/PIIS1473-3099(20)30120-1/fulltext#.XlwKHCMcRYE.twitter", "https://thelancet.com/journals/laninf/article/PIIS1473-3099(20)30120-1/fulltext", "https://www.thelancet.com/journals/laninf/article/PIIS1473-3099(20)30120-1/fulltext#.Xl0uoUjxm4g.twitter", "https://www.thelancet.com/journals/laninf/article/PIIS1473-3099(20)30120-1/fulltext#.Xl2bMXyG8ik.twitter", "https://www.thelancet.com/action/showPdf?pii=S1473-3099(20)30120-1", "https://www.thelancet.com/journals/laninf/article/PIIS1473-3099(20)30120-1/fulltext#.XmK5UC84YdA.twitter", "https://www.thelancet.com/journals/laninf/article/PIIS1473-3099(20)30120-1/fulltext#.XmX0m0KHanQ.twitter", "https://www.thelancet.com/journals/laninf/article/PIIS1473-3099(20)30120-1/fulltext#.Xma8UIpLx1s.twitter", "https://www.thelancet.com/journals/laninf/article/PIIS1473-3099(20)30120-1/fulltext#.XmgQcCIfK-A.twitter", "https://www.thelancet.com/journals/laninf/article/PIIS1473-3099(20)30120-1/fulltext#.XmjYK4K7s-g.twitter", "https://www.thelancet.com/cms/10.1016/S1473-3099(20)30120-1/attachment/8e881a3f-0466-49f8-965c-90ca46877248/mmc1.pdf", "https://www.thelancet.com/journals/laninf/article/PIIS1473-3099(20)30120-1/fulltext#.XmoW0zG3MUc.twitter", "https://www.thelancet.com/journals/laninf/article/PIIS1473-3099(20)30120-1/fulltext#seccestitle10", "https://www.thelancet.com/journals/laninf/article/PIIS1473-3099(20)30120-1/fulltext#.Xmtw5TNjHTM.twitter", "https://www.thelancet.com/journals/laninf/article/PIIS1473-3099(20)30120-1/fulltext#.Xmul4Pbcfo4.twitter", "https://www.thelancet.com/journals/laninf/article/PIIS1473-3099(20)30120-1/fulltext#.Xm4LHcB79MM.twitter", "https://www.thelancet.com/journals/laninf/article/PIIS1473-3099(20)30120-1/fulltext#.XnAncmMsuVQ.twitter", "https://www.thelancet.com/journals/laninf/article/PIIS1473-3099(20)30120-1/fulltext#.XnDP0c65D3o.twitter", "https://www.thelancet.com/journals/laninf/article/PIIS1473-3099(20)30120-1/fulltext#.XnEd3iO_CIU.twitter"], "pmid": "32087114", "pubdate": "2020-02-01T00:00:00+00:00", "publisher": "Elsevier BV", "publisher_subjects": [{"name": "Clinical Sciences", "scheme": "era"}, {"name": "Medical Microbiology", "scheme": "era"}], "scopus_subjects": ["Medicine", "Health Sciences"], "title": "An interactive web-based dashboard to track COVID-19 in real time", "type": "article"}, "altmetric_score": {"score": 398.67, "score_history": {"1y": 398.67, "6m": 398.67, "3m": 398.67, "1m": 398.67, "1w": 96.04, "6d": 70.54, "5d": 60.24, "4d": 52.84, "3d": 44.34, "2d": 41.49, "1d": 20.36, "at": 398.67}, "context_for_score": {"all": {"total_number_of_other_articles": 14518952, "mean": 8.4687422759303, "rank": 29431, "this_scored_higher_than_pct": 99, "this_scored_higher_than": 14489553, "rank_type": "exact", "sample_size": 14518952, "percentile": 99}, "similar_age_3m": {"total_number_of_other_articles": 169293, "mean": 14.500559246745, "rank": 723, "this_scored_higher_than_pct": 99, "this_scored_higher_than": 168570, "rank_type": "exact", "sample_size": 169293, "percentile": 99}, "this_journal": {"total_number_of_other_articles": 3962, "mean": 34.304087351679, "rank": 56, "this_scored_higher_than_pct": 98, "this_scored_higher_than": 3906, "rank_type": "exact", "sample_size": 3962, "percentile": 98}, "similar_age_this_journal_3m": {"total_number_of_other_articles": 122, "mean": 82.93426446281, "rank": 6, "this_scored_higher_than_pct": 95, "this_scored_higher_than": 116, "rank_type": "exact", "sample_size": 122, "percentile": 95}}}, "demographics": {"poster_types": {"member_of_the_public": 314, "researcher": 69, "practitioner": 19, "science_communicator": 16}, "users": {"twitter": {"cohorts": {"Scientists": 69, "Members of the public": 315, "Practitioners (doctors, other healthcare professionals)": 19, "Science communicators (journalists, bloggers, editors)": 16}}}, "geo": {"twitter": {"US": 129, "BR": 2, "PE": 3, "GB": 13, "FR": 6, "JP": 3, "ES": 6, "TH": 1, "MY": 2, "AU": 6, "IT": 2, "CA": 14, "DE": 6, "ZA": 2, "CH": 1, "NG": 1, "IE": 2, "AT": 1, "UG": 1, "KW": 1, "MX": 5, "AR": 1, "IN": 3, "GE": 1, "GR": 1, "SE": 4, "UY": 1, "ID": 1, "PH": 1, "BE": 1, "VE": 1, "NL": 2, "TW": 1, "PL": 1, "CL": 2, "IL": 1, "GT": 1, "ME": 1}}}, "posts": {"twitter": [{"license": "gnip", "citation_ids": [76373676], "author": {"tweeter_id": "2740865040"}, "tweet_id": "1230315569997438976"}, {"license": "gnip", "citation_ids": [76373676], "author": {"tweeter_id": "487673211"}, "tweet_id": "1230315874306928640"}, {"license": "gnip", "citation_ids": [76373676], "author": {"tweeter_id": "1218324988966531072"}, "tweet_id": "1230317459917266945"}, {"license": "gnip", "citation_ids": [76373676], "author": {"tweeter_id": "95966522"}, "tweet_id": "1230317549977513986"}, {"license": "gnip", "citation_ids": [76373676], "author": {"tweeter_id": "264896250"}, "tweet_id": "1230317951632338944"}, {"license": "gnip", "citation_ids": [76373676], "author": {"tweeter_id": "3824923812"}, "tweet_id": "1230318255492849664"}, {"license": "gnip", "citation_ids": [76373676], "author": {"tweeter_id": "2771424005"}, "tweet_id": "1230318331657367554"}, {"license": "gnip", "citation_ids": [76373676], "author": {"tweeter_id": "836833110"}, "tweet_id": "1230318338468929538"}, {"license": "gnip", "citation_ids": [76373676], "author": {"tweeter_id": "841868318025895938"}, "tweet_id": "1230319653949497344"}, {"license": "gnip", "citation_ids": [76373676], "author": {"tweeter_id": "23227706"}, "tweet_id": "1230319861869363200"}, {"license": "gnip", "citation_ids": [76373676], "author": {"tweeter_id": "36323407"}, "tweet_id": "1230320260714258433"}, {"license": "gnip", "citation_ids": [76373676], "author": {"tweeter_id": "17190579"}, "tweet_id": "1230323370820014080"}, {"license": "gnip", "citation_ids": [76373676], "author": {"tweeter_id": "26557077"}, "tweet_id": "1230324874243170304"}, {"license": "gnip", "citation_ids": [76373676], "author": {"tweeter_id": "1104435050035245056"}, "tweet_id": "1230327119948976129"}, {"license": "gnip", "citation_ids": [76373676], "author": {"tweeter_id": "57382768"}, "tweet_id": "1230331561695944705"}, {"license": "gnip", "citation_ids": [76373676], "author": {"tweeter_id": "2330354066"}, "tweet_id": "1230341265507725313"}, {"license": "gnip", "citation_ids": [76373676], "author": {"tweeter_id": "26117944"}, "tweet_id": "1230343556285382656"}, {"license": "gnip", "citation_ids": [76373676], "author": {"tweeter_id": "2332368062"}, "tweet_id": "1230348932548612096"}, {"license": "gnip", "citation_ids": [76373676], "author": {"tweeter_id": "340435374"}, "tweet_id": "1230349304818089984"}, {"license": "gnip", "citation_ids": [76373676], "author": {"tweeter_id": "3769388053"}, "tweet_id": "1230351449361543169"}, {"license": "gnip", "citation_ids": [76373676], "author": {"tweeter_id": "226753401"}, "tweet_id": "1230351677250629632"}, {"license": "gnip", "citation_ids": [76373676], "author": {"tweeter_id": "20511717"}, "tweet_id": "1230407713651384321"}, {"license": "gnip", "citation_ids": [76373676], "author": {"tweeter_id": "1195310926976765952"}, "tweet_id": "1230420613354999808"}, {"license": "gnip", "citation_ids": [76373676], "author": {"tweeter_id": "163498005"}, "tweet_id": "1230422253256441856"}, {"license": "gnip", "citation_ids": [76373676], "author": {"tweeter_id": "4267058183"}, "tweet_id": "1230423156604723202"}, {"license": "gnip", "citation_ids": [76373676], "author": {"tweeter_id": "2375643853"}, "tweet_id": "1230434154380218369"}, {"license": "gnip", "citation_ids": [76373676], "author": {"tweeter_id": "3311694941"}, "tweet_id": "1230434320822816776"}, {"license": "gnip", "citation_ids": [76373676], "author": {"tweeter_id": "922986969298116608"}, "tweet_id": "1230434414405898240"}, {"license": "gnip", "citation_ids": [76373676], "author": {"tweeter_id": "15944583"}, "tweet_id": "1230434642773336064"}, {"license": "gnip", "citation_ids": [76373676], "author": {"tweeter_id": "35507934"}, "tweet_id": "1230435617277906944"}, {"license": "gnip", "citation_ids": [76373676], "author": {"tweeter_id": "2375643853"}, "tweet_id": "1230438537708933120"}, {"license": "gnip", "citation_ids": [76373676], "author": {"tweeter_id": "16499925"}, "tweet_id": "1230440114129641472"}, {"license": "gnip", "citation_ids": [76373676], "author": {"tweeter_id": "1460288238"}, "tweet_id": "1230440419630206981"}, {"license": "gnip", "citation_ids": [76373676], "author": {"tweeter_id": "951568631355199488"}, "tweet_id": "1230444989978529792"}, {"license": "gnip", "citation_ids": [76373676], "author": {"tweeter_id": "11897552"}, "tweet_id": "1230449466362122240"}, {"license": "gnip", "citation_ids": [76373676], "author": {"tweeter_id": "11189732"}, "tweet_id": "1230449577662148608"}, {"license": "gnip", "citation_ids": [76373676], "author": {"tweeter_id": "917060185"}, "tweet_id": "1230455671897743360"}, {"license": "gnip", "citation_ids": [76373676], "author": {"tweeter_id": "152995595"}, "tweet_id": "1230460334374256641"}, {"license": "gnip", "citation_ids": [76373676], "author": {"tweeter_id": "1477611511"}, "tweet_id": "1230465862685032449"}, {"license": "gnip", "citation_ids": [76373676], "author": {"tweeter_id": "997187106110955520"}, "tweet_id": "1230469327301812225"}, {"license": "gnip", "citation_ids": [76373676], "author": {"tweeter_id": "424859646"}, "tweet_id": "1230470658968047620"}, {"license": "gnip", "citation_ids": [76373676], "author": {"tweeter_id": "1196996362727899136"}, "tweet_id": "1230472042132074496"}, {"license": "gnip", "citation_ids": [76373676], "author": {"tweeter_id": "1196996362727899136"}, "tweet_id": "1230472093357076480"}, {"license": "gnip", "citation_ids": [76373676], "author": {"tweeter_id": "3130349698"}, "tweet_id": "1230473760781848577"}, {"license": "gnip", "citation_ids": [76373676], "author": {"tweeter_id": "1148306976176132096"}, "tweet_id": "1230474647478685698"}, {"license": "gnip", "citation_ids": [76373676], "author": {"tweeter_id": "373113388"}, "tweet_id": "1230483111424806912"}, {"license": "gnip", "citation_ids": [76373676], "author": {"tweeter_id": "850712117573537793"}, "tweet_id": "1230485173889851392"}, {"license": "gnip", "citation_ids": [76373676], "author": {"tweeter_id": "1214232500664295424"}, "tweet_id": "1230485275014336517"}, {"license": "gnip", "citation_ids": [76373676], "author": {"tweeter_id": "1141445198649577472"}, "tweet_id": "1230488231189204992"}, {"license": "gnip", "citation_ids": [76373676], "author": {"tweeter_id": "251455369"}, "tweet_id": "1230491035220008960"}, {"license": "gnip", "citation_ids": [76373676], "author": {"tweeter_id": "880173990412771328"}, "tweet_id": "1230491169940860928"}, {"license": "gnip", "citation_ids": [76373676], "author": {"tweeter_id": "2713172484"}, "tweet_id": "1230495701081231361"}, {"license": "gnip", "citation_ids": [76373676], "author": {"tweeter_id": "811576915"}, "tweet_id": "1230500800528572417"}, {"license": "gnip", "citation_ids": [76373676], "author": {"tweeter_id": "1154853013795856384"}, "tweet_id": "1230504492258484225"}, {"license": "gnip", "citation_ids": [76373676], "author": {"tweeter_id": "4077260866"}, "tweet_id": "1230505143805915137"}, {"license": "gnip", "citation_ids": [76373676], "author": {"tweeter_id": "1024814266275311616"}, "tweet_id": "1230508387428945920"}, {"license": "gnip", "citation_ids": [76373676], "author": {"tweeter_id": "993031383147843584"}, "tweet_id": "1230514458470047744"}, {"license": "gnip", "citation_ids": [76373676], "author": {"tweeter_id": "225937601"}, "tweet_id": "1230516933897990144"}, {"license": "gnip", "citation_ids": [76373676], "author": {"tweeter_id": "65891900"}, "tweet_id": "1230528538081710080"}, {"license": "gnip", "citation_ids": [76373676], "author": {"tweeter_id": "28639102"}, "tweet_id": "1230543522924765185"}, {"license": "gnip", "citation_ids": [76373676], "author": {"tweeter_id": "3445633634"}, "tweet_id": "1230545523284860928"}, {"license": "gnip", "citation_ids": [76373676], "author": {"tweeter_id": "1116011512559218688"}, "tweet_id": "1230556841752457218"}, {"license": "gnip", "citation_ids": [76373676], "author": {"tweeter_id": "16336413"}, "tweet_id": "1230574261225566208"}, {"license": "gnip", "citation_ids": [76373676], "author": {"tweeter_id": "2513168941"}, "tweet_id": "1230574428896972800"}, {"license": "gnip", "citation_ids": [76373676], "author": {"tweeter_id": "956592006771326976"}, "tweet_id": "1230575267040481280"}, {"license": "gnip", "citation_ids": [76373676], "author": {"tweeter_id": "2511288769"}, "tweet_id": "1230615009912393728"}, {"license": "gnip", "citation_ids": [76373676], "author": {"tweeter_id": "2330354066"}, "tweet_id": "1230619225561223169"}, {"license": "gnip", "citation_ids": [76373676], "author": {"tweeter_id": "413661478"}, "tweet_id": "1230691564340547584"}, {"license": "gnip", "citation_ids": [76373676], "author": {"tweeter_id": "1227378006139625474"}, "tweet_id": "1230694423383511040"}, {"license": "gnip", "citation_ids": [76373676], "author": {"tweeter_id": "489447903"}, "tweet_id": "1230706680607866886"}, {"license": "gnip", "citation_ids": [76373676], "author": {"tweeter_id": "3423038427"}, "tweet_id": "1230714306246762497"}, {"license": "gnip", "citation_ids": [76373676], "author": {"tweeter_id": "1217583173078482949"}, "tweet_id": "1230728798141734912"}, {"license": "gnip", "citation_ids": [76373676], "author": {"tweeter_id": "850712117573537793"}, "tweet_id": "1230838077179990016"}, {"license": "gnip", "citation_ids": [76373676], "author": {"tweeter_id": "795020475588026368"}, "tweet_id": "1230838712008880129"}, {"license": "gnip", "citation_ids": [76373676], "author": {"tweeter_id": "187836067"}, "tweet_id": "1230839569567731714"}, {"license": "gnip", "citation_ids": [76373676], "author": {"tweeter_id": "1152358274"}, "tweet_id": "1230855835808653313"}, {"license": "gnip", "citation_ids": [76373676], "author": {"tweeter_id": "795020475588026368"}, "tweet_id": "1230882025814609921"}, {"license": "gnip", "citation_ids": [76373676], "author": {"tweeter_id": "20213446"}, "tweet_id": "1231022175945031680"}, {"license": "gnip", "citation_ids": [76373676], "author": {"tweeter_id": "36051159"}, "tweet_id": "1231034081535840257"}, {"license": "gnip", "citation_ids": [76373676], "author": {"tweeter_id": "1008870126496518144"}, "tweet_id": "1231156837648457728"}, {"license": "gnip", "citation_ids": [76373676], "author": {"tweeter_id": "817465655247208450"}, "tweet_id": "1231176649007341570"}, {"license": "gnip", "citation_ids": [76373676], "author": {"tweeter_id": "8858022"}, "tweet_id": "1231246527483564036"}, {"license": "gnip", "citation_ids": [76373676], "author": {"tweeter_id": "850712117573537793"}, "tweet_id": "1231248170958585862"}, {"license": "gnip", "citation_ids": [76373676], "author": {"tweeter_id": "181572713"}, "tweet_id": "1231344689858666501"}, {"license": "gnip", "citation_ids": [76373676], "author": {"tweeter_id": "2181383449"}, "tweet_id": "1231373304008564737"}, {"license": "gnip", "citation_ids": [76373676], "author": {"tweeter_id": "1199833296353611777"}, "tweet_id": "1231428721464238080"}, {"license": "gnip", "citation_ids": [76373676], "author": {"tweeter_id": "14374674"}, "tweet_id": "1231585224900870146"}, {"license": "gnip", "citation_ids": [76373676], "author": {"tweeter_id": "14966186"}, "tweet_id": "1231740495971463168"}, {"license": "gnip", "citation_ids": [76373676], "author": {"tweeter_id": "22610514"}, "tweet_id": "1231756554485018627"}, {"license": "gnip", "citation_ids": [76373676], "author": {"tweeter_id": "1099494762296397824"}, "tweet_id": "1231762793038336000"}, {"license": "gnip", "citation_ids": [76373676], "author": {"tweeter_id": "1214443535476445184"}, "tweet_id": "1231807993362120704"}, {"license": "gnip", "citation_ids": [76373676], "author": {"tweeter_id": "221580114"}, "tweet_id": "1231916282116812801"}, {"license": "gnip", "citation_ids": [76373676], "author": {"tweeter_id": "454603236"}, "tweet_id": "1231916691421974528"}, {"license": "gnip", "citation_ids": [76373676], "author": {"tweeter_id": "125966823"}, "tweet_id": "1231916956917227521"}, {"license": "gnip", "citation_ids": [76373676], "author": {"tweeter_id": "373044622"}, "tweet_id": "1231917891295072258"}, {"license": "gnip", "citation_ids": [76373676], "author": {"tweeter_id": "2710796718"}, "tweet_id": "1231918240126906370"}, {"license": "gnip", "citation_ids": [76373676], "author": {"tweeter_id": "252794509"}, "tweet_id": "1231918679023144960"}, {"license": "gnip", "citation_ids": [76373676], "author": {"tweeter_id": "1019268277493739520"}, "tweet_id": "1231919006866714624"}, {"license": "gnip", "citation_ids": [76373676], "author": {"tweeter_id": "33023834"}, "tweet_id": "1231919472946089984"}, {"license": "gnip", "citation_ids": [76373676], "author": {"tweeter_id": "40154387"}, "tweet_id": "1231919561722777600"}, {"license": "gnip", "citation_ids": [76373676], "author": {"tweeter_id": "250364353"}, "tweet_id": "1231919746578178048"}, {"license": "gnip", "citation_ids": [76373676], "author": {"tweeter_id": "1178168156432535553"}, "tweet_id": "1231920097016545281"}, {"license": "gnip", "citation_ids": [76373676], "author": {"tweeter_id": "19334506"}, "tweet_id": "1231920359928193024"}, {"license": "gnip", "citation_ids": [76373676], "author": {"tweeter_id": "902428893239443456"}, "tweet_id": "1231920379180003329"}, {"license": "gnip", "citation_ids": [76373676], "author": {"tweeter_id": "114182503"}, "tweet_id": "1231920465528213505"}, {"license": "gnip", "citation_ids": [76373676], "author": {"tweeter_id": "36406830"}, "tweet_id": "1231921584631427072"}, {"license": "gnip", "citation_ids": [76373676], "author": {"tweeter_id": "16168314"}, "tweet_id": "1231922042611564545"}, {"license": "gnip", "citation_ids": [76373676], "author": {"tweeter_id": "21366675"}, "tweet_id": "1231922229052571648"}, {"license": "gnip", "citation_ids": [76373676], "author": {"tweeter_id": "710050995028381696"}, "tweet_id": "1231922561279238146"}, {"license": "gnip", "citation_ids": [76373676], "author": {"tweeter_id": "1225688772093722627"}, "tweet_id": "1231923193583153152"}, {"license": "gnip", "citation_ids": [76373676], "author": {"tweeter_id": "2901324041"}, "tweet_id": "1231923294120497153"}, {"license": "gnip", "citation_ids": [76373676], "author": {"tweeter_id": "1213628188875558913"}, "tweet_id": "1231924828791345153"}, {"license": "gnip", "citation_ids": [76373676], "author": {"tweeter_id": "22213141"}, "tweet_id": "1231926230208929792"}, {"license": "gnip", "citation_ids": [76373676], "author": {"tweeter_id": "23041527"}, "tweet_id": "1231927325589147649"}, {"license": "gnip", "citation_ids": [76373676], "author": {"tweeter_id": "324492985"}, "tweet_id": "1231928383782752258"}, {"license": "gnip", "citation_ids": [76373676], "author": {"tweeter_id": "211376476"}, "tweet_id": "1231929366973689857"}, {"license": "gnip", "citation_ids": [76373676], "author": {"tweeter_id": "2565865626"}, "tweet_id": "1231929679373881344"}, {"license": "gnip", "citation_ids": [76373676], "author": {"tweeter_id": "849344834"}, "tweet_id": "1231930403772084224"}, {"license": "gnip", "citation_ids": [76373676], "author": {"tweeter_id": "1118061"}, "tweet_id": "1231930420830318593"}, {"license": "gnip", "citation_ids": [76373676], "author": {"tweeter_id": "1035215720"}, "tweet_id": "1231930552565014528"}, {"license": "gnip", "citation_ids": [76373676], "author": {"tweeter_id": "995712271"}, "tweet_id": "1231931735488765952"}, {"license": "gnip", "citation_ids": [76373676], "author": {"tweeter_id": "2967463302"}, "tweet_id": "1231932350520418305"}, {"license": "gnip", "citation_ids": [76373676], "author": {"tweeter_id": "1070124050096230400"}, "tweet_id": "1231932927845576708"}, {"license": "gnip", "citation_ids": [76373676], "author": {"tweeter_id": "14981695"}, "tweet_id": "1231933946138677248"}, {"license": "gnip", "citation_ids": [76373676], "author": {"tweeter_id": "152133002"}, "tweet_id": "1231933957257732097"}, {"license": "gnip", "citation_ids": [76373676], "author": {"tweeter_id": "152133002"}, "tweet_id": "1231933976840896513"}, {"license": "gnip", "citation_ids": [76373676], "author": {"tweeter_id": "15078432"}, "tweet_id": "1231934114590269441"}, {"license": "gnip", "citation_ids": [76373676], "author": {"tweeter_id": "1073599678711779328"}, "tweet_id": "1231935533229592578"}, {"license": "gnip", "citation_ids": [76373676], "author": {"tweeter_id": "466828183"}, "tweet_id": "1231944361786707968"}, {"license": "gnip", "citation_ids": [76373676], "author": {"tweeter_id": "849344834"}, "tweet_id": "1231946296384204800"}, {"license": "gnip", "citation_ids": [76373676], "author": {"tweeter_id": "390742975"}, "tweet_id": "1231948533412089856"}, {"license": "gnip", "citation_ids": [76373676], "author": {"tweeter_id": "980489117376155649"}, "tweet_id": "1231949661377875974"}, {"license": "gnip", "citation_ids": [76373676], "author": {"tweeter_id": "241669849"}, "tweet_id": "1231950074802065414"}, {"license": "gnip", "citation_ids": [76373676], "author": {"tweeter_id": "3068834201"}, "tweet_id": "1231962564373991424"}, {"license": "gnip", "citation_ids": [76373676], "author": {"tweeter_id": "37227427"}, "tweet_id": "1231971531602919424"}, {"license": "gnip", "citation_ids": [76373676], "author": {"tweeter_id": "75353738"}, "tweet_id": "1231975260494450688"}, {"license": "gnip", "citation_ids": [76373676], "author": {"tweeter_id": "780252197003137028"}, "tweet_id": "1231988177050587136"}, {"license": "gnip", "citation_ids": [76373676], "author": {"tweeter_id": "282250123"}, "tweet_id": "1231993934697684993"}, {"license": "gnip", "citation_ids": [76373676], "author": {"tweeter_id": "1069589687730352128"}, "tweet_id": "1231996194794110981"}, {"license": "gnip", "citation_ids": [76373676], "author": {"tweeter_id": "885339680"}, "tweet_id": "1231997250693296130"}, {"license": "gnip", "citation_ids": [76373676], "author": {"tweeter_id": "2602409682"}, "tweet_id": "1232006803644461057"}, {"license": "gnip", "citation_ids": [76373676], "author": {"tweeter_id": "27136797"}, "tweet_id": "1232007163209490432"}, {"license": "gnip", "citation_ids": [76373676], "author": {"tweeter_id": "29155203"}, "tweet_id": "1232011482788921344"}, {"license": "gnip", "citation_ids": [76373676], "author": {"tweeter_id": "32526279"}, "tweet_id": "1232012871711809537"}, {"license": "gnip", "citation_ids": [76373676], "author": {"tweeter_id": "15586341"}, "tweet_id": "1232014809295511556"}, {"license": "gnip", "citation_ids": [76373676], "author": {"tweeter_id": "250090924"}, "tweet_id": "1232017053609005056"}, {"license": "gnip", "citation_ids": [76373676], "author": {"tweeter_id": "226753401"}, "tweet_id": "1232024344500588546"}, {"license": "gnip", "citation_ids": [76373676], "author": {"tweeter_id": "225291177"}, "tweet_id": "1232026271909019649"}, {"license": "gnip", "citation_ids": [76373676], "author": {"tweeter_id": "2906609437"}, "tweet_id": "1232026828027633664"}, {"license": "gnip", "citation_ids": [76373676], "author": {"tweeter_id": "2906609437"}, "tweet_id": "1232028065162842113"}, {"license": "gnip", "citation_ids": [76373676], "author": {"tweeter_id": "1102749780"}, "tweet_id": "1232056781276246016"}, {"license": "gnip", "citation_ids": [76373676], "author": {"tweeter_id": "51530122"}, "tweet_id": "1232065666976378882"}, {"license": "gnip", "citation_ids": [76373676], "author": {"tweeter_id": "122985526"}, "tweet_id": "1232084438034636803"}, {"license": "gnip", "citation_ids": [76373676], "author": {"tweeter_id": "19042993"}, "tweet_id": "1232118713110818816"}, {"license": "gnip", "citation_ids": [76373676], "author": {"tweeter_id": "1179036133189128192"}, "tweet_id": "1232119560637231104"}, {"license": "gnip", "citation_ids": [76373676], "author": {"tweeter_id": "35515250"}, "tweet_id": "1232121520371240960"}, {"license": "gnip", "citation_ids": [76373676], "author": {"tweeter_id": "1097599040"}, "tweet_id": "1232134409878302722"}, {"license": "gnip", "citation_ids": [76373676], "author": {"tweeter_id": "931224269337628683"}, "tweet_id": "1232162038467694593"}, {"license": "gnip", "citation_ids": [76373676], "author": {"tweeter_id": "33125444"}, "tweet_id": "1232164275407540224"}, {"license": "gnip", "citation_ids": [76373676], "author": {"tweeter_id": "811008691969196032"}, "tweet_id": "1232165529227583489"}, {"license": "gnip", "citation_ids": [76373676], "author": {"tweeter_id": "262183742"}, "tweet_id": "1232175661164441601"}, {"license": "gnip", "citation_ids": [76373676], "author": {"tweeter_id": "19435545"}, "tweet_id": "1232181473983094791"}, {"license": "gnip", "citation_ids": [76373676], "author": {"tweeter_id": "291862171"}, "tweet_id": "1232192580906930176"}, {"license": "gnip", "citation_ids": [76373676], "author": {"tweeter_id": "36256493"}, "tweet_id": "1232193755895087104"}, {"license": "gnip", "citation_ids": [76373676], "author": {"tweeter_id": "1221964609659207681"}, "tweet_id": "1232201479836110849"}, {"license": "gnip", "citation_ids": [76373676], "author": {"tweeter_id": "3368051596"}, "tweet_id": "1232227173458677761"}, {"license": "gnip", "citation_ids": [76373676], "author": {"tweeter_id": "247038875"}, "tweet_id": "1232238532497956864"}, {"license": "gnip", "citation_ids": [76373676], "author": {"tweeter_id": "2748861413"}, "tweet_id": "1232283591633178624"}, {"license": "gnip", "citation_ids": [76373676], "author": {"tweeter_id": "817321567776452609"}, "tweet_id": "1232332817926782976"}, {"license": "gnip", "citation_ids": [76373676], "author": {"tweeter_id": "3315327726"}, "tweet_id": "1232334988768530433"}, {"license": "gnip", "citation_ids": [76373676], "author": {"tweeter_id": "1175499537743589377"}, "tweet_id": "1232352576194195457"}, {"license": "gnip", "citation_ids": [76373676], "author": {"tweeter_id": "38498398"}, "tweet_id": "1232379853564809216"}, {"license": "gnip", "citation_ids": [76373676], "author": {"tweeter_id": "16110770"}, "tweet_id": "1232439405702307840"}, {"license": "gnip", "citation_ids": [76373676], "author": {"tweeter_id": "80775508"}, "tweet_id": "1232453204845027329"}, {"license": "gnip", "citation_ids": [76373676], "author": {"tweeter_id": "406525423"}, "tweet_id": "1232454578127302657"}, {"license": "gnip", "citation_ids": [76373676], "author": {"tweeter_id": "406525423"}, "tweet_id": "1232454638005129216"}, {"license": "gnip", "citation_ids": [76373676], "author": {"tweeter_id": "696867334359617537"}, "tweet_id": "1232516481742602241"}, {"license": "gnip", "citation_ids": [76373676], "author": {"tweeter_id": "128218698"}, "tweet_id": "1232608057512693760"}, {"license": "gnip", "citation_ids": [76373676], "author": {"tweeter_id": "213018335"}, "tweet_id": "1232611532686708742"}, {"license": "gnip", "citation_ids": [76373676], "author": {"tweeter_id": "213018335"}, "tweet_id": "1232611627322806272"}, {"license": "gnip", "citation_ids": [76373676], "author": {"tweeter_id": "1073111924034826241"}, "tweet_id": "1232711863642869760"}, {"license": "gnip", "citation_ids": [76373676], "author": {"tweeter_id": "994394080103645184"}, "tweet_id": "1232722947384545280"}, {"license": "gnip", "citation_ids": [76373676], "author": {"tweeter_id": "47222549"}, "tweet_id": "1232737363383607296"}, {"license": "gnip", "citation_ids": [76373676], "author": {"tweeter_id": "1175123674845851650"}, "tweet_id": "1232752885550768128"}, {"license": "gnip", "citation_ids": [76373676], "author": {"tweeter_id": "913191520257363968"}, "tweet_id": "1232788385930018818"}, {"license": "gnip", "citation_ids": [76373676], "author": {"tweeter_id": "67166741"}, "tweet_id": "1232790728302120960"}, {"license": "gnip", "citation_ids": [76373676], "author": {"tweeter_id": "1207116500462555137"}, "tweet_id": "1232855637060509696"}, {"license": "gnip", "citation_ids": [76373676], "author": {"tweeter_id": "1055925499007066112"}, "tweet_id": "1232886407351459840"}, {"license": "gnip", "citation_ids": [76373676], "author": {"tweeter_id": "2359537176"}, "tweet_id": "1232900306205171712"}, {"license": "gnip", "citation_ids": [76373676], "author": {"tweeter_id": "723134282"}, "tweet_id": "1232970140955762688"}, {"license": "gnip", "citation_ids": [76373676], "author": {"tweeter_id": "2898688188"}, "tweet_id": "1233004430552813575"}, {"license": "gnip", "citation_ids": [76373676], "author": {"tweeter_id": "905177520160559106"}, "tweet_id": "1233032225647726592"}, {"license": "gnip", "citation_ids": [76373676], "author": {"tweeter_id": "823307952878653441"}, "tweet_id": "1233144731007422465"}, {"license": "gnip", "citation_ids": [76373676], "author": {"tweeter_id": "1965510415"}, "tweet_id": "1233179631798247426"}, {"license": "gnip", "citation_ids": [76373676], "author": {"tweeter_id": "3436767789"}, "tweet_id": "1233180394314297344"}, {"license": "gnip", "citation_ids": [76373676], "author": {"tweeter_id": "753748895751032833"}, "tweet_id": "1233187959098114048"}, {"license": "gnip", "citation_ids": [76373676], "author": {"tweeter_id": "5795242"}, "tweet_id": "1233273049396338688"}, {"license": "gnip", "citation_ids": [76373676], "author": {"tweeter_id": "427337089"}, "tweet_id": "1233303801404088322"}, {"license": "gnip", "citation_ids": [76373676], "author": {"tweeter_id": "1018561237"}, "tweet_id": "1233305137482997760"}, {"license": "gnip", "citation_ids": [76373676], "author": {"tweeter_id": "960946964236992512"}, "tweet_id": "1233308410164191232"}, {"license": "gnip", "citation_ids": [76373676], "author": {"tweeter_id": "960946964236992512"}, "tweet_id": "1233338251341189121"}, {"license": "gnip", "citation_ids": [76373676], "author": {"tweeter_id": "264726722"}, "tweet_id": "1233352397033889794"}, {"license": "gnip", "citation_ids": [76373676], "author": {"tweeter_id": "960946964236992512"}, "tweet_id": "1233353129292451841"}, {"license": "gnip", "citation_ids": [76373676], "author": {"tweeter_id": "426382979"}, "tweet_id": "1233429821604220929"}, {"license": "gnip", "citation_ids": [76373676], "author": {"tweeter_id": "992962105"}, "tweet_id": "1233509112585097219"}, {"license": "gnip", "citation_ids": [76373676], "author": {"tweeter_id": "1055380106070421507"}, "tweet_id": "1233527348164689920"}, {"license": "gnip", "citation_ids": [76373676], "author": {"tweeter_id": "1206099626"}, "tweet_id": "1233557596159823873"}, {"license": "gnip", "citation_ids": [76373676], "author": {"tweeter_id": "809488304236281857"}, "tweet_id": "1233649211595460608"}, {"license": "gnip", "citation_ids": [76373676], "author": {"tweeter_id": "850587792551755777"}, "tweet_id": "1233666707819909120"}, {"license": "gnip", "citation_ids": [76373676], "author": {"tweeter_id": "804663900293709826"}, "tweet_id": "1233793733864443905"}, {"license": "gnip", "citation_ids": [76373676], "author": {"tweeter_id": "1146169504130633728"}, "tweet_id": "1233794070859931648"}, {"license": "gnip", "citation_ids": [76373676], "author": {"tweeter_id": "179314356"}, "tweet_id": "1233796013351108609"}, {"license": "gnip", "citation_ids": [76373676], "author": {"tweeter_id": "1590371174"}, "tweet_id": "1233827157908037632"}, {"license": "gnip", "citation_ids": [76373676], "author": {"tweeter_id": "111490230"}, "tweet_id": "1233842598491627521"}, {"license": "gnip", "citation_ids": [76373676], "author": {"tweeter_id": "15304264"}, "tweet_id": "1233842868386746369"}, {"license": "gnip", "citation_ids": [76373676], "author": {"tweeter_id": "15878034"}, "tweet_id": "1233843021017423872"}, {"license": "gnip", "citation_ids": [76373676], "author": {"tweeter_id": "16783988"}, "tweet_id": "1233843134917992454"}, {"license": "gnip", "citation_ids": [76373676], "author": {"tweeter_id": "4625108429"}, "tweet_id": "1233843331093975040"}, {"license": "gnip", "citation_ids": [76373676], "author": {"tweeter_id": "45158072"}, "tweet_id": "1233843903020896261"}, {"license": "gnip", "citation_ids": [76373676], "author": {"tweeter_id": "17653405"}, "tweet_id": "1233844796856377351"}, {"license": "gnip", "citation_ids": [76373676], "author": {"tweeter_id": "10707"}, "tweet_id": "1233847298414694400"}, {"license": "gnip", "citation_ids": [76373676], "author": {"tweeter_id": "2782577170"}, "tweet_id": "1233847969671196672"}, {"license": "gnip", "citation_ids": [76373676], "author": {"tweeter_id": "720523703822524416"}, "tweet_id": "1233849385290780672"}, {"license": "gnip", "citation_ids": [76373676], "author": {"tweeter_id": "3252417651"}, "tweet_id": "1233849585203843072"}, {"license": "gnip", "citation_ids": [76373676], "author": {"tweeter_id": "1118366714"}, "tweet_id": "1233850658689880064"}, {"license": "gnip", "citation_ids": [76373676], "author": {"tweeter_id": "825026613603553281"}, "tweet_id": "1233851831463354368"}, {"license": "gnip", "citation_ids": [76373676], "author": {"tweeter_id": "822266542410833920"}, "tweet_id": "1233855451483267072"}, {"license": "gnip", "citation_ids": [76373676], "author": {"tweeter_id": "1175213484122025984"}, "tweet_id": "1233863168813867009"}, {"license": "gnip", "citation_ids": [76373676], "author": {"tweeter_id": "18426506"}, "tweet_id": "1233877895048724485"}, {"license": "gnip", "citation_ids": [76373676], "author": {"tweeter_id": "1183135329609371648"}, "tweet_id": "1233885741031157760"}, {"license": "gnip", "citation_ids": [76373676], "author": {"tweeter_id": "818578014850019328"}, "tweet_id": "1233887065818959884"}, {"license": "gnip", "citation_ids": [76373676], "author": {"tweeter_id": "4728590235"}, "tweet_id": "1233892694298177536"}, {"license": "gnip", "citation_ids": [76373676], "author": {"tweeter_id": "1603838666"}, "tweet_id": "1233898083605516291"}, {"license": "gnip", "citation_ids": [76373676], "author": {"tweeter_id": "18026638"}, "tweet_id": "1233905420940476417"}, {"license": "gnip", "citation_ids": [76373676], "author": {"tweeter_id": "1170419673067872256"}, "tweet_id": "1233905565950251008"}, {"license": "gnip", "citation_ids": [76373676], "author": {"tweeter_id": "1130661180610007042"}, "tweet_id": "1233909592901337088"}, {"license": "gnip", "citation_ids": [76373676], "author": {"tweeter_id": "1599221588"}, "tweet_id": "1233916768017473536"}, {"license": "gnip", "citation_ids": [76373676], "author": {"tweeter_id": "769927146617856000"}, "tweet_id": "1233921980337926146"}, {"license": "gnip", "citation_ids": [76373676], "author": {"tweeter_id": "1181952938266304512"}, "tweet_id": "1233929578906816512"}, {"license": "gnip", "citation_ids": [76373676], "author": {"tweeter_id": "339217151"}, "tweet_id": "1233934834755522560"}, {"license": "gnip", "citation_ids": [76373676], "author": {"tweeter_id": "2438492744"}, "tweet_id": "1233936060289171456"}, {"license": "gnip", "citation_ids": [76373676], "author": {"tweeter_id": "741419766867337216"}, "tweet_id": "1233938637789814784"}, {"license": "gnip", "citation_ids": [76373676], "author": {"tweeter_id": "60099540"}, "tweet_id": "1233939519155642369"}, {"license": "gnip", "citation_ids": [76373676], "author": {"tweeter_id": "791054528581959680"}, "tweet_id": "1233956751000711168"}, {"license": "gnip", "citation_ids": [76373676], "author": {"tweeter_id": "1093741048726056960"}, "tweet_id": "1233963387056353280"}, {"license": "gnip", "citation_ids": [76373676], "author": {"tweeter_id": "2658842593"}, "tweet_id": "1233993447775690752"}, {"license": "gnip", "citation_ids": [76373676], "author": {"tweeter_id": "1350173029"}, "tweet_id": "1233997605522362369"}, {"license": "gnip", "citation_ids": [76373676], "author": {"tweeter_id": "17018765"}, "tweet_id": "1234056031707246592"}, {"license": "gnip", "citation_ids": [76373676], "author": {"tweeter_id": "392854648"}, "tweet_id": "1234057440964022273"}, {"license": "gnip", "citation_ids": [76373676], "author": {"tweeter_id": "990208711"}, "tweet_id": "1234058198233092096"}, {"license": "gnip", "citation_ids": [76373676], "author": {"tweeter_id": "6346142"}, "tweet_id": "1234058563615645696"}, {"license": "gnip", "citation_ids": [76373676], "author": {"tweeter_id": "367162824"}, "tweet_id": "1234058879337746432"}, {"license": "gnip", "citation_ids": [76373676], "author": {"tweeter_id": "2768643763"}, "tweet_id": "1234062739343126528"}, {"license": "gnip", "citation_ids": [76373676], "author": {"tweeter_id": "2459400854"}, "tweet_id": "1234063336951685120"}, {"license": "gnip", "citation_ids": [76373676], "author": {"tweeter_id": "38673715"}, "tweet_id": "1234078218497351680"}, {"license": "gnip", "citation_ids": [76373676], "author": {"tweeter_id": "18026638"}, "tweet_id": "1234094579135188993"}, {"license": "gnip", "citation_ids": [76373676], "author": {"tweeter_id": "804663900293709826"}, "tweet_id": "1234102179004403712"}, {"license": "gnip", "citation_ids": [76373676], "author": {"tweeter_id": "1210971632832925696"}, "tweet_id": "1234124551681908747"}, {"license": "gnip", "citation_ids": [76373676], "author": {"tweeter_id": "28023025"}, "tweet_id": "1234133881760051200"}, {"license": "gnip", "citation_ids": [76373676], "author": {"tweeter_id": "1143528514550927361"}, "tweet_id": "1234133903738363904"}, {"license": "gnip", "citation_ids": [76373676], "author": {"tweeter_id": "32623097"}, "tweet_id": "1234144121796911105"}, {"license": "gnip", "citation_ids": [76373676], "author": {"tweeter_id": "2428218084"}, "tweet_id": "1234155264271626240"}, {"license": "gnip", "citation_ids": [76373676], "author": {"tweeter_id": "2172272360"}, "tweet_id": "1234195912517455872"}, {"license": "gnip", "citation_ids": [76373676], "author": {"tweeter_id": "387847268"}, "tweet_id": "1234201572768387072"}, {"license": "gnip", "citation_ids": [76373676], "author": {"tweeter_id": "988378864614330369"}, "tweet_id": "1234208435975204866"}, {"license": "gnip", "citation_ids": [76373676], "author": {"tweeter_id": "3734782041"}, "tweet_id": "1234215668804767744"}, {"license": "gnip", "citation_ids": [76373676], "author": {"tweeter_id": "3096865030"}, "tweet_id": "1234220782244573186"}, {"license": "gnip", "citation_ids": [76373676], "author": {"tweeter_id": "17598989"}, "tweet_id": "1234243898802765825"}, {"license": "gnip", "citation_ids": [76373676], "author": {"tweeter_id": "758747329767714819"}, "tweet_id": "1234280323518783489"}, {"license": "gnip", "citation_ids": [76373676], "author": {"tweeter_id": "114549208"}, "tweet_id": "1234281994416160769"}, {"license": "gnip", "citation_ids": [76373676], "author": {"tweeter_id": "467869874"}, "tweet_id": "1234316486245642241"}, {"license": "gnip", "citation_ids": [76373676], "author": {"tweeter_id": "77297118"}, "tweet_id": "1234382428602388481"}, {"license": "gnip", "citation_ids": [76373676], "author": {"tweeter_id": "4345020739"}, "tweet_id": "1234388763566116864"}, {"license": "gnip", "citation_ids": [76373676], "author": {"tweeter_id": "613419982"}, "tweet_id": "1234411803251220481"}, {"license": "gnip", "citation_ids": [76373676], "author": {"tweeter_id": "1231233157065773056"}, "tweet_id": "1234451186280992768"}, {"license": "gnip", "citation_ids": [76373676], "author": {"tweeter_id": "1580545231"}, "tweet_id": "1234464345058357253"}, {"license": "gnip", "citation_ids": [76373676], "author": {"tweeter_id": "176763480"}, "tweet_id": "1234510038796029954"}, {"license": "gnip", "citation_ids": [76373676], "author": {"tweeter_id": "1354548967"}, "tweet_id": "1234514472112357376"}, {"license": "gnip", "citation_ids": [76373676], "author": {"tweeter_id": "588449097"}, "tweet_id": "1234514656187895808"}, {"license": "gnip", "citation_ids": [76373676], "author": {"tweeter_id": "1067544397930213376"}, "tweet_id": "1234517510814420992"}, {"license": "gnip", "citation_ids": [76373676], "author": {"tweeter_id": "257010511"}, "tweet_id": "1234522991645659137"}, {"license": "gnip", "citation_ids": [76373676], "author": {"tweeter_id": "31227588"}, "tweet_id": "1234526736869724160"}, {"license": "gnip", "citation_ids": [76373676], "author": {"tweeter_id": "3031924044"}, "tweet_id": "1234528427090350080"}, {"license": "gnip", "citation_ids": [76373676], "author": {"tweeter_id": "78745126"}, "tweet_id": "1234548292450578432"}, {"license": "gnip", "citation_ids": [76373676], "author": {"tweeter_id": "62584472"}, "tweet_id": "1234585537505382400"}, {"license": "gnip", "citation_ids": [76373676], "author": {"tweeter_id": "3098349874"}, "tweet_id": "1234586697591148544"}, {"license": "gnip", "citation_ids": [76373676], "author": {"tweeter_id": "188104515"}, "tweet_id": "1234602807115673605"}, {"license": "gnip", "citation_ids": [76373676], "author": {"tweeter_id": "732937238162505728"}, "tweet_id": "1234607796584419330"}, {"license": "gnip", "citation_ids": [76373676], "author": {"tweeter_id": "2206474078"}, "tweet_id": "1234622930321125376"}, {"license": "gnip", "citation_ids": [76373676], "author": {"tweeter_id": "1205344511586533376"}, "tweet_id": "1234626648990896130"}, {"license": "gnip", "citation_ids": [76373676], "author": {"tweeter_id": "786351534200135681"}, "tweet_id": "1234640112245493762"}, {"license": "gnip", "citation_ids": [76373676], "author": {"tweeter_id": "197960428"}, "tweet_id": "1234641064872595456"}, {"license": "gnip", "citation_ids": [76373676], "author": {"tweeter_id": "2489347800"}, "tweet_id": "1234743967578820609"}, {"license": "gnip", "citation_ids": [76373676], "author": {"tweeter_id": "1225000635654983680"}, "tweet_id": "1234861588542369792"}, {"license": "gnip", "citation_ids": [76373676], "author": {"tweeter_id": "1225000635654983680"}, "tweet_id": "1234862333538848772"}, {"license": "gnip", "citation_ids": [76373676], "author": {"tweeter_id": "721678886"}, "tweet_id": "1234911511593664512"}, {"license": "gnip", "citation_ids": [76373676], "author": {"tweeter_id": "3062435745"}, "tweet_id": "1235242265947394048"}, {"license": "gnip", "citation_ids": [76373676], "author": {"tweeter_id": "936077846"}, "tweet_id": "1235249202978004994"}, {"license": "gnip", "citation_ids": [76373676], "author": {"tweeter_id": "19539923"}, "tweet_id": "1235249446352498693"}, {"license": "gnip", "citation_ids": [76373676], "author": {"tweeter_id": "119602955"}, "tweet_id": "1235315937961795588"}, {"license": "gnip", "citation_ids": [76373676], "author": {"tweeter_id": "27013292"}, "tweet_id": "1235336512344072198"}, {"license": "gnip", "citation_ids": [76373676], "author": {"tweeter_id": "18641606"}, "tweet_id": "1235348045560152066"}, {"license": "gnip", "citation_ids": [76373676], "author": {"tweeter_id": "116958257"}, "tweet_id": "1235351355176476672"}, {"license": "gnip", "citation_ids": [76373676], "author": {"tweeter_id": "1057722673218736128"}, "tweet_id": "1235353236179054598"}, {"license": "gnip", "citation_ids": [76373676], "author": {"tweeter_id": "81397817"}, "tweet_id": "1235355461437640704"}, {"license": "gnip", "citation_ids": [76373676], "author": {"tweeter_id": "4276306814"}, "tweet_id": "1235374975868997633"}, {"license": "gnip", "citation_ids": [76373676], "author": {"tweeter_id": "1227098503240794114"}, "tweet_id": "1235387549805187073"}, {"license": "gnip", "citation_ids": [76373676], "author": {"tweeter_id": "4819091753"}, "tweet_id": "1235424976263614465"}, {"license": "gnip", "citation_ids": [76373676], "author": {"tweeter_id": "1034426629026504705"}, "tweet_id": "1235542859232628738"}, {"license": "gnip", "citation_ids": [76373676], "author": {"tweeter_id": "352220090"}, "tweet_id": "1235604591183400960"}, {"license": "gnip", "citation_ids": [76373676], "author": {"tweeter_id": "2875374844"}, "tweet_id": "1235623011656429573"}, {"license": "gnip", "citation_ids": [76373676], "author": {"tweeter_id": "1332219594"}, "tweet_id": "1235659497881862144"}, {"license": "gnip", "citation_ids": [76373676], "author": {"tweeter_id": "104462786"}, "tweet_id": "1235671054309343233"}, {"license": "gnip", "citation_ids": [76373676], "author": {"tweeter_id": "4787501461"}, "tweet_id": "1235760365536972800"}, {"license": "gnip", "citation_ids": [76373676], "author": {"tweeter_id": "14585689"}, "tweet_id": "1235784273178906625"}, {"license": "gnip", "citation_ids": [76373676], "author": {"tweeter_id": "287318074"}, "tweet_id": "1235785103835631616"}, {"license": "gnip", "citation_ids": [76373676], "author": {"tweeter_id": "2653305134"}, "tweet_id": "1235807688111452160"}, {"license": "gnip", "citation_ids": [76373676], "author": {"tweeter_id": "56939868"}, "tweet_id": "1235818634380898312"}, {"license": "gnip", "citation_ids": [76373676], "author": {"tweeter_id": "56939868"}, "tweet_id": "1235850954139791362"}, {"license": "gnip", "citation_ids": [76373676], "author": {"tweeter_id": "931473620"}, "tweet_id": "1235855239606984704"}, {"license": "gnip", "citation_ids": [76373676], "author": {"tweeter_id": "981471666445398016"}, "tweet_id": "1235871767081693185"}, {"license": "gnip", "citation_ids": [76373676], "author": {"tweeter_id": "9160872"}, "tweet_id": "1235910184704397313"}, {"license": "gnip", "citation_ids": [76373676], "author": {"tweeter_id": "14366165"}, "tweet_id": "1235915101535797249"}, {"license": "gnip", "citation_ids": [76373676], "author": {"tweeter_id": "1590866462"}, "tweet_id": "1235995542074912769"}, {"license": "gnip", "citation_ids": [76373676], "author": {"tweeter_id": "105198212"}, "tweet_id": "1236007832115458048"}, {"license": "gnip", "citation_ids": [76373676], "author": {"tweeter_id": "299789054"}, "tweet_id": "1236010750243635203"}, {"license": "gnip", "citation_ids": [76373676], "author": {"tweeter_id": "2896702529"}, "tweet_id": "1236033401074810880"}, {"license": "gnip", "citation_ids": [76373676], "author": {"tweeter_id": "66392973"}, "tweet_id": "1236049275764826113"}, {"license": "gnip", "citation_ids": [76373676], "author": {"tweeter_id": "2493775394"}, "tweet_id": "1236052728767565826"}, {"license": "gnip", "citation_ids": [76373676], "author": {"tweeter_id": "305595876"}, "tweet_id": "1236179514763378691"}, {"license": "gnip", "citation_ids": [76373676], "author": {"tweeter_id": "46109122"}, "tweet_id": "1236302418956242944"}, {"license": "gnip", "citation_ids": [76373676], "author": {"tweeter_id": "1223307253236817922"}, "tweet_id": "1236318494527979520"}, {"license": "gnip", "citation_ids": [76373676], "author": {"tweeter_id": "1002993097142427649"}, "tweet_id": "1236355773887918087"}, {"license": "gnip", "citation_ids": [76373676], "author": {"tweeter_id": "339383896"}, "tweet_id": "1236363732634292225"}, {"license": "gnip", "citation_ids": [76373676], "author": {"tweeter_id": "230288593"}, "tweet_id": "1236379012160724992"}, {"license": "gnip", "citation_ids": [76373676], "author": {"tweeter_id": "800037745024339968"}, "tweet_id": "1236498995918209024"}, {"license": "gnip", "citation_ids": [76373676], "author": {"tweeter_id": "10534"}, "tweet_id": "1236716217655652354"}, {"license": "gnip", "citation_ids": [76373676], "author": {"tweeter_id": "322885901"}, "tweet_id": "1236761817835282434"}, {"license": "gnip", "citation_ids": [76373676], "author": {"tweeter_id": "1468422324"}, "tweet_id": "1236815883827175424"}, {"license": "gnip", "citation_ids": [76373676], "author": {"tweeter_id": "1468422324"}, "tweet_id": "1236816545147322368"}, {"license": "gnip", "citation_ids": [76373676], "author": {"tweeter_id": "1401105463"}, "tweet_id": "1236821679369793538"}, {"license": "gnip", "citation_ids": [76373676], "author": {"tweeter_id": "785213216854937600"}, "tweet_id": "1236825431816450049"}, {"license": "gnip", "citation_ids": [76373676], "author": {"tweeter_id": "1115648212231016450"}, "tweet_id": "1236849728421269509"}, {"license": "gnip", "citation_ids": [76373676], "author": {"tweeter_id": "90146161"}, "tweet_id": "1236852438549872645"}, {"license": "gnip", "citation_ids": [76373676], "author": {"tweeter_id": "33448109"}, "tweet_id": "1236901232733589504"}, {"license": "gnip", "citation_ids": [76373676], "author": {"tweeter_id": "50645038"}, "tweet_id": "1236921624114446336"}, {"license": "gnip", "citation_ids": [76373676], "author": {"tweeter_id": "90146161"}, "tweet_id": "1236950373908217856"}, {"license": "gnip", "citation_ids": [76373676], "author": {"tweeter_id": "801508241968660481"}, "tweet_id": "1237005066067992578"}, {"license": "gnip", "citation_ids": [76373676], "author": {"tweeter_id": "1187032681923694594"}, "tweet_id": "1237061998002810881"}, {"license": "gnip", "citation_ids": [76373676], "author": {"tweeter_id": "48074088"}, "tweet_id": "1237083514752897024"}, {"license": "gnip", "citation_ids": [76373676], "author": {"tweeter_id": "264093509"}, "tweet_id": "1237101115394723840"}, {"license": "gnip", "citation_ids": [76373676], "author": {"tweeter_id": "2566822615"}, "tweet_id": "1237110415383056384"}, {"license": "gnip", "citation_ids": [76373676], "author": {"tweeter_id": "3403138912"}, "tweet_id": "1237138790256455684"}, {"license": "gnip", "citation_ids": [76373676], "author": {"tweeter_id": "147183804"}, "tweet_id": "1237142045485142019"}, {"license": "gnip", "citation_ids": [76373676], "author": {"tweeter_id": "591825421"}, "tweet_id": "1237143437348147202"}, {"license": "gnip", "citation_ids": [76373676], "author": {"tweeter_id": "31652472"}, "tweet_id": "1237172562188255233"}, {"license": "gnip", "citation_ids": [76373676], "author": {"tweeter_id": "708898409009291264"}, "tweet_id": "1237173813390934016"}, {"license": "gnip", "citation_ids": [76373676], "author": {"tweeter_id": "1148421960948281345"}, "tweet_id": "1237177764320591874"}, {"license": "gnip", "citation_ids": [76373676], "author": {"tweeter_id": "1052382400037220352"}, "tweet_id": "1237222207425675271"}, {"license": "gnip", "citation_ids": [76373676], "author": {"tweeter_id": "1052382400037220352"}, "tweet_id": "1237223615466074112"}, {"license": "gnip", "citation_ids": [76373676], "author": {"tweeter_id": "1093115522038796289"}, "tweet_id": "1237233461229801472"}, {"license": "gnip", "citation_ids": [76373676], "author": {"tweeter_id": "308688903"}, "tweet_id": "1237261755451146240"}, {"license": "gnip", "citation_ids": [76373676], "author": {"tweeter_id": "2426639831"}, "tweet_id": "1237296912967045121"}, {"license": "gnip", "citation_ids": [76373676], "author": {"tweeter_id": "60956542"}, "tweet_id": "1237333649441374213"}, {"license": "gnip", "citation_ids": [76373676], "author": {"tweeter_id": "2571192054"}, "tweet_id": "1237333759902482432"}, {"license": "gnip", "citation_ids": [76373676], "author": {"tweeter_id": "61420554"}, "tweet_id": "1237379864094806017"}, {"license": "gnip", "citation_ids": [76373676], "author": {"tweeter_id": "118192873"}, "tweet_id": "1237450437839724544"}, {"license": "gnip", "citation_ids": [76373676], "author": {"tweeter_id": "61420554"}, "tweet_id": "1237464632027230211"}, {"license": "gnip", "citation_ids": [76373676], "author": {"tweeter_id": "1206361438178070528"}, "tweet_id": "1237466159974215680"}, {"license": "gnip", "citation_ids": [76373676], "author": {"tweeter_id": "2776247195"}, "tweet_id": "1237474042514419712"}, {"license": "gnip", "citation_ids": [76373676], "author": {"tweeter_id": "71464042"}, "tweet_id": "1237501240604528640"}, {"license": "gnip", "citation_ids": [76373676], "author": {"tweeter_id": "21564948"}, "tweet_id": "1237513994157654016"}, {"license": "gnip", "citation_ids": [76373676], "author": {"tweeter_id": "3728274201"}, "tweet_id": "1237715740964409345"}, {"license": "gnip", "citation_ids": [76373676], "author": {"tweeter_id": "279108883"}, "tweet_id": "1237744579123777539"}, {"license": "gnip", "citation_ids": [76373676], "author": {"tweeter_id": "36244237"}, "tweet_id": "1237753049973694464"}, {"license": "gnip", "citation_ids": [76373676], "author": {"tweeter_id": "1014711905817169920"}, "tweet_id": "1237760013562765315"}, {"license": "gnip", "citation_ids": [76373676], "author": {"tweeter_id": "961385646467309569"}, "tweet_id": "1237796870954668032"}, {"license": "gnip", "citation_ids": [76373676], "author": {"tweeter_id": "634326991"}, "tweet_id": "1237814192037597185"}, {"license": "gnip", "citation_ids": [76373676], "author": {"tweeter_id": "634326991"}, "tweet_id": "1237814505855504391"}, {"license": "gnip", "citation_ids": [76373676], "author": {"tweeter_id": "874758277"}, "tweet_id": "1237885739292975108"}, {"license": "gnip", "citation_ids": [76373676], "author": {"tweeter_id": "1349873786"}, "tweet_id": "1237888562990735360"}, {"license": "gnip", "citation_ids": [76373676], "author": {"tweeter_id": "874758277"}, "tweet_id": "1237901087941832705"}, {"license": "gnip", "citation_ids": [76373676], "author": {"tweeter_id": "184871338"}, "tweet_id": "1237946697956769792"}, {"license": "gnip", "citation_ids": [76373676], "author": {"tweeter_id": "1214217369502924800"}, "tweet_id": "1237947294063812609"}, {"license": "gnip", "citation_ids": [76373676], "author": {"tweeter_id": "207854859"}, "tweet_id": "1238057870534508544"}, {"license": "gnip", "citation_ids": [76373676], "author": {"tweeter_id": "890941069327835137"}, "tweet_id": "1238112491659579393"}, {"license": "gnip", "citation_ids": [76373676], "author": {"tweeter_id": "18751922"}, "tweet_id": "1238128057518632964"}, {"license": "gnip", "citation_ids": [76373676], "author": {"tweeter_id": "1055509713851310080"}, "tweet_id": "1238131537779904512"}, {"license": "gnip", "citation_ids": [76373676], "author": {"tweeter_id": "282076470"}, "tweet_id": "1238160180740853763"}, {"license": "gnip", "citation_ids": [76373676], "author": {"tweeter_id": "57806552"}, "tweet_id": "1238166012287225856"}, {"license": "gnip", "citation_ids": [76373676], "author": {"tweeter_id": "12808192"}, "tweet_id": "1238188321370669057"}, {"license": "gnip", "citation_ids": [76373676], "author": {"tweeter_id": "17749086"}, "tweet_id": "1238190466736115713"}, {"license": "gnip", "citation_ids": [76373676], "author": {"tweeter_id": "4835242043"}, "tweet_id": "1238199785863155712"}, {"license": "gnip", "citation_ids": [76373676], "author": {"tweeter_id": "55123894"}, "tweet_id": "1238206696092286989"}, {"license": "gnip", "citation_ids": [76373676], "author": {"tweeter_id": "18414740"}, "tweet_id": "1238207662183133184"}, {"license": "gnip", "citation_ids": [76373676], "author": {"tweeter_id": "306088726"}, "tweet_id": "1238207784128335874"}, {"license": "gnip", "citation_ids": [76373676], "author": {"tweeter_id": "257413905"}, "tweet_id": "1238207956203814922"}, {"license": "gnip", "citation_ids": [76373676], "author": {"tweeter_id": "18414740"}, "tweet_id": "1238208108918423557"}, {"license": "gnip", "citation_ids": [76373676], "author": {"tweeter_id": "518274217"}, "tweet_id": "1238270544853622784"}, {"license": "gnip", "citation_ids": [76373676], "author": {"tweeter_id": "518274217"}, "tweet_id": "1238272583293943811"}, {"license": "gnip", "citation_ids": [76373676], "author": {"tweeter_id": "518274217"}, "tweet_id": "1238272966716051456"}, {"license": "gnip", "citation_ids": [76373676], "author": {"tweeter_id": "32900204"}, "tweet_id": "1238407570714484736"}, {"license": "gnip", "citation_ids": [76373676], "author": {"tweeter_id": "1596174734"}, "tweet_id": "1238429431716249600"}, {"license": "gnip", "citation_ids": [76373676], "author": {"tweeter_id": "109910665"}, "tweet_id": "1238447973425692672"}, {"license": "gnip", "citation_ids": [76373676], "author": {"tweeter_id": "819249068044124163"}, "tweet_id": "1238453617918689281"}, {"license": "gnip", "citation_ids": [76373676], "author": {"tweeter_id": "18059285"}, "tweet_id": "1238486322970574848"}, {"license": "gnip", "citation_ids": [76373676], "author": {"tweeter_id": "552939356"}, "tweet_id": "1238486509575159808"}, {"license": "gnip", "citation_ids": [76373676], "author": {"tweeter_id": "559169088"}, "tweet_id": "1238487859910316033"}, {"license": "gnip", "citation_ids": [76373676], "author": {"tweeter_id": "1596953767"}, "tweet_id": "1238500134931124226"}, {"license": "gnip", "citation_ids": [76373676], "author": {"tweeter_id": "168251676"}, "tweet_id": "1238544596348678144"}, {"license": "gnip", "citation_ids": [76373676], "author": {"tweeter_id": "272067222"}, "tweet_id": "1238691378982461441"}, {"license": "gnip", "citation_ids": [76373676], "author": {"tweeter_id": "2668642112"}, "tweet_id": "1238759382533296130"}, {"license": "gnip", "citation_ids": [76373676], "author": {"tweeter_id": "83207028"}, "tweet_id": "1238825925216796672"}, {"license": "gnip", "citation_ids": [76373676], "author": {"tweeter_id": "83207028"}, "tweet_id": "1238844430657949696"}, {"license": "gnip", "citation_ids": [76373676], "author": {"tweeter_id": "4002971232"}, "tweet_id": "1238878616492150786"}, {"license": "gnip", "citation_ids": [76373676], "author": {"tweeter_id": "325126593"}, "tweet_id": "1238879419185467397"}, {"license": "gnip", "citation_ids": [76373676], "author": {"tweeter_id": "275497302"}, "tweet_id": "1238880921635311617"}, {"license": "gnip", "citation_ids": [76373676], "author": {"tweeter_id": "3350103021"}, "tweet_id": "1238913114873245697"}, {"license": "gnip", "citation_ids": [76373676], "author": {"tweeter_id": "285310554"}, "tweet_id": "1238924419717713921"}, {"license": "gnip", "citation_ids": [76373676], "author": {"tweeter_id": "507903260"}, "tweet_id": "1238947714563522561"}, {"license": "gnip", "citation_ids": [76373676], "author": {"tweeter_id": "50115327"}, "tweet_id": "1238992254385127429"}, {"license": "gnip", "citation_ids": [76373676], "author": {"tweeter_id": "1072022503"}, "tweet_id": "1239020594340872192"}, {"license": "gnip", "citation_ids": [76373676], "author": {"tweeter_id": "703090157063254022"}, "tweet_id": "1239144785778290690"}, {"license": "gnip", "citation_ids": [76373676], "author": {"tweeter_id": "50840067"}, "tweet_id": "1239145975450607622"}, {"license": "gnip", "citation_ids": [76373676], "author": {"tweeter_id": "1171132250156687365"}, "tweet_id": "1239169556066848775"}, {"license": "gnip", "citation_ids": [76373676], "author": {"tweeter_id": "270517917"}, "tweet_id": "1239276880177459200"}, {"license": "gnip", "citation_ids": [76373676], "author": {"tweeter_id": "347329827"}, "tweet_id": "1239311182218973184"}, {"license": "gnip", "citation_ids": [76373676], "author": {"tweeter_id": "913191520257363968"}, "tweet_id": "1239532824748843008"}, {"license": "gnip", "citation_ids": [76373676], "author": {"tweeter_id": "16294034"}, "tweet_id": "1239545504490536960"}, {"license": "gnip", "citation_ids": [76373676], "author": {"tweeter_id": "74719185"}, "tweet_id": "1239559381886394368"}, {"license": "gnip", "citation_ids": [76373676], "author": {"tweeter_id": "159573046"}, "tweet_id": "1239563954596298752"}, {"license": "gnip", "citation_ids": [76373676], "author": {"tweeter_id": "182761344"}, "tweet_id": "1239568217628123145"}, {"license": "gnip", "citation_ids": [76373676], "author": {"tweeter_id": "190337035"}, "tweet_id": "1239573504363827200"}, {"license": "gnip", "citation_ids": [76373676], "author": {"tweeter_id": "15249578"}, "tweet_id": "1239633722783051777"}, {"license": "gnip", "citation_ids": [76373676], "author": {"tweeter_id": "15249578"}, "tweet_id": "1239634620305387525"}, {"license": "gnip", "citation_ids": [76373676], "author": {"tweeter_id": "531583976"}, "tweet_id": "1239642329754918912"}, {"license": "gnip", "citation_ids": [76373676], "author": {"tweeter_id": "179912166"}, "tweet_id": "1239724962245758981"}, {"license": "gnip", "citation_ids": [76373676], "author": {"tweeter_id": "214172784"}, "tweet_id": "1239809729301340162"}, {"license": "gnip", "citation_ids": [76373676], "author": {"tweeter_id": "1223500902629167106"}, "tweet_id": "1239814668027224064"}, {"license": "gnip", "citation_ids": [76373676], "author": {"tweeter_id": "1156600402181312513"}, "tweet_id": "1239899888701317126"}, {"license": "gnip", "citation_ids": [76373676], "author": {"tweeter_id": "1032277649660551169"}, "tweet_id": "1239905755714727939"}, {"license": "gnip", "citation_ids": [76373676], "author": {"tweeter_id": "1979572134"}, "tweet_id": "1239975264915845123"}, {"license": "gnip", "citation_ids": [76373676], "author": {"tweeter_id": "1150125043504091136"}, "tweet_id": "1239989596404035591"}, {"license": "gnip", "citation_ids": [76373676], "author": {"tweeter_id": "214172784"}, "tweet_id": "1239996750330388481"}, {"license": "gnip", "citation_ids": [76373676], "author": {"tweeter_id": "1156600402181312513"}, "tweet_id": "1240107987076874240"}, {"license": "gnip", "citation_ids": [76373676], "author": {"tweeter_id": "940133402"}, "tweet_id": "1240111048042176514"}, {"license": "gnip", "citation_ids": [76373676], "author": {"tweeter_id": "991851013790470145"}, "tweet_id": "1240111395733155840"}, {"license": "gnip", "citation_ids": [76373676], "author": {"tweeter_id": "1240148096329428996"}, "tweet_id": "1240158587701399552"}, {"license": "gnip", "citation_ids": [76373676], "author": {"tweeter_id": "19819827"}, "tweet_id": "1240223890175123456"}, {"license": "gnip", "citation_ids": [76373676], "author": {"tweeter_id": "540903074"}, "tweet_id": "1240224265410170881"}, {"license": "gnip", "citation_ids": [76373676], "author": {"tweeter_id": "217088483"}, "tweet_id": "1240260667720060930"}], "blogs": [{"title": "Interactive Web Site Tracks the Global Spread of the Coronavirus", "url": "http://feedproxy.google.com/~r/OpenCulture/~3/8xpcr2MXNqM/interactive-web-site-tracks-the-global-spread-of-the-coronavirus.html", "license": "public", "citation_ids": [76373676], "posted_on": "2020-02-23T18:06:28+00:00", "summary": "Johns Hopkins has created an interactive website that tracks the spread of the coronavirus around the globe. The site is updated daily, if not several times per day. And it shows the number of confirmed coronavirus cases around the globe (along with the p", "author": {"name": "Open Culture", "url": "http://www.openculture.com", "description": "The best free cultural & educational media on the web"}}, {"title": "Coronavirus COVID-19 Global Cases by Johns Hopkins CSSE", "url": "https://www.bespacific.com/coronavirus-covid-19-global-cases-by-johns-hopkins-csse/", "license": "public", "citation_ids": [76373676], "posted_on": "2020-02-24T23:19:56+00:00", "summary": "Coronavirus COVID-19 Global Cases by Johns Hopkins CSSE &#8211; total confirmed cases world wide as of 02/24/2020 &#8211; 79,554.\n\nLancet Article: Here. Mobile Version: Here. Visualization: JHU CSSE. Automation Support: Esri\u00a0Living Atlas team.\nData sources", "author": {"name": "beSpacific", "url": "https://www.bespacific.com/", "description": "Accurate, Focused Research on Law, Technology and Knowledge Discovery Since 2002"}}, {"title": "How the coronavirus is infecting the economy: What the research says so far", "url": "http://feedproxy.google.com/~r/journalistsresource/~3/AyS_TWhzR1I/", "license": "public", "citation_ids": [74465206, 76713197, 76020882, 3051575, 76475946, 76130813, 76606927, 76373676, 76659939, 32479280], "posted_on": "2020-02-27T17:13:32+00:00", "summary": "As the novel coronavirus spreads in China and to other countries, research remains limited on the global economic consequences of the outbreak. Here\u2019s what we know so far. The post How the coronavirus is infecting the economy: What the research says so far", "author": {"name": "Journalist's Resource", "url": "http://journalistsresource.org", "description": "Research for Reporting, from Harvard Shorenstein Center"}}, {"title": "Covid-19 interactive map (using R with shiny, leaflet and dplyr)", "url": "http://feedproxy.google.com/~r/RBloggers/~3/eDc68_15u7Y/", "license": "public", "citation_ids": [76373676, 76373676], "posted_on": "2020-03-11T14:29:03+00:00", "summary": "[This article was first published on   R-posts.com, and kindly contributed to R-bloggers].  (You can report issue about the content on this page here)\nWant to share your content on R-bloggers? click here if you have a blog, or  here if you don't.\n\nThe d", "author": {"name": "R-bloggers", "url": "http://www.r-bloggers.com", "description": "R news and tutorials contributed by (452) R bloggers"}}, {"title": "Why We Need to Know: How did This Pandemic Happen?", "url": "https://conductscience.com/how-did-this-pandemic-happen/", "license": "public", "citation_ids": [76373676, 1896946, 76409039, 74798529, 76373676, 1896946, 52456619, 27940636, 74933899, 76409039, 76706162, 74798529], "posted_on": "2020-03-16T14:00:09+00:00", "summary": "Meredith Sackett\nThe race to find the source of COVID-19 (Coronavirus) and the consequences of identifying its origin.\n\t\n\n\n\n\n\n\n\t\n\t\tThe emergence and spread of a novel virus, SARS-CoV-2 (severe acute respiratory syndrome coronavirus 2),", "author": {"name": "Conduct Science", "url": "https://conductscience.com/resources/"}}, {"title": "Embracing complexity: COVID-19 is a case for academic collaboration and co-creation", "url": "https://elephantinthelab.org/embracing-complexity-covid-19-is-a-case-for-academic-collaboration-and-co-creation/", "license": "public", "citation_ids": [3733637, 21214670, 24010429, 49121569, 14184950, 33199529, 77337480, 76373676, 77450027, 77691094], "posted_on": "2020-03-17T14:42:50+00:00", "summary": "Over the past 10 years, my colleagues and I have been doing research on research, on how academic knowledge is created (i.e. scholarly communication) and disseminated (i.e. research communication). We have been looking at how researchers collaborate and sh", "author": {"name": "Elephant in the lab", "url": "https://www.elephantinthelab.org/", "description": "The blog journal on science policy."}}, {"title": "New \u2018COVID-19: Resources for research\u2019 guide", "url": "https://isnews.stir.ac.uk/2020/03/18/new-covid-19-resources-for-research-guide/", "license": "public", "citation_ids": [76373676, 76373676], "posted_on": "2020-03-18T11:29:48+00:00", "summary": "A number of organisations have created great resources for supporting research into COVID-19. We\u2019ve added these to our new \u201cCOVID-19: Resources for research\u201c Libguide at: https://libguides.stir.ac.uk/covid \n\n\n\n\n\n\n\nHere\u2019s the list so far:\n\n\n\n\n\n\n\nCOVID-19 R", "author": {"name": "IS News Blog", "url": "http://blogs.stir.ac.uk/isnews/", "description": false}}], "news": [{"title": "News story from Luxembourger Wort on Tuesday 03 March 2020", "url": null, "license": "nla", "citation_ids": [76373676], "posted_on": "2020-03-03T16:29:20+00:00", "summary": null, "author": {"name": "Luxembourger Wort", "url": "http://www.wort.lu/en", "image": "https://s3.amazonaws.com/weyland.altmetric.com/news_sources/logos/000/000/998/normal/Screen_Shot_2014-06-30_at_15.47.58.png?1404139737"}}, {"title": "Interactive Coronavirus Database Confirms Over 95,000 Cases Worldwide", "url": "http://ct.moreover.com/?a=41546560182&p=1pl&v=1&x=m68y-jncAXbBpsD9UZThTw", "license": "public", "citation_ids": [76373676], "posted_on": "2020-03-05T14:49:32+00:00", "summary": "(updated 15:00 GMT 05.03.2020) Get short URL by 2020 Coronavirus Outbreak ( 279 ) https://cdn1.img.sputniknews.com/img/107848/35/1078483504_0:75:1287:799_1200x675_80_0_0_bfa708b944668a180a5ccc732eb3995a.png Sputnik International https://cdn2.img.sputn\u2026", "author": {"name": "Sputnik News", "url": "https://sputniknews.com/", "image": "https://s3.amazonaws.com/weyland.altmetric.com/news_sources/logos/000/002/998/normal/Screenshot_2019-01-18_at_15.09.58.png?1547824229"}}, {"title": "Track the U.S. COVID-19 Outbreak in Real Time", "url": "http://ct.moreover.com/?a=41595147118&p=1pl&v=1&x=HKqDZ06dKE1kdHkCHguQjg", "license": "public", "citation_ids": [76373676], "posted_on": "2020-03-11T15:03:15+00:00", "summary": "Infectious Disease > COVID-19 Where and how many coronavirus cases in this country by Managing Editor, MedPage Today March 11, 2020 This real-time tracker focuses attention on the U.S.", "author": {"name": "MedPage Today", "url": "http://www.medpagetoday.com/", "image": "https://s3.amazonaws.com/weyland.altmetric.com/news_sources/logos/000/000/262/normal/Screen_Shot_2016-02-09_at_10.51.03.png?1455015082"}}, {"title": "Live Map Lets You Track The COVID-19 Pandemic", "url": "http://ct.moreover.com/?a=41644350009&p=1pl&v=1&x=zN7s7MVvv51YQXyPAjHb_A", "license": "public", "citation_ids": [76373676], "posted_on": "2020-03-17T11:41:23+00:00", "summary": "The COVID-19 pandemic is constantly evolving with new developments and reports emerging by the hour.", "author": {"name": "Iflscience", "url": "https://www.iflscience.com/", "image": "https://s3.amazonaws.com/weyland.altmetric.com/news_sources/logos/000/005/361/normal/8.PNG?1578555107"}}]}, "score": 398.67, "images": {"small": "https://badges.altmetric.com/?size=64&score=399&types=mbtttttt", "medium": "https://badges.altmetric.com/?size=100&score=399&types=mbtttttt", "large": "https://badges.altmetric.com/?size=180&score=399&types=mbtttttt"}}