{"altmetric_id": 77647173, "counts": {"readers": {"mendeley": 0, "citeulike": 0, "connotea": 0}, "total": {"posts_count": 161}, "twitter": {"unique_users_count": 152, "posts_count": 160}, "facebook": {"unique_users_count": 1, "unique_users": ["350608135122729"], "posts_count": 1}}, "citation": {"altmetric_jid": "4f6fa4ee3cf058f610002c38", "authors": ["Joost Hopman", "Benedetta Allegranzi", "Shaheen Mehtar"], "doi": "10.1001/jama.2020.4169", "first_seen_on": "2020-03-16T20:10:52+00:00", "issns": ["0098-7484"], "journal": "JAMA: Journal of the American Medical Association", "last_mentioned_on": 1584535765, "links": ["https://jamanetwork.com/journals/jama/fullarticle/2763372?guestAccessKey=dc0698ae-5d97-4594-b53f-90ea80de9dc1&utm_source=twitter&utm_medium=social_jama&utm_term=3203855500&utm_campaign=article_alert&linkId=84444035", "https://jamanetwork.com/journals/jama/fullarticle/2763372?utm_source=twitter&utm_campaign=content-shareicons&utm_content=article_engagement&utm_medium=social&utm_term=031620#.Xm_dsPqllOM.twitter", "https://jamanetwork.com/journals/jama/fullarticle/2763372", "https://jamanetwork.com/journals/jama/fullarticle/2763372?guestAccessKey=dc0698ae-5d97-4594-b53f-90ea80de9dc1&utm_source=fbpage&utm_medium=social_jama&utm_term=3203799973&utm_campaign=article_alert&linkId=84442759", "https://jamanetwork.com/journals/jama/fullarticle/2763372?utm_source=twitter&utm_campaign=content-shareicons&utm_content=article_engagement&utm_medium=social&utm_term=031620#.Xm_zIT4d8OQ.twitter", "https://jamanetwork.com/journals/jama/fullarticle/2763372?utm_source=twitter&utm_campaign=content-shareicons&utm_content=article_engagement&utm_medium=social&utm_term=031620#.Xm_6j11fitk.twitter", "https://jamanetwork.com/journals/jama/fullarticle/2763372?resultClick=1&appId=scweb", "https://jamanetwork.com/journals/jama/fullarticle/2763372?guestAccessKey=dc0698ae-5d97-4594-b53f-90ea80de9dc1&utm_source=fbpage&utm_medium=social_jama&utm_term=3203799973&utm_campaign=article_alert&linkId=84442759&fbclid=IwAR0drkjo2fd7yNeyMt-XZZZB4SUwyUi5Gjd7Xo15V2zKYLJaoMKuIUbOQW4", "https://jamanetwork.com/journals/jama/fullarticle/2763372?utm_source=twitter&utm_campaign=content-shareicons&utm_content=article_engagement&utm_medium=social&utm_term=031720#.XnAacwshPUY.twitter", "https://jamanetwork.com/journals/jama/fullarticle/2763372?utm_source=twitter&utm_campaign=content-shareicons&utm_content=article_engagement&utm_medium=social&utm_term=031720#.XnAhiZXh5RU.twitter", "https://jamanetwork.com/journals/jama/fullarticle/2763372?utm_source=twitter&utm_campaign=content-shareicons&utm_content=article_engagement&utm_medium=social&utm_term=031620#.XnAnSbAXd8U.twitter", "https://jamanetwork.com/journals/jama/fullarticle/10.1001/jama.2020.4169?guestAccessKey=dc0698ae-5d97-4594-b53f-90ea80de9dc1&utm_source=fbpage&utm_medium=social_jama&utm_term=3203799973&utm_campaign=article_alert&linkId=84442759", "https://jamanetwork.com/journals/jama/fullarticle/2763372?utm_source=twitter&utm_campaign=content-shareicons&utm_content=article_engagement&utm_medium=social&utm_term=031620#.XnAy5EliEac.twitter", "https://jamanetwork.com/journals/jama/fullarticle/2763372?guestAccessKey=717184f1-84a4-4266-9aa4-55ddd1a61e22&utm_source=silverchair&utm_medium=email&utm_campaign=article_alert-jama&utm_content=olf&utm_term=031620", "https://jamanetwork.com/journals/jama/fullarticle/2763372?utm_source=twitter&utm_campaign=content-shareicons&utm_content=article_engagement&utm_medium=social&utm_term=031720#.XnBqcfK8t4E.twitter", "https://jamanetwork.com/journals/jama/fullarticle/2763372?utm_source=twitter&utm_campaign=content-shareicons&utm_content=article_engagement&utm_medium=social&utm_term=031720#.XnBwfkbn6d4.twitter", "https://jamanetwork.com/journals/jama/fullarticle/2763372?utm_source=twitter&utm_campaign=content-shareicons&utm_content=article_engagement&utm_medium=social&utm_term=031720#.XnCMLUNWvgo.twitter", "https://jamanetwork.com/journals/jama/fullarticle/2763372?utm_source=twitter&utm_campaign=content-shareicons&utm_content=article_engagement&utm_medium=social&utm_term=031720#.XnCaxoXBvZ8.twitter", "https://jamanetwork.com/journals/jama/fullarticle/2763372?utm_source=twitter&utm_campaign=content-shareicons&utm_content=article_engagement&utm_medium=social&utm_term=031720#.XnCdDfCBHwU.twitter", "https://www.ncbi.nlm.nih.gov/pubmed/32176764?dopt=Abstract", "https://jamanetwork.com/journals/jama/fullarticle/2763372?utm_source=twitter&utm_campaign=content-shareicons&utm_content=article_engagement&utm_medium=social&utm_term=031720#.XnCyau2P338.twitter", "https://jamanetwork.com/journals/jama/fullarticle/2763372?utm_source=twitter&utm_campaign=content-shareicons&utm_content=article_engagement&utm_medium=social&utm_term=031720#.XnDOGwzsmZs.twitter", "https://jamanetwork.com/journals/jama/fullarticle/2763372?utm_source=twitter&utm_campaign=content-shareicons&utm_content=article_engagement&utm_medium=social&utm_term=031720#.XnDSvaITBdI.twitter", "https://jamanetwork.com/journals/jama/fullarticle/2763372?utm_source=twitter&utm_campaign=content-shareicons&utm_content=article_engagement&utm_medium=social&utm_term=031720#.XnDWh0ziVp0.twitter", "https://jamanetwork.com/journals/jama/fullarticle/2763372?utm_source=twitter&utm_campaign=content-shareicons&utm_content=article_engagement&utm_medium=social&utm_term=031720#.XnDbzJHsgct.twitter", "https://jamanetwork.com/journals/jama/fullarticle/2763372?utm_source=twitter&utm_campaign=content-shareicons&utm_content=article_engagement&utm_medium=social&utm_term=031720#.XnDxiEV3yys.twitter", "https://jamanetwork.com/journals/jama/fullarticle/2763372?utm_source=twitter&utm_campaign=content-shareicons&utm_content=article_engagement&utm_medium=social&utm_term=031720#.XnETis_AQM5.twitter", "https://www.ncbi.nlm.nih.gov/pubmed/32176764", "https://jamanetwork.com/journals/jama/fullarticle/2763372?utm_source=twitter&utm_campaign=content-shareicons&utm_content=article_engagement&utm_medium=social&utm_term=031720#.XnFsmGFFiKE.twitter", "https://jamanetwork.com/journals/jama/fullarticle/2763372?utm_source=twitter&utm_campaign=content-shareicons&utm_content=article_engagement&utm_medium=social&utm_term=031820", "https://www.ncbi.nlm.nih.gov/pubmed/32176764?dopt=Abstract&utm_source=dlvr.it&utm_medium=twitter", "https://jamanetwork.com/journals/jama/fullarticle/2763372?utm_source=twitter&utm_campaign=content-shareicons&utm_content=article_engagement&utm_medium=social&utm_term=031820#.XnIBc7uuXvg.twitter", "https://jamanetwork.com/journals/jama/fullarticle/2763372?utm_source=twitter&utm_campaign=content-shareicons&utm_content=article_engagement&utm_medium=social&utm_term=031820#.XnIQMvNBG4s.twitter", "https://jamanetwork.com/journals/jama/fullarticle/2763372?guestAccessKey=dc0698ae-5d97-4594-b53f-90ea80de9dc1&utm_source=fbpage&utm_medium=social_jama&utm_term=3203799973&utm_campaign=article_alert&linkId=84442759&fbclid=IwAR0DqgWNxOeEvgHqZnuv0N8PsJvWXeAOviKmEKsLCJqSgqwzwhhz9QP2Jws"], "pdf_url": "https://jamanetwork.com/journals/jama/articlepdf/2763372/jama_hopman_2020_vp_200052.pdf", "pmid": "32176764", "epubdate": "2020-03-16T00:00:00+00:00", "publisher_subjects": [{"name": "Medical And Health Sciences", "scheme": "era"}], "scopus_subjects": ["Medicine", "Health Sciences"], "title": "Managing COVID-19 in Low- and Middle-Income Countries", "type": "article"}, "altmetric_score": {"score": 101.9, "score_history": {"1y": 101.9, "6m": 101.9, "3m": 101.9, "1m": 101.9, "1w": 101.9, "6d": 101.9, "5d": 101.9, "4d": 101.9, "3d": 101.9, "2d": 101.9, "1d": 43.5, "at": 101.9}, "context_for_score": {"all": {"total_number_of_other_articles": 14518952, "mean": 8.4687422759303, "rank": 178433, "this_scored_higher_than_pct": 98, "this_scored_higher_than": 14340699, "rank_type": "exact", "sample_size": 14518952, "percentile": 98}, "similar_age_3m": {"total_number_of_other_articles": 144044, "mean": 14.103083343169, "rank": 3240, "this_scored_higher_than_pct": 97, "this_scored_higher_than": 140803, "rank_type": "exact", "sample_size": 144044, "percentile": 97}, "this_journal": {"total_number_of_other_articles": 26809, "mean": 52.009021709937, "rank": 2932, "this_scored_higher_than_pct": 89, "this_scored_higher_than": 23877, "rank_type": "exact", "sample_size": 26809, "percentile": 89}, "similar_age_this_journal_3m": {"total_number_of_other_articles": 200, "mean": 273.92784924623, "rank": 65, "this_scored_higher_than_pct": 67, "this_scored_higher_than": 135, "rank_type": "exact", "sample_size": 200, "percentile": 67}}}, "demographics": {"poster_types": {"member_of_the_public": 99, "researcher": 19, "practitioner": 29, "science_communicator": 5}, "users": {"twitter": {"cohorts": {"Practitioners (doctors, other healthcare professionals)": 29, "Members of the public": 99, "Scientists": 19, "Science communicators (journalists, bloggers, editors)": 5}}}, "geo": {"twitter": {"US": 22, "CA": 3, "FR": 2, "ES": 2, "VE": 7, "PR": 1, "SA": 1, "GB": 10, "MX": 4, "CM": 1, "BE": 2, "BR": 1, "PY": 1, "AR": 1, "CO": 4, "ZA": 1, "MY": 1, "IN": 2, "EG": 1, "TN": 1, "NP": 2, "AU": 4, "KE": 1, "EC": 1, "SI": 1, "GT": 2, "CH": 1, "IT": 1, "TR": 1, "JP": 1, "NZ": 1, "DZ": 1}}}, "posts": {"twitter": [{"license": "gnip", "citation_ids": [77647173], "author": {"tweeter_id": "38489678"}, "tweet_id": "1239645263834296325"}, {"license": "gnip", "citation_ids": [77647173], "author": {"tweeter_id": "869967070984851457"}, "tweet_id": "1239645297481039874"}, {"license": "gnip", "citation_ids": [77647173], "author": {"tweeter_id": "944291018"}, "tweet_id": "1239645582798585862"}, {"license": "gnip", "citation_ids": [77647173], "author": {"tweeter_id": "364507344"}, "tweet_id": "1239645699953827840"}, {"license": "gnip", "citation_ids": [77647173], "author": {"tweeter_id": "2673896172"}, "tweet_id": "1239645732296110080"}, {"license": "gnip", "citation_ids": [77647173], "author": {"tweeter_id": "2512145188"}, "tweet_id": "1239645767511523333"}, {"license": "gnip", "citation_ids": [77647173], "author": {"tweeter_id": "285847098"}, "tweet_id": "1239645822301753346"}, {"license": "gnip", "citation_ids": [77647173], "author": {"tweeter_id": "75378144"}, "tweet_id": "1239646065332293632"}, {"license": "gnip", "citation_ids": [77647173], "author": {"tweeter_id": "285847098"}, "tweet_id": "1239646324095627267"}, {"license": "gnip", "citation_ids": [77647173], "author": {"tweeter_id": "829690837806219264"}, "tweet_id": "1239647097638522881"}, {"license": "gnip", "citation_ids": [77647173], "author": {"tweeter_id": "254505678"}, "tweet_id": "1239648412125089797"}, {"license": "gnip", "citation_ids": [77647173], "author": {"tweeter_id": "3091417701"}, "tweet_id": "1239650014596673536"}, {"license": "gnip", "citation_ids": [77647173], "author": {"tweeter_id": "866854704"}, "tweet_id": "1239650600683548676"}, {"license": "gnip", "citation_ids": [77647173], "author": {"tweeter_id": "491613374"}, "tweet_id": "1239651200351551490"}, {"license": "gnip", "citation_ids": [77647173], "author": {"tweeter_id": "105197405"}, "tweet_id": "1239651216268943362"}, {"license": "gnip", "citation_ids": [77647173], "author": {"tweeter_id": "1065007344222957573"}, "tweet_id": "1239651448796975105"}, {"license": "gnip", "citation_ids": [77647173], "author": {"tweeter_id": "208072082"}, "tweet_id": "1239651704926351366"}, {"license": "gnip", "citation_ids": [77647173], "author": {"tweeter_id": "1201000416"}, "tweet_id": "1239652377835311111"}, {"license": "gnip", "citation_ids": [77647173], "author": {"tweeter_id": "21265939"}, "tweet_id": "1239653980533374977"}, {"license": "gnip", "citation_ids": [77647173], "author": {"tweeter_id": "1185853918007496704"}, "tweet_id": "1239656010203172864"}, {"license": "gnip", "citation_ids": [77647173], "author": {"tweeter_id": "456396772"}, "tweet_id": "1239656068197658625"}, {"license": "gnip", "citation_ids": [77647173], "author": {"tweeter_id": "167503365"}, "tweet_id": "1239656419365978112"}, {"license": "gnip", "citation_ids": [77647173], "author": {"tweeter_id": "842278113727922177"}, "tweet_id": "1239658740099493889"}, {"license": "gnip", "citation_ids": [77647173], "author": {"tweeter_id": "31227588"}, "tweet_id": "1239668808480165890"}, {"license": "gnip", "citation_ids": [77647173], "author": {"tweeter_id": "245557881"}, "tweet_id": "1239669225633038336"}, {"license": "gnip", "citation_ids": [77647173], "author": {"tweeter_id": "2883714804"}, "tweet_id": "1239669448652369920"}, {"license": "gnip", "citation_ids": [77647173], "author": {"tweeter_id": "33822691"}, "tweet_id": "1239675749063446534"}, {"license": "gnip", "citation_ids": [77647173], "author": {"tweeter_id": "819767442935119872"}, "tweet_id": "1239676757357158400"}, {"license": "gnip", "citation_ids": [77647173], "author": {"tweeter_id": "1115002609390239745"}, "tweet_id": "1239677368236675074"}, {"license": "gnip", "citation_ids": [77647173], "author": {"tweeter_id": "264896250"}, "tweet_id": "1239677796445757440"}, {"license": "gnip", "citation_ids": [77647173], "author": {"tweeter_id": "3236542297"}, "tweet_id": "1239678083025772545"}, {"license": "gnip", "citation_ids": [77647173], "author": {"tweeter_id": "49386529"}, "tweet_id": "1239678538493513729"}, {"license": "gnip", "citation_ids": [77647173], "author": {"tweeter_id": "831140172767096832"}, "tweet_id": "1239682354953826306"}, {"license": "gnip", "citation_ids": [77647173], "author": {"tweeter_id": "461264546"}, "tweet_id": "1239682444573454336"}, {"license": "gnip", "citation_ids": [77647173], "author": {"tweeter_id": "1165717531342057472"}, "tweet_id": "1239687842479181829"}, {"license": "gnip", "citation_ids": [77647173], "author": {"tweeter_id": "145494718"}, "tweet_id": "1239691586096615424"}, {"license": "gnip", "citation_ids": [77647173], "author": {"tweeter_id": "1117249106576064512"}, "tweet_id": "1239693534699151360"}, {"license": "gnip", "citation_ids": [77647173], "author": {"tweeter_id": "998905434001084416"}, "tweet_id": "1239695426699354114"}, {"license": "gnip", "citation_ids": [77647173], "author": {"tweeter_id": "2182994245"}, "tweet_id": "1239695966996963331"}, {"license": "gnip", "citation_ids": [77647173], "author": {"tweeter_id": "273665380"}, "tweet_id": "1239699272414703619"}, {"license": "gnip", "citation_ids": [77647173], "author": {"tweeter_id": "1198262972143063040"}, "tweet_id": "1239701997445578753"}, {"license": "gnip", "citation_ids": [77647173], "author": {"tweeter_id": "538715368"}, "tweet_id": "1239706817493700610"}, {"license": "gnip", "citation_ids": [77647173], "author": {"tweeter_id": "1132570214665773056"}, "tweet_id": "1239711018525360132"}, {"license": "gnip", "citation_ids": [77647173], "author": {"tweeter_id": "1352266244"}, "tweet_id": "1239716854874230785"}, {"license": "gnip", "citation_ids": [77647173], "author": {"tweeter_id": "1069213258836455424"}, "tweet_id": "1239718612731977728"}, {"license": "gnip", "citation_ids": [77647173], "author": {"tweeter_id": "1069213258836455424"}, "tweet_id": "1239719135195443201"}, {"license": "gnip", "citation_ids": [77647173], "author": {"tweeter_id": "55954415"}, "tweet_id": "1239719273586663426"}, {"license": "gnip", "citation_ids": [77647173], "author": {"tweeter_id": "91264646"}, "tweet_id": "1239719308567216133"}, {"license": "gnip", "citation_ids": [77647173], "author": {"tweeter_id": "1163789709803266049"}, "tweet_id": "1239719698435981312"}, {"license": "gnip", "citation_ids": [77647173], "author": {"tweeter_id": "139239967"}, "tweet_id": "1239719884357074945"}, {"license": "gnip", "citation_ids": [77647173], "author": {"tweeter_id": "37935680"}, "tweet_id": "1239719982839316480"}, {"license": "gnip", "citation_ids": [77647173], "author": {"tweeter_id": "3458972234"}, "tweet_id": "1239724097237442561"}, {"license": "gnip", "citation_ids": [77647173], "author": {"tweeter_id": "1725295886"}, "tweet_id": "1239724370840260609"}, {"license": "gnip", "citation_ids": [77647173], "author": {"tweeter_id": "91351864"}, "tweet_id": "1239724824999661570"}, {"license": "gnip", "citation_ids": [77647173], "author": {"tweeter_id": "79594985"}, "tweet_id": "1239726084473737216"}, {"license": "gnip", "citation_ids": [77647173], "author": {"tweeter_id": "490719465"}, "tweet_id": "1239726234835324930"}, {"license": "gnip", "citation_ids": [77647173], "author": {"tweeter_id": "54607899"}, "tweet_id": "1239727986720604161"}, {"license": "gnip", "citation_ids": [77647173], "author": {"tweeter_id": "58181265"}, "tweet_id": "1239727998665809926"}, {"license": "gnip", "citation_ids": [77647173], "author": {"tweeter_id": "118672534"}, "tweet_id": "1239728802856656898"}, {"license": "gnip", "citation_ids": [77647173], "author": {"tweeter_id": "54410102"}, "tweet_id": "1239729902904946688"}, {"license": "gnip", "citation_ids": [77647173], "author": {"tweeter_id": "83016326"}, "tweet_id": "1239730746845249536"}, {"license": "gnip", "citation_ids": [77647173], "author": {"tweeter_id": "40703088"}, "tweet_id": "1239731963373801473"}, {"license": "gnip", "citation_ids": [77647173], "author": {"tweeter_id": "118672534"}, "tweet_id": "1239732897877237760"}, {"license": "gnip", "citation_ids": [77647173], "author": {"tweeter_id": "1004730924020318209"}, "tweet_id": "1239733666357469184"}, {"license": "gnip", "citation_ids": [77647173], "author": {"tweeter_id": "2872228285"}, "tweet_id": "1239737258120527874"}, {"license": "gnip", "citation_ids": [77647173], "author": {"tweeter_id": "2872228285"}, "tweet_id": "1239738861338722309"}, {"license": "gnip", "citation_ids": [77647173], "author": {"tweeter_id": "23184067"}, "tweet_id": "1239748302641541122"}, {"license": "gnip", "citation_ids": [77647173], "author": {"tweeter_id": "89051323"}, "tweet_id": "1239753530384109568"}, {"license": "gnip", "citation_ids": [77647173], "author": {"tweeter_id": "147594153"}, "tweet_id": "1239766802646863872"}, {"license": "gnip", "citation_ids": [77647173], "author": {"tweeter_id": "194818089"}, "tweet_id": "1239767408627388416"}, {"license": "gnip", "citation_ids": [77647173], "author": {"tweeter_id": "367561906"}, "tweet_id": "1239767728615014400"}, {"license": "gnip", "citation_ids": [77647173], "author": {"tweeter_id": "367878837"}, "tweet_id": "1239768249325232128"}, {"license": "gnip", "citation_ids": [77647173], "author": {"tweeter_id": "3317894392"}, "tweet_id": "1239771974227890176"}, {"license": "gnip", "citation_ids": [77647173], "author": {"tweeter_id": "989023982283345925"}, "tweet_id": "1239796827618258944"}, {"license": "gnip", "citation_ids": [77647173], "author": {"tweeter_id": "989023982283345925"}, "tweet_id": "1239797384378494976"}, {"license": "gnip", "citation_ids": [77647173], "author": {"tweeter_id": "920630315994972160"}, "tweet_id": "1239803448956051456"}, {"license": "gnip", "citation_ids": [77647173], "author": {"tweeter_id": "2591058223"}, "tweet_id": "1239813530460749824"}, {"license": "gnip", "citation_ids": [77647173], "author": {"tweeter_id": "167503365"}, "tweet_id": "1239813652716322816"}, {"license": "gnip", "citation_ids": [77647173], "author": {"tweeter_id": "144748202"}, "tweet_id": "1239814581519896576"}, {"license": "gnip", "citation_ids": [77647173], "author": {"tweeter_id": "981668756479856640"}, "tweet_id": "1239816483758198785"}, {"license": "gnip", "citation_ids": [77647173], "author": {"tweeter_id": "2182666266"}, "tweet_id": "1239820605840429061"}, {"license": "gnip", "citation_ids": [77647173], "author": {"tweeter_id": "3095494037"}, "tweet_id": "1239834055216115713"}, {"license": "gnip", "citation_ids": [77647173], "author": {"tweeter_id": "65461631"}, "tweet_id": "1239839342950068226"}, {"license": "gnip", "citation_ids": [77647173], "author": {"tweeter_id": "1164910750411952128"}, "tweet_id": "1239845930473533441"}, {"license": "gnip", "citation_ids": [77647173], "author": {"tweeter_id": "17482371"}, "tweet_id": "1239848813822697472"}, {"license": "gnip", "citation_ids": [77647173], "author": {"tweeter_id": "496336828"}, "tweet_id": "1239852676411584512"}, {"license": "gnip", "citation_ids": [77647173], "author": {"tweeter_id": "1239643988707160064"}, "tweet_id": "1239854379060117504"}, {"license": "gnip", "citation_ids": [77647173], "author": {"tweeter_id": "739402723792060418"}, "tweet_id": "1239857833346084873"}, {"license": "gnip", "citation_ids": [77647173], "author": {"tweeter_id": "399923070"}, "tweet_id": "1239874396040204288"}, {"license": "gnip", "citation_ids": [77647173], "author": {"tweeter_id": "746541253014097920"}, "tweet_id": "1239876673438449666"}, {"license": "gnip", "citation_ids": [77647173], "author": {"tweeter_id": "237190923"}, "tweet_id": "1239879300788056064"}, {"license": "gnip", "citation_ids": [77647173], "author": {"tweeter_id": "39049148"}, "tweet_id": "1239879571597656065"}, {"license": "gnip", "citation_ids": [77647173], "author": {"tweeter_id": "92989429"}, "tweet_id": "1239879932710248450"}, {"license": "gnip", "citation_ids": [77647173], "author": {"tweeter_id": "2316418723"}, "tweet_id": "1239881629147041793"}, {"license": "gnip", "citation_ids": [77647173], "author": {"tweeter_id": "59082780"}, "tweet_id": "1239883715553243138"}, {"license": "gnip", "citation_ids": [77647173], "author": {"tweeter_id": "498868135"}, "tweet_id": "1239888745089978370"}, {"license": "gnip", "citation_ids": [77647173], "author": {"tweeter_id": "783920746204725248"}, "tweet_id": "1239897502721032192"}, {"license": "gnip", "citation_ids": [77647173], "author": {"tweeter_id": "33457364"}, "tweet_id": "1239897700448882688"}, {"license": "gnip", "citation_ids": [77647173], "author": {"tweeter_id": "164771989"}, "tweet_id": "1239898044105179137"}, {"license": "gnip", "citation_ids": [77647173], "author": {"tweeter_id": "108756189"}, "tweet_id": "1239899928379437059"}, {"license": "gnip", "citation_ids": [77647173], "author": {"tweeter_id": "2831663388"}, "tweet_id": "1239901310847238144"}, {"license": "gnip", "citation_ids": [77647173], "author": {"tweeter_id": "1181219717987610625"}, "tweet_id": "1239902929005445120"}, {"license": "gnip", "citation_ids": [77647173], "author": {"tweeter_id": "38722208"}, "tweet_id": "1239903305364656129"}, {"license": "gnip", "citation_ids": [77647173], "author": {"tweeter_id": "98899874"}, "tweet_id": "1239904357363126272"}, {"license": "gnip", "citation_ids": [77647173], "author": {"tweeter_id": "975931752"}, "tweet_id": "1239904800923250688"}, {"license": "gnip", "citation_ids": [77647173], "author": {"tweeter_id": "38489678"}, "tweet_id": "1239904816010321926"}, {"license": "gnip", "citation_ids": [77647173], "author": {"tweeter_id": "1117215702820298752"}, "tweet_id": "1239905174229078016"}, {"license": "gnip", "citation_ids": [77647173], "author": {"tweeter_id": "2263580778"}, "tweet_id": "1239905209305964544"}, {"license": "gnip", "citation_ids": [77647173], "author": {"tweeter_id": "40745182"}, "tweet_id": "1239905254721892352"}, {"license": "gnip", "citation_ids": [77647173], "author": {"tweeter_id": "1258895358"}, "tweet_id": "1239905582871506944"}, {"license": "gnip", "citation_ids": [77647173], "author": {"tweeter_id": "996223146666717185"}, "tweet_id": "1239905678883512320"}, {"license": "gnip", "citation_ids": [77647173], "author": {"tweeter_id": "454350218"}, "tweet_id": "1239907947909648384"}, {"license": "gnip", "citation_ids": [77647173], "author": {"tweeter_id": "3155758322"}, "tweet_id": "1239909053830008834"}, {"license": "gnip", "citation_ids": [77647173], "author": {"tweeter_id": "390581194"}, "tweet_id": "1239909708074332162"}, {"license": "gnip", "citation_ids": [77647173], "author": {"tweeter_id": "326843076"}, "tweet_id": "1239910689663324160"}, {"license": "gnip", "citation_ids": [77647173], "author": {"tweeter_id": "1199968199611158528"}, "tweet_id": "1239911947933540353"}, {"license": "gnip", "citation_ids": [77647173], "author": {"tweeter_id": "740160369730035712"}, "tweet_id": "1239913716516130817"}, {"license": "gnip", "citation_ids": [77647173], "author": {"tweeter_id": "520550142"}, "tweet_id": "1239913773957173248"}, {"license": "gnip", "citation_ids": [77647173], "author": {"tweeter_id": "100011309"}, "tweet_id": "1239913935685308416"}, {"license": "gnip", "citation_ids": [77647173], "author": {"tweeter_id": "347017538"}, "tweet_id": "1239916889259692033"}, {"license": "gnip", "citation_ids": [77647173], "author": {"tweeter_id": "1193076117990760449"}, "tweet_id": "1239918612443533312"}, {"license": "gnip", "citation_ids": [77647173], "author": {"tweeter_id": "1066437679"}, "tweet_id": "1239918666424242177"}, {"license": "gnip", "citation_ids": [77647173], "author": {"tweeter_id": "274765562"}, "tweet_id": "1239923670031753216"}, {"license": "gnip", "citation_ids": [77647173], "author": {"tweeter_id": "788495486"}, "tweet_id": "1239924586579451904"}, {"license": "gnip", "citation_ids": [77647173], "author": {"tweeter_id": "1228443410220146688"}, "tweet_id": "1239928390989168641"}, {"license": "gnip", "citation_ids": [77647173], "author": {"tweeter_id": "51712148"}, "tweet_id": "1239935160449196038"}, {"license": "gnip", "citation_ids": [77647173], "author": {"tweeter_id": "1158873359838535681"}, "tweet_id": "1239935505636233224"}, {"license": "gnip", "citation_ids": [77647173], "author": {"tweeter_id": "220953168"}, "tweet_id": "1239942068899909633"}, {"license": "gnip", "citation_ids": [77647173], "author": {"tweeter_id": "3063062027"}, "tweet_id": "1239942348865449986"}, {"license": "gnip", "citation_ids": [77647173], "author": {"tweeter_id": "852601610316525568"}, "tweet_id": "1239960736530644992"}, {"license": "gnip", "citation_ids": [77647173], "author": {"tweeter_id": "337207481"}, "tweet_id": "1239963849781960718"}, {"license": "gnip", "citation_ids": [77647173], "author": {"tweeter_id": "33449751"}, "tweet_id": "1239965460017242116"}, {"license": "gnip", "citation_ids": [77647173], "author": {"tweeter_id": "3002812506"}, "tweet_id": "1239974259817992196"}, {"license": "gnip", "citation_ids": [77647173], "author": {"tweeter_id": "725349607807455232"}, "tweet_id": "1239974582775250950"}, {"license": "gnip", "citation_ids": [77647173], "author": {"tweeter_id": "2183065733"}, "tweet_id": "1239975538040565761"}, {"license": "gnip", "citation_ids": [77647173], "author": {"tweeter_id": "1145855292"}, "tweet_id": "1239978514918428672"}, {"license": "gnip", "citation_ids": [77647173], "author": {"tweeter_id": "1145855292"}, "tweet_id": "1239978676969713664"}, {"license": "gnip", "citation_ids": [77647173], "author": {"tweeter_id": "836682839856918530"}, "tweet_id": "1239998732399149058"}, {"license": "gnip", "citation_ids": [77647173], "author": {"tweeter_id": "1007590775817932800"}, "tweet_id": "1240001226688823298"}, {"license": "gnip", "citation_ids": [77647173], "author": {"tweeter_id": "775045276470022144"}, "tweet_id": "1240003389741817859"}, {"license": "gnip", "citation_ids": [77647173], "author": {"tweeter_id": "1099494762296397824"}, "tweet_id": "1240029766306201602"}, {"license": "gnip", "citation_ids": [77647173], "author": {"tweeter_id": "4814041874"}, "tweet_id": "1240071012680708103"}, {"license": "gnip", "citation_ids": [77647173], "author": {"tweeter_id": "820092619015553030"}, "tweet_id": "1240074261248774144"}, {"license": "gnip", "citation_ids": [77647173], "author": {"tweeter_id": "16271969"}, "tweet_id": "1240100693521895426"}, {"license": "gnip", "citation_ids": [77647173], "author": {"tweeter_id": "148742075"}, "tweet_id": "1240103037730947074"}, {"license": "gnip", "citation_ids": [77647173], "author": {"tweeter_id": "515209390"}, "tweet_id": "1240103277217415175"}, {"license": "gnip", "citation_ids": [77647173], "author": {"tweeter_id": "1202600627181764609"}, "tweet_id": "1240106382017216512"}, {"license": "gnip", "citation_ids": [77647173], "author": {"tweeter_id": "150192751"}, "tweet_id": "1240108440711643137"}, {"license": "gnip", "citation_ids": [77647173], "author": {"tweeter_id": "222205874"}, "tweet_id": "1240109402293706755"}, {"license": "gnip", "citation_ids": [77647173], "author": {"tweeter_id": "1008296147818074112"}, "tweet_id": "1240121979635732480"}, {"license": "gnip", "citation_ids": [77647173], "author": {"tweeter_id": "2941926854"}, "tweet_id": "1240123994067664900"}, {"license": "gnip", "citation_ids": [77647173], "author": {"tweeter_id": "111890760"}, "tweet_id": "1240129552225107970"}, {"license": "gnip", "citation_ids": [77647173], "author": {"tweeter_id": "2529732836"}, "tweet_id": "1240130067453394947"}, {"license": "gnip", "citation_ids": [77647173], "author": {"tweeter_id": "2973764445"}, "tweet_id": "1240165239179665408"}, {"license": "gnip", "citation_ids": [77647173], "author": {"tweeter_id": "1239315181882224640"}, "tweet_id": "1240165672648241153"}, {"license": "gnip", "citation_ids": [77647173], "author": {"tweeter_id": "129447947"}, "tweet_id": "1240172503760359425"}, {"license": "gnip", "citation_ids": [77647173], "author": {"tweeter_id": "22715636"}, "tweet_id": "1240222587692691456"}, {"license": "gnip", "citation_ids": [77647173], "author": {"tweeter_id": "253125027"}, "tweet_id": "1240233987420958721"}, {"license": "gnip", "citation_ids": [77647173], "author": {"tweeter_id": "2622603045"}, "tweet_id": "1240250100779229184"}, {"license": "gnip", "citation_ids": [77647173], "author": {"tweeter_id": "2573047615"}, "tweet_id": "1240259010818867201"}], "facebook": [{"title": "JAMA", "url": "https://www.facebook.com/permalink.php?story_fbid=1315911765259023&id=350608135122729", "license": "public", "citation_ids": [77647173], "posted_on": "2020-03-16T21:34:32+00:00", "summary": "WHO infection prevention and control (IPC) requirements are minimal standards that should be in place at national and health facility levels in low and middle-income countries to provide minimum protection and safety to patients, health care workers, and v", "author": {"name": "CardioAcademic", "url": "https://www.facebook.com/350608135122729", "facebook_wall_name": "CardioAcademic", "image": "https://graph.facebook.com/350608135122729/picture", "id_on_source": "350608135122729"}}]}, "score": 101.9, "images": {"small": "https://badges.altmetric.com/?size=64&score=102&types=tttttttf", "medium": "https://badges.altmetric.com/?size=100&score=102&types=tttttttf", "large": "https://badges.altmetric.com/?size=180&score=102&types=tttttttf"}}