{"altmetric_id": 77033638, "counts": {"readers": {"mendeley": 0, "citeulike": 0, "connotea": 0}, "total": {"posts_count": 6}, "twitter": {"unique_users_count": 5, "posts_count": 6}}, "citation": {"authors": ["Wang, Yafei", "Zhou, Ying", "Yang, Zhen", "Xia, Dongping", "Geng, Shuang"], "doi": "10.1101/2020.03.02.20029306", "first_seen_on": "2020-03-04T17:48:07+00:00", "issns": [], "last_mentioned_on": 1583492331, "links": ["https://www.medrxiv.org/content/10.1101/2020.03.02.20029306v1", "https://www.medrxiv.org/content/10.1101/2020.03.02.20029306v1?utm_source=dlvr.it&utm_medium=twitter"], "pdf_url": "https://www.medrxiv.org/content/medrxiv/early/2020/03/03/2020.03.02.20029306.full.pdf", "publisher": "Cold Spring Harbor Laboratory", "title": "Clinical Characteristics of Patients with Severe Pneumonia Caused by the 2019 Novel Coronavirus in Wuhan, China", "type": "article"}, "altmetric_score": {"score": 1.85, "score_history": {"1y": 1.85, "6m": 1.85, "3m": 1.85, "1m": 1.85, "1w": 0, "6d": 0, "5d": 0, "4d": 0, "3d": 0, "2d": 0, "1d": 0, "at": 1.85}, "context_for_score": null}, "demographics": {"poster_types": {"member_of_the_public": 4, "practitioner": 1}, "users": {"twitter": {"cohorts": {"Members of the public": 4, "Practitioners (doctors, other healthcare professionals)": 1}}}, "geo": {"twitter": {"US": 2}}}, "posts": {"twitter": [{"license": "gnip", "citation_ids": [77033638], "author": {"tweeter_id": "921400462838042624"}, "tweet_id": "1235152796686651393"}, {"license": "gnip", "citation_ids": [77033638], "author": {"tweeter_id": "4901919879"}, "tweet_id": "1235161960758554626"}, {"license": "gnip", "citation_ids": [77033638], "author": {"tweeter_id": "4901919879"}, "tweet_id": "1235161992576593920"}, {"license": "gnip", "citation_ids": [77033638], "author": {"tweeter_id": "1299673800"}, "tweet_id": "1235281668652412929"}, {"license": "gnip", "citation_ids": [77033638], "author": {"tweeter_id": "1214232500664295424"}, "tweet_id": "1235536426906738688"}, {"license": "gnip", "citation_ids": [77033638], "author": {"tweeter_id": "2214860597"}, "tweet_id": "1235882530022330368"}]}, "score": 1.85, "images": {"small": "https://badges.altmetric.com/?size=64&score=2&types=tttttttt", "medium": "https://badges.altmetric.com/?size=100&score=2&types=tttttttt", "large": "https://badges.altmetric.com/?size=180&score=2&types=tttttttt"}}