{"altmetric_id": 77332603, "counts": {"readers": {"mendeley": 0, "citeulike": 0, "connotea": 0}, "total": {"posts_count": 7}, "twitter": {"unique_users_count": 4, "posts_count": 7}}, "citation": {"authors": ["Gao, Lei", "Jiang, Dan", "Wen, Xuesong", "Cheng, Xiaocheng", "Sun, Min", "He, Bin", "You, Lin-na", "Lei, Peng", "Tan, Xiao-wei", "Qin, Shu", "Cai, Guoqiang", "Zhang, Dongying"], "doi": "10.1101/2020.03.07.20031575", "first_seen_on": "2020-03-11T09:53:58+00:00", "issns": [], "last_mentioned_on": 1584156453, "links": ["https://medrxiv.org/cgi/content/short/2020.03.07.20031575v1", "https://www.medrxiv.org/content/10.1101/2020.03.07.20031575v1", "https://www.medrxiv.org/content/10.1101/2020.03.07.20031575v1?utm_source=dlvr.it&utm_medium=twitter"], "pdf_url": "https://www.medrxiv.org/content/medrxiv/early/2020/03/10/2020.03.07.20031575.full.pdf", "publisher": "Cold Spring Harbor Laboratory", "title": "Prognostic value of NT-proBNP in patients with severe COVID-19", "type": "article"}, "altmetric_score": {"score": 1.6, "score_history": {"1y": 1.6, "6m": 1.6, "3m": 1.6, "1m": 1.6, "1w": 1.6, "6d": 0.25, "5d": 0.25, "4d": 0, "3d": 0, "2d": 0, "1d": 0, "at": 1.6}, "context_for_score": null}, "demographics": {"poster_types": {"member_of_the_public": 4}, "users": {"twitter": {"cohorts": {"Members of the public": 4}}}, "geo": {"twitter": {"US": 2}}}, "posts": {"twitter": [{"license": "gnip", "citation_ids": [77332603], "author": {"tweeter_id": "921400462838042624"}, "tweet_id": "1237678046578118656"}, {"license": "gnip", "citation_ids": [77332603], "author": {"tweeter_id": "4901919879"}, "tweet_id": "1237716690273816577"}, {"license": "gnip", "citation_ids": [77332603], "author": {"tweeter_id": "4901919879"}, "tweet_id": "1237716707709509640"}, {"license": "gnip", "citation_ids": [77332603], "author": {"tweeter_id": "4901919879"}, "tweet_id": "1237717436578873347"}, {"license": "gnip", "citation_ids": [77332603], "author": {"tweeter_id": "4901919879"}, "tweet_id": "1237717448398258177"}, {"license": "gnip", "citation_ids": [77332603], "author": {"tweeter_id": "1685300773"}, "tweet_id": "1237939958515552257"}, {"license": "gnip", "citation_ids": [77332603], "author": {"tweeter_id": "1214232500664295424"}, "tweet_id": "1238668057972637696"}]}, "score": 1.6, "images": {"small": "https://badges.altmetric.com/?size=64&score=2&types=tttttttt", "medium": "https://badges.altmetric.com/?size=100&score=2&types=tttttttt", "large": "https://badges.altmetric.com/?size=180&score=2&types=tttttttt"}}