{"altmetric_id": 75794130, "counts": {"readers": {"mendeley": 0, "citeulike": 0, "connotea": 0}, "total": {"posts_count": 72}, "twitter": {"unique_users_count": 63, "posts_count": 72}}, "citation": {"authors": ["Liang, Weicheng", "Feng, Zhijie", "Rao, Shitao", "Xiao, Cuicui", "Lin, Zexiao", "Zhang, Qi", "Qi, Wei"], "doi": "10.1101/2020.02.03.20020289", "first_seen_on": "2020-02-11T15:54:31+00:00", "issns": [], "last_mentioned_on": 1584399483, "links": ["https://www.medrxiv.org/content/10.1101/2020.02.03.20020289v1", "https://www.medrxiv.org/content/10.1101/2020.02.03.20020289v1?utm_source=dlvr.it&utm_medium=twitter", "https://www.medrxiv.org/content/10.1101/2020.02.03.20020289v2"], "pdf_url": "https://www.medrxiv.org/content/medrxiv/early/2020/02/11/2020.02.03.20020289.full.pdf", "publisher": "Cold Spring Harbor Laboratory", "title": "Diarrhea may be underestimated: a missing link in 2019 novel coronavirus", "type": "article"}, "altmetric_score": {"score": 36.9, "score_history": {"1y": 36.9, "6m": 36.9, "3m": 36.9, "1m": 30.6, "1w": 29.35, "6d": 29.35, "5d": 29.35, "4d": 29.35, "3d": 7.2, "2d": 0.85, "1d": 0, "at": 36.9}, "context_for_score": null}, "demographics": {"poster_types": {"member_of_the_public": 33, "researcher": 29, "science_communicator": 1}, "users": {"twitter": {"cohorts": {"Members of the public": 33, "Scientists": 29, "Science communicators (journalists, bloggers, editors)": 1}}}, "geo": {"twitter": {"US": 19, "CA": 4, "EG": 1, "VE": 1, "CH": 1, "ES": 1, "NL": 2, "DE": 2, "FR": 2, "GB": 3, "PL": 1, "RS": 1, "BR": 1, "KE": 1, "IT": 1}}}, "posts": {"twitter": [{"license": "gnip", "citation_ids": [75794130], "author": {"tweeter_id": "921400462838042624"}, "tweet_id": "1227259569820311553"}, {"license": "gnip", "citation_ids": [75794130], "author": {"tweeter_id": "831698691270537217"}, "tweet_id": "1227276385351278593"}, {"license": "gnip", "citation_ids": [75794130], "author": {"tweeter_id": "1214232500664295424"}, "tweet_id": "1227456387665534979"}, {"license": "gnip", "citation_ids": [75794130], "author": {"tweeter_id": "256285408"}, "tweet_id": "1227456626266976256"}, {"license": "gnip", "citation_ids": [75794130], "author": {"tweeter_id": "256285408"}, "tweet_id": "1227456798778699778"}, {"license": "gnip", "citation_ids": [75794130], "author": {"tweeter_id": "1214232500664295424"}, "tweet_id": "1227458569844514819"}, {"license": "gnip", "citation_ids": [75794130], "author": {"tweeter_id": "1185019073354178560"}, "tweet_id": "1227458986523398147"}, {"license": "gnip", "citation_ids": [75794130], "author": {"tweeter_id": "1185019073354178560"}, "tweet_id": "1227458990310920194"}, {"license": "gnip", "citation_ids": [75794130], "author": {"tweeter_id": "1185019073354178560"}, "tweet_id": "1227458991380455424"}, {"license": "gnip", "citation_ids": [75794130], "author": {"tweeter_id": "334250377"}, "tweet_id": "1227459014541369344"}, {"license": "gnip", "citation_ids": [75794130], "author": {"tweeter_id": "1218497166081241088"}, "tweet_id": "1227468135768494080"}, {"license": "gnip", "citation_ids": [75794130], "author": {"tweeter_id": "1223812223031808000"}, "tweet_id": "1227473225925439490"}, {"license": "gnip", "citation_ids": [75794130], "author": {"tweeter_id": "2727683563"}, "tweet_id": "1227474091357155329"}, {"license": "gnip", "citation_ids": [75794130], "author": {"tweeter_id": "14465282"}, "tweet_id": "1227493395309850626"}, {"license": "gnip", "citation_ids": [75794130], "author": {"tweeter_id": "4901919879"}, "tweet_id": "1227534573522882562"}, {"license": "gnip", "citation_ids": [75794130], "author": {"tweeter_id": "4901919879"}, "tweet_id": "1227534594276306944"}, {"license": "gnip", "citation_ids": [75794130], "author": {"tweeter_id": "4901919879"}, "tweet_id": "1227534883729428482"}, {"license": "gnip", "citation_ids": [75794130], "author": {"tweeter_id": "1204438888443514880"}, "tweet_id": "1227561136972877824"}, {"license": "gnip", "citation_ids": [75794130], "author": {"tweeter_id": "1216430637927882752"}, "tweet_id": "1227587137035476994"}, {"license": "gnip", "citation_ids": [75794130], "author": {"tweeter_id": "4901919879"}, "tweet_id": "1230494943342448641"}, {"license": "gnip", "citation_ids": [75794130], "author": {"tweeter_id": "4901919879"}, "tweet_id": "1230494952322478080"}, {"license": "gnip", "citation_ids": [75794130], "author": {"tweeter_id": "4901919879"}, "tweet_id": "1230495217725452293"}, {"license": "gnip", "citation_ids": [75794130], "author": {"tweeter_id": "735106086705979394"}, "tweet_id": "1237372223587069953"}, {"license": "gnip", "citation_ids": [75794130], "author": {"tweeter_id": "76515242"}, "tweet_id": "1238873381082148865"}, {"license": "gnip", "citation_ids": [75794130], "author": {"tweeter_id": "3021195231"}, "tweet_id": "1238874320513961987"}, {"license": "gnip", "citation_ids": [75794130], "author": {"tweeter_id": "2204114046"}, "tweet_id": "1238874723544641537"}, {"license": "gnip", "citation_ids": [75794130], "author": {"tweeter_id": "294295726"}, "tweet_id": "1238879123268931586"}, {"license": "gnip", "citation_ids": [75794130], "author": {"tweeter_id": "1020069686556471296"}, "tweet_id": "1238879160082317313"}, {"license": "gnip", "citation_ids": [75794130], "author": {"tweeter_id": "433559451"}, "tweet_id": "1238881759376429057"}, {"license": "gnip", "citation_ids": [75794130], "author": {"tweeter_id": "1426667017"}, "tweet_id": "1238891523443482626"}, {"license": "gnip", "citation_ids": [75794130], "author": {"tweeter_id": "874669724591726594"}, "tweet_id": "1238891677856735233"}, {"license": "gnip", "citation_ids": [75794130], "author": {"tweeter_id": "617251948"}, "tweet_id": "1238891877241221120"}, {"license": "gnip", "citation_ids": [75794130], "author": {"tweeter_id": "991794198385864704"}, "tweet_id": "1238893065449938944"}, {"license": "gnip", "citation_ids": [75794130], "author": {"tweeter_id": "153436007"}, "tweet_id": "1238894809990995972"}, {"license": "gnip", "citation_ids": [75794130], "author": {"tweeter_id": "932843061767430145"}, "tweet_id": "1238896677789896705"}, {"license": "gnip", "citation_ids": [75794130], "author": {"tweeter_id": "1157036132942712832"}, "tweet_id": "1238897411029962752"}, {"license": "gnip", "citation_ids": [75794130], "author": {"tweeter_id": "976900742937227264"}, "tweet_id": "1238898648857141248"}, {"license": "gnip", "citation_ids": [75794130], "author": {"tweeter_id": "408652814"}, "tweet_id": "1238898663096750084"}, {"license": "gnip", "citation_ids": [75794130], "author": {"tweeter_id": "326633717"}, "tweet_id": "1238902039305994244"}, {"license": "gnip", "citation_ids": [75794130], "author": {"tweeter_id": "1022198774"}, "tweet_id": "1238902979723431936"}, {"license": "gnip", "citation_ids": [75794130], "author": {"tweeter_id": "2761012929"}, "tweet_id": "1238904563387764742"}, {"license": "gnip", "citation_ids": [75794130], "author": {"tweeter_id": "4909522369"}, "tweet_id": "1238910258380066816"}, {"license": "gnip", "citation_ids": [75794130], "author": {"tweeter_id": "1064716410310471680"}, "tweet_id": "1238910439343493121"}, {"license": "gnip", "citation_ids": [75794130], "author": {"tweeter_id": "1238571289494904832"}, "tweet_id": "1238914329073893378"}, {"license": "gnip", "citation_ids": [75794130], "author": {"tweeter_id": "3062138505"}, "tweet_id": "1238916990213001217"}, {"license": "gnip", "citation_ids": [75794130], "author": {"tweeter_id": "877455546"}, "tweet_id": "1238923438988783617"}, {"license": "gnip", "citation_ids": [75794130], "author": {"tweeter_id": "3250301968"}, "tweet_id": "1238930360337121284"}, {"license": "gnip", "citation_ids": [75794130], "author": {"tweeter_id": "275364170"}, "tweet_id": "1238936395542147075"}, {"license": "gnip", "citation_ids": [75794130], "author": {"tweeter_id": "899240281115152384"}, "tweet_id": "1238945243057336320"}, {"license": "gnip", "citation_ids": [75794130], "author": {"tweeter_id": "826526420503523328"}, "tweet_id": "1238949860797227010"}, {"license": "gnip", "citation_ids": [75794130], "author": {"tweeter_id": "3803954193"}, "tweet_id": "1238952045207359490"}, {"license": "gnip", "citation_ids": [75794130], "author": {"tweeter_id": "59319817"}, "tweet_id": "1238958633204895744"}, {"license": "gnip", "citation_ids": [75794130], "author": {"tweeter_id": "707047677784154112"}, "tweet_id": "1238992482924400640"}, {"license": "gnip", "citation_ids": [75794130], "author": {"tweeter_id": "881227750236991488"}, "tweet_id": "1238995105119440903"}, {"license": "gnip", "citation_ids": [75794130], "author": {"tweeter_id": "122011842"}, "tweet_id": "1239012107519213568"}, {"license": "gnip", "citation_ids": [75794130], "author": {"tweeter_id": "227956494"}, "tweet_id": "1239033641419673600"}, {"license": "gnip", "citation_ids": [75794130], "author": {"tweeter_id": "234419696"}, "tweet_id": "1239035811670241280"}, {"license": "gnip", "citation_ids": [75794130], "author": {"tweeter_id": "28358443"}, "tweet_id": "1239037350073602048"}, {"license": "gnip", "citation_ids": [75794130], "author": {"tweeter_id": "39949011"}, "tweet_id": "1239039207726895109"}, {"license": "gnip", "citation_ids": [75794130], "author": {"tweeter_id": "2309765232"}, "tweet_id": "1239045150594170881"}, {"license": "gnip", "citation_ids": [75794130], "author": {"tweeter_id": "1028306961979375617"}, "tweet_id": "1239054790216171520"}, {"license": "gnip", "citation_ids": [75794130], "author": {"tweeter_id": "120221288"}, "tweet_id": "1239064558288826368"}, {"license": "gnip", "citation_ids": [75794130], "author": {"tweeter_id": "978281882310922242"}, "tweet_id": "1239075612146491392"}, {"license": "gnip", "citation_ids": [75794130], "author": {"tweeter_id": "1105447080494092290"}, "tweet_id": "1239078155895308289"}, {"license": "gnip", "citation_ids": [75794130], "author": {"tweeter_id": "358694043"}, "tweet_id": "1239106392704811009"}, {"license": "gnip", "citation_ids": [75794130], "author": {"tweeter_id": "241093820"}, "tweet_id": "1239116400666558466"}, {"license": "gnip", "citation_ids": [75794130], "author": {"tweeter_id": "849214319808180224"}, "tweet_id": "1239128578131976192"}, {"license": "gnip", "citation_ids": [75794130], "author": {"tweeter_id": "911216376764932096"}, "tweet_id": "1239162264487419906"}, {"license": "gnip", "citation_ids": [75794130], "author": {"tweeter_id": "146491179"}, "tweet_id": "1239180501392535552"}, {"license": "gnip", "citation_ids": [75794130], "author": {"tweeter_id": "863765565411741696"}, "tweet_id": "1239216483072241670"}, {"license": "gnip", "citation_ids": [75794130], "author": {"tweeter_id": "948482692701704192"}, "tweet_id": "1239229298021748747"}, {"license": "gnip", "citation_ids": [75794130], "author": {"tweeter_id": "992381335435202560"}, "tweet_id": "1239687400101683200"}]}, "score": 36.9, "images": {"small": "https://badges.altmetric.com/?size=64&score=37&types=tttttttt", "medium": "https://badges.altmetric.com/?size=100&score=37&types=tttttttt", "large": "https://badges.altmetric.com/?size=180&score=37&types=tttttttt"}}