{"altmetric_id": 77498213, "counts": {"readers": {"mendeley": 0, "citeulike": 0, "connotea": 0}, "total": {"posts_count": 1}, "twitter": {"unique_users_count": 1, "posts_count": 1}}, "citation": {"altmetric_jid": "4f6fa63b3cf058f610008d10", "authors": ["Wang, Yan", "Zhu, Li-Qin"], "doi": "10.1007/s12519-020-00353-5", "first_seen_on": "2020-03-14T10:05:49+00:00", "issns": ["1708-8569", "1867-0687"], "journal": "World Journal of Pediatrics", "last_mentioned_on": 1584180334, "links": ["https://www.ncbi.nlm.nih.gov/pubmed/32166483?dopt=Abstract&utm_source=dlvr.it&utm_medium=twitter"], "pmid": "32166483", "epubdate": "2020-03-12T00:00:00+00:00", "publisher": "Springer Science and Business Media LLC", "publisher_subjects": [{"name": "Paediatrics And Reproductive Medicine", "scheme": "era"}, {"name": "Imaging / Radiology", "scheme": "springer"}, {"name": "Intensive / Critical Care Medicine", "scheme": "springer"}, {"name": "Maternal and Child Health", "scheme": "springer"}, {"name": "Medicine & Public Health", "scheme": "springer"}, {"name": "Pediatric Surgery", "scheme": "springer"}, {"name": "Pediatrics", "scheme": "springer"}, {"name": "Surgery", "scheme": "springer"}], "scopus_subjects": ["Medicine", "Health Sciences"], "title": "Pharmaceutical care recommendations for antiviral treatments in children with coronavirus disease 2019", "type": "article"}, "altmetric_score": {"score": 0.25, "score_history": {"1y": 0.25, "6m": 0.25, "3m": 0.25, "1m": 0.25, "1w": 0.25, "6d": 0.25, "5d": 0.25, "4d": 0.25, "3d": 0, "2d": 0, "1d": 0, "at": 0.25}, "context_for_score": {"all": {"total_number_of_other_articles": 14515774, "mean": 8.4677073350393, "rank": 12828241, "this_scored_higher_than_pct": 1, "this_scored_higher_than": 0, "rank_type": "exact", "sample_size": 14515774, "percentile": 1}, "similar_age_3m": {"total_number_of_other_articles": 145182, "mean": 14.091799078392, "rank": 116635, "this_scored_higher_than_pct": 1, "this_scored_higher_than": 0, "rank_type": "exact", "sample_size": 145182, "percentile": 1}, "this_journal": {"total_number_of_other_articles": 224, "mean": 5.0417219730942, "rank": 160, "this_scored_higher_than_pct": 1, "this_scored_higher_than": 0, "rank_type": "exact", "sample_size": 224, "percentile": 1}, "similar_age_this_journal_3m": {"total_number_of_other_articles": 4, "mean": 1.3333333333333, "rank": 4, "this_scored_higher_than_pct": 1, "this_scored_higher_than": 0, "rank_type": "exact", "sample_size": 4, "percentile": 1}}}, "demographics": {"poster_types": {"member_of_the_public": 1}, "users": {"twitter": {"cohorts": {"Members of the public": 1}}}}, "posts": {"twitter": [{"license": "gnip", "citation_ids": [77498213], "author": {"tweeter_id": "1191745846615957506"}, "tweet_id": "1238768222565855232"}]}, "score": 0.25, "images": {"small": "https://badges.altmetric.com/?size=64&score=1&types=tttttttt", "medium": "https://badges.altmetric.com/?size=100&score=1&types=tttttttt", "large": "https://badges.altmetric.com/?size=180&score=1&types=tttttttt"}}