{"altmetric_id": 76818974, "counts": {"readers": {"mendeley": 0, "citeulike": 0, "connotea": 0}, "total": {"posts_count": 13}, "twitter": {"unique_users_count": 13, "posts_count": 13}}, "citation": {"altmetric_jid": "537f30862a83eeb45a8b4611", "authors": ["Deng-hai Zhang", "Kun-lun Wu", "Xue Zhang", "Sheng-qiong Deng", "Bin Peng"], "doi": "10.1016/j.joim.2020.02.005", "first_seen_on": "2020-02-28T23:10:11+00:00", "issns": ["2095-4964"], "journal": "Journal of Integrative Medicine", "last_mentioned_on": 1584290427, "links": ["https://www.sciencedirect.com/science/article/pii/S2095496420300157", "https://www.ncbi.nlm.nih.gov/pubmed/32113846?dopt=Abstract&utm_source=dlvr.it&utm_medium=twitter", "https://www.sciencedirect.com/science/article/pii/S2095496420300157?via%3Dihub", "https://www.ncbi.nlm.nih.gov/pubmed/32113846/"], "pmid": "32113846", "pubdate": "2020-02-01T00:00:00+00:00", "title": "In silico screening of Chinese herbal medicines with the potential to directly inhibit 2019 novel coronavirus", "type": "article"}, "altmetric_score": {"score": 8.5, "score_history": {"1y": 8.5, "6m": 8.5, "3m": 8.5, "1m": 8.5, "1w": 2.5, "6d": 2.25, "5d": 1, "4d": 1, "3d": 1, "2d": 0, "1d": 0, "at": 8.5}, "context_for_score": {"all": {"total_number_of_other_articles": 14515774, "mean": 8.4677073350393, "rank": 2125866, "this_scored_higher_than_pct": 85, "this_scored_higher_than": 12383142, "rank_type": "exact", "sample_size": 14515774, "percentile": 85}, "similar_age_3m": {"total_number_of_other_articles": 159823, "mean": 14.35310044925, "rank": 32137, "this_scored_higher_than_pct": 79, "this_scored_higher_than": 127581, "rank_type": "exact", "sample_size": 159823, "percentile": 79}, "this_journal": {"total_number_of_other_articles": 190, "mean": 8.4954814814815, "rank": 36, "this_scored_higher_than_pct": 80, "this_scored_higher_than": 153, "rank_type": "exact", "sample_size": 190, "percentile": 80}, "similar_age_this_journal_3m": {"total_number_of_other_articles": 7, "mean": 2.475, "rank": 2, "this_scored_higher_than_pct": 71, "this_scored_higher_than": 5, "rank_type": "exact", "sample_size": 7, "percentile": 71}}}, "demographics": {"poster_types": {"member_of_the_public": 10, "researcher": 1, "practitioner": 2}, "users": {"twitter": {"cohorts": {"Members of the public": 10, "Practitioners (doctors, other healthcare professionals)": 2, "Scientists": 1}}}, "geo": {"twitter": {"US": 2, "AU": 2, "IT": 1}}}, "posts": {"twitter": [{"license": "gnip", "citation_ids": [76818974], "author": {"tweeter_id": "2900266259"}, "tweet_id": "1233526034219311107"}, {"license": "gnip", "citation_ids": [76818974], "author": {"tweeter_id": "4760254244"}, "tweet_id": "1233725691453202433"}, {"license": "gnip", "citation_ids": [76818974], "author": {"tweeter_id": "53630217"}, "tweet_id": "1234759947872694272"}, {"license": "gnip", "citation_ids": [76818974], "author": {"tweeter_id": "1191745846615957506"}, "tweet_id": "1234796550351491073"}, {"license": "gnip", "citation_ids": [76818974], "author": {"tweeter_id": "1214232500664295424"}, "tweet_id": "1235147739349975040"}, {"license": "gnip", "citation_ids": [76818974], "author": {"tweeter_id": "14217881"}, "tweet_id": "1236022620807737345"}, {"license": "gnip", "citation_ids": [76818974], "author": {"tweeter_id": "738184695599357953"}, "tweet_id": "1236025720977141760"}, {"license": "gnip", "citation_ids": [76818974], "author": {"tweeter_id": "135452469"}, "tweet_id": "1236207600020013056"}, {"license": "gnip", "citation_ids": [76818974], "author": {"tweeter_id": "3930553048"}, "tweet_id": "1237073416110440448"}, {"license": "gnip", "citation_ids": [76818974], "author": {"tweeter_id": "1141340430514003968"}, "tweet_id": "1237777334289260545"}, {"license": "gnip", "citation_ids": [76818974], "author": {"tweeter_id": "280135735"}, "tweet_id": "1238009601762758656"}, {"license": "gnip", "citation_ids": [76818974], "author": {"tweeter_id": "974419373531324418"}, "tweet_id": "1238013490041950210"}, {"license": "gnip", "citation_ids": [76818974], "author": {"tweeter_id": "925906897554751488"}, "tweet_id": "1239229987783233538"}]}, "score": 8.5, "images": {"small": "https://badges.altmetric.com/?size=64&score=9&types=tttttttt", "medium": "https://badges.altmetric.com/?size=100&score=9&types=tttttttt", "large": "https://badges.altmetric.com/?size=180&score=9&types=tttttttt"}}