{"altmetric_id": 75123431, "counts": {"readers": {"mendeley": 0, "citeulike": 0, "connotea": 0}, "total": {"posts_count": 42}, "twitter": {"unique_users_count": 29, "posts_count": 35}, "news": {"unique_users_count": 2, "unique_users": ["le_scienze", "medicalxpress"], "posts_count": 2}, "blogs": {"unique_users_count": 1, "unique_users": [79362], "posts_count": 1}, "reddit": {"unique_users_count": 1, "unique_users": ["IIWIIM8"], "posts_count": 4}}, "citation": {"altmetric_jid": "4f6fa6293cf058f610007d52", "authors": ["Carmine Ceraolo", "Federico M. Giorgi"], "doi": "10.1002/jmv.25700", "first_seen_on": "2020-02-06T12:19:07+00:00", "handles": [], "isbns": [], "issns": ["0146-6615", "1096-9071"], "journal": "Journal of Medical Virology", "last_mentioned_on": 1584222248, "links": ["https://onlinelibrary.wiley.com/doi/abs/10.1002/jmv.25700", "https://www.ncbi.nlm.nih.gov/pubmed/32027036?dopt=Abstract&utm_source=dlvr.it&utm_medium=twitter", "https://doi.org/10.1002/jmv.25700", "http://dx.doi.org/10.1002/jmv.25700", "https://onlinelibrary.wiley.com/doi/abs/10.1002/jmv.25700?fbclid=IwAR0k1-bJV9gdoVp6ujab-giXy30jFr2eGcYu1Y3FEVnH1rASt7EyDEzQAc8", "https://www.ncbi.nlm.nih.gov/m/pubmed/32027036/", "https://www.ncbi.nlm.nih.gov/pubmed/32027036", "https://onlinelibrary.wiley.com/doi/pdf/10.1002/jmv.25700", "https://onlinelibrary.wiley.com/doi/abs/10.1002/jmv.25700#.XkHHcwMSKz8.twitter", "https://onlinelibrary.wiley.com/doi/full/10.1002/jmv.25700"], "pdf_url": "https://onlinelibrary.wiley.com/doi/pdf/10.1002/jmv.25700", "pmid": "32027036", "pubdate": "2020-05-01T00:00:00+00:00", "epubdate": "2020-02-19T00:00:00+00:00", "publisher": "Wiley", "publisher_subjects": [{"name": "Medical Microbiology", "scheme": "era"}, {"name": "Microbiology", "scheme": "era"}, {"name": "Artificial Intelligence And Image Processing", "scheme": "era"}], "scopus_subjects": ["Health Sciences", "Life Sciences", "Medicine", "Immunology and Microbiology"], "title": "Genomic variance of the 2019\u2010nCoV coronavirus", "type": "article"}, "altmetric_score": {"score": 38.53, "score_history": {"1y": 38.53, "6m": 38.53, "3m": 38.53, "1m": 5.85, "1w": 1, "6d": 1, "5d": 1, "4d": 1, "3d": 0, "2d": 0, "1d": 0, "at": 38.53}, "context_for_score": {"all": {"total_number_of_other_articles": 14515774, "mean": 8.4677073350393, "rank": 497023, "this_scored_higher_than_pct": 96, "this_scored_higher_than": 14018707, "rank_type": "exact", "sample_size": 14515774, "percentile": 96}, "similar_age_3m": {"total_number_of_other_articles": 234038, "mean": 13.758693351906, "rank": 13558, "this_scored_higher_than_pct": 94, "this_scored_higher_than": 220478, "rank_type": "exact", "sample_size": 234038, "percentile": 94}, "this_journal": {"total_number_of_other_articles": 2767, "mean": 7.8847049891539, "rank": 36, "this_scored_higher_than_pct": 98, "this_scored_higher_than": 2731, "rank_type": "exact", "sample_size": 2767, "percentile": 98}, "similar_age_this_journal_3m": {"total_number_of_other_articles": 19, "mean": 4.8611111111111, "rank": 2, "this_scored_higher_than_pct": 89, "this_scored_higher_than": 17, "rank_type": "exact", "sample_size": 19, "percentile": 89}}}, "demographics": {"poster_types": {"member_of_the_public": 18, "researcher": 10, "science_communicator": 1}, "users": {"twitter": {"cohorts": {"Scientists": 10, "Members of the public": 18, "Science communicators (journalists, bloggers, editors)": 1}}}, "geo": {"twitter": {"IT": 4, "BR": 1, "US": 7, "CA": 2, "AR": 1, "DE": 1}}}, "posts": {"twitter": [{"license": "gnip", "citation_ids": [75123431], "author": {"tweeter_id": "548416279"}, "tweet_id": "1225393424188215297"}, {"license": "gnip", "citation_ids": [75123431], "author": {"tweeter_id": "66429081"}, "tweet_id": "1225393771082387457"}, {"license": "gnip", "citation_ids": [75123431], "author": {"tweeter_id": "2559387109"}, "tweet_id": "1225401362789343232"}, {"license": "gnip", "citation_ids": [75123431], "author": {"tweeter_id": "611699110"}, "tweet_id": "1225417629629919232"}, {"license": "gnip", "citation_ids": [75123431], "author": {"tweeter_id": "1189721425546039296"}, "tweet_id": "1225462955614932992"}, {"license": "gnip", "citation_ids": [75123431], "author": {"tweeter_id": "14465282"}, "tweet_id": "1225503284082958337"}, {"license": "gnip", "citation_ids": [75123431], "author": {"tweeter_id": "1095493969"}, "tweet_id": "1225513213900533761"}, {"license": "gnip", "citation_ids": [75123431], "author": {"tweeter_id": "356144167"}, "tweet_id": "1225515992505311232"}, {"license": "gnip", "citation_ids": [75123431], "author": {"tweeter_id": "1142442819799441409"}, "tweet_id": "1225516558899908609"}, {"license": "gnip", "citation_ids": [75123431], "author": {"tweeter_id": "1191745846615957506"}, "tweet_id": "1225737364141563904"}, {"license": "gnip", "citation_ids": [75123431], "author": {"tweeter_id": "978618752840404992"}, "tweet_id": "1225779757112950784"}, {"license": "gnip", "citation_ids": [75123431], "author": {"tweeter_id": "790549608074096640"}, "tweet_id": "1226022831500120064"}, {"license": "gnip", "citation_ids": [75123431], "author": {"tweeter_id": "1057027456765452293"}, "tweet_id": "1226113488759803904"}, {"license": "gnip", "citation_ids": [75123431], "author": {"tweeter_id": "2874807761"}, "tweet_id": "1226295170498347008"}, {"license": "gnip", "citation_ids": [75123431], "author": {"tweeter_id": "2910149688"}, "tweet_id": "1226329638466535424"}, {"license": "gnip", "citation_ids": [75123431], "author": {"tweeter_id": "732787392722182144"}, "tweet_id": "1226642564826247170"}, {"license": "gnip", "citation_ids": [75123431], "author": {"tweeter_id": "373113388"}, "tweet_id": "1226977559277166592"}, {"license": "gnip", "citation_ids": [75123431], "author": {"tweeter_id": "1214232500664295424"}, "tweet_id": "1227245664964202496"}, {"license": "gnip", "citation_ids": [75123431], "author": {"tweeter_id": "1185019073354178560"}, "tweet_id": "1227247174464999426"}, {"license": "gnip", "citation_ids": [75123431], "author": {"tweeter_id": "1057027456765452293"}, "tweet_id": "1227563037080641537"}, {"license": "gnip", "citation_ids": [75123431], "author": {"tweeter_id": "1230019555"}, "tweet_id": "1228433284864106496"}, {"license": "gnip", "citation_ids": [75123431], "author": {"tweeter_id": "749287970742472708"}, "tweet_id": "1228434222655864834"}, {"license": "gnip", "citation_ids": [75123431], "author": {"tweeter_id": "1165973597942427648"}, "tweet_id": "1231852657289158656"}, {"license": "gnip", "citation_ids": [75123431, 75792537, 75025528, 74692253, 75008535, 75025567], "author": {"tweeter_id": "19766166"}, "tweet_id": "1231897608479793153"}, {"license": "gnip", "citation_ids": [75123431], "author": {"tweeter_id": "4389623489"}, "tweet_id": "1233461708993241088"}, {"license": "gnip", "citation_ids": [75123431], "author": {"tweeter_id": "899308266748080128"}, "tweet_id": "1233646744761704448"}, {"license": "gnip", "citation_ids": [75123431], "author": {"tweeter_id": "899308266748080128"}, "tweet_id": "1233674936683769861"}, {"license": "gnip", "citation_ids": [75123431], "author": {"tweeter_id": "611699110"}, "tweet_id": "1235232188230180864"}, {"license": "gnip", "citation_ids": [75123431], "author": {"tweeter_id": "611699110"}, "tweet_id": "1235233897681649667"}, {"license": "gnip", "citation_ids": [75123431], "author": {"tweeter_id": "611699110"}, "tweet_id": "1235358712417660929"}, {"license": "gnip", "citation_ids": [75123431], "author": {"tweeter_id": "1929528906"}, "tweet_id": "1235378674506944512"}, {"license": "gnip", "citation_ids": [75123431], "author": {"tweeter_id": "825997464"}, "tweet_id": "1235635229584433154"}, {"license": "gnip", "citation_ids": [75123431], "author": {"tweeter_id": "110263832"}, "tweet_id": "1235658848708460548"}, {"license": "gnip", "citation_ids": [75123431], "author": {"tweeter_id": "1929528906"}, "tweet_id": "1236525745112903680"}, {"license": "gnip", "citation_ids": [75123431], "author": {"tweeter_id": "1229373349765185536"}, "tweet_id": "1238944025467641858"}], "news": [{"title": "Coronavirus 2019-nCoV: la pi\u00f9 grande meta-analisi di tutti i genomi sequenziati", "url": "http://ct.moreover.com/?a=41318918278&p=1pl&v=1&x=LvAd9ltoxL50R26VMrZB0A", "license": "public", "citation_ids": [75123431], "posted_on": "2020-02-06T17:35:31+00:00", "summary": "La pi\u00f9 grande meta-analisi realizzata di tutti i genomi finora sequenziati del coronavirus 2019-nCoV conferma la sua origine nei pipistrelli e mostra una bassa eterogeneit\u00e0: il virus \u00e8 poco mutabile.", "author": {"name": "Le Scienze", "url": "http://www.lescienze.it/", "image": "https://s3.amazonaws.com/weyland.altmetric.com/news_sources/logos/000/000/291/normal/Screen_Shot_2016-02-02_at_16.32.55.png?1454430788"}}, {"title": "Coronavirus 2019-nCoV:  The largest meta-analysis of the sequenced genomes of the virus", "url": "http://ct.moreover.com/?a=41324439922&p=1pl&v=1&x=W46msJ9eO1jiKrOfkXxi5Q", "license": "public", "citation_ids": [75123431, 75123431], "posted_on": "2020-02-07T15:10:34+00:00", "summary": "The largest analysis of coronavirus 2019-nCoV genomes that have been sequenced so far confirms that the virus originates in bats and shows a low virus heterogeneity.", "author": {"name": "MedicalXpress", "url": "http://medicalxpress.com/", "image": "https://s3.amazonaws.com/weyland.altmetric.com/news_sources/logos/000/000/152/normal/image.png?1369925783"}}], "blogs": [{"title": "New coronavirus: largest meta-analysis yet answers important questions", "url": "http://healthcare-in-europe.com/en/article/22785.html", "license": "public", "citation_ids": [75123431], "posted_on": "2020-02-07T13:49:01+00:00", "summary": "Scientists at the University of Bologna have conducted the largest analysis of coronavirus 2019-nCoV genomes sequenced so far. This analysis confirms that the virus originates in bats and shows a low variability: the virus heterogeneity is low. At the same", "author": {"name": "Healthcare in Europe", "url": "https://healthcare-in-europe.com/"}}], "reddit": [{"title": "Genomic variance of the 2019\u2010nCoV coronavirus (Peer-Reviewed) | 06FEB20", "url": "http://www.reddit.com/r/nCoV/comments/f0925u/genomic_variance_of_the_2019ncov_coronavirus/", "license": "public", "citation_ids": [75123431], "posted_on": "2020-02-07T11:11:43+00:00", "author": {"name": "IIWIIM8", "url": "http://www.reddit.com/r/ncov", "id_on_source": "ncov", "followers": 24, "subreddit": "Novel coronavirus (2019-nCoV) \"nCoV\""}}, {"title": "Genomic variance of the 2019\u2010nCoV coronavirus (Peer-Reviewed) | 06FEB20", "url": "http://www.reddit.com/r/disease/comments/f092la/genomic_variance_of_the_2019ncov_coronavirus/", "license": "public", "citation_ids": [75123431], "posted_on": "2020-02-07T11:12:57+00:00", "author": {"name": "IIWIIM8", "url": "http://www.reddit.com/r/disease", "id_on_source": "disease", "followers": 17, "subreddit": "Reddit Disease"}}, {"title": "Genomic variance of the 2019\u2010nCoV coronavirus (Peer-Reviewed) | 06FEB20", "url": "http://www.reddit.com/r/Influenza/comments/f09653/genomic_variance_of_the_2019ncov_coronavirus/", "license": "public", "citation_ids": [75123431], "posted_on": "2020-02-07T11:23:52+00:00", "author": {"name": "IIWIIM8", "url": "http://www.reddit.com/r/influenza", "id_on_source": "influenza"}}, {"title": "Genomic variance of the 2019\u2010nCoV coronavirus (Peer-Reviewed) | 06FEB20", "url": "http://www.reddit.com/r/infectiousdisease/comments/f092sj/genomic_variance_of_the_2019ncov_coronavirus/", "license": "public", "citation_ids": [75123431], "posted_on": "2020-02-07T11:13:35+00:00", "author": {"name": "IIWIIM8", "url": "http://www.reddit.com/r/infectiousdisease", "id_on_source": "infectiousdisease", "followers": 3, "subreddit": "For those interested in emergent, resurgent and historical infectious disease."}}]}, "score": 38.53, "images": {"small": "https://badges.altmetric.com/?size=64&score=39&types=mbrttttt", "medium": "https://badges.altmetric.com/?size=100&score=39&types=mbrttttt", "large": "https://badges.altmetric.com/?size=180&score=39&types=mbrttttt"}}