{"altmetric_id": 65567748, "counts": {"readers": {"citeulike": "0", "mendeley": "8", "connotea": "0"}, "facebook": {"unique_users_count": 1, "unique_users": ["133123003429972"], "posts_count": 1}, "total": {"posts_count": 17}, "twitter": {"unique_users_count": 14, "posts_count": 16}}, "citation": {"aggregate_citation_ids": [65567746, 65567751, 65567752, 65567753, 65567754, 65567755, 65567756, 65567757, 65567758, 65567759, 65567760, 65567762, 65567763, 65567764, 65567765, 65567768, 65567769, 65567771, 65567770, 65567772, 65567773, 77034196], "attribution": "springer_nature", "book_cover_url": "https://s3-eu-west-1.amazonaws.com/bookcovers.altmetric.com/covers.springernature.com/62d2/1c0247bb2ff8852049aa5e946e57.jpg", "chapters": [{"altmetric_id": 65567746, "title": "Accessing Cryptosporidium Omic and Isolate Data via CryptoDB.org", "ordinal_number": 10}, {"altmetric_id": 65567751, "title": "A Novel Method to Silence Genes in Cryptosporidium", "ordinal_number": 11}, {"altmetric_id": 65567752, "title": "Cell Culture Infectivity to Assess Chlorine Disinfection of Cryptosporidium Oocysts in Water", "ordinal_number": 16}, {"altmetric_id": 65567753, "title": "Genetic Manipulation of Cryptosporidium parvum with CRISPR/Cas9", "ordinal_number": 13}, {"altmetric_id": 65567754, "title": "Mouse Models for Use in Cryptosporidium Infection Studies and Quantification of Parasite Burden Using Flow Cytometry, qPCR, and Histopathology", "ordinal_number": 14}, {"altmetric_id": 65567755, "title": "Cryptosporidium Diagnostic Assays: Microscopy", "ordinal_number": 1}, {"altmetric_id": 65567756, "title": "Calf Clinical Model of Cryptosporidiosis for Efficacy Evaluation of Therapeutics", "ordinal_number": 15}, {"altmetric_id": 65567757, "title": "Use of miRNAs to Study Host Cell\u2013Parasite Interactions", "ordinal_number": 12}, {"altmetric_id": 65567758, "title": "Cryptosporidium Diagnostic Assays: Molecular Detection", "ordinal_number": 2}, {"altmetric_id": 65567759, "title": "In Vitro Culture of Cryptosporidium parvum Using Hollow Fiber Bioreactor: Applications for Simultaneous Pharmacokinetic and Pharmacodynamic Evaluation of Test Compounds", "ordinal_number": 19}, {"altmetric_id": 65567760, "title": "High-Content Screening for Cryptosporidium Drug Discovery", "ordinal_number": 17}, {"altmetric_id": 65567762, "title": "High-Throughput Screening of Drugs Against the Growth of Cryptosporidium parvum In Vitro by qRT-PCR", "ordinal_number": 18}, {"altmetric_id": 65567763, "title": "Detection of Cryptosporidium Recovered from Large-Volume Water Samples Using Dead-End Ultrafiltration", "ordinal_number": 3}, {"altmetric_id": 65567764, "title": "Two- and Three-Dimensional Bioengineered Human Intestinal Tissue Models for Cryptosporidium", "ordinal_number": 21}, {"altmetric_id": 65567765, "title": "Cryptosporidium Oocyst Purification Using Discontinuous Gradient Centrifugation", "ordinal_number": 4}, {"altmetric_id": 65567768, "title": "Production and Purification of Functional Cryptosporidium Glycoproteins by Heterologous Expression in Toxoplasma gondii", "ordinal_number": 6}, {"altmetric_id": 65567769, "title": "Preparation of Cryptosporidium DNA for Whole Genome Sequencing", "ordinal_number": 9}, {"altmetric_id": 65567770, "title": "Cryptosporidium Genotyping for Epidemiology Tracking", "ordinal_number": 7}, {"altmetric_id": 65567771, "title": "Use of Markers to Determine Cryptosporidium Genotypes for Epidemiology Tracking and Detection", "ordinal_number": 8}, {"altmetric_id": 65567772, "title": "In Vitro Culture of Cryptosporidium parvum Using Stem Cell-Derived Intestinal Epithelial Monolayers", "ordinal_number": 20}, {"altmetric_id": 65567773, "title": "Measuring Cryptosporidium Serologic Responses by Multiplex Bead Assay", "ordinal_number": 5}, {"altmetric_id": 77034196, "title": "Correction to: Accessing Cryptosporidium Omic and Isolate Data via CryptoDB.org", "ordinal_number": null}], "doi": "10.1007/978-1-4939-9748-0", "editors": ["Jan R. Mead", "Michael J. Arrowood"], "first_seen_on": "2019-08-28T16:47:04+00:00", "isbns": ["9781493997473", "9781493997480"], "issns": [], "last_mentioned_on": 1583421043, "links": ["https://doi.org/10.1007/978-1-4939-9748-0", "https://link.springer.com/book/10.1007/978-1-4939-9748-0?wt_mc=alerts.TOCseries"], "pubdate": "2020-01-01T00:00:00+00:00", "publisher": "Springer New York", "title": "Cryptosporidium", "type": "book", "mendeley_url": "https://www.mendeley.com/catalogue/3446b724-e0a5-38cd-84f0-c2d56229cc93/"}, "altmetric_score": {"score": 6.5, "score_history": {"1y": 6.5, "6m": 1.75, "3m": 0.75, "1m": 0.75, "1w": 0, "6d": 0, "5d": 0, "4d": 0, "3d": 0, "2d": 0, "1d": 0, "at": 6.5}, "context_for_score": null}, "demographics": {"poster_types": {"member_of_the_public": 9, "researcher": 2, "science_communicator": 3}, "users": {"twitter": {"cohorts": {"Members of the public": 9, "Science communicators (journalists, bloggers, editors)": 3, "Scientists": 2}}, "mendeley": {"by_status": {"Student  > Postgraduate": 1, "Researcher": 2, "Student  > Master": 1, "Student  > Doctoral Student": 1, "Lecturer": 1, "Other": 1}, "by_discipline": {"Immunology and Microbiology": 1, "Agricultural and Biological Sciences": 1, "Nursing and Health Professions": 1, "Biochemistry, Genetics and Molecular Biology": 2, "Environmental Science": 1, "Veterinary Science and Veterinary Medicine": 1}}}, "geo": {"twitter": {"US": 2, "GB": 2}}}, "posts": {"twitter": [{"license": "gnip", "citation_ids": [65567746, 65567748], "author": {"tweeter_id": "1029472313132105728"}, "tweet_id": "1166753948746694656"}, {"license": "gnip", "citation_ids": [65567746, 65567748], "author": {"tweeter_id": "335879714"}, "tweet_id": "1166787698121674752"}, {"license": "gnip", "citation_ids": [65567746, 65567748], "author": {"tweeter_id": "773825419372064768"}, "tweet_id": "1166818746461081600"}, {"license": "gnip", "citation_ids": [65567746, 65567748], "author": {"tweeter_id": "1461517040"}, "tweet_id": "1167037488071880705"}, {"license": "gnip", "citation_ids": [65567746, 65567748], "author": {"tweeter_id": "1362199675"}, "tweet_id": "1167053215659155456"}, {"license": "gnip", "citation_ids": [65567746, 65567748], "author": {"tweeter_id": "268830189"}, "tweet_id": "1167490962278371328"}, {"license": "gnip", "citation_ids": [65567746, 65567748], "author": {"tweeter_id": "1242386226"}, "tweet_id": "1167518789908520965"}, {"license": "gnip", "citation_ids": [65567746, 65567748], "author": {"tweeter_id": "921020948001841154"}, "tweet_id": "1168134155546218496"}, {"license": "gnip", "citation_ids": [65567746, 65567748], "author": {"tweeter_id": "226603725"}, "tweet_id": "1168139656765927425"}, {"license": "gnip", "citation_ids": [65567746, 65567748], "author": {"tweeter_id": "1151412650"}, "tweet_id": "1173209670007177217"}, {"license": "gnip", "citation_ids": [65567746, 65567748], "author": {"tweeter_id": "39351968"}, "tweet_id": "1174817640247750656"}, {"license": "gnip", "citation_ids": [65567769, 65567748], "author": {"tweeter_id": "830668515359100929"}, "tweet_id": "1166760868488417281"}, {"license": "gnip", "citation_ids": [65567758, 65567748], "author": {"tweeter_id": "830668515359100929"}, "tweet_id": "1166760867343429632"}, {"license": "gnip", "citation_ids": [65567768, 65567748], "author": {"tweeter_id": "1000108504714166272"}, "tweet_id": "1166787039229988864"}, {"license": "gnip", "citation_ids": [65567748], "author": {"tweeter_id": "1575659701"}, "tweet_id": "1167537556390633474"}, {"license": "gnip", "citation_ids": [77034196, 65567748], "author": {"tweeter_id": "1029472313132105728"}, "tweet_id": "1235158804360089600"}], "facebook": [{"title": "Accessing Cryptosporidium Omic and Isolate Data via CryptoDB.org", "url": "https://www.facebook.com/permalink.php?story_fbid=2777365919005654&id=133123003429972", "license": "public", "citation_ids": [65567746, 65567748], "posted_on": "2020-03-05T15:10:43+00:00", "summary": "Accessing Cryptosporidium Omic and Isolate Data via CryptoDB.org.  \nOur 2019 chapter that was part of Methods in Molecular Biology volume 2052 is now open access. \n\nhttps://link.springer.com/protocol/10.1007/978-1-4939-9748-0_10", "author": {"name": "EuPathDB", "url": "https://www.facebook.com/133123003429972", "facebook_wall_name": "EuPathDB", "image": "https://graph.facebook.com/133123003429972/picture", "id_on_source": "133123003429972"}}]}, "score": 6.5, "images": {"small": "https://badges.altmetric.com/?size=64&score=7&types=tttttttf", "medium": "https://badges.altmetric.com/?size=100&score=7&types=tttttttf", "large": "https://badges.altmetric.com/?size=180&score=7&types=tttttttf"}}