{"altmetric_id": 76716152, "counts": {"readers": {"mendeley": 0, "citeulike": 0, "connotea": 0}, "total": {"posts_count": 0}}, "citation": {"aggregated_in": [76716145], "authors": ["Khadija Khataby", "Yassine Kasmi", "Amal Souiri", "Chafiqa Loutfi", "Moulay Mustapha Ennaji"], "book": {"title": "Emerging and Reemerging Viral Pathogens", "isbns": ["9780128149669"], "uri": "https://www.elsevier.com/books/emerging-and-reemerging-viral-pathogens/ennaji/978-0-12-814966-9"}, "doi": "10.1016/b978-0-12-814966-9.00004-4", "first_seen_on": "2020-02-26T23:22:49+00:00", "issns": [], "journal": "Emerging and Reemerging Viral Pathogens", "links": ["https://doi.org/10.1016/b978-0-12-814966-9.00004-4"], "pubdate": "2020-01-01T00:00:00+00:00", "title": "Molecular Modeling of Major Structural Protein Genes of Avian Coronavirus: Infectious Bronchitis Virus Mass H120 and Italy02 Strains", "type": "chapter"}, "altmetric_score": {"score": 0, "score_history": {"1y": 0, "6m": 0, "3m": 0, "1m": 0, "1w": 0, "6d": 0, "5d": 0, "4d": 0, "3d": 0, "2d": 0, "1d": 0, "at": 0}, "context_for_score": null}, "demographics": [], "posts": [], "score": 0, "images": {"small": "https://badges.altmetric.com/?size=64&score=?&types=????????", "medium": "https://badges.altmetric.com/?size=100&score=?&types=????????", "large": "https://badges.altmetric.com/?size=180&score=?&types=????????"}}