{"altmetric_id": 77204863, "counts": {"readers": {"mendeley": 0, "citeulike": 0, "connotea": 0}, "total": {"posts_count": 4}, "twitter": {"unique_users_count": 4, "posts_count": 4}}, "citation": {"altmetric_jid": "4f6fa6063cf058f6100067c4", "authors": ["Pu Yang", "Pin Liu", "Dan Li", "Dongchi Zhao"], "doi": "10.1016/j.jinf.2020.02.024", "first_seen_on": "2020-03-08T09:38:44+00:00", "issns": ["0163-4453"], "journal": "Journal of Infection", "last_mentioned_on": 1584428411, "links": ["https://www.ncbi.nlm.nih.gov/pubmed/32142929", "https://www.journalofinfection.com/article/S0163-4453(20)30105-5/fulltext"], "pmid": "32142929", "pubdate": "2020-03-01T00:00:00+00:00", "publisher_subjects": [{"name": "Clinical Sciences", "scheme": "era"}], "scopus_subjects": ["Medicine", "Health Sciences"], "title": "Corona Virus Disease 2019, a growing threat to children?", "type": "article"}, "altmetric_score": {"score": 3.25, "score_history": {"1y": 3.25, "6m": 3.25, "3m": 3.25, "1m": 3.25, "1w": 1, "6d": 1, "5d": 1, "4d": 1, "3d": 1, "2d": 1, "1d": 1, "at": 3.25}, "context_for_score": {"all": {"total_number_of_other_articles": 14511678, "mean": 8.4630890268464, "rank": 4279137, "this_scored_higher_than_pct": 69, "this_scored_higher_than": 10151674, "rank_type": "exact", "sample_size": 14511678, "percentile": 69}, "similar_age_3m": {"total_number_of_other_articles": 147450, "mean": 13.860649187177, "rank": 52672, "this_scored_higher_than_pct": 64, "this_scored_higher_than": 94414, "rank_type": "exact", "sample_size": 147450, "percentile": 64}, "this_journal": {"total_number_of_other_articles": 1540, "mean": 5.1861195581546, "rank": 468, "this_scored_higher_than_pct": 68, "this_scored_higher_than": 1060, "rank_type": "exact", "sample_size": 1540, "percentile": 68}, "similar_age_this_journal_3m": {"total_number_of_other_articles": 42, "mean": 10.22756097561, "rank": 20, "this_scored_higher_than_pct": 47, "this_scored_higher_than": 20, "rank_type": "exact", "sample_size": 42, "percentile": 47}}}, "demographics": {"poster_types": {"member_of_the_public": 4}, "users": {"twitter": {"cohorts": {"Members of the public": 4}}}, "geo": {"twitter": {"FR": 1, "JP": 1, "TR": 1}}}, "posts": {"twitter": [{"license": "gnip", "citation_ids": [77204863], "author": {"tweeter_id": "1099494762296397824"}, "tweet_id": "1236587083386572800"}, {"license": "gnip", "citation_ids": [77204863], "author": {"tweeter_id": "3096661451"}, "tweet_id": "1237165550331191298"}, {"license": "gnip", "citation_ids": [77204863], "author": {"tweeter_id": "1068075059019837441"}, "tweet_id": "1237205403852656640"}, {"license": "gnip", "citation_ids": [77204863], "author": {"tweeter_id": "3855925533"}, "tweet_id": "1239808733800251393"}]}, "score": 3.25, "images": {"small": "https://badges.altmetric.com/?size=64&score=4&types=tttttttt", "medium": "https://badges.altmetric.com/?size=100&score=4&types=tttttttt", "large": "https://badges.altmetric.com/?size=180&score=4&types=tttttttt"}}