{"altmetric_id": 75797699, "counts": {"readers": {"mendeley": 0, "citeulike": 0, "connotea": 0}, "total": {"posts_count": 298}, "twitter": {"unique_users_count": 263, "posts_count": 287}, "facebook": {"unique_users_count": 6, "unique_users": ["87087958340", "350608135122729", "1641376719474459", "267374533279124", "740616222666735", "232539313439847"], "posts_count": 6}, "news": {"unique_users_count": 4, "unique_users": ["healthline", "medical_marketing_and_media", "renal_urology_news", "clinical_advisor"], "posts_count": 4}, "blogs": {"unique_users_count": 1, "unique_users": [56603], "posts_count": 1}}, "citation": {"altmetric_jid": "4f6fa4ee3cf058f610002c38", "authors": ["David L. Swerdlow", "Lyn Finelli"], "doi": "10.1001/jama.2020.1960", "first_seen_on": "2020-02-11T17:00:29+00:00", "issns": ["0098-7484"], "journal": "JAMA: Journal of the American Medical Association", "last_mentioned_on": 1584278677, "links": ["https://jamanetwork.com/journals/jama/fullarticle/2761285?guestAccessKey=ffea51e7-6e19-488c-97b9-79009299c627&utm_source=twitter&utm_medium=social_jama&utm_term=3112411162&utm_campaign=article_alert&linkId=82140352", "https://jamanetwork.com/journals/jama/fullarticle/2761285?utm_source=twitter&utm_campaign=content-shareicons&utm_content=article_engagement&utm_medium=social&utm_term=021120#.XkLfuI0In4Q.twitter", "https://jamanetwork.com/journals/jama/fullarticle/2761285?utm_source=twitter&utm_campaign=content-shareicons&utm_content=article_engagement&utm_medium=social&utm_term=021120#.XkLgmVO0l6k.twitter", "https://jamanetwork.com/journals/jama/fullarticle/2761285", "https://jamanetwork.com/journals/jama/fullarticle/2761285?guestAccessKey=58726818-72cd-4ad7-9b18-1e5b6fe028fd&utm_source=For_The_Media&utm_medium=referral&utm_campaign=ftm_links&utm_content=tfl&utm_term=021120", "https://jamanetwork.com/journals/jama/fullarticle/2761285?utm_source=twitter&utm_campaign=content-shareicons&utm_content=article_engagement&utm_medium=social&utm_term=021120#.XkMXkTU6aAo.twitter", "https://jamanetwork.com/journals/jama/fullarticle/2761285?utm_source=twitter&utm_campaign=content-shareicons&utm_content=article_engagement&utm_medium=social&utm_term=021120#.XkMo0ADY01Q.twitter", "https://jamanetwork.com/journals/jama/fullarticle/2761285?utm_source=twitter&utm_campaign=content-shareicons&utm_content=article_engagement&utm_medium=social&utm_term=021120#.XkMv-WyxP6M.twitter", "https://jamanetwork.com/journals/jama/fullarticle/2761285?guestAccessKey=bf7233c1-a23d-4ca5-832b-4a21ebf5cb17&utm_source=silverchair&utm_medium=email&utm_campaign=article_alert-jama&utm_content=olf&utm_term=021120", "https://jamanetwork.com/journals/jama/fullarticle/2761285?utm_source=twitter&utm_campaign=content-shareicons&utm_content=article_engagement&utm_medium=social&utm_term=021220#.XkM7Z_vRri8.twitter", "https://jamanetwork.com/journals/jama/fullarticle/2761285?guestAccessKey=ffea51e7-6e19-488c-97b9-79009299c627&utm_source=fbpage&utm_medium=social_jama&utm_term=3112411161&utm_campaign=article_alert&linkId=82140353", "https://jamanetwork.com/journals/jama/fullarticle/2761285?utm_source=twitter&utm_campaign=content-shareicons&utm_content=article_engagement&utm_medium=social&utm_term=021120#.XkNN29xOuW0.twitter", "https://jamanetwork.com/journals/jama/fullarticle/2761285?utm_source=linkedin&utm_campaign=content-shareicons&utm_content=article_engagement&utm_medium=social&utm_term=021120#.XkMlbAGFTTs.linkedin", "https://jamanetwork.com/journals/jama/fullarticle/2761285?utm_source=twitter&utm_campaign=content-shareicons&utm_content=article_engagement&utm_medium=social&utm_term=021220#.XkOU6nRPOfA.twitter", "https://jamanetwork.com/journals/jama/fullarticle/2761285?utm_source=linkedin&utm_campaign=content-shareicons&utm_content=article_engagement&utm_medium=social&utm_term=021220#.XkOi6_f-cY0.linkedin", "https://jamanetwork.com/journals/jama/fullarticle/2761285?guestAccessKey=bf7233c1-a23d-4ca5-832b-4a21ebf5cb17&utm_sourcesilverchair&utm_medium=email&utm_campaign=article_alert-jama&utm_content=olf&utm_term=021120", "https://jamanetwork.com/journals/jama/fullarticle/2761285?utm_source=twitter&utm_campaign=content-shareicons&utm_content=article_engagement&utm_medium=social&utm_term=021220#.XkPASQ5h6wY.twitter", "https://www.ncbi.nlm.nih.gov/pubmed/32044915?dopt=Abstract&utm_source=dlvr.it&utm_medium=twitter", "https://jamanetwork.com/journals/jama/fullarticle/2761285?utm_source=twitter&utm_campaign=content-shareicons&utm_content=article_engagement&utm_medium=social&utm_term=021120#.XkPrzby5aQ0.twitter", "https://jamanetwork.com/journals/jama/fullarticle/2761285?utm_source=twitter&utm_campaign=content-shareicons&utm_content=article_engagement&utm_medium=social&utm_term=021220#.XkPtbMxEC10.twitter", "https://jamanetwork.com/journals/jama/fullarticle/2761285?utm_source=twitter&utm_campaign=content-shareicons&utm_content=article_engagement&utm_medium=social&utm_term=021220#.XkPy5OOYxho.twitter", "https://jamanetwork.com/journals/jama/fullarticle/2761285?utm_source=twitter&utm_campaign=content-shareicons&utm_content=article_engagement&utm_medium=social&utm_term=021220#.XkQdmRutXqk.twitter", "https://jamanetwork.com/journals/jama/fullarticle/2761285?utm_source=twitter&utm_campaign=content-shareicons&utm_content=article_engagement&utm_medium=social&utm_term=021220#.XkQeaStze3s.twitter", "https://jamanetwork.com/journals/jama/fullarticle/2761285?utm_source=twitter&utm_campaign=content-shareicons&utm_content=article_engagement&utm_medium=social&utm_term=021220#.XkQ7hEXovKA.twitter", "https://www.ncbi.nlm.nih.gov/pubmed/32044915", "https://jamanetwork.com/journals/jama/fullarticle/2761285?utm_source=twitter&utm_campaign=content-shareicons&utm_content=article_engagement&utm_medium=social&utm_term=021320#.XkUKnCRNfwA.twitter", "https://jamanetwork.com/journals/jama/fullarticle/2761285?utm_source=twitter&utm_campaign=content-shareicons&utm_content=article_engagement&utm_medium=social&utm_term=021320#.XkVqZpGYyDY.twitter", "https://www.ncbi.nlm.nih.gov/m/pubmed/32044915/", "https://jamanetwork.com/journals/jama/fullarticle/2761285?utm_source=twitter&utm_campaign=content-shareicons&utm_content=article_engagement&utm_medium=social&utm_term=021420#.XkZ2nKnSKcc.twitter", "https://jamanetwork.com/journals/jama/fullarticle/2761285?utm_source=twitter&utm_campaign=content-shareicons&utm_content=article_engagement&utm_medium=social&utm_term=021420#.XkdKaiTWn70.twitter", "https://jamanetwork.com/journals/jama/fullarticle/2761285?utm_source=twitter&utm_campaign=content-shareicons&utm_content=article_engagement&utm_medium=social&utm_term=021620#.XkliAbM0spE.twitter", "https://jamanetwork.com/journals/jama/fullarticle/2761285?utm_source=twitter&utm_campaign=content-shareicons&utm_content=article_engagement&utm_medium=social&utm_term=021620#.XkljSPFXPok.twitter", "https://jamanetwork.com/journals/jama/fullarticle/2761285?utm_source=twitter&utm_campaign=content-shareicons&utm_content=article_engagement&utm_medium=social&utm_term=021620#.Xklyk8L8-a0.twitter", "https://jamanetwork.com/journals/jama/fullarticle/2761285?guestAccessKey=bf7233c1-a23d-4ca5-832b-4a21ebf5cb17&utm_source=silverchair&utm_medium=email&utm_campaign=article_alert-jama&utm_content=olf&utm_term=021120&fbclid=IwAR32_co-Mwki45EwJDdQG1AQ3KlVL2S0IsfIaA-xCOJl8-Pxrth-BjugCgY", "https://jamanetwork.com/journals/jama/fullarticle/2761285?utm_source=twitter&utm_campaign=content-shareicons&utm_content=article_engagement&utm_medium=social&utm_term=021720#.XkmavQMiooc.twitter", "https://jamanetwork.com/journals/jama/fullarticle/2761285?utm_source=twitter&utm_campaign=content-shareicons&utm_content=article_engagement&utm_medium=social&utm_term=021620#.XkoEvkWCJ8g.twitter", "https://jamanetwork.com/journals/jama/fullarticle/2761285?utm_source=dlvr.it&utm_medium=twitter", "https://jamanetwork.com/journals/jama/fullarticle/2761285?utm_source=twitter&utm_campaign=content-shareicons&utm_content=article_engagement&utm_medium=social&utm_term=021720#.Xkro3x-h-OQ.twitter", "https://jamanetwork.com/journals/jama/fullarticle/2761285?utm_source=twitter&utm_campaign=content-shareicons&utm_content=article_engagement&utm_medium=social&utm_term=021920#.Xk1QBDVy8Ok.twitter", "https://jamanetwork.com/journals/jama/fullarticle/2761285?utm_source=twitter&utm_campaign=content-shareicons&utm_content=article_engagement&utm_medium=social&utm_term=022220#.XlE_W3CGEks.twitter", "https://jamanetwork.com/journals/jama/fullarticle/2761285?utm_source=twitter&utm_campaign=content-shareicons&utm_content=article_engagement&utm_medium=social&utm_term=022220#.XlGgmwmIwuR.twitter", "https://jamanetwork.com/journals/jama/fullarticle/2761285?guestAccessKey=a403139e-ec0e-40cc-bb21-cf2966551940&utm_content=weekly_highlights&utm_term=022220&utm_source=silverchair&utm_campaign=jama_network&cmp=1&utm_medium=email", "https://jamanetwork.com/journals/jama/fullarticle/2761285?utm_source=twitter&utm_campaign=content-shareicons&utm_content=article_engagement&utm_medium=social&utm_term=022520#.XlVFHrimAtk.twitter", "https://jamanetwork.com/journals/jama/fullarticle/2761285?utm_source=twitter&utm_medium=social_jama&utm_campaign=amplification&utm_term=twdk&utm_content=manual_eha", "https://jamanetwork.com/journals/jama/fullarticle/2761285?utm_source=twitter&utm_campaign=content-shareicons&utm_content=article_engagement&utm_medium=social&utm_term=022820#.XlhS7tgCjaU.twitter", "http://dx.doi.org/10.1001/jama.2020.1960"], "pdf_url": "https://jamanetwork.com/journals/jama/articlepdf/2761285/jama_swerdlow_2020_vp_200020.pdf", "pmid": "32044915", "epubdate": "2020-02-11T00:00:00+00:00", "publisher_subjects": [{"name": "Medical And Health Sciences", "scheme": "era"}], "scopus_subjects": ["Medicine", "Health Sciences"], "title": "Preparation for Possible Sustained Transmission of 2019 Novel Coronavirus", "type": "article"}, "altmetric_score": {"score": 205.5, "score_history": {"1y": 205.5, "6m": 205.5, "3m": 205.5, "1m": 66.75, "1w": 21, "6d": 21, "5d": 14, "4d": 1, "3d": 1, "2d": 0, "1d": 0, "at": 205.5}, "context_for_score": {"all": {"total_number_of_other_articles": 14518712, "mean": 8.4679625195264, "rank": 73319, "this_scored_higher_than_pct": 99, "this_scored_higher_than": 14445544, "rank_type": "exact", "sample_size": 14518712, "percentile": 99}, "similar_age_3m": {"total_number_of_other_articles": 231365, "mean": 13.753339300842, "rank": 2315, "this_scored_higher_than_pct": 98, "this_scored_higher_than": 229050, "rank_type": "exact", "sample_size": 231365, "percentile": 98}, "this_journal": {"total_number_of_other_articles": 26809, "mean": 51.887326096688, "rank": 1501, "this_scored_higher_than_pct": 94, "this_scored_higher_than": 25308, "rank_type": "exact", "sample_size": 26809, "percentile": 94}, "similar_age_this_journal_3m": {"total_number_of_other_articles": 320, "mean": 228.87728526646, "rank": 59, "this_scored_higher_than_pct": 81, "this_scored_higher_than": 261, "rank_type": "exact", "sample_size": 320, "percentile": 81}}}, "demographics": {"poster_types": {"member_of_the_public": 193, "researcher": 35, "practitioner": 26, "science_communicator": 9}, "users": {"twitter": {"cohorts": {"Practitioners (doctors, other healthcare professionals)": 26, "Members of the public": 193, "Science communicators (journalists, bloggers, editors)": 9, "Scientists": 35}}}, "geo": {"twitter": {"US": 62, "CH": 1, "CA": 13, "MY": 4, "VE": 2, "MX": 3, "CY": 1, "ES": 7, "PE": 1, "IT": 7, "GB": 10, "ZA": 1, "JP": 4, "IE": 1, "SG": 2, "BE": 1, "AR": 1, "AU": 10, "FR": 1, "VN": 1, "KR": 1, "CI": 1, "GE": 1, "PH": 2, "PT": 1, "PK": 1}}}, "posts": {"twitter": [{"license": "gnip", "citation_ids": [75797699], "author": {"tweeter_id": "38489678"}, "tweet_id": "1227276122204844032"}, {"license": "gnip", "citation_ids": [75797699], "author": {"tweeter_id": "869967070984851457"}, "tweet_id": "1227276145781084162"}, {"license": "gnip", "citation_ids": [75797699], "author": {"tweeter_id": "197888677"}, "tweet_id": "1227276462404898818"}, {"license": "gnip", "citation_ids": [75797699], "author": {"tweeter_id": "33614752"}, "tweet_id": "1227277287030214656"}, {"license": "gnip", "citation_ids": [75797699], "author": {"tweeter_id": "715923426"}, "tweet_id": "1227278470948016128"}, {"license": "gnip", "citation_ids": [75797699], "author": {"tweeter_id": "1397689640"}, "tweet_id": "1227279152862154753"}, {"license": "gnip", "citation_ids": [75797699], "author": {"tweeter_id": "1177941571628654598"}, "tweet_id": "1227279387348865025"}, {"license": "gnip", "citation_ids": [75797699], "author": {"tweeter_id": "1056917890891501568"}, "tweet_id": "1227279612037795841"}, {"license": "gnip", "citation_ids": [75797699], "author": {"tweeter_id": "63374737"}, "tweet_id": "1227281937590554625"}, {"license": "gnip", "citation_ids": [75797699], "author": {"tweeter_id": "25988523"}, "tweet_id": "1227288138390749184"}, {"license": "gnip", "citation_ids": [75797699], "author": {"tweeter_id": "139429992"}, "tweet_id": "1227292618733899778"}, {"license": "gnip", "citation_ids": [75797699], "author": {"tweeter_id": "209440231"}, "tweet_id": "1227298344147542018"}, {"license": "gnip", "citation_ids": [75797699], "author": {"tweeter_id": "17181265"}, "tweet_id": "1227298937054298118"}, {"license": "gnip", "citation_ids": [75797699], "author": {"tweeter_id": "1007590775817932800"}, "tweet_id": "1227305169085456388"}, {"license": "gnip", "citation_ids": [75797699], "author": {"tweeter_id": "3298328944"}, "tweet_id": "1227308415392894976"}, {"license": "gnip", "citation_ids": [75797699], "author": {"tweeter_id": "49021133"}, "tweet_id": "1227338650842804225"}, {"license": "gnip", "citation_ids": [75797699], "author": {"tweeter_id": "482684544"}, "tweet_id": "1227356922073972736"}, {"license": "gnip", "citation_ids": [75797699], "author": {"tweeter_id": "17563139"}, "tweet_id": "1227359925417971713"}, {"license": "gnip", "citation_ids": [75797699], "author": {"tweeter_id": "807865098"}, "tweet_id": "1227364608949669888"}, {"license": "gnip", "citation_ids": [75797699], "author": {"tweeter_id": "3146685524"}, "tweet_id": "1227367197468741632"}, {"license": "gnip", "citation_ids": [75797699], "author": {"tweeter_id": "218704965"}, "tweet_id": "1227376885866254336"}, {"license": "gnip", "citation_ids": [75797699], "author": {"tweeter_id": "114071133"}, "tweet_id": "1227376930804006912"}, {"license": "gnip", "citation_ids": [75797699], "author": {"tweeter_id": "18439451"}, "tweet_id": "1227377041768509440"}, {"license": "gnip", "citation_ids": [75797699], "author": {"tweeter_id": "16499925"}, "tweet_id": "1227383074511605767"}, {"license": "gnip", "citation_ids": [75797699], "author": {"tweeter_id": "36810829"}, "tweet_id": "1227384580921069568"}, {"license": "gnip", "citation_ids": [75797699], "author": {"tweeter_id": "803021544721182720"}, "tweet_id": "1227385545782910981"}, {"license": "gnip", "citation_ids": [75797699], "author": {"tweeter_id": "1335693206"}, "tweet_id": "1227396739101024257"}, {"license": "gnip", "citation_ids": [75797699], "author": {"tweeter_id": "582161546"}, "tweet_id": "1227396843232825344"}, {"license": "gnip", "citation_ids": [75797699], "author": {"tweeter_id": "2347501496"}, "tweet_id": "1227397616973099015"}, {"license": "gnip", "citation_ids": [75797699], "author": {"tweeter_id": "1031308505968340992"}, "tweet_id": "1227398139390226432"}, {"license": "gnip", "citation_ids": [75797699], "author": {"tweeter_id": "79594985"}, "tweet_id": "1227398341039923200"}, {"license": "gnip", "citation_ids": [75797699], "author": {"tweeter_id": "142002091"}, "tweet_id": "1227418123986489344"}, {"license": "gnip", "citation_ids": [75797699], "author": {"tweeter_id": "186496117"}, "tweet_id": "1227432184358764544"}, {"license": "gnip", "citation_ids": [75797699], "author": {"tweeter_id": "170554164"}, "tweet_id": "1227434888137043968"}, {"license": "gnip", "citation_ids": [75797699], "author": {"tweeter_id": "300589072"}, "tweet_id": "1227460305468481538"}, {"license": "gnip", "citation_ids": [75797699], "author": {"tweeter_id": "1181289726"}, "tweet_id": "1227461363653582848"}, {"license": "gnip", "citation_ids": [75797699], "author": {"tweeter_id": "17759330"}, "tweet_id": "1227473007620349954"}, {"license": "gnip", "citation_ids": [75797699], "author": {"tweeter_id": "217945249"}, "tweet_id": "1227474651401596928"}, {"license": "gnip", "citation_ids": [75797699], "author": {"tweeter_id": "1938009402"}, "tweet_id": "1227475335278661634"}, {"license": "gnip", "citation_ids": [75797699], "author": {"tweeter_id": "47512768"}, "tweet_id": "1227475626535374850"}, {"license": "gnip", "citation_ids": [75797699], "author": {"tweeter_id": "245431514"}, "tweet_id": "1227488336815611905"}, {"license": "gnip", "citation_ids": [75797699], "author": {"tweeter_id": "17657107"}, "tweet_id": "1227488464523972608"}, {"license": "gnip", "citation_ids": [75797699], "author": {"tweeter_id": "2591058223"}, "tweet_id": "1227489321726304256"}, {"license": "gnip", "citation_ids": [75797699], "author": {"tweeter_id": "55572514"}, "tweet_id": "1227491712483897344"}, {"license": "gnip", "citation_ids": [75797699], "author": {"tweeter_id": "398987599"}, "tweet_id": "1227491818289467392"}, {"license": "gnip", "citation_ids": [75797699], "author": {"tweeter_id": "2957887285"}, "tweet_id": "1227492198058299392"}, {"license": "gnip", "citation_ids": [75797699], "author": {"tweeter_id": "1061622836"}, "tweet_id": "1227497037693739013"}, {"license": "gnip", "citation_ids": [75797699], "author": {"tweeter_id": "1010599074377150464"}, "tweet_id": "1227500369174917120"}, {"license": "gnip", "citation_ids": [75797699], "author": {"tweeter_id": "244560668"}, "tweet_id": "1227505727847026689"}, {"license": "gnip", "citation_ids": [75797699], "author": {"tweeter_id": "3964564157"}, "tweet_id": "1227510923377725441"}, {"license": "gnip", "citation_ids": [75797699], "author": {"tweeter_id": "1164527955399401472"}, "tweet_id": "1227512808373456898"}, {"license": "gnip", "citation_ids": [75797699], "author": {"tweeter_id": "3190708573"}, "tweet_id": "1227513599939076096"}, {"license": "gnip", "citation_ids": [75797699], "author": {"tweeter_id": "2455622770"}, "tweet_id": "1227519647559376896"}, {"license": "gnip", "citation_ids": [75797699], "author": {"tweeter_id": "2770211378"}, "tweet_id": "1227520057057648648"}, {"license": "gnip", "citation_ids": [75797699], "author": {"tweeter_id": "9721812"}, "tweet_id": "1227531341841018881"}, {"license": "gnip", "citation_ids": [75797699], "author": {"tweeter_id": "3168092856"}, "tweet_id": "1227534228100771840"}, {"license": "gnip", "citation_ids": [75797699], "author": {"tweeter_id": "350296091"}, "tweet_id": "1227534869200281601"}, {"license": "gnip", "citation_ids": [75797699], "author": {"tweeter_id": "1191745846615957506"}, "tweet_id": "1227549298222452736"}, {"license": "gnip", "citation_ids": [75797699], "author": {"tweeter_id": "1221861811571580928"}, "tweet_id": "1227549806601625600"}, {"license": "gnip", "citation_ids": [75797699], "author": {"tweeter_id": "2332368062"}, "tweet_id": "1227552515614441473"}, {"license": "gnip", "citation_ids": [75797699], "author": {"tweeter_id": "1646897677"}, "tweet_id": "1227557006485180416"}, {"license": "gnip", "citation_ids": [75797699], "author": {"tweeter_id": "1011297792"}, "tweet_id": "1227563116638220289"}, {"license": "gnip", "citation_ids": [75797699], "author": {"tweeter_id": "1140782828"}, "tweet_id": "1227563710455205888"}, {"license": "gnip", "citation_ids": [75797699], "author": {"tweeter_id": "106154235"}, "tweet_id": "1227563777710792704"}, {"license": "gnip", "citation_ids": [75797699], "author": {"tweeter_id": "118408895"}, "tweet_id": "1227566386345627649"}, {"license": "gnip", "citation_ids": [75797699], "author": {"tweeter_id": "978970980994469888"}, "tweet_id": "1227567005903007745"}, {"license": "gnip", "citation_ids": [75797699], "author": {"tweeter_id": "118408895"}, "tweet_id": "1227568052608339968"}, {"license": "gnip", "citation_ids": [75797699], "author": {"tweeter_id": "31227588"}, "tweet_id": "1227573944108142593"}, {"license": "gnip", "citation_ids": [75797699], "author": {"tweeter_id": "2342768816"}, "tweet_id": "1227579355473248261"}, {"license": "gnip", "citation_ids": [75797699], "author": {"tweeter_id": "2925696507"}, "tweet_id": "1227586211579035650"}, {"license": "gnip", "citation_ids": [75797699], "author": {"tweeter_id": "23184067"}, "tweet_id": "1227593512385961985"}, {"license": "gnip", "citation_ids": [75797699], "author": {"tweeter_id": "3792095833"}, "tweet_id": "1227602960638603264"}, {"license": "gnip", "citation_ids": [75797699], "author": {"tweeter_id": "899102209970810880"}, "tweet_id": "1227618439419715585"}, {"license": "gnip", "citation_ids": [75797699], "author": {"tweeter_id": "2504624659"}, "tweet_id": "1227619762089234432"}, {"license": "gnip", "citation_ids": [75797699], "author": {"tweeter_id": "479051963"}, "tweet_id": "1227620722257743873"}, {"license": "gnip", "citation_ids": [75797699], "author": {"tweeter_id": "15586341"}, "tweet_id": "1227626239222902784"}, {"license": "gnip", "citation_ids": [75797699], "author": {"tweeter_id": "18800238"}, "tweet_id": "1227626367782735872"}, {"license": "gnip", "citation_ids": [75797699], "author": {"tweeter_id": "1115002609390239745"}, "tweet_id": "1227628032841650177"}, {"license": "gnip", "citation_ids": [75797699], "author": {"tweeter_id": "3069964341"}, "tweet_id": "1227652410681778177"}, {"license": "gnip", "citation_ids": [75797699], "author": {"tweeter_id": "147594153"}, "tweet_id": "1227663438694043658"}, {"license": "gnip", "citation_ids": [75797699], "author": {"tweeter_id": "194818089"}, "tweet_id": "1227663562119749638"}, {"license": "gnip", "citation_ids": [75797699], "author": {"tweeter_id": "367561906"}, "tweet_id": "1227663657477255168"}, {"license": "gnip", "citation_ids": [75797699], "author": {"tweeter_id": "367878837"}, "tweet_id": "1227663821591982086"}, {"license": "gnip", "citation_ids": [75797699], "author": {"tweeter_id": "1583321544"}, "tweet_id": "1227666960361627653"}, {"license": "gnip", "citation_ids": [75797699], "author": {"tweeter_id": "932460679"}, "tweet_id": "1227699540649742340"}, {"license": "gnip", "citation_ids": [75797699], "author": {"tweeter_id": "1099494762296397824"}, "tweet_id": "1227701029560561665"}, {"license": "gnip", "citation_ids": [75797699], "author": {"tweeter_id": "244560668"}, "tweet_id": "1227708625101213699"}, {"license": "gnip", "citation_ids": [75797699], "author": {"tweeter_id": "141923742"}, "tweet_id": "1227715251472338950"}, {"license": "gnip", "citation_ids": [75797699], "author": {"tweeter_id": "780345816561033216"}, "tweet_id": "1227718008505806849"}, {"license": "gnip", "citation_ids": [75797699], "author": {"tweeter_id": "46933541"}, "tweet_id": "1227720291926859776"}, {"license": "gnip", "citation_ids": [75797699], "author": {"tweeter_id": "243843732"}, "tweet_id": "1227741044315435008"}, {"license": "gnip", "citation_ids": [75797699], "author": {"tweeter_id": "54664757"}, "tweet_id": "1227741044101525504"}, {"license": "gnip", "citation_ids": [75797699], "author": {"tweeter_id": "423767883"}, "tweet_id": "1227748136573116426"}, {"license": "gnip", "citation_ids": [75797699], "author": {"tweeter_id": "38489678"}, "tweet_id": "1227755721137311744"}, {"license": "gnip", "citation_ids": [75797699], "author": {"tweeter_id": "1227463337908326402"}, "tweet_id": "1227756397661696006"}, {"license": "gnip", "citation_ids": [75797699], "author": {"tweeter_id": "525813230"}, "tweet_id": "1227758585012248576"}, {"license": "gnip", "citation_ids": [75797699], "author": {"tweeter_id": "371187428"}, "tweet_id": "1227874459220135937"}, {"license": "gnip", "citation_ids": [75797699], "author": {"tweeter_id": "4895209536"}, "tweet_id": "1227883138656792576"}, {"license": "gnip", "citation_ids": [75797699], "author": {"tweeter_id": "45112691"}, "tweet_id": "1227908507988582400"}, {"license": "gnip", "citation_ids": [75797699], "author": {"tweeter_id": "786257233944338432"}, "tweet_id": "1227909539741212672"}, {"license": "gnip", "citation_ids": [75797699], "author": {"tweeter_id": "1214232500664295424"}, "tweet_id": "1227916377308246016"}, {"license": "gnip", "citation_ids": [75797699], "author": {"tweeter_id": "1214232500664295424"}, "tweet_id": "1227916851113410560"}, {"license": "gnip", "citation_ids": [75797699], "author": {"tweeter_id": "1185019073354178560"}, "tweet_id": "1227918135514337280"}, {"license": "gnip", "citation_ids": [75797699], "author": {"tweeter_id": "1185019073354178560"}, "tweet_id": "1227918144511119360"}, {"license": "gnip", "citation_ids": [75797699], "author": {"tweeter_id": "1449051398"}, "tweet_id": "1227977116068663296"}, {"license": "gnip", "citation_ids": [75797699], "author": {"tweeter_id": "20511717"}, "tweet_id": "1228009724001628162"}, {"license": "gnip", "citation_ids": [75797699], "author": {"tweeter_id": "1057027456765452293"}, "tweet_id": "1228016033212096512"}, {"license": "gnip", "citation_ids": [75797699], "author": {"tweeter_id": "456823133"}, "tweet_id": "1228016938787446791"}, {"license": "gnip", "citation_ids": [75797699], "author": {"tweeter_id": "13649002"}, "tweet_id": "1228019037164244992"}, {"license": "gnip", "citation_ids": [75797699], "author": {"tweeter_id": "730848414611718144"}, "tweet_id": "1228084483649306624"}, {"license": "gnip", "citation_ids": [75797699], "author": {"tweeter_id": "323720580"}, "tweet_id": "1228265101167230976"}, {"license": "gnip", "citation_ids": [75797699], "author": {"tweeter_id": "69441276"}, "tweet_id": "1228326151463899136"}, {"license": "gnip", "citation_ids": [75797699], "author": {"tweeter_id": "513980822"}, "tweet_id": "1228341391010357249"}, {"license": "gnip", "citation_ids": [75797699], "author": {"tweeter_id": "1228029332494245888"}, "tweet_id": "1228492550710784001"}, {"license": "gnip", "citation_ids": [75797699], "author": {"tweeter_id": "178814146"}, "tweet_id": "1228797938509451264"}, {"license": "gnip", "citation_ids": [75797699], "author": {"tweeter_id": "30083851"}, "tweet_id": "1229053975690768386"}, {"license": "gnip", "citation_ids": [75797699], "author": {"tweeter_id": "1208880375570632704"}, "tweet_id": "1229054116191559680"}, {"license": "gnip", "citation_ids": [75797699], "author": {"tweeter_id": "1208880375570632704"}, "tweet_id": "1229054247502671875"}, {"license": "gnip", "citation_ids": [75797699], "author": {"tweeter_id": "118051370"}, "tweet_id": "1229054421306368000"}, {"license": "gnip", "citation_ids": [75797699], "author": {"tweeter_id": "3461050156"}, "tweet_id": "1229055013470777344"}, {"license": "gnip", "citation_ids": [75797699], "author": {"tweeter_id": "1221120005099675654"}, "tweet_id": "1229056125468905472"}, {"license": "gnip", "citation_ids": [75797699], "author": {"tweeter_id": "780398153539268608"}, "tweet_id": "1229057420682502150"}, {"license": "gnip", "citation_ids": [75797699], "author": {"tweeter_id": "40762121"}, "tweet_id": "1229058428112449538"}, {"license": "gnip", "citation_ids": [75797699], "author": {"tweeter_id": "1199600300870356992"}, "tweet_id": "1229058474610311173"}, {"license": "gnip", "citation_ids": [75797699], "author": {"tweeter_id": "1225401705266917376"}, "tweet_id": "1229058572685922304"}, {"license": "gnip", "citation_ids": [75797699], "author": {"tweeter_id": "3012355293"}, "tweet_id": "1229058871597158402"}, {"license": "gnip", "citation_ids": [75797699], "author": {"tweeter_id": "1190736890"}, "tweet_id": "1229059257208856582"}, {"license": "gnip", "citation_ids": [75797699], "author": {"tweeter_id": "611699110"}, "tweet_id": "1229059464524857344"}, {"license": "gnip", "citation_ids": [75797699], "author": {"tweeter_id": "76237140"}, "tweet_id": "1229059833506213891"}, {"license": "gnip", "citation_ids": [75797699], "author": {"tweeter_id": "3298328944"}, "tweet_id": "1229060157436502017"}, {"license": "gnip", "citation_ids": [75797699], "author": {"tweeter_id": "2171845156"}, "tweet_id": "1229061421276835841"}, {"license": "gnip", "citation_ids": [75797699], "author": {"tweeter_id": "105081978"}, "tweet_id": "1229062712316940288"}, {"license": "gnip", "citation_ids": [75797699], "author": {"tweeter_id": "288602012"}, "tweet_id": "1229063459981017088"}, {"license": "gnip", "citation_ids": [75797699], "author": {"tweeter_id": "1219998730142867460"}, "tweet_id": "1229064360611504129"}, {"license": "gnip", "citation_ids": [75797699], "author": {"tweeter_id": "3604287076"}, "tweet_id": "1229064840616042496"}, {"license": "gnip", "citation_ids": [75797699], "author": {"tweeter_id": "212757204"}, "tweet_id": "1229065350026686464"}, {"license": "gnip", "citation_ids": [75797699], "author": {"tweeter_id": "34341129"}, "tweet_id": "1229067589109731333"}, {"license": "gnip", "citation_ids": [75797699], "author": {"tweeter_id": "131489119"}, "tweet_id": "1229068392520396801"}, {"license": "gnip", "citation_ids": [75797699], "author": {"tweeter_id": "131489119"}, "tweet_id": "1229068451358093312"}, {"license": "gnip", "citation_ids": [75797699], "author": {"tweeter_id": "131489119"}, "tweet_id": "1229068489538908166"}, {"license": "gnip", "citation_ids": [75797699], "author": {"tweeter_id": "1129812268663934977"}, "tweet_id": "1229068520647995398"}, {"license": "gnip", "citation_ids": [75797699], "author": {"tweeter_id": "131489119"}, "tweet_id": "1229068561756409858"}, {"license": "gnip", "citation_ids": [75797699], "author": {"tweeter_id": "131489119"}, "tweet_id": "1229068608543875072"}, {"license": "gnip", "citation_ids": [75797699], "author": {"tweeter_id": "1191464164377714688"}, "tweet_id": "1229068634452119553"}, {"license": "gnip", "citation_ids": [75797699], "author": {"tweeter_id": "65380234"}, "tweet_id": "1229069081644396544"}, {"license": "gnip", "citation_ids": [75797699], "author": {"tweeter_id": "4886680834"}, "tweet_id": "1229069502157086721"}, {"license": "gnip", "citation_ids": [75797699], "author": {"tweeter_id": "1196953704"}, "tweet_id": "1229072356783656961"}, {"license": "gnip", "citation_ids": [75797699], "author": {"tweeter_id": "4876046333"}, "tweet_id": "1229082792337854464"}, {"license": "gnip", "citation_ids": [75797699], "author": {"tweeter_id": "997187106110955520"}, "tweet_id": "1229085403313033218"}, {"license": "gnip", "citation_ids": [75797699], "author": {"tweeter_id": "1118166812775133185"}, "tweet_id": "1229086910846570499"}, {"license": "gnip", "citation_ids": [75797699], "author": {"tweeter_id": "78544503"}, "tweet_id": "1229098721666719745"}, {"license": "gnip", "citation_ids": [75797699], "author": {"tweeter_id": "1327666400"}, "tweet_id": "1229100549645012992"}, {"license": "gnip", "citation_ids": [75797699], "author": {"tweeter_id": "1015279282283827201"}, "tweet_id": "1229108642345029632"}, {"license": "gnip", "citation_ids": [75797699], "author": {"tweeter_id": "1228775071688380416"}, "tweet_id": "1229118461248516097"}, {"license": "gnip", "citation_ids": [75797699], "author": {"tweeter_id": "31789905"}, "tweet_id": "1229128519948488704"}, {"license": "gnip", "citation_ids": [75797699], "author": {"tweeter_id": "1365314761"}, "tweet_id": "1229130744590675968"}, {"license": "gnip", "citation_ids": [75797699], "author": {"tweeter_id": "928677241596338176"}, "tweet_id": "1229130901906493443"}, {"license": "gnip", "citation_ids": [75797699], "author": {"tweeter_id": "14465282"}, "tweet_id": "1229134499285364736"}, {"license": "gnip", "citation_ids": [75797699], "author": {"tweeter_id": "151477494"}, "tweet_id": "1229139346365640704"}, {"license": "gnip", "citation_ids": [75797699], "author": {"tweeter_id": "64258566"}, "tweet_id": "1229141332628606976"}, {"license": "gnip", "citation_ids": [75797699], "author": {"tweeter_id": "4183379129"}, "tweet_id": "1229157161739132931"}, {"license": "gnip", "citation_ids": [75797699], "author": {"tweeter_id": "1130117345639141378"}, "tweet_id": "1229158402099531776"}, {"license": "gnip", "citation_ids": [75797699], "author": {"tweeter_id": "985849749319356417"}, "tweet_id": "1229158474380124160"}, {"license": "gnip", "citation_ids": [75797699], "author": {"tweeter_id": "1202995576238817280"}, "tweet_id": "1229159077323759617"}, {"license": "gnip", "citation_ids": [75797699], "author": {"tweeter_id": "495326906"}, "tweet_id": "1229160095155511296"}, {"license": "gnip", "citation_ids": [75797699], "author": {"tweeter_id": "1140584370329157632"}, "tweet_id": "1229178062295617536"}, {"license": "gnip", "citation_ids": [75797699], "author": {"tweeter_id": "707674353564041216"}, "tweet_id": "1229187157438410754"}, {"license": "gnip", "citation_ids": [75797699], "author": {"tweeter_id": "910623276778405888"}, "tweet_id": "1229193264361664513"}, {"license": "gnip", "citation_ids": [75797699], "author": {"tweeter_id": "21265859"}, "tweet_id": "1229200295965577216"}, {"license": "gnip", "citation_ids": [75797699], "author": {"tweeter_id": "21265859"}, "tweet_id": "1229200363732910080"}, {"license": "gnip", "citation_ids": [75797699], "author": {"tweeter_id": "439846510"}, "tweet_id": "1229205013555073025"}, {"license": "gnip", "citation_ids": [75797699], "author": {"tweeter_id": "796645155558346752"}, "tweet_id": "1229207134199377926"}, {"license": "gnip", "citation_ids": [75797699], "author": {"tweeter_id": "1222948281505812481"}, "tweet_id": "1229207453981499392"}, {"license": "gnip", "citation_ids": [75797699], "author": {"tweeter_id": "2426189960"}, "tweet_id": "1229232097279250432"}, {"license": "gnip", "citation_ids": [75797699], "author": {"tweeter_id": "723319704710844417"}, "tweet_id": "1229232305962659841"}, {"license": "gnip", "citation_ids": [75797699], "author": {"tweeter_id": "1013570288242581512"}, "tweet_id": "1229233153967108097"}, {"license": "gnip", "citation_ids": [75797699], "author": {"tweeter_id": "125804915"}, "tweet_id": "1229234078190362624"}, {"license": "gnip", "citation_ids": [75797699], "author": {"tweeter_id": "833966905"}, "tweet_id": "1229234928258146304"}, {"license": "gnip", "citation_ids": [75797699], "author": {"tweeter_id": "4203902294"}, "tweet_id": "1229235899700932608"}, {"license": "gnip", "citation_ids": [75797699], "author": {"tweeter_id": "398156194"}, "tweet_id": "1229236010573279232"}, {"license": "gnip", "citation_ids": [75797699], "author": {"tweeter_id": "1218324988966531072"}, "tweet_id": "1229236157902229504"}, {"license": "gnip", "citation_ids": [75797699], "author": {"tweeter_id": "525813230"}, "tweet_id": "1229236167041802240"}, {"license": "gnip", "citation_ids": [75797699], "author": {"tweeter_id": "449966904"}, "tweet_id": "1229236277259591682"}, {"license": "gnip", "citation_ids": [75797699], "author": {"tweeter_id": "174476012"}, "tweet_id": "1229236506637864961"}, {"license": "gnip", "citation_ids": [75797699], "author": {"tweeter_id": "1006925495651446786"}, "tweet_id": "1229237376670715910"}, {"license": "gnip", "citation_ids": [75797699], "author": {"tweeter_id": "1676175931"}, "tweet_id": "1229237662231465987"}, {"license": "gnip", "citation_ids": [75797699], "author": {"tweeter_id": "946741899800522752"}, "tweet_id": "1229237718875549696"}, {"license": "gnip", "citation_ids": [75797699], "author": {"tweeter_id": "1973819822"}, "tweet_id": "1229238202508206082"}, {"license": "gnip", "citation_ids": [75797699], "author": {"tweeter_id": "1223307253236817922"}, "tweet_id": "1229238323954307072"}, {"license": "gnip", "citation_ids": [75797699], "author": {"tweeter_id": "12983812"}, "tweet_id": "1229238663537516544"}, {"license": "gnip", "citation_ids": [75797699], "author": {"tweeter_id": "987911324"}, "tweet_id": "1229238734824071170"}, {"license": "gnip", "citation_ids": [75797699], "author": {"tweeter_id": "4693655024"}, "tweet_id": "1229238748988264448"}, {"license": "gnip", "citation_ids": [75797699], "author": {"tweeter_id": "1136055528273133569"}, "tweet_id": "1229239552189095937"}, {"license": "gnip", "citation_ids": [75797699], "author": {"tweeter_id": "446522112"}, "tweet_id": "1229241090101870593"}, {"license": "gnip", "citation_ids": [75797699], "author": {"tweeter_id": "752848176147726336"}, "tweet_id": "1229241276589105152"}, {"license": "gnip", "citation_ids": [75797699], "author": {"tweeter_id": "316775055"}, "tweet_id": "1229241335288344576"}, {"license": "gnip", "citation_ids": [75797699], "author": {"tweeter_id": "752848176147726336"}, "tweet_id": "1229241588234309632"}, {"license": "gnip", "citation_ids": [75797699], "author": {"tweeter_id": "21990739"}, "tweet_id": "1229243018403663872"}, {"license": "gnip", "citation_ids": [75797699], "author": {"tweeter_id": "1107142212502974465"}, "tweet_id": "1229244255580770304"}, {"license": "gnip", "citation_ids": [75797699], "author": {"tweeter_id": "757358178044678144"}, "tweet_id": "1229245451532226560"}, {"license": "gnip", "citation_ids": [75797699], "author": {"tweeter_id": "265825760"}, "tweet_id": "1229247701340106753"}, {"license": "gnip", "citation_ids": [75797699], "author": {"tweeter_id": "914018537823449088"}, "tweet_id": "1229249443658108928"}, {"license": "gnip", "citation_ids": [75797699], "author": {"tweeter_id": "166381906"}, "tweet_id": "1229257084056690695"}, {"license": "gnip", "citation_ids": [75797699], "author": {"tweeter_id": "147044776"}, "tweet_id": "1229260013392150529"}, {"license": "gnip", "citation_ids": [75797699], "author": {"tweeter_id": "458894206"}, "tweet_id": "1229261557546094592"}, {"license": "gnip", "citation_ids": [75797699], "author": {"tweeter_id": "2351060497"}, "tweet_id": "1229268470170173440"}, {"license": "gnip", "citation_ids": [75797699], "author": {"tweeter_id": "1073332333749645314"}, "tweet_id": "1229272357224812544"}, {"license": "gnip", "citation_ids": [75797699], "author": {"tweeter_id": "335486680"}, "tweet_id": "1229272503656140800"}, {"license": "gnip", "citation_ids": [75797699], "author": {"tweeter_id": "99381512"}, "tweet_id": "1229277927952371712"}, {"license": "gnip", "citation_ids": [75797699], "author": {"tweeter_id": "1222070960150339585"}, "tweet_id": "1229278182039097344"}, {"license": "gnip", "citation_ids": [75797699], "author": {"tweeter_id": "1214232500664295424"}, "tweet_id": "1229281090092716032"}, {"license": "gnip", "citation_ids": [75797699], "author": {"tweeter_id": "153238722"}, "tweet_id": "1229281294174941184"}, {"license": "gnip", "citation_ids": [75797699], "author": {"tweeter_id": "301008663"}, "tweet_id": "1229282057622315008"}, {"license": "gnip", "citation_ids": [75797699], "author": {"tweeter_id": "1867643029"}, "tweet_id": "1229282822046744577"}, {"license": "gnip", "citation_ids": [75797699], "author": {"tweeter_id": "202156110"}, "tweet_id": "1229283955205136385"}, {"license": "gnip", "citation_ids": [75797699], "author": {"tweeter_id": "1185019073354178560"}, "tweet_id": "1229284627254317056"}, {"license": "gnip", "citation_ids": [75797699], "author": {"tweeter_id": "389104963"}, "tweet_id": "1229287718636728320"}, {"license": "gnip", "citation_ids": [75797699], "author": {"tweeter_id": "3769388053"}, "tweet_id": "1229288371987472384"}, {"license": "gnip", "citation_ids": [75797699], "author": {"tweeter_id": "154710564"}, "tweet_id": "1229289872021540865"}, {"license": "gnip", "citation_ids": [75797699], "author": {"tweeter_id": "850751736918704129"}, "tweet_id": "1229290707862589440"}, {"license": "gnip", "citation_ids": [75797699], "author": {"tweeter_id": "337730822"}, "tweet_id": "1229296668140593153"}, {"license": "gnip", "citation_ids": [75797699], "author": {"tweeter_id": "55618086"}, "tweet_id": "1229298795369811969"}, {"license": "gnip", "citation_ids": [75797699], "author": {"tweeter_id": "907419378961940480"}, "tweet_id": "1229323901651451905"}, {"license": "gnip", "citation_ids": [75797699], "author": {"tweeter_id": "1147605472616374274"}, "tweet_id": "1229336370910547969"}, {"license": "gnip", "citation_ids": [75797699], "author": {"tweeter_id": "754644398667726848"}, "tweet_id": "1229339737405546496"}, {"license": "gnip", "citation_ids": [75797699], "author": {"tweeter_id": "976178857610014725"}, "tweet_id": "1229369463910387719"}, {"license": "gnip", "citation_ids": [75797699], "author": {"tweeter_id": "496041865"}, "tweet_id": "1229381840290471937"}, {"license": "gnip", "citation_ids": [75797699], "author": {"tweeter_id": "813174916401025026"}, "tweet_id": "1229381946456887299"}, {"license": "gnip", "citation_ids": [75797699], "author": {"tweeter_id": "2722422829"}, "tweet_id": "1229382418861301763"}, {"license": "gnip", "citation_ids": [75797699], "author": {"tweeter_id": "23397176"}, "tweet_id": "1229388062486036485"}, {"license": "gnip", "citation_ids": [75797699], "author": {"tweeter_id": "627523465"}, "tweet_id": "1229393326891204608"}, {"license": "gnip", "citation_ids": [75797699], "author": {"tweeter_id": "173516546"}, "tweet_id": "1229436057369759744"}, {"license": "gnip", "citation_ids": [75797699], "author": {"tweeter_id": "40879407"}, "tweet_id": "1229450183106351104"}, {"license": "gnip", "citation_ids": [75797699], "author": {"tweeter_id": "2511288769"}, "tweet_id": "1229455781952720898"}, {"license": "gnip", "citation_ids": [75797699], "author": {"tweeter_id": "1221552436407500800"}, "tweet_id": "1229465222437453824"}, {"license": "gnip", "citation_ids": [75797699], "author": {"tweeter_id": "2414645220"}, "tweet_id": "1229487286049529866"}, {"license": "gnip", "citation_ids": [75797699], "author": {"tweeter_id": "1185019073354178560"}, "tweet_id": "1229488474950160385"}, {"license": "gnip", "citation_ids": [75797699], "author": {"tweeter_id": "1185019073354178560"}, "tweet_id": "1229488476124565509"}, {"license": "gnip", "citation_ids": [75797699], "author": {"tweeter_id": "1216916479"}, "tweet_id": "1229489057010462720"}, {"license": "gnip", "citation_ids": [75797699], "author": {"tweeter_id": "22764348"}, "tweet_id": "1229489749745897474"}, {"license": "gnip", "citation_ids": [75797699], "author": {"tweeter_id": "801225433588957185"}, "tweet_id": "1229489944542007298"}, {"license": "gnip", "citation_ids": [75797699], "author": {"tweeter_id": "3236350644"}, "tweet_id": "1229491431057887232"}, {"license": "gnip", "citation_ids": [75797699], "author": {"tweeter_id": "1251634902"}, "tweet_id": "1229494630464606208"}, {"license": "gnip", "citation_ids": [75797699], "author": {"tweeter_id": "2279566128"}, "tweet_id": "1229505829306417152"}, {"license": "gnip", "citation_ids": [75797699], "author": {"tweeter_id": "2279566128"}, "tweet_id": "1229518699259777025"}, {"license": "gnip", "citation_ids": [75797699], "author": {"tweeter_id": "1468070353"}, "tweet_id": "1229526404792045572"}, {"license": "gnip", "citation_ids": [75797699], "author": {"tweeter_id": "608568292"}, "tweet_id": "1229531518571335684"}, {"license": "gnip", "citation_ids": [75797699], "author": {"tweeter_id": "833966905"}, "tweet_id": "1229537565629267968"}, {"license": "gnip", "citation_ids": [75797699], "author": {"tweeter_id": "1220745239981199360"}, "tweet_id": "1229539018137886720"}, {"license": "gnip", "citation_ids": [75797699], "author": {"tweeter_id": "42062583"}, "tweet_id": "1229545368301588480"}, {"license": "gnip", "citation_ids": [75797699], "author": {"tweeter_id": "3187144393"}, "tweet_id": "1229552172632723456"}, {"license": "gnip", "citation_ids": [75797699], "author": {"tweeter_id": "345313651"}, "tweet_id": "1229585165980139523"}, {"license": "gnip", "citation_ids": [75797699], "author": {"tweeter_id": "8699032"}, "tweet_id": "1229622716828987394"}, {"license": "gnip", "citation_ids": [75797699], "author": {"tweeter_id": "31789905"}, "tweet_id": "1229962611074027520"}, {"license": "gnip", "citation_ids": [75797699], "author": {"tweeter_id": "414180885"}, "tweet_id": "1230147799586689026"}, {"license": "gnip", "citation_ids": [75797699], "author": {"tweeter_id": "72661647"}, "tweet_id": "1230195560042442764"}, {"license": "gnip", "citation_ids": [75797699], "author": {"tweeter_id": "1639243010"}, "tweet_id": "1230233185910501377"}, {"license": "gnip", "citation_ids": [75797699], "author": {"tweeter_id": "2260104096"}, "tweet_id": "1230661740511232000"}, {"license": "gnip", "citation_ids": [75797699], "author": {"tweeter_id": "2295351633"}, "tweet_id": "1231229416346398721"}, {"license": "gnip", "citation_ids": [75797699], "author": {"tweeter_id": "376081155"}, "tweet_id": "1231253859680407553"}, {"license": "gnip", "citation_ids": [75797699], "author": {"tweeter_id": "1113136650"}, "tweet_id": "1231262442509881344"}, {"license": "gnip", "citation_ids": [75797699], "author": {"tweeter_id": "2820876022"}, "tweet_id": "1231301083789549568"}, {"license": "gnip", "citation_ids": [75797699], "author": {"tweeter_id": "18566907"}, "tweet_id": "1231333862028042240"}, {"license": "gnip", "citation_ids": [75797699], "author": {"tweeter_id": "1672141952"}, "tweet_id": "1231343136418549761"}, {"license": "gnip", "citation_ids": [75797699], "author": {"tweeter_id": "21147300"}, "tweet_id": "1231506156566106112"}, {"license": "gnip", "citation_ids": [75797699], "author": {"tweeter_id": "1111141276705972225"}, "tweet_id": "1231506339379048448"}, {"license": "gnip", "citation_ids": [75797699], "author": {"tweeter_id": "821074685953769472"}, "tweet_id": "1231508536259047424"}, {"license": "gnip", "citation_ids": [75797699], "author": {"tweeter_id": "987844879"}, "tweet_id": "1231539978112356353"}, {"license": "gnip", "citation_ids": [75797699], "author": {"tweeter_id": "212757204"}, "tweet_id": "1231604419512291328"}, {"license": "gnip", "citation_ids": [75797699], "author": {"tweeter_id": "948780827575451648"}, "tweet_id": "1231610959233503235"}, {"license": "gnip", "citation_ids": [75797699], "author": {"tweeter_id": "212757204"}, "tweet_id": "1231725855371485184"}, {"license": "gnip", "citation_ids": [75797699], "author": {"tweeter_id": "17184930"}, "tweet_id": "1231731813090938881"}, {"license": "gnip", "citation_ids": [75797699, 3132183], "author": {"tweeter_id": "136361615"}, "tweet_id": "1231757199132614656"}, {"license": "gnip", "citation_ids": [75797699], "author": {"tweeter_id": "2901324041"}, "tweet_id": "1231779289713930240"}, {"license": "gnip", "citation_ids": [75797699], "author": {"tweeter_id": "38877373"}, "tweet_id": "1231803304503496705"}, {"license": "gnip", "citation_ids": [75797699, 3132183], "author": {"tweeter_id": "820128080"}, "tweet_id": "1231870920077250560"}, {"license": "gnip", "citation_ids": [75797699], "author": {"tweeter_id": "303339927"}, "tweet_id": "1232042513969500161"}, {"license": "gnip", "citation_ids": [75797699], "author": {"tweeter_id": "1129139808431816705"}, "tweet_id": "1232069785036288001"}, {"license": "gnip", "citation_ids": [75797699], "author": {"tweeter_id": "14081445"}, "tweet_id": "1232077466941837313"}, {"license": "gnip", "citation_ids": [75797699], "author": {"tweeter_id": "479051963"}, "tweet_id": "1232335190397091840"}, {"license": "gnip", "citation_ids": [75797699], "author": {"tweeter_id": "404920570"}, "tweet_id": "1232372627001499648"}, {"license": "gnip", "citation_ids": [75797699], "author": {"tweeter_id": "1112755821295755264"}, "tweet_id": "1233174604866297856"}, {"license": "gnip", "citation_ids": [75797699], "author": {"tweeter_id": "1123492894508310528"}, "tweet_id": "1233262630401380352"}, {"license": "gnip", "citation_ids": [75797699], "author": {"tweeter_id": "2342630384"}, "tweet_id": "1233660815695392769"}, {"license": "gnip", "citation_ids": [75797699], "author": {"tweeter_id": "2338484714"}, "tweet_id": "1233712577282269185"}, {"license": "gnip", "citation_ids": [75797699], "author": {"tweeter_id": "783615541"}, "tweet_id": "1233780794306547712"}, {"license": "gnip", "citation_ids": [75797699], "author": {"tweeter_id": "45969151"}, "tweet_id": "1239180705105657866"}], "facebook": [{"title": "Preparation for Possible Sustained Transmission of 2019 Novel Coronavirus", "url": "https://www.facebook.com/permalink.php?story_fbid=10156891091428341&id=87087958340", "license": "public", "citation_ids": [75797699], "posted_on": "2020-02-11T17:00:19+00:00", "summary": "This Viewpoint discusses the concepts of transmissibility and severity as the critical factors that determine the extent of an epidemic, drawing on the previous pandemic of influenza A(H1N1) and epidemics of SARS and MERS to consider what the scope, morbid", "author": {"name": "JAMA", "url": "https://www.facebook.com/87087958340", "facebook_wall_name": "JAMA, Journal of the American Medical Association", "image": "https://graph.facebook.com/87087958340/picture", "id_on_source": "87087958340"}}, {"title": "JAMA", "url": "https://www.facebook.com/permalink.php?story_fbid=1289643604552506&id=350608135122729", "license": "public", "citation_ids": [75797699], "posted_on": "2020-02-12T05:20:17+00:00", "summary": "This Viewpoint discusses the concepts of transmissibility and severity as the critical factors that determine the extent of an epidemic, drawing on the previous pandemic of influenza A(H1N1) and epidemics of SARS and MERS to consider what the scope, morbid", "author": {"name": "CardioAcademic", "url": "https://www.facebook.com/350608135122729", "facebook_wall_name": "CardioAcademic", "image": "https://graph.facebook.com/350608135122729/picture", "id_on_source": "350608135122729"}}, {"title": "Preparation for Possible Sustained Transmission of 2019 Novel Coronavirus", "url": "https://www.facebook.com/permalink.php?story_fbid=2601899676755487&id=1641376719474459", "license": "public", "citation_ids": [75797699], "posted_on": "2020-02-11T18:49:33+00:00", "summary": "This Viewpoint discusses the concepts of transmissibility and severity as the critical factors that determine the extent of an epidemic, drawing on the previous pandemic of influenza A(H1N1) and epidemics of SARS and MERS to consider what the scope, morbid", "author": {"name": "Colegio M\u00e9dicos Postgraduados IMSS A.C.", "url": "https://www.facebook.com/1641376719474459", "facebook_wall_name": "Colegio M\u00e9dicos Postgraduados IMSS A.C.", "image": "https://graph.facebook.com/1641376719474459/picture", "id_on_source": "1641376719474459"}}, {"title": "Preparation for Possible Sustained Transmission of 2019 Novel Coronavirus", "url": "https://www.facebook.com/permalink.php?story_fbid=3425078560842023&id=267374533279124", "license": "public", "citation_ids": [75797699], "posted_on": "2020-02-12T01:12:21+00:00", "summary": "This Viewpoint discusses the concepts of transmissibility and severity as the critical factors that determine the extent of an epidemic, drawing on the previous pandemic of influenza A(H1N1) and epidemics of SARS and MERS to consider what the scope, morbid", "author": {"name": "Journal of Occupational and Environmental Medicine", "url": "https://www.facebook.com/267374533279124", "facebook_wall_name": "Journal of Occupational and Environmental Medicine", "image": "https://graph.facebook.com/267374533279124/picture", "id_on_source": "267374533279124"}}, {"title": "Allergy, Asthma & Clinical Immunology", "url": "https://www.facebook.com/permalink.php?story_fbid=2932743723453963&id=740616222666735", "license": "public", "citation_ids": [75797699], "posted_on": "2020-02-12T18:25:55+00:00", "summary": "Preparation for Possible Sustained Transmission of 2019 Novel Coronavirus\nLessons From Previous Epidemics", "author": {"name": "Sociedad Latinoamericana de Alergia, Asma e Inmunolog\u00eda", "url": "https://www.facebook.com/740616222666735", "facebook_wall_name": "Sociedad Latinoamericana de Alergia, Asma e Inmunolog\u00eda", "image": "https://graph.facebook.com/740616222666735/picture", "id_on_source": "740616222666735"}}, {"title": "Preparation for Possible Sustained Transmission of 2019 Novel Coronavirus", "url": "https://www.facebook.com/permalink.php?story_fbid=3376636879030059&id=232539313439847", "license": "public", "citation_ids": [75797699], "posted_on": "2020-02-12T01:38:11+00:00", "summary": "This Viewpoint discusses the concepts of transmissibility and severity as the critical factors that determine the extent of an epidemic, drawing on the previous pandemic of influenza A(H1N1) and epidemics of SARS and MERS to consider what the scope, morbid", "author": {"name": "Biology of Microbes BE107 - Colorado College", "url": "https://www.facebook.com/232539313439847", "facebook_wall_name": "Biology of Microbes BY107 - Colorado College", "image": "https://graph.facebook.com/232539313439847/picture", "id_on_source": "232539313439847"}}], "news": [{"title": "How the U.S. Is Preparing for a Major Coronavirus Outbreak", "url": "http://ct.moreover.com/?a=41368243745&p=1pl&v=1&x=QHYPE_csM0I_iPGmVG1aDg", "license": "public", "citation_ids": [75797699, 41345205, 73555710, 73796439], "posted_on": "2020-02-12T20:43:29+00:00", "summary": "The World Health Organization (WHO) has declared the coronavirus outbreak a public health emergency of international concern and has created a global preparedness and response plan.", "author": {"name": "Healthline ", "url": "http://www.healthline.com", "image": "https://s3.amazonaws.com/weyland.altmetric.com/news_sources/logos/000/001/406/normal/Screen_Shot_2015-12-10_at_14.21.53.png?1449757426"}}, {"title": "10 myths about COVID-19 - News - MM&M - Medical Marketing and Media", "url": "http://ct.moreover.com/?a=41606565979&p=1pl&v=1&x=3s0q2jEERmWRk6aIAMXA0g", "license": "public", "citation_ids": [77279111, 5517850, 56523135, 75148168, 76606927, 76810504, 75797699, 76933027, 56523135, 75797699, 76606927, 75148168, 76810504, 18299902], "posted_on": "2020-03-12T18:26:09+00:00", "summary": "As infections with severe acute respiratory distress syndrome coronavirus 2 (SARS-CoV-2) continue to increase, there has been a concurrent increase in news and data, both accurate and inaccurate.", "author": {"name": "Medical Marketing and Media", "url": "http://www.mmm-online.com/", "image": "https://s3.amazonaws.com/weyland.altmetric.com/news_sources/logos/000/001/533/normal/Screen_Shot_2016-01-06_at_16.10.19.png?1452096634"}}, {"title": "10 Myths About COVID-19", "url": "http://ct.moreover.com/?a=41613141722&p=1pl&v=1&x=1fw8QihgcJx0S6-fGXXekw", "license": "public", "citation_ids": [77279111, 5517850, 56523135, 75148168, 76606927, 76810504, 75797699, 76933027, 56523135, 75797699, 76606927, 75148168, 76810504, 18299902], "posted_on": "2020-03-13T13:00:00+00:00", "summary": "Subscribe for more episodes: Apple Podcasts | Google Podcasts | Spotify | RSS feed Note from the Editor: Though the World Health Organization has classified COVID-19 as a pandemic as of March 11, 2020, this is unlikely to significantly affect the day\u2026", "author": {"name": "Renal & Urology News", "url": "http://www.renalandurologynews.com/", "image": "https://s3.amazonaws.com/weyland.altmetric.com/news_sources/logos/000/000/685/normal/Screen_Shot_2016-02-03_at_10.10.22.png?1454494236"}}, {"title": "10 Myths About COVID-19", "url": "http://ct.moreover.com/?a=41613831746&p=1pl&v=1&x=HBbecWzuzBl6gAe5K_xGRg", "license": "public", "citation_ids": [56523135, 75797699, 76606927, 75148168, 76810504, 77279111, 5517850, 56523135, 75148168, 76606927, 76810504, 75797699, 76933027, 18299902], "posted_on": "2020-03-13T15:22:56+00:00", "summary": "Note from the Editor: Though the World Health Organization has classified COVID-19 as a pandemic as of March 11, 2020, this is unlikely to significantly affect the day-to-day lives of the general public.", "author": {"name": "Clinical Advisor", "url": "http://www.clinicaladvisor.com/", "image": "https://s3.amazonaws.com/weyland.altmetric.com/news_sources/logos/000/001/450/normal/Screen_Shot_2016-01-06_at_13.33.27.png?1452087221"}}], "blogs": [{"title": "The Corona Virus Epidemic", "url": "http://medicine-opera.com/2020/02/the-corona-virus-epidemic/", "license": "public", "citation_ids": [75354095, 75797699], "posted_on": "2020-02-23T23:00:11+00:00", "summary": "The coronavirus epidemic has understandably caused much anxiety throughout the world. Uncertainty\u00a0 about what the new\u00a0 disease portends has wreaked havoc on the cruise ship industry and the airlines. The stock market which is always twitchy is still uncert", "author": {"name": "Neil Kurtzman", "url": "http://medicine-opera.com/", "description": "Comments and reviews of opera, music, and medicine"}}]}, "score": 205.5, "images": {"small": "https://badges.altmetric.com/?size=64&score=206&types=mbtttttf", "medium": "https://badges.altmetric.com/?size=100&score=206&types=mbtttttf", "large": "https://badges.altmetric.com/?size=180&score=206&types=mbtttttf"}}