{"altmetric_id": 76738769, "counts": {"readers": {"mendeley": 0, "citeulike": 0, "connotea": 0}, "total": {"posts_count": 6}, "twitter": {"unique_users_count": 4, "posts_count": 6}}, "citation": {"altmetric_jid": "4f6fa50e3cf058f6100031c4", "doi": "10.1056/nejmc1916859", "first_seen_on": "2020-02-27T11:09:29+00:00", "issns": ["0028-4793", "1533-4406"], "journal": "New England Journal of Medicine", "last_mentioned_on": 1583587819, "links": ["https://www.ncbi.nlm.nih.gov/pubmed/32101672?dopt=Abstract&utm_source=dlvr.it&utm_medium=twitter", "https://www.ncbi.nlm.nih.gov/pubmed/32101673?dopt=Abstract&utm_source=dlvr.it&utm_medium=twitter", "https://www.ncbi.nlm.nih.gov/pubmed/32101674?dopt=Abstract&utm_source=dlvr.it&utm_medium=twitter", "https://www.ncbi.nlm.nih.gov/pubmed/32101673"], "pmid": "32101672", "pubdate": "2020-02-27T00:00:00+00:00", "publisher": "Massachusetts Medical Society", "publisher_subjects": [{"name": "Medical And Health Sciences", "scheme": "era"}], "scopus_subjects": ["Medicine", "Health Sciences"], "title": "Nivolumab plus Ipilimumab in Non\u2013Small-Cell Lung Cancer", "type": "article"}, "altmetric_score": {"score": 2, "score_history": {"1y": 2, "6m": 2, "3m": 2, "1m": 2, "1w": 0, "6d": 0, "5d": 0, "4d": 0, "3d": 0, "2d": 0, "1d": 0, "at": 2}, "context_for_score": {"all": {"total_number_of_other_articles": 14501879, "mean": 8.4564438558857, "rank": 7827820, "this_scored_higher_than_pct": 44, "this_scored_higher_than": 6477295, "rank_type": "exact", "sample_size": 14501879, "percentile": 44}, "similar_age_3m": {"total_number_of_other_articles": 154855, "mean": 13.900835922869, "rank": 68154, "this_scored_higher_than_pct": 54, "this_scored_higher_than": 84226, "rank_type": "exact", "sample_size": 154855, "percentile": 54}, "this_journal": {"total_number_of_other_articles": 26206, "mean": 68.963933371494, "rank": 21913, "this_scored_higher_than_pct": 15, "this_scored_higher_than": 4139, "rank_type": "exact", "sample_size": 26206, "percentile": 15}, "similar_age_this_journal_3m": {"total_number_of_other_articles": 158, "mean": 158.19681528663, "rank": 140, "this_scored_higher_than_pct": 10, "this_scored_higher_than": 17, "rank_type": "exact", "sample_size": 158, "percentile": 10}}}, "demographics": {"poster_types": {"member_of_the_public": 2, "researcher": 1, "practitioner": 1}, "users": {"twitter": {"cohorts": {"Members of the public": 2, "Practitioners (doctors, other healthcare professionals)": 1, "Scientists": 1}}}, "geo": {"twitter": {"KE": 1}}}, "posts": {"twitter": [{"license": "gnip", "citation_ids": [76738769], "author": {"tweeter_id": "1191732113676161028"}, "tweet_id": "1232985487461142533"}, {"license": "gnip", "citation_ids": [76738769], "author": {"tweeter_id": "1191732113676161028"}, "tweet_id": "1232985488513880064"}, {"license": "gnip", "citation_ids": [76738769], "author": {"tweeter_id": "1191732113676161028"}, "tweet_id": "1232985489512136705"}, {"license": "gnip", "citation_ids": [76738769], "author": {"tweeter_id": "718740032866148353"}, "tweet_id": "1233018576933548032"}, {"license": "gnip", "citation_ids": [76738769], "author": {"tweeter_id": "418211812"}, "tweet_id": "1236229045421031424"}, {"license": "gnip", "citation_ids": [76738769], "author": {"tweeter_id": "1118087119967334400"}, "tweet_id": "1236283035290648576"}]}, "score": 2, "images": {"small": "https://badges.altmetric.com/?size=64&score=2&types=tttttttt", "medium": "https://badges.altmetric.com/?size=100&score=2&types=tttttttt", "large": "https://badges.altmetric.com/?size=180&score=2&types=tttttttt"}}