{"altmetric_id": 77070935, "counts": {"readers": {"mendeley": 0, "citeulike": 0, "connotea": 0}, "total": {"posts_count": 27}, "twitter": {"unique_users_count": 24, "posts_count": 27}}, "citation": {"altmetric_jid": "4f6fa4e93cf058f61000245c", "authors": ["Richard Hurley"], "doi": "10.1136/bmj.m864", "first_seen_on": "2020-03-05T10:30:16+00:00", "issns": ["1756-1833"], "journal": "British Medical Journal", "last_mentioned_on": 1583853584, "links": ["https://www.bmj.com/content/368/bmj.m864.short?rss=1&utm_source=dlvr.it&utm_medium=twitter&utm_campaign=Feed%3A+bmj%2Frecent+%28Latest+from+BMJ%29", "https://www.bmj.com/content/368/bmj.m864.short?rss=1&utm_source=dlvr.it&utm_medium=twitter", "https://www.bmj.com/content/368/bmj.m864?utm_source=twitter&utm_medium=social&utm_term=hootsuite&utm_content=sme&utm_campaign=usage", "https://www.bmj.com/content/368/bmj.m864", "https://www.bmj.com/content/368/bmj.m864?utm_source=etoc&utm_medium=email&utm_campaign=tbmj&utm_content=weekly&utm_term=20200306"], "pdf_url": "https://www.bmj.com/content/bmj/368/bmj.m864.full.pdf", "epubdate": "2020-03-05T00:00:00+00:00", "publisher_subjects": [{"name": "Public Health And Health Services", "scheme": "era"}], "scopus_subjects": ["Medicine", "Health Sciences"], "title": "Prepare for a pandemic", "type": "article", "volume": "368"}, "altmetric_score": {"score": 13.7, "score_history": {"1y": 13.7, "6m": 13.7, "3m": 13.7, "1m": 13.7, "1w": 0, "6d": 0, "5d": 0, "4d": 0, "3d": 0, "2d": 0, "1d": 0, "at": 13.7}, "context_for_score": {"all": {"total_number_of_other_articles": 14515681, "mean": 8.4674375570305, "rank": 1258763, "this_scored_higher_than_pct": 91, "this_scored_higher_than": 13254572, "rank_type": "exact", "sample_size": 14515681, "percentile": 91}, "similar_age_3m": {"total_number_of_other_articles": 153448, "mean": 14.240040926183, "rank": 20196, "this_scored_higher_than_pct": 86, "this_scored_higher_than": 133197, "rank_type": "exact", "sample_size": 153448, "percentile": 86}, "this_journal": {"total_number_of_other_articles": 46643, "mean": 31.168827708932, "rank": 14070, "this_scored_higher_than_pct": 69, "this_scored_higher_than": 32553, "rank_type": "exact", "sample_size": 46643, "percentile": 69}, "similar_age_this_journal_3m": {"total_number_of_other_articles": 367, "mean": 59.891579234973, "rank": 173, "this_scored_higher_than_pct": 52, "this_scored_higher_than": 194, "rank_type": "exact", "sample_size": 367, "percentile": 52}}}, "demographics": {"poster_types": {"member_of_the_public": 14, "researcher": 1, "practitioner": 8, "science_communicator": 1}, "users": {"twitter": {"cohorts": {"Members of the public": 14, "Practitioners (doctors, other healthcare professionals)": 8, "Science communicators (journalists, bloggers, editors)": 1, "Scientists": 1}}}, "geo": {"twitter": {"BE": 1, "GB": 5, "JP": 1, "IT": 1, "AD": 1, "ES": 3, "IN": 1, "IE": 1, "KR": 1, "AU": 1}}}, "posts": {"twitter": [{"license": "gnip", "citation_ids": [77070935], "author": {"tweeter_id": "283604227"}, "tweet_id": "1235512894265016322"}, {"license": "gnip", "citation_ids": [77070935], "author": {"tweeter_id": "283604227"}, "tweet_id": "1235514777687822336"}, {"license": "gnip", "citation_ids": [77070935], "author": {"tweeter_id": "16949344"}, "tweet_id": "1235566125435535365"}, {"license": "gnip", "citation_ids": [77070935], "author": {"tweeter_id": "1077008722625482752"}, "tweet_id": "1235566203193749505"}, {"license": "gnip", "citation_ids": [77070935], "author": {"tweeter_id": "48339984"}, "tweet_id": "1235566396274139137"}, {"license": "gnip", "citation_ids": [77070935], "author": {"tweeter_id": "40536762"}, "tweet_id": "1235566989701083137"}, {"license": "gnip", "citation_ids": [77070935], "author": {"tweeter_id": "21931635"}, "tweet_id": "1235583579893035009"}, {"license": "gnip", "citation_ids": [77070935], "author": {"tweeter_id": "3405703840"}, "tweet_id": "1235609291807129601"}, {"license": "gnip", "citation_ids": [77070935], "author": {"tweeter_id": "2862262723"}, "tweet_id": "1235843674350604288"}, {"license": "gnip", "citation_ids": [77070935], "author": {"tweeter_id": "47885874"}, "tweet_id": "1235902531718569984"}, {"license": "gnip", "citation_ids": [77070935], "author": {"tweeter_id": "267904012"}, "tweet_id": "1235911654161997824"}, {"license": "gnip", "citation_ids": [77070935], "author": {"tweeter_id": "967505978383052800"}, "tweet_id": "1235912182744985602"}, {"license": "gnip", "citation_ids": [77070935], "author": {"tweeter_id": "1213607051093348358"}, "tweet_id": "1235918373374042112"}, {"license": "gnip", "citation_ids": [77070935], "author": {"tweeter_id": "267904012"}, "tweet_id": "1235931107171975168"}, {"license": "gnip", "citation_ids": [77070935], "author": {"tweeter_id": "857752370"}, "tweet_id": "1235948570492223488"}, {"license": "gnip", "citation_ids": [77070935], "author": {"tweeter_id": "3393358229"}, "tweet_id": "1235948994754469890"}, {"license": "gnip", "citation_ids": [77070935], "author": {"tweeter_id": "819767442935119872"}, "tweet_id": "1235973999043067904"}, {"license": "gnip", "citation_ids": [77070935], "author": {"tweeter_id": "250714374"}, "tweet_id": "1235984233962680321"}, {"license": "gnip", "citation_ids": [77070935], "author": {"tweeter_id": "112870982"}, "tweet_id": "1235999924015312897"}, {"license": "gnip", "citation_ids": [77070935], "author": {"tweeter_id": "4446342573"}, "tweet_id": "1236172934710013957"}, {"license": "gnip", "citation_ids": [77070935], "author": {"tweeter_id": "432557318"}, "tweet_id": "1236254196892041216"}, {"license": "gnip", "citation_ids": [77070935], "author": {"tweeter_id": "701876279"}, "tweet_id": "1236261219071414284"}, {"license": "gnip", "citation_ids": [77070935], "author": {"tweeter_id": "87799736"}, "tweet_id": "1236438392067567616"}, {"license": "gnip", "citation_ids": [77070935], "author": {"tweeter_id": "349912251"}, "tweet_id": "1236569916263858176"}, {"license": "gnip", "citation_ids": [77070935], "author": {"tweeter_id": "701876279"}, "tweet_id": "1236962570411655169"}, {"license": "gnip", "citation_ids": [77070935], "author": {"tweeter_id": "147037163"}, "tweet_id": "1236985387630735361"}, {"license": "gnip", "citation_ids": [77070935], "author": {"tweeter_id": "36312804"}, "tweet_id": "1237397737198383105"}]}, "score": 13.7, "images": {"small": "https://badges.altmetric.com/?size=64&score=14&types=tttttttt", "medium": "https://badges.altmetric.com/?size=100&score=14&types=tttttttt", "large": "https://badges.altmetric.com/?size=180&score=14&types=tttttttt"}}