{"altmetric_id": 76421639, "counts": {"readers": {"mendeley": 0, "citeulike": 0, "connotea": 0}, "facebook": {"unique_users_count": 1, "unique_users": ["380263635369814"], "posts_count": 1}, "news": {"unique_users_count": 11, "unique_users": ["bloomberg", "yahoo_finance_usa", "yahoo_news", "livemint", "dailyhunt", "biznews_com", "bnn_bloomberg", "traderszone_network", "the_print", "gulfnews_com", "countercurrents_org"], "posts_count": 12}, "total": {"posts_count": 23}, "twitter": {"unique_users_count": 8, "posts_count": 10}}, "citation": {"altmetric_jid": "56b4af262a83eeb7418b457f", "authors": ["Biao Tang", "Nicola Luigi Bragazzi", "Qian Li", "Sanyi Tang", "Yanni Xiao", "Jianhong Wu"], "doi": "10.1016/j.idm.2020.02.001", "first_seen_on": "2020-02-20T23:45:16+00:00", "issns": ["2468-0427"], "journal": "Infectious Disease Modelling", "last_mentioned_on": 1584485569, "links": ["https://www.sciencedirect.com/science/article/pii/S246804272030004X", "https://www.ncbi.nlm.nih.gov/pubmed/32099934?dopt=Abstract&utm_source=dlvr.it&utm_medium=twitter", "https://www.sciencedirect.com/science/article/pii/S246804272030004X?fbclid=IwAR1lRbBEbtjuSHp8u6cCNco1e_mNKvyw2Yf9LWCxe4XLHs708ZiqEJO2xQc", "https://www.sciencedirect.com/science/article/pii/S246804272030004X#bib18"], "pmid": "32099934", "pubdate": "2020-01-01T00:00:00+00:00", "title": "An updated estimation of the risk of transmission of the novel coronavirus (2019-nCov)", "type": "article"}, "altmetric_score": {"score": 89.35, "score_history": {"1y": 89.35, "6m": 89.35, "3m": 89.35, "1m": 89.35, "1w": 2, "6d": 2, "5d": 2, "4d": 2, "3d": 2, "2d": 2, "1d": 1, "at": 89.35}, "context_for_score": {"all": {"total_number_of_other_articles": 14514075, "mean": 8.4649159282122, "rank": 208141, "this_scored_higher_than_pct": 98, "this_scored_higher_than": 14305847, "rank_type": "exact", "sample_size": 14514075, "percentile": 98}, "similar_age_3m": {"total_number_of_other_articles": 167911, "mean": 14.319557512953, "rank": 4693, "this_scored_higher_than_pct": 97, "this_scored_higher_than": 163215, "rank_type": "exact", "sample_size": 167911, "percentile": 97}, "this_journal": {"total_number_of_other_articles": 68, "mean": 6.5482089552239, "rank": 2, "this_scored_higher_than_pct": 97, "this_scored_higher_than": 66, "rank_type": "exact", "sample_size": 68, "percentile": 97}, "similar_age_this_journal_3m": {"total_number_of_other_articles": 1, "mean": 0, "rank": 1, "this_scored_higher_than_pct": 1, "this_scored_higher_than": 0, "rank_type": "exact", "sample_size": 1, "percentile": 1}}}, "demographics": {"poster_types": {"member_of_the_public": 7, "science_communicator": 1}, "users": {"twitter": {"cohorts": {"Members of the public": 7, "Science communicators (journalists, bloggers, editors)": 1}}}, "geo": {"twitter": {"US": 2}}}, "posts": {"twitter": [{"license": "gnip", "citation_ids": [76421639], "author": {"tweeter_id": "2478044670"}, "tweet_id": "1230639550504062976"}, {"license": "gnip", "citation_ids": [76421639], "author": {"tweeter_id": "2873833251"}, "tweet_id": "1231271679453794304"}, {"license": "gnip", "citation_ids": [76421639], "author": {"tweeter_id": "1191745846615957506"}, "tweet_id": "1232985741103226881"}, {"license": "gnip", "citation_ids": [76421639], "author": {"tweeter_id": "944722512"}, "tweet_id": "1233324881439227905"}, {"license": "gnip", "citation_ids": [76421639], "author": {"tweeter_id": "396778217"}, "tweet_id": "1233324990398959617"}, {"license": "gnip", "citation_ids": [76421639], "author": {"tweeter_id": "1291841431"}, "tweet_id": "1233325973535383553"}, {"license": "gnip", "citation_ids": [76421639], "author": {"tweeter_id": "3094333458"}, "tweet_id": "1239583495585845255"}, {"license": "gnip", "citation_ids": [76421639], "author": {"tweeter_id": "1211818965241974784"}, "tweet_id": "1239898522289410048"}, {"license": "gnip", "citation_ids": [76421639], "author": {"tweeter_id": "1211818965241974784"}, "tweet_id": "1239903115144581124"}, {"license": "gnip", "citation_ids": [76421639], "author": {"tweeter_id": "1211818965241974784"}, "tweet_id": "1240048474382577664"}], "news": [{"title": "News story from Bloomberg on Thursday 05 March 2020", "url": null, "license": "nla", "citation_ids": [76810481, 74601426, 73796439, 1332466, 76421639], "posted_on": "2020-03-05T13:30:21+00:00", "summary": null, "author": {"name": "Bloomberg", "url": "http://www.bloomberg.com/europe", "image": "https://s3.amazonaws.com/weyland.altmetric.com/news_sources/logos/000/001/659/normal/Screen_Shot_2016-01-26_at_12.11.18.png?1453810324"}}, {"title": "How Bad Is the Coronavirus? Let\u2019s Run the Numbers", "url": "http://ct.moreover.com/?a=41546482837&p=1pl&v=1&x=yNUta6-jrgRXXhDYLicKzQ", "license": "public", "citation_ids": [76810481, 74601426, 73796439, 1332466, 76421639], "posted_on": "2020-03-05T13:30:21+00:00", "summary": "(Bloomberg Opinion) -- The coronavirus outbreak has been turning a lot of us into amateur epidemiologists.", "author": {"name": "Yahoo! Finance USA", "url": "http://finance.yahoo.com/", "image": "https://s3.amazonaws.com/weyland.altmetric.com/news_sources/logos/000/001/620/normal/Screen_Shot_2016-01-07_at_10.14.50.png?1452161734"}}, {"title": "How Bad Is the Coronavirus? Let\u2019s Run the Numbers", "url": "http://ct.moreover.com/?a=41546515531&p=1pl&v=1&x=6BR02d4QqeRG8CHIA4Iblg", "license": "public", "citation_ids": [76810481, 74601426, 73796439, 1332466, 76421639], "posted_on": "2020-03-05T13:30:21+00:00", "summary": "(Bloomberg Opinion) -- The coronavirus outbreakhas been turning a lot of us into amateur epidemiologists.", "author": {"name": "Yahoo! News", "url": "http://news.yahoo.com/", "image": "https://s3.amazonaws.com/weyland.altmetric.com/news_sources/logos/000/000/032/normal/yahoo_news.png?1369846922"}}, {"title": "How bad is the coronavirus? Let compare with SARS, Ebola, flu", "url": "http://ct.moreover.com/?a=41546799202&p=1pl&v=1&x=SVp3V8_bBAJ-5JhoRJIQHg", "license": "public", "citation_ids": [76810481, 74601426, 73796439, 1332466, 76421639], "posted_on": "2020-03-05T15:30:13+00:00", "summary": "Ebola and MERS, the COVID-19 death rates are much closer to those of the flu, and it\u2019s understandable why people find the comparison reassuring The numbers also seem to indicate that Covid-19 is a lot more contagious than the seasonal flu.", "author": {"name": "livemint", "url": "https://www.livemint.com/", "image": "https://s3.amazonaws.com/weyland.altmetric.com/news_sources/logos/000/003/896/normal/22.PNG?1571986693"}}, {"title": "How bad is the coronavirus? Let compare with SARS, Ebola, flu", "url": "http://ct.moreover.com/?a=41546858384&p=1pl&v=1&x=ciErp3kKAMZK4HFL1NOhDA", "license": "public", "citation_ids": [76810481, 74601426, 73796439, 1332466, 76421639], "posted_on": "2020-03-05T15:46:15+00:00", "summary": "The coronavirus outbreak has been turning a lot of us into amateur epidemiologists.", "author": {"name": "Dailyhunt", "url": "https://m.dailyhunt.in", "image": "https://s3.amazonaws.com/weyland.altmetric.com/news_sources/logos/000/003/498/normal/Capture_da.PNG?1569563820"}}, {"title": "Putting coronavirus in perspective: A numbers comparison with SARS, Ebola and flu", "url": "http://ct.moreover.com/?a=41546941503&p=1pl&v=1&x=uDwgV-Ihw-mRiKnlb9hUmw", "license": "public", "citation_ids": [76810481, 74601426, 73796439, 1332466, 76421639], "posted_on": "2020-03-05T13:03:34+00:00", "summary": "(Bloomberg Opinion) \u2013 The coronavirus outbreak has been turning a lot of us into amateur epidemiologists.", "author": {"name": "BizNews.com", "url": "http://www.biznews.com/", "image": "https://s3.amazonaws.com/weyland.altmetric.com/news_sources/logos/000/000/969/normal/Screen_Shot_2016-02-03_at_09.43.23.png?1454492614"}}, {"title": "How Bad Is the Coronavirus? Let\u2019s Run the Numbers", "url": "http://ct.moreover.com/?a=41547268090&p=1pl&v=1&x=wTp4ioyz50V4hB-2E4Lheg", "license": "public", "citation_ids": [76810481, 74601426, 73796439, 1332466, 76421639], "posted_on": "2020-03-05T14:32:47+00:00", "summary": "(Bloomberg Opinion) -- The coronavirus outbreak has been turning a lot of us into amateur epidemiologists.", "author": {"name": "BNN Bloomberg", "url": "https://www.bnnbloomberg.ca/", "image": "https://s3.amazonaws.com/weyland.altmetric.com/news_sources/logos/000/004/490/normal/BNN.PNG?1575612316"}}, {"title": "How Bad Is the Coronavirus? Let\u2019s Run the Numbers", "url": "http://ct.moreover.com/?a=41549745597&p=1pl&v=1&x=1170VX2FtwQq-jadTFR6mQ", "license": "public", "citation_ids": [76810481, 74601426, 73796439, 1332466, 76421639], "posted_on": "2020-03-05T23:04:27+00:00", "summary": "(Bloomberg Opinion) -- The coronavirus outbreak has been turning a lot of us into amateur epidemiologists.", "author": {"name": "TradersZone network", "url": "https://traderszone.net/", "image": "https://s3.amazonaws.com/weyland.altmetric.com/news_sources/logos/000/004/464/normal/9999999999999.PNG?1575272135"}}, {"title": "How Bad Is the Coronavirus? Let\u2019s Run the Numbers", "url": "http://ct.moreover.com/?a=41551870340&p=1pl&v=1&x=gFbE9iqnH2-8y-7GIbZjQA", "license": "public", "citation_ids": [76810481, 74601426, 73796439, 1332466, 76421639], "posted_on": "2020-03-05T13:30:21+00:00", "summary": "(Bloomberg Opinion) -- The coronavirus outbreakhas been turning a lot of us into amateur epidemiologists.", "author": {"name": "Yahoo! News", "url": "http://news.yahoo.com/", "image": "https://s3.amazonaws.com/weyland.altmetric.com/news_sources/logos/000/000/032/normal/yahoo_news.png?1369846922"}}, {"title": "How bad is coronavirus? Let\u2019s compare with SARS, Ebola, Flu", "url": "http://ct.moreover.com/?a=41551960373&p=1pl&v=1&x=fBeyWd30nbstbFv9O2d04g", "license": "public", "citation_ids": [76810481, 74601426, 73796439, 1332466, 76421639], "posted_on": "2020-03-06T05:49:17+00:00", "summary": "The coronavirus doesn't kill as many people as other flu infections, but once it gets going, everybody gets it.", "author": {"name": "The Print", "url": "https://theprint.in/", "image": "https://s3.amazonaws.com/weyland.altmetric.com/news_sources/logos/000/002/871/normal/Screen_Shot_2018-07-20_at_19.01.00.png?1532109677"}}, {"title": "How does the coronavirus outbreak end?", "url": "http://ct.moreover.com/?a=41567583257&p=1pl&v=1&x=msJ3oRsxF92zY6_ro_Gqtg", "license": "public", "citation_ids": [76810481, 74601426, 73796439, 1332466, 76421639], "posted_on": "2020-03-08T06:14:31+00:00", "summary": "The coronavirus outbreak has been turning a lot of us into amateur epidemiologists.", "author": {"name": "Gulfnews.com", "url": "http://gulfnews.com/", "image": "https://s3.amazonaws.com/weyland.altmetric.com/news_sources/logos/000/000/369/normal/Screen_Shot_2016-01-13_at_16.45.00.png?1452703519"}}, {"title": "Coronavirus, Synchronous Failure and the Global Phase-Shift", "url": "http://ct.moreover.com/?a=41569564197&p=1pl&v=1&x=LW_Uv1m8A7CJo6zhn9cxBw", "license": "public", "citation_ids": [76810506, 76421639, 76610395, 74995257, 74569049, 74986312, 47180650, 4570237, 75021558], "posted_on": "2020-03-08T13:16:46+00:00", "summary": "Five years ago, the Commission on a Global Health Risk Framework for the Future, an independent panel of distinguished scientists, issued a landmark report warning that over the next century, the world would inevitably experience at least one\u2026", "author": {"name": "Countercurrents.org", "url": "https://countercurrents.org/", "image": "https://s3.amazonaws.com/weyland.altmetric.com/news_sources/logos/000/004/342/normal/Capture_counter.PNG?1574922219"}}], "facebook": [{"url": "https://www.facebook.com/permalink.php?story_fbid=3019077598155058&id=380263635369814", "license": "public", "citation_ids": [75148168, 76641461, 76836006, 55868689, 76823873, 76867538, 76642084, 76345112, 75850498, 75120491, 76387516, 75850116, 76617568, 76720907, 76985014, 76311763, 76311820, 75073850, 76408994, 76354821, 76446525, 74869193, 76738919, 76738943, 76643128, 76345560, 76421639, 76352639, 75354095, 75313682, 74933899, 74815090, 75956336, 74464078, 76746055, 77098617, 76975028, 76877191, 76820821], "posted_on": "2020-03-06T08:39:04+00:00", "summary": "\u0e41\u0e08\u0e01\u0e40\u0e1b\u0e40\u0e1b\u0e2d\u0e23\u0e4c\u0e1f\u0e23\u0e35 \n \n\u0e27\u0e32\u0e23\u0e2a\u0e32\u0e23\u0e27\u0e34\u0e0a\u0e32\u0e01\u0e32\u0e23\u0e43\u0e19\u0e40\u0e04\u0e23\u0e37\u0e2d Elsevier \u0e1b\u0e25\u0e48\u0e2d\u0e22\u0e23\u0e32\u0e22\u0e07\u0e32\u0e19\u0e27\u0e34\u0e08\u0e31\u0e22/\u0e1a\u0e17\u0e04\u0e27\u0e32\u0e21\u0e27\u0e34\u0e0a\u0e32\u0e01\u0e32\u0e23 \u0e25\u0e48\u0e32\u0e2a\u0e38\u0e14 \u0e40\u0e23\u0e37\u0e48\u0e2d\u0e07\u0e42\u0e04\u0e42\u0e23\u0e19\u0e32\u0e44\u0e27\u0e23\u0e31\u0e2a COVID-19 \u0e43\u0e2b\u0e49\u0e42\u0e2b\u0e25\u0e14\u0e01\u0e31\u0e19\u0e1f\u0e23\u0e35 - \u0e01\u0e33\u0e25\u0e31\u0e07\u0e04\u0e34\u0e14\u0e27\u0e48\u0e32 \u0e16\u0e49\u0e32 abstract \u0e2d\u0e31\u0e19\u0e44\u0e2b\u0e19 \u0e21\u0e35\u0e02\u0e49\u0e2d\u0e21\u0e39\u0e25\u0e40\u0e1b\u0e47\u0e19\u0e1b\u0e23\u0e30\u0e42\u0e22\u0e0a\u0e19\u0e4c \u0e19\u0e48\u0e32\u0e40\u0e1c\u0e22\u0e41\u0e1e\u0e23\u0e48\u0e2a\u0e33\u0e2b\u0e23\u0e31\u0e1a\u0e04\u0e19\u0e17\u0e31\u0e48\u0e27\u0e44\u0e1b \u0e40\u0e23\u0e32(\u0e1c\u0e39\u0e49\u0e17\u0e35\u0e48\u0e2d\u0e48\u0e32\u0e19\u0e2d\u0e30\u0e44\u0e23\u0e1e\u0e27\u0e01\u0e19\u0e35\u0e49\u0e40\u0e1b\u0e47\u0e19)\u0e21\u0e32\u0e0a\u0e48\u0e27\u0e22\u0e01\u0e31\u0e19\u0e40\u0e25\u0e37\u0e2d\u0e01\u0e41\u0e1b\u0e25\u0e41\u0e1a\u0e1a\u0e2a", "author": {"name": "WiTcast", "url": "https://www.facebook.com/380263635369814", "facebook_wall_name": "WiTcast", "image": "https://graph.facebook.com/380263635369814/picture", "id_on_source": "380263635369814"}}]}, "score": 89.35, "images": {"small": "https://badges.altmetric.com/?size=64&score=90&types=mmmmtttf", "medium": "https://badges.altmetric.com/?size=100&score=90&types=mmmmtttf", "large": "https://badges.altmetric.com/?size=180&score=90&types=mmmmtttf"}}