{"altmetric_id": 76782687, "counts": {"readers": {"mendeley": 0, "citeulike": 0, "connotea": 0}, "total": {"posts_count": 0}}, "citation": {"aggregate_citation_ids": [76783355, 76783356, 76783357, 76783358, 76783359, 76783360, 76783361, 76783362, 76783363, 76783364, 76783365, 76783366, 76783367, 76783368, 76783369, 76783370, 76783371, 76783372], "attribution": "springer_nature", "book_cover_url": "https://s3-eu-west-1.amazonaws.com/bookcovers.altmetric.com/covers.springernature.com/988d/0253433c5e54fcc1a38d1875739e.jpg", "chapters": [{"altmetric_id": 76783355, "title": "Significance and Dynamics of Immune Responses During Viral Pathogenesis", "ordinal_number": 1}, {"altmetric_id": 76783356, "title": "Current Advances in Multi-Epitope Viral Vaccines Development and Research", "ordinal_number": 18}, {"altmetric_id": 76783357, "title": "Activation of Complement System During Viral Infections: Prospects and Future Challenges", "ordinal_number": 11}, {"altmetric_id": 76783358, "title": "Potentiality of DNA Sensors in Activating Immune System in Emerging Viral Infectious Diseases", "ordinal_number": 16}, {"altmetric_id": 76783359, "title": "B Cells and Their Role in Combating Viral Diseases", "ordinal_number": 6}, {"altmetric_id": 76783360, "title": "Significant Role of Cellular Activation in Viral Infections", "ordinal_number": 7}, {"altmetric_id": 76783361, "title": "Potentiality of Toll-Like Receptors (TLRS) in Viral Infections", "ordinal_number": 10}, {"altmetric_id": 76783362, "title": "Advanced Immunotechnological Methods for Detection and Diagnosis of Viral Infections: Current Applications and Future Challenges", "ordinal_number": 17}, {"altmetric_id": 76783363, "title": "Inflammation During Virus Infection: Swings and Roundabouts", "ordinal_number": 3}, {"altmetric_id": 76783364, "title": "Antibody-Dependent Enhancement of Viral Infections", "ordinal_number": 2}, {"altmetric_id": 76783365, "title": "Role of Cytokines in Infectious Viral Disease", "ordinal_number": 5}, {"altmetric_id": 76783366, "title": "T Cells in Viral Infections: The Myriad Flavours of Antiviral Immunity", "ordinal_number": 9}, {"altmetric_id": 76783367, "title": "MicroRNAs and Their Role in Viral Infection", "ordinal_number": 12}, {"altmetric_id": 76783368, "title": "Evolution, Distribution, and Diversity of Immunodeficiency Viruses", "ordinal_number": 13}, {"altmetric_id": 76783369, "title": "Macrophages/Microvesicles and Their Task in Viral Diseases", "ordinal_number": 8}, {"altmetric_id": 76783370, "title": "Interferons and Their Role in Viral Infection", "ordinal_number": 4}, {"altmetric_id": 76783371, "title": "Significance of RNA Sensors in Activating Immune System in Emerging Viral Diseases", "ordinal_number": 15}, {"altmetric_id": 76783372, "title": "Role of Immune Cells in Hepatitis B Infection", "ordinal_number": 14}], "doi": "10.1007/978-981-15-1045-8", "editors": ["Bramhachari, Pallaval Veera"], "first_seen_on": "2020-02-28T07:34:05+00:00", "isbns": ["9789811510441", "9789811510458"], "issns": [], "links": ["https://doi.org/10.1007/978-981-15-1045-8"], "pubdate": "2020-03-14T00:00:00+00:00", "publisher": "Springer Singapore", "title": "Dynamics of Immune Activation in Viral Diseases", "type": "book"}, "altmetric_score": {"score": 0, "score_history": {"1y": 0, "6m": 0, "3m": 0, "1m": 0, "1w": 0, "6d": 0, "5d": 0, "4d": 0, "3d": 0, "2d": 0, "1d": 0, "at": 0}, "context_for_score": null}, "demographics": [], "posts": [], "score": 0, "images": {"small": "https://badges.altmetric.com/?size=64&score=?&types=????????", "medium": "https://badges.altmetric.com/?size=100&score=?&types=????????", "large": "https://badges.altmetric.com/?size=180&score=?&types=????????"}}