{"altmetric_id": 76617550, "counts": {"readers": {"mendeley": 0, "citeulike": 0, "connotea": 0}, "total": {"posts_count": 5}, "twitter": {"unique_users_count": 5, "posts_count": 5}}, "citation": {"altmetric_jid": "4f6fa6063cf058f6100067c4", "authors": ["Rui Li", "Songlin Qiao", "Gaiping Zhang"], "doi": "10.1016/j.jinf.2020.02.013", "first_seen_on": "2020-02-24T21:35:41+00:00", "handles": [], "isbns": [], "issns": ["0163-4453"], "journal": "Journal of Infection", "last_mentioned_on": 1583164353, "links": ["https://www.journalofinfection.com/article/S0163-4453(20)30090-6/fulltext#.XlRBmboOCuY.twitter", "https://www.ncbi.nlm.nih.gov/pubmed/32092392?dopt=Abstract&utm_source=dlvr.it&utm_medium=twitter", "https://www.ncbi.nlm.nih.gov/pubmed/32092392"], "pmid": "32092392", "pubdate": "2020-02-01T00:00:00+00:00", "publisher_subjects": [{"name": "Clinical Sciences", "scheme": "era"}], "scopus_subjects": ["Medicine", "Health Sciences"], "title": "Analysis of angiotensin-converting enzyme 2 (ACE2) from different species sheds some light on cross-species receptor usage of a novel coronavirus 2019-nCoV", "type": "article"}, "altmetric_score": {"score": 1.25, "score_history": {"1y": 1.25, "6m": 1.25, "3m": 1.25, "1m": 1.25, "1w": 0, "6d": 0, "5d": 0, "4d": 0, "3d": 0, "2d": 0, "1d": 0, "at": 1.25}, "context_for_score": {"all": {"total_number_of_other_articles": 14498896, "mean": 8.453035317094, "rank": 8748403, "this_scored_higher_than_pct": 37, "this_scored_higher_than": 5430523, "rank_type": "exact", "sample_size": 14498896, "percentile": 37}, "similar_age_3m": {"total_number_of_other_articles": 155567, "mean": 13.759192612782, "rank": 82408, "this_scored_higher_than_pct": 44, "this_scored_higher_than": 68634, "rank_type": "exact", "sample_size": 155567, "percentile": 44}, "this_journal": {"total_number_of_other_articles": 1540, "mean": 5.0777179987005, "rank": 1063, "this_scored_higher_than_pct": 28, "this_scored_higher_than": 444, "rank_type": "exact", "sample_size": 1540, "percentile": 28}, "similar_age_this_journal_3m": {"total_number_of_other_articles": 42, "mean": 7.6568292682927, "rank": 24, "this_scored_higher_than_pct": 40, "this_scored_higher_than": 17, "rank_type": "exact", "sample_size": 42, "percentile": 40}}}, "demographics": {"poster_types": {"member_of_the_public": 5}, "users": {"twitter": {"cohorts": {"Members of the public": 5}}}, "geo": {"twitter": {"VE": 1, "FR": 1}}}, "posts": {"twitter": [{"license": "gnip", "citation_ids": [76617550], "author": {"tweeter_id": "1196585235342868480"}, "tweet_id": "1232056451365048326"}, {"license": "gnip", "citation_ids": [76617550], "author": {"tweeter_id": "1191745846615957506"}, "tweet_id": "1232260842550284288"}, {"license": "gnip", "citation_ids": [76617550], "author": {"tweeter_id": "1099494762296397824"}, "tweet_id": "1232427171408498689"}, {"license": "gnip", "citation_ids": [76617550], "author": {"tweeter_id": "1221099378623930368"}, "tweet_id": "1232435872349319168"}, {"license": "gnip", "citation_ids": [76617550], "author": {"tweeter_id": "1214232500664295424"}, "tweet_id": "1234506889230049281"}]}, "score": 1.25, "images": {"small": "https://badges.altmetric.com/?size=64&score=2&types=tttttttt", "medium": "https://badges.altmetric.com/?size=100&score=2&types=tttttttt", "large": "https://badges.altmetric.com/?size=180&score=2&types=tttttttt"}}