{"altmetric_id": 77323602, "counts": {"readers": {"mendeley": 0, "citeulike": 0, "connotea": 0}, "total": {"posts_count": 144}, "twitter": {"unique_users_count": 105, "posts_count": 129}, "blogs": {"unique_users_count": 2, "unique_users": [60593, 57457], "posts_count": 2}, "news": {"unique_users_count": 13, "unique_users": ["wired_com", "stat_news", "boston_com", "vox_com", "centre_for_disease_research_and_policy", "spektrum", "medical_health_news", "new_york_times", "business_times_singapore", "the_independent_bangladesh", "times_of_india", "msn", "volkskrant"], "posts_count": 14}}, "citation": {"altmetric_jid": "532721422a83ee84788b4567", "authors": ["Liu, Yuan", "Ning, Zhi", "Chen, Yu", "Guo, Ming", "Liu, Yingle", "Gali, Nirmal Kumar", "Sun, Li", "Duan, Yusen", "Cai, Jing", "Westerdahl, Dane", "Liu, Xinjin", "Ho, Kin-fai", "Kan, Haidong", "Fu, Qingyan", "Lan, Ke"], "doi": "10.1101/2020.03.08.982637", "first_seen_on": "2020-03-11T03:49:03+00:00", "issns": [], "journal": "bioRxiv", "last_mentioned_on": 1584542751, "links": ["https://www.biorxiv.org/content/10.1101/2020.03.08.982637v1", "https://www.biorxiv.org/content/10.1101/2020.03.08.982637v1.full.pdf", "https://doi.org/10.1101/2020.03.08.982637", "https://www.biorxiv.org/content/10.1101/2020.03.08.982637v1?referringSource=articleShare"], "pdf_url": "https://www.biorxiv.org/content/biorxiv/early/2020/03/10/2020.03.08.982637.full.pdf", "publisher": "Cold Spring Harbor Laboratory", "title": "Aerodynamic Characteristics and RNA Concentration of SARS-CoV-2 Aerosol in Wuhan Hospitals during COVID-19 Outbreak", "type": "article"}, "altmetric_score": {"score": 200.464, "score_history": {"1y": 200.464, "6m": 200.464, "3m": 200.464, "1m": 200.464, "1w": 197.964, "6d": 194.714, "5d": 173.014, "4d": 151.7, "3d": 138.7, "2d": 123.25, "1d": 82.8, "at": 200.464}, "context_for_score": {"all": {"total_number_of_other_articles": 14520072, "mean": 8.4691455609174, "rank": 75869, "this_scored_higher_than_pct": 99, "this_scored_higher_than": 14444117, "rank_type": "exact", "sample_size": 14520072, "percentile": 99}, "similar_age_3m": {"total_number_of_other_articles": 149514, "mean": 14.196300442102, "rank": 1569, "this_scored_higher_than_pct": 98, "this_scored_higher_than": 147945, "rank_type": "exact", "sample_size": 149514, "percentile": 98}, "this_journal": {"total_number_of_other_articles": 75358, "mean": 12.975781546505, "rank": 283, "this_scored_higher_than_pct": 99, "this_scored_higher_than": 75075, "rank_type": "exact", "sample_size": 75358, "percentile": 99}, "similar_age_this_journal_3m": {"total_number_of_other_articles": 3811, "mean": 16.524406299213, "rank": 22, "this_scored_higher_than_pct": 99, "this_scored_higher_than": 3789, "rank_type": "exact", "sample_size": 3811, "percentile": 99}}}, "demographics": {"poster_types": {"member_of_the_public": 85, "researcher": 13, "practitioner": 5, "science_communicator": 2}, "users": {"twitter": {"cohorts": {"Members of the public": 86, "Scientists": 13, "Practitioners (doctors, other healthcare professionals)": 5, "Science communicators (journalists, bloggers, editors)": 2}}}, "geo": {"twitter": {"US": 32, "CO": 1, "FR": 3, "DE": 1, "CA": 1, "BE": 3, "UG": 1, "SA": 5, "GB": 4, "JP": 1, "PL": 6, "CY": 1, "KP": 1, "KW": 1}}}, "posts": {"twitter": [{"license": "gnip", "citation_ids": [77323602], "author": {"tweeter_id": "1949132852"}, "tweet_id": "1237586250082607104"}, {"license": "gnip", "citation_ids": [77323602], "author": {"tweeter_id": "748908558066982916"}, "tweet_id": "1237586253551296513"}, {"license": "gnip", "citation_ids": [77323602], "author": {"tweeter_id": "771561097"}, "tweet_id": "1237586537849577472"}, {"license": "gnip", "citation_ids": [77323602], "author": {"tweeter_id": "16154539"}, "tweet_id": "1237587531400540160"}, {"license": "gnip", "citation_ids": [77323602], "author": {"tweeter_id": "989828160677171201"}, "tweet_id": "1237591960971399176"}, {"license": "gnip", "citation_ids": [77323602], "author": {"tweeter_id": "989828160677171201"}, "tweet_id": "1237591991560466434"}, {"license": "gnip", "citation_ids": [77323602], "author": {"tweeter_id": "1852638498"}, "tweet_id": "1237700811175669760"}, {"license": "gnip", "citation_ids": [77323602], "author": {"tweeter_id": "1055083986077278208"}, "tweet_id": "1237712630950834179"}, {"license": "gnip", "citation_ids": [77323602], "author": {"tweeter_id": "4901919879"}, "tweet_id": "1237717427271749633"}, {"license": "gnip", "citation_ids": [77323602], "author": {"tweeter_id": "4901919879"}, "tweet_id": "1237717441293230080"}, {"license": "gnip", "citation_ids": [77323602], "author": {"tweeter_id": "1055083986077278208"}, "tweet_id": "1237845915869671426"}, {"license": "gnip", "citation_ids": [77323602], "author": {"tweeter_id": "1223307253236817922"}, "tweet_id": "1237848345588072448"}, {"license": "gnip", "citation_ids": [77323602], "author": {"tweeter_id": "419517624"}, "tweet_id": "1237925219823648775"}, {"license": "gnip", "citation_ids": [77323602], "author": {"tweeter_id": "1235615721180233730"}, "tweet_id": "1237958522349985797"}, {"license": "gnip", "citation_ids": [77323602], "author": {"tweeter_id": "2889790041"}, "tweet_id": "1238091192925073416"}, {"license": "gnip", "citation_ids": [77323602], "author": {"tweeter_id": "20799280"}, "tweet_id": "1238126559548059648"}, {"license": "gnip", "citation_ids": [77323602], "author": {"tweeter_id": "2302315178"}, "tweet_id": "1238133086233284608"}, {"license": "gnip", "citation_ids": [77323602], "author": {"tweeter_id": "361066754"}, "tweet_id": "1238133204617285632"}, {"license": "gnip", "citation_ids": [77323602], "author": {"tweeter_id": "989828160677171201"}, "tweet_id": "1238135524474474496"}, {"license": "gnip", "citation_ids": [77323602], "author": {"tweeter_id": "1024755071215648768"}, "tweet_id": "1238141014126149632"}, {"license": "gnip", "citation_ids": [77323602], "author": {"tweeter_id": "164121214"}, "tweet_id": "1238141097173569537"}, {"license": "gnip", "citation_ids": [77323602], "author": {"tweeter_id": "836051309237256193"}, "tweet_id": "1238148639161290764"}, {"license": "gnip", "citation_ids": [77323602], "author": {"tweeter_id": "14465282"}, "tweet_id": "1238206487614242816"}, {"license": "gnip", "citation_ids": [77323602], "author": {"tweeter_id": "14465282"}, "tweet_id": "1238208960781402112"}, {"license": "gnip", "citation_ids": [77323602], "author": {"tweeter_id": "35157641"}, "tweet_id": "1238209058512891904"}, {"license": "gnip", "citation_ids": [77323602], "author": {"tweeter_id": "1233236940549287936"}, "tweet_id": "1238209154201894920"}, {"license": "gnip", "citation_ids": [77323602], "author": {"tweeter_id": "989828160677171201"}, "tweet_id": "1238211125512110083"}, {"license": "gnip", "citation_ids": [77323602], "author": {"tweeter_id": "864977018823131136"}, "tweet_id": "1238211527196340224"}, {"license": "gnip", "citation_ids": [77323602], "author": {"tweeter_id": "875746936292339712"}, "tweet_id": "1238211997004713987"}, {"license": "gnip", "citation_ids": [77323602], "author": {"tweeter_id": "835849215943245824"}, "tweet_id": "1238212529630973953"}, {"license": "gnip", "citation_ids": [77323602], "author": {"tweeter_id": "1220848603788455936"}, "tweet_id": "1238213026026840065"}, {"license": "gnip", "citation_ids": [77323602], "author": {"tweeter_id": "776551868176617473"}, "tweet_id": "1238214382225629184"}, {"license": "gnip", "citation_ids": [77323602], "author": {"tweeter_id": "406171016"}, "tweet_id": "1238216663767683073"}, {"license": "gnip", "citation_ids": [77323602], "author": {"tweeter_id": "1229736469532557312"}, "tweet_id": "1238216832047132673"}, {"license": "gnip", "citation_ids": [77323602], "author": {"tweeter_id": "1013211217219866624"}, "tweet_id": "1238224165615931397"}, {"license": "gnip", "citation_ids": [77323602], "author": {"tweeter_id": "1232652872992555008"}, "tweet_id": "1238224973023653888"}, {"license": "gnip", "citation_ids": [77323602], "author": {"tweeter_id": "727703003751321600"}, "tweet_id": "1238233300319133697"}, {"license": "gnip", "citation_ids": [77323602], "author": {"tweeter_id": "1104447042993164290"}, "tweet_id": "1238233598718889995"}, {"license": "gnip", "citation_ids": [77323602], "author": {"tweeter_id": "1161345567613755392"}, "tweet_id": "1238269483015450627"}, {"license": "gnip", "citation_ids": [77323602], "author": {"tweeter_id": "1225401705266917376"}, "tweet_id": "1238400892338155522"}, {"license": "gnip", "citation_ids": [77323602], "author": {"tweeter_id": "890941069327835137"}, "tweet_id": "1238413962120761345"}, {"license": "gnip", "citation_ids": [77323602], "author": {"tweeter_id": "731520902190514176"}, "tweet_id": "1238420479305830400"}, {"license": "gnip", "citation_ids": [77323602], "author": {"tweeter_id": "1186266583091568640"}, "tweet_id": "1238425911172661253"}, {"license": "gnip", "citation_ids": [77323602], "author": {"tweeter_id": "123366917"}, "tweet_id": "1238429808293527552"}, {"license": "gnip", "citation_ids": [77323602], "author": {"tweeter_id": "250090924"}, "tweet_id": "1238436387529068544"}, {"license": "gnip", "citation_ids": [77323602], "author": {"tweeter_id": "892120710667264001"}, "tweet_id": "1238469830791049216"}, {"license": "gnip", "citation_ids": [77323602], "author": {"tweeter_id": "4891682236"}, "tweet_id": "1238474007676178443"}, {"license": "gnip", "citation_ids": [77323602], "author": {"tweeter_id": "1261423032"}, "tweet_id": "1238475126074728448"}, {"license": "gnip", "citation_ids": [77323602], "author": {"tweeter_id": "852795329367785472"}, "tweet_id": "1238483000142098433"}, {"license": "gnip", "citation_ids": [77323602], "author": {"tweeter_id": "852795329367785472"}, "tweet_id": "1238483313364525058"}, {"license": "gnip", "citation_ids": [77323602], "author": {"tweeter_id": "852795329367785472"}, "tweet_id": "1238484884009766914"}, {"license": "gnip", "citation_ids": [77323602], "author": {"tweeter_id": "35045311"}, "tweet_id": "1238490601122906117"}, {"license": "gnip", "citation_ids": [77323602], "author": {"tweeter_id": "1055083986077278208"}, "tweet_id": "1238519224970227713"}, {"license": "gnip", "citation_ids": [77323602], "author": {"tweeter_id": "852795329367785472"}, "tweet_id": "1238560107769856001"}, {"license": "gnip", "citation_ids": [77323602], "author": {"tweeter_id": "159295814"}, "tweet_id": "1238922544691867649"}, {"license": "gnip", "citation_ids": [77323602], "author": {"tweeter_id": "1065248071305457664"}, "tweet_id": "1238953792214683648"}, {"license": "gnip", "citation_ids": [77323602], "author": {"tweeter_id": "824910324"}, "tweet_id": "1239005152117493760"}, {"license": "gnip", "citation_ids": [77323602], "author": {"tweeter_id": "1044491097660174336"}, "tweet_id": "1239104474406404098"}, {"license": "gnip", "citation_ids": [77323602], "author": {"tweeter_id": "817465655247208450"}, "tweet_id": "1239105069846495232"}, {"license": "gnip", "citation_ids": [77323602], "author": {"tweeter_id": "1460524711"}, "tweet_id": "1239105520155398144"}, {"license": "gnip", "citation_ids": [77323602], "author": {"tweeter_id": "439321373"}, "tweet_id": "1239105673461366784"}, {"license": "gnip", "citation_ids": [77323602], "author": {"tweeter_id": "2798010892"}, "tweet_id": "1239106105499947008"}, {"license": "gnip", "citation_ids": [77323602], "author": {"tweeter_id": "1196940305808928768"}, "tweet_id": "1239106223523446784"}, {"license": "gnip", "citation_ids": [77323602], "author": {"tweeter_id": "1008721525887897600"}, "tweet_id": "1239107083963899904"}, {"license": "gnip", "citation_ids": [77323602], "author": {"tweeter_id": "1041255924134862849"}, "tweet_id": "1239107087587827713"}, {"license": "gnip", "citation_ids": [77323602], "author": {"tweeter_id": "1233314203169120261"}, "tweet_id": "1239108545318133761"}, {"license": "gnip", "citation_ids": [77323602], "author": {"tweeter_id": "2163139230"}, "tweet_id": "1239108852651622400"}, {"license": "gnip", "citation_ids": [77323602], "author": {"tweeter_id": "392953443"}, "tweet_id": "1239131989447520256"}, {"license": "gnip", "citation_ids": [77323602], "author": {"tweeter_id": "1110191920406499328"}, "tweet_id": "1239162841099362304"}, {"license": "gnip", "citation_ids": [77323602], "author": {"tweeter_id": "65081224"}, "tweet_id": "1239167974344458241"}, {"license": "gnip", "citation_ids": [77032933, 77323602], "author": {"tweeter_id": "193870644"}, "tweet_id": "1239252117933694979"}, {"license": "gnip", "citation_ids": [77323602], "author": {"tweeter_id": "2276678635"}, "tweet_id": "1239263804174696448"}, {"license": "gnip", "citation_ids": [77323602], "author": {"tweeter_id": "18723930"}, "tweet_id": "1239266900204343297"}, {"license": "gnip", "citation_ids": [77323602], "author": {"tweeter_id": "989828160677171201"}, "tweet_id": "1239268062798454784"}, {"license": "gnip", "citation_ids": [77323602], "author": {"tweeter_id": "791909653"}, "tweet_id": "1239276890554126336"}, {"license": "gnip", "citation_ids": [77323602], "author": {"tweeter_id": "798306693910142976"}, "tweet_id": "1239320777649819648"}, {"license": "gnip", "citation_ids": [77323602], "author": {"tweeter_id": "1232826043913953282"}, "tweet_id": "1239352514568507395"}, {"license": "gnip", "citation_ids": [77323602], "author": {"tweeter_id": "798306693910142976"}, "tweet_id": "1239360564846977026"}, {"license": "gnip", "citation_ids": [77323602], "author": {"tweeter_id": "605663585"}, "tweet_id": "1239538982557376512"}, {"license": "gnip", "citation_ids": [77323602], "author": {"tweeter_id": "20799280"}, "tweet_id": "1239549723947741184"}, {"license": "gnip", "citation_ids": [77323602], "author": {"tweeter_id": "392375138"}, "tweet_id": "1239551805551300608"}, {"license": "gnip", "citation_ids": [77323602], "author": {"tweeter_id": "1232826043913953282"}, "tweet_id": "1239551837067509761"}, {"license": "gnip", "citation_ids": [77323602], "author": {"tweeter_id": "406171016"}, "tweet_id": "1239556985642725376"}, {"license": "gnip", "citation_ids": [77323602], "author": {"tweeter_id": "829326487404834816"}, "tweet_id": "1239557073261735939"}, {"license": "gnip", "citation_ids": [77323602], "author": {"tweeter_id": "904200264"}, "tweet_id": "1239562862386917391"}, {"license": "gnip", "citation_ids": [77323602], "author": {"tweeter_id": "981425370"}, "tweet_id": "1239562896239140866"}, {"license": "gnip", "citation_ids": [77323602], "author": {"tweeter_id": "277490848"}, "tweet_id": "1239564982725074944"}, {"license": "gnip", "citation_ids": [77323602], "author": {"tweeter_id": "4843504949"}, "tweet_id": "1239573163467554816"}, {"license": "gnip", "citation_ids": [77323602], "author": {"tweeter_id": "1228680601949155329"}, "tweet_id": "1239576580764110849"}, {"license": "gnip", "citation_ids": [77323602], "author": {"tweeter_id": "2347443241"}, "tweet_id": "1239592060849541121"}, {"license": "gnip", "citation_ids": [77323602], "author": {"tweeter_id": "3292583683"}, "tweet_id": "1239613922304557056"}, {"license": "gnip", "citation_ids": [77323602], "author": {"tweeter_id": "537425320"}, "tweet_id": "1239626022334717952"}, {"license": "gnip", "citation_ids": [77323602], "author": {"tweeter_id": "1675988496"}, "tweet_id": "1239632309277659140"}, {"license": "gnip", "citation_ids": [77323602], "author": {"tweeter_id": "119843826"}, "tweet_id": "1239655263671652352"}, {"license": "gnip", "citation_ids": [77323602], "author": {"tweeter_id": "104340042"}, "tweet_id": "1239657694186762240"}, {"license": "gnip", "citation_ids": [77323602], "author": {"tweeter_id": "1245104060"}, "tweet_id": "1239662183501500417"}, {"license": "gnip", "citation_ids": [77323602], "author": {"tweeter_id": "798306693910142976"}, "tweet_id": "1239771038084239362"}, {"license": "gnip", "citation_ids": [77323602], "author": {"tweeter_id": "1169400160000139265"}, "tweet_id": "1239790430394429440"}, {"license": "gnip", "citation_ids": [77323602], "author": {"tweeter_id": "1031636594661371906"}, "tweet_id": "1239902353454542848"}, {"license": "gnip", "citation_ids": [77323602], "author": {"tweeter_id": "1225469916381360128"}, "tweet_id": "1240027598392045569"}, {"license": "gnip", "citation_ids": [77323602], "author": {"tweeter_id": "724731036"}, "tweet_id": "1240051279700922374"}, {"license": "gnip", "citation_ids": [77323602], "author": {"tweeter_id": "1105069849"}, "tweet_id": "1240116143400144898"}, {"license": "gnip", "citation_ids": [77323602], "author": {"tweeter_id": "133452831"}, "tweet_id": "1240117579949182976"}, {"license": "gnip", "citation_ids": [77323602], "author": {"tweeter_id": "1030869545706115072"}, "tweet_id": "1240120531803873281"}, {"license": "gnip", "citation_ids": [77323602, 77032933], "author": {"tweeter_id": "200334722"}, "tweet_id": "1240146251896762368"}, {"license": "gnip", "citation_ids": [77323602, 77032933], "author": {"tweeter_id": "460315828"}, "tweet_id": "1240148252462329856"}, {"license": "gnip", "citation_ids": [77323602], "author": {"tweeter_id": "798306693910142976"}, "tweet_id": "1240148373925244935"}, {"license": "gnip", "citation_ids": [77323602, 77032933], "author": {"tweeter_id": "712243264984915968"}, "tweet_id": "1240149871597936640"}, {"license": "gnip", "citation_ids": [77323602, 77032933], "author": {"tweeter_id": "1220091102209957890"}, "tweet_id": "1240151855143010304"}, {"license": "gnip", "citation_ids": [77323602], "author": {"tweeter_id": "1265347088"}, "tweet_id": "1240177199560491008"}, {"license": "gnip", "citation_ids": [77323602, 77032933], "author": {"tweeter_id": "350200145"}, "tweet_id": "1240182281588936705"}, {"license": "gnip", "citation_ids": [77323602], "author": {"tweeter_id": "2151579650"}, "tweet_id": "1240208838034247680"}, {"license": "gnip", "citation_ids": [77323602], "author": {"tweeter_id": "101027306"}, "tweet_id": "1240219133905682432"}, {"license": "gnip", "citation_ids": [77323602], "author": {"tweeter_id": "557087377"}, "tweet_id": "1240221983037677568"}, {"license": "gnip", "citation_ids": [77323602], "author": {"tweeter_id": "1203397073183354881"}, "tweet_id": "1240257663054815233"}, {"license": "gnip", "citation_ids": [77323602], "author": {"tweeter_id": "1203397073183354881"}, "tweet_id": "1240258776109928448"}, {"license": "gnip", "citation_ids": [77323602], "author": {"tweeter_id": "1203397073183354881"}, "tweet_id": "1240259461199073281"}, {"license": "gnip", "citation_ids": [77323602, 77032933], "author": {"tweeter_id": "496173105"}, "tweet_id": "1240260705691086851"}, {"license": "gnip", "citation_ids": [77323602], "author": {"tweeter_id": "1203397073183354881"}, "tweet_id": "1240265311707856902"}, {"license": "gnip", "citation_ids": [77323602], "author": {"tweeter_id": "19253943"}, "tweet_id": "1240265723940950017"}, {"license": "gnip", "citation_ids": [77323602], "author": {"tweeter_id": "234844432"}, "tweet_id": "1240265914345558018"}, {"license": "gnip", "citation_ids": [77323602], "author": {"tweeter_id": "961185588"}, "tweet_id": "1240266096072155136"}, {"license": "gnip", "citation_ids": [77323602], "author": {"tweeter_id": "1203397073183354881"}, "tweet_id": "1240268637585506306"}, {"license": "gnip", "citation_ids": [77323602, 77032933], "author": {"tweeter_id": "244706769"}, "tweet_id": "1240271187600707584"}, {"license": "gnip", "citation_ids": [77323602], "author": {"tweeter_id": "1203397073183354881"}, "tweet_id": "1240271203211923456"}, {"license": "gnip", "citation_ids": [77323602], "author": {"tweeter_id": "23397176"}, "tweet_id": "1240277899342741505"}, {"license": "gnip", "citation_ids": [77323602], "author": {"tweeter_id": "1161711653752377345"}, "tweet_id": "1240283944039350274"}, {"license": "gnip", "citation_ids": [77323602], "author": {"tweeter_id": "1203397073183354881"}, "tweet_id": "1240287093273870351"}, {"license": "gnip", "citation_ids": [77323602], "author": {"tweeter_id": "258896627"}, "tweet_id": "1240298433354883074"}], "blogs": [{"title": "How Long Does the Coronavirus Last on Surfaces?", "url": "https://www.wired.com/story/how-long-does-the-coronavirus-last-on-surfaces", "license": "public", "citation_ids": [77321320, 77323602, 77032933], "posted_on": "2020-03-14T11:00:00+00:00", "summary": "Researchers looked at how long the virus can survive on cardboard, plastic, and stainless steel, as well as after being aerosolized and suspended in midair.", "author": {"name": "Feed: All Latest", "url": "https://www.wired.com/category/laelaps/", "description": ""}}, {"title": "They Say Coronavirus Isn't Airborne\u2014but It's Definitely Borne By Air", "url": "https://www.wired.com/story/they-say-coronavirus-isnt-airborne-but-its-definitely-borne-by-air", "license": "public", "citation_ids": [15214096, 1180980, 2222511, 55091861, 2334088, 31916919, 2310528, 6781699, 77032933, 77323602, 77321320, 77500323], "posted_on": "2020-03-14T11:00:00+00:00", "summary": "The word \u201cairborne\u201d means different things to different scientists, and that confusion needs to be addressed.", "author": {"name": "Webmonkey", "url": "http://www.webmonkey.com/", "description": "The Web Developer's Resource"}}], "news": [{"title": "How Long Does the Coronavirus Last on Surfaces?", "url": "http://ct.moreover.com/?a=41620453346&p=1pl&v=1&x=RFblIhctw05uPf9atKzjsw", "license": "public", "citation_ids": [77321320, 77323602, 77032933], "posted_on": "2020-03-14T11:00:00+00:00", "summary": "By now, let\u2019s hope you\u2019re safely ensconced at home\u2014going a little stir-crazy, perhaps, but doing your part to \u201c flatten the curve.\u201d But let\u2019s say you\u2019re one of those people who can\u2019t stay in.", "author": {"name": "Wired.com", "url": "http://www.wired.com", "image": "https://s3.amazonaws.com/weyland.altmetric.com/news_sources/logos/000/001/378/normal/Screen_Shot_2015-07-22_at_11.20.18.png?1437560443"}}, {"title": "News story from Stat News on Monday 16 March 2020", "url": null, "license": "nla", "citation_ids": [10086216, 76999307, 77032933, 77323602, 77321320, 77455314, 2116539, 2376456], "posted_on": "2020-03-16T08:37:42+00:00", "summary": null, "author": {"name": "Stat News", "url": "http://www.statnews.com", "image": "https://s3.amazonaws.com/weyland.altmetric.com/news_sources/logos/000/001/404/normal/Screen_Shot_2015-12-10_at_14.17.42.png?1449757087"}}, {"title": "The new coronavirus can likely remain airborne for some time. That doesn\u2019t mean we\u2019re doomed.", "url": "http://ct.moreover.com/?a=41637140579&p=1pl&v=1&x=i6KQWxZy6LDAobllCNeMtA", "license": "public", "citation_ids": [10086216, 76999307, 77032933, 77323602, 77321320, 77455314, 2116539, 2376456], "posted_on": "2020-03-16T15:55:24+00:00", "summary": "This story originally appeared on STAT, a health and medicine website that provides ambitious coverage of the coronavirus.", "author": {"name": "Boston.com", "url": "http://www.boston.com/", "image": "https://s3.amazonaws.com/weyland.altmetric.com/news_sources/logos/000/000/054/normal/image.png?1369859371"}}, {"title": "11 things everyone should know about getting the novel coronavirus", "url": "http://ct.moreover.com/?a=41638762953&p=1pl&v=1&x=y7NrXxVCd5oqtG4HttlUzg", "license": "public", "citation_ids": [77321320, 75148168, 77323602, 77321320, 77027876, 77236030, 76810504, 77042662, 77268191, 77348652, 76754052, 77518072, 77462703, 76032489, 76337345], "posted_on": "2020-03-16T19:50:00+00:00", "summary": "With the United States now facing its own serious coronavirus outbreak, it\u2019s natural to wonder whether you\u2019ll get the respiratory illness and what you can do about it.", "author": {"name": "Vox.com", "url": "http://www.vox.com/", "image": "https://s3.amazonaws.com/weyland.altmetric.com/news_sources/logos/000/001/106/normal/Screen_Shot_2014-08-06_at_12.35.44.png?1407324987"}}, {"title": "COMMENTARY: COVID-19 transmission messages should hinge on science", "url": "http://ct.moreover.com/?a=41640571416&p=1pl&v=1&x=74hWg7yxH5mzREwb_wTUug", "license": "public", "citation_ids": [23226758, 2229582, 76860699, 1287846, 832895, 395884, 672792, 259109, 31916919, 77236030, 77323602, 990255, 2436913, 33494280, 33444422, 51782922, 55091861, 1532454, 77321320, 9065432, 25194530, 20485043, 23622750, 77141445, 76928305, 58540511], "posted_on": "2020-03-17T00:57:45+00:00", "summary": "Dr. Brosseau is a national expert on respiratory protection and infectious diseases and professor (retired), University of Illinois at Chicago.", "author": {"name": "Centre for Disease Research and Policy", "url": "http://www.cidrap.umn.edu/", "image": "https://s3.amazonaws.com/weyland.altmetric.com/news_sources/logos/000/001/915/normal/Screen_Shot_2016-01-27_at_14.51.11.png?1453906309"}}, {"title": "Coronavirus-Pandemie: Was ist ein Covid-19-Mythos, was die Wahrheit?", "url": "http://ct.moreover.com/?a=41647312055&p=1pl&v=1&x=BccfEWFtBs4zvJs8duUZ_w", "license": "public", "citation_ids": [77384559, 77321320, 77321320, 77323602], "posted_on": "2020-03-17T17:30:00+00:00", "summary": "Laden... Knoblauch hilft nicht gegen das Coronavirus. Seife ist ein gutes Reinigungsmittel.", "author": {"name": "Spektrum", "url": "http://www.spektrum.de/", "image": "https://s3.amazonaws.com/weyland.altmetric.com/news_sources/logos/000/000/917/normal/Screen_Shot_2016-02-02_at_12.11.43.png?1454415118"}}, {"title": "11 things everyone should know about getting the novel coronavirus", "url": "http://ct.moreover.com/?a=41648995497&p=1pl&v=1&x=K2N40jP7HubIFUcsGgJ5yg", "license": "public", "citation_ids": [77321320, 75148168, 77323602, 77321320, 77027876, 77236030, 76810504, 77042662, 77268191, 77348652, 76754052, 77518072, 77462703, 76032489, 76337345], "posted_on": "2020-03-16T19:50:10+00:00", "summary": "With the United States now facing its own serious coronavirus outbreak, it\u2019s natural to wonder whether you\u2019ll get the respiratory illness and what you can do about it.", "author": {"name": "Medical Health News", "url": "http://www.medicalhealthnews.net/", "image": "https://s3.amazonaws.com/weyland.altmetric.com/news_sources/logos/000/002/931/normal/Screen_Shot_2018-10-19_at_10.16.53.png?1539940643"}}, {"title": "How Long Will Coronavirus Live on Surfaces or in the Air Around You?", "url": "http://ct.moreover.com/?a=41649274642&p=1pl&v=1&x=Pq1s0tBxo93f084s_TBnag", "license": "public", "citation_ids": [77699394, 77323602, 77032933], "posted_on": "2020-03-17T23:18:22+00:00", "summary": "The coronavirus can live for three days on some surfaces, like plastic and steel, new research suggests.", "author": {"name": "New York Times", "url": "http://www.nytimes.com/", "image": "https://s3.amazonaws.com/weyland.altmetric.com/news_sources/logos/000/000/022/normal/image.png?1369859672"}}, {"title": "How long will coronavirus live on surfaces or in the air around you?", "url": "http://ct.moreover.com/?a=41650685838&p=1pl&v=1&x=ynBh2RyO1pg0MYEstMAlRQ", "license": "public", "citation_ids": [77699394, 77323602, 77032933], "posted_on": "2020-03-18T03:56:30+00:00", "summary": "Wed, Mar 18, 2020 - 11:56 AM [NEW YORK] The coronavirus can live for three days on some surfaces, like plastic and steel, new research suggests.", "author": {"name": "Business Times Singapore", "url": "http://www.businesstimes.com.sg/", "image": "https://s3.amazonaws.com/weyland.altmetric.com/news_sources/logos/000/001/312/normal/Screen_Shot_2015-01-08_at_10.31.24.png?1420713121"}}, {"title": "Coronavirus can live on surfaces for 3 days: Study", "url": "http://ct.moreover.com/?a=41651285943&p=1pl&v=1&x=uIjZ_h7_Pz5d8lrfgt4_pw", "license": "public", "citation_ids": [77699394, 77323602, 77032933], "posted_on": "2020-03-18T06:00:48+00:00", "summary": "A worker cleans inside the Myeongdond subway station to protect against the Coronavirus outbreak, in Seoul, South Korea on March 4, 2020.", "author": {"name": "The Independent (Bangladesh)", "url": "http://www.theindependentbd.com/", "image": "https://s3.amazonaws.com/weyland.altmetric.com/news_sources/logos/000/002/761/normal/Screen_Shot_2017-08-15_at_14.34.46.png?1502804106"}}, {"title": "How long can coronavirus live on surfaces or in the air?", "url": "http://ct.moreover.com/?a=41653838657&p=1pl&v=1&x=B21Iz8xS8K17keUW2v8X9w", "license": "public", "citation_ids": [77699394, 77323602, 77032933], "posted_on": "2020-03-18T12:20:26+00:00", "summary": "By Apoorva Mandavilli The coronavirus can live for three days on some surfaces, like plastic and steel, new research suggests.", "author": {"name": "Times of India", "url": "http://timesofindia.indiatimes.com/", "image": "https://s3.amazonaws.com/weyland.altmetric.com/news_sources/logos/000/000/062/normal/image.png?1369860014"}}, {"title": "How long will coronavirus live on surfaces or in the air around you?", "url": "http://ct.moreover.com/?a=41654981508&p=1pl&v=1&x=s_Ng1TZAi7Wacb7aZZNL5Q", "license": "public", "citation_ids": [77699394, 77323602, 77032933], "posted_on": "2020-03-18T14:45:51+00:00", "summary": "This article has been revised to reflect the following correction: An earlier version of this article misstated the length of time that the new coronavirus is found to survive on cardboard.", "author": {"name": "MSN", "url": "http://www.msn.com", "image": "https://s3.amazonaws.com/weyland.altmetric.com/news_sources/logos/000/000/360/normal/Screen_Shot_2016-01-06_at_15.14.19.png?1452093279"}}, {"title": "Kan coronavirus zich via lucht verspreiden?", "url": "http://ct.moreover.com/?a=41654603143&p=1pl&v=1&x=2SdoTunjzT8Ba0Treh4lrw", "license": "public", "citation_ids": [77699394, 77323602], "posted_on": "2020-03-18T13:53:14+00:00", "summary": "Op roestvrij staal en plastic is het virus pas na 6 tot 7 uur in hoeveelheid gehalveerd, blijkt uitAmerikaanse experimenten.", "author": {"name": "de Volkskrant", "url": "http://www.volkskrant.nl/", "image": "https://s3.amazonaws.com/weyland.altmetric.com/news_sources/logos/000/000/309/normal/Screen_Shot_2016-02-02_at_14.46.46.png?1454424420"}}, {"title": "Kan het coronavirus zich via de lucht verspreiden?", "url": "http://ct.moreover.com/?a=41654896981&p=1pl&v=1&x=UsV9W5J-bE0_7TBeLp5Eww", "license": "public", "citation_ids": [77699394, 77323602], "posted_on": "2020-03-18T13:53:00+00:00", "summary": "Op roestvrij staal en plastic is het virus pas na 6 tot 7 uur in hoeveelheid gehalveerd, blijkt uitAmerikaanse experimenten.", "author": {"name": "de Volkskrant", "url": "http://www.volkskrant.nl/", "image": "https://s3.amazonaws.com/weyland.altmetric.com/news_sources/logos/000/000/309/normal/Screen_Shot_2016-02-02_at_14.46.46.png?1454424420"}}]}, "score": 200.464, "images": {"small": "https://badges.altmetric.com/?size=64&score=201&types=mbtttttt", "medium": "https://badges.altmetric.com/?size=100&score=201&types=mbtttttt", "large": "https://badges.altmetric.com/?size=180&score=201&types=mbtttttt"}}