{"altmetric_id": 76792857, "counts": {"readers": {"mendeley": 0, "citeulike": 0, "connotea": 0}, "total": {"posts_count": 2}, "twitter": {"unique_users_count": 2, "posts_count": 2}}, "citation": {"altmetric_jid": "4f6fa8213cf058f61000bc80", "authors": ["Xu, Puzhi", "Shi, Yan", "Liu, Ping", "Yang, Yitian", "Zhou, Changming", "Li, Guyue", "Luo, Junrong", "Zhang, Caiying", "Cao, Huabin", "Hu, Guoliang", "Guo, Xiaoquan"], "doi": "10.1038/s41598-020-60564-8", "first_seen_on": "2020-02-28T11:00:36+00:00", "issns": ["2045-2322"], "journal": "Scientific Reports", "last_mentioned_on": 1582918443, "links": ["https://www.ncbi.nlm.nih.gov/pubmed/32103130?dopt=Abstract", "https://www.ncbi.nlm.nih.gov/pubmed/32103130?dopt=Abstract&utm_source=dlvr.it&utm_medium=twitter"], "pmid": "32103130", "pubdate": "2020-12-01T00:00:00+00:00", "epubdate": "2020-02-26T00:00:00+00:00", "publisher": "Springer Science and Business Media LLC", "title": "16S rRNA gene sequencing reveals an altered composition of the gut microbiota in chickens infected with a nephropathogenic infectious bronchitis virus", "type": "article"}, "altmetric_score": {"score": 0.5, "score_history": {"1y": 0.5, "6m": 0.5, "3m": 0.5, "1m": 0.5, "1w": 0, "6d": 0, "5d": 0, "4d": 0, "3d": 0, "2d": 0, "1d": 0, "at": 0.5}, "context_for_score": {"all": {"total_number_of_other_articles": 14460745, "mean": 8.4336471478823, "rank": 11465489, "this_scored_higher_than_pct": 11, "this_scored_higher_than": 1678725, "rank_type": "exact", "sample_size": 14460745, "percentile": 11}, "similar_age_3m": {"total_number_of_other_articles": 134105, "mean": 12.984254951381, "rank": 92646, "this_scored_higher_than_pct": 20, "this_scored_higher_than": 27245, "rank_type": "exact", "sample_size": 134105, "percentile": 20}, "this_journal": {"total_number_of_other_articles": 74735, "mean": 15.659241817647, "rank": 53760, "this_scored_higher_than_pct": 17, "this_scored_higher_than": 13079, "rank_type": "exact", "sample_size": 74735, "percentile": 17}, "similar_age_this_journal_3m": {"total_number_of_other_articles": 57, "mean": 2.5294642857143, "rank": 30, "this_scored_higher_than_pct": 33, "this_scored_higher_than": 19, "rank_type": "exact", "sample_size": 57, "percentile": 33}}}, "demographics": {"poster_types": {"member_of_the_public": 2}, "users": {"twitter": {"cohorts": {"Members of the public": 2}}}}, "posts": {"twitter": [{"license": "gnip", "citation_ids": [76792857], "author": {"tweeter_id": "2527490466"}, "tweet_id": "1233346179779313666"}, {"license": "gnip", "citation_ids": [76792857], "author": {"tweeter_id": "2365948482"}, "tweet_id": "1233475467778428934"}]}, "score": 0.5, "images": {"small": "https://badges.altmetric.com/?size=64&score=1&types=tttttttt", "medium": "https://badges.altmetric.com/?size=100&score=1&types=tttttttt", "large": "https://badges.altmetric.com/?size=180&score=1&types=tttttttt"}}