{"altmetric_id": 73544871, "counts": {"readers": {"mendeley": 0, "citeulike": 0, "connotea": 0}, "total": {"posts_count": 1}, "twitter": {"unique_users_count": 1, "posts_count": 1}}, "citation": {"aggregate_citation_ids": [73545353, 73545354, 73545355, 73545356, 73545358, 73545359, 73545360, 73545361, 73545362, 73545363, 73545365, 73545367, 73545370, 73545371], "attribution": "springer_nature", "book_cover_url": "https://s3-eu-west-1.amazonaws.com/bookcovers.altmetric.com/covers.springernature.com/e39c/eee864aec1b7506ee7bcdc2a2169.jpg", "chapters": [{"altmetric_id": 73545353, "title": "Fundamental Principles", "ordinal_number": 2}, {"altmetric_id": 73545354, "title": "Care of Detainees", "ordinal_number": 9}, {"altmetric_id": 73545355, "title": "Traffic Medicine", "ordinal_number": 14}, {"altmetric_id": 73545356, "title": "Physical Child Abuse", "ordinal_number": 5}, {"altmetric_id": 73545358, "title": "Infectious Diseases: The Role of the Healthcare Professional", "ordinal_number": 10}, {"altmetric_id": 73545359, "title": "Clinical Forensic Medicine: History and Development", "ordinal_number": 1}, {"altmetric_id": 73545360, "title": "TASER Conducted Electrical Weapons", "ordinal_number": 8}, {"altmetric_id": 73545361, "title": "Injury Assessment, Documentation, and Interpretation", "ordinal_number": 4}, {"altmetric_id": 73545362, "title": "Medical Issues Relevant to Restraint", "ordinal_number": 7}, {"altmetric_id": 73545363, "title": "Fitness to Be Interviewed and Fitness to Be Charged", "ordinal_number": 11}, {"altmetric_id": 73545365, "title": "Deaths in Police Custody", "ordinal_number": 13}, {"altmetric_id": 73545367, "title": "Chemical Crowd Control Agents", "ordinal_number": 6}, {"altmetric_id": 73545370, "title": "Substance Misuse", "ordinal_number": 12}, {"altmetric_id": 73545371, "title": "Sexual Assault Examination", "ordinal_number": 3}], "doi": "10.1007/978-3-030-29462-5", "editors": ["Stark, Margaret M."], "first_seen_on": "2020-01-03T07:16:54+00:00", "isbns": ["9783030294618", "9783030294625"], "issns": [], "last_mentioned_on": 1578412571, "links": ["https://doi.org/10.1007/978-3-030-29462-5", "https://www.springer.com/gb/book/9783030294618"], "pubdate": "2019-12-27T00:00:00+00:00", "publisher": "Springer International Publishing", "title": "Clinical Forensic Medicine", "type": "book"}, "altmetric_score": {"score": 0.5, "score_history": {"1y": 0.5, "6m": 0.5, "3m": 0.5, "1m": 0, "1w": 0, "6d": 0, "5d": 0, "4d": 0, "3d": 0, "2d": 0, "1d": 0, "at": 0.5}, "context_for_score": null}, "demographics": {"poster_types": {"member_of_the_public": 1}, "users": {"twitter": {"cohorts": {"Members of the public": 1}}}}, "posts": {"twitter": [{"license": "gnip", "citation_ids": [73544871], "author": {"tweeter_id": "2315415500"}, "tweet_id": "1214576474591834112"}]}, "score": 0.5, "images": {"small": "https://badges.altmetric.com/?size=64&score=1&types=tttttttt", "medium": "https://badges.altmetric.com/?size=100&score=1&types=tttttttt", "large": "https://badges.altmetric.com/?size=180&score=1&types=tttttttt"}}