{"altmetric_id": 77698361, "counts": {"readers": {"mendeley": 0, "citeulike": 0, "connotea": 0}, "news": {"unique_users_count": 1, "unique_users": ["biz_wire_express"], "posts_count": 3}, "total": {"posts_count": 10}, "twitter": {"unique_users_count": 7, "posts_count": 7}}, "citation": {"altmetric_jid": "4f6fa5e63cf058f6100057f2", "authors": ["Elkind, Mitchell S.", "Harrington, Robert A.", "Benjamin, Ivor J."], "doi": "10.1161/circulationaha.120.046749", "first_seen_on": "2020-03-17T17:06:56+00:00", "issns": ["0009-7322", "1524-4539"], "journal": "Circulation", "last_mentioned_on": 1584531364, "links": ["https://www.ahajournals.org/doi/10.1161/CIRCULATIONAHA.120.046749", "https://www.ahajournals.org/doi/pdf/10.1161/CIRCULATIONAHA.120.046749", "https://www.ahajournals.org/doi/abs/10.1161/CIRCULATIONAHA.120.046749#.XnGAlxCUXRs.twitter"], "epubdate": "2020-03-17T00:00:00+00:00", "publisher": "Ovid Technologies (Wolters Kluwer Health)", "publisher_subjects": [{"name": "Clinical Sciences", "scheme": "era"}, {"name": "Cardiovascular Medicine And Haematology", "scheme": "era"}, {"name": "Public Health And Health Services", "scheme": "era"}], "scopus_subjects": ["Medicine", "Health Sciences"], "title": "Role of the American Heart Association in the Global COVID-19 Pandemic", "type": "article"}, "altmetric_score": {"score": 15.05, "score_history": {"1y": 15.05, "6m": 15.05, "3m": 15.05, "1m": 15.05, "1w": 15.05, "6d": 15.05, "5d": 15.05, "4d": 15.05, "3d": 15.05, "2d": 15.05, "1d": 15.05, "at": 15.05}, "context_for_score": {"all": {"total_number_of_other_articles": 14518952, "mean": 8.4687422759303, "rank": 1146289, "this_scored_higher_than_pct": 92, "this_scored_higher_than": 13370972, "rank_type": "exact", "sample_size": 14518952, "percentile": 92}, "similar_age_3m": {"total_number_of_other_articles": 147227, "mean": 13.720422561233, "rank": 17396, "this_scored_higher_than_pct": 88, "this_scored_higher_than": 129790, "rank_type": "exact", "sample_size": 147227, "percentile": 88}, "this_journal": {"total_number_of_other_articles": 16627, "mean": 19.285507037171, "rank": 2983, "this_scored_higher_than_pct": 82, "this_scored_higher_than": 13638, "rank_type": "exact", "sample_size": 16627, "percentile": 82}, "similar_age_this_journal_3m": {"total_number_of_other_articles": 111, "mean": 50.561963636364, "rank": 58, "this_scored_higher_than_pct": 47, "this_scored_higher_than": 53, "rank_type": "exact", "sample_size": 111, "percentile": 47}}}, "demographics": {"poster_types": {"member_of_the_public": 4, "researcher": 2, "science_communicator": 1}, "users": {"twitter": {"cohorts": {"Members of the public": 4, "Science communicators (journalists, bloggers, editors)": 1, "Scientists": 2}}}, "geo": {"twitter": {"US": 3, "CA": 1}}}, "posts": {"news": [{"title": "The American Heart Association outlines its integral role in the global COVID-19 pandemic", "url": "http://ct.moreover.com/?a=41646830267&p=1pl&v=1&x=IKosSzQdxtt5KL_OPBV7AQ", "license": "public", "citation_ids": [1177678, 74698044, 77698361, 12091325, 28869680, 77247395], "posted_on": "2020-03-17T17:06:13+00:00", "summary": "NewMediaWire 2020-.", "author": {"name": "Biz Wire Express", "url": "http://www.bizwireexpress.com", "image": "https://s3.amazonaws.com/weyland.altmetric.com/news_sources/logos/000/001/795/normal/Screen_Shot_2016-01-27_at_09.34.21.png?1453887297"}}, {"title": "ADM Tronics Provides Update on Operations During COVID-19 Coronavirus Outbreak", "url": "http://ct.moreover.com/?a=41649306599&p=1pl&v=1&x=yhPZWdCyA_29_SXTgbQA5w", "license": "public", "citation_ids": [12091325, 28869680, 1177678, 74698044, 77698361, 77247395], "posted_on": "2020-03-17T23:31:27+00:00", "summary": "NewMediaWire 2020-.", "author": {"name": "Biz Wire Express", "url": "http://www.bizwireexpress.com", "image": "https://s3.amazonaws.com/weyland.altmetric.com/news_sources/logos/000/001/795/normal/Screen_Shot_2016-01-27_at_09.34.21.png?1453887297"}}, {"title": "CIBT Subsidiary Closes on GEC Oakridge Land Purchase", "url": "http://ct.moreover.com/?a=41649987119&p=1pl&v=1&x=scBKDoVEoDsWH9eMin-yQQ", "license": "public", "citation_ids": [12091325, 28869680, 1177678, 74698044, 77698361, 77247395], "posted_on": "2020-03-18T01:39:59+00:00", "summary": "NewMediaWire 2020-.", "author": {"name": "Biz Wire Express", "url": "http://www.bizwireexpress.com", "image": "https://s3.amazonaws.com/weyland.altmetric.com/news_sources/logos/000/001/795/normal/Screen_Shot_2016-01-27_at_09.34.21.png?1453887297"}}], "twitter": [{"license": "gnip", "citation_ids": [77698361], "author": {"tweeter_id": "2279898040"}, "tweet_id": "1240008242807410693"}, {"license": "gnip", "citation_ids": [77698361], "author": {"tweeter_id": "1216047138821505025"}, "tweet_id": "1240096405311627266"}, {"license": "gnip", "citation_ids": [77698361], "author": {"tweeter_id": "44956792"}, "tweet_id": "1240097535378829313"}, {"license": "gnip", "citation_ids": [77698361], "author": {"tweeter_id": "18826655"}, "tweet_id": "1240124637343875072"}, {"license": "gnip", "citation_ids": [77698361], "author": {"tweeter_id": "1099008275012636672"}, "tweet_id": "1240232792409210880"}, {"license": "gnip", "citation_ids": [77698361], "author": {"tweeter_id": "109382110"}, "tweet_id": "1240234531015327748"}, {"license": "gnip", "citation_ids": [77698361], "author": {"tweeter_id": "999069416833761280"}, "tweet_id": "1240240549522636801"}]}, "score": 15.05, "images": {"small": "https://badges.altmetric.com/?size=64&score=16&types=mmtttttt", "medium": "https://badges.altmetric.com/?size=100&score=16&types=mmtttttt", "large": "https://badges.altmetric.com/?size=180&score=16&types=mmtttttt"}}