{"altmetric_id": 76923618, "counts": {"readers": {"mendeley": 0, "citeulike": 0, "connotea": 0}, "total": {"posts_count": 33}, "twitter": {"unique_users_count": 29, "posts_count": 33}}, "citation": {"altmetric_jid": "4f6fa4e93cf058f61000245c", "authors": ["Owen Dyer"], "doi": "10.1136/bmj.m833", "first_seen_on": "2020-03-02T15:54:10+00:00", "issns": ["1756-1833"], "journal": "British Medical Journal", "last_mentioned_on": 1584404770, "links": ["https://www.bmj.com/content/368/bmj.m833.short?rss=1&utm_source=dlvr.it&utm_medium=twitter&utm_campaign=Feed%3A+bmj%2Frecent+%28Latest+from+BMJ%29", "https://www.bmj.com/content/368/bmj.m833.short?rss=1&utm_source=dlvr.it&utm_medium=twitter", "https://www.bmj.com/content/368/bmj.m833", "https://www.bmj.com/content/368/bmj.m833?utm_source=twitter&utm_medium=social&utm_term=hootsuite&utm_content=sme&utm_campaign=usage", "https://www.bmj.com/content/368/bmj.m833.long", "https://www.ncbi.nlm.nih.gov/pubmed/32122875?dopt=Abstract&utm_source=dlvr.it&utm_medium=twitter"], "pdf_url": "https://www.bmj.com/content/bmj/368/bmj.m833.full.pdf", "pmid": "32122875", "epubdate": "2020-03-02T00:00:00+00:00", "publisher_subjects": [{"name": "Public Health And Health Services", "scheme": "era"}], "scopus_subjects": ["Medicine", "Health Sciences"], "title": "Covid-19: US health department staff sent to meet citizens returning from China weren\u2019t protected, claims whistleblower", "type": "article", "volume": "368"}, "altmetric_score": {"score": 18.65, "score_history": {"1y": 18.65, "6m": 18.65, "3m": 18.65, "1m": 18.65, "1w": 2, "6d": 1.5, "5d": 1.5, "4d": 1.5, "3d": 1.5, "2d": 1.5, "1d": 1.5, "at": 18.65}, "context_for_score": {"all": {"total_number_of_other_articles": 14510247, "mean": 8.462530161091, "rank": 944932, "this_scored_higher_than_pct": 93, "this_scored_higher_than": 13564074, "rank_type": "exact", "sample_size": 14510247, "percentile": 93}, "similar_age_3m": {"total_number_of_other_articles": 151556, "mean": 13.999351654515, "rank": 15372, "this_scored_higher_than_pct": 89, "this_scored_higher_than": 136170, "rank_type": "exact", "sample_size": 151556, "percentile": 89}, "this_journal": {"total_number_of_other_articles": 46629, "mean": 31.189094235224, "rank": 11376, "this_scored_higher_than_pct": 75, "this_scored_higher_than": 35238, "rank_type": "exact", "sample_size": 46629, "percentile": 75}, "similar_age_this_journal_3m": {"total_number_of_other_articles": 360, "mean": 55.230690807799, "rank": 154, "this_scored_higher_than_pct": 57, "this_scored_higher_than": 206, "rank_type": "exact", "sample_size": 360, "percentile": 57}}}, "demographics": {"poster_types": {"member_of_the_public": 24, "researcher": 2, "practitioner": 3}, "users": {"twitter": {"cohorts": {"Members of the public": 24, "Scientists": 2, "Practitioners (doctors, other healthcare professionals)": 3}}}, "geo": {"twitter": {"BE": 1, "GB": 9, "US": 6, "JP": 1, "PR": 1, "CA": 1, "CH": 1}}}, "posts": {"twitter": [{"license": "gnip", "citation_ids": [76923618], "author": {"tweeter_id": "283604227"}, "tweet_id": "1234499092908138497"}, {"license": "gnip", "citation_ids": [76923618], "author": {"tweeter_id": "283604227"}, "tweet_id": "1234500604392656897"}, {"license": "gnip", "citation_ids": [76923618], "author": {"tweeter_id": "871325737667743744"}, "tweet_id": "1234561408345440257"}, {"license": "gnip", "citation_ids": [76923618, 76812918], "author": {"tweeter_id": "36051159"}, "tweet_id": "1234567827396472836"}, {"license": "gnip", "citation_ids": [76923618, 76812918], "author": {"tweeter_id": "4217841493"}, "tweet_id": "1234570982892814336"}, {"license": "gnip", "citation_ids": [76923618, 76812918], "author": {"tweeter_id": "16949344"}, "tweet_id": "1234597304855941121"}, {"license": "gnip", "citation_ids": [76923618, 76812918], "author": {"tweeter_id": "1077008722625482752"}, "tweet_id": "1234597351710392323"}, {"license": "gnip", "citation_ids": [76923618, 76812918], "author": {"tweeter_id": "22095149"}, "tweet_id": "1234631794604904448"}, {"license": "gnip", "citation_ids": [76923618, 76812918], "author": {"tweeter_id": "2862262723"}, "tweet_id": "1234753466175758336"}, {"license": "gnip", "citation_ids": [76923618], "author": {"tweeter_id": "915389563614433285"}, "tweet_id": "1234814979364327431"}, {"license": "gnip", "citation_ids": [76923618], "author": {"tweeter_id": "16949344"}, "tweet_id": "1234826101542805504"}, {"license": "gnip", "citation_ids": [76923618], "author": {"tweeter_id": "1077008722625482752"}, "tweet_id": "1234826173621952512"}, {"license": "gnip", "citation_ids": [76923618], "author": {"tweeter_id": "52770751"}, "tweet_id": "1234826711377809409"}, {"license": "gnip", "citation_ids": [76923618], "author": {"tweeter_id": "52770751"}, "tweet_id": "1234826844232351744"}, {"license": "gnip", "citation_ids": [76923618], "author": {"tweeter_id": "2533325551"}, "tweet_id": "1234826846434471936"}, {"license": "gnip", "citation_ids": [76923618], "author": {"tweeter_id": "1154199152391274501"}, "tweet_id": "1234826936326795265"}, {"license": "gnip", "citation_ids": [76923618], "author": {"tweeter_id": "106597045"}, "tweet_id": "1234827081265156096"}, {"license": "gnip", "citation_ids": [76923618], "author": {"tweeter_id": "880891430188847104"}, "tweet_id": "1234827663187021824"}, {"license": "gnip", "citation_ids": [76923618], "author": {"tweeter_id": "783385837031522304"}, "tweet_id": "1234827964220690432"}, {"license": "gnip", "citation_ids": [76923618], "author": {"tweeter_id": "715923426"}, "tweet_id": "1234847856177111041"}, {"license": "gnip", "citation_ids": [76923618], "author": {"tweeter_id": "879359074302873600"}, "tweet_id": "1234851210466856963"}, {"license": "gnip", "citation_ids": [76923618], "author": {"tweeter_id": "892826796"}, "tweet_id": "1234862242648207360"}, {"license": "gnip", "citation_ids": [76923618], "author": {"tweeter_id": "14392535"}, "tweet_id": "1235106985621598208"}, {"license": "gnip", "citation_ids": [76923618], "author": {"tweeter_id": "1155151718042296326"}, "tweet_id": "1235272079185817600"}, {"license": "gnip", "citation_ids": [76923618], "author": {"tweeter_id": "22456447"}, "tweet_id": "1235272266746720256"}, {"license": "gnip", "citation_ids": [76923618], "author": {"tweeter_id": "988337105469255681"}, "tweet_id": "1235273186582966272"}, {"license": "gnip", "citation_ids": [76923618], "author": {"tweeter_id": "759874544613994500"}, "tweet_id": "1235273294145654785"}, {"license": "gnip", "citation_ids": [76923618], "author": {"tweeter_id": "708734835"}, "tweet_id": "1235275733490110464"}, {"license": "gnip", "citation_ids": [76923618], "author": {"tweeter_id": "849460337971785729"}, "tweet_id": "1235276619562053633"}, {"license": "gnip", "citation_ids": [76923618], "author": {"tweeter_id": "1726155727"}, "tweet_id": "1235277204675866627"}, {"license": "gnip", "citation_ids": [76923618], "author": {"tweeter_id": "15111835"}, "tweet_id": "1237345568822886401"}, {"license": "gnip", "citation_ids": [76923618], "author": {"tweeter_id": "1239315181882224640"}, "tweet_id": "1239704387779301379"}, {"license": "gnip", "citation_ids": [76923618], "author": {"tweeter_id": "70248716"}, "tweet_id": "1239709577312186368"}]}, "score": 18.65, "images": {"small": "https://badges.altmetric.com/?size=64&score=19&types=tttttttt", "medium": "https://badges.altmetric.com/?size=100&score=19&types=tttttttt", "large": "https://badges.altmetric.com/?size=180&score=19&types=tttttttt"}}