{"altmetric_id": 77522620, "counts": {"readers": {"mendeley": 0, "citeulike": 0, "connotea": 0}, "total": {"posts_count": 162}, "twitter": {"unique_users_count": 142, "posts_count": 169}, "news": {"unique_users_count": 4, "unique_users": ["new_york_times", "head_topics", "the_straits_times", "wired_com"], "posts_count": 4}, "blogs": {"unique_users_count": 2, "unique_users": [58109, 60593], "posts_count": 2}}, "citation": {"altmetric_jid": "532721422a83ee84788b4567", "authors": ["Abbott, Timothy R", "Dhamdhere, Girija", "Liu, Yanxia", "Lin, Xueqiu", "Goudy, Laine E", "Zeng, Leiping", "Chemparathy, Augustine", "Chmura, Stephen", "Heaton, Nicholas", "Debs, Robert", "Pande, Tara", "Endy, Drew", "La Russa, Marie", "Lewis, David B", "Qi, Lei S"], "doi": "10.1101/2020.03.13.991307", "first_seen_on": "2020-03-14T23:46:20+00:00", "issns": [], "journal": "bioRxiv", "last_mentioned_on": 1584529200, "links": ["https://www.biorxiv.org/content/10.1101/2020.03.13.991307v1", "https://www.biorxiv.org/content/10.1101/2020.03.13.991307v1#disqus_thread", "https://www.biorxiv.org/content/10.1101/2020.03.13.991307v1?rss=1&utm_source=dlvr.it&utm_medium=twitter", "https://www.biorxiv.org/content/10.1101/2020.03.13.991307v1.full.pdf"], "pdf_url": "https://www.biorxiv.org/content/biorxiv/early/2020/03/14/2020.03.13.991307.full.pdf", "publisher": "Cold Spring Harbor Laboratory", "title": "Development of CRISPR as a prophylactic strategy to combat novel coronavirus and influenza", "type": "article"}, "altmetric_score": {"score": 143.23, "score_history": {"1y": 143.23, "6m": 143.23, "3m": 143.23, "1m": 143.23, "1w": 143.23, "6d": 143.23, "5d": 143.23, "4d": 143.23, "3d": 123.88, "2d": 64.93, "1d": 55.43, "at": 143.23}, "context_for_score": {"all": {"total_number_of_other_articles": 14518952, "mean": 8.4687422759303, "rank": 117567, "this_scored_higher_than_pct": 99, "this_scored_higher_than": 14401416, "rank_type": "exact", "sample_size": 14518952, "percentile": 99}, "similar_age_3m": {"total_number_of_other_articles": 146204, "mean": 14.118704814539, "rank": 2313, "this_scored_higher_than_pct": 98, "this_scored_higher_than": 143891, "rank_type": "exact", "sample_size": 146204, "percentile": 98}, "this_journal": {"total_number_of_other_articles": 75358, "mean": 12.927046989663, "rank": 491, "this_scored_higher_than_pct": 99, "this_scored_higher_than": 74867, "rank_type": "exact", "sample_size": 75358, "percentile": 99}, "similar_age_this_journal_3m": {"total_number_of_other_articles": 3811, "mean": 16.47371968504, "rank": 34, "this_scored_higher_than_pct": 99, "this_scored_higher_than": 3777, "rank_type": "exact", "sample_size": 3811, "percentile": 99}}}, "demographics": {"poster_types": {"member_of_the_public": 94, "researcher": 42, "practitioner": 4, "science_communicator": 2}, "users": {"twitter": {"cohorts": {"Members of the public": 105, "Scientists": 44, "Practitioners (doctors, other healthcare professionals)": 4, "Science communicators (journalists, bloggers, editors)": 2}}}, "geo": {"twitter": {"US": 69, "AU": 1, "CO": 1, "DE": 2, "NL": 1, "GB": 7, "JP": 2, "IN": 2, "IS": 1, "AE": 2, "MK": 1, "HU": 1, "IT": 1, "CL": 1, "NG": 1, "ES": 2, "BE": 2, "CA": 2, "TR": 1, "FR": 1}}}, "posts": {"twitter": [{"license": "gnip", "citation_ids": [77522620], "author": {"tweeter_id": "1949132852"}, "tweet_id": "1238974716515438597"}, {"license": "gnip", "citation_ids": [77522620], "author": {"tweeter_id": "18602271"}, "tweet_id": "1238975694027157504"}, {"license": "gnip", "citation_ids": [68180069, 77522620], "author": {"tweeter_id": "1018638385"}, "tweet_id": "1238976288959770624"}, {"license": "gnip", "citation_ids": [68180069, 77522620], "author": {"tweeter_id": "18602271"}, "tweet_id": "1238976484062056448"}, {"license": "gnip", "citation_ids": [77522620], "author": {"tweeter_id": "801821500302979072"}, "tweet_id": "1238976605902569473"}, {"license": "gnip", "citation_ids": [77522620], "author": {"tweeter_id": "915542803140165633"}, "tweet_id": "1238977200386265089"}, {"license": "gnip", "citation_ids": [77522620], "author": {"tweeter_id": "2834924245"}, "tweet_id": "1238984142215204864"}, {"license": "gnip", "citation_ids": [77522620], "author": {"tweeter_id": "3403219133"}, "tweet_id": "1238987846746243073"}, {"license": "gnip", "citation_ids": [77522620], "author": {"tweeter_id": "2789337546"}, "tweet_id": "1238989546533974016"}, {"license": "gnip", "citation_ids": [77522620], "author": {"tweeter_id": "998317668800360451"}, "tweet_id": "1238990839528873985"}, {"license": "gnip", "citation_ids": [77522620], "author": {"tweeter_id": "401001452"}, "tweet_id": "1238992993438367744"}, {"license": "gnip", "citation_ids": [77522620], "author": {"tweeter_id": "156855358"}, "tweet_id": "1238994794929704965"}, {"license": "gnip", "citation_ids": [77522620], "author": {"tweeter_id": "2772629240"}, "tweet_id": "1239000974389215232"}, {"license": "gnip", "citation_ids": [77522620], "author": {"tweeter_id": "1192074421"}, "tweet_id": "1239010427717156864"}, {"license": "gnip", "citation_ids": [77522620], "author": {"tweeter_id": "35426324"}, "tweet_id": "1239011582266314752"}, {"license": "gnip", "citation_ids": [77522620], "author": {"tweeter_id": "724515838133301248"}, "tweet_id": "1239012704376905728"}, {"license": "gnip", "citation_ids": [77522620], "author": {"tweeter_id": "2891955705"}, "tweet_id": "1239013143583416320"}, {"license": "gnip", "citation_ids": [77522620], "author": {"tweeter_id": "771405952079634432"}, "tweet_id": "1239014935574663168"}, {"license": "gnip", "citation_ids": [68180069, 77522620], "author": {"tweeter_id": "865299826401046528"}, "tweet_id": "1239018757978304514"}, {"license": "gnip", "citation_ids": [77522620], "author": {"tweeter_id": "771405952079634432"}, "tweet_id": "1239018901955989505"}, {"license": "gnip", "citation_ids": [77522620], "author": {"tweeter_id": "1117110939332034561"}, "tweet_id": "1239023612830445568"}, {"license": "gnip", "citation_ids": [77522620], "author": {"tweeter_id": "553965890"}, "tweet_id": "1239030383280140289"}, {"license": "gnip", "citation_ids": [68180069, 77522620], "author": {"tweeter_id": "263567276"}, "tweet_id": "1239034147982774273"}, {"license": "gnip", "citation_ids": [77522620], "author": {"tweeter_id": "754664467015892992"}, "tweet_id": "1239038963828097024"}, {"license": "gnip", "citation_ids": [77522620], "author": {"tweeter_id": "842814927379333120"}, "tweet_id": "1239042076152606721"}, {"license": "gnip", "citation_ids": [77522620], "author": {"tweeter_id": "283776847"}, "tweet_id": "1239046564804538368"}, {"license": "gnip", "citation_ids": [77522620], "author": {"tweeter_id": "446620951"}, "tweet_id": "1239050281691893760"}, {"license": "gnip", "citation_ids": [77522620], "author": {"tweeter_id": "771405952079634432"}, "tweet_id": "1239055148590104576"}, {"license": "gnip", "citation_ids": [77522620], "author": {"tweeter_id": "3004213167"}, "tweet_id": "1239059664903360512"}, {"license": "gnip", "citation_ids": [77522620], "author": {"tweeter_id": "92889409"}, "tweet_id": "1239060043422523392"}, {"license": "gnip", "citation_ids": [77522620], "author": {"tweeter_id": "3986109196"}, "tweet_id": "1239067425829572608"}, {"license": "gnip", "citation_ids": [77522620], "author": {"tweeter_id": "1220042729146765312"}, "tweet_id": "1239102056717340672"}, {"license": "gnip", "citation_ids": [77522620], "author": {"tweeter_id": "1192374847558574080"}, "tweet_id": "1239103656416419840"}, {"license": "gnip", "citation_ids": [77522620], "author": {"tweeter_id": "141345050"}, "tweet_id": "1239106100680708096"}, {"license": "gnip", "citation_ids": [77522620], "author": {"tweeter_id": "2252597929"}, "tweet_id": "1239133723318239232"}, {"license": "gnip", "citation_ids": [77522620], "author": {"tweeter_id": "806635010287685632"}, "tweet_id": "1239145144525471745"}, {"license": "gnip", "citation_ids": [77522620], "author": {"tweeter_id": "818008252814217217"}, "tweet_id": "1239157780029657091"}, {"license": "gnip", "citation_ids": [68180069, 77522620], "author": {"tweeter_id": "884210369169956866"}, "tweet_id": "1239167816684777472"}, {"license": "gnip", "citation_ids": [77522620], "author": {"tweeter_id": "4901919879"}, "tweet_id": "1239170634417983491"}, {"license": "gnip", "citation_ids": [77522620], "author": {"tweeter_id": "4901919879"}, "tweet_id": "1239170641959374848"}, {"license": "gnip", "citation_ids": [77522620], "author": {"tweeter_id": "60498418"}, "tweet_id": "1239171207682854916"}, {"license": "gnip", "citation_ids": [77522620], "author": {"tweeter_id": "4901919879"}, "tweet_id": "1239172653283299330"}, {"license": "gnip", "citation_ids": [77522620], "author": {"tweeter_id": "4901919879"}, "tweet_id": "1239174830001254406"}, {"license": "gnip", "citation_ids": [77522620], "author": {"tweeter_id": "69441276"}, "tweet_id": "1239177929466064898"}, {"license": "gnip", "citation_ids": [77522620], "author": {"tweeter_id": "948919343970242560"}, "tweet_id": "1239178489095389184"}, {"license": "gnip", "citation_ids": [77522620], "author": {"tweeter_id": "17987490"}, "tweet_id": "1239185311898484736"}, {"license": "gnip", "citation_ids": [77522620], "author": {"tweeter_id": "6245352"}, "tweet_id": "1239218474943045633"}, {"license": "gnip", "citation_ids": [77522620], "author": {"tweeter_id": "149706579"}, "tweet_id": "1239226989111734272"}, {"license": "gnip", "citation_ids": [77522620], "author": {"tweeter_id": "15275361"}, "tweet_id": "1239227731935555585"}, {"license": "gnip", "citation_ids": [77522620], "author": {"tweeter_id": "15275361"}, "tweet_id": "1239228087948070913"}, {"license": "gnip", "citation_ids": [77522620], "author": {"tweeter_id": "112308134"}, "tweet_id": "1239228276863840256"}, {"license": "gnip", "citation_ids": [77522620], "author": {"tweeter_id": "3113317685"}, "tweet_id": "1239228649158529025"}, {"license": "gnip", "citation_ids": [77522620], "author": {"tweeter_id": "69260192"}, "tweet_id": "1239228703386865664"}, {"license": "gnip", "citation_ids": [77522620], "author": {"tweeter_id": "18927401"}, "tweet_id": "1239229480809295877"}, {"license": "gnip", "citation_ids": [77522620], "author": {"tweeter_id": "541811858"}, "tweet_id": "1239230061514862592"}, {"license": "gnip", "citation_ids": [77522620], "author": {"tweeter_id": "5780792"}, "tweet_id": "1239230509764362240"}, {"license": "gnip", "citation_ids": [77522620], "author": {"tweeter_id": "155538784"}, "tweet_id": "1239230536310292480"}, {"license": "gnip", "citation_ids": [77522620], "author": {"tweeter_id": "24138145"}, "tweet_id": "1239230753608585216"}, {"license": "gnip", "citation_ids": [77522620], "author": {"tweeter_id": "101186457"}, "tweet_id": "1239231170035896320"}, {"license": "gnip", "citation_ids": [77522620], "author": {"tweeter_id": "360912781"}, "tweet_id": "1239231952156155904"}, {"license": "gnip", "citation_ids": [77522620], "author": {"tweeter_id": "1234915896273129475"}, "tweet_id": "1239232582807695363"}, {"license": "gnip", "citation_ids": [77522620], "author": {"tweeter_id": "1234915896273129475"}, "tweet_id": "1239232879026221057"}, {"license": "gnip", "citation_ids": [77522620], "author": {"tweeter_id": "3537771693"}, "tweet_id": "1239232937524113409"}, {"license": "gnip", "citation_ids": [77522620], "author": {"tweeter_id": "3241620507"}, "tweet_id": "1239232939981975553"}, {"license": "gnip", "citation_ids": [77522620], "author": {"tweeter_id": "173731430"}, "tweet_id": "1239233283797458944"}, {"license": "gnip", "citation_ids": [77522620], "author": {"tweeter_id": "137209063"}, "tweet_id": "1239234604193558528"}, {"license": "gnip", "citation_ids": [77522620], "author": {"tweeter_id": "832586414"}, "tweet_id": "1239236273685946368"}, {"license": "gnip", "citation_ids": [77522620], "author": {"tweeter_id": "12294132"}, "tweet_id": "1239237036319690754"}, {"license": "gnip", "citation_ids": [77522620], "author": {"tweeter_id": "1128786994618724352"}, "tweet_id": "1239241750658482176"}, {"license": "gnip", "citation_ids": [77522620], "author": {"tweeter_id": "591907460"}, "tweet_id": "1239241898759540737"}, {"license": "gnip", "citation_ids": [77522620], "author": {"tweeter_id": "1229168245921456128"}, "tweet_id": "1239242291417681933"}, {"license": "gnip", "citation_ids": [77522620], "author": {"tweeter_id": "1024807088277475328"}, "tweet_id": "1239242328679698432"}, {"license": "gnip", "citation_ids": [77522620], "author": {"tweeter_id": "910427497"}, "tweet_id": "1239243785734893569"}, {"license": "gnip", "citation_ids": [77522620], "author": {"tweeter_id": "35669932"}, "tweet_id": "1239245592330678274"}, {"license": "gnip", "citation_ids": [77522620], "author": {"tweeter_id": "1194929529342582785"}, "tweet_id": "1239248012666380290"}, {"license": "gnip", "citation_ids": [77522620], "author": {"tweeter_id": "620672643"}, "tweet_id": "1239248505685839874"}, {"license": "gnip", "citation_ids": [77522620], "author": {"tweeter_id": "104743047"}, "tweet_id": "1239249856910086144"}, {"license": "gnip", "citation_ids": [77522620], "author": {"tweeter_id": "19351704"}, "tweet_id": "1239250318585520128"}, {"license": "gnip", "citation_ids": [77522620], "author": {"tweeter_id": "836438995307388928"}, "tweet_id": "1239251183283220480"}, {"license": "gnip", "citation_ids": [77522620], "author": {"tweeter_id": "22883622"}, "tweet_id": "1239255789828804610"}, {"license": "gnip", "citation_ids": [77522620], "author": {"tweeter_id": "1233192116869664771"}, "tweet_id": "1239257026787713027"}, {"license": "gnip", "citation_ids": [77522620], "author": {"tweeter_id": "87289054"}, "tweet_id": "1239257306421919746"}, {"license": "gnip", "citation_ids": [77522620], "author": {"tweeter_id": "1145855292"}, "tweet_id": "1239258382961463297"}, {"license": "gnip", "citation_ids": [77522620], "author": {"tweeter_id": "1145855292"}, "tweet_id": "1239258594719215616"}, {"license": "gnip", "citation_ids": [77522620], "author": {"tweeter_id": "340034849"}, "tweet_id": "1239259507500257281"}, {"license": "gnip", "citation_ids": [77522620], "author": {"tweeter_id": "64844802"}, "tweet_id": "1239264901173927937"}, {"license": "gnip", "citation_ids": [77522620], "author": {"tweeter_id": "1077009755145674752"}, "tweet_id": "1239265134314491906"}, {"license": "gnip", "citation_ids": [77522620], "author": {"tweeter_id": "2287180969"}, "tweet_id": "1239265304578084867"}, {"license": "gnip", "citation_ids": [77522620], "author": {"tweeter_id": "54532370"}, "tweet_id": "1239265706702770177"}, {"license": "gnip", "citation_ids": [77522620], "author": {"tweeter_id": "33879061"}, "tweet_id": "1239266930093162497"}, {"license": "gnip", "citation_ids": [77522620], "author": {"tweeter_id": "942453070298058753"}, "tweet_id": "1239271112623697921"}, {"license": "gnip", "citation_ids": [77522620], "author": {"tweeter_id": "942453070298058753"}, "tweet_id": "1239271237840449537"}, {"license": "gnip", "citation_ids": [77522620], "author": {"tweeter_id": "348889317"}, "tweet_id": "1239273800560029696"}, {"license": "gnip", "citation_ids": [77522620], "author": {"tweeter_id": "2300294439"}, "tweet_id": "1239275370471440389"}, {"license": "gnip", "citation_ids": [77522620], "author": {"tweeter_id": "348315872"}, "tweet_id": "1239275648818036737"}, {"license": "gnip", "citation_ids": [77522620], "author": {"tweeter_id": "1151009527"}, "tweet_id": "1239275669152030720"}, {"license": "gnip", "citation_ids": [77522620], "author": {"tweeter_id": "155810770"}, "tweet_id": "1239276034220007426"}, {"license": "gnip", "citation_ids": [77522620], "author": {"tweeter_id": "889162787158507521"}, "tweet_id": "1239277134440542208"}, {"license": "gnip", "citation_ids": [77522620], "author": {"tweeter_id": "239209159"}, "tweet_id": "1239285430153023488"}, {"license": "gnip", "citation_ids": [77522620], "author": {"tweeter_id": "50158109"}, "tweet_id": "1239288215351070720"}, {"license": "gnip", "citation_ids": [77522620], "author": {"tweeter_id": "283686070"}, "tweet_id": "1239291077191815168"}, {"license": "gnip", "citation_ids": [77522620], "author": {"tweeter_id": "988654859296493568"}, "tweet_id": "1239293156891361285"}, {"license": "gnip", "citation_ids": [77522620], "author": {"tweeter_id": "2734693368"}, "tweet_id": "1239302059637329924"}, {"license": "gnip", "citation_ids": [77522620], "author": {"tweeter_id": "760362558247153664"}, "tweet_id": "1239303297053458436"}, {"license": "gnip", "citation_ids": [77522620], "author": {"tweeter_id": "739351075"}, "tweet_id": "1239326187173720064"}, {"license": "gnip", "citation_ids": [77522620], "author": {"tweeter_id": "387381445"}, "tweet_id": "1239326341100711938"}, {"license": "gnip", "citation_ids": [77522620], "author": {"tweeter_id": "2834924245"}, "tweet_id": "1239328031463731200"}, {"license": "gnip", "citation_ids": [77522620], "author": {"tweeter_id": "130807519"}, "tweet_id": "1239328341225848832"}, {"license": "gnip", "citation_ids": [77522620], "author": {"tweeter_id": "1024807088277475328"}, "tweet_id": "1239329508374659072"}, {"license": "gnip", "citation_ids": [77522620], "author": {"tweeter_id": "799077280668647424"}, "tweet_id": "1239329724582813697"}, {"license": "gnip", "citation_ids": [77522620], "author": {"tweeter_id": "1051203741255229440"}, "tweet_id": "1239329992888037376"}, {"license": "gnip", "citation_ids": [77522620], "author": {"tweeter_id": "1441930592"}, "tweet_id": "1239332777859956736"}, {"license": "gnip", "citation_ids": [77522620], "author": {"tweeter_id": "406721961"}, "tweet_id": "1239332859170574337"}, {"license": "gnip", "citation_ids": [77522620], "author": {"tweeter_id": "4091755695"}, "tweet_id": "1239333452375191553"}, {"license": "gnip", "citation_ids": [77522620], "author": {"tweeter_id": "192941144"}, "tweet_id": "1239333604465008641"}, {"license": "gnip", "citation_ids": [77522620], "author": {"tweeter_id": "3815686394"}, "tweet_id": "1239333742252081152"}, {"license": "gnip", "citation_ids": [77522620], "author": {"tweeter_id": "2772629240"}, "tweet_id": "1239335559681601536"}, {"license": "gnip", "citation_ids": [77522620], "author": {"tweeter_id": "956250762094419968"}, "tweet_id": "1239337390960824320"}, {"license": "gnip", "citation_ids": [77522620], "author": {"tweeter_id": "276731093"}, "tweet_id": "1239338911458947073"}, {"license": "gnip", "citation_ids": [77522620], "author": {"tweeter_id": "1046863355770691585"}, "tweet_id": "1239340796660211712"}, {"license": "gnip", "citation_ids": [77522620], "author": {"tweeter_id": "892120710667264001"}, "tweet_id": "1239360175401832451"}, {"license": "gnip", "citation_ids": [77522620], "author": {"tweeter_id": "317489883"}, "tweet_id": "1239367560753078272"}, {"license": "gnip", "citation_ids": [77522620], "author": {"tweeter_id": "601201234"}, "tweet_id": "1239369281546203136"}, {"license": "gnip", "citation_ids": [77522620], "author": {"tweeter_id": "3658413915"}, "tweet_id": "1239369725324316673"}, {"license": "gnip", "citation_ids": [77522620], "author": {"tweeter_id": "1364213185"}, "tweet_id": "1239369920795815937"}, {"license": "gnip", "citation_ids": [77522620], "author": {"tweeter_id": "3147567270"}, "tweet_id": "1239380039701053440"}, {"license": "gnip", "citation_ids": [77522620], "author": {"tweeter_id": "12916102"}, "tweet_id": "1239399722407940096"}, {"license": "gnip", "citation_ids": [77522620], "author": {"tweeter_id": "1194957349"}, "tweet_id": "1239400455588855808"}, {"license": "gnip", "citation_ids": [77522620], "author": {"tweeter_id": "953066748789506048"}, "tweet_id": "1239408349461921795"}, {"license": "gnip", "citation_ids": [77522620], "author": {"tweeter_id": "4792252051"}, "tweet_id": "1239427811900710912"}, {"license": "gnip", "citation_ids": [77522620], "author": {"tweeter_id": "833584556099899392"}, "tweet_id": "1239513370426032130"}, {"license": "gnip", "citation_ids": [77522620], "author": {"tweeter_id": "138061795"}, "tweet_id": "1239517909615030272"}, {"license": "gnip", "citation_ids": [77522620], "author": {"tweeter_id": "1127629125353705472"}, "tweet_id": "1239569223371939840"}, {"license": "gnip", "citation_ids": [77522620], "author": {"tweeter_id": "1309946485"}, "tweet_id": "1239569428192378880"}, {"license": "gnip", "citation_ids": [77522620], "author": {"tweeter_id": "1175064229340209152"}, "tweet_id": "1239596159779438592"}, {"license": "gnip", "citation_ids": [77522620, 77522620], "author": {"tweeter_id": "255803108"}, "tweet_id": "1239614488485285890"}, {"license": "gnip", "citation_ids": [77522620], "author": {"tweeter_id": "870271051967717376"}, "tweet_id": "1239616462869889026"}, {"license": "gnip", "citation_ids": [77522620], "author": {"tweeter_id": "1474266368"}, "tweet_id": "1239628917549522944"}, {"license": "gnip", "citation_ids": [77522620], "author": {"tweeter_id": "532715391"}, "tweet_id": "1239674025887952897"}, {"license": "gnip", "citation_ids": [77522620], "author": {"tweeter_id": "772381109464293376"}, "tweet_id": "1239677401963139072"}, {"license": "gnip", "citation_ids": [77522620], "author": {"tweeter_id": "1476744936"}, "tweet_id": "1239765933561991170"}, {"license": "gnip", "citation_ids": [77522620], "author": {"tweeter_id": "53667938"}, "tweet_id": "1239815527197028352"}, {"license": "gnip", "citation_ids": [77522620], "author": {"tweeter_id": "818008252814217217"}, "tweet_id": "1239829165311848448"}, {"license": "gnip", "citation_ids": [77522620], "author": {"tweeter_id": "4913202460"}, "tweet_id": "1239842211010875392"}, {"license": "gnip", "citation_ids": [77522620], "author": {"tweeter_id": "763737688130383872"}, "tweet_id": "1239978477853556738"}, {"license": "gnip", "citation_ids": [77522620], "author": {"tweeter_id": "2466318607"}, "tweet_id": "1239982013152505856"}, {"license": "gnip", "citation_ids": [77522620], "author": {"tweeter_id": "176598610"}, "tweet_id": "1239986160056913920"}, {"license": "gnip", "citation_ids": [77522620], "author": {"tweeter_id": "896384784"}, "tweet_id": "1239986894168928256"}, {"license": "gnip", "citation_ids": [77522620], "author": {"tweeter_id": "626131186"}, "tweet_id": "1239990013158461440"}, {"license": "gnip", "citation_ids": [77522620], "author": {"tweeter_id": "445642417"}, "tweet_id": "1239997928074170368"}, {"license": "gnip", "citation_ids": [77522620], "author": {"tweeter_id": "18835316"}, "tweet_id": "1240024110589267968"}, {"license": "gnip", "citation_ids": [77522620], "author": {"tweeter_id": "15682492"}, "tweet_id": "1240079173068025856"}, {"license": "gnip", "citation_ids": [77522620], "author": {"tweeter_id": "1187397588552769537"}, "tweet_id": "1240103483023507456"}, {"license": "gnip", "citation_ids": [77522620], "author": {"tweeter_id": "2173129236"}, "tweet_id": "1240107977627009024"}, {"license": "gnip", "citation_ids": [77522620], "author": {"tweeter_id": "787075840827809793"}, "tweet_id": "1240116088966242309"}, {"license": "gnip", "citation_ids": [77522620], "author": {"tweeter_id": "2608607699"}, "tweet_id": "1240147942419369984"}, {"license": "gnip", "citation_ids": [77522620], "author": {"tweeter_id": "632341632"}, "tweet_id": "1240257091694202881"}, {"license": "gnip", "citation_ids": [77522620], "author": {"tweeter_id": "891677723738816512"}, "tweet_id": "1240257157179850752"}, {"license": "gnip", "citation_ids": [77522620], "author": {"tweeter_id": "67066114"}, "tweet_id": "1240257754356502529"}, {"license": "gnip", "citation_ids": [77522620], "author": {"tweeter_id": "331010804"}, "tweet_id": "1240257923340738562"}, {"license": "gnip", "citation_ids": [77522620], "author": {"tweeter_id": "449966904"}, "tweet_id": "1240258063241601024"}, {"license": "gnip", "citation_ids": [77522620], "author": {"tweeter_id": "1124214892284776448"}, "tweet_id": "1240258175284248576"}, {"license": "gnip", "citation_ids": [77522620], "author": {"tweeter_id": "907979405204455431"}, "tweet_id": "1240260143696076802"}, {"license": "gnip", "citation_ids": [77522620], "author": {"tweeter_id": "214046219"}, "tweet_id": "1240260343085105152"}, {"license": "gnip", "citation_ids": [77522620], "author": {"tweeter_id": "3086414142"}, "tweet_id": "1240260409610743808"}, {"license": "gnip", "citation_ids": [77522620], "author": {"tweeter_id": "38908384"}, "tweet_id": "1240260863526928391"}, {"license": "gnip", "citation_ids": [77522620], "author": {"tweeter_id": "1223970857133002752"}, "tweet_id": "1240265191520116736"}, {"license": "gnip", "citation_ids": [77522620], "author": {"tweeter_id": "849249839233630209"}, "tweet_id": "1240265680848470016"}, {"license": "gnip", "citation_ids": [77522620], "author": {"tweeter_id": "221251706"}, "tweet_id": "1240268846025576450"}], "news": [{"title": "Hundreds of Scientists Scramble to Find a Coronavirus Treatment", "url": "http://ct.moreover.com/?a=41647031214&p=1pl&v=1&x=kKt4VRzkC2dqjtlaHzn4AQ", "license": "public", "citation_ids": [113810, 77397298, 76689582, 74994602, 77522620], "posted_on": "2020-03-17T17:25:16+00:00", "summary": "Working at a breakneck pace, a team of hundreds of scientists has identified 50 drugs that may be effective treatments for people infected with the coronavirus.", "author": {"name": "New York Times", "url": "http://www.nytimes.com/", "image": "https://s3.amazonaws.com/weyland.altmetric.com/news_sources/logos/000/000/022/normal/image.png?1369859672"}}, {"title": "Hundreds of Scientists Scramble to Find a Coronavirus Treatment", "url": "https://headtopics.com/us/hundreds-of-scientists-scramble-to-find-a-coronavirus-treatment-11914508", "license": "public", "citation_ids": [113810, 77397298, 76689582, 74994602, 77522620], "posted_on": "2020-03-17T15:17:00+00:00", "summary": "In an ambitious international collaboration, researchers have mapped proteins in the coronavirus and identified 50 drugs to test against it.", "author": {"name": "Head Topics", "url": "https://headtopics.com/us", "image": "https://s3.amazonaws.com/weyland.altmetric.com/news_sources/logos/000/003/679/normal/11.PNG?1571227473"}}, {"title": "Hundreds of scientists scramble to find a coronavirus treatment", "url": "http://ct.moreover.com/?a=41650240669&p=1pl&v=1&x=gwJL9G-C21xPXP-9Iatv3g", "license": "public", "citation_ids": [113810, 77397298, 76689582, 74994602, 77522620], "posted_on": "2020-03-18T02:21:13+00:00", "summary": "NEW YORK (NYTIMES) - Working at a breakneck pace, a team of hundreds of scientists has identified 50 drugs that may be effective treatments for people infected with the coronavirus.", "author": {"name": "The Straits Times", "url": "http://www.straitstimes.com/", "image": "https://s3.amazonaws.com/weyland.altmetric.com/news_sources/logos/000/000/528/normal/Screen_Shot_2016-02-02_at_13.52.59.png?1454421197"}}, {"title": "Could Crispr Be Humanity's Next Virus Killer?", "url": "http://ct.moreover.com/?a=41653263681&p=1pl&v=1&x=Msi6mOp59DVKGFIKhK_EPQ", "license": "public", "citation_ids": [77522620], "posted_on": "2020-03-18T11:00:00+00:00", "summary": "On February 19, Tim Abbott, a PhD candidate at Stanford University\u2019s bioengineering department, checked the results of an experiment that he was running as a part of a team using the gene-manipulating Crispr technology to fight coronavirus.", "author": {"name": "Wired.com", "url": "http://www.wired.com", "image": "https://s3.amazonaws.com/weyland.altmetric.com/news_sources/logos/000/001/378/normal/Screen_Shot_2015-07-22_at_11.20.18.png?1437560443"}}], "blogs": [{"title": "The high-tech arsenal we need to fight the coronavirus", "url": "http://feedproxy.google.com/~r/fastcoexist/feed/~3/PZTS7x6OE4Q/the-high-tech-arsenal-we-need-to-fight-the-coronavirus", "license": "public", "citation_ids": [76689582, 77522620, 76348331], "posted_on": "2020-03-18T06:00:46+00:00", "summary": "As officials scramble to find basic protective gear and the life-or-death equipment patients need, researchers are racing to discover drugs that could fight the virus.\nThe best way to slow the spread of the novel coronavirus is old-fashioned&#x2014;a mix o", "author": {"name": "Co.Exist", "url": "http://www.fastcoexist.com//www.fastcoexist.com", "description": "News, infographics, and videos about the future of energy, electric cars, the environment, and food on FastCoExist.com."}}, {"title": "Could Crispr Be Humanity's Next Virus Killer?", "url": "https://www.wired.com/story/could-crispr-be-the-next-virus-killer", "license": "public", "citation_ids": [77522620], "posted_on": "2020-03-18T11:00:00+00:00", "summary": "Stanford scientists are exploring whether gene-editing technology can be used to fight pandemics. But so far, they have just one piece of a larger puzzle.", "author": {"name": "Feed: All Latest", "url": "https://www.wired.com/category/laelaps/", "description": ""}}]}, "score": 143.23, "images": {"small": "https://badges.altmetric.com/?size=64&score=144&types=mbtttttt", "medium": "https://badges.altmetric.com/?size=100&score=144&types=mbtttttt", "large": "https://badges.altmetric.com/?size=180&score=144&types=mbtttttt"}}