{"altmetric_id": 77176051, "counts": {"readers": {"mendeley": 0, "citeulike": 0, "connotea": 0}, "total": {"posts_count": 7}, "twitter": {"unique_users_count": 7, "posts_count": 7}}, "citation": {"authors": ["Zhang, Yuzhen", "Jiang, Bin", "Yuan, Jiamin", "Tao, Yanyun"], "doi": "10.1101/2020.03.04.20031187", "first_seen_on": "2020-03-07T13:13:30+00:00", "issns": [], "last_mentioned_on": 1584137067, "links": ["https://www.medrxiv.org/content/10.1101/2020.03.04.20031187v1", "https://www.medrxiv.org/content/10.1101/2020.03.04.20031187v1?utm_source=dlvr.it&utm_medium=twitter"], "pdf_url": "https://www.medrxiv.org/content/medrxiv/early/2020/03/06/2020.03.04.20031187.full.pdf", "publisher": "Cold Spring Harbor Laboratory", "title": "The impact of social distancing and epicenter lockdown on the COVID-19 epidemic in mainland China: A data-driven SEIQR model study", "type": "article"}, "altmetric_score": {"score": 3.85, "score_history": {"1y": 3.85, "6m": 3.85, "3m": 3.85, "1m": 3.85, "1w": 2, "6d": 2, "5d": 2, "4d": 0, "3d": 0, "2d": 0, "1d": 0, "at": 3.85}, "context_for_score": null}, "demographics": {"poster_types": {"member_of_the_public": 5, "researcher": 1, "practitioner": 1}, "users": {"twitter": {"cohorts": {"Members of the public": 5, "Scientists": 1, "Practitioners (doctors, other healthcare professionals)": 1}}}, "geo": {"twitter": {"US": 1}}}, "posts": {"twitter": [{"license": "gnip", "citation_ids": [77176051], "author": {"tweeter_id": "4901919879"}, "tweet_id": "1236278702054481921"}, {"license": "gnip", "citation_ids": [77176051], "author": {"tweeter_id": "1214232500664295424"}, "tweet_id": "1236539530859053059"}, {"license": "gnip", "citation_ids": [77176051], "author": {"tweeter_id": "864977018823131136"}, "tweet_id": "1236540772154925056"}, {"license": "gnip", "citation_ids": [77176051], "author": {"tweeter_id": "1689120576"}, "tweet_id": "1236545392331886592"}, {"license": "gnip", "citation_ids": [77176051], "author": {"tweeter_id": "1218497166081241088"}, "tweet_id": "1236551394045431808"}, {"license": "gnip", "citation_ids": [77176051], "author": {"tweeter_id": "2185075542"}, "tweet_id": "1238452286915063808"}, {"license": "gnip", "citation_ids": [77098617, 77176051], "author": {"tweeter_id": "65026468"}, "tweet_id": "1238586747774271489"}]}, "score": 3.85, "images": {"small": "https://badges.altmetric.com/?size=64&score=4&types=tttttttt", "medium": "https://badges.altmetric.com/?size=100&score=4&types=tttttttt", "large": "https://badges.altmetric.com/?size=180&score=4&types=tttttttt"}}