{"altmetric_id": 77704620, "counts": {"readers": {"mendeley": 0, "citeulike": 0, "connotea": 0}, "total": {"posts_count": 1}, "twitter": {"unique_users_count": 1, "posts_count": 1}}, "citation": {"altmetric_jid": "4f6fa6193cf058f6100074c2", "authors": ["Zhou, Guangbiao", "Chen, Saijuan", "Chen, Zhu"], "doi": "10.1007/s11684-020-0758-9", "first_seen_on": "2020-03-17T18:56:42+00:00", "issns": ["2095-0217", "2095-0225"], "journal": "Frontiers of Medicine", "last_mentioned_on": 1584471386, "links": ["https://link.springer.com/content/pdf/10.1007/s11684-020-0758-9.pdf"], "pdf_url": "https://link.springer.com/content/pdf/10.1007/s11684-020-0758-9.pdf", "epubdate": "2020-03-14T00:00:00+00:00", "publisher": "Springer Science and Business Media LLC", "title": "Back to the spring of Wuhan: facts and hope of COVID-19 outbreak", "type": "article"}, "altmetric_score": {"score": 1, "score_history": {"1y": 1, "6m": 1, "3m": 1, "1m": 1, "1w": 1, "6d": 1, "5d": 1, "4d": 1, "3d": 1, "2d": 1, "1d": 1, "at": 1}, "context_for_score": {"all": {"total_number_of_other_articles": 14515191, "mean": 8.4654080041578, "rank": 9114541, "this_scored_higher_than_pct": 24, "this_scored_higher_than": 3504872, "rank_type": "exact", "sample_size": 14515191, "percentile": 24}, "similar_age_3m": {"total_number_of_other_articles": 146237, "mean": 13.576888973987, "rank": 82607, "this_scored_higher_than_pct": 35, "this_scored_higher_than": 51489, "rank_type": "exact", "sample_size": 146237, "percentile": 35}, "this_journal": {"total_number_of_other_articles": 198, "mean": 2.4308324873096, "rank": 78, "this_scored_higher_than_pct": 55, "this_scored_higher_than": 109, "rank_type": "exact", "sample_size": 198, "percentile": 55}, "similar_age_this_journal_3m": {"total_number_of_other_articles": 5, "mean": 0.8125, "rank": 3, "this_scored_higher_than_pct": 40, "this_scored_higher_than": 2, "rank_type": "exact", "sample_size": 5, "percentile": 40}}}, "demographics": {"poster_types": {"science_communicator": 1}, "users": {"twitter": {"cohorts": {"Science communicators (journalists, bloggers, editors)": 1}}}, "geo": {"twitter": {"IN": 1}}}, "posts": {"twitter": [{"license": "gnip", "citation_ids": [77704620], "author": {"tweeter_id": "2561380159"}, "tweet_id": "1239988986308780032"}]}, "score": 1, "images": {"small": "https://badges.altmetric.com/?size=64&score=1&types=tttttttt", "medium": "https://badges.altmetric.com/?size=100&score=1&types=tttttttt", "large": "https://badges.altmetric.com/?size=180&score=1&types=tttttttt"}}