{"altmetric_id": 76554626, "counts": {"readers": {"mendeley": 0, "citeulike": 0, "connotea": 0}, "total": {"posts_count": 48}, "twitter": {"unique_users_count": 37, "posts_count": 44}, "facebook": {"unique_users_count": 2, "unique_users": ["1434262396788113", "148545601966886"], "posts_count": 3}, "news": {"unique_users_count": 1, "unique_users": ["top_sante"], "posts_count": 1}}, "citation": {"altmetric_jid": "4f6fa6113cf058f610006e94", "authors": ["Hui Luo", "Qiao-ling Tang", "Ya-xi Shang", "Shi-bing Liang", "Ming Yang", "Nicola Robinson", "Jian-ping Liu"], "doi": "10.1007/s11655-020-3192-6", "first_seen_on": "2020-02-23T10:47:50+00:00", "handles": [], "isbns": [], "issns": ["1672-0415", "1993-0402"], "journal": "Chinese Journal of Integrative Medicine", "last_mentioned_on": 1584449318, "links": ["https://www.ncbi.nlm.nih.gov/pubmed/32065348", "https://www.ncbi.nlm.nih.gov/m/pubmed/32065348/", "https://www.ncbi.nlm.nih.gov/pubmed/32065348/", "https://link.springer.com/epdf/10.1007/s11655-020-3192-6?shared_access_token=NOqf9mU8JrtxMCjvWbrkWve4RwlQNchNByi7wbcMAY5RjHTy4suZOCQfqbRIicqRHnPssQxBwJ6YtuH3qlwNfy7X01XHNN_9K0ArMNTPwHb4Ruz3Fu6C22E2QTVhbA1_q3SQW_nXpzjwNELutny6hQ%3D%3D", "https://link.springer.com/article/10.1007%2Fs11655-020-3192-6", "https://www.ncbi.nlm.nih.gov/m/pubmed/32065348/?i=2&from=/32096367/related", "http://dx.doi.org/10.1007/s11655-020-3192-6", "https://link.springer.com/article/10.1007/s11655-020-3192-6", "https://www.ncbi.nlm.nih.gov/pubmed/32065348?fbclid=IwAR09az140ynujGTDwwdaPR_CTGVoLIj-VBjVMDthalq8pznFWjNdmdhZ9U8", "https://link.springer.com/content/pdf/10.1007/s11655-020-3192-6.pdf"], "pdf_url": "https://link.springer.com/content/pdf/10.1007/s11655-020-3192-6.pdf", "pmid": "32065348", "epubdate": "2020-02-17T00:00:00+00:00", "publisher_subjects": [{"name": "Medicine & Public Health", "scheme": "springer"}, {"name": "Medicine/Public Health, general", "scheme": "springer"}, {"name": "Complementary And Alternative Medicine", "scheme": "era"}], "scopus_subjects": ["Medicine", "Health Sciences"], "title": "Can Chinese Medicine Be Used for Prevention of Corona Virus Disease 2019 (COVID-19)? A Review of Historical Classics, Research Evidence and Current Prevention Programs", "type": "article"}, "altmetric_score": {"score": 41.55, "score_history": {"1y": 41.55, "6m": 41.55, "3m": 41.55, "1m": 41.55, "1w": 13.95, "6d": 11.1, "5d": 10.1, "4d": 10.1, "3d": 9.1, "2d": 3.7, "1d": 1, "at": 41.55}, "context_for_score": {"all": {"total_number_of_other_articles": 14516402, "mean": 8.4684867717465, "rank": 464512, "this_scored_higher_than_pct": 96, "this_scored_higher_than": 14053921, "rank_type": "exact", "sample_size": 14516402, "percentile": 96}, "similar_age_3m": {"total_number_of_other_articles": 165085, "mean": 14.350041372877, "rank": 9129, "this_scored_higher_than_pct": 94, "this_scored_higher_than": 155948, "rank_type": "exact", "sample_size": 165085, "percentile": 94}, "this_journal": {"total_number_of_other_articles": 487, "mean": 2.864353909465, "rank": 5, "this_scored_higher_than_pct": 98, "this_scored_higher_than": 482, "rank_type": "exact", "sample_size": 487, "percentile": 98}, "similar_age_this_journal_3m": {"total_number_of_other_articles": 6, "mean": 0.35, "rank": 1, "this_scored_higher_than_pct": 83, "this_scored_higher_than": 5, "rank_type": "exact", "sample_size": 6, "percentile": 83}}}, "demographics": {"poster_types": {"member_of_the_public": 32, "researcher": 2, "practitioner": 3}, "users": {"twitter": {"cohorts": {"Members of the public": 32, "Practitioners (doctors, other healthcare professionals)": 3, "Scientists": 2}}}, "geo": {"twitter": {"US": 6, "NL": 2, "AU": 1, "FR": 1, "CN": 1, "PL": 1, "MX": 3, "MN": 1}}}, "posts": {"twitter": [{"license": "gnip", "citation_ids": [76554626], "author": {"tweeter_id": "513975225"}, "tweet_id": "1231529467203293185"}, {"license": "gnip", "citation_ids": [76554626], "author": {"tweeter_id": "2329556118"}, "tweet_id": "1232836601115332608"}, {"license": "gnip", "citation_ids": [76554626], "author": {"tweeter_id": "49346200"}, "tweet_id": "1232859896313450496"}, {"license": "gnip", "citation_ids": [76554626], "author": {"tweeter_id": "43981667"}, "tweet_id": "1232929969225031681"}, {"license": "gnip", "citation_ids": [76554626], "author": {"tweeter_id": "43981667"}, "tweet_id": "1232930009733648384"}, {"license": "gnip", "citation_ids": [76554626], "author": {"tweeter_id": "43981667"}, "tweet_id": "1232930067359158272"}, {"license": "gnip", "citation_ids": [76554626], "author": {"tweeter_id": "43981667"}, "tweet_id": "1232930196908658688"}, {"license": "gnip", "citation_ids": [76554626], "author": {"tweeter_id": "43981667"}, "tweet_id": "1232930354186641409"}, {"license": "gnip", "citation_ids": [76554626], "author": {"tweeter_id": "4877803011"}, "tweet_id": "1233026767159484417"}, {"license": "gnip", "citation_ids": [76554626], "author": {"tweeter_id": "4877803011"}, "tweet_id": "1233027438751469570"}, {"license": "gnip", "citation_ids": [76554626], "author": {"tweeter_id": "195997863"}, "tweet_id": "1233027777923895297"}, {"license": "gnip", "citation_ids": [76554626], "author": {"tweeter_id": "195997863"}, "tweet_id": "1233035918086418432"}, {"license": "gnip", "citation_ids": [76554626], "author": {"tweeter_id": "1090650989776973824"}, "tweet_id": "1233097522702241792"}, {"license": "gnip", "citation_ids": [76554626], "author": {"tweeter_id": "1233079400809320450"}, "tweet_id": "1233168866878115841"}, {"license": "gnip", "citation_ids": [76554626], "author": {"tweeter_id": "1808381"}, "tweet_id": "1233578860903641090"}, {"license": "gnip", "citation_ids": [76554626], "author": {"tweeter_id": "125349598"}, "tweet_id": "1233643378467717120"}, {"license": "gnip", "citation_ids": [76554626], "author": {"tweeter_id": "1582205496"}, "tweet_id": "1233817118136651776"}, {"license": "gnip", "citation_ids": [76554626], "author": {"tweeter_id": "1076163865048764417"}, "tweet_id": "1234153372451778569"}, {"license": "gnip", "citation_ids": [76554626], "author": {"tweeter_id": "1205933623268061186"}, "tweet_id": "1234158552312418305"}, {"license": "gnip", "citation_ids": [76554626], "author": {"tweeter_id": "64000527"}, "tweet_id": "1234539515953532929"}, {"license": "gnip", "citation_ids": [76554626], "author": {"tweeter_id": "135452469"}, "tweet_id": "1236206079970668545"}, {"license": "gnip", "citation_ids": [76554626], "author": {"tweeter_id": "310216945"}, "tweet_id": "1236795139261181953"}, {"license": "gnip", "citation_ids": [76554626], "author": {"tweeter_id": "946593721704783872"}, "tweet_id": "1236865475092418561"}, {"license": "gnip", "citation_ids": [76554626], "author": {"tweeter_id": "25701565"}, "tweet_id": "1237118367284244480"}, {"license": "gnip", "citation_ids": [76554626], "author": {"tweeter_id": "1123694994"}, "tweet_id": "1237244800501334017"}, {"license": "gnip", "citation_ids": [76554626], "author": {"tweeter_id": "947195754900348929"}, "tweet_id": "1237279915180990464"}, {"license": "gnip", "citation_ids": [76554626], "author": {"tweeter_id": "1167240727597932544"}, "tweet_id": "1237482457710112770"}, {"license": "gnip", "citation_ids": [76554626], "author": {"tweeter_id": "461426100"}, "tweet_id": "1237788257993228291"}, {"license": "gnip", "citation_ids": [76554626], "author": {"tweeter_id": "166700701"}, "tweet_id": "1237872601659105281"}, {"license": "gnip", "citation_ids": [76554626], "author": {"tweeter_id": "1044196866353696770"}, "tweet_id": "1237887536405471234"}, {"license": "gnip", "citation_ids": [76554626], "author": {"tweeter_id": "19607259"}, "tweet_id": "1237891009054269440"}, {"license": "gnip", "citation_ids": [76554626], "author": {"tweeter_id": "1161952352548642821"}, "tweet_id": "1238125457662410752"}, {"license": "gnip", "citation_ids": [76554626], "author": {"tweeter_id": "185704526"}, "tweet_id": "1239045317095387136"}, {"license": "gnip", "citation_ids": [76554626], "author": {"tweeter_id": "64764782"}, "tweet_id": "1239227261783605248"}, {"license": "gnip", "citation_ids": [76554626], "author": {"tweeter_id": "1629183464"}, "tweet_id": "1239309518456135680"}, {"license": "gnip", "citation_ids": [76554626], "author": {"tweeter_id": "335053227"}, "tweet_id": "1239310837761875970"}, {"license": "gnip", "citation_ids": [76554626], "author": {"tweeter_id": "1025894959956799488"}, "tweet_id": "1239319937497346049"}, {"license": "gnip", "citation_ids": [76554626], "author": {"tweeter_id": "1452607730"}, "tweet_id": "1239383598173749248"}, {"license": "gnip", "citation_ids": [76554626], "author": {"tweeter_id": "545365321"}, "tweet_id": "1239461881464700929"}, {"license": "gnip", "citation_ids": [76554626], "author": {"tweeter_id": "877470375512162304"}, "tweet_id": "1239553351936651264"}, {"license": "gnip", "citation_ids": [76554626], "author": {"tweeter_id": "65292749"}, "tweet_id": "1239553772621160448"}, {"license": "gnip", "citation_ids": [76554626], "author": {"tweeter_id": "997637149"}, "tweet_id": "1239566631384334342"}, {"license": "gnip", "citation_ids": [76554626], "author": {"tweeter_id": "1230778754059898880"}, "tweet_id": "1239884284267319297"}, {"license": "gnip", "citation_ids": [76554626], "author": {"tweeter_id": "1230778754059898880"}, "tweet_id": "1239896426374729730"}], "facebook": [{"title": "Can Chinese Medicine Be Used for Prevention of Corona Virus Disease 2019 (COVID-19)? A Review of Historical Classics, Research Evidence and Current... - PubMed - NCBI", "url": "https://www.facebook.com/permalink.php?story_fbid=2514648568749485&id=1434262396788113", "license": "public", "citation_ids": [76554626, 76554626], "posted_on": "2020-02-28T15:09:03+00:00", "summary": "https://www.ncbi.nlm.nih.gov/pubmed/32065348", "author": {"name": "Options for Wellness", "url": "https://www.facebook.com/1434262396788113", "facebook_wall_name": "Options for Wellness", "image": "https://graph.facebook.com/1434262396788113/picture", "id_on_source": "1434262396788113"}}, {"url": "https://www.facebook.com/permalink.php?story_fbid=1568088330012599&id=148545601966886", "license": "public", "citation_ids": [76554626], "posted_on": "2020-03-04T22:58:25+00:00", "summary": "Hashimoto\u2019s Health Tip: Coronavirus\nHey, people!\n\nI\u2019ve gotten a lot of questions concerning the Coronavirus and Hashimoto\u2019s. I\u2019ll attempt to answer them (with the understanding that I am not an expert in infectious diseases.)\n\nThere seems to be a good deal", "author": {"name": "Hashimoto's Healing, Marc Ryan, L.Ac.", "url": "https://www.facebook.com/148545601966886", "facebook_wall_name": "Hashimoto's Healing", "image": "https://graph.facebook.com/148545601966886/picture", "id_on_source": "148545601966886"}}, {"url": "https://www.facebook.com/permalink.php?story_fbid=1569956829825749&id=148545601966886", "license": "public", "citation_ids": [76554626, 406530, 429641], "posted_on": "2020-03-07T02:28:01+00:00", "summary": "Hashimoto\u2019s Health Tip: Elderberry\n\nHey people!\n\nWow, yesterday\u2019s post generated a metric ton of comments and emotions. Some people pushed back and told me I was wrong. \n\nOthers agreed whole heartedly, proving that the immune system is very complicated and", "author": {"name": "Hashimoto's Healing, Marc Ryan, L.Ac.", "url": "https://www.facebook.com/148545601966886", "facebook_wall_name": "Hashimoto's Healing", "image": "https://graph.facebook.com/148545601966886/picture", "id_on_source": "148545601966886"}}], "news": [{"title": "News story from Top Sant\u00e9 on Sunday 08 March 2020", "url": null, "license": "nla", "citation_ids": [76554626], "posted_on": "2020-03-08T08:11:00+00:00", "summary": null, "author": {"name": "Top Sant\u00e9", "url": "http://www.topsante.com/", "image": "https://s3.amazonaws.com/weyland.altmetric.com/news_sources/logos/000/000/418/normal/Screen_Shot_2016-02-03_at_09.29.39.png?1454491789"}}]}, "score": 41.55, "images": {"small": "https://badges.altmetric.com/?size=64&score=42&types=mttttttf", "medium": "https://badges.altmetric.com/?size=100&score=42&types=mttttttf", "large": "https://badges.altmetric.com/?size=180&score=42&types=mttttttf"}}