{"altmetric_id": 67660238, "counts": {"readers": {"mendeley": 0, "citeulike": 0, "connotea": 0}, "total": {"posts_count": 0}}, "citation": {"aggregated_in": [64220527], "attribution": "springer_nature", "book": {"title": "Good Health and Well-Being", "isbns": ["9783319956800", "9783319956817"], "uri": "http://books.google.com/books?id=lgdbuAEACAAJ&hl=&source=gbs_api", "attribution": "Google Books"}, "doi": "10.1007/978-3-319-95681-7_300016", "first_seen_on": "2019-10-04T07:28:10+00:00", "issns": [], "links": ["https://doi.org/10.1007/978-3-319-95681-7_300016"], "ordinal_number": 300016, "publisher_subjects": [{"name": "Child Well-being", "scheme": "springer"}, {"name": "Environment", "scheme": "springer"}, {"name": "Epidemiology", "scheme": "springer"}, {"name": "Pollution, general", "scheme": "springer"}, {"name": "Public Health", "scheme": "springer"}, {"name": "Quality of Life Research", "scheme": "springer"}, {"name": "Sustainable Development", "scheme": "springer"}], "title": "Cardiovascular Diseases", "type": "chapter"}, "altmetric_score": {"score": 0, "score_history": {"1y": 0, "6m": 0, "3m": 0, "1m": 0, "1w": 0, "6d": 0, "5d": 0, "4d": 0, "3d": 0, "2d": 0, "1d": 0, "at": 0}, "context_for_score": null}, "demographics": [], "posts": [], "score": 0, "images": {"small": "https://badges.altmetric.com/?size=64&score=?&types=????????", "medium": "https://badges.altmetric.com/?size=100&score=?&types=????????", "large": "https://badges.altmetric.com/?size=180&score=?&types=????????"}}