{"altmetric_id": 77218192, "counts": {"readers": {"mendeley": 0, "citeulike": 0, "connotea": 0}, "total": {"posts_count": 30}, "twitter": {"unique_users_count": 27, "posts_count": 27}, "blogs": {"unique_users_count": 1, "unique_users": [58865], "posts_count": 1}, "news": {"unique_users_count": 2, "unique_users": ["world_economic_forum", "health_leaders_media"], "posts_count": 2}}, "citation": {"altmetric_jid": "4f6fa5e93cf058f610005a48", "authors": ["Jiancong Wang", "Mouqing Zhou", "Fangfei Liu"], "doi": "10.1016/j.jhin.2020.03.002", "first_seen_on": "2020-03-08T17:56:14+00:00", "issns": ["0195-6701"], "journal": "Journal of Hospital Infection", "last_mentioned_on": 1584500175, "links": ["https://www.journalofhospitalinfection.com/article/S0195-6701(20)30101-8/fulltext", "https://www.sciencedirect.com/science/article/pii/S0195670120301018", "https://www.ncbi.nlm.nih.gov/pubmed/32147406?dopt=Abstract&utm_source=dlvr.it&utm_medium=twitter", "https://www.ncbi.nlm.nih.gov/pubmed/32147406", "https://linkinghub.elsevier.com/retrieve/pii/S0195670120301018", "https://www.journalofhospitalinfection.com/article/S0195-6701(20)30101-8/fulltext#.Xmpl7pFAY4k.twitter"], "pmid": "32147406", "pubdate": "2020-03-01T00:00:00+00:00", "publisher_subjects": [{"name": "Clinical Sciences", "scheme": "era"}], "scopus_subjects": ["Medicine", "Health Sciences"], "title": "Exploring the reasons for healthcare workers infected with novel coronavirus disease 2019 (COVID-19) in China", "type": "article"}, "altmetric_score": {"score": 40.78, "score_history": {"1y": 40.78, "6m": 40.78, "3m": 40.78, "1m": 40.78, "1w": 32.83, "6d": 27.53, "5d": 12.35, "4d": 11.35, "3d": 11.35, "2d": 11.35, "1d": 2.35, "at": 40.78}, "context_for_score": {"all": {"total_number_of_other_articles": 14515745, "mean": 8.4678829075407, "rank": 472819, "this_scored_higher_than_pct": 96, "this_scored_higher_than": 14042891, "rank_type": "exact", "sample_size": 14515745, "percentile": 96}, "similar_age_3m": {"total_number_of_other_articles": 150147, "mean": 14.199310604345, "rank": 8247, "this_scored_higher_than_pct": 94, "this_scored_higher_than": 141899, "rank_type": "exact", "sample_size": 150147, "percentile": 94}, "this_journal": {"total_number_of_other_articles": 2664, "mean": 12.322281637252, "rank": 61, "this_scored_higher_than_pct": 97, "this_scored_higher_than": 2603, "rank_type": "exact", "sample_size": 2664, "percentile": 97}, "similar_age_this_journal_3m": {"total_number_of_other_articles": 52, "mean": 205.57898039217, "rank": 5, "this_scored_higher_than_pct": 90, "this_scored_higher_than": 47, "rank_type": "exact", "sample_size": 52, "percentile": 90}}}, "demographics": {"poster_types": {"member_of_the_public": 20, "researcher": 2, "practitioner": 5}, "users": {"twitter": {"cohorts": {"Practitioners (doctors, other healthcare professionals)": 5, "Members of the public": 20, "Scientists": 2}}}, "geo": {"twitter": {"FR": 6, "GB": 1, "ES": 4, "JP": 2, "IE": 1, "US": 1}}}, "posts": {"twitter": [{"license": "gnip", "citation_ids": [77218192], "author": {"tweeter_id": "809186288"}, "tweet_id": "1236712266415906817"}, {"license": "gnip", "citation_ids": [77218192], "author": {"tweeter_id": "3095397314"}, "tweet_id": "1236727785886015492"}, {"license": "gnip", "citation_ids": [77218192], "author": {"tweeter_id": "707975819667312640"}, "tweet_id": "1236745081094393857"}, {"license": "gnip", "citation_ids": [77218192], "author": {"tweeter_id": "1189268268789440514"}, "tweet_id": "1236771663817080834"}, {"license": "gnip", "citation_ids": [77218192], "author": {"tweeter_id": "1269412927"}, "tweet_id": "1236782178446594052"}, {"license": "gnip", "citation_ids": [77218192], "author": {"tweeter_id": "862182914343280640"}, "tweet_id": "1236913876073152513"}, {"license": "gnip", "citation_ids": [77218192], "author": {"tweeter_id": "2889108801"}, "tweet_id": "1236937677238394886"}, {"license": "gnip", "citation_ids": [77218192], "author": {"tweeter_id": "970969116583579648"}, "tweet_id": "1236938476408451072"}, {"license": "gnip", "citation_ids": [77218192], "author": {"tweeter_id": "1441130544"}, "tweet_id": "1237269824423825408"}, {"license": "gnip", "citation_ids": [77218192], "author": {"tweeter_id": "625567939"}, "tweet_id": "1237273810354798592"}, {"license": "gnip", "citation_ids": [77218192], "author": {"tweeter_id": "1191745846615957506"}, "tweet_id": "1237318799491137536"}, {"license": "gnip", "citation_ids": [77218192], "author": {"tweeter_id": "1099494762296397824"}, "tweet_id": "1237644048304914433"}, {"license": "gnip", "citation_ids": [77218192], "author": {"tweeter_id": "1460288238"}, "tweet_id": "1237674517671096321"}, {"license": "gnip", "citation_ids": [77218192], "author": {"tweeter_id": "147240745"}, "tweet_id": "1237722438194139136"}, {"license": "gnip", "citation_ids": [77218192], "author": {"tweeter_id": "1132225650247520257"}, "tweet_id": "1237749391206875137"}, {"license": "gnip", "citation_ids": [77218192], "author": {"tweeter_id": "166199719"}, "tweet_id": "1237749619171483648"}, {"license": "gnip", "citation_ids": [77218192], "author": {"tweeter_id": "1913586846"}, "tweet_id": "1237757221854945283"}, {"license": "gnip", "citation_ids": [77218192], "author": {"tweeter_id": "2824633418"}, "tweet_id": "1237773004903415810"}, {"license": "gnip", "citation_ids": [77218192], "author": {"tweeter_id": "4011508043"}, "tweet_id": "1237776527594577922"}, {"license": "gnip", "citation_ids": [77218192], "author": {"tweeter_id": "925836225315065857"}, "tweet_id": "1238017130878177280"}, {"license": "gnip", "citation_ids": [77218192], "author": {"tweeter_id": "79951379"}, "tweet_id": "1238142865328365569"}, {"license": "gnip", "citation_ids": [77218192], "author": {"tweeter_id": "427882513"}, "tweet_id": "1238143355059449856"}, {"license": "gnip", "citation_ids": [77218192], "author": {"tweeter_id": "4920947297"}, "tweet_id": "1238171172627513346"}, {"license": "gnip", "citation_ids": [77218192], "author": {"tweeter_id": "167228344"}, "tweet_id": "1238609472504897541"}, {"license": "gnip", "citation_ids": [77218192], "author": {"tweeter_id": "99178277"}, "tweet_id": "1240106914744336396"}, {"license": "gnip", "citation_ids": [77218192], "author": {"tweeter_id": "68438950"}, "tweet_id": "1240109382446145538"}, {"license": "gnip", "citation_ids": [77218192], "author": {"tweeter_id": "777858321449615361"}, "tweet_id": "1240109736609091585"}], "blogs": [{"title": "The coronavirus fallout may be worse for women than men. Here's why", "url": "http://feedproxy.google.com/~r/inside-the-world-economic-forum/~3/-gofS-JFag8/", "license": "public", "citation_ids": [77218192], "posted_on": "2020-03-12T11:46:09+00:00", "summary": "As the fight against COVID-19 continues, an increasing number of women around the world are on the front lines. Many of them will be expected to work longer hours, while juggling domestic responsibilities such as childcare.", "author": {"name": "Forum:Blog", "url": "https://agenda.weforum.org/podcast/feed/", "description": "The official blog of the World Economic Forum, better known for the Annual Meeting in Davos, Switzerland."}}], "news": [{"title": "The coronavirus fallout may be worse for women than men. Here's why", "url": "http://ct.moreover.com/?a=41603427572&p=1pl&v=1&x=vQfAr1xtEfDqZhdimYcK7g", "license": "public", "citation_ids": [77218192], "posted_on": "2020-03-12T12:40:34+00:00", "summary": "Women comprise the majority of health and social care workers, and are on the front lines of the fight against COVID-19.", "author": {"name": "World Economic Forum", "url": "http://www.weforum.org/", "image": "https://s3.amazonaws.com/weyland.altmetric.com/news_sources/logos/000/001/737/normal/Screen_Shot_2016-01-26_at_15.57.35.png?1453823907"}}, {"title": "Coronavirus: 6 Measures to Sustain the Healthcare Workforce", "url": "http://ct.moreover.com/?a=41636997545&p=1pl&v=1&x=dyWyaEN7gDIPMJNPvquQmA", "license": "public", "citation_ids": [77402671, 77218192, 65853671, 77032933], "posted_on": "2020-03-16T15:58:07+00:00", "summary": "Healthcare workers must be supported as they man the front line of the struggle against the novel coronavirus.", "author": {"name": "Health Leaders Media", "url": "http://www.healthleadersmedia.com/", "image": "https://s3.amazonaws.com/weyland.altmetric.com/news_sources/logos/000/002/493/normal/Screen_Shot_2016-07-14_at_14.11.52.png?1468501963"}}]}, "score": 40.78, "images": {"small": "https://badges.altmetric.com/?size=64&score=41&types=mbtttttt", "medium": "https://badges.altmetric.com/?size=100&score=41&types=mbtttttt", "large": "https://badges.altmetric.com/?size=180&score=41&types=mbtttttt"}}