{"altmetric_id": 76346688, "counts": {"readers": {"mendeley": 0, "citeulike": 0, "connotea": 0}, "total": {"posts_count": 8}, "twitter": {"unique_users_count": 8, "posts_count": 8}}, "citation": {"altmetric_jid": "554b86a02a83ee864e8b45e4", "authors": ["Wu, Chung-I", "Poo, Mu-ming"], "doi": "10.1093/nsr/nwaa030", "first_seen_on": "2020-02-19T14:30:44+00:00", "issns": ["2095-5138", "2053-714X"], "journal": "National Science Review", "last_mentioned_on": 1584405059, "links": ["https://academic.oup.com/nsr/advance-article/doi/10.1093/nsr/nwaa030/5740036", "https://academic.oup.com/nsr/advance-article/doi/10.1093/nsr/nwaa030/5740036#.XnAaOyEHeTk.twitter"], "pdf_url": "https://academic.oup.com/nsr/advance-article-pdf/doi/10.1093/nsr/nwaa030/32517834/nwaa030.pdf", "epubdate": "2020-02-18T00:00:00+00:00", "publisher": "Oxford University Press (OUP)", "title": "Moral imperative for the immediate release of 2019-nCoV sequence data", "type": "article"}, "altmetric_score": {"score": 5.8, "score_history": {"1y": 5.8, "6m": 5.8, "3m": 5.8, "1m": 5.8, "1w": 1, "6d": 1, "5d": 1, "4d": 1, "3d": 1, "2d": 1, "1d": 1, "at": 5.8}, "context_for_score": {"all": {"total_number_of_other_articles": 14510247, "mean": 8.462530161091, "rank": 3258126, "this_scored_higher_than_pct": 77, "this_scored_higher_than": 11245241, "rank_type": "exact", "sample_size": 14510247, "percentile": 77}, "similar_age_3m": {"total_number_of_other_articles": 164743, "mean": 14.253118379041, "rank": 44157, "this_scored_higher_than_pct": 73, "this_scored_higher_than": 120363, "rank_type": "exact", "sample_size": 164743, "percentile": 73}, "this_journal": {"total_number_of_other_articles": 489, "mean": 26.925569672131, "rank": 201, "this_scored_higher_than_pct": 58, "this_scored_higher_than": 288, "rank_type": "exact", "sample_size": 489, "percentile": 58}, "similar_age_this_journal_3m": {"total_number_of_other_articles": 1, "mean": 0, "rank": 1, "this_scored_higher_than_pct": 1, "this_scored_higher_than": 0, "rank_type": "exact", "sample_size": 1, "percentile": 1}}}, "demographics": {"poster_types": {"member_of_the_public": 6, "researcher": 1, "practitioner": 1}, "users": {"twitter": {"cohorts": {"Scientists": 1, "Members of the public": 6, "Practitioners (doctors, other healthcare professionals)": 1}}}, "geo": {"twitter": {"GB": 1, "HU": 1, "NZ": 1, "ES": 1}}}, "posts": {"twitter": [{"license": "gnip", "citation_ids": [76346688], "author": {"tweeter_id": "556259937"}, "tweet_id": "1230137572694773760"}, {"license": "gnip", "citation_ids": [76346688], "author": {"tweeter_id": "706015003770429441"}, "tweet_id": "1230141949232836608"}, {"license": "gnip", "citation_ids": [76346688], "author": {"tweeter_id": "43730427"}, "tweet_id": "1230142703951896577"}, {"license": "gnip", "citation_ids": [76346688], "author": {"tweeter_id": "45998359"}, "tweet_id": "1230143741127725056"}, {"license": "gnip", "citation_ids": [76346688], "author": {"tweeter_id": "1229416238998310913"}, "tweet_id": "1230380193753137153"}, {"license": "gnip", "citation_ids": [76346688], "author": {"tweeter_id": "1375717166"}, "tweet_id": "1230643418025476096"}, {"license": "gnip", "citation_ids": [76346688], "author": {"tweeter_id": "246435921"}, "tweet_id": "1235603670399479809"}, {"license": "gnip", "citation_ids": [76346688], "author": {"tweeter_id": "1167927732916936704"}, "tweet_id": "1239710790741090304"}]}, "score": 5.8, "images": {"small": "https://badges.altmetric.com/?size=64&score=6&types=tttttttt", "medium": "https://badges.altmetric.com/?size=100&score=6&types=tttttttt", "large": "https://badges.altmetric.com/?size=180&score=6&types=tttttttt"}}