{"altmetric_id": 75023335, "counts": {"readers": {"mendeley": 0, "citeulike": 0, "connotea": 0}, "total": {"posts_count": 2}, "twitter": {"unique_users_count": 1, "posts_count": 2}}, "citation": {"altmetric_jid": "4f6fa6393cf058f610008b2a", "doi": "10.1016/s0140-6736(20)30302-0", "first_seen_on": "2020-02-05T01:43:52+00:00", "handles": [], "isbns": [], "issns": ["0140-6736"], "journal": "The Lancet", "last_mentioned_on": 1582992484, "links": ["https://www.thelancet.com/journals/lancet/article/PIIS0140-6736(20)30302-0/fulltext?rss=yes"], "pmid": "32032528", "pubdate": "2020-02-01T00:00:00+00:00", "publisher_subjects": [{"name": "Medical And Health Sciences", "scheme": "era"}], "scopus_subjects": ["Medicine", "Health Sciences"], "title": "Department of Error", "type": "article"}, "altmetric_score": {"score": 0.25, "score_history": {"1y": 0.25, "6m": 0.25, "3m": 0.25, "1m": 0.25, "1w": 0, "6d": 0, "5d": 0, "4d": 0, "3d": 0, "2d": 0, "1d": 0, "at": 0.25}, "context_for_score": {"all": {"total_number_of_other_articles": 14465604, "mean": 8.4353323508092, "rank": 12785878, "this_scored_higher_than_pct": 1, "this_scored_higher_than": 0, "rank_type": "exact", "sample_size": 14465604, "percentile": 1}, "similar_age_3m": {"total_number_of_other_articles": 212815, "mean": 12.878278496715, "rank": 172399, "this_scored_higher_than_pct": 1, "this_scored_higher_than": 0, "rank_type": "exact", "sample_size": 212815, "percentile": 1}, "this_journal": {"total_number_of_other_articles": 33141, "mean": 37.964809656005, "rank": 31701, "this_scored_higher_than_pct": 1, "this_scored_higher_than": 0, "rank_type": "exact", "sample_size": 33141, "percentile": 1}, "similar_age_this_journal_3m": {"total_number_of_other_articles": 391, "mean": 208.07564102564, "rank": 335, "this_scored_higher_than_pct": 1, "this_scored_higher_than": 0, "rank_type": "exact", "sample_size": 391, "percentile": 1}}}, "demographics": {"poster_types": {"member_of_the_public": 1}, "users": {"twitter": {"cohorts": {"Members of the public": 1}}}}, "posts": {"twitter": [{"license": "gnip", "citation_ids": [75023335], "author": {"tweeter_id": "1007590775817932800"}, "tweet_id": "1224871160216723456"}, {"license": "gnip", "citation_ids": [75023335], "author": {"tweeter_id": "1007590775817932800"}, "tweet_id": "1233786018735763457"}]}, "score": 0.25, "images": {"small": "https://badges.altmetric.com/?size=64&score=1&types=tttttttt", "medium": "https://badges.altmetric.com/?size=100&score=1&types=tttttttt", "large": "https://badges.altmetric.com/?size=180&score=1&types=tttttttt"}}