{"altmetric_id": 77102583, "counts": {"readers": {"mendeley": 0, "citeulike": 0, "connotea": 0}, "facebook": {"unique_users_count": 2, "unique_users": ["470673902999145", "115593708550707"], "posts_count": 2}, "total": {"posts_count": 141}, "twitter": {"unique_users_count": 126, "posts_count": 138}, "reddit": {"unique_users_count": 1, "unique_users": ["lwp1331"], "posts_count": 1}}, "citation": {"altmetric_jid": "5225ebc63cf058256d000000", "authors": ["Silvio A \u00d1amendys-Silva"], "doi": "10.1016/s2213-2600(20)30110-7", "first_seen_on": "2020-03-06T02:14:36+00:00", "issns": ["2213-2600"], "journal": "The Lancet Respiratory Medicine", "last_mentioned_on": 1584516188, "links": ["https://www.thelancet.com/journals/lanres/article/PIIS2213-2600(20)30110-7/fulltext#.XmGxYDEh5e4.twitter", "https://www.thelancet.com/pdfs/journals/lanres/PIIS2213-2600(20)30110-7.pdf", "https://www.thelancet.com/journals/lanres/article/PIIS2213-2600(20)30110-7/fulltext#.XmJKXEqbo8g.twitter", "https://www.thelancet.com/journals/lanres/article/PIIS2213-2600(20)30110-7/fulltext", "https://www.thelancet.com/journals/lanres/article/PIIS2213-2600(20)30110-7/fulltext#.XmO61FNIzYI.twitter", "https://www.thelancet.com/action/showPdf?pii=S2213-2600%2820%2930110-7", "https://www.ncbi.nlm.nih.gov/pubmed/32145829", "https://www.thelancet.com/journals/lanres/article/PIIS2213-2600(20)30110-7/fulltext#.Xmg1Y63zer8.twitter", "https://www.thelancet.com/journals/lanres/article/PIIS2213-2600(20)30110-7/fulltext?rss=yes&utm_campaign=update-lanres&utm_source=hs_email&utm_medium=email&utm_content=84580450&_hsenc=p2ANqtz--eFx0Db9DAoKEwcCpyzmajfR9hz7HrwtyxhRJFLWaJVY1xvdEAx-if2Wp-rvC_p1ywVTB8MpsAIk2TwJZOzyyVPIJWOA&_hsmi=84580450", "https://www.thelancet.com/journals/lanres/article/PIIS2213-2600(20)30110-7/fulltext#back-bib6", "https://linkinghub.elsevier.com/retrieve/pii/S2213260020301107", "https://www.thelancet.com/journals/lanres/article/PIIS2213-2600(20)30110-7/fulltext?fbclid=IwAR1A93BfFX1SmA4FVI8VimystTHFBE9lUJc3ciC-nJy0NSr9SI42e_dH8Hc#.Xm2_Tm4O4aJ.twitter", "https://www.thelancet.com/journals/lanres/article/PIIS2213-2600(20)30110-7/fulltext?fbclid=IwAR1_SOwKaBbZsVSI35hp-mZof0PJoEgRHY0p0w3Y7uE2wiCuL_tcxAIwUDc#.Xm7iIUhF5Uw.twitter", "https://www.thelancet.com/journals/lanres/article/PIIS2213-2600(20)30110-7/fulltext#.Xm_bgIae_IY.twitter", "https://www.thelancet.com/journals/lanres/article/PIIS2213-2600(20)30110-7/fulltext?fbclid=IwAR02a5OiBMcIK3lZXd2dOXNMstyKo_iZr-uKQvvPBs9JPUEbZgxH3oLgLX0#.Xm9K2m6x8O0.linkedin"], "pmid": "32145829", "pubdate": "2020-03-01T00:00:00+00:00", "title": "Respiratory support for patients with COVID-19 infection", "type": "article"}, "altmetric_score": {"score": 98.65, "score_history": {"1y": 98.65, "6m": 98.65, "3m": 98.65, "1m": 98.65, "1w": 45.8, "6d": 42.8, "5d": 41.8, "4d": 37.2, "3d": 28, "2d": 10.2, "1d": 1.85, "at": 98.65}, "context_for_score": {"all": {"total_number_of_other_articles": 14515808, "mean": 8.4682944333611, "rank": 185482, "this_scored_higher_than_pct": 98, "this_scored_higher_than": 14330310, "rank_type": "exact", "sample_size": 14515808, "percentile": 98}, "similar_age_3m": {"total_number_of_other_articles": 152576, "mean": 14.295971961331, "rank": 3690, "this_scored_higher_than_pct": 97, "this_scored_higher_than": 148883, "rank_type": "exact", "sample_size": 152576, "percentile": 97}, "this_journal": {"total_number_of_other_articles": 1659, "mean": 30.087008443908, "rank": 87, "this_scored_higher_than_pct": 94, "this_scored_higher_than": 1572, "rank_type": "exact", "sample_size": 1659, "percentile": 94}, "similar_age_this_journal_3m": {"total_number_of_other_articles": 72, "mean": 179.42926760563, "rank": 10, "this_scored_higher_than_pct": 86, "this_scored_higher_than": 62, "rank_type": "exact", "sample_size": 72, "percentile": 86}}}, "demographics": {"poster_types": {"member_of_the_public": 98, "researcher": 13, "practitioner": 15}, "users": {"twitter": {"cohorts": {"Members of the public": 98, "Scientists": 13, "Practitioners (doctors, other healthcare professionals)": 15}}}, "geo": {"twitter": {"MX": 12, "AR": 1, "EC": 1, "PE": 1, "ST": 1, "US": 13, "BR": 1, "IE": 1, "PL": 1, "SI": 1, "FR": 1, "DK": 1, "MY": 1, "NO": 1, "IT": 1, "VE": 2, "SE": 2, "GB": 12, "CA": 4, "FI": 1, "SA": 2, "IR": 1, "MD": 1, "GR": 1, "PA": 3}}}, "posts": {"twitter": [{"license": "gnip", "citation_ids": [77102583], "author": {"tweeter_id": "738345293662539776"}, "tweet_id": "1235750536885858304"}, {"license": "gnip", "citation_ids": [77102583], "author": {"tweeter_id": "264896250"}, "tweet_id": "1235794635982884864"}, {"license": "gnip", "citation_ids": [77102583], "author": {"tweeter_id": "1048707026908577794"}, "tweet_id": "1235800222917365760"}, {"license": "gnip", "citation_ids": [77102583], "author": {"tweeter_id": "93919748"}, "tweet_id": "1235803193226993664"}, {"license": "gnip", "citation_ids": [77102583], "author": {"tweeter_id": "146119713"}, "tweet_id": "1235803838847672320"}, {"license": "gnip", "citation_ids": [77102583], "author": {"tweeter_id": "137531399"}, "tweet_id": "1235809327908147201"}, {"license": "gnip", "citation_ids": [77102583], "author": {"tweeter_id": "2287808412"}, "tweet_id": "1235914689961512960"}, {"license": "gnip", "citation_ids": [77102583], "author": {"tweeter_id": "121815031"}, "tweet_id": "1235957873622036481"}, {"license": "gnip", "citation_ids": [77102583], "author": {"tweeter_id": "316273207"}, "tweet_id": "1236067257966616578"}, {"license": "gnip", "citation_ids": [77102583], "author": {"tweeter_id": "431247305"}, "tweet_id": "1236067484370972672"}, {"license": "gnip", "citation_ids": [77102583], "author": {"tweeter_id": "370700650"}, "tweet_id": "1236068168629727233"}, {"license": "gnip", "citation_ids": [77102583], "author": {"tweeter_id": "264896250"}, "tweet_id": "1236068391980535809"}, {"license": "gnip", "citation_ids": [77102583], "author": {"tweeter_id": "955729100"}, "tweet_id": "1236073524927684608"}, {"license": "gnip", "citation_ids": [77102583], "author": {"tweeter_id": "2718417159"}, "tweet_id": "1236074448001867778"}, {"license": "gnip", "citation_ids": [77102583], "author": {"tweeter_id": "405282123"}, "tweet_id": "1236079354498646017"}, {"license": "gnip", "citation_ids": [77102583], "author": {"tweeter_id": "130437909"}, "tweet_id": "1236080079282638848"}, {"license": "gnip", "citation_ids": [77102583], "author": {"tweeter_id": "336429208"}, "tweet_id": "1236087346744836096"}, {"license": "gnip", "citation_ids": [77102583], "author": {"tweeter_id": "2899548418"}, "tweet_id": "1236091339554672641"}, {"license": "gnip", "citation_ids": [77102583], "author": {"tweeter_id": "64015344"}, "tweet_id": "1236098960378540058"}, {"license": "gnip", "citation_ids": [77102583], "author": {"tweeter_id": "557172088"}, "tweet_id": "1236105565874446337"}, {"license": "gnip", "citation_ids": [77102583], "author": {"tweeter_id": "430216343"}, "tweet_id": "1236112414925393920"}, {"license": "gnip", "citation_ids": [77102583], "author": {"tweeter_id": "191624202"}, "tweet_id": "1236118596289470467"}, {"license": "gnip", "citation_ids": [77102583], "author": {"tweeter_id": "355544641"}, "tweet_id": "1236119908875997185"}, {"license": "gnip", "citation_ids": [77102583], "author": {"tweeter_id": "1170755788496916480"}, "tweet_id": "1236123773667024896"}, {"license": "gnip", "citation_ids": [77102583], "author": {"tweeter_id": "35400575"}, "tweet_id": "1236136158674837506"}, {"license": "gnip", "citation_ids": [77102583], "author": {"tweeter_id": "1232752387133100032"}, "tweet_id": "1236146567049924610"}, {"license": "gnip", "citation_ids": [77102583], "author": {"tweeter_id": "747776713"}, "tweet_id": "1236161367062740992"}, {"license": "gnip", "citation_ids": [77102583], "author": {"tweeter_id": "829504380030242817"}, "tweet_id": "1236176861475954690"}, {"license": "gnip", "citation_ids": [77102583], "author": {"tweeter_id": "2901288383"}, "tweet_id": "1236192540132589568"}, {"license": "gnip", "citation_ids": [77102583], "author": {"tweeter_id": "22406619"}, "tweet_id": "1236230809863979009"}, {"license": "gnip", "citation_ids": [77102583], "author": {"tweeter_id": "22406619"}, "tweet_id": "1236231122830397441"}, {"license": "gnip", "citation_ids": [77102583], "author": {"tweeter_id": "1221033874744053761"}, "tweet_id": "1236252390677983233"}, {"license": "gnip", "citation_ids": [77102583], "author": {"tweeter_id": "14454190"}, "tweet_id": "1236266487872204805"}, {"license": "gnip", "citation_ids": [77102583], "author": {"tweeter_id": "819208425758457856"}, "tweet_id": "1236285349568999424"}, {"license": "gnip", "citation_ids": [77102583], "author": {"tweeter_id": "264896250"}, "tweet_id": "1236302592193564672"}, {"license": "gnip", "citation_ids": [77102583], "author": {"tweeter_id": "1199398772612247554"}, "tweet_id": "1236303825712984064"}, {"license": "gnip", "citation_ids": [77102583], "author": {"tweeter_id": "40208879"}, "tweet_id": "1236305218847100930"}, {"license": "gnip", "citation_ids": [77102583], "author": {"tweeter_id": "79766947"}, "tweet_id": "1236309801598103553"}, {"license": "gnip", "citation_ids": [77102583], "author": {"tweeter_id": "36918675"}, "tweet_id": "1236310281040650240"}, {"license": "gnip", "citation_ids": [77102583], "author": {"tweeter_id": "239264602"}, "tweet_id": "1236312663258513409"}, {"license": "gnip", "citation_ids": [77102583], "author": {"tweeter_id": "323398142"}, "tweet_id": "1236315017923854338"}, {"license": "gnip", "citation_ids": [77102583], "author": {"tweeter_id": "3096617390"}, "tweet_id": "1236319635433074690"}, {"license": "gnip", "citation_ids": [77102583], "author": {"tweeter_id": "824662934160896000"}, "tweet_id": "1236330301112102912"}, {"license": "gnip", "citation_ids": [77102583], "author": {"tweeter_id": "174476012"}, "tweet_id": "1236330357173227520"}, {"license": "gnip", "citation_ids": [77102583], "author": {"tweeter_id": "1048707026908577794"}, "tweet_id": "1236330397526568963"}, {"license": "gnip", "citation_ids": [77102583], "author": {"tweeter_id": "112798851"}, "tweet_id": "1236370358988607488"}, {"license": "gnip", "citation_ids": [77102583], "author": {"tweeter_id": "1215719152696119297"}, "tweet_id": "1236378190102347780"}, {"license": "gnip", "citation_ids": [77102583], "author": {"tweeter_id": "287505023"}, "tweet_id": "1236381191567298562"}, {"license": "gnip", "citation_ids": [77102583], "author": {"tweeter_id": "920983364089282560"}, "tweet_id": "1236392430674608129"}, {"license": "gnip", "citation_ids": [77102583], "author": {"tweeter_id": "872072447478157312"}, "tweet_id": "1236404554696142848"}, {"license": "gnip", "citation_ids": [77102583], "author": {"tweeter_id": "4836521991"}, "tweet_id": "1236416786846953472"}, {"license": "gnip", "citation_ids": [77102583], "author": {"tweeter_id": "2895093070"}, "tweet_id": "1236424695970443264"}, {"license": "gnip", "citation_ids": [77102583], "author": {"tweeter_id": "1133595303679070208"}, "tweet_id": "1236485685495894016"}, {"license": "gnip", "citation_ids": [77102583], "author": {"tweeter_id": "104849091"}, "tweet_id": "1236494016700723200"}, {"license": "gnip", "citation_ids": [77102583], "author": {"tweeter_id": "216251174"}, "tweet_id": "1236511294133391361"}, {"license": "gnip", "citation_ids": [77102583], "author": {"tweeter_id": "271090356"}, "tweet_id": "1236514831248822273"}, {"license": "gnip", "citation_ids": [77102583], "author": {"tweeter_id": "712696476615376898"}, "tweet_id": "1236526327672471552"}, {"license": "gnip", "citation_ids": [77102583], "author": {"tweeter_id": "2250586201"}, "tweet_id": "1236771080104271873"}, {"license": "gnip", "citation_ids": [77102583], "author": {"tweeter_id": "914746291753832448"}, "tweet_id": "1236789164374462470"}, {"license": "gnip", "citation_ids": [77102583], "author": {"tweeter_id": "25662004"}, "tweet_id": "1236928085984980992"}, {"license": "gnip", "citation_ids": [77102583], "author": {"tweeter_id": "410572471"}, "tweet_id": "1237093406398017536"}, {"license": "gnip", "citation_ids": [77102583], "author": {"tweeter_id": "1721818476"}, "tweet_id": "1237093984398385152"}, {"license": "gnip", "citation_ids": [77102583], "author": {"tweeter_id": "65877691"}, "tweet_id": "1237095220203982848"}, {"license": "gnip", "citation_ids": [77102583], "author": {"tweeter_id": "1132400102"}, "tweet_id": "1237101853625769986"}, {"license": "gnip", "citation_ids": [77102583], "author": {"tweeter_id": "1099494762296397824"}, "tweet_id": "1237145763387506688"}, {"license": "gnip", "citation_ids": [77102583], "author": {"tweeter_id": "1460288238"}, "tweet_id": "1237146984710131713"}, {"license": "gnip", "citation_ids": [77102583], "author": {"tweeter_id": "1237053248869187616"}, "tweet_id": "1237312504738521093"}, {"license": "gnip", "citation_ids": [77102583], "author": {"tweeter_id": "2375562552"}, "tweet_id": "1237362569251377153"}, {"license": "gnip", "citation_ids": [77102583], "author": {"tweeter_id": "725135523480743936"}, "tweet_id": "1237374195555762176"}, {"license": "gnip", "citation_ids": [77102583], "author": {"tweeter_id": "964388680247926784"}, "tweet_id": "1237383499281125377"}, {"license": "gnip", "citation_ids": [77102583], "author": {"tweeter_id": "1071082690139615232"}, "tweet_id": "1237389499895664640"}, {"license": "gnip", "citation_ids": [77102583], "author": {"tweeter_id": "27290803"}, "tweet_id": "1237441705797988359"}, {"license": "gnip", "citation_ids": [77102583], "author": {"tweeter_id": "513980822"}, "tweet_id": "1237464122184196096"}, {"license": "gnip", "citation_ids": [77102583], "author": {"tweeter_id": "328473338"}, "tweet_id": "1237494109117480966"}, {"license": "gnip", "citation_ids": [77102583], "author": {"tweeter_id": "1169007913786073090"}, "tweet_id": "1237540423289024512"}, {"license": "gnip", "citation_ids": [77102583], "author": {"tweeter_id": "1169007913786073090"}, "tweet_id": "1237540907366281217"}, {"license": "gnip", "citation_ids": [77102583], "author": {"tweeter_id": "772911478307450880"}, "tweet_id": "1237826686504271872"}, {"license": "gnip", "citation_ids": [77102583], "author": {"tweeter_id": "1052656811780788226"}, "tweet_id": "1237850276880453633"}, {"license": "gnip", "citation_ids": [77337480, 77102583], "author": {"tweeter_id": "124234769"}, "tweet_id": "1237975472597872647"}, {"license": "gnip", "citation_ids": [77102583], "author": {"tweeter_id": "157505585"}, "tweet_id": "1238000767212179457"}, {"license": "gnip", "citation_ids": [77102583], "author": {"tweeter_id": "189274222"}, "tweet_id": "1238186061693685761"}, {"license": "gnip", "citation_ids": [77102583], "author": {"tweeter_id": "1025757074863648770"}, "tweet_id": "1238428498072502278"}, {"license": "gnip", "citation_ids": [77102583], "author": {"tweeter_id": "60697365"}, "tweet_id": "1238535263477006343"}, {"license": "gnip", "citation_ids": [77102583], "author": {"tweeter_id": "335494047"}, "tweet_id": "1238535447317549061"}, {"license": "gnip", "citation_ids": [77102583], "author": {"tweeter_id": "44735029"}, "tweet_id": "1238567815457771520"}, {"license": "gnip", "citation_ids": [77102583], "author": {"tweeter_id": "201950784"}, "tweet_id": "1238690097190432768"}, {"license": "gnip", "citation_ids": [77102583], "author": {"tweeter_id": "2821746813"}, "tweet_id": "1238724631332376577"}, {"license": "gnip", "citation_ids": [77102583], "author": {"tweeter_id": "1121842274000879616"}, "tweet_id": "1238754240291573760"}, {"license": "gnip", "citation_ids": [77102583], "author": {"tweeter_id": "2770330575"}, "tweet_id": "1238761245920067584"}, {"license": "gnip", "citation_ids": [77102583], "author": {"tweeter_id": "24464286"}, "tweet_id": "1238775490179141635"}, {"license": "gnip", "citation_ids": [77102583, 76540978], "author": {"tweeter_id": "2424656774"}, "tweet_id": "1238811970280841216"}, {"license": "gnip", "citation_ids": [77102583], "author": {"tweeter_id": "427696758"}, "tweet_id": "1238829456220983297"}, {"license": "gnip", "citation_ids": [77102583], "author": {"tweeter_id": "98454722"}, "tweet_id": "1238831023946977281"}, {"license": "gnip", "citation_ids": [77102583], "author": {"tweeter_id": "81916685"}, "tweet_id": "1238908723847806976"}, {"license": "gnip", "citation_ids": [77102583], "author": {"tweeter_id": "732863432018497536"}, "tweet_id": "1238961884646252546"}, {"license": "gnip", "citation_ids": [77102583], "author": {"tweeter_id": "732863432018497536"}, "tweet_id": "1238963405085696003"}, {"license": "gnip", "citation_ids": [77102583], "author": {"tweeter_id": "19443658"}, "tweet_id": "1238969336745938944"}, {"license": "gnip", "citation_ids": [77102583], "author": {"tweeter_id": "17480782"}, "tweet_id": "1239032686037139458"}, {"license": "gnip", "citation_ids": [77102583], "author": {"tweeter_id": "1174042649650745347"}, "tweet_id": "1239033877978656768"}, {"license": "gnip", "citation_ids": [77102583], "author": {"tweeter_id": "206287352"}, "tweet_id": "1239063491530633216"}, {"license": "gnip", "citation_ids": [77102583], "author": {"tweeter_id": "58138246"}, "tweet_id": "1239065446265040897"}, {"license": "gnip", "citation_ids": [77102583], "author": {"tweeter_id": "1974253044"}, "tweet_id": "1239091683352068098"}, {"license": "gnip", "citation_ids": [77102583], "author": {"tweeter_id": "337354750"}, "tweet_id": "1239108762171998208"}, {"license": "gnip", "citation_ids": [77102583], "author": {"tweeter_id": "428566548"}, "tweet_id": "1239112642960244738"}, {"license": "gnip", "citation_ids": [77102583], "author": {"tweeter_id": "2782700634"}, "tweet_id": "1239116208634462208"}, {"license": "gnip", "citation_ids": [77102583], "author": {"tweeter_id": "978059126"}, "tweet_id": "1239170481015738368"}, {"license": "gnip", "citation_ids": [77102583], "author": {"tweeter_id": "485328871"}, "tweet_id": "1239184279382474753"}, {"license": "gnip", "citation_ids": [77102583], "author": {"tweeter_id": "249763219"}, "tweet_id": "1239212527885660165"}, {"license": "gnip", "citation_ids": [77102583], "author": {"tweeter_id": "859045249"}, "tweet_id": "1239217803514822658"}, {"license": "gnip", "citation_ids": [77102583], "author": {"tweeter_id": "732863432018497536"}, "tweet_id": "1239283313786961920"}, {"license": "gnip", "citation_ids": [77102583], "author": {"tweeter_id": "137413599"}, "tweet_id": "1239283443713953794"}, {"license": "gnip", "citation_ids": [77102583], "author": {"tweeter_id": "2471529011"}, "tweet_id": "1239284688952451075"}, {"license": "gnip", "citation_ids": [77102583], "author": {"tweeter_id": "732863432018497536"}, "tweet_id": "1239285733896134657"}, {"license": "gnip", "citation_ids": [77102583], "author": {"tweeter_id": "26450334"}, "tweet_id": "1239285981993369606"}, {"license": "gnip", "citation_ids": [77102583], "author": {"tweeter_id": "732863432018497536"}, "tweet_id": "1239293459615318016"}, {"license": "gnip", "citation_ids": [77102583], "author": {"tweeter_id": "732863432018497536"}, "tweet_id": "1239314488844836864"}, {"license": "gnip", "citation_ids": [77102583], "author": {"tweeter_id": "140827633"}, "tweet_id": "1239319015362826241"}, {"license": "gnip", "citation_ids": [77102583], "author": {"tweeter_id": "877116089372733441"}, "tweet_id": "1239334197141045249"}, {"license": "gnip", "citation_ids": [77102583], "author": {"tweeter_id": "877116089372733441"}, "tweet_id": "1239334730077782017"}, {"license": "gnip", "citation_ids": [77102583], "author": {"tweeter_id": "3131362623"}, "tweet_id": "1239344494962753536"}, {"license": "gnip", "citation_ids": [77102583], "author": {"tweeter_id": "1227686806264668160"}, "tweet_id": "1239375697124171776"}, {"license": "gnip", "citation_ids": [77102583], "author": {"tweeter_id": "2688413635"}, "tweet_id": "1239403929542123522"}, {"license": "gnip", "citation_ids": [77102583], "author": {"tweeter_id": "3740101955"}, "tweet_id": "1239404032055099392"}, {"license": "gnip", "citation_ids": [77102583], "author": {"tweeter_id": "546072802"}, "tweet_id": "1239423881053691904"}, {"license": "gnip", "citation_ids": [77102583], "author": {"tweeter_id": "107750239"}, "tweet_id": "1239424507619704832"}, {"license": "gnip", "citation_ids": [77102583], "author": {"tweeter_id": "2532898516"}, "tweet_id": "1239425262837813249"}, {"license": "gnip", "citation_ids": [77102583], "author": {"tweeter_id": "471096635"}, "tweet_id": "1239445731490103296"}, {"license": "gnip", "citation_ids": [77102583], "author": {"tweeter_id": "18697426"}, "tweet_id": "1239489489300533248"}, {"license": "gnip", "citation_ids": [77102583], "author": {"tweeter_id": "263377570"}, "tweet_id": "1239555832104321026"}, {"license": "gnip", "citation_ids": [77102583], "author": {"tweeter_id": "525852801"}, "tweet_id": "1239643454898085893"}, {"license": "gnip", "citation_ids": [77102583], "author": {"tweeter_id": "1121842274000879616"}, "tweet_id": "1239646261814407171"}, {"license": "gnip", "citation_ids": [77102583], "author": {"tweeter_id": "805129688016449536"}, "tweet_id": "1239653344030924802"}, {"license": "gnip", "citation_ids": [77102583], "author": {"tweeter_id": "911773167420506113"}, "tweet_id": "1239702554692538370"}, {"license": "gnip", "citation_ids": [77102583], "author": {"tweeter_id": "255348149"}, "tweet_id": "1239710582963494913"}, {"license": "gnip", "citation_ids": [77102583], "author": {"tweeter_id": "871559958520659968"}, "tweet_id": "1239778879151079424"}, {"license": "gnip", "citation_ids": [77102583], "author": {"tweeter_id": "56702160"}, "tweet_id": "1239780982686912512"}, {"license": "gnip", "citation_ids": [77102583], "author": {"tweeter_id": "984071452218535937"}, "tweet_id": "1239997109488754693"}, {"license": "gnip", "citation_ids": [77102583], "author": {"tweeter_id": "1183812774473932801"}, "tweet_id": "1240176897981636608"}], "facebook": [{"title": "Ventilaci\u00f3n Mec\u00e1nica Aventho", "url": "https://www.facebook.com/permalink.php?story_fbid=2824365644296614&id=470673902999145", "license": "public", "citation_ids": [77102583], "posted_on": "2020-03-06T06:25:19+00:00", "summary": "Soporte Respiratorio para pacientes con COVID-19. De Silvio A. \u00d1amendys-Silva, desde M\u00e9xico, al Lancet. Enlace: https://www.thelancet.com/pdfs/journals/lanres/PIIS2213-2600(20)30110-7.pdf", "author": {"name": "Inhaloterapia", "url": "https://www.facebook.com/470673902999145", "facebook_wall_name": "Inhaloterapia", "image": "https://graph.facebook.com/470673902999145/picture", "id_on_source": "470673902999145"}}, {"title": "Respiratory support for patients with COVID-19 infection", "url": "https://www.facebook.com/permalink.php?story_fbid=2674238009352918&id=115593708550707", "license": "public", "citation_ids": [77102583], "posted_on": "2020-03-08T00:05:36+00:00", "summary": "Soporte ventilatorio para pacientes con #COVID19", "author": {"name": "Aomecti:  Asociaci\u00f3n Oaxaque\u00f1a de Medicina Cr\u00edtica y Terapia Intensiva", "url": "https://www.facebook.com/115593708550707", "facebook_wall_name": "AOMECTI:  Asociaci\u00f3n Oaxaque\u00f1a de Medicina Cr\u00edtica y Terapia Intensiva", "image": "https://graph.facebook.com/115593708550707/picture", "id_on_source": "115593708550707"}}], "reddit": [{"title": "According to the Lancet, non-invasive supplemental oxygen is not recommended for ARDS caused by Covid-19", "url": "http://www.reddit.com/r/Coronavirus/comments/fh4flq/according_to_the_lancet_noninvasive_supplemental/", "license": "public", "citation_ids": [77102583], "posted_on": "2020-03-11T21:09:08+00:00", "author": {"name": "lwp1331", "url": "http://www.reddit.com/r/coronavirus", "id_on_source": "coronavirus", "followers": 1528, "subreddit": "Resurgence of Coronavirus in Saudi Arabia "}}]}, "score": 98.65, "images": {"small": "https://badges.altmetric.com/?size=64&score=99&types=rttttttf", "medium": "https://badges.altmetric.com/?size=100&score=99&types=rttttttf", "large": "https://badges.altmetric.com/?size=180&score=99&types=rttttttf"}}