{"altmetric_id": 77416656, "counts": {"readers": {"mendeley": 0, "citeulike": 0, "connotea": 0}, "total": {"posts_count": 65}, "twitter": {"unique_users_count": 60, "posts_count": 63}, "news": {"unique_users_count": 1, "unique_users": ["deutsches_arzteblatt"], "posts_count": 1}, "facebook": {"unique_users_count": 1, "unique_users": ["646134315478193"], "posts_count": 1}}, "citation": {"altmetric_jid": "4f6fa62c3cf058f610008158", "authors": ["Kluge, Stefan", "Janssens, Uwe", "Welte, Tobias", "Weber-Carstens, Steffen", "Marx, Gernot", "Karagiannidis, Christian"], "doi": "10.1007/s00063-020-00674-3", "first_seen_on": "2020-03-12T21:24:16+00:00", "issns": ["2193-6218", "2193-6226"], "journal": "Medizinische Klinik - Intensivmedizin und Notfallmedizin", "last_mentioned_on": 1584483911, "links": ["https://link.springer.com/article/10.1007/s00063-020-00674-3", "https://link.springer.com/article/10.1007/s00063-020-00674-3?utm_source=newsletter&utm_medium=email&utm_campaign=Test2", "http://dx.doi.org/10.1007/s00063-020-00674-3", "https://link.springer.com/content/pdf/10.1007/s00063-020-00674-3.pdf", "https://www.ncbi.nlm.nih.gov/pubmed/32166350?dopt=Abstract&utm_source=dlvr.it&utm_medium=twitter"], "pdf_url": "https://link.springer.com/content/pdf/10.1007/s00063-020-00674-3.pdf", "pmid": "32166350", "epubdate": "2020-03-12T00:00:00+00:00", "publisher": "Springer Science and Business Media LLC", "publisher_subjects": [{"name": "Emergency Medicine", "scheme": "springer"}, {"name": "Intensive / Critical Care Medicine", "scheme": "springer"}, {"name": "Internal Medicine", "scheme": "springer"}, {"name": "Medicine & Public Health", "scheme": "springer"}], "title": "Empfehlungen zur intensivmedizinischen Therapie von Patienten mit COVID-19", "type": "article"}, "altmetric_score": {"score": 61.75, "score_history": {"1y": 61.75, "6m": 61.75, "3m": 61.75, "1m": 61.75, "1w": 61.75, "6d": 61.75, "5d": 53.95, "4d": 41, "3d": 21.95, "2d": 12.2, "1d": 5.7, "at": 61.75}, "context_for_score": {"all": {"total_number_of_other_articles": 14515774, "mean": 8.4677073350393, "rank": 314559, "this_scored_higher_than_pct": 97, "this_scored_higher_than": 14201034, "rank_type": "exact", "sample_size": 14515774, "percentile": 97}, "similar_age_3m": {"total_number_of_other_articles": 147537, "mean": 14.122701889708, "rank": 5594, "this_scored_higher_than_pct": 96, "this_scored_higher_than": 141941, "rank_type": "exact", "sample_size": 147537, "percentile": 96}, "this_journal": {"total_number_of_other_articles": 330, "mean": 1.3115623100304, "rank": 1, "this_scored_higher_than_pct": 99, "this_scored_higher_than": 329, "rank_type": "exact", "sample_size": 330, "percentile": 99}, "similar_age_this_journal_3m": {"total_number_of_other_articles": 14, "mean": 1.5923076923077, "rank": 1, "this_scored_higher_than_pct": 92, "this_scored_higher_than": 13, "rank_type": "exact", "sample_size": 14, "percentile": 92}}}, "demographics": {"poster_types": {"member_of_the_public": 55, "researcher": 4, "practitioner": 1}, "users": {"twitter": {"cohorts": {"Members of the public": 55, "Scientists": 4, "Practitioners (doctors, other healthcare professionals)": 1}}}, "geo": {"twitter": {"DE": 24, "TH": 1, "CH": 2, "HU": 1}}}, "posts": {"twitter": [{"license": "gnip", "citation_ids": [77416656], "author": {"tweeter_id": "1093090475375058944"}, "tweet_id": "1238214193117106176"}, {"license": "gnip", "citation_ids": [77416656], "author": {"tweeter_id": "464681646"}, "tweet_id": "1238217274235985922"}, {"license": "gnip", "citation_ids": [77416656], "author": {"tweeter_id": "859143937809928192"}, "tweet_id": "1238219377994014720"}, {"license": "gnip", "citation_ids": [77416656], "author": {"tweeter_id": "1155350311004979200"}, "tweet_id": "1238228569115045889"}, {"license": "gnip", "citation_ids": [77416656], "author": {"tweeter_id": "617586502"}, "tweet_id": "1238232748596346883"}, {"license": "gnip", "citation_ids": [77416656], "author": {"tweeter_id": "856817163935641601"}, "tweet_id": "1238242503037538304"}, {"license": "gnip", "citation_ids": [77416656], "author": {"tweeter_id": "1202683830752161794"}, "tweet_id": "1238273387115528192"}, {"license": "gnip", "citation_ids": [77416656], "author": {"tweeter_id": "1361415758"}, "tweet_id": "1238308547202613248"}, {"license": "gnip", "citation_ids": [77416656], "author": {"tweeter_id": "913837824138457088"}, "tweet_id": "1238310570404851713"}, {"license": "gnip", "citation_ids": [77416656], "author": {"tweeter_id": "786186614615572481"}, "tweet_id": "1238404541160345600"}, {"license": "gnip", "citation_ids": [77416656], "author": {"tweeter_id": "49149993"}, "tweet_id": "1238406648277893121"}, {"license": "gnip", "citation_ids": [77416656], "author": {"tweeter_id": "235164771"}, "tweet_id": "1238410423050940416"}, {"license": "gnip", "citation_ids": [77416656], "author": {"tweeter_id": "903306563963817985"}, "tweet_id": "1238543003230363649"}, {"license": "gnip", "citation_ids": [77416656], "author": {"tweeter_id": "1889005987"}, "tweet_id": "1238584125881270272"}, {"license": "gnip", "citation_ids": [77416656], "author": {"tweeter_id": "267336607"}, "tweet_id": "1238710322338451456"}, {"license": "gnip", "citation_ids": [77416656], "author": {"tweeter_id": "2285673679"}, "tweet_id": "1238750195992723457"}, {"license": "gnip", "citation_ids": [77416656], "author": {"tweeter_id": "59725927"}, "tweet_id": "1238751126905856001"}, {"license": "gnip", "citation_ids": [77416656], "author": {"tweeter_id": "1889005987"}, "tweet_id": "1238754474484740096"}, {"license": "gnip", "citation_ids": [77416656], "author": {"tweeter_id": "1191745846615957506"}, "tweet_id": "1238768221638938624"}, {"license": "gnip", "citation_ids": [77416656], "author": {"tweeter_id": "1018196289320873986"}, "tweet_id": "1238778443602497536"}, {"license": "gnip", "citation_ids": [77416656], "author": {"tweeter_id": "1078289344299962368"}, "tweet_id": "1238781554631073795"}, {"license": "gnip", "citation_ids": [77416656], "author": {"tweeter_id": "224356511"}, "tweet_id": "1238807952653459456"}, {"license": "gnip", "citation_ids": [77416656], "author": {"tweeter_id": "1446179016"}, "tweet_id": "1238808988113932289"}, {"license": "gnip", "citation_ids": [77416656], "author": {"tweeter_id": "1221587087096532992"}, "tweet_id": "1238812862711283713"}, {"license": "gnip", "citation_ids": [77416656], "author": {"tweeter_id": "4902564447"}, "tweet_id": "1238829222656987138"}, {"license": "gnip", "citation_ids": [77416656], "author": {"tweeter_id": "244469474"}, "tweet_id": "1238844887342202886"}, {"license": "gnip", "citation_ids": [77416656], "author": {"tweeter_id": "100476669"}, "tweet_id": "1238858929284755459"}, {"license": "gnip", "citation_ids": [77416656], "author": {"tweeter_id": "1024562464388726785"}, "tweet_id": "1238863390451384326"}, {"license": "gnip", "citation_ids": [77416656], "author": {"tweeter_id": "752227503025057792"}, "tweet_id": "1238867516241428480"}, {"license": "gnip", "citation_ids": [77416656], "author": {"tweeter_id": "2862464646"}, "tweet_id": "1238887226857132034"}, {"license": "gnip", "citation_ids": [77416656], "author": {"tweeter_id": "782504415005642752"}, "tweet_id": "1238921541058007041"}, {"license": "gnip", "citation_ids": [77416656], "author": {"tweeter_id": "1238914192767361024"}, "tweet_id": "1238929320707608576"}, {"license": "gnip", "citation_ids": [77416656], "author": {"tweeter_id": "1171309144579739648"}, "tweet_id": "1238936521010491396"}, {"license": "gnip", "citation_ids": [77416656], "author": {"tweeter_id": "721238410"}, "tweet_id": "1238947858897948677"}, {"license": "gnip", "citation_ids": [77416656], "author": {"tweeter_id": "744947687976542208"}, "tweet_id": "1238954479615180801"}, {"license": "gnip", "citation_ids": [77416656], "author": {"tweeter_id": "1131063131315343360"}, "tweet_id": "1238958946565660678"}, {"license": "gnip", "citation_ids": [77416656], "author": {"tweeter_id": "843427337991589888"}, "tweet_id": "1238969574307106822"}, {"license": "gnip", "citation_ids": [77416656], "author": {"tweeter_id": "917789231019446273"}, "tweet_id": "1239054423755821056"}, {"license": "gnip", "citation_ids": [77416656], "author": {"tweeter_id": "3383019579"}, "tweet_id": "1239122562594091014"}, {"license": "gnip", "citation_ids": [77416656], "author": {"tweeter_id": "2984517345"}, "tweet_id": "1239157189572530176"}, {"license": "gnip", "citation_ids": [77416656], "author": {"tweeter_id": "251524192"}, "tweet_id": "1239168284035080194"}, {"license": "gnip", "citation_ids": [77416656], "author": {"tweeter_id": "18832526"}, "tweet_id": "1239178308702609408"}, {"license": "gnip", "citation_ids": [77416656], "author": {"tweeter_id": "354811412"}, "tweet_id": "1239210124578783233"}, {"license": "gnip", "citation_ids": [77416656], "author": {"tweeter_id": "3002932877"}, "tweet_id": "1239213280847106048"}, {"license": "gnip", "citation_ids": [77416656], "author": {"tweeter_id": "1052629755319767040"}, "tweet_id": "1239213623408504833"}, {"license": "gnip", "citation_ids": [77416656], "author": {"tweeter_id": "1225895347135942663"}, "tweet_id": "1239219457802846208"}, {"license": "gnip", "citation_ids": [77416656], "author": {"tweeter_id": "2799733750"}, "tweet_id": "1239277867877498887"}, {"license": "gnip", "citation_ids": [77416656], "author": {"tweeter_id": "2799733750"}, "tweet_id": "1239278396582121472"}, {"license": "gnip", "citation_ids": [77416656], "author": {"tweeter_id": "3345443597"}, "tweet_id": "1239312029590212608"}, {"license": "gnip", "citation_ids": [77416656], "author": {"tweeter_id": "4360546937"}, "tweet_id": "1239449446519312385"}, {"license": "gnip", "citation_ids": [77416656], "author": {"tweeter_id": "257122261"}, "tweet_id": "1239465205664370688"}, {"license": "gnip", "citation_ids": [77416656], "author": {"tweeter_id": "1068488516542373888"}, "tweet_id": "1239497184619397121"}, {"license": "gnip", "citation_ids": [77416656], "author": {"tweeter_id": "934421558700969984"}, "tweet_id": "1239525771691143168"}, {"license": "gnip", "citation_ids": [77416656], "author": {"tweeter_id": "1086025966814707712"}, "tweet_id": "1239615896051736577"}, {"license": "gnip", "citation_ids": [77416656], "author": {"tweeter_id": "3396309611"}, "tweet_id": "1239637567500320771"}, {"license": "gnip", "citation_ids": [77416656], "author": {"tweeter_id": "1025460881495343104"}, "tweet_id": "1239678203481985031"}, {"license": "gnip", "citation_ids": [77416656], "author": {"tweeter_id": "1025460881495343104"}, "tweet_id": "1239692440078110721"}, {"license": "gnip", "citation_ids": [77416656], "author": {"tweeter_id": "32345988"}, "tweet_id": "1239817146173206528"}, {"license": "gnip", "citation_ids": [77416656], "author": {"tweeter_id": "738818523338805248"}, "tweet_id": "1239924758482956291"}, {"license": "gnip", "citation_ids": [77416656], "author": {"tweeter_id": "327858593"}, "tweet_id": "1239965314655195137"}, {"license": "gnip", "citation_ids": [77416656], "author": {"tweeter_id": "1213628188875558913"}, "tweet_id": "1239999923090870274"}, {"license": "gnip", "citation_ids": [77416656], "author": {"tweeter_id": "325226160"}, "tweet_id": "1240035024650539013"}, {"license": "gnip", "citation_ids": [77416656], "author": {"tweeter_id": "907473962720002049"}, "tweet_id": "1240041517093400576"}], "news": [{"title": "Intensivmediziner ver\u00f6ffentlichen Empfehlungen zur Therapie von...", "url": "http://ct.moreover.com/?a=41614389684&p=1pl&v=1&x=yUz7gLNwwGalp-0GGciHOw", "license": "public", "citation_ids": [77416656, 77416656], "posted_on": "2020-03-13T16:40:00+00:00", "summary": "/dpa Berlin Die Deutsche Gesellschaft fr Internistische Intensivmedizin und Notfallmedizin (DGIIN) hat in Zusammenarbeit mit weiteren Fachgesellschaften Empfehlungen fr rzte auf Intensivstationen herausgegeben, die Patienten mit COVID-19 betreuen (DOI\u2026", "author": {"name": "Deutsches \u00c4rzteblatt", "url": "http://www.aerzteblatt.de/", "image": "https://s3.amazonaws.com/weyland.altmetric.com/news_sources/logos/000/000/970/normal/image.png?1403704977"}}], "facebook": [{"title": "Intensivmediziner ver\u00f6ffentlichen Empfehlungen zur Therapie von...", "url": "https://www.facebook.com/permalink.php?story_fbid=2837674586324144&id=646134315478193", "license": "public", "citation_ids": [77416656], "posted_on": "2020-03-13T23:15:25+00:00", "summary": "Intensivmediziner ver\u00f6ffentlichen Empfehlungen zur Therapie von COVID-19-Patienten\nDeutsches \u00c4rzteblatt vom Freitag, 13. M\u00e4rz 2020\n\nBerlin \u2013 Die Deutsche Gesellschaft f\u00fcr Internistische Intensivmedizin und Notfallmedizin (DGIIN) hat in Zusammenarbeit mit w", "author": {"name": "Deutsche Gesellschaft f\u00fcr Internistische Intensivmedizin und Notfallmedizin", "url": "https://www.facebook.com/646134315478193", "facebook_wall_name": "Deutsche Gesellschaft f\u00fcr Internistische Intensivmedizin und Notfallmedizin", "image": "https://graph.facebook.com/646134315478193/picture", "id_on_source": "646134315478193"}}]}, "score": 61.75, "images": {"small": "https://badges.altmetric.com/?size=64&score=62&types=mttttttf", "medium": "https://badges.altmetric.com/?size=100&score=62&types=mttttttf", "large": "https://badges.altmetric.com/?size=180&score=62&types=mttttttf"}}