{"altmetric_id": 75078748, "counts": {"readers": {"mendeley": 0, "citeulike": 0, "connotea": 0}, "total": {"posts_count": 35}, "twitter": {"unique_users_count": 14, "posts_count": 34}, "news": {"unique_users_count": 1, "unique_users": ["harvard_business_review"], "posts_count": 1}}, "citation": {"authors": ["Chowell, Gerardo", "Dhillon, Ranu", "Srikrishna, Devabhaktuni"], "doi": "10.1101/2020.02.03.20020271", "first_seen_on": "2020-02-05T18:53:04+00:00", "issns": [], "last_mentioned_on": 1584340457, "links": ["https://www.medrxiv.org/content/10.1101/2020.02.03.20020271v1", "https://www.medrxiv.org/content/10.1101/2020.02.03.20020271v1?utm_source=dlvr.it&utm_medium=twitter", "https://www.medrxiv.org/content/10.1101/2020.02.03.20020271v1.article-info"], "pdf_url": "https://www.medrxiv.org/content/medrxiv/early/2020/02/05/2020.02.03.20020271.full.pdf", "publisher": "Cold Spring Harbor Laboratory", "title": "Getting to zero quickly in the 2019-nCov epidemic with vaccines or rapid testing", "type": "article"}, "altmetric_score": {"score": 20.2, "score_history": {"1y": 20.2, "6m": 20.2, "3m": 20.2, "1m": 17.45, "1w": 3.6, "6d": 3.6, "5d": 3.6, "4d": 1.5, "3d": 0.5, "2d": 0.5, "1d": 0, "at": 20.2}, "context_for_score": null}, "demographics": {"poster_types": {"member_of_the_public": 11, "researcher": 2, "science_communicator": 1}, "users": {"twitter": {"cohorts": {"Members of the public": 12, "Scientists": 1, "Science communicators (journalists, bloggers, editors)": 1}}}, "geo": {"twitter": {"US": 7, "TR": 1}}}, "posts": {"twitter": [{"license": "gnip", "citation_ids": [75078748], "author": {"tweeter_id": "921400462838042624"}, "tweet_id": "1225130177652514816"}, {"license": "gnip", "citation_ids": [75078748], "author": {"tweeter_id": "41626609"}, "tweet_id": "1225139711502475264"}, {"license": "gnip", "citation_ids": [75078748], "author": {"tweeter_id": "601309234"}, "tweet_id": "1225166296561537025"}, {"license": "gnip", "citation_ids": [75078748], "author": {"tweeter_id": "831698691270537217"}, "tweet_id": "1225169015397548034"}, {"license": "gnip", "citation_ids": [75078748], "author": {"tweeter_id": "1059487597"}, "tweet_id": "1225172232277643264"}, {"license": "gnip", "citation_ids": [75078748], "author": {"tweeter_id": "1059487597"}, "tweet_id": "1225180834044362753"}, {"license": "gnip", "citation_ids": [75078748], "author": {"tweeter_id": "14465282"}, "tweet_id": "1225198669508435968"}, {"license": "gnip", "citation_ids": [75078748], "author": {"tweeter_id": "1059487597"}, "tweet_id": "1225208424452853760"}, {"license": "gnip", "citation_ids": [75078748], "author": {"tweeter_id": "1214232500664295424"}, "tweet_id": "1225296831510278145"}, {"license": "gnip", "citation_ids": [75078748], "author": {"tweeter_id": "29080870"}, "tweet_id": "1227148468159840260"}, {"license": "gnip", "citation_ids": [75078748], "author": {"tweeter_id": "127182500"}, "tweet_id": "1237472008620957700"}, {"license": "gnip", "citation_ids": [75078748], "author": {"tweeter_id": "77714289"}, "tweet_id": "1237472722076217351"}, {"license": "gnip", "citation_ids": [75078748], "author": {"tweeter_id": "1059487597"}, "tweet_id": "1238322441048350720"}, {"license": "gnip", "citation_ids": [75078748], "author": {"tweeter_id": "2750105810"}, "tweet_id": "1238352163979407360"}, {"license": "gnip", "citation_ids": [75078748], "author": {"tweeter_id": "2750105810"}, "tweet_id": "1238353437974089728"}, {"license": "gnip", "citation_ids": [75078748], "author": {"tweeter_id": "2750105810"}, "tweet_id": "1238353490201595905"}, {"license": "gnip", "citation_ids": [75078748], "author": {"tweeter_id": "2750105810"}, "tweet_id": "1238353904816930821"}, {"license": "gnip", "citation_ids": [75078748], "author": {"tweeter_id": "2750105810"}, "tweet_id": "1238354314411696128"}, {"license": "gnip", "citation_ids": [75078748], "author": {"tweeter_id": "2750105810"}, "tweet_id": "1238354598407966721"}, {"license": "gnip", "citation_ids": [75078748], "author": {"tweeter_id": "2750105810"}, "tweet_id": "1238354639797415936"}, {"license": "gnip", "citation_ids": [75078748], "author": {"tweeter_id": "2750105810"}, "tweet_id": "1238355089758097408"}, {"license": "gnip", "citation_ids": [75078748], "author": {"tweeter_id": "2750105810"}, "tweet_id": "1238355192975745026"}, {"license": "gnip", "citation_ids": [75078748], "author": {"tweeter_id": "2750105810"}, "tweet_id": "1238356146039042049"}, {"license": "gnip", "citation_ids": [75078748], "author": {"tweeter_id": "2750105810"}, "tweet_id": "1238356455436230656"}, {"license": "gnip", "citation_ids": [75078748], "author": {"tweeter_id": "2750105810"}, "tweet_id": "1238358288116277248"}, {"license": "gnip", "citation_ids": [75078748], "author": {"tweeter_id": "2750105810"}, "tweet_id": "1238358532338024450"}, {"license": "gnip", "citation_ids": [75078748], "author": {"tweeter_id": "2750105810"}, "tweet_id": "1238358582011121664"}, {"license": "gnip", "citation_ids": [75078748], "author": {"tweeter_id": "2750105810"}, "tweet_id": "1238358819362590721"}, {"license": "gnip", "citation_ids": [75078748], "author": {"tweeter_id": "2750105810"}, "tweet_id": "1238380592326008835"}, {"license": "gnip", "citation_ids": [75078748], "author": {"tweeter_id": "2750105810"}, "tweet_id": "1238398195358519296"}, {"license": "gnip", "citation_ids": [75078748], "author": {"tweeter_id": "21048391"}, "tweet_id": "1238403555335102464"}, {"license": "gnip", "citation_ids": [75078748], "author": {"tweeter_id": "466953226"}, "tweet_id": "1238507126206717955"}, {"license": "gnip", "citation_ids": [75078748], "author": {"tweeter_id": "1184875318001258496"}, "tweet_id": "1238865088179777536"}, {"license": "gnip", "citation_ids": [75078748], "author": {"tweeter_id": "1059487597"}, "tweet_id": "1239439826937470977"}], "news": [{"title": "We Need a Cheap Way to Diagnose Coronavirus", "url": "http://ct.moreover.com/?a=41482924978&p=1pl&v=1&x=U_iCbOcRRoKBKd7Fd44uaA", "license": "public", "citation_ids": [43453507, 15945027, 75078748, 2903355, 4217491, 4212785], "posted_on": "2020-02-26T22:05:23+00:00", "summary": "Executive Summary Given that it will take a year to develop a vaccine for the new coronavirus, the development of an inexpensive, point-of-care, diagnostic kit for use in clinics and homes should be a high priority.", "author": {"name": "Harvard Business Review ", "url": "https://hbr.org/", "image": "https://s3.amazonaws.com/weyland.altmetric.com/news_sources/logos/000/001/859/normal/Screen_Shot_2016-01-27_at_12.10.26.png?1453896644"}}]}, "score": 20.2, "images": {"small": "https://badges.altmetric.com/?size=64&score=21&types=mttttttt", "medium": "https://badges.altmetric.com/?size=100&score=21&types=mttttttt", "large": "https://badges.altmetric.com/?size=180&score=21&types=mttttttt"}}