{"altmetric_id": 77415325, "counts": {"readers": {"mendeley": 0, "citeulike": 0, "connotea": 0}, "total": {"posts_count": 5}, "twitter": {"unique_users_count": 5, "posts_count": 5}}, "citation": {"altmetric_jid": "4f6fa4df3cf058f610001f6b", "authors": ["Shahid Naeem"], "doi": "10.1126/science.367.6483.1207-s", "first_seen_on": "2020-03-12T20:44:18+00:00", "handles": [], "isbns": [], "issns": ["0036-8075", "1095-9203"], "journal": "Science", "last_mentioned_on": 1584138932, "links": ["https://science.sciencemag.org/content/367/6483/1207.19?rss=1&utm_source=dlvr.it&utm_medium=twitter", "https://science.sciencemag.org/content/367/6483/1207.19?rss=1"], "pdf_url": "https://science.sciencemag.org/content/sci/367/6483/1207.19.full.pdf", "pubdate": "2020-03-13T00:00:00+00:00", "epubdate": "2020-03-12T00:00:00+00:00", "publisher": "American Association for the Advancement of Science (AAAS)", "scopus_subjects": ["General"], "title": "What becomes of fragmented forests?", "type": "article"}, "altmetric_score": {"score": 2.25, "score_history": {"1y": 2.25, "6m": 2.25, "3m": 2.25, "1m": 2.25, "1w": 2.25, "6d": 2.25, "5d": 1.25, "4d": 0, "3d": 0, "2d": 0, "1d": 0, "at": 2.25}, "context_for_score": {"all": {"total_number_of_other_articles": 14515779, "mean": 8.4675688885467, "rank": 7676134, "this_scored_higher_than_pct": 46, "this_scored_higher_than": 6752639, "rank_type": "exact", "sample_size": 14515779, "percentile": 46}, "similar_age_3m": {"total_number_of_other_articles": 147536, "mean": 14.115167153557, "rank": 62535, "this_scored_higher_than_pct": 56, "this_scored_higher_than": 83814, "rank_type": "exact", "sample_size": 147536, "percentile": 56}, "this_journal": {"total_number_of_other_articles": 64542, "mean": 46.601602237338, "rank": 51588, "this_scored_higher_than_pct": 19, "this_scored_higher_than": 12515, "rank_type": "exact", "sample_size": 64542, "percentile": 19}, "similar_age_this_journal_3m": {"total_number_of_other_articles": 441, "mean": 129.42920909091, "rank": 278, "this_scored_higher_than_pct": 36, "this_scored_higher_than": 160, "rank_type": "exact", "sample_size": 441, "percentile": 36}}}, "demographics": {"poster_types": {"member_of_the_public": 3, "researcher": 2}, "users": {"twitter": {"cohorts": {"Members of the public": 3, "Scientists": 2}}}, "geo": {"twitter": {"BR": 1, "IT": 1, "ES": 1}}}, "posts": {"twitter": [{"license": "gnip", "citation_ids": [77415325], "author": {"tweeter_id": "1735315016"}, "tweet_id": "1238204133854740480"}, {"license": "gnip", "citation_ids": [77415325], "author": {"tweeter_id": "107150361"}, "tweet_id": "1238208686268379136"}, {"license": "gnip", "citation_ids": [77415325], "author": {"tweeter_id": "895892378388660224"}, "tweet_id": "1238352105150136320"}, {"license": "gnip", "citation_ids": [77415325], "author": {"tweeter_id": "329085723"}, "tweet_id": "1238362436777975809"}, {"license": "gnip", "citation_ids": [77415325], "author": {"tweeter_id": "2908586694"}, "tweet_id": "1238594572327874562"}]}, "score": 2.25, "images": {"small": "https://badges.altmetric.com/?size=64&score=3&types=tttttttt", "medium": "https://badges.altmetric.com/?size=100&score=3&types=tttttttt", "large": "https://badges.altmetric.com/?size=180&score=3&types=tttttttt"}}