{"altmetric_id": 76330996, "counts": {"readers": {"mendeley": 0, "citeulike": 0, "connotea": 0}, "facebook": {"unique_users_count": 1, "unique_users": ["247130568695228"], "posts_count": 2}, "news": {"unique_users_count": 8, "unique_users": ["the_conversation", "big_news_network", "myza", "medicalxpress", "dailyhunt", "allafrica", "yahoo_news", "the_national_interest"], "posts_count": 8}, "total": {"posts_count": 32}, "twitter": {"unique_users_count": 18, "posts_count": 22}}, "citation": {"altmetric_jid": "4f6fa4f73cf058f610002fa9", "authors": ["Markotter, W.", "Coertse, J.", "De Vries, L.", "Geldenhuys, M.", "Mortlock, M."], "doi": "10.1111/jzo.12769", "first_seen_on": "2020-02-19T08:43:28+00:00", "issns": ["0952-8369", "1469-7998"], "journal": "Journal of Zoology", "last_mentioned_on": 1583845291, "links": ["https://doi.org/10.1111/jzo.12769", "https://zslpublications.onlinelibrary.wiley.com/doi/full/10.1111/jzo.12769?hootPostID=8f6f31411ed616769a6cace24ce6afbd", "https://zslpublications.onlinelibrary.wiley.com/doi/full/10.1111/jzo.12769", "https://zslpublications.onlinelibrary.wiley.com/doi/full/10.1111/jzo.12769?hootPostID=d62bbed1d78120fa11fb52b4d7dde42e", "https://zslpublications.onlinelibrary.wiley.com/doi/full/10.1111/jzo.12769?hootPostID=fa7863a0e1a0bd0d8805b5ff1198b9f0", "https://zslpublications.onlinelibrary.wiley.com/doi/full/10.1111/jzo.12769?hootPostID=a258603d213bf10a1bb6408a2dfbca7f", "https://zslpublications.onlinelibrary.wiley.com/doi/10.1111/jzo.12769"], "pdf_url": "https://zslpublications.onlinelibrary.wiley.com/doi/pdf/10.1111/jzo.12769", "epubdate": "2020-02-18T00:00:00+00:00", "publisher": "Wiley", "publisher_subjects": [{"name": "Biological Sciences", "scheme": "era"}, {"name": "Environmental Sciences", "scheme": "era"}], "scopus_subjects": ["Agricultural and Biological Sciences", "Life Sciences"], "title": "Bat\u2010borne viruses in Africa: a critical review", "type": "article"}, "altmetric_score": {"score": 74.6, "score_history": {"1y": 74.6, "6m": 74.6, "3m": 74.6, "1m": 74.6, "1w": 0, "6d": 0, "5d": 0, "4d": 0, "3d": 0, "2d": 0, "1d": 0, "at": 74.6}, "context_for_score": {"all": {"total_number_of_other_articles": 14515681, "mean": 8.4674375570305, "rank": 256302, "this_scored_higher_than_pct": 98, "this_scored_higher_than": 14259345, "rank_type": "exact", "sample_size": 14515681, "percentile": 98}, "similar_age_3m": {"total_number_of_other_articles": 168527, "mean": 14.464244425193, "rank": 5681, "this_scored_higher_than_pct": 96, "this_scored_higher_than": 162842, "rank_type": "exact", "sample_size": 168527, "percentile": 96}, "this_journal": {"total_number_of_other_articles": 2444, "mean": 9.212920998772, "rank": 44, "this_scored_higher_than_pct": 98, "this_scored_higher_than": 2400, "rank_type": "exact", "sample_size": 2444, "percentile": 98}, "similar_age_this_journal_3m": {"total_number_of_other_articles": 9, "mean": 47.9125, "rank": 2, "this_scored_higher_than_pct": 77, "this_scored_higher_than": 7, "rank_type": "exact", "sample_size": 9, "percentile": 77}}}, "demographics": {"poster_types": {"member_of_the_public": 9, "researcher": 6, "science_communicator": 3}, "users": {"twitter": {"cohorts": {"Members of the public": 9, "Scientists": 6, "Science communicators (journalists, bloggers, editors)": 3}}}, "geo": {"twitter": {"GB": 3, "CA": 1, "TZ": 1, "ES": 1, "US": 1, "GH": 1}}}, "posts": {"news": [{"title": "Why it's important to study coronaviruses in African bats", "url": "http://ct.moreover.com/?a=41423346043&p=1pl&v=1&x=lOL3g-NYD_Ayj2lQP5zvDA", "license": "public", "citation_ids": [73768069, 74999371, 74933899, 76330996, 3775483, 3775483, 52456619, 1971197, 6009767, 1870759, 20974712, 62963353, 72401289, 4322527, 76330742], "posted_on": "2020-02-19T08:27:31+00:00", "summary": "The current outbreak of a new coronavirus disease, named COVID-19, raises the question of where diseases like this come from and where the risks lie.", "author": {"name": "The Conversation", "url": "http://theconversation.com", "image": "https://s3.amazonaws.com/weyland.altmetric.com/news_sources/logos/000/000/071/normal/the_conversation.png?1369846953"}}, {"title": "News story from Big News Network on Wednesday 19 February 2020", "url": null, "license": "nla", "citation_ids": [73768069, 74999371, 74933899, 76330996, 3775483, 3775483, 52456619, 1971197, 6009767, 1870759, 20974712, 62963353, 72401289, 4322527], "posted_on": "2020-02-19T08:35:48+00:00", "summary": null, "author": {"name": "Big News Network", "url": "http://www.bignewsnetwork.com/", "image": "https://s3.amazonaws.com/weyland.altmetric.com/news_sources/logos/000/000/944/normal/Screen_Shot_2016-01-12_at_14.32.33.png?1452609170"}}, {"title": "Why it\u2019s important to study coronaviruses in African bats | The Conversation", "url": "http://ct.moreover.com/?a=41420486492&p=1pl&v=1&x=MLnYApSDzn1qP4s35fZgGg", "license": "public", "citation_ids": [76330742, 73768069, 74999371, 74933899, 76330996, 3775483, 3775483, 52456619, 1971197, 6009767, 1870759, 20974712, 62963353, 72401289, 4322527], "posted_on": "2020-02-19T08:50:40+00:00", "summary": "Why it\u2019s important to study coronaviruses in African bats : Viral sequences related to known human coronavirus outbreaks have been identified in horsehoe bats.", "author": {"name": "MyZA", "url": "http://www.myza.co.za", "image": "https://s3.amazonaws.com/weyland.altmetric.com/news_sources/logos/000/001/866/normal/Screen_Shot_2016-01-27_at_12.22.33.png?1453897409"}}, {"title": "Why it's important to study coronaviruses in African bats", "url": "http://ct.moreover.com/?a=41422872598&p=1pl&v=1&x=mCkD5D198pjparflGhM8Mw", "license": "public", "citation_ids": [73768069, 74933899, 76330996, 3775483, 3775483, 52456619, 1971197, 6009767, 1870759, 20974712, 62963353, 72401289, 4322527, 76330742, 74999371], "posted_on": "2020-02-19T14:40:01+00:00", "summary": "Viral sequences related to known human coronavirus outbreaks have been identified in horsehoe bats.", "author": {"name": "MedicalXpress", "url": "http://medicalxpress.com/", "image": "https://s3.amazonaws.com/weyland.altmetric.com/news_sources/logos/000/000/152/normal/image.png?1369925783"}}, {"title": "Why it's important to study coronaviruses in African bats", "url": "http://ct.moreover.com/?a=41422932675&p=1pl&v=1&x=6qXURb-62AKDITL8Mu9AbA", "license": "public", "citation_ids": [73768069, 74999371, 74933899, 76330996, 3775483, 3775483, 52456619, 1971197, 6009767, 1870759, 20974712, 62963353, 72401289, 4322527, 76330742], "posted_on": "2020-02-19T14:56:11+00:00", "summary": "The current outbreak of a new coronavirus disease, named COVID-19, raises the question of where diseases like this come from and where the risks lie.", "author": {"name": "Dailyhunt", "url": "https://m.dailyhunt.in", "image": "https://s3.amazonaws.com/weyland.altmetric.com/news_sources/logos/000/003/498/normal/Capture_da.PNG?1569563820"}}, {"title": "News story from AllAfrica on Thursday 20 February 2020", "url": null, "license": "nla", "citation_ids": [73768069, 74933899, 76330996, 3775483, 3775483, 52456619, 1971197, 6009767, 1870759, 20974712, 62963353, 72401289, 4322527, 74999371, 76330742], "posted_on": "2020-02-20T07:39:55+00:00", "summary": null, "author": {"name": "AllAfrica", "url": "http://allafrica.com/", "image": "https://s3.amazonaws.com/weyland.altmetric.com/news_sources/logos/000/000/824/normal/all-africa.png?1452608105"}}, {"title": "How African Bats Could Be Crucial to Understanding Coronavirus", "url": "http://ct.moreover.com/?a=41430940435&p=1pl&v=1&x=-GNVzQnHirwH8ZgXuIZAew", "license": "public", "citation_ids": [73768069, 73768069, 74933899, 76330996, 74933899, 76330996], "posted_on": "2020-02-20T10:18:00+00:00", "summary": "The current outbreak of a new coronavirus disease, named COVID-19, raises the question of where diseases like this come from and where the risks lie.", "author": {"name": "Yahoo! News", "url": "http://news.yahoo.com/", "image": "https://s3.amazonaws.com/weyland.altmetric.com/news_sources/logos/000/000/032/normal/yahoo_news.png?1369846922"}}, {"title": "How African Bats Could Be Crucial to Understanding Coronavirus", "url": "http://ct.moreover.com/?a=41431482531&p=1pl&v=1&x=lNGymHyx_dlaMuIIi66D-g", "license": "public", "citation_ids": [73768069, 74933899, 76330996, 3775483, 3775483, 52456619, 1971197, 6009767, 1870759, 20974712, 62963353, 72401289, 4322527, 76330742, 74999371], "posted_on": "2020-02-20T10:18:00+00:00", "summary": "The current outbreak of a new coronavirus disease, named COVID-19, raises the question of where diseases like this come from and where the risks lie.", "author": {"name": "The National Interest", "url": "https://nationalinterest.org/", "image": "https://s3.amazonaws.com/weyland.altmetric.com/news_sources/logos/000/003/348/normal/national.PNG?1568173951"}}], "twitter": [{"license": "gnip", "citation_ids": [76330742, 76330996], "author": {"tweeter_id": "20769532"}, "tweet_id": "1230090878544416768"}, {"license": "gnip", "citation_ids": [76330742, 76330996], "author": {"tweeter_id": "1153673286"}, "tweet_id": "1230092063447928832"}, {"license": "gnip", "citation_ids": [76330742, 76330996], "author": {"tweeter_id": "97582853"}, "tweet_id": "1230093542665658379"}, {"license": "gnip", "citation_ids": [76330996], "author": {"tweeter_id": "11833032"}, "tweet_id": "1230100550986932225"}, {"license": "gnip", "citation_ids": [76330742, 76330996], "author": {"tweeter_id": "2895966582"}, "tweet_id": "1230148860619694080"}, {"license": "gnip", "citation_ids": [76330742, 76330996], "author": {"tweeter_id": "482108339"}, "tweet_id": "1230185681785360384"}, {"license": "gnip", "citation_ids": [76330996, 76330742], "author": {"tweeter_id": "482108339"}, "tweet_id": "1230187742077865984"}, {"license": "gnip", "citation_ids": [76330996, 76330742], "author": {"tweeter_id": "1109316250058936320"}, "tweet_id": "1230189554121887744"}, {"license": "gnip", "citation_ids": [76330996, 76330742], "author": {"tweeter_id": "1208034282783928320"}, "tweet_id": "1230189731234762753"}, {"license": "gnip", "citation_ids": [76330996, 76330742], "author": {"tweeter_id": "473058057"}, "tweet_id": "1230193000996839426"}, {"license": "gnip", "citation_ids": [76330996, 76330742], "author": {"tweeter_id": "1372442995"}, "tweet_id": "1230223463228608516"}, {"license": "gnip", "citation_ids": [76330996], "author": {"tweeter_id": "804601540908613632"}, "tweet_id": "1230574478243115008"}, {"license": "gnip", "citation_ids": [76330996], "author": {"tweeter_id": "617010677"}, "tweet_id": "1230654071561969664"}, {"license": "gnip", "citation_ids": [76330996, 76330742], "author": {"tweeter_id": "3750219501"}, "tweet_id": "1231905958391095297"}, {"license": "gnip", "citation_ids": [76330996], "author": {"tweeter_id": "20769532"}, "tweet_id": "1231953195859152901"}, {"license": "gnip", "citation_ids": [76330996], "author": {"tweeter_id": "765935799103873024"}, "tweet_id": "1231955227131154436"}, {"license": "gnip", "citation_ids": [76330996], "author": {"tweeter_id": "482108339"}, "tweet_id": "1231999022090608640"}, {"license": "gnip", "citation_ids": [76330996], "author": {"tweeter_id": "2493808112"}, "tweet_id": "1232400167472697352"}, {"license": "gnip", "citation_ids": [76330996], "author": {"tweeter_id": "964249915869270016"}, "tweet_id": "1233476738165985280"}, {"license": "gnip", "citation_ids": [76330996, 76330742], "author": {"tweeter_id": "950692960181604358"}, "tweet_id": "1235282153413500935"}, {"license": "gnip", "citation_ids": [76330996], "author": {"tweeter_id": "2422132717"}, "tweet_id": "1237341116732710913"}, {"license": "gnip", "citation_ids": [76330996], "author": {"tweeter_id": "2422132717"}, "tweet_id": "1237362952446988290"}], "facebook": [{"title": "news.yahoo.com", "url": "https://www.facebook.com/permalink.php?story_fbid=3449804378427815&id=247130568695228", "license": "public", "citation_ids": [76330996], "posted_on": "2020-02-24T14:45:25+00:00", "summary": "How African bats could be crucial to understanding Coronavirus Yahoo News coverage http://ow.ly/saWS30qkbKq Read the full Journal of Zoology article http://ow.ly/4KUv30qkbKr", "author": {"name": "Wiley Ecology and Evolution", "url": "https://www.facebook.com/247130568695228", "facebook_wall_name": "Ecology, Conservation and Evolution", "image": "https://graph.facebook.com/247130568695228/picture", "id_on_source": "247130568695228"}}, {"title": "Timeline Photos", "url": "https://www.facebook.com/permalink.php?story_fbid=3433944743347112&id=247130568695228", "license": "public", "citation_ids": [76330742, 76330996], "posted_on": "2020-02-19T11:26:04+00:00", "summary": "Why it\u2019s important to study coronaviruses in African bats http://ow.ly/4yH430qiXQL - Journal of Zoology article mentioned in The Conservation. Read the full article http://ow.ly/lu0930qiXQM", "author": {"name": "Wiley Ecology and Evolution", "url": "https://www.facebook.com/247130568695228", "facebook_wall_name": "Ecology, Conservation and Evolution", "image": "https://graph.facebook.com/247130568695228/picture", "id_on_source": "247130568695228"}}]}, "score": 74.6, "images": {"small": "https://badges.altmetric.com/?size=64&score=75&types=mmtttttf", "medium": "https://badges.altmetric.com/?size=100&score=75&types=mmtttttf", "large": "https://badges.altmetric.com/?size=180&score=75&types=mmtttttf"}}