{"altmetric_id": 77332612, "counts": {"readers": {"mendeley": 0, "citeulike": 0, "connotea": 0}, "total": {"posts_count": 13}, "twitter": {"unique_users_count": 9, "posts_count": 11}, "blogs": {"unique_users_count": 1, "unique_users": [58916], "posts_count": 1}, "news": {"unique_users_count": 1, "unique_users": ["medpage_today"], "posts_count": 1}}, "citation": {"authors": ["Diao, Bo", "Wen, Kun", "Chen, Jian", "Liu, Yueping", "Yuan, Zilin", "Han, Chao", "Chen, Jiahui", "Pan, Yuxian", "Chen, Li", "Dan, Yunjie", "Wang, Jing", "Chen, Yongwen", "Deng, Guohong", "Zhou, Hongwei", "Wu, Yuzhang"], "doi": "10.1101/2020.03.07.20032524", "first_seen_on": "2020-03-11T09:54:10+00:00", "issns": [], "last_mentioned_on": 1584411931, "links": ["https://medrxiv.org/cgi/content/short/2020.03.07.20032524v1", "https://www.medrxiv.org/content/10.1101/2020.03.07.20032524v1", "https://www.medrxiv.org/content/10.1101/2020.03.07.20032524v2?utm_source=dlvr.it&utm_medium=twitter", "https://www.medrxiv.org/content/10.1101/2020.03.07.20032524v2.full.pdf"], "pdf_url": "https://www.medrxiv.org/content/medrxiv/early/2020/03/10/2020.03.07.20032524.full.pdf", "publisher": "Cold Spring Harbor Laboratory", "title": "Diagnosis of Acute Respiratory Syndrome Coronavirus 2 Infection by Detection of Nucleocapsid Protein", "type": "article"}, "altmetric_score": {"score": 18.53, "score_history": {"1y": 18.53, "6m": 18.53, "3m": 18.53, "1m": 18.53, "1w": 18.53, "6d": 18.53, "5d": 16.18, "4d": 11.1, "3d": 11.1, "2d": 10, "1d": 10, "at": 18.53}, "context_for_score": null}, "demographics": {"poster_types": {"member_of_the_public": 7, "researcher": 2}, "users": {"twitter": {"cohorts": {"Members of the public": 7, "Scientists": 2}}}, "geo": {"twitter": {"US": 6, "AU": 1}}}, "posts": {"twitter": [{"license": "gnip", "citation_ids": [77332612], "author": {"tweeter_id": "921400462838042624"}, "tweet_id": "1237678073002299393"}, {"license": "gnip", "citation_ids": [77332612], "author": {"tweeter_id": "28358443"}, "tweet_id": "1237678101657563142"}, {"license": "gnip", "citation_ids": [77332612], "author": {"tweeter_id": "1480476380"}, "tweet_id": "1237679312712712194"}, {"license": "gnip", "citation_ids": [77332612], "author": {"tweeter_id": "1221225853754830850"}, "tweet_id": "1237679827957600257"}, {"license": "gnip", "citation_ids": [77332612], "author": {"tweeter_id": "4901919879"}, "tweet_id": "1237716681365086208"}, {"license": "gnip", "citation_ids": [77332612], "author": {"tweeter_id": "4901919879"}, "tweet_id": "1237716700080021504"}, {"license": "gnip", "citation_ids": [77332612], "author": {"tweeter_id": "4901919879"}, "tweet_id": "1237717433563168769"}, {"license": "gnip", "citation_ids": [77332612], "author": {"tweeter_id": "4914079708"}, "tweet_id": "1237778033370677248"}, {"license": "gnip", "citation_ids": [77332612], "author": {"tweeter_id": "1214232500664295424"}, "tweet_id": "1238668433358598144"}, {"license": "gnip", "citation_ids": [77332612], "author": {"tweeter_id": "246590464"}, "tweet_id": "1238670010580717570"}, {"license": "gnip", "citation_ids": [77332612], "author": {"tweeter_id": "4862344900"}, "tweet_id": "1239739613109006336"}], "blogs": [{"title": "CoVID-19 / SAR-CoV-2 infected cells real proteomics data!!", "url": "http://proteomicsnews.blogspot.com/2020/03/covid-19-sar-cov-2-infected-cells-real.html", "license": "public", "citation_ids": [77357736, 15819432, 77332612], "posted_on": "2020-03-12T13:20:00+00:00", "summary": "IGNORE MY RAMBLING -- REAL SARS-CoV-2 (CoVID-19) Proteomics Data at this link!!And a quick reminder that proteins from the viruses become detectable in body fluids BEFORE symptoms appear.2003 SARS Paper&nbsp;showing this is the case in that diseasemedRXiV", "author": {"name": "News in Proteomics Research", "url": "http://proteomicsnews.blogspot.com/", "description": ""}}], "news": [{"title": "COVID-19 Update: Hitting Home at NIH; $$$ Relief on the Way; Unofficial Rationing Begins", "url": "http://ct.moreover.com/?a=41635702617&p=1pl&v=1&x=n1JwMgJQiNZdNh_s_vDZ6Q", "license": "public", "citation_ids": [77332612], "posted_on": "2020-03-16T12:54:06+00:00", "summary": "Infectious Disease > COVID-19 A daily roundup of news on the novel coronavirus outbreak by Managing Editor, MedPage Today March 16, 2020 Note that some links may require registration or subscription.", "author": {"name": "MedPage Today", "url": "http://www.medpagetoday.com/", "image": "https://s3.amazonaws.com/weyland.altmetric.com/news_sources/logos/000/000/262/normal/Screen_Shot_2016-02-09_at_10.51.03.png?1455015082"}}]}, "score": 18.53, "images": {"small": "https://badges.altmetric.com/?size=64&score=19&types=mbtttttt", "medium": "https://badges.altmetric.com/?size=100&score=19&types=mbtttttt", "large": "https://badges.altmetric.com/?size=180&score=19&types=mbtttttt"}}