{"altmetric_id": 68892975, "counts": {"readers": {"citeulike": "0", "mendeley": "3", "connotea": "0"}, "total": {"posts_count": 2}, "twitter": {"unique_users_count": 2, "posts_count": 2}}, "citation": {"aggregate_citation_ids": [68894228, 68894229, 68894230, 68894232, 68894233, 68894234, 68894236, 68894237, 68894239, 68894240, 68894241, 68894244, 68894245, 68894249, 68894251, 68894252], "attribution": "springer_nature", "book_cover_url": "https://s3-eu-west-1.amazonaws.com/bookcovers.altmetric.com/covers.springernature.com/781f/1c3d8c412329e4af4102225ae2e8.jpg", "chapters": [{"altmetric_id": 68894228, "title": "Imaging Tuberculosis and AIDS Associated Infections", "ordinal_number": 15}, {"altmetric_id": 68894229, "title": "Imaging Fungal Infections and Therapy Follow-Up", "ordinal_number": 16}, {"altmetric_id": 68894230, "title": "Gamma Camera Imaging of Infectious Diseases", "ordinal_number": 2}, {"altmetric_id": 68894232, "title": "Acquisition Protocols and Image Interpretation Criteria Nuclear Medicine Imaging of Infectious Diseases", "ordinal_number": 5}, {"altmetric_id": 68894233, "title": "Imaging of Spine Infections", "ordinal_number": 8}, {"altmetric_id": 68894234, "title": "Nuclear Medicine Imaging of Vascular Graft Infections", "ordinal_number": 10}, {"altmetric_id": 68894236, "title": "Nuclear Medicine Imaging of Diabetic Foot Infections", "ordinal_number": 11}, {"altmetric_id": 68894237, "title": "Hybrid SPECT/CT and PET/CT Imaging in Infectious Diseases", "ordinal_number": 4}, {"altmetric_id": 68894239, "title": "Nuclear Medicine Imaging of Peripheral Bone Osteomyelitis and Sternal Wound Infections", "ordinal_number": 7}, {"altmetric_id": 68894240, "title": "Infections: The Emergency of the New Millennium", "ordinal_number": 1}, {"altmetric_id": 68894241, "title": "Nuclear Medicine Imaging of Cardiovascular Implantable Electronic Device Infection and Endocarditis", "ordinal_number": 12}, {"altmetric_id": 68894244, "title": "Nuclear Medicine Imaging of Fever of Unknown Origin", "ordinal_number": 13}, {"altmetric_id": 68894245, "title": "Radiopharmaceuticals for PET Imaging of Infection", "ordinal_number": 3}, {"altmetric_id": 68894249, "title": "Nuclear Medicine Imaging of Soft Tissue Infections", "ordinal_number": 6}, {"altmetric_id": 68894251, "title": "Nuclear Medicine Imaging of Prosthetic Joint Infections", "ordinal_number": 9}, {"altmetric_id": 68894252, "title": "Nuclear Medicine Imaging of Infection/Inflammation by PET/CT and PET/MR", "ordinal_number": 14}], "doi": "10.1007/978-3-030-25494-0", "editors": ["Signore, Alberto", "Glaudemans, Andor W. J. M."], "first_seen_on": "2019-10-18T07:17:40+00:00", "isbns": ["9783030254933", "9783030254940"], "issns": [], "last_mentioned_on": 1580502740, "links": ["https://doi.org/10.1007/978-3-030-25494-0"], "pubdate": "2019-12-03T00:00:00+00:00", "publisher": "Springer International Publishing", "title": "Nuclear Medicine in Infectious Diseases", "type": "book", "mendeley_url": "https://www.mendeley.com/catalogue/cd5602ba-0c31-3f72-9e5d-2261d7c6c2ff/"}, "altmetric_score": {"score": 1.5, "score_history": {"1y": 1.5, "6m": 1.5, "3m": 1.5, "1m": 0, "1w": 0, "6d": 0, "5d": 0, "4d": 0, "3d": 0, "2d": 0, "1d": 0, "at": 1.5}, "context_for_score": null}, "demographics": {"poster_types": {"member_of_the_public": 2}, "users": {"twitter": {"cohorts": {"Members of the public": 2}}, "mendeley": {"by_status": {"Student  > Ph. D. Student": 1, "Professor": 1, "Student  > Master": 1}, "by_discipline": {"Chemistry": 2, "Agricultural and Biological Sciences": 1}}}, "geo": {"twitter": {"MX": 1, "US": 1}}}, "posts": {"twitter": [{"license": "gnip", "citation_ids": [68894240, 68892975], "author": {"tweeter_id": "461426100"}, "tweet_id": "1223326584020635649"}, {"license": "gnip", "citation_ids": [68894240, 68892975], "author": {"tweeter_id": "166700701"}, "tweet_id": "1223343278592090113"}]}, "score": 1.5, "images": {"small": "https://badges.altmetric.com/?size=64&score=2&types=tttttttt", "medium": "https://badges.altmetric.com/?size=100&score=2&types=tttttttt", "large": "https://badges.altmetric.com/?size=180&score=2&types=tttttttt"}}