{"altmetric_id": 77685136, "counts": {"readers": {"mendeley": 0, "citeulike": 0, "connotea": 0}, "news": {"unique_users_count": 1, "unique_users": ["bioportfolio"], "posts_count": 1}, "total": {"posts_count": 21}, "twitter": {"unique_users_count": 18, "posts_count": 20}}, "citation": {"altmetric_jid": "4f6fa4e93cf058f61000245c", "authors": ["Rimmer, Abi"], "doi": "10.1136/bmj.m1092", "first_seen_on": "2020-03-17T12:43:46+00:00", "issns": ["1756-1833"], "journal": "British Medical Journal", "last_mentioned_on": 1584512788, "links": ["https://www.bmj.com/content/368/bmj.m1092.short?rss=1&utm_source=dlvr.it&utm_medium=twitter&utm_campaign=Feed%3A+bmj%2Frecent+%28Latest+from+BMJ%29", "https://www.bmj.com/content/368/bmj.m1092.short?rss=1", "http://feeds.bmj.com/~r/bmj/recent/~3/eeDk-hyixq8/bmj.m1092.short", "https://www.bmj.com/content/368/bmj.m1092", "https://www.bmj.com/content/368/bmj.m1092?utm_source=twitter&utm_medium=social&utm_term=hootsuite&utm_content=sme&utm_campaign=usage"], "pdf_url": "https://www.bmj.com/content/bmj/368/bmj.m1092.full.pdf", "epubdate": "2020-03-17T00:00:00+00:00", "publisher": "BMJ", "publisher_subjects": [{"name": "Public Health And Health Services", "scheme": "era"}], "scopus_subjects": ["Medicine", "Health Sciences"], "title": "Don\u2019t panic: five minutes with . . . Kai Zacharowski", "type": "article", "volume": "368"}, "altmetric_score": {"score": 18.25, "score_history": {"1y": 18.25, "6m": 18.25, "3m": 18.25, "1m": 18.25, "1w": 18.25, "6d": 18.25, "5d": 18.25, "4d": 18.25, "3d": 18.25, "2d": 18.25, "1d": 18.25, "at": 18.25}, "context_for_score": {"all": {"total_number_of_other_articles": 14515808, "mean": 8.4682944333611, "rank": 961978, "this_scored_higher_than_pct": 93, "this_scored_higher_than": 13551188, "rank_type": "exact", "sample_size": 14515808, "percentile": 93}, "similar_age_3m": {"total_number_of_other_articles": 146234, "mean": 13.73157269563, "rank": 14665, "this_scored_higher_than_pct": 89, "this_scored_higher_than": 131541, "rank_type": "exact", "sample_size": 146234, "percentile": 89}, "this_journal": {"total_number_of_other_articles": 46645, "mean": 31.17410303576, "rank": 11540, "this_scored_higher_than_pct": 75, "this_scored_higher_than": 35080, "rank_type": "exact", "sample_size": 46645, "percentile": 75}, "similar_age_this_journal_3m": {"total_number_of_other_articles": 364, "mean": 60.181730027548, "rank": 159, "this_scored_higher_than_pct": 56, "this_scored_higher_than": 205, "rank_type": "exact", "sample_size": 364, "percentile": 56}}}, "demographics": {"poster_types": {"member_of_the_public": 13, "researcher": 1, "practitioner": 2, "science_communicator": 2}, "users": {"twitter": {"cohorts": {"Members of the public": 13, "Science communicators (journalists, bloggers, editors)": 2, "Practitioners (doctors, other healthcare professionals)": 2, "Scientists": 1}}}, "geo": {"twitter": {"BE": 1, "GB": 6, "AU": 1, "ES": 1, "MK": 1, "JP": 1}}}, "posts": {"twitter": [{"license": "gnip", "citation_ids": [77685136], "author": {"tweeter_id": "283604227"}, "tweet_id": "1239895141696933890"}, {"license": "gnip", "citation_ids": [77685136], "author": {"tweeter_id": "283604227"}, "tweet_id": "1239897153054470145"}, {"license": "gnip", "citation_ids": [77685136], "author": {"tweeter_id": "348355444"}, "tweet_id": "1239917897105002497"}, {"license": "gnip", "citation_ids": [77685136], "author": {"tweeter_id": "16949344"}, "tweet_id": "1239987383594094592"}, {"license": "gnip", "citation_ids": [77685136], "author": {"tweeter_id": "1077008722625482752"}, "tweet_id": "1239987431228784641"}, {"license": "gnip", "citation_ids": [77685136], "author": {"tweeter_id": "348355444"}, "tweet_id": "1239987523448967171"}, {"license": "gnip", "citation_ids": [77685136], "author": {"tweeter_id": "872744452728770560"}, "tweet_id": "1239988737209139203"}, {"license": "gnip", "citation_ids": [77685136], "author": {"tweeter_id": "303651330"}, "tweet_id": "1239989071616675840"}, {"license": "gnip", "citation_ids": [77685136], "author": {"tweeter_id": "842278113727922177"}, "tweet_id": "1239991314994860033"}, {"license": "gnip", "citation_ids": [77685136], "author": {"tweeter_id": "1028425408595644416"}, "tweet_id": "1239996416845463553"}, {"license": "gnip", "citation_ids": [77685136], "author": {"tweeter_id": "2965912726"}, "tweet_id": "1239997215151702019"}, {"license": "gnip", "citation_ids": [77685136], "author": {"tweeter_id": "1211649024"}, "tweet_id": "1240000897763213313"}, {"license": "gnip", "citation_ids": [77685136], "author": {"tweeter_id": "700113965"}, "tweet_id": "1240004383909326849"}, {"license": "gnip", "citation_ids": [77685136], "author": {"tweeter_id": "434489143"}, "tweet_id": "1240009818200555527"}, {"license": "gnip", "citation_ids": [77685136], "author": {"tweeter_id": "898609041328529408"}, "tweet_id": "1240015373078073356"}, {"license": "gnip", "citation_ids": [77685136], "author": {"tweeter_id": "359509980"}, "tweet_id": "1240024608717377536"}, {"license": "gnip", "citation_ids": [77685136], "author": {"tweeter_id": "1238405791893331968"}, "tweet_id": "1240031355779547138"}, {"license": "gnip", "citation_ids": [77685136], "author": {"tweeter_id": "116755053"}, "tweet_id": "1240036502513516544"}, {"license": "gnip", "citation_ids": [77685136], "author": {"tweeter_id": "538069163"}, "tweet_id": "1240053513184407553"}, {"license": "gnip", "citation_ids": [77685136], "author": {"tweeter_id": "4441281029"}, "tweet_id": "1240162637456998400"}], "news": [{"title": "Don\u2019t panic: five minutes with . . . Kai Zacharowski", "url": "http://ct.moreover.com/?a=41645007297&p=1pl&v=1&x=Jt_0KcNEGvJ3BLuijpM7Kw", "license": "public", "citation_ids": [77685136], "posted_on": "2020-03-17T13:03:54+00:00", "summary": "Relevant Topics Anxiety Disorders Anxiety is caused by stress. It is a natural reaction, and is beneficial in helping us deal with tense situations and pressure.", "author": {"name": "Bioportfolio", "url": "http://www.bioportfolio.com/", "image": "https://s3.amazonaws.com/weyland.altmetric.com/news_sources/logos/000/000/821/normal/Screen_Shot_2015-12-11_at_16.36.54.png?1449851849"}}]}, "score": 18.25, "images": {"small": "https://badges.altmetric.com/?size=64&score=19&types=mttttttt", "medium": "https://badges.altmetric.com/?size=100&score=19&types=mttttttt", "large": "https://badges.altmetric.com/?size=180&score=19&types=mttttttt"}}