{"altmetric_id": 77131714, "counts": {"readers": {"mendeley": 0, "citeulike": 0, "connotea": 0}, "total": {"posts_count": 4}, "twitter": {"unique_users_count": 3, "posts_count": 4}}, "citation": {"authors": ["wenxiu Wu", "zhifeng xu", "yabin Jin", "aizhen Pan"], "doi": "10.1101/2020.03.03.20030775", "first_seen_on": "2020-03-06T14:09:22+00:00", "issns": [], "journal": "medRxiv", "last_mentioned_on": 1583586783, "links": ["https://www.medrxiv.org/content/10.1101/2020.03.03.20030775v1", "https://www.medrxiv.org/content/10.1101/2020.03.03.20030775v1?utm_source=dlvr.it&utm_medium=twitter"], "pdf_url": "https://www.medrxiv.org/content/medrxiv/early/2020/03/06/2020.03.03.20030775.full.pdf", "pubdate": "2020-03-06T00:00:00+00:00", "publisher": "Cold Spring Harbor Laboratory Press", "title": "Key Points of Clinical and CT Imaging Features of 2019 Novel Coronavirus (2019-nCoV) Imported Pneumonia Based On 21 Cases Analysis", "type": "article"}, "altmetric_score": {"score": 0.75, "score_history": {"1y": 0.75, "6m": 0.75, "3m": 0.75, "1m": 0.75, "1w": 0, "6d": 0, "5d": 0, "4d": 0, "3d": 0, "2d": 0, "1d": 0, "at": 0.75}, "context_for_score": null}, "demographics": {"poster_types": {"member_of_the_public": 3}, "users": {"twitter": {"cohorts": {"Members of the public": 3}}}, "geo": {"twitter": {"US": 2}}}, "posts": {"twitter": [{"license": "gnip", "citation_ids": [77131714], "author": {"tweeter_id": "921400462838042624"}, "tweet_id": "1235930411383037959"}, {"license": "gnip", "citation_ids": [77131714], "author": {"tweeter_id": "1214232500664295424"}, "tweet_id": "1235967761924292608"}, {"license": "gnip", "citation_ids": [77131714], "author": {"tweeter_id": "4901919879"}, "tweet_id": "1236278647109160961"}, {"license": "gnip", "citation_ids": [77131714], "author": {"tweeter_id": "4901919879"}, "tweet_id": "1236278692608970754"}]}, "score": 0.75, "images": {"small": "https://badges.altmetric.com/?size=64&score=1&types=tttttttt", "medium": "https://badges.altmetric.com/?size=100&score=1&types=tttttttt", "large": "https://badges.altmetric.com/?size=180&score=1&types=tttttttt"}}