{"altmetric_id": 76031749, "counts": {"readers": {"mendeley": 0, "citeulike": 0, "connotea": 0}, "total": {"posts_count": 10}, "twitter": {"unique_users_count": 6, "posts_count": 10}}, "citation": {"authors": ["Nesteruk, Igor"], "doi": "10.1101/2020.02.12.20021931", "first_seen_on": "2020-02-13T15:05:06+00:00", "issns": [], "last_mentioned_on": 1584495066, "links": ["https://www.medrxiv.org/content/10.1101/2020.02.12.20021931v1", "https://www.medrxiv.org/content/10.1101/2020.02.12.20021931v1.full.pdf"], "pdf_url": "https://www.medrxiv.org/content/medrxiv/early/2020/02/13/2020.02.12.20021931.full.pdf", "publisher": "Cold Spring Harbor Laboratory", "title": "Statistics based predictions of coronavirus 2019-nCoV spreading in mainland China", "type": "article"}, "altmetric_score": {"score": 3.1, "score_history": {"1y": 3.1, "6m": 3.1, "3m": 3.1, "1m": 1.85, "1w": 1.85, "6d": 1.85, "5d": 1.85, "4d": 1.85, "3d": 1.85, "2d": 1, "1d": 1, "at": 3.1}, "context_for_score": null}, "demographics": {"poster_types": {"member_of_the_public": 4, "researcher": 1, "science_communicator": 1}, "users": {"twitter": {"cohorts": {"Members of the public": 5, "Science communicators (journalists, bloggers, editors)": 1}}}, "geo": {"twitter": {"US": 3, "CA": 1, "JP": 2}}}, "posts": {"twitter": [{"license": "gnip", "citation_ids": [76031749], "author": {"tweeter_id": "921400462838042624"}, "tweet_id": "1227968947640729605"}, {"license": "gnip", "citation_ids": [76031749], "author": {"tweeter_id": "1185019073354178560"}, "tweet_id": "1227971084441526272"}, {"license": "gnip", "citation_ids": [76031749], "author": {"tweeter_id": "1185019073354178560"}, "tweet_id": "1227971085624315904"}, {"license": "gnip", "citation_ids": [76031749], "author": {"tweeter_id": "4901919879"}, "tweet_id": "1228300849081794567"}, {"license": "gnip", "citation_ids": [76031749], "author": {"tweeter_id": "4901919879"}, "tweet_id": "1228300858833555456"}, {"license": "gnip", "citation_ids": [76031749], "author": {"tweeter_id": "29080870"}, "tweet_id": "1228407246222057472"}, {"license": "gnip", "citation_ids": [76031749], "author": {"tweeter_id": "82528455"}, "tweet_id": "1238060970208968706"}, {"license": "gnip", "citation_ids": [76031749], "author": {"tweeter_id": "82528455"}, "tweet_id": "1239089286969872384"}, {"license": "gnip", "citation_ids": [76031749], "author": {"tweeter_id": "805391869752406017"}, "tweet_id": "1239206107479814144"}, {"license": "gnip", "citation_ids": [76031749], "author": {"tweeter_id": "82528455"}, "tweet_id": "1240088306362093569"}]}, "score": 3.1, "images": {"small": "https://badges.altmetric.com/?size=64&score=4&types=tttttttt", "medium": "https://badges.altmetric.com/?size=100&score=4&types=tttttttt", "large": "https://badges.altmetric.com/?size=180&score=4&types=tttttttt"}}