{"altmetric_id": 76755327, "counts": {"readers": {"mendeley": 0, "citeulike": 0, "connotea": 0}, "total": {"posts_count": 22}, "twitter": {"unique_users_count": 17, "posts_count": 18}, "news": {"unique_users_count": 3, "unique_users": ["medpage_today", "tctmd", "vl"], "posts_count": 3}, "facebook": {"unique_users_count": 1, "unique_users": ["81386334083"], "posts_count": 1}}, "citation": {"authors": ["Hui, Hui", "Zhang, Yingqian", "Yang, Xin", "Wang, Xi", "He, Bingxi", "Li, Li", "Li, Hongjun", "Tian, Jie", "Chen, Yundai"], "doi": "10.1101/2020.02.24.20027052", "first_seen_on": "2020-02-27T18:02:48+00:00", "issns": [], "last_mentioned_on": 1584474240, "links": ["https://www.medrxiv.org/content/10.1101/2020.02.24.20027052v1", "https://www.medrxiv.org/content/10.1101/2020.02.24.20027052v1?%253fcollection="], "pdf_url": "https://www.medrxiv.org/content/medrxiv/early/2020/02/27/2020.02.24.20027052.full.pdf", "publisher": "Cold Spring Harbor Laboratory", "title": "Clinical and radiographic features of cardiac injury in patients with 2019 novel coronavirus pneumonia", "type": "article"}, "altmetric_score": {"score": 36.1, "score_history": {"1y": 36.1, "6m": 36.1, "3m": 36.1, "1m": 36.1, "1w": 26.85, "6d": 19.85, "5d": 11.85, "4d": 11.85, "3d": 11.85, "2d": 11, "1d": 8, "at": 36.1}, "context_for_score": null}, "demographics": {"poster_types": {"member_of_the_public": 10, "researcher": 4, "practitioner": 2, "science_communicator": 1}, "users": {"twitter": {"cohorts": {"Members of the public": 10, "Scientists": 4, "Practitioners (doctors, other healthcare professionals)": 2, "Science communicators (journalists, bloggers, editors)": 1}}}, "geo": {"twitter": {"US": 10, "ES": 1, "CM": 1, "GB": 1}}}, "posts": {"twitter": [{"license": "gnip", "citation_ids": [76755327], "author": {"tweeter_id": "921400462838042624"}, "tweet_id": "1233087558197878784"}, {"license": "gnip", "citation_ids": [76755327], "author": {"tweeter_id": "4901919879"}, "tweet_id": "1233416386053103618"}, {"license": "gnip", "citation_ids": [76755327], "author": {"tweeter_id": "4901919879"}, "tweet_id": "1233416404810059777"}, {"license": "gnip", "citation_ids": [76755327], "author": {"tweeter_id": "59631483"}, "tweet_id": "1237508236552462336"}, {"license": "gnip", "citation_ids": [76755327], "author": {"tweeter_id": "38339890"}, "tweet_id": "1237532588211703808"}, {"license": "gnip", "citation_ids": [76755327], "author": {"tweeter_id": "95438336"}, "tweet_id": "1237747168859041793"}, {"license": "gnip", "citation_ids": [76755327], "author": {"tweeter_id": "2164883573"}, "tweet_id": "1237869965878804480"}, {"license": "gnip", "citation_ids": [76755327], "author": {"tweeter_id": "800785530908602368"}, "tweet_id": "1237872813274312707"}, {"license": "gnip", "citation_ids": [76755327], "author": {"tweeter_id": "102874115"}, "tweet_id": "1237876250007326720"}, {"license": "gnip", "citation_ids": [76755327], "author": {"tweeter_id": "58568328"}, "tweet_id": "1237876365891751939"}, {"license": "gnip", "citation_ids": [76755327], "author": {"tweeter_id": "309728996"}, "tweet_id": "1237877836012126208"}, {"license": "gnip", "citation_ids": [76755327], "author": {"tweeter_id": "1080223918709968896"}, "tweet_id": "1237880416142389249"}, {"license": "gnip", "citation_ids": [76755327], "author": {"tweeter_id": "495577752"}, "tweet_id": "1237887225846611968"}, {"license": "gnip", "citation_ids": [76755327], "author": {"tweeter_id": "3246099463"}, "tweet_id": "1237956076802314241"}, {"license": "gnip", "citation_ids": [76755327], "author": {"tweeter_id": "631142747"}, "tweet_id": "1238018461596561408"}, {"license": "gnip", "citation_ids": [76755327], "author": {"tweeter_id": "1114671409802903553"}, "tweet_id": "1238186597616623621"}, {"license": "gnip", "citation_ids": [76755327], "author": {"tweeter_id": "294002814"}, "tweet_id": "1239288311912554502"}, {"license": "gnip", "citation_ids": [76755327], "author": {"tweeter_id": "3255179754"}, "tweet_id": "1239760414919008268"}], "news": [{"title": "Egg Safety; COVID-19 Cardiac Injury; Next Gen Apple Watch Features", "url": "http://ct.moreover.com/?a=41587534485&p=1pl&v=1&x=Z-AfmaFQCTvPNtlmE6VdIw", "license": "public", "citation_ids": [77052790, 76755327, 77068576, 76905684, 77158235, 77083553], "posted_on": "2020-03-10T18:00:35+00:00", "summary": "Cardiology > Prevention Recent developments of interest in cardiovascular medicine by Senior Editor, MedPage Today March 10, 2020 Eating up to an egg a day was not associated with cardiovascular disease risk in a meta-analysis of the Nurses' Health\u2026", "author": {"name": "MedPage Today", "url": "http://www.medpagetoday.com/", "image": "https://s3.amazonaws.com/weyland.altmetric.com/news_sources/logos/000/000/262/normal/Screen_Shot_2016-02-09_at_10.51.03.png?1455015082"}}, {"title": "COVID-19 and the Heart: Insights From the Front Lines", "url": "http://ct.moreover.com/?a=41605016328&p=1pl&v=1&x=eM5rh9-yZfB_0iIrlsZXWQ", "license": "public", "citation_ids": [74723102, 75354095, 76981184, 76755327, 77054606], "posted_on": "2020-03-12T16:03:39+00:00", "summary": "As COVID-19 cases go global, a picture is emerging as to its CV impact and how cardiologists in hard-hit regions are coping.", "author": {"name": "TCTMD", "url": "http://www.tctmd.com/", "image": "https://s3.amazonaws.com/weyland.altmetric.com/news_sources/logos/000/001/413/normal/Screen_Shot_2015-12-10_at_15.08.10.png?1449760109"}}, {"title": "Mitovi i istine o koronavirusu", "url": "http://ct.moreover.com/?a=41647925851&p=1pl&v=1&x=uUi4YcjQvctX556LCKBchw", "license": "public", "citation_ids": [74934381, 77408992, 77268191, 74723102, 76755327, 76981184, 75354095, 77538134, 76981184, 74723102, 77684498, 74934381, 76810504, 77408992, 77268191], "posted_on": "2020-03-17T19:44:00+00:00", "summary": "U trenutku pisanja ovog teksta, prema podacima ameri\u010dke bolnice John Hopkins, u svijetu su 182.424 oboljela od bolesti CO-VID-19 uzrokovane virusom SARS-CoV-2.", "author": {"name": "VL", "url": "https://www.vecernji.hr/", "image": "https://s3.amazonaws.com/weyland.altmetric.com/news_sources/logos/000/004/981/normal/22.JPG?1578545489"}}], "facebook": [{"url": "https://www.facebook.com/permalink.php?story_fbid=10158067933584084&id=81386334083", "license": "public", "citation_ids": [76755327], "posted_on": "2020-03-10T22:34:31+00:00", "summary": "\"Cardiac injury from COVID-19 was common in serious cases of the respiratory disease treated at a single center in China, with troponin levels spiking up to 40-fold and CT imaging showing inflammation in the heart. Two of the 41 cases reported, both critic", "author": {"name": "destinationCME", "url": "https://www.facebook.com/81386334083", "facebook_wall_name": "destinationCME", "image": "https://graph.facebook.com/81386334083/picture", "id_on_source": "81386334083"}}]}, "score": 36.1, "images": {"small": "https://badges.altmetric.com/?size=64&score=37&types=mttttttf", "medium": "https://badges.altmetric.com/?size=100&score=37&types=mttttttf", "large": "https://badges.altmetric.com/?size=180&score=37&types=mttttttf"}}