{"altmetric_id": 76749164, "counts": {"readers": {"mendeley": 0, "citeulike": 0, "connotea": 0}, "total": {"posts_count": 623}, "twitter": {"unique_users_count": 556, "posts_count": 619}, "wikipedia": {"unique_users_count": 1, "unique_users": ["en:63030231"], "posts_count": 1}, "facebook": {"unique_users_count": 1, "unique_users": ["156138711081599"], "posts_count": 1}, "reddit": {"unique_users_count": 1, "unique_users": ["CallieEnte"], "posts_count": 1}, "news": {"unique_users_count": 1, "unique_users": ["the_scientist_magazine"], "posts_count": 1}}, "citation": {"altmetric_jid": "4f6fa91d3cf058f61000d4bc", "authors": ["Hao Xu", "Liang Zhong", "Jiaxin Deng", "Jiakuan Peng", "Hongxia Dan", "Xin Zeng", "Taiwen Li", "Qianming Chen"], "doi": "10.1038/s41368-020-0074-x", "endpage": "5", "first_seen_on": "2020-02-27T15:28:17+00:00", "issns": ["1674-2818", "2049-3169"], "journal": "International journal of oral science", "last_mentioned_on": 1584531223, "links": ["https://www.nature.com/articles/s41368-020-0074-x?error=cookies_not_supported&code=9ae3bbfc-3451-4bd5-a06b-4658946791fb", "https://www.ncbi.nlm.nih.gov/pubmed/32094336", "https://www.nature.com/articles/s41368-020-0074-x?error=cookies_not_supported&code=108c6771-5862-45c4-8852-3ff11d7d5d83", "https://www.nature.com/articles/s41368-020-0074-x.epdf?shared_access_token=4X-5Ioj6Tz9u8dGX6Fusl9RgN0jAjWel9jnR3ZoTv0M1qCb2fjQMIG2hUoo7x-ov7Ht8PxAo59PhXFpVyzEHjvF17gx49kl53OCBy6xpW6-sHu2GnX1GQ2AZdvhexZJ6oqU6Ux0MEdCqUeTQSMfprg%3D%3D&error=cookies_not_supported&code=df187f32-867b-46c5-8e53-11140ff20bb8", "https://www.nature.com/articles/s41368-020-0074-x.pdf?error=cookies_not_supported&code=ad03767a-0fdb-4d21-a661-128062aeb568", "https://www.nature.com/articles/s41368-020-0074-x.epdf?shared_access_token=WiwHF9KerPjfdY9L4JNFr9RgN0jAjWel9jnR3ZoTv0M1qCb2fjQMIG2hUoo7x-ov7Ht8PxAo59PhXFpVyzEHjvF17gx49kl53OCBy6xpW6_UQzP28hpU8mTmbev7tRXWS0dsIeMFv6JthrKKUzJXMA%3D%3D&error=cookies_not_supported&code=2994a472-d7db-48d2-af98-15b1bb88d8c7", "https://www.nature.com/articles/s41368-020-0074-x?error=cookies_not_supported&code=0ecfe4a6-7795-4a83-a8e1-8ccacfe69f3f", "https://www.nature.com/articles/s41368-020-0074-x.epdf?shared_access_token=yPBL0OWtuWxE4dySdc1aiNRgN0jAjWel9jnR3ZoTv0M1qCb2fjQMIG2hUoo7x-ov7Ht8PxAo59PhXFpVyzEHjvF17gx49kl53OCBy6xpW6-dhqDNCjrr75_EQNuUjMSLl7JoAtPpuOqdEHfxq3Eh5Q%3D%3D&error=cookies_not_supported&code=23fbc882-de5c-472e-a569-8462c45c5524", "http://dx.doi.org/10.1038/s41368-020-0074-x", "https://www.ncbi.nlm.nih.gov/pmc/articles/PMC7039956", "https://www.nature.com/articles/s41368-020-0074-x.epdf?shared_access_token=BuCzfG_SnwmmyzXhLjGjUNRgN0jAjWel9jnR3ZoTv0M1qCb2fjQMIG2hUoo7x-ov7Ht8PxAo59PhXFpVyzEHjvF17gx49kl53OCBy6xpW6_-oVQvL52O4tNYDLl3UilwEaN7tGVaWwlbPvkUiAZabA%3D%3D&error=cookies_not_supported&code=2bb6d166-8947-46df-bf78-62cac73f58d3", "https://www.ncbi.nlm.nih.gov/pmc/articles/PMC7039956/", "https://www.nature.com/articles/s41368-020-0074-x?error=cookies_not_supported&code=0e5b9ea4-67ee-4227-bcc6-48080b864e09", "https://www.nature.com/articles/s41368-020-0074-x?error=cookies_not_supported&code=de97b8ee-89a0-4ab5-83a7-e1dbd0d04521"], "pdf_url": "https://www.nature.com/articles/s41368-020-0074-x.pdf", "pmid": "32094336", "pubdate": "2020-12-01T00:00:00+00:00", "epubdate": "2020-02-24T00:00:00+00:00", "startpage": "1", "title": "High expression of ACE2 receptor of 2019-nCoV on the epithelial cells of oral mucosa", "type": "article", "volume": "12"}, "altmetric_score": {"score": 466.45, "score_history": {"1y": 466.45, "6m": 466.45, "3m": 466.45, "1m": 466.45, "1w": 227.65, "6d": 107.5, "5d": 59.85, "4d": 47.9, "3d": 39.55, "2d": 36.7, "1d": 15.7, "at": 466.45}, "context_for_score": {"all": {"total_number_of_other_articles": 14518879, "mean": 8.4683023477339, "rank": 21691, "this_scored_higher_than_pct": 99, "this_scored_higher_than": 14497211, "rank_type": "exact", "sample_size": 14518879, "percentile": 99}, "similar_age_3m": {"total_number_of_other_articles": 162163, "mean": 14.39322306089, "rank": 553, "this_scored_higher_than_pct": 99, "this_scored_higher_than": 161610, "rank_type": "exact", "sample_size": 162163, "percentile": 99}, "this_journal": {"total_number_of_other_articles": 157, "mean": 5.305641025641, "rank": 1, "this_scored_higher_than_pct": 99, "this_scored_higher_than": 156, "rank_type": "exact", "sample_size": 157, "percentile": 99}, "similar_age_this_journal_3m": {"total_number_of_other_articles": 1, "mean": 0, "rank": 1, "this_scored_higher_than_pct": 1, "this_scored_higher_than": 0, "rank_type": "exact", "sample_size": 1, "percentile": 1}}}, "demographics": {"poster_types": {"member_of_the_public": 507, "researcher": 26, "practitioner": 15, "science_communicator": 8}, "users": {"twitter": {"cohorts": {"Members of the public": 507, "Scientists": 26, "Science communicators (journalists, bloggers, editors)": 8, "Practitioners (doctors, other healthcare professionals)": 15}}}, "geo": {"twitter": {"US": 24, "FR": 5, "IR": 3, "GB": 8, "TH": 2, "UY": 1, "AU": 3, "AT": 7, "DE": 33, "LT": 1, "EE": 1, "CH": 2, "IT": 2, "ZA": 1, "IE": 1, "CA": 2, "JP": 74, "PH": 1, "EC": 23, "VE": 1, "ES": 8, "TR": 3, "CL": 5, "AR": 3, "PL": 5, "NL": 3, "PE": 1, "MX": 10, "CI": 1, "CN": 1, "MK": 1, "CO": 1, "SY": 1, "KR": 1, "SD": 1}}}, "posts": {"twitter": [{"license": "gnip", "citation_ids": [76749164], "author": {"tweeter_id": "1431031490"}, "tweet_id": "1233045616604909570"}, {"license": "gnip", "citation_ids": [76749164], "author": {"tweeter_id": "1099494762296397824"}, "tweet_id": "1233099099580354561"}, {"license": "gnip", "citation_ids": [76749164], "author": {"tweeter_id": "937934906663096321"}, "tweet_id": "1233244302396002306"}, {"license": "gnip", "citation_ids": [76749164], "author": {"tweeter_id": "774672727076724738"}, "tweet_id": "1233339285140623361"}, {"license": "gnip", "citation_ids": [76749164], "author": {"tweeter_id": "4428954449"}, "tweet_id": "1233384146002731008"}, {"license": "gnip", "citation_ids": [76749164], "author": {"tweeter_id": "1035987539251871744"}, "tweet_id": "1233406733328015360"}, {"license": "gnip", "citation_ids": [76749164], "author": {"tweeter_id": "2242803776"}, "tweet_id": "1233407069295988736"}, {"license": "gnip", "citation_ids": [76749164], "author": {"tweeter_id": "1214292235266584576"}, "tweet_id": "1233408364354441219"}, {"license": "gnip", "citation_ids": [76749164], "author": {"tweeter_id": "14320465"}, "tweet_id": "1233507398360477697"}, {"license": "gnip", "citation_ids": [76749164], "author": {"tweeter_id": "1229195556750270464"}, "tweet_id": "1233630158063534080"}, {"license": "gnip", "citation_ids": [76749164], "author": {"tweeter_id": "1222041028384841729"}, "tweet_id": "1233701874106130432"}, {"license": "gnip", "citation_ids": [76749164], "author": {"tweeter_id": "1222041028384841729"}, "tweet_id": "1233702118202040325"}, {"license": "gnip", "citation_ids": [76749164], "author": {"tweeter_id": "1225986156015374337"}, "tweet_id": "1233777952388796416"}, {"license": "gnip", "citation_ids": [76749164], "author": {"tweeter_id": "1225986156015374337"}, "tweet_id": "1233780066888376320"}, {"license": "gnip", "citation_ids": [76749164], "author": {"tweeter_id": "1225986156015374337"}, "tweet_id": "1233780332064886785"}, {"license": "gnip", "citation_ids": [76749164], "author": {"tweeter_id": "1225986156015374337"}, "tweet_id": "1233781186398429187"}, {"license": "gnip", "citation_ids": [76749164], "author": {"tweeter_id": "1225986156015374337"}, "tweet_id": "1233781728726208513"}, {"license": "gnip", "citation_ids": [76749164], "author": {"tweeter_id": "1225986156015374337"}, "tweet_id": "1233782392000741376"}, {"license": "gnip", "citation_ids": [76749164], "author": {"tweeter_id": "1225986156015374337"}, "tweet_id": "1233782997935063040"}, {"license": "gnip", "citation_ids": [76749164], "author": {"tweeter_id": "1225986156015374337"}, "tweet_id": "1233783308624027648"}, {"license": "gnip", "citation_ids": [76749164], "author": {"tweeter_id": "1225986156015374337"}, "tweet_id": "1233783631602233345"}, {"license": "gnip", "citation_ids": [76749164], "author": {"tweeter_id": "1225986156015374337"}, "tweet_id": "1233783932094734337"}, {"license": "gnip", "citation_ids": [76749164], "author": {"tweeter_id": "726803531433385985"}, "tweet_id": "1233829696011427841"}, {"license": "gnip", "citation_ids": [76749164], "author": {"tweeter_id": "726803531433385985"}, "tweet_id": "1233829921199460352"}, {"license": "gnip", "citation_ids": [76749164], "author": {"tweeter_id": "726803531433385985"}, "tweet_id": "1233837058755584000"}, {"license": "gnip", "citation_ids": [76749164], "author": {"tweeter_id": "1228039433464664064"}, "tweet_id": "1233854932660322305"}, {"license": "gnip", "citation_ids": [76749164], "author": {"tweeter_id": "50347501"}, "tweet_id": "1233855713367060480"}, {"license": "gnip", "citation_ids": [76749164], "author": {"tweeter_id": "999116596781113344"}, "tweet_id": "1233941391463473152"}, {"license": "gnip", "citation_ids": [76749164], "author": {"tweeter_id": "776461182970494976"}, "tweet_id": "1234013646151307264"}, {"license": "gnip", "citation_ids": [76749164], "author": {"tweeter_id": "990470482104221697"}, "tweet_id": "1234017684855181312"}, {"license": "gnip", "citation_ids": [76749164], "author": {"tweeter_id": "1067462121825292288"}, "tweet_id": "1234030668830662658"}, {"license": "gnip", "citation_ids": [76749164], "author": {"tweeter_id": "1067462121825292288"}, "tweet_id": "1234030782936686593"}, {"license": "gnip", "citation_ids": [76749164], "author": {"tweeter_id": "2765750460"}, "tweet_id": "1234030937991761920"}, {"license": "gnip", "citation_ids": [76749164], "author": {"tweeter_id": "567953103"}, "tweet_id": "1234031577509879808"}, {"license": "gnip", "citation_ids": [76749164], "author": {"tweeter_id": "1143039246"}, "tweet_id": "1234031625329135616"}, {"license": "gnip", "citation_ids": [76749164], "author": {"tweeter_id": "942488598313566208"}, "tweet_id": "1234031632069398528"}, {"license": "gnip", "citation_ids": [76749164], "author": {"tweeter_id": "220063464"}, "tweet_id": "1234032212028334080"}, {"license": "gnip", "citation_ids": [76749164], "author": {"tweeter_id": "816717166900809729"}, "tweet_id": "1234032345973448715"}, {"license": "gnip", "citation_ids": [76749164], "author": {"tweeter_id": "253010441"}, "tweet_id": "1234033067662204928"}, {"license": "gnip", "citation_ids": [76749164], "author": {"tweeter_id": "1139454839493222400"}, "tweet_id": "1234033531665428482"}, {"license": "gnip", "citation_ids": [76749164], "author": {"tweeter_id": "53020456"}, "tweet_id": "1234033791527608326"}, {"license": "gnip", "citation_ids": [76749164], "author": {"tweeter_id": "292840680"}, "tweet_id": "1234033978233016320"}, {"license": "gnip", "citation_ids": [76749164], "author": {"tweeter_id": "1062305852575625216"}, "tweet_id": "1234034245829615616"}, {"license": "gnip", "citation_ids": [76749164], "author": {"tweeter_id": "841783724584910848"}, "tweet_id": "1234035977158569985"}, {"license": "gnip", "citation_ids": [76749164], "author": {"tweeter_id": "875271962"}, "tweet_id": "1234036376661889026"}, {"license": "gnip", "citation_ids": [76749164], "author": {"tweeter_id": "1041636603548954624"}, "tweet_id": "1234036407301214208"}, {"license": "gnip", "citation_ids": [76749164], "author": {"tweeter_id": "898821829862858752"}, "tweet_id": "1234036414620278784"}, {"license": "gnip", "citation_ids": [76749164], "author": {"tweeter_id": "3053231578"}, "tweet_id": "1234036450171199488"}, {"license": "gnip", "citation_ids": [76749164], "author": {"tweeter_id": "884843005198422017"}, "tweet_id": "1234036808436068358"}, {"license": "gnip", "citation_ids": [76749164], "author": {"tweeter_id": "98108806"}, "tweet_id": "1234038247074025472"}, {"license": "gnip", "citation_ids": [76749164], "author": {"tweeter_id": "4511341"}, "tweet_id": "1234040219181178880"}, {"license": "gnip", "citation_ids": [76749164], "author": {"tweeter_id": "407640982"}, "tweet_id": "1234041181480206336"}, {"license": "gnip", "citation_ids": [76749164], "author": {"tweeter_id": "1299689982"}, "tweet_id": "1234041395754782720"}, {"license": "gnip", "citation_ids": [76749164], "author": {"tweeter_id": "964520323981987840"}, "tweet_id": "1234041854376783872"}, {"license": "gnip", "citation_ids": [76749164], "author": {"tweeter_id": "825726509595951104"}, "tweet_id": "1234042440543358982"}, {"license": "gnip", "citation_ids": [76749164], "author": {"tweeter_id": "1172809533422493696"}, "tweet_id": "1234042543375077376"}, {"license": "gnip", "citation_ids": [76749164], "author": {"tweeter_id": "107431753"}, "tweet_id": "1234042586609995776"}, {"license": "gnip", "citation_ids": [76749164], "author": {"tweeter_id": "2763427354"}, "tweet_id": "1234044366043439105"}, {"license": "gnip", "citation_ids": [76749164], "author": {"tweeter_id": "2165326617"}, "tweet_id": "1234044955280191490"}, {"license": "gnip", "citation_ids": [76749164], "author": {"tweeter_id": "1013805067315621888"}, "tweet_id": "1234045170439598080"}, {"license": "gnip", "citation_ids": [76749164], "author": {"tweeter_id": "937112172"}, "tweet_id": "1234046289760878593"}, {"license": "gnip", "citation_ids": [76749164], "author": {"tweeter_id": "953740168095240193"}, "tweet_id": "1234048196239921153"}, {"license": "gnip", "citation_ids": [76749164], "author": {"tweeter_id": "1018140162935676928"}, "tweet_id": "1234048239776784385"}, {"license": "gnip", "citation_ids": [76749164], "author": {"tweeter_id": "1718189328"}, "tweet_id": "1234050300782284801"}, {"license": "gnip", "citation_ids": [76749164], "author": {"tweeter_id": "1179912283260104704"}, "tweet_id": "1234051263542824960"}, {"license": "gnip", "citation_ids": [76749164], "author": {"tweeter_id": "1182667613018775556"}, "tweet_id": "1234051336431448064"}, {"license": "gnip", "citation_ids": [76749164], "author": {"tweeter_id": "1478323598"}, "tweet_id": "1234052043821678592"}, {"license": "gnip", "citation_ids": [76749164], "author": {"tweeter_id": "1946244720"}, "tweet_id": "1234058118482530304"}, {"license": "gnip", "citation_ids": [76749164], "author": {"tweeter_id": "935105610319912961"}, "tweet_id": "1234058124052574209"}, {"license": "gnip", "citation_ids": [76749164], "author": {"tweeter_id": "1011171248183836672"}, "tweet_id": "1234058664950018053"}, {"license": "gnip", "citation_ids": [76749164], "author": {"tweeter_id": "3293276152"}, "tweet_id": "1234059684954415106"}, {"license": "gnip", "citation_ids": [76749164], "author": {"tweeter_id": "1038169542399348736"}, "tweet_id": "1234061112917790722"}, {"license": "gnip", "citation_ids": [76749164], "author": {"tweeter_id": "54982930"}, "tweet_id": "1234061466497667074"}, {"license": "gnip", "citation_ids": [76749164], "author": {"tweeter_id": "550387445"}, "tweet_id": "1234061842261184513"}, {"license": "gnip", "citation_ids": [76749164], "author": {"tweeter_id": "720022249"}, "tweet_id": "1234062403891081217"}, {"license": "gnip", "citation_ids": [76749164], "author": {"tweeter_id": "989716693"}, "tweet_id": "1234062706090676227"}, {"license": "gnip", "citation_ids": [76749164], "author": {"tweeter_id": "328123921"}, "tweet_id": "1234062783924363264"}, {"license": "gnip", "citation_ids": [76749164], "author": {"tweeter_id": "751165320421933056"}, "tweet_id": "1234065220903088128"}, {"license": "gnip", "citation_ids": [76749164], "author": {"tweeter_id": "3320978003"}, "tweet_id": "1234065356890791936"}, {"license": "gnip", "citation_ids": [76749164], "author": {"tweeter_id": "491333541"}, "tweet_id": "1234066471569051648"}, {"license": "gnip", "citation_ids": [76749164], "author": {"tweeter_id": "1121478593618554880"}, "tweet_id": "1234067612579090434"}, {"license": "gnip", "citation_ids": [76749164], "author": {"tweeter_id": "829341764603482112"}, "tweet_id": "1234068559191511040"}, {"license": "gnip", "citation_ids": [76749164], "author": {"tweeter_id": "23105702"}, "tweet_id": "1234070331876347906"}, {"license": "gnip", "citation_ids": [76749164], "author": {"tweeter_id": "3184813132"}, "tweet_id": "1234071070442999808"}, {"license": "gnip", "citation_ids": [76749164], "author": {"tweeter_id": "4875989043"}, "tweet_id": "1234071654730477568"}, {"license": "gnip", "citation_ids": [76749164], "author": {"tweeter_id": "820209754912030720"}, "tweet_id": "1234075138808741888"}, {"license": "gnip", "citation_ids": [76749164], "author": {"tweeter_id": "971344694591610881"}, "tweet_id": "1234076851435380742"}, {"license": "gnip", "citation_ids": [76749164], "author": {"tweeter_id": "28581911"}, "tweet_id": "1234077877664088065"}, {"license": "gnip", "citation_ids": [76749164], "author": {"tweeter_id": "819313447040995328"}, "tweet_id": "1234078288194174978"}, {"license": "gnip", "citation_ids": [76749164], "author": {"tweeter_id": "1136931957307297792"}, "tweet_id": "1234079921170939904"}, {"license": "gnip", "citation_ids": [76749164], "author": {"tweeter_id": "929714437367500800"}, "tweet_id": "1234085021763489792"}, {"license": "gnip", "citation_ids": [76749164], "author": {"tweeter_id": "3362871814"}, "tweet_id": "1234085276139438080"}, {"license": "gnip", "citation_ids": [76749164], "author": {"tweeter_id": "1216765071956856832"}, "tweet_id": "1234087200226148353"}, {"license": "gnip", "citation_ids": [76749164], "author": {"tweeter_id": "1043106648229859328"}, "tweet_id": "1234090337142005760"}, {"license": "gnip", "citation_ids": [76749164], "author": {"tweeter_id": "848944659162419200"}, "tweet_id": "1234090616486797313"}, {"license": "gnip", "citation_ids": [76749164], "author": {"tweeter_id": "1006267924561252355"}, "tweet_id": "1234092483962953728"}, {"license": "gnip", "citation_ids": [76749164], "author": {"tweeter_id": "995785072602222595"}, "tweet_id": "1234093730359136258"}, {"license": "gnip", "citation_ids": [76749164], "author": {"tweeter_id": "955745235493179392"}, "tweet_id": "1234099976663445504"}, {"license": "gnip", "citation_ids": [76749164], "author": {"tweeter_id": "908771716297576454"}, "tweet_id": "1234104406741790721"}, {"license": "gnip", "citation_ids": [76749164], "author": {"tweeter_id": "1200175721886420993"}, "tweet_id": "1234108067219939329"}, {"license": "gnip", "citation_ids": [76749164], "author": {"tweeter_id": "1049970365257175041"}, "tweet_id": "1234109361615769600"}, {"license": "gnip", "citation_ids": [76749164], "author": {"tweeter_id": "1119922741"}, "tweet_id": "1234110119182585857"}, {"license": "gnip", "citation_ids": [76749164], "author": {"tweeter_id": "1118605133837938688"}, "tweet_id": "1234113222162239488"}, {"license": "gnip", "citation_ids": [76749164], "author": {"tweeter_id": "1956773438"}, "tweet_id": "1234115996081905665"}, {"license": "gnip", "citation_ids": [76749164], "author": {"tweeter_id": "91571631"}, "tweet_id": "1234119081491648512"}, {"license": "gnip", "citation_ids": [76749164], "author": {"tweeter_id": "1025460881495343104"}, "tweet_id": "1234121598606696448"}, {"license": "gnip", "citation_ids": [76749164], "author": {"tweeter_id": "934105328140120064"}, "tweet_id": "1234123114004516864"}, {"license": "gnip", "citation_ids": [76749164], "author": {"tweeter_id": "300423016"}, "tweet_id": "1234144990445608965"}, {"license": "gnip", "citation_ids": [76749164], "author": {"tweeter_id": "818497523727953920"}, "tweet_id": "1234148280411545602"}, {"license": "gnip", "citation_ids": [76749164], "author": {"tweeter_id": "1171534146415415296"}, "tweet_id": "1234149288063782915"}, {"license": "gnip", "citation_ids": [76749164], "author": {"tweeter_id": "715286343023267841"}, "tweet_id": "1234149693887844352"}, {"license": "gnip", "citation_ids": [76749164], "author": {"tweeter_id": "3095645451"}, "tweet_id": "1234159849354801159"}, {"license": "gnip", "citation_ids": [76749164], "author": {"tweeter_id": "1009388027851010050"}, "tweet_id": "1234161270405959686"}, {"license": "gnip", "citation_ids": [76749164], "author": {"tweeter_id": "170440777"}, "tweet_id": "1234170250884718593"}, {"license": "gnip", "citation_ids": [76749164], "author": {"tweeter_id": "1148310280444829701"}, "tweet_id": "1234183527454953474"}, {"license": "gnip", "citation_ids": [76749164], "author": {"tweeter_id": "800967760989880321"}, "tweet_id": "1234189298372694020"}, {"license": "gnip", "citation_ids": [76749164], "author": {"tweeter_id": "402178784"}, "tweet_id": "1234201371076964352"}, {"license": "gnip", "citation_ids": [76749164], "author": {"tweeter_id": "1032698572142206977"}, "tweet_id": "1234209845928169474"}, {"license": "gnip", "citation_ids": [76749164], "author": {"tweeter_id": "3258574528"}, "tweet_id": "1234218115136921604"}, {"license": "gnip", "citation_ids": [76749164], "author": {"tweeter_id": "2910773008"}, "tweet_id": "1234220473048879105"}, {"license": "gnip", "citation_ids": [76749164], "author": {"tweeter_id": "77479772"}, "tweet_id": "1234228904019271680"}, {"license": "gnip", "citation_ids": [76749164], "author": {"tweeter_id": "43946442"}, "tweet_id": "1234236810831724544"}, {"license": "gnip", "citation_ids": [76749164], "author": {"tweeter_id": "779688753212297217"}, "tweet_id": "1234241581449912320"}, {"license": "gnip", "citation_ids": [76749164], "author": {"tweeter_id": "868211354234232832"}, "tweet_id": "1234241853983272960"}, {"license": "gnip", "citation_ids": [76749164], "author": {"tweeter_id": "382248824"}, "tweet_id": "1234308010207596544"}, {"license": "gnip", "citation_ids": [76749164], "author": {"tweeter_id": "488138009"}, "tweet_id": "1234352195837014016"}, {"license": "gnip", "citation_ids": [76749164], "author": {"tweeter_id": "718039014922711040"}, "tweet_id": "1234393176523313153"}, {"license": "gnip", "citation_ids": [76749164], "author": {"tweeter_id": "64410149"}, "tweet_id": "1234394076092469253"}, {"license": "gnip", "citation_ids": [76749164], "author": {"tweeter_id": "1369691534"}, "tweet_id": "1234408484432539648"}, {"license": "gnip", "citation_ids": [76749164], "author": {"tweeter_id": "131098665"}, "tweet_id": "1234440108884934656"}, {"license": "gnip", "citation_ids": [76749164], "author": {"tweeter_id": "90871054"}, "tweet_id": "1234440763414499328"}, {"license": "gnip", "citation_ids": [76749164], "author": {"tweeter_id": "700892650812014592"}, "tweet_id": "1234441541822713857"}, {"license": "gnip", "citation_ids": [76749164], "author": {"tweeter_id": "714300379"}, "tweet_id": "1234441978009440258"}, {"license": "gnip", "citation_ids": [76749164], "author": {"tweeter_id": "3041787258"}, "tweet_id": "1234443207074668546"}, {"license": "gnip", "citation_ids": [76749164], "author": {"tweeter_id": "719867857144791040"}, "tweet_id": "1234445203987222528"}, {"license": "gnip", "citation_ids": [76749164], "author": {"tweeter_id": "2754371286"}, "tweet_id": "1234454514511400960"}, {"license": "gnip", "citation_ids": [76749164], "author": {"tweeter_id": "130446988"}, "tweet_id": "1234473636519645184"}, {"license": "gnip", "citation_ids": [76749164], "author": {"tweeter_id": "3139934946"}, "tweet_id": "1234473774696681472"}, {"license": "gnip", "citation_ids": [76749164], "author": {"tweeter_id": "1654367618"}, "tweet_id": "1234473919941206019"}, {"license": "gnip", "citation_ids": [76749164], "author": {"tweeter_id": "316125467"}, "tweet_id": "1234474380681367553"}, {"license": "gnip", "citation_ids": [76749164], "author": {"tweeter_id": "635305869"}, "tweet_id": "1234475152525520896"}, {"license": "gnip", "citation_ids": [76749164], "author": {"tweeter_id": "728399135192195072"}, "tweet_id": "1234476338087526401"}, {"license": "gnip", "citation_ids": [76749164], "author": {"tweeter_id": "88164939"}, "tweet_id": "1234476799196721153"}, {"license": "gnip", "citation_ids": [76749164], "author": {"tweeter_id": "1217436277600948224"}, "tweet_id": "1234476837599764482"}, {"license": "gnip", "citation_ids": [76749164], "author": {"tweeter_id": "304807165"}, "tweet_id": "1234477182103117824"}, {"license": "gnip", "citation_ids": [76749164], "author": {"tweeter_id": "265364346"}, "tweet_id": "1234477753300344834"}, {"license": "gnip", "citation_ids": [76749164], "author": {"tweeter_id": "164607501"}, "tweet_id": "1234477892236525570"}, {"license": "gnip", "citation_ids": [76749164], "author": {"tweeter_id": "292070419"}, "tweet_id": "1234478224832266241"}, {"license": "gnip", "citation_ids": [76749164], "author": {"tweeter_id": "717632660"}, "tweet_id": "1234478349579214848"}, {"license": "gnip", "citation_ids": [76749164], "author": {"tweeter_id": "418392978"}, "tweet_id": "1234479949345521664"}, {"license": "gnip", "citation_ids": [76749164], "author": {"tweeter_id": "423135966"}, "tweet_id": "1234480424581136385"}, {"license": "gnip", "citation_ids": [76749164], "author": {"tweeter_id": "1315245109"}, "tweet_id": "1234480874516692992"}, {"license": "gnip", "citation_ids": [76749164], "author": {"tweeter_id": "265158017"}, "tweet_id": "1234482971517706240"}, {"license": "gnip", "citation_ids": [76749164], "author": {"tweeter_id": "265158017"}, "tweet_id": "1234483974103126016"}, {"license": "gnip", "citation_ids": [76749164], "author": {"tweeter_id": "265994926"}, "tweet_id": "1234485512758390784"}, {"license": "gnip", "citation_ids": [76749164], "author": {"tweeter_id": "1240903854"}, "tweet_id": "1234485929298944002"}, {"license": "gnip", "citation_ids": [76749164], "author": {"tweeter_id": "264571453"}, "tweet_id": "1234487758686543872"}, {"license": "gnip", "citation_ids": [76749164], "author": {"tweeter_id": "138068292"}, "tweet_id": "1234489647582986246"}, {"license": "gnip", "citation_ids": [76749164], "author": {"tweeter_id": "2355264440"}, "tweet_id": "1234498236875804677"}, {"license": "gnip", "citation_ids": [76749164], "author": {"tweeter_id": "1113374552"}, "tweet_id": "1234500952364707841"}, {"license": "gnip", "citation_ids": [76749164], "author": {"tweeter_id": "296284529"}, "tweet_id": "1234506569796046850"}, {"license": "gnip", "citation_ids": [76749164], "author": {"tweeter_id": "4221749538"}, "tweet_id": "1234508943142998016"}, {"license": "gnip", "citation_ids": [76749164], "author": {"tweeter_id": "255370075"}, "tweet_id": "1234510746936999936"}, {"license": "gnip", "citation_ids": [76749164], "author": {"tweeter_id": "97741699"}, "tweet_id": "1234515233093238784"}, {"license": "gnip", "citation_ids": [76749164], "author": {"tweeter_id": "1231496142250102784"}, "tweet_id": "1234517058991214592"}, {"license": "gnip", "citation_ids": [76749164], "author": {"tweeter_id": "113979117"}, "tweet_id": "1234522429650866178"}, {"license": "gnip", "citation_ids": [76749164], "author": {"tweeter_id": "273519696"}, "tweet_id": "1234522802478186496"}, {"license": "gnip", "citation_ids": [76749164], "author": {"tweeter_id": "2789189738"}, "tweet_id": "1234525602259976192"}, {"license": "gnip", "citation_ids": [76749164], "author": {"tweeter_id": "2339741749"}, "tweet_id": "1234526982643208195"}, {"license": "gnip", "citation_ids": [76749164], "author": {"tweeter_id": "403713633"}, "tweet_id": "1234539027778265088"}, {"license": "gnip", "citation_ids": [76749164], "author": {"tweeter_id": "106552737"}, "tweet_id": "1234556719298039808"}, {"license": "gnip", "citation_ids": [76749164], "author": {"tweeter_id": "1703543173"}, "tweet_id": "1234570573986115584"}, {"license": "gnip", "citation_ids": [76749164], "author": {"tweeter_id": "2882801852"}, "tweet_id": "1234586668016947200"}, {"license": "gnip", "citation_ids": [76749164], "author": {"tweeter_id": "282735722"}, "tweet_id": "1234589218900283392"}, {"license": "gnip", "citation_ids": [76749164], "author": {"tweeter_id": "462021312"}, "tweet_id": "1234589745650569223"}, {"license": "gnip", "citation_ids": [76749164], "author": {"tweeter_id": "120900961"}, "tweet_id": "1234594465722953728"}, {"license": "gnip", "citation_ids": [76749164], "author": {"tweeter_id": "388930806"}, "tweet_id": "1234595907951185920"}, {"license": "gnip", "citation_ids": [76749164], "author": {"tweeter_id": "134349808"}, "tweet_id": "1234597432480059392"}, {"license": "gnip", "citation_ids": [76749164], "author": {"tweeter_id": "309727490"}, "tweet_id": "1234613001241726977"}, {"license": "gnip", "citation_ids": [76749164], "author": {"tweeter_id": "2237702652"}, "tweet_id": "1234618442289831937"}, {"license": "gnip", "citation_ids": [76749164], "author": {"tweeter_id": "2923411878"}, "tweet_id": "1234619121855131648"}, {"license": "gnip", "citation_ids": [76749164], "author": {"tweeter_id": "715854289189662720"}, "tweet_id": "1234620215863934977"}, {"license": "gnip", "citation_ids": [76749164], "author": {"tweeter_id": "371140414"}, "tweet_id": "1234622345089708032"}, {"license": "gnip", "citation_ids": [76749164], "author": {"tweeter_id": "393210624"}, "tweet_id": "1234629212557828096"}, {"license": "gnip", "citation_ids": [76749164], "author": {"tweeter_id": "264476881"}, "tweet_id": "1234632539093946368"}, {"license": "gnip", "citation_ids": [76749164], "author": {"tweeter_id": "120391587"}, "tweet_id": "1234633052891971584"}, {"license": "gnip", "citation_ids": [76749164], "author": {"tweeter_id": "1911427778"}, "tweet_id": "1234637812269379584"}, {"license": "gnip", "citation_ids": [76749164], "author": {"tweeter_id": "86840926"}, "tweet_id": "1234640952813244416"}, {"license": "gnip", "citation_ids": [76749164], "author": {"tweeter_id": "147778233"}, "tweet_id": "1234641447816577024"}, {"license": "gnip", "citation_ids": [76749164], "author": {"tweeter_id": "113386520"}, "tweet_id": "1234660669380673536"}, {"license": "gnip", "citation_ids": [76749164], "author": {"tweeter_id": "103755640"}, "tweet_id": "1234672094878654464"}, {"license": "gnip", "citation_ids": [76749164], "author": {"tweeter_id": "1303774850"}, "tweet_id": "1234673331959263234"}, {"license": "gnip", "citation_ids": [76749164], "author": {"tweeter_id": "75222243"}, "tweet_id": "1234673753721692160"}, {"license": "gnip", "citation_ids": [76749164], "author": {"tweeter_id": "1002211477355311105"}, "tweet_id": "1234673810000867331"}, {"license": "gnip", "citation_ids": [76749164], "author": {"tweeter_id": "82957653"}, "tweet_id": "1234676032684187648"}, {"license": "gnip", "citation_ids": [76749164], "author": {"tweeter_id": "121717857"}, "tweet_id": "1234681976776323076"}, {"license": "gnip", "citation_ids": [76749164], "author": {"tweeter_id": "2915719585"}, "tweet_id": "1234683687800696832"}, {"license": "gnip", "citation_ids": [76749164], "author": {"tweeter_id": "191808511"}, "tweet_id": "1234687976803749888"}, {"license": "gnip", "citation_ids": [76749164], "author": {"tweeter_id": "891084106095710208"}, "tweet_id": "1234707680956055555"}, {"license": "gnip", "citation_ids": [76749164], "author": {"tweeter_id": "780952225"}, "tweet_id": "1234712697159073802"}, {"license": "gnip", "citation_ids": [76749164], "author": {"tweeter_id": "347001022"}, "tweet_id": "1234714186846023680"}, {"license": "gnip", "citation_ids": [76749164], "author": {"tweeter_id": "336117114"}, "tweet_id": "1234716018272063494"}, {"license": "gnip", "citation_ids": [76749164], "author": {"tweeter_id": "2175376556"}, "tweet_id": "1234719581828198402"}, {"license": "gnip", "citation_ids": [76749164], "author": {"tweeter_id": "1135551819906736128"}, "tweet_id": "1234719693958762502"}, {"license": "gnip", "citation_ids": [76749164], "author": {"tweeter_id": "302026759"}, "tweet_id": "1234722842018828288"}, {"license": "gnip", "citation_ids": [76749164], "author": {"tweeter_id": "143031868"}, "tweet_id": "1234726085247455234"}, {"license": "gnip", "citation_ids": [76749164], "author": {"tweeter_id": "553947780"}, "tweet_id": "1234729751853588481"}, {"license": "gnip", "citation_ids": [76749164], "author": {"tweeter_id": "2651658775"}, "tweet_id": "1234731981872803840"}, {"license": "gnip", "citation_ids": [76749164], "author": {"tweeter_id": "65911127"}, "tweet_id": "1234738117455892480"}, {"license": "gnip", "citation_ids": [76749164], "author": {"tweeter_id": "24911091"}, "tweet_id": "1234751993354256387"}, {"license": "gnip", "citation_ids": [76749164], "author": {"tweeter_id": "169348602"}, "tweet_id": "1234752320174317568"}, {"license": "gnip", "citation_ids": [76749164], "author": {"tweeter_id": "394927257"}, "tweet_id": "1234754000790134784"}, {"license": "gnip", "citation_ids": [76749164], "author": {"tweeter_id": "1078875322421002240"}, "tweet_id": "1234756447931654144"}, {"license": "gnip", "citation_ids": [76749164], "author": {"tweeter_id": "3143507582"}, "tweet_id": "1234759892881178629"}, {"license": "gnip", "citation_ids": [76749164], "author": {"tweeter_id": "1953190801"}, "tweet_id": "1234768198290960384"}, {"license": "gnip", "citation_ids": [76749164], "author": {"tweeter_id": "251701514"}, "tweet_id": "1234780699166728192"}, {"license": "gnip", "citation_ids": [76749164], "author": {"tweeter_id": "4123212741"}, "tweet_id": "1234781766747119616"}, {"license": "gnip", "citation_ids": [76749164], "author": {"tweeter_id": "3030824855"}, "tweet_id": "1234787093471207424"}, {"license": "gnip", "citation_ids": [76749164], "author": {"tweeter_id": "539982565"}, "tweet_id": "1234789486950785025"}, {"license": "gnip", "citation_ids": [76749164], "author": {"tweeter_id": "3343984930"}, "tweet_id": "1234789679733579776"}, {"license": "gnip", "citation_ids": [76749164], "author": {"tweeter_id": "722355487937863681"}, "tweet_id": "1234795647380992001"}, {"license": "gnip", "citation_ids": [76749164], "author": {"tweeter_id": "1906429304"}, "tweet_id": "1234798528393814017"}, {"license": "gnip", "citation_ids": [76749164], "author": {"tweeter_id": "210538986"}, "tweet_id": "1234804379640893441"}, {"license": "gnip", "citation_ids": [76749164], "author": {"tweeter_id": "417464532"}, "tweet_id": "1234804530287665153"}, {"license": "gnip", "citation_ids": [76749164], "author": {"tweeter_id": "345168227"}, "tweet_id": "1234804742162960385"}, {"license": "gnip", "citation_ids": [76749164], "author": {"tweeter_id": "3018708515"}, "tweet_id": "1234808903512338432"}, {"license": "gnip", "citation_ids": [76749164], "author": {"tweeter_id": "182178209"}, "tweet_id": "1234814616464711686"}, {"license": "gnip", "citation_ids": [76749164], "author": {"tweeter_id": "508161498"}, "tweet_id": "1234815172981772288"}, {"license": "gnip", "citation_ids": [76749164], "author": {"tweeter_id": "224482455"}, "tweet_id": "1234818495574986752"}, {"license": "gnip", "citation_ids": [76749164], "author": {"tweeter_id": "1472586673"}, "tweet_id": "1234825694888316928"}, {"license": "gnip", "citation_ids": [76749164], "author": {"tweeter_id": "363300139"}, "tweet_id": "1234825803575095298"}, {"license": "gnip", "citation_ids": [76749164], "author": {"tweeter_id": "121831914"}, "tweet_id": "1234833691320442880"}, {"license": "gnip", "citation_ids": [76749164], "author": {"tweeter_id": "356196422"}, "tweet_id": "1234835396468461569"}, {"license": "gnip", "citation_ids": [76749164], "author": {"tweeter_id": "353388792"}, "tweet_id": "1234835788812161026"}, {"license": "gnip", "citation_ids": [76749164], "author": {"tweeter_id": "268971045"}, "tweet_id": "1234836025274511362"}, {"license": "gnip", "citation_ids": [76749164], "author": {"tweeter_id": "2744672297"}, "tweet_id": "1234836910549454848"}, {"license": "gnip", "citation_ids": [76749164], "author": {"tweeter_id": "493925386"}, "tweet_id": "1234843781939286017"}, {"license": "gnip", "citation_ids": [76749164], "author": {"tweeter_id": "374084157"}, "tweet_id": "1234845786166439936"}, {"license": "gnip", "citation_ids": [76749164], "author": {"tweeter_id": "1001656980115722240"}, "tweet_id": "1234847330521747457"}, {"license": "gnip", "citation_ids": [76749164], "author": {"tweeter_id": "117438862"}, "tweet_id": "1234853780988071945"}, {"license": "gnip", "citation_ids": [76749164], "author": {"tweeter_id": "131517569"}, "tweet_id": "1234856486855225344"}, {"license": "gnip", "citation_ids": [76749164], "author": {"tweeter_id": "992445516"}, "tweet_id": "1234862090692767744"}, {"license": "gnip", "citation_ids": [76749164], "author": {"tweeter_id": "244574766"}, "tweet_id": "1234863500872343555"}, {"license": "gnip", "citation_ids": [76749164], "author": {"tweeter_id": "128934857"}, "tweet_id": "1234866366823399424"}, {"license": "gnip", "citation_ids": [76749164], "author": {"tweeter_id": "75309207"}, "tweet_id": "1234870604097966081"}, {"license": "gnip", "citation_ids": [76749164], "author": {"tweeter_id": "3330134685"}, "tweet_id": "1234877128849731584"}, {"license": "gnip", "citation_ids": [76749164], "author": {"tweeter_id": "270256755"}, "tweet_id": "1234877323058581505"}, {"license": "gnip", "citation_ids": [76749164], "author": {"tweeter_id": "1177298850744274945"}, "tweet_id": "1234889878405623809"}, {"license": "gnip", "citation_ids": [76749164], "author": {"tweeter_id": "379488356"}, "tweet_id": "1234936276048019457"}, {"license": "gnip", "citation_ids": [76749164], "author": {"tweeter_id": "1113830622185832453"}, "tweet_id": "1234950984696238080"}, {"license": "gnip", "citation_ids": [76749164], "author": {"tweeter_id": "873470215006433281"}, "tweet_id": "1234955450082353152"}, {"license": "gnip", "citation_ids": [76749164], "author": {"tweeter_id": "114559676"}, "tweet_id": "1234970675351154689"}, {"license": "gnip", "citation_ids": [76749164], "author": {"tweeter_id": "329719643"}, "tweet_id": "1234972303995224064"}, {"license": "gnip", "citation_ids": [76749164], "author": {"tweeter_id": "134658769"}, "tweet_id": "1234983674791153665"}, {"license": "gnip", "citation_ids": [76749164], "author": {"tweeter_id": "1192530081996038144"}, "tweet_id": "1234992882873843712"}, {"license": "gnip", "citation_ids": [76749164], "author": {"tweeter_id": "75222243"}, "tweet_id": "1235000507992657920"}, {"license": "gnip", "citation_ids": [76749164], "author": {"tweeter_id": "550492051"}, "tweet_id": "1235008323990237185"}, {"license": "gnip", "citation_ids": [76749164], "author": {"tweeter_id": "188177953"}, "tweet_id": "1235028720684896257"}, {"license": "gnip", "citation_ids": [76749164], "author": {"tweeter_id": "865236801916678145"}, "tweet_id": "1235047391138582528"}, {"license": "gnip", "citation_ids": [76749164], "author": {"tweeter_id": "98643878"}, "tweet_id": "1235054755736502275"}, {"license": "gnip", "citation_ids": [76749164], "author": {"tweeter_id": "76799032"}, "tweet_id": "1235083081008025603"}, {"license": "gnip", "citation_ids": [76749164], "author": {"tweeter_id": "367862452"}, "tweet_id": "1235109570151772161"}, {"license": "gnip", "citation_ids": [76749164], "author": {"tweeter_id": "962199582838018048"}, "tweet_id": "1235141202221162496"}, {"license": "gnip", "citation_ids": [76749164], "author": {"tweeter_id": "314556884"}, "tweet_id": "1235154344711872512"}, {"license": "gnip", "citation_ids": [76749164], "author": {"tweeter_id": "188742125"}, "tweet_id": "1235170808533790720"}, {"license": "gnip", "citation_ids": [76749164], "author": {"tweeter_id": "398712830"}, "tweet_id": "1235172705860800513"}, {"license": "gnip", "citation_ids": [76749164], "author": {"tweeter_id": "1140416013101613056"}, "tweet_id": "1235173066570960897"}, {"license": "gnip", "citation_ids": [76749164], "author": {"tweeter_id": "175260442"}, "tweet_id": "1235175231431548928"}, {"license": "gnip", "citation_ids": [76749164], "author": {"tweeter_id": "200118008"}, "tweet_id": "1235175746340933632"}, {"license": "gnip", "citation_ids": [76749164], "author": {"tweeter_id": "913186566281089024"}, "tweet_id": "1235200784075296769"}, {"license": "gnip", "citation_ids": [74750758, 76749164], "author": {"tweeter_id": "1044491097660174336"}, "tweet_id": "1235202150080425984"}, {"license": "gnip", "citation_ids": [76652904, 76749164], "author": {"tweeter_id": "4871065809"}, "tweet_id": "1235237809310617603"}, {"license": "gnip", "citation_ids": [76749164], "author": {"tweeter_id": "167880876"}, "tweet_id": "1235251273798217731"}, {"license": "gnip", "citation_ids": [76749164], "author": {"tweeter_id": "347001022"}, "tweet_id": "1235260907816660998"}, {"license": "gnip", "citation_ids": [74750758, 76749164], "author": {"tweeter_id": "2884227712"}, "tweet_id": "1235308004339322881"}, {"license": "gnip", "citation_ids": [76749164], "author": {"tweeter_id": "335050077"}, "tweet_id": "1235316458227458048"}, {"license": "gnip", "citation_ids": [76032489, 76749164], "author": {"tweeter_id": "1042964421813751808"}, "tweet_id": "1235381520044396545"}, {"license": "gnip", "citation_ids": [76032489, 76749164], "author": {"tweeter_id": "1042964421813751808"}, "tweet_id": "1235382720940785664"}, {"license": "gnip", "citation_ids": [76032489, 76749164], "author": {"tweeter_id": "1114179645656539138"}, "tweet_id": "1235383991311536128"}, {"license": "gnip", "citation_ids": [76032489, 76749164], "author": {"tweeter_id": "1183669340899430401"}, "tweet_id": "1235439666746118145"}, {"license": "gnip", "citation_ids": [76032489, 76749164], "author": {"tweeter_id": "1183669340899430401"}, "tweet_id": "1235439812368203776"}, {"license": "gnip", "citation_ids": [76032489, 76749164], "author": {"tweeter_id": "4859424550"}, "tweet_id": "1235441275169468416"}, {"license": "gnip", "citation_ids": [76032489, 76749164], "author": {"tweeter_id": "4859424550"}, "tweet_id": "1235441294224183302"}, {"license": "gnip", "citation_ids": [76032489, 76749164], "author": {"tweeter_id": "1175444911346204673"}, "tweet_id": "1235443524797108226"}, {"license": "gnip", "citation_ids": [76032489, 76749164], "author": {"tweeter_id": "944765121691131905"}, "tweet_id": "1235549326488682497"}, {"license": "gnip", "citation_ids": [76749164], "author": {"tweeter_id": "1009388027851010050"}, "tweet_id": "1235564621987221504"}, {"license": "gnip", "citation_ids": [76749164], "author": {"tweeter_id": "15200788"}, "tweet_id": "1235694970394136576"}, {"license": "gnip", "citation_ids": [76749164], "author": {"tweeter_id": "289586891"}, "tweet_id": "1235696443551342600"}, {"license": "gnip", "citation_ids": [76749164], "author": {"tweeter_id": "1128880579246776320"}, "tweet_id": "1235705777551224835"}, {"license": "gnip", "citation_ids": [76749164], "author": {"tweeter_id": "19234768"}, "tweet_id": "1235712656927076352"}, {"license": "gnip", "citation_ids": [76032489, 76749164], "author": {"tweeter_id": "109232739"}, "tweet_id": "1235715657573863425"}, {"license": "gnip", "citation_ids": [76032489, 76749164], "author": {"tweeter_id": "109232739"}, "tweet_id": "1235715721541193728"}, {"license": "gnip", "citation_ids": [76749164], "author": {"tweeter_id": "520826737"}, "tweet_id": "1235728887411281920"}, {"license": "gnip", "citation_ids": [76749164], "author": {"tweeter_id": "2916021128"}, "tweet_id": "1235777675974840321"}, {"license": "gnip", "citation_ids": [76749164], "author": {"tweeter_id": "225267842"}, "tweet_id": "1235801802169348099"}, {"license": "gnip", "citation_ids": [76749164], "author": {"tweeter_id": "1111621333593411584"}, "tweet_id": "1235833418245525504"}, {"license": "gnip", "citation_ids": [76749164], "author": {"tweeter_id": "1911687822"}, "tweet_id": "1236096987927203840"}, {"license": "gnip", "citation_ids": [76749164], "author": {"tweeter_id": "875695958079700994"}, "tweet_id": "1236142132819181568"}, {"license": "gnip", "citation_ids": [76749164], "author": {"tweeter_id": "801417719560081412"}, "tweet_id": "1236170445801439232"}, {"license": "gnip", "citation_ids": [76749164], "author": {"tweeter_id": "276762261"}, "tweet_id": "1236219457464238080"}, {"license": "gnip", "citation_ids": [76749164], "author": {"tweeter_id": "927647719782539265"}, "tweet_id": "1236274972286468096"}, {"license": "gnip", "citation_ids": [76749164], "author": {"tweeter_id": "20711514"}, "tweet_id": "1236301574357446656"}, {"license": "gnip", "citation_ids": [76749164], "author": {"tweeter_id": "1177362324853837824"}, "tweet_id": "1236326710225833984"}, {"license": "gnip", "citation_ids": [76749164], "author": {"tweeter_id": "1230792034476273667"}, "tweet_id": "1236334921477771270"}, {"license": "gnip", "citation_ids": [76749164], "author": {"tweeter_id": "1227420696688701440"}, "tweet_id": "1236372071179063296"}, {"license": "gnip", "citation_ids": [76749164], "author": {"tweeter_id": "225267842"}, "tweet_id": "1236390319970643968"}, {"license": "gnip", "citation_ids": [76749164, 76652904], "author": {"tweeter_id": "1686478046"}, "tweet_id": "1236391404835729408"}, {"license": "gnip", "citation_ids": [76749164], "author": {"tweeter_id": "120900961"}, "tweet_id": "1236496195561766913"}, {"license": "gnip", "citation_ids": [76749164], "author": {"tweeter_id": "16254867"}, "tweet_id": "1236565348020817920"}, {"license": "gnip", "citation_ids": [76749164], "author": {"tweeter_id": "827072680243429376"}, "tweet_id": "1236617643660099588"}, {"license": "gnip", "citation_ids": [76749164], "author": {"tweeter_id": "1235248910760841216"}, "tweet_id": "1236669186811756546"}, {"license": "gnip", "citation_ids": [76749164], "author": {"tweeter_id": "780628511555891200"}, "tweet_id": "1236752521504440320"}, {"license": "gnip", "citation_ids": [76749164], "author": {"tweeter_id": "1010490286479298560"}, "tweet_id": "1236816925457412096"}, {"license": "gnip", "citation_ids": [76749164], "author": {"tweeter_id": "162113304"}, "tweet_id": "1236846461658238977"}, {"license": "gnip", "citation_ids": [76749164], "author": {"tweeter_id": "778236405575102464"}, "tweet_id": "1236935481381629953"}, {"license": "gnip", "citation_ids": [76749164], "author": {"tweeter_id": "749965996731928576"}, "tweet_id": "1236944186282110976"}, {"license": "gnip", "citation_ids": [76749164], "author": {"tweeter_id": "1687149787"}, "tweet_id": "1236944186831585280"}, {"license": "gnip", "citation_ids": [76749164], "author": {"tweeter_id": "3098099745"}, "tweet_id": "1236952946484678656"}, {"license": "gnip", "citation_ids": [76749164], "author": {"tweeter_id": "911758211702820866"}, "tweet_id": "1237045308619739136"}, {"license": "gnip", "citation_ids": [76749164], "author": {"tweeter_id": "173267816"}, "tweet_id": "1237172601266544640"}, {"license": "gnip", "citation_ids": [76749164], "author": {"tweeter_id": "605174565"}, "tweet_id": "1237218667881889792"}, {"license": "gnip", "citation_ids": [76749164], "author": {"tweeter_id": "2332004833"}, "tweet_id": "1237370368156827654"}, {"license": "gnip", "citation_ids": [76749164], "author": {"tweeter_id": "410598599"}, "tweet_id": "1237409988697452545"}, {"license": "gnip", "citation_ids": [76749164], "author": {"tweeter_id": "923999535977959429"}, "tweet_id": "1237412853205864448"}, {"license": "gnip", "citation_ids": [76749164], "author": {"tweeter_id": "1194157146256158720"}, "tweet_id": "1237425334053744642"}, {"license": "gnip", "citation_ids": [76749164], "author": {"tweeter_id": "913130723141472256"}, "tweet_id": "1237426120603119617"}, {"license": "gnip", "citation_ids": [77309197, 76652904, 76749164], "author": {"tweeter_id": "923999535977959429"}, "tweet_id": "1237445786851516416"}, {"license": "gnip", "citation_ids": [76749164], "author": {"tweeter_id": "39015033"}, "tweet_id": "1237507197480783872"}, {"license": "gnip", "citation_ids": [77309197, 76652904, 76749164], "author": {"tweeter_id": "220380556"}, "tweet_id": "1237570199722684422"}, {"license": "gnip", "citation_ids": [77309197, 76652904, 76749164], "author": {"tweeter_id": "172648669"}, "tweet_id": "1237577627054923779"}, {"license": "gnip", "citation_ids": [77309197, 76652904, 76749164], "author": {"tweeter_id": "587219880"}, "tweet_id": "1237584497312292865"}, {"license": "gnip", "citation_ids": [76749164], "author": {"tweeter_id": "129912632"}, "tweet_id": "1237586771723968512"}, {"license": "gnip", "citation_ids": [76749164], "author": {"tweeter_id": "1090589722404020224"}, "tweet_id": "1237722490463383552"}, {"license": "gnip", "citation_ids": [76749164], "author": {"tweeter_id": "91340885"}, "tweet_id": "1237723240677568512"}, {"license": "gnip", "citation_ids": [76749164], "author": {"tweeter_id": "1114369429012246528"}, "tweet_id": "1237723568093331463"}, {"license": "gnip", "citation_ids": [76749164], "author": {"tweeter_id": "1182683107289288704"}, "tweet_id": "1237723944360148997"}, {"license": "gnip", "citation_ids": [76749164], "author": {"tweeter_id": "110105376"}, "tweet_id": "1237724272342134790"}, {"license": "gnip", "citation_ids": [76749164], "author": {"tweeter_id": "1182683107289288704"}, "tweet_id": "1237724358170173440"}, {"license": "gnip", "citation_ids": [76749164], "author": {"tweeter_id": "69002262"}, "tweet_id": "1237724994961981442"}, {"license": "gnip", "citation_ids": [76749164], "author": {"tweeter_id": "1221097292339408897"}, "tweet_id": "1237725342040641536"}, {"license": "gnip", "citation_ids": [76749164], "author": {"tweeter_id": "767870984703528960"}, "tweet_id": "1237725559397822471"}, {"license": "gnip", "citation_ids": [76749164], "author": {"tweeter_id": "46068140"}, "tweet_id": "1237727492590301185"}, {"license": "gnip", "citation_ids": [76749164], "author": {"tweeter_id": "945329464388460544"}, "tweet_id": "1237729290000584711"}, {"license": "gnip", "citation_ids": [76749164], "author": {"tweeter_id": "13506562"}, "tweet_id": "1237729880940269571"}, {"license": "gnip", "citation_ids": [76749164], "author": {"tweeter_id": "374366870"}, "tweet_id": "1237730470382538753"}, {"license": "gnip", "citation_ids": [76749164], "author": {"tweeter_id": "1126302176068792321"}, "tweet_id": "1237730709583753216"}, {"license": "gnip", "citation_ids": [76749164], "author": {"tweeter_id": "1233885608168214528"}, "tweet_id": "1237732356456251394"}, {"license": "gnip", "citation_ids": [76749164], "author": {"tweeter_id": "3139934946"}, "tweet_id": "1237734899848626176"}, {"license": "gnip", "citation_ids": [76749164], "author": {"tweeter_id": "178305150"}, "tweet_id": "1237735747211243521"}, {"license": "gnip", "citation_ids": [76749164], "author": {"tweeter_id": "85259304"}, "tweet_id": "1237741580137558023"}, {"license": "gnip", "citation_ids": [76749164], "author": {"tweeter_id": "1053248532646260737"}, "tweet_id": "1237741919595155460"}, {"license": "gnip", "citation_ids": [76749164], "author": {"tweeter_id": "211115111"}, "tweet_id": "1237744348868907008"}, {"license": "gnip", "citation_ids": [76749164], "author": {"tweeter_id": "292070419"}, "tweet_id": "1237746299274809344"}, {"license": "gnip", "citation_ids": [76749164], "author": {"tweeter_id": "194000672"}, "tweet_id": "1237748143745200128"}, {"license": "gnip", "citation_ids": [76749164], "author": {"tweeter_id": "444586123"}, "tweet_id": "1237749285661208576"}, {"license": "gnip", "citation_ids": [76749164], "author": {"tweeter_id": "1858143980"}, "tweet_id": "1237749959107072000"}, {"license": "gnip", "citation_ids": [76749164], "author": {"tweeter_id": "1213628188875558913"}, "tweet_id": "1237750817144406016"}, {"license": "gnip", "citation_ids": [76749164], "author": {"tweeter_id": "739231094495551488"}, "tweet_id": "1237752227067916293"}, {"license": "gnip", "citation_ids": [76749164], "author": {"tweeter_id": "241106015"}, "tweet_id": "1237752321351634944"}, {"license": "gnip", "citation_ids": [76749164], "author": {"tweeter_id": "316125467"}, "tweet_id": "1237754255760453632"}, {"license": "gnip", "citation_ids": [76749164], "author": {"tweeter_id": "965231885449232384"}, "tweet_id": "1237756288014020608"}, {"license": "gnip", "citation_ids": [76749164], "author": {"tweeter_id": "1152931694560722945"}, "tweet_id": "1237756965436047360"}, {"license": "gnip", "citation_ids": [76749164], "author": {"tweeter_id": "1230832095649357827"}, "tweet_id": "1237757106217840642"}, {"license": "gnip", "citation_ids": [76749164], "author": {"tweeter_id": "267614236"}, "tweet_id": "1237761535990050818"}, {"license": "gnip", "citation_ids": [76749164], "author": {"tweeter_id": "1282625156"}, "tweet_id": "1237761844984418304"}, {"license": "gnip", "citation_ids": [76749164], "author": {"tweeter_id": "113115806"}, "tweet_id": "1237764040874590208"}, {"license": "gnip", "citation_ids": [76749164], "author": {"tweeter_id": "136839028"}, "tweet_id": "1237768544223252481"}, {"license": "gnip", "citation_ids": [76749164], "author": {"tweeter_id": "113002869"}, "tweet_id": "1237769057765474304"}, {"license": "gnip", "citation_ids": [76749164], "author": {"tweeter_id": "53649130"}, "tweet_id": "1237770410847948800"}, {"license": "gnip", "citation_ids": [76749164], "author": {"tweeter_id": "278176501"}, "tweet_id": "1237771502671613953"}, {"license": "gnip", "citation_ids": [76749164], "author": {"tweeter_id": "270423434"}, "tweet_id": "1237772055359045634"}, {"license": "gnip", "citation_ids": [76749164], "author": {"tweeter_id": "564728055"}, "tweet_id": "1237772681744773121"}, {"license": "gnip", "citation_ids": [76749164], "author": {"tweeter_id": "1170758147679514626"}, "tweet_id": "1237773457015762945"}, {"license": "gnip", "citation_ids": [77309197, 76652904, 76749164], "author": {"tweeter_id": "923999535977959429"}, "tweet_id": "1237773891294158848"}, {"license": "gnip", "citation_ids": [76749164], "author": {"tweeter_id": "873737574283583488"}, "tweet_id": "1237777158786797568"}, {"license": "gnip", "citation_ids": [77309197, 76652904, 76749164], "author": {"tweeter_id": "1234307352087744513"}, "tweet_id": "1237777746656464900"}, {"license": "gnip", "citation_ids": [76749164], "author": {"tweeter_id": "719771973853818880"}, "tweet_id": "1237779621623533571"}, {"license": "gnip", "citation_ids": [77309197, 76652904, 76749164], "author": {"tweeter_id": "399361394"}, "tweet_id": "1237779959550226433"}, {"license": "gnip", "citation_ids": [76749164], "author": {"tweeter_id": "3117556317"}, "tweet_id": "1237781594791800832"}, {"license": "gnip", "citation_ids": [76749164], "author": {"tweeter_id": "1137601897634750464"}, "tweet_id": "1237784716301893633"}, {"license": "gnip", "citation_ids": [76749164], "author": {"tweeter_id": "4563726751"}, "tweet_id": "1237785551979175936"}, {"license": "gnip", "citation_ids": [76749164], "author": {"tweeter_id": "372258850"}, "tweet_id": "1237786332094533632"}, {"license": "gnip", "citation_ids": [76749164], "author": {"tweeter_id": "270871437"}, "tweet_id": "1237786585183076352"}, {"license": "gnip", "citation_ids": [76749164], "author": {"tweeter_id": "564728055"}, "tweet_id": "1237786857619910656"}, {"license": "gnip", "citation_ids": [76749164], "author": {"tweeter_id": "447564120"}, "tweet_id": "1237788151491395584"}, {"license": "gnip", "citation_ids": [76749164], "author": {"tweeter_id": "60612671"}, "tweet_id": "1237788842469421056"}, {"license": "gnip", "citation_ids": [76749164], "author": {"tweeter_id": "105967818"}, "tweet_id": "1237789076364734465"}, {"license": "gnip", "citation_ids": [76749164], "author": {"tweeter_id": "83034164"}, "tweet_id": "1237789232837451776"}, {"license": "gnip", "citation_ids": [76749164], "author": {"tweeter_id": "150615425"}, "tweet_id": "1237790027163164672"}, {"license": "gnip", "citation_ids": [76749164], "author": {"tweeter_id": "130446988"}, "tweet_id": "1237794332238909442"}, {"license": "gnip", "citation_ids": [76749164], "author": {"tweeter_id": "558736423"}, "tweet_id": "1237794945114574848"}, {"license": "gnip", "citation_ids": [76749164], "author": {"tweeter_id": "546393893"}, "tweet_id": "1237795588617322497"}, {"license": "gnip", "citation_ids": [76749164], "author": {"tweeter_id": "51733030"}, "tweet_id": "1237795603117031424"}, {"license": "gnip", "citation_ids": [76749164], "author": {"tweeter_id": "120900961"}, "tweet_id": "1237800870302978048"}, {"license": "gnip", "citation_ids": [76749164], "author": {"tweeter_id": "785103866341707776"}, "tweet_id": "1237809904020160512"}, {"license": "gnip", "citation_ids": [76749164], "author": {"tweeter_id": "1096782110893862912"}, "tweet_id": "1237810471446523904"}, {"license": "gnip", "citation_ids": [76749164], "author": {"tweeter_id": "111309789"}, "tweet_id": "1237812103777415168"}, {"license": "gnip", "citation_ids": [76749164], "author": {"tweeter_id": "192455506"}, "tweet_id": "1237822502388129792"}, {"license": "gnip", "citation_ids": [76749164], "author": {"tweeter_id": "168394934"}, "tweet_id": "1237823995732467712"}, {"license": "gnip", "citation_ids": [76749164], "author": {"tweeter_id": "232233082"}, "tweet_id": "1237824493197750272"}, {"license": "gnip", "citation_ids": [76749164], "author": {"tweeter_id": "143031868"}, "tweet_id": "1237831462792990721"}, {"license": "gnip", "citation_ids": [76749164], "author": {"tweeter_id": "210699387"}, "tweet_id": "1237832664335257601"}, {"license": "gnip", "citation_ids": [76749164], "author": {"tweeter_id": "707769852186861568"}, "tweet_id": "1237832808896147456"}, {"license": "gnip", "citation_ids": [76749164], "author": {"tweeter_id": "1369691534"}, "tweet_id": "1237834688913264641"}, {"license": "gnip", "citation_ids": [76749164], "author": {"tweeter_id": "118576050"}, "tweet_id": "1237835971401404416"}, {"license": "gnip", "citation_ids": [76749164], "author": {"tweeter_id": "1206130432896462851"}, "tweet_id": "1237837034816823296"}, {"license": "gnip", "citation_ids": [76749164], "author": {"tweeter_id": "829229113638584320"}, "tweet_id": "1237837835920527360"}, {"license": "gnip", "citation_ids": [76749164], "author": {"tweeter_id": "268591257"}, "tweet_id": "1237841787403657222"}, {"license": "gnip", "citation_ids": [76749164], "author": {"tweeter_id": "1035529206090747905"}, "tweet_id": "1237847582249906180"}, {"license": "gnip", "citation_ids": [76749164], "author": {"tweeter_id": "1154303538354200576"}, "tweet_id": "1237849399054589961"}, {"license": "gnip", "citation_ids": [76749164], "author": {"tweeter_id": "1048170576743784449"}, "tweet_id": "1237849503857692675"}, {"license": "gnip", "citation_ids": [76749164], "author": {"tweeter_id": "457297988"}, "tweet_id": "1237855998636777474"}, {"license": "gnip", "citation_ids": [76749164], "author": {"tweeter_id": "111764795"}, "tweet_id": "1237856309426286597"}, {"license": "gnip", "citation_ids": [76749164], "author": {"tweeter_id": "1177825033"}, "tweet_id": "1237856495703699457"}, {"license": "gnip", "citation_ids": [76749164], "author": {"tweeter_id": "718503177461436416"}, "tweet_id": "1237857426172329984"}, {"license": "gnip", "citation_ids": [76749164], "author": {"tweeter_id": "160285122"}, "tweet_id": "1237860872287969286"}, {"license": "gnip", "citation_ids": [77309197, 76652904, 76749164], "author": {"tweeter_id": "4894846265"}, "tweet_id": "1237864915332780036"}, {"license": "gnip", "citation_ids": [76749164], "author": {"tweeter_id": "2882801852"}, "tweet_id": "1237866634393423872"}, {"license": "gnip", "citation_ids": [76749164], "author": {"tweeter_id": "1104949545819987968"}, "tweet_id": "1237867137609285635"}, {"license": "gnip", "citation_ids": [76749164], "author": {"tweeter_id": "182267222"}, "tweet_id": "1237868354326560769"}, {"license": "gnip", "citation_ids": [76749164], "author": {"tweeter_id": "159768055"}, "tweet_id": "1237869222169956354"}, {"license": "gnip", "citation_ids": [76749164], "author": {"tweeter_id": "1147798530729205760"}, "tweet_id": "1237869527725010945"}, {"license": "gnip", "citation_ids": [76749164], "author": {"tweeter_id": "498863053"}, "tweet_id": "1237869688731783168"}, {"license": "gnip", "citation_ids": [76749164], "author": {"tweeter_id": "1003857768"}, "tweet_id": "1237870233429270528"}, {"license": "gnip", "citation_ids": [76749164], "author": {"tweeter_id": "98314551"}, "tweet_id": "1237871203378847746"}, {"license": "gnip", "citation_ids": [76749164], "author": {"tweeter_id": "1178612754648727555"}, "tweet_id": "1237872671100002304"}, {"license": "gnip", "citation_ids": [76749164], "author": {"tweeter_id": "260065913"}, "tweet_id": "1237872675617300481"}, {"license": "gnip", "citation_ids": [77309197, 76652904, 76749164], "author": {"tweeter_id": "1140721853763334144"}, "tweet_id": "1237875124608499713"}, {"license": "gnip", "citation_ids": [76749164], "author": {"tweeter_id": "109260511"}, "tweet_id": "1237875621864210436"}, {"license": "gnip", "citation_ids": [76749164], "author": {"tweeter_id": "1075179012731764736"}, "tweet_id": "1237875826487484416"}, {"license": "gnip", "citation_ids": [76749164], "author": {"tweeter_id": "1075179012731764736"}, "tweet_id": "1237877301871661060"}, {"license": "gnip", "citation_ids": [76749164], "author": {"tweeter_id": "922431161141379072"}, "tweet_id": "1237880468344688642"}, {"license": "gnip", "citation_ids": [76749164], "author": {"tweeter_id": "922431161141379072"}, "tweet_id": "1237880502490550272"}, {"license": "gnip", "citation_ids": [76749164], "author": {"tweeter_id": "922431161141379072"}, "tweet_id": "1237881093090496515"}, {"license": "gnip", "citation_ids": [76749164], "author": {"tweeter_id": "922431161141379072"}, "tweet_id": "1237882772661751810"}, {"license": "gnip", "citation_ids": [76749164], "author": {"tweeter_id": "736356495860727808"}, "tweet_id": "1237885284991172608"}, {"license": "gnip", "citation_ids": [76749164], "author": {"tweeter_id": "4221749538"}, "tweet_id": "1237888574978027520"}, {"license": "gnip", "citation_ids": [76749164], "author": {"tweeter_id": "220944695"}, "tweet_id": "1237888711129354240"}, {"license": "gnip", "citation_ids": [76749164], "author": {"tweeter_id": "126786281"}, "tweet_id": "1237889255289970698"}, {"license": "gnip", "citation_ids": [76749164], "author": {"tweeter_id": "62412506"}, "tweet_id": "1237893721028362241"}, {"license": "gnip", "citation_ids": [76749164], "author": {"tweeter_id": "1218850589045477379"}, "tweet_id": "1237894275746021377"}, {"license": "gnip", "citation_ids": [76749164], "author": {"tweeter_id": "54448085"}, "tweet_id": "1237895654346608641"}, {"license": "gnip", "citation_ids": [76749164], "author": {"tweeter_id": "406314429"}, "tweet_id": "1237897196877430784"}, {"license": "gnip", "citation_ids": [76749164], "author": {"tweeter_id": "809292482"}, "tweet_id": "1237900365191720961"}, {"license": "gnip", "citation_ids": [76749164], "author": {"tweeter_id": "4847342077"}, "tweet_id": "1237900841501122560"}, {"license": "gnip", "citation_ids": [76749164], "author": {"tweeter_id": "99520114"}, "tweet_id": "1237901904769769475"}, {"license": "gnip", "citation_ids": [76749164], "author": {"tweeter_id": "111734919"}, "tweet_id": "1237910563704827904"}, {"license": "gnip", "citation_ids": [76749164], "author": {"tweeter_id": "91651932"}, "tweet_id": "1237911853121986561"}, {"license": "gnip", "citation_ids": [76749164], "author": {"tweeter_id": "318875334"}, "tweet_id": "1237912991665774594"}, {"license": "gnip", "citation_ids": [76749164], "author": {"tweeter_id": "172499607"}, "tweet_id": "1237915104777097217"}, {"license": "gnip", "citation_ids": [76749164], "author": {"tweeter_id": "268030698"}, "tweet_id": "1237917021406236672"}, {"license": "gnip", "citation_ids": [76749164], "author": {"tweeter_id": "184757023"}, "tweet_id": "1237917403645743105"}, {"license": "gnip", "citation_ids": [76749164], "author": {"tweeter_id": "185752556"}, "tweet_id": "1237918658950836225"}, {"license": "gnip", "citation_ids": [76749164], "author": {"tweeter_id": "939419715306340352"}, "tweet_id": "1237918974198730753"}, {"license": "gnip", "citation_ids": [76749164], "author": {"tweeter_id": "184757023"}, "tweet_id": "1237919806700941313"}, {"license": "gnip", "citation_ids": [76749164], "author": {"tweeter_id": "430460781"}, "tweet_id": "1237920436471492608"}, {"license": "gnip", "citation_ids": [76749164], "author": {"tweeter_id": "120391587"}, "tweet_id": "1237921912484855810"}, {"license": "gnip", "citation_ids": [76749164], "author": {"tweeter_id": "317696684"}, "tweet_id": "1237928367866839041"}, {"license": "gnip", "citation_ids": [76749164], "author": {"tweeter_id": "137302682"}, "tweet_id": "1237931706465714176"}, {"license": "gnip", "citation_ids": [76749164], "author": {"tweeter_id": "69990138"}, "tweet_id": "1237935752098398208"}, {"license": "gnip", "citation_ids": [76749164], "author": {"tweeter_id": "4512052814"}, "tweet_id": "1237943175332769792"}, {"license": "gnip", "citation_ids": [76749164], "author": {"tweeter_id": "4920376212"}, "tweet_id": "1237945498197090304"}, {"license": "gnip", "citation_ids": [76749164], "author": {"tweeter_id": "298039042"}, "tweet_id": "1237946241956204544"}, {"license": "gnip", "citation_ids": [76749164], "author": {"tweeter_id": "1034620595202228224"}, "tweet_id": "1237947312279670786"}, {"license": "gnip", "citation_ids": [76749164], "author": {"tweeter_id": "1062845265734856704"}, "tweet_id": "1237952457923129345"}, {"license": "gnip", "citation_ids": [76749164], "author": {"tweeter_id": "246676634"}, "tweet_id": "1237965695373037569"}, {"license": "gnip", "citation_ids": [76749164, 74933899, 77083639], "author": {"tweeter_id": "1203584890668601345"}, "tweet_id": "1237967988466188290"}, {"license": "gnip", "citation_ids": [77309197, 76652904, 76749164], "author": {"tweeter_id": "2738105093"}, "tweet_id": "1237973481851105282"}, {"license": "gnip", "citation_ids": [76749164], "author": {"tweeter_id": "115045723"}, "tweet_id": "1237985154942943232"}, {"license": "gnip", "citation_ids": [76749164], "author": {"tweeter_id": "2945386099"}, "tweet_id": "1237990356085395456"}, {"license": "gnip", "citation_ids": [76749164], "author": {"tweeter_id": "910858946713391104"}, "tweet_id": "1237991225933713408"}, {"license": "gnip", "citation_ids": [76749164], "author": {"tweeter_id": "2945386099"}, "tweet_id": "1237991403373744129"}, {"license": "gnip", "citation_ids": [76749164], "author": {"tweeter_id": "754048440733147136"}, "tweet_id": "1238002704364048385"}, {"license": "gnip", "citation_ids": [76749164], "author": {"tweeter_id": "248294851"}, "tweet_id": "1238002849855852544"}, {"license": "gnip", "citation_ids": [76749164], "author": {"tweeter_id": "159631255"}, "tweet_id": "1238003705498095617"}, {"license": "gnip", "citation_ids": [76749164], "author": {"tweeter_id": "82447192"}, "tweet_id": "1238004224610336768"}, {"license": "gnip", "citation_ids": [76749164], "author": {"tweeter_id": "100151893"}, "tweet_id": "1238011135602769920"}, {"license": "gnip", "citation_ids": [76749164], "author": {"tweeter_id": "3831968952"}, "tweet_id": "1238024534214598657"}, {"license": "gnip", "citation_ids": [76749164], "author": {"tweeter_id": "798708983104081920"}, "tweet_id": "1238027192530915328"}, {"license": "gnip", "citation_ids": [76749164], "author": {"tweeter_id": "942399745011499008"}, "tweet_id": "1238037622435397632"}, {"license": "gnip", "citation_ids": [76749164], "author": {"tweeter_id": "42029826"}, "tweet_id": "1238042567024848896"}, {"license": "gnip", "citation_ids": [76749164], "author": {"tweeter_id": "1231496142250102784"}, "tweet_id": "1238051239331430406"}, {"license": "gnip", "citation_ids": [76749164], "author": {"tweeter_id": "346681008"}, "tweet_id": "1238054427883212800"}, {"license": "gnip", "citation_ids": [76749164], "author": {"tweeter_id": "348497209"}, "tweet_id": "1238054709090369537"}, {"license": "gnip", "citation_ids": [76749164], "author": {"tweeter_id": "980663657750085632"}, "tweet_id": "1238056731051061249"}, {"license": "gnip", "citation_ids": [76749164], "author": {"tweeter_id": "335811831"}, "tweet_id": "1238057708990812160"}, {"license": "gnip", "citation_ids": [76749164], "author": {"tweeter_id": "442873886"}, "tweet_id": "1238057993565908995"}, {"license": "gnip", "citation_ids": [76749164], "author": {"tweeter_id": "147778233"}, "tweet_id": "1238062178181074945"}, {"license": "gnip", "citation_ids": [76749164], "author": {"tweeter_id": "74655347"}, "tweet_id": "1238068929685114880"}, {"license": "gnip", "citation_ids": [76749164], "author": {"tweeter_id": "115321939"}, "tweet_id": "1238069170513645570"}, {"license": "gnip", "citation_ids": [76749164], "author": {"tweeter_id": "994796628094668802"}, "tweet_id": "1238077379391578113"}, {"license": "gnip", "citation_ids": [76749164], "author": {"tweeter_id": "2575097377"}, "tweet_id": "1238081050443526145"}, {"license": "gnip", "citation_ids": [76749164], "author": {"tweeter_id": "880146684"}, "tweet_id": "1238082750575292417"}, {"license": "gnip", "citation_ids": [76749164], "author": {"tweeter_id": "839382416103858176"}, "tweet_id": "1238084262227632128"}, {"license": "gnip", "citation_ids": [76749164], "author": {"tweeter_id": "717963175"}, "tweet_id": "1238085184123105280"}, {"license": "gnip", "citation_ids": [76749164], "author": {"tweeter_id": "193707164"}, "tweet_id": "1238091295593091072"}, {"license": "gnip", "citation_ids": [77309197, 76749164], "author": {"tweeter_id": "1362235314"}, "tweet_id": "1238091635373809666"}, {"license": "gnip", "citation_ids": [76749164], "author": {"tweeter_id": "113979117"}, "tweet_id": "1238091851242053639"}, {"license": "gnip", "citation_ids": [77309197, 76749164], "author": {"tweeter_id": "774998786502434816"}, "tweet_id": "1238092598780272646"}, {"license": "gnip", "citation_ids": [77309197, 76749164], "author": {"tweeter_id": "297721756"}, "tweet_id": "1238093446901927938"}, {"license": "gnip", "citation_ids": [77309197, 76749164], "author": {"tweeter_id": "466651695"}, "tweet_id": "1238093529248698373"}, {"license": "gnip", "citation_ids": [77309197, 76749164], "author": {"tweeter_id": "84428741"}, "tweet_id": "1238093564481097730"}, {"license": "gnip", "citation_ids": [77309197, 76749164], "author": {"tweeter_id": "133034700"}, "tweet_id": "1238093843746054145"}, {"license": "gnip", "citation_ids": [77309197, 76749164], "author": {"tweeter_id": "404341298"}, "tweet_id": "1238093943109189632"}, {"license": "gnip", "citation_ids": [77309197, 76749164], "author": {"tweeter_id": "395044957"}, "tweet_id": "1238094990858952706"}, {"license": "gnip", "citation_ids": [77309197, 76749164], "author": {"tweeter_id": "132274065"}, "tweet_id": "1238096633209982977"}, {"license": "gnip", "citation_ids": [76749164], "author": {"tweeter_id": "817151684"}, "tweet_id": "1238098954362863616"}, {"license": "gnip", "citation_ids": [77309197, 76749164], "author": {"tweeter_id": "63718692"}, "tweet_id": "1238099661392576512"}, {"license": "gnip", "citation_ids": [77309197, 76749164], "author": {"tweeter_id": "3346334205"}, "tweet_id": "1238100444909424646"}, {"license": "gnip", "citation_ids": [76749164], "author": {"tweeter_id": "171049006"}, "tweet_id": "1238103819101167617"}, {"license": "gnip", "citation_ids": [77309197, 76749164], "author": {"tweeter_id": "725168720"}, "tweet_id": "1238104191698075649"}, {"license": "gnip", "citation_ids": [77309197, 76749164], "author": {"tweeter_id": "261575471"}, "tweet_id": "1238107837282172928"}, {"license": "gnip", "citation_ids": [77309197, 76749164], "author": {"tweeter_id": "18539194"}, "tweet_id": "1238108456810426368"}, {"license": "gnip", "citation_ids": [77309197, 76749164], "author": {"tweeter_id": "4159398135"}, "tweet_id": "1238110931705454593"}, {"license": "gnip", "citation_ids": [77309197, 76749164], "author": {"tweeter_id": "767386604013023233"}, "tweet_id": "1238113040198799362"}, {"license": "gnip", "citation_ids": [76749164], "author": {"tweeter_id": "40515540"}, "tweet_id": "1238114377896615941"}, {"license": "gnip", "citation_ids": [76749164], "author": {"tweeter_id": "1044491097660174336"}, "tweet_id": "1238137080909303808"}, {"license": "gnip", "citation_ids": [76749164], "author": {"tweeter_id": "1460524711"}, "tweet_id": "1238138956140732421"}, {"license": "gnip", "citation_ids": [76749164], "author": {"tweeter_id": "923999535977959429"}, "tweet_id": "1238140517357150210"}, {"license": "gnip", "citation_ids": [76749164], "author": {"tweeter_id": "913963465"}, "tweet_id": "1238140716829663233"}, {"license": "gnip", "citation_ids": [77309197, 76749164], "author": {"tweeter_id": "1131213283770404865"}, "tweet_id": "1238144140317163521"}, {"license": "gnip", "citation_ids": [77309197, 76749164], "author": {"tweeter_id": "1234919039404855298"}, "tweet_id": "1238144295271641088"}, {"license": "gnip", "citation_ids": [77309197, 76749164], "author": {"tweeter_id": "2750935721"}, "tweet_id": "1238155062138068992"}, {"license": "gnip", "citation_ids": [76749164], "author": {"tweeter_id": "1186028653488082945"}, "tweet_id": "1238166165563695105"}, {"license": "gnip", "citation_ids": [76749164], "author": {"tweeter_id": "102110309"}, "tweet_id": "1238176659259510791"}, {"license": "gnip", "citation_ids": [77309197, 76749164], "author": {"tweeter_id": "1355063826"}, "tweet_id": "1238178255997370369"}, {"license": "gnip", "citation_ids": [76749164], "author": {"tweeter_id": "1044491097660174336"}, "tweet_id": "1238188017170493445"}, {"license": "gnip", "citation_ids": [77309197, 76749164], "author": {"tweeter_id": "181087222"}, "tweet_id": "1238188323170025476"}, {"license": "gnip", "citation_ids": [76749164], "author": {"tweeter_id": "1460524711"}, "tweet_id": "1238190008932106241"}, {"license": "gnip", "citation_ids": [76749164], "author": {"tweeter_id": "1048094741617893376"}, "tweet_id": "1238203507251036172"}, {"license": "gnip", "citation_ids": [76749164], "author": {"tweeter_id": "267639984"}, "tweet_id": "1238208714391162880"}, {"license": "gnip", "citation_ids": [76749164], "author": {"tweeter_id": "49465764"}, "tweet_id": "1238214135512535041"}, {"license": "gnip", "citation_ids": [76749164], "author": {"tweeter_id": "74403434"}, "tweet_id": "1238214893716688901"}, {"license": "gnip", "citation_ids": [76749164], "author": {"tweeter_id": "1192377235249852416"}, "tweet_id": "1238225427438563329"}, {"license": "gnip", "citation_ids": [76749164], "author": {"tweeter_id": "1173123070157971457"}, "tweet_id": "1238236853221777408"}, {"license": "gnip", "citation_ids": [76749164], "author": {"tweeter_id": "1229192353509888000"}, "tweet_id": "1238238351380975617"}, {"license": "gnip", "citation_ids": [76749164], "author": {"tweeter_id": "902786326176571392"}, "tweet_id": "1238242098001764353"}, {"license": "gnip", "citation_ids": [76749164], "author": {"tweeter_id": "1179975410903179264"}, "tweet_id": "1238261464202465280"}, {"license": "gnip", "citation_ids": [76749164], "author": {"tweeter_id": "1052238709196636160"}, "tweet_id": "1238289915969863680"}, {"license": "gnip", "citation_ids": [76749164], "author": {"tweeter_id": "1233337043608051713"}, "tweet_id": "1238307623709130752"}, {"license": "gnip", "citation_ids": [77309197, 76749164], "author": {"tweeter_id": "2717005805"}, "tweet_id": "1238316309823270912"}, {"license": "gnip", "citation_ids": [76749164], "author": {"tweeter_id": "932895587367763968"}, "tweet_id": "1238326840470548482"}, {"license": "gnip", "citation_ids": [76749164], "author": {"tweeter_id": "1218533706744258561"}, "tweet_id": "1238354576710893570"}, {"license": "gnip", "citation_ids": [76749164], "author": {"tweeter_id": "1142127100402393088"}, "tweet_id": "1238360638906220544"}, {"license": "gnip", "citation_ids": [76749164], "author": {"tweeter_id": "1082893113578921984"}, "tweet_id": "1238376311644721158"}, {"license": "gnip", "citation_ids": [76749164], "author": {"tweeter_id": "1224676418950287360"}, "tweet_id": "1238391925998120965"}, {"license": "gnip", "citation_ids": [76749164], "author": {"tweeter_id": "857001056"}, "tweet_id": "1238392526526009344"}, {"license": "gnip", "citation_ids": [76749164], "author": {"tweeter_id": "1224676418950287360"}, "tweet_id": "1238392592527548416"}, {"license": "gnip", "citation_ids": [76749164], "author": {"tweeter_id": "1082893113578921984"}, "tweet_id": "1238394654359502849"}, {"license": "gnip", "citation_ids": [76749164], "author": {"tweeter_id": "1083601761389154304"}, "tweet_id": "1238395832338178048"}, {"license": "gnip", "citation_ids": [77309197, 76749164], "author": {"tweeter_id": "117110502"}, "tweet_id": "1238409367646375936"}, {"license": "gnip", "citation_ids": [76749164], "author": {"tweeter_id": "3244147670"}, "tweet_id": "1238409998037737472"}, {"license": "gnip", "citation_ids": [76749164], "author": {"tweeter_id": "72554065"}, "tweet_id": "1238436562804731905"}, {"license": "gnip", "citation_ids": [76749164], "author": {"tweeter_id": "2322024186"}, "tweet_id": "1238447924792590338"}, {"license": "gnip", "citation_ids": [76749164], "author": {"tweeter_id": "1084757252970631168"}, "tweet_id": "1238522653939568641"}, {"license": "gnip", "citation_ids": [76749164], "author": {"tweeter_id": "129912632"}, "tweet_id": "1238528779645050880"}, {"license": "gnip", "citation_ids": [76749164], "author": {"tweeter_id": "2823321148"}, "tweet_id": "1238556274129854470"}, {"license": "gnip", "citation_ids": [76749164], "author": {"tweeter_id": "1084757252970631168"}, "tweet_id": "1238557115096104963"}, {"license": "gnip", "citation_ids": [76749164], "author": {"tweeter_id": "756800905937358848"}, "tweet_id": "1238557141298032640"}, {"license": "gnip", "citation_ids": [76749164], "author": {"tweeter_id": "862426500515205120"}, "tweet_id": "1238562713154002945"}, {"license": "gnip", "citation_ids": [76749164], "author": {"tweeter_id": "80250780"}, "tweet_id": "1238562746523889665"}, {"license": "gnip", "citation_ids": [76749164], "author": {"tweeter_id": "837003915149393921"}, "tweet_id": "1238566303285338112"}, {"license": "gnip", "citation_ids": [76749164], "author": {"tweeter_id": "1088265960316903424"}, "tweet_id": "1238573808442802177"}, {"license": "gnip", "citation_ids": [76749164], "author": {"tweeter_id": "112568900"}, "tweet_id": "1238578425364766720"}, {"license": "gnip", "citation_ids": [76749164], "author": {"tweeter_id": "2937739862"}, "tweet_id": "1238630149370699776"}, {"license": "gnip", "citation_ids": [76749164], "author": {"tweeter_id": "1084757252970631168"}, "tweet_id": "1238654722481033216"}, {"license": "gnip", "citation_ids": [76749164], "author": {"tweeter_id": "85117130"}, "tweet_id": "1238716536371556353"}, {"license": "gnip", "citation_ids": [76749164], "author": {"tweeter_id": "273827516"}, "tweet_id": "1238727208354471936"}, {"license": "gnip", "citation_ids": [76749164], "author": {"tweeter_id": "1088112822058401794"}, "tweet_id": "1238745172579663873"}, {"license": "gnip", "citation_ids": [76749164], "author": {"tweeter_id": "14496783"}, "tweet_id": "1238751890298425346"}, {"license": "gnip", "citation_ids": [76749164], "author": {"tweeter_id": "115585361"}, "tweet_id": "1238792639794884608"}, {"license": "gnip", "citation_ids": [76749164], "author": {"tweeter_id": "137388625"}, "tweet_id": "1238803416056385536"}, {"license": "gnip", "citation_ids": [77309197, 76749164], "author": {"tweeter_id": "1044196866353696770"}, "tweet_id": "1238809328192233477"}, {"license": "gnip", "citation_ids": [76749164], "author": {"tweeter_id": "186924437"}, "tweet_id": "1238821488502816769"}, {"license": "gnip", "citation_ids": [77309197, 76749164], "author": {"tweeter_id": "827749824"}, "tweet_id": "1238854678772723712"}, {"license": "gnip", "citation_ids": [76749164], "author": {"tweeter_id": "923999535977959429"}, "tweet_id": "1239021561295880193"}, {"license": "gnip", "citation_ids": [76749164], "author": {"tweeter_id": "1044491097660174336"}, "tweet_id": "1239126673745944576"}, {"license": "gnip", "citation_ids": [76749164], "author": {"tweeter_id": "1234049850599231488"}, "tweet_id": "1239134957194403840"}, {"license": "gnip", "citation_ids": [76749164], "author": {"tweeter_id": "976310091249938433"}, "tweet_id": "1239140968982384641"}, {"license": "gnip", "citation_ids": [76749164], "author": {"tweeter_id": "304647518"}, "tweet_id": "1239153070145142784"}, {"license": "gnip", "citation_ids": [76749164], "author": {"tweeter_id": "2798010892"}, "tweet_id": "1239155159474884608"}, {"license": "gnip", "citation_ids": [76749164], "author": {"tweeter_id": "450776198"}, "tweet_id": "1239207189971116032"}, {"license": "gnip", "citation_ids": [76749164], "author": {"tweeter_id": "123725086"}, "tweet_id": "1239280530904014854"}, {"license": "gnip", "citation_ids": [76749164], "author": {"tweeter_id": "994796628094668802"}, "tweet_id": "1239520510171471874"}, {"license": "gnip", "citation_ids": [76749164], "author": {"tweeter_id": "281066045"}, "tweet_id": "1239521190231719937"}, {"license": "gnip", "citation_ids": [76749164], "author": {"tweeter_id": "241535413"}, "tweet_id": "1239527030703583232"}, {"license": "gnip", "citation_ids": [76749164], "author": {"tweeter_id": "217612003"}, "tweet_id": "1239561001160388608"}, {"license": "gnip", "citation_ids": [76749164], "author": {"tweeter_id": "1226466027245989888"}, "tweet_id": "1239576699206905856"}, {"license": "gnip", "citation_ids": [76749164], "author": {"tweeter_id": "411321178"}, "tweet_id": "1239640593224986624"}, {"license": "gnip", "citation_ids": [76749164], "author": {"tweeter_id": "76368538"}, "tweet_id": "1239671586027790336"}, {"license": "gnip", "citation_ids": [76749164], "author": {"tweeter_id": "1084757252970631168"}, "tweet_id": "1239682153258135552"}, {"license": "gnip", "citation_ids": [76749164], "author": {"tweeter_id": "2803628208"}, "tweet_id": "1239812555591147520"}, {"license": "gnip", "citation_ids": [76749164], "author": {"tweeter_id": "1369691534"}, "tweet_id": "1239835625471148033"}, {"license": "gnip", "citation_ids": [76749164], "author": {"tweeter_id": "1240903854"}, "tweet_id": "1239838198743724032"}, {"license": "gnip", "citation_ids": [76749164], "author": {"tweeter_id": "368575967"}, "tweet_id": "1239854041670221824"}, {"license": "gnip", "citation_ids": [76749164], "author": {"tweeter_id": "1259874727"}, "tweet_id": "1239860165328769024"}, {"license": "gnip", "citation_ids": [76749164], "author": {"tweeter_id": "3328729058"}, "tweet_id": "1239862552810512384"}, {"license": "gnip", "citation_ids": [76749164], "author": {"tweeter_id": "1239097747459858433"}, "tweet_id": "1239879464651239424"}, {"license": "gnip", "citation_ids": [76749164], "author": {"tweeter_id": "968050956"}, "tweet_id": "1239916091599699968"}, {"license": "gnip", "citation_ids": [74401056, 76032489, 76749164], "author": {"tweeter_id": "75020577"}, "tweet_id": "1239926218251743232"}, {"license": "gnip", "citation_ids": [76749164], "author": {"tweeter_id": "25083142"}, "tweet_id": "1239948496591036416"}, {"license": "gnip", "citation_ids": [76749164], "author": {"tweeter_id": "358355015"}, "tweet_id": "1239952331736862720"}, {"license": "gnip", "citation_ids": [76749164], "author": {"tweeter_id": "331450342"}, "tweet_id": "1240004939650342914"}, {"license": "gnip", "citation_ids": [76749164], "author": {"tweeter_id": "828111294"}, "tweet_id": "1240022746060353537"}, {"license": "gnip", "citation_ids": [76749164], "author": {"tweeter_id": "136839028"}, "tweet_id": "1240033713850728448"}, {"license": "gnip", "citation_ids": [76749164], "author": {"tweeter_id": "331450342"}, "tweet_id": "1240078655671468039"}, {"license": "gnip", "citation_ids": [76749164], "author": {"tweeter_id": "36389303"}, "tweet_id": "1240123454759854081"}, {"license": "gnip", "citation_ids": [76749164], "author": {"tweeter_id": "907979035543605248"}, "tweet_id": "1240146581522964480"}, {"license": "gnip", "citation_ids": [76749164], "author": {"tweeter_id": "28053812"}, "tweet_id": "1240160583351037952"}, {"license": "gnip", "citation_ids": [76749164], "author": {"tweeter_id": "27151537"}, "tweet_id": "1240162583170158593"}, {"license": "gnip", "citation_ids": [76749164], "author": {"tweeter_id": "986127372687560704"}, "tweet_id": "1240164074903572480"}, {"license": "gnip", "citation_ids": [76749164], "author": {"tweeter_id": "1179698780758667264"}, "tweet_id": "1240166509458018304"}, {"license": "gnip", "citation_ids": [76749164], "author": {"tweeter_id": "107986772"}, "tweet_id": "1240174077643350016"}, {"license": "gnip", "citation_ids": [76749164], "author": {"tweeter_id": "346324846"}, "tweet_id": "1240175072620527616"}, {"license": "gnip", "citation_ids": [76749164], "author": {"tweeter_id": "1085671056"}, "tweet_id": "1240175156632248320"}, {"license": "gnip", "citation_ids": [76749164], "author": {"tweeter_id": "3365903812"}, "tweet_id": "1240180263939964930"}, {"license": "gnip", "citation_ids": [76749164], "author": {"tweeter_id": "7583472"}, "tweet_id": "1240191166013796353"}, {"license": "gnip", "citation_ids": [76032489, 76749164], "author": {"tweeter_id": "1240201916820246528"}, "tweet_id": "1240208969836032002"}, {"license": "gnip", "citation_ids": [76749164], "author": {"tweeter_id": "855228879836913664"}, "tweet_id": "1240239959300165633"}], "wikipedia": [{"title": "Coronavirus disease 2019", "url": "http://en.wikipedia.org/?diff=prev&oldid=944762762#altmetric_citation_507ee2a8-0f84-4094-a789-155dac97e7b3", "license": "public", "citation_ids": [76749164, 76749164, 76749164], "posted_on": "2020-03-09T19:52:13+00:00", "summary": "title=Q&A on coronaviruses (COVID-19)|url-status=live|access-date=11 March 2020|publisher=World Health Organization|language=en}} While the majority of cases result in mild symptoms, some progress to pneumonia and multi-organ failure.", "page_url": "http://en.wikipedia.org/?curid=63030231", "wiki_lang": "en", "author": {"name": "Cinadon36", "url": "http://en.wikipedia.org/wiki/User:Cinadon36"}}], "facebook": [{"title": "SARS and the new coronavirus target the same cellular lock to infect cells", "url": "https://www.facebook.com/permalink.php?story_fbid=3294701517225287&id=156138711081599", "license": "public", "citation_ids": [75754628, 76749164], "posted_on": "2020-03-11T20:38:10+00:00", "summary": "IMPORTANT! \ud83d\udc9c\n\n*** VITAMIN D & C *** (REPOST)\n\nWhy does coronavirus kill some while hardly affecting others?  The answer may be the high expression of the ACE2 receptor.   \n\nThe coronavirus, which is shaped like a crown, seems to attach itself to the ACE2 r", "author": {"name": "Transformational Health", "url": "https://www.facebook.com/156138711081599", "facebook_wall_name": "Transformational Health", "image": "https://graph.facebook.com/156138711081599/picture", "id_on_source": "156138711081599"}}], "reddit": [{"title": "High expression of ACE2 receptor of 2019-nCoV on the epithelial cells of oral mucosa", "url": "http://www.reddit.com/r/Coronavirus/comments/fjkqks/high_expression_of_ace2_receptor_of_2019ncov_on/", "license": "public", "citation_ids": [76749164], "posted_on": "2020-03-16T13:13:04+00:00", "author": {"name": "CallieEnte", "url": "http://www.reddit.com/r/coronavirus", "id_on_source": "coronavirus", "followers": 1528, "subreddit": "Resurgence of Coronavirus in Saudi Arabia "}}], "news": [{"title": "Possible Biological Explanations for Kids' Escape from COVID-19", "url": "http://ct.moreover.com/?a=41639730647&p=1pl&v=1&x=hKSo9gj6KXKC-iQblG75Ng", "license": "public", "citation_ids": [75073958, 76810504, 77406321, 77443847, 76250558, 77071211, 77653777, 6720365, 7420194, 76749164, 35251822, 2331989, 76388773, 76766566], "posted_on": "2020-03-16T22:23:11+00:00", "summary": "S ince SARS-CoV-2, the virus responsible for the COVID-19 pandemic, was first recognized as a close cousin of the virus that caused the SARS outbreak of 2003, scientists have looked to the experience of that earlier epidemic to glean insight into\u2026", "author": {"name": "The Scientist Magazine", "url": "http://www.the-scientist.com/", "image": "https://s3.amazonaws.com/weyland.altmetric.com/news_sources/logos/000/000/096/normal/image.png?1369860108"}}]}, "score": 466.45, "images": {"small": "https://badges.altmetric.com/?size=64&score=467&types=mrttttwf", "medium": "https://badges.altmetric.com/?size=100&score=467&types=mrttttwf", "large": "https://badges.altmetric.com/?size=180&score=467&types=mrttttwf"}}