{"altmetric_id": 76409012, "counts": {"readers": {"mendeley": 0, "citeulike": 0, "connotea": 0}, "total": {"posts_count": 23}, "twitter": {"unique_users_count": 14, "posts_count": 23}}, "citation": {"altmetric_jid": "532721422a83ee84788b4567", "authors": ["Grifoni, Alba", "Sidney, John", "Zhang, Yun", "Scheuermann, Richard H.", "Peters, Bjoern H.", "Sette, Alessandro"], "doi": "10.1101/2020.02.12.946087", "first_seen_on": "2020-02-20T17:22:18+00:00", "issns": [], "journal": "bioRxiv", "last_mentioned_on": 1584533012, "links": ["https://www.biorxiv.org/content/10.1101/2020.02.12.946087v1", "https://www.biorxiv.org/content/10.1101/2020.02.12.946087v1#disqus_thread", "https://www.biorxiv.org/content/10.1101/2020.02.12.946087v1?rss=1&utm_source=dlvr.it&utm_medium=twitter", "https://www.biorxiv.org/content/10.1101/2020.02.12.946087v1?rss=1", "https://www.biorxiv.org/content/10.1101/2020.02.12.946087v2", "https://www.biorxiv.org/content/10.1101/2020.02.12.946087v1?rss=1%252522&utm_source=dlvr.it&utm_medium=twitter"], "pdf_url": "https://www.biorxiv.org/content/biorxiv/early/2020/02/20/2020.02.12.946087.full.pdf", "publisher": "Cold Spring Harbor Laboratory", "title": "Candidate targets for immune responses to 2019-Novel Coronavirus (nCoV): sequence homology- and bioinformatic-based predictions", "type": "article"}, "altmetric_score": {"score": 7.25, "score_history": {"1y": 7.25, "6m": 7.25, "3m": 7.25, "1m": 7.25, "1w": 1.5, "6d": 1.5, "5d": 1.5, "4d": 1.5, "3d": 1.25, "2d": 0.25, "1d": 0.25, "at": 7.25}, "context_for_score": {"all": {"total_number_of_other_articles": 14518952, "mean": 8.4687422759303, "rank": 2399295, "this_scored_higher_than_pct": 83, "this_scored_higher_than": 12106059, "rank_type": "exact", "sample_size": 14518952, "percentile": 83}, "similar_age_3m": {"total_number_of_other_articles": 169292, "mean": 14.502408078398, "rank": 39138, "this_scored_higher_than_pct": 76, "this_scored_higher_than": 129993, "rank_type": "exact", "sample_size": 169292, "percentile": 76}, "this_journal": {"total_number_of_other_articles": 75358, "mean": 12.927046989663, "rank": 32629, "this_scored_higher_than_pct": 56, "this_scored_higher_than": 42636, "rank_type": "exact", "sample_size": 75358, "percentile": 56}, "similar_age_this_journal_3m": {"total_number_of_other_articles": 5061, "mean": 15.02024229249, "rank": 1853, "this_scored_higher_than_pct": 63, "this_scored_higher_than": 3201, "rank_type": "exact", "sample_size": 5061, "percentile": 63}}}, "demographics": {"poster_types": {"member_of_the_public": 9, "researcher": 5}, "users": {"twitter": {"cohorts": {"Members of the public": 9, "Scientists": 5}}}, "geo": {"twitter": {"US": 4, "GB": 2, "CA": 1, "DE": 2, "MX": 1}}}, "posts": {"twitter": [{"license": "gnip", "citation_ids": [76409012], "author": {"tweeter_id": "1949132852"}, "tweet_id": "1230543153318506496"}, {"license": "gnip", "citation_ids": [76409012], "author": {"tweeter_id": "1054460958226157568"}, "tweet_id": "1230543154518069248"}, {"license": "gnip", "citation_ids": [76409012], "author": {"tweeter_id": "1222887048757104641"}, "tweet_id": "1230618929351012352"}, {"license": "gnip", "citation_ids": [76409012], "author": {"tweeter_id": "1223307253236817922"}, "tweet_id": "1230623606302027777"}, {"license": "gnip", "citation_ids": [76409012], "author": {"tweeter_id": "738023789439635457"}, "tweet_id": "1230668846060564481"}, {"license": "gnip", "citation_ids": [76409012], "author": {"tweeter_id": "2449348948"}, "tweet_id": "1230679856532393984"}, {"license": "gnip", "citation_ids": [76409012], "author": {"tweeter_id": "932450618148405248"}, "tweet_id": "1230727405381140482"}, {"license": "gnip", "citation_ids": [76409012], "author": {"tweeter_id": "1185019073354178560"}, "tweet_id": "1230738766379110401"}, {"license": "gnip", "citation_ids": [76409012], "author": {"tweeter_id": "1223307253236817922"}, "tweet_id": "1230789714925510658"}, {"license": "gnip", "citation_ids": [76409012], "author": {"tweeter_id": "4901919879"}, "tweet_id": "1230813087172833282"}, {"license": "gnip", "citation_ids": [76409012], "author": {"tweeter_id": "4901919879"}, "tweet_id": "1230813101802610688"}, {"license": "gnip", "citation_ids": [76409012], "author": {"tweeter_id": "4901919879"}, "tweet_id": "1230813519999897600"}, {"license": "gnip", "citation_ids": [76409012], "author": {"tweeter_id": "841614487413223424"}, "tweet_id": "1235204664615940100"}, {"license": "gnip", "citation_ids": [76409012], "author": {"tweeter_id": "756450719553753088"}, "tweet_id": "1235215205396893699"}, {"license": "gnip", "citation_ids": [76409012], "author": {"tweeter_id": "4901919879"}, "tweet_id": "1235893067099619334"}, {"license": "gnip", "citation_ids": [76409012], "author": {"tweeter_id": "4901919879"}, "tweet_id": "1235893072787132417"}, {"license": "gnip", "citation_ids": [76409012], "author": {"tweeter_id": "4901919879"}, "tweet_id": "1235893625059528705"}, {"license": "gnip", "citation_ids": [76409012], "author": {"tweeter_id": "58006038"}, "tweet_id": "1236011654187544577"}, {"license": "gnip", "citation_ids": [76409012], "author": {"tweeter_id": "4901919879"}, "tweet_id": "1238799969668259842"}, {"license": "gnip", "citation_ids": [76409012], "author": {"tweeter_id": "4901919879"}, "tweet_id": "1238799987884072960"}, {"license": "gnip", "citation_ids": [76409012], "author": {"tweeter_id": "4901919879"}, "tweet_id": "1238800788962639873"}, {"license": "gnip", "citation_ids": [76409012], "author": {"tweeter_id": "424526531"}, "tweet_id": "1239413514357231616"}, {"license": "gnip", "citation_ids": [76409012], "author": {"tweeter_id": "1239315181882224640"}, "tweet_id": "1240247464843554817"}]}, "score": 7.25, "images": {"small": "https://badges.altmetric.com/?size=64&score=8&types=tttttttt", "medium": "https://badges.altmetric.com/?size=100&score=8&types=tttttttt", "large": "https://badges.altmetric.com/?size=180&score=8&types=tttttttt"}}