{"altmetric_id": 76755770, "counts": {"readers": {"mendeley": 0, "citeulike": 0, "connotea": 0}, "total": {"posts_count": 3}, "twitter": {"unique_users_count": 2, "posts_count": 3}}, "citation": {"altmetric_jid": "4f6fa6103cf058f610006e24", "authors": ["Guglielmo Lucchese"], "doi": "10.1038/s41423-020-0377-z", "endpage": "2", "first_seen_on": "2020-02-27T18:08:47+00:00", "handles": [], "isbns": [], "issns": ["1672-7681", "2042-0226"], "journal": "Cellular & Molecular Immunology", "last_mentioned_on": 1583693807, "links": ["https://www.ncbi.nlm.nih.gov/pubmed/32094505", "https://www.nature.com/articles/s41423-020-0377-z?error=cookies_not_supported&code=87bd274a-f4bb-4a63-a23a-b96ad86abc40"], "pdf_url": "https://www.nature.com/articles/s41423-020-0377-z.pdf", "pmid": "32094505", "epubdate": "2020-02-24T00:00:00+00:00", "scopus_subjects": ["Health Sciences", "Life Sciences", "Medicine", "Immunology and Microbiology"], "startpage": "1", "title": "Epitopes for a 2019-nCoV vaccine", "type": "article"}, "altmetric_score": {"score": 0.5, "score_history": {"1y": 0.5, "6m": 0.5, "3m": 0.5, "1m": 0.5, "1w": 0, "6d": 0, "5d": 0, "4d": 0, "3d": 0, "2d": 0, "1d": 0, "at": 0.5}, "context_for_score": {"all": {"total_number_of_other_articles": 14504883, "mean": 8.4590711523099, "rank": 11497719, "this_scored_higher_than_pct": 11, "this_scored_higher_than": 1686148, "rank_type": "exact", "sample_size": 14504883, "percentile": 11}, "similar_age_3m": {"total_number_of_other_articles": 155507, "mean": 14.027779699819, "rank": 107804, "this_scored_higher_than_pct": 20, "this_scored_higher_than": 31202, "rank_type": "exact", "sample_size": 155507, "percentile": 20}, "this_journal": {"total_number_of_other_articles": 746, "mean": 5.7348080536913, "rank": 566, "this_scored_higher_than_pct": 13, "this_scored_higher_than": 100, "rank_type": "exact", "sample_size": 746, "percentile": 13}, "similar_age_this_journal_3m": {"total_number_of_other_articles": 21, "mean": 2.1075, "rank": 16, "this_scored_higher_than_pct": 14, "this_scored_higher_than": 3, "rank_type": "exact", "sample_size": 21, "percentile": 14}}}, "demographics": {"poster_types": {"member_of_the_public": 2}, "users": {"twitter": {"cohorts": {"Members of the public": 2}}}, "geo": {"twitter": {"FR": 1}}}, "posts": {"twitter": [{"license": "gnip", "citation_ids": [76755770], "author": {"tweeter_id": "1099494762296397824"}, "tweet_id": "1233091549547945988"}, {"license": "gnip", "citation_ids": [76755770], "author": {"tweeter_id": "850712117573537793"}, "tweet_id": "1236727512211886080"}, {"license": "gnip", "citation_ids": [76755770], "author": {"tweeter_id": "850712117573537793"}, "tweet_id": "1236727583460524033"}]}, "score": 0.5, "images": {"small": "https://badges.altmetric.com/?size=64&score=1&types=tttttttt", "medium": "https://badges.altmetric.com/?size=100&score=1&types=tttttttt", "large": "https://badges.altmetric.com/?size=180&score=1&types=tttttttt"}}