{"altmetric_id": 77477928, "counts": {"readers": {"mendeley": 0, "citeulike": 0, "connotea": 0}, "total": {"posts_count": 37}, "twitter": {"unique_users_count": 33, "posts_count": 37}}, "citation": {"altmetric_jid": "4f6fa52b3cf058f610003fda", "authors": ["Long, Youlin", "Hu, Tengyue", "Liu, Liqin", "Chen, Rui", "Guo, Qiong", "Yang, Liu", "Cheng, Yifan", "Huang, Jin", "Du, Liang"], "doi": "10.1111/jebm.12381", "first_seen_on": "2020-03-13T22:22:23+00:00", "issns": ["1756-5383", "1756-5391"], "journal": "Journal of Evidence-Based Medicine", "last_mentioned_on": 1584505338, "links": ["https://onlinelibrary.wiley.com/doi/abs/10.1111/jebm.12381", "https://onlinelibrary.wiley.com/doi/10.1111/jebm.12381#.Xmwd2HSOxMo.twitter", "https://onlinelibrary.wiley.com/doi/full/10.1111/jebm.12381", "https://onlinelibrary.wiley.com/doi/full/10.1111/jebm.12381#.Xm7ujsXAurw.twitter", "https://onlinelibrary.wiley.com/doi/full/10.1111/jebm.12381#.Xm84h4cb9nh.twitter", "https://onlinelibrary.wiley.com/doi/full/10.1111/jebm.12381#.Xm_gvkjU2u9.twitter", "https://www.ncbi.nlm.nih.gov/pubmed/32167245"], "pdf_url": "https://onlinelibrary.wiley.com/doi/pdf/10.1111/jebm.12381", "pmid": "32167245", "epubdate": "2020-03-13T00:00:00+00:00", "publisher": "Wiley", "publisher_subjects": [{"name": "Medical And Health Sciences", "scheme": "era"}], "title": "Effectiveness of N95 respirators versus surgical masks against influenza: A systematic review and meta\u2010analysis", "type": "article"}, "altmetric_score": {"score": 19.45, "score_history": {"1y": 19.45, "6m": 19.45, "3m": 19.45, "1m": 19.45, "1w": 19.45, "6d": 19.45, "5d": 19.45, "4d": 14.65, "3d": 13.15, "2d": 10.9, "1d": 5.45, "at": 19.45}, "context_for_score": {"all": {"total_number_of_other_articles": 14515761, "mean": 8.4679681872585, "rank": 910658, "this_scored_higher_than_pct": 93, "this_scored_higher_than": 13603958, "rank_type": "exact", "sample_size": 14515761, "percentile": 93}, "similar_age_3m": {"total_number_of_other_articles": 146367, "mean": 14.131290163016, "rank": 14233, "this_scored_higher_than_pct": 90, "this_scored_higher_than": 132109, "rank_type": "exact", "sample_size": 146367, "percentile": 90}, "this_journal": {"total_number_of_other_articles": 155, "mean": 8.1234805194805, "rank": 17, "this_scored_higher_than_pct": 89, "this_scored_higher_than": 138, "rank_type": "exact", "sample_size": 155, "percentile": 89}, "similar_age_this_journal_3m": {"total_number_of_other_articles": 5, "mean": 4.5, "rank": 1, "this_scored_higher_than_pct": 80, "this_scored_higher_than": 4, "rank_type": "exact", "sample_size": 5, "percentile": 80}}}, "demographics": {"poster_types": {"member_of_the_public": 26, "researcher": 4, "practitioner": 1, "science_communicator": 2}, "users": {"twitter": {"cohorts": {"Practitioners (doctors, other healthcare professionals)": 1, "Members of the public": 26, "Scientists": 4, "Science communicators (journalists, bloggers, editors)": 2}}}, "geo": {"twitter": {"ES": 6, "AR": 1, "US": 7, "GB": 1, "IN": 1, "UA": 1}}}, "posts": {"twitter": [{"license": "gnip", "citation_ids": [77477928], "author": {"tweeter_id": "21009191"}, "tweet_id": "1238591091743559682"}, {"license": "public", "citation_ids": [77477928], "author": {"tweeter_id": "219083338"}, "tweet_id": "1238615178356424704"}, {"license": "gnip", "citation_ids": [77477928], "author": {"tweeter_id": "1170950023"}, "tweet_id": "1238657797308497920"}, {"license": "gnip", "citation_ids": [77477928], "author": {"tweeter_id": "69441276"}, "tweet_id": "1238661066193661953"}, {"license": "gnip", "citation_ids": [77477928], "author": {"tweeter_id": "2779194252"}, "tweet_id": "1238661465160048641"}, {"license": "gnip", "citation_ids": [77477928], "author": {"tweeter_id": "1170052958509092864"}, "tweet_id": "1238678977654349826"}, {"license": "gnip", "citation_ids": [77477928], "author": {"tweeter_id": "921829225"}, "tweet_id": "1238682249824030720"}, {"license": "gnip", "citation_ids": [77477928], "author": {"tweeter_id": "257898134"}, "tweet_id": "1238929178709430272"}, {"license": "gnip", "citation_ids": [77477928], "author": {"tweeter_id": "209816731"}, "tweet_id": "1238942365068529665"}, {"license": "gnip", "citation_ids": [77477928], "author": {"tweeter_id": "2288276124"}, "tweet_id": "1239113750768222208"}, {"license": "gnip", "citation_ids": [77477928], "author": {"tweeter_id": "2288276124"}, "tweet_id": "1239113986328625152"}, {"license": "gnip", "citation_ids": [77477928], "author": {"tweeter_id": "1883561102"}, "tweet_id": "1239138457781522432"}, {"license": "gnip", "citation_ids": [77477928], "author": {"tweeter_id": "29775575"}, "tweet_id": "1239389936748384256"}, {"license": "gnip", "citation_ids": [77477928], "author": {"tweeter_id": "985820315522650113"}, "tweet_id": "1239396505238331393"}, {"license": "gnip", "citation_ids": [77477928], "author": {"tweeter_id": "629391036"}, "tweet_id": "1239406822353666048"}, {"license": "gnip", "citation_ids": [77477928], "author": {"tweeter_id": "1141340430514003968"}, "tweet_id": "1239407480129507329"}, {"license": "gnip", "citation_ids": [77477928], "author": {"tweeter_id": "953158853088219136"}, "tweet_id": "1239415122558418945"}, {"license": "gnip", "citation_ids": [77477928], "author": {"tweeter_id": "2257558088"}, "tweet_id": "1239462594362126336"}, {"license": "gnip", "citation_ids": [77477928], "author": {"tweeter_id": "2835238009"}, "tweet_id": "1239463247213776898"}, {"license": "gnip", "citation_ids": [77477928], "author": {"tweeter_id": "770923010719088640"}, "tweet_id": "1239468725448957952"}, {"license": "gnip", "citation_ids": [77477928], "author": {"tweeter_id": "1555370245"}, "tweet_id": "1239528504561209344"}, {"license": "gnip", "citation_ids": [77477928], "author": {"tweeter_id": "2438538206"}, "tweet_id": "1239590483397050368"}, {"license": "gnip", "citation_ids": [77477928], "author": {"tweeter_id": "2512145188"}, "tweet_id": "1239649077350072320"}, {"license": "gnip", "citation_ids": [77477928], "author": {"tweeter_id": "985820315522650113"}, "tweet_id": "1239653259008229377"}, {"license": "gnip", "citation_ids": [77477928], "author": {"tweeter_id": "718883272005152768"}, "tweet_id": "1239694593425387521"}, {"license": "gnip", "citation_ids": [77477928], "author": {"tweeter_id": "985820315522650113"}, "tweet_id": "1239698483730436096"}, {"license": "gnip", "citation_ids": [77477928], "author": {"tweeter_id": "1573512366"}, "tweet_id": "1239736418999697409"}, {"license": "gnip", "citation_ids": [77477928], "author": {"tweeter_id": "25793183"}, "tweet_id": "1239796641227591680"}, {"license": "gnip", "citation_ids": [77477928], "author": {"tweeter_id": "144923284"}, "tweet_id": "1239800807236796416"}, {"license": "gnip", "citation_ids": [77477928], "author": {"tweeter_id": "2277519631"}, "tweet_id": "1239827578082463744"}, {"license": "gnip", "citation_ids": [77477928], "author": {"tweeter_id": "1239825709331288066"}, "tweet_id": "1239831201617248256"}, {"license": "gnip", "citation_ids": [77477928], "author": {"tweeter_id": "985820315522650113"}, "tweet_id": "1239834393474105344"}, {"license": "gnip", "citation_ids": [77477928], "author": {"tweeter_id": "121248898"}, "tweet_id": "1239849070333530113"}, {"license": "gnip", "citation_ids": [77477928], "author": {"tweeter_id": "15694863"}, "tweet_id": "1239934758026649601"}, {"license": "gnip", "citation_ids": [77477928], "author": {"tweeter_id": "252731012"}, "tweet_id": "1240043393545392131"}, {"license": "gnip", "citation_ids": [77477928], "author": {"tweeter_id": "105575922"}, "tweet_id": "1240044626444255238"}, {"license": "gnip", "citation_ids": [77477928], "author": {"tweeter_id": "990081085"}, "tweet_id": "1240131391590932481"}]}, "score": 19.45, "images": {"small": "https://badges.altmetric.com/?size=64&score=20&types=tttttttt", "medium": "https://badges.altmetric.com/?size=100&score=20&types=tttttttt", "large": "https://badges.altmetric.com/?size=180&score=20&types=tttttttt"}}