{"altmetric_id": 77013981, "counts": {"readers": {"mendeley": 0, "citeulike": 0, "connotea": 0}, "news": {"unique_users_count": 1, "unique_users": ["medscape"], "posts_count": 1}, "total": {"posts_count": 136}, "reddit": {"unique_users_count": 1, "unique_users": ["CarlSagan79"], "posts_count": 1}, "twitter": {"unique_users_count": 125, "posts_count": 134}}, "citation": {"altmetric_jid": "4f6fa4f73cf058f610002fd1", "authors": ["Yang Xia", "Rui Jin", "Jing Zhao", "Wen Li", "Huahao Shen"], "doi": "10.1016/s1470-2045(20)30150-9", "first_seen_on": "2020-03-04T08:42:00+00:00", "handles": [], "isbns": [], "issns": ["1470-2045"], "journal": "Lancet Oncology", "last_mentioned_on": 1584428197, "links": ["https://www.thelancet.com/journals/lanonc/article/PIIS1470-2045(20)30150-9/fulltext?rss=yes&utm_source=dlvr.it&utm_medium=twitter", "https://www.thelancet.com/journals/lanonc/article/PIIS1470-2045(20)30150-9/fulltext", "https://www.thelancet.com/journals/lanonc/article/PIIS1470-2045(20)30150-9/fulltext#.XmAUcNTlp0k.twitter", "https://www.thelancet.com/journals/lanonc/article/PIIS1470-2045(20)30150-9/fulltext#.XmAVSpoYySB.twitter", "https://www.thelancet.com/journals/lanonc/article/PIIS1470-2045(20)30150-9/fulltext?utm_source=dlvr.it&utm_medium=twitter", "https://www.thelancet.com/pdfs/journals/lanonc/PIIS1470-2045(20)30150-9.pdf", "https://www.ncbi.nlm.nih.gov/pubmed/32142622"], "pmid": "32142622", "pubdate": "2020-03-01T00:00:00+00:00", "publisher_subjects": [{"name": "Oncology And Carcinogenesis", "scheme": "era"}], "scopus_subjects": ["Medicine", "Health Sciences"], "title": "Risk of COVID-19 for cancer patients", "type": "article"}, "altmetric_score": {"score": 98.45, "score_history": {"1y": 98.45, "6m": 98.45, "3m": 98.45, "1m": 98.45, "1w": 42.95, "6d": 39.95, "5d": 30.1, "4d": 4.2, "3d": 1.5, "2d": 1, "1d": 1, "at": 98.45}, "context_for_score": {"all": {"total_number_of_other_articles": 14515442, "mean": 8.4660121842553, "rank": 185883, "this_scored_higher_than_pct": 98, "this_scored_higher_than": 14329749, "rank_type": "exact", "sample_size": 14515442, "percentile": 98}, "similar_age_3m": {"total_number_of_other_articles": 153936, "mean": 14.163574274856, "rank": 3724, "this_scored_higher_than_pct": 97, "this_scored_higher_than": 150210, "rank_type": "exact", "sample_size": 153936, "percentile": 97}, "this_journal": {"total_number_of_other_articles": 5117, "mean": 24.654418686474, "rank": 251, "this_scored_higher_than_pct": 95, "this_scored_higher_than": 4866, "rank_type": "exact", "sample_size": 5117, "percentile": 95}, "similar_age_this_journal_3m": {"total_number_of_other_articles": 101, "mean": 39.17546, "rank": 8, "this_scored_higher_than_pct": 92, "this_scored_higher_than": 93, "rank_type": "exact", "sample_size": 101, "percentile": 92}}}, "demographics": {"poster_types": {"member_of_the_public": 86, "researcher": 19, "practitioner": 18, "science_communicator": 2}, "users": {"twitter": {"cohorts": {"Members of the public": 86, "Practitioners (doctors, other healthcare professionals)": 18, "Scientists": 19, "Science communicators (journalists, bloggers, editors)": 2}}}, "geo": {"twitter": {"GB": 4, "US": 31, "ES": 5, "DE": 1, "IT": 2, "JP": 2, "GT": 1, "AU": 1, "PH": 1, "CA": 2, "SA": 1, "PE": 1, "GE": 1, "ZA": 1, "BE": 1, "IE": 1, "MX": 2, "KE": 1, "FR": 3, "CO": 1, "EG": 11, "AE": 1, "NL": 1, "LU": 1, "PL": 2}}}, "posts": {"twitter": [{"license": "gnip", "citation_ids": [77013981], "author": {"tweeter_id": "247395947"}, "tweet_id": "1234984918389624834"}, {"license": "gnip", "citation_ids": [77013981], "author": {"tweeter_id": "3187144393"}, "tweet_id": "1235095361896628225"}, {"license": "gnip", "citation_ids": [77013981], "author": {"tweeter_id": "3062078882"}, "tweet_id": "1235096372048625664"}, {"license": "gnip", "citation_ids": [77013981], "author": {"tweeter_id": "1212820665201352704"}, "tweet_id": "1235097448332181504"}, {"license": "gnip", "citation_ids": [77013981], "author": {"tweeter_id": "1938359047"}, "tweet_id": "1235097678918238208"}, {"license": "gnip", "citation_ids": [77013981], "author": {"tweeter_id": "3937561689"}, "tweet_id": "1235101632360136705"}, {"license": "gnip", "citation_ids": [77013981], "author": {"tweeter_id": "929582049580564481"}, "tweet_id": "1235104614959042561"}, {"license": "gnip", "citation_ids": [77013981], "author": {"tweeter_id": "30646296"}, "tweet_id": "1235106900150087680"}, {"license": "gnip", "citation_ids": [77013981], "author": {"tweeter_id": "1109128247789395968"}, "tweet_id": "1235131059865518083"}, {"license": "gnip", "citation_ids": [77013981], "author": {"tweeter_id": "50265238"}, "tweet_id": "1235145102022107137"}, {"license": "gnip", "citation_ids": [77013981], "author": {"tweeter_id": "1177260435021684736"}, "tweet_id": "1235152080656048129"}, {"license": "gnip", "citation_ids": [77013981], "author": {"tweeter_id": "1407780158"}, "tweet_id": "1235153783476412416"}, {"license": "gnip", "citation_ids": [77013981], "author": {"tweeter_id": "742413846854406144"}, "tweet_id": "1235154097348714498"}, {"license": "gnip", "citation_ids": [77013981, 77013982], "author": {"tweeter_id": "2375643853"}, "tweet_id": "1235154686711390209"}, {"license": "gnip", "citation_ids": [77013982, 76096194, 77013981], "author": {"tweeter_id": "1259920471"}, "tweet_id": "1235158111771557890"}, {"license": "gnip", "citation_ids": [77013982, 76096194, 77013981], "author": {"tweeter_id": "241029149"}, "tweet_id": "1235166040910450688"}, {"license": "gnip", "citation_ids": [77013981], "author": {"tweeter_id": "179559060"}, "tweet_id": "1235167740777967618"}, {"license": "gnip", "citation_ids": [77013981], "author": {"tweeter_id": "200921504"}, "tweet_id": "1235169258176425985"}, {"license": "gnip", "citation_ids": [77013982, 76096194, 77013981], "author": {"tweeter_id": "1109128247789395968"}, "tweet_id": "1235170763717607424"}, {"license": "gnip", "citation_ids": [77013982, 76096194, 77013981], "author": {"tweeter_id": "4835202208"}, "tweet_id": "1235170880214487042"}, {"license": "gnip", "citation_ids": [77013981], "author": {"tweeter_id": "1004473220"}, "tweet_id": "1235171938542198784"}, {"license": "gnip", "citation_ids": [77013981], "author": {"tweeter_id": "3344312890"}, "tweet_id": "1235179161175633920"}, {"license": "gnip", "citation_ids": [77013981], "author": {"tweeter_id": "624216351"}, "tweet_id": "1235180311958482944"}, {"license": "gnip", "citation_ids": [77013981], "author": {"tweeter_id": "906691824059916288"}, "tweet_id": "1235181482810933250"}, {"license": "gnip", "citation_ids": [77013981], "author": {"tweeter_id": "906691824059916288"}, "tweet_id": "1235181565480751104"}, {"license": "gnip", "citation_ids": [77013981], "author": {"tweeter_id": "1065248071305457664"}, "tweet_id": "1235186823468441601"}, {"license": "gnip", "citation_ids": [77013981], "author": {"tweeter_id": "369048515"}, "tweet_id": "1235195385746001920"}, {"license": "gnip", "citation_ids": [77013981], "author": {"tweeter_id": "23543493"}, "tweet_id": "1235197659415101440"}, {"license": "gnip", "citation_ids": [77013981], "author": {"tweeter_id": "2342533784"}, "tweet_id": "1235200231567810560"}, {"license": "gnip", "citation_ids": [77013982, 76096194, 77013981], "author": {"tweeter_id": "572062434"}, "tweet_id": "1235203088488845313"}, {"license": "gnip", "citation_ids": [77013982, 76096194, 77013981], "author": {"tweeter_id": "2171269956"}, "tweet_id": "1235203159217147905"}, {"license": "gnip", "citation_ids": [77013982, 76096194, 77013981], "author": {"tweeter_id": "190337035"}, "tweet_id": "1235203904637460480"}, {"license": "gnip", "citation_ids": [77013982, 76096194, 77013981], "author": {"tweeter_id": "245607411"}, "tweet_id": "1235205287243440128"}, {"license": "gnip", "citation_ids": [77013982, 76096194, 77013981], "author": {"tweeter_id": "86325024"}, "tweet_id": "1235205741696307206"}, {"license": "gnip", "citation_ids": [77013981], "author": {"tweeter_id": "1154704679328260096"}, "tweet_id": "1235207164924289025"}, {"license": "gnip", "citation_ids": [77013981, 76096194], "author": {"tweeter_id": "4827883464"}, "tweet_id": "1235208217296158722"}, {"license": "gnip", "citation_ids": [77013981, 76096194], "author": {"tweeter_id": "1109128247789395968"}, "tweet_id": "1235209791024377863"}, {"license": "gnip", "citation_ids": [77013982, 76096194, 77013981], "author": {"tweeter_id": "4835202208"}, "tweet_id": "1235209816123092992"}, {"license": "gnip", "citation_ids": [77013981], "author": {"tweeter_id": "971072018480328705"}, "tweet_id": "1235210884093534209"}, {"license": "gnip", "citation_ids": [77013981], "author": {"tweeter_id": "1171101137707184128"}, "tweet_id": "1235214096406020096"}, {"license": "gnip", "citation_ids": [77013982, 76096194, 77013981], "author": {"tweeter_id": "351309294"}, "tweet_id": "1235216308519784460"}, {"license": "gnip", "citation_ids": [77013981], "author": {"tweeter_id": "1689800292"}, "tweet_id": "1235219830128750593"}, {"license": "gnip", "citation_ids": [77013981], "author": {"tweeter_id": "204748499"}, "tweet_id": "1235227202742038531"}, {"license": "gnip", "citation_ids": [77013981], "author": {"tweeter_id": "1176852676530696193"}, "tweet_id": "1235227903950041093"}, {"license": "gnip", "citation_ids": [77013982, 76096194, 77013981], "author": {"tweeter_id": "2905862291"}, "tweet_id": "1235234537833144320"}, {"license": "gnip", "citation_ids": [77013982, 76096194, 77013981], "author": {"tweeter_id": "871650506900463616"}, "tweet_id": "1235241946618175490"}, {"license": "gnip", "citation_ids": [77013981], "author": {"tweeter_id": "36008779"}, "tweet_id": "1235242487075266561"}, {"license": "gnip", "citation_ids": [77013982, 76096194, 77013981], "author": {"tweeter_id": "312153389"}, "tweet_id": "1235264951419310080"}, {"license": "gnip", "citation_ids": [77013981], "author": {"tweeter_id": "84584229"}, "tweet_id": "1235266599713755136"}, {"license": "gnip", "citation_ids": [77013981], "author": {"tweeter_id": "835587356812062720"}, "tweet_id": "1235276752915763200"}, {"license": "gnip", "citation_ids": [77013981], "author": {"tweeter_id": "835587356812062720"}, "tweet_id": "1235277020814282758"}, {"license": "gnip", "citation_ids": [77013981], "author": {"tweeter_id": "3741243796"}, "tweet_id": "1235292290945626113"}, {"license": "gnip", "citation_ids": [77013981], "author": {"tweeter_id": "2535654342"}, "tweet_id": "1235292664091889664"}, {"license": "gnip", "citation_ids": [77013981], "author": {"tweeter_id": "340582101"}, "tweet_id": "1235305257074413568"}, {"license": "gnip", "citation_ids": [77013981], "author": {"tweeter_id": "1965500118"}, "tweet_id": "1235307002550767619"}, {"license": "gnip", "citation_ids": [77013981], "author": {"tweeter_id": "395590929"}, "tweet_id": "1235307490365116416"}, {"license": "gnip", "citation_ids": [77013982, 76096194, 77013981], "author": {"tweeter_id": "1062990732850544640"}, "tweet_id": "1235328219009736706"}, {"license": "gnip", "citation_ids": [77013981], "author": {"tweeter_id": "251183976"}, "tweet_id": "1235330775068880896"}, {"license": "gnip", "citation_ids": [77013982, 76096194, 77013981], "author": {"tweeter_id": "47785917"}, "tweet_id": "1235347146418860044"}, {"license": "gnip", "citation_ids": [77013981, 76096194], "author": {"tweeter_id": "4827883464"}, "tweet_id": "1235348284169846784"}, {"license": "gnip", "citation_ids": [77013981, 76096194], "author": {"tweeter_id": "622986908"}, "tweet_id": "1235350223263846401"}, {"license": "gnip", "citation_ids": [77013981], "author": {"tweeter_id": "431267877"}, "tweet_id": "1235355495621439489"}, {"license": "gnip", "citation_ids": [77013981], "author": {"tweeter_id": "1403537131"}, "tweet_id": "1235367679151783936"}, {"license": "gnip", "citation_ids": [77013981], "author": {"tweeter_id": "158921906"}, "tweet_id": "1235369189067624448"}, {"license": "gnip", "citation_ids": [77013981], "author": {"tweeter_id": "3366464453"}, "tweet_id": "1235378278116003842"}, {"license": "gnip", "citation_ids": [77013981], "author": {"tweeter_id": "240860629"}, "tweet_id": "1235380017649025024"}, {"license": "gnip", "citation_ids": [77013981], "author": {"tweeter_id": "431267877"}, "tweet_id": "1235385272755531777"}, {"license": "gnip", "citation_ids": [77013981], "author": {"tweeter_id": "806198593925353472"}, "tweet_id": "1235387056643166210"}, {"license": "gnip", "citation_ids": [77013982, 76096194, 77013981], "author": {"tweeter_id": "2464858244"}, "tweet_id": "1235405796969795585"}, {"license": "gnip", "citation_ids": [77013981], "author": {"tweeter_id": "1499192467"}, "tweet_id": "1235430945424936960"}, {"license": "gnip", "citation_ids": [77013981], "author": {"tweeter_id": "829033230930153472"}, "tweet_id": "1235480439285903360"}, {"license": "gnip", "citation_ids": [77013981], "author": {"tweeter_id": "1126943070048493568"}, "tweet_id": "1235495143085469697"}, {"license": "gnip", "citation_ids": [77013981], "author": {"tweeter_id": "1118087119967334400"}, "tweet_id": "1235518339956514816"}, {"license": "gnip", "citation_ids": [77013981], "author": {"tweeter_id": "1214232500664295424"}, "tweet_id": "1235536422234275841"}, {"license": "gnip", "citation_ids": [77013981], "author": {"tweeter_id": "1404229998"}, "tweet_id": "1235537200109875202"}, {"license": "gnip", "citation_ids": [77013981], "author": {"tweeter_id": "23041527"}, "tweet_id": "1235546692197511168"}, {"license": "gnip", "citation_ids": [77013981], "author": {"tweeter_id": "840294244384403459"}, "tweet_id": "1235547283560763393"}, {"license": "gnip", "citation_ids": [77013982, 76096194, 77013981], "author": {"tweeter_id": "908351881008861184"}, "tweet_id": "1235578300929576962"}, {"license": "gnip", "citation_ids": [77013981], "author": {"tweeter_id": "3398804267"}, "tweet_id": "1235602251546230785"}, {"license": "gnip", "citation_ids": [77013982, 76096194, 77013981], "author": {"tweeter_id": "20527955"}, "tweet_id": "1235678323495374848"}, {"license": "gnip", "citation_ids": [77013981], "author": {"tweeter_id": "245157270"}, "tweet_id": "1235682701581135872"}, {"license": "gnip", "citation_ids": [77013981], "author": {"tweeter_id": "871048612385497089"}, "tweet_id": "1235727373003304960"}, {"license": "gnip", "citation_ids": [77013981], "author": {"tweeter_id": "515209390"}, "tweet_id": "1235747028883386369"}, {"license": "gnip", "citation_ids": [77013981], "author": {"tweeter_id": "111017072"}, "tweet_id": "1235850044433035265"}, {"license": "gnip", "citation_ids": [77013981], "author": {"tweeter_id": "111017072"}, "tweet_id": "1235850304689541122"}, {"license": "gnip", "citation_ids": [77013981], "author": {"tweeter_id": "173486170"}, "tweet_id": "1235887857119739904"}, {"license": "gnip", "citation_ids": [77013981], "author": {"tweeter_id": "1210233074170155011"}, "tweet_id": "1235975405947019267"}, {"license": "gnip", "citation_ids": [77013981], "author": {"tweeter_id": "626002857"}, "tweet_id": "1236251906181402624"}, {"license": "gnip", "citation_ids": [77013981], "author": {"tweeter_id": "1135235117679632384"}, "tweet_id": "1236373384075804672"}, {"license": "gnip", "citation_ids": [77013981], "author": {"tweeter_id": "826191876243992577"}, "tweet_id": "1236410944718344193"}, {"license": "gnip", "citation_ids": [77013981], "author": {"tweeter_id": "1099494762296397824"}, "tweet_id": "1236609730824503298"}, {"license": "gnip", "citation_ids": [77013981], "author": {"tweeter_id": "334528459"}, "tweet_id": "1236850809163247616"}, {"license": "gnip", "citation_ids": [77013981], "author": {"tweeter_id": "947578525"}, "tweet_id": "1236852356018352130"}, {"license": "gnip", "citation_ids": [77013981], "author": {"tweeter_id": "1130016786236231680"}, "tweet_id": "1237116504031875073"}, {"license": "gnip", "citation_ids": [77013981], "author": {"tweeter_id": "882702546770550784"}, "tweet_id": "1237531633382612993"}, {"license": "gnip", "citation_ids": [77013981], "author": {"tweeter_id": "875749229603549184"}, "tweet_id": "1237708493626454017"}, {"license": "gnip", "citation_ids": [77013981], "author": {"tweeter_id": "1210242101524365318"}, "tweet_id": "1237715244627058693"}, {"license": "gnip", "citation_ids": [77013981], "author": {"tweeter_id": "2579222280"}, "tweet_id": "1237925951671074816"}, {"license": "gnip", "citation_ids": [77013981], "author": {"tweeter_id": "249182101"}, "tweet_id": "1238395967973588997"}, {"license": "gnip", "citation_ids": [77013981], "author": {"tweeter_id": "236496282"}, "tweet_id": "1238396430190030850"}, {"license": "gnip", "citation_ids": [77013981], "author": {"tweeter_id": "352868888"}, "tweet_id": "1238397379306536961"}, {"license": "gnip", "citation_ids": [77013981], "author": {"tweeter_id": "129209855"}, "tweet_id": "1238398316292915200"}, {"license": "gnip", "citation_ids": [77013981], "author": {"tweeter_id": "275008413"}, "tweet_id": "1238399072274440192"}, {"license": "gnip", "citation_ids": [77013981], "author": {"tweeter_id": "1322933353"}, "tweet_id": "1238399448348340224"}, {"license": "gnip", "citation_ids": [77013981], "author": {"tweeter_id": "32223937"}, "tweet_id": "1238399509702619137"}, {"license": "gnip", "citation_ids": [77013981], "author": {"tweeter_id": "226175033"}, "tweet_id": "1238399636391559170"}, {"license": "gnip", "citation_ids": [77013981], "author": {"tweeter_id": "248760306"}, "tweet_id": "1238400016244445184"}, {"license": "gnip", "citation_ids": [77013981], "author": {"tweeter_id": "1095233766631632896"}, "tweet_id": "1238400103209152514"}, {"license": "gnip", "citation_ids": [77013981], "author": {"tweeter_id": "365049334"}, "tweet_id": "1238400161564549121"}, {"license": "gnip", "citation_ids": [77013981], "author": {"tweeter_id": "1239692970"}, "tweet_id": "1238400223518560256"}, {"license": "gnip", "citation_ids": [77013981], "author": {"tweeter_id": "765508597291900928"}, "tweet_id": "1238400596379684866"}, {"license": "gnip", "citation_ids": [77013981], "author": {"tweeter_id": "328903649"}, "tweet_id": "1238400801372061696"}, {"license": "gnip", "citation_ids": [77013981], "author": {"tweeter_id": "581070744"}, "tweet_id": "1238401342156267520"}, {"license": "gnip", "citation_ids": [77013981], "author": {"tweeter_id": "1172264009904656385"}, "tweet_id": "1238401927144189953"}, {"license": "gnip", "citation_ids": [77013981], "author": {"tweeter_id": "1228687609066610689"}, "tweet_id": "1238402399888461826"}, {"license": "gnip", "citation_ids": [77013981], "author": {"tweeter_id": "811442157110394880"}, "tweet_id": "1238402580314763264"}, {"license": "gnip", "citation_ids": [77013981], "author": {"tweeter_id": "418731150"}, "tweet_id": "1238403889684250626"}, {"license": "gnip", "citation_ids": [77013981], "author": {"tweeter_id": "418731150"}, "tweet_id": "1238403920206184448"}, {"license": "gnip", "citation_ids": [77013981], "author": {"tweeter_id": "34797684"}, "tweet_id": "1238405266623942656"}, {"license": "gnip", "citation_ids": [77013981], "author": {"tweeter_id": "439460571"}, "tweet_id": "1238406772798427136"}, {"license": "gnip", "citation_ids": [77013981], "author": {"tweeter_id": "800125875102445568"}, "tweet_id": "1238410274669056001"}, {"license": "gnip", "citation_ids": [77013981], "author": {"tweeter_id": "841745542036217856"}, "tweet_id": "1238413420602556418"}, {"license": "gnip", "citation_ids": [77013981], "author": {"tweeter_id": "2948787802"}, "tweet_id": "1238415321675051009"}, {"license": "gnip", "citation_ids": [77013981], "author": {"tweeter_id": "712243264984915968"}, "tweet_id": "1238425902524096513"}, {"license": "gnip", "citation_ids": [77013981], "author": {"tweeter_id": "1181256407745794049"}, "tweet_id": "1238432237424709632"}, {"license": "gnip", "citation_ids": [77013981], "author": {"tweeter_id": "24069558"}, "tweet_id": "1238434278993809408"}, {"license": "gnip", "citation_ids": [77013981], "author": {"tweeter_id": "1238072186004557830"}, "tweet_id": "1238439449459032064"}, {"license": "gnip", "citation_ids": [77013982, 76096194, 77013981], "author": {"tweeter_id": "704399782249426944"}, "tweet_id": "1238447890865020928"}, {"license": "gnip", "citation_ids": [77013982, 76096194, 77013981], "author": {"tweeter_id": "2304812556"}, "tweet_id": "1238448109958492160"}, {"license": "gnip", "citation_ids": [77013981], "author": {"tweeter_id": "1017518892053422080"}, "tweet_id": "1238596577419296768"}, {"license": "gnip", "citation_ids": [77013981], "author": {"tweeter_id": "94049764"}, "tweet_id": "1238606019015606272"}, {"license": "gnip", "citation_ids": [77013981], "author": {"tweeter_id": "1002922834241441793"}, "tweet_id": "1238794035877249027"}, {"license": "gnip", "citation_ids": [77013982, 77013981], "author": {"tweeter_id": "567395732"}, "tweet_id": "1239039363696209928"}, {"license": "gnip", "citation_ids": [77013981], "author": {"tweeter_id": "1134713973612392448"}, "tweet_id": "1239807835497795584"}], "reddit": [{"title": "Lancet article suggests smoking, not necessarily cancer, specifically increases risk of severe cases. March 03, 2020", "url": "http://www.reddit.com/r/Coronavirus/comments/ff2ami/lancet_article_suggests_smoking_not_necessarily/", "license": "public", "citation_ids": [77013981], "posted_on": "2020-03-07T21:58:07+00:00", "author": {"name": "CarlSagan79", "url": "http://www.reddit.com/r/coronavirus", "id_on_source": "coronavirus", "followers": 1528, "subreddit": "Resurgence of Coronavirus in Saudi Arabia "}}], "news": [{"title": "COVID-19: Older Patients With Cancer Especially Vulnerable", "url": "http://ct.moreover.com/?a=41604699097&p=1pl&v=1&x=CPucjxIJUX7U2vw7QLQnqQ", "license": "public", "citation_ids": [76096194, 77013981, 77013982], "posted_on": "2020-03-12T14:59:18+00:00", "summary": "Editor's note: Find the latest COVID-19 news and guidance in Medscape's Coronavirus Resource Center.", "author": {"name": "Medscape", "url": "http://medscape.com/", "image": "https://s3.amazonaws.com/weyland.altmetric.com/news_sources/logos/000/000/055/normal/medscape.png?1369846939"}}]}, "score": 98.45, "images": {"small": "https://badges.altmetric.com/?size=64&score=99&types=mrtttttt", "medium": "https://badges.altmetric.com/?size=100&score=99&types=mrtttttt", "large": "https://badges.altmetric.com/?size=180&score=99&types=mrtttttt"}}