{"altmetric_id": 77208356, "counts": {"readers": {"mendeley": 0, "citeulike": 0, "connotea": 0}, "total": {"posts_count": 16}, "twitter": {"unique_users_count": 14, "posts_count": 16}}, "citation": {"authors": ["Zhao, Zeyu", "Zhu, Yuan-Zhao", "Xu, Jing-Wen", "Hu, Qing-Qing", "Lei, Zhao", "Rui, Jia", "Liu, Xingchun", "Wang, Yao", "Luo, Li", "Yu, Shan-Shan", "Li, Jia", "Liu, Ruo-Yun", "Xie, Fang", "Su, Ying-Ying", "Chiang, Yi-Chen", "Su, Yanhua", "Zhao, Benhua", "Chen, Tianmu"], "doi": "10.1101/2020.03.05.20031849", "first_seen_on": "2020-03-08T11:53:22+00:00", "issns": [], "last_mentioned_on": 1583763349, "links": ["https://www.medrxiv.org/content/10.1101/2020.03.05.20031849v1", "https://www.medrxiv.org/content/10.1101/2020.03.05.20031849v1?utm_source=dlvr.it&utm_medium=twitter"], "pdf_url": "https://www.medrxiv.org/content/medrxiv/early/2020/03/08/2020.03.05.20031849.full.pdf", "publisher": "Cold Spring Harbor Laboratory", "title": "A mathematical model for estimating the age-specific transmissibility of a novel coronavirus", "type": "article"}, "altmetric_score": {"score": 8.1, "score_history": {"1y": 8.1, "6m": 8.1, "3m": 8.1, "1m": 8.1, "1w": 0, "6d": 0, "5d": 0, "4d": 0, "3d": 0, "2d": 0, "1d": 0, "at": 8.1}, "context_for_score": null}, "demographics": {"poster_types": {"member_of_the_public": 12, "researcher": 2}, "users": {"twitter": {"cohorts": {"Members of the public": 12, "Scientists": 2}}}, "geo": {"twitter": {"US": 4, "AU": 1, "IT": 1, "HK": 1, "EG": 1, "PH": 1}}}, "posts": {"twitter": [{"license": "gnip", "citation_ids": [77208356], "author": {"tweeter_id": "921400462838042624"}, "tweet_id": "1236620978945490944"}, {"license": "gnip", "citation_ids": [77208356], "author": {"tweeter_id": "1008782230255067136"}, "tweet_id": "1236621098516541441"}, {"license": "gnip", "citation_ids": [77208356], "author": {"tweeter_id": "831698691270537217"}, "tweet_id": "1236812079249666049"}, {"license": "gnip", "citation_ids": [77208356], "author": {"tweeter_id": "1214232500664295424"}, "tweet_id": "1236934133227507714"}, {"license": "gnip", "citation_ids": [77208356], "author": {"tweeter_id": "757358178044678144"}, "tweet_id": "1236935238003154944"}, {"license": "gnip", "citation_ids": [77208356], "author": {"tweeter_id": "1221225853754830850"}, "tweet_id": "1236935512914415616"}, {"license": "gnip", "citation_ids": [77208356], "author": {"tweeter_id": "1218497166081241088"}, "tweet_id": "1236935641956585472"}, {"license": "gnip", "citation_ids": [77208356], "author": {"tweeter_id": "47732785"}, "tweet_id": "1236937185649139712"}, {"license": "gnip", "citation_ids": [77208356], "author": {"tweeter_id": "18096267"}, "tweet_id": "1236939390913351680"}, {"license": "gnip", "citation_ids": [77208356], "author": {"tweeter_id": "334250377"}, "tweet_id": "1236941502322008064"}, {"license": "gnip", "citation_ids": [77208356], "author": {"tweeter_id": "405334332"}, "tweet_id": "1236945525548519424"}, {"license": "gnip", "citation_ids": [77208356], "author": {"tweeter_id": "4901919879"}, "tweet_id": "1236973911029538816"}, {"license": "gnip", "citation_ids": [77208356], "author": {"tweeter_id": "4901919879"}, "tweet_id": "1236973932105871360"}, {"license": "gnip", "citation_ids": [77208356], "author": {"tweeter_id": "4901919879"}, "tweet_id": "1236974588099203072"}, {"license": "gnip", "citation_ids": [77208356], "author": {"tweeter_id": "977364895"}, "tweet_id": "1237018252980568064"}, {"license": "gnip", "citation_ids": [77208356], "author": {"tweeter_id": "901843155250798592"}, "tweet_id": "1237019263975776256"}]}, "score": 8.1, "images": {"small": "https://badges.altmetric.com/?size=64&score=9&types=tttttttt", "medium": "https://badges.altmetric.com/?size=100&score=9&types=tttttttt", "large": "https://badges.altmetric.com/?size=180&score=9&types=tttttttt"}}