{"altmetric_id": 77511953, "counts": {"readers": {"mendeley": 0, "citeulike": 0, "connotea": 0}, "total": {"posts_count": 3}, "twitter": {"unique_users_count": 3, "posts_count": 3}}, "citation": {"altmetric_jid": "4f6fa50e3cf058f6100031c4", "authors": ["Harold A. Chapman", "Ying Wei", "Genevieve Montas", "Darren Leong", "Jeffrey A. Golden", "Binh N. Trinh", "Paul J. Wolters", "Claude J. Le Saux", "Kirk D. Jones", "Nancy K. Hills", "Elena Foster", "Justin M. Oldham", "Angela L. Linderholm", "Prerna Kotak", "Martin Decaris", "Scott Turner", "Jin-Woo Song"], "doi": "10.1056/nejmc1915189", "first_seen_on": "2020-03-14T16:38:42+00:00", "issns": ["0028-4793", "1533-4406"], "journal": "New England Journal of Medicine", "last_mentioned_on": 1584391250, "links": ["https://www.ncbi.nlm.nih.gov/pubmed/32160670", "https://www.nejm.org/doi/full/10.1056/NEJMc1915189", "https://www.nejm.org/doi/full/10.1056/NEJMc1915189#.Xm_kTlQQJ2k.twitter"], "pmid": "32160670", "pubdate": "2020-03-12T00:00:00+00:00", "publisher_subjects": [{"name": "Medical And Health Sciences", "scheme": "era"}], "scopus_subjects": ["Medicine", "Health Sciences"], "title": "Reversal of TGF\u03b21-Driven Profibrotic State in Patients with Pulmonary Fibrosis", "type": "article"}, "altmetric_score": {"score": 1.5, "score_history": {"1y": 1.5, "6m": 1.5, "3m": 1.5, "1m": 1.5, "1w": 1.5, "6d": 1.5, "5d": 1.5, "4d": 1.5, "3d": 1.25, "2d": 1.25, "1d": 0, "at": 1.5}, "context_for_score": {"all": {"total_number_of_other_articles": 14515745, "mean": 8.4678829075407, "rank": 8368001, "this_scored_higher_than_pct": 40, "this_scored_higher_than": 5847599, "rank_type": "exact", "sample_size": 14515745, "percentile": 40}, "similar_age_3m": {"total_number_of_other_articles": 145184, "mean": 14.103893444825, "rank": 72061, "this_scored_higher_than_pct": 47, "this_scored_higher_than": 69392, "rank_type": "exact", "sample_size": 145184, "percentile": 47}, "this_journal": {"total_number_of_other_articles": 26209, "mean": 69.107979624542, "rank": 22260, "this_scored_higher_than_pct": 14, "this_scored_higher_than": 3733, "rank_type": "exact", "sample_size": 26209, "percentile": 14}, "similar_age_this_journal_3m": {"total_number_of_other_articles": 122, "mean": 165.74755371901, "rank": 108, "this_scored_higher_than_pct": 9, "this_scored_higher_than": 11, "rank_type": "exact", "sample_size": 122, "percentile": 9}}}, "demographics": {"poster_types": {"member_of_the_public": 2, "researcher": 1}, "users": {"twitter": {"cohorts": {"Members of the public": 2, "Scientists": 1}}}, "geo": {"twitter": {"FR": 1, "US": 1}}}, "posts": {"twitter": [{"license": "gnip", "citation_ids": [77511953], "author": {"tweeter_id": "1099494762296397824"}, "tweet_id": "1238867106428596226"}, {"license": "gnip", "citation_ids": [77511953], "author": {"tweeter_id": "91581868"}, "tweet_id": "1239524016341352448"}, {"license": "gnip", "citation_ids": [77511953], "author": {"tweeter_id": "2512145188"}, "tweet_id": "1239652868262674438"}]}, "score": 1.5, "images": {"small": "https://badges.altmetric.com/?size=64&score=2&types=tttttttt", "medium": "https://badges.altmetric.com/?size=100&score=2&types=tttttttt", "large": "https://badges.altmetric.com/?size=180&score=2&types=tttttttt"}}