{"altmetric_id": 77052779, "counts": {"readers": {"mendeley": 0, "citeulike": 0, "connotea": 0}, "news": {"unique_users_count": 1, "unique_users": ["bioportfolio"], "posts_count": 1}, "total": {"posts_count": 58}, "twitter": {"unique_users_count": 53, "posts_count": 57}}, "citation": {"altmetric_jid": "4f6fa4f73cf058f610002fcf", "authors": ["Hai Nguyen Thanh", "Truong Nguyen Van", "Huong Ngo Thi Thu", "Binh Nghiem Van", "Binh Doan Thanh", "Ha Phung Thi Thu", "Anh Nguyen Thi Kieu", "Nhung Nguyen Viet", "Guy B Marks", "Greg J Fox", "Thu-Anh Nguyen"], "doi": "10.1016/s1473-3099(20)30159-6", "first_seen_on": "2020-03-04T23:57:31+00:00", "handles": [], "isbns": [], "issns": ["1473-3099"], "journal": "Lancet Infectious Diseases", "last_mentioned_on": 1584274071, "links": ["https://www.thelancet.com/journals/laninf/article/PIIS1473-3099(20)30159-6/fulltext", "https://www.thelancet.com/journals/laninf/article/PIIS1473-3099(20)30159-6/fulltext?rss=yes", "https://www.thelancet.com/journals/laninf/article/PIIS1473-3099(20)30159-6/fulltext#.XmC4jlx0sSw.twitter", "https://www.thelancet.com/journals/laninf/article/PIIS1473-3099(20)30159-6/fulltext#%20", "https://www.ncbi.nlm.nih.gov/pubmed/32145188"], "pmid": "32145188", "pubdate": "2020-03-01T00:00:00+00:00", "publisher_subjects": [{"name": "Clinical Sciences", "scheme": "era"}, {"name": "Medical Microbiology", "scheme": "era"}], "scopus_subjects": ["Medicine", "Health Sciences"], "subjects": ["communicablediseases"], "title": "Outbreak investigation for COVID-19 in northern Vietnam", "type": "article"}, "altmetric_score": {"score": 48.2, "score_history": {"1y": 48.2, "6m": 48.2, "3m": 48.2, "1m": 48.2, "1w": 2.35, "6d": 1.35, "5d": 1.35, "4d": 1.35, "3d": 0.5, "2d": 0, "1d": 0, "at": 48.2}, "context_for_score": {"all": {"total_number_of_other_articles": 14518712, "mean": 8.4679625195264, "rank": 403915, "this_scored_higher_than_pct": 97, "this_scored_higher_than": 14114755, "rank_type": "exact", "sample_size": 14518712, "percentile": 97}, "similar_age_3m": {"total_number_of_other_articles": 154787, "mean": 14.265514374685, "rank": 7467, "this_scored_higher_than_pct": 95, "this_scored_higher_than": 147319, "rank_type": "exact", "sample_size": 154787, "percentile": 95}, "this_journal": {"total_number_of_other_articles": 3961, "mean": 34.387876262626, "rank": 544, "this_scored_higher_than_pct": 86, "this_scored_higher_than": 3417, "rank_type": "exact", "sample_size": 3961, "percentile": 86}, "similar_age_this_journal_3m": {"total_number_of_other_articles": 122, "mean": 85.43252892562, "rank": 41, "this_scored_higher_than_pct": 66, "this_scored_higher_than": 81, "rank_type": "exact", "sample_size": 122, "percentile": 66}}}, "demographics": {"poster_types": {"member_of_the_public": 46, "researcher": 5, "practitioner": 1, "science_communicator": 1}, "users": {"twitter": {"cohorts": {"Science communicators (journalists, bloggers, editors)": 1, "Members of the public": 46, "Scientists": 5, "Practitioners (doctors, other healthcare professionals)": 1}}}, "geo": {"twitter": {"GB": 2, "US": 3, "AU": 3, "ID": 10, "CI": 1, "FR": 1}}}, "posts": {"twitter": [{"license": "gnip", "citation_ids": [77052779], "author": {"tweeter_id": "2375643853"}, "tweet_id": "1235353626744410113"}, {"license": "gnip", "citation_ids": [77052779], "author": {"tweeter_id": "878668602542522368"}, "tweet_id": "1235354078332489728"}, {"license": "gnip", "citation_ids": [77052779], "author": {"tweeter_id": "15965877"}, "tweet_id": "1235354606713966592"}, {"license": "gnip", "citation_ids": [77052779], "author": {"tweeter_id": "954242485596901376"}, "tweet_id": "1235355684578918401"}, {"license": "gnip", "citation_ids": [77052779], "author": {"tweeter_id": "868137108766052352"}, "tweet_id": "1235356255805292544"}, {"license": "gnip", "citation_ids": [77052779], "author": {"tweeter_id": "1176641873206812672"}, "tweet_id": "1235356299287769088"}, {"license": "gnip", "citation_ids": [77052779], "author": {"tweeter_id": "1135286631219552257"}, "tweet_id": "1235360192960901120"}, {"license": "gnip", "citation_ids": [77052779], "author": {"tweeter_id": "1064271831568273408"}, "tweet_id": "1235363733158989824"}, {"license": "gnip", "citation_ids": [77052779], "author": {"tweeter_id": "1195310926976765952"}, "tweet_id": "1235482762779463680"}, {"license": "gnip", "citation_ids": [77052779], "author": {"tweeter_id": "169194976"}, "tweet_id": "1235756328217243648"}, {"license": "gnip", "citation_ids": [77052779], "author": {"tweeter_id": "967936507045543936"}, "tweet_id": "1235769451691335680"}, {"license": "gnip", "citation_ids": [77052779], "author": {"tweeter_id": "1646373277"}, "tweet_id": "1235771514512908288"}, {"license": "gnip", "citation_ids": [77052779], "author": {"tweeter_id": "253063316"}, "tweet_id": "1235772248969154561"}, {"license": "gnip", "citation_ids": [77052779], "author": {"tweeter_id": "1120346046901526528"}, "tweet_id": "1235773010528919552"}, {"license": "gnip", "citation_ids": [77052779], "author": {"tweeter_id": "3284747905"}, "tweet_id": "1235786274214035456"}, {"license": "gnip", "citation_ids": [77052779], "author": {"tweeter_id": "14465282"}, "tweet_id": "1235833044361080832"}, {"license": "gnip", "citation_ids": [77052779], "author": {"tweeter_id": "752900803879460864"}, "tweet_id": "1235855287350771712"}, {"license": "gnip", "citation_ids": [77052779], "author": {"tweeter_id": "1089102684592861184"}, "tweet_id": "1235938271353434112"}, {"license": "gnip", "citation_ids": [77052779], "author": {"tweeter_id": "64128483"}, "tweet_id": "1236092094822772736"}, {"license": "gnip", "citation_ids": [77052779], "author": {"tweeter_id": "253063316"}, "tweet_id": "1236157978606047233"}, {"license": "gnip", "citation_ids": [77052779], "author": {"tweeter_id": "1075114354377256960"}, "tweet_id": "1236158249801576449"}, {"license": "gnip", "citation_ids": [77052779], "author": {"tweeter_id": "62293005"}, "tweet_id": "1236159862595149830"}, {"license": "gnip", "citation_ids": [77052779], "author": {"tweeter_id": "498272759"}, "tweet_id": "1236162629304856577"}, {"license": "gnip", "citation_ids": [77052779], "author": {"tweeter_id": "403468410"}, "tweet_id": "1236167793675915264"}, {"license": "gnip", "citation_ids": [77052779], "author": {"tweeter_id": "380761087"}, "tweet_id": "1236167864228261891"}, {"license": "gnip", "citation_ids": [77052779], "author": {"tweeter_id": "1089102684592861184"}, "tweet_id": "1236179320105660416"}, {"license": "gnip", "citation_ids": [77052779], "author": {"tweeter_id": "67241875"}, "tweet_id": "1236182483315625985"}, {"license": "gnip", "citation_ids": [77052779], "author": {"tweeter_id": "943702460903800832"}, "tweet_id": "1236183082928967680"}, {"license": "gnip", "citation_ids": [77052779], "author": {"tweeter_id": "21177731"}, "tweet_id": "1236184950216331265"}, {"license": "gnip", "citation_ids": [77052779], "author": {"tweeter_id": "16882261"}, "tweet_id": "1236186305794473984"}, {"license": "gnip", "citation_ids": [77052779], "author": {"tweeter_id": "158273581"}, "tweet_id": "1236186582962462722"}, {"license": "gnip", "citation_ids": [77052779], "author": {"tweeter_id": "1689985867"}, "tweet_id": "1236186882502877184"}, {"license": "gnip", "citation_ids": [77052779], "author": {"tweeter_id": "4583889024"}, "tweet_id": "1236187714778587137"}, {"license": "gnip", "citation_ids": [77052779], "author": {"tweeter_id": "1091599265200144384"}, "tweet_id": "1236189721803419649"}, {"license": "gnip", "citation_ids": [77052779], "author": {"tweeter_id": "2316711032"}, "tweet_id": "1236190194342096896"}, {"license": "gnip", "citation_ids": [77052779], "author": {"tweeter_id": "278953334"}, "tweet_id": "1236192296443334657"}, {"license": "gnip", "citation_ids": [77052779], "author": {"tweeter_id": "2787147841"}, "tweet_id": "1236192368342134786"}, {"license": "gnip", "citation_ids": [77052779], "author": {"tweeter_id": "1190820441813700609"}, "tweet_id": "1236193028252950529"}, {"license": "gnip", "citation_ids": [77052779], "author": {"tweeter_id": "73605982"}, "tweet_id": "1236196065344278530"}, {"license": "gnip", "citation_ids": [77052779], "author": {"tweeter_id": "488008634"}, "tweet_id": "1236197560538116097"}, {"license": "gnip", "citation_ids": [77052779], "author": {"tweeter_id": "260595811"}, "tweet_id": "1236198923301089280"}, {"license": "gnip", "citation_ids": [77052779], "author": {"tweeter_id": "1019987068397617152"}, "tweet_id": "1236207624757981184"}, {"license": "gnip", "citation_ids": [77052779], "author": {"tweeter_id": "421022888"}, "tweet_id": "1236208086194376704"}, {"license": "gnip", "citation_ids": [77052779], "author": {"tweeter_id": "569553129"}, "tweet_id": "1236242001105842176"}, {"license": "gnip", "citation_ids": [77052779], "author": {"tweeter_id": "603251849"}, "tweet_id": "1236247299786821639"}, {"license": "gnip", "citation_ids": [77052779], "author": {"tweeter_id": "67007643"}, "tweet_id": "1236263415603060736"}, {"license": "gnip", "citation_ids": [77052779], "author": {"tweeter_id": "1550026536"}, "tweet_id": "1236355752702251009"}, {"license": "gnip", "citation_ids": [77052779], "author": {"tweeter_id": "242704195"}, "tweet_id": "1236492424194568192"}, {"license": "gnip", "citation_ids": [77052779], "author": {"tweeter_id": "605919022"}, "tweet_id": "1236672062409736192"}, {"license": "gnip", "citation_ids": [77052779], "author": {"tweeter_id": "1632897678"}, "tweet_id": "1236831168022089728"}, {"license": "gnip", "citation_ids": [77052779], "author": {"tweeter_id": "253063316"}, "tweet_id": "1236847854641012736"}, {"license": "gnip", "citation_ids": [77052779], "author": {"tweeter_id": "925675307771740160"}, "tweet_id": "1236856212827688961"}, {"license": "gnip", "citation_ids": [77052779], "author": {"tweeter_id": "498272759"}, "tweet_id": "1236868061128314882"}, {"license": "gnip", "citation_ids": [77052779], "author": {"tweeter_id": "1099494762296397824"}, "tweet_id": "1237417554924187648"}, {"license": "gnip", "citation_ids": [77052779], "author": {"tweeter_id": "962422577472987142"}, "tweet_id": "1237901715845890049"}, {"license": "gnip", "citation_ids": [77052779], "author": {"tweeter_id": "1234353261223657476"}, "tweet_id": "1238792993110253570"}, {"license": "gnip", "citation_ids": [77052779], "author": {"tweeter_id": "46984101"}, "tweet_id": "1239161386451664897"}], "news": [{"title": "[Correspondence] Outbreak investigation for COVID-19 in northern Vietnam", "url": "http://ct.moreover.com/?a=41541609024&p=1pl&v=1&x=A6rB9Kl6_3oL9pxF8uaQag", "license": "public", "citation_ids": [77052779], "posted_on": "2020-03-05T02:09:56+00:00", "summary": "Two Vietnamese adults returned to their home province of Vinh Phuc in northern Vietnam on Jan 17, 2020, from Wuhan, China, where they had been living since Nov 15, 2019, for a business trip.", "author": {"name": "Bioportfolio", "url": "http://www.bioportfolio.com/", "image": "https://s3.amazonaws.com/weyland.altmetric.com/news_sources/logos/000/000/821/normal/Screen_Shot_2015-12-11_at_16.36.54.png?1449851849"}}]}, "score": 48.2, "images": {"small": "https://badges.altmetric.com/?size=64&score=49&types=mttttttt", "medium": "https://badges.altmetric.com/?size=100&score=49&types=mttttttt", "large": "https://badges.altmetric.com/?size=180&score=49&types=mttttttt"}}