{"altmetric_id": 77268445, "counts": {"readers": {"mendeley": 0, "citeulike": 0, "connotea": 0}, "total": {"posts_count": 3}, "twitter": {"unique_users_count": 3, "posts_count": 3}}, "citation": {"altmetric_jid": "4f6fa5123cf058f61000334c", "authors": ["Jian Shang", "Yushun Wan", "Chang Liu", "Boyd Yount", "Kendra Gully", "Yang", "Ashley Auerbach", "Guiqing Peng", "Ralph Baric", "Fang Li"], "doi": "10.1371/journal.ppat.1008392", "first_seen_on": "2020-03-09T21:09:32+00:00", "handles": [], "isbns": [], "issns": ["1553-7374"], "issue": "3", "journal": "PLoS Pathogens", "last_mentioned_on": 1583878109, "links": ["https://journals.plos.org/plospathogens/article?id=10.1371/journal.ppat.1008392", "https://www.ncbi.nlm.nih.gov/pubmed/32150576?dopt=Abstract&utm_source=dlvr.it&utm_medium=twitter", "https://www.ncbi.nlm.nih.gov/pubmed/32150576"], "pdf_url": "https://journals.plos.org/plospathogens/article/file?id=10.1371/journal.ppat.1008392&type=printable", "pmid": "32150576", "epubdate": "2020-03-09T00:00:00+00:00", "publisher_subjects": [{"name": "Microbiology", "scheme": "era"}, {"name": "Immunology", "scheme": "era"}, {"name": "Medical Microbiology", "scheme": "era"}], "scopus_subjects": ["Biochemistry, Genetics and Molecular Biology", "Life Sciences", "Immunology and Microbiology"], "startpage": "e1008392", "title": "Structure of mouse coronavirus spike protein complexed with receptor reveals mechanism for viral entry", "type": "article", "volume": "16"}, "altmetric_score": {"score": 1, "score_history": {"1y": 1, "6m": 1, "3m": 1, "1m": 1, "1w": 0, "6d": 0, "5d": 0, "4d": 0, "3d": 0, "2d": 0, "1d": 0, "at": 1}, "context_for_score": {"all": {"total_number_of_other_articles": 14515681, "mean": 8.4674375570305, "rank": 9114797, "this_scored_higher_than_pct": 24, "this_scored_higher_than": 3504820, "rank_type": "exact", "sample_size": 14515681, "percentile": 24}, "similar_age_3m": {"total_number_of_other_articles": 148993, "mean": 14.143374342247, "rank": 84398, "this_scored_higher_than_pct": 35, "this_scored_higher_than": 52507, "rank_type": "exact", "sample_size": 148993, "percentile": 35}, "this_journal": {"total_number_of_other_articles": 6537, "mean": 15.804460220318, "rank": 5282, "this_scored_higher_than_pct": 13, "this_scored_higher_than": 853, "rank_type": "exact", "sample_size": 6537, "percentile": 13}, "similar_age_this_journal_3m": {"total_number_of_other_articles": 5, "mean": 33.6375, "rank": 5, "this_scored_higher_than_pct": 1, "this_scored_higher_than": 0, "rank_type": "exact", "sample_size": 5, "percentile": 1}}}, "demographics": {"poster_types": {"member_of_the_public": 2, "researcher": 1}, "users": {"twitter": {"cohorts": {"Scientists": 1, "Members of the public": 2}}}, "geo": {"twitter": {"NL": 1, "FR": 1}}}, "posts": {"twitter": [{"license": "gnip", "citation_ids": [77268445], "author": {"tweeter_id": "4416084738"}, "tweet_id": "1237123329762476035"}, {"license": "gnip", "citation_ids": [77268445], "author": {"tweeter_id": "1191745846615957506"}, "tweet_id": "1237319171777499137"}, {"license": "gnip", "citation_ids": [77268445], "author": {"tweeter_id": "1099494762296397824"}, "tweet_id": "1237500600708980736"}]}, "score": 1, "images": {"small": "https://badges.altmetric.com/?size=64&score=1&types=tttttttt", "medium": "https://badges.altmetric.com/?size=100&score=1&types=tttttttt", "large": "https://badges.altmetric.com/?size=180&score=1&types=tttttttt"}}