{"altmetric_id": 76910302, "counts": {"readers": {"mendeley": 0, "citeulike": 0, "connotea": 0}, "total": {"posts_count": 137}, "twitter": {"unique_users_count": 81, "posts_count": 83}, "news": {"unique_users_count": 40, "unique_users": ["z_magazine", "rtl_niews", "morning_star", "zakon_kz", "lenta_ru", "rbc_daily", "istoe_dinheiro", "isto_e", "bol", "redetv", "nominuto_com", "o_documento", "coindesk", "techheading", "pensions_investments", "yahoo_finance_usa", "the_conversation", "foreign_affairs_new_zealand", "the_guardian", "moneydj", "danilposh", "express_informer", "msn", "regulation_asia", "hellenic_shipping_news_worldwide", "citynews_com_au", "origo", "yahoo_news", "al_jazeera", "washington_post", "new_zealand_herald", "the_nation_thailand", "the_national_interest", "the_independent", "forbes_russia", "seeking_alpha", "gendai_business", "benzinga", "agora", "open_democracy"], "posts_count": 50}, "blogs": {"unique_users_count": 3, "unique_users": [73006, 52139, 60750], "posts_count": 3}}, "citation": {"aggregate_citation_ids": [], "altmetric_jid": "4f6fa5653cf058f610004a77", "book_cover_url": "https://s3-eu-west-1.amazonaws.com/bookcovers.altmetric.com/assets.oecdcode.org/cb0a/3f10667a51ca352e2543fe6d4de1.jpg", "doi": "10.1787/7969896b-en", "first_seen_on": "2020-03-02T10:24:38+00:00", "isbns": ["9789264654228"], "issns": ["1609-7408"], "journal": "OECD Economic Outlook", "last_mentioned_on": 1584364777, "links": ["https://www.oecd-ilibrary.org/economics/oecd-economic-outlook/volume-2019/issue-2_7969896b-en;jsessionid=uU-Bd0UztSvD6t6X8Ye2Gy9s.ip-10-240-5-125", "https://www.oecd-ilibrary.org/docserver/7969896b-en.pdf?expires=1583146839&id=id&accname=guest&checksum=46F57855B7D44114256097139EDB96BB", "https://www.oecd-ilibrary.org/docserver/7969896b-en.pdf?expires=1583147829&id=id&accname=ocid77016329&checksum=A8192BC9B873C8C1F3FD9D2114D7627E", "https://www.oecd-ilibrary.org/economics/oecd-economic-outlook/volume-2019/issue-2_7969896b-en", "https://www.oecd-ilibrary.org/docserver/7969896b-en.pdf?expires=1583147298&id=id&accname=guest&checksum=E6C29D057A3F06A3F1BED0C3EC660229", "https://www.oecd-ilibrary.org/docserver/7969896b-en.pdf?expires=1583148145&id=id&accname=guest&checksum=11DECCCF140D17A9D9757F1483A4879D", "https://www.oecd-ilibrary.org/docserver/7969896b-en.pdf?expires=1583146014&id=id&accname=guest&checksum=5866F417AED7ED440D20B6B42D8A256C", "https://www.oecd-ilibrary.org/economics/oecd-economic-outlook/volume-2019/issue-2_7969896b-en;jsessionid=ZzAtUlnTle0nl3JfR4wI03kd.ip-10-240-5-101", "https://www.oecd-ilibrary.org/docserver/7969896b-en.pdf?expires=1583149461&id=id&accname=guest&checksum=9B2BBDDDAD2D39A9B7F50F8780255F24", "https://www.oecd-ilibrary.org/docserver/7969896b-en.pdf?expires=1583145421&id=id&accname=guest&checksum=155AA4EA8296F714A05AE95234E6EEE3", "https://www.oecd-ilibrary.org/docserver/7969896b-en.pdf?expires=1583144588&id=id&accname=guest&checksum=9D052E85211EAF6BE6894526B12B3F94", "https://www.oecd-ilibrary.org/docserver/7969896b-en.pdf?expires=1583154751&id=id&accname=guest&checksum=95E6336E7C006B0CD20B627C8978D4BB", "https://www.oecd-ilibrary.org/docserver/7969896b-en.pdf?expires=1583156003&id=id&accname=guest&checksum=33BE61D1DF9FFD5F3299A7DE90AE82A3", "https://www.oecd-ilibrary.org/docserver/7969896b-en.pdf?expires=1583156808&id=id&accname=guest&checksum=1385925AF886342AEAB893BC78BD39CE", "https://www.oecd-ilibrary.org/economics/oecd-economic-outlook/volume-2019/issue-2_7969896b-en;jsessionid=c-0YGJLtz9PTFVvbvD5rGq16.ip-10-240-5-188", "https://www.oecd-ilibrary.org/docserver/7969896b-en.pdf?expires=1583157633&id=id&accname=guest&checksum=6CFD367B943321D6C56687456393950B", "https://www.oecd-ilibrary.org/docserver/7969896b-en.pdf?expires=1583161317&id=id&accname=guest&checksum=39670416E287E1B35F055EAC2FBA6588", "https://www.oecd-ilibrary.org/docserver/7969896b-en.pdf?expires=1583161950&id=id&accname=guest&checksum=1FCA61B720286174AEC3DCA1845E44A3", "https://www.oecd-ilibrary.org/docserver/7969896b-en.pdf?expires=1583162203&id=id&accname=ocid195767&checksum=6D46F74C75A0BEFD66DBD2F2B1569007", "https://www.oecd-ilibrary.org/economics/oecd-economic-outlook/volume-2019/issue-2_7969896b-en;jsessionid=vYCMGuat7UMgwPvykrycSELe.ip-10-240-5-188", "https://www.oecd-ilibrary.org/economics/oecd-economic-outlook/volume-2019/issue-2_7969896b-en;jsessionid=GVhmiJ7m4mpsTOfLt4EG2KBr.ip-10-240-5-125", "https://www.oecd-ilibrary.org/docserver/7969896b-en.pdf?expires=1583153753&id=id&accname=guest&checksum=F2D4AB5CB4663E62DE1C37C9F8FF7684", "https://www.oecd-ilibrary.org/docserver/7969896b-en.pdf?expires=1583161670&#038;id=id&%23038;accname=guest&%23038;checksum=103BA66EFD37F11ABAD365A2BCCCFD95", "https://www.oecd-ilibrary.org/docserver/7969896b-en.pdf?expires=1583173344&id=id&accname=guest&checksum=35721954FEA99A1D1178FFA497B3E467", "https://www.oecd-ilibrary.org/docserver/7969896b-en.pdf?expires=1583173446&id=id&accname=guest&checksum=B1AC62A375F647563F9E406F92E42CD9", "https://www.oecd-ilibrary.org/docserver/7969896b-en.pdf?expires=1583176702&id=id&accname=guest&checksum=655B2DCBCBBA2EAC1D676AB8DD30FCA4", "https://www.oecd-ilibrary.org/docserver/7969896b-en.pdf?expires=1583178312&id=id&accname=guest&checksum=B099C7C7212480D73E42514603C4AC7C", "https://www.oecd-ilibrary.org/economics/oecd-economic-outlook/volume-2019/issue-2_7969896b-en;jsessionid=QSlf7Q6QuTT1KXP2CAU-W8YR.ip-10-240-5-188", "https://www.oecd-ilibrary.org/economics/oecd-economic-outlook/volume-2019/issue-2_7969896b-en;jsessionid=tWNSY_aS6J2lhfeS7oHpJj6L.ip-10-240-5-187", "https://www.oecd-ilibrary.org/docserver/7969896b-en.pdf?expires=1583174660&id=id&accname=guest&checksum=10591FF9AB772474F51BE398D2795B99", "https://www.oecd-ilibrary.org/docserver/7969896b-en.pdf?expires=1583150279&id=id&accname=guest&checksum=DAB56916C29AB30A87AFF6EA6CFE949D", "https://www.oecd-ilibrary.org/economics/oecd-economic-outlook/volume-2019/issue-2_7969896b-en;jsessionid=jpECBGuenNCSTJ4dcDP7qwlB.ip-10-240-5-37", "https://www.oecd-ilibrary.org/docserver/7969896b-en.pdf?expires=1583189041&id=id&accname=guest&checksum=F318690C09F3C2FDE460ABAD826C57B7", "https://www.oecd-ilibrary.org/docserver/7969896b-en.pdf?expires=1583190648&id=id&accname=ocid194681&checksum=0394E7E583C8F97E4F5F8D9B7B14AE8E", "https://www.oecd-ilibrary.org/docserver/7969896b-en.pdf?expires=1583201055&id=id&accname=guest&checksum=F70660A5FAF66A7E9FE0F9FA9B029F3A", "https://www.oecd-ilibrary.org/docserver/7969896b-en.pdf?expires=1583203297&id=id&accname=guest&checksum=814AABB64648CCBCB7A9CC4D2A9C706B", "https://www.oecd-ilibrary.org/docserver/7969896b-en.pdf?expires=1583171676&id=id&accname=guest&checksum=648D5B98584831355967B7CCDC4CFBD1", "https://www.oecd-ilibrary.org/economics/oecd-economic-outlook/volume-2019/issue-2_7969896b-en;jsessionid=gN4ANlX0jMu-cy0Phqiensru.ip-10-240-5-37", "https://www.oecd-ilibrary.org/economics/oecd-economic-outlook/volume-2019/issue-2_7969896b-en;jsessionid=S0YmYhQ5fkGA9-M4azHJJszz.ip-10-240-5-26", "https://www.oecd-ilibrary.org/economics/oecd-economic-outlook/volume-2019/issue-2_7969896b-en;jsessionid=mI4R_qpr05MfyHcALuOhL5H-.ip-10-240-5-152", "https://www.oecd-ilibrary.org/docserver/7969896b-en.pdf?expires=1583170847&id=id&accname=guest&checksum=B9D87B50C278F24791CD965160365725", "https://www.oecd-ilibrary.org/docserver/7969896b-en.pdf?expires=1583229573&id=id&accname=guest&checksum=9075DCB773B63FB793D3FD51B8379DD4", "https://www.oecd-ilibrary.org/docserver/7969896b-en.pdf?expires=1583166683&id=id&accname=guest&checksum=3F1B97D9F6E43FBF0F3813A6562FAF31", "https://www.oecd-ilibrary.org/economics/oecd-economic-outlook/volume-2019/issue-2_7969896b-en;jsessionid=pxf3dg7Gy18ONMp1YARjIbap.ip-10-240-5-152", "https://www.oecd-ilibrary.org/docserver/7969896b-en.pdf?expires=1583255325&id=id&accname=guest&checksum=8F2301616CFFD9066078A618C7A1335B", "https://www.oecd-ilibrary.org/economics/oecd-economic-outlook/volume-2019/issue-2_7969896b-en;jsessionid=aqmbrcYxkvC238Y0kABLjuJd.ip-10-240-5-42", "https://www.oecd-ilibrary.org/docserver/7969896b-en.pdf?expires=1583327435&id=id&accname=guest&checksum=5B9D0476A23B03B32A70D957B870C600", "https://www.oecd-ilibrary.org/docserver/7969896b-en.pdf?expires=1583350487&id=id&accname=guest&checksum=6597AC4855A79ED75057A7D3EB94449B", "https://www.oecd-ilibrary.org/economics/oecd-economic-outlook/volume-2019/issue-2_7969896b-en;jsessionid=-NieKK8ye0avwwN0_8vOueRa.ip-10-240-5-187", "https://www.oecd-ilibrary.org/economics/oecd-economic-outlook/volume-2019/issue-2_7969896b-en;jsessionid=HuVOt1cOWGRRosM2Bzf9XGVm.ip-10-240-5-107", "https://www.oecd-ilibrary.org/docserver/7969896b-en.pdf?expires=1583509952&id=id&accname=guest&checksum=B3EB4F8C93E4D1E704232DA54A13A4E3", "https://www.oecd-ilibrary.org/economics/oecd-economic-outlook/volume-2019/issue-2_7969896b-en;jsessionid=49-tAVhrVtn_rZXUXK9nmVsF.ip-10-240-5-107", "https://www.oecd-ilibrary.org/docserver/7969896b-en.pdf?expires=1583206493&id=id&accname=guest&checksum=9EE9C72855102566814E5BA16FFAFD2F", "https://www.oecd-ilibrary.org/docserver/7969896b-en.pdf?expires=1583683977&id=id&accname=guest&checksum=3EFE8181DAF04DB1DBFBA660ECF064F4", "https://www.oecd-ilibrary.org/docserver/7969896b-en.pdf?expires=1583680531&id=id&accname=guest&checksum=7401C7C61A5EDE8C480A7400186FC8C9", "https://www.oecd-ilibrary.org/docserver/7969896b-en.pdf?expires=1583745507&id=id&accname=guest&checksum=6EADDF5686F5945B4B7842614AAD2E3D", "https://www.oecd-ilibrary.org/economics/oecd-economic-outlook/volume-2019/issue-2_7969896b-en;jsessionid=tbErPD5-i-AnZ82vfJ3s5CVO.ip-10-240-5-161", "https://www.oecd-ilibrary.org/docserver/7969896b-en.pdf?expires=1583766368&id=id&accname=guest&checksum=B2F8AC32723183797D0E34DF3083A487", "https://www.oecd-ilibrary.org/docserver/7969896b-en.pdf?expires=1583760146&id=id&accname=ocid44008324&checksum=87DB00385E8D6183A747E2519F50A9D8", "https://www.oecd-ilibrary.org/docserver/7969896b-en.pdf?expires=1583755344&id=id&accname=guest&checksum=03D1E2B9C938756C609908FD1BCAE571", "https://www.oecd-ilibrary.org/docserver/7969896b-en.pdf?expires=1583283788&id=id&accname=guest&checksum=D58892F2C9122901E02A24E56A6C7D6A", "https://www.oecd-ilibrary.org/docserver/7969896b-en.pdf", "https://www.oecd-ilibrary.org/docserver/7969896b-en.pdf?expires=1583372877&id=id&accname=guest&checksum=28C7AB9BC91CB5B081E0FE1FDFDDB2DB"], "pubdate": "2020-03-02T00:00:00+00:00", "publisher": "Organisation for Economic Co-operation and Development", "title": "OECD Economic Outlook, Interim Report March 2020", "type": "book"}, "altmetric_score": {"score": 406.51, "score_history": {"1y": 406.51, "6m": 406.51, "3m": 406.51, "1m": 406.51, "1w": 25.85, "6d": 25.85, "5d": 25.85, "4d": 17.85, "3d": 9.85, "2d": 7, "1d": 0, "at": 406.51}, "context_for_score": {"all": {"total_number_of_other_articles": 14519357, "mean": 8.4689242331297, "rank": 28318, "this_scored_higher_than_pct": 99, "this_scored_higher_than": 14491126, "rank_type": "exact", "sample_size": 14519357, "percentile": 99}, "similar_age_3m": {"total_number_of_other_articles": 156512, "mean": 14.29593275872, "rank": 618, "this_scored_higher_than_pct": 99, "this_scored_higher_than": 155894, "rank_type": "exact", "sample_size": 156512, "percentile": 99}, "this_journal": {"total_number_of_other_articles": 48, "mean": 8.128170212766, "rank": 1, "this_scored_higher_than_pct": 97, "this_scored_higher_than": 47, "rank_type": "exact", "sample_size": 48, "percentile": 97}, "similar_age_this_journal_3m": {"total_number_of_other_articles": 1, "mean": 0, "rank": 1, "this_scored_higher_than_pct": 1, "this_scored_higher_than": 0, "rank_type": "exact", "sample_size": 1, "percentile": 1}}}, "demographics": {"poster_types": {"member_of_the_public": 76, "researcher": 4, "science_communicator": 1}, "users": {"twitter": {"cohorts": {"Members of the public": 75, "Science communicators (journalists, bloggers, editors)": 1, "Scientists": 4}}}, "geo": {"twitter": {"DK": 3, "US": 5, "FR": 4, "CZ": 3, "GB": 3, "VE": 1, "BR": 1, "MX": 5, "ES": 5, "CH": 2, "IR": 1, "IT": 2, "NO": 1, "GT": 1, "JP": 1, "TR": 3, "CL": 1, "CA": 2, "FI": 2, "GR": 1, "CN": 1}}}, "posts": {"twitter": [{"license": "gnip", "citation_ids": [76910302], "author": {"tweeter_id": "1879227612"}, "tweet_id": "1234424304219181056"}, {"license": "gnip", "citation_ids": [76910302], "author": {"tweeter_id": "1879258616"}, "tweet_id": "1234427343864782848"}, {"license": "gnip", "citation_ids": [76910302], "author": {"tweeter_id": "79574488"}, "tweet_id": "1234427423162273793"}, {"license": "gnip", "citation_ids": [76910302], "author": {"tweeter_id": "2262623615"}, "tweet_id": "1234431561879216129"}, {"license": "gnip", "citation_ids": [76910302], "author": {"tweeter_id": "141141836"}, "tweet_id": "1234432556210192385"}, {"license": "gnip", "citation_ids": [76910302], "author": {"tweeter_id": "912566684"}, "tweet_id": "1234434619690360832"}, {"license": "gnip", "citation_ids": [76910302], "author": {"tweeter_id": "37876601"}, "tweet_id": "1234434709268156417"}, {"license": "gnip", "citation_ids": [76910302], "author": {"tweeter_id": "1082711498412249093"}, "tweet_id": "1234434932597981185"}, {"license": "gnip", "citation_ids": [76910302], "author": {"tweeter_id": "2924611907"}, "tweet_id": "1234435317685465089"}, {"license": "gnip", "citation_ids": [76910302], "author": {"tweeter_id": "1544364842"}, "tweet_id": "1234435457603325953"}, {"license": "gnip", "citation_ids": [76910302], "author": {"tweeter_id": "191066295"}, "tweet_id": "1234437013044109312"}, {"license": "gnip", "citation_ids": [76910302], "author": {"tweeter_id": "2710024153"}, "tweet_id": "1234437219580071936"}, {"license": "gnip", "citation_ids": [76910302], "author": {"tweeter_id": "1195449401940103168"}, "tweet_id": "1234439224205680640"}, {"license": "gnip", "citation_ids": [76910302], "author": {"tweeter_id": "22819556"}, "tweet_id": "1234439535355928577"}, {"license": "gnip", "citation_ids": [76910302], "author": {"tweeter_id": "903856590"}, "tweet_id": "1234443885671219202"}, {"license": "gnip", "citation_ids": [76910302], "author": {"tweeter_id": "2486744578"}, "tweet_id": "1234444017741463554"}, {"license": "gnip", "citation_ids": [76910302], "author": {"tweeter_id": "1087828064032223232"}, "tweet_id": "1234461288534827008"}, {"license": "gnip", "citation_ids": [76910302], "author": {"tweeter_id": "2195018227"}, "tweet_id": "1234466079973482496"}, {"license": "gnip", "citation_ids": [76910302], "author": {"tweeter_id": "854500114001481728"}, "tweet_id": "1234469620331024384"}, {"license": "gnip", "citation_ids": [76910302], "author": {"tweeter_id": "920483022205538306"}, "tweet_id": "1234469993909301248"}, {"license": "gnip", "citation_ids": [76910302], "author": {"tweeter_id": "106238853"}, "tweet_id": "1234472066084196355"}, {"license": "gnip", "citation_ids": [76910302], "author": {"tweeter_id": "432706448"}, "tweet_id": "1234474001411518470"}, {"license": "gnip", "citation_ids": [76910302], "author": {"tweeter_id": "122405499"}, "tweet_id": "1234477384000253952"}, {"license": "gnip", "citation_ids": [76910302], "author": {"tweeter_id": "986285578030379008"}, "tweet_id": "1234478237717323778"}, {"license": "gnip", "citation_ids": [76910302], "author": {"tweeter_id": "52674273"}, "tweet_id": "1234487608505503744"}, {"license": "gnip", "citation_ids": [76910302], "author": {"tweeter_id": "44656218"}, "tweet_id": "1234491924641468417"}, {"license": "gnip", "citation_ids": [76910302], "author": {"tweeter_id": "10934122"}, "tweet_id": "1234493686584684548"}, {"license": "gnip", "citation_ids": [76910302], "author": {"tweeter_id": "856173123489628163"}, "tweet_id": "1234494702885449734"}, {"license": "gnip", "citation_ids": [76910302], "author": {"tweeter_id": "38573613"}, "tweet_id": "1234495365484875778"}, {"license": "gnip", "citation_ids": [76910302], "author": {"tweeter_id": "837535433340801024"}, "tweet_id": "1234503446683947009"}, {"license": "gnip", "citation_ids": [76910302], "author": {"tweeter_id": "1232880480057356289"}, "tweet_id": "1234519045203869699"}, {"license": "gnip", "citation_ids": [76910302], "author": {"tweeter_id": "605240440"}, "tweet_id": "1234535208256462849"}, {"license": "gnip", "citation_ids": [76910302], "author": {"tweeter_id": "78135316"}, "tweet_id": "1234540951194001409"}, {"license": "gnip", "citation_ids": [76910302], "author": {"tweeter_id": "222628269"}, "tweet_id": "1234542043499835393"}, {"license": "gnip", "citation_ids": [76910302], "author": {"tweeter_id": "774186632777961472"}, "tweet_id": "1234550309776654337"}, {"license": "gnip", "citation_ids": [76910302], "author": {"tweeter_id": "1972379018"}, "tweet_id": "1234556509809520640"}, {"license": "gnip", "citation_ids": [76910302], "author": {"tweeter_id": "1320925746"}, "tweet_id": "1234557563980668930"}, {"license": "gnip", "citation_ids": [76910302], "author": {"tweeter_id": "1190292122441846785"}, "tweet_id": "1234563874478862339"}, {"license": "gnip", "citation_ids": [76910302], "author": {"tweeter_id": "201398420"}, "tweet_id": "1234563978413604865"}, {"license": "gnip", "citation_ids": [76910302], "author": {"tweeter_id": "834763569065517058"}, "tweet_id": "1234568436287725568"}, {"license": "gnip", "citation_ids": [76910302], "author": {"tweeter_id": "536316090"}, "tweet_id": "1234568721282338817"}, {"license": "gnip", "citation_ids": [76910302], "author": {"tweeter_id": "239889499"}, "tweet_id": "1234569327048876035"}, {"license": "gnip", "citation_ids": [76910302], "author": {"tweeter_id": "802054034"}, "tweet_id": "1234575679422902272"}, {"license": "gnip", "citation_ids": [76910302], "author": {"tweeter_id": "86223068"}, "tweet_id": "1234577236273094656"}, {"license": "gnip", "citation_ids": [76910302], "author": {"tweeter_id": "1489895438"}, "tweet_id": "1234600790553251841"}, {"license": "gnip", "citation_ids": [76910302], "author": {"tweeter_id": "897509371030188032"}, "tweet_id": "1234607516509757444"}, {"license": "gnip", "citation_ids": [76910302], "author": {"tweeter_id": "111711837"}, "tweet_id": "1234609407201357824"}, {"license": "gnip", "citation_ids": [76910302], "author": {"tweeter_id": "1098305911624531968"}, "tweet_id": "1234630841269133313"}, {"license": "gnip", "citation_ids": [76910302], "author": {"tweeter_id": "1056857028843397120"}, "tweet_id": "1234658164538146818"}, {"license": "gnip", "citation_ids": [76910302], "author": {"tweeter_id": "737922030490767360"}, "tweet_id": "1234706311356416000"}, {"license": "gnip", "citation_ids": [76910302], "author": {"tweeter_id": "572539795"}, "tweet_id": "1234731341461278721"}, {"license": "gnip", "citation_ids": [76910302], "author": {"tweeter_id": "220758115"}, "tweet_id": "1234732153612767232"}, {"license": "gnip", "citation_ids": [76910302], "author": {"tweeter_id": "179022357"}, "tweet_id": "1234734244250910722"}, {"license": "gnip", "citation_ids": [76910302], "author": {"tweeter_id": "1131821760247148544"}, "tweet_id": "1234734640411414530"}, {"license": "gnip", "citation_ids": [76910302], "author": {"tweeter_id": "1160991300021305344"}, "tweet_id": "1234734942938107904"}, {"license": "gnip", "citation_ids": [76910302], "author": {"tweeter_id": "1152135858784538625"}, "tweet_id": "1234736427801378816"}, {"license": "gnip", "citation_ids": [76910302], "author": {"tweeter_id": "273631657"}, "tweet_id": "1234743355864690689"}, {"license": "gnip", "citation_ids": [76910302], "author": {"tweeter_id": "500751096"}, "tweet_id": "1234749951193878528"}, {"license": "gnip", "citation_ids": [76910302], "author": {"tweeter_id": "556163950"}, "tweet_id": "1234760719968722946"}, {"license": "gnip", "citation_ids": [76910302], "author": {"tweeter_id": "1091516809"}, "tweet_id": "1234778510096523266"}, {"license": "gnip", "citation_ids": [76910302], "author": {"tweeter_id": "180586886"}, "tweet_id": "1234823771674103813"}, {"license": "gnip", "citation_ids": [76910302], "author": {"tweeter_id": "392448703"}, "tweet_id": "1234893804596908032"}, {"license": "gnip", "citation_ids": [76910302], "author": {"tweeter_id": "941417428394954752"}, "tweet_id": "1234985233167970305"}, {"license": "gnip", "citation_ids": [76910302], "author": {"tweeter_id": "37017989"}, "tweet_id": "1235082574348730368"}, {"license": "gnip", "citation_ids": [76910302], "author": {"tweeter_id": "4185404056"}, "tweet_id": "1235147669242351616"}, {"license": "gnip", "citation_ids": [76910302], "author": {"tweeter_id": "26055249"}, "tweet_id": "1235284818386194433"}, {"license": "gnip", "citation_ids": [76910302], "author": {"tweeter_id": "2982056122"}, "tweet_id": "1235364411180748801"}, {"license": "gnip", "citation_ids": [76910302], "author": {"tweeter_id": "27320082"}, "tweet_id": "1235560047121297410"}, {"license": "gnip", "citation_ids": [76910302], "author": {"tweeter_id": "18135618"}, "tweet_id": "1235603910376767489"}, {"license": "gnip", "citation_ids": [76910302], "author": {"tweeter_id": "986285578030379008"}, "tweet_id": "1235831979498561537"}, {"license": "gnip", "citation_ids": [76910302], "author": {"tweeter_id": "1724058733"}, "tweet_id": "1235941266854162432"}, {"license": "gnip", "citation_ids": [76910302], "author": {"tweeter_id": "465623586"}, "tweet_id": "1235957179678478336"}, {"license": "gnip", "citation_ids": [76910302], "author": {"tweeter_id": "465623586"}, "tweet_id": "1235957270086729728"}, {"license": "gnip", "citation_ids": [76910302], "author": {"tweeter_id": "1226156732629606400"}, "tweet_id": "1236301907301404674"}, {"license": "gnip", "citation_ids": [76910302], "author": {"tweeter_id": "1226156732629606400"}, "tweet_id": "1236301992387137536"}, {"license": "gnip", "citation_ids": [76910302], "author": {"tweeter_id": "1036263977108598784"}, "tweet_id": "1236954127076339714"}, {"license": "gnip", "citation_ids": [76910302], "author": {"tweeter_id": "335227252"}, "tweet_id": "1236955706907123712"}, {"license": "gnip", "citation_ids": [76910302], "author": {"tweeter_id": "26756644"}, "tweet_id": "1236961054783086592"}, {"license": "gnip", "citation_ids": [76910302], "author": {"tweeter_id": "3396901947"}, "tweet_id": "1236964930454204417"}, {"license": "gnip", "citation_ids": [76910302], "author": {"tweeter_id": "263571824"}, "tweet_id": "1236993524119339009"}, {"license": "gnip", "citation_ids": [76910302], "author": {"tweeter_id": "126990302"}, "tweet_id": "1237036548606111746"}, {"license": "gnip", "citation_ids": [76910302], "author": {"tweeter_id": "2315209628"}, "tweet_id": "1237281079943454720"}, {"license": "gnip", "citation_ids": [76910302], "author": {"tweeter_id": "14358162"}, "tweet_id": "1239510629087469568"}], "news": [{"title": "OESO: coronacrisis kan Eurozone in recessie duwen", "url": "http://ct.moreover.com/?a=41518475192&p=1pl&v=1&x=EC-MmSMNMoC-v8zyzV7QBQ", "license": "public", "citation_ids": [76910302], "posted_on": "2020-03-02T11:13:36+00:00", "summary": "De wereldwijde economische groei krijgt volgens de Organisatie voor Economische Samenwerking en Ontwikkeling (OESO) hoe dan ook een grote tik door de uitbraak van het coronavirus.", "author": {"name": "Z-magazine", "url": "https://www.rtlz.nl/", "image": "https://s3.amazonaws.com/weyland.altmetric.com/news_sources/logos/000/005/396/normal/Capture_9.PNG?1582280917"}}, {"title": "OESO: coronacrisis kan Eurozone in recessie duwen", "url": "http://ct.moreover.com/?a=41518492718&p=1pl&v=1&x=yJE7fY_IDUMXs_d67QRFFA", "license": "public", "citation_ids": [76910302], "posted_on": "2020-03-02T11:13:36+00:00", "summary": "De wereldwijde economische groei krijgt volgens de Organisatie voor Economische Samenwerking en Ontwikkeling (OESO) hoe dan ook een grote tik door de uitbraak van het coronavirus.", "author": {"name": "RTL Niews ", "url": "http://www.rtlnieuws.nl", "image": "https://s3.amazonaws.com/weyland.altmetric.com/news_sources/logos/000/001/399/normal/Screen_Shot_2015-11-19_at_17.12.07.png?1447953219"}}, {"title": "OECD calls for 'swift and forceful' global fiscal stimulus to counter 'severe' impact of coronavirus", "url": "http://ct.moreover.com/?a=41519379094&p=1pl&v=1&x=mmvvIUbk5GMZbfMTi7jKyg", "license": "public", "citation_ids": [76910302], "posted_on": "2020-03-02T13:14:00+00:00", "summary": "By Pierre Brian\u00e7on The Organisation for Economic Co-operation and Development (OECD) on Monday urged governments to act ( link ) \"swiftly and forcefully\" to help the world economy cushion the blow of the coronavirus outbreak, saying the disease\u2026", "author": {"name": "Morning Star", "url": "https://www.morningstar.com/", "image": "https://s3.amazonaws.com/weyland.altmetric.com/news_sources/logos/000/002/912/normal/Screen_Shot_2018-09-17_at_18.20.59.png?1537204915"}}, {"title": "\u041a\u043e\u0440\u043e\u043d\u0430\u0432\u0438\u0440\u0443\u0441 \u0443\u0445\u0443\u0434\u0448\u0438\u043b \u043f\u0440\u043e\u0433\u043d\u043e\u0437 \u0440\u043e\u0441\u0442\u0430 \u043c\u0438\u0440\u043e\u0432\u043e\u0439 \u044d\u043a\u043e\u043d\u043e\u043c\u0438\u043a\u0438", "url": "http://ct.moreover.com/?a=41518955160&p=1pl&v=1&x=38Qj0sKWmd8J8Otd96ufLg", "license": "public", "citation_ids": [76910302], "posted_on": "2020-03-02T12:21:07+00:00", "summary": "\u041f\u0435\u0440\u0441\u043f\u0435\u043a\u0442\u0438\u0432\u044b \u043e\u0441\u0442\u0430\u044e\u0442\u0441\u044f \"\u043a\u0440\u0430\u0439\u043d\u0435 \u043d\u0435\u043e\u043f\u0440\u0435\u0434\u0435\u043b\u0435\u043d\u043d\u044b\u043c\u0438\". \u041e\u0440\u0433\u0430\u043d\u0438\u0437\u0430\u0446\u0438\u044f \u044d\u043a\u043e\u043d\u043e\u043c\u0438\u0447\u0435\u0441\u043a\u043e\u0433\u043e \u0441\u043e\u0442\u0440\u0443\u0434\u043d\u0438\u0447\u0435\u0441\u0442\u0432\u0430 \u0438 \u0440\u0430\u0437\u0432\u0438\u0442\u0438\u044f (\u041e\u042d\u0421\u0420) \u043f\u043e\u043d\u0438\u0437\u0438\u043b\u0430 \u043f\u0440\u043e\u0433\u043d\u043e\u0437 \u0440\u043e\u0441\u0442\u0430 \u043c\u0438\u0440\u043e\u0432\u043e\u0439 \u044d\u043a\u043e\u043d\u043e\u043c\u0438\u043a\u0438 \u0432 2020 \u0433\u043e\u0434\u0443 \u0434\u043e 2,4%.", "author": {"name": "Zakon.kz", "url": "http://www.zakon.kz/", "image": "https://s3.amazonaws.com/weyland.altmetric.com/news_sources/logos/000/002/822/normal/Screen_Shot_2017-10-10_at_15.52.06.png?1507647169"}}, {"title": "\u041a\u043e\u0440\u043e\u043d\u0430\u0432\u0438\u0440\u0443\u0441 \u0437\u0430\u0442\u043e\u0440\u043c\u043e\u0437\u0438\u0442 \u043c\u0438\u0440\u043e\u0432\u0443\u044e \u044d\u043a\u043e\u043d\u043e\u043c\u0438\u043a\u0443", "url": "http://ct.moreover.com/?a=41520100558&p=1pl&v=1&x=AEWoKiaSuMwnKySL0MxeJQ", "license": "public", "citation_ids": [76910302], "posted_on": "2020-03-02T15:09:06+00:00", "summary": "\u0420\u0430\u0441\u043f\u0440\u043e\u0441\u0442\u0440\u0430\u043d\u044f\u044e\u0449\u0438\u0439\u0441\u044f \u043a\u043e\u0440\u043e\u043d\u0430\u0432\u0438\u0440\u0443\u0441 \u0437\u0430\u0442\u043e\u0440\u043c\u043e\u0437\u0438\u0442 \u043c\u0438\u0440\u043e\u0432\u0443\u044e \u044d\u043a\u043e\u043d\u043e\u043c\u0438\u043a\u0443. \u041f\u043e \u043f\u0440\u043e\u0433\u043d\u043e\u0437\u0430\u043c \u041e\u0440\u0433\u0430\u043d\u0438\u0437\u0430\u0446\u0438\u0438 \u044d\u043a\u043e\u043d\u043e\u043c\u0438\u0447\u0435\u0441\u043a\u043e\u0433\u043e \u0441\u043e\u0442\u0440\u0443\u0434\u043d\u0438\u0447\u0435\u0441\u0442\u0432\u0430 \u0438 \u0440\u0430\u0437\u0432\u0438\u0442\u0438\u044f (\u041e\u042d\u0421\u0420), \u0440\u043e\u0441\u0442 \u0412\u0412\u041f \u043c\u043e\u0436\u0435\u0442 \u043e\u043a\u0430\u0437\u0430\u0442\u044c\u0441\u044f \u0445\u0443\u0434\u0448\u0438\u043c \u0437\u0430 \u0431\u043e\u043b\u0435\u0435 \u0447\u0435\u043c \u0434\u0435\u0441\u044f\u0442\u044c \u043b\u0435\u0442 \u2014 \u0441 \u043e\u043a\u043e\u043d\u0447\u0430\u043d\u0438\u044f \u0444\u0438\u043d\u0430\u043d\u0441\u043e\u0432\u043e\u0433\u043e \u043a\u0440\u0438\u0437\u0438\u0441\u0430 2009 \u0433\u043e\u0434\u0430.", "author": {"name": "Lenta.ru", "url": "http://lenta.ru/", "image": "https://s3.amazonaws.com/weyland.altmetric.com/news_sources/logos/000/001/154/normal/Screen_Shot_2014-09-27_at_11.38.04.png?1411814300"}}, {"title": "\u042d\u043a\u0441\u043f\u0435\u0440\u0442\u044b \u0434\u043e\u043f\u0443\u0441\u0442\u0438\u043b\u0438 \u0441\u043f\u0430\u0434 \u0440\u043e\u0441\u0442\u0430 \u043c\u0438\u0440\u043e\u0432\u043e\u0439 \u044d\u043a\u043e\u043d\u043e\u043c\u0438\u043a\u0438 \u0432\u0434\u0432\u043e\u0435 \u0438\u0437-\u0437\u0430 \u043a\u043e\u0440\u043e\u043d\u0430\u0432\u0438\u0440\u0443\u0441\u0430", "url": "http://ct.moreover.com/?a=41520682807&p=1pl&v=1&x=3SasQ_qq-3lnV_BPMzP2Vg", "license": "public", "citation_ids": [76910302], "posted_on": "2020-03-02T16:34:04+00:00", "summary": "\u0420\u043e\u0441\u0442 \u043c\u0438\u0440\u043e\u0432\u043e\u0439 \u044d\u043a\u043e\u043d\u043e\u043c\u0438\u043a\u0438 \u0432 2020 \u0433\u043e\u0434\u0443 \u043c\u043e\u0436\u0435\u0442 \u0437\u0430\u043c\u0435\u0434\u043b\u0438\u0442\u044c\u0441\u044f \u0432 \u0434\u0432\u0430 \u0440\u0430\u0437\u0430 \u0432 \u0441\u0446\u0435\u043d\u0430\u0440\u0438\u0438 \u0431\u043e\u043b\u0435\u0435 \u043e\u0431\u0448\u0438\u0440\u043d\u043e\u0433\u043e, \u0433\u043b\u043e\u0431\u0430\u043b\u044c\u043d\u043e\u0433\u043e \u0440\u0430\u0441\u043f\u0440\u043e\u0441\u0442\u0440\u0430\u043d\u0435\u043d\u0438\u044f \u043a\u043e\u0440\u043e\u043d\u0430\u0432\u0438\u0440\u0443\u0441\u0430.", "author": {"name": "RBC Daily", "url": "http://www.rbc.ru/newspaper/", "image": "https://s3.amazonaws.com/weyland.altmetric.com/news_sources/logos/000/002/630/normal/Screen_Shot_2017-03-20_at_11.59.41.png?1490011193"}}, {"title": "OCDE prev\u00ea crescimento menor da economia global devido ao coronav\u00edrus", "url": "http://ct.moreover.com/?a=41520737370&p=1pl&v=1&x=3TFimho304Q2qRS0nJbT6A", "license": "public", "citation_ids": [76910302, 76910302], "posted_on": "2020-03-02T16:45:00+00:00", "summary": "A Organiza\u00e7\u00e3o para a Coopera\u00e7\u00e3o e Desenvolvimento Econ\u00f4mico (OCDE) reduziu a expectativa de crescimento da economia mundial diante do surto de coronav\u00edrus e seu impacto na China, pa\u00eds mais atingido pelo novo v\u00edrus.", "author": {"name": "Isto\u00e9 Dinheiro", "url": "https://www.istoedinheiro.com.br/", "image": "https://s3.amazonaws.com/weyland.altmetric.com/news_sources/logos/000/004/174/normal/Capture3.PNG?1573803840"}}, {"title": "OCDE prev\u00ea crescimento menor da economia global devido ao coronav\u00edrus", "url": "http://ct.moreover.com/?a=41520758063&p=1pl&v=1&x=aCahIYeYxswWNgPNlLvFVQ", "license": "public", "citation_ids": [76910302, 76910302], "posted_on": "2020-03-02T16:45:00+00:00", "summary": "A Organiza\u00e7\u00e3o para a Coopera\u00e7\u00e3o e Desenvolvimento Econ\u00f4mico (OCDE) reduziu a expectativa de crescimento da economia mundial diante do surto de coronav\u00edrus e seu impacto na China, pa\u00eds mais atingido pelo novo v\u00edrus.", "author": {"name": "Isto \u00e9", "url": "https://istoe.com.br/", "image": "https://s3.amazonaws.com/weyland.altmetric.com/news_sources/logos/000/002/969/normal/Screenshot_2018-12-20_at_11.56.36.png?1545307028"}}, {"title": "OCDE prev\u00ea crescimento menor da economia global devido ao coronav\u00edrus", "url": "http://ct.moreover.com/?a=41520925069&p=1pl&v=1&x=qNz-E4TXT7RDnK3seqpGEQ", "license": "public", "citation_ids": [76910302], "posted_on": "2020-03-02T17:18:32+00:00", "summary": "A Organiza\u00e7\u00e3o para a Coopera\u00e7\u00e3o e Desenvolvimento Econ\u00f4mico (OCDE) reduziu a expectativa de crescimento da economia mundial diante do surto de coronav\u00edrus e seu impacto na China, pa\u00eds mais atingido pelo novo v\u00edrus.", "author": {"name": "Bol", "url": "https://www.bol.uol.com.br/", "image": "https://s3.amazonaws.com/weyland.altmetric.com/news_sources/logos/000/004/173/normal/Capture2.PNG?1573803556"}}, {"title": "Coronav\u00edrus: OCDE prev\u00ea crescimento menor da economia global", "url": "http://ct.moreover.com/?a=41520937565&p=1pl&v=1&x=cavZmRujn-RrSkBJ2w2NGQ", "license": "public", "citation_ids": [76910302], "posted_on": "2020-03-02T00:00:00+00:00", "summary": "Expans\u00e3o deve ser de 2,4% frente aos 2,9% do \u00faltimo relat\u00f3rio Sede da OCDE - (Foto: Divulga\u00e7\u00e3o/OCDE) A OCDE (Organiza\u00e7\u00e3o para a Coopera\u00e7\u00e3o e Desenvolvimento Econ\u00f4mico) reduziu a expectativa de crescimento da economia mundial diante do surto de\u2026", "author": {"name": "RedeTV!", "url": "https://www.redetv.uol.com.br/", "image": "https://s3.amazonaws.com/weyland.altmetric.com/news_sources/logos/000/004/270/normal/Capture33.PNG?1574069885"}}, {"title": "OCDE prev\u00ea crescimento menor da economia global devido ao coronav\u00edrus", "url": "http://ct.moreover.com/?a=41520981089&p=1pl&v=1&x=KLJAtZhOyatU6b5drEvEew", "license": "public", "citation_ids": [76910302], "posted_on": "2020-03-02T17:28:07+00:00", "summary": "Marcello Casal Jr./Ag\u00eancia Brasil Segundo a OCDE, a economia global enfrenta a amea\u00e7a mais grave desde a crise financeira de 2008/2009, \u00e0 medida que o coronav\u00edrus se espalha.", "author": {"name": "Nominuto.com", "url": "https://nominuto.com/", "image": "https://s3.amazonaws.com/weyland.altmetric.com/news_sources/logos/000/004/221/normal/Capture_nom.JPG?1574052354"}}, {"title": "Por causa do coronav\u00edrus, Latam suspende voos entre S\u00e3o Paulo e Mil\u00e3o", "url": "http://ct.moreover.com/?a=41521517646&p=1pl&v=1&x=qyYGjv3YwMQ7cNiBAVVo4g", "license": "public", "citation_ids": [76910302], "posted_on": "2020-03-02T18:49:57+00:00", "summary": "A Organiza\u00e7\u00e3o para a Coopera\u00e7\u00e3o e Desenvolvimento Econ\u00f4mico (OCDE) reduziu a expectativa de crescimento da economia mundial diante do surto de coronav\u00edrus e seu impacto na China, pa\u00eds mais atingido pelo novo v\u00edrus.", "author": {"name": "O Documento", "url": "https://odocumento.com.br/", "image": "https://s3.amazonaws.com/weyland.altmetric.com/news_sources/logos/000/004/196/normal/95.PNG?1573813827"}}, {"title": "Bitcoin Rebounds as Coronavirus-Infected Stocks Get Jolt From Fed, BOJ", "url": "http://ct.moreover.com/?a=41522169584&p=1pl&v=1&x=49uh0dthIWqqbwGgWkJ7CQ", "license": "public", "citation_ids": [76910302], "posted_on": "2020-03-02T20:27:12+00:00", "summary": "Bitcoin's (BTC) price jumped the most in two weeks Monday, surging alongside U.S.", "author": {"name": "CoinDesk", "url": "https://www.coindesk.com/", "image": "https://s3.amazonaws.com/weyland.altmetric.com/news_sources/logos/000/004/531/normal/3.JPG?1575867177"}}, {"title": "Bitcoin Rebounds as Coronavirus-Infected Stocks Get Jolt From Fed, BOJ - Techheading", "url": "https://techheading.com/2020/03/02/bitcoin-rebounds-as-coronavirus-infected-stocks-get-jolt-from-fed-boj/", "license": "public", "citation_ids": [76910302], "posted_on": "2020-03-02T20:58:40+00:00", "summary": "Bitcoin\u2019s (BTC) price jumped the most in two weeks Monday, surging alongside U.S.", "author": {"name": "Techheading", "url": "https://techheading.com/"}}, {"title": "OECD cuts global growth forecast amid COVID-19 outbreak", "url": "http://ct.moreover.com/?a=41522292628&p=1pl&v=1&x=Og7pNbaf0f2IDqS3i7JJhQ", "license": "public", "citation_ids": [76910302], "posted_on": "2020-03-02T21:03:19+00:00", "summary": "The COVID-19 virus outbreak presents the greatest danger to the world economy since the global financial crisis and governments must act now to limit its spread, the Organization for Economic Cooperation and Development warns.", "author": {"name": "Pensions & Investments", "url": "http://www.pionline.com/", "image": "https://s3.amazonaws.com/weyland.altmetric.com/news_sources/logos/000/002/483/normal/Screen_Shot_2016-07-14_at_11.47.31.png?1468493294"}}, {"title": "Bitcoin Rebounds as Coronavirus-Infected Stocks Get Jolt From Fed, BOJ", "url": "http://ct.moreover.com/?a=41522386214&p=1pl&v=1&x=H4pqbjoonz1k8vSWSwRgaw", "license": "public", "citation_ids": [76910302], "posted_on": "2020-03-02T20:27:12+00:00", "summary": "Bitcoin\u2019s (BTC) price jumped the most in two weeks Monday, surging alongside U.S.", "author": {"name": "Yahoo! Finance USA", "url": "http://finance.yahoo.com/", "image": "https://s3.amazonaws.com/weyland.altmetric.com/news_sources/logos/000/001/620/normal/Screen_Shot_2016-01-07_at_10.14.50.png?1452161734"}}, {"title": "The first economic modelling of coronavirus scenarios is grim for Australia, the world", "url": "http://ct.moreover.com/?a=41523478755&p=1pl&v=1&x=h2gxJFgI7VomI4hAMg56Wg", "license": "public", "citation_ids": [76651904, 76900625, 76910302, 76759528], "posted_on": "2020-03-03T00:19:41+00:00", "summary": "The COVID-19 coronavirus is spreading across the world. Initially the epicenter was China, with reported cases either in China or in travellers from China.", "author": {"name": "The Conversation", "url": "http://theconversation.com", "image": "https://s3.amazonaws.com/weyland.altmetric.com/news_sources/logos/000/000/071/normal/the_conversation.png?1369846953"}}, {"title": "MIL-Evening Report: The first economic modelling of coronavirus scenarios is grim for Australia, the...", "url": "http://ct.moreover.com/?a=41523620404&p=1pl&v=1&x=A1POINx9712fFRFeiPEZLw", "license": "public", "citation_ids": [76651904, 76900625, 76910302, 76759528], "posted_on": "2020-03-03T00:50:31+00:00", "summary": "\u2013 By Warwick McKibbin, Chair in Public Policy, ANU Centre for Applied Macroeconomic Analysis (CAMA), Crawford School of Public Policy, Australian National University The COVID-19 coronavirus is spreading across the world.", "author": {"name": "Foreign Affairs New Zealand", "url": "http://foreignaffairs.co.nz/", "image": "https://s3.amazonaws.com/weyland.altmetric.com/news_sources/logos/000/001/827/normal/Screen_Shot_2016-01-27_at_10.47.41.png?1453891760"}}, {"title": "The first economic modelling of coronavirus scenarios is grim for the world | Warwick McKibbon and Roshen Fernando for the Conversation", "url": "http://ct.moreover.com/?a=41524085212&p=1pl&v=1&x=6fYEyBawXCLTtKlUb-xNlw", "license": "public", "citation_ids": [76910302, 76951567, 76651904, 76900625, 76759528], "posted_on": "2020-03-03T02:24:44+00:00", "summary": "The COVID-19 coronavirus is spreading across the world. Initially the epicenter was China, with reported cases either in China or in travellers from China.", "author": {"name": "The Guardian", "url": "http://www.guardian.co.uk/", "image": "https://s3.amazonaws.com/weyland.altmetric.com/news_sources/logos/000/000/103/normal/the_guardian.png?1369846972"}}, {"title": "\u63a8\u7279\uff1a\u5373\u65e5\u8d77\u5f37\u70c8\u9f13\u52f5\u5168\u7403\u6240\u6709\u54e1\u5de5\u76e1\u53ef\u80fd\u5728\u5bb6\u5de5\u4f5c", "url": "http://ct.moreover.com/?a=41524383594&p=1pl&v=1&x=Crtp717NJoeVLHleX7Znqg", "license": "public", "citation_ids": [76910302], "posted_on": "2020-03-03T03:28:36+00:00", "summary": "\u8a18\u8005 \u8cf4\u5b8f\u660c \u5831\u5c0e \u63a8\u7279\u516c\u53f8(Twitter Inc.) 3\u67082\u65e5\u900f\u904e\u5b98\u65b9\u90e8\u843d\u683c\u5ba3\u5e03 \uff0c\u9664\u4e86\u5148\u524d\u63d0\u5230\u7684\u65c5\u884c\u3001\u6d3b\u52d5\u548c\u8a2a\u5ba2\u9650\u5236\u5916\uff0c \u57fa\u65bc\u4fdd\u8b77\u54e1\u5de5\u7684\u5065\u5eb7\u548c\u5b89\u5168\u8003\u91cf\u3001\u5373\u65e5\u8d77\u5f37\u70c8\u9f13\u52f5\u5168\u7403\u6240\u6709\u54e1\u5de5\u76e1\u53ef\u80fd\u5728\u5bb6\u5de5\u4f5c \u3002\u63a8\u7279\u8868\u793a\uff0c\u516c\u53f8\u7684\u76ee\u6a19\u662f\u964d\u4f4e\u81ea\u8eab\u8207\u5468\u570d\u4e16\u754c\u50b3\u64ad\u300c2019\u5e74\u65b0\u578b\u51a0\u72c0\u75c5\u6bd2\u75be\u75c5(COVID-19)\u300d\u7684\u53ef\u80fd\u6027\u3002 \u5c0d\u65bc\u90a3\u4e9b\u50be\u5411\u6216\u9700\u8981\u9032\u5165\u8fa6\u516c\u5ba4\u7684\u54e1\u5de5\uff0c\u63a8\u7279\u8868\u793a\u3001\u8fa6\u516c\u5ba4\u4ecd\u6301\u7e8c\u958b\u653e\u904b\u4f5c\u3002\u63a8\u7279\u7684\u4e0d\u52d5\u7522\u8207\u5de5\u4f5c\u5834\u6240\u5718\u968a\u6b63\u52a0\u5f37\u6240\u6709\u8fa6\u516c\u5ba4\u7a7a\u9593\u7684\u6df1\u5ea6\u6e05\u6f54\u548c\u6d88\u6bd2\u3002 \u63a8\u7279\u4e26\u4e14\u8868\u793a\uff0c \u90e8\u5206\u53d7\u5230\u653f\u5e9c\u9650\u5236\u63aa\u65bd\u7684\u5f71\u97ff\uff0c\u9999\u6e2f\u3001\u65e5\u672c\u548c\u5357\u97d3\u2026", "author": {"name": "MoneyDJ", "url": "https://www.moneydj.com/", "image": "https://s3.amazonaws.com/weyland.altmetric.com/news_sources/logos/000/004/711/normal/money.PNG?1576214043"}}, {"title": "The primary financial modelling of coronavirus situations is grim for the world | Warwick McKibbon and Roshen Fernando for the Dialog | World information", "url": "http://ct.moreover.com/?a=41524412639&p=1pl&v=1&x=061-LPxHEgV8sGyzPPGzNg", "license": "public", "citation_ids": [76910302, 76951567], "posted_on": "2020-03-03T03:34:33+00:00", "summary": "The Covid-19 coronavirus is spreading internationally. Initially the epicentre was China, with reported instances both in China or in travellers from China.", "author": {"name": "Danilposh", "url": "https://danilposh.com", "image": "https://s3.amazonaws.com/weyland.altmetric.com/news_sources/logos/000/005/014/normal/9.PNG?1578555295"}}, {"title": "Bank of Canada may cut rates to aid economy sickened by COVID-19: Don Pittis", "url": "http://ct.moreover.com/?a=41526261364&p=1pl&v=1&x=SnLTmAhO62JI__xXSQNJWA", "license": "public", "citation_ids": [76910302], "posted_on": "2020-03-03T09:20:41+00:00", "summary": "It is becoming increasingly clear that the impact of COVID-19 on the economy is far more than a blip.", "author": {"name": "Express Informer", "url": "https://expressinformer.com/", "image": "https://s3.amazonaws.com/weyland.altmetric.com/news_sources/logos/000/005/359/normal/Capture1.JPG?1578464781"}}, {"title": "Canada may cut rates to aid economy sickened by COVID-19 | Analysis", "url": "http://ct.moreover.com/?a=41526289315&p=1pl&v=1&x=jHlCB4N5VQzdNGTP78zf0g", "license": "public", "citation_ids": [76910302], "posted_on": "2020-03-03T09:36:35+00:00", "summary": "It is becoming increasingly clear that the impact of COVID-19 on the economy is far more than a blip.", "author": {"name": "MSN", "url": "http://www.msn.com", "image": "https://s3.amazonaws.com/weyland.altmetric.com/news_sources/logos/000/000/360/normal/Screen_Shot_2016-01-06_at_15.14.19.png?1452093279"}}, {"title": "Covid-19 Presents Greatest Economic Danger Since GFC: OECD", "url": "http://ct.moreover.com/?a=41526702662&p=1pl&v=1&x=UHW1kHIgBtbYudT-AagIXA", "license": "public", "citation_ids": [76910302], "posted_on": "2020-03-03T09:49:53+00:00", "summary": "The OECD recommends providing banks with liquidity to allow them to help companies with cash-flow problems, and to consider reducing reserve requirements.", "author": {"name": "Regulation Asia", "url": "https://www.regulationasia.com/", "image": "https://s3.amazonaws.com/weyland.altmetric.com/news_sources/logos/000/004/739/normal/39.JPG?1576226979"}}, {"title": "A peek into the central banks' coronavirus toolbox: Talk (tough), cut (rates), buy (assets), invent (something...)", "url": "http://ct.moreover.com/?a=41527401700&p=1pl&v=1&x=LOvYkNXzPKHhDjKMef-Smw", "license": "public", "citation_ids": [76910302], "posted_on": "2020-03-03T12:15:00+00:00", "summary": "By Pierre Brian\u00e7on Coronavirus became a literal central bank concern on Monday when the European Central Bank canceled a conference it was due to host in Frankfurt along with the European Commission.", "author": {"name": "Morning Star", "url": "https://www.morningstar.com/", "image": "https://s3.amazonaws.com/weyland.altmetric.com/news_sources/logos/000/002/912/normal/Screen_Shot_2018-09-17_at_18.20.59.png?1537204915"}}, {"title": "The coronavirus is taking aim at consumer spending, the heart of the American economy", "url": "http://ct.moreover.com/?a=41537426608&p=1pl&v=1&x=3I64-JfgZ_-SEn0p5gG9JQ", "license": "public", "citation_ids": [76910302], "posted_on": "2020-03-04T14:52:00+00:00", "summary": "By Rex Nutting, MarketWatch With the coronavirus now spreading in communities around the country, it's becoming more likely that the epidemic will slam the economy Wwe need to stop assuming that the coronavirus outbreak will have only a minor impact\u2026", "author": {"name": "Morning Star", "url": "https://www.morningstar.com/", "image": "https://s3.amazonaws.com/weyland.altmetric.com/news_sources/logos/000/002/912/normal/Screen_Shot_2018-09-17_at_18.20.59.png?1537204915"}}, {"title": "Bitcoin Drops 2% Following Fed\u2019s First Emergency Rate Cut Since 2008", "url": "http://ct.moreover.com/?a=41529370741&p=1pl&v=1&x=TzGoIVjcShO8B45PcGzxUQ", "license": "public", "citation_ids": [76910302], "posted_on": "2020-03-03T16:33:28+00:00", "summary": "Bitcoin prices slid Tuesday after the U.S. Federal Reserve announced an emergency cut in interest rates to counteract risks to the economy from the spreading coronavirus.", "author": {"name": "CoinDesk", "url": "https://www.coindesk.com/", "image": "https://s3.amazonaws.com/weyland.altmetric.com/news_sources/logos/000/004/531/normal/3.JPG?1575867177"}}, {"title": "Bitcoin Drops 2% Following Fed\u2019s First Emergency Rate Cut Since 2008", "url": "http://ct.moreover.com/?a=41529585100&p=1pl&v=1&x=g45OAJWi9DZ4HNDu0nP9GA", "license": "public", "citation_ids": [76910302], "posted_on": "2020-03-03T16:33:28+00:00", "summary": "Bitcoin prices slid Tuesday after the U.S. Federal Reserve announced an emergency cut in interest rates to counteract risks to the economy from the spreading coronavirus.", "author": {"name": "Yahoo! Finance USA", "url": "http://finance.yahoo.com/", "image": "https://s3.amazonaws.com/weyland.altmetric.com/news_sources/logos/000/001/620/normal/Screen_Shot_2016-01-07_at_10.14.50.png?1452161734"}}, {"title": "Bitcoin Drops 2% Following Fed's First Emergency Rate Cut Since 2008 - Techheading", "url": "https://techheading.com/2020/03/03/bitcoin-drops-2-following-feds-first-emergency-rate-cut-since-2008/", "license": "public", "citation_ids": [76910302], "posted_on": "2020-03-03T17:21:20+00:00", "summary": "Bitcoin prices slid Tuesday after the U.S. Federal Reserve announced an emergency cut in interest rates to counteract risks to the economy from the spreading coronavirus.", "author": {"name": "Techheading", "url": "https://techheading.com/"}}, {"title": "The first economic modelling of coronavirus scenarios is grim for the world", "url": "http://ct.moreover.com/?a=41531671354&p=1pl&v=1&x=m96zW02GOUYXJNgQsLlADA", "license": "public", "citation_ids": [76651904, 76900625, 76910302, 76759528, 76951567], "posted_on": "2020-03-03T22:00:05+00:00", "summary": "The Covid-19 coronavirus is spreading across the world. Initially the epicentre was China, with reported cases either in China or in travellers from China.", "author": {"name": "Hellenic Shipping News Worldwide", "url": "https://www.hellenicshippingnews.com/", "image": "https://s3.amazonaws.com/weyland.altmetric.com/news_sources/logos/000/004/600/normal/10.JPG?1576049086"}}, {"title": "Australia faces a significant hit to GDP", "url": "http://ct.moreover.com/?a=41532184289&p=1pl&v=1&x=-wexEV7ycHpvKCbQy82T7Q", "license": "public", "citation_ids": [76910302, 76951567], "posted_on": "2020-03-03T23:46:28+00:00", "summary": "There needs to be vastly more investment in public health and development in the richest but also, and especially, in the poorest countries, writes WARWICK McKIBBON and ROSHEN FERNANDO.", "author": {"name": "CityNews.com.au", "url": "https://citynews.com.au/", "image": "https://s3.amazonaws.com/weyland.altmetric.com/news_sources/logos/000/003/353/normal/CityNews-Logo-560x.png?1568176250"}}, {"title": "Koronavrus, ebola, H1N1: risi a globlis jrvnyok ra", "url": "http://ct.moreover.com/?a=41534812031&p=1pl&v=1&x=WgbWeMD6SiQY1lo7nxo6Kg", "license": "public", "citation_ids": [76910302, 236191, 70400961], "posted_on": "2020-03-04T09:02:46+00:00", "summary": "Napjaink megkerlhetetlen tmja a COVID-19 koronavrus, amelyre nemcsak a kzvlemny figyel, hanem a gazdasgi szakemberek is.", "author": {"name": "Origo", "url": "http://www.origo.hu/index.html", "image": "https://s3.amazonaws.com/weyland.altmetric.com/news_sources/logos/000/001/213/normal/Screen_Shot_2014-10-13_at_10.40.17.png?1413193232"}}, {"title": "Rate cuts can't hurt. But they are a poor answer to the coronavirus crisis", "url": "http://ct.moreover.com/?a=41536575189&p=1pl&v=1&x=TOE74ZlAqqoaCdlDDT1Ejg", "license": "public", "citation_ids": [76910302], "posted_on": "2020-03-04T13:02:00+00:00", "summary": "By Pierre Brian\u00e7on If coronavirus is the question, rate cuts are not the (only) answer.", "author": {"name": "Morning Star", "url": "https://www.morningstar.com/", "image": "https://s3.amazonaws.com/weyland.altmetric.com/news_sources/logos/000/002/912/normal/Screen_Shot_2018-09-17_at_18.20.59.png?1537204915"}}, {"title": "Why the Fed cut: The coronavirus is taking aim at consumer spending, the heart of the American economy", "url": "http://ct.moreover.com/?a=41547263621&p=1pl&v=1&x=qrdZU6W4S0sMt2qn2k2CkA", "license": "public", "citation_ids": [76910302], "posted_on": "2020-03-05T14:00:12+00:00", "summary": "With the Federal Reserve dramatically cutting interest rates, we need to stop assuming that the coronavirus outbreak will have only a minor impact on the U.S.", "author": {"name": "Hellenic Shipping News Worldwide", "url": "https://www.hellenicshippingnews.com/", "image": "https://s3.amazonaws.com/weyland.altmetric.com/news_sources/logos/000/004/600/normal/10.JPG?1576049086"}}, {"title": "Bank of Canada may cut rates to aid economy sickened by COVID-19: Don Pittis", "url": "http://ct.moreover.com/?a=41526175778&p=1pl&v=1&x=m0yh_tbDAcJrK2Wz1UYmUA", "license": "public", "citation_ids": [76910302], "posted_on": "2020-03-03T09:00:00+00:00", "summary": "It is becoming increasingly clear that the impact of COVID-19 on the economy is far more than a blip.", "author": {"name": "Yahoo! News", "url": "http://news.yahoo.com/", "image": "https://s3.amazonaws.com/weyland.altmetric.com/news_sources/logos/000/000/032/normal/yahoo_news.png?1369846922"}}, {"title": "Coronavirus fears are ruling markets. It matters to everyone", "url": "http://ct.moreover.com/?a=41557078375&p=1pl&v=1&x=VoaGNBoyCnrRdKhY8wxDaA", "license": "public", "citation_ids": [76910302], "posted_on": "2020-03-06T18:55:56+00:00", "summary": "How bad could the coronavirus outbreak be for the global economy? It is a question businesses, consumers, traders, investors and policymakers are struggling to answer definitively, and nowhere is that reflected more starkly than in the behaviour of\u2026", "author": {"name": "Al Jazeera", "url": "http://www.aljazeera.com", "image": "https://s3.amazonaws.com/weyland.altmetric.com/news_sources/logos/000/000/192/normal/image.png?1370018349"}}, {"title": "Global crises have spurred declines in emissions. Coronavirus could follow suit.", "url": "http://ct.moreover.com/?a=41558668527&p=1pl&v=1&x=H0XA54WXvFWC6c83Np692w", "license": "public", "citation_ids": [76910302], "posted_on": "2020-03-06T08:27:58+00:00", "summary": "Humans have seemed unable to get a handle on climate change, with global emissions of greenhouse gases continuing to grow every year.", "author": {"name": "Washington Post", "url": "http://www.washingtonpost.com", "image": "https://s3.amazonaws.com/weyland.altmetric.com/news_sources/logos/000/000/001/normal/washington_post.png?1369846885"}}, {"title": "Coronavirus could halt the world's emissions growth", "url": "http://ct.moreover.com/?a=41558683636&p=1pl&v=1&x=Y1yCPxxejyJ_POrgUoHcCw", "license": "public", "citation_ids": [76910302], "posted_on": "2020-03-06T22:46:29+00:00", "summary": "Humans have seemed unable to get a handle on climate change, and global emissions of greenhouse gases are growing every year.", "author": {"name": "New Zealand Herald", "url": "http://www.nzherald.co.nz/", "image": "https://s3.amazonaws.com/weyland.altmetric.com/news_sources/logos/000/000/327/normal/Screen_Shot_2016-02-02_at_11.22.55.png?1454412190"}}, {"title": "Coronavirus could halt the world's emissions growth. Not that we should feel good about that.", "url": "http://ct.moreover.com/?a=41559831670&p=1pl&v=1&x=PsWHauWRpcImhan6gPGsaA", "license": "public", "citation_ids": [76910302], "posted_on": "2020-03-07T03:08:05+00:00", "summary": "Humans have seemed unable to get a handle on climate change, with global emissions of greenhouse gases continuing to grow every year.", "author": {"name": "The Nation Thailand", "url": "https://www.nationthailand.com/", "image": "https://s3.amazonaws.com/weyland.altmetric.com/news_sources/logos/000/004/699/normal/Capture_nth.PNG?1576151699"}}, {"title": "Recession, Depression or Boom? How Will Coronavirus Impact the Economy?", "url": "http://ct.moreover.com/?a=41560890467&p=1pl&v=1&x=3lear8H3yP_r0ExoWe5tNg", "license": "public", "citation_ids": [76910302, 32516023], "posted_on": "2020-03-07T05:30:00+00:00", "summary": "The US and Australian share markets were touching record highs until 21 February, when they woke up to the possibility that the novel coronavirus\u2014which had by that stage infected 78,000 people and killed nearly 2,400\u2014would have a global economic\u2026", "author": {"name": "The National Interest", "url": "https://nationalinterest.org/", "image": "https://s3.amazonaws.com/weyland.altmetric.com/news_sources/logos/000/003/348/normal/national.PNG?1568173951"}}, {"title": "News story from The Independent on Saturday 07 March 2020", "url": null, "license": "nla", "citation_ids": [76910302], "posted_on": "2020-03-07T12:11:01+00:00", "summary": null, "author": {"name": "The Independent", "url": "http://www.independent.co.uk/", "image": "https://s3.amazonaws.com/weyland.altmetric.com/news_sources/logos/000/000/013/normal/the_independent.png?1369846903"}}, {"title": "The coronavirus and trade war punish China, damaging its status as a source of growth", "url": "http://ct.moreover.com/?a=41570525014&p=1pl&v=1&x=7KnQygxAOf72fTXw0R0cDw", "license": "public", "citation_ids": [76910302], "posted_on": "2020-03-08T16:33:00+00:00", "summary": "By Cody Willard, MarketWatch Will developed countries shun China? If so, the U.S.", "author": {"name": "Morning Star", "url": "https://www.morningstar.com/", "image": "https://s3.amazonaws.com/weyland.altmetric.com/news_sources/logos/000/002/912/normal/Screen_Shot_2018-09-17_at_18.20.59.png?1537204915"}}, {"title": "\u0423\u0436\u0430\u0441\u043d\u044b\u0439 \u043a\u043e\u043d\u0435\u0446 \u0438\u043b\u0438 \u0443\u0436\u0430\u0441 \u0431\u0435\u0437 \u043a\u043e\u043d\u0446\u0430: \u043f\u043e\u0447\u0435\u043c\u0443 \u0440\u0430\u0437\u0432\u0430\u043b \u0441\u0434\u0435\u043b\u043a\u0438 \u041e\u041f\u0415\u041a+ \u0431\u044b\u043b \u043d\u0435\u0438\u0437\u0431\u0435\u0436\u0435\u043d", "url": "http://ct.moreover.com/?a=41574182826&p=1pl&v=1&x=IziYjgF9zrDdeh1Buyn0gg", "license": "public", "citation_ids": [76910302], "posted_on": "2020-03-09T06:05:08+00:00", "summary": "\u041d\u0435\u0441\u043c\u043e\u0442\u0440\u044f \u043d\u0430 \u0442\u043e, \u0447\u0442\u043e \u043a\u043e\u0442\u0438\u0440\u043e\u0432\u043a\u0438 \u043f\u0440\u0435\u043e\u0434\u043e\u043b\u0435\u043b\u0438 \u043a\u0440\u0438\u0442\u0438\u0447\u0435\u0441\u043a\u0443\u044e \u0434\u043b\u044f \u0440\u043e\u0441\u0441\u0438\u0439\u0441\u043a\u043e\u0433\u043e \u0431\u044e\u0434\u0436\u0435\u0442\u0430 \u0446\u0435\u043d\u0443 \u0432 $42,4 \u0437\u0430 \u0431\u0430\u0440\u0440\u0435\u043b\u044c, \u0438\u0437 \u043a\u043e\u0442\u043e\u0440\u043e\u0439 \u0432 \u043d\u044b\u043d\u0435\u0448\u043d\u0435\u043c \u0433\u043e\u0434\u0443 \u0440\u0430\u0441\u0441\u0447\u0438\u0442\u0430\u043d\u044b \u043f\u0440\u0435\u0434\u0435\u043b\u044c\u043d\u044b\u0435 \u0444\u0435\u0434\u0435\u0440\u0430\u043b\u044c\u043d\u044b\u0435 \u0440\u0430\u0441\u0445\u043e\u0434\u044b, \u0432\u044b\u0445\u043e\u0434 \u0420\u043e\u0441\u0441\u0438\u0438 \u0438\u0437 \u0441\u0434\u0435\u043b\u043a\u0438 \u0432\u043e\u0432\u0441\u0435 \u043d\u0435 \u043b\u0438\u0448\u0435\u043d \u0446\u0435\u043b\u0435\u0441\u043e\u043e\u0431\u0440\u0430\u0437\u043d\u043e\u0441\u0442\u0438.", "author": {"name": "Forbes Russia", "url": "https://www.forbes.ru", "image": "https://s3.amazonaws.com/weyland.altmetric.com/news_sources/logos/000/003/371/normal/Screenshot_2019-09-19_at_10.38.37.png?1568885939"}}, {"title": "Why Russia Killed The OPEC Deal", "url": "http://ct.moreover.com/?a=41579197077&p=1pl&v=1&x=GVTvWrjy6d2mpaFkzcgCIg", "license": "public", "citation_ids": [76910302], "posted_on": "2020-03-09T18:56:48+00:00", "summary": "You have certainly heard the news: Russia refused to support deeper oil production cuts, Saudi Arabia decreased its official selling prices, and the OPEC/non-OPEC deal disintegrated.", "author": {"name": "Seeking Alpha", "url": "http://seekingalpha.com/", "image": "https://s3.amazonaws.com/weyland.altmetric.com/news_sources/logos/000/001/665/normal/Screen_Shot_2016-01-26_at_13.35.16.png?1453815336"}}, {"title": "Coronavirus: c\u00f3mo puede lastrar el crecimiento econ\u00f3mico mundial", "url": "http://ct.moreover.com/?a=41579961924&p=1pl&v=1&x=-5I6iCR0_ZEBRFMH1OZHlw", "license": "public", "citation_ids": [76956856, 76910302], "posted_on": "2020-03-09T20:39:19+00:00", "summary": "El coronavirus ha movido mercados y pol\u00edticas como pocos eventos recientes. Cada ma\u00f1ana los acontecimientos despliegan una nueva serie de reacciones.", "author": {"name": "The Conversation", "url": "http://theconversation.com", "image": "https://s3.amazonaws.com/weyland.altmetric.com/news_sources/logos/000/000/071/normal/the_conversation.png?1369846953"}}, {"title": "\u65b0\u578b\u30b3\u30ed\u30ca\u30a6\u30a4\u30eb\u30b9\u4e0d\u6cc1\u3001\u4e16\u754c\u306e\u7d4c\u6e08\u6d3b\u52d5\u306f\u3069\u3053\u307e\u3067\u843d\u3061\u8fbc\u3080\u306e\u304b?", "url": "http://ct.moreover.com/?a=41588690607&p=1pl&v=1&x=QR7e3r6ddShtX77Qkoq7TA", "license": "public", "citation_ids": [76910302], "posted_on": "2020-03-10T20:50:00+00:00", "summary": "\u30ea\u30fc\u30de\u30f3\u30b7\u30e7\u30c3\u30af\u4ee5\u6765\u306e\u7d4c\u6e08\u5371\u6a5f G7\uff08\u4e3b\u8981\uff17\u30f5\u56fd\u3001\u8ca1\u52d9\u76f8\u30fb\u4e2d\u592e\u9280\u884c\u7dcf\u88c1\u4f1a\u8b70\uff09\u306f\u3001\u65b0\u578b\u30b3\u30ed\u30ca\u30a6\u30a4\u30eb\u30b9\u306e\u611f\u67d3\u62e1\u5927\u3092\u53d7\u3051\u30013\u67083\u65e5\u591c\u3001\u7dca\u6025\u306e\u96fb\u8a71\u4f1a\u8b70\u3092\u958b\u304d\u3001\u3059\u3079\u3066\u306e\u9069\u5207\u306a\u653f\u7b56\u624b\u6bb5\u3092\u7528\u3044\u3066\u4e16\u754c\u7d4c\u6e08\u306e\u4e0b\u632f\u308c\u30ea\u30b9\u30af\u304b\u3089\u5b88\u308b\u3068\u306e\u5171\u540c\u58f0\u660e\u3092\u767a\u8868\u3057\u305f\u3002 \u7c73\u9023\u90a6\u516c\u958b\u5e02\u5834\u59d4\u54e1\u4f1a\uff08FOMC\uff09\u306f\uff13\u65e5\u306b\u81e8\u6642\u4f1a\u5408\u3092\u958b\u50ac\u3057\u30010.5\u30dd\u30a4\u30f3\u30c8\u306e\u7dca\u6025\u5229\u4e0b\u3052\u3092\u6c7a\u5b9a\u3057\u305f\u3002 OECD\uff08\u7d4c\u6e08\u5354\u529b\u958b\u767a\u6a5f\u69cb\uff09\u306f\u30013\u67082\u65e5\u3001 \u300c\u7d4c\u6e08\u898b\u901a\u3057\u4e2d\u9593\u5831\u544a\u300d \u3092\u767a\u8868\u3057\u3001\u4e16\u754c\u306f\u73fe\u5728\u3001\u91d1\u878d\u5371\u6a5f\u4ee5\u6765\u6700\u3082\u6df1\u523b\u306a\u5371\u6a5f\u306b\u76f4\u9762\u3057\u3066\u3044\u308b\u3068\u3057\u305f\u3002 2020\u5e74\u306e\u4e16\u754c\u7d4c\u6e08\u306e\u6210\u9577\u7387\u2026", "author": {"name": "Gendai Business", "url": "https://gendai.ismedia.jp/", "image": "https://s3.amazonaws.com/weyland.altmetric.com/news_sources/logos/000/005/203/normal/71.PNG?1578649332"}}, {"title": "How Close Are Biotechs To Bringing A COVID-19 Treatment To Market?", "url": "http://ct.moreover.com/?a=41588805679&p=1pl&v=1&x=Aja9haGkSB1R6Pe9KY8o5g", "license": "public", "citation_ids": [76910302], "posted_on": "2020-03-10T21:24:22+00:00", "summary": "The COVID-19 virus has sent the market and the global economy into a tailspin. The Organisation for Economic Co-operation and Development slashed its global growth forecast for 2020 Monday by 0.5 points to 2.5% versus already-weak 2.9% growth in 2019.", "author": {"name": "Benzinga", "url": "http://www.benzinga.com", "image": "https://s3.amazonaws.com/weyland.altmetric.com/news_sources/logos/000/001/738/normal/Screen_Shot_2016-01-26_at_15.59.27.png?1453824001"}}, {"title": "G7\u306e\u4e2d\u9280\u3001\u65b0\u578b\u30b3\u30ed\u30ca\u30a6\u30a4\u30eb\u30b9\u3078\u306e\u5bfe\u5fdc\u4e00\u89a7", "url": "http://ct.moreover.com/?a=41618182475&p=1pl&v=1&x=3kV0D2Sw4YuAG1Xb5JL6Vw", "license": "public", "citation_ids": [76910302], "posted_on": "2020-03-14T03:21:18+00:00", "summary": "\u4e16\u754c\u5168\u4f53\u306e\u65b0\u578b\u30b3\u30ed\u30ca\u30a6\u30a4\u30eb\u30b9\u60a3\u8005\u6570\u304c3\u67086\u65e5\u306b10\u4e07\u4eba\u3092\u8d85\u3048\u3001\u6625\u306e\u5230\u6765\u3092\u53d7\u3051\u3066\u3082\u7d42\u606f\u306e\u5146\u3057\u306f\u898b\u3048\u305a\u3002\u6697\u3044\u5f71\u304c\u4e16\u754c\u3092\u8986\u3046\u306a\u304b\u3001\u5404\u56fd\u653f\u5e9c\u30fb\u4e2d\u592e\u9280\u884c\u306f\u5bfe\u5fdc\u3057\u3064\u3064\u3042\u308a\u307e\u3059\u3002 \uff08\u30ab\u30d0\u30fc\u5199\u771f\uff1a Federalreserve /Flickr\uff09 \u4f8b\u3048\u3070\u3001\u4e3b\u89817\u30f5\u56fd\uff08G7\uff09\u306f\u7c73\u9023\u90a6\u516c\u958b\u5e02\u5834\u59d4\u54e1\u4f1a\uff08FOMC\uff09\u306e\u7dca\u6025\u5229\u4e0b\u3052\u3092\u59cb\u3081\u3001\u4ee5\u4e0b\u306e\u3088\u3046\u306b\u884c\u52d5\u3057\u3066\u304d\u307e\u3057\u305f\u3002 \u7c73\u56fd 2\u670828\u65e5\uff1a\u30d1\u30a6\u30a8\u30ebFRB\u8b70\u9577\u304c \u58f0\u660e \u3092\u516c\u8868 \u300c \u7d4c\u6e08\u3092\u652f\u3048\u308b\u3079\u304f\u9069\u5207\u306b\u624b\u6bb5\u3092\u8b1b\u3058\u3066\u3044\u304f \u300d\u3068\u5ba3\u8a00\u3057\u5229\u4e0b\u3052\u306e\u5730\u5747\u3057\u3092\u884c\u306a\u3046\u3002 3\u67083\u65e5\uff1a \u7dca\u6025\u5229\u4e0b\u3052 \u3092\u2026", "author": {"name": "Agora", "url": "http://agora-web.jp/", "image": "https://s3.amazonaws.com/weyland.altmetric.com/news_sources/logos/000/005/182/normal/22.PNG?1578642950"}}, {"title": "\u65b0\u578b\u30b3\u30ed\u30ca\u300c\u7d4c\u6e08\u5371\u6a5f\u300d\u306f\u30e4\u30d0\u3044\u306e\u304b\u2026\uff12\u3064\u306e\u30b7\u30ca\u30ea\u30aa", "url": "http://ct.moreover.com/?a=41623699498&p=1pl&v=1&x=v6ZsnOXWXcljzgUwxYE0Aw", "license": "public", "citation_ids": [76910302], "posted_on": "2020-03-14T20:50:00+00:00", "summary": "\u30b3\u30ed\u30ca\u30a6\u30a3\u30eb\u30b9\u306e\u611f\u67d3\u62e1\u5927\u306b\u4f34\u3044\u3001\u7d4c\u6e08\u6d3b\u52d5\u3078\u306e\u5f71\u97ff\u304c\u5371\u60e7\u3055\u308c\u3066\u3044\u308b\u3002OECD\u306f\u3001\u4e16\u754cGDP\u306b\u4e0e\u3048\u308b\u5f71\u97ff\u306f\u30010.5\uff05\u304b\u30891.5\uff05\u3067\u3042\u308b\u3068\u3057\u3066\u3044\u308b\u3002\u7d4c\u6e08\u7684\u30b3\u30b9\u30c8\u306f\u3001\u611f\u67d3\u62e1\u5927\u9632\u6b62\u306e\u305f\u3081\u306b\u4eba\u3005\u306e\u79fb\u52d5\u306a\u3069\u3092\u5236\u9650\u3059\u308b\u3053\u3068\u304b\u3089\u751f\u3058\u308b\u3002\u5bfe\u7b56\u306e\u9078\u5b9a\u3084\u7d4c\u6e08\u7684\u640d\u5931\u3078\u306e\u5bfe\u51e6\u306b\u306f\u3001\u614e\u91cd\u306a\u691c\u8a0e\u304c\u5fc5\u8981\u3060\u3002 2020\u5e74\u306b0.5\uff05\u843d\u3061\u8fbc\u3080\u304c21\u5e74\u306b\u9577\u671f\u7684\u8da8\u52e2\u53d6\u308a\u623b\u3059 \u30b3\u30ed\u30ca\u30a6\u30a3\u30eb\u30b9\u304c\u7d4c\u6e08\u6d3b\u52d5\u306b\u3069\u306e\u7a0b\u5ea6\u306e\u5f71\u97ff\u3092\u53ca\u307c\u3059\u304b\uff1f \u6b63\u78ba\u306a\u4e88\u6e2c\u306f\u3067\u304d\u306a\u3044\u3002\u3057\u304b\u3057\u3001\u304a\u304a\u3088\u305d\u3069\u306e\u7a0b\u5ea6\u306e\u898f\u6a21\u306e\u3082\u306e\u306b\u306a\u308b\u304b\u3001\u305d\u306e\u8f2a\u90ed\u3092\u63b4\u3093\u3067\u7f6e\u304f\u3053\u3068\u306f\u5fc5\u8981\u3060\u3002\u73fe\u5728\u306e\u3068\u3053\u308d\u2026", "author": {"name": "Gendai Business", "url": "https://gendai.ismedia.jp/", "image": "https://s3.amazonaws.com/weyland.altmetric.com/news_sources/logos/000/005/203/normal/71.PNG?1578649332"}}, {"title": "The economic consequences of coronavirus: a major economic and financial crisis", "url": "http://ct.moreover.com/?a=41635957517&p=1pl&v=1&x=EoC2mZvFagQPLLKNhr2-wA", "license": "public", "citation_ids": [54304487, 77626226, 1337552, 24571866, 77061129, 77626240, 6796875, 76910302], "posted_on": "2020-03-16T13:19:37+00:00", "summary": "We hold power to account - sparking criminal investigations and exposing abuses.", "author": {"name": "Open Democracy", "url": "http://www.opendemocracy.net", "image": "https://s3.amazonaws.com/weyland.altmetric.com/news_sources/logos/000/001/919/normal/Screen_Shot_2016-01-27_at_15.01.17.png?1453907020"}}], "blogs": [{"title": "Ekonomick\u00fd newsfilter: Na jar u\u017e (mo\u017eno) bude lep\u0161ie", "url": "https://dennikn.sk/1782198/ekonomicky-newsfilter-na-jar-uz-mozno-bude-lepsie/", "license": "public", "citation_ids": [76910302], "posted_on": "2020-03-03T05:36:30+00:00", "summary": "Dobr\u00fd de\u0148, dobr\u00fdch spr\u00e1v v&#160;ekonomike neprib\u00fada. Ak teda za povzbudiv\u00fd nepova\u017eujeme u\u017e aj odhad analytikov OECD, \u017ee naj\u0165a\u017e\u0161ie d\u00f4sledky epid\u00e9mie koronav\u00edrusu budeme ma\u0165 po prvom \u0161tvr\u0165roku za sebou. Ekonomick\u00fd newsfilter m\u00e1 dnes 1020 slov, na jeho pre\u010d\u00edt", "author": {"name": "Denn\u00edk N", "url": "https://dennikn.sk/"}}, {"title": "The Federal Reserve Is Doing What It Can to Save the Economy From the Coronavirus. It Might Not Matter.", "url": "https://slate.com/business/2020/03/federal-reserve-coronavirus-interest-rate-cut-economy.html?via=rss", "license": "public", "citation_ids": [76910302], "posted_on": "2020-03-03T19:11:12+00:00", "summary": "Last year, the Fed stepped in to save us from Donald Trump's trade war. This year, it's coronavirus.", "author": {"name": "Slate Blogs", "url": "http://www.slate.com/blogs/bad_astronomy.fulltext.all.10.rss", "description": "Recent Blogs from Slate"}}, {"title": "COVID-19 may yet rewrite the Abe era in Japan", "url": "https://www.brookings.edu/blog/order-from-chaos/2020/03/09/covid-19-may-yet-rewrite-the-abe-era-in-japan/", "license": "public", "citation_ids": [76910302], "posted_on": "2020-03-09T19:18:54+00:00", "summary": "By Mireya Sol\u00edsJapan is a frontline state in the ongoing global health crisis brought about by the emergence of a highly infectious viral disease quickly spreading from China to its neighbors and beyond. The coronavirus crisis stands to deal a severe blow", "author": {"name": "Interview: Kurdish independence and Turkey-KRG ties", "url": "https://www.brookings.edu/", "description": ""}}]}, "score": 406.51, "images": {"small": "https://badges.altmetric.com/?size=64&score=407&types=mmmbtttt", "medium": "https://badges.altmetric.com/?size=100&score=407&types=mmmbtttt", "large": "https://badges.altmetric.com/?size=180&score=407&types=mmmbtttt"}}