{"altmetric_id": 76753660, "counts": {"readers": {"mendeley": 0, "citeulike": 0, "connotea": 0}, "total": {"posts_count": 49}, "twitter": {"unique_users_count": 40, "posts_count": 48}, "news": {"unique_users_count": 1, "unique_users": ["yahoo_news"], "posts_count": 1}}, "citation": {"authors": ["Jiang, Yanfang", "Wang, Haifeng", "Chen, Yukun", "He, Jiaxue", "Chen, Liguo", "Liu, Yong", "Hu, Xinyuan", "Li, Ang", "Liu, Siwen", "Zhang, Peng", "Zou, Hongyan", "Hua, Shucheng"], "doi": "10.1101/2020.02.25.20028043", "first_seen_on": "2020-02-27T17:41:28+00:00", "issns": [], "last_mentioned_on": 1583586781, "links": ["https://www.medrxiv.org/content/10.1101/2020.02.25.20028043v1", "https://www.medrxiv.org/content/10.1101/2020.02.25.20028043v1?utm_source=dlvr.it&utm_medium=twitter", "https://www.medrxiv.org/content/10.1101/2020.02.25.20028043v2"], "pdf_url": "https://www.medrxiv.org/content/medrxiv/early/2020/02/27/2020.02.25.20028043.full.pdf", "publisher": "Cold Spring Harbor Laboratory", "title": "Clinical Data on Hospital Environmental Hygiene Monitoring and Medical Staff Protection during the Coronavirus Disease 2019 Outbreak", "type": "article"}, "altmetric_score": {"score": 45.6, "score_history": {"1y": 45.6, "6m": 45.6, "3m": 45.6, "1m": 45.6, "1w": 0, "6d": 0, "5d": 0, "4d": 0, "3d": 0, "2d": 0, "1d": 0, "at": 45.6}, "context_for_score": null}, "demographics": {"poster_types": {"member_of_the_public": 35, "researcher": 3, "practitioner": 1, "science_communicator": 1}, "users": {"twitter": {"cohorts": {"Members of the public": 35, "Science communicators (journalists, bloggers, editors)": 1, "Scientists": 3, "Practitioners (doctors, other healthcare professionals)": 1}}}, "geo": {"twitter": {"US": 3, "CN": 1, "IE": 1, "JP": 10, "AU": 1}}}, "posts": {"twitter": [{"license": "gnip", "citation_ids": [76753660], "author": {"tweeter_id": "921400462838042624"}, "tweet_id": "1233076468311318529"}, {"license": "gnip", "citation_ids": [76753660], "author": {"tweeter_id": "21230745"}, "tweet_id": "1233131927718309894"}, {"license": "gnip", "citation_ids": [76753660], "author": {"tweeter_id": "34208642"}, "tweet_id": "1233199778801963009"}, {"license": "gnip", "citation_ids": [76753660], "author": {"tweeter_id": "720319081"}, "tweet_id": "1233216366066356226"}, {"license": "gnip", "citation_ids": [76753660], "author": {"tweeter_id": "720319081"}, "tweet_id": "1233217586436792320"}, {"license": "gnip", "citation_ids": [76753660], "author": {"tweeter_id": "965602965586370560"}, "tweet_id": "1233398668159541249"}, {"license": "gnip", "citation_ids": [76753660], "author": {"tweeter_id": "27194132"}, "tweet_id": "1233398954139758594"}, {"license": "gnip", "citation_ids": [76753660], "author": {"tweeter_id": "4901919879"}, "tweet_id": "1233416388510986240"}, {"license": "gnip", "citation_ids": [76753660], "author": {"tweeter_id": "4901919879"}, "tweet_id": "1233416407951577090"}, {"license": "gnip", "citation_ids": [76753660], "author": {"tweeter_id": "4901919879"}, "tweet_id": "1233417004935241728"}, {"license": "gnip", "citation_ids": [76753660], "author": {"tweeter_id": "1213023081062494208"}, "tweet_id": "1233428762827485184"}, {"license": "gnip", "citation_ids": [76753660], "author": {"tweeter_id": "911209201728286720"}, "tweet_id": "1234093983422271490"}, {"license": "gnip", "citation_ids": [76753660], "author": {"tweeter_id": "540454147"}, "tweet_id": "1234129200677679106"}, {"license": "gnip", "citation_ids": [76753660], "author": {"tweeter_id": "540454147"}, "tweet_id": "1234129369095786497"}, {"license": "gnip", "citation_ids": [76753660], "author": {"tweeter_id": "1222211428364378112"}, "tweet_id": "1234160527326072832"}, {"license": "gnip", "citation_ids": [76753660], "author": {"tweeter_id": "1154370531258327041"}, "tweet_id": "1234371007122563074"}, {"license": "gnip", "citation_ids": [76753660], "author": {"tweeter_id": "1005543133"}, "tweet_id": "1234373350241103873"}, {"license": "gnip", "citation_ids": [76753660], "author": {"tweeter_id": "1205767895420006401"}, "tweet_id": "1234401357479604224"}, {"license": "gnip", "citation_ids": [76753660], "author": {"tweeter_id": "107866344"}, "tweet_id": "1234469504450617344"}, {"license": "gnip", "citation_ids": [76753660], "author": {"tweeter_id": "2291381868"}, "tweet_id": "1234469843434229760"}, {"license": "gnip", "citation_ids": [76753660], "author": {"tweeter_id": "715185155208425472"}, "tweet_id": "1234470775031095297"}, {"license": "gnip", "citation_ids": [76753660], "author": {"tweeter_id": "996683132907606016"}, "tweet_id": "1234471050823356417"}, {"license": "gnip", "citation_ids": [76753660], "author": {"tweeter_id": "109271082"}, "tweet_id": "1234471879060017152"}, {"license": "gnip", "citation_ids": [76753660], "author": {"tweeter_id": "4496318592"}, "tweet_id": "1234472816952561665"}, {"license": "gnip", "citation_ids": [76753660], "author": {"tweeter_id": "2227822783"}, "tweet_id": "1234475209370914816"}, {"license": "gnip", "citation_ids": [76753660], "author": {"tweeter_id": "59437504"}, "tweet_id": "1234475544625868800"}, {"license": "gnip", "citation_ids": [76753660], "author": {"tweeter_id": "59437504"}, "tweet_id": "1234475714117689345"}, {"license": "gnip", "citation_ids": [76753660], "author": {"tweeter_id": "865182772289077249"}, "tweet_id": "1234476465002934272"}, {"license": "gnip", "citation_ids": [76753660], "author": {"tweeter_id": "59437504"}, "tweet_id": "1234479629987020803"}, {"license": "gnip", "citation_ids": [76753660], "author": {"tweeter_id": "118524621"}, "tweet_id": "1234480633499414528"}, {"license": "gnip", "citation_ids": [76753660], "author": {"tweeter_id": "720618444928856066"}, "tweet_id": "1234486447765221382"}, {"license": "gnip", "citation_ids": [76753660], "author": {"tweeter_id": "890941200802357250"}, "tweet_id": "1234486490064773120"}, {"license": "gnip", "citation_ids": [76753660], "author": {"tweeter_id": "1058589386692939776"}, "tweet_id": "1234488093803069440"}, {"license": "gnip", "citation_ids": [76753660], "author": {"tweeter_id": "913824218344603649"}, "tweet_id": "1234488791735439362"}, {"license": "gnip", "citation_ids": [76753660], "author": {"tweeter_id": "140037241"}, "tweet_id": "1234507519050964992"}, {"license": "gnip", "citation_ids": [76753660], "author": {"tweeter_id": "1130917984468291584"}, "tweet_id": "1234518411117334528"}, {"license": "gnip", "citation_ids": [76753660], "author": {"tweeter_id": "1226758128479293441"}, "tweet_id": "1234709636168601601"}, {"license": "gnip", "citation_ids": [76753660], "author": {"tweeter_id": "1194768553846562816"}, "tweet_id": "1234785881522749442"}, {"license": "gnip", "citation_ids": [76753660], "author": {"tweeter_id": "766515621265674240"}, "tweet_id": "1234795750061563905"}, {"license": "gnip", "citation_ids": [76753660], "author": {"tweeter_id": "237503846"}, "tweet_id": "1234980246975156224"}, {"license": "gnip", "citation_ids": [76753660], "author": {"tweeter_id": "1929528906"}, "tweet_id": "1235100624833798144"}, {"license": "gnip", "citation_ids": [76753660], "author": {"tweeter_id": "433986492"}, "tweet_id": "1235117755331821569"}, {"license": "gnip", "citation_ids": [76753660], "author": {"tweeter_id": "108913878"}, "tweet_id": "1235118681719369737"}, {"license": "gnip", "citation_ids": [76753660], "author": {"tweeter_id": "109292533"}, "tweet_id": "1235185398885658624"}, {"license": "gnip", "citation_ids": [76753660], "author": {"tweeter_id": "1157291113645924352"}, "tweet_id": "1235600115181801474"}, {"license": "gnip", "citation_ids": [76753660], "author": {"tweeter_id": "18262698"}, "tweet_id": "1235841537533038594"}, {"license": "gnip", "citation_ids": [76753660], "author": {"tweeter_id": "4901919879"}, "tweet_id": "1236278631661539329"}, {"license": "gnip", "citation_ids": [76753660], "author": {"tweeter_id": "4901919879"}, "tweet_id": "1236278681510838273"}], "news": [{"title": "\u9678\u5927\u5b78\u6700\u65b0\u7814\u7a76\uff1a\u91ab\u9662\u7a7a\u6c23\u6e2c\u5230\u75c5\u6bd2", "url": "http://ct.moreover.com/?a=41516100285&p=1pl&v=1&x=Ca2qzuvPY551MTblugPyxA", "license": "public", "citation_ids": [76753660], "posted_on": "2020-03-02T03:50:50+00:00", "summary": "\u5927\u9678\u4e2d\u5fc3\uff0f\u9673\u4f73\u9234\u5831\u5c0e \u4e2d\u570b\u6b66\u6f22\u80ba\u708e\u75ab\u60c5\u6301\u7e8c\uff0c\u5168\u4e16\u754c\u5e7e\u4e4e\u7121\u4e00\u5016\u514d\uff0c\u96d6\u7136\u76f8\u95dc\u7814\u7a76\u7387\u7e8c\u51fa\u7210\uff0c\u4f46\u4ecd\u7121\u6cd5\u627e\u5230\u6709\u6548\u904f\u6b62\u75ab\u60c5\u64f4\u6563\u7684\u65b9\u5f0f\u3002\u4e2d\u570b\u5409\u6797\u5927\u5b78\u8fd1\u65e5\u5728\u570b\u969b\u671f\u520a\u767c\u8868\u8ad6\u6587\uff0c\u63d0\u53ca\u5728\u91ab\u9662\u5167\u7a7a\u6c23\u4e2d\u6aa2\u6e2c\u5230\u65b0\u578b\u51a0\u72c0\u75c5\u6bd2\uff1b\u53f0\u7063\u91ab\u5e2b\u59dc\u51a0\u5b87\u8868\u793a\uff0c\u82e5\u6839\u64da\u9019\u4efd\u8ad6\u6587\uff0c\u4ed6\u7684\u7d50\u8ad6\u662f\u300c\u660e\u986f\u4e0d\u53ea\u98db\u6cab\uff0c\u800c\u662f\u6709\u7a7a\u6c23\u50b3\u67d3\u300d\u3002 \u5409\u6797\u5927\u5b78\u6700\u65b0\u7814\u7a76\uff1a\u91ab\u9662\u5167\u7a7a\u6c23\uff0c\u6e2c\u5f97\u65b0\u51a0\u80ba\u708e\u75c5\u6bd2\u3002(\u5716/AP\u6388\u6b0a) \u5409\u6797\u5927\u5b78\u63a1\u9694\u96e2\u75c5\u623f\u3001\u767c\u71b1\u9580\u8a3a\u3001\u770b\u8a3a\u8655\u7b49\u8655\u7a7a\u6c23\u3001\u7269\u8868\u3001\u9580\u628a\u624b\u7b49\u5171158\u500b\u6a23\u672c\uff0c\u5747\u6aa2\u6e2c\u5230\u65b0\u51a0\u80ba\u708e\u75c5\u6bd2\u3002\uff08\u5716\uff0f\u7ffb\u651d\u756b\u9762\uff09 \u5409\u6797\u5927\u5b78\u7b2c\u4e00\u91ab\u9662\u4e00\u500b\u7814\u7a76\u5718\u968a\uff0c2\u670827\u65e5\u5728\u2026", "author": {"name": "Yahoo! News", "url": "http://news.yahoo.com/", "image": "https://s3.amazonaws.com/weyland.altmetric.com/news_sources/logos/000/000/032/normal/yahoo_news.png?1369846922"}}]}, "score": 45.6, "images": {"small": "https://badges.altmetric.com/?size=64&score=46&types=mttttttt", "medium": "https://badges.altmetric.com/?size=100&score=46&types=mttttttt", "large": "https://badges.altmetric.com/?size=180&score=46&types=mttttttt"}}