{"altmetric_id": 76692367, "counts": {"readers": {"mendeley": 0, "citeulike": 0, "connotea": 0}, "total": {"posts_count": 26}, "twitter": {"unique_users_count": 25, "posts_count": 26}}, "citation": {"authors": ["Song, Ying", "Zheng, Shuangjia", "Li, Liang", "Zhang, Xiang", "Zhang, Xiaodong", "Huang, Ziwang", "Chen, Jianwen", "Zhao, Huiying", "Jie, Yusheng", "Wang, Ruixuan", "Chong, Yutian", "Shen, Jun", "Zha, Yunfei", "Yang, Yuedong"], "doi": "10.1101/2020.02.23.20026930", "first_seen_on": "2020-02-26T12:15:24+00:00", "issns": [], "last_mentioned_on": 1584522266, "links": ["http://medrxiv.org/lookup/doi/10.1101/2020.02.23.20026930", "https://www.medrxiv.org/content/10.1101/2020.02.23.20026930v1", "https://www.medrxiv.org/content/10.1101/2020.02.23.20026930v1?utm_source=dlvr.it&utm_medium=twitter", "https://www.medrxiv.org/content/medrxiv/early/2020/02/25/2020.02.23.20026930.full.pdf"], "pdf_url": "https://www.medrxiv.org/content/medrxiv/early/2020/02/25/2020.02.23.20026930.full.pdf", "publisher": "Cold Spring Harbor Laboratory", "title": "Deep learning Enables Accurate Diagnosis of Novel Coronavirus (COVID-19) with CT images", "type": "article"}, "altmetric_score": {"score": 16.1, "score_history": {"1y": 16.1, "6m": 16.1, "3m": 16.1, "1m": 16.1, "1w": 9.55, "6d": 9.55, "5d": 8.55, "4d": 8.55, "3d": 7.45, "2d": 7.45, "1d": 6.45, "at": 16.1}, "context_for_score": null}, "demographics": {"poster_types": {"member_of_the_public": 19, "researcher": 3, "practitioner": 2, "science_communicator": 1}, "users": {"twitter": {"cohorts": {"Members of the public": 19, "Practitioners (doctors, other healthcare professionals)": 2, "Science communicators (journalists, bloggers, editors)": 1, "Scientists": 3}}}, "geo": {"twitter": {"US": 5, "BR": 1, "GB": 1, "CN": 1, "CH": 1, "PL": 1, "ES": 1, "AU": 1, "OM": 1, "RS": 1}}}, "posts": {"twitter": [{"license": "gnip", "citation_ids": [76692367], "author": {"tweeter_id": "4901919879"}, "tweet_id": "1232640173827141632"}, {"license": "gnip", "citation_ids": [76692367], "author": {"tweeter_id": "4901919879"}, "tweet_id": "1232640190465880064"}, {"license": "gnip", "citation_ids": [76692367], "author": {"tweeter_id": "921400462838042624"}, "tweet_id": "1232970951685550080"}, {"license": "gnip", "citation_ids": [76692367], "author": {"tweeter_id": "3824923812"}, "tweet_id": "1232972541041364994"}, {"license": "gnip", "citation_ids": [76692367], "author": {"tweeter_id": "1024663103026458624"}, "tweet_id": "1232973712007319553"}, {"license": "gnip", "citation_ids": [76692367], "author": {"tweeter_id": "1214232500664295424"}, "tweet_id": "1233007258851635201"}, {"license": "gnip", "citation_ids": [76692367], "author": {"tweeter_id": "1128131036762845189"}, "tweet_id": "1233008445957300224"}, {"license": "gnip", "citation_ids": [76692367], "author": {"tweeter_id": "1225780106280493061"}, "tweet_id": "1233010826128302080"}, {"license": "gnip", "citation_ids": [76692367], "author": {"tweeter_id": "1085633678527602689"}, "tweet_id": "1233012251197661184"}, {"license": "gnip", "citation_ids": [76692367], "author": {"tweeter_id": "720319081"}, "tweet_id": "1233017694984605697"}, {"license": "gnip", "citation_ids": [76692367], "author": {"tweeter_id": "1003545132765974528"}, "tweet_id": "1233038104119955457"}, {"license": "gnip", "citation_ids": [76692367, 76226817], "author": {"tweeter_id": "302419030"}, "tweet_id": "1234075955976527872"}, {"license": "gnip", "citation_ids": [76692367, 76226817], "author": {"tweeter_id": "92475915"}, "tweet_id": "1234079979794649088"}, {"license": "gnip", "citation_ids": [76692367], "author": {"tweeter_id": "11357802"}, "tweet_id": "1238323892537700354"}, {"license": "gnip", "citation_ids": [76692367], "author": {"tweeter_id": "1238983894524932097"}, "tweet_id": "1238989252412801025"}, {"license": "gnip", "citation_ids": [76692367], "author": {"tweeter_id": "940832638490894336"}, "tweet_id": "1238989317806186496"}, {"license": "gnip", "citation_ids": [76692367], "author": {"tweeter_id": "603344194"}, "tweet_id": "1239806737755992065"}, {"license": "gnip", "citation_ids": [76692367], "author": {"tweeter_id": "17923717"}, "tweet_id": "1239813337401229312"}, {"license": "gnip", "citation_ids": [76692367], "author": {"tweeter_id": "1123862412"}, "tweet_id": "1239876973821747205"}, {"license": "gnip", "citation_ids": [76692367], "author": {"tweeter_id": "1012245113555173376"}, "tweet_id": "1239900076819894274"}, {"license": "gnip", "citation_ids": [76692367], "author": {"tweeter_id": "2430360050"}, "tweet_id": "1239904164731211776"}, {"license": "gnip", "citation_ids": [76692367], "author": {"tweeter_id": "1190892853616099328"}, "tweet_id": "1240043064086978567"}, {"license": "gnip", "citation_ids": [76692367], "author": {"tweeter_id": "343669088"}, "tweet_id": "1240109007769124864"}, {"license": "gnip", "citation_ids": [76692367], "author": {"tweeter_id": "1155810096"}, "tweet_id": "1240121700462800897"}, {"license": "gnip", "citation_ids": [76692367], "author": {"tweeter_id": "954466737562570752"}, "tweet_id": "1240173055286132736"}, {"license": "gnip", "citation_ids": [76692367], "author": {"tweeter_id": "860954936040767488"}, "tweet_id": "1240202390327848960"}]}, "score": 16.1, "images": {"small": "https://badges.altmetric.com/?size=64&score=17&types=tttttttt", "medium": "https://badges.altmetric.com/?size=100&score=17&types=tttttttt", "large": "https://badges.altmetric.com/?size=180&score=17&types=tttttttt"}}