{"altmetric_id": 64622892, "counts": {"readers": {"citeulike": "0", "mendeley": "10", "connotea": "0"}, "total": {"posts_count": 0}}, "citation": {"altmetric_jid": "4f6fa5153cf058f610003688", "authors": ["Changchao Huan", "Haochun Pan", "Siyao Fu", "Weiyin Xu", "Qingqing Gao", "Xiaobo Wang", "Song Gao", "Changhai Chen", "Xiufan Liu"], "doi": "10.1111/tbed.13321", "first_seen_on": "2019-08-06T10:03:13+00:00", "handles": [], "isbns": [], "issns": ["1865-1674", "1865-1682"], "journal": "Transboundary & Emerging Diseases", "links": ["https://www.ncbi.nlm.nih.gov/pubmed/31381232?dopt=Abstract"], "pmid": "31381232", "pubdate": "2020-01-01T00:00:00+00:00", "epubdate": "2019-08-22T00:00:00+00:00", "publisher": "Wiley", "publisher_subjects": [{"name": "Veterinary Sciences", "scheme": "era"}], "scopus_subjects": ["Veterinary", "Health Sciences", "Life Sciences", "Immunology and Microbiology"], "title": "Characterization and evolution of the coronavirus porcine epidemic diarrhoea virus HLJBY isolated in China", "type": "article", "mendeley_url": "https://www.mendeley.com/catalogue/e355c08f-6162-3958-8b71-f8ed71e64a84/"}, "altmetric_score": {"score": 0, "score_history": {"1y": 0, "6m": 0, "3m": 0, "1m": 0, "1w": 0, "6d": 0, "5d": 0, "4d": 0, "3d": 0, "2d": 0, "1d": 0, "at": 0}, "context_for_score": null}, "demographics": {"users": {"mendeley": {"by_status": {"Other": 2, "Researcher": 3, "Unspecified": 1, "Professor > Associate Professor": 1}, "by_discipline": {"Design": 1, "Medicine and Dentistry": 1, "Neuroscience": 1, "Arts and Humanities": 1, "Veterinary Science and Veterinary Medicine": 3}}}}, "posts": [], "score": 0, "images": {"small": "https://badges.altmetric.com/?size=64&score=?&types=????????", "medium": "https://badges.altmetric.com/?size=100&score=?&types=????????", "large": "https://badges.altmetric.com/?size=180&score=?&types=????????"}}