{"altmetric_id": 71295409, "counts": {"readers": {"mendeley": 0, "citeulike": 0, "connotea": 0}, "total": {"posts_count": 3}, "twitter": {"unique_users_count": 3, "posts_count": 3}}, "citation": {"altmetric_jid": "4f6fa63a3cf058f610008bf8", "authors": ["Ramon Z. Shaban", "Cristina F. Sotomayor-Castillo", "Jeremy Malik", "Cecilia Li"], "doi": "10.1016/j.tmaid.2019.101528", "first_seen_on": "2019-11-27T18:08:09+00:00", "handles": [], "isbns": [], "issns": ["1477-8939"], "journal": "Travel Medicine and Infectious Disease", "last_mentioned_on": 1574906854, "links": ["https://www.sciencedirect.com/science/article/abs/pii/S1477893919302315?via%3Dihub"], "pmid": "31760126", "pubdate": "2020-01-01T00:00:00+00:00", "publisher_subjects": [{"name": "Clinical Sciences", "scheme": "era"}, {"name": "Public Health And Health Services", "scheme": "era"}], "scopus_subjects": ["Medicine", "Health Sciences"], "title": "Global commercial passenger airlines and travel health information regarding infection control and the prevention of infectious disease: What's in a website?", "type": "article"}, "altmetric_score": {"score": 2.2, "score_history": {"1y": 2.2, "6m": 2.2, "3m": 0, "1m": 0, "1w": 0, "6d": 0, "5d": 0, "4d": 0, "3d": 0, "2d": 0, "1d": 0, "at": 2.2}, "context_for_score": {"all": {"total_number_of_other_articles": 14395965, "mean": 8.4078873623103, "rank": 7697191, "this_scored_higher_than_pct": 46, "this_scored_higher_than": 6681413, "rank_type": "exact", "sample_size": 14395965, "percentile": 46}, "similar_age_3m": {"total_number_of_other_articles": 325747, "mean": 12.974897116157, "rank": 148905, "this_scored_higher_than_pct": 54, "this_scored_higher_than": 176208, "rank_type": "exact", "sample_size": 325747, "percentile": 54}, "this_journal": {"total_number_of_other_articles": 644, "mean": 7.2989269051322, "rank": 273, "this_scored_higher_than_pct": 57, "this_scored_higher_than": 370, "rank_type": "exact", "sample_size": 644, "percentile": 57}, "similar_age_this_journal_3m": {"total_number_of_other_articles": 41, "mean": 9.2395, "rank": 24, "this_scored_higher_than_pct": 41, "this_scored_higher_than": 17, "rank_type": "exact", "sample_size": 41, "percentile": 41}}}, "demographics": {"poster_types": {"member_of_the_public": 3}, "users": {"twitter": {"cohorts": {"Members of the public": 3}}}, "geo": {"twitter": {"CA": 2}}}, "posts": {"twitter": [{"license": "gnip", "citation_ids": [71295409], "author": {"tweeter_id": "442171917"}, "tweet_id": "1199750136177577984"}, {"license": "gnip", "citation_ids": [71295409], "author": {"tweeter_id": "4105619915"}, "tweet_id": "1199759516591673344"}, {"license": "gnip", "citation_ids": [71295409], "author": {"tweeter_id": "2328678997"}, "tweet_id": "1199872427880275969"}]}, "score": 2.2, "images": {"small": "https://badges.altmetric.com/?size=64&score=3&types=tttttttt", "medium": "https://badges.altmetric.com/?size=100&score=3&types=tttttttt", "large": "https://badges.altmetric.com/?size=180&score=3&types=tttttttt"}}