{"altmetric_id": 74440922, "counts": {"readers": {"mendeley": 0, "citeulike": 0, "connotea": 0}, "facebook": {"unique_users_count": 1, "unique_users": ["488224747996790"], "posts_count": 1}, "total": {"posts_count": 10}, "twitter": {"unique_users_count": 9, "posts_count": 9}}, "citation": {"altmetric_jid": "4f6fa5e63cf058f610005756", "authors": ["David Sellers", "Jamie Ranse"], "doi": "10.1016/j.aucc.2019.12.004", "first_seen_on": "2020-01-24T11:31:45+00:00", "issns": ["1036-7314"], "journal": "Australian critical care : official journal of the Confederation of Australian Critical Care Nurses.", "last_mentioned_on": 1581324360, "links": ["https://www.australiancriticalcare.com/article/S1036-7314(19)30181-X/fulltext?rss=yes", "https://www.ncbi.nlm.nih.gov/pubmed/31980255?dopt=Abstract&utm_source=dlvr.it&utm_medium=twitter", "https://www.australiancriticalcare.com/article/S1036-7314(19)30181-X/fulltext?fbclid=IwAR3-CzX5hGsu1HRArBzsKoqOF_3MXqUMzPoGllwJHkp7x7WmWs-kjAcpZp4"], "pmid": "31980255", "pubdate": "2020-01-01T00:00:00+00:00", "publisher_subjects": [{"name": "Nursing", "scheme": "era"}], "scopus_subjects": ["Health Sciences", "Nursing"], "title": "The impact of mass casualty incidents on intensive care units", "type": "article"}, "altmetric_score": {"score": 6.2, "score_history": {"1y": 6.2, "6m": 6.2, "3m": 6.2, "1m": 0, "1w": 0, "6d": 0, "5d": 0, "4d": 0, "3d": 0, "2d": 0, "1d": 0, "at": 6.2}, "context_for_score": {"all": {"total_number_of_other_articles": 14484925, "mean": 8.445672526129, "rank": 2703941, "this_scored_higher_than_pct": 81, "this_scored_higher_than": 11772112, "rank_type": "exact", "sample_size": 14484925, "percentile": 81}, "similar_age_3m": {"total_number_of_other_articles": 236315, "mean": 13.203811217279, "rank": 61938, "this_scored_higher_than_pct": 73, "this_scored_higher_than": 174070, "rank_type": "exact", "sample_size": 236315, "percentile": 73}, "this_journal": {"total_number_of_other_articles": 378, "mean": 7.9006100795756, "rank": 122, "this_scored_higher_than_pct": 67, "this_scored_higher_than": 254, "rank_type": "exact", "sample_size": 378, "percentile": 67}, "similar_age_this_journal_3m": {"total_number_of_other_articles": 26, "mean": 10.812, "rank": 12, "this_scored_higher_than_pct": 50, "this_scored_higher_than": 13, "rank_type": "exact", "sample_size": 26, "percentile": 50}}}, "demographics": {"poster_types": {"member_of_the_public": 6, "researcher": 1, "practitioner": 1, "science_communicator": 1}, "users": {"twitter": {"cohorts": {"Members of the public": 6, "Practitioners (doctors, other healthcare professionals)": 1, "Scientists": 1, "Science communicators (journalists, bloggers, editors)": 1}}}, "geo": {"twitter": {"AU": 3, "GB": 2, "CA": 1}}}, "posts": {"twitter": [{"license": "gnip", "citation_ids": [74440922], "author": {"tweeter_id": "2394054427"}, "tweet_id": "1220670469206085632"}, {"license": "gnip", "citation_ids": [74440922], "author": {"tweeter_id": "791456382553694209"}, "tweet_id": "1221428207770955777"}, {"license": "gnip", "citation_ids": [74440922], "author": {"tweeter_id": "938830707467567105"}, "tweet_id": "1224805706768891906"}, {"license": "gnip", "citation_ids": [74440922], "author": {"tweeter_id": "3495902363"}, "tweet_id": "1224807083385769985"}, {"license": "gnip", "citation_ids": [74440922], "author": {"tweeter_id": "3239795678"}, "tweet_id": "1224816952285118464"}, {"license": "gnip", "citation_ids": [74440922], "author": {"tweeter_id": "2513848772"}, "tweet_id": "1224877586163159041"}, {"license": "gnip", "citation_ids": [74440922], "author": {"tweeter_id": "1224231099577950209"}, "tweet_id": "1224947847545544704"}, {"license": "gnip", "citation_ids": [74440922], "author": {"tweeter_id": "247403894"}, "tweet_id": "1225823647669129217"}, {"license": "gnip", "citation_ids": [74440922], "author": {"tweeter_id": "533245210"}, "tweet_id": "1226789399993565186"}], "facebook": [{"title": "The impact of mass casualty incidents on intensive care units", "url": "https://www.facebook.com/permalink.php?story_fbid=1533561223463132&id=488224747996790", "license": "public", "citation_ids": [74440922], "posted_on": "2020-02-10T08:36:42+00:00", "summary": "#Australian #study looks at #impact of #masscasualtyincident on #intensivecare https://www.australiancriticalcare.com/article/S1036-7314(19)30181-X/fulltext?fbclid=IwAR3-CzX5hGsu1HRArBzsKoqOF_3MXqUMzPoGllwJHkp7x7WmWs-kjAcpZp4 #international #research #deve", "author": {"name": "Journal of Paramedic Practice", "url": "https://www.facebook.com/488224747996790", "facebook_wall_name": "Journal of Paramedic Practice", "image": "https://graph.facebook.com/488224747996790/picture", "id_on_source": "488224747996790"}}]}, "score": 6.2, "images": {"small": "https://badges.altmetric.com/?size=64&score=7&types=tttttttf", "medium": "https://badges.altmetric.com/?size=100&score=7&types=tttttttf", "large": "https://badges.altmetric.com/?size=180&score=7&types=tttttttf"}}