{"altmetric_id": 74457228, "counts": {"readers": {"mendeley": 0, "citeulike": 0, "connotea": 0}, "total": {"posts_count": 608}, "twitter": {"unique_users_count": 552, "posts_count": 591}, "news": {"unique_users_count": 2, "unique_users": ["gandul", "sante_log"], "posts_count": 2}, "reddit": {"unique_users_count": 4, "unique_users": ["officialcitral", "-en-", "I_did_dit", "homothebrave"], "posts_count": 4}, "facebook": {"unique_users_count": 9, "unique_users": ["139267936143724", "451507198299189", "128956703800591", "143772238998678", "155136318007766", "736634129680000", "412711868823379", "282884011740396", "435936929795737"], "posts_count": 10}, "blogs": {"unique_users_count": 1, "unique_users": [79162], "posts_count": 1}}, "citation": {"altmetric_jid": "4f6fa50a3cf058f610003160", "authors": ["David Cyranoski"], "doi": "10.1038/d41586-020-00190-6", "endpage": "607", "first_seen_on": "2020-01-24T18:12:50+00:00", "issns": ["0028-0836", "1476-4687"], "journal": "Nature", "last_mentioned_on": 1584529118, "links": ["https://www.nature.com/articles/d41586-020-00190-6?error=cookies_not_supported&code=3e5b9fe0-ed7f-4d79-8840-cb3f8307a622", "https://www.nature.com/articles/d41586-020-00190-6?utm_source=twt_nnc&utm_medium=social&utm_campaign=naturenews&error=cookies_not_supported&code=48b80118-231a-4e12-9964-71ee27634ccc", "https://www.nature.com/articles/d41586-020-00190-6?error=cookies_not_supported&code=55691161-9c16-45a7-bfc1-ef6a5ac0e3ec", "https://www.nature.com/articles/d41586-020-00190-6?utm_source=feedburner&utm_medium=feed&utm_campaign=Feed%3A+nature%2Frss%2Fcurrent+%28Nature+-+Issue%29&error=cookies_not_supported&code=2741e9d5-f34d-473c-b8f0-b6daa3742880", "https://www.nature.com/articles/d41586-020-00190-6?utm_source=dlvr.it&utm_medium=twitter&error=cookies_not_supported&code=27ada9c0-ac3e-49cd-b062-64ab17a1dd67", "https://www.nature.com/articles/d41586-020-00190-6?utm_content=bufferf6b0d&utm_medium=social&utm_source=twitter.com&utm_campaign=buffer&error=cookies_not_supported&code=55f80260-d880-45a4-9b7b-8559790f04e6", "https://www.nature.com/articles/d41586-020-00190-6?error=cookies_not_supported&code=3f8907e4-4838-4e7a-9f10-f2dd1678581a", "https://www.nature.com/articles/d41586-020-00190-6?error=cookies_not_supported&code=3c31bea3-d665-4946-8717-560d5fd8af98", "https://www.nature.com/articles/d41586-020-00190-6?error=cookies_not_supported&code=1e04f60f-8dfd-40b7-8f17-a9d1f8db57b4", "https://www.nature.com/articles/d41586-020-00190-6", "https://www.nature.com/articles/d41586-020-00190-6?error=cookies_not_supported&amp;code=83f16840-6013-4234-9d1a-f1efd4b8ad4e", "https://www.nature.com/articles/d41586-020-00190-6?error=cookies_not_supported&code=6d2c6018-0feb-4c42-8f0b-803c97e537dc", "https://www.nature.com/articles/d41586-020-00190-6?error=cookies_not_supported&code=25ddda78-85cc-4d03-9e3b-7e24173f97c5", "https://www.nature.com/articles/d41586-020-00190-6?utm_source=fbk_nnc&utm_medium=social&utm_campaign=naturenews&error=cookies_not_supported&code=2f533b76-0c2d-4594-bdfb-3c547b5e0339", "https://www.nature.com/articles/d41586-020-00190-6?error=cookies_not_supported&code=62e9274d-175c-43db-8fb2-2a994ce08e71", "https://www.nature.com/articles/d41586-020-00190-6?utm_source=twt_nnc&utm_medium=social&utm_campaign=naturenews&sf228974950=1&error=cookies_not_supported&code=6ae36970-812e-44cb-b787-b2823997bde2", "https://www.nature.com/articles/d41586-020-00190-6?utm_source=twt_nnc&utm_medium=social&utm_campaign=naturenews&sf228974950=1&error=cookies_not_supported&code=56d2d153-11a0-4787-8470-5eb09b3ff61e", "https://www.nature.com/articles/d41586-020-00190-6?utm_source=twt_nnc&utm_medium=social&utm_campaign=naturenews&sf228995437=1&error=cookies_not_supported&code=5bbccb07-2835-4e08-8aaf-d465d7e9fe8d", "https://www.nature.com/articles/d41586-020-00190-6?utm_source=twt_nnc&utm_medium=social&utm_campaign=naturenews&sf228995437=1&error=cookies_not_supported&code=377127ab-4e5b-4ec7-b8cc-23e0868a0576", "https://www.nature.com/articles/d41586-020-00190-6?utm_source=Nature&error=cookies_not_supported&code=d57db0dc-bd75-434d-988d-38642d73446f", "https://www.nature.com/articles/d41586-020-00190-6?error=cookies_not_supported&code=84127255-5896-4bd5-94b4-cf59fb31f0c4", "https://www.nature.com/articles/d41586-020-00190-6?utm_source=fbk_nnc&utm_medium=social&utm_campaign=naturenews&sf228975410=1&fbclid=IwAR1wGp2-mzYavrWTuP2KJf_zj2MkVJmsuW1tLQOx9psYj6Ofg-7V8c5jAvQ&error=cookies_not_supported&code=ea91ebea-b0df-4584-b986-32ede1a330a1", "https://www.nature.com/articles/d41586-020-00190-6?utm_source=Nature+Briefing&utm_campaign=1348bf2cbd-briefing-dy-20200127&utm_medium=email&utm_term=0_c9dfd39373-1348bf2cbd-43992813&error=cookies_not_supported&code=16d73c0f-2240-429f-9717-c6ae2206d33a", "https://www.ncbi.nlm.nih.gov/pubmed/31992886?dopt=Abstract", "http://dx.doi.org/10.1038/d41586-020-00190-6", "https://www.nature.com/articles/d41586-020-00190-6?utm_source=fbk_nnc&utm_medium=social&utm_campaign=naturenews&sf228975410=1", "https://www.nature.com/articles/d41586-020-00190-6?error=cookies_not_supported&code=e33ad7e5-1486-4d5f-8abc-657c2bc564d4", "https://www.nature.com/articles/d41586-020-00190-6?utm_source=twt_nnc&utm_medium=social&utm_campaign=naturenews&error=cookies_not_supported&code=3698e092-3cf7-49dd-9788-da21f4ef7150", "https://www.ncbi.nlm.nih.gov/pubmed/31992886?dopt=Abstract&utm_source=dlvr.it&utm_medium=twitter"], "pmid": "31992886", "pubdate": "2020-01-01T00:00:00+00:00", "epubdate": "2020-01-24T00:00:00+00:00", "scopus_subjects": ["General"], "startpage": "607", "title": "This scientist hopes to test coronavirus drugs on animals in locked-down Wuhan", "type": "news"}, "altmetric_score": {"score": 423.58, "score_history": {"1y": 423.58, "6m": 423.58, "3m": 423.58, "1m": 6.2, "1w": 2.1, "6d": 2.1, "5d": 2.1, "4d": 2.1, "3d": 2.1, "2d": 2.1, "1d": 2.1, "at": 423.58}, "context_for_score": {"all": {"total_number_of_other_articles": 14519357, "mean": 8.4689242331297, "rank": 26064, "this_scored_higher_than_pct": 99, "this_scored_higher_than": 14493539, "rank_type": "exact", "sample_size": 14519357, "percentile": 99}, "similar_age_3m": {"total_number_of_other_articles": 243807, "mean": 13.479707382099, "rank": 877, "this_scored_higher_than_pct": 99, "this_scored_higher_than": 242930, "rank_type": "exact", "sample_size": 243807, "percentile": 99}, "this_journal": {"total_number_of_other_articles": 72480, "mean": 80.580710633425, "rank": 3043, "this_scored_higher_than_pct": 95, "this_scored_higher_than": 69437, "rank_type": "exact", "sample_size": 72480, "percentile": 95}, "similar_age_this_journal_3m": {"total_number_of_other_articles": 712, "mean": 261.20869198312, "rank": 117, "this_scored_higher_than_pct": 83, "this_scored_higher_than": 595, "rank_type": "exact", "sample_size": 712, "percentile": 83}}}, "demographics": {"poster_types": {"member_of_the_public": 455, "researcher": 66, "practitioner": 12, "science_communicator": 19}, "users": {"twitter": {"cohorts": {"Members of the public": 455, "Science communicators (journalists, bloggers, editors)": 19, "Scientists": 66, "Practitioners (doctors, other healthcare professionals)": 12}}}, "geo": {"twitter": {"US": 65, "LK": 1, "FR": 9, "CN": 7, "LY": 1, "CA": 9, "MN": 1, "MX": 4, "CZ": 1, "GB": 29, "MV": 1, "CH": 11, "DE": 13, "EC": 1, "IN": 10, "QA": 1, "BR": 7, "FI": 1, "ES": 9, "AU": 7, "GR": 1, "SA": 2, "CO": 3, "JP": 11, "TH": 9, "TW": 1, "HK": 1, "IS": 1, "DK": 1, "IT": 8, "GE": 1, "CI": 1, "ID": 1, "IL": 1, "KP": 2, "LB": 1, "NZ": 1, "SG": 1, "MY": 1, "AR": 7, "BD": 2, "PE": 3, "KR": 1, "VE": 4, "CL": 1, "PL": 2, "NL": 2, "TR": 3, "HU": 1, "NG": 1, "ZW": 1, "IE": 1, "AT": 2, "MZ": 1, "BE": 2, "PH": 1, "SI": 1, "DZ": 1}}}, "posts": {"twitter": [{"license": "gnip", "citation_ids": [74457228], "author": {"tweeter_id": "41626609"}, "tweet_id": "1220771394192953344"}, {"license": "gnip", "citation_ids": [74457228], "author": {"tweeter_id": "15862891"}, "tweet_id": "1220771817784299520"}, {"license": "gnip", "citation_ids": [74457228], "author": {"tweeter_id": "3189787423"}, "tweet_id": "1220771888412020736"}, {"license": "gnip", "citation_ids": [74457228], "author": {"tweeter_id": "2965990238"}, "tweet_id": "1220772038668771328"}, {"license": "gnip", "citation_ids": [74457228], "author": {"tweeter_id": "68238830"}, "tweet_id": "1220772068016435205"}, {"license": "gnip", "citation_ids": [74457228], "author": {"tweeter_id": "907979035543605248"}, "tweet_id": "1220772147146055680"}, {"license": "gnip", "citation_ids": [74457228], "author": {"tweeter_id": "1004451018892070914"}, "tweet_id": "1220772273574924289"}, {"license": "gnip", "citation_ids": [74457228], "author": {"tweeter_id": "2966333525"}, "tweet_id": "1220772318152097793"}, {"license": "gnip", "citation_ids": [74457228], "author": {"tweeter_id": "2432298782"}, "tweet_id": "1220772455775657990"}, {"license": "gnip", "citation_ids": [74457228], "author": {"tweeter_id": "3226040005"}, "tweet_id": "1220772782872510465"}, {"license": "gnip", "citation_ids": [74457228], "author": {"tweeter_id": "385840654"}, "tweet_id": "1220772810525741058"}, {"license": "gnip", "citation_ids": [74457228], "author": {"tweeter_id": "373113388"}, "tweet_id": "1220773315171815427"}, {"license": "gnip", "citation_ids": [74457228], "author": {"tweeter_id": "371001286"}, "tweet_id": "1220773556751040513"}, {"license": "gnip", "citation_ids": [74457228], "author": {"tweeter_id": "408202199"}, "tweet_id": "1220774077788352512"}, {"license": "gnip", "citation_ids": [74457228], "author": {"tweeter_id": "430399617"}, "tweet_id": "1220774307883814918"}, {"license": "gnip", "citation_ids": [74457228], "author": {"tweeter_id": "19042993"}, "tweet_id": "1220774538553651201"}, {"license": "gnip", "citation_ids": [74457228], "author": {"tweeter_id": "955715400"}, "tweet_id": "1220775133742153728"}, {"license": "gnip", "citation_ids": [74457228], "author": {"tweeter_id": "1481479166"}, "tweet_id": "1220775205443784704"}, {"license": "gnip", "citation_ids": [74457228], "author": {"tweeter_id": "320692621"}, "tweet_id": "1220775442631839746"}, {"license": "gnip", "citation_ids": [74457228], "author": {"tweeter_id": "487833518"}, "tweet_id": "1220775510957051904"}, {"license": "gnip", "citation_ids": [74457228], "author": {"tweeter_id": "52697162"}, "tweet_id": "1220775594629066752"}, {"license": "gnip", "citation_ids": [74457228], "author": {"tweeter_id": "176291863"}, "tweet_id": "1220775717232873472"}, {"license": "gnip", "citation_ids": [74457228], "author": {"tweeter_id": "1040413791014420480"}, "tweet_id": "1220775890914660352"}, {"license": "gnip", "citation_ids": [74457228], "author": {"tweeter_id": "796300684769562624"}, "tweet_id": "1220775972242427905"}, {"license": "gnip", "citation_ids": [74457228], "author": {"tweeter_id": "19393766"}, "tweet_id": "1220776316255031296"}, {"license": "gnip", "citation_ids": [74457228], "author": {"tweeter_id": "631380804"}, "tweet_id": "1220776447071203330"}, {"license": "gnip", "citation_ids": [74457228], "author": {"tweeter_id": "1014551370"}, "tweet_id": "1220776945383690240"}, {"license": "gnip", "citation_ids": [74457228], "author": {"tweeter_id": "1460288238"}, "tweet_id": "1220777238825709568"}, {"license": "gnip", "citation_ids": [74457228], "author": {"tweeter_id": "711350964381458432"}, "tweet_id": "1220777278801661952"}, {"license": "gnip", "citation_ids": [74457228], "author": {"tweeter_id": "492524845"}, "tweet_id": "1220777570788093955"}, {"license": "gnip", "citation_ids": [74457228], "author": {"tweeter_id": "98600316"}, "tweet_id": "1220777846357950465"}, {"license": "gnip", "citation_ids": [74457228], "author": {"tweeter_id": "312504809"}, "tweet_id": "1220778321354448896"}, {"license": "gnip", "citation_ids": [74457228], "author": {"tweeter_id": "1167871160077492224"}, "tweet_id": "1220780113081655296"}, {"license": "gnip", "citation_ids": [74457228], "author": {"tweeter_id": "1121570325244915720"}, "tweet_id": "1220780364051943430"}, {"license": "gnip", "citation_ids": [74457228], "author": {"tweeter_id": "858981352833548288"}, "tweet_id": "1220781623198633984"}, {"license": "gnip", "citation_ids": [74457228], "author": {"tweeter_id": "40695119"}, "tweet_id": "1220781698155044864"}, {"license": "gnip", "citation_ids": [74457228], "author": {"tweeter_id": "775772910267011073"}, "tweet_id": "1220783109077073920"}, {"license": "gnip", "citation_ids": [74457228], "author": {"tweeter_id": "3005749540"}, "tweet_id": "1220783206162628608"}, {"license": "gnip", "citation_ids": [74457228], "author": {"tweeter_id": "721222630435635201"}, "tweet_id": "1220783351763652609"}, {"license": "gnip", "citation_ids": [74457228], "author": {"tweeter_id": "24911091"}, "tweet_id": "1220783406952349697"}, {"license": "gnip", "citation_ids": [74457228], "author": {"tweeter_id": "1007423671294541824"}, "tweet_id": "1220784407394390016"}, {"license": "gnip", "citation_ids": [74457228], "author": {"tweeter_id": "2547787389"}, "tweet_id": "1220785119566254081"}, {"license": "gnip", "citation_ids": [74457228], "author": {"tweeter_id": "1166947527943475211"}, "tweet_id": "1220786519532810241"}, {"license": "gnip", "citation_ids": [74457228], "author": {"tweeter_id": "188418646"}, "tweet_id": "1220786569897967617"}, {"license": "gnip", "citation_ids": [74457228], "author": {"tweeter_id": "1155182463435456518"}, "tweet_id": "1220787945931587584"}, {"license": "gnip", "citation_ids": [74457228], "author": {"tweeter_id": "1128352497276522496"}, "tweet_id": "1220790773496668160"}, {"license": "gnip", "citation_ids": [74457228], "author": {"tweeter_id": "194650248"}, "tweet_id": "1220791010193739777"}, {"license": "gnip", "citation_ids": [74457228], "author": {"tweeter_id": "1205945878004944896"}, "tweet_id": "1220793155957559296"}, {"license": "gnip", "citation_ids": [74457228], "author": {"tweeter_id": "1100499161424805889"}, "tweet_id": "1220793936073109504"}, {"license": "gnip", "citation_ids": [74457228], "author": {"tweeter_id": "40695119"}, "tweet_id": "1220796423093940224"}, {"license": "gnip", "citation_ids": [74457228], "author": {"tweeter_id": "127284241"}, "tweet_id": "1220796582829985799"}, {"license": "gnip", "citation_ids": [74457228], "author": {"tweeter_id": "2826292747"}, "tweet_id": "1220797710451793920"}, {"license": "gnip", "citation_ids": [74457228], "author": {"tweeter_id": "48788453"}, "tweet_id": "1220798245468721153"}, {"license": "gnip", "citation_ids": [74457228], "author": {"tweeter_id": "1201649161323655169"}, "tweet_id": "1220798552319938565"}, {"license": "gnip", "citation_ids": [74457228], "author": {"tweeter_id": "870902231272275969"}, "tweet_id": "1220798797791612928"}, {"license": "gnip", "citation_ids": [74457228], "author": {"tweeter_id": "3254098574"}, "tweet_id": "1220799412563111936"}, {"license": "gnip", "citation_ids": [74457228], "author": {"tweeter_id": "777850763628388353"}, "tweet_id": "1220801453444550659"}, {"license": "gnip", "citation_ids": [74457228], "author": {"tweeter_id": "431811173"}, "tweet_id": "1220801798996398082"}, {"license": "gnip", "citation_ids": [74457228], "author": {"tweeter_id": "728352151"}, "tweet_id": "1220802059861143553"}, {"license": "gnip", "citation_ids": [74457228], "author": {"tweeter_id": "19766166"}, "tweet_id": "1220802580567248904"}, {"license": "gnip", "citation_ids": [74457228], "author": {"tweeter_id": "1214232500664295424"}, "tweet_id": "1220803983473700865"}, {"license": "gnip", "citation_ids": [74457228], "author": {"tweeter_id": "1220667695160614913"}, "tweet_id": "1220805084331769857"}, {"license": "gnip", "citation_ids": [74457228], "author": {"tweeter_id": "1039924436"}, "tweet_id": "1220805917773651978"}, {"license": "gnip", "citation_ids": [74457228], "author": {"tweeter_id": "109366328"}, "tweet_id": "1220805930624913411"}, {"license": "gnip", "citation_ids": [74457228], "author": {"tweeter_id": "294080543"}, "tweet_id": "1220812865713704960"}, {"license": "gnip", "citation_ids": [74457228], "author": {"tweeter_id": "265835714"}, "tweet_id": "1220813013764042752"}, {"license": "gnip", "citation_ids": [74457228], "author": {"tweeter_id": "200675516"}, "tweet_id": "1220814782124695554"}, {"license": "gnip", "citation_ids": [74457228], "author": {"tweeter_id": "1078662542795382784"}, "tweet_id": "1220815473354444802"}, {"license": "gnip", "citation_ids": [74457228], "author": {"tweeter_id": "18425556"}, "tweet_id": "1220817107706880000"}, {"license": "gnip", "citation_ids": [74457228], "author": {"tweeter_id": "712037238507446273"}, "tweet_id": "1220817158323593216"}, {"license": "gnip", "citation_ids": [74457228], "author": {"tweeter_id": "103610476"}, "tweet_id": "1220823035135045632"}, {"license": "gnip", "citation_ids": [74457228], "author": {"tweeter_id": "942090426"}, "tweet_id": "1220823955872866305"}, {"license": "gnip", "citation_ids": [74457228], "author": {"tweeter_id": "897260874137833472"}, "tweet_id": "1220824272547074049"}, {"license": "gnip", "citation_ids": [74457228], "author": {"tweeter_id": "2255917724"}, "tweet_id": "1220825249056354305"}, {"license": "gnip", "citation_ids": [74457228], "author": {"tweeter_id": "959637026416005125"}, "tweet_id": "1220826485994459141"}, {"license": "gnip", "citation_ids": [74457228], "author": {"tweeter_id": "3304456686"}, "tweet_id": "1220828740432822273"}, {"license": "gnip", "citation_ids": [74457228], "author": {"tweeter_id": "28120619"}, "tweet_id": "1220828872947781632"}, {"license": "gnip", "citation_ids": [74457228], "author": {"tweeter_id": "276851971"}, "tweet_id": "1220843459386511360"}, {"license": "gnip", "citation_ids": [74457228], "author": {"tweeter_id": "1135995522483970051"}, "tweet_id": "1220847355039309825"}, {"license": "gnip", "citation_ids": [74457228], "author": {"tweeter_id": "1017818422728691713"}, "tweet_id": "1220852189486374912"}, {"license": "gnip", "citation_ids": [74457228], "author": {"tweeter_id": "539286281"}, "tweet_id": "1220853024727408647"}, {"license": "gnip", "citation_ids": [74457228], "author": {"tweeter_id": "1211649024"}, "tweet_id": "1220853676060835841"}, {"license": "gnip", "citation_ids": [74457228], "author": {"tweeter_id": "26525161"}, "tweet_id": "1220855145971560449"}, {"license": "gnip", "citation_ids": [74457228], "author": {"tweeter_id": "406446441"}, "tweet_id": "1220857045018185728"}, {"license": "gnip", "citation_ids": [74457228], "author": {"tweeter_id": "1211573441251303424"}, "tweet_id": "1220867835808927746"}, {"license": "gnip", "citation_ids": [74457228], "author": {"tweeter_id": "1486117886"}, "tweet_id": "1220868313783439366"}, {"license": "gnip", "citation_ids": [74457228], "author": {"tweeter_id": "1218112442607136768"}, "tweet_id": "1220870378131619841"}, {"license": "gnip", "citation_ids": [74457228], "author": {"tweeter_id": "2370582704"}, "tweet_id": "1220871932972863489"}, {"license": "gnip", "citation_ids": [74457228], "author": {"tweeter_id": "4700548490"}, "tweet_id": "1220874954415079425"}, {"license": "gnip", "citation_ids": [74457228], "author": {"tweeter_id": "4771824434"}, "tweet_id": "1220877070890221569"}, {"license": "gnip", "citation_ids": [74457228], "author": {"tweeter_id": "81179597"}, "tweet_id": "1220881500230561794"}, {"license": "gnip", "citation_ids": [74457228], "author": {"tweeter_id": "367653094"}, "tweet_id": "1220883705188634627"}, {"license": "gnip", "citation_ids": [74457228], "author": {"tweeter_id": "917815839780302850"}, "tweet_id": "1220886044654166016"}, {"license": "gnip", "citation_ids": [74457228], "author": {"tweeter_id": "70907731"}, "tweet_id": "1220887273173999617"}, {"license": "gnip", "citation_ids": [74457228], "author": {"tweeter_id": "2185759200"}, "tweet_id": "1220888644308721664"}, {"license": "gnip", "citation_ids": [74457228], "author": {"tweeter_id": "1066777350975688705"}, "tweet_id": "1220892369047912448"}, {"license": "gnip", "citation_ids": [74457228], "author": {"tweeter_id": "855390304911872001"}, "tweet_id": "1220893657483472896"}, {"license": "gnip", "citation_ids": [74457228], "author": {"tweeter_id": "15193667"}, "tweet_id": "1220894136556875776"}, {"license": "gnip", "citation_ids": [74457228], "author": {"tweeter_id": "838245866691510272"}, "tweet_id": "1220894255666823169"}, {"license": "gnip", "citation_ids": [74457228], "author": {"tweeter_id": "785332520472735744"}, "tweet_id": "1220899206392500224"}, {"license": "gnip", "citation_ids": [74457228], "author": {"tweeter_id": "3076202264"}, "tweet_id": "1220908794252677120"}, {"license": "gnip", "citation_ids": [74457228], "author": {"tweeter_id": "824209681077768193"}, "tweet_id": "1220909577899659265"}, {"license": "gnip", "citation_ids": [74457228], "author": {"tweeter_id": "101792463"}, "tweet_id": "1220910041978437632"}, {"license": "gnip", "citation_ids": [74457228], "author": {"tweeter_id": "1077906424661856257"}, "tweet_id": "1220910165538394112"}, {"license": "gnip", "citation_ids": [74457228], "author": {"tweeter_id": "22996614"}, "tweet_id": "1220912270424723457"}, {"license": "gnip", "citation_ids": [74457228], "author": {"tweeter_id": "961972957596631040"}, "tweet_id": "1220921310957592577"}, {"license": "gnip", "citation_ids": [74457228], "author": {"tweeter_id": "580633644"}, "tweet_id": "1220928298126958592"}, {"license": "gnip", "citation_ids": [74457228], "author": {"tweeter_id": "3135482320"}, "tweet_id": "1220933112156315653"}, {"license": "gnip", "citation_ids": [74457228], "author": {"tweeter_id": "1203884249025150977"}, "tweet_id": "1220939409354178561"}, {"license": "gnip", "citation_ids": [74457228], "author": {"tweeter_id": "766629343418261504"}, "tweet_id": "1220961707360735232"}, {"license": "gnip", "citation_ids": [74457228], "author": {"tweeter_id": "2192835211"}, "tweet_id": "1220964940774658050"}, {"license": "gnip", "citation_ids": [74457228], "author": {"tweeter_id": "897260874137833472"}, "tweet_id": "1220970508788862976"}, {"license": "gnip", "citation_ids": [74457228], "author": {"tweeter_id": "909610755883806720"}, "tweet_id": "1220970740666654720"}, {"license": "gnip", "citation_ids": [74457228], "author": {"tweeter_id": "2834147437"}, "tweet_id": "1220971949842546688"}, {"license": "gnip", "citation_ids": [74457228], "author": {"tweeter_id": "237719540"}, "tweet_id": "1220981307376881665"}, {"license": "gnip", "citation_ids": [74457228], "author": {"tweeter_id": "1226465186"}, "tweet_id": "1220983212194725889"}, {"license": "gnip", "citation_ids": [74457228], "author": {"tweeter_id": "1226465186"}, "tweet_id": "1220983320340615168"}, {"license": "gnip", "citation_ids": [74457228], "author": {"tweeter_id": "919574401313640448"}, "tweet_id": "1220984173168680960"}, {"license": "gnip", "citation_ids": [74457228], "author": {"tweeter_id": "329085723"}, "tweet_id": "1220985928455540742"}, {"license": "gnip", "citation_ids": [74457228], "author": {"tweeter_id": "1310801742"}, "tweet_id": "1220987306695385090"}, {"license": "gnip", "citation_ids": [74457228], "author": {"tweeter_id": "1072158968103997441"}, "tweet_id": "1220990130854531073"}, {"license": "gnip", "citation_ids": [74457228], "author": {"tweeter_id": "1153165834258284544"}, "tweet_id": "1220991128821878790"}, {"license": "gnip", "citation_ids": [74457228], "author": {"tweeter_id": "2205460310"}, "tweet_id": "1220996274998206464"}, {"license": "gnip", "citation_ids": [74457228], "author": {"tweeter_id": "432974311"}, "tweet_id": "1220997858196721664"}, {"license": "gnip", "citation_ids": [74457228], "author": {"tweeter_id": "828310861324357633"}, "tweet_id": "1221001611897643009"}, {"license": "gnip", "citation_ids": [74457228], "author": {"tweeter_id": "105947955"}, "tweet_id": "1221005574365569024"}, {"license": "gnip", "citation_ids": [74457228], "author": {"tweeter_id": "14492440"}, "tweet_id": "1221008334209204224"}, {"license": "gnip", "citation_ids": [74457228], "author": {"tweeter_id": "1216295228837187585"}, "tweet_id": "1221016357740974080"}, {"license": "gnip", "citation_ids": [74457228], "author": {"tweeter_id": "119714143"}, "tweet_id": "1221016446219825153"}, {"license": "gnip", "citation_ids": [74457228], "author": {"tweeter_id": "3248863286"}, "tweet_id": "1221023191302201344"}, {"license": "gnip", "citation_ids": [74457228], "author": {"tweeter_id": "338230365"}, "tweet_id": "1221024977178243073"}, {"license": "gnip", "citation_ids": [74457228], "author": {"tweeter_id": "2343499145"}, "tweet_id": "1221033995061932033"}, {"license": "gnip", "citation_ids": [74457228], "author": {"tweeter_id": "1065248071305457664"}, "tweet_id": "1221038538231169024"}, {"license": "gnip", "citation_ids": [74457228], "author": {"tweeter_id": "910620379126943751"}, "tweet_id": "1221042216128393224"}, {"license": "gnip", "citation_ids": [74457228], "author": {"tweeter_id": "727344394802741248"}, "tweet_id": "1221047901440200706"}, {"license": "gnip", "citation_ids": [74457228], "author": {"tweeter_id": "1883176435"}, "tweet_id": "1221053980073054210"}, {"license": "gnip", "citation_ids": [74457228], "author": {"tweeter_id": "2677745113"}, "tweet_id": "1221058583581749249"}, {"license": "gnip", "citation_ids": [74457228], "author": {"tweeter_id": "767377530466635777"}, "tweet_id": "1221059219119460352"}, {"license": "gnip", "citation_ids": [74457228], "author": {"tweeter_id": "853465862908424192"}, "tweet_id": "1221059305387913222"}, {"license": "gnip", "citation_ids": [74457228], "author": {"tweeter_id": "1206392369647517697"}, "tweet_id": "1221059336803241985"}, {"license": "gnip", "citation_ids": [74457228], "author": {"tweeter_id": "204653476"}, "tweet_id": "1221060824455757824"}, {"license": "gnip", "citation_ids": [74457228], "author": {"tweeter_id": "383650129"}, "tweet_id": "1221060968555450373"}, {"license": "gnip", "citation_ids": [74457228], "author": {"tweeter_id": "1004026448447823872"}, "tweet_id": "1221061131084582912"}, {"license": "gnip", "citation_ids": [74457228], "author": {"tweeter_id": "1072734240767234049"}, "tweet_id": "1221062656565501952"}, {"license": "gnip", "citation_ids": [74457228], "author": {"tweeter_id": "214061676"}, "tweet_id": "1221063066479030272"}, {"license": "gnip", "citation_ids": [74457228], "author": {"tweeter_id": "180222405"}, "tweet_id": "1221063255977680897"}, {"license": "gnip", "citation_ids": [74457228], "author": {"tweeter_id": "203427629"}, "tweet_id": "1221063344276168704"}, {"license": "gnip", "citation_ids": [74457228], "author": {"tweeter_id": "2208951296"}, "tweet_id": "1221063372386361344"}, {"license": "gnip", "citation_ids": [74457228], "author": {"tweeter_id": "929832459016925185"}, "tweet_id": "1221064007530024961"}, {"license": "gnip", "citation_ids": [74457228], "author": {"tweeter_id": "613387959"}, "tweet_id": "1221070346024914945"}, {"license": "gnip", "citation_ids": [74457228], "author": {"tweeter_id": "1080840050361810950"}, "tweet_id": "1221070956682080257"}, {"license": "gnip", "citation_ids": [74457228], "author": {"tweeter_id": "1166902297227452416"}, "tweet_id": "1221071196172607488"}, {"license": "gnip", "citation_ids": [74457228], "author": {"tweeter_id": "1111611765249314816"}, "tweet_id": "1221072157007994881"}, {"license": "gnip", "citation_ids": [74457228], "author": {"tweeter_id": "890188292"}, "tweet_id": "1221074100396838912"}, {"license": "gnip", "citation_ids": [74457228], "author": {"tweeter_id": "730645657627860993"}, "tweet_id": "1221074533915906050"}, {"license": "gnip", "citation_ids": [74457228], "author": {"tweeter_id": "1086326122495631361"}, "tweet_id": "1221077493324472320"}, {"license": "gnip", "citation_ids": [74457228], "author": {"tweeter_id": "588239827"}, "tweet_id": "1221085765569937410"}, {"license": "gnip", "citation_ids": [74457228], "author": {"tweeter_id": "1066358511867764737"}, "tweet_id": "1221092816643928067"}, {"license": "gnip", "citation_ids": [74457228], "author": {"tweeter_id": "1018378990162022400"}, "tweet_id": "1221092839435620352"}, {"license": "gnip", "citation_ids": [74457228], "author": {"tweeter_id": "745447299925454853"}, "tweet_id": "1221093802472960001"}, {"license": "gnip", "citation_ids": [74457228], "author": {"tweeter_id": "1246465958"}, "tweet_id": "1221097846453067776"}, {"license": "gnip", "citation_ids": [74457228], "author": {"tweeter_id": "1129335089681358850"}, "tweet_id": "1221099480126296064"}, {"license": "gnip", "citation_ids": [74457228], "author": {"tweeter_id": "86485126"}, "tweet_id": "1221113747143421952"}, {"license": "gnip", "citation_ids": [74457228], "author": {"tweeter_id": "96970612"}, "tweet_id": "1221114886912016389"}, {"license": "gnip", "citation_ids": [74457228], "author": {"tweeter_id": "147982671"}, "tweet_id": "1221116312677580801"}, {"license": "gnip", "citation_ids": [74457228], "author": {"tweeter_id": "94667476"}, "tweet_id": "1221126571941158912"}, {"license": "gnip", "citation_ids": [74457228], "author": {"tweeter_id": "1215017366528020480"}, "tweet_id": "1221130435998052354"}, {"license": "gnip", "citation_ids": [74457228], "author": {"tweeter_id": "716435339250896896"}, "tweet_id": "1221131620834533378"}, {"license": "gnip", "citation_ids": [74457228], "author": {"tweeter_id": "835596265069109249"}, "tweet_id": "1221134392136998912"}, {"license": "gnip", "citation_ids": [74457228], "author": {"tweeter_id": "633174310"}, "tweet_id": "1221136511808286721"}, {"license": "gnip", "citation_ids": [74457228], "author": {"tweeter_id": "633174310"}, "tweet_id": "1221138752183074816"}, {"license": "gnip", "citation_ids": [74457228], "author": {"tweeter_id": "3287184386"}, "tweet_id": "1221143557337157633"}, {"license": "gnip", "citation_ids": [74457228], "author": {"tweeter_id": "623046772"}, "tweet_id": "1221148302303014913"}, {"license": "gnip", "citation_ids": [74457228], "author": {"tweeter_id": "1045698012813701121"}, "tweet_id": "1221154278208942080"}, {"license": "gnip", "citation_ids": [74457228], "author": {"tweeter_id": "841897215811543040"}, "tweet_id": "1221155270090465282"}, {"license": "gnip", "citation_ids": [74457228], "author": {"tweeter_id": "4854702505"}, "tweet_id": "1221164110433275906"}, {"license": "gnip", "citation_ids": [74457228], "author": {"tweeter_id": "3312706189"}, "tweet_id": "1221166599811584001"}, {"license": "gnip", "citation_ids": [74457228], "author": {"tweeter_id": "287786986"}, "tweet_id": "1221173169278672896"}, {"license": "gnip", "citation_ids": [74457228], "author": {"tweeter_id": "287786986"}, "tweet_id": "1221175333417897986"}, {"license": "gnip", "citation_ids": [74457228], "author": {"tweeter_id": "18557134"}, "tweet_id": "1221176552769105920"}, {"license": "gnip", "citation_ids": [74457228], "author": {"tweeter_id": "2791883911"}, "tweet_id": "1221178630920863744"}, {"license": "gnip", "citation_ids": [74457228], "author": {"tweeter_id": "732561338875170816"}, "tweet_id": "1221189780710547456"}, {"license": "gnip", "citation_ids": [74457228], "author": {"tweeter_id": "1094584729"}, "tweet_id": "1221208304161976320"}, {"license": "gnip", "citation_ids": [74457228], "author": {"tweeter_id": "1105562010"}, "tweet_id": "1221208322331697152"}, {"license": "gnip", "citation_ids": [74457228], "author": {"tweeter_id": "152311120"}, "tweet_id": "1221208352220307457"}, {"license": "gnip", "citation_ids": [74457228], "author": {"tweeter_id": "3327374285"}, "tweet_id": "1221209200845557774"}, {"license": "gnip", "citation_ids": [74457228], "author": {"tweeter_id": "924491317941387264"}, "tweet_id": "1221215997517942785"}, {"license": "gnip", "citation_ids": [3352332, 3336998, 74512929, 74457228, 2884692, 74512930], "author": {"tweeter_id": "14470765"}, "tweet_id": "1221220503227994112"}, {"license": "gnip", "citation_ids": [74457228], "author": {"tweeter_id": "850712117573537793"}, "tweet_id": "1221222086460481536"}, {"license": "gnip", "citation_ids": [74457228], "author": {"tweeter_id": "1013570288242581512"}, "tweet_id": "1221222758274805760"}, {"license": "gnip", "citation_ids": [74457228], "author": {"tweeter_id": "147291329"}, "tweet_id": "1221231348611977216"}, {"license": "gnip", "citation_ids": [74457228], "author": {"tweeter_id": "1220895564428009472"}, "tweet_id": "1221237512519028737"}, {"license": "gnip", "citation_ids": [74457228], "author": {"tweeter_id": "110882820"}, "tweet_id": "1221238254726451201"}, {"license": "gnip", "citation_ids": [74457228], "author": {"tweeter_id": "1039525384759504896"}, "tweet_id": "1221240403090866177"}, {"license": "gnip", "citation_ids": [74457228], "author": {"tweeter_id": "1198961772566212610"}, "tweet_id": "1221249652911005698"}, {"license": "gnip", "citation_ids": [74457228], "author": {"tweeter_id": "287786986"}, "tweet_id": "1221250732076212225"}, {"license": "gnip", "citation_ids": [74457228], "author": {"tweeter_id": "976959058946248704"}, "tweet_id": "1221256607708909570"}, {"license": "gnip", "citation_ids": [74457228], "author": {"tweeter_id": "746757772495093760"}, "tweet_id": "1221257340738883585"}, {"license": "gnip", "citation_ids": [74457228], "author": {"tweeter_id": "1219479136600674304"}, "tweet_id": "1221259564969951234"}, {"license": "gnip", "citation_ids": [74457228], "author": {"tweeter_id": "25785889"}, "tweet_id": "1221263314262446080"}, {"license": "gnip", "citation_ids": [74457228], "author": {"tweeter_id": "946091447157252098"}, "tweet_id": "1221265919067901954"}, {"license": "gnip", "citation_ids": [74457228], "author": {"tweeter_id": "14638577"}, "tweet_id": "1221269025491165186"}, {"license": "gnip", "citation_ids": [74457228], "author": {"tweeter_id": "617443917"}, "tweet_id": "1221277958423433216"}, {"license": "gnip", "citation_ids": [74457228], "author": {"tweeter_id": "104364150"}, "tweet_id": "1221291725580197888"}, {"license": "gnip", "citation_ids": [74457228], "author": {"tweeter_id": "1179106900039872516"}, "tweet_id": "1221294354259677190"}, {"license": "gnip", "citation_ids": [74457228], "author": {"tweeter_id": "1313607936"}, "tweet_id": "1221302932135538689"}, {"license": "gnip", "citation_ids": [74457228], "author": {"tweeter_id": "1026839181669158912"}, "tweet_id": "1221308501475106816"}, {"license": "gnip", "citation_ids": [74457228], "author": {"tweeter_id": "18249099"}, "tweet_id": "1221314326025236481"}, {"license": "gnip", "citation_ids": [74457228], "author": {"tweeter_id": "1595987286"}, "tweet_id": "1221325800600793089"}, {"license": "gnip", "citation_ids": [74457228], "author": {"tweeter_id": "2269557301"}, "tweet_id": "1221327913414381570"}, {"license": "gnip", "citation_ids": [74457228], "author": {"tweeter_id": "1201486247274991618"}, "tweet_id": "1221334695373426688"}, {"license": "gnip", "citation_ids": [74457228], "author": {"tweeter_id": "1087999633480134656"}, "tweet_id": "1221355843117035522"}, {"license": "gnip", "citation_ids": [74457228], "author": {"tweeter_id": "85362790"}, "tweet_id": "1221356976363335680"}, {"license": "gnip", "citation_ids": [74457228], "author": {"tweeter_id": "3014070024"}, "tweet_id": "1221423314960150529"}, {"license": "gnip", "citation_ids": [74457228], "author": {"tweeter_id": "3403655698"}, "tweet_id": "1221428956668149760"}, {"license": "gnip", "citation_ids": [74457228], "author": {"tweeter_id": "930660443068272640"}, "tweet_id": "1221435519105564672"}, {"license": "gnip", "citation_ids": [74457228], "author": {"tweeter_id": "885779357540667392"}, "tweet_id": "1221435996782256128"}, {"license": "gnip", "citation_ids": [74457228], "author": {"tweeter_id": "854439140238262273"}, "tweet_id": "1221444781387239424"}, {"license": "gnip", "citation_ids": [74457228], "author": {"tweeter_id": "124690165"}, "tweet_id": "1221446877431746560"}, {"license": "gnip", "citation_ids": [74457228], "author": {"tweeter_id": "56723186"}, "tweet_id": "1221447408455831553"}, {"license": "gnip", "citation_ids": [74457228], "author": {"tweeter_id": "80655195"}, "tweet_id": "1221450364492427264"}, {"license": "gnip", "citation_ids": [74457228], "author": {"tweeter_id": "2496089581"}, "tweet_id": "1221451296647106560"}, {"license": "gnip", "citation_ids": [74457228], "author": {"tweeter_id": "569358169"}, "tweet_id": "1221474986344448001"}, {"license": "gnip", "citation_ids": [74457228], "author": {"tweeter_id": "275654150"}, "tweet_id": "1221509640434962434"}, {"license": "gnip", "citation_ids": [74457228], "author": {"tweeter_id": "770473020347604992"}, "tweet_id": "1221524842756706307"}, {"license": "gnip", "citation_ids": [74457228], "author": {"tweeter_id": "2269557301"}, "tweet_id": "1221524913242030083"}, {"license": "gnip", "citation_ids": [74457228], "author": {"tweeter_id": "388788892"}, "tweet_id": "1221565717407051779"}, {"license": "gnip", "citation_ids": [74457228], "author": {"tweeter_id": "16300394"}, "tweet_id": "1221571267855183872"}, {"license": "gnip", "citation_ids": [74457228], "author": {"tweeter_id": "915783489076830209"}, "tweet_id": "1221588565626441728"}, {"license": "gnip", "citation_ids": [74457228], "author": {"tweeter_id": "1146144982287319041"}, "tweet_id": "1221593920896827392"}, {"license": "gnip", "citation_ids": [74457228], "author": {"tweeter_id": "920783555940139008"}, "tweet_id": "1221633147730685952"}, {"license": "gnip", "citation_ids": [74457228], "author": {"tweeter_id": "482684544"}, "tweet_id": "1221649396930097152"}, {"license": "gnip", "citation_ids": [74457228], "author": {"tweeter_id": "824301112132042753"}, "tweet_id": "1221651011317698560"}, {"license": "gnip", "citation_ids": [74457228], "author": {"tweeter_id": "3294573884"}, "tweet_id": "1221664180819972096"}, {"license": "gnip", "citation_ids": [74457228], "author": {"tweeter_id": "1569707556"}, "tweet_id": "1221677470199336960"}, {"license": "gnip", "citation_ids": [74457228], "author": {"tweeter_id": "1060480867"}, "tweet_id": "1221697784505622528"}, {"license": "gnip", "citation_ids": [74457228], "author": {"tweeter_id": "3014791781"}, "tweet_id": "1221700912789565442"}, {"license": "gnip", "citation_ids": [74457228], "author": {"tweeter_id": "4435586776"}, "tweet_id": "1221706431017181185"}, {"license": "gnip", "citation_ids": [74457228], "author": {"tweeter_id": "14465282"}, "tweet_id": "1221709948775612416"}, {"license": "gnip", "citation_ids": [74457228], "author": {"tweeter_id": "4288160482"}, "tweet_id": "1221711212582330370"}, {"license": "gnip", "citation_ids": [74457228], "author": {"tweeter_id": "793293018778349568"}, "tweet_id": "1221737004880121856"}, {"license": "gnip", "citation_ids": [74457228], "author": {"tweeter_id": "233804919"}, "tweet_id": "1221737373110865920"}, {"license": "gnip", "citation_ids": [74457228], "author": {"tweeter_id": "992220660037386240"}, "tweet_id": "1221737820064108544"}, {"license": "gnip", "citation_ids": [74457228, 75526575], "author": {"tweeter_id": "534935927"}, "tweet_id": "1221738792794509319"}, {"license": "gnip", "citation_ids": [74457228, 75526575], "author": {"tweeter_id": "885880767791759360"}, "tweet_id": "1221740162436124672"}, {"license": "gnip", "citation_ids": [74457228, 75526575], "author": {"tweeter_id": "1156449217885294592"}, "tweet_id": "1221740466070142976"}, {"license": "gnip", "citation_ids": [74457228, 75526575], "author": {"tweeter_id": "862660151081181185"}, "tweet_id": "1221745831599988738"}, {"license": "gnip", "citation_ids": [74457228], "author": {"tweeter_id": "456108607"}, "tweet_id": "1221755723631251463"}, {"license": "gnip", "citation_ids": [74457228], "author": {"tweeter_id": "62084563"}, "tweet_id": "1221755996504281089"}, {"license": "gnip", "citation_ids": [74457228], "author": {"tweeter_id": "23273674"}, "tweet_id": "1221764845856534530"}, {"license": "gnip", "citation_ids": [74457228], "author": {"tweeter_id": "15862891"}, "tweet_id": "1221772365270519811"}, {"license": "gnip", "citation_ids": [74457228], "author": {"tweeter_id": "1138281104320933888"}, "tweet_id": "1221772410925568002"}, {"license": "gnip", "citation_ids": [74457228], "author": {"tweeter_id": "2238181914"}, "tweet_id": "1221772522938609665"}, {"license": "gnip", "citation_ids": [74457228], "author": {"tweeter_id": "844595169642987520"}, "tweet_id": "1221772640852951040"}, {"license": "gnip", "citation_ids": [74457228], "author": {"tweeter_id": "631380804"}, "tweet_id": "1221772762538221569"}, {"license": "gnip", "citation_ids": [74457228], "author": {"tweeter_id": "178537092"}, "tweet_id": "1221772811632631808"}, {"license": "gnip", "citation_ids": [74457228], "author": {"tweeter_id": "40808900"}, "tweet_id": "1221772849909837825"}, {"license": "gnip", "citation_ids": [74457228], "author": {"tweeter_id": "721048547785883648"}, "tweet_id": "1221773099902869507"}, {"license": "gnip", "citation_ids": [74457228], "author": {"tweeter_id": "954023014013849600"}, "tweet_id": "1221773243868237824"}, {"license": "gnip", "citation_ids": [74457228], "author": {"tweeter_id": "47934757"}, "tweet_id": "1221773350516731904"}, {"license": "gnip", "citation_ids": [74457228], "author": {"tweeter_id": "3110391441"}, "tweet_id": "1221773442036518913"}, {"license": "gnip", "citation_ids": [74457228], "author": {"tweeter_id": "141652071"}, "tweet_id": "1221773478950526978"}, {"license": "gnip", "citation_ids": [74457228], "author": {"tweeter_id": "989162755"}, "tweet_id": "1221773638459891713"}, {"license": "gnip", "citation_ids": [74457228], "author": {"tweeter_id": "385840654"}, "tweet_id": "1221774099132964869"}, {"license": "gnip", "citation_ids": [74457228], "author": {"tweeter_id": "47975425"}, "tweet_id": "1221774235724476417"}, {"license": "gnip", "citation_ids": [74457228], "author": {"tweeter_id": "533837528"}, "tweet_id": "1221774940606619650"}, {"license": "gnip", "citation_ids": [74457228], "author": {"tweeter_id": "1053846392"}, "tweet_id": "1221775173558210566"}, {"license": "gnip", "citation_ids": [74457228], "author": {"tweeter_id": "1013763498155929600"}, "tweet_id": "1221775438659440640"}, {"license": "gnip", "citation_ids": [74457228], "author": {"tweeter_id": "185714109"}, "tweet_id": "1221775728427053056"}, {"license": "gnip", "citation_ids": [74457228], "author": {"tweeter_id": "853359866"}, "tweet_id": "1221775756222779392"}, {"license": "gnip", "citation_ids": [74457228], "author": {"tweeter_id": "733597036340117505"}, "tweet_id": "1221775922509910016"}, {"license": "gnip", "citation_ids": [74457228], "author": {"tweeter_id": "3697703117"}, "tweet_id": "1221776512606789632"}, {"license": "gnip", "citation_ids": [74457228], "author": {"tweeter_id": "1031803852192808960"}, "tweet_id": "1221776577345622016"}, {"license": "gnip", "citation_ids": [74457228], "author": {"tweeter_id": "130979339"}, "tweet_id": "1221776600540286976"}, {"license": "gnip", "citation_ids": [74457228], "author": {"tweeter_id": "153007612"}, "tweet_id": "1221777176632029186"}, {"license": "gnip", "citation_ids": [74457228], "author": {"tweeter_id": "1171739160224378881"}, "tweet_id": "1221778185437630464"}, {"license": "gnip", "citation_ids": [74457228], "author": {"tweeter_id": "986925649225891840"}, "tweet_id": "1221778521757904898"}, {"license": "gnip", "citation_ids": [74457228], "author": {"tweeter_id": "701685035900866561"}, "tweet_id": "1221779012856344576"}, {"license": "gnip", "citation_ids": [74457228], "author": {"tweeter_id": "1001830936193847297"}, "tweet_id": "1221779168796430337"}, {"license": "gnip", "citation_ids": [74457228], "author": {"tweeter_id": "391723359"}, "tweet_id": "1221779496581378049"}, {"license": "gnip", "citation_ids": [74457228], "author": {"tweeter_id": "1158367534678102017"}, "tweet_id": "1221779501446811649"}, {"license": "gnip", "citation_ids": [74457228], "author": {"tweeter_id": "3015566614"}, "tweet_id": "1221779863595601920"}, {"license": "gnip", "citation_ids": [74457228], "author": {"tweeter_id": "1216708915859087361"}, "tweet_id": "1221780162590593024"}, {"license": "gnip", "citation_ids": [74457228], "author": {"tweeter_id": "29238716"}, "tweet_id": "1221780435665084417"}, {"license": "gnip", "citation_ids": [74457228], "author": {"tweeter_id": "580633644"}, "tweet_id": "1221781442671153152"}, {"license": "gnip", "citation_ids": [74457228], "author": {"tweeter_id": "730994730"}, "tweet_id": "1221781827658113024"}, {"license": "gnip", "citation_ids": [74457228], "author": {"tweeter_id": "81393520"}, "tweet_id": "1221782652388302848"}, {"license": "gnip", "citation_ids": [74457228], "author": {"tweeter_id": "592865322"}, "tweet_id": "1221783810150424578"}, {"license": "gnip", "citation_ids": [74457228], "author": {"tweeter_id": "1086995125899714561"}, "tweet_id": "1221784258538176514"}, {"license": "gnip", "citation_ids": [74457228], "author": {"tweeter_id": "701685035900866561"}, "tweet_id": "1221785015639404549"}, {"license": "gnip", "citation_ids": [74457228], "author": {"tweeter_id": "2579577164"}, "tweet_id": "1221785604989562880"}, {"license": "gnip", "citation_ids": [74457228], "author": {"tweeter_id": "735282264"}, "tweet_id": "1221785915577774081"}, {"license": "gnip", "citation_ids": [74457228], "author": {"tweeter_id": "562973000"}, "tweet_id": "1221787474508369922"}, {"license": "gnip", "citation_ids": [74457228], "author": {"tweeter_id": "35623059"}, "tweet_id": "1221787819053436929"}, {"license": "gnip", "citation_ids": [74457228], "author": {"tweeter_id": "1186288022"}, "tweet_id": "1221787925354029056"}, {"license": "gnip", "citation_ids": [74457228], "author": {"tweeter_id": "524718936"}, "tweet_id": "1221788219576111104"}, {"license": "gnip", "citation_ids": [74457228], "author": {"tweeter_id": "992684255422636032"}, "tweet_id": "1221788406788829184"}, {"license": "gnip", "citation_ids": [74457228], "author": {"tweeter_id": "1059503268944994304"}, "tweet_id": "1221788565878632450"}, {"license": "gnip", "citation_ids": [74457228], "author": {"tweeter_id": "48668114"}, "tweet_id": "1221788864060231680"}, {"license": "gnip", "citation_ids": [74457228], "author": {"tweeter_id": "1186288022"}, "tweet_id": "1221789609413300224"}, {"license": "gnip", "citation_ids": [74457228], "author": {"tweeter_id": "44270452"}, "tweet_id": "1221789874757472256"}, {"license": "gnip", "citation_ids": [74457228], "author": {"tweeter_id": "942921073254731776"}, "tweet_id": "1221789898388041729"}, {"license": "gnip", "citation_ids": [74457228], "author": {"tweeter_id": "140703898"}, "tweet_id": "1221790007288946695"}, {"license": "gnip", "citation_ids": [74457228], "author": {"tweeter_id": "2481457087"}, "tweet_id": "1221790183298719745"}, {"license": "gnip", "citation_ids": [74457228], "author": {"tweeter_id": "992917952507858944"}, "tweet_id": "1221791755386777600"}, {"license": "gnip", "citation_ids": [74457228], "author": {"tweeter_id": "2586774600"}, "tweet_id": "1221792399032107008"}, {"license": "gnip", "citation_ids": [74457228], "author": {"tweeter_id": "1181987876688416768"}, "tweet_id": "1221793770460479492"}, {"license": "gnip", "citation_ids": [74457228], "author": {"tweeter_id": "142778635"}, "tweet_id": "1221793931530252288"}, {"license": "gnip", "citation_ids": [74457228], "author": {"tweeter_id": "2678691286"}, "tweet_id": "1221794991489593346"}, {"license": "gnip", "citation_ids": [74457228], "author": {"tweeter_id": "1186313302420287490"}, "tweet_id": "1221795344859549697"}, {"license": "gnip", "citation_ids": [74457228], "author": {"tweeter_id": "2233162746"}, "tweet_id": "1221795522538692611"}, {"license": "gnip", "citation_ids": [74457228], "author": {"tweeter_id": "2185759200"}, "tweet_id": "1221795763149099010"}, {"license": "gnip", "citation_ids": [74457228], "author": {"tweeter_id": "859006024707190787"}, "tweet_id": "1221796086773215232"}, {"license": "gnip", "citation_ids": [74457228], "author": {"tweeter_id": "2514771818"}, "tweet_id": "1221796744368775169"}, {"license": "gnip", "citation_ids": [74457228], "author": {"tweeter_id": "1215019096615608325"}, "tweet_id": "1221796769308250113"}, {"license": "gnip", "citation_ids": [74457228], "author": {"tweeter_id": "942921073254731776"}, "tweet_id": "1221798146533027842"}, {"license": "gnip", "citation_ids": [74457228], "author": {"tweeter_id": "97424961"}, "tweet_id": "1221798712277700608"}, {"license": "gnip", "citation_ids": [74457228], "author": {"tweeter_id": "1153445076586176512"}, "tweet_id": "1221799880739430402"}, {"license": "gnip", "citation_ids": [74457228], "author": {"tweeter_id": "3075430430"}, "tweet_id": "1221802677467672576"}, {"license": "gnip", "citation_ids": [74457228], "author": {"tweeter_id": "2579095759"}, "tweet_id": "1221803504878026752"}, {"license": "gnip", "citation_ids": [74457228], "author": {"tweeter_id": "1148922042588323840"}, "tweet_id": "1221804300856373260"}, {"license": "gnip", "citation_ids": [74457228], "author": {"tweeter_id": "2932990316"}, "tweet_id": "1221805478868668417"}, {"license": "gnip", "citation_ids": [74457228], "author": {"tweeter_id": "127284241"}, "tweet_id": "1221806319428161541"}, {"license": "gnip", "citation_ids": [74457228], "author": {"tweeter_id": "2956340868"}, "tweet_id": "1221806430212087809"}, {"license": "gnip", "citation_ids": [74457228], "author": {"tweeter_id": "204686928"}, "tweet_id": "1221806747246940161"}, {"license": "gnip", "citation_ids": [74457228], "author": {"tweeter_id": "728468990641639424"}, "tweet_id": "1221811743648886784"}, {"license": "gnip", "citation_ids": [74457228], "author": {"tweeter_id": "245348816"}, "tweet_id": "1221814593363808257"}, {"license": "gnip", "citation_ids": [74457228], "author": {"tweeter_id": "324720721"}, "tweet_id": "1221817807807172610"}, {"license": "gnip", "citation_ids": [74457228], "author": {"tweeter_id": "400458925"}, "tweet_id": "1221821673978023939"}, {"license": "gnip", "citation_ids": [74457228], "author": {"tweeter_id": "204833926"}, "tweet_id": "1221822699250552839"}, {"license": "gnip", "citation_ids": [74457228], "author": {"tweeter_id": "3300005536"}, "tweet_id": "1221823044882194432"}, {"license": "gnip", "citation_ids": [74457228], "author": {"tweeter_id": "1177585275272192000"}, "tweet_id": "1221824151922458624"}, {"license": "gnip", "citation_ids": [74457228], "author": {"tweeter_id": "987734660267565056"}, "tweet_id": "1221827629646434304"}, {"license": "gnip", "citation_ids": [74457228], "author": {"tweeter_id": "158074016"}, "tweet_id": "1221833407409377280"}, {"license": "gnip", "citation_ids": [74457228], "author": {"tweeter_id": "15862891"}, "tweet_id": "1221851187013726210"}, {"license": "gnip", "citation_ids": [74457228], "author": {"tweeter_id": "324489515"}, "tweet_id": "1221853541427400705"}, {"license": "gnip", "citation_ids": [74457228], "author": {"tweeter_id": "117652611"}, "tweet_id": "1221853864426602498"}, {"license": "gnip", "citation_ids": [74457228], "author": {"tweeter_id": "525288282"}, "tweet_id": "1221856052427149312"}, {"license": "gnip", "citation_ids": [74457228], "author": {"tweeter_id": "3309498411"}, "tweet_id": "1221863547740868609"}, {"license": "gnip", "citation_ids": [74457228], "author": {"tweeter_id": "999332310351798272"}, "tweet_id": "1221871599906848770"}, {"license": "gnip", "citation_ids": [74457228], "author": {"tweeter_id": "718875992882868224"}, "tweet_id": "1221871612976386048"}, {"license": "gnip", "citation_ids": [74457228], "author": {"tweeter_id": "3317658417"}, "tweet_id": "1221872009174487043"}, {"license": "gnip", "citation_ids": [74457228], "author": {"tweeter_id": "326917598"}, "tweet_id": "1221872884718555137"}, {"license": "gnip", "citation_ids": [74457228], "author": {"tweeter_id": "2414645220"}, "tweet_id": "1221873070983589888"}, {"license": "gnip", "citation_ids": [74457228], "author": {"tweeter_id": "3354714946"}, "tweet_id": "1221876062059220993"}, {"license": "gnip", "citation_ids": [74457228], "author": {"tweeter_id": "2818138742"}, "tweet_id": "1221876363444936704"}, {"license": "gnip", "citation_ids": [74457228], "author": {"tweeter_id": "528995221"}, "tweet_id": "1221876523587604480"}, {"license": "gnip", "citation_ids": [74457228], "author": {"tweeter_id": "198214801"}, "tweet_id": "1221877056763564033"}, {"license": "gnip", "citation_ids": [74457228], "author": {"tweeter_id": "15862891"}, "tweet_id": "1221878064658964481"}, {"license": "gnip", "citation_ids": [74457228], "author": {"tweeter_id": "361457796"}, "tweet_id": "1221878355739533316"}, {"license": "gnip", "citation_ids": [74457228], "author": {"tweeter_id": "732787392722182144"}, "tweet_id": "1221878369438052353"}, {"license": "gnip", "citation_ids": [74457228], "author": {"tweeter_id": "633713323"}, "tweet_id": "1221878553354129409"}, {"license": "gnip", "citation_ids": [74457228], "author": {"tweeter_id": "451192624"}, "tweet_id": "1221878624401403908"}, {"license": "gnip", "citation_ids": [74457228], "author": {"tweeter_id": "189283356"}, "tweet_id": "1221878838101188614"}, {"license": "gnip", "citation_ids": [74457228], "author": {"tweeter_id": "112411393"}, "tweet_id": "1221879078187192320"}, {"license": "gnip", "citation_ids": [74457228], "author": {"tweeter_id": "17054817"}, "tweet_id": "1221879170797457408"}, {"license": "gnip", "citation_ids": [74457228], "author": {"tweeter_id": "1218905730293436417"}, "tweet_id": "1221879315111038981"}, {"license": "gnip", "citation_ids": [74457228], "author": {"tweeter_id": "36918513"}, "tweet_id": "1221879408199270401"}, {"license": "gnip", "citation_ids": [74457228], "author": {"tweeter_id": "2508726408"}, "tweet_id": "1221879527795761158"}, {"license": "gnip", "citation_ids": [74457228], "author": {"tweeter_id": "204686928"}, "tweet_id": "1221879560360230912"}, {"license": "gnip", "citation_ids": [74457228], "author": {"tweeter_id": "54843512"}, "tweet_id": "1221879690824048640"}, {"license": "gnip", "citation_ids": [74457228], "author": {"tweeter_id": "157276786"}, "tweet_id": "1221879905782321154"}, {"license": "gnip", "citation_ids": [74457228], "author": {"tweeter_id": "1221866744836288513"}, "tweet_id": "1221879935330992129"}, {"license": "gnip", "citation_ids": [74457228], "author": {"tweeter_id": "258637878"}, "tweet_id": "1221879945573490688"}, {"license": "gnip", "citation_ids": [74457228], "author": {"tweeter_id": "30588028"}, "tweet_id": "1221880304345866243"}, {"license": "gnip", "citation_ids": [74457228], "author": {"tweeter_id": "23152934"}, "tweet_id": "1221880496038318080"}, {"license": "gnip", "citation_ids": [74457228], "author": {"tweeter_id": "66033210"}, "tweet_id": "1221880562924826624"}, {"license": "gnip", "citation_ids": [74457228], "author": {"tweeter_id": "160475442"}, "tweet_id": "1221880709029093376"}, {"license": "gnip", "citation_ids": [74457228], "author": {"tweeter_id": "162473763"}, "tweet_id": "1221880730453671936"}, {"license": "gnip", "citation_ids": [74457228], "author": {"tweeter_id": "1068709107778166784"}, "tweet_id": "1221880900977397760"}, {"license": "gnip", "citation_ids": [74457228], "author": {"tweeter_id": "44107790"}, "tweet_id": "1221881198894559233"}, {"license": "gnip", "citation_ids": [74457228], "author": {"tweeter_id": "239020442"}, "tweet_id": "1221881595235270656"}, {"license": "gnip", "citation_ids": [74457228], "author": {"tweeter_id": "36205037"}, "tweet_id": "1221882820731252736"}, {"license": "gnip", "citation_ids": [74457228], "author": {"tweeter_id": "73770911"}, "tweet_id": "1221884140611604481"}, {"license": "gnip", "citation_ids": [74457228], "author": {"tweeter_id": "842120626143911939"}, "tweet_id": "1221884406522175490"}, {"license": "gnip", "citation_ids": [74457228], "author": {"tweeter_id": "370222416"}, "tweet_id": "1221884908907520000"}, {"license": "gnip", "citation_ids": [74457228], "author": {"tweeter_id": "1178452335309332484"}, "tweet_id": "1221885004340432896"}, {"license": "gnip", "citation_ids": [74457228], "author": {"tweeter_id": "711664045"}, "tweet_id": "1221885394175787012"}, {"license": "gnip", "citation_ids": [74457228], "author": {"tweeter_id": "1076745148518658048"}, "tweet_id": "1221885519094665217"}, {"license": "gnip", "citation_ids": [74457228], "author": {"tweeter_id": "1076745148518658048"}, "tweet_id": "1221885675990966272"}, {"license": "gnip", "citation_ids": [74457228], "author": {"tweeter_id": "407093806"}, "tweet_id": "1221886714156847107"}, {"license": "gnip", "citation_ids": [74457228], "author": {"tweeter_id": "615020716"}, "tweet_id": "1221886896562937856"}, {"license": "gnip", "citation_ids": [74457228], "author": {"tweeter_id": "1083813182"}, "tweet_id": "1221887014443851779"}, {"license": "gnip", "citation_ids": [74457228], "author": {"tweeter_id": "1221875635079012355"}, "tweet_id": "1221888302447570944"}, {"license": "gnip", "citation_ids": [74457228], "author": {"tweeter_id": "95353088"}, "tweet_id": "1221888386618753026"}, {"license": "gnip", "citation_ids": [74457228], "author": {"tweeter_id": "1145414743684833280"}, "tweet_id": "1221889146307801088"}, {"license": "gnip", "citation_ids": [74457228], "author": {"tweeter_id": "1108759058"}, "tweet_id": "1221889904571043840"}, {"license": "gnip", "citation_ids": [74457228], "author": {"tweeter_id": "2468451793"}, "tweet_id": "1221890411465256961"}, {"license": "gnip", "citation_ids": [74457228], "author": {"tweeter_id": "30137484"}, "tweet_id": "1221890908880134144"}, {"license": "gnip", "citation_ids": [74457228], "author": {"tweeter_id": "1006547543000535040"}, "tweet_id": "1221891874471936001"}, {"license": "gnip", "citation_ids": [74457228], "author": {"tweeter_id": "2330354066"}, "tweet_id": "1221892318028091392"}, {"license": "gnip", "citation_ids": [74457228], "author": {"tweeter_id": "922524106569891840"}, "tweet_id": "1221892879972306944"}, {"license": "gnip", "citation_ids": [74457228], "author": {"tweeter_id": "12983812"}, "tweet_id": "1221893668509908992"}, {"license": "gnip", "citation_ids": [74457228], "author": {"tweeter_id": "43730427"}, "tweet_id": "1221894017132253186"}, {"license": "gnip", "citation_ids": [74457228], "author": {"tweeter_id": "584842866"}, "tweet_id": "1221894936326549509"}, {"license": "gnip", "citation_ids": [74457228], "author": {"tweeter_id": "229614117"}, "tweet_id": "1221897610123935745"}, {"license": "gnip", "citation_ids": [74457228], "author": {"tweeter_id": "240400713"}, "tweet_id": "1221899658521387014"}, {"license": "gnip", "citation_ids": [74457228], "author": {"tweeter_id": "462659002"}, "tweet_id": "1221900390297415680"}, {"license": "gnip", "citation_ids": [74457228], "author": {"tweeter_id": "3068933499"}, "tweet_id": "1221900759471656961"}, {"license": "gnip", "citation_ids": [74457228], "author": {"tweeter_id": "184867492"}, "tweet_id": "1221901680549167107"}, {"license": "gnip", "citation_ids": [74457228], "author": {"tweeter_id": "2708388356"}, "tweet_id": "1221901738451644417"}, {"license": "gnip", "citation_ids": [74457228], "author": {"tweeter_id": "1221755850781528064"}, "tweet_id": "1221902147450699778"}, {"license": "gnip", "citation_ids": [74457228], "author": {"tweeter_id": "229614117"}, "tweet_id": "1221905555134078976"}, {"license": "gnip", "citation_ids": [74457228], "author": {"tweeter_id": "999166949673263104"}, "tweet_id": "1221905582841462784"}, {"license": "gnip", "citation_ids": [74457228], "author": {"tweeter_id": "293069219"}, "tweet_id": "1221905601577607170"}, {"license": "gnip", "citation_ids": [74457228], "author": {"tweeter_id": "411118859"}, "tweet_id": "1221906120073191424"}, {"license": "gnip", "citation_ids": [74457228], "author": {"tweeter_id": "1141657995551617024"}, "tweet_id": "1221906257101103104"}, {"license": "gnip", "citation_ids": [74457228], "author": {"tweeter_id": "742425387712544768"}, "tweet_id": "1221906672387575808"}, {"license": "gnip", "citation_ids": [74457228], "author": {"tweeter_id": "1006210459836518401"}, "tweet_id": "1221909809215217665"}, {"license": "gnip", "citation_ids": [74457228], "author": {"tweeter_id": "1006210459836518401"}, "tweet_id": "1221910286959087617"}, {"license": "gnip", "citation_ids": [74457228], "author": {"tweeter_id": "84365463"}, "tweet_id": "1221913338138939392"}, {"license": "gnip", "citation_ids": [74457228], "author": {"tweeter_id": "194650248"}, "tweet_id": "1221914318394077184"}, {"license": "gnip", "citation_ids": [74457228], "author": {"tweeter_id": "194650248"}, "tweet_id": "1221914582693883905"}, {"license": "gnip", "citation_ids": [74457228], "author": {"tweeter_id": "574699509"}, "tweet_id": "1221914670874943491"}, {"license": "gnip", "citation_ids": [74457228], "author": {"tweeter_id": "3004288951"}, "tweet_id": "1221915226452283392"}, {"license": "gnip", "citation_ids": [74457228], "author": {"tweeter_id": "3325643801"}, "tweet_id": "1221915400147034112"}, {"license": "gnip", "citation_ids": [74457228], "author": {"tweeter_id": "482479828"}, "tweet_id": "1221918491923701760"}, {"license": "gnip", "citation_ids": [74457228], "author": {"tweeter_id": "1005503484249157634"}, "tweet_id": "1221920696319848449"}, {"license": "gnip", "citation_ids": [74457228], "author": {"tweeter_id": "19149728"}, "tweet_id": "1221929650982739968"}, {"license": "gnip", "citation_ids": [74457228], "author": {"tweeter_id": "340429112"}, "tweet_id": "1221931203135262725"}, {"license": "gnip", "citation_ids": [74457228], "author": {"tweeter_id": "17316254"}, "tweet_id": "1221932183012511744"}, {"license": "gnip", "citation_ids": [74457228], "author": {"tweeter_id": "1586957659"}, "tweet_id": "1221932799579623429"}, {"license": "gnip", "citation_ids": [74457228], "author": {"tweeter_id": "1566003985"}, "tweet_id": "1221935999963541506"}, {"license": "gnip", "citation_ids": [74457228], "author": {"tweeter_id": "451579637"}, "tweet_id": "1221936190015922176"}, {"license": "gnip", "citation_ids": [74457228], "author": {"tweeter_id": "732787392722182144"}, "tweet_id": "1221939517357219843"}, {"license": "gnip", "citation_ids": [74457228], "author": {"tweeter_id": "352580700"}, "tweet_id": "1221940791792295937"}, {"license": "gnip", "citation_ids": [74457228], "author": {"tweeter_id": "1013763498155929600"}, "tweet_id": "1221942561075384321"}, {"license": "gnip", "citation_ids": [74457228], "author": {"tweeter_id": "121932886"}, "tweet_id": "1221943385696550914"}, {"license": "gnip", "citation_ids": [74457228], "author": {"tweeter_id": "2751534231"}, "tweet_id": "1221947683507752961"}, {"license": "gnip", "citation_ids": [74457228], "author": {"tweeter_id": "987600619346190336"}, "tweet_id": "1221948212895985665"}, {"license": "gnip", "citation_ids": [74457228], "author": {"tweeter_id": "106755054"}, "tweet_id": "1221950194612178945"}, {"license": "gnip", "citation_ids": [74457228], "author": {"tweeter_id": "3028177856"}, "tweet_id": "1221952045365809153"}, {"license": "gnip", "citation_ids": [74457228], "author": {"tweeter_id": "14497300"}, "tweet_id": "1221961325921783810"}, {"license": "gnip", "citation_ids": [74457228], "author": {"tweeter_id": "197713335"}, "tweet_id": "1221962386015428608"}, {"license": "gnip", "citation_ids": [74457228], "author": {"tweeter_id": "2304902792"}, "tweet_id": "1221964915470192640"}, {"license": "gnip", "citation_ids": [74457228], "author": {"tweeter_id": "868979471994339328"}, "tweet_id": "1221969641783865345"}, {"license": "gnip", "citation_ids": [74457228], "author": {"tweeter_id": "3300739065"}, "tweet_id": "1221981578873786368"}, {"license": "gnip", "citation_ids": [74457228], "author": {"tweeter_id": "529232944"}, "tweet_id": "1221982870849253376"}, {"license": "gnip", "citation_ids": [74457228], "author": {"tweeter_id": "715705329510715392"}, "tweet_id": "1221983557121462272"}, {"license": "gnip", "citation_ids": [74457228], "author": {"tweeter_id": "1086411277553942528"}, "tweet_id": "1221986749921943553"}, {"license": "gnip", "citation_ids": [74457228], "author": {"tweeter_id": "907419378961940480"}, "tweet_id": "1221988682753703936"}, {"license": "gnip", "citation_ids": [74457228], "author": {"tweeter_id": "1446770826"}, "tweet_id": "1221990148671332352"}, {"license": "gnip", "citation_ids": [74457228], "author": {"tweeter_id": "24911091"}, "tweet_id": "1221990358306951168"}, {"license": "gnip", "citation_ids": [74457228], "author": {"tweeter_id": "51925165"}, "tweet_id": "1221990891205943297"}, {"license": "gnip", "citation_ids": [74457228], "author": {"tweeter_id": "1214623193727561728"}, "tweet_id": "1221990932997795841"}, {"license": "gnip", "citation_ids": [74457228], "author": {"tweeter_id": "128890833"}, "tweet_id": "1221992181650477056"}, {"license": "gnip", "citation_ids": [74457228], "author": {"tweeter_id": "22345455"}, "tweet_id": "1221995571273224192"}, {"license": "gnip", "citation_ids": [74457228], "author": {"tweeter_id": "569276957"}, "tweet_id": "1221997938467049472"}, {"license": "gnip", "citation_ids": [74457228], "author": {"tweeter_id": "463425711"}, "tweet_id": "1221997990291730432"}, {"license": "gnip", "citation_ids": [74457228], "author": {"tweeter_id": "67014608"}, "tweet_id": "1222000470597799936"}, {"license": "gnip", "citation_ids": [74457228], "author": {"tweeter_id": "86764977"}, "tweet_id": "1222007942452412416"}, {"license": "gnip", "citation_ids": [74457228], "author": {"tweeter_id": "878162382333149184"}, "tweet_id": "1222015287693758467"}, {"license": "gnip", "citation_ids": [74457228], "author": {"tweeter_id": "1071622029206376448"}, "tweet_id": "1222025840847769600"}, {"license": "gnip", "citation_ids": [74457228], "author": {"tweeter_id": "14826163"}, "tweet_id": "1222027119435214848"}, {"license": "gnip", "citation_ids": [74457228], "author": {"tweeter_id": "2603201850"}, "tweet_id": "1222029569294786564"}, {"license": "gnip", "citation_ids": [74457228], "author": {"tweeter_id": "3987873695"}, "tweet_id": "1222030430066659328"}, {"license": "gnip", "citation_ids": [74457228], "author": {"tweeter_id": "1606876236"}, "tweet_id": "1222036243174825985"}, {"license": "gnip", "citation_ids": [74457228], "author": {"tweeter_id": "1215484786254344192"}, "tweet_id": "1222040644882857984"}, {"license": "gnip", "citation_ids": [74457228], "author": {"tweeter_id": "2797261130"}, "tweet_id": "1222048457008934912"}, {"license": "gnip", "citation_ids": [74457228], "author": {"tweeter_id": "84293847"}, "tweet_id": "1222054215352188928"}, {"license": "gnip", "citation_ids": [74457228], "author": {"tweeter_id": "167121831"}, "tweet_id": "1222071164618625024"}, {"license": "gnip", "citation_ids": [74457228], "author": {"tweeter_id": "1115178627493244929"}, "tweet_id": "1222073027199893505"}, {"license": "gnip", "citation_ids": [74457228], "author": {"tweeter_id": "27211141"}, "tweet_id": "1222075413066928135"}, {"license": "gnip", "citation_ids": [74457228], "author": {"tweeter_id": "3074649886"}, "tweet_id": "1222075464728092673"}, {"license": "gnip", "citation_ids": [74457228], "author": {"tweeter_id": "862766520"}, "tweet_id": "1222088565926121472"}, {"license": "gnip", "citation_ids": [74457228], "author": {"tweeter_id": "60956542"}, "tweet_id": "1222089872456011776"}, {"license": "gnip", "citation_ids": [74457228], "author": {"tweeter_id": "1021705051067351040"}, "tweet_id": "1222090783056191488"}, {"license": "gnip", "citation_ids": [74457228], "author": {"tweeter_id": "719622719021694976"}, "tweet_id": "1222090891374010369"}, {"license": "gnip", "citation_ids": [74457228], "author": {"tweeter_id": "2161609544"}, "tweet_id": "1222099448601481216"}, {"license": "gnip", "citation_ids": [74457228], "author": {"tweeter_id": "189938343"}, "tweet_id": "1222106496969953280"}, {"license": "gnip", "citation_ids": [74457228], "author": {"tweeter_id": "2365950672"}, "tweet_id": "1222107823531794435"}, {"license": "gnip", "citation_ids": [74457228], "author": {"tweeter_id": "335854518"}, "tweet_id": "1222108434105032706"}, {"license": "gnip", "citation_ids": [74457228], "author": {"tweeter_id": "861223155108630529"}, "tweet_id": "1222109552667189248"}, {"license": "gnip", "citation_ids": [74457228], "author": {"tweeter_id": "138526255"}, "tweet_id": "1222115011293859840"}, {"license": "gnip", "citation_ids": [74457228], "author": {"tweeter_id": "977737257984536577"}, "tweet_id": "1222126357812928513"}, {"license": "gnip", "citation_ids": [74457228], "author": {"tweeter_id": "1396494702"}, "tweet_id": "1222127528992657409"}, {"license": "gnip", "citation_ids": [74457228], "author": {"tweeter_id": "1579948027"}, "tweet_id": "1222137948499517441"}, {"license": "gnip", "citation_ids": [74457228], "author": {"tweeter_id": "747917675301572608"}, "tweet_id": "1222150441309523974"}, {"license": "gnip", "citation_ids": [74457228], "author": {"tweeter_id": "59955964"}, "tweet_id": "1222157834386718720"}, {"license": "gnip", "citation_ids": [74457228], "author": {"tweeter_id": "60261035"}, "tweet_id": "1222157882461868032"}, {"license": "gnip", "citation_ids": [74457228], "author": {"tweeter_id": "929950210108690432"}, "tweet_id": "1222158878558715904"}, {"license": "gnip", "citation_ids": [74457228], "author": {"tweeter_id": "833025160487763970"}, "tweet_id": "1222160613750779904"}, {"license": "gnip", "citation_ids": [74457228], "author": {"tweeter_id": "35157641"}, "tweet_id": "1222173281035247616"}, {"license": "gnip", "citation_ids": [74457228], "author": {"tweeter_id": "464241549"}, "tweet_id": "1222205929531285504"}, {"license": "gnip", "citation_ids": [74457228], "author": {"tweeter_id": "1856569213"}, "tweet_id": "1222218902320508933"}, {"license": "gnip", "citation_ids": [74457228], "author": {"tweeter_id": "909447565686566912"}, "tweet_id": "1222245913948774401"}, {"license": "gnip", "citation_ids": [74457228], "author": {"tweeter_id": "4030305029"}, "tweet_id": "1222258297954361350"}, {"license": "gnip", "citation_ids": [74457228], "author": {"tweeter_id": "4030305029"}, "tweet_id": "1222259515225247745"}, {"license": "gnip", "citation_ids": [74457228], "author": {"tweeter_id": "4468729934"}, "tweet_id": "1222264845371957251"}, {"license": "gnip", "citation_ids": [74457228], "author": {"tweeter_id": "713447334689042432"}, "tweet_id": "1222265442376482817"}, {"license": "gnip", "citation_ids": [74457228], "author": {"tweeter_id": "757161638374014976"}, "tweet_id": "1222265573037551619"}, {"license": "gnip", "citation_ids": [74457228], "author": {"tweeter_id": "975743396680695809"}, "tweet_id": "1222438234531278851"}, {"license": "gnip", "citation_ids": [74457228], "author": {"tweeter_id": "98741060"}, "tweet_id": "1222443686841274368"}, {"license": "gnip", "citation_ids": [74457228], "author": {"tweeter_id": "98741060"}, "tweet_id": "1222444029708767232"}, {"license": "gnip", "citation_ids": [74457228], "author": {"tweeter_id": "1207298136890314752"}, "tweet_id": "1222447821560991744"}, {"license": "gnip", "citation_ids": [74457228], "author": {"tweeter_id": "4784155630"}, "tweet_id": "1222463867529388032"}, {"license": "gnip", "citation_ids": [74457228], "author": {"tweeter_id": "3313448317"}, "tweet_id": "1222465365856227330"}, {"license": "gnip", "citation_ids": [74362851, 74573158, 74457228, 74321328, 74457313, 50317538], "author": {"tweeter_id": "842359325142208512"}, "tweet_id": "1222468183812116480"}, {"license": "gnip", "citation_ids": [74362851, 74573158, 74457313, 74321328, 74457228, 50317538], "author": {"tweeter_id": "753594506348462080"}, "tweet_id": "1222473554635247616"}, {"license": "gnip", "citation_ids": [74362851, 74573158, 74457313, 74321328, 74457228, 50317538], "author": {"tweeter_id": "25870999"}, "tweet_id": "1222473773879844866"}, {"license": "gnip", "citation_ids": [74457228], "author": {"tweeter_id": "19199866"}, "tweet_id": "1222500500152750082"}, {"license": "gnip", "citation_ids": [74457228], "author": {"tweeter_id": "979852405373374464"}, "tweet_id": "1222500584730906624"}, {"license": "gnip", "citation_ids": [74457228], "author": {"tweeter_id": "1057941045550419968"}, "tweet_id": "1222501209665347585"}, {"license": "gnip", "citation_ids": [74457228], "author": {"tweeter_id": "456108607"}, "tweet_id": "1222501347955703809"}, {"license": "gnip", "citation_ids": [74457228], "author": {"tweeter_id": "334191031"}, "tweet_id": "1222502835717332992"}, {"license": "gnip", "citation_ids": [74457228], "author": {"tweeter_id": "3339444682"}, "tweet_id": "1222506450263605248"}, {"license": "gnip", "citation_ids": [74457228], "author": {"tweeter_id": "2512040634"}, "tweet_id": "1222506492919717888"}, {"license": "gnip", "citation_ids": [74457228], "author": {"tweeter_id": "107283519"}, "tweet_id": "1222516839508406272"}, {"license": "gnip", "citation_ids": [74457228], "author": {"tweeter_id": "3003935714"}, "tweet_id": "1222517112423378944"}, {"license": "gnip", "citation_ids": [74362851, 74573158, 74457228, 74321328, 74457313, 50317538], "author": {"tweeter_id": "2927093793"}, "tweet_id": "1222532861602996224"}, {"license": "gnip", "citation_ids": [74457228], "author": {"tweeter_id": "747917675301572608"}, "tweet_id": "1222567876596576257"}, {"license": "gnip", "citation_ids": [74457228], "author": {"tweeter_id": "1080180315333767168"}, "tweet_id": "1222570622775185413"}, {"license": "gnip", "citation_ids": [74457228], "author": {"tweeter_id": "1021518593035390976"}, "tweet_id": "1222570800915591169"}, {"license": "gnip", "citation_ids": [74457228], "author": {"tweeter_id": "2727683563"}, "tweet_id": "1222594001775349760"}, {"license": "gnip", "citation_ids": [74457228], "author": {"tweeter_id": "1161701260980117505"}, "tweet_id": "1222604495621885955"}, {"license": "gnip", "citation_ids": [74457228], "author": {"tweeter_id": "3308483750"}, "tweet_id": "1222779350413479937"}, {"license": "gnip", "citation_ids": [74457228], "author": {"tweeter_id": "4906283301"}, "tweet_id": "1222841480294748162"}, {"license": "gnip", "citation_ids": [74457228], "author": {"tweeter_id": "1477888784"}, "tweet_id": "1222850429647761410"}, {"license": "gnip", "citation_ids": [74457228], "author": {"tweeter_id": "1398991010"}, "tweet_id": "1222856202528415745"}, {"license": "gnip", "citation_ids": [74457228], "author": {"tweeter_id": "1019621874744127488"}, "tweet_id": "1222860016455208960"}, {"license": "gnip", "citation_ids": [74457228], "author": {"tweeter_id": "18781069"}, "tweet_id": "1222870679231639552"}, {"license": "gnip", "citation_ids": [74457228], "author": {"tweeter_id": "1874672815"}, "tweet_id": "1222878574111338496"}, {"license": "gnip", "citation_ids": [74457228], "author": {"tweeter_id": "2291221664"}, "tweet_id": "1222880699117723648"}, {"license": "gnip", "citation_ids": [74457228], "author": {"tweeter_id": "3180636202"}, "tweet_id": "1222888732711440384"}, {"license": "gnip", "citation_ids": [74457228], "author": {"tweeter_id": "766629343418261504"}, "tweet_id": "1222891193714954240"}, {"license": "gnip", "citation_ids": [74457228], "author": {"tweeter_id": "1558230960"}, "tweet_id": "1222893966279839745"}, {"license": "gnip", "citation_ids": [74457228], "author": {"tweeter_id": "125199250"}, "tweet_id": "1222901736370630659"}, {"license": "gnip", "citation_ids": [74457228], "author": {"tweeter_id": "2755206512"}, "tweet_id": "1222911789396119552"}, {"license": "gnip", "citation_ids": [74457228], "author": {"tweeter_id": "398592983"}, "tweet_id": "1222926212198289411"}, {"license": "gnip", "citation_ids": [74457228], "author": {"tweeter_id": "701221467837571072"}, "tweet_id": "1222930940885905408"}, {"license": "gnip", "citation_ids": [74457228], "author": {"tweeter_id": "1112515619142934529"}, "tweet_id": "1222931292146339840"}, {"license": "gnip", "citation_ids": [74457228], "author": {"tweeter_id": "2959182148"}, "tweet_id": "1222939034797977601"}, {"license": "gnip", "citation_ids": [74457228], "author": {"tweeter_id": "1966504747"}, "tweet_id": "1222940390858412037"}, {"license": "gnip", "citation_ids": [74457228], "author": {"tweeter_id": "206077066"}, "tweet_id": "1222945342016098310"}, {"license": "gnip", "citation_ids": [74457228], "author": {"tweeter_id": "504273161"}, "tweet_id": "1222946444677656583"}, {"license": "gnip", "citation_ids": [74457228], "author": {"tweeter_id": "315838117"}, "tweet_id": "1222951756650315776"}, {"license": "gnip", "citation_ids": [74457228], "author": {"tweeter_id": "855164694889451521"}, "tweet_id": "1222960123095736320"}, {"license": "gnip", "citation_ids": [74457228], "author": {"tweeter_id": "259497039"}, "tweet_id": "1222968476182241280"}, {"license": "gnip", "citation_ids": [74457228], "author": {"tweeter_id": "2248615204"}, "tweet_id": "1222971760095698952"}, {"license": "gnip", "citation_ids": [74457228], "author": {"tweeter_id": "2279432760"}, "tweet_id": "1222973658919915520"}, {"license": "gnip", "citation_ids": [74457228], "author": {"tweeter_id": "965557610429796352"}, "tweet_id": "1222976490440155143"}, {"license": "gnip", "citation_ids": [74457228], "author": {"tweeter_id": "3306908873"}, "tweet_id": "1223113705480572928"}, {"license": "gnip", "citation_ids": [74457228], "author": {"tweeter_id": "898619589302603776"}, "tweet_id": "1223176464843059201"}, {"license": "gnip", "citation_ids": [74457228], "author": {"tweeter_id": "2878725350"}, "tweet_id": "1223185411259891712"}, {"license": "gnip", "citation_ids": [74457228], "author": {"tweeter_id": "550387445"}, "tweet_id": "1223193876946739200"}, {"license": "gnip", "citation_ids": [74457228], "author": {"tweeter_id": "710458040630300672"}, "tweet_id": "1223206234247041024"}, {"license": "gnip", "citation_ids": [74457228], "author": {"tweeter_id": "1187901316917616640"}, "tweet_id": "1223244788050354177"}, {"license": "gnip", "citation_ids": [74457228], "author": {"tweeter_id": "26793833"}, "tweet_id": "1223344511427981317"}, {"license": "gnip", "citation_ids": [74457228], "author": {"tweeter_id": "272523644"}, "tweet_id": "1223352262522802182"}, {"license": "gnip", "citation_ids": [74457228], "author": {"tweeter_id": "449934719"}, "tweet_id": "1223352985746575362"}, {"license": "gnip", "citation_ids": [74457228], "author": {"tweeter_id": "1084959169474691072"}, "tweet_id": "1223409197179703296"}, {"license": "gnip", "citation_ids": [74457228], "author": {"tweeter_id": "9708142"}, "tweet_id": "1223424691290771456"}, {"license": "gnip", "citation_ids": [74457228], "author": {"tweeter_id": "177692744"}, "tweet_id": "1223453356724801536"}, {"license": "gnip", "citation_ids": [74457228], "author": {"tweeter_id": "260135336"}, "tweet_id": "1223546531917324289"}, {"license": "gnip", "citation_ids": [74457228], "author": {"tweeter_id": "1043294722763055104"}, "tweet_id": "1223851816196009984"}, {"license": "gnip", "citation_ids": [74457228], "author": {"tweeter_id": "2262362294"}, "tweet_id": "1223874492440559616"}, {"license": "gnip", "citation_ids": [74457228], "author": {"tweeter_id": "907419378961940480"}, "tweet_id": "1224098646859206656"}, {"license": "gnip", "citation_ids": [74457228], "author": {"tweeter_id": "26793833"}, "tweet_id": "1224369522645315586"}, {"license": "gnip", "citation_ids": [74457228], "author": {"tweeter_id": "389104963"}, "tweet_id": "1224371488901541893"}, {"license": "gnip", "citation_ids": [74457228], "author": {"tweeter_id": "833423372"}, "tweet_id": "1224371642488410113"}, {"license": "gnip", "citation_ids": [74457228], "author": {"tweeter_id": "17430252"}, "tweet_id": "1224378959061667843"}, {"license": "gnip", "citation_ids": [74457228], "author": {"tweeter_id": "398592983"}, "tweet_id": "1224400928738086913"}, {"license": "gnip", "citation_ids": [74457228], "author": {"tweeter_id": "726801029963108352"}, "tweet_id": "1224401950466285570"}, {"license": "gnip", "citation_ids": [74457228], "author": {"tweeter_id": "1191699389770878977"}, "tweet_id": "1224415175408869376"}, {"license": "gnip", "citation_ids": [74457228], "author": {"tweeter_id": "893536136408248321"}, "tweet_id": "1224417672026345472"}, {"license": "gnip", "citation_ids": [74457228], "author": {"tweeter_id": "389104963"}, "tweet_id": "1224422905183973376"}, {"license": "gnip", "citation_ids": [74457228], "author": {"tweeter_id": "2248615204"}, "tweet_id": "1224437510895333378"}, {"license": "gnip", "citation_ids": [74457228], "author": {"tweeter_id": "1179930301448904704"}, "tweet_id": "1224450628006469633"}, {"license": "gnip", "citation_ids": [74457228], "author": {"tweeter_id": "1164232052906037248"}, "tweet_id": "1224450972623048704"}, {"license": "gnip", "citation_ids": [2884692, 74457228, 74750758, 42126862, 3652646, 75009235], "author": {"tweeter_id": "878575811250573312"}, "tweet_id": "1224748165716414464"}, {"license": "gnip", "citation_ids": [2884692, 74457228, 74750758, 42126862, 3652646, 75009235], "author": {"tweeter_id": "1120053418930970625"}, "tweet_id": "1224763194633334784"}, {"license": "gnip", "citation_ids": [2884692, 74457228, 74750758, 42126862, 3652646, 75009235], "author": {"tweeter_id": "878575811250573312"}, "tweet_id": "1224776854395072512"}, {"license": "gnip", "citation_ids": [75009235, 74457228, 2884692, 3652646, 42126862, 74750758], "author": {"tweeter_id": "1123425559437029376"}, "tweet_id": "1224827937742098438"}, {"license": "gnip", "citation_ids": [75009235, 74457228, 2884692, 3652646, 42126862, 74750758], "author": {"tweeter_id": "175432815"}, "tweet_id": "1224839148613382144"}, {"license": "gnip", "citation_ids": [2884692, 74457228, 74750758, 42126862, 3652646, 75009235], "author": {"tweeter_id": "1093805677045268480"}, "tweet_id": "1224981937087033344"}, {"license": "gnip", "citation_ids": [74457228], "author": {"tweeter_id": "1038062511893823488"}, "tweet_id": "1224983870170251265"}, {"license": "gnip", "citation_ids": [74457228], "author": {"tweeter_id": "424430064"}, "tweet_id": "1224999283297931264"}, {"license": "gnip", "citation_ids": [74457228], "author": {"tweeter_id": "870051811"}, "tweet_id": "1224999893795774465"}, {"license": "gnip", "citation_ids": [74457228], "author": {"tweeter_id": "121684992"}, "tweet_id": "1225571547001344003"}, {"license": "gnip", "citation_ids": [74457228], "author": {"tweeter_id": "720287498031603714"}, "tweet_id": "1225752380895043584"}, {"license": "gnip", "citation_ids": [74457228], "author": {"tweeter_id": "20947135"}, "tweet_id": "1225860725832343552"}, {"license": "gnip", "citation_ids": [74457228], "author": {"tweeter_id": "1224483124987469825"}, "tweet_id": "1226811993061019648"}, {"license": "gnip", "citation_ids": [74457228], "author": {"tweeter_id": "1190556708176707584"}, "tweet_id": "1229092379035979776"}, {"license": "gnip", "citation_ids": [2884692, 74457228, 74750758, 42126862, 3652646, 75009235], "author": {"tweeter_id": "779315867138060288"}, "tweet_id": "1230104961704431616"}, {"license": "gnip", "citation_ids": [74457228], "author": {"tweeter_id": "1220268402289319937"}, "tweet_id": "1232587581394690049"}, {"license": "gnip", "citation_ids": [74457228], "author": {"tweeter_id": "728352151"}, "tweet_id": "1233410188507570176"}, {"license": "gnip", "citation_ids": [2884692, 74457228, 74750758, 42126862, 3652646, 75009235], "author": {"tweeter_id": "3438838061"}, "tweet_id": "1234506801451806721"}, {"license": "gnip", "citation_ids": [2884692, 74457228, 74750758, 42126862, 3652646, 75009235], "author": {"tweeter_id": "62757067"}, "tweet_id": "1234507680133386252"}, {"license": "gnip", "citation_ids": [74457228], "author": {"tweeter_id": "1239315181882224640"}, "tweet_id": "1240221797082992640"}, {"license": "gnip", "citation_ids": [74457228], "author": {"tweeter_id": "1239825709331288066"}, "tweet_id": "1240229108635906048"}, {"license": "gnip", "citation_ids": [74457228], "author": {"tweeter_id": "1186736218190598144"}, "tweet_id": "1240231131104120832"}], "news": [{"title": "De ce NU EXIST\u0102 TRATAMENT pentru coronavirus. Dezv\u0103luire \u015focant\u0103 \u00een reputata revist\u0103 \u201dNature\u201d: Companiile farmaceutice nu sunt...", "url": "http://ct.moreover.com/?a=41221071111&p=1pl&v=1&x=TT-oG84ZT2i6USb01ZDDsw", "license": "public", "citation_ids": [74457228], "posted_on": "2020-01-25T16:02:47+00:00", "summary": "Rolf Hilgenfeld, care are sediul la Universitatea din L\u00fcbeck din Germania, \u00eencearc\u0103 s\u0103 dezvolte un tratament pentru coronavirusuri dup\u0103 epidemia de sindrom respirator acut sever (SARS) din 2002 \u2013 2003.", "author": {"name": "G\u00e2ndul", "url": "https://www.gandul.info/", "image": "https://s3.amazonaws.com/weyland.altmetric.com/news_sources/logos/000/003/576/normal/Capture_gandal.PNG?1570164730"}}, {"title": "2019-nCoV : L\u2019infection peut-elle \u00eatre asymptomatique ?", "url": "http://ct.moreover.com/?a=41234525297&p=1pl&v=1&x=z2RC6Nr2Xij4HpBig9S6cw", "license": "public", "citation_ids": [74321328, 74457228], "posted_on": "2020-01-27T17:29:44+00:00", "summary": "C\u2019est la toute derni\u00e8re question pos\u00e9e par experts de la revue Nature concernant la propagation du virus : les personnes sans sympt\u00f4mes peuvent-elle infecter les autres ? Une question qui vient renforcer la difficult\u00e9 d\u2019estimer le \u00ab R0 \u00bb (ou taux de\u2026", "author": {"name": "sant\u00e9 log", "url": "https://www.santelog.com", "image": "https://s3.amazonaws.com/weyland.altmetric.com/news_sources/logos/000/003/521/normal/35.PNG?1569818322"}}], "reddit": [{"title": "This scientist hopes to test coronavirus drugs on animals in locked-down Wuhan", "url": "http://www.reddit.com/r/citral/comments/etepac/this_scientist_hopes_to_test_coronavirus_drugs_on/", "license": "public", "citation_ids": [74457228], "posted_on": "2020-01-24T18:50:20+00:00", "author": {"name": "officialcitral", "url": "http://www.reddit.com/r/citral", "image": "http://a.thumbs.redditmedia.com/gq9561mrzeY9TrVx.png", "id_on_source": "citral", "followers": 21, "subreddit": "Centre for Investigative Research and Learning"}}, {"title": "This scientist hopes to test coronavirus drugs on animals in locked-down Wuhan", "url": "http://www.reddit.com/r/newsbotbot/comments/etelpf/this_scientist_hopes_to_test_coronavirus_drugs_on/", "license": "public", "citation_ids": [74457228], "posted_on": "2020-01-24T18:43:11+00:00", "author": {"name": "-en-", "url": "http://www.reddit.com/r/newsbotbot", "id_on_source": "newsbotbot", "followers": 1373, "subreddit": "newsbotBOT"}}, {"title": "This scientist hopes to test coronavirus drugs on animals in locked-down Wuhan", "url": "http://www.reddit.com/r/TopScience/comments/eteg1k/this_scientist_hopes_to_test_coronavirus_drugs_on/", "license": "public", "citation_ids": [74457228], "posted_on": "2020-01-24T18:32:26+00:00", "author": {"name": "I_did_dit", "url": "http://www.reddit.com/r/topscience", "id_on_source": "topscience", "followers": 43, "subreddit": "Top science articles in the news!"}}, {"title": "This scientist hopes to test coronavirus drugs on animals in locked-down Wuhan", "url": "http://www.reddit.com/r/EverythingScience/comments/ettiq2/this_scientist_hopes_to_test_coronavirus_drugs_on/", "license": "public", "citation_ids": [74457228], "posted_on": "2020-01-25T17:20:04+00:00", "author": {"name": "homothebrave", "url": "http://www.reddit.com/r/everythingscience", "image": "http://c.thumbs.redditmedia.com/-u3e0YXO3qg_6wMn.png", "id_on_source": "everythingscience", "followers": 254, "subreddit": "Everything Science"}}], "facebook": [{"title": "This scientist hopes to test coronavirus drugs on animals in locked-down Wuhan", "url": "https://www.facebook.com/permalink.php?story_fbid=3382774118459740&id=139267936143724", "license": "public", "citation_ids": [74457228], "posted_on": "2020-01-24T18:33:32+00:00", "summary": "Structural biologist Rolf Hilgenfeld has been working on coronavirus treatments since the SARS outbreak.", "author": {"name": "Nature News and Comment", "url": "https://www.facebook.com/139267936143724", "facebook_wall_name": "Nature News and Comment", "image": "https://graph.facebook.com/139267936143724/picture", "id_on_source": "139267936143724"}}, {"title": "RCSB Protein Data Bank", "url": "https://www.facebook.com/permalink.php?story_fbid=2659518220831398&id=451507198299189", "license": "public", "citation_ids": [74457228], "posted_on": "2020-01-27T20:51:21+00:00", "summary": "Structural biologist (and PDB depositor) Rolf Hilgenfeld has been working on coronavirus treatments since the SARS outbreak.", "author": {"name": "Facultad de Ciencias Qu\u00edmicas", "url": "https://www.facebook.com/451507198299189", "facebook_wall_name": "Facultad de Ciencias Qu\u00edmicas", "image": "https://graph.facebook.com/451507198299189/picture", "id_on_source": "451507198299189"}}, {"title": "This scientist hopes to test coronavirus drugs on animals in locked-down Wuhan", "url": "https://www.facebook.com/permalink.php?story_fbid=3214088798620684&id=128956703800591", "license": "public", "citation_ids": [74457228], "posted_on": "2020-01-24T20:03:07+00:00", "summary": "Structural biologist Rolf Hilgenfeld has been working on coronavirus treatments since the SARS outbreak.", "author": {"name": "Krajowy Fundusz na rzecz Dzieci", "url": "https://www.facebook.com/128956703800591", "facebook_wall_name": "Krajowy Fundusz na rzecz Dzieci", "image": "https://graph.facebook.com/128956703800591/picture", "id_on_source": "128956703800591"}}, {"title": "This scientist hopes to test coronavirus drugs on animals in locked-down Wuhan", "url": "https://www.facebook.com/permalink.php?story_fbid=3505177879524747&id=143772238998678", "license": "public", "citation_ids": [74457228], "posted_on": "2020-01-28T10:40:21+00:00", "summary": "Structural biologist Rolf Hilgenfeld has been working on coronavirus treatments since the SARS outbreak.", "author": {"name": "Biblioteca da ESTeSL", "url": "https://www.facebook.com/143772238998678", "facebook_wall_name": "Biblioteca da ESTeSL", "image": "https://graph.facebook.com/143772238998678/picture", "id_on_source": "143772238998678"}}, {"url": "https://www.facebook.com/permalink.php?story_fbid=1301610866693633&id=155136318007766", "license": "public", "citation_ids": [74464103, 74938180, 74728787, 74465228, 74354946, 74406088, 74464078, 21398924, 73837281, 74457228], "posted_on": "2020-01-28T13:43:09+00:00", "summary": "#NEWS\u30102019-\u65b0\u578b\u51a0\u72c0\u75c5\u6bd2\uff0d\u6b66\u6f22\u7206\u767c\u5169\u500b\u6708\uff0d\u75ab\u60c5\u73fe\u6cc1\u8207\u91ab\u7642\u5c55\u671b\u3011\n\n\u5b8c\u6574\u53ca\u8a73\u7d30\u5716\u89e3\u8acb\u770b\uff1ahttps://investigator.tw/9736\n\n\u3000\u3000\u4eba\u985e\u51a0\u72c0\u75c5\u6bd2 (human Coronavirus, HCoV) \u662f\u50c5\u6b21\u65bc\u9f3b\u75c5\u6bd2 (Rhinovirus) \u6700\u5e38\u5f15\u8d77\u611f\u5192\u75c7\u72c0\u7684\u611f\u67d3\u6e90\uff0c\u537b\u56e0\u70ba\u4e0d\u66fe\u5f15\u767c\u56b4\u91cd\u611f\u67d3\u800c\u4e0d\u53d7\u91cd\u8996\u3002\u4f46\u4e8c\u5341\u4e00\u4e16\u7d00\uff0c\u51a0\u72c0\u75c5\u6bd2\u81ea\u91ce\u751f\u52d5\u7269\u4e2d\u7a81\u8b8a\u7522\u751f\u4e86\u4e8c\u7a2e\u5177\u4eba\u985e\u50b3\u67d3\u6027\u7684\u9ad8\u81f4\u75c5\u6027 HCoV\uff0c\u5373\u56b4\u91cd\u6025\u6027\u547c\u5438\u9053\u75c7\u5019\u7fa4\u51a0\u72c0\u75c5\u6bd2 (SARS-CoV) \u548c\u4e2d\u6771\u547c\u5438\u9053\u75c7\u5019\u7fa4\u51a0\u72c0\u75c5\u6bd2 (MERS-CoV)", "author": {"name": "The Investigator Taiwan", "url": "https://www.facebook.com/155136318007766", "facebook_wall_name": "The Investigator Taiwan", "image": "https://graph.facebook.com/155136318007766/picture", "id_on_source": "155136318007766"}}, {"title": "This scientist hopes to test coronavirus drugs on animals in locked-down Wuhan", "url": "https://www.facebook.com/permalink.php?story_fbid=3024726554204068&id=736634129680000", "license": "public", "citation_ids": [74457228], "posted_on": "2020-01-26T14:15:18+00:00", "summary": "Structural biologist Rolf Hilgenfeld has been working on coronavirus treatments since the SARS outbreak.", "author": {"name": "All Things Microbial", "url": "https://www.facebook.com/736634129680000", "facebook_wall_name": "All Things Microbial", "image": "https://graph.facebook.com/736634129680000/picture", "id_on_source": "736634129680000"}}, {"title": "This scientist hopes to test coronavirus drugs on animals in locked-down Wuhan", "url": "https://www.facebook.com/permalink.php?story_fbid=3391438754259943&id=139267936143724", "license": "public", "citation_ids": [74457228], "posted_on": "2020-01-27T12:45:17+00:00", "summary": "How one structural biologist is hoping to get to the epicentre of the coronavirus outbreak.", "author": {"name": "Nature News and Comment", "url": "https://www.facebook.com/139267936143724", "facebook_wall_name": "Nature News and Comment", "image": "https://graph.facebook.com/139267936143724/picture", "id_on_source": "139267936143724"}}, {"title": "This scientist hopes to test coronavirus drugs on animals in locked-down Wuhan", "url": "https://www.facebook.com/permalink.php?story_fbid=2804855062942369&id=412711868823379", "license": "public", "citation_ids": [74457228], "posted_on": "2020-01-27T19:33:52+00:00", "summary": "Structural biologist (and PDB depositor) Rolf Hilgenfeld has been working on coronavirus treatments since the SARS outbreak.", "author": {"name": "RCSB Protein Data Bank", "url": "https://www.facebook.com/412711868823379", "facebook_wall_name": "RCSB Protein Data Bank", "image": "https://graph.facebook.com/412711868823379/picture", "id_on_source": "412711868823379"}}, {"title": "This scientist hopes to test coronavirus drugs on animals in locked-down Wuhan", "url": "https://www.facebook.com/permalink.php?story_fbid=3223168251045276&id=282884011740396", "license": "public", "citation_ids": [74457228], "posted_on": "2020-02-02T18:05:13+00:00", "summary": "Structural biologist Rolf Hilgenfeld has been working on coronavirus treatments since the SARS outbreak.", "author": {"name": "Basic", "url": "https://www.facebook.com/282884011740396", "facebook_wall_name": "Basic", "image": "https://graph.facebook.com/282884011740396/picture", "id_on_source": "282884011740396"}}, {"title": "This scientist hopes to test coronavirus drugs on animals in locked-down Wuhan", "url": "https://www.facebook.com/permalink.php?story_fbid=2796323960423677&id=435936929795737", "license": "public", "citation_ids": [74457228], "posted_on": "2020-01-30T19:44:51+00:00", "summary": "Structural biologist Rolf Hilgenfeld has been working on coronavirus treatments since the SARS outbreak. https://www.nature.com/articles/d41586-020-00190-6", "author": {"name": "Microbiology", "url": "https://www.facebook.com/435936929795737", "facebook_wall_name": "Microbiology", "image": "https://graph.facebook.com/435936929795737/picture", "id_on_source": "435936929795737"}}], "blogs": [{"title": "The Free Market Isn\u2019t Up to the Coronavirus Challenge", "url": "https://jacobinmag.com/2020/02/coronavirus-outbreak-free-market-pharmaceutical-industry/", "license": "public", "citation_ids": [74457228, 2410141, 5516836, 75005336, 3841937, 25064439], "posted_on": "2020-02-04T11:01:47+00:00", "summary": "If it\u2019s not profitable for pharmaceutical companies to produce a cure, they won't produce a cure. We cannot win the fight against coronaviruses and future infectious diseases unless we properly fund a public sector that values public health over profit.", "author": {"name": "Jacobin Mag", "url": "https://jacobinmag.com"}}]}, "score": 423.58, "images": {"small": "https://badges.altmetric.com/?size=64&score=424&types=mbrttttf", "medium": "https://badges.altmetric.com/?size=100&score=424&types=mbrttttf", "large": "https://badges.altmetric.com/?size=180&score=424&types=mbrttttf"}}