{"altmetric_id": 77061921, "counts": {"readers": {"mendeley": 0, "citeulike": 0, "connotea": 0}, "news": {"unique_users_count": 1, "unique_users": ["pharmazeutische_zeitung"], "posts_count": 1}, "total": {"posts_count": 48}, "twitter": {"unique_users_count": 34, "posts_count": 47}}, "citation": {"altmetric_jid": "4f6fa6063cf058f6100067c4", "authors": ["Jes\u00fas F Bermejo-Martin", "Raquel Almansa", "Rosario Men\u00e9ndez", "Ra\u00fal Mendez", "David J Kelvin", "Antoni Torres"], "doi": "10.1016/j.jinf.2020.02.029", "first_seen_on": "2020-03-05T05:45:02+00:00", "handles": [], "isbns": [], "issns": ["0163-4453"], "journal": "Journal of Infection", "last_mentioned_on": 1584387252, "links": ["https://www.sciencedirect.com/science/article/abs/pii/S0163445320301109", "https://www.sciencedirect.com/science/article/pii/S0163445320301109", "https://www.sciencedirect.com/science/article/pii/S0163445320301109?dgcid=rss_sd_all#bib0010", "https://www.ncbi.nlm.nih.gov/pubmed/32145214", "https://www.journalofinfection.com/article/S0163-4453(20)30110-9/fulltext"], "pmid": "32145214", "pubdate": "2020-03-01T00:00:00+00:00", "publisher_subjects": [{"name": "Clinical Sciences", "scheme": "era"}], "scopus_subjects": ["Medicine", "Health Sciences"], "subjects": ["communicablediseases"], "title": "Lymphopenic community acquired pneumonia as signature of severe COVID-19 infection", "type": "article"}, "altmetric_score": {"score": 33, "score_history": {"1y": 33, "6m": 33, "3m": 33, "1m": 33, "1w": 23.85, "6d": 17.8, "5d": 11.55, "4d": 10.7, "3d": 10.7, "2d": 10.7, "1d": 0, "at": 33}, "context_for_score": {"all": {"total_number_of_other_articles": 14515745, "mean": 8.4678829075407, "rank": 570033, "this_scored_higher_than_pct": 96, "this_scored_higher_than": 13943932, "rank_type": "exact", "sample_size": 14515745, "percentile": 96}, "similar_age_3m": {"total_number_of_other_articles": 153474, "mean": 14.26853466082, "rank": 10051, "this_scored_higher_than_pct": 93, "this_scored_higher_than": 143410, "rank_type": "exact", "sample_size": 153474, "percentile": 93}, "this_journal": {"total_number_of_other_articles": 1546, "mean": 5.1730343042071, "rank": 30, "this_scored_higher_than_pct": 98, "this_scored_higher_than": 1516, "rank_type": "exact", "sample_size": 1546, "percentile": 98}, "similar_age_this_journal_3m": {"total_number_of_other_articles": 45, "mean": 9.1040909090909, "rank": 3, "this_scored_higher_than_pct": 93, "this_scored_higher_than": 42, "rank_type": "exact", "sample_size": 45, "percentile": 93}}}, "demographics": {"poster_types": {"member_of_the_public": 21, "researcher": 4, "practitioner": 9}, "users": {"twitter": {"cohorts": {"Practitioners (doctors, other healthcare professionals)": 9, "Scientists": 4, "Members of the public": 21}}}, "geo": {"twitter": {"ES": 14, "AR": 1, "CO": 3, "EC": 1, "SV": 1, "CA": 1, "FR": 1, "GD": 1, "SX": 1}}}, "posts": {"twitter": [{"license": "gnip", "citation_ids": [77061921], "author": {"tweeter_id": "828627111720136704"}, "tweet_id": "1235441118931648512"}, {"license": "gnip", "citation_ids": [77061921], "author": {"tweeter_id": "972598671727644672"}, "tweet_id": "1235513942593724416"}, {"license": "gnip", "citation_ids": [77061921], "author": {"tweeter_id": "208789709"}, "tweet_id": "1235517165379497990"}, {"license": "gnip", "citation_ids": [77061921], "author": {"tweeter_id": "387346150"}, "tweet_id": "1235604800806535168"}, {"license": "gnip", "citation_ids": [77061921], "author": {"tweeter_id": "959882926782582786"}, "tweet_id": "1235618351004758017"}, {"license": "gnip", "citation_ids": [77061921], "author": {"tweeter_id": "771841009"}, "tweet_id": "1235631811071537161"}, {"license": "gnip", "citation_ids": [77061921], "author": {"tweeter_id": "165557715"}, "tweet_id": "1235928885193293826"}, {"license": "gnip", "citation_ids": [77061921], "author": {"tweeter_id": "133450023"}, "tweet_id": "1235933099134984192"}, {"license": "gnip", "citation_ids": [77061921], "author": {"tweeter_id": "102133975"}, "tweet_id": "1235938426857443335"}, {"license": "gnip", "citation_ids": [77061921], "author": {"tweeter_id": "828627111720136704"}, "tweet_id": "1236627736241876993"}, {"license": "gnip", "citation_ids": [77061921], "author": {"tweeter_id": "924696736085565440"}, "tweet_id": "1236668568122593282"}, {"license": "gnip", "citation_ids": [77061921], "author": {"tweeter_id": "29270273"}, "tweet_id": "1236684693757665281"}, {"license": "gnip", "citation_ids": [77061921], "author": {"tweeter_id": "2888173593"}, "tweet_id": "1236691696425078784"}, {"license": "gnip", "citation_ids": [77061921], "author": {"tweeter_id": "387346150"}, "tweet_id": "1236702978280689664"}, {"license": "gnip", "citation_ids": [77061921], "author": {"tweeter_id": "443026077"}, "tweet_id": "1236746856291610625"}, {"license": "gnip", "citation_ids": [77061921], "author": {"tweeter_id": "776102881191727104"}, "tweet_id": "1236796173391929345"}, {"license": "gnip", "citation_ids": [77061921], "author": {"tweeter_id": "391235738"}, "tweet_id": "1236906238006493184"}, {"license": "gnip", "citation_ids": [77061921], "author": {"tweeter_id": "1014899396"}, "tweet_id": "1237248538100326402"}, {"license": "gnip", "citation_ids": [77061921], "author": {"tweeter_id": "1099494762296397824"}, "tweet_id": "1237259012959322112"}, {"license": "gnip", "citation_ids": [77061921], "author": {"tweeter_id": "972598671727644672"}, "tweet_id": "1237799318796537856"}, {"license": "gnip", "citation_ids": [77061921], "author": {"tweeter_id": "2907466287"}, "tweet_id": "1237799603103248387"}, {"license": "gnip", "citation_ids": [77061921], "author": {"tweeter_id": "1055305087"}, "tweet_id": "1237799831365726209"}, {"license": "gnip", "citation_ids": [77061921], "author": {"tweeter_id": "972598671727644672"}, "tweet_id": "1237799901255405568"}, {"license": "gnip", "citation_ids": [77061921], "author": {"tweeter_id": "972598671727644672"}, "tweet_id": "1237801712796282881"}, {"license": "gnip", "citation_ids": [77061921], "author": {"tweeter_id": "356711852"}, "tweet_id": "1237806565580816386"}, {"license": "gnip", "citation_ids": [77061921], "author": {"tweeter_id": "771841009"}, "tweet_id": "1237810457756553216"}, {"license": "gnip", "citation_ids": [77061921], "author": {"tweeter_id": "771841009"}, "tweet_id": "1237810688141275136"}, {"license": "gnip", "citation_ids": [77061921], "author": {"tweeter_id": "1193132017"}, "tweet_id": "1237812980479332352"}, {"license": "gnip", "citation_ids": [77061921], "author": {"tweeter_id": "1074388585334366208"}, "tweet_id": "1237813283769520130"}, {"license": "gnip", "citation_ids": [77061921], "author": {"tweeter_id": "17605331"}, "tweet_id": "1237823344126328833"}, {"license": "gnip", "citation_ids": [77061921], "author": {"tweeter_id": "943646359198027776"}, "tweet_id": "1237838736693637120"}, {"license": "gnip", "citation_ids": [77061921], "author": {"tweeter_id": "17605331"}, "tweet_id": "1237890870927593472"}, {"license": "gnip", "citation_ids": [77061921], "author": {"tweeter_id": "976361913511743488"}, "tweet_id": "1237946744459202560"}, {"license": "gnip", "citation_ids": [77061921], "author": {"tweeter_id": "961946656727019520"}, "tweet_id": "1238074474194513920"}, {"license": "gnip", "citation_ids": [77061921], "author": {"tweeter_id": "961946656727019520"}, "tweet_id": "1238074514744852486"}, {"license": "gnip", "citation_ids": [77061921], "author": {"tweeter_id": "771841009"}, "tweet_id": "1238075548842278912"}, {"license": "gnip", "citation_ids": [77061921], "author": {"tweeter_id": "89365681"}, "tweet_id": "1238077008216645635"}, {"license": "gnip", "citation_ids": [77061921], "author": {"tweeter_id": "959882926782582786"}, "tweet_id": "1238188797004664832"}, {"license": "gnip", "citation_ids": [77061921], "author": {"tweeter_id": "2558912509"}, "tweet_id": "1238206615318380556"}, {"license": "gnip", "citation_ids": [77061921], "author": {"tweeter_id": "934489134554591232"}, "tweet_id": "1238213403111456770"}, {"license": "gnip", "citation_ids": [77061921], "author": {"tweeter_id": "812302750042247169"}, "tweet_id": "1238218308048076800"}, {"license": "gnip", "citation_ids": [77061921], "author": {"tweeter_id": "208789709"}, "tweet_id": "1238245889229180930"}, {"license": "gnip", "citation_ids": [77061921], "author": {"tweeter_id": "1242680473"}, "tweet_id": "1238312534093987840"}, {"license": "gnip", "citation_ids": [77061921], "author": {"tweeter_id": "886957985507004417"}, "tweet_id": "1238347507798851586"}, {"license": "gnip", "citation_ids": [77061921], "author": {"tweeter_id": "741521458556473344"}, "tweet_id": "1239513956231925762"}, {"license": "gnip", "citation_ids": [77061921], "author": {"tweeter_id": "741521458556473344"}, "tweet_id": "1239514899807698944"}, {"license": "gnip", "citation_ids": [77061921], "author": {"tweeter_id": "220380556"}, "tweet_id": "1239636102798966786"}], "news": [{"title": "Diagnosestellung: Lymphopenie als Marker f\u00fcr schweren Verlauf von Covid-19", "url": "http://ct.moreover.com/?a=41637708704&p=1pl&v=1&x=zIIwtqrxO7vu_PbBF8AZNA", "license": "public", "citation_ids": [77061921], "posted_on": "2020-03-16T16:32:05+00:00", "summary": "Zu diesen Ergebnissen kommt ein Forscherteam um Professor Dr. Jes\u00fas F. Bermejo-Martina vom Instituto de Investigaci\u00f3n Biom\u00e9dica im spanischen Salamanca im \u00bbJournal of Infection\u00ab.", "author": {"name": "Pharmazeutische Zeitung", "url": "http://www.pharmazeutische-zeitung.de/", "image": "https://s3.amazonaws.com/weyland.altmetric.com/news_sources/logos/000/001/040/normal/Screen_Shot_2014-07-17_at_11.38.10.png?1405593576"}}]}, "score": 33, "images": {"small": "https://badges.altmetric.com/?size=64&score=33&types=mttttttt", "medium": "https://badges.altmetric.com/?size=100&score=33&types=mttttttt", "large": "https://badges.altmetric.com/?size=180&score=33&types=mttttttt"}}