{"altmetric_id": 77677463, "counts": {"readers": {"mendeley": 0, "citeulike": 0, "connotea": 0}, "total": {"posts_count": 2}, "twitter": {"unique_users_count": 2, "posts_count": 2}}, "citation": {"altmetric_jid": "4f6fa62a3cf058f610007e8d", "authors": ["Lan, Jiajia", "Song, Zexing", "Miao, Xiaoping", "Li, Hang", "Li, Yan", "Dong, Liyun", "Yang, Jing", "An, Xiangjie", "Zhang, Yamin", "Yang, Liu", "Zhou, Nuoya", "Li, Jun", "Cao, JingJiang", "Wang, Jianxiu", "Tao, Juan"], "doi": "10.1016/j.jaad.2020.03.014", "first_seen_on": "2020-03-17T10:01:59+00:00", "issns": ["1097-6787"], "journal": "Journal of the American Academy of Dermatology", "last_mentioned_on": 1584439533, "links": ["https://www.ncbi.nlm.nih.gov/pubmed/32171808?dopt=Abstract", "https://www.ncbi.nlm.nih.gov/pubmed/32171808?dopt=Abstract&utm_source=dlvr.it&utm_medium=twitter"], "pmid": "32171808", "epubdate": "2020-03-11T00:00:00+00:00", "publisher_subjects": [{"name": "Clinical Sciences", "scheme": "era"}], "scopus_subjects": ["Medicine", "Health Sciences"], "subjects": ["dermatology"], "title": "Skin damage and the risk of infection among healthcare workers managing coronavirus disease-2019.", "type": "article"}, "altmetric_score": {"score": 1.25, "score_history": {"1y": 1.25, "6m": 1.25, "3m": 1.25, "1m": 1.25, "1w": 1.25, "6d": 1.25, "5d": 1.25, "4d": 1.25, "3d": 1.25, "2d": 1.25, "1d": 1.25, "at": 1.25}, "context_for_score": {"all": {"total_number_of_other_articles": 14512120, "mean": 8.4635118658998, "rank": 8756418, "this_scored_higher_than_pct": 37, "this_scored_higher_than": 5435928, "rank_type": "exact", "sample_size": 14512120, "percentile": 37}, "similar_age_3m": {"total_number_of_other_articles": 143589, "mean": 13.383452196563, "rank": 75848, "this_scored_higher_than_pct": 44, "this_scored_higher_than": 63540, "rank_type": "exact", "sample_size": 143589, "percentile": 44}, "this_journal": {"total_number_of_other_articles": 6172, "mean": 9.5662809917356, "rank": 4262, "this_scored_higher_than_pct": 28, "this_scored_higher_than": 1762, "rank_type": "exact", "sample_size": 6172, "percentile": 28}, "similar_age_this_journal_3m": {"total_number_of_other_articles": 129, "mean": 8.012578125, "rank": 88, "this_scored_higher_than_pct": 28, "this_scored_higher_than": 37, "rank_type": "exact", "sample_size": 129, "percentile": 28}}}, "demographics": {"poster_types": {"member_of_the_public": 2}, "users": {"twitter": {"cohorts": {"Members of the public": 2}}}}, "posts": {"twitter": [{"license": "gnip", "citation_ids": [77677463], "author": {"tweeter_id": "1239825709331288066"}, "tweet_id": "1239854424266289152"}, {"license": "gnip", "citation_ids": [77677463], "author": {"tweeter_id": "1191745846615957506"}, "tweet_id": "1239855384031973376"}]}, "score": 1.25, "images": {"small": "https://badges.altmetric.com/?size=64&score=2&types=tttttttt", "medium": "https://badges.altmetric.com/?size=100&score=2&types=tttttttt", "large": "https://badges.altmetric.com/?size=180&score=2&types=tttttttt"}}