{"altmetric_id": 73206672, "counts": {"readers": {"mendeley": 0, "citeulike": 0, "connotea": 0}, "total": {"posts_count": 1}, "twitter": {"unique_users_count": 1, "posts_count": 1}}, "citation": {"altmetric_jid": "4f6fa62b3cf058f610007f1f", "authors": ["Fujiko SUNAGA", "Shinobu TSUCHIAKA", "Mai KISHIMOTO", "Hiroshi AOKI", "Mari KAKINOKI", "Katsumasa KURE", "Hanako OKUMURA", "Maho OKUMURA", "Atsushi OKUMURA", "Makoto NAGAI", "Tsutomu OMATSU", "Tetsuya MIZUTANI"], "doi": "10.1292/jvms.19-0063", "first_seen_on": "2019-12-24T11:07:17+00:00", "handles": [], "isbns": [], "issns": ["0916-7250", "1347-7439"], "journal": "Journal of Veterinary Medical Science", "last_mentioned_on": 1577189072, "links": ["https://www.ncbi.nlm.nih.gov/pubmed/31866601?dopt=Abstract", "https://www.ncbi.nlm.nih.gov/pubmed/31866601?dopt=Abstract&utm_source=dlvr.it&utm_medium=twitter"], "pmid": "31866601", "pubdate": "2020-01-01T00:00:00+00:00", "publisher_subjects": [{"name": "Veterinary Sciences", "scheme": "era"}], "scopus_subjects": ["Veterinary", "Health Sciences"], "title": "Development of a one-run real-time PCR detection system for pathogens associated with porcine respiratory diseases", "type": "article"}, "altmetric_score": {"score": 0.5, "score_history": {"1y": 0.5, "6m": 0.5, "3m": 0.5, "1m": 0, "1w": 0, "6d": 0, "5d": 0, "4d": 0, "3d": 0, "2d": 0, "1d": 0, "at": 0.5}, "context_for_score": {"all": {"total_number_of_other_articles": 14179788, "mean": 8.3353334637437, "rank": 11242334, "this_scored_higher_than_pct": 11, "this_scored_higher_than": 1643300, "rank_type": "exact", "sample_size": 14179788, "percentile": 11}, "similar_age_3m": {"total_number_of_other_articles": 249872, "mean": 12.571063900973, "rank": 178009, "this_scored_higher_than_pct": 18, "this_scored_higher_than": 45321, "rank_type": "exact", "sample_size": 249872, "percentile": 18}, "this_journal": {"total_number_of_other_articles": 2565, "mean": 1.7115733229329, "rank": 1338, "this_scored_higher_than_pct": 10, "this_scored_higher_than": 267, "rank_type": "exact", "sample_size": 2565, "percentile": 10}, "similar_age_this_journal_3m": {"total_number_of_other_articles": 24, "mean": 1.0469565217391, "rank": 16, "this_scored_higher_than_pct": 8, "this_scored_higher_than": 2, "rank_type": "exact", "sample_size": 24, "percentile": 8}}}, "demographics": {"poster_types": {"member_of_the_public": 1}, "users": {"twitter": {"cohorts": {"Members of the public": 1}}}}, "posts": {"twitter": [{"license": "gnip", "citation_ids": [73206672], "author": {"tweeter_id": "524151017"}, "tweet_id": "1209444745455394816"}]}, "score": 0.5, "images": {"small": "https://badges.altmetric.com/?size=64&score=1&types=tttttttt", "medium": "https://badges.altmetric.com/?size=100&score=1&types=tttttttt", "large": "https://badges.altmetric.com/?size=180&score=1&types=tttttttt"}}