{"altmetric_id": 77452396, "counts": {"readers": {"mendeley": 0, "citeulike": 0, "connotea": 0}, "total": {"posts_count": 301}, "twitter": {"unique_users_count": 238, "posts_count": 249}, "news": {"unique_users_count": 50, "unique_users": ["wbur", "sdpb_radio", "npr", "new_hampshire_public_radio", "wuwm", "oregon_public_broadcasting", "public_radio_east", "wjct", "new_england_public_radio", "north_east_public_radio", "kosu", "wkar", "wcbe", "northeastern_indiana_public_radio", "tri_states_public_radio", "the_cape_coast_and_islands_npr_station", "wlrn", "kpbs", "northern_public_radio", "wyoming_public_radio", "wrkf", "georgia_public_radio", "interlochen_public_radio", "wunc", "wvtf", "the_university_of_new_orleans_public_radio", "delmarva_public_radio", "wvxu", "wxpr", "kansas_public_radio", "boise_state_public_radio", "kansas_city_university_radio", "kclu", "wypr", "witchitas_public_radio", "hawaii_public_radio", "wuky", "wvpe", "omaha_public_radio", "iowa_public_radio", "kera_news", "a_koahnic_broadcast_station", "radio_acadie", "krwg_tv_fm", "ktep_el_paso", "central_coast_public_radio", "arizona_public_radio", "kunm", "jefferson_public_radio", "maine_public"], "posts_count": 50}, "blogs": {"unique_users_count": 1, "unique_users": [56347], "posts_count": 1}}, "citation": {"authors": ["Li, Ruoran", "Rivers, Caitlin", "Tan, Qi", "Murray, Megan B", "Toner, Eric", "Lipsitch, Marc"], "doi": "10.1101/2020.03.09.20033241", "first_seen_on": "2020-03-13T12:39:49+00:00", "issns": [], "last_mentioned_on": 1584534205, "links": ["https://medrxiv.org/cgi/content/short/2020.03.09.20033241v1", "https://www.medrxiv.org/content/10.1101/2020.03.09.20033241v1", "https://www.medrxiv.org/content/10.1101/2020.03.09.20033241v1.full.pdf", "https://www.medrxiv.org/content/10.1101/2020.03.09.20033241v1?utm_source=dlvr.it&utm_medium=twitter", "https://www.medrxiv.org/content/10.1101/2020.03.09.20033241v2", "https://www.medrxiv.org/content/10.1101/2020.03.09.20033241v2.full.pdf"], "pdf_url": "https://www.medrxiv.org/content/medrxiv/early/2020/03/13/2020.03.09.20033241.full.pdf", "publisher": "Cold Spring Harbor Laboratory", "title": "The demand for inpatient and ICU beds for COVID-19 in the US: lessons from Chinese cities", "type": "article"}, "altmetric_score": {"score": 585.512, "score_history": {"1y": 585.512, "6m": 585.512, "3m": 585.512, "1m": 585.512, "1w": 585.512, "6d": 585.512, "5d": 583.912, "4d": 552.162, "3d": 550.062, "2d": 526.4, "1d": 449.5, "at": 585.512}, "context_for_score": null}, "demographics": {"poster_types": {"member_of_the_public": 199, "researcher": 24, "practitioner": 10, "science_communicator": 5}, "users": {"twitter": {"cohorts": {"Members of the public": 198, "Scientists": 24, "Science communicators (journalists, bloggers, editors)": 5, "Practitioners (doctors, other healthcare professionals)": 10}}}, "geo": {"twitter": {"US": 92, "GB": 12, "ES": 1, "JP": 1, "CA": 9, "IT": 1, "DE": 2, "CF": 1, "NZ": 1, "FR": 2, "TR": 1, "ZA": 1, "IN": 1, "NP": 1, "UA": 1, "SE": 1, "AR": 1, "CW": 1, "NO": 1, "NL": 1}}}, "posts": {"twitter": [{"license": "gnip", "citation_ids": [77452396], "author": {"tweeter_id": "921400462838042624"}, "tweet_id": "1238444589532487680"}, {"license": "gnip", "citation_ids": [77452396], "author": {"tweeter_id": "16061930"}, "tweet_id": "1238448473554518016"}, {"license": "gnip", "citation_ids": [77452396], "author": {"tweeter_id": "105248665"}, "tweet_id": "1238449032005025792"}, {"license": "gnip", "citation_ids": [77452396], "author": {"tweeter_id": "17261359"}, "tweet_id": "1238451217971503105"}, {"license": "gnip", "citation_ids": [77452396], "author": {"tweeter_id": "71156816"}, "tweet_id": "1238455485658890240"}, {"license": "gnip", "citation_ids": [77452396], "author": {"tweeter_id": "218348479"}, "tweet_id": "1238455748113371141"}, {"license": "gnip", "citation_ids": [77452396], "author": {"tweeter_id": "14526336"}, "tweet_id": "1238456511455727616"}, {"license": "gnip", "citation_ids": [77452396], "author": {"tweeter_id": "16557300"}, "tweet_id": "1238480510365487105"}, {"license": "gnip", "citation_ids": [77452396], "author": {"tweeter_id": "14544185"}, "tweet_id": "1238487239593787393"}, {"license": "gnip", "citation_ids": [77452396], "author": {"tweeter_id": "2880885671"}, "tweet_id": "1238487580355764225"}, {"license": "gnip", "citation_ids": [77452396], "author": {"tweeter_id": "375323046"}, "tweet_id": "1238487692494675968"}, {"license": "gnip", "citation_ids": [77452396], "author": {"tweeter_id": "69055396"}, "tweet_id": "1238488234025291777"}, {"license": "gnip", "citation_ids": [77452396], "author": {"tweeter_id": "78636077"}, "tweet_id": "1238489011519438849"}, {"license": "gnip", "citation_ids": [77452396], "author": {"tweeter_id": "931551626128654336"}, "tweet_id": "1238490528091701258"}, {"license": "gnip", "citation_ids": [77452396], "author": {"tweeter_id": "35834863"}, "tweet_id": "1238492961031065602"}, {"license": "gnip", "citation_ids": [77452396], "author": {"tweeter_id": "1245135547"}, "tweet_id": "1238494706583003136"}, {"license": "gnip", "citation_ids": [77452396], "author": {"tweeter_id": "2371606842"}, "tweet_id": "1238495182888136704"}, {"license": "gnip", "citation_ids": [77452396], "author": {"tweeter_id": "2829202529"}, "tweet_id": "1238496682343464962"}, {"license": "gnip", "citation_ids": [77452396], "author": {"tweeter_id": "85858174"}, "tweet_id": "1238497124343377921"}, {"license": "gnip", "citation_ids": [77452396], "author": {"tweeter_id": "2829242078"}, "tweet_id": "1238497998285361152"}, {"license": "gnip", "citation_ids": [77452396], "author": {"tweeter_id": "1223167659895738370"}, "tweet_id": "1238500422614020098"}, {"license": "gnip", "citation_ids": [77452396], "author": {"tweeter_id": "15311660"}, "tweet_id": "1238506338633674752"}, {"license": "gnip", "citation_ids": [77452396], "author": {"tweeter_id": "39383125"}, "tweet_id": "1238511089098227712"}, {"license": "gnip", "citation_ids": [77452396], "author": {"tweeter_id": "114682872"}, "tweet_id": "1238519979865145350"}, {"license": "gnip", "citation_ids": [77452396], "author": {"tweeter_id": "3254094322"}, "tweet_id": "1238536382487945216"}, {"license": "gnip", "citation_ids": [77452396], "author": {"tweeter_id": "6899782"}, "tweet_id": "1238538505044873224"}, {"license": "gnip", "citation_ids": [77452396], "author": {"tweeter_id": "567237039"}, "tweet_id": "1238545719356608512"}, {"license": "gnip", "citation_ids": [77452396], "author": {"tweeter_id": "1478716548"}, "tweet_id": "1238546825054846977"}, {"license": "gnip", "citation_ids": [77452396], "author": {"tweeter_id": "27341660"}, "tweet_id": "1238549071922466817"}, {"license": "gnip", "citation_ids": [77452396], "author": {"tweeter_id": "15544985"}, "tweet_id": "1238554334914392068"}, {"license": "gnip", "citation_ids": [77452396], "author": {"tweeter_id": "111542088"}, "tweet_id": "1238569996927803393"}, {"license": "gnip", "citation_ids": [77452396], "author": {"tweeter_id": "3181970364"}, "tweet_id": "1238607874449907715"}, {"license": "gnip", "citation_ids": [77452396], "author": {"tweeter_id": "1478716548"}, "tweet_id": "1238612441363132416"}, {"license": "gnip", "citation_ids": [77452396], "author": {"tweeter_id": "1854298447"}, "tweet_id": "1238612536733261824"}, {"license": "gnip", "citation_ids": [77452396], "author": {"tweeter_id": "1120565785137561600"}, "tweet_id": "1238647201040961536"}, {"license": "gnip", "citation_ids": [77452396], "author": {"tweeter_id": "2900828859"}, "tweet_id": "1238649332020252672"}, {"license": "gnip", "citation_ids": [77452396], "author": {"tweeter_id": "735645005079928832"}, "tweet_id": "1238649377905946626"}, {"license": "gnip", "citation_ids": [77452396], "author": {"tweeter_id": "1237951335154061317"}, "tweet_id": "1238650025606926342"}, {"license": "gnip", "citation_ids": [77452396], "author": {"tweeter_id": "936664361887719424"}, "tweet_id": "1238650881207238657"}, {"license": "gnip", "citation_ids": [77452396], "author": {"tweeter_id": "30753402"}, "tweet_id": "1238653291334111233"}, {"license": "gnip", "citation_ids": [77452396], "author": {"tweeter_id": "498631199"}, "tweet_id": "1238673678323212288"}, {"license": "gnip", "citation_ids": [77452396], "author": {"tweeter_id": "498631199"}, "tweet_id": "1238673717086916608"}, {"license": "gnip", "citation_ids": [77452396], "author": {"tweeter_id": "1160571236998504449"}, "tweet_id": "1238680893822132225"}, {"license": "gnip", "citation_ids": [77452396], "author": {"tweeter_id": "1238694508532989952"}, "tweet_id": "1238702619419262976"}, {"license": "gnip", "citation_ids": [77452396], "author": {"tweeter_id": "1238694508532989952"}, "tweet_id": "1238702756652822528"}, {"license": "gnip", "citation_ids": [77452396], "author": {"tweeter_id": "16061930"}, "tweet_id": "1238713040268337152"}, {"license": "gnip", "citation_ids": [77452396], "author": {"tweeter_id": "1071947550863835137"}, "tweet_id": "1238746802389688320"}, {"license": "gnip", "citation_ids": [77452396], "author": {"tweeter_id": "4901919879"}, "tweet_id": "1238800796189368320"}, {"license": "gnip", "citation_ids": [77452396], "author": {"tweeter_id": "4901919879"}, "tweet_id": "1238800803093233665"}, {"license": "gnip", "citation_ids": [77452396], "author": {"tweeter_id": "24803478"}, "tweet_id": "1238809854703046656"}, {"license": "gnip", "citation_ids": [77452396], "author": {"tweeter_id": "2574033231"}, "tweet_id": "1238892347779407872"}, {"license": "gnip", "citation_ids": [77452396], "author": {"tweeter_id": "148592588"}, "tweet_id": "1238993752812707840"}, {"license": "gnip", "citation_ids": [77452396], "author": {"tweeter_id": "4010957355"}, "tweet_id": "1239153545221492738"}, {"license": "gnip", "citation_ids": [77452396], "author": {"tweeter_id": "2574033231"}, "tweet_id": "1239158902392045568"}, {"license": "gnip", "citation_ids": [77452396], "author": {"tweeter_id": "453124512"}, "tweet_id": "1239214341083324422"}, {"license": "gnip", "citation_ids": [77452396], "author": {"tweeter_id": "1237476034548764674"}, "tweet_id": "1239218053042393088"}, {"license": "gnip", "citation_ids": [77452396], "author": {"tweeter_id": "608568292"}, "tweet_id": "1239220886827302913"}, {"license": "gnip", "citation_ids": [77452396], "author": {"tweeter_id": "1478716548"}, "tweet_id": "1239225587098509312"}, {"license": "gnip", "citation_ids": [77452396], "author": {"tweeter_id": "946665374"}, "tweet_id": "1239236196288602112"}, {"license": "gnip", "citation_ids": [77452396], "author": {"tweeter_id": "20303710"}, "tweet_id": "1239245546944114688"}, {"license": "gnip", "citation_ids": [77452396], "author": {"tweeter_id": "3150800516"}, "tweet_id": "1239296831806296064"}, {"license": "gnip", "citation_ids": [77452396], "author": {"tweeter_id": "1478716548"}, "tweet_id": "1239317044492767233"}, {"license": "gnip", "citation_ids": [77452396], "author": {"tweeter_id": "1214232500664295424"}, "tweet_id": "1239338104630075392"}, {"license": "gnip", "citation_ids": [77452396], "author": {"tweeter_id": "1170744473166524417"}, "tweet_id": "1239338637420101635"}, {"license": "gnip", "citation_ids": [77452396], "author": {"tweeter_id": "1226454737542930432"}, "tweet_id": "1239339563698569221"}, {"license": "gnip", "citation_ids": [77452396], "author": {"tweeter_id": "910867367923662848"}, "tweet_id": "1239339971829469184"}, {"license": "gnip", "citation_ids": [77452396], "author": {"tweeter_id": "125454596"}, "tweet_id": "1239344643797630981"}, {"license": "gnip", "citation_ids": [77452396], "author": {"tweeter_id": "456396772"}, "tweet_id": "1239373741596889089"}, {"license": "gnip", "citation_ids": [77452396], "author": {"tweeter_id": "15021056"}, "tweet_id": "1239413768674664449"}, {"license": "gnip", "citation_ids": [77452396], "author": {"tweeter_id": "872107999892054017"}, "tweet_id": "1239461840255627264"}, {"license": "gnip", "citation_ids": [77452396], "author": {"tweeter_id": "851797856"}, "tweet_id": "1239484510837690368"}, {"license": "gnip", "citation_ids": [77452396], "author": {"tweeter_id": "73863251"}, "tweet_id": "1239531745751576576"}, {"license": "gnip", "citation_ids": [77452396], "author": {"tweeter_id": "2426189960"}, "tweet_id": "1239676555112185858"}, {"license": "gnip", "citation_ids": [77452396], "author": {"tweeter_id": "1226532587612594176"}, "tweet_id": "1239676724016820231"}, {"license": "gnip", "citation_ids": [77452396], "author": {"tweeter_id": "329368966"}, "tweet_id": "1239676882032959489"}, {"license": "gnip", "citation_ids": [77452396], "author": {"tweeter_id": "1197472679672070146"}, "tweet_id": "1239677274192056322"}, {"license": "gnip", "citation_ids": [77452396], "author": {"tweeter_id": "3270228794"}, "tweet_id": "1239678762645458944"}, {"license": "gnip", "citation_ids": [77452396], "author": {"tweeter_id": "477227478"}, "tweet_id": "1239678902773207040"}, {"license": "gnip", "citation_ids": [77452396], "author": {"tweeter_id": "2601871531"}, "tweet_id": "1239679758214053890"}, {"license": "gnip", "citation_ids": [77452396], "author": {"tweeter_id": "854728757159936000"}, "tweet_id": "1239679809413767168"}, {"license": "gnip", "citation_ids": [77452396], "author": {"tweeter_id": "1225775809446785024"}, "tweet_id": "1239680518943375361"}, {"license": "gnip", "citation_ids": [77452396], "author": {"tweeter_id": "58473383"}, "tweet_id": "1239680782765035522"}, {"license": "gnip", "citation_ids": [77452396], "author": {"tweeter_id": "80693776"}, "tweet_id": "1239680786946654208"}, {"license": "gnip", "citation_ids": [77452396], "author": {"tweeter_id": "4937061"}, "tweet_id": "1239681783421005825"}, {"license": "gnip", "citation_ids": [77452396], "author": {"tweeter_id": "22707692"}, "tweet_id": "1239682545358422022"}, {"license": "gnip", "citation_ids": [77452396], "author": {"tweeter_id": "137718722"}, "tweet_id": "1239683521582714885"}, {"license": "gnip", "citation_ids": [77452396], "author": {"tweeter_id": "1022438942610739200"}, "tweet_id": "1239684635413614593"}, {"license": "gnip", "citation_ids": [77452396], "author": {"tweeter_id": "988226695"}, "tweet_id": "1239686837188415489"}, {"license": "gnip", "citation_ids": [77452396], "author": {"tweeter_id": "58361723"}, "tweet_id": "1239687708693291008"}, {"license": "gnip", "citation_ids": [77452396], "author": {"tweeter_id": "771254544659468289"}, "tweet_id": "1239689279670018058"}, {"license": "gnip", "citation_ids": [77452396], "author": {"tweeter_id": "829504380030242817"}, "tweet_id": "1239689429943382017"}, {"license": "gnip", "citation_ids": [77452396], "author": {"tweeter_id": "14220692"}, "tweet_id": "1239692034010726400"}, {"license": "gnip", "citation_ids": [77452396], "author": {"tweeter_id": "832102581111382016"}, "tweet_id": "1239693085069545474"}, {"license": "gnip", "citation_ids": [77452396], "author": {"tweeter_id": "477287337"}, "tweet_id": "1239699279213662210"}, {"license": "gnip", "citation_ids": [77452396], "author": {"tweeter_id": "44644109"}, "tweet_id": "1239700689502289922"}, {"license": "gnip", "citation_ids": [77452396], "author": {"tweeter_id": "361457796"}, "tweet_id": "1239701967854764032"}, {"license": "gnip", "citation_ids": [77452396], "author": {"tweeter_id": "1222512444041547779"}, "tweet_id": "1239707446433718273"}, {"license": "gnip", "citation_ids": [77452396], "author": {"tweeter_id": "737450843637710848"}, "tweet_id": "1239718407735517184"}, {"license": "gnip", "citation_ids": [77452396], "author": {"tweeter_id": "296064957"}, "tweet_id": "1239722001318776834"}, {"license": "gnip", "citation_ids": [77452396], "author": {"tweeter_id": "2223291283"}, "tweet_id": "1239722535656144897"}, {"license": "gnip", "citation_ids": [77452396], "author": {"tweeter_id": "2273115470"}, "tweet_id": "1239725564216389634"}, {"license": "gnip", "citation_ids": [77452396], "author": {"tweeter_id": "4499826192"}, "tweet_id": "1239730759390248960"}, {"license": "gnip", "citation_ids": [77452396], "author": {"tweeter_id": "789152619218337792"}, "tweet_id": "1239734275567542277"}, {"license": "gnip", "citation_ids": [77452396], "author": {"tweeter_id": "30588028"}, "tweet_id": "1239744448268922880"}, {"license": "gnip", "citation_ids": [77452396], "author": {"tweeter_id": "97913256"}, "tweet_id": "1239744740222029825"}, {"license": "gnip", "citation_ids": [77452396], "author": {"tweeter_id": "23484683"}, "tweet_id": "1239746471156563968"}, {"license": "gnip", "citation_ids": [77452396], "author": {"tweeter_id": "745324584027598848"}, "tweet_id": "1239747823526182919"}, {"license": "gnip", "citation_ids": [77452396], "author": {"tweeter_id": "473325759"}, "tweet_id": "1239754025706213377"}, {"license": "gnip", "citation_ids": [77452396], "author": {"tweeter_id": "540413213"}, "tweet_id": "1239754297971060736"}, {"license": "gnip", "citation_ids": [77452396], "author": {"tweeter_id": "1918389234"}, "tweet_id": "1239754909534294016"}, {"license": "gnip", "citation_ids": [77452396], "author": {"tweeter_id": "776903299630968832"}, "tweet_id": "1239755318390743042"}, {"license": "gnip", "citation_ids": [77452396], "author": {"tweeter_id": "1210350606"}, "tweet_id": "1239758623028531200"}, {"license": "gnip", "citation_ids": [77452396], "author": {"tweeter_id": "1945742028"}, "tweet_id": "1239761388630724610"}, {"license": "gnip", "citation_ids": [77452396], "author": {"tweeter_id": "328179795"}, "tweet_id": "1239763030402977793"}, {"license": "gnip", "citation_ids": [77452396], "author": {"tweeter_id": "57559138"}, "tweet_id": "1239764218397642752"}, {"license": "gnip", "citation_ids": [77452396], "author": {"tweeter_id": "19972202"}, "tweet_id": "1239765389032259584"}, {"license": "gnip", "citation_ids": [77452396], "author": {"tweeter_id": "886284175380279301"}, "tweet_id": "1239765698248945664"}, {"license": "gnip", "citation_ids": [77452396], "author": {"tweeter_id": "71977357"}, "tweet_id": "1239768450760761344"}, {"license": "gnip", "citation_ids": [77452396], "author": {"tweeter_id": "4872635380"}, "tweet_id": "1239769130762469376"}, {"license": "gnip", "citation_ids": [77452396], "author": {"tweeter_id": "23041527"}, "tweet_id": "1239771568663912449"}, {"license": "gnip", "citation_ids": [77452396], "author": {"tweeter_id": "1134612438870085637"}, "tweet_id": "1239773405269889025"}, {"license": "gnip", "citation_ids": [77452396], "author": {"tweeter_id": "1225089362288873474"}, "tweet_id": "1239775218039750656"}, {"license": "gnip", "citation_ids": [77452396], "author": {"tweeter_id": "829211768698310658"}, "tweet_id": "1239777866382008320"}, {"license": "gnip", "citation_ids": [77452396], "author": {"tweeter_id": "170400911"}, "tweet_id": "1239779386741538816"}, {"license": "gnip", "citation_ids": [77452396], "author": {"tweeter_id": "1170744473166524417"}, "tweet_id": "1239786562239561728"}, {"license": "gnip", "citation_ids": [77452396], "author": {"tweeter_id": "2535654342"}, "tweet_id": "1239788151133966339"}, {"license": "gnip", "citation_ids": [77452396], "author": {"tweeter_id": "38287431"}, "tweet_id": "1239792249514442752"}, {"license": "gnip", "citation_ids": [77452396], "author": {"tweeter_id": "266252872"}, "tweet_id": "1239795264510021632"}, {"license": "gnip", "citation_ids": [77452396], "author": {"tweeter_id": "952851044253528064"}, "tweet_id": "1239795667767300098"}, {"license": "gnip", "citation_ids": [77452396], "author": {"tweeter_id": "2317665337"}, "tweet_id": "1239798294584459264"}, {"license": "gnip", "citation_ids": [77452396], "author": {"tweeter_id": "48459797"}, "tweet_id": "1239803112900030465"}, {"license": "gnip", "citation_ids": [77452396], "author": {"tweeter_id": "573243155"}, "tweet_id": "1239804509494415361"}, {"license": "gnip", "citation_ids": [77452396], "author": {"tweeter_id": "2733759094"}, "tweet_id": "1239804698456178689"}, {"license": "gnip", "citation_ids": [77452396], "author": {"tweeter_id": "872953108120326144"}, "tweet_id": "1239805209435504642"}, {"license": "gnip", "citation_ids": [77452396], "author": {"tweeter_id": "1081332826409222144"}, "tweet_id": "1239807324602195968"}, {"license": "gnip", "citation_ids": [77452396], "author": {"tweeter_id": "3283715899"}, "tweet_id": "1239807807894851586"}, {"license": "gnip", "citation_ids": [77452396], "author": {"tweeter_id": "874085209385443329"}, "tweet_id": "1239811555979603968"}, {"license": "gnip", "citation_ids": [77452396], "author": {"tweeter_id": "2759007703"}, "tweet_id": "1239821503320883200"}, {"license": "gnip", "citation_ids": [77452396], "author": {"tweeter_id": "796660043072606208"}, "tweet_id": "1239823722841702402"}, {"license": "gnip", "citation_ids": [77452396], "author": {"tweeter_id": "983878147685822464"}, "tweet_id": "1239825732232241152"}, {"license": "gnip", "citation_ids": [77452396], "author": {"tweeter_id": "801479999899500544"}, "tweet_id": "1239826469112643584"}, {"license": "gnip", "citation_ids": [77452396], "author": {"tweeter_id": "13121172"}, "tweet_id": "1239839588530573319"}, {"license": "gnip", "citation_ids": [77452396], "author": {"tweeter_id": "1032001505157689344"}, "tweet_id": "1239849255952678912"}, {"license": "gnip", "citation_ids": [77452396], "author": {"tweeter_id": "490296229"}, "tweet_id": "1239857305186791426"}, {"license": "gnip", "citation_ids": [77452396], "author": {"tweeter_id": "1901928318"}, "tweet_id": "1239858169146466304"}, {"license": "gnip", "citation_ids": [77452396], "author": {"tweeter_id": "894348080"}, "tweet_id": "1239858430392897536"}, {"license": "gnip", "citation_ids": [77452396], "author": {"tweeter_id": "701010684700663808"}, "tweet_id": "1239861926219284480"}, {"license": "gnip", "citation_ids": [77452396], "author": {"tweeter_id": "1662900835"}, "tweet_id": "1239865210263011328"}, {"license": "gnip", "citation_ids": [77452396], "author": {"tweeter_id": "262056087"}, "tweet_id": "1239866421343064065"}, {"license": "gnip", "citation_ids": [77452396], "author": {"tweeter_id": "863239837817552896"}, "tweet_id": "1239868309245329408"}, {"license": "gnip", "citation_ids": [77452396], "author": {"tweeter_id": "734072127058550785"}, "tweet_id": "1239871966343041025"}, {"license": "gnip", "citation_ids": [77452396], "author": {"tweeter_id": "20275809"}, "tweet_id": "1239874403808272384"}, {"license": "gnip", "citation_ids": [77452396], "author": {"tweeter_id": "1323310770"}, "tweet_id": "1239874640627093504"}, {"license": "gnip", "citation_ids": [77452396], "author": {"tweeter_id": "23367304"}, "tweet_id": "1239875121751310337"}, {"license": "gnip", "citation_ids": [77452396], "author": {"tweeter_id": "250655665"}, "tweet_id": "1239875268254347265"}, {"license": "gnip", "citation_ids": [77452396], "author": {"tweeter_id": "45588202"}, "tweet_id": "1239880049349754880"}, {"license": "gnip", "citation_ids": [77452396], "author": {"tweeter_id": "3839472135"}, "tweet_id": "1239882013689118721"}, {"license": "gnip", "citation_ids": [77452396], "author": {"tweeter_id": "400156899"}, "tweet_id": "1239887561063043073"}, {"license": "gnip", "citation_ids": [77452396], "author": {"tweeter_id": "1002360296223096834"}, "tweet_id": "1239890237989543938"}, {"license": "gnip", "citation_ids": [77452396], "author": {"tweeter_id": "3536755277"}, "tweet_id": "1239890305274523653"}, {"license": "gnip", "citation_ids": [77452396], "author": {"tweeter_id": "3937263083"}, "tweet_id": "1239890544958078979"}, {"license": "gnip", "citation_ids": [77452396], "author": {"tweeter_id": "55361228"}, "tweet_id": "1239891277589569538"}, {"license": "gnip", "citation_ids": [77452396], "author": {"tweeter_id": "939505161940144128"}, "tweet_id": "1239891375610458112"}, {"license": "gnip", "citation_ids": [77452396], "author": {"tweeter_id": "153430121"}, "tweet_id": "1239891448629248008"}, {"license": "gnip", "citation_ids": [77452396], "author": {"tweeter_id": "263981499"}, "tweet_id": "1239892396495851520"}, {"license": "gnip", "citation_ids": [77452396], "author": {"tweeter_id": "712385480562774016"}, "tweet_id": "1239895167924043776"}, {"license": "gnip", "citation_ids": [77452396], "author": {"tweeter_id": "332356421"}, "tweet_id": "1239895402666745858"}, {"license": "gnip", "citation_ids": [77452396], "author": {"tweeter_id": "18033503"}, "tweet_id": "1239896022492512256"}, {"license": "gnip", "citation_ids": [77452396], "author": {"tweeter_id": "2433516463"}, "tweet_id": "1239896982585593856"}, {"license": "gnip", "citation_ids": [77452396], "author": {"tweeter_id": "121303996"}, "tweet_id": "1239897309984387072"}, {"license": "gnip", "citation_ids": [77452396], "author": {"tweeter_id": "325856719"}, "tweet_id": "1239899075794751489"}, {"license": "gnip", "citation_ids": [77452396], "author": {"tweeter_id": "762424146"}, "tweet_id": "1239900114283565056"}, {"license": "gnip", "citation_ids": [77452396], "author": {"tweeter_id": "1130217759051264002"}, "tweet_id": "1239902497969508353"}, {"license": "gnip", "citation_ids": [77452396], "author": {"tweeter_id": "273257948"}, "tweet_id": "1239902654261866496"}, {"license": "gnip", "citation_ids": [77452396], "author": {"tweeter_id": "166714138"}, "tweet_id": "1239903546277060608"}, {"license": "gnip", "citation_ids": [77452396], "author": {"tweeter_id": "2266556515"}, "tweet_id": "1239903735637311488"}, {"license": "gnip", "citation_ids": [77452396], "author": {"tweeter_id": "527486643"}, "tweet_id": "1239906692642394114"}, {"license": "gnip", "citation_ids": [77452396], "author": {"tweeter_id": "964199463903531008"}, "tweet_id": "1239906783134535680"}, {"license": "gnip", "citation_ids": [77452396], "author": {"tweeter_id": "2680194549"}, "tweet_id": "1239909812319772681"}, {"license": "gnip", "citation_ids": [77452396], "author": {"tweeter_id": "762983942177759233"}, "tweet_id": "1239910328063819777"}, {"license": "gnip", "citation_ids": [77452396], "author": {"tweeter_id": "45119851"}, "tweet_id": "1239911726310723584"}, {"license": "gnip", "citation_ids": [77452396], "author": {"tweeter_id": "997823606"}, "tweet_id": "1239913581384089600"}, {"license": "gnip", "citation_ids": [77452396], "author": {"tweeter_id": "48906294"}, "tweet_id": "1239914030602629121"}, {"license": "gnip", "citation_ids": [77452396], "author": {"tweeter_id": "796399856453459968"}, "tweet_id": "1239919112828014592"}, {"license": "gnip", "citation_ids": [77452396], "author": {"tweeter_id": "1223683118483353611"}, "tweet_id": "1239921125020188675"}, {"license": "gnip", "citation_ids": [77452396], "author": {"tweeter_id": "2284505257"}, "tweet_id": "1239921165524537346"}, {"license": "gnip", "citation_ids": [77452396], "author": {"tweeter_id": "1857320455"}, "tweet_id": "1239921341358276610"}, {"license": "gnip", "citation_ids": [77452396], "author": {"tweeter_id": "3318393619"}, "tweet_id": "1239921997263458305"}, {"license": "gnip", "citation_ids": [77452396], "author": {"tweeter_id": "911280399032229888"}, "tweet_id": "1239924689385947136"}, {"license": "gnip", "citation_ids": [77452396], "author": {"tweeter_id": "1072542013172670464"}, "tweet_id": "1239925752801431552"}, {"license": "gnip", "citation_ids": [77452396], "author": {"tweeter_id": "81714813"}, "tweet_id": "1239926011178782721"}, {"license": "gnip", "citation_ids": [77452396], "author": {"tweeter_id": "51489829"}, "tweet_id": "1239928609764265986"}, {"license": "gnip", "citation_ids": [77452396], "author": {"tweeter_id": "57642339"}, "tweet_id": "1239928984386899978"}, {"license": "gnip", "citation_ids": [77452396], "author": {"tweeter_id": "2427159951"}, "tweet_id": "1239929266793377792"}, {"license": "gnip", "citation_ids": [77452396], "author": {"tweeter_id": "2324917394"}, "tweet_id": "1239930555267002369"}, {"license": "gnip", "citation_ids": [77452396], "author": {"tweeter_id": "14849852"}, "tweet_id": "1239932948880732161"}, {"license": "gnip", "citation_ids": [77452396], "author": {"tweeter_id": "73199399"}, "tweet_id": "1239932960167485440"}, {"license": "gnip", "citation_ids": [77452396], "author": {"tweeter_id": "780387345124167680"}, "tweet_id": "1239934863077191680"}, {"license": "gnip", "citation_ids": [77452396], "author": {"tweeter_id": "2198842652"}, "tweet_id": "1239935559084068864"}, {"license": "gnip", "citation_ids": [77452396], "author": {"tweeter_id": "18006752"}, "tweet_id": "1239936498700410886"}, {"license": "gnip", "citation_ids": [77452396], "author": {"tweeter_id": "1238726090455011330"}, "tweet_id": "1239937008199323649"}, {"license": "gnip", "citation_ids": [77452396], "author": {"tweeter_id": "1723260373"}, "tweet_id": "1239939444486135813"}, {"license": "gnip", "citation_ids": [77452396], "author": {"tweeter_id": "977543461"}, "tweet_id": "1239939607308972032"}, {"license": "gnip", "citation_ids": [77452396], "author": {"tweeter_id": "44983352"}, "tweet_id": "1239940634154278918"}, {"license": "gnip", "citation_ids": [77452396], "author": {"tweeter_id": "432779977"}, "tweet_id": "1239943644674584576"}, {"license": "gnip", "citation_ids": [77452396], "author": {"tweeter_id": "17433545"}, "tweet_id": "1239945127465869319"}, {"license": "gnip", "citation_ids": [77452396], "author": {"tweeter_id": "996797781795844102"}, "tweet_id": "1239951960742211584"}, {"license": "gnip", "citation_ids": [77452396], "author": {"tweeter_id": "714720425801084930"}, "tweet_id": "1239954971698835456"}, {"license": "gnip", "citation_ids": [77452396], "author": {"tweeter_id": "3434305366"}, "tweet_id": "1239955348359970816"}, {"license": "gnip", "citation_ids": [77452396], "author": {"tweeter_id": "893331068"}, "tweet_id": "1239957405720551425"}, {"license": "gnip", "citation_ids": [77452396], "author": {"tweeter_id": "1049560369"}, "tweet_id": "1239959706132766721"}, {"license": "gnip", "citation_ids": [77452396], "author": {"tweeter_id": "800774948583182336"}, "tweet_id": "1239959956566102016"}, {"license": "gnip", "citation_ids": [77452396], "author": {"tweeter_id": "14132865"}, "tweet_id": "1239965266236198914"}, {"license": "gnip", "citation_ids": [77452396], "author": {"tweeter_id": "19414346"}, "tweet_id": "1239971463215501313"}, {"license": "gnip", "citation_ids": [77452396], "author": {"tweeter_id": "99408825"}, "tweet_id": "1239971525580607489"}, {"license": "gnip", "citation_ids": [77452396], "author": {"tweeter_id": "2266841402"}, "tweet_id": "1239972665902772227"}, {"license": "gnip", "citation_ids": [77452396], "author": {"tweeter_id": "309558781"}, "tweet_id": "1239974787331452928"}, {"license": "gnip", "citation_ids": [77452396], "author": {"tweeter_id": "140166872"}, "tweet_id": "1239981640723525634"}, {"license": "gnip", "citation_ids": [77452396], "author": {"tweeter_id": "75948134"}, "tweet_id": "1239987612468772865"}, {"license": "gnip", "citation_ids": [77452396], "author": {"tweeter_id": "18192777"}, "tweet_id": "1239990094099959809"}, {"license": "gnip", "citation_ids": [77452396], "author": {"tweeter_id": "423040124"}, "tweet_id": "1239990338372210689"}, {"license": "gnip", "citation_ids": [77452396], "author": {"tweeter_id": "131056491"}, "tweet_id": "1239993702443089921"}, {"license": "gnip", "citation_ids": [77452396], "author": {"tweeter_id": "318240030"}, "tweet_id": "1239995821111652357"}, {"license": "gnip", "citation_ids": [77452396], "author": {"tweeter_id": "812508313610895360"}, "tweet_id": "1239996944543404032"}, {"license": "gnip", "citation_ids": [77452396], "author": {"tweeter_id": "1911956732"}, "tweet_id": "1239997838236540928"}, {"license": "gnip", "citation_ids": [77452396], "author": {"tweeter_id": "413832534"}, "tweet_id": "1239999717825806336"}, {"license": "gnip", "citation_ids": [77452396], "author": {"tweeter_id": "1911956732"}, "tweet_id": "1240001243294191616"}, {"license": "gnip", "citation_ids": [77452396], "author": {"tweeter_id": "1911956732"}, "tweet_id": "1240001872896851970"}, {"license": "gnip", "citation_ids": [77452396], "author": {"tweeter_id": "1450812338"}, "tweet_id": "1240004496891064321"}, {"license": "gnip", "citation_ids": [77452396], "author": {"tweeter_id": "1602173694"}, "tweet_id": "1240009589778759682"}, {"license": "gnip", "citation_ids": [77452396], "author": {"tweeter_id": "205782980"}, "tweet_id": "1240015749235826695"}, {"license": "gnip", "citation_ids": [77452396], "author": {"tweeter_id": "174771928"}, "tweet_id": "1240026568719663104"}, {"license": "gnip", "citation_ids": [77452396], "author": {"tweeter_id": "628319014"}, "tweet_id": "1240031638383480833"}, {"license": "gnip", "citation_ids": [77452396], "author": {"tweeter_id": "205223342"}, "tweet_id": "1240041201342058497"}, {"license": "gnip", "citation_ids": [77452396], "author": {"tweeter_id": "1063144175779012608"}, "tweet_id": "1240041567445893120"}, {"license": "gnip", "citation_ids": [77452396], "author": {"tweeter_id": "868408427638337538"}, "tweet_id": "1240045193811955714"}, {"license": "gnip", "citation_ids": [77452396], "author": {"tweeter_id": "6287082"}, "tweet_id": "1240068004723011589"}, {"license": "gnip", "citation_ids": [77452396], "author": {"tweeter_id": "15367365"}, "tweet_id": "1240095186027339777"}, {"license": "gnip", "citation_ids": [77452396], "author": {"tweeter_id": "129284444"}, "tweet_id": "1240096261564497920"}, {"license": "gnip", "citation_ids": [77452396], "author": {"tweeter_id": "907419378961940480"}, "tweet_id": "1240102308370759682"}, {"license": "gnip", "citation_ids": [77452396], "author": {"tweeter_id": "40923810"}, "tweet_id": "1240104625170264064"}, {"license": "gnip", "citation_ids": [77452396], "author": {"tweeter_id": "798290430936891392"}, "tweet_id": "1240131605575892994"}, {"license": "gnip", "citation_ids": [77452396], "author": {"tweeter_id": "2905994385"}, "tweet_id": "1240140773003350020"}, {"license": "gnip", "citation_ids": [77452396], "author": {"tweeter_id": "83440337"}, "tweet_id": "1240233312658042883"}, {"license": "gnip", "citation_ids": [77452396], "author": {"tweeter_id": "1186693648466903040"}, "tweet_id": "1240234255042506752"}, {"license": "gnip", "citation_ids": [77452396], "author": {"tweeter_id": "1186693648466903040"}, "tweet_id": "1240235045173915650"}, {"license": "gnip", "citation_ids": [77452396], "author": {"tweeter_id": "19851362"}, "tweet_id": "1240236686828806145"}, {"license": "gnip", "citation_ids": [77452396], "author": {"tweeter_id": "3362021133"}, "tweet_id": "1240242227055595520"}, {"license": "gnip", "citation_ids": [77452396], "author": {"tweeter_id": "47558070"}, "tweet_id": "1240252468799385600"}], "news": [{"title": "'It's Taking Up My Entire Day': Hospitals Prepare For A Possible Wave Of Critical Coronavirus Patients", "url": "http://ct.moreover.com/?a=41634204122&p=1pl&v=1&x=N-_bMf5tJ8wBzffGbIGIJw", "license": "public", "citation_ids": [77452396], "posted_on": "2020-03-16T05:31:30+00:00", "summary": "Tufts Medical Center doesn\u2019t look \u201cvery different yet,\u201d says Dr. Shira Doron, the hospital\u2019s epidemiologist.", "author": {"name": "WBUR", "url": "http://www.wbur.org/", "image": "https://s3.amazonaws.com/weyland.altmetric.com/news_sources/logos/000/001/604/normal/Screen_Shot_2016-01-07_at_09.58.50.png?1452160764"}}, {"title": "Are U.S. Hospitals Ready?", "url": "http://ct.moreover.com/?a=41647215923&p=1pl&v=1&x=FnJN5qjhz9qMoD5w8ez5Iw", "license": "public", "citation_ids": [77453877, 77452396], "posted_on": "2020-03-17T17:47:00+00:00", "summary": "Medstar Washington Hospital Center in Washington D.C. is in full-on preparation mode.", "author": {"name": "SDPB Radio", "url": "http://listen.sdpb.org", "image": "https://s3.amazonaws.com/weyland.altmetric.com/news_sources/logos/000/001/750/normal/Screen_Shot_2016-01-26_at_16.21.56.png?1453825366"}}, {"title": "Are U.S. Hospitals Ready?", "url": "http://ct.moreover.com/?a=41647223519&p=1pl&v=1&x=eOZ23KcW8D0SGAsBAS4LDw", "license": "public", "citation_ids": [77453877, 77452396], "posted_on": "2020-03-17T17:47:45+00:00", "summary": "Medstar Washington Hospital Center in Washington D.C. is in full-on preparation mode.", "author": {"name": "NPR", "url": "http://www.npr.org/", "image": "https://s3.amazonaws.com/weyland.altmetric.com/news_sources/logos/000/000/039/normal/npr.png?1369846931"}}, {"title": "Are U.S. Hospitals Ready?", "url": "http://ct.moreover.com/?a=41647244134&p=1pl&v=1&x=yj0AClzWA95aMITh83D1ew", "license": "public", "citation_ids": [77453877, 77452396], "posted_on": "2020-03-17T17:47:00+00:00", "summary": "Medstar Washington Hospital Center in Washington D.C. is in full-on preparation mode.", "author": {"name": "New Hampshire Public Radio", "url": "http://nhpr.org/", "image": "https://s3.amazonaws.com/weyland.altmetric.com/news_sources/logos/000/001/546/normal/Screen_Shot_2016-01-06_at_16.30.24.png?1452097850"}}, {"title": "Are U.S. Hospitals Ready?", "url": "http://ct.moreover.com/?a=41647283520&p=1pl&v=1&x=lMgnDtpTvnJ2FkyOsz3p2g", "license": "public", "citation_ids": [77453877, 77452396], "posted_on": "2020-03-17T17:57:45+00:00", "summary": "Medstar Washington Hospital Center in Washington D.C. is in full-on preparation mode.", "author": {"name": "WUWM", "url": "http://wuwm.com", "image": "https://s3.amazonaws.com/weyland.altmetric.com/news_sources/logos/000/001/743/normal/Screen_Shot_2016-01-26_at_16.13.49.png?1453824845"}}, {"title": "Are U.S. Hospitals Ready?", "url": "http://ct.moreover.com/?a=41647291182&p=1pl&v=1&x=1drRIjoWGBGEolxYKKyb2A", "license": "public", "citation_ids": [77453877, 77452396], "posted_on": "2020-03-17T18:09:48+00:00", "summary": "Medstar Washington Hospital Center in Washington D.C. is in full-on preparation mode.", "author": {"name": "Oregon Public Broadcasting", "url": "http://www.opb.org/", "image": "https://s3.amazonaws.com/weyland.altmetric.com/news_sources/logos/000/001/548/normal/Screen_Shot_2016-01-06_at_16.34.27.png?1452098090"}}, {"title": "Are U.S. Hospitals Ready?", "url": "http://ct.moreover.com/?a=41647316851&p=1pl&v=1&x=ov9kUlrY3mGbJhYLkMz8Zg", "license": "public", "citation_ids": [77453877, 77452396], "posted_on": "2020-03-17T17:47:00+00:00", "summary": "Medstar Washington Hospital Center in Washington D.C. is in full-on preparation mode.", "author": {"name": "Public Radio East", "url": "https://www.publicradioeast.org", "image": "https://s3.amazonaws.com/weyland.altmetric.com/news_sources/logos/000/003/738/normal/north.png?1571384562"}}, {"title": "Are U.S. Hospitals Ready?", "url": "http://ct.moreover.com/?a=41647317079&p=1pl&v=1&x=NTu94mk5ek9u44PR49z0-w", "license": "public", "citation_ids": [77453877, 77452396], "posted_on": "2020-03-17T18:12:00+00:00", "summary": "Medstar Washington Hospital Center in Washington D.C. is in full-on preparation mode.", "author": {"name": "WJCT", "url": "http://news.wjct.org/", "image": "https://s3.amazonaws.com/weyland.altmetric.com/news_sources/logos/000/001/831/normal/Screen_Shot_2016-01-27_at_10.54.11.png?1453892153"}}, {"title": "Are U.S. Hospitals Ready?", "url": "http://ct.moreover.com/?a=41647325995&p=1pl&v=1&x=2YaSC8O95cJwNYMcmfAbvg", "license": "public", "citation_ids": [77453877, 77452396], "posted_on": "2020-03-17T18:02:46+00:00", "summary": "Medstar Washington Hospital Center in Washington D.C. is in full-on preparation mode.", "author": {"name": "New England Public Radio", "url": "http://nepr.net/", "image": "https://s3.amazonaws.com/weyland.altmetric.com/news_sources/logos/000/001/817/normal/Screen_Shot_2016-01-27_at_10.25.47.png?1453890466"}}, {"title": "Are U.S. Hospitals Ready?", "url": "http://ct.moreover.com/?a=41647372188&p=1pl&v=1&x=FHeF8kS_VofupJcH6E--9w", "license": "public", "citation_ids": [77453877, 77452396], "posted_on": "2020-03-17T18:23:15+00:00", "summary": "Medstar Washington Hospital Center in Washington D.C. is in full-on preparation mode.", "author": {"name": "North East Public Radio", "url": "http://wamc.org/#stream/0", "image": "https://s3.amazonaws.com/weyland.altmetric.com/news_sources/logos/000/001/773/normal/Screen_Shot_2016-01-26_at_16.58.11.png?1453827500"}}, {"title": "Are U.S. Hospitals Ready?", "url": "http://ct.moreover.com/?a=41647379573&p=1pl&v=1&x=eSrbQVcbEPPNHRHEnKymIw", "license": "public", "citation_ids": [77453877, 77452396], "posted_on": "2020-03-17T18:24:25+00:00", "summary": "Medstar Washington Hospital Center in Washington D.C. is in full-on preparation mode.", "author": {"name": "KOSU", "url": "http://kosu.org/", "image": "https://s3.amazonaws.com/weyland.altmetric.com/news_sources/logos/000/002/403/normal/Screen_Shot_2016-03-31_at_13.53.03.png?1459428853"}}, {"title": "Are U.S. Hospitals Ready?", "url": "http://ct.moreover.com/?a=41647409859&p=1pl&v=1&x=138dva01TlHLZ3BgkrLMGA", "license": "public", "citation_ids": [77453877, 77452396], "posted_on": "2020-03-17T18:12:00+00:00", "summary": "Medstar Washington Hospital Center in Washington D.C. is in full-on preparation mode.", "author": {"name": "WKAR", "url": "http://wkar.org/#stream/0", "image": "https://s3.amazonaws.com/weyland.altmetric.com/news_sources/logos/000/001/807/normal/Screen_Shot_2016-01-27_at_10.03.31.png?1453889040"}}, {"title": "Are U.S. Hospitals Ready?", "url": "http://ct.moreover.com/?a=41647448879&p=1pl&v=1&x=JXWRq6f89Y6YHhsu_Du1wQ", "license": "public", "citation_ids": [77453877, 77452396], "posted_on": "2020-03-17T17:57:00+00:00", "summary": "Medstar Washington Hospital Center in Washington D.C. is in full-on preparation mode.", "author": {"name": "WCBE ", "url": "http://wcbe.org/#stream/0", "image": "https://s3.amazonaws.com/weyland.altmetric.com/news_sources/logos/000/001/764/normal/Screen_Shot_2016-02-02_at_14.49.15.png?1454424567"}}, {"title": "Are U.S. Hospitals Ready?", "url": "http://ct.moreover.com/?a=41647451232&p=1pl&v=1&x=YCKmYqOKw0Z-Jd9E3J_FwA", "license": "public", "citation_ids": [77453877, 77452396], "posted_on": "2020-03-17T17:57:00+00:00", "summary": "Medstar Washington Hospital Center in Washington D.C. is in full-on preparation mode.", "author": {"name": "Northeastern Indiana Public Radio ", "url": "http://wboi.org/#stream/0", "image": "https://s3.amazonaws.com/weyland.altmetric.com/news_sources/logos/000/001/791/normal/Screen_Shot_2016-01-27_at_09.28.27.png?1453886926"}}, {"title": "Are U.S. Hospitals Ready?", "url": "http://ct.moreover.com/?a=41647460562&p=1pl&v=1&x=4G9jYYWOvBkxOjtum3fEuQ", "license": "public", "citation_ids": [77453877, 77452396], "posted_on": "2020-03-17T17:59:00+00:00", "summary": "Medstar Washington Hospital Center in Washington D.C. is in full-on preparation mode.", "author": {"name": "Tri States Public Radio", "url": "http://tspr.org", "image": "https://s3.amazonaws.com/weyland.altmetric.com/news_sources/logos/000/001/754/normal/Screen_Shot_2016-01-26_at_16.27.17.png?1453825668"}}, {"title": "Are U.S. Hospitals Ready?", "url": "http://ct.moreover.com/?a=41647475211&p=1pl&v=1&x=YWXK8omGe9CjdettByG47g", "license": "public", "citation_ids": [77453877, 77452396], "posted_on": "2020-03-17T17:57:00+00:00", "summary": "Medstar Washington Hospital Center in Washington D.C. is in full-on preparation mode.", "author": {"name": "The Cape, Coast and Islands NPR Station", "url": "https://www.capeandislands.org", "image": "https://s3.amazonaws.com/weyland.altmetric.com/news_sources/logos/000/003/620/normal/wcai.png?1571044820"}}, {"title": "Are U.S. Hospitals Ready?", "url": "http://ct.moreover.com/?a=41647476342&p=1pl&v=1&x=9w3pD9sL8C46HUjYTu-khA", "license": "public", "citation_ids": [77453877, 77452396], "posted_on": "2020-03-17T18:16:00+00:00", "summary": "Medstar Washington Hospital Center in Washington D.C. is in full-on preparation mode.", "author": {"name": "WLRN", "url": "http://wlrn.org/", "image": "https://s3.amazonaws.com/weyland.altmetric.com/news_sources/logos/000/001/610/normal/Screen_Shot_2016-01-07_at_10.05.28.png?1452161158"}}, {"title": "Are U.S. Hospitals Ready?", "url": "http://ct.moreover.com/?a=41647476862&p=1pl&v=1&x=0LVooCPtbgQi1bWcBs7GLA", "license": "public", "citation_ids": [77453877, 77452396], "posted_on": "2020-03-17T17:47:00+00:00", "summary": "Medstar Washington Hospital Center in Washington D.C. is in full-on preparation mode.", "author": {"name": "KPBS", "url": "http://www.kpbs.org/", "image": "https://s3.amazonaws.com/weyland.altmetric.com/news_sources/logos/000/000/552/normal/Screen_Shot_2016-01-27_at_16.26.28.png?1453912045"}}, {"title": "Are U.S. Hospitals Ready?", "url": "http://ct.moreover.com/?a=41647516968&p=1pl&v=1&x=mZLHcYu_qOGKt1jQl6ohmg", "license": "public", "citation_ids": [77453877, 77452396], "posted_on": "2020-03-17T18:16:00+00:00", "summary": "Medstar Washington Hospital Center in Washington D.C. is in full-on preparation mode.", "author": {"name": "Northern Public Radio", "url": "http://northernpublicradio.org/", "image": "https://s3.amazonaws.com/weyland.altmetric.com/news_sources/logos/000/001/774/normal/Screen_Shot_2016-01-26_at_16.59.50.png?1453827603"}}, {"title": "Are U.S. Hospitals Ready?", "url": "http://ct.moreover.com/?a=41647521729&p=1pl&v=1&x=-LZM5gBciAZcTKQxn_WZ7w", "license": "public", "citation_ids": [77453877, 77452396], "posted_on": "2020-03-17T18:16:00+00:00", "summary": "Medstar Washington Hospital Center in Washington D.C. is in full-on preparation mode.", "author": {"name": "Wyoming Public Radio", "url": "http://wyomingpublicmedia.org/", "image": "https://s3.amazonaws.com/weyland.altmetric.com/news_sources/logos/000/001/770/normal/Screen_Shot_2016-01-26_at_16.54.31.png?1453827302"}}, {"title": "Are U.S. Hospitals Ready?", "url": "http://ct.moreover.com/?a=41647545475&p=1pl&v=1&x=Ayi6GiEMgVp3FSmENTVuhA", "license": "public", "citation_ids": [77453877, 77452396], "posted_on": "2020-03-17T18:51:57+00:00", "summary": "Medstar Washington Hospital Center in Washington D.C. is in full-on preparation mode.", "author": {"name": "WRKF", "url": "http://wrkf.org/#stream/0", "image": "https://s3.amazonaws.com/weyland.altmetric.com/news_sources/logos/000/001/818/normal/Screen_Shot_2016-01-27_at_10.30.22.png?1453890641"}}, {"title": "Are U.S. Hospitals Ready?", "url": "http://feedproxy.google.com/~r/GPBNewsFeed/~3/E5DAN0A9FcI/are-us-hospitals-ready", "license": "public", "citation_ids": [77453877, 77452396], "posted_on": "2020-03-17T18:12:00+00:00", "summary": "Medstar Washington Hospital Center in Washington D.C. is in full-on preparation mode.", "author": {"name": "Georgia Public Radio", "url": "http://www.gpb.org/news", "image": "https://s3.amazonaws.com/weyland.altmetric.com/news_sources/logos/000/001/059/normal/Screen_Shot_2014-07-23_at_17.26.12.png?1406132829"}}, {"title": "Are U.S. Hospitals Ready?", "url": "http://ct.moreover.com/?a=41647562562&p=1pl&v=1&x=Csh_5-567bKEkN_hJ8GRQA", "license": "public", "citation_ids": [77453877, 77452396], "posted_on": "2020-03-17T18:54:10+00:00", "summary": "Medstar Washington Hospital Center in Washington D.C. is in full-on preparation mode.", "author": {"name": "Interlochen Public Radio", "url": "http://interlochenpublicradio.org/", "image": "https://s3.amazonaws.com/weyland.altmetric.com/news_sources/logos/000/001/810/normal/Screen_Shot_2016-01-27_at_10.10.48.png?1453889494"}}, {"title": "Are U.S. Hospitals Ready?", "url": "http://ct.moreover.com/?a=41647571895&p=1pl&v=1&x=s8HPitn4HIlOmViBo-zm1w", "license": "public", "citation_ids": [77453877, 77452396], "posted_on": "2020-03-17T18:16:00+00:00", "summary": "Medstar Washington Hospital Center in Washington D.C. is in full-on preparation mode.", "author": {"name": "WUNC", "url": "http://wunc.org/#stream/0", "image": "https://s3.amazonaws.com/weyland.altmetric.com/news_sources/logos/000/001/617/normal/Screen_Shot_2016-01-07_at_10.11.24.png?1452161526"}}, {"title": "Are U.S. Hospitals Ready?", "url": "http://ct.moreover.com/?a=41647589456&p=1pl&v=1&x=3n_sVccSrviWxxuGNx3JJA", "license": "public", "citation_ids": [77453877, 77452396], "posted_on": "2020-03-17T18:16:00+00:00", "summary": "Medstar Washington Hospital Center in Washington D.C. is in full-on preparation mode.", "author": {"name": "WVTF", "url": "http://wvtf.org", "image": "https://s3.amazonaws.com/weyland.altmetric.com/news_sources/logos/000/002/444/normal/Screen_Shot_2016-04-13_at_14.26.18.png?1460553999"}}, {"title": "Are U.S. Hospitals Ready?", "url": "http://ct.moreover.com/?a=41647610038&p=1pl&v=1&x=Kycv3mBOWx2FIs2UpBpC1g", "license": "public", "citation_ids": [77453877, 77452396], "posted_on": "2020-03-17T18:16:00+00:00", "summary": "Medstar Washington Hospital Center in Washington D.C. is in full-on preparation mode.", "author": {"name": "The University of New Orleans Public Radio ", "url": "http://wwno.org/", "image": "https://s3.amazonaws.com/weyland.altmetric.com/news_sources/logos/000/001/785/normal/Screen_Shot_2016-01-26_at_17.18.43.png?1453828763"}}, {"title": "Are U.S. Hospitals Ready?", "url": "http://ct.moreover.com/?a=41647627908&p=1pl&v=1&x=8-vJsDlmVSyoN3fiMRs8tA", "license": "public", "citation_ids": [77453877, 77452396], "posted_on": "2020-03-17T18:16:00+00:00", "summary": "Medstar Washington Hospital Center in Washington D.C. is in full-on preparation mode.", "author": {"name": "Delmarva Public Radio", "url": "http://delmarvapublicradio.net/", "image": "https://s3.amazonaws.com/weyland.altmetric.com/news_sources/logos/000/002/445/normal/Screen_Shot_2016-04-13_at_14.33.07.png?1460554463"}}, {"title": "Are U.S. Hospitals Ready?", "url": "http://ct.moreover.com/?a=41647631185&p=1pl&v=1&x=XPZUTufKHLiSStB-UAZy9w", "license": "public", "citation_ids": [77453877, 77452396], "posted_on": "2020-03-17T18:16:00+00:00", "summary": "Medstar Washington Hospital Center in Washington D.C. is in full-on preparation mode.", "author": {"name": "WVXU", "url": "http://wvxu.org", "image": "https://s3.amazonaws.com/weyland.altmetric.com/news_sources/logos/000/002/401/normal/Screen_Shot_2016-03-31_at_13.45.29.png?1459428359"}}, {"title": "Are U.S. Hospitals Ready?", "url": "http://ct.moreover.com/?a=41647650500&p=1pl&v=1&x=_Xx_NxHdPgQkBU5Avvcyng", "license": "public", "citation_ids": [77453877, 77452396], "posted_on": "2020-03-17T18:16:00+00:00", "summary": "Medstar Washington Hospital Center in Washington D.C. is in full-on preparation mode.", "author": {"name": "WXPR", "url": "http://wxpr.org/", "image": "https://s3.amazonaws.com/weyland.altmetric.com/news_sources/logos/000/001/787/normal/Screen_Shot_2016-01-26_at_17.21.04.png?1453828891"}}, {"title": "Are U.S. Hospitals Ready?", "url": "http://ct.moreover.com/?a=41647651088&p=1pl&v=1&x=jURmMUiY9gxMT8hBl9folg", "license": "public", "citation_ids": [77453877, 77452396], "posted_on": "2020-03-17T18:16:00+00:00", "summary": "Medstar Washington Hospital Center in Washington D.C. is in full-on preparation mode.", "author": {"name": "Kansas Public Radio", "url": "http://kansaspublicradio.org/", "image": "https://s3.amazonaws.com/weyland.altmetric.com/news_sources/logos/000/001/508/normal/Screen_Shot_2016-01-06_at_15.30.30.png?1452094246"}}, {"title": "Are U.S. Hospitals Ready?", "url": "http://ct.moreover.com/?a=41647652058&p=1pl&v=1&x=4-dNCS2B26J1_HZ7bC3Tkw", "license": "public", "citation_ids": [77453877, 77452396], "posted_on": "2020-03-17T18:16:00+00:00", "summary": "Medstar Washington Hospital Center in Washington D.C. is in full-on preparation mode.", "author": {"name": "Boise State Public Radio", "url": "http://boisestatepublicradio.org/", "image": "https://s3.amazonaws.com/weyland.altmetric.com/news_sources/logos/000/001/755/normal/Screen_Shot_2016-01-26_at_16.28.16.png?1453825727"}}, {"title": "Are U.S. Hospitals Ready?", "url": "http://ct.moreover.com/?a=41647669683&p=1pl&v=1&x=EFbIl_3PJyCGG5oBhCaFkw", "license": "public", "citation_ids": [77453877, 77452396], "posted_on": "2020-03-17T18:16:00+00:00", "summary": "Medstar Washington Hospital Center in Washington D.C. is in full-on preparation mode.", "author": {"name": "Kansas City University Radio", "url": "http://kcur.org/", "image": "https://s3.amazonaws.com/weyland.altmetric.com/news_sources/logos/000/001/509/normal/Screen_Shot_2016-01-06_at_15.32.22.png?1452094357"}}, {"title": "Are U.S. Hospitals Ready?", "url": "http://ct.moreover.com/?a=41647674715&p=1pl&v=1&x=ZBBPhm-SwMPD3gN7uG8a2g", "license": "public", "citation_ids": [77453877, 77452396], "posted_on": "2020-03-17T18:16:00+00:00", "summary": "Medstar Washington Hospital Center in Washington D.C. is in full-on preparation mode.", "author": {"name": "KCLU", "url": "http://www.kclu.org/", "image": "https://s3.amazonaws.com/weyland.altmetric.com/news_sources/logos/000/001/808/normal/Screen_Shot_2016-01-27_at_10.04.23.png?1453889110"}}, {"title": "Are U.S. Hospitals Ready?", "url": "http://ct.moreover.com/?a=41647711475&p=1pl&v=1&x=nM2yGOSRu-4Tze91SrUGHw", "license": "public", "citation_ids": [77453877, 77452396], "posted_on": "2020-03-17T18:16:00+00:00", "summary": "Medstar Washington Hospital Center in Washington D.C. is in full-on preparation mode.", "author": {"name": "WYPR", "url": "http://wypr.org/", "image": "https://s3.amazonaws.com/weyland.altmetric.com/news_sources/logos/000/001/619/normal/Screen_Shot_2016-01-07_at_10.13.46.png?1452161649"}}, {"title": "Are U.S. Hospitals Ready?", "url": "http://ct.moreover.com/?a=41647720253&p=1pl&v=1&x=R-kcPgu63Us-6APRbB2XOg", "license": "public", "citation_ids": [77453877, 77452396], "posted_on": "2020-03-17T18:16:00+00:00", "summary": "Medstar Washington Hospital Center in Washington D.C. is in full-on preparation mode.", "author": {"name": "Witchita's Public Radio", "url": "http://kmuw.org/", "image": "https://s3.amazonaws.com/weyland.altmetric.com/news_sources/logos/000/001/775/normal/Screen_Shot_2016-03-01_at_16.08.06.png?1456848542"}}, {"title": "Are U.S. Hospitals Ready?", "url": "http://ct.moreover.com/?a=41647755486&p=1pl&v=1&x=nclmpYnWSK3syQkjOfXAcg", "license": "public", "citation_ids": [77453877, 77452396], "posted_on": "2020-03-17T18:16:00+00:00", "summary": "Medstar Washington Hospital Center in Washington D.C. is in full-on preparation mode.", "author": {"name": "Hawaii Public Radio", "url": "https://www.hawaiipublicradio.org/", "image": "https://s3.amazonaws.com/weyland.altmetric.com/news_sources/logos/000/004/130/normal/Screenshot_2019-11-13_at_12.41.06.png?1573648953"}}, {"title": "Are U.S. Hospitals Ready?", "url": "http://ct.moreover.com/?a=41647769119&p=1pl&v=1&x=dvSZ8QI3ZpUHW3YQ2XOt4A", "license": "public", "citation_ids": [77453877, 77452396], "posted_on": "2020-03-17T18:16:00+00:00", "summary": "Medstar Washington Hospital Center in Washington D.C. is in full-on preparation mode.", "author": {"name": "WUKY", "url": "http://wuky.org/", "image": "https://s3.amazonaws.com/weyland.altmetric.com/news_sources/logos/000/001/779/normal/Screen_Shot_2016-01-26_at_17.07.54.png?1453828115"}}, {"title": "Are U.S. Hospitals Ready?", "url": "http://ct.moreover.com/?a=41647769863&p=1pl&v=1&x=UYY7N8WLeqktrRWctTXENA", "license": "public", "citation_ids": [77453877, 77452396], "posted_on": "2020-03-17T18:16:00+00:00", "summary": "Medstar Washington Hospital Center in Washington D.C. is in full-on preparation mode.", "author": {"name": "WVPE", "url": "http://wvpe.org/", "image": "https://s3.amazonaws.com/weyland.altmetric.com/news_sources/logos/000/001/782/normal/Screen_Shot_2016-01-26_at_17.13.59.png?1453828456"}}, {"title": "Are U.S. Hospitals Ready?", "url": "http://ct.moreover.com/?a=41647791420&p=1pl&v=1&x=xKSVlNGsW896EZHkvGM05w", "license": "public", "citation_ids": [77453877, 77452396], "posted_on": "2020-03-17T18:16:00+00:00", "summary": "Medstar Washington Hospital Center in Washington D.C. is in full-on preparation mode.", "author": {"name": "Omaha Public Radio", "url": "http://kios.org/", "image": "https://s3.amazonaws.com/weyland.altmetric.com/news_sources/logos/000/001/786/normal/Screen_Shot_2016-01-26_at_17.19.59.png?1453828833"}}, {"title": "Are U.S. Hospitals Ready?", "url": "http://ct.moreover.com/?a=41647792946&p=1pl&v=1&x=dDWyCJIWTNqAuJlzssLmgA", "license": "public", "citation_ids": [77453877, 77452396], "posted_on": "2020-03-17T18:16:00+00:00", "summary": "Medstar Washington Hospital Center in Washington D.C. is in full-on preparation mode.", "author": {"name": "Iowa Public Radio", "url": "http://iowapublicradio.org/#stream/0", "image": "https://s3.amazonaws.com/weyland.altmetric.com/news_sources/logos/000/001/758/normal/Screen_Shot_2016-01-26_at_16.33.02.png?1453826038"}}, {"title": "Are U.S. Hospitals Ready?", "url": "http://ct.moreover.com/?a=41647797143&p=1pl&v=1&x=Uacq1rAHXE8bSSNi1R1RrQ", "license": "public", "citation_ids": [77453877, 77452396], "posted_on": "2020-03-17T18:16:00+00:00", "summary": "Medstar Washington Hospital Center in Washington D.C. is in full-on preparation mode.", "author": {"name": "KERA News", "url": "http://keranews.org/", "image": "https://s3.amazonaws.com/weyland.altmetric.com/news_sources/logos/000/001/771/normal/Screen_Shot_2016-01-26_at_16.55.26.png?1453827355"}}, {"title": "Are U.S. Hospitals Ready?", "url": "http://ct.moreover.com/?a=41647814842&p=1pl&v=1&x=2I95x00FMXqALiGe03EZIQ", "license": "public", "citation_ids": [77453877, 77452396], "posted_on": "2020-03-17T18:16:00+00:00", "summary": "Medstar Washington Hospital Center in Washington D.C. is in full-on preparation mode.", "author": {"name": "A Koahnic Broadcast Station", "url": "http://knba.org/#stream/0", "image": "https://s3.amazonaws.com/weyland.altmetric.com/news_sources/logos/000/001/783/normal/Screen_Shot_2016-01-26_at_17.14.35.png?1453828526"}}, {"title": "Are U.S. Hospitals Ready?", "url": "http://ct.moreover.com/?a=41647842854&p=1pl&v=1&x=B9_9J_eMe1U1-J87D9FT4w", "license": "public", "citation_ids": [77453877, 77452396], "posted_on": "2020-03-17T18:16:00+00:00", "summary": "Medstar Washington Hospital Center in Washington D.C. is in full-on preparation mode.", "author": {"name": "Radio Acadie", "url": "http://krvs.org/#stream/0", "image": "https://s3.amazonaws.com/weyland.altmetric.com/news_sources/logos/000/001/798/normal/Screen_Shot_2016-02-02_at_11.48.30.png?1454413724"}}, {"title": "Are U.S. Hospitals Ready?", "url": "http://ct.moreover.com/?a=41647850627&p=1pl&v=1&x=0vyzpDsgWf2Huz4B7VH4nw", "license": "public", "citation_ids": [77453877, 77452396], "posted_on": "2020-03-17T18:16:00+00:00", "summary": "Medstar Washington Hospital Center in Washington D.C. is in full-on preparation mode.", "author": {"name": "KRWG TV/FM", "url": "http://krwg.org", "image": "https://s3.amazonaws.com/weyland.altmetric.com/news_sources/logos/000/001/744/normal/Screen_Shot_2016-01-26_at_16.14.43.png?1453824910"}}, {"title": "Are U.S. Hospitals Ready?", "url": "http://ct.moreover.com/?a=41647852193&p=1pl&v=1&x=yAAndgLylTdCOcSTlFI4tQ", "license": "public", "citation_ids": [77453877, 77452396], "posted_on": "2020-03-17T18:16:00+00:00", "summary": "Medstar Washington Hospital Center in Washington D.C. is in full-on preparation mode.", "author": {"name": "KTEP El Paso", "url": "http://ktep.org", "image": "https://s3.amazonaws.com/weyland.altmetric.com/news_sources/logos/000/001/747/normal/Screen_Shot_2016-01-27_at_16.33.49.png?1453912439"}}, {"title": "Are U.S. Hospitals Ready?", "url": "http://ct.moreover.com/?a=41647868223&p=1pl&v=1&x=l-Jkndp9RXbt8rwtfEM4RQ", "license": "public", "citation_ids": [77453877, 77452396], "posted_on": "2020-03-17T18:16:00+00:00", "summary": "Medstar Washington Hospital Center in Washington D.C. is in full-on preparation mode.", "author": {"name": "Central Coast Public Radio", "url": "http://kcbx.org/", "image": "https://s3.amazonaws.com/weyland.altmetric.com/news_sources/logos/000/001/780/normal/Screen_Shot_2016-01-26_at_17.09.13.png?1453828177"}}, {"title": "Are U.S. Hospitals Ready?", "url": "http://ct.moreover.com/?a=41647890536&p=1pl&v=1&x=uxTgD1_WTy-Bmkcd0nZYlQ", "license": "public", "citation_ids": [77453877, 77452396], "posted_on": "2020-03-17T18:16:00+00:00", "summary": "Medstar Washington Hospital Center in Washington D.C. is in full-on preparation mode.", "author": {"name": "Arizona Public Radio", "url": "http://knau.org/#stream/0", "image": "https://s3.amazonaws.com/weyland.altmetric.com/news_sources/logos/000/001/781/normal/Screen_Shot_2016-01-26_at_17.10.09.png?1453828228"}}, {"title": "Are U.S. Hospitals Ready?", "url": "http://ct.moreover.com/?a=41647967693&p=1pl&v=1&x=Z_TByhq1FI4ox6Tm-PhIOA", "license": "public", "citation_ids": [77453877, 77452396], "posted_on": "2020-03-17T18:16:00+00:00", "summary": "Medstar Washington Hospital Center in Washington D.C. is in full-on preparation mode.", "author": {"name": "KUNM", "url": "http://kunm.org/#stream/0", "image": "https://s3.amazonaws.com/weyland.altmetric.com/news_sources/logos/000/001/769/normal/Screen_Shot_2016-01-26_at_16.52.06.png?1453827190"}}, {"title": "Are U.S. Hospitals Ready?", "url": "http://ct.moreover.com/?a=41648017706&p=1pl&v=1&x=0LEREiZ6W3ozZ2WcFQ2xdw", "license": "public", "citation_ids": [77453877, 77452396], "posted_on": "2020-03-17T18:16:00+00:00", "summary": "Medstar Washington Hospital Center in Washington D.C. is in full-on preparation mode.", "author": {"name": "Jefferson Public Radio", "url": "https://www.ijpr.org/#stream/0", "image": "https://s3.amazonaws.com/weyland.altmetric.com/news_sources/logos/000/003/685/normal/5.PNG?1571287478"}}, {"title": "Are U.S. Hospitals Ready?", "url": "http://ct.moreover.com/?a=41648033463&p=1pl&v=1&x=_NgsVmT7vNa-u9YAV3OT9A", "license": "public", "citation_ids": [77453877, 77452396], "posted_on": "2020-03-17T18:16:00+00:00", "summary": "Medstar Washington Hospital Center in Washington D.C. is in full-on preparation mode.", "author": {"name": "Maine Public", "url": "https://www.mainepublic.org", "image": "https://s3.amazonaws.com/weyland.altmetric.com/news_sources/logos/000/003/586/normal/Capture_maine.PNG?1570183891"}}], "blogs": [{"title": "'It's Taking Up My Entire Day': Hospitals Prepare For A Possible Wave Of Critical Coronavirus Patients", "url": "http://www.wbur.org/commonhealth/2020/03/16/massachusttes-hospitals-preparation-resources-coronavirus", "license": "public", "citation_ids": [77452396], "posted_on": "2020-03-16T09:31:30+00:00", "summary": "Doctors and hospital managers all over the country are preparing for a possible surge of patients with COVID-19 who need intensive care. To do that, hospitals have activated what they call their \u201cincident command centers\u201d \u2013 systems designed to manage emerg", "author": {"name": "CommonHealth", "url": "http://commonhealth.wbur.org/", "description": "Reform And Reality"}}]}, "score": 585.512, "images": {"small": "https://badges.altmetric.com/?size=64&score=586&types=mbtttttt", "medium": "https://badges.altmetric.com/?size=100&score=586&types=mbtttttt", "large": "https://badges.altmetric.com/?size=180&score=586&types=mbtttttt"}}