{"altmetric_id": 77327726, "counts": {"readers": {"mendeley": 0, "citeulike": 0, "connotea": 0}, "total": {"posts_count": 23}, "twitter": {"unique_users_count": 23, "posts_count": 23}}, "citation": {"altmetric_jid": "4f6fa4f63cf058f610002f5a", "authors": ["William B. Applegate", "Joseph G. Ouslander"], "doi": "10.1111/jgs.16426", "first_seen_on": "2020-03-11T06:51:36+00:00", "issns": ["0002-8614", "1532-5415"], "journal": "Journal of the American Geriatrics Society", "last_mentioned_on": 1584173639, "links": ["https://onlinelibrary.wiley.com/doi/abs/10.1111/jgs.16426?af=R", "https://www.ncbi.nlm.nih.gov/pubmed/32154911"], "pmid": "32154911", "epubdate": "2020-03-10T00:00:00+00:00", "publisher_subjects": [{"name": "Medical And Health Sciences", "scheme": "era"}], "scopus_subjects": ["Medicine", "Health Sciences"], "title": "COVID\u201019 Presents High Risk to Older Persons", "type": "article"}, "altmetric_score": {"score": 13.05, "score_history": {"1y": 13.05, "6m": 13.05, "3m": 13.05, "1m": 13.05, "1w": 13.05, "6d": 2.85, "5d": 2.35, "4d": 0.5, "3d": 0, "2d": 0, "1d": 0, "at": 13.05}, "context_for_score": {"all": {"total_number_of_other_articles": 14515779, "mean": 8.4675688885467, "rank": 1309062, "this_scored_higher_than_pct": 90, "this_scored_higher_than": 13204798, "rank_type": "exact", "sample_size": 14515779, "percentile": 90}, "similar_age_3m": {"total_number_of_other_articles": 147768, "mean": 14.157448753782, "rank": 20175, "this_scored_higher_than_pct": 86, "this_scored_higher_than": 127541, "rank_type": "exact", "sample_size": 147768, "percentile": 86}, "this_journal": {"total_number_of_other_articles": 5428, "mean": 19.433922240649, "rank": 1345, "this_scored_higher_than_pct": 75, "this_scored_higher_than": 4083, "rank_type": "exact", "sample_size": 5428, "percentile": 75}, "similar_age_this_journal_3m": {"total_number_of_other_articles": 74, "mean": 36.722849315068, "rank": 40, "this_scored_higher_than_pct": 45, "this_scored_higher_than": 34, "rank_type": "exact", "sample_size": 74, "percentile": 45}}}, "demographics": {"poster_types": {"member_of_the_public": 17, "researcher": 2, "practitioner": 3, "science_communicator": 1}, "users": {"twitter": {"cohorts": {"Members of the public": 17, "Scientists": 2, "Practitioners (doctors, other healthcare professionals)": 3, "Science communicators (journalists, bloggers, editors)": 1}}}, "geo": {"twitter": {"IT": 1, "NZ": 2, "AU": 1, "NL": 1, "US": 2, "ES": 3, "GB": 2, "CL": 1, "FR": 2, "BY": 1}}}, "posts": {"twitter": [{"license": "gnip", "citation_ids": [77327726], "author": {"tweeter_id": "375691872"}, "tweet_id": "1237632098493759489"}, {"license": "gnip", "citation_ids": [77327726], "author": {"tweeter_id": "289325882"}, "tweet_id": "1237641044512198657"}, {"license": "gnip", "citation_ids": [77327726], "author": {"tweeter_id": "1209446334819946496"}, "tweet_id": "1237642492092317698"}, {"license": "gnip", "citation_ids": [77327726], "author": {"tweeter_id": "2922185882"}, "tweet_id": "1237642833818816512"}, {"license": "gnip", "citation_ids": [77327726], "author": {"tweeter_id": "731361288"}, "tweet_id": "1237642964287000576"}, {"license": "gnip", "citation_ids": [77327726], "author": {"tweeter_id": "1120481785"}, "tweet_id": "1237643257259032576"}, {"license": "gnip", "citation_ids": [77327726], "author": {"tweeter_id": "81761605"}, "tweet_id": "1237646644239380480"}, {"license": "gnip", "citation_ids": [77327726], "author": {"tweeter_id": "936361062592602112"}, "tweet_id": "1237648868797493249"}, {"license": "gnip", "citation_ids": [77327726], "author": {"tweeter_id": "754034492029952000"}, "tweet_id": "1237661035944906752"}, {"license": "gnip", "citation_ids": [77327726], "author": {"tweeter_id": "755467175461281796"}, "tweet_id": "1237662119593639937"}, {"license": "gnip", "citation_ids": [77327726], "author": {"tweeter_id": "623350019"}, "tweet_id": "1237675763987402754"}, {"license": "gnip", "citation_ids": [77327726], "author": {"tweeter_id": "1008752138124779522"}, "tweet_id": "1237722190369480704"}, {"license": "gnip", "citation_ids": [77327726], "author": {"tweeter_id": "181280675"}, "tweet_id": "1237749718375006208"}, {"license": "gnip", "citation_ids": [77327726], "author": {"tweeter_id": "56424261"}, "tweet_id": "1237823832548954115"}, {"license": "gnip", "citation_ids": [77327726], "author": {"tweeter_id": "1180314416"}, "tweet_id": "1237911584082722819"}, {"license": "gnip", "citation_ids": [77327726], "author": {"tweeter_id": "477118250"}, "tweet_id": "1237927192551739394"}, {"license": "gnip", "citation_ids": [77327726], "author": {"tweeter_id": "781947516304719872"}, "tweet_id": "1237927710137167873"}, {"license": "gnip", "citation_ids": [77327726], "author": {"tweeter_id": "1099494762296397824"}, "tweet_id": "1238134781264695298"}, {"license": "gnip", "citation_ids": [77327726], "author": {"tweeter_id": "938732354880921600"}, "tweet_id": "1238186095705292812"}, {"license": "gnip", "citation_ids": [77327726], "author": {"tweeter_id": "238961039"}, "tweet_id": "1238579543104991232"}, {"license": "gnip", "citation_ids": [77327726], "author": {"tweeter_id": "910506050293567489"}, "tweet_id": "1238580518096187392"}, {"license": "gnip", "citation_ids": [77327726], "author": {"tweeter_id": "228086347"}, "tweet_id": "1238581205957775360"}, {"license": "gnip", "citation_ids": [77327726], "author": {"tweeter_id": "3262065531"}, "tweet_id": "1238740141704912896"}]}, "score": 13.05, "images": {"small": "https://badges.altmetric.com/?size=64&score=14&types=tttttttt", "medium": "https://badges.altmetric.com/?size=100&score=14&types=tttttttt", "large": "https://badges.altmetric.com/?size=180&score=14&types=tttttttt"}}