{"altmetric_id": 74583981, "counts": {"readers": {"mendeley": 0, "citeulike": 0, "connotea": 0}, "total": {"posts_count": 18}, "twitter": {"unique_users_count": 18, "posts_count": 18}}, "citation": {"altmetric_jid": "4f6fa50b3cf058f61000316c", "authors": ["Ursula Hofer"], "doi": "10.1038/s41579-020-0334-y", "endpage": "1", "first_seen_on": "2020-01-27T15:29:47+00:00", "handles": [], "isbns": [], "issns": ["1740-1526", "1740-1534"], "journal": "Nature Reviews Microbiology", "last_mentioned_on": 1582297663, "links": ["https://www.nature.com/articles/s41579-020-0334-y?error=cookies_not_supported&code=101f88bd-5465-434d-a5cc-4dd3f1aa3297", "https://www.nature.com/articles/s41579-020-0334-y?error=cookies_not_supported&code=1ebfe9d4-eb05-4046-8e62-d2dd2ec19e5e", "https://www.nature.com/articles/s41579-020-0334-y?utm_source=nrmicro_etoc&utm_medium=email&utm_campaign=toc_41579_18_3&utm_content=20200217&WT.ec_id=NRMICRO-202003&sap-outbound-id=59220C892EA27A816560E6687661DE76FF63A4E7&mkt-key=005056B0331B1ED88A93B684380167DF&error=cookies_not_supported&code=2aae0165-488f-442d-9238-b5a1e230c645"], "pdf_url": "https://www.nature.com/articles/s41579-020-0334-y.pdf", "pmid": "31988492", "pubdate": "2020-03-01T00:00:00+00:00", "epubdate": "2020-01-27T00:00:00+00:00", "publisher_subjects": [{"name": "Microbiology", "scheme": "era"}, {"name": "Medical Microbiology", "scheme": "era"}], "scopus_subjects": ["Medicine", "Health Sciences"], "startpage": "1", "title": "Asgard archaeon rises from the mud", "type": "article"}, "altmetric_score": {"score": 10.6, "score_history": {"1y": 10.6, "6m": 10.6, "3m": 10.6, "1m": 1.95, "1w": 0, "6d": 0, "5d": 0, "4d": 0, "3d": 0, "2d": 0, "1d": 0, "at": 10.6}, "context_for_score": {"all": {"total_number_of_other_articles": 14411401, "mean": 8.4139540319387, "rank": 1591972, "this_scored_higher_than_pct": 88, "this_scored_higher_than": 12815754, "rank_type": "exact", "sample_size": 14411401, "percentile": 88}, "similar_age_3m": {"total_number_of_other_articles": 204727, "mean": 12.607289528443, "rank": 33102, "this_scored_higher_than_pct": 83, "this_scored_higher_than": 171508, "rank_type": "exact", "sample_size": 204727, "percentile": 83}, "this_journal": {"total_number_of_other_articles": 2174, "mean": 19.06811504832, "rank": 843, "this_scored_higher_than_pct": 61, "this_scored_higher_than": 1328, "rank_type": "exact", "sample_size": 2174, "percentile": 61}, "similar_age_this_journal_3m": {"total_number_of_other_articles": 42, "mean": 42.615853658537, "rank": 24, "this_scored_higher_than_pct": 42, "this_scored_higher_than": 18, "rank_type": "exact", "sample_size": 42, "percentile": 42}}}, "demographics": {"poster_types": {"member_of_the_public": 10, "researcher": 8}, "users": {"twitter": {"cohorts": {"Scientists": 8, "Members of the public": 10}}}, "geo": {"twitter": {"GB": 1, "US": 2, "ES": 1, "FR": 1, "NL": 2, "CR": 1, "FI": 1, "UY": 1, "VE": 1}}}, "posts": {"twitter": [{"license": "gnip", "citation_ids": [74583981], "author": {"tweeter_id": "87715935"}, "tweet_id": "1221817531511513088"}, {"license": "gnip", "citation_ids": [74583981], "author": {"tweeter_id": "924771053100027905"}, "tweet_id": "1221819230070484993"}, {"license": "gnip", "citation_ids": [74583981], "author": {"tweeter_id": "126676411"}, "tweet_id": "1221819880539934720"}, {"license": "gnip", "citation_ids": [74583981], "author": {"tweeter_id": "803363552643911681"}, "tweet_id": "1221827063654625280"}, {"license": "gnip", "citation_ids": [74583981], "author": {"tweeter_id": "75745715"}, "tweet_id": "1221827579256152068"}, {"license": "gnip", "citation_ids": [74583981], "author": {"tweeter_id": "616987957"}, "tweet_id": "1221870939866062848"}, {"license": "gnip", "citation_ids": [74583981], "author": {"tweeter_id": "2715672734"}, "tweet_id": "1221872161742381056"}, {"license": "gnip", "citation_ids": [74583981], "author": {"tweeter_id": "844425622835396610"}, "tweet_id": "1222008635875823617"}, {"license": "gnip", "citation_ids": [74583981], "author": {"tweeter_id": "591202090"}, "tweet_id": "1222048746151825409"}, {"license": "gnip", "citation_ids": [74583981], "author": {"tweeter_id": "2906345621"}, "tweet_id": "1222052450233987072"}, {"license": "gnip", "citation_ids": [74583981], "author": {"tweeter_id": "1158634311232286720"}, "tweet_id": "1222073071953010688"}, {"license": "gnip", "citation_ids": [74583981], "author": {"tweeter_id": "4906283301"}, "tweet_id": "1222152096927096832"}, {"license": "gnip", "citation_ids": [74583981], "author": {"tweeter_id": "325833457"}, "tweet_id": "1222157308110811137"}, {"license": "gnip", "citation_ids": [74583981], "author": {"tweeter_id": "16015564"}, "tweet_id": "1222237974269583360"}, {"license": "gnip", "citation_ids": [74583981], "author": {"tweeter_id": "1151316144856285184"}, "tweet_id": "1222304010163507201"}, {"license": "gnip", "citation_ids": [74583981], "author": {"tweeter_id": "1206670688783945728"}, "tweet_id": "1224361523512037381"}, {"license": "gnip", "citation_ids": [74583981], "author": {"tweeter_id": "133132212"}, "tweet_id": "1224379588983300097"}, {"license": "gnip", "citation_ids": [74583981], "author": {"tweeter_id": "1672141952"}, "tweet_id": "1230871731029581829"}]}, "score": 10.6, "images": {"small": "https://badges.altmetric.com/?size=64&score=11&types=tttttttt", "medium": "https://badges.altmetric.com/?size=100&score=11&types=tttttttt", "large": "https://badges.altmetric.com/?size=180&score=11&types=tttttttt"}}