{"altmetric_id": 76779074, "counts": {"readers": {"mendeley": 0, "citeulike": 0, "connotea": 0}, "total": {"posts_count": 0}}, "citation": {"aggregated_in": [76778979], "attribution": "springer_nature", "authors": ["A. N. Vlasova", "Q. Wang", "K. Jung", "S. N. Langel", "Yashpal Singh Malik", "L. J. Saif"], "book": {"title": "Emerging and Transboundary Animal Viruses", "isbns": ["9789811504013", "9789811504020"], "attribution": "springer_nature"}, "doi": "10.1007/978-981-15-0402-0_4", "first_seen_on": "2020-02-28T07:07:49+00:00", "issns": [], "links": ["https://doi.org/10.1007/978-981-15-0402-0_4"], "ordinal_number": 4, "pdf_url": "https://link.springer.com/content/pdf/10.1007%2F978-981-15-0402-0_4.pdf", "pubdate": "2020-01-01T00:00:00+00:00", "publisher": "Springer, Singapore", "title": "Porcine Coronaviruses", "type": "chapter"}, "altmetric_score": {"score": 0, "score_history": {"1y": 0, "6m": 0, "3m": 0, "1m": 0, "1w": 0, "6d": 0, "5d": 0, "4d": 0, "3d": 0, "2d": 0, "1d": 0, "at": 0}, "context_for_score": null}, "demographics": [], "posts": [], "score": 0, "images": {"small": "https://badges.altmetric.com/?size=64&score=?&types=????????", "medium": "https://badges.altmetric.com/?size=100&score=?&types=????????", "large": "https://badges.altmetric.com/?size=180&score=?&types=????????"}}