{"altmetric_id": 76555148, "counts": {"readers": {"mendeley": 0, "citeulike": 0, "connotea": 0}, "total": {"posts_count": 4}, "twitter": {"unique_users_count": 4, "posts_count": 4}}, "citation": {"altmetric_jid": "4f6fa5153cf058f6100036fe", "doi": "10.1136/vr.m669", "first_seen_on": "2020-02-23T11:02:47+00:00", "issns": ["0042-4900", "2042-7670"], "issue": "7", "journal": "Veterinary Record: Journal of the British Veterinary Association", "last_mentioned_on": 1583766648, "links": ["https://www.ncbi.nlm.nih.gov/pubmed/32086404?dopt=Abstract&utm_source=dlvr.it&utm_medium=twitter", "https://veterinaryrecord.bmj.com/content/186/7/201.2"], "pdf_url": "https://veterinaryrecord.bmj.com/content/vetrec/186/7/201.2.full.pdf", "pmid": "32086404", "pubdate": "2020-02-22T00:00:00+00:00", "epubdate": "2020-02-21T00:00:00+00:00", "publisher_subjects": [{"name": "Veterinary Sciences", "scheme": "era"}], "scopus_subjects": ["Veterinary", "Health Sciences"], "startpage": "201", "title": "Advice and guidance on coronavirus", "type": "article", "volume": "186"}, "altmetric_score": {"score": 1, "score_history": {"1y": 1, "6m": 1, "3m": 1, "1m": 1, "1w": 0, "6d": 0, "5d": 0, "4d": 0, "3d": 0, "2d": 0, "1d": 0, "at": 1}, "context_for_score": {"all": {"total_number_of_other_articles": 14509999, "mean": 8.4630582026162, "rank": 9111877, "this_scored_higher_than_pct": 24, "this_scored_higher_than": 3502760, "rank_type": "exact", "sample_size": 14509999, "percentile": 24}, "similar_age_3m": {"total_number_of_other_articles": 160369, "mean": 14.135889342014, "rank": 90759, "this_scored_higher_than_pct": 35, "this_scored_higher_than": 56859, "rank_type": "exact", "sample_size": 160369, "percentile": 35}, "this_journal": {"total_number_of_other_articles": 4667, "mean": 5.2883107586798, "rank": 2868, "this_scored_higher_than_pct": 23, "this_scored_higher_than": 1099, "rank_type": "exact", "sample_size": 4667, "percentile": 23}, "similar_age_this_journal_3m": {"total_number_of_other_articles": 84, "mean": 4.8729397590361, "rank": 44, "this_scored_higher_than_pct": 35, "this_scored_higher_than": 30, "rank_type": "exact", "sample_size": 84, "percentile": 35}}}, "demographics": {"poster_types": {"member_of_the_public": 4}, "users": {"twitter": {"cohorts": {"Members of the public": 4}}}, "geo": {"twitter": {"US": 2}}}, "posts": {"twitter": [{"license": "gnip", "citation_ids": [76555148], "author": {"tweeter_id": "1191745846615957506"}, "tweet_id": "1231534805520502790"}, {"license": "gnip", "citation_ids": [76555148], "author": {"tweeter_id": "2414645220"}, "tweet_id": "1237028059305443328"}, {"license": "gnip", "citation_ids": [76555148], "author": {"tweeter_id": "1129812268663934977"}, "tweet_id": "1237031641589129218"}, {"license": "gnip", "citation_ids": [76555148], "author": {"tweeter_id": "1011711384437051393"}, "tweet_id": "1237033098090594304"}]}, "score": 1, "images": {"small": "https://badges.altmetric.com/?size=64&score=1&types=tttttttt", "medium": "https://badges.altmetric.com/?size=100&score=1&types=tttttttt", "large": "https://badges.altmetric.com/?size=180&score=1&types=tttttttt"}}