{"altmetric_id": 69998150, "counts": {"readers": {"citeulike": "0", "mendeley": "4", "connotea": "0"}, "total": {"posts_count": 6}, "twitter": {"unique_users_count": 5, "posts_count": 6}}, "citation": {"altmetric_jid": "4f6fa5153cf058f610003708", "authors": ["Moussa M. Diagne", "Alioune Gaye", "Marie Henriette Dior Ndione", "Martin Faye", "Gamou Fall", "Idrissa Dieng", "Steven G. Widen", "Thomas G. Wood", "Vsevolod Popov", "Hilda Guzman", "Yamar B\u00e2", "Scott C. Weaver", "Mawlouth Diallo", "Robert Tesh", "Ousmane Faye", "Nikos Vasilakis", "Amadou A. Sall"], "doi": "10.1016/j.virusres.2019.197802", "first_seen_on": "2019-11-08T12:06:55+00:00", "handles": [], "isbns": [], "issns": ["0168-1702"], "journal": "Virus Research", "last_mentioned_on": 1573246503, "links": ["https://www.ncbi.nlm.nih.gov/pubmed/31697989?dopt=Abstract", "https://www.ncbi.nlm.nih.gov/pubmed/31697989?dopt=Abstract&utm_source=dlvr.it&utm_medium=twitter"], "pmid": "31697989", "pubdate": "2020-01-01T00:00:00+00:00", "publisher_subjects": [{"name": "Biological Sciences", "scheme": "era"}, {"name": "Agricultural And Veterinary Sciences", "scheme": "era"}], "scopus_subjects": ["Biochemistry, Genetics and Molecular Biology", "Health Sciences", "Life Sciences", "Medicine", "Immunology and Microbiology"], "title": "Dianke virus: A new mesonivirus species isolated from mosquitoes in Eastern Senegal", "type": "article", "mendeley_url": "http://www.mendeley.com/catalogue/dianke-virus-new-mesonivirus-species-isolated-mosquitoes-eastern-senegal"}, "altmetric_score": {"score": 1.85, "score_history": {"1y": 1.85, "6m": 1.85, "3m": 0, "1m": 0, "1w": 0, "6d": 0, "5d": 0, "4d": 0, "3d": 0, "2d": 0, "1d": 0, "at": 1.85}, "context_for_score": {"all": {"total_number_of_other_articles": 14249108, "mean": 8.3623040583414, "rank": 7867841, "this_scored_higher_than_pct": 43, "this_scored_higher_than": 6245453, "rank_type": "exact", "sample_size": 14249108, "percentile": 43}, "similar_age_3m": {"total_number_of_other_articles": 317579, "mean": 13.186789191946, "rank": 154453, "this_scored_higher_than_pct": 49, "this_scored_higher_than": 158159, "rank_type": "exact", "sample_size": 317579, "percentile": 49}, "this_journal": {"total_number_of_other_articles": 2166, "mean": 3.1487602771363, "rank": 1222, "this_scored_higher_than_pct": 43, "this_scored_higher_than": 935, "rank_type": "exact", "sample_size": 2166, "percentile": 43}, "similar_age_this_journal_3m": {"total_number_of_other_articles": 35, "mean": 1.5874705882353, "rank": 7, "this_scored_higher_than_pct": 80, "this_scored_higher_than": 28, "rank_type": "exact", "sample_size": 35, "percentile": 80}}}, "demographics": {"poster_types": {"member_of_the_public": 5}, "users": {"twitter": {"cohorts": {"Members of the public": 5}}, "mendeley": {"by_status": {"Student  > Master": 1, "Researcher": 2}, "by_discipline": {"Medicine and Dentistry": 1, "Agricultural and Biological Sciences": 1, "Biochemistry, Genetics and Molecular Biology": 1}}}, "geo": {"twitter": {"SN": 1, "CM": 1}}}, "posts": {"twitter": [{"license": "gnip", "citation_ids": [69998150], "author": {"tweeter_id": "1096880640509820939"}, "tweet_id": "1192775445533597697"}, {"license": "gnip", "citation_ids": [69998150], "author": {"tweeter_id": "902988300583043072"}, "tweet_id": "1192776059483279361"}, {"license": "gnip", "citation_ids": [69998150], "author": {"tweeter_id": "959847892256284672"}, "tweet_id": "1192790760787083264"}, {"license": "gnip", "citation_ids": [69998150], "author": {"tweeter_id": "1040266739467145216"}, "tweet_id": "1192877890309885953"}, {"license": "gnip", "citation_ids": [69998150], "author": {"tweeter_id": "806605209778745344"}, "tweet_id": "1192905642001891328"}, {"license": "gnip", "citation_ids": [69998150], "author": {"tweeter_id": "959847892256284672"}, "tweet_id": "1192908411689549824"}]}, "score": 1.85, "images": {"small": "https://badges.altmetric.com/?size=64&score=2&types=tttttttt", "medium": "https://badges.altmetric.com/?size=100&score=2&types=tttttttt", "large": "https://badges.altmetric.com/?size=180&score=2&types=tttttttt"}}