{"altmetric_id": 77145375, "counts": {"readers": {"mendeley": 0, "citeulike": 0, "connotea": 0}, "total": {"posts_count": 196}, "twitter": {"unique_users_count": 183, "posts_count": 196}}, "citation": {"authors": ["Kraemer, Moritz U.G.", "Yang, Chia-Hung", "Gutierrez, Bernardo", "Wu, Chieh-Hsi", "Klein, Brennan", "Pigott, David M.", "du Plessis, Louis", "Faria, Nuno R", "Li, Ruoran", "Hanage, William P.", "Brownstein, John S", "Layan, Maylis", "Vespignani, Alessandro", "Tian, Huaiyu", "Dye, Christopher", "Cauchemez, Simon", "Pybus, Oliver", "Scarpino, Samuel V"], "doi": "10.1101/2020.03.02.20026708", "first_seen_on": "2020-03-06T19:53:28+00:00", "issns": [], "last_mentioned_on": 1584403498, "links": ["https://www.medrxiv.org/content/10.1101/2020.03.02.20026708v1", "https://www.medrxiv.org/content/10.1101/2020.03.02.20026708v1.full.pdf", "https://www.medrxiv.org/content/10.1101/2020.03.02.20026708v1?utm_source=dlvr.it&utm_medium=twitter", "https://www.medrxiv.org/content/10.1101/2020.03.02.20026708v1.article-info"], "pdf_url": "https://www.medrxiv.org/content/medrxiv/early/2020/03/06/2020.03.02.20026708.full.pdf", "publisher": "Cold Spring Harbor Laboratory", "title": "The effect of human mobility and control measures on the COVID-19 epidemic in China", "type": "article"}, "altmetric_score": {"score": 123.05, "score_history": {"1y": 123.05, "6m": 123.05, "3m": 123.05, "1m": 123.05, "1w": 4.45, "6d": 1.75, "5d": 0.75, "4d": 0.75, "3d": 0.75, "2d": 0.75, "1d": 0.5, "at": 123.05}, "context_for_score": null}, "demographics": {"poster_types": {"member_of_the_public": 125, "researcher": 51, "practitioner": 3, "science_communicator": 4}, "users": {"twitter": {"cohorts": {"Members of the public": 125, "Scientists": 51, "Practitioners (doctors, other healthcare professionals)": 3, "Science communicators (journalists, bloggers, editors)": 4}}}, "geo": {"twitter": {"US": 52, "FI": 1, "GB": 13, "ES": 2, "IT": 1, "CA": 2, "FR": 3, "NL": 1, "DE": 4, "IN": 1, "CN": 2, "JP": 19, "MY": 1, "KW": 1, "MX": 1, "ID": 1, "BR": 1}}}, "posts": {"twitter": [{"license": "gnip", "citation_ids": [77145375], "author": {"tweeter_id": "921400462838042624"}, "tweet_id": "1236017003057623043"}, {"license": "gnip", "citation_ids": [77145375], "author": {"tweeter_id": "21184460"}, "tweet_id": "1236150388820193281"}, {"license": "gnip", "citation_ids": [77145375], "author": {"tweeter_id": "17454087"}, "tweet_id": "1236154870438256640"}, {"license": "gnip", "citation_ids": [77145375], "author": {"tweeter_id": "1087134578819694592"}, "tweet_id": "1236156910191235072"}, {"license": "gnip", "citation_ids": [77145375], "author": {"tweeter_id": "2851359505"}, "tweet_id": "1236163079894786049"}, {"license": "gnip", "citation_ids": [77145375], "author": {"tweeter_id": "772721423345393664"}, "tweet_id": "1236178210230059008"}, {"license": "gnip", "citation_ids": [77145375], "author": {"tweeter_id": "394850534"}, "tweet_id": "1236186981908058112"}, {"license": "gnip", "citation_ids": [77145375], "author": {"tweeter_id": "105248665"}, "tweet_id": "1236202396004610048"}, {"license": "gnip", "citation_ids": [77145375], "author": {"tweeter_id": "1110152063634288640"}, "tweet_id": "1236204254987276288"}, {"license": "gnip", "citation_ids": [77145375], "author": {"tweeter_id": "19113566"}, "tweet_id": "1236204544595394561"}, {"license": "gnip", "citation_ids": [77145375], "author": {"tweeter_id": "1110152063634288640"}, "tweet_id": "1236204747859922944"}, {"license": "gnip", "citation_ids": [77145375], "author": {"tweeter_id": "729704556"}, "tweet_id": "1236217396135895040"}, {"license": "gnip", "citation_ids": [77145375], "author": {"tweeter_id": "336701372"}, "tweet_id": "1236223810493444097"}, {"license": "gnip", "citation_ids": [77145375], "author": {"tweeter_id": "18122941"}, "tweet_id": "1236226662934515713"}, {"license": "gnip", "citation_ids": [77145375], "author": {"tweeter_id": "2786597305"}, "tweet_id": "1236268933319098368"}, {"license": "gnip", "citation_ids": [77145375], "author": {"tweeter_id": "1122098960578035712"}, "tweet_id": "1236273505244721152"}, {"license": "gnip", "citation_ids": [77145375], "author": {"tweeter_id": "805223388956553216"}, "tweet_id": "1236279464830607361"}, {"license": "gnip", "citation_ids": [77145375], "author": {"tweeter_id": "21184460"}, "tweet_id": "1236304850679468032"}, {"license": "gnip", "citation_ids": [77145375], "author": {"tweeter_id": "17694306"}, "tweet_id": "1236305078656675840"}, {"license": "gnip", "citation_ids": [77145375], "author": {"tweeter_id": "49136122"}, "tweet_id": "1236305317782261760"}, {"license": "gnip", "citation_ids": [77145375], "author": {"tweeter_id": "1197472679672070146"}, "tweet_id": "1236309539361828866"}, {"license": "gnip", "citation_ids": [77145375], "author": {"tweeter_id": "2332368062"}, "tweet_id": "1236322652958134275"}, {"license": "gnip", "citation_ids": [77145375], "author": {"tweeter_id": "444927395"}, "tweet_id": "1236324591724789762"}, {"license": "gnip", "citation_ids": [77145375], "author": {"tweeter_id": "3795281"}, "tweet_id": "1236324736214368257"}, {"license": "gnip", "citation_ids": [77145375], "author": {"tweeter_id": "161939929"}, "tweet_id": "1236325152880758789"}, {"license": "gnip", "citation_ids": [77145375], "author": {"tweeter_id": "569423891"}, "tweet_id": "1236329817978613767"}, {"license": "gnip", "citation_ids": [77145375], "author": {"tweeter_id": "15107363"}, "tweet_id": "1236330484340269062"}, {"license": "gnip", "citation_ids": [77145375], "author": {"tweeter_id": "346324846"}, "tweet_id": "1236331262329212928"}, {"license": "gnip", "citation_ids": [77145375], "author": {"tweeter_id": "18274250"}, "tweet_id": "1236337332883726337"}, {"license": "gnip", "citation_ids": [77145375], "author": {"tweeter_id": "1058791108568698880"}, "tweet_id": "1236338090496557056"}, {"license": "gnip", "citation_ids": [77145375], "author": {"tweeter_id": "3333172204"}, "tweet_id": "1236338276350537728"}, {"license": "gnip", "citation_ids": [77145375], "author": {"tweeter_id": "1100253606572380160"}, "tweet_id": "1236338354435874824"}, {"license": "gnip", "citation_ids": [77145375], "author": {"tweeter_id": "890557309"}, "tweet_id": "1236340013043982338"}, {"license": "gnip", "citation_ids": [77145375], "author": {"tweeter_id": "753587142484426752"}, "tweet_id": "1236340514926071811"}, {"license": "gnip", "citation_ids": [77145375], "author": {"tweeter_id": "2332368062"}, "tweet_id": "1236340842190733312"}, {"license": "gnip", "citation_ids": [77145375], "author": {"tweeter_id": "4690350990"}, "tweet_id": "1236340907474968576"}, {"license": "gnip", "citation_ids": [77145375], "author": {"tweeter_id": "1955761758"}, "tweet_id": "1236341654811856897"}, {"license": "gnip", "citation_ids": [77145375], "author": {"tweeter_id": "2584784815"}, "tweet_id": "1236342816256798720"}, {"license": "gnip", "citation_ids": [77145375], "author": {"tweeter_id": "1689492204"}, "tweet_id": "1236358324054089731"}, {"license": "gnip", "citation_ids": [77145375], "author": {"tweeter_id": "587376806"}, "tweet_id": "1236361752138469376"}, {"license": "gnip", "citation_ids": [77145375], "author": {"tweeter_id": "704257242858708992"}, "tweet_id": "1236367919996710913"}, {"license": "gnip", "citation_ids": [77145375], "author": {"tweeter_id": "1046598080"}, "tweet_id": "1236375011138699265"}, {"license": "gnip", "citation_ids": [77145375], "author": {"tweeter_id": "1046598080"}, "tweet_id": "1236375526308274176"}, {"license": "gnip", "citation_ids": [77145375], "author": {"tweeter_id": "37832467"}, "tweet_id": "1236377103475466241"}, {"license": "gnip", "citation_ids": [77145375], "author": {"tweeter_id": "325126593"}, "tweet_id": "1236378471905050626"}, {"license": "gnip", "citation_ids": [77145375], "author": {"tweeter_id": "79867844"}, "tweet_id": "1236379048064016386"}, {"license": "gnip", "citation_ids": [77145375], "author": {"tweeter_id": "1093905504831791104"}, "tweet_id": "1236379512956477441"}, {"license": "gnip", "citation_ids": [77145375], "author": {"tweeter_id": "2332368062"}, "tweet_id": "1236380004109467649"}, {"license": "gnip", "citation_ids": [77145375], "author": {"tweeter_id": "160925047"}, "tweet_id": "1236380352027004928"}, {"license": "gnip", "citation_ids": [77145375], "author": {"tweeter_id": "1046598080"}, "tweet_id": "1236380391935787014"}, {"license": "gnip", "citation_ids": [77145375], "author": {"tweeter_id": "329412504"}, "tweet_id": "1236381033177714688"}, {"license": "gnip", "citation_ids": [77145375], "author": {"tweeter_id": "3061631535"}, "tweet_id": "1236385280388726785"}, {"license": "gnip", "citation_ids": [77145375], "author": {"tweeter_id": "2631088551"}, "tweet_id": "1236385405160882177"}, {"license": "gnip", "citation_ids": [77145375], "author": {"tweeter_id": "1190736890"}, "tweet_id": "1236386009476145158"}, {"license": "gnip", "citation_ids": [77145375], "author": {"tweeter_id": "18585425"}, "tweet_id": "1236386468513361921"}, {"license": "gnip", "citation_ids": [77145375], "author": {"tweeter_id": "1180211178334670848"}, "tweet_id": "1236386763863511040"}, {"license": "gnip", "citation_ids": [77145375], "author": {"tweeter_id": "2572906098"}, "tweet_id": "1236387236612132866"}, {"license": "gnip", "citation_ids": [77145375], "author": {"tweeter_id": "54887627"}, "tweet_id": "1236387355025686530"}, {"license": "gnip", "citation_ids": [77145375], "author": {"tweeter_id": "1087134578819694592"}, "tweet_id": "1236391599204171779"}, {"license": "gnip", "citation_ids": [77145375], "author": {"tweeter_id": "47791337"}, "tweet_id": "1236395032380350471"}, {"license": "gnip", "citation_ids": [77145375], "author": {"tweeter_id": "1658365404"}, "tweet_id": "1236395802794373121"}, {"license": "gnip", "citation_ids": [77145375], "author": {"tweeter_id": "2584784815"}, "tweet_id": "1236395999863676929"}, {"license": "gnip", "citation_ids": [77145375], "author": {"tweeter_id": "80693776"}, "tweet_id": "1236396269238509569"}, {"license": "gnip", "citation_ids": [77145375], "author": {"tweeter_id": "5549932"}, "tweet_id": "1236396457877549056"}, {"license": "gnip", "citation_ids": [77145375], "author": {"tweeter_id": "3414880439"}, "tweet_id": "1236398484825214978"}, {"license": "gnip", "citation_ids": [77145375], "author": {"tweeter_id": "36119322"}, "tweet_id": "1236398977555271680"}, {"license": "gnip", "citation_ids": [77145375], "author": {"tweeter_id": "14925532"}, "tweet_id": "1236400469167259649"}, {"license": "gnip", "citation_ids": [77145375], "author": {"tweeter_id": "1689492204"}, "tweet_id": "1236405049200390144"}, {"license": "gnip", "citation_ids": [77145375], "author": {"tweeter_id": "2710796718"}, "tweet_id": "1236405120453218304"}, {"license": "gnip", "citation_ids": [77145375], "author": {"tweeter_id": "2820570335"}, "tweet_id": "1236406231373357058"}, {"license": "gnip", "citation_ids": [77145375], "author": {"tweeter_id": "835849215943245824"}, "tweet_id": "1236409392502841345"}, {"license": "gnip", "citation_ids": [77145375], "author": {"tweeter_id": "1219808982023323649"}, "tweet_id": "1236413706147332096"}, {"license": "gnip", "citation_ids": [77145375], "author": {"tweeter_id": "264452919"}, "tweet_id": "1236415162841812992"}, {"license": "gnip", "citation_ids": [77145375], "author": {"tweeter_id": "1646897677"}, "tweet_id": "1236418115703132162"}, {"license": "gnip", "citation_ids": [77145375], "author": {"tweeter_id": "2629973764"}, "tweet_id": "1236418462475603971"}, {"license": "gnip", "citation_ids": [77145375], "author": {"tweeter_id": "359096733"}, "tweet_id": "1236418621590601728"}, {"license": "gnip", "citation_ids": [77145375], "author": {"tweeter_id": "444927395"}, "tweet_id": "1236418758685712384"}, {"license": "gnip", "citation_ids": [77145375], "author": {"tweeter_id": "325126593"}, "tweet_id": "1236418908808032256"}, {"license": "gnip", "citation_ids": [77145375], "author": {"tweeter_id": "1105955425940312065"}, "tweet_id": "1236419820842778624"}, {"license": "gnip", "citation_ids": [77145375], "author": {"tweeter_id": "83874770"}, "tweet_id": "1236419930959958016"}, {"license": "gnip", "citation_ids": [77145375], "author": {"tweeter_id": "161939929"}, "tweet_id": "1236425204341055490"}, {"license": "gnip", "citation_ids": [77145375], "author": {"tweeter_id": "47762623"}, "tweet_id": "1236425549238743041"}, {"license": "gnip", "citation_ids": [77145375], "author": {"tweeter_id": "20511717"}, "tweet_id": "1236429928662351872"}, {"license": "gnip", "citation_ids": [77145375], "author": {"tweeter_id": "23964268"}, "tweet_id": "1236437010946183170"}, {"license": "gnip", "citation_ids": [77145375], "author": {"tweeter_id": "2766194652"}, "tweet_id": "1236437386843893762"}, {"license": "gnip", "citation_ids": [77145375], "author": {"tweeter_id": "365109530"}, "tweet_id": "1236439062522859520"}, {"license": "gnip", "citation_ids": [77145375], "author": {"tweeter_id": "2574033231"}, "tweet_id": "1236439646265114624"}, {"license": "gnip", "citation_ids": [77145375], "author": {"tweeter_id": "97559392"}, "tweet_id": "1236441183586521088"}, {"license": "gnip", "citation_ids": [77145375], "author": {"tweeter_id": "26576943"}, "tweet_id": "1236443199234813952"}, {"license": "gnip", "citation_ids": [77145375], "author": {"tweeter_id": "114986572"}, "tweet_id": "1236446296812257280"}, {"license": "gnip", "citation_ids": [77145375], "author": {"tweeter_id": "22029897"}, "tweet_id": "1236446454006382596"}, {"license": "gnip", "citation_ids": [77145375], "author": {"tweeter_id": "1561361665"}, "tweet_id": "1236446921386065926"}, {"license": "gnip", "citation_ids": [77145375], "author": {"tweeter_id": "23195581"}, "tweet_id": "1236447279978070018"}, {"license": "gnip", "citation_ids": [77145375], "author": {"tweeter_id": "1336477628"}, "tweet_id": "1236448600923783168"}, {"license": "gnip", "citation_ids": [77145375], "author": {"tweeter_id": "191583687"}, "tweet_id": "1236451292874018816"}, {"license": "gnip", "citation_ids": [77145375], "author": {"tweeter_id": "15308591"}, "tweet_id": "1236452893865082881"}, {"license": "gnip", "citation_ids": [77145375], "author": {"tweeter_id": "1167627247957626881"}, "tweet_id": "1236456432687394821"}, {"license": "gnip", "citation_ids": [77145375], "author": {"tweeter_id": "56302593"}, "tweet_id": "1236459959442956288"}, {"license": "gnip", "citation_ids": [77145375], "author": {"tweeter_id": "28838219"}, "tweet_id": "1236475143146352640"}, {"license": "gnip", "citation_ids": [77145375], "author": {"tweeter_id": "2518941484"}, "tweet_id": "1236475434654666752"}, {"license": "gnip", "citation_ids": [77145375], "author": {"tweeter_id": "25091157"}, "tweet_id": "1236475538002280448"}, {"license": "gnip", "citation_ids": [77145375], "author": {"tweeter_id": "3515595192"}, "tweet_id": "1236475877405458432"}, {"license": "gnip", "citation_ids": [77145375], "author": {"tweeter_id": "480844917"}, "tweet_id": "1236477078553362432"}, {"license": "gnip", "citation_ids": [77145375], "author": {"tweeter_id": "33811464"}, "tweet_id": "1236477109561741312"}, {"license": "gnip", "citation_ids": [77145375], "author": {"tweeter_id": "5405222"}, "tweet_id": "1236477272594378753"}, {"license": "gnip", "citation_ids": [77145375], "author": {"tweeter_id": "236529593"}, "tweet_id": "1236477743568760833"}, {"license": "gnip", "citation_ids": [77145375], "author": {"tweeter_id": "1218497166081241088"}, "tweet_id": "1236478967844163584"}, {"license": "gnip", "citation_ids": [77145375], "author": {"tweeter_id": "2919743004"}, "tweet_id": "1236481990716604416"}, {"license": "gnip", "citation_ids": [77145375], "author": {"tweeter_id": "3543001941"}, "tweet_id": "1236493707311972352"}, {"license": "gnip", "citation_ids": [77145375], "author": {"tweeter_id": "1234634102222884867"}, "tweet_id": "1236503428789964801"}, {"license": "gnip", "citation_ids": [77145375], "author": {"tweeter_id": "2338474649"}, "tweet_id": "1236510714656940032"}, {"license": "gnip", "citation_ids": [77145375], "author": {"tweeter_id": "578785653"}, "tweet_id": "1236512110571483137"}, {"license": "gnip", "citation_ids": [77145375], "author": {"tweeter_id": "6287082"}, "tweet_id": "1236517236455677953"}, {"license": "gnip", "citation_ids": [77145375], "author": {"tweeter_id": "29967129"}, "tweet_id": "1236533795227987969"}, {"license": "gnip", "citation_ids": [77145375], "author": {"tweeter_id": "327798532"}, "tweet_id": "1236535371963326464"}, {"license": "gnip", "citation_ids": [77145375], "author": {"tweeter_id": "18117381"}, "tweet_id": "1236549283119116289"}, {"license": "gnip", "citation_ids": [77145375], "author": {"tweeter_id": "211910821"}, "tweet_id": "1236552673488441345"}, {"license": "gnip", "citation_ids": [77145375], "author": {"tweeter_id": "1229416238998310913"}, "tweet_id": "1236570481643290625"}, {"license": "gnip", "citation_ids": [77145375], "author": {"tweeter_id": "18079648"}, "tweet_id": "1236576232411668483"}, {"license": "gnip", "citation_ids": [77145375], "author": {"tweeter_id": "64313421"}, "tweet_id": "1236596231805243392"}, {"license": "gnip", "citation_ids": [77145375], "author": {"tweeter_id": "415906140"}, "tweet_id": "1236621490952560640"}, {"license": "gnip", "citation_ids": [77145375], "author": {"tweeter_id": "1223993462456045575"}, "tweet_id": "1236626300145676288"}, {"license": "gnip", "citation_ids": [77145375, 77208353], "author": {"tweeter_id": "90309447"}, "tweet_id": "1236628029410959365"}, {"license": "gnip", "citation_ids": [77145375, 77208353], "author": {"tweeter_id": "1154932502072459264"}, "tweet_id": "1236628099199987712"}, {"license": "gnip", "citation_ids": [77145375, 77208353], "author": {"tweeter_id": "712623374829166593"}, "tweet_id": "1236628572388769792"}, {"license": "gnip", "citation_ids": [77145375, 77208353], "author": {"tweeter_id": "158183627"}, "tweet_id": "1236628585743556609"}, {"license": "gnip", "citation_ids": [77145375, 77208353], "author": {"tweeter_id": "233493756"}, "tweet_id": "1236628588004126720"}, {"license": "gnip", "citation_ids": [77145375, 77208353], "author": {"tweeter_id": "122521895"}, "tweet_id": "1236628733269659648"}, {"license": "gnip", "citation_ids": [77145375, 77208353], "author": {"tweeter_id": "1351543608"}, "tweet_id": "1236628816295890944"}, {"license": "gnip", "citation_ids": [77145375], "author": {"tweeter_id": "610209090"}, "tweet_id": "1236628964719890433"}, {"license": "gnip", "citation_ids": [77145375, 77208353], "author": {"tweeter_id": "1233608191109259264"}, "tweet_id": "1236629032550035456"}, {"license": "gnip", "citation_ids": [77145375, 77208353], "author": {"tweeter_id": "482910008"}, "tweet_id": "1236629343347957760"}, {"license": "gnip", "citation_ids": [77145375, 77208353], "author": {"tweeter_id": "82853152"}, "tweet_id": "1236629718918524931"}, {"license": "gnip", "citation_ids": [77145375, 77208353], "author": {"tweeter_id": "850301917343342592"}, "tweet_id": "1236630607989374977"}, {"license": "gnip", "citation_ids": [77145375, 77208353], "author": {"tweeter_id": "307353364"}, "tweet_id": "1236630974399565825"}, {"license": "gnip", "citation_ids": [77145375, 77208353], "author": {"tweeter_id": "126223260"}, "tweet_id": "1236631247683604480"}, {"license": "gnip", "citation_ids": [77145375, 77208353], "author": {"tweeter_id": "264762391"}, "tweet_id": "1236631491079176192"}, {"license": "gnip", "citation_ids": [77145375, 77208353], "author": {"tweeter_id": "1224955014252130305"}, "tweet_id": "1236631589926273024"}, {"license": "gnip", "citation_ids": [77145375], "author": {"tweeter_id": "248403329"}, "tweet_id": "1236632137283055618"}, {"license": "gnip", "citation_ids": [77145375, 77208353], "author": {"tweeter_id": "95750828"}, "tweet_id": "1236632782866022401"}, {"license": "gnip", "citation_ids": [77145375], "author": {"tweeter_id": "1122261222525755397"}, "tweet_id": "1236633038056013829"}, {"license": "gnip", "citation_ids": [77145375, 77208353], "author": {"tweeter_id": "1386394328"}, "tweet_id": "1236634650094604288"}, {"license": "gnip", "citation_ids": [77145375], "author": {"tweeter_id": "59728556"}, "tweet_id": "1236636602132291585"}, {"license": "gnip", "citation_ids": [77145375, 77208353], "author": {"tweeter_id": "1041320325927993344"}, "tweet_id": "1236636992835731457"}, {"license": "gnip", "citation_ids": [77145375], "author": {"tweeter_id": "25872176"}, "tweet_id": "1236638504513343495"}, {"license": "gnip", "citation_ids": [77145375, 77208353], "author": {"tweeter_id": "1274547396"}, "tweet_id": "1236639867536199681"}, {"license": "gnip", "citation_ids": [77145375], "author": {"tweeter_id": "120665900"}, "tweet_id": "1236646880521662469"}, {"license": "gnip", "citation_ids": [77145375, 77208353], "author": {"tweeter_id": "109701413"}, "tweet_id": "1236664877726326784"}, {"license": "gnip", "citation_ids": [77145375], "author": {"tweeter_id": "53726264"}, "tweet_id": "1236665763026665472"}, {"license": "gnip", "citation_ids": [77145375, 77208353], "author": {"tweeter_id": "585191650"}, "tweet_id": "1236667548503957504"}, {"license": "gnip", "citation_ids": [77145375], "author": {"tweeter_id": "881043721"}, "tweet_id": "1236685129323614209"}, {"license": "gnip", "citation_ids": [77145375, 77208353], "author": {"tweeter_id": "929235950458191872"}, "tweet_id": "1236686651750936577"}, {"license": "gnip", "citation_ids": [77145375], "author": {"tweeter_id": "810804730658074628"}, "tweet_id": "1236690860856635394"}, {"license": "gnip", "citation_ids": [77145375], "author": {"tweeter_id": "115677576"}, "tweet_id": "1236701304208179200"}, {"license": "gnip", "citation_ids": [77145375], "author": {"tweeter_id": "1231063455244918786"}, "tweet_id": "1236703727479853056"}, {"license": "gnip", "citation_ids": [77145375], "author": {"tweeter_id": "1235682729145991168"}, "tweet_id": "1236706349502697472"}, {"license": "gnip", "citation_ids": [77145375, 77208353], "author": {"tweeter_id": "14767600"}, "tweet_id": "1236734600786804741"}, {"license": "gnip", "citation_ids": [77145375, 77208353], "author": {"tweeter_id": "3005385578"}, "tweet_id": "1236768694669172737"}, {"license": "gnip", "citation_ids": [77145375, 77208353], "author": {"tweeter_id": "787469686912851968"}, "tweet_id": "1236773177029578753"}, {"license": "gnip", "citation_ids": [77145375, 77208353], "author": {"tweeter_id": "107582017"}, "tweet_id": "1236782322856284161"}, {"license": "gnip", "citation_ids": [77145375], "author": {"tweeter_id": "83485959"}, "tweet_id": "1236812790318448646"}, {"license": "gnip", "citation_ids": [77145375, 77208353], "author": {"tweeter_id": "214426261"}, "tweet_id": "1236817326080544768"}, {"license": "gnip", "citation_ids": [77145375, 77208353], "author": {"tweeter_id": "42793761"}, "tweet_id": "1236818167923527680"}, {"license": "gnip", "citation_ids": [77145375, 77208353], "author": {"tweeter_id": "932791262997909504"}, "tweet_id": "1236818715032686592"}, {"license": "gnip", "citation_ids": [77145375], "author": {"tweeter_id": "3547894222"}, "tweet_id": "1236819338314776581"}, {"license": "gnip", "citation_ids": [77145375, 77208353], "author": {"tweeter_id": "203057638"}, "tweet_id": "1236821054770708482"}, {"license": "gnip", "citation_ids": [77145375, 77208353], "author": {"tweeter_id": "17774181"}, "tweet_id": "1236824756843737089"}, {"license": "gnip", "citation_ids": [77145375, 77208353], "author": {"tweeter_id": "618391865"}, "tweet_id": "1236826828091699200"}, {"license": "gnip", "citation_ids": [77145375, 77208353], "author": {"tweeter_id": "115308959"}, "tweet_id": "1236833894130843648"}, {"license": "gnip", "citation_ids": [77145375, 77208353], "author": {"tweeter_id": "2582034198"}, "tweet_id": "1236834734916812800"}, {"license": "gnip", "citation_ids": [77145375, 77208353], "author": {"tweeter_id": "850787453342408704"}, "tweet_id": "1236850815869976581"}, {"license": "gnip", "citation_ids": [77145375, 77208353], "author": {"tweeter_id": "2572197596"}, "tweet_id": "1236853683079409664"}, {"license": "gnip", "citation_ids": [77145375, 77208353], "author": {"tweeter_id": "2315027978"}, "tweet_id": "1236860454770634753"}, {"license": "gnip", "citation_ids": [77145375, 77208353], "author": {"tweeter_id": "3366188053"}, "tweet_id": "1236907610961412097"}, {"license": "gnip", "citation_ids": [77145375, 77208353], "author": {"tweeter_id": "15378023"}, "tweet_id": "1236909910127853575"}, {"license": "gnip", "citation_ids": [77145375, 77208353], "author": {"tweeter_id": "919574401313640448"}, "tweet_id": "1236917356892479488"}, {"license": "gnip", "citation_ids": [77145375], "author": {"tweeter_id": "14465282"}, "tweet_id": "1236917472306946048"}, {"license": "gnip", "citation_ids": [77145375], "author": {"tweeter_id": "1051342219880230912"}, "tweet_id": "1236917838469689344"}, {"license": "gnip", "citation_ids": [77145375], "author": {"tweeter_id": "828353466481389569"}, "tweet_id": "1236918754577129472"}, {"license": "gnip", "citation_ids": [77145375, 77208353], "author": {"tweeter_id": "1190175193"}, "tweet_id": "1236936734501302278"}, {"license": "gnip", "citation_ids": [77145375, 77208353], "author": {"tweeter_id": "1097326339596513280"}, "tweet_id": "1236944398417420288"}, {"license": "gnip", "citation_ids": [77145375], "author": {"tweeter_id": "888868383126679554"}, "tweet_id": "1236949266041573376"}, {"license": "gnip", "citation_ids": [77145375, 77208353], "author": {"tweeter_id": "922260452540801024"}, "tweet_id": "1236966990465531906"}, {"license": "gnip", "citation_ids": [77145375, 77208353], "author": {"tweeter_id": "2829941593"}, "tweet_id": "1236967408079736833"}, {"license": "gnip", "citation_ids": [77145375, 77208353], "author": {"tweeter_id": "764215699195637760"}, "tweet_id": "1236972411678908417"}, {"license": "gnip", "citation_ids": [77145375, 77208353], "author": {"tweeter_id": "851051763486433281"}, "tweet_id": "1236977024570241026"}, {"license": "gnip", "citation_ids": [77145375], "author": {"tweeter_id": "2381150314"}, "tweet_id": "1236992874383839232"}, {"license": "gnip", "citation_ids": [77145375, 77208353], "author": {"tweeter_id": "264215850"}, "tweet_id": "1237004246223949824"}, {"license": "gnip", "citation_ids": [77145375], "author": {"tweeter_id": "1044196866353696770"}, "tweet_id": "1237026456217231360"}, {"license": "gnip", "citation_ids": [77145375, 77208353], "author": {"tweeter_id": "298039042"}, "tweet_id": "1237207847307317248"}, {"license": "gnip", "citation_ids": [77145375], "author": {"tweeter_id": "602908846"}, "tweet_id": "1237226482520465409"}, {"license": "gnip", "citation_ids": [77145375], "author": {"tweeter_id": "274888804"}, "tweet_id": "1237362155713953792"}, {"license": "gnip", "citation_ids": [77145375], "author": {"tweeter_id": "192086031"}, "tweet_id": "1237365113167831041"}, {"license": "gnip", "citation_ids": [77145375], "author": {"tweeter_id": "79795696"}, "tweet_id": "1237753037805871110"}, {"license": "gnip", "citation_ids": [77145375, 77139465], "author": {"tweeter_id": "2332368062"}, "tweet_id": "1239341817520422913"}, {"license": "gnip", "citation_ids": [77145375], "author": {"tweeter_id": "184871338"}, "tweet_id": "1239704243809869824"}]}, "score": 123.05, "images": {"small": "https://badges.altmetric.com/?size=64&score=124&types=tttttttt", "medium": "https://badges.altmetric.com/?size=100&score=124&types=tttttttt", "large": "https://badges.altmetric.com/?size=180&score=124&types=tttttttt"}}