{"altmetric_id": 77332127, "counts": {"readers": {"mendeley": 0, "citeulike": 0, "connotea": 0}, "total": {"posts_count": 20}, "twitter": {"unique_users_count": 18, "posts_count": 20}}, "citation": {"authors": ["Zeng, Qiang", "Li, Yong-zhe", "Huang, Gang", "Wu, Wei", "Dong, Sheng-yong", "Xu, Yang"], "doi": "10.1101/2020.03.08.20031229", "first_seen_on": "2020-03-11T09:39:48+00:00", "issns": [], "last_mentioned_on": 1584331539, "links": ["https://www.medrxiv.org/content/10.1101/2020.03.08.20031229v1", "https://www.medrxiv.org/content/10.1101/2020.03.08.20031229v2?utm_source=dlvr.it&utm_medium=twitter", "https://www.medrxiv.org/content/10.1101/2020.03.08.20031229v2"], "pdf_url": "https://www.medrxiv.org/content/medrxiv/early/2020/03/10/2020.03.08.20031229.full.pdf", "publisher": "Cold Spring Harbor Laboratory", "title": "Mortality of COVID-19 is Associated with Cellular Immune Function Compared to Immune Function in Chinese Han Population", "type": "article"}, "altmetric_score": {"score": 13.4, "score_history": {"1y": 13.4, "6m": 13.4, "3m": 13.4, "1m": 13.4, "1w": 13.4, "6d": 7.85, "5d": 7.85, "4d": 2.7, "3d": 0.85, "2d": 0, "1d": 0, "at": 13.4}, "context_for_score": null}, "demographics": {"poster_types": {"member_of_the_public": 12, "researcher": 3, "practitioner": 2, "science_communicator": 1}, "users": {"twitter": {"cohorts": {"Members of the public": 12, "Science communicators (journalists, bloggers, editors)": 1, "Scientists": 3, "Practitioners (doctors, other healthcare professionals)": 2}}}, "geo": {"twitter": {"US": 5, "IT": 1, "TH": 1, "IL": 1, "BR": 1, "AR": 1, "AU": 1}}}, "posts": {"twitter": [{"license": "gnip", "citation_ids": [77332127], "author": {"tweeter_id": "921400462838042624"}, "tweet_id": "1237674513556439040"}, {"license": "gnip", "citation_ids": [77332127], "author": {"tweeter_id": "101057515"}, "tweet_id": "1237674593109848064"}, {"license": "gnip", "citation_ids": [77332127], "author": {"tweeter_id": "1190367884855386112"}, "tweet_id": "1237674887520628736"}, {"license": "gnip", "citation_ids": [77332127], "author": {"tweeter_id": "903306563963817985"}, "tweet_id": "1237676082758901766"}, {"license": "gnip", "citation_ids": [77332127], "author": {"tweeter_id": "1113735524295094272"}, "tweet_id": "1237678046976659456"}, {"license": "gnip", "citation_ids": [77332127], "author": {"tweeter_id": "2252973282"}, "tweet_id": "1237683222642917378"}, {"license": "gnip", "citation_ids": [77332127], "author": {"tweeter_id": "4901919879"}, "tweet_id": "1237716687199354881"}, {"license": "gnip", "citation_ids": [77332127], "author": {"tweeter_id": "4901919879"}, "tweet_id": "1237716705293602817"}, {"license": "gnip", "citation_ids": [77332127], "author": {"tweeter_id": "4901919879"}, "tweet_id": "1237717434548830210"}, {"license": "gnip", "citation_ids": [77332127], "author": {"tweeter_id": "919574401313640448"}, "tweet_id": "1237868429916307458"}, {"license": "gnip", "citation_ids": [77332127], "author": {"tweeter_id": "1214232500664295424"}, "tweet_id": "1238661642444886016"}, {"license": "gnip", "citation_ids": [77332127], "author": {"tweeter_id": "1216110572288331776"}, "tweet_id": "1238662078208126978"}, {"license": "gnip", "citation_ids": [77332127], "author": {"tweeter_id": "1225245652386537472"}, "tweet_id": "1238662524872134656"}, {"license": "gnip", "citation_ids": [77332127], "author": {"tweeter_id": "20275809"}, "tweet_id": "1238662886240792576"}, {"license": "gnip", "citation_ids": [77332127], "author": {"tweeter_id": "1173913656511221760"}, "tweet_id": "1238663840956428288"}, {"license": "gnip", "citation_ids": [77332127], "author": {"tweeter_id": "879017154288508930"}, "tweet_id": "1238665095686782977"}, {"license": "gnip", "citation_ids": [77332127], "author": {"tweeter_id": "1234916116717158400"}, "tweet_id": "1238672566727741440"}, {"license": "gnip", "citation_ids": [77332127], "author": {"tweeter_id": "1158985285"}, "tweet_id": "1238801090684039168"}, {"license": "gnip", "citation_ids": [77332127], "author": {"tweeter_id": "148592588"}, "tweet_id": "1238990258236051456"}, {"license": "gnip", "citation_ids": [77332127], "author": {"tweeter_id": "18779689"}, "tweet_id": "1239402422717603840"}]}, "score": 13.4, "images": {"small": "https://badges.altmetric.com/?size=64&score=14&types=tttttttt", "medium": "https://badges.altmetric.com/?size=100&score=14&types=tttttttt", "large": "https://badges.altmetric.com/?size=180&score=14&types=tttttttt"}}