{"altmetric_id": 76347783, "counts": {"readers": {"mendeley": 0, "citeulike": 0, "connotea": 0}, "total": {"posts_count": 41}, "twitter": {"unique_users_count": 40, "posts_count": 41}}, "citation": {"altmetric_jid": "4f6fa50b3cf058f610003166", "authors": ["Amanda B. Keener"], "doi": "10.1038/d41591-020-00002-4", "first_seen_on": "2020-02-19T14:58:57+00:00", "issns": ["1078-8956", "1546-170X"], "journal": "Nature Medicine", "last_mentioned_on": 1584529190, "links": ["https://www.nature.com/articles/d41591-020-00002-4?error=cookies_not_supported&code=09c7df6d-9ce1-45f0-a895-0fc0d196b280", "https://www.nature.com/articles/d41591-020-00002-4?utm_source=dlvr.it&utm_medium=twitter&error=cookies_not_supported&code=3a8deeff-6b86-4e1d-870b-32b3942cb5e6", "https://www.nature.com/articles/d41591-020-00002-4?error=cookies_not_supported&code=42289414-d01e-456c-8d43-8dafcf6972ba", "https://www.nature.com/articles/d41591-020-00002-4?error=cookies_not_supported&code=2736b404-b874-4011-bb04-8c57674c9b03", "https://www.nature.com/articles/d41591-020-00002-4?error=cookies_not_supported&code=28311457-61ab-4bb1-9b64-0aa43945ed33"], "epubdate": "2020-02-19T00:00:00+00:00", "publisher_subjects": [{"name": "Medical And Health Sciences", "scheme": "era"}], "scopus_subjects": ["Biochemistry, Genetics and Molecular Biology", "Health Sciences", "Life Sciences", "Medicine"], "title": "Four ways researchers are responding to the COVID-19 outbreak", "type": "news"}, "altmetric_score": {"score": 20.5, "score_history": {"1y": 20.5, "6m": 20.5, "3m": 20.5, "1m": 20.5, "1w": 7.3, "6d": 7.3, "5d": 7.3, "4d": 1.85, "3d": 1.85, "2d": 1.35, "1d": 0.85, "at": 20.5}, "context_for_score": {"all": {"total_number_of_other_articles": 14518952, "mean": 8.4687422759303, "rank": 867868, "this_scored_higher_than_pct": 94, "this_scored_higher_than": 13648686, "rank_type": "exact", "sample_size": 14518952, "percentile": 94}, "similar_age_3m": {"total_number_of_other_articles": 169577, "mean": 14.502748325235, "rank": 16207, "this_scored_higher_than_pct": 90, "this_scored_higher_than": 153342, "rank_type": "exact", "sample_size": 169577, "percentile": 90}, "this_journal": {"total_number_of_other_articles": 6878, "mean": 40.553875236295, "rank": 1810, "this_scored_higher_than_pct": 73, "this_scored_higher_than": 5066, "rank_type": "exact", "sample_size": 6878, "percentile": 73}, "similar_age_this_journal_3m": {"total_number_of_other_articles": 73, "mean": 237.73561111112, "rank": 48, "this_scored_higher_than_pct": 34, "this_scored_higher_than": 25, "rank_type": "exact", "sample_size": 73, "percentile": 34}}}, "demographics": {"poster_types": {"member_of_the_public": 20, "researcher": 10, "practitioner": 3, "science_communicator": 7}, "users": {"twitter": {"cohorts": {"Members of the public": 20, "Science communicators (journalists, bloggers, editors)": 7, "Scientists": 10, "Practitioners (doctors, other healthcare professionals)": 3}}}, "geo": {"twitter": {"US": 11, "PG": 1, "BR": 1, "ES": 4, "GB": 5, "KR": 1, "NL": 1, "IT": 2, "SA": 1, "TH": 1, "AU": 1}}}, "posts": {"twitter": [{"license": "gnip", "citation_ids": [76347783], "author": {"tweeter_id": "1560452209"}, "tweet_id": "1230142615343042563"}, {"license": "gnip", "citation_ids": [76347783], "author": {"tweeter_id": "26153583"}, "tweet_id": "1230197745194946560"}, {"license": "gnip", "citation_ids": [76347783], "author": {"tweeter_id": "26832834"}, "tweet_id": "1230230191835840513"}, {"license": "gnip", "citation_ids": [76347783], "author": {"tweeter_id": "988219058037428224"}, "tweet_id": "1230231423757541380"}, {"license": "gnip", "citation_ids": [76347783], "author": {"tweeter_id": "1039196186165501952"}, "tweet_id": "1230231520985546752"}, {"license": "gnip", "citation_ids": [76347783], "author": {"tweeter_id": "295382679"}, "tweet_id": "1230231560634458115"}, {"license": "gnip", "citation_ids": [76347783], "author": {"tweeter_id": "914039754911567873"}, "tweet_id": "1230235391489462272"}, {"license": "gnip", "citation_ids": [76347783], "author": {"tweeter_id": "1095730566329188352"}, "tweet_id": "1230236918832619521"}, {"license": "gnip", "citation_ids": [76347783], "author": {"tweeter_id": "2364549031"}, "tweet_id": "1230237946005086212"}, {"license": "gnip", "citation_ids": [76347783], "author": {"tweeter_id": "4062786255"}, "tweet_id": "1230246716583972864"}, {"license": "gnip", "citation_ids": [76347783], "author": {"tweeter_id": "18106658"}, "tweet_id": "1230249717994377216"}, {"license": "gnip", "citation_ids": [76347783], "author": {"tweeter_id": "1102268065201487873"}, "tweet_id": "1230275435503792128"}, {"license": "gnip", "citation_ids": [76347783], "author": {"tweeter_id": "989369684880379904"}, "tweet_id": "1230365187879817216"}, {"license": "gnip", "citation_ids": [76347783], "author": {"tweeter_id": "2799424524"}, "tweet_id": "1230430173704654848"}, {"license": "gnip", "citation_ids": [76347783], "author": {"tweeter_id": "908612556088061952"}, "tweet_id": "1230433225291501568"}, {"license": "gnip", "citation_ids": [76347783], "author": {"tweeter_id": "928823198572994561"}, "tweet_id": "1230436042404220929"}, {"license": "gnip", "citation_ids": [76347783], "author": {"tweeter_id": "2805863557"}, "tweet_id": "1230441998513004546"}, {"license": "gnip", "citation_ids": [76347783], "author": {"tweeter_id": "27800574"}, "tweet_id": "1230444731592839168"}, {"license": "gnip", "citation_ids": [76347783], "author": {"tweeter_id": "50340794"}, "tweet_id": "1230455341508366339"}, {"license": "gnip", "citation_ids": [76347783], "author": {"tweeter_id": "22021398"}, "tweet_id": "1230455678210363392"}, {"license": "gnip", "citation_ids": [76347783], "author": {"tweeter_id": "2240968964"}, "tweet_id": "1230491452309790721"}, {"license": "gnip", "citation_ids": [76347783], "author": {"tweeter_id": "2514475647"}, "tweet_id": "1230835968422371328"}, {"license": "gnip", "citation_ids": [76347783], "author": {"tweeter_id": "1097836528779345921"}, "tweet_id": "1230844237341700097"}, {"license": "gnip", "citation_ids": [76347783], "author": {"tweeter_id": "2742958989"}, "tweet_id": "1231902579728228353"}, {"license": "gnip", "citation_ids": [76347783], "author": {"tweeter_id": "1456037436"}, "tweet_id": "1232362018860097536"}, {"license": "gnip", "citation_ids": [76347783], "author": {"tweeter_id": "2238857168"}, "tweet_id": "1233435424883785728"}, {"license": "gnip", "citation_ids": [76347783], "author": {"tweeter_id": "747441761128189952"}, "tweet_id": "1236859725381349376"}, {"license": "gnip", "citation_ids": [76347783], "author": {"tweeter_id": "26832834"}, "tweet_id": "1238508061490393090"}, {"license": "gnip", "citation_ids": [76347783], "author": {"tweeter_id": "733592704651694080"}, "tweet_id": "1238508309742788608"}, {"license": "gnip", "citation_ids": [76347783], "author": {"tweeter_id": "101792463"}, "tweet_id": "1238508945020346373"}, {"license": "gnip", "citation_ids": [76347783], "author": {"tweeter_id": "139869614"}, "tweet_id": "1238509312252747778"}, {"license": "gnip", "citation_ids": [76347783], "author": {"tweeter_id": "364147559"}, "tweet_id": "1238509910083670017"}, {"license": "gnip", "citation_ids": [76347783], "author": {"tweeter_id": "480627709"}, "tweet_id": "1238533777275617292"}, {"license": "gnip", "citation_ids": [76347783], "author": {"tweeter_id": "1861103216"}, "tweet_id": "1238551734026293248"}, {"license": "gnip", "citation_ids": [76347783], "author": {"tweeter_id": "1164527955399401472"}, "tweet_id": "1238564328196001793"}, {"license": "gnip", "citation_ids": [76347783], "author": {"tweeter_id": "4707750373"}, "tweet_id": "1238641117211525120"}, {"license": "gnip", "citation_ids": [76347783], "author": {"tweeter_id": "795442954475159553"}, "tweet_id": "1238757913142816769"}, {"license": "gnip", "citation_ids": [76347783], "author": {"tweeter_id": "122739382"}, "tweet_id": "1239208663757344768"}, {"license": "gnip", "citation_ids": [76347783], "author": {"tweeter_id": "738319421400190976"}, "tweet_id": "1239491809601916928"}, {"license": "gnip", "citation_ids": [76347783], "author": {"tweeter_id": "130016669"}, "tweet_id": "1239681862252892160"}, {"license": "gnip", "citation_ids": [76347783], "author": {"tweeter_id": "32851301"}, "tweet_id": "1240231434197008386"}]}, "score": 20.5, "images": {"small": "https://badges.altmetric.com/?size=64&score=21&types=tttttttt", "medium": "https://badges.altmetric.com/?size=100&score=21&types=tttttttt", "large": "https://badges.altmetric.com/?size=180&score=21&types=tttttttt"}}