{"altmetric_id": 77143493, "counts": {"readers": {"mendeley": 0, "citeulike": 0, "connotea": 0}, "total": {"posts_count": 83}, "twitter": {"unique_users_count": 76, "posts_count": 80}, "blogs": {"unique_users_count": 1, "unique_users": [60212], "posts_count": 1}, "facebook": {"unique_users_count": 1, "unique_users": ["112930655390817"], "posts_count": 1}, "news": {"unique_users_count": 1, "unique_users": ["the_mandarin"], "posts_count": 1}}, "citation": {"altmetric_jid": "4f6fa4e93cf058f61000245c", "authors": ["Owen Dyer"], "doi": "10.1136/bmj.m941", "first_seen_on": "2020-03-06T18:55:23+00:00", "issns": ["1756-1833"], "journal": "British Medical Journal", "last_mentioned_on": 1584424071, "links": ["https://www.bmj.com/content/368/bmj.m941", "https://www.bmj.com/content/368/bmj.m941?utm_source=twitter&utm_medium=social&utm_term=hootsuite&utm_content=sme&utm_campaign=usage", "https://www.bmj.com/content/368/bmj.m941?fbclid=IwAR2rzx1uXwYAuRX8XY2AVcnIKhx3BbJmzLQxOc2TmeUXqx93mOgDciT_ec0", "https://www.bmj.com/content/368/bmj.m941?=&utm_source=adestra&utm_medium=email&utm_campaign=usage&utm_content=daily&utm_term=text", "https://www.bmj.com/content/368/bmj.m941?=", "https://www.bmj.com/content/368/bmj.m941.full", "https://www.bmj.com/content/bmj/368/bmj.m941.full.pdf"], "pdf_url": "https://www.bmj.com/content/bmj/368/bmj.m941.full.pdf", "pmid": "32144176", "epubdate": "2020-03-06T00:00:00+00:00", "publisher_subjects": [{"name": "Public Health And Health Services", "scheme": "era"}], "scopus_subjects": ["Medicine", "Health Sciences"], "title": "Trump claims public health warnings on covid-19 are a conspiracy against him", "type": "article", "volume": "368"}, "altmetric_score": {"score": 67.48, "score_history": {"1y": 67.48, "6m": 67.48, "3m": 67.48, "1m": 67.48, "1w": 23.93, "6d": 21.43, "5d": 15.5, "4d": 3, "3d": 1, "2d": 1, "1d": 1, "at": 67.48}, "context_for_score": {"all": {"total_number_of_other_articles": 14511319, "mean": 8.4629511764431, "rank": 286127, "this_scored_higher_than_pct": 98, "this_scored_higher_than": 14225392, "rank_type": "exact", "sample_size": 14511319, "percentile": 98}, "similar_age_3m": {"total_number_of_other_articles": 149788, "mean": 13.929627003679, "rank": 5249, "this_scored_higher_than_pct": 96, "this_scored_higher_than": 144539, "rank_type": "exact", "sample_size": 149788, "percentile": 96}, "this_journal": {"total_number_of_other_articles": 46627, "mean": 31.204380217046, "rank": 3997, "this_scored_higher_than_pct": 91, "this_scored_higher_than": 42630, "rank_type": "exact", "sample_size": 46627, "percentile": 91}, "similar_age_this_journal_3m": {"total_number_of_other_articles": 350, "mean": 56.266011461318, "rank": 76, "this_scored_higher_than_pct": 78, "this_scored_higher_than": 274, "rank_type": "exact", "sample_size": 350, "percentile": 78}}}, "demographics": {"poster_types": {"member_of_the_public": 50, "researcher": 8, "practitioner": 13, "science_communicator": 5}, "users": {"twitter": {"cohorts": {"Members of the public": 50, "Practitioners (doctors, other healthcare professionals)": 13, "Scientists": 8, "Science communicators (journalists, bloggers, editors)": 5}}}, "geo": {"twitter": {"NL": 7, "NO": 1, "GB": 15, "CA": 2, "KR": 1, "FR": 1, "US": 11, "IT": 1, "DE": 1, "ES": 1, "IS": 1}}}, "posts": {"twitter": [{"license": "gnip", "citation_ids": [77143493], "author": {"tweeter_id": "1111549270946181120"}, "tweet_id": "1236003819160580096"}, {"license": "gnip", "citation_ids": [77143493], "author": {"tweeter_id": "197796349"}, "tweet_id": "1236008818502402049"}, {"license": "gnip", "citation_ids": [77143493], "author": {"tweeter_id": "306126928"}, "tweet_id": "1236010428830044163"}, {"license": "gnip", "citation_ids": [77143493], "author": {"tweeter_id": "354886528"}, "tweet_id": "1236026314664091649"}, {"license": "gnip", "citation_ids": [77143493], "author": {"tweeter_id": "1127826775"}, "tweet_id": "1236030496255152128"}, {"license": "gnip", "citation_ids": [77143493], "author": {"tweeter_id": "23745605"}, "tweet_id": "1236037091240431618"}, {"license": "gnip", "citation_ids": [77143493], "author": {"tweeter_id": "41326943"}, "tweet_id": "1236044339849187328"}, {"license": "gnip", "citation_ids": [77143493], "author": {"tweeter_id": "16949344"}, "tweet_id": "1236049128137859074"}, {"license": "gnip", "citation_ids": [77143493], "author": {"tweeter_id": "1077008722625482752"}, "tweet_id": "1236049141022765056"}, {"license": "gnip", "citation_ids": [77143493], "author": {"tweeter_id": "60769616"}, "tweet_id": "1236051044465078275"}, {"license": "gnip", "citation_ids": [77143493], "author": {"tweeter_id": "2701675310"}, "tweet_id": "1236052051387387904"}, {"license": "gnip", "citation_ids": [77143493], "author": {"tweeter_id": "245355887"}, "tweet_id": "1236054393373552642"}, {"license": "gnip", "citation_ids": [77143493], "author": {"tweeter_id": "233282223"}, "tweet_id": "1236054943557181440"}, {"license": "gnip", "citation_ids": [77143493], "author": {"tweeter_id": "227427398"}, "tweet_id": "1236057267457454080"}, {"license": "gnip", "citation_ids": [77143493], "author": {"tweeter_id": "227871086"}, "tweet_id": "1236058431729086465"}, {"license": "gnip", "citation_ids": [77143493], "author": {"tweeter_id": "344422690"}, "tweet_id": "1236062036611575808"}, {"license": "gnip", "citation_ids": [77143493], "author": {"tweeter_id": "3248180005"}, "tweet_id": "1236062055452438528"}, {"license": "gnip", "citation_ids": [77143493], "author": {"tweeter_id": "1049432200909938693"}, "tweet_id": "1236062528238751744"}, {"license": "gnip", "citation_ids": [77143493], "author": {"tweeter_id": "37935680"}, "tweet_id": "1236066969813749760"}, {"license": "gnip", "citation_ids": [77143493], "author": {"tweeter_id": "955566362537193475"}, "tweet_id": "1236068269876002816"}, {"license": "gnip", "citation_ids": [77143493], "author": {"tweeter_id": "991765239501910016"}, "tweet_id": "1236073163349516289"}, {"license": "gnip", "citation_ids": [77143493], "author": {"tweeter_id": "3260878071"}, "tweet_id": "1236091790190678016"}, {"license": "gnip", "citation_ids": [77143493], "author": {"tweeter_id": "359318365"}, "tweet_id": "1236096510326005760"}, {"license": "gnip", "citation_ids": [77143493], "author": {"tweeter_id": "131489001"}, "tweet_id": "1236098486501666816"}, {"license": "gnip", "citation_ids": [77143493], "author": {"tweeter_id": "955241569"}, "tweet_id": "1236151381318193153"}, {"license": "gnip", "citation_ids": [77143493], "author": {"tweeter_id": "1065889607764586500"}, "tweet_id": "1236168262842540033"}, {"license": "gnip", "citation_ids": [77143493], "author": {"tweeter_id": "742484898896740352"}, "tweet_id": "1236245290530885633"}, {"license": "gnip", "citation_ids": [77143493], "author": {"tweeter_id": "742484898896740352"}, "tweet_id": "1236245341999116288"}, {"license": "gnip", "citation_ids": [77143493], "author": {"tweeter_id": "342956061"}, "tweet_id": "1236293956956233728"}, {"license": "gnip", "citation_ids": [77143493], "author": {"tweeter_id": "2281823033"}, "tweet_id": "1236336549123567619"}, {"license": "gnip", "citation_ids": [77143493], "author": {"tweeter_id": "358645886"}, "tweet_id": "1236343446371217408"}, {"license": "gnip", "citation_ids": [77143493], "author": {"tweeter_id": "2582596082"}, "tweet_id": "1236358470426865665"}, {"license": "gnip", "citation_ids": [77143493], "author": {"tweeter_id": "303629851"}, "tweet_id": "1236359290232897538"}, {"license": "gnip", "citation_ids": [77143493], "author": {"tweeter_id": "33557021"}, "tweet_id": "1236360769232609280"}, {"license": "gnip", "citation_ids": [77143493], "author": {"tweeter_id": "232144061"}, "tweet_id": "1236366874872610816"}, {"license": "gnip", "citation_ids": [77143493], "author": {"tweeter_id": "36051159"}, "tweet_id": "1236478835031527424"}, {"license": "gnip", "citation_ids": [77143493], "author": {"tweeter_id": "1080245442732974081"}, "tweet_id": "1236585423171809281"}, {"license": "gnip", "citation_ids": [77143493], "author": {"tweeter_id": "1080245442732974081"}, "tweet_id": "1236585885262479362"}, {"license": "gnip", "citation_ids": [77143493], "author": {"tweeter_id": "40648070"}, "tweet_id": "1236665506033209353"}, {"license": "gnip", "citation_ids": [77143493], "author": {"tweeter_id": "547168654"}, "tweet_id": "1236678097145135104"}, {"license": "gnip", "citation_ids": [77143493], "author": {"tweeter_id": "1669325431"}, "tweet_id": "1236843968660299777"}, {"license": "gnip", "citation_ids": [77143493], "author": {"tweeter_id": "418223643"}, "tweet_id": "1236886324977840128"}, {"license": "gnip", "citation_ids": [77143493], "author": {"tweeter_id": "3425550706"}, "tweet_id": "1236899010872512512"}, {"license": "gnip", "citation_ids": [77143493], "author": {"tweeter_id": "1003857768"}, "tweet_id": "1236903337477332992"}, {"license": "gnip", "citation_ids": [77143493], "author": {"tweeter_id": "1129760798"}, "tweet_id": "1236909770856173568"}, {"license": "gnip", "citation_ids": [77143493], "author": {"tweeter_id": "1091740834138071041"}, "tweet_id": "1236967975250472960"}, {"license": "gnip", "citation_ids": [77143493], "author": {"tweeter_id": "294515561"}, "tweet_id": "1236969847495540736"}, {"license": "gnip", "citation_ids": [77143493], "author": {"tweeter_id": "1704771181"}, "tweet_id": "1236970538591047685"}, {"license": "gnip", "citation_ids": [77143493], "author": {"tweeter_id": "15460376"}, "tweet_id": "1236974400286621696"}, {"license": "gnip", "citation_ids": [77143493], "author": {"tweeter_id": "29965800"}, "tweet_id": "1236985187076112385"}, {"license": "gnip", "citation_ids": [77143493], "author": {"tweeter_id": "1366876747"}, "tweet_id": "1236990118654889987"}, {"license": "gnip", "citation_ids": [77143493], "author": {"tweeter_id": "286285615"}, "tweet_id": "1236992414193192961"}, {"license": "gnip", "citation_ids": [77143493], "author": {"tweeter_id": "828765252"}, "tweet_id": "1237003764290195457"}, {"license": "gnip", "citation_ids": [77143493], "author": {"tweeter_id": "280684988"}, "tweet_id": "1237006135514861573"}, {"license": "gnip", "citation_ids": [77143493], "author": {"tweeter_id": "279112620"}, "tweet_id": "1237029341915049985"}, {"license": "gnip", "citation_ids": [77143493], "author": {"tweeter_id": "811362148211453954"}, "tweet_id": "1237033199357886464"}, {"license": "gnip", "citation_ids": [77143493], "author": {"tweeter_id": "456527895"}, "tweet_id": "1237033637264179205"}, {"license": "gnip", "citation_ids": [77143493], "author": {"tweeter_id": "99197591"}, "tweet_id": "1237035027516534787"}, {"license": "gnip", "citation_ids": [77143493], "author": {"tweeter_id": "100582387"}, "tweet_id": "1237067241646063616"}, {"license": "gnip", "citation_ids": [77143493], "author": {"tweeter_id": "769042670626959360"}, "tweet_id": "1237071087973937154"}, {"license": "gnip", "citation_ids": [77143493], "author": {"tweeter_id": "24418985"}, "tweet_id": "1237071706122063873"}, {"license": "gnip", "citation_ids": [77143493], "author": {"tweeter_id": "23810643"}, "tweet_id": "1237072209438441472"}, {"license": "gnip", "citation_ids": [77143493], "author": {"tweeter_id": "249537501"}, "tweet_id": "1237123633950019585"}, {"license": "gnip", "citation_ids": [77143493], "author": {"tweeter_id": "35271662"}, "tweet_id": "1237183251166269441"}, {"license": "gnip", "citation_ids": [77143493], "author": {"tweeter_id": "1238217276"}, "tweet_id": "1237299215040229376"}, {"license": "gnip", "citation_ids": [77143493], "author": {"tweeter_id": "17672743"}, "tweet_id": "1237307379194232832"}, {"license": "gnip", "citation_ids": [77143493], "author": {"tweeter_id": "1168476117159829505"}, "tweet_id": "1237370147268112387"}, {"license": "gnip", "citation_ids": [77143493], "author": {"tweeter_id": "1185204526686621696"}, "tweet_id": "1237664282290130944"}, {"license": "gnip", "citation_ids": [77143493], "author": {"tweeter_id": "28824136"}, "tweet_id": "1237979243214233602"}, {"license": "gnip", "citation_ids": [77143493], "author": {"tweeter_id": "203232961"}, "tweet_id": "1237981986548932608"}, {"license": "gnip", "citation_ids": [77143493], "author": {"tweeter_id": "851132150"}, "tweet_id": "1238139593024774145"}, {"license": "gnip", "citation_ids": [77143493], "author": {"tweeter_id": "1103688770094796800"}, "tweet_id": "1238175937277112320"}, {"license": "gnip", "citation_ids": [77143493, 77257179], "author": {"tweeter_id": "874191251087572992"}, "tweet_id": "1238270230184542208"}, {"license": "gnip", "citation_ids": [75488372, 77143493, 74957328, 76214337], "author": {"tweeter_id": "874191251087572992"}, "tweet_id": "1238358383213903872"}, {"license": "gnip", "citation_ids": [77143493], "author": {"tweeter_id": "39318996"}, "tweet_id": "1238572270416736262"}, {"license": "gnip", "citation_ids": [77143493], "author": {"tweeter_id": "14206115"}, "tweet_id": "1238597836805005312"}, {"license": "gnip", "citation_ids": [77143493], "author": {"tweeter_id": "196802928"}, "tweet_id": "1238664452662329345"}, {"license": "gnip", "citation_ids": [77143493], "author": {"tweeter_id": "196802928"}, "tweet_id": "1238664453689876481"}, {"license": "gnip", "citation_ids": [77143493], "author": {"tweeter_id": "823054481311014912"}, "tweet_id": "1238665449744805888"}, {"license": "gnip", "citation_ids": [77143493], "author": {"tweeter_id": "854042395"}, "tweet_id": "1239790530868867072"}], "blogs": [{"title": "On #COVID19, how are Australia and the rest of the world shaping up?", "url": "https://croakey.org/on-covid19-how-are-australia-and-the-rest-of-the-world-shaping-up/", "license": "public", "citation_ids": [77143493, 77173363, 77247126, 77154273, 77154228, 76716778, 77264127], "posted_on": "2020-03-11T11:22:36+00:00", "summary": "A quick tour around the world shows countries are in various stages of preparing for and experiencing the COVID-19 outbreak, with the health impacts to arise from massive economic and social disruption, stress on health systems and healthcare workers, as w", "author": {"name": "Croakey", "url": "https://croakey.org/", "description": "independent, in-depth social journalism for health"}}], "facebook": [{"title": "Trump claims public health warnings on covid-19 are a conspiracy against him", "url": "https://www.facebook.com/permalink.php?story_fbid=3365471613470022&id=112930655390817", "license": "public", "citation_ids": [77143493], "posted_on": "2020-03-08T02:47:08+00:00", "summary": "Trump ritiene che l'allarme sul Covid-19 sia frutto di una cospirazione contro di lui. Dal BMJ di oggi.", "author": {"name": "Saluteinternazionale.info", "url": "https://www.facebook.com/112930655390817", "facebook_wall_name": "Saluteinternazionale.info", "image": "https://graph.facebook.com/112930655390817/picture", "id_on_source": "112930655390817"}}], "news": [{"title": "On #COVID19, how are Australia and the rest of the world shaping up? Sunday March 15, 2020 By Melissa Sweet", "url": "http://ct.moreover.com/?a=41621356623&p=1pl&v=1&x=v6MW2Sfxlv1EsH5WpwTIXA", "license": "public", "citation_ids": [77143493, 77173363, 77247126, 77154273, 77154228, 76716778], "posted_on": "2020-03-12T22:47:47+00:00", "summary": "A quick tour around the world shows countries are in various stages of preparing for and experiencing the COVID-19 pandemic, with the health impacts to arise from massive economic and social disruption, stress on health systems and healthcare workers\u2026", "author": {"name": "The Mandarin", "url": "https://www.themandarin.com.au/", "image": "https://s3.amazonaws.com/weyland.altmetric.com/news_sources/logos/000/004/781/normal/mandarin.PNG?1576473775"}}]}, "score": 67.48, "images": {"small": "https://badges.altmetric.com/?size=64&score=68&types=mbtttttf", "medium": "https://badges.altmetric.com/?size=100&score=68&types=mbtttttf", "large": "https://badges.altmetric.com/?size=180&score=68&types=mbtttttf"}}