{"altmetric_id": 77097145, "counts": {"readers": {"mendeley": 0, "citeulike": 0, "connotea": 0}, "news": {"unique_users_count": 2, "unique_users": ["centre_for_disease_research_and_policy", "the_medical_news"], "posts_count": 2}, "total": {"posts_count": 5}, "twitter": {"unique_users_count": 3, "posts_count": 3}}, "citation": {"altmetric_jid": "4f6fa5e73cf058f610005980", "authors": ["MengYuan Diao", "Sheng Zhang", "Dechang Chen", "Wei Hu"], "doi": "10.1017/ice.2020.62", "first_seen_on": "2020-03-05T22:55:09+00:00", "issns": ["0899-823X", "1559-6834"], "journal": "Infection control and hospital epidemiology (Online)", "last_mentioned_on": 1583727643, "links": ["https://www.cambridge.org/core/journals/infection-control-and-hospital-epidemiology/article/novel-coronavirus-covid19-infection-in-hangzhou-an-experience-to-share/17FC89BD070E528F33044D9488414BF3", "https://www.ncbi.nlm.nih.gov/pubmed/32131914?dopt=Abstract&utm_source=dlvr.it&utm_medium=twitter", "https://www.ncbi.nlm.nih.gov/pubmed/32131914"], "pdf_url": "https://www.cambridge.org/core/services/aop-cambridge-core/content/view/17FC89BD070E528F33044D9488414BF3/S0899823X20000628a.pdf/div-class-title-the-novel-coronavirus-covid-19-infection-in-hangzhou-an-experience-to-share-div.pdf", "pmid": "32131914", "epubdate": "2020-03-05T00:00:00+00:00", "publisher_subjects": [{"name": "Medical And Health Sciences", "scheme": "era"}], "scopus_subjects": ["Medicine", "Health Sciences"], "title": "The novel coronavirus (COVID-19) infection in Hangzhou: An experience to share", "type": "article"}, "altmetric_score": {"score": 16.75, "score_history": {"1y": 16.75, "6m": 16.75, "3m": 16.75, "1m": 16.75, "1w": 0, "6d": 0, "5d": 0, "4d": 0, "3d": 0, "2d": 0, "1d": 0, "at": 16.75}, "context_for_score": {"all": {"total_number_of_other_articles": 14509999, "mean": 8.4630582026162, "rank": 1044250, "this_scored_higher_than_pct": 92, "this_scored_higher_than": 13463234, "rank_type": "exact", "sample_size": 14509999, "percentile": 92}, "similar_age_3m": {"total_number_of_other_articles": 149663, "mean": 13.999524074248, "rank": 16610, "this_scored_higher_than_pct": 88, "this_scored_higher_than": 133017, "rank_type": "exact", "sample_size": 149663, "percentile": 88}, "this_journal": {"total_number_of_other_articles": 3258, "mean": 11.818400982499, "rank": 397, "this_scored_higher_than_pct": 87, "this_scored_higher_than": 2859, "rank_type": "exact", "sample_size": 3258, "percentile": 87}, "similar_age_this_journal_3m": {"total_number_of_other_articles": 21, "mean": 12.405, "rank": 6, "this_scored_higher_than_pct": 71, "this_scored_higher_than": 15, "rank_type": "exact", "sample_size": 21, "percentile": 71}}}, "demographics": {"poster_types": {"member_of_the_public": 3}, "users": {"twitter": {"cohorts": {"Members of the public": 3}}}, "geo": {"twitter": {"FR": 1}}}, "posts": {"news": [{"title": "Short time between serial COVID-19 cases may hinder containment", "url": "http://ct.moreover.com/?a=41549682790&p=1pl&v=1&x=oIKc54di1K1uNEt36vQHJg", "license": "public", "citation_ids": [77096642, 77097145], "posted_on": "2020-03-05T22:54:48+00:00", "summary": "A study involving 28 COVID-19 patients in Japan has shown that the virus's serial interval\u2014the time between successive cases\u2014is close to or shorter than its median incubation period, suggesting pre-symptomatic transmission may play a key role in the\u2026", "author": {"name": "Centre for Disease Research and Policy", "url": "http://www.cidrap.umn.edu/", "image": "https://s3.amazonaws.com/weyland.altmetric.com/news_sources/logos/000/001/915/normal/Screen_Shot_2016-01-27_at_14.51.11.png?1453906309"}}, {"title": "Coronavirus spreads even without symptoms and how Hangzhou province contained virus spread", "url": "http://ct.moreover.com/?a=41573667552&p=1pl&v=1&x=0IWOQP5zQSpqItjDlp-VLQ", "license": "public", "citation_ids": [77096642, 77097145], "posted_on": "2020-03-09T04:20:43+00:00", "summary": "The coronavirus disease (COVID-19) is rapidly spreading across the globe, and containment measures have been implemented at many of the hotspots for the disease.", "author": {"name": "The Medical News", "url": "http://www.news-medical.net/", "image": "https://s3.amazonaws.com/weyland.altmetric.com/news_sources/logos/000/000/146/normal/image.png?1369927508"}}], "twitter": [{"license": "gnip", "citation_ids": [77097145], "author": {"tweeter_id": "1191745846615957506"}, "tweet_id": "1236016716146147333"}, {"license": "gnip", "citation_ids": [77097145], "author": {"tweeter_id": "850712117573537793"}, "tweet_id": "1236035665441288192"}, {"license": "gnip", "citation_ids": [77097145], "author": {"tweeter_id": "1099494762296397824"}, "tweet_id": "1236564432567906305"}]}, "score": 16.75, "images": {"small": "https://badges.altmetric.com/?size=64&score=17&types=mmmttttt", "medium": "https://badges.altmetric.com/?size=100&score=17&types=mmmttttt", "large": "https://badges.altmetric.com/?size=180&score=17&types=mmmttttt"}}