{"altmetric_id": 76984543, "counts": {"readers": {"mendeley": 0, "citeulike": 0, "connotea": 0}, "total": {"posts_count": 4}, "twitter": {"unique_users_count": 3, "posts_count": 4}}, "citation": {"authors": ["Zhuang, Zian", "Cao, Peihua", "Zhao, Shi", "Lou, Yijun", "Wang, Weiming", "Yang, Shu", "Yang, Lin", "He, Daihai"], "doi": "10.1101/2020.03.02.20030080", "first_seen_on": "2020-03-03T17:25:16+00:00", "issns": [], "last_mentioned_on": 1583320539, "links": ["https://www.medrxiv.org/content/10.1101/2020.03.02.20030080v1", "https://www.medrxiv.org/content/10.1101/2020.03.02.20030080v1?utm_source=dlvr.it&utm_medium=twitter"], "pdf_url": "https://www.medrxiv.org/content/medrxiv/early/2020/03/02/2020.03.02.20030080.full.pdf", "publisher": "Cold Spring Harbor Laboratory", "title": "Estimation of local novel coronavirus (COVID-19) cases in Wuhan, China from off-site reported cases and population flow data from different sources", "type": "article"}, "altmetric_score": {"score": 0.75, "score_history": {"1y": 0.75, "6m": 0.75, "3m": 0.75, "1m": 0.75, "1w": 0, "6d": 0, "5d": 0, "4d": 0, "3d": 0, "2d": 0, "1d": 0, "at": 0.75}, "context_for_score": null}, "demographics": {"poster_types": {"member_of_the_public": 3}, "users": {"twitter": {"cohorts": {"Members of the public": 3}}}, "geo": {"twitter": {"US": 2}}}, "posts": {"twitter": [{"license": "gnip", "citation_ids": [76984543], "author": {"tweeter_id": "921400462838042624"}, "tweet_id": "1234794064656175104"}, {"license": "gnip", "citation_ids": [76984543], "author": {"tweeter_id": "1214232500664295424"}, "tweet_id": "1234882361331875840"}, {"license": "gnip", "citation_ids": [76984543], "author": {"tweeter_id": "4901919879"}, "tweet_id": "1235161951354998785"}, {"license": "gnip", "citation_ids": [76984543], "author": {"tweeter_id": "4901919879"}, "tweet_id": "1235161982669672450"}]}, "score": 0.75, "images": {"small": "https://badges.altmetric.com/?size=64&score=1&types=tttttttt", "medium": "https://badges.altmetric.com/?size=100&score=1&types=tttttttt", "large": "https://badges.altmetric.com/?size=180&score=1&types=tttttttt"}}