{"altmetric_id": 76046209, "counts": {"readers": {"mendeley": 0, "citeulike": 0, "connotea": 0}, "total": {"posts_count": 137}, "twitter": {"unique_users_count": 95, "posts_count": 135}, "facebook": {"unique_users_count": 2, "unique_users": ["14062273729", "215019301963281"], "posts_count": 2}}, "citation": {"altmetric_jid": "4f6fa4e83cf058f6100021f4", "authors": ["Jeannette Guarner"], "doi": "10.1093/ajcp/aqaa029", "first_seen_on": "2020-02-13T21:11:41+00:00", "issns": ["0002-9173", "1943-7722"], "journal": "American Journal of Clinical Pathology", "last_mentioned_on": 1584526278, "links": ["https://academic.oup.com/ajcp/advance-article/doi/10.1093/ajcp/aqaa029/5735509", "https://www.ncbi.nlm.nih.gov/pubmed/32053148?dopt=Abstract&utm_source=dlvr.it&utm_medium=twitter", "https://academic.oup.com/ajcp/advance-article/doi/10.1093/ajcp/aqaa029/5735509#.XkcG-l_jePQ.twitter", "https://academic.oup.com/ajcp/advance-article/doi/10.1093/ajcp/aqaa029/5735509#.XkcHOwkGhHQ.twitter", "https://www.ncbi.nlm.nih.gov/pubmed/32053148", "http://dx.doi.org/10.1093/ajcp/aqaa029", "https://academic.oup.com/ajcp/article/153/4/420/5735509", "https://academic.oup.com/ajcp/article/153/4/420/5735509#.XmkvQUWPTOg.twitter", "https://academic.oup.com/ajcp/article/153/4/420/5735509#.XmtbjYQ245s.twitter", "https://academic.oup.com/ajcp/article/153/4/420/5735509#.XmwlamJ2AmA.twitter"], "pdf_url": "https://academic.oup.com/ajcp/advance-article-pdf/doi/10.1093/ajcp/aqaa029/32451606/aqaa029.pdf", "pmid": "32053148", "pubdate": "2020-03-09T00:00:00+00:00", "epubdate": "2020-02-13T00:00:00+00:00", "publisher_subjects": [{"name": "Medical And Health Sciences", "scheme": "era"}], "scopus_subjects": ["Medicine", "Health Sciences"], "title": "Three Emerging Coronaviruses in Two Decades", "type": "article"}, "altmetric_score": {"score": 69.45, "score_history": {"1y": 69.45, "6m": 69.45, "3m": 69.45, "1m": 53.85, "1w": 9.95, "6d": 8.95, "5d": 6.95, "4d": 5.1, "3d": 5.1, "2d": 4.1, "1d": 4.1, "at": 69.45}, "context_for_score": {"all": {"total_number_of_other_articles": 14518712, "mean": 8.4679625195264, "rank": 277548, "this_scored_higher_than_pct": 98, "this_scored_higher_than": 14241149, "rank_type": "exact", "sample_size": 14518712, "percentile": 98}, "similar_age_3m": {"total_number_of_other_articles": 230587, "mean": 13.771533579662, "rank": 7878, "this_scored_higher_than_pct": 96, "this_scored_higher_than": 222707, "rank_type": "exact", "sample_size": 230587, "percentile": 96}, "this_journal": {"total_number_of_other_articles": 2620, "mean": 5.2062436044292, "rank": 12, "this_scored_higher_than_pct": 99, "this_scored_higher_than": 2608, "rank_type": "exact", "sample_size": 2620, "percentile": 99}, "similar_age_this_journal_3m": {"total_number_of_other_articles": 44, "mean": 3.8186046511628, "rank": 1, "this_scored_higher_than_pct": 97, "this_scored_higher_than": 43, "rank_type": "exact", "sample_size": 44, "percentile": 97}}}, "demographics": {"poster_types": {"member_of_the_public": 74, "researcher": 8, "practitioner": 7, "science_communicator": 6}, "users": {"twitter": {"cohorts": {"Practitioners (doctors, other healthcare professionals)": 7, "Members of the public": 74, "Science communicators (journalists, bloggers, editors)": 6, "Scientists": 8}}}, "geo": {"twitter": {"US": 32, "MX": 1, "ES": 2, "PA": 1, "CA": 1, "PR": 1, "GB": 5, "IT": 2, "DE": 1, "PL": 2, "IR": 1, "JP": 2, "CW": 1, "AR": 1}}}, "posts": {"twitter": [{"license": "gnip", "citation_ids": [76046209], "author": {"tweeter_id": "1157381004316807173"}, "tweet_id": "1228059025138339840"}, {"license": "gnip", "citation_ids": [76046209], "author": {"tweeter_id": "451192624"}, "tweet_id": "1228101281367101441"}, {"license": "gnip", "citation_ids": [76046209], "author": {"tweeter_id": "1141062280920076293"}, "tweet_id": "1228102057279791104"}, {"license": "gnip", "citation_ids": [76046209], "author": {"tweeter_id": "1428551821"}, "tweet_id": "1228125958366015490"}, {"license": "gnip", "citation_ids": [76046209], "author": {"tweeter_id": "773720462031454208"}, "tweet_id": "1228134099694628864"}, {"license": "gnip", "citation_ids": [76046209], "author": {"tweeter_id": "1191745846615957506"}, "tweet_id": "1228274068639477760"}, {"license": "gnip", "citation_ids": [76046209], "author": {"tweeter_id": "1159462276572864513"}, "tweet_id": "1228331169361678336"}, {"license": "gnip", "citation_ids": [76046209], "author": {"tweeter_id": "734861100609601536"}, "tweet_id": "1228331609226645504"}, {"license": "gnip", "citation_ids": [76046209], "author": {"tweeter_id": "1141062280920076293"}, "tweet_id": "1228388696224862210"}, {"license": "gnip", "citation_ids": [76046209], "author": {"tweeter_id": "951963716"}, "tweet_id": "1228420119983947776"}, {"license": "gnip", "citation_ids": [76046209], "author": {"tweeter_id": "1157002645116203008"}, "tweet_id": "1228420382224502785"}, {"license": "gnip", "citation_ids": [76046209], "author": {"tweeter_id": "1141062280920076293"}, "tweet_id": "1228462687958568960"}, {"license": "gnip", "citation_ids": [76046209], "author": {"tweeter_id": "780531558490877953"}, "tweet_id": "1228463394380009479"}, {"license": "gnip", "citation_ids": [76046209], "author": {"tweeter_id": "1025052662839042048"}, "tweet_id": "1228467245971574785"}, {"license": "gnip", "citation_ids": [76046209], "author": {"tweeter_id": "1157381004316807173"}, "tweet_id": "1228471241469808641"}, {"license": "gnip", "citation_ids": [76046209], "author": {"tweeter_id": "36167840"}, "tweet_id": "1228476050620940289"}, {"license": "gnip", "citation_ids": [76046209], "author": {"tweeter_id": "202801301"}, "tweet_id": "1228476728709873665"}, {"license": "gnip", "citation_ids": [76046209], "author": {"tweeter_id": "1193895211530948610"}, "tweet_id": "1228485297408815105"}, {"license": "gnip", "citation_ids": [76046209], "author": {"tweeter_id": "28108352"}, "tweet_id": "1228487587549138949"}, {"license": "gnip", "citation_ids": [76046209], "author": {"tweeter_id": "166816694"}, "tweet_id": "1228487941783216129"}, {"license": "gnip", "citation_ids": [76046209], "author": {"tweeter_id": "4614574623"}, "tweet_id": "1228489849893683202"}, {"license": "gnip", "citation_ids": [76046209], "author": {"tweeter_id": "1529917477"}, "tweet_id": "1228518996535848960"}, {"license": "gnip", "citation_ids": [76046209], "author": {"tweeter_id": "122043528"}, "tweet_id": "1228530183801536515"}, {"license": "gnip", "citation_ids": [76046209], "author": {"tweeter_id": "4070875452"}, "tweet_id": "1228723315616993280"}, {"license": "gnip", "citation_ids": [76046209], "author": {"tweeter_id": "17688757"}, "tweet_id": "1228729005790171137"}, {"license": "gnip", "citation_ids": [76046209], "author": {"tweeter_id": "451192624"}, "tweet_id": "1228733642257707008"}, {"license": "gnip", "citation_ids": [76046209], "author": {"tweeter_id": "64213905"}, "tweet_id": "1228737301905367041"}, {"license": "gnip", "citation_ids": [76046209], "author": {"tweeter_id": "3092442184"}, "tweet_id": "1228762932273713153"}, {"license": "gnip", "citation_ids": [76046209], "author": {"tweeter_id": "1157381004316807173"}, "tweet_id": "1228767449690099713"}, {"license": "gnip", "citation_ids": [76046209], "author": {"tweeter_id": "1141062280920076293"}, "tweet_id": "1228832119864090624"}, {"license": "gnip", "citation_ids": [76046209], "author": {"tweeter_id": "892352003845836800"}, "tweet_id": "1228836105082081281"}, {"license": "gnip", "citation_ids": [76046209], "author": {"tweeter_id": "297013433"}, "tweet_id": "1228903887257702402"}, {"license": "gnip", "citation_ids": [76046209], "author": {"tweeter_id": "255127533"}, "tweet_id": "1228976743014375430"}, {"license": "gnip", "citation_ids": [76046209], "author": {"tweeter_id": "1159462276572864513"}, "tweet_id": "1229031014380572672"}, {"license": "gnip", "citation_ids": [76046209], "author": {"tweeter_id": "1157381004316807173"}, "tweet_id": "1229109446405689344"}, {"license": "gnip", "citation_ids": [76046209], "author": {"tweeter_id": "1141062280920076293"}, "tweet_id": "1229151975327006721"}, {"license": "gnip", "citation_ids": [76046209], "author": {"tweeter_id": "14420501"}, "tweet_id": "1229152825290248193"}, {"license": "gnip", "citation_ids": [76046209], "author": {"tweeter_id": "544882167"}, "tweet_id": "1229159772370481155"}, {"license": "gnip", "citation_ids": [76046209], "author": {"tweeter_id": "209461527"}, "tweet_id": "1229222953029472257"}, {"license": "gnip", "citation_ids": [76046209], "author": {"tweeter_id": "1141062280920076293"}, "tweet_id": "1229243826629496833"}, {"license": "gnip", "citation_ids": [76046209], "author": {"tweeter_id": "780531558490877953"}, "tweet_id": "1229244978267852800"}, {"license": "gnip", "citation_ids": [76046209], "author": {"tweeter_id": "1141062280920076293"}, "tweet_id": "1229298435636985856"}, {"license": "gnip", "citation_ids": [76046209], "author": {"tweeter_id": "358494270"}, "tweet_id": "1229326064704421888"}, {"license": "gnip", "citation_ids": [76046209], "author": {"tweeter_id": "1141062280920076293"}, "tweet_id": "1229423013323513857"}, {"license": "gnip", "citation_ids": [76046209], "author": {"tweeter_id": "631292873"}, "tweet_id": "1229433367327731712"}, {"license": "gnip", "citation_ids": [76046209], "author": {"tweeter_id": "858004757872619522"}, "tweet_id": "1229492589188960257"}, {"license": "gnip", "citation_ids": [76046209], "author": {"tweeter_id": "513980822"}, "tweet_id": "1229506688828370944"}, {"license": "gnip", "citation_ids": [76046209], "author": {"tweeter_id": "194195527"}, "tweet_id": "1229508224086413318"}, {"license": "gnip", "citation_ids": [76046209], "author": {"tweeter_id": "1859323250"}, "tweet_id": "1229508563791491074"}, {"license": "gnip", "citation_ids": [76046209], "author": {"tweeter_id": "4745192227"}, "tweet_id": "1229508738979180545"}, {"license": "gnip", "citation_ids": [76046209], "author": {"tweeter_id": "2879696178"}, "tweet_id": "1229518305498673154"}, {"license": "gnip", "citation_ids": [76046209], "author": {"tweeter_id": "1157381004316807173"}, "tweet_id": "1229583562912956418"}, {"license": "gnip", "citation_ids": [76046209], "author": {"tweeter_id": "1085559370514137089"}, "tweet_id": "1229810432220827649"}, {"license": "gnip", "citation_ids": [76046209], "author": {"tweeter_id": "1141062280920076293"}, "tweet_id": "1229850827856150528"}, {"license": "gnip", "citation_ids": [76046209], "author": {"tweeter_id": "734861100609601536"}, "tweet_id": "1229882085302820865"}, {"license": "gnip", "citation_ids": [76046209], "author": {"tweeter_id": "1141062280920076293"}, "tweet_id": "1229887069922742283"}, {"license": "gnip", "citation_ids": [76046209], "author": {"tweeter_id": "808437804678135814"}, "tweet_id": "1229901769628692480"}, {"license": "gnip", "citation_ids": [76046209], "author": {"tweeter_id": "4644225625"}, "tweet_id": "1229902466222784512"}, {"license": "gnip", "citation_ids": [76046209], "author": {"tweeter_id": "1157381004316807173"}, "tweet_id": "1229972627189620736"}, {"license": "gnip", "citation_ids": [76046209], "author": {"tweeter_id": "8890292"}, "tweet_id": "1229976977739780103"}, {"license": "gnip", "citation_ids": [76046209], "author": {"tweeter_id": "1141062280920076293"}, "tweet_id": "1230133706507112450"}, {"license": "gnip", "citation_ids": [76046209], "author": {"tweeter_id": "858004757872619522"}, "tweet_id": "1230148459925164032"}, {"license": "gnip", "citation_ids": [76046209], "author": {"tweeter_id": "1157381004316807173"}, "tweet_id": "1230163646581551104"}, {"license": "gnip", "citation_ids": [76046209], "author": {"tweeter_id": "1141062280920076293"}, "tweet_id": "1230170692756365314"}, {"license": "gnip", "citation_ids": [76046209], "author": {"tweeter_id": "297013433"}, "tweet_id": "1230180178170654727"}, {"license": "gnip", "citation_ids": [76046209], "author": {"tweeter_id": "1141062280920076293"}, "tweet_id": "1230371521278943232"}, {"license": "gnip", "citation_ids": [76046209], "author": {"tweeter_id": "1157381004316807173"}, "tweet_id": "1230601533059981313"}, {"license": "gnip", "citation_ids": [76046209], "author": {"tweeter_id": "7334512"}, "tweet_id": "1230883464141950976"}, {"license": "gnip", "citation_ids": [76046209], "author": {"tweeter_id": "41569866"}, "tweet_id": "1230981473852850179"}, {"license": "gnip", "citation_ids": [76046209], "author": {"tweeter_id": "10446482"}, "tweet_id": "1231820631286657030"}, {"license": "gnip", "citation_ids": [76046209], "author": {"tweeter_id": "9933702"}, "tweet_id": "1231821620832022528"}, {"license": "gnip", "citation_ids": [76046209], "author": {"tweeter_id": "1128673010"}, "tweet_id": "1231821786444173312"}, {"license": "gnip", "citation_ids": [76046209], "author": {"tweeter_id": "7697992"}, "tweet_id": "1231860997239037952"}, {"license": "gnip", "citation_ids": [76046209], "author": {"tweeter_id": "402864796"}, "tweet_id": "1231861318480732160"}, {"license": "gnip", "citation_ids": [76046209], "author": {"tweeter_id": "922780697387036672"}, "tweet_id": "1231861800435617792"}, {"license": "gnip", "citation_ids": [76046209], "author": {"tweeter_id": "350982730"}, "tweet_id": "1231863948657537024"}, {"license": "gnip", "citation_ids": [76046209], "author": {"tweeter_id": "1063748184332222465"}, "tweet_id": "1231902515903574016"}, {"license": "gnip", "citation_ids": [76046209, 76460483], "author": {"tweeter_id": "1009708936801538048"}, "tweet_id": "1231912955018608642"}, {"license": "gnip", "citation_ids": [76046209], "author": {"tweeter_id": "1155295636402724864"}, "tweet_id": "1231978161124134912"}, {"license": "gnip", "citation_ids": [76046209], "author": {"tweeter_id": "1217196862211592194"}, "tweet_id": "1232041562118541312"}, {"license": "gnip", "citation_ids": [76046209], "author": {"tweeter_id": "153238722"}, "tweet_id": "1232192125606846465"}, {"license": "gnip", "citation_ids": [76046209], "author": {"tweeter_id": "1138724166167908352"}, "tweet_id": "1232322723096997890"}, {"license": "gnip", "citation_ids": [76046209], "author": {"tweeter_id": "19710199"}, "tweet_id": "1232676946254925824"}, {"license": "gnip", "citation_ids": [76046209], "author": {"tweeter_id": "420286273"}, "tweet_id": "1232754421630742533"}, {"license": "gnip", "citation_ids": [76046209], "author": {"tweeter_id": "1204107753557549056"}, "tweet_id": "1233014136239480833"}, {"license": "gnip", "citation_ids": [76046209, 76597096], "author": {"tweeter_id": "4228288820"}, "tweet_id": "1233442117189619719"}, {"license": "gnip", "citation_ids": [76046209], "author": {"tweeter_id": "893097096622084096"}, "tweet_id": "1233536912914251778"}, {"license": "gnip", "citation_ids": [76046209], "author": {"tweeter_id": "484561770"}, "tweet_id": "1233622197861830656"}, {"license": "gnip", "citation_ids": [76046209], "author": {"tweeter_id": "981287750094786561"}, "tweet_id": "1234254219286384643"}, {"license": "gnip", "citation_ids": [76046209], "author": {"tweeter_id": "981287750094786561"}, "tweet_id": "1234254349498449921"}, {"license": "gnip", "citation_ids": [76046209], "author": {"tweeter_id": "893097096622084096"}, "tweet_id": "1234728712593125376"}, {"license": "gnip", "citation_ids": [76046209], "author": {"tweeter_id": "2334135067"}, "tweet_id": "1235056302839062530"}, {"license": "gnip", "citation_ids": [76046209], "author": {"tweeter_id": "788969618249441282"}, "tweet_id": "1235211214872969216"}, {"license": "gnip", "citation_ids": [76046209], "author": {"tweeter_id": "144742612"}, "tweet_id": "1235361886054408192"}, {"license": "gnip", "citation_ids": [76046209], "author": {"tweeter_id": "339531603"}, "tweet_id": "1235362230834786304"}, {"license": "gnip", "citation_ids": [76046209], "author": {"tweeter_id": "232016384"}, "tweet_id": "1235363749831180288"}, {"license": "gnip", "citation_ids": [76046209], "author": {"tweeter_id": "14871879"}, "tweet_id": "1235363908048707584"}, {"license": "gnip", "citation_ids": [76046209], "author": {"tweeter_id": "98786465"}, "tweet_id": "1235364032204374024"}, {"license": "gnip", "citation_ids": [76046209], "author": {"tweeter_id": "877286782836101120"}, "tweet_id": "1235364537903329284"}, {"license": "gnip", "citation_ids": [76046209], "author": {"tweeter_id": "3021945374"}, "tweet_id": "1235385034502103040"}, {"license": "gnip", "citation_ids": [76046209], "author": {"tweeter_id": "7598122"}, "tweet_id": "1235428438921510919"}, {"license": "gnip", "citation_ids": [76046209], "author": {"tweeter_id": "2832870157"}, "tweet_id": "1235428677912891392"}, {"license": "gnip", "citation_ids": [76046209], "author": {"tweeter_id": "893097096622084096"}, "tweet_id": "1236031898675302401"}, {"license": "gnip", "citation_ids": [76046209], "author": {"tweeter_id": "893097096622084096"}, "tweet_id": "1236050932212936705"}, {"license": "gnip", "citation_ids": [76046209], "author": {"tweeter_id": "893097096622084096"}, "tweet_id": "1236052292018876417"}, {"license": "gnip", "citation_ids": [76046209], "author": {"tweeter_id": "36167840"}, "tweet_id": "1236260351768956928"}, {"license": "gnip", "citation_ids": [76046209], "author": {"tweeter_id": "28108352"}, "tweet_id": "1236312759312306178"}, {"license": "gnip", "citation_ids": [76046209], "author": {"tweeter_id": "2879696178"}, "tweet_id": "1236326860864315393"}, {"license": "gnip", "citation_ids": [76046209], "author": {"tweeter_id": "113438568"}, "tweet_id": "1236398225692725249"}, {"license": "gnip", "citation_ids": [76046209], "author": {"tweeter_id": "389604284"}, "tweet_id": "1236418422721990657"}, {"license": "gnip", "citation_ids": [76046209], "author": {"tweeter_id": "389604284"}, "tweet_id": "1236422190423248898"}, {"license": "gnip", "citation_ids": [76046209], "author": {"tweeter_id": "884782634567684096"}, "tweet_id": "1236455229819936768"}, {"license": "gnip", "citation_ids": [76046209], "author": {"tweeter_id": "858004757872619522"}, "tweet_id": "1236511681691267072"}, {"license": "gnip", "citation_ids": [76046209], "author": {"tweeter_id": "2907223977"}, "tweet_id": "1236518219772350468"}, {"license": "gnip", "citation_ids": [76046209], "author": {"tweeter_id": "893097096622084096"}, "tweet_id": "1236640088425205765"}, {"license": "gnip", "citation_ids": [76046209], "author": {"tweeter_id": "893097096622084096"}, "tweet_id": "1236640667998314496"}, {"license": "gnip", "citation_ids": [76046209], "author": {"tweeter_id": "893097096622084096"}, "tweet_id": "1236641044281860097"}, {"license": "gnip", "citation_ids": [76046209], "author": {"tweeter_id": "847387688739061761"}, "tweet_id": "1236649191734153222"}, {"license": "gnip", "citation_ids": [76046209], "author": {"tweeter_id": "893097096622084096"}, "tweet_id": "1236673006681968646"}, {"license": "gnip", "citation_ids": [76046209], "author": {"tweeter_id": "893097096622084096"}, "tweet_id": "1236673045458227202"}, {"license": "gnip", "citation_ids": [76046209], "author": {"tweeter_id": "1330325672"}, "tweet_id": "1236700628107374592"}, {"license": "gnip", "citation_ids": [76046209], "author": {"tweeter_id": "101424094"}, "tweet_id": "1237163528483508225"}, {"license": "gnip", "citation_ids": [76046209], "author": {"tweeter_id": "1115263527458148352"}, "tweet_id": "1237811298978746374"}, {"license": "gnip", "citation_ids": [76312082, 76046209], "author": {"tweeter_id": "58544404"}, "tweet_id": "1238292805451210753"}, {"license": "gnip", "citation_ids": [76312082, 76046209], "author": {"tweeter_id": "782072722771836928"}, "tweet_id": "1238292895297396737"}, {"license": "gnip", "citation_ids": [76312082, 76046209], "author": {"tweeter_id": "23336478"}, "tweet_id": "1238293154580828161"}, {"license": "gnip", "citation_ids": [76046209], "author": {"tweeter_id": "1372140056"}, "tweet_id": "1238406541776244736"}, {"license": "gnip", "citation_ids": [76046209], "author": {"tweeter_id": "926845837"}, "tweet_id": "1238446298476490752"}, {"license": "gnip", "citation_ids": [76046209], "author": {"tweeter_id": "2191652732"}, "tweet_id": "1238623445379878912"}, {"license": "gnip", "citation_ids": [76046209], "author": {"tweeter_id": "344554924"}, "tweet_id": "1239275106905489408"}, {"license": "gnip", "citation_ids": [76046209], "author": {"tweeter_id": "857780613293776896"}, "tweet_id": "1240032061353836548"}, {"license": "gnip", "citation_ids": [76046209], "author": {"tweeter_id": "1107007439369617414"}, "tweet_id": "1240034202185318401"}, {"license": "gnip", "citation_ids": [76046209], "author": {"tweeter_id": "580278659"}, "tweet_id": "1240035411461898242"}, {"license": "gnip", "citation_ids": [76046209], "author": {"tweeter_id": "1239315181882224640"}, "tweet_id": "1240218019151745024"}, {"license": "gnip", "citation_ids": [76046209], "author": {"tweeter_id": "119236530"}, "tweet_id": "1240219220207718402"}], "facebook": [{"title": "Timeline Photos", "url": "https://www.facebook.com/permalink.php?story_fbid=10156956341163730&id=14062273729", "license": "public", "citation_ids": [76046209], "posted_on": "2020-03-07T23:29:00+00:00", "summary": "The story of SARS, MERS, and COVID19. Learn more in this AJCP article at https://bit.ly/2ThkG9C.", "author": {"name": "ASCP", "url": "https://www.facebook.com/14062273729", "facebook_wall_name": "ASCP", "image": "https://graph.facebook.com/14062273729/picture", "id_on_source": "14062273729"}}, {"title": "Three Emerging Coronaviruses in Two Decades: The Story of SARS, MERS, and Now COVID-19", "url": "https://www.facebook.com/permalink.php?story_fbid=1830316823766846&id=215019301963281", "license": "public", "citation_ids": [76046209], "posted_on": "2020-02-15T04:02:44+00:00", "summary": "Tres Coronavirus emergentes en tres d\u00e9cadas...", "author": {"name": "Consultoria Diagn\u00f3stica en Anatomia Patologica", "url": "https://www.facebook.com/215019301963281", "facebook_wall_name": "Consultoria Diagn\u00f3stica en Anatomia Patologica", "image": "https://graph.facebook.com/215019301963281/picture", "id_on_source": "215019301963281"}}]}, "score": 69.45, "images": {"small": "https://badges.altmetric.com/?size=64&score=70&types=tttttttf", "medium": "https://badges.altmetric.com/?size=100&score=70&types=tttttttf", "large": "https://badges.altmetric.com/?size=180&score=70&types=tttttttf"}}