{"altmetric_id": 77340899, "counts": {"readers": {"mendeley": 0, "citeulike": 0, "connotea": 0}, "total": {"posts_count": 14}, "twitter": {"unique_users_count": 13, "posts_count": 14}}, "citation": {"altmetric_jid": "4f6fa4e93cf058f61000245c", "authors": ["Owen Dyer"], "doi": "10.1136/bmj.m995", "first_seen_on": "2020-03-11T13:20:14+00:00", "issns": ["1756-1833"], "journal": "British Medical Journal", "last_mentioned_on": 1584191881, "links": ["https://www.bmj.com/content/368/bmj.m995.short?rss=1&utm_source=dlvr.it&utm_medium=twitter&utm_campaign=Feed%3A+bmj%2Frecent+%28Latest+from+BMJ%29", "https://www.bmj.com/content/368/bmj.m995.short?rss=1&utm_source=dlvr.it&utm_medium=twitter", "https://www.bmj.com/content/368/bmj.m995?utm_source=twitter&utm_medium=social&utm_term=hootsuite&utm_content=sme&utm_campaign=usage", "https://www.bmj.com/content/368/bmj.m995"], "pdf_url": "https://www.bmj.com/content/bmj/368/bmj.m995.full.pdf", "epubdate": "2020-03-11T00:00:00+00:00", "publisher": "BMJ", "publisher_subjects": [{"name": "Public Health And Health Services", "scheme": "era"}], "scopus_subjects": ["Medicine", "Health Sciences"], "title": "Covid-19: China\u2019s president Xi visits Wuhan amid confidence that virus is under control", "type": "article", "volume": "368"}, "altmetric_score": {"score": 6.1, "score_history": {"1y": 6.1, "6m": 6.1, "3m": 6.1, "1m": 6.1, "1w": 6.1, "6d": 3.35, "5d": 0.25, "4d": 0.25, "3d": 0, "2d": 0, "1d": 0, "at": 6.1}, "context_for_score": {"all": {"total_number_of_other_articles": 14515774, "mean": 8.4677073350393, "rank": 2727390, "this_scored_higher_than_pct": 81, "this_scored_higher_than": 11779556, "rank_type": "exact", "sample_size": 14515774, "percentile": 81}, "similar_age_3m": {"total_number_of_other_articles": 147768, "mean": 14.158730839768, "rank": 38540, "this_scored_higher_than_pct": 73, "this_scored_higher_than": 109101, "rank_type": "exact", "sample_size": 147768, "percentile": 73}, "this_journal": {"total_number_of_other_articles": 46645, "mean": 31.217451505017, "rank": 21566, "this_scored_higher_than_pct": 53, "this_scored_higher_than": 25028, "rank_type": "exact", "sample_size": 46645, "percentile": 53}, "similar_age_this_journal_3m": {"total_number_of_other_articles": 366, "mean": 60.432926027397, "rank": 222, "this_scored_higher_than_pct": 39, "this_scored_higher_than": 144, "rank_type": "exact", "sample_size": 366, "percentile": 39}}}, "demographics": {"poster_types": {"member_of_the_public": 9, "researcher": 1, "practitioner": 1, "science_communicator": 2}, "users": {"twitter": {"cohorts": {"Members of the public": 9, "Practitioners (doctors, other healthcare professionals)": 1, "Scientists": 1, "Science communicators (journalists, bloggers, editors)": 2}}}, "geo": {"twitter": {"BE": 1, "GB": 2, "US": 2, "JP": 1, "AR": 1, "IN": 1}}}, "posts": {"twitter": [{"license": "gnip", "citation_ids": [77340899], "author": {"tweeter_id": "283604227"}, "tweet_id": "1237730005695598592"}, {"license": "gnip", "citation_ids": [77340899], "author": {"tweeter_id": "283604227"}, "tweet_id": "1237731654472323072"}, {"license": "gnip", "citation_ids": [77340899], "author": {"tweeter_id": "16949344"}, "tweet_id": "1237775306422878208"}, {"license": "gnip", "citation_ids": [77340899], "author": {"tweeter_id": "1077008722625482752"}, "tweet_id": "1237775501504151554"}, {"license": "gnip", "citation_ids": [77340899], "author": {"tweeter_id": "196653504"}, "tweet_id": "1237779863513124864"}, {"license": "gnip", "citation_ids": [77340899], "author": {"tweeter_id": "74161616"}, "tweet_id": "1237785476347629575"}, {"license": "gnip", "citation_ids": [77340899], "author": {"tweeter_id": "40443160"}, "tweet_id": "1237825152932384768"}, {"license": "gnip", "citation_ids": [77340899], "author": {"tweeter_id": "36051159"}, "tweet_id": "1237826576349384706"}, {"license": "gnip", "citation_ids": [77340899], "author": {"tweeter_id": "2862262723"}, "tweet_id": "1238000329532289024"}, {"license": "gnip", "citation_ids": [77340899], "author": {"tweeter_id": "13053492"}, "tweet_id": "1238076813508784129"}, {"license": "gnip", "citation_ids": [77340899], "author": {"tweeter_id": "226216564"}, "tweet_id": "1238077349985423361"}, {"license": "gnip", "citation_ids": [77340899], "author": {"tweeter_id": "14506075"}, "tweet_id": "1238077426003042305"}, {"license": "gnip", "citation_ids": [77340899], "author": {"tweeter_id": "511843452"}, "tweet_id": "1238122779712442370"}, {"license": "gnip", "citation_ids": [77340899], "author": {"tweeter_id": "907106780349526016"}, "tweet_id": "1238816655968477185"}]}, "score": 6.1, "images": {"small": "https://badges.altmetric.com/?size=64&score=7&types=tttttttt", "medium": "https://badges.altmetric.com/?size=100&score=7&types=tttttttt", "large": "https://badges.altmetric.com/?size=180&score=7&types=tttttttt"}}