{"altmetric_id": 77206786, "counts": {"readers": {"mendeley": 0, "citeulike": 0, "connotea": 0}, "total": {"posts_count": 7}, "twitter": {"unique_users_count": 6, "posts_count": 7}}, "citation": {"authors": ["Hong, Na", "He, Jie", "Ma, Yingying", "Jiang, Huizhen", "Han, Lin", "Su, Longxiang", "Zhu, Weiguo", "Long, Yun"], "doi": "10.1101/2020.03.06.20032177", "first_seen_on": "2020-03-08T10:53:21+00:00", "issns": [], "last_mentioned_on": 1583752542, "links": ["https://www.medrxiv.org/content/10.1101/2020.03.06.20032177v1", "https://www.medrxiv.org/content/10.1101/2020.03.06.20032177v1?utm_source=dlvr.it&utm_medium=twitter"], "pdf_url": "https://www.medrxiv.org/content/medrxiv/early/2020/03/08/2020.03.06.20032177.full.pdf", "publisher": "Cold Spring Harbor Laboratory", "title": "Evaluating the secondary transmission pattern and epidemic prediction of the COVID-19 in metropolitan areas of China", "type": "article"}, "altmetric_score": {"score": 2.85, "score_history": {"1y": 2.85, "6m": 2.85, "3m": 2.85, "1m": 2.85, "1w": 0, "6d": 0, "5d": 0, "4d": 0, "3d": 0, "2d": 0, "1d": 0, "at": 2.85}, "context_for_score": null}, "demographics": {"poster_types": {"member_of_the_public": 6}, "users": {"twitter": {"cohorts": {"Members of the public": 6}}}, "geo": {"twitter": {"US": 2, "IT": 1}}}, "posts": {"twitter": [{"license": "gnip", "citation_ids": [77206786], "author": {"tweeter_id": "921400462838042624"}, "tweet_id": "1236605859863703553"}, {"license": "gnip", "citation_ids": [77206786], "author": {"tweeter_id": "101057515"}, "tweet_id": "1236609877868453888"}, {"license": "gnip", "citation_ids": [77206786], "author": {"tweeter_id": "1203397073183354881"}, "tweet_id": "1236784393328476165"}, {"license": "gnip", "citation_ids": [77206786], "author": {"tweeter_id": "1214232500664295424"}, "tweet_id": "1236923814887313409"}, {"license": "gnip", "citation_ids": [77206786], "author": {"tweeter_id": "757358178044678144"}, "tweet_id": "1236924441894031367"}, {"license": "gnip", "citation_ids": [77206786], "author": {"tweeter_id": "4901919879"}, "tweet_id": "1236973912745017357"}, {"license": "gnip", "citation_ids": [77206786], "author": {"tweeter_id": "4901919879"}, "tweet_id": "1236973933792038913"}]}, "score": 2.85, "images": {"small": "https://badges.altmetric.com/?size=64&score=3&types=tttttttt", "medium": "https://badges.altmetric.com/?size=100&score=3&types=tttttttt", "large": "https://badges.altmetric.com/?size=180&score=3&types=tttttttt"}}