{"altmetric_id": 77032510, "counts": {"readers": {"mendeley": 0, "citeulike": 0, "connotea": 0}, "total": {"posts_count": 298}, "reddit": {"unique_users_count": 3, "unique_users": ["I_did_dit", "-en-", "officialcitral"], "posts_count": 3}, "twitter": {"unique_users_count": 283, "posts_count": 290}, "facebook": {"unique_users_count": 3, "unique_users": ["139267936143724", "348268108602516", "274110669277660"], "posts_count": 3}, "blogs": {"unique_users_count": 1, "unique_users": [60586], "posts_count": 1}, "news": {"unique_users_count": 1, "unique_users": ["bioportfolio"], "posts_count": 1}}, "citation": {"altmetric_jid": "4f6fa50a3cf058f610003160", "doi": "10.1038/d41586-020-00624-1", "endpage": "8", "first_seen_on": "2020-03-04T17:05:04+00:00", "issns": ["0028-0836", "1476-4687"], "journal": "Nature", "last_mentioned_on": 1584371329, "links": ["https://www.nature.com/articles/d41586-020-00624-1?error=cookies_not_supported&amp;code=62b0cb77-616f-4db2-b361-cdf0d2a18006", "https://www.nature.com/articles/d41586-020-00624-1?error=cookies_not_supported&code=45b5eec9-79f0-4301-8d49-945f1105091f", "https://www.nature.com/articles/d41586-020-00624-1?utm_source=twt_nnc&utm_medium=social&utm_campaign=naturenews&error=cookies_not_supported&code=ea2a5c3f-89eb-49c1-ad62-b2c69babbb67", "https://www.nature.com/articles/d41586-020-00624-1?utm_source=fbk_nnc&utm_medium=social&utm_campaign=naturenews&error=cookies_not_supported&code=62562279-4f6a-4d22-9cc5-74431cc0844c", "https://www.nature.com/articles/d41586-020-00624-1?error=cookies_not_supported&code=8100d762-b5bb-41bb-b67b-738819a60450", "https://www.nature.com/articles/d41586-020-00624-1?error=cookies_not_supported&code=74edbd06-8b2b-4f90-b788-050e7a5c8691", "https://www.nature.com/articles/d41586-020-00624-1?error=cookies_not_supported&code=eaf3ea9f-24a0-467a-8b86-0f73f36629c1", "https://www.nature.com/articles/d41586-020-00624-1?WT.ec_id=NATURE-20200305&utm_source=nature_etoc&utm_medium=email&utm_campaign=20200305&sap-outbound-id=86F6389EF46D93D03E7591F1910C80832C84A091&mkt-key=005056B0331B1ED88A9659904CB9BAC3&error=cookies_not_supported&code=fd2d933d-20ff-4fbe-894e-6d1584e98398", "https://www.nature.com/articles/d41586-020-00624-1?WT.ec_id=NATURE-20200305&utm_source=nature_etoc&utm_medium=email&utm_campaign=20200305&sap-outbound-id=001CB19900CBE17A0470C77751244D178F41E2E6&mkt-key=005056A5C6311EE9999782768B6C6AC6&error=cookies_not_supported&code=3ebb3472-d10c-4766-926b-012dad3ed3de", "https://www.nature.com/articles/d41586-020-00624-1?error=cookies_not_supported&code=65967897-4f56-4ea9-aaec-2d96a10816f1", "https://www.nature.com/articles/d41586-020-00624-1?error=cookies_not_supported&code=75adc78a-07ac-45b0-aecc-203bf98d1494", "https://www.nature.com/articles/d41586-020-00624-1?error=cookies_not_supported&code=5818d54a-c53e-4ef0-87c0-c792b9299089", "https://www.nature.com/articles/d41586-020-00624-1?utm_source=twt_nnc&utm_medium=social&utm_campaign=naturenews&sf231207781=1&error=cookies_not_supported&code=dc3cb28c-3bc6-4bf8-ac26-c2983391db5d", "https://www.nature.com/articles/d41586-020-00624-1?utm_source=twt_nnc&utm_medium=social&utm_campaign=naturenews&sf231207781=1&error=cookies_not_supported&code=380702a8-ad17-4fa4-bec9-2864226a30c6", "https://www.nature.com/articles/d41586-020-00624-1?WT.ec_id=NATURE-20200305&utm_source=nature_etoc&utm_medium=email&utm_campaign=20200305&sap-outbound-id=01AAD456C32A13B9F81AFB41D3FD162DF12ACEDB&mkt-key=005056B0331B1ED792BB547C4768839F", "https://www.nature.com/articles/d41586-020-00624-1", "https://www.nature.com/articles/d41586-020-00624-1?WT.ec_id=NATURE-20200305&utm_source=nature_etoc&utm_medium=email&utm_campaign=20200305&sap-outbound-id=E4663148C6B625A91564AD6743CC0447B0C3EB55&mkt-key=005056B0331B1EDA91F1855E3B1DD057&error=cookies_not_supported&code=44a4260f-fe3b-4ff8-befd-1030383a5e98", "https://www.nature.com/articles/d41586-020-00624-1?utm_content=120556664&utm_medium=social&utm_source=twitter&hss_channel=tw-268986118&error=cookies_not_supported&code=ec94d1f8-9f22-4545-8c09-9c373b9c629c", "https://www.nature.com/articles/d41586-020-00624-1?utm_source=twitter&utm_medium=social&utm_content=organic&utm_campaign=NGMT_USG_JC01_GL_Nature&error=cookies_not_supported&code=a302f15d-4617-456e-be37-ba36db9907c7", "https://www.nature.com/articles/d41586-020-00624-1?utm_source=twitter&utm_medium=social&utm_content=organic&utm_campaign=NGMT_USG_JC01_GL_Nature", "https://www.nature.com/articles/d41586-020-00624-1?utm_content=120556681&utm_medium=social&utm_source=twitter&hss_channel=tw-268986118&error=cookies_not_supported&code=2872c4e3-ed9c-4d7e-8a53-3308f609b28c", "https://www.nature.com/articles/d41586-020-00624-1?utm_content=120556704&utm_medium=social&utm_source=twitter&hss_channel=tw-268986118&error=cookies_not_supported&code=662fc5f4-deb6-4003-820d-557cd9afb057", "https://www.nature.com/articles/d41586-020-00624-1?error=cookies_not_supported&code=dd6d9a01-2f13-41d7-967c-30ffc48b8fa1"], "pmid": "32132698", "pubdate": "2020-03-01T00:00:00+00:00", "epubdate": "2020-03-04T00:00:00+00:00", "publisher": "Springer Science and Business Media LLC", "scopus_subjects": ["General"], "startpage": "7", "title": "Warning from the tropics: rainforests are losing their ability to help humanity", "type": "news"}, "altmetric_score": {"score": 220.33, "score_history": {"1y": 220.33, "6m": 220.33, "3m": 220.33, "1m": 220.33, "1w": 19.75, "6d": 9.75, "5d": 8.9, "4d": 6.4, "3d": 2.7, "2d": 1.85, "1d": 0, "at": 220.33}, "context_for_score": {"all": {"total_number_of_other_articles": 14515774, "mean": 8.4677073350393, "rank": 66806, "this_scored_higher_than_pct": 99, "this_scored_higher_than": 14448936, "rank_type": "exact", "sample_size": 14515774, "percentile": 99}, "similar_age_3m": {"total_number_of_other_articles": 153795, "mean": 14.263529630545, "rank": 1438, "this_scored_higher_than_pct": 99, "this_scored_higher_than": 152357, "rank_type": "exact", "sample_size": 153795, "percentile": 99}, "this_journal": {"total_number_of_other_articles": 72477, "mean": 80.576609608698, "rank": 6761, "this_scored_higher_than_pct": 90, "this_scored_higher_than": 65716, "rank_type": "exact", "sample_size": 72477, "percentile": 90}, "similar_age_this_journal_3m": {"total_number_of_other_articles": 440, "mean": 269.87908428246, "rank": 135, "this_scored_higher_than_pct": 69, "this_scored_higher_than": 305, "rank_type": "exact", "sample_size": 440, "percentile": 69}}}, "demographics": {"poster_types": {"member_of_the_public": 230, "researcher": 36, "practitioner": 5, "science_communicator": 12}, "users": {"twitter": {"cohorts": {"Science communicators (journalists, bloggers, editors)": 12, "Members of the public": 230, "Scientists": 36, "Practitioners (doctors, other healthcare professionals)": 5}}}, "geo": {"twitter": {"US": 34, "IN": 5, "BE": 3, "GB": 18, "AT": 2, "DE": 10, "BR": 8, "ES": 1, "ID": 2, "MX": 6, "NL": 10, "CA": 4, "CH": 1, "GR": 1, "AU": 4, "AR": 2, "NZ": 1, "FI": 5, "PA": 4, "CO": 5, "CR": 1, "PH": 1, "IT": 1, "TH": 1, "CL": 2, "HU": 1, "TW": 1, "BD": 1, "LY": 1, "DK": 1, "FR": 2}}}, "posts": {"reddit": [{"title": "Warning from the tropics: rainforests are losing their ability to help humanity", "url": "http://www.reddit.com/r/TopScience/comments/fdfstc/warning_from_the_tropics_rainforests_are_losing/", "license": "public", "citation_ids": [77032510], "posted_on": "2020-03-04T16:49:20+00:00", "author": {"name": "I_did_dit", "url": "http://www.reddit.com/r/topscience", "id_on_source": "topscience", "followers": 43, "subreddit": "Top science articles in the news!"}}, {"title": "Warning from the tropics: rainforests are losing their ability to help humanity", "url": "http://www.reddit.com/r/newsbotbot/comments/fdfjsd/warning_from_the_tropics_rainforests_are_losing/", "license": "public", "citation_ids": [77032510], "posted_on": "2020-03-04T16:32:34+00:00", "author": {"name": "-en-", "url": "http://www.reddit.com/r/newsbotbot", "id_on_source": "newsbotbot", "followers": 1373, "subreddit": "newsbotBOT"}}, {"title": "Warning from the tropics: rainforests are losing their ability to help humanity", "url": "http://www.reddit.com/r/citral/comments/fdfhzc/warning_from_the_tropics_rainforests_are_losing/", "license": "public", "citation_ids": [77032510], "posted_on": "2020-03-04T16:29:17+00:00", "author": {"name": "officialcitral", "url": "http://www.reddit.com/r/citral", "image": "http://a.thumbs.redditmedia.com/gq9561mrzeY9TrVx.png", "id_on_source": "citral", "followers": 21, "subreddit": "Centre for Investigative Research and Learning"}}], "twitter": [{"license": "gnip", "citation_ids": [77032510], "author": {"tweeter_id": "15862891"}, "tweet_id": "1235236929588822016"}, {"license": "gnip", "citation_ids": [77032510], "author": {"tweeter_id": "278323894"}, "tweet_id": "1235237229108383744"}, {"license": "gnip", "citation_ids": [77032510], "author": {"tweeter_id": "344938512"}, "tweet_id": "1235237326055526400"}, {"license": "gnip", "citation_ids": [77032510], "author": {"tweeter_id": "76408804"}, "tweet_id": "1235237341452738562"}, {"license": "gnip", "citation_ids": [77032510], "author": {"tweeter_id": "1221524807767949314"}, "tweet_id": "1235237796232810500"}, {"license": "gnip", "citation_ids": [77032510], "author": {"tweeter_id": "16645396"}, "tweet_id": "1235238157131452417"}, {"license": "gnip", "citation_ids": [77032510], "author": {"tweeter_id": "988618489"}, "tweet_id": "1235238250723323904"}, {"license": "gnip", "citation_ids": [77032510], "author": {"tweeter_id": "614429728"}, "tweet_id": "1235238319358910467"}, {"license": "gnip", "citation_ids": [77032510], "author": {"tweeter_id": "2347354946"}, "tweet_id": "1235238916686573570"}, {"license": "gnip", "citation_ids": [77032510], "author": {"tweeter_id": "173361916"}, "tweet_id": "1235239450990399488"}, {"license": "gnip", "citation_ids": [77032510], "author": {"tweeter_id": "262113526"}, "tweet_id": "1235239912703750145"}, {"license": "gnip", "citation_ids": [77032510], "author": {"tweeter_id": "16735484"}, "tweet_id": "1235245331929010177"}, {"license": "gnip", "citation_ids": [77032510], "author": {"tweeter_id": "1071198987535806464"}, "tweet_id": "1235248314913710080"}, {"license": "gnip", "citation_ids": [77032510], "author": {"tweeter_id": "1184380099677822976"}, "tweet_id": "1235249591265742848"}, {"license": "gnip", "citation_ids": [77032510], "author": {"tweeter_id": "1611453336"}, "tweet_id": "1235249939548114950"}, {"license": "gnip", "citation_ids": [77032510], "author": {"tweeter_id": "4854702505"}, "tweet_id": "1235267326468968448"}, {"license": "gnip", "citation_ids": [77032510], "author": {"tweeter_id": "970129310"}, "tweet_id": "1235270185520697344"}, {"license": "gnip", "citation_ids": [77032510], "author": {"tweeter_id": "4284841877"}, "tweet_id": "1235270701394915330"}, {"license": "gnip", "citation_ids": [77032510], "author": {"tweeter_id": "76577596"}, "tweet_id": "1235272565532299268"}, {"license": "gnip", "citation_ids": [77032510], "author": {"tweeter_id": "283173549"}, "tweet_id": "1235288495788302336"}, {"license": "gnip", "citation_ids": [77032510], "author": {"tweeter_id": "63671189"}, "tweet_id": "1235300584204443649"}, {"license": "gnip", "citation_ids": [77032519, 77032510], "author": {"tweeter_id": "515629847"}, "tweet_id": "1235309400191119362"}, {"license": "gnip", "citation_ids": [77032519, 77032510], "author": {"tweeter_id": "1067676140"}, "tweet_id": "1235310788535037958"}, {"license": "gnip", "citation_ids": [77032510], "author": {"tweeter_id": "2515657621"}, "tweet_id": "1235321092899778560"}, {"license": "gnip", "citation_ids": [77032510], "author": {"tweeter_id": "432907073"}, "tweet_id": "1235339948460560385"}, {"license": "gnip", "citation_ids": [77032510], "author": {"tweeter_id": "2574108490"}, "tweet_id": "1235394185492037634"}, {"license": "gnip", "citation_ids": [77032510], "author": {"tweeter_id": "1053747985786527744"}, "tweet_id": "1235422935101386753"}, {"license": "gnip", "citation_ids": [77032510], "author": {"tweeter_id": "166678158"}, "tweet_id": "1235423181252354048"}, {"license": "gnip", "citation_ids": [77032510], "author": {"tweeter_id": "626919443"}, "tweet_id": "1235424771384303617"}, {"license": "gnip", "citation_ids": [77032510], "author": {"tweeter_id": "939383649895665664"}, "tweet_id": "1235425567836692482"}, {"license": "gnip", "citation_ids": [77032510], "author": {"tweeter_id": "101824877"}, "tweet_id": "1235430315205640192"}, {"license": "gnip", "citation_ids": [77032519, 77032510], "author": {"tweeter_id": "1235120588060004359"}, "tweet_id": "1235434335903158272"}, {"license": "gnip", "citation_ids": [77032510], "author": {"tweeter_id": "2820535511"}, "tweet_id": "1235438487563837442"}, {"license": "gnip", "citation_ids": [77032510], "author": {"tweeter_id": "1096766566279073792"}, "tweet_id": "1235465232270741504"}, {"license": "gnip", "citation_ids": [77032510], "author": {"tweeter_id": "3160526494"}, "tweet_id": "1235473024268333056"}, {"license": "gnip", "citation_ids": [77032510], "author": {"tweeter_id": "564661957"}, "tweet_id": "1235474423651725312"}, {"license": "gnip", "citation_ids": [77032510], "author": {"tweeter_id": "329085723"}, "tweet_id": "1235481483646824448"}, {"license": "gnip", "citation_ids": [77032510], "author": {"tweeter_id": "768650856526811140"}, "tweet_id": "1235484586433343490"}, {"license": "gnip", "citation_ids": [77032510], "author": {"tweeter_id": "1088355121195556864"}, "tweet_id": "1235486041114587136"}, {"license": "gnip", "citation_ids": [77032510], "author": {"tweeter_id": "1171207005656289280"}, "tweet_id": "1235486638236712960"}, {"license": "gnip", "citation_ids": [77032510], "author": {"tweeter_id": "1167398259834462211"}, "tweet_id": "1235488871753764866"}, {"license": "gnip", "citation_ids": [77032510], "author": {"tweeter_id": "306263810"}, "tweet_id": "1235497574766768128"}, {"license": "gnip", "citation_ids": [77032510], "author": {"tweeter_id": "1311602389"}, "tweet_id": "1235498591830953984"}, {"license": "gnip", "citation_ids": [77032510], "author": {"tweeter_id": "174634644"}, "tweet_id": "1235498800917229568"}, {"license": "gnip", "citation_ids": [77032510], "author": {"tweeter_id": "152303720"}, "tweet_id": "1235498858479620097"}, {"license": "gnip", "citation_ids": [77032510], "author": {"tweeter_id": "915166580690087937"}, "tweet_id": "1235519271431745537"}, {"license": "gnip", "citation_ids": [77032519, 77032510], "author": {"tweeter_id": "238305725"}, "tweet_id": "1235519941765365760"}, {"license": "gnip", "citation_ids": [77032510], "author": {"tweeter_id": "1102348021575180291"}, "tweet_id": "1235527362139295745"}, {"license": "gnip", "citation_ids": [77032510], "author": {"tweeter_id": "2359742929"}, "tweet_id": "1235529761755140097"}, {"license": "gnip", "citation_ids": [77032510], "author": {"tweeter_id": "912852980"}, "tweet_id": "1235542542923575297"}, {"license": "gnip", "citation_ids": [77032510], "author": {"tweeter_id": "22166017"}, "tweet_id": "1235544451260563466"}, {"license": "gnip", "citation_ids": [77032510], "author": {"tweeter_id": "4517616687"}, "tweet_id": "1235552516684886016"}, {"license": "gnip", "citation_ids": [77032510], "author": {"tweeter_id": "2436242988"}, "tweet_id": "1235566701741142019"}, {"license": "gnip", "citation_ids": [77032510], "author": {"tweeter_id": "137106167"}, "tweet_id": "1235568083881922560"}, {"license": "gnip", "citation_ids": [77032510], "author": {"tweeter_id": "3648684557"}, "tweet_id": "1235569166821687297"}, {"license": "gnip", "citation_ids": [77032510], "author": {"tweeter_id": "1880242808"}, "tweet_id": "1235570879406501888"}, {"license": "gnip", "citation_ids": [77032510], "author": {"tweeter_id": "1135224401442549761"}, "tweet_id": "1235576478152065024"}, {"license": "gnip", "citation_ids": [77032510], "author": {"tweeter_id": "3020983023"}, "tweet_id": "1235578581876535296"}, {"license": "gnip", "citation_ids": [77032510], "author": {"tweeter_id": "791760216589148160"}, "tweet_id": "1235578701305335808"}, {"license": "gnip", "citation_ids": [77032510], "author": {"tweeter_id": "1089457571566624768"}, "tweet_id": "1235586645379842048"}, {"license": "gnip", "citation_ids": [77032510], "author": {"tweeter_id": "2366458867"}, "tweet_id": "1235588469604433921"}, {"license": "gnip", "citation_ids": [77032510], "author": {"tweeter_id": "2864430993"}, "tweet_id": "1235614743391539200"}, {"license": "gnip", "citation_ids": [77032510], "author": {"tweeter_id": "2803965414"}, "tweet_id": "1235615392384466945"}, {"license": "gnip", "citation_ids": [77032510], "author": {"tweeter_id": "232315439"}, "tweet_id": "1235615565902794753"}, {"license": "gnip", "citation_ids": [77032510], "author": {"tweeter_id": "121544856"}, "tweet_id": "1235616303228088320"}, {"license": "gnip", "citation_ids": [77032510], "author": {"tweeter_id": "139410005"}, "tweet_id": "1235617390458744833"}, {"license": "gnip", "citation_ids": [77032510], "author": {"tweeter_id": "256699600"}, "tweet_id": "1235618396085108737"}, {"license": "gnip", "citation_ids": [77032510], "author": {"tweeter_id": "105175107"}, "tweet_id": "1235618486258413570"}, {"license": "gnip", "citation_ids": [77032510], "author": {"tweeter_id": "1202897588149727233"}, "tweet_id": "1235618983203790851"}, {"license": "gnip", "citation_ids": [77032510], "author": {"tweeter_id": "293375872"}, "tweet_id": "1235619737721139201"}, {"license": "gnip", "citation_ids": [77032510], "author": {"tweeter_id": "20620142"}, "tweet_id": "1235620292439027713"}, {"license": "gnip", "citation_ids": [77032510], "author": {"tweeter_id": "2789289265"}, "tweet_id": "1235620481195290625"}, {"license": "gnip", "citation_ids": [77032510], "author": {"tweeter_id": "1076128891369148416"}, "tweet_id": "1235626262695161856"}, {"license": "gnip", "citation_ids": [77032510], "author": {"tweeter_id": "1217177236345970689"}, "tweet_id": "1235628268713168898"}, {"license": "gnip", "citation_ids": [77032510], "author": {"tweeter_id": "55260264"}, "tweet_id": "1235628503770464257"}, {"license": "gnip", "citation_ids": [77032510], "author": {"tweeter_id": "325734439"}, "tweet_id": "1235628701238398976"}, {"license": "gnip", "citation_ids": [77032510], "author": {"tweeter_id": "43203621"}, "tweet_id": "1235629463376977922"}, {"license": "gnip", "citation_ids": [77032510], "author": {"tweeter_id": "415304375"}, "tweet_id": "1235629799781142528"}, {"license": "gnip", "citation_ids": [77032510], "author": {"tweeter_id": "3752375848"}, "tweet_id": "1235629951560216576"}, {"license": "gnip", "citation_ids": [77032510], "author": {"tweeter_id": "112823892"}, "tweet_id": "1235630427651665920"}, {"license": "gnip", "citation_ids": [77032510], "author": {"tweeter_id": "551989275"}, "tweet_id": "1235631762971201536"}, {"license": "gnip", "citation_ids": [77032510], "author": {"tweeter_id": "2161132934"}, "tweet_id": "1235632715959021571"}, {"license": "gnip", "citation_ids": [77032510], "author": {"tweeter_id": "250754129"}, "tweet_id": "1235633244575379457"}, {"license": "gnip", "citation_ids": [77032510], "author": {"tweeter_id": "296889553"}, "tweet_id": "1235633424326635527"}, {"license": "gnip", "citation_ids": [77032510], "author": {"tweeter_id": "26349400"}, "tweet_id": "1235635738009464834"}, {"license": "gnip", "citation_ids": [77032510], "author": {"tweeter_id": "527535760"}, "tweet_id": "1235637606861484032"}, {"license": "gnip", "citation_ids": [77032510], "author": {"tweeter_id": "1197596407261040640"}, "tweet_id": "1235637781910573056"}, {"license": "gnip", "citation_ids": [77032510], "author": {"tweeter_id": "3104341166"}, "tweet_id": "1235638420916932613"}, {"license": "gnip", "citation_ids": [77032510, 77032510], "author": {"tweeter_id": "45521374"}, "tweet_id": "1235639965645770755"}, {"license": "gnip", "citation_ids": [77032510], "author": {"tweeter_id": "3133762225"}, "tweet_id": "1235641518267957248"}, {"license": "gnip", "citation_ids": [77032510], "author": {"tweeter_id": "1219410384408449025"}, "tweet_id": "1235650584763674624"}, {"license": "gnip", "citation_ids": [77032510], "author": {"tweeter_id": "376404840"}, "tweet_id": "1235653011713560576"}, {"license": "gnip", "citation_ids": [77032510], "author": {"tweeter_id": "434790644"}, "tweet_id": "1235658372541751296"}, {"license": "gnip", "citation_ids": [77032510], "author": {"tweeter_id": "1415740117"}, "tweet_id": "1235659379153625088"}, {"license": "gnip", "citation_ids": [77032510], "author": {"tweeter_id": "1215568092853690368"}, "tweet_id": "1235666970806063105"}, {"license": "gnip", "citation_ids": [77032510], "author": {"tweeter_id": "1220282883228753921"}, "tweet_id": "1235668880347066378"}, {"license": "gnip", "citation_ids": [77032510], "author": {"tweeter_id": "2249395549"}, "tweet_id": "1235675580470718466"}, {"license": "gnip", "citation_ids": [77032510], "author": {"tweeter_id": "721094134"}, "tweet_id": "1235675663723622420"}, {"license": "gnip", "citation_ids": [77032510], "author": {"tweeter_id": "95171370"}, "tweet_id": "1235678408832507906"}, {"license": "gnip", "citation_ids": [77032510], "author": {"tweeter_id": "1915195124"}, "tweet_id": "1235680476079288332"}, {"license": "gnip", "citation_ids": [77032510], "author": {"tweeter_id": "2464224371"}, "tweet_id": "1235682906212913153"}, {"license": "gnip", "citation_ids": [77032510], "author": {"tweeter_id": "105600415"}, "tweet_id": "1235698225153060864"}, {"license": "gnip", "citation_ids": [77032510], "author": {"tweeter_id": "593267206"}, "tweet_id": "1235698764955844608"}, {"license": "gnip", "citation_ids": [77032510], "author": {"tweeter_id": "1171883244897406983"}, "tweet_id": "1235707662601302016"}, {"license": "gnip", "citation_ids": [77032510], "author": {"tweeter_id": "137677560"}, "tweet_id": "1235716606661201921"}, {"license": "gnip", "citation_ids": [77032510], "author": {"tweeter_id": "2997651014"}, "tweet_id": "1235743767337914368"}, {"license": "gnip", "citation_ids": [77032510], "author": {"tweeter_id": "1129076291775410183"}, "tweet_id": "1235752745262596097"}, {"license": "gnip", "citation_ids": [77032510], "author": {"tweeter_id": "16473386"}, "tweet_id": "1235763967005470721"}, {"license": "gnip", "citation_ids": [77032510], "author": {"tweeter_id": "1009689660015202304"}, "tweet_id": "1235834221559549952"}, {"license": "gnip", "citation_ids": [77032510], "author": {"tweeter_id": "1205221909236981763"}, "tweet_id": "1235838976688148480"}, {"license": "gnip", "citation_ids": [77032510], "author": {"tweeter_id": "938050292385533952"}, "tweet_id": "1235840360598794241"}, {"license": "gnip", "citation_ids": [77032510], "author": {"tweeter_id": "121588816"}, "tweet_id": "1235862533803655168"}, {"license": "gnip", "citation_ids": [77032510], "author": {"tweeter_id": "46959037"}, "tweet_id": "1235868110038564865"}, {"license": "gnip", "citation_ids": [77032510], "author": {"tweeter_id": "1414106382"}, "tweet_id": "1235873284329050113"}, {"license": "gnip", "citation_ids": [77032510], "author": {"tweeter_id": "971921737"}, "tweet_id": "1235889255328645120"}, {"license": "gnip", "citation_ids": [77032510], "author": {"tweeter_id": "113051754"}, "tweet_id": "1235894198399905792"}, {"license": "gnip", "citation_ids": [77032510], "author": {"tweeter_id": "4284841877"}, "tweet_id": "1235904413652463619"}, {"license": "gnip", "citation_ids": [77032510], "author": {"tweeter_id": "3019638591"}, "tweet_id": "1235909657094508544"}, {"license": "gnip", "citation_ids": [77032510], "author": {"tweeter_id": "990943627"}, "tweet_id": "1235914300453277696"}, {"license": "gnip", "citation_ids": [77032510], "author": {"tweeter_id": "1208834113433669637"}, "tweet_id": "1235918559634743296"}, {"license": "gnip", "citation_ids": [77032510], "author": {"tweeter_id": "1201079300469997569"}, "tweet_id": "1235933383894671360"}, {"license": "gnip", "citation_ids": [77032510], "author": {"tweeter_id": "43361118"}, "tweet_id": "1235943392321982464"}, {"license": "gnip", "citation_ids": [77032510], "author": {"tweeter_id": "1037760809680687104"}, "tweet_id": "1235947333776482306"}, {"license": "gnip", "citation_ids": [77032510], "author": {"tweeter_id": "3006834917"}, "tweet_id": "1235952962180132864"}, {"license": "gnip", "citation_ids": [77032519, 77032510], "author": {"tweeter_id": "1301230560"}, "tweet_id": "1235954841148690432"}, {"license": "gnip", "citation_ids": [77032510], "author": {"tweeter_id": "2555402460"}, "tweet_id": "1235973422129106944"}, {"license": "gnip", "citation_ids": [77032510], "author": {"tweeter_id": "1288468748"}, "tweet_id": "1235976816038252546"}, {"license": "gnip", "citation_ids": [77032510], "author": {"tweeter_id": "1074239985098858496"}, "tweet_id": "1235979825589948416"}, {"license": "gnip", "citation_ids": [77032510], "author": {"tweeter_id": "1155098697652494337"}, "tweet_id": "1236094436658089990"}, {"license": "gnip", "citation_ids": [77032510], "author": {"tweeter_id": "1072798164388904960"}, "tweet_id": "1236171830924320769"}, {"license": "gnip", "citation_ids": [77032510], "author": {"tweeter_id": "1199041516611747840"}, "tweet_id": "1236187383487492097"}, {"license": "gnip", "citation_ids": [77032519, 77032510], "author": {"tweeter_id": "842458580137709568"}, "tweet_id": "1236229143400009728"}, {"license": "gnip", "citation_ids": [77032510], "author": {"tweeter_id": "1072530552689954816"}, "tweet_id": "1236230912335130626"}, {"license": "gnip", "citation_ids": [77032510], "author": {"tweeter_id": "1169914671530500096"}, "tweet_id": "1236266358746292224"}, {"license": "gnip", "citation_ids": [77032510], "author": {"tweeter_id": "2869036246"}, "tweet_id": "1236292609498386432"}, {"license": "gnip", "citation_ids": [77032510], "author": {"tweeter_id": "993245149072412673"}, "tweet_id": "1236293204271562761"}, {"license": "gnip", "citation_ids": [77032510], "author": {"tweeter_id": "993245149072412673"}, "tweet_id": "1236293514419408896"}, {"license": "gnip", "citation_ids": [77032510], "author": {"tweeter_id": "1048687773656469504"}, "tweet_id": "1236318421656178699"}, {"license": "gnip", "citation_ids": [77032510], "author": {"tweeter_id": "325123038"}, "tweet_id": "1236367025288753153"}, {"license": "gnip", "citation_ids": [77032510], "author": {"tweeter_id": "1175821656763318272"}, "tweet_id": "1236404433266839553"}, {"license": "gnip", "citation_ids": [77032510], "author": {"tweeter_id": "274734608"}, "tweet_id": "1236406814943649793"}, {"license": "gnip", "citation_ids": [77032510], "author": {"tweeter_id": "280922916"}, "tweet_id": "1236413508008513536"}, {"license": "gnip", "citation_ids": [77032510], "author": {"tweeter_id": "99748579"}, "tweet_id": "1236413796937334784"}, {"license": "gnip", "citation_ids": [77032510], "author": {"tweeter_id": "826694238368886785"}, "tweet_id": "1236414119399612418"}, {"license": "gnip", "citation_ids": [77032510], "author": {"tweeter_id": "808163328"}, "tweet_id": "1236414509713174528"}, {"license": "gnip", "citation_ids": [77032510], "author": {"tweeter_id": "307542335"}, "tweet_id": "1236415134014361602"}, {"license": "gnip", "citation_ids": [77032510], "author": {"tweeter_id": "1089577864805212160"}, "tweet_id": "1236416778647097347"}, {"license": "gnip", "citation_ids": [77032510], "author": {"tweeter_id": "3486659592"}, "tweet_id": "1236420452832215040"}, {"license": "gnip", "citation_ids": [77032510], "author": {"tweeter_id": "478083795"}, "tweet_id": "1236435392913649664"}, {"license": "gnip", "citation_ids": [77032510], "author": {"tweeter_id": "129731865"}, "tweet_id": "1236454127858745344"}, {"license": "gnip", "citation_ids": [77032510], "author": {"tweeter_id": "142063154"}, "tweet_id": "1236474549664985094"}, {"license": "gnip", "citation_ids": [77032510], "author": {"tweeter_id": "836784103"}, "tweet_id": "1236482835151650816"}, {"license": "gnip", "citation_ids": [77032510], "author": {"tweeter_id": "290366676"}, "tweet_id": "1236491249324036097"}, {"license": "gnip", "citation_ids": [77032510], "author": {"tweeter_id": "3296144940"}, "tweet_id": "1236503415246721024"}, {"license": "gnip", "citation_ids": [77032510], "author": {"tweeter_id": "258397095"}, "tweet_id": "1236514775208624128"}, {"license": "gnip", "citation_ids": [77032510], "author": {"tweeter_id": "806623890709630988"}, "tweet_id": "1236517359571079168"}, {"license": "gnip", "citation_ids": [77032510], "author": {"tweeter_id": "105241406"}, "tweet_id": "1236519422891888642"}, {"license": "gnip", "citation_ids": [77032510], "author": {"tweeter_id": "858563987600023553"}, "tweet_id": "1236621691406688257"}, {"license": "gnip", "citation_ids": [77032510], "author": {"tweeter_id": "2768228696"}, "tweet_id": "1236627147160195073"}, {"license": "gnip", "citation_ids": [77032510], "author": {"tweeter_id": "2209314299"}, "tweet_id": "1236665854466691072"}, {"license": "gnip", "citation_ids": [77032510], "author": {"tweeter_id": "2752068470"}, "tweet_id": "1236677629417345027"}, {"license": "gnip", "citation_ids": [77032510], "author": {"tweeter_id": "180380121"}, "tweet_id": "1237081980933746688"}, {"license": "gnip", "citation_ids": [77032510], "author": {"tweeter_id": "15862891"}, "tweet_id": "1237083250528595969"}, {"license": "gnip", "citation_ids": [77032510], "author": {"tweeter_id": "109848011"}, "tweet_id": "1237083451267911680"}, {"license": "gnip", "citation_ids": [77032510], "author": {"tweeter_id": "267390562"}, "tweet_id": "1237083477981290496"}, {"license": "gnip", "citation_ids": [77032510], "author": {"tweeter_id": "113795262"}, "tweet_id": "1237083538165555201"}, {"license": "gnip", "citation_ids": [77032510], "author": {"tweeter_id": "1357249740"}, "tweet_id": "1237083672442011657"}, {"license": "gnip", "citation_ids": [77032510], "author": {"tweeter_id": "2819834421"}, "tweet_id": "1237083736342216705"}, {"license": "gnip", "citation_ids": [77032510], "author": {"tweeter_id": "15730242"}, "tweet_id": "1237083788812812288"}, {"license": "gnip", "citation_ids": [77032510], "author": {"tweeter_id": "224181333"}, "tweet_id": "1237084008590106624"}, {"license": "gnip", "citation_ids": [77032510], "author": {"tweeter_id": "230205956"}, "tweet_id": "1237084582337536000"}, {"license": "gnip", "citation_ids": [77032510], "author": {"tweeter_id": "212552455"}, "tweet_id": "1237084907488210946"}, {"license": "gnip", "citation_ids": [77032510], "author": {"tweeter_id": "2954017367"}, "tweet_id": "1237085192235429888"}, {"license": "gnip", "citation_ids": [77032510], "author": {"tweeter_id": "1236346020344352771"}, "tweet_id": "1237085519416299522"}, {"license": "gnip", "citation_ids": [77032510], "author": {"tweeter_id": "1212662806119473159"}, "tweet_id": "1237085623648911365"}, {"license": "gnip", "citation_ids": [77032510], "author": {"tweeter_id": "1231065792323760129"}, "tweet_id": "1237086829381185536"}, {"license": "gnip", "citation_ids": [77032510], "author": {"tweeter_id": "354264146"}, "tweet_id": "1237087513543684097"}, {"license": "gnip", "citation_ids": [77032510], "author": {"tweeter_id": "827830917313945601"}, "tweet_id": "1237089842514644992"}, {"license": "gnip", "citation_ids": [77032510], "author": {"tweeter_id": "947119059723804672"}, "tweet_id": "1237090620461776897"}, {"license": "gnip", "citation_ids": [77032510], "author": {"tweeter_id": "1198485900012871680"}, "tweet_id": "1237091440364158976"}, {"license": "gnip", "citation_ids": [77032510], "author": {"tweeter_id": "458005471"}, "tweet_id": "1237092677679800322"}, {"license": "gnip", "citation_ids": [77032510], "author": {"tweeter_id": "501661156"}, "tweet_id": "1237093506570747904"}, {"license": "gnip", "citation_ids": [77032510], "author": {"tweeter_id": "2301856730"}, "tweet_id": "1237093524371312640"}, {"license": "gnip", "citation_ids": [77032510], "author": {"tweeter_id": "1059934755150589953"}, "tweet_id": "1237094983095726083"}, {"license": "gnip", "citation_ids": [77032510], "author": {"tweeter_id": "1183197569666576391"}, "tweet_id": "1237095192492195844"}, {"license": "gnip", "citation_ids": [77032510], "author": {"tweeter_id": "87289054"}, "tweet_id": "1237095425091473412"}, {"license": "gnip", "citation_ids": [77032510], "author": {"tweeter_id": "2432298782"}, "tweet_id": "1237097512160366593"}, {"license": "gnip", "citation_ids": [77032510], "author": {"tweeter_id": "1263202820"}, "tweet_id": "1237099027944136706"}, {"license": "gnip", "citation_ids": [77032510], "author": {"tweeter_id": "1274599584"}, "tweet_id": "1237109878088400899"}, {"license": "gnip", "citation_ids": [77032510], "author": {"tweeter_id": "1274599584"}, "tweet_id": "1237109889023062019"}, {"license": "gnip", "citation_ids": [77032510], "author": {"tweeter_id": "2799796717"}, "tweet_id": "1237112429617840128"}, {"license": "gnip", "citation_ids": [77032510], "author": {"tweeter_id": "728599003542204416"}, "tweet_id": "1237117536782684164"}, {"license": "gnip", "citation_ids": [77032510], "author": {"tweeter_id": "1139936972"}, "tweet_id": "1237137542119665667"}, {"license": "gnip", "citation_ids": [77032510], "author": {"tweeter_id": "1102465200060538880"}, "tweet_id": "1237139632162312192"}, {"license": "gnip", "citation_ids": [77032510], "author": {"tweeter_id": "1202338657371340806"}, "tweet_id": "1237145750968193025"}, {"license": "gnip", "citation_ids": [77032510], "author": {"tweeter_id": "1026131330529210368"}, "tweet_id": "1237147369394839554"}, {"license": "gnip", "citation_ids": [77032510], "author": {"tweeter_id": "1026131330529210368"}, "tweet_id": "1237148425256394755"}, {"license": "gnip", "citation_ids": [77032510], "author": {"tweeter_id": "172884537"}, "tweet_id": "1237148846498746368"}, {"license": "gnip", "citation_ids": [77032510], "author": {"tweeter_id": "77752522"}, "tweet_id": "1237150286004748289"}, {"license": "gnip", "citation_ids": [77032510], "author": {"tweeter_id": "2258121786"}, "tweet_id": "1237159908690165762"}, {"license": "gnip", "citation_ids": [77032510], "author": {"tweeter_id": "27494620"}, "tweet_id": "1237170631923376129"}, {"license": "gnip", "citation_ids": [77032510], "author": {"tweeter_id": "968245767272984576"}, "tweet_id": "1237171226210185216"}, {"license": "gnip", "citation_ids": [77032510], "author": {"tweeter_id": "194650248"}, "tweet_id": "1237187917438767108"}, {"license": "gnip", "citation_ids": [77032510], "author": {"tweeter_id": "1093043542526574592"}, "tweet_id": "1237203645898182657"}, {"license": "gnip", "citation_ids": [77032510], "author": {"tweeter_id": "2347725808"}, "tweet_id": "1237278660551421952"}, {"license": "gnip", "citation_ids": [77032510], "author": {"tweeter_id": "1215671445231194112"}, "tweet_id": "1237296342319484929"}, {"license": "gnip", "citation_ids": [77032510], "author": {"tweeter_id": "1082585659"}, "tweet_id": "1237349155225255937"}, {"license": "gnip", "citation_ids": [77032510], "author": {"tweeter_id": "268986118"}, "tweet_id": "1237350487512547328"}, {"license": "gnip", "citation_ids": [77032510], "author": {"tweeter_id": "1699262160"}, "tweet_id": "1237351966679773185"}, {"license": "gnip", "citation_ids": [77032510], "author": {"tweeter_id": "1197751089409544192"}, "tweet_id": "1237358721405198336"}, {"license": "gnip", "citation_ids": [77032510], "author": {"tweeter_id": "98677317"}, "tweet_id": "1237419679670403072"}, {"license": "gnip", "citation_ids": [77032510], "author": {"tweeter_id": "487833518"}, "tweet_id": "1237429767936278528"}, {"license": "gnip", "citation_ids": [77032510], "author": {"tweeter_id": "79600466"}, "tweet_id": "1237429790426238978"}, {"license": "gnip", "citation_ids": [77032510], "author": {"tweeter_id": "4914554621"}, "tweet_id": "1237429835351326720"}, {"license": "gnip", "citation_ids": [77032510], "author": {"tweeter_id": "519767002"}, "tweet_id": "1237429879743942656"}, {"license": "gnip", "citation_ids": [77032510], "author": {"tweeter_id": "1097460462260760576"}, "tweet_id": "1237429918583193601"}, {"license": "gnip", "citation_ids": [77032510], "author": {"tweeter_id": "2347314541"}, "tweet_id": "1237429920135090176"}, {"license": "gnip", "citation_ids": [77032510], "author": {"tweeter_id": "468082607"}, "tweet_id": "1237430016687759360"}, {"license": "gnip", "citation_ids": [77032510], "author": {"tweeter_id": "238042603"}, "tweet_id": "1237430057620000771"}, {"license": "gnip", "citation_ids": [77032510], "author": {"tweeter_id": "1102222988563439622"}, "tweet_id": "1237430190835408898"}, {"license": "gnip", "citation_ids": [77032510], "author": {"tweeter_id": "1196820267391172608"}, "tweet_id": "1237430282367762434"}, {"license": "gnip", "citation_ids": [77032510], "author": {"tweeter_id": "111226407"}, "tweet_id": "1237430301598437377"}, {"license": "gnip", "citation_ids": [77032510], "author": {"tweeter_id": "1221366000752324609"}, "tweet_id": "1237430530708090883"}, {"license": "gnip", "citation_ids": [77032510], "author": {"tweeter_id": "2835180958"}, "tweet_id": "1237430556838760448"}, {"license": "gnip", "citation_ids": [77032510], "author": {"tweeter_id": "1202145162790502400"}, "tweet_id": "1237430558877089792"}, {"license": "gnip", "citation_ids": [77032510], "author": {"tweeter_id": "1220711048149291008"}, "tweet_id": "1237430617953820672"}, {"license": "gnip", "citation_ids": [77032510], "author": {"tweeter_id": "22253570"}, "tweet_id": "1237430722325090305"}, {"license": "gnip", "citation_ids": [77032510], "author": {"tweeter_id": "1198867590854193153"}, "tweet_id": "1237431115725647876"}, {"license": "gnip", "citation_ids": [77032510], "author": {"tweeter_id": "1150591812882620416"}, "tweet_id": "1237431179147689987"}, {"license": "gnip", "citation_ids": [77032510], "author": {"tweeter_id": "814112536605769728"}, "tweet_id": "1237431234487128065"}, {"license": "gnip", "citation_ids": [77032510], "author": {"tweeter_id": "275654150"}, "tweet_id": "1237431536082878467"}, {"license": "gnip", "citation_ids": [77032510], "author": {"tweeter_id": "853703540"}, "tweet_id": "1237431655276691456"}, {"license": "gnip", "citation_ids": [77032510], "author": {"tweeter_id": "24706945"}, "tweet_id": "1237432520951513088"}, {"license": "gnip", "citation_ids": [77032510], "author": {"tweeter_id": "279934347"}, "tweet_id": "1237433019671158784"}, {"license": "gnip", "citation_ids": [77032510], "author": {"tweeter_id": "1142899881394094080"}, "tweet_id": "1237433040604815360"}, {"license": "gnip", "citation_ids": [77032510], "author": {"tweeter_id": "873816992247042048"}, "tweet_id": "1237434004854304768"}, {"license": "gnip", "citation_ids": [77032510], "author": {"tweeter_id": "385840654"}, "tweet_id": "1237435958716489728"}, {"license": "gnip", "citation_ids": [77032510], "author": {"tweeter_id": "1183142423314288640"}, "tweet_id": "1237436275944284162"}, {"license": "gnip", "citation_ids": [77032510], "author": {"tweeter_id": "467621327"}, "tweet_id": "1237438343039709186"}, {"license": "gnip", "citation_ids": [77032510], "author": {"tweeter_id": "3128651926"}, "tweet_id": "1237439578937622533"}, {"license": "gnip", "citation_ids": [77032510], "author": {"tweeter_id": "970558340454469632"}, "tweet_id": "1237439748744130560"}, {"license": "gnip", "citation_ids": [77032510], "author": {"tweeter_id": "1017603295920230403"}, "tweet_id": "1237444456951042053"}, {"license": "gnip", "citation_ids": [77032510], "author": {"tweeter_id": "1044973248"}, "tweet_id": "1237446060697686018"}, {"license": "gnip", "citation_ids": [77032510], "author": {"tweeter_id": "35117516"}, "tweet_id": "1237449642993836032"}, {"license": "gnip", "citation_ids": [77032510], "author": {"tweeter_id": "712037238507446273"}, "tweet_id": "1237458600500408320"}, {"license": "gnip", "citation_ids": [77032510], "author": {"tweeter_id": "2349056808"}, "tweet_id": "1237464289201569792"}, {"license": "gnip", "citation_ids": [77032510], "author": {"tweeter_id": "1167900966697308160"}, "tweet_id": "1237466722170372096"}, {"license": "gnip", "citation_ids": [77032510], "author": {"tweeter_id": "1618957363"}, "tweet_id": "1237477484230131712"}, {"license": "gnip", "citation_ids": [77032510], "author": {"tweeter_id": "4228216312"}, "tweet_id": "1237478898604158976"}, {"license": "gnip", "citation_ids": [77032510], "author": {"tweeter_id": "3344663044"}, "tweet_id": "1237482333076443140"}, {"license": "gnip", "citation_ids": [77032510], "author": {"tweeter_id": "773340859303682049"}, "tweet_id": "1237489865148825607"}, {"license": "gnip", "citation_ids": [77032510], "author": {"tweeter_id": "722543163953516544"}, "tweet_id": "1237490722913366023"}, {"license": "gnip", "citation_ids": [77032510], "author": {"tweeter_id": "213248604"}, "tweet_id": "1237491083279511553"}, {"license": "gnip", "citation_ids": [77032510], "author": {"tweeter_id": "1112913144568037376"}, "tweet_id": "1237492059646427141"}, {"license": "gnip", "citation_ids": [77032510], "author": {"tweeter_id": "4390454367"}, "tweet_id": "1237493419062239232"}, {"license": "gnip", "citation_ids": [77032510], "author": {"tweeter_id": "1062747310587891712"}, "tweet_id": "1237505027544997889"}, {"license": "gnip", "citation_ids": [77032519, 77032510], "author": {"tweeter_id": "196347351"}, "tweet_id": "1237519379559931905"}, {"license": "gnip", "citation_ids": [77032510], "author": {"tweeter_id": "26145597"}, "tweet_id": "1237529881568632832"}, {"license": "gnip", "citation_ids": [77032510], "author": {"tweeter_id": "1153393144207237120"}, "tweet_id": "1237530124922179584"}, {"license": "gnip", "citation_ids": [77032510], "author": {"tweeter_id": "1039585210466271233"}, "tweet_id": "1237531699879096321"}, {"license": "gnip", "citation_ids": [77032510], "author": {"tweeter_id": "135817510"}, "tweet_id": "1237531788597063680"}, {"license": "gnip", "citation_ids": [77032510], "author": {"tweeter_id": "396578061"}, "tweet_id": "1237584228163842048"}, {"license": "gnip", "citation_ids": [77032510], "author": {"tweeter_id": "107425561"}, "tweet_id": "1237593539371872257"}, {"license": "gnip", "citation_ids": [77032510], "author": {"tweeter_id": "2447974759"}, "tweet_id": "1237623649345187840"}, {"license": "gnip", "citation_ids": [77032510], "author": {"tweeter_id": "297313664"}, "tweet_id": "1237680655246360577"}, {"license": "gnip", "citation_ids": [77032510], "author": {"tweeter_id": "2296754598"}, "tweet_id": "1237693817169547266"}, {"license": "gnip", "citation_ids": [77032510], "author": {"tweeter_id": "4599122782"}, "tweet_id": "1237699178177978370"}, {"license": "gnip", "citation_ids": [77032510], "author": {"tweeter_id": "993794319831089152"}, "tweet_id": "1237712286506082304"}, {"license": "gnip", "citation_ids": [77032510], "author": {"tweeter_id": "906952118363357184"}, "tweet_id": "1237743931141562368"}, {"license": "gnip", "citation_ids": [77032510], "author": {"tweeter_id": "443559349"}, "tweet_id": "1237751240001388544"}, {"license": "gnip", "citation_ids": [77032510], "author": {"tweeter_id": "621338949"}, "tweet_id": "1237760193741631488"}, {"license": "gnip", "citation_ids": [77032510], "author": {"tweeter_id": "268986118"}, "tweet_id": "1237760689093201922"}, {"license": "gnip", "citation_ids": [77032510], "author": {"tweeter_id": "391464226"}, "tweet_id": "1237760893875826691"}, {"license": "gnip", "citation_ids": [77032510], "author": {"tweeter_id": "283703086"}, "tweet_id": "1237761120884133888"}, {"license": "gnip", "citation_ids": [77032510], "author": {"tweeter_id": "3988387695"}, "tweet_id": "1237761996403154945"}, {"license": "gnip", "citation_ids": [77032510], "author": {"tweeter_id": "3222079097"}, "tweet_id": "1237773231311982592"}, {"license": "gnip", "citation_ids": [77032510], "author": {"tweeter_id": "114061104"}, "tweet_id": "1237783691234926592"}, {"license": "gnip", "citation_ids": [77032510], "author": {"tweeter_id": "1196081975624454150"}, "tweet_id": "1237814325101891586"}, {"license": "gnip", "citation_ids": [77032510], "author": {"tweeter_id": "954158060951556096"}, "tweet_id": "1237838902703960071"}, {"license": "gnip", "citation_ids": [77032510], "author": {"tweeter_id": "1932212431"}, "tweet_id": "1238071554082308098"}, {"license": "gnip", "citation_ids": [77032510], "author": {"tweeter_id": "791620623491600384"}, "tweet_id": "1238403181056589826"}, {"license": "gnip", "citation_ids": [77032510], "author": {"tweeter_id": "268986118"}, "tweet_id": "1238428843926589442"}, {"license": "gnip", "citation_ids": [77032510], "author": {"tweeter_id": "447152476"}, "tweet_id": "1238553364344037377"}, {"license": "gnip", "citation_ids": [77032510], "author": {"tweeter_id": "26013457"}, "tweet_id": "1238771915319361536"}, {"license": "gnip", "citation_ids": [77032510], "author": {"tweeter_id": "292492009"}, "tweet_id": "1238901366506106881"}, {"license": "gnip", "citation_ids": [77032510], "author": {"tweeter_id": "1225717507"}, "tweet_id": "1238906592151638020"}, {"license": "gnip", "citation_ids": [77032510], "author": {"tweeter_id": "825825023193731072"}, "tweet_id": "1238984782526255104"}, {"license": "gnip", "citation_ids": [77032510], "author": {"tweeter_id": "382878093"}, "tweet_id": "1239141552745676800"}, {"license": "gnip", "citation_ids": [77032510], "author": {"tweeter_id": "754914026"}, "tweet_id": "1239508856541188096"}, {"license": "gnip", "citation_ids": [77032510], "author": {"tweeter_id": "186225161"}, "tweet_id": "1239569316061810689"}], "facebook": [{"title": "Warning from the tropics: rainforests are losing their ability to help humanity", "url": "https://www.facebook.com/permalink.php?story_fbid=3523527857717698&id=139267936143724", "license": "public", "citation_ids": [77032510], "posted_on": "2020-03-04T16:04:09+00:00", "summary": "New analysis of carbon from tropical forests suggests the need for yet faster emissions reductions.", "author": {"name": "Nature News and Comment", "url": "https://www.facebook.com/139267936143724", "facebook_wall_name": "Nature News and Comment", "image": "https://graph.facebook.com/139267936143724/picture", "id_on_source": "139267936143724"}}, {"title": "Instituto de Ecolog\u00eda, UNAM.", "url": "https://www.facebook.com/permalink.php?story_fbid=2769941676435135&id=348268108602516", "license": "public", "citation_ids": [77032510], "posted_on": "2020-03-08T07:28:02+00:00", "summary": "En Nature:  Un equipo de ge\u00f3grafos de diversas partes del mundo, reporta que desde la d\u00e9cada de 1990, las selvas amaz\u00f3nicas cada vez absorben menos carb\u00f3n atmosf\u00e9rico. La disminuci\u00f3n en la capacidad de absorber carbono tambi\u00e9n se repite en las selvas afric", "author": {"name": "Laboratorio de Biogeoqu\u00edmica de Suelos", "url": "https://www.facebook.com/348268108602516", "facebook_wall_name": "Laboratorio de Biogeoqu\u00edmica de Suelos", "image": "https://graph.facebook.com/348268108602516/picture", "id_on_source": "348268108602516"}}, {"title": "Warning from the tropics: rainforests are losing their ability to help humanity", "url": "https://www.facebook.com/permalink.php?story_fbid=3744353175586708&id=274110669277660", "license": "public", "citation_ids": [77032510], "posted_on": "2020-03-08T04:52:19+00:00", "summary": "En Nature:  Un equipo de ge\u00f3grafos de diversas partes del mundo, reporta que desde la d\u00e9cada de 1990, las selvas amaz\u00f3nicas cada vez absorben menos carb\u00f3n atmosf\u00e9rico. La disminuci\u00f3n en la capacidad de absorber carbono tambi\u00e9n se repite en las selvas afric", "author": {"name": "Instituto de Ecolog\u00eda, UNAM.", "url": "https://www.facebook.com/274110669277660", "facebook_wall_name": "Instituto de Ecolog\u00eda, UNAM.", "image": "https://graph.facebook.com/274110669277660/picture", "id_on_source": "274110669277660"}}], "blogs": [{"title": "No time to waste: Tropical forests become source of global warming", "url": "https://forestsnews.cifor.org/64558/no-time-to-waste-tropical-forests-become-source-of-global-warming?fnl=", "license": "public", "citation_ids": [77032519, 77032519, 54236385, 77032510], "posted_on": "2020-03-10T00:22:36+00:00", "summary": "Terry Sunderland, a collaborating author of the Nature article &#8220;Asynchronous carbon sink saturation in African and Amazonian tropical forests,&#8221; is a senior associate with the Center for International Forestry Research (CIFOR) and professor in t", "author": {"name": "CIFOR Forests News", "url": "https://forestsnews.cifor.org", "description": "CIFOR Forests news: The latest forest news on REDD+, climate change, biofuels, gender, conservation, trade, deforestation, indigenous and community groups, dry forests, food security, illegal logging, governance and biodiversity."}}], "news": [{"title": "Editorial: If tropical carbon sinks can no longer be fully relied upon to help reach the Paris climate agreement targets, it means more ambitious decarbonization will be needed. https://go.nature.com/2TUmBA8", "url": "http://ct.moreover.com/?a=41587825603&p=1pl&v=1&x=YfI4cEJangLcvtSs-sGisA", "license": "public", "citation_ids": [77032510], "posted_on": "2020-03-10T18:43:29+00:00", "summary": "Relevant Topics Tropical Medicine Tropical Medicine is the study of diseases more commonly found in tropical regions than elsewhere.", "author": {"name": "Bioportfolio", "url": "http://www.bioportfolio.com/", "image": "https://s3.amazonaws.com/weyland.altmetric.com/news_sources/logos/000/000/821/normal/Screen_Shot_2015-12-11_at_16.36.54.png?1449851849"}}]}, "score": 220.33, "images": {"small": "https://badges.altmetric.com/?size=64&score=221&types=mbrttttf", "medium": "https://badges.altmetric.com/?size=100&score=221&types=mbrttttf", "large": "https://badges.altmetric.com/?size=180&score=221&types=mbrttttf"}}