{"altmetric_id": 77717763, "counts": {"readers": {"mendeley": 0, "citeulike": 0, "connotea": 0}, "total": {"posts_count": 33}, "twitter": {"unique_users_count": 31, "posts_count": 33}}, "citation": {"altmetric_jid": "4f6fa4e83cf058f610002220", "authors": ["Lan Zhu", "Xizhen Xu", "Ke Ma", "Junling Yang", "Hanxiong Guan", "Song Chen", "Zhishui Chen", "Gang Chen"], "doi": "10.1111/ajt.15869", "first_seen_on": "2020-03-17T21:27:55+00:00", "issns": ["1600-6135", "1600-6143"], "journal": "American Journal of Transplantation", "last_mentioned_on": 1584545034, "links": ["https://onlinelibrary.wiley.com/doi/abs/10.1111/ajt.15869?af=R", "https://onlinelibrary.wiley.com/doi/abs/10.1111/ajt.15869#.XnF-flIYiLw.twitter", "https://www.ncbi.nlm.nih.gov/pubmed/32181990?dopt=Abstract", "https://www.ncbi.nlm.nih.gov/pubmed/32181990?dopt=Abstract&utm_source=dlvr.it&utm_medium=twitter", "https://www.ncbi.nlm.nih.gov/pubmed/32181990", "https://onlinelibrary.wiley.com/doi/pdf/10.1111/ajt.15869", "https://onlinelibrary.wiley.com/doi/epdf/10.1111/ajt.15869", "https://onlinelibrary.wiley.com/doi/10.1111/ajt.15869"], "pdf_url": "https://onlinelibrary.wiley.com/doi/pdf/10.1111/ajt.15869", "pmid": "32181990", "epubdate": "2020-03-17T00:00:00+00:00", "publisher_subjects": [{"name": "Medical And Health Sciences", "scheme": "era"}], "scopus_subjects": ["Medicine", "Health Sciences"], "title": "Successful recovery of COVID\u201019 pneumonia in a renal transplant recipient with long\u2010term immunosuppression", "type": "article"}, "altmetric_score": {"score": 22.1, "score_history": {"1y": 22.1, "6m": 22.1, "3m": 22.1, "1m": 22.1, "1w": 22.1, "6d": 22.1, "5d": 22.1, "4d": 22.1, "3d": 22.1, "2d": 22.1, "1d": 22.1, "at": 22.1}, "context_for_score": {"all": {"total_number_of_other_articles": 14519994, "mean": 8.4691965607597, "rank": 810564, "this_scored_higher_than_pct": 94, "this_scored_higher_than": 13708444, "rank_type": "exact", "sample_size": 14519994, "percentile": 94}, "similar_age_3m": {"total_number_of_other_articles": 148444, "mean": 13.728884501122, "rank": 12690, "this_scored_higher_than_pct": 91, "this_scored_higher_than": 135733, "rank_type": "exact", "sample_size": 148444, "percentile": 91}, "this_journal": {"total_number_of_other_articles": 3369, "mean": 8.1016241092637, "rank": 201, "this_scored_higher_than_pct": 94, "this_scored_higher_than": 3168, "rank_type": "exact", "sample_size": 3369, "percentile": 94}, "similar_age_this_journal_3m": {"total_number_of_other_articles": 43, "mean": 10.233571428571, "rank": 6, "this_scored_higher_than_pct": 86, "this_scored_higher_than": 37, "rank_type": "exact", "sample_size": 43, "percentile": 86}}}, "demographics": {"poster_types": {"member_of_the_public": 24, "researcher": 4, "practitioner": 3}, "users": {"twitter": {"cohorts": {"Members of the public": 24, "Scientists": 4, "Practitioners (doctors, other healthcare professionals)": 3}}}, "geo": {"twitter": {"EC": 2, "GB": 6, "AR": 1, "SA": 1, "US": 5, "RS": 1, "BR": 1, "AU": 1, "MY": 1, "IN": 2, "DE": 1, "LB": 1, "MX": 1}}}, "posts": {"twitter": [{"license": "gnip", "citation_ids": [77717763], "author": {"tweeter_id": "207318383"}, "tweet_id": "1240026936543453187"}, {"license": "gnip", "citation_ids": [77717763], "author": {"tweeter_id": "2580811552"}, "tweet_id": "1240042321569251328"}, {"license": "gnip", "citation_ids": [77717763], "author": {"tweeter_id": "274760625"}, "tweet_id": "1240049604084797440"}, {"license": "gnip", "citation_ids": [77717763], "author": {"tweeter_id": "1215261703342108674"}, "tweet_id": "1240049777456398337"}, {"license": "gnip", "citation_ids": [77717763], "author": {"tweeter_id": "274760625"}, "tweet_id": "1240051059223072769"}, {"license": "gnip", "citation_ids": [77717763], "author": {"tweeter_id": "606951588"}, "tweet_id": "1240067823520620544"}, {"license": "gnip", "citation_ids": [77717763], "author": {"tweeter_id": "82892798"}, "tweet_id": "1240093716779499522"}, {"license": "gnip", "citation_ids": [77717763], "author": {"tweeter_id": "1239643988707160064"}, "tweet_id": "1240216821464281088"}, {"license": "gnip", "citation_ids": [77717763], "author": {"tweeter_id": "1191745846615957506"}, "tweet_id": "1240218402716667904"}, {"license": "gnip", "citation_ids": [77717763], "author": {"tweeter_id": "3315521027"}, "tweet_id": "1240239575597015040"}, {"license": "gnip", "citation_ids": [77717763], "author": {"tweeter_id": "624617921"}, "tweet_id": "1240240368622473218"}, {"license": "gnip", "citation_ids": [77717763], "author": {"tweeter_id": "2832209974"}, "tweet_id": "1240240580824875008"}, {"license": "gnip", "citation_ids": [77717763], "author": {"tweeter_id": "937043107811659778"}, "tweet_id": "1240244482278404096"}, {"license": "gnip", "citation_ids": [77717763], "author": {"tweeter_id": "1618555326"}, "tweet_id": "1240244805667565570"}, {"license": "gnip", "citation_ids": [77717763], "author": {"tweeter_id": "786578803611037697"}, "tweet_id": "1240245843472547840"}, {"license": "gnip", "citation_ids": [77717763], "author": {"tweeter_id": "903273470"}, "tweet_id": "1240246382755119104"}, {"license": "gnip", "citation_ids": [77717763], "author": {"tweeter_id": "48689367"}, "tweet_id": "1240246546165141505"}, {"license": "gnip", "citation_ids": [77717763], "author": {"tweeter_id": "1089756190463152128"}, "tweet_id": "1240248218643881984"}, {"license": "gnip", "citation_ids": [77717763], "author": {"tweeter_id": "395264215"}, "tweet_id": "1240248222779498497"}, {"license": "gnip", "citation_ids": [77717763], "author": {"tweeter_id": "39743994"}, "tweet_id": "1240249133224656896"}, {"license": "gnip", "citation_ids": [77717763], "author": {"tweeter_id": "52076024"}, "tweet_id": "1240253431488577539"}, {"license": "gnip", "citation_ids": [77717763], "author": {"tweeter_id": "974253176999350275"}, "tweet_id": "1240254239219363840"}, {"license": "gnip", "citation_ids": [77717763], "author": {"tweeter_id": "122874390"}, "tweet_id": "1240254438905917442"}, {"license": "gnip", "citation_ids": [77717763], "author": {"tweeter_id": "1481122934"}, "tweet_id": "1240254634012430343"}, {"license": "gnip", "citation_ids": [77717763], "author": {"tweeter_id": "122874390"}, "tweet_id": "1240255890646761472"}, {"license": "gnip", "citation_ids": [77717763], "author": {"tweeter_id": "243748431"}, "tweet_id": "1240260950940364800"}, {"license": "gnip", "citation_ids": [77717763], "author": {"tweeter_id": "1566766129"}, "tweet_id": "1240261825167536129"}, {"license": "gnip", "citation_ids": [77717763], "author": {"tweeter_id": "97159481"}, "tweet_id": "1240271633341915140"}, {"license": "gnip", "citation_ids": [77717763], "author": {"tweeter_id": "287989593"}, "tweet_id": "1240272223933530116"}, {"license": "gnip", "citation_ids": [77717763], "author": {"tweeter_id": "2322576164"}, "tweet_id": "1240281541168771072"}, {"license": "gnip", "citation_ids": [77717763], "author": {"tweeter_id": "282731839"}, "tweet_id": "1240290669261926400"}, {"license": "gnip", "citation_ids": [77717763], "author": {"tweeter_id": "69441276"}, "tweet_id": "1240296992498040833"}, {"license": "gnip", "citation_ids": [77717763], "author": {"tweeter_id": "1227231181168615427"}, "tweet_id": "1240297885943676928"}]}, "score": 22.1, "images": {"small": "https://badges.altmetric.com/?size=64&score=23&types=tttttttt", "medium": "https://badges.altmetric.com/?size=100&score=23&types=tttttttt", "large": "https://badges.altmetric.com/?size=180&score=23&types=tttttttt"}}