{"altmetric_id": 77173842, "counts": {"readers": {"mendeley": 0, "citeulike": 0, "connotea": 0}, "total": {"posts_count": 1}, "twitter": {"unique_users_count": 1, "posts_count": 1}}, "citation": {"altmetric_jid": "4f6fa5153cf058f610003708", "authors": ["Xianwei Wang", "Linlin Fang", "Jing Zhan", "Xiaoli Shi", "Qianyu Liu", "Qianqian Lu", "Juan Bai", "Yufeng Li", "Ping Jiang"], "doi": "10.1016/j.virusres.2020.197912", "first_seen_on": "2020-03-07T12:07:15+00:00", "handles": [], "isbns": [], "issns": ["0168-1702"], "journal": "Virus Research", "last_mentioned_on": 1583582821, "links": ["https://www.ncbi.nlm.nih.gov/pubmed/32142743?dopt=Abstract&utm_source=dlvr.it&utm_medium=twitter"], "pmid": "32142743", "pubdate": "2020-05-01T00:00:00+00:00", "publisher_subjects": [{"name": "Biological Sciences", "scheme": "era"}, {"name": "Agricultural And Veterinary Sciences", "scheme": "era"}], "scopus_subjects": ["Biochemistry, Genetics and Molecular Biology", "Health Sciences", "Life Sciences", "Medicine", "Immunology and Microbiology"], "title": "Identification and characterization of linear B cell epitopes on the nucleocapsid protein of porcine epidemic diarrhea virus using monoclonal antibodies", "type": "article"}, "altmetric_score": {"score": 0.5, "score_history": {"1y": 0.5, "6m": 0.5, "3m": 0.5, "1m": 0.5, "1w": 0, "6d": 0, "5d": 0, "4d": 0, "3d": 0, "2d": 0, "1d": 0, "at": 0.5}, "context_for_score": {"all": {"total_number_of_other_articles": 14501879, "mean": 8.4564438558857, "rank": 11495602, "this_scored_higher_than_pct": 11, "this_scored_higher_than": 1685542, "rank_type": "exact", "sample_size": 14501879, "percentile": 11}, "similar_age_3m": {"total_number_of_other_articles": 144907, "mean": 13.666880446634, "rank": 100567, "this_scored_higher_than_pct": 19, "this_scored_higher_than": 28877, "rank_type": "exact", "sample_size": 144907, "percentile": 19}, "this_journal": {"total_number_of_other_articles": 2191, "mean": 3.1854410958904, "rank": 1589, "this_scored_higher_than_pct": 16, "this_scored_higher_than": 369, "rank_type": "exact", "sample_size": 2191, "percentile": 16}, "similar_age_this_journal_3m": {"total_number_of_other_articles": 30, "mean": 2.1948275862069, "rank": 22, "this_scored_higher_than_pct": 16, "this_scored_higher_than": 5, "rank_type": "exact", "sample_size": 30, "percentile": 16}}}, "demographics": {"poster_types": {"member_of_the_public": 1}, "users": {"twitter": {"cohorts": {"Members of the public": 1}}}}, "posts": {"twitter": [{"license": "gnip", "citation_ids": [77173842], "author": {"tweeter_id": "978618752840404992"}, "tweet_id": "1236262074528886785"}]}, "score": 0.5, "images": {"small": "https://badges.altmetric.com/?size=64&score=1&types=tttttttt", "medium": "https://badges.altmetric.com/?size=100&score=1&types=tttttttt", "large": "https://badges.altmetric.com/?size=180&score=1&types=tttttttt"}}