{"altmetric_id": 76928555, "counts": {"readers": {"mendeley": 0, "citeulike": 0, "connotea": 0}, "total": {"posts_count": 187}, "twitter": {"unique_users_count": 158, "posts_count": 187}}, "citation": {"altmetric_jid": "532721422a83ee84788b4567", "authors": ["Metsky, Hayden C", "Freije, Catherine A", "Kosoko-Thoroddsen, Tinna-Solveig F", "Sabeti, Pardis C", "Myhrvold, Cameron"], "doi": "10.1101/2020.02.26.967026", "first_seen_on": "2020-03-02T19:37:04+00:00", "issns": [], "journal": "bioRxiv", "last_mentioned_on": 1584229899, "links": ["https://www.biorxiv.org/content/10.1101/2020.02.26.967026v1", "https://www.biorxiv.org/content/10.1101/2020.02.26.967026v1?rss=1&utm_source=dlvr.it&utm_medium=twitter", "https://www.biorxiv.org/content/10.1101/2020.02.26.967026v2"], "pdf_url": "https://www.biorxiv.org/content/biorxiv/early/2020/03/02/2020.02.26.967026.full.pdf", "publisher": "Cold Spring Harbor Laboratory", "title": "CRISPR-based surveillance for COVID-19 using genomically-comprehensive machine learning design", "type": "article"}, "altmetric_score": {"score": 96.05, "score_history": {"1y": 96.05, "6m": 96.05, "3m": 96.05, "1m": 96.05, "1w": 3.85, "6d": 3.6, "5d": 3.6, "4d": 2.85, "3d": 0, "2d": 0, "1d": 0, "at": 96.05}, "context_for_score": {"all": {"total_number_of_other_articles": 14515774, "mean": 8.4677073350393, "rank": 191299, "this_scored_higher_than_pct": 98, "this_scored_higher_than": 14324423, "rank_type": "exact", "sample_size": 14515774, "percentile": 98}, "similar_age_3m": {"total_number_of_other_articles": 155372, "mean": 14.268910208469, "rank": 3896, "this_scored_higher_than_pct": 97, "this_scored_higher_than": 151473, "rank_type": "exact", "sample_size": 155372, "percentile": 97}, "this_journal": {"total_number_of_other_articles": 75314, "mean": 12.970366470596, "rank": 972, "this_scored_higher_than_pct": 98, "this_scored_higher_than": 74339, "rank_type": "exact", "sample_size": 75314, "percentile": 98}, "similar_age_this_journal_3m": {"total_number_of_other_articles": 3955, "mean": 16.284291856348, "rank": 53, "this_scored_higher_than_pct": 98, "this_scored_higher_than": 3901, "rank_type": "exact", "sample_size": 3955, "percentile": 98}}}, "demographics": {"poster_types": {"member_of_the_public": 89, "researcher": 61, "practitioner": 4, "science_communicator": 4}, "users": {"twitter": {"cohorts": {"Members of the public": 89, "Practitioners (doctors, other healthcare professionals)": 4, "Scientists": 61, "Science communicators (journalists, bloggers, editors)": 4}}}, "geo": {"twitter": {"US": 58, "CA": 4, "GB": 7, "TR": 2, "FR": 4, "CH": 1, "NZ": 1, "NL": 2, "ES": 2, "PL": 1, "IN": 3, "KR": 1, "SE": 1, "EC": 4, "DE": 4, "BE": 1, "BR": 1, "GH": 1, "JP": 2, "LK": 1, "IR": 3, "BW": 1, "MX": 1}}}, "posts": {"twitter": [{"license": "gnip", "citation_ids": [76928555], "author": {"tweeter_id": "1949132852"}, "tweet_id": "1234529023990075400"}, {"license": "gnip", "citation_ids": [76928555], "author": {"tweeter_id": "745347271961755649"}, "tweet_id": "1234529024988368897"}, {"license": "gnip", "citation_ids": [76928555], "author": {"tweeter_id": "15860016"}, "tweet_id": "1234529885013495821"}, {"license": "gnip", "citation_ids": [76928555], "author": {"tweeter_id": "1222662340488855552"}, "tweet_id": "1234530166803701760"}, {"license": "gnip", "citation_ids": [76928555], "author": {"tweeter_id": "2256974400"}, "tweet_id": "1234531425543585793"}, {"license": "gnip", "citation_ids": [76928555], "author": {"tweeter_id": "1183474645414154240"}, "tweet_id": "1234531686844686338"}, {"license": "gnip", "citation_ids": [76928555], "author": {"tweeter_id": "1405998858"}, "tweet_id": "1234534777585307648"}, {"license": "gnip", "citation_ids": [76928555], "author": {"tweeter_id": "1001098307777810432"}, "tweet_id": "1234534898620420096"}, {"license": "gnip", "citation_ids": [76928555], "author": {"tweeter_id": "21242028"}, "tweet_id": "1234537680454680577"}, {"license": "gnip", "citation_ids": [76928555], "author": {"tweeter_id": "1102361015554113536"}, "tweet_id": "1234538272531021825"}, {"license": "gnip", "citation_ids": [76928555], "author": {"tweeter_id": "1873092294"}, "tweet_id": "1234538544489648128"}, {"license": "gnip", "citation_ids": [76928555], "author": {"tweeter_id": "2830143797"}, "tweet_id": "1234542596283715585"}, {"license": "gnip", "citation_ids": [76928555], "author": {"tweeter_id": "239545254"}, "tweet_id": "1234543710437859329"}, {"license": "gnip", "citation_ids": [76928555], "author": {"tweeter_id": "263528840"}, "tweet_id": "1234548231935184896"}, {"license": "gnip", "citation_ids": [76928555], "author": {"tweeter_id": "998769163224035328"}, "tweet_id": "1234552014945820672"}, {"license": "gnip", "citation_ids": [76928555], "author": {"tweeter_id": "886727933364240385"}, "tweet_id": "1234552307229941763"}, {"license": "gnip", "citation_ids": [76928555], "author": {"tweeter_id": "988478582275100674"}, "tweet_id": "1234555573519212544"}, {"license": "gnip", "citation_ids": [76928555], "author": {"tweeter_id": "1692248610"}, "tweet_id": "1234560670538117121"}, {"license": "gnip", "citation_ids": [76928555], "author": {"tweeter_id": "14245811"}, "tweet_id": "1234560786330267649"}, {"license": "gnip", "citation_ids": [76928555], "author": {"tweeter_id": "1129491382366871552"}, "tweet_id": "1234560959223607296"}, {"license": "gnip", "citation_ids": [76928555], "author": {"tweeter_id": "737940485977804800"}, "tweet_id": "1234561750525022208"}, {"license": "gnip", "citation_ids": [76928555], "author": {"tweeter_id": "2789337546"}, "tweet_id": "1234565776712953856"}, {"license": "gnip", "citation_ids": [76928555], "author": {"tweeter_id": "931693296421765120"}, "tweet_id": "1234590064300048384"}, {"license": "gnip", "citation_ids": [76928555], "author": {"tweeter_id": "21771952"}, "tweet_id": "1234602853899079681"}, {"license": "gnip", "citation_ids": [76928555], "author": {"tweeter_id": "20765370"}, "tweet_id": "1234610937287540736"}, {"license": "gnip", "citation_ids": [76928555], "author": {"tweeter_id": "446620951"}, "tweet_id": "1234621854486351873"}, {"license": "gnip", "citation_ids": [76928555], "author": {"tweeter_id": "2360241721"}, "tweet_id": "1234623275117899776"}, {"license": "gnip", "citation_ids": [76928555], "author": {"tweeter_id": "2888812229"}, "tweet_id": "1234628095895838720"}, {"license": "gnip", "citation_ids": [76928555], "author": {"tweeter_id": "375801620"}, "tweet_id": "1234651468839305216"}, {"license": "gnip", "citation_ids": [76928555], "author": {"tweeter_id": "123021701"}, "tweet_id": "1234655928517001220"}, {"license": "gnip", "citation_ids": [76928555], "author": {"tweeter_id": "123021701"}, "tweet_id": "1234656682183135232"}, {"license": "gnip", "citation_ids": [76928555], "author": {"tweeter_id": "2203989366"}, "tweet_id": "1234657138443739136"}, {"license": "gnip", "citation_ids": [76928555], "author": {"tweeter_id": "6688542"}, "tweet_id": "1234662805694902272"}, {"license": "gnip", "citation_ids": [76928555], "author": {"tweeter_id": "1421082818"}, "tweet_id": "1234667011868725250"}, {"license": "gnip", "citation_ids": [76928555], "author": {"tweeter_id": "1170480176"}, "tweet_id": "1234692695047770112"}, {"license": "gnip", "citation_ids": [76928555], "author": {"tweeter_id": "498631199"}, "tweet_id": "1234695843543797760"}, {"license": "gnip", "citation_ids": [76928555], "author": {"tweeter_id": "26083478"}, "tweet_id": "1234700083427528711"}, {"license": "gnip", "citation_ids": [76928555], "author": {"tweeter_id": "1191021866795843587"}, "tweet_id": "1234707803463438336"}, {"license": "gnip", "citation_ids": [76928555], "author": {"tweeter_id": "1076172179178487809"}, "tweet_id": "1234708062918840323"}, {"license": "gnip", "citation_ids": [76928555], "author": {"tweeter_id": "3404081445"}, "tweet_id": "1234712758412668928"}, {"license": "gnip", "citation_ids": [76928555], "author": {"tweeter_id": "268054188"}, "tweet_id": "1234714677227270144"}, {"license": "gnip", "citation_ids": [76928555], "author": {"tweeter_id": "709109857006137345"}, "tweet_id": "1234733051063590912"}, {"license": "gnip", "citation_ids": [76928555], "author": {"tweeter_id": "2956318973"}, "tweet_id": "1234738431328215040"}, {"license": "gnip", "citation_ids": [76928555], "author": {"tweeter_id": "1192374847558574080"}, "tweet_id": "1234744309712334848"}, {"license": "gnip", "citation_ids": [76928555], "author": {"tweeter_id": "973212015476035585"}, "tweet_id": "1234745331906174976"}, {"license": "gnip", "citation_ids": [76928555], "author": {"tweeter_id": "1070072791028899840"}, "tweet_id": "1234753875711840256"}, {"license": "gnip", "citation_ids": [76928555], "author": {"tweeter_id": "1122772725863415808"}, "tweet_id": "1234763547529359360"}, {"license": "gnip", "citation_ids": [76928555], "author": {"tweeter_id": "929542472"}, "tweet_id": "1234764073771945984"}, {"license": "gnip", "citation_ids": [76928555], "author": {"tweeter_id": "23417129"}, "tweet_id": "1234772804786180096"}, {"license": "gnip", "citation_ids": [76928555], "author": {"tweeter_id": "3230542212"}, "tweet_id": "1234776975597662209"}, {"license": "gnip", "citation_ids": [76928555], "author": {"tweeter_id": "72719371"}, "tweet_id": "1234800946665922561"}, {"license": "gnip", "citation_ids": [76928555], "author": {"tweeter_id": "1225855862436220929"}, "tweet_id": "1234802781841698817"}, {"license": "gnip", "citation_ids": [76928555], "author": {"tweeter_id": "1452937356"}, "tweet_id": "1234812098653380608"}, {"license": "gnip", "citation_ids": [76928555], "author": {"tweeter_id": "846693903558463490"}, "tweet_id": "1234819389112844288"}, {"license": "gnip", "citation_ids": [76928555], "author": {"tweeter_id": "179015717"}, "tweet_id": "1234821303984504832"}, {"license": "gnip", "citation_ids": [76928555], "author": {"tweeter_id": "4901919879"}, "tweet_id": "1234825968277217281"}, {"license": "gnip", "citation_ids": [76928555], "author": {"tweeter_id": "4901919879"}, "tweet_id": "1234825975499718656"}, {"license": "gnip", "citation_ids": [76928555], "author": {"tweeter_id": "2258772237"}, "tweet_id": "1234834081034039302"}, {"license": "gnip", "citation_ids": [76928555], "author": {"tweeter_id": "947409834"}, "tweet_id": "1234837297717272582"}, {"license": "gnip", "citation_ids": [76928555], "author": {"tweeter_id": "1085291517630181376"}, "tweet_id": "1234856745283080200"}, {"license": "gnip", "citation_ids": [76928555], "author": {"tweeter_id": "1038900423539785729"}, "tweet_id": "1234891396311584768"}, {"license": "gnip", "citation_ids": [76928555], "author": {"tweeter_id": "3819446554"}, "tweet_id": "1234907258942717952"}, {"license": "gnip", "citation_ids": [76928555], "author": {"tweeter_id": "2442956153"}, "tweet_id": "1234907261635457024"}, {"license": "gnip", "citation_ids": [76928555], "author": {"tweeter_id": "35306978"}, "tweet_id": "1234915674939482112"}, {"license": "gnip", "citation_ids": [76928555], "author": {"tweeter_id": "14085070"}, "tweet_id": "1234915886932381705"}, {"license": "gnip", "citation_ids": [76928555], "author": {"tweeter_id": "63418918"}, "tweet_id": "1234916257826320384"}, {"license": "gnip", "citation_ids": [76928555], "author": {"tweeter_id": "16188864"}, "tweet_id": "1234916284967669766"}, {"license": "gnip", "citation_ids": [76928555], "author": {"tweeter_id": "781054525918605312"}, "tweet_id": "1234917316061749249"}, {"license": "gnip", "citation_ids": [76928555], "author": {"tweeter_id": "1426362572"}, "tweet_id": "1234918749133836294"}, {"license": "gnip", "citation_ids": [76928555], "author": {"tweeter_id": "91510456"}, "tweet_id": "1234919547242778631"}, {"license": "gnip", "citation_ids": [76928555], "author": {"tweeter_id": "24911091"}, "tweet_id": "1234921683233972226"}, {"license": "gnip", "citation_ids": [76928555], "author": {"tweeter_id": "24385907"}, "tweet_id": "1234925213193687041"}, {"license": "gnip", "citation_ids": [76928555], "author": {"tweeter_id": "85964215"}, "tweet_id": "1234932958546427905"}, {"license": "gnip", "citation_ids": [76928555], "author": {"tweeter_id": "47014253"}, "tweet_id": "1234934614365360128"}, {"license": "gnip", "citation_ids": [76928555], "author": {"tweeter_id": "4430730280"}, "tweet_id": "1234940643480178688"}, {"license": "gnip", "citation_ids": [76928555], "author": {"tweeter_id": "4430730280"}, "tweet_id": "1234940829615058944"}, {"license": "gnip", "citation_ids": [76928555], "author": {"tweeter_id": "1038900423539785729"}, "tweet_id": "1234943282272251905"}, {"license": "gnip", "citation_ids": [76928555], "author": {"tweeter_id": "2149170848"}, "tweet_id": "1234952194790744067"}, {"license": "gnip", "citation_ids": [76928555], "author": {"tweeter_id": "2968815778"}, "tweet_id": "1234956815365885953"}, {"license": "gnip", "citation_ids": [76928555], "author": {"tweeter_id": "482088677"}, "tweet_id": "1234959775978459139"}, {"license": "gnip", "citation_ids": [76928555], "author": {"tweeter_id": "1676685152"}, "tweet_id": "1234962225334562817"}, {"license": "gnip", "citation_ids": [76928555], "author": {"tweeter_id": "1001085120801992704"}, "tweet_id": "1234979156179353601"}, {"license": "gnip", "citation_ids": [76928555], "author": {"tweeter_id": "892120710667264001"}, "tweet_id": "1234987654850023424"}, {"license": "gnip", "citation_ids": [76928555], "author": {"tweeter_id": "64459459"}, "tweet_id": "1234998835048415232"}, {"license": "gnip", "citation_ids": [76928555], "author": {"tweeter_id": "1211837761444954120"}, "tweet_id": "1235001675296804864"}, {"license": "gnip", "citation_ids": [76928555], "author": {"tweeter_id": "244621364"}, "tweet_id": "1235022706992508929"}, {"license": "gnip", "citation_ids": [76928555], "author": {"tweeter_id": "1421082818"}, "tweet_id": "1235036178635804674"}, {"license": "gnip", "citation_ids": [76928555], "author": {"tweeter_id": "1206541309"}, "tweet_id": "1235036807131213824"}, {"license": "gnip", "citation_ids": [76928555], "author": {"tweeter_id": "877323479078494213"}, "tweet_id": "1235045451616776194"}, {"license": "gnip", "citation_ids": [76928555], "author": {"tweeter_id": "1010534825436909568"}, "tweet_id": "1235055816425668609"}, {"license": "gnip", "citation_ids": [76928555], "author": {"tweeter_id": "114535974"}, "tweet_id": "1235090112381251585"}, {"license": "gnip", "citation_ids": [76928555], "author": {"tweeter_id": "2968815778"}, "tweet_id": "1235090335715323905"}, {"license": "gnip", "citation_ids": [76928555], "author": {"tweeter_id": "1955416556"}, "tweet_id": "1235106221767589888"}, {"license": "gnip", "citation_ids": [76928555], "author": {"tweeter_id": "400084677"}, "tweet_id": "1235135469530345473"}, {"license": "gnip", "citation_ids": [76928555], "author": {"tweeter_id": "3280268692"}, "tweet_id": "1235140807063203841"}, {"license": "gnip", "citation_ids": [76928555], "author": {"tweeter_id": "58515346"}, "tweet_id": "1235156697825587206"}, {"license": "gnip", "citation_ids": [76928555], "author": {"tweeter_id": "962627369663062016"}, "tweet_id": "1235161029140570115"}, {"license": "gnip", "citation_ids": [76928555], "author": {"tweeter_id": "79570177"}, "tweet_id": "1235165203907719169"}, {"license": "gnip", "citation_ids": [76928555], "author": {"tweeter_id": "15639858"}, "tweet_id": "1235172409973624832"}, {"license": "gnip", "citation_ids": [76928555], "author": {"tweeter_id": "1190736890"}, "tweet_id": "1235213271550046208"}, {"license": "gnip", "citation_ids": [76928555], "author": {"tweeter_id": "1122772725863415808"}, "tweet_id": "1235251735213617153"}, {"license": "gnip", "citation_ids": [76928555], "author": {"tweeter_id": "253388937"}, "tweet_id": "1235255373902290944"}, {"license": "gnip", "citation_ids": [76928555], "author": {"tweeter_id": "2319168577"}, "tweet_id": "1235300120746434567"}, {"license": "gnip", "citation_ids": [76928555], "author": {"tweeter_id": "818008252814217217"}, "tweet_id": "1235545855001686016"}, {"license": "gnip", "citation_ids": [76928555], "author": {"tweeter_id": "2474452219"}, "tweet_id": "1235566016874172422"}, {"license": "gnip", "citation_ids": [76928555], "author": {"tweeter_id": "1056282993638236160"}, "tweet_id": "1235566876194791424"}, {"license": "gnip", "citation_ids": [76928555], "author": {"tweeter_id": "309043147"}, "tweet_id": "1235566933719871490"}, {"license": "gnip", "citation_ids": [76928555], "author": {"tweeter_id": "18602271"}, "tweet_id": "1235567402135453696"}, {"license": "gnip", "citation_ids": [76928555], "author": {"tweeter_id": "778077054000623616"}, "tweet_id": "1235567628745207809"}, {"license": "gnip", "citation_ids": [76928555], "author": {"tweeter_id": "2442956153"}, "tweet_id": "1235594338069090305"}, {"license": "gnip", "citation_ids": [76928555], "author": {"tweeter_id": "35306978"}, "tweet_id": "1235613001807511552"}, {"license": "gnip", "citation_ids": [76928555], "author": {"tweeter_id": "1059487597"}, "tweet_id": "1235613657398050818"}, {"license": "gnip", "citation_ids": [76928555], "author": {"tweeter_id": "489870793"}, "tweet_id": "1235614247435919360"}, {"license": "gnip", "citation_ids": [76928555], "author": {"tweeter_id": "865299826401046528"}, "tweet_id": "1235614583521300481"}, {"license": "gnip", "citation_ids": [76928555], "author": {"tweeter_id": "28358443"}, "tweet_id": "1235615081875951616"}, {"license": "gnip", "citation_ids": [76928555], "author": {"tweeter_id": "1229744084484599808"}, "tweet_id": "1235616782787973120"}, {"license": "gnip", "citation_ids": [76928555], "author": {"tweeter_id": "1202989667739586560"}, "tweet_id": "1235625631712292867"}, {"license": "gnip", "citation_ids": [76928555], "author": {"tweeter_id": "1716214579"}, "tweet_id": "1235646491739525121"}, {"license": "gnip", "citation_ids": [76928555], "author": {"tweeter_id": "1112755821295755264"}, "tweet_id": "1235677416170942464"}, {"license": "gnip", "citation_ids": [76928555], "author": {"tweeter_id": "1518670375"}, "tweet_id": "1235854489271205889"}, {"license": "gnip", "citation_ids": [76928555], "author": {"tweeter_id": "1056282993638236160"}, "tweet_id": "1235865321157738496"}, {"license": "gnip", "citation_ids": [76928555], "author": {"tweeter_id": "1899260402"}, "tweet_id": "1235891038260207616"}, {"license": "gnip", "citation_ids": [76928555], "author": {"tweeter_id": "2423622295"}, "tweet_id": "1235891489940504576"}, {"license": "gnip", "citation_ids": [76928555], "author": {"tweeter_id": "2423622295"}, "tweet_id": "1235891511037845504"}, {"license": "gnip", "citation_ids": [76928555], "author": {"tweeter_id": "1899260402"}, "tweet_id": "1235893497691070464"}, {"license": "gnip", "citation_ids": [76928555], "author": {"tweeter_id": "21663722"}, "tweet_id": "1235998465584500744"}, {"license": "gnip", "citation_ids": [76928555], "author": {"tweeter_id": "436749367"}, "tweet_id": "1236064167100104705"}, {"license": "gnip", "citation_ids": [76928555], "author": {"tweeter_id": "436749367"}, "tweet_id": "1236064438861656066"}, {"license": "gnip", "citation_ids": [76928555], "author": {"tweeter_id": "1212042155482472448"}, "tweet_id": "1236195959450681344"}, {"license": "gnip", "citation_ids": [76928555], "author": {"tweeter_id": "788311514"}, "tweet_id": "1236310133921198080"}, {"license": "gnip", "citation_ids": [76928555], "author": {"tweeter_id": "24911091"}, "tweet_id": "1236311330220576770"}, {"license": "gnip", "citation_ids": [76928555], "author": {"tweeter_id": "878294693624328192"}, "tweet_id": "1236312186928193536"}, {"license": "gnip", "citation_ids": [76928555], "author": {"tweeter_id": "347001022"}, "tweet_id": "1236314038394552322"}, {"license": "gnip", "citation_ids": [76928555], "author": {"tweeter_id": "1001656980115722240"}, "tweet_id": "1236314763266797571"}, {"license": "gnip", "citation_ids": [76928555], "author": {"tweeter_id": "24911091"}, "tweet_id": "1236315222245281793"}, {"license": "gnip", "citation_ids": [76928555], "author": {"tweeter_id": "44263109"}, "tweet_id": "1236315653579182088"}, {"license": "gnip", "citation_ids": [76928555], "author": {"tweeter_id": "4623699507"}, "tweet_id": "1236338447419355136"}, {"license": "gnip", "citation_ids": [76928555], "author": {"tweeter_id": "2631088551"}, "tweet_id": "1236339210908557314"}, {"license": "gnip", "citation_ids": [76928555], "author": {"tweeter_id": "3000452181"}, "tweet_id": "1236339393205424128"}, {"license": "gnip", "citation_ids": [76928555], "author": {"tweeter_id": "940683894202028037"}, "tweet_id": "1236343172822962188"}, {"license": "gnip", "citation_ids": [76928555], "author": {"tweeter_id": "69441276"}, "tweet_id": "1236343681126297600"}, {"license": "gnip", "citation_ids": [76928555], "author": {"tweeter_id": "69441276"}, "tweet_id": "1236343971120463873"}, {"license": "gnip", "citation_ids": [76928555], "author": {"tweeter_id": "69441276"}, "tweet_id": "1236344023066894338"}, {"license": "gnip", "citation_ids": [76928555], "author": {"tweeter_id": "709109857006137345"}, "tweet_id": "1236377412230770688"}, {"license": "gnip", "citation_ids": [76928555], "author": {"tweeter_id": "116867280"}, "tweet_id": "1236451945793163266"}, {"license": "gnip", "citation_ids": [76928555], "author": {"tweeter_id": "2415892688"}, "tweet_id": "1236462047212306432"}, {"license": "gnip", "citation_ids": [76928555], "author": {"tweeter_id": "213339721"}, "tweet_id": "1236462069794439168"}, {"license": "gnip", "citation_ids": [76928555], "author": {"tweeter_id": "1226929198931025921"}, "tweet_id": "1236462770985611264"}, {"license": "gnip", "citation_ids": [76928555], "author": {"tweeter_id": "865299826401046528"}, "tweet_id": "1236466613030768641"}, {"license": "gnip", "citation_ids": [76928555], "author": {"tweeter_id": "995458317634830336"}, "tweet_id": "1236469047245430784"}, {"license": "gnip", "citation_ids": [76928555], "author": {"tweeter_id": "15257730"}, "tweet_id": "1236470770794102784"}, {"license": "gnip", "citation_ids": [76928555], "author": {"tweeter_id": "962199582838018048"}, "tweet_id": "1236492575260975104"}, {"license": "gnip", "citation_ids": [76928555], "author": {"tweeter_id": "1358443387"}, "tweet_id": "1236527524789866496"}, {"license": "gnip", "citation_ids": [76928555], "author": {"tweeter_id": "2742938653"}, "tweet_id": "1236560366144040960"}, {"license": "gnip", "citation_ids": [76928555], "author": {"tweeter_id": "2742938653"}, "tweet_id": "1236560584088354817"}, {"license": "gnip", "citation_ids": [76928555], "author": {"tweeter_id": "2742938653"}, "tweet_id": "1236561117201289216"}, {"license": "gnip", "citation_ids": [76928555], "author": {"tweeter_id": "482479828"}, "tweet_id": "1236601043053617153"}, {"license": "gnip", "citation_ids": [76928555], "author": {"tweeter_id": "1076172179178487809"}, "tweet_id": "1236601213933805568"}, {"license": "gnip", "citation_ids": [76928555], "author": {"tweeter_id": "760362558247153664"}, "tweet_id": "1236633548368621568"}, {"license": "gnip", "citation_ids": [76928555], "author": {"tweeter_id": "309043147"}, "tweet_id": "1236641898921631744"}, {"license": "gnip", "citation_ids": [76928555], "author": {"tweeter_id": "956291822707445763"}, "tweet_id": "1236701850482679815"}, {"license": "gnip", "citation_ids": [76928555], "author": {"tweeter_id": "4913202460"}, "tweet_id": "1236936778583506946"}, {"license": "gnip", "citation_ids": [76928555], "author": {"tweeter_id": "1122772725863415808"}, "tweet_id": "1237071382409891848"}, {"license": "gnip", "citation_ids": [76928555], "author": {"tweeter_id": "1122772725863415808"}, "tweet_id": "1237117318615965696"}, {"license": "gnip", "citation_ids": [76928555], "author": {"tweeter_id": "15335123"}, "tweet_id": "1237149423257317376"}, {"license": "gnip", "citation_ids": [76928555], "author": {"tweeter_id": "742967475617312768"}, "tweet_id": "1237359283022508033"}, {"license": "gnip", "citation_ids": [76928555], "author": {"tweeter_id": "986259999092592640"}, "tweet_id": "1237367010037764096"}, {"license": "gnip", "citation_ids": [76928555], "author": {"tweeter_id": "1140028267"}, "tweet_id": "1237371781469679621"}, {"license": "gnip", "citation_ids": [76928555], "author": {"tweeter_id": "35306978"}, "tweet_id": "1237372432077533186"}, {"license": "gnip", "citation_ids": [76928555], "author": {"tweeter_id": "2350577598"}, "tweet_id": "1237373268346183681"}, {"license": "gnip", "citation_ids": [76928555], "author": {"tweeter_id": "946634445997539328"}, "tweet_id": "1237374998601297921"}, {"license": "gnip", "citation_ids": [76928555], "author": {"tweeter_id": "53518250"}, "tweet_id": "1237375419818573824"}, {"license": "gnip", "citation_ids": [76928555], "author": {"tweeter_id": "3040871649"}, "tweet_id": "1237375442090426371"}, {"license": "gnip", "citation_ids": [76928555], "author": {"tweeter_id": "1108016440286732289"}, "tweet_id": "1237376718069010434"}, {"license": "gnip", "citation_ids": [76928555], "author": {"tweeter_id": "1226927811149127682"}, "tweet_id": "1237385142756352000"}, {"license": "gnip", "citation_ids": [76928555], "author": {"tweeter_id": "752616688437321728"}, "tweet_id": "1237398311692374017"}, {"license": "gnip", "citation_ids": [76928555], "author": {"tweeter_id": "489447903"}, "tweet_id": "1237407605854740483"}, {"license": "gnip", "citation_ids": [76928555], "author": {"tweeter_id": "1125437829130215424"}, "tweet_id": "1237533208633176070"}, {"license": "gnip", "citation_ids": [76928555], "author": {"tweeter_id": "1044196866353696770"}, "tweet_id": "1237551510835220483"}, {"license": "gnip", "citation_ids": [76928555], "author": {"tweeter_id": "4901919879"}, "tweet_id": "1237717424876724225"}, {"license": "gnip", "citation_ids": [76928555], "author": {"tweeter_id": "4901919879"}, "tweet_id": "1237717438919311360"}, {"license": "gnip", "citation_ids": [76928555], "author": {"tweeter_id": "121684992"}, "tweet_id": "1238582617181749248"}, {"license": "gnip", "citation_ids": [76928555], "author": {"tweeter_id": "3040871649"}, "tweet_id": "1238582639189200898"}, {"license": "gnip", "citation_ids": [76928555], "author": {"tweeter_id": "263567276"}, "tweet_id": "1238944865481830401"}, {"license": "gnip", "citation_ids": [76928555], "author": {"tweeter_id": "17789606"}, "tweet_id": "1238950173658820608"}, {"license": "gnip", "citation_ids": [76928555], "author": {"tweeter_id": "910898710971904000"}, "tweet_id": "1238971816766509062"}, {"license": "gnip", "citation_ids": [76928555], "author": {"tweeter_id": "320076437"}, "tweet_id": "1238976114653106176"}]}, "score": 96.05, "images": {"small": "https://badges.altmetric.com/?size=64&score=97&types=tttttttt", "medium": "https://badges.altmetric.com/?size=100&score=97&types=tttttttt", "large": "https://badges.altmetric.com/?size=180&score=97&types=tttttttt"}}