{"altmetric_id": 33989875, "counts": {"readers": {"citeulike": "0", "mendeley": "160", "connotea": "0"}, "total": {"posts_count": 375}, "news": {"unique_users_count": 11, "unique_users": ["science_daily", "long_room", "eurekalert", "new_york_times", "medical_health_news", "fierce_biotech", "the_verge", "replicario", "wabe", "scientific_american", "medpage_today"], "posts_count": 12}, "twitter": {"unique_users_count": 318, "posts_count": 359}, "wikipedia": {"unique_users_count": 1, "unique_users": ["en:52322492"], "posts_count": 1}, "video": {"unique_users_count": 1, "unique_users": ["Dr. Wynn Tran Official"], "posts_count": 1}, "facebook": {"unique_users_count": 2, "unique_users": ["916360545113006", "1884586571784596"], "posts_count": 2}}, "citation": {"abstract": "Emerging coronaviruses (CoVs) cause severe disease in humans, but no approved therapeutics are available. The CoV nsp14 exoribonuclease (ExoN) has complicated development of antiviral nucleosides due to its proofreading activity. We recently reported that the nucleoside analogue GS-5734 (remdesivir) potently inhibits human and zoonotic CoVsin vitroand in a severe acute respiratory syndrome coronavirus (SARS-CoV) mouse model. However, studies with GS-5734 have not reported resistance associated with GS-5734, nor do we understand the action of GS-5734 in wild-type (WT) proofreading CoVs. Here, we show that GS-5734 inhibits murine hepatitis virus (MHV) with similar 50% effective concentration values (EC50) as SARS-CoV and Middle East respiratory syndrome coronavirus (MERS-CoV). Passage of WT MHV in the presence of the GS-5734 parent nucleoside selected two mutations in the nsp12 polymerase at residues conserved across all CoVs that conferred up to 5.6-fold resistance to GS-5734, as determined by EC50The resistant viruses were unable to compete with WT in direct coinfection passage in the absence of GS-5734. Introduction of the MHV resistance mutations into SARS-CoV resulted in the samein vitroresistance phenotype and attenuated SARS-CoV pathogenesis in a mouse model. Finally, we demonstrate that an MHV mutant lacking ExoN proofreading was significantly more sensitive to GS-5734. Combined, the results indicate that GS-5734 interferes with the nsp12 polymerase even in the setting of intact ExoN proofreading activity and that resistance can be overcome with increased, nontoxic concentrations of GS-5734, further supporting the development of GS-5734 as a broad-spectrum therapeutic to protect against contemporary and emerging CoVs.IMPORTANCECoronaviruses (CoVs) cause severe human infections, but there are no approved antivirals to treat these infections. Development of nucleoside-based therapeutics for CoV infections has been hampered by the presence of a proofreading exoribonuclease. Here, we expand the known efficacy of the nucleotide prodrug remdesivir (GS-5734) to include a group \u03b2-2a CoV. Further, GS-5734 potently inhibits CoVs with intact proofreading. Following selection with the GS-5734 parent nucleoside, 2\u00a0amino acid substitutions in the nsp12 polymerase at residues that are identical across CoVs provide low-level resistance to GS-5734. The resistance mutations decrease viral fitness of MHVin vitroand attenuate pathogenesis in a SARS-CoV animal model of infection. Together, these studies define the target of GS-5734 activity and demonstrate that resistance is difficult to select, only partial, and impairs fitness and virulence of MHV and SARS-CoV, supporting further development of GS-5734 as a potential effective pan-CoV antiviral.", "altmetric_jid": "4f6fa62c3cf058f6100080ff", "authors": ["Maria L. Agostini", "Erica L. Andres", "Amy C. Sims", "Rachel L. Graham", "Timothy P. Sheahan", "Xiaotao Lu", "Everett Clinton Smith", "James Brett Case", "Joy Y. Feng", "Robert Jordan", "Adrian S. Ray", "Tomas Cihlar", "Dustin Siegel", "Richard L. Mackman", "Michael O. Clarke", "Ralph S. Baric", "Mark R. Denison"], "doi": "10.1128/mbio.00221-18", "first_seen_on": "2018-03-06T11:16:04+00:00", "funders": ["niaid"], "issns": ["2150-7511"], "issue": "2", "journal": "mBio", "last_mentioned_on": 1584520467, "links": ["http://mbio.asm.org/content/9/2/e00221-18.short?rss=1", "http://dx.doi.org/10.1128/mBio.00221-18", "http://mbio.asm.org/content/9/2/e00221-18.full", "https://www.ncbi.nlm.nih.gov/pubmed/29511076?dopt=Abstract", "http://mbio.asm.org/content/9/2/e00221-18.full?utm_source=twitter&utm_medium=social&utm_campaign=mbiojournal", "http://mbio.asm.org/content/9/2/e00221-18?utm_source=twitter&utm_medium=social&utm_campaign=mbiojournal", "http://mbio.asm.org/content/9/2/e00221-18.abstract?etoc", "https://www.ncbi.nlm.nih.gov/pmc/articles/PMC5844999/", "https://www.ncbi.nlm.nih.gov/m/pubmed/29511076/", "https://www.ncbi.nlm.nih.gov/pmc/articles/PMC5844999/pdf/mBio.00221-18.pdf", "https://mbio.asm.org/content/9/2/e00221-18", "https://www.ncbi.nlm.nih.gov/pubmed/29511076/", "https://mbio.asm.org/content/9/2/e00221-18?utm_source=dlvr.it&utm_medium=twitter", "https://mbio.asm.org/content/mbio/9/2/e00221-18.full.pdf", "https://www.ncbi.nlm.nih.gov/pubmed/29511076", "https://mbio.asm.org/content/9/2/e00221-18.short", "https://mbio.asm.org/content/9/2/e00221-18.full", "https://mbio.asm.org/content/9/2/e00221-18.full?utm_source=twitter&utm_medium=social&utm_campaign=mbiojournal", "https://www.ncbi.nlm.nih.gov/pubmed/29511076?utm_source=dlvr.it&utm_medium=twitter"], "pdf_url": "http://mbio.asm.org/content/9/2/e00221-18.full.pdf", "pmcid": "PMC5844999", "pmid": "29511076", "epubdate": "2018-03-06T00:00:00+00:00", "publisher_subjects": [{"name": "Microbiology", "scheme": "era"}], "subjects": ["microbiology"], "title": "Coronavirus Susceptibility to the Antiviral Remdesivir (GS-5734) Is Mediated by the Viral Polymerase and the Proofreading Exoribonuclease", "type": "article", "volume": "9", "mendeley_url": "https://www.mendeley.com/catalogue/037ffcc5-fa05-357d-9617-6826c5c9250d/"}, "altmetric_score": {"score": 305.85, "score_history": {"1y": 275.05, "6m": 258.05, "3m": 258.05, "1m": 53.2, "1w": 15.65, "6d": 15.65, "5d": 15.65, "4d": 7.15, "3d": 4.3, "2d": 4.3, "1d": 2.1, "at": 305.85}, "context_for_score": {"all": {"total_number_of_other_articles": 14518952, "mean": 8.4687422759303, "rank": 43693, "this_scored_higher_than_pct": 99, "this_scored_higher_than": 14475389, "rank_type": "exact", "sample_size": 14518952, "percentile": 99}, "similar_age_3m": {"total_number_of_other_articles": 276225, "mean": 14.578064063948, "rank": 2086, "this_scored_higher_than_pct": 99, "this_scored_higher_than": 274139, "rank_type": "exact", "sample_size": 276225, "percentile": 99}, "this_journal": {"total_number_of_other_articles": 3654, "mean": 23.817867506159, "rank": 36, "this_scored_higher_than_pct": 99, "this_scored_higher_than": 3618, "rank_type": "exact", "sample_size": 3654, "percentile": 99}, "similar_age_this_journal_3m": {"total_number_of_other_articles": 98, "mean": 32.562, "rank": 4, "this_scored_higher_than_pct": 95, "this_scored_higher_than": 94, "rank_type": "exact", "sample_size": 98, "percentile": 95}}}, "demographics": {"poster_types": {"member_of_the_public": 246, "researcher": 51, "practitioner": 17, "science_communicator": 3}, "users": {"twitter": {"cohorts": {"Scientists": 51, "Members of the public": 246, "Practitioners (doctors, other healthcare professionals)": 17, "Science communicators (journalists, bloggers, editors)": 3}}, "mendeley": {"by_status": {"Student  > Postgraduate": 5, "Professor > Associate Professor": 5, "Researcher": 27, "Student  > Master": 18, "Student  > Ph. D. Student": 24, "Professor": 4, "Student  > Bachelor": 21, "Student  > Doctoral Student": 7, "Lecturer": 2, "Other": 10, "Librarian": 2, "Lecturer > Senior Lecturer": 3, "Unspecified": 11}, "by_discipline": {"Medicine and Dentistry": 32, "Social Sciences": 5, "Decision Sciences": 1, "Psychology": 1, "Pharmacology, Toxicology and Pharmaceutical Science": 5, "Environmental Science": 2, "Unspecified": 12, "Chemical Engineering": 1, "Arts and Humanities": 2, "Engineering": 5, "Chemistry": 6, "Neuroscience": 2, "Earth and Planetary Sciences": 1, "Immunology and Microbiology": 11, "Agricultural and Biological Sciences": 14, "Business, Management and Accounting": 2, "Nursing and Health Professions": 2, "Linguistics": 1, "Biochemistry, Genetics and Molecular Biology": 29, "Veterinary Science and Veterinary Medicine": 2}}}, "geo": {"twitter": {"VE": 2, "US": 49, "NG": 1, "CA": 8, "GB": 7, "SA": 1, "YE": 1, "AU": 5, "EC": 2, "JP": 21, "TR": 2, "CH": 4, "IN": 8, "CN": 1, "ES": 6, "PK": 1, "DE": 2, "ET": 2, "NL": 2, "LB": 1, "NZ": 2, "MN": 1, "HU": 2, "KR": 1, "KP": 1, "IT": 5, "FR": 4, "TH": 2, "AT": 2, "HK": 1, "JM": 1, "BE": 1, "CW": 1, "MM": 1, "UG": 1, "PT": 1, "MX": 1, "PG": 1, "BR": 1, "CL": 1}}}, "posts": {"twitter": [{"license": "gnip", "citation_ids": [33989875], "author": {"tweeter_id": "1672141952"}, "tweet_id": "991757764253896705"}, {"license": "gnip", "citation_ids": [33989875], "author": {"tweeter_id": "4906283301"}, "tweet_id": "970981132958359552"}, {"license": "gnip", "citation_ids": [33989875], "author": {"tweeter_id": "3220106425"}, "tweet_id": "971517365698543616"}, {"license": "gnip", "citation_ids": [33989875], "author": {"tweeter_id": "54956437"}, "tweet_id": "973151885740920834"}, {"license": "gnip", "citation_ids": [33989875], "author": {"tweeter_id": "813626815"}, "tweet_id": "973165655720644608"}, {"license": "gnip", "citation_ids": [33989875], "author": {"tweeter_id": "914889935747977216"}, "tweet_id": "973169695833706496"}, {"license": "gnip", "citation_ids": [33989875], "author": {"tweeter_id": "309043147"}, "tweet_id": "973176677437202432"}, {"license": "gnip", "citation_ids": [33989875], "author": {"tweeter_id": "314413542"}, "tweet_id": "973251674298048512"}, {"license": "gnip", "citation_ids": [33989875], "author": {"tweeter_id": "738904572698234880"}, "tweet_id": "973284172105121792"}, {"license": "gnip", "citation_ids": [33989875], "author": {"tweeter_id": "285165232"}, "tweet_id": "973302908367368192"}, {"license": "gnip", "citation_ids": [33989875], "author": {"tweeter_id": "266291274"}, "tweet_id": "973305218397036545"}, {"license": "gnip", "citation_ids": [33989875], "author": {"tweeter_id": "556575387"}, "tweet_id": "973371625004589056"}, {"license": "gnip", "citation_ids": [33989875], "author": {"tweeter_id": "792423259467833344"}, "tweet_id": "973621075144839168"}, {"license": "gnip", "citation_ids": [33989875], "author": {"tweeter_id": "3014040428"}, "tweet_id": "973768334171951106"}, {"license": "gnip", "citation_ids": [33989875], "author": {"tweeter_id": "964187995422314497"}, "tweet_id": "976310358896934912"}, {"license": "gnip", "citation_ids": [33989875], "author": {"tweeter_id": "1220034716746821632"}, "tweet_id": "1220039513197744133"}, {"license": "gnip", "citation_ids": [33989875], "author": {"tweeter_id": "1344890352"}, "tweet_id": "1220058123202957312"}, {"license": "gnip", "citation_ids": [33989875], "author": {"tweeter_id": "2273540036"}, "tweet_id": "1220114683228672001"}, {"license": "gnip", "citation_ids": [33989875], "author": {"tweeter_id": "2732631933"}, "tweet_id": "1221177030139633664"}, {"license": "gnip", "citation_ids": [33989875], "author": {"tweeter_id": "749437358"}, "tweet_id": "1221442697833013248"}, {"license": "gnip", "citation_ids": [33989875], "author": {"tweeter_id": "770473020347604992"}, "tweet_id": "1221526116185210881"}, {"license": "gnip", "citation_ids": [33989875], "author": {"tweeter_id": "3119341723"}, "tweet_id": "1221749087793344512"}, {"license": "gnip", "citation_ids": [33989875], "author": {"tweeter_id": "872166776"}, "tweet_id": "1221815087977189376"}, {"license": "gnip", "citation_ids": [33989875], "author": {"tweeter_id": "128934857"}, "tweet_id": "1221817448544063488"}, {"license": "gnip", "citation_ids": [33989875], "author": {"tweeter_id": "17713899"}, "tweet_id": "1221985733503680514"}, {"license": "gnip", "citation_ids": [33989875], "author": {"tweeter_id": "498757755"}, "tweet_id": "1221990277872680960"}, {"license": "gnip", "citation_ids": [33989875], "author": {"tweeter_id": "4132868234"}, "tweet_id": "1222004835526094848"}, {"license": "gnip", "citation_ids": [33989875], "author": {"tweeter_id": "1196502955882496000"}, "tweet_id": "1222046476794155009"}, {"license": "gnip", "citation_ids": [33989875], "author": {"tweeter_id": "761321162005745665"}, "tweet_id": "1222110041492328449"}, {"license": "gnip", "citation_ids": [33989875], "author": {"tweeter_id": "1206244391649546240"}, "tweet_id": "1222144796208267264"}, {"license": "gnip", "citation_ids": [33989875], "author": {"tweeter_id": "3011646795"}, "tweet_id": "1222157729038569473"}, {"license": "gnip", "citation_ids": [33989875], "author": {"tweeter_id": "984045049985019910"}, "tweet_id": "1222304116204036102"}, {"license": "gnip", "citation_ids": [73837281, 33989875], "author": {"tweeter_id": "842830760"}, "tweet_id": "1222713442244681729"}, {"license": "gnip", "citation_ids": [73837281, 33989875], "author": {"tweeter_id": "3465428003"}, "tweet_id": "1222830266177277958"}, {"license": "gnip", "citation_ids": [73837281, 33989875], "author": {"tweeter_id": "2855536962"}, "tweet_id": "1222849009368338432"}, {"license": "gnip", "citation_ids": [73837281, 33989875], "author": {"tweeter_id": "20897050"}, "tweet_id": "1222849287073087488"}, {"license": "gnip", "citation_ids": [73837281, 33989875], "author": {"tweeter_id": "62777686"}, "tweet_id": "1222849745128845312"}, {"license": "gnip", "citation_ids": [73837281, 33989875], "author": {"tweeter_id": "717561066"}, "tweet_id": "1222850378305359874"}, {"license": "gnip", "citation_ids": [73837281, 33989875], "author": {"tweeter_id": "248568868"}, "tweet_id": "1222851532825202689"}, {"license": "gnip", "citation_ids": [73837281, 33989875], "author": {"tweeter_id": "780197482948984832"}, "tweet_id": "1222851657978920961"}, {"license": "gnip", "citation_ids": [73837281, 33989875], "author": {"tweeter_id": "604509261"}, "tweet_id": "1222852103137382401"}, {"license": "gnip", "citation_ids": [73837281, 33989875], "author": {"tweeter_id": "82011516"}, "tweet_id": "1222853316306038786"}, {"license": "gnip", "citation_ids": [73837281, 33989875], "author": {"tweeter_id": "724156612559003648"}, "tweet_id": "1222854954592817153"}, {"license": "gnip", "citation_ids": [73837281, 33989875], "author": {"tweeter_id": "981472685342392322"}, "tweet_id": "1222855126131642368"}, {"license": "gnip", "citation_ids": [73837281, 33989875], "author": {"tweeter_id": "66644497"}, "tweet_id": "1222856076195819520"}, {"license": "gnip", "citation_ids": [73837281, 33989875], "author": {"tweeter_id": "90804011"}, "tweet_id": "1222860651523035137"}, {"license": "gnip", "citation_ids": [73837281, 33989875], "author": {"tweeter_id": "45586617"}, "tweet_id": "1222869099451207683"}, {"license": "gnip", "citation_ids": [73837281, 33989875], "author": {"tweeter_id": "2921356140"}, "tweet_id": "1222876882829365249"}, {"license": "gnip", "citation_ids": [73837281, 33989875], "author": {"tweeter_id": "1531038577"}, "tweet_id": "1222883370037923840"}, {"license": "gnip", "citation_ids": [73837281, 33989875], "author": {"tweeter_id": "249089854"}, "tweet_id": "1222884274887692288"}, {"license": "gnip", "citation_ids": [73837281, 33989875], "author": {"tweeter_id": "92796973"}, "tweet_id": "1222887744785080320"}, {"license": "gnip", "citation_ids": [33989875], "author": {"tweeter_id": "4952751"}, "tweet_id": "1222893309305053184"}, {"license": "gnip", "citation_ids": [33989875], "author": {"tweeter_id": "964187995422314497"}, "tweet_id": "1222913676715294720"}, {"license": "gnip", "citation_ids": [33989875, 73837281, 67596098], "author": {"tweeter_id": "964187995422314497"}, "tweet_id": "1222915455582494720"}, {"license": "gnip", "citation_ids": [33989875, 21398924, 73837281, 67596098], "author": {"tweeter_id": "964187995422314497"}, "tweet_id": "1222919603442999298"}, {"license": "gnip", "citation_ids": [73837281, 33989875], "author": {"tweeter_id": "1207239571458494465"}, "tweet_id": "1222927778602872832"}, {"license": "gnip", "citation_ids": [73837281, 33989875], "author": {"tweeter_id": "287331963"}, "tweet_id": "1222959760242135040"}, {"license": "gnip", "citation_ids": [33989875, 21398924, 73837281, 67596098], "author": {"tweeter_id": "1173120463356256257"}, "tweet_id": "1222974375516889088"}, {"license": "gnip", "citation_ids": [73837281, 33989875], "author": {"tweeter_id": "3816356002"}, "tweet_id": "1222986339815174149"}, {"license": "gnip", "citation_ids": [73837281, 33989875], "author": {"tweeter_id": "3816356002"}, "tweet_id": "1222986376003641344"}, {"license": "gnip", "citation_ids": [33989875, 21398924, 73837281, 67596098], "author": {"tweeter_id": "823996821336969216"}, "tweet_id": "1222998307234099200"}, {"license": "gnip", "citation_ids": [73837281, 33989875], "author": {"tweeter_id": "703037636"}, "tweet_id": "1223087856639344640"}, {"license": "gnip", "citation_ids": [33989875], "author": {"tweeter_id": "709109857006137345"}, "tweet_id": "1223110455415017474"}, {"license": "gnip", "citation_ids": [73837281, 33989875], "author": {"tweeter_id": "2502703683"}, "tweet_id": "1223114585244258304"}, {"license": "gnip", "citation_ids": [33989875, 21398924, 73837281, 67596098], "author": {"tweeter_id": "100635073"}, "tweet_id": "1223226445377548289"}, {"license": "gnip", "citation_ids": [33989875], "author": {"tweeter_id": "1220656294618550272"}, "tweet_id": "1223263704621301760"}, {"license": "gnip", "citation_ids": [33989875], "author": {"tweeter_id": "1220656294618550272"}, "tweet_id": "1223271542869483520"}, {"license": "gnip", "citation_ids": [33989875], "author": {"tweeter_id": "1220656294618550272"}, "tweet_id": "1223323064135323648"}, {"license": "gnip", "citation_ids": [73837281, 21398924, 33989875], "author": {"tweeter_id": "20228338"}, "tweet_id": "1223371205274632193"}, {"license": "gnip", "citation_ids": [33989875], "author": {"tweeter_id": "14496158"}, "tweet_id": "1223448479965433858"}, {"license": "gnip", "citation_ids": [33989875], "author": {"tweeter_id": "1220656294618550272"}, "tweet_id": "1223477227276226560"}, {"license": "gnip", "citation_ids": [33989875], "author": {"tweeter_id": "85792279"}, "tweet_id": "1223514865689493504"}, {"license": "gnip", "citation_ids": [33989875], "author": {"tweeter_id": "3291572407"}, "tweet_id": "1223515700766969857"}, {"license": "gnip", "citation_ids": [33989875], "author": {"tweeter_id": "62475956"}, "tweet_id": "1223528060772732929"}, {"license": "gnip", "citation_ids": [33989875], "author": {"tweeter_id": "935154705855942656"}, "tweet_id": "1223546140991180800"}, {"license": "gnip", "citation_ids": [33989875], "author": {"tweeter_id": "2566662300"}, "tweet_id": "1223552423941136384"}, {"license": "gnip", "citation_ids": [33989875], "author": {"tweeter_id": "4858426392"}, "tweet_id": "1223552509089730562"}, {"license": "gnip", "citation_ids": [33989875], "author": {"tweeter_id": "745284049"}, "tweet_id": "1223554509609172993"}, {"license": "gnip", "citation_ids": [33989875], "author": {"tweeter_id": "745284049"}, "tweet_id": "1223554530651934721"}, {"license": "gnip", "citation_ids": [33989875], "author": {"tweeter_id": "713209679791267840"}, "tweet_id": "1223554909410336769"}, {"license": "gnip", "citation_ids": [33989875], "author": {"tweeter_id": "84074345"}, "tweet_id": "1223574159759826944"}, {"license": "gnip", "citation_ids": [33989875], "author": {"tweeter_id": "62475956"}, "tweet_id": "1223574897491709957"}, {"license": "gnip", "citation_ids": [33989875], "author": {"tweeter_id": "62475956"}, "tweet_id": "1223575242028638209"}, {"license": "gnip", "citation_ids": [33989875], "author": {"tweeter_id": "1028442718702317569"}, "tweet_id": "1223578164221210624"}, {"license": "gnip", "citation_ids": [33989875], "author": {"tweeter_id": "951437152742551552"}, "tweet_id": "1223597989400174593"}, {"license": "gnip", "citation_ids": [33989875], "author": {"tweeter_id": "267614236"}, "tweet_id": "1223598481618505728"}, {"license": "gnip", "citation_ids": [33989875], "author": {"tweeter_id": "859026637614006273"}, "tweet_id": "1223602527045746694"}, {"license": "gnip", "citation_ids": [33989875], "author": {"tweeter_id": "92517033"}, "tweet_id": "1223623213302738946"}, {"license": "gnip", "citation_ids": [33989875], "author": {"tweeter_id": "267127699"}, "tweet_id": "1223647139756040192"}, {"license": "gnip", "citation_ids": [33989875], "author": {"tweeter_id": "267127699"}, "tweet_id": "1223651084750577664"}, {"license": "gnip", "citation_ids": [33989875, 74801601], "author": {"tweeter_id": "1031541641339985925"}, "tweet_id": "1223727313591963649"}, {"license": "gnip", "citation_ids": [33989875], "author": {"tweeter_id": "60011904"}, "tweet_id": "1223748931831525376"}, {"license": "gnip", "citation_ids": [33989875], "author": {"tweeter_id": "338184844"}, "tweet_id": "1223779912407900162"}, {"license": "gnip", "citation_ids": [33989875], "author": {"tweeter_id": "1160796484402421760"}, "tweet_id": "1223811415607169026"}, {"license": "gnip", "citation_ids": [33989875], "author": {"tweeter_id": "123866686"}, "tweet_id": "1223830268202508289"}, {"license": "gnip", "citation_ids": [33989875], "author": {"tweeter_id": "1585313616"}, "tweet_id": "1223833164310708224"}, {"license": "gnip", "citation_ids": [33989875], "author": {"tweeter_id": "1057241224690561024"}, "tweet_id": "1223836492671225861"}, {"license": "gnip", "citation_ids": [33989875], "author": {"tweeter_id": "347723368"}, "tweet_id": "1223839879630471170"}, {"license": "gnip", "citation_ids": [33989875], "author": {"tweeter_id": "2434982228"}, "tweet_id": "1223858766820462592"}, {"license": "gnip", "citation_ids": [33989875], "author": {"tweeter_id": "2798795648"}, "tweet_id": "1223862150231293952"}, {"license": "gnip", "citation_ids": [33989875], "author": {"tweeter_id": "2577562256"}, "tweet_id": "1223864307496042497"}, {"license": "gnip", "citation_ids": [33989875], "author": {"tweeter_id": "74195147"}, "tweet_id": "1223870424804519936"}, {"license": "gnip", "citation_ids": [33989875], "author": {"tweeter_id": "842373869327470592"}, "tweet_id": "1223871027739942912"}, {"license": "gnip", "citation_ids": [33989875], "author": {"tweeter_id": "275397354"}, "tweet_id": "1223874112268853248"}, {"license": "gnip", "citation_ids": [33989875], "author": {"tweeter_id": "211158439"}, "tweet_id": "1223878824338702336"}, {"license": "gnip", "citation_ids": [33989875], "author": {"tweeter_id": "294396285"}, "tweet_id": "1223881659084226560"}, {"license": "gnip", "citation_ids": [33989875], "author": {"tweeter_id": "1000010425755320320"}, "tweet_id": "1223893324647415808"}, {"license": "gnip", "citation_ids": [33989875], "author": {"tweeter_id": "172499607"}, "tweet_id": "1223907709969469440"}, {"license": "gnip", "citation_ids": [33989875], "author": {"tweeter_id": "1614473450"}, "tweet_id": "1223909024577376256"}, {"license": "gnip", "citation_ids": [33989875], "author": {"tweeter_id": "1220858795770822657"}, "tweet_id": "1223910187666300928"}, {"license": "gnip", "citation_ids": [33989875], "author": {"tweeter_id": "1216351965354979328"}, "tweet_id": "1223911369415639040"}, {"license": "gnip", "citation_ids": [33989875], "author": {"tweeter_id": "1064397745765502976"}, "tweet_id": "1223912439147720704"}, {"license": "gnip", "citation_ids": [33989875], "author": {"tweeter_id": "1373710454"}, "tweet_id": "1223926402325438464"}, {"license": "gnip", "citation_ids": [33989875], "author": {"tweeter_id": "905789944987140096"}, "tweet_id": "1223929738474844160"}, {"license": "gnip", "citation_ids": [33989875], "author": {"tweeter_id": "1045177436"}, "tweet_id": "1223935498487336960"}, {"license": "gnip", "citation_ids": [33989875], "author": {"tweeter_id": "2907204516"}, "tweet_id": "1223938625148055553"}, {"license": "gnip", "citation_ids": [33989875], "author": {"tweeter_id": "143148873"}, "tweet_id": "1223955004618182656"}, {"license": "gnip", "citation_ids": [33989875], "author": {"tweeter_id": "772216368162754560"}, "tweet_id": "1223963280269443072"}, {"license": "gnip", "citation_ids": [33989875], "author": {"tweeter_id": "1103998261398892544"}, "tweet_id": "1223969310827143170"}, {"license": "gnip", "citation_ids": [33989875], "author": {"tweeter_id": "234403742"}, "tweet_id": "1223975189374853127"}, {"license": "gnip", "citation_ids": [33989875], "author": {"tweeter_id": "269826352"}, "tweet_id": "1223976738142556160"}, {"license": "gnip", "citation_ids": [33989875], "author": {"tweeter_id": "1142801855702945792"}, "tweet_id": "1223976940995956736"}, {"license": "gnip", "citation_ids": [33989875], "author": {"tweeter_id": "1138018603154804736"}, "tweet_id": "1223976955386589184"}, {"license": "gnip", "citation_ids": [33989875], "author": {"tweeter_id": "972126401133342721"}, "tweet_id": "1223977556195434498"}, {"license": "gnip", "citation_ids": [33989875], "author": {"tweeter_id": "2936920267"}, "tweet_id": "1223980968567955457"}, {"license": "gnip", "citation_ids": [33989875], "author": {"tweeter_id": "126314942"}, "tweet_id": "1223985375418318848"}, {"license": "gnip", "citation_ids": [33989875], "author": {"tweeter_id": "124069288"}, "tweet_id": "1223989680242184192"}, {"license": "gnip", "citation_ids": [33989875], "author": {"tweeter_id": "2475435008"}, "tweet_id": "1223992102289174536"}, {"license": "gnip", "citation_ids": [33989875], "author": {"tweeter_id": "1002744777824088066"}, "tweet_id": "1223992875026792448"}, {"license": "gnip", "citation_ids": [33989875], "author": {"tweeter_id": "932934797671809024"}, "tweet_id": "1223997442347003904"}, {"license": "gnip", "citation_ids": [33989875], "author": {"tweeter_id": "2594867677"}, "tweet_id": "1223997709763244032"}, {"license": "gnip", "citation_ids": [33989875], "author": {"tweeter_id": "4832746288"}, "tweet_id": "1224005833064775682"}, {"license": "gnip", "citation_ids": [33989875], "author": {"tweeter_id": "1087413552"}, "tweet_id": "1224006986276143111"}, {"license": "gnip", "citation_ids": [33989875], "author": {"tweeter_id": "285155226"}, "tweet_id": "1224009149928759296"}, {"license": "gnip", "citation_ids": [33989875], "author": {"tweeter_id": "285155226"}, "tweet_id": "1224010499794227200"}, {"license": "gnip", "citation_ids": [33989875], "author": {"tweeter_id": "1332371461"}, "tweet_id": "1224026926152671232"}, {"license": "gnip", "citation_ids": [33989875], "author": {"tweeter_id": "889763687694606336"}, "tweet_id": "1224046935603990528"}, {"license": "gnip", "citation_ids": [33989875], "author": {"tweeter_id": "324961182"}, "tweet_id": "1224107923753684992"}, {"license": "gnip", "citation_ids": [33989875], "author": {"tweeter_id": "1443115598"}, "tweet_id": "1224127839324082176"}, {"license": "gnip", "citation_ids": [33989875], "author": {"tweeter_id": "2918151781"}, "tweet_id": "1224134322728292352"}, {"license": "gnip", "citation_ids": [33989875], "author": {"tweeter_id": "433302862"}, "tweet_id": "1224137801513361410"}, {"license": "gnip", "citation_ids": [33989875], "author": {"tweeter_id": "982244540542144512"}, "tweet_id": "1224199312848162817"}, {"license": "gnip", "citation_ids": [33989875], "author": {"tweeter_id": "390731779"}, "tweet_id": "1224240013245726720"}, {"license": "gnip", "citation_ids": [33989875], "author": {"tweeter_id": "917260076607352832"}, "tweet_id": "1224240739284070401"}, {"license": "gnip", "citation_ids": [33989875], "author": {"tweeter_id": "394531684"}, "tweet_id": "1224242615413100545"}, {"license": "gnip", "citation_ids": [33989875], "author": {"tweeter_id": "4421398514"}, "tweet_id": "1224277271650766848"}, {"license": "gnip", "citation_ids": [33989875], "author": {"tweeter_id": "95774534"}, "tweet_id": "1224304061844819969"}, {"license": "gnip", "citation_ids": [33989875], "author": {"tweeter_id": "2732631933"}, "tweet_id": "1224322221373558784"}, {"license": "gnip", "citation_ids": [33989875], "author": {"tweeter_id": "1210719705662554114"}, "tweet_id": "1224328490759020545"}, {"license": "gnip", "citation_ids": [33989875], "author": {"tweeter_id": "744069963191812096"}, "tweet_id": "1224347629837934592"}, {"license": "gnip", "citation_ids": [33989875], "author": {"tweeter_id": "1023595317713747969"}, "tweet_id": "1224388931799543808"}, {"license": "gnip", "citation_ids": [33989875], "author": {"tweeter_id": "264018774"}, "tweet_id": "1224397286014210052"}, {"license": "gnip", "citation_ids": [33989875], "author": {"tweeter_id": "33994488"}, "tweet_id": "1224401571435491328"}, {"license": "gnip", "citation_ids": [33989875], "author": {"tweeter_id": "33994488"}, "tweet_id": "1224402252347125760"}, {"license": "gnip", "citation_ids": [33989875], "author": {"tweeter_id": "1026418206"}, "tweet_id": "1224402257741058048"}, {"license": "gnip", "citation_ids": [33989875], "author": {"tweeter_id": "85129926"}, "tweet_id": "1224402928397623297"}, {"license": "gnip", "citation_ids": [33989875], "author": {"tweeter_id": "966686160"}, "tweet_id": "1224407280336232448"}, {"license": "gnip", "citation_ids": [33989875], "author": {"tweeter_id": "2535751839"}, "tweet_id": "1224408415088402432"}, {"license": "gnip", "citation_ids": [33989875], "author": {"tweeter_id": "2535751839"}, "tweet_id": "1224408678201266176"}, {"license": "gnip", "citation_ids": [33989875], "author": {"tweeter_id": "753435308440432640"}, "tweet_id": "1224536049415622662"}, {"license": "gnip", "citation_ids": [33989875], "author": {"tweeter_id": "2646550885"}, "tweet_id": "1224630570421911553"}, {"license": "gnip", "citation_ids": [33989875], "author": {"tweeter_id": "1207459047848460288"}, "tweet_id": "1224904367079415808"}, {"license": "gnip", "citation_ids": [33989875], "author": {"tweeter_id": "1184650180911460352"}, "tweet_id": "1224909749273055232"}, {"license": "gnip", "citation_ids": [33989875, 21398924, 73837281, 67596098], "author": {"tweeter_id": "3311717032"}, "tweet_id": "1225128933701623810"}, {"license": "gnip", "citation_ids": [33989875], "author": {"tweeter_id": "478894654"}, "tweet_id": "1225191372107517953"}, {"license": "gnip", "citation_ids": [33989875], "author": {"tweeter_id": "2552300918"}, "tweet_id": "1225309978799403008"}, {"license": "gnip", "citation_ids": [33989875], "author": {"tweeter_id": "33483265"}, "tweet_id": "1225401266580475905"}, {"license": "gnip", "citation_ids": [33989875], "author": {"tweeter_id": "906655841020809216"}, "tweet_id": "1225417279724126208"}, {"license": "gnip", "citation_ids": [33989875], "author": {"tweeter_id": "356710000"}, "tweet_id": "1225549421024305152"}, {"license": "gnip", "citation_ids": [33989875], "author": {"tweeter_id": "1212241349287612416"}, "tweet_id": "1225572056613507073"}, {"license": "gnip", "citation_ids": [33989875], "author": {"tweeter_id": "46999483"}, "tweet_id": "1225750050023727105"}, {"license": "gnip", "citation_ids": [33989875], "author": {"tweeter_id": "868647070504288256"}, "tweet_id": "1225957176377847808"}, {"license": "gnip", "citation_ids": [33989875], "author": {"tweeter_id": "2414645220"}, "tweet_id": "1225962592117698560"}, {"license": "gnip", "citation_ids": [33989875], "author": {"tweeter_id": "534544509"}, "tweet_id": "1225963339626536960"}, {"license": "gnip", "citation_ids": [33989875], "author": {"tweeter_id": "19042993"}, "tweet_id": "1225963510166765568"}, {"license": "gnip", "citation_ids": [33989875], "author": {"tweeter_id": "2477767495"}, "tweet_id": "1225963795505242112"}, {"license": "gnip", "citation_ids": [33989875], "author": {"tweeter_id": "819609803953737728"}, "tweet_id": "1225964682919305217"}, {"license": "gnip", "citation_ids": [33989875], "author": {"tweeter_id": "249024044"}, "tweet_id": "1225964825039294465"}, {"license": "gnip", "citation_ids": [33989875], "author": {"tweeter_id": "2946782393"}, "tweet_id": "1225964870899830786"}, {"license": "gnip", "citation_ids": [33989875], "author": {"tweeter_id": "1119471466578358272"}, "tweet_id": "1225966055295770626"}, {"license": "gnip", "citation_ids": [33989875], "author": {"tweeter_id": "2216630041"}, "tweet_id": "1225968291698614272"}, {"license": "gnip", "citation_ids": [33989875], "author": {"tweeter_id": "1149634947096821761"}, "tweet_id": "1225975273813790720"}, {"license": "gnip", "citation_ids": [33989875], "author": {"tweeter_id": "2651596849"}, "tweet_id": "1225975652957818881"}, {"license": "gnip", "citation_ids": [33989875], "author": {"tweeter_id": "134393977"}, "tweet_id": "1225976774590435328"}, {"license": "gnip", "citation_ids": [33989875], "author": {"tweeter_id": "1223307253236817922"}, "tweet_id": "1225979330041466883"}, {"license": "gnip", "citation_ids": [33989875], "author": {"tweeter_id": "356887005"}, "tweet_id": "1225988642289672192"}, {"license": "gnip", "citation_ids": [33989875], "author": {"tweeter_id": "792349537851543553"}, "tweet_id": "1225995314785607680"}, {"license": "gnip", "citation_ids": [33989875], "author": {"tweeter_id": "268727086"}, "tweet_id": "1226005351239012354"}, {"license": "gnip", "citation_ids": [33989875], "author": {"tweeter_id": "4274910195"}, "tweet_id": "1226015969845415936"}, {"license": "gnip", "citation_ids": [33989875], "author": {"tweeter_id": "4274910195"}, "tweet_id": "1226018349588590593"}, {"license": "gnip", "citation_ids": [33989875], "author": {"tweeter_id": "348075929"}, "tweet_id": "1226027358261579776"}, {"license": "gnip", "citation_ids": [33989875], "author": {"tweeter_id": "482684544"}, "tweet_id": "1226032437660176385"}, {"license": "gnip", "citation_ids": [33989875], "author": {"tweeter_id": "976812830056951808"}, "tweet_id": "1226037910291566593"}, {"license": "gnip", "citation_ids": [33989875], "author": {"tweeter_id": "1216225119695036416"}, "tweet_id": "1226038850637533184"}, {"license": "gnip", "citation_ids": [33989875], "author": {"tweeter_id": "65891900"}, "tweet_id": "1226041657797177344"}, {"license": "gnip", "citation_ids": [33989875], "author": {"tweeter_id": "2285542940"}, "tweet_id": "1226049995318542336"}, {"license": "gnip", "citation_ids": [33989875], "author": {"tweeter_id": "962314174192930817"}, "tweet_id": "1226068134316183552"}, {"license": "gnip", "citation_ids": [33989875], "author": {"tweeter_id": "53250509"}, "tweet_id": "1226105085157158913"}, {"license": "gnip", "citation_ids": [33989875], "author": {"tweeter_id": "112819315"}, "tweet_id": "1226113122148192258"}, {"license": "gnip", "citation_ids": [33989875], "author": {"tweeter_id": "2631088551"}, "tweet_id": "1226113634654400512"}, {"license": "gnip", "citation_ids": [33989875], "author": {"tweeter_id": "75937326"}, "tweet_id": "1226114128001019904"}, {"license": "gnip", "citation_ids": [33989875], "author": {"tweeter_id": "4693655024"}, "tweet_id": "1226114507375702016"}, {"license": "gnip", "citation_ids": [33989875], "author": {"tweeter_id": "773141368260661248"}, "tweet_id": "1226114533724426240"}, {"license": "gnip", "citation_ids": [33989875], "author": {"tweeter_id": "1518400200"}, "tweet_id": "1226114586421522432"}, {"license": "gnip", "citation_ids": [33989875], "author": {"tweeter_id": "49003527"}, "tweet_id": "1226114846070099970"}, {"license": "gnip", "citation_ids": [33989875], "author": {"tweeter_id": "1074078870331162625"}, "tweet_id": "1226115045622534145"}, {"license": "gnip", "citation_ids": [33989875], "author": {"tweeter_id": "1221102047212331009"}, "tweet_id": "1226115409834860544"}, {"license": "gnip", "citation_ids": [33989875], "author": {"tweeter_id": "283127383"}, "tweet_id": "1226116136909131776"}, {"license": "gnip", "citation_ids": [33989875], "author": {"tweeter_id": "970780136562937856"}, "tweet_id": "1226116379306319872"}, {"license": "gnip", "citation_ids": [33989875], "author": {"tweeter_id": "969788491"}, "tweet_id": "1226118786824200192"}, {"license": "gnip", "citation_ids": [33989875], "author": {"tweeter_id": "4439665574"}, "tweet_id": "1226119780345581569"}, {"license": "gnip", "citation_ids": [33989875], "author": {"tweeter_id": "2887153413"}, "tweet_id": "1226120203878178816"}, {"license": "gnip", "citation_ids": [33989875], "author": {"tweeter_id": "884095964730019841"}, "tweet_id": "1226121541965971456"}, {"license": "gnip", "citation_ids": [33989875], "author": {"tweeter_id": "3116670013"}, "tweet_id": "1226122711790829568"}, {"license": "gnip", "citation_ids": [33989875], "author": {"tweeter_id": "449535270"}, "tweet_id": "1226125424536752128"}, {"license": "gnip", "citation_ids": [33989875], "author": {"tweeter_id": "1198057142827143168"}, "tweet_id": "1226128013877604352"}, {"license": "gnip", "citation_ids": [33989875], "author": {"tweeter_id": "880024307459424257"}, "tweet_id": "1226129787111931906"}, {"license": "gnip", "citation_ids": [33989875], "author": {"tweeter_id": "2910149688"}, "tweet_id": "1226158977810960385"}, {"license": "gnip", "citation_ids": [33989875], "author": {"tweeter_id": "788111051665448960"}, "tweet_id": "1226170205753217026"}, {"license": "gnip", "citation_ids": [33989875], "author": {"tweeter_id": "899308266748080128"}, "tweet_id": "1226176493073686530"}, {"license": "gnip", "citation_ids": [33989875], "author": {"tweeter_id": "3395637394"}, "tweet_id": "1226178695565582338"}, {"license": "gnip", "citation_ids": [33989875], "author": {"tweeter_id": "43730427"}, "tweet_id": "1226180384242753537"}, {"license": "gnip", "citation_ids": [33989875], "author": {"tweeter_id": "1103725248044851200"}, "tweet_id": "1226182115085213697"}, {"license": "gnip", "citation_ids": [33989875], "author": {"tweeter_id": "1103725248044851200"}, "tweet_id": "1226182825264795651"}, {"license": "gnip", "citation_ids": [33989875], "author": {"tweeter_id": "69207199"}, "tweet_id": "1226189475543494657"}, {"license": "gnip", "citation_ids": [33989875], "author": {"tweeter_id": "3296578000"}, "tweet_id": "1226194913697640448"}, {"license": "gnip", "citation_ids": [33989875], "author": {"tweeter_id": "489447903"}, "tweet_id": "1226195073907511302"}, {"license": "gnip", "citation_ids": [33989875], "author": {"tweeter_id": "309043147"}, "tweet_id": "1226195463042478081"}, {"license": "gnip", "citation_ids": [33989875], "author": {"tweeter_id": "288372038"}, "tweet_id": "1226196813973270531"}, {"license": "gnip", "citation_ids": [33989875], "author": {"tweeter_id": "276669053"}, "tweet_id": "1226197757528072192"}, {"license": "gnip", "citation_ids": [33989875], "author": {"tweeter_id": "1222739029025873920"}, "tweet_id": "1226203469511643136"}, {"license": "gnip", "citation_ids": [33989875], "author": {"tweeter_id": "370727961"}, "tweet_id": "1226205122449072128"}, {"license": "gnip", "citation_ids": [33989875], "author": {"tweeter_id": "1251634902"}, "tweet_id": "1226208440462249990"}, {"license": "gnip", "citation_ids": [33989875], "author": {"tweeter_id": "969716320244719616"}, "tweet_id": "1226209721075388418"}, {"license": "gnip", "citation_ids": [33989875], "author": {"tweeter_id": "819535545827201024"}, "tweet_id": "1226213588009918465"}, {"license": "gnip", "citation_ids": [33989875], "author": {"tweeter_id": "47448810"}, "tweet_id": "1226216646643265536"}, {"license": "gnip", "citation_ids": [33989875], "author": {"tweeter_id": "244459746"}, "tweet_id": "1226222402217992194"}, {"license": "gnip", "citation_ids": [33989875], "author": {"tweeter_id": "819165994241429504"}, "tweet_id": "1226228544528883712"}, {"license": "gnip", "citation_ids": [33989875], "author": {"tweeter_id": "88175494"}, "tweet_id": "1226239919812571136"}, {"license": "gnip", "citation_ids": [33989875], "author": {"tweeter_id": "161563201"}, "tweet_id": "1226265749255159808"}, {"license": "gnip", "citation_ids": [33989875], "author": {"tweeter_id": "2868970878"}, "tweet_id": "1226288449784672257"}, {"license": "gnip", "citation_ids": [33989875], "author": {"tweeter_id": "348075929"}, "tweet_id": "1226301414705639424"}, {"license": "gnip", "citation_ids": [33989875], "author": {"tweeter_id": "977327179439603712"}, "tweet_id": "1226304771134566403"}, {"license": "gnip", "citation_ids": [33989875], "author": {"tweeter_id": "3410385748"}, "tweet_id": "1226306155728732160"}, {"license": "gnip", "citation_ids": [33989875], "author": {"tweeter_id": "895284367924363264"}, "tweet_id": "1226312737380323328"}, {"license": "gnip", "citation_ids": [33989875], "author": {"tweeter_id": "2285542940"}, "tweet_id": "1226324081378611200"}, {"license": "gnip", "citation_ids": [33989875], "author": {"tweeter_id": "819609803953737728"}, "tweet_id": "1226342073818849281"}, {"license": "gnip", "citation_ids": [33989875], "author": {"tweeter_id": "819609803953737728"}, "tweet_id": "1226342162436153344"}, {"license": "gnip", "citation_ids": [33989875, 21398924, 6041641], "author": {"tweeter_id": "373113388"}, "tweet_id": "1226345389567225856"}, {"license": "gnip", "citation_ids": [33989875], "author": {"tweeter_id": "1214232500664295424"}, "tweet_id": "1226367904125353984"}, {"license": "gnip", "citation_ids": [33989875], "author": {"tweeter_id": "23866786"}, "tweet_id": "1226368960699846656"}, {"license": "gnip", "citation_ids": [33989875], "author": {"tweeter_id": "354758854"}, "tweet_id": "1226402523486937088"}, {"license": "gnip", "citation_ids": [33989875], "author": {"tweeter_id": "1220745239981199360"}, "tweet_id": "1226405952678547456"}, {"license": "gnip", "citation_ids": [33989875], "author": {"tweeter_id": "259784647"}, "tweet_id": "1226408987689725953"}, {"license": "gnip", "citation_ids": [33989875], "author": {"tweeter_id": "722204723072380929"}, "tweet_id": "1226428446827515904"}, {"license": "gnip", "citation_ids": [33989875], "author": {"tweeter_id": "633174310"}, "tweet_id": "1226436276401909760"}, {"license": "gnip", "citation_ids": [33989875], "author": {"tweeter_id": "1418835816"}, "tweet_id": "1226442455974862848"}, {"license": "gnip", "citation_ids": [33989875], "author": {"tweeter_id": "250784913"}, "tweet_id": "1226465606301409281"}, {"license": "gnip", "citation_ids": [33989875], "author": {"tweeter_id": "2727683563"}, "tweet_id": "1226507925788745729"}, {"license": "gnip", "citation_ids": [33989875], "author": {"tweeter_id": "67069351"}, "tweet_id": "1226518143989944321"}, {"license": "gnip", "citation_ids": [33989875], "author": {"tweeter_id": "339270595"}, "tweet_id": "1226530165754339329"}, {"license": "gnip", "citation_ids": [33989875], "author": {"tweeter_id": "2519521015"}, "tweet_id": "1226531624755400704"}, {"license": "gnip", "citation_ids": [33989875], "author": {"tweeter_id": "1094001620365574146"}, "tweet_id": "1226536271759265792"}, {"license": "gnip", "citation_ids": [33989875], "author": {"tweeter_id": "1226169683101003782"}, "tweet_id": "1226538584942968834"}, {"license": "gnip", "citation_ids": [33989875], "author": {"tweeter_id": "120246691"}, "tweet_id": "1226545412279922689"}, {"license": "gnip", "citation_ids": [33989875], "author": {"tweeter_id": "528850858"}, "tweet_id": "1226547377575735298"}, {"license": "gnip", "citation_ids": [33989875], "author": {"tweeter_id": "174476012"}, "tweet_id": "1226564078036037634"}, {"license": "gnip", "citation_ids": [33989875], "author": {"tweeter_id": "1035702344644624384"}, "tweet_id": "1226565803144667136"}, {"license": "gnip", "citation_ids": [33989875], "author": {"tweeter_id": "1223307253236817922"}, "tweet_id": "1226577416082132993"}, {"license": "gnip", "citation_ids": [33989875], "author": {"tweeter_id": "1592388943"}, "tweet_id": "1226600730209013765"}, {"license": "gnip", "citation_ids": [33989875], "author": {"tweeter_id": "831258793740693504"}, "tweet_id": "1226611126663696384"}, {"license": "gnip", "citation_ids": [33989875], "author": {"tweeter_id": "1053872913051512832"}, "tweet_id": "1226611244368629762"}, {"license": "gnip", "citation_ids": [33989875], "author": {"tweeter_id": "56815890"}, "tweet_id": "1226629617727033349"}, {"license": "gnip", "citation_ids": [33989875], "author": {"tweeter_id": "59955964"}, "tweet_id": "1226633951801798656"}, {"license": "gnip", "citation_ids": [33989875], "author": {"tweeter_id": "1063191421937684481"}, "tweet_id": "1226697632573202435"}, {"license": "gnip", "citation_ids": [33989875], "author": {"tweeter_id": "296585634"}, "tweet_id": "1226701597876445185"}, {"license": "gnip", "citation_ids": [33989875], "author": {"tweeter_id": "336624803"}, "tweet_id": "1226727416166572033"}, {"license": "gnip", "citation_ids": [33989875], "author": {"tweeter_id": "730316653934854145"}, "tweet_id": "1226800768939954176"}, {"license": "gnip", "citation_ids": [33989875], "author": {"tweeter_id": "730316653934854145"}, "tweet_id": "1226800963614367745"}, {"license": "gnip", "citation_ids": [33989875], "author": {"tweeter_id": "780197482948984832"}, "tweet_id": "1226808902794149888"}, {"license": "gnip", "citation_ids": [33989875], "author": {"tweeter_id": "2818659153"}, "tweet_id": "1226907116486656000"}, {"license": "gnip", "citation_ids": [33989875], "author": {"tweeter_id": "151772758"}, "tweet_id": "1227018107727831043"}, {"license": "gnip", "citation_ids": [33989875], "author": {"tweeter_id": "969788491"}, "tweet_id": "1227032950480556033"}, {"license": "gnip", "citation_ids": [33989875], "author": {"tweeter_id": "773141368260661248"}, "tweet_id": "1227033021460643841"}, {"license": "gnip", "citation_ids": [33989875], "author": {"tweeter_id": "802773235"}, "tweet_id": "1227138230417600513"}, {"license": "gnip", "citation_ids": [33989875], "author": {"tweeter_id": "1174263742663708673"}, "tweet_id": "1227544827719553024"}, {"license": "gnip", "citation_ids": [33989875], "author": {"tweeter_id": "1190736890"}, "tweet_id": "1228060610916737036"}, {"license": "gnip", "citation_ids": [33989875], "author": {"tweeter_id": "1013164871398064130"}, "tweet_id": "1228206851763818496"}, {"license": "gnip", "citation_ids": [33989875], "author": {"tweeter_id": "128219555"}, "tweet_id": "1228291536514772992"}, {"license": "gnip", "citation_ids": [33989875], "author": {"tweeter_id": "348075929"}, "tweet_id": "1228364576863014912"}, {"license": "gnip", "citation_ids": [33989875], "author": {"tweeter_id": "43730427"}, "tweet_id": "1228365303668715524"}, {"license": "gnip", "citation_ids": [33989875], "author": {"tweeter_id": "754644398667726848"}, "tweet_id": "1228368949357580288"}, {"license": "gnip", "citation_ids": [33989875], "author": {"tweeter_id": "1220745239981199360"}, "tweet_id": "1228411104365338625"}, {"license": "gnip", "citation_ids": [33989875], "author": {"tweeter_id": "345313651"}, "tweet_id": "1228507360467046402"}, {"license": "gnip", "citation_ids": [33989875], "author": {"tweeter_id": "1222574798162866177"}, "tweet_id": "1228536002261725189"}, {"license": "gnip", "citation_ids": [33989875], "author": {"tweeter_id": "870640700915830785"}, "tweet_id": "1228591256814542848"}, {"license": "gnip", "citation_ids": [33989875], "author": {"tweeter_id": "1196585570102677504"}, "tweet_id": "1228603142998126593"}, {"license": "gnip", "citation_ids": [33989875], "author": {"tweeter_id": "136839028"}, "tweet_id": "1228611041233264640"}, {"license": "gnip", "citation_ids": [33989875], "author": {"tweeter_id": "1013211217219866624"}, "tweet_id": "1229891032063463425"}, {"license": "gnip", "citation_ids": [33989875], "author": {"tweeter_id": "427865020"}, "tweet_id": "1230050986644799488"}, {"license": "gnip", "citation_ids": [33989875], "author": {"tweeter_id": "419517624"}, "tweet_id": "1230863491055091712"}, {"license": "gnip", "citation_ids": [63995471, 269657, 33989875, 1449914, 76636764], "author": {"tweeter_id": "2631088551"}, "tweet_id": "1232222769036877825"}, {"license": "gnip", "citation_ids": [33989875], "author": {"tweeter_id": "93269505"}, "tweet_id": "1232825606594629633"}, {"license": "gnip", "citation_ids": [33989875], "author": {"tweeter_id": "93269505"}, "tweet_id": "1232829261603454976"}, {"license": "gnip", "citation_ids": [33989875], "author": {"tweeter_id": "243615491"}, "tweet_id": "1232830354655866881"}, {"license": "gnip", "citation_ids": [33989875], "author": {"tweeter_id": "830860115892858880"}, "tweet_id": "1233155424339120129"}, {"license": "gnip", "citation_ids": [33989875], "author": {"tweeter_id": "830860115892858880"}, "tweet_id": "1233155587002601472"}, {"license": "gnip", "citation_ids": [33989875], "author": {"tweeter_id": "1105076135241633797"}, "tweet_id": "1234170077236355072"}, {"license": "gnip", "citation_ids": [33989875, 76043256], "author": {"tweeter_id": "20163762"}, "tweet_id": "1234325652427431936"}, {"license": "gnip", "citation_ids": [33989875], "author": {"tweeter_id": "291271506"}, "tweet_id": "1234332382163013632"}, {"license": "gnip", "citation_ids": [33989875], "author": {"tweeter_id": "564401508"}, "tweet_id": "1234338821522821122"}, {"license": "gnip", "citation_ids": [33989875], "author": {"tweeter_id": "1205368281072160769"}, "tweet_id": "1234340214752940032"}, {"license": "gnip", "citation_ids": [33989875], "author": {"tweeter_id": "257486568"}, "tweet_id": "1234349931315396608"}, {"license": "gnip", "citation_ids": [33989875], "author": {"tweeter_id": "14138486"}, "tweet_id": "1234373177658068992"}, {"license": "gnip", "citation_ids": [33989875], "author": {"tweeter_id": "14138486"}, "tweet_id": "1234376040987807744"}, {"license": "gnip", "citation_ids": [33989875], "author": {"tweeter_id": "1246096020"}, "tweet_id": "1234386757023600640"}, {"license": "gnip", "citation_ids": [33989875], "author": {"tweeter_id": "1136370591517290496"}, "tweet_id": "1234394187312836608"}, {"license": "gnip", "citation_ids": [33989875], "author": {"tweeter_id": "1136370591517290496"}, "tweet_id": "1234394230644191233"}, {"license": "gnip", "citation_ids": [33989875], "author": {"tweeter_id": "2163285464"}, "tweet_id": "1234396635792379904"}, {"license": "gnip", "citation_ids": [33989875], "author": {"tweeter_id": "291271506"}, "tweet_id": "1234555217808629761"}, {"license": "gnip", "citation_ids": [33989875], "author": {"tweeter_id": "1169400160000139265"}, "tweet_id": "1234628833963368448"}, {"license": "gnip", "citation_ids": [33989875], "author": {"tweeter_id": "101937976"}, "tweet_id": "1234675919391821838"}, {"license": "gnip", "citation_ids": [33989875], "author": {"tweeter_id": "701685035900866561"}, "tweet_id": "1234713476137750528"}, {"license": "gnip", "citation_ids": [33989875], "author": {"tweeter_id": "701685035900866561"}, "tweet_id": "1234842387567935490"}, {"license": "gnip", "citation_ids": [33989875], "author": {"tweeter_id": "701685035900866561"}, "tweet_id": "1234855584836530179"}, {"license": "gnip", "citation_ids": [33989875], "author": {"tweeter_id": "291271506"}, "tweet_id": "1234897182505021440"}, {"license": "gnip", "citation_ids": [33989875], "author": {"tweeter_id": "291271506"}, "tweet_id": "1234904002397122560"}, {"license": "gnip", "citation_ids": [33989875], "author": {"tweeter_id": "701685035900866561"}, "tweet_id": "1235005997652951168"}, {"license": "gnip", "citation_ids": [33989875], "author": {"tweeter_id": "701685035900866561"}, "tweet_id": "1235027384815869953"}, {"license": "gnip", "citation_ids": [33989875], "author": {"tweeter_id": "15849701"}, "tweet_id": "1235265653558345728"}, {"license": "gnip", "citation_ids": [33989875, 75052098, 74993823], "author": {"tweeter_id": "1894956644"}, "tweet_id": "1235924544814231558"}, {"license": "gnip", "citation_ids": [33989875], "author": {"tweeter_id": "3034964813"}, "tweet_id": "1235987760370106368"}, {"license": "gnip", "citation_ids": [33989875], "author": {"tweeter_id": "756626345862586368"}, "tweet_id": "1236580324664119296"}, {"license": "gnip", "citation_ids": [33989875], "author": {"tweeter_id": "17133265"}, "tweet_id": "1236666148759859205"}, {"license": "gnip", "citation_ids": [33989875], "author": {"tweeter_id": "43159576"}, "tweet_id": "1237199939622637568"}, {"license": "gnip", "citation_ids": [33989875], "author": {"tweeter_id": "1233192116869664771"}, "tweet_id": "1238472927630237696"}, {"license": "gnip", "citation_ids": [33989875], "author": {"tweeter_id": "4617024083"}, "tweet_id": "1238474183652360192"}, {"license": "gnip", "citation_ids": [33989875], "author": {"tweeter_id": "1158034178518245376"}, "tweet_id": "1238474228476923905"}, {"license": "gnip", "citation_ids": [33989875], "author": {"tweeter_id": "1176560598567407616"}, "tweet_id": "1238475232085770242"}, {"license": "gnip", "citation_ids": [33989875], "author": {"tweeter_id": "6987882"}, "tweet_id": "1238475452483690497"}, {"license": "gnip", "citation_ids": [33989875], "author": {"tweeter_id": "702365900310253569"}, "tweet_id": "1238476165842698240"}, {"license": "gnip", "citation_ids": [33989875], "author": {"tweeter_id": "38374100"}, "tweet_id": "1238476550149795841"}, {"license": "gnip", "citation_ids": [33989875], "author": {"tweeter_id": "116276133"}, "tweet_id": "1238477424607797250"}, {"license": "gnip", "citation_ids": [33989875], "author": {"tweeter_id": "148969874"}, "tweet_id": "1238481134851416064"}, {"license": "gnip", "citation_ids": [33989875], "author": {"tweeter_id": "435770893"}, "tweet_id": "1238482882999595008"}, {"license": "gnip", "citation_ids": [33989875], "author": {"tweeter_id": "489224000"}, "tweet_id": "1238488957207351296"}, {"license": "gnip", "citation_ids": [33989875], "author": {"tweeter_id": "901176053720338435"}, "tweet_id": "1238490455039455236"}, {"license": "gnip", "citation_ids": [33989875], "author": {"tweeter_id": "116623398"}, "tweet_id": "1238492122254389248"}, {"license": "gnip", "citation_ids": [33989875], "author": {"tweeter_id": "323080568"}, "tweet_id": "1238717762891022337"}, {"license": "gnip", "citation_ids": [33989875], "author": {"tweeter_id": "2735615498"}, "tweet_id": "1238815818672230400"}, {"license": "gnip", "citation_ids": [33989875], "author": {"tweeter_id": "2742739538"}, "tweet_id": "1238851534596616193"}, {"license": "gnip", "citation_ids": [33989875], "author": {"tweeter_id": "3399243074"}, "tweet_id": "1238854387058933762"}, {"license": "gnip", "citation_ids": [33989875], "author": {"tweeter_id": "410658801"}, "tweet_id": "1238897126106685440"}, {"license": "gnip", "citation_ids": [33989875], "author": {"tweeter_id": "482888161"}, "tweet_id": "1239588745814441986"}, {"license": "gnip", "citation_ids": [33989875], "author": {"tweeter_id": "3618192557"}, "tweet_id": "1239614570123145217"}, {"license": "gnip", "citation_ids": [33989875], "author": {"tweeter_id": "244564588"}, "tweet_id": "1239680522995019778"}, {"license": "gnip", "citation_ids": [33989875], "author": {"tweeter_id": "1215883682763956224"}, "tweet_id": "1239934693493092353"}, {"license": "gnip", "citation_ids": [33989875], "author": {"tweeter_id": "850712117573537793"}, "tweet_id": "1239951729854160898"}, {"license": "gnip", "citation_ids": [33989875], "author": {"tweeter_id": "1238811174592024577"}, "tweet_id": "1240194846264037376"}], "news": [{"title": "Broad spectrum antiviral drug inhibits a range of emerging coronaviruses", "url": "http://ct.moreover.com/?a=33490765326&p=1pl&v=1&x=d-k7CPyKmWAj9nReXof3zA", "license": "public", "citation_ids": [33989875, 33989860], "posted_on": "2018-03-06T18:18:14+00:00", "summary": "Researchers have long known that RNA viruses called coronaviruses cause the common cold and pneumonia.", "author": {"name": "Science Daily", "url": "http://www.sciencedaily.com/", "image": "https://s3.amazonaws.com/weyland.altmetric.com/news_sources/logos/000/000/179/normal/image.png?1369927053"}}, {"title": "Broad spectrum antiviral drug inhibits a range of emerging coronaviruses", "url": "http://ct.moreover.com/?a=33492757224&p=1pl&v=1&x=udswiZ66VUfXNUwnTGejYQ", "license": "public", "citation_ids": [33989875], "posted_on": "2018-03-07T01:46:53+00:00", "summary": "\"These viruses are poised to cause outbreaks,\" says molecular virologist Ralph C.", "author": {"name": "Long Room", "url": "https://www.longroom.com/", "image": "https://s3.amazonaws.com/weyland.altmetric.com/news_sources/logos/000/002/729/normal/Screen_Shot_2018-09-17_at_14.25.55.png?1537191247"}}, {"title": "Broad spectrum antiviral drug inhibits a range of emerging coronaviruses", "url": "http://ct.moreover.com/?a=33489572017&p=1pl&v=1&x=GrrWh1_L9KtRD2Pk7NgVxA", "license": "public", "citation_ids": [33989875, 33989860], "posted_on": "2018-03-06T05:00:00+00:00", "summary": "Washington, DC - March 6, 2018 - Researchers have long known that RNA viruses called coronaviruses cause the common cold and pneumonia.", "author": {"name": "EurekAlert!", "url": "http://www.eurekalert.org/", "image": "https://s3.amazonaws.com/weyland.altmetric.com/news_sources/logos/000/000/077/normal/EurekAlert_StackedLogo_Wht-RedBox.png?1573666452"}}, {"title": "An Experimental Ebola Cure May Also Protect Against Nipah Virus", "url": "http://ct.moreover.com/?a=39342498096&p=1pl&v=1&x=71gvyIu-idCeAgLCf59WVw", "license": "public", "citation_ids": [33989875, 6041641, 61255777], "posted_on": "2019-05-29T23:23:23+00:00", "summary": "Health|An Experimental Ebola Cure May Also Protect Against Nipah Virus Global health African green monkeys survived infection with the Nipah virus after they received remdesivir.", "author": {"name": "New York Times", "url": "http://www.nytimes.com/", "image": "https://s3.amazonaws.com/weyland.altmetric.com/news_sources/logos/000/000/022/normal/image.png?1369859672"}}, {"title": "An Experimental Ebola Cure May Also Protect Against Nipah Virus", "url": "http://ct.moreover.com/?a=39344135652&p=1pl&v=1&x=z2aFkkrnlfZB1GzEWkSY2g", "license": "public", "citation_ids": [33989875, 6041641, 61255777], "posted_on": "2019-05-30T04:53:11+00:00", "summary": "An experimental drug has protected monkeys against infection with Nipah virus, a lethal disease and emerging pandemic threat for which there is no approved vaccine or cure, scientists reported on Wednesday.", "author": {"name": "Medical Health News", "url": "http://www.medicalhealthnews.net/", "image": "https://s3.amazonaws.com/weyland.altmetric.com/news_sources/logos/000/002/931/normal/Screen_Shot_2018-10-19_at_10.16.53.png?1539940643"}}, {"title": "Nipah: Experimental drug may prove effective, claim scientists", "url": "http://ct.moreover.com/?a=39421280657&p=1pl&v=1&x=ELuDZoKJI7020HKomyKZEQ", "license": "public", "citation_ids": [33989875], "posted_on": "2019-06-09T13:53:32+00:00", "summary": "The antiviral drug is yet to be accepted by the scientific community as potential treatment for the Nipah virus.", "author": {"name": "Medical Health News", "url": "http://www.medicalhealthnews.net/", "image": "https://s3.amazonaws.com/weyland.altmetric.com/news_sources/logos/000/002/931/normal/Screen_Shot_2018-10-19_at_10.16.53.png?1539940643"}}, {"title": "Gilead mulls repositioning failed Ebola drug in China virus", "url": "https://www.fiercebiotech.com/biotech/gilead-mulls-repositioning-failed-ebola-drug-china-virus?utm_source=internal&utm_medium=rss", "license": "public", "citation_ids": [33989875], "posted_on": "2020-01-24T13:06:47+00:00", "summary": "Gilead Sciences is considering repositioning NUC inhibitor remdesivir as a treatment for the coronavirus now sweeping across parts of China.", "author": {"name": "Fierce Biotech", "url": "http://www.fiercebiotech.com/", "image": "https://s3.amazonaws.com/weyland.altmetric.com/news_sources/logos/000/002/239/normal/Screen_Shot_2016-02-25_at_15.13.22.png?1456413240"}}, {"title": "Universal coronavirus treatments could help treat this outbreak \u2014 and the next one", "url": "http://ct.moreover.com/?a=41267653848&p=1pl&v=1&x=sDymxWw4_VRjliLuI7GinA", "license": "public", "citation_ids": [33989875, 33989875, 2325135, 74464078], "posted_on": "2020-01-31T14:00:00+00:00", "summary": "Coronaviruses have caused three outbreaks in humans in the past 20 years: they were responsible for SARS in 2002, MERS in 2012, and the ongoing outbreak spreading rapidly through China and around the world.", "author": {"name": "The Verge", "url": "http://www.theverge.com/", "image": "https://s3.amazonaws.com/weyland.altmetric.com/news_sources/logos/000/000/042/normal/the_verge.png?1369846933"}}, {"title": "Os tratamentos universais com coronav\u00edrus podem ajudar a tratar esse surto \u2013 e o pr\u00f3ximo", "url": "http://ct.moreover.com/?a=41267997268&p=1pl&v=1&x=ucQLci1QP4dqFq1X_TSe6A", "license": "public", "citation_ids": [33989875, 33989875, 2325135, 74464078], "posted_on": "2020-01-31T14:26:04+00:00", "summary": "Os coronav\u00edrus causaram tr\u00eas surtos em humanos nos \u00faltimos 20 anos: eles foram respons\u00e1veis \u200b\u200bpela SARS em 2002, MERS em 2012 e pela surto em curso se espalhando rapidamente pela China e pelo mundo.", "author": {"name": "Replic\u00e1rio", "url": "https://replicario.com.br/", "image": "https://s3.amazonaws.com/weyland.altmetric.com/news_sources/logos/000/004/276/normal/Capture_rpl.JPG?1574071393"}}, {"title": "Emory Researchers Think They Have A Drug To Fight The New Coronavirus", "url": "http://ct.moreover.com/?a=41359452052&p=1pl&v=1&x=hCcSG3DbX-wUzGj6jW-_cQ", "license": "public", "citation_ids": [69162937, 75817696, 67596098, 75396324, 33989875], "posted_on": "2020-02-11T22:15:43+00:00", "summary": "Chemistry and cooking are pretty similar, at least to Mike Natchus. He walks through a lab in Atlanta and stops at a fume hood, a ventilated enclosure that sucks up dangerous gases, where he picks up a small glass container.", "author": {"name": "WABE", "url": "http://www.wabe.org/", "image": "https://s3.amazonaws.com/weyland.altmetric.com/news_sources/logos/000/001/600/normal/Screen_Shot_2016-01-07_at_09.54.23.png?1452160508"}}, {"title": "A Promising Antiviral Is Being Tested for the Coronavirus&mdash;but Results Are Not Yet Out", "url": "http://ct.moreover.com/?a=41500130490&p=1pl&v=1&x=aEKNOeg7Z_9ybmxCcnlY-w", "license": "public", "citation_ids": [76130813, 74994602, 21398924, 62543966, 33989875, 74801601, 75396324, 75052098, 76459703], "posted_on": "2020-02-28T20:48:17+00:00", "summary": "As the coronavirus outbreak continues to spread worldwide and more people become critically ill, scientists are racing to find a treatment that will help turn the tide.", "author": {"name": "Scientific American", "url": "http://www.scientificamerican.com/", "image": "https://s3.amazonaws.com/weyland.altmetric.com/news_sources/logos/000/000/101/normal/scientific_american.png?1369846970"}}, {"title": "COVID-19 Vax Moving at Brisk Clip, but Will It Be Soon Enough?", "url": "http://ct.moreover.com/?a=41589158817&p=1pl&v=1&x=cpmuIt1O39_z9X1LaakmLQ", "license": "public", "citation_ids": [33989875, 76750225, 77145366, 76043256], "posted_on": "2020-03-10T22:19:06+00:00", "summary": "Meeting Coverage > CROI CROI speakers offer mixed news on vaccine development, disease control by Contributing Writer, MedPage Today March 10, 2020 BOSTON -- Development of a COVID-19 vaccine is moving rapidly, according to the director of the\u2026", "author": {"name": "MedPage Today", "url": "http://www.medpagetoday.com/", "image": "https://s3.amazonaws.com/weyland.altmetric.com/news_sources/logos/000/000/262/normal/Screen_Shot_2016-02-09_at_10.51.03.png?1455015082"}}], "wikipedia": [{"title": "GS-5734", "url": "http://en.wikipedia.org/?diff=prev&oldid=829303921#altmetric_citation_e17a1441-dffe-4345-9990-48236e76092e", "license": "public", "citation_ids": [33989875], "posted_on": "2018-03-07T20:43:34+00:00", "summary": "GS-5734 is an antiviral drug, a novel nucleotide analog prodrug. It was developed by Gilead Sciences as a treatment for filovirus infections such as Ebola virus disease and Marburg virus, though it has subsequently also been found to show reasonable antivi", "page_url": "http://en.wikipedia.org/?curid=52322492", "wiki_lang": "en", "author": {"name": "Meodipt", "url": "http://en.wikipedia.org/wiki/User:Meodipt"}}], "video": [{"title": "#139. Ch\u1ea9n \u0110o\u00e1n v\u00e0 \u0110i\u1ec1u Tr\u1ecb Virus Corona (Ai n\u00ean mang kh\u1ea9u trang?)", "url": "https://www.youtube.com/watch?v=3h2OgKayAcU", "image": "https://i.ytimg.com/vi/3h2OgKayAcU/hqdefault.jpg", "license": "public", "citation_ids": [74651997, 2325135, 142543, 33989875], "posted_on": "2020-01-31T09:12:49+00:00", "summary": "Video Corona # 3\nC\u00e1c m\u1ee5c ch\u00ednh\n1. Virus kh\u00e1c v\u1edbi vi khu\u1ea9n, n\u00ean tr\u1ecb th\u1ebf n\u00e0o? \n2. Ch\u1ea9n \u0111o\u00e1n virus Corona?\n3. B\u1ec7nh nh\u00e2n nh\u1eadp vi\u1ec7n s\u1ebd \u0111\u01b0\u1ee3c \u0111i\u1ec1u tr\u1ecb th\u1ebf n\u00e0o?\n4. Thu\u1ed1c tr\u1ecb virus HIV c\u00f3 th\u1ec3 tr\u1ecb Corona?\n- Nghi\u00ean c\u1ee9u n\u0103m 2003-2004 cho th\u1ea5y thu\u1ed1c HIV (Lopinavir/Rito", "embed": {"type": "youtube", "youtube_id": "3h2OgKayAcU"}, "author": {"name": "Dr. Wynn Tran Official", "id_on_source": "UC_kSOy981Lct-JHkCcpgsZg"}}], "facebook": [{"title": "Coronavirus Susceptibility to the Antiviral Remdesivir (GS-5734) Is Mediated by the Viral Polymerase and the Proofreading Exoribonuclease", "url": "https://www.facebook.com/permalink.php?story_fbid=2739923669423342&id=916360545113006", "license": "public", "citation_ids": [33989875], "posted_on": "2020-02-15T17:26:42+00:00", "summary": "SALUD: UNA LUCECITA EN LA TORMENTA\nUn antiviral que interfiere la multiplicaci\u00f3n del coronavirus que nos aterra,\nhttps://mbio.asm.org/content/9/2/e00221-18.full", "author": {"name": "Farmacia Corvales", "url": "https://www.facebook.com/916360545113006", "facebook_wall_name": "Farmacia Corvales", "image": "https://graph.facebook.com/916360545113006/picture", "id_on_source": "916360545113006"}}, {"title": "Coronavirus Susceptibility to the Antiviral Remdesivir (GS-5734) Is Mediated by the Viral Polymerase and the Proofreading Exoribonuclease. - PubMed - NCBI", "url": "https://www.facebook.com/permalink.php?story_fbid=2611208262455753&id=1884586571784596", "license": "public", "citation_ids": [33989875, 33989875], "posted_on": "2020-03-13T14:45:02+00:00", "summary": "Coronavirus Susceptibility to the Antiviral Remdesivir (GS-5734) : https://www.ncbi.nlm.nih.gov/pubmed/29511076 Comments: https://news.ycombinator.com/item?id=22567471", "author": {"name": "Hacker News", "url": "https://www.facebook.com/1884586571784596", "facebook_wall_name": "Hacker News", "image": "https://graph.facebook.com/1884586571784596/picture", "id_on_source": "1884586571784596"}}]}, "score": 305.85, "images": {"small": "https://badges.altmetric.com/?size=64&score=306&types=mvttttwf", "medium": "https://badges.altmetric.com/?size=100&score=306&types=mvttttwf", "large": "https://badges.altmetric.com/?size=180&score=306&types=mvttttwf"}}