{"altmetric_id": 77097446, "counts": {"readers": {"mendeley": 0, "citeulike": 0, "connotea": 0}, "total": {"posts_count": 41}, "twitter": {"unique_users_count": 38, "posts_count": 40}, "news": {"unique_users_count": 1, "unique_users": ["wired_com"], "posts_count": 1}}, "citation": {"altmetric_jid": "532721422a83ee84788b4567", "authors": ["Manning, Jessica E.", "Bohl, Jennifer A.", "Lay, Sreyngim", "Chea, Sophana", "Sovann, Ly", "Sengdoeurn, Yi", "Heng, Seng", "Vuthy, Chan", "Kalantar, Katrina", "Ahyong, Vida", "Tan, Michelle", "Sheu, Jonathan", "Tato, Cristina M.", "DeRisi, Joseph L.", "Baril, Laurence", "Duong, Veasna", "Dussart, Philippe", "Karlsson, Erik A."], "doi": "10.1101/2020.03.02.968818", "first_seen_on": "2020-03-05T23:05:10+00:00", "issns": [], "journal": "bioRxiv", "last_mentioned_on": 1584379695, "links": ["https://www.biorxiv.org/content/10.1101/2020.03.02.968818v1", "https://www.biorxiv.org/content/10.1101/2020.03.02.968818v1.full"], "pdf_url": "https://www.biorxiv.org/content/biorxiv/early/2020/03/05/2020.03.02.968818.full.pdf", "publisher": "Cold Spring Harbor Laboratory", "title": "Rapid metagenomic characterization of a case of imported COVID-19 in Cambodia", "type": "article"}, "altmetric_score": {"score": 31.55, "score_history": {"1y": 31.55, "6m": 31.55, "3m": 31.55, "1m": 31.55, "1w": 8.25, "6d": 1.35, "5d": 1.35, "4d": 1.35, "3d": 1.35, "2d": 0.5, "1d": 0, "at": 31.55}, "context_for_score": {"all": {"total_number_of_other_articles": 14515745, "mean": 8.4678829075407, "rank": 593460, "this_scored_higher_than_pct": 95, "this_scored_higher_than": 13921836, "rank_type": "exact", "sample_size": 14515745, "percentile": 95}, "similar_age_3m": {"total_number_of_other_articles": 153474, "mean": 14.268031966535, "rank": 10403, "this_scored_higher_than_pct": 93, "this_scored_higher_than": 143059, "rank_type": "exact", "sample_size": 153474, "percentile": 93}, "this_journal": {"total_number_of_other_articles": 75315, "mean": 12.970771171363, "rank": 5928, "this_scored_higher_than_pct": 92, "this_scored_higher_than": 69381, "rank_type": "exact", "sample_size": 75315, "percentile": 92}, "similar_age_this_journal_3m": {"total_number_of_other_articles": 3768, "mean": 16.492931245023, "rank": 253, "this_scored_higher_than_pct": 93, "this_scored_higher_than": 3514, "rank_type": "exact", "sample_size": 3768, "percentile": 93}}}, "demographics": {"poster_types": {"member_of_the_public": 22, "researcher": 15, "science_communicator": 1}, "users": {"twitter": {"cohorts": {"Members of the public": 22, "Scientists": 15, "Science communicators (journalists, bloggers, editors)": 1}}}, "geo": {"twitter": {"US": 19, "BE": 1, "FR": 1, "AU": 1, "CA": 1, "GB": 2, "KH": 1}}}, "posts": {"twitter": [{"license": "gnip", "citation_ids": [77097446], "author": {"tweeter_id": "1949132852"}, "tweet_id": "1235702864611282945"}, {"license": "gnip", "citation_ids": [77097446], "author": {"tweeter_id": "151795190"}, "tweet_id": "1235983240873168896"}, {"license": "gnip", "citation_ids": [77097446], "author": {"tweeter_id": "1308884352"}, "tweet_id": "1235992545987047424"}, {"license": "gnip", "citation_ids": [77097446], "author": {"tweeter_id": "986034917099237377"}, "tweet_id": "1236022915369336832"}, {"license": "gnip", "citation_ids": [77097446], "author": {"tweeter_id": "264452919"}, "tweet_id": "1236070320571854850"}, {"license": "gnip", "citation_ids": [77097446], "author": {"tweeter_id": "2900363962"}, "tweet_id": "1236179371095994371"}, {"license": "gnip", "citation_ids": [77097446], "author": {"tweeter_id": "1206771889189703680"}, "tweet_id": "1237210275108909057"}, {"license": "gnip", "citation_ids": [77097446], "author": {"tweeter_id": "3587700254"}, "tweet_id": "1237478954769903617"}, {"license": "gnip", "citation_ids": [77312860, 77097446], "author": {"tweeter_id": "1343132275"}, "tweet_id": "1237479266662531072"}, {"license": "gnip", "citation_ids": [77312860, 77097446], "author": {"tweeter_id": "33638637"}, "tweet_id": "1237479948681699331"}, {"license": "gnip", "citation_ids": [77312860, 77097446], "author": {"tweeter_id": "1315308330"}, "tweet_id": "1237480775538409474"}, {"license": "gnip", "citation_ids": [77312860, 77097446], "author": {"tweeter_id": "1343132275"}, "tweet_id": "1237484317728636928"}, {"license": "gnip", "citation_ids": [77312860, 77097446], "author": {"tweeter_id": "32994132"}, "tweet_id": "1237484487853760512"}, {"license": "gnip", "citation_ids": [77312860, 77097446], "author": {"tweeter_id": "2165131938"}, "tweet_id": "1237486539686334464"}, {"license": "gnip", "citation_ids": [77312860, 77097446], "author": {"tweeter_id": "1661456132"}, "tweet_id": "1237487114268241920"}, {"license": "gnip", "citation_ids": [77312860, 77097446], "author": {"tweeter_id": "954415397457063936"}, "tweet_id": "1237491673309028357"}, {"license": "gnip", "citation_ids": [77312860, 77097446], "author": {"tweeter_id": "8932272"}, "tweet_id": "1237504224751050753"}, {"license": "gnip", "citation_ids": [77312860, 77097446], "author": {"tweeter_id": "4657994587"}, "tweet_id": "1237504870678061057"}, {"license": "gnip", "citation_ids": [77312860, 77097446], "author": {"tweeter_id": "498631199"}, "tweet_id": "1237508142780436480"}, {"license": "gnip", "citation_ids": [77312860, 77097446], "author": {"tweeter_id": "3931240040"}, "tweet_id": "1237508296421994496"}, {"license": "gnip", "citation_ids": [77312860, 77097446], "author": {"tweeter_id": "29158353"}, "tweet_id": "1237511543744368640"}, {"license": "gnip", "citation_ids": [77312860, 77097446], "author": {"tweeter_id": "84293847"}, "tweet_id": "1237522639217819648"}, {"license": "gnip", "citation_ids": [77312860, 77097446], "author": {"tweeter_id": "936196911819870208"}, "tweet_id": "1237523886834470912"}, {"license": "gnip", "citation_ids": [77312860, 77097446], "author": {"tweeter_id": "14621011"}, "tweet_id": "1237578910444818432"}, {"license": "gnip", "citation_ids": [77312860, 77097446], "author": {"tweeter_id": "813992533806022656"}, "tweet_id": "1237580680160108544"}, {"license": "gnip", "citation_ids": [77312860, 77097446], "author": {"tweeter_id": "2694150236"}, "tweet_id": "1237581179160637445"}, {"license": "gnip", "citation_ids": [77312860, 77097446], "author": {"tweeter_id": "2369329526"}, "tweet_id": "1237583259971670016"}, {"license": "gnip", "citation_ids": [77312860, 77097446], "author": {"tweeter_id": "20585553"}, "tweet_id": "1237604387033251840"}, {"license": "gnip", "citation_ids": [77312860, 77097446], "author": {"tweeter_id": "734667419055230976"}, "tweet_id": "1237652546677886976"}, {"license": "gnip", "citation_ids": [77312860, 77097446], "author": {"tweeter_id": "1027940737005039616"}, "tweet_id": "1237688054883782664"}, {"license": "gnip", "citation_ids": [77312860, 77097446], "author": {"tweeter_id": "496289752"}, "tweet_id": "1237699178043772928"}, {"license": "gnip", "citation_ids": [77312860, 77097446], "author": {"tweeter_id": "33638637"}, "tweet_id": "1237711848734105602"}, {"license": "gnip", "citation_ids": [77312860, 77097446], "author": {"tweeter_id": "914119638"}, "tweet_id": "1237713382112997376"}, {"license": "gnip", "citation_ids": [77312860, 77097446], "author": {"tweeter_id": "736175214468419584"}, "tweet_id": "1237741186359668736"}, {"license": "gnip", "citation_ids": [77312860, 77097446, 77312860], "author": {"tweeter_id": "17006886"}, "tweet_id": "1237776899742535681"}, {"license": "gnip", "citation_ids": [77312860, 77097446], "author": {"tweeter_id": "200456671"}, "tweet_id": "1237792466713153537"}, {"license": "gnip", "citation_ids": [77312860, 77097446], "author": {"tweeter_id": "776166459261095936"}, "tweet_id": "1237855172727996423"}, {"license": "gnip", "citation_ids": [77312860, 77097446], "author": {"tweeter_id": "1935662232"}, "tweet_id": "1237956003372707841"}, {"license": "gnip", "citation_ids": [77097446], "author": {"tweeter_id": "1319632650"}, "tweet_id": "1239082810633105410"}, {"license": "gnip", "citation_ids": [77097446], "author": {"tweeter_id": "6899782"}, "tweet_id": "1239604404183085057"}], "news": [{"title": "A Disease Tracker Backed by Gates and Zuckerberg Tackles Covid-19 in Cambodia", "url": "http://ct.moreover.com/?a=41589428346&p=1pl&v=1&x=fwzVDiRucrUcu9t6PfwADw", "license": "public", "citation_ids": [77097446, 75038790], "posted_on": "2020-03-10T15:47:54+00:00", "summary": "Jessica Manning had no experience with coronaviruses. The infectious disease researcher had lived and worked in Cambodia off and on since 2013, studying the mosquitoes of the Mekong Delta and how their saliva helps spread disease in humans.", "author": {"name": "Wired.com", "url": "http://www.wired.com", "image": "https://s3.amazonaws.com/weyland.altmetric.com/news_sources/logos/000/001/378/normal/Screen_Shot_2015-07-22_at_11.20.18.png?1437560443"}}]}, "score": 31.55, "images": {"small": "https://badges.altmetric.com/?size=64&score=32&types=mttttttt", "medium": "https://badges.altmetric.com/?size=100&score=32&types=mttttttt", "large": "https://badges.altmetric.com/?size=180&score=32&types=mttttttt"}}