{"altmetric_id": 77145288, "counts": {"readers": {"mendeley": 0, "citeulike": 0, "connotea": 0}, "total": {"posts_count": 25}, "twitter": {"unique_users_count": 23, "posts_count": 25}}, "citation": {"authors": ["WILLEM, LANDER", "HOANG, THANG VAN", "FUNK, SEBASTIAN", "COLETTI, PIETRO", "BEUTELS, PHILIPPPE", "HENS, NIEL"], "doi": "10.1101/2020.03.03.20030627", "first_seen_on": "2020-03-06T19:50:59+00:00", "issns": [], "last_mentioned_on": 1584146597, "links": ["https://www.medrxiv.org/content/10.1101/2020.03.03.20030627v1", "https://www.medrxiv.org/content/10.1101/2020.03.03.20030627v1?utm_source=dlvr.it&utm_medium=twitter", "https://www.medrxiv.org/content/10.1101/2020.03.03.20030627v1.full.pdf"], "pdf_url": "https://www.medrxiv.org/content/medrxiv/early/2020/03/06/2020.03.03.20030627.full.pdf", "publisher": "Cold Spring Harbor Laboratory", "title": "SOCRATES: An online tool leveraging a social contact data sharing initiative to assess mitigation strategies for COVID-19", "type": "article"}, "altmetric_score": {"score": 16.45, "score_history": {"1y": 16.45, "6m": 16.45, "3m": 16.45, "1m": 16.45, "1w": 1.7, "6d": 1.7, "5d": 0.85, "4d": 0, "3d": 0, "2d": 0, "1d": 0, "at": 16.45}, "context_for_score": null}, "demographics": {"poster_types": {"member_of_the_public": 10, "researcher": 13}, "users": {"twitter": {"cohorts": {"Scientists": 13, "Members of the public": 10}}}, "geo": {"twitter": {"GB": 2, "JP": 1, "LU": 1, "BE": 2, "DE": 1, "IT": 1, "US": 1, "AU": 1}}}, "posts": {"twitter": [{"license": "gnip", "citation_ids": [77145288], "author": {"tweeter_id": "2230759558"}, "tweet_id": "1236016382313144321"}, {"license": "gnip", "citation_ids": [77145288], "author": {"tweeter_id": "910168235261218816"}, "tweet_id": "1236049963949469696"}, {"license": "gnip", "citation_ids": [77145288], "author": {"tweeter_id": "2206924014"}, "tweet_id": "1236058978750259202"}, {"license": "gnip", "citation_ids": [77145288], "author": {"tweeter_id": "33006040"}, "tweet_id": "1236076849719054338"}, {"license": "gnip", "citation_ids": [77145288], "author": {"tweeter_id": "1065248071305457664"}, "tweet_id": "1236090874292883456"}, {"license": "gnip", "citation_ids": [77145288], "author": {"tweeter_id": "910033822040842240"}, "tweet_id": "1236171434461933569"}, {"license": "gnip", "citation_ids": [77145288], "author": {"tweeter_id": "948174042720342016"}, "tweet_id": "1236173941057732610"}, {"license": "gnip", "citation_ids": [77145288], "author": {"tweeter_id": "974368318059671552"}, "tweet_id": "1236194010756153344"}, {"license": "gnip", "citation_ids": [77145288], "author": {"tweeter_id": "1460288238"}, "tweet_id": "1236238801967689729"}, {"license": "gnip", "citation_ids": [77145288], "author": {"tweeter_id": "4384004595"}, "tweet_id": "1236536279816380416"}, {"license": "gnip", "citation_ids": [77145288], "author": {"tweeter_id": "1214232500664295424"}, "tweet_id": "1236539533883105280"}, {"license": "gnip", "citation_ids": [77145288], "author": {"tweeter_id": "864977018823131136"}, "tweet_id": "1236539935319973889"}, {"license": "gnip", "citation_ids": [77145288], "author": {"tweeter_id": "1206361438178070528"}, "tweet_id": "1236541528681500673"}, {"license": "gnip", "citation_ids": [77145288], "author": {"tweeter_id": "3241249002"}, "tweet_id": "1236545416671436801"}, {"license": "gnip", "citation_ids": [77145288], "author": {"tweeter_id": "99325926"}, "tweet_id": "1236601803875258369"}, {"license": "gnip", "citation_ids": [77145288], "author": {"tweeter_id": "165054722"}, "tweet_id": "1236605774018772992"}, {"license": "gnip", "citation_ids": [77145288], "author": {"tweeter_id": "2766194652"}, "tweet_id": "1236661058871398402"}, {"license": "gnip", "citation_ids": [77145288], "author": {"tweeter_id": "974368318059671552"}, "tweet_id": "1236758495770247168"}, {"license": "gnip", "citation_ids": [77145288], "author": {"tweeter_id": "4823805779"}, "tweet_id": "1236924541655531521"}, {"license": "gnip", "citation_ids": [77145288], "author": {"tweeter_id": "774305570"}, "tweet_id": "1236926086786813953"}, {"license": "gnip", "citation_ids": [77145288], "author": {"tweeter_id": "218856041"}, "tweet_id": "1236928486473949184"}, {"license": "gnip", "citation_ids": [77145288], "author": {"tweeter_id": "1222790620638523392"}, "tweet_id": "1237356525477416960"}, {"license": "gnip", "citation_ids": [77145288], "author": {"tweeter_id": "4823805779"}, "tweet_id": "1237385636379635718"}, {"license": "gnip", "citation_ids": [77145288], "author": {"tweeter_id": "1125949400277082112"}, "tweet_id": "1238263070624890880"}, {"license": "gnip", "citation_ids": [77145288], "author": {"tweeter_id": "3907039117"}, "tweet_id": "1238626720585936896"}]}, "score": 16.45, "images": {"small": "https://badges.altmetric.com/?size=64&score=17&types=tttttttt", "medium": "https://badges.altmetric.com/?size=100&score=17&types=tttttttt", "large": "https://badges.altmetric.com/?size=180&score=17&types=tttttttt"}}