{"altmetric_id": 77013942, "counts": {"readers": {"mendeley": 0, "citeulike": 0, "connotea": 0}, "total": {"posts_count": 68}, "twitter": {"unique_users_count": 48, "posts_count": 67}, "video": {"unique_users_count": 1, "unique_users": ["Twin Ludens"], "posts_count": 1}}, "citation": {"authors": ["Monica Malta", "Anne W. Rimoin", "Steffanie A. Strathdee"], "doi": "10.1016/j.eclinm.2020.100289", "first_seen_on": "2020-03-04T08:41:38+00:00", "handles": [], "isbns": [], "issns": ["2589-5370"], "journal": "EClinicalMedicine", "last_mentioned_on": 1584405002, "links": ["https://www.sciencedirect.com/science/article/pii/S258953702030033X", "https://www.thelancet.com/journals/eclinm/article/PIIS2589-5370(20)30033-X/fulltext", "https://www.thelancet.com/journals/eclinm/article/PIIS2589-5370(20)30033-X/fulltext?utm_source=dlvr.it&utm_medium=twitter", "https://www.thelancet.com/pdfs/journals/eclinm/PIIS2589-5370(20)30033-X.pdf", "https://www.ncbi.nlm.nih.gov/pubmed/32154505?dopt=Abstract&utm_source=dlvr.it&utm_medium=twitter", "https://www.ncbi.nlm.nih.gov/pmc/articles/PMC7057189/"], "pmid": "32154505", "pubdate": "2020-03-01T00:00:00+00:00", "title": "The coronavirus 2019-nCoV epidemic: Is hindsight 20/20?", "type": "article", "volume": "20"}, "altmetric_score": {"score": 30.25, "score_history": {"1y": 30.25, "6m": 30.25, "3m": 30.25, "1m": 30.25, "1w": 4.35, "6d": 4.1, "5d": 0.25, "4d": 0.25, "3d": 0.25, "2d": 0.25, "1d": 0.25, "at": 30.25}, "context_for_score": null}, "demographics": {"poster_types": {"member_of_the_public": 29, "researcher": 11, "practitioner": 4, "science_communicator": 4}, "users": {"twitter": {"cohorts": {"Members of the public": 29, "Scientists": 11, "Science communicators (journalists, bloggers, editors)": 4, "Practitioners (doctors, other healthcare professionals)": 4}}}, "geo": {"twitter": {"US": 11, "CA": 3, "GB": 2, "TH": 1, "MY": 2, "ES": 1, "HK": 1, "BR": 1, "NL": 1, "DE": 2, "TL": 1, "CO": 1}}}, "posts": {"twitter": [{"license": "gnip", "citation_ids": [77013942], "author": {"tweeter_id": "28023025"}, "tweet_id": "1234984442898219008"}, {"license": "gnip", "citation_ids": [77013942], "author": {"tweeter_id": "1017801130221465600"}, "tweet_id": "1234997976986075136"}, {"license": "gnip", "citation_ids": [77013942], "author": {"tweeter_id": "1044372663584473088"}, "tweet_id": "1235003831777480708"}, {"license": "gnip", "citation_ids": [77013942], "author": {"tweeter_id": "1054600164172677120"}, "tweet_id": "1235008970147991553"}, {"license": "gnip", "citation_ids": [77013942], "author": {"tweeter_id": "1232518158172311552"}, "tweet_id": "1235010083404124161"}, {"license": "gnip", "citation_ids": [77013942], "author": {"tweeter_id": "1001020715888455681"}, "tweet_id": "1235014079606960128"}, {"license": "gnip", "citation_ids": [77013942], "author": {"tweeter_id": "1220889797868154882"}, "tweet_id": "1235014211278782465"}, {"license": "gnip", "citation_ids": [77013942], "author": {"tweeter_id": "204020802"}, "tweet_id": "1235014694060126210"}, {"license": "gnip", "citation_ids": [77013942], "author": {"tweeter_id": "830607041752342533"}, "tweet_id": "1235021894861983744"}, {"license": "gnip", "citation_ids": [77013942], "author": {"tweeter_id": "16572212"}, "tweet_id": "1235097851979415552"}, {"license": "gnip", "citation_ids": [77013942], "author": {"tweeter_id": "2533219777"}, "tweet_id": "1235103986429988864"}, {"license": "gnip", "citation_ids": [77013942], "author": {"tweeter_id": "848440530472058880"}, "tweet_id": "1235114752877068288"}, {"license": "gnip", "citation_ids": [77013942], "author": {"tweeter_id": "19235363"}, "tweet_id": "1235131982855786502"}, {"license": "gnip", "citation_ids": [77013942], "author": {"tweeter_id": "1044372663584473088"}, "tweet_id": "1235166691988033537"}, {"license": "gnip", "citation_ids": [77013942], "author": {"tweeter_id": "1044372663584473088"}, "tweet_id": "1235201236804263936"}, {"license": "gnip", "citation_ids": [77013942], "author": {"tweeter_id": "1044372663584473088"}, "tweet_id": "1235203485941067778"}, {"license": "gnip", "citation_ids": [77013942], "author": {"tweeter_id": "1054600164172677120"}, "tweet_id": "1235204552082829312"}, {"license": "gnip", "citation_ids": [77013942], "author": {"tweeter_id": "2513381569"}, "tweet_id": "1235210573563846658"}, {"license": "gnip", "citation_ids": [77013942], "author": {"tweeter_id": "930703893629165569"}, "tweet_id": "1235226736670822401"}, {"license": "gnip", "citation_ids": [77013942], "author": {"tweeter_id": "1217959590907863041"}, "tweet_id": "1235227762769743873"}, {"license": "gnip", "citation_ids": [77013942], "author": {"tweeter_id": "14150186"}, "tweet_id": "1235274726919921671"}, {"license": "gnip", "citation_ids": [77013942], "author": {"tweeter_id": "108440674"}, "tweet_id": "1235305338896879616"}, {"license": "gnip", "citation_ids": [77013942], "author": {"tweeter_id": "2375643853"}, "tweet_id": "1235553840579166208"}, {"license": "gnip", "citation_ids": [77013942], "author": {"tweeter_id": "281863764"}, "tweet_id": "1235554019407319042"}, {"license": "gnip", "citation_ids": [77013942], "author": {"tweeter_id": "162209354"}, "tweet_id": "1235554379245047808"}, {"license": "gnip", "citation_ids": [77013942], "author": {"tweeter_id": "4339426046"}, "tweet_id": "1235555924468588544"}, {"license": "gnip", "citation_ids": [77013942], "author": {"tweeter_id": "1016525083874119684"}, "tweet_id": "1235556647399014400"}, {"license": "gnip", "citation_ids": [77013942], "author": {"tweeter_id": "40706704"}, "tweet_id": "1235556802483359744"}, {"license": "gnip", "citation_ids": [77013942], "author": {"tweeter_id": "912916099683045376"}, "tweet_id": "1235557500746756097"}, {"license": "gnip", "citation_ids": [77013942], "author": {"tweeter_id": "1579976935"}, "tweet_id": "1235557871489650694"}, {"license": "gnip", "citation_ids": [77013942], "author": {"tweeter_id": "912916099683045376"}, "tweet_id": "1235559163867959296"}, {"license": "gnip", "citation_ids": [77013942], "author": {"tweeter_id": "964388680247926784"}, "tweet_id": "1235601236595855360"}, {"license": "gnip", "citation_ids": [77013942], "author": {"tweeter_id": "1177260435021684736"}, "tweet_id": "1235606532328280064"}, {"license": "gnip", "citation_ids": [77013942], "author": {"tweeter_id": "3826370843"}, "tweet_id": "1235613400123805699"}, {"license": "gnip", "citation_ids": [77013942], "author": {"tweeter_id": "580633644"}, "tweet_id": "1235640218960592896"}, {"license": "gnip", "citation_ids": [77013942], "author": {"tweeter_id": "1214232500664295424"}, "tweet_id": "1235746174558040068"}, {"license": "gnip", "citation_ids": [77013942], "author": {"tweeter_id": "1216916479"}, "tweet_id": "1235746436815507457"}, {"license": "gnip", "citation_ids": [77013942], "author": {"tweeter_id": "1128131036762845189"}, "tweet_id": "1235746469841440768"}, {"license": "gnip", "citation_ids": [77013942], "author": {"tweeter_id": "990791084"}, "tweet_id": "1235832894171443203"}, {"license": "gnip", "citation_ids": [77013942], "author": {"tweeter_id": "29026341"}, "tweet_id": "1235857329569972229"}, {"license": "gnip", "citation_ids": [77013942], "author": {"tweeter_id": "1044372663584473088"}, "tweet_id": "1235915736306065408"}, {"license": "gnip", "citation_ids": [77013942], "author": {"tweeter_id": "1143528514550927361"}, "tweet_id": "1235915759177666561"}, {"license": "gnip", "citation_ids": [77013942], "author": {"tweeter_id": "1202683638308950017"}, "tweet_id": "1235944718040612865"}, {"license": "gnip", "citation_ids": [77013942], "author": {"tweeter_id": "1001020715888455681"}, "tweet_id": "1235961268462399489"}, {"license": "gnip", "citation_ids": [77013942], "author": {"tweeter_id": "1145407045002309633"}, "tweet_id": "1235993494532968448"}, {"license": "gnip", "citation_ids": [77013942], "author": {"tweeter_id": "1001020715888455681"}, "tweet_id": "1236054531827433472"}, {"license": "gnip", "citation_ids": [77013942], "author": {"tweeter_id": "102377695"}, "tweet_id": "1236057829217366016"}, {"license": "gnip", "citation_ids": [77013942], "author": {"tweeter_id": "1143528514550927361"}, "tweet_id": "1236057851279421441"}, {"license": "gnip", "citation_ids": [77013942], "author": {"tweeter_id": "985465029511303168"}, "tweet_id": "1236221381534191616"}, {"license": "gnip", "citation_ids": [77013942], "author": {"tweeter_id": "1044372663584473088"}, "tweet_id": "1236311085818482688"}, {"license": "gnip", "citation_ids": [77013942], "author": {"tweeter_id": "2161833147"}, "tweet_id": "1236365875760041986"}, {"license": "gnip", "citation_ids": [77013942], "author": {"tweeter_id": "1044372663584473088"}, "tweet_id": "1236619644317941760"}, {"license": "gnip", "citation_ids": [77013942], "author": {"tweeter_id": "1044372663584473088"}, "tweet_id": "1237452455513858048"}, {"license": "gnip", "citation_ids": [77013942], "author": {"tweeter_id": "1191745846615957506"}, "tweet_id": "1237680807923212288"}, {"license": "gnip", "citation_ids": [77013942], "author": {"tweeter_id": "1044372663584473088"}, "tweet_id": "1237715256211898368"}, {"license": "gnip", "citation_ids": [77013942], "author": {"tweeter_id": "1001020715888455681"}, "tweet_id": "1237822548211048448"}, {"license": "gnip", "citation_ids": [77013942], "author": {"tweeter_id": "1044372663584473088"}, "tweet_id": "1238020106598461440"}, {"license": "gnip", "citation_ids": [77013942], "author": {"tweeter_id": "1006229144299081728"}, "tweet_id": "1238020382478733312"}, {"license": "gnip", "citation_ids": [77013942], "author": {"tweeter_id": "1044372663584473088"}, "tweet_id": "1238020607192809472"}, {"license": "gnip", "citation_ids": [77013942], "author": {"tweeter_id": "3237259220"}, "tweet_id": "1238025080724049920"}, {"license": "gnip", "citation_ids": [77013942], "author": {"tweeter_id": "90800898"}, "tweet_id": "1238026499782922240"}, {"license": "gnip", "citation_ids": [77013942], "author": {"tweeter_id": "1001020715888455681"}, "tweet_id": "1238027216468029440"}, {"license": "gnip", "citation_ids": [77013942], "author": {"tweeter_id": "3192319248"}, "tweet_id": "1238084278443008001"}, {"license": "gnip", "citation_ids": [77013942], "author": {"tweeter_id": "974004150"}, "tweet_id": "1238105629249753089"}, {"license": "gnip", "citation_ids": [77013942], "author": {"tweeter_id": "1044372663584473088"}, "tweet_id": "1238112711495598080"}, {"license": "gnip", "citation_ids": [77013942], "author": {"tweeter_id": "1001020715888455681"}, "tweet_id": "1238117069327085570"}, {"license": "gnip", "citation_ids": [77013942], "author": {"tweeter_id": "744696897902776320"}, "tweet_id": "1238120979265544192"}], "video": [{"title": "COMO PROTEGERSE DEL CORONAVIRUS", "url": "https://www.youtube.com/watch?v=lbEJmgA5Aj4", "image": "https://i.ytimg.com/vi/lbEJmgA5Aj4/hqdefault.jpg", "license": "public", "citation_ids": [77092587, 77271199, 77098617, 74933899, 145127, 77032762, 74665192, 77013942], "posted_on": "2020-03-17T00:30:02+00:00", "summary": "Un grano de arena para combatir toda esta locura...\n\n\nPagina web de la Organizaci\u00f3n mundial de la salud\nhttps://www.who.int/es  \n\nPagina web del centro del contro y la prevencion de enfermedades\nhttps://www.cdc.gov/spanish/ \n\nVitamin D and immunity\nhttps:/", "embed": {"type": "youtube", "youtube_id": "lbEJmgA5Aj4"}, "author": {"name": "Twin Ludens", "id_on_source": "UCpMDfaqmZRfctc2Em8kDI6w"}}]}, "score": 30.25, "images": {"small": "https://badges.altmetric.com/?size=64&score=31&types=vttttttt", "medium": "https://badges.altmetric.com/?size=100&score=31&types=vttttttt", "large": "https://badges.altmetric.com/?size=180&score=31&types=vttttttt"}}