{"altmetric_id": 77034368, "counts": {"readers": {"mendeley": 0, "citeulike": 0, "connotea": 0}, "total": {"posts_count": 3}, "twitter": {"unique_users_count": 3, "posts_count": 4}}, "citation": {"altmetric_jid": "55f17ebf2a83ee43768b4593", "authors": ["Siyi Zhan", "Ying Ying Yang", "Chuanxi Fu"], "doi": "10.1080/22221751.2020.1732232", "first_seen_on": "2020-03-04T17:57:01+00:00", "issns": ["2222-1751"], "journal": "Emerging Microbes & Infections", "last_mentioned_on": 1583505856, "links": ["https://www.ncbi.nlm.nih.gov/pubmed/32122250?dopt=Abstract&utm_source=dlvr.it&utm_medium=twitter", "https://www.tandfonline.com/doi/full/10.1080/22221751.2020.1732232"], "pmid": "32122250", "pubdate": "2020-01-01T00:00:00+00:00", "epubdate": "2020-03-03T00:00:00+00:00", "title": "Public\u2019s early response to the novel coronavirus\u2013infected pneumonia", "type": "article"}, "altmetric_score": {"score": 1.5, "score_history": {"1y": 1.5, "6m": 1.5, "3m": 1.5, "1m": 1.5, "1w": 0, "6d": 0, "5d": 0, "4d": 0, "3d": 0, "2d": 0, "1d": 0, "at": 1.5}, "context_for_score": {"all": {"total_number_of_other_articles": 14498896, "mean": 8.453035317094, "rank": 8358526, "this_scored_higher_than_pct": 40, "this_scored_higher_than": 5839974, "rank_type": "exact", "sample_size": 14498896, "percentile": 40}, "similar_age_3m": {"total_number_of_other_articles": 146589, "mean": 13.598403293585, "rank": 72440, "this_scored_higher_than_pct": 48, "this_scored_higher_than": 70406, "rank_type": "exact", "sample_size": 146589, "percentile": 48}, "this_journal": {"total_number_of_other_articles": 595, "mean": 10.347144781145, "rank": 323, "this_scored_higher_than_pct": 42, "this_scored_higher_than": 253, "rank_type": "exact", "sample_size": 595, "percentile": 42}, "similar_age_this_journal_3m": {"total_number_of_other_articles": 1, "mean": 0, "rank": 1, "this_scored_higher_than_pct": 1, "this_scored_higher_than": 0, "rank_type": "exact", "sample_size": 1, "percentile": 1}}}, "demographics": {"poster_types": {"member_of_the_public": 3}, "users": {"twitter": {"cohorts": {"Members of the public": 4}}}, "geo": {"twitter": {"GB": 1}}}, "posts": {"twitter": [{"license": "gnip", "citation_ids": [77034368], "author": {"tweeter_id": "1191745846615957506"}, "tweet_id": "1235159561079644164"}, {"license": "gnip", "citation_ids": [77034368], "author": {"tweeter_id": "1214232500664295424"}, "tweet_id": "1235471121295609858"}, {"license": "gnip", "citation_ids": [77034368], "author": {"tweeter_id": "718999505668943875"}, "tweet_id": "1235939258101194752"}, {"license": "gnip", "citation_ids": [77034368], "author": {"tweeter_id": "1239315181882224640"}, "tweet_id": "1240262560928034817"}]}, "score": 1.5, "images": {"small": "https://badges.altmetric.com/?size=64&score=2&types=tttttttt", "medium": "https://badges.altmetric.com/?size=100&score=2&types=tttttttt", "large": "https://badges.altmetric.com/?size=180&score=2&types=tttttttt"}}