{"altmetric_id": 76461864, "counts": {"readers": {"mendeley": 0, "citeulike": 0, "connotea": 0}, "total": {"posts_count": 164}, "twitter": {"unique_users_count": 143, "posts_count": 156}, "reddit": {"unique_users_count": 4, "unique_users": ["officialcitral", "I_did_dit", "-en-", "SecretAgentIceBat"], "posts_count": 4}, "facebook": {"unique_users_count": 3, "unique_users": ["139267936143724", "154892154562004", "6115848166"], "posts_count": 3}, "news": {"unique_users_count": 1, "unique_users": ["the_scientist_magazine"], "posts_count": 1}}, "citation": {"altmetric_jid": "4f6fa50a3cf058f610003160", "authors": ["Emma Stoye"], "doi": "10.1038/d41586-020-00478-7", "endpage": "499", "first_seen_on": "2020-02-21T16:44:38+00:00", "issns": ["0028-0836", "1476-4687"], "journal": "Nature", "last_mentioned_on": 1584057292, "links": ["https://www.nature.com/articles/d41586-020-00478-7?utm_source=twt_nnc&utm_medium=social&utm_campaign=naturenews&error=cookies_not_supported&code=08c205d9-3eaf-4eca-9ed4-f68e001c0f20", "https://www.nature.com/articles/d41586-020-00478-7?error=cookies_not_supported&amp;code=ebfc83d6-29d4-4ac2-b15c-ad7ae11cc626", "https://www.nature.com/articles/d41586-020-00478-7?error=cookies_not_supported&code=046b880f-537f-4a4e-b839-5836687b97fd", "https://www.nature.com/articles/d41586-020-00478-7?utm_source=dlvr.it&utm_medium=twitter&error=cookies_not_supported&code=314286a4-19b0-410c-98fc-89edde926c5f", "https://www.nature.com/articles/d41586-020-00478-7?utm_source=twitter&utm_medium=social&utm_content=organic&utm_campaign=NGMT_USG_JC01_GL_Nature&error=cookies_not_supported&code=704ab383-1cad-4708-9f44-0abeeecafeb4", "https://www.nature.com/articles/d41586-020-00478-7?es_sh=7c7f95babde932dc485bfdb767800f9b&es_ad=246639&error=cookies_not_supported&code=715f575f-5c78-4cec-948e-efc56c7774ff", "https://www.nature.com/articles/d41586-020-00478-7?error=cookies_not_supported&code=abdc7ce4-2b9e-4549-a38d-769eccbf102f", "https://www.nature.com/articles/d41586-020-00478-7?error=cookies_not_supported&code=68d0350e-10ea-4252-9635-ed34002703f9", "https://www.nature.com/articles/d41586-020-00478-7?utm_source=fbk_nnc&utm_medium=social&utm_campaign=naturenews&sf230470683=1&error=cookies_not_supported&code=a15d814d-37b6-44fc-8f9f-2e7363348665", "https://www.nature.com/articles/d41586-020-00478-7?utm_source=twt_nnc&utm_medium=social&utm_campaign=naturenews&sf230471072=1&error=cookies_not_supported&code=831a3b2a-a7e3-4c9d-886c-a0b79c65edda", "https://www.nature.com/articles/d41586-020-00478-7?utm_source=fbk_nnc&utm_medium=social&utm_campaign=naturenews&sf230470683=1", "https://www.nature.com/articles/d41586-020-00478-7?utm_source=twitter&utm_medium=social&utm_content=organic&utm_campaign=NGMT_USG_JC01_GL_Nature&error=cookies_not_supported&code=6f956c5f-a01f-4960-8777-6b3278ad2fb7", "https://www.nature.com/articles/d41586-020-00478-7?utm_source=twt_nnc&utm_medium=social&utm_campaign=naturenews&sf230471503=1&error=cookies_not_supported&code=4e3c9af3-1a2a-4d98-8bbf-ef6ab81d7ffa", "https://www.nature.com/articles/d41586-020-00478-7?utm_source=twt_nnc&utm_medium=social&utm_campaign=naturenews&sf230471543=1&error=cookies_not_supported&code=13b08cb3-87a9-46c2-8024-193721271dbf", "https://www.nature.com/articles/d41586-020-00478-7?utm_source=Nature+Briefing&amp;utm_campaign=10aecfebf9-briefing-dy-20200224&amp;utm_medium=email&amp;utm_term=0_c9dfd39373-10aecfebf9-44784821", "https://www.nature.com/articles/d41586-020-00478-7", "https://www.ncbi.nlm.nih.gov/pubmed/32099125?dopt=Abstract&utm_source=dlvr.it&utm_medium=twitter", "https://www.nature.com/articles/d41586-020-00478-7?utm_source=facebook&utm_medium=social&utm_content=organic&utm_campaign=NGMT_USG_JC01_GL_Nature", "https://www.nature.com/articles/d41586-020-00478-7?utm_source=twt_nnc&utm_medium=social&utm_campaign=naturenews&sf230471543=1&error=cookies_not_supported&code=71e26941-4acc-4a40-bc8a-ee0e67d7d640", "https://www.ncbi.nlm.nih.gov/pubmed/32099125", "https://www.nature.com/articles/d41586-020-00478-7?error=cookies_not_supported&code=c40c2c87-0aaf-4878-923e-85c9a2876f2e"], "pmid": "32099125", "epubdate": "2020-02-21T00:00:00+00:00", "scopus_subjects": ["General"], "startpage": "499", "title": "\u2018No one is allowed to go out\u2019: your stories from the coronavirus outbreak", "type": "news"}, "altmetric_score": {"score": 95.1, "score_history": {"1y": 95.1, "6m": 95.1, "3m": 95.1, "1m": 95.1, "1w": 1, "6d": 1, "5d": 0, "4d": 0, "3d": 0, "2d": 0, "1d": 0, "at": 95.1}, "context_for_score": {"all": {"total_number_of_other_articles": 14515779, "mean": 8.4675688885467, "rank": 193601, "this_scored_higher_than_pct": 98, "this_scored_higher_than": 14322127, "rank_type": "exact", "sample_size": 14515779, "percentile": 98}, "similar_age_3m": {"total_number_of_other_articles": 167067, "mean": 14.454648665797, "rank": 4381, "this_scored_higher_than_pct": 97, "this_scored_higher_than": 162685, "rank_type": "exact", "sample_size": 167067, "percentile": 97}, "this_journal": {"total_number_of_other_articles": 72477, "mean": 80.595942242949, "rank": 13800, "this_scored_higher_than_pct": 80, "this_scored_higher_than": 58674, "rank_type": "exact", "sample_size": 72477, "percentile": 80}, "similar_age_this_journal_3m": {"total_number_of_other_articles": 456, "mean": 267.54614945055, "rank": 254, "this_scored_higher_than_pct": 44, "this_scored_higher_than": 202, "rank_type": "exact", "sample_size": 456, "percentile": 44}}}, "demographics": {"poster_types": {"member_of_the_public": 103, "researcher": 22, "practitioner": 10, "science_communicator": 8}, "users": {"twitter": {"cohorts": {"Science communicators (journalists, bloggers, editors)": 8, "Scientists": 22, "Members of the public": 103, "Practitioners (doctors, other healthcare professionals)": 10}}}, "geo": {"twitter": {"US": 23, "IN": 4, "CN": 1, "GB": 7, "CA": 3, "FR": 2, "SA": 1, "VN": 1, "TH": 1, "ES": 6, "ID": 2, "MX": 3, "KR": 1, "NL": 1, "AU": 3, "HK": 1, "BR": 2, "IT": 1, "EG": 1, "IE": 1, "LY": 1, "CL": 1, "CH": 2, "EC": 2, "JP": 3, "LC": 1, "MN": 1}}}, "posts": {"twitter": [{"license": "gnip", "citation_ids": [76461864], "author": {"tweeter_id": "15862891"}, "tweet_id": "1230894996750053377"}, {"license": "gnip", "citation_ids": [76461864], "author": {"tweeter_id": "374164136"}, "tweet_id": "1230895174676598786"}, {"license": "gnip", "citation_ids": [76461864], "author": {"tweeter_id": "1229462535633420289"}, "tweet_id": "1230895559902257154"}, {"license": "gnip", "citation_ids": [76461864], "author": {"tweeter_id": "51420550"}, "tweet_id": "1230896359240134656"}, {"license": "gnip", "citation_ids": [76461864], "author": {"tweeter_id": "2339504132"}, "tweet_id": "1230898695194824704"}, {"license": "gnip", "citation_ids": [76461864], "author": {"tweeter_id": "1151085376963874817"}, "tweet_id": "1230899527466438656"}, {"license": "gnip", "citation_ids": [76461864], "author": {"tweeter_id": "822845135293714433"}, "tweet_id": "1230900854712086533"}, {"license": "gnip", "citation_ids": [76461864], "author": {"tweeter_id": "241110794"}, "tweet_id": "1230901391931015169"}, {"license": "gnip", "citation_ids": [76461864], "author": {"tweeter_id": "1093752751320899585"}, "tweet_id": "1230901509044326400"}, {"license": "gnip", "citation_ids": [76461864, 76461864], "author": {"tweeter_id": "2892546849"}, "tweet_id": "1230905334526611456"}, {"license": "gnip", "citation_ids": [76461864], "author": {"tweeter_id": "487833518"}, "tweet_id": "1230906785411760132"}, {"license": "gnip", "citation_ids": [76461864], "author": {"tweeter_id": "3131125000"}, "tweet_id": "1230906901581434885"}, {"license": "gnip", "citation_ids": [76461864], "author": {"tweeter_id": "76811256"}, "tweet_id": "1230906962709295105"}, {"license": "gnip", "citation_ids": [76461864], "author": {"tweeter_id": "2572906098"}, "tweet_id": "1230907272588558336"}, {"license": "gnip", "citation_ids": [76461864], "author": {"tweeter_id": "24553721"}, "tweet_id": "1230907309674631169"}, {"license": "gnip", "citation_ids": [76461864], "author": {"tweeter_id": "136100774"}, "tweet_id": "1230907506362396674"}, {"license": "gnip", "citation_ids": [76461864], "author": {"tweeter_id": "4934961"}, "tweet_id": "1230907506584694786"}, {"license": "gnip", "citation_ids": [76461864], "author": {"tweeter_id": "1221366000752324609"}, "tweet_id": "1230907545767669760"}, {"license": "gnip", "citation_ids": [76461864], "author": {"tweeter_id": "1220711048149291008"}, "tweet_id": "1230907635563581440"}, {"license": "gnip", "citation_ids": [76461864], "author": {"tweeter_id": "2750308944"}, "tweet_id": "1230907669009092608"}, {"license": "gnip", "citation_ids": [76461864], "author": {"tweeter_id": "378444069"}, "tweet_id": "1230907674176479232"}, {"license": "gnip", "citation_ids": [76461864], "author": {"tweeter_id": "378444069"}, "tweet_id": "1230907942502850560"}, {"license": "gnip", "citation_ids": [76461864], "author": {"tweeter_id": "18751922"}, "tweet_id": "1230908362784673792"}, {"license": "gnip", "citation_ids": [76461864], "author": {"tweeter_id": "3681278592"}, "tweet_id": "1230909300710625280"}, {"license": "gnip", "citation_ids": [76461864], "author": {"tweeter_id": "377259114"}, "tweet_id": "1230911062343585793"}, {"license": "gnip", "citation_ids": [76461864], "author": {"tweeter_id": "820244588"}, "tweet_id": "1230911532797587457"}, {"license": "gnip", "citation_ids": [76461864], "author": {"tweeter_id": "27468198"}, "tweet_id": "1230912198517628928"}, {"license": "gnip", "citation_ids": [76461864], "author": {"tweeter_id": "18655567"}, "tweet_id": "1230912377354252288"}, {"license": "gnip", "citation_ids": [76461864], "author": {"tweeter_id": "4937061"}, "tweet_id": "1230913993604128768"}, {"license": "gnip", "citation_ids": [76461864], "author": {"tweeter_id": "4937061"}, "tweet_id": "1230914013770289153"}, {"license": "gnip", "citation_ids": [76461864], "author": {"tweeter_id": "19145067"}, "tweet_id": "1230914443384696834"}, {"license": "gnip", "citation_ids": [76461864], "author": {"tweeter_id": "1141657995551617024"}, "tweet_id": "1230914836328046594"}, {"license": "gnip", "citation_ids": [76461864], "author": {"tweeter_id": "3248863286"}, "tweet_id": "1230914877214150662"}, {"license": "gnip", "citation_ids": [76461864], "author": {"tweeter_id": "1284778632"}, "tweet_id": "1230916776357175300"}, {"license": "gnip", "citation_ids": [76461864], "author": {"tweeter_id": "2872386426"}, "tweet_id": "1230917041994883073"}, {"license": "gnip", "citation_ids": [76461864], "author": {"tweeter_id": "2869002666"}, "tweet_id": "1230917706720825346"}, {"license": "gnip", "citation_ids": [76461864], "author": {"tweeter_id": "1095730566329188352"}, "tweet_id": "1230919122248138754"}, {"license": "gnip", "citation_ids": [76461864], "author": {"tweeter_id": "712037238507446273"}, "tweet_id": "1230921225217572865"}, {"license": "gnip", "citation_ids": [76461864], "author": {"tweeter_id": "1271977176"}, "tweet_id": "1230926340540362753"}, {"license": "gnip", "citation_ids": [76461864], "author": {"tweeter_id": "633246125"}, "tweet_id": "1230926386002423808"}, {"license": "gnip", "citation_ids": [76461864], "author": {"tweeter_id": "1396728175"}, "tweet_id": "1230927306476011520"}, {"license": "gnip", "citation_ids": [76461864], "author": {"tweeter_id": "204686928"}, "tweet_id": "1230930984087932928"}, {"license": "gnip", "citation_ids": [76461864], "author": {"tweeter_id": "204686928"}, "tweet_id": "1230931196256718848"}, {"license": "gnip", "citation_ids": [76461864], "author": {"tweeter_id": "1216371099434475521"}, "tweet_id": "1230932788746096641"}, {"license": "gnip", "citation_ids": [76461864], "author": {"tweeter_id": "48788453"}, "tweet_id": "1230935492285227009"}, {"license": "gnip", "citation_ids": [76461864], "author": {"tweeter_id": "1181928987880239104"}, "tweet_id": "1230947904594026503"}, {"license": "gnip", "citation_ids": [76461864], "author": {"tweeter_id": "753144236355166209"}, "tweet_id": "1230960696503894017"}, {"license": "gnip", "citation_ids": [76461864], "author": {"tweeter_id": "1869157838"}, "tweet_id": "1230973827040940032"}, {"license": "gnip", "citation_ids": [76461864], "author": {"tweeter_id": "998460265409605632"}, "tweet_id": "1230975410944372736"}, {"license": "gnip", "citation_ids": [76461864], "author": {"tweeter_id": "14145626"}, "tweet_id": "1230979009464414211"}, {"license": "gnip", "citation_ids": [76461864], "author": {"tweeter_id": "4886365378"}, "tweet_id": "1230990106179358721"}, {"license": "gnip", "citation_ids": [76461864], "author": {"tweeter_id": "342972141"}, "tweet_id": "1230998165974683649"}, {"license": "gnip", "citation_ids": [76461864], "author": {"tweeter_id": "1167942890128957442"}, "tweet_id": "1231000581528903680"}, {"license": "gnip", "citation_ids": [76461864], "author": {"tweeter_id": "580633644"}, "tweet_id": "1231008451897131008"}, {"license": "gnip", "citation_ids": [76461864], "author": {"tweeter_id": "730513831886229508"}, "tweet_id": "1231015655207514113"}, {"license": "gnip", "citation_ids": [76461864], "author": {"tweeter_id": "136291774"}, "tweet_id": "1231025439176458241"}, {"license": "gnip", "citation_ids": [76461864], "author": {"tweeter_id": "67809631"}, "tweet_id": "1231029591604711425"}, {"license": "gnip", "citation_ids": [76461864], "author": {"tweeter_id": "1164527955399401472"}, "tweet_id": "1231036727319519232"}, {"license": "gnip", "citation_ids": [76461864], "author": {"tweeter_id": "2212393613"}, "tweet_id": "1231046077341741056"}, {"license": "gnip", "citation_ids": [76461864], "author": {"tweeter_id": "244339432"}, "tweet_id": "1231048564505071616"}, {"license": "gnip", "citation_ids": [76461864], "author": {"tweeter_id": "748969942335324160"}, "tweet_id": "1231074913789923328"}, {"license": "gnip", "citation_ids": [76461864], "author": {"tweeter_id": "2468022630"}, "tweet_id": "1231076245053624320"}, {"license": "gnip", "citation_ids": [76461864], "author": {"tweeter_id": "2195997924"}, "tweet_id": "1231096160107945984"}, {"license": "gnip", "citation_ids": [76461864], "author": {"tweeter_id": "3327374285"}, "tweet_id": "1231097841906569218"}, {"license": "gnip", "citation_ids": [76461864], "author": {"tweeter_id": "4889515803"}, "tweet_id": "1231137085161189376"}, {"license": "gnip", "citation_ids": [76461864], "author": {"tweeter_id": "703090157063254022"}, "tweet_id": "1231138040048955392"}, {"license": "gnip", "citation_ids": [76461864], "author": {"tweeter_id": "329085723"}, "tweet_id": "1231141135344701442"}, {"license": "gnip", "citation_ids": [76461864], "author": {"tweeter_id": "773340859303682049"}, "tweet_id": "1231164662563188736"}, {"license": "gnip", "citation_ids": [76461864], "author": {"tweeter_id": "15862891"}, "tweet_id": "1231171805764898816"}, {"license": "gnip", "citation_ids": [76461864], "author": {"tweeter_id": "899597507612745728"}, "tweet_id": "1231173136491540480"}, {"license": "gnip", "citation_ids": [76461864], "author": {"tweeter_id": "317615319"}, "tweet_id": "1231173514050207745"}, {"license": "gnip", "citation_ids": [76461864], "author": {"tweeter_id": "2432298782"}, "tweet_id": "1231174554820730880"}, {"license": "gnip", "citation_ids": [76461864], "author": {"tweeter_id": "976308621062504449"}, "tweet_id": "1231177672220233728"}, {"license": "gnip", "citation_ids": [76461864], "author": {"tweeter_id": "158799075"}, "tweet_id": "1231181402294620160"}, {"license": "gnip", "citation_ids": [76461864], "author": {"tweeter_id": "1019802129484009472"}, "tweet_id": "1231183560872095744"}, {"license": "gnip", "citation_ids": [76461864], "author": {"tweeter_id": "1693911756"}, "tweet_id": "1231192103700529154"}, {"license": "gnip", "citation_ids": [76461864], "author": {"tweeter_id": "385840654"}, "tweet_id": "1231193579353255936"}, {"license": "gnip", "citation_ids": [76461864], "author": {"tweeter_id": "1016153663792807937"}, "tweet_id": "1231207023758327810"}, {"license": "gnip", "citation_ids": [76461864], "author": {"tweeter_id": "2422576105"}, "tweet_id": "1231207044092432386"}, {"license": "gnip", "citation_ids": [76461864], "author": {"tweeter_id": "1171320096620335104"}, "tweet_id": "1231208037769039873"}, {"license": "gnip", "citation_ids": [76461864], "author": {"tweeter_id": "443559349"}, "tweet_id": "1231221582279741442"}, {"license": "gnip", "citation_ids": [76461864], "author": {"tweeter_id": "1017818422728691713"}, "tweet_id": "1231237400384262145"}, {"license": "gnip", "citation_ids": [76461864], "author": {"tweeter_id": "443926473"}, "tweet_id": "1231256231160897536"}, {"license": "gnip", "citation_ids": [76461864], "author": {"tweeter_id": "3514325536"}, "tweet_id": "1231261089729568770"}, {"license": "gnip", "citation_ids": [76461864], "author": {"tweeter_id": "275654150"}, "tweet_id": "1231282441131896832"}, {"license": "gnip", "citation_ids": [76461864], "author": {"tweeter_id": "123988968"}, "tweet_id": "1231282732136837121"}, {"license": "gnip", "citation_ids": [76461864], "author": {"tweeter_id": "1191488114881118208"}, "tweet_id": "1231369735771652097"}, {"license": "gnip", "citation_ids": [76461864], "author": {"tweeter_id": "723073652976062464"}, "tweet_id": "1231417349925953536"}, {"license": "gnip", "citation_ids": [76461864], "author": {"tweeter_id": "3327374285"}, "tweet_id": "1231427767247540224"}, {"license": "gnip", "citation_ids": [76461864], "author": {"tweeter_id": "315049537"}, "tweet_id": "1231513552072138752"}, {"license": "gnip", "citation_ids": [76461864], "author": {"tweeter_id": "1210449812476305409"}, "tweet_id": "1231516875294728193"}, {"license": "gnip", "citation_ids": [76461864], "author": {"tweeter_id": "2446925047"}, "tweet_id": "1231518068377104385"}, {"license": "gnip", "citation_ids": [76461864], "author": {"tweeter_id": "1090070120"}, "tweet_id": "1231570530211254273"}, {"license": "gnip", "citation_ids": [76461864], "author": {"tweeter_id": "15862891"}, "tweet_id": "1231579487286026240"}, {"license": "gnip", "citation_ids": [76461864], "author": {"tweeter_id": "1093527024726089728"}, "tweet_id": "1231579753058050049"}, {"license": "gnip", "citation_ids": [76461864], "author": {"tweeter_id": "598637379"}, "tweet_id": "1231579830304608256"}, {"license": "gnip", "citation_ids": [76461864], "author": {"tweeter_id": "797545871667761152"}, "tweet_id": "1231579894049656832"}, {"license": "gnip", "citation_ids": [76461864], "author": {"tweeter_id": "838334553441751041"}, "tweet_id": "1231580961327894528"}, {"license": "gnip", "citation_ids": [76461864], "author": {"tweeter_id": "24911091"}, "tweet_id": "1231582665431801856"}, {"license": "gnip", "citation_ids": [76461864], "author": {"tweeter_id": "1227973919052881925"}, "tweet_id": "1231586198893756420"}, {"license": "gnip", "citation_ids": [76461864], "author": {"tweeter_id": "204686928"}, "tweet_id": "1231586483959582721"}, {"license": "gnip", "citation_ids": [76461864], "author": {"tweeter_id": "4914554621"}, "tweet_id": "1231589019160580098"}, {"license": "gnip", "citation_ids": [76461864], "author": {"tweeter_id": "1482318032"}, "tweet_id": "1231592965442809856"}, {"license": "gnip", "citation_ids": [76461864], "author": {"tweeter_id": "1138281104320933888"}, "tweet_id": "1231596432886501377"}, {"license": "gnip", "citation_ids": [76461864], "author": {"tweeter_id": "2301856730"}, "tweet_id": "1231609033670324225"}, {"license": "gnip", "citation_ids": [76461864], "author": {"tweeter_id": "101403386"}, "tweet_id": "1231631613429108737"}, {"license": "gnip", "citation_ids": [76461864], "author": {"tweeter_id": "101403386"}, "tweet_id": "1231631778319757312"}, {"license": "gnip", "citation_ids": [76461864], "author": {"tweeter_id": "1053747985786527744"}, "tweet_id": "1231641161070252037"}, {"license": "gnip", "citation_ids": [76461864], "author": {"tweeter_id": "856646196378710017"}, "tweet_id": "1231651197712523269"}, {"license": "gnip", "citation_ids": [76461864], "author": {"tweeter_id": "1006920535"}, "tweet_id": "1231675110089777158"}, {"license": "gnip", "citation_ids": [76461864], "author": {"tweeter_id": "14465282"}, "tweet_id": "1231680250800566273"}, {"license": "gnip", "citation_ids": [76461864], "author": {"tweeter_id": "2967463302"}, "tweet_id": "1231681049081417729"}, {"license": "gnip", "citation_ids": [76461864], "author": {"tweeter_id": "202097986"}, "tweet_id": "1231777403023712256"}, {"license": "gnip", "citation_ids": [76461864], "author": {"tweeter_id": "960228253"}, "tweet_id": "1231780050728636418"}, {"license": "gnip", "citation_ids": [76461864], "author": {"tweeter_id": "2589083582"}, "tweet_id": "1231851672596602887"}, {"license": "gnip", "citation_ids": [76461864], "author": {"tweeter_id": "162088304"}, "tweet_id": "1231871294108569600"}, {"license": "gnip", "citation_ids": [76461864], "author": {"tweeter_id": "15862891"}, "tweet_id": "1231939346191781889"}, {"license": "gnip", "citation_ids": [76461864], "author": {"tweeter_id": "2432298782"}, "tweet_id": "1231939381411434498"}, {"license": "gnip", "citation_ids": [76461864], "author": {"tweeter_id": "4123212741"}, "tweet_id": "1231939986636910592"}, {"license": "gnip", "citation_ids": [76461864], "author": {"tweeter_id": "204686928"}, "tweet_id": "1231941097347174406"}, {"license": "gnip", "citation_ids": [76461864], "author": {"tweeter_id": "1284778632"}, "tweet_id": "1231943201063346179"}, {"license": "gnip", "citation_ids": [76461864], "author": {"tweeter_id": "1065248071305457664"}, "tweet_id": "1231943641905561600"}, {"license": "gnip", "citation_ids": [76461864], "author": {"tweeter_id": "738224062430744576"}, "tweet_id": "1231944492413902849"}, {"license": "gnip", "citation_ids": [76461864], "author": {"tweeter_id": "723319704710844417"}, "tweet_id": "1231946948552351745"}, {"license": "gnip", "citation_ids": [76461864], "author": {"tweeter_id": "184892384"}, "tweet_id": "1231949045054214144"}, {"license": "gnip", "citation_ids": [76461864], "author": {"tweeter_id": "28991794"}, "tweet_id": "1231966622165950465"}, {"license": "gnip", "citation_ids": [76461864], "author": {"tweeter_id": "637087464"}, "tweet_id": "1231970010731630592"}, {"license": "gnip", "citation_ids": [76461864], "author": {"tweeter_id": "19240173"}, "tweet_id": "1231977297852366851"}, {"license": "gnip", "citation_ids": [76461864], "author": {"tweeter_id": "82116479"}, "tweet_id": "1231991536214212608"}, {"license": "gnip", "citation_ids": [76461864], "author": {"tweeter_id": "40808900"}, "tweet_id": "1232003178394243074"}, {"license": "gnip", "citation_ids": [76461864], "author": {"tweeter_id": "14060641"}, "tweet_id": "1232017557416284161"}, {"license": "gnip", "citation_ids": [76461864], "author": {"tweeter_id": "2930996543"}, "tweet_id": "1232110893477044224"}, {"license": "gnip", "citation_ids": [76461864], "author": {"tweeter_id": "702107343983513600"}, "tweet_id": "1232114281463701504"}, {"license": "gnip", "citation_ids": [76461864], "author": {"tweeter_id": "299094578"}, "tweet_id": "1232139261509603328"}, {"license": "gnip", "citation_ids": [76461864], "author": {"tweeter_id": "978954524575506432"}, "tweet_id": "1232184364139786240"}, {"license": "gnip", "citation_ids": [76461864], "author": {"tweeter_id": "35011779"}, "tweet_id": "1232241046203052033"}, {"license": "gnip", "citation_ids": [76461864], "author": {"tweeter_id": "1223570310307483648"}, "tweet_id": "1232256027493621760"}, {"license": "gnip", "citation_ids": [76461864], "author": {"tweeter_id": "1223570310307483648"}, "tweet_id": "1232256822830075904"}, {"license": "gnip", "citation_ids": [76461864], "author": {"tweeter_id": "1202073613878214657"}, "tweet_id": "1232373723375624192"}, {"license": "gnip", "citation_ids": [76461864], "author": {"tweeter_id": "410276607"}, "tweet_id": "1232418385935425536"}, {"license": "gnip", "citation_ids": [76461864], "author": {"tweeter_id": "876479618131382272"}, "tweet_id": "1232421146768936961"}, {"license": "gnip", "citation_ids": [76461864], "author": {"tweeter_id": "1497737833"}, "tweet_id": "1232431095045599234"}, {"license": "gnip", "citation_ids": [76461864], "author": {"tweeter_id": "1023645319995838469"}, "tweet_id": "1232431277858529284"}, {"license": "gnip", "citation_ids": [76461864], "author": {"tweeter_id": "392357015"}, "tweet_id": "1232970390785462272"}, {"license": "gnip", "citation_ids": [76461864], "author": {"tweeter_id": "1191745846615957506"}, "tweet_id": "1232985620231774208"}, {"license": "gnip", "citation_ids": [76461864], "author": {"tweeter_id": "736885754555707393"}, "tweet_id": "1233088843512995841"}, {"license": "gnip", "citation_ids": [76461864], "author": {"tweeter_id": "984517692"}, "tweet_id": "1233092783658995718"}, {"license": "gnip", "citation_ids": [76461864], "author": {"tweeter_id": "2555402460"}, "tweet_id": "1233186892419608577"}, {"license": "gnip", "citation_ids": [76461864], "author": {"tweeter_id": "448255159"}, "tweet_id": "1233188196265144320"}, {"license": "gnip", "citation_ids": [76461864], "author": {"tweeter_id": "4770825510"}, "tweet_id": "1233189638317064192"}, {"license": "gnip", "citation_ids": [76461864], "author": {"tweeter_id": "1189129040243900418"}, "tweet_id": "1233390910043545600"}, {"license": "gnip", "citation_ids": [76461864], "author": {"tweeter_id": "1099494762296397824"}, "tweet_id": "1233408640339582976"}, {"license": "gnip", "citation_ids": [76461864], "author": {"tweeter_id": "838372548156993541"}, "tweet_id": "1233544090953883650"}, {"license": "gnip", "citation_ids": [76461864], "author": {"tweeter_id": "3357155174"}, "tweet_id": "1233552567717761027"}, {"license": "gnip", "citation_ids": [76461864], "author": {"tweeter_id": "6169872"}, "tweet_id": "1233937652191129601"}, {"license": "gnip", "citation_ids": [76461864], "author": {"tweeter_id": "886531237145268227"}, "tweet_id": "1238252149760540673"}], "reddit": [{"title": "\u2018No one is allowed to go out\u2019: your stories from the coronavirus outbreak", "url": "http://www.reddit.com/r/citral/comments/f7dwtj/no_one_is_allowed_to_go_out_your_stories_from_the/", "license": "public", "citation_ids": [76461864], "posted_on": "2020-02-21T16:53:05+00:00", "author": {"name": "officialcitral", "url": "http://www.reddit.com/r/citral", "image": "http://a.thumbs.redditmedia.com/gq9561mrzeY9TrVx.png", "id_on_source": "citral", "followers": 21, "subreddit": "Centre for Investigative Research and Learning"}}, {"title": "\u2018No one is allowed to go out\u2019: your stories from the coronavirus outbreak", "url": "http://www.reddit.com/r/TopScience/comments/f7dvkj/no_one_is_allowed_to_go_out_your_stories_from_the/", "license": "public", "citation_ids": [76461864], "posted_on": "2020-02-21T16:50:40+00:00", "author": {"name": "I_did_dit", "url": "http://www.reddit.com/r/topscience", "id_on_source": "topscience", "followers": 43, "subreddit": "Top science articles in the news!"}}, {"title": "\u2018No one is allowed to go out\u2019: your stories from the coronavirus outbreak", "url": "http://www.reddit.com/r/newsbotbot/comments/f7e159/no_one_is_allowed_to_go_out_your_stories_from_the/", "license": "public", "citation_ids": [76461864], "posted_on": "2020-02-21T17:01:18+00:00", "author": {"name": "-en-", "url": "http://www.reddit.com/r/newsbotbot", "id_on_source": "newsbotbot", "followers": 1373, "subreddit": "newsbotBOT"}}, {"title": "Stories from the coronavirus outbreak: From laboratory closures to equipment shortages, researchers worldwide tell Nature how they have been affected by the epidemic.", "url": "http://www.reddit.com/r/Coronavirus/comments/f8xypx/stories_from_the_coronavirus_outbreak_from/", "license": "public", "citation_ids": [76461864], "posted_on": "2020-02-24T20:54:16+00:00", "author": {"name": "SecretAgentIceBat", "url": "http://www.reddit.com/r/coronavirus", "id_on_source": "coronavirus", "followers": 1528, "subreddit": "Resurgence of Coronavirus in Saudi Arabia "}}], "facebook": [{"title": "Your stories from the coronavirus outbreak", "url": "https://www.facebook.com/permalink.php?story_fbid=3483934858343665&id=139267936143724", "license": "public", "citation_ids": [76461864], "posted_on": "2020-02-21T16:55:10+00:00", "summary": "Hundreds of people affected by the outbreak shared their stories with us.", "author": {"name": "Nature News and Comment", "url": "https://www.facebook.com/139267936143724", "facebook_wall_name": "Nature News and Comment", "image": "https://graph.facebook.com/139267936143724/picture", "id_on_source": "139267936143724"}}, {"title": "Your stories from the coronavirus outbreak", "url": "https://www.facebook.com/permalink.php?story_fbid=2974363012614890&id=154892154562004", "license": "public", "citation_ids": [76461864], "posted_on": "2020-02-23T20:28:59+00:00", "summary": "The outbreak of a new coronavirus is wreaking havoc worldwide. In China, the epicentre of the epidemic, the virus has infected tens of thousands of people and killed more than 2,100. Unprecedented measures meant to contain the spread have brought millions", "author": {"name": "BrainOne", "url": "https://www.facebook.com/154892154562004", "facebook_wall_name": "BrainMinds", "image": "https://graph.facebook.com/154892154562004/picture", "id_on_source": "154892154562004"}}, {"title": "\u2018No one is allowed to go out\u2019: your stories from the coronavirus outbreak", "url": "https://www.facebook.com/permalink.php?story_fbid=10157421315658167&id=6115848166", "license": "public", "citation_ids": [76461864], "posted_on": "2020-02-24T14:00:59+00:00", "summary": "In a Nature reader poll, more than 600 of you told us that the coronavirus had affected you, your colleagues and your research. These are some of your stories.", "author": {"name": "Nature", "url": "https://www.facebook.com/6115848166", "facebook_wall_name": "Nature", "image": "https://graph.facebook.com/6115848166/picture", "id_on_source": "6115848166"}}], "news": [{"title": "Coronavirus Precautions Stifle Research", "url": "http://ct.moreover.com/?a=41481347433&p=1pl&v=1&x=pWLeRbMpgB4WC_qPqmEccw", "license": "public", "citation_ids": [76461864], "posted_on": "2020-02-26T16:38:47+00:00", "summary": "O n January 23, in the midst of the Spring Festival in China, which gives rise to the largest annual human migration,, government officials in China shut down travel in and out of Wuhan\u2014a major transportation hub and the center of the emerging COVID\u2026", "author": {"name": "The Scientist Magazine", "url": "http://www.the-scientist.com/", "image": "https://s3.amazonaws.com/weyland.altmetric.com/news_sources/logos/000/000/096/normal/image.png?1369860108"}}]}, "score": 95.1, "images": {"small": "https://badges.altmetric.com/?size=64&score=96&types=mrtttttf", "medium": "https://badges.altmetric.com/?size=100&score=96&types=mrtttttf", "large": "https://badges.altmetric.com/?size=180&score=96&types=mrtttttf"}}