{"altmetric_id": 64632979, "counts": {"readers": {"citeulike": "0", "mendeley": "12", "connotea": "0"}, "total": {"posts_count": 3}, "twitter": {"unique_users_count": 3, "posts_count": 3}}, "citation": {"altmetric_jid": "4f6fa5e53cf058f610005709", "authors": ["Annette Jeanes", "Pietro G. Coen", "Nicolas S. Drey", "Dinah J. Gould"], "doi": "10.1016/j.ajic.2019.06.014", "first_seen_on": "2019-08-06T13:46:43+00:00", "handles": [], "isbns": [], "issns": ["0196-6553"], "journal": "American Journal of Infection Control", "last_mentioned_on": 1581389600, "links": ["http://openaccess.city.ac.uk/id/eprint/22629/", "https://www.sciencedirect.com/science/article/pii/S0196655319306455"], "pmid": "31358420", "pubdate": "2020-01-01T00:00:00+00:00", "publisher_subjects": [{"name": "Nursing", "scheme": "era"}, {"name": "Public Health And Health Services", "scheme": "era"}], "scopus_subjects": ["Medicine", "Health Sciences"], "title": "Moving beyond hand hygiene monitoring as a marker of infection prevention performance: Development of a tailored infection control continuous quality improvement tool", "type": "article", "mendeley_url": "https://www.mendeley.com/catalogue/8b846f9b-28f8-3f8c-8a2f-f99601e3fb2b/"}, "altmetric_score": {"score": 1.6, "score_history": {"1y": 1.6, "6m": 1.35, "3m": 1.35, "1m": 0, "1w": 0, "6d": 0, "5d": 0, "4d": 0, "3d": 0, "2d": 0, "1d": 0, "at": 1.6}, "context_for_score": {"all": {"total_number_of_other_articles": 14493329, "mean": 8.4495874088992, "rank": 8308112, "this_scored_higher_than_pct": 42, "this_scored_higher_than": 6137820, "rank_type": "exact", "sample_size": 14493329, "percentile": 42}, "similar_age_3m": {"total_number_of_other_articles": 255844, "mean": 12.618930492528, "rank": 132643, "this_scored_higher_than_pct": 47, "this_scored_higher_than": 121762, "rank_type": "exact", "sample_size": 255844, "percentile": 47}, "this_journal": {"total_number_of_other_articles": 3091, "mean": 12.582615533981, "rank": 2110, "this_scored_higher_than_pct": 31, "this_scored_higher_than": 970, "rank_type": "exact", "sample_size": 3091, "percentile": 31}, "similar_age_this_journal_3m": {"total_number_of_other_articles": 73, "mean": 10.867944444444, "rank": 49, "this_scored_higher_than_pct": 32, "this_scored_higher_than": 24, "rank_type": "exact", "sample_size": 73, "percentile": 32}}}, "demographics": {"poster_types": {"member_of_the_public": 3}, "users": {"twitter": {"cohorts": {"Members of the public": 3}}, "mendeley": {"by_status": {"Student  > Postgraduate": 2, "Researcher": 1, "Student  > Master": 2, "Student  > Ph. D. Student": 2, "Student  > Bachelor": 1, "Other": 1, "Librarian": 1, "Unspecified": 1}, "by_discipline": {"Medicine and Dentistry": 2, "Chemistry": 1, "Nursing and Health Professions": 5, "Unspecified": 1}}}, "geo": {"twitter": {"GB": 1, "CA": 1}}}, "posts": {"twitter": [{"license": "gnip", "citation_ids": [64632979], "author": {"tweeter_id": "369454241"}, "tweet_id": "1158736114443870208"}, {"license": "gnip", "citation_ids": [64632979], "author": {"tweeter_id": "442171917"}, "tweet_id": "1226929051446730752"}, {"license": "gnip", "citation_ids": [64632979], "author": {"tweeter_id": "1532059003"}, "tweet_id": "1227063035942010881"}]}, "score": 1.6, "images": {"small": "https://badges.altmetric.com/?size=64&score=2&types=tttttttt", "medium": "https://badges.altmetric.com/?size=100&score=2&types=tttttttt", "large": "https://badges.altmetric.com/?size=180&score=2&types=tttttttt"}}