{"altmetric_id": 76689771, "counts": {"readers": {"mendeley": 0, "citeulike": 0, "connotea": 0}, "total": {"posts_count": 11}, "twitter": {"unique_users_count": 8, "posts_count": 11}}, "citation": {"altmetric_jid": "4f6fa6293cf058f610007d52", "authors": ["Yishan Wang", "Hanyujie Kang", "Xuefeng Liu", "Zhaohui Tong"], "doi": "10.1002/jmv.25721", "first_seen_on": "2020-02-26T11:22:05+00:00", "handles": [], "isbns": [], "issns": ["0146-6615", "1096-9071"], "journal": "Journal of Medical Virology", "last_mentioned_on": 1584530329, "links": ["https://www.ncbi.nlm.nih.gov/pubmed/32096564?dopt=Abstract&utm_source=dlvr.it&utm_medium=twitter", "https://onlinelibrary.wiley.com/doi/abs/10.1002/jmv.25721", "https://onlinelibrary.wiley.com/doi/pdf/10.1002/jmv.25721", "https://onlinelibrary.wiley.com/doi/full/10.1002/jmv.25721"], "pdf_url": "https://onlinelibrary.wiley.com/doi/pdf/10.1002/jmv.25721", "pmid": "32096564", "epubdate": "2020-03-11T00:00:00+00:00", "publisher_subjects": [{"name": "Medical Microbiology", "scheme": "era"}, {"name": "Microbiology", "scheme": "era"}, {"name": "Artificial Intelligence And Image Processing", "scheme": "era"}], "scopus_subjects": ["Health Sciences", "Life Sciences", "Medicine", "Immunology and Microbiology"], "title": "Combination of RT\u2010qPCR testing and clinical features for diagnosis of COVID\u201019 facilitates management of SARS\u2010CoV\u20102 outbreak", "type": "article"}, "altmetric_score": {"score": 5.65, "score_history": {"1y": 5.65, "6m": 5.65, "3m": 5.65, "1m": 5.65, "1w": 4.9, "6d": 4.9, "5d": 4.9, "4d": 4.9, "3d": 4.9, "2d": 4.9, "1d": 3.9, "at": 5.65}, "context_for_score": {"all": {"total_number_of_other_articles": 14518952, "mean": 8.4687422759303, "rank": 3294835, "this_scored_higher_than_pct": 77, "this_scored_higher_than": 11220489, "rank_type": "exact", "sample_size": 14518952, "percentile": 77}, "similar_age_3m": {"total_number_of_other_articles": 162458, "mean": 14.399505801535, "rank": 44037, "this_scored_higher_than_pct": 72, "this_scored_higher_than": 118294, "rank_type": "exact", "sample_size": 162458, "percentile": 72}, "this_journal": {"total_number_of_other_articles": 2768, "mean": 7.1447278641127, "rank": 603, "this_scored_higher_than_pct": 78, "this_scored_higher_than": 2165, "rank_type": "exact", "sample_size": 2768, "percentile": 78}, "similar_age_this_journal_3m": {"total_number_of_other_articles": 20, "mean": 372.01115789473, "rank": 11, "this_scored_higher_than_pct": 45, "this_scored_higher_than": 9, "rank_type": "exact", "sample_size": 20, "percentile": 45}}}, "demographics": {"poster_types": {"member_of_the_public": 6, "researcher": 1, "practitioner": 1}, "users": {"twitter": {"cohorts": {"Members of the public": 6, "Scientists": 1, "Practitioners (doctors, other healthcare professionals)": 1}}}, "geo": {"twitter": {"BE": 1}}}, "posts": {"twitter": [{"license": "gnip", "citation_ids": [76689771], "author": {"tweeter_id": "1191745846615957506"}, "tweet_id": "1232623357553594368"}, {"license": "gnip", "citation_ids": [76689771], "author": {"tweeter_id": "109910665"}, "tweet_id": "1232741921568759808"}, {"license": "gnip", "citation_ids": [76689771], "author": {"tweeter_id": "109910665"}, "tweet_id": "1233133705419534357"}, {"license": "gnip", "citation_ids": [76689771], "author": {"tweeter_id": "162857508"}, "tweet_id": "1239527619286179840"}, {"license": "gnip", "citation_ids": [76689771], "author": {"tweeter_id": "162857508"}, "tweet_id": "1239534660830593025"}, {"license": "gnip", "citation_ids": [76689771], "author": {"tweeter_id": "603344194"}, "tweet_id": "1240202423349563392"}, {"license": "gnip", "citation_ids": [76689771], "author": {"tweeter_id": "244896494"}, "tweet_id": "1240202540744146946"}, {"license": "gnip", "citation_ids": [76689771], "author": {"tweeter_id": "30534531"}, "tweet_id": "1240202772978356224"}, {"license": "gnip", "citation_ids": [76689771], "author": {"tweeter_id": "482684181"}, "tweet_id": "1240205384675180553"}, {"license": "gnip", "citation_ids": [76689771], "author": {"tweeter_id": "603344194"}, "tweet_id": "1240236042348662785"}, {"license": "gnip", "citation_ids": [76689771], "author": {"tweeter_id": "989599020996841473"}, "tweet_id": "1240236209282179073"}]}, "score": 5.65, "images": {"small": "https://badges.altmetric.com/?size=64&score=6&types=tttttttt", "medium": "https://badges.altmetric.com/?size=100&score=6&types=tttttttt", "large": "https://badges.altmetric.com/?size=180&score=6&types=tttttttt"}}