{"altmetric_id": 76364979, "counts": {"readers": {"mendeley": 0, "citeulike": 0, "connotea": 0}, "news": {"unique_users_count": 1, "unique_users": ["cgtn"], "posts_count": 1}, "total": {"posts_count": 7}, "twitter": {"unique_users_count": 5, "posts_count": 6}}, "citation": {"altmetric_jid": "4f6fa4da3cf058f610001571", "authors": ["Jun Wen", "Joshua Aston", "Xinyi Liu", "Tianyu Ying"], "doi": "10.1080/13032917.2020.1730621", "first_seen_on": "2020-02-19T22:10:52+00:00", "issns": ["1303-2917", "2156-6909"], "journal": "Anatolia", "last_mentioned_on": 1583555017, "links": ["https://www.tandfonline.com/doi/full/10.1080/13032917.2020.1730621", "https://www.tandfonline.com/doi/pdf/10.1080/13032917.2020.1730621?needAccess=true", "https://www.tandfonline.com/doi/full/10.1080/13032917.2020.1730621?fbclid=IwAR2zZlhGgNSG4zQGCvxubo0y-tt4ygAzFudPbp9AEafCW7aEqavEo-Udj94", "https://www.tandfonline.com/doi/full/10.1080/13032917.2020.1730621?fbclid=IwAR38slP73Q2eJ059AZuNZJfOLC1VJA966LmsBV-zJOEuF_voA72-ppWiBfM#.XlphezNZkgA.linkedin"], "epubdate": "2020-02-16T00:00:00+00:00", "publisher_subjects": [{"name": "Tourism", "scheme": "era"}], "scopus_subjects": ["Social Sciences", "Earth and Planetary Sciences", "Physical Sciences"], "title": "Effects of misleading media coverage on public health crisis: a case of the 2019 novel coronavirus outbreak in China", "type": "article"}, "altmetric_score": {"score": 16.35, "score_history": {"1y": 16.35, "6m": 16.35, "3m": 16.35, "1m": 16.35, "1w": 0, "6d": 0, "5d": 0, "4d": 0, "3d": 0, "2d": 0, "1d": 0, "at": 16.35}, "context_for_score": {"all": {"total_number_of_other_articles": 14501879, "mean": 8.4564438558857, "rank": 1063946, "this_scored_higher_than_pct": 92, "this_scored_higher_than": 13436096, "rank_type": "exact", "sample_size": 14501879, "percentile": 92}, "similar_age_3m": {"total_number_of_other_articles": 162244, "mean": 14.030419740759, "rank": 18537, "this_scored_higher_than_pct": 88, "this_scored_higher_than": 143667, "rank_type": "exact", "sample_size": 162244, "percentile": 88}, "this_journal": {"total_number_of_other_articles": 142, "mean": 1.6214893617021, "rank": 3, "this_scored_higher_than_pct": 97, "this_scored_higher_than": 139, "rank_type": "exact", "sample_size": 142, "percentile": 97}, "similar_age_this_journal_3m": {"total_number_of_other_articles": 1, "mean": 0, "rank": 1, "this_scored_higher_than_pct": 1, "this_scored_higher_than": 0, "rank_type": "exact", "sample_size": 1, "percentile": 1}}}, "demographics": {"poster_types": {"member_of_the_public": 3, "researcher": 1, "science_communicator": 1}, "users": {"twitter": {"cohorts": {"Scientists": 1, "Members of the public": 3, "Science communicators (journalists, bloggers, editors)": 1}}}, "geo": {"twitter": {"KE": 2, "NZ": 1, "TR": 1}}}, "posts": {"twitter": [{"license": "gnip", "citation_ids": [76364979], "author": {"tweeter_id": "2394352223"}, "tweet_id": "1230252586466529280"}, {"license": "gnip", "citation_ids": [76364979], "author": {"tweeter_id": "39208855"}, "tweet_id": "1230273389958352896"}, {"license": "gnip", "citation_ids": [76364979], "author": {"tweeter_id": "60538740"}, "tweet_id": "1230277040844222464"}, {"license": "gnip", "citation_ids": [76364979], "author": {"tweeter_id": "736179723567570944"}, "tweet_id": "1230527120482488321"}, {"license": "gnip", "citation_ids": [76364979], "author": {"tweeter_id": "1236118275039195136"}, "tweet_id": "1236122803960594432"}, {"license": "gnip", "citation_ids": [76364979], "author": {"tweeter_id": "1236118275039195136"}, "tweet_id": "1236145455265804289"}], "news": [{"title": "Racist COVID-19 headlines torment Chinese diaspora, says study", "url": "http://ct.moreover.com/?a=41458448859&p=1pl&v=1&x=TEO_wQvigp9AMjkA1KOj7A", "license": "public", "citation_ids": [76364979], "posted_on": "2020-02-24T02:01:20+00:00", "summary": "04:09 \"Chinese Virus Pandamonium\" screamed from the front page of Melbourne's Herald Sun late January as the coronavirus outbreak in China started grabbing international headlines.", "author": {"name": "CGTN", "url": "https://www.cgtn.com/", "image": "https://s3.amazonaws.com/weyland.altmetric.com/news_sources/logos/000/003/073/normal/Capture_10.PNG?1557212969"}}]}, "score": 16.35, "images": {"small": "https://badges.altmetric.com/?size=64&score=17&types=mttttttt", "medium": "https://badges.altmetric.com/?size=100&score=17&types=mttttttt", "large": "https://badges.altmetric.com/?size=180&score=17&types=mttttttt"}}