{"altmetric_id": 77435676, "counts": {"readers": {"mendeley": 0, "citeulike": 0, "connotea": 0}, "total": {"posts_count": 0}}, "citation": {"aggregate_citation_ids": [77435702, 77435703, 77435704, 77435705, 77435706, 77435707, 77435708, 77435709, 77435710, 77435711, 77435712, 77435715], "attribution": "springer_nature", "authors": ["Fong, I. W."], "book_cover_url": "https://s3-eu-west-1.amazonaws.com/bookcovers.altmetric.com/covers.springernature.com/88d7/d21f125ec6ad0de2444d4ee509fd.jpg", "chapters": [{"altmetric_id": 77435702, "title": "Immune Reconstitution Inflammatory Syndrome and Paradoxical Reaction", "ordinal_number": 2}, {"altmetric_id": 77435703, "title": "Major Advances in Hepatitis C Treatment but Not Hepatitis B", "ordinal_number": 5}, {"altmetric_id": 77435704, "title": "Blood Transfusion-Associated Infections in the Twenty-First Century: New Challenges", "ordinal_number": 8}, {"altmetric_id": 77435705, "title": "Mass Drug Treatment of Tropical Diseases: Is It Really Progress?", "ordinal_number": 9}, {"altmetric_id": 77435706, "title": "Prevention of HIV Infection", "ordinal_number": 1}, {"altmetric_id": 77435707, "title": "Issues and Concerns in the Management of Systemic Candidiasis", "ordinal_number": 11}, {"altmetric_id": 77435708, "title": "Helicobacter pylori Infection: When Should It Be Treated?", "ordinal_number": 4}, {"altmetric_id": 77435709, "title": "Issues in Therapeutics of Some Bacterial Infections: Vancomycin Use, Osteomyelitis, Endocarditis, and Staphylococcus aureus Bacteremia", "ordinal_number": 10}, {"altmetric_id": 77435710, "title": "Climate Change: Impact on Health and Infectious Diseases Globally", "ordinal_number": 7}, {"altmetric_id": 77435711, "title": "Emerging and Difficult to Treat Nontuberculous Mycobacteria Infections", "ordinal_number": 12}, {"altmetric_id": 77435712, "title": "Issues in Community-Acquired Pneumonia", "ordinal_number": 3}, {"altmetric_id": 77435715, "title": "Infectious Complications of Biological Agents", "ordinal_number": 6}], "doi": "10.1007/978-3-030-36966-8", "first_seen_on": "2020-03-13T07:10:04+00:00", "isbns": ["9783030369651", "9783030369668"], "issns": [], "links": ["https://doi.org/10.1007/978-3-030-36966-8"], "pubdate": "2020-04-17T00:00:00+00:00", "publisher": "Springer International Publishing", "title": "Current Trends and Concerns in Infectious Diseases", "type": "book"}, "altmetric_score": {"score": 0, "score_history": {"1y": 0, "6m": 0, "3m": 0, "1m": 0, "1w": 0, "6d": 0, "5d": 0, "4d": 0, "3d": 0, "2d": 0, "1d": 0, "at": 0}, "context_for_score": null}, "demographics": [], "posts": [], "score": 0, "images": {"small": "https://badges.altmetric.com/?size=64&score=?&types=????????", "medium": "https://badges.altmetric.com/?size=100&score=?&types=????????", "large": "https://badges.altmetric.com/?size=180&score=?&types=????????"}}