{"altmetric_id": 77222669, "counts": {"readers": {"mendeley": 0, "citeulike": 0, "connotea": 0}, "total": {"posts_count": 7}, "twitter": {"unique_users_count": 6, "posts_count": 8}}, "citation": {"authors": ["Rao, Shitao", "Lau, Alexandria", "So, Hon-Cheong"], "doi": "10.1101/2020.03.04.20031237", "first_seen_on": "2020-03-08T21:53:16+00:00", "issns": [], "last_mentioned_on": 1583882511, "links": ["https://www.medrxiv.org/content/10.1101/2020.03.04.20031237v1", "https://www.medrxiv.org/content/10.1101/2020.03.04.20031237v1?utm_source=dlvr.it&utm_medium=twitter"], "pdf_url": "https://www.medrxiv.org/content/medrxiv/early/2020/03/08/2020.03.04.20031237.full.pdf", "publisher": "Cold Spring Harbor Laboratory", "title": "Exploring diseases/traits and blood proteins causally related to expression of ACE2, the putative receptor of 2019-nCov: A Mendelian Randomization analysis", "type": "article"}, "altmetric_score": {"score": 2.1, "score_history": {"1y": 2.1, "6m": 2.1, "3m": 2.1, "1m": 2.1, "1w": 0, "6d": 0, "5d": 0, "4d": 0, "3d": 0, "2d": 0, "1d": 0, "at": 2.1}, "context_for_score": null}, "demographics": {"poster_types": {"member_of_the_public": 6}, "users": {"twitter": {"cohorts": {"Members of the public": 7}}}, "geo": {"twitter": {"US": 2, "DE": 1}}}, "posts": {"twitter": [{"license": "gnip", "citation_ids": [77222669], "author": {"tweeter_id": "921400462838042624"}, "tweet_id": "1236771930335739904"}, {"license": "gnip", "citation_ids": [77222669], "author": {"tweeter_id": "1229323281658007552"}, "tweet_id": "1236772103459876866"}, {"license": "gnip", "citation_ids": [77222669], "author": {"tweeter_id": "1221099378623930368"}, "tweet_id": "1236782006257635328"}, {"license": "gnip", "citation_ids": [77222669], "author": {"tweeter_id": "4901919879"}, "tweet_id": "1236973921393610752"}, {"license": "gnip", "citation_ids": [77222669], "author": {"tweeter_id": "4901919879"}, "tweet_id": "1236973941715095553"}, {"license": "gnip", "citation_ids": [77222669], "author": {"tweeter_id": "1214232500664295424"}, "tweet_id": "1237517987952734210"}, {"license": "gnip", "citation_ids": [77222669], "author": {"tweeter_id": "1226454737542930432"}, "tweet_id": "1237519064001544193"}, {"license": "gnip", "citation_ids": [77222669], "author": {"tweeter_id": "1082203939"}, "tweet_id": "1240258488774754305"}]}, "score": 2.1, "images": {"small": "https://badges.altmetric.com/?size=64&score=3&types=tttttttt", "medium": "https://badges.altmetric.com/?size=100&score=3&types=tttttttt", "large": "https://badges.altmetric.com/?size=180&score=3&types=tttttttt"}}