{"altmetric_id": 76692349, "counts": {"readers": {"mendeley": 0, "citeulike": 0, "connotea": 0}, "total": {"posts_count": 13}, "twitter": {"unique_users_count": 11, "posts_count": 13}}, "citation": {"authors": ["Caramelo, Francisco", "Ferreira, Nuno", "Oliveiros, Barbara"], "doi": "10.1101/2020.02.24.20027268", "first_seen_on": "2020-02-26T12:15:13+00:00", "issns": [], "last_mentioned_on": 1584280762, "links": ["https://www.medrxiv.org/content/10.1101/2020.02.24.20027268v1", "https://www.medrxiv.org/content/10.1101/2020.02.24.20027268v1.full.pdf"], "pdf_url": "https://www.medrxiv.org/content/medrxiv/early/2020/02/25/2020.02.24.20027268.full.pdf", "publisher": "Cold Spring Harbor Laboratory", "title": "Estimation of risk factors for COVID-19 mortality - preliminary results", "type": "article"}, "altmetric_score": {"score": 7.85, "score_history": {"1y": 7.85, "6m": 7.85, "3m": 7.85, "1m": 7.85, "1w": 2.85, "6d": 2.85, "5d": 1.85, "4d": 1.85, "3d": 1.85, "2d": 0, "1d": 0, "at": 7.85}, "context_for_score": null}, "demographics": {"poster_types": {"member_of_the_public": 8, "researcher": 1, "practitioner": 1, "science_communicator": 1}, "users": {"twitter": {"cohorts": {"Members of the public": 8, "Practitioners (doctors, other healthcare professionals)": 1, "Science communicators (journalists, bloggers, editors)": 1, "Scientists": 1}}}, "geo": {"twitter": {"US": 4}}}, "posts": {"twitter": [{"license": "gnip", "citation_ids": [76692349], "author": {"tweeter_id": "4901919879"}, "tweet_id": "1232640163689500672"}, {"license": "gnip", "citation_ids": [76692349], "author": {"tweeter_id": "4901919879"}, "tweet_id": "1232640182966456320"}, {"license": "gnip", "citation_ids": [76692349], "author": {"tweeter_id": "921400462838042624"}, "tweet_id": "1232769864504369152"}, {"license": "gnip", "citation_ids": [76692349], "author": {"tweeter_id": "2578726872"}, "tweet_id": "1232995057864708102"}, {"license": "gnip", "citation_ids": [76692349], "author": {"tweeter_id": "202156110"}, "tweet_id": "1234181848005271553"}, {"license": "gnip", "citation_ids": [76692349], "author": {"tweeter_id": "16499925"}, "tweet_id": "1234802713860464640"}, {"license": "gnip", "citation_ids": [76692349], "author": {"tweeter_id": "41831995"}, "tweet_id": "1234806738085384192"}, {"license": "gnip", "citation_ids": [76692349], "author": {"tweeter_id": "808557068"}, "tweet_id": "1234807008668327939"}, {"license": "gnip", "citation_ids": [76692349], "author": {"tweeter_id": "808557068"}, "tweet_id": "1234807586941214721"}, {"license": "gnip", "citation_ids": [77054233, 76692349, 76096194, 76837405], "author": {"tweeter_id": "90069996"}, "tweet_id": "1237342633086746625"}, {"license": "gnip", "citation_ids": [76692349], "author": {"tweeter_id": "720687041713979392"}, "tweet_id": "1238000979993337856"}, {"license": "gnip", "citation_ids": [76692349], "author": {"tweeter_id": "47501979"}, "tweet_id": "1239187928703815681"}, {"license": "gnip", "citation_ids": [76692349], "author": {"tweeter_id": "448501743"}, "tweet_id": "1239189448971046912"}]}, "score": 7.85, "images": {"small": "https://badges.altmetric.com/?size=64&score=8&types=tttttttt", "medium": "https://badges.altmetric.com/?size=100&score=8&types=tttttttt", "large": "https://badges.altmetric.com/?size=180&score=8&types=tttttttt"}}