{"altmetric_id": 77171540, "counts": {"readers": {"mendeley": 0, "citeulike": 0, "connotea": 0}, "total": {"posts_count": 2}, "twitter": {"unique_users_count": 2, "posts_count": 2}}, "citation": {"altmetric_jid": "4f6fa60e3cf058f610006cc0", "authors": ["Won Mo Jang", "Un-Na Kim", "Deok Hyun Jang", "Hyemin Jung", "Sanghyun Cho", "Sang Jun Eun", "Jin Yong Lee"], "doi": "10.1136/bmjopen-2019-033026", "first_seen_on": "2020-03-07T11:06:46+00:00", "issns": ["2044-6055"], "journal": "BMJ Open", "last_mentioned_on": 1583936581, "links": ["https://www.ncbi.nlm.nih.gov/pubmed/32139484?dopt=Abstract&utm_source=dlvr.it&utm_medium=twitter", "https://www.ncbi.nlm.nih.gov/pubmed/32139484"], "pmid": "32139484", "pubdate": "2020-03-01T00:00:00+00:00", "epubdate": "2020-03-04T00:00:00+00:00", "title": "Influence of trust on two different risk perceptions as an affective and cognitive dimension during Middle East respiratory syndrome coronavirus (MERS-CoV) outbreak in South Korea: serial cross-sectional surveys", "type": "article"}, "altmetric_score": {"score": 0.5, "score_history": {"1y": 0.5, "6m": 0.5, "3m": 0.5, "1m": 0.5, "1w": 0.25, "6d": 0, "5d": 0, "4d": 0, "3d": 0, "2d": 0, "1d": 0, "at": 0.5}, "context_for_score": {"all": {"total_number_of_other_articles": 14515761, "mean": 8.4675267257013, "rank": 11505509, "this_scored_higher_than_pct": 11, "this_scored_higher_than": 1687560, "rank_type": "exact", "sample_size": 14515761, "percentile": 11}, "similar_age_3m": {"total_number_of_other_articles": 151197, "mean": 14.179128521919, "rank": 105018, "this_scored_higher_than_pct": 19, "this_scored_higher_than": 30122, "rank_type": "exact", "sample_size": 151197, "percentile": 19}, "this_journal": {"total_number_of_other_articles": 13353, "mean": 17.949050329539, "rank": 11563, "this_scored_higher_than_pct": 6, "this_scored_higher_than": 914, "rank_type": "exact", "sample_size": 13353, "percentile": 6}, "similar_age_this_journal_3m": {"total_number_of_other_articles": 230, "mean": 8.1990480349345, "rank": 191, "this_scored_higher_than_pct": 6, "this_scored_higher_than": 16, "rank_type": "exact", "sample_size": 230, "percentile": 6}}}, "demographics": {"poster_types": {"member_of_the_public": 1, "science_communicator": 1}, "users": {"twitter": {"cohorts": {"Members of the public": 1, "Science communicators (journalists, bloggers, editors)": 1}}}}, "posts": {"twitter": [{"license": "gnip", "citation_ids": [77171540], "author": {"tweeter_id": "1191745846615957506"}, "tweet_id": "1236246853429018625"}, {"license": "gnip", "citation_ids": [77171540], "author": {"tweeter_id": "3236232894"}, "tweet_id": "1237745850832560129"}]}, "score": 0.5, "images": {"small": "https://badges.altmetric.com/?size=64&score=1&types=tttttttt", "medium": "https://badges.altmetric.com/?size=100&score=1&types=tttttttt", "large": "https://badges.altmetric.com/?size=180&score=1&types=tttttttt"}}