{"altmetric_id": 76686414, "counts": {"readers": {"mendeley": 0, "citeulike": 0, "connotea": 0}, "total": {"posts_count": 50}, "twitter": {"unique_users_count": 35, "posts_count": 50}, "facebook": {"unique_users_count": 2, "unique_users": ["158080244255095", "976957492320819"], "posts_count": 2}, "blogs": {"unique_users_count": 1, "unique_users": [60555], "posts_count": 1}}, "citation": {"altmetric_jid": "4f6fa4f03cf058f610002d55", "authors": ["Qin Yan Gao", "Ying Xuan Chen", "Jing Yuan Fang"], "doi": "10.1111/1751-2980.12851", "first_seen_on": "2020-02-26T10:02:13+00:00", "issns": ["1751-2972", "1751-2980"], "journal": "Journal of Digestive Diseases", "last_mentioned_on": 1584505673, "links": ["https://onlinelibrary.wiley.com/doi/abs/10.1111/1751-2980.12851", "https://www.ncbi.nlm.nih.gov/pubmed/32096611?dopt=Abstract", "https://www.ncbi.nlm.nih.gov/pubmed/32096611?dopt=Abstract&utm_source=dlvr.it&utm_medium=twitter", "https://www.ncbi.nlm.nih.gov/m/pubmed/32096611/", "https://www.ncbi.nlm.nih.gov/pubmed/?term=32096611", "https://www.ncbi.nlm.nih.gov/pubmed/32096611/", "https://www.ncbi.nlm.nih.gov/m/pubmed/32096611", "https://www.ncbi.nlm.nih.gov/pubmed/32096611", "https://onlinelibrary.wiley.com/doi/abs/10.1111/1751-2980.12851#.XmFKNPX55uk.twitter", "https://onlinelibrary.wiley.com/doi/epdf/10.1111/1751-2980.12851", "https://onlinelibrary.wiley.com/doi/full/10.1111/1751-2980.12851?omnisendAttributionID=email_campaign_5e6a00574c7fa4085103e768&omnisendContactID=5e5500d2bac16e19790476ff&omnisendScopeID=5ca47b9e8653ed17695448d5_2_7178780770&utm_campaign=campaign%3A+Immunf", "https://onlinelibrary.wiley.com/doi/10.1111/1751-2980.12851?fbclid=IwAR0F9YlioG8OU1a-limkLwoOuMAEGd_Z2Gdz9tKWeLWW2nhlJlERAP9Asq4", "https://onlinelibrary.wiley.com/doi/full/10.1111/1751-2980.12851", "https://onlinelibrary.wiley.com/doi/epdf/10.1111/1751-2980.12851?shared_access_token=zZ4ZcfWEyURtkC-l_Yo1LYta6bR2k8jH0KrdpFOxC66IL9qeSyIlO6KX92Rf762MECGslnROkmn-q2WNz1A5xLF-Ox7LeqBsrpAeJGC6ZqdeCqkX3GyC2JWieQCgJ-4b8mDnY140vw_W6ylhlRhslp6OnsOvAyUKQWMWV-kAtd8%3D", "https://doi.org/10.1111/1751-2980.12851", "https://onlinelibrary.wiley.com/doi/full/10.1111/1751-2980.12851?omnisendAttributionID=email_campaign_5e6a00574c7fa4085103e768&omnisendContactID=5e5500d2bac16e19790476ff&omnisendScopeID=5ca47b9e8653ed17695448d5_2_7178780770&utm_campaign=campaign%3A+Immunf#.Xm-yWR9uQC8.linkedin", "Https://onlinelibrary.wiley.com/doi/full/10.1111/1751-2980.12851"], "pdf_url": "https://onlinelibrary.wiley.com/doi/pdf/10.1111/1751-2980.12851", "pmid": "32096611", "epubdate": "2020-03-10T00:00:00+00:00", "publisher_subjects": [{"name": "Clinical Sciences", "scheme": "era"}, {"name": "Oncology And Carcinogenesis", "scheme": "era"}], "scopus_subjects": ["Medicine", "Health Sciences"], "title": "2019 Novel coronavirus infection and gastrointestinal tract", "type": "article"}, "altmetric_score": {"score": 31.13, "score_history": {"1y": 31.13, "6m": 31.13, "3m": 31.13, "1m": 31.13, "1w": 16.08, "6d": 16.08, "5d": 14.83, "4d": 14.83, "3d": 14.83, "2d": 13.83, "1d": 12.13, "at": 31.13}, "context_for_score": {"all": {"total_number_of_other_articles": 14515808, "mean": 8.4682944333611, "rank": 600459, "this_scored_higher_than_pct": 95, "this_scored_higher_than": 13915651, "rank_type": "exact", "sample_size": 14515808, "percentile": 95}, "similar_age_3m": {"total_number_of_other_articles": 161600, "mean": 14.408373752313, "rank": 11196, "this_scored_higher_than_pct": 93, "this_scored_higher_than": 150403, "rank_type": "exact", "sample_size": 161600, "percentile": 93}, "this_journal": {"total_number_of_other_articles": 314, "mean": 3.3120830670927, "rank": 5, "this_scored_higher_than_pct": 98, "this_scored_higher_than": 309, "rank_type": "exact", "sample_size": 314, "percentile": 98}, "similar_age_this_journal_3m": {"total_number_of_other_articles": 1, "mean": 0, "rank": 1, "this_scored_higher_than_pct": 1, "this_scored_higher_than": 0, "rank_type": "exact", "sample_size": 1, "percentile": 1}}}, "demographics": {"poster_types": {"member_of_the_public": 30, "practitioner": 3, "science_communicator": 2}, "users": {"twitter": {"cohorts": {"Members of the public": 31, "Practitioners (doctors, other healthcare professionals)": 3, "Science communicators (journalists, bloggers, editors)": 2, "Scientists": 1}}}, "geo": {"twitter": {"CA": 3, "US": 11, "EC": 1, "ES": 2, "GB": 2, "MY": 1}}}, "posts": {"twitter": [{"license": "gnip", "citation_ids": [76686414], "author": {"tweeter_id": "778208387754582018"}, "tweet_id": "1232606696259932160"}, {"license": "gnip", "citation_ids": [76686414], "author": {"tweeter_id": "2527490466"}, "tweet_id": "1232621361324945409"}, {"license": "gnip", "citation_ids": [76686414], "author": {"tweeter_id": "1191745846615957506"}, "tweet_id": "1232623365313064960"}, {"license": "gnip", "citation_ids": [76686414], "author": {"tweeter_id": "3142198312"}, "tweet_id": "1232640209474293763"}, {"license": "gnip", "citation_ids": [76686414], "author": {"tweeter_id": "796568921684013057"}, "tweet_id": "1232641150982340608"}, {"license": "gnip", "citation_ids": [76686414], "author": {"tweeter_id": "69912648"}, "tweet_id": "1232703645122224128"}, {"license": "gnip", "citation_ids": [76686414], "author": {"tweeter_id": "905962948161662977"}, "tweet_id": "1232712436328718336"}, {"license": "gnip", "citation_ids": [76686414], "author": {"tweeter_id": "3379079278"}, "tweet_id": "1232845882846056449"}, {"license": "gnip", "citation_ids": [76686414, 76750234, 76750236], "author": {"tweeter_id": "1004552238008885250"}, "tweet_id": "1233053080792465408"}, {"license": "gnip", "citation_ids": [76686414, 76750234, 76750236], "author": {"tweeter_id": "2224483122"}, "tweet_id": "1233056328672829440"}, {"license": "gnip", "citation_ids": [76686414], "author": {"tweeter_id": "1057027456765452293"}, "tweet_id": "1233089477331038210"}, {"license": "gnip", "citation_ids": [76686414], "author": {"tweeter_id": "1057027456765452293"}, "tweet_id": "1233225334197280768"}, {"license": "gnip", "citation_ids": [76686414], "author": {"tweeter_id": "134146548"}, "tweet_id": "1233276414322974721"}, {"license": "gnip", "citation_ids": [76686414], "author": {"tweeter_id": "1141340430514003968"}, "tweet_id": "1233389514107670530"}, {"license": "gnip", "citation_ids": [76686414], "author": {"tweeter_id": "764203793416282113"}, "tweet_id": "1233781721214025728"}, {"license": "gnip", "citation_ids": [76686414], "author": {"tweeter_id": "764203793416282113"}, "tweet_id": "1233784454860066816"}, {"license": "gnip", "citation_ids": [76686414], "author": {"tweeter_id": "764203793416282113"}, "tweet_id": "1233786447460589570"}, {"license": "gnip", "citation_ids": [76686414], "author": {"tweeter_id": "989793559"}, "tweet_id": "1233890178751778817"}, {"license": "gnip", "citation_ids": [76686414], "author": {"tweeter_id": "1169572569445478401"}, "tweet_id": "1235582893633626112"}, {"license": "gnip", "citation_ids": [76686414], "author": {"tweeter_id": "923787352354557952"}, "tweet_id": "1235639928588992517"}, {"license": "gnip", "citation_ids": [76686414], "author": {"tweeter_id": "328658670"}, "tweet_id": "1235640637044789250"}, {"license": "gnip", "citation_ids": [76686414], "author": {"tweeter_id": "584675450"}, "tweet_id": "1235646717682257920"}, {"license": "gnip", "citation_ids": [76686414], "author": {"tweeter_id": "2820612121"}, "tweet_id": "1236120944348786689"}, {"license": "gnip", "citation_ids": [76686414], "author": {"tweeter_id": "802610354022912000"}, "tweet_id": "1236317784168181761"}, {"license": "gnip", "citation_ids": [76686414], "author": {"tweeter_id": "856852362278948864"}, "tweet_id": "1236577106836013056"}, {"license": "gnip", "citation_ids": [76686414], "author": {"tweeter_id": "2820612121"}, "tweet_id": "1236769415162544128"}, {"license": "gnip", "citation_ids": [76686414], "author": {"tweeter_id": "1488812064"}, "tweet_id": "1237442743636357120"}, {"license": "gnip", "citation_ids": [76686414], "author": {"tweeter_id": "1488812064"}, "tweet_id": "1237443235213017088"}, {"license": "gnip", "citation_ids": [76686414], "author": {"tweeter_id": "224059040"}, "tweet_id": "1237455898261557250"}, {"license": "gnip", "citation_ids": [76686414], "author": {"tweeter_id": "224059040"}, "tweet_id": "1237456313384341504"}, {"license": "gnip", "citation_ids": [76686414], "author": {"tweeter_id": "1050071750132797441"}, "tweet_id": "1237569976195670016"}, {"license": "gnip", "citation_ids": [76686414], "author": {"tweeter_id": "251317341"}, "tweet_id": "1238386351961071616"}, {"license": "gnip", "citation_ids": [76686414], "author": {"tweeter_id": "1443653540"}, "tweet_id": "1238866318247505920"}, {"license": "gnip", "citation_ids": [76686414], "author": {"tweeter_id": "3018608882"}, "tweet_id": "1239287500075683840"}, {"license": "gnip", "citation_ids": [76686414], "author": {"tweeter_id": "819676240688738305"}, "tweet_id": "1239579187167387648"}, {"license": "gnip", "citation_ids": [76686414], "author": {"tweeter_id": "25762671"}, "tweet_id": "1239628146422550528"}, {"license": "gnip", "citation_ids": [76686414], "author": {"tweeter_id": "169168770"}, "tweet_id": "1239804672983982080"}, {"license": "gnip", "citation_ids": [76686414], "author": {"tweeter_id": "169168770"}, "tweet_id": "1239813931234811904"}, {"license": "gnip", "citation_ids": [76686414], "author": {"tweeter_id": "124152584"}, "tweet_id": "1239920892039303174"}, {"license": "gnip", "citation_ids": [76686414], "author": {"tweeter_id": "1141729453707530240"}, "tweet_id": "1240015060602425346"}, {"license": "gnip", "citation_ids": [76686414], "author": {"tweeter_id": "1443653540"}, "tweet_id": "1240035229533974531"}, {"license": "gnip", "citation_ids": [76686414], "author": {"tweeter_id": "169168770"}, "tweet_id": "1240053057464885248"}, {"license": "gnip", "citation_ids": [76686414], "author": {"tweeter_id": "169168770"}, "tweet_id": "1240056056648089600"}, {"license": "gnip", "citation_ids": [76686414], "author": {"tweeter_id": "777794322880077824"}, "tweet_id": "1240085698331455490"}, {"license": "gnip", "citation_ids": [76686414], "author": {"tweeter_id": "1070548385835319296"}, "tweet_id": "1240095134902964224"}, {"license": "gnip", "citation_ids": [76686414], "author": {"tweeter_id": "169168770"}, "tweet_id": "1240130542747766784"}, {"license": "gnip", "citation_ids": [76686414], "author": {"tweeter_id": "169168770"}, "tweet_id": "1240132796590555139"}, {"license": "gnip", "citation_ids": [76686414], "author": {"tweeter_id": "2182642586"}, "tweet_id": "1240264291816783873"}, {"license": "gnip", "citation_ids": [76686414], "author": {"tweeter_id": "524435843"}, "tweet_id": "1240274707661946882"}, {"license": "gnip", "citation_ids": [76686414], "author": {"tweeter_id": "124152584"}, "tweet_id": "1240276442614771712"}], "facebook": [{"title": "2019 novel coronavirus infection and gastrointestinal tract", "url": "https://www.facebook.com/permalink.php?story_fbid=2963447087051716&id=158080244255095", "license": "public", "citation_ids": [76686414, 856332], "posted_on": "2020-03-01T12:30:02+00:00", "summary": "Editorial Insight: angiotensin-converting enzyme 2 (ACE2) binding domains may represent one mechanism by which the faecal-oral shedding of the COVID-19 virus results in respiratory virulence mediated by the gut-microbiota-lung axis.\n\nIn this way, given tha", "author": {"name": "Gut Buddies", "url": "https://www.facebook.com/158080244255095", "facebook_wall_name": "Gut Buddies", "image": "https://graph.facebook.com/158080244255095/picture", "id_on_source": "158080244255095"}}, {"title": "2019 novel coronavirus infection and gastrointestinal tract", "url": "https://www.facebook.com/permalink.php?story_fbid=3381349511881593&id=976957492320819", "license": "public", "citation_ids": [76686414], "posted_on": "2020-03-13T07:12:32+00:00", "summary": "Disbiosi intestinale e coronavirus, il parere dei ricercatori cinesi...", "author": {"name": "Progetto Microbioma Italiano - Italian Microbiome Project", "url": "https://www.facebook.com/976957492320819", "facebook_wall_name": "Progetto Microbioma Italiano - Italian Microbiome Project", "image": "https://graph.facebook.com/976957492320819/picture", "id_on_source": "976957492320819"}}], "blogs": [{"title": "Can bacteria help humans fight Covid-19?", "url": "http://naturemicrobiologycommunity.nature.com/users/323417-gregor-reid/posts/62121-can-bacteria-help-humans-fight-coronavirus", "license": "public", "citation_ids": [76686414], "posted_on": "2020-03-17T18:59:58+00:00", "summary": "When metadata indicate that orally administered probiotic strains can help reduce the impact of colds and flu, does it makes you wonder about how they might fare in fighting this current Coronavirus pandemic?", "author": {"name": "Nature Microbiology Community", "url": "https://naturemicrobiologycommunity.nature.com/", "description": ""}}]}, "score": 31.13, "images": {"small": "https://badges.altmetric.com/?size=64&score=32&types=bttttttf", "medium": "https://badges.altmetric.com/?size=100&score=32&types=bttttttf", "large": "https://badges.altmetric.com/?size=180&score=32&types=bttttttf"}}