{"altmetric_id": 77357084, "counts": {"readers": {"mendeley": 0, "citeulike": 0, "connotea": 0}, "total": {"posts_count": 21}, "twitter": {"unique_users_count": 19, "posts_count": 20}, "news": {"unique_users_count": 1, "unique_users": ["spektrum"], "posts_count": 1}}, "citation": {"altmetric_jid": "4f6fa6223cf058f610007be9", "authors": ["Suliman Khan", "Rabeea Siddique", "Muhammad Adnan Shereen", "Ashaq Ali", "Jianbo Liu", "Qian Bai", "Nadia Bashir", "Mengzhou Xue"], "doi": "10.1128/jcm.00187-20", "first_seen_on": "2020-03-11T19:26:09+00:00", "issns": ["0095-1137", "1098-660X"], "journal": "Journal of Clinical Microbiology", "last_mentioned_on": 1584521100, "links": ["https://jcm.asm.org/content/early/2020/03/05/JCM.00187-20", "https://jcm.asm.org/content/early/2020/03/05/JCM.00187-20?rss=1", "https://www.ncbi.nlm.nih.gov/pubmed/32161092?dopt=Abstract&utm_source=dlvr.it&utm_medium=twitter", "https://www.ncbi.nlm.nih.gov/pubmed/32161092", "https://jcm.asm.org/content/jcm/early/2020/03/05/JCM.00187-20.full.pdf"], "pdf_url": "https://jcm.asm.org/content/jcm/early/2020/03/05/JCM.00187-20.full.pdf", "pmid": "32161092", "epubdate": "2020-03-11T00:00:00+00:00", "publisher_subjects": [{"name": "Biological Sciences", "scheme": "era"}, {"name": "Agricultural And Veterinary Sciences", "scheme": "era"}, {"name": "Medical And Health Sciences", "scheme": "era"}], "scopus_subjects": ["Medicine", "Health Sciences"], "title": "The emergence of a novel coronavirus (SARS-CoV-2), their biology and therapeutic options", "type": "article"}, "altmetric_score": {"score": 23.2, "score_history": {"1y": 23.2, "6m": 23.2, "3m": 23.2, "1m": 23.2, "1w": 23.2, "6d": 20.6, "5d": 15.1, "4d": 13.25, "3d": 12, "2d": 11, "1d": 11, "at": 23.2}, "context_for_score": {"all": {"total_number_of_other_articles": 14518712, "mean": 8.4679625195264, "rank": 777239, "this_scored_higher_than_pct": 94, "this_scored_higher_than": 13740794, "rank_type": "exact", "sample_size": 14518712, "percentile": 94}, "similar_age_3m": {"total_number_of_other_articles": 148758, "mean": 14.161005021613, "rank": 12616, "this_scored_higher_than_pct": 91, "this_scored_higher_than": 136128, "rank_type": "exact", "sample_size": 148758, "percentile": 91}, "this_journal": {"total_number_of_other_articles": 7885, "mean": 6.3727709284627, "rank": 267, "this_scored_higher_than_pct": 96, "this_scored_higher_than": 7620, "rank_type": "exact", "sample_size": 7885, "percentile": 96}, "similar_age_this_journal_3m": {"total_number_of_other_articles": 5, "mean": 19.1125, "rank": 3, "this_scored_higher_than_pct": 40, "this_scored_higher_than": 2, "rank_type": "exact", "sample_size": 5, "percentile": 40}}}, "demographics": {"poster_types": {"member_of_the_public": 8, "researcher": 9, "practitioner": 1, "science_communicator": 1}, "users": {"twitter": {"cohorts": {"Scientists": 9, "Members of the public": 8, "Practitioners (doctors, other healthcare professionals)": 1, "Science communicators (journalists, bloggers, editors)": 1}}}, "geo": {"twitter": {"CA": 2, "DO": 1, "SE": 1, "TR": 2, "BR": 1, "FR": 1, "HR": 1, "US": 1}}}, "posts": {"twitter": [{"license": "gnip", "citation_ids": [77357084], "author": {"tweeter_id": "3322502295"}, "tweet_id": "1237822070555209728"}, {"license": "gnip", "citation_ids": [77357084], "author": {"tweeter_id": "364711285"}, "tweet_id": "1237822500567998464"}, {"license": "gnip", "citation_ids": [77357084], "author": {"tweeter_id": "2713078423"}, "tweet_id": "1237822614447493121"}, {"license": "gnip", "citation_ids": [77357084], "author": {"tweeter_id": "106303710"}, "tweet_id": "1237833938439110659"}, {"license": "gnip", "citation_ids": [77357084], "author": {"tweeter_id": "38662736"}, "tweet_id": "1238092401677385728"}, {"license": "gnip", "citation_ids": [77357084], "author": {"tweeter_id": "209125522"}, "tweet_id": "1238158065024761857"}, {"license": "gnip", "citation_ids": [77357084], "author": {"tweeter_id": "447436441"}, "tweet_id": "1238158243945418752"}, {"license": "gnip", "citation_ids": [77357084], "author": {"tweeter_id": "992846267192627200"}, "tweet_id": "1238158436078161920"}, {"license": "gnip", "citation_ids": [77357084], "author": {"tweeter_id": "1178738729223168000"}, "tweet_id": "1238158579250724864"}, {"license": "gnip", "citation_ids": [77357084], "author": {"tweeter_id": "1375176776"}, "tweet_id": "1238202816621150209"}, {"license": "gnip", "citation_ids": [77357084], "author": {"tweeter_id": "972425460058677248"}, "tweet_id": "1238206927517204486"}, {"license": "gnip", "citation_ids": [77357084], "author": {"tweeter_id": "1141997100546363392"}, "tweet_id": "1238303287172005888"}, {"license": "gnip", "citation_ids": [77357084], "author": {"tweeter_id": "1191745846615957506"}, "tweet_id": "1238405457129041920"}, {"license": "gnip", "citation_ids": [77357084], "author": {"tweeter_id": "374156890"}, "tweet_id": "1238530039840456712"}, {"license": "gnip", "citation_ids": [77357084], "author": {"tweeter_id": "2330354066"}, "tweet_id": "1238684109788057602"}, {"license": "gnip", "citation_ids": [77357084], "author": {"tweeter_id": "209125522"}, "tweet_id": "1238752089041440768"}, {"license": "gnip", "citation_ids": [77357084], "author": {"tweeter_id": "1099494762296397824"}, "tweet_id": "1238836906621878274"}, {"license": "gnip", "citation_ids": [77357084], "author": {"tweeter_id": "747514856442568704"}, "tweet_id": "1238975106682097669"}, {"license": "gnip", "citation_ids": [77357084], "author": {"tweeter_id": "1012398211690983424"}, "tweet_id": "1239434594492903424"}, {"license": "gnip", "citation_ids": [77357084], "author": {"tweeter_id": "2858266860"}, "tweet_id": "1239925352396476418"}], "news": [{"title": "Covid-19: Das Virus", "url": "http://ct.moreover.com/?a=41652494694&p=1pl&v=1&x=Jrp3zoUP27HHfzEBUAY8TQ", "license": "public", "citation_ids": [52456619, 74933899, 77357084], "posted_on": "2020-03-18T08:45:00+00:00", "summary": "Covid-19: Das Virus Das ist Sars-CoV-2, besser bekannt als das Coronavirus, das die pandemische Krankheit Covid-19 ausl\u00f6st.", "author": {"name": "Spektrum", "url": "http://www.spektrum.de/", "image": "https://s3.amazonaws.com/weyland.altmetric.com/news_sources/logos/000/000/917/normal/Screen_Shot_2016-02-02_at_12.11.43.png?1454415118"}}]}, "score": 23.2, "images": {"small": "https://badges.altmetric.com/?size=64&score=24&types=mttttttt", "medium": "https://badges.altmetric.com/?size=100&score=24&types=mttttttt", "large": "https://badges.altmetric.com/?size=180&score=24&types=mttttttt"}}