{"altmetric_id": 77680424, "counts": {"readers": {"mendeley": 0, "citeulike": 0, "connotea": 0}, "total": {"posts_count": 44}, "twitter": {"unique_users_count": 41, "posts_count": 44}}, "citation": {"altmetric_jid": "4f6fa4e93cf058f61000245c", "authors": ["Abi Rimmer"], "doi": "10.1136/bmj.m1088", "first_seen_on": "2020-03-17T11:03:47+00:00", "issns": ["1756-1833"], "journal": "British Medical Journal", "last_mentioned_on": 1584521860, "links": ["https://www.bmj.com/content/368/bmj.m1088.short?rss=1&utm_source=dlvr.it&utm_medium=twitter&utm_campaign=Feed%3A+bmj%2Frecent+%28Latest+from+BMJ%29", "https://www.bmj.com/content/368/bmj.m1088.short?rss=1&utm_source=dlvr.it&utm_medium=twitter", "https://www.bmj.com/content/368/bmj.m1088", "https://www.bmj.com/content/368/bmj.m1088?utm_source=twitter&utm_medium=social&utm_term=hootsuite&utm_content=sme&utm_campaign=usage"], "pdf_url": "https://www.bmj.com/content/bmj/368/bmj.m1088.full.pdf", "pubdate": "2020-03-17T00:00:00+00:00", "publisher": "British Medical Journal Publishing Group", "publisher_subjects": [{"name": "Public Health And Health Services", "scheme": "era"}], "scopus_subjects": ["Medicine", "Health Sciences"], "title": "Covid-19: trainees will not move jobs in April", "type": "article", "volume": "368"}, "altmetric_score": {"score": 24.95, "score_history": {"1y": 24.95, "6m": 24.95, "3m": 24.95, "1m": 24.95, "1w": 24.95, "6d": 24.95, "5d": 24.95, "4d": 24.95, "3d": 24.95, "2d": 24.95, "1d": 24.95, "at": 24.95}, "context_for_score": {"all": {"total_number_of_other_articles": 14518712, "mean": 8.4679625195264, "rank": 730291, "this_scored_higher_than_pct": 94, "this_scored_higher_than": 13787894, "rank_type": "exact", "sample_size": 14518712, "percentile": 94}, "similar_age_3m": {"total_number_of_other_articles": 147194, "mean": 13.696960969611, "rank": 11488, "this_scored_higher_than_pct": 92, "this_scored_higher_than": 135690, "rank_type": "exact", "sample_size": 147194, "percentile": 92}, "this_journal": {"total_number_of_other_articles": 46648, "mean": 31.264893948164, "rank": 9198, "this_scored_higher_than_pct": 80, "this_scored_higher_than": 37439, "rank_type": "exact", "sample_size": 46648, "percentile": 80}, "similar_age_this_journal_3m": {"total_number_of_other_articles": 364, "mean": 60.409278236914, "rank": 140, "this_scored_higher_than_pct": 61, "this_scored_higher_than": 223, "rank_type": "exact", "sample_size": 364, "percentile": 61}}}, "demographics": {"poster_types": {"member_of_the_public": 17, "researcher": 4, "practitioner": 19, "science_communicator": 1}, "users": {"twitter": {"cohorts": {"Members of the public": 17, "Science communicators (journalists, bloggers, editors)": 1, "Practitioners (doctors, other healthcare professionals)": 19, "Scientists": 4}}}, "geo": {"twitter": {"BE": 1, "GB": 23, "FR": 1, "JP": 1, "US": 1}}}, "posts": {"twitter": [{"license": "gnip", "citation_ids": [77680424], "author": {"tweeter_id": "283604227"}, "tweet_id": "1239869977957548032"}, {"license": "gnip", "citation_ids": [77680424], "author": {"tweeter_id": "283604227"}, "tweet_id": "1239871862743560192"}, {"license": "gnip", "citation_ids": [77680424], "author": {"tweeter_id": "348355444"}, "tweet_id": "1239875803921424384"}, {"license": "gnip", "citation_ids": [77680424], "author": {"tweeter_id": "911267446996262912"}, "tweet_id": "1239875972092039168"}, {"license": "gnip", "citation_ids": [77680424], "author": {"tweeter_id": "830102078320152576"}, "tweet_id": "1239876153164341249"}, {"license": "gnip", "citation_ids": [77680424], "author": {"tweeter_id": "1181943190250762240"}, "tweet_id": "1239876202254475273"}, {"license": "gnip", "citation_ids": [77680424], "author": {"tweeter_id": "830102078320152576"}, "tweet_id": "1239876477493051392"}, {"license": "gnip", "citation_ids": [77680424], "author": {"tweeter_id": "41083399"}, "tweet_id": "1239876818032832512"}, {"license": "gnip", "citation_ids": [77680424], "author": {"tweeter_id": "2440561920"}, "tweet_id": "1239877071104610304"}, {"license": "gnip", "citation_ids": [77680424], "author": {"tweeter_id": "20402629"}, "tweet_id": "1239878357262774272"}, {"license": "gnip", "citation_ids": [77680424], "author": {"tweeter_id": "1224649568"}, "tweet_id": "1239884709477470215"}, {"license": "gnip", "citation_ids": [77680424], "author": {"tweeter_id": "16949344"}, "tweet_id": "1239887986751426562"}, {"license": "gnip", "citation_ids": [77680424], "author": {"tweeter_id": "1012283510319669249"}, "tweet_id": "1239888111439577092"}, {"license": "gnip", "citation_ids": [77680424], "author": {"tweeter_id": "1077008722625482752"}, "tweet_id": "1239888182398894080"}, {"license": "gnip", "citation_ids": [77680424], "author": {"tweeter_id": "348355444"}, "tweet_id": "1239888723816439809"}, {"license": "gnip", "citation_ids": [77680424], "author": {"tweeter_id": "579511314"}, "tweet_id": "1239889268996288512"}, {"license": "gnip", "citation_ids": [77680424], "author": {"tweeter_id": "1656162367"}, "tweet_id": "1239895335536861185"}, {"license": "gnip", "citation_ids": [77680424], "author": {"tweeter_id": "1065889607764586500"}, "tweet_id": "1239896777815461888"}, {"license": "gnip", "citation_ids": [77680424], "author": {"tweeter_id": "776155640473411584"}, "tweet_id": "1239900871187738624"}, {"license": "gnip", "citation_ids": [77680424], "author": {"tweeter_id": "4172580077"}, "tweet_id": "1239901439155154945"}, {"license": "gnip", "citation_ids": [77680424], "author": {"tweeter_id": "709451598"}, "tweet_id": "1239911215255748610"}, {"license": "gnip", "citation_ids": [77680424], "author": {"tweeter_id": "2215499786"}, "tweet_id": "1239952330973470725"}, {"license": "gnip", "citation_ids": [77680424], "author": {"tweeter_id": "85912626"}, "tweet_id": "1239952508442873857"}, {"license": "gnip", "citation_ids": [77680424], "author": {"tweeter_id": "1053554680649998337"}, "tweet_id": "1239985987851354112"}, {"license": "gnip", "citation_ids": [77680424], "author": {"tweeter_id": "842278113727922177"}, "tweet_id": "1239991444212977671"}, {"license": "gnip", "citation_ids": [77680424], "author": {"tweeter_id": "918570705540845570"}, "tweet_id": "1239992747873927169"}, {"license": "gnip", "citation_ids": [77680424], "author": {"tweeter_id": "44854299"}, "tweet_id": "1239996910611595269"}, {"license": "gnip", "citation_ids": [77680424], "author": {"tweeter_id": "716711433438892034"}, "tweet_id": "1240000020004384769"}, {"license": "gnip", "citation_ids": [77680424], "author": {"tweeter_id": "705407459020709889"}, "tweet_id": "1240044892354641920"}, {"license": "gnip", "citation_ids": [77680424], "author": {"tweeter_id": "1054884340809768960"}, "tweet_id": "1240051379454042112"}, {"license": "gnip", "citation_ids": [77680424], "author": {"tweeter_id": "1656031728"}, "tweet_id": "1240053040822050817"}, {"license": "gnip", "citation_ids": [77680424], "author": {"tweeter_id": "35591444"}, "tweet_id": "1240110704872624130"}, {"license": "gnip", "citation_ids": [77680424], "author": {"tweeter_id": "81024530"}, "tweet_id": "1240157154293813249"}, {"license": "gnip", "citation_ids": [77680424], "author": {"tweeter_id": "2731562335"}, "tweet_id": "1240166029667467264"}, {"license": "gnip", "citation_ids": [77680424], "author": {"tweeter_id": "2518140451"}, "tweet_id": "1240167189631680513"}, {"license": "gnip", "citation_ids": [77680424], "author": {"tweeter_id": "3077389289"}, "tweet_id": "1240167320238120960"}, {"license": "gnip", "citation_ids": [77680424], "author": {"tweeter_id": "214653884"}, "tweet_id": "1240168013590077442"}, {"license": "gnip", "citation_ids": [77680424], "author": {"tweeter_id": "4226927423"}, "tweet_id": "1240168580253192192"}, {"license": "gnip", "citation_ids": [77680424], "author": {"tweeter_id": "951561284138528768"}, "tweet_id": "1240172333639315457"}, {"license": "gnip", "citation_ids": [77680424], "author": {"tweeter_id": "2862262723"}, "tweet_id": "1240173619227103233"}, {"license": "gnip", "citation_ids": [77680424], "author": {"tweeter_id": "256679070"}, "tweet_id": "1240174375602708480"}, {"license": "gnip", "citation_ids": [77680424], "author": {"tweeter_id": "343607893"}, "tweet_id": "1240178782893473793"}, {"license": "gnip", "citation_ids": [77680424], "author": {"tweeter_id": "3295951442"}, "tweet_id": "1240187852199211009"}, {"license": "gnip", "citation_ids": [77680424], "author": {"tweeter_id": "240290748"}, "tweet_id": "1240200687566422017"}]}, "score": 24.95, "images": {"small": "https://badges.altmetric.com/?size=64&score=25&types=tttttttt", "medium": "https://badges.altmetric.com/?size=100&score=25&types=tttttttt", "large": "https://badges.altmetric.com/?size=180&score=25&types=tttttttt"}}