{"altmetric_id": 77436599, "counts": {"readers": {"mendeley": 0, "citeulike": 0, "connotea": 0}, "total": {"posts_count": 1}, "twitter": {"unique_users_count": 1, "posts_count": 1}}, "citation": {"altmetric_jid": "4f6fa4df3cf058f610001f6b", "authors": ["Stella M. Hurtley"], "doi": "10.1126/science.367.6483.1207-k", "first_seen_on": "2020-03-13T07:13:41+00:00", "handles": [], "isbns": [], "issns": ["0036-8075", "1095-9203"], "journal": "Science", "last_mentioned_on": 1584083592, "links": ["https://science.sciencemag.org/content/367/6483/1207.11?rss=1"], "pdf_url": "https://science.sciencemag.org/content/sci/367/6483/1207.11.full.pdf", "pubdate": "2020-03-13T00:00:00+00:00", "epubdate": "2020-03-12T00:00:00+00:00", "publisher": "American Association for the Advancement of Science (AAAS)", "scopus_subjects": ["General"], "title": "Spreading edema after stroke", "type": "article"}, "altmetric_score": {"score": 0.25, "score_history": {"1y": 0.25, "6m": 0.25, "3m": 0.25, "1m": 0.25, "1w": 0.25, "6d": 0.25, "5d": 0.25, "4d": 0, "3d": 0, "2d": 0, "1d": 0, "at": 0.25}, "context_for_score": {"all": {"total_number_of_other_articles": 14515779, "mean": 8.4675688885467, "rank": 12828239, "this_scored_higher_than_pct": 1, "this_scored_higher_than": 0, "rank_type": "exact", "sample_size": 14515779, "percentile": 1}, "similar_age_3m": {"total_number_of_other_articles": 146359, "mean": 14.107669454352, "rank": 117482, "this_scored_higher_than_pct": 1, "this_scored_higher_than": 0, "rank_type": "exact", "sample_size": 146359, "percentile": 1}, "this_journal": {"total_number_of_other_articles": 64542, "mean": 46.702333989247, "rank": 62383, "this_scored_higher_than_pct": 1, "this_scored_higher_than": 0, "rank_type": "exact", "sample_size": 64542, "percentile": 1}, "similar_age_this_journal_3m": {"total_number_of_other_articles": 440, "mean": 128.97832801823, "rank": 393, "this_scored_higher_than_pct": 1, "this_scored_higher_than": 0, "rank_type": "exact", "sample_size": 440, "percentile": 1}}}, "demographics": {"poster_types": {"researcher": 1}, "users": {"twitter": {"cohorts": {"Scientists": 1}}}, "geo": {"twitter": {"ES": 1}}}, "posts": {"twitter": [{"license": "gnip", "citation_ids": [77436599], "author": {"tweeter_id": "329085723"}, "tweet_id": "1238362457439195136"}]}, "score": 0.25, "images": {"small": "https://badges.altmetric.com/?size=64&score=1&types=tttttttt", "medium": "https://badges.altmetric.com/?size=100&score=1&types=tttttttt", "large": "https://badges.altmetric.com/?size=180&score=1&types=tttttttt"}}