{"altmetric_id": 74953407, "counts": {"readers": {"mendeley": 0, "citeulike": 0, "connotea": 0}, "news": {"unique_users_count": 9, "unique_users": ["phys_org", "eurekalert", "sciencenewsnet_in", "newswise", "science_daily", "the_medical_news", "medindia", "drug_target_review", "technology_networks"], "posts_count": 9}, "total": {"posts_count": 27}, "twitter": {"unique_users_count": 13, "posts_count": 14}, "blogs": {"unique_users_count": 4, "unique_users": [56417, 60021, 60253, 58769], "posts_count": 4}}, "citation": {"altmetric_jid": "55f17ebe2a83ee43768b456d", "authors": ["Mijia Lu", "Zijie Zhang", "Miaoge Xue", "Boxuan Simen Zhao", "Olivia Harder", "Anzhong Li", "Xueya Liang", "Thomas Z. Gao", "Yunsheng Xu", "Jiyong Zhou", "Zongdi Feng", "Stefan Niewiesk", "Mark E. Peeples", "Chuan He", "Jianrong Li"], "doi": "10.1038/s41564-019-0653-9", "endpage": "15", "first_seen_on": "2020-02-03T16:22:54+00:00", "funders": ["dohuk"], "issns": ["2058-5276"], "journal": "Nature Microbiology", "last_mentioned_on": 1584478637, "links": ["https://nature.com/articles/s41564-019-0653-9", "https://www.nature.com/articles/s41564-019-0653-9?error=cookies_not_supported&code=e7caaf15-a09f-43c3-bc1a-2c7f5f26489f", "https://www.nature.com/articles/s41564-019-0653-9?error=cookies_not_supported&code=e7a8ba68-d7a4-4d4f-b60a-7170d72098ea", "https://www.nature.com/articles/s41564-019-0653-9#citeas", "https://www.nature.com/articles/s41564-019-0653-9?error=cookies_not_supported&code=a567824c-509b-46f8-ad5a-985fb033e605", "https://www.nature.com/articles/s41564-019-0653-9.epdf?shared_access_token=29HbE61zoDem5I0vQrGcPtRgN0jAjWel9jnR3ZoTv0Mk10HYjDRQxhLHk_cZD0e-QCJkHteWI1sN7blQ03Ef2P0f5RhKx3gnCTb117uYZSk5KNPL_tt0K3OzIYa59TjYMJLwXZ9_1p2ji7q-gQIJZw%3D%3D&error=cookies_not_supported&code=793e4df3-fae5-4466-bbc5-cb9d5aa07058"], "pdf_url": "https://www.nature.com/articles/s41564-019-0653-9.pdf", "pmid": "32015498", "epubdate": "2020-02-03T00:00:00+00:00", "startpage": "1", "title": "N6-methyladenosine modification enables viral RNA to escape recognition by RNA sensor RIG-I", "type": "article"}, "altmetric_score": {"score": 88.936, "score_history": {"1y": 88.936, "6m": 88.936, "3m": 88.936, "1m": 5.08, "1w": 5.08, "6d": 5.08, "5d": 5.08, "4d": 5.08, "3d": 5.08, "2d": 5.08, "1d": 5.08, "at": 88.936}, "context_for_score": {"all": {"total_number_of_other_articles": 14515537, "mean": 8.4667979360787, "rank": 209484, "this_scored_higher_than_pct": 98, "this_scored_higher_than": 14306116, "rank_type": "exact", "sample_size": 14515537, "percentile": 98}, "similar_age_3m": {"total_number_of_other_articles": 236369, "mean": 13.69704322074, "rank": 6270, "this_scored_higher_than_pct": 97, "this_scored_higher_than": 230099, "rank_type": "exact", "sample_size": 236369, "percentile": 97}, "this_journal": {"total_number_of_other_articles": 1110, "mean": 74.166128043282, "rank": 269, "this_scored_higher_than_pct": 75, "this_scored_higher_than": 841, "rank_type": "exact", "sample_size": 1110, "percentile": 75}, "similar_age_this_journal_3m": {"total_number_of_other_articles": 69, "mean": 84.464852941176, "rank": 22, "this_scored_higher_than_pct": 68, "this_scored_higher_than": 47, "rank_type": "exact", "sample_size": 69, "percentile": 68}}}, "demographics": {"poster_types": {"member_of_the_public": 9, "researcher": 3, "practitioner": 1}, "users": {"twitter": {"cohorts": {"Scientists": 3, "Members of the public": 9, "Practitioners (doctors, other healthcare professionals)": 1}}}, "geo": {"twitter": {"US": 4, "FR": 1, "GB": 2, "DE": 1}}}, "posts": {"news": [{"title": "Exposing a virus's hiding place reveals new potential vaccine", "url": "http://ct.moreover.com/?a=41288753782&p=1pl&v=1&x=kvoQ6z-HjohtlBxnep5Z9g", "license": "public", "citation_ids": [74953407, 74953407], "posted_on": "2020-02-03T16:00:07+00:00", "summary": "By figuring out how a common virus hides from the immune system, scientists have identified a potential vaccine to prevent sometimes deadly respiratory infections in humans.", "author": {"name": "Phys.org", "url": "http://phys.org/", "image": "https://s3.amazonaws.com/weyland.altmetric.com/news_sources/logos/000/000/185/normal/image.jpeg?1369927351"}}, {"title": "Exposing a virus's hiding place reveals new potential vaccine", "url": "http://ct.moreover.com/?a=41288850183&p=1pl&v=1&x=GacU_VqnwY9fGQ3mD9xnMg", "license": "public", "citation_ids": [74953407, 74953407], "posted_on": "2020-02-03T05:00:00+00:00", "summary": "COLUMBUS, Ohio - By figuring out how a common virus hides from the immune system, scientists have identified a potential vaccine to prevent sometimes deadly respiratory infections in humans.", "author": {"name": "EurekAlert!", "url": "http://www.eurekalert.org/", "image": "https://s3.amazonaws.com/weyland.altmetric.com/news_sources/logos/000/000/077/normal/EurekAlert_StackedLogo_Wht-RedBox.png?1573666452"}}, {"title": "Exposing a virus's hiding place reveals new potential vaccine", "url": "https://sciencenewsnet.in/exposing-a-virus-s-hiding-place-reveals-new-potential-vaccine/", "license": "public", "citation_ids": [74953407, 74953407, 74953407], "posted_on": "2020-02-03T11:00:00+00:00", "summary": "Post Views: 1 COLUMBUS, Ohio By figuring out how a common virus hides from the immune system, scientists have identified a potential vaccine to prevent sometimes deadly respiratory infections in humans.", "author": {"name": "Sciencenewsnet.in", "url": "https://sciencenewsnet.in/", "image": "https://s3.amazonaws.com/weyland.altmetric.com/news_sources/logos/000/005/084/normal/IN.PNG?1578485787"}}, {"title": "Exposing a virus's hiding place reveals new potential vaccine", "url": "http://ct.moreover.com/?a=41289125733&p=1pl&v=1&x=dEfOk80Zcqc8wgQRE-81NA", "license": "public", "citation_ids": [74953407, 74953407, 74953407], "posted_on": "2020-02-03T16:00:00+00:00", "summary": "All Journal News, Children's Health, Immunology, Infectious Diseases, Public Health, Respiratory Diseases and Disorders, Seniors, Vaccines, National Institutes of Health (NIH), Nature (journal), Embargoed Feed - hidden Virus, Vaccine, Respiratory\u2026", "author": {"name": "Newswise", "url": "http://www.newswise.com/", "image": "https://s3.amazonaws.com/weyland.altmetric.com/news_sources/logos/000/000/200/normal/image.png?1370251547"}}, {"title": "Exposing a virus's hiding place reveals new potential vaccine", "url": "http://ct.moreover.com/?a=41290259253&p=1pl&v=1&x=DN1CHS_aNdCTGQohYgIIvQ", "license": "public", "citation_ids": [74953407, 74953407, 74953407], "posted_on": "2020-02-03T16:43:30+00:00", "summary": "By figuring out how a common virus hides from the immune system, scientists have identified a potential vaccine to prevent sometimes deadly respiratory infections in humans.", "author": {"name": "Science Daily", "url": "http://www.sciencedaily.com/", "image": "https://s3.amazonaws.com/weyland.altmetric.com/news_sources/logos/000/000/179/normal/image.png?1369927053"}}, {"title": "Experimental vaccine prevents infection of lung and nasal cavity", "url": "http://ct.moreover.com/?a=41291230350&p=1pl&v=1&x=bSPQDIdTFFzgewJRYsxZew", "license": "public", "citation_ids": [74953407], "posted_on": "2020-02-03T23:43:35+00:00", "summary": "Researchers have found that viruses causing human respiratory infections called human metapneumovirus (HMPV) have a special ability to hide itself from the body\u2019s immune system.", "author": {"name": "The Medical News", "url": "http://www.news-medical.net/", "image": "https://s3.amazonaws.com/weyland.altmetric.com/news_sources/logos/000/000/146/normal/image.png?1369927508"}}, {"title": "Knowing Hiding Place of Virus Aids to Develop New Vaccine", "url": "http://ct.moreover.com/?a=41293208020&p=1pl&v=1&x=_V2unSf_MD85luewqcfYRQ", "license": "public", "citation_ids": [74953407, 74953407, 74953407], "posted_on": "2020-02-04T06:05:21+00:00", "summary": "The follow-up research says it has circulated in humans for at least 50 years and is considered around the world to be the No.", "author": {"name": "Medindia", "url": "http://www.medindia.net/", "image": "https://s3.amazonaws.com/weyland.altmetric.com/news_sources/logos/000/000/864/normal/Screen_Shot_2016-02-02_at_16.39.45.png?1454431195"}}, {"title": "RNA methylation knock-out mutant could be potential HMPV vaccine", "url": "http://ct.moreover.com/?a=41296791775&p=1pl&v=1&x=58F235QtzMdToiJzGuZZvg", "license": "public", "citation_ids": [74953407], "posted_on": "2020-02-04T15:03:50+00:00", "summary": "Research has shown that human metapneumovirus uses RNA methylation to hide from the immune system and that knocking out this methylation creates a mutant strain which acts like a vaccine.", "author": {"name": "Drug Target Review", "url": "https://www.drugtargetreview.com/", "image": "https://s3.amazonaws.com/weyland.altmetric.com/news_sources/logos/000/004/897/normal/Capture1.PNG?1576744650"}}, {"title": "No Where for Viruses To Hide", "url": "http://ct.moreover.com/?a=41312707933&p=1pl&v=1&x=t2SkIHKSDViUTXDEih3K0w", "license": "public", "citation_ids": [74953407, 74953407, 74953407, 74953407], "posted_on": "2020-02-06T09:33:41+00:00", "summary": "By figuring out how a common virus hides from the immune system, scientists have identified a potential vaccine to prevent sometimes deadly respiratory infections in humans.", "author": {"name": "Technology Networks", "url": "http://www.technologynetworks.com", "image": "https://s3.amazonaws.com/weyland.altmetric.com/news_sources/logos/000/002/009/normal/Screen_Shot_2016-02-18_at_10.51.33.png?1455792737"}}], "twitter": [{"license": "gnip", "citation_ids": [74953407], "author": {"tweeter_id": "4906283301"}, "tweet_id": "1224374269267922944"}, {"license": "gnip", "citation_ids": [74953407], "author": {"tweeter_id": "806563088564633600"}, "tweet_id": "1224457802753564673"}, {"license": "gnip", "citation_ids": [74953407], "author": {"tweeter_id": "1186471808133947393"}, "tweet_id": "1224464636973604871"}, {"license": "gnip", "citation_ids": [74953407], "author": {"tweeter_id": "3255151255"}, "tweet_id": "1224538785871998976"}, {"license": "gnip", "citation_ids": [74953407], "author": {"tweeter_id": "706694905360297984"}, "tweet_id": "1224689328854573056"}, {"license": "gnip", "citation_ids": [74953407], "author": {"tweeter_id": "398592983"}, "tweet_id": "1224723056381386752"}, {"license": "gnip", "citation_ids": [74953407], "author": {"tweeter_id": "613473353"}, "tweet_id": "1225000256972050433"}, {"license": "gnip", "citation_ids": [74953407], "author": {"tweeter_id": "368575967"}, "tweet_id": "1225449512262684674"}, {"license": "gnip", "citation_ids": [74953407], "author": {"tweeter_id": "1156537447364333568"}, "tweet_id": "1226803374823223297"}, {"license": "gnip", "citation_ids": [74953407], "author": {"tweeter_id": "398592983"}, "tweet_id": "1226956550532714497"}, {"license": "gnip", "citation_ids": [74953407], "author": {"tweeter_id": "1011711384437051393"}, "tweet_id": "1226959566606413835"}, {"license": "gnip", "citation_ids": [74953407], "author": {"tweeter_id": "389104963"}, "tweet_id": "1226966238779277312"}, {"license": "gnip", "citation_ids": [74953407], "author": {"tweeter_id": "2493434756"}, "tweet_id": "1227934467983015937"}, {"license": "gnip", "citation_ids": [74953407], "author": {"tweeter_id": "962314174192930817"}, "tweet_id": "1227936042071810049"}], "blogs": [{"title": "m6A-seq exposes a virus\u2019s hiding place and reveals new potential vaccine", "url": "https://www.rna-seqblog.com/m6a-seq-exposes-a-viruss-hiding-place-and-reveals-new-potential-vaccine/", "license": "public", "citation_ids": [74953407], "posted_on": "2020-02-05T05:00:25+00:00", "summary": "By figuring out how a common virus hides from the immune system, scientists have identified a potential vaccine to prevent sometimes deadly respiratory infections in humans.\nThe research was conducted using the\u00a0human metapneumovirus\u00a0(HMPV). The virus was", "author": {"name": "RNA-Seq Blog", "url": "http://www.rna-seqblog.com/", "description": "Transcriptome Research &amp; Industry News"}}, {"title": "RNA Modification \u2013 A Viral Hideout", "url": "http://www.frontlinegenomics.com/news/29162/rna-modification-a-viral-hideout/#utm_source=rss&utm_medium=rss&utm_campaign=rna-modification-a-viral-hideout", "license": "public", "citation_ids": [74953407], "posted_on": "2020-02-05T12:02:23+00:00", "summary": "Scientists show how hMPV virus exploits RNA modification to prevent host differentiation of self and non-self RNA, thereby evading an innate immune response. This mechanism could serve as a hMPV vaccine target, and potentially more if found to be well-con", "author": {"name": "Front Line Genomics", "url": "http://www.frontlinegenomics.com/", "description": ""}}, {"title": "Exposing a virus\u2019s hiding place reveals new potential vaccine", "url": "https://scienceblog.com/514031/exposing-a-viruss-hiding-place-reveals-new-potential-vaccine/", "license": "public", "citation_ids": [74953407], "posted_on": "2020-02-07T02:00:28+00:00", "summary": "By figuring out how a common virus hides from the immune system, scientists have identified a potential vaccine to prevent sometimes deadly respiratory infections in humans.\nThe research was conducted using the\u00a0human metapneumovirus\u00a0(HMPV). The virus was", "author": {"name": "ScienceBlog.com", "url": "https://scienceblog.com/", "description": "Where scientists and researchers blog."}}, {"title": "<img width=\"678\" height=\"289\" src=\"https://www.whatisepigenetics.com/wp-content/uploads/2020/03/blog-3-17-20.jpg\" class=\"webfeedsFeaturedVisual wp-post-image\" alt=\"\" style=\"display: block; margin: auto; margin-bottom: 5px;max-width: 100%;\" link_thumbnail=\"\" srcset=\"https://www.whatisepigenetics.com/wp-content/uploads/2020/03/blog-3-17-20.jpg 678w, https://www.whatisepigenetics.com/wp-content/uploads/2020/03/blog-3-17-20-300x128.jpg 300w, https://www.whatisepigenetics.com/wp-content/uploads/2020/03/blog-3-17-20-620x264.jpg 620w\" sizes=\"(max-width: 678px) 100vw, 678px\" /><p>As COVID-19 is proving to the world, viruses are powerful biological agents, capable of rapidly effecting massive damage and fatality. And yet, they&#8217;re so simple: a virus is merely comprised of pieces of genetic material\u2014either RNA or DNA\u2014wrapped in a protein envelope, which is known as a &#8220;capsid.&#8221; But coronaviruses are not the only type of virus out there, nor the only one capable of heavy destruction. Human metapneumovirus (HMPV) was officially discovered in 2001, although evidence points to its <a class=\"mh-excerpt-more\" href=\"https://www.whatisepigenetics.com/9119-2/\" title=\"\">[more...]</a></p>\n<p>The article <a rel=\"nofollow\" href=\"https://www.whatisepigenetics.com/9119-2/\"></a> appeared first on <a rel=\"nofollow\" href=\"https://www.whatisepigenetics.com\">What is Epigenetics?</a>.</p>", "url": "https://www.whatisepigenetics.com/9119-2/", "license": "public", "citation_ids": [74953407], "posted_on": "2020-03-17T20:57:17+00:00", "summary": "reddit_url = \"https://www.whatisepigenetics.com/9119-2/\"; reddit_title = \"\"; reddit_newwindow=\"1\"\nAs COVID-19 is proving to the world, viruses are powerful\nbiological agents, capable of rapidly effecting massive damage and fatality.\nAnd yet, they&#8217;re", "author": {"name": "What is Epigenetics?", "url": "http://www.whatisepigenetics.com/", "description": "An educational and news site to learn about epigenetics."}}]}, "score": 88.936, "images": {"small": "https://badges.altmetric.com/?size=64&score=89&types=mmmbtttt", "medium": "https://badges.altmetric.com/?size=100&score=89&types=mmmbtttt", "large": "https://badges.altmetric.com/?size=180&score=89&types=mmmbtttt"}}