{"altmetric_id": 76767440, "counts": {"readers": {"mendeley": 0, "citeulike": 0, "connotea": 0}, "total": {"posts_count": 23}, "twitter": {"unique_users_count": 21, "posts_count": 23}}, "citation": {"altmetric_jid": "4f6fa6393cf058f610008b2a", "authors": ["Shahul H Ebrahim", "Ziad A Memish"], "doi": "10.1016/s0140-6736(20)30466-9", "first_seen_on": "2020-02-28T00:41:50+00:00", "handles": [], "isbns": [], "issns": ["0140-6736"], "journal": "The Lancet", "last_mentioned_on": 1584381542, "links": ["https://www.thelancet.com/journals/lancet/article/PIIS0140-6736(20)30466-9/fulltext", "https://www.thelancet.com/journals/lancet/article/PIIS0140-6736(20)30466-9/fulltext#.XljPUGmcQb4.twitter", "https://www.thelancet.com/journals/lancet/article/PIIS0140-6736(20)30466-9/fulltext?utm_source=dlvr.it&utm_medium=twitter", "https://www.thelancet.com/journals/lancet/article/PIIS0140-6736(20)30466-9/fulltext?dgcid=raven_jbs_etoc_email", "https://www.thelancet.com/journals/lancet/article/PIIS0140-6736(20)30466-9/fulltext#.XmtpRKHD37U.twitter", "https://secure.jbs.elsevierhealth.com/action/getSharedSiteSession?rc=2&redirect=https%3A%2F%2Fwww.thelancet.com%2Fjournals%2Flancet%2Farticle%2FPIIS0140-6736%2820%2930466-9%2Ffulltext%3Frss%3Dyes", "https://www.thelancet.com/journals/lancet/article/PIIS0140-6736(20)30466-9/fulltext?rss=yes", "https://www.ncbi.nlm.nih.gov/pubmed/32113506?dopt=Abstract&utm_source=dlvr.it&utm_medium=twitter"], "pmid": "32113506", "pubdate": "2020-03-01T00:00:00+00:00", "publisher_subjects": [{"name": "Medical And Health Sciences", "scheme": "era"}], "scopus_subjects": ["Medicine", "Health Sciences"], "title": "COVID-19: preparing for superspreader potential among Umrah pilgrims to Saudi Arabia", "type": "article"}, "altmetric_score": {"score": 9.8, "score_history": {"1y": 9.8, "6m": 9.8, "3m": 9.8, "1m": 9.8, "1w": 1, "6d": 1, "5d": 1, "4d": 0.5, "3d": 0.25, "2d": 0.25, "1d": 0, "at": 9.8}, "context_for_score": {"all": {"total_number_of_other_articles": 14515745, "mean": 8.4678829075407, "rank": 1765004, "this_scored_higher_than_pct": 87, "this_scored_higher_than": 12747619, "rank_type": "exact", "sample_size": 14515745, "percentile": 87}, "similar_age_3m": {"total_number_of_other_articles": 159826, "mean": 14.357637353355, "rank": 28362, "this_scored_higher_than_pct": 82, "this_scored_higher_than": 131386, "rank_type": "exact", "sample_size": 159826, "percentile": 82}, "this_journal": {"total_number_of_other_articles": 33207, "mean": 38.787505270132, "rank": 11701, "this_scored_higher_than_pct": 64, "this_scored_higher_than": 21494, "rank_type": "exact", "sample_size": 33207, "percentile": 64}, "similar_age_this_journal_3m": {"total_number_of_other_articles": 297, "mean": 322.76475675676, "rank": 185, "this_scored_higher_than_pct": 37, "this_scored_higher_than": 112, "rank_type": "exact", "sample_size": 297, "percentile": 37}}}, "demographics": {"poster_types": {"member_of_the_public": 14, "researcher": 4, "practitioner": 1, "science_communicator": 2}, "users": {"twitter": {"cohorts": {"Members of the public": 14, "Science communicators (journalists, bloggers, editors)": 2, "Scientists": 4, "Practitioners (doctors, other healthcare professionals)": 1}}}, "geo": {"twitter": {"CN": 1, "GB": 3, "BR": 1, "JP": 2, "PH": 1, "VN": 1, "DJ": 1, "US": 1}}}, "posts": {"twitter": [{"license": "gnip", "citation_ids": [76767440], "author": {"tweeter_id": "28994859"}, "tweet_id": "1233181977592786944"}, {"license": "gnip", "citation_ids": [76767440], "author": {"tweeter_id": "2375643853"}, "tweet_id": "1233305224858800128"}, {"license": "gnip", "citation_ids": [76767440], "author": {"tweeter_id": "1195310926976765952"}, "tweet_id": "1233308244979986433"}, {"license": "gnip", "citation_ids": [76767440], "author": {"tweeter_id": "2252973282"}, "tweet_id": "1233345934865682432"}, {"license": "gnip", "citation_ids": [76767440], "author": {"tweeter_id": "970491250880102400"}, "tweet_id": "1233371301835726849"}, {"license": "gnip", "citation_ids": [76767440], "author": {"tweeter_id": "1214232500664295424"}, "tweet_id": "1233390283837960200"}, {"license": "gnip", "citation_ids": [76767440], "author": {"tweeter_id": "4202781"}, "tweet_id": "1233394183483744256"}, {"license": "gnip", "citation_ids": [76767440], "author": {"tweeter_id": "1449051398"}, "tweet_id": "1233410514136363012"}, {"license": "gnip", "citation_ids": [76767440], "author": {"tweeter_id": "14465282"}, "tweet_id": "1233431661603241984"}, {"license": "gnip", "citation_ids": [76767440], "author": {"tweeter_id": "775018086642569218"}, "tweet_id": "1233435395859374080"}, {"license": "gnip", "citation_ids": [76767440], "author": {"tweeter_id": "2846888410"}, "tweet_id": "1233452694771261440"}, {"license": "gnip", "citation_ids": [76767440], "author": {"tweeter_id": "2846888410"}, "tweet_id": "1233453704776421377"}, {"license": "gnip", "citation_ids": [76767440], "author": {"tweeter_id": "174476012"}, "tweet_id": "1233699416395124736"}, {"license": "gnip", "citation_ids": [76767440], "author": {"tweeter_id": "159997828"}, "tweet_id": "1233786322415865856"}, {"license": "gnip", "citation_ids": [76767440], "author": {"tweeter_id": "1373739644"}, "tweet_id": "1233988716428845056"}, {"license": "gnip", "citation_ids": [76767440], "author": {"tweeter_id": "874923232234795008"}, "tweet_id": "1234170943439884288"}, {"license": "gnip", "citation_ids": [76767440], "author": {"tweeter_id": "874923232234795008"}, "tweet_id": "1234174624105189376"}, {"license": "gnip", "citation_ids": [76767440], "author": {"tweeter_id": "1103391830878502912"}, "tweet_id": "1234224827763810305"}, {"license": "gnip", "citation_ids": [76767440], "author": {"tweeter_id": "1924778654"}, "tweet_id": "1236758673269100544"}, {"license": "gnip", "citation_ids": [76767440], "author": {"tweeter_id": "333409806"}, "tweet_id": "1238421256321396737"}, {"license": "gnip", "citation_ids": [76767440], "author": {"tweeter_id": "1119900799105228801"}, "tweet_id": "1238630174247264257"}, {"license": "gnip", "citation_ids": [76767440], "author": {"tweeter_id": "1007590775817932800"}, "tweet_id": "1239018295698825217"}, {"license": "gnip", "citation_ids": [76767440], "author": {"tweeter_id": "1239315181882224640"}, "tweet_id": "1239612151678914561"}]}, "score": 9.8, "images": {"small": "https://badges.altmetric.com/?size=64&score=10&types=tttttttt", "medium": "https://badges.altmetric.com/?size=100&score=10&types=tttttttt", "large": "https://badges.altmetric.com/?size=180&score=10&types=tttttttt"}}