{"altmetric_id": 76312044, "counts": {"readers": {"mendeley": 0, "citeulike": 0, "connotea": 0}, "facebook": {"unique_users_count": 4, "unique_users": ["150504774970589", "1687468891477588", "235789313228255", "135578803233369"], "posts_count": 4}, "blogs": {"unique_users_count": 2, "unique_users": [60253, 58817], "posts_count": 2}, "news": {"unique_users_count": 3, "unique_users": ["eurekalert", "medicalxpress", "sante_log"], "posts_count": 3}, "total": {"posts_count": 650}, "reddit": {"unique_users_count": 4, "unique_users": ["veganmark", "harmoniousmonday", "greyuniwave", "greenrd"], "posts_count": 4}, "twitter": {"unique_users_count": 543, "posts_count": 634}, "video": {"unique_users_count": 3, "unique_users": ["MULTI", "Marko Huemer I Bewusstseins-Coach", "KenDBerryMD"], "posts_count": 3}}, "citation": {"altmetric_jid": "4f6fa5eb3cf058f610005c61", "authors": ["Mark F. McCarty", "James J. DiNicolantonio"], "doi": "10.1016/j.pcad.2020.02.007", "first_seen_on": "2020-02-18T21:17:20+00:00", "issns": ["0033-0620"], "journal": "Progress in Cardiovascular Diseases", "last_mentioned_on": 1584518657, "links": ["https://www.ncbi.nlm.nih.gov/pubmed/32061635?dopt=Abstract&utm_source=dlvr.it&utm_medium=twitter", "https://www.sciencedirect.com/science/article/pii/S0033062020300372", "http://dx.doi.org/10.1016/j.pcad.2020.02.007", "https://www.sciencedirect.com/science/article/abs/pii/S0033062020300372", "https://www.sciencedirect.com/science/article/pii/S0033062020300372?via%3Dihub", "https://www.sciencedirect.com/science/article/pii/S0033062020300372?via=ihub", "https://reader.elsevier.com/reader/sd/pii/S0033062020300372?token=E964DE316231A15FA4B1D0C6115F7940CE5B32FD09F179F9288E35A58D3516AD7DE902421F155D6B751F82BDA07AD78B", "http://doi.org/10.1016/j.pcad.2020.02.007", "https://www.sciencedirect.com/science/article/pii/S0033062020300372?utm_source=Mark%27s+Picks&utm_campaign=836e435ca8-EMAIL_CAMPAIGN_2018_03_29_COPY_01&utm_medium=email&utm_term=0_3eb7466668-836e435ca8-124405245&mc_cid=836e435ca8&mc_eid=26dd67cb1c#", "https://www.sciencedirect.com/science/article/pii/S0033062020300372#s0020", "http://www.sciencedirect.com/science/article/pii/S0033062020300372", "https://www.sciencedirect.com/science/article/pii/S0033062020300372#bb0070", "Https://www.sciencedirect.com/science/article/pii/S0033062020300372", "https://www.sciencedirect.com/science/article/pii/S0033062020300372#bb0095", "https://linkinghub.elsevier.com/retrieve/pii/S0033062020300372", "https://www.ncbi.nlm.nih.gov/pubmed/32061635", "https://www.sciencedirect.com/science/article/pii/S0033062020300372#"], "pmid": "32061635", "pubdate": "2020-02-01T00:00:00+00:00", "publisher_subjects": [{"name": "Cardiovascular Medicine And Haematology", "scheme": "era"}], "scopus_subjects": ["Medicine", "Health Sciences"], "title": "Nutraceuticals have potential for boosting the type 1 interferon response to RNA viruses including influenza and coronavirus", "type": "article"}, "altmetric_score": {"score": 460.61, "score_history": {"1y": 460.61, "6m": 460.61, "3m": 460.61, "1m": 460.61, "1w": 80.03, "6d": 77.28, "5d": 71.38, "4d": 52.38, "3d": 20.38, "2d": 14.18, "1d": 3, "at": 460.61}, "context_for_score": {"all": {"total_number_of_other_articles": 14518879, "mean": 8.4683023477339, "rank": 22208, "this_scored_higher_than_pct": 99, "this_scored_higher_than": 14496695, "rank_type": "exact", "sample_size": 14518879, "percentile": 99}, "similar_age_3m": {"total_number_of_other_articles": 169806, "mean": 14.484888053944, "rank": 602, "this_scored_higher_than_pct": 99, "this_scored_higher_than": 169204, "rank_type": "exact", "sample_size": 169806, "percentile": 99}, "this_journal": {"total_number_of_other_articles": 656, "mean": 12.458549618321, "rank": 3, "this_scored_higher_than_pct": 99, "this_scored_higher_than": 653, "rank_type": "exact", "sample_size": 656, "percentile": 99}, "similar_age_this_journal_3m": {"total_number_of_other_articles": 11, "mean": 6.71, "rank": 1, "this_scored_higher_than_pct": 90, "this_scored_higher_than": 10, "rank_type": "exact", "sample_size": 11, "percentile": 90}}}, "demographics": {"poster_types": {"member_of_the_public": 466, "researcher": 24, "practitioner": 40, "science_communicator": 12}, "users": {"twitter": {"cohorts": {"Members of the public": 466, "Scientists": 24, "Practitioners (doctors, other healthcare professionals)": 40, "Science communicators (journalists, bloggers, editors)": 12}}}, "geo": {"twitter": {"IN": 12, "IE": 5, "VE": 3, "KW": 1, "US": 128, "ES": 2, "GB": 20, "CH": 1, "AU": 7, "FI": 2, "CZ": 2, "NZ": 1, "FR": 1, "BR": 4, "ZA": 3, "JP": 4, "DE": 6, "ID": 7, "UY": 2, "CA": 17, "CO": 1, "MX": 7, "PH": 4, "AR": 1, "SA": 2, "EC": 5, "MN": 1, "SG": 2, "IT": 2, "BE": 1, "TR": 3, "MC": 1, "PK": 1, "MK": 1, "DO": 1, "GA": 1, "EG": 1, "NL": 1, "NP": 1, "PA": 1, "GR": 2, "AE": 1, "TG": 1, "BH": 1, "UA": 1, "PE": 1, "BB": 1}}}, "posts": {"twitter": [{"license": "gnip", "citation_ids": [76312044], "author": {"tweeter_id": "1191745846615957506"}, "tweet_id": "1229877521270751232"}, {"license": "gnip", "citation_ids": [76312044], "author": {"tweeter_id": "2832261790"}, "tweet_id": "1232027473476542466"}, {"license": "gnip", "citation_ids": [76312044], "author": {"tweeter_id": "1706137237"}, "tweet_id": "1232027686819651584"}, {"license": "gnip", "citation_ids": [76312044], "author": {"tweeter_id": "473904218"}, "tweet_id": "1232027717614223360"}, {"license": "gnip", "citation_ids": [76312044], "author": {"tweeter_id": "2383882980"}, "tweet_id": "1232028655079100422"}, {"license": "gnip", "citation_ids": [76312044], "author": {"tweeter_id": "957382691921461248"}, "tweet_id": "1232029118688088064"}, {"license": "gnip", "citation_ids": [76312044], "author": {"tweeter_id": "37204567"}, "tweet_id": "1232029550072168448"}, {"license": "gnip", "citation_ids": [76312044], "author": {"tweeter_id": "37204567"}, "tweet_id": "1232032090587377664"}, {"license": "gnip", "citation_ids": [76312044], "author": {"tweeter_id": "81920422"}, "tweet_id": "1232032542511050753"}, {"license": "gnip", "citation_ids": [76312044], "author": {"tweeter_id": "275962183"}, "tweet_id": "1232033095857164288"}, {"license": "gnip", "citation_ids": [76312044], "author": {"tweeter_id": "459655277"}, "tweet_id": "1232033139674898432"}, {"license": "gnip", "citation_ids": [76312044], "author": {"tweeter_id": "22448617"}, "tweet_id": "1232033252304658433"}, {"license": "gnip", "citation_ids": [76312044], "author": {"tweeter_id": "29775575"}, "tweet_id": "1232034827303391232"}, {"license": "gnip", "citation_ids": [76312044], "author": {"tweeter_id": "426723697"}, "tweet_id": "1232035105444630528"}, {"license": "gnip", "citation_ids": [76312044], "author": {"tweeter_id": "956516400343986176"}, "tweet_id": "1232035205109735424"}, {"license": "gnip", "citation_ids": [76312044], "author": {"tweeter_id": "15806599"}, "tweet_id": "1232035435112796160"}, {"license": "gnip", "citation_ids": [76312044], "author": {"tweeter_id": "3047797111"}, "tweet_id": "1232035593615532035"}, {"license": "gnip", "citation_ids": [76312044], "author": {"tweeter_id": "1205922332432203776"}, "tweet_id": "1232035911329701888"}, {"license": "gnip", "citation_ids": [76312044], "author": {"tweeter_id": "1194622351247396864"}, "tweet_id": "1232036019752652802"}, {"license": "gnip", "citation_ids": [76312044], "author": {"tweeter_id": "1170419265624825857"}, "tweet_id": "1232036626685210625"}, {"license": "gnip", "citation_ids": [76312044], "author": {"tweeter_id": "2564126766"}, "tweet_id": "1232036744578641922"}, {"license": "gnip", "citation_ids": [76312044], "author": {"tweeter_id": "911296158156324865"}, "tweet_id": "1232037199459254275"}, {"license": "gnip", "citation_ids": [76312044], "author": {"tweeter_id": "840194109017075714"}, "tweet_id": "1232037216127475712"}, {"license": "gnip", "citation_ids": [76312044], "author": {"tweeter_id": "55514310"}, "tweet_id": "1232037516045250560"}, {"license": "gnip", "citation_ids": [76312044], "author": {"tweeter_id": "715082513"}, "tweet_id": "1232037828441317377"}, {"license": "gnip", "citation_ids": [76312044], "author": {"tweeter_id": "1134280202245173248"}, "tweet_id": "1232038461768515584"}, {"license": "gnip", "citation_ids": [76312044], "author": {"tweeter_id": "903655054011457539"}, "tweet_id": "1232038808503431171"}, {"license": "gnip", "citation_ids": [76312044], "author": {"tweeter_id": "435122403"}, "tweet_id": "1232039128369442816"}, {"license": "gnip", "citation_ids": [76312044], "author": {"tweeter_id": "445535708"}, "tweet_id": "1232039487976493056"}, {"license": "gnip", "citation_ids": [76312044], "author": {"tweeter_id": "1091401122667843584"}, "tweet_id": "1232039739835838464"}, {"license": "gnip", "citation_ids": [76312044], "author": {"tweeter_id": "899428211867631616"}, "tweet_id": "1232040095777050625"}, {"license": "gnip", "citation_ids": [76312044], "author": {"tweeter_id": "817504079471661057"}, "tweet_id": "1232041291913011203"}, {"license": "gnip", "citation_ids": [76312044], "author": {"tweeter_id": "16997512"}, "tweet_id": "1232042382075392000"}, {"license": "gnip", "citation_ids": [76312044], "author": {"tweeter_id": "200787641"}, "tweet_id": "1232042622472146945"}, {"license": "gnip", "citation_ids": [76312044], "author": {"tweeter_id": "889927242335350784"}, "tweet_id": "1232042677769662466"}, {"license": "gnip", "citation_ids": [76312044], "author": {"tweeter_id": "1633969458"}, "tweet_id": "1232042684673556481"}, {"license": "gnip", "citation_ids": [76312044], "author": {"tweeter_id": "345585033"}, "tweet_id": "1232042710032375810"}, {"license": "gnip", "citation_ids": [76312044], "author": {"tweeter_id": "200787641"}, "tweet_id": "1232042826369818625"}, {"license": "gnip", "citation_ids": [76312044], "author": {"tweeter_id": "992838668"}, "tweet_id": "1232045403660603393"}, {"license": "gnip", "citation_ids": [76312044], "author": {"tweeter_id": "2535751839"}, "tweet_id": "1232045477400662017"}, {"license": "gnip", "citation_ids": [76312044], "author": {"tweeter_id": "964548384714567681"}, "tweet_id": "1232045502142832641"}, {"license": "gnip", "citation_ids": [76312044], "author": {"tweeter_id": "2466077833"}, "tweet_id": "1232045566332473345"}, {"license": "gnip", "citation_ids": [76312044], "author": {"tweeter_id": "263008676"}, "tweet_id": "1232045989760053253"}, {"license": "gnip", "citation_ids": [76312044], "author": {"tweeter_id": "55514310"}, "tweet_id": "1232046106890031104"}, {"license": "gnip", "citation_ids": [76312044], "author": {"tweeter_id": "992839774871412737"}, "tweet_id": "1232046679563624450"}, {"license": "gnip", "citation_ids": [76312044], "author": {"tweeter_id": "525862729"}, "tweet_id": "1232048039449096193"}, {"license": "gnip", "citation_ids": [76312044], "author": {"tweeter_id": "68983340"}, "tweet_id": "1232048252960333837"}, {"license": "gnip", "citation_ids": [76312044], "author": {"tweeter_id": "1090432312016232448"}, "tweet_id": "1232048501447462912"}, {"license": "gnip", "citation_ids": [76312044], "author": {"tweeter_id": "828446162604617728"}, "tweet_id": "1232049388106567681"}, {"license": "gnip", "citation_ids": [76312044], "author": {"tweeter_id": "339867647"}, "tweet_id": "1232050896684503040"}, {"license": "gnip", "citation_ids": [76312044], "author": {"tweeter_id": "852929158548213761"}, "tweet_id": "1232051260758646787"}, {"license": "gnip", "citation_ids": [76312044], "author": {"tweeter_id": "734662233725280256"}, "tweet_id": "1232051631996448769"}, {"license": "gnip", "citation_ids": [76312044], "author": {"tweeter_id": "2259561998"}, "tweet_id": "1232051739446038528"}, {"license": "gnip", "citation_ids": [76312044], "author": {"tweeter_id": "2259561998"}, "tweet_id": "1232052340770791425"}, {"license": "gnip", "citation_ids": [76312044], "author": {"tweeter_id": "549304456"}, "tweet_id": "1232052364368130051"}, {"license": "gnip", "citation_ids": [76312044], "author": {"tweeter_id": "736214677156470784"}, "tweet_id": "1232052615833423875"}, {"license": "gnip", "citation_ids": [76312044], "author": {"tweeter_id": "319246523"}, "tweet_id": "1232054131914833922"}, {"license": "gnip", "citation_ids": [76312044], "author": {"tweeter_id": "1172257779677040645"}, "tweet_id": "1232055057807478784"}, {"license": "gnip", "citation_ids": [76312044], "author": {"tweeter_id": "24790428"}, "tweet_id": "1232055542484520960"}, {"license": "gnip", "citation_ids": [76312044], "author": {"tweeter_id": "37277909"}, "tweet_id": "1232056262004592646"}, {"license": "gnip", "citation_ids": [76312044], "author": {"tweeter_id": "19594097"}, "tweet_id": "1232056301175181312"}, {"license": "gnip", "citation_ids": [76312044], "author": {"tweeter_id": "1061946325896441856"}, "tweet_id": "1232056672039919616"}, {"license": "gnip", "citation_ids": [76312044], "author": {"tweeter_id": "1219392332942008320"}, "tweet_id": "1232056738515488770"}, {"license": "gnip", "citation_ids": [76312044], "author": {"tweeter_id": "783088853657714689"}, "tweet_id": "1232058936670523393"}, {"license": "gnip", "citation_ids": [76312044], "author": {"tweeter_id": "1177928160635228161"}, "tweet_id": "1232059582698213377"}, {"license": "gnip", "citation_ids": [76312044], "author": {"tweeter_id": "19594097"}, "tweet_id": "1232059624099962880"}, {"license": "gnip", "citation_ids": [76312044], "author": {"tweeter_id": "874557156095340544"}, "tweet_id": "1232061603543212038"}, {"license": "gnip", "citation_ids": [76312044], "author": {"tweeter_id": "2781043608"}, "tweet_id": "1232062553469210626"}, {"license": "gnip", "citation_ids": [76312044], "author": {"tweeter_id": "744449713"}, "tweet_id": "1232063135617601536"}, {"license": "gnip", "citation_ids": [76312044], "author": {"tweeter_id": "761609457029656576"}, "tweet_id": "1232063969088724992"}, {"license": "gnip", "citation_ids": [76312044], "author": {"tweeter_id": "811993016"}, "tweet_id": "1232064399373938690"}, {"license": "gnip", "citation_ids": [76312044], "author": {"tweeter_id": "79718338"}, "tweet_id": "1232064407833726976"}, {"license": "gnip", "citation_ids": [76312044], "author": {"tweeter_id": "971226546152398849"}, "tweet_id": "1232064776953614336"}, {"license": "gnip", "citation_ids": [76312044], "author": {"tweeter_id": "4443074654"}, "tweet_id": "1232066028299005952"}, {"license": "gnip", "citation_ids": [76312044], "author": {"tweeter_id": "845275794947670016"}, "tweet_id": "1232067717227786240"}, {"license": "gnip", "citation_ids": [76312044], "author": {"tweeter_id": "1199128889798213634"}, "tweet_id": "1232068219675922434"}, {"license": "gnip", "citation_ids": [76312044], "author": {"tweeter_id": "225686126"}, "tweet_id": "1232069006829309952"}, {"license": "gnip", "citation_ids": [76312044], "author": {"tweeter_id": "525862729"}, "tweet_id": "1232069375705767937"}, {"license": "gnip", "citation_ids": [76312044], "author": {"tweeter_id": "461732046"}, "tweet_id": "1232071955655774208"}, {"license": "gnip", "citation_ids": [76312044], "author": {"tweeter_id": "80117022"}, "tweet_id": "1232072141685825537"}, {"license": "gnip", "citation_ids": [76312044], "author": {"tweeter_id": "1171164685791633413"}, "tweet_id": "1232073341487456256"}, {"license": "gnip", "citation_ids": [76312044], "author": {"tweeter_id": "55514310"}, "tweet_id": "1232073666172608512"}, {"license": "gnip", "citation_ids": [76312044], "author": {"tweeter_id": "2832261790"}, "tweet_id": "1232075127443066880"}, {"license": "gnip", "citation_ids": [76312044], "author": {"tweeter_id": "83816037"}, "tweet_id": "1232077737642414086"}, {"license": "gnip", "citation_ids": [76312044], "author": {"tweeter_id": "1086778622088761344"}, "tweet_id": "1232078453169688578"}, {"license": "gnip", "citation_ids": [76312044], "author": {"tweeter_id": "362532391"}, "tweet_id": "1232080508089036800"}, {"license": "gnip", "citation_ids": [76312044], "author": {"tweeter_id": "459655277"}, "tweet_id": "1232081562528894976"}, {"license": "gnip", "citation_ids": [76312044], "author": {"tweeter_id": "114825419"}, "tweet_id": "1232084568095764490"}, {"license": "gnip", "citation_ids": [76312044], "author": {"tweeter_id": "1621753549"}, "tweet_id": "1232085564981035008"}, {"license": "gnip", "citation_ids": [76312044], "author": {"tweeter_id": "1143004709986418688"}, "tweet_id": "1232086405800693760"}, {"license": "gnip", "citation_ids": [76312044], "author": {"tweeter_id": "2244134066"}, "tweet_id": "1232086725855367168"}, {"license": "gnip", "citation_ids": [76312044], "author": {"tweeter_id": "2244134066"}, "tweet_id": "1232086945137709056"}, {"license": "gnip", "citation_ids": [76312044], "author": {"tweeter_id": "848778839706750977"}, "tweet_id": "1232087752319127553"}, {"license": "gnip", "citation_ids": [76312044], "author": {"tweeter_id": "210129280"}, "tweet_id": "1232088000965660673"}, {"license": "gnip", "citation_ids": [76312044], "author": {"tweeter_id": "18934091"}, "tweet_id": "1232088402549280768"}, {"license": "gnip", "citation_ids": [76312044], "author": {"tweeter_id": "2418316267"}, "tweet_id": "1232088928041062401"}, {"license": "gnip", "citation_ids": [76312044], "author": {"tweeter_id": "1621753549"}, "tweet_id": "1232089127408918530"}, {"license": "gnip", "citation_ids": [76312044], "author": {"tweeter_id": "588428892"}, "tweet_id": "1232089725332262914"}, {"license": "gnip", "citation_ids": [76312044], "author": {"tweeter_id": "563093420"}, "tweet_id": "1232090124936187904"}, {"license": "gnip", "citation_ids": [76312044], "author": {"tweeter_id": "39104598"}, "tweet_id": "1232091138926030850"}, {"license": "gnip", "citation_ids": [76312044], "author": {"tweeter_id": "407395156"}, "tweet_id": "1232094107280928768"}, {"license": "gnip", "citation_ids": [76312044], "author": {"tweeter_id": "3322669272"}, "tweet_id": "1232095569109229569"}, {"license": "gnip", "citation_ids": [76312044], "author": {"tweeter_id": "404079733"}, "tweet_id": "1232097572602380288"}, {"license": "gnip", "citation_ids": [76312044], "author": {"tweeter_id": "266661698"}, "tweet_id": "1232098125944434688"}, {"license": "gnip", "citation_ids": [76312044], "author": {"tweeter_id": "1048845409215369217"}, "tweet_id": "1232098367863283712"}, {"license": "gnip", "citation_ids": [76312044], "author": {"tweeter_id": "148348224"}, "tweet_id": "1232098909041909763"}, {"license": "gnip", "citation_ids": [76312044], "author": {"tweeter_id": "14119625"}, "tweet_id": "1232099801023467522"}, {"license": "gnip", "citation_ids": [76312044], "author": {"tweeter_id": "66202302"}, "tweet_id": "1232099827309273088"}, {"license": "gnip", "citation_ids": [76312044], "author": {"tweeter_id": "2807508207"}, "tweet_id": "1232099905021399043"}, {"license": "gnip", "citation_ids": [76312044], "author": {"tweeter_id": "1205922332432203776"}, "tweet_id": "1232101806848667649"}, {"license": "gnip", "citation_ids": [76312044], "author": {"tweeter_id": "1591849700"}, "tweet_id": "1232101911312183298"}, {"license": "gnip", "citation_ids": [76312044], "author": {"tweeter_id": "918553928224079872"}, "tweet_id": "1232102419804368897"}, {"license": "gnip", "citation_ids": [76312044], "author": {"tweeter_id": "4446062969"}, "tweet_id": "1232104801585922051"}, {"license": "gnip", "citation_ids": [76312044], "author": {"tweeter_id": "779827470384173057"}, "tweet_id": "1232104864949264384"}, {"license": "gnip", "citation_ids": [76312044], "author": {"tweeter_id": "423522416"}, "tweet_id": "1232104949871497216"}, {"license": "gnip", "citation_ids": [76312044], "author": {"tweeter_id": "356087072"}, "tweet_id": "1232105250036711425"}, {"license": "gnip", "citation_ids": [76312044], "author": {"tweeter_id": "1161326357021908992"}, "tweet_id": "1232107236807323648"}, {"license": "gnip", "citation_ids": [76312044], "author": {"tweeter_id": "66577769"}, "tweet_id": "1232107750512975872"}, {"license": "gnip", "citation_ids": [76312044], "author": {"tweeter_id": "148270927"}, "tweet_id": "1232107750831734784"}, {"license": "gnip", "citation_ids": [76312044], "author": {"tweeter_id": "417294194"}, "tweet_id": "1232110421236178946"}, {"license": "gnip", "citation_ids": [76312044], "author": {"tweeter_id": "778688174096646144"}, "tweet_id": "1232111467488395264"}, {"license": "gnip", "citation_ids": [76312044], "author": {"tweeter_id": "20345846"}, "tweet_id": "1232111597709090817"}, {"license": "gnip", "citation_ids": [76312044], "author": {"tweeter_id": "225968641"}, "tweet_id": "1232111796124835842"}, {"license": "gnip", "citation_ids": [76312044], "author": {"tweeter_id": "901933946"}, "tweet_id": "1232112783187013632"}, {"license": "gnip", "citation_ids": [76312044], "author": {"tweeter_id": "1083330726"}, "tweet_id": "1232113324361441280"}, {"license": "gnip", "citation_ids": [76312044], "author": {"tweeter_id": "4508048834"}, "tweet_id": "1232113370775441410"}, {"license": "gnip", "citation_ids": [76312044], "author": {"tweeter_id": "3134700429"}, "tweet_id": "1232113657200435200"}, {"license": "gnip", "citation_ids": [76312044], "author": {"tweeter_id": "91720665"}, "tweet_id": "1232115283537457153"}, {"license": "gnip", "citation_ids": [76312044], "author": {"tweeter_id": "330944851"}, "tweet_id": "1232116253394862080"}, {"license": "gnip", "citation_ids": [76312044], "author": {"tweeter_id": "3946233093"}, "tweet_id": "1232116334487638017"}, {"license": "gnip", "citation_ids": [76312044], "author": {"tweeter_id": "2262874412"}, "tweet_id": "1232118630516699136"}, {"license": "gnip", "citation_ids": [76312044], "author": {"tweeter_id": "58685992"}, "tweet_id": "1232119860542550016"}, {"license": "gnip", "citation_ids": [76312044], "author": {"tweeter_id": "1206130432896462851"}, "tweet_id": "1232120765949988864"}, {"license": "gnip", "citation_ids": [76312044], "author": {"tweeter_id": "932645292"}, "tweet_id": "1232120792437137408"}, {"license": "gnip", "citation_ids": [76312044], "author": {"tweeter_id": "940325211987202051"}, "tweet_id": "1232122373102424066"}, {"license": "gnip", "citation_ids": [76312044], "author": {"tweeter_id": "4660560432"}, "tweet_id": "1232123929835298816"}, {"license": "gnip", "citation_ids": [76312044], "author": {"tweeter_id": "1193857191456829440"}, "tweet_id": "1232125504116920323"}, {"license": "gnip", "citation_ids": [76312044], "author": {"tweeter_id": "823123029748158464"}, "tweet_id": "1232127828553912320"}, {"license": "gnip", "citation_ids": [76312044], "author": {"tweeter_id": "823123029748158464"}, "tweet_id": "1232129013281255424"}, {"license": "gnip", "citation_ids": [76312044], "author": {"tweeter_id": "131488226"}, "tweet_id": "1232129690850095104"}, {"license": "gnip", "citation_ids": [76312044], "author": {"tweeter_id": "1281701911"}, "tweet_id": "1232131730502451200"}, {"license": "gnip", "citation_ids": [76312044], "author": {"tweeter_id": "200524438"}, "tweet_id": "1232132530788130816"}, {"license": "gnip", "citation_ids": [76312044], "author": {"tweeter_id": "924159284333617152"}, "tweet_id": "1232134995097083911"}, {"license": "gnip", "citation_ids": [76312044], "author": {"tweeter_id": "1345488306"}, "tweet_id": "1232136058646794240"}, {"license": "gnip", "citation_ids": [76312044], "author": {"tweeter_id": "1345488306"}, "tweet_id": "1232137134368120833"}, {"license": "gnip", "citation_ids": [76312044], "author": {"tweeter_id": "750183086675996672"}, "tweet_id": "1232139909860909056"}, {"license": "gnip", "citation_ids": [76312044], "author": {"tweeter_id": "200883684"}, "tweet_id": "1232142471376723969"}, {"license": "gnip", "citation_ids": [76312044], "author": {"tweeter_id": "1140074909613170688"}, "tweet_id": "1232145855550869505"}, {"license": "gnip", "citation_ids": [76312044], "author": {"tweeter_id": "1043298197777469441"}, "tweet_id": "1232147557083516929"}, {"license": "gnip", "citation_ids": [76312044], "author": {"tweeter_id": "1043298197777469441"}, "tweet_id": "1232147619641614337"}, {"license": "gnip", "citation_ids": [76312044], "author": {"tweeter_id": "822448999047176192"}, "tweet_id": "1232149049085554688"}, {"license": "gnip", "citation_ids": [76312044], "author": {"tweeter_id": "822448999047176192"}, "tweet_id": "1232149179859734528"}, {"license": "gnip", "citation_ids": [76312044], "author": {"tweeter_id": "778688174096646144"}, "tweet_id": "1232149933722963969"}, {"license": "gnip", "citation_ids": [76312044], "author": {"tweeter_id": "64437026"}, "tweet_id": "1232158774699253760"}, {"license": "gnip", "citation_ids": [76312044], "author": {"tweeter_id": "1129812268663934977"}, "tweet_id": "1232171562440241152"}, {"license": "gnip", "citation_ids": [76312044], "author": {"tweeter_id": "2750551661"}, "tweet_id": "1232173473004478464"}, {"license": "gnip", "citation_ids": [76312044], "author": {"tweeter_id": "2257558088"}, "tweet_id": "1232176391375945728"}, {"license": "gnip", "citation_ids": [76312044], "author": {"tweeter_id": "44569799"}, "tweet_id": "1232176510049480705"}, {"license": "gnip", "citation_ids": [76312044], "author": {"tweeter_id": "98600316"}, "tweet_id": "1232176550356742145"}, {"license": "gnip", "citation_ids": [76312044], "author": {"tweeter_id": "365238780"}, "tweet_id": "1232176815990595585"}, {"license": "gnip", "citation_ids": [76312044], "author": {"tweeter_id": "169849065"}, "tweet_id": "1232178074797645825"}, {"license": "gnip", "citation_ids": [76312044], "author": {"tweeter_id": "426290352"}, "tweet_id": "1232178177792860165"}, {"license": "gnip", "citation_ids": [76312044], "author": {"tweeter_id": "244574766"}, "tweet_id": "1232178963683971072"}, {"license": "gnip", "citation_ids": [76312044], "author": {"tweeter_id": "109743018"}, "tweet_id": "1232179486155853825"}, {"license": "gnip", "citation_ids": [76312044], "author": {"tweeter_id": "953158853088219136"}, "tweet_id": "1232180414292332545"}, {"license": "gnip", "citation_ids": [76312044], "author": {"tweeter_id": "3824923812"}, "tweet_id": "1232181140045193219"}, {"license": "gnip", "citation_ids": [76312044], "author": {"tweeter_id": "591383718"}, "tweet_id": "1232182454628188160"}, {"license": "gnip", "citation_ids": [76312044], "author": {"tweeter_id": "111510913"}, "tweet_id": "1232184222397476869"}, {"license": "gnip", "citation_ids": [76312044], "author": {"tweeter_id": "111510913"}, "tweet_id": "1232186487782989826"}, {"license": "gnip", "citation_ids": [76312044], "author": {"tweeter_id": "1218830377894195200"}, "tweet_id": "1232187806228910082"}, {"license": "gnip", "citation_ids": [76312044], "author": {"tweeter_id": "3055270599"}, "tweet_id": "1232191239694491649"}, {"license": "gnip", "citation_ids": [76312044], "author": {"tweeter_id": "27230828"}, "tweet_id": "1232194085827567616"}, {"license": "gnip", "citation_ids": [76312044], "author": {"tweeter_id": "536980148"}, "tweet_id": "1232196729446920192"}, {"license": "gnip", "citation_ids": [76312044], "author": {"tweeter_id": "19370504"}, "tweet_id": "1232205755274670080"}, {"license": "gnip", "citation_ids": [76312044], "author": {"tweeter_id": "2902986795"}, "tweet_id": "1232216860185288705"}, {"license": "gnip", "citation_ids": [76312044], "author": {"tweeter_id": "841240673214967808"}, "tweet_id": "1232219484871675904"}, {"license": "gnip", "citation_ids": [76312044], "author": {"tweeter_id": "1227171478753419266"}, "tweet_id": "1232220209341173762"}, {"license": "gnip", "citation_ids": [76312044], "author": {"tweeter_id": "872072447478157312"}, "tweet_id": "1232224369134522368"}, {"license": "gnip", "citation_ids": [76312044], "author": {"tweeter_id": "19288130"}, "tweet_id": "1232229582683508742"}, {"license": "gnip", "citation_ids": [76312044], "author": {"tweeter_id": "332718371"}, "tweet_id": "1232232674359750656"}, {"license": "gnip", "citation_ids": [76312044], "author": {"tweeter_id": "875445836"}, "tweet_id": "1232244798465159174"}, {"license": "gnip", "citation_ids": [76312044], "author": {"tweeter_id": "463162523"}, "tweet_id": "1232245061812916224"}, {"license": "gnip", "citation_ids": [76312044], "author": {"tweeter_id": "836617057106079747"}, "tweet_id": "1232245965186387968"}, {"license": "gnip", "citation_ids": [76312044], "author": {"tweeter_id": "1199711973157543937"}, "tweet_id": "1232247476201107456"}, {"license": "gnip", "citation_ids": [76312044], "author": {"tweeter_id": "19769417"}, "tweet_id": "1232251592780414976"}, {"license": "gnip", "citation_ids": [76312044], "author": {"tweeter_id": "1188206533076815872"}, "tweet_id": "1232257090007138320"}, {"license": "gnip", "citation_ids": [76312044], "author": {"tweeter_id": "2888284371"}, "tweet_id": "1232257756318531585"}, {"license": "gnip", "citation_ids": [76312044], "author": {"tweeter_id": "452719052"}, "tweet_id": "1232258596647428098"}, {"license": "gnip", "citation_ids": [76312044], "author": {"tweeter_id": "2832261790"}, "tweet_id": "1232262375396474880"}, {"license": "gnip", "citation_ids": [76312044], "author": {"tweeter_id": "2493753559"}, "tweet_id": "1232263538372050944"}, {"license": "gnip", "citation_ids": [76312044], "author": {"tweeter_id": "1072592202"}, "tweet_id": "1232264245468946433"}, {"license": "gnip", "citation_ids": [76312044], "author": {"tweeter_id": "215181160"}, "tweet_id": "1232264244705411072"}, {"license": "gnip", "citation_ids": [76312044], "author": {"tweeter_id": "3291915095"}, "tweet_id": "1232264792498491392"}, {"license": "gnip", "citation_ids": [76312044], "author": {"tweeter_id": "1651772718"}, "tweet_id": "1232268587848609792"}, {"license": "gnip", "citation_ids": [76312044], "author": {"tweeter_id": "472777204"}, "tweet_id": "1232270200357244929"}, {"license": "gnip", "citation_ids": [76312044], "author": {"tweeter_id": "3331003209"}, "tweet_id": "1232273980599492608"}, {"license": "gnip", "citation_ids": [76312044], "author": {"tweeter_id": "981069894"}, "tweet_id": "1232274083624243200"}, {"license": "gnip", "citation_ids": [76312044], "author": {"tweeter_id": "125515417"}, "tweet_id": "1232274371063889920"}, {"license": "gnip", "citation_ids": [76312044], "author": {"tweeter_id": "52205399"}, "tweet_id": "1232274530250280960"}, {"license": "gnip", "citation_ids": [76312044], "author": {"tweeter_id": "1108016440286732289"}, "tweet_id": "1232276062517825538"}, {"license": "gnip", "citation_ids": [76312044], "author": {"tweeter_id": "520669756"}, "tweet_id": "1232277512639713287"}, {"license": "gnip", "citation_ids": [76312044], "author": {"tweeter_id": "2803628208"}, "tweet_id": "1232277629358657537"}, {"license": "gnip", "citation_ids": [76312044], "author": {"tweeter_id": "125648855"}, "tweet_id": "1232277646584709120"}, {"license": "gnip", "citation_ids": [76312044], "author": {"tweeter_id": "417294194"}, "tweet_id": "1232279753505288193"}, {"license": "gnip", "citation_ids": [76312044], "author": {"tweeter_id": "746715904352784384"}, "tweet_id": "1232280940367364096"}, {"license": "gnip", "citation_ids": [76312044], "author": {"tweeter_id": "1009303209456951296"}, "tweet_id": "1232285689485676544"}, {"license": "gnip", "citation_ids": [76312044], "author": {"tweeter_id": "787540115526529024"}, "tweet_id": "1232288173436305408"}, {"license": "gnip", "citation_ids": [76312044], "author": {"tweeter_id": "2217586170"}, "tweet_id": "1232288844235595777"}, {"license": "gnip", "citation_ids": [76312044], "author": {"tweeter_id": "3291489856"}, "tweet_id": "1232291940814729217"}, {"license": "gnip", "citation_ids": [76312044], "author": {"tweeter_id": "49738212"}, "tweet_id": "1232292104812060672"}, {"license": "gnip", "citation_ids": [76312044], "author": {"tweeter_id": "65931287"}, "tweet_id": "1232294033604608001"}, {"license": "gnip", "citation_ids": [76312044], "author": {"tweeter_id": "3147401772"}, "tweet_id": "1232295393595215880"}, {"license": "gnip", "citation_ids": [76312044], "author": {"tweeter_id": "1076293996920668161"}, "tweet_id": "1232302126459740163"}, {"license": "gnip", "citation_ids": [76312044], "author": {"tweeter_id": "19086371"}, "tweet_id": "1232302579960426497"}, {"license": "gnip", "citation_ids": [76312044], "author": {"tweeter_id": "17796592"}, "tweet_id": "1232304117118357507"}, {"license": "gnip", "citation_ids": [76312044], "author": {"tweeter_id": "1162848729541599235"}, "tweet_id": "1232306174130839552"}, {"license": "gnip", "citation_ids": [76312044], "author": {"tweeter_id": "187060952"}, "tweet_id": "1232306822742265857"}, {"license": "gnip", "citation_ids": [76312044], "author": {"tweeter_id": "923513040"}, "tweet_id": "1232308507912921090"}, {"license": "gnip", "citation_ids": [76312044], "author": {"tweeter_id": "57150434"}, "tweet_id": "1232309026853134336"}, {"license": "gnip", "citation_ids": [76312044], "author": {"tweeter_id": "704933620285349888"}, "tweet_id": "1232312402097528832"}, {"license": "gnip", "citation_ids": [76312044], "author": {"tweeter_id": "434167309"}, "tweet_id": "1232315237480771584"}, {"license": "gnip", "citation_ids": [76312044], "author": {"tweeter_id": "1039000663"}, "tweet_id": "1232316390834458626"}, {"license": "gnip", "citation_ids": [76312044], "author": {"tweeter_id": "296353971"}, "tweet_id": "1232324938972958721"}, {"license": "gnip", "citation_ids": [76312044], "author": {"tweeter_id": "2443928059"}, "tweet_id": "1232328050525851648"}, {"license": "gnip", "citation_ids": [76312044], "author": {"tweeter_id": "901011627184726017"}, "tweet_id": "1232329531626835969"}, {"license": "gnip", "citation_ids": [76312044], "author": {"tweeter_id": "166726387"}, "tweet_id": "1232334417605074946"}, {"license": "gnip", "citation_ids": [76312044], "author": {"tweeter_id": "860905866370969602"}, "tweet_id": "1232344313306243073"}, {"license": "gnip", "citation_ids": [76312044], "author": {"tweeter_id": "463162523"}, "tweet_id": "1232345857707663360"}, {"license": "gnip", "citation_ids": [76312044], "author": {"tweeter_id": "148465455"}, "tweet_id": "1232351548459683841"}, {"license": "gnip", "citation_ids": [76312044], "author": {"tweeter_id": "1204130495568732161"}, "tweet_id": "1232359362829570048"}, {"license": "gnip", "citation_ids": [76312044], "author": {"tweeter_id": "1173647301975429121"}, "tweet_id": "1232359634385670144"}, {"license": "gnip", "citation_ids": [76312044], "author": {"tweeter_id": "2903598591"}, "tweet_id": "1232359731265708033"}, {"license": "gnip", "citation_ids": [76312044], "author": {"tweeter_id": "942937442570481664"}, "tweet_id": "1232359821350858753"}, {"license": "gnip", "citation_ids": [76312044], "author": {"tweeter_id": "1025554529725632512"}, "tweet_id": "1232361473218924544"}, {"license": "gnip", "citation_ids": [76312044], "author": {"tweeter_id": "1033493935287685120"}, "tweet_id": "1232366400683085825"}, {"license": "gnip", "citation_ids": [76312044], "author": {"tweeter_id": "2369660994"}, "tweet_id": "1232369700845301772"}, {"license": "gnip", "citation_ids": [76312044], "author": {"tweeter_id": "42486423"}, "tweet_id": "1232379190386872320"}, {"license": "gnip", "citation_ids": [76312044], "author": {"tweeter_id": "42486423"}, "tweet_id": "1232379217112948742"}, {"license": "gnip", "citation_ids": [76312044], "author": {"tweeter_id": "255741332"}, "tweet_id": "1232386973970522114"}, {"license": "gnip", "citation_ids": [76312044], "author": {"tweeter_id": "26363928"}, "tweet_id": "1232397526805991426"}, {"license": "gnip", "citation_ids": [76312044], "author": {"tweeter_id": "2579097642"}, "tweet_id": "1232401298823286784"}, {"license": "gnip", "citation_ids": [76312044], "author": {"tweeter_id": "844642150956478464"}, "tweet_id": "1232416496841703424"}, {"license": "gnip", "citation_ids": [76312044], "author": {"tweeter_id": "26818277"}, "tweet_id": "1232417507593596930"}, {"license": "gnip", "citation_ids": [76312044], "author": {"tweeter_id": "1139492875958272000"}, "tweet_id": "1232423821967183872"}, {"license": "gnip", "citation_ids": [76312044], "author": {"tweeter_id": "217945172"}, "tweet_id": "1232423874513469444"}, {"license": "gnip", "citation_ids": [76312044], "author": {"tweeter_id": "1055813692925902850"}, "tweet_id": "1232424902659100672"}, {"license": "gnip", "citation_ids": [76312044], "author": {"tweeter_id": "2422666656"}, "tweet_id": "1232425044153749504"}, {"license": "gnip", "citation_ids": [76312044], "author": {"tweeter_id": "346348693"}, "tweet_id": "1232428646121558017"}, {"license": "gnip", "citation_ids": [76312044], "author": {"tweeter_id": "775306050065104896"}, "tweet_id": "1232436667799097344"}, {"license": "gnip", "citation_ids": [76312044], "author": {"tweeter_id": "42247340"}, "tweet_id": "1232439322193747968"}, {"license": "gnip", "citation_ids": [76312044], "author": {"tweeter_id": "55514310"}, "tweet_id": "1232445666997129216"}, {"license": "gnip", "citation_ids": [76312044], "author": {"tweeter_id": "2645385043"}, "tweet_id": "1232445706176090113"}, {"license": "gnip", "citation_ids": [76312044], "author": {"tweeter_id": "210129280"}, "tweet_id": "1232459651561607169"}, {"license": "gnip", "citation_ids": [76312044], "author": {"tweeter_id": "984009097266819072"}, "tweet_id": "1232470189398089730"}, {"license": "gnip", "citation_ids": [76312044], "author": {"tweeter_id": "210129280"}, "tweet_id": "1232472283924426752"}, {"license": "gnip", "citation_ids": [76312044], "author": {"tweeter_id": "14217881"}, "tweet_id": "1232474986259959808"}, {"license": "gnip", "citation_ids": [76312044], "author": {"tweeter_id": "824025949150838785"}, "tweet_id": "1232488951719612416"}, {"license": "gnip", "citation_ids": [76312044], "author": {"tweeter_id": "3295181311"}, "tweet_id": "1232510008350380032"}, {"license": "gnip", "citation_ids": [76312044], "author": {"tweeter_id": "266661698"}, "tweet_id": "1232510143453114371"}, {"license": "gnip", "citation_ids": [76312044], "author": {"tweeter_id": "954060379"}, "tweet_id": "1232515748074934273"}, {"license": "gnip", "citation_ids": [76312044], "author": {"tweeter_id": "3952969824"}, "tweet_id": "1232527599320096768"}, {"license": "gnip", "citation_ids": [76312044], "author": {"tweeter_id": "718634107"}, "tweet_id": "1232539268649758720"}, {"license": "gnip", "citation_ids": [76312044], "author": {"tweeter_id": "123951152"}, "tweet_id": "1232550239237599232"}, {"license": "gnip", "citation_ids": [76312044], "author": {"tweeter_id": "377619841"}, "tweet_id": "1232577584610906113"}, {"license": "gnip", "citation_ids": [76312044], "author": {"tweeter_id": "707928781856579584"}, "tweet_id": "1232608349168001026"}, {"license": "gnip", "citation_ids": [76312044], "author": {"tweeter_id": "333545921"}, "tweet_id": "1232625974321328129"}, {"license": "gnip", "citation_ids": [76312044], "author": {"tweeter_id": "101264677"}, "tweet_id": "1232636928610242562"}, {"license": "gnip", "citation_ids": [76312044], "author": {"tweeter_id": "2832261790"}, "tweet_id": "1232637016455745536"}, {"license": "gnip", "citation_ids": [76312044], "author": {"tweeter_id": "2832261790"}, "tweet_id": "1232637742309400576"}, {"license": "gnip", "citation_ids": [76312044], "author": {"tweeter_id": "1414985197"}, "tweet_id": "1232646499156271104"}, {"license": "gnip", "citation_ids": [76312044], "author": {"tweeter_id": "19086371"}, "tweet_id": "1232650072317399040"}, {"license": "gnip", "citation_ids": [76312044], "author": {"tweeter_id": "1022088549531897856"}, "tweet_id": "1232650449519554567"}, {"license": "gnip", "citation_ids": [76312044], "author": {"tweeter_id": "333545921"}, "tweet_id": "1232655975955472386"}, {"license": "gnip", "citation_ids": [76312044], "author": {"tweeter_id": "2335040604"}, "tweet_id": "1232674588292780033"}, {"license": "gnip", "citation_ids": [76312044], "author": {"tweeter_id": "86734034"}, "tweet_id": "1232703085488885761"}, {"license": "gnip", "citation_ids": [76312044], "author": {"tweeter_id": "333545921"}, "tweet_id": "1232704485425807360"}, {"license": "gnip", "citation_ids": [76312044], "author": {"tweeter_id": "1193150723078393857"}, "tweet_id": "1232728509484802048"}, {"license": "gnip", "citation_ids": [76312044], "author": {"tweeter_id": "443945485"}, "tweet_id": "1232746848529657857"}, {"license": "gnip", "citation_ids": [76312044], "author": {"tweeter_id": "225968641"}, "tweet_id": "1232764584873910274"}, {"license": "gnip", "citation_ids": [76312044], "author": {"tweeter_id": "83757924"}, "tweet_id": "1232764881985773568"}, {"license": "gnip", "citation_ids": [76312044], "author": {"tweeter_id": "114559454"}, "tweet_id": "1232765818418683905"}, {"license": "gnip", "citation_ids": [76312044], "author": {"tweeter_id": "130444438"}, "tweet_id": "1232786053771202560"}, {"license": "gnip", "citation_ids": [76312044], "author": {"tweeter_id": "34149150"}, "tweet_id": "1232823824799936512"}, {"license": "gnip", "citation_ids": [76312044], "author": {"tweeter_id": "192678804"}, "tweet_id": "1232830124002811904"}, {"license": "gnip", "citation_ids": [76312044], "author": {"tweeter_id": "32263621"}, "tweet_id": "1232853470383935488"}, {"license": "gnip", "citation_ids": [76312044], "author": {"tweeter_id": "14281392"}, "tweet_id": "1232875655441739777"}, {"license": "gnip", "citation_ids": [76312044], "author": {"tweeter_id": "762201176578273280"}, "tweet_id": "1232891683450179584"}, {"license": "gnip", "citation_ids": [76312044], "author": {"tweeter_id": "810834276"}, "tweet_id": "1233008365950902274"}, {"license": "gnip", "citation_ids": [76312044], "author": {"tweeter_id": "942054689725669376"}, "tweet_id": "1233050453191122944"}, {"license": "gnip", "citation_ids": [76312044], "author": {"tweeter_id": "25520287"}, "tweet_id": "1233076502855651328"}, {"license": "gnip", "citation_ids": [76312044], "author": {"tweeter_id": "71991911"}, "tweet_id": "1233107208914771969"}, {"license": "gnip", "citation_ids": [76312044], "author": {"tweeter_id": "779715446786428928"}, "tweet_id": "1233134535920975872"}, {"license": "gnip", "citation_ids": [76312044], "author": {"tweeter_id": "3323273921"}, "tweet_id": "1233325532621742080"}, {"license": "gnip", "citation_ids": [76312044], "author": {"tweeter_id": "59088968"}, "tweet_id": "1233329463837904896"}, {"license": "gnip", "citation_ids": [76312044, 6758328], "author": {"tweeter_id": "2606986295"}, "tweet_id": "1233552785871781888"}, {"license": "gnip", "citation_ids": [76312044], "author": {"tweeter_id": "41098068"}, "tweet_id": "1233727417664991232"}, {"license": "gnip", "citation_ids": [76312044], "author": {"tweeter_id": "379468193"}, "tweet_id": "1233739214568685568"}, {"license": "gnip", "citation_ids": [76312044], "author": {"tweeter_id": "1087280823819132928"}, "tweet_id": "1233747136178581510"}, {"license": "gnip", "citation_ids": [76312044], "author": {"tweeter_id": "1232528349752225793"}, "tweet_id": "1233753966388764672"}, {"license": "gnip", "citation_ids": [76312044], "author": {"tweeter_id": "65380234"}, "tweet_id": "1233756878032658435"}, {"license": "gnip", "citation_ids": [76312044], "author": {"tweeter_id": "2584590420"}, "tweet_id": "1233809037080309760"}, {"license": "gnip", "citation_ids": [76312044], "author": {"tweeter_id": "443077045"}, "tweet_id": "1233815636490571777"}, {"license": "gnip", "citation_ids": [76312044], "author": {"tweeter_id": "479743188"}, "tweet_id": "1233837283876335616"}, {"license": "gnip", "citation_ids": [76312044], "author": {"tweeter_id": "2606986295"}, "tweet_id": "1233856454005706753"}, {"license": "gnip", "citation_ids": [76312044], "author": {"tweeter_id": "22448617"}, "tweet_id": "1233863870051160067"}, {"license": "gnip", "citation_ids": [76312044], "author": {"tweeter_id": "3065599500"}, "tweet_id": "1233864385589923845"}, {"license": "gnip", "citation_ids": [76312044], "author": {"tweeter_id": "264545150"}, "tweet_id": "1233864977800482819"}, {"license": "gnip", "citation_ids": [76312044], "author": {"tweeter_id": "1218767056667017216"}, "tweet_id": "1233865254863544322"}, {"license": "gnip", "citation_ids": [76312044], "author": {"tweeter_id": "42703688"}, "tweet_id": "1233865395947393024"}, {"license": "gnip", "citation_ids": [76312044], "author": {"tweeter_id": "382935334"}, "tweet_id": "1233865780019724290"}, {"license": "gnip", "citation_ids": [76312044], "author": {"tweeter_id": "332894242"}, "tweet_id": "1233865813230325762"}, {"license": "gnip", "citation_ids": [76312044], "author": {"tweeter_id": "2475191118"}, "tweet_id": "1233866038137282560"}, {"license": "gnip", "citation_ids": [76312044], "author": {"tweeter_id": "1183606154"}, "tweet_id": "1233866129262751744"}, {"license": "gnip", "citation_ids": [76312044], "author": {"tweeter_id": "42703688"}, "tweet_id": "1233866695095324675"}, {"license": "gnip", "citation_ids": [76312044], "author": {"tweeter_id": "908731172"}, "tweet_id": "1233867385116995585"}, {"license": "gnip", "citation_ids": [76312044], "author": {"tweeter_id": "404061957"}, "tweet_id": "1233869059550253056"}, {"license": "gnip", "citation_ids": [76312044], "author": {"tweeter_id": "3004018198"}, "tweet_id": "1233869059579678732"}, {"license": "gnip", "citation_ids": [76312044], "author": {"tweeter_id": "69912648"}, "tweet_id": "1233869305537814528"}, {"license": "gnip", "citation_ids": [76312044], "author": {"tweeter_id": "3906515918"}, "tweet_id": "1233869869143162885"}, {"license": "gnip", "citation_ids": [76312044], "author": {"tweeter_id": "844987451626213376"}, "tweet_id": "1233870715637653504"}, {"license": "gnip", "citation_ids": [76312044], "author": {"tweeter_id": "2532540984"}, "tweet_id": "1233871027794518022"}, {"license": "gnip", "citation_ids": [76312044], "author": {"tweeter_id": "71717442"}, "tweet_id": "1233871956371333121"}, {"license": "gnip", "citation_ids": [76312044], "author": {"tweeter_id": "2259037592"}, "tweet_id": "1233872408488136704"}, {"license": "gnip", "citation_ids": [76312044], "author": {"tweeter_id": "51388327"}, "tweet_id": "1233872690777329669"}, {"license": "gnip", "citation_ids": [76312044], "author": {"tweeter_id": "793617070609076224"}, "tweet_id": "1233876018546577412"}, {"license": "gnip", "citation_ids": [76312044], "author": {"tweeter_id": "49334899"}, "tweet_id": "1233876328203636738"}, {"license": "gnip", "citation_ids": [76312044], "author": {"tweeter_id": "746411866436448256"}, "tweet_id": "1233878745976623113"}, {"license": "gnip", "citation_ids": [76312044], "author": {"tweeter_id": "337805989"}, "tweet_id": "1233878921726349312"}, {"license": "gnip", "citation_ids": [76312044], "author": {"tweeter_id": "1045742416714715136"}, "tweet_id": "1233879356700844040"}, {"license": "gnip", "citation_ids": [76312044], "author": {"tweeter_id": "291914022"}, "tweet_id": "1233881237917458438"}, {"license": "gnip", "citation_ids": [76312044], "author": {"tweeter_id": "463162523"}, "tweet_id": "1233885287476006917"}, {"license": "gnip", "citation_ids": [76312044], "author": {"tweeter_id": "31005772"}, "tweet_id": "1233886340233691139"}, {"license": "gnip", "citation_ids": [76312044], "author": {"tweeter_id": "848892468"}, "tweet_id": "1233886922394808320"}, {"license": "gnip", "citation_ids": [76312044], "author": {"tweeter_id": "760645042750885888"}, "tweet_id": "1233887621224361986"}, {"license": "gnip", "citation_ids": [76312044], "author": {"tweeter_id": "1101111775225884672"}, "tweet_id": "1233888091326173184"}, {"license": "gnip", "citation_ids": [76312044], "author": {"tweeter_id": "351172025"}, "tweet_id": "1233889695328698369"}, {"license": "gnip", "citation_ids": [76312044], "author": {"tweeter_id": "125645226"}, "tweet_id": "1233894060244557825"}, {"license": "gnip", "citation_ids": [76312044], "author": {"tweeter_id": "1177060230452187136"}, "tweet_id": "1233897311945809922"}, {"license": "gnip", "citation_ids": [76312044], "author": {"tweeter_id": "34102266"}, "tweet_id": "1233900747810639877"}, {"license": "gnip", "citation_ids": [76312044], "author": {"tweeter_id": "3894581052"}, "tweet_id": "1233901830226227200"}, {"license": "gnip", "citation_ids": [76312044], "author": {"tweeter_id": "31141145"}, "tweet_id": "1233920750958108674"}, {"license": "gnip", "citation_ids": [76312044], "author": {"tweeter_id": "115266896"}, "tweet_id": "1233920817773338625"}, {"license": "gnip", "citation_ids": [76312044], "author": {"tweeter_id": "20930543"}, "tweet_id": "1233920855257894913"}, {"license": "gnip", "citation_ids": [76312044], "author": {"tweeter_id": "23236478"}, "tweet_id": "1233920912162017281"}, {"license": "gnip", "citation_ids": [76312044], "author": {"tweeter_id": "27953505"}, "tweet_id": "1233921359341850626"}, {"license": "gnip", "citation_ids": [76312044], "author": {"tweeter_id": "134787203"}, "tweet_id": "1233921403407212544"}, {"license": "gnip", "citation_ids": [76312044], "author": {"tweeter_id": "22386011"}, "tweet_id": "1233921496441131009"}, {"license": "gnip", "citation_ids": [76312044], "author": {"tweeter_id": "2617391504"}, "tweet_id": "1233921634278531073"}, {"license": "gnip", "citation_ids": [76312044], "author": {"tweeter_id": "1147266088528429056"}, "tweet_id": "1233921667090599942"}, {"license": "gnip", "citation_ids": [76312044], "author": {"tweeter_id": "840215325803200512"}, "tweet_id": "1233937309730529283"}, {"license": "gnip", "citation_ids": [76312044], "author": {"tweeter_id": "42400603"}, "tweet_id": "1233942499821047808"}, {"license": "gnip", "citation_ids": [76312044], "author": {"tweeter_id": "107796984"}, "tweet_id": "1233942540371492866"}, {"license": "gnip", "citation_ids": [76312044], "author": {"tweeter_id": "2742814752"}, "tweet_id": "1233946929459081217"}, {"license": "gnip", "citation_ids": [76312044], "author": {"tweeter_id": "3158451439"}, "tweet_id": "1233947456582213632"}, {"license": "gnip", "citation_ids": [76312044], "author": {"tweeter_id": "1195651069604507655"}, "tweet_id": "1233950112549867521"}, {"license": "gnip", "citation_ids": [76312044], "author": {"tweeter_id": "924159284333617152"}, "tweet_id": "1233950702466035712"}, {"license": "gnip", "citation_ids": [76312044], "author": {"tweeter_id": "319246523"}, "tweet_id": "1233952108614995969"}, {"license": "gnip", "citation_ids": [76312044], "author": {"tweeter_id": "1069866523999653889"}, "tweet_id": "1233959949643837440"}, {"license": "gnip", "citation_ids": [76312044], "author": {"tweeter_id": "4443219497"}, "tweet_id": "1233961763613396992"}, {"license": "gnip", "citation_ids": [76312044], "author": {"tweeter_id": "1017099960947363840"}, "tweet_id": "1233964290123669504"}, {"license": "gnip", "citation_ids": [76312044], "author": {"tweeter_id": "303446190"}, "tweet_id": "1233972829642608640"}, {"license": "gnip", "citation_ids": [76312044], "author": {"tweeter_id": "1221074117090271234"}, "tweet_id": "1233978683041439744"}, {"license": "gnip", "citation_ids": [76312044], "author": {"tweeter_id": "25847020"}, "tweet_id": "1233993932150800385"}, {"license": "gnip", "citation_ids": [76312044], "author": {"tweeter_id": "740242725782573057"}, "tweet_id": "1233998860688732160"}, {"license": "gnip", "citation_ids": [76312044], "author": {"tweeter_id": "45765510"}, "tweet_id": "1234001447135526912"}, {"license": "gnip", "citation_ids": [76312044], "author": {"tweeter_id": "1907007200"}, "tweet_id": "1234014064902361088"}, {"license": "gnip", "citation_ids": [76312044], "author": {"tweeter_id": "1186344860275695616"}, "tweet_id": "1234027146361921541"}, {"license": "gnip", "citation_ids": [76312044], "author": {"tweeter_id": "340613693"}, "tweet_id": "1234064167868534789"}, {"license": "gnip", "citation_ids": [76312044], "author": {"tweeter_id": "998668775212945409"}, "tweet_id": "1234074998723268609"}, {"license": "gnip", "citation_ids": [76312044], "author": {"tweeter_id": "53006214"}, "tweet_id": "1234076476607066112"}, {"license": "gnip", "citation_ids": [76312044], "author": {"tweeter_id": "43982791"}, "tweet_id": "1234077444845506561"}, {"license": "gnip", "citation_ids": [76312044], "author": {"tweeter_id": "820746058485612549"}, "tweet_id": "1234078631170920448"}, {"license": "gnip", "citation_ids": [76312044], "author": {"tweeter_id": "749592108"}, "tweet_id": "1234080904286482434"}, {"license": "gnip", "citation_ids": [76312044], "author": {"tweeter_id": "1203821532797116418"}, "tweet_id": "1234082791614296064"}, {"license": "gnip", "citation_ids": [76312044], "author": {"tweeter_id": "217098501"}, "tweet_id": "1234084150044348416"}, {"license": "gnip", "citation_ids": [76312044], "author": {"tweeter_id": "787540115526529024"}, "tweet_id": "1234095991374204929"}, {"license": "gnip", "citation_ids": [76312044], "author": {"tweeter_id": "1085987017887023105"}, "tweet_id": "1234101711582748673"}, {"license": "gnip", "citation_ids": [76312044], "author": {"tweeter_id": "258834617"}, "tweet_id": "1234114614155186176"}, {"license": "gnip", "citation_ids": [76312044], "author": {"tweeter_id": "1900131331"}, "tweet_id": "1234143001355706369"}, {"license": "gnip", "citation_ids": [76312044], "author": {"tweeter_id": "946266485889961984"}, "tweet_id": "1234156562781892609"}, {"license": "gnip", "citation_ids": [76312044], "author": {"tweeter_id": "2298596702"}, "tweet_id": "1234164451521236992"}, {"license": "gnip", "citation_ids": [76312044], "author": {"tweeter_id": "2832261790"}, "tweet_id": "1234165637620125696"}, {"license": "gnip", "citation_ids": [76312044], "author": {"tweeter_id": "138017965"}, "tweet_id": "1234168340781944833"}, {"license": "gnip", "citation_ids": [76312044], "author": {"tweeter_id": "25998612"}, "tweet_id": "1234179600898351106"}, {"license": "gnip", "citation_ids": [76312044], "author": {"tweeter_id": "24790088"}, "tweet_id": "1234194518250909696"}, {"license": "gnip", "citation_ids": [76312044], "author": {"tweeter_id": "815709104236806144"}, "tweet_id": "1234217088115449857"}, {"license": "gnip", "citation_ids": [76312044], "author": {"tweeter_id": "1087280823819132928"}, "tweet_id": "1234241723296911360"}, {"license": "gnip", "citation_ids": [76312044], "author": {"tweeter_id": "1039532847059673088"}, "tweet_id": "1234242305126694929"}, {"license": "gnip", "citation_ids": [76312044], "author": {"tweeter_id": "1175633919393312768"}, "tweet_id": "1234247045793419271"}, {"license": "gnip", "citation_ids": [76312044], "author": {"tweeter_id": "22448617"}, "tweet_id": "1234285910637862912"}, {"license": "gnip", "citation_ids": [76312044], "author": {"tweeter_id": "26497712"}, "tweet_id": "1234286188091125760"}, {"license": "gnip", "citation_ids": [76312044], "author": {"tweeter_id": "2814630924"}, "tweet_id": "1234286297897766913"}, {"license": "gnip", "citation_ids": [76312044], "author": {"tweeter_id": "959105130955247616"}, "tweet_id": "1234287437418876929"}, {"license": "gnip", "citation_ids": [76312044], "author": {"tweeter_id": "1205922332432203776"}, "tweet_id": "1234287802902179840"}, {"license": "gnip", "citation_ids": [76312044], "author": {"tweeter_id": "535009507"}, "tweet_id": "1234288017344548865"}, {"license": "gnip", "citation_ids": [76312044], "author": {"tweeter_id": "297416791"}, "tweet_id": "1234297219810877440"}, {"license": "gnip", "citation_ids": [76312044], "author": {"tweeter_id": "113879784"}, "tweet_id": "1234300672448679937"}, {"license": "gnip", "citation_ids": [76312044], "author": {"tweeter_id": "3894581052"}, "tweet_id": "1234303753022509058"}, {"license": "gnip", "citation_ids": [76312044], "author": {"tweeter_id": "248300252"}, "tweet_id": "1234310773968527360"}, {"license": "gnip", "citation_ids": [76312044], "author": {"tweeter_id": "162511565"}, "tweet_id": "1234313511091818497"}, {"license": "gnip", "citation_ids": [76312044], "author": {"tweeter_id": "330271498"}, "tweet_id": "1234314753364779008"}, {"license": "gnip", "citation_ids": [76312044], "author": {"tweeter_id": "2898770241"}, "tweet_id": "1234333561634918405"}, {"license": "gnip", "citation_ids": [76312044], "author": {"tweeter_id": "790779803230023680"}, "tweet_id": "1234345488700231682"}, {"license": "gnip", "citation_ids": [76312044], "author": {"tweeter_id": "3183195312"}, "tweet_id": "1234371321406132225"}, {"license": "gnip", "citation_ids": [76312044], "author": {"tweeter_id": "598095606"}, "tweet_id": "1234374946798919680"}, {"license": "gnip", "citation_ids": [76312044], "author": {"tweeter_id": "3323287853"}, "tweet_id": "1234382605874868224"}, {"license": "gnip", "citation_ids": [76312044], "author": {"tweeter_id": "1092863863370833920"}, "tweet_id": "1234383029327450112"}, {"license": "gnip", "citation_ids": [76312044], "author": {"tweeter_id": "455595427"}, "tweet_id": "1234383876484628481"}, {"license": "gnip", "citation_ids": [76312044], "author": {"tweeter_id": "81120503"}, "tweet_id": "1234384946019565573"}, {"license": "gnip", "citation_ids": [76312044], "author": {"tweeter_id": "750744486582497281"}, "tweet_id": "1234390289646792704"}, {"license": "gnip", "citation_ids": [76312044], "author": {"tweeter_id": "2871813130"}, "tweet_id": "1234401341402836992"}, {"license": "gnip", "citation_ids": [76312044], "author": {"tweeter_id": "823923088400191488"}, "tweet_id": "1234409362782924800"}, {"license": "gnip", "citation_ids": [76312044], "author": {"tweeter_id": "969023535325818880"}, "tweet_id": "1234433410095079424"}, {"license": "gnip", "citation_ids": [76312044], "author": {"tweeter_id": "466947624"}, "tweet_id": "1234450775423631362"}, {"license": "gnip", "citation_ids": [76312044], "author": {"tweeter_id": "730786783210901504"}, "tweet_id": "1234455296929497089"}, {"license": "gnip", "citation_ids": [76312044], "author": {"tweeter_id": "796173666484678656"}, "tweet_id": "1234456331039498240"}, {"license": "gnip", "citation_ids": [76312044], "author": {"tweeter_id": "1233044207037796352"}, "tweet_id": "1234462620406730753"}, {"license": "gnip", "citation_ids": [76312044], "author": {"tweeter_id": "58685992"}, "tweet_id": "1234464960148840449"}, {"license": "gnip", "citation_ids": [76312044], "author": {"tweeter_id": "426723697"}, "tweet_id": "1234467631882809346"}, {"license": "gnip", "citation_ids": [76312044], "author": {"tweeter_id": "137579002"}, "tweet_id": "1234469029307387904"}, {"license": "gnip", "citation_ids": [76312044], "author": {"tweeter_id": "570982763"}, "tweet_id": "1234474058143674370"}, {"license": "gnip", "citation_ids": [76312044], "author": {"tweeter_id": "3116898265"}, "tweet_id": "1234480258046279680"}, {"license": "gnip", "citation_ids": [76312044], "author": {"tweeter_id": "287707215"}, "tweet_id": "1234490191068487681"}, {"license": "gnip", "citation_ids": [76312044], "author": {"tweeter_id": "2297820823"}, "tweet_id": "1234521474607800321"}, {"license": "gnip", "citation_ids": [76312044], "author": {"tweeter_id": "84371888"}, "tweet_id": "1234521740757303296"}, {"license": "gnip", "citation_ids": [76312044], "author": {"tweeter_id": "408530567"}, "tweet_id": "1234536716318408704"}, {"license": "gnip", "citation_ids": [76312044], "author": {"tweeter_id": "808044320"}, "tweet_id": "1234536916034506752"}, {"license": "gnip", "citation_ids": [76312044], "author": {"tweeter_id": "1058285606"}, "tweet_id": "1234541041765584896"}, {"license": "gnip", "citation_ids": [76312044], "author": {"tweeter_id": "1157182988742025218"}, "tweet_id": "1234553997060640769"}, {"license": "gnip", "citation_ids": [76312044], "author": {"tweeter_id": "72380682"}, "tweet_id": "1234568117940039681"}, {"license": "gnip", "citation_ids": [76312044], "author": {"tweeter_id": "821281501"}, "tweet_id": "1234589862407237632"}, {"license": "gnip", "citation_ids": [76312044], "author": {"tweeter_id": "2244134066"}, "tweet_id": "1234606971946319872"}, {"license": "gnip", "citation_ids": [76312044], "author": {"tweeter_id": "423522416"}, "tweet_id": "1234607372422852608"}, {"license": "gnip", "citation_ids": [76312044], "author": {"tweeter_id": "1234586063659765761"}, "tweet_id": "1234607485287378947"}, {"license": "gnip", "citation_ids": [76312044], "author": {"tweeter_id": "65627151"}, "tweet_id": "1234610024451719168"}, {"license": "gnip", "citation_ids": [76312044], "author": {"tweeter_id": "250361884"}, "tweet_id": "1234610266093916160"}, {"license": "gnip", "citation_ids": [76312044], "author": {"tweeter_id": "162777489"}, "tweet_id": "1234611095442116608"}, {"license": "gnip", "citation_ids": [76312044], "author": {"tweeter_id": "983087851"}, "tweet_id": "1234611995418284033"}, {"license": "gnip", "citation_ids": [76312044], "author": {"tweeter_id": "1161326357021908992"}, "tweet_id": "1234613850638516224"}, {"license": "gnip", "citation_ids": [76312044], "author": {"tweeter_id": "980489117376155649"}, "tweet_id": "1234613911846039554"}, {"license": "gnip", "citation_ids": [76312044], "author": {"tweeter_id": "588428892"}, "tweet_id": "1234615173597536261"}, {"license": "gnip", "citation_ids": [76312044], "author": {"tweeter_id": "449653307"}, "tweet_id": "1234620989717336064"}, {"license": "gnip", "citation_ids": [76312044], "author": {"tweeter_id": "702995517"}, "tweet_id": "1234622779661725703"}, {"license": "gnip", "citation_ids": [76312044], "author": {"tweeter_id": "449653307"}, "tweet_id": "1234623911855300613"}, {"license": "gnip", "citation_ids": [76312044], "author": {"tweeter_id": "792713303621533696"}, "tweet_id": "1234642382924210176"}, {"license": "gnip", "citation_ids": [76312044], "author": {"tweeter_id": "933167502"}, "tweet_id": "1234644378360123393"}, {"license": "gnip", "citation_ids": [76312044], "author": {"tweeter_id": "788770289211539457"}, "tweet_id": "1234653308666642433"}, {"license": "gnip", "citation_ids": [76312044], "author": {"tweeter_id": "26896505"}, "tweet_id": "1234665828114563078"}, {"license": "gnip", "citation_ids": [76312044], "author": {"tweeter_id": "339542327"}, "tweet_id": "1234696158280286209"}, {"license": "gnip", "citation_ids": [76312044], "author": {"tweeter_id": "52689139"}, "tweet_id": "1234704360875053056"}, {"license": "gnip", "citation_ids": [76312044], "author": {"tweeter_id": "2750551661"}, "tweet_id": "1234722298118201344"}, {"license": "gnip", "citation_ids": [76312044], "author": {"tweeter_id": "927825713729765376"}, "tweet_id": "1234735900086722560"}, {"license": "gnip", "citation_ids": [76312044], "author": {"tweeter_id": "156706838"}, "tweet_id": "1234745188570062848"}, {"license": "gnip", "citation_ids": [76312044], "author": {"tweeter_id": "76570411"}, "tweet_id": "1234803821995425792"}, {"license": "gnip", "citation_ids": [76312044], "author": {"tweeter_id": "978068135818350592"}, "tweet_id": "1234814197386465281"}, {"license": "gnip", "citation_ids": [76312044], "author": {"tweeter_id": "2277617377"}, "tweet_id": "1234825066140979200"}, {"license": "gnip", "citation_ids": [76312044], "author": {"tweeter_id": "1041343627790757888"}, "tweet_id": "1234826466564681728"}, {"license": "gnip", "citation_ids": [76312044], "author": {"tweeter_id": "437048686"}, "tweet_id": "1234860412736360452"}, {"license": "gnip", "citation_ids": [76312044], "author": {"tweeter_id": "1161403813116256256"}, "tweet_id": "1234869527239909378"}, {"license": "gnip", "citation_ids": [76312044], "author": {"tweeter_id": "369827280"}, "tweet_id": "1234870402704384000"}, {"license": "gnip", "citation_ids": [76312044], "author": {"tweeter_id": "1230482678811709440"}, "tweet_id": "1234898285304918016"}, {"license": "gnip", "citation_ids": [76312044], "author": {"tweeter_id": "3425365385"}, "tweet_id": "1234907145600147456"}, {"license": "gnip", "citation_ids": [76312044], "author": {"tweeter_id": "710539561"}, "tweet_id": "1234921598769156096"}, {"license": "gnip", "citation_ids": [76312044], "author": {"tweeter_id": "18249099"}, "tweet_id": "1234957235236691968"}, {"license": "gnip", "citation_ids": [76312044], "author": {"tweeter_id": "2606986295"}, "tweet_id": "1234987016611233792"}, {"license": "gnip", "citation_ids": [76312044], "author": {"tweeter_id": "250577091"}, "tweet_id": "1235022823724179457"}, {"license": "gnip", "citation_ids": [76312044], "author": {"tweeter_id": "1182158127912738817"}, "tweet_id": "1235026525721788416"}, {"license": "gnip", "citation_ids": [76312044], "author": {"tweeter_id": "4918209432"}, "tweet_id": "1235081202832248832"}, {"license": "gnip", "citation_ids": [76312044], "author": {"tweeter_id": "808369805094858752"}, "tweet_id": "1235085351837814784"}, {"license": "gnip", "citation_ids": [76312044], "author": {"tweeter_id": "1671588253"}, "tweet_id": "1235092631547310080"}, {"license": "gnip", "citation_ids": [76312044], "author": {"tweeter_id": "473179400"}, "tweet_id": "1235098615476969472"}, {"license": "gnip", "citation_ids": [76312044], "author": {"tweeter_id": "366040246"}, "tweet_id": "1235108628421459971"}, {"license": "gnip", "citation_ids": [76312044], "author": {"tweeter_id": "463162523"}, "tweet_id": "1235195788273291264"}, {"license": "gnip", "citation_ids": [76312044], "author": {"tweeter_id": "1215076782791176192"}, "tweet_id": "1235260006045536259"}, {"license": "gnip", "citation_ids": [76312044], "author": {"tweeter_id": "132144107"}, "tweet_id": "1235267545432612864"}, {"license": "gnip", "citation_ids": [76312044], "author": {"tweeter_id": "1097694473952342022"}, "tweet_id": "1235268122203975681"}, {"license": "gnip", "citation_ids": [76312044], "author": {"tweeter_id": "87246881"}, "tweet_id": "1235268183810084864"}, {"license": "gnip", "citation_ids": [76312044], "author": {"tweeter_id": "87246881"}, "tweet_id": "1235268231188885509"}, {"license": "gnip", "citation_ids": [76312044], "author": {"tweeter_id": "374002224"}, "tweet_id": "1235279078531436544"}, {"license": "gnip", "citation_ids": [76312044], "author": {"tweeter_id": "87442729"}, "tweet_id": "1235293739666624515"}, {"license": "gnip", "citation_ids": [76312044], "author": {"tweeter_id": "87442729"}, "tweet_id": "1235293770373091328"}, {"license": "gnip", "citation_ids": [76312044], "author": {"tweeter_id": "256982698"}, "tweet_id": "1235320316471267329"}, {"license": "gnip", "citation_ids": [76312044], "author": {"tweeter_id": "111424470"}, "tweet_id": "1235320989870952451"}, {"license": "gnip", "citation_ids": [76312044], "author": {"tweeter_id": "598769926"}, "tweet_id": "1235355290121330688"}, {"license": "gnip", "citation_ids": [76312044], "author": {"tweeter_id": "1104759620495704064"}, "tweet_id": "1235355436477538304"}, {"license": "gnip", "citation_ids": [76312044], "author": {"tweeter_id": "344085652"}, "tweet_id": "1235369950312886273"}, {"license": "gnip", "citation_ids": [76312044], "author": {"tweeter_id": "1074021345590013953"}, "tweet_id": "1235396894693691395"}, {"license": "gnip", "citation_ids": [76312044], "author": {"tweeter_id": "1059303506522320897"}, "tweet_id": "1235397490150723585"}, {"license": "gnip", "citation_ids": [76312044], "author": {"tweeter_id": "1230906400978743298"}, "tweet_id": "1235410619693780992"}, {"license": "gnip", "citation_ids": [76312044], "author": {"tweeter_id": "29767023"}, "tweet_id": "1235427974243024896"}, {"license": "gnip", "citation_ids": [76312044], "author": {"tweeter_id": "2283962508"}, "tweet_id": "1235431119052345344"}, {"license": "gnip", "citation_ids": [76312044], "author": {"tweeter_id": "19086371"}, "tweet_id": "1235554257656561664"}, {"license": "gnip", "citation_ids": [76312044], "author": {"tweeter_id": "808369805094858752"}, "tweet_id": "1235725969383546880"}, {"license": "gnip", "citation_ids": [76312044], "author": {"tweeter_id": "2606986295"}, "tweet_id": "1235826592015765504"}, {"license": "gnip", "citation_ids": [76312044], "author": {"tweeter_id": "2606986295"}, "tweet_id": "1235829202915483648"}, {"license": "gnip", "citation_ids": [76312044], "author": {"tweeter_id": "895590626867068929"}, "tweet_id": "1235901350493356032"}, {"license": "gnip", "citation_ids": [76312044], "author": {"tweeter_id": "1065133290602979328"}, "tweet_id": "1235902284707409921"}, {"license": "gnip", "citation_ids": [76312044], "author": {"tweeter_id": "1192014993669025797"}, "tweet_id": "1235966840003837955"}, {"license": "gnip", "citation_ids": [76312044], "author": {"tweeter_id": "2333198628"}, "tweet_id": "1235974908351590401"}, {"license": "gnip", "citation_ids": [76312044], "author": {"tweeter_id": "16390080"}, "tweet_id": "1236095907130732547"}, {"license": "gnip", "citation_ids": [76312044], "author": {"tweeter_id": "993240133569826816"}, "tweet_id": "1236197983168929792"}, {"license": "gnip", "citation_ids": [76312044], "author": {"tweeter_id": "2726959474"}, "tweet_id": "1236382656591511552"}, {"license": "gnip", "citation_ids": [76312044], "author": {"tweeter_id": "167829979"}, "tweet_id": "1236383728089190406"}, {"license": "gnip", "citation_ids": [76312044], "author": {"tweeter_id": "288056375"}, "tweet_id": "1236383860562296832"}, {"license": "gnip", "citation_ids": [76312044], "author": {"tweeter_id": "545063169"}, "tweet_id": "1236420465176072196"}, {"license": "gnip", "citation_ids": [76312044], "author": {"tweeter_id": "14243750"}, "tweet_id": "1236488351538176000"}, {"license": "gnip", "citation_ids": [76312044], "author": {"tweeter_id": "935904696643944448"}, "tweet_id": "1236511056941289473"}, {"license": "gnip", "citation_ids": [76312044], "author": {"tweeter_id": "51388327"}, "tweet_id": "1236645929207435264"}, {"license": "gnip", "citation_ids": [76312044], "author": {"tweeter_id": "42953085"}, "tweet_id": "1236652504995201025"}, {"license": "gnip", "citation_ids": [76312044], "author": {"tweeter_id": "42953085"}, "tweet_id": "1236652665658052613"}, {"license": "gnip", "citation_ids": [76312044], "author": {"tweeter_id": "2606986295"}, "tweet_id": "1236750099948044288"}, {"license": "gnip", "citation_ids": [76312044], "author": {"tweeter_id": "26812918"}, "tweet_id": "1236779080822988800"}, {"license": "gnip", "citation_ids": [76312044], "author": {"tweeter_id": "10540702"}, "tweet_id": "1236779752293380097"}, {"license": "gnip", "citation_ids": [76312044], "author": {"tweeter_id": "44270679"}, "tweet_id": "1236854553414381574"}, {"license": "gnip", "citation_ids": [76312044], "author": {"tweeter_id": "1454358906"}, "tweet_id": "1236901926928896001"}, {"license": "gnip", "citation_ids": [76312044], "author": {"tweeter_id": "240763519"}, "tweet_id": "1237043006026461186"}, {"license": "gnip", "citation_ids": [76312044], "author": {"tweeter_id": "995667457317666816"}, "tweet_id": "1237075736747479040"}, {"license": "gnip", "citation_ids": [76312044], "author": {"tweeter_id": "55514310"}, "tweet_id": "1237110590864109569"}, {"license": "gnip", "citation_ids": [76312044], "author": {"tweeter_id": "339306915"}, "tweet_id": "1237113172886196231"}, {"license": "gnip", "citation_ids": [76312044], "author": {"tweeter_id": "1196585570102677504"}, "tweet_id": "1237202044479393793"}, {"license": "gnip", "citation_ids": [76312044], "author": {"tweeter_id": "242364583"}, "tweet_id": "1237215582346305536"}, {"license": "gnip", "citation_ids": [76312044], "author": {"tweeter_id": "816566196745203712"}, "tweet_id": "1237274693914296321"}, {"license": "gnip", "citation_ids": [76312044], "author": {"tweeter_id": "1061946325896441856"}, "tweet_id": "1237418134128267265"}, {"license": "gnip", "citation_ids": [76312044], "author": {"tweeter_id": "52499789"}, "tweet_id": "1237448172559118342"}, {"license": "gnip", "citation_ids": [76312044], "author": {"tweeter_id": "55514310"}, "tweet_id": "1237533743213989888"}, {"license": "gnip", "citation_ids": [76312044], "author": {"tweeter_id": "55514310"}, "tweet_id": "1237534603675488257"}, {"license": "gnip", "citation_ids": [76312044], "author": {"tweeter_id": "2385964616"}, "tweet_id": "1237536501530898432"}, {"license": "gnip", "citation_ids": [76312044], "author": {"tweeter_id": "3031002255"}, "tweet_id": "1237548438566219776"}, {"license": "gnip", "citation_ids": [76312044, 13554362], "author": {"tweeter_id": "1621753549"}, "tweet_id": "1237561779447726081"}, {"license": "gnip", "citation_ids": [76312044], "author": {"tweeter_id": "1215076782791176192"}, "tweet_id": "1237570862607249408"}, {"license": "gnip", "citation_ids": [76312044, 76312044], "author": {"tweeter_id": "228060788"}, "tweet_id": "1237611795155570693"}, {"license": "gnip", "citation_ids": [76312044], "author": {"tweeter_id": "1163088820990107650"}, "tweet_id": "1237687032589287426"}, {"license": "gnip", "citation_ids": [76312044], "author": {"tweeter_id": "14764577"}, "tweet_id": "1237815335559950337"}, {"license": "gnip", "citation_ids": [76312044], "author": {"tweeter_id": "368910785"}, "tweet_id": "1237855713965162496"}, {"license": "gnip", "citation_ids": [76312044], "author": {"tweeter_id": "935242836"}, "tweet_id": "1237865054361415680"}, {"license": "gnip", "citation_ids": [76312044], "author": {"tweeter_id": "815229824943783936"}, "tweet_id": "1237887167940063232"}, {"license": "gnip", "citation_ids": [76312044], "author": {"tweeter_id": "808369805094858752"}, "tweet_id": "1237933695442407424"}, {"license": "gnip", "citation_ids": [76312044], "author": {"tweeter_id": "746715904352784384"}, "tweet_id": "1238098191301541888"}, {"license": "gnip", "citation_ids": [76312044], "author": {"tweeter_id": "486191342"}, "tweet_id": "1238098672258289664"}, {"license": "gnip", "citation_ids": [76312044], "author": {"tweeter_id": "746715904352784384"}, "tweet_id": "1238099630593699841"}, {"license": "gnip", "citation_ids": [76312044], "author": {"tweeter_id": "1203005279178125312"}, "tweet_id": "1238114663897817094"}, {"license": "gnip", "citation_ids": [76312044], "author": {"tweeter_id": "69441276"}, "tweet_id": "1238136091061837824"}, {"license": "gnip", "citation_ids": [76312044], "author": {"tweeter_id": "1512460285"}, "tweet_id": "1238136622551568384"}, {"license": "gnip", "citation_ids": [76312044], "author": {"tweeter_id": "66887020"}, "tweet_id": "1238166825906720768"}, {"license": "gnip", "citation_ids": [76312044], "author": {"tweeter_id": "807983952103428097"}, "tweet_id": "1238227662759514115"}, {"license": "gnip", "citation_ids": [76312044], "author": {"tweeter_id": "2832261790"}, "tweet_id": "1238231594554531843"}, {"license": "gnip", "citation_ids": [76312044], "author": {"tweeter_id": "1583800927"}, "tweet_id": "1238388022305001473"}, {"license": "gnip", "citation_ids": [76312044], "author": {"tweeter_id": "217945172"}, "tweet_id": "1238495126894362625"}, {"license": "gnip", "citation_ids": [76312044], "author": {"tweeter_id": "923513040"}, "tweet_id": "1238513804914446337"}, {"license": "gnip", "citation_ids": [76312044], "author": {"tweeter_id": "808369805094858752"}, "tweet_id": "1238604522638864384"}, {"license": "gnip", "citation_ids": [76312044], "author": {"tweeter_id": "4260487493"}, "tweet_id": "1238606546239516672"}, {"license": "gnip", "citation_ids": [76312044, 76312044], "author": {"tweeter_id": "2875721651"}, "tweet_id": "1238608585883447296"}, {"license": "gnip", "citation_ids": [76312044], "author": {"tweeter_id": "193603101"}, "tweet_id": "1238617845115670529"}, {"license": "gnip", "citation_ids": [76312044], "author": {"tweeter_id": "929002097273724928"}, "tweet_id": "1238678218988716032"}, {"license": "gnip", "citation_ids": [76312044], "author": {"tweeter_id": "2832261790"}, "tweet_id": "1238718888210202624"}, {"license": "gnip", "citation_ids": [76312044], "author": {"tweeter_id": "1004083290611933184"}, "tweet_id": "1238721793709367296"}, {"license": "gnip", "citation_ids": [76312044], "author": {"tweeter_id": "55514310"}, "tweet_id": "1238722723913691136"}, {"license": "gnip", "citation_ids": [76312044], "author": {"tweeter_id": "2832261790"}, "tweet_id": "1238723713828302848"}, {"license": "gnip", "citation_ids": [76312044], "author": {"tweeter_id": "109441019"}, "tweet_id": "1238724156474011649"}, {"license": "gnip", "citation_ids": [76312044], "author": {"tweeter_id": "232617366"}, "tweet_id": "1238725337640505344"}, {"license": "gnip", "citation_ids": [76312044], "author": {"tweeter_id": "1105102139041419266"}, "tweet_id": "1238726443271688192"}, {"license": "gnip", "citation_ids": [76312044], "author": {"tweeter_id": "1000701966069190656"}, "tweet_id": "1238728392180207618"}, {"license": "gnip", "citation_ids": [76312044], "author": {"tweeter_id": "1000701966069190656"}, "tweet_id": "1238735829670952961"}, {"license": "gnip", "citation_ids": [76312044], "author": {"tweeter_id": "186428250"}, "tweet_id": "1238741485975220224"}, {"license": "gnip", "citation_ids": [76312044], "author": {"tweeter_id": "42247340"}, "tweet_id": "1238745135304683520"}, {"license": "gnip", "citation_ids": [76312044], "author": {"tweeter_id": "3251643794"}, "tweet_id": "1238747874931945475"}, {"license": "gnip", "citation_ids": [76312044], "author": {"tweeter_id": "941614236891013120"}, "tweet_id": "1238759090026921984"}, {"license": "gnip", "citation_ids": [76312044], "author": {"tweeter_id": "3055270599"}, "tweet_id": "1238775512945897483"}, {"license": "gnip", "citation_ids": [76312044], "author": {"tweeter_id": "747835110184091649"}, "tweet_id": "1238776104393080833"}, {"license": "gnip", "citation_ids": [76312044], "author": {"tweeter_id": "2205593371"}, "tweet_id": "1238780811953963014"}, {"license": "gnip", "citation_ids": [76312044], "author": {"tweeter_id": "19510570"}, "tweet_id": "1238785114232049664"}, {"license": "gnip", "citation_ids": [76312044], "author": {"tweeter_id": "835650270"}, "tweet_id": "1238786012417056769"}, {"license": "gnip", "citation_ids": [76312044], "author": {"tweeter_id": "872072671"}, "tweet_id": "1238791785058574337"}, {"license": "gnip", "citation_ids": [76312044], "author": {"tweeter_id": "383606371"}, "tweet_id": "1238792477860982784"}, {"license": "gnip", "citation_ids": [76312044], "author": {"tweeter_id": "57711545"}, "tweet_id": "1238806159752077313"}, {"license": "gnip", "citation_ids": [76312044], "author": {"tweeter_id": "2572808427"}, "tweet_id": "1238806960427892736"}, {"license": "gnip", "citation_ids": [76312044], "author": {"tweeter_id": "1202016688516030464"}, "tweet_id": "1238807647790530565"}, {"license": "gnip", "citation_ids": [76312044], "author": {"tweeter_id": "53073144"}, "tweet_id": "1238815735339761666"}, {"license": "gnip", "citation_ids": [76312044], "author": {"tweeter_id": "2959010266"}, "tweet_id": "1238821076743991302"}, {"license": "gnip", "citation_ids": [76312044], "author": {"tweeter_id": "4391304912"}, "tweet_id": "1238827286440243203"}, {"license": "gnip", "citation_ids": [76312044], "author": {"tweeter_id": "980109587461410816"}, "tweet_id": "1238827760312713216"}, {"license": "gnip", "citation_ids": [76312044], "author": {"tweeter_id": "953098301632630784"}, "tweet_id": "1238828665674387456"}, {"license": "gnip", "citation_ids": [76312044], "author": {"tweeter_id": "798751705336664064"}, "tweet_id": "1238839224649957382"}, {"license": "gnip", "citation_ids": [76312044], "author": {"tweeter_id": "16894775"}, "tweet_id": "1238847149145755648"}, {"license": "gnip", "citation_ids": [76312044], "author": {"tweeter_id": "4181422889"}, "tweet_id": "1238853077827903488"}, {"license": "gnip", "citation_ids": [76312044], "author": {"tweeter_id": "356087072"}, "tweet_id": "1238853161332477952"}, {"license": "gnip", "citation_ids": [76312044], "author": {"tweeter_id": "319686131"}, "tweet_id": "1238859212383494146"}, {"license": "gnip", "citation_ids": [76312044], "author": {"tweeter_id": "811363026"}, "tweet_id": "1238864535718629378"}, {"license": "gnip", "citation_ids": [76312044], "author": {"tweeter_id": "197375783"}, "tweet_id": "1238865997647446016"}, {"license": "gnip", "citation_ids": [76312044], "author": {"tweeter_id": "47611210"}, "tweet_id": "1238878977802076163"}, {"license": "gnip", "citation_ids": [76312044], "author": {"tweeter_id": "295879371"}, "tweet_id": "1238887123220078592"}, {"license": "gnip", "citation_ids": [76312044], "author": {"tweeter_id": "4033134725"}, "tweet_id": "1238890570652803073"}, {"license": "gnip", "citation_ids": [76312044], "author": {"tweeter_id": "964548384714567681"}, "tweet_id": "1238893951093964804"}, {"license": "gnip", "citation_ids": [76312044], "author": {"tweeter_id": "945883713795104768"}, "tweet_id": "1238898509421531141"}, {"license": "gnip", "citation_ids": [76312044], "author": {"tweeter_id": "780611800614129664"}, "tweet_id": "1238908947458752512"}, {"license": "gnip", "citation_ids": [76312044], "author": {"tweeter_id": "413450560"}, "tweet_id": "1238914903731253255"}, {"license": "gnip", "citation_ids": [76312044], "author": {"tweeter_id": "65707842"}, "tweet_id": "1238929162011914240"}, {"license": "gnip", "citation_ids": [76312044], "author": {"tweeter_id": "167898317"}, "tweet_id": "1238929792155521024"}, {"license": "gnip", "citation_ids": [76312044], "author": {"tweeter_id": "403647191"}, "tweet_id": "1238941656419893253"}, {"license": "gnip", "citation_ids": [76312044], "author": {"tweeter_id": "892377466827931648"}, "tweet_id": "1238943517596094469"}, {"license": "gnip", "citation_ids": [76312044], "author": {"tweeter_id": "1567055767"}, "tweet_id": "1238948646915366915"}, {"license": "gnip", "citation_ids": [76312044], "author": {"tweeter_id": "117426276"}, "tweet_id": "1238955879799627776"}, {"license": "gnip", "citation_ids": [76312044], "author": {"tweeter_id": "746113678718603264"}, "tweet_id": "1238962248485228544"}, {"license": "gnip", "citation_ids": [76312044], "author": {"tweeter_id": "237354855"}, "tweet_id": "1238963839900803074"}, {"license": "gnip", "citation_ids": [76312044], "author": {"tweeter_id": "918813768418775040"}, "tweet_id": "1238966275231166465"}, {"license": "gnip", "citation_ids": [76312044], "author": {"tweeter_id": "381118619"}, "tweet_id": "1238975296948310023"}, {"license": "gnip", "citation_ids": [76312044], "author": {"tweeter_id": "345113649"}, "tweet_id": "1239018409918169094"}, {"license": "gnip", "citation_ids": [76312044], "author": {"tweeter_id": "1458278131"}, "tweet_id": "1239019205799956485"}, {"license": "gnip", "citation_ids": [76312044], "author": {"tweeter_id": "1140074909613170688"}, "tweet_id": "1239043764410171392"}, {"license": "gnip", "citation_ids": [76312044], "author": {"tweeter_id": "16181688"}, "tweet_id": "1239051461318885377"}, {"license": "gnip", "citation_ids": [76312044], "author": {"tweeter_id": "96325701"}, "tweet_id": "1239078178263650304"}, {"license": "gnip", "citation_ids": [76312044], "author": {"tweeter_id": "2444646074"}, "tweet_id": "1239128261550096384"}, {"license": "gnip", "citation_ids": [76312044], "author": {"tweeter_id": "3131529893"}, "tweet_id": "1239131521304444929"}, {"license": "gnip", "citation_ids": [76312044], "author": {"tweeter_id": "953231542649786368"}, "tweet_id": "1239155825211510784"}, {"license": "gnip", "citation_ids": [76312044], "author": {"tweeter_id": "367438326"}, "tweet_id": "1239198333287071746"}, {"license": "gnip", "citation_ids": [76312044], "author": {"tweeter_id": "2272240657"}, "tweet_id": "1239266414256676864"}, {"license": "gnip", "citation_ids": [76312044], "author": {"tweeter_id": "134173954"}, "tweet_id": "1239272912089165825"}, {"license": "gnip", "citation_ids": [76312044], "author": {"tweeter_id": "187328688"}, "tweet_id": "1239320701691211781"}, {"license": "gnip", "citation_ids": [76312044], "author": {"tweeter_id": "3031002255"}, "tweet_id": "1239322507150348293"}, {"license": "gnip", "citation_ids": [76312044], "author": {"tweeter_id": "1197698675692179456"}, "tweet_id": "1239364103715594246"}, {"license": "gnip", "citation_ids": [76312044], "author": {"tweeter_id": "1144301178756325381"}, "tweet_id": "1239464780429062145"}, {"license": "gnip", "citation_ids": [76312044], "author": {"tweeter_id": "1197698675692179456"}, "tweet_id": "1239539081903779840"}, {"license": "gnip", "citation_ids": [76312044], "author": {"tweeter_id": "1898872286"}, "tweet_id": "1239565847657697285"}, {"license": "gnip", "citation_ids": [76312044], "author": {"tweeter_id": "373416663"}, "tweet_id": "1239568242504617984"}, {"license": "gnip", "citation_ids": [76312044], "author": {"tweeter_id": "1621753549"}, "tweet_id": "1239601729878085633"}, {"license": "gnip", "citation_ids": [76312044], "author": {"tweeter_id": "232452461"}, "tweet_id": "1239614143038025729"}, {"license": "gnip", "citation_ids": [76312044], "author": {"tweeter_id": "1224965816317333504"}, "tweet_id": "1239716600363786240"}, {"license": "gnip", "citation_ids": [75451042, 76312044, 77090838], "author": {"tweeter_id": "2386229700"}, "tweet_id": "1240007007802777600"}, {"license": "gnip", "citation_ids": [75451042, 76312044, 77090838], "author": {"tweeter_id": "2386229700"}, "tweet_id": "1240007531973316608"}, {"license": "gnip", "citation_ids": [76312044], "author": {"tweeter_id": "802773235"}, "tweet_id": "1240038248593928193"}, {"license": "gnip", "citation_ids": [76312044], "author": {"tweeter_id": "2606986295"}, "tweet_id": "1240062685359702017"}, {"license": "gnip", "citation_ids": [75451042, 76312044, 77090838], "author": {"tweeter_id": "2257558088"}, "tweet_id": "1240184131134402571"}, {"license": "gnip", "citation_ids": [75451042, 76312044, 77090838], "author": {"tweeter_id": "953158853088219136"}, "tweet_id": "1240186897235881986"}, {"license": "gnip", "citation_ids": [75451042, 76312044, 77090838], "author": {"tweeter_id": "259772777"}, "tweet_id": "1240187252283781123"}], "news": [{"title": "Recent research points the way toward a practical nutraceutical strategy for coping with RNA virus infections including influenza and coronavirus", "url": "http://ct.moreover.com/?a=41464818465&p=1pl&v=1&x=H1d2wMsHPZHtl72L7c_0lA", "license": "public", "citation_ids": [76312044, 76312044], "posted_on": "2020-02-24T05:00:00+00:00", "summary": "Philadelphia, February 24, 2020 - In a compelling article in Progress in Cardiovascular Diseases, published by Elsevier, Mark McCarty of the Catalytic Longevity Foundation, San Diego, CA, USA, and James DiNicolantonio, PharmD, a cardiovascular\u2026", "author": {"name": "EurekAlert!", "url": "http://www.eurekalert.org/", "image": "https://s3.amazonaws.com/weyland.altmetric.com/news_sources/logos/000/000/077/normal/EurekAlert_StackedLogo_Wht-RedBox.png?1573666452"}}, {"title": "Research points the way toward a practical nutraceutical strategy for coping with RNA virus infections", "url": "http://ct.moreover.com/?a=41464981263&p=1pl&v=1&x=0kWqdVgpK7FiXLQisKXyzQ", "license": "public", "citation_ids": [76312044, 76312044], "posted_on": "2020-02-24T21:26:21+00:00", "summary": "In a compelling article in Progress in Cardiovascular Diseases, Mark McCarty of the Catalytic Longevity Foundation, San Diego, CA, USA, and James DiNicolantonio, PharmD, a cardiovascular research scientist at Saint Luke's Mid America Heart Institute\u2026", "author": {"name": "MedicalXpress", "url": "http://medicalxpress.com/", "image": "https://s3.amazonaws.com/weyland.altmetric.com/news_sources/logos/000/000/152/normal/image.png?1369925783"}}, {"title": "COVID-2019 : L\u2019option nutraceutiques contre les coronavirus ?", "url": "http://ct.moreover.com/?a=41469182540&p=1pl&v=1&x=3ocEEerv0kM4qx1raWB5_Q", "license": "public", "citation_ids": [76312044], "posted_on": "2020-02-25T09:49:38+00:00", "summary": "De r\u00e9centes recherches enpreintent la voie des nutraceutiques pour faire face aux infections par des virus \u00e0 ARN, notamment le virus de la grippe et les coronavirus, dont le nouveau coronavirus COVID-19.", "author": {"name": "sant\u00e9 log", "url": "https://www.santelog.com", "image": "https://s3.amazonaws.com/weyland.altmetric.com/news_sources/logos/000/003/521/normal/35.PNG?1569818322"}}], "blogs": [{"title": "NAC, spirulina, other nutraceuticals may play role on Coronavirus treatment", "url": "https://scienceblog.com/514404/nac-spirulina-other-nutraceuticals-may-play-role-on-coronavirus-treatment/", "license": "public", "citation_ids": [76312044], "posted_on": "2020-02-25T19:20:40+00:00", "summary": "In a compelling\u00a0article\u00a0in\u00a0Progress in Cardiovascular Diseases, published by Elsevier, Mark McCarty of the Catalytic Longevity Foundation, San Diego, CA, USA, and James DiNicolantonio, PharmD, a cardiovascular research scientist at Saint Luke&#8217;s Mid A", "author": {"name": "ScienceBlog.com", "url": "https://scienceblog.com/", "description": "Where scientists and researchers blog."}}, {"title": "COVID-19 low-cost and laboratory-safe detection protocol", "url": "https://www.bioanalysis-zone.com/2020/03/17/covid-19-detection-protocol/", "license": "public", "citation_ids": [75451042, 76312044, 77090838, 75354095, 77027876, 76303553, 76351516, 75451042, 76312044, 77090838], "posted_on": "2020-03-17T08:45:02+00:00", "summary": "New study reports cost-effective, rapid and easy to perform RT-PCR-based method for the detection of SARS-CoV-2 / COVID-19.\nAuthor: Atanas G Atanasov is a leading scientist interested in molecular medicine and digital health, PI of LBIDHPS, Editor-in-Chief", "author": {"name": "Bioanalysis Zone", "url": "http://www.bioanalysis-zone.com/", "description": ""}}], "reddit": [{"title": "Coronavirus is spreading worldwide. Here are my suggestions re nutraceutical strategies which may help to control it.", "url": "http://www.reddit.com/r/WayOfTheBern/comments/f9ei9x/coronavirus_is_spreading_worldwide_here_are_my/", "license": "public", "citation_ids": [76312044], "posted_on": "2020-02-25T18:17:22+00:00", "author": {"name": "veganmark", "url": "http://www.reddit.com/r/wayofthebern", "image": "https://b.thumbs.redditmedia.com/lA7lUKrsPStEuEgfR54op60mrRv3H58K00uP6p53XaA.png", "id_on_source": "wayofthebern", "followers": 20225, "subreddit": "Feel The Bern"}}, {"title": "Nutraceuticals have potential for boosting the type 1 interferon response to RNA viruses including influenza and coronavirus", "url": "http://www.reddit.com/r/AlternativeCancer/comments/fbw4ik/nutraceuticals_have_potential_for_boosting_the/", "license": "public", "citation_ids": [76312044], "posted_on": "2020-03-01T16:09:41+00:00", "author": {"name": "harmoniousmonday", "url": "http://www.reddit.com/r/alternativecancer", "id_on_source": "alternativecancer", "followers": 31, "subreddit": "AlternativeCancer: discussing alternatives to toxic treatment"}}, {"title": "Nutraceuticals have potential for boosting the type 1 interferon response to RNA viruses including influenza and coronavirus", "url": "http://www.reddit.com/r/ScientificNutrition/comments/fc859q/nutraceuticals_have_potential_for_boosting_the/", "license": "public", "citation_ids": [76312044], "posted_on": "2020-03-02T06:47:24+00:00", "author": {"name": "greyuniwave", "url": "http://www.reddit.com/r/scientificnutrition", "id_on_source": "scientificnutrition", "followers": 279, "subreddit": "Science-Based Nutrition"}}, {"title": "Nutraceuticals have potential for boosting the type 1 interferon response to RNA viruses including influenza and coronavirus", "url": "http://www.reddit.com/r/COVID19/comments/filvp6/nutraceuticals_have_potential_for_boosting_the/", "license": "public", "citation_ids": [76312044], "posted_on": "2020-03-14T17:22:20+00:00", "author": {"name": "greenrd", "url": "http://www.reddit.com/r/covid19", "id_on_source": "covid19", "followers": 5708, "subreddit": "COVID-19"}}], "facebook": [{"title": "Recent Nutraceutical Research into RNA virus infections including influenza and coronavirus", "url": "https://www.facebook.com/permalink.php?story_fbid=2950880361599669&id=150504774970589", "license": "public", "citation_ids": [76312044], "posted_on": "2020-02-26T02:48:26+00:00", "summary": "\"Therefore, it is clear that certain nutraceuticals have antiviral effects in both human and animal studies,\" commented Dr. DiNicolantonio. \"Considering that there is no treatment for COVID-19 and treatments for influenza are limited, we welcome further st", "author": {"name": "Vitamin and Herb Stores", "url": "https://www.facebook.com/150504774970589", "facebook_wall_name": "Vitamin and Herb Stores", "image": "https://graph.facebook.com/150504774970589/picture", "id_on_source": "150504774970589"}}, {"title": "Nutraceuticals have potential for boosting the type 1 interferon response to RNA viruses including influenza and coronavirus", "url": "https://www.facebook.com/permalink.php?story_fbid=3129756490582147&id=1687468891477588", "license": "public", "citation_ids": [76312044], "posted_on": "2020-02-29T11:32:29+00:00", "summary": "Here is current topic paper that talks about the nutritional compounds that may help the body defend itself against viral infections.  The particular utility of NAC in the elderly might reflect the fact that plasma cysteine levels and cellular glutathione", "author": {"name": "Baton Rouge Chiropractic and Nutrition", "url": "https://www.facebook.com/1687468891477588", "facebook_wall_name": "Baton Rouge Chiropractic and Nutrition", "image": "https://graph.facebook.com/1687468891477588/picture", "id_on_source": "1687468891477588"}}, {"title": "Nutraceuticals have potential for boosting the type 1 interferon response to RNA viruses including influenza and coronavirus", "url": "https://www.facebook.com/permalink.php?story_fbid=1658516250955547&id=235789313228255", "license": "public", "citation_ids": [76312044], "posted_on": "2020-03-07T13:12:32+00:00", "summary": "Just hanging out on a Saturday night doing what I'm sure many other researchers out there are doing.....  loitering on the Elsevier's Novel Coronavirus Information Centre site.  This is a free site with health information and medical research.\n\nI just came", "author": {"name": "Anita Rossiter - Nourish, Nurture, Flourish", "url": "https://www.facebook.com/235789313228255", "facebook_wall_name": "Eat and 3 Veg", "image": "https://graph.facebook.com/235789313228255/picture", "id_on_source": "235789313228255"}}, {"title": "Nutraceuticals have potential for boosting the type 1 interferon response to RNA viruses including influenza and coronavirus", "url": "https://www.facebook.com/permalink.php?story_fbid=1792341717557061&id=135578803233369", "license": "public", "citation_ids": [76312044], "posted_on": "2020-03-10T18:42:37+00:00", "summary": "NOTE: this is mostly mechanistic and theory but interesting: Nutraceuticals have potential for boosting the type 1 interferon response to RNA viruses including influenza and coronavirus https://www.sciencedirect.com/science/article/pii/S0033062020300372", "author": {"name": "BreakFree Medicine by Dr Sarah LoBisco", "url": "https://www.facebook.com/135578803233369", "facebook_wall_name": "BreakFree Medicine by Dr Sarah LoBisco", "image": "https://graph.facebook.com/135578803233369/picture", "id_on_source": "135578803233369"}}], "video": [{"title": "Achtung: Neues Wissen zum Coronavirus (Meine Meinung)", "url": "https://www.youtube.com/watch?v=yLx5d5gpk_U", "image": "https://i.ytimg.com/vi/yLx5d5gpk_U/hqdefault.jpg", "license": "public", "citation_ids": [76312044], "posted_on": "2020-03-10T18:29:31+00:00", "summary": "Viren-Killer No.1 - Chlordioxid: https://amzn.to/3cK1KrH\nLink zur Corona Virus Studie: https://www.ncbi.nlm.nih.gov/pubmed/32061635\n\n====================================\n\n\u25ba 100+ neobeats Session kostenlos testen:\nhttp://neobeats.de/jetzt-testen\n\n\u25ba Mein neu", "embed": {"type": "youtube", "youtube_id": "yLx5d5gpk_U"}, "author": {"name": "MULTI", "id_on_source": "UCi6h4TMEC4LngTcFQ6CtT7Q"}}, {"title": "CORONAVIRUS: Was wir daraus lernen ko\u0308nnen", "url": "https://www.youtube.com/watch?v=H3ueLLKpiT0", "image": "https://i.ytimg.com/vi/H3ueLLKpiT0/hqdefault.jpg", "license": "public", "citation_ids": [76312044], "posted_on": "2020-03-14T09:32:42+00:00", "summary": "Hier gehts zur Studie \u25ba https://www.ncbi.nlm.nih.gov/pubmed/32061635\n\nDr. Wolfgang Wodarg zum Coronavirus (Ex-Leiter einer Epidemie Taskforce) \u25ba https://www.youtube.com/watch?v=O5kBbwUb2CQ&t=102s\n\n\n\n\n\nHier gehts zu meinem Brainwave 3D Shop \u25ba https://www.br", "embed": {"type": "youtube", "youtube_id": "H3ueLLKpiT0"}, "author": {"name": "Marko Huemer I Bewusstseins-Coach", "id_on_source": "UCMeT_6V9P9CaNm7xi-iYJWQ"}}, {"title": "Boosting Immune Function: Dinicolantonio, PhD & Berry, MD discuss the Evidence", "url": "https://www.youtube.com/watch?v=9NEnvZJhCwQ", "image": "https://i.ytimg.com/vi/9NEnvZJhCwQ/hqdefault.jpg", "license": "public", "citation_ids": [31597857, 76312044, 1878215, 9271514], "posted_on": "2020-03-15T22:16:27+00:00", "summary": "Dr Dinicolantonio\u2019s Book: https://amzn.to/2Wr4Viz\nDr Berry\u2019s Book: https://amzn.to/2Wh6m2I\n\nLearn about KETO: http://bit.ly/KETO101\nLearn about Fasting:  http://bit.ly/iFasting101\n\nVitamin D:  https://amzn.to/2TU9kbX\nCod Liver Oil: https://amzn.to/2TQaZiL", "embed": {"type": "youtube", "youtube_id": "9NEnvZJhCwQ"}, "author": {"name": "KenDBerryMD", "id_on_source": "UCIma2WOQs1Mz2AuOt6wRSUw"}}]}, "score": 460.61, "images": {"small": "https://badges.altmetric.com/?size=64&score=461&types=mbvrtttf", "medium": "https://badges.altmetric.com/?size=100&score=461&types=mbvrtttf", "large": "https://badges.altmetric.com/?size=180&score=461&types=mbvrtttf"}}