{"altmetric_id": 76792769, "counts": {"readers": {"mendeley": 0, "citeulike": 0, "connotea": 0}, "total": {"posts_count": 53}, "twitter": {"unique_users_count": 46, "posts_count": 52}, "wikipedia": {"unique_users_count": 1, "unique_users": ["en:63030231"], "posts_count": 1}}, "citation": {"altmetric_jid": "4f6fa4d03cf058f6100007c7", "authors": ["Dale Fisher", "David Heymann"], "doi": "10.1186/s12916-020-01533-w", "first_seen_on": "2020-02-28T10:59:24+00:00", "issns": ["1741-7015"], "issue": "1", "journal": "BMC Medicine", "last_mentioned_on": 1584522570, "links": ["https://bmcmedicine.biomedcentral.com/articles/10.1186/s12916-020-01533-w", "https://www.ncbi.nlm.nih.gov/pubmed/32106852?dopt=Abstract&utm_source=dlvr.it&utm_medium=twitter", "https://www.biomedcentral.com/epdf/10.1186/s12916-020-01533-w?shared_access_token=LCQy34LOet2EvK4o3pHKBG_BpE1tBhCbnbw3BuzI2RNhU9xcoIdIhPug4FtpN2JTbyWK_-rWc45t6Skm5hXNKk5HvGPb7iDedAaCR1mloNMqmwamuLVY3D-S0EWPYgBobgoVg-Myuc-1drlEr2Pv2g%3D%3D", "https://bmcmedicine.biomedcentral.com/articles/10.1186/s12916-020-01533-w?utm_source=sn&utm_medium=referral&utm_content=null&utm_campaign=BSLB_1_CA01_GL_BSLB_AWA_CA01_GL_LSGR_PubH_Coronovirus_LandingPage", "https://link.springer.com/article/10.1186/s12916-020-01533-w", "https://bmcmedicine.biomedcentral.com/articles/10.1186/s12916-020-01533-w?utm_source=sn&utm_medium=referral&utm_content=null&utm_campaign=BSLB_4_CA01_GL_BSLB_USG_CA01_GL_LSGR_PubH_Coronavirus_LandingPage", "https://bmcmedicine.biomedcentral.com/articles/10.1186/s12916-020-01533-w#Sec6", "https://www.biomedcentral.com/epdf/10.1186/s12916-020-01533-w?shared_access_token=EPr52Fid5ngDxY4bmkSMNG_BpE1tBhCbnbw3BuzI2RNhU9xcoIdIhPug4FtpN2JTbyWK_-rWc45t6Skm5hXNKk5HvGPb7iDedAaCR1mloNMmUcn5v7m3TsJ3dHSV-kIV5Zbr0i6SQ4PE_iLPk15gsA%3D%3D", "http://dx.doi.org/10.1186/s12916-020-01533-w", "https://www.ncbi.nlm.nih.gov/pmc/articles/PMC7047369/"], "pdf_url": "https://bmcmedicine.biomedcentral.com/track/pdf/10.1186/s12916-020-01533-w", "pmid": "32106852", "pubdate": "2020-12-01T00:00:00+00:00", "epubdate": "2020-02-28T00:00:00+00:00", "publisher_subjects": [{"name": "Biomedicine, general", "scheme": "springer"}, {"name": "Medicine & Public Health", "scheme": "springer"}, {"name": "Medicine/Public Health, general", "scheme": "springer"}, {"name": "Medical And Health Sciences", "scheme": "era"}], "scopus_subjects": ["Medicine", "Health Sciences"], "startpage": "1", "title": "Q&A: The\u00a0novel coronavirus outbreak\u00a0causing COVID-19", "type": "article", "volume": "18"}, "altmetric_score": {"score": 36.8, "score_history": {"1y": 36.8, "6m": 36.8, "3m": 36.8, "1m": 36.8, "1w": 11.7, "6d": 7.7, "5d": 4.5, "4d": 3.5, "3d": 3, "2d": 3, "1d": 2, "at": 36.8}, "context_for_score": {"all": {"total_number_of_other_articles": 14516402, "mean": 8.4684867717465, "rank": 518540, "this_scored_higher_than_pct": 96, "this_scored_higher_than": 13997855, "rank_type": "exact", "sample_size": 14516402, "percentile": 96}, "similar_age_3m": {"total_number_of_other_articles": 160119, "mean": 14.37370709102, "rank": 9774, "this_scored_higher_than_pct": 93, "this_scored_higher_than": 150334, "rank_type": "exact", "sample_size": 160119, "percentile": 93}, "this_journal": {"total_number_of_other_articles": 2257, "mean": 36.504890070922, "rank": 424, "this_scored_higher_than_pct": 81, "this_scored_higher_than": 1833, "rank_type": "exact", "sample_size": 2257, "percentile": 81}, "similar_age_this_journal_3m": {"total_number_of_other_articles": 1, "mean": 0, "rank": 1, "this_scored_higher_than_pct": 1, "this_scored_higher_than": 0, "rank_type": "exact", "sample_size": 1, "percentile": 1}}}, "demographics": {"poster_types": {"member_of_the_public": 32, "researcher": 7, "practitioner": 3, "science_communicator": 4}, "users": {"twitter": {"cohorts": {"Practitioners (doctors, other healthcare professionals)": 3, "Members of the public": 32, "Science communicators (journalists, bloggers, editors)": 4, "Scientists": 7}}}, "geo": {"twitter": {"GB": 7, "CA": 1, "CO": 1, "FR": 1, "JP": 1, "US": 6, "NG": 1, "DE": 2, "KW": 1, "ES": 1, "FI": 1, "IN": 1}}}, "posts": {"twitter": [{"license": "gnip", "citation_ids": [76792769], "author": {"tweeter_id": "300917070"}, "tweet_id": "1233345901042786304"}, {"license": "gnip", "citation_ids": [76792769], "author": {"tweeter_id": "1426271587"}, "tweet_id": "1233345999558586368"}, {"license": "gnip", "citation_ids": [76792769], "author": {"tweeter_id": "299580552"}, "tweet_id": "1233346118764912640"}, {"license": "gnip", "citation_ids": [76792769], "author": {"tweeter_id": "3241083249"}, "tweet_id": "1233346366308601857"}, {"license": "gnip", "citation_ids": [76792769], "author": {"tweeter_id": "20539563"}, "tweet_id": "1233348280559509504"}, {"license": "gnip", "citation_ids": [76792769], "author": {"tweeter_id": "33993795"}, "tweet_id": "1233350001138507776"}, {"license": "gnip", "citation_ids": [76792769], "author": {"tweeter_id": "62290659"}, "tweet_id": "1233367669342121984"}, {"license": "gnip", "citation_ids": [76792769], "author": {"tweeter_id": "300917070"}, "tweet_id": "1233393895507210240"}, {"license": "gnip", "citation_ids": [76792769], "author": {"tweeter_id": "20080117"}, "tweet_id": "1233405842340233216"}, {"license": "gnip", "citation_ids": [76792769], "author": {"tweeter_id": "300917070"}, "tweet_id": "1233411326741012480"}, {"license": "gnip", "citation_ids": [76792769], "author": {"tweeter_id": "1191745846615957506"}, "tweet_id": "1233708632304283649"}, {"license": "gnip", "citation_ids": [76792769], "author": {"tweeter_id": "423698505"}, "tweet_id": "1233795349191561216"}, {"license": "gnip", "citation_ids": [76792769], "author": {"tweeter_id": "26020030"}, "tweet_id": "1233899938943295490"}, {"license": "gnip", "citation_ids": [76792769], "author": {"tweeter_id": "3224242123"}, "tweet_id": "1234392192455729158"}, {"license": "gnip", "citation_ids": [76792769], "author": {"tweeter_id": "300917070"}, "tweet_id": "1234437196859478021"}, {"license": "gnip", "citation_ids": [76792769], "author": {"tweeter_id": "41561657"}, "tweet_id": "1234493725746876426"}, {"license": "gnip", "citation_ids": [76792769], "author": {"tweeter_id": "4824360406"}, "tweet_id": "1234494017783681029"}, {"license": "gnip", "citation_ids": [76792769], "author": {"tweeter_id": "558939754"}, "tweet_id": "1234495434602639360"}, {"license": "gnip", "citation_ids": [76792769], "author": {"tweeter_id": "118414633"}, "tweet_id": "1234496250235379713"}, {"license": "gnip", "citation_ids": [76792769], "author": {"tweeter_id": "15176566"}, "tweet_id": "1234540481599737863"}, {"license": "gnip", "citation_ids": [76792769], "author": {"tweeter_id": "1177812654435512320"}, "tweet_id": "1234604833715277825"}, {"license": "gnip", "citation_ids": [76792769], "author": {"tweeter_id": "47312071"}, "tweet_id": "1234776786770255873"}, {"license": "gnip", "citation_ids": [76792769], "author": {"tweeter_id": "1067543965358972928"}, "tweet_id": "1234785413023199232"}, {"license": "gnip", "citation_ids": [76792769], "author": {"tweeter_id": "747441761128189952"}, "tweet_id": "1234859835558068228"}, {"license": "gnip", "citation_ids": [76792769], "author": {"tweeter_id": "1223500902629167106"}, "tweet_id": "1234972652386676737"}, {"license": "gnip", "citation_ids": [76792769], "author": {"tweeter_id": "1067543965358972928"}, "tweet_id": "1234979587219587072"}, {"license": "gnip", "citation_ids": [76792769], "author": {"tweeter_id": "2725206522"}, "tweet_id": "1235088642541928449"}, {"license": "gnip", "citation_ids": [76792769], "author": {"tweeter_id": "2725206522"}, "tweet_id": "1235089845963218944"}, {"license": "gnip", "citation_ids": [76792769], "author": {"tweeter_id": "300917070"}, "tweet_id": "1235105200051867648"}, {"license": "gnip", "citation_ids": [76792769], "author": {"tweeter_id": "108008292"}, "tweet_id": "1235129736508182530"}, {"license": "gnip", "citation_ids": [76792769], "author": {"tweeter_id": "84411997"}, "tweet_id": "1235446334825443328"}, {"license": "gnip", "citation_ids": [76792769], "author": {"tweeter_id": "43692865"}, "tweet_id": "1235656291655147520"}, {"license": "gnip", "citation_ids": [76792769], "author": {"tweeter_id": "41652821"}, "tweet_id": "1235771321570783232"}, {"license": "gnip", "citation_ids": [76792769], "author": {"tweeter_id": "297267667"}, "tweet_id": "1235832593204965376"}, {"license": "gnip", "citation_ids": [76792769], "author": {"tweeter_id": "5635572"}, "tweet_id": "1236021719850237965"}, {"license": "gnip", "citation_ids": [76792769], "author": {"tweeter_id": "815275397252349956"}, "tweet_id": "1236489189274710016"}, {"license": "gnip", "citation_ids": [76792769], "author": {"tweeter_id": "1053516723964375040"}, "tweet_id": "1236602705973374977"}, {"license": "gnip", "citation_ids": [76792769], "author": {"tweeter_id": "150934795"}, "tweet_id": "1236744474300239877"}, {"license": "gnip", "citation_ids": [76792769], "author": {"tweeter_id": "822198745987239936"}, "tweet_id": "1237089295019773952"}, {"license": "gnip", "citation_ids": [76792769], "author": {"tweeter_id": "162088304"}, "tweet_id": "1237390420348260352"}, {"license": "gnip", "citation_ids": [76792769], "author": {"tweeter_id": "2399883362"}, "tweet_id": "1237453715096756224"}, {"license": "gnip", "citation_ids": [76792769], "author": {"tweeter_id": "3306071636"}, "tweet_id": "1238004712156196864"}, {"license": "gnip", "citation_ids": [76792769], "author": {"tweeter_id": "1364204976"}, "tweet_id": "1238056241676550144"}, {"license": "gnip", "citation_ids": [76792769], "author": {"tweeter_id": "3318259210"}, "tweet_id": "1238094492437184512"}, {"license": "gnip", "citation_ids": [76792769], "author": {"tweeter_id": "963879409907306499"}, "tweet_id": "1238198512824827909"}, {"license": "gnip", "citation_ids": [76792769], "author": {"tweeter_id": "1131649993578897408"}, "tweet_id": "1238352450907766785"}, {"license": "gnip", "citation_ids": [76792769], "author": {"tweeter_id": "125744688"}, "tweet_id": "1238366912666624001"}, {"license": "gnip", "citation_ids": [76792769], "author": {"tweeter_id": "2895888459"}, "tweet_id": "1238507508827914240"}, {"license": "gnip", "citation_ids": [76792769], "author": {"tweeter_id": "302178919"}, "tweet_id": "1238945120218681344"}, {"license": "gnip", "citation_ids": [76792769], "author": {"tweeter_id": "217612003"}, "tweet_id": "1239562097563926531"}, {"license": "gnip", "citation_ids": [76792769], "author": {"tweeter_id": "2571541664"}, "tweet_id": "1240060034412736512"}, {"license": "gnip", "citation_ids": [76792769], "author": {"tweeter_id": "1345272878"}, "tweet_id": "1240203665924853761"}], "wikipedia": [{"title": "Coronavirus disease 2019", "url": "http://en.wikipedia.org/?diff=prev&oldid=945086818#altmetric_citation_13a0559d-17be-469f-80d4-841e9ce579d9", "license": "public", "citation_ids": [76792769, 76792769], "posted_on": "2020-03-11T18:53:07+00:00", "summary": "title=Q&A on coronaviruses (COVID-19)|url-status=live|access-date=11 March 2020|publisher=World Health Organization|language=en}} While the majority of cases result in mild symptoms, some progress to pneumonia and multi-organ failure.", "page_url": "http://en.wikipedia.org/?curid=63030231", "wiki_lang": "en", "author": {"name": "Cinadon36", "url": "http://en.wikipedia.org/wiki/User:Cinadon36"}}]}, "score": 36.8, "images": {"small": "https://badges.altmetric.com/?size=64&score=37&types=tttttttw", "medium": "https://badges.altmetric.com/?size=100&score=37&types=tttttttw", "large": "https://badges.altmetric.com/?size=180&score=37&types=tttttttw"}}