{"altmetric_id": 76907397, "counts": {"readers": {"mendeley": 0, "citeulike": 0, "connotea": 0}, "total": {"posts_count": 2}, "twitter": {"unique_users_count": 2, "posts_count": 2}}, "citation": {"altmetric_jid": "4f6fa5133cf058f6100033d2", "authors": ["Xixi Jiang", "Lili Deng", "Yuncheng Zhu", "Haifeng Ji", "Lily Tao", "Li Liu", "Daoliang Yang", "Weidong Ji"], "doi": "10.1016/j.psychres.2020.112903", "first_seen_on": "2020-03-02T09:32:19+00:00", "handles": [], "isbns": [], "issns": ["0165-1781"], "journal": "Psychiatry Research", "last_mentioned_on": 1583748152, "links": ["https://www.sciencedirect.com/science/article/pii/S0165178120304200", "https://www.ncbi.nlm.nih.gov/pubmed/32146245?dopt=Abstract&utm_source=dlvr.it&utm_medium=twitter"], "pmid": "32146245", "pubdate": "2020-04-01T00:00:00+00:00", "publisher": "Elsevier BV", "publisher_subjects": [{"name": "Medical And Health Sciences", "scheme": "era"}, {"name": "Psychology And Cognitive Sciences", "scheme": "era"}], "scopus_subjects": ["Health Sciences", "Life Sciences", "Medicine", "Neuroscience"], "title": "Psychological crisis intervention during the outbreak period of new coronavirus pneumonia from experience in Shanghai", "type": "article"}, "altmetric_score": {"score": 1.25, "score_history": {"1y": 1.25, "6m": 1.25, "3m": 1.25, "1m": 1.25, "1w": 0, "6d": 0, "5d": 0, "4d": 0, "3d": 0, "2d": 0, "1d": 0, "at": 1.25}, "context_for_score": {"all": {"total_number_of_other_articles": 14509999, "mean": 8.4630582026162, "rank": 8755480, "this_scored_higher_than_pct": 37, "this_scored_higher_than": 5434730, "rank_type": "exact", "sample_size": 14509999, "percentile": 37}, "similar_age_3m": {"total_number_of_other_articles": 151573, "mean": 14.011982094318, "rank": 80310, "this_scored_higher_than_pct": 44, "this_scored_higher_than": 66840, "rank_type": "exact", "sample_size": 151573, "percentile": 44}, "this_journal": {"total_number_of_other_articles": 4916, "mean": 6.0284834181078, "rank": 2610, "this_scored_higher_than_pct": 43, "this_scored_higher_than": 2126, "rank_type": "exact", "sample_size": 4916, "percentile": 43}, "similar_age_this_journal_3m": {"total_number_of_other_articles": 98, "mean": 7.5315463917526, "rank": 68, "this_scored_higher_than_pct": 27, "this_scored_higher_than": 27, "rank_type": "exact", "sample_size": 98, "percentile": 27}}}, "demographics": {"poster_types": {"member_of_the_public": 2}, "users": {"twitter": {"cohorts": {"Members of the public": 2}}}}, "posts": {"twitter": [{"license": "gnip", "citation_ids": [76907397], "author": {"tweeter_id": "994709124561752065"}, "tweet_id": "1234391937349713921"}, {"license": "gnip", "citation_ids": [76907397], "author": {"tweeter_id": "1191745846615957506"}, "tweet_id": "1236955522479226885"}]}, "score": 1.25, "images": {"small": "https://badges.altmetric.com/?size=64&score=2&types=tttttttt", "medium": "https://badges.altmetric.com/?size=100&score=2&types=tttttttt", "large": "https://badges.altmetric.com/?size=180&score=2&types=tttttttt"}}