{"altmetric_id": 77024075, "counts": {"readers": {"mendeley": 0, "citeulike": 0, "connotea": 0}, "facebook": {"unique_users_count": 1, "unique_users": ["1375572309337620"], "posts_count": 1}, "news": {"unique_users_count": 1, "unique_users": ["agi_it"], "posts_count": 1}, "total": {"posts_count": 294}, "twitter": {"unique_users_count": 281, "posts_count": 293}}, "citation": {"altmetric_jid": "4f6fa6393cf058f610008b2a", "authors": ["Wang, Guanghai", "Zhang, Yunting", "Zhao, Jin", "Zhang, Jun", "Jiang, Fan"], "doi": "10.1016/s0140-6736(20)30547-x", "first_seen_on": "2020-03-04T12:18:33+00:00", "issns": ["0140-6736"], "journal": "The Lancet", "last_mentioned_on": 1584516053, "links": ["https://www.thelancet.com/pb-assets/Lancet/pdfs/S014067362030547X.pdf", "https://www.thelancet.com/journals/lancet/article/PIIS0140-6736(20)30547-X/fulltext?rss=yes", "https://www.thelancet.com/journals/lancet/article/PIIS0140-6736(20)30547-X/fulltext", "https://www.thelancet.com/lancet/article/s0140-6736(20)30547-x?utm_campaign=tlcoronavirus20&utm_source=twitter&utm_medium=social", "https://www.thelancet.com/journals/lancet/article/PIIS0140-6736(20)30547-X/fulltext?fbclid=IwAR2ZjAKi_BubNiCr9-PmR68jYfvV9dqChnrupmiZp1WjWx0MmmbZHbl4gHk#.XmAN8eNZ_NQ.twitter", "https://www.thelancet.com/action/showPdf?pii=S0140-6736%2820%2930547-X", "https://www.thelancet.com/journals/lancet/article/PIIS0140-6736(20)30547-X/fulltext#.XmFaQXJ8p0Q.twitter", "https://www.thelancet.com/journals/lancet/article/PIIS0140-6736(20)30547-X/fulltext#.XmFv6GDLyhI.twitter", "https://www.thelancet.com/journals/lancet/article/PIIS0140-6736(20)30547-X/fulltext#.XmFzViJTEow.twitter", "https://www.thelancet.com/journals/lancet/article/PIIS0140-6736(20)30547-X/fulltext#.XmNCA0Sl0ss.twitter", "https://www.thelancet.com/journals/lancet/article/PIIS0140-6736(20)30547-X/fulltext#.XmPOkBtyENs.twitter", "https://www.thelancet.com/journals/lancet/article/PIIS0140-6736(20)30547-X/fulltext#.XmWW0XYFmMI.twitter", "https://www.thelancet.com/journals/lancet/article/PIIS0140-6736(20)30547-X/fulltext#articleInformation", "https://www.thelancet.com/pdfs/journals/lancet/PIIS0140-6736(20)30547-X.pdf", "https://www.thelancet.com/journals/lancet/article/PIIS0140-6736(20)30547-X/fulltext?dgcid=hubspot_email_newsletter_tlcoronavirus20_China&utm_campaign=tlcoronavirus20&utm_source=hs_email&utm_medium=email&utm_content=84455332&_hsenc=p2ANqtz-87awsryj38f6wdxf6iKLbvbvaxIUC-GXfU5vOER4Vlc58RwT5evMtnqlZlZWXl3mohE9OktKv5fMuR-1Q-RbKflsTNPg&_hsmi=84457540#.Xmc8qwjJUG4.twitter", "https://www.thelancet.com/journals/lancet/article/PIIS0140-6736(20)30547-X/fulltext#.Xmmm07Oqf-Y.twitter", "https://www.thelancet.com/journals/lancet/article/PIIS0140-6736(20)30547-X/fulltext#.XmqR33b0t8E.twitter", "https://www.thelancet.com/journals/lancet/article/PIIS0140-6736(20)30547-X/fulltext#.Xmsq9IaTShY.twitter", "https://www.thelancet.com/journals/lancet/article/PIIS0140-6736(20)30547-X/fulltext#.XmtBU-OIFBA.twitter", "https://www.thelancet.com/journals/lancet/article/PIIS0140-6736(20)30547-X/fulltext#.XmvJmt3wdSk.twitter", "https://www.thelancet.com/journals/lancet/article/PIIS0140-6736(20)30547-X/fulltext#.XmwVE3VuRnA.twitter", "https://www.thelancet.com/journals/lancet/article/PIIS0140-6736(20)30547-X/fulltext#.Xm3Vm2hGKlo.twitter", "https://www.thelancet.com/journals/lancet/article/PIIS0140-6736(20)30547-X/fulltext#.Xm3X3M4ajFI.twitter", "https://www.thelancet.com/journals/lancet/article/PIIS0140-6736(20)30547-X/fulltext?dgcid=hubspot_email_newsletter_tlcoronavirus20&utm_campaign=tlcoronavirus20&utm_source=hs_email&utm_medium=email&utm_content=84455763&_hsenc=p2ANqtz--iKcX-8q7w6aTNCdwV_QDhRDbvSY4r5cdi4fwN0w5eJ5P77fT9Uuy3mEijdM5qKW9WOUn4k4gGRBQ8ArMpfFNzyTL3pw&_hsmi=84455763", "https://www.thelancet.com/journals/lancet/article/PIIS0140-6736(20)30547-X/fulltext#.Xm_OhW8Cy-I.twitter", "https://www.ncbi.nlm.nih.gov/pubmed/32145186?dopt=Abstract&utm_source=dlvr.it&utm_medium=twitter", "https://www.thelancet.com/journals/lancet/article/PIIS0140-6736(20)30547-X/fulltext#.XnCXpAeeE6U.twitter", "https://www.thelancet.com/journals/lancet/article/PIIS0140-6736(20)30547-X/fulltext#.XnDkFZ5h0EE.twitter"], "pmid": "32145186", "pubdate": "2020-03-01T00:00:00+00:00", "publisher": "Elsevier BV", "publisher_subjects": [{"name": "Medical And Health Sciences", "scheme": "era"}], "scopus_subjects": ["Medicine", "Health Sciences"], "title": "Mitigate the effects of home confinement on children during the COVID-19 outbreak", "type": "article"}, "altmetric_score": {"score": 238.8, "score_history": {"1y": 238.8, "6m": 238.8, "3m": 238.8, "1m": 238.8, "1w": 155.65, "6d": 152.1, "5d": 147.6, "4d": 44.05, "3d": 28.3, "2d": 23.85, "1d": 11.1, "at": 238.8}, "context_for_score": {"all": {"total_number_of_other_articles": 14515808, "mean": 8.4682944333611, "rank": 60208, "this_scored_higher_than_pct": 99, "this_scored_higher_than": 14455621, "rank_type": "exact", "sample_size": 14515808, "percentile": 99}, "similar_age_3m": {"total_number_of_other_articles": 153817, "mean": 14.29472780465, "rank": 1276, "this_scored_higher_than_pct": 99, "this_scored_higher_than": 152540, "rank_type": "exact", "sample_size": 153817, "percentile": 99}, "this_journal": {"total_number_of_other_articles": 33207, "mean": 38.473250436668, "rank": 957, "this_scored_higher_than_pct": 97, "this_scored_higher_than": 32250, "rank_type": "exact", "sample_size": 33207, "percentile": 97}, "similar_age_this_journal_3m": {"total_number_of_other_articles": 297, "mean": 322.73671621622, "rank": 51, "this_scored_higher_than_pct": 82, "this_scored_higher_than": 246, "rank_type": "exact", "sample_size": 297, "percentile": 82}}}, "demographics": {"poster_types": {"member_of_the_public": 256, "researcher": 10, "practitioner": 9, "science_communicator": 6}, "users": {"twitter": {"cohorts": {"Science communicators (journalists, bloggers, editors)": 6, "Members of the public": 257, "Scientists": 10, "Practitioners (doctors, other healthcare professionals)": 9}}}, "geo": {"twitter": {"ES": 3, "GB": 21, "MY": 1, "DK": 1, "JP": 56, "AE": 6, "US": 23, "NL": 2, "VN": 1, "IT": 2, "CA": 2, "FR": 9, "AU": 4, "HK": 1, "CN": 4, "BE": 1, "IE": 2, "AR": 1, "QA": 1, "CH": 2, "CI": 1, "FI": 2, "PY": 2, "DJ": 1, "SV": 1}}}, "posts": {"twitter": [{"license": "gnip", "citation_ids": [77024075], "author": {"tweeter_id": "13013962"}, "tweet_id": "1235084799506710530"}, {"license": "gnip", "citation_ids": [77024075], "author": {"tweeter_id": "48668114"}, "tweet_id": "1235115843140255744"}, {"license": "gnip", "citation_ids": [77024075], "author": {"tweeter_id": "1007590775817932800"}, "tweet_id": "1235153571655581697"}, {"license": "gnip", "citation_ids": [77024075], "author": {"tweeter_id": "2375643853"}, "tweet_id": "1235154683020353536"}, {"license": "gnip", "citation_ids": [77024075], "author": {"tweeter_id": "3190708573"}, "tweet_id": "1235155542496206849"}, {"license": "gnip", "citation_ids": [77024075], "author": {"tweeter_id": "95174349"}, "tweet_id": "1235164085831991299"}, {"license": "gnip", "citation_ids": [77024075], "author": {"tweeter_id": "1177260435021684736"}, "tweet_id": "1235168693509902339"}, {"license": "gnip", "citation_ids": [77024075], "author": {"tweeter_id": "611063308"}, "tweet_id": "1235170532775145472"}, {"license": "gnip", "citation_ids": [77024075], "author": {"tweeter_id": "1538561618"}, "tweet_id": "1235170783019913218"}, {"license": "gnip", "citation_ids": [77024075], "author": {"tweeter_id": "869943646476320768"}, "tweet_id": "1235178683708538883"}, {"license": "gnip", "citation_ids": [77024075], "author": {"tweeter_id": "1065248071305457664"}, "tweet_id": "1235183858242310144"}, {"license": "gnip", "citation_ids": [77024075], "author": {"tweeter_id": "998388676429103104"}, "tweet_id": "1235187883503259648"}, {"license": "gnip", "citation_ids": [77024075], "author": {"tweeter_id": "152995595"}, "tweet_id": "1235202093163704321"}, {"license": "gnip", "citation_ids": [77024075], "author": {"tweeter_id": "37916249"}, "tweet_id": "1235287485099450368"}, {"license": "gnip", "citation_ids": [77024075], "author": {"tweeter_id": "18758566"}, "tweet_id": "1235293526721777666"}, {"license": "gnip", "citation_ids": [77024075], "author": {"tweeter_id": "681813"}, "tweet_id": "1235299634559492102"}, {"license": "gnip", "citation_ids": [77024075], "author": {"tweeter_id": "21683337"}, "tweet_id": "1235302953713573890"}, {"license": "gnip", "citation_ids": [77024075], "author": {"tweeter_id": "5421872"}, "tweet_id": "1235303118080012290"}, {"license": "gnip", "citation_ids": [77024075], "author": {"tweeter_id": "2208858114"}, "tweet_id": "1235303357893529607"}, {"license": "gnip", "citation_ids": [77024075], "author": {"tweeter_id": "14559881"}, "tweet_id": "1235303598826938370"}, {"license": "gnip", "citation_ids": [77024075], "author": {"tweeter_id": "351204906"}, "tweet_id": "1235328303520677901"}, {"license": "gnip", "citation_ids": [77024075], "author": {"tweeter_id": "201654484"}, "tweet_id": "1235351978550624256"}, {"license": "gnip", "citation_ids": [77024075], "author": {"tweeter_id": "954242485596901376"}, "tweet_id": "1235356488635383808"}, {"license": "gnip", "citation_ids": [77024075], "author": {"tweeter_id": "247161834"}, "tweet_id": "1235359518550151168"}, {"license": "gnip", "citation_ids": [77024075], "author": {"tweeter_id": "1201854806010167296"}, "tweet_id": "1235376254326456321"}, {"license": "gnip", "citation_ids": [77024075], "author": {"tweeter_id": "1113136650"}, "tweet_id": "1235435679804350465"}, {"license": "gnip", "citation_ids": [77024075], "author": {"tweeter_id": "274330581"}, "tweet_id": "1235525101610663938"}, {"license": "gnip", "citation_ids": [77024075], "author": {"tweeter_id": "27970142"}, "tweet_id": "1235560401900679176"}, {"license": "gnip", "citation_ids": [77024075], "author": {"tweeter_id": "1201229433601966080"}, "tweet_id": "1235561583578931200"}, {"license": "gnip", "citation_ids": [77024075], "author": {"tweeter_id": "85129926"}, "tweet_id": "1235613118518169605"}, {"license": "gnip", "citation_ids": [77024075], "author": {"tweeter_id": "444708910"}, "tweet_id": "1235625439906979840"}, {"license": "gnip", "citation_ids": [77024075], "author": {"tweeter_id": "626815215"}, "tweet_id": "1235645593499734016"}, {"license": "gnip", "citation_ids": [77024075], "author": {"tweeter_id": "180698290"}, "tweet_id": "1235645793635307520"}, {"license": "gnip", "citation_ids": [77024075], "author": {"tweeter_id": "124010116"}, "tweet_id": "1235657314725556224"}, {"license": "gnip", "citation_ids": [77024075], "author": {"tweeter_id": "24029377"}, "tweet_id": "1235663725736210433"}, {"license": "gnip", "citation_ids": [77024075], "author": {"tweeter_id": "223655140"}, "tweet_id": "1235679625495396353"}, {"license": "gnip", "citation_ids": [77024075], "author": {"tweeter_id": "304032395"}, "tweet_id": "1235683775180349440"}, {"license": "gnip", "citation_ids": [77024075], "author": {"tweeter_id": "124010116"}, "tweet_id": "1235723780871225344"}, {"license": "gnip", "citation_ids": [77024075], "author": {"tweeter_id": "788730331281043456"}, "tweet_id": "1235761908801835008"}, {"license": "gnip", "citation_ids": [77024075], "author": {"tweeter_id": "633096325"}, "tweet_id": "1236027025082773504"}, {"license": "gnip", "citation_ids": [77024075], "author": {"tweeter_id": "1223500902629167106"}, "tweet_id": "1236146365891149824"}, {"license": "gnip", "citation_ids": [77024075], "author": {"tweeter_id": "223700175"}, "tweet_id": "1236161650698391552"}, {"license": "gnip", "citation_ids": [77024075], "author": {"tweeter_id": "373016460"}, "tweet_id": "1236180080247873536"}, {"license": "gnip", "citation_ids": [77024075], "author": {"tweeter_id": "1151710750475296768"}, "tweet_id": "1236205010347687936"}, {"license": "gnip", "citation_ids": [77024075], "author": {"tweeter_id": "1151710750475296768"}, "tweet_id": "1236282744960716800"}, {"license": "gnip", "citation_ids": [77024075], "author": {"tweeter_id": "4859522999"}, "tweet_id": "1236303975038816258"}, {"license": "gnip", "citation_ids": [77024075], "author": {"tweeter_id": "69441276"}, "tweet_id": "1236311844228173824"}, {"license": "gnip", "citation_ids": [77024075], "author": {"tweeter_id": "1197472679672070146"}, "tweet_id": "1236311995189792769"}, {"license": "gnip", "citation_ids": [77024075], "author": {"tweeter_id": "3000452181"}, "tweet_id": "1236312562154835971"}, {"license": "gnip", "citation_ids": [77024075], "author": {"tweeter_id": "235718017"}, "tweet_id": "1236315866821611520"}, {"license": "gnip", "citation_ids": [77024075], "author": {"tweeter_id": "3438828405"}, "tweet_id": "1236332123583283200"}, {"license": "gnip", "citation_ids": [77024075], "author": {"tweeter_id": "3041959221"}, "tweet_id": "1236355948425424896"}, {"license": "gnip", "citation_ids": [77024075], "author": {"tweeter_id": "89894871"}, "tweet_id": "1236378037018677250"}, {"license": "gnip", "citation_ids": [77024075], "author": {"tweeter_id": "1235111276961050624"}, "tweet_id": "1236385659994112001"}, {"license": "gnip", "citation_ids": [77024075], "author": {"tweeter_id": "752623016836755458"}, "tweet_id": "1236392755468947456"}, {"license": "gnip", "citation_ids": [77024075], "author": {"tweeter_id": "975021211997569024"}, "tweet_id": "1236401224381083653"}, {"license": "gnip", "citation_ids": [77024075], "author": {"tweeter_id": "14253448"}, "tweet_id": "1236417782478041089"}, {"license": "gnip", "citation_ids": [77024075], "author": {"tweeter_id": "14253448"}, "tweet_id": "1236421364946329600"}, {"license": "gnip", "citation_ids": [77024075], "author": {"tweeter_id": "105618580"}, "tweet_id": "1236516074700460032"}, {"license": "gnip", "citation_ids": [77024075], "author": {"tweeter_id": "1028846618802450432"}, "tweet_id": "1236540155248271361"}, {"license": "gnip", "citation_ids": [77024075], "author": {"tweeter_id": "3289370630"}, "tweet_id": "1236558102385721344"}, {"license": "gnip", "citation_ids": [77024075], "author": {"tweeter_id": "2586270211"}, "tweet_id": "1236598544196349952"}, {"license": "gnip", "citation_ids": [77024075], "author": {"tweeter_id": "11305472"}, "tweet_id": "1236618083588018177"}, {"license": "gnip", "citation_ids": [77024075], "author": {"tweeter_id": "1039965688000126977"}, "tweet_id": "1236618768488583168"}, {"license": "gnip", "citation_ids": [77024075], "author": {"tweeter_id": "2319354836"}, "tweet_id": "1236664361638342656"}, {"license": "gnip", "citation_ids": [77024075], "author": {"tweeter_id": "150934795"}, "tweet_id": "1236722189937901569"}, {"license": "gnip", "citation_ids": [77024075], "author": {"tweeter_id": "150934795"}, "tweet_id": "1236724347022213125"}, {"license": "gnip", "citation_ids": [77024075], "author": {"tweeter_id": "2834350373"}, "tweet_id": "1236732271924776960"}, {"license": "gnip", "citation_ids": [77024075], "author": {"tweeter_id": "1175867396164345857"}, "tweet_id": "1236744660661436416"}, {"license": "gnip", "citation_ids": [77024075], "author": {"tweeter_id": "238275851"}, "tweet_id": "1236820899673890816"}, {"license": "gnip", "citation_ids": [77024075], "author": {"tweeter_id": "2868310382"}, "tweet_id": "1236825387788668928"}, {"license": "gnip", "citation_ids": [77024075], "author": {"tweeter_id": "22626446"}, "tweet_id": "1236844326648303616"}, {"license": "gnip", "citation_ids": [77024075], "author": {"tweeter_id": "26339363"}, "tweet_id": "1236862704633155585"}, {"license": "gnip", "citation_ids": [77024075], "author": {"tweeter_id": "2694463963"}, "tweet_id": "1236881095221579777"}, {"license": "gnip", "citation_ids": [77024075], "author": {"tweeter_id": "4767243501"}, "tweet_id": "1236897502122541061"}, {"license": "gnip", "citation_ids": [77024075], "author": {"tweeter_id": "4796776816"}, "tweet_id": "1236912394242273281"}, {"license": "gnip", "citation_ids": [77024075], "author": {"tweeter_id": "772881631099117569"}, "tweet_id": "1236920479849549826"}, {"license": "gnip", "citation_ids": [77024075], "author": {"tweeter_id": "57304101"}, "tweet_id": "1236954789642153989"}, {"license": "gnip", "citation_ids": [77024075], "author": {"tweeter_id": "706959324963282944"}, "tweet_id": "1236955642658803712"}, {"license": "gnip", "citation_ids": [77024075], "author": {"tweeter_id": "33445129"}, "tweet_id": "1236956076165169152"}, {"license": "gnip", "citation_ids": [77024075], "author": {"tweeter_id": "3434183543"}, "tweet_id": "1236956181706485760"}, {"license": "gnip", "citation_ids": [77024075], "author": {"tweeter_id": "1138028490"}, "tweet_id": "1236959284623179777"}, {"license": "gnip", "citation_ids": [77024075], "author": {"tweeter_id": "1074615004324945921"}, "tweet_id": "1236959496657920000"}, {"license": "gnip", "citation_ids": [77024075], "author": {"tweeter_id": "2290078003"}, "tweet_id": "1236960635583369216"}, {"license": "gnip", "citation_ids": [77024075], "author": {"tweeter_id": "1092936730737606658"}, "tweet_id": "1236964282048352261"}, {"license": "gnip", "citation_ids": [77024075], "author": {"tweeter_id": "1092936730737606658"}, "tweet_id": "1236964340944769024"}, {"license": "gnip", "citation_ids": [77024075], "author": {"tweeter_id": "1092936730737606658"}, "tweet_id": "1236964486151573504"}, {"license": "gnip", "citation_ids": [77024075], "author": {"tweeter_id": "552274206"}, "tweet_id": "1236966871901052928"}, {"license": "gnip", "citation_ids": [77024075], "author": {"tweeter_id": "235195516"}, "tweet_id": "1236978032658780160"}, {"license": "gnip", "citation_ids": [77024075], "author": {"tweeter_id": "17738990"}, "tweet_id": "1236980338406154240"}, {"license": "gnip", "citation_ids": [77024075], "author": {"tweeter_id": "3404411873"}, "tweet_id": "1237006389517717504"}, {"license": "gnip", "citation_ids": [77024075], "author": {"tweeter_id": "2876920033"}, "tweet_id": "1237013763116552192"}, {"license": "gnip", "citation_ids": [77024075], "author": {"tweeter_id": "180886507"}, "tweet_id": "1237056701964136448"}, {"license": "gnip", "citation_ids": [77024075], "author": {"tweeter_id": "904723856350380033"}, "tweet_id": "1237057197680594945"}, {"license": "gnip", "citation_ids": [77024075], "author": {"tweeter_id": "14833210"}, "tweet_id": "1237066736274374656"}, {"license": "gnip", "citation_ids": [77024075], "author": {"tweeter_id": "1092739010932473856"}, "tweet_id": "1237081646148567040"}, {"license": "gnip", "citation_ids": [77024075], "author": {"tweeter_id": "478288331"}, "tweet_id": "1237116223264940032"}, {"license": "gnip", "citation_ids": [77024075], "author": {"tweeter_id": "917354322953879552"}, "tweet_id": "1237245197190340608"}, {"license": "gnip", "citation_ids": [77024075], "author": {"tweeter_id": "767381765312880640"}, "tweet_id": "1237261548437098497"}, {"license": "gnip", "citation_ids": [77024075], "author": {"tweeter_id": "747327834494898176"}, "tweet_id": "1237273905859121153"}, {"license": "gnip", "citation_ids": [77024075], "author": {"tweeter_id": "974628233093304320"}, "tweet_id": "1237288008229019653"}, {"license": "gnip", "citation_ids": [77024075], "author": {"tweeter_id": "1186617687516028928"}, "tweet_id": "1237350847237021696"}, {"license": "gnip", "citation_ids": [77024075], "author": {"tweeter_id": "3437798182"}, "tweet_id": "1237447183558938634"}, {"license": "gnip", "citation_ids": [77024075], "author": {"tweeter_id": "252739575"}, "tweet_id": "1237458926351921157"}, {"license": "gnip", "citation_ids": [77024075], "author": {"tweeter_id": "701545648034869248"}, "tweet_id": "1237467550004457473"}, {"license": "gnip", "citation_ids": [77024075], "author": {"tweeter_id": "237904358"}, "tweet_id": "1237470354723016704"}, {"license": "gnip", "citation_ids": [77024075], "author": {"tweeter_id": "35815074"}, "tweet_id": "1237576604726910982"}, {"license": "gnip", "citation_ids": [77024075], "author": {"tweeter_id": "1568807689"}, "tweet_id": "1237576697907523584"}, {"license": "gnip", "citation_ids": [77024075], "author": {"tweeter_id": "1233236940549287936"}, "tweet_id": "1237576912915984385"}, {"license": "gnip", "citation_ids": [77024075], "author": {"tweeter_id": "3303677994"}, "tweet_id": "1237577241829101568"}, {"license": "gnip", "citation_ids": [77024075], "author": {"tweeter_id": "2766098350"}, "tweet_id": "1237577559404982273"}, {"license": "gnip", "citation_ids": [77024075], "author": {"tweeter_id": "436854072"}, "tweet_id": "1237578280561074177"}, {"license": "gnip", "citation_ids": [77024075], "author": {"tweeter_id": "10289462"}, "tweet_id": "1237578684950671366"}, {"license": "gnip", "citation_ids": [77024075], "author": {"tweeter_id": "890590499064741888"}, "tweet_id": "1237791553395077120"}, {"license": "gnip", "citation_ids": [77024075], "author": {"tweeter_id": "996816997760602112"}, "tweet_id": "1237937591376203776"}, {"license": "gnip", "citation_ids": [77024075], "author": {"tweeter_id": "828555627244900352"}, "tweet_id": "1237962793355104256"}, {"license": "gnip", "citation_ids": [77024075], "author": {"tweeter_id": "790692039541207040"}, "tweet_id": "1237995240243380225"}, {"license": "gnip", "citation_ids": [77024075], "author": {"tweeter_id": "1100785946524639233"}, "tweet_id": "1238043692352647169"}, {"license": "gnip", "citation_ids": [77024075], "author": {"tweeter_id": "1157335071600328704"}, "tweet_id": "1238139693776228357"}, {"license": "gnip", "citation_ids": [77024075], "author": {"tweeter_id": "343044138"}, "tweet_id": "1238189960722874368"}, {"license": "gnip", "citation_ids": [77024075], "author": {"tweeter_id": "2903159666"}, "tweet_id": "1238354626887315458"}, {"license": "gnip", "citation_ids": [77024075], "author": {"tweeter_id": "941550142217261056"}, "tweet_id": "1238378806567550976"}, {"license": "gnip", "citation_ids": [77024075], "author": {"tweeter_id": "2346084757"}, "tweet_id": "1238385374944092166"}, {"license": "gnip", "citation_ids": [77024075], "author": {"tweeter_id": "1370667126"}, "tweet_id": "1238396734017097729"}, {"license": "gnip", "citation_ids": [77024075], "author": {"tweeter_id": "1126328336165163009"}, "tweet_id": "1238406541293670401"}, {"license": "gnip", "citation_ids": [77024075], "author": {"tweeter_id": "1158977775241502720"}, "tweet_id": "1238434766535495682"}, {"license": "gnip", "citation_ids": [77024075], "author": {"tweeter_id": "896333234556071936"}, "tweet_id": "1238513879732322308"}, {"license": "gnip", "citation_ids": [77024075], "author": {"tweeter_id": "954425156499267584"}, "tweet_id": "1238524714357850113"}, {"license": "gnip", "citation_ids": [77024075], "author": {"tweeter_id": "153021766"}, "tweet_id": "1238527425623011330"}, {"license": "gnip", "citation_ids": [77024075], "author": {"tweeter_id": "106258698"}, "tweet_id": "1238590105582841856"}, {"license": "gnip", "citation_ids": [77024075], "author": {"tweeter_id": "592501967"}, "tweet_id": "1238590250311544832"}, {"license": "gnip", "citation_ids": [77024075], "author": {"tweeter_id": "1044225564440113157"}, "tweet_id": "1238590370079895552"}, {"license": "gnip", "citation_ids": [77024075], "author": {"tweeter_id": "1536313050"}, "tweet_id": "1238590436001759232"}, {"license": "gnip", "citation_ids": [77024075], "author": {"tweeter_id": "266499510"}, "tweet_id": "1238590657444196352"}, {"license": "gnip", "citation_ids": [77024075], "author": {"tweeter_id": "48862131"}, "tweet_id": "1238590707067043840"}, {"license": "gnip", "citation_ids": [77024075], "author": {"tweeter_id": "917390672482549760"}, "tweet_id": "1238590806073597952"}, {"license": "gnip", "citation_ids": [77024075], "author": {"tweeter_id": "1148897680090812416"}, "tweet_id": "1238591121384566784"}, {"license": "gnip", "citation_ids": [77024075], "author": {"tweeter_id": "1189686458291904512"}, "tweet_id": "1238591399202680833"}, {"license": "gnip", "citation_ids": [77024075], "author": {"tweeter_id": "956205987098054656"}, "tweet_id": "1238591432912322560"}, {"license": "gnip", "citation_ids": [77024075], "author": {"tweeter_id": "922020577006592001"}, "tweet_id": "1238591432882925570"}, {"license": "gnip", "citation_ids": [77024075], "author": {"tweeter_id": "250488043"}, "tweet_id": "1238591433088491520"}, {"license": "gnip", "citation_ids": [77024075], "author": {"tweeter_id": "109853578"}, "tweet_id": "1238591514709655553"}, {"license": "gnip", "citation_ids": [77024075], "author": {"tweeter_id": "118193177"}, "tweet_id": "1238591751310331904"}, {"license": "gnip", "citation_ids": [77024075], "author": {"tweeter_id": "1154050194008227840"}, "tweet_id": "1238591823964073984"}, {"license": "gnip", "citation_ids": [77024075], "author": {"tweeter_id": "970233764973445120"}, "tweet_id": "1238591975403802626"}, {"license": "gnip", "citation_ids": [77024075], "author": {"tweeter_id": "227693690"}, "tweet_id": "1238592329713238017"}, {"license": "gnip", "citation_ids": [77024075], "author": {"tweeter_id": "885816658861752324"}, "tweet_id": "1238592512555548672"}, {"license": "gnip", "citation_ids": [77024075], "author": {"tweeter_id": "755209800074395649"}, "tweet_id": "1238593731072159745"}, {"license": "gnip", "citation_ids": [77024075], "author": {"tweeter_id": "1100995807451332608"}, "tweet_id": "1238593785329643520"}, {"license": "gnip", "citation_ids": [77024075], "author": {"tweeter_id": "234286840"}, "tweet_id": "1238594013180997632"}, {"license": "gnip", "citation_ids": [77024075], "author": {"tweeter_id": "264122553"}, "tweet_id": "1238594229103812608"}, {"license": "gnip", "citation_ids": [77024075], "author": {"tweeter_id": "148936359"}, "tweet_id": "1238595599374503936"}, {"license": "gnip", "citation_ids": [77024075], "author": {"tweeter_id": "95188259"}, "tweet_id": "1238596040787255296"}, {"license": "gnip", "citation_ids": [77024075], "author": {"tweeter_id": "1040510278679519232"}, "tweet_id": "1238596619676741632"}, {"license": "gnip", "citation_ids": [77024075], "author": {"tweeter_id": "1114135760846766080"}, "tweet_id": "1238596908743983104"}, {"license": "gnip", "citation_ids": [77024075], "author": {"tweeter_id": "83529117"}, "tweet_id": "1238597136830197760"}, {"license": "gnip", "citation_ids": [77024075], "author": {"tweeter_id": "1163641183660204032"}, "tweet_id": "1238597253519904768"}, {"license": "gnip", "citation_ids": [77024075], "author": {"tweeter_id": "180191999"}, "tweet_id": "1238597483749498880"}, {"license": "gnip", "citation_ids": [77024075], "author": {"tweeter_id": "1045186180587839490"}, "tweet_id": "1238598054845927424"}, {"license": "gnip", "citation_ids": [77024075], "author": {"tweeter_id": "915453454553714688"}, "tweet_id": "1238598228838248448"}, {"license": "gnip", "citation_ids": [77024075], "author": {"tweeter_id": "1235745957104386049"}, "tweet_id": "1238598651976601611"}, {"license": "gnip", "citation_ids": [77024075], "author": {"tweeter_id": "166487451"}, "tweet_id": "1238598882256228352"}, {"license": "gnip", "citation_ids": [77024075], "author": {"tweeter_id": "1212725490424827904"}, "tweet_id": "1238599136615661568"}, {"license": "gnip", "citation_ids": [77024075], "author": {"tweeter_id": "2855226188"}, "tweet_id": "1238599215397232641"}, {"license": "gnip", "citation_ids": [77024075], "author": {"tweeter_id": "366568679"}, "tweet_id": "1238600422907990016"}, {"license": "gnip", "citation_ids": [77024075], "author": {"tweeter_id": "120675466"}, "tweet_id": "1238600574515339264"}, {"license": "gnip", "citation_ids": [77024075], "author": {"tweeter_id": "1219595160507387904"}, "tweet_id": "1238600741188546560"}, {"license": "gnip", "citation_ids": [77024075], "author": {"tweeter_id": "306120865"}, "tweet_id": "1238600834004291586"}, {"license": "gnip", "citation_ids": [77024075], "author": {"tweeter_id": "1144718036"}, "tweet_id": "1238601090783825920"}, {"license": "gnip", "citation_ids": [77024075], "author": {"tweeter_id": "421546129"}, "tweet_id": "1238602252035620864"}, {"license": "gnip", "citation_ids": [77024075], "author": {"tweeter_id": "135869664"}, "tweet_id": "1238602674414612480"}, {"license": "gnip", "citation_ids": [77024075], "author": {"tweeter_id": "1159834408901234690"}, "tweet_id": "1238603161138388992"}, {"license": "gnip", "citation_ids": [77024075], "author": {"tweeter_id": "475814689"}, "tweet_id": "1238604306208542725"}, {"license": "gnip", "citation_ids": [77024075], "author": {"tweeter_id": "878226476574711808"}, "tweet_id": "1238604317487017985"}, {"license": "gnip", "citation_ids": [77024075], "author": {"tweeter_id": "3310677290"}, "tweet_id": "1238604729002811392"}, {"license": "gnip", "citation_ids": [77024075], "author": {"tweeter_id": "345236756"}, "tweet_id": "1238605442789421056"}, {"license": "gnip", "citation_ids": [77024075], "author": {"tweeter_id": "22599523"}, "tweet_id": "1238605755164446721"}, {"license": "gnip", "citation_ids": [77024075], "author": {"tweeter_id": "94683414"}, "tweet_id": "1238606077886783489"}, {"license": "gnip", "citation_ids": [77024075], "author": {"tweeter_id": "4120262233"}, "tweet_id": "1238607094460211200"}, {"license": "gnip", "citation_ids": [77024075], "author": {"tweeter_id": "412964762"}, "tweet_id": "1238608745820819463"}, {"license": "gnip", "citation_ids": [77024075], "author": {"tweeter_id": "757758374406533120"}, "tweet_id": "1238610541335072769"}, {"license": "gnip", "citation_ids": [77024075], "author": {"tweeter_id": "106415841"}, "tweet_id": "1238610634138202112"}, {"license": "gnip", "citation_ids": [77024075], "author": {"tweeter_id": "101062700"}, "tweet_id": "1238612227474599936"}, {"license": "gnip", "citation_ids": [77024075], "author": {"tweeter_id": "1121263547755876355"}, "tweet_id": "1238613362293870592"}, {"license": "gnip", "citation_ids": [77024075], "author": {"tweeter_id": "972235032340307968"}, "tweet_id": "1238614087526801408"}, {"license": "gnip", "citation_ids": [77024075], "author": {"tweeter_id": "774665113"}, "tweet_id": "1238614305706135552"}, {"license": "gnip", "citation_ids": [77024075], "author": {"tweeter_id": "60851352"}, "tweet_id": "1238614632933101568"}, {"license": "public", "citation_ids": [77024075], "author": {"tweeter_id": "277410555"}, "tweet_id": "1238615297302491136"}, {"license": "public", "citation_ids": [77024075], "author": {"tweeter_id": "2228972209"}, "tweet_id": "1238615735129137157"}, {"license": "gnip", "citation_ids": [77024075], "author": {"tweeter_id": "783296303786713093"}, "tweet_id": "1238616539974127622"}, {"license": "gnip", "citation_ids": [77024075], "author": {"tweeter_id": "106385467"}, "tweet_id": "1238616674204446720"}, {"license": "gnip", "citation_ids": [77024075], "author": {"tweeter_id": "1930980854"}, "tweet_id": "1238618504196018176"}, {"license": "gnip", "citation_ids": [77024075], "author": {"tweeter_id": "1074777489640026112"}, "tweet_id": "1238620126766723073"}, {"license": "gnip", "citation_ids": [77024075], "author": {"tweeter_id": "112728091"}, "tweet_id": "1238620254722387969"}, {"license": "gnip", "citation_ids": [77024075], "author": {"tweeter_id": "277410555"}, "tweet_id": "1238620302763950080"}, {"license": "gnip", "citation_ids": [77024075], "author": {"tweeter_id": "1885094101"}, "tweet_id": "1238621076000817153"}, {"license": "gnip", "citation_ids": [77024075], "author": {"tweeter_id": "2377927795"}, "tweet_id": "1238621157714092032"}, {"license": "gnip", "citation_ids": [77024075], "author": {"tweeter_id": "180710998"}, "tweet_id": "1238625081175101441"}, {"license": "gnip", "citation_ids": [77024075], "author": {"tweeter_id": "1047013692"}, "tweet_id": "1238625680935419904"}, {"license": "gnip", "citation_ids": [77024075], "author": {"tweeter_id": "910698843947204608"}, "tweet_id": "1238625942550929413"}, {"license": "gnip", "citation_ids": [77024075], "author": {"tweeter_id": "2834772128"}, "tweet_id": "1238627369075625984"}, {"license": "gnip", "citation_ids": [77024075], "author": {"tweeter_id": "294866139"}, "tweet_id": "1238628959845150720"}, {"license": "gnip", "citation_ids": [77024075], "author": {"tweeter_id": "882935481255698433"}, "tweet_id": "1238629200598315011"}, {"license": "gnip", "citation_ids": [77024075], "author": {"tweeter_id": "762846168"}, "tweet_id": "1238630729858215936"}, {"license": "gnip", "citation_ids": [77024075], "author": {"tweeter_id": "2186653201"}, "tweet_id": "1238633869047255040"}, {"license": "gnip", "citation_ids": [77024075], "author": {"tweeter_id": "545036412"}, "tweet_id": "1238636668170596354"}, {"license": "gnip", "citation_ids": [77024075], "author": {"tweeter_id": "584388367"}, "tweet_id": "1238636779969761281"}, {"license": "gnip", "citation_ids": [77024075], "author": {"tweeter_id": "734270265006292992"}, "tweet_id": "1238639470603198466"}, {"license": "gnip", "citation_ids": [77024075], "author": {"tweeter_id": "85259304"}, "tweet_id": "1238642923203256322"}, {"license": "gnip", "citation_ids": [77024075], "author": {"tweeter_id": "782486779"}, "tweet_id": "1238646632406646784"}, {"license": "gnip", "citation_ids": [77024075], "author": {"tweeter_id": "2933015978"}, "tweet_id": "1238647743771336704"}, {"license": "gnip", "citation_ids": [77024075], "author": {"tweeter_id": "280820249"}, "tweet_id": "1238647758648569856"}, {"license": "gnip", "citation_ids": [77024075], "author": {"tweeter_id": "572238855"}, "tweet_id": "1238649246758268929"}, {"license": "gnip", "citation_ids": [77024075], "author": {"tweeter_id": "232153336"}, "tweet_id": "1238649637105369088"}, {"license": "gnip", "citation_ids": [77024075], "author": {"tweeter_id": "148985207"}, "tweet_id": "1238655731533877249"}, {"license": "gnip", "citation_ids": [77024075], "author": {"tweeter_id": "1224829382"}, "tweet_id": "1238656247559106570"}, {"license": "gnip", "citation_ids": [77024075], "author": {"tweeter_id": "69958460"}, "tweet_id": "1238657664801890304"}, {"license": "gnip", "citation_ids": [77024075], "author": {"tweeter_id": "1229147768347738112"}, "tweet_id": "1238657730325254145"}, {"license": "gnip", "citation_ids": [77024075], "author": {"tweeter_id": "1084532632476573697"}, "tweet_id": "1238658683443097602"}, {"license": "gnip", "citation_ids": [77024075], "author": {"tweeter_id": "124126192"}, "tweet_id": "1238661672471945217"}, {"license": "gnip", "citation_ids": [77024075], "author": {"tweeter_id": "823755444535443456"}, "tweet_id": "1238665887734837248"}, {"license": "gnip", "citation_ids": [77024075], "author": {"tweeter_id": "1044719512287768576"}, "tweet_id": "1238665891295850498"}, {"license": "gnip", "citation_ids": [77024075], "author": {"tweeter_id": "136200007"}, "tweet_id": "1238669609944772609"}, {"license": "gnip", "citation_ids": [77024075], "author": {"tweeter_id": "1616815981"}, "tweet_id": "1238670347215360000"}, {"license": "gnip", "citation_ids": [77024075], "author": {"tweeter_id": "313189371"}, "tweet_id": "1238670507563552768"}, {"license": "gnip", "citation_ids": [77024075], "author": {"tweeter_id": "1043874170499522560"}, "tweet_id": "1238678870674399233"}, {"license": "gnip", "citation_ids": [77024075], "author": {"tweeter_id": "116945419"}, "tweet_id": "1238679966381826048"}, {"license": "gnip", "citation_ids": [77024075], "author": {"tweeter_id": "133201985"}, "tweet_id": "1238680185433550848"}, {"license": "gnip", "citation_ids": [77024075], "author": {"tweeter_id": "137628676"}, "tweet_id": "1238681472174718978"}, {"license": "gnip", "citation_ids": [77024075], "author": {"tweeter_id": "913665372351369217"}, "tweet_id": "1238686152724365313"}, {"license": "gnip", "citation_ids": [77024075], "author": {"tweeter_id": "267294750"}, "tweet_id": "1238687817506500608"}, {"license": "gnip", "citation_ids": [77024075], "author": {"tweeter_id": "1682588545"}, "tweet_id": "1238688076546768896"}, {"license": "gnip", "citation_ids": [77024075], "author": {"tweeter_id": "797700010187988992"}, "tweet_id": "1238690743822114816"}, {"license": "gnip", "citation_ids": [77024075], "author": {"tweeter_id": "806575572"}, "tweet_id": "1238695025153720321"}, {"license": "gnip", "citation_ids": [77024075], "author": {"tweeter_id": "121698716"}, "tweet_id": "1238695651422003200"}, {"license": "gnip", "citation_ids": [77024075], "author": {"tweeter_id": "864800259209285632"}, "tweet_id": "1238698648533262337"}, {"license": "gnip", "citation_ids": [77024075], "author": {"tweeter_id": "359241214"}, "tweet_id": "1238707928854433792"}, {"license": "gnip", "citation_ids": [77024075], "author": {"tweeter_id": "2176075207"}, "tweet_id": "1238712038613856257"}, {"license": "gnip", "citation_ids": [77024075], "author": {"tweeter_id": "2368199810"}, "tweet_id": "1238721472308211712"}, {"license": "gnip", "citation_ids": [77024075], "author": {"tweeter_id": "811323446797836288"}, "tweet_id": "1238723396126400520"}, {"license": "gnip", "citation_ids": [77024075], "author": {"tweeter_id": "226500015"}, "tweet_id": "1238726296399568896"}, {"license": "gnip", "citation_ids": [77024075], "author": {"tweeter_id": "904342584499159041"}, "tweet_id": "1238728505342324736"}, {"license": "gnip", "citation_ids": [77024075], "author": {"tweeter_id": "837991836023042048"}, "tweet_id": "1238730917239111680"}, {"license": "gnip", "citation_ids": [77024075], "author": {"tweeter_id": "936063260"}, "tweet_id": "1238737217117466624"}, {"license": "gnip", "citation_ids": [77024075], "author": {"tweeter_id": "268151805"}, "tweet_id": "1238738087460532224"}, {"license": "gnip", "citation_ids": [77024075], "author": {"tweeter_id": "1122081361727111170"}, "tweet_id": "1238742404976357376"}, {"license": "gnip", "citation_ids": [77024075], "author": {"tweeter_id": "3810900254"}, "tweet_id": "1238752805961125888"}, {"license": "gnip", "citation_ids": [77024075], "author": {"tweeter_id": "17567664"}, "tweet_id": "1238760604573130752"}, {"license": "gnip", "citation_ids": [77024075], "author": {"tweeter_id": "105504233"}, "tweet_id": "1238767317724483585"}, {"license": "gnip", "citation_ids": [77024075], "author": {"tweeter_id": "117620621"}, "tweet_id": "1238772779446448129"}, {"license": "gnip", "citation_ids": [77024075], "author": {"tweeter_id": "218146606"}, "tweet_id": "1238784308585758721"}, {"license": "gnip", "citation_ids": [77024075], "author": {"tweeter_id": "885823893222563840"}, "tweet_id": "1238785772435595264"}, {"license": "gnip", "citation_ids": [77024075], "author": {"tweeter_id": "879866106"}, "tweet_id": "1238803528631472129"}, {"license": "gnip", "citation_ids": [77024075], "author": {"tweeter_id": "728852241663188992"}, "tweet_id": "1238804699655987200"}, {"license": "gnip", "citation_ids": [77024075], "author": {"tweeter_id": "1142171719618068480"}, "tweet_id": "1238814673924812800"}, {"license": "gnip", "citation_ids": [77024075], "author": {"tweeter_id": "347739093"}, "tweet_id": "1238830380364582912"}, {"license": "gnip", "citation_ids": [77024075], "author": {"tweeter_id": "252485884"}, "tweet_id": "1238891375942176768"}, {"license": "gnip", "citation_ids": [77024075], "author": {"tweeter_id": "364946624"}, "tweet_id": "1238960282782691329"}, {"license": "gnip", "citation_ids": [77024075], "author": {"tweeter_id": "111617271"}, "tweet_id": "1238974256668532738"}, {"license": "gnip", "citation_ids": [77024075], "author": {"tweeter_id": "148176326"}, "tweet_id": "1239007237604958208"}, {"license": "gnip", "citation_ids": [77024075], "author": {"tweeter_id": "53925975"}, "tweet_id": "1239014583030841344"}, {"license": "gnip", "citation_ids": [77024075], "author": {"tweeter_id": "1165737142288560128"}, "tweet_id": "1239050743350509569"}, {"license": "gnip", "citation_ids": [77024075], "author": {"tweeter_id": "87986143"}, "tweet_id": "1239073773623463938"}, {"license": "gnip", "citation_ids": [77024075], "author": {"tweeter_id": "3980128763"}, "tweet_id": "1239090076396781568"}, {"license": "gnip", "citation_ids": [77024075], "author": {"tweeter_id": "113720317"}, "tweet_id": "1239105987719634944"}, {"license": "gnip", "citation_ids": [77024075], "author": {"tweeter_id": "113720317"}, "tweet_id": "1239106580001501189"}, {"license": "gnip", "citation_ids": [77024075], "author": {"tweeter_id": "1617927480"}, "tweet_id": "1239140294890749952"}, {"license": "gnip", "citation_ids": [77024075], "author": {"tweeter_id": "60011904"}, "tweet_id": "1239198048128925696"}, {"license": "gnip", "citation_ids": [77024075], "author": {"tweeter_id": "1481507244"}, "tweet_id": "1239308073170341893"}, {"license": "gnip", "citation_ids": [77024075], "author": {"tweeter_id": "1045646733949247489"}, "tweet_id": "1239317988106473472"}, {"license": "gnip", "citation_ids": [77024075], "author": {"tweeter_id": "1045646733949247489"}, "tweet_id": "1239318246748233728"}, {"license": "gnip", "citation_ids": [77024075], "author": {"tweeter_id": "851971785193136130"}, "tweet_id": "1239376689773281280"}, {"license": "gnip", "citation_ids": [77024075], "author": {"tweeter_id": "222945617"}, "tweet_id": "1239378041190715392"}, {"license": "gnip", "citation_ids": [77024075], "author": {"tweeter_id": "1373739644"}, "tweet_id": "1239384690009595904"}, {"license": "gnip", "citation_ids": [77024075], "author": {"tweeter_id": "752914031049080832"}, "tweet_id": "1239553540944736256"}, {"license": "gnip", "citation_ids": [77024075], "author": {"tweeter_id": "1484446585"}, "tweet_id": "1239576903637483520"}, {"license": "gnip", "citation_ids": [77024075], "author": {"tweeter_id": "3437798182"}, "tweet_id": "1239629490919219202"}, {"license": "gnip", "citation_ids": [77024075], "author": {"tweeter_id": "1239315181882224640"}, "tweet_id": "1239784786689851392"}, {"license": "gnip", "citation_ids": [77024075], "author": {"tweeter_id": "820031877511839744"}, "tweet_id": "1239845785623289856"}, {"license": "gnip", "citation_ids": [77024075], "author": {"tweeter_id": "1177233799643586560"}, "tweet_id": "1239865598533869568"}, {"license": "gnip", "citation_ids": [77024075], "author": {"tweeter_id": "254838892"}, "tweet_id": "1239873024783876097"}, {"license": "gnip", "citation_ids": [77100412, 76996987, 77024075], "author": {"tweeter_id": "129587285"}, "tweet_id": "1239883222785409024"}, {"license": "gnip", "citation_ids": [77100412, 76996987, 77024075], "author": {"tweeter_id": "129587285"}, "tweet_id": "1239883283787329537"}, {"license": "gnip", "citation_ids": [77024075], "author": {"tweeter_id": "408134631"}, "tweet_id": "1239893157887836171"}, {"license": "gnip", "citation_ids": [77024075], "author": {"tweeter_id": "872093040"}, "tweet_id": "1239900134361706504"}, {"license": "gnip", "citation_ids": [77024075], "author": {"tweeter_id": "293746524"}, "tweet_id": "1239901881624920065"}, {"license": "gnip", "citation_ids": [77024075], "author": {"tweeter_id": "231837671"}, "tweet_id": "1239927503998930946"}, {"license": "gnip", "citation_ids": [77024075], "author": {"tweeter_id": "398795741"}, "tweet_id": "1239972546180603909"}, {"license": "gnip", "citation_ids": [77024075, 2822190], "author": {"tweeter_id": "2863374502"}, "tweet_id": "1240029632746983436"}, {"license": "gnip", "citation_ids": [77024075, 2822190], "author": {"tweeter_id": "1671202411"}, "tweet_id": "1240164005500641281"}, {"license": "gnip", "citation_ids": [77024075, 2822190], "author": {"tweeter_id": "1193525942301405184"}, "tweet_id": "1240165610363015168"}, {"license": "gnip", "citation_ids": [77024075], "author": {"tweeter_id": "1175708611483492353"}, "tweet_id": "1240176333348536321"}, {"license": "gnip", "citation_ids": [77024075], "author": {"tweeter_id": "918203103123574790"}, "tweet_id": "1240251941051039744"}], "facebook": [{"title": "Mitigate the effects of home confinement on children during the COVID-19 outbreak", "url": "https://www.facebook.com/permalink.php?story_fbid=2688920724669432&id=1375572309337620", "license": "public", "citation_ids": [77024075], "posted_on": "2020-03-09T11:17:19+00:00", "summary": "\ud83d\udca1In contextul ultimelor masuri luate in cazul coronavirus (suspendarea cursurilor la anumite scoli si universitati), va prezentam un articol din The Lancet cu privire la reducerea efectelor asupra copiilor constransi sa ramana acasa.\n\ud83d\udca1Sfaturi pentru scoli,", "author": {"name": "Elsevier Rom\u00e2nia", "url": "https://www.facebook.com/1375572309337620", "facebook_wall_name": "Elsevier Rom\u00e2nia", "image": "https://graph.facebook.com/1375572309337620/picture", "id_on_source": "1375572309337620"}}], "news": [{"title": "Gli impatti psicologici della quarantena e come prevenirli", "url": "http://ct.moreover.com/?a=41642287010&p=1pl&v=1&x=klsG0D6VvbcRInBpcUI84w", "license": "public", "citation_ids": [76716778, 76716778, 77670765, 74445800, 77670769, 76716778, 76716778, 77024075, 77426840, 76716778, 76716778], "posted_on": "2020-03-17T05:45:35+00:00", "summary": "Da inizio marzo, il governo ha approvato una serie di provvedimenti per contrastare la diffusione del nuovo coronavirus in Italia.", "author": {"name": "AGI.it", "url": "http://www.agi.it/", "image": "https://s3.amazonaws.com/weyland.altmetric.com/news_sources/logos/000/000/602/normal/Screen_Shot_2016-01-12_at_14.11.37.png?1452607911"}}]}, "score": 238.8, "images": {"small": "https://badges.altmetric.com/?size=64&score=239&types=mttttttf", "medium": "https://badges.altmetric.com/?size=100&score=239&types=mttttttf", "large": "https://badges.altmetric.com/?size=180&score=239&types=mttttttf"}}