{"altmetric_id": 77451759, "counts": {"readers": {"mendeley": 0, "citeulike": 0, "connotea": 0}, "total": {"posts_count": 4}, "twitter": {"unique_users_count": 4, "posts_count": 4}}, "citation": {"altmetric_jid": "4f6fa6123cf058f610006f20", "authors": ["Li, Bo", "Yang, Jing", "Zhao, Faming", "Zhi, Lili", "Wang, Xiqian", "Liu, Lin", "Bi, Zhaohui", "Zhao, Yunhe"], "doi": "10.1007/s00392-020-01626-9", "first_seen_on": "2020-03-13T12:28:17+00:00", "issns": ["1861-0684", "1861-0692"], "journal": "Clinical Research in Cardiology", "last_mentioned_on": 1584312073, "links": ["https://link.springer.com/article/10.1007%2Fs00392-020-01626-9", "https://www.ncbi.nlm.nih.gov/pubmed/32161990", "https://link.springer.com/content/pdf/10.1007/s00392-020-01626-9.pdf"], "pdf_url": "https://link.springer.com/content/pdf/10.1007/s00392-020-01626-9.pdf", "pmid": "32161990", "epubdate": "2020-03-11T00:00:00+00:00", "publisher": "Springer Science and Business Media LLC", "publisher_subjects": [{"name": "Cardiology", "scheme": "springer"}, {"name": "Medicine & Public Health", "scheme": "springer"}, {"name": "Cardiovascular Medicine And Haematology", "scheme": "era"}], "scopus_subjects": ["Medicine", "Health Sciences"], "title": "Prevalence and impact of cardiovascular metabolic diseases on COVID-19 in China", "type": "article"}, "altmetric_score": {"score": 2.25, "score_history": {"1y": 2.25, "6m": 2.25, "3m": 2.25, "1m": 2.25, "1w": 2.25, "6d": 2.25, "5d": 2.25, "4d": 1.25, "3d": 1, "2d": 0, "1d": 0, "at": 2.25}, "context_for_score": {"all": {"total_number_of_other_articles": 14515774, "mean": 8.4677073350393, "rank": 7676166, "this_scored_higher_than_pct": 46, "this_scored_higher_than": 6752574, "rank_type": "exact", "sample_size": 14515774, "percentile": 46}, "similar_age_3m": {"total_number_of_other_articles": 146363, "mean": 14.119831008049, "rank": 62057, "this_scored_higher_than_pct": 56, "this_scored_higher_than": 83122, "rank_type": "exact", "sample_size": 146363, "percentile": 56}, "this_journal": {"total_number_of_other_articles": 471, "mean": 6.0598893617021, "rank": 180, "this_scored_higher_than_pct": 61, "this_scored_higher_than": 290, "rank_type": "exact", "sample_size": 471, "percentile": 61}, "similar_age_this_journal_3m": {"total_number_of_other_articles": 3, "mean": 0.75, "rank": 1, "this_scored_higher_than_pct": 66, "this_scored_higher_than": 2, "rank_type": "exact", "sample_size": 3, "percentile": 66}}}, "demographics": {"poster_types": {"member_of_the_public": 4}, "users": {"twitter": {"cohorts": {"Members of the public": 4}}}, "geo": {"twitter": {"ES": 1, "FR": 1}}}, "posts": {"twitter": [{"license": "gnip", "citation_ids": [77451759], "author": {"tweeter_id": "705366252873711616"}, "tweet_id": "1238441702710542338"}, {"license": "gnip", "citation_ids": [77451759], "author": {"tweeter_id": "332318171"}, "tweet_id": "1238524380604436490"}, {"license": "gnip", "citation_ids": [77451759], "author": {"tweeter_id": "1099494762296397824"}, "tweet_id": "1238708561817022466"}, {"license": "gnip", "citation_ids": [77451759], "author": {"tweeter_id": "211661105"}, "tweet_id": "1239320779034177536"}]}, "score": 2.25, "images": {"small": "https://badges.altmetric.com/?size=64&score=3&types=tttttttt", "medium": "https://badges.altmetric.com/?size=100&score=3&types=tttttttt", "large": "https://badges.altmetric.com/?size=180&score=3&types=tttttttt"}}