{"altmetric_id": 76984083, "counts": {"readers": {"mendeley": 0, "citeulike": 0, "connotea": 0}, "total": {"posts_count": 5}, "twitter": {"unique_users_count": 4, "posts_count": 5}}, "citation": {"authors": ["Yang, Weihua", "Dang, Xiaofei", "Wang, Qingxi", "Xu, Mingjie", "Zhao, Qianqian", "Zhou, Yunying", "Zhao, Huailong", "Wang, Li", "Xu, Yihui", "Wang, Jun", "Han, Shuyi", "Wang, Min", "Pei, Fengyan", "Wang, Yunshan"], "doi": "10.1101/2020.03.02.20030130", "first_seen_on": "2020-03-03T17:11:47+00:00", "issns": [], "last_mentioned_on": 1584120434, "links": ["https://www.medrxiv.org/content/10.1101/2020.03.02.20030130v1", "https://www.medrxiv.org/content/10.1101/2020.03.02.20030130v1?utm_source=dlvr.it&utm_medium=twitter", "https://www.medrxiv.org/content/10.1101/2020.03.02.20030130v2"], "pdf_url": "https://www.medrxiv.org/content/medrxiv/early/2020/03/02/2020.03.02.20030130.full.pdf", "publisher": "Cold Spring Harbor Laboratory", "title": "Rapid Detection of SARS-CoV-2 Using Reverse transcription RT-LAMP method", "type": "article"}, "altmetric_score": {"score": 1.75, "score_history": {"1y": 1.75, "6m": 1.75, "3m": 1.75, "1m": 1.75, "1w": 1, "6d": 1, "5d": 1, "4d": 0, "3d": 0, "2d": 0, "1d": 0, "at": 1.75}, "context_for_score": null}, "demographics": {"poster_types": {"member_of_the_public": 3, "practitioner": 1}, "users": {"twitter": {"cohorts": {"Members of the public": 3, "Practitioners (doctors, other healthcare professionals)": 1}}}, "geo": {"twitter": {"US": 2}}}, "posts": {"twitter": [{"license": "gnip", "citation_ids": [76984083], "author": {"tweeter_id": "921400462838042624"}, "tweet_id": "1234790451661737986"}, {"license": "gnip", "citation_ids": [76984083], "author": {"tweeter_id": "1214232500664295424"}, "tweet_id": "1234872926261760001"}, {"license": "gnip", "citation_ids": [76984083], "author": {"tweeter_id": "4901919879"}, "tweet_id": "1235162635815002118"}, {"license": "gnip", "citation_ids": [76984083], "author": {"tweeter_id": "4901919879"}, "tweet_id": "1235162648133722113"}, {"license": "gnip", "citation_ids": [76984083], "author": {"tweeter_id": "1219333629358366721"}, "tweet_id": "1238516985924812802"}]}, "score": 1.75, "images": {"small": "https://badges.altmetric.com/?size=64&score=2&types=tttttttt", "medium": "https://badges.altmetric.com/?size=100&score=2&types=tttttttt", "large": "https://badges.altmetric.com/?size=180&score=2&types=tttttttt"}}