{"altmetric_id": 77349018, "counts": {"readers": {"mendeley": 0, "citeulike": 0, "connotea": 0}, "total": {"posts_count": 75}, "twitter": {"unique_users_count": 64, "posts_count": 70}, "reddit": {"unique_users_count": 2, "unique_users": ["I_did_dit", "officialcitral"], "posts_count": 2}, "facebook": {"unique_users_count": 3, "unique_users": ["350343635103750", "622412621113892", "139267936143724"], "posts_count": 3}}, "citation": {"altmetric_jid": "4f6fa50a3cf058f610003160", "doi": "10.1038/d41586-020-00670-9", "endpage": "179", "first_seen_on": "2020-03-11T16:07:21+00:00", "issns": ["0028-0836", "1476-4687"], "journal": "Nature", "last_mentioned_on": 1584436346, "links": ["https://www.nature.com/articles/d41586-020-00670-9?utm_source=twt_nnc&utm_medium=social&utm_campaign=naturenews&error=cookies_not_supported&code=3f9619c6-3d9e-4038-9490-a90e13cf8c0b", "https://www.nature.com/articles/d41586-020-00670-9?error=cookies_not_supported&code=1106c460-7b3c-49b2-9b39-3e20bacdd22b", "https://www.nature.com/articles/d41586-020-00670-9?error=cookies_not_supported&amp;code=0fa13449-abd0-4c16-968b-2f0814ba4631", "https://www.nature.com/articles/d41586-020-00670-9?utm_source=fbk_nnc&utm_medium=social&utm_campaign=naturenews&fbclid=IwAR20SjEwMmq7cxf7ZTRF21NC1Dl1k9Ko2hnxEGoIVIlIRXhJtGNRLC_jr0Q&error=cookies_not_supported&code=84e2f4d8-ccc6-4851-9020-1650a1e6c554", "https://www.nature.com/articles/d41586-020-00670-9?error=cookies_not_supported&code=43b35924-e4d2-4cb0-99b4-df835f54df26", "https://www.nature.com/articles/d41586-020-00670-9?error=cookies_not_supported&code=10fc2fa4-fa04-4251-962b-68b87c107066", "https://www.nature.com/articles/d41586-020-00670-9?error=cookies_not_supported&code=3edf64f3-d58b-4e4b-9024-411213083ca6", "https://www.ncbi.nlm.nih.gov/pubmed/32161394?dopt=Abstract&utm_source=dlvr.it&utm_medium=twitter", "https://www.ncbi.nlm.nih.gov/pubmed/32161394?dopt=Abstract", "https://www.nature.com/articles/d41586-020-00670-9?WT.ec_id=NATURE-20200312&utm_source=nature_etoc&utm_medium=email&utm_campaign=20200312&sap-outbound-id=0A4C913425F50D71E3FDF26BE6D173FF75C40FF7&mkt-key=005056B0331B1ED88A8C48EC67E368B6&error=cookies_not_supported&code=3621dd5a-5668-4bad-b903-6f44515b15c1", "https://www.nature.com/articles/d41586-020-00670-9?WT.ec_id=NATURE-20200312&utm_source=nature_etoc&utm_medium=email&utm_campaign=20200312&sap-outbound-id=E645B7C8B19658F2C4B40699A678BAAB22BC1743&mkt-key=005056A5C6311EE999A733749DAFFBC0&error=cookies_not_supported&code=814709bd-7140-427a-9b64-f08663657bd6", "https://www.nature.com/articles/d41586-020-00670-9?utm_source=fbk_nnc&utm_medium=social&utm_campaign=naturenews", "https://www.nature.com/articles/d41586-020-00670-9", "https://www.nature.com/articles/d41586-020-00670-9?utm_source=fbk_nnc&utm_medium=social&utm_campaign=naturenews&error=cookies_not_supported&code=11083abc-cddc-4f14-97ab-a038f39608f0", "https://www.nature.com/articles/d41586-020-00670-9?utm_source=dlvr.it&utm_medium=twitter&error=cookies_not_supported&code=a7c9b142-1a9d-4247-9e33-ab074c635e9e"], "pmid": "32161394", "pubdate": "2020-03-01T00:00:00+00:00", "epubdate": "2020-03-11T00:00:00+00:00", "scopus_subjects": ["General"], "startpage": "178", "title": "Coronavirus and children, deep-sea microbes and a bold new climate law", "type": "news"}, "altmetric_score": {"score": 47.85, "score_history": {"1y": 47.85, "6m": 47.85, "3m": 47.85, "1m": 47.85, "1w": 47.85, "6d": 47.85, "5d": 36.2, "4d": 21.2, "3d": 15.65, "2d": 4.7, "1d": 4.7, "at": 47.85}, "context_for_score": {"all": {"total_number_of_other_articles": 14511839, "mean": 8.4634337691642, "rank": 406782, "this_scored_higher_than_pct": 97, "this_scored_higher_than": 14104870, "rank_type": "exact", "sample_size": 14511839, "percentile": 97}, "similar_age_3m": {"total_number_of_other_articles": 145209, "mean": 13.839608768112, "rank": 6840, "this_scored_higher_than_pct": 95, "this_scored_higher_than": 138362, "rank_type": "exact", "sample_size": 145209, "percentile": 95}, "this_journal": {"total_number_of_other_articles": 72466, "mean": 80.574883488581, "rank": 19886, "this_scored_higher_than_pct": 72, "this_scored_higher_than": 52578, "rank_type": "exact", "sample_size": 72466, "percentile": 72}, "similar_age_this_journal_3m": {"total_number_of_other_articles": 416, "mean": 271.11335903614, "rank": 302, "this_scored_higher_than_pct": 27, "this_scored_higher_than": 114, "rank_type": "exact", "sample_size": 416, "percentile": 27}}}, "demographics": {"poster_types": {"member_of_the_public": 50, "researcher": 9, "practitioner": 2, "science_communicator": 3}, "users": {"twitter": {"cohorts": {"Science communicators (journalists, bloggers, editors)": 3, "Members of the public": 50, "Scientists": 9, "Practitioners (doctors, other healthcare professionals)": 2}}}, "geo": {"twitter": {"LY": 1, "US": 2, "WS": 1, "IE": 1, "MY": 1, "ES": 1, "DE": 2, "MX": 1, "NL": 14, "CA": 1, "CH": 1, "BE": 1, "GB": 4}}}, "posts": {"twitter": [{"license": "gnip", "citation_ids": [77349018], "author": {"tweeter_id": "15862891"}, "tweet_id": "1237772072962621440"}, {"license": "gnip", "citation_ids": [77349018], "author": {"tweeter_id": "44315494"}, "tweet_id": "1237772601965117442"}, {"license": "gnip", "citation_ids": [77349018], "author": {"tweeter_id": "2432298782"}, "tweet_id": "1237772732600922114"}, {"license": "gnip", "citation_ids": [77349018], "author": {"tweeter_id": "385840654"}, "tweet_id": "1237773302950756355"}, {"license": "gnip", "citation_ids": [77349018], "author": {"tweeter_id": "496599005"}, "tweet_id": "1237773976891469826"}, {"license": "gnip", "citation_ids": [77349018], "author": {"tweeter_id": "330414774"}, "tweet_id": "1237779998066475008"}, {"license": "gnip", "citation_ids": [77349018], "author": {"tweeter_id": "792910361016008704"}, "tweet_id": "1237780316401602561"}, {"license": "gnip", "citation_ids": [77349018], "author": {"tweeter_id": "780384414228447233"}, "tweet_id": "1237782109571493888"}, {"license": "gnip", "citation_ids": [77349018], "author": {"tweeter_id": "576676975"}, "tweet_id": "1237783960161103877"}, {"license": "gnip", "citation_ids": [77349018], "author": {"tweeter_id": "1017818422728691713"}, "tweet_id": "1237787415613407235"}, {"license": "gnip", "citation_ids": [77349018], "author": {"tweeter_id": "931178012464373761"}, "tweet_id": "1237789682747965441"}, {"license": "gnip", "citation_ids": [77349018], "author": {"tweeter_id": "923125760109490176"}, "tweet_id": "1237794820049035276"}, {"license": "gnip", "citation_ids": [77349018], "author": {"tweeter_id": "949768987"}, "tweet_id": "1237823001728618498"}, {"license": "gnip", "citation_ids": [77349018], "author": {"tweeter_id": "928182127601913857"}, "tweet_id": "1237855445638729728"}, {"license": "gnip", "citation_ids": [77349018], "author": {"tweeter_id": "33993795"}, "tweet_id": "1237866089037459463"}, {"license": "gnip", "citation_ids": [77349018], "author": {"tweeter_id": "922482949123174400"}, "tweet_id": "1237873819403956224"}, {"license": "gnip", "citation_ids": [77349018], "author": {"tweeter_id": "3327374285"}, "tweet_id": "1237916120352514050"}, {"license": "gnip", "citation_ids": [77349018], "author": {"tweeter_id": "329085723"}, "tweet_id": "1238000855279861761"}, {"license": "gnip", "citation_ids": [77071211, 77349018], "author": {"tweeter_id": "312113003"}, "tweet_id": "1238094876320858113"}, {"license": "gnip", "citation_ids": [77349018], "author": {"tweeter_id": "1220282883228753921"}, "tweet_id": "1238137818259619840"}, {"license": "gnip", "citation_ids": [77349018], "author": {"tweeter_id": "36062597"}, "tweet_id": "1238203160394678293"}, {"license": "gnip", "citation_ids": [77349018], "author": {"tweeter_id": "4925431415"}, "tweet_id": "1238225025305632768"}, {"license": "gnip", "citation_ids": [77349018], "author": {"tweeter_id": "4925431415"}, "tweet_id": "1238225713003716608"}, {"license": "gnip", "citation_ids": [77349018], "author": {"tweeter_id": "4925431415"}, "tweet_id": "1238226060308811776"}, {"license": "gnip", "citation_ids": [77349018], "author": {"tweeter_id": "1481417456"}, "tweet_id": "1238227129168547840"}, {"license": "gnip", "citation_ids": [77071211, 77349018], "author": {"tweeter_id": "25055134"}, "tweet_id": "1238227260802510853"}, {"license": "gnip", "citation_ids": [77349018], "author": {"tweeter_id": "25055134"}, "tweet_id": "1238227331896016897"}, {"license": "gnip", "citation_ids": [77349018], "author": {"tweeter_id": "1169177525148368896"}, "tweet_id": "1238227445637144576"}, {"license": "gnip", "citation_ids": [77349018], "author": {"tweeter_id": "3233028453"}, "tweet_id": "1238227808016572426"}, {"license": "gnip", "citation_ids": [77071211, 77349018], "author": {"tweeter_id": "18240107"}, "tweet_id": "1238228183012564992"}, {"license": "gnip", "citation_ids": [77071211, 77349018], "author": {"tweeter_id": "517508268"}, "tweet_id": "1238228507618091010"}, {"license": "gnip", "citation_ids": [77349018], "author": {"tweeter_id": "14848133"}, "tweet_id": "1238229741611737088"}, {"license": "gnip", "citation_ids": [77071211, 77349018], "author": {"tweeter_id": "3170663548"}, "tweet_id": "1238230149335785473"}, {"license": "gnip", "citation_ids": [77349018], "author": {"tweeter_id": "2850654174"}, "tweet_id": "1238230223377911811"}, {"license": "gnip", "citation_ids": [77349018], "author": {"tweeter_id": "8153112"}, "tweet_id": "1238230978298089473"}, {"license": "gnip", "citation_ids": [77071211, 77349018], "author": {"tweeter_id": "2238329931"}, "tweet_id": "1238234562200834049"}, {"license": "gnip", "citation_ids": [77071211, 77349018], "author": {"tweeter_id": "1141396313591943169"}, "tweet_id": "1238261156084678664"}, {"license": "gnip", "citation_ids": [77071211, 77349018], "author": {"tweeter_id": "308009392"}, "tweet_id": "1238392945121902592"}, {"license": "gnip", "citation_ids": [77349018], "author": {"tweeter_id": "1191745846615957506"}, "tweet_id": "1238405576058523649"}, {"license": "gnip", "citation_ids": [77349018], "author": {"tweeter_id": "4906283301"}, "tweet_id": "1238409314831863809"}, {"license": "gnip", "citation_ids": [77349018], "author": {"tweeter_id": "183749904"}, "tweet_id": "1238490994577936384"}, {"license": "gnip", "citation_ids": [77349018], "author": {"tweeter_id": "701221467837571072"}, "tweet_id": "1238493217353498624"}, {"license": "gnip", "citation_ids": [77349018], "author": {"tweeter_id": "1112515619142934529"}, "tweet_id": "1238496534817320960"}, {"license": "gnip", "citation_ids": [77349018], "author": {"tweeter_id": "751551123610218497"}, "tweet_id": "1238532166188822528"}, {"license": "gnip", "citation_ids": [77349018], "author": {"tweeter_id": "17961692"}, "tweet_id": "1238539262712258560"}, {"license": "gnip", "citation_ids": [77071211, 77349018], "author": {"tweeter_id": "1473119960"}, "tweet_id": "1238667444249559040"}, {"license": "gnip", "citation_ids": [77071211, 77349018], "author": {"tweeter_id": "517913034"}, "tweet_id": "1238717030129434624"}, {"license": "gnip", "citation_ids": [77349018], "author": {"tweeter_id": "4912287437"}, "tweet_id": "1238805104070922240"}, {"license": "gnip", "citation_ids": [77349018], "author": {"tweeter_id": "3319062540"}, "tweet_id": "1238826163650187265"}, {"license": "gnip", "citation_ids": [77349018], "author": {"tweeter_id": "309678338"}, "tweet_id": "1238838640781950976"}, {"license": "gnip", "citation_ids": [77349018], "author": {"tweeter_id": "309678338"}, "tweet_id": "1238840742279348230"}, {"license": "gnip", "citation_ids": [77349018], "author": {"tweeter_id": "309678338"}, "tweet_id": "1238841832727031810"}, {"license": "gnip", "citation_ids": [77349018], "author": {"tweeter_id": "259425209"}, "tweet_id": "1238864010856071170"}, {"license": "gnip", "citation_ids": [77349018], "author": {"tweeter_id": "2577559312"}, "tweet_id": "1238864857618886658"}, {"license": "gnip", "citation_ids": [77349018], "author": {"tweeter_id": "153781884"}, "tweet_id": "1238873188886630401"}, {"license": "gnip", "citation_ids": [77349018], "author": {"tweeter_id": "1318802376"}, "tweet_id": "1238912981452435460"}, {"license": "gnip", "citation_ids": [77349018], "author": {"tweeter_id": "1318802376"}, "tweet_id": "1238913053430857729"}, {"license": "gnip", "citation_ids": [77349018], "author": {"tweeter_id": "21478514"}, "tweet_id": "1238913647465959426"}, {"license": "gnip", "citation_ids": [77349018], "author": {"tweeter_id": "237746080"}, "tweet_id": "1238913761341329409"}, {"license": "gnip", "citation_ids": [77349018], "author": {"tweeter_id": "47415126"}, "tweet_id": "1238929857398149120"}, {"license": "gnip", "citation_ids": [77349018], "author": {"tweeter_id": "745335110510219269"}, "tweet_id": "1238937938576228353"}, {"license": "gnip", "citation_ids": [77349018], "author": {"tweeter_id": "1233091512482828290"}, "tweet_id": "1238938421311275011"}, {"license": "gnip", "citation_ids": [77349018], "author": {"tweeter_id": "1009130885260726273"}, "tweet_id": "1238952262665408515"}, {"license": "gnip", "citation_ids": [77349018], "author": {"tweeter_id": "3367010300"}, "tweet_id": "1239067252923813888"}, {"license": "gnip", "citation_ids": [77349018], "author": {"tweeter_id": "19760063"}, "tweet_id": "1239516248112799744"}, {"license": "gnip", "citation_ids": [77349018], "author": {"tweeter_id": "1239315181882224640"}, "tweet_id": "1239815614539022338"}, {"license": "gnip", "citation_ids": [77349018], "author": {"tweeter_id": "32456965"}, "tweet_id": "1239829898371481600"}, {"license": "gnip", "citation_ids": [77349018], "author": {"tweeter_id": "1148521697139744768"}, "tweet_id": "1239830971987505152"}, {"license": "gnip", "citation_ids": [77349018], "author": {"tweeter_id": "1109384469981614080"}, "tweet_id": "1239832733695737857"}, {"license": "gnip", "citation_ids": [77349018], "author": {"tweeter_id": "408786745"}, "tweet_id": "1239842014809784321"}], "reddit": [{"title": "Coronavirus and children, deep-sea microbes and a bold new climate law", "url": "http://www.reddit.com/r/TopScience/comments/fh00hi/coronavirus_and_children_deepsea_microbes_and_a/", "license": "public", "citation_ids": [77349018], "posted_on": "2020-03-11T16:37:30+00:00", "author": {"name": "I_did_dit", "url": "http://www.reddit.com/r/topscience", "id_on_source": "topscience", "followers": 43, "subreddit": "Top science articles in the news!"}}, {"title": "Coronavirus and children, deep-sea microbes and a bold new climate law", "url": "http://www.reddit.com/r/citral/comments/fgzpyn/coronavirus_and_children_deepsea_microbes_and_a/", "license": "public", "citation_ids": [77349018], "posted_on": "2020-03-11T16:19:35+00:00", "author": {"name": "officialcitral", "url": "http://www.reddit.com/r/citral", "image": "http://a.thumbs.redditmedia.com/gq9561mrzeY9TrVx.png", "id_on_source": "citral", "followers": 21, "subreddit": "Centre for Investigative Research and Learning"}}], "facebook": [{"title": "Coronavirus and children, deep-sea microbes and a bold new climate law", "url": "https://www.facebook.com/permalink.php?story_fbid=1575480999256668&id=350343635103750", "license": "public", "citation_ids": [77349018], "posted_on": "2020-03-11T21:49:56+00:00", "summary": "Interesante brevias sobre la ciencia actualmente. Desde coronavirus hasta micribos bajo el mar \ud83e\udd13\ud83d\udc3e", "author": {"name": "Lab Oceanografia y Bentos - LOBOS", "url": "https://www.facebook.com/350343635103750", "facebook_wall_name": "Lab Oceanografia y Bentos - LOBOS", "image": "https://graph.facebook.com/350343635103750/picture", "id_on_source": "350343635103750"}}, {"title": "Coronavirus and children, deep-sea microbes and a bold new climate law", "url": "https://www.facebook.com/permalink.php?story_fbid=2965204003501397&id=622412621113892", "license": "public", "citation_ids": [77349018], "posted_on": "2020-03-11T23:33:10+00:00", "summary": "Coronavirus and children, deep-sea microbes and a bold new climate law\nThe latest science news, in brief.", "author": {"name": "Latest science and technology news", "url": "https://www.facebook.com/622412621113892", "facebook_wall_name": "Latest science and technology news", "image": "https://graph.facebook.com/622412621113892/picture", "id_on_source": "622412621113892"}}, {"title": "Coronavirus and children, deep-sea microbes and a bold new climate law", "url": "https://www.facebook.com/permalink.php?story_fbid=3547222298681587&id=139267936143724", "license": "public", "citation_ids": [77349018], "posted_on": "2020-03-11T16:27:42+00:00", "summary": "The latest science news, in brief.", "author": {"name": "Nature News and Comment", "url": "https://www.facebook.com/139267936143724", "facebook_wall_name": "Nature News and Comment", "image": "https://graph.facebook.com/139267936143724/picture", "id_on_source": "139267936143724"}}]}, "score": 47.85, "images": {"small": "https://badges.altmetric.com/?size=64&score=48&types=rttttttf", "medium": "https://badges.altmetric.com/?size=100&score=48&types=rttttttf", "large": "https://badges.altmetric.com/?size=180&score=48&types=rttttttf"}}