{"altmetric_id": 76793261, "counts": {"readers": {"mendeley": 0, "citeulike": 0, "connotea": 0}, "total": {"posts_count": 7}, "twitter": {"unique_users_count": 5, "posts_count": 5}, "blogs": {"unique_users_count": 2, "unique_users": [59582, 59598], "posts_count": 2}}, "citation": {"altmetric_jid": "4f6fa4ea3cf058f61000251d", "authors": ["Mingzhang Zuo", "Yuguang Huang", "Wuhua Ma", "Zhanggang Xue", "Jiaqiang Zhang", "Yahong Gong", "Lu Che"], "doi": "10.24920/003724", "first_seen_on": "2020-02-28T11:05:18+00:00", "issns": ["1001-9294"], "journal": "Chinese Medical Sciences Journal", "last_mentioned_on": 1584145805, "links": ["https://www.ncbi.nlm.nih.gov/pubmed/32102726?dopt=Abstract&utm_source=dlvr.it&utm_medium=twitter", "https://www.ncbi.nlm.nih.gov/pubmed/32102726", "https://doi.org/10.24920/003724", "https://www.ncbi.nlm.nih.gov/m/pubmed/32102726/"], "pmid": "32102726", "pubdate": "2020-01-01T00:00:00+00:00", "scopus_subjects": ["Medicine", "Health Sciences"], "title": "Expert Recommendations for Tracheal Intubation in Critically ill Patients with Noval Coronavirus Disease 2019", "type": "article"}, "altmetric_score": {"score": 15.51, "score_history": {"1y": 15.51, "6m": 15.51, "3m": 15.51, "1m": 15.51, "1w": 5.08, "6d": 5.08, "5d": 5.08, "4d": 0, "3d": 0, "2d": 0, "1d": 0, "at": 15.51}, "context_for_score": {"all": {"total_number_of_other_articles": 14515779, "mean": 8.4675688885467, "rank": 1117430, "this_scored_higher_than_pct": 92, "this_scored_higher_than": 13398290, "rank_type": "exact", "sample_size": 14515779, "percentile": 92}, "similar_age_3m": {"total_number_of_other_articles": 159824, "mean": 14.346182088936, "rank": 19018, "this_scored_higher_than_pct": 88, "this_scored_higher_than": 140806, "rank_type": "exact", "sample_size": 159824, "percentile": 88}, "this_journal": {"total_number_of_other_articles": 86, "mean": 1.6122823529412, "rank": 1, "this_scored_higher_than_pct": 98, "this_scored_higher_than": 85, "rank_type": "exact", "sample_size": 86, "percentile": 98}, "similar_age_this_journal_3m": {"total_number_of_other_articles": 1, "mean": 0, "rank": 1, "this_scored_higher_than_pct": 1, "this_scored_higher_than": 0, "rank_type": "exact", "sample_size": 1, "percentile": 1}}}, "demographics": {"poster_types": {"member_of_the_public": 4, "researcher": 1}, "users": {"twitter": {"cohorts": {"Members of the public": 4, "Scientists": 1}}}, "geo": {"twitter": {"AU": 1, "BR": 1, "GB": 1}}}, "posts": {"twitter": [{"license": "gnip", "citation_ids": [76793261], "author": {"tweeter_id": "1191745846615957506"}, "tweet_id": "1233347376519057409"}, {"license": "gnip", "citation_ids": [76793261], "author": {"tweeter_id": "873850146915729408"}, "tweet_id": "1234031256297361409"}, {"license": "gnip", "citation_ids": [76793261], "author": {"tweeter_id": "1214232500664295424"}, "tweet_id": "1234453155624050689"}, {"license": "gnip", "citation_ids": [76793261], "author": {"tweeter_id": "3159565997"}, "tweet_id": "1234458602565492736"}, {"license": "gnip", "citation_ids": [76636870, 76793261], "author": {"tweeter_id": "22687224"}, "tweet_id": "1235578315626315779"}], "blogs": [{"title": "Recommendations for COVID-19 intubation: An Infographic", "url": "http://canadiem.org/recommendations-for-covid-19-intubation-an-infographic/?utm_source=rss&utm_medium=rss&utm_campaign=recommendations-for-covid-19-intubation-an-infographic", "license": "public", "citation_ids": [76636870, 76793261, 3254521, 55672549, 55091861, 231679], "posted_on": "2020-03-05T13:30:00+00:00", "summary": "Intubation and the steps leading up to it are some of the highest-risk moments for COVID-19 spread to healthcare workers and other patients.\u200b1,2\u200b In Wuhan, \u201cintubation teams\u201d were established to perform multiple intubations per hour while maintaining stric", "author": {"name": "CanadiEM", "url": "http://canadiem.org/", "description": "An online community of practice for Canadian EM physicians"}}, {"title": "Airborne Isolation / COVID19 Intubation Checklist", "url": "https://emupdates.com/covid/", "license": "public", "citation_ids": [76793261, 75953882], "posted_on": "2020-03-14T00:30:05+00:00", "summary": "AIIC [pdf]\nAIIC [image]\n&nbsp;\nReferences: Zuo 2020, Wax 2020, Weingart 2020, ecuus.org", "author": {"name": "emergency medicine updates", "url": "http://emupdates.com/", "description": "return if worse"}}]}, "score": 15.51, "images": {"small": "https://badges.altmetric.com/?size=64&score=16&types=bbtttttt", "medium": "https://badges.altmetric.com/?size=100&score=16&types=bbtttttt", "large": "https://badges.altmetric.com/?size=180&score=16&types=bbtttttt"}}