{"altmetric_id": 76840393, "counts": {"readers": {"mendeley": 0, "citeulike": 0, "connotea": 0}, "total": {"posts_count": 14}, "twitter": {"unique_users_count": 13, "posts_count": 14}}, "citation": {"doi": "10.21203/rs.2.25200/v1", "first_seen_on": "2020-02-29T11:54:12+00:00", "issns": [], "last_mentioned_on": 1584438586, "links": ["https://www.researchsquare.com/article/rs-15756/v1"], "pdf_url": "https://www.researchsquare.com/article/rs-15756/v1.pdf", "publisher": "Research Square", "title": "Infection with Novel Coronavirus (SARS-CoV-2) Causes Pneumonia in the Rhesus Macaques", "type": "article"}, "altmetric_score": {"score": 8.3, "score_history": {"1y": 8.3, "6m": 8.3, "3m": 8.3, "1m": 8.3, "1w": 4.95, "6d": 4.95, "5d": 4.95, "4d": 4.95, "3d": 4.95, "2d": 2.5, "1d": 1, "at": 8.3}, "context_for_score": null}, "demographics": {"poster_types": {"member_of_the_public": 8, "researcher": 5}, "users": {"twitter": {"cohorts": {"Members of the public": 8, "Scientists": 5}}}, "geo": {"twitter": {"FR": 1, "US": 4, "DE": 1, "CA": 1, "MY": 1, "IN": 1}}}, "posts": {"twitter": [{"license": "gnip", "citation_ids": [76840393], "author": {"tweeter_id": "114439583"}, "tweet_id": "1233722079838720000"}, {"license": "gnip", "citation_ids": [76840393], "author": {"tweeter_id": "1013868008"}, "tweet_id": "1233765738986528770"}, {"license": "gnip", "citation_ids": [76840393], "author": {"tweeter_id": "2745601462"}, "tweet_id": "1234079654094528518"}, {"license": "gnip", "citation_ids": [76840393], "author": {"tweeter_id": "43491775"}, "tweet_id": "1234328949024382981"}, {"license": "gnip", "citation_ids": [76840393], "author": {"tweeter_id": "161596160"}, "tweet_id": "1234907154982809601"}, {"license": "gnip", "citation_ids": [76840393], "author": {"tweeter_id": "809980906404454401"}, "tweet_id": "1238829056830984193"}, {"license": "gnip", "citation_ids": [76840393], "author": {"tweeter_id": "223700175"}, "tweet_id": "1238846928508653568"}, {"license": "gnip", "citation_ids": [76840393], "author": {"tweeter_id": "223700175"}, "tweet_id": "1238847043025670146"}, {"license": "gnip", "citation_ids": [76840393], "author": {"tweeter_id": "1151767210622255104"}, "tweet_id": "1238979980513538050"}, {"license": "gnip", "citation_ids": [76840393], "author": {"tweeter_id": "749945235355017216"}, "tweet_id": "1239116541234253824"}, {"license": "gnip", "citation_ids": [76840393], "author": {"tweeter_id": "114602265"}, "tweet_id": "1239183389552492545"}, {"license": "gnip", "citation_ids": [76840393], "author": {"tweeter_id": "96767606"}, "tweet_id": "1239191504670736384"}, {"license": "gnip", "citation_ids": [76840393], "author": {"tweeter_id": "14682928"}, "tweet_id": "1239220767121977344"}, {"license": "gnip", "citation_ids": [76840393, 44195579], "author": {"tweeter_id": "2803862462"}, "tweet_id": "1239851412261134336"}]}, "score": 8.3, "images": {"small": "https://badges.altmetric.com/?size=64&score=9&types=tttttttt", "medium": "https://badges.altmetric.com/?size=100&score=9&types=tttttttt", "large": "https://badges.altmetric.com/?size=180&score=9&types=tttttttt"}}