{"altmetric_id": 74791678, "counts": {"readers": {"mendeley": 0, "citeulike": 0, "connotea": 0}, "news": {"unique_users_count": 6, "unique_users": ["informationsdienst_wissenschaft", "berner_zeitung", "vbio", "deutsches_arzteblatt", "bionity", "neue_zuricher_zeitung_nzz"], "posts_count": 6}, "total": {"posts_count": 143}, "reddit": {"unique_users_count": 1, "unique_users": ["probably_likely_mayb"], "posts_count": 1}, "twitter": {"unique_users_count": 107, "posts_count": 130}, "wikipedia": {"unique_users_count": 4, "unique_users": ["en:917273", "en:62786585", "en:39958236", "en:87175"], "posts_count": 4}, "blogs": {"unique_users_count": 1, "unique_users": [79518], "posts_count": 1}, "policy": {"unique_users_count": 1, "unique_users": ["gov_uk"], "posts_count": 1}}, "citation": {"altmetric_jid": "4f6fa6173cf058f61000738e", "authors": ["Julien Riou", "Christian L. Althaus"], "doi": "10.2807/1560-7917.es.2020.25.4.2000058", "first_seen_on": "2020-01-31T13:56:00+00:00", "issns": ["1560-7917"], "issue": "4", "journal": "Eurosurveillance", "last_mentioned_on": 1584497752, "links": ["https://doi.org/10.2807/1560-7917.ES.2020.25.4.2000058", "http://dx.doi.org/10.2807/1560-7917.es.2020.25.4.2000058", "http://dx.doi.org/10.2807/1560-7917.ES.2020.25.4.2000058", "https://www.ncbi.nlm.nih.gov/pubmed/32019669?dopt=Abstract&utm_source=dlvr.it&utm_medium=twitter", "https://www.eurosurveillance.org/content/10.2807/1560-7917.ES.2020.25.4.2000058?utm_source=dlvr.it&utm_medium=twitter", "https://www.eurosurveillance.org/content/10.2807/1560-7917.ES.2020.25.4.2000058#html_fulltext", "https://www.ncbi.nlm.nih.gov/pubmed/32019669", "https://www.ncbi.nlm.nih.gov/pmc/articles/PMC7001239/", "https://www.ncbi.nlm.nih.gov/pmc/articles/PMC7001239", "https://www.eurosurveillance.org/content/10.2807/1560-7917.ES.2020.25.4.2000058#abstract_content"], "pmid": "32019669", "pubdate": "2020-01-30T00:00:00+00:00", "scopus_subjects": ["Medicine", "Health Sciences"], "title": "Pattern of early human-to-human transmission of Wuhan 2019 novel coronavirus (2019-nCoV), December 2019 to January 2020", "type": "article", "volume": "25"}, "altmetric_score": {"score": 127.68, "score_history": {"1y": 127.68, "6m": 127.68, "3m": 127.68, "1m": 20.28, "1w": 8.5, "6d": 8.5, "5d": 7.5, "4d": 7.5, "3d": 6.5, "2d": 6.5, "1d": 6.5, "at": 127.68}, "context_for_score": {"all": {"total_number_of_other_articles": 14516402, "mean": 8.4684867717465, "rank": 135345, "this_scored_higher_than_pct": 99, "this_scored_higher_than": 14381172, "rank_type": "exact", "sample_size": 14516402, "percentile": 99}, "similar_age_3m": {"total_number_of_other_articles": 241075, "mean": 13.713140886201, "rank": 4400, "this_scored_higher_than_pct": 98, "this_scored_higher_than": 236675, "rank_type": "exact", "sample_size": 241075, "percentile": 98}, "this_journal": {"total_number_of_other_articles": 1780, "mean": 12.952511523328, "rank": 26, "this_scored_higher_than_pct": 98, "this_scored_higher_than": 1754, "rank_type": "exact", "sample_size": 1780, "percentile": 98}, "similar_age_this_journal_3m": {"total_number_of_other_articles": 52, "mean": 67.504549019608, "rank": 8, "this_scored_higher_than_pct": 84, "this_scored_higher_than": 44, "rank_type": "exact", "sample_size": 52, "percentile": 84}}}, "demographics": {"poster_types": {"member_of_the_public": 78, "researcher": 14, "practitioner": 9, "science_communicator": 6}, "users": {"twitter": {"cohorts": {"Members of the public": 78, "Scientists": 14, "Practitioners (doctors, other healthcare professionals)": 9, "Science communicators (journalists, bloggers, editors)": 6}}}, "geo": {"twitter": {"CH": 9, "ES": 4, "US": 16, "FR": 1, "CN": 1, "IT": 4, "SE": 4, "AT": 1, "GB": 6, "CA": 2, "NO": 1, "EG": 1, "ZA": 1, "VE": 1, "BE": 1, "PT": 1, "AU": 2, "JP": 1, "PL": 1, "PH": 1, "DE": 1, "HK": 1}}}, "posts": {"twitter": [{"license": "gnip", "citation_ids": [74791678], "author": {"tweeter_id": "320239495"}, "tweet_id": "1222935762896814082"}, {"license": "gnip", "citation_ids": [74791678], "author": {"tweeter_id": "824301112132042753"}, "tweet_id": "1222936707059912709"}, {"license": "gnip", "citation_ids": [74791678], "author": {"tweeter_id": "48668114"}, "tweet_id": "1222937401858891777"}, {"license": "gnip", "citation_ids": [74791678], "author": {"tweeter_id": "28838219"}, "tweet_id": "1222965796802105350"}, {"license": "gnip", "citation_ids": [74791678], "author": {"tweeter_id": "37942352"}, "tweet_id": "1222965923562315778"}, {"license": "gnip", "citation_ids": [74791678], "author": {"tweeter_id": "243801041"}, "tweet_id": "1222966007834148864"}, {"license": "gnip", "citation_ids": [74791678], "author": {"tweeter_id": "940074989134348289"}, "tweet_id": "1222966456381370368"}, {"license": "gnip", "citation_ids": [74791678], "author": {"tweeter_id": "514688965"}, "tweet_id": "1222966802252214273"}, {"license": "gnip", "citation_ids": [74791678], "author": {"tweeter_id": "780197482948984832"}, "tweet_id": "1222966929985425408"}, {"license": "gnip", "citation_ids": [74791678], "author": {"tweeter_id": "733290057902264320"}, "tweet_id": "1222967344781320203"}, {"license": "gnip", "citation_ids": [74791678], "author": {"tweeter_id": "752848176147726336"}, "tweet_id": "1222968073394802688"}, {"license": "gnip", "citation_ids": [74791678], "author": {"tweeter_id": "1113136650"}, "tweet_id": "1222970451187486720"}, {"license": "gnip", "citation_ids": [74791678], "author": {"tweeter_id": "28120619"}, "tweet_id": "1222971828739760129"}, {"license": "gnip", "citation_ids": [74791678], "author": {"tweeter_id": "1109532876310302721"}, "tweet_id": "1222973953104404481"}, {"license": "gnip", "citation_ids": [74791678], "author": {"tweeter_id": "17657107"}, "tweet_id": "1222977007434240000"}, {"license": "gnip", "citation_ids": [74791678], "author": {"tweeter_id": "2670284474"}, "tweet_id": "1222977597853896707"}, {"license": "gnip", "citation_ids": [74791678], "author": {"tweeter_id": "49003527"}, "tweet_id": "1222978004466511872"}, {"license": "gnip", "citation_ids": [74791678], "author": {"tweeter_id": "320239495"}, "tweet_id": "1222978680512753666"}, {"license": "gnip", "citation_ids": [74791678], "author": {"tweeter_id": "1220667695160614913"}, "tweet_id": "1222991578215723009"}, {"license": "gnip", "citation_ids": [74791678], "author": {"tweeter_id": "1032570576"}, "tweet_id": "1222993981614764032"}, {"license": "gnip", "citation_ids": [74791678], "author": {"tweeter_id": "970780136562937856"}, "tweet_id": "1222998328218177536"}, {"license": "gnip", "citation_ids": [74791678], "author": {"tweeter_id": "717561066"}, "tweet_id": "1223007529766137857"}, {"license": "gnip", "citation_ids": [74791678], "author": {"tweeter_id": "3504451401"}, "tweet_id": "1223017658297307141"}, {"license": "gnip", "citation_ids": [74791678], "author": {"tweeter_id": "753497077431369728"}, "tweet_id": "1223018670068240385"}, {"license": "gnip", "citation_ids": [74791678], "author": {"tweeter_id": "3254614587"}, "tweet_id": "1223095787808350213"}, {"license": "gnip", "citation_ids": [74791678], "author": {"tweeter_id": "34349316"}, "tweet_id": "1223131061087096832"}, {"license": "gnip", "citation_ids": [74791678, 75120432, 75005816, 74997049], "author": {"tweeter_id": "430444716"}, "tweet_id": "1223179983327322112"}, {"license": "gnip", "citation_ids": [74791678, 75120432, 75005816, 74997049], "author": {"tweeter_id": "334250377"}, "tweet_id": "1223184568636841984"}, {"license": "gnip", "citation_ids": [74791678], "author": {"tweeter_id": "1115317289493192704"}, "tweet_id": "1223223304745574409"}, {"license": "gnip", "citation_ids": [74791678], "author": {"tweeter_id": "60514114"}, "tweet_id": "1223244486089809921"}, {"license": "gnip", "citation_ids": [74791678], "author": {"tweeter_id": "2715046843"}, "tweet_id": "1223245620024107009"}, {"license": "gnip", "citation_ids": [74791678], "author": {"tweeter_id": "2372174178"}, "tweet_id": "1223246200364838917"}, {"license": "gnip", "citation_ids": [74791678], "author": {"tweeter_id": "1214232500664295424"}, "tweet_id": "1223319266340065281"}, {"license": "gnip", "citation_ids": [74791678], "author": {"tweeter_id": "1221571144983044096"}, "tweet_id": "1223319598021275648"}, {"license": "gnip", "citation_ids": [74791678], "author": {"tweeter_id": "29106490"}, "tweet_id": "1223320011487567874"}, {"license": "gnip", "citation_ids": [74791678], "author": {"tweeter_id": "831698691270537217"}, "tweet_id": "1223320302861606912"}, {"license": "gnip", "citation_ids": [74791678], "author": {"tweeter_id": "164766025"}, "tweet_id": "1223320445514108928"}, {"license": "gnip", "citation_ids": [74791678], "author": {"tweeter_id": "1221174945570545669"}, "tweet_id": "1223320537457418240"}, {"license": "gnip", "citation_ids": [74791678], "author": {"tweeter_id": "3027525249"}, "tweet_id": "1223323435172081664"}, {"license": "gnip", "citation_ids": [74791678], "author": {"tweeter_id": "1214232500664295424"}, "tweet_id": "1223325723189841921"}, {"license": "gnip", "citation_ids": [74791678], "author": {"tweeter_id": "40563715"}, "tweet_id": "1223328734335377409"}, {"license": "gnip", "citation_ids": [74791678], "author": {"tweeter_id": "1221571144983044096"}, "tweet_id": "1223328758280536064"}, {"license": "gnip", "citation_ids": [74791678], "author": {"tweeter_id": "132158439"}, "tweet_id": "1223336533463269376"}, {"license": "gnip", "citation_ids": [74791678], "author": {"tweeter_id": "1222738422797946880"}, "tweet_id": "1223344729158537221"}, {"license": "gnip", "citation_ids": [74791678], "author": {"tweeter_id": "1222133856469504000"}, "tweet_id": "1223428414931193856"}, {"license": "gnip", "citation_ids": [74791678], "author": {"tweeter_id": "65410543"}, "tweet_id": "1223465401633378305"}, {"license": "gnip", "citation_ids": [74791678], "author": {"tweeter_id": "2727683563"}, "tweet_id": "1223469007044587522"}, {"license": "gnip", "citation_ids": [74791678], "author": {"tweeter_id": "455839750"}, "tweet_id": "1223531532423454720"}, {"license": "gnip", "citation_ids": [74791678], "author": {"tweeter_id": "4418519176"}, "tweet_id": "1223532693180375041"}, {"license": "gnip", "citation_ids": [74791678], "author": {"tweeter_id": "704257242858708992"}, "tweet_id": "1223532930892541953"}, {"license": "gnip", "citation_ids": [74791678], "author": {"tweeter_id": "1080751926415949825"}, "tweet_id": "1223536302194352129"}, {"license": "gnip", "citation_ids": [74791678], "author": {"tweeter_id": "59520239"}, "tweet_id": "1223539408374304768"}, {"license": "gnip", "citation_ids": [74791678], "author": {"tweeter_id": "2358374925"}, "tweet_id": "1223539491434127360"}, {"license": "gnip", "citation_ids": [74791678], "author": {"tweeter_id": "205546805"}, "tweet_id": "1223545350125809665"}, {"license": "gnip", "citation_ids": [74791678], "author": {"tweeter_id": "42769304"}, "tweet_id": "1223546537931730944"}, {"license": "gnip", "citation_ids": [74791678], "author": {"tweeter_id": "18373381"}, "tweet_id": "1223547018645245953"}, {"license": "gnip", "citation_ids": [74791678], "author": {"tweeter_id": "410572471"}, "tweet_id": "1223547058503614465"}, {"license": "gnip", "citation_ids": [74791678], "author": {"tweeter_id": "2848259559"}, "tweet_id": "1223551925129568256"}, {"license": "gnip", "citation_ids": [74791678], "author": {"tweeter_id": "1091857187935264769"}, "tweet_id": "1223551961628315649"}, {"license": "gnip", "citation_ids": [74791678], "author": {"tweeter_id": "2868970878"}, "tweet_id": "1223573623836819458"}, {"license": "gnip", "citation_ids": [74791678], "author": {"tweeter_id": "397518511"}, "tweet_id": "1223581877942071297"}, {"license": "gnip", "citation_ids": [74791678], "author": {"tweeter_id": "320239495"}, "tweet_id": "1223582960034680833"}, {"license": "gnip", "citation_ids": [74791678], "author": {"tweeter_id": "455839750"}, "tweet_id": "1223591969286389760"}, {"license": "gnip", "citation_ids": [74791678], "author": {"tweeter_id": "320239495"}, "tweet_id": "1223593161383206913"}, {"license": "gnip", "citation_ids": [74791678], "author": {"tweeter_id": "1220667695160614913"}, "tweet_id": "1223593769708269569"}, {"license": "gnip", "citation_ids": [74791678], "author": {"tweeter_id": "1196996362727899136"}, "tweet_id": "1223595090230136832"}, {"license": "gnip", "citation_ids": [74791678], "author": {"tweeter_id": "204752573"}, "tweet_id": "1223595109675151362"}, {"license": "gnip", "citation_ids": [74791678], "author": {"tweeter_id": "204752573"}, "tweet_id": "1223595266923802629"}, {"license": "gnip", "citation_ids": [74791678], "author": {"tweeter_id": "320239495"}, "tweet_id": "1223595276360994816"}, {"license": "gnip", "citation_ids": [74791678], "author": {"tweeter_id": "1011579925252452352"}, "tweet_id": "1223595401468575744"}, {"license": "gnip", "citation_ids": [74791678], "author": {"tweeter_id": "550156790"}, "tweet_id": "1223595579890118656"}, {"license": "gnip", "citation_ids": [74791678], "author": {"tweeter_id": "220762952"}, "tweet_id": "1223596101858734082"}, {"license": "gnip", "citation_ids": [74791678], "author": {"tweeter_id": "1080751926415949825"}, "tweet_id": "1223596662817468416"}, {"license": "gnip", "citation_ids": [74791678], "author": {"tweeter_id": "396892302"}, "tweet_id": "1223597480207622151"}, {"license": "gnip", "citation_ids": [74791678], "author": {"tweeter_id": "1304015684"}, "tweet_id": "1223597554669178881"}, {"license": "gnip", "citation_ids": [74791678], "author": {"tweeter_id": "2909438865"}, "tweet_id": "1223598144036003844"}, {"license": "gnip", "citation_ids": [74791678], "author": {"tweeter_id": "418797352"}, "tweet_id": "1223598300206637062"}, {"license": "gnip", "citation_ids": [74791678], "author": {"tweeter_id": "418797352"}, "tweet_id": "1223598474354155520"}, {"license": "gnip", "citation_ids": [74791678], "author": {"tweeter_id": "1184001491373301760"}, "tweet_id": "1223599600872906752"}, {"license": "gnip", "citation_ids": [74791678], "author": {"tweeter_id": "1139526612414861312"}, "tweet_id": "1223600815065178112"}, {"license": "gnip", "citation_ids": [74791678], "author": {"tweeter_id": "514688965"}, "tweet_id": "1223602742473740288"}, {"license": "gnip", "citation_ids": [74791678], "author": {"tweeter_id": "927969745076457473"}, "tweet_id": "1223607916290301952"}, {"license": "gnip", "citation_ids": [74791678], "author": {"tweeter_id": "420518127"}, "tweet_id": "1223608918615654400"}, {"license": "gnip", "citation_ids": [74791678], "author": {"tweeter_id": "420518127"}, "tweet_id": "1223609198602268672"}, {"license": "gnip", "citation_ids": [74791678], "author": {"tweeter_id": "17657107"}, "tweet_id": "1223613396613861376"}, {"license": "gnip", "citation_ids": [74791678], "author": {"tweeter_id": "968496032387563520"}, "tweet_id": "1223615796460638208"}, {"license": "gnip", "citation_ids": [74791678], "author": {"tweeter_id": "27840870"}, "tweet_id": "1223616510083489792"}, {"license": "gnip", "citation_ids": [74791678], "author": {"tweeter_id": "886985181877456899"}, "tweet_id": "1223616935096700930"}, {"license": "gnip", "citation_ids": [74791678], "author": {"tweeter_id": "116116737"}, "tweet_id": "1223620066647822337"}, {"license": "gnip", "citation_ids": [74791678], "author": {"tweeter_id": "116116737"}, "tweet_id": "1223620162764623872"}, {"license": "gnip", "citation_ids": [74791678], "author": {"tweeter_id": "1085471560960524289"}, "tweet_id": "1223646043386077185"}, {"license": "gnip", "citation_ids": [74791678], "author": {"tweeter_id": "11852922"}, "tweet_id": "1223665606508941312"}, {"license": "gnip", "citation_ids": [74791678], "author": {"tweeter_id": "1052987109689225222"}, "tweet_id": "1223685090280120320"}, {"license": "gnip", "citation_ids": [74791678], "author": {"tweeter_id": "717561066"}, "tweet_id": "1223710767507218432"}, {"license": "gnip", "citation_ids": [74791678], "author": {"tweeter_id": "4434425412"}, "tweet_id": "1223808465811828736"}, {"license": "gnip", "citation_ids": [74791678], "author": {"tweeter_id": "4434425412"}, "tweet_id": "1223808477790736391"}, {"license": "gnip", "citation_ids": [74791678], "author": {"tweeter_id": "4434425412"}, "tweet_id": "1223813985029345280"}, {"license": "gnip", "citation_ids": [74791678], "author": {"tweeter_id": "55963652"}, "tweet_id": "1223824826634096641"}, {"license": "gnip", "citation_ids": [74791678], "author": {"tweeter_id": "10884572"}, "tweet_id": "1223900915742183425"}, {"license": "gnip", "citation_ids": [74791678], "author": {"tweeter_id": "78682516"}, "tweet_id": "1223923417763794944"}, {"license": "gnip", "citation_ids": [74791678], "author": {"tweeter_id": "1223307253236817922"}, "tweet_id": "1224341475309379587"}, {"license": "gnip", "citation_ids": [74791678], "author": {"tweeter_id": "1223307253236817922"}, "tweet_id": "1224373673173377024"}, {"license": "gnip", "citation_ids": [74791678], "author": {"tweeter_id": "2335246776"}, "tweet_id": "1224457463031791616"}, {"license": "gnip", "citation_ids": [74791678], "author": {"tweeter_id": "764080735"}, "tweet_id": "1224926222020419585"}, {"license": "gnip", "citation_ids": [74791678], "author": {"tweeter_id": "2390348605"}, "tweet_id": "1224976853196140545"}, {"license": "gnip", "citation_ids": [74791678], "author": {"tweeter_id": "1116053422388723718"}, "tweet_id": "1225189197973282818"}, {"license": "gnip", "citation_ids": [74791678], "author": {"tweeter_id": "1191745846615957506"}, "tweet_id": "1225374090585755649"}, {"license": "gnip", "citation_ids": [74791678], "author": {"tweeter_id": "17688757"}, "tweet_id": "1225852810895482882"}, {"license": "gnip", "citation_ids": [74791678], "author": {"tweeter_id": "291271506"}, "tweet_id": "1226350272315887618"}, {"license": "gnip", "citation_ids": [74701155, 74791678], "author": {"tweeter_id": "1221150067677192192"}, "tweet_id": "1226351252071747584"}, {"license": "gnip", "citation_ids": [74791678], "author": {"tweeter_id": "291271506"}, "tweet_id": "1226538206990159873"}, {"license": "gnip", "citation_ids": [74791678], "author": {"tweeter_id": "102847835"}, "tweet_id": "1226539245839495170"}, {"license": "gnip", "citation_ids": [74791678], "author": {"tweeter_id": "291271506"}, "tweet_id": "1226542060880191489"}, {"license": "gnip", "citation_ids": [74791678], "author": {"tweeter_id": "320239495"}, "tweet_id": "1226745289735901184"}, {"license": "gnip", "citation_ids": [74791678], "author": {"tweeter_id": "498631199"}, "tweet_id": "1226880901235138562"}, {"license": "gnip", "citation_ids": [74791678], "author": {"tweeter_id": "17910383"}, "tweet_id": "1228391421801062400"}, {"license": "gnip", "citation_ids": [74791678], "author": {"tweeter_id": "586521942"}, "tweet_id": "1228393465404444674"}, {"license": "gnip", "citation_ids": [74791678], "author": {"tweeter_id": "969788491"}, "tweet_id": "1228836600437714944"}, {"license": "gnip", "citation_ids": [74791678], "author": {"tweeter_id": "17237172"}, "tweet_id": "1228927821738729473"}, {"license": "gnip", "citation_ids": [74791678], "author": {"tweeter_id": "93475451"}, "tweet_id": "1230206654433591303"}, {"license": "gnip", "citation_ids": [74791678, 76412020], "author": {"tweeter_id": "2332368062"}, "tweet_id": "1231672379060948993"}, {"license": "gnip", "citation_ids": [74791678, 4623359, 75761120, 144010], "author": {"tweeter_id": "2332368062"}, "tweet_id": "1231672381141372930"}, {"license": "gnip", "citation_ids": [74791678, 4623359, 75761120, 144010], "author": {"tweeter_id": "19526523"}, "tweet_id": "1231676779443544064"}, {"license": "gnip", "citation_ids": [74569049, 74791678, 74933899, 74746898, 75025544, 74429171], "author": {"tweeter_id": "19766166"}, "tweet_id": "1231893853990461441"}, {"license": "gnip", "citation_ids": [74791678], "author": {"tweeter_id": "18988901"}, "tweet_id": "1232748235065888771"}, {"license": "gnip", "citation_ids": [74791678], "author": {"tweeter_id": "1219998730142867460"}, "tweet_id": "1235567797847166977"}, {"license": "gnip", "citation_ids": [74791678], "author": {"tweeter_id": "287880083"}, "tweet_id": "1236352277180559361"}, {"license": "gnip", "citation_ids": [74791678], "author": {"tweeter_id": "4825948694"}, "tweet_id": "1238174710057308160"}, {"license": "gnip", "citation_ids": [74791678], "author": {"tweeter_id": "62329457"}, "tweet_id": "1238861177276358659"}, {"license": "gnip", "citation_ids": [74791678], "author": {"tweeter_id": "526115229"}, "tweet_id": "1239914356965609472"}], "news": [{"title": "Coronavirus: Berner Forscher berechnen die Ausbreitung", "url": "http://ct.moreover.com/?a=41267550279&p=1pl&v=1&x=fIjR2Ib72WUhC1mWLHiMxw", "license": "public", "citation_ids": [74791678, 74791678], "posted_on": "2020-01-31T13:55:43+00:00", "summary": "14:28 Epidemiologen der Universit\u00e4t Bern benutzten Computer-Simulationen, um die Ausbreitung des in China neu aufgetretenen Coronavirus zu beschreiben.", "author": {"name": "Informationsdienst Wissenschaft", "url": "http://idw-online.de/", "image": "https://s3.amazonaws.com/weyland.altmetric.com/news_sources/logos/000/000/910/normal/image.png?1401445969"}}, {"title": "Berner Forscher: Infizierte Person steckt durchschnittlich zwei Menschen an", "url": "http://ct.moreover.com/?a=41268997820&p=1pl&v=1&x=9ylzKw4Z9kd_8CLY5Ni0XA", "license": "public", "citation_ids": [74791678], "posted_on": "2020-01-31T17:15:00+00:00", "summary": "Zu Beginn der Epidemie lag dieser Wert \u00abmit grosser Sicherheit\u00bb bei 1,4 bis 3,8 Personen.", "author": {"name": "Berner Zeitung", "url": "http://www.bernerzeitung.ch/", "image": "https://s3.amazonaws.com/weyland.altmetric.com/news_sources/logos/000/000/206/normal/image.png?1370253819"}}, {"title": "Coronavirus: Forscher berechnen die Ausbreitung", "url": "http://ct.moreover.com/?a=41285663342&p=1pl&v=1&x=CxM13u-UCSWe_cXsO2ky2g", "license": "public", "citation_ids": [74791678, 74791678], "posted_on": "2020-02-03T08:16:29+00:00", "summary": "Seit Dezember 2019 breitet sich in China ein neues Coronavirus rasant aus. Das Virus verursacht Atemwegserkrankungen und kann in manchen F\u00e4llen zu starken Lungenentz\u00fcndungen und bis zum Tod f\u00fchren.", "author": {"name": "VBIO", "url": "https://www.vbio.de", "image": "https://s3.amazonaws.com/weyland.altmetric.com/news_sources/logos/000/002/657/normal/Screen_Shot_2017-05-02_at_14.02.46.png?1493730214"}}, {"title": "Epidemiologen r\u00e4tseln, ob 2019-nCoV noch aufgehalten werden kann", "url": "http://ct.moreover.com/?a=41288150567&p=1pl&v=1&x=gugkyi2DLXZpBI3d3NLzKw", "license": "public", "citation_ids": [74815090, 74791678, 74815090], "posted_on": "2020-02-03T14:11:00+00:00", "summary": "/rost9, AdobeStock.com Hongkong und Basel Die Anzahl der Menschen, die sich in China mit dem neuen Coronavirus (2019-nCoV) infiziert haben, ist nach neuen Berechnungen im Lancet (2020: doi: 10.1016/S0140-6736(20)30260-9) deutlich hher, als die\u2026", "author": {"name": "Deutsches \u00c4rzteblatt", "url": "http://www.aerzteblatt.de/", "image": "https://s3.amazonaws.com/weyland.altmetric.com/news_sources/logos/000/000/970/normal/image.png?1403704977"}}, {"title": "Coronavirus: Berner Forscher berechnen die Ausbreitung", "url": "http://ct.moreover.com/?a=41302903730&p=1pl&v=1&x=9KzfemC4djFFfG46jhGkzw", "license": "public", "citation_ids": [74791678], "posted_on": "2020-02-05T08:21:42+00:00", "summary": "Epidemiologen der Universit\u00e4t Bern benutzten Computer-Simulationen, um die Ausbreitung des in China neu aufgetretenen Coronavirus zu beschreiben.", "author": {"name": "Bionity", "url": "http://www.bionity.com/", "image": "https://s3.amazonaws.com/weyland.altmetric.com/news_sources/logos/000/000/914/normal/Screen_Shot_2016-02-02_at_15.18.55.png?1454426347"}}, {"title": "News story from Neue Z\u00fcricher Zeitung (NZZ) on Friday 14 February 2020", "url": null, "license": "nla", "citation_ids": [74791678], "posted_on": "2020-02-14T13:00:00+00:00", "summary": null, "author": {"name": "Neue Z\u00fcricher Zeitung (NZZ)", "url": "http://www.nzz.ch/", "image": "https://s3.amazonaws.com/weyland.altmetric.com/news_sources/logos/000/000/487/normal/Screen_Shot_2016-02-02_at_11.14.40.png?1454411698"}}], "reddit": [{"title": "Pattern of early human-to-human transmission of Wuhan 2019 novel coronavirus (2019-nCoV), December 2019 to January 2020", "url": "http://www.reddit.com/r/China_Flu/comments/ewavbf/pattern_of_early_humantohuman_transmission_of/", "license": "public", "citation_ids": [74791678], "posted_on": "2020-01-30T19:33:50+00:00", "author": {"name": "probably_likely_mayb", "url": "http://www.reddit.com/r/china_flu", "id_on_source": "china_flu", "followers": 2891, "subreddit": "China novel coronavirus (2019-nCoV) | \"NCVIP\" "}}], "wikipedia": [{"title": "Basic reproduction number", "url": "http://en.wikipedia.org/?diff=prev&oldid=938623974#altmetric_citation_70af6c75-0116-452d-be77-3c509f8624fe", "license": "public", "citation_ids": [74791678], "posted_on": "2020-02-01T11:17:06+00:00", "summary": "In epidemiology, the basic reproduction number (sometimes called basic reproductive ratio, or incorrectly basic reproductive rate, and denoted R0, r nought) of an infection can be thought of as the number of cases one case generates on average over the cou", "page_url": "http://en.wikipedia.org/?curid=917273", "wiki_lang": "en", "author": {"name": "Calthaus", "url": "http://en.wikipedia.org/wiki/User:Calthaus"}}, {"title": "Novel coronavirus (2019-nCoV)", "url": "http://en.wikipedia.org/?diff=prev&oldid=938749094#altmetric_citation_25881152-6c00-40b3-9bdb-83e99c93d89d", "license": "public", "citation_ids": [74791678], "posted_on": "2020-02-02T03:53:12+00:00", "summary": "The 2019 novel coronavirus (provisionally named 2019-nCoV), informally known as the Wuhan coronavirus, is a contagious virus that causes the respiratory infection 2019-nCoV acute respiratory disease.", "page_url": "http://en.wikipedia.org/?curid=62786585", "wiki_lang": "en", "author": {"name": "Dekimasu", "url": "http://en.wikipedia.org/wiki/User:Dekimasu"}}, {"title": "Super-spreader", "url": "http://en.wikipedia.org/?diff=prev&oldid=945290069#altmetric_citation_0e813397-c0af-497c-9cfc-c1e6ac335ecd", "license": "public", "citation_ids": [74791678, 74791678, 74791678], "posted_on": "2020-03-13T00:52:37+00:00", "summary": "A super-spreader is an unusually contagious organism infected with a disease. In context of a human-borne illness, a super-spreader is an individual who is more likely to infect others, compared with a typical infected person.", "page_url": "http://en.wikipedia.org/?curid=39958236", "wiki_lang": "en", "author": {"name": "The Nth User", "url": "http://en.wikipedia.org/wiki/User:The Nth User"}}, {"title": "Herd immunity", "url": "http://en.wikipedia.org/?diff=prev&oldid=946081085#altmetric_citation_1121d6c3-feba-4a82-b69e-66112197f62e", "license": "public", "citation_ids": [74791678, 74791678, 74791678], "posted_on": "2020-03-17T23:14:48+00:00", "summary": "Herd immunity (also called herd effect, community immunity, population immunity, or social immunity) is a form of indirect protection from infectious disease that occurs when a large percentage of a population has become immune to an infection, whether thr", "page_url": "http://en.wikipedia.org/?curid=87175", "wiki_lang": "en", "author": {"name": "ComfyKem", "url": "http://en.wikipedia.org/wiki/User:ComfyKem"}}], "blogs": [{"title": "Minden, amit a tudom\u00e1ny eddig felder\u00edtett a koronav\u00edrusr\u00f3l", "url": "https://qubit.hu/2020/03/09/minden-amit-a-tudomany-eddig-felderitett-a-koronavirusrol", "license": "public", "citation_ids": [75792228, 76494116, 77083639, 77032762, 76706162, 74791678, 77139465, 76207040, 76465774, 75052098, 76043256, 73837281, 5516836, 76750225, 74994602], "posted_on": "2020-03-09T08:25:25+00:00", "summary": "A 2019 v\u00e9g\u00e9n a k\u00ednai Vuhanban felbukkant \u00faj koronav\u00edrus eddig k\u00f6zel 110 ezer embert\u00a0fert\u0151z\u00f6tt meg,\u00a0\u00e9s t\u00f6bb mint 3600 \u00e1ldozatot k\u00f6vetelt. B\u00e1r nem l\u00e1tszik m\u00e9g a j\u00e1rv\u00e1ny v\u00e9ge, a tudom\u00e1nyos k\u00f6z\u00f6ss\u00e9g\u00a0p\u00e9ld\u00e1tlan er\u0151fesz\u00edt\u00e9s\u00e9nek\u00a0k\u00f6sz\u00f6nhet\u0151en siker\u00fclt gyorsan felt\u00e1", "author": {"name": "Qubit", "url": "https://qubit.hu/"}}], "policy": [{"title": "Infectious disease surveillance and monitoring for animal and human health: summary January to February 2020", "url": "https://assets.publishing.service.gov.uk/government/uploads/system/uploads/attachment_data/file/872843/Emerging_infections_summary_Jan-Feb_2020.pdf", "license": "public", "citation_ids": [74791678, 76810504, 74791678, 74478186, 76036894, 75797326, 75354095, 74723102, 76810504, 74443761, 73729817, 76494802, 75078196, 76355479, 77662362], "posted_on": "2020-03-18T02:15:52+00:00", "source": {"name": "UK Government (GOV.UK)", "description": "GOV.UK is a central website that covers all UK government departments, as well as many other agencies and public bodies. All policy papers and research publications by the UK government are listed on GOV.UK.", "geo": {"country": "GB"}}, "page_url": "https://www.gov.uk/government/publications/emerging-infections-monthly-summaries", "collections": [], "author": {"image": "https://s3.amazonaws.com/cache.altmetric.com/policy/thumbnails/thumbnail-ba78e43fdfa07daabfef59548a7de4e8432c1d55d040419eac4de976f781145f.jpg"}}]}, "score": 127.68, "images": {"small": "https://badges.altmetric.com/?size=64&score=128&types=mbrtttwd", "medium": "https://badges.altmetric.com/?size=100&score=128&types=mbrtttwd", "large": "https://badges.altmetric.com/?size=180&score=128&types=mbrtttwd"}}