{"altmetric_id": 76928270, "counts": {"readers": {"mendeley": 0, "citeulike": 0, "connotea": 0}, "total": {"posts_count": 11}, "twitter": {"unique_users_count": 5, "posts_count": 5}, "reddit": {"unique_users_count": 1, "unique_users": ["discostupid"], "posts_count": 1}, "news": {"unique_users_count": 4, "unique_users": ["msn", "politifact", "houston_chronicle", "san_antonio_express_news"], "posts_count": 5}}, "citation": {"altmetric_jid": "ssrn", "authors": ["Tao Zhang", "Qunfu Wu", "Zhigang Zhang"], "doi": "10.2139/ssrn.3542586", "first_seen_on": "2020-03-02T19:30:21+00:00", "issns": ["1556-5068"], "journal": "Social Science Research Network (SSRN)", "last_mentioned_on": 1584409323, "links": ["https://papers.ssrn.com/sol3/papers.cfm?abstract_id=3542586", "https://papers.ssrn.com/sol3/papers.cfm?abstract_id=3542586&utm_source=EC&utm_medium=Connect"], "pdf_url": "https://papers.ssrn.com/sol3/Delivery.cfm?abstractid=3542586", "ssrn": "3542586", "title": "Probable Pangolin Origin of 2019-nCoV Associated with Outbreak of COVID-19", "type": "article"}, "altmetric_score": {"score": 39.25, "score_history": {"1y": 39.25, "6m": 39.25, "3m": 39.25, "1m": 39.25, "1w": 19, "6d": 19, "5d": 19, "4d": 19, "3d": 19, "2d": 19, "1d": 0, "at": 39.25}, "context_for_score": {"all": {"total_number_of_other_articles": 14515808, "mean": 8.4682944333611, "rank": 488680, "this_scored_higher_than_pct": 96, "this_scored_higher_than": 14026814, "rank_type": "exact", "sample_size": 14515808, "percentile": 96}, "similar_age_3m": {"total_number_of_other_articles": 155449, "mean": 14.304551245433, "rank": 8944, "this_scored_higher_than_pct": 94, "this_scored_higher_than": 146498, "rank_type": "exact", "sample_size": 155449, "percentile": 94}, "this_journal": {"total_number_of_other_articles": 120838, "mean": 9.2491481913654, "rank": 4034, "this_scored_higher_than_pct": 96, "this_scored_higher_than": 116797, "rank_type": "exact", "sample_size": 120838, "percentile": 96}, "similar_age_this_journal_3m": {"total_number_of_other_articles": 778, "mean": 21.529765765766, "rank": 40, "this_scored_higher_than_pct": 94, "this_scored_higher_than": 738, "rank_type": "exact", "sample_size": 778, "percentile": 94}}}, "demographics": {"poster_types": {"member_of_the_public": 4, "practitioner": 1}, "users": {"twitter": {"cohorts": {"Practitioners (doctors, other healthcare professionals)": 1, "Members of the public": 4}}}, "geo": {"twitter": {"CA": 1, "US": 2}}}, "posts": {"twitter": [{"license": "gnip", "citation_ids": [76928270], "author": {"tweeter_id": "404420132"}, "tweet_id": "1234526920433438727"}, {"license": "gnip", "citation_ids": [76928270], "author": {"tweeter_id": "1431031490"}, "tweet_id": "1234642174400180226"}, {"license": "gnip", "citation_ids": [76928270], "author": {"tweeter_id": "229900964"}, "tweet_id": "1235699191667515393"}, {"license": "gnip", "citation_ids": [76928270], "author": {"tweeter_id": "1144005951613259781"}, "tweet_id": "1236944987507560449"}, {"license": "gnip", "citation_ids": [76928270], "author": {"tweeter_id": "3398093115"}, "tweet_id": "1239728675295297536"}], "reddit": [{"title": "SARS-CoV-2 likely emerged from pangolin CoV strain", "url": "http://www.reddit.com/r/Coronavirus/comments/fcgw0b/sarscov2_likely_emerged_from_pangolin_cov_strain/", "license": "public", "citation_ids": [76928270], "posted_on": "2020-03-02T18:54:15+00:00", "author": {"name": "discostupid", "url": "http://www.reddit.com/r/coronavirus", "id_on_source": "coronavirus", "followers": 1528, "subreddit": "Resurgence of Coronavirus in Saudi Arabia "}}], "news": [{"title": "6 myths about COVID-19 doctors want you to stop believing", "url": "http://ct.moreover.com/?a=41567457219&p=1pl&v=1&x=8SBMZ0x0LlEGBB23We1ZSQ", "license": "public", "citation_ids": [76928270], "posted_on": "2020-03-08T06:05:14+00:00", "summary": "In the three months since the first case of COVID-19 was identified in Wuhan, China, the headline-grabbing respiratory illness has circulated the globe with alarming speed.", "author": {"name": "MSN", "url": "http://www.msn.com", "image": "https://s3.amazonaws.com/weyland.altmetric.com/news_sources/logos/000/000/360/normal/Screen_Shot_2016-01-06_at_15.14.19.png?1452093279"}}, {"title": "\u201cCoronavirus Hoax: Fake Virus Pandemic Fabricated to Cover-Up Global Outbreak of 5G Syndrome.\u201d", "url": "http://ct.moreover.com/?a=41578992597&p=1pl&v=1&x=cKM09whjWwuLSBiw5_v26g", "license": "public", "citation_ids": [70209910, 76928270], "posted_on": "2020-03-09T18:27:16+00:00", "summary": "PolitiFact | No evidence that coronavirus was faked to cover up \u20185G Syndrome\u2019 No evidence that coronavirus was faked to cover up \u20185G Syndrome\u2019 If Your Time is short No credible evidence has emerged to show that the current coronavirus spreading\u2026", "author": {"name": "Politifact", "url": "http://www.politifact.com/", "image": "https://s3.amazonaws.com/weyland.altmetric.com/news_sources/logos/000/002/496/normal/Screen_Shot_2016-07-14_at_14.18.29.png?1468502344"}}, {"title": "\u201cThe coronavirus was invented and patented in the USA and then planted in China.\u201d", "url": "http://ct.moreover.com/?a=41588484711&p=1pl&v=1&x=kgfVmDtozCMs2OHrWqYPOw", "license": "public", "citation_ids": [76928270], "posted_on": "2020-03-10T20:33:04+00:00", "summary": "PolitiFact | Coronavirus was not a US invention Coronavirus was not a US invention If Your Time is short There is no evidence the coronavirus was \u201cinvented.\u201d The best available information is that it originated with an animal in China and then\u2026", "author": {"name": "Politifact", "url": "http://www.politifact.com/", "image": "https://s3.amazonaws.com/weyland.altmetric.com/news_sources/logos/000/002/496/normal/Screen_Shot_2016-07-14_at_14.18.29.png?1468502344"}}, {"title": "Don't fall for this coronavirus '5G Syndrome' hoax on Facebook", "url": "http://ct.moreover.com/?a=41634878524&p=1pl&v=1&x=atRPZ6Ufk1kLviFZclRTsQ", "license": "public", "citation_ids": [70209910, 76928270], "posted_on": "2020-03-16T09:00:00+00:00", "summary": "The claim: Coronavirus Hoax: Fake Virus Pandemic Fabricated to Cover-Up Global Outbreak of 5G Syndrome.\" headline on an article being widely shared on Facebook.", "author": {"name": "Houston Chronicle", "url": "http://www.chron.com/", "image": "https://s3.amazonaws.com/weyland.altmetric.com/news_sources/logos/000/000/033/normal/houston_chronicle.png?1369846924"}}, {"title": "Don\u2019t fall for this coronavirus hoax on Facebook", "url": "http://ct.moreover.com/?a=41634104580&p=1pl&v=1&x=Le1V8ls69WO0mtFR_XVVVQ", "license": "public", "citation_ids": [70209910, 76928270], "posted_on": "2020-03-16T09:00:00+00:00", "summary": "The claim: \u201cCoronavirus Hoax: Fake Virus Pandemic Fabricated to Cover-Up Global Outbreak of 5G Syndrome.\" \u2014 headline on an article being widely shared on Facebook.", "author": {"name": "San Antonio Express-News", "url": "https://www.expressnews.com/", "image": "https://s3.amazonaws.com/weyland.altmetric.com/news_sources/logos/000/003/508/normal/san.PNG?1569573743"}}]}, "score": 39.25, "images": {"small": "https://badges.altmetric.com/?size=64&score=40&types=mmmmrttt", "medium": "https://badges.altmetric.com/?size=100&score=40&types=mmmmrttt", "large": "https://badges.altmetric.com/?size=180&score=40&types=mmmmrttt"}}