{"altmetric_id": 77072581, "counts": {"readers": {"mendeley": 0, "citeulike": 0, "connotea": 0}, "total": {"posts_count": 41}, "twitter": {"unique_users_count": 23, "posts_count": 28}, "blogs": {"unique_users_count": 4, "unique_users": [76614, 63592, 73, 58210], "posts_count": 4}, "news": {"unique_users_count": 7, "unique_users": ["medicalxpress", "sante_log", "newswise", "medscape", "wired_com", "replicario", "arstechnica"], "posts_count": 8}, "facebook": {"unique_users_count": 1, "unique_users": ["25838148548"], "posts_count": 1}}, "citation": {"altmetric_jid": "4f6fa60b3cf058f61000698d", "authors": ["Cheng, Lionel Tim-Ee", "Chan, Lai Peng", "Tan, Ban Hock", "Chen, Robert Chun", "Tay, Kiang Hiong", "Ling, Moi Lin", "Tan, Bien Soo"], "doi": "10.2214/ajr.20.22927", "first_seen_on": "2020-03-05T11:06:26+00:00", "issns": ["0361-803X", "1546-3141"], "journal": "American Journal of Roentgenology", "last_mentioned_on": 1584416105, "links": ["https://www.ncbi.nlm.nih.gov/pubmed/32130047?dopt=Abstract&utm_source=dlvr.it&utm_medium=twitter", "https://www.ajronline.org/doi/abs/10.2214/AJR.20.22927", "https://www.ajronline.org/doi/full/10.2214/AJR.20.22927", "https://doi.org/10.2214/ajr.20.22927", "http://dx.doi.org/10.2214/AJR.20.22927", "https://www.ajronline.org/doi/pdf/10.2214/AJR.20.22927?download=true", "https://www.ncbi.nlm.nih.gov/pubmed/32130047"], "pmid": "32130047", "epubdate": "2020-03-04T00:00:00+00:00", "publisher": "American Roentgen Ray Society", "publisher_subjects": [{"name": "Clinical Sciences", "scheme": "era"}], "scopus_subjects": ["Medicine", "Health Sciences"], "title": "D\u00e9j\u00e0 Vu or Jamais Vu? How the Severe Acute Respiratory Syndrome Experience Influenced a Singapore Radiology Department's Response to the Coronavirus Disease (COVID-19) Epidemic", "type": "article"}, "altmetric_score": {"score": 87.866, "score_history": {"1y": 87.866, "6m": 87.866, "3m": 87.866, "1m": 87.866, "1w": 47.706, "6d": 40.706, "5d": 9.35, "4d": 2.35, "3d": 1.5, "2d": 1.5, "1d": 1, "at": 87.866}, "context_for_score": {"all": {"total_number_of_other_articles": 14515669, "mean": 8.4672923454742, "rank": 212397, "this_scored_higher_than_pct": 98, "this_scored_higher_than": 14303275, "rank_type": "exact", "sample_size": 14515669, "percentile": 98}, "similar_age_3m": {"total_number_of_other_articles": 153440, "mean": 14.235406122303, "rank": 4197, "this_scored_higher_than_pct": 97, "this_scored_higher_than": 149243, "rank_type": "exact", "sample_size": 153440, "percentile": 97}, "this_journal": {"total_number_of_other_articles": 4993, "mean": 6.290297275641, "rank": 25, "this_scored_higher_than_pct": 99, "this_scored_higher_than": 4968, "rank_type": "exact", "sample_size": 4993, "percentile": 99}, "similar_age_this_journal_3m": {"total_number_of_other_articles": 65, "mean": 8.917, "rank": 2, "this_scored_higher_than_pct": 96, "this_scored_higher_than": 63, "rank_type": "exact", "sample_size": 65, "percentile": 96}}}, "demographics": {"poster_types": {"member_of_the_public": 14, "researcher": 2, "practitioner": 5, "science_communicator": 2}, "users": {"twitter": {"cohorts": {"Members of the public": 14, "Practitioners (doctors, other healthcare professionals)": 5, "Science communicators (journalists, bloggers, editors)": 2, "Scientists": 2}}}, "geo": {"twitter": {"SG": 2, "CA": 4, "US": 4, "IN": 1, "GB": 2, "FR": 1, "DE": 1, "CL": 1}}}, "posts": {"twitter": [{"license": "gnip", "citation_ids": [77072581], "author": {"tweeter_id": "1191745846615957506"}, "tweet_id": "1235521969237319680"}, {"license": "gnip", "citation_ids": [77072581], "author": {"tweeter_id": "970149063025766402"}, "tweet_id": "1235575890399989761"}, {"license": "gnip", "citation_ids": [77072581], "author": {"tweeter_id": "1074094650892345344"}, "tweet_id": "1235718434719240192"}, {"license": "gnip", "citation_ids": [77072581], "author": {"tweeter_id": "4878618287"}, "tweet_id": "1235725120053874688"}, {"license": "gnip", "citation_ids": [77072581], "author": {"tweeter_id": "1235668917667786753"}, "tweet_id": "1235759437987475458"}, {"license": "gnip", "citation_ids": [77072581], "author": {"tweeter_id": "470701486"}, "tweet_id": "1235763097132044288"}, {"license": "gnip", "citation_ids": [77072581], "author": {"tweeter_id": "3544426405"}, "tweet_id": "1235783212275838976"}, {"license": "gnip", "citation_ids": [77072581], "author": {"tweeter_id": "2278664208"}, "tweet_id": "1236208195007217665"}, {"license": "gnip", "citation_ids": [77072581], "author": {"tweeter_id": "498631199"}, "tweet_id": "1236299138179858438"}, {"license": "gnip", "citation_ids": [77072581], "author": {"tweeter_id": "833570072"}, "tweet_id": "1236565241745608704"}, {"license": "gnip", "citation_ids": [77072581], "author": {"tweeter_id": "16028084"}, "tweet_id": "1236660445722726400"}, {"license": "gnip", "citation_ids": [77072581], "author": {"tweeter_id": "16028084"}, "tweet_id": "1236668001740562433"}, {"license": "gnip", "citation_ids": [77072581], "author": {"tweeter_id": "96582351"}, "tweet_id": "1236706336299044864"}, {"license": "gnip", "citation_ids": [77072581], "author": {"tweeter_id": "42855210"}, "tweet_id": "1236757821884174337"}, {"license": "gnip", "citation_ids": [77072581], "author": {"tweeter_id": "970149063025766402"}, "tweet_id": "1236811880196263936"}, {"license": "gnip", "citation_ids": [77072581], "author": {"tweeter_id": "3116670013"}, "tweet_id": "1236932249624309760"}, {"license": "gnip", "citation_ids": [77072581], "author": {"tweeter_id": "1099494762296397824"}, "tweet_id": "1236941920729026560"}, {"license": "gnip", "citation_ids": [77072581], "author": {"tweeter_id": "160475442"}, "tweet_id": "1236955292715241473"}, {"license": "gnip", "citation_ids": [77072581], "author": {"tweeter_id": "16028084"}, "tweet_id": "1237005719796355074"}, {"license": "gnip", "citation_ids": [77072581], "author": {"tweeter_id": "13166642"}, "tweet_id": "1237006911343603712"}, {"license": "gnip", "citation_ids": [77072581], "author": {"tweeter_id": "2278664208"}, "tweet_id": "1237255110096384000"}, {"license": "gnip", "citation_ids": [77072581], "author": {"tweeter_id": "59439110"}, "tweet_id": "1238007105359171584"}, {"license": "gnip", "citation_ids": [77072581], "author": {"tweeter_id": "1238072186004557830"}, "tweet_id": "1238106659517616128"}, {"license": "gnip", "citation_ids": [77072581], "author": {"tweeter_id": "42753000"}, "tweet_id": "1238203148591906819"}, {"license": "gnip", "citation_ids": [77072581], "author": {"tweeter_id": "1226302728"}, "tweet_id": "1238793203316412416"}, {"license": "gnip", "citation_ids": [77591909, 77072581], "author": {"tweeter_id": "3116670013"}, "tweet_id": "1239385222241611776"}, {"license": "gnip", "citation_ids": [77072581], "author": {"tweeter_id": "1239315181882224640"}, "tweet_id": "1239638702151708676"}, {"license": "gnip", "citation_ids": [77072581], "author": {"tweeter_id": "34175193"}, "tweet_id": "1239757121278926848"}], "blogs": [{"title": "SARS influencing response to novel coronavirus (COVID-19) epidemic in Singapore", "url": "https://bioengineer.org/sars-influencing-response-to-novel-coronavirus-covid-19-epidemic-in-singapore/", "license": "public", "citation_ids": [77072581], "posted_on": "2020-03-06T20:34:20+00:00", "summary": "AJR details how Singapore General Hospital responded to the SARS outbreak of 2003, including a thorough list of 43 ground operational considerations for imaging departments presently reacting to COVID-19\n\nCredit: American Journal of Roentgenology (AJR)", "author": {"name": "Bioengineer", "url": "https://bioengineer.org"}}, {"title": "\u00bfC\u00f3mo actuar en \u00e1reas de diagn\u00f3stico por imagen? | SARS influye en la respuesta a la epidemia de coronavirus COVID-19", "url": "http://www.intramed.net/95673", "license": "public", "citation_ids": [77072581], "posted_on": "2020-03-09T03:00:00+00:00", "summary": "La experiencia del Hospital General de Singapur que respondi\u00f3 al brote de SARS de 2003, incluida una lista exhaustiva de 43 consideraciones operativas terrestres para los departamentos de im\u00e1genes que actualmente reaccionan al COVID-19", "author": {"name": "IntraMed", "url": "http://www.intramed.net/", "description": false}}, {"title": "Singapore was ready for Covid-19\u2014other countries, take note", "url": "https://arstechnica.com/?p=1659701", "license": "public", "citation_ids": [77388921, 77154273, 77265961, 76996987, 77072581], "posted_on": "2020-03-12T15:23:32+00:00", "summary": "Enlarge / South Korean soldiers wearing protective masks sit at a temperature screening point at Incheon International Airport in Incheon, South Korea, on Monday, March 9, 2020. The coronavirus outbreak in South Korea is showing signs of slowing as the ra", "author": {"name": "Nobel Intent", "url": "http://arstechnica.com/science/", "description": "The Art of Technology"}}, {"title": "Singapore was ready for COVID-19\u2014other countries, take note", "url": "http://www.noozilla.com/rdrxml.php?l=14633319", "license": "public", "citation_ids": [77388921, 77154273, 77265961, 76996987, 77072581], "posted_on": "2020-03-13T09:35:08+00:00", "summary": "Enlarge / South Korean soldiers wearing protective masks sit at a temperature screening point at Incheon International Airport in Incheon, South Korea, on Monday, March 9, 2020. The coronavirus outbreak in South Korea is showing signs of slowing as...  Top", "author": {"name": "Noozilla  Top", "url": "http://www.noozilla.com/", "description": "Noozilla  - top news"}}], "news": [{"title": "SARS influencing response to novel coronavirus (COVID-19) epidemic in Singapore", "url": "http://ct.moreover.com/?a=41557920693&p=1pl&v=1&x=R_XR8ITMFPOD44fJcPnOkQ", "license": "public", "citation_ids": [77072581], "posted_on": "2020-03-06T21:12:21+00:00", "summary": "Personal protective equipment (PPE) reminder notices placed on radiology angiography room doors to remind staff to don correct PPE before entering rooms.", "author": {"name": "MedicalXpress", "url": "http://medicalxpress.com/", "image": "https://s3.amazonaws.com/weyland.altmetric.com/news_sources/logos/000/000/152/normal/image.png?1369925783"}}, {"title": "COVID-19 : Le \u00ab SRAS \u00bb un pr\u00e9cieux acquis de l\u2019exp\u00e9rience", "url": "http://ct.moreover.com/?a=41568042278&p=1pl&v=1&x=PbEDkLj09GL3VFGjlo_Y8Q", "license": "public", "citation_ids": [77072581], "posted_on": "2020-03-07T11:42:16+00:00", "summary": "Cet article de perspective d\u2019experts du Singapore General Hospital d\u00e9crit ce qui a chang\u00e9 depuis l\u2019\u00e9pid\u00e9mie de SRAS (syndrome respiratoire aigu s\u00e9v\u00e8re ou SARS-CoV ) en 2003 et les nouveaux d\u00e9fis auxquels sont confront\u00e9s les personnels de sant\u00e9, les\u2026", "author": {"name": "sant\u00e9 log", "url": "https://www.santelog.com", "image": "https://s3.amazonaws.com/weyland.altmetric.com/news_sources/logos/000/003/521/normal/35.PNG?1569818322"}}, {"title": "SARS influencing response to novel coronavirus (COVID-19) epidemic in Singapore", "url": "http://ct.moreover.com/?a=41578365469&p=1pl&v=1&x=WvS2W5E7XXSwbwElIBjM6w", "license": "public", "citation_ids": [77072581], "posted_on": "2020-03-09T16:49:48+00:00", "summary": "--An open-access American Journal of Roentgenology (AJR) Collections article detailing how a tertiary hospital in Singapore responded to the outbreak of severe acute respiratory syndrome (SARS) offers a thorough summary of ground operational\u2026", "author": {"name": "Newswise", "url": "http://www.newswise.com/", "image": "https://s3.amazonaws.com/weyland.altmetric.com/news_sources/logos/000/000/200/normal/image.png?1370251547"}}, {"title": "COVID-19: Who's Protecting the Protectors?", "url": "http://ct.moreover.com/?a=41598836239&p=1pl&v=1&x=Vcnq0S94YyNFgUw-sLfY6w", "license": "public", "citation_ids": [4630501, 77072581], "posted_on": "2020-03-12T00:02:50+00:00", "summary": "Editor's note: Find the latest COVID-19 news and guidance in Medscape's Coronavirus Resource Center.", "author": {"name": "Medscape", "url": "http://medscape.com/", "image": "https://s3.amazonaws.com/weyland.altmetric.com/news_sources/logos/000/000/055/normal/medscape.png?1369846939"}}, {"title": "COVID-19: Who's Protecting the Protectors?", "url": "http://ct.moreover.com/?a=41599279912&p=1pl&v=1&x=m4zmYyueGwum5akUTyZfjQ", "license": "public", "citation_ids": [4630501, 77072581], "posted_on": "2020-03-11T23:46:09+00:00", "summary": "Editor's note: Find the latest COVID-19 news and guidance in Medscape's Coronavirus Resource Center.", "author": {"name": "Medscape", "url": "http://medscape.com/", "image": "https://s3.amazonaws.com/weyland.altmetric.com/news_sources/logos/000/000/055/normal/medscape.png?1369846939"}}, {"title": "Singapore Was Ready for Covid-19\u2014Other Countries, Take Note", "url": "http://ct.moreover.com/?a=41606685165&p=1pl&v=1&x=wctJ6UdCNaBO0S4-LAUt0Q", "license": "public", "citation_ids": [77388921, 77154273, 77265961, 76996987, 77072581], "posted_on": "2020-03-12T07:00:00+00:00", "summary": "This pandemic\u2014the new disease Covid-19, the virus SARS-CoV-2\u2014is not Singapore\u2019s first epidemiological nightmare.", "author": {"name": "Wired.com", "url": "http://www.wired.com", "image": "https://s3.amazonaws.com/weyland.altmetric.com/news_sources/logos/000/001/378/normal/Screen_Shot_2015-07-22_at_11.20.18.png?1437560443"}}, {"title": "Cingapura estava pronta para o Covid-19 \u2013 outros pa\u00edses, observe", "url": "http://ct.moreover.com/?a=41604854915&p=1pl&v=1&x=OPi6aTTsNq7LyxrQIB-PeA", "license": "public", "citation_ids": [77388921, 77154273, 77265961, 76996987, 77072581], "posted_on": "2020-03-12T15:37:48+00:00", "summary": "Prolongar / Soldados sul-coreanos usando m\u00e1scaras protetoras sentam-se em um ponto de triagem de temperatura no Aeroporto Internacional de Incheon, em Incheon, Cor\u00e9ia do Sul, na segunda-feira, 9 de mar\u00e7o de 2020.", "author": {"name": "Replic\u00e1rio", "url": "https://replicario.com.br/", "image": "https://s3.amazonaws.com/weyland.altmetric.com/news_sources/logos/000/004/276/normal/Capture_rpl.JPG?1574071393"}}, {"title": "Singapore was ready for COVID-19\u2014other countries, take note", "url": "http://ct.moreover.com/?a=41604872774&p=1pl&v=1&x=d_SBV1bzISPXxtdQTv5U6g", "license": "public", "citation_ids": [77388921, 77154273, 77265961, 76996987, 77072581], "posted_on": "2020-03-12T15:23:32+00:00", "summary": "Be careful out there Singapore built a robust system for tracking and containing epidemics after SARS and H1N1.", "author": {"name": "Arstechnica", "url": "http://arstechnica.com/", "image": "https://s3.amazonaws.com/weyland.altmetric.com/news_sources/logos/000/000/664/normal/image.jpeg?1396447814"}}], "facebook": [{"title": "D\u00e9j\u00e0 Vu or Jamais Vu? How the Severe Acute Respiratory Syndrome Experience Influenced a Singapore Radiology Department's Response to the Coronavirus Disease (COVID-19) Epidemic : American Journal of Roentgenology : Ahead of Print (AJR)", "url": "https://www.facebook.com/permalink.php?story_fbid=10157059679498549&id=25838148548", "license": "public", "citation_ids": [77072581], "posted_on": "2020-03-08T11:24:00+00:00", "summary": "Open Access: This article shares the ground operational perspective of how a tertiary hospital radiology department in Singapore is responding to the coronavirus disease (COVID-19) epidemic.", "author": {"name": "ARRS", "url": "https://www.facebook.com/25838148548", "facebook_wall_name": "ARRS", "image": "https://graph.facebook.com/25838148548/picture", "id_on_source": "25838148548"}}]}, "score": 87.866, "images": {"small": "https://badges.altmetric.com/?size=64&score=88&types=mbtttttf", "medium": "https://badges.altmetric.com/?size=100&score=88&types=mbtttttf", "large": "https://badges.altmetric.com/?size=180&score=88&types=mbtttttf"}}