{"altmetric_id": 77391152, "counts": {"readers": {"mendeley": 0, "citeulike": 0, "connotea": 0}, "total": {"posts_count": 1}, "twitter": {"unique_users_count": 1, "posts_count": 1}}, "citation": {"altmetric_jid": "ssrn", "authors": ["Rabin Jana", "Debojyoti Das"], "doi": "10.2139/ssrn.3544794", "first_seen_on": "2020-03-12T11:58:57+00:00", "issns": ["1556-5068"], "journal": "Social Science Research Network (SSRN)", "last_mentioned_on": 1584014323, "links": ["https://papers.ssrn.com/sol3/papers.cfm?abstract_id=3544794"], "pdf_url": "https://papers.ssrn.com/sol3/Delivery.cfm?abstractid=3544794", "ssrn": "3544794", "title": "Did Bitcoin Act as An Antidote to the Chinese Equity Market and Booster to Altcoins during the Novel Coronavirus Outbreak?", "type": "article"}, "altmetric_score": {"score": 1, "score_history": {"1y": 1, "6m": 1, "3m": 1, "1m": 1, "1w": 1, "6d": 1, "5d": 0, "4d": 0, "3d": 0, "2d": 0, "1d": 0, "at": 1}, "context_for_score": {"all": {"total_number_of_other_articles": 14515761, "mean": 8.4675267257013, "rank": 9114778, "this_scored_higher_than_pct": 24, "this_scored_higher_than": 3504836, "rank_type": "exact", "sample_size": 14515761, "percentile": 24}, "similar_age_3m": {"total_number_of_other_articles": 147534, "mean": 14.107391200613, "rank": 83668, "this_scored_higher_than_pct": 35, "this_scored_higher_than": 51864, "rank_type": "exact", "sample_size": 147534, "percentile": 35}, "this_journal": {"total_number_of_other_articles": 120836, "mean": 9.2461006330948, "rank": 78489, "this_scored_higher_than_pct": 19, "this_scored_higher_than": 23406, "rank_type": "exact", "sample_size": 120836, "percentile": 19}, "similar_age_this_journal_3m": {"total_number_of_other_articles": 694, "mean": 22.589858585859, "rank": 523, "this_scored_higher_than_pct": 13, "this_scored_higher_than": 93, "rank_type": "exact", "sample_size": 694, "percentile": 13}}}, "demographics": {"poster_types": {"member_of_the_public": 1}, "users": {"twitter": {"cohorts": {"Members of the public": 1}}}, "geo": {"twitter": {"US": 1}}}, "posts": {"twitter": [{"license": "gnip", "citation_ids": [77391152], "author": {"tweeter_id": "985849749319356417"}, "tweet_id": "1238071924510674945"}]}, "score": 1, "images": {"small": "https://badges.altmetric.com/?size=64&score=1&types=tttttttt", "medium": "https://badges.altmetric.com/?size=100&score=1&types=tttttttt", "large": "https://badges.altmetric.com/?size=180&score=1&types=tttttttt"}}