{"altmetric_id": 76035049, "counts": {"readers": {"mendeley": 0, "citeulike": 0, "connotea": 0}, "total": {"posts_count": 66}, "twitter": {"unique_users_count": 56, "posts_count": 65}, "news": {"unique_users_count": 1, "unique_users": ["medscape"], "posts_count": 1}}, "citation": {"altmetric_jid": "4f6fa6173cf058f61000738e", "authors": ["Bernard Stoecklin, Sibylle", "Rolland, Patrick", "Silue, Yassoungo", "Mailles, Alexandra", "Campese, Christine", "Simondon, Anne", "Mechain, Matthieu", "Meurice, Laure", "Nguyen, Mathieu", "Bassi, Cl\u00e9ment", "Yamani, Estelle", "Behillil, Sylvie", "Ismael, Sophie", "Nguyen, Duc", "Malvy, Denis", "Lescure, Fran\u00e7ois Xavier", "Georges, Scarlett", "Lazarus, Cl\u00e9ment", "Taba\u00ef, Anouk", "Stempfelet, Morgane", "Enouf, Vincent", "Coignard, Bruno", "Levy-Bruhl, Daniel"], "doi": "10.2807/1560-7917.es.2020.25.6.2000094", "first_seen_on": "2020-02-13T16:15:31+00:00", "issns": ["1560-7917"], "issue": "6", "journal": "Eurosurveillance", "last_mentioned_on": 1584480094, "links": ["https://eurosurveillance.org/content/10.2807/1560-7917.ES.2020.25.6.2000094", "https://www.eurosurveillance.org/content/10.2807/1560-7917.ES.2020.25.6.2000094", "https://www.ncbi.nlm.nih.gov/pubmed/32070465", "https://www.ncbi.nlm.nih.gov/pubmed/32070465?dopt=Abstract&utm_source=dlvr.it&utm_medium=twitter", "https://www.eurosurveillance.org/docserver/fulltext/eurosurveillance/25/6/eurosurv-25-6-4.pdf?expires=1582485154&id=id&accname=guest&checksum=D1B1889809C9908260373946EB90A299", "https://www.eurosurveillance.org/content/10.2807/1560-7917.ES.2020.25.6.2000094;jsessionid=nUjOMlIcoJzrcmcBH0umyuWH.i-0b3d9850f4681504f-ecdclive", "https://www.ncbi.nlm.nih.gov/pmc/articles/PMC7029452/"], "pmid": "32070465", "pubdate": "2020-02-13T00:00:00+00:00", "publisher": "European Centre for Disease Control and Prevention (ECDC)", "scopus_subjects": ["Medicine", "Health Sciences"], "title": "First cases of coronavirus disease 2019 (COVID-19) in France: surveillance, investigations and control measures, January 2020", "type": "article", "volume": "25"}, "altmetric_score": {"score": 45.3, "score_history": {"1y": 45.3, "6m": 45.3, "3m": 45.3, "1m": 18.9, "1w": 2, "6d": 2, "5d": 2, "4d": 2, "3d": 2, "2d": 2, "1d": 1, "at": 45.3}, "context_for_score": {"all": {"total_number_of_other_articles": 14515669, "mean": 8.4672923454742, "rank": 428335, "this_scored_higher_than_pct": 97, "this_scored_higher_than": 14087108, "rank_type": "exact", "sample_size": 14515669, "percentile": 97}, "similar_age_3m": {"total_number_of_other_articles": 229536, "mean": 13.75038888187, "rank": 11553, "this_scored_higher_than_pct": 94, "this_scored_higher_than": 217976, "rank_type": "exact", "sample_size": 229536, "percentile": 94}, "this_journal": {"total_number_of_other_articles": 1780, "mean": 13.058549747049, "rank": 97, "this_scored_higher_than_pct": 94, "this_scored_higher_than": 1683, "rank_type": "exact", "sample_size": 1780, "percentile": 94}, "similar_age_this_journal_3m": {"total_number_of_other_articles": 53, "mean": 67.476038461538, "rank": 15, "this_scored_higher_than_pct": 71, "this_scored_higher_than": 38, "rank_type": "exact", "sample_size": 53, "percentile": 71}}}, "demographics": {"poster_types": {"member_of_the_public": 39, "researcher": 5, "practitioner": 9, "science_communicator": 3}, "users": {"twitter": {"cohorts": {"Science communicators (journalists, bloggers, editors)": 3, "Members of the public": 39, "Scientists": 5, "Practitioners (doctors, other healthcare professionals)": 9}}}, "geo": {"twitter": {"SE": 2, "PH": 1, "FR": 2, "GB": 4, "ES": 3, "US": 5, "IT": 4, "LU": 1, "RO": 1, "EG": 1, "CA": 3, "IE": 2, "EC": 1}}}, "posts": {"twitter": [{"license": "gnip", "citation_ids": [76035049], "author": {"tweeter_id": "455839750"}, "tweet_id": "1227989631649624065"}, {"license": "gnip", "citation_ids": [76035049], "author": {"tweeter_id": "2997994886"}, "tweet_id": "1227989735584518144"}, {"license": "gnip", "citation_ids": [76035049], "author": {"tweeter_id": "27840870"}, "tweet_id": "1227992558564831232"}, {"license": "gnip", "citation_ids": [76035049], "author": {"tweeter_id": "1080751926415949825"}, "tweet_id": "1227995881833713665"}, {"license": "gnip", "citation_ids": [76035049], "author": {"tweeter_id": "204752573"}, "tweet_id": "1227996914085498881"}, {"license": "gnip", "citation_ids": [76035049], "author": {"tweeter_id": "767029124"}, "tweet_id": "1227997331146125315"}, {"license": "gnip", "citation_ids": [76035049], "author": {"tweeter_id": "717964915"}, "tweet_id": "1228001538133626883"}, {"license": "gnip", "citation_ids": [76035049], "author": {"tweeter_id": "2774702928"}, "tweet_id": "1228009072034635776"}, {"license": "gnip", "citation_ids": [76035049], "author": {"tweeter_id": "1011711384437051393"}, "tweet_id": "1228010002453028870"}, {"license": "gnip", "citation_ids": [76035049], "author": {"tweeter_id": "25793183"}, "tweet_id": "1228016226250653696"}, {"license": "gnip", "citation_ids": [76035049], "author": {"tweeter_id": "35882638"}, "tweet_id": "1228021089634340865"}, {"license": "gnip", "citation_ids": [76035049], "author": {"tweeter_id": "137256956"}, "tweet_id": "1228027990497427457"}, {"license": "gnip", "citation_ids": [76035049], "author": {"tweeter_id": "514688965"}, "tweet_id": "1228032408001425408"}, {"license": "gnip", "citation_ids": [76035049], "author": {"tweeter_id": "35465163"}, "tweet_id": "1228034554381946880"}, {"license": "gnip", "citation_ids": [76035049], "author": {"tweeter_id": "220762952"}, "tweet_id": "1228037024285970433"}, {"license": "gnip", "citation_ids": [76035049], "author": {"tweeter_id": "134530053"}, "tweet_id": "1228083668687687681"}, {"license": "gnip", "citation_ids": [76035049], "author": {"tweeter_id": "339068927"}, "tweet_id": "1228097244924174336"}, {"license": "gnip", "citation_ids": [76035049], "author": {"tweeter_id": "223716829"}, "tweet_id": "1228117568222900224"}, {"license": "gnip", "citation_ids": [76035049], "author": {"tweeter_id": "568112662"}, "tweet_id": "1228125744787869697"}, {"license": "gnip", "citation_ids": [76035049], "author": {"tweeter_id": "455839750"}, "tweet_id": "1228242608532676609"}, {"license": "gnip", "citation_ids": [76035049], "author": {"tweeter_id": "1080751926415949825"}, "tweet_id": "1228248322965635077"}, {"license": "gnip", "citation_ids": [76035049], "author": {"tweeter_id": "2358374925"}, "tweet_id": "1228250853200494592"}, {"license": "gnip", "citation_ids": [76035049], "author": {"tweeter_id": "2715046843"}, "tweet_id": "1228251881308409856"}, {"license": "gnip", "citation_ids": [76035049], "author": {"tweeter_id": "987844879"}, "tweet_id": "1228255790324051969"}, {"license": "gnip", "citation_ids": [76035049], "author": {"tweeter_id": "241360518"}, "tweet_id": "1228266902159548416"}, {"license": "gnip", "citation_ids": [76035049], "author": {"tweeter_id": "204752573"}, "tweet_id": "1228269844182769667"}, {"license": "gnip", "citation_ids": [76035049], "author": {"tweeter_id": "776434861846429696"}, "tweet_id": "1228288289037258752"}, {"license": "gnip", "citation_ids": [76035049], "author": {"tweeter_id": "948174042720342016"}, "tweet_id": "1228292878524407809"}, {"license": "gnip", "citation_ids": [76035049], "author": {"tweeter_id": "612904823"}, "tweet_id": "1228294228456984576"}, {"license": "gnip", "citation_ids": [76035049], "author": {"tweeter_id": "759297870583439360"}, "tweet_id": "1228294229106913281"}, {"license": "gnip", "citation_ids": [76035049], "author": {"tweeter_id": "759297870583439360"}, "tweet_id": "1228294236790910976"}, {"license": "gnip", "citation_ids": [76035049], "author": {"tweeter_id": "1054794218173022208"}, "tweet_id": "1228328766428020736"}, {"license": "gnip", "citation_ids": [76035049], "author": {"tweeter_id": "513051520"}, "tweet_id": "1228340945600557058"}, {"license": "gnip", "citation_ids": [76035049], "author": {"tweeter_id": "513051520"}, "tweet_id": "1228341057492070406"}, {"license": "gnip", "citation_ids": [76035049], "author": {"tweeter_id": "1094001620365574146"}, "tweet_id": "1228351692179169280"}, {"license": "gnip", "citation_ids": [76035049], "author": {"tweeter_id": "1087134578819694592"}, "tweet_id": "1228355185229127680"}, {"license": "gnip", "citation_ids": [76035049], "author": {"tweeter_id": "28639102"}, "tweet_id": "1228375967074258944"}, {"license": "gnip", "citation_ids": [76035049], "author": {"tweeter_id": "38900042"}, "tweet_id": "1228377366868758528"}, {"license": "gnip", "citation_ids": [76035049], "author": {"tweeter_id": "3363193360"}, "tweet_id": "1228398447096664064"}, {"license": "gnip", "citation_ids": [76035049], "author": {"tweeter_id": "14465282"}, "tweet_id": "1228439348464377857"}, {"license": "gnip", "citation_ids": [76035049], "author": {"tweeter_id": "898723747103989760"}, "tweet_id": "1228514071022010368"}, {"license": "gnip", "citation_ids": [76035049], "author": {"tweeter_id": "371677578"}, "tweet_id": "1228545847002116096"}, {"license": "gnip", "citation_ids": [76035049], "author": {"tweeter_id": "249905315"}, "tweet_id": "1228621127590776833"}, {"license": "gnip", "citation_ids": [76035049], "author": {"tweeter_id": "520826737"}, "tweet_id": "1228629817035235328"}, {"license": "gnip", "citation_ids": [76035049], "author": {"tweeter_id": "723138208611991553"}, "tweet_id": "1228629930688307200"}, {"license": "gnip", "citation_ids": [76035049], "author": {"tweeter_id": "1102209603578851329"}, "tweet_id": "1228794901896351744"}, {"license": "gnip", "citation_ids": [76035049], "author": {"tweeter_id": "56380370"}, "tweet_id": "1229075164463292416"}, {"license": "gnip", "citation_ids": [76035049], "author": {"tweeter_id": "513980822"}, "tweet_id": "1231005564076847104"}, {"license": "gnip", "citation_ids": [76035049], "author": {"tweeter_id": "1230418092573913088"}, "tweet_id": "1231145666321121280"}, {"license": "gnip", "citation_ids": [76035049], "author": {"tweeter_id": "1191745846615957506"}, "tweet_id": "1231377643922022402"}, {"license": "gnip", "citation_ids": [76035049], "author": {"tweeter_id": "899249568143081476"}, "tweet_id": "1231654910116102144"}, {"license": "gnip", "citation_ids": [76035049], "author": {"tweeter_id": "899249568143081476"}, "tweet_id": "1231657096690774016"}, {"license": "gnip", "citation_ids": [76035049], "author": {"tweeter_id": "899249568143081476"}, "tweet_id": "1231659054205984768"}, {"license": "gnip", "citation_ids": [76035049], "author": {"tweeter_id": "899249568143081476"}, "tweet_id": "1231677074492002310"}, {"license": "gnip", "citation_ids": [76035049], "author": {"tweeter_id": "385613572"}, "tweet_id": "1231678797403033601"}, {"license": "gnip", "citation_ids": [76035049], "author": {"tweeter_id": "442171917"}, "tweet_id": "1232009935287967746"}, {"license": "gnip", "citation_ids": [76035049], "author": {"tweeter_id": "802095389793013762"}, "tweet_id": "1232010244559187968"}, {"license": "gnip", "citation_ids": [76035049], "author": {"tweeter_id": "406645543"}, "tweet_id": "1232053727248474113"}, {"license": "gnip", "citation_ids": [76035049], "author": {"tweeter_id": "1078753982376484864"}, "tweet_id": "1232274180000927745"}, {"license": "gnip", "citation_ids": [76035049], "author": {"tweeter_id": "4105619915"}, "tweet_id": "1232299045470777344"}, {"license": "gnip", "citation_ids": [76035049], "author": {"tweeter_id": "1224717375993516036"}, "tweet_id": "1232979701423124480"}, {"license": "gnip", "citation_ids": [76035049], "author": {"tweeter_id": "297770842"}, "tweet_id": "1235496832735653888"}, {"license": "gnip", "citation_ids": [76035049, 75451042], "author": {"tweeter_id": "47960062"}, "tweet_id": "1239453960865546241"}, {"license": "gnip", "citation_ids": [76035049], "author": {"tweeter_id": "297770842"}, "tweet_id": "1239461252000149504"}, {"license": "gnip", "citation_ids": [77263733, 76035049], "author": {"tweeter_id": "588984031"}, "tweet_id": "1240025508064251905"}], "news": [{"title": "Coronavirus : point de situation au 17 f\u00e9vrier", "url": "http://ct.moreover.com/?a=41408179217&p=1pl&v=1&x=OrB1UXGCdIgpUEz_OWAoDQ", "license": "public", "citation_ids": [75792228, 76035049, 75790224, 76130813, 75577209], "posted_on": "2020-02-17T20:33:14+00:00", "summary": "France \u2014 Le nouveau coronavirus, baptis\u00e9 transitoirement 2019-nCoV, a \u00e9t\u00e9 officiellement d\u00e9nomm\u00e9 SARS-CoV-2 par l\u2019ICTV ( International committee for taxonomy of viruses ) le 11 f\u00e9vrier dernier, tandis que le m\u00eame jour, l\u2019OMS donnait \u00e0 la maladie le\u2026", "author": {"name": "Medscape", "url": "http://medscape.com/", "image": "https://s3.amazonaws.com/weyland.altmetric.com/news_sources/logos/000/000/055/normal/medscape.png?1369846939"}}]}, "score": 45.3, "images": {"small": "https://badges.altmetric.com/?size=64&score=46&types=mttttttt", "medium": "https://badges.altmetric.com/?size=100&score=46&types=mttttttt", "large": "https://badges.altmetric.com/?size=180&score=46&types=mttttttt"}}