{"altmetric_id": 77033388, "counts": {"readers": {"mendeley": 0, "citeulike": 0, "connotea": 0}, "total": {"posts_count": 6}, "twitter": {"unique_users_count": 6, "posts_count": 6}}, "citation": {"altmetric_jid": "56c1ef652a83ee09648b4f2c", "authors": ["Sung-mok Jung", "Ryo Kinoshita", "Robin N. Thompson", "Natalie M. Linton", "Yichi Yang", "Andrei R. Akhmetzhanov", "Hiroshi Nishiura"], "doi": "10.3390/jcm9030637", "first_seen_on": "2020-03-04T17:44:26+00:00", "issns": ["2077-0383"], "journal": "Journal of Clinical Medicine", "last_mentioned_on": 1583972384, "links": ["https://www.ncbi.nlm.nih.gov/pubmed/32120913", "https://www.ncbi.nlm.nih.gov/pubmed/32120913?dopt=Abstract&utm_source=dlvr.it&utm_medium=twitter"], "pmid": "32120913", "epubdate": "2020-02-27T00:00:00+00:00", "title": "Epidemiological Identification of A Novel Pathogen in Real Time: Analysis of the Atypical Pneumonia Outbreak in Wuhan, China, 2019\u20142020", "type": "article"}, "altmetric_score": {"score": 3.35, "score_history": {"1y": 3.35, "6m": 3.35, "3m": 3.35, "1m": 3.35, "1w": 0.85, "6d": 0, "5d": 0, "4d": 0, "3d": 0, "2d": 0, "1d": 0, "at": 3.35}, "context_for_score": {"all": {"total_number_of_other_articles": 14515761, "mean": 8.4675267257013, "rank": 4239261, "this_scored_higher_than_pct": 70, "this_scored_higher_than": 10237824, "rank_type": "exact", "sample_size": 14515761, "percentile": 70}, "similar_age_3m": {"total_number_of_other_articles": 153778, "mean": 14.247989998505, "rank": 54320, "this_scored_higher_than_pct": 64, "this_scored_higher_than": 98678, "rank_type": "exact", "sample_size": 153778, "percentile": 64}, "this_journal": {"total_number_of_other_articles": 2895, "mean": 4.545391845197, "rank": 565, "this_scored_higher_than_pct": 79, "this_scored_higher_than": 2314, "rank_type": "exact", "sample_size": 2895, "percentile": 79}, "similar_age_this_journal_3m": {"total_number_of_other_articles": 60, "mean": 12.347118644068, "rank": 22, "this_scored_higher_than_pct": 60, "this_scored_higher_than": 36, "rank_type": "exact", "sample_size": 60, "percentile": 60}}}, "demographics": {"poster_types": {"member_of_the_public": 5, "researcher": 1}, "users": {"twitter": {"cohorts": {"Members of the public": 5, "Scientists": 1}}}, "geo": {"twitter": {"JP": 1, "CA": 1, "US": 1}}}, "posts": {"twitter": [{"license": "gnip", "citation_ids": [77033388], "author": {"tweeter_id": "30674349"}, "tweet_id": "1235149531248873473"}, {"license": "gnip", "citation_ids": [77033388], "author": {"tweeter_id": "1191745846615957506"}, "tweet_id": "1235159315033415680"}, {"license": "gnip", "citation_ids": [77033388], "author": {"tweeter_id": "1214232500664295424"}, "tweet_id": "1235252045898121216"}, {"license": "gnip", "citation_ids": [77033388], "author": {"tweeter_id": "4420508607"}, "tweet_id": "1235252870267666436"}, {"license": "gnip", "citation_ids": [77033388], "author": {"tweeter_id": "1216430637927882752"}, "tweet_id": "1235332204403843077"}, {"license": "gnip", "citation_ids": [77033388], "author": {"tweeter_id": "1912605966"}, "tweet_id": "1237896019884404737"}]}, "score": 3.35, "images": {"small": "https://badges.altmetric.com/?size=64&score=4&types=tttttttt", "medium": "https://badges.altmetric.com/?size=100&score=4&types=tttttttt", "large": "https://badges.altmetric.com/?size=180&score=4&types=tttttttt"}}