{"altmetric_id": 75712446, "counts": {"readers": {"mendeley": 0, "citeulike": 0, "connotea": 0}, "total": {"posts_count": 3}, "twitter": {"unique_users_count": 3, "posts_count": 3}}, "citation": {"abstract": "Along with the sharp increase of confirmed cases novel coronavirus infection, more critically ill cases require extracorporeal membrane oxygenation (ECMO) support. Based on the clinical data of novel coronavirus pneumonia (NCP), as well as the dada from previous clinical studies and the recommendations from the Extracorporeal Life Support Organization (ELSO), the committee board of the Chinese Society of Extracorporeal Life Support (CSECLS) made this recommendations to guide clinical ECMO application in the patients with NCP.", "altmetric_jid": "4f6fa9273cf058f61000dd08", "authors": [", "], "doi": "10.3760/cma.j.issn.1001-0939.2020.0009", "first_seen_on": "2020-02-10T11:02:26+00:00", "issns": ["1001-0939"], "journal": "Zhonghua jie he he hu xi za zhi Zhonghua jiehe he huxi zazhi Chinese journal of tuberculosis and respiratory diseases", "last_mentioned_on": 1581417900, "links": ["https://www.ncbi.nlm.nih.gov/pubmed/32035430?dopt=Abstract&utm_source=dlvr.it&utm_medium=twitter"], "pmid": "32035430", "pubdate": "2020-02-09T00:00:00+00:00", "scopus_subjects": ["Medicine", "Health Sciences"], "subjects": ["pulmonarymedicine"], "title": "[Recommendations on extracorporeal life support for critically ill patients with novel coronavirus pneumonia].", "type": "article", "volume": "43"}, "altmetric_score": {"score": 0.75, "score_history": {"1y": 0.75, "6m": 0.75, "3m": 0.75, "1m": 0, "1w": 0, "6d": 0, "5d": 0, "4d": 0, "3d": 0, "2d": 0, "1d": 0, "at": 0.75}, "context_for_score": {"all": {"total_number_of_other_articles": 14493329, "mean": 8.4495874088992, "rank": 11010607, "this_scored_higher_than_pct": 20, "this_scored_higher_than": 3004495, "rank_type": "exact", "sample_size": 14493329, "percentile": 20}, "similar_age_3m": {"total_number_of_other_articles": 221903, "mean": 13.197019107534, "rank": 145909, "this_scored_higher_than_pct": 29, "this_scored_higher_than": 65572, "rank_type": "exact", "sample_size": 221903, "percentile": 29}, "this_journal": {"total_number_of_other_articles": 211, "mean": 0.85571428571429, "rank": 49, "this_scored_higher_than_pct": 71, "this_scored_higher_than": 150, "rank_type": "exact", "sample_size": 211, "percentile": 71}, "similar_age_this_journal_3m": {"total_number_of_other_articles": 26, "mean": 30.308, "rank": 15, "this_scored_higher_than_pct": 38, "this_scored_higher_than": 10, "rank_type": "exact", "sample_size": 26, "percentile": 38}}}, "demographics": {"poster_types": {"member_of_the_public": 3}, "users": {"twitter": {"cohorts": {"Members of the public": 3}}}, "geo": {"twitter": {"CA": 1}}}, "posts": {"twitter": [{"license": "gnip", "citation_ids": [75712446], "author": {"tweeter_id": "1191745846615957506"}, "tweet_id": "1226823651254652929"}, {"license": "gnip", "citation_ids": [75712446], "author": {"tweeter_id": "1214232500664295424"}, "tweet_id": "1227179856527364096"}, {"license": "gnip", "citation_ids": [75712446], "author": {"tweeter_id": "1185019073354178560"}, "tweet_id": "1227181736825626625"}]}, "score": 0.75, "images": {"small": "https://badges.altmetric.com/?size=64&score=1&types=tttttttt", "medium": "https://badges.altmetric.com/?size=100&score=1&types=tttttttt", "large": "https://badges.altmetric.com/?size=180&score=1&types=tttttttt"}}