{"altmetric_id": 76838142, "counts": {"readers": {"mendeley": 0, "citeulike": 0, "connotea": 0}, "total": {"posts_count": 2}, "twitter": {"unique_users_count": 2, "posts_count": 2}}, "citation": {"altmetric_jid": "4f6fa9293cf058f61000dd3e", "authors": ["Liu, X M", "Wang, D Q"], "doi": "10.3760/cma.j.cn112137-20200221-00387", "first_seen_on": "2020-02-29T11:01:19+00:00", "issns": ["0376-2491"], "journal": "Zhonghua yi xue za zhi", "last_mentioned_on": 1583150733, "links": ["https://www.ncbi.nlm.nih.gov/pubmed/32108458?dopt=Abstract&utm_source=dlvr.it&utm_medium=twitter"], "pmid": "32108458", "pubdate": "2020-02-28T00:00:00+00:00", "publisher_subjects": [{"name": "Other Medical And Health Sciences", "scheme": "era"}], "scopus_subjects": ["Medicine", "Health Sciences"], "subjects": ["complementarytherapies"], "title": "[Consideration and suggestions on development of blood transfusion department under the epidemic situation of novel coronavirus pneumonia].", "type": "article", "volume": "100"}, "altmetric_score": {"score": 0.5, "score_history": {"1y": 0.5, "6m": 0.5, "3m": 0.5, "1m": 0.5, "1w": 0, "6d": 0, "5d": 0, "4d": 0, "3d": 0, "2d": 0, "1d": 0, "at": 0.5}, "context_for_score": {"all": {"total_number_of_other_articles": 14498896, "mean": 8.453035317094, "rank": 11492768, "this_scored_higher_than_pct": 11, "this_scored_higher_than": 1685709, "rank_type": "exact", "sample_size": 14498896, "percentile": 11}, "similar_age_3m": {"total_number_of_other_articles": 151098, "mean": 13.65993438652, "rank": 104741, "this_scored_higher_than_pct": 20, "this_scored_higher_than": 30345, "rank_type": "exact", "sample_size": 151098, "percentile": 20}, "this_journal": {"total_number_of_other_articles": 712, "mean": 1.0638987341772, "rank": 246, "this_scored_higher_than_pct": 46, "this_scored_higher_than": 333, "rank_type": "exact", "sample_size": 712, "percentile": 46}, "similar_age_this_journal_3m": {"total_number_of_other_articles": 16, "mean": 1.08, "rank": 6, "this_scored_higher_than_pct": 56, "this_scored_higher_than": 9, "rank_type": "exact", "sample_size": 16, "percentile": 56}}}, "demographics": {"poster_types": {"member_of_the_public": 2}, "users": {"twitter": {"cohorts": {"Members of the public": 2}}}}, "posts": {"twitter": [{"license": "gnip", "citation_ids": [76838142], "author": {"tweeter_id": "1191745846615957506"}, "tweet_id": "1233708756736692229"}, {"license": "gnip", "citation_ids": [76838142], "author": {"tweeter_id": "1214232500664295424"}, "tweet_id": "1234449764889980928"}]}, "score": 0.5, "images": {"small": "https://badges.altmetric.com/?size=64&score=1&types=tttttttt", "medium": "https://badges.altmetric.com/?size=100&score=1&types=tttttttt", "large": "https://badges.altmetric.com/?size=180&score=1&types=tttttttt"}}