{"altmetric_id": 74093722, "counts": {"readers": {"mendeley": 0, "citeulike": 0, "connotea": 0}, "total": {"posts_count": 3}, "twitter": {"unique_users_count": 1, "posts_count": 1}, "wikipedia": {"unique_users_count": 2, "unique_users": ["en:22693252", "en:39639337"], "posts_count": 2}}, "citation": {"altmetric_jid": "4f6fa53b3cf058f610004704", "authors": ["Javier A. Jaimes", "Jean K. Millet", "Alison E. Stout", "Nicole M. Andr\u00e9", "Gary R. Whittaker"], "doi": "10.3390/v12010083", "first_seen_on": "2020-01-16T12:28:46+00:00", "issns": ["1999-4915"], "journal": "Viruses (1999-4915)", "last_mentioned_on": 1581132505, "links": ["https://www.mdpi.com/1999-4915/12/1/83?utm_content=buffer6fe12&utm_medium=social&utm_source=twitter.com&utm_campaign=buffer", "http://dx.doi.org/10.3390/v12010083"], "pdf_url": "https://www.mdpi.com/1999-4915/12/1/83/pdf", "pmid": "31936749", "epubdate": "2020-01-10T00:00:00+00:00", "title": "A Tale of Two Viruses: The Distinct Spike Glycoproteins of Feline Coronaviruses", "type": "article"}, "altmetric_score": {"score": 3.25, "score_history": {"1y": 3.25, "6m": 3.25, "3m": 3.25, "1m": 0, "1w": 0, "6d": 0, "5d": 0, "4d": 0, "3d": 0, "2d": 0, "1d": 0, "at": 3.25}, "context_for_score": {"all": {"total_number_of_other_articles": 14473946, "mean": 8.4392830399641, "rank": 4265190, "this_scored_higher_than_pct": 69, "this_scored_higher_than": 10128398, "rank_type": "exact", "sample_size": 14473946, "percentile": 69}, "similar_age_3m": {"total_number_of_other_articles": 234603, "mean": 13.06676551777, "rank": 85270, "this_scored_higher_than_pct": 63, "this_scored_higher_than": 148701, "rank_type": "exact", "sample_size": 234603, "percentile": 63}, "this_journal": {"total_number_of_other_articles": 3203, "mean": 5.7555309181761, "rank": 1033, "this_scored_higher_than_pct": 66, "this_scored_higher_than": 2137, "rank_type": "exact", "sample_size": 3203, "percentile": 66}, "similar_age_this_journal_3m": {"total_number_of_other_articles": 30, "mean": 7.9879310344828, "rank": 21, "this_scored_higher_than_pct": 30, "this_scored_higher_than": 9, "rank_type": "exact", "sample_size": 30, "percentile": 30}}}, "demographics": {"poster_types": {"member_of_the_public": 1}, "users": {"twitter": {"cohorts": {"Members of the public": 1}}}}, "posts": {"twitter": [{"license": "gnip", "citation_ids": [74093722], "author": {"tweeter_id": "418669767"}, "tweet_id": "1217785396123328513"}], "wikipedia": [{"title": "Feline coronavirus", "url": "http://en.wikipedia.org/?diff=prev&oldid=939698075#altmetric_citation_f36b67ee-906d-49f6-9f52-6b3bd77977d5", "license": "public", "citation_ids": [74093722], "posted_on": "2020-02-08T03:21:36+00:00", "summary": "Feline coronavirus (FCoV) is a positive-stranded RNA virus that is infectious to cats worldwide.", "page_url": "http://en.wikipedia.org/?curid=22693252", "wiki_lang": "en", "author": {"name": "Artoria2e5", "url": "http://en.wikipedia.org/wiki/User:Artoria2e5"}}, {"title": "Alphacoronavirus", "url": "http://en.wikipedia.org/?diff=prev&oldid=939698738#altmetric_citation_70bbc3ff-c315-461f-a76d-3491c16357dc", "license": "public", "citation_ids": [74093722], "posted_on": "2020-02-08T03:28:25+00:00", "summary": "Alphacoronaviruses are the first of the four genera, Alpha-, Beta-, Gamma-, and Deltacoronavirus in the subfamily Coronavirinae of the family Coronaviridae.", "page_url": "http://en.wikipedia.org/?curid=39639337", "wiki_lang": "en", "author": {"name": "Artoria2e5", "url": "http://en.wikipedia.org/wiki/User:Artoria2e5"}}]}, "score": 3.25, "images": {"small": "https://badges.altmetric.com/?size=64&score=4&types=tttwwwww", "medium": "https://badges.altmetric.com/?size=100&score=4&types=tttwwwww", "large": "https://badges.altmetric.com/?size=180&score=4&types=tttwwwww"}}