{"altmetric_id": 76159742, "counts": {"readers": {"mendeley": 0, "citeulike": 0, "connotea": 0}, "total": {"posts_count": 4}, "twitter": {"unique_users_count": 4, "posts_count": 4}}, "citation": {"abstract": "Objective: To summarize and analyze the clinical and imaging characteristics of patients with 2019 novel coronavirus pneumonia in the early stage in Beijing. Methods: A retrospective analysis of clinical and imaging data of 9 patients with 2019 novel coronavirus infection diagnosed in one fever clinicic in Beijing from January 18, 2020 to February 3, 2020. Results: 5 male and 4 female was included in those 9 patients, whose median age was 36 years, and the age range from 15 to 49 years. 8 of these patients had no underlying disease and one suffered from diabetes. 7 patients had a history of travel to Wuhan City or Hubei Province, and one patient was a medical staff. Two family clustered was found. The incubation period was 1 to 6 days. The clinical manifestations were fever in 8 cases (8/9) , dry cough in 5 cases (5/9) , pharyngalgia in 4 cases (4/9) , fatigue in 4 cases (4/9) , body soreness in 4 cases (4/9) , and blocked or watery nose in 1 case (1/9) . Six patients (6/9) had abnormal cell peripheral blood, of which 3 (3/9) had an increased monocyte count, 2 (2/9) had a reduced lymphocyte , and 1 (1/9) had an increased leukocyte count, while the 3 patients had normal cell blood routines. The median of CRP was 16.3 mg/L, including 5 patients with slightly elevated (5/9) , 4 patients with normal values (4/9) . the results of procalcitonin test were negative in5 patients. Three patients were examined by chest X-ray examination, one of which was normal, one case showed infiltrates of right upper lung, and another showed in right lower lung. All patients underwent chest HRCT. And 7 cases (7/9) showed multiple ground glass exudation, including 5 cases (5/7) involved bilateral lungs, 2 cases (2/7) involved unilateral lung, 3 cases (3/7) with patchy consolidation, and 2 cases (2/9) showed no abnormality. Conclusions: The patents with 2019 novel coronavirus pneumonia in this study generally have an epidemiological history. The clinical manifestations are fever and cough. Peripheral white blood cell counts were most normal And PCT were all negative. Chest HRCT manifested as multiple ground-glass opacities with partly consolidation. Some patients had normal chest radiographs but HRCT showed pneumonia. Some patients had no pneumonia on chest HRCT.", "altmetric_jid": "4f6fa9273cf058f61000dd08", "authors": ["Zhang, M Q", "Wang, X H", "Chen, Y L", "Zhao, K L", "Cai, Y Q", "An, C L", "Lin, M G", "Mu, X D"], "doi": "10.3760/cma.j.issn.1001-0939.2020.0013", "first_seen_on": "2020-02-16T11:01:23+00:00", "issns": ["1001-0939"], "journal": "Zhonghua jie he he hu xi za zhi Zhonghua jiehe he huxi zazhi Chinese journal of tuberculosis and respiratory diseases", "last_mentioned_on": 1582102809, "links": ["https://www.ncbi.nlm.nih.gov/pubmed/32061066?dopt=Abstract&utm_source=dlvr.it&utm_medium=twitter", "https://www.ncbi.nlm.nih.gov/m/pubmed/32061066/"], "pmid": "32061066", "pubdate": "2020-02-15T00:00:00+00:00", "scopus_subjects": ["Medicine", "Health Sciences"], "subjects": ["pulmonarymedicine"], "title": "[Clinical features of 2019 novel coronavirus pneumonia in the early stage from a fever clinic in Beijing].", "type": "article", "volume": "43"}, "altmetric_score": {"score": 1, "score_history": {"1y": 1, "6m": 1, "3m": 1, "1m": 1, "1w": 0, "6d": 0, "5d": 0, "4d": 0, "3d": 0, "2d": 0, "1d": 0, "at": 1}, "context_for_score": {"all": {"total_number_of_other_articles": 14396155, "mean": 8.4080108496946, "rank": 9037077, "this_scored_higher_than_pct": 24, "this_scored_higher_than": 3472298, "rank_type": "exact", "sample_size": 14396155, "percentile": 24}, "similar_age_3m": {"total_number_of_other_articles": 125025, "mean": 12.521860794728, "rank": 70104, "this_scored_higher_than_pct": 35, "this_scored_higher_than": 44893, "rank_type": "exact", "sample_size": 125025, "percentile": 35}, "this_journal": {"total_number_of_other_articles": 199, "mean": 0.71590909090909, "rank": 26, "this_scored_higher_than_pct": 79, "this_scored_higher_than": 158, "rank_type": "exact", "sample_size": 199, "percentile": 79}, "similar_age_this_journal_3m": {"total_number_of_other_articles": 17, "mean": 29.6625, "rank": 8, "this_scored_higher_than_pct": 47, "this_scored_higher_than": 8, "rank_type": "exact", "sample_size": 17, "percentile": 47}}}, "demographics": {"poster_types": {"member_of_the_public": 4}, "users": {"twitter": {"cohorts": {"Members of the public": 4}}}, "geo": {"twitter": {"CA": 1, "US": 1}}}, "posts": {"twitter": [{"license": "gnip", "citation_ids": [76159742], "author": {"tweeter_id": "1191745846615957506"}, "tweet_id": "1228997720301436928"}, {"license": "gnip", "citation_ids": [76159742], "author": {"tweeter_id": "1214232500664295424"}, "tweet_id": "1229666366367494144"}, {"license": "gnip", "citation_ids": [76159742], "author": {"tweeter_id": "1185019073354178560"}, "tweet_id": "1229669662226571264"}, {"license": "gnip", "citation_ids": [76159742], "author": {"tweeter_id": "1057027456765452293"}, "tweet_id": "1230054454503890944"}]}, "score": 1, "images": {"small": "https://badges.altmetric.com/?size=64&score=1&types=tttttttt", "medium": "https://badges.altmetric.com/?size=100&score=1&types=tttttttt", "large": "https://badges.altmetric.com/?size=180&score=1&types=tttttttt"}}