{"altmetric_id": 76118282, "counts": {"readers": {"mendeley": 0, "citeulike": 0, "connotea": 0}, "total": {"posts_count": 10}, "twitter": {"unique_users_count": 8, "posts_count": 10}}, "citation": {"abstract": "Novel coronavirus pneumonia (NCP) is a highly infectious disease, has a long incubation period and a variety of clinical manifestations, which has a significant impact on public health and life. Afterwards, scientific and standardized work processing during the epidemic is of great significance for prevention and control. In order to implement the central government's decision-making deployment and defeat the NCP as soon as possible, we had focused on the key points in the clinical work of general surgery according to latest relevant guidelines, literature and experience in epidemic prevention. Finally, we drafted the prevention and control strategies and recommendations to make a reference for medical staff of general surgery to fight NCP.", "altmetric_jid": "4f6fa9133cf058f61000ccb4", "authors": ["Tao, K X", "Zhang, B X", "Zhang, P", "Zhu, P", "Wang, G B", "Chen, X P", ", "], "doi": "10.3760/cma.j.issn.0529-5815.2020.0001", "first_seen_on": "2020-02-15T11:06:18+00:00", "issns": ["0529-5815"], "journal": "Zhonghua wai ke za zhi Chinese journal of surgery", "last_mentioned_on": 1584291824, "links": ["https://www.ncbi.nlm.nih.gov/pubmed/32057212?dopt=Abstract&utm_source=dlvr.it&utm_medium=twitter", "https://www.ncbi.nlm.nih.gov/pubmed/32057212"], "pmid": "32057212", "pubdate": "2020-02-14T00:00:00+00:00", "scopus_subjects": ["Medicine", "Health Sciences"], "subjects": ["generalsurgery"], "title": "[Recommendations for general surgery clinical practice in novel coronavirus pneumonia situation].", "type": "article", "volume": "58"}, "altmetric_score": {"score": 3.95, "score_history": {"1y": 3.95, "6m": 3.95, "3m": 3.95, "1m": 3.7, "1w": 1.25, "6d": 1.25, "5d": 1.25, "4d": 1.25, "3d": 1.25, "2d": 0, "1d": 0, "at": 3.95}, "context_for_score": {"all": {"total_number_of_other_articles": 14515774, "mean": 8.4677073350393, "rank": 3987474, "this_scored_higher_than_pct": 72, "this_scored_higher_than": 10513183, "rank_type": "exact", "sample_size": 14515774, "percentile": 72}, "similar_age_3m": {"total_number_of_other_articles": 227743, "mean": 13.826454338681, "rank": 76386, "this_scored_higher_than_pct": 66, "this_scored_higher_than": 150710, "rank_type": "exact", "sample_size": 227743, "percentile": 66}, "this_journal": {"total_number_of_other_articles": 186, "mean": 0.55864864864865, "rank": 2, "this_scored_higher_than_pct": 98, "this_scored_higher_than": 184, "rank_type": "exact", "sample_size": 186, "percentile": 98}, "similar_age_this_journal_3m": {"total_number_of_other_articles": 8, "mean": 0.25, "rank": 1, "this_scored_higher_than_pct": 87, "this_scored_higher_than": 7, "rank_type": "exact", "sample_size": 8, "percentile": 87}}}, "demographics": {"poster_types": {"member_of_the_public": 7, "researcher": 1}, "users": {"twitter": {"cohorts": {"Members of the public": 7, "Scientists": 1}}}, "geo": {"twitter": {"AU": 1, "UA": 1, "ES": 1}}}, "posts": {"twitter": [{"license": "gnip", "citation_ids": [76118282], "author": {"tweeter_id": "1191745846615957506"}, "tweet_id": "1228636587719680000"}, {"license": "gnip", "citation_ids": [76118282], "author": {"tweeter_id": "1214232500664295424"}, "tweet_id": "1234440829399252995"}, {"license": "gnip", "citation_ids": [76118282], "author": {"tweeter_id": "862428205625389056"}, "tweet_id": "1234443947885285377"}, {"license": "gnip", "citation_ids": [76118282], "author": {"tweeter_id": "71454237"}, "tweet_id": "1234447054455230464"}, {"license": "gnip", "citation_ids": [76118282], "author": {"tweeter_id": "1223132282720047109"}, "tweet_id": "1234488998673952776"}, {"license": "gnip", "citation_ids": [76118282], "author": {"tweeter_id": "112681925"}, "tweet_id": "1239134405165297664"}, {"license": "gnip", "citation_ids": [76118282], "author": {"tweeter_id": "1200488541693845506"}, "tweet_id": "1239143233369911296"}, {"license": "gnip", "citation_ids": [76118282], "author": {"tweeter_id": "952593579901423616"}, "tweet_id": "1239214733376532481"}, {"license": "gnip", "citation_ids": [76118282], "author": {"tweeter_id": "952593579901423616"}, "tweet_id": "1239214757124726784"}, {"license": "gnip", "citation_ids": [76118282], "author": {"tweeter_id": "952593579901423616"}, "tweet_id": "1239235848912154624"}]}, "score": 3.95, "images": {"small": "https://badges.altmetric.com/?size=64&score=4&types=tttttttt", "medium": "https://badges.altmetric.com/?size=100&score=4&types=tttttttt", "large": "https://badges.altmetric.com/?size=180&score=4&types=tttttttt"}}