{"altmetric_id": 76689500, "counts": {"readers": {"mendeley": 0, "citeulike": 0, "connotea": 0}, "total": {"posts_count": 1}, "twitter": {"unique_users_count": 1, "posts_count": 1}}, "citation": {"abstract": "The outbreak of novel coronavirus pneumonia occurred in Wuhan, Hubei province of China, at the end of 2019, and spread rapidly across the country. After the outbreak of this disease, the overwhelming majority of cities have launched the \"first level response\" and the regular diagnosis and treatment of cancer patients are greatly affected. The digestive systemic cancer is the most common malignancy. Most patients are diagnosed in the advanced stage with poor prognosis. The epidemic of novel coronavirus pneumonia poses new challenges to diagnosis and treatment of the patients with digestive system malignancies. Based on the fully understanding of the characteristics of digestive system tumors, we should change the treatment strategy and adopt more reasonable treatment strategy timely during the epidemic period to minimize the adverse effects of the epidemic of novel coronavirus pneumonia on the treatment.", "altmetric_jid": "4f6fa9283cf058f61000dd32", "authors": ["Ma, F H", "Hu, H T", "Tian, Y T"], "doi": "10.3760/cma.j.cn112152-20200223-00117", "first_seen_on": "2020-02-26T11:20:09+00:00", "issns": ["0253-3766"], "journal": "Zhonghua zhong liu za zhi Chinese journal of oncology", "last_mentioned_on": 1582715014, "links": ["https://www.ncbi.nlm.nih.gov/pubmed/32096396?dopt=Abstract&utm_source=dlvr.it&utm_medium=twitter"], "pmid": "32096396", "pubdate": "2020-02-25T00:00:00+00:00", "subjects": ["neoplasms"], "title": "[Surgical treatment strategy for digestive system malignancies during the outbreak of novel coronavirus pneumonia].", "type": "article", "volume": "42"}, "altmetric_score": {"score": 0.25, "score_history": {"1y": 0.25, "6m": 0.25, "3m": 0.25, "1m": 0.25, "1w": 0, "6d": 0, "5d": 0, "4d": 0, "3d": 0, "2d": 0, "1d": 0, "at": 0.25}, "context_for_score": {"all": {"total_number_of_other_articles": 14444328, "mean": 8.4266318263116, "rank": 12767801, "this_scored_higher_than_pct": 1, "this_scored_higher_than": 0, "rank_type": "exact", "sample_size": 14444328, "percentile": 1}, "similar_age_3m": {"total_number_of_other_articles": 129387, "mean": 12.862195786252, "rank": 102888, "this_scored_higher_than_pct": 1, "this_scored_higher_than": 0, "rank_type": "exact", "sample_size": 129387, "percentile": 1}, "this_journal": {"total_number_of_other_articles": 218, "mean": 0.7973732718894, "rank": 94, "this_scored_higher_than_pct": 1, "this_scored_higher_than": 0, "rank_type": "exact", "sample_size": 218, "percentile": 1}, "similar_age_this_journal_3m": {"total_number_of_other_articles": 9, "mean": 0.48125, "rank": 3, "this_scored_higher_than_pct": 1, "this_scored_higher_than": 0, "rank_type": "exact", "sample_size": 9, "percentile": 1}}}, "demographics": {"poster_types": {"member_of_the_public": 1}, "users": {"twitter": {"cohorts": {"Members of the public": 1}}}}, "posts": {"twitter": [{"license": "gnip", "citation_ids": [76689500], "author": {"tweeter_id": "1191732113676161028"}, "tweet_id": "1232622225175408642"}]}, "score": 0.25, "images": {"small": "https://badges.altmetric.com/?size=64&score=1&types=tttttttt", "medium": "https://badges.altmetric.com/?size=100&score=1&types=tttttttt", "large": "https://badges.altmetric.com/?size=180&score=1&types=tttttttt"}}