{"altmetric_id": 76118288, "counts": {"readers": {"mendeley": 0, "citeulike": 0, "connotea": 0}, "total": {"posts_count": 26}, "twitter": {"unique_users_count": 22, "posts_count": 26}}, "citation": {"abstract": "The New Coronavirus Pneumonia (NCP, also named as COVID-19 by WHO on Feb 11 2020, is now causing a severe public health emergency in China since. The number of diagnosed cases is more than 40,000 until the submission of this manuscript. Coronavirus has caused several epidemic situations world widely, but the present contagious disease caused by 2019 new Coronavirus is unprecedentedly fulminating. The published cohorts of 2019 new Coronavirus (n-Cov) are single-center studies, or retrospective studies. We here share the therapeutic experiences of NCP treatment with literature review. Combination of Ribavirin and Interferon-\u03b1 is recommended by the 5(th) edition National Health Commission's Regimen (Revised Edition) because of the effect on MERS (Middle East Respiratory Syndrome), and the effectiveness of Lopinavir/Ritonavir and Remdisivir needs to be confirmed by randomized controlled trial (RCT), given the situation of no specific antivirus drug on NCP is unavailable. Systemic glucocorticosteroid is recommended as a short term use (1~2 mg.kg(-1).d(-1), 3~5d ) by the 5(th) edition National Health Commission's Regimen (Revised Edition) yet RCTs are expected to confirm the effectiveness. Inappropriate application of antibiotics should be avoided, especially the combination of broad-spectrum antibiotics, for the NCP is not often complicated with bacterial infection.", "altmetric_jid": "4f6fa9273cf058f61000dd08", "authors": ["Du, B", "Qiu, H B", "Zhan, X", "Wang, Y S", "Kang, H Y J", "Li, X Y", "Wang, F", "Sun, B", "Tong, Z H", "Du Bin", "Qiu Haibo", "Zhan Xi", "Wang Yishan", "Kang Hanyujie", "Li Xuyan", "Wang Feng", "Sun Bing", "Tong Zhaohui"], "doi": "10.3760/cma.j.issn.1001-0939.2020.0012", "first_seen_on": "2020-02-15T11:06:23+00:00", "issns": ["1001-0939"], "journal": "Zhonghua jie he he hu xi za zhi Zhonghua jiehe he huxi zazhi Chinese journal of tuberculosis and respiratory diseases", "last_mentioned_on": 1584409683, "links": ["https://www.ncbi.nlm.nih.gov/pubmed/32057209?dopt=Abstract&utm_source=dlvr.it&utm_medium=twitter", "http://rs.yiigle.com/yufabiao/1181134.htm", "https://www.ncbi.nlm.nih.gov/pubmed/32057209", "https://www.ncbi.nlm.nih.gov/m/pubmed/32057209/", "https://www.ncbi.nlm.nih.gov/m/pubmed/32057209/?i=2&from=/32164081/related"], "pmid": "32057209", "pubdate": "2020-02-14T00:00:00+00:00", "publisher": "Chinese Medical Journals Publishing House Co., Ltd.", "scopus_subjects": ["Medicine", "Health Sciences"], "subjects": ["pulmonarymedicine"], "title": "[Pharmacotherapeutics for the New Coronavirus Pneumonia].", "type": "article", "volume": "43"}, "altmetric_score": {"score": 18.25, "score_history": {"1y": 18.25, "6m": 18.25, "3m": 18.25, "1m": 11.65, "1w": 11.65, "6d": 11.65, "5d": 10.65, "4d": 10.65, "3d": 8.65, "2d": 8.65, "1d": 0, "at": 18.25}, "context_for_score": {"all": {"total_number_of_other_articles": 14515761, "mean": 8.4675267257013, "rank": 961907, "this_scored_higher_than_pct": 93, "this_scored_higher_than": 13551141, "rank_type": "exact", "sample_size": 14515761, "percentile": 93}, "similar_age_3m": {"total_number_of_other_articles": 227740, "mean": 13.817400243261, "rank": 23978, "this_scored_higher_than_pct": 89, "this_scored_higher_than": 203709, "rank_type": "exact", "sample_size": 227740, "percentile": 89}, "this_journal": {"total_number_of_other_articles": 227, "mean": 5.6136283185841, "rank": 5, "this_scored_higher_than_pct": 97, "this_scored_higher_than": 222, "rank_type": "exact", "sample_size": 227, "percentile": 97}, "similar_age_this_journal_3m": {"total_number_of_other_articles": 42, "mean": 28.066585365854, "rank": 5, "this_scored_higher_than_pct": 88, "this_scored_higher_than": 37, "rank_type": "exact", "sample_size": 42, "percentile": 88}}}, "demographics": {"poster_types": {"member_of_the_public": 22}, "users": {"twitter": {"cohorts": {"Members of the public": 22}}}, "geo": {"twitter": {"US": 1, "CL": 3}}}, "posts": {"twitter": [{"license": "gnip", "citation_ids": [76118288], "author": {"tweeter_id": "1191745846615957506"}, "tweet_id": "1228636584288743429"}, {"license": "gnip", "citation_ids": [76118288, 75320964], "author": {"tweeter_id": "2752125896"}, "tweet_id": "1228685031897387008"}, {"license": "gnip", "citation_ids": [76118288, 75320964], "author": {"tweeter_id": "1223167659895738370"}, "tweet_id": "1228686895434977283"}, {"license": "gnip", "citation_ids": [76118288, 75320964], "author": {"tweeter_id": "14490123"}, "tweet_id": "1228687831326842880"}, {"license": "gnip", "citation_ids": [76118288, 75320964], "author": {"tweeter_id": "130483278"}, "tweet_id": "1228689348750524416"}, {"license": "gnip", "citation_ids": [76118288, 75320964], "author": {"tweeter_id": "316277658"}, "tweet_id": "1228698840452042752"}, {"license": "gnip", "citation_ids": [76118288, 75320964], "author": {"tweeter_id": "264257755"}, "tweet_id": "1228706598169657345"}, {"license": "gnip", "citation_ids": [76118288, 75320964], "author": {"tweeter_id": "860427911727259648"}, "tweet_id": "1228713786485264386"}, {"license": "gnip", "citation_ids": [76118288, 75320964], "author": {"tweeter_id": "95756144"}, "tweet_id": "1228807912090304512"}, {"license": "gnip", "citation_ids": [76118288], "author": {"tweeter_id": "922466884531998721"}, "tweet_id": "1238123590513496064"}, {"license": "gnip", "citation_ids": [76118288], "author": {"tweeter_id": "1173012493985361920"}, "tweet_id": "1238705263710031875"}, {"license": "gnip", "citation_ids": [76118288], "author": {"tweeter_id": "186902910"}, "tweet_id": "1238824348418486272"}, {"license": "gnip", "citation_ids": [76118288], "author": {"tweeter_id": "186902910"}, "tweet_id": "1238824504249499651"}, {"license": "gnip", "citation_ids": [76118288], "author": {"tweeter_id": "733445209674162176"}, "tweet_id": "1239700868766871560"}, {"license": "gnip", "citation_ids": [76118288], "author": {"tweeter_id": "733445209674162176"}, "tweet_id": "1239701018730016768"}, {"license": "gnip", "citation_ids": [76118288], "author": {"tweeter_id": "733445209674162176"}, "tweet_id": "1239701331054641154"}, {"license": "gnip", "citation_ids": [76118288], "author": {"tweeter_id": "733445209674162176"}, "tweet_id": "1239701775306932234"}, {"license": "gnip", "citation_ids": [76118288], "author": {"tweeter_id": "726775639710285824"}, "tweet_id": "1239702491169787905"}, {"license": "gnip", "citation_ids": [76118288], "author": {"tweeter_id": "618414003"}, "tweet_id": "1239702939582767104"}, {"license": "gnip", "citation_ids": [76118288], "author": {"tweeter_id": "39663608"}, "tweet_id": "1239703373823303680"}, {"license": "gnip", "citation_ids": [76118288], "author": {"tweeter_id": "79227926"}, "tweet_id": "1239704143431901185"}, {"license": "gnip", "citation_ids": [76118288], "author": {"tweeter_id": "798540174384832512"}, "tweet_id": "1239704358788440065"}, {"license": "gnip", "citation_ids": [76118288], "author": {"tweeter_id": "1643069912"}, "tweet_id": "1239705553703768064"}, {"license": "gnip", "citation_ids": [76118288], "author": {"tweeter_id": "735878415186841604"}, "tweet_id": "1239707061140836357"}, {"license": "gnip", "citation_ids": [76118288], "author": {"tweeter_id": "118543428"}, "tweet_id": "1239716210943672320"}, {"license": "gnip", "citation_ids": [76118288], "author": {"tweeter_id": "2423064937"}, "tweet_id": "1239730181998292992"}]}, "score": 18.25, "images": {"small": "https://badges.altmetric.com/?size=64&score=19&types=tttttttt", "medium": "https://badges.altmetric.com/?size=100&score=19&types=tttttttt", "large": "https://badges.altmetric.com/?size=180&score=19&types=tttttttt"}}