{"altmetric_id": 76738880, "counts": {"readers": {"mendeley": 0, "citeulike": 0, "connotea": 0}, "total": {"posts_count": 1}, "twitter": {"unique_users_count": 1, "posts_count": 1}}, "citation": {"abstract": "The critical period for the prevention and control of novel coronavirus pneumonia (NCP) in China, in response to requirements for accelerating the modernization of the disease prevention and control system, we analyzed and summarized the current situation, existing problems, and deficiencies in China's modernization of disease prevention and control system. In addition, we put forward the contents and countermeasures for the modernization of the disease prevention and control system. The modernization of the disease prevention and control system should be built around governance modernization, talent modernization, equipment modernization, scientific research modernization, and modernization of the regulatory system. The countermeasures and suggestions need to reposition the disease prevention and control system, rationalize the management system and operating mechanism, strengthen the modernization of talents and equipment, strengthen scientific research on disease prevention and control, and further improve the disease prevention and control legal system.", "altmetric_jid": "4f6fa9143cf058f61000ce0b", "authors": ["Cheng, J Q"], "doi": "10.3760/cma.j.cn112150-20200221-00151", "first_seen_on": "2020-02-27T11:10:11+00:00", "issns": ["0253-9624"], "issue": "5", "journal": "Zhonghua yu fang yi xue za zhi Chinese journal of preventive medicine", "last_mentioned_on": 1582801686, "links": ["https://www.ncbi.nlm.nih.gov/pubmed/32100978?dopt=Abstract&utm_source=dlvr.it&utm_medium=twitter"], "pmid": "32100978", "pubdate": "2020-02-26T00:00:00+00:00", "scopus_subjects": ["Medicine", "Health Sciences"], "subjects": ["communicablediseases", "environmentalhealth"], "title": "[Thoughts and suggestions on modern construction of disease prevention and control system].", "type": "article", "volume": "54"}, "altmetric_score": {"score": 0.25, "score_history": {"1y": 0.25, "6m": 0.25, "3m": 0.25, "1m": 0.25, "1w": 0, "6d": 0, "5d": 0, "4d": 0, "3d": 0, "2d": 0, "1d": 0, "at": 0.25}, "context_for_score": {"all": {"total_number_of_other_articles": 14453326, "mean": 8.4302993706884, "rank": 12775467, "this_scored_higher_than_pct": 1, "this_scored_higher_than": 0, "rank_type": "exact", "sample_size": 14453326, "percentile": 1}, "similar_age_3m": {"total_number_of_other_articles": 131696, "mean": 12.943016287634, "rank": 104806, "this_scored_higher_than_pct": 1, "this_scored_higher_than": 0, "rank_type": "exact", "sample_size": 131696, "percentile": 1}, "this_journal": {"total_number_of_other_articles": 285, "mean": 1.6635281690141, "rank": 183, "this_scored_higher_than_pct": 1, "this_scored_higher_than": 0, "rank_type": "exact", "sample_size": 285, "percentile": 1}, "similar_age_this_journal_3m": {"total_number_of_other_articles": 13, "mean": 1.9958333333333, "rank": 9, "this_scored_higher_than_pct": 1, "this_scored_higher_than": 0, "rank_type": "exact", "sample_size": 13, "percentile": 1}}}, "demographics": {"poster_types": {"member_of_the_public": 1}, "users": {"twitter": {"cohorts": {"Members of the public": 1}}}}, "posts": {"twitter": [{"license": "gnip", "citation_ids": [76738880], "author": {"tweeter_id": "1191745846615957506"}, "tweet_id": "1232985755259035648"}]}, "score": 0.25, "images": {"small": "https://badges.altmetric.com/?size=64&score=1&types=tttttttt", "medium": "https://badges.altmetric.com/?size=100&score=1&types=tttttttt", "large": "https://badges.altmetric.com/?size=180&score=1&types=tttttttt"}}