{"altmetric_id": 77084656, "counts": {"readers": {"mendeley": 0, "citeulike": 0, "connotea": 0}, "total": {"posts_count": 172}, "twitter": {"unique_users_count": 144, "posts_count": 163}, "blogs": {"unique_users_count": 1, "unique_users": [76614], "posts_count": 1}, "news": {"unique_users_count": 3, "unique_users": ["medicalxpress", "the_medical_news", "medpage_today"], "posts_count": 3}, "facebook": {"unique_users_count": 3, "unique_users": ["123964787948790", "174538752474", "575612435786212"], "posts_count": 5}}, "citation": {"altmetric_jid": "5beea4f00779170975695b04", "authors": ["Ratzan, Scott C.", "Gostin, Lawrence O.", "Meshkati, Najmedin", "Parker, Ruth M.", "Rabin, Kenneth"], "doi": "10.31478/202003a", "first_seen_on": "2020-03-05T16:03:17+00:00", "issns": ["2578-6865"], "journal": "NAM Perspectives", "last_mentioned_on": 1584475215, "links": ["https://nam.edu/covid-19-an-urgent-call-for-coordinated-trusted-sources-to-tell-everyone-what-they-need-to-know-and-do/", "https://nam.edu/covid-19-an-urgent-call-for-coordinated-trusted-sources-to-tell-everyone-what-they-need-to-know-and-do/#.XmEmIzvTJvI.twitter", "https://nam.edu/covid-19-an-urgent-call-for-coordinated-trusted-sources-to-tell-everyone-what-they-need-to-know-and-do/#.XmEmbsG1koc.twitter", "https://doi.org/10.31478/202003a", "http://dx.doi.org/10.31478/202003a", "https://nam.edu/covid-19-an-urgent-call-for-coordinated-trusted-sources-to-tell-everyone-what-they-need-to-know-and-do/#.XmFEBptsYdk.twitter", "https://nam.edu/covid-19-an-urgent-call-for-coordinated-trusted-sources-to-tell-everyone-what-they-need-to-know-and-do/#.XmFdFnkO5OR.twitter", "https://nam.edu/covid-19-an-urgent-call-for-coordinated-trusted-sources-to-tell-everyone-what-they-need-to-know-and-do/#.XmFeSDyHpJW.twitter", "https://nam.edu/covid-19-an-urgent-call-for-coordinated-trusted-sources-to-tell-everyone-what-they-need-to-know-and-do/#.XmFihDOUtUI.twitter", "https://nam.edu/covid-19-an-urgent-call-for-coordinated-trusted-sources-to-tell-everyone-what-they-need-to-know-and-do/#.XmJeodoQSd8.twitter", "https://nam.edu/covid-19-an-urgent-call-for-coordinated-trusted-sources-to-tell-everyone-what-they-need-to-know-and-do/#.XmLogMujhWg.twitter", "https://nam.edu/covid-19-an-urgent-call-for-coordinated-trusted-sources-to-tell-everyone-what-they-need-to-know-and-do/#.XmM8viRY4dA.twitter", "https://nam.edu/covid-19-an-urgent-call-for-coordinated-trusted-sources-to-tell-everyone-what-they-need-to-know-and-do/#.XmYsr9FqBMI.twitter", "https://nam.edu/covid-19-an-urgent-call-for-coordinated-trusted-sources-to-tell-everyone-what-they-need-to-know-and-do/#.XmY_YxsI9R4.twitter", "https://nam.edu/covid-19-an-urgent-call-for-coordinated-trusted-sources-to-tell-everyone-what-they-need-to-know-and-do/#.XmaH395F4XZ.twitter", "https://nam.edu/covid-19-an-urgent-call-for-coordinated-trusted-sources-to-tell-everyone-what-they-need-to-know-and-do/#.Xmapv6KK1Tc.twitter", "https://nam.edu/covid-19-an-urgent-call-for-coordinated-trusted-sources-to-tell-everyone-what-they-need-to-know-and-do/#.Xmez1QRVugx.twitter", "https://nam.edu/covid-19-an-urgent-call-for-coordinated-trusted-sources-to-tell-everyone-what-they-need-to-know-and-do/#.XmqyltPUr0M.twitter", "https://nam.edu/covid-19-an-urgent-call-for-coordinated-trusted-sources-to-tell-everyone-what-they-need-to-know-and-do/#.Xm965UqdUAg.twitter"], "pdf_url": "https://nam.edu/wp-content/uploads/2020/03/COVID-19-An-Urgent-Call.pdf", "epubdate": "2020-03-05T00:00:00+00:00", "publisher": "National Academy of Medicine", "title": "COVID-19: An Urgent Call for Coordinated, Trusted Sources to Tell Everyone What They Need to Know and Do", "type": "article"}, "altmetric_score": {"score": 144.78, "score_history": {"1y": 144.78, "6m": 144.78, "3m": 144.78, "1m": 144.78, "1w": 19.15, "6d": 12.95, "5d": 11.6, "4d": 4.45, "3d": 3.6, "2d": 1.5, "1d": 0.5, "at": 144.78}, "context_for_score": {"all": {"total_number_of_other_articles": 14515442, "mean": 8.4660121842553, "rank": 115916, "this_scored_higher_than_pct": 99, "this_scored_higher_than": 14399757, "rank_type": "exact", "sample_size": 14515442, "percentile": 99}, "similar_age_3m": {"total_number_of_other_articles": 153603, "mean": 14.158974765954, "rank": 2479, "this_scored_higher_than_pct": 98, "this_scored_higher_than": 151124, "rank_type": "exact", "sample_size": 153603, "percentile": 98}, "this_journal": {"total_number_of_other_articles": 122, "mean": 30.967702479339, "rank": 6, "this_scored_higher_than_pct": 95, "this_scored_higher_than": 116, "rank_type": "exact", "sample_size": 122, "percentile": 95}, "similar_age_this_journal_3m": {"total_number_of_other_articles": 1, "mean": 0, "rank": 1, "this_scored_higher_than_pct": 1, "this_scored_higher_than": 0, "rank_type": "exact", "sample_size": 1, "percentile": 1}}}, "demographics": {"poster_types": {"member_of_the_public": 89, "researcher": 27, "practitioner": 20, "science_communicator": 8}, "users": {"twitter": {"cohorts": {"Science communicators (journalists, bloggers, editors)": 8, "Practitioners (doctors, other healthcare professionals)": 20, "Members of the public": 89, "Scientists": 27}}}, "geo": {"twitter": {"US": 81, "FR": 1, "CH": 1, "GE": 1, "NL": 1, "EC": 1, "LB": 1, "SE": 1, "GB": 3, "ID": 1, "HK": 1, "RU": 1, "DE": 1, "JP": 1, "BE": 1, "CA": 1, "KE": 1, "ES": 1, "IN": 1}}}, "posts": {"twitter": [{"license": "gnip", "citation_ids": [77084656], "author": {"tweeter_id": "3073399885"}, "tweet_id": "1235596701857169408"}, {"license": "gnip", "citation_ids": [77084656], "author": {"tweeter_id": "914349676559704064"}, "tweet_id": "1235597448107655168"}, {"license": "gnip", "citation_ids": [77084656], "author": {"tweeter_id": "914349676559704064"}, "tweet_id": "1235597543217692672"}, {"license": "gnip", "citation_ids": [77084656], "author": {"tweeter_id": "3384815697"}, "tweet_id": "1235597951109681153"}, {"license": "gnip", "citation_ids": [77084656], "author": {"tweeter_id": "2732655577"}, "tweet_id": "1235598879166349318"}, {"license": "gnip", "citation_ids": [77084656], "author": {"tweeter_id": "3405497356"}, "tweet_id": "1235599490930929667"}, {"license": "gnip", "citation_ids": [77084656], "author": {"tweeter_id": "3218244202"}, "tweet_id": "1235599715162603520"}, {"license": "gnip", "citation_ids": [77084656], "author": {"tweeter_id": "31227588"}, "tweet_id": "1235600426671779843"}, {"license": "gnip", "citation_ids": [77084656], "author": {"tweeter_id": "281817258"}, "tweet_id": "1235600488441110528"}, {"license": "gnip", "citation_ids": [77084656], "author": {"tweeter_id": "1411414177"}, "tweet_id": "1235600709887741953"}, {"license": "gnip", "citation_ids": [77084656], "author": {"tweeter_id": "1097123424395292673"}, "tweet_id": "1235601690419695618"}, {"license": "gnip", "citation_ids": [77084656], "author": {"tweeter_id": "101254662"}, "tweet_id": "1235601881654837248"}, {"license": "gnip", "citation_ids": [77084656], "author": {"tweeter_id": "27363598"}, "tweet_id": "1235604191927660544"}, {"license": "gnip", "citation_ids": [77084656], "author": {"tweeter_id": "844532828314517504"}, "tweet_id": "1235605759955816448"}, {"license": "gnip", "citation_ids": [77084656], "author": {"tweeter_id": "35157641"}, "tweet_id": "1235606642999193600"}, {"license": "gnip", "citation_ids": [77084656], "author": {"tweeter_id": "51029208"}, "tweet_id": "1235606913091375104"}, {"license": "gnip", "citation_ids": [77084656], "author": {"tweeter_id": "2623898676"}, "tweet_id": "1235609723229163520"}, {"license": "gnip", "citation_ids": [77084656], "author": {"tweeter_id": "109049944"}, "tweet_id": "1235611362769977347"}, {"license": "gnip", "citation_ids": [77084656], "author": {"tweeter_id": "718953474491289600"}, "tweet_id": "1235626416902778881"}, {"license": "gnip", "citation_ids": [77084656], "author": {"tweeter_id": "121833549"}, "tweet_id": "1235626444899811328"}, {"license": "gnip", "citation_ids": [77084656], "author": {"tweeter_id": "30046479"}, "tweet_id": "1235632851883888640"}, {"license": "gnip", "citation_ids": [77084656], "author": {"tweeter_id": "69963178"}, "tweet_id": "1235632931869274113"}, {"license": "gnip", "citation_ids": [77084656], "author": {"tweeter_id": "1164943063833337858"}, "tweet_id": "1235633197213458432"}, {"license": "gnip", "citation_ids": [77084656], "author": {"tweeter_id": "3308911992"}, "tweet_id": "1235633258932531201"}, {"license": "gnip", "citation_ids": [77084656], "author": {"tweeter_id": "862980757"}, "tweet_id": "1235638842490851328"}, {"license": "gnip", "citation_ids": [77084656], "author": {"tweeter_id": "283799613"}, "tweet_id": "1235638917472403456"}, {"license": "gnip", "citation_ids": [77084656], "author": {"tweeter_id": "880203187"}, "tweet_id": "1235641707368153089"}, {"license": "gnip", "citation_ids": [77084656], "author": {"tweeter_id": "417159323"}, "tweet_id": "1235642901893275648"}, {"license": "gnip", "citation_ids": [77084656], "author": {"tweeter_id": "29328876"}, "tweet_id": "1235644592462032897"}, {"license": "gnip", "citation_ids": [77084656], "author": {"tweeter_id": "293279826"}, "tweet_id": "1235644925586198528"}, {"license": "gnip", "citation_ids": [77084656], "author": {"tweeter_id": "915142544626995200"}, "tweet_id": "1235658370297794561"}, {"license": "gnip", "citation_ids": [77084656], "author": {"tweeter_id": "232645462"}, "tweet_id": "1235659498183733248"}, {"license": "gnip", "citation_ids": [77084656], "author": {"tweeter_id": "451192624"}, "tweet_id": "1235660362818760704"}, {"license": "gnip", "citation_ids": [77084656], "author": {"tweeter_id": "279152263"}, "tweet_id": "1235660819821719565"}, {"license": "gnip", "citation_ids": [77084656], "author": {"tweeter_id": "21240309"}, "tweet_id": "1235661249549135876"}, {"license": "gnip", "citation_ids": [77084656], "author": {"tweeter_id": "928020257461161986"}, "tweet_id": "1235661352682782729"}, {"license": "gnip", "citation_ids": [77084656], "author": {"tweeter_id": "340435374"}, "tweet_id": "1235663022011514880"}, {"license": "gnip", "citation_ids": [77084656], "author": {"tweeter_id": "1224938737"}, "tweet_id": "1235663501915348992"}, {"license": "gnip", "citation_ids": [77084656], "author": {"tweeter_id": "3419128630"}, "tweet_id": "1235663952836583425"}, {"license": "gnip", "citation_ids": [77084656], "author": {"tweeter_id": "28003356"}, "tweet_id": "1235665284050149376"}, {"license": "gnip", "citation_ids": [77084656], "author": {"tweeter_id": "832733049380970498"}, "tweet_id": "1235665365603987456"}, {"license": "gnip", "citation_ids": [77084656], "author": {"tweeter_id": "3922272995"}, "tweet_id": "1235667284221464576"}, {"license": "gnip", "citation_ids": [77084656], "author": {"tweeter_id": "26542532"}, "tweet_id": "1235667847604396032"}, {"license": "gnip", "citation_ids": [77084656], "author": {"tweeter_id": "1173120463356256257"}, "tweet_id": "1235667978336612352"}, {"license": "gnip", "citation_ids": [77084656], "author": {"tweeter_id": "22015737"}, "tweet_id": "1235669741915828231"}, {"license": "gnip", "citation_ids": [77084656], "author": {"tweeter_id": "836072736"}, "tweet_id": "1235674342173876227"}, {"license": "gnip", "citation_ids": [77084656], "author": {"tweeter_id": "294169358"}, "tweet_id": "1235677375922241536"}, {"license": "gnip", "citation_ids": [77084656], "author": {"tweeter_id": "963812120000368640"}, "tweet_id": "1235680723706818562"}, {"license": "gnip", "citation_ids": [77084656], "author": {"tweeter_id": "500066062"}, "tweet_id": "1235681516518170625"}, {"license": "gnip", "citation_ids": [77084656], "author": {"tweeter_id": "525813230"}, "tweet_id": "1235687209703026688"}, {"license": "gnip", "citation_ids": [77084656], "author": {"tweeter_id": "32931825"}, "tweet_id": "1235692712092774400"}, {"license": "gnip", "citation_ids": [77084656], "author": {"tweeter_id": "2166656841"}, "tweet_id": "1235700032256393218"}, {"license": "gnip", "citation_ids": [77084656], "author": {"tweeter_id": "65201417"}, "tweet_id": "1235700057694846982"}, {"license": "gnip", "citation_ids": [77084656], "author": {"tweeter_id": "869967070984851457"}, "tweet_id": "1235700100132941824"}, {"license": "gnip", "citation_ids": [77084656], "author": {"tweeter_id": "1225391666732949504"}, "tweet_id": "1235722290517532673"}, {"license": "gnip", "citation_ids": [77084656], "author": {"tweeter_id": "4876574121"}, "tweet_id": "1235738621522644992"}, {"license": "gnip", "citation_ids": [77084656], "author": {"tweeter_id": "622101037"}, "tweet_id": "1235741685193363458"}, {"license": "gnip", "citation_ids": [77084656], "author": {"tweeter_id": "471143047"}, "tweet_id": "1235741865149792256"}, {"license": "gnip", "citation_ids": [77084656], "author": {"tweeter_id": "847148286255546375"}, "tweet_id": "1235762139597545474"}, {"license": "gnip", "citation_ids": [77084656], "author": {"tweeter_id": "139088627"}, "tweet_id": "1235787597596602368"}, {"license": "gnip", "citation_ids": [77084656], "author": {"tweeter_id": "624216351"}, "tweet_id": "1235794120217702400"}, {"license": "gnip", "citation_ids": [77084656], "author": {"tweeter_id": "15444715"}, "tweet_id": "1235898110435606528"}, {"license": "gnip", "citation_ids": [77084656], "author": {"tweeter_id": "827133068385386497"}, "tweet_id": "1235922135337431054"}, {"license": "gnip", "citation_ids": [77084656], "author": {"tweeter_id": "1270238612"}, "tweet_id": "1235926810728321024"}, {"license": "gnip", "citation_ids": [77084656], "author": {"tweeter_id": "1270238612"}, "tweet_id": "1235929017921888256"}, {"license": "gnip", "citation_ids": [77084656], "author": {"tweeter_id": "54886540"}, "tweet_id": "1235929062272405504"}, {"license": "gnip", "citation_ids": [77084656], "author": {"tweeter_id": "41247812"}, "tweet_id": "1235934291865071618"}, {"license": "gnip", "citation_ids": [77084656], "author": {"tweeter_id": "456396772"}, "tweet_id": "1235934895530115073"}, {"license": "gnip", "citation_ids": [77084656], "author": {"tweeter_id": "3086944832"}, "tweet_id": "1235936298491207682"}, {"license": "gnip", "citation_ids": [77084656], "author": {"tweeter_id": "23970254"}, "tweet_id": "1235940742335541248"}, {"license": "gnip", "citation_ids": [77084656], "author": {"tweeter_id": "2539180041"}, "tweet_id": "1235941049341628416"}, {"license": "gnip", "citation_ids": [77084656], "author": {"tweeter_id": "2729059840"}, "tweet_id": "1235942735145766913"}, {"license": "gnip", "citation_ids": [77084656], "author": {"tweeter_id": "1012095845758570496"}, "tweet_id": "1235957271403905024"}, {"license": "gnip", "citation_ids": [77084656], "author": {"tweeter_id": "197461314"}, "tweet_id": "1235958045836009473"}, {"license": "gnip", "citation_ids": [77084656], "author": {"tweeter_id": "20406918"}, "tweet_id": "1235967556046987265"}, {"license": "gnip", "citation_ids": [77084656], "author": {"tweeter_id": "175488283"}, "tweet_id": "1235968141882056704"}, {"license": "gnip", "citation_ids": [77084656], "author": {"tweeter_id": "112468687"}, "tweet_id": "1235968669450145793"}, {"license": "gnip", "citation_ids": [77084656], "author": {"tweeter_id": "67097336"}, "tweet_id": "1235973929350524928"}, {"license": "gnip", "citation_ids": [77084656], "author": {"tweeter_id": "163462430"}, "tweet_id": "1235998150218919936"}, {"license": "gnip", "citation_ids": [77084656], "author": {"tweeter_id": "1849172972"}, "tweet_id": "1236000837073158144"}, {"license": "gnip", "citation_ids": [77084656], "author": {"tweeter_id": "251552301"}, "tweet_id": "1236001260513513475"}, {"license": "gnip", "citation_ids": [77084656], "author": {"tweeter_id": "10851282"}, "tweet_id": "1236014382628270080"}, {"license": "gnip", "citation_ids": [77084656], "author": {"tweeter_id": "68493002"}, "tweet_id": "1236014456276205569"}, {"license": "gnip", "citation_ids": [77084656], "author": {"tweeter_id": "3904954404"}, "tweet_id": "1236016691395641345"}, {"license": "gnip", "citation_ids": [77084656], "author": {"tweeter_id": "18734176"}, "tweet_id": "1236022406554189825"}, {"license": "gnip", "citation_ids": [77084656], "author": {"tweeter_id": "20778570"}, "tweet_id": "1236023788896215041"}, {"license": "gnip", "citation_ids": [77084656], "author": {"tweeter_id": "705797574045933568"}, "tweet_id": "1236025318667735040"}, {"license": "gnip", "citation_ids": [77084656], "author": {"tweeter_id": "132700551"}, "tweet_id": "1236039427656486912"}, {"license": "gnip", "citation_ids": [77084656], "author": {"tweeter_id": "17695841"}, "tweet_id": "1236042386998005760"}, {"license": "gnip", "citation_ids": [77084656], "author": {"tweeter_id": "17695841"}, "tweet_id": "1236042624508866565"}, {"license": "gnip", "citation_ids": [77084656], "author": {"tweeter_id": "1208830417"}, "tweet_id": "1236058547261145088"}, {"license": "gnip", "citation_ids": [77084656], "author": {"tweeter_id": "1058472457638735872"}, "tweet_id": "1236077780271591424"}, {"license": "gnip", "citation_ids": [77084656], "author": {"tweeter_id": "989585025371901952"}, "tweet_id": "1236079789951324160"}, {"license": "gnip", "citation_ids": [77084656], "author": {"tweeter_id": "17690583"}, "tweet_id": "1236084018413793280"}, {"license": "gnip", "citation_ids": [77084656], "author": {"tweeter_id": "3413988981"}, "tweet_id": "1236091733445873677"}, {"license": "gnip", "citation_ids": [77084656], "author": {"tweeter_id": "40478316"}, "tweet_id": "1236099086983495685"}, {"license": "gnip", "citation_ids": [77084656], "author": {"tweeter_id": "1329215767"}, "tweet_id": "1236145955159842816"}, {"license": "gnip", "citation_ids": [77084656], "author": {"tweeter_id": "32840628"}, "tweet_id": "1236174419220762625"}, {"license": "gnip", "citation_ids": [77084656], "author": {"tweeter_id": "32840628"}, "tweet_id": "1236174827167215616"}, {"license": "gnip", "citation_ids": [77084656], "author": {"tweeter_id": "2574033231"}, "tweet_id": "1236211383521460224"}, {"license": "gnip", "citation_ids": [77084656], "author": {"tweeter_id": "3362512863"}, "tweet_id": "1236301701327577089"}, {"license": "gnip", "citation_ids": [77084656], "author": {"tweeter_id": "1046733555999690752"}, "tweet_id": "1236331652227510278"}, {"license": "gnip", "citation_ids": [77084656], "author": {"tweeter_id": "1213964790214713344"}, "tweet_id": "1236403149298118657"}, {"license": "gnip", "citation_ids": [77084656], "author": {"tweeter_id": "32360497"}, "tweet_id": "1236458306853408768"}, {"license": "gnip", "citation_ids": [77084656], "author": {"tweeter_id": "3266967512"}, "tweet_id": "1236466568613089280"}, {"license": "gnip", "citation_ids": [77084656], "author": {"tweeter_id": "836793907"}, "tweet_id": "1236766684800827392"}, {"license": "gnip", "citation_ids": [77084656], "author": {"tweeter_id": "22960882"}, "tweet_id": "1236982091260104704"}, {"license": "gnip", "citation_ids": [77084656], "author": {"tweeter_id": "3413988981"}, "tweet_id": "1236987735870787589"}, {"license": "gnip", "citation_ids": [77084656], "author": {"tweeter_id": "218984327"}, "tweet_id": "1237002169384964096"}, {"license": "gnip", "citation_ids": [77084656], "author": {"tweeter_id": "262268547"}, "tweet_id": "1237003902454661126"}, {"license": "gnip", "citation_ids": [77084656], "author": {"tweeter_id": "36365736"}, "tweet_id": "1237039847589675008"}, {"license": "gnip", "citation_ids": [77084656], "author": {"tweeter_id": "21663232"}, "tweet_id": "1237045490178576384"}, {"license": "gnip", "citation_ids": [77084656], "author": {"tweeter_id": "3218244202"}, "tweet_id": "1237075704543621120"}, {"license": "gnip", "citation_ids": [77084656], "author": {"tweeter_id": "39709923"}, "tweet_id": "1237076405600563210"}, {"license": "gnip", "citation_ids": [77084656], "author": {"tweeter_id": "65201417"}, "tweet_id": "1237078516866232321"}, {"license": "gnip", "citation_ids": [77084656], "author": {"tweeter_id": "869967070984851457"}, "tweet_id": "1237078527427698692"}, {"license": "gnip", "citation_ids": [77084656], "author": {"tweeter_id": "61004770"}, "tweet_id": "1237080599111835651"}, {"license": "gnip", "citation_ids": [77084656], "author": {"tweeter_id": "1142038633794416646"}, "tweet_id": "1237080780020633601"}, {"license": "gnip", "citation_ids": [77084656], "author": {"tweeter_id": "3001298254"}, "tweet_id": "1237080916935282688"}, {"license": "gnip", "citation_ids": [77084656], "author": {"tweeter_id": "68451445"}, "tweet_id": "1237081887744700416"}, {"license": "gnip", "citation_ids": [77084656], "author": {"tweeter_id": "36365736"}, "tweet_id": "1237081984620548098"}, {"license": "gnip", "citation_ids": [77084656], "author": {"tweeter_id": "310485559"}, "tweet_id": "1237086638708117513"}, {"license": "gnip", "citation_ids": [77084656], "author": {"tweeter_id": "1067795505881726977"}, "tweet_id": "1237086642298671106"}, {"license": "gnip", "citation_ids": [77084656], "author": {"tweeter_id": "1223621116671025152"}, "tweet_id": "1237089811514757120"}, {"license": "gnip", "citation_ids": [77084656], "author": {"tweeter_id": "2729480554"}, "tweet_id": "1237104415515049984"}, {"license": "gnip", "citation_ids": [77084656], "author": {"tweeter_id": "381436499"}, "tweet_id": "1237116223990702080"}, {"license": "gnip", "citation_ids": [77084656], "author": {"tweeter_id": "16938019"}, "tweet_id": "1237118294420869122"}, {"license": "gnip", "citation_ids": [77084656], "author": {"tweeter_id": "1411414177"}, "tweet_id": "1237142731153125378"}, {"license": "gnip", "citation_ids": [77084656], "author": {"tweeter_id": "885493291281776640"}, "tweet_id": "1237197691052003328"}, {"license": "gnip", "citation_ids": [77084656], "author": {"tweeter_id": "3413988981"}, "tweet_id": "1237351769413468160"}, {"license": "gnip", "citation_ids": [77084656], "author": {"tweeter_id": "3122526143"}, "tweet_id": "1237366711898128385"}, {"license": "gnip", "citation_ids": [77084656], "author": {"tweeter_id": "2645764568"}, "tweet_id": "1237367160810414080"}, {"license": "gnip", "citation_ids": [77084656], "author": {"tweeter_id": "1525192626"}, "tweet_id": "1237375741089718272"}, {"license": "gnip", "citation_ids": [77084656], "author": {"tweeter_id": "1217657570724323328"}, "tweet_id": "1237402458172919808"}, {"license": "gnip", "citation_ids": [77084656], "author": {"tweeter_id": "20778364"}, "tweet_id": "1237406166893957120"}, {"license": "gnip", "citation_ids": [77084656], "author": {"tweeter_id": "1375137366"}, "tweet_id": "1237451080423833603"}, {"license": "gnip", "citation_ids": [77084656], "author": {"tweeter_id": "262365030"}, "tweet_id": "1237465502693429254"}, {"license": "gnip", "citation_ids": [77084656], "author": {"tweeter_id": "197461314"}, "tweet_id": "1237473262885535744"}, {"license": "gnip", "citation_ids": [77084656], "author": {"tweeter_id": "1228118272446521344"}, "tweet_id": "1237496902674939905"}, {"license": "gnip", "citation_ids": [77084656], "author": {"tweeter_id": "24590078"}, "tweet_id": "1237522293716221952"}, {"license": "gnip", "citation_ids": [77084656], "author": {"tweeter_id": "839224321558081540"}, "tweet_id": "1237568509250433024"}, {"license": "gnip", "citation_ids": [77084656], "author": {"tweeter_id": "1067438871980507136"}, "tweet_id": "1237657401488261120"}, {"license": "gnip", "citation_ids": [77084656], "author": {"tweeter_id": "3218244202"}, "tweet_id": "1237732521527382016"}, {"license": "gnip", "citation_ids": [77084656], "author": {"tweeter_id": "3405497356"}, "tweet_id": "1237740258265124864"}, {"license": "gnip", "citation_ids": [77084656], "author": {"tweeter_id": "756497030688673793"}, "tweet_id": "1237755008055205888"}, {"license": "gnip", "citation_ids": [77084656], "author": {"tweeter_id": "757947345019531264"}, "tweet_id": "1237808587809984514"}, {"license": "gnip", "citation_ids": [77084656], "author": {"tweeter_id": "880203187"}, "tweet_id": "1238180748361904131"}, {"license": "gnip", "citation_ids": [77084656], "author": {"tweeter_id": "3355173965"}, "tweet_id": "1238181905322958848"}, {"license": "gnip", "citation_ids": [77084656], "author": {"tweeter_id": "40556177"}, "tweet_id": "1238225253576265728"}, {"license": "gnip", "citation_ids": [77084656], "author": {"tweeter_id": "2157389598"}, "tweet_id": "1238259192525438976"}, {"license": "gnip", "citation_ids": [77084656], "author": {"tweeter_id": "132700551"}, "tweet_id": "1238269543497203712"}, {"license": "gnip", "citation_ids": [77084656], "author": {"tweeter_id": "594655984"}, "tweet_id": "1238459373497827332"}, {"license": "gnip", "citation_ids": [77084656], "author": {"tweeter_id": "956996045615099904"}, "tweet_id": "1238459958313836545"}, {"license": "gnip", "citation_ids": [77084656], "author": {"tweeter_id": "3218244202"}, "tweet_id": "1238465023086858242"}, {"license": "gnip", "citation_ids": [77084656], "author": {"tweeter_id": "3001298254"}, "tweet_id": "1238467082062311429"}, {"license": "gnip", "citation_ids": [77084656], "author": {"tweeter_id": "1135653597067112448"}, "tweet_id": "1238468146836598786"}, {"license": "gnip", "citation_ids": [77084656], "author": {"tweeter_id": "446744972"}, "tweet_id": "1238529252385046535"}, {"license": "gnip", "citation_ids": [77084656], "author": {"tweeter_id": "3224192433"}, "tweet_id": "1238783561353900033"}, {"license": "gnip", "citation_ids": [77084656], "author": {"tweeter_id": "2991634220"}, "tweet_id": "1238973329085775877"}, {"license": "gnip", "citation_ids": [77084656], "author": {"tweeter_id": "1927245864"}, "tweet_id": "1239006520458620928"}, {"license": "gnip", "citation_ids": [77084656], "author": {"tweeter_id": "1601683238"}, "tweet_id": "1239228314314846210"}, {"license": "gnip", "citation_ids": [77084656], "author": {"tweeter_id": "1186876027022102528"}, "tweet_id": "1239539763553554438"}, {"license": "gnip", "citation_ids": [77084656], "author": {"tweeter_id": "3218244202"}, "tweet_id": "1240005046303105025"}], "blogs": [{"title": "Public health leaders call for coordinated communication response to COVID-19", "url": "https://bioengineer.org/public-health-leaders-call-for-coordinated-communication-response-to-covid-19/", "license": "public", "citation_ids": [77084656], "posted_on": "2020-03-05T16:38:28+00:00", "summary": "Credit: National Academy of Medicine\n\n\n\n\nOn Thursday in the National Academy of Medicine&#8217;s Perspectives, public health leaders including CUNY Graduate School of Public Health and Health Policy Distinguished Lecturer Scott Ratzan, MD called for info", "author": {"name": "Bioengineer", "url": "https://bioengineer.org"}}], "news": [{"title": "Public health leaders call for coordinated communication response to COVID-19", "url": "http://ct.moreover.com/?a=41547771031&p=1pl&v=1&x=L5MWE5GJQ0-CHiDNICLiTA", "license": "public", "citation_ids": [77084656], "posted_on": "2020-03-05T17:53:33+00:00", "summary": "Credit: On Thursday in the National Academy of Medicine's Perspectives, public health leaders including CUNY Graduate School of Public Health and Health Policy Distinguished Lecturer Scott Ratzan, MD called for informed and active public policy\u2026", "author": {"name": "MedicalXpress", "url": "http://medicalxpress.com/", "image": "https://s3.amazonaws.com/weyland.altmetric.com/news_sources/logos/000/000/152/normal/image.png?1369925783"}}, {"title": "Public health experts call for coordinated communication and outreach on COVID-19", "url": "http://ct.moreover.com/?a=41550435499&p=1pl&v=1&x=WwHSEoLLSCeRCZkr8fZY1Q", "license": "public", "citation_ids": [77084656], "posted_on": "2020-03-06T01:01:43+00:00", "summary": "On Thursday in the National Academy of Medicine's Perspectives, public health leaders including CUNY Graduate School of Public Health and Health Policy Distinguished Lecturer Scott Ratzan, MD called for informed and active public policy leadership\u2026", "author": {"name": "The Medical News", "url": "http://www.news-medical.net/", "image": "https://s3.amazonaws.com/weyland.altmetric.com/news_sources/logos/000/000/146/normal/image.png?1369927508"}}, {"title": "COVID-19 Update: U.S. Cases Top 200; $8.3B Funding Bill Passed; Don't Touch Your Face!", "url": "http://ct.moreover.com/?a=41555017016&p=1pl&v=1&x=szXFJxyogtqmojS0sSyGZQ", "license": "public", "citation_ids": [77084656], "posted_on": "2020-03-06T13:52:52+00:00", "summary": "Infectious Disease > COVID-19 A daily roundup of news on the novel coronavirus outbreak by Associate Editor, MedPage Today March 6, 2020 Note that some links may require registration or subscription.", "author": {"name": "MedPage Today", "url": "http://www.medpagetoday.com/", "image": "https://s3.amazonaws.com/weyland.altmetric.com/news_sources/logos/000/000/262/normal/Screen_Shot_2016-02-09_at_10.51.03.png?1455015082"}}], "facebook": [{"title": "Timeline Photos", "url": "https://www.facebook.com/permalink.php?story_fbid=1140998506245408&id=123964787948790", "license": "public", "citation_ids": [77084656], "posted_on": "2020-03-05T16:01:08+00:00", "summary": "History tells us that an informed, activated population is vital to protecting the public\u2019s health. To make this happen, we need informed and active public policy leadership that employs strategically coordinated health communication and outreach and updat", "author": {"name": "National Academy of Medicine", "url": "https://www.facebook.com/123964787948790", "facebook_wall_name": "National Academy of Medicine", "image": "https://graph.facebook.com/123964787948790/picture", "id_on_source": "123964787948790"}}, {"title": "COVID-19: An Urgent Call for Coordinated, Trusted Sources to Tell Everyone What They Need to Know and Do - National Academy of Medicine", "url": "https://www.facebook.com/permalink.php?story_fbid=10157137760982475&id=174538752474", "license": "public", "citation_ids": [77084656], "posted_on": "2020-03-05T22:55:06+00:00", "summary": "\u201cAll of us in health care leadership positions should work to strengthen the communication readiness and response of our international institutions.\u201d \n\nRead more about appropriate communication during an infectious disease outbreak: \n\n#IIGH #Globalhealth #", "author": {"name": "USC Institute on Inequalities in Global Health", "url": "https://www.facebook.com/174538752474", "facebook_wall_name": "USC Institute for Global Health", "image": "https://graph.facebook.com/174538752474/picture", "id_on_source": "174538752474"}}, {"title": "COVID-19: An Urgent Call for Coordinated, Trusted Sources to Tell Everyone What They Need to Know and Do - National Academy of Medicine", "url": "https://www.facebook.com/permalink.php?story_fbid=3267360696611359&id=575612435786212", "license": "public", "citation_ids": [77084656], "posted_on": "2020-03-09T13:15:18+00:00", "summary": "Scott Ratzan National Academy of Medicine: An urgent call for coordinated, trusted sources to tell everyone what they need to know and do #COVID19 #coronavirus", "author": {"name": "Harvard Kennedy School's Mossavar-Rahmani Center for Business & Government", "url": "https://www.facebook.com/575612435786212", "facebook_wall_name": "Harvard Kennedy School's Mossavar-Rahmani Center for Business & Government", "image": "https://graph.facebook.com/575612435786212/picture", "id_on_source": "575612435786212"}}, {"title": "Timeline Photos", "url": "https://www.facebook.com/permalink.php?story_fbid=1144086202603305&id=123964787948790", "license": "public", "citation_ids": [77084656], "posted_on": "2020-03-09T14:30:35+00:00", "summary": "Our new #NAMPerspectives on communication during a pandemic notes that when there is no new information to report, basic information like wash your hands and avoid exposure to people with flu-like symptoms can and should be reiterated: http://bit.ly/2TFOyL", "author": {"name": "National Academy of Medicine", "url": "https://www.facebook.com/123964787948790", "facebook_wall_name": "National Academy of Medicine", "image": "https://graph.facebook.com/123964787948790/picture", "id_on_source": "123964787948790"}}, {"title": "Timeline Photos", "url": "https://www.facebook.com/permalink.php?story_fbid=1147370905608168&id=123964787948790", "license": "public", "citation_ids": [77084656], "posted_on": "2020-03-13T19:00:05+00:00", "summary": "As a potential infectious disease outbreak is growing, the public needs reliable & actionable information to help them understand their risk of exposure as they go about their lives. A new #NAMPerspectives outlines a coordinated approach: http://bit.ly/2TF", "author": {"name": "National Academy of Medicine", "url": "https://www.facebook.com/123964787948790", "facebook_wall_name": "National Academy of Medicine", "image": "https://graph.facebook.com/123964787948790/picture", "id_on_source": "123964787948790"}}]}, "score": 144.78, "images": {"small": "https://badges.altmetric.com/?size=64&score=145&types=mbtttttf", "medium": "https://badges.altmetric.com/?size=100&score=145&types=mbtttttf", "large": "https://badges.altmetric.com/?size=180&score=145&types=mbtttttf"}}