{"altmetric_id": 74325332, "counts": {"readers": {"mendeley": 0, "citeulike": 0, "connotea": 0}, "total": {"posts_count": 1}, "twitter": {"unique_users_count": 1, "posts_count": 1}}, "citation": {"altmetric_jid": "52f8bc933cf058d4628b456a", "authors": ["Jim\u00e9nez Fern\u00e1ndez, Daniel", "Hess, Sandra", "Knobeloch, Klaus-Peter"], "doi": "10.3389/fchem.2019.00923", "first_seen_on": "2020-01-21T19:04:16+00:00", "issns": ["2296-2646"], "journal": "Frontiers in Chemistry", "last_mentioned_on": 1579633441, "links": ["https://www.frontiersin.org/articles/10.3389/fchem.2019.00923/full?utm_source=S-TWT&utm_medium=SNET&utm_campaign=ECO_FCHEM_XXXXXXXX_auto-dlvrit"], "pdf_url": "https://www.frontiersin.org/articles/10.3389/fchem.2019.00923/pdf", "epubdate": "2020-01-21T00:00:00+00:00", "publisher": "Frontiers Media SA", "title": "Strategies to Target ISG15 and USP18 Toward Therapeutic Applications", "type": "article"}, "altmetric_score": {"score": 0.25, "score_history": {"1y": 0.25, "6m": 0.25, "3m": 0.25, "1m": 0, "1w": 0, "6d": 0, "5d": 0, "4d": 0, "3d": 0, "2d": 0, "1d": 0, "at": 0.25}, "context_for_score": {"all": {"total_number_of_other_articles": 14361097, "mean": 8.3933806492087, "rank": 12695470, "this_scored_higher_than_pct": 1, "this_scored_higher_than": 0, "rank_type": "exact", "sample_size": 14361097, "percentile": 1}, "similar_age_3m": {"total_number_of_other_articles": 190375, "mean": 12.382644877977, "rank": 152965, "this_scored_higher_than_pct": 1, "this_scored_higher_than": 0, "rank_type": "exact", "sample_size": 190375, "percentile": 1}, "this_journal": {"total_number_of_other_articles": 1895, "mean": 2.1058996832101, "rank": 903, "this_scored_higher_than_pct": 1, "this_scored_higher_than": 0, "rank_type": "exact", "sample_size": 1895, "percentile": 1}, "similar_age_this_journal_3m": {"total_number_of_other_articles": 20, "mean": 1.1052631578947, "rank": 12, "this_scored_higher_than_pct": 1, "this_scored_higher_than": 0, "rank_type": "exact", "sample_size": 20, "percentile": 1}}}, "demographics": {"poster_types": {"researcher": 1}, "users": {"twitter": {"cohorts": {"Scientists": 1}}}, "geo": {"twitter": {"CH": 1}}}, "posts": {"twitter": [{"license": "gnip", "citation_ids": [74325332], "author": {"tweeter_id": "1329244129"}, "tweet_id": "1219697172716777472"}]}, "score": 0.25, "images": {"small": "https://badges.altmetric.com/?size=64&score=1&types=tttttttt", "medium": "https://badges.altmetric.com/?size=100&score=1&types=tttttttt", "large": "https://badges.altmetric.com/?size=180&score=1&types=tttttttt"}}