{"altmetric_id": 77458011, "counts": {"readers": {"mendeley": 0, "citeulike": 0, "connotea": 0}, "news": {"unique_users_count": 4, "unique_users": ["the_conversation", "foreign_affairs_new_zealand", "the_national_interest", "salon"], "posts_count": 4}, "total": {"posts_count": 5}, "twitter": {"unique_users_count": 1, "posts_count": 1}}, "citation": {"altmetric_jid": "4f6fa61d3cf058f6100078a4", "authors": ["Jin-Won Noh", "Ki-Bong Yoo", "Young Dae Kwon", "Jin Hyuk Hong", "Yejin Lee", "Kisoo Park"], "doi": "10.3390/ijerph17010305", "first_seen_on": "2020-03-13T14:11:58+00:00", "issns": ["1660-4601"], "journal": "International Journal of Environmental Research and Public Health", "last_mentioned_on": 1584463806, "links": ["https://doi.org/10.3390/ijerph17010305", "https://www.mdpi.com/1660-4601/17/1/305/htm"], "pdf_url": "https://www.mdpi.com/1660-4601/17/1/305/pdf", "pmid": "31906369", "epubdate": "2020-01-01T00:00:00+00:00", "publisher_subjects": [{"name": "Multidisciplinary", "scheme": "era"}], "scopus_subjects": ["Health Sciences", "Physical Sciences", "Medicine", "Environmental Science"], "title": "Effect of Information Disclosure Policy on Control of Infectious Disease: MERS-CoV Outbreak in South Korea", "type": "article"}, "altmetric_score": {"score": 35.5, "score_history": {"1y": 35.5, "6m": 35.5, "3m": 35.5, "1m": 35.5, "1w": 35.5, "6d": 35.5, "5d": 35.5, "4d": 20.5, "3d": 20.5, "2d": 12.5, "1d": 0.5, "at": 35.5}, "context_for_score": {"all": {"total_number_of_other_articles": 14514075, "mean": 8.4649159282122, "rank": 534264, "this_scored_higher_than_pct": 96, "this_scored_higher_than": 13979087, "rank_type": "exact", "sample_size": 14514075, "percentile": 96}, "similar_age_3m": {"total_number_of_other_articles": 146007, "mean": 13.926385463611, "rank": 8839, "this_scored_higher_than_pct": 93, "this_scored_higher_than": 137160, "rank_type": "exact", "sample_size": 146007, "percentile": 93}, "this_journal": {"total_number_of_other_articles": 8221, "mean": 9.1687326034063, "rank": 410, "this_scored_higher_than_pct": 95, "this_scored_higher_than": 7811, "rank_type": "exact", "sample_size": 8221, "percentile": 95}, "similar_age_this_journal_3m": {"total_number_of_other_articles": 114, "mean": 8.9266902654867, "rank": 3, "this_scored_higher_than_pct": 97, "this_scored_higher_than": 111, "rank_type": "exact", "sample_size": 114, "percentile": 97}}}, "demographics": {"poster_types": {"member_of_the_public": 1}, "users": {"twitter": {"cohorts": {"Members of the public": 1}}}, "geo": {"twitter": {"CA": 1}}}, "posts": {"news": [{"title": "With COVID-19 containment efforts, what are the privacy rights of patients?", "url": "http://ct.moreover.com/?a=41627511385&p=1pl&v=1&x=7fJJCCa9wFbd74HJxEugow", "license": "public", "citation_ids": [77458011, 77457221, 77457221], "posted_on": "2020-03-13T13:58:54+00:00", "summary": "As an epicenter of the COVID-19 outbreak, China has launched an unprecedented effort to control the disease, locking down Wuhan in the province of Hubei \u2014 a megacity of 11 million people.", "author": {"name": "The Conversation", "url": "http://theconversation.com", "image": "https://s3.amazonaws.com/weyland.altmetric.com/news_sources/logos/000/000/071/normal/the_conversation.png?1369846953"}}, {"title": "MIL-OSI Global: With COVID-19 containment efforts, what are the privacy rights of patients?", "url": "http://ct.moreover.com/?a=41613370010&p=1pl&v=1&x=8vnKnGvzAvBSmSB9ACg1Xw", "license": "public", "citation_ids": [77458011, 77457221], "posted_on": "2020-03-13T14:19:30+00:00", "summary": "\u2013 By Hongyu Zhang, PhD Student in Geography, McGill University As an epicenter of the COVID-19 outbreak, China has launched an unprecedented effort to control the disease, locking down Wuhan in the province of Hubei \u2014.", "author": {"name": "Foreign Affairs New Zealand", "url": "http://foreignaffairs.co.nz/", "image": "https://s3.amazonaws.com/weyland.altmetric.com/news_sources/logos/000/001/827/normal/Screen_Shot_2016-01-27_at_10.47.41.png?1453891760"}}, {"title": "Coronavirus: What Are Our Privacy Rights During a Crisis?", "url": "http://ct.moreover.com/?a=41629008744&p=1pl&v=1&x=Dt9MkmPoV_sYxufv36xB9g", "license": "public", "citation_ids": [77458011, 77457221, 77457221], "posted_on": "2020-03-15T15:45:14+00:00", "summary": "As an epicenter of the COVID-19 outbreak, China has launched an unprecedented effort to control the disease, locking down Wuhan in the province of Hubei \u2014 a megacity of 11 million people.", "author": {"name": "The National Interest", "url": "https://nationalinterest.org/", "image": "https://s3.amazonaws.com/weyland.altmetric.com/news_sources/logos/000/003/348/normal/national.PNG?1568173951"}}, {"title": "With COVID-19 containment efforts, what are the privacy rights of patients?", "url": "http://ct.moreover.com/?a=41635014770&p=1pl&v=1&x=kV3Fd4aMTtvkigdStPBsaA", "license": "public", "citation_ids": [77458011, 77457221, 77457221], "posted_on": "2020-03-16T10:30:01+00:00", "summary": "As an epicenter of the COVID-19 outbreak, China has launched an unprecedented effort to control the disease, locking down Wuhan in the province of Hubei a megacity of 11 million people.", "author": {"name": "Salon", "url": "http://salon.com", "image": "https://s3.amazonaws.com/weyland.altmetric.com/news_sources/logos/000/000/290/normal/Screen_Shot_2016-01-06_at_15.18.42.png?1452093542"}}], "twitter": [{"license": "gnip", "citation_ids": [77458011], "author": {"tweeter_id": "442171917"}, "tweet_id": "1239957192054321152"}]}, "score": 35.5, "images": {"small": "https://badges.altmetric.com/?size=64&score=36&types=mmmmmmtt", "medium": "https://badges.altmetric.com/?size=100&score=36&types=mmmmmmtt", "large": "https://badges.altmetric.com/?size=180&score=36&types=mmmmmmtt"}}