{"altmetric_id": 77333105, "counts": {"readers": {"mendeley": 0, "citeulike": 0, "connotea": 0}, "total": {"posts_count": 6}, "twitter": {"unique_users_count": 5, "posts_count": 6}}, "citation": {"altmetric_jid": "4f6fa6023cf058f610006392", "authors": ["Joseph R. Hageman"], "doi": "10.3928/19382359-20200219-01", "first_seen_on": "2020-03-11T10:04:50+00:00", "issns": ["1938-2359"], "journal": "Pediatric Annals", "last_mentioned_on": 1584523981, "links": ["https://www.ncbi.nlm.nih.gov/pubmed/32155273?dopt=Abstract&utm_source=dlvr.it&utm_medium=twitter", "https://www.healio.com/pediatrics/journals/pedann/2020-3-49-3/%7B32031a8e-ebfe-49c3-ba17-e14bc67c8e61%7D/the-coronavirus-disease-2019-covid-19?utm_medium=social&utm_source=twitter&utm_campaign=sociallinks", "https://www.healio.com/pediatrics/journals/pedann/2020-3-49-3/%7B32031a8e-ebfe-49c3-ba17-e14bc67c8e61%7D/the-coronavirus-disease-2019-covid-19"], "pdf_url": "https://www.healio.com/pediatrics/journals/pedann/2020-3-49-3/{32031a8e-ebfe-49c3-ba17-e14bc67c8e61}/the-coronavirus-disease-2019-covid-19.pdf", "pmid": "32155273", "pubdate": "2020-03-01T00:00:00+00:00", "publisher_subjects": [{"name": "Paediatrics And Reproductive Medicine", "scheme": "era"}], "scopus_subjects": ["Medicine", "Health Sciences"], "title": "The Coronavirus Disease 2019 (COVID-19)", "type": "article"}, "altmetric_score": {"score": 3, "score_history": {"1y": 3, "6m": 3, "3m": 3, "1m": 3, "1w": 2.75, "6d": 2.75, "5d": 1.75, "4d": 1.25, "3d": 0.25, "2d": 0.25, "1d": 0.25, "at": 3}, "context_for_score": {"all": {"total_number_of_other_articles": 14518712, "mean": 8.4679625195264, "rank": 4428834, "this_scored_higher_than_pct": 49, "this_scored_higher_than": 7231370, "rank_type": "exact", "sample_size": 14518712, "percentile": 49}, "similar_age_3m": {"total_number_of_other_articles": 148757, "mean": 14.160004463686, "rank": 55127, "this_scored_higher_than_pct": 62, "this_scored_higher_than": 92779, "rank_type": "exact", "sample_size": 148757, "percentile": 62}, "this_journal": {"total_number_of_other_articles": 725, "mean": 3.5272762430939, "rank": 164, "this_scored_higher_than_pct": 61, "this_scored_higher_than": 445, "rank_type": "exact", "sample_size": 725, "percentile": 61}, "similar_age_this_journal_3m": {"total_number_of_other_articles": 13, "mean": 1.1333333333333, "rank": 1, "this_scored_higher_than_pct": 92, "this_scored_higher_than": 12, "rank_type": "exact", "sample_size": 13, "percentile": 92}}}, "demographics": {"poster_types": {"member_of_the_public": 3, "practitioner": 1, "science_communicator": 1}, "users": {"twitter": {"cohorts": {"Members of the public": 3, "Science communicators (journalists, bloggers, editors)": 1, "Practitioners (doctors, other healthcare professionals)": 1}}}, "geo": {"twitter": {"GR": 1, "US": 1, "GB": 1}}}, "posts": {"twitter": [{"license": "gnip", "citation_ids": [77333105], "author": {"tweeter_id": "1191745846615957506"}, "tweet_id": "1237680808820797440"}, {"license": "gnip", "citation_ids": [77333105], "author": {"tweeter_id": "1031244054"}, "tweet_id": "1238227666240765952"}, {"license": "gnip", "citation_ids": [77333105], "author": {"tweeter_id": "582161900"}, "tweet_id": "1238478680365678593"}, {"license": "gnip", "citation_ids": [77333105], "author": {"tweeter_id": "918148929107189760"}, "tweet_id": "1238641001264267265"}, {"license": "gnip", "citation_ids": [77333105], "author": {"tweeter_id": "918148929107189760"}, "tweet_id": "1238865908275216384"}, {"license": "gnip", "citation_ids": [77333105], "author": {"tweeter_id": "1239315181882224640"}, "tweet_id": "1240209584481906688"}]}, "score": 3, "images": {"small": "https://badges.altmetric.com/?size=64&score=3&types=tttttttt", "medium": "https://badges.altmetric.com/?size=100&score=3&types=tttttttt", "large": "https://badges.altmetric.com/?size=180&score=3&types=tttttttt"}}