{"altmetric_id": 73992539, "counts": {"readers": {"mendeley": 0, "citeulike": 0, "connotea": 0}, "total": {"posts_count": 5}, "twitter": {"unique_users_count": 5, "posts_count": 5}}, "citation": {"altmetric_jid": "4f6fa52f3cf058f61000422e", "authors": ["Cui, Qinghua", "Du, Ruikun", "Liu, Miaomiao", "Rong, Lijun"], "doi": "10.3390/molecules25010183", "first_seen_on": "2020-01-14T06:24:14+00:00", "issns": ["1420-3049"], "journal": "Molecules", "last_mentioned_on": 1578992253, "links": ["https://www.mdpi.com/1420-3049/25/1/183"], "pdf_url": "https://www.mdpi.com/1420-3049/25/1/183/pdf", "pmid": "31906391", "epubdate": "2020-01-01T00:00:00+00:00", "publisher": "MDPI AG", "publisher_subjects": [{"name": "Organic Chemistry", "scheme": "era"}], "scopus_subjects": ["Physical Sciences", "Chemistry"], "title": "Lignans and Their Derivatives from Plants as Antivirals", "type": "article"}, "altmetric_score": {"score": 2.95, "score_history": {"1y": 2.95, "6m": 2.95, "3m": 2.95, "1m": 0, "1w": 0, "6d": 0, "5d": 0, "4d": 0, "3d": 0, "2d": 0, "1d": 0, "at": 2.95}, "context_for_score": {"all": {"total_number_of_other_articles": 14368603, "mean": 8.3964840043481, "rank": 7212947, "this_scored_higher_than_pct": 49, "this_scored_higher_than": 7140176, "rank_type": "exact", "sample_size": 14368603, "percentile": 49}, "similar_age_3m": {"total_number_of_other_articles": 292853, "mean": 12.982453737724, "rank": 115968, "this_scored_higher_than_pct": 60, "this_scored_higher_than": 176159, "rank_type": "exact", "sample_size": 292853, "percentile": 60}, "this_journal": {"total_number_of_other_articles": 9674, "mean": 2.7301691305696, "rank": 2179, "this_scored_higher_than_pct": 77, "this_scored_higher_than": 7485, "rank_type": "exact", "sample_size": 9674, "percentile": 77}, "similar_age_this_journal_3m": {"total_number_of_other_articles": 150, "mean": 2.3744966442953, "rank": 34, "this_scored_higher_than_pct": 77, "this_scored_higher_than": 116, "rank_type": "exact", "sample_size": 150, "percentile": 77}}}, "demographics": {"poster_types": {"member_of_the_public": 3, "researcher": 2}, "users": {"twitter": {"cohorts": {"Scientists": 2, "Members of the public": 3}}}, "geo": {"twitter": {"US": 1, "AU": 1}}}, "posts": {"twitter": [{"license": "gnip", "citation_ids": [73992539], "author": {"tweeter_id": "2257558088"}, "tweet_id": "1216969196304764935"}, {"license": "gnip", "citation_ids": [73992539], "author": {"tweeter_id": "413568227"}, "tweet_id": "1216969971172904961"}, {"license": "gnip", "citation_ids": [73992539], "author": {"tweeter_id": "249780392"}, "tweet_id": "1216973514466627584"}, {"license": "gnip", "citation_ids": [73992539], "author": {"tweeter_id": "2633703261"}, "tweet_id": "1216992208991215617"}, {"license": "gnip", "citation_ids": [73992539], "author": {"tweeter_id": "467062762"}, "tweet_id": "1217007835139100673"}]}, "score": 2.95, "images": {"small": "https://badges.altmetric.com/?size=64&score=3&types=tttttttt", "medium": "https://badges.altmetric.com/?size=100&score=3&types=tttttttt", "large": "https://badges.altmetric.com/?size=180&score=3&types=tttttttt"}}