{"altmetric_id": 76312039, "counts": {"readers": {"mendeley": 0, "citeulike": 0, "connotea": 0}, "total": {"posts_count": 1}, "twitter": {"unique_users_count": 1, "posts_count": 1}}, "citation": {"altmetric_jid": "4f6fa9293cf058f61000dd44", "authors": [", "], "doi": "10.3760/cma.j.issn.0254-6450.2020.03.001", "first_seen_on": "2020-02-18T21:17:19+00:00", "issns": ["0254-6450"], "issue": "3", "journal": "Zhonghua liu xing bing xue za zhi Zhonghua liuxingbingxue zazhi", "last_mentioned_on": 1582060623, "links": ["https://www.ncbi.nlm.nih.gov/pubmed/32061201?dopt=Abstract&utm_source=dlvr.it&utm_medium=twitter"], "pmid": "32061201", "pubdate": "2020-02-16T00:00:00+00:00", "scopus_subjects": ["Medicine", "Health Sciences"], "subjects": ["communicablediseases", "epidemiology"], "title": "[Cluster investigation Technical Guidelines for the 2019 Novel Coronavirus Pneumonia (COVID-19), China (1st Trial Version)].", "type": "article", "volume": "41"}, "altmetric_score": {"score": 0.25, "score_history": {"1y": 0.25, "6m": 0.25, "3m": 0.25, "1m": 0.25, "1w": 0, "6d": 0, "5d": 0, "4d": 0, "3d": 0, "2d": 0, "1d": 0, "at": 0.25}, "context_for_score": {"all": {"total_number_of_other_articles": 14389085, "mean": 8.4045074442442, "rank": 12719189, "this_scored_higher_than_pct": 1, "this_scored_higher_than": 0, "rank_type": "exact", "sample_size": 14389085, "percentile": 1}, "similar_age_3m": {"total_number_of_other_articles": 116683, "mean": 12.521622752438, "rank": 92273, "this_scored_higher_than_pct": 1, "this_scored_higher_than": 0, "rank_type": "exact", "sample_size": 116683, "percentile": 1}, "this_journal": {"total_number_of_other_articles": 368, "mean": 1.3971335149864, "rank": 227, "this_scored_higher_than_pct": 1, "this_scored_higher_than": 0, "rank_type": "exact", "sample_size": 368, "percentile": 1}, "similar_age_this_journal_3m": {"total_number_of_other_articles": 7, "mean": 22.483333333333, "rank": 4, "this_scored_higher_than_pct": 1, "this_scored_higher_than": 0, "rank_type": "exact", "sample_size": 7, "percentile": 1}}}, "demographics": {"poster_types": {"member_of_the_public": 1}, "users": {"twitter": {"cohorts": {"Members of the public": 1}}}}, "posts": {"twitter": [{"license": "gnip", "citation_ids": [76312039], "author": {"tweeter_id": "1191745846615957506"}, "tweet_id": "1229877512504659968"}]}, "score": 0.25, "images": {"small": "https://badges.altmetric.com/?size=64&score=1&types=tttttttt", "medium": "https://badges.altmetric.com/?size=100&score=1&types=tttttttt", "large": "https://badges.altmetric.com/?size=180&score=1&types=tttttttt"}}