{"altmetric_id": 76738935, "counts": {"readers": {"mendeley": 0, "citeulike": 0, "connotea": 0}, "total": {"posts_count": 4}, "twitter": {"unique_users_count": 4, "posts_count": 4}}, "citation": {"altmetric_jid": "4f6fa8203cf058f61000bc61", "authors": ["Wei, Jiangping", "Xu, Huaxiang", "Xiong, Jingliang", "Shen, Qinglin", "Fan, Bing", "Ye, Chenglong", "Dong, Wentao", "Hu, Fangfang"], "doi": "10.3348/kjr.2020.0112", "first_seen_on": "2020-02-27T11:10:36+00:00", "issns": ["1229-6929", "2005-8330"], "journal": "Korean Journal of Radiology", "last_mentioned_on": 1584004147, "links": ["https://www.ncbi.nlm.nih.gov/pubmed/32100486?dopt=Abstract&utm_source=dlvr.it&utm_medium=twitter", "https://www.ncbi.nlm.nih.gov/pubmed/32100486", "https://www.ncbi.nlm.nih.gov/m/pubmed/32100486/", "https://www.kjronline.org/DOIx.php?id=10.3348/kjr.2020.0112"], "pdf_url": "http://www.kjronline.org/Synapse/Data/PDFData/0068KJR/kjr-21-e25.pdf", "pmid": "32100486", "epubdate": "2020-01-01T00:00:00+00:00", "publisher": "The Korean Society of Radiology (KAMJE)", "scopus_subjects": ["Medicine", "Health Sciences"], "title": "2019 Novel Coronavirus (COVID-19) Pneumonia: Serial Computer Tomography Findings", "type": "article"}, "altmetric_score": {"score": 2.5, "score_history": {"1y": 2.5, "6m": 2.5, "3m": 2.5, "1m": 2.5, "1w": 1, "6d": 1, "5d": 0, "4d": 0, "3d": 0, "2d": 0, "1d": 0, "at": 2.5}, "context_for_score": {"all": {"total_number_of_other_articles": 14515761, "mean": 8.4675267257013, "rank": 7495082, "this_scored_higher_than_pct": 47, "this_scored_higher_than": 6924280, "rank_type": "exact", "sample_size": 14515761, "percentile": 47}, "similar_age_3m": {"total_number_of_other_articles": 161141, "mean": 14.369412386745, "rank": 65051, "this_scored_higher_than_pct": 58, "this_scored_higher_than": 94821, "rank_type": "exact", "sample_size": 161141, "percentile": 58}, "this_journal": {"total_number_of_other_articles": 321, "mean": 2.61024375, "rank": 116, "this_scored_higher_than_pct": 63, "this_scored_higher_than": 204, "rank_type": "exact", "sample_size": 321, "percentile": 63}, "similar_age_this_journal_3m": {"total_number_of_other_articles": 1, "mean": 0, "rank": 1, "this_scored_higher_than_pct": 1, "this_scored_higher_than": 0, "rank_type": "exact", "sample_size": 1, "percentile": 1}}}, "demographics": {"poster_types": {"member_of_the_public": 4}, "users": {"twitter": {"cohorts": {"Members of the public": 4}}}, "geo": {"twitter": {"FR": 1}}}, "posts": {"twitter": [{"license": "gnip", "citation_ids": [76738935], "author": {"tweeter_id": "1191745846615957506"}, "tweet_id": "1232985745247240193"}, {"license": "gnip", "citation_ids": [76738935], "author": {"tweeter_id": "1099494762296397824"}, "tweet_id": "1233212344890777600"}, {"license": "gnip", "citation_ids": [76738935], "author": {"tweeter_id": "712900826784661504"}, "tweet_id": "1234653831973101569"}, {"license": "gnip", "citation_ids": [76738935], "author": {"tweeter_id": "992370623514017792"}, "tweet_id": "1238029242316795904"}]}, "score": 2.5, "images": {"small": "https://badges.altmetric.com/?size=64&score=3&types=tttttttt", "medium": "https://badges.altmetric.com/?size=100&score=3&types=tttttttt", "large": "https://badges.altmetric.com/?size=180&score=3&types=tttttttt"}}