{"altmetric_id": 75313696, "counts": {"readers": {"mendeley": 0, "citeulike": 0, "connotea": 0}, "total": {"posts_count": 6}, "twitter": {"unique_users_count": 6, "posts_count": 6}}, "citation": {"abstract": "Objective: To analyze the clinical characteristics of 2019 novel coronavirus (2019-nCoV) pneumonia and to investigate the correlation between serum inflammatory cytokines and severity of the disease. Methods: 29 patients with 2019-ncov admitted to the isolation ward of Tongji hospital affiliated to Tongji medical college of Huazhong University of Science and Technology in January 2020 were selected as the study subjects. Clinical data were collected and the general information, clinical symptoms, blood test and CT imaging characteristics were analyzed. According to the relevant diagnostic criteria, the patients were divided into three groups: mild (15 cases), severe (9 cases) and critical (5 cases). The expression levels of inflammatory cytokines and other markers in the serum of each group were detected, and the changes of these indicators of the three groups were compared and analyzed, as well as their relationship with the clinical classification of the disease. Results: (1) The main symptoms of 2019-nCoV pneumonia was fever (28/29) with or without respiratory and other systemic symptoms. Two patients died with underlying disease and co-bacterial infection, respectively. (2) The blood test of the patients showed normal or decreased white blood cell count (23/29), decreased lymphocyte count (20/29), increased hypersensitive C reactive protein (hs-CRP) (27/29), and normal procalcitonin. In most patients,serum lactate dehydrogenase (LDH) was significantly increased (20/29), while albumin was decreased(15/29). Alanine aminotransferase (ALT), aspartate aminotransferase (AST), total bilirubin (Tbil), serum creatinine (Scr) and other items showed no significant changes. (3) CT findings of typical cases were single or multiple patchy ground glass shadows accompanied by septal thickening. When the disease progresses, the lesion increases and the scope expands, and the ground glass shadow coexists with the solid shadow or the stripe shadow. (4) There were statistically significant differences in the expression levels of interleukin-2 receptor (IL-2R) and IL-6 in the serum of the three groups (P<0.05), among which the critical group was higher than the severe group and the severe group was higher than the mildgroup. However, there were no statistically significant differences in serum levels of tumor necrosis factor-alpha (TNF-\u03b1), IL-1, IL-8, IL-10, hs-CRP, lymphocyte count and LDH among the three groups (P>0.05). Conclusion: The clinical characteristics of 2019-nCoV pneumonia are similar to those of common viral pneumonia. High resolution CT is of great value in the differential diagnosis of this disease. The increased expression of IL-2R and IL-6 in serum is expected to predict the severity of the 2019-nCoV pneumonia and the prognosis of patients.", "altmetric_jid": "4f6fa9273cf058f61000dd08", "authors": ["Chen, L", "Liu, H G", "Liu, W", "Liu, J", "Liu, K", "Shang, J", "Deng, Y", "Wei, S"], "doi": "10.3760/cma.j.issn.1001-0939.2020.0005", "first_seen_on": "2020-02-07T11:05:48+00:00", "issns": ["1001-0939"], "journal": "Zhonghua jie he he hu xi za zhi Zhonghua jiehe he huxi zazhi Chinese journal of tuberculosis and respiratory diseases", "last_mentioned_on": 1584526306, "links": ["https://www.ncbi.nlm.nih.gov/pubmed/32026671?dopt=Abstract&utm_source=dlvr.it&utm_medium=twitter", "https://www.ncbi.nlm.nih.gov/pubmed/32026671", "https://www.ncbi.nlm.nih.gov/m/pubmed/32026671/?i=27&from=/trending"], "pmid": "32026671", "pubdate": "2020-02-06T00:00:00+00:00", "scopus_subjects": ["Medicine", "Health Sciences"], "subjects": ["pulmonarymedicine"], "title": "[Analysis of clinical features of 29 patients with 2019 novel coronavirus pneumonia].", "type": "article", "volume": "43"}, "altmetric_score": {"score": 4.35, "score_history": {"1y": 4.35, "6m": 4.35, "3m": 4.35, "1m": 2.85, "1w": 1.85, "6d": 1.85, "5d": 1.85, "4d": 1.85, "3d": 1.85, "2d": 1.85, "1d": 1.85, "at": 4.35}, "context_for_score": {"all": {"total_number_of_other_articles": 14518712, "mean": 8.4679625195264, "rank": 3755527, "this_scored_higher_than_pct": 73, "this_scored_higher_than": 10739934, "rank_type": "exact", "sample_size": 14518712, "percentile": 73}, "similar_age_3m": {"total_number_of_other_articles": 233938, "mean": 13.771934777312, "rank": 74426, "this_scored_higher_than_pct": 67, "this_scored_higher_than": 158917, "rank_type": "exact", "sample_size": 233938, "percentile": 67}, "this_journal": {"total_number_of_other_articles": 227, "mean": 5.8791150442478, "rank": 10, "this_scored_higher_than_pct": 95, "this_scored_higher_than": 217, "rank_type": "exact", "sample_size": 227, "percentile": 95}, "similar_age_this_journal_3m": {"total_number_of_other_articles": 42, "mean": 29.53, "rank": 8, "this_scored_higher_than_pct": 80, "this_scored_higher_than": 34, "rank_type": "exact", "sample_size": 42, "percentile": 80}}}, "demographics": {"poster_types": {"member_of_the_public": 6}, "users": {"twitter": {"cohorts": {"Members of the public": 6}}}, "geo": {"twitter": {"ES": 1}}}, "posts": {"twitter": [{"license": "gnip", "citation_ids": [75313696], "author": {"tweeter_id": "1191745846615957506"}, "tweet_id": "1225737360920338432"}, {"license": "gnip", "citation_ids": [75313696], "author": {"tweeter_id": "1227395034787405825"}, "tweet_id": "1227400048452886528"}, {"license": "gnip", "citation_ids": [75313696], "author": {"tweeter_id": "833966905"}, "tweet_id": "1227882831516336129"}, {"license": "gnip", "citation_ids": [75313696], "author": {"tweeter_id": "975716832920268801"}, "tweet_id": "1237062626506502144"}, {"license": "gnip", "citation_ids": [75313696], "author": {"tweeter_id": "1010589840184930312"}, "tweet_id": "1240025120619593737"}, {"license": "gnip", "citation_ids": [75313696], "author": {"tweeter_id": "1188923800693420032"}, "tweet_id": "1240219336901525504"}]}, "score": 4.35, "images": {"small": "https://badges.altmetric.com/?size=64&score=5&types=tttttttt", "medium": "https://badges.altmetric.com/?size=100&score=5&types=tttttttt", "large": "https://badges.altmetric.com/?size=180&score=5&types=tttttttt"}}