{"altmetric_id": 76307512, "counts": {"readers": {"mendeley": 0, "citeulike": 0, "connotea": 0}, "total": {"posts_count": 18}, "twitter": {"unique_users_count": 18, "posts_count": 18}}, "citation": {"altmetric_jid": "56c1ef652a83ee09648b4f1a", "authors": ["Stephanie N. Langel", "Qiuhong Wang", "Anastasia N. Vlasova", "Linda J. Saif"], "doi": "10.3390/pathogens9020130", "first_seen_on": "2020-02-18T18:35:16+00:00", "handles": [], "isbns": [], "issns": ["2076-0817"], "journal": "Pathogens", "last_mentioned_on": 1582455752, "links": ["https://www.mdpi.com/2076-0817/9/2/130", "https://www.ncbi.nlm.nih.gov/pubmed/32085410?dopt=Abstract&utm_source=dlvr.it&utm_medium=twitter"], "pdf_url": "https://www.mdpi.com/2076-0817/9/2/130/pdf", "pmid": "32085410", "epubdate": "2020-02-18T00:00:00+00:00", "title": "Host Factors Affecting Generation of Immunity Against Porcine Epidemic Diarrhea Virus in Pregnant and Lactating Swine and Passive Protection of Neonates", "type": "article"}, "altmetric_score": {"score": 8.8, "score_history": {"1y": 8.8, "6m": 8.8, "3m": 8.8, "1m": 8.8, "1w": 0, "6d": 0, "5d": 0, "4d": 0, "3d": 0, "2d": 0, "1d": 0, "at": 8.8}, "context_for_score": {"all": {"total_number_of_other_articles": 14418392, "mean": 8.4163270823946, "rank": 2062562, "this_scored_higher_than_pct": 85, "this_scored_higher_than": 12352024, "rank_type": "exact", "sample_size": 14418392, "percentile": 85}, "similar_age_3m": {"total_number_of_other_articles": 126404, "mean": 12.899073439713, "rank": 24093, "this_scored_higher_than_pct": 80, "this_scored_higher_than": 102246, "rank_type": "exact", "sample_size": 126404, "percentile": 80}, "this_journal": {"total_number_of_other_articles": 552, "mean": 3.4264283121597, "rank": 44, "this_scored_higher_than_pct": 92, "this_scored_higher_than": 508, "rank_type": "exact", "sample_size": 552, "percentile": 92}, "similar_age_this_journal_3m": {"total_number_of_other_articles": 8, "mean": 3.4928571428571, "rank": 2, "this_scored_higher_than_pct": 75, "this_scored_higher_than": 6, "rank_type": "exact", "sample_size": 8, "percentile": 75}}}, "demographics": {"poster_types": {"member_of_the_public": 7, "researcher": 9, "science_communicator": 2}, "users": {"twitter": {"cohorts": {"Scientists": 9, "Members of the public": 7, "Science communicators (journalists, bloggers, editors)": 2}}}, "geo": {"twitter": {"LK": 1, "US": 7, "CA": 1, "CH": 1}}}, "posts": {"twitter": [{"license": "gnip", "citation_ids": [76307512], "author": {"tweeter_id": "270609578"}, "tweet_id": "1229837416950718464"}, {"license": "gnip", "citation_ids": [76307512], "author": {"tweeter_id": "876421490"}, "tweet_id": "1229837871089012736"}, {"license": "gnip", "citation_ids": [76307512], "author": {"tweeter_id": "574541212"}, "tweet_id": "1229841449350504450"}, {"license": "gnip", "citation_ids": [76307512], "author": {"tweeter_id": "844551121427324929"}, "tweet_id": "1229852637010571265"}, {"license": "gnip", "citation_ids": [76307512], "author": {"tweeter_id": "2441878111"}, "tweet_id": "1229853266663489536"}, {"license": "gnip", "citation_ids": [76307512], "author": {"tweeter_id": "1011711384437051393"}, "tweet_id": "1229883128753348608"}, {"license": "gnip", "citation_ids": [76307512], "author": {"tweeter_id": "787719983400755200"}, "tweet_id": "1229922838037049344"}, {"license": "gnip", "citation_ids": [76307512], "author": {"tweeter_id": "1223307253236817922"}, "tweet_id": "1229926504462770182"}, {"license": "gnip", "citation_ids": [76307512], "author": {"tweeter_id": "3317219857"}, "tweet_id": "1229934400017780737"}, {"license": "gnip", "citation_ids": [76307512], "author": {"tweeter_id": "2691075720"}, "tweet_id": "1229955337953910785"}, {"license": "gnip", "citation_ids": [76307512], "author": {"tweeter_id": "879898535667400705"}, "tweet_id": "1229955479452946432"}, {"license": "gnip", "citation_ids": [76307512], "author": {"tweeter_id": "3623245933"}, "tweet_id": "1229956862776430593"}, {"license": "gnip", "citation_ids": [76307512], "author": {"tweeter_id": "1221334570647162881"}, "tweet_id": "1229959076441817088"}, {"license": "gnip", "citation_ids": [76307512], "author": {"tweeter_id": "3438193647"}, "tweet_id": "1229971172948791297"}, {"license": "gnip", "citation_ids": [76307512], "author": {"tweeter_id": "810208785109319680"}, "tweet_id": "1229975154773487618"}, {"license": "gnip", "citation_ids": [76307512], "author": {"tweeter_id": "891331681810034689"}, "tweet_id": "1229981741147971584"}, {"license": "gnip", "citation_ids": [76307512], "author": {"tweeter_id": "18662542"}, "tweet_id": "1230086159750950914"}, {"license": "gnip", "citation_ids": [76307512], "author": {"tweeter_id": "1191745846615957506"}, "tweet_id": "1231534803326889985"}]}, "score": 8.8, "images": {"small": "https://badges.altmetric.com/?size=64&score=9&types=tttttttt", "medium": "https://badges.altmetric.com/?size=100&score=9&types=tttttttt", "large": "https://badges.altmetric.com/?size=180&score=9&types=tttttttt"}}