{"altmetric_id": 77034432, "counts": {"readers": {"mendeley": 0, "citeulike": 0, "connotea": 0}, "total": {"posts_count": 3}, "twitter": {"unique_users_count": 3, "posts_count": 3}}, "citation": {"authors": ["Olivia Williams"], "doi": "10.33321/cdi.2020.44.20", "first_seen_on": "2020-03-04T17:57:23+00:00", "issns": ["2209-6051"], "journal": "Communicable Diseases Intelligence", "last_mentioned_on": 1584515395, "links": ["https://www.ncbi.nlm.nih.gov/pubmed/32126197?dopt=Abstract&utm_source=dlvr.it&utm_medium=twitter"], "pmid": "32126197", "epubdate": "2020-03-04T00:00:00+00:00", "title": "COVID-19, Australia: Epidemiology Report 5: Reporting week ending 19:00 AEDT 29 February 2020", "type": "article"}, "altmetric_score": {"score": 1.35, "score_history": {"1y": 1.35, "6m": 1.35, "3m": 1.35, "1m": 1.35, "1w": 1.1, "6d": 1.1, "5d": 1.1, "4d": 1.1, "3d": 1.1, "2d": 1.1, "1d": 1.1, "at": 1.35}, "context_for_score": null}, "demographics": {"poster_types": {"member_of_the_public": 2, "practitioner": 1}, "users": {"twitter": {"cohorts": {"Members of the public": 2, "Practitioners (doctors, other healthcare professionals)": 1}}}, "geo": {"twitter": {"GB": 2}}}, "posts": {"twitter": [{"license": "gnip", "citation_ids": [77034432], "author": {"tweeter_id": "1191745846615957506"}, "tweet_id": "1235159817120972800"}, {"license": "gnip", "citation_ids": [77034432], "author": {"tweeter_id": "1239315181882224640"}, "tweet_id": "1240173099884003331"}, {"license": "gnip", "citation_ids": [77034432], "author": {"tweeter_id": "3472899689"}, "tweet_id": "1240173571714015234"}]}, "score": 1.35, "images": {"small": "https://badges.altmetric.com/?size=64&score=2&types=tttttttt", "medium": "https://badges.altmetric.com/?size=100&score=2&types=tttttttt", "large": "https://badges.altmetric.com/?size=180&score=2&types=tttttttt"}}