{"altmetric_id": 76683299, "counts": {"readers": {"mendeley": 0, "citeulike": 0, "connotea": 0}, "total": {"posts_count": 10}, "twitter": {"unique_users_count": 9, "posts_count": 10}}, "citation": {"altmetric_jid": "56c1ef742a83ee09648b51a3", "authors": ["Gerard Kian-Meng Goh", "A. Keith Dunker", "James A. Foster", "Vladimir N. Uversky"], "doi": "10.3390/biom10020331", "first_seen_on": "2020-02-26T08:38:23+00:00", "issns": ["2218-273X"], "journal": "Biomolecules", "last_mentioned_on": 1584308208, "links": ["https://www.mdpi.com/2218-273X/10/2/331", "https://www.ncbi.nlm.nih.gov/pubmed/32092911?dopt=Abstract&utm_source=dlvr.it&utm_medium=twitter", "https://www.mdpi.com/2218-273X/10/2/331/htm", "https://www.mdpi.com/2218-273X/10/2/331/htm?fbclid=IwAR1Dp9-5yqGcbbpw73Brjz1O-O_r2wagvb8mnBmCpyUUsnB9SQlU5JXu3S8", "https://www.ncbi.nlm.nih.gov/pubmed/32092911"], "pdf_url": "https://www.mdpi.com/2218-273X/10/2/331/pdf", "pmid": "32092911", "epubdate": "2020-02-19T00:00:00+00:00", "title": "Rigidity of the Outer Shell Predicted by a Protein Intrinsic Disorder Model Sheds Light on the COVID-19 (Wuhan-2019-nCoV) Infectivity", "type": "article"}, "altmetric_score": {"score": 5.25, "score_history": {"1y": 5.25, "6m": 5.25, "3m": 5.25, "1m": 5.25, "1w": 0.5, "6d": 0.5, "5d": 0.5, "4d": 0.5, "3d": 0.5, "2d": 0, "1d": 0, "at": 5.25}, "context_for_score": {"all": {"total_number_of_other_articles": 14515774, "mean": 8.4677073350393, "rank": 3396375, "this_scored_higher_than_pct": 76, "this_scored_higher_than": 11105011, "rank_type": "exact", "sample_size": 14515774, "percentile": 76}, "similar_age_3m": {"total_number_of_other_articles": 161434, "mean": 14.382834401888, "rank": 45469, "this_scored_higher_than_pct": 71, "this_scored_higher_than": 115837, "rank_type": "exact", "sample_size": 161434, "percentile": 71}, "this_journal": {"total_number_of_other_articles": 1099, "mean": 3.6083005464481, "rank": 157, "this_scored_higher_than_pct": 85, "this_scored_higher_than": 940, "rank_type": "exact", "sample_size": 1099, "percentile": 85}, "similar_age_this_journal_3m": {"total_number_of_other_articles": 19, "mean": 4.5611111111111, "rank": 3, "this_scored_higher_than_pct": 84, "this_scored_higher_than": 16, "rank_type": "exact", "sample_size": 19, "percentile": 84}}}, "demographics": {"poster_types": {"member_of_the_public": 7, "researcher": 2}, "users": {"twitter": {"cohorts": {"Members of the public": 7, "Scientists": 2}}}, "geo": {"twitter": {"JP": 1, "US": 1}}}, "posts": {"twitter": [{"license": "gnip", "citation_ids": [76683299], "author": {"tweeter_id": "1046134995784519686"}, "tweet_id": "1232585205678039042"}, {"license": "gnip", "citation_ids": [76683299], "author": {"tweeter_id": "1191745846615957506"}, "tweet_id": "1232623108839751680"}, {"license": "gnip", "citation_ids": [76683299], "author": {"tweeter_id": "106091514"}, "tweet_id": "1232840422860345344"}, {"license": "gnip", "citation_ids": [76683299], "author": {"tweeter_id": "126203618"}, "tweet_id": "1233880550957432832"}, {"license": "gnip", "citation_ids": [76683299], "author": {"tweeter_id": "903970505480273920"}, "tweet_id": "1233955197430325248"}, {"license": "gnip", "citation_ids": [76683299], "author": {"tweeter_id": "2734557661"}, "tweet_id": "1234423802827853826"}, {"license": "gnip", "citation_ids": [76683299], "author": {"tweeter_id": "2861607093"}, "tweet_id": "1235018766888718336"}, {"license": "gnip", "citation_ids": [76683299], "author": {"tweeter_id": "297770842"}, "tweet_id": "1236229092686495745"}, {"license": "gnip", "citation_ids": [76683299], "author": {"tweeter_id": "850712117573537793"}, "tweet_id": "1236727035411783680"}, {"license": "gnip", "citation_ids": [76683299], "author": {"tweeter_id": "297770842"}, "tweet_id": "1239304565188509696"}]}, "score": 5.25, "images": {"small": "https://badges.altmetric.com/?size=64&score=6&types=tttttttt", "medium": "https://badges.altmetric.com/?size=100&score=6&types=tttttttt", "large": "https://badges.altmetric.com/?size=180&score=6&types=tttttttt"}}