{"altmetric_id": 75312883, "counts": {"readers": {"mendeley": 0, "citeulike": 0, "connotea": 0}, "total": {"posts_count": 2}, "twitter": {"unique_users_count": 2, "posts_count": 2}}, "citation": {"altmetric_jid": "4f6fa81f3cf058f61000bc03", "authors": ["Sukhyun Ryu", "Byung Chul Chun"], "doi": "10.4178/epih.e2020006", "first_seen_on": "2020-02-07T11:03:15+00:00", "handles": [], "isbns": [], "issns": ["2092-7193"], "journal": "Epidemiology and Health", "last_mentioned_on": 1581321089, "links": ["https://www.ncbi.nlm.nih.gov/pubmed/32023775?dopt=Abstract&utm_source=dlvr.it&utm_medium=twitter", "https://www.ncbi.nlm.nih.gov/pubmed/32023775"], "pmid": "32023775", "epubdate": "2020-02-06T00:00:00+00:00", "publisher": "Korean Society of Epidemiology", "title": "An interim review of the epidemiological characteristics of 2019 novel coronavirus", "type": "article"}, "altmetric_score": {"score": 0.75, "score_history": {"1y": 0.75, "6m": 0.75, "3m": 0.75, "1m": 0, "1w": 0, "6d": 0, "5d": 0, "4d": 0, "3d": 0, "2d": 0, "1d": 0, "at": 0.75}, "context_for_score": {"all": {"total_number_of_other_articles": 14484925, "mean": 8.445672526129, "rank": 11005365, "this_scored_higher_than_pct": 20, "this_scored_higher_than": 3001753, "rank_type": "exact", "sample_size": 14484925, "percentile": 20}, "similar_age_3m": {"total_number_of_other_articles": 220230, "mean": 13.197004000381, "rank": 144659, "this_scored_higher_than_pct": 29, "this_scored_higher_than": 65195, "rank_type": "exact", "sample_size": 220230, "percentile": 29}, "this_journal": {"total_number_of_other_articles": 159, "mean": 3.5445949367089, "rank": 70, "this_scored_higher_than_pct": 50, "this_scored_higher_than": 81, "rank_type": "exact", "sample_size": 159, "percentile": 50}, "similar_age_this_journal_3m": {"total_number_of_other_articles": 1, "mean": 0, "rank": 1, "this_scored_higher_than_pct": 1, "this_scored_higher_than": 0, "rank_type": "exact", "sample_size": 1, "percentile": 1}}}, "demographics": {"poster_types": {"member_of_the_public": 1, "practitioner": 1}, "users": {"twitter": {"cohorts": {"Members of the public": 1, "Practitioners (doctors, other healthcare professionals)": 1}}}, "geo": {"twitter": {"KR": 1}}}, "posts": {"twitter": [{"license": "gnip", "citation_ids": [75312883], "author": {"tweeter_id": "1191745846615957506"}, "tweet_id": "1225736728079560704"}, {"license": "gnip", "citation_ids": [75312883], "author": {"tweeter_id": "768627995279970304"}, "tweet_id": "1226775681050087424"}]}, "score": 0.75, "images": {"small": "https://badges.altmetric.com/?size=64&score=1&types=tttttttt", "medium": "https://badges.altmetric.com/?size=100&score=1&types=tttttttt", "large": "https://badges.altmetric.com/?size=180&score=1&types=tttttttt"}}