{"altmetric_id": 77498102, "counts": {"readers": {"mendeley": 0, "citeulike": 0, "connotea": 0}, "total": {"posts_count": 1}, "twitter": {"unique_users_count": 1, "posts_count": 1}}, "citation": {"altmetric_jid": "4f6fa81f3cf058f61000bc03", "authors": ["Sunhwa Choi Choi", "Moran Ki"], "doi": "10.4178/epih.e2020011", "first_seen_on": "2020-03-14T10:04:16+00:00", "issns": ["2092-7193"], "journal": "Epidemiology and Health", "last_mentioned_on": 1584180242, "links": ["https://www.ncbi.nlm.nih.gov/pubmed/32164053?dopt=Abstract&utm_source=dlvr.it&utm_medium=twitter"], "pmid": "32164053", "epubdate": "2020-03-12T00:00:00+00:00", "title": "Estimating the reproductive number and the outbreak size of Novel Coronavirus disease (COVID-19) using mathematical model in Republic of Korea", "type": "article"}, "altmetric_score": {"score": 0.25, "score_history": {"1y": 0.25, "6m": 0.25, "3m": 0.25, "1m": 0.25, "1w": 0.25, "6d": 0.25, "5d": 0.25, "4d": 0.25, "3d": 0, "2d": 0, "1d": 0, "at": 0.25}, "context_for_score": {"all": {"total_number_of_other_articles": 14515774, "mean": 8.4677073350393, "rank": 12828241, "this_scored_higher_than_pct": 1, "this_scored_higher_than": 0, "rank_type": "exact", "sample_size": 14515774, "percentile": 1}, "similar_age_3m": {"total_number_of_other_articles": 145182, "mean": 14.091801489176, "rank": 116635, "this_scored_higher_than_pct": 1, "this_scored_higher_than": 0, "rank_type": "exact", "sample_size": 145182, "percentile": 1}, "this_journal": {"total_number_of_other_articles": 161, "mean": 3.5096625, "rank": 143, "this_scored_higher_than_pct": 1, "this_scored_higher_than": 0, "rank_type": "exact", "sample_size": 161, "percentile": 1}, "similar_age_this_journal_3m": {"total_number_of_other_articles": 1, "mean": 0, "rank": 1, "this_scored_higher_than_pct": 1, "this_scored_higher_than": 0, "rank_type": "exact", "sample_size": 1, "percentile": 1}}}, "demographics": {"poster_types": {"member_of_the_public": 1}, "users": {"twitter": {"cohorts": {"Members of the public": 1}}}}, "posts": {"twitter": [{"license": "gnip", "citation_ids": [77498102], "author": {"tweeter_id": "1191745846615957506"}, "tweet_id": "1238767840334757889"}]}, "score": 0.25, "images": {"small": "https://badges.altmetric.com/?size=64&score=1&types=tttttttt", "medium": "https://badges.altmetric.com/?size=100&score=1&types=tttttttt", "large": "https://badges.altmetric.com/?size=180&score=1&types=tttttttt"}}