{"altmetric_id": 77536804, "counts": {"readers": {"mendeley": 0, "citeulike": 0, "connotea": 0}, "total": {"posts_count": 1}, "twitter": {"unique_users_count": 1, "posts_count": 1}}, "citation": {"authors": ["Peter K. Law"], "doi": "10.4236/ojrm.2020.91001", "first_seen_on": "2020-03-15T10:02:19+00:00", "issns": ["2169-2513", "2169-2521"], "journal": "Open Journal of Regenerative Medicine", "last_mentioned_on": 1584266527, "links": ["https://www.scirp.org/html/1-2390082_98735.htm"], "pdf_url": "http://www.scirp.org/journal/PaperDownload.aspx?paperID=98735", "pubdate": "2020-01-01T00:00:00+00:00", "title": "Emergent Serum Therapy and Antibody Medicine to Counteract Sudden Attacks of COVID-19 and Other Pathogenic Epidemics", "type": "article"}, "altmetric_score": {"score": 1, "score_history": {"1y": 1, "6m": 1, "3m": 1, "1m": 1, "1w": 1, "6d": 1, "5d": 1, "4d": 1, "3d": 1, "2d": 0, "1d": 0, "at": 1}, "context_for_score": null}, "demographics": {"poster_types": {"member_of_the_public": 1}, "users": {"twitter": {"cohorts": {"Members of the public": 1}}}}, "posts": {"twitter": [{"license": "gnip", "citation_ids": [77536804], "author": {"tweeter_id": "702248011250974721"}, "tweet_id": "1239129742034509825"}]}, "score": 1, "images": {"small": "https://badges.altmetric.com/?size=64&score=1&types=tttttttt", "medium": "https://badges.altmetric.com/?size=100&score=1&types=tttttttt", "large": "https://badges.altmetric.com/?size=180&score=1&types=tttttttt"}}