{"altmetric_id": 75712442, "counts": {"readers": {"mendeley": 0, "citeulike": 0, "connotea": 0}, "total": {"posts_count": 5}, "twitter": {"unique_users_count": 4, "posts_count": 5}}, "citation": {"altmetric_jid": "4f6fa81f3cf058f61000bc03", "authors": ["Moran Ki"], "doi": "10.4178/epih.e2020007", "first_seen_on": "2020-02-10T11:02:26+00:00", "handles": [], "isbns": [], "issns": ["2092-7193"], "journal": "Epidemiology and Health", "last_mentioned_on": 1581498007, "links": ["https://www.ncbi.nlm.nih.gov/pubmed/32035431?dopt=Abstract&utm_source=dlvr.it&utm_medium=twitter", "https://www.ncbi.nlm.nih.gov/m/pubmed/32035431/", "https://www.ncbi.nlm.nih.gov/pubmed/32035431"], "pmid": "32035431", "epubdate": "2020-02-09T00:00:00+00:00", "title": "Epidemiologic characteristics of early cases with 2019 novel coronavirus (2019-nCoV) disease in Republic of Korea", "type": "article"}, "altmetric_score": {"score": 1.25, "score_history": {"1y": 1.25, "6m": 1.25, "3m": 1.25, "1m": 0, "1w": 0, "6d": 0, "5d": 0, "4d": 0, "3d": 0, "2d": 0, "1d": 0, "at": 1.25}, "context_for_score": {"all": {"total_number_of_other_articles": 14498614, "mean": 8.4535673119793, "rank": 8748628, "this_scored_higher_than_pct": 37, "this_scored_higher_than": 5430560, "rank_type": "exact", "sample_size": 14498614, "percentile": 37}, "similar_age_3m": {"total_number_of_other_articles": 224351, "mean": 13.298382170715, "rank": 121268, "this_scored_higher_than_pct": 43, "this_scored_higher_than": 96693, "rank_type": "exact", "sample_size": 224351, "percentile": 43}, "this_journal": {"total_number_of_other_articles": 160, "mean": 3.5081509433962, "rank": 41, "this_scored_higher_than_pct": 69, "this_scored_higher_than": 111, "rank_type": "exact", "sample_size": 160, "percentile": 69}, "similar_age_this_journal_3m": {"total_number_of_other_articles": 1, "mean": 0, "rank": 1, "this_scored_higher_than_pct": 1, "this_scored_higher_than": 0, "rank_type": "exact", "sample_size": 1, "percentile": 1}}}, "demographics": {"poster_types": {"member_of_the_public": 4}, "users": {"twitter": {"cohorts": {"Members of the public": 4}}}, "geo": {"twitter": {"US": 2}}}, "posts": {"twitter": [{"license": "gnip", "citation_ids": [75712442], "author": {"tweeter_id": "1191745846615957506"}, "tweet_id": "1226823654597513217"}, {"license": "gnip", "citation_ids": [75712442], "author": {"tweeter_id": "1057027456765452293"}, "tweet_id": "1227291243685613568"}, {"license": "gnip", "citation_ids": [75712442], "author": {"tweeter_id": "24311134"}, "tweet_id": "1227313716456304641"}, {"license": "gnip", "citation_ids": [75712442], "author": {"tweeter_id": "513980822"}, "tweet_id": "1227381812906713088"}, {"license": "gnip", "citation_ids": [75712442], "author": {"tweeter_id": "1057027456765452293"}, "tweet_id": "1227517728476536833"}]}, "score": 1.25, "images": {"small": "https://badges.altmetric.com/?size=64&score=2&types=tttttttt", "medium": "https://badges.altmetric.com/?size=100&score=2&types=tttttttt", "large": "https://badges.altmetric.com/?size=180&score=2&types=tttttttt"}}