{"altmetric_id": 75778975, "counts": {"readers": {"mendeley": 0, "citeulike": 0, "connotea": 0}, "total": {"posts_count": 10}, "twitter": {"unique_users_count": 9, "posts_count": 10}}, "citation": {"altmetric_jid": "4f6fa51e3cf058f6100039cd", "authors": ["Zhenwei Wang", "Xiaorong Chen", "Yunfei Lu", "Feifei Chen", "Wei Zhang"], "doi": "10.5582/bst.2020.01030", "first_seen_on": "2020-02-11T11:05:51+00:00", "handles": [], "isbns": [], "issns": ["1881-7815", "1881-7823"], "journal": "BioScience Trends", "last_mentioned_on": 1584151613, "links": ["https://www.ncbi.nlm.nih.gov/pubmed/32037389?dopt=Abstract&utm_source=dlvr.it&utm_medium=twitter", "https://www.jstage.jst.go.jp/article/bst/advpub/0/advpub_2020.01030/_article", "https://www.ncbi.nlm.nih.gov/pubmed/32037389", "https://www.ncbi.nlm.nih.gov/m/pubmed/32037389/"], "pdf_url": "https://www.jstage.jst.go.jp/article/bst/advpub/0/advpub_2020.01030/_pdf", "pmid": "32037389", "pubdate": "2020-02-29T00:00:00+00:00", "publisher": "International Research and Cooperation Association for Bio & Socio-Sciences Advancement (IRCA-BSSA)", "title": "Clinical characteristics and therapeutic procedure for four cases with 2019 novel coronavirus pneumonia receiving combined Chinese and Western medicine treatment", "type": "article"}, "altmetric_score": {"score": 4.85, "score_history": {"1y": 4.85, "6m": 4.85, "3m": 4.85, "1m": 2, "1w": 1.5, "6d": 1.5, "5d": 1.5, "4d": 0, "3d": 0, "2d": 0, "1d": 0, "at": 4.85}, "context_for_score": {"all": {"total_number_of_other_articles": 14515779, "mean": 8.4675688885467, "rank": 3617824, "this_scored_higher_than_pct": 74, "this_scored_higher_than": 10877619, "rank_type": "exact", "sample_size": 14515779, "percentile": 74}, "similar_age_3m": {"total_number_of_other_articles": 230335, "mean": 13.748603210989, "rank": 69791, "this_scored_higher_than_pct": 69, "this_scored_higher_than": 160114, "rank_type": "exact", "sample_size": 230335, "percentile": 69}, "this_journal": {"total_number_of_other_articles": 194, "mean": 2.1925595854922, "rank": 18, "this_scored_higher_than_pct": 90, "this_scored_higher_than": 176, "rank_type": "exact", "sample_size": 194, "percentile": 90}, "similar_age_this_journal_3m": {"total_number_of_other_articles": 12, "mean": 244.25818181817, "rank": 4, "this_scored_higher_than_pct": 66, "this_scored_higher_than": 8, "rank_type": "exact", "sample_size": 12, "percentile": 66}}}, "demographics": {"poster_types": {"member_of_the_public": 8, "practitioner": 1}, "users": {"twitter": {"cohorts": {"Members of the public": 8, "Practitioners (doctors, other healthcare professionals)": 1}}}, "geo": {"twitter": {"ES": 2, "US": 1, "JP": 2}}}, "posts": {"twitter": [{"license": "gnip", "citation_ids": [75778975], "author": {"tweeter_id": "1191745846615957506"}, "tweet_id": "1227186914047877121"}, {"license": "gnip", "citation_ids": [75778975], "author": {"tweeter_id": "17688757"}, "tweet_id": "1227264463037923329"}, {"license": "gnip", "citation_ids": [75778975], "author": {"tweeter_id": "70151344"}, "tweet_id": "1227265552005115912"}, {"license": "gnip", "citation_ids": [75778975], "author": {"tweeter_id": "756096365843746816"}, "tweet_id": "1227545532639277058"}, {"license": "gnip", "citation_ids": [75778975], "author": {"tweeter_id": "1057027456765452293"}, "tweet_id": "1227653631215906818"}, {"license": "gnip", "citation_ids": [75778975], "author": {"tweeter_id": "1057027456765452293"}, "tweet_id": "1227880125456207873"}, {"license": "gnip", "citation_ids": [75778975], "author": {"tweeter_id": "513980822"}, "tweet_id": "1227978999651033088"}, {"license": "gnip", "citation_ids": [75778975], "author": {"tweeter_id": "93269505"}, "tweet_id": "1233981818732453889"}, {"license": "gnip", "citation_ids": [36129832, 43671945, 77290460, 75778975], "author": {"tweeter_id": "121782033"}, "tweet_id": "1238578828752158722"}, {"license": "gnip", "citation_ids": [75778975], "author": {"tweeter_id": "30674349"}, "tweet_id": "1238647761274167297"}]}, "score": 4.85, "images": {"small": "https://badges.altmetric.com/?size=64&score=5&types=tttttttt", "medium": "https://badges.altmetric.com/?size=100&score=5&types=tttttttt", "large": "https://badges.altmetric.com/?size=180&score=5&types=tttttttt"}}