{"altmetric_id": 77428150, "counts": {"readers": {"mendeley": 0, "citeulike": 0, "connotea": 0}, "total": {"posts_count": 5}, "twitter": {"unique_users_count": 5, "posts_count": 5}}, "citation": {"authors": ["Jiwen Chang", "Jiezhong Chang"], "doi": "10.5565/rev/da.479", "first_seen_on": "2020-03-13T03:38:09+00:00", "issns": ["2462-7518"], "journal": "Derecho Animal. Forum of Animal Law Studies", "last_mentioned_on": 1584104286, "links": ["https://revistes.uab.cat/da/article/view/v11-n1-chang-chang"], "pdf_url": "https://revistes.uab.cat/da/article/download/v11-n1-chang-chang/479-pdf-en", "epubdate": "2020-02-25T00:00:00+00:00", "title": "China Needs to Establish a Directory System of Wildlife Prohibited from Hunting, Breeding, Transferring or Eating Urgently", "type": "article"}, "altmetric_score": {"score": 4.4, "score_history": {"1y": 4.4, "6m": 4.4, "3m": 4.4, "1m": 4.4, "1w": 4.4, "6d": 4.4, "5d": 3.4, "4d": 0, "3d": 0, "2d": 0, "1d": 0, "at": 4.4}, "context_for_score": null}, "demographics": {"poster_types": {"member_of_the_public": 4, "science_communicator": 1}, "users": {"twitter": {"cohorts": {"Science communicators (journalists, bloggers, editors)": 1, "Members of the public": 4}}}, "geo": {"twitter": {"ES": 2, "MX": 1, "FR": 1}}}, "posts": {"twitter": [{"license": "gnip", "citation_ids": [77428150], "author": {"tweeter_id": "1269579127"}, "tweet_id": "1238308215189680128"}, {"license": "gnip", "citation_ids": [77428150], "author": {"tweeter_id": "217273307"}, "tweet_id": "1238310188798447616"}, {"license": "gnip", "citation_ids": [77428150], "author": {"tweeter_id": "2582373500"}, "tweet_id": "1238377384967049217"}, {"license": "gnip", "citation_ids": [77428150], "author": {"tweeter_id": "127930985"}, "tweet_id": "1238387649871777792"}, {"license": "gnip", "citation_ids": [77428150], "author": {"tweeter_id": "1003915706260475904"}, "tweet_id": "1238449254781370369"}]}, "score": 4.4, "images": {"small": "https://badges.altmetric.com/?size=64&score=5&types=tttttttt", "medium": "https://badges.altmetric.com/?size=100&score=5&types=tttttttt", "large": "https://badges.altmetric.com/?size=180&score=5&types=tttttttt"}}