{"altmetric_id": 77171546, "counts": {"readers": {"mendeley": 0, "citeulike": 0, "connotea": 0}, "total": {"posts_count": 9}, "twitter": {"unique_users_count": 6, "posts_count": 9}}, "citation": {"abstract": "In December 2019, health authorities in Wuhan, China, identified a cluster of pneumonia cases of unknown aetiology linked to the city's South China Seafood Market. Subsequent investigations revealed a novel coronavirus, SARS-CoV-2, as the causative agent now at the heart of a major outbreak. The rising case numbers have been accompanied by unprecedented public health action, including the wholesale isolation of Wuhan. Alongside this has been a robust scientific response, including early publication of the pathogen genome, and rapid development of highly specific diagnostics. This article will review the new knowledge of SARS-CoV-2 COVID-19 acute respiratory disease, and summarise its clinical features.", "authors": ["Lake, Mary A"], "doi": "10.7861/clinmed.2019-coron", "first_seen_on": "2020-03-07T11:06:43+00:00", "issns": ["1473-4893"], "journal": "Clinical medicine (London, England)", "last_mentioned_on": 1583983530, "links": ["https://www.ncbi.nlm.nih.gov/pubmed/32139372?dopt=Abstract&utm_source=dlvr.it&utm_medium=twitter", "https://www.ncbi.nlm.nih.gov/m/pubmed/32139372/", "https://www.ncbi.nlm.nih.gov/pubmed/32139372"], "pmid": "32139372", "epubdate": "2020-03-05T00:00:00+00:00", "subjects": ["medicine"], "title": "What we know so far: COVID-19 current clinical knowledge and research.", "type": "article"}, "altmetric_score": {"score": 2.1, "score_history": {"1y": 2.1, "6m": 2.1, "3m": 2.1, "1m": 2.1, "1w": 0.25, "6d": 0.25, "5d": 0, "4d": 0, "3d": 0, "2d": 0, "1d": 0, "at": 2.1}, "context_for_score": null}, "demographics": {"poster_types": {"member_of_the_public": 6}, "users": {"twitter": {"cohorts": {"Members of the public": 6}}}, "geo": {"twitter": {"US": 2, "IT": 1}}}, "posts": {"twitter": [{"license": "gnip", "citation_ids": [77171546], "author": {"tweeter_id": "1191745846615957506"}, "tweet_id": "1236246852510474244"}, {"license": "gnip", "citation_ids": [77171546], "author": {"tweeter_id": "1057027456765452293"}, "tweet_id": "1236668030953938944"}, {"license": "gnip", "citation_ids": [77171546], "author": {"tweeter_id": "405594081"}, "tweet_id": "1236693433747718149"}, {"license": "gnip", "citation_ids": [77171546], "author": {"tweeter_id": "746715904352784384"}, "tweet_id": "1236715559145730048"}, {"license": "gnip", "citation_ids": [77171546], "author": {"tweeter_id": "513980822"}, "tweet_id": "1236788668934676480"}, {"license": "gnip", "citation_ids": [77171546], "author": {"tweeter_id": "591825421"}, "tweet_id": "1236790776111271936"}, {"license": "gnip", "citation_ids": [77171546], "author": {"tweeter_id": "1057027456765452293"}, "tweet_id": "1236939811497357312"}, {"license": "gnip", "citation_ids": [77171546], "author": {"tweeter_id": "1057027456765452293"}, "tweet_id": "1237891086032355334"}, {"license": "gnip", "citation_ids": [77171546], "author": {"tweeter_id": "1057027456765452293"}, "tweet_id": "1237942767772471296"}]}, "score": 2.1, "images": {"small": "https://badges.altmetric.com/?size=64&score=3&types=tttttttt", "medium": "https://badges.altmetric.com/?size=100&score=3&types=tttttttt", "large": "https://badges.altmetric.com/?size=180&score=3&types=tttttttt"}}