{
    "volume": "132",
    "date": "1995-04-01",
    "title": "A cell line (EP-1 cell line) derived from \u201cBeko disease\u201d affected Japanese eel elver (Anguilla japonica) persistently infected with Pleistophora anguillarum",
    "researchers": [
        {
            "id": "ur.0632217520.42",
            "last_name": "Kou",
            "first_name": "Guang Hsiung",
            "research_orgs": [
                "grid.19188.39"
            ]
        },
        {
            "id": "ur.01004521355.83",
            "last_name": "Wang",
            "first_name": "Chung-Hsiung",
            "research_orgs": [
                "grid.412063.2",
                "grid.19188.39"
            ]
        },
        {
            "id": "ur.016137766556.25",
            "last_name": "Hung",
            "first_name": "Hsu-Wei",
            "research_orgs": [
                "grid.19188.39"
            ]
        },
        {
            "id": "ur.0764020032.51",
            "last_name": "Chou",
            "first_name": "Chih-Ming",
            "orcid_id": [
                "0000-0002-9894-5365"
            ],
            "research_orgs": [
                "grid.260565.2",
                "grid.28665.3f",
                "grid.412111.6",
                "grid.19188.39",
                "grid.278247.c",
                "grid.412896.0",
                "grid.27476.30"
            ]
        },
        {
            "id": "ur.0640371727.12",
            "last_name": "Lo",
            "first_name": "Chu-Fang",
            "orcid_id": [
                "0000-0001-5136-8129"
            ],
            "research_orgs": [
                "grid.64523.36",
                "grid.28665.3f",
                "grid.19188.39"
            ]
        }
    ],
    "pages": "161-173",
    "research_org_cities": [
        {
            "id": 1668341,
            "name": "Taipei"
        }
    ],
    "research_org_countries": [
        {
            "id": "TW",
            "name": "Taiwan"
        }
    ],
    "doi": "10.1016/0044-8486(94)00394-4",
    "FOR": [
        {
            "id": "2581",
            "name": "0601 Biochemistry and Cell Biology"
        }
    ],
    "times_cited": 10,
    "research_orgs": [
        {
            "id": "grid.19188.39",
            "acronym": "NTU",
            "state_name": "Taipei",
            "types": [
                "Education"
            ],
            "longitude": 121.536,
            "linkout": [
                "http://www.ntu.edu.tw/english/"
            ],
            "latitude": 25.016,
            "name": "National Taiwan University",
            "city_name": "Taipei",
            "country_name": "Taiwan"
        }
    ],
    "research_org_country_names": [
        "Taiwan"
    ],
    "id": "pub.1045128896",
    "issue": "1-2",
    "journal": {
        "id": "jour.1130647",
        "title": "Aquaculture"
    },
    "year": 1995,
    "references": [
        "pub.1006835660",
        "pub.1024388018",
        "pub.1017025540",
        "pub.1009310581",
        "pub.1053713292",
        "pub.1043421175",
        "pub.1029866324",
        "pub.1059702478",
        "pub.1062710770",
        "pub.1001184754",
        "pub.1045321603",
        "pub.1001179691",
        "pub.1047396737",
        "pub.1036917230"
    ],
    "author_affiliations": [
        [
            {
                "first_name": "Guang-Hsiung",
                "last_name": "Kou",
                "initials": "",
                "corresponding": "",
                "orcid": "",
                "current_organization_id": "grid.19188.39",
                "researcher_id": "ur.0632217520.42",
                "affiliations": [
                    {
                        "id": "grid.19188.39",
                        "name": "National Taiwan University",
                        "city": "Taipei",
                        "city_id": 1668341,
                        "country": "Taiwan",
                        "country_code": "TW",
                        "state": null,
                        "state_code": null
                    }
                ]
            },
            {
                "first_name": "Chung-Hsiung",
                "last_name": "Wang",
                "initials": "",
                "corresponding": "",
                "orcid": "",
                "current_organization_id": "grid.19188.39",
                "researcher_id": "ur.01004521355.83",
                "affiliations": [
                    {
                        "id": "grid.19188.39",
                        "name": "National Taiwan University",
                        "city": "Taipei",
                        "city_id": 1668341,
                        "country": "Taiwan",
                        "country_code": "TW",
                        "state": null,
                        "state_code": null
                    }
                ]
            },
            {
                "first_name": "Hsu-Wei",
                "last_name": "Hung",
                "initials": "",
                "corresponding": "",
                "orcid": "",
                "current_organization_id": "grid.19188.39",
                "researcher_id": "ur.016137766556.25",
                "affiliations": [
                    {
                        "id": "grid.19188.39",
                        "name": "National Taiwan University",
                        "city": "Taipei",
                        "city_id": 1668341,
                        "country": "Taiwan",
                        "country_code": "TW",
                        "state": null,
                        "state_code": null
                    }
                ]
            },
            {
                "first_name": "Yun-Shiang",
                "last_name": "Jang",
                "initials": "",
                "corresponding": "",
                "orcid": "",
                "current_organization_id": "",
                "researcher_id": "",
                "affiliations": [
                    {
                        "id": "grid.19188.39",
                        "name": "National Taiwan University",
                        "city": "Taipei",
                        "city_id": 1668341,
                        "country": "Taiwan",
                        "country_code": "TW",
                        "state": null,
                        "state_code": null
                    }
                ]
            },
            {
                "first_name": "Chih-Ming",
                "last_name": "Chou",
                "initials": "",
                "corresponding": "",
                "orcid": "['0000-0002-9894-5365']",
                "current_organization_id": "grid.412896.0",
                "researcher_id": "ur.0764020032.51",
                "affiliations": [
                    {
                        "id": "grid.19188.39",
                        "name": "National Taiwan University",
                        "city": "Taipei",
                        "city_id": 1668341,
                        "country": "Taiwan",
                        "country_code": "TW",
                        "state": null,
                        "state_code": null
                    }
                ]
            },
            {
                "first_name": "Chu-Fang",
                "last_name": "Lo",
                "initials": "",
                "corresponding": true,
                "orcid": "['0000-0001-5136-8129']",
                "current_organization_id": "grid.64523.36",
                "researcher_id": "ur.0640371727.12",
                "affiliations": [
                    {
                        "id": "grid.19188.39",
                        "name": "National Taiwan University",
                        "city": "Taipei",
                        "city_id": 1668341,
                        "country": "Taiwan",
                        "country_code": "TW",
                        "state": null,
                        "state_code": null
                    }
                ]
            }
        ]
    ],
    "type": "article"
}