{
    "research_orgs": [
        {
            "id": "grid.239573.9",
            "linkout": [
                "http://www.cincinnatichildrens.org/default/"
            ],
            "city_name": "Cincinnati",
            "longitude": -84.50108,
            "acronym": "CCHMC",
            "state_name": "Ohio",
            "latitude": 39.140488,
            "name": "Cincinnati Children's Hospital Medical Center",
            "types": [
                "Healthcare"
            ],
            "country_name": "United States"
        },
        {
            "id": "grid.413806.8",
            "linkout": [
                "https://www.va.gov/directory/guide/facility.asp?id=95"
            ],
            "city_name": "Nashville",
            "longitude": -86.80497,
            "state_name": "Tennessee",
            "latitude": 36.142933,
            "name": "Nashville VA Medical Center",
            "types": [
                "Healthcare"
            ],
            "country_name": "United States"
        }
    ],
    "research_org_country_names": [
        "United States"
    ],
    "pmid": "10926544",
    "funders": [
        {
            "id": "grid.279885.9",
            "linkout": [
                "http://www.nhlbi.nih.gov/"
            ],
            "city_name": "Bethesda",
            "longitude": -77.100945,
            "acronym": "NHLBI",
            "state_name": "Maryland",
            "latitude": 39.00428,
            "name": "National Heart Lung and Blood Institute",
            "types": [
                "Facility"
            ],
            "country_name": "United States"
        }
    ],
    "title": "Surfactant protein A enhances mycobacterial killing by rat macrophages through a nitric oxide-dependent pathway.",
    "type": "article",
    "year": 2000,
    "journal": {
        "id": "jour.1022099",
        "title": "American Journal of Physiology - Lung Cellular and Molecular Physiology"
    },
    "researchers": [
        {
            "id": "ur.0604776405.06",
            "research_orgs": [
                "grid.152326.1"
            ],
            "first_name": "Laura F",
            "last_name": "Weikert"
        },
        {
            "id": "ur.01257743202.86",
            "research_orgs": [
                "grid.152326.1"
            ],
            "first_name": "Joseph P",
            "last_name": "Lopez"
        },
        {
            "id": "ur.01345575354.31",
            "research_orgs": [
                "grid.413806.8",
                "grid.152326.1"
            ],
            "first_name": "Rasul",
            "last_name": "Abdolrasulnia"
        },
        {
            "id": "ur.01140722224.49",
            "research_orgs": [
                "grid.267310.1",
                "grid.29857.31",
                "grid.240473.6",
                "grid.266436.3",
                "grid.152326.1",
                "grid.413561.4",
                "grid.19006.3e",
                "grid.239573.9"
            ],
            "first_name": "Zissis C",
            "last_name": "Chroneos"
        },
        {
            "id": "ur.0656752705.69",
            "research_orgs": [
                "grid.412807.8",
                "grid.267310.1",
                "grid.266623.5",
                "grid.413847.d",
                "grid.152326.1",
                "grid.418356.d",
                "grid.411461.7",
                "grid.413640.4",
                "grid.413806.8"
            ],
            "first_name": "Virginia L",
            "last_name": "Shepherd"
        }
    ],
    "FOR": [
        {
            "id": "3103",
            "name": "1107 Immunology"
        }
    ],
    "research_org_countries": [
        {
            "id": "US",
            "name": "United States"
        }
    ],
    "date": "2000-08-01",
    "pages": "l216-23",
    "research_org_state_names": [
        "Ohio",
        "Tennessee"
    ],
    "id": "pub.1074679582",
    "research_org_state_codes": [
        {
            "id": "US-TN",
            "name": "Tennessee"
        },
        {
            "id": "US-OH",
            "name": "Ohio"
        }
    ],
    "volume": "279",
    "issue": "2",
    "research_org_cities": [
        {
            "id": 4644585,
            "name": "Nashville"
        },
        {
            "id": 4508722,
            "name": "Cincinnati"
        }
    ],
    "author_affiliations": [
        [
            {
                "first_name": "Laura F.",
                "last_name": "Weikert",
                "initials": "",
                "corresponding": "",
                "orcid": "",
                "current_organization_id": "",
                "researcher_id": "ur.0604776405.06",
                "affiliations": [
                    {
                        "name": "Departments of Medicine and"
                    }
                ]
            },
            {
                "first_name": "Joseph P.",
                "last_name": "Lopez",
                "initials": "",
                "corresponding": "",
                "orcid": "",
                "current_organization_id": "grid.152326.1",
                "researcher_id": "ur.01257743202.86",
                "affiliations": [
                    {
                        "name": "Pathology, Vanderbilt University School of Medicine, and"
                    }
                ]
            },
            {
                "first_name": "Rasul",
                "last_name": "Abdolrasulnia",
                "initials": "",
                "corresponding": "",
                "orcid": "",
                "current_organization_id": "grid.152326.1",
                "researcher_id": "ur.01345575354.31",
                "affiliations": [
                    {
                        "name": "Departments of Medicine and"
                    }
                ]
            },
            {
                "first_name": "Zissis C.",
                "last_name": "Chroneos",
                "initials": "",
                "corresponding": "",
                "orcid": "",
                "current_organization_id": "grid.29857.31",
                "researcher_id": "ur.01140722224.49",
                "affiliations": [
                    {
                        "id": "grid.239573.9",
                        "name": "Cincinnati Children's Hospital Medical Center",
                        "city": "Cincinnati",
                        "city_id": 4508722,
                        "country": "United States",
                        "country_code": "US",
                        "state": "Ohio",
                        "state_code": "US-OH"
                    }
                ]
            },
            {
                "first_name": "Virginia L.",
                "last_name": "Shepherd",
                "initials": "",
                "corresponding": "",
                "orcid": "",
                "current_organization_id": "grid.152326.1",
                "researcher_id": "ur.0656752705.69",
                "affiliations": [
                    {
                        "name": "Pathology, Vanderbilt University School of Medicine, and"
                    },
                    {
                        "id": "grid.413806.8",
                        "name": "Nashville VA Medical Center",
                        "city": "Nashville",
                        "city_id": 4644585,
                        "country": "United States",
                        "country_code": "US",
                        "state": "Tennessee",
                        "state_code": "US-TN"
                    }
                ]
            }
        ]
    ],
    "doi": "10.1152/ajplung.2000.279.2.l216",
    "times_cited": 52,
    "references": [
        "pub.1013124782",
        "pub.1083118793",
        "pub.1048356161",
        "pub.1082518291",
        "pub.1001357228",
        "pub.1083199713",
        "pub.1083099737",
        "pub.1083167276",
        "pub.1059474503",
        "pub.1083003053",
        "pub.1051225965",
        "pub.1059703633",
        "pub.1035833191",
        "pub.1009507478",
        "pub.1059705345",
        "pub.1075654621",
        "pub.1083323043",
        "pub.1022669117",
        "pub.1060368561",
        "pub.1082427359",
        "pub.1053591020",
        "pub.1083258926",
        "pub.1082947806",
        "pub.1082822781",
        "pub.1024377729",
        "pub.1038989376",
        "pub.1083079373",
        "pub.1083079987",
        "pub.1045796269",
        "pub.1082518287",
        "pub.1082864411",
        "pub.1082639184",
        "pub.1083220408",
        "pub.1038727326",
        "pub.1061931454",
        "pub.1083138224",
        "pub.1048719714",
        "pub.1077824207",
        "pub.1014311577",
        "pub.1030623429",
        "pub.1044895753",
        "pub.1082583228",
        "pub.1083080299",
        "pub.1003174196"
    ],
    "relative_citation_ratio": 0.96
}