{
    "volume": "47",
    "date": "2010-06-01",
    "title": "Susceptibility of mice genetically deficient in SP-A or SP-D gene to Invasive Pulmonary Aspergillosis",
    "researchers": [
        {
            "id": "ur.01074165375.59",
            "last_name": "Madan",
            "first_name": "Taruna",
            "research_orgs": [
                "grid.8195.5",
                "grid.417639.e",
                "grid.416737.0",
                "grid.413618.9",
                "grid.418099.d"
            ]
        },
        {
            "id": "ur.01313004447.31",
            "last_name": "Reid",
            "first_name": "Kenneth B M",
            "research_orgs": [
                "grid.418195.0",
                "grid.475010.7",
                "grid.17063.33",
                "grid.4991.5",
                "grid.239826.4",
                "grid.10306.34",
                "grid.10420.37",
                "grid.5335.0",
                "grid.7048.b",
                "grid.13097.3c",
                "grid.417639.e",
                "grid.266102.1",
                "grid.412040.3",
                "grid.26790.3a",
                "grid.168010.e",
                "grid.36425.36",
                "grid.8348.7"
            ]
        },
        {
            "id": "ur.01324642375.44",
            "last_name": "Clark",
            "first_name": "Howard William",
            "orcid_id": [
                "0000-0001-7354-2028"
            ],
            "research_orgs": [
                "grid.430506.4",
                "grid.83440.3b",
                "grid.123047.3",
                "grid.417639.e",
                "grid.266102.1",
                "grid.454369.9",
                "grid.120073.7",
                "grid.5491.9",
                "grid.4714.6",
                "grid.415216.5",
                "grid.5600.3",
                "grid.38142.3c",
                "grid.4991.5"
            ]
        },
        {
            "id": "ur.0647351475.72",
            "last_name": "Singh",
            "first_name": "Mamta",
            "research_orgs": [
                "grid.417639.e"
            ]
        },
        {
            "id": "ur.01030576067.66",
            "last_name": "Nayak",
            "first_name": "Annapurna",
            "research_orgs": [
                "grid.7728.a"
            ]
        },
        {
            "id": "ur.01100026475.51",
            "last_name": "Sarma",
            "first_name": "Puranam Usha",
            "research_orgs": [
                "grid.418196.3",
                "grid.417639.e",
                "grid.8195.5",
                "grid.418099.d"
            ]
        },
        {
            "id": "ur.013155066547.55",
            "last_name": "Hawgood",
            "first_name": "Samuel B",
            "research_orgs": [
                "grid.9851.5",
                "grid.267103.1",
                "grid.280333.9",
                "grid.266102.1",
                "grid.17635.36",
                "grid.64337.35",
                "grid.168010.e",
                "grid.7450.6",
                "grid.416879.5",
                "grid.30389.31"
            ]
        },
        {
            "id": "ur.0705762763.58",
            "last_name": "Kishore",
            "first_name": "Uday",
            "orcid_id": [
                "0000-0002-6033-6759"
            ],
            "research_orgs": [
                "grid.8348.7",
                "grid.421962.a",
                "grid.417639.e",
                "grid.4991.5",
                "grid.8664.c",
                "grid.7728.a",
                "grid.8195.5",
                "grid.4464.2",
                "grid.10419.3d"
            ]
        }
    ],
    "research_org_state_codes": [
        {
            "id": "US-CA",
            "name": "California"
        }
    ],
    "pages": "1923-1930",
    "research_org_cities": [
        {
            "id": 1261481,
            "name": "New Delhi"
        },
        {
            "id": 1275339,
            "name": "Mumbai"
        },
        {
            "id": 1273294,
            "name": "Delhi"
        },
        {
            "id": 2637487,
            "name": "Southampton"
        },
        {
            "id": 5391959,
            "name": "San Francisco"
        },
        {
            "id": 2640729,
            "name": "Oxford"
        },
        {
            "id": 2643743,
            "name": "London"
        }
    ],
    "research_org_countries": [
        {
            "id": "BM",
            "name": "Bermuda"
        },
        {
            "id": "GB",
            "name": "United Kingdom"
        },
        {
            "id": "US",
            "name": "United States"
        },
        {
            "id": "IN",
            "name": "India"
        }
    ],
    "doi": "10.1016/j.molimm.2010.02.027",
    "FOR": [
        {
            "id": "3053",
            "name": "1103 Clinical Sciences"
        }
    ],
    "research_orgs": [
        {
            "id": "grid.266102.1",
            "acronym": "UCSF",
            "state_name": "California",
            "types": [
                "Education"
            ],
            "longitude": -122.45767,
            "linkout": [
                "https://www.ucsf.edu/"
            ],
            "latitude": 37.7628,
            "name": "University of California, San Francisco",
            "city_name": "San Francisco",
            "country_name": "United States"
        },
        {
            "id": "grid.416737.0",
            "acronym": "NIRRH",
            "state_name": "Maharashtra",
            "types": [
                "Facility"
            ],
            "longitude": 72.84081,
            "linkout": [
                "http://www.nirrh.res.in/"
            ],
            "latitude": 19.002522,
            "name": "National Institute for Research in Reproductive Health",
            "city_name": "Mumbai",
            "country_name": "India"
        },
        {
            "id": "grid.7728.a",
            "types": [
                "Education"
            ],
            "longitude": -0.47153,
            "linkout": [
                "http://www.brunel.ac.uk/"
            ],
            "latitude": 51.53479,
            "name": "Brunel University London",
            "city_name": "London",
            "country_name": "United Kingdom"
        },
        {
            "id": "grid.417639.e",
            "acronym": "CBT",
            "state_name": "Delhi",
            "types": [
                "Facility"
            ],
            "longitude": 77.27458,
            "linkout": [
                "http://www.igib.res.in/"
            ],
            "latitude": 28.554602,
            "name": "Institute of Genomics and Integrative Biology",
            "city_name": "Delhi",
            "country_name": "India"
        },
        {
            "id": "grid.4991.5",
            "state_name": "Oxfordshire",
            "types": [
                "Education"
            ],
            "longitude": -1.2540097,
            "linkout": [
                "http://www.ox.ac.uk/"
            ],
            "latitude": 51.753437,
            "name": "University of Oxford",
            "city_name": "Oxford",
            "country_name": "United Kingdom"
        },
        {
            "id": "grid.418196.3",
            "acronym": "IARI",
            "types": [
                "Facility"
            ],
            "longitude": 77.17398,
            "linkout": [
                "http://www.iari.res.in/"
            ],
            "latitude": 29.207344,
            "name": "Indian Agricultural Research Institute",
            "city_name": "New Delhi",
            "country_name": "India"
        }
    ],
    "times_cited": 42,
    "pmid": "20413160",
    "funders": [
        {
            "id": "grid.270680.b",
            "acronym": "EC",
            "types": [
                "Government"
            ],
            "longitude": 4.36367,
            "linkout": [
                "http://ec.europa.eu/index_en.htm"
            ],
            "latitude": 50.85165,
            "name": "European Commission",
            "city_name": "Brussels",
            "country_name": "Belgium"
        },
        {
            "id": "grid.14105.31",
            "acronym": "MRC",
            "types": [
                "Government"
            ],
            "longitude": -0.119432,
            "linkout": [
                "http://www.mrc.ac.uk/"
            ],
            "latitude": 51.514755,
            "name": "Medical Research Council",
            "city_name": "London",
            "country_name": "United Kingdom"
        },
        {
            "id": "grid.454775.0",
            "acronym": "DST",
            "types": [
                "Government"
            ],
            "longitude": 77.189835,
            "linkout": [
                "http://dst.gov.in/"
            ],
            "latitude": 28.538187,
            "name": "Department of Science and Technology",
            "city_name": "New Delhi",
            "country_name": "India"
        }
    ],
    "research_org_country_names": [
        "India",
        "United States",
        "United Kingdom",
        "Bermuda"
    ],
    "id": "pub.1046903135",
    "issue": "10",
    "journal": {
        "id": "jour.1089606",
        "title": "Molecular Immunology"
    },
    "year": 2010,
    "references": [
        "pub.1016004661",
        "pub.1059705559",
        "pub.1063195470",
        "pub.1016604090",
        "pub.1041548873",
        "pub.1012851216",
        "pub.1041781904",
        "pub.1074713046",
        "pub.1050948181",
        "pub.1036094935",
        "pub.1002934423",
        "pub.1008502646",
        "pub.1024910779",
        "pub.1027138801",
        "pub.1038714971",
        "pub.1041617435",
        "pub.1077147856",
        "pub.1049678281",
        "pub.1007000334",
        "pub.1077054834",
        "pub.1027149750",
        "pub.1032851957",
        "pub.1039716321",
        "pub.1083037330",
        "pub.1037007452",
        "pub.1048356161",
        "pub.1077811423",
        "pub.1016909757",
        "pub.1083121231"
    ],
    "relative_citation_ratio": 1.41,
    "research_org_state_names": [
        "California"
    ],
    "author_affiliations": [
        [
            {
                "first_name": "Taruna",
                "last_name": "Madan",
                "initials": "",
                "corresponding": "",
                "orcid": "",
                "current_organization_id": "grid.416737.0",
                "researcher_id": "ur.01074165375.59",
                "affiliations": [
                    {
                        "id": "grid.417639.e",
                        "name": "Institute of Genomics and Integrative Biology",
                        "city": "Delhi",
                        "city_id": 1273294,
                        "country": "India",
                        "country_code": "IN",
                        "state": null,
                        "state_code": null
                    },
                    {
                        "id": "grid.416737.0",
                        "name": "National Institute for Research in Reproductive Health",
                        "city": "Mumbai",
                        "city_id": 1275339,
                        "country": "India",
                        "country_code": "IN",
                        "state": null,
                        "state_code": null
                    }
                ]
            },
            {
                "first_name": "Kenneth B.M.",
                "last_name": "Reid",
                "initials": "",
                "corresponding": "",
                "orcid": "",
                "current_organization_id": "grid.4991.5",
                "researcher_id": "ur.01313004447.31",
                "affiliations": [
                    {
                        "id": "grid.4991.5",
                        "name": "University of Oxford",
                        "city": "Oxford",
                        "city_id": 2640729,
                        "country": "United Kingdom",
                        "country_code": "GB",
                        "state": null,
                        "state_code": null
                    }
                ]
            },
            {
                "first_name": "Howard",
                "last_name": "Clark",
                "initials": "",
                "corresponding": "",
                "orcid": "['0000-0001-7354-2028']",
                "current_organization_id": "grid.5491.9",
                "researcher_id": "ur.01324642375.44",
                "affiliations": [
                    {
                        "id": "grid.4991.5",
                        "name": "University of Oxford",
                        "city": "Oxford",
                        "city_id": 2640729,
                        "country": "United Kingdom",
                        "country_code": "GB",
                        "state": null,
                        "state_code": null
                    },
                    {
                        "name": "University of Southampton, MP 803 Level F, South Block, Southampton General Hospital, Southampton SO16 6YD, UK"
                    }
                ]
            },
            {
                "first_name": "Mamta",
                "last_name": "Singh",
                "initials": "",
                "corresponding": "",
                "orcid": "",
                "current_organization_id": "",
                "researcher_id": "ur.0647351475.72",
                "affiliations": [
                    {
                        "id": "grid.417639.e",
                        "name": "Institute of Genomics and Integrative Biology",
                        "city": "Delhi",
                        "city_id": 1273294,
                        "country": "India",
                        "country_code": "IN",
                        "state": null,
                        "state_code": null
                    }
                ]
            },
            {
                "first_name": "Annapurna",
                "last_name": "Nayak",
                "initials": "",
                "corresponding": "",
                "orcid": "",
                "current_organization_id": "grid.7728.a",
                "researcher_id": "ur.01030576067.66",
                "affiliations": [
                    {
                        "id": "grid.7728.a",
                        "name": "Brunel University London",
                        "city": "London",
                        "city_id": 2643743,
                        "country": "United Kingdom",
                        "country_code": "GB",
                        "state": null,
                        "state_code": null
                    }
                ]
            },
            {
                "first_name": "P. Usha",
                "last_name": "Sarma",
                "initials": "",
                "corresponding": "",
                "orcid": "",
                "current_organization_id": "grid.418196.3",
                "researcher_id": "ur.01100026475.51",
                "affiliations": [
                    {
                        "id": "grid.417639.e",
                        "name": "Institute of Genomics and Integrative Biology",
                        "city": "Delhi",
                        "city_id": 1273294,
                        "country": "India",
                        "country_code": "IN",
                        "state": null,
                        "state_code": null
                    },
                    {
                        "id": "grid.418196.3",
                        "name": "Indian Agricultural Research Institute",
                        "city": "New Delhi",
                        "city_id": 1261481,
                        "country": "India",
                        "country_code": "IN",
                        "state": null,
                        "state_code": null
                    }
                ]
            },
            {
                "first_name": "Samuel",
                "last_name": "Hawgood",
                "initials": "",
                "corresponding": "",
                "orcid": "",
                "current_organization_id": "grid.266102.1",
                "researcher_id": "ur.013155066547.55",
                "affiliations": [
                    {
                        "id": "grid.266102.1",
                        "name": "University of California, San Francisco",
                        "city": "San Francisco",
                        "city_id": 5391959,
                        "country": "United States",
                        "country_code": "US",
                        "state": "California",
                        "state_code": "US-CA"
                    }
                ]
            },
            {
                "first_name": "Uday",
                "last_name": "Kishore",
                "initials": "",
                "corresponding": true,
                "orcid": "['0000-0002-6033-6759']",
                "current_organization_id": "grid.7728.a",
                "researcher_id": "ur.0705762763.58",
                "affiliations": [
                    {
                        "id": "grid.7728.a",
                        "name": "Brunel University London",
                        "city": "London",
                        "city_id": 2643743,
                        "country": "United Kingdom",
                        "country_code": "GB",
                        "state": null,
                        "state_code": null
                    }
                ]
            }
        ]
    ],
    "type": "article"
}