{
    "volume": "93",
    "date": "2018-04-01",
    "title": "Removing Barriers and Facilitating Access",
    "researchers": [
        {
            "id": "ur.016367060005.67",
            "last_name": "Meeks",
            "first_name": "Lisa M",
            "orcid_id": [
                "0000-0002-3647-3657"
            ],
            "research_orgs": [
                "grid.214458.e",
                "grid.266102.1",
                "grid.30389.31"
            ]
        },
        {
            "id": "ur.010557372047.32",
            "last_name": "Herzer",
            "first_name": "Kurt R",
            "research_orgs": [
                "grid.21107.35",
                "grid.83440.3b",
                "grid.411935.b",
                "grid.4991.5",
                "grid.280418.7",
                "grid.5288.7",
                "grid.214458.e",
                "grid.411024.2",
                "grid.4367.6",
                "grid.185648.6"
            ]
        },
        {
            "id": "ur.013460075707.07",
            "last_name": "Jain",
            "first_name": "Neera R",
            "orcid_id": [
                "0000-0002-2931-2740"
            ],
            "research_orgs": [
                "grid.214458.e",
                "grid.9654.e"
            ]
        }
    ],
    "research_org_state_codes": [
        {
            "id": "US-MI",
            "name": "Michigan"
        }
    ],
    "altmetric": 23.0,
    "pages": "540-543",
    "research_org_cities": [
        {
            "id": 4984247,
            "name": "Ann Arbor"
        }
    ],
    "open_access": [
        "Open Access - all",
        "Open Access - repository",
        "Open Access - submitted"
    ],
    "research_org_countries": [
        {
            "id": "US",
            "name": "United States"
        }
    ],
    "doi": "10.1097/acm.0000000000002112",
    "FOR": [
        {
            "id": "3177",
            "name": "1117 Public Health and Health Services"
        }
    ],
    "times_cited": 13,
    "research_orgs": [
        {
            "id": "grid.214458.e",
            "acronym": "UM",
            "state_name": "Michigan",
            "types": [
                "Education"
            ],
            "longitude": -83.73822,
            "linkout": [
                "https://www.umich.edu/"
            ],
            "latitude": 42.278305,
            "name": "University of Michigan",
            "city_name": "Ann Arbor",
            "country_name": "United States"
        }
    ],
    "pmid": "30248081",
    "research_org_country_names": [
        "United States"
    ],
    "id": "pub.1101824491",
    "issue": "4",
    "journal": {
        "id": "jour.1017748",
        "title": "Academic Medicine"
    },
    "year": 2018,
    "references": [
        "pub.1040095041",
        "pub.1012176750",
        "pub.1041917752",
        "pub.1024458611",
        "pub.1044351512",
        "pub.1092819660",
        "pub.1000312761",
        "pub.1031966527",
        "pub.1037778607",
        "pub.1083759108",
        "pub.1012467554",
        "pub.1051013631"
    ],
    "relative_citation_ratio": 2.59,
    "research_org_state_names": [
        "Michigan"
    ],
    "author_affiliations": [
        [
            {
                "first_name": "Lisa M.",
                "last_name": "Meeks",
                "initials": "",
                "corresponding": "",
                "orcid": "['0000-0002-3647-3657']",
                "current_organization_id": "grid.214458.e",
                "researcher_id": "ur.016367060005.67",
                "affiliations": [
                    {
                        "id": "grid.214458.e",
                        "name": "University of Michigan\u2013Ann Arbor",
                        "city": "Ann Arbor",
                        "city_id": 4984247,
                        "country": "United States",
                        "country_code": "US",
                        "state": "Michigan",
                        "state_code": "US-MI"
                    }
                ]
            },
            {
                "first_name": "Kurt",
                "last_name": "Herzer",
                "initials": "",
                "corresponding": "",
                "orcid": "",
                "current_organization_id": "grid.21107.35",
                "researcher_id": "ur.010557372047.32",
                "affiliations": [
                    {
                        "id": "grid.214458.e",
                        "name": "University of Michigan\u2013Ann Arbor",
                        "city": "Ann Arbor",
                        "city_id": 4984247,
                        "country": "United States",
                        "country_code": "US",
                        "state": "Michigan",
                        "state_code": "US-MI"
                    }
                ]
            },
            {
                "first_name": "Neera R.",
                "last_name": "Jain",
                "initials": "",
                "corresponding": "",
                "orcid": "['0000-0002-2931-2740']",
                "current_organization_id": "grid.214458.e",
                "researcher_id": "ur.013460075707.07",
                "affiliations": [
                    {
                        "id": "grid.214458.e",
                        "name": "University of Michigan\u2013Ann Arbor",
                        "city": "Ann Arbor",
                        "city_id": 4984247,
                        "country": "United States",
                        "country_code": "US",
                        "state": "Michigan",
                        "state_code": "US-MI"
                    }
                ]
            }
        ]
    ],
    "type": "article"
}