{
    "research_orgs": [
        {
            "id": "grid.17088.36",
            "linkout": [
                "https://msu.edu/"
            ],
            "city_name": "East Lansing",
            "longitude": -84.481,
            "acronym": "MSU",
            "state_name": "Michigan",
            "latitude": 42.723,
            "name": "Michigan State University",
            "types": [
                "Education"
            ],
            "country_name": "United States"
        }
    ],
    "research_org_country_names": [
        "United States"
    ],
    "title": "A new status index derived from sociometric analysis",
    "type": "article",
    "year": 1953,
    "journal": {
        "id": "jour.1017907",
        "title": "Psychometrika"
    },
    "FOR": [
        {
            "id": "3292",
            "name": "1402 Applied Economics"
        }
    ],
    "research_org_countries": [
        {
            "id": "US",
            "name": "United States"
        }
    ],
    "date": "1953-03-01",
    "altmetric": 6.0,
    "pages": "39-43",
    "research_org_state_names": [
        "Michigan"
    ],
    "id": "pub.1051171362",
    "research_org_state_codes": [
        {
            "id": "US-MI",
            "name": "Michigan"
        }
    ],
    "volume": "18",
    "issue": "1",
    "research_org_cities": [
        {
            "id": 4991640,
            "name": "East Lansing"
        }
    ],
    "author_affiliations": [
        [
            {
                "first_name": "Leo",
                "last_name": "Katz",
                "initials": "",
                "corresponding": "",
                "orcid": "",
                "current_organization_id": "",
                "researcher_id": "",
                "affiliations": [
                    {
                        "id": "grid.17088.36",
                        "name": "Michigan State University",
                        "city": "East Lansing",
                        "city_id": 4991640,
                        "country": "United States",
                        "country_code": "US",
                        "state": "Michigan",
                        "state_code": "US-MI"
                    }
                ]
            }
        ]
    ],
    "doi": "10.1007/bf02289026",
    "times_cited": 1449,
    "references": [
        "pub.1064416504",
        "pub.1039002721",
        "pub.1102895004"
    ]
}