{
    "volume": "182",
    "date": "2016-01-01",
    "title": "Porcine deltacoronavirus induces apoptosis in swine testicular and LLC porcine kidney cell lines in vitro but not in infected intestinal enterocytes in vivo",
    "researchers": [
        {
            "id": "ur.01345655335.04",
            "last_name": "Jung",
            "first_name": "Kwon Il",
            "research_orgs": [
                "grid.423070.2",
                "grid.454173.0",
                "grid.261331.4",
                "grid.289247.2",
                "grid.31501.36"
            ]
        },
        {
            "id": "ur.0666062176.70",
            "last_name": "Hu",
            "first_name": "Hui",
            "research_orgs": [
                "grid.9227.e",
                "grid.108266.b",
                "grid.439104.b",
                "grid.43169.39",
                "grid.261331.4",
                "grid.410726.6",
                "grid.458522.c"
            ]
        },
        {
            "id": "ur.011005227177.12",
            "last_name": "Saif",
            "first_name": "Linda J",
            "research_orgs": [
                "grid.17083.3d",
                "grid.419681.3",
                "grid.419258.3",
                "grid.423070.2",
                "grid.5018.c",
                "grid.261331.4",
                "grid.36567.31",
                "grid.39382.33"
            ]
        }
    ],
    "research_org_state_codes": [
        {
            "id": "US-OH",
            "name": "Ohio"
        }
    ],
    "pages": "57-63",
    "research_org_cities": [
        {
            "id": 4509177,
            "name": "Columbus"
        }
    ],
    "research_org_countries": [
        {
            "id": "US",
            "name": "United States"
        }
    ],
    "doi": "10.1016/j.vetmic.2015.10.022",
    "FOR": [
        {
            "id": "2581",
            "name": "0601 Biochemistry and Cell Biology"
        }
    ],
    "research_orgs": [
        {
            "id": "grid.261331.4",
            "acronym": "OSU",
            "state_name": "Ohio",
            "types": [
                "Education"
            ],
            "longitude": -83.0145,
            "linkout": [
                "http://www.osu.edu/"
            ],
            "latitude": 40.0,
            "name": "The Ohio State University",
            "city_name": "Columbus",
            "country_name": "United States"
        }
    ],
    "times_cited": 15,
    "pmid": "26711029",
    "research_org_country_names": [
        "United States"
    ],
    "id": "pub.1043679886",
    "journal": {
        "id": "jour.1086616",
        "title": "Veterinary Microbiology"
    },
    "year": 2016,
    "references": [
        "pub.1047281949",
        "pub.1049933084",
        "pub.1083255249",
        "pub.1012069781",
        "pub.1029325885",
        "pub.1014450088",
        "pub.1048627445",
        "pub.1051916749",
        "pub.1036869147",
        "pub.1031797557",
        "pub.1032710579",
        "pub.1060398383",
        "pub.1020139208",
        "pub.1047872240",
        "pub.1018222018",
        "pub.1005469959"
    ],
    "relative_citation_ratio": 0.85,
    "research_org_state_names": [
        "Ohio"
    ],
    "author_affiliations": [
        [
            {
                "first_name": "Kwonil",
                "last_name": "Jung",
                "initials": "",
                "corresponding": true,
                "orcid": "",
                "current_organization_id": "grid.261331.4",
                "researcher_id": "ur.01345655335.04",
                "affiliations": [
                    {
                        "id": "grid.261331.4",
                        "name": "The Ohio State University",
                        "city": "Columbus",
                        "city_id": 4509177,
                        "country": "United States",
                        "country_code": "US",
                        "state": "Ohio",
                        "state_code": "US-OH"
                    }
                ]
            },
            {
                "first_name": "Hui",
                "last_name": "Hu",
                "initials": "",
                "corresponding": "",
                "orcid": "",
                "current_organization_id": "grid.108266.b",
                "researcher_id": "ur.0666062176.70",
                "affiliations": [
                    {
                        "id": "grid.261331.4",
                        "name": "The Ohio State University",
                        "city": "Columbus",
                        "city_id": 4509177,
                        "country": "United States",
                        "country_code": "US",
                        "state": "Ohio",
                        "state_code": "US-OH"
                    }
                ]
            },
            {
                "first_name": "Linda J.",
                "last_name": "Saif",
                "initials": "",
                "corresponding": true,
                "orcid": "",
                "current_organization_id": "grid.261331.4",
                "researcher_id": "ur.011005227177.12",
                "affiliations": [
                    {
                        "id": "grid.261331.4",
                        "name": "The Ohio State University",
                        "city": "Columbus",
                        "city_id": 4509177,
                        "country": "United States",
                        "country_code": "US",
                        "state": "Ohio",
                        "state_code": "US-OH"
                    }
                ]
            }
        ]
    ],
    "type": "article"
}