{
    "research_orgs": [
        {
            "id": "grid.59053.3a",
            "linkout": [
                "http://en.ustc.edu.cn/"
            ],
            "city_name": "Hefei",
            "longitude": 117.2807,
            "acronym": "USTC",
            "latitude": 31.822645,
            "name": "University of Science and Technology of China",
            "types": [
                "Education"
            ],
            "country_name": "China"
        }
    ],
    "research_org_country_names": [
        "China"
    ],
    "title": "Aberrant pathogenic GM-CSF+ T cells and inflammatory CD14+CD16+ monocytes in severe pulmonary syndrome patients of a new coronavirus",
    "type": "preprint",
    "year": 2020,
    "journal": {
        "id": "jour.1293558",
        "title": "bioRxiv"
    },
    "FOR": [
        {
            "id": "3103",
            "name": "1107 Immunology"
        }
    ],
    "research_org_countries": [
        {
            "id": "CN",
            "name": "China"
        }
    ],
    "date": "2020-02-20",
    "altmetric": 30.0,
    "id": "pub.1125032002",
    "research_org_cities": [
        {
            "id": 1808722,
            "name": "Hefei"
        }
    ],
    "open_access": [
        "Open Access - all",
        "Open Access - publisher",
        "Open Access - published"
    ],
    "author_affiliations": [
        [
            {
                "first_name": "Yonggang",
                "last_name": "Zhou",
                "initials": "",
                "corresponding": "",
                "orcid": "",
                "current_organization_id": "",
                "researcher_id": "",
                "affiliations": [
                    {
                        "id": "grid.59053.3a",
                        "name": "University of Science and Technology of China",
                        "city": "Hefei",
                        "city_id": 1808722,
                        "country": "China",
                        "country_code": "CN",
                        "state": null,
                        "state_code": null
                    }
                ]
            },
            {
                "first_name": "Binqing",
                "last_name": "Fu",
                "initials": "",
                "corresponding": "",
                "orcid": "",
                "current_organization_id": "",
                "researcher_id": "",
                "affiliations": [
                    {
                        "id": "grid.59053.3a",
                        "name": "University of Science and Technology of China",
                        "city": "Hefei",
                        "city_id": 1808722,
                        "country": "China",
                        "country_code": "CN",
                        "state": null,
                        "state_code": null
                    }
                ]
            },
            {
                "first_name": "Xiaohu",
                "last_name": "Zheng",
                "initials": "",
                "corresponding": "",
                "orcid": "",
                "current_organization_id": "",
                "researcher_id": "",
                "affiliations": [
                    {
                        "id": "grid.59053.3a",
                        "name": "University of Science and Technology of China",
                        "city": "Hefei",
                        "city_id": 1808722,
                        "country": "China",
                        "country_code": "CN",
                        "state": null,
                        "state_code": null
                    }
                ]
            },
            {
                "first_name": "Dongsheng",
                "last_name": "Wang",
                "initials": "",
                "corresponding": "",
                "orcid": "",
                "current_organization_id": "",
                "researcher_id": "",
                "affiliations": [
                    {
                        "name": "The First Affiliated Hospital of USTC, Division of Life Sciences and Medicine, University of Science and Technology of China"
                    }
                ]
            },
            {
                "first_name": "Changcheng",
                "last_name": "Zhao",
                "initials": "",
                "corresponding": "",
                "orcid": "",
                "current_organization_id": "",
                "researcher_id": "",
                "affiliations": [
                    {
                        "name": "The First Affiliated Hospital of USTC, Division of Life Sciences and Medicine, University of Science and Technology of China"
                    }
                ]
            },
            {
                "first_name": "Yingjie",
                "last_name": "Qi",
                "initials": "",
                "corresponding": "",
                "orcid": "",
                "current_organization_id": "",
                "researcher_id": "",
                "affiliations": [
                    {
                        "name": "The First Affiliated Hospital of USTC, Division of Life Sciences and Medicine, University of Science and Technology of China"
                    }
                ]
            },
            {
                "first_name": "Rui",
                "last_name": "Sun",
                "initials": "",
                "corresponding": "",
                "orcid": "",
                "current_organization_id": "",
                "researcher_id": "",
                "affiliations": [
                    {
                        "id": "grid.59053.3a",
                        "name": "University of Science and Technology of China",
                        "city": "Hefei",
                        "city_id": 1808722,
                        "country": "China",
                        "country_code": "CN",
                        "state": null,
                        "state_code": null
                    }
                ]
            },
            {
                "first_name": "Zhigang",
                "last_name": "Tian",
                "initials": "",
                "corresponding": "",
                "orcid": "",
                "current_organization_id": "",
                "researcher_id": "",
                "affiliations": [
                    {
                        "id": "grid.59053.3a",
                        "name": "University of Science and Technology of China",
                        "city": "Hefei",
                        "city_id": 1808722,
                        "country": "China",
                        "country_code": "CN",
                        "state": null,
                        "state_code": null
                    }
                ]
            },
            {
                "first_name": "Xiaoling",
                "last_name": "Xu",
                "initials": "",
                "corresponding": "",
                "orcid": "",
                "current_organization_id": "",
                "researcher_id": "",
                "affiliations": [
                    {
                        "name": "The First Affiliated Hospital of USTC, Division of Life Sciences and Medicine, University of Science and Technology of China"
                    }
                ]
            },
            {
                "first_name": "Haiming",
                "last_name": "Wei",
                "initials": "",
                "corresponding": "",
                "orcid": "",
                "current_organization_id": "",
                "researcher_id": "",
                "affiliations": [
                    {
                        "id": "grid.59053.3a",
                        "name": "University of Science and Technology of China",
                        "city": "Hefei",
                        "city_id": 1808722,
                        "country": "China",
                        "country_code": "CN",
                        "state": null,
                        "state_code": null
                    }
                ]
            }
        ]
    ],
    "doi": "10.1101/2020.02.12.945576",
    "times_cited": 1,
    "references": [
        "pub.1085126248",
        "pub.1014406951",
        "pub.1124545162",
        "pub.1033671149",
        "pub.1000462568",
        "pub.1124624050",
        "pub.1030937184",
        "pub.1049567186",
        "pub.1058671620",
        "pub.1124545567",
        "pub.1042521508",
        "pub.1009072521",
        "pub.1028878241",
        "pub.1122084970",
        "pub.1124298293",
        "pub.1124654147",
        "pub.1026748900",
        "pub.1019703731",
        "pub.1042471261",
        "pub.1124294028",
        "pub.1031507419",
        "pub.1028793867",
        "pub.1122097233",
        "pub.1013856440",
        "pub.1019618066",
        "pub.1031139982",
        "pub.1124290823",
        "pub.1124591227",
        "pub.1107637957"
    ]
}