{
    "research_orgs": [
        {
            "id": "grid.6292.f",
            "linkout": [
                "http://www.unibo.it/en/homepage"
            ],
            "city_name": "Bologna",
            "longitude": 11.342778,
            "acronym": "UNIBO",
            "state_name": "Emilia-Romagna",
            "latitude": 44.49389,
            "name": "University of Bologna",
            "types": [
                "Education"
            ],
            "country_name": "Italy"
        }
    ],
    "research_org_country_names": [
        "Italy"
    ],
    "pmid": "28153610",
    "title": "Development and evaluation of a new Real-Time RT-PCR assay for detection of proposed influenza D virus",
    "type": "article",
    "year": 2017,
    "journal": {
        "id": "jour.1091289",
        "title": "Journal of Virological Methods"
    },
    "researchers": [
        {
            "id": "ur.01225534517.46",
            "research_orgs": [
                "grid.17635.36",
                "grid.419583.2"
            ],
            "first_name": "Silvia",
            "last_name": "Faccini"
        },
        {
            "id": "ur.01107661171.69",
            "research_orgs": [
                "grid.6292.f"
            ],
            "first_name": "Aurora",
            "last_name": "De Mattia"
        },
        {
            "id": "ur.01005617615.67",
            "research_orgs": [
                "grid.17635.36",
                "grid.419583.2"
            ],
            "first_name": "Chiara",
            "last_name": "Chiapponi",
            "orcid_id": [
                "0000-0001-8808-4680"
            ]
        },
        {
            "id": "ur.0741646017.29",
            "research_orgs": [
                "grid.419583.2"
            ],
            "first_name": "Ilaria",
            "last_name": "Barbieri"
        },
        {
            "id": "ur.01106344764.54",
            "research_orgs": [
                "grid.419583.2",
                "grid.465524.4",
                "grid.7644.1",
                "grid.5515.4",
                "grid.17635.36"
            ],
            "first_name": "Maria Beatrice",
            "last_name": "Boniotti",
            "orcid_id": [
                "0000-0001-6252-9848"
            ]
        },
        {
            "id": "ur.01370441270.79",
            "research_orgs": [
                "grid.419583.2"
            ],
            "first_name": "Carlo",
            "last_name": "Rosignoli"
        },
        {
            "id": "ur.01322326070.33",
            "research_orgs": [
                "grid.419583.2"
            ],
            "first_name": "Giuliana",
            "last_name": "Franzini"
        },
        {
            "id": "ur.01103604161.77",
            "research_orgs": [
                "grid.419583.2",
                "grid.419593.3",
                "grid.5596.f"
            ],
            "first_name": "Ana Maria",
            "last_name": "Moreno",
            "orcid_id": [
                "0000-0002-8497-9708"
            ]
        },
        {
            "id": "ur.01010466423.83",
            "research_orgs": [
                "grid.419583.2"
            ],
            "first_name": "Emanuela",
            "last_name": "Foni"
        },
        {
            "id": "ur.01254212670.17",
            "research_orgs": [
                "grid.419583.2"
            ],
            "first_name": "Arrigo Daniele",
            "last_name": "Nigrelli"
        }
    ],
    "FOR": [
        {
            "id": "3114",
            "name": "1108 Medical Microbiology"
        }
    ],
    "research_org_countries": [
        {
            "id": "IT",
            "name": "Italy"
        }
    ],
    "date": "2017-05-01",
    "altmetric": 3.0,
    "pages": "31-34",
    "id": "pub.1083406767",
    "volume": "243",
    "research_org_cities": [
        {
            "id": 3181928,
            "name": "Bologna"
        },
        {
            "id": 3171457,
            "name": "Parma"
        },
        {
            "id": 3181554,
            "name": "Brescia"
        },
        {
            "id": 3174051,
            "name": "Mantova"
        }
    ],
    "author_affiliations": [
        [
            {
                "first_name": "Silvia",
                "last_name": "Faccini",
                "initials": "",
                "corresponding": true,
                "orcid": "",
                "current_organization_id": "grid.419583.2",
                "researcher_id": "ur.01225534517.46",
                "affiliations": [
                    {
                        "name": "Istituto Zooprofilattico Sperimentale della Lombardia ed Emilia Romagna, Circonvallazione Sud 21/a, Mantova 46100, Italy"
                    }
                ]
            },
            {
                "first_name": "Aurora",
                "last_name": "De Mattia",
                "initials": "",
                "corresponding": "",
                "orcid": "",
                "current_organization_id": "grid.6292.f",
                "researcher_id": "ur.01107661171.69",
                "affiliations": [
                    {
                        "id": "grid.6292.f",
                        "name": "University of Bologna",
                        "city": "Bologna",
                        "city_id": 3181928,
                        "country": "Italy",
                        "country_code": "IT",
                        "state": null,
                        "state_code": null
                    }
                ]
            },
            {
                "first_name": "Chiara",
                "last_name": "Chiapponi",
                "initials": "",
                "corresponding": "",
                "orcid": "['0000-0001-8808-4680']",
                "current_organization_id": "grid.419583.2",
                "researcher_id": "ur.01005617615.67",
                "affiliations": [
                    {
                        "name": "OIE Reference Laboratory for Swine Influenza, Parma, Italy"
                    },
                    {
                        "name": "IZSLER Parma, Italy"
                    }
                ]
            },
            {
                "first_name": "Ilaria",
                "last_name": "Barbieri",
                "initials": "",
                "corresponding": "",
                "orcid": "",
                "current_organization_id": "grid.419583.2",
                "researcher_id": "ur.0741646017.29",
                "affiliations": [
                    {
                        "name": "Istituto Zooprofilattico Sperimentale della Lombardia ed Emilia Romagna, Brescia, Italy"
                    }
                ]
            },
            {
                "first_name": "Maria Beatrice",
                "last_name": "Boniotti",
                "initials": "",
                "corresponding": "",
                "orcid": "['0000-0001-6252-9848']",
                "current_organization_id": "grid.419583.2",
                "researcher_id": "ur.01106344764.54",
                "affiliations": [
                    {
                        "name": "Istituto Zooprofilattico Sperimentale della Lombardia ed Emilia Romagna, Brescia, Italy"
                    }
                ]
            },
            {
                "first_name": "Carlo",
                "last_name": "Rosignoli",
                "initials": "",
                "corresponding": "",
                "orcid": "",
                "current_organization_id": "grid.419583.2",
                "researcher_id": "ur.01370441270.79",
                "affiliations": [
                    {
                        "name": "Istituto Zooprofilattico Sperimentale della Lombardia ed Emilia Romagna, Circonvallazione Sud 21/a, Mantova 46100, Italy"
                    }
                ]
            },
            {
                "first_name": "Giuliana",
                "last_name": "Franzini",
                "initials": "",
                "corresponding": "",
                "orcid": "",
                "current_organization_id": "grid.419583.2",
                "researcher_id": "ur.01322326070.33",
                "affiliations": [
                    {
                        "name": "Istituto Zooprofilattico Sperimentale della Lombardia ed Emilia Romagna, Circonvallazione Sud 21/a, Mantova 46100, Italy"
                    }
                ]
            },
            {
                "first_name": "Ana",
                "last_name": "Moreno",
                "initials": "",
                "corresponding": "",
                "orcid": "['0000-0002-8497-9708']",
                "current_organization_id": "grid.419583.2",
                "researcher_id": "ur.01103604161.77",
                "affiliations": [
                    {
                        "name": "Istituto Zooprofilattico Sperimentale della Lombardia ed Emilia Romagna, Brescia, Italy"
                    }
                ]
            },
            {
                "first_name": "Emanuela",
                "last_name": "Foni",
                "initials": "",
                "corresponding": "",
                "orcid": "",
                "current_organization_id": "grid.419583.2",
                "researcher_id": "ur.01010466423.83",
                "affiliations": [
                    {
                        "name": "OIE Reference Laboratory for Swine Influenza, Parma, Italy"
                    },
                    {
                        "name": "IZSLER Parma, Italy"
                    }
                ]
            },
            {
                "first_name": "Arrigo Daniele",
                "last_name": "Nigrelli",
                "initials": "",
                "corresponding": "",
                "orcid": "",
                "current_organization_id": "grid.419583.2",
                "researcher_id": "ur.01254212670.17",
                "affiliations": [
                    {
                        "name": "Istituto Zooprofilattico Sperimentale della Lombardia ed Emilia Romagna, Circonvallazione Sud 21/a, Mantova 46100, Italy"
                    }
                ]
            }
        ]
    ],
    "doi": "10.1016/j.jviromet.2017.01.019",
    "times_cited": 10,
    "references": [
        "pub.1041595625",
        "pub.1041578203",
        "pub.1053302931",
        "pub.1046654490",
        "pub.1023668922",
        "pub.1021012222",
        "pub.1018231025",
        "pub.1006081068",
        "pub.1062713142",
        "pub.1044998772",
        "pub.1029738835",
        "pub.1012171383",
        "pub.1045472944",
        "pub.1048015012",
        "pub.1014752193",
        "pub.1060390085",
        "pub.1039783788"
    ],
    "relative_citation_ratio": 2.19
}