{
    "volume": "9",
    "date": "1965-05-01",
    "title": "Comparative Sensitivities of Embryonating Chicken's Eggs and Primary Chicken Embryo Kidney and Liver Cell Cultures to Infectious Bronchitis Virus",
    "pages": "308",
    "doi": "10.2307/1588016",
    "times_cited": 17,
    "id": "pub.1069554687",
    "issue": "2",
    "journal": {
        "id": "jour.1017072",
        "title": "Avian Diseases"
    },
    "year": 1965,
    "author_affiliations": [
        [
            {
                "first_name": "P. D.",
                "last_name": "Lukert",
                "initials": "",
                "corresponding": "",
                "orcid": "",
                "current_organization_id": "",
                "researcher_id": "",
                "affiliations": []
            }
        ]
    ],
    "type": "article"
}