{
    "pmid": "28071659",
    "author_affiliations": [
        [
            {
                "first_name": "William D",
                "last_name": "Chey",
                "initials": "",
                "corresponding": "",
                "orcid": "",
                "current_organization_id": "grid.412590.b",
                "researcher_id": "ur.015422451142.92",
                "affiliations": [
                    {
                        "id": "grid.412590.b",
                        "name": "Michigan Medicine",
                        "city": "Ann Arbor",
                        "city_id": 4984247,
                        "country": "United States",
                        "country_code": "US",
                        "state": "Michigan",
                        "state_code": "US-MI"
                    }
                ]
            },
            {
                "first_name": "Grigorios I",
                "last_name": "Leontiadis",
                "initials": "",
                "corresponding": "",
                "orcid": "['0000-0001-5072-7599']",
                "current_organization_id": "grid.25073.33",
                "researcher_id": "ur.0644013753.17",
                "affiliations": [
                    {
                        "id": "grid.25073.33",
                        "name": "McMaster University",
                        "city": "Hamilton",
                        "city_id": 5969782,
                        "country": "Canada",
                        "country_code": "CA",
                        "state": "Ontario",
                        "state_code": "CA-ON"
                    }
                ]
            },
            {
                "first_name": "Colin W",
                "last_name": "Howden",
                "initials": "",
                "corresponding": "",
                "orcid": "['0000-0003-0987-0662']",
                "current_organization_id": "grid.267301.1",
                "researcher_id": "ur.0773557610.14",
                "affiliations": [
                    {
                        "id": "grid.267301.1",
                        "name": "University of Tennessee Health Science Center",
                        "city": "Memphis",
                        "city_id": 4641239,
                        "country": "United States",
                        "country_code": "US",
                        "state": "Tennessee",
                        "state_code": "US-TN"
                    }
                ]
            },
            {
                "first_name": "Steven F",
                "last_name": "Moss",
                "initials": "",
                "corresponding": "",
                "orcid": "",
                "current_organization_id": "grid.40263.33",
                "researcher_id": "ur.011062435632.43",
                "affiliations": [
                    {
                        "id": "grid.40263.33",
                        "name": "Brown University",
                        "city": "Providence",
                        "city_id": 5224151,
                        "country": "United States",
                        "country_code": "US",
                        "state": "Rhode Island",
                        "state_code": "US-RI"
                    }
                ]
            }
        ]
    ],
    "altmetric": 55.0,
    "FOR": [
        {
            "id": "3053",
            "name": "1103 Clinical Sciences"
        },
        {
            "id": "3114",
            "name": "1108 Medical Microbiology"
        }
    ],
    "research_org_countries": [
        {
            "id": "US",
            "name": "United States"
        },
        {
            "id": "CA",
            "name": "Canada"
        }
    ],
    "title": "ACG Clinical Guideline: Treatment of Helicobacter pylori Infection",
    "research_org_cities": [
        {
            "id": 5224151,
            "name": "Providence"
        },
        {
            "id": 4641239,
            "name": "Memphis"
        },
        {
            "id": 5969782,
            "name": "Hamilton"
        },
        {
            "id": 4984247,
            "name": "Ann Arbor"
        }
    ],
    "pages": "212",
    "issue": "2",
    "research_org_state_names": [
        "Rhode Island",
        "Tennessee",
        "Michigan",
        "Ontario"
    ],
    "doi": "10.1038/ajg.2016.563",
    "times_cited": 282,
    "journal": {
        "id": "jour.1019809",
        "title": "The American Journal of Gastroenterology"
    },
    "research_orgs": [
        {
            "id": "grid.267301.1",
            "name": "University of Tennessee Health Science Center",
            "linkout": [
                "https://www.uthsc.edu/"
            ],
            "country_name": "United States",
            "types": [
                "Healthcare"
            ],
            "latitude": 35.139572,
            "acronym": "UTHSC",
            "state_name": "Tennessee",
            "city_name": "Memphis",
            "longitude": -90.03015
        },
        {
            "id": "grid.412590.b",
            "name": "Michigan Medicine",
            "linkout": [
                "http://www.uofmhealth.org/"
            ],
            "country_name": "United States",
            "types": [
                "Healthcare"
            ],
            "latitude": 42.283894,
            "acronym": "UMHS",
            "state_name": "Michigan",
            "city_name": "Ann Arbor",
            "longitude": -83.72904
        },
        {
            "id": "grid.40263.33",
            "name": "Brown University",
            "linkout": [
                "http://www.brown.edu/"
            ],
            "country_name": "United States",
            "types": [
                "Education"
            ],
            "latitude": 41.8262,
            "state_name": "Rhode Island",
            "city_name": "Providence",
            "longitude": -71.4032
        },
        {
            "id": "grid.25073.33",
            "name": "McMaster University",
            "linkout": [
                "http://www.mcmaster.ca/"
            ],
            "country_name": "Canada",
            "types": [
                "Education"
            ],
            "latitude": 43.263332,
            "state_name": "Ontario",
            "city_name": "Hamilton",
            "longitude": -79.91889
        }
    ],
    "year": 2017,
    "references": [
        "pub.1008902296",
        "pub.1047511212",
        "pub.1041621553",
        "pub.1010816808",
        "pub.1014068036",
        "pub.1073706559",
        "pub.1014052960",
        "pub.1037724400",
        "pub.1048916627",
        "pub.1006487013",
        "pub.1026104167",
        "pub.1042067104",
        "pub.1052296987",
        "pub.1024508111",
        "pub.1037787708",
        "pub.1037197625",
        "pub.1015124718",
        "pub.1049866908",
        "pub.1001898096",
        "pub.1033202687",
        "pub.1046273986",
        "pub.1006582556",
        "pub.1047074760",
        "pub.1016633761",
        "pub.1032700000",
        "pub.1018486762",
        "pub.1044151972",
        "pub.1011982669",
        "pub.1036642036",
        "pub.1033320889",
        "pub.1005666803",
        "pub.1018821914",
        "pub.1078417850",
        "pub.1012848347",
        "pub.1015642723",
        "pub.1053517014",
        "pub.1005371750",
        "pub.1028038475",
        "pub.1041983238",
        "pub.1004086215",
        "pub.1024417141",
        "pub.1040850423",
        "pub.1019878881",
        "pub.1024611919",
        "pub.1031303504",
        "pub.1034760897",
        "pub.1071372410",
        "pub.1041687662",
        "pub.1002625415",
        "pub.1040138284",
        "pub.1012677873",
        "pub.1000059683",
        "pub.1034035924",
        "pub.1021970583",
        "pub.1024243812",
        "pub.1021651071",
        "pub.1019009378",
        "pub.1031831288",
        "pub.1016387638",
        "pub.1028395942",
        "pub.1027111293",
        "pub.1051553746",
        "pub.1006276116",
        "pub.1031395285",
        "pub.1011509182",
        "pub.1052576326",
        "pub.1014895991",
        "pub.1053616686",
        "pub.1001081589",
        "pub.1004443605",
        "pub.1051234926",
        "pub.1016171875",
        "pub.1050154422",
        "pub.1054574170",
        "pub.1026490458",
        "pub.1032677875",
        "pub.1044409423",
        "pub.1071139002",
        "pub.1036055701",
        "pub.1007412710",
        "pub.1036054770",
        "pub.1029084082",
        "pub.1040656516",
        "pub.1010102637",
        "pub.1021187849",
        "pub.1025973492",
        "pub.1030992053",
        "pub.1052626928",
        "pub.1031604035",
        "pub.1011787832",
        "pub.1019627407",
        "pub.1008751220",
        "pub.1014616411",
        "pub.1041837619",
        "pub.1038534304",
        "pub.1078047447",
        "pub.1031123167",
        "pub.1051099661",
        "pub.1015157638",
        "pub.1002781941",
        "pub.1030127807",
        "pub.1019148454",
        "pub.1008686584",
        "pub.1009349705",
        "pub.1100997281",
        "pub.1014156906",
        "pub.1010278842",
        "pub.1052121150",
        "pub.1032582916",
        "pub.1003345468",
        "pub.1009643535",
        "pub.1050135048",
        "pub.1025211140",
        "pub.1018553967",
        "pub.1051227044",
        "pub.1014307367",
        "pub.1019611979",
        "pub.1042187161",
        "pub.1009549921",
        "pub.1041752856",
        "pub.1009421226",
        "pub.1043947272",
        "pub.1047671383",
        "pub.1015548081",
        "pub.1017444133",
        "pub.1012124919",
        "pub.1046401119",
        "pub.1047536679",
        "pub.1012963765",
        "pub.1048295980",
        "pub.1024980076",
        "pub.1009587796",
        "pub.1010043759",
        "pub.1018887301",
        "pub.1039454313",
        "pub.1028651280",
        "pub.1032836281",
        "pub.1075015240",
        "pub.1013507902",
        "pub.1019222961",
        "pub.1071371171",
        "pub.1053585463",
        "pub.1003879452",
        "pub.1045616038",
        "pub.1011885392",
        "pub.1039070650",
        "pub.1003157850",
        "pub.1030313142",
        "pub.1040332836",
        "pub.1048358082",
        "pub.1072513638",
        "pub.1050501195",
        "pub.1005062012",
        "pub.1053451702",
        "pub.1037346102",
        "pub.1078957264",
        "pub.1032377635",
        "pub.1006441431",
        "pub.1022321171",
        "pub.1044072975",
        "pub.1046515413",
        "pub.1013930502",
        "pub.1051768222",
        "pub.1026853211",
        "pub.1006031896",
        "pub.1050962379",
        "pub.1016607596",
        "pub.1053456197",
        "pub.1013733052",
        "pub.1031243778",
        "pub.1008202000",
        "pub.1032802357",
        "pub.1050916739",
        "pub.1019618494",
        "pub.1006429125",
        "pub.1053153862",
        "pub.1038215616",
        "pub.1041366205",
        "pub.1024380866",
        "pub.1052135939",
        "pub.1031332099",
        "pub.1001658792",
        "pub.1048312298",
        "pub.1028112931",
        "pub.1042613372",
        "pub.1001354098",
        "pub.1048115414",
        "pub.1006055685",
        "pub.1046690501",
        "pub.1016299617",
        "pub.1073702558",
        "pub.1022649883",
        "pub.1021186534",
        "pub.1052485250",
        "pub.1071372493",
        "pub.1002903035",
        "pub.1052839494",
        "pub.1013418097",
        "pub.1046968300",
        "pub.1046893735",
        "pub.1071364299",
        "pub.1052998887",
        "pub.1032931346",
        "pub.1052622190",
        "pub.1032097239",
        "pub.1004030947",
        "pub.1031033225",
        "pub.1071366266",
        "pub.1029243150",
        "pub.1010830932",
        "pub.1031844785",
        "pub.1029176350",
        "pub.1074198139",
        "pub.1026723271"
    ],
    "id": "pub.1021450022",
    "research_org_country_names": [
        "Canada",
        "United States"
    ],
    "date": "2017-02-01",
    "research_org_state_codes": [
        {
            "id": "US-MI",
            "name": "Michigan"
        },
        {
            "id": "US-TN",
            "name": "Tennessee"
        },
        {
            "id": "CA-ON",
            "name": "Ontario"
        },
        {
            "id": "US-RI",
            "name": "Rhode Island"
        }
    ],
    "researchers": [
        {
            "id": "ur.015422451142.92",
            "research_orgs": [
                "grid.412590.b",
                "grid.266102.1",
                "grid.5596.f",
                "grid.134563.6",
                "grid.265436.0",
                "grid.473469.b",
                "grid.214458.e"
            ],
            "last_name": "Chey",
            "first_name": "William D"
        },
        {
            "id": "ur.0644013753.17",
            "research_orgs": [
                "grid.423361.1",
                "grid.415248.e",
                "grid.25073.33",
                "grid.411657.0"
            ],
            "last_name": "Leontiadis",
            "first_name": "Grigorios I I",
            "orcid_id": [
                "0000-0001-5072-7599"
            ]
        },
        {
            "id": "ur.0773557610.14",
            "research_orgs": [
                "grid.16753.36",
                "grid.254567.7",
                "grid.412947.d",
                "grid.8756.c",
                "grid.39382.33",
                "grid.240684.c",
                "grid.411657.0",
                "grid.416075.1",
                "grid.412590.b",
                "grid.241054.6",
                "grid.417468.8",
                "grid.475435.4",
                "grid.25073.33",
                "grid.418151.8",
                "grid.267301.1",
                "grid.415490.d",
                "grid.453890.3",
                "grid.416637.1",
                "grid.12284.3d"
            ],
            "last_name": "Howden",
            "first_name": "Colin W",
            "orcid_id": [
                "0000-0003-0987-0662"
            ]
        },
        {
            "id": "ur.011062435632.43",
            "research_orgs": [
                "grid.7445.2",
                "grid.262962.b",
                "grid.240588.3",
                "grid.7763.5",
                "grid.240873.a",
                "grid.264756.4",
                "grid.152326.1",
                "grid.40263.33",
                "grid.411947.e",
                "grid.21729.3f",
                "grid.47100.32",
                "grid.240324.3",
                "grid.414317.4",
                "grid.290014.e",
                "grid.137628.9",
                "grid.413629.b"
            ],
            "last_name": "Moss",
            "first_name": "Steven F"
        }
    ],
    "relative_citation_ratio": 37.11,
    "type": "article",
    "volume": "112"
}