{
    "pmid": "23070592",
    "author_affiliations": [
        [
            {
                "first_name": "Pablo",
                "last_name": "Tamayo",
                "initials": "",
                "corresponding": "",
                "orcid": "['0000-0002-9360-4668']",
                "current_organization_id": "grid.266100.3",
                "researcher_id": "ur.0756245403.69",
                "affiliations": [
                    {
                        "id": "grid.66859.34",
                        "name": "Broad Institute",
                        "city": "Cambridge",
                        "city_id": 4931972,
                        "country": "United States",
                        "country_code": "US",
                        "state": "Massachusetts",
                        "state_code": "US-MA"
                    }
                ]
            },
            {
                "first_name": "George",
                "last_name": "Steinhardt",
                "initials": "",
                "corresponding": "",
                "orcid": "",
                "current_organization_id": "",
                "researcher_id": "",
                "affiliations": [
                    {
                        "id": "grid.189504.1",
                        "name": "Boston University",
                        "city": "Boston",
                        "city_id": 4930956,
                        "country": "United States",
                        "country_code": "US",
                        "state": "Massachusetts",
                        "state_code": "US-MA"
                    }
                ]
            },
            {
                "first_name": "Arthur",
                "last_name": "Liberzon",
                "initials": "",
                "corresponding": "",
                "orcid": "",
                "current_organization_id": "grid.66859.34",
                "researcher_id": "ur.01361511342.02",
                "affiliations": [
                    {
                        "id": "grid.66859.34",
                        "name": "Broad Institute",
                        "city": "Cambridge",
                        "city_id": 4931972,
                        "country": "United States",
                        "country_code": "US",
                        "state": "Massachusetts",
                        "state_code": "US-MA"
                    }
                ]
            },
            {
                "first_name": "Jill P",
                "last_name": "Mesirov",
                "initials": "",
                "corresponding": "",
                "orcid": "",
                "current_organization_id": "grid.266100.3",
                "researcher_id": "ur.0766253043.80",
                "affiliations": [
                    {
                        "id": "grid.66859.34",
                        "name": "Broad Institute",
                        "city": "Cambridge",
                        "city_id": 4931972,
                        "country": "United States",
                        "country_code": "US",
                        "state": "Massachusetts",
                        "state_code": "US-MA"
                    },
                    {
                        "id": "grid.189504.1",
                        "name": "Boston University",
                        "city": "Boston",
                        "city_id": 4930956,
                        "country": "United States",
                        "country_code": "US",
                        "state": "Massachusetts",
                        "state_code": "US-MA"
                    }
                ]
            }
        ]
    ],
    "altmetric": 13.0,
    "FOR": [
        {
            "id": "3292",
            "name": "1402 Applied Economics"
        }
    ],
    "research_org_countries": [
        {
            "id": "US",
            "name": "United States"
        }
    ],
    "title": "The limitations of simple gene set enrichment analysis assuming gene independence",
    "research_org_cities": [
        {
            "id": 4930956,
            "name": "Boston"
        },
        {
            "id": 4931972,
            "name": "Cambridge"
        }
    ],
    "pages": "472-487",
    "issue": "1",
    "research_org_state_names": [
        "Massachusetts"
    ],
    "open_access": [
        "Open Access - all",
        "Open Access - repository",
        "Open Access - accepted"
    ],
    "doi": "10.1177/0962280212460441",
    "times_cited": 34,
    "funders": [
        {
            "id": "grid.420089.7",
            "name": "National Institute of Child Health and Human Development",
            "linkout": [
                "http://www.nichd.nih.gov/Pages/index.aspx"
            ],
            "country_name": "United States",
            "types": [
                "Facility"
            ],
            "latitude": 39.001095,
            "acronym": "NICHD",
            "state_name": "Maryland",
            "city_name": "Bethesda",
            "longitude": -77.10042
        },
        {
            "id": "grid.48336.3a",
            "name": "National Cancer Institute",
            "linkout": [
                "http://www.cancer.gov/"
            ],
            "country_name": "United States",
            "types": [
                "Government"
            ],
            "latitude": 39.004326,
            "acronym": "NCI",
            "state_name": "Maryland",
            "city_name": "Rockville",
            "longitude": -77.10119
        }
    ],
    "journal": {
        "id": "jour.1102827",
        "title": "Statistical Methods in Medical Research"
    },
    "research_orgs": [
        {
            "id": "grid.189504.1",
            "name": "Boston University",
            "linkout": [
                "http://www.bu.edu/"
            ],
            "country_name": "United States",
            "types": [
                "Education"
            ],
            "latitude": 42.3496,
            "acronym": "BU",
            "state_name": "Massachusetts",
            "city_name": "Boston",
            "longitude": -71.0997
        },
        {
            "id": "grid.66859.34",
            "name": "Broad Institute",
            "linkout": [
                "http://www.broadinstitute.org/"
            ],
            "country_name": "United States",
            "types": [
                "Nonprofit"
            ],
            "latitude": 42.36789,
            "state_name": "Massachusetts",
            "city_name": "Cambridge",
            "longitude": -71.08703
        }
    ],
    "year": 2016,
    "references": [
        "pub.1036743422",
        "pub.1048457312",
        "pub.1025588968",
        "pub.1019207421",
        "pub.1005940568",
        "pub.1046986641",
        "pub.1012602180",
        "pub.1047800909",
        "pub.1049088144",
        "pub.1053536163",
        "pub.1009851931",
        "pub.1047610281",
        "pub.1045310140",
        "pub.1030569850",
        "pub.1023327881",
        "pub.1038028010",
        "pub.1040370538",
        "pub.1001761938",
        "pub.1049104882",
        "pub.1025432622",
        "pub.1072296851",
        "pub.1033565357",
        "pub.1027078608",
        "pub.1011415859",
        "pub.1013321903",
        "pub.1010205458",
        "pub.1026770587",
        "pub.1021503537",
        "pub.1010539347",
        "pub.1025522417",
        "pub.1035612055",
        "pub.1009156234",
        "pub.1025838526",
        "pub.1022728106",
        "pub.1096079254",
        "pub.1035892391",
        "pub.1018324449",
        "pub.1045443054",
        "pub.1011931584",
        "pub.1007761144",
        "pub.1030345569",
        "pub.1014377811",
        "pub.1075024918",
        "pub.1069097010",
        "pub.1008688091",
        "pub.1002209653",
        "pub.1000908507",
        "pub.1021533100",
        "pub.1031858368",
        "pub.1028145633",
        "pub.1012217489",
        "pub.1048985842",
        "pub.1047872370",
        "pub.1047922237",
        "pub.1018285816",
        "pub.1044620917",
        "pub.1021292424",
        "pub.1051007387",
        "pub.1041433144",
        "pub.1024448363",
        "pub.1025271948",
        "pub.1001631710",
        "pub.1014744076",
        "pub.1017134389",
        "pub.1037705714",
        "pub.1000720759",
        "pub.1098665701",
        "pub.1064198588",
        "pub.1035276369",
        "pub.1041913073",
        "pub.1074695313",
        "pub.1006903643"
    ],
    "id": "pub.1027130458",
    "research_org_country_names": [
        "United States"
    ],
    "date": "2016-02-01",
    "research_org_state_codes": [
        {
            "id": "US-MA",
            "name": "Massachusetts"
        }
    ],
    "researchers": [
        {
            "id": "ur.0756245403.69",
            "research_orgs": [
                "grid.266100.3",
                "grid.116068.8",
                "grid.65499.37",
                "grid.62560.37",
                "grid.10306.34",
                "grid.21107.35",
                "grid.189504.1",
                "grid.411940.9",
                "grid.428204.8",
                "grid.2515.3",
                "grid.38142.3c",
                "grid.5650.6",
                "grid.39382.33",
                "grid.240871.8",
                "grid.66859.34"
            ],
            "last_name": "Tamayo",
            "first_name": "Pablo",
            "orcid_id": [
                "0000-0002-9360-4668"
            ]
        },
        {
            "id": "ur.01361511342.02",
            "research_orgs": [
                "grid.66859.34",
                "grid.263791.8"
            ],
            "last_name": "Liberzon",
            "first_name": "Arthur"
        },
        {
            "id": "ur.0766253043.80",
            "research_orgs": [
                "grid.66859.34",
                "grid.422969.2",
                "grid.38142.3c",
                "grid.65499.37",
                "grid.240145.6",
                "grid.240871.8",
                "grid.428204.8",
                "grid.263791.8",
                "grid.10306.34",
                "grid.411940.9",
                "grid.116068.8",
                "grid.266100.3",
                "grid.62560.37",
                "grid.298859.7",
                "grid.39382.33",
                "grid.2515.3",
                "grid.5650.6",
                "grid.419799.b",
                "grid.189504.1"
            ],
            "last_name": "Mesirov",
            "first_name": "Jill P"
        }
    ],
    "relative_citation_ratio": 2.11,
    "type": "article",
    "volume": "25",
    "pmcid": "PMC3758419"
}