{
    "research_orgs": [
        {
            "id": "grid.4714.6",
            "linkout": [
                "http://ki.se/en/startpage"
            ],
            "city_name": "Stockholm",
            "longitude": 18.022285,
            "acronym": "KI",
            "latitude": 59.34802,
            "name": "Karolinska Institute",
            "types": [
                "Education"
            ],
            "country_name": "Sweden"
        },
        {
            "id": "grid.16821.3c",
            "linkout": [
                "http://en.sjtu.edu.cn/"
            ],
            "city_name": "Shanghai",
            "longitude": 121.43278,
            "acronym": "SJTU",
            "state_name": "Shanghai",
            "latitude": 31.201267,
            "name": "Shanghai Jiao Tong University",
            "types": [
                "Education"
            ],
            "country_name": "China"
        }
    ],
    "research_org_country_names": [
        "China",
        "Sweden"
    ],
    "pmid": "28209613",
    "funders": [
        {
            "id": "grid.452927.f",
            "linkout": [
                "http://stcsm.sh.gov.cn"
            ],
            "city_name": "Shanghai",
            "longitude": 121.207596,
            "acronym": "STCSM",
            "latitude": 31.003231,
            "name": "Science and Technology Commission of Shanghai Municipality",
            "types": [
                "Government"
            ],
            "country_name": "China"
        },
        {
            "id": "grid.424020.0",
            "linkout": [
                "http://www.most.gov.cn/eng/"
            ],
            "city_name": "Beijing",
            "longitude": 116.316284,
            "acronym": "MOST",
            "latitude": 39.827835,
            "name": "Ministry of Science and Technology of the People's Republic of China",
            "types": [
                "Government"
            ],
            "country_name": "China"
        },
        {
            "id": "grid.419696.5",
            "linkout": [
                "http://www.nsfc.gov.cn/publish/portal1/"
            ],
            "city_name": "Beijing",
            "longitude": 116.33983,
            "acronym": "NSFC",
            "latitude": 40.005177,
            "name": "National Natural Science Foundation of China",
            "types": [
                "Government"
            ],
            "country_name": "China"
        }
    ],
    "title": "WNT/\u03b2-Catenin Directs Self-Renewal Symmetric Cell Division of hTERThigh Prostate Cancer Stem Cells",
    "type": "article",
    "year": 2017,
    "journal": {
        "id": "jour.1319913",
        "title": "Cancer Research"
    },
    "researchers": [
        {
            "id": "ur.015703131207.23",
            "research_orgs": [
                "grid.16821.3c"
            ],
            "first_name": "Kai",
            "last_name": "Zhang"
        },
        {
            "id": "ur.01100006160.17",
            "research_orgs": [
                "grid.16821.3c"
            ],
            "first_name": "Yanjing",
            "last_name": "Guo"
        },
        {
            "id": "ur.07775440407.53",
            "research_orgs": [
                "grid.16821.3c"
            ],
            "first_name": "Xue",
            "last_name": "Wang"
        },
        {
            "id": "ur.0775024635.53",
            "research_orgs": [
                "grid.16821.3c"
            ],
            "first_name": "Huifang",
            "last_name": "Zhao"
        },
        {
            "id": "ur.01257712542.59",
            "research_orgs": [
                "grid.253663.7",
                "grid.16821.3c"
            ],
            "first_name": "Zhongzhong",
            "last_name": "Ji",
            "orcid_id": [
                "0000-0003-0562-2477"
            ]
        },
        {
            "id": "ur.012165762007.44",
            "research_orgs": [
                "grid.16821.3c"
            ],
            "first_name": "Chaping",
            "last_name": "Cheng"
        },
        {
            "id": "ur.01165032024.12",
            "research_orgs": [
                "grid.8547.e",
                "grid.16821.3c"
            ],
            "first_name": "Yu Xiang",
            "last_name": "Fang"
        },
        {
            "id": "ur.01235142525.24",
            "research_orgs": [
                "grid.27255.37",
                "grid.24381.3c",
                "grid.451924.f",
                "grid.4714.6",
                "grid.464402.0",
                "grid.452704.0"
            ],
            "first_name": "Dawei",
            "last_name": "Xu",
            "orcid_id": [
                "0000-0003-3141-4524"
            ]
        },
        {
            "id": "ur.01354573743.23",
            "research_orgs": [
                "grid.266100.3",
                "grid.479509.6",
                "grid.16821.3c",
                "grid.486834.5"
            ],
            "first_name": "Helen He",
            "last_name": "Zhu"
        },
        {
            "id": "ur.0735250460.03",
            "research_orgs": [
                "grid.419087.3",
                "grid.16821.3c",
                "grid.418158.1",
                "grid.486834.5"
            ],
            "first_name": "Wei-Qiang",
            "last_name": "Gao"
        }
    ],
    "FOR": [
        {
            "id": "3142",
            "name": "1112 Oncology and Carcinogenesis"
        },
        {
            "id": "2581",
            "name": "0601 Biochemistry and Cell Biology"
        }
    ],
    "research_org_countries": [
        {
            "id": "SE",
            "name": "Sweden"
        },
        {
            "id": "CN",
            "name": "China"
        }
    ],
    "date": "2017-05-01",
    "altmetric": 1.0,
    "pages": "2534-2547",
    "id": "pub.1083845084",
    "volume": "77",
    "issue": "9",
    "research_org_cities": [
        {
            "id": 2673730,
            "name": "Stockholm"
        },
        {
            "id": 1796236,
            "name": "Shanghai"
        }
    ],
    "open_access": [
        "Open Access - all",
        "Open Access - publisher",
        "Open Access - published"
    ],
    "author_affiliations": [
        [
            {
                "first_name": "Kai",
                "last_name": "Zhang",
                "initials": "",
                "corresponding": "",
                "orcid": "",
                "current_organization_id": "grid.16821.3c",
                "researcher_id": "ur.015703131207.23",
                "affiliations": [
                    {
                        "id": "grid.16821.3c",
                        "name": "Shanghai Jiao Tong University",
                        "city": "Shanghai",
                        "city_id": 1796236,
                        "country": "China",
                        "country_code": "CN",
                        "state": null,
                        "state_code": null
                    },
                    {
                        "id": "grid.16821.3c",
                        "name": "Shanghai Jiao Tong University",
                        "city": "Shanghai",
                        "city_id": 1796236,
                        "country": "China",
                        "country_code": "CN",
                        "state": null,
                        "state_code": null
                    }
                ]
            },
            {
                "first_name": "Yanjing",
                "last_name": "Guo",
                "initials": "",
                "corresponding": "",
                "orcid": "",
                "current_organization_id": "grid.16821.3c",
                "researcher_id": "ur.01100006160.17",
                "affiliations": [
                    {
                        "id": "grid.16821.3c",
                        "name": "Shanghai Jiao Tong University",
                        "city": "Shanghai",
                        "city_id": 1796236,
                        "country": "China",
                        "country_code": "CN",
                        "state": null,
                        "state_code": null
                    }
                ]
            },
            {
                "first_name": "Xue",
                "last_name": "Wang",
                "initials": "",
                "corresponding": "",
                "orcid": "",
                "current_organization_id": "grid.16821.3c",
                "researcher_id": "ur.07775440407.53",
                "affiliations": [
                    {
                        "id": "grid.16821.3c",
                        "name": "Shanghai Jiao Tong University",
                        "city": "Shanghai",
                        "city_id": 1796236,
                        "country": "China",
                        "country_code": "CN",
                        "state": null,
                        "state_code": null
                    },
                    {
                        "id": "grid.16821.3c",
                        "name": "Shanghai Jiao Tong University",
                        "city": "Shanghai",
                        "city_id": 1796236,
                        "country": "China",
                        "country_code": "CN",
                        "state": null,
                        "state_code": null
                    }
                ]
            },
            {
                "first_name": "Huifang",
                "last_name": "Zhao",
                "initials": "",
                "corresponding": "",
                "orcid": "",
                "current_organization_id": "grid.16821.3c",
                "researcher_id": "ur.0775024635.53",
                "affiliations": [
                    {
                        "id": "grid.16821.3c",
                        "name": "Shanghai Jiao Tong University",
                        "city": "Shanghai",
                        "city_id": 1796236,
                        "country": "China",
                        "country_code": "CN",
                        "state": null,
                        "state_code": null
                    }
                ]
            },
            {
                "first_name": "Zhongzhong",
                "last_name": "Ji",
                "initials": "",
                "corresponding": "",
                "orcid": "['0000-0003-0562-2477']",
                "current_organization_id": "grid.16821.3c",
                "researcher_id": "ur.01257712542.59",
                "affiliations": [
                    {
                        "id": "grid.16821.3c",
                        "name": "Shanghai Jiao Tong University",
                        "city": "Shanghai",
                        "city_id": 1796236,
                        "country": "China",
                        "country_code": "CN",
                        "state": null,
                        "state_code": null
                    },
                    {
                        "id": "grid.16821.3c",
                        "name": "Shanghai Jiao Tong University",
                        "city": "Shanghai",
                        "city_id": 1796236,
                        "country": "China",
                        "country_code": "CN",
                        "state": null,
                        "state_code": null
                    }
                ]
            },
            {
                "first_name": "Chaping",
                "last_name": "Cheng",
                "initials": "",
                "corresponding": "",
                "orcid": "",
                "current_organization_id": "grid.16821.3c",
                "researcher_id": "ur.012165762007.44",
                "affiliations": [
                    {
                        "id": "grid.16821.3c",
                        "name": "Shanghai Jiao Tong University",
                        "city": "Shanghai",
                        "city_id": 1796236,
                        "country": "China",
                        "country_code": "CN",
                        "state": null,
                        "state_code": null
                    },
                    {
                        "id": "grid.16821.3c",
                        "name": "Shanghai Jiao Tong University",
                        "city": "Shanghai",
                        "city_id": 1796236,
                        "country": "China",
                        "country_code": "CN",
                        "state": null,
                        "state_code": null
                    }
                ]
            },
            {
                "first_name": "Li",
                "last_name": "Li",
                "initials": "",
                "corresponding": "",
                "orcid": "",
                "current_organization_id": "",
                "researcher_id": "",
                "affiliations": [
                    {
                        "id": "grid.16821.3c",
                        "name": "Shanghai Jiao Tong University",
                        "city": "Shanghai",
                        "city_id": 1796236,
                        "country": "China",
                        "country_code": "CN",
                        "state": null,
                        "state_code": null
                    }
                ]
            },
            {
                "first_name": "Yuxiang",
                "last_name": "Fang",
                "initials": "",
                "corresponding": "",
                "orcid": "",
                "current_organization_id": "grid.16821.3c",
                "researcher_id": "ur.01165032024.12",
                "affiliations": [
                    {
                        "id": "grid.16821.3c",
                        "name": "Shanghai Jiao Tong University",
                        "city": "Shanghai",
                        "city_id": 1796236,
                        "country": "China",
                        "country_code": "CN",
                        "state": null,
                        "state_code": null
                    }
                ]
            },
            {
                "first_name": "Dawei",
                "last_name": "Xu",
                "initials": "",
                "corresponding": "",
                "orcid": "['0000-0003-3141-4524']",
                "current_organization_id": "grid.24381.3c",
                "researcher_id": "ur.01235142525.24",
                "affiliations": [
                    {
                        "id": "grid.4714.6",
                        "name": "Karolinska Institute",
                        "city": "Stockholm",
                        "city_id": 2673730,
                        "country": "Sweden",
                        "country_code": "SE",
                        "state": null,
                        "state_code": null
                    }
                ]
            },
            {
                "first_name": "Helen He",
                "last_name": "Zhu",
                "initials": "",
                "corresponding": "",
                "orcid": "",
                "current_organization_id": "grid.16821.3c",
                "researcher_id": "ur.01354573743.23",
                "affiliations": [
                    {
                        "id": "grid.16821.3c",
                        "name": "Shanghai Jiao Tong University",
                        "city": "Shanghai",
                        "city_id": 1796236,
                        "country": "China",
                        "country_code": "CN",
                        "state": null,
                        "state_code": null
                    }
                ]
            },
            {
                "first_name": "Wei-Qiang",
                "last_name": "Gao",
                "initials": "",
                "corresponding": "",
                "orcid": "",
                "current_organization_id": "grid.16821.3c",
                "researcher_id": "ur.0735250460.03",
                "affiliations": [
                    {
                        "id": "grid.16821.3c",
                        "name": "Shanghai Jiao Tong University",
                        "city": "Shanghai",
                        "city_id": 1796236,
                        "country": "China",
                        "country_code": "CN",
                        "state": null,
                        "state_code": null
                    },
                    {
                        "id": "grid.16821.3c",
                        "name": "Shanghai Jiao Tong University",
                        "city": "Shanghai",
                        "city_id": 1796236,
                        "country": "China",
                        "country_code": "CN",
                        "state": null,
                        "state_code": null
                    },
                    {
                        "name": "Collaborative Innovation Center of Systems Biomedicine, Shanghai, China."
                    }
                ]
            }
        ]
    ],
    "doi": "10.1158/0008-5472.can-16-1887",
    "times_cited": 40,
    "references": [
        "pub.1039396447",
        "pub.1038063449",
        "pub.1017006433",
        "pub.1044542741",
        "pub.1017754983",
        "pub.1009755412",
        "pub.1035103431",
        "pub.1008687509",
        "pub.1014282123",
        "pub.1062467773",
        "pub.1010219416",
        "pub.1000657170",
        "pub.1016236019",
        "pub.1048434450",
        "pub.1031271830",
        "pub.1043750690",
        "pub.1019838243",
        "pub.1027514768",
        "pub.1045103204",
        "pub.1050297383",
        "pub.1030392316",
        "pub.1012366689",
        "pub.1007254293",
        "pub.1028604496",
        "pub.1022605686",
        "pub.1001515312",
        "pub.1009247404",
        "pub.1029155049",
        "pub.1005244278",
        "pub.1040722466",
        "pub.1033698462",
        "pub.1002999398",
        "pub.1051219389",
        "pub.1037892492",
        "pub.1037279095",
        "pub.1002357372",
        "pub.1011765592",
        "pub.1050131812",
        "pub.1017506378",
        "pub.1047541603",
        "pub.1015770160",
        "pub.1028962209",
        "pub.1009920236"
    ],
    "relative_citation_ratio": 3.28
}