{
    "pmid": "17110849",
    "author_affiliations": [
        [
            {
                "first_name": "Nagmi R.",
                "last_name": "Qureshi",
                "initials": "",
                "corresponding": "",
                "orcid": "",
                "current_organization_id": "grid.417155.3",
                "researcher_id": "ur.01231067176.49",
                "affiliations": [
                    {
                        "id": "grid.415719.f",
                        "name": "Churchill Hospital",
                        "city": "Oxford",
                        "city_id": 2640729,
                        "country": "United Kingdom",
                        "country_code": "GB",
                        "state": null,
                        "state_code": null
                    }
                ]
            },
            {
                "first_name": "Tran T.",
                "last_name": "Hien",
                "initials": "",
                "corresponding": "",
                "orcid": "['0000-0002-2383-4791']",
                "current_organization_id": "grid.4991.5",
                "researcher_id": "ur.011034415617.22",
                "affiliations": [
                    {
                        "id": "grid.415719.f",
                        "name": "Churchill Hospital",
                        "city": "Oxford",
                        "city_id": 2640729,
                        "country": "United Kingdom",
                        "country_code": "GB",
                        "state": null,
                        "state_code": null
                    }
                ]
            },
            {
                "first_name": "Jeremy",
                "last_name": "Farrar",
                "initials": "",
                "corresponding": "",
                "orcid": "['0000-0002-2700-623X']",
                "current_organization_id": "grid.52788.30",
                "researcher_id": "ur.0640227120.31",
                "affiliations": [
                    {
                        "id": "grid.415719.f",
                        "name": "Churchill Hospital",
                        "city": "Oxford",
                        "city_id": 2640729,
                        "country": "United Kingdom",
                        "country_code": "GB",
                        "state": null,
                        "state_code": null
                    }
                ]
            },
            {
                "first_name": "Fergus V.",
                "last_name": "Gleeson",
                "initials": "",
                "corresponding": "",
                "orcid": "['0000-0002-5121-3917']",
                "current_organization_id": "grid.410556.3",
                "researcher_id": "ur.01340362506.36",
                "affiliations": [
                    {
                        "id": "grid.415719.f",
                        "name": "Churchill Hospital",
                        "city": "Oxford",
                        "city_id": 2640729,
                        "country": "United Kingdom",
                        "country_code": "GB",
                        "state": null,
                        "state_code": null
                    }
                ]
            }
        ]
    ],
    "altmetric": 3.0,
    "FOR": [
        {
            "id": "3053",
            "name": "1103 Clinical Sciences"
        }
    ],
    "research_org_countries": [
        {
            "id": "GB",
            "name": "United Kingdom"
        }
    ],
    "title": "The Radiologic Manifestations of H5N1 Avian Influenza",
    "research_org_cities": [
        {
            "id": 2640729,
            "name": "Oxford"
        }
    ],
    "pages": "259-264",
    "issue": "4",
    "doi": "10.1097/01.rti.0000213573.94032.53",
    "times_cited": 34,
    "journal": {
        "id": "jour.1096279",
        "title": "Journal of Thoracic Imaging"
    },
    "year": 2006,
    "research_orgs": [
        {
            "id": "grid.415719.f",
            "name": "Churchill Hospital",
            "linkout": [
                "http://www.ouh.nhs.uk/"
            ],
            "country_name": "United Kingdom",
            "types": [
                "Healthcare"
            ],
            "latitude": 51.763805,
            "city_name": "Oxford",
            "longitude": -1.21875
        }
    ],
    "id": "pub.1009093766",
    "references": [
        "pub.1026928072",
        "pub.1033401726",
        "pub.1077065122",
        "pub.1024923148",
        "pub.1050672387",
        "pub.1060189053",
        "pub.1053273996",
        "pub.1030407084",
        "pub.1064545552",
        "pub.1048146576",
        "pub.1018438004",
        "pub.1036687753",
        "pub.1029839579",
        "pub.1030960775",
        "pub.1050469820",
        "pub.1013294518",
        "pub.1075174000"
    ],
    "research_org_country_names": [
        "United Kingdom"
    ],
    "date": "2006-11-01",
    "researchers": [
        {
            "id": "ur.01231067176.49",
            "research_orgs": [
                "grid.5335.0",
                "grid.417155.3",
                "grid.415719.f",
                "grid.7497.d",
                "grid.412939.4"
            ],
            "last_name": "Qureshi",
            "first_name": "Nagmi R"
        },
        {
            "id": "ur.011034415617.22",
            "research_orgs": [
                "grid.412433.3",
                "grid.411347.4",
                "grid.414273.7",
                "grid.7177.6",
                "grid.10223.32",
                "grid.415719.f",
                "grid.11586.3b",
                "grid.174567.6",
                "grid.416693.f",
                "grid.4991.5",
                "grid.39382.33",
                "grid.48004.38",
                "grid.3575.4",
                "grid.464064.4",
                "grid.417153.5",
                "grid.4514.4",
                "grid.31501.36",
                "grid.5253.1",
                "grid.440266.2",
                "grid.412497.d"
            ],
            "last_name": "Hien",
            "first_name": "Tran Tinh",
            "orcid_id": [
                "0000-0002-2383-4791"
            ]
        },
        {
            "id": "ur.0640227120.31",
            "research_orgs": [
                "grid.1008.9",
                "grid.5335.0",
                "grid.412433.3",
                "grid.52788.30",
                "grid.439634.f",
                "grid.414273.7",
                "grid.16750.35",
                "grid.7445.2",
                "grid.10223.32",
                "grid.8991.9",
                "grid.494678.0",
                "grid.415719.f",
                "grid.452690.c",
                "grid.414094.c",
                "grid.4280.e",
                "grid.4305.2",
                "grid.411679.c",
                "grid.256607.0",
                "grid.12650.30",
                "grid.11586.3b",
                "grid.419597.7",
                "grid.5650.6",
                "grid.416693.f",
                "grid.4991.5",
                "grid.3575.4",
                "grid.39382.33",
                "grid.10306.34",
                "grid.48004.38",
                "grid.8348.7",
                "grid.440249.f",
                "grid.5253.1",
                "grid.194645.b"
            ],
            "last_name": "Farrar",
            "first_name": "Jeremy James",
            "orcid_id": [
                "0000-0002-2700-623X"
            ]
        },
        {
            "id": "ur.01340362506.36",
            "research_orgs": [
                "grid.426108.9",
                "grid.410556.3",
                "grid.413967.e",
                "grid.120073.7",
                "grid.67105.35",
                "grid.412920.c",
                "grid.417155.3",
                "grid.8348.7",
                "grid.415719.f",
                "grid.412947.d",
                "grid.418716.d",
                "grid.451056.3",
                "grid.239578.2",
                "grid.454382.c",
                "grid.470387.f",
                "grid.443984.6",
                "grid.267370.7",
                "grid.4991.5",
                "grid.443867.a",
                "grid.262613.2"
            ],
            "last_name": "Gleeson",
            "first_name": "Fergus Vincent",
            "orcid_id": [
                "0000-0002-5121-3917"
            ]
        }
    ],
    "relative_citation_ratio": 0.9,
    "type": "article",
    "volume": "21"
}