{
    "author_affiliations": [
        [
            {
                "first_name": "Amin",
                "last_name": "Maghsoudi",
                "initials": "",
                "corresponding": "",
                "orcid": "",
                "current_organization_id": "grid.46072.37",
                "researcher_id": "ur.013040731605.31",
                "affiliations": [
                    {
                        "id": "grid.11875.3a",
                        "name": "Universiti Sains Malaysia",
                        "city": "George Town",
                        "city_id": 1735106,
                        "country": "Malaysia",
                        "country_code": "MY",
                        "state": null,
                        "state_code": null
                    }
                ]
            },
            {
                "first_name": "Ala",
                "last_name": "Pazirandeh",
                "initials": "",
                "corresponding": "",
                "orcid": "['0000-0002-6514-4334']",
                "current_organization_id": "grid.5371.0",
                "researcher_id": "ur.011430205015.74",
                "affiliations": [
                    {
                        "id": "grid.8761.8",
                        "name": "University of Gothenburg",
                        "city": "Gothenburg",
                        "city_id": 2711537,
                        "country": "Sweden",
                        "country_code": "SE",
                        "state": null,
                        "state_code": null
                    }
                ]
            }
        ]
    ],
    "altmetric": 5.0,
    "FOR": [
        {
            "id": "3342",
            "name": "1503 Business and Management"
        }
    ],
    "research_org_countries": [
        {
            "id": "SE",
            "name": "Sweden"
        },
        {
            "id": "MY",
            "name": "Malaysia"
        }
    ],
    "title": "Visibility, resource sharing and performance in supply chain relationships: insights from humanitarian practitioners",
    "research_org_cities": [
        {
            "id": 2711537,
            "name": "G\u00f6teborg"
        },
        {
            "id": 1735106,
            "name": "George Town"
        }
    ],
    "pages": "125-139",
    "issue": "Issue 1",
    "doi": "10.1108/scm-03-2015-0102",
    "times_cited": 19,
    "journal": {
        "id": "jour.1139333",
        "title": "Supply Chain Management An International Journal"
    },
    "year": 2016,
    "research_orgs": [
        {
            "id": "grid.8761.8",
            "name": "University of Gothenburg",
            "linkout": [
                "http://www.gu.se/english"
            ],
            "country_name": "Sweden",
            "types": [
                "Education"
            ],
            "latitude": 57.698345,
            "city_name": "Gothenburg",
            "longitude": 11.971846
        },
        {
            "id": "grid.11875.3a",
            "name": "University of Science Malaysia",
            "linkout": [
                "https://www.usm.my/index.php/en/"
            ],
            "country_name": "Malaysia",
            "types": [
                "Education"
            ],
            "latitude": 5.356944,
            "acronym": "USM",
            "state_name": "Pulau Pinang",
            "city_name": "George Town",
            "longitude": 100.30139
        }
    ],
    "id": "pub.1042875103",
    "references": [
        "pub.1002297257",
        "pub.1002067266",
        "pub.1027424206",
        "pub.1004304544",
        "pub.1025291115",
        "pub.1008554862",
        "pub.1018777595",
        "pub.1045920421",
        "pub.1003041474",
        "pub.1034165278",
        "pub.1008687306",
        "pub.1045993800",
        "pub.1064711666",
        "pub.1002738257",
        "pub.1025483431",
        "pub.1008832436",
        "pub.1064721991",
        "pub.1002144863",
        "pub.1030462235",
        "pub.1014275282",
        "pub.1053390150",
        "pub.1011094690",
        "pub.1003520099",
        "pub.1041970509",
        "pub.1100194875",
        "pub.1027910173",
        "pub.1045871380",
        "pub.1046542371",
        "pub.1006533950",
        "pub.1030480809",
        "pub.1048231031",
        "pub.1042212560",
        "pub.1020109473",
        "pub.1032417460",
        "pub.1014138274",
        "pub.1070214222",
        "pub.1102515624",
        "pub.1004320454",
        "pub.1050226737",
        "pub.1042646255",
        "pub.1003271831",
        "pub.1015158318",
        "pub.1035785356",
        "pub.1015540786",
        "pub.1016191797",
        "pub.1043526477",
        "pub.1037502094",
        "pub.1013647986",
        "pub.1023849297",
        "pub.1071704178",
        "pub.1028689251",
        "pub.1020003392",
        "pub.1053105936",
        "pub.1041940404",
        "pub.1064714210",
        "pub.1024169256",
        "pub.1042680389",
        "pub.1018537597",
        "pub.1064721617",
        "pub.1020279347",
        "pub.1050646583",
        "pub.1008801182",
        "pub.1050010736",
        "pub.1026544203",
        "pub.1024716403",
        "pub.1042254043",
        "pub.1029692257",
        "pub.1000096712",
        "pub.1023180508",
        "pub.1029261996",
        "pub.1005818039",
        "pub.1043964073",
        "pub.1016138501",
        "pub.1070213385",
        "pub.1003770155",
        "pub.1004429419",
        "pub.1010316169",
        "pub.1105614494",
        "pub.1038880314",
        "pub.1100186657",
        "pub.1041997069",
        "pub.1032664661",
        "pub.1003113375",
        "pub.1002174186",
        "pub.1072898145",
        "pub.1035942476",
        "pub.1005161240",
        "pub.1034702336",
        "pub.1046779218",
        "pub.1008334140",
        "pub.1067486271",
        "pub.1047003559"
    ],
    "research_org_country_names": [
        "Malaysia",
        "Sweden"
    ],
    "date": "2016-01-11",
    "researchers": [
        {
            "id": "ur.013040731605.31",
            "research_orgs": [
                "grid.46072.37",
                "grid.11875.3a"
            ],
            "last_name": "Maghsoudi",
            "first_name": "Amin",
            "orcid_id": [
                "0000-0003-0166-6317"
            ]
        },
        {
            "id": "ur.011430205015.74",
            "research_orgs": [
                "grid.4514.4",
                "grid.8761.8",
                "grid.5371.0"
            ],
            "last_name": "Pazirandeh",
            "first_name": "Ala",
            "orcid_id": [
                "0000-0002-6514-4334"
            ]
        }
    ],
    "type": "article",
    "volume": "Volume 21"
}