{
    "research_orgs": [
        {
            "id": "grid.410720.0",
            "linkout": [
                "http://www.ibs.re.kr/eng.do"
            ],
            "city_name": "Daejeon",
            "longitude": 127.39951,
            "acronym": "IBS",
            "latitude": 36.40219,
            "name": "Institute for Basic Science",
            "types": [
                "Facility"
            ],
            "country_name": "South Korea"
        },
        {
            "id": "grid.31501.36",
            "linkout": [
                "http://www.snu.ac.kr/index.html"
            ],
            "city_name": "Seoul",
            "longitude": 126.9519,
            "acronym": "SNU",
            "latitude": 37.460155,
            "name": "Seoul National University",
            "types": [
                "Education"
            ],
            "country_name": "South Korea"
        },
        {
            "id": "grid.412786.e",
            "linkout": [
                "http://www.ust.ac.kr/index.do"
            ],
            "city_name": "Daejeon",
            "longitude": 127.3693,
            "acronym": "UST",
            "latitude": 36.386368,
            "name": "Korea University of Science and Technology",
            "types": [
                "Education"
            ],
            "country_name": "South Korea"
        },
        {
            "id": "grid.412484.f",
            "linkout": [
                "https://www.snuh.org/english/"
            ],
            "city_name": "Seoul",
            "longitude": 127.000465,
            "acronym": "SNUH",
            "latitude": 37.579372,
            "name": "Seoul National University Hospital",
            "types": [
                "Healthcare"
            ],
            "country_name": "South Korea"
        }
    ],
    "research_org_country_names": [
        "South Korea"
    ],
    "pmid": "29748595",
    "funders": [
        {
            "id": "grid.452901.b",
            "linkout": [
                "http://english.moe.go.kr/"
            ],
            "city_name": "Sejong",
            "longitude": 127.043396,
            "acronym": "MOE",
            "latitude": 37.47208,
            "name": "Ministry of Education",
            "types": [
                "Government"
            ],
            "country_name": "South Korea"
        },
        {
            "id": "grid.452913.8",
            "linkout": [
                "http://english.msip.go.kr/"
            ],
            "city_name": "Anyang-si",
            "longitude": 126.98458,
            "acronym": "MSIP",
            "latitude": 37.427868,
            "name": "Ministry of Science ICT and Future Planning",
            "types": [
                "Government"
            ],
            "country_name": "South Korea"
        },
        {
            "id": "grid.436415.1",
            "linkout": [
                "http://www.nrf.re.kr/nrf_eng_cms/"
            ],
            "city_name": "Daejeon",
            "longitude": 127.333176,
            "acronym": "NRF",
            "latitude": 36.38167,
            "name": "National Research Foundation of Korea",
            "types": [
                "Government"
            ],
            "country_name": "South Korea"
        }
    ],
    "title": "CRISPR-LbCpf1 prevents choroidal neovascularization in a mouse model of age-related macular degeneration",
    "type": "article",
    "year": 2018,
    "journal": {
        "id": "jour.1043282",
        "title": "Nature Communications"
    },
    "researchers": [
        {
            "id": "ur.0767236145.15",
            "research_orgs": [
                "grid.4970.a",
                "grid.4991.5",
                "grid.412786.e",
                "grid.4464.2",
                "grid.289247.2",
                "grid.15444.30",
                "grid.410720.0"
            ],
            "first_name": "Taeyoung",
            "last_name": "Koo"
        },
        {
            "id": "ur.0626050504.07",
            "research_orgs": [
                "grid.31501.36",
                "grid.412480.b",
                "grid.412484.f"
            ],
            "first_name": "Sung Wook",
            "last_name": "Park",
            "orcid_id": [
                "0000-0001-8151-6663"
            ]
        },
        {
            "id": "ur.01317661462.10",
            "research_orgs": [
                "grid.31501.36",
                "grid.412484.f"
            ],
            "first_name": "Dong Hyun",
            "last_name": "Jo",
            "orcid_id": [
                "0000-0002-6320-6829"
            ]
        },
        {
            "id": "ur.01177041436.52",
            "research_orgs": [
                "grid.31501.36",
                "grid.410720.0"
            ],
            "first_name": "Daesik",
            "last_name": "Kim"
        },
        {
            "id": "ur.01344167465.12",
            "research_orgs": [
                "grid.255649.9",
                "grid.31501.36",
                "grid.412484.f"
            ],
            "first_name": "Jin Hyoung",
            "last_name": "Kim"
        },
        {
            "id": "ur.01354231465.21",
            "research_orgs": [
                "grid.414964.a",
                "grid.264381.a",
                "grid.411653.4",
                "grid.418967.5",
                "grid.31501.36",
                "grid.412482.9",
                "grid.410720.0"
            ],
            "first_name": "Hee-Yeon",
            "last_name": "Cho"
        },
        {
            "id": "ur.0710503762.84",
            "research_orgs": [
                "grid.49100.3c",
                "grid.411545.0",
                "grid.412480.b",
                "grid.31501.36",
                "grid.35541.36",
                "grid.412482.9",
                "grid.412484.f"
            ],
            "first_name": "Jeong-Hun",
            "last_name": "Kim"
        },
        {
            "id": "ur.01256145040.83",
            "research_orgs": [
                "grid.410720.0",
                "grid.116068.8",
                "grid.264381.a",
                "grid.412786.e",
                "grid.28803.31",
                "grid.410909.5",
                "grid.31501.36",
                "grid.413575.1",
                "grid.15444.30",
                "grid.14003.36"
            ],
            "first_name": "Jin Soo",
            "last_name": "Kim",
            "orcid_id": [
                "0000-0003-4847-1306"
            ]
        }
    ],
    "FOR": [
        {
            "id": "3153",
            "name": "1113 Ophthalmology and Optometry"
        }
    ],
    "research_org_countries": [
        {
            "id": "KR",
            "name": "South Korea"
        }
    ],
    "date": "2018-12-01",
    "altmetric": 10.0,
    "pages": "1855",
    "id": "pub.1103817396",
    "volume": "9",
    "issue": "1",
    "research_org_cities": [
        {
            "id": 1835848,
            "name": "Seoul"
        },
        {
            "id": 1835235,
            "name": "Daejeon"
        }
    ],
    "open_access": [
        "Open Access - all",
        "Open Access - publisher",
        "Open Access - published"
    ],
    "author_affiliations": [
        [
            {
                "first_name": "Taeyoung",
                "last_name": "Koo",
                "initials": "",
                "corresponding": "",
                "orcid": "",
                "current_organization_id": "grid.410720.0",
                "researcher_id": "ur.0767236145.15",
                "affiliations": [
                    {
                        "id": "grid.410720.0",
                        "name": "Institute for Basic Science",
                        "city": "Daejeon",
                        "city_id": 1835235,
                        "country": "South Korea",
                        "country_code": "KR",
                        "state": null,
                        "state_code": null
                    },
                    {
                        "id": "grid.412786.e",
                        "name": "Korea University of Science and Technology",
                        "city": "Daejeon",
                        "city_id": 1835235,
                        "country": "South Korea",
                        "country_code": "KR",
                        "state": null,
                        "state_code": null
                    }
                ]
            },
            {
                "first_name": "Sung Wook",
                "last_name": "Park",
                "initials": "",
                "corresponding": "",
                "orcid": "['0000-0001-8151-6663']",
                "current_organization_id": "grid.412484.f",
                "researcher_id": "ur.0626050504.07",
                "affiliations": [
                    {
                        "id": "grid.412484.f",
                        "name": "Seoul National University Hospital",
                        "city": "Seoul",
                        "city_id": 1835848,
                        "country": "South Korea",
                        "country_code": "KR",
                        "state": null,
                        "state_code": null
                    },
                    {
                        "id": "grid.31501.36",
                        "name": "Seoul National University",
                        "city": "Seoul",
                        "city_id": 1835848,
                        "country": "South Korea",
                        "country_code": "KR",
                        "state": null,
                        "state_code": null
                    },
                    {
                        "id": "grid.31501.36",
                        "name": "Seoul National University",
                        "city": "Seoul",
                        "city_id": 1835848,
                        "country": "South Korea",
                        "country_code": "KR",
                        "state": null,
                        "state_code": null
                    }
                ]
            },
            {
                "first_name": "Dong Hyun",
                "last_name": "Jo",
                "initials": "",
                "corresponding": "",
                "orcid": "['0000-0002-6320-6829']",
                "current_organization_id": "grid.412484.f",
                "researcher_id": "ur.01317661462.10",
                "affiliations": [
                    {
                        "id": "grid.412484.f",
                        "name": "Seoul National University Hospital",
                        "city": "Seoul",
                        "city_id": 1835848,
                        "country": "South Korea",
                        "country_code": "KR",
                        "state": null,
                        "state_code": null
                    }
                ]
            },
            {
                "first_name": "Daesik",
                "last_name": "Kim",
                "initials": "",
                "corresponding": "",
                "orcid": "",
                "current_organization_id": "grid.31501.36",
                "researcher_id": "ur.01177041436.52",
                "affiliations": [
                    {
                        "id": "grid.31501.36",
                        "name": "Seoul National University",
                        "city": "Seoul",
                        "city_id": 1835848,
                        "country": "South Korea",
                        "country_code": "KR",
                        "state": null,
                        "state_code": null
                    }
                ]
            },
            {
                "first_name": "Jin Hyoung",
                "last_name": "Kim",
                "initials": "",
                "corresponding": "",
                "orcid": "",
                "current_organization_id": "grid.412484.f",
                "researcher_id": "ur.01344167465.12",
                "affiliations": [
                    {
                        "id": "grid.412484.f",
                        "name": "Seoul National University Hospital",
                        "city": "Seoul",
                        "city_id": 1835848,
                        "country": "South Korea",
                        "country_code": "KR",
                        "state": null,
                        "state_code": null
                    }
                ]
            },
            {
                "first_name": "Hee-Yeon",
                "last_name": "Cho",
                "initials": "",
                "corresponding": "",
                "orcid": "",
                "current_organization_id": "grid.410720.0",
                "researcher_id": "ur.01354231465.21",
                "affiliations": [
                    {
                        "id": "grid.410720.0",
                        "name": "Institute for Basic Science",
                        "city": "Daejeon",
                        "city_id": 1835235,
                        "country": "South Korea",
                        "country_code": "KR",
                        "state": null,
                        "state_code": null
                    }
                ]
            },
            {
                "first_name": "Jeungeun",
                "last_name": "Kim",
                "initials": "",
                "corresponding": "",
                "orcid": "",
                "current_organization_id": "",
                "researcher_id": "",
                "affiliations": [
                    {
                        "id": "grid.31501.36",
                        "name": "Seoul National University",
                        "city": "Seoul",
                        "city_id": 1835848,
                        "country": "South Korea",
                        "country_code": "KR",
                        "state": null,
                        "state_code": null
                    }
                ]
            },
            {
                "first_name": "Jeong Hun",
                "last_name": "Kim",
                "initials": "",
                "corresponding": true,
                "orcid": "['0000-0001-7091-8050']",
                "current_organization_id": "grid.31501.36",
                "researcher_id": "ur.0710503762.84",
                "affiliations": [
                    {
                        "id": "grid.412484.f",
                        "name": "Seoul National University Hospital",
                        "city": "Seoul",
                        "city_id": 1835848,
                        "country": "South Korea",
                        "country_code": "KR",
                        "state": null,
                        "state_code": null
                    },
                    {
                        "id": "grid.31501.36",
                        "name": "Seoul National University",
                        "city": "Seoul",
                        "city_id": 1835848,
                        "country": "South Korea",
                        "country_code": "KR",
                        "state": null,
                        "state_code": null
                    },
                    {
                        "id": "grid.31501.36",
                        "name": "Seoul National University",
                        "city": "Seoul",
                        "city_id": 1835848,
                        "country": "South Korea",
                        "country_code": "KR",
                        "state": null,
                        "state_code": null
                    }
                ]
            },
            {
                "first_name": "Jin-Soo",
                "last_name": "Kim",
                "initials": "",
                "corresponding": true,
                "orcid": "['0000-0003-4847-1306']",
                "current_organization_id": "grid.410720.0",
                "researcher_id": "ur.01256145040.83",
                "affiliations": [
                    {
                        "id": "grid.410720.0",
                        "name": "Institute for Basic Science",
                        "city": "Daejeon",
                        "city_id": 1835235,
                        "country": "South Korea",
                        "country_code": "KR",
                        "state": null,
                        "state_code": null
                    },
                    {
                        "id": "grid.412786.e",
                        "name": "Korea University of Science and Technology",
                        "city": "Daejeon",
                        "city_id": 1835235,
                        "country": "South Korea",
                        "country_code": "KR",
                        "state": null,
                        "state_code": null
                    },
                    {
                        "id": "grid.31501.36",
                        "name": "Seoul National University",
                        "city": "Seoul",
                        "city_id": 1835848,
                        "country": "South Korea",
                        "country_code": "KR",
                        "state": null,
                        "state_code": null
                    }
                ]
            }
        ]
    ],
    "pmcid": "PMC5945874",
    "doi": "10.1038/s41467-018-04175-y",
    "times_cited": 16,
    "references": [
        "pub.1019873131",
        "pub.1022072971",
        "pub.1023633935",
        "pub.1036312168",
        "pub.1041850060",
        "pub.1048495040",
        "pub.1050332329",
        "pub.1008229309",
        "pub.1011523710",
        "pub.1042682447",
        "pub.1090754857",
        "pub.1010641064",
        "pub.1022997844",
        "pub.1034874827",
        "pub.1008271998",
        "pub.1084128940",
        "pub.1023880487",
        "pub.1028680962",
        "pub.1012598197",
        "pub.1059413010",
        "pub.1007997816",
        "pub.1036997354",
        "pub.1005959292",
        "pub.1011961221",
        "pub.1020109709",
        "pub.1029975358",
        "pub.1059273220",
        "pub.1084433875",
        "pub.1013018026",
        "pub.1005811106",
        "pub.1008378302",
        "pub.1008441890",
        "pub.1042503255",
        "pub.1037993467",
        "pub.1015925066",
        "pub.1041881936",
        "pub.1015956969",
        "pub.1091931510",
        "pub.1026510404",
        "pub.1053745458",
        "pub.1017874425",
        "pub.1001137935",
        "pub.1083852488",
        "pub.1077934791",
        "pub.1042851517",
        "pub.1029327723"
    ],
    "relative_citation_ratio": 1.25
}