{
    "volume": "13",
    "date": "2006-05-01",
    "title": "Good cop, bad cop: the different faces of NF-\u03baB",
    "researchers": [
        {
            "id": "ur.01320633624.62",
            "last_name": "Perkins",
            "first_name": "Neil Donald",
            "research_orgs": [
                "grid.5337.2",
                "grid.412590.b",
                "grid.8241.f",
                "grid.21729.3f",
                "grid.266093.8",
                "grid.1006.7",
                "grid.413575.1",
                "grid.214458.e"
            ]
        },
        {
            "id": "ur.01062534540.11",
            "last_name": "Gilmore",
            "first_name": "Thomas David",
            "orcid_id": [
                "0000-0002-1910-768X"
            ],
            "research_orgs": [
                "grid.4391.f",
                "grid.189504.1"
            ]
        }
    ],
    "research_org_state_codes": [
        {
            "id": "US-MA",
            "name": "Massachusetts"
        }
    ],
    "altmetric": 3.0,
    "pages": "759-772",
    "research_org_cities": [
        {
            "id": 2650752,
            "name": "Dundee"
        },
        {
            "id": 4930956,
            "name": "Boston"
        }
    ],
    "open_access": [
        "Open Access - all",
        "Open Access - publisher",
        "Open Access - published"
    ],
    "research_org_countries": [
        {
            "id": "GB",
            "name": "United Kingdom"
        },
        {
            "id": "US",
            "name": "United States"
        }
    ],
    "doi": "10.1038/sj.cdd.4401838",
    "FOR": [
        {
            "id": "3468",
            "name": "1701 Psychology"
        }
    ],
    "research_orgs": [
        {
            "id": "grid.189504.1",
            "acronym": "BU",
            "state_name": "Massachusetts",
            "types": [
                "Education"
            ],
            "longitude": -71.0997,
            "linkout": [
                "http://www.bu.edu/"
            ],
            "latitude": 42.3496,
            "name": "Boston University",
            "city_name": "Boston",
            "country_name": "United States"
        },
        {
            "id": "grid.8241.f",
            "types": [
                "Education"
            ],
            "longitude": -2.980278,
            "linkout": [
                "http://www.dundee.ac.uk/"
            ],
            "latitude": 56.457222,
            "name": "University of Dundee",
            "city_name": "Dundee",
            "country_name": "United Kingdom"
        }
    ],
    "times_cited": 338,
    "pmid": "16410803",
    "funders": [
        {
            "id": "grid.52788.30",
            "acronym": "WT",
            "types": [
                "Nonprofit"
            ],
            "longitude": -0.135005,
            "linkout": [
                "http://www.wellcome.ac.uk/"
            ],
            "latitude": 51.525867,
            "name": "Wellcome Trust",
            "city_name": "London",
            "country_name": "United Kingdom"
        },
        {
            "id": "grid.11485.39",
            "acronym": "CRUK",
            "types": [
                "Nonprofit"
            ],
            "longitude": -0.106269,
            "linkout": [
                "http://www.cancerresearchuk.org/"
            ],
            "latitude": 51.531322,
            "name": "Cancer Research UK",
            "city_name": "London",
            "country_name": "United Kingdom"
        },
        {
            "id": "grid.48336.3a",
            "acronym": "NCI",
            "state_name": "Maryland",
            "types": [
                "Government"
            ],
            "longitude": -77.10119,
            "linkout": [
                "http://www.cancer.gov/"
            ],
            "latitude": 39.004326,
            "name": "National Cancer Institute",
            "city_name": "Rockville",
            "country_name": "United States"
        },
        {
            "id": "grid.421649.c",
            "acronym": "Royal Society",
            "types": [
                "Nonprofit"
            ],
            "longitude": -0.132461,
            "linkout": [
                "https://royalsociety.org/"
            ],
            "latitude": 51.50598,
            "name": "Royal Society",
            "city_name": "London",
            "country_name": "United Kingdom"
        }
    ],
    "research_org_country_names": [
        "United States",
        "United Kingdom"
    ],
    "id": "pub.1045089278",
    "issue": "5",
    "journal": {
        "id": "jour.1112551",
        "title": "Cell Death & Differentiation"
    },
    "year": 2006,
    "references": [
        "pub.1018123641",
        "pub.1042240194",
        "pub.1008592841",
        "pub.1030398612",
        "pub.1040573451",
        "pub.1034330523",
        "pub.1038939615",
        "pub.1029443513",
        "pub.1002434650",
        "pub.1069160439",
        "pub.1002293139",
        "pub.1044599342",
        "pub.1053666692",
        "pub.1046798251",
        "pub.1030500332",
        "pub.1025386367",
        "pub.1036301623",
        "pub.1015424123",
        "pub.1072297804",
        "pub.1039161621",
        "pub.1019711288",
        "pub.1040303711",
        "pub.1053308438",
        "pub.1042511547",
        "pub.1033489147",
        "pub.1039677531",
        "pub.1026959313",
        "pub.1047692215",
        "pub.1032743020",
        "pub.1031720585",
        "pub.1012152493",
        "pub.1007910429",
        "pub.1018025859",
        "pub.1041523948",
        "pub.1032536123",
        "pub.1034225695",
        "pub.1033160346",
        "pub.1062449802",
        "pub.1032617810",
        "pub.1051524448",
        "pub.1019404079",
        "pub.1023859807",
        "pub.1016964173",
        "pub.1028982957",
        "pub.1039420615",
        "pub.1047530691",
        "pub.1004744235",
        "pub.1074494987",
        "pub.1011269285",
        "pub.1044687353",
        "pub.1076835149",
        "pub.1016228251",
        "pub.1016007909",
        "pub.1038038094",
        "pub.1041038205",
        "pub.1030689285",
        "pub.1027076992",
        "pub.1032242851",
        "pub.1024417415",
        "pub.1048638256",
        "pub.1002029588",
        "pub.1035096466",
        "pub.1007229990",
        "pub.1014019032",
        "pub.1033151116",
        "pub.1038896545",
        "pub.1015219230",
        "pub.1029109132",
        "pub.1007138747",
        "pub.1000287565",
        "pub.1007081656",
        "pub.1006782194",
        "pub.1004623712",
        "pub.1075192411",
        "pub.1041857263",
        "pub.1013335644",
        "pub.1036923627",
        "pub.1031763691",
        "pub.1053061051",
        "pub.1037165397",
        "pub.1051729214",
        "pub.1031670828",
        "pub.1017356311",
        "pub.1040919652",
        "pub.1035038790",
        "pub.1074619248",
        "pub.1009679769",
        "pub.1048472607",
        "pub.1049211102",
        "pub.1006321444",
        "pub.1018631664",
        "pub.1014296970",
        "pub.1019821648",
        "pub.1004700938",
        "pub.1034633679",
        "pub.1002361248",
        "pub.1019386890",
        "pub.1051933406",
        "pub.1033335213",
        "pub.1029715667"
    ],
    "relative_citation_ratio": 7.51,
    "research_org_state_names": [
        "Massachusetts"
    ],
    "author_affiliations": [
        [
            {
                "first_name": "N D",
                "last_name": "Perkins",
                "initials": "",
                "corresponding": true,
                "orcid": "",
                "current_organization_id": "grid.1006.7",
                "researcher_id": "ur.01320633624.62",
                "affiliations": [
                    {
                        "id": "grid.8241.f",
                        "name": "University of Dundee",
                        "city": "Dundee",
                        "city_id": 2650752,
                        "country": "United Kingdom",
                        "country_code": "GB",
                        "state": null,
                        "state_code": null
                    }
                ]
            },
            {
                "first_name": "T D",
                "last_name": "Gilmore",
                "initials": "",
                "corresponding": "",
                "orcid": "['0000-0002-1910-768X']",
                "current_organization_id": "grid.189504.1",
                "researcher_id": "ur.01062534540.11",
                "affiliations": [
                    {
                        "id": "grid.189504.1",
                        "name": "Boston University",
                        "city": "Boston",
                        "city_id": 4930956,
                        "country": "United States",
                        "country_code": "US",
                        "state": "Massachusetts",
                        "state_code": "US-MA"
                    }
                ]
            }
        ]
    ],
    "type": "article"
}