{
    "research_org_country_names": [
        "Denmark"
    ],
    "pmid": "15111544",
    "title": "Increasing Incidence of Diabetes After Gestational Diabetes A long-term follow-up in a Danish population",
    "type": "article",
    "year": 2004,
    "journal": {
        "id": "jour.1103715",
        "title": "Diabetes Care"
    },
    "researchers": [
        {
            "id": "ur.01220152036.15",
            "research_orgs": [
                "grid.475435.4",
                "grid.411905.8",
                "grid.5254.6",
                "grid.411900.d"
            ],
            "first_name": "Jeannet",
            "last_name": "Lauenborg",
            "orcid_id": [
                "0000-0002-8485-3793"
            ]
        },
        {
            "id": "ur.016350427407.47",
            "research_orgs": [
                "grid.10825.3e",
                "grid.417271.6",
                "grid.5254.6",
                "grid.475435.4",
                "grid.414125.7",
                "grid.419658.7",
                "grid.459623.f",
                "grid.7048.b",
                "grid.425956.9"
            ],
            "first_name": "Torben Fr\u00f8strup",
            "last_name": "Hansen",
            "orcid_id": [
                "0000-0001-8748-3831"
            ]
        },
        {
            "id": "ur.01135360315.16",
            "research_orgs": [
                "grid.10825.3e",
                "grid.7143.1",
                "grid.475435.4",
                "grid.436909.1",
                "grid.484078.7"
            ],
            "first_name": "Dorte M\u00f8ller",
            "last_name": "Jensen",
            "orcid_id": [
                "0000-0002-3298-9824"
            ]
        },
        {
            "id": "ur.01142244720.21",
            "research_orgs": [
                "grid.411900.d",
                "grid.412008.f",
                "grid.7048.b",
                "grid.475435.4",
                "grid.5254.6",
                "grid.27530.33",
                "grid.29857.31",
                "grid.419658.7",
                "grid.412633.1"
            ],
            "first_name": "Henrik",
            "last_name": "Vestergaard",
            "orcid_id": [
                "0000-0003-3090-269X"
            ]
        },
        {
            "id": "ur.01216563111.66",
            "research_orgs": [
                "grid.411900.d",
                "grid.475435.4",
                "grid.7143.1",
                "grid.419658.7",
                "grid.27530.33",
                "grid.5254.6",
                "grid.4973.9",
                "grid.436909.1"
            ],
            "first_name": "Lars",
            "last_name": "M\u00f8lsted-Pedersen"
        },
        {
            "id": "ur.0725222736.81",
            "research_orgs": [
                "grid.411646.0",
                "grid.411900.d",
                "grid.475435.4",
                "grid.411702.1",
                "grid.5254.6",
                "grid.411905.8"
            ],
            "first_name": "Peter J",
            "last_name": "Hornnes"
        },
        {
            "id": "ur.01020561224.11",
            "research_orgs": [
                "grid.5254.6",
                "grid.6203.7",
                "grid.415046.2",
                "grid.475435.4",
                "grid.411384.b"
            ],
            "first_name": "Henning",
            "last_name": "Locht"
        },
        {
            "id": "ur.0765447455.52",
            "research_orgs": [
                "grid.7445.2",
                "grid.10825.3e",
                "grid.4973.9",
                "grid.5254.6",
                "grid.475435.4",
                "grid.414125.7",
                "grid.21107.35",
                "grid.251993.5",
                "grid.7048.b",
                "grid.419658.7",
                "grid.412008.f",
                "grid.7340.0",
                "grid.154185.c",
                "grid.4514.4",
                "grid.38142.3c",
                "grid.120073.7",
                "grid.415046.2",
                "grid.425956.9"
            ],
            "first_name": "Oluf Borbye",
            "last_name": "Pedersen",
            "orcid_id": [
                "0000-0002-3321-3972"
            ]
        },
        {
            "id": "ur.0711505316.37",
            "research_orgs": [
                "grid.419658.7",
                "grid.4973.9",
                "grid.7143.1",
                "grid.413763.4",
                "grid.4514.4",
                "grid.436909.1",
                "grid.475435.4",
                "grid.5254.6"
            ],
            "first_name": "Peter P",
            "last_name": "Damm",
            "orcid_id": [
                "0000-0002-2067-5246"
            ]
        }
    ],
    "FOR": [
        {
            "id": "3177",
            "name": "1117 Public Health and Health Services"
        }
    ],
    "research_org_countries": [
        {
            "id": "DK",
            "name": "Denmark"
        }
    ],
    "date": "2004-05-01",
    "pages": "1194-1199",
    "id": "pub.1002043581",
    "volume": "27",
    "issue": "5",
    "research_org_cities": [
        {
            "id": 2618425,
            "name": "Copenhagen"
        }
    ],
    "open_access": [
        "Open Access - all",
        "Open Access - publisher",
        "Open Access - published"
    ],
    "author_affiliations": [
        [
            {
                "first_name": "Jeannet",
                "last_name": "Lauenborg",
                "initials": "",
                "corresponding": "",
                "orcid": "['0000-0002-8485-3793']",
                "current_organization_id": "grid.411900.d",
                "researcher_id": "ur.01220152036.15",
                "affiliations": [
                    {
                        "name": "Department of Obstetrics, Rigshospitalet, Copenhagen University Hospital, Copenhagen, Denmark. jeannet@lauenb.org"
                    }
                ]
            },
            {
                "first_name": "Torben",
                "last_name": "Hansen",
                "initials": "",
                "corresponding": "",
                "orcid": "['0000-0001-8748-3831']",
                "current_organization_id": "grid.5254.6",
                "researcher_id": "ur.016350427407.47",
                "affiliations": []
            },
            {
                "first_name": "Dorte M\u00f8ller",
                "last_name": "Jensen",
                "initials": "",
                "corresponding": "",
                "orcid": "['0000-0002-3298-9824']",
                "current_organization_id": "grid.7143.1",
                "researcher_id": "ur.01135360315.16",
                "affiliations": []
            },
            {
                "first_name": "Henrik",
                "last_name": "Vestergaard",
                "initials": "",
                "corresponding": "",
                "orcid": "['0000-0003-3090-269X']",
                "current_organization_id": "grid.5254.6",
                "researcher_id": "ur.01142244720.21",
                "affiliations": []
            },
            {
                "first_name": "Lars",
                "last_name": "M\u00f8lsted-Pedersen",
                "initials": "",
                "corresponding": "",
                "orcid": "",
                "current_organization_id": "grid.475435.4",
                "researcher_id": "ur.01216563111.66",
                "affiliations": []
            },
            {
                "first_name": "Peter",
                "last_name": "Hornnes",
                "initials": "",
                "corresponding": "",
                "orcid": "",
                "current_organization_id": "grid.411905.8",
                "researcher_id": "ur.0725222736.81",
                "affiliations": []
            },
            {
                "first_name": "Henning",
                "last_name": "Locht",
                "initials": "",
                "corresponding": "",
                "orcid": "",
                "current_organization_id": "grid.415046.2",
                "researcher_id": "ur.01020561224.11",
                "affiliations": []
            },
            {
                "first_name": "Oluf",
                "last_name": "Pedersen",
                "initials": "",
                "corresponding": "",
                "orcid": "['0000-0002-3321-3972']",
                "current_organization_id": "grid.5254.6",
                "researcher_id": "ur.0765447455.52",
                "affiliations": []
            },
            {
                "first_name": "Peter",
                "last_name": "Damm",
                "initials": "",
                "corresponding": "",
                "orcid": "['0000-0002-2067-5246']",
                "current_organization_id": "grid.475435.4",
                "researcher_id": "ur.0711505316.37",
                "affiliations": []
            }
        ]
    ],
    "doi": "10.2337/diacare.27.5.1194",
    "times_cited": 168,
    "references": [
        "pub.1034953912",
        "pub.1070748416",
        "pub.1035144896",
        "pub.1080412603",
        "pub.1034342241",
        "pub.1070745710",
        "pub.1048082664",
        "pub.1079720765",
        "pub.1012198605",
        "pub.1083305811",
        "pub.1029415635",
        "pub.1024963128",
        "pub.1001458980",
        "pub.1020345164",
        "pub.1001036745",
        "pub.1070736447",
        "pub.1082763083",
        "pub.1023672854",
        "pub.1070736446",
        "pub.1070737564",
        "pub.1034050680",
        "pub.1024577484",
        "pub.1044864571",
        "pub.1013949289"
    ],
    "relative_citation_ratio": 3.9
}