{
    "research_orgs": [
        {
            "id": "grid.5645.2",
            "linkout": [
                "http://www.erasmusmc.nl/"
            ],
            "city_name": "Rotterdam",
            "longitude": 4.4675,
            "state_name": "Zuid-Holland",
            "latitude": 51.91,
            "name": "Erasmus University Medical Center",
            "types": [
                "Healthcare"
            ],
            "country_name": "Netherlands"
        },
        {
            "id": "grid.5477.1",
            "linkout": [
                "http://www.uu.nl/en"
            ],
            "city_name": "Utrecht",
            "longitude": 5.122601,
            "state_name": "Utrecht",
            "latitude": 52.090164,
            "name": "Utrecht University",
            "types": [
                "Education"
            ],
            "country_name": "Netherlands"
        }
    ],
    "research_org_country_names": [
        "Netherlands"
    ],
    "pmid": "12498670",
    "title": "Rat-to-Human Transmission of Cowpox Infection",
    "type": "article",
    "year": 2002,
    "journal": {
        "id": "jour.1114184",
        "title": "Emerging Infectious Diseases"
    },
    "researchers": [
        {
            "id": "ur.016272120044.03",
            "research_orgs": [
                "grid.417100.3",
                "grid.416373.4",
                "grid.7177.6",
                "grid.4991.5",
                "grid.7692.a",
                "grid.4494.d",
                "grid.5645.2",
                "grid.418019.5",
                "grid.5650.6",
                "grid.416278.e"
            ],
            "first_name": "Tom F W",
            "last_name": "Wolfs"
        },
        {
            "id": "ur.01074013647.34",
            "research_orgs": [
                "grid.4991.5",
                "grid.5477.1",
                "grid.416738.f",
                "grid.4830.f",
                "grid.7177.6",
                "grid.137628.9",
                "grid.4818.5"
            ],
            "first_name": "Jaap A",
            "last_name": "Wagenaar"
        },
        {
            "id": "ur.010447477117.21",
            "research_orgs": [
                "grid.415868.6",
                "grid.20861.3d",
                "grid.5645.2",
                "grid.4991.5",
                "grid.411905.8",
                "grid.419319.7",
                "grid.10417.33",
                "grid.4830.f",
                "grid.4494.d",
                "grid.4818.5",
                "grid.6906.9"
            ],
            "first_name": "Hubert G M",
            "last_name": "Niesters",
            "orcid_id": [
                "0000-0002-1758-0430"
            ]
        },
        {
            "id": "ur.010062347637.62",
            "research_orgs": [
                "grid.5477.1",
                "grid.424065.1",
                "grid.7080.f",
                "grid.9763.b",
                "grid.66875.3a",
                "grid.6906.9",
                "grid.414480.d",
                "grid.452751.0",
                "grid.26009.3d",
                "grid.428999.7",
                "grid.11480.3c",
                "grid.4818.5",
                "grid.194645.b",
                "grid.45202.31",
                "grid.11184.3d",
                "grid.10419.3d",
                "grid.5252.0",
                "grid.9122.8",
                "grid.479104.f",
                "grid.16750.35",
                "grid.5645.2",
                "grid.414142.6",
                "grid.417732.4",
                "grid.5650.6",
                "grid.4868.2",
                "grid.412970.9",
                "grid.31147.30",
                "grid.418914.1",
                "grid.10423.34",
                "grid.473954.8"
            ],
            "first_name": "Albert D M E",
            "last_name": "Osterhaus",
            "orcid_id": [
                "0000-0002-6074-1172"
            ]
        }
    ],
    "FOR": [
        {
            "id": "3114",
            "name": "1108 Medical Microbiology"
        }
    ],
    "research_org_countries": [
        {
            "id": "NL",
            "name": "Netherlands"
        }
    ],
    "date": "2002-12-01",
    "altmetric": 3.0,
    "pages": "1495-1496",
    "id": "pub.1035051504",
    "volume": "8",
    "issue": "12",
    "research_org_cities": [
        {
            "id": 2745912,
            "name": "Utrecht"
        },
        {
            "id": 2747891,
            "name": "Rotterdam"
        }
    ],
    "open_access": [
        "Open Access - all",
        "Open Access - publisher",
        "Open Access - published"
    ],
    "author_affiliations": [
        [
            {
                "first_name": "Tom F.W.",
                "last_name": "Wolfs",
                "initials": "",
                "corresponding": "",
                "orcid": "",
                "current_organization_id": "grid.7692.a",
                "researcher_id": "ur.016272120044.03",
                "affiliations": [
                    {
                        "name": "Wilhelmina Children\u2019s Hospital/University Medical Center, Utrecht, the Netherlands"
                    }
                ]
            },
            {
                "first_name": "Jaap A.",
                "last_name": "Wagenaar",
                "initials": "",
                "corresponding": "",
                "orcid": "",
                "current_organization_id": "grid.5477.1",
                "researcher_id": "ur.01074013647.34",
                "affiliations": [
                    {
                        "id": "grid.5477.1",
                        "name": "Utrecht University",
                        "city": "Utrecht",
                        "city_id": 2745912,
                        "country": "Netherlands",
                        "country_code": "NL",
                        "state": null,
                        "state_code": null
                    }
                ]
            },
            {
                "first_name": "Hubert G.M.",
                "last_name": "Niesters",
                "initials": "",
                "corresponding": "",
                "orcid": "['0000-0002-1758-0430']",
                "current_organization_id": "grid.4494.d",
                "researcher_id": "ur.010447477117.21",
                "affiliations": [
                    {
                        "id": "grid.5645.2",
                        "name": "Erasmus University Medical Center",
                        "city": "Rotterdam",
                        "city_id": 2747891,
                        "country": "Netherlands",
                        "country_code": "NL",
                        "state": null,
                        "state_code": null
                    }
                ]
            },
            {
                "first_name": "Albert D.M.E.",
                "last_name": "Osterhaus",
                "initials": "",
                "corresponding": "",
                "orcid": "['0000-0002-6074-1172']",
                "current_organization_id": "grid.412970.9",
                "researcher_id": "ur.010062347637.62",
                "affiliations": [
                    {
                        "id": "grid.5645.2",
                        "name": "Erasmus University Medical Center",
                        "city": "Rotterdam",
                        "city_id": 2747891,
                        "country": "Netherlands",
                        "country_code": "NL",
                        "state": null,
                        "state_code": null
                    }
                ]
            }
        ]
    ],
    "pmcid": "PMC2738512",
    "doi": "10.3201/eid0812.020089",
    "times_cited": 68,
    "references": [
        "pub.1042569313",
        "pub.1033010961",
        "pub.1052765753",
        "pub.1053990877",
        "pub.1000047107",
        "pub.1047856546"
    ],
    "relative_citation_ratio": 1.6
}