{
    "pmid": "29068765",
    "author_affiliations": [
        [
            {
                "first_name": "Benjamin D",
                "last_name": "Humphreys",
                "initials": "",
                "corresponding": "",
                "orcid": "['0000-0002-6420-8703']",
                "current_organization_id": "grid.4367.6",
                "researcher_id": "ur.01352600657.56",
                "affiliations": [
                    {
                        "id": "grid.4367.6",
                        "name": "Washington University in St. Louis",
                        "city": "St Louis",
                        "city_id": 4407066,
                        "country": "United States",
                        "country_code": "US",
                        "state": "Missouri",
                        "state_code": "US-MO"
                    }
                ]
            }
        ]
    ],
    "altmetric": 9.0,
    "FOR": [
        {
            "id": "3053",
            "name": "1103 Clinical Sciences"
        }
    ],
    "research_org_countries": [
        {
            "id": "US",
            "name": "United States"
        }
    ],
    "title": "Mechanisms of Renal Fibrosis",
    "research_org_cities": [
        {
            "id": 4407066,
            "name": "St. Louis"
        }
    ],
    "pages": "1-18",
    "issue": "1",
    "research_org_state_names": [
        "Missouri"
    ],
    "doi": "10.1146/annurev-physiol-022516-034227",
    "times_cited": 80,
    "journal": {
        "id": "jour.1017060",
        "title": "Annual Review of Physiology"
    },
    "research_orgs": [
        {
            "id": "grid.4367.6",
            "name": "Washington University in St. Louis",
            "linkout": [
                "http://wustl.edu/"
            ],
            "country_name": "United States",
            "types": [
                "Education"
            ],
            "latitude": 38.649033,
            "acronym": "WUSTL",
            "state_name": "Missouri",
            "city_name": "St Louis",
            "longitude": -90.31085
        }
    ],
    "year": 2018,
    "references": [
        "pub.1007229690",
        "pub.1048801619",
        "pub.1021191532",
        "pub.1032704451",
        "pub.1004816969",
        "pub.1063416936",
        "pub.1007938265",
        "pub.1022988976",
        "pub.1047759260",
        "pub.1045073519",
        "pub.1018567687",
        "pub.1049376822",
        "pub.1085175036",
        "pub.1030633266",
        "pub.1053967536",
        "pub.1083851873",
        "pub.1077221784",
        "pub.1014606295",
        "pub.1040595416",
        "pub.1023289773",
        "pub.1037116748",
        "pub.1030788708",
        "pub.1002494333",
        "pub.1007770502",
        "pub.1053418115",
        "pub.1033736546",
        "pub.1038284574",
        "pub.1042488945",
        "pub.1078985443",
        "pub.1043117533",
        "pub.1052238730",
        "pub.1044844168",
        "pub.1008826828",
        "pub.1037974036",
        "pub.1011579970",
        "pub.1052054244",
        "pub.1025763351",
        "pub.1083860050",
        "pub.1022326948",
        "pub.1034167765",
        "pub.1004001535",
        "pub.1010508721",
        "pub.1032357280",
        "pub.1041488907",
        "pub.1001971969",
        "pub.1005352372",
        "pub.1062457633",
        "pub.1026381650",
        "pub.1053672902",
        "pub.1022327258",
        "pub.1024633306",
        "pub.1002738628",
        "pub.1037040353",
        "pub.1040354092",
        "pub.1004341020",
        "pub.1005797300",
        "pub.1024136024",
        "pub.1068243388",
        "pub.1046443611",
        "pub.1040392294",
        "pub.1043599196",
        "pub.1046965982",
        "pub.1014573758",
        "pub.1068243275",
        "pub.1005471390",
        "pub.1032229075",
        "pub.1068243747",
        "pub.1000107501",
        "pub.1017147712",
        "pub.1043049406",
        "pub.1041303070",
        "pub.1085037473",
        "pub.1045220326",
        "pub.1041242880",
        "pub.1041576184",
        "pub.1010160807",
        "pub.1039647433",
        "pub.1019178484",
        "pub.1074356240",
        "pub.1068243848",
        "pub.1002530061",
        "pub.1013878665",
        "pub.1012516818",
        "pub.1011720397",
        "pub.1016470783",
        "pub.1043880606",
        "pub.1045449539",
        "pub.1050817132",
        "pub.1037443769",
        "pub.1023301718",
        "pub.1007869537",
        "pub.1053281183",
        "pub.1041455238",
        "pub.1017849539",
        "pub.1044335860",
        "pub.1045952738",
        "pub.1084355848",
        "pub.1011604688",
        "pub.1028111771",
        "pub.1044291538",
        "pub.1012334837",
        "pub.1005610447",
        "pub.1036922866",
        "pub.1044226303",
        "pub.1050861376",
        "pub.1052282989",
        "pub.1041397484",
        "pub.1041865331",
        "pub.1021624243",
        "pub.1043834726",
        "pub.1015430597",
        "pub.1085129308",
        "pub.1023246010",
        "pub.1045637812",
        "pub.1021605505",
        "pub.1040513406",
        "pub.1082636652"
    ],
    "id": "pub.1092352664",
    "research_org_country_names": [
        "United States"
    ],
    "date": "2018-02-10",
    "research_org_state_codes": [
        {
            "id": "US-MO",
            "name": "Missouri"
        }
    ],
    "researchers": [
        {
            "id": "ur.01352600657.56",
            "research_orgs": [
                "grid.2515.3",
                "grid.32224.35",
                "grid.422542.7",
                "grid.48336.3a",
                "grid.38142.3c",
                "grid.4367.6",
                "grid.62560.37",
                "grid.65499.37",
                "grid.411019.c",
                "grid.239395.7",
                "grid.415731.5"
            ],
            "last_name": "Humphreys",
            "first_name": "Benjamin D",
            "orcid_id": [
                "0000-0002-6420-8703"
            ]
        }
    ],
    "relative_citation_ratio": 12.63,
    "type": "article",
    "volume": "80"
}