{
    "research_orgs": [
        {
            "id": "grid.239585.0",
            "linkout": [
                "http://www.cumc.columbia.edu/"
            ],
            "city_name": "New York",
            "longitude": -73.96408,
            "acronym": "CUMC",
            "state_name": "New York",
            "latitude": 40.807556,
            "name": "Columbia University Medical Center",
            "types": [
                "Healthcare"
            ],
            "country_name": "United States"
        },
        {
            "id": "grid.42505.36",
            "linkout": [
                "http://www.usc.edu/"
            ],
            "city_name": "Los Angeles",
            "longitude": -118.28563,
            "acronym": "USC",
            "state_name": "California",
            "latitude": 34.02051,
            "name": "University of Southern California",
            "types": [
                "Education"
            ],
            "country_name": "United States"
        },
        {
            "id": "grid.270240.3",
            "linkout": [
                "https://www.fredhutch.org/en.html"
            ],
            "city_name": "Seattle",
            "longitude": -122.33108,
            "acronym": "FHCRC",
            "state_name": "Washington",
            "latitude": 47.62729,
            "name": "Fred Hutchinson Cancer Research Center",
            "types": [
                "Nonprofit"
            ],
            "country_name": "United States"
        },
        {
            "id": "grid.21729.3f",
            "linkout": [
                "http://www.columbia.edu/"
            ],
            "city_name": "New York",
            "longitude": -73.962585,
            "acronym": "CU",
            "state_name": "New York",
            "latitude": 40.807774,
            "name": "Columbia University",
            "types": [
                "Education"
            ],
            "country_name": "United States"
        },
        {
            "id": "grid.4777.3",
            "linkout": [
                "http://www.qub.ac.uk/"
            ],
            "city_name": "Belfast",
            "longitude": -5.93406,
            "acronym": "QUB",
            "latitude": 54.584595,
            "name": "Queen's University Belfast",
            "types": [
                "Education"
            ],
            "country_name": "United Kingdom"
        },
        {
            "id": "grid.34477.33",
            "linkout": [
                "http://www.washington.edu/"
            ],
            "city_name": "Seattle",
            "longitude": -122.30353,
            "acronym": "UW",
            "state_name": "Washington",
            "latitude": 47.655537,
            "name": "University of Washington",
            "types": [
                "Education"
            ],
            "country_name": "United States"
        }
    ],
    "research_org_country_names": [
        "United Kingdom",
        "United States",
        "Italy"
    ],
    "pmid": "31064833",
    "funders": [
        {
            "id": "grid.416870.c",
            "linkout": [
                "http://www.ninds.nih.gov/"
            ],
            "city_name": "Bethesda",
            "longitude": -77.10118,
            "acronym": "NINDS",
            "state_name": "Maryland",
            "latitude": 39.003826,
            "name": "National Institute of Neurological Disorders and Stroke",
            "types": [
                "Facility"
            ],
            "country_name": "United States"
        },
        {
            "id": "grid.419681.3",
            "linkout": [
                "http://www.niaid.nih.gov/Pages/default.aspx"
            ],
            "city_name": "Bethesda",
            "longitude": -77.11183,
            "acronym": "NIAID",
            "state_name": "Maryland",
            "latitude": 39.066647,
            "name": "National Institute of Allergy and Infectious Diseases",
            "types": [
                "Facility"
            ],
            "country_name": "United States"
        },
        {
            "id": "grid.279885.9",
            "linkout": [
                "http://www.nhlbi.nih.gov/"
            ],
            "city_name": "Bethesda",
            "longitude": -77.100945,
            "acronym": "NHLBI",
            "state_name": "Maryland",
            "latitude": 39.00428,
            "name": "National Heart Lung and Blood Institute",
            "types": [
                "Facility"
            ],
            "country_name": "United States"
        }
    ],
    "title": "Authentic Modeling of Human Respiratory Virus Infection in Human Pluripotent Stem Cell-Derived Lung Organoids.",
    "type": "article",
    "year": 2019,
    "journal": {
        "id": "jour.1042492",
        "title": "mBio"
    },
    "researchers": [
        {
            "id": "ur.01173340706.27",
            "research_orgs": [
                "grid.239585.0",
                "grid.9841.4",
                "grid.419504.d",
                "grid.413734.6",
                "grid.59734.3c",
                "grid.5386.8"
            ],
            "first_name": "Matteo",
            "last_name": "Porotto"
        },
        {
            "id": "ur.016317453150.52",
            "research_orgs": [
                "grid.4444.0",
                "grid.239585.0",
                "grid.462394.e"
            ],
            "first_name": "Marion",
            "last_name": "Ferren",
            "orcid_id": [
                "0000-0003-4117-7411"
            ]
        },
        {
            "id": "ur.01234753504.26",
            "research_orgs": [
                "grid.21729.3f",
                "grid.239585.0",
                "grid.42505.36"
            ],
            "first_name": "Ya-Wen",
            "last_name": "Chen"
        },
        {
            "id": "ur.015002116325.16",
            "research_orgs": [
                "grid.270240.3",
                "grid.34477.33",
                "grid.412623.0"
            ],
            "first_name": "Negar",
            "last_name": "Makhsous"
        },
        {
            "id": "ur.015546375237.04",
            "research_orgs": [
                "grid.475010.7",
                "grid.271308.f",
                "grid.8379.5",
                "grid.4777.3"
            ],
            "first_name": "Bert K",
            "last_name": "Rima"
        },
        {
            "id": "ur.01240441633.90",
            "research_orgs": [
                "grid.238491.5",
                "grid.27860.3b",
                "grid.29857.31",
                "grid.17635.36",
                "grid.416738.f",
                "grid.419538.2",
                "grid.266093.8",
                "grid.21729.3f",
                "grid.412717.6",
                "grid.34477.33",
                "grid.14003.36",
                "grid.260770.4",
                "grid.14095.39",
                "grid.238477.d"
            ],
            "first_name": "Thomas",
            "last_name": "Briese"
        },
        {
            "id": "ur.0723371010.48",
            "research_orgs": [
                "grid.239560.b",
                "grid.14709.3b",
                "grid.438870.0",
                "grid.412623.0",
                "grid.34477.33",
                "grid.266102.1",
                "grid.270240.3",
                "grid.413575.1",
                "grid.414016.6",
                "grid.236815.b",
                "grid.43582.38",
                "grid.38142.3c",
                "grid.17635.36"
            ],
            "first_name": "Alexander L",
            "last_name": "Greninger",
            "orcid_id": [
                "0000-0002-7443-0527"
            ]
        },
        {
            "id": "ur.01155621056.58",
            "research_orgs": [
                "grid.59734.3c",
                "grid.413734.6",
                "grid.411414.5",
                "grid.239585.0",
                "grid.5284.b",
                "grid.38142.3c",
                "grid.21729.3f"
            ],
            "first_name": "Hans-Willem E",
            "last_name": "Snoeck"
        },
        {
            "id": "ur.0643475446.79",
            "research_orgs": [
                "grid.59734.3c",
                "grid.413734.6",
                "grid.239585.0",
                "grid.5386.8"
            ],
            "first_name": "Anne",
            "last_name": "Moscona"
        }
    ],
    "FOR": [
        {
            "id": "3114",
            "name": "1108 Medical Microbiology"
        },
        {
            "id": "3048",
            "name": "1102 Cardiorespiratory Medicine and Haematology"
        }
    ],
    "research_org_countries": [
        {
            "id": "IT",
            "name": "Italy"
        },
        {
            "id": "US",
            "name": "United States"
        },
        {
            "id": "GB",
            "name": "United Kingdom"
        }
    ],
    "date": "2019-05-07",
    "altmetric": 18.0,
    "research_org_state_names": [
        "Washington",
        "California",
        "New York"
    ],
    "id": "pub.1113961092",
    "research_org_state_codes": [
        {
            "id": "US-NY",
            "name": "New York"
        },
        {
            "id": "US-CA",
            "name": "California"
        },
        {
            "id": "US-WA",
            "name": "Washington"
        }
    ],
    "volume": "10",
    "issue": "3",
    "research_org_cities": [
        {
            "id": 5128581,
            "name": "New York City"
        },
        {
            "id": 5368361,
            "name": "Los Angeles"
        },
        {
            "id": 2655984,
            "name": "Belfast"
        },
        {
            "id": 5809844,
            "name": "Seattle"
        },
        {
            "id": 3179866,
            "name": "Caserta"
        }
    ],
    "open_access": [
        "Open Access - all",
        "Open Access - publisher",
        "Open Access - published"
    ],
    "author_affiliations": [
        [
            {
                "first_name": "M",
                "last_name": "Porotto",
                "initials": "",
                "corresponding": "",
                "orcid": "",
                "current_organization_id": "grid.239585.0",
                "researcher_id": "ur.01173340706.27",
                "affiliations": [
                    {
                        "id": "grid.239585.0",
                        "name": "Columbia University Medical Center",
                        "city": "New York",
                        "city_id": 5128581,
                        "country": "United States",
                        "country_code": "US",
                        "state": "New York",
                        "state_code": "US-NY"
                    },
                    {
                        "id": "grid.239585.0",
                        "name": "Columbia University Medical Center",
                        "city": "New York",
                        "city_id": 5128581,
                        "country": "United States",
                        "country_code": "US",
                        "state": "New York",
                        "state_code": "US-NY"
                    },
                    {
                        "name": "Department of Experimental Medicine, University of Campania, Caserta, Italy."
                    }
                ]
            },
            {
                "first_name": "M",
                "last_name": "Ferren",
                "initials": "",
                "corresponding": "",
                "orcid": "['0000-0003-4117-7411']",
                "current_organization_id": "grid.239585.0",
                "researcher_id": "ur.016317453150.52",
                "affiliations": [
                    {
                        "id": "grid.239585.0",
                        "name": "Columbia University Medical Center",
                        "city": "New York",
                        "city_id": 5128581,
                        "country": "United States",
                        "country_code": "US",
                        "state": "New York",
                        "state_code": "US-NY"
                    },
                    {
                        "id": "grid.239585.0",
                        "name": "Columbia University Medical Center",
                        "city": "New York",
                        "city_id": 5128581,
                        "country": "United States",
                        "country_code": "US",
                        "state": "New York",
                        "state_code": "US-NY"
                    }
                ]
            },
            {
                "first_name": "Y-W",
                "last_name": "Chen",
                "initials": "",
                "corresponding": "",
                "orcid": "",
                "current_organization_id": "grid.239585.0",
                "researcher_id": "ur.01234753504.26",
                "affiliations": [
                    {
                        "id": "grid.239585.0",
                        "name": "Columbia University Medical Center",
                        "city": "New York",
                        "city_id": 5128581,
                        "country": "United States",
                        "country_code": "US",
                        "state": "New York",
                        "state_code": "US-NY"
                    },
                    {
                        "id": "grid.239585.0",
                        "name": "Columbia University Medical Center",
                        "city": "New York",
                        "city_id": 5128581,
                        "country": "United States",
                        "country_code": "US",
                        "state": "New York",
                        "state_code": "US-NY"
                    },
                    {
                        "id": "grid.239585.0",
                        "name": "Columbia University Medical Center",
                        "city": "New York",
                        "city_id": 5128581,
                        "country": "United States",
                        "country_code": "US",
                        "state": "New York",
                        "state_code": "US-NY"
                    },
                    {
                        "id": "grid.42505.36",
                        "name": "University of Southern California",
                        "city": "Los Angeles",
                        "city_id": 5368361,
                        "country": "United States",
                        "country_code": "US",
                        "state": "California",
                        "state_code": "US-CA"
                    }
                ]
            },
            {
                "first_name": "Y",
                "last_name": "Siu",
                "initials": "",
                "corresponding": "",
                "orcid": "",
                "current_organization_id": "",
                "researcher_id": "",
                "affiliations": [
                    {
                        "id": "grid.239585.0",
                        "name": "Columbia University Medical Center",
                        "city": "New York",
                        "city_id": 5128581,
                        "country": "United States",
                        "country_code": "US",
                        "state": "New York",
                        "state_code": "US-NY"
                    },
                    {
                        "id": "grid.239585.0",
                        "name": "Columbia University Medical Center",
                        "city": "New York",
                        "city_id": 5128581,
                        "country": "United States",
                        "country_code": "US",
                        "state": "New York",
                        "state_code": "US-NY"
                    },
                    {
                        "id": "grid.239585.0",
                        "name": "Columbia University Medical Center",
                        "city": "New York",
                        "city_id": 5128581,
                        "country": "United States",
                        "country_code": "US",
                        "state": "New York",
                        "state_code": "US-NY"
                    }
                ]
            },
            {
                "first_name": "N",
                "last_name": "Makhsous",
                "initials": "",
                "corresponding": "",
                "orcid": "",
                "current_organization_id": "grid.34477.33",
                "researcher_id": "ur.015002116325.16",
                "affiliations": [
                    {
                        "id": "grid.34477.33",
                        "name": "University of Washington",
                        "city": "Seattle",
                        "city_id": 5809844,
                        "country": "United States",
                        "country_code": "US",
                        "state": "Washington",
                        "state_code": "US-WA"
                    },
                    {
                        "id": "grid.270240.3",
                        "name": "Fred Hutchinson Cancer Research Center",
                        "city": "Seattle",
                        "city_id": 5809844,
                        "country": "United States",
                        "country_code": "US",
                        "state": "Washington",
                        "state_code": "US-WA"
                    }
                ]
            },
            {
                "first_name": "B",
                "last_name": "Rima",
                "initials": "",
                "corresponding": "",
                "orcid": "",
                "current_organization_id": "grid.4777.3",
                "researcher_id": "ur.015546375237.04",
                "affiliations": [
                    {
                        "id": "grid.4777.3",
                        "name": "Queen's University Belfast",
                        "city": "Belfast",
                        "city_id": 2655984,
                        "country": "United Kingdom",
                        "country_code": "GB",
                        "state": null,
                        "state_code": null
                    }
                ]
            },
            {
                "first_name": "T",
                "last_name": "Briese",
                "initials": "",
                "corresponding": "",
                "orcid": "",
                "current_organization_id": "grid.21729.3f",
                "researcher_id": "ur.01240441633.90",
                "affiliations": [
                    {
                        "id": "grid.21729.3f",
                        "name": "Columbia University",
                        "city": "New York",
                        "city_id": 5128581,
                        "country": "United States",
                        "country_code": "US",
                        "state": "New York",
                        "state_code": "US-NY"
                    },
                    {
                        "id": "grid.21729.3f",
                        "name": "Columbia University",
                        "city": "New York",
                        "city_id": 5128581,
                        "country": "United States",
                        "country_code": "US",
                        "state": "New York",
                        "state_code": "US-NY"
                    }
                ]
            },
            {
                "first_name": "A L",
                "last_name": "Greninger",
                "initials": "",
                "corresponding": "",
                "orcid": "['0000-0002-7443-0527']",
                "current_organization_id": "grid.34477.33",
                "researcher_id": "ur.0723371010.48",
                "affiliations": [
                    {
                        "id": "grid.34477.33",
                        "name": "University of Washington",
                        "city": "Seattle",
                        "city_id": 5809844,
                        "country": "United States",
                        "country_code": "US",
                        "state": "Washington",
                        "state_code": "US-WA"
                    },
                    {
                        "id": "grid.270240.3",
                        "name": "Fred Hutchinson Cancer Research Center",
                        "city": "Seattle",
                        "city_id": 5809844,
                        "country": "United States",
                        "country_code": "US",
                        "state": "Washington",
                        "state_code": "US-WA"
                    }
                ]
            },
            {
                "first_name": "H-W",
                "last_name": "Snoeck",
                "initials": "",
                "corresponding": "",
                "orcid": "",
                "current_organization_id": "grid.239585.0",
                "researcher_id": "ur.01155621056.58",
                "affiliations": [
                    {
                        "id": "grid.239585.0",
                        "name": "Columbia University Medical Center",
                        "city": "New York",
                        "city_id": 5128581,
                        "country": "United States",
                        "country_code": "US",
                        "state": "New York",
                        "state_code": "US-NY"
                    },
                    {
                        "id": "grid.239585.0",
                        "name": "Columbia University Medical Center",
                        "city": "New York",
                        "city_id": 5128581,
                        "country": "United States",
                        "country_code": "US",
                        "state": "New York",
                        "state_code": "US-NY"
                    },
                    {
                        "id": "grid.239585.0",
                        "name": "Columbia University Medical Center",
                        "city": "New York",
                        "city_id": 5128581,
                        "country": "United States",
                        "country_code": "US",
                        "state": "New York",
                        "state_code": "US-NY"
                    },
                    {
                        "id": "grid.239585.0",
                        "name": "Columbia University Medical Center",
                        "city": "New York",
                        "city_id": 5128581,
                        "country": "United States",
                        "country_code": "US",
                        "state": "New York",
                        "state_code": "US-NY"
                    }
                ]
            },
            {
                "first_name": "A",
                "last_name": "Moscona",
                "initials": "",
                "corresponding": "",
                "orcid": "",
                "current_organization_id": "grid.239585.0",
                "researcher_id": "ur.0643475446.79",
                "affiliations": [
                    {
                        "id": "grid.239585.0",
                        "name": "Columbia University Medical Center",
                        "city": "New York",
                        "city_id": 5128581,
                        "country": "United States",
                        "country_code": "US",
                        "state": "New York",
                        "state_code": "US-NY"
                    },
                    {
                        "id": "grid.239585.0",
                        "name": "Columbia University Medical Center",
                        "city": "New York",
                        "city_id": 5128581,
                        "country": "United States",
                        "country_code": "US",
                        "state": "New York",
                        "state_code": "US-NY"
                    },
                    {
                        "id": "grid.239585.0",
                        "name": "Columbia University Medical Center",
                        "city": "New York",
                        "city_id": 5128581,
                        "country": "United States",
                        "country_code": "US",
                        "state": "New York",
                        "state_code": "US-NY"
                    },
                    {
                        "id": "grid.239585.0",
                        "name": "Columbia University Medical Center",
                        "city": "New York",
                        "city_id": 5128581,
                        "country": "United States",
                        "country_code": "US",
                        "state": "New York",
                        "state_code": "US-NY"
                    }
                ]
            }
        ]
    ],
    "pmcid": "PMC6509192",
    "doi": "10.1128/mbio.00723-19",
    "times_cited": 5,
    "references": [
        "pub.1062712124",
        "pub.1082974009",
        "pub.1017893983",
        "pub.1039748106",
        "pub.1105348170",
        "pub.1103892253",
        "pub.1036099454",
        "pub.1022360852",
        "pub.1085071016",
        "pub.1015822107",
        "pub.1002566970",
        "pub.1018628171",
        "pub.1019796828",
        "pub.1023438748",
        "pub.1037083834",
        "pub.1083275742",
        "pub.1084222092",
        "pub.1025097465",
        "pub.1037567672",
        "pub.1062712454",
        "pub.1031348072",
        "pub.1002115057",
        "pub.1048748500",
        "pub.1032083742",
        "pub.1024782335",
        "pub.1051903240",
        "pub.1023014918",
        "pub.1051921015",
        "pub.1018552473",
        "pub.1084946836"
    ]
}