{
    "volume": "92",
    "date": "2017-12-20",
    "title": "Major Histocompatibility Complex Class I (FLA-E*01801) Molecular Structure in Domestic Cats Demonstrates Species-Specific Characteristics in Presenting Viral Antigen Peptides",
    "researchers": [
        {
            "id": "ur.015142461411.37",
            "last_name": "Liang",
            "first_name": "Ruiying",
            "research_orgs": [
                "grid.22935.3f",
                "grid.464410.3"
            ]
        },
        {
            "id": "ur.01073442206.05",
            "last_name": "Sun",
            "first_name": "Yaping",
            "research_orgs": [
                "grid.22935.3f"
            ]
        },
        {
            "id": "ur.014345101011.52",
            "last_name": "Liu",
            "first_name": "Yanjie",
            "research_orgs": [
                "grid.22935.3f",
                "grid.410727.7"
            ]
        },
        {
            "id": "ur.01064025323.32",
            "last_name": "Wang",
            "first_name": "Junya",
            "research_orgs": [
                "grid.22935.3f"
            ]
        },
        {
            "id": "ur.0675504512.39",
            "last_name": "Wu",
            "first_name": "Yanan",
            "research_orgs": [
                "grid.22935.3f"
            ]
        },
        {
            "id": "ur.014762514117.52",
            "last_name": "Li",
            "first_name": "Zibin",
            "orcid_id": [
                "0000-0001-7291-0423"
            ],
            "research_orgs": [
                "grid.22935.3f"
            ]
        },
        {
            "id": "ur.015645703254.63",
            "last_name": "Ma",
            "first_name": "Lizhen",
            "research_orgs": [
                "grid.22935.3f"
            ]
        },
        {
            "id": "ur.016443263654.62",
            "last_name": "Zhang",
            "first_name": "Nan",
            "research_orgs": [
                "grid.22935.3f"
            ]
        },
        {
            "id": "ur.07740212454.69",
            "last_name": "Zhang",
            "first_name": "Lijie",
            "orcid_id": [
                "0000-0003-0932-8523"
            ],
            "research_orgs": [
                "grid.22935.3f"
            ]
        },
        {
            "id": "ur.010535573054.35",
            "last_name": "Wei",
            "first_name": "Xiaohui",
            "research_orgs": [
                "grid.22935.3f"
            ]
        },
        {
            "id": "ur.011333153454.59",
            "last_name": "Qu",
            "first_name": "Zehui",
            "research_orgs": [
                "grid.22935.3f"
            ]
        },
        {
            "id": "ur.01004553412.44",
            "last_name": "Zhang",
            "first_name": "Nian Zhi",
            "research_orgs": [
                "grid.22935.3f",
                "grid.47100.32",
                "grid.458488.d"
            ]
        },
        {
            "id": "ur.01003333473.70",
            "last_name": "Xia",
            "first_name": "Chun",
            "orcid_id": [
                "0000-0002-3444-0624"
            ],
            "research_orgs": [
                "grid.418524.e",
                "grid.458488.d",
                "grid.410851.9",
                "grid.22935.3f",
                "grid.410427.4"
            ]
        }
    ],
    "pmcid": "PMC5827386",
    "altmetric": 1.0,
    "pages": "e01631-17",
    "research_org_cities": [
        {
            "id": 1816670,
            "name": "Beijing"
        }
    ],
    "open_access": [
        "Open Access - all",
        "Open Access - publisher",
        "Open Access - published"
    ],
    "research_org_countries": [
        {
            "id": "CN",
            "name": "China"
        }
    ],
    "doi": "10.1128/jvi.01631-17",
    "FOR": [
        {
            "id": "3103",
            "name": "1107 Immunology"
        }
    ],
    "research_orgs": [
        {
            "id": "grid.22935.3f",
            "acronym": "CAU",
            "types": [
                "Education"
            ],
            "longitude": 116.35271,
            "linkout": [
                "http://english.cau.edu.cn/"
            ],
            "latitude": 40.00432,
            "name": "China Agricultural University",
            "city_name": "Beijing",
            "country_name": "China"
        },
        {
            "id": "grid.410727.7",
            "acronym": "CAAS",
            "types": [
                "Government"
            ],
            "longitude": 116.327896,
            "linkout": [
                "http://www.caas.cn/en/"
            ],
            "latitude": 39.958237,
            "name": "Chinese Academy of Agricultural Sciences",
            "city_name": "Beijing",
            "country_name": "China"
        }
    ],
    "times_cited": 7,
    "pmid": "29263258",
    "funders": [
        {
            "id": "grid.419696.5",
            "acronym": "NSFC",
            "types": [
                "Government"
            ],
            "longitude": 116.33983,
            "linkout": [
                "http://www.nsfc.gov.cn/publish/portal1/"
            ],
            "latitude": 40.005177,
            "name": "National Natural Science Foundation of China",
            "city_name": "Beijing",
            "country_name": "China"
        },
        {
            "id": "grid.424020.0",
            "acronym": "MOST",
            "types": [
                "Government"
            ],
            "longitude": 116.316284,
            "linkout": [
                "http://www.most.gov.cn/eng/"
            ],
            "latitude": 39.827835,
            "name": "Ministry of Science and Technology of the People's Republic of China",
            "city_name": "Beijing",
            "country_name": "China"
        }
    ],
    "research_org_country_names": [
        "China"
    ],
    "id": "pub.1099841909",
    "issue": "6",
    "journal": {
        "id": "jour.1008072",
        "title": "Journal of Virology"
    },
    "year": 2017,
    "references": [
        "pub.1076884159",
        "pub.1070913539",
        "pub.1006673318",
        "pub.1005335589",
        "pub.1004878291",
        "pub.1075068992",
        "pub.1021880167",
        "pub.1041279110",
        "pub.1074232097",
        "pub.1078630852",
        "pub.1079210900",
        "pub.1062454708",
        "pub.1030951422",
        "pub.1079313513",
        "pub.1049912656",
        "pub.1004462911",
        "pub.1042973206",
        "pub.1040696441",
        "pub.1034405413",
        "pub.1011599531",
        "pub.1027347307",
        "pub.1008939185",
        "pub.1036594062",
        "pub.1045197318",
        "pub.1026981349",
        "pub.1039769934",
        "pub.1045511922",
        "pub.1033316725",
        "pub.1051617882",
        "pub.1017043086",
        "pub.1077343863",
        "pub.1062712401",
        "pub.1076835132",
        "pub.1019202512",
        "pub.1026297927",
        "pub.1069197750",
        "pub.1033679943",
        "pub.1020405374",
        "pub.1020281098",
        "pub.1005556856",
        "pub.1029351376",
        "pub.1008643016",
        "pub.1037373225",
        "pub.1012507063",
        "pub.1049011985",
        "pub.1051282549",
        "pub.1008602016",
        "pub.1005303408",
        "pub.1083850731",
        "pub.1064369545",
        "pub.1077959376",
        "pub.1018907072"
    ],
    "relative_citation_ratio": 1.16,
    "author_affiliations": [
        [
            {
                "first_name": "Ruiying",
                "last_name": "Liang",
                "initials": "",
                "corresponding": "",
                "orcid": "",
                "current_organization_id": "grid.22935.3f",
                "researcher_id": "ur.015142461411.37",
                "affiliations": [
                    {
                        "id": "grid.22935.3f",
                        "name": "China Agricultural University",
                        "city": "Beijing",
                        "city_id": 1816670,
                        "country": "China",
                        "country_code": "CN",
                        "state": null,
                        "state_code": null
                    }
                ]
            },
            {
                "first_name": "Yaping",
                "last_name": "Sun",
                "initials": "",
                "corresponding": "",
                "orcid": "",
                "current_organization_id": "grid.22935.3f",
                "researcher_id": "ur.01073442206.05",
                "affiliations": [
                    {
                        "id": "grid.22935.3f",
                        "name": "China Agricultural University",
                        "city": "Beijing",
                        "city_id": 1816670,
                        "country": "China",
                        "country_code": "CN",
                        "state": null,
                        "state_code": null
                    }
                ]
            },
            {
                "first_name": "Yanjie",
                "last_name": "Liu",
                "initials": "",
                "corresponding": "",
                "orcid": "",
                "current_organization_id": "grid.410727.7",
                "researcher_id": "ur.014345101011.52",
                "affiliations": [
                    {
                        "id": "grid.22935.3f",
                        "name": "China Agricultural University",
                        "city": "Beijing",
                        "city_id": 1816670,
                        "country": "China",
                        "country_code": "CN",
                        "state": null,
                        "state_code": null
                    },
                    {
                        "id": "grid.410727.7",
                        "name": "Chinese Academy of Agricultural Sciences",
                        "city": "Beijing",
                        "city_id": 1816670,
                        "country": "China",
                        "country_code": "CN",
                        "state": null,
                        "state_code": null
                    }
                ]
            },
            {
                "first_name": "Junya",
                "last_name": "Wang",
                "initials": "",
                "corresponding": "",
                "orcid": "",
                "current_organization_id": "grid.22935.3f",
                "researcher_id": "ur.01064025323.32",
                "affiliations": [
                    {
                        "id": "grid.22935.3f",
                        "name": "China Agricultural University",
                        "city": "Beijing",
                        "city_id": 1816670,
                        "country": "China",
                        "country_code": "CN",
                        "state": null,
                        "state_code": null
                    }
                ]
            },
            {
                "first_name": "Yanan",
                "last_name": "Wu",
                "initials": "",
                "corresponding": "",
                "orcid": "",
                "current_organization_id": "grid.22935.3f",
                "researcher_id": "ur.0675504512.39",
                "affiliations": [
                    {
                        "id": "grid.22935.3f",
                        "name": "China Agricultural University",
                        "city": "Beijing",
                        "city_id": 1816670,
                        "country": "China",
                        "country_code": "CN",
                        "state": null,
                        "state_code": null
                    }
                ]
            },
            {
                "first_name": "Zibin",
                "last_name": "Li",
                "initials": "",
                "corresponding": "",
                "orcid": "['0000-0001-7291-0423']",
                "current_organization_id": "grid.22935.3f",
                "researcher_id": "ur.014762514117.52",
                "affiliations": [
                    {
                        "id": "grid.22935.3f",
                        "name": "China Agricultural University",
                        "city": "Beijing",
                        "city_id": 1816670,
                        "country": "China",
                        "country_code": "CN",
                        "state": null,
                        "state_code": null
                    }
                ]
            },
            {
                "first_name": "Lizhen",
                "last_name": "Ma",
                "initials": "",
                "corresponding": "",
                "orcid": "",
                "current_organization_id": "grid.22935.3f",
                "researcher_id": "ur.015645703254.63",
                "affiliations": [
                    {
                        "id": "grid.22935.3f",
                        "name": "China Agricultural University",
                        "city": "Beijing",
                        "city_id": 1816670,
                        "country": "China",
                        "country_code": "CN",
                        "state": null,
                        "state_code": null
                    }
                ]
            },
            {
                "first_name": "Nan",
                "last_name": "Zhang",
                "initials": "",
                "corresponding": "",
                "orcid": "",
                "current_organization_id": "grid.22935.3f",
                "researcher_id": "ur.016443263654.62",
                "affiliations": [
                    {
                        "id": "grid.22935.3f",
                        "name": "China Agricultural University",
                        "city": "Beijing",
                        "city_id": 1816670,
                        "country": "China",
                        "country_code": "CN",
                        "state": null,
                        "state_code": null
                    }
                ]
            },
            {
                "first_name": "Lijie",
                "last_name": "Zhang",
                "initials": "",
                "corresponding": "",
                "orcid": "",
                "current_organization_id": "grid.22935.3f",
                "researcher_id": "ur.07740212454.69",
                "affiliations": [
                    {
                        "id": "grid.22935.3f",
                        "name": "China Agricultural University",
                        "city": "Beijing",
                        "city_id": 1816670,
                        "country": "China",
                        "country_code": "CN",
                        "state": null,
                        "state_code": null
                    }
                ]
            },
            {
                "first_name": "Xiaohui",
                "last_name": "Wei",
                "initials": "",
                "corresponding": "",
                "orcid": "",
                "current_organization_id": "grid.22935.3f",
                "researcher_id": "ur.010535573054.35",
                "affiliations": [
                    {
                        "id": "grid.22935.3f",
                        "name": "China Agricultural University",
                        "city": "Beijing",
                        "city_id": 1816670,
                        "country": "China",
                        "country_code": "CN",
                        "state": null,
                        "state_code": null
                    }
                ]
            },
            {
                "first_name": "Zehui",
                "last_name": "Qu",
                "initials": "",
                "corresponding": "",
                "orcid": "",
                "current_organization_id": "grid.22935.3f",
                "researcher_id": "ur.011333153454.59",
                "affiliations": [
                    {
                        "id": "grid.22935.3f",
                        "name": "China Agricultural University",
                        "city": "Beijing",
                        "city_id": 1816670,
                        "country": "China",
                        "country_code": "CN",
                        "state": null,
                        "state_code": null
                    }
                ]
            },
            {
                "first_name": "Nianzhi",
                "last_name": "Zhang",
                "initials": "",
                "corresponding": "",
                "orcid": "",
                "current_organization_id": "grid.22935.3f",
                "researcher_id": "ur.01004553412.44",
                "affiliations": [
                    {
                        "id": "grid.22935.3f",
                        "name": "China Agricultural University",
                        "city": "Beijing",
                        "city_id": 1816670,
                        "country": "China",
                        "country_code": "CN",
                        "state": null,
                        "state_code": null
                    }
                ]
            },
            {
                "first_name": "Chun",
                "last_name": "Xia",
                "initials": "",
                "corresponding": "",
                "orcid": "['0000-0002-3444-0624']",
                "current_organization_id": "grid.22935.3f",
                "researcher_id": "ur.01003333473.70",
                "affiliations": [
                    {
                        "id": "grid.22935.3f",
                        "name": "China Agricultural University",
                        "city": "Beijing",
                        "city_id": 1816670,
                        "country": "China",
                        "country_code": "CN",
                        "state": null,
                        "state_code": null
                    },
                    {
                        "name": "Key Laboratory of Animal Epidemiology of the Ministry of Agriculture, Haidian District, Beijing, China"
                    }
                ]
            }
        ]
    ],
    "type": "article"
}