{
    "research_orgs": [
        {
            "id": "grid.266886.4",
            "linkout": [
                "http://www.nd.edu.au/"
            ],
            "city_name": "Fremantle",
            "longitude": 115.743614,
            "acronym": "UNDA",
            "state_name": "Western Australia",
            "latitude": -32.056667,
            "name": "University of Notre Dame Australia",
            "types": [
                "Education"
            ],
            "country_name": "Australia"
        }
    ],
    "research_org_country_names": [
        "Australia"
    ],
    "title": "MODELLING CROWDING EFFECTS IN INFECTIOUS DISEASE TRANSMISSION",
    "type": "article",
    "year": 2015,
    "journal": {
        "id": "jour.1137102",
        "title": "Bulletin of the Australian Mathematical Society"
    },
    "researchers": [
        {
            "id": "ur.012212701323.23",
            "research_orgs": [
                "grid.1005.4",
                "grid.266886.4",
                "grid.1008.9"
            ],
            "first_name": "Edward Kyle",
            "last_name": "Waters",
            "orcid_id": [
                "0000-0001-7844-4494"
            ]
        }
    ],
    "research_org_countries": [
        {
            "id": "AU",
            "name": "Australia"
        }
    ],
    "date": "2015-12-01",
    "pages": "522-523",
    "research_org_state_names": [
        "Western Australia"
    ],
    "id": "pub.1028606681",
    "research_org_state_codes": [
        {
            "id": "AU-WA",
            "name": "Western Australia"
        }
    ],
    "volume": "92",
    "issue": "3",
    "research_org_cities": [
        {
            "id": 2071223,
            "name": "Fremantle"
        }
    ],
    "open_access": [
        "Open Access - all",
        "Open Access - publisher",
        "Open Access - published"
    ],
    "author_affiliations": [
        [
            {
                "first_name": "EDWARD K.",
                "last_name": "WATERS",
                "initials": "",
                "corresponding": "",
                "orcid": "['0000-0001-7844-4494']",
                "current_organization_id": "grid.266886.4",
                "researcher_id": "ur.012212701323.23",
                "affiliations": [
                    {
                        "id": "grid.266886.4",
                        "name": "University of Notre Dame Australia",
                        "city": "Fremantle",
                        "city_id": 2071223,
                        "country": "Australia",
                        "country_code": "AU",
                        "state": "Western Australia",
                        "state_code": "AU-WA"
                    }
                ]
            }
        ]
    ],
    "doi": "10.1017/s0004972715000684",
    "times_cited": 1,
    "references": [
        "pub.1037370152",
        "pub.1070168946",
        "pub.1054931314",
        "pub.1048028137",
        "pub.1046196532"
    ]
}