{
    "research_orgs": [
        {
            "id": "grid.30760.32",
            "linkout": [
                "http://www.mcw.edu/MCW"
            ],
            "city_name": "Milwaukee",
            "longitude": -88.02142,
            "acronym": "MCW",
            "state_name": "Wisconsin",
            "latitude": 43.04381,
            "name": "Medical College of Wisconsin",
            "types": [
                "Education"
            ],
            "country_name": "United States"
        }
    ],
    "research_org_country_names": [
        "United States"
    ],
    "pmid": "12692097",
    "title": "Parainfluenza Viruses",
    "type": "article",
    "year": 2003,
    "journal": {
        "id": "jour.1098275",
        "title": "Clinical Microbiology Reviews"
    },
    "researchers": [
        {
            "id": "ur.01204034204.57",
            "research_orgs": [
                "grid.30760.32",
                "grid.239573.9",
                "grid.414086.f",
                "grid.176731.5"
            ],
            "first_name": "Kelly J",
            "last_name": "Henrickson"
        }
    ],
    "FOR": [
        {
            "id": "3114",
            "name": "1108 Medical Microbiology"
        }
    ],
    "research_org_countries": [
        {
            "id": "US",
            "name": "United States"
        }
    ],
    "date": "2003-04-01",
    "altmetric": 9.0,
    "pages": "242-264",
    "research_org_state_names": [
        "Wisconsin"
    ],
    "id": "pub.1048748500",
    "research_org_state_codes": [
        {
            "id": "US-WI",
            "name": "Wisconsin"
        }
    ],
    "volume": "16",
    "issue": "2",
    "research_org_cities": [
        {
            "id": 5263045,
            "name": "Milwaukee"
        }
    ],
    "open_access": [
        "Open Access - all",
        "Open Access - publisher",
        "Open Access - published"
    ],
    "author_affiliations": [
        [
            {
                "first_name": "Kelly J",
                "last_name": "Henrickson",
                "initials": "",
                "corresponding": "",
                "orcid": "",
                "current_organization_id": "grid.30760.32",
                "researcher_id": "ur.01204034204.57",
                "affiliations": [
                    {
                        "id": "grid.30760.32",
                        "name": "Medical College of Wisconsin",
                        "city": "Milwaukee",
                        "city_id": 5263045,
                        "country": "United States",
                        "country_code": "US",
                        "state": "Wisconsin",
                        "state_code": "US-WI"
                    }
                ]
            }
        ]
    ],
    "pmcid": "PMC153148",
    "doi": "10.1128/cmr.16.2.242-264.2003",
    "times_cited": 280,
    "references": [
        "pub.1080253716",
        "pub.1011698223",
        "pub.1026883587",
        "pub.1059471836",
        "pub.1077651074",
        "pub.1015190243",
        "pub.1077938402",
        "pub.1044269867",
        "pub.1036886173",
        "pub.1024392667",
        "pub.1080272268",
        "pub.1062836433",
        "pub.1017268052",
        "pub.1015407029",
        "pub.1034759837",
        "pub.1041106860",
        "pub.1059703262",
        "pub.1011591426",
        "pub.1013233861",
        "pub.1059700832",
        "pub.1044750459",
        "pub.1035943262",
        "pub.1042618755",
        "pub.1004641264",
        "pub.1027343014",
        "pub.1023757994",
        "pub.1060354505",
        "pub.1019407741",
        "pub.1081563024",
        "pub.1041518186",
        "pub.1037851986",
        "pub.1036104803",
        "pub.1076304017",
        "pub.1053366723",
        "pub.1029893938",
        "pub.1002227548",
        "pub.1006857405",
        "pub.1032317885",
        "pub.1080251029",
        "pub.1017850063",
        "pub.1001547551",
        "pub.1000390327",
        "pub.1059702912",
        "pub.1002970593",
        "pub.1010861332",
        "pub.1059702205",
        "pub.1004536872",
        "pub.1080293879",
        "pub.1030651670",
        "pub.1064217300",
        "pub.1082914435",
        "pub.1041725998",
        "pub.1041856827",
        "pub.1049887285",
        "pub.1050979436",
        "pub.1062710896",
        "pub.1023263274",
        "pub.1082669084",
        "pub.1017083491",
        "pub.1036357680",
        "pub.1077087964",
        "pub.1083249135",
        "pub.1045014669",
        "pub.1021015187",
        "pub.1079497026",
        "pub.1045655365",
        "pub.1082783634",
        "pub.1080260689",
        "pub.1080287321",
        "pub.1025220519",
        "pub.1024964690",
        "pub.1037001135",
        "pub.1028030783",
        "pub.1022189182",
        "pub.1050300468",
        "pub.1052335965",
        "pub.1080278239",
        "pub.1078406486",
        "pub.1032474130",
        "pub.1013959278",
        "pub.1020217761",
        "pub.1076418774",
        "pub.1078408311",
        "pub.1048129323",
        "pub.1052004618",
        "pub.1080020717",
        "pub.1081657893",
        "pub.1050423242",
        "pub.1079028527",
        "pub.1049188139",
        "pub.1074583885",
        "pub.1022495626",
        "pub.1060361608",
        "pub.1005617043",
        "pub.1040651427",
        "pub.1027529029",
        "pub.1077655549",
        "pub.1035122497",
        "pub.1080264503",
        "pub.1076352058",
        "pub.1041497115",
        "pub.1077604898",
        "pub.1046375628",
        "pub.1077655509",
        "pub.1079934250",
        "pub.1016588992",
        "pub.1026202025",
        "pub.1060360196",
        "pub.1042233084",
        "pub.1040527905",
        "pub.1059702141",
        "pub.1051972710",
        "pub.1082993548",
        "pub.1060360132",
        "pub.1027921041",
        "pub.1080254449",
        "pub.1052311063",
        "pub.1037251124",
        "pub.1051311375",
        "pub.1075609731",
        "pub.1040106362",
        "pub.1008919471",
        "pub.1009852931",
        "pub.1015764381",
        "pub.1075807760",
        "pub.1021832324",
        "pub.1046690228",
        "pub.1079448144",
        "pub.1075819956",
        "pub.1047208948",
        "pub.1083089670",
        "pub.1081665035",
        "pub.1059703522",
        "pub.1060358347",
        "pub.1008704435",
        "pub.1059471841",
        "pub.1079193276",
        "pub.1023438748",
        "pub.1040367140",
        "pub.1060357606",
        "pub.1019288295",
        "pub.1023438516",
        "pub.1079828991",
        "pub.1026755065",
        "pub.1010140953",
        "pub.1005418683",
        "pub.1018280627",
        "pub.1059700833",
        "pub.1027817973",
        "pub.1080320796",
        "pub.1060355935",
        "pub.1045371598",
        "pub.1027778957",
        "pub.1079497923",
        "pub.1068858310",
        "pub.1049883775",
        "pub.1041356075",
        "pub.1009526266",
        "pub.1078833345",
        "pub.1042261530",
        "pub.1059471493",
        "pub.1046403249",
        "pub.1059473683",
        "pub.1067831943",
        "pub.1078352549",
        "pub.1080300522",
        "pub.1080260389",
        "pub.1060265181",
        "pub.1081563016",
        "pub.1001598711",
        "pub.1011332762",
        "pub.1074690238",
        "pub.1078413226",
        "pub.1016379487",
        "pub.1021200231",
        "pub.1081641860",
        "pub.1054136621",
        "pub.1079009330",
        "pub.1004507632",
        "pub.1023272339",
        "pub.1082986438",
        "pub.1080269120",
        "pub.1020662151",
        "pub.1000033001",
        "pub.1010473036",
        "pub.1018025467",
        "pub.1080310750",
        "pub.1013365625",
        "pub.1004884608",
        "pub.1083594658",
        "pub.1082903998",
        "pub.1030156316",
        "pub.1075568807",
        "pub.1077215974",
        "pub.1077195431",
        "pub.1045163325",
        "pub.1060355316",
        "pub.1059705333",
        "pub.1052763952",
        "pub.1019789836",
        "pub.1016817109",
        "pub.1077217979",
        "pub.1018102968",
        "pub.1046011187",
        "pub.1003164872",
        "pub.1044670732",
        "pub.1021828652",
        "pub.1060354951",
        "pub.1031241474",
        "pub.1081648004",
        "pub.1045685756",
        "pub.1000699924",
        "pub.1021330276",
        "pub.1080303554",
        "pub.1079516938",
        "pub.1016259733",
        "pub.1077292579",
        "pub.1059705544",
        "pub.1079497304",
        "pub.1049187413",
        "pub.1042058395",
        "pub.1077267255",
        "pub.1077937241",
        "pub.1048645307",
        "pub.1046222791",
        "pub.1080273136",
        "pub.1083026735",
        "pub.1081662010",
        "pub.1042582303",
        "pub.1025170834",
        "pub.1000279166",
        "pub.1059697911",
        "pub.1079422602",
        "pub.1074551666",
        "pub.1082852507",
        "pub.1006351587",
        "pub.1052803419",
        "pub.1034780250",
        "pub.1079165364",
        "pub.1080272886",
        "pub.1059697727",
        "pub.1008959127",
        "pub.1039764187",
        "pub.1016825487",
        "pub.1079491939",
        "pub.1036769863",
        "pub.1059703099",
        "pub.1083218158",
        "pub.1000780600",
        "pub.1080129115",
        "pub.1021167539",
        "pub.1046400773",
        "pub.1077131264",
        "pub.1060353519",
        "pub.1032805368",
        "pub.1005345683",
        "pub.1030592066",
        "pub.1059695012",
        "pub.1082964439",
        "pub.1079495456",
        "pub.1074678198",
        "pub.1004240929",
        "pub.1062499917",
        "pub.1082520389",
        "pub.1059702165",
        "pub.1044156295",
        "pub.1030250345",
        "pub.1081643305",
        "pub.1023754980",
        "pub.1059699204",
        "pub.1079505385",
        "pub.1079511110",
        "pub.1080263766",
        "pub.1080284601",
        "pub.1059697722",
        "pub.1002861016",
        "pub.1083229249",
        "pub.1081646758",
        "pub.1077644949",
        "pub.1077927390",
        "pub.1040113095",
        "pub.1079377259",
        "pub.1082397916",
        "pub.1060359641",
        "pub.1049908399",
        "pub.1000898780",
        "pub.1058837482",
        "pub.1075463779",
        "pub.1046815310",
        "pub.1080263233",
        "pub.1060265202",
        "pub.1035648365",
        "pub.1023752128",
        "pub.1034609878",
        "pub.1027623679",
        "pub.1053495857",
        "pub.1060355189",
        "pub.1076125746",
        "pub.1083203435",
        "pub.1080298332",
        "pub.1022052322",
        "pub.1082661946",
        "pub.1076366432",
        "pub.1079415228",
        "pub.1060357041",
        "pub.1006152816",
        "pub.1050453293",
        "pub.1039385735",
        "pub.1079514662",
        "pub.1082918941",
        "pub.1042992464",
        "pub.1037590780",
        "pub.1004358176",
        "pub.1081649037",
        "pub.1080276302",
        "pub.1021986066",
        "pub.1024893714",
        "pub.1022755932",
        "pub.1033490386",
        "pub.1038585061",
        "pub.1027534249",
        "pub.1082674940",
        "pub.1051297704",
        "pub.1080257117",
        "pub.1080255218",
        "pub.1021830479",
        "pub.1044330112",
        "pub.1055946885",
        "pub.1013469403",
        "pub.1013239189",
        "pub.1081726583",
        "pub.1027099098",
        "pub.1014576596",
        "pub.1040186521",
        "pub.1079200523",
        "pub.1083291690",
        "pub.1006443219",
        "pub.1002269081",
        "pub.1074810208",
        "pub.1028192743",
        "pub.1050077852",
        "pub.1002189730",
        "pub.1051076990",
        "pub.1021430923",
        "pub.1044868434",
        "pub.1079504961",
        "pub.1060265380",
        "pub.1078592850",
        "pub.1076215215",
        "pub.1081670207",
        "pub.1083089680",
        "pub.1023625644",
        "pub.1081663803",
        "pub.1079003193",
        "pub.1079411255",
        "pub.1038382843",
        "pub.1034191241",
        "pub.1083117397",
        "pub.1046987454",
        "pub.1022364681",
        "pub.1078521581",
        "pub.1015915412",
        "pub.1032455092",
        "pub.1010109082",
        "pub.1060356826",
        "pub.1021754674",
        "pub.1060356845",
        "pub.1024581543",
        "pub.1025724880",
        "pub.1054798000",
        "pub.1059699698",
        "pub.1030195240",
        "pub.1080318008",
        "pub.1022099339",
        "pub.1051108779",
        "pub.1079508482",
        "pub.1020421129",
        "pub.1022111029",
        "pub.1010299114",
        "pub.1060265670",
        "pub.1035155474",
        "pub.1009481144",
        "pub.1080269704",
        "pub.1060373067",
        "pub.1059473005",
        "pub.1023955078",
        "pub.1016655385",
        "pub.1080263764",
        "pub.1079501334"
    ],
    "relative_citation_ratio": 5.31
}