{
    "pmid": "19875418",
    "author_affiliations": [
        [
            {
                "first_name": "Aartjan J. W. te",
                "last_name": "Velthuis",
                "initials": "",
                "corresponding": "",
                "orcid": "['0000-0002-5129-3953']",
                "current_organization_id": "grid.5335.0",
                "researcher_id": "ur.010704126615.32",
                "affiliations": [
                    {
                        "id": "grid.10419.3d",
                        "name": "Leiden University Medical Center",
                        "city": "Leiden",
                        "city_id": 2751773,
                        "country": "Netherlands",
                        "country_code": "NL",
                        "state": null,
                        "state_code": null
                    },
                    {
                        "id": "grid.29857.31",
                        "name": "Pennsylvania State University",
                        "city": "State College",
                        "city_id": 5213681,
                        "country": "United States",
                        "country_code": "US",
                        "state": "Pennsylvania",
                        "state_code": "US-PA"
                    }
                ]
            },
            {
                "first_name": "Jamie J.",
                "last_name": "Arnold",
                "initials": "",
                "corresponding": "",
                "orcid": "",
                "current_organization_id": "grid.29857.31",
                "researcher_id": "ur.01363767073.18",
                "affiliations": [
                    {
                        "id": "grid.10419.3d",
                        "name": "Leiden University Medical Center",
                        "city": "Leiden",
                        "city_id": 2751773,
                        "country": "Netherlands",
                        "country_code": "NL",
                        "state": null,
                        "state_code": null
                    },
                    {
                        "id": "grid.29857.31",
                        "name": "Pennsylvania State University",
                        "city": "State College",
                        "city_id": 5213681,
                        "country": "United States",
                        "country_code": "US",
                        "state": "Pennsylvania",
                        "state_code": "US-PA"
                    }
                ]
            },
            {
                "first_name": "Craig E.",
                "last_name": "Cameron",
                "initials": "",
                "corresponding": "",
                "orcid": "",
                "current_organization_id": "grid.29857.31",
                "researcher_id": "ur.0724172223.05",
                "affiliations": [
                    {
                        "id": "grid.10419.3d",
                        "name": "Leiden University Medical Center",
                        "city": "Leiden",
                        "city_id": 2751773,
                        "country": "Netherlands",
                        "country_code": "NL",
                        "state": null,
                        "state_code": null
                    },
                    {
                        "id": "grid.29857.31",
                        "name": "Pennsylvania State University",
                        "city": "State College",
                        "city_id": 5213681,
                        "country": "United States",
                        "country_code": "US",
                        "state": "Pennsylvania",
                        "state_code": "US-PA"
                    }
                ]
            },
            {
                "first_name": "Sjoerd H. E.",
                "last_name": "van den Worm",
                "initials": "",
                "corresponding": "",
                "orcid": "",
                "current_organization_id": "grid.5288.7",
                "researcher_id": "ur.01231703361.05",
                "affiliations": [
                    {
                        "id": "grid.10419.3d",
                        "name": "Leiden University Medical Center",
                        "city": "Leiden",
                        "city_id": 2751773,
                        "country": "Netherlands",
                        "country_code": "NL",
                        "state": null,
                        "state_code": null
                    },
                    {
                        "id": "grid.29857.31",
                        "name": "Pennsylvania State University",
                        "city": "State College",
                        "city_id": 5213681,
                        "country": "United States",
                        "country_code": "US",
                        "state": "Pennsylvania",
                        "state_code": "US-PA"
                    }
                ]
            },
            {
                "first_name": "Eric J.",
                "last_name": "Snijder",
                "initials": "",
                "corresponding": "",
                "orcid": "['0000-0003-3297-2309']",
                "current_organization_id": "grid.10419.3d",
                "researcher_id": "ur.01257536212.37",
                "affiliations": [
                    {
                        "id": "grid.10419.3d",
                        "name": "Leiden University Medical Center",
                        "city": "Leiden",
                        "city_id": 2751773,
                        "country": "Netherlands",
                        "country_code": "NL",
                        "state": null,
                        "state_code": null
                    },
                    {
                        "id": "grid.29857.31",
                        "name": "Pennsylvania State University",
                        "city": "State College",
                        "city_id": 5213681,
                        "country": "United States",
                        "country_code": "US",
                        "state": "Pennsylvania",
                        "state_code": "US-PA"
                    }
                ]
            }
        ]
    ],
    "FOR": [
        {
            "id": "2581",
            "name": "0601 Biochemistry and Cell Biology"
        }
    ],
    "research_org_countries": [
        {
            "id": "NL",
            "name": "Netherlands"
        },
        {
            "id": "US",
            "name": "United States"
        }
    ],
    "title": "The RNA polymerase activity of SARS-coronavirus nsp12 is primer dependent",
    "research_org_cities": [
        {
            "id": 5213681,
            "name": "State College"
        },
        {
            "id": 2751773,
            "name": "Leiden"
        }
    ],
    "pages": "203-214",
    "issue": "1",
    "research_org_state_names": [
        "Pennsylvania"
    ],
    "open_access": [
        "Open Access - all",
        "Open Access - publisher",
        "Open Access - published"
    ],
    "doi": "10.1093/nar/gkp904",
    "times_cited": 53,
    "funders": [
        {
            "id": "grid.419681.3",
            "name": "National Institute of Allergy and Infectious Diseases",
            "linkout": [
                "http://www.niaid.nih.gov/Pages/default.aspx"
            ],
            "country_name": "United States",
            "types": [
                "Facility"
            ],
            "latitude": 39.066647,
            "acronym": "NIAID",
            "state_name": "Maryland",
            "city_name": "Bethesda",
            "longitude": -77.11183
        }
    ],
    "journal": {
        "id": "jour.1018982",
        "title": "Nucleic Acids Research"
    },
    "research_orgs": [
        {
            "id": "grid.10419.3d",
            "name": "Leiden University Medical Center",
            "linkout": [
                "https://www.lumc.nl/?setlanguage=English&setcountry=en"
            ],
            "country_name": "Netherlands",
            "types": [
                "Healthcare"
            ],
            "latitude": 52.165833,
            "acronym": "LUMC",
            "city_name": "Leiden",
            "longitude": 4.4775
        },
        {
            "id": "grid.29857.31",
            "name": "Pennsylvania State University",
            "linkout": [
                "http://www.psu.edu/"
            ],
            "country_name": "United States",
            "types": [
                "Education"
            ],
            "latitude": 40.79845,
            "acronym": "PSU",
            "state_name": "Pennsylvania",
            "city_name": "State College",
            "longitude": -77.85993
        }
    ],
    "year": 2010,
    "references": [
        "pub.1050708359",
        "pub.1007704694",
        "pub.1007223587",
        "pub.1051243743",
        "pub.1039818794",
        "pub.1060401006",
        "pub.1048782637",
        "pub.1017337180",
        "pub.1032233233",
        "pub.1017837695",
        "pub.1007888743",
        "pub.1013128992",
        "pub.1028997534",
        "pub.1015478464",
        "pub.1013191171",
        "pub.1060361577",
        "pub.1049327776",
        "pub.1047865031",
        "pub.1019463497",
        "pub.1008735188",
        "pub.1010610420",
        "pub.1037510690",
        "pub.1025414242",
        "pub.1027646472",
        "pub.1019515916",
        "pub.1017672458",
        "pub.1005882776",
        "pub.1036502795",
        "pub.1035210308",
        "pub.1032209974",
        "pub.1047473600",
        "pub.1048486153",
        "pub.1036800569",
        "pub.1022745063",
        "pub.1025565856",
        "pub.1060400152",
        "pub.1054923457",
        "pub.1045060949",
        "pub.1042304081",
        "pub.1082536167",
        "pub.1028032394",
        "pub.1028118039",
        "pub.1010419937",
        "pub.1013402479",
        "pub.1041177925",
        "pub.1017697534",
        "pub.1026245273",
        "pub.1042325725",
        "pub.1026298817",
        "pub.1016479513",
        "pub.1019599727",
        "pub.1036284953",
        "pub.1039038743"
    ],
    "id": "pub.1039095482",
    "research_org_country_names": [
        "United States",
        "Netherlands"
    ],
    "date": "2010-01-01",
    "research_org_state_codes": [
        {
            "id": "US-PA",
            "name": "Pennsylvania"
        }
    ],
    "researchers": [
        {
            "id": "ur.010704126615.32",
            "research_orgs": [
                "grid.10419.3d",
                "grid.4991.5",
                "grid.5292.c",
                "grid.5335.0",
                "grid.5132.5"
            ],
            "last_name": "Velthuis",
            "first_name": "Aartjan J W Te",
            "orcid_id": [
                "0000-0002-5129-3953"
            ]
        },
        {
            "id": "ur.01363767073.18",
            "research_orgs": [
                "grid.29857.31",
                "grid.410711.2",
                "grid.5386.8",
                "grid.266100.3",
                "grid.10698.36",
                "grid.5515.4"
            ],
            "last_name": "Arnold",
            "first_name": "Jamie Jon"
        },
        {
            "id": "ur.0724172223.05",
            "research_orgs": [
                "grid.29857.31",
                "grid.410711.2",
                "grid.14709.3b",
                "grid.5386.8",
                "grid.266100.3",
                "grid.10698.36",
                "grid.241054.6",
                "grid.265008.9",
                "grid.5515.4",
                "grid.67105.35",
                "grid.418021.e"
            ],
            "last_name": "Cameron",
            "first_name": "Craig Eugene"
        },
        {
            "id": "ur.01231703361.05",
            "research_orgs": [
                "grid.9909.9",
                "grid.5288.7",
                "grid.8993.b",
                "grid.474933.e",
                "grid.5132.5",
                "grid.10419.3d"
            ],
            "last_name": "Van Den Worm",
            "first_name": "Sjoerd H E"
        },
        {
            "id": "ur.01257536212.37",
            "research_orgs": [
                "grid.5477.1",
                "grid.5734.5",
                "grid.5132.5",
                "grid.10419.3d",
                "grid.6906.9"
            ],
            "last_name": "Snijder",
            "first_name": "Eric J",
            "orcid_id": [
                "0000-0003-3297-2309"
            ]
        }
    ],
    "relative_citation_ratio": 1.62,
    "type": "article",
    "volume": "38",
    "pmcid": "PMC2800238"
}