{
    "volume": "160",
    "date": "2015-08-01",
    "title": "A gyrovirus infecting a sea bird",
    "researchers": [
        {
            "id": "ur.01313105165.66",
            "last_name": "Li",
            "first_name": "Linlin",
            "research_orgs": [
                "grid.170693.a",
                "grid.236815.b",
                "grid.497035.c",
                "grid.457054.7",
                "grid.168010.e",
                "grid.27860.3b",
                "grid.448376.a",
                "grid.416754.5",
                "grid.280902.1",
                "grid.266102.1"
            ]
        },
        {
            "id": "ur.0714115254.14",
            "last_name": "Pesavento",
            "first_name": "Patricia A",
            "research_orgs": [
                "grid.170693.a",
                "grid.9679.1",
                "grid.497035.c",
                "grid.457054.7",
                "grid.9499.d",
                "grid.135963.b",
                "grid.5734.5",
                "grid.167436.1",
                "grid.168010.e",
                "grid.27860.3b",
                "grid.448376.a",
                "grid.280902.1",
                "grid.266102.1"
            ]
        },
        {
            "id": "ur.01000762771.54",
            "last_name": "Gaynor",
            "first_name": "Anne M",
            "research_orgs": [
                "grid.7776.1",
                "grid.416738.f",
                "grid.27860.3b",
                "grid.417688.4"
            ]
        },
        {
            "id": "ur.01115211371.79",
            "last_name": "Duerr",
            "first_name": "Rebecca S"
        },
        {
            "id": "ur.01233426170.21",
            "last_name": "Phan",
            "first_name": "Tung Gia",
            "research_orgs": [
                "grid.26999.3d",
                "grid.168010.e",
                "grid.266102.1",
                "grid.280902.1",
                "grid.31151.37",
                "grid.412689.0",
                "grid.27860.3b",
                "grid.263023.6",
                "grid.47100.32",
                "grid.260969.2",
                "grid.7737.4",
                "grid.411838.7",
                "grid.457054.7",
                "grid.170693.a",
                "grid.9679.1",
                "grid.415776.6"
            ]
        },
        {
            "id": "ur.01314272147.25",
            "last_name": "Zhang",
            "first_name": "Wen",
            "research_orgs": [
                "grid.266102.1",
                "grid.440785.a",
                "grid.261331.4",
                "grid.16821.3c",
                "grid.452857.9",
                "grid.280902.1"
            ]
        },
        {
            "id": "ur.01014653654.79",
            "last_name": "Deng",
            "first_name": "Xu-Tao",
            "research_orgs": [
                "grid.27860.3b",
                "grid.457054.7",
                "grid.239560.b",
                "grid.170693.a",
                "grid.266102.1",
                "grid.411838.7",
                "grid.11899.38",
                "grid.280902.1",
                "grid.168010.e",
                "grid.42505.36",
                "grid.94365.3d",
                "grid.31151.37"
            ]
        },
        {
            "id": "ur.01303513003.29",
            "last_name": "Delwart",
            "first_name": "Eric L",
            "orcid_id": [
                "0000-0002-6296-4484"
            ],
            "research_orgs": [
                "grid.4305.2",
                "grid.4991.5",
                "grid.497035.c",
                "grid.16821.3c",
                "grid.418404.d",
                "grid.418158.1",
                "grid.16697.3f",
                "grid.31151.37",
                "grid.418424.f",
                "grid.411024.2",
                "grid.214007.0",
                "grid.263081.e",
                "grid.411838.7",
                "grid.448337.f",
                "grid.5734.5",
                "grid.6203.7",
                "grid.19006.3e",
                "grid.7737.4",
                "grid.27860.3b",
                "grid.280587.0",
                "grid.411950.8",
                "grid.418485.4",
                "grid.9783.5",
                "grid.266102.1",
                "grid.11899.38",
                "grid.416491.f",
                "grid.416754.5",
                "grid.168010.e",
                "grid.137628.9",
                "grid.448376.a",
                "grid.35155.37",
                "grid.134996.0",
                "grid.213876.9",
                "grid.134907.8",
                "grid.457054.7",
                "grid.170693.a",
                "grid.167436.1",
                "grid.280902.1",
                "grid.411628.8",
                "grid.10604.33",
                "grid.14003.36",
                "grid.240952.8"
            ]
        }
    ],
    "pmcid": "PMC4657940",
    "research_org_state_codes": [
        {
            "id": "US-CA",
            "name": "California"
        }
    ],
    "altmetric": 2.0,
    "pages": "2105-2109",
    "research_org_cities": [
        {
            "id": 5341704,
            "name": "Davis"
        },
        {
            "id": 1784642,
            "name": "Zhenjiang"
        },
        {
            "id": 5347335,
            "name": "Fairfield"
        },
        {
            "id": 5391959,
            "name": "San Francisco"
        }
    ],
    "open_access": [
        "Open Access - all",
        "Open Access - repository",
        "Open Access - accepted"
    ],
    "research_org_countries": [
        {
            "id": "CN",
            "name": "China"
        },
        {
            "id": "US",
            "name": "United States"
        }
    ],
    "doi": "10.1007/s00705-015-2468-1",
    "FOR": [
        {
            "id": "2620",
            "name": "0604 Genetics"
        }
    ],
    "research_orgs": [
        {
            "id": "grid.280902.1",
            "acronym": "BSRI",
            "state_name": "California",
            "types": [
                "Nonprofit"
            ],
            "longitude": -122.44694,
            "linkout": [
                "http://www.bsrisf.org/"
            ],
            "latitude": 37.77936,
            "name": "Blood Systems Research Institute",
            "city_name": "San Francisco",
            "country_name": "United States"
        },
        {
            "id": "grid.27860.3b",
            "acronym": "UCD",
            "state_name": "California",
            "types": [
                "Education"
            ],
            "longitude": -121.75,
            "linkout": [
                "http://ucdavis.edu/"
            ],
            "latitude": 38.54,
            "name": "University of California, Davis",
            "city_name": "Davis",
            "country_name": "United States"
        },
        {
            "id": "grid.440785.a",
            "types": [
                "Education"
            ],
            "longitude": 119.51917,
            "linkout": [
                "http://www.ujs.edu.cn/site1/"
            ],
            "latitude": 32.193966,
            "name": "Jiangsu University",
            "city_name": "Zhenjiang",
            "country_name": "China"
        },
        {
            "id": "grid.266102.1",
            "acronym": "UCSF",
            "state_name": "California",
            "types": [
                "Education"
            ],
            "longitude": -122.45767,
            "linkout": [
                "https://www.ucsf.edu/"
            ],
            "latitude": 37.7628,
            "name": "University of California, San Francisco",
            "city_name": "San Francisco",
            "country_name": "United States"
        }
    ],
    "times_cited": 12,
    "pmid": "26036564",
    "funders": [
        {
            "id": "grid.279885.9",
            "acronym": "NHLBI",
            "state_name": "Maryland",
            "types": [
                "Facility"
            ],
            "longitude": -77.100945,
            "linkout": [
                "http://www.nhlbi.nih.gov/"
            ],
            "latitude": 39.00428,
            "name": "National Heart Lung and Blood Institute",
            "city_name": "Bethesda",
            "country_name": "United States"
        }
    ],
    "research_org_country_names": [
        "China",
        "United States"
    ],
    "id": "pub.1044145009",
    "issue": "8",
    "journal": {
        "id": "jour.1083335",
        "title": "Archives of Virology"
    },
    "year": 2015,
    "references": [
        "pub.1045741148",
        "pub.1026903972",
        "pub.1003499773",
        "pub.1046903878",
        "pub.1044002384",
        "pub.1011404279",
        "pub.1025945635",
        "pub.1046849268",
        "pub.1011465290",
        "pub.1016945407",
        "pub.1051730090",
        "pub.1016521225",
        "pub.1035397927",
        "pub.1024355579",
        "pub.1077655533",
        "pub.1040169104",
        "pub.1031218641",
        "pub.1018188724",
        "pub.1003263007",
        "pub.1020589929",
        "pub.1006541515",
        "pub.1052984200",
        "pub.1019899672",
        "pub.1033014949",
        "pub.1053018179",
        "pub.1060399006",
        "pub.1019055186",
        "pub.1020065583",
        "pub.1033921691",
        "pub.1000968763",
        "pub.1012384623",
        "pub.1023922526",
        "pub.1016594122",
        "pub.1016553141",
        "pub.1034501389",
        "pub.1038103506",
        "pub.1002443513"
    ],
    "relative_citation_ratio": 0.89,
    "research_org_state_names": [
        "California"
    ],
    "author_affiliations": [
        [
            {
                "first_name": "Linlin",
                "last_name": "Li",
                "initials": "",
                "corresponding": "",
                "orcid": "",
                "current_organization_id": "grid.280902.1",
                "researcher_id": "ur.01313105165.66",
                "affiliations": [
                    {
                        "id": "grid.280902.1",
                        "name": "Blood Systems Research Institute",
                        "city": "San Francisco",
                        "city_id": 5391959,
                        "country": "United States",
                        "country_code": "US",
                        "state": "California",
                        "state_code": "US-CA"
                    },
                    {
                        "id": "grid.266102.1",
                        "name": "University of California, San Francisco",
                        "city": "San Francisco",
                        "city_id": 5391959,
                        "country": "United States",
                        "country_code": "US",
                        "state": "California",
                        "state_code": "US-CA"
                    }
                ]
            },
            {
                "first_name": "Patricia A.",
                "last_name": "Pesavento",
                "initials": "",
                "corresponding": "",
                "orcid": "",
                "current_organization_id": "grid.27860.3b",
                "researcher_id": "ur.0714115254.14",
                "affiliations": [
                    {
                        "id": "grid.27860.3b",
                        "name": "University of California, Davis",
                        "city": "Davis",
                        "city_id": 5341704,
                        "country": "United States",
                        "country_code": "US",
                        "state": "California",
                        "state_code": "US-CA"
                    }
                ]
            },
            {
                "first_name": "Anne M.",
                "last_name": "Gaynor",
                "initials": "",
                "corresponding": "",
                "orcid": "",
                "current_organization_id": "grid.27860.3b",
                "researcher_id": "ur.01000762771.54",
                "affiliations": [
                    {
                        "id": "grid.27860.3b",
                        "name": "University of California, Davis",
                        "city": "Davis",
                        "city_id": 5341704,
                        "country": "United States",
                        "country_code": "US",
                        "state": "California",
                        "state_code": "US-CA"
                    }
                ]
            },
            {
                "first_name": "Rebecca S.",
                "last_name": "Duerr",
                "initials": "",
                "corresponding": "",
                "orcid": "",
                "current_organization_id": "",
                "researcher_id": "ur.01115211371.79",
                "affiliations": [
                    {
                        "name": "International Bird Rescue, San Francisco Bay Center, Fairfield, CA, USA"
                    }
                ]
            },
            {
                "first_name": "Tung Gia",
                "last_name": "Phan",
                "initials": "",
                "corresponding": "",
                "orcid": "",
                "current_organization_id": "grid.280902.1",
                "researcher_id": "ur.01233426170.21",
                "affiliations": [
                    {
                        "id": "grid.280902.1",
                        "name": "Blood Systems Research Institute",
                        "city": "San Francisco",
                        "city_id": 5391959,
                        "country": "United States",
                        "country_code": "US",
                        "state": "California",
                        "state_code": "US-CA"
                    },
                    {
                        "id": "grid.266102.1",
                        "name": "University of California, San Francisco",
                        "city": "San Francisco",
                        "city_id": 5391959,
                        "country": "United States",
                        "country_code": "US",
                        "state": "California",
                        "state_code": "US-CA"
                    }
                ]
            },
            {
                "first_name": "Wen",
                "last_name": "Zhang",
                "initials": "",
                "corresponding": "",
                "orcid": "",
                "current_organization_id": "grid.440785.a",
                "researcher_id": "ur.01314272147.25",
                "affiliations": [
                    {
                        "id": "grid.280902.1",
                        "name": "Blood Systems Research Institute",
                        "city": "San Francisco",
                        "city_id": 5391959,
                        "country": "United States",
                        "country_code": "US",
                        "state": "California",
                        "state_code": "US-CA"
                    },
                    {
                        "id": "grid.266102.1",
                        "name": "University of California, San Francisco",
                        "city": "San Francisco",
                        "city_id": 5391959,
                        "country": "United States",
                        "country_code": "US",
                        "state": "California",
                        "state_code": "US-CA"
                    },
                    {
                        "id": "grid.440785.a",
                        "name": "Jiangsu University",
                        "city": "Zhenjiang",
                        "city_id": 1784642,
                        "country": "China",
                        "country_code": "CN",
                        "state": null,
                        "state_code": null
                    }
                ]
            },
            {
                "first_name": "Xutao",
                "last_name": "Deng",
                "initials": "",
                "corresponding": "",
                "orcid": "",
                "current_organization_id": "grid.266102.1",
                "researcher_id": "ur.01014653654.79",
                "affiliations": [
                    {
                        "id": "grid.280902.1",
                        "name": "Blood Systems Research Institute",
                        "city": "San Francisco",
                        "city_id": 5391959,
                        "country": "United States",
                        "country_code": "US",
                        "state": "California",
                        "state_code": "US-CA"
                    },
                    {
                        "id": "grid.266102.1",
                        "name": "University of California, San Francisco",
                        "city": "San Francisco",
                        "city_id": 5391959,
                        "country": "United States",
                        "country_code": "US",
                        "state": "California",
                        "state_code": "US-CA"
                    }
                ]
            },
            {
                "first_name": "Eric",
                "last_name": "Delwart",
                "initials": "",
                "corresponding": true,
                "orcid": "['0000-0002-6296-4484']",
                "current_organization_id": "grid.266102.1",
                "researcher_id": "ur.01303513003.29",
                "affiliations": [
                    {
                        "id": "grid.280902.1",
                        "name": "Blood Systems Research Institute",
                        "city": "San Francisco",
                        "city_id": 5391959,
                        "country": "United States",
                        "country_code": "US",
                        "state": "California",
                        "state_code": "US-CA"
                    },
                    {
                        "id": "grid.266102.1",
                        "name": "University of California, San Francisco",
                        "city": "San Francisco",
                        "city_id": 5391959,
                        "country": "United States",
                        "country_code": "US",
                        "state": "California",
                        "state_code": "US-CA"
                    }
                ]
            }
        ]
    ],
    "type": "article"
}