{
    "title": "Cryptosporidiosis and Coccidiosis",
    "type": "chapter",
    "year": 2007,
    "date": "2007-03-15",
    "pages": "179-185",
    "id": "pub.1041144623",
    "author_affiliations": [
        [
            {
                "first_name": "S. E.",
                "last_name": "Wright",
                "initials": "",
                "corresponding": "",
                "orcid": "",
                "current_organization_id": "",
                "researcher_id": "",
                "affiliations": []
            },
            {
                "first_name": "R. L.",
                "last_name": "Coop",
                "initials": "",
                "corresponding": "",
                "orcid": "",
                "current_organization_id": "",
                "researcher_id": "",
                "affiliations": []
            }
        ]
    ],
    "doi": "10.1002/9780470753316.ch26",
    "times_cited": 16,
    "references": [
        "pub.1038705332",
        "pub.1082873150",
        "pub.1042724379",
        "pub.1062830135",
        "pub.1062831918",
        "pub.1036837513",
        "pub.1008715860"
    ]
}