{
    "pmid": "29895153",
    "title": "RSV infection in a macrophage-cell line activates the non-canonical NF-\u03baB pathway and induces pro-inflammatory cytokine expression.",
    "type": "article",
    "year": 2018,
    "journal": {
        "id": "jour.1016959",
        "title": "Acta Virologica"
    },
    "researchers": [
        {
            "id": "ur.0740751013.03",
            "first_name": "O Del",
            "last_name": "Moral-Hern\u00e1ndez"
        },
        {
            "id": "ur.01361352262.56",
            "research_orgs": [
                "grid.9486.3"
            ],
            "first_name": "Carlos",
            "last_name": "Santiago-Olivares"
        },
        {
            "id": "ur.0653077120.15",
            "research_orgs": [
                "grid.9486.3"
            ],
            "first_name": "Evelyn",
            "last_name": "Rivera-Toledo"
        },
        {
            "id": "ur.01024067354.82",
            "research_orgs": [
                "grid.9486.3"
            ],
            "first_name": "Jorge",
            "last_name": "Gaona"
        },
        {
            "id": "ur.015674547527.76",
            "research_orgs": [
                "grid.412873.b"
            ],
            "first_name": "Elizabeth",
            "last_name": "Castillo-Villanueva",
            "orcid_id": [
                "0000-0001-8161-5565"
            ]
        },
        {
            "id": "ur.01237743721.28",
            "research_orgs": [
                "grid.9486.3"
            ],
            "first_name": "Beatr\u0131 Z",
            "last_name": "G\u00f3mez"
        }
    ],
    "FOR": [
        {
            "id": "3114",
            "name": "1108 Medical Microbiology"
        }
    ],
    "date": "2018-01-01",
    "pages": "129-136",
    "id": "pub.1104474359",
    "volume": "62",
    "issue": "2",
    "open_access": [
        "Open Access - all",
        "Open Access - publisher",
        "Open Access - published"
    ],
    "author_affiliations": [
        [
            {
                "first_name": "O. DEL",
                "last_name": "MORAL-HERN\u00c1NDEZ",
                "initials": "",
                "corresponding": "",
                "orcid": "",
                "current_organization_id": "",
                "researcher_id": "ur.0740751013.03",
                "affiliations": []
            },
            {
                "first_name": "C.",
                "last_name": "SANTIAGO-OLIVARES",
                "initials": "",
                "corresponding": "",
                "orcid": "",
                "current_organization_id": "grid.9486.3",
                "researcher_id": "ur.01361352262.56",
                "affiliations": []
            },
            {
                "first_name": "E.",
                "last_name": "RIVERA-TOLEDO",
                "initials": "",
                "corresponding": "",
                "orcid": "",
                "current_organization_id": "grid.9486.3",
                "researcher_id": "ur.0653077120.15",
                "affiliations": []
            },
            {
                "first_name": "J.",
                "last_name": "GAONA",
                "initials": "",
                "corresponding": "",
                "orcid": "",
                "current_organization_id": "",
                "researcher_id": "ur.01024067354.82",
                "affiliations": []
            },
            {
                "first_name": "E.",
                "last_name": "CASTILLO-VILLANUEVA",
                "initials": "",
                "corresponding": "",
                "orcid": "['0000-0001-8161-5565']",
                "current_organization_id": "",
                "researcher_id": "ur.015674547527.76",
                "affiliations": []
            },
            {
                "first_name": "B.",
                "last_name": "G\u00d3MEZ",
                "initials": "",
                "corresponding": "",
                "orcid": "",
                "current_organization_id": "grid.9486.3",
                "researcher_id": "ur.01237743721.28",
                "affiliations": []
            }
        ]
    ],
    "doi": "10.4149/av_2018_202",
    "times_cited": 2
}