{
    "research_orgs": [
        {
            "id": "grid.5600.3",
            "linkout": [
                "http://www.cardiff.ac.uk/"
            ],
            "city_name": "Cardiff",
            "longitude": -3.179,
            "latitude": 51.4877,
            "name": "Cardiff University",
            "types": [
                "Education"
            ],
            "country_name": "United Kingdom"
        },
        {
            "id": "grid.412759.c",
            "linkout": [
                "http://www.ruh.ac.lk/"
            ],
            "city_name": "Galle",
            "longitude": 80.57645,
            "latitude": 5.939264,
            "name": "University of Ruhuna",
            "types": [
                "Education"
            ],
            "country_name": "Sri Lanka"
        }
    ],
    "research_org_country_names": [
        "Sri Lanka",
        "United Kingdom"
    ],
    "pmid": "23320521",
    "funders": [
        {
            "id": "grid.14105.31",
            "linkout": [
                "http://www.mrc.ac.uk/"
            ],
            "city_name": "London",
            "longitude": -0.119432,
            "acronym": "MRC",
            "latitude": 51.514755,
            "name": "Medical Research Council",
            "types": [
                "Government"
            ],
            "country_name": "United Kingdom"
        }
    ],
    "title": "Novel antiviral activity of l-dideoxy bicyclic nucleoside analogues versus vaccinia and measles viruses in vitro.",
    "type": "article",
    "year": 2013,
    "journal": {
        "id": "jour.1062267",
        "title": "Journal of Medicinal Chemistry"
    },
    "researchers": [
        {
            "id": "ur.0611237316.37",
            "research_orgs": [
                "grid.14105.31",
                "grid.412751.4",
                "grid.418019.5",
                "grid.451388.3",
                "grid.241103.5",
                "grid.7886.1",
                "grid.411916.a",
                "grid.417895.6",
                "grid.5596.f",
                "grid.426467.5",
                "grid.5491.9",
                "grid.416353.6",
                "grid.8155.9",
                "grid.5600.3",
                "grid.83440.3b"
            ],
            "first_name": "Christopher",
            "last_name": "Mcguigan",
            "orcid_id": [
                "0000-0001-8409-710X"
            ]
        },
        {
            "id": "ur.01151477374.22",
            "research_orgs": [
                "grid.5600.3"
            ],
            "first_name": "Karen",
            "last_name": "Hinsinger"
        },
        {
            "id": "ur.01137715635.39",
            "research_orgs": [
                "grid.5600.3"
            ],
            "first_name": "Laura",
            "last_name": "Farleigh"
        },
        {
            "id": "ur.011544775627.43",
            "research_orgs": [
                "grid.27859.31",
                "grid.412759.c",
                "grid.451388.3",
                "grid.8155.9",
                "grid.14105.31",
                "grid.148374.d",
                "grid.5596.f",
                "grid.448842.6",
                "grid.5600.3",
                "grid.5491.9"
            ],
            "first_name": "Ranjith N",
            "last_name": "Pathirana",
            "orcid_id": [
                "0000-0003-0838-5163"
            ]
        },
        {
            "id": "ur.01164362143.58",
            "research_orgs": [
                "grid.419681.3",
                "grid.5600.3",
                "grid.418510.9",
                "grid.7700.0"
            ],
            "first_name": "Joachim Jakob",
            "last_name": "Bugert",
            "orcid_id": [
                "0000-0002-0556-3211"
            ]
        }
    ],
    "FOR": [
        {
            "id": "3114",
            "name": "1108 Medical Microbiology"
        }
    ],
    "research_org_countries": [
        {
            "id": "LK",
            "name": "Sri Lanka"
        },
        {
            "id": "GB",
            "name": "United Kingdom"
        }
    ],
    "date": "2013-02-14",
    "pages": "1311-22",
    "id": "pub.1055953557",
    "volume": "56",
    "issue": "3",
    "research_org_cities": [
        {
            "id": 1246294,
            "name": "Galle"
        },
        {
            "id": 2653822,
            "name": "Cardiff"
        }
    ],
    "author_affiliations": [
        [
            {
                "first_name": "Christopher",
                "last_name": "McGuigan",
                "initials": "",
                "corresponding": "",
                "orcid": "['0000-0001-8409-710X']",
                "current_organization_id": "grid.412751.4",
                "researcher_id": "ur.0611237316.37",
                "affiliations": [
                    {
                        "id": "grid.5600.3",
                        "name": "Cardiff University",
                        "city": "Cardiff",
                        "city_id": 2653822,
                        "country": "United Kingdom",
                        "country_code": "GB",
                        "state": null,
                        "state_code": null
                    }
                ]
            },
            {
                "first_name": "Karen",
                "last_name": "Hinsinger",
                "initials": "",
                "corresponding": "",
                "orcid": "",
                "current_organization_id": "grid.5600.3",
                "researcher_id": "ur.01151477374.22",
                "affiliations": [
                    {
                        "id": "grid.5600.3",
                        "name": "Cardiff University",
                        "city": "Cardiff",
                        "city_id": 2653822,
                        "country": "United Kingdom",
                        "country_code": "GB",
                        "state": null,
                        "state_code": null
                    }
                ]
            },
            {
                "first_name": "Laura",
                "last_name": "Farleigh",
                "initials": "",
                "corresponding": "",
                "orcid": "",
                "current_organization_id": "grid.5600.3",
                "researcher_id": "ur.01137715635.39",
                "affiliations": [
                    {
                        "id": "grid.5600.3",
                        "name": "Cardiff University",
                        "city": "Cardiff",
                        "city_id": 2653822,
                        "country": "United Kingdom",
                        "country_code": "GB",
                        "state": null,
                        "state_code": null
                    }
                ]
            },
            {
                "first_name": "Ranjith N.",
                "last_name": "Pathirana",
                "initials": "",
                "corresponding": "",
                "orcid": "['0000-0003-0838-5163']",
                "current_organization_id": "grid.27859.31",
                "researcher_id": "ur.011544775627.43",
                "affiliations": [
                    {
                        "id": "grid.5600.3",
                        "name": "Cardiff University",
                        "city": "Cardiff",
                        "city_id": 2653822,
                        "country": "United Kingdom",
                        "country_code": "GB",
                        "state": null,
                        "state_code": null
                    },
                    {
                        "id": "grid.412759.c",
                        "name": "University of Ruhuna",
                        "city": "Galle",
                        "city_id": 1246294,
                        "country": "Sri Lanka",
                        "country_code": "LK",
                        "state": null,
                        "state_code": null
                    }
                ]
            },
            {
                "first_name": "Joachim J.",
                "last_name": "Bugert",
                "initials": "",
                "corresponding": "",
                "orcid": "['0000-0002-0556-3211']",
                "current_organization_id": "grid.418510.9",
                "researcher_id": "ur.01164362143.58",
                "affiliations": [
                    {
                        "id": "grid.5600.3",
                        "name": "Cardiff University",
                        "city": "Cardiff",
                        "city_id": 2653822,
                        "country": "United Kingdom",
                        "country_code": "GB",
                        "state": null,
                        "state_code": null
                    }
                ]
            }
        ]
    ],
    "doi": "10.1021/jm301778x",
    "times_cited": 6,
    "references": [
        "pub.1055957356",
        "pub.1060401245",
        "pub.1016900677",
        "pub.1022360852",
        "pub.1055933129",
        "pub.1025652046",
        "pub.1052228507",
        "pub.1065061445",
        "pub.1055948300",
        "pub.1037021286",
        "pub.1071498525",
        "pub.1062461320",
        "pub.1039749032",
        "pub.1055978448",
        "pub.1017921649",
        "pub.1062709917",
        "pub.1010861050",
        "pub.1046173863",
        "pub.1009148513",
        "pub.1029964467",
        "pub.1055932819",
        "pub.1049564490",
        "pub.1029080891",
        "pub.1055959410",
        "pub.1028530085",
        "pub.1021427841",
        "pub.1055959558",
        "pub.1031938637",
        "pub.1075548644",
        "pub.1022384997",
        "pub.1022773498",
        "pub.1049287769",
        "pub.1049658119",
        "pub.1077845749",
        "pub.1038958324"
    ],
    "relative_citation_ratio": 0.22
}