{
    "pmid": "17586664",
    "author_affiliations": [
        [
            {
                "first_name": "Qiong",
                "last_name": "Wang",
                "initials": "",
                "corresponding": "",
                "orcid": "",
                "current_organization_id": "grid.17088.36",
                "researcher_id": "ur.01000661242.01",
                "affiliations": [
                    {
                        "name": "Center for Microbial Ecology"
                    }
                ]
            },
            {
                "first_name": "George M.",
                "last_name": "Garrity",
                "initials": "",
                "corresponding": "",
                "orcid": "['0000-0002-4465-7034']",
                "current_organization_id": "grid.17088.36",
                "researcher_id": "ur.01353063326.27",
                "affiliations": [
                    {
                        "name": "Center for Microbial Ecology"
                    },
                    {
                        "id": "grid.17088.36",
                        "name": "Michigan State University",
                        "city": "East Lansing",
                        "city_id": 4991640,
                        "country": "United States",
                        "country_code": "US",
                        "state": "Michigan",
                        "state_code": "US-MI"
                    }
                ]
            },
            {
                "first_name": "James M.",
                "last_name": "Tiedje",
                "initials": "",
                "corresponding": "",
                "orcid": "['0000-0002-8992-6218']",
                "current_organization_id": "grid.17088.36",
                "researcher_id": "ur.01045454367.43",
                "affiliations": [
                    {
                        "name": "Center for Microbial Ecology"
                    },
                    {
                        "id": "grid.17088.36",
                        "name": "Michigan State University",
                        "city": "East Lansing",
                        "city_id": 4991640,
                        "country": "United States",
                        "country_code": "US",
                        "state": "Michigan",
                        "state_code": "US-MI"
                    }
                ]
            },
            {
                "first_name": "James R.",
                "last_name": "Cole",
                "initials": "",
                "corresponding": "",
                "orcid": "",
                "current_organization_id": "grid.17088.36",
                "researcher_id": "ur.01122355325.03",
                "affiliations": [
                    {
                        "name": "Center for Microbial Ecology"
                    }
                ]
            }
        ]
    ],
    "altmetric": 18.0,
    "FOR": [
        {
            "id": "2358",
            "name": "0104 Statistics"
        }
    ],
    "research_org_countries": [
        {
            "id": "FR",
            "name": "France"
        },
        {
            "id": "US",
            "name": "United States"
        }
    ],
    "title": "Na\u00efve Bayesian Classifier for Rapid Assignment of rRNA Sequences into the New Bacterial Taxonomy\u25bf \u2020",
    "research_org_cities": [
        {
            "id": 4991640,
            "name": "East Lansing"
        },
        {
            "id": 2968254,
            "name": "Villeurbanne"
        }
    ],
    "pages": "5261-5267",
    "issue": "16",
    "research_org_state_names": [
        "Michigan"
    ],
    "open_access": [
        "Open Access - all",
        "Open Access - publisher",
        "Open Access - published"
    ],
    "doi": "10.1128/aem.00062-07",
    "times_cited": 8699,
    "journal": {
        "id": "jour.1085241",
        "title": "Applied and Environmental Microbiology"
    },
    "funders": [
        {
            "id": "grid.453216.7",
            "name": "Office of Science",
            "linkout": [
                "https://www.energy.gov/science/office-science"
            ],
            "country_name": "United States",
            "types": [
                "Government"
            ],
            "latitude": 38.88699,
            "acronym": "DOE SC",
            "state_name": "District of Columbia",
            "city_name": "Washington D.C.",
            "longitude": -77.02545
        },
        {
            "id": "grid.457768.f",
            "name": "Directorate for Biological Sciences",
            "linkout": [
                "http://www.nsf.gov/dir/index.jsp?org=BIO"
            ],
            "country_name": "United States",
            "types": [
                "Government"
            ],
            "latitude": 38.88058,
            "acronym": "NSF BIO",
            "state_name": "Virginia",
            "city_name": "Arlington",
            "longitude": -77.110985
        }
    ],
    "year": 2007,
    "research_orgs": [
        {
            "id": "grid.17088.36",
            "name": "Michigan State University",
            "linkout": [
                "https://msu.edu/"
            ],
            "country_name": "United States",
            "types": [
                "Education"
            ],
            "latitude": 42.723,
            "acronym": "MSU",
            "state_name": "Michigan",
            "city_name": "East Lansing",
            "longitude": -84.481
        }
    ],
    "id": "pub.1045980007",
    "references": [
        "pub.1023008403",
        "pub.1060386488",
        "pub.1047046188",
        "pub.1010807094",
        "pub.1083159139",
        "pub.1030815736",
        "pub.1048301858",
        "pub.1030336415",
        "pub.1042157769",
        "pub.1008547462",
        "pub.1082449930",
        "pub.1015984700",
        "pub.1074763092",
        "pub.1049559616",
        "pub.1023695459",
        "pub.1014845781",
        "pub.1018027137",
        "pub.1022080760",
        "pub.1060348666",
        "pub.1052998955",
        "pub.1016087592",
        "pub.1005128975",
        "pub.1017682287"
    ],
    "research_org_country_names": [
        "United States",
        "France"
    ],
    "date": "2007-08-15",
    "research_org_state_codes": [
        {
            "id": "US-MI",
            "name": "Michigan"
        }
    ],
    "researchers": [
        {
            "id": "ur.01000661242.01",
            "research_orgs": [
                "grid.17088.36"
            ],
            "last_name": "Wang",
            "first_name": "Qiong"
        },
        {
            "id": "ur.01353063326.27",
            "research_orgs": [
                "grid.474679.f",
                "grid.21925.3d",
                "grid.417993.1",
                "grid.17088.36",
                "grid.414812.a"
            ],
            "last_name": "Garrity",
            "first_name": "George M",
            "orcid_id": [
                "0000-0002-4465-7034"
            ]
        },
        {
            "id": "ur.01045454367.43",
            "research_orgs": [
                "grid.17088.36",
                "grid.27755.32",
                "grid.458485.0",
                "grid.4391.f",
                "grid.266900.b",
                "grid.280767.c",
                "grid.15444.30",
                "grid.14003.36",
                "grid.53857.3c",
                "grid.162346.4",
                "grid.418276.e"
            ],
            "last_name": "Tiedje",
            "first_name": "James M",
            "orcid_id": [
                "0000-0002-8992-6218"
            ]
        },
        {
            "id": "ur.01122355325.03",
            "research_orgs": [
                "grid.17088.36"
            ],
            "last_name": "Cole",
            "first_name": "James R"
        }
    ],
    "relative_citation_ratio": 231.9,
    "type": "article",
    "volume": "73",
    "pmcid": "PMC1950982"
}