{
    "pmid": "24067970",
    "author_affiliations": [
        [
            {
                "first_name": "Kei",
                "last_name": "Ohnuma",
                "initials": "",
                "corresponding": "",
                "orcid": "",
                "current_organization_id": "grid.258269.2",
                "researcher_id": "ur.0646446740.49",
                "affiliations": [
                    {
                        "id": "grid.258269.2",
                        "name": "Juntendo University",
                        "city": "Tokyo",
                        "city_id": 1850147,
                        "country": "Japan",
                        "country_code": "JP",
                        "state": null,
                        "state_code": null
                    }
                ]
            },
            {
                "first_name": "Bart L.",
                "last_name": "Haagmans",
                "initials": "",
                "corresponding": "",
                "orcid": "['0000-0001-6221-2015']",
                "current_organization_id": "grid.5645.2",
                "researcher_id": "ur.015465550657.43",
                "affiliations": [
                    {
                        "id": "grid.5645.2",
                        "name": "Erasmus University Medical Center",
                        "city": "Rotterdam",
                        "city_id": 2747891,
                        "country": "Netherlands",
                        "country_code": "NL",
                        "state": null,
                        "state_code": null
                    }
                ]
            },
            {
                "first_name": "Ryo",
                "last_name": "Hatano",
                "initials": "",
                "corresponding": "",
                "orcid": "",
                "current_organization_id": "grid.258269.2",
                "researcher_id": "ur.01330420172.11",
                "affiliations": [
                    {
                        "id": "grid.258269.2",
                        "name": "Juntendo University",
                        "city": "Tokyo",
                        "city_id": 1850147,
                        "country": "Japan",
                        "country_code": "JP",
                        "state": null,
                        "state_code": null
                    }
                ]
            },
            {
                "first_name": "V. Stalin",
                "last_name": "Raj",
                "initials": "",
                "corresponding": "",
                "orcid": "['0000-0003-2250-8481']",
                "current_organization_id": "grid.5645.2",
                "researcher_id": "ur.01310002241.32",
                "affiliations": [
                    {
                        "id": "grid.5645.2",
                        "name": "Erasmus University Medical Center",
                        "city": "Rotterdam",
                        "city_id": 2747891,
                        "country": "Netherlands",
                        "country_code": "NL",
                        "state": null,
                        "state_code": null
                    }
                ]
            },
            {
                "first_name": "Huihui",
                "last_name": "Mou",
                "initials": "",
                "corresponding": "",
                "orcid": "",
                "current_organization_id": "grid.5477.1",
                "researcher_id": "ur.01127131202.23",
                "affiliations": [
                    {
                        "id": "grid.5477.1",
                        "name": "Utrecht University",
                        "city": "Utrecht",
                        "city_id": 2745912,
                        "country": "Netherlands",
                        "country_code": "NL",
                        "state": null,
                        "state_code": null
                    }
                ]
            },
            {
                "first_name": "Satoshi",
                "last_name": "Iwata",
                "initials": "",
                "corresponding": "",
                "orcid": "",
                "current_organization_id": "grid.258799.8",
                "researcher_id": "ur.01337410152.19",
                "affiliations": [
                    {
                        "id": "grid.258269.2",
                        "name": "Juntendo University",
                        "city": "Tokyo",
                        "city_id": 1850147,
                        "country": "Japan",
                        "country_code": "JP",
                        "state": null,
                        "state_code": null
                    }
                ]
            },
            {
                "first_name": "Nam H.",
                "last_name": "Dang",
                "initials": "",
                "corresponding": "",
                "orcid": "",
                "current_organization_id": "grid.15276.37",
                "researcher_id": "ur.01235651240.23",
                "affiliations": [
                    {
                        "id": "grid.15276.37",
                        "name": "University of Florida",
                        "city": "Gainesville",
                        "city_id": 4156404,
                        "country": "United States",
                        "country_code": "US",
                        "state": "Florida",
                        "state_code": "US-FL"
                    }
                ]
            },
            {
                "first_name": "Berend Jan",
                "last_name": "Bosch",
                "initials": "",
                "corresponding": "",
                "orcid": "",
                "current_organization_id": "grid.5477.1",
                "researcher_id": "ur.01016640551.49",
                "affiliations": [
                    {
                        "id": "grid.5477.1",
                        "name": "Utrecht University",
                        "city": "Utrecht",
                        "city_id": 2745912,
                        "country": "Netherlands",
                        "country_code": "NL",
                        "state": null,
                        "state_code": null
                    }
                ]
            },
            {
                "first_name": "Chikao",
                "last_name": "Morimoto",
                "initials": "",
                "corresponding": "",
                "orcid": "",
                "current_organization_id": "grid.258269.2",
                "researcher_id": "ur.01257751664.41",
                "affiliations": [
                    {
                        "id": "grid.258269.2",
                        "name": "Juntendo University",
                        "city": "Tokyo",
                        "city_id": 1850147,
                        "country": "Japan",
                        "country_code": "JP",
                        "state": null,
                        "state_code": null
                    }
                ]
            }
        ]
    ],
    "altmetric": 19.0,
    "FOR": [
        {
            "id": "3103",
            "name": "1107 Immunology"
        }
    ],
    "research_org_countries": [
        {
            "id": "NL",
            "name": "Netherlands"
        },
        {
            "id": "JP",
            "name": "Japan"
        },
        {
            "id": "US",
            "name": "United States"
        }
    ],
    "title": "Inhibition of Middle East Respiratory Syndrome Coronavirus Infection by Anti-CD26 Monoclonal Antibody",
    "research_org_cities": [
        {
            "id": 2745912,
            "name": "Utrecht"
        },
        {
            "id": 1850147,
            "name": "Tokyo"
        },
        {
            "id": 4156404,
            "name": "Gainesville"
        },
        {
            "id": 2747891,
            "name": "Rotterdam"
        }
    ],
    "pages": "13892-13899",
    "issue": "24",
    "research_org_state_names": [
        "Florida"
    ],
    "open_access": [
        "Open Access - all",
        "Open Access - publisher",
        "Open Access - published"
    ],
    "doi": "10.1128/jvi.02448-13",
    "times_cited": 42,
    "funders": [
        {
            "id": "grid.54432.34",
            "name": "Japan Society for the Promotion of Science",
            "linkout": [
                "http://www.jsps.go.jp/"
            ],
            "country_name": "Japan",
            "types": [
                "Nonprofit"
            ],
            "latitude": 35.68716,
            "acronym": "JSPS",
            "city_name": "Tokyo",
            "longitude": 139.74039
        },
        {
            "id": "grid.415828.2",
            "name": "Ministry of Health Labour and Welfare",
            "linkout": [
                "http://www.mhlw.go.jp/english/"
            ],
            "country_name": "Japan",
            "types": [
                "Government"
            ],
            "latitude": 35.673,
            "city_name": "Tokyo",
            "longitude": 139.753
        },
        {
            "id": "grid.452903.9",
            "name": "Ministry of Education, Culture, Sports, Science and Technology",
            "linkout": [
                "http://www.mext.go.jp/english/"
            ],
            "country_name": "Japan",
            "types": [
                "Government"
            ],
            "latitude": 35.68,
            "acronym": "MEXT",
            "city_name": "Tokyo",
            "longitude": 139.763
        }
    ],
    "journal": {
        "id": "jour.1008072",
        "title": "Journal of Virology"
    },
    "research_orgs": [
        {
            "id": "grid.15276.37",
            "name": "University of Florida",
            "linkout": [
                "http://www.ufl.edu/"
            ],
            "country_name": "United States",
            "types": [
                "Education"
            ],
            "latitude": 29.643902,
            "acronym": "UF",
            "state_name": "Florida",
            "city_name": "Gainesville",
            "longitude": -82.35495
        },
        {
            "id": "grid.5477.1",
            "name": "Utrecht University",
            "linkout": [
                "http://www.uu.nl/en"
            ],
            "country_name": "Netherlands",
            "types": [
                "Education"
            ],
            "latitude": 52.090164,
            "state_name": "Utrecht",
            "city_name": "Utrecht",
            "longitude": 5.122601
        },
        {
            "id": "grid.5645.2",
            "name": "Erasmus University Medical Center",
            "linkout": [
                "http://www.erasmusmc.nl/"
            ],
            "country_name": "Netherlands",
            "types": [
                "Healthcare"
            ],
            "latitude": 51.91,
            "state_name": "Zuid-Holland",
            "city_name": "Rotterdam",
            "longitude": 4.4675
        },
        {
            "id": "grid.258269.2",
            "name": "Juntendo University",
            "linkout": [
                "http://www.juntendo.ac.jp/english/"
            ],
            "country_name": "Japan",
            "types": [
                "Education"
            ],
            "latitude": 35.70222,
            "city_name": "Tokyo",
            "longitude": 139.76083
        }
    ],
    "year": 2013,
    "references": [
        "pub.1038542882",
        "pub.1078742859",
        "pub.1009991551",
        "pub.1034850206",
        "pub.1017316824",
        "pub.1083245796",
        "pub.1010273472",
        "pub.1062611964",
        "pub.1020300042",
        "pub.1060399308",
        "pub.1051316131",
        "pub.1075805926",
        "pub.1050516195",
        "pub.1003231121",
        "pub.1030937184",
        "pub.1013973792",
        "pub.1019190576",
        "pub.1043009777",
        "pub.1043528619",
        "pub.1077965409",
        "pub.1017752997",
        "pub.1025710658",
        "pub.1031053265",
        "pub.1010127717",
        "pub.1043875870",
        "pub.1062652796",
        "pub.1041655537",
        "pub.1010869788"
    ],
    "id": "pub.1026049489",
    "research_org_country_names": [
        "Japan",
        "Netherlands",
        "United States"
    ],
    "date": "2013-12-15",
    "research_org_state_codes": [
        {
            "id": "US-FL",
            "name": "Florida"
        }
    ],
    "researchers": [
        {
            "id": "ur.0646446740.49",
            "research_orgs": [
                "grid.26999.3d",
                "grid.414947.b",
                "grid.258269.2"
            ],
            "last_name": "Ohnuma",
            "first_name": "Kei"
        },
        {
            "id": "ur.015465550657.43",
            "research_orgs": [
                "grid.410711.2",
                "grid.5645.2",
                "grid.5477.1",
                "grid.414142.6",
                "grid.424716.2",
                "grid.416738.f",
                "grid.452122.2",
                "grid.415773.3",
                "grid.417100.3",
                "grid.7080.f",
                "grid.7177.6",
                "grid.6906.9"
            ],
            "last_name": "Haagmans",
            "first_name": "Bart L",
            "orcid_id": [
                "0000-0001-6221-2015"
            ]
        },
        {
            "id": "ur.01330420172.11",
            "research_orgs": [
                "grid.26999.3d",
                "grid.258269.2"
            ],
            "last_name": "Hatano",
            "first_name": "Ryo"
        },
        {
            "id": "ur.01310002241.32",
            "research_orgs": [
                "grid.416738.f",
                "grid.462378.c",
                "grid.5477.1",
                "grid.5645.2",
                "grid.415773.3",
                "grid.464531.1",
                "grid.4861.b",
                "grid.452122.2"
            ],
            "last_name": "Raj",
            "first_name": "Victor Stalin",
            "orcid_id": [
                "0000-0003-2250-8481"
            ]
        },
        {
            "id": "ur.01127131202.23",
            "research_orgs": [
                "grid.5477.1"
            ],
            "last_name": "Mou",
            "first_name": "Huihui"
        },
        {
            "id": "ur.01337410152.19",
            "research_orgs": [
                "grid.7372.1",
                "grid.465239.f",
                "grid.258799.8",
                "grid.18785.33",
                "grid.76978.37",
                "grid.4372.2",
                "grid.27476.30",
                "grid.410794.f",
                "grid.26999.3d",
                "grid.65499.37",
                "grid.47716.33",
                "grid.1010.0",
                "grid.481551.c",
                "grid.258269.2",
                "grid.8993.b",
                "grid.419082.6",
                "grid.7445.2",
                "grid.7597.c",
                "grid.1018.8",
                "grid.38142.3c",
                "grid.419494.5",
                "grid.143643.7"
            ],
            "last_name": "Iwata",
            "first_name": "Satoshi"
        },
        {
            "id": "ur.01235651240.23",
            "research_orgs": [
                "grid.420234.3",
                "grid.65499.37",
                "grid.413116.0",
                "grid.26999.3d",
                "grid.15276.37",
                "grid.419849.9",
                "grid.413693.a",
                "grid.240145.6"
            ],
            "last_name": "Dang",
            "first_name": "Nam Hoang"
        },
        {
            "id": "ur.01016640551.49",
            "research_orgs": [
                "grid.55614.33",
                "grid.4818.5",
                "grid.5477.1"
            ],
            "last_name": "Bosch",
            "first_name": "Berend-Jan"
        },
        {
            "id": "ur.01257751664.41",
            "research_orgs": [
                "grid.420234.3",
                "grid.252427.4",
                "grid.420086.8",
                "grid.26091.3c",
                "grid.38142.3c",
                "grid.410795.e",
                "grid.48336.3a",
                "grid.26999.3d",
                "grid.65499.37",
                "grid.418021.e",
                "grid.486756.e",
                "grid.240145.6",
                "grid.258269.2",
                "grid.415020.2"
            ],
            "last_name": "Morimoto",
            "first_name": "Chikao"
        }
    ],
    "relative_citation_ratio": 1.89,
    "type": "article",
    "volume": "87",
    "pmcid": "PMC3838260"
}