{
    "volume": "274",
    "date": "1999-06-11",
    "title": "Calreticulin Is Expressed on the Cell Surface of Activated Human Peripheral Blood T Lymphocytes in Association with Major Histocompatibility Complex Class I Molecules",
    "researchers": [
        {
            "id": "ur.01163663101.86",
            "last_name": "Arosa",
            "first_name": "Fernando A",
            "orcid_id": [
                "0000-0002-7209-4507"
            ],
            "research_orgs": [
                "grid.421335.2",
                "grid.5808.5",
                "grid.5606.5",
                "grid.7427.6"
            ]
        },
        {
            "id": "ur.01300175764.00",
            "last_name": "Porto",
            "first_name": "Gra\u00e7a",
            "orcid_id": [
                "0000-0002-1923-4638"
            ],
            "research_orgs": [
                "grid.418340.a",
                "grid.5808.5",
                "grid.413438.9"
            ]
        },
        {
            "id": "ur.0746025713.08",
            "last_name": "Carmo",
            "first_name": "Alexandre M",
            "orcid_id": [
                "0000-0002-2508-9799"
            ],
            "research_orgs": [
                "grid.4991.5",
                "grid.5808.5"
            ]
        },
        {
            "id": "ur.01067012756.16",
            "last_name": "De Sousa",
            "first_name": "Maria Mafalda Vieira Pereira Gon\u00e7alves",
            "orcid_id": [
                "0000-0002-4552-185X"
            ],
            "research_orgs": [
                "grid.5386.8",
                "grid.51462.34",
                "grid.62560.37",
                "grid.413734.6",
                "grid.38142.3c",
                "grid.239395.7",
                "grid.5808.5",
                "grid.13339.3b"
            ]
        }
    ],
    "pages": "16917-16922",
    "research_org_cities": [
        {
            "id": 2735943,
            "name": "Porto"
        }
    ],
    "open_access": [
        "Open Access - all",
        "Open Access - publisher",
        "Open Access - published"
    ],
    "research_org_countries": [
        {
            "id": "PT",
            "name": "Portugal"
        }
    ],
    "doi": "10.1074/jbc.274.24.16917",
    "FOR": [
        {
            "id": "3103",
            "name": "1107 Immunology"
        }
    ],
    "times_cited": 106,
    "research_orgs": [
        {
            "id": "grid.5808.5",
            "types": [
                "Education"
            ],
            "longitude": -8.615786,
            "linkout": [
                "http://sigarra.up.pt/up/en/WEB_BASE.GERA_PAGINA?p_pagina=home"
            ],
            "latitude": 41.146465,
            "name": "University of Porto",
            "city_name": "Porto",
            "country_name": "Portugal"
        }
    ],
    "pmid": "10358038",
    "research_org_country_names": [
        "Portugal"
    ],
    "id": "pub.1006026368",
    "issue": "24",
    "journal": {
        "id": "jour.1077138",
        "title": "Journal of Biological Chemistry"
    },
    "year": 1999,
    "references": [
        "pub.1039249731",
        "pub.1045527663",
        "pub.1028891744",
        "pub.1022027116",
        "pub.1042791498",
        "pub.1082567047",
        "pub.1034474167",
        "pub.1083318558",
        "pub.1028548811",
        "pub.1056438837",
        "pub.1004091256",
        "pub.1026543613",
        "pub.1035193656",
        "pub.1027612992",
        "pub.1062557835",
        "pub.1044029995",
        "pub.1016543146",
        "pub.1016670751",
        "pub.1022576246",
        "pub.1037891939",
        "pub.1049084817",
        "pub.1052394212",
        "pub.1024165775",
        "pub.1001956030",
        "pub.1039276969",
        "pub.1023978142",
        "pub.1030744074",
        "pub.1082823601",
        "pub.1061837166",
        "pub.1028476730",
        "pub.1076869601",
        "pub.1083111453",
        "pub.1079936997",
        "pub.1021430369",
        "pub.1007394078",
        "pub.1000135136",
        "pub.1082624790",
        "pub.1003388239",
        "pub.1023441793",
        "pub.1000539455",
        "pub.1083047840",
        "pub.1037511730",
        "pub.1082787896",
        "pub.1032379913",
        "pub.1036958368",
        "pub.1081691050",
        "pub.1045707181",
        "pub.1055161062",
        "pub.1083268884",
        "pub.1042982044",
        "pub.1083246500",
        "pub.1083030249",
        "pub.1082409906",
        "pub.1044087281",
        "pub.1031985865",
        "pub.1026573235",
        "pub.1062653074",
        "pub.1082935635",
        "pub.1023338763",
        "pub.1040615775",
        "pub.1082441045",
        "pub.1007003688"
    ],
    "relative_citation_ratio": 2.02,
    "author_affiliations": [
        [
            {
                "first_name": "Fernando A.",
                "last_name": "Arosa",
                "initials": "",
                "corresponding": "",
                "orcid": "['0000-0002-7209-4507']",
                "current_organization_id": "grid.7427.6",
                "researcher_id": "ur.01163663101.86",
                "affiliations": [
                    {
                        "id": "grid.5808.5",
                        "name": "University of Porto",
                        "city": "Porto",
                        "city_id": 2735943,
                        "country": "Portugal",
                        "country_code": "PT",
                        "state": null,
                        "state_code": null
                    }
                ]
            },
            {
                "first_name": "Orlando",
                "last_name": "de Jesus",
                "initials": "",
                "corresponding": "",
                "orcid": "",
                "current_organization_id": "",
                "researcher_id": "",
                "affiliations": [
                    {
                        "id": "grid.5808.5",
                        "name": "University of Porto",
                        "city": "Porto",
                        "city_id": 2735943,
                        "country": "Portugal",
                        "country_code": "PT",
                        "state": null,
                        "state_code": null
                    }
                ]
            },
            {
                "first_name": "Gra\u00e7a",
                "last_name": "Porto",
                "initials": "",
                "corresponding": "",
                "orcid": "['0000-0002-1923-4638']",
                "current_organization_id": "grid.5808.5",
                "researcher_id": "ur.01300175764.00",
                "affiliations": [
                    {
                        "id": "grid.5808.5",
                        "name": "University of Porto",
                        "city": "Porto",
                        "city_id": 2735943,
                        "country": "Portugal",
                        "country_code": "PT",
                        "state": null,
                        "state_code": null
                    }
                ]
            },
            {
                "first_name": "Alexandre M.",
                "last_name": "Carmo",
                "initials": "",
                "corresponding": "",
                "orcid": "['0000-0002-2508-9799']",
                "current_organization_id": "grid.5808.5",
                "researcher_id": "ur.0746025713.08",
                "affiliations": [
                    {
                        "id": "grid.5808.5",
                        "name": "University of Porto",
                        "city": "Porto",
                        "city_id": 2735943,
                        "country": "Portugal",
                        "country_code": "PT",
                        "state": null,
                        "state_code": null
                    }
                ]
            },
            {
                "first_name": "Maria",
                "last_name": "de Sousa",
                "initials": "",
                "corresponding": "",
                "orcid": "['0000-0002-4552-185X']",
                "current_organization_id": "grid.5808.5",
                "researcher_id": "ur.01067012756.16",
                "affiliations": [
                    {
                        "id": "grid.5808.5",
                        "name": "University of Porto",
                        "city": "Porto",
                        "city_id": 2735943,
                        "country": "Portugal",
                        "country_code": "PT",
                        "state": null,
                        "state_code": null
                    }
                ]
            }
        ]
    ],
    "type": "article"
}