{
    "volume": "54",
    "date": "2018-01-01",
    "title": "CANINE DISTEMPER VIRUS IN A WILD FAR EASTERN LEOPARD (PANTHERA PARDUS ORIENTALIS)",
    "researchers": [
        {
            "id": "ur.0756505445.54",
            "last_name": "Sulikhan",
            "first_name": "Nadezhda S",
            "research_orgs": [
                "grid.417808.2",
                "grid.465314.1"
            ]
        },
        {
            "id": "ur.01335775351.14",
            "last_name": "Gilbert",
            "first_name": "Martin",
            "research_orgs": [
                "grid.439146.d",
                "grid.5386.8",
                "grid.8756.c",
                "grid.28803.31",
                "grid.269823.4",
                "grid.27860.3b"
            ]
        },
        {
            "id": "ur.011303517713.20",
            "last_name": "Blidchenko",
            "first_name": "Ekaterina Y",
            "research_orgs": [
                "grid.4886.2"
            ]
        },
        {
            "id": "ur.014655074727.09",
            "last_name": "Naidenko",
            "first_name": "Sergei V",
            "research_orgs": [
                "grid.4886.2"
            ]
        },
        {
            "id": "ur.0755252101.93",
            "last_name": "Ivanchuk",
            "first_name": "Galina V",
            "research_orgs": [
                "grid.446281.d"
            ]
        },
        {
            "id": "ur.01017547126.06",
            "last_name": "Gorpenchenko",
            "first_name": "Tatiana Y",
            "orcid_id": [
                "0000-0002-9419-7523"
            ],
            "research_orgs": [
                "grid.417808.2"
            ]
        },
        {
            "id": "ur.015067002313.69",
            "last_name": "Shevtsova",
            "first_name": "Elena I",
            "research_orgs": [
                "grid.494283.0"
            ]
        },
        {
            "id": "ur.01057715423.92",
            "last_name": "Goodrich",
            "first_name": "John M",
            "research_orgs": [
                "grid.135963.b",
                "grid.452670.2",
                "grid.269823.4"
            ]
        },
        {
            "id": "ur.01174144023.45",
            "last_name": "Lewis",
            "first_name": "John C M"
        },
        {
            "id": "ur.01072734045.37",
            "last_name": "Goncharuk",
            "first_name": "Mikhail S",
            "research_orgs": [
                "grid.20419.3e"
            ]
        },
        {
            "id": "ur.01036517221.03",
            "last_name": "Uphyrkina",
            "first_name": "Olga V",
            "research_orgs": [
                "grid.48336.3a",
                "grid.4886.2",
                "grid.417808.2",
                "grid.465314.1"
            ]
        },
        {
            "id": "ur.01103026201.03",
            "last_name": "Rozhnov",
            "first_name": "Vyatcheslav V",
            "research_orgs": [
                "grid.4886.2"
            ]
        },
        {
            "id": "ur.01275415542.55",
            "last_name": "Shedko",
            "first_name": "Sergey V",
            "research_orgs": [
                "grid.417808.2"
            ]
        },
        {
            "id": "ur.01312500367.91",
            "last_name": "Mcaloose",
            "first_name": "Denise",
            "research_orgs": [
                "grid.467700.2",
                "grid.269823.4",
                "grid.422956.e",
                "grid.25879.31",
                "grid.135963.b",
                "grid.27860.3b"
            ]
        },
        {
            "id": "ur.01356505623.03",
            "last_name": "Miquelle",
            "first_name": "Dale G",
            "research_orgs": [
                "grid.17635.36",
                "grid.266456.5",
                "grid.47840.3f",
                "grid.465314.1",
                "grid.48336.3a",
                "grid.269823.4",
                "grid.440624.0",
                "grid.47100.32"
            ]
        },
        {
            "id": "ur.01331007457.48",
            "last_name": "Seimon",
            "first_name": "Tracie Alexis",
            "research_orgs": [
                "grid.417701.4",
                "grid.413734.6",
                "grid.269823.4",
                "grid.239585.0",
                "grid.266100.3",
                "grid.21729.3f"
            ]
        }
    ],
    "research_org_state_codes": [
        {
            "id": "US-NY",
            "name": "New York"
        }
    ],
    "altmetric": 58.0,
    "pages": "170-174",
    "research_org_cities": [
        {
            "id": 2645889,
            "name": "Keighley"
        },
        {
            "id": 2013348,
            "name": "Vladivostok"
        },
        {
            "id": 524901,
            "name": "Moscow"
        },
        {
            "id": 5128581,
            "name": "New York City"
        },
        {
            "id": 2014006,
            "name": "Ussuriysk"
        },
        {
            "id": 2643743,
            "name": "London"
        }
    ],
    "research_org_countries": [
        {
            "id": "RU",
            "name": "Russia"
        },
        {
            "id": "GB",
            "name": "United Kingdom"
        },
        {
            "id": "US",
            "name": "United States"
        }
    ],
    "doi": "10.7589/2017-03-065",
    "FOR": [
        {
            "id": "2620",
            "name": "0604 Genetics"
        }
    ],
    "research_orgs": [
        {
            "id": "grid.417808.2",
            "acronym": "FEB RAS",
            "types": [
                "Facility"
            ],
            "longitude": 131.92487,
            "linkout": [
                "http://old.febras.ru/institutes_.html"
            ],
            "latitude": 43.197975,
            "name": "Far East Branch of the Russian Academy of Sciences",
            "city_name": "Vladivostok",
            "country_name": "Russia"
        },
        {
            "id": "grid.269823.4",
            "acronym": "WCS",
            "state_name": "New York",
            "types": [
                "Archive"
            ],
            "longitude": -73.8787,
            "linkout": [
                "http://www.wcs.org/"
            ],
            "latitude": 40.850433,
            "name": "Wildlife Conservation Society",
            "city_name": "New York",
            "country_name": "United States"
        },
        {
            "id": "grid.446281.d",
            "types": [
                "Education"
            ],
            "longitude": 131.9833,
            "linkout": [
                "http://www.primacad.ru/"
            ],
            "latitude": 43.806515,
            "name": "Primorskaya State Academy of Agriculture",
            "city_name": "Ussuriysk",
            "country_name": "Russia"
        },
        {
            "id": "grid.20419.3e",
            "acronym": "ZSL",
            "state_name": "Camden",
            "types": [
                "Nonprofit"
            ],
            "longitude": -0.1575,
            "linkout": [
                "http://www.zsl.org/"
            ],
            "latitude": 51.5357,
            "name": "Zoological Society of London",
            "city_name": "London",
            "country_name": "United Kingdom"
        },
        {
            "id": "grid.452670.2",
            "state_name": "New York",
            "types": [
                "Nonprofit"
            ],
            "longitude": -73.98244,
            "linkout": [
                "http://www.panthera.org/"
            ],
            "latitude": 40.752434,
            "name": "Panthera Corporation",
            "city_name": "New York",
            "country_name": "United States"
        },
        {
            "id": "grid.4886.2",
            "acronym": "RAS",
            "types": [
                "Government"
            ],
            "longitude": 37.577812,
            "linkout": [
                "http://www.ras.ru/"
            ],
            "latitude": 55.710793,
            "name": "Russian Academy of Sciences",
            "city_name": "Moscow",
            "country_name": "Russia"
        }
    ],
    "times_cited": 9,
    "pmid": "29053427",
    "funders": [
        {
            "id": "grid.418100.c",
            "acronym": "BBSRC",
            "state_name": "Wiltshire",
            "types": [
                "Government"
            ],
            "longitude": -1.784771,
            "linkout": [
                "http://www.bbsrc.ac.uk/"
            ],
            "latitude": 51.566742,
            "name": "Biotechnology and Biological Sciences Research Council",
            "city_name": "Swindon",
            "country_name": "United Kingdom"
        },
        {
            "id": "grid.453045.3",
            "acronym": "MAF",
            "state_name": "Colorado",
            "types": [
                "Nonprofit"
            ],
            "longitude": -104.867455,
            "linkout": [
                "http://www.morrisanimalfoundation.org/"
            ],
            "latitude": 39.65641,
            "name": "Morris Animal Foundation",
            "city_name": "Denver",
            "country_name": "United States"
        }
    ],
    "research_org_country_names": [
        "Russia",
        "United Kingdom",
        "United States"
    ],
    "id": "pub.1092328350",
    "issue": "1",
    "journal": {
        "id": "jour.1013522",
        "title": "Journal of Wildlife Diseases"
    },
    "year": 2018,
    "references": [
        "pub.1027697537",
        "pub.1007540814",
        "pub.1036683928",
        "pub.1015988513",
        "pub.1014912597",
        "pub.1043383731",
        "pub.1039644289",
        "pub.1016045762",
        "pub.1060359922",
        "pub.1053273961",
        "pub.1010568949",
        "pub.1032092830",
        "pub.1010652991",
        "pub.1080187237",
        "pub.1044369717",
        "pub.1001973902",
        "pub.1034908561",
        "pub.1093150491"
    ],
    "relative_citation_ratio": 2.31,
    "research_org_state_names": [
        "New York"
    ],
    "author_affiliations": [
        [
            {
                "first_name": "Nadezhda S.",
                "last_name": "Sulikhan",
                "initials": "",
                "corresponding": "",
                "orcid": "",
                "current_organization_id": "grid.465314.1",
                "researcher_id": "ur.0756505445.54",
                "affiliations": [
                    {
                        "id": "grid.417808.2",
                        "name": "Far East Branch of the Russian Academy of Sciences",
                        "city": "Vladivostok",
                        "city_id": 2013348,
                        "country": "Russia",
                        "country_code": "RU",
                        "state": null,
                        "state_code": null
                    }
                ]
            },
            {
                "first_name": "Martin",
                "last_name": "Gilbert",
                "initials": "",
                "corresponding": "",
                "orcid": "",
                "current_organization_id": "grid.5386.8",
                "researcher_id": "ur.01335775351.14",
                "affiliations": [
                    {
                        "id": "grid.269823.4",
                        "name": "Wildlife Conservation Society",
                        "city": "New York",
                        "city_id": 5128581,
                        "country": "United States",
                        "country_code": "US",
                        "state": "New York",
                        "state_code": "US-NY"
                    }
                ]
            },
            {
                "first_name": "Ekaterina Yu.",
                "last_name": "Blidchenko",
                "initials": "",
                "corresponding": "",
                "orcid": "",
                "current_organization_id": "grid.4886.2",
                "researcher_id": "ur.011303517713.20",
                "affiliations": [
                    {
                        "name": "Land of the Leopard National Park, Prospekt 100 letiya Vladivostoka 127, Vladivostok, 690068, Russia"
                    }
                ]
            },
            {
                "first_name": "Sergei V.",
                "last_name": "Naidenko",
                "initials": "",
                "corresponding": "",
                "orcid": "",
                "current_organization_id": "grid.4886.2",
                "researcher_id": "ur.014655074727.09",
                "affiliations": [
                    {
                        "id": "grid.4886.2",
                        "name": "Russian Academy of Sciences",
                        "city": "Moscow",
                        "city_id": 524901,
                        "country": "Russia",
                        "country_code": "RU",
                        "state": null,
                        "state_code": null
                    }
                ]
            },
            {
                "first_name": "Galina V.",
                "last_name": "Ivanchuk",
                "initials": "",
                "corresponding": "",
                "orcid": "",
                "current_organization_id": "grid.446281.d",
                "researcher_id": "ur.0755252101.93",
                "affiliations": [
                    {
                        "id": "grid.446281.d",
                        "name": "Primorskaya State Academy of Agriculture",
                        "city": "Ussuriysk",
                        "city_id": 2014006,
                        "country": "Russia",
                        "country_code": "RU",
                        "state": null,
                        "state_code": null
                    }
                ]
            },
            {
                "first_name": "Tatiana Yu.",
                "last_name": "Gorpenchenko",
                "initials": "",
                "corresponding": "",
                "orcid": "['0000-0002-9419-7523']",
                "current_organization_id": "grid.417808.2",
                "researcher_id": "ur.01017547126.06",
                "affiliations": [
                    {
                        "id": "grid.417808.2",
                        "name": "Far East Branch of the Russian Academy of Sciences",
                        "city": "Vladivostok",
                        "city_id": 2013348,
                        "country": "Russia",
                        "country_code": "RU",
                        "state": null,
                        "state_code": null
                    }
                ]
            },
            {
                "first_name": "Mikhail V.",
                "last_name": "Alshinetskiy",
                "initials": "",
                "corresponding": "",
                "orcid": "",
                "current_organization_id": "",
                "researcher_id": "",
                "affiliations": [
                    {
                        "name": "Moscow Zoo, Bol'shaya Gruzinskaya Ulitsa 1, Moscow, 123242, Russia"
                    }
                ]
            },
            {
                "first_name": "Elena I.",
                "last_name": "Shevtsova",
                "initials": "",
                "corresponding": "",
                "orcid": "",
                "current_organization_id": "grid.494283.0",
                "researcher_id": "ur.015067002313.69",
                "affiliations": [
                    {
                        "name": "Land of the Leopard National Park, Prospekt 100 letiya Vladivostoka 127, Vladivostok, 690068, Russia"
                    }
                ]
            },
            {
                "first_name": "John M.",
                "last_name": "Goodrich",
                "initials": "",
                "corresponding": "",
                "orcid": "",
                "current_organization_id": "grid.452670.2",
                "researcher_id": "ur.01057715423.92",
                "affiliations": [
                    {
                        "id": "grid.452670.2",
                        "name": "Panthera Corporation",
                        "city": "New York",
                        "city_id": 5128581,
                        "country": "United States",
                        "country_code": "US",
                        "state": "New York",
                        "state_code": "US-NY"
                    }
                ]
            },
            {
                "first_name": "John C. M.",
                "last_name": "Lewis",
                "initials": "",
                "corresponding": "",
                "orcid": "",
                "current_organization_id": "",
                "researcher_id": "ur.01174144023.45",
                "affiliations": [
                    {
                        "name": "Wildlife Vets International, Keighley Business Centre, South Street, Keighley BD21 1AG, UK"
                    }
                ]
            },
            {
                "first_name": "Mikhail S.",
                "last_name": "Goncharuk",
                "initials": "",
                "corresponding": "",
                "orcid": "",
                "current_organization_id": "grid.20419.3e",
                "researcher_id": "ur.01072734045.37",
                "affiliations": [
                    {
                        "id": "grid.20419.3e",
                        "name": "Zoological Society of London",
                        "city": "London",
                        "city_id": 2643743,
                        "country": "United Kingdom",
                        "country_code": "GB",
                        "state": null,
                        "state_code": null
                    }
                ]
            },
            {
                "first_name": "Olga V.",
                "last_name": "Uphyrkina",
                "initials": "",
                "corresponding": "",
                "orcid": "",
                "current_organization_id": "grid.417808.2",
                "researcher_id": "ur.01036517221.03",
                "affiliations": [
                    {
                        "id": "grid.417808.2",
                        "name": "Far East Branch of the Russian Academy of Sciences",
                        "city": "Vladivostok",
                        "city_id": 2013348,
                        "country": "Russia",
                        "country_code": "RU",
                        "state": null,
                        "state_code": null
                    }
                ]
            },
            {
                "first_name": "Vyatcheslav V.",
                "last_name": "Rozhnov",
                "initials": "",
                "corresponding": "",
                "orcid": "",
                "current_organization_id": "grid.4886.2",
                "researcher_id": "ur.01103026201.03",
                "affiliations": [
                    {
                        "id": "grid.4886.2",
                        "name": "Russian Academy of Sciences",
                        "city": "Moscow",
                        "city_id": 524901,
                        "country": "Russia",
                        "country_code": "RU",
                        "state": null,
                        "state_code": null
                    }
                ]
            },
            {
                "first_name": "Sergey V.",
                "last_name": "Shedko",
                "initials": "",
                "corresponding": "",
                "orcid": "",
                "current_organization_id": "grid.417808.2",
                "researcher_id": "ur.01275415542.55",
                "affiliations": [
                    {
                        "id": "grid.417808.2",
                        "name": "Far East Branch of the Russian Academy of Sciences",
                        "city": "Vladivostok",
                        "city_id": 2013348,
                        "country": "Russia",
                        "country_code": "RU",
                        "state": null,
                        "state_code": null
                    }
                ]
            },
            {
                "first_name": "Denise",
                "last_name": "McAloose",
                "initials": "",
                "corresponding": "",
                "orcid": "",
                "current_organization_id": "grid.269823.4",
                "researcher_id": "ur.01312500367.91",
                "affiliations": [
                    {
                        "id": "grid.269823.4",
                        "name": "Wildlife Conservation Society",
                        "city": "New York",
                        "city_id": 5128581,
                        "country": "United States",
                        "country_code": "US",
                        "state": "New York",
                        "state_code": "US-NY"
                    }
                ]
            },
            {
                "first_name": "Dale G.",
                "last_name": "Miquelle",
                "initials": "",
                "corresponding": "",
                "orcid": "",
                "current_organization_id": "grid.269823.4",
                "researcher_id": "ur.01356505623.03",
                "affiliations": [
                    {
                        "id": "grid.269823.4",
                        "name": "Wildlife Conservation Society",
                        "city": "New York",
                        "city_id": 5128581,
                        "country": "United States",
                        "country_code": "US",
                        "state": "New York",
                        "state_code": "US-NY"
                    }
                ]
            },
            {
                "first_name": "Tracie A.",
                "last_name": "Seimon",
                "initials": "",
                "corresponding": "",
                "orcid": "",
                "current_organization_id": "grid.269823.4",
                "researcher_id": "ur.01331007457.48",
                "affiliations": [
                    {
                        "id": "grid.269823.4",
                        "name": "Wildlife Conservation Society",
                        "city": "New York",
                        "city_id": 5128581,
                        "country": "United States",
                        "country_code": "US",
                        "state": "New York",
                        "state_code": "US-NY"
                    }
                ]
            }
        ]
    ],
    "type": "article"
}