{
    "author_affiliations": [
        [
            {
                "first_name": "Robert S.",
                "last_name": "Sikes",
                "initials": "",
                "corresponding": "",
                "orcid": "",
                "current_organization_id": "grid.265960.e",
                "researcher_id": "ur.0765501263.29",
                "affiliations": [
                    {
                        "id": "grid.265960.e",
                        "name": "University of Arkansas at Little Rock",
                        "city": "Little Rock",
                        "city_id": 4119403,
                        "country": "United States",
                        "country_code": "US",
                        "state": "Arkansas",
                        "state_code": "US-AR"
                    }
                ]
            },
            {
                "first_name": "William L.",
                "last_name": "Gannon",
                "initials": "",
                "corresponding": "",
                "orcid": "",
                "current_organization_id": "grid.266832.b",
                "researcher_id": "ur.01133671030.73",
                "affiliations": [
                    {
                        "id": "grid.266832.b",
                        "name": "University of New Mexico",
                        "city": "Albuquerque",
                        "city_id": 5454711,
                        "country": "United States",
                        "country_code": "US",
                        "state": "New Mexico",
                        "state_code": "US-NM"
                    }
                ]
            }
        ]
    ],
    "FOR": [
        {
            "id": "2558",
            "name": "0502 Environmental Science and Management"
        }
    ],
    "research_org_countries": [
        {
            "id": "US",
            "name": "United States"
        }
    ],
    "title": "Guidelines of the American Society of Mammalogists for the use of wild mammals in research",
    "research_org_cities": [
        {
            "id": 4119403,
            "name": "Little Rock"
        },
        {
            "id": 5454711,
            "name": "Albuquerque"
        }
    ],
    "pages": "235-253",
    "issue": "1",
    "research_org_state_names": [
        "Arkansas",
        "New Mexico"
    ],
    "open_access": [
        "Open Access - all",
        "Open Access - publisher",
        "Open Access - published"
    ],
    "doi": "10.1644/10-mamm-f-355.1",
    "times_cited": 1605,
    "journal": {
        "id": "jour.1077098",
        "title": "Journal of Mammalogy"
    },
    "year": 2011,
    "research_orgs": [
        {
            "id": "grid.265960.e",
            "name": "University of Arkansas at Little Rock",
            "linkout": [
                "http://ualr.edu/"
            ],
            "country_name": "United States",
            "types": [
                "Education"
            ],
            "latitude": 34.722473,
            "acronym": "UALR",
            "state_name": "Arkansas",
            "city_name": "Little Rock",
            "longitude": -92.34065
        },
        {
            "id": "grid.266832.b",
            "name": "University of New Mexico",
            "linkout": [
                "http://www.unm.edu/"
            ],
            "country_name": "United States",
            "types": [
                "Education"
            ],
            "latitude": 35.08389,
            "acronym": "UNM",
            "state_name": "New Mexico",
            "city_name": "Albuquerque",
            "longitude": -106.61861
        }
    ],
    "id": "pub.1019375087",
    "references": [
        "pub.1019201846",
        "pub.1070456118",
        "pub.1043277133",
        "pub.1069460011",
        "pub.1074489731",
        "pub.1046822887",
        "pub.1069460584",
        "pub.1069463129",
        "pub.1069459850",
        "pub.1017545003",
        "pub.1069455212",
        "pub.1041877172",
        "pub.1062446670",
        "pub.1016839888",
        "pub.1069461660",
        "pub.1069458081",
        "pub.1083281436",
        "pub.1069926940",
        "pub.1018928226",
        "pub.1012656618",
        "pub.1069462154",
        "pub.1069463481",
        "pub.1070458081",
        "pub.1070458131",
        "pub.1008300754",
        "pub.1069660999",
        "pub.1069462659",
        "pub.1069460136",
        "pub.1059805813",
        "pub.1025968809",
        "pub.1069463160"
    ],
    "research_org_country_names": [
        "United States"
    ],
    "date": "2011-02-16",
    "research_org_state_codes": [
        {
            "id": "US-AR",
            "name": "Arkansas"
        },
        {
            "id": "US-NM",
            "name": "New Mexico"
        }
    ],
    "researchers": [
        {
            "id": "ur.0765501263.29",
            "research_orgs": [
                "grid.267193.8",
                "grid.265960.e"
            ],
            "last_name": "Sikes",
            "first_name": "Robert S"
        },
        {
            "id": "ur.01133671030.73",
            "research_orgs": [
                "grid.256302.0",
                "grid.269823.4",
                "grid.266832.b"
            ],
            "last_name": "Gannon",
            "first_name": "William L"
        }
    ],
    "type": "article",
    "volume": "92"
}