{
    "volume": "98",
    "date": "2017-08-01",
    "title": "Immune Checkpoint Inhibition in Cancers that Affect the Head and Neck",
    "researchers": [
        {
            "id": "ur.011460736533.07",
            "last_name": "Parameswaran",
            "first_name": "Janaki",
            "research_orgs": [
                "grid.47100.32",
                "grid.417307.6",
                "grid.468198.a"
            ]
        },
        {
            "id": "ur.01142756570.25",
            "last_name": "Burtness",
            "first_name": "Barbara Ann",
            "research_orgs": [
                "grid.251993.5",
                "grid.473665.5",
                "grid.21107.35",
                "grid.469474.c",
                "grid.240473.6",
                "grid.51462.34",
                "grid.477024.2",
                "grid.152326.1",
                "grid.433818.5",
                "grid.38142.3c",
                "grid.47100.32",
                "grid.412094.a",
                "grid.21925.3d",
                "grid.273206.2",
                "grid.417587.8",
                "grid.412530.1"
            ]
        }
    ],
    "altmetric": 1.0,
    "pages": "969-973",
    "doi": "10.1016/j.ijrobp.2017.03.003",
    "times_cited": 2,
    "pmid": "28721906",
    "id": "pub.1090570944",
    "issue": "5",
    "journal": {
        "id": "jour.1085033",
        "title": "International Journal of Radiation Oncology \u2022 Biology \u2022 Physics"
    },
    "year": 2017,
    "references": [
        "pub.1001824442",
        "pub.1014027039",
        "pub.1012890521",
        "pub.1010735855",
        "pub.1044298464",
        "pub.1031603011",
        "pub.1018231040",
        "pub.1036127576",
        "pub.1024418876",
        "pub.1074654632",
        "pub.1036010642",
        "pub.1062712580",
        "pub.1031533236",
        "pub.1006912212",
        "pub.1027540741",
        "pub.1036710957",
        "pub.1049107817",
        "pub.1006534187",
        "pub.1027076842",
        "pub.1048274034",
        "pub.1049516705",
        "pub.1006358651"
    ],
    "relative_citation_ratio": 0.1,
    "author_affiliations": [
        [
            {
                "first_name": "Janaki",
                "last_name": "Parameswaran",
                "initials": "",
                "corresponding": "",
                "orcid": "",
                "current_organization_id": "grid.47100.32",
                "researcher_id": "ur.011460736533.07",
                "affiliations": []
            },
            {
                "first_name": "Barbara",
                "last_name": "Burtness",
                "initials": "",
                "corresponding": "",
                "orcid": "",
                "current_organization_id": "grid.47100.32",
                "researcher_id": "ur.01142756570.25",
                "affiliations": []
            }
        ]
    ],
    "type": "article"
}