{
    "pmid": "11906616",
    "author_affiliations": [
        [
            {
                "first_name": "Yukiya",
                "last_name": "Hakozaki",
                "initials": "",
                "corresponding": "",
                "orcid": "",
                "current_organization_id": "grid.265074.2",
                "researcher_id": "ur.01021255170.05",
                "affiliations": [
                    {
                        "name": "Department of Internal Medicine, Japan Defense Forces Central Hospital, Tokyo, Japan;"
                    }
                ]
            },
            {
                "first_name": "Makoto",
                "last_name": "Yoshiba",
                "initials": "",
                "corresponding": "",
                "orcid": "",
                "current_organization_id": "grid.412808.7",
                "researcher_id": "ur.01046567420.79",
                "affiliations": [
                    {
                        "id": "grid.412808.7",
                        "name": "Showa University Fujigaoka Hospital",
                        "city": "Yokohama",
                        "city_id": 1848354,
                        "country": "Japan",
                        "country_code": "JP",
                        "state": null,
                        "state_code": null
                    }
                ]
            },
            {
                "first_name": "Kazuhiko",
                "last_name": "Sekiyama",
                "initials": "",
                "corresponding": "",
                "orcid": "",
                "current_organization_id": "",
                "researcher_id": "ur.01237132265.83",
                "affiliations": [
                    {
                        "id": "grid.412808.7",
                        "name": "Showa University Fujigaoka Hospital",
                        "city": "Yokohama",
                        "city_id": 1848354,
                        "country": "Japan",
                        "country_code": "JP",
                        "state": null,
                        "state_code": null
                    }
                ]
            },
            {
                "first_name": "Eiji",
                "last_name": "Seike",
                "initials": "",
                "corresponding": "",
                "orcid": "",
                "current_organization_id": "grid.413411.2",
                "researcher_id": "ur.01006173451.87",
                "affiliations": [
                    {
                        "name": "Department of Internal Medicine, Japan Defense Forces Central Hospital, Tokyo, Japan;"
                    }
                ]
            },
            {
                "first_name": "Junichi",
                "last_name": "Iwamoto",
                "initials": "",
                "corresponding": "",
                "orcid": "",
                "current_organization_id": "grid.415474.7",
                "researcher_id": "ur.01114436752.06",
                "affiliations": [
                    {
                        "name": "Department of Internal Medicine, Japan Defense Forces Central Hospital, Tokyo, Japan;"
                    }
                ]
            },
            {
                "first_name": "Keiji",
                "last_name": "Mitani",
                "initials": "",
                "corresponding": "",
                "orcid": "",
                "current_organization_id": "",
                "researcher_id": "ur.0626541422.24",
                "affiliations": [
                    {
                        "name": "Department of Internal Medicine, Japan Defense Forces Central Hospital, Tokyo, Japan;"
                    }
                ]
            },
            {
                "first_name": "Masafumi",
                "last_name": "Mine",
                "initials": "",
                "corresponding": "",
                "orcid": "",
                "current_organization_id": "grid.415474.7",
                "researcher_id": "ur.0667623052.25",
                "affiliations": [
                    {
                        "name": "Department of Internal Medicine, Japan Defense Forces Central Hospital, Tokyo, Japan;"
                    }
                ]
            },
            {
                "first_name": "Toshio",
                "last_name": "Morizane",
                "initials": "",
                "corresponding": "",
                "orcid": "",
                "current_organization_id": "",
                "researcher_id": "ur.01244607126.83",
                "affiliations": [
                    {
                        "id": "grid.462431.6",
                        "name": "Kanagawa Dental University",
                        "city": "Yokosuka",
                        "city_id": 1848313,
                        "country": "Japan",
                        "country_code": "JP",
                        "state": null,
                        "state_code": null
                    }
                ]
            },
            {
                "first_name": "Katsuki",
                "last_name": "Ohtani",
                "initials": "",
                "corresponding": "",
                "orcid": "",
                "current_organization_id": "grid.412658.c",
                "researcher_id": "ur.01210474357.40",
                "affiliations": [
                    {
                        "id": "grid.252427.4",
                        "name": "Asahikawa Medical University",
                        "city": "Asahikawa",
                        "city_id": 2130629,
                        "country": "Japan",
                        "country_code": "JP",
                        "state": null,
                        "state_code": null
                    }
                ]
            },
            {
                "first_name": "Yasuhiko",
                "last_name": "Suzuki",
                "initials": "",
                "corresponding": "",
                "orcid": "['0000-0002-1313-1494']",
                "current_organization_id": "grid.39158.36",
                "researcher_id": "ur.015232642354.55",
                "affiliations": [
                    {
                        "id": "grid.416993.0",
                        "name": "Osaka Prefectural Institute of Public Health",
                        "city": "Osaka",
                        "city_id": 1853909,
                        "country": "Japan",
                        "country_code": "JP",
                        "state": null,
                        "state_code": null
                    }
                ]
            },
            {
                "first_name": "Nobutaka",
                "last_name": "Wakamiya",
                "initials": "",
                "corresponding": "",
                "orcid": "",
                "current_organization_id": "grid.412658.c",
                "researcher_id": "ur.0677454700.58",
                "affiliations": [
                    {
                        "id": "grid.252427.4",
                        "name": "Asahikawa Medical University",
                        "city": "Asahikawa",
                        "city_id": 2130629,
                        "country": "Japan",
                        "country_code": "JP",
                        "state": null,
                        "state_code": null
                    }
                ]
            }
        ]
    ],
    "FOR": [
        {
            "id": "3053",
            "name": "1103 Clinical Sciences"
        }
    ],
    "research_org_countries": [
        {
            "id": "JP",
            "name": "Japan"
        }
    ],
    "title": "Mannose\u2010binding lectin and the prognosis of fulminant hepatic failure caused by HBV infection",
    "research_org_cities": [
        {
            "id": 1848354,
            "name": "Yokohama"
        },
        {
            "id": 1850147,
            "name": "Tokyo"
        },
        {
            "id": 2130629,
            "name": "Asahikawa"
        },
        {
            "id": 1853909,
            "name": "Osaka"
        },
        {
            "id": 1848313,
            "name": "Yokosuka"
        }
    ],
    "pages": "29-34",
    "issue": "1",
    "doi": "10.1046/j.0106-9543.2001.01516.x",
    "times_cited": 32,
    "journal": {
        "id": "jour.1297452",
        "title": "Liver International"
    },
    "year": 2002,
    "research_orgs": [
        {
            "id": "grid.462431.6",
            "name": "Kanagawa Dental University",
            "linkout": [
                "http://www.kdu.ac.jp/"
            ],
            "country_name": "Japan",
            "types": [
                "Education"
            ],
            "latitude": 35.28459,
            "acronym": "KDU",
            "city_name": "Yokosuka",
            "longitude": 139.67
        },
        {
            "id": "grid.252427.4",
            "name": "Asahikawa Medical University",
            "linkout": [
                "http://www.asahikawa-med.ac.jp/"
            ],
            "country_name": "Japan",
            "types": [
                "Education"
            ],
            "latitude": 43.730114,
            "acronym": "AMU",
            "city_name": "Asahikawa",
            "longitude": 142.3841
        },
        {
            "id": "grid.416993.0",
            "name": "Osaka Prefectural Institute of Public Health",
            "linkout": [
                "http://www.iph.pref.osaka.jp/"
            ],
            "country_name": "Japan",
            "types": [
                "Facility"
            ],
            "latitude": 34.674297,
            "city_name": "Osaka",
            "longitude": 135.52142
        },
        {
            "id": "grid.412808.7",
            "name": "Showa University Fujigaoka Hospital",
            "linkout": [
                "http://www.showa-u.ac.jp/SUHF/index.html"
            ],
            "country_name": "Japan",
            "types": [
                "Healthcare"
            ],
            "latitude": 35.544685,
            "city_name": "Yokohama",
            "longitude": 139.52988
        }
    ],
    "id": "pub.1004294859",
    "references": [
        "pub.1050852524",
        "pub.1017705731",
        "pub.1006906934",
        "pub.1011356393",
        "pub.1015571644",
        "pub.1016662320",
        "pub.1002773753",
        "pub.1049739361",
        "pub.1022467176",
        "pub.1003972910",
        "pub.1021591453",
        "pub.1015834537",
        "pub.1002862682",
        "pub.1039659579",
        "pub.1021945250",
        "pub.1022639319",
        "pub.1009694043",
        "pub.1023392324",
        "pub.1051103429",
        "pub.1024422686",
        "pub.1043752743",
        "pub.1029624570",
        "pub.1038042838",
        "pub.1014668723",
        "pub.1023528781",
        "pub.1031951436",
        "pub.1024730099"
    ],
    "research_org_country_names": [
        "Japan"
    ],
    "date": "2002-02-01",
    "researchers": [
        {
            "id": "ur.01021255170.05",
            "research_orgs": [
                "grid.415474.7",
                "grid.265074.2",
                "grid.413724.7"
            ],
            "last_name": "Hakozaki",
            "first_name": "Yukiya"
        },
        {
            "id": "ur.01046567420.79",
            "research_orgs": [
                "grid.260026.0",
                "grid.260433.0",
                "grid.264706.1",
                "grid.26999.3d",
                "grid.410714.7",
                "grid.417200.0",
                "grid.410804.9",
                "grid.412808.7"
            ],
            "last_name": "Yoshiba",
            "first_name": "Makoto"
        },
        {
            "id": "ur.01237132265.83",
            "research_orgs": [
                "grid.410714.7",
                "grid.21925.3d",
                "grid.412689.0",
                "grid.410804.9",
                "grid.412808.7"
            ],
            "last_name": "Sekiyama",
            "first_name": "Kazuhiko"
        },
        {
            "id": "ur.01006173451.87",
            "research_orgs": [
                "grid.415474.7",
                "grid.413411.2"
            ],
            "last_name": "Seike",
            "first_name": "Eiji"
        },
        {
            "id": "ur.01114436752.06",
            "research_orgs": [
                "grid.415474.7"
            ],
            "last_name": "Iwamoto",
            "first_name": "Jun-Ichi"
        },
        {
            "id": "ur.0626541422.24",
            "research_orgs": [
                "grid.415474.7"
            ],
            "last_name": "Mitani",
            "first_name": "Keiji"
        },
        {
            "id": "ur.0667623052.25",
            "research_orgs": [
                "grid.415474.7"
            ],
            "last_name": "Mine",
            "first_name": "Masafumi"
        },
        {
            "id": "ur.01244607126.83",
            "research_orgs": [
                "grid.4514.4",
                "grid.410821.e",
                "grid.26091.3c",
                "grid.410714.7",
                "grid.462431.6"
            ],
            "last_name": "Morizane",
            "first_name": "Toshio"
        },
        {
            "id": "ur.01210474357.40",
            "research_orgs": [
                "grid.20515.33",
                "grid.412658.c",
                "grid.416993.0",
                "grid.252427.4",
                "grid.136593.b",
                "grid.263171.0",
                "grid.39158.36"
            ],
            "last_name": "Ohtani",
            "first_name": "Katsuki"
        },
        {
            "id": "ur.015232642354.55",
            "research_orgs": [
                "grid.252427.4",
                "grid.416963.f",
                "grid.208504.b",
                "grid.39158.36",
                "grid.136593.b",
                "grid.260433.0",
                "grid.419082.6",
                "grid.416993.0"
            ],
            "last_name": "Suzuki",
            "first_name": "Yasuhiko",
            "orcid_id": [
                "0000-0002-1313-1494"
            ]
        },
        {
            "id": "ur.0677454700.58",
            "research_orgs": [
                "grid.20515.33",
                "grid.266093.8",
                "grid.412658.c",
                "grid.7048.b",
                "grid.252427.4",
                "grid.136593.b",
                "grid.263171.0",
                "grid.39158.36"
            ],
            "last_name": "Wakamiya",
            "first_name": "Nobutaka"
        }
    ],
    "relative_citation_ratio": 0.7,
    "type": "article",
    "volume": "22"
}