{
    "pmid": "18351910",
    "author_affiliations": [
        [
            {
                "first_name": "Balazs",
                "last_name": "Kozma",
                "initials": "",
                "corresponding": "",
                "orcid": "",
                "current_organization_id": "grid.472590.d",
                "researcher_id": "ur.01001757542.86",
                "affiliations": [
                    {
                        "id": "grid.472590.d",
                        "name": "Laboratory of Theoretical Physics",
                        "city": "Orsay",
                        "city_id": 2989204,
                        "country": "France",
                        "country_code": "FR",
                        "state": null,
                        "state_code": null
                    }
                ]
            },
            {
                "first_name": "Alain",
                "last_name": "Barrat",
                "initials": "",
                "corresponding": "",
                "orcid": "",
                "current_organization_id": "grid.469407.8",
                "researcher_id": "ur.01205435531.41",
                "affiliations": [
                    {
                        "id": "grid.472590.d",
                        "name": "Laboratory of Theoretical Physics",
                        "city": "Orsay",
                        "city_id": 2989204,
                        "country": "France",
                        "country_code": "FR",
                        "state": null,
                        "state_code": null
                    },
                    {
                        "id": "grid.418750.f",
                        "name": "Institute for Scientific Interchange",
                        "city": "Turin",
                        "city_id": 3165524,
                        "country": "Italy",
                        "country_code": "IT",
                        "state": null,
                        "state_code": null
                    }
                ]
            }
        ]
    ],
    "altmetric": 1.0,
    "FOR": [
        {
            "id": "3448",
            "name": "1608 Sociology"
        }
    ],
    "research_org_countries": [
        {
            "id": "IT",
            "name": "Italy"
        },
        {
            "id": "FR",
            "name": "France"
        }
    ],
    "title": "Consensus formation on adaptive networks",
    "research_org_cities": [
        {
            "id": 2989204,
            "name": "Orsay"
        },
        {
            "id": 3165524,
            "name": "Turin"
        }
    ],
    "pages": "016102",
    "issue": "1",
    "open_access": [
        "Open Access - all",
        "Open Access - repository",
        "Open Access - submitted"
    ],
    "doi": "10.1103/physreve.77.016102",
    "times_cited": 159,
    "funders": [
        {
            "id": "grid.270680.b",
            "name": "European Commission",
            "linkout": [
                "http://ec.europa.eu/index_en.htm"
            ],
            "country_name": "Belgium",
            "types": [
                "Government"
            ],
            "latitude": 50.85165,
            "acronym": "EC",
            "city_name": "Brussels",
            "longitude": 4.36367
        }
    ],
    "journal": {
        "id": "jour.1312290",
        "title": "Physical Review E"
    },
    "research_orgs": [
        {
            "id": "grid.418750.f",
            "name": "Institute for Scientific Interchange",
            "linkout": [
                "http://www.isi.it/"
            ],
            "country_name": "Italy",
            "types": [
                "Facility"
            ],
            "latitude": 45.039837,
            "acronym": "ISI",
            "city_name": "Turin",
            "longitude": 7.66807
        },
        {
            "id": "grid.472590.d",
            "name": "Laboratory of Theoretical Physics",
            "linkout": [
                "http://www.th.u-psud.fr/"
            ],
            "country_name": "France",
            "types": [
                "Facility"
            ],
            "latitude": 48.69835,
            "acronym": "LPT",
            "city_name": "Orsay",
            "longitude": 2.17098
        }
    ],
    "year": 2008,
    "references": [
        "pub.1062998109",
        "pub.1019518556",
        "pub.1003920767",
        "pub.1005066634",
        "pub.1014541141",
        "pub.1098700813",
        "pub.1098793632",
        "pub.1042251741",
        "pub.1045160988",
        "pub.1050224363",
        "pub.1018248180",
        "pub.1023312502",
        "pub.1057773896",
        "pub.1058544967",
        "pub.1039169330",
        "pub.1008594690",
        "pub.1020487427",
        "pub.1025015771",
        "pub.1098666412",
        "pub.1034532771",
        "pub.1011915176",
        "pub.1022578466",
        "pub.1060484686",
        "pub.1002814167",
        "pub.1062904248",
        "pub.1023200951",
        "pub.1019965146",
        "pub.1019906982",
        "pub.1017259340",
        "pub.1062877811",
        "pub.1098679520",
        "pub.1017875908",
        "pub.1051120003",
        "pub.1033591107"
    ],
    "id": "pub.1012736724",
    "research_org_country_names": [
        "France",
        "Italy"
    ],
    "date": "2008-01-01",
    "researchers": [
        {
            "id": "ur.01001757542.86",
            "research_orgs": [
                "grid.472590.d",
                "grid.464174.4",
                "grid.33647.35",
                "grid.5842.b"
            ],
            "last_name": "Kozma",
            "first_name": "Balazs"
        },
        {
            "id": "ur.01205435531.41",
            "research_orgs": [
                "grid.464174.4",
                "grid.418750.f",
                "grid.4444.0",
                "grid.12611.35",
                "grid.5399.6",
                "grid.5842.b",
                "grid.472590.d",
                "grid.469407.8"
            ],
            "last_name": "Barrat",
            "first_name": "Alain"
        }
    ],
    "relative_citation_ratio": 1.75,
    "type": "article",
    "volume": "77"
}