{
    "pmid": "24309898",
    "author_affiliations": [
        [
            {
                "first_name": "Linn",
                "last_name": "Fagerberg",
                "initials": "",
                "corresponding": "",
                "orcid": "['0000-0003-0198-7137']",
                "current_organization_id": "grid.5037.1",
                "researcher_id": "ur.01165474233.42",
                "affiliations": [
                    {
                        "id": "grid.5037.1",
                        "name": "Royal Institute of Technology",
                        "city": "Stockholm",
                        "city_id": 2673730,
                        "country": "Sweden",
                        "country_code": "SE",
                        "state": null,
                        "state_code": null
                    }
                ]
            },
            {
                "first_name": "Bj\u00f6rn M.",
                "last_name": "Hallstr\u00f6m",
                "initials": "",
                "corresponding": "",
                "orcid": "",
                "current_organization_id": "grid.5037.1",
                "researcher_id": "ur.0666275216.60",
                "affiliations": [
                    {
                        "id": "grid.5037.1",
                        "name": "Royal Institute of Technology",
                        "city": "Stockholm",
                        "city_id": 2673730,
                        "country": "Sweden",
                        "country_code": "SE",
                        "state": null,
                        "state_code": null
                    }
                ]
            },
            {
                "first_name": "Per",
                "last_name": "Oksvold",
                "initials": "",
                "corresponding": "",
                "orcid": "['0000-0003-3014-5502']",
                "current_organization_id": "grid.5037.1",
                "researcher_id": "ur.01315523766.97",
                "affiliations": [
                    {
                        "id": "grid.5037.1",
                        "name": "Royal Institute of Technology",
                        "city": "Stockholm",
                        "city_id": 2673730,
                        "country": "Sweden",
                        "country_code": "SE",
                        "state": null,
                        "state_code": null
                    }
                ]
            },
            {
                "first_name": "Caroline",
                "last_name": "Kampf",
                "initials": "",
                "corresponding": "",
                "orcid": "",
                "current_organization_id": "",
                "researcher_id": "",
                "affiliations": [
                    {
                        "id": "grid.8993.b",
                        "name": "Uppsala University",
                        "city": "Uppsala",
                        "city_id": 2666199,
                        "country": "Sweden",
                        "country_code": "SE",
                        "state": null,
                        "state_code": null
                    }
                ]
            },
            {
                "first_name": "Dijana",
                "last_name": "Djureinovic",
                "initials": "",
                "corresponding": "",
                "orcid": "['0000-0002-1852-5409']",
                "current_organization_id": "grid.8993.b",
                "researcher_id": "ur.0702144774.13",
                "affiliations": [
                    {
                        "id": "grid.8993.b",
                        "name": "Uppsala University",
                        "city": "Uppsala",
                        "city_id": 2666199,
                        "country": "Sweden",
                        "country_code": "SE",
                        "state": null,
                        "state_code": null
                    }
                ]
            },
            {
                "first_name": "Jacob",
                "last_name": "Odeberg",
                "initials": "",
                "corresponding": "",
                "orcid": "['0000-0003-0996-1644']",
                "current_organization_id": "grid.5037.1",
                "researcher_id": "ur.0716064443.31",
                "affiliations": [
                    {
                        "id": "grid.5037.1",
                        "name": "Royal Institute of Technology",
                        "city": "Stockholm",
                        "city_id": 2673730,
                        "country": "Sweden",
                        "country_code": "SE",
                        "state": null,
                        "state_code": null
                    }
                ]
            },
            {
                "first_name": "Masato",
                "last_name": "Habuka",
                "initials": "",
                "corresponding": "",
                "orcid": "",
                "current_organization_id": "grid.260975.f",
                "researcher_id": "ur.01121417364.51",
                "affiliations": [
                    {
                        "id": "grid.5037.1",
                        "name": "Royal Institute of Technology",
                        "city": "Stockholm",
                        "city_id": 2673730,
                        "country": "Sweden",
                        "country_code": "SE",
                        "state": null,
                        "state_code": null
                    }
                ]
            },
            {
                "first_name": "Simin",
                "last_name": "Tahmasebpoor",
                "initials": "",
                "corresponding": "",
                "orcid": "",
                "current_organization_id": "grid.8993.b",
                "researcher_id": "ur.01016356150.82",
                "affiliations": [
                    {
                        "id": "grid.8993.b",
                        "name": "Uppsala University",
                        "city": "Uppsala",
                        "city_id": 2666199,
                        "country": "Sweden",
                        "country_code": "SE",
                        "state": null,
                        "state_code": null
                    }
                ]
            },
            {
                "first_name": "Angelika",
                "last_name": "Danielsson",
                "initials": "",
                "corresponding": "",
                "orcid": "",
                "current_organization_id": "",
                "researcher_id": "",
                "affiliations": [
                    {
                        "id": "grid.8993.b",
                        "name": "Uppsala University",
                        "city": "Uppsala",
                        "city_id": 2666199,
                        "country": "Sweden",
                        "country_code": "SE",
                        "state": null,
                        "state_code": null
                    }
                ]
            },
            {
                "first_name": "Karolina",
                "last_name": "Edlund",
                "initials": "",
                "corresponding": "",
                "orcid": "",
                "current_organization_id": "grid.419241.b",
                "researcher_id": "ur.01372264602.15",
                "affiliations": [
                    {
                        "id": "grid.8993.b",
                        "name": "Uppsala University",
                        "city": "Uppsala",
                        "city_id": 2666199,
                        "country": "Sweden",
                        "country_code": "SE",
                        "state": null,
                        "state_code": null
                    }
                ]
            },
            {
                "first_name": "Anna",
                "last_name": "Asplund",
                "initials": "",
                "corresponding": "",
                "orcid": "",
                "current_organization_id": "",
                "researcher_id": "",
                "affiliations": [
                    {
                        "id": "grid.8993.b",
                        "name": "Uppsala University",
                        "city": "Uppsala",
                        "city_id": 2666199,
                        "country": "Sweden",
                        "country_code": "SE",
                        "state": null,
                        "state_code": null
                    }
                ]
            },
            {
                "first_name": "Evelina",
                "last_name": "Sj\u00f6stedt",
                "initials": "",
                "corresponding": "",
                "orcid": "['0000-0002-0327-7377']",
                "current_organization_id": "grid.8993.b",
                "researcher_id": "ur.0744537675.28",
                "affiliations": [
                    {
                        "id": "grid.8993.b",
                        "name": "Uppsala University",
                        "city": "Uppsala",
                        "city_id": 2666199,
                        "country": "Sweden",
                        "country_code": "SE",
                        "state": null,
                        "state_code": null
                    }
                ]
            },
            {
                "first_name": "Emma",
                "last_name": "Lundberg",
                "initials": "",
                "corresponding": "",
                "orcid": "['0000-0001-7034-0850']",
                "current_organization_id": "grid.5037.1",
                "researcher_id": "ur.01056523743.14",
                "affiliations": [
                    {
                        "id": "grid.5037.1",
                        "name": "Royal Institute of Technology",
                        "city": "Stockholm",
                        "city_id": 2673730,
                        "country": "Sweden",
                        "country_code": "SE",
                        "state": null,
                        "state_code": null
                    }
                ]
            },
            {
                "first_name": "Cristina Al-Khalili",
                "last_name": "Szigyarto",
                "initials": "",
                "corresponding": "",
                "orcid": "",
                "current_organization_id": "grid.5037.1",
                "researcher_id": "ur.01134674073.76",
                "affiliations": [
                    {
                        "id": "grid.5037.1",
                        "name": "Royal Institute of Technology",
                        "city": "Stockholm",
                        "city_id": 2673730,
                        "country": "Sweden",
                        "country_code": "SE",
                        "state": null,
                        "state_code": null
                    }
                ]
            },
            {
                "first_name": "Marie",
                "last_name": "Skogs",
                "initials": "",
                "corresponding": "",
                "orcid": "",
                "current_organization_id": "grid.5037.1",
                "researcher_id": "ur.01215600302.67",
                "affiliations": [
                    {
                        "id": "grid.5037.1",
                        "name": "Royal Institute of Technology",
                        "city": "Stockholm",
                        "city_id": 2673730,
                        "country": "Sweden",
                        "country_code": "SE",
                        "state": null,
                        "state_code": null
                    }
                ]
            },
            {
                "first_name": "Jenny Ottosson",
                "last_name": "Takanen",
                "initials": "",
                "corresponding": "",
                "orcid": "",
                "current_organization_id": "grid.5037.1",
                "researcher_id": "ur.0644377426.47",
                "affiliations": [
                    {
                        "id": "grid.5037.1",
                        "name": "Royal Institute of Technology",
                        "city": "Stockholm",
                        "city_id": 2673730,
                        "country": "Sweden",
                        "country_code": "SE",
                        "state": null,
                        "state_code": null
                    }
                ]
            },
            {
                "first_name": "Holger",
                "last_name": "Berling",
                "initials": "",
                "corresponding": "",
                "orcid": "",
                "current_organization_id": "grid.5037.1",
                "researcher_id": "ur.0640365217.83",
                "affiliations": [
                    {
                        "id": "grid.5037.1",
                        "name": "Royal Institute of Technology",
                        "city": "Stockholm",
                        "city_id": 2673730,
                        "country": "Sweden",
                        "country_code": "SE",
                        "state": null,
                        "state_code": null
                    }
                ]
            },
            {
                "first_name": "Hanna",
                "last_name": "Tegel",
                "initials": "",
                "corresponding": "",
                "orcid": "",
                "current_organization_id": "grid.5037.1",
                "researcher_id": "ur.0742112202.80",
                "affiliations": [
                    {
                        "id": "grid.5037.1",
                        "name": "Royal Institute of Technology",
                        "city": "Stockholm",
                        "city_id": 2673730,
                        "country": "Sweden",
                        "country_code": "SE",
                        "state": null,
                        "state_code": null
                    }
                ]
            },
            {
                "first_name": "Jan",
                "last_name": "Mulder",
                "initials": "",
                "corresponding": "",
                "orcid": "['0000-0003-3717-5018']",
                "current_organization_id": "grid.4714.6",
                "researcher_id": "ur.01347301005.94",
                "affiliations": [
                    {
                        "id": "grid.4714.6",
                        "name": "Karolinska Institute",
                        "city": "Stockholm",
                        "city_id": 2673730,
                        "country": "Sweden",
                        "country_code": "SE",
                        "state": null,
                        "state_code": null
                    }
                ]
            },
            {
                "first_name": "Peter",
                "last_name": "Nilsson",
                "initials": "",
                "corresponding": "",
                "orcid": "['0000-0002-4657-8532']",
                "current_organization_id": "grid.5037.1",
                "researcher_id": "ur.014772527400.31",
                "affiliations": [
                    {
                        "id": "grid.5037.1",
                        "name": "Royal Institute of Technology",
                        "city": "Stockholm",
                        "city_id": 2673730,
                        "country": "Sweden",
                        "country_code": "SE",
                        "state": null,
                        "state_code": null
                    }
                ]
            },
            {
                "first_name": "Jochen M.",
                "last_name": "Schwenk",
                "initials": "",
                "corresponding": "",
                "orcid": "['0000-0001-8141-8449']",
                "current_organization_id": "grid.5037.1",
                "researcher_id": "ur.01025400671.24",
                "affiliations": [
                    {
                        "id": "grid.5037.1",
                        "name": "Royal Institute of Technology",
                        "city": "Stockholm",
                        "city_id": 2673730,
                        "country": "Sweden",
                        "country_code": "SE",
                        "state": null,
                        "state_code": null
                    }
                ]
            },
            {
                "first_name": "Cecilia",
                "last_name": "Lindskog",
                "initials": "",
                "corresponding": "",
                "orcid": "['0000-0001-5611-1015']",
                "current_organization_id": "grid.8993.b",
                "researcher_id": "ur.01326273543.73",
                "affiliations": [
                    {
                        "id": "grid.8993.b",
                        "name": "Uppsala University",
                        "city": "Uppsala",
                        "city_id": 2666199,
                        "country": "Sweden",
                        "country_code": "SE",
                        "state": null,
                        "state_code": null
                    }
                ]
            },
            {
                "first_name": "Frida",
                "last_name": "Danielsson",
                "initials": "",
                "corresponding": "",
                "orcid": "",
                "current_organization_id": "grid.5037.1",
                "researcher_id": "ur.01033236502.67",
                "affiliations": [
                    {
                        "id": "grid.5037.1",
                        "name": "Royal Institute of Technology",
                        "city": "Stockholm",
                        "city_id": 2673730,
                        "country": "Sweden",
                        "country_code": "SE",
                        "state": null,
                        "state_code": null
                    }
                ]
            },
            {
                "first_name": "Adil",
                "last_name": "Mardinoglu",
                "initials": "",
                "corresponding": "",
                "orcid": "['0000-0002-4254-6090']",
                "current_organization_id": "grid.5037.1",
                "researcher_id": "ur.01272631351.97",
                "affiliations": [
                    {
                        "id": "grid.5371.0",
                        "name": "Chalmers University of Technology",
                        "city": "Gothenburg",
                        "city_id": 2711537,
                        "country": "Sweden",
                        "country_code": "SE",
                        "state": null,
                        "state_code": null
                    }
                ]
            },
            {
                "first_name": "\u00c5sa",
                "last_name": "Sivertsson",
                "initials": "",
                "corresponding": "",
                "orcid": "",
                "current_organization_id": "grid.5037.1",
                "researcher_id": "ur.0750674260.80",
                "affiliations": [
                    {
                        "id": "grid.5037.1",
                        "name": "Royal Institute of Technology",
                        "city": "Stockholm",
                        "city_id": 2673730,
                        "country": "Sweden",
                        "country_code": "SE",
                        "state": null,
                        "state_code": null
                    }
                ]
            },
            {
                "first_name": "Kalle",
                "last_name": "von Feilitzen",
                "initials": "",
                "corresponding": "",
                "orcid": "",
                "current_organization_id": "grid.5037.1",
                "researcher_id": "ur.0712644757.76",
                "affiliations": [
                    {
                        "id": "grid.5037.1",
                        "name": "Royal Institute of Technology",
                        "city": "Stockholm",
                        "city_id": 2673730,
                        "country": "Sweden",
                        "country_code": "SE",
                        "state": null,
                        "state_code": null
                    }
                ]
            },
            {
                "first_name": "Mattias",
                "last_name": "Forsberg",
                "initials": "",
                "corresponding": "",
                "orcid": "",
                "current_organization_id": "grid.5037.1",
                "researcher_id": "ur.0615562545.54",
                "affiliations": [
                    {
                        "id": "grid.5037.1",
                        "name": "Royal Institute of Technology",
                        "city": "Stockholm",
                        "city_id": 2673730,
                        "country": "Sweden",
                        "country_code": "SE",
                        "state": null,
                        "state_code": null
                    }
                ]
            },
            {
                "first_name": "Martin",
                "last_name": "Zwahlen",
                "initials": "",
                "corresponding": "",
                "orcid": "",
                "current_organization_id": "grid.5037.1",
                "researcher_id": "ur.0732011145.84",
                "affiliations": [
                    {
                        "id": "grid.5037.1",
                        "name": "Royal Institute of Technology",
                        "city": "Stockholm",
                        "city_id": 2673730,
                        "country": "Sweden",
                        "country_code": "SE",
                        "state": null,
                        "state_code": null
                    }
                ]
            },
            {
                "first_name": "IngMarie",
                "last_name": "Olsson",
                "initials": "",
                "corresponding": "",
                "orcid": "",
                "current_organization_id": "grid.8993.b",
                "researcher_id": "ur.01032602326.32",
                "affiliations": [
                    {
                        "id": "grid.8993.b",
                        "name": "Uppsala University",
                        "city": "Uppsala",
                        "city_id": 2666199,
                        "country": "Sweden",
                        "country_code": "SE",
                        "state": null,
                        "state_code": null
                    }
                ]
            },
            {
                "first_name": "Sanjay",
                "last_name": "Navani",
                "initials": "",
                "corresponding": "",
                "orcid": "",
                "current_organization_id": "",
                "researcher_id": "",
                "affiliations": [
                    {
                        "name": "Lab Surgpath, Mumbai, India;"
                    }
                ]
            },
            {
                "first_name": "Mikael",
                "last_name": "Huss",
                "initials": "",
                "corresponding": "",
                "orcid": "['0000-0003-0839-2451']",
                "current_organization_id": "grid.10548.38",
                "researcher_id": "ur.01064170200.16",
                "affiliations": [
                    {
                        "id": "grid.5037.1",
                        "name": "Royal Institute of Technology",
                        "city": "Stockholm",
                        "city_id": 2673730,
                        "country": "Sweden",
                        "country_code": "SE",
                        "state": null,
                        "state_code": null
                    }
                ]
            },
            {
                "first_name": "Jens",
                "last_name": "Nielsen",
                "initials": "",
                "corresponding": "",
                "orcid": "['0000-0002-9955-6003']",
                "current_organization_id": "grid.5371.0",
                "researcher_id": "ur.065562055.72",
                "affiliations": [
                    {
                        "id": "grid.5037.1",
                        "name": "Royal Institute of Technology",
                        "city": "Stockholm",
                        "city_id": 2673730,
                        "country": "Sweden",
                        "country_code": "SE",
                        "state": null,
                        "state_code": null
                    },
                    {
                        "id": "grid.5371.0",
                        "name": "Chalmers University of Technology",
                        "city": "Gothenburg",
                        "city_id": 2711537,
                        "country": "Sweden",
                        "country_code": "SE",
                        "state": null,
                        "state_code": null
                    }
                ]
            },
            {
                "first_name": "Fredrik",
                "last_name": "Ponten",
                "initials": "",
                "corresponding": "",
                "orcid": "['0000-0003-0703-3940']",
                "current_organization_id": "grid.8993.b",
                "researcher_id": "ur.0624124156.53",
                "affiliations": [
                    {
                        "id": "grid.8993.b",
                        "name": "Uppsala University",
                        "city": "Uppsala",
                        "city_id": 2666199,
                        "country": "Sweden",
                        "country_code": "SE",
                        "state": null,
                        "state_code": null
                    }
                ]
            },
            {
                "first_name": "Mathias",
                "last_name": "Uhl\u00e9n",
                "initials": "",
                "corresponding": "",
                "orcid": "['0000-0002-4858-8056']",
                "current_organization_id": "grid.5037.1",
                "researcher_id": "ur.01023367713.91",
                "affiliations": [
                    {
                        "id": "grid.5037.1",
                        "name": "Royal Institute of Technology",
                        "city": "Stockholm",
                        "city_id": 2673730,
                        "country": "Sweden",
                        "country_code": "SE",
                        "state": null,
                        "state_code": null
                    },
                    {
                        "id": "grid.5037.1",
                        "name": "Royal Institute of Technology",
                        "city": "Stockholm",
                        "city_id": 2673730,
                        "country": "Sweden",
                        "country_code": "SE",
                        "state": null,
                        "state_code": null
                    }
                ]
            }
        ]
    ],
    "altmetric": 23.0,
    "FOR": [
        {
            "id": "2620",
            "name": "0604 Genetics"
        },
        {
            "id": "2581",
            "name": "0601 Biochemistry and Cell Biology"
        }
    ],
    "research_org_countries": [
        {
            "id": "SE",
            "name": "Sweden"
        },
        {
            "id": "IN",
            "name": "India"
        }
    ],
    "title": "Analysis of the Human Tissue-specific Expression by Genome-wide Integration of Transcriptomics and Antibody-based Proteomics",
    "research_org_cities": [
        {
            "id": 2711537,
            "name": "G\u00f6teborg"
        },
        {
            "id": 2673730,
            "name": "Stockholm"
        },
        {
            "id": 1275339,
            "name": "Mumbai"
        },
        {
            "id": 2666199,
            "name": "Uppsala"
        }
    ],
    "pages": "397-406",
    "issue": "2",
    "open_access": [
        "Open Access - all",
        "Open Access - publisher",
        "Open Access - published"
    ],
    "doi": "10.1074/mcp.m113.035600",
    "times_cited": 881,
    "funders": [
        {
            "id": "grid.453057.0",
            "name": "Knut and Alice Wallenberg Foundation",
            "linkout": [
                "https://www.wallenberg.com/kaw/en"
            ],
            "country_name": "Sweden",
            "types": [
                "Other"
            ],
            "latitude": 59.3317,
            "acronym": "KAW",
            "city_name": "Stockholm",
            "longitude": 18.074823
        }
    ],
    "journal": {
        "id": "jour.1029798",
        "title": "Molecular & Cellular Proteomics"
    },
    "research_orgs": [
        {
            "id": "grid.8993.b",
            "name": "Uppsala University",
            "linkout": [
                "https://www.uu.se/en/"
            ],
            "country_name": "Sweden",
            "types": [
                "Education"
            ],
            "latitude": 59.85105,
            "city_name": "Uppsala",
            "longitude": 17.629967
        },
        {
            "id": "grid.5371.0",
            "name": "Chalmers University of Technology",
            "linkout": [
                "http://www.chalmers.se/en/Pages/default.aspx"
            ],
            "country_name": "Sweden",
            "types": [
                "Education"
            ],
            "latitude": 57.68833,
            "city_name": "Gothenburg",
            "longitude": 11.976667
        },
        {
            "id": "grid.5037.1",
            "name": "Royal Institute of Technology",
            "linkout": [
                "http://www.kth.se/en"
            ],
            "country_name": "Sweden",
            "types": [
                "Education"
            ],
            "latitude": 59.34748,
            "acronym": "KTH",
            "city_name": "Stockholm",
            "longitude": 18.073526
        },
        {
            "id": "grid.4714.6",
            "name": "Karolinska Institute",
            "linkout": [
                "http://ki.se/en/startpage"
            ],
            "country_name": "Sweden",
            "types": [
                "Education"
            ],
            "latitude": 59.34802,
            "acronym": "KI",
            "city_name": "Stockholm",
            "longitude": 18.022285
        }
    ],
    "year": 2014,
    "references": [
        "pub.1003781556",
        "pub.1029065430",
        "pub.1026151306",
        "pub.1044135237",
        "pub.1045381177",
        "pub.1015137191",
        "pub.1002732260",
        "pub.1048544728",
        "pub.1033967678",
        "pub.1046700832",
        "pub.1012468822",
        "pub.1002484367",
        "pub.1031035095",
        "pub.1050087694",
        "pub.1002756332",
        "pub.1018900397",
        "pub.1032911085",
        "pub.1007433374",
        "pub.1012425816",
        "pub.1026092281",
        "pub.1009297609",
        "pub.1002412542",
        "pub.1028308613",
        "pub.1020293069",
        "pub.1004367150",
        "pub.1052744398",
        "pub.1047784823"
    ],
    "id": "pub.1000153846",
    "research_org_country_names": [
        "India",
        "Sweden"
    ],
    "date": "2014-02-01",
    "researchers": [
        {
            "id": "ur.01165474233.42",
            "research_orgs": [
                "grid.411313.5",
                "grid.5037.1",
                "grid.452834.c"
            ],
            "last_name": "Fagerberg",
            "first_name": "Linn",
            "orcid_id": [
                "0000-0003-0198-7137"
            ]
        },
        {
            "id": "ur.0666275216.60",
            "research_orgs": [
                "grid.4514.4",
                "grid.462628.c",
                "grid.452834.c",
                "grid.438154.f",
                "grid.419734.c",
                "grid.5037.1",
                "grid.425396.f",
                "grid.411843.b",
                "grid.5170.3"
            ],
            "last_name": "Hallstr\u00f6m",
            "first_name": "Bj\u00f6rn Mikael"
        },
        {
            "id": "ur.01315523766.97",
            "research_orgs": [
                "grid.411313.5",
                "grid.5037.1"
            ],
            "last_name": "Oksvold",
            "first_name": "Per",
            "orcid_id": [
                "0000-0003-3014-5502"
            ]
        },
        {
            "id": "ur.0702144774.13",
            "research_orgs": [
                "grid.8993.b"
            ],
            "last_name": "Djureinovic",
            "first_name": "Dijana",
            "orcid_id": [
                "0000-0002-1852-5409"
            ]
        },
        {
            "id": "ur.0716064443.31",
            "research_orgs": [
                "grid.5037.1",
                "grid.412244.5",
                "grid.452834.c",
                "grid.8993.b",
                "grid.10919.30",
                "grid.24381.3c",
                "grid.10548.38",
                "grid.4714.6",
                "grid.19006.3e"
            ],
            "last_name": "Odeberg",
            "first_name": "Jacob",
            "orcid_id": [
                "0000-0003-0996-1644"
            ]
        },
        {
            "id": "ur.01121417364.51",
            "research_orgs": [
                "grid.260975.f",
                "grid.5037.1",
                "grid.416205.4"
            ],
            "last_name": "Habuka",
            "first_name": "Masato"
        },
        {
            "id": "ur.01016356150.82",
            "research_orgs": [
                "grid.412354.5",
                "grid.8993.b"
            ],
            "last_name": "Tahmasebpoor",
            "first_name": "Simin"
        },
        {
            "id": "ur.01372264602.15",
            "research_orgs": [
                "grid.419241.b",
                "grid.5675.1",
                "grid.412354.5",
                "grid.5037.1",
                "grid.8993.b",
                "grid.13097.3c"
            ],
            "last_name": "Edlund",
            "first_name": "Karolina"
        },
        {
            "id": "ur.0744537675.28",
            "research_orgs": [
                "grid.4714.6",
                "grid.5037.1",
                "grid.8993.b",
                "grid.452834.c"
            ],
            "last_name": "Sj\u00f6stedt",
            "first_name": "Evelina",
            "orcid_id": [
                "0000-0002-0327-7377"
            ]
        },
        {
            "id": "ur.01056523743.14",
            "research_orgs": [
                "grid.5037.1",
                "grid.168010.e",
                "grid.411313.5",
                "grid.452834.c"
            ],
            "last_name": "Lundberg",
            "first_name": "Emma K",
            "orcid_id": [
                "0000-0001-7034-0850"
            ]
        },
        {
            "id": "ur.01134674073.76",
            "research_orgs": [
                "grid.411313.5",
                "grid.416579.8",
                "grid.5037.1"
            ],
            "last_name": "Szigyarto",
            "first_name": "Cristina Al-Khalili"
        },
        {
            "id": "ur.01215600302.67",
            "research_orgs": [
                "grid.411313.5",
                "grid.5037.1"
            ],
            "last_name": "Skogs",
            "first_name": "Marie"
        },
        {
            "id": "ur.0644377426.47",
            "research_orgs": [
                "grid.411313.5",
                "grid.5037.1"
            ],
            "last_name": "Takanen",
            "first_name": "Jenny Ottosson"
        },
        {
            "id": "ur.0640365217.83",
            "research_orgs": [
                "grid.411313.5",
                "grid.5037.1"
            ],
            "last_name": "Berling",
            "first_name": "Holger"
        },
        {
            "id": "ur.0742112202.80",
            "research_orgs": [
                "grid.411313.5",
                "grid.5037.1"
            ],
            "last_name": "Tegel",
            "first_name": "Hanna"
        },
        {
            "id": "ur.01347301005.94",
            "research_orgs": [
                "grid.4830.f",
                "grid.452834.c",
                "grid.4714.6",
                "grid.5037.1",
                "grid.416868.5",
                "grid.7107.1"
            ],
            "last_name": "Mulder",
            "first_name": "Jan",
            "orcid_id": [
                "0000-0003-3717-5018"
            ]
        },
        {
            "id": "ur.014772527400.31",
            "research_orgs": [
                "grid.5037.1",
                "grid.452834.c",
                "grid.429249.0",
                "grid.411313.5",
                "grid.6341.0",
                "grid.462047.3"
            ],
            "last_name": "Nilsson",
            "first_name": "Peter",
            "orcid_id": [
                "0000-0002-4657-8532"
            ]
        },
        {
            "id": "ur.01025400671.24",
            "research_orgs": [
                "grid.461765.7",
                "grid.5037.1",
                "grid.452834.c",
                "grid.10392.39"
            ],
            "last_name": "Schwenk",
            "first_name": "Jochen M",
            "orcid_id": [
                "0000-0001-8141-8449"
            ]
        },
        {
            "id": "ur.01326273543.73",
            "research_orgs": [
                "grid.4514.4",
                "grid.24381.3c",
                "grid.8993.b",
                "grid.452834.c",
                "grid.5117.2"
            ],
            "last_name": "Lindskog",
            "first_name": "Cecilia",
            "orcid_id": [
                "0000-0001-5611-1015"
            ]
        },
        {
            "id": "ur.01033236502.67",
            "research_orgs": [
                "grid.4714.6",
                "grid.5037.1",
                "grid.452834.c"
            ],
            "last_name": "Danielsson",
            "first_name": "Frida"
        },
        {
            "id": "ur.01272631351.97",
            "research_orgs": [
                "grid.5371.0",
                "grid.24349.38",
                "grid.5037.1",
                "grid.13097.3c",
                "grid.452834.c"
            ],
            "last_name": "Mardinoglu",
            "first_name": "Adil",
            "orcid_id": [
                "0000-0002-4254-6090"
            ]
        },
        {
            "id": "ur.0750674260.80",
            "research_orgs": [
                "grid.5037.1"
            ],
            "last_name": "Sivertsson",
            "first_name": "\u00c5sa"
        },
        {
            "id": "ur.0712644757.76",
            "research_orgs": [
                "grid.5037.1"
            ],
            "last_name": "Von Feilitzen",
            "first_name": "Kalle"
        },
        {
            "id": "ur.0615562545.54",
            "research_orgs": [
                "grid.5037.1"
            ],
            "last_name": "Forsberg",
            "first_name": "Mattias"
        },
        {
            "id": "ur.0732011145.84",
            "research_orgs": [
                "grid.5037.1"
            ],
            "last_name": "Zwahlen",
            "first_name": "Martin"
        },
        {
            "id": "ur.01032602326.32",
            "research_orgs": [
                "grid.8993.b"
            ],
            "last_name": "Olsson",
            "first_name": "Ingmarie"
        },
        {
            "id": "ur.01064170200.16",
            "research_orgs": [
                "grid.4714.6",
                "grid.10548.38",
                "grid.5037.1",
                "grid.452834.c",
                "grid.418377.e"
            ],
            "last_name": "Huss",
            "first_name": "Mikael E",
            "orcid_id": [
                "0000-0003-0839-2451"
            ]
        },
        {
            "id": "ur.065562055.72",
            "research_orgs": [
                "grid.5170.3",
                "grid.475435.4",
                "grid.6203.7",
                "grid.116068.8",
                "grid.5037.1",
                "grid.452834.c",
                "grid.48166.3d",
                "grid.5371.0",
                "grid.154185.c",
                "grid.487026.f",
                "grid.418811.5",
                "grid.7048.b",
                "grid.10595.38",
                "grid.5254.6",
                "grid.480463.d",
                "grid.213876.9",
                "grid.46534.30",
                "grid.425956.9"
            ],
            "last_name": "Nielsen",
            "first_name": "Jens Brehm Bagger",
            "orcid_id": [
                "0000-0002-9955-6003"
            ]
        },
        {
            "id": "ur.0624124156.53",
            "research_orgs": [
                "grid.4714.6",
                "grid.4514.4",
                "grid.5037.1",
                "grid.13097.3c",
                "grid.8993.b",
                "grid.452834.c",
                "grid.412354.5"
            ],
            "last_name": "Pont\u00e9n",
            "first_name": "Fredrik C",
            "orcid_id": [
                "0000-0003-0703-3940"
            ]
        },
        {
            "id": "ur.01023367713.91",
            "research_orgs": [
                "grid.10548.38",
                "grid.5371.0",
                "grid.412354.5",
                "grid.420142.1",
                "grid.5037.1",
                "grid.4709.a",
                "grid.8761.8",
                "grid.5170.3",
                "grid.19006.3e",
                "grid.4714.6",
                "grid.410552.7",
                "grid.452834.c",
                "grid.411313.5",
                "grid.411726.7",
                "grid.418824.3",
                "grid.411843.b",
                "grid.487026.f",
                "grid.4514.4",
                "grid.8993.b"
            ],
            "last_name": "Uhl\u00e9n",
            "first_name": "Mathias",
            "orcid_id": [
                "0000-0002-4858-8056"
            ]
        }
    ],
    "relative_citation_ratio": 37.9,
    "type": "article",
    "volume": "13",
    "pmcid": "PMC3916642"
}