{
    "research_orgs": [
        {
            "id": "grid.27860.3b",
            "linkout": [
                "http://ucdavis.edu/"
            ],
            "city_name": "Davis",
            "longitude": -121.75,
            "acronym": "UCD",
            "state_name": "California",
            "latitude": 38.54,
            "name": "University of California, Davis",
            "types": [
                "Education"
            ],
            "country_name": "United States"
        }
    ],
    "research_org_country_names": [
        "United States",
        "Finland",
        "Canada"
    ],
    "pmid": "10846092",
    "funders": [
        {
            "id": "grid.417684.8",
            "linkout": [
                "http://www.usphs.gov/"
            ],
            "city_name": "Washington D.C.",
            "longitude": -77.029,
            "acronym": "USPHS",
            "state_name": "District of Columbia",
            "latitude": 38.919567,
            "name": "United States Public Health Service",
            "types": [
                "Government"
            ],
            "country_name": "United States"
        },
        {
            "id": "grid.419681.3",
            "linkout": [
                "http://www.niaid.nih.gov/Pages/default.aspx"
            ],
            "city_name": "Bethesda",
            "longitude": -77.11183,
            "acronym": "NIAID",
            "state_name": "Maryland",
            "latitude": 39.066647,
            "name": "National Institute of Allergy and Infectious Diseases",
            "types": [
                "Facility"
            ],
            "country_name": "United States"
        },
        {
            "id": "grid.429651.d",
            "linkout": [
                "https://ncats.nih.gov/"
            ],
            "city_name": "Rockville",
            "longitude": -77.197174,
            "acronym": "NCATS",
            "state_name": "Maryland",
            "latitude": 39.09584,
            "name": "National Center for Advancing Translational Sciences",
            "types": [
                "Government"
            ],
            "country_name": "United States"
        }
    ],
    "title": "Simian Immunodeficiency Virus Rapidly Penetrates the Cervicovaginal Mucosa after Intravaginal Inoculation and Infects Intraepithelial Dendritic Cells",
    "type": "article",
    "year": 2000,
    "journal": {
        "id": "jour.1008072",
        "title": "Journal of Virology"
    },
    "researchers": [
        {
            "id": "ur.01325477101.63",
            "research_orgs": [
                "grid.27860.3b"
            ],
            "first_name": "Jinjie",
            "last_name": "Hu"
        },
        {
            "id": "ur.01256240665.01",
            "research_orgs": [
                "grid.239546.f",
                "grid.27860.3b",
                "grid.214007.0",
                "grid.42505.36",
                "grid.19006.3e",
                "grid.30389.31",
                "grid.239573.9"
            ],
            "first_name": "Murray Briggs",
            "last_name": "Gardner"
        },
        {
            "id": "ur.016012047742.20",
            "research_orgs": [
                "grid.27860.3b",
                "grid.413079.8",
                "grid.7849.2",
                "grid.420089.7",
                "grid.266102.1",
                "grid.136593.b",
                "grid.265892.2"
            ],
            "first_name": "Christopher James",
            "last_name": "Miller"
        }
    ],
    "FOR": [
        {
            "id": "3114",
            "name": "1108 Medical Microbiology"
        },
        {
            "id": "3103",
            "name": "1107 Immunology"
        }
    ],
    "research_org_countries": [
        {
            "id": "FI",
            "name": "Finland"
        },
        {
            "id": "US",
            "name": "United States"
        },
        {
            "id": "CA",
            "name": "Canada"
        }
    ],
    "date": "2000-07-01",
    "altmetric": 6.0,
    "pages": "6087-6095",
    "research_org_state_names": [
        "California",
        "Quebec"
    ],
    "id": "pub.1053342640",
    "research_org_state_codes": [
        {
            "id": "US-CA",
            "name": "California"
        },
        {
            "id": "CA-QC",
            "name": "Quebec"
        }
    ],
    "volume": "74",
    "issue": "13",
    "research_org_cities": [
        {
            "id": 5341704,
            "name": "Davis"
        },
        {
            "id": 6077243,
            "name": "Montr\u00e9al"
        },
        {
            "id": 660158,
            "name": "Espoo"
        },
        {
            "id": 633679,
            "name": "Turku"
        }
    ],
    "open_access": [
        "Open Access - all",
        "Open Access - publisher",
        "Open Access - published"
    ],
    "author_affiliations": [
        [
            {
                "first_name": "Jinjie",
                "last_name": "Hu",
                "initials": "",
                "corresponding": "",
                "orcid": "",
                "current_organization_id": "grid.27860.3b",
                "researcher_id": "ur.01325477101.63",
                "affiliations": [
                    {
                        "name": "California Regional Primate Research Center,"
                    }
                ]
            },
            {
                "first_name": "Murray B.",
                "last_name": "Gardner",
                "initials": "",
                "corresponding": "",
                "orcid": "",
                "current_organization_id": "",
                "researcher_id": "ur.01256240665.01",
                "affiliations": [
                    {
                        "name": "Center for Comparative Medicine,"
                    },
                    {
                        "name": "Department of Medical Pathology, School of Medicine, and"
                    }
                ]
            },
            {
                "first_name": "Christopher J.",
                "last_name": "Miller",
                "initials": "",
                "corresponding": "",
                "orcid": "",
                "current_organization_id": "grid.27860.3b",
                "researcher_id": "ur.016012047742.20",
                "affiliations": [
                    {
                        "name": "California Regional Primate Research Center,"
                    },
                    {
                        "name": "Center for Comparative Medicine,"
                    },
                    {
                        "id": "grid.27860.3b",
                        "name": "University of California, Davis",
                        "city": "Davis",
                        "city_id": 5341704,
                        "country": "United States",
                        "country_code": "US",
                        "state": "California",
                        "state_code": "US-CA"
                    }
                ]
            }
        ]
    ],
    "pmcid": "PMC112107",
    "doi": "10.1128/jvi.74.13.6087-6095.2000",
    "times_cited": 420,
    "references": [
        "pub.1059200276",
        "pub.1067730867",
        "pub.1009044693",
        "pub.1001653007",
        "pub.1059699528",
        "pub.1025844736",
        "pub.1014631459",
        "pub.1048013519",
        "pub.1083356548",
        "pub.1027801647",
        "pub.1005306397",
        "pub.1034010854",
        "pub.1049242506",
        "pub.1036499810",
        "pub.1073692477",
        "pub.1083045551",
        "pub.1083252200",
        "pub.1079555224",
        "pub.1082754501",
        "pub.1051407991",
        "pub.1083057267",
        "pub.1062552354",
        "pub.1083086861",
        "pub.1076852349",
        "pub.1082669258",
        "pub.1078327118",
        "pub.1034696932",
        "pub.1083236388",
        "pub.1082807928",
        "pub.1062567286",
        "pub.1018288383",
        "pub.1083315073",
        "pub.1062566347",
        "pub.1076443426",
        "pub.1082643818",
        "pub.1076432964"
    ],
    "relative_citation_ratio": 7.88
}