{
    "volume": "32",
    "date": "2002-10-01",
    "title": "Measuring ISP topologies with rocketfuel",
    "researchers": [
        {
            "id": "ur.01325150000.94",
            "last_name": "Spring",
            "first_name": "Neil T",
            "research_orgs": [
                "grid.164295.d",
                "grid.34477.33",
                "grid.266100.3",
                "grid.410443.6"
            ]
        },
        {
            "id": "ur.012525510227.22",
            "last_name": "Mahajan",
            "first_name": "Ratul",
            "research_orgs": [
                "grid.419815.0",
                "grid.34477.33"
            ]
        },
        {
            "id": "ur.015443300701.01",
            "last_name": "Wetherall",
            "first_name": "David J",
            "research_orgs": [
                "grid.34477.33",
                "grid.116068.8"
            ]
        }
    ],
    "research_org_state_codes": [
        {
            "id": "US-WA",
            "name": "Washington"
        }
    ],
    "altmetric": 3.0,
    "pages": "133-145",
    "research_org_cities": [
        {
            "id": 5809844,
            "name": "Seattle"
        }
    ],
    "research_org_countries": [
        {
            "id": "US",
            "name": "United States"
        }
    ],
    "doi": "10.1145/964725.633039",
    "FOR": [
        {
            "id": "3001",
            "name": "1005 Communications Technologies"
        }
    ],
    "research_orgs": [
        {
            "id": "grid.34477.33",
            "acronym": "UW",
            "state_name": "Washington",
            "types": [
                "Education"
            ],
            "longitude": -122.30353,
            "linkout": [
                "http://www.washington.edu/"
            ],
            "latitude": 47.655537,
            "name": "University of Washington",
            "city_name": "Seattle",
            "country_name": "United States"
        }
    ],
    "times_cited": 371,
    "research_org_country_names": [
        "United States"
    ],
    "id": "pub.1023784062",
    "issue": "4",
    "journal": {
        "id": "jour.1022070",
        "title": "ACM SIGCOMM Computer Communication Review"
    },
    "year": 2002,
    "references": [
        "pub.1031332454",
        "pub.1061106107",
        "pub.1012191316",
        "pub.1006260378",
        "pub.1098944563",
        "pub.1099067784",
        "pub.1032025949",
        "pub.1048043186",
        "pub.1045561029",
        "pub.1013282936",
        "pub.1032678528",
        "pub.1022961440",
        "pub.1017680582"
    ],
    "research_org_state_names": [
        "Washington"
    ],
    "author_affiliations": [
        [
            {
                "first_name": "Neil",
                "last_name": "Spring",
                "initials": "",
                "corresponding": "",
                "orcid": "",
                "current_organization_id": "grid.164295.d",
                "researcher_id": "ur.01325150000.94",
                "affiliations": [
                    {
                        "id": "grid.34477.33",
                        "name": "University of Washington",
                        "city": "Seattle",
                        "city_id": 5809844,
                        "country": "United States",
                        "country_code": "US",
                        "state": "Washington",
                        "state_code": "US-WA"
                    }
                ]
            },
            {
                "first_name": "Ratul",
                "last_name": "Mahajan",
                "initials": "",
                "corresponding": "",
                "orcid": "",
                "current_organization_id": "grid.34477.33",
                "researcher_id": "ur.012525510227.22",
                "affiliations": [
                    {
                        "id": "grid.34477.33",
                        "name": "University of Washington",
                        "city": "Seattle",
                        "city_id": 5809844,
                        "country": "United States",
                        "country_code": "US",
                        "state": "Washington",
                        "state_code": "US-WA"
                    }
                ]
            },
            {
                "first_name": "David",
                "last_name": "Wetherall",
                "initials": "",
                "corresponding": "",
                "orcid": "",
                "current_organization_id": "grid.34477.33",
                "researcher_id": "ur.015443300701.01",
                "affiliations": [
                    {
                        "id": "grid.34477.33",
                        "name": "University of Washington",
                        "city": "Seattle",
                        "city_id": 5809844,
                        "country": "United States",
                        "country_code": "US",
                        "state": "Washington",
                        "state_code": "US-WA"
                    }
                ]
            }
        ]
    ],
    "type": "article"
}