{
    "pmid": "29610327",
    "author_affiliations": [
        [
            {
                "first_name": "Ioanna",
                "last_name": "Ntai",
                "initials": "",
                "corresponding": "",
                "orcid": "['0000-0002-6874-1783']",
                "current_organization_id": "grid.467607.4",
                "researcher_id": "ur.01266424377.25",
                "affiliations": [
                    {
                        "id": "grid.16753.36",
                        "name": "Northwestern University",
                        "city": "Evanston",
                        "city_id": 4891382,
                        "country": "United States",
                        "country_code": "US",
                        "state": "Illinois",
                        "state_code": "US-IL"
                    }
                ]
            },
            {
                "first_name": "Luca",
                "last_name": "Fornelli",
                "initials": "",
                "corresponding": "",
                "orcid": "['0000-0001-6334-1046']",
                "current_organization_id": "grid.16753.36",
                "researcher_id": "ur.0771156647.22",
                "affiliations": [
                    {
                        "id": "grid.16753.36",
                        "name": "Northwestern University",
                        "city": "Evanston",
                        "city_id": 4891382,
                        "country": "United States",
                        "country_code": "US",
                        "state": "Illinois",
                        "state_code": "US-IL"
                    }
                ]
            },
            {
                "first_name": "Caroline J.",
                "last_name": "DeHart",
                "initials": "",
                "corresponding": "",
                "orcid": "",
                "current_organization_id": "grid.16753.36",
                "researcher_id": "ur.014127560645.20",
                "affiliations": [
                    {
                        "id": "grid.16753.36",
                        "name": "Northwestern University",
                        "city": "Evanston",
                        "city_id": 4891382,
                        "country": "United States",
                        "country_code": "US",
                        "state": "Illinois",
                        "state_code": "US-IL"
                    }
                ]
            },
            {
                "first_name": "Josiah E.",
                "last_name": "Hutton",
                "initials": "",
                "corresponding": "",
                "orcid": "",
                "current_organization_id": "grid.16753.36",
                "researcher_id": "ur.016700441655.07",
                "affiliations": [
                    {
                        "id": "grid.16753.36",
                        "name": "Northwestern University",
                        "city": "Evanston",
                        "city_id": 4891382,
                        "country": "United States",
                        "country_code": "US",
                        "state": "Illinois",
                        "state_code": "US-IL"
                    }
                ]
            },
            {
                "first_name": "Peter F.",
                "last_name": "Doubleday",
                "initials": "",
                "corresponding": "",
                "orcid": "",
                "current_organization_id": "grid.16753.36",
                "researcher_id": "ur.01215734352.15",
                "affiliations": [
                    {
                        "id": "grid.16753.36",
                        "name": "Northwestern University",
                        "city": "Evanston",
                        "city_id": 4891382,
                        "country": "United States",
                        "country_code": "US",
                        "state": "Illinois",
                        "state_code": "US-IL"
                    }
                ]
            },
            {
                "first_name": "Richard D.",
                "last_name": "LeDuc",
                "initials": "",
                "corresponding": "",
                "orcid": "",
                "current_organization_id": "grid.86715.3d",
                "researcher_id": "ur.0704014270.30",
                "affiliations": [
                    {
                        "id": "grid.16753.36",
                        "name": "Northwestern University",
                        "city": "Evanston",
                        "city_id": 4891382,
                        "country": "United States",
                        "country_code": "US",
                        "state": "Illinois",
                        "state_code": "US-IL"
                    }
                ]
            },
            {
                "first_name": "Alexandra J.",
                "last_name": "van Nispen",
                "initials": "",
                "corresponding": "",
                "orcid": "",
                "current_organization_id": "grid.16753.36",
                "researcher_id": "ur.010420733574.58",
                "affiliations": [
                    {
                        "id": "grid.16753.36",
                        "name": "Northwestern University",
                        "city": "Evanston",
                        "city_id": 4891382,
                        "country": "United States",
                        "country_code": "US",
                        "state": "Illinois",
                        "state_code": "US-IL"
                    }
                ]
            },
            {
                "first_name": "Ryan T.",
                "last_name": "Fellers",
                "initials": "",
                "corresponding": "",
                "orcid": "",
                "current_organization_id": "grid.16753.36",
                "researcher_id": "ur.0717765340.32",
                "affiliations": [
                    {
                        "id": "grid.16753.36",
                        "name": "Northwestern University",
                        "city": "Evanston",
                        "city_id": 4891382,
                        "country": "United States",
                        "country_code": "US",
                        "state": "Illinois",
                        "state_code": "US-IL"
                    }
                ]
            },
            {
                "first_name": "Gordon",
                "last_name": "Whiteley",
                "initials": "",
                "corresponding": "",
                "orcid": "",
                "current_organization_id": "grid.418021.e",
                "researcher_id": "ur.01212472763.14",
                "affiliations": [
                    {
                        "name": "Leidos Biomedical Research Inc"
                    }
                ]
            },
            {
                "first_name": "Emily S.",
                "last_name": "Boja",
                "initials": "",
                "corresponding": "",
                "orcid": "",
                "current_organization_id": "grid.48336.3a",
                "researcher_id": "ur.0616012661.10",
                "affiliations": [
                    {
                        "id": "grid.48336.3a",
                        "name": "National Cancer Institute",
                        "city": "Rockville",
                        "city_id": 4367175,
                        "country": "United States",
                        "country_code": "US",
                        "state": "Maryland",
                        "state_code": "US-MD"
                    }
                ]
            },
            {
                "first_name": "Henry",
                "last_name": "Rodriguez",
                "initials": "",
                "corresponding": "",
                "orcid": "",
                "current_organization_id": "grid.48336.3a",
                "researcher_id": "ur.01042626561.32",
                "affiliations": [
                    {
                        "id": "grid.48336.3a",
                        "name": "National Cancer Institute",
                        "city": "Rockville",
                        "city_id": 4367175,
                        "country": "United States",
                        "country_code": "US",
                        "state": "Maryland",
                        "state_code": "US-MD"
                    }
                ]
            },
            {
                "first_name": "Neil L.",
                "last_name": "Kelleher",
                "initials": "",
                "corresponding": "",
                "orcid": "",
                "current_organization_id": "grid.16753.36",
                "researcher_id": "ur.01111231777.65",
                "affiliations": [
                    {
                        "id": "grid.16753.36",
                        "name": "Northwestern University",
                        "city": "Evanston",
                        "city_id": 4891382,
                        "country": "United States",
                        "country_code": "US",
                        "state": "Illinois",
                        "state_code": "US-IL"
                    }
                ]
            }
        ]
    ],
    "altmetric": 85.0,
    "FOR": [
        {
            "id": "2581",
            "name": "0601 Biochemistry and Cell Biology"
        },
        {
            "id": "3142",
            "name": "1112 Oncology and Carcinogenesis"
        }
    ],
    "research_org_countries": [
        {
            "id": "US",
            "name": "United States"
        }
    ],
    "title": "Precise characterization of KRAS4b proteoforms in human colorectal cells and tumors reveals mutation/modification cross-talk",
    "research_org_cities": [
        {
            "id": 4781530,
            "name": "Reston"
        },
        {
            "id": 4891382,
            "name": "Evanston"
        },
        {
            "id": 4367175,
            "name": "Rockville"
        }
    ],
    "pages": "201716122",
    "issue": "16",
    "research_org_state_names": [
        "Illinois",
        "Maryland",
        "Virginia"
    ],
    "open_access": [
        "Open Access - all",
        "Open Access - publisher",
        "Open Access - published"
    ],
    "doi": "10.1073/pnas.1716122115",
    "times_cited": 21,
    "funders": [
        {
            "id": "grid.48336.3a",
            "name": "National Cancer Institute",
            "linkout": [
                "http://www.cancer.gov/"
            ],
            "country_name": "United States",
            "types": [
                "Government"
            ],
            "latitude": 39.004326,
            "acronym": "NCI",
            "state_name": "Maryland",
            "city_name": "Rockville",
            "longitude": -77.10119
        },
        {
            "id": "grid.280785.0",
            "name": "National Institute of General Medical Sciences",
            "linkout": [
                "http://www.nigms.nih.gov/Pages/default.aspx"
            ],
            "country_name": "United States",
            "types": [
                "Facility"
            ],
            "latitude": 38.997833,
            "acronym": "NIGMS",
            "state_name": "Maryland",
            "city_name": "Bethesda",
            "longitude": -77.09938
        }
    ],
    "journal": {
        "id": "jour.1082971",
        "title": "Proceedings of the National Academy of Sciences of the United States of America"
    },
    "research_orgs": [
        {
            "id": "grid.48336.3a",
            "name": "National Cancer Institute",
            "linkout": [
                "http://www.cancer.gov/"
            ],
            "country_name": "United States",
            "types": [
                "Government"
            ],
            "latitude": 39.004326,
            "acronym": "NCI",
            "state_name": "Maryland",
            "city_name": "Rockville",
            "longitude": -77.10119
        },
        {
            "id": "grid.16753.36",
            "name": "Northwestern University",
            "linkout": [
                "http://www.northwestern.edu/"
            ],
            "country_name": "United States",
            "types": [
                "Education"
            ],
            "latitude": 42.05485,
            "acronym": "NU",
            "state_name": "Illinois",
            "city_name": "Evanston",
            "longitude": -87.67394
        }
    ],
    "year": 2018,
    "references": [
        "pub.1063416473",
        "pub.1016069903",
        "pub.1029794418",
        "pub.1037639563",
        "pub.1008249433",
        "pub.1090398301",
        "pub.1018053018",
        "pub.1010830282",
        "pub.1021179612",
        "pub.1017546328",
        "pub.1026269991",
        "pub.1037090399",
        "pub.1051041930",
        "pub.1051903402",
        "pub.1027806144",
        "pub.1023696791",
        "pub.1047433552",
        "pub.1003482005",
        "pub.1044244580",
        "pub.1063215869",
        "pub.1084221462",
        "pub.1039304947",
        "pub.1051436379",
        "pub.1038731708",
        "pub.1005325971",
        "pub.1032239893",
        "pub.1027005797",
        "pub.1013795914",
        "pub.1062655691",
        "pub.1013804383",
        "pub.1058216083",
        "pub.1027513167",
        "pub.1011711315",
        "pub.1017754395",
        "pub.1090612641",
        "pub.1055115588",
        "pub.1011912990",
        "pub.1055115587",
        "pub.1036230576",
        "pub.1024132312",
        "pub.1014713798",
        "pub.1045966068",
        "pub.1008433539",
        "pub.1018367071",
        "pub.1044069838",
        "pub.1055003059",
        "pub.1084096572"
    ],
    "id": "pub.1101894034",
    "research_org_country_names": [
        "United States"
    ],
    "date": "2018-04-17",
    "research_org_state_codes": [
        {
            "id": "US-IL",
            "name": "Illinois"
        },
        {
            "id": "US-VA",
            "name": "Virginia"
        },
        {
            "id": "US-MD",
            "name": "Maryland"
        }
    ],
    "researchers": [
        {
            "id": "ur.01266424377.25",
            "research_orgs": [
                "grid.16753.36",
                "grid.267153.4",
                "grid.12082.39",
                "grid.467607.4",
                "grid.35403.31",
                "grid.152326.1",
                "grid.7340.0"
            ],
            "last_name": "Ntai",
            "first_name": "Ioanna",
            "orcid_id": [
                "0000-0002-6874-1783"
            ]
        },
        {
            "id": "ur.0771156647.22",
            "research_orgs": [
                "grid.16753.36",
                "grid.266900.b",
                "grid.5333.6"
            ],
            "last_name": "Fornelli",
            "first_name": "Luca",
            "orcid_id": [
                "0000-0001-6334-1046"
            ]
        },
        {
            "id": "ur.014127560645.20",
            "research_orgs": [
                "grid.481548.4",
                "grid.16750.35",
                "grid.16753.36"
            ],
            "last_name": "Dehart",
            "first_name": "Caroline J"
        },
        {
            "id": "ur.016700441655.07",
            "research_orgs": [
                "grid.16753.36"
            ],
            "last_name": "Hutton",
            "first_name": "Josiah E"
        },
        {
            "id": "ur.01215734352.15",
            "research_orgs": [
                "grid.59062.38",
                "grid.16753.36"
            ],
            "last_name": "Doubleday",
            "first_name": "Peter F"
        },
        {
            "id": "ur.0704014270.30",
            "research_orgs": [
                "grid.14848.31",
                "grid.16753.36",
                "grid.22072.35",
                "grid.86715.3d",
                "grid.14003.36",
                "grid.35403.31",
                "grid.411377.7",
                "grid.4367.6"
            ],
            "last_name": "Leduc",
            "first_name": "Richard D"
        },
        {
            "id": "ur.010420733574.58",
            "research_orgs": [
                "grid.16753.36"
            ],
            "last_name": "Van Nispen",
            "first_name": "Alexandra J"
        },
        {
            "id": "ur.0717765340.32",
            "research_orgs": [
                "grid.16753.36"
            ],
            "last_name": "Fellers",
            "first_name": "Ryan Tal"
        },
        {
            "id": "ur.01212472763.14",
            "research_orgs": [
                "grid.94365.3d",
                "grid.419407.f",
                "grid.417768.b",
                "grid.418021.e",
                "grid.48336.3a"
            ],
            "last_name": "Whiteley",
            "first_name": "Gordon R"
        },
        {
            "id": "ur.0616012661.10",
            "research_orgs": [
                "grid.419635.c",
                "grid.94365.3d",
                "grid.48336.3a",
                "grid.279885.9",
                "grid.224260.0",
                "grid.420086.8"
            ],
            "last_name": "Boja",
            "first_name": "Emily S"
        },
        {
            "id": "ur.01042626561.32",
            "research_orgs": [
                "grid.48336.3a",
                "grid.94365.3d",
                "grid.453125.4",
                "grid.4367.6"
            ],
            "last_name": "Rodriguez",
            "first_name": "Henry"
        },
        {
            "id": "ur.01111231777.65",
            "research_orgs": [
                "grid.21107.35",
                "grid.27755.32",
                "grid.5386.8",
                "grid.35403.31",
                "grid.16753.36",
                "grid.10825.3e",
                "grid.38142.3c",
                "grid.14003.36"
            ],
            "last_name": "Kelleher",
            "first_name": "Neil L"
        }
    ],
    "relative_citation_ratio": 3.3,
    "type": "article",
    "volume": "115",
    "pmcid": "PMC5910823"
}