{
    "research_orgs": [
        {
            "id": "grid.4991.5",
            "linkout": [
                "http://www.ox.ac.uk/"
            ],
            "city_name": "Oxford",
            "longitude": -1.2540097,
            "state_name": "Oxfordshire",
            "latitude": 51.753437,
            "name": "University of Oxford",
            "types": [
                "Education"
            ],
            "country_name": "United Kingdom"
        },
        {
            "id": "grid.8756.c",
            "linkout": [
                "http://www.gla.ac.uk/"
            ],
            "city_name": "Glasgow",
            "longitude": -4.288221,
            "latitude": 55.872307,
            "name": "University of Glasgow",
            "types": [
                "Education"
            ],
            "country_name": "United Kingdom"
        }
    ],
    "research_org_country_names": [
        "United Kingdom"
    ],
    "pmid": "21203938",
    "funders": [
        {
            "id": "grid.14105.31",
            "linkout": [
                "http://www.mrc.ac.uk/"
            ],
            "city_name": "London",
            "longitude": -0.119432,
            "acronym": "MRC",
            "latitude": 51.514755,
            "name": "Medical Research Council",
            "types": [
                "Government"
            ],
            "country_name": "United Kingdom"
        }
    ],
    "title": "Specific interaction of hepatitis C virus glycoproteins with mannan binding lectin inhibits virus entry",
    "type": "article",
    "year": 2010,
    "journal": {
        "id": "jour.1043601",
        "title": "Protein & Cell"
    },
    "researchers": [
        {
            "id": "ur.01362725631.91",
            "research_orgs": [
                "grid.4563.4"
            ],
            "first_name": "Kristelle S",
            "last_name": "Brown"
        },
        {
            "id": "ur.01321745037.10",
            "first_name": "Michael J",
            "last_name": "Keogh"
        },
        {
            "id": "ur.0753272137.43",
            "research_orgs": [
                "grid.301713.7",
                "grid.8756.c",
                "grid.5846.f"
            ],
            "first_name": "Ania M",
            "last_name": "Owsianka"
        },
        {
            "id": "ur.0673230260.01",
            "research_orgs": [
                "grid.8756.c",
                "grid.301713.7"
            ],
            "first_name": "Richard",
            "last_name": "Adair"
        },
        {
            "id": "ur.0777764535.58",
            "research_orgs": [
                "grid.301713.7",
                "grid.8756.c",
                "grid.38142.3c"
            ],
            "first_name": "Arvind H",
            "last_name": "Patel"
        },
        {
            "id": "ur.01051067473.96",
            "research_orgs": [
                "grid.470869.4",
                "grid.4991.5",
                "grid.9918.9",
                "grid.5335.0",
                "grid.13097.3c"
            ],
            "first_name": "James Noble",
            "last_name": "Arnold",
            "orcid_id": [
                "0000-0002-6949-0613"
            ]
        },
        {
            "id": "ur.01035447407.30",
            "research_orgs": [
                "grid.413964.d",
                "grid.415598.4",
                "grid.56302.32",
                "grid.271308.f",
                "grid.240404.6",
                "grid.4563.4"
            ],
            "first_name": "Jonathan Kelvin",
            "last_name": "Ball",
            "orcid_id": [
                "0000-0001-5773-8733"
            ]
        },
        {
            "id": "ur.011170702737.77",
            "research_orgs": [
                "grid.418727.f",
                "grid.414549.9",
                "grid.7048.b",
                "grid.4991.5",
                "grid.415489.5",
                "grid.17063.33",
                "grid.457348.9",
                "grid.426108.9",
                "grid.9918.9",
                "grid.418478.6",
                "grid.418236.a",
                "grid.5591.8",
                "grid.15538.3a",
                "grid.5252.0",
                "grid.14105.31"
            ],
            "first_name": "Robert B M",
            "last_name": "Sim",
            "orcid_id": [
                "0000-0002-2855-7455"
            ]
        },
        {
            "id": "ur.01234272560.04",
            "research_orgs": [
                "grid.4563.4",
                "grid.240404.6",
                "grid.4562.5"
            ],
            "first_name": "Alexander William",
            "last_name": "Tarr",
            "orcid_id": [
                "0000-0003-1009-0823"
            ]
        },
        {
            "id": "ur.01320253005.41",
            "research_orgs": [
                "grid.4563.4",
                "grid.418566.8",
                "grid.4991.5",
                "grid.418236.a",
                "grid.410513.2"
            ],
            "first_name": "Timothy P",
            "last_name": "Hickling",
            "orcid_id": [
                "0000-0002-8918-2140"
            ]
        }
    ],
    "FOR": [
        {
            "id": "3114",
            "name": "1108 Medical Microbiology"
        }
    ],
    "research_org_countries": [
        {
            "id": "GB",
            "name": "United Kingdom"
        }
    ],
    "date": "2010-07-01",
    "altmetric": 3.0,
    "pages": "664-674",
    "id": "pub.1003206597",
    "volume": "1",
    "issue": "7",
    "research_org_cities": [
        {
            "id": 2640729,
            "name": "Oxford"
        },
        {
            "id": 2641170,
            "name": "Nottingham"
        },
        {
            "id": 2648579,
            "name": "Glasgow"
        }
    ],
    "open_access": [
        "Open Access - all",
        "Open Access - publisher",
        "Open Access - published"
    ],
    "author_affiliations": [
        [
            {
                "first_name": "Kristelle S.",
                "last_name": "Brown",
                "initials": "",
                "corresponding": "",
                "orcid": "",
                "current_organization_id": "grid.4563.4",
                "researcher_id": "ur.01362725631.91",
                "affiliations": [
                    {
                        "name": "Institute of Infection, Immunity and Inflammation, School of Molecular Medical Sciences, The University of Nottingham, Queen\u2019s Medical Centre, NG7 2UH, Nottingham, UK"
                    }
                ]
            },
            {
                "first_name": "Michael J.",
                "last_name": "Keogh",
                "initials": "",
                "corresponding": "",
                "orcid": "",
                "current_organization_id": "",
                "researcher_id": "ur.01321745037.10",
                "affiliations": [
                    {
                        "name": "Institute of Infection, Immunity and Inflammation, School of Molecular Medical Sciences, The University of Nottingham, Queen\u2019s Medical Centre, NG7 2UH, Nottingham, UK"
                    }
                ]
            },
            {
                "first_name": "Ania M.",
                "last_name": "Owsianka",
                "initials": "",
                "corresponding": "",
                "orcid": "",
                "current_organization_id": "grid.301713.7",
                "researcher_id": "ur.0753272137.43",
                "affiliations": [
                    {
                        "id": "grid.8756.c",
                        "name": "University of Glasgow",
                        "city": "Glasgow",
                        "city_id": 2648579,
                        "country": "United Kingdom",
                        "country_code": "GB",
                        "state": null,
                        "state_code": null
                    }
                ]
            },
            {
                "first_name": "Richard",
                "last_name": "Adair",
                "initials": "",
                "corresponding": "",
                "orcid": "",
                "current_organization_id": "grid.301713.7",
                "researcher_id": "ur.0673230260.01",
                "affiliations": [
                    {
                        "id": "grid.8756.c",
                        "name": "University of Glasgow",
                        "city": "Glasgow",
                        "city_id": 2648579,
                        "country": "United Kingdom",
                        "country_code": "GB",
                        "state": null,
                        "state_code": null
                    }
                ]
            },
            {
                "first_name": "Arvind H.",
                "last_name": "Patel",
                "initials": "",
                "corresponding": "",
                "orcid": "",
                "current_organization_id": "grid.8756.c",
                "researcher_id": "ur.0777764535.58",
                "affiliations": [
                    {
                        "id": "grid.8756.c",
                        "name": "University of Glasgow",
                        "city": "Glasgow",
                        "city_id": 2648579,
                        "country": "United Kingdom",
                        "country_code": "GB",
                        "state": null,
                        "state_code": null
                    }
                ]
            },
            {
                "first_name": "James N.",
                "last_name": "Arnold",
                "initials": "",
                "corresponding": "",
                "orcid": "['0000-0002-6949-0613']",
                "current_organization_id": "grid.13097.3c",
                "researcher_id": "ur.01051067473.96",
                "affiliations": [
                    {
                        "id": "grid.4991.5",
                        "name": "University of Oxford",
                        "city": "Oxford",
                        "city_id": 2640729,
                        "country": "United Kingdom",
                        "country_code": "GB",
                        "state": null,
                        "state_code": null
                    }
                ]
            },
            {
                "first_name": "Jonathan K.",
                "last_name": "Ball",
                "initials": "",
                "corresponding": "",
                "orcid": "['0000-0001-5773-8733']",
                "current_organization_id": "grid.4563.4",
                "researcher_id": "ur.01035447407.30",
                "affiliations": [
                    {
                        "name": "Institute of Infection, Immunity and Inflammation, School of Molecular Medical Sciences, The University of Nottingham, Queen\u2019s Medical Centre, NG7 2UH, Nottingham, UK"
                    }
                ]
            },
            {
                "first_name": "Robert B.",
                "last_name": "Sim",
                "initials": "",
                "corresponding": "",
                "orcid": "['0000-0002-2855-7455']",
                "current_organization_id": "grid.4991.5",
                "researcher_id": "ur.011170702737.77",
                "affiliations": [
                    {
                        "id": "grid.4991.5",
                        "name": "University of Oxford",
                        "city": "Oxford",
                        "city_id": 2640729,
                        "country": "United Kingdom",
                        "country_code": "GB",
                        "state": null,
                        "state_code": null
                    }
                ]
            },
            {
                "first_name": "Alexander W.",
                "last_name": "Tarr",
                "initials": "",
                "corresponding": true,
                "orcid": "['0000-0003-1009-0823']",
                "current_organization_id": "grid.4563.4",
                "researcher_id": "ur.01234272560.04",
                "affiliations": [
                    {
                        "name": "Institute of Infection, Immunity and Inflammation, School of Molecular Medical Sciences, The University of Nottingham, Queen\u2019s Medical Centre, NG7 2UH, Nottingham, UK"
                    }
                ]
            },
            {
                "first_name": "Timothy P.",
                "last_name": "Hickling",
                "initials": "",
                "corresponding": "",
                "orcid": "['0000-0002-8918-2140']",
                "current_organization_id": "grid.410513.2",
                "researcher_id": "ur.01320253005.41",
                "affiliations": [
                    {
                        "name": "Institute of Infection, Immunity and Inflammation, School of Molecular Medical Sciences, The University of Nottingham, Queen\u2019s Medical Centre, NG7 2UH, Nottingham, UK"
                    }
                ]
            }
        ]
    ],
    "pmcid": "PMC4875281",
    "doi": "10.1007/s13238-010-0088-9",
    "times_cited": 38,
    "references": [
        "pub.1024821791",
        "pub.1053435659",
        "pub.1024971492",
        "pub.1042624636",
        "pub.1032186096",
        "pub.1027230877",
        "pub.1002699395",
        "pub.1034253544",
        "pub.1047044428",
        "pub.1032732996",
        "pub.1042875201",
        "pub.1052372583",
        "pub.1031989205",
        "pub.1081661719",
        "pub.1060362029",
        "pub.1024467376",
        "pub.1049739361",
        "pub.1004315958",
        "pub.1045504708",
        "pub.1046230874",
        "pub.1034511063",
        "pub.1042641973",
        "pub.1003802537",
        "pub.1001890559",
        "pub.1032341780",
        "pub.1001730882",
        "pub.1030354782",
        "pub.1059200172",
        "pub.1034648908",
        "pub.1045348981",
        "pub.1008408882",
        "pub.1037710298",
        "pub.1023305307",
        "pub.1044216966",
        "pub.1052598152",
        "pub.1010128181",
        "pub.1052202585",
        "pub.1022936245",
        "pub.1020619546",
        "pub.1039659579",
        "pub.1033719757",
        "pub.1022247590",
        "pub.1002378520",
        "pub.1028277628",
        "pub.1054735504",
        "pub.1021066355",
        "pub.1026768488",
        "pub.1076969454",
        "pub.1045274469",
        "pub.1016703334",
        "pub.1042906458",
        "pub.1041830100",
        "pub.1010688419",
        "pub.1043015866",
        "pub.1032582436",
        "pub.1016842379",
        "pub.1060399734",
        "pub.1038042838",
        "pub.1017030022",
        "pub.1083163703",
        "pub.1000841788"
    ],
    "relative_citation_ratio": 1.16
}