{
    "volume": "109",
    "date": "2018-07-01",
    "title": "Long non\u2010coding RNA FOXD2\u2010AS1 contributes to colorectal cancer proliferation through its interaction with microRNA\u2010185\u20105p",
    "researchers": [
        {
            "id": "ur.012743251502.51",
            "last_name": "Zhu",
            "first_name": "Yanyan",
            "research_orgs": [
                "grid.414011.1"
            ]
        },
        {
            "id": "ur.01054074443.03",
            "last_name": "Zhou",
            "first_name": "Yun",
            "research_orgs": [
                "grid.414011.1"
            ]
        },
        {
            "id": "ur.01316315761.66",
            "last_name": "Ma",
            "first_name": "Ning",
            "research_orgs": [
                "grid.412633.1",
                "grid.414011.1",
                "grid.207374.5"
            ]
        },
        {
            "id": "ur.015731153502.03",
            "last_name": "Wang",
            "first_name": "Chaojie",
            "orcid_id": [
                "0000-0003-1411-8475"
            ],
            "research_orgs": [
                "grid.414011.1"
            ]
        },
        {
            "id": "ur.013346000743.46",
            "last_name": "Zhou",
            "first_name": "Jianwei",
            "research_orgs": [
                "grid.414011.1"
            ]
        }
    ],
    "pmcid": "PMC6029818",
    "pages": "2235-2242",
    "research_org_cities": [
        {
            "id": 1784658,
            "name": "Zhengzhou"
        }
    ],
    "open_access": [
        "Open Access - all",
        "Open Access - publisher",
        "Open Access - published"
    ],
    "research_org_countries": [
        {
            "id": "CN",
            "name": "China"
        }
    ],
    "doi": "10.1111/cas.13632",
    "FOR": [
        {
            "id": "3142",
            "name": "1112 Oncology and Carcinogenesis"
        }
    ],
    "research_orgs": [
        {
            "id": "grid.414011.1",
            "types": [
                "Healthcare"
            ],
            "longitude": 113.69383,
            "linkout": [
                "http://www.hnsrmyy.net/"
            ],
            "latitude": 34.773376,
            "name": "Henan Provincial People's Hospital",
            "city_name": "Zhengzhou",
            "country_name": "China"
        }
    ],
    "times_cited": 29,
    "pmid": "29737580",
    "research_org_country_names": [
        "China"
    ],
    "id": "pub.1103859345",
    "issue": "7",
    "journal": {
        "id": "jour.1009673",
        "title": "Cancer Science"
    },
    "year": 2018,
    "references": [
        "pub.1042818164",
        "pub.1041816546",
        "pub.1045025270",
        "pub.1091848639",
        "pub.1028084599",
        "pub.1007897946",
        "pub.1015366301",
        "pub.1041317186",
        "pub.1024553453",
        "pub.1003333964",
        "pub.1071514249",
        "pub.1006931288",
        "pub.1050833467",
        "pub.1028265078",
        "pub.1000491787",
        "pub.1015269620",
        "pub.1031236821",
        "pub.1024140997",
        "pub.1028060819",
        "pub.1074209793",
        "pub.1018963471",
        "pub.1040813069",
        "pub.1045720561",
        "pub.1000327678",
        "pub.1051133532"
    ],
    "relative_citation_ratio": 4.07,
    "author_affiliations": [
        [
            {
                "first_name": "Yanyan",
                "last_name": "Zhu",
                "initials": "",
                "corresponding": "",
                "orcid": "",
                "current_organization_id": "grid.414011.1",
                "researcher_id": "ur.012743251502.51",
                "affiliations": [
                    {
                        "id": "grid.414011.1",
                        "name": "Henan Provincial People's Hospital",
                        "city": "Zhengzhou",
                        "city_id": 1784658,
                        "country": "China",
                        "country_code": "CN",
                        "state": null,
                        "state_code": null
                    }
                ]
            },
            {
                "first_name": "Liang",
                "last_name": "Qiao",
                "initials": "",
                "corresponding": "",
                "orcid": "",
                "current_organization_id": "",
                "researcher_id": "",
                "affiliations": [
                    {
                        "id": "grid.414011.1",
                        "name": "Henan Provincial People's Hospital",
                        "city": "Zhengzhou",
                        "city_id": 1784658,
                        "country": "China",
                        "country_code": "CN",
                        "state": null,
                        "state_code": null
                    }
                ]
            },
            {
                "first_name": "Yun",
                "last_name": "Zhou",
                "initials": "",
                "corresponding": "",
                "orcid": "",
                "current_organization_id": "grid.414011.1",
                "researcher_id": "ur.01054074443.03",
                "affiliations": [
                    {
                        "id": "grid.414011.1",
                        "name": "Henan Provincial People's Hospital",
                        "city": "Zhengzhou",
                        "city_id": 1784658,
                        "country": "China",
                        "country_code": "CN",
                        "state": null,
                        "state_code": null
                    }
                ]
            },
            {
                "first_name": "Ning",
                "last_name": "Ma",
                "initials": "",
                "corresponding": "",
                "orcid": "",
                "current_organization_id": "grid.412633.1",
                "researcher_id": "ur.01316315761.66",
                "affiliations": [
                    {
                        "id": "grid.414011.1",
                        "name": "Henan Provincial People's Hospital",
                        "city": "Zhengzhou",
                        "city_id": 1784658,
                        "country": "China",
                        "country_code": "CN",
                        "state": null,
                        "state_code": null
                    }
                ]
            },
            {
                "first_name": "Chaojie",
                "last_name": "Wang",
                "initials": "",
                "corresponding": "",
                "orcid": "['0000-0003-1411-8475']",
                "current_organization_id": "grid.414011.1",
                "researcher_id": "ur.015731153502.03",
                "affiliations": [
                    {
                        "id": "grid.414011.1",
                        "name": "Henan Provincial People's Hospital",
                        "city": "Zhengzhou",
                        "city_id": 1784658,
                        "country": "China",
                        "country_code": "CN",
                        "state": null,
                        "state_code": null
                    }
                ]
            },
            {
                "first_name": "Jianwei",
                "last_name": "Zhou",
                "initials": "",
                "corresponding": "",
                "orcid": "",
                "current_organization_id": "grid.414011.1",
                "researcher_id": "ur.013346000743.46",
                "affiliations": [
                    {
                        "id": "grid.414011.1",
                        "name": "Henan Provincial People's Hospital",
                        "city": "Zhengzhou",
                        "city_id": 1784658,
                        "country": "China",
                        "country_code": "CN",
                        "state": null,
                        "state_code": null
                    }
                ]
            }
        ]
    ],
    "type": "article"
}