{
    "pmid": "22390970",
    "author_affiliations": [
        [
            {
                "first_name": "Jennifer R.",
                "last_name": "Tisoncik",
                "initials": "",
                "corresponding": "",
                "orcid": "",
                "current_organization_id": "",
                "researcher_id": "ur.01015235667.22",
                "affiliations": [
                    {
                        "id": "grid.34477.33",
                        "name": "University of Washington",
                        "city": "Seattle",
                        "city_id": 5809844,
                        "country": "United States",
                        "country_code": "US",
                        "state": "Washington",
                        "state_code": "US-WA"
                    }
                ]
            },
            {
                "first_name": "Marcus J.",
                "last_name": "Korth",
                "initials": "",
                "corresponding": "",
                "orcid": "",
                "current_organization_id": "grid.34477.33",
                "researcher_id": "ur.0716744105.22",
                "affiliations": [
                    {
                        "id": "grid.34477.33",
                        "name": "University of Washington",
                        "city": "Seattle",
                        "city_id": 5809844,
                        "country": "United States",
                        "country_code": "US",
                        "state": "Washington",
                        "state_code": "US-WA"
                    }
                ]
            },
            {
                "first_name": "Cameron P.",
                "last_name": "Simmons",
                "initials": "",
                "corresponding": "",
                "orcid": "['0000-0002-9039-7392']",
                "current_organization_id": "grid.1002.3",
                "researcher_id": "ur.014137144137.31",
                "affiliations": [
                    {
                        "id": "grid.412433.3",
                        "name": "Oxford University Clinical Research Unit",
                        "city": "Ho Chi Minh City",
                        "city_id": 1566083,
                        "country": "Vietnam",
                        "country_code": "VN",
                        "state": null,
                        "state_code": null
                    }
                ]
            },
            {
                "first_name": "Jeremy",
                "last_name": "Farrar",
                "initials": "",
                "corresponding": "",
                "orcid": "['0000-0002-2700-623X']",
                "current_organization_id": "grid.52788.30",
                "researcher_id": "ur.0640227120.31",
                "affiliations": [
                    {
                        "id": "grid.412433.3",
                        "name": "Oxford University Clinical Research Unit",
                        "city": "Ho Chi Minh City",
                        "city_id": 1566083,
                        "country": "Vietnam",
                        "country_code": "VN",
                        "state": null,
                        "state_code": null
                    }
                ]
            },
            {
                "first_name": "Thomas R.",
                "last_name": "Martin",
                "initials": "",
                "corresponding": "",
                "orcid": "",
                "current_organization_id": "grid.266102.1",
                "researcher_id": "ur.010300713347.65",
                "affiliations": [
                    {
                        "id": "grid.34477.33",
                        "name": "University of Washington",
                        "city": "Seattle",
                        "city_id": 5809844,
                        "country": "United States",
                        "country_code": "US",
                        "state": "Washington",
                        "state_code": "US-WA"
                    }
                ]
            },
            {
                "first_name": "Michael G.",
                "last_name": "Katze",
                "initials": "",
                "corresponding": "",
                "orcid": "",
                "current_organization_id": "grid.34477.33",
                "researcher_id": "ur.0611272036.23",
                "affiliations": [
                    {
                        "id": "grid.34477.33",
                        "name": "University of Washington",
                        "city": "Seattle",
                        "city_id": 5809844,
                        "country": "United States",
                        "country_code": "US",
                        "state": "Washington",
                        "state_code": "US-WA"
                    }
                ]
            }
        ]
    ],
    "altmetric": 206.0,
    "FOR": [
        {
            "id": "3053",
            "name": "1103 Clinical Sciences"
        }
    ],
    "research_org_countries": [
        {
            "id": "US",
            "name": "United States"
        },
        {
            "id": "VN",
            "name": "Vietnam"
        }
    ],
    "title": "Into the Eye of the Cytokine Storm",
    "research_org_cities": [
        {
            "id": 1566083,
            "name": "Ho Chi Minh City"
        },
        {
            "id": 5809844,
            "name": "Seattle"
        }
    ],
    "pages": "16-32",
    "issue": "1",
    "research_org_state_names": [
        "Washington"
    ],
    "open_access": [
        "Open Access - all",
        "Open Access - publisher",
        "Open Access - published"
    ],
    "doi": "10.1128/mmbr.05015-11",
    "times_cited": 368,
    "journal": {
        "id": "jour.1294820",
        "title": "Microbiology and Molecular Biology Reviews"
    },
    "funders": [
        {
            "id": "grid.417684.8",
            "name": "United States Public Health Service",
            "linkout": [
                "http://www.usphs.gov/"
            ],
            "country_name": "United States",
            "types": [
                "Government"
            ],
            "latitude": 38.919567,
            "acronym": "USPHS",
            "state_name": "District of Columbia",
            "city_name": "Washington D.C.",
            "longitude": -77.029
        },
        {
            "id": "grid.429651.d",
            "name": "National Center for Advancing Translational Sciences",
            "linkout": [
                "https://ncats.nih.gov/"
            ],
            "country_name": "United States",
            "types": [
                "Government"
            ],
            "latitude": 39.09584,
            "acronym": "NCATS",
            "state_name": "Maryland",
            "city_name": "Rockville",
            "longitude": -77.197174
        },
        {
            "id": "grid.419681.3",
            "name": "National Institute of Allergy and Infectious Diseases",
            "linkout": [
                "http://www.niaid.nih.gov/Pages/default.aspx"
            ],
            "country_name": "United States",
            "types": [
                "Facility"
            ],
            "latitude": 39.066647,
            "acronym": "NIAID",
            "state_name": "Maryland",
            "city_name": "Bethesda",
            "longitude": -77.11183
        },
        {
            "id": "grid.420090.f",
            "name": "National Institute on Drug Abuse",
            "linkout": [
                "http://www.drugabuse.gov/"
            ],
            "country_name": "United States",
            "types": [
                "Facility"
            ],
            "latitude": 38.984596,
            "acronym": "NIDA",
            "state_name": "Maryland",
            "city_name": "Bethesda",
            "longitude": -77.09712
        }
    ],
    "year": 2012,
    "research_orgs": [
        {
            "id": "grid.34477.33",
            "name": "University of Washington",
            "linkout": [
                "http://www.washington.edu/"
            ],
            "country_name": "United States",
            "types": [
                "Education"
            ],
            "latitude": 47.655537,
            "acronym": "UW",
            "state_name": "Washington",
            "city_name": "Seattle",
            "longitude": -122.30353
        },
        {
            "id": "grid.412433.3",
            "name": "Oxford University Clinical Research Unit",
            "linkout": [
                "http://www.oucru.org/"
            ],
            "country_name": "Vietnam",
            "types": [
                "Facility"
            ],
            "latitude": 10.752516,
            "acronym": "OUCRU",
            "city_name": "Ho Chi Minh City",
            "longitude": 106.67836
        }
    ],
    "id": "pub.1042998980",
    "references": [
        "pub.1021767130",
        "pub.1041894576",
        "pub.1032081134",
        "pub.1004382081",
        "pub.1051881361",
        "pub.1004095792",
        "pub.1005225110",
        "pub.1006874419",
        "pub.1035050980",
        "pub.1082808321",
        "pub.1024500261",
        "pub.1014035591",
        "pub.1004900415",
        "pub.1077065122",
        "pub.1008087461",
        "pub.1030208248",
        "pub.1041561716",
        "pub.1048788400",
        "pub.1054160939",
        "pub.1011253183",
        "pub.1016052202",
        "pub.1010516860",
        "pub.1027946692",
        "pub.1018865334",
        "pub.1002388442",
        "pub.1051983947",
        "pub.1081599111",
        "pub.1031134703",
        "pub.1021589789",
        "pub.1027275936",
        "pub.1016044976",
        "pub.1053140122",
        "pub.1051996206",
        "pub.1033641598",
        "pub.1039939086",
        "pub.1012383431",
        "pub.1053386377",
        "pub.1029757386",
        "pub.1037009885",
        "pub.1016599907",
        "pub.1049024723",
        "pub.1062622090",
        "pub.1031452287",
        "pub.1017631309",
        "pub.1018797789",
        "pub.1017482761",
        "pub.1043947235",
        "pub.1014606124",
        "pub.1035613944",
        "pub.1019122660",
        "pub.1017129957",
        "pub.1052053955",
        "pub.1024657567",
        "pub.1069166613",
        "pub.1050933701",
        "pub.1002914189",
        "pub.1032899443",
        "pub.1041240252",
        "pub.1007744587",
        "pub.1016982400",
        "pub.1007550674",
        "pub.1048621200",
        "pub.1059327022",
        "pub.1043481736",
        "pub.1063365194",
        "pub.1026942564",
        "pub.1030074163",
        "pub.1026928072",
        "pub.1000370946",
        "pub.1018390558",
        "pub.1035415917",
        "pub.1033273161",
        "pub.1005714448",
        "pub.1034038039",
        "pub.1050469820",
        "pub.1028483076",
        "pub.1019337542",
        "pub.1051948366",
        "pub.1045630475",
        "pub.1051923532",
        "pub.1003119703",
        "pub.1050192364",
        "pub.1075298294",
        "pub.1039419857",
        "pub.1016125429",
        "pub.1022657625",
        "pub.1017142111",
        "pub.1040401288",
        "pub.1029366386",
        "pub.1040501434",
        "pub.1046112102",
        "pub.1034689952",
        "pub.1022234913",
        "pub.1052557336",
        "pub.1008839840",
        "pub.1039903485",
        "pub.1022089735",
        "pub.1021465989",
        "pub.1027908216",
        "pub.1003108560",
        "pub.1048215062",
        "pub.1038794529",
        "pub.1029092582",
        "pub.1000736690",
        "pub.1024152032",
        "pub.1016270673",
        "pub.1043939040",
        "pub.1028409616",
        "pub.1001189502",
        "pub.1043829760",
        "pub.1022286438",
        "pub.1077177512",
        "pub.1037862139",
        "pub.1009740051",
        "pub.1027821726",
        "pub.1030655710",
        "pub.1034873537",
        "pub.1017027438",
        "pub.1020185725",
        "pub.1046248474",
        "pub.1002264209",
        "pub.1050977225",
        "pub.1006010987",
        "pub.1038543078",
        "pub.1017931877",
        "pub.1026465919",
        "pub.1014705534",
        "pub.1053681953",
        "pub.1037702320",
        "pub.1027580713",
        "pub.1003721536",
        "pub.1010932268",
        "pub.1077094034",
        "pub.1032339221",
        "pub.1020876133",
        "pub.1014798076",
        "pub.1076597518",
        "pub.1037092232",
        "pub.1023989462",
        "pub.1058791375",
        "pub.1021117542",
        "pub.1002343815",
        "pub.1003819969",
        "pub.1011738279",
        "pub.1019244721",
        "pub.1035254156",
        "pub.1033794061",
        "pub.1006254169",
        "pub.1051535290",
        "pub.1022902502",
        "pub.1007330628",
        "pub.1038034054",
        "pub.1053546712",
        "pub.1031236402",
        "pub.1024580892",
        "pub.1021136040",
        "pub.1081767208",
        "pub.1044406680",
        "pub.1026566786"
    ],
    "research_org_country_names": [
        "United States",
        "Vietnam"
    ],
    "date": "2012-03-01",
    "research_org_state_codes": [
        {
            "id": "US-WA",
            "name": "Washington"
        }
    ],
    "researchers": [
        {
            "id": "ur.01015235667.22",
            "research_orgs": [
                "grid.185648.6",
                "grid.34477.33"
            ],
            "last_name": "Tisoncik",
            "first_name": "Jennifer R"
        },
        {
            "id": "ur.0716744105.22",
            "research_orgs": [
                "grid.429501.b",
                "grid.34477.33"
            ],
            "last_name": "Korth",
            "first_name": "Marcus J"
        },
        {
            "id": "ur.014137144137.31",
            "research_orgs": [
                "grid.7445.2",
                "grid.1008.9",
                "grid.4367.6",
                "grid.4991.5",
                "grid.29857.31",
                "grid.1002.3",
                "grid.483778.7",
                "grid.412433.3",
                "grid.415719.f",
                "grid.414601.6",
                "grid.5645.2",
                "grid.439634.f",
                "grid.40263.33",
                "grid.414273.7"
            ],
            "last_name": "Simmons",
            "first_name": "Cameron Paul",
            "orcid_id": [
                "0000-0002-9039-7392"
            ]
        },
        {
            "id": "ur.0640227120.31",
            "research_orgs": [
                "grid.1008.9",
                "grid.5335.0",
                "grid.412433.3",
                "grid.52788.30",
                "grid.439634.f",
                "grid.414273.7",
                "grid.16750.35",
                "grid.7445.2",
                "grid.10223.32",
                "grid.8991.9",
                "grid.494678.0",
                "grid.415719.f",
                "grid.452690.c",
                "grid.414094.c",
                "grid.4280.e",
                "grid.4305.2",
                "grid.411679.c",
                "grid.256607.0",
                "grid.12650.30",
                "grid.11586.3b",
                "grid.419597.7",
                "grid.5650.6",
                "grid.416693.f",
                "grid.4991.5",
                "grid.3575.4",
                "grid.39382.33",
                "grid.10306.34",
                "grid.48004.38",
                "grid.8348.7",
                "grid.440249.f",
                "grid.5253.1",
                "grid.194645.b"
            ],
            "last_name": "Farrar",
            "first_name": "Jeremy James",
            "orcid_id": [
                "0000-0002-2700-623X"
            ]
        },
        {
            "id": "ur.010300713347.65",
            "research_orgs": [
                "grid.411998.c",
                "grid.413919.7",
                "grid.38142.3c",
                "grid.65499.37",
                "grid.418424.f",
                "grid.430503.1",
                "grid.411024.2",
                "grid.417468.8",
                "grid.214007.0",
                "grid.419794.6",
                "grid.17091.3e",
                "grid.134563.6",
                "grid.26091.3c",
                "grid.17063.33",
                "grid.412618.8",
                "grid.416732.5",
                "grid.267310.1",
                "grid.266102.1",
                "grid.62560.37",
                "grid.239395.7",
                "grid.185648.6",
                "grid.415502.7",
                "grid.2515.3",
                "grid.215654.1",
                "grid.5650.6",
                "grid.240341.0",
                "grid.280646.e",
                "grid.34477.33",
                "grid.413721.2"
            ],
            "last_name": "Martin",
            "first_name": "Thomas R"
        },
        {
            "id": "ur.0611272036.23",
            "research_orgs": [
                "grid.410711.2",
                "grid.64212.33",
                "grid.5386.8",
                "grid.51462.34",
                "grid.420089.7",
                "grid.16753.36",
                "grid.14709.3b",
                "grid.4367.6",
                "grid.34477.33",
                "grid.8993.b"
            ],
            "last_name": "Katze",
            "first_name": "Michael G"
        }
    ],
    "relative_citation_ratio": 12.26,
    "type": "article",
    "volume": "76",
    "pmcid": "PMC3294426"
}