{
    "volume": "32",
    "date": "1981-01-01",
    "title": "Psoralen inactivation of influenza and herpes simplex viruses and of virus-infected cells.",
    "researchers": [
        {
            "id": "ur.01260166351.76",
            "last_name": "Redfield",
            "first_name": "David C",
            "research_orgs": [
                "grid.414980.0",
                "grid.19006.3e",
                "grid.34477.33",
                "grid.17089.37",
                "grid.59062.38",
                "grid.266100.3"
            ]
        },
        {
            "id": "ur.0772641340.05",
            "last_name": "Richman",
            "first_name": "Douglas D",
            "orcid_id": [
                "0000-0003-0962-9254"
            ],
            "research_orgs": [
                "grid.8348.7",
                "grid.280247.b",
                "grid.17635.36",
                "grid.44214.37",
                "grid.38142.3c",
                "grid.424065.1",
                "grid.418158.1",
                "grid.217200.6",
                "grid.30389.31",
                "grid.423340.2",
                "grid.32224.35",
                "grid.214007.0",
                "grid.21107.35",
                "grid.5386.8",
                "grid.432907.b",
                "grid.416792.f",
                "grid.241116.1",
                "grid.94365.3d",
                "grid.19006.3e",
                "grid.462226.6",
                "grid.250671.7",
                "grid.26790.3a",
                "grid.419681.3",
                "grid.266100.3",
                "grid.418236.a",
                "grid.414980.0",
                "grid.59062.38",
                "grid.415182.b",
                "grid.414467.4",
                "grid.137628.9",
                "grid.39382.33",
                "grid.83440.3b",
                "grid.134907.8",
                "grid.419316.8",
                "grid.265892.2",
                "grid.34477.33",
                "grid.14003.36",
                "grid.17089.37",
                "grid.410371.0"
            ]
        },
        {
            "id": "ur.01156245330.11",
            "last_name": "Oxman",
            "first_name": "Micheal N",
            "research_orgs": [
                "grid.266100.3",
                "grid.17089.37",
                "grid.94365.3d",
                "grid.59062.38",
                "grid.189504.1",
                "grid.414980.0",
                "grid.38142.3c",
                "grid.34477.33",
                "grid.265436.0",
                "grid.26009.3d",
                "grid.19006.3e",
                "grid.412587.d",
                "grid.239573.9",
                "grid.2515.3",
                "grid.250671.7",
                "grid.241116.1",
                "grid.410371.0",
                "grid.419681.3"
            ]
        }
    ],
    "pmcid": "PMC351582",
    "pages": "1216-26",
    "open_access": [
        "Open Access - all",
        "Open Access - publisher",
        "Open Access - published"
    ],
    "doi": "10.1128/iai.32.3.1216-1226.1981",
    "FOR": [
        {
            "id": "3103",
            "name": "1107 Immunology"
        },
        {
            "id": "3114",
            "name": "1108 Medical Microbiology"
        }
    ],
    "times_cited": 38,
    "pmid": "6265375",
    "funders": [
        {
            "id": "grid.419681.3",
            "acronym": "NIAID",
            "state_name": "Maryland",
            "types": [
                "Facility"
            ],
            "longitude": -77.11183,
            "linkout": [
                "http://www.niaid.nih.gov/Pages/default.aspx"
            ],
            "latitude": 39.066647,
            "name": "National Institute of Allergy and Infectious Diseases",
            "city_name": "Bethesda",
            "country_name": "United States"
        }
    ],
    "id": "pub.1081651942",
    "issue": "3",
    "journal": {
        "id": "jour.1013611",
        "title": "Infection and Immunity"
    },
    "year": 1981,
    "references": [
        "pub.1013932504",
        "pub.1048500245",
        "pub.1008528710",
        "pub.1080451056",
        "pub.1055181539",
        "pub.1055183102",
        "pub.1082221652",
        "pub.1002610967",
        "pub.1047653755",
        "pub.1059696514",
        "pub.1050174409",
        "pub.1059696947",
        "pub.1055182226",
        "pub.1049822479",
        "pub.1049737852",
        "pub.1078613523",
        "pub.1018897558",
        "pub.1052645782",
        "pub.1049102205",
        "pub.1062656844",
        "pub.1078310271",
        "pub.1037427283",
        "pub.1007194765",
        "pub.1060352906",
        "pub.1059697499"
    ],
    "relative_citation_ratio": 1.49,
    "author_affiliations": [
        [
            {
                "first_name": "D C",
                "last_name": "Redfield",
                "initials": "",
                "corresponding": "",
                "orcid": "",
                "current_organization_id": "grid.414980.0",
                "researcher_id": "ur.01260166351.76",
                "affiliations": []
            },
            {
                "first_name": "D D",
                "last_name": "Richman",
                "initials": "",
                "corresponding": "",
                "orcid": "['0000-0003-0962-9254']",
                "current_organization_id": "grid.266100.3",
                "researcher_id": "ur.0772641340.05",
                "affiliations": []
            },
            {
                "first_name": "M N",
                "last_name": "Oxman",
                "initials": "",
                "corresponding": "",
                "orcid": "",
                "current_organization_id": "grid.410371.0",
                "researcher_id": "ur.01156245330.11",
                "affiliations": []
            },
            {
                "first_name": "L H",
                "last_name": "Kronenberg",
                "initials": "",
                "corresponding": "",
                "orcid": "",
                "current_organization_id": "",
                "researcher_id": "",
                "affiliations": []
            }
        ]
    ],
    "type": "article"
}