{
    "pmid": "19279492",
    "author_affiliations": [
        [
            {
                "first_name": "Benjamin J.",
                "last_name": "Cowling",
                "initials": "",
                "corresponding": "",
                "orcid": "['0000-0002-6297-7154']",
                "current_organization_id": "grid.194645.b",
                "researcher_id": "ur.07675207637.48",
                "affiliations": [
                    {
                        "id": "grid.194645.b",
                        "name": "University of Hong Kong",
                        "city": "Hong Kong",
                        "city_id": 1819729,
                        "country": "China",
                        "country_code": "CN",
                        "state": null,
                        "state_code": null
                    }
                ]
            },
            {
                "first_name": "Vicky J.",
                "last_name": "Fang",
                "initials": "",
                "corresponding": "",
                "orcid": "",
                "current_organization_id": "grid.194645.b",
                "researcher_id": "ur.01242213407.33",
                "affiliations": [
                    {
                        "id": "grid.194645.b",
                        "name": "University of Hong Kong",
                        "city": "Hong Kong",
                        "city_id": 1819729,
                        "country": "China",
                        "country_code": "CN",
                        "state": null,
                        "state_code": null
                    }
                ]
            },
            {
                "first_name": "Steven",
                "last_name": "Riley",
                "initials": "",
                "corresponding": "",
                "orcid": "['0000-0001-7904-4804']",
                "current_organization_id": "grid.7445.2",
                "researcher_id": "ur.01264302000.51",
                "affiliations": [
                    {
                        "id": "grid.194645.b",
                        "name": "University of Hong Kong",
                        "city": "Hong Kong",
                        "city_id": 1819729,
                        "country": "China",
                        "country_code": "CN",
                        "state": null,
                        "state_code": null
                    }
                ]
            },
            {
                "first_name": "J S. Malik",
                "last_name": "Peiris",
                "initials": "",
                "corresponding": "",
                "orcid": "['0000-0001-8217-5995']",
                "current_organization_id": "grid.194645.b",
                "researcher_id": "ur.01311553066.30",
                "affiliations": [
                    {
                        "id": "grid.194645.b",
                        "name": "University of Hong Kong",
                        "city": "Hong Kong",
                        "city_id": 1819729,
                        "country": "China",
                        "country_code": "CN",
                        "state": null,
                        "state_code": null
                    }
                ]
            },
            {
                "first_name": "Gabriel M.",
                "last_name": "Leung",
                "initials": "",
                "corresponding": "",
                "orcid": "['0000-0002-2503-6283']",
                "current_organization_id": "grid.194645.b",
                "researcher_id": "ur.0665764620.02",
                "affiliations": [
                    {
                        "id": "grid.194645.b",
                        "name": "University of Hong Kong",
                        "city": "Hong Kong",
                        "city_id": 1819729,
                        "country": "China",
                        "country_code": "CN",
                        "state": null,
                        "state_code": null
                    }
                ]
            }
        ]
    ],
    "altmetric": 9.0,
    "FOR": [
        {
            "id": "3177",
            "name": "1117 Public Health and Health Services"
        }
    ],
    "research_org_countries": [
        {
            "id": "CN",
            "name": "China"
        }
    ],
    "title": "Estimation of the Serial Interval of Influenza",
    "research_org_cities": [
        {
            "id": 1819729,
            "name": "Hong Kong"
        }
    ],
    "pages": "344-347",
    "issue": "3",
    "open_access": [
        "Open Access - all",
        "Open Access - repository",
        "Open Access - accepted"
    ],
    "doi": "10.1097/ede.0b013e31819d1092",
    "times_cited": 98,
    "funders": [
        {
            "id": "grid.280785.0",
            "name": "National Institute of General Medical Sciences",
            "linkout": [
                "http://www.nigms.nih.gov/Pages/default.aspx"
            ],
            "country_name": "United States",
            "types": [
                "Facility"
            ],
            "latitude": 38.997833,
            "acronym": "NIGMS",
            "state_name": "Maryland",
            "city_name": "Bethesda",
            "longitude": -77.09938
        },
        {
            "id": "grid.416738.f",
            "name": "Centers for Disease Control and Prevention",
            "linkout": [
                "http://www.cdc.gov/"
            ],
            "country_name": "United States",
            "types": [
                "Government"
            ],
            "latitude": 33.798817,
            "acronym": "CDC",
            "state_name": "Georgia",
            "city_name": "Atlanta",
            "longitude": -84.3256
        }
    ],
    "journal": {
        "id": "jour.1100479",
        "title": "Epidemiology"
    },
    "research_orgs": [
        {
            "id": "grid.194645.b",
            "name": "University of Hong Kong",
            "linkout": [
                "http://www.hku.hk/"
            ],
            "country_name": "China",
            "types": [
                "Education"
            ],
            "latitude": 22.283287,
            "acronym": "HKU",
            "state_name": "Hong Kong",
            "city_name": "Hong Kong",
            "longitude": 114.13708
        }
    ],
    "year": 2009,
    "references": [
        "pub.1080493886",
        "pub.1022913173",
        "pub.1033836150",
        "pub.1037452060",
        "pub.1029175869",
        "pub.1069421683",
        "pub.1015072689",
        "pub.1012620166",
        "pub.1039776594",
        "pub.1018826764",
        "pub.1038171497",
        "pub.1025845864",
        "pub.1076888693",
        "pub.1009656496",
        "pub.1038928799",
        "pub.1026333707",
        "pub.1004855651",
        "pub.1046546292",
        "pub.1003876997",
        "pub.1047149022"
    ],
    "id": "pub.1031316764",
    "research_org_country_names": [
        "China"
    ],
    "date": "2009-05-01",
    "researchers": [
        {
            "id": "ur.07675207637.48",
            "research_orgs": [
                "grid.13291.38",
                "grid.33199.31",
                "grid.47840.3f",
                "grid.15140.31",
                "grid.415281.b",
                "grid.419897.a",
                "grid.83440.3b",
                "grid.416166.2",
                "grid.5491.9",
                "grid.198530.6",
                "grid.411292.d",
                "grid.461944.a",
                "grid.12955.3a",
                "grid.8547.e",
                "grid.8391.3",
                "grid.4991.5",
                "grid.1001.0",
                "grid.7445.2",
                "grid.5640.7",
                "grid.214458.e",
                "grid.419082.6",
                "grid.194645.b"
            ],
            "last_name": "Cowling",
            "first_name": "Benjamin John",
            "orcid_id": [
                "0000-0002-6297-7154"
            ]
        },
        {
            "id": "ur.01242213407.33",
            "research_orgs": [
                "grid.198530.6",
                "grid.419897.a",
                "grid.411292.d",
                "grid.194645.b"
            ],
            "last_name": "Fang",
            "first_name": "Vicky Jing"
        },
        {
            "id": "ur.01264302000.51",
            "research_orgs": [
                "grid.7445.2",
                "grid.414370.5",
                "grid.10306.34",
                "grid.420089.7",
                "grid.423299.7",
                "grid.414273.7",
                "grid.453035.4",
                "grid.4464.2",
                "grid.411679.c",
                "grid.256607.0",
                "grid.469595.2",
                "grid.194645.b"
            ],
            "last_name": "Riley",
            "first_name": "Steven S",
            "orcid_id": [
                "0000-0001-7904-4804"
            ]
        },
        {
            "id": "ur.01311553066.30",
            "research_orgs": [
                "grid.415550.0",
                "grid.419334.8",
                "grid.83440.3b",
                "grid.419082.6",
                "grid.7445.2",
                "grid.11139.3b",
                "grid.4991.5",
                "grid.156122.3",
                "grid.259384.1",
                "grid.470124.4",
                "grid.194645.b",
                "grid.45202.31",
                "grid.13097.3c",
                "grid.5645.2",
                "grid.411679.c",
                "grid.20561.30",
                "grid.410741.7",
                "grid.198530.6",
                "grid.482283.7",
                "grid.240871.8",
                "grid.411292.d",
                "grid.428999.7",
                "grid.410737.6"
            ],
            "last_name": "Peiris",
            "first_name": "Joseph Sriyal Malik",
            "orcid_id": [
                "0000-0001-8217-5995"
            ]
        },
        {
            "id": "ur.0665764620.02",
            "research_orgs": [
                "grid.461944.a",
                "grid.16890.36",
                "grid.416166.2",
                "grid.83440.3b",
                "grid.1001.0",
                "grid.411292.d",
                "grid.413795.d",
                "grid.10784.3a",
                "grid.38142.3c",
                "grid.194645.b",
                "grid.414370.5",
                "grid.17063.33",
                "grid.198530.6",
                "grid.453538.c",
                "grid.6572.6",
                "grid.490089.c",
                "grid.411679.c"
            ],
            "last_name": "Leung",
            "first_name": "Gabriel Matthew",
            "orcid_id": [
                "0000-0002-2503-6283"
            ]
        }
    ],
    "relative_citation_ratio": 3.17,
    "type": "article",
    "volume": "20",
    "pmcid": "PMC3057478"
}