{
    "research_orgs": [
        {
            "id": "grid.168010.e",
            "linkout": [
                "http://www.stanford.edu/"
            ],
            "city_name": "Stanford",
            "longitude": -122.17,
            "acronym": "SU",
            "state_name": "California",
            "latitude": 37.43,
            "name": "Stanford University",
            "types": [
                "Education"
            ],
            "country_name": "United States"
        },
        {
            "id": "grid.152326.1",
            "linkout": [
                "http://www.vanderbilt.edu/"
            ],
            "city_name": "Nashville",
            "longitude": -86.80269,
            "state_name": "Tennessee",
            "latitude": 36.144936,
            "name": "Vanderbilt University",
            "types": [
                "Education"
            ],
            "country_name": "United States"
        },
        {
            "id": "grid.59734.3c",
            "linkout": [
                "http://icahn.mssm.edu/"
            ],
            "city_name": "New York",
            "longitude": -73.95311,
            "acronym": "MSSM",
            "state_name": "New York",
            "latitude": 40.789085,
            "name": "Icahn School of Medicine at Mount Sinai",
            "types": [
                "Education"
            ],
            "country_name": "United States"
        },
        {
            "id": "grid.280747.e",
            "linkout": [
                "http://www.paloalto.va.gov/"
            ],
            "city_name": "Palo Alto",
            "longitude": -122.140915,
            "acronym": "VAPAHCS",
            "state_name": "California",
            "latitude": 37.404423,
            "name": "VA Palo Alto Health Care System",
            "types": [
                "Healthcare"
            ],
            "country_name": "United States"
        }
    ],
    "research_org_country_names": [
        "United States"
    ],
    "pmid": "21307186",
    "funders": [
        {
            "id": "grid.418356.d",
            "linkout": [
                "http://www.va.gov/"
            ],
            "city_name": "Washington D.C.",
            "longitude": -77.03482,
            "acronym": "VA ",
            "state_name": "District of Columbia",
            "latitude": 38.9009,
            "name": "United States Department of Veterans Affairs",
            "types": [
                "Government"
            ],
            "country_name": "United States"
        },
        {
            "id": "grid.416870.c",
            "linkout": [
                "http://www.ninds.nih.gov/"
            ],
            "city_name": "Bethesda",
            "longitude": -77.10118,
            "acronym": "NINDS",
            "state_name": "Maryland",
            "latitude": 39.003826,
            "name": "National Institute of Neurological Disorders and Stroke",
            "types": [
                "Facility"
            ],
            "country_name": "United States"
        },
        {
            "id": "grid.419681.3",
            "linkout": [
                "http://www.niaid.nih.gov/Pages/default.aspx"
            ],
            "city_name": "Bethesda",
            "longitude": -77.11183,
            "acronym": "NIAID",
            "state_name": "Maryland",
            "latitude": 39.066647,
            "name": "National Institute of Allergy and Infectious Diseases",
            "types": [
                "Facility"
            ],
            "country_name": "United States"
        },
        {
            "id": "grid.48336.3a",
            "linkout": [
                "http://www.cancer.gov/"
            ],
            "city_name": "Rockville",
            "longitude": -77.10119,
            "acronym": "NCI",
            "state_name": "Maryland",
            "latitude": 39.004326,
            "name": "National Cancer Institute",
            "types": [
                "Government"
            ],
            "country_name": "United States"
        },
        {
            "id": "grid.419635.c",
            "linkout": [
                "http://www.niddk.nih.gov/"
            ],
            "city_name": "Bethesda",
            "longitude": -77.10107,
            "acronym": "NIDDK",
            "state_name": "Maryland",
            "latitude": 39.003628,
            "name": "National Institute of Diabetes and Digestive and Kidney Diseases",
            "types": [
                "Facility"
            ],
            "country_name": "United States"
        }
    ],
    "title": "The Early Interferon Response to Rotavirus Is Regulated by PKR and Depends on MAVS/IPS-1, RIG-I, MDA-5, and IRF3",
    "type": "article",
    "year": 2011,
    "journal": {
        "id": "jour.1008072",
        "title": "Journal of Virology"
    },
    "researchers": [
        {
            "id": "ur.0621534255.01",
            "research_orgs": [
                "grid.36425.36",
                "grid.262962.b",
                "grid.429952.1",
                "grid.168010.e",
                "grid.280747.e"
            ],
            "first_name": "Adrish",
            "last_name": "Sen"
        },
        {
            "id": "ur.013350270127.12",
            "research_orgs": [
                "grid.412807.8",
                "grid.4818.5",
                "grid.152326.1",
                "grid.213876.9"
            ],
            "first_name": "Andrea J P",
            "last_name": "Pruijssers",
            "orcid_id": [
                "0000-0001-7910-626X"
            ]
        },
        {
            "id": "ur.01372314464.01",
            "research_orgs": [
                "grid.412807.8",
                "grid.176731.5",
                "grid.430387.b",
                "grid.265436.0",
                "grid.152326.1",
                "grid.10392.39",
                "grid.38142.3c",
                "grid.43582.38",
                "grid.280051.e",
                "grid.21925.3d",
                "grid.239553.b",
                "grid.412587.d",
                "grid.39382.33"
            ],
            "first_name": "Terence S",
            "last_name": "Dermody"
        },
        {
            "id": "ur.01370061066.45",
            "research_orgs": [
                "grid.59734.3c",
                "grid.189967.8",
                "grid.9001.8",
                "grid.34477.33",
                "grid.11762.33",
                "grid.267313.2",
                "grid.21729.3f",
                "grid.38142.3c",
                "grid.416167.3",
                "grid.428999.7",
                "grid.10419.3d",
                "grid.240145.6",
                "grid.11598.34",
                "grid.42505.36",
                "grid.418481.0"
            ],
            "first_name": "Adolfo",
            "last_name": "Garc\u00eda-Sastre",
            "orcid_id": [
                "0000-0002-6551-1827"
            ]
        },
        {
            "id": "ur.0661642773.19",
            "research_orgs": [
                "grid.239560.b",
                "grid.410372.3",
                "grid.17635.36",
                "grid.240873.a",
                "grid.412750.5",
                "grid.411024.2",
                "grid.214007.0",
                "grid.21107.35",
                "grid.280747.e",
                "grid.21729.3f",
                "grid.94365.3d",
                "grid.59734.3c",
                "grid.27755.32",
                "grid.176731.5",
                "grid.266102.1",
                "grid.418152.b",
                "grid.51462.34",
                "grid.413734.6",
                "grid.419681.3",
                "grid.168010.e",
                "grid.239395.7",
                "grid.414123.1",
                "grid.39382.33",
                "grid.413993.5",
                "grid.9486.3",
                "grid.273335.3",
                "grid.4817.a",
                "grid.429952.1",
                "grid.253615.6",
                "grid.240952.8"
            ],
            "first_name": "Harry Bernard",
            "last_name": "Greenberg",
            "orcid_id": [
                "0000-0002-2128-9080"
            ]
        }
    ],
    "FOR": [
        {
            "id": "3114",
            "name": "1108 Medical Microbiology"
        },
        {
            "id": "2620",
            "name": "0604 Genetics"
        }
    ],
    "research_org_countries": [
        {
            "id": "US",
            "name": "United States"
        }
    ],
    "date": "2011-04-15",
    "pages": "3717-3732",
    "research_org_state_names": [
        "New York",
        "Tennessee",
        "California"
    ],
    "id": "pub.1040489303",
    "research_org_state_codes": [
        {
            "id": "US-CA",
            "name": "California"
        },
        {
            "id": "US-TN",
            "name": "Tennessee"
        },
        {
            "id": "US-NY",
            "name": "New York"
        }
    ],
    "volume": "85",
    "issue": "8",
    "research_org_cities": [
        {
            "id": 4644585,
            "name": "Nashville"
        },
        {
            "id": 5398563,
            "name": "Stanford"
        },
        {
            "id": 5380748,
            "name": "Palo Alto"
        },
        {
            "id": 5128581,
            "name": "New York City"
        }
    ],
    "open_access": [
        "Open Access - all",
        "Open Access - publisher",
        "Open Access - published"
    ],
    "author_affiliations": [
        [
            {
                "first_name": "Adrish",
                "last_name": "Sen",
                "initials": "",
                "corresponding": "",
                "orcid": "",
                "current_organization_id": "grid.168010.e",
                "researcher_id": "ur.0621534255.01",
                "affiliations": [
                    {
                        "id": "grid.168010.e",
                        "name": "Stanford University",
                        "city": "Stanford",
                        "city_id": 5398563,
                        "country": "United States",
                        "country_code": "US",
                        "state": "California",
                        "state_code": "US-CA"
                    },
                    {
                        "id": "grid.168010.e",
                        "name": "Stanford University",
                        "city": "Stanford",
                        "city_id": 5398563,
                        "country": "United States",
                        "country_code": "US",
                        "state": "California",
                        "state_code": "US-CA"
                    },
                    {
                        "id": "grid.280747.e",
                        "name": "VA Palo Alto Health Care System",
                        "city": "Palo Alto",
                        "city_id": 5380748,
                        "country": "United States",
                        "country_code": "US",
                        "state": "California",
                        "state_code": "US-CA"
                    }
                ]
            },
            {
                "first_name": "Andrea J.",
                "last_name": "Pruijssers",
                "initials": "",
                "corresponding": "",
                "orcid": "",
                "current_organization_id": "grid.152326.1",
                "researcher_id": "ur.013350270127.12",
                "affiliations": [
                    {
                        "id": "grid.152326.1",
                        "name": "Vanderbilt University",
                        "city": "Nashville",
                        "city_id": 4644585,
                        "country": "United States",
                        "country_code": "US",
                        "state": "Tennessee",
                        "state_code": "US-TN"
                    },
                    {
                        "id": "grid.152326.1",
                        "name": "Vanderbilt University",
                        "city": "Nashville",
                        "city_id": 4644585,
                        "country": "United States",
                        "country_code": "US",
                        "state": "Tennessee",
                        "state_code": "US-TN"
                    }
                ]
            },
            {
                "first_name": "Terence S.",
                "last_name": "Dermody",
                "initials": "",
                "corresponding": "",
                "orcid": "",
                "current_organization_id": "grid.21925.3d",
                "researcher_id": "ur.01372314464.01",
                "affiliations": [
                    {
                        "id": "grid.152326.1",
                        "name": "Vanderbilt University",
                        "city": "Nashville",
                        "city_id": 4644585,
                        "country": "United States",
                        "country_code": "US",
                        "state": "Tennessee",
                        "state_code": "US-TN"
                    },
                    {
                        "id": "grid.152326.1",
                        "name": "Vanderbilt University",
                        "city": "Nashville",
                        "city_id": 4644585,
                        "country": "United States",
                        "country_code": "US",
                        "state": "Tennessee",
                        "state_code": "US-TN"
                    },
                    {
                        "id": "grid.152326.1",
                        "name": "Vanderbilt University",
                        "city": "Nashville",
                        "city_id": 4644585,
                        "country": "United States",
                        "country_code": "US",
                        "state": "Tennessee",
                        "state_code": "US-TN"
                    }
                ]
            },
            {
                "first_name": "Adolfo",
                "last_name": "Garc\u00eda-Sastre",
                "initials": "",
                "corresponding": "",
                "orcid": "['0000-0002-6551-1827']",
                "current_organization_id": "grid.59734.3c",
                "researcher_id": "ur.01370061066.45",
                "affiliations": [
                    {
                        "id": "grid.59734.3c",
                        "name": "Icahn School of Medicine at Mount Sinai",
                        "city": "New York",
                        "city_id": 5128581,
                        "country": "United States",
                        "country_code": "US",
                        "state": "New York",
                        "state_code": "US-NY"
                    },
                    {
                        "id": "grid.59734.3c",
                        "name": "Icahn School of Medicine at Mount Sinai",
                        "city": "New York",
                        "city_id": 5128581,
                        "country": "United States",
                        "country_code": "US",
                        "state": "New York",
                        "state_code": "US-NY"
                    },
                    {
                        "id": "grid.59734.3c",
                        "name": "Icahn School of Medicine at Mount Sinai",
                        "city": "New York",
                        "city_id": 5128581,
                        "country": "United States",
                        "country_code": "US",
                        "state": "New York",
                        "state_code": "US-NY"
                    }
                ]
            },
            {
                "first_name": "Harry B.",
                "last_name": "Greenberg",
                "initials": "",
                "corresponding": "",
                "orcid": "['0000-0002-2128-9080']",
                "current_organization_id": "grid.168010.e",
                "researcher_id": "ur.0661642773.19",
                "affiliations": [
                    {
                        "id": "grid.168010.e",
                        "name": "Stanford University",
                        "city": "Stanford",
                        "city_id": 5398563,
                        "country": "United States",
                        "country_code": "US",
                        "state": "California",
                        "state_code": "US-CA"
                    },
                    {
                        "id": "grid.168010.e",
                        "name": "Stanford University",
                        "city": "Stanford",
                        "city_id": 5398563,
                        "country": "United States",
                        "country_code": "US",
                        "state": "California",
                        "state_code": "US-CA"
                    },
                    {
                        "id": "grid.280747.e",
                        "name": "VA Palo Alto Health Care System",
                        "city": "Palo Alto",
                        "city_id": 5380748,
                        "country": "United States",
                        "country_code": "US",
                        "state": "California",
                        "state_code": "US-CA"
                    }
                ]
            }
        ]
    ],
    "pmcid": "PMC3126121",
    "doi": "10.1128/jvi.02634-10",
    "times_cited": 86,
    "references": [
        "pub.1049970977",
        "pub.1022466994",
        "pub.1032695282",
        "pub.1003399631",
        "pub.1012209674",
        "pub.1026106942",
        "pub.1025106387",
        "pub.1024553636",
        "pub.1012763441",
        "pub.1015951166",
        "pub.1044028848",
        "pub.1077493711",
        "pub.1028966692",
        "pub.1018552842",
        "pub.1038985225",
        "pub.1053351674",
        "pub.1052888784",
        "pub.1081671005",
        "pub.1038972534",
        "pub.1049212215",
        "pub.1014827686",
        "pub.1078321765",
        "pub.1003297717",
        "pub.1021361896",
        "pub.1016253007",
        "pub.1045391764",
        "pub.1028326412",
        "pub.1042473334",
        "pub.1004095792",
        "pub.1053055284",
        "pub.1010251234",
        "pub.1029496535",
        "pub.1031134703",
        "pub.1082785313",
        "pub.1048919253",
        "pub.1082858090",
        "pub.1044020720",
        "pub.1000955385",
        "pub.1043833638",
        "pub.1016125429",
        "pub.1005682642",
        "pub.1032439970",
        "pub.1041509801",
        "pub.1005693944",
        "pub.1031109687",
        "pub.1025501586",
        "pub.1079502413",
        "pub.1032226590",
        "pub.1053187518",
        "pub.1030820456",
        "pub.1012367173",
        "pub.1053400711",
        "pub.1045242412",
        "pub.1009817194",
        "pub.1001645931",
        "pub.1007004360",
        "pub.1004268847",
        "pub.1037110745",
        "pub.1017018106",
        "pub.1050437406",
        "pub.1038671626",
        "pub.1059698912",
        "pub.1025169083",
        "pub.1042661222",
        "pub.1026923586"
    ],
    "relative_citation_ratio": 2.56
}