{
    "research_orgs": [
        {
            "id": "grid.26999.3d",
            "linkout": [
                "http://www.u-tokyo.ac.jp/en/"
            ],
            "city_name": "Tokyo",
            "longitude": 139.76222,
            "acronym": "UT",
            "latitude": 35.713333,
            "name": "University of Tokyo",
            "types": [
                "Education"
            ],
            "country_name": "Japan"
        },
        {
            "id": "grid.419082.6",
            "linkout": [
                "http://www.jst.go.jp/EN/"
            ],
            "city_name": "Tokyo",
            "longitude": 139.73805,
            "acronym": "JST",
            "latitude": 35.689022,
            "name": "Japan Science and Technology Agency",
            "types": [
                "Government"
            ],
            "country_name": "Japan"
        },
        {
            "id": "grid.136304.3",
            "linkout": [
                "http://www.chiba-u.ac.jp/e/"
            ],
            "city_name": "Chiba",
            "longitude": 140.10349,
            "latitude": 35.62882,
            "name": "Chiba University",
            "types": [
                "Education"
            ],
            "country_name": "Japan"
        },
        {
            "id": "grid.47100.32",
            "linkout": [
                "http://www.yale.edu"
            ],
            "city_name": "New Haven",
            "longitude": -72.93066,
            "state_name": "Connecticut",
            "latitude": 41.302094,
            "name": "Yale University",
            "types": [
                "Education"
            ],
            "country_name": "United States"
        }
    ],
    "research_org_country_names": [
        "Japan",
        "United States"
    ],
    "pmid": "21349428",
    "funders": [
        {
            "id": "grid.54432.34",
            "linkout": [
                "http://www.jsps.go.jp/"
            ],
            "city_name": "Tokyo",
            "longitude": 139.74039,
            "acronym": "JSPS",
            "latitude": 35.68716,
            "name": "Japan Society for the Promotion of Science",
            "types": [
                "Nonprofit"
            ],
            "country_name": "Japan"
        },
        {
            "id": "grid.419082.6",
            "linkout": [
                "http://www.jst.go.jp/EN/"
            ],
            "city_name": "Tokyo",
            "longitude": 139.73805,
            "acronym": "JST",
            "latitude": 35.689022,
            "name": "Japan Science and Technology Agency",
            "types": [
                "Government"
            ],
            "country_name": "Japan"
        },
        {
            "id": "grid.452903.9",
            "linkout": [
                "http://www.mext.go.jp/english/"
            ],
            "city_name": "Tokyo",
            "longitude": 139.763,
            "acronym": "MEXT",
            "latitude": 35.68,
            "name": "Ministry of Education, Culture, Sports, Science and Technology",
            "types": [
                "Government"
            ],
            "country_name": "Japan"
        }
    ],
    "title": "Functional Specialization of Interleukin-17 Family Members",
    "type": "article",
    "year": 2011,
    "journal": {
        "id": "jour.1112054",
        "title": "Immunity"
    },
    "researchers": [
        {
            "id": "ur.0777652141.45",
            "research_orgs": [
                "grid.261356.5",
                "grid.69566.3a",
                "grid.189967.8",
                "grid.26091.3c",
                "grid.268397.1",
                "grid.416614.0",
                "grid.267625.2",
                "grid.54432.34",
                "grid.152326.1",
                "grid.5522.0",
                "grid.51462.34",
                "grid.265050.4",
                "grid.412310.5",
                "grid.9707.9",
                "grid.143643.7",
                "grid.26999.3d",
                "grid.257016.7",
                "grid.136304.3",
                "grid.419082.6",
                "grid.258799.8"
            ],
            "first_name": "Yo-Ichiro",
            "last_name": "Iwakura",
            "orcid_id": [
                "0000-0002-9934-5775"
            ]
        },
        {
            "id": "ur.0754051303.67",
            "research_orgs": [
                "grid.419082.6",
                "grid.136594.c",
                "grid.54432.34",
                "grid.47100.32",
                "grid.26999.3d",
                "grid.411764.1"
            ],
            "first_name": "Harumichi",
            "last_name": "Ishigame"
        },
        {
            "id": "ur.01325701316.30",
            "research_orgs": [
                "grid.26999.3d",
                "grid.419082.6",
                "grid.54432.34",
                "grid.136304.3"
            ],
            "first_name": "Shinobu",
            "last_name": "Saijo"
        },
        {
            "id": "ur.0721066510.94",
            "research_orgs": [
                "grid.63906.3a",
                "grid.419082.6",
                "grid.9707.9",
                "grid.258269.2",
                "grid.26999.3d",
                "grid.168010.e"
            ],
            "first_name": "Susumu",
            "last_name": "Nakae"
        }
    ],
    "FOR": [
        {
            "id": "3103",
            "name": "1107 Immunology"
        }
    ],
    "research_org_countries": [
        {
            "id": "US",
            "name": "United States"
        },
        {
            "id": "JP",
            "name": "Japan"
        }
    ],
    "date": "2011-02-01",
    "altmetric": 12.0,
    "pages": "149-162",
    "research_org_state_names": [
        "Connecticut"
    ],
    "id": "pub.1007898556",
    "research_org_state_codes": [
        {
            "id": "US-CT",
            "name": "Connecticut"
        }
    ],
    "volume": "34",
    "issue": "2",
    "research_org_cities": [
        {
            "id": 1850147,
            "name": "Tokyo"
        },
        {
            "id": 4839366,
            "name": "New Haven"
        },
        {
            "id": 2113015,
            "name": "Chiba"
        }
    ],
    "open_access": [
        "Open Access - all",
        "Open Access - publisher",
        "Open Access - published"
    ],
    "author_affiliations": [
        [
            {
                "first_name": "Yoichiro",
                "last_name": "Iwakura",
                "initials": "",
                "corresponding": true,
                "orcid": "['0000-0002-9934-5775']",
                "current_organization_id": "grid.143643.7",
                "researcher_id": "ur.0777652141.45",
                "affiliations": [
                    {
                        "id": "grid.26999.3d",
                        "name": "University of Tokyo",
                        "city": "Tokyo",
                        "city_id": 1850147,
                        "country": "Japan",
                        "country_code": "JP",
                        "state": null,
                        "state_code": null
                    },
                    {
                        "id": "grid.419082.6",
                        "name": "Japan Science and Technology Agency",
                        "city": "Tokyo",
                        "city_id": 1850147,
                        "country": "Japan",
                        "country_code": "JP",
                        "state": null,
                        "state_code": null
                    }
                ]
            },
            {
                "first_name": "Harumichi",
                "last_name": "Ishigame",
                "initials": "",
                "corresponding": "",
                "orcid": "",
                "current_organization_id": "grid.47100.32",
                "researcher_id": "ur.0754051303.67",
                "affiliations": [
                    {
                        "id": "grid.47100.32",
                        "name": "Yale University",
                        "city": "New Haven",
                        "city_id": 4839366,
                        "country": "United States",
                        "country_code": "US",
                        "state": "Connecticut",
                        "state_code": "US-CT"
                    }
                ]
            },
            {
                "first_name": "Shinobu",
                "last_name": "Saijo",
                "initials": "",
                "corresponding": "",
                "orcid": "",
                "current_organization_id": "grid.136304.3",
                "researcher_id": "ur.01325701316.30",
                "affiliations": [
                    {
                        "id": "grid.136304.3",
                        "name": "Chiba University",
                        "city": "Chiba",
                        "city_id": 2113015,
                        "country": "Japan",
                        "country_code": "JP",
                        "state": null,
                        "state_code": null
                    }
                ]
            },
            {
                "first_name": "Susumu",
                "last_name": "Nakae",
                "initials": "",
                "corresponding": "",
                "orcid": "",
                "current_organization_id": "grid.26999.3d",
                "researcher_id": "ur.0721066510.94",
                "affiliations": [
                    {
                        "id": "grid.26999.3d",
                        "name": "University of Tokyo",
                        "city": "Tokyo",
                        "city_id": 1850147,
                        "country": "Japan",
                        "country_code": "JP",
                        "state": null,
                        "state_code": null
                    }
                ]
            }
        ]
    ],
    "doi": "10.1016/j.immuni.2011.02.012",
    "times_cited": 718,
    "references": [
        "pub.1007751866",
        "pub.1002184175",
        "pub.1043696472",
        "pub.1050668618",
        "pub.1043719347",
        "pub.1034366805",
        "pub.1008734986",
        "pub.1031672902",
        "pub.1046954181",
        "pub.1020375011",
        "pub.1029780340",
        "pub.1034349190",
        "pub.1052000831",
        "pub.1000799695",
        "pub.1001541786",
        "pub.1048663015",
        "pub.1078808724",
        "pub.1045400211",
        "pub.1040737501",
        "pub.1025845265",
        "pub.1037208038",
        "pub.1041603853",
        "pub.1027619975",
        "pub.1021565940",
        "pub.1001007321",
        "pub.1003574550",
        "pub.1042855478",
        "pub.1007240913",
        "pub.1083284933",
        "pub.1035188143",
        "pub.1030828161",
        "pub.1003956662",
        "pub.1040116769",
        "pub.1004560927",
        "pub.1041860111",
        "pub.1038464111",
        "pub.1046268803",
        "pub.1003995427",
        "pub.1052087511",
        "pub.1053134590",
        "pub.1021262918",
        "pub.1025611371",
        "pub.1015066529",
        "pub.1050527183",
        "pub.1017079273",
        "pub.1046788856",
        "pub.1038558191",
        "pub.1022827423",
        "pub.1044765875",
        "pub.1002675699",
        "pub.1042051290",
        "pub.1052490407",
        "pub.1035408437",
        "pub.1077493726",
        "pub.1031901701",
        "pub.1010466683",
        "pub.1041885979",
        "pub.1019954787",
        "pub.1077511749",
        "pub.1039109526",
        "pub.1012027974",
        "pub.1052658435",
        "pub.1077836943",
        "pub.1048465947",
        "pub.1052978137",
        "pub.1027965277",
        "pub.1049311314",
        "pub.1050613816",
        "pub.1019039197",
        "pub.1006196255",
        "pub.1035281564",
        "pub.1024795348",
        "pub.1077493716",
        "pub.1046531341",
        "pub.1024025080",
        "pub.1017970487",
        "pub.1032773745",
        "pub.1041364825",
        "pub.1038047201",
        "pub.1010150340",
        "pub.1031680974",
        "pub.1020187331",
        "pub.1044145084",
        "pub.1024419011",
        "pub.1024999184",
        "pub.1030868651",
        "pub.1017103936",
        "pub.1024483105",
        "pub.1012006203",
        "pub.1049625287",
        "pub.1074507220",
        "pub.1078248770",
        "pub.1053129779",
        "pub.1043435108",
        "pub.1077521327",
        "pub.1040036581",
        "pub.1014668477",
        "pub.1030088683",
        "pub.1024746225",
        "pub.1075080984",
        "pub.1043990810",
        "pub.1022734871",
        "pub.1031848248",
        "pub.1001374380",
        "pub.1009123811",
        "pub.1028865109",
        "pub.1038462788",
        "pub.1007142389",
        "pub.1010575772",
        "pub.1052812349",
        "pub.1001113648",
        "pub.1027865662",
        "pub.1025925161",
        "pub.1033536763",
        "pub.1024510676",
        "pub.1032264135",
        "pub.1034381312",
        "pub.1076602214",
        "pub.1034670857",
        "pub.1035479859",
        "pub.1026879172",
        "pub.1018587217",
        "pub.1032891802",
        "pub.1012378283",
        "pub.1006111613",
        "pub.1051983574",
        "pub.1012013453",
        "pub.1032965473",
        "pub.1077909244",
        "pub.1008376620",
        "pub.1049929202",
        "pub.1033322219",
        "pub.1038715738",
        "pub.1012735577",
        "pub.1033509006",
        "pub.1007584658",
        "pub.1019755933",
        "pub.1077049164",
        "pub.1063417002",
        "pub.1024330419",
        "pub.1030133232",
        "pub.1051064847",
        "pub.1043285811"
    ],
    "relative_citation_ratio": 19.88
}