{
    "pmid": "16157211",
    "author_affiliations": [
        [
            {
                "first_name": "Hung-Yueh",
                "last_name": "Yeh",
                "initials": "",
                "corresponding": true,
                "orcid": "['0000-0003-0806-2428']",
                "current_organization_id": "grid.463419.d",
                "researcher_id": "ur.01145004743.12",
                "affiliations": [
                    {
                        "id": "grid.463419.d",
                        "name": "Agricultural Research Service",
                        "city": "Washington D.C.",
                        "city_id": 4140963,
                        "country": "United States",
                        "country_code": "US",
                        "state": "District of Columbia",
                        "state_code": "US-DC"
                    }
                ]
            },
            {
                "first_name": "Craig A.",
                "last_name": "Shoemaker",
                "initials": "",
                "corresponding": "",
                "orcid": "",
                "current_organization_id": "grid.463419.d",
                "researcher_id": "ur.01024166763.35",
                "affiliations": [
                    {
                        "id": "grid.463419.d",
                        "name": "Agricultural Research Service",
                        "city": "Washington D.C.",
                        "city_id": 4140963,
                        "country": "United States",
                        "country_code": "US",
                        "state": "District of Columbia",
                        "state_code": "US-DC"
                    }
                ]
            },
            {
                "first_name": "Phillip H.",
                "last_name": "Klesius",
                "initials": "",
                "corresponding": "",
                "orcid": "",
                "current_organization_id": "grid.463419.d",
                "researcher_id": "ur.01055046034.33",
                "affiliations": [
                    {
                        "id": "grid.463419.d",
                        "name": "Agricultural Research Service",
                        "city": "Washington D.C.",
                        "city_id": 4140963,
                        "country": "United States",
                        "country_code": "US",
                        "state": "District of Columbia",
                        "state_code": "US-DC"
                    }
                ]
            }
        ]
    ],
    "FOR": [
        {
            "id": "3114",
            "name": "1108 Medical Microbiology"
        }
    ],
    "research_org_countries": [
        {
            "id": "US",
            "name": "United States"
        }
    ],
    "title": "Evaluation of a loop-mediated isothermal amplification method for rapid detection of channel catfish Ictalurus punctatus important bacterial pathogen Edwardsiella ictaluri",
    "research_org_cities": [
        {
            "id": 4140963,
            "name": "Washington, D.C."
        }
    ],
    "pages": "36-44",
    "issue": "1",
    "research_org_state_names": [
        "District of Columbia"
    ],
    "doi": "10.1016/j.mimet.2005.02.015",
    "times_cited": 63,
    "funders": [
        {
            "id": "grid.417548.b",
            "name": "United States Department of Agriculture",
            "linkout": [
                "http://www.usda.gov/"
            ],
            "country_name": "United States",
            "types": [
                "Government"
            ],
            "latitude": 38.88794,
            "acronym": "USDA",
            "state_name": "District of Columbia",
            "city_name": "Washington D.C.",
            "longitude": -77.03003
        }
    ],
    "journal": {
        "id": "jour.1094094",
        "title": "Journal of Microbiological Methods"
    },
    "research_orgs": [
        {
            "id": "grid.463419.d",
            "name": "Agricultural Research Service",
            "linkout": [
                "http://www.ars.usda.gov/main/main.htm"
            ],
            "country_name": "United States",
            "types": [
                "Government"
            ],
            "latitude": 38.8885,
            "acronym": "ARS",
            "state_name": "District of Columbia",
            "city_name": "Washington D.C.",
            "longitude": -77.02999
        }
    ],
    "year": 2005,
    "references": [
        "pub.1046687236",
        "pub.1060396653",
        "pub.1027302614",
        "pub.1042180691",
        "pub.1068057750",
        "pub.1062538000",
        "pub.1068058190",
        "pub.1028692312",
        "pub.1053324077",
        "pub.1049301216",
        "pub.1035133782",
        "pub.1030992938",
        "pub.1051177738",
        "pub.1010593118",
        "pub.1012832072",
        "pub.1003299788",
        "pub.1068057899",
        "pub.1074569832",
        "pub.1028922701",
        "pub.1080051941",
        "pub.1010142611",
        "pub.1016680305",
        "pub.1068060342",
        "pub.1035273276",
        "pub.1013280720",
        "pub.1031509380",
        "pub.1016522253",
        "pub.1074734543",
        "pub.1068058192",
        "pub.1068057772",
        "pub.1000546561",
        "pub.1047265454",
        "pub.1060347499",
        "pub.1074802243",
        "pub.1074867888",
        "pub.1025305755",
        "pub.1048521815",
        "pub.1068058173",
        "pub.1029416399",
        "pub.1049217140",
        "pub.1068058129",
        "pub.1019464873",
        "pub.1038056766",
        "pub.1055158914"
    ],
    "id": "pub.1001188814",
    "research_org_country_names": [
        "United States"
    ],
    "date": "2005-10-01",
    "research_org_state_codes": [
        {
            "id": "US-DC",
            "name": "District of Columbia"
        }
    ],
    "researchers": [
        {
            "id": "ur.01145004743.12",
            "research_orgs": [
                "grid.463419.d",
                "grid.17635.36",
                "grid.413853.8"
            ],
            "last_name": "Yeh",
            "first_name": "Hung-Yueh",
            "orcid_id": [
                "0000-0003-0806-2428"
            ]
        },
        {
            "id": "ur.01024166763.35",
            "research_orgs": [
                "grid.463419.d",
                "grid.252546.2",
                "grid.413853.8",
                "grid.417548.b"
            ],
            "last_name": "Shoemaker",
            "first_name": "Craig A"
        },
        {
            "id": "ur.01055046034.33",
            "research_orgs": [
                "grid.223827.e",
                "grid.463419.d",
                "grid.259828.c",
                "grid.260120.7",
                "grid.416738.f",
                "grid.240324.3",
                "grid.252546.2",
                "grid.419681.3",
                "grid.417548.b",
                "grid.413853.8"
            ],
            "last_name": "Klesius",
            "first_name": "Phillip Harry"
        }
    ],
    "relative_citation_ratio": 1.62,
    "type": "article",
    "volume": "63"
}