{
    "pmid": "11461441",
    "author_affiliations": [
        [
            {
                "first_name": "M. E. J.",
                "last_name": "Newman",
                "initials": "",
                "corresponding": "",
                "orcid": "",
                "current_organization_id": "grid.214458.e",
                "researcher_id": "ur.0621643160.19",
                "affiliations": [
                    {
                        "id": "grid.209665.e",
                        "name": "Santa Fe Institute",
                        "city": "Santa Fe",
                        "city_id": 5490263,
                        "country": "United States",
                        "country_code": "US",
                        "state": "New Mexico",
                        "state_code": "US-NM"
                    }
                ]
            },
            {
                "first_name": "R. M.",
                "last_name": "Ziff",
                "initials": "",
                "corresponding": "",
                "orcid": "",
                "current_organization_id": "grid.214458.e",
                "researcher_id": "ur.01276406456.29",
                "affiliations": [
                    {
                        "id": "grid.214458.e",
                        "name": "University of Michigan\u2013Ann Arbor",
                        "city": "Ann Arbor",
                        "city_id": 4984247,
                        "country": "United States",
                        "country_code": "US",
                        "state": "Michigan",
                        "state_code": "US-MI"
                    }
                ]
            }
        ]
    ],
    "FOR": [
        {
            "id": "2366",
            "name": "0105 Mathematical Physics"
        }
    ],
    "research_org_countries": [
        {
            "id": "US",
            "name": "United States"
        }
    ],
    "title": "Fast Monte Carlo algorithm for site or bond percolation",
    "research_org_cities": [
        {
            "id": 4984247,
            "name": "Ann Arbor"
        },
        {
            "id": 5490263,
            "name": "Santa Fe"
        }
    ],
    "pages": "016706",
    "issue": "1",
    "research_org_state_names": [
        "New Mexico",
        "Michigan"
    ],
    "open_access": [
        "Open Access - all",
        "Open Access - repository",
        "Open Access - submitted"
    ],
    "doi": "10.1103/physreve.64.016706",
    "times_cited": 284,
    "journal": {
        "id": "jour.1312290",
        "title": "Physical Review E"
    },
    "research_orgs": [
        {
            "id": "grid.214458.e",
            "name": "University of Michigan",
            "linkout": [
                "https://www.umich.edu/"
            ],
            "country_name": "United States",
            "types": [
                "Education"
            ],
            "latitude": 42.278305,
            "acronym": "UM",
            "state_name": "Michigan",
            "city_name": "Ann Arbor",
            "longitude": -83.73822
        },
        {
            "id": "grid.209665.e",
            "name": "Santa Fe Institute",
            "linkout": [
                "http://www.santafe.edu/"
            ],
            "country_name": "United States",
            "types": [
                "Nonprofit"
            ],
            "latitude": 35.7005,
            "acronym": "SFI",
            "state_name": "New Mexico",
            "city_name": "Santa Fe",
            "longitude": -105.9086
        }
    ],
    "year": 2001,
    "references": [
        "pub.1063167710",
        "pub.1013710035",
        "pub.1062906862",
        "pub.1060537281",
        "pub.1051877078",
        "pub.1049964127",
        "pub.1053584871",
        "pub.1048289869",
        "pub.1000282463",
        "pub.1022761798",
        "pub.1060802237",
        "pub.1060809261",
        "pub.1017193658",
        "pub.1060807837",
        "pub.1002131728",
        "pub.1025872962",
        "pub.1047176278",
        "pub.1069855069",
        "pub.1060810707",
        "pub.1009810049",
        "pub.1060526907",
        "pub.1060805576",
        "pub.1019109091",
        "pub.1025853164",
        "pub.1098556619",
        "pub.1033987505",
        "pub.1049224189",
        "pub.1018728745",
        "pub.1008269744",
        "pub.1060521624",
        "pub.1060719046",
        "pub.1060798008",
        "pub.1049969105",
        "pub.1059067049",
        "pub.1042548489",
        "pub.1059074663",
        "pub.1059064620",
        "pub.1027592656",
        "pub.1060717905",
        "pub.1060564133",
        "pub.1037179077",
        "pub.1056974060",
        "pub.1015303511",
        "pub.1038563506"
    ],
    "id": "pub.1031671181",
    "research_org_country_names": [
        "United States"
    ],
    "date": "2001-06-01",
    "research_org_state_codes": [
        {
            "id": "US-MI",
            "name": "Michigan"
        },
        {
            "id": "US-NM",
            "name": "New Mexico"
        }
    ],
    "researchers": [
        {
            "id": "ur.0621643160.19",
            "research_orgs": [
                "grid.5386.8",
                "grid.214458.e",
                "grid.4991.5",
                "grid.209665.e"
            ],
            "last_name": "Newman",
            "first_name": "M E J"
        },
        {
            "id": "ur.01276406456.29",
            "research_orgs": [
                "grid.36425.36",
                "grid.5477.1",
                "grid.116068.8",
                "grid.6190.e",
                "grid.214458.e"
            ],
            "last_name": "Ziff",
            "first_name": "Robert M",
            "orcid_id": [
                "0000-0002-9023-7508"
            ]
        }
    ],
    "relative_citation_ratio": 4.41,
    "type": "article",
    "volume": "64"
}