{
    "research_orgs": [
        {
            "id": "grid.8241.f",
            "linkout": [
                "http://www.dundee.ac.uk/"
            ],
            "city_name": "Dundee",
            "longitude": -2.980278,
            "latitude": 56.457222,
            "name": "University of Dundee",
            "types": [
                "Education"
            ],
            "country_name": "United Kingdom"
        }
    ],
    "research_org_country_names": [
        "United Kingdom"
    ],
    "pmid": "15849206",
    "funders": [
        {
            "id": "grid.14105.31",
            "linkout": [
                "http://www.mrc.ac.uk/"
            ],
            "city_name": "London",
            "longitude": -0.119432,
            "acronym": "MRC",
            "latitude": 51.514755,
            "name": "Medical Research Council",
            "types": [
                "Government"
            ],
            "country_name": "United Kingdom"
        }
    ],
    "title": "Metformin and reduced risk of cancer in diabetic patients",
    "type": "article",
    "year": 2005,
    "journal": {
        "id": "jour.1017377",
        "title": "The BMJ"
    },
    "researchers": [
        {
            "id": "ur.010505704042.52",
            "research_orgs": [
                "grid.11918.30",
                "grid.416266.1",
                "grid.453420.4",
                "grid.8241.f"
            ],
            "first_name": "Josie M M",
            "last_name": "Evans",
            "orcid_id": [
                "0000-0001-6672-7876"
            ]
        },
        {
            "id": "ur.013073136702.66",
            "research_orgs": [
                "grid.416266.1",
                "grid.8241.f"
            ],
            "first_name": "Louise A",
            "last_name": "Donnelly"
        },
        {
            "id": "ur.01145707600.10",
            "research_orgs": [
                "grid.416266.1",
                "grid.412273.1",
                "grid.8241.f"
            ],
            "first_name": "Alistair M",
            "last_name": "Emslie-Smith"
        },
        {
            "id": "ur.0740015144.50",
            "research_orgs": [
                "grid.83440.3b",
                "grid.6572.6",
                "grid.8241.f",
                "grid.44361.34",
                "grid.451071.6",
                "grid.11485.39"
            ],
            "first_name": "Dario Renato",
            "last_name": "Alessi",
            "orcid_id": [
                "0000-0002-2140-9185"
            ]
        },
        {
            "id": "ur.014366020547.03",
            "research_orgs": [
                "grid.239826.4",
                "grid.488827.9",
                "grid.412947.d",
                "grid.8391.3",
                "grid.4305.2",
                "grid.415302.1",
                "grid.8241.f",
                "grid.8756.c",
                "grid.9918.9",
                "grid.416266.1",
                "grid.453420.4"
            ],
            "first_name": "Andrew David",
            "last_name": "Morris"
        }
    ],
    "research_org_countries": [
        {
            "id": "GB",
            "name": "United Kingdom"
        }
    ],
    "date": "2005-06-04",
    "altmetric": 58.0,
    "pages": "1304",
    "id": "pub.1022994993",
    "volume": "330",
    "issue": "7503",
    "research_org_cities": [
        {
            "id": 2650752,
            "name": "Dundee"
        }
    ],
    "open_access": [
        "Open Access - all",
        "Open Access - publisher",
        "Open Access - published"
    ],
    "author_affiliations": [
        [
            {
                "first_name": "Josie M M",
                "last_name": "Evans",
                "initials": "",
                "corresponding": "",
                "orcid": "['0000-0001-6672-7876']",
                "current_organization_id": "grid.11918.30",
                "researcher_id": "ur.010505704042.52",
                "affiliations": [
                    {
                        "id": "grid.8241.f",
                        "name": "University of Dundee",
                        "city": "Dundee",
                        "city_id": 2650752,
                        "country": "United Kingdom",
                        "country_code": "GB",
                        "state": null,
                        "state_code": null
                    }
                ]
            },
            {
                "first_name": "Louise A",
                "last_name": "Donnelly",
                "initials": "",
                "corresponding": "",
                "orcid": "",
                "current_organization_id": "grid.8241.f",
                "researcher_id": "ur.013073136702.66",
                "affiliations": [
                    {
                        "id": "grid.8241.f",
                        "name": "University of Dundee",
                        "city": "Dundee",
                        "city_id": 2650752,
                        "country": "United Kingdom",
                        "country_code": "GB",
                        "state": null,
                        "state_code": null
                    }
                ]
            },
            {
                "first_name": "Alistair M",
                "last_name": "Emslie-Smith",
                "initials": "",
                "corresponding": "",
                "orcid": "",
                "current_organization_id": "grid.412273.1",
                "researcher_id": "ur.01145707600.10",
                "affiliations": [
                    {
                        "name": "Mill Practice, Dundee"
                    }
                ]
            },
            {
                "first_name": "Dario R",
                "last_name": "Alessi",
                "initials": "",
                "corresponding": "",
                "orcid": "['0000-0002-2140-9185']",
                "current_organization_id": "grid.8241.f",
                "researcher_id": "ur.0740015144.50",
                "affiliations": [
                    {
                        "id": "grid.8241.f",
                        "name": "University of Dundee",
                        "city": "Dundee",
                        "city_id": 2650752,
                        "country": "United Kingdom",
                        "country_code": "GB",
                        "state": null,
                        "state_code": null
                    }
                ]
            },
            {
                "first_name": "Andrew D",
                "last_name": "Morris",
                "initials": "",
                "corresponding": "",
                "orcid": "",
                "current_organization_id": "grid.4305.2",
                "researcher_id": "ur.014366020547.03",
                "affiliations": [
                    {
                        "id": "grid.8241.f",
                        "name": "University of Dundee",
                        "city": "Dundee",
                        "city_id": 2650752,
                        "country": "United Kingdom",
                        "country_code": "GB",
                        "state": null,
                        "state_code": null
                    }
                ]
            }
        ]
    ],
    "pmcid": "PMC558205",
    "doi": "10.1136/bmj.38415.708634.f7",
    "times_cited": 1473,
    "references": [
        "pub.1062772444",
        "pub.1062780606",
        "pub.1015797791",
        "pub.1030642195",
        "pub.1048224196"
    ],
    "relative_citation_ratio": 30.18
}