{
    "pmid": "24533316",
    "author_affiliations": [
        [
            {
                "first_name": "Kaiser E.",
                "last_name": "Dawood",
                "initials": "",
                "corresponding": true,
                "orcid": "",
                "current_organization_id": "grid.1680.f",
                "researcher_id": "ur.014055653204.95",
                "affiliations": [
                    {
                        "id": "grid.1680.f",
                        "name": "New South Wales Department of Primary Industries",
                        "city": "Orange",
                        "city_id": 2154219,
                        "country": "Australia",
                        "country_code": "AU",
                        "state": "New South Wales",
                        "state_code": "AU-NSW"
                    }
                ]
            },
            {
                "first_name": "Jess A.T.",
                "last_name": "Morgan",
                "initials": "",
                "corresponding": "",
                "orcid": "['0000-0002-3590-4806']",
                "current_organization_id": "grid.492998.7",
                "researcher_id": "ur.014210274772.50",
                "affiliations": [
                    {
                        "id": "grid.1003.2",
                        "name": "University of Queensland",
                        "city": "Brisbane",
                        "city_id": 2174003,
                        "country": "Australia",
                        "country_code": "AU",
                        "state": "Queensland",
                        "state_code": "AU-QLD"
                    }
                ]
            },
            {
                "first_name": "Frances",
                "last_name": "Busfield",
                "initials": "",
                "corresponding": "",
                "orcid": "",
                "current_organization_id": "grid.1003.2",
                "researcher_id": "ur.01167545177.23",
                "affiliations": [
                    {
                        "name": "Moruya Veterinary Hospital, 86-88 Queens St. Moruya, NSW 2537, Australia"
                    }
                ]
            },
            {
                "first_name": "Mukesh",
                "last_name": "Srivastava",
                "initials": "",
                "corresponding": "",
                "orcid": "",
                "current_organization_id": "grid.1680.f",
                "researcher_id": "ur.01072473236.45",
                "affiliations": [
                    {
                        "id": "grid.1680.f",
                        "name": "New South Wales Department of Primary Industries",
                        "city": "Orange",
                        "city_id": 2154219,
                        "country": "Australia",
                        "country_code": "AU",
                        "state": "New South Wales",
                        "state_code": "AU-NSW"
                    }
                ]
            },
            {
                "first_name": "Taryn I.",
                "last_name": "Fletcher",
                "initials": "",
                "corresponding": "",
                "orcid": "",
                "current_organization_id": "grid.7445.2",
                "researcher_id": "ur.01144161074.46",
                "affiliations": [
                    {
                        "name": "Tick Fever Centre, Queensland Department of Agriculture, Fisheries & Forestry, 280 Grindle Road, Wacol, Qld 4076, Australia"
                    }
                ]
            },
            {
                "first_name": "Jacqueline",
                "last_name": "Sambono",
                "initials": "",
                "corresponding": "",
                "orcid": "",
                "current_organization_id": "",
                "researcher_id": "ur.01206721636.26",
                "affiliations": [
                    {
                        "name": "Tick Fever Centre, Queensland Department of Agriculture, Fisheries & Forestry, 280 Grindle Road, Wacol, Qld 4076, Australia"
                    }
                ]
            },
            {
                "first_name": "Louise A.",
                "last_name": "Jackson",
                "initials": "",
                "corresponding": "",
                "orcid": "['0000-0002-8677-2989']",
                "current_organization_id": "grid.417571.1",
                "researcher_id": "ur.01146554263.32",
                "affiliations": [
                    {
                        "name": "Biosecurity Queensland, Queensland Department of Agriculture, Fisheries & Forestry, 39 Kessels Road, Coopers Plains, Qld 4108, Australia"
                    }
                ]
            },
            {
                "first_name": "Bronwyn",
                "last_name": "Venus",
                "initials": "",
                "corresponding": "",
                "orcid": "['0000-0003-2981-5353']",
                "current_organization_id": "grid.1003.2",
                "researcher_id": "ur.01271534121.28",
                "affiliations": [
                    {
                        "name": "Animal Science, Queensland Department of Agriculture, Fisheries & Forestry, 306 Carmody Road, St. Lucia, Qld 4072, Australia"
                    }
                ]
            },
            {
                "first_name": "Adrian W.",
                "last_name": "Philbey",
                "initials": "",
                "corresponding": "",
                "orcid": "",
                "current_organization_id": "grid.4305.2",
                "researcher_id": "ur.01173025160.01",
                "affiliations": [
                    {
                        "id": "grid.1680.f",
                        "name": "New South Wales Department of Primary Industries",
                        "city": "Orange",
                        "city_id": 2154219,
                        "country": "Australia",
                        "country_code": "AU",
                        "state": "New South Wales",
                        "state_code": "AU-NSW"
                    }
                ]
            },
            {
                "first_name": "Ala E.",
                "last_name": "Lew-Tabor",
                "initials": "",
                "corresponding": "",
                "orcid": "['0000-0001-7147-1078']",
                "current_organization_id": "grid.1025.6",
                "researcher_id": "ur.01016020735.43",
                "affiliations": [
                    {
                        "id": "grid.1003.2",
                        "name": "University of Queensland",
                        "city": "Brisbane",
                        "city_id": 2174003,
                        "country": "Australia",
                        "country_code": "AU",
                        "state": "Queensland",
                        "state_code": "AU-QLD"
                    }
                ]
            }
        ]
    ],
    "altmetric": 5.0,
    "FOR": [
        {
            "id": "2727",
            "name": "0707 Veterinary Sciences"
        }
    ],
    "research_org_countries": [
        {
            "id": "AU",
            "name": "Australia"
        }
    ],
    "title": "Observation of a novel Babesia spp. in Eastern Grey Kangaroos (Macropus giganteus) in Australia",
    "research_org_cities": [
        {
            "id": 2174003,
            "name": "Brisbane"
        },
        {
            "id": 2154219,
            "name": "Orange"
        },
        {
            "id": 9957339,
            "name": "Coopers Plains"
        },
        {
            "id": 2145135,
            "name": "Wacol"
        }
    ],
    "pages": "54-61",
    "research_org_state_names": [
        "Queensland",
        "New South Wales"
    ],
    "open_access": [
        "Open Access - all",
        "Open Access - publisher",
        "Open Access - published"
    ],
    "doi": "10.1016/j.ijppaw.2012.12.001",
    "times_cited": 17,
    "funders": [
        {
            "id": "grid.417548.b",
            "name": "United States Department of Agriculture",
            "linkout": [
                "http://www.usda.gov/"
            ],
            "country_name": "United States",
            "types": [
                "Government"
            ],
            "latitude": 38.88794,
            "acronym": "USDA",
            "state_name": "District of Columbia",
            "city_name": "Washington D.C.",
            "longitude": -77.03003
        }
    ],
    "journal": {
        "id": "jour.1047880",
        "title": "International Journal for Parasitology Parasites and Wildlife"
    },
    "research_orgs": [
        {
            "id": "grid.1003.2",
            "name": "University of Queensland",
            "linkout": [
                "http://www.uq.edu.au/"
            ],
            "country_name": "Australia",
            "types": [
                "Education"
            ],
            "latitude": -27.495964,
            "acronym": "UQ",
            "state_name": "Queensland",
            "city_name": "Brisbane",
            "longitude": 153.00963
        },
        {
            "id": "grid.1680.f",
            "name": "New South Wales Department of Primary Industries",
            "linkout": [
                "http://www.dpi.nsw.gov.au/"
            ],
            "country_name": "Australia",
            "types": [
                "Government"
            ],
            "latitude": -33.285915,
            "state_name": "New South Wales",
            "city_name": "Orange",
            "longitude": 149.10579
        }
    ],
    "year": 2013,
    "references": [
        "pub.1011414892",
        "pub.1029942597",
        "pub.1051366563",
        "pub.1016908805",
        "pub.1005428834",
        "pub.1082723487",
        "pub.1007030865",
        "pub.1019559594",
        "pub.1045876404",
        "pub.1031877581",
        "pub.1046458155",
        "pub.1038984031",
        "pub.1020622469",
        "pub.1015319226",
        "pub.1041279110",
        "pub.1044644695",
        "pub.1035406137",
        "pub.1022640129",
        "pub.1039134480",
        "pub.1008433338",
        "pub.1012302136",
        "pub.1037155531",
        "pub.1020933877",
        "pub.1005988913",
        "pub.1029759302",
        "pub.1030174287",
        "pub.1011647697",
        "pub.1008117556",
        "pub.1051517455",
        "pub.1043061526",
        "pub.1022319357",
        "pub.1016997955",
        "pub.1041469616",
        "pub.1078169050",
        "pub.1037555851",
        "pub.1021758310",
        "pub.1059810009",
        "pub.1011742946",
        "pub.1043243276",
        "pub.1008279409",
        "pub.1001991710",
        "pub.1017340196",
        "pub.1045645416",
        "pub.1008285673",
        "pub.1048917212",
        "pub.1027697537",
        "pub.1011031797",
        "pub.1004931498"
    ],
    "id": "pub.1024113198",
    "research_org_country_names": [
        "Australia"
    ],
    "date": "2013-12-01",
    "research_org_state_codes": [
        {
            "id": "AU-QLD",
            "name": "Queensland"
        },
        {
            "id": "AU-NSW",
            "name": "New South Wales"
        }
    ],
    "researchers": [
        {
            "id": "ur.014055653204.95",
            "research_orgs": [
                "grid.1680.f"
            ],
            "last_name": "Dawood",
            "first_name": "Kaiser E"
        },
        {
            "id": "ur.014210274772.50",
            "research_orgs": [
                "grid.492998.7",
                "grid.1043.6",
                "grid.453171.5",
                "grid.1003.2",
                "grid.266832.b",
                "grid.417571.1"
            ],
            "last_name": "Morgan",
            "first_name": "Jess A T",
            "orcid_id": [
                "0000-0002-3590-4806"
            ]
        },
        {
            "id": "ur.01167545177.23",
            "research_orgs": [
                "grid.412744.0",
                "grid.1003.2"
            ],
            "last_name": "Busfield",
            "first_name": "Frances"
        },
        {
            "id": "ur.01072473236.45",
            "research_orgs": [
                "grid.1680.f"
            ],
            "last_name": "Srivastava",
            "first_name": "Mukesh"
        },
        {
            "id": "ur.01144161074.46",
            "research_orgs": [
                "grid.7445.2"
            ],
            "last_name": "Fletcher",
            "first_name": "Taryn I"
        },
        {
            "id": "ur.01206721636.26",
            "last_name": "Sambono",
            "first_name": "Jacqueline L"
        },
        {
            "id": "ur.01146554263.32",
            "research_orgs": [
                "grid.453171.5",
                "grid.4305.2",
                "grid.492998.7",
                "grid.417571.1",
                "grid.1003.2"
            ],
            "last_name": "Jackson",
            "first_name": "Louise A",
            "orcid_id": [
                "0000-0002-8677-2989"
            ]
        },
        {
            "id": "ur.01271534121.28",
            "research_orgs": [
                "grid.495784.3",
                "grid.1003.2",
                "grid.1020.3",
                "grid.417571.1"
            ],
            "last_name": "Venus",
            "first_name": "Bronwyn K",
            "orcid_id": [
                "0000-0003-2981-5353"
            ]
        },
        {
            "id": "ur.01173025160.01",
            "research_orgs": [
                "grid.1680.f",
                "grid.4305.2",
                "grid.8756.c",
                "grid.420013.4"
            ],
            "last_name": "Philbey",
            "first_name": "Adrian W"
        },
        {
            "id": "ur.01016020735.43",
            "research_orgs": [
                "grid.1025.6",
                "grid.453171.5",
                "grid.1020.3",
                "grid.1003.2",
                "grid.492998.7",
                "grid.417571.1"
            ],
            "last_name": "Lew-Tabor",
            "first_name": "Ala E",
            "orcid_id": [
                "0000-0001-7147-1078"
            ]
        }
    ],
    "relative_citation_ratio": 0.86,
    "type": "article",
    "volume": "2",
    "pmcid": "PMC3862514"
}