{
    "volume": "11",
    "date": "2000-01-01",
    "title": "The effect of Rituximab on patients with follicular and mantle-cell lymphoma",
    "researchers": [
        {
            "id": "ur.01125775263.23",
            "last_name": "Ghielmini",
            "first_name": "Michele E G",
            "research_orgs": [
                "grid.150338.c",
                "grid.412004.3",
                "grid.476782.8",
                "grid.419922.5",
                "grid.412920.c",
                "grid.413357.7",
                "grid.410567.1",
                "grid.415065.3",
                "grid.414250.6",
                "grid.12136.37",
                "grid.8515.9",
                "grid.413156.4",
                "grid.413354.4",
                "grid.5379.8",
                "grid.411656.1"
            ]
        },
        {
            "id": "ur.0736614452.50",
            "last_name": "Schmitz",
            "first_name": "Shu-Fang Hsu",
            "research_orgs": [
                "grid.412353.2",
                "grid.12136.37",
                "grid.414250.6",
                "grid.419922.5",
                "grid.410567.1",
                "grid.413354.4",
                "grid.8515.9",
                "grid.470039.9",
                "grid.150338.c",
                "grid.415065.3",
                "grid.476782.8",
                "grid.419481.1",
                "grid.417053.4",
                "grid.5734.5",
                "grid.412004.3",
                "grid.413357.7",
                "grid.411656.1"
            ]
        },
        {
            "id": "ur.01312347767.54",
            "last_name": "B\u00fcrki",
            "first_name": "Kurt",
            "research_orgs": [
                "grid.150338.c"
            ]
        },
        {
            "id": "ur.01372074676.77",
            "last_name": "Pichert",
            "first_name": "Gabriella",
            "research_orgs": [
                "grid.418716.d",
                "grid.422655.2",
                "grid.414250.6",
                "grid.419922.5",
                "grid.239826.4",
                "grid.453425.1",
                "grid.413354.4",
                "grid.451052.7",
                "grid.415065.3",
                "grid.420545.2",
                "grid.417068.c",
                "grid.11914.3c",
                "grid.416523.7",
                "grid.413357.7",
                "grid.415216.5",
                "grid.412004.3"
            ]
        },
        {
            "id": "ur.01347517706.76",
            "last_name": "Betticher",
            "first_name": "Daniel Charles",
            "research_orgs": [
                "grid.6612.3",
                "grid.414250.6",
                "grid.144756.5",
                "grid.415065.3",
                "grid.189509.c",
                "grid.413354.4",
                "grid.8515.9",
                "grid.413357.7",
                "grid.418191.4",
                "grid.412004.3",
                "grid.413366.5",
                "grid.430814.a",
                "grid.410356.5",
                "grid.411158.8",
                "grid.417728.f",
                "grid.477522.1",
                "grid.5734.5",
                "grid.411656.1",
                "grid.412353.2",
                "grid.415720.5",
                "grid.412917.8",
                "grid.419922.5",
                "grid.11451.30",
                "grid.150338.c",
                "grid.419971.3",
                "grid.415224.4",
                "grid.476782.8"
            ]
        },
        {
            "id": "ur.0767614321.52",
            "last_name": "Stupp",
            "first_name": "Roger",
            "research_orgs": [
                "grid.425888.b",
                "grid.414250.6",
                "grid.422301.6",
                "grid.6363.0",
                "grid.51462.34",
                "grid.410567.1",
                "grid.425213.3",
                "grid.411129.e",
                "grid.170205.1",
                "grid.412966.e",
                "grid.15667.33",
                "grid.415065.3",
                "grid.5252.0",
                "grid.418037.9",
                "grid.67105.35",
                "grid.410527.5",
                "grid.5330.5",
                "grid.5596.f",
                "grid.414526.0",
                "grid.240145.6",
                "grid.39009.33",
                "grid.413103.4",
                "grid.189509.c",
                "grid.14925.3b",
                "grid.266102.1",
                "grid.8515.9",
                "grid.7700.0",
                "grid.10388.32",
                "grid.7400.3",
                "grid.412004.3",
                "grid.427785.b",
                "grid.21107.35",
                "grid.39381.30",
                "grid.5288.7",
                "grid.5645.2",
                "grid.414836.c",
                "grid.411599.1",
                "grid.418936.1",
                "grid.410569.f",
                "grid.281036.e",
                "grid.42399.35",
                "grid.5253.1",
                "grid.411097.a",
                "grid.19006.3e",
                "grid.270240.3",
                "grid.16753.36",
                "grid.443984.6",
                "grid.419765.8",
                "grid.10392.39",
                "grid.22937.3d",
                "grid.5734.5",
                "grid.417053.4",
                "grid.66875.3a",
                "grid.411656.1",
                "grid.22072.35",
                "grid.5570.7",
                "grid.411326.3",
                "grid.419922.5",
                "grid.13992.30",
                "grid.9851.5",
                "grid.150338.c",
                "grid.239395.7",
                "grid.14003.36",
                "grid.476782.8",
                "grid.415224.4",
                "grid.18887.3e",
                "grid.413820.c",
                "grid.5333.6",
                "grid.412590.b"
            ]
        },
        {
            "id": "ur.01276365572.26",
            "last_name": "Wernli",
            "first_name": "Martin",
            "research_orgs": [
                "grid.419771.d",
                "grid.15667.33",
                "grid.414526.0",
                "grid.8515.9",
                "grid.417053.4",
                "grid.150338.c",
                "grid.411656.1",
                "grid.413357.7",
                "grid.5734.5",
                "grid.443984.6",
                "grid.470039.9",
                "grid.410567.1",
                "grid.425213.3",
                "grid.170205.1",
                "grid.476782.8"
            ]
        },
        {
            "id": "ur.0730301441.05",
            "last_name": "Lohri",
            "first_name": "Andreas",
            "research_orgs": [
                "grid.5807.a",
                "grid.415065.3",
                "grid.248762.d",
                "grid.459629.5",
                "grid.411984.1",
                "grid.410567.1",
                "grid.8515.9",
                "grid.419835.2",
                "grid.411760.5",
                "grid.440128.b",
                "grid.411067.5",
                "grid.416008.b",
                "grid.10392.39",
                "grid.8379.5",
                "grid.476782.8",
                "grid.488575.3",
                "grid.412004.3",
                "grid.16872.3a",
                "grid.5252.0",
                "grid.419922.5",
                "grid.7700.0",
                "grid.16149.3b",
                "grid.413349.8",
                "grid.6582.9",
                "grid.6190.e",
                "grid.7727.5",
                "grid.411656.1",
                "grid.419594.4",
                "grid.150338.c"
            ]
        },
        {
            "id": "ur.0734330140.82",
            "last_name": "Schmitter",
            "first_name": "Doris",
            "research_orgs": [
                "grid.412004.3"
            ]
        },
        {
            "id": "ur.01225122555.02",
            "last_name": "Bertoni",
            "first_name": "Francesco",
            "orcid_id": [
                "0000-0001-5637-8983"
            ],
            "research_orgs": [
                "grid.29078.34",
                "grid.15667.33",
                "grid.416041.6",
                "grid.413357.7",
                "grid.4708.b",
                "grid.18887.3e",
                "grid.416353.6",
                "grid.419922.5",
                "grid.7563.7",
                "grid.419038.7",
                "grid.415065.3",
                "grid.414250.6",
                "grid.419765.8",
                "grid.83440.3b",
                "grid.4868.2",
                "grid.413354.4",
                "grid.469433.f",
                "grid.150338.c",
                "grid.4527.4"
            ]
        },
        {
            "id": "ur.01145564236.77",
            "last_name": "Cerny",
            "first_name": "Thomas",
            "research_orgs": [
                "grid.414250.6",
                "grid.410567.1",
                "grid.415065.3",
                "grid.481071.b",
                "grid.411142.3",
                "grid.413354.4",
                "grid.8515.9",
                "grid.417286.e",
                "grid.418092.6",
                "grid.413357.7",
                "grid.412004.3",
                "grid.411097.a",
                "grid.9613.d",
                "grid.5734.5",
                "grid.411656.1",
                "grid.412917.8",
                "grid.419922.5",
                "grid.413349.8",
                "grid.470039.9",
                "grid.150338.c",
                "grid.415224.4",
                "grid.476782.8"
            ]
        }
    ],
    "pages": "s123-s126",
    "research_org_cities": [
        {
            "id": 2661567,
            "name": "Bellinzona"
        }
    ],
    "open_access": [
        "Open Access - all",
        "Open Access - publisher",
        "Open Access - published"
    ],
    "research_org_countries": [
        {
            "id": "CH",
            "name": "Switzerland"
        }
    ],
    "doi": "10.1093/annonc/11.suppl_1.s123",
    "FOR": [
        {
            "id": "3048",
            "name": "1102 Cardiorespiratory Medicine and Haematology"
        },
        {
            "id": "3053",
            "name": "1103 Clinical Sciences"
        }
    ],
    "research_orgs": [
        {
            "id": "grid.419922.5",
            "acronym": "IOR",
            "types": [
                "Facility"
            ],
            "longitude": 9.022527,
            "linkout": [
                "http://ior.iosi.ch/site/"
            ],
            "latitude": 46.19458,
            "name": "Institute of Oncology Research",
            "city_name": "Bellinzona",
            "country_name": "Switzerland"
        }
    ],
    "times_cited": 69,
    "pmid": "10707793",
    "research_org_country_names": [
        "Switzerland"
    ],
    "id": "pub.1034685207",
    "issue": "suppl_1",
    "journal": {
        "id": "jour.1100417",
        "title": "Annals of Oncology"
    },
    "year": 2000,
    "references": [
        "pub.1015094737",
        "pub.1056302836",
        "pub.1121775736",
        "pub.1083238830",
        "pub.1056303668",
        "pub.1082983587",
        "pub.1083306005",
        "pub.1056303763",
        "pub.1083314021"
    ],
    "relative_citation_ratio": 0.9,
    "author_affiliations": [
        [
            {
                "first_name": "M",
                "last_name": "Ghielmini",
                "initials": "",
                "corresponding": "",
                "orcid": "",
                "current_organization_id": "grid.419922.5",
                "researcher_id": "ur.01125775263.23",
                "affiliations": [
                    {
                        "id": "grid.419922.5",
                        "name": "Institute of Oncology Research",
                        "city": "Bellinzona",
                        "city_id": 2661567,
                        "country": "Switzerland",
                        "country_code": "CH",
                        "state": null,
                        "state_code": null
                    }
                ]
            },
            {
                "first_name": "S F",
                "last_name": "Schmitz",
                "initials": "",
                "corresponding": "",
                "orcid": "",
                "current_organization_id": "grid.419481.1",
                "researcher_id": "ur.0736614452.50",
                "affiliations": []
            },
            {
                "first_name": "K",
                "last_name": "B\u00fcrki",
                "initials": "",
                "corresponding": "",
                "orcid": "",
                "current_organization_id": "",
                "researcher_id": "ur.01312347767.54",
                "affiliations": []
            },
            {
                "first_name": "G",
                "last_name": "Pichert",
                "initials": "",
                "corresponding": "",
                "orcid": "",
                "current_organization_id": "grid.451052.7",
                "researcher_id": "ur.01372074676.77",
                "affiliations": []
            },
            {
                "first_name": "D C",
                "last_name": "Betticher",
                "initials": "",
                "corresponding": "",
                "orcid": "",
                "current_organization_id": "grid.413366.5",
                "researcher_id": "ur.01347517706.76",
                "affiliations": []
            },
            {
                "first_name": "R",
                "last_name": "Stupp",
                "initials": "",
                "corresponding": "",
                "orcid": "",
                "current_organization_id": "grid.16753.36",
                "researcher_id": "ur.0767614321.52",
                "affiliations": []
            },
            {
                "first_name": "M",
                "last_name": "Wernli",
                "initials": "",
                "corresponding": "",
                "orcid": "",
                "current_organization_id": "grid.413357.7",
                "researcher_id": "ur.01276365572.26",
                "affiliations": []
            },
            {
                "first_name": "A",
                "last_name": "Lohri",
                "initials": "",
                "corresponding": "",
                "orcid": "",
                "current_organization_id": "grid.440128.b",
                "researcher_id": "ur.0730301441.05",
                "affiliations": []
            },
            {
                "first_name": "D",
                "last_name": "Schmitter",
                "initials": "",
                "corresponding": "",
                "orcid": "",
                "current_organization_id": "grid.412004.3",
                "researcher_id": "ur.0734330140.82",
                "affiliations": []
            },
            {
                "first_name": "F",
                "last_name": "Bertoni",
                "initials": "",
                "corresponding": "",
                "orcid": "['0000-0001-5637-8983']",
                "current_organization_id": "grid.419922.5",
                "researcher_id": "ur.01225122555.02",
                "affiliations": []
            },
            {
                "first_name": "T",
                "last_name": "Cerny",
                "initials": "",
                "corresponding": "",
                "orcid": "",
                "current_organization_id": "grid.413349.8",
                "researcher_id": "ur.01145564236.77",
                "affiliations": []
            }
        ]
    ],
    "type": "article"
}