{
    "research_org_country_names": [
        "United States"
    ],
    "pmid": "10229584",
    "title": "In vivo resistance to bacterial biofilm formation on tympanostomy tubes as a function of tube material",
    "type": "article",
    "year": 1999,
    "journal": {
        "id": "jour.1312301",
        "title": "Otolaryngology"
    },
    "researchers": [
        {
            "id": "ur.01302333372.61",
            "research_orgs": [
                "grid.21940.3e",
                "grid.240145.6",
                "grid.413038.d"
            ],
            "first_name": "Iyad S",
            "last_name": "Saidi"
        },
        {
            "id": "ur.0741265677.93",
            "research_orgs": [
                "grid.413036.3",
                "grid.411024.2",
                "grid.411667.3",
                "grid.413038.d"
            ],
            "first_name": "John F",
            "last_name": "Biedlingmaier"
        },
        {
            "id": "ur.01201766273.19",
            "research_orgs": [
                "grid.411667.3",
                "grid.413038.d"
            ],
            "first_name": "Philip J",
            "last_name": "Whelan"
        }
    ],
    "FOR": [
        {
            "id": "2921",
            "name": "0912 Materials Engineering"
        }
    ],
    "research_org_countries": [
        {
            "id": "US",
            "name": "United States"
        }
    ],
    "date": "1999-05-01",
    "altmetric": 3.0,
    "pages": "621-627",
    "research_org_state_names": [
        "Maryland"
    ],
    "id": "pub.1015779293",
    "research_org_state_codes": [
        {
            "id": "US-MD",
            "name": "Maryland"
        }
    ],
    "volume": "120",
    "issue": "5",
    "research_org_cities": [
        {
            "id": 4347778,
            "name": "Baltimore"
        }
    ],
    "author_affiliations": [
        [
            {
                "first_name": "IYAD S",
                "last_name": "SAIDI",
                "initials": "",
                "corresponding": "",
                "orcid": "",
                "current_organization_id": "grid.413038.d",
                "researcher_id": "ur.01302333372.61",
                "affiliations": [
                    {
                        "name": "Division of Otolaryngology\u2013Head and Neck Surgery, Department of Surgery, University of Maryland Medical System (Drs Saidi and Biedlingmaier); and the Department of Pathology, Maryland General Hospital (Dr Whelan)"
                    }
                ]
            },
            {
                "first_name": "JOHN F",
                "last_name": "BIEDLINGMAIER",
                "initials": "",
                "corresponding": "",
                "orcid": "",
                "current_organization_id": "grid.413038.d",
                "researcher_id": "ur.0741265677.93",
                "affiliations": [
                    {
                        "name": "Division of Otolaryngology\u2013Head and Neck Surgery, Department of Surgery, University of Maryland Medical System (Drs Saidi and Biedlingmaier); and the Department of Pathology, Maryland General Hospital (Dr Whelan)"
                    }
                ]
            },
            {
                "first_name": "PHILIP",
                "last_name": "WHELAN",
                "initials": "",
                "corresponding": true,
                "orcid": "",
                "current_organization_id": "grid.411667.3",
                "researcher_id": "ur.01201766273.19",
                "affiliations": [
                    {
                        "name": "Division of Otolaryngology\u2013Head and Neck Surgery, Department of Surgery, University of Maryland Medical System (Drs Saidi and Biedlingmaier); and the Department of Pathology, Maryland General Hospital (Dr Whelan)"
                    }
                ]
            }
        ]
    ],
    "doi": "10.1053/hn.1999.v120.a94162",
    "times_cited": 52,
    "references": [
        "pub.1063775820",
        "pub.1078447220",
        "pub.1034127350",
        "pub.1005510198",
        "pub.1059704723",
        "pub.1001449850",
        "pub.1000423582",
        "pub.1081739397",
        "pub.1011609000",
        "pub.1048568898",
        "pub.1030645542",
        "pub.1081765071",
        "pub.1017965865",
        "pub.1010701769",
        "pub.1026315202",
        "pub.1047417748"
    ],
    "relative_citation_ratio": 2.0
}