{
    "volume": "80",
    "date": "1983-06-01",
    "title": "Purification and initial characterization of a type beta transforming growth factor from human placenta",
    "researchers": [
        {
            "id": "ur.01147046637.02",
            "last_name": "Frolik",
            "first_name": "Charles A",
            "research_orgs": [
                "grid.48336.3a",
                "grid.94365.3d",
                "grid.417768.b"
            ]
        },
        {
            "id": "ur.01171443141.41",
            "last_name": "Dart",
            "first_name": "Linda L",
            "research_orgs": [
                "grid.48336.3a",
                "grid.94365.3d",
                "grid.417768.b",
                "grid.420089.7"
            ]
        },
        {
            "id": "ur.01263275237.94",
            "last_name": "Meyers",
            "first_name": "Chester A"
        },
        {
            "id": "ur.01331410437.45",
            "last_name": "Smith",
            "first_name": "Diane M",
            "research_orgs": [
                "grid.48336.3a",
                "grid.94365.3d"
            ]
        },
        {
            "id": "ur.0671066537.80",
            "last_name": "Sporn",
            "first_name": "Michael B",
            "research_orgs": [
                "grid.48336.3a",
                "grid.21729.3f",
                "grid.39381.30",
                "grid.470367.1",
                "grid.137628.9",
                "grid.418021.e",
                "grid.94365.3d",
                "grid.420086.8",
                "grid.420089.7",
                "grid.417768.b",
                "grid.420421.1",
                "grid.67105.35",
                "grid.240145.6",
                "grid.266100.3",
                "grid.412750.5",
                "grid.416870.c",
                "grid.280268.6",
                "grid.254880.3",
                "grid.65499.37",
                "grid.468198.a",
                "grid.5386.8"
            ]
        }
    ],
    "pmcid": "PMC394113",
    "altmetric": 6.0,
    "pages": "3676-3680",
    "open_access": [
        "Open Access - all",
        "Open Access - publisher",
        "Open Access - published"
    ],
    "doi": "10.1073/pnas.80.12.3676",
    "FOR": [
        {
            "id": "2581",
            "name": "0601 Biochemistry and Cell Biology"
        }
    ],
    "times_cited": 297,
    "pmid": "6602340",
    "id": "pub.1018624128",
    "issue": "12",
    "journal": {
        "id": "jour.1082971",
        "title": "Proceedings of the National Academy of Sciences of the United States of America"
    },
    "year": 1983,
    "references": [
        "pub.1048845850",
        "pub.1036298293",
        "pub.1012851644",
        "pub.1006646545",
        "pub.1025529346",
        "pub.1062638435",
        "pub.1038829876",
        "pub.1014601964",
        "pub.1034540108",
        "pub.1081651813",
        "pub.1025305067",
        "pub.1039683343",
        "pub.1081658640",
        "pub.1020904462",
        "pub.1051169626",
        "pub.1053431280",
        "pub.1010419937",
        "pub.1062506113",
        "pub.1008395587",
        "pub.1049464445",
        "pub.1082249898",
        "pub.1081663666",
        "pub.1081656861",
        "pub.1035634953"
    ],
    "relative_citation_ratio": 5.64,
    "author_affiliations": [
        [
            {
                "first_name": "C A",
                "last_name": "Frolik",
                "initials": "",
                "corresponding": "",
                "orcid": "",
                "current_organization_id": "",
                "researcher_id": "ur.01147046637.02",
                "affiliations": []
            },
            {
                "first_name": "L L",
                "last_name": "Dart",
                "initials": "",
                "corresponding": "",
                "orcid": "",
                "current_organization_id": "grid.417768.b",
                "researcher_id": "ur.01171443141.41",
                "affiliations": []
            },
            {
                "first_name": "C A",
                "last_name": "Meyers",
                "initials": "",
                "corresponding": "",
                "orcid": "",
                "current_organization_id": "",
                "researcher_id": "ur.01263275237.94",
                "affiliations": []
            },
            {
                "first_name": "D M",
                "last_name": "Smith",
                "initials": "",
                "corresponding": "",
                "orcid": "",
                "current_organization_id": "grid.48336.3a",
                "researcher_id": "ur.01331410437.45",
                "affiliations": []
            },
            {
                "first_name": "M B",
                "last_name": "Sporn",
                "initials": "",
                "corresponding": "",
                "orcid": "",
                "current_organization_id": "grid.254880.3",
                "researcher_id": "ur.0671066537.80",
                "affiliations": []
            }
        ]
    ],
    "type": "article"
}