{
    "pmid": "20599593",
    "author_affiliations": [
        [
            {
                "first_name": "Yaodong",
                "last_name": "Zhao",
                "initials": "",
                "corresponding": "",
                "orcid": "['0000-0003-0324-4767']",
                "current_organization_id": "grid.263761.7",
                "researcher_id": "ur.0703013665.00",
                "affiliations": [
                    {
                        "name": "Department of Neurosurgery, the 2nd Affiliated Hospital of Soochow University, No. 1055 Sanxiang Street, Suzhou, Jiangsu 215004, PR China"
                    },
                    {
                        "name": "Department of Neurosurgery, Shanghai 10th People's Hospital, Tongji University, School of Medicine, 301 Yanchang Road, Shanghai 200072, PR China"
                    }
                ]
            },
            {
                "first_name": "Jun",
                "last_name": "Dong",
                "initials": "",
                "corresponding": "",
                "orcid": "['0000-0002-0026-6680']",
                "current_organization_id": "grid.452666.5",
                "researcher_id": "ur.01240574021.05",
                "affiliations": [
                    {
                        "name": "Department of Neurosurgery, the 2nd Affiliated Hospital of Soochow University, No. 1055 Sanxiang Street, Suzhou, Jiangsu 215004, PR China"
                    },
                    {
                        "name": "The Laboratory of Aging and Neuro-disease of Soochow University, No. 199 Ren, Ai Road, Suzhou, Jiangsu 215004, PR China"
                    }
                ]
            },
            {
                "first_name": "Qiang",
                "last_name": "Huang",
                "initials": "",
                "corresponding": true,
                "orcid": "",
                "current_organization_id": "grid.452666.5",
                "researcher_id": "ur.01002641123.04",
                "affiliations": [
                    {
                        "name": "Department of Neurosurgery, the 2nd Affiliated Hospital of Soochow University, No. 1055 Sanxiang Street, Suzhou, Jiangsu 215004, PR China"
                    },
                    {
                        "name": "Department of Neurosurgery, Shanghai 10th People's Hospital, Tongji University, School of Medicine, 301 Yanchang Road, Shanghai 200072, PR China"
                    },
                    {
                        "name": "The Laboratory of Aging and Neuro-disease of Soochow University, No. 199 Ren, Ai Road, Suzhou, Jiangsu 215004, PR China"
                    }
                ]
            },
            {
                "first_name": "Meiqing",
                "last_name": "Lou",
                "initials": "",
                "corresponding": "",
                "orcid": "",
                "current_organization_id": "grid.16821.3c",
                "researcher_id": "ur.0605476013.07",
                "affiliations": [
                    {
                        "name": "Department of Neurosurgery, Shanghai 10th People's Hospital, Tongji University, School of Medicine, 301 Yanchang Road, Shanghai 200072, PR China"
                    }
                ]
            },
            {
                "first_name": "Aidong",
                "last_name": "Wang",
                "initials": "",
                "corresponding": "",
                "orcid": "",
                "current_organization_id": "grid.452666.5",
                "researcher_id": "ur.01126112731.38",
                "affiliations": [
                    {
                        "name": "Department of Neurosurgery, the 2nd Affiliated Hospital of Soochow University, No. 1055 Sanxiang Street, Suzhou, Jiangsu 215004, PR China"
                    },
                    {
                        "name": "The Laboratory of Aging and Neuro-disease of Soochow University, No. 199 Ren, Ai Road, Suzhou, Jiangsu 215004, PR China"
                    }
                ]
            },
            {
                "first_name": "Qing",
                "last_name": "Lan",
                "initials": "",
                "corresponding": "",
                "orcid": "",
                "current_organization_id": "grid.452666.5",
                "researcher_id": "ur.0605313324.16",
                "affiliations": [
                    {
                        "name": "Department of Neurosurgery, the 2nd Affiliated Hospital of Soochow University, No. 1055 Sanxiang Street, Suzhou, Jiangsu 215004, PR China"
                    },
                    {
                        "name": "The Laboratory of Aging and Neuro-disease of Soochow University, No. 199 Ren, Ai Road, Suzhou, Jiangsu 215004, PR China"
                    }
                ]
            }
        ]
    ],
    "FOR": [
        {
            "id": "2581",
            "name": "0601 Biochemistry and Cell Biology"
        }
    ],
    "research_org_countries": [
        {
            "id": "CN",
            "name": "China"
        }
    ],
    "title": "Endothelial cell transdifferentiation of human glioma stem progenitor cells in vitro",
    "research_org_cities": [
        {
            "id": 1886760,
            "name": "Suzhou"
        },
        {
            "id": 1796236,
            "name": "Shanghai"
        }
    ],
    "pages": "308-312",
    "issue": "5-6",
    "doi": "10.1016/j.brainresbull.2010.06.006",
    "times_cited": 34,
    "funders": [
        {
            "id": "grid.424020.0",
            "name": "Ministry of Science and Technology of the People's Republic of China",
            "linkout": [
                "http://www.most.gov.cn/eng/"
            ],
            "country_name": "China",
            "types": [
                "Government"
            ],
            "latitude": 39.827835,
            "acronym": "MOST",
            "city_name": "Beijing",
            "longitude": 116.316284
        },
        {
            "id": "grid.419696.5",
            "name": "National Natural Science Foundation of China",
            "linkout": [
                "http://www.nsfc.gov.cn/publish/portal1/"
            ],
            "country_name": "China",
            "types": [
                "Government"
            ],
            "latitude": 40.005177,
            "acronym": "NSFC",
            "city_name": "Beijing",
            "longitude": 116.33983
        }
    ],
    "journal": {
        "id": "jour.1085247",
        "title": "Brain Research Bulletin"
    },
    "year": 2010,
    "references": [
        "pub.1018724794",
        "pub.1007497408",
        "pub.1071529863",
        "pub.1033346797",
        "pub.1083231919",
        "pub.1013144719",
        "pub.1008642627",
        "pub.1043516953",
        "pub.1008198277",
        "pub.1012752753",
        "pub.1020005925",
        "pub.1009033689",
        "pub.1047218591",
        "pub.1030538443",
        "pub.1019099973",
        "pub.1043833930",
        "pub.1021331694",
        "pub.1005792250",
        "pub.1021100179",
        "pub.1043497656",
        "pub.1030743886",
        "pub.1028822583",
        "pub.1016706601",
        "pub.1009943717",
        "pub.1082889325",
        "pub.1043028620",
        "pub.1048841479",
        "pub.1040208402",
        "pub.1062569732",
        "pub.1026227001",
        "pub.1004216111",
        "pub.1075072663",
        "pub.1006155642",
        "pub.1044867221",
        "pub.1001991917",
        "pub.1048808035",
        "pub.1076575059",
        "pub.1082651646",
        "pub.1025687644",
        "pub.1072306746",
        "pub.1030973107",
        "pub.1049700053",
        "pub.1027226854"
    ],
    "id": "pub.1038405653",
    "research_org_country_names": [
        "China"
    ],
    "date": "2010-07-01",
    "researchers": [
        {
            "id": "ur.0703013665.00",
            "research_orgs": [
                "grid.263761.7",
                "grid.412538.9",
                "grid.412478.c",
                "grid.12981.33"
            ],
            "last_name": "Zhao",
            "first_name": "Yaodong",
            "orcid_id": [
                "0000-0003-0324-4767"
            ]
        },
        {
            "id": "ur.01240574021.05",
            "research_orgs": [
                "grid.263761.7",
                "grid.452666.5"
            ],
            "last_name": "Dong",
            "first_name": "Jun",
            "orcid_id": [
                "0000-0002-0026-6680"
            ]
        },
        {
            "id": "ur.01002641123.04",
            "research_orgs": [
                "grid.415504.1",
                "grid.263761.7",
                "grid.452666.5",
                "grid.412538.9"
            ],
            "last_name": "Huang",
            "first_name": "Qiang"
        },
        {
            "id": "ur.0605476013.07",
            "research_orgs": [
                "grid.412538.9",
                "grid.16821.3c",
                "grid.412478.c",
                "grid.73113.37",
                "grid.24516.34"
            ],
            "last_name": "Lou",
            "first_name": "Mei Qing"
        },
        {
            "id": "ur.01126112731.38",
            "research_orgs": [
                "grid.452666.5",
                "grid.263761.7"
            ],
            "last_name": "Wang",
            "first_name": "Ai-Dong"
        },
        {
            "id": "ur.0605313324.16",
            "research_orgs": [
                "grid.263761.7",
                "grid.452253.7",
                "grid.452666.5"
            ],
            "last_name": "Lan",
            "first_name": "Qing"
        }
    ],
    "relative_citation_ratio": 0.93,
    "type": "article",
    "volume": "82"
}