{
    "pmid": "1721241",
    "author_affiliations": [
        [
            {
                "first_name": "WI",
                "last_name": "Weis",
                "initials": "",
                "corresponding": "",
                "orcid": "['0000-0002-5583-6150']",
                "current_organization_id": "grid.168010.e",
                "researcher_id": "ur.0656345045.64",
                "affiliations": [
                    {
                        "id": "grid.21729.3f",
                        "name": "Columbia University",
                        "city": "New York",
                        "city_id": 5128581,
                        "country": "United States",
                        "country_code": "US",
                        "state": "New York",
                        "state_code": "US-NY"
                    }
                ]
            },
            {
                "first_name": "R",
                "last_name": "Kahn",
                "initials": "",
                "corresponding": "",
                "orcid": "",
                "current_organization_id": "",
                "researcher_id": "",
                "affiliations": [
                    {
                        "id": "grid.21729.3f",
                        "name": "Columbia University",
                        "city": "New York",
                        "city_id": 5128581,
                        "country": "United States",
                        "country_code": "US",
                        "state": "New York",
                        "state_code": "US-NY"
                    }
                ]
            },
            {
                "first_name": "R",
                "last_name": "Fourme",
                "initials": "",
                "corresponding": "",
                "orcid": "",
                "current_organization_id": "",
                "researcher_id": "",
                "affiliations": [
                    {
                        "id": "grid.21729.3f",
                        "name": "Columbia University",
                        "city": "New York",
                        "city_id": 5128581,
                        "country": "United States",
                        "country_code": "US",
                        "state": "New York",
                        "state_code": "US-NY"
                    }
                ]
            },
            {
                "first_name": "K",
                "last_name": "Drickamer",
                "initials": "",
                "corresponding": "",
                "orcid": "['0000-0001-5026-5996']",
                "current_organization_id": "grid.7445.2",
                "researcher_id": "ur.01021403455.44",
                "affiliations": [
                    {
                        "id": "grid.21729.3f",
                        "name": "Columbia University",
                        "city": "New York",
                        "city_id": 5128581,
                        "country": "United States",
                        "country_code": "US",
                        "state": "New York",
                        "state_code": "US-NY"
                    }
                ]
            },
            {
                "first_name": "WA",
                "last_name": "Hendrickson",
                "initials": "",
                "corresponding": "",
                "orcid": "",
                "current_organization_id": "grid.21729.3f",
                "researcher_id": "ur.01240471215.59",
                "affiliations": [
                    {
                        "id": "grid.21729.3f",
                        "name": "Columbia University",
                        "city": "New York",
                        "city_id": 5128581,
                        "country": "United States",
                        "country_code": "US",
                        "state": "New York",
                        "state_code": "US-NY"
                    }
                ]
            }
        ]
    ],
    "altmetric": 9.0,
    "FOR": [
        {
            "id": "2581",
            "name": "0601 Biochemistry and Cell Biology"
        }
    ],
    "research_org_countries": [
        {
            "id": "US",
            "name": "United States"
        }
    ],
    "title": "Structure of the calcium-dependent lectin domain from a rat mannose-binding protein determined by MAD phasing",
    "research_org_cities": [
        {
            "id": 5128581,
            "name": "New York City"
        }
    ],
    "pages": "1608-1615",
    "issue": "5038",
    "research_org_state_names": [
        "New York"
    ],
    "doi": "10.1126/science.1721241",
    "times_cited": 442,
    "funders": [
        {
            "id": "grid.280785.0",
            "name": "National Institute of General Medical Sciences",
            "linkout": [
                "http://www.nigms.nih.gov/Pages/default.aspx"
            ],
            "country_name": "United States",
            "types": [
                "Facility"
            ],
            "latitude": 38.997833,
            "acronym": "NIGMS",
            "state_name": "Maryland",
            "city_name": "Bethesda",
            "longitude": -77.09938
        }
    ],
    "journal": {
        "id": "jour.1346339",
        "title": "Science"
    },
    "research_orgs": [
        {
            "id": "grid.21729.3f",
            "name": "Columbia University",
            "linkout": [
                "http://www.columbia.edu/"
            ],
            "country_name": "United States",
            "types": [
                "Education"
            ],
            "latitude": 40.807774,
            "acronym": "CU",
            "state_name": "New York",
            "city_name": "New York",
            "longitude": -73.962585
        }
    ],
    "year": 1991,
    "id": "pub.1062503027",
    "research_org_country_names": [
        "United States"
    ],
    "date": "1991-12-13",
    "research_org_state_codes": [
        {
            "id": "US-NY",
            "name": "New York"
        }
    ],
    "researchers": [
        {
            "id": "ur.0656345045.64",
            "research_orgs": [
                "grid.134907.8",
                "grid.7445.2",
                "grid.21107.35",
                "grid.4991.5",
                "grid.38142.3c",
                "grid.21729.3f",
                "grid.47100.32",
                "grid.168010.e",
                "grid.445003.6",
                "grid.26999.3d",
                "grid.418923.5"
            ],
            "last_name": "Weis",
            "first_name": "William I",
            "orcid_id": [
                "0000-0002-5583-6150"
            ]
        },
        {
            "id": "ur.01021403455.44",
            "research_orgs": [
                "grid.168010.e",
                "grid.5386.8",
                "grid.17063.33",
                "grid.21729.3f",
                "grid.170205.1",
                "grid.7445.2",
                "grid.4991.5"
            ],
            "last_name": "Drickamer",
            "first_name": "Kurt",
            "orcid_id": [
                "0000-0001-5026-5996"
            ]
        },
        {
            "id": "ur.01240471215.59",
            "research_orgs": [
                "grid.88379.3d",
                "grid.214007.0",
                "grid.265008.9",
                "grid.21107.35",
                "grid.67105.35",
                "grid.89170.37",
                "grid.413734.6",
                "grid.239585.0",
                "grid.21729.3f",
                "grid.504449.8",
                "grid.202665.5",
                "grid.422632.3",
                "grid.223827.e",
                "grid.144532.5",
                "grid.413575.1"
            ],
            "last_name": "Hendrickson",
            "first_name": "Wayne A"
        }
    ],
    "relative_citation_ratio": 8.83,
    "type": "article",
    "volume": "254"
}