{
    "pmid": "17568034",
    "author_affiliations": [
        [
            {
                "first_name": "Jack D",
                "last_name": "Sobel",
                "initials": "",
                "corresponding": "",
                "orcid": "",
                "current_organization_id": "grid.254444.7",
                "researcher_id": "ur.01231733412.04",
                "affiliations": []
            },
            {
                "first_name": "Sanjay G",
                "last_name": "Revankar",
                "initials": "",
                "corresponding": "",
                "orcid": "",
                "current_organization_id": "grid.254444.7",
                "researcher_id": "ur.0707447337.65",
                "affiliations": []
            }
        ]
    ],
    "title": "Echinocandins \u2014 First-Choice or First-Line Therapy for Invasive Candidiasis?",
    "pages": "2525-2526",
    "issue": "24",
    "doi": "10.1056/nejme078078",
    "times_cited": 32,
    "journal": {
        "id": "jour.1014075",
        "title": "New England Journal of Medicine"
    },
    "year": 2007,
    "references": [
        "pub.1031550519",
        "pub.1002001548",
        "pub.1032591449",
        "pub.1024241520",
        "pub.1020369315",
        "pub.1041585220",
        "pub.1033619422",
        "pub.1014237555",
        "pub.1040696839",
        "pub.1050159241",
        "pub.1024412683",
        "pub.1067824688"
    ],
    "id": "pub.1038863303",
    "date": "2007-06-14",
    "researchers": [
        {
            "id": "ur.01231733412.04",
            "research_orgs": [
                "grid.413731.3",
                "grid.34477.33",
                "grid.415731.5",
                "grid.252873.9",
                "grid.10417.33",
                "grid.501448.c",
                "grid.416986.4",
                "grid.254444.7",
                "grid.417053.4",
                "grid.189967.8",
                "grid.416738.f",
                "grid.264727.2",
                "grid.265892.2",
                "grid.214572.7",
                "grid.176731.5",
                "grid.240283.f",
                "grid.166341.7",
                "grid.241054.6",
                "grid.411996.2",
                "grid.214458.e",
                "grid.413184.b",
                "grid.410427.4",
                "grid.189509.c"
            ],
            "last_name": "Sobel",
            "first_name": "Jack D"
        },
        {
            "id": "ur.0707447337.65",
            "research_orgs": [
                "grid.189967.8",
                "grid.267309.9",
                "grid.413450.7",
                "grid.48336.3a",
                "grid.254444.7",
                "grid.411996.2",
                "grid.267313.2"
            ],
            "last_name": "Revankar",
            "first_name": "Sanjay G"
        }
    ],
    "relative_citation_ratio": 0.94,
    "type": "article",
    "volume": "356"
}