{
    "pmid": "12201994",
    "author_affiliations": [
        [
            {
                "first_name": "Nadire N.",
                "last_name": "Ali",
                "initials": "",
                "corresponding": "",
                "orcid": "",
                "current_organization_id": "grid.7445.2",
                "researcher_id": "ur.01317405435.73",
                "affiliations": [
                    {
                        "id": "grid.7445.2",
                        "name": "Imperial College London",
                        "city": "London",
                        "city_id": 2643743,
                        "country": "United Kingdom",
                        "country_code": "GB",
                        "state": null,
                        "state_code": null
                    }
                ]
            },
            {
                "first_name": "Alasdair J.",
                "last_name": "Edgar",
                "initials": "",
                "corresponding": "",
                "orcid": "",
                "current_organization_id": "grid.13097.3c",
                "researcher_id": "ur.01151415011.12",
                "affiliations": [
                    {
                        "id": "grid.7445.2",
                        "name": "Imperial College London",
                        "city": "London",
                        "city_id": 2643743,
                        "country": "United Kingdom",
                        "country_code": "GB",
                        "state": null,
                        "state_code": null
                    }
                ]
            },
            {
                "first_name": "Ali",
                "last_name": "Samadikuchaksaraei",
                "initials": "",
                "corresponding": "",
                "orcid": "['0000-0002-2108-9927']",
                "current_organization_id": "grid.411746.1",
                "researcher_id": "ur.01037152642.42",
                "affiliations": [
                    {
                        "id": "grid.7445.2",
                        "name": "Imperial College London",
                        "city": "London",
                        "city_id": 2643743,
                        "country": "United Kingdom",
                        "country_code": "GB",
                        "state": null,
                        "state_code": null
                    }
                ]
            },
            {
                "first_name": "Catherine M.",
                "last_name": "Timson",
                "initials": "",
                "corresponding": "",
                "orcid": "",
                "current_organization_id": "",
                "researcher_id": "",
                "affiliations": [
                    {
                        "id": "grid.7445.2",
                        "name": "Imperial College London",
                        "city": "London",
                        "city_id": 2643743,
                        "country": "United Kingdom",
                        "country_code": "GB",
                        "state": null,
                        "state_code": null
                    }
                ]
            },
            {
                "first_name": "Hanna M.",
                "last_name": "Romanska",
                "initials": "",
                "corresponding": "",
                "orcid": "['0000-0002-2328-710X']",
                "current_organization_id": "grid.8267.b",
                "researcher_id": "ur.0744514410.17",
                "affiliations": [
                    {
                        "id": "grid.7445.2",
                        "name": "Imperial College London",
                        "city": "London",
                        "city_id": 2643743,
                        "country": "United Kingdom",
                        "country_code": "GB",
                        "state": null,
                        "state_code": null
                    }
                ]
            },
            {
                "first_name": "Julia M.",
                "last_name": "Polak",
                "initials": "",
                "corresponding": "",
                "orcid": "",
                "current_organization_id": "grid.7445.2",
                "researcher_id": "ur.0670441457.36",
                "affiliations": [
                    {
                        "id": "grid.7445.2",
                        "name": "Imperial College London",
                        "city": "London",
                        "city_id": 2643743,
                        "country": "United Kingdom",
                        "country_code": "GB",
                        "state": null,
                        "state_code": null
                    }
                ]
            },
            {
                "first_name": "Anne E.",
                "last_name": "Bishop",
                "initials": "",
                "corresponding": "",
                "orcid": "",
                "current_organization_id": "grid.7445.2",
                "researcher_id": "ur.015254216222.19",
                "affiliations": [
                    {
                        "id": "grid.7445.2",
                        "name": "Imperial College London",
                        "city": "London",
                        "city_id": 2643743,
                        "country": "United Kingdom",
                        "country_code": "GB",
                        "state": null,
                        "state_code": null
                    }
                ]
            }
        ]
    ],
    "altmetric": 3.0,
    "FOR": [
        {
            "id": "2581",
            "name": "0601 Biochemistry and Cell Biology"
        }
    ],
    "research_org_countries": [
        {
            "id": "GB",
            "name": "United Kingdom"
        }
    ],
    "title": "Derivation of Type II Alveolar Epithelial Cells from Murine Embryonic Stem Cells",
    "research_org_cities": [
        {
            "id": 2643743,
            "name": "London"
        }
    ],
    "pages": "541-550",
    "issue": "4",
    "doi": "10.1089/107632702760240463",
    "times_cited": 140,
    "journal": {
        "id": "jour.1297491",
        "title": "Tissue Engineering"
    },
    "research_orgs": [
        {
            "id": "grid.7445.2",
            "name": "Imperial College London",
            "linkout": [
                "http://www.imperial.ac.uk/"
            ],
            "country_name": "United Kingdom",
            "types": [
                "Education"
            ],
            "latitude": 51.4986,
            "state_name": "Westminster",
            "city_name": "London",
            "longitude": -0.175478
        }
    ],
    "year": 2002,
    "references": [
        "pub.1044673677",
        "pub.1121818721",
        "pub.1013571176",
        "pub.1043275723",
        "pub.1038116670",
        "pub.1077058228",
        "pub.1001722120",
        "pub.1026225001",
        "pub.1062444457",
        "pub.1005803783",
        "pub.1082903211",
        "pub.1062566123",
        "pub.1035457787",
        "pub.1077346972",
        "pub.1051029016",
        "pub.1059205875",
        "pub.1077797792",
        "pub.1019378335",
        "pub.1083196591",
        "pub.1016900524",
        "pub.1059205958",
        "pub.1051928127",
        "pub.1048315607",
        "pub.1020059945",
        "pub.1083386178",
        "pub.1078876321",
        "pub.1047398514",
        "pub.1052782342",
        "pub.1082711177",
        "pub.1074265121",
        "pub.1038173359",
        "pub.1009418034",
        "pub.1037922974",
        "pub.1082464670",
        "pub.1001053118",
        "pub.1033615841",
        "pub.1074655583",
        "pub.1082427042",
        "pub.1050105118",
        "pub.1053327841",
        "pub.1009235202",
        "pub.1007187801"
    ],
    "id": "pub.1059206102",
    "research_org_country_names": [
        "United Kingdom"
    ],
    "date": "2002-08-01",
    "researchers": [
        {
            "id": "ur.01317405435.73",
            "research_orgs": [
                "grid.7445.2"
            ],
            "last_name": "Ali",
            "first_name": "Nadire Nedjib"
        },
        {
            "id": "ur.01151415011.12",
            "research_orgs": [
                "grid.83440.3b",
                "grid.4868.2",
                "grid.7445.2",
                "grid.13097.3c"
            ],
            "last_name": "Edgar",
            "first_name": "Alasdair J"
        },
        {
            "id": "ur.01037152642.42",
            "research_orgs": [
                "grid.411705.6",
                "grid.7445.2",
                "grid.411746.1"
            ],
            "last_name": "Samadikuchaksaraei",
            "first_name": "Ali",
            "orcid_id": [
                "0000-0002-2108-9927"
            ]
        },
        {
            "id": "ur.0744514410.17",
            "research_orgs": [
                "grid.7445.2",
                "grid.413629.b",
                "grid.239826.4",
                "grid.83440.3b",
                "grid.8267.b",
                "grid.6572.6",
                "grid.416510.7",
                "grid.7147.5"
            ],
            "last_name": "Romanska",
            "first_name": "Hanna M",
            "orcid_id": [
                "0000-0002-2328-710X"
            ]
        },
        {
            "id": "ur.0670441457.36",
            "research_orgs": [
                "grid.176731.5",
                "grid.32224.35",
                "grid.7737.4",
                "grid.4991.5",
                "grid.20931.39",
                "grid.418151.8",
                "grid.413676.1",
                "grid.194645.b",
                "grid.214458.e",
                "grid.439338.6",
                "grid.464688.0",
                "grid.419319.7",
                "grid.8982.b",
                "grid.416868.5",
                "grid.7445.2",
                "grid.6530.0",
                "grid.256766.6",
                "grid.123047.3",
                "grid.250671.7",
                "grid.412004.3",
                "grid.264727.2",
                "grid.4817.a",
                "grid.14848.31",
                "grid.116068.8",
                "grid.416091.b",
                "grid.436283.8",
                "grid.4714.6",
                "grid.421980.6",
                "grid.83440.3b",
                "grid.17091.3e",
                "grid.420468.c",
                "grid.414799.6",
                "grid.439482.0",
                "grid.424926.f",
                "grid.4868.2",
                "grid.416568.8",
                "grid.21925.3d",
                "grid.417155.3",
                "grid.412590.b",
                "grid.46699.34",
                "grid.239826.4",
                "grid.439369.2",
                "grid.416870.c",
                "grid.413629.b",
                "grid.416510.7",
                "grid.20515.33",
                "grid.9909.9",
                "grid.6612.3",
                "grid.5475.3",
                "grid.8404.8",
                "grid.419619.2",
                "grid.426467.5",
                "grid.7632.0",
                "grid.411388.7",
                "grid.412947.d",
                "grid.10383.39",
                "grid.418346.c",
                "grid.8993.b",
                "grid.5288.7",
                "grid.419248.2",
                "grid.411621.1"
            ],
            "last_name": "Polak",
            "first_name": "Julia Margaret"
        },
        {
            "id": "ur.015254216222.19",
            "research_orgs": [
                "grid.214458.e",
                "grid.421980.6",
                "grid.7445.2",
                "grid.414799.6",
                "grid.5288.7",
                "grid.239826.4",
                "grid.439369.2",
                "grid.411621.1",
                "grid.20931.39",
                "grid.194645.b",
                "grid.439338.6",
                "grid.416568.8",
                "grid.436283.8",
                "grid.416510.7",
                "grid.414125.7",
                "grid.4563.4",
                "grid.439482.0",
                "grid.46699.34",
                "grid.4514.4",
                "grid.4714.6",
                "grid.412590.b",
                "grid.420468.c",
                "grid.9909.9",
                "grid.419248.2",
                "grid.116068.8",
                "grid.7632.0",
                "grid.418151.8",
                "grid.412947.d",
                "grid.32224.35",
                "grid.11485.39",
                "grid.413629.b",
                "grid.83440.3b"
            ],
            "last_name": "Bishop",
            "first_name": "Anne Elizabeth"
        }
    ],
    "relative_citation_ratio": 2.35,
    "type": "article",
    "volume": "8"
}