{
    "volume": "339",
    "date": "2013-02-15",
    "title": "Cyclic GMP-AMP Is an Endogenous Second Messenger in Innate Immune Signaling by Cytosolic DNA",
    "researchers": [
        {
            "id": "ur.01070536242.41",
            "last_name": "Wu",
            "first_name": "Jiaxi",
            "orcid_id": [
                "0000-0002-6976-4784"
            ],
            "research_orgs": [
                "grid.418558.5",
                "grid.267313.2",
                "grid.266102.1"
            ]
        },
        {
            "id": "ur.0725503704.60",
            "last_name": "Sun",
            "first_name": "Lijun",
            "research_orgs": [
                "grid.411503.2",
                "grid.267313.2",
                "grid.416214.4"
            ]
        },
        {
            "id": "ur.01204764642.36",
            "last_name": "Chen",
            "first_name": "Xiang",
            "research_orgs": [
                "grid.413575.1",
                "grid.267313.2",
                "grid.416214.4"
            ]
        },
        {
            "id": "ur.01222246047.24",
            "last_name": "Du",
            "first_name": "Fenghe",
            "research_orgs": [
                "grid.4367.6",
                "grid.413575.1",
                "grid.267313.2",
                "grid.416214.4"
            ]
        },
        {
            "id": "ur.0704554153.52",
            "last_name": "Shi",
            "first_name": "Heping",
            "research_orgs": [
                "grid.267313.2"
            ]
        },
        {
            "id": "ur.0644646371.42",
            "last_name": "Chen",
            "first_name": "Chuo",
            "orcid_id": [
                "0000-0002-3118-4901"
            ],
            "research_orgs": [
                "grid.267313.2",
                "grid.413575.1",
                "grid.38142.3c",
                "grid.457885.3"
            ]
        },
        {
            "id": "ur.01256405246.20",
            "last_name": "Chen",
            "first_name": "Zhijian'James'",
            "orcid_id": [
                "0000-0002-8475-8251"
            ],
            "research_orgs": [
                "grid.419849.9",
                "grid.267313.2",
                "grid.416214.4",
                "grid.469605.8",
                "grid.47100.32",
                "grid.189967.8",
                "grid.413575.1",
                "grid.38142.3c",
                "grid.433871.a",
                "grid.240871.8",
                "grid.13402.34"
            ]
        }
    ],
    "pmcid": "PMC3855410",
    "research_org_state_codes": [
        {
            "id": "US-TX",
            "name": "Texas"
        }
    ],
    "altmetric": 61.0,
    "pages": "826-830",
    "research_org_cities": [
        {
            "id": 4684888,
            "name": "Dallas"
        }
    ],
    "open_access": [
        "Open Access - all",
        "Open Access - repository",
        "Open Access - accepted"
    ],
    "research_org_countries": [
        {
            "id": "US",
            "name": "United States"
        }
    ],
    "doi": "10.1126/science.1229963",
    "FOR": [
        {
            "id": "2581",
            "name": "0601 Biochemistry and Cell Biology"
        },
        {
            "id": "3103",
            "name": "1107 Immunology"
        }
    ],
    "times_cited": 780,
    "research_orgs": [
        {
            "id": "grid.267313.2",
            "state_name": "Texas",
            "types": [
                "Healthcare"
            ],
            "longitude": -96.84017,
            "linkout": [
                "http://www.utsouthwestern.edu/"
            ],
            "latitude": 32.812183,
            "name": "The University of Texas Southwestern Medical Center",
            "city_name": "Dallas",
            "country_name": "United States"
        }
    ],
    "pmid": "23258412",
    "funders": [
        {
            "id": "grid.413575.1",
            "acronym": "HHMI",
            "state_name": "Maryland",
            "types": [
                "Nonprofit"
            ],
            "longitude": -77.1563,
            "linkout": [
                "http://www.hhmi.org/"
            ],
            "latitude": 39.021835,
            "name": "Howard Hughes Medical Institute",
            "city_name": "Chevy Chase",
            "country_name": "United States"
        },
        {
            "id": "grid.280785.0",
            "acronym": "NIGMS",
            "state_name": "Maryland",
            "types": [
                "Facility"
            ],
            "longitude": -77.09938,
            "linkout": [
                "http://www.nigms.nih.gov/Pages/default.aspx"
            ],
            "latitude": 38.997833,
            "name": "National Institute of General Medical Sciences",
            "city_name": "Bethesda",
            "country_name": "United States"
        },
        {
            "id": "grid.419681.3",
            "acronym": "NIAID",
            "state_name": "Maryland",
            "types": [
                "Facility"
            ],
            "longitude": -77.11183,
            "linkout": [
                "http://www.niaid.nih.gov/Pages/default.aspx"
            ],
            "latitude": 39.066647,
            "name": "National Institute of Allergy and Infectious Diseases",
            "city_name": "Bethesda",
            "country_name": "United States"
        }
    ],
    "research_org_country_names": [
        "United States"
    ],
    "id": "pub.1004893010",
    "issue": "6121",
    "journal": {
        "id": "jour.1346339",
        "title": "Science"
    },
    "year": 2013,
    "references": [
        "pub.1007219453",
        "pub.1024553636",
        "pub.1038792748",
        "pub.1023610256",
        "pub.1001663286",
        "pub.1034304684",
        "pub.1062466813",
        "pub.1027749586",
        "pub.1012079432",
        "pub.1032957131",
        "pub.1008587589",
        "pub.1016924060",
        "pub.1056250165",
        "pub.1016636905",
        "pub.1049548504",
        "pub.1033577703",
        "pub.1012398707",
        "pub.1048573915",
        "pub.1042300730",
        "pub.1009929280",
        "pub.1001580370"
    ],
    "relative_citation_ratio": 24.27,
    "research_org_state_names": [
        "Texas"
    ],
    "author_affiliations": [
        [
            {
                "first_name": "Jiaxi",
                "last_name": "Wu",
                "initials": "",
                "corresponding": "",
                "orcid": "['0000-0002-6976-4784']",
                "current_organization_id": "grid.267313.2",
                "researcher_id": "ur.01070536242.41",
                "affiliations": [
                    {
                        "id": "grid.267313.2",
                        "name": "The University of Texas Southwestern Medical Center",
                        "city": "Dallas",
                        "city_id": 4684888,
                        "country": "United States",
                        "country_code": "US",
                        "state": "Texas",
                        "state_code": "US-TX"
                    }
                ]
            },
            {
                "first_name": "Lijun",
                "last_name": "Sun",
                "initials": "",
                "corresponding": "",
                "orcid": "",
                "current_organization_id": "grid.267313.2",
                "researcher_id": "ur.0725503704.60",
                "affiliations": [
                    {
                        "id": "grid.267313.2",
                        "name": "The University of Texas Southwestern Medical Center",
                        "city": "Dallas",
                        "city_id": 4684888,
                        "country": "United States",
                        "country_code": "US",
                        "state": "Texas",
                        "state_code": "US-TX"
                    },
                    {
                        "id": "grid.267313.2",
                        "name": "The University of Texas Southwestern Medical Center",
                        "city": "Dallas",
                        "city_id": 4684888,
                        "country": "United States",
                        "country_code": "US",
                        "state": "Texas",
                        "state_code": "US-TX"
                    }
                ]
            },
            {
                "first_name": "Xiang",
                "last_name": "Chen",
                "initials": "",
                "corresponding": "",
                "orcid": "",
                "current_organization_id": "grid.267313.2",
                "researcher_id": "ur.01204764642.36",
                "affiliations": [
                    {
                        "id": "grid.267313.2",
                        "name": "The University of Texas Southwestern Medical Center",
                        "city": "Dallas",
                        "city_id": 4684888,
                        "country": "United States",
                        "country_code": "US",
                        "state": "Texas",
                        "state_code": "US-TX"
                    }
                ]
            },
            {
                "first_name": "Fenghe",
                "last_name": "Du",
                "initials": "",
                "corresponding": "",
                "orcid": "",
                "current_organization_id": "grid.267313.2",
                "researcher_id": "ur.01222246047.24",
                "affiliations": [
                    {
                        "id": "grid.267313.2",
                        "name": "The University of Texas Southwestern Medical Center",
                        "city": "Dallas",
                        "city_id": 4684888,
                        "country": "United States",
                        "country_code": "US",
                        "state": "Texas",
                        "state_code": "US-TX"
                    }
                ]
            },
            {
                "first_name": "Heping",
                "last_name": "Shi",
                "initials": "",
                "corresponding": "",
                "orcid": "",
                "current_organization_id": "grid.267313.2",
                "researcher_id": "ur.0704554153.52",
                "affiliations": [
                    {
                        "id": "grid.267313.2",
                        "name": "The University of Texas Southwestern Medical Center",
                        "city": "Dallas",
                        "city_id": 4684888,
                        "country": "United States",
                        "country_code": "US",
                        "state": "Texas",
                        "state_code": "US-TX"
                    }
                ]
            },
            {
                "first_name": "Chuo",
                "last_name": "Chen",
                "initials": "",
                "corresponding": "",
                "orcid": "['0000-0002-3118-4901']",
                "current_organization_id": "grid.267313.2",
                "researcher_id": "ur.0644646371.42",
                "affiliations": [
                    {
                        "id": "grid.267313.2",
                        "name": "The University of Texas Southwestern Medical Center",
                        "city": "Dallas",
                        "city_id": 4684888,
                        "country": "United States",
                        "country_code": "US",
                        "state": "Texas",
                        "state_code": "US-TX"
                    }
                ]
            },
            {
                "first_name": "Zhijian J.",
                "last_name": "Chen",
                "initials": "",
                "corresponding": "",
                "orcid": "['0000-0002-8475-8251']",
                "current_organization_id": "grid.267313.2",
                "researcher_id": "ur.01256405246.20",
                "affiliations": [
                    {
                        "id": "grid.267313.2",
                        "name": "The University of Texas Southwestern Medical Center",
                        "city": "Dallas",
                        "city_id": 4684888,
                        "country": "United States",
                        "country_code": "US",
                        "state": "Texas",
                        "state_code": "US-TX"
                    },
                    {
                        "id": "grid.267313.2",
                        "name": "The University of Texas Southwestern Medical Center",
                        "city": "Dallas",
                        "city_id": 4684888,
                        "country": "United States",
                        "country_code": "US",
                        "state": "Texas",
                        "state_code": "US-TX"
                    }
                ]
            }
        ]
    ],
    "type": "article"
}