{
    "volume": "34",
    "date": "2020-01-01",
    "title": "Microarray Assay Reveals Ciliary Abnormalities of the Allergic Nasal Mucosa",
    "researchers": [
        {
            "id": "ur.013550322527.02",
            "last_name": "Peng",
            "first_name": "Yang",
            "research_orgs": [
                "grid.410643.4",
                "grid.4280.e",
                "grid.470124.4",
                "grid.410737.6",
                "grid.417404.2",
                "grid.284723.8"
            ]
        },
        {
            "id": "ur.01074701510.82",
            "last_name": "Guan",
            "first_name": "Wei-Jie",
            "research_orgs": [
                "grid.4280.e",
                "grid.470124.4",
                "grid.410737.6"
            ]
        },
        {
            "id": "ur.016660337207.28",
            "last_name": "Tan",
            "first_name": "Kai Sen",
            "orcid_id": [
                "0000-0002-8611-1611"
            ],
            "research_orgs": [
                "grid.4280.e",
                "grid.429485.6"
            ]
        },
        {
            "id": "ur.0706525360.82",
            "last_name": "Hong",
            "first_name": "Hai-Yu",
            "research_orgs": [
                "grid.412615.5",
                "grid.12981.33",
                "grid.412558.f",
                "grid.452859.7"
            ]
        },
        {
            "id": "ur.014737523347.31",
            "last_name": "Zi",
            "first_name": "Xiao-Xue",
            "research_orgs": [
                "grid.452704.0",
                "grid.27255.37",
                "grid.4280.e"
            ]
        },
        {
            "id": "ur.01236040253.00",
            "last_name": "Andiappan",
            "first_name": "Anand Kumar",
            "orcid_id": [
                "0000-0002-8442-1544"
            ],
            "research_orgs": [
                "grid.430276.4",
                "grid.4280.e",
                "grid.185448.4"
            ]
        }
    ],
    "altmetric": 1.0,
    "pages": "50-58",
    "research_org_cities": [
        {
            "id": 1805753,
            "name": "Jinan"
        },
        {
            "id": 1809858,
            "name": "Guangzhou"
        },
        {
            "id": 1880252,
            "name": "Singapore"
        },
        {
            "id": 1784658,
            "name": "Zhengzhou"
        }
    ],
    "research_org_countries": [
        {
            "id": "CN",
            "name": "China"
        },
        {
            "id": "SG",
            "name": "Singapore"
        }
    ],
    "doi": "10.1177/1945892419871795",
    "FOR": [
        {
            "id": "2620",
            "name": "0604 Genetics"
        }
    ],
    "times_cited": 2,
    "research_orgs": [
        {
            "id": "grid.470124.4",
            "types": [
                "Healthcare"
            ],
            "longitude": 113.26228,
            "linkout": [
                "http://www.gyfyy.com/cn/index.aspx"
            ],
            "latitude": 23.112612,
            "name": "First Affiliated Hospital of Guangzhou Medical University",
            "city_name": "Guangzhou",
            "country_name": "China"
        },
        {
            "id": "grid.412558.f",
            "types": [
                "Healthcare"
            ],
            "longitude": 113.34194,
            "linkout": [
                "http://www.zssy.com.cn/"
            ],
            "latitude": 23.13477,
            "name": "Third Affiliated Hospital of Sun Yat-sen University",
            "city_name": "Guangzhou",
            "country_name": "China"
        },
        {
            "id": "grid.207374.5",
            "types": [
                "Education"
            ],
            "longitude": 113.53577,
            "linkout": [
                "http://www.zzu.edu.cn/"
            ],
            "latitude": 34.816025,
            "name": "Zhengzhou University",
            "city_name": "Zhengzhou",
            "country_name": "China"
        },
        {
            "id": "grid.452704.0",
            "acronym": "SHSU",
            "types": [
                "Healthcare"
            ],
            "longitude": 117.039925,
            "linkout": [
                "http://sdey.net/english/"
            ],
            "latitude": 36.689766,
            "name": "Second Hospital of Shandong University",
            "city_name": "Jinan",
            "country_name": "China"
        },
        {
            "id": "grid.284723.8",
            "acronym": "SMU",
            "state_name": "Guangdong",
            "types": [
                "Education"
            ],
            "longitude": 113.3337,
            "linkout": [
                "http://www.fimmu.com/english/"
            ],
            "latitude": 23.1862,
            "name": "Southern Medical University",
            "city_name": "Guangzhou",
            "country_name": "China"
        },
        {
            "id": "grid.12981.33",
            "state_name": "Guangdong",
            "types": [
                "Education"
            ],
            "longitude": 113.29806,
            "linkout": [
                "http://www.sysu.edu.cn/2012/en/index.htm"
            ],
            "latitude": 23.0962,
            "name": "Sun Yat-sen University",
            "city_name": "Guangzhou",
            "country_name": "China"
        },
        {
            "id": "grid.4280.e",
            "acronym": "NUS",
            "types": [
                "Education"
            ],
            "longitude": 103.776665,
            "linkout": [
                "http://www.nus.edu.sg/"
            ],
            "latitude": 1.295556,
            "name": "National University of Singapore",
            "city_name": "Singapore",
            "country_name": "Singapore"
        },
        {
            "id": "grid.430276.4",
            "acronym": "SIgN",
            "types": [
                "Facility"
            ],
            "longitude": 103.79646,
            "linkout": [
                "http://www.a-star.edu.sg/sign"
            ],
            "latitude": 1.305825,
            "name": "Singapore Immunology Network",
            "city_name": "Singapore",
            "country_name": "Singapore"
        }
    ],
    "pmid": "31450948",
    "funders": [
        {
            "id": "grid.452975.8",
            "acronym": "NMRC",
            "types": [
                "Government"
            ],
            "longitude": 103.79145,
            "linkout": [
                "http://www.nmrc.gov.sg/content/nmrc_internet/home.html"
            ],
            "latitude": 1.304519,
            "name": "National Medical Research Council",
            "city_name": "Helios",
            "country_name": "Singapore"
        },
        {
            "id": "grid.419696.5",
            "acronym": "NSFC",
            "types": [
                "Government"
            ],
            "longitude": 116.33983,
            "linkout": [
                "http://www.nsfc.gov.cn/publish/portal1/"
            ],
            "latitude": 40.005177,
            "name": "National Natural Science Foundation of China",
            "city_name": "Beijing",
            "country_name": "China"
        }
    ],
    "research_org_country_names": [
        "China",
        "Singapore"
    ],
    "id": "pub.1120640126",
    "issue": "1",
    "journal": {
        "id": "jour.1098270",
        "title": "American Journal of Rhinology and Allergy"
    },
    "year": 2020,
    "references": [
        "pub.1092105296",
        "pub.1003117237",
        "pub.1038520982",
        "pub.1047895675",
        "pub.1105830679",
        "pub.1044963772",
        "pub.1051861301",
        "pub.1052744398",
        "pub.1091831983",
        "pub.1049410760",
        "pub.1086030476",
        "pub.1005948156",
        "pub.1034413594",
        "pub.1092748311",
        "pub.1103209224",
        "pub.1083839894",
        "pub.1077480789",
        "pub.1020790161",
        "pub.1026040377",
        "pub.1093112646",
        "pub.1032320165",
        "pub.1085938048",
        "pub.1034915646",
        "pub.1032521043",
        "pub.1014321643",
        "pub.1001118331",
        "pub.1092617574",
        "pub.1010607853",
        "pub.1036631440"
    ],
    "author_affiliations": [
        [
            {
                "first_name": "Yang",
                "last_name": "Peng",
                "initials": "",
                "corresponding": "",
                "orcid": "",
                "current_organization_id": "grid.4280.e",
                "researcher_id": "ur.013550322527.02",
                "affiliations": [
                    {
                        "id": "grid.284723.8",
                        "name": "Southern Medical University",
                        "city": "Guangzhou",
                        "city_id": 1809858,
                        "country": "China",
                        "country_code": "CN",
                        "state": null,
                        "state_code": null
                    },
                    {
                        "id": "grid.470124.4",
                        "name": "First Affiliated Hospital of Guangzhou Medical University",
                        "city": "Guangzhou",
                        "city_id": 1809858,
                        "country": "China",
                        "country_code": "CN",
                        "state": null,
                        "state_code": null
                    },
                    {
                        "id": "grid.4280.e",
                        "name": "National University of Singapore",
                        "city": "Singapore",
                        "city_id": 1880252,
                        "country": "Singapore",
                        "country_code": "SG",
                        "state": null,
                        "state_code": null
                    }
                ]
            },
            {
                "first_name": "Wei-jie",
                "last_name": "Guan",
                "initials": "",
                "corresponding": "",
                "orcid": "",
                "current_organization_id": "grid.470124.4",
                "researcher_id": "ur.01074701510.82",
                "affiliations": [
                    {
                        "id": "grid.470124.4",
                        "name": "First Affiliated Hospital of Guangzhou Medical University",
                        "city": "Guangzhou",
                        "city_id": 1809858,
                        "country": "China",
                        "country_code": "CN",
                        "state": null,
                        "state_code": null
                    },
                    {
                        "id": "grid.4280.e",
                        "name": "National University of Singapore",
                        "city": "Singapore",
                        "city_id": 1880252,
                        "country": "Singapore",
                        "country_code": "SG",
                        "state": null,
                        "state_code": null
                    }
                ]
            },
            {
                "first_name": "Zhen-chao",
                "last_name": "Zhu",
                "initials": "",
                "corresponding": "",
                "orcid": "",
                "current_organization_id": "",
                "researcher_id": "",
                "affiliations": [
                    {
                        "id": "grid.284723.8",
                        "name": "Southern Medical University",
                        "city": "Guangzhou",
                        "city_id": 1809858,
                        "country": "China",
                        "country_code": "CN",
                        "state": null,
                        "state_code": null
                    }
                ]
            },
            {
                "first_name": "Kai Sen",
                "last_name": "Tan",
                "initials": "",
                "corresponding": "",
                "orcid": "['0000-0002-8611-1611']",
                "current_organization_id": "grid.4280.e",
                "researcher_id": "ur.016660337207.28",
                "affiliations": [
                    {
                        "id": "grid.4280.e",
                        "name": "National University of Singapore",
                        "city": "Singapore",
                        "city_id": 1880252,
                        "country": "Singapore",
                        "country_code": "SG",
                        "state": null,
                        "state_code": null
                    }
                ]
            },
            {
                "first_name": "Zhuo",
                "last_name": "Chen",
                "initials": "",
                "corresponding": "",
                "orcid": "",
                "current_organization_id": "",
                "researcher_id": "",
                "affiliations": [
                    {
                        "id": "grid.207374.5",
                        "name": "Zhengzhou University",
                        "city": "Zhengzhou",
                        "city_id": 1784658,
                        "country": "China",
                        "country_code": "CN",
                        "state": null,
                        "state_code": null
                    }
                ]
            },
            {
                "first_name": "Hai-yu",
                "last_name": "Hong",
                "initials": "",
                "corresponding": "",
                "orcid": "",
                "current_organization_id": "grid.452859.7",
                "researcher_id": "ur.0706525360.82",
                "affiliations": [
                    {
                        "id": "grid.12981.33",
                        "name": "Sun Yat-sen University",
                        "city": "Guangzhou",
                        "city_id": 1809858,
                        "country": "China",
                        "country_code": "CN",
                        "state": null,
                        "state_code": null
                    }
                ]
            },
            {
                "first_name": "Xiao-xue",
                "last_name": "Zi",
                "initials": "",
                "corresponding": "",
                "orcid": "",
                "current_organization_id": "grid.27255.37",
                "researcher_id": "ur.014737523347.31",
                "affiliations": [
                    {
                        "id": "grid.4280.e",
                        "name": "National University of Singapore",
                        "city": "Singapore",
                        "city_id": 1880252,
                        "country": "Singapore",
                        "country_code": "SG",
                        "state": null,
                        "state_code": null
                    },
                    {
                        "id": "grid.452704.0",
                        "name": "Second Hospital of Shandong University",
                        "city": "Jinan",
                        "city_id": 1805753,
                        "country": "China",
                        "country_code": "CN",
                        "state": null,
                        "state_code": null
                    }
                ]
            },
            {
                "first_name": "Anand Kumar",
                "last_name": "Andiappan",
                "initials": "",
                "corresponding": "",
                "orcid": "['0000-0002-8442-1544']",
                "current_organization_id": "grid.430276.4",
                "researcher_id": "ur.01236040253.00",
                "affiliations": [
                    {
                        "id": "grid.430276.4",
                        "name": "Singapore Immunology Network",
                        "city": "Singapore",
                        "city_id": 1880252,
                        "country": "Singapore",
                        "country_code": "SG",
                        "state": null,
                        "state_code": null
                    }
                ]
            },
            {
                "first_name": "Li",
                "last_name": "Shi",
                "initials": "",
                "corresponding": "",
                "orcid": "",
                "current_organization_id": "",
                "researcher_id": "",
                "affiliations": [
                    {
                        "id": "grid.452704.0",
                        "name": "Second Hospital of Shandong University",
                        "city": "Jinan",
                        "city_id": 1805753,
                        "country": "China",
                        "country_code": "CN",
                        "state": null,
                        "state_code": null
                    }
                ]
            },
            {
                "first_name": "Qin-tai",
                "last_name": "Yang",
                "initials": "",
                "corresponding": "",
                "orcid": "",
                "current_organization_id": "",
                "researcher_id": "",
                "affiliations": [
                    {
                        "id": "grid.412558.f",
                        "name": "Third Affiliated Hospital of Sun Yat-sen University",
                        "city": "Guangzhou",
                        "city_id": 1809858,
                        "country": "China",
                        "country_code": "CN",
                        "state": null,
                        "state_code": null
                    }
                ]
            },
            {
                "first_name": "De-Yun",
                "last_name": "Wang",
                "initials": "",
                "corresponding": "",
                "orcid": "",
                "current_organization_id": "",
                "researcher_id": "",
                "affiliations": [
                    {
                        "id": "grid.4280.e",
                        "name": "National University of Singapore",
                        "city": "Singapore",
                        "city_id": 1880252,
                        "country": "Singapore",
                        "country_code": "SG",
                        "state": null,
                        "state_code": null
                    }
                ]
            },
            {
                "first_name": "Qian-hui",
                "last_name": "Qiu",
                "initials": "",
                "corresponding": "",
                "orcid": "",
                "current_organization_id": "",
                "researcher_id": "",
                "affiliations": [
                    {
                        "id": "grid.284723.8",
                        "name": "Southern Medical University",
                        "city": "Guangzhou",
                        "city_id": 1809858,
                        "country": "China",
                        "country_code": "CN",
                        "state": null,
                        "state_code": null
                    },
                    {
                        "name": "Department of Otolaryngology Head & Neck Surgery, Guangdong General Hospital, Guangdong Academy of Medical Sciences, Guangzhou, China"
                    }
                ]
            }
        ]
    ],
    "type": "article"
}