{
    "pmid": "2169670",
    "author_affiliations": [
        [
            {
                "first_name": "Hubert",
                "last_name": "Laude",
                "initials": "",
                "corresponding": true,
                "orcid": "",
                "current_organization_id": "grid.452943.d",
                "researcher_id": "ur.01010636435.20",
                "affiliations": [
                    {
                        "name": "Institut National de la Recherche Agronomique, Laboratoire de Virologie et d'Immunologie Mol\u00e9culaires, Centre de Recherches de Jouy-en-Josas, Domaine de Vilvert, 78350 Jouy-en-Josas France"
                    }
                ]
            },
            {
                "first_name": "Denis",
                "last_name": "Rasschaert",
                "initials": "",
                "corresponding": "",
                "orcid": "",
                "current_organization_id": "grid.12366.30",
                "researcher_id": "ur.01162124466.61",
                "affiliations": [
                    {
                        "name": "Institut National de la Recherche Agronomique, Laboratoire de Virologie et d'Immunologie Mol\u00e9culaires, Centre de Recherches de Jouy-en-Josas, Domaine de Vilvert, 78350 Jouy-en-Josas France"
                    }
                ]
            },
            {
                "first_name": "Bernard",
                "last_name": "Delmas",
                "initials": "",
                "corresponding": "",
                "orcid": "",
                "current_organization_id": "grid.452943.d",
                "researcher_id": "ur.01207161467.11",
                "affiliations": [
                    {
                        "name": "Institut National de la Recherche Agronomique, Laboratoire de Virologie et d'Immunologie Mol\u00e9culaires, Centre de Recherches de Jouy-en-Josas, Domaine de Vilvert, 78350 Jouy-en-Josas France"
                    }
                ]
            },
            {
                "first_name": "Murielle",
                "last_name": "Godet",
                "initials": "",
                "corresponding": "",
                "orcid": "",
                "current_organization_id": "grid.452943.d",
                "researcher_id": "ur.01346313022.38",
                "affiliations": [
                    {
                        "name": "Institut National de la Recherche Agronomique, Laboratoire de Virologie et d'Immunologie Mol\u00e9culaires, Centre de Recherches de Jouy-en-Josas, Domaine de Vilvert, 78350 Jouy-en-Josas France"
                    }
                ]
            },
            {
                "first_name": "Jacqueline",
                "last_name": "Gelfi",
                "initials": "",
                "corresponding": "",
                "orcid": "",
                "current_organization_id": "grid.11417.32",
                "researcher_id": "ur.01043713023.07",
                "affiliations": [
                    {
                        "name": "Institut National de la Recherche Agronomique, Laboratoire de Virologie et d'Immunologie Mol\u00e9culaires, Centre de Recherches de Jouy-en-Josas, Domaine de Vilvert, 78350 Jouy-en-Josas France"
                    }
                ]
            },
            {
                "first_name": "Bernard",
                "last_name": "Charley",
                "initials": "",
                "corresponding": "",
                "orcid": "",
                "current_organization_id": "grid.417961.c",
                "researcher_id": "ur.01007516431.96",
                "affiliations": [
                    {
                        "name": "Institut National de la Recherche Agronomique, Laboratoire de Virologie et d'Immunologie Mol\u00e9culaires, Centre de Recherches de Jouy-en-Josas, Domaine de Vilvert, 78350 Jouy-en-Josas France"
                    }
                ]
            }
        ]
    ],
    "altmetric": 10.0,
    "FOR": [
        {
            "id": "2581",
            "name": "0601 Biochemistry and Cell Biology"
        },
        {
            "id": "2620",
            "name": "0604 Genetics"
        }
    ],
    "title": "Molecular biology of transmissible gastroenteritis virus",
    "pages": "147-154",
    "issue": "1-4",
    "doi": "10.1016/0378-1135(90)90144-k",
    "times_cited": 41,
    "journal": {
        "id": "jour.1086616",
        "title": "Veterinary Microbiology"
    },
    "year": 1990,
    "references": [
        "pub.1078818662",
        "pub.1060355859",
        "pub.1034495146",
        "pub.1079412179",
        "pub.1035210308",
        "pub.1060352321",
        "pub.1060356626",
        "pub.1046896463",
        "pub.1039977184",
        "pub.1052290910",
        "pub.1060357573",
        "pub.1060356108",
        "pub.1023090104",
        "pub.1081642725",
        "pub.1055171627",
        "pub.1030136582",
        "pub.1048929084",
        "pub.1060356466",
        "pub.1060356107",
        "pub.1024022036",
        "pub.1062829407",
        "pub.1060356444",
        "pub.1079503491"
    ],
    "id": "pub.1030495118",
    "date": "1990-06-01",
    "researchers": [
        {
            "id": "ur.01010636435.20",
            "research_orgs": [
                "grid.417961.c",
                "grid.425427.2",
                "grid.63622.33",
                "grid.452943.d",
                "grid.414548.8"
            ],
            "last_name": "Laude",
            "first_name": "Hubert"
        },
        {
            "id": "ur.01162124466.61",
            "research_orgs": [
                "grid.417961.c",
                "grid.418065.e",
                "grid.452943.d",
                "grid.12366.30"
            ],
            "last_name": "Rasschaert",
            "first_name": "Denis"
        },
        {
            "id": "ur.01207161467.11",
            "research_orgs": [
                "grid.452943.d",
                "grid.417961.c"
            ],
            "last_name": "Delmas",
            "first_name": "Bernard"
        },
        {
            "id": "ur.01346313022.38",
            "research_orgs": [
                "grid.417961.c",
                "grid.452943.d"
            ],
            "last_name": "Godet",
            "first_name": "Murielle"
        },
        {
            "id": "ur.01043713023.07",
            "research_orgs": [
                "grid.417961.c",
                "grid.418686.5",
                "grid.11417.32",
                "grid.414548.8",
                "grid.420267.5",
                "grid.503394.8",
                "grid.452943.d"
            ],
            "last_name": "Gelfi",
            "first_name": "Jacqueline"
        },
        {
            "id": "ur.01007516431.96",
            "research_orgs": [
                "grid.417961.c",
                "grid.452943.d",
                "grid.36567.31"
            ],
            "last_name": "Charley",
            "first_name": "Bernard"
        }
    ],
    "relative_citation_ratio": 0.97,
    "type": "article",
    "volume": "23"
}