{
    "pmid": "18323808",
    "author_affiliations": [
        [
            {
                "first_name": "Natalay",
                "last_name": "Kouprina",
                "initials": "",
                "corresponding": true,
                "orcid": "",
                "current_organization_id": "grid.420086.8",
                "researcher_id": "ur.01251506006.32",
                "affiliations": [
                    {
                        "id": "grid.94365.3d",
                        "name": "National Institutes of Health",
                        "city": "Bethesda",
                        "city_id": 4348599,
                        "country": "United States",
                        "country_code": "US",
                        "state": "Maryland",
                        "state_code": "US-MD"
                    }
                ]
            },
            {
                "first_name": "Vladimir",
                "last_name": "Larionov",
                "initials": "",
                "corresponding": "",
                "orcid": "",
                "current_organization_id": "grid.48336.3a",
                "researcher_id": "ur.01162322155.21",
                "affiliations": [
                    {
                        "id": "grid.94365.3d",
                        "name": "National Institutes of Health",
                        "city": "Bethesda",
                        "city_id": 4348599,
                        "country": "United States",
                        "country_code": "US",
                        "state": "Maryland",
                        "state_code": "US-MD"
                    }
                ]
            }
        ]
    ],
    "altmetric": 5.0,
    "FOR": [
        {
            "id": "2620",
            "name": "0604 Genetics"
        }
    ],
    "research_org_countries": [
        {
            "id": "US",
            "name": "United States"
        }
    ],
    "title": "Selective isolation of genomic loci from complex genomes by transformation-associated recombination cloning in the yeast Saccharomyces cerevisiae",
    "research_org_cities": [
        {
            "id": 4348599,
            "name": "Bethesda"
        }
    ],
    "pages": "371-377",
    "issue": "3",
    "research_org_state_names": [
        "Maryland"
    ],
    "doi": "10.1038/nprot.2008.5",
    "times_cited": 114,
    "journal": {
        "id": "jour.1037502",
        "title": "Nature Protocols"
    },
    "funders": [
        {
            "id": "grid.48336.3a",
            "name": "National Cancer Institute",
            "linkout": [
                "http://www.cancer.gov/"
            ],
            "country_name": "United States",
            "types": [
                "Government"
            ],
            "latitude": 39.004326,
            "acronym": "NCI",
            "state_name": "Maryland",
            "city_name": "Rockville",
            "longitude": -77.10119
        }
    ],
    "year": 2008,
    "research_orgs": [
        {
            "id": "grid.94365.3d",
            "name": "National Institutes of Health",
            "linkout": [
                "http://www.nih.gov/"
            ],
            "country_name": "United States",
            "types": [
                "Government"
            ],
            "latitude": 39.000443,
            "acronym": "NIH",
            "state_name": "Maryland",
            "city_name": "Bethesda",
            "longitude": -77.102394
        }
    ],
    "id": "pub.1030101782",
    "references": [
        "pub.1074986766",
        "pub.1051777372",
        "pub.1027815825",
        "pub.1017801874",
        "pub.1017980279",
        "pub.1040889010",
        "pub.1021838022",
        "pub.1027421832",
        "pub.1001475897",
        "pub.1003357052",
        "pub.1000768206",
        "pub.1023359665",
        "pub.1023021465",
        "pub.1003237762",
        "pub.1033451249",
        "pub.1027068895",
        "pub.1007099353",
        "pub.1009337960",
        "pub.1042658137",
        "pub.1008279865",
        "pub.1003006562"
    ],
    "research_org_country_names": [
        "United States"
    ],
    "date": "2008-03-01",
    "research_org_state_codes": [
        {
            "id": "US-MD",
            "name": "Maryland"
        }
    ],
    "researchers": [
        {
            "id": "ur.01251506006.32",
            "research_orgs": [
                "grid.420089.7",
                "grid.48336.3a",
                "grid.417768.b",
                "grid.420086.8",
                "grid.418947.7",
                "grid.94365.3d",
                "grid.280664.e"
            ],
            "last_name": "Kouprina",
            "first_name": "Natalay"
        },
        {
            "id": "ur.01162322155.21",
            "research_orgs": [
                "grid.418899.5",
                "grid.420089.7",
                "grid.48336.3a",
                "grid.417768.b",
                "grid.420086.8",
                "grid.411667.3",
                "grid.418947.7",
                "grid.94365.3d",
                "grid.280664.e",
                "grid.443927.f"
            ],
            "last_name": "Larionov",
            "first_name": "Vladimir L"
        }
    ],
    "relative_citation_ratio": 2.84,
    "type": "article",
    "volume": "3"
}