{
    "volume": "158",
    "date": "2008-12-01",
    "title": "Acute death in heartworm-infected cats: Unraveling the puzzle",
    "researchers": [
        {
            "id": "ur.0710325343.42",
            "last_name": "Litster",
            "first_name": "Annette L",
            "research_orgs": [
                "grid.264756.4",
                "grid.1003.2",
                "grid.169077.e"
            ]
        },
        {
            "id": "ur.01260604066.26",
            "last_name": "Atkins",
            "first_name": "Clarke E",
            "research_orgs": [
                "grid.470073.7",
                "grid.40803.3f",
                "grid.15276.37",
                "grid.14003.36",
                "grid.264756.4"
            ]
        },
        {
            "id": "ur.01154507725.26",
            "last_name": "Atwell",
            "first_name": "Rick",
            "research_orgs": [
                "grid.1003.2"
            ]
        }
    ],
    "research_org_state_codes": [
        {
            "id": "AU-QLD",
            "name": "Queensland"
        },
        {
            "id": "US-IN",
            "name": "Indiana"
        },
        {
            "id": "US-NC",
            "name": "North Carolina"
        }
    ],
    "pages": "196-203",
    "research_org_cities": [
        {
            "id": 4928096,
            "name": "West Lafayette"
        },
        {
            "id": 4487042,
            "name": "Raleigh"
        },
        {
            "id": 2174003,
            "name": "Brisbane"
        }
    ],
    "research_org_countries": [
        {
            "id": "AU",
            "name": "Australia"
        },
        {
            "id": "US",
            "name": "United States"
        }
    ],
    "doi": "10.1016/j.vetpar.2008.09.007",
    "FOR": [
        {
            "id": "3048",
            "name": "1102 Cardiorespiratory Medicine and Haematology"
        }
    ],
    "times_cited": 16,
    "research_orgs": [
        {
            "id": "grid.169077.e",
            "state_name": "Indiana",
            "types": [
                "Education"
            ],
            "longitude": -86.9212,
            "linkout": [
                "http://www.purdue.edu/"
            ],
            "latitude": 40.42395,
            "name": "Purdue University West Lafayette",
            "city_name": "West Lafayette",
            "country_name": "United States"
        },
        {
            "id": "grid.40803.3f",
            "acronym": "NCSU",
            "state_name": "North Carolina",
            "types": [
                "Education"
            ],
            "longitude": -78.682785,
            "linkout": [
                "https://www.ncsu.edu/"
            ],
            "latitude": 35.784386,
            "name": "North Carolina State University",
            "city_name": "Raleigh",
            "country_name": "United States"
        },
        {
            "id": "grid.1003.2",
            "acronym": "UQ",
            "state_name": "Queensland",
            "types": [
                "Education"
            ],
            "longitude": 153.00963,
            "linkout": [
                "http://www.uq.edu.au/"
            ],
            "latitude": -27.495964,
            "name": "University of Queensland",
            "city_name": "Brisbane",
            "country_name": "Australia"
        }
    ],
    "pmid": "18922636",
    "research_org_country_names": [
        "Australia",
        "United States"
    ],
    "id": "pub.1031880437",
    "issue": "3",
    "journal": {
        "id": "jour.1084966",
        "title": "Veterinary Parasitology"
    },
    "year": 2008,
    "references": [
        "pub.1080161449",
        "pub.1006752465",
        "pub.1007475790",
        "pub.1037850094",
        "pub.1014905283",
        "pub.1010877033",
        "pub.1047692358",
        "pub.1082468897",
        "pub.1040584317",
        "pub.1070766198",
        "pub.1040965020",
        "pub.1038172359",
        "pub.1007711550",
        "pub.1016880431",
        "pub.1040223301",
        "pub.1004491227",
        "pub.1012829510",
        "pub.1018325771"
    ],
    "relative_citation_ratio": 0.42,
    "research_org_state_names": [
        "Queensland",
        "North Carolina",
        "Indiana"
    ],
    "author_affiliations": [
        [
            {
                "first_name": "Annette",
                "last_name": "Litster",
                "initials": "",
                "corresponding": true,
                "orcid": "",
                "current_organization_id": "",
                "researcher_id": "ur.0710325343.42",
                "affiliations": [
                    {
                        "id": "grid.169077.e",
                        "name": "Purdue University West Lafayette",
                        "city": "West Lafayette",
                        "city_id": 4928096,
                        "country": "United States",
                        "country_code": "US",
                        "state": "Indiana",
                        "state_code": "US-IN"
                    }
                ]
            },
            {
                "first_name": "Clarke",
                "last_name": "Atkins",
                "initials": "",
                "corresponding": "",
                "orcid": "",
                "current_organization_id": "grid.40803.3f",
                "researcher_id": "ur.01260604066.26",
                "affiliations": [
                    {
                        "id": "grid.40803.3f",
                        "name": "North Carolina State University",
                        "city": "Raleigh",
                        "city_id": 4487042,
                        "country": "United States",
                        "country_code": "US",
                        "state": "North Carolina",
                        "state_code": "US-NC"
                    }
                ]
            },
            {
                "first_name": "Rick",
                "last_name": "Atwell",
                "initials": "",
                "corresponding": "",
                "orcid": "",
                "current_organization_id": "grid.1003.2",
                "researcher_id": "ur.01154507725.26",
                "affiliations": [
                    {
                        "id": "grid.1003.2",
                        "name": "University of Queensland",
                        "city": "Brisbane",
                        "city_id": 2174003,
                        "country": "Australia",
                        "country_code": "AU",
                        "state": "Queensland",
                        "state_code": "AU-QLD"
                    }
                ]
            }
        ]
    ],
    "type": "article"
}