{
    "research_orgs": [
        {
            "id": "grid.148374.d",
            "linkout": [
                "http://www.massey.ac.nz/"
            ],
            "city_name": "Palmerston North",
            "longitude": 175.61806,
            "latitude": -40.38564,
            "name": "Massey University",
            "types": [
                "Education"
            ],
            "country_name": "New Zealand"
        },
        {
            "id": "grid.194645.b",
            "linkout": [
                "http://www.hku.hk/"
            ],
            "city_name": "Hong Kong",
            "longitude": 114.13708,
            "acronym": "HKU",
            "state_name": "Hong Kong",
            "latitude": 22.283287,
            "name": "University of Hong Kong",
            "types": [
                "Education"
            ],
            "country_name": "China"
        }
    ],
    "research_org_country_names": [
        "New Zealand",
        "China"
    ],
    "pmid": "17449125",
    "title": "The in vitro antibacterial activity of dietary spice and medicinal herb extracts",
    "type": "article",
    "year": 2007,
    "journal": {
        "id": "jour.1095028",
        "title": "International Journal of Food Microbiology"
    },
    "researchers": [
        {
            "id": "ur.01156345105.08",
            "research_orgs": [
                "grid.194645.b"
            ],
            "first_name": "Bin",
            "last_name": "Shan"
        },
        {
            "id": "ur.01245332440.29",
            "research_orgs": [
                "grid.411410.1",
                "grid.462738.c",
                "grid.410632.2",
                "grid.35155.37",
                "grid.49470.3e",
                "grid.194645.b"
            ],
            "first_name": "Yizhong Z",
            "last_name": "Cai"
        },
        {
            "id": "ur.0716553373.53",
            "research_orgs": [
                "grid.252547.3",
                "grid.148374.d"
            ],
            "first_name": "John D",
            "last_name": "Brooks"
        },
        {
            "id": "ur.01330670551.62",
            "research_orgs": [
                "grid.194645.b",
                "grid.440836.d",
                "grid.1003.2",
                "grid.27860.3b",
                "grid.36567.31",
                "grid.16821.3c",
                "grid.411410.1"
            ],
            "first_name": "Harold",
            "last_name": "Corke",
            "orcid_id": [
                "0000-0001-7709-0129"
            ]
        }
    ],
    "FOR": [
        {
            "id": "2634",
            "name": "0605 Microbiology"
        }
    ],
    "research_org_countries": [
        {
            "id": "CN",
            "name": "China"
        },
        {
            "id": "NZ",
            "name": "New Zealand"
        }
    ],
    "date": "2007-06-01",
    "pages": "112-119",
    "id": "pub.1043783282",
    "volume": "117",
    "issue": "1",
    "research_org_cities": [
        {
            "id": 1819729,
            "name": "Hong Kong"
        },
        {
            "id": 2185018,
            "name": "Palmerston North"
        }
    ],
    "author_affiliations": [
        [
            {
                "first_name": "Bin",
                "last_name": "Shan",
                "initials": "",
                "corresponding": "",
                "orcid": "",
                "current_organization_id": "grid.194645.b",
                "researcher_id": "ur.01156345105.08",
                "affiliations": [
                    {
                        "id": "grid.194645.b",
                        "name": "University of Hong Kong",
                        "city": "Hong Kong",
                        "city_id": 1819729,
                        "country": "China",
                        "country_code": "CN",
                        "state": null,
                        "state_code": null
                    }
                ]
            },
            {
                "first_name": "Yi-Zhong",
                "last_name": "Cai",
                "initials": "",
                "corresponding": "",
                "orcid": "",
                "current_organization_id": "grid.194645.b",
                "researcher_id": "ur.01245332440.29",
                "affiliations": [
                    {
                        "id": "grid.194645.b",
                        "name": "University of Hong Kong",
                        "city": "Hong Kong",
                        "city_id": 1819729,
                        "country": "China",
                        "country_code": "CN",
                        "state": null,
                        "state_code": null
                    }
                ]
            },
            {
                "first_name": "John D.",
                "last_name": "Brooks",
                "initials": "",
                "corresponding": "",
                "orcid": "",
                "current_organization_id": "grid.252547.3",
                "researcher_id": "ur.0716553373.53",
                "affiliations": [
                    {
                        "id": "grid.148374.d",
                        "name": "Massey University",
                        "city": "Palmerston North",
                        "city_id": 2185018,
                        "country": "New Zealand",
                        "country_code": "NZ",
                        "state": null,
                        "state_code": null
                    }
                ]
            },
            {
                "first_name": "Harold",
                "last_name": "Corke",
                "initials": "",
                "corresponding": true,
                "orcid": "['0000-0001-7709-0129']",
                "current_organization_id": "grid.16821.3c",
                "researcher_id": "ur.01330670551.62",
                "affiliations": [
                    {
                        "id": "grid.194645.b",
                        "name": "University of Hong Kong",
                        "city": "Hong Kong",
                        "city_id": 1819729,
                        "country": "China",
                        "country_code": "CN",
                        "state": null,
                        "state_code": null
                    }
                ]
            }
        ]
    ],
    "doi": "10.1016/j.ijfoodmicro.2007.03.003",
    "times_cited": 366,
    "references": [
        "pub.1044303959",
        "pub.1034037531",
        "pub.1029440933",
        "pub.1027951076",
        "pub.1008893493",
        "pub.1026218390",
        "pub.1055930208",
        "pub.1062652963",
        "pub.1029602397",
        "pub.1031006019",
        "pub.1046310939",
        "pub.1047908362",
        "pub.1056240012",
        "pub.1047940046",
        "pub.1074529286",
        "pub.1041916075",
        "pub.1074529331",
        "pub.1029670444",
        "pub.1009222765",
        "pub.1069160168",
        "pub.1082666061",
        "pub.1020332227",
        "pub.1025784151",
        "pub.1002935712",
        "pub.1055904136",
        "pub.1049784979",
        "pub.1030774093",
        "pub.1036732886",
        "pub.1072508704",
        "pub.1053321815",
        "pub.1055903776",
        "pub.1024049678",
        "pub.1072506813",
        "pub.1041848645",
        "pub.1015175754",
        "pub.1026467596"
    ],
    "relative_citation_ratio": 7.99
}