{
    "research_orgs": [
        {
            "id": "grid.255399.1",
            "linkout": [
                "http://www.emich.edu/"
            ],
            "city_name": "Ypsilanti",
            "longitude": -83.62503,
            "acronym": "EMU",
            "state_name": "Michigan",
            "latitude": 42.254425,
            "name": "Eastern Michigan University",
            "types": [
                "Education"
            ],
            "country_name": "United States"
        }
    ],
    "research_org_country_names": [
        "United States"
    ],
    "pmid": "20671323",
    "title": "Nonnegative Principal Component Analysis for Cancer Molecular Pattern Discovery",
    "type": "article",
    "year": 2010,
    "journal": {
        "id": "jour.1033068",
        "title": "IEEE/ACM Transactions on Computational Biology and Bioinformatics"
    },
    "researchers": [
        {
            "id": "ur.01064717777.34",
            "research_orgs": [
                "grid.255399.1"
            ],
            "first_name": "Xiaoxu",
            "last_name": "Han"
        }
    ],
    "FOR": [
        {
            "id": "2746",
            "name": "0801 Artificial Intelligence and Image Processing"
        }
    ],
    "research_org_countries": [
        {
            "id": "US",
            "name": "United States"
        }
    ],
    "date": "2010-07-01",
    "pages": "537-549",
    "research_org_state_names": [
        "Michigan"
    ],
    "id": "pub.1061540718",
    "research_org_state_codes": [
        {
            "id": "US-MI",
            "name": "Michigan"
        }
    ],
    "volume": "7",
    "issue": "3",
    "research_org_cities": [
        {
            "id": 5015688,
            "name": "Ypsilanti"
        }
    ],
    "author_affiliations": [
        [
            {
                "first_name": "Xiaoxu",
                "last_name": "Han",
                "initials": "",
                "corresponding": "",
                "orcid": "",
                "current_organization_id": "grid.255399.1",
                "researcher_id": "ur.01064717777.34",
                "affiliations": [
                    {
                        "id": "grid.255399.1",
                        "name": "Eastern Michigan University",
                        "city": "Ypsilanti",
                        "city_id": 5015688,
                        "country": "United States",
                        "country_code": "US",
                        "state": "Michigan",
                        "state_code": "US-MI"
                    },
                    {
                        "name": "Xiaoxu Han received the PhD degree in applied mathematical and computational sciences (AMCS) from the University of Iowa in 2004 and did postdoctoral research in the Department of Biological Sciences at the University of Iowa. He is currently an associate professor in the Department of Mathematics and Bioinformatics Program at Eastern Michigan University. His research interests include bioinformatics and machine learning. He is a member of the IEEE.,"
                    }
                ]
            }
        ]
    ],
    "doi": "10.1109/tcbb.2009.36",
    "times_cited": 36,
    "references": [
        "pub.1033514193",
        "pub.1036673042",
        "pub.1061743107",
        "pub.1042995627",
        "pub.1083056149",
        "pub.1033430834",
        "pub.1042069114",
        "pub.1088800071",
        "pub.1031330137",
        "pub.1059204989",
        "pub.1039148534",
        "pub.1036932233",
        "pub.1002932256",
        "pub.1043472580",
        "pub.1052721759",
        "pub.1030190567",
        "pub.1075173467",
        "pub.1027433509",
        "pub.1047165477",
        "pub.1069095896",
        "pub.1005825455",
        "pub.1028661763",
        "pub.1019671707",
        "pub.1019207421",
        "pub.1002610512",
        "pub.1062846734",
        "pub.1098667572",
        "pub.1045688640",
        "pub.1061219195",
        "pub.1013602756",
        "pub.1001366510",
        "pub.1061716658",
        "pub.1015038119",
        "pub.1038304946",
        "pub.1075262336",
        "pub.1095326818",
        "pub.1044349000",
        "pub.1074865684",
        "pub.1053656270",
        "pub.1093462831",
        "pub.1051806676",
        "pub.1040966104",
        "pub.1061716567"
    ],
    "relative_citation_ratio": 0.47
}