{
    "pmid": "1696911",
    "author_affiliations": [
        [
            {
                "first_name": "Shoshana",
                "last_name": "Loya",
                "initials": "",
                "corresponding": "",
                "orcid": "",
                "current_organization_id": "grid.12136.37",
                "researcher_id": "ur.01000532204.26",
                "affiliations": [
                    {
                        "id": "grid.12136.37",
                        "name": "Tel Aviv University",
                        "city": "Tel Aviv",
                        "city_id": 293397,
                        "country": "Israel",
                        "country_code": "IL",
                        "state": null,
                        "state_code": null
                    }
                ]
            },
            {
                "first_name": "Amnon",
                "last_name": "Hizi",
                "initials": "",
                "corresponding": "",
                "orcid": "",
                "current_organization_id": "grid.12136.37",
                "researcher_id": "ur.0110406055.04",
                "affiliations": [
                    {
                        "id": "grid.12136.37",
                        "name": "Tel Aviv University",
                        "city": "Tel Aviv",
                        "city_id": 293397,
                        "country": "Israel",
                        "country_code": "IL",
                        "state": null,
                        "state_code": null
                    }
                ]
            }
        ]
    ],
    "FOR": [
        {
            "id": "3114",
            "name": "1108 Medical Microbiology"
        }
    ],
    "research_org_countries": [
        {
            "id": "IL",
            "name": "Israel"
        }
    ],
    "title": "The inhibition of human immunodeficiency virus type 1 reverse transcriptase by avarol and avarone derivatives",
    "research_org_cities": [
        {
            "id": 293397,
            "name": "Tel Aviv"
        }
    ],
    "pages": "131-134",
    "issue": "1",
    "doi": "10.1016/0014-5793(90)81137-d",
    "times_cited": 59,
    "journal": {
        "id": "jour.1009938",
        "title": "FEBS Letters"
    },
    "year": 1990,
    "research_orgs": [
        {
            "id": "grid.12136.37",
            "name": "Tel Aviv University",
            "linkout": [
                "http://english.tau.ac.il/"
            ],
            "country_name": "Israel",
            "types": [
                "Education"
            ],
            "latitude": 32.113388,
            "acronym": "TAU",
            "city_name": "Tel Aviv",
            "longitude": 34.802155
        }
    ],
    "id": "pub.1014539480",
    "references": [
        "pub.1013950858",
        "pub.1018954366",
        "pub.1025769653",
        "pub.1053481080",
        "pub.1078831145",
        "pub.1062635710",
        "pub.1048495020",
        "pub.1027185943",
        "pub.1079982595",
        "pub.1017335495",
        "pub.1052501082",
        "pub.1059700786",
        "pub.1022383232",
        "pub.1016614876",
        "pub.1062539410",
        "pub.1078847862",
        "pub.1081864542",
        "pub.1014283421",
        "pub.1051912852",
        "pub.1059732203",
        "pub.1053570717",
        "pub.1044877462",
        "pub.1059223191"
    ],
    "research_org_country_names": [
        "Israel"
    ],
    "date": "1990-08-20",
    "researchers": [
        {
            "id": "ur.01000532204.26",
            "research_orgs": [
                "grid.9619.7",
                "grid.7450.6",
                "grid.425396.f",
                "grid.12136.37"
            ],
            "last_name": "Loya",
            "first_name": "Shoshana"
        },
        {
            "id": "ur.0110406055.04",
            "research_orgs": [
                "grid.9619.7",
                "grid.418021.e",
                "grid.413156.4",
                "grid.189509.c",
                "grid.12136.37",
                "grid.13992.30",
                "grid.420089.7"
            ],
            "last_name": "Hizi",
            "first_name": "Amnon"
        }
    ],
    "relative_citation_ratio": 1.52,
    "type": "article",
    "volume": "269"
}