{
    "date": "2019-01-02",
    "title": "Human bocavirus in children with acute gastroenteritis in Piedmont, Italy.",
    "researchers": [
        {
            "id": "ur.01101325105.74",
            "last_name": "Bergallo",
            "first_name": "Massimiliano",
            "research_orgs": [
                "grid.415778.8",
                "grid.413009.f",
                "grid.7605.4",
                "grid.413005.3",
                "grid.432329.d"
            ]
        },
        {
            "id": "ur.013260341371.81",
            "last_name": "Dapr\u00e0",
            "first_name": "Valentina",
            "research_orgs": [
                "grid.415778.8",
                "grid.7605.4"
            ]
        },
        {
            "id": "ur.016147301253.87",
            "last_name": "Rassu",
            "first_name": "Marco",
            "research_orgs": [
                "grid.7605.4"
            ]
        },
        {
            "id": "ur.011046474734.28",
            "last_name": "Calvi",
            "first_name": "Cristina",
            "research_orgs": [
                "grid.7605.4"
            ]
        },
        {
            "id": "ur.0616500164.22",
            "last_name": "Montanari",
            "first_name": "Paola",
            "research_orgs": [
                "grid.415778.8",
                "grid.7605.4",
                "grid.432329.d"
            ]
        },
        {
            "id": "ur.01236076410.96",
            "last_name": "Galliano",
            "first_name": "Ilaria",
            "research_orgs": [
                "grid.415778.8",
                "grid.7605.4",
                "grid.432329.d"
            ]
        }
    ],
    "research_org_cities": [
        {
            "id": 3165524,
            "name": "Turin"
        }
    ],
    "research_org_countries": [
        {
            "id": "IT",
            "name": "Italy"
        }
    ],
    "doi": "10.23736/s0026-4946.18.05365-3",
    "FOR": [
        {
            "id": "3114",
            "name": "1108 Medical Microbiology"
        }
    ],
    "times_cited": 1,
    "research_orgs": [
        {
            "id": "grid.7605.4",
            "acronym": "UNITO",
            "state_name": "Piemonte",
            "types": [
                "Education"
            ],
            "longitude": 7.689019,
            "linkout": [
                "http://en.unito.it/"
            ],
            "latitude": 45.066666,
            "name": "University of Turin",
            "city_name": "Turin",
            "country_name": "Italy"
        }
    ],
    "pmid": "30605997",
    "research_org_country_names": [
        "Italy"
    ],
    "id": "pub.1111096886",
    "journal": {
        "id": "jour.1018170",
        "title": "Minerva Pediatrica"
    },
    "year": 2019,
    "author_affiliations": [
        [
            {
                "first_name": "Massimiliano",
                "last_name": "Bergallo",
                "initials": "",
                "corresponding": "",
                "orcid": "",
                "current_organization_id": "grid.7605.4",
                "researcher_id": "ur.01101325105.74",
                "affiliations": [
                    {
                        "id": "grid.7605.4",
                        "name": "University of Turin",
                        "city": "Turin",
                        "city_id": 3165524,
                        "country": "Italy",
                        "country_code": "IT",
                        "state": null,
                        "state_code": null
                    },
                    {
                        "name": "Infectious Diseases Unit, Department of Pediatrics, Regina Margherita Children's Hospital, University of Turin, Turin, Italy - massimiliano.bergallo@unito.it."
                    }
                ]
            },
            {
                "first_name": "Valentina",
                "last_name": "Dapr\u00e0",
                "initials": "",
                "corresponding": "",
                "orcid": "",
                "current_organization_id": "grid.7605.4",
                "researcher_id": "ur.013260341371.81",
                "affiliations": [
                    {
                        "id": "grid.7605.4",
                        "name": "University of Turin",
                        "city": "Turin",
                        "city_id": 3165524,
                        "country": "Italy",
                        "country_code": "IT",
                        "state": null,
                        "state_code": null
                    }
                ]
            },
            {
                "first_name": "Marco",
                "last_name": "Rassu",
                "initials": "",
                "corresponding": "",
                "orcid": "",
                "current_organization_id": "grid.7605.4",
                "researcher_id": "ur.016147301253.87",
                "affiliations": [
                    {
                        "name": "Infectious Diseases Unit, Department of Pediatrics, Regina Margherita Children's Hospital, University of Turin, Turin, Italy."
                    }
                ]
            },
            {
                "first_name": "Cristina",
                "last_name": "Calvi",
                "initials": "",
                "corresponding": "",
                "orcid": "",
                "current_organization_id": "grid.7605.4",
                "researcher_id": "ur.011046474734.28",
                "affiliations": [
                    {
                        "name": "Infectious Diseases Unit, Department of Pediatrics, Regina Margherita Children's Hospital, University of Turin, Turin, Italy."
                    }
                ]
            },
            {
                "first_name": "Paola",
                "last_name": "Montanari",
                "initials": "",
                "corresponding": "",
                "orcid": "",
                "current_organization_id": "grid.7605.4",
                "researcher_id": "ur.0616500164.22",
                "affiliations": [
                    {
                        "id": "grid.7605.4",
                        "name": "University of Turin",
                        "city": "Turin",
                        "city_id": 3165524,
                        "country": "Italy",
                        "country_code": "IT",
                        "state": null,
                        "state_code": null
                    },
                    {
                        "name": "Infectious Diseases Unit, Department of Pediatrics, Regina Margherita Children's Hospital, University of Turin, Turin, Italy."
                    }
                ]
            },
            {
                "first_name": "Ilaria",
                "last_name": "Galliano",
                "initials": "",
                "corresponding": "",
                "orcid": "",
                "current_organization_id": "grid.7605.4",
                "researcher_id": "ur.01236076410.96",
                "affiliations": [
                    {
                        "id": "grid.7605.4",
                        "name": "University of Turin",
                        "city": "Turin",
                        "city_id": 3165524,
                        "country": "Italy",
                        "country_code": "IT",
                        "state": null,
                        "state_code": null
                    },
                    {
                        "name": "Infectious Diseases Unit, Department of Pediatrics, Regina Margherita Children's Hospital, University of Turin, Turin, Italy."
                    }
                ]
            }
        ]
    ],
    "type": "article"
}