{
    "research_orgs": [
        {
            "id": "grid.25879.31",
            "linkout": [
                "http://www.upenn.edu/"
            ],
            "city_name": "Philadelphia",
            "longitude": -75.19322,
            "state_name": "Pennsylvania",
            "latitude": 39.952457,
            "name": "University of Pennsylvania",
            "types": [
                "Education"
            ],
            "country_name": "United States"
        },
        {
            "id": "grid.5386.8",
            "linkout": [
                "http://www.cornell.edu/"
            ],
            "city_name": "Ithaca",
            "longitude": -76.47862,
            "acronym": "CU",
            "state_name": "New York",
            "latitude": 42.44851,
            "name": "Cornell University",
            "types": [
                "Education"
            ],
            "country_name": "United States"
        }
    ],
    "research_org_country_names": [
        "United States"
    ],
    "pmid": "17552440",
    "title": "Anticoagulant Effects of Low\u2010Molecular\u2010Weight Heparins in Healthy Cats",
    "type": "article",
    "year": 2007,
    "journal": {
        "id": "jour.1097257",
        "title": "Journal of Veterinary Internal Medicine"
    },
    "researchers": [
        {
            "id": "ur.0761710704.35",
            "research_orgs": [
                "grid.25879.31",
                "grid.27860.3b"
            ],
            "first_name": "Amy J",
            "last_name": "Alwood"
        },
        {
            "id": "ur.01070011515.97",
            "research_orgs": [
                "grid.25879.31"
            ],
            "first_name": "Amanda B",
            "last_name": "Downend"
        },
        {
            "id": "ur.01345012131.76",
            "research_orgs": [
                "grid.238491.5",
                "grid.25879.31",
                "grid.5386.8",
                "grid.429997.8"
            ],
            "first_name": "Marjory B",
            "last_name": "Brooks"
        },
        {
            "id": "ur.01130113400.13",
            "research_orgs": [
                "grid.25879.31",
                "grid.27860.3b"
            ],
            "first_name": "Kimberly A",
            "last_name": "Slensky"
        },
        {
            "id": "ur.01161535105.49",
            "research_orgs": [
                "grid.25879.31"
            ],
            "first_name": "Julia A",
            "last_name": "Fox"
        },
        {
            "id": "ur.0655262576.20",
            "research_orgs": [
                "grid.25879.31"
            ],
            "first_name": "Stephen A",
            "last_name": "Simpson"
        },
        {
            "id": "ur.01364704602.18",
            "research_orgs": [
                "grid.25879.31",
                "grid.264727.2",
                "grid.27860.3b"
            ],
            "first_name": "Lori S",
            "last_name": "Waddell"
        },
        {
            "id": "ur.01135644650.84",
            "research_orgs": [
                "grid.412713.2",
                "grid.25879.31",
                "grid.412701.1",
                "grid.411115.1",
                "grid.8993.b",
                "grid.412689.0",
                "grid.5807.a",
                "grid.410355.6",
                "grid.5802.f"
            ],
            "first_name": "James E",
            "last_name": "Baumgardner"
        },
        {
            "id": "ur.01240166660.25",
            "research_orgs": [
                "grid.27860.3b",
                "grid.25879.31",
                "grid.264727.2",
                "grid.5807.a"
            ],
            "first_name": "Cynthia M",
            "last_name": "Otto"
        }
    ],
    "FOR": [
        {
            "id": "3197",
            "name": "1199 Other Medical and Health Sciences"
        }
    ],
    "research_org_countries": [
        {
            "id": "US",
            "name": "United States"
        }
    ],
    "date": "2007-05-01",
    "pages": "378-387",
    "research_org_state_names": [
        "Pennsylvania",
        "New York"
    ],
    "id": "pub.1008546764",
    "research_org_state_codes": [
        {
            "id": "US-NY",
            "name": "New York"
        },
        {
            "id": "US-PA",
            "name": "Pennsylvania"
        }
    ],
    "volume": "21",
    "issue": "3",
    "research_org_cities": [
        {
            "id": 5122432,
            "name": "Ithaca"
        },
        {
            "id": 5213681,
            "name": "State College"
        },
        {
            "id": 4560349,
            "name": "Philadelphia"
        }
    ],
    "author_affiliations": [
        [
            {
                "first_name": "Amy J.",
                "last_name": "Alwood",
                "initials": "",
                "corresponding": "",
                "orcid": "",
                "current_organization_id": "",
                "researcher_id": "ur.0761710704.35",
                "affiliations": [
                    {
                        "id": "grid.25879.31",
                        "name": "University of Pennsylvania",
                        "city": "Philadelphia",
                        "city_id": 4560349,
                        "country": "United States",
                        "country_code": "US",
                        "state": "Pennsylvania",
                        "state_code": "US-PA"
                    }
                ]
            },
            {
                "first_name": "Amanda B.",
                "last_name": "Downend",
                "initials": "",
                "corresponding": "",
                "orcid": "",
                "current_organization_id": "grid.25879.31",
                "researcher_id": "ur.01070011515.97",
                "affiliations": [
                    {
                        "id": "grid.25879.31",
                        "name": "University of Pennsylvania",
                        "city": "Philadelphia",
                        "city_id": 4560349,
                        "country": "United States",
                        "country_code": "US",
                        "state": "Pennsylvania",
                        "state_code": "US-PA"
                    }
                ]
            },
            {
                "first_name": "Marjory B.",
                "last_name": "Brooks",
                "initials": "",
                "corresponding": "",
                "orcid": "",
                "current_organization_id": "grid.5386.8",
                "researcher_id": "ur.01345012131.76",
                "affiliations": [
                    {
                        "id": "grid.5386.8",
                        "name": "Cornell University",
                        "city": "Ithaca",
                        "city_id": 5122432,
                        "country": "United States",
                        "country_code": "US",
                        "state": "New York",
                        "state_code": "US-NY"
                    }
                ]
            },
            {
                "first_name": "Kimberly A.",
                "last_name": "Slensky",
                "initials": "",
                "corresponding": "",
                "orcid": "",
                "current_organization_id": "grid.25879.31",
                "researcher_id": "ur.01130113400.13",
                "affiliations": [
                    {
                        "id": "grid.25879.31",
                        "name": "University of Pennsylvania",
                        "city": "Philadelphia",
                        "city_id": 4560349,
                        "country": "United States",
                        "country_code": "US",
                        "state": "Pennsylvania",
                        "state_code": "US-PA"
                    }
                ]
            },
            {
                "first_name": "Julia A.",
                "last_name": "Fox",
                "initials": "",
                "corresponding": "",
                "orcid": "",
                "current_organization_id": "grid.25879.31",
                "researcher_id": "ur.01161535105.49",
                "affiliations": [
                    {
                        "id": "grid.25879.31",
                        "name": "University of Pennsylvania",
                        "city": "Philadelphia",
                        "city_id": 4560349,
                        "country": "United States",
                        "country_code": "US",
                        "state": "Pennsylvania",
                        "state_code": "US-PA"
                    }
                ]
            },
            {
                "first_name": "Stephen A.",
                "last_name": "Simpson",
                "initials": "",
                "corresponding": "",
                "orcid": "",
                "current_organization_id": "grid.25879.31",
                "researcher_id": "ur.0655262576.20",
                "affiliations": [
                    {
                        "id": "grid.25879.31",
                        "name": "University of Pennsylvania",
                        "city": "Philadelphia",
                        "city_id": 4560349,
                        "country": "United States",
                        "country_code": "US",
                        "state": "Pennsylvania",
                        "state_code": "US-PA"
                    }
                ]
            },
            {
                "first_name": "Lori S.",
                "last_name": "Waddell",
                "initials": "",
                "corresponding": "",
                "orcid": "",
                "current_organization_id": "grid.25879.31",
                "researcher_id": "ur.01364704602.18",
                "affiliations": [
                    {
                        "id": "grid.25879.31",
                        "name": "University of Pennsylvania",
                        "city": "Philadelphia",
                        "city_id": 4560349,
                        "country": "United States",
                        "country_code": "US",
                        "state": "Pennsylvania",
                        "state_code": "US-PA"
                    }
                ]
            },
            {
                "first_name": "James E.",
                "last_name": "Baumgardner",
                "initials": "",
                "corresponding": "",
                "orcid": "",
                "current_organization_id": "grid.412689.0",
                "researcher_id": "ur.01135644650.84",
                "affiliations": [
                    {
                        "name": "Department of Anesthesiology and Critical Care, School of Medicine, University of Pennsylvania, Philadelphia PA"
                    }
                ]
            },
            {
                "first_name": "Cynthia M.",
                "last_name": "Otto",
                "initials": "",
                "corresponding": "",
                "orcid": "",
                "current_organization_id": "grid.25879.31",
                "researcher_id": "ur.01240166660.25",
                "affiliations": [
                    {
                        "id": "grid.25879.31",
                        "name": "University of Pennsylvania",
                        "city": "Philadelphia",
                        "city_id": 4560349,
                        "country": "United States",
                        "country_code": "US",
                        "state": "Pennsylvania",
                        "state_code": "US-PA"
                    }
                ]
            }
        ]
    ],
    "doi": "10.1111/j.1939-1676.2007.tb02979.x",
    "times_cited": 60,
    "references": [
        "pub.1074545687",
        "pub.1083317403",
        "pub.1082935619",
        "pub.1051438420",
        "pub.1032930199",
        "pub.1001013456",
        "pub.1029826409",
        "pub.1038682470",
        "pub.1082152329",
        "pub.1023567884",
        "pub.1082385609",
        "pub.1075683151",
        "pub.1045890147",
        "pub.1082537415",
        "pub.1046598363",
        "pub.1054114229",
        "pub.1074622587",
        "pub.1012337311",
        "pub.1029781108",
        "pub.1005105045",
        "pub.1005909081",
        "pub.1051163282",
        "pub.1030776774",
        "pub.1070762616",
        "pub.1000654571",
        "pub.1060126682",
        "pub.1026983287",
        "pub.1070762299",
        "pub.1070767728",
        "pub.1024864651",
        "pub.1100173256",
        "pub.1074629250",
        "pub.1070766163",
        "pub.1033211269",
        "pub.1016621992"
    ],
    "relative_citation_ratio": 2.02
}