{
    "pmid": "31382628",
    "author_affiliations": [
        [
            {
                "first_name": "Andr\u00e9ia Gon\u00e7alves",
                "last_name": "Arruda",
                "initials": "",
                "corresponding": "",
                "orcid": "['0000-0001-7040-9686']",
                "current_organization_id": "grid.261331.4",
                "researcher_id": "ur.010076120763.31",
                "affiliations": [
                    {
                        "id": "grid.261331.4",
                        "name": "The Ohio State University",
                        "city": "Columbus",
                        "city_id": 4509177,
                        "country": "United States",
                        "country_code": "US",
                        "state": "Ohio",
                        "state_code": "US-OH"
                    }
                ]
            },
            {
                "first_name": "Steve",
                "last_name": "Tousignant",
                "initials": "",
                "corresponding": "",
                "orcid": "",
                "current_organization_id": "",
                "researcher_id": "",
                "affiliations": [
                    {
                        "name": "Boehringer Ingelheim Animal Health USA Inc., Duluth, GA 30096, USA"
                    }
                ]
            },
            {
                "first_name": "Juan",
                "last_name": "Sanhueza",
                "initials": "",
                "corresponding": "",
                "orcid": "['0000-0003-4320-3839']",
                "current_organization_id": "grid.17635.36",
                "researcher_id": "ur.01244375331.86",
                "affiliations": [
                    {
                        "id": "grid.17635.36",
                        "name": "University of Minnesota",
                        "city": "Minneapolis",
                        "city_id": 5037649,
                        "country": "United States",
                        "country_code": "US",
                        "state": "Minnesota",
                        "state_code": "US-MN"
                    }
                ]
            },
            {
                "first_name": "Carles",
                "last_name": "Vilalta",
                "initials": "",
                "corresponding": "",
                "orcid": "",
                "current_organization_id": "grid.17635.36",
                "researcher_id": "ur.01330205235.86",
                "affiliations": [
                    {
                        "id": "grid.17635.36",
                        "name": "University of Minnesota",
                        "city": "Minneapolis",
                        "city_id": 5037649,
                        "country": "United States",
                        "country_code": "US",
                        "state": "Minnesota",
                        "state_code": "US-MN"
                    }
                ]
            },
            {
                "first_name": "Zvonimir",
                "last_name": "Poljak",
                "initials": "",
                "corresponding": "",
                "orcid": "",
                "current_organization_id": "grid.34429.38",
                "researcher_id": "ur.0767335201.66",
                "affiliations": [
                    {
                        "id": "grid.34429.38",
                        "name": "University of Guelph",
                        "city": "Guelph",
                        "city_id": 5967629,
                        "country": "Canada",
                        "country_code": "CA",
                        "state": "Ontario",
                        "state_code": "CA-ON"
                    }
                ]
            },
            {
                "first_name": "Montserrat",
                "last_name": "Torremorell",
                "initials": "",
                "corresponding": "",
                "orcid": "['0000-0002-9626-6537']",
                "current_organization_id": "grid.17635.36",
                "researcher_id": "ur.01056223713.61",
                "affiliations": [
                    {
                        "id": "grid.17635.36",
                        "name": "University of Minnesota",
                        "city": "Minneapolis",
                        "city_id": 5037649,
                        "country": "United States",
                        "country_code": "US",
                        "state": "Minnesota",
                        "state_code": "US-MN"
                    }
                ]
            },
            {
                "first_name": "Carmen",
                "last_name": "Alonso",
                "initials": "",
                "corresponding": "",
                "orcid": "",
                "current_organization_id": "grid.17635.36",
                "researcher_id": "ur.0753360073.86",
                "affiliations": [
                    {
                        "name": "Independent Swine Consultant, Barcelona 08195, Spain"
                    }
                ]
            },
            {
                "first_name": "Cesar A",
                "last_name": "Corzo",
                "initials": "",
                "corresponding": "",
                "orcid": "",
                "current_organization_id": "grid.17635.36",
                "researcher_id": "ur.01331407041.83",
                "affiliations": [
                    {
                        "id": "grid.17635.36",
                        "name": "University of Minnesota",
                        "city": "Minneapolis",
                        "city_id": 5037649,
                        "country": "United States",
                        "country_code": "US",
                        "state": "Minnesota",
                        "state_code": "US-MN"
                    }
                ]
            }
        ]
    ],
    "FOR": [
        {
            "id": "3114",
            "name": "1108 Medical Microbiology"
        }
    ],
    "research_org_countries": [
        {
            "id": "CA",
            "name": "Canada"
        },
        {
            "id": "ES",
            "name": "Spain"
        },
        {
            "id": "US",
            "name": "United States"
        }
    ],
    "title": "Aerosol Detection and Transmission of Porcine Reproductive and Respiratory Syndrome Virus (PRRSV): What Is the Evidence, and What Are the Knowledge Gaps?",
    "research_org_cities": [
        {
            "id": 5037649,
            "name": "Minneapolis"
        },
        {
            "id": 4509177,
            "name": "Columbus"
        },
        {
            "id": 5967629,
            "name": "Guelph"
        },
        {
            "id": 3128760,
            "name": "Barcelona"
        }
    ],
    "pages": "712",
    "issue": "8",
    "research_org_state_names": [
        "Minnesota",
        "Ohio",
        "Ontario"
    ],
    "open_access": [
        "Open Access - all",
        "Open Access - publisher",
        "Open Access - published"
    ],
    "doi": "10.3390/v11080712",
    "times_cited": 2,
    "journal": {
        "id": "jour.1041668",
        "title": "Viruses"
    },
    "year": 2019,
    "research_orgs": [
        {
            "id": "grid.261331.4",
            "name": "The Ohio State University",
            "linkout": [
                "http://www.osu.edu/"
            ],
            "country_name": "United States",
            "types": [
                "Education"
            ],
            "latitude": 40.0,
            "acronym": "OSU",
            "state_name": "Ohio",
            "city_name": "Columbus",
            "longitude": -83.0145
        },
        {
            "id": "grid.17635.36",
            "name": "University of Minnesota",
            "linkout": [
                "http://twin-cities.umn.edu/"
            ],
            "country_name": "United States",
            "types": [
                "Education"
            ],
            "latitude": 44.974194,
            "state_name": "Minnesota",
            "city_name": "Minneapolis",
            "longitude": -93.22776
        },
        {
            "id": "grid.34429.38",
            "name": "University of Guelph",
            "linkout": [
                "http://www.uoguelph.ca/"
            ],
            "country_name": "Canada",
            "types": [
                "Education"
            ],
            "latitude": 43.533413,
            "state_name": "Ontario",
            "city_name": "Guelph",
            "longitude": -80.22727
        }
    ],
    "id": "pub.1120143218",
    "references": [
        "pub.1004874772",
        "pub.1032940608",
        "pub.1038333816",
        "pub.1107496797",
        "pub.1010597534",
        "pub.1031425084",
        "pub.1018956194",
        "pub.1025913001",
        "pub.1003616207",
        "pub.1002869211",
        "pub.1052300397",
        "pub.1103284292",
        "pub.1077271213",
        "pub.1026561300",
        "pub.1043131903",
        "pub.1002827438",
        "pub.1077342307",
        "pub.1110524990",
        "pub.1028732098",
        "pub.1037363057",
        "pub.1060361115",
        "pub.1049550003",
        "pub.1034108174",
        "pub.1036902050",
        "pub.1009899431",
        "pub.1084870057",
        "pub.1013221966",
        "pub.1002093572",
        "pub.1092789890",
        "pub.1018281049",
        "pub.1052833736",
        "pub.1007881276",
        "pub.1060361387",
        "pub.1018550117",
        "pub.1052939780",
        "pub.1035691572",
        "pub.1036070805",
        "pub.1014945838",
        "pub.1007256589",
        "pub.1031994049",
        "pub.1022529254",
        "pub.1020269545",
        "pub.1031926148",
        "pub.1111362010",
        "pub.1079159091",
        "pub.1011152175",
        "pub.1042802137",
        "pub.1010816620",
        "pub.1005381213",
        "pub.1083129772",
        "pub.1037029477",
        "pub.1034277451",
        "pub.1057072267"
    ],
    "research_org_country_names": [
        "United States",
        "Canada",
        "Spain"
    ],
    "date": "2019-08-03",
    "research_org_state_codes": [
        {
            "id": "US-MN",
            "name": "Minnesota"
        },
        {
            "id": "US-OH",
            "name": "Ohio"
        },
        {
            "id": "CA-ON",
            "name": "Ontario"
        }
    ],
    "researchers": [
        {
            "id": "ur.010076120763.31",
            "research_orgs": [
                "grid.17635.36",
                "grid.261331.4",
                "grid.34429.38"
            ],
            "last_name": "Arruda",
            "first_name": "Andr\u00e9ia Gon\u00e7alves",
            "orcid_id": [
                "0000-0001-7040-9686"
            ]
        },
        {
            "id": "ur.01244375331.86",
            "research_orgs": [
                "grid.34421.30",
                "grid.4795.f",
                "grid.17635.36",
                "grid.148374.d",
                "grid.418412.a"
            ],
            "last_name": "Sanhueza",
            "first_name": "Juan Manuel",
            "orcid_id": [
                "0000-0003-4320-3839"
            ]
        },
        {
            "id": "ur.01330205235.86",
            "research_orgs": [
                "grid.34421.30",
                "grid.4795.f",
                "grid.17635.36",
                "grid.424716.2",
                "grid.7080.f",
                "grid.418412.a"
            ],
            "last_name": "Vilalta",
            "first_name": "Carles"
        },
        {
            "id": "ur.0767335201.66",
            "research_orgs": [
                "grid.34429.38"
            ],
            "last_name": "Poljak",
            "first_name": "Zvonimir Z"
        },
        {
            "id": "ur.01056223713.61",
            "research_orgs": [
                "grid.17635.36",
                "grid.454470.6",
                "grid.34421.30"
            ],
            "last_name": "Torremorell",
            "first_name": "Montserrat",
            "orcid_id": [
                "0000-0002-9626-6537"
            ]
        },
        {
            "id": "ur.0753360073.86",
            "research_orgs": [
                "grid.17635.36"
            ],
            "last_name": "Alonso",
            "first_name": "Carmen"
        },
        {
            "id": "ur.01331407041.83",
            "research_orgs": [
                "grid.4795.f",
                "grid.418158.1",
                "grid.34421.30",
                "grid.418412.a",
                "grid.214007.0",
                "grid.34429.38",
                "grid.468198.a",
                "grid.17635.36",
                "grid.240871.8"
            ],
            "last_name": "Corzo",
            "first_name": "Cesar Alexander"
        }
    ],
    "type": "article",
    "volume": "11",
    "pmcid": "PMC6723176"
}