{
    "pmid": "30395895",
    "author_affiliations": [
        [
            {
                "first_name": "Wenchao",
                "last_name": "Sun",
                "initials": "",
                "corresponding": "",
                "orcid": "",
                "current_organization_id": "grid.412899.f",
                "researcher_id": "ur.0762006410.63",
                "affiliations": [
                    {
                        "id": "grid.412899.f",
                        "name": "Wenzhou University",
                        "city": "Wenzhou",
                        "city_id": 1791388,
                        "country": "China",
                        "country_code": "CN",
                        "state": null,
                        "state_code": null
                    },
                    {
                        "name": "Guangxi Center for Animal Disease Control and Prevention, Nanning, 530001, China"
                    },
                    {
                        "id": "grid.410740.6",
                        "name": "Academy of Military Medical Sciences",
                        "city": "Beijing",
                        "city_id": 1816670,
                        "country": "China",
                        "country_code": "CN",
                        "state": null,
                        "state_code": null
                    }
                ]
            },
            {
                "first_name": "Hongyun",
                "last_name": "Zhang",
                "initials": "",
                "corresponding": "",
                "orcid": "",
                "current_organization_id": "grid.256609.e",
                "researcher_id": "ur.011256404410.51",
                "affiliations": [
                    {
                        "name": "Yulin Center for Animal Disease Control and Prevention, Yulin 537000, China"
                    },
                    {
                        "id": "grid.20561.30",
                        "name": "South China Agricultural University",
                        "city": "Guangzhou",
                        "city_id": 1809858,
                        "country": "China",
                        "country_code": "CN",
                        "state": null,
                        "state_code": null
                    },
                    {
                        "id": "grid.256609.e",
                        "name": "Guangxi University",
                        "city": "Nanning",
                        "city_id": 1799869,
                        "country": "China",
                        "country_code": "CN",
                        "state": null,
                        "state_code": null
                    }
                ]
            },
            {
                "first_name": "Min",
                "last_name": "Zheng",
                "initials": "",
                "corresponding": true,
                "orcid": "",
                "current_organization_id": "",
                "researcher_id": "ur.01205161045.78",
                "affiliations": [
                    {
                        "name": "Guangxi Center for Animal Disease Control and Prevention, Nanning, 530001, China"
                    }
                ]
            },
            {
                "first_name": "Huihui",
                "last_name": "Cao",
                "initials": "",
                "corresponding": "",
                "orcid": "",
                "current_organization_id": "",
                "researcher_id": "ur.011431034225.48",
                "affiliations": [
                    {
                        "name": "Guangxi Center for Animal Disease Control and Prevention, Nanning, 530001, China"
                    }
                ]
            },
            {
                "first_name": "Huijun",
                "last_name": "Lu",
                "initials": "",
                "corresponding": "",
                "orcid": "",
                "current_organization_id": "grid.410740.6",
                "researcher_id": "ur.01276447554.96",
                "affiliations": [
                    {
                        "id": "grid.410740.6",
                        "name": "Academy of Military Medical Sciences",
                        "city": "Beijing",
                        "city_id": 1816670,
                        "country": "China",
                        "country_code": "CN",
                        "state": null,
                        "state_code": null
                    }
                ]
            },
            {
                "first_name": "Guanyu",
                "last_name": "Zhao",
                "initials": "",
                "corresponding": "",
                "orcid": "",
                "current_organization_id": "grid.410740.6",
                "researcher_id": "ur.016360463567.37",
                "affiliations": [
                    {
                        "id": "grid.410740.6",
                        "name": "Academy of Military Medical Sciences",
                        "city": "Beijing",
                        "city_id": 1816670,
                        "country": "China",
                        "country_code": "CN",
                        "state": null,
                        "state_code": null
                    }
                ]
            },
            {
                "first_name": "Changzhan",
                "last_name": "Xie",
                "initials": "",
                "corresponding": "",
                "orcid": "",
                "current_organization_id": "grid.464353.3",
                "researcher_id": "ur.014170142167.80",
                "affiliations": [
                    {
                        "id": "grid.410740.6",
                        "name": "Academy of Military Medical Sciences",
                        "city": "Beijing",
                        "city_id": 1816670,
                        "country": "China",
                        "country_code": "CN",
                        "state": null,
                        "state_code": null
                    }
                ]
            },
            {
                "first_name": "Liang",
                "last_name": "Cao",
                "initials": "",
                "corresponding": "",
                "orcid": "",
                "current_organization_id": "grid.410740.6",
                "researcher_id": "ur.012452037475.99",
                "affiliations": [
                    {
                        "id": "grid.410740.6",
                        "name": "Academy of Military Medical Sciences",
                        "city": "Beijing",
                        "city_id": 1816670,
                        "country": "China",
                        "country_code": "CN",
                        "state": null,
                        "state_code": null
                    }
                ]
            },
            {
                "first_name": "Xiankai",
                "last_name": "Wei",
                "initials": "",
                "corresponding": "",
                "orcid": "",
                "current_organization_id": "",
                "researcher_id": "ur.013023775225.27",
                "affiliations": [
                    {
                        "name": "Guangxi Center for Animal Disease Control and Prevention, Nanning, 530001, China"
                    }
                ]
            },
            {
                "first_name": "Jingshan",
                "last_name": "Bi",
                "initials": "",
                "corresponding": "",
                "orcid": "",
                "current_organization_id": "",
                "researcher_id": "",
                "affiliations": [
                    {
                        "name": "Guangxi Center for Animal Disease Control and Prevention, Nanning, 530001, China"
                    }
                ]
            },
            {
                "first_name": "Chizhe",
                "last_name": "Yi",
                "initials": "",
                "corresponding": "",
                "orcid": "",
                "current_organization_id": "",
                "researcher_id": "",
                "affiliations": [
                    {
                        "id": "grid.256609.e",
                        "name": "Guangxi University",
                        "city": "Nanning",
                        "city_id": 1799869,
                        "country": "China",
                        "country_code": "CN",
                        "state": null,
                        "state_code": null
                    }
                ]
            },
            {
                "first_name": "Gefen",
                "last_name": "Yin",
                "initials": "",
                "corresponding": "",
                "orcid": "",
                "current_organization_id": "grid.410696.c",
                "researcher_id": "ur.01337637433.52",
                "affiliations": [
                    {
                        "id": "grid.410696.c",
                        "name": "Yunnan Agricultural University",
                        "city": "Kunming",
                        "city_id": 1804651,
                        "country": "China",
                        "country_code": "CN",
                        "state": null,
                        "state_code": null
                    }
                ]
            },
            {
                "first_name": "Ningyi",
                "last_name": "Jin",
                "initials": "",
                "corresponding": "",
                "orcid": "",
                "current_organization_id": "grid.410740.6",
                "researcher_id": "ur.01156724360.14",
                "affiliations": [
                    {
                        "id": "grid.410740.6",
                        "name": "Academy of Military Medical Sciences",
                        "city": "Beijing",
                        "city_id": 1816670,
                        "country": "China",
                        "country_code": "CN",
                        "state": null,
                        "state_code": null
                    }
                ]
            }
        ]
    ],
    "altmetric": 1.0,
    "FOR": [
        {
            "id": "2620",
            "name": "0604 Genetics"
        }
    ],
    "research_org_countries": [
        {
            "id": "CN",
            "name": "China"
        }
    ],
    "title": "The detection of canine circovirus in Guangxi, China",
    "research_org_cities": [
        {
            "id": 1809858,
            "name": "Guangzhou"
        },
        {
            "id": 1804651,
            "name": "Kunming"
        },
        {
            "id": 1785781,
            "name": "Yulin"
        },
        {
            "id": 1791388,
            "name": "Wenzhou"
        },
        {
            "id": 1799869,
            "name": "Nanning"
        },
        {
            "id": 1816670,
            "name": "Beijing"
        }
    ],
    "pages": "85-89",
    "issue": "Vet. Microbiol. 206 2017",
    "doi": "10.1016/j.virusres.2018.10.021",
    "times_cited": 3,
    "journal": {
        "id": "jour.1094916",
        "title": "Virus Research"
    },
    "research_orgs": [
        {
            "id": "grid.410740.6",
            "name": "Academy of Military Medical Sciences",
            "linkout": [
                "http://www.bmi.ac.cn/"
            ],
            "country_name": "China",
            "types": [
                "Facility"
            ],
            "latitude": 39.902016,
            "city_name": "Beijing",
            "longitude": 116.27348
        },
        {
            "id": "grid.410696.c",
            "name": "Yunnan Agricultural University",
            "linkout": [
                "http://www.ynau.edu.cn"
            ],
            "country_name": "China",
            "types": [
                "Education"
            ],
            "latitude": 25.136227,
            "acronym": "YAU",
            "state_name": "Yunnan",
            "city_name": "Kunming",
            "longitude": 102.74551
        },
        {
            "id": "grid.20561.30",
            "name": "South China Agricultural University",
            "linkout": [
                "http://english.scau.edu.cn/scauen/index.asp"
            ],
            "country_name": "China",
            "types": [
                "Education"
            ],
            "latitude": 23.158379,
            "acronym": "SCAU",
            "city_name": "Guangzhou",
            "longitude": 113.3512
        },
        {
            "id": "grid.412899.f",
            "name": "Wenzhou University",
            "linkout": [
                "http://en.wzu.edu.cn/"
            ],
            "country_name": "China",
            "types": [
                "Education"
            ],
            "latitude": 28.007355,
            "acronym": "WZU",
            "city_name": "Wenzhou",
            "longitude": 120.685074
        },
        {
            "id": "grid.256609.e",
            "name": "Guangxi University",
            "linkout": [
                "http://gxue.gxu.edu.cn/"
            ],
            "country_name": "China",
            "types": [
                "Education"
            ],
            "latitude": 22.838732,
            "acronym": "GXU",
            "state_name": "Guangxi",
            "city_name": "Nanning",
            "longitude": 108.28996
        }
    ],
    "year": 2019,
    "references": [
        "pub.1062714402",
        "pub.1036419535",
        "pub.1032534250",
        "pub.1051130570",
        "pub.1084225815",
        "pub.1004176421",
        "pub.1103889316",
        "pub.1000425199",
        "pub.1051197887",
        "pub.1042701959",
        "pub.1005898977",
        "pub.1000038904",
        "pub.1042714124",
        "pub.1052535109",
        "pub.1050214989",
        "pub.1038282966",
        "pub.1018188724",
        "pub.1034021905",
        "pub.1084820981",
        "pub.1003982458",
        "pub.1045525841",
        "pub.1036085224",
        "pub.1029395087",
        "pub.1083859284",
        "pub.1046460180",
        "pub.1049945819"
    ],
    "id": "pub.1107983433",
    "research_org_country_names": [
        "China"
    ],
    "date": "2019-01-01",
    "researchers": [
        {
            "id": "ur.0762006410.63",
            "research_orgs": [
                "grid.412899.f",
                "grid.256609.e",
                "grid.410740.6",
                "grid.464353.3"
            ],
            "last_name": "Sun",
            "first_name": "Wen Chao"
        },
        {
            "id": "ur.011256404410.51",
            "research_orgs": [
                "grid.20561.30",
                "grid.256609.e"
            ],
            "last_name": "Zhang",
            "first_name": "Hongyun"
        },
        {
            "id": "ur.01205161045.78",
            "research_orgs": [
                "grid.410740.6",
                "grid.64924.3d",
                "grid.256609.e"
            ],
            "last_name": "Zheng",
            "first_name": "Min"
        },
        {
            "id": "ur.011431034225.48",
            "research_orgs": [
                "grid.410740.6",
                "grid.256609.e"
            ],
            "last_name": "Cao",
            "first_name": "Huihui"
        },
        {
            "id": "ur.01276447554.96",
            "research_orgs": [
                "grid.410740.6",
                "grid.412899.f",
                "grid.13402.34",
                "grid.12527.33",
                "grid.440752.0",
                "grid.268415.c",
                "grid.64924.3d",
                "grid.4714.6"
            ],
            "last_name": "Lu",
            "first_name": "Hui-Jun"
        },
        {
            "id": "ur.016360463567.37",
            "research_orgs": [
                "grid.410740.6",
                "grid.22935.3f",
                "grid.64924.3d"
            ],
            "last_name": "Zhao",
            "first_name": "Guanyu"
        },
        {
            "id": "ur.014170142167.80",
            "research_orgs": [
                "grid.410740.6",
                "grid.464353.3"
            ],
            "last_name": "Xie",
            "first_name": "Chang-Zhan"
        },
        {
            "id": "ur.012452037475.99",
            "research_orgs": [
                "grid.410740.6",
                "grid.464353.3"
            ],
            "last_name": "Cao",
            "first_name": "Liang"
        },
        {
            "id": "ur.013023775225.27",
            "research_orgs": [
                "grid.410740.6",
                "grid.256609.e"
            ],
            "last_name": "Wei",
            "first_name": "Xiankai"
        },
        {
            "id": "ur.01337637433.52",
            "research_orgs": [
                "grid.410696.c",
                "grid.410740.6"
            ],
            "last_name": "Yin",
            "first_name": "Ge-Fen"
        },
        {
            "id": "ur.01156724360.14",
            "research_orgs": [
                "grid.256609.e",
                "grid.64924.3d",
                "grid.440218.b",
                "grid.464353.3",
                "grid.440665.5",
                "grid.440752.0",
                "grid.412899.f",
                "grid.410740.6",
                "grid.268415.c",
                "grid.412243.2"
            ],
            "last_name": "Jin",
            "first_name": "Ning-Yi"
        }
    ],
    "type": "article",
    "volume": "259"
}