{
    "volume": "29",
    "date": "1999-01-01",
    "title": "Pulmonary surfactant protein A binds to Cryptococcus neoformans without promoting phagocytosis",
    "researchers": [
        {
            "id": "ur.0662621112.57",
            "last_name": "Walenkamp",
            "first_name": "Annemiek M E",
            "orcid_id": [
                "0000-0003-4958-8960"
            ],
            "research_orgs": [
                "grid.7692.a",
                "grid.4494.d",
                "grid.440209.b",
                "grid.5645.2",
                "grid.10417.33",
                "grid.4830.f"
            ]
        },
        {
            "id": "ur.014631721513.57",
            "last_name": "Verheul",
            "research_orgs": [
                "grid.7692.a"
            ]
        },
        {
            "id": "ur.01334135712.15",
            "last_name": "Scharringa",
            "first_name": "Jelle",
            "research_orgs": [
                "grid.7692.a"
            ]
        },
        {
            "id": "ur.0703402553.49",
            "last_name": "Hoepelman",
            "research_orgs": [
                "grid.7692.a"
            ]
        }
    ],
    "pages": "83-92",
    "research_org_cities": [
        {
            "id": 2745912,
            "name": "Utrecht"
        }
    ],
    "research_org_countries": [
        {
            "id": "NL",
            "name": "Netherlands"
        }
    ],
    "doi": "10.1046/j.1365-2362.1999.00429.x",
    "FOR": [
        {
            "id": "2581",
            "name": "0601 Biochemistry and Cell Biology"
        }
    ],
    "times_cited": 25,
    "research_orgs": [
        {
            "id": "grid.7692.a",
            "acronym": "UMC",
            "state_name": "Utrecht",
            "types": [
                "Healthcare"
            ],
            "longitude": 5.179722,
            "linkout": [
                "http://www.umcutrecht.nl/nl/"
            ],
            "latitude": 52.08861,
            "name": "University Medical Center Utrecht",
            "city_name": "Utrecht",
            "country_name": "Netherlands"
        }
    ],
    "pmid": "10092994",
    "research_org_country_names": [
        "Netherlands"
    ],
    "id": "pub.1044625834",
    "issue": "1",
    "journal": {
        "id": "jour.1013580",
        "title": "European Journal of Clinical Investigation"
    },
    "year": 1999,
    "references": [
        "pub.1003174196",
        "pub.1014972930",
        "pub.1059698107",
        "pub.1079166156",
        "pub.1083148284",
        "pub.1049285421",
        "pub.1075654621",
        "pub.1079410350",
        "pub.1028371132",
        "pub.1082899597",
        "pub.1050119451",
        "pub.1079198620",
        "pub.1059703633",
        "pub.1082446542",
        "pub.1079795170",
        "pub.1006651839",
        "pub.1053591020",
        "pub.1082622459",
        "pub.1007821202",
        "pub.1082427359",
        "pub.1029275013",
        "pub.1082865411",
        "pub.1079686208",
        "pub.1082615893",
        "pub.1082683622",
        "pub.1013124782",
        "pub.1059705345",
        "pub.1082592212",
        "pub.1058311168",
        "pub.1083121231",
        "pub.1077213522"
    ],
    "relative_citation_ratio": 0.58,
    "author_affiliations": [
        [
            {
                "first_name": "",
                "last_name": "Walenkamp",
                "initials": "",
                "corresponding": "",
                "orcid": "['0000-0003-4958-8960']",
                "current_organization_id": "grid.4494.d",
                "researcher_id": "ur.0662621112.57",
                "affiliations": [
                    {
                        "id": "grid.7692.a",
                        "name": "University Medical Center Utrecht",
                        "city": "Utrecht",
                        "city_id": 2745912,
                        "country": "Netherlands",
                        "country_code": "NL",
                        "state": null,
                        "state_code": null
                    }
                ]
            },
            {
                "first_name": "",
                "last_name": "Verheul",
                "initials": "",
                "corresponding": "",
                "orcid": "",
                "current_organization_id": "grid.7692.a",
                "researcher_id": "ur.014631721513.57",
                "affiliations": [
                    {
                        "id": "grid.7692.a",
                        "name": "University Medical Center Utrecht",
                        "city": "Utrecht",
                        "city_id": 2745912,
                        "country": "Netherlands",
                        "country_code": "NL",
                        "state": null,
                        "state_code": null
                    }
                ]
            },
            {
                "first_name": "",
                "last_name": "Scharringa",
                "initials": "",
                "corresponding": "",
                "orcid": "",
                "current_organization_id": "grid.7692.a",
                "researcher_id": "ur.01334135712.15",
                "affiliations": [
                    {
                        "id": "grid.7692.a",
                        "name": "University Medical Center Utrecht",
                        "city": "Utrecht",
                        "city_id": 2745912,
                        "country": "Netherlands",
                        "country_code": "NL",
                        "state": null,
                        "state_code": null
                    }
                ]
            },
            {
                "first_name": "",
                "last_name": "Hoepelman",
                "initials": "",
                "corresponding": "",
                "orcid": "",
                "current_organization_id": "grid.7692.a",
                "researcher_id": "ur.0703402553.49",
                "affiliations": [
                    {
                        "id": "grid.7692.a",
                        "name": "University Medical Center Utrecht",
                        "city": "Utrecht",
                        "city_id": 2745912,
                        "country": "Netherlands",
                        "country_code": "NL",
                        "state": null,
                        "state_code": null
                    }
                ]
            }
        ]
    ],
    "type": "article"
}