{
    "volume": "47",
    "date": "2003-07-01",
    "title": "Establishment of Persistent Avian Infectious Bronchitis Virus Infection in Antibody-Free and Antibody-Positive Chickens",
    "researchers": [
        {
            "id": "ur.0673304560.93",
            "last_name": "Naqi",
            "first_name": "Syed A",
            "research_orgs": [
                "grid.5386.8"
            ]
        },
        {
            "id": "ur.0757232344.50",
            "last_name": "Gay",
            "first_name": "Kathryn",
            "research_orgs": [
                "grid.189967.8"
            ]
        },
        {
            "id": "ur.01025345544.47",
            "last_name": "Patalla",
            "first_name": "Prasad",
            "research_orgs": [
                "grid.5386.8"
            ]
        },
        {
            "id": "ur.01276546613.34",
            "last_name": "Mondal",
            "first_name": "Shankar P",
            "research_orgs": [
                "grid.17635.36",
                "grid.5386.8",
                "grid.266539.d",
                "grid.27860.3b"
            ]
        },
        {
            "id": "ur.01215137466.07",
            "last_name": "Liu",
            "first_name": "Run Zhong",
            "research_orgs": [
                "grid.5386.8",
                "grid.12955.3a",
                "grid.12981.33"
            ]
        }
    ],
    "research_org_state_codes": [
        {
            "id": "US-NY",
            "name": "New York"
        },
        {
            "id": "US-GA",
            "name": "Georgia"
        }
    ],
    "pages": "594-601",
    "research_org_cities": [
        {
            "id": 5122432,
            "name": "Ithaca"
        },
        {
            "id": 4180439,
            "name": "Atlanta"
        }
    ],
    "research_org_countries": [
        {
            "id": "US",
            "name": "United States"
        }
    ],
    "doi": "10.1637/6087",
    "FOR": [
        {
            "id": "3114",
            "name": "1108 Medical Microbiology"
        }
    ],
    "times_cited": 30,
    "research_orgs": [
        {
            "id": "grid.189967.8",
            "state_name": "Georgia",
            "types": [
                "Education"
            ],
            "longitude": -84.32401,
            "linkout": [
                "http://www.emory.edu/home/index.html"
            ],
            "latitude": 33.792786,
            "name": "Emory University",
            "city_name": "Atlanta",
            "country_name": "United States"
        },
        {
            "id": "grid.5386.8",
            "acronym": "CU",
            "state_name": "New York",
            "types": [
                "Education"
            ],
            "longitude": -76.47862,
            "linkout": [
                "http://www.cornell.edu/"
            ],
            "latitude": 42.44851,
            "name": "Cornell University",
            "city_name": "Ithaca",
            "country_name": "United States"
        }
    ],
    "pmid": "14562886",
    "research_org_country_names": [
        "United States"
    ],
    "id": "pub.1004386069",
    "issue": "3",
    "journal": {
        "id": "jour.1017072",
        "title": "Avian Diseases"
    },
    "year": 2003,
    "references": [
        "pub.1027910225",
        "pub.1083592874",
        "pub.1030966738",
        "pub.1062828926",
        "pub.1069558803",
        "pub.1005670521",
        "pub.1069557711",
        "pub.1083152744",
        "pub.1007339602",
        "pub.1031545575",
        "pub.1044576827",
        "pub.1048039489",
        "pub.1083057299",
        "pub.1052433770",
        "pub.1033300850",
        "pub.1081678408",
        "pub.1069557710",
        "pub.1060356111",
        "pub.1080435726",
        "pub.1009855509",
        "pub.1004698201",
        "pub.1081289803",
        "pub.1069559211",
        "pub.1069558712",
        "pub.1081665752",
        "pub.1078146752"
    ],
    "relative_citation_ratio": 0.92,
    "research_org_state_names": [
        "Georgia",
        "New York"
    ],
    "author_affiliations": [
        [
            {
                "first_name": "Syed",
                "last_name": "Naqi",
                "initials": "",
                "corresponding": "",
                "orcid": "",
                "current_organization_id": "grid.5386.8",
                "researcher_id": "ur.0673304560.93",
                "affiliations": [
                    {
                        "id": "grid.5386.8",
                        "name": "Cornell University",
                        "city": "Ithaca",
                        "city_id": 5122432,
                        "country": "United States",
                        "country_code": "US",
                        "state": "New York",
                        "state_code": "US-NY"
                    }
                ]
            },
            {
                "first_name": "Kathryn",
                "last_name": "Gay",
                "initials": "",
                "corresponding": "",
                "orcid": "",
                "current_organization_id": "grid.189967.8",
                "researcher_id": "ur.0757232344.50",
                "affiliations": [
                    {
                        "id": "grid.189967.8",
                        "name": "Emory University",
                        "city": "Atlanta",
                        "city_id": 4180439,
                        "country": "United States",
                        "country_code": "US",
                        "state": "Georgia",
                        "state_code": "US-GA"
                    }
                ]
            },
            {
                "first_name": "Prasad",
                "last_name": "Patalla",
                "initials": "",
                "corresponding": "",
                "orcid": "",
                "current_organization_id": "grid.5386.8",
                "researcher_id": "ur.01025345544.47",
                "affiliations": [
                    {
                        "id": "grid.5386.8",
                        "name": "Cornell University",
                        "city": "Ithaca",
                        "city_id": 5122432,
                        "country": "United States",
                        "country_code": "US",
                        "state": "New York",
                        "state_code": "US-NY"
                    }
                ]
            },
            {
                "first_name": "Shankar",
                "last_name": "Mondal",
                "initials": "",
                "corresponding": "",
                "orcid": "",
                "current_organization_id": "grid.266539.d",
                "researcher_id": "ur.01276546613.34",
                "affiliations": [
                    {
                        "id": "grid.5386.8",
                        "name": "Cornell University",
                        "city": "Ithaca",
                        "city_id": 5122432,
                        "country": "United States",
                        "country_code": "US",
                        "state": "New York",
                        "state_code": "US-NY"
                    }
                ]
            },
            {
                "first_name": "Runzhong",
                "last_name": "Liu",
                "initials": "",
                "corresponding": "",
                "orcid": "",
                "current_organization_id": "grid.12981.33",
                "researcher_id": "ur.01215137466.07",
                "affiliations": [
                    {
                        "id": "grid.5386.8",
                        "name": "Cornell University",
                        "city": "Ithaca",
                        "city_id": 5122432,
                        "country": "United States",
                        "country_code": "US",
                        "state": "New York",
                        "state_code": "US-NY"
                    }
                ]
            }
        ]
    ],
    "type": "article"
}