{
    "research_orgs": [
        {
            "id": "grid.213876.9",
            "linkout": [
                "http://www.uga.edu/"
            ],
            "city_name": "Athens",
            "longitude": -83.37734,
            "acronym": "UGA",
            "state_name": "Georgia",
            "latitude": 33.948273,
            "name": "University of Georgia",
            "types": [
                "Education"
            ],
            "country_name": "United States"
        }
    ],
    "research_org_country_names": [
        "United States"
    ],
    "pmid": "8561755",
    "title": "Combined adenovirus and rotavirus enteritis with Escherichia coli septicemia in an emu chick (Dromaius novaehollandiae).",
    "type": "article",
    "year": 1995,
    "journal": {
        "id": "jour.1017072",
        "title": "Avian Diseases"
    },
    "researchers": [
        {
            "id": "ur.01356712200.31",
            "research_orgs": [
                "grid.26790.3a",
                "grid.213876.9",
                "grid.64337.35"
            ],
            "first_name": "Murray Elison",
            "last_name": "Hines"
        },
        {
            "id": "ur.0775453306.58",
            "research_orgs": [
                "grid.213876.9",
                "grid.417548.b"
            ],
            "first_name": "Eloise L",
            "last_name": "Styer"
        },
        {
            "id": "ur.01005222020.54",
            "research_orgs": [
                "grid.213876.9"
            ],
            "first_name": "Charles A",
            "last_name": "Baldwin"
        },
        {
            "id": "ur.01277415720.16",
            "research_orgs": [
                "grid.213876.9"
            ],
            "first_name": "John R",
            "last_name": "Cole"
        }
    ],
    "FOR": [
        {
            "id": "3114",
            "name": "1108 Medical Microbiology"
        }
    ],
    "research_org_countries": [
        {
            "id": "US",
            "name": "United States"
        }
    ],
    "date": "1995-07-01",
    "pages": "646-51",
    "research_org_state_names": [
        "Georgia"
    ],
    "id": "pub.1069558132",
    "research_org_state_codes": [
        {
            "id": "US-GA",
            "name": "Georgia"
        }
    ],
    "volume": "39",
    "issue": "3",
    "research_org_cities": [
        {
            "id": 4180386,
            "name": "Athens"
        }
    ],
    "author_affiliations": [
        [
            {
                "first_name": "M E",
                "last_name": "Hines",
                "initials": "",
                "corresponding": "",
                "orcid": "",
                "current_organization_id": "grid.213876.9",
                "researcher_id": "ur.01356712200.31",
                "affiliations": [
                    {
                        "id": "grid.213876.9",
                        "name": "University of Georgia",
                        "city": "Athens",
                        "city_id": 4180386,
                        "country": "United States",
                        "country_code": "US",
                        "state": "Georgia",
                        "state_code": "US-GA"
                    }
                ]
            },
            {
                "first_name": "E L",
                "last_name": "Styer",
                "initials": "",
                "corresponding": "",
                "orcid": "",
                "current_organization_id": "grid.213876.9",
                "researcher_id": "ur.0775453306.58",
                "affiliations": []
            },
            {
                "first_name": "C A",
                "last_name": "Baldwin",
                "initials": "",
                "corresponding": "",
                "orcid": "",
                "current_organization_id": "grid.213876.9",
                "researcher_id": "ur.01005222020.54",
                "affiliations": []
            },
            {
                "first_name": "J R",
                "last_name": "Cole",
                "initials": "",
                "corresponding": "",
                "orcid": "",
                "current_organization_id": "grid.213876.9",
                "researcher_id": "ur.01277415720.16",
                "affiliations": []
            }
        ]
    ],
    "doi": "10.2307/1591823",
    "times_cited": 9,
    "relative_citation_ratio": 0.32
}