{
    "author_affiliations": [
        [
            {
                "first_name": "N.P.",
                "last_name": "Gao",
                "initials": "",
                "corresponding": "",
                "orcid": "",
                "current_organization_id": "grid.24516.34",
                "researcher_id": "ur.013276775032.90",
                "affiliations": [
                    {
                        "id": "grid.16890.36",
                        "name": "Hong Kong Polytechnic University",
                        "city": "Hong Kong",
                        "city_id": 1819729,
                        "country": "China",
                        "country_code": "CN",
                        "state": null,
                        "state_code": null
                    }
                ]
            },
            {
                "first_name": "J.L.",
                "last_name": "Niu",
                "initials": "",
                "corresponding": true,
                "orcid": "['0000-0002-1176-9179']",
                "current_organization_id": "grid.1013.3",
                "researcher_id": "ur.012667307057.50",
                "affiliations": [
                    {
                        "id": "grid.16890.36",
                        "name": "Hong Kong Polytechnic University",
                        "city": "Hong Kong",
                        "city_id": 1819729,
                        "country": "China",
                        "country_code": "CN",
                        "state": null,
                        "state_code": null
                    }
                ]
            },
            {
                "first_name": "M.",
                "last_name": "Perino",
                "initials": "",
                "corresponding": "",
                "orcid": "['0000-0003-0909-8262']",
                "current_organization_id": "grid.4800.c",
                "researcher_id": "ur.013346720517.48",
                "affiliations": [
                    {
                        "id": "grid.4800.c",
                        "name": "Polytechnic University of Turin",
                        "city": "Turin",
                        "city_id": 3165524,
                        "country": "Italy",
                        "country_code": "IT",
                        "state": null,
                        "state_code": null
                    }
                ]
            },
            {
                "first_name": "P.",
                "last_name": "Heiselberg",
                "initials": "",
                "corresponding": "",
                "orcid": "['0000-0002-1600-9603']",
                "current_organization_id": "grid.5117.2",
                "researcher_id": "ur.014653255157.02",
                "affiliations": [
                    {
                        "id": "grid.5117.2",
                        "name": "Aalborg University",
                        "city": "Aalborg",
                        "city_id": 2624886,
                        "country": "Denmark",
                        "country_code": "DK",
                        "state": null,
                        "state_code": null
                    }
                ]
            }
        ]
    ],
    "FOR": [
        {
            "id": "2953",
            "name": "0915 Interdisciplinary Engineering"
        }
    ],
    "research_org_countries": [
        {
            "id": "DK",
            "name": "Denmark"
        },
        {
            "id": "CN",
            "name": "China"
        },
        {
            "id": "IT",
            "name": "Italy"
        }
    ],
    "title": "The airborne transmission of infection between flats in high-rise residential buildings: Particle simulation",
    "research_org_cities": [
        {
            "id": 1819729,
            "name": "Hong Kong"
        },
        {
            "id": 3165524,
            "name": "Turin"
        },
        {
            "id": 2624886,
            "name": "Aalborg"
        }
    ],
    "pages": "402-410",
    "issue": "2",
    "doi": "10.1016/j.buildenv.2008.03.016",
    "times_cited": 42,
    "journal": {
        "id": "jour.1045304",
        "title": "Building and Environment"
    },
    "year": 2009,
    "research_orgs": [
        {
            "id": "grid.4800.c",
            "name": "Polytechnic University of Turin",
            "linkout": [
                "http://www.polito.it/"
            ],
            "country_name": "Italy",
            "types": [
                "Education"
            ],
            "latitude": 45.063095,
            "state_name": "Piemonte",
            "city_name": "Turin",
            "longitude": 7.661075
        },
        {
            "id": "grid.16890.36",
            "name": "Hong Kong Polytechnic University",
            "linkout": [
                "http://www.polyu.edu.hk/web/en/home/index.html"
            ],
            "country_name": "China",
            "types": [
                "Education"
            ],
            "latitude": 22.304888,
            "acronym": "HKPU",
            "city_name": "Hong Kong",
            "longitude": 114.179184
        },
        {
            "id": "grid.5117.2",
            "name": "Aalborg University",
            "linkout": [
                "http://www.en.aau.dk/"
            ],
            "country_name": "Denmark",
            "types": [
                "Education"
            ],
            "latitude": 57.01457,
            "acronym": "AAU",
            "city_name": "Aalborg",
            "longitude": 9.981864
        }
    ],
    "id": "pub.1035536135",
    "references": [
        "pub.1030680632",
        "pub.1016990889",
        "pub.1035840231",
        "pub.1023313014",
        "pub.1037818027",
        "pub.1017212571",
        "pub.1031915869",
        "pub.1040759196",
        "pub.1010985013",
        "pub.1031425084",
        "pub.1035550121",
        "pub.1044216752",
        "pub.1030298697",
        "pub.1007635590",
        "pub.1002917245",
        "pub.1026683942",
        "pub.1014156743",
        "pub.1045407073",
        "pub.1058121213",
        "pub.1004484646",
        "pub.1027430538",
        "pub.1037328370",
        "pub.1054795940",
        "pub.1024362485",
        "pub.1039085133",
        "pub.1025969922",
        "pub.1048647600",
        "pub.1047730692",
        "pub.1005098632",
        "pub.1010897572",
        "pub.1050708875",
        "pub.1024084834",
        "pub.1049320616"
    ],
    "research_org_country_names": [
        "Italy",
        "China",
        "Denmark"
    ],
    "date": "2009-02-01",
    "researchers": [
        {
            "id": "ur.013276775032.90",
            "research_orgs": [
                "grid.16890.36",
                "grid.24516.34"
            ],
            "last_name": "Gao",
            "first_name": "Nai-Ping"
        },
        {
            "id": "ur.012667307057.50",
            "research_orgs": [
                "grid.16890.36",
                "grid.5292.c",
                "grid.1013.3",
                "grid.440623.7"
            ],
            "last_name": "Niu",
            "first_name": "Jian-Lei",
            "orcid_id": [
                "0000-0002-1176-9179"
            ]
        },
        {
            "id": "ur.013346720517.48",
            "research_orgs": [
                "grid.21003.30",
                "grid.4800.c"
            ],
            "last_name": "Perino",
            "first_name": "Marco",
            "orcid_id": [
                "0000-0003-0909-8262"
            ]
        },
        {
            "id": "ur.014653255157.02",
            "research_orgs": [
                "grid.6988.f",
                "grid.5117.2"
            ],
            "last_name": "Heiselberg",
            "first_name": "Per Kvols",
            "orcid_id": [
                "0000-0002-1600-9603"
            ]
        }
    ],
    "type": "article",
    "volume": "44"
}