{
    "volume": "37",
    "date": "2013-05-01",
    "title": "The future is now: single\u2010cell genomics of bacteria and archaea",
    "researchers": [
        {
            "id": "ur.0746630327.45",
            "last_name": "Blainey",
            "first_name": "Paul Clark",
            "orcid_id": [
                "0000-0002-4889-8783"
            ],
            "research_orgs": [
                "grid.38142.3c",
                "grid.66859.34",
                "grid.168010.e",
                "grid.116068.8"
            ]
        }
    ],
    "pmcid": "PMC3878092",
    "research_org_state_codes": [
        {
            "id": "US-MA",
            "name": "Massachusetts"
        }
    ],
    "altmetric": 27.0,
    "pages": "407-427",
    "research_org_cities": [
        {
            "id": 4931972,
            "name": "Cambridge"
        }
    ],
    "open_access": [
        "Open Access - all",
        "Open Access - publisher",
        "Open Access - published"
    ],
    "research_org_countries": [
        {
            "id": "US",
            "name": "United States"
        }
    ],
    "doi": "10.1111/1574-6976.12015",
    "FOR": [
        {
            "id": "2620",
            "name": "0604 Genetics"
        },
        {
            "id": "2634",
            "name": "0605 Microbiology"
        }
    ],
    "research_orgs": [
        {
            "id": "grid.66859.34",
            "state_name": "Massachusetts",
            "types": [
                "Nonprofit"
            ],
            "longitude": -71.08703,
            "linkout": [
                "http://www.broadinstitute.org/"
            ],
            "latitude": 42.36789,
            "name": "Broad Institute",
            "city_name": "Cambridge",
            "country_name": "United States"
        },
        {
            "id": "grid.116068.8",
            "acronym": "MIT",
            "state_name": "Massachusetts",
            "types": [
                "Education"
            ],
            "longitude": -71.09211,
            "linkout": [
                "http://web.mit.edu/"
            ],
            "latitude": 42.35982,
            "name": "Massachusetts Institute of Technology",
            "city_name": "Cambridge",
            "country_name": "United States"
        }
    ],
    "times_cited": 184,
    "pmid": "23298390",
    "funders": [
        {
            "id": "grid.280128.1",
            "acronym": "NHGRI",
            "state_name": "Maryland",
            "types": [
                "Facility"
            ],
            "longitude": -77.09693,
            "linkout": [
                "https://www.genome.gov/"
            ],
            "latitude": 38.996967,
            "name": "National Human Genome Research Institute",
            "city_name": "Bethesda",
            "country_name": "United States"
        },
        {
            "id": "grid.467489.0",
            "state_name": "Georgia",
            "types": [
                "Company"
            ],
            "longitude": -84.46675,
            "linkout": [
                "http://www.interface.com/US/en-US/global"
            ],
            "latitude": 33.865303,
            "name": "Interface (United States)",
            "city_name": "Atlanta",
            "country_name": "United States"
        },
        {
            "id": "grid.427464.7",
            "acronym": "BWF",
            "state_name": "North Carolina",
            "types": [
                "Nonprofit"
            ],
            "longitude": -78.87095,
            "linkout": [
                "http://www.bwfund.org/"
            ],
            "latitude": 35.922787,
            "name": "Burroughs Wellcome Fund",
            "city_name": "Durham",
            "country_name": "United States"
        }
    ],
    "research_org_country_names": [
        "United States"
    ],
    "id": "pub.1047563263",
    "issue": "3",
    "journal": {
        "id": "jour.1098944",
        "title": "FEMS Microbiology Reviews"
    },
    "year": 2013,
    "references": [
        "pub.1059246094",
        "pub.1060381151",
        "pub.1052880912",
        "pub.1025265110",
        "pub.1038456574",
        "pub.1009786990",
        "pub.1051670124",
        "pub.1078935710",
        "pub.1028890743",
        "pub.1049237903",
        "pub.1005554229",
        "pub.1007241673",
        "pub.1052530778",
        "pub.1020835091",
        "pub.1067587739",
        "pub.1004408222",
        "pub.1062553939",
        "pub.1007949361",
        "pub.1014220766",
        "pub.1023765266",
        "pub.1050671478",
        "pub.1049757876",
        "pub.1001911032",
        "pub.1035846456",
        "pub.1042072026",
        "pub.1052385246",
        "pub.1017456701",
        "pub.1015572439",
        "pub.1065211118",
        "pub.1013116538",
        "pub.1053013589",
        "pub.1014147708",
        "pub.1039691024",
        "pub.1023433900",
        "pub.1038893956",
        "pub.1007128446",
        "pub.1015272608",
        "pub.1036019264",
        "pub.1021826638",
        "pub.1020406938",
        "pub.1025026743",
        "pub.1032729999",
        "pub.1044672311",
        "pub.1047616910",
        "pub.1015239997",
        "pub.1049462017",
        "pub.1009547268",
        "pub.1012677419",
        "pub.1082727440",
        "pub.1031074117",
        "pub.1027625508",
        "pub.1030772154",
        "pub.1033784968",
        "pub.1062619951",
        "pub.1050798656",
        "pub.1009285468",
        "pub.1022325775",
        "pub.1032186218",
        "pub.1024097503",
        "pub.1015642308",
        "pub.1046102385",
        "pub.1037896124",
        "pub.1013335891",
        "pub.1051755731",
        "pub.1059246085",
        "pub.1022555745",
        "pub.1045093529",
        "pub.1039720302",
        "pub.1049472989",
        "pub.1034910963",
        "pub.1019765868",
        "pub.1034927366",
        "pub.1071156635",
        "pub.1046985373",
        "pub.1014122284",
        "pub.1025355146",
        "pub.1018193610",
        "pub.1044724557",
        "pub.1028096673",
        "pub.1046319596",
        "pub.1016720535",
        "pub.1069097141",
        "pub.1019582904",
        "pub.1022863498",
        "pub.1030672094",
        "pub.1016402246",
        "pub.1009499589",
        "pub.1062464332",
        "pub.1042448074",
        "pub.1053256988",
        "pub.1044126939",
        "pub.1008887943",
        "pub.1044188078",
        "pub.1013394288",
        "pub.1047202519",
        "pub.1011302166",
        "pub.1035460900",
        "pub.1025915938",
        "pub.1018540008",
        "pub.1032363998",
        "pub.1042201713",
        "pub.1025089276",
        "pub.1026067241",
        "pub.1094524161",
        "pub.1008531470",
        "pub.1021474711",
        "pub.1034167525",
        "pub.1007221108",
        "pub.1035963432",
        "pub.1076298238",
        "pub.1024623119",
        "pub.1012710769",
        "pub.1038796191",
        "pub.1000289095",
        "pub.1049662628",
        "pub.1062449306",
        "pub.1022551715",
        "pub.1053013661",
        "pub.1060822996",
        "pub.1010533647",
        "pub.1005131637",
        "pub.1024349120",
        "pub.1026008671",
        "pub.1058871973",
        "pub.1044684962",
        "pub.1027272213",
        "pub.1007846504",
        "pub.1062647490",
        "pub.1009693577",
        "pub.1013886837",
        "pub.1011324081",
        "pub.1062465944",
        "pub.1033448019",
        "pub.1023089166",
        "pub.1007722722",
        "pub.1062725511",
        "pub.1019899672",
        "pub.1047011809",
        "pub.1020062045",
        "pub.1003402206",
        "pub.1040954657",
        "pub.1031295600",
        "pub.1045286538",
        "pub.1029029717",
        "pub.1009027098",
        "pub.1083169940",
        "pub.1046158343",
        "pub.1025397815",
        "pub.1033273378",
        "pub.1050557813"
    ],
    "relative_citation_ratio": 5.64,
    "research_org_state_names": [
        "Massachusetts"
    ],
    "author_affiliations": [
        [
            {
                "first_name": "Paul C.",
                "last_name": "Blainey",
                "initials": "",
                "corresponding": "",
                "orcid": "['0000-0002-4889-8783']",
                "current_organization_id": "grid.116068.8",
                "researcher_id": "ur.0746630327.45",
                "affiliations": [
                    {
                        "id": "grid.66859.34",
                        "name": "Broad Institute",
                        "city": "Cambridge",
                        "city_id": 4931972,
                        "country": "United States",
                        "country_code": "US",
                        "state": "Massachusetts",
                        "state_code": "US-MA"
                    },
                    {
                        "id": "grid.116068.8",
                        "name": "Massachusetts Institute of Technology",
                        "city": "Cambridge",
                        "city_id": 4931972,
                        "country": "United States",
                        "country_code": "US",
                        "state": "Massachusetts",
                        "state_code": "US-MA"
                    }
                ]
            }
        ]
    ],
    "type": "article"
}