{
    "volume": "111",
    "date": "2014-04-01",
    "title": "Rapid generation of a mouse model for Middle East respiratory syndrome",
    "researchers": [
        {
            "id": "ur.01072360377.18",
            "last_name": "Zhao",
            "first_name": "Jincun",
            "research_orgs": [
                "grid.413419.a",
                "grid.470124.4",
                "grid.214572.7",
                "grid.410737.6",
                "grid.470066.3",
                "grid.194645.b",
                "grid.12527.33",
                "grid.412595.e"
            ]
        },
        {
            "id": "ur.0726531010.46",
            "last_name": "Li",
            "first_name": "Kun",
            "research_orgs": [
                "grid.214572.7"
            ]
        },
        {
            "id": "ur.0621105420.32",
            "last_name": "Wohlford-Lenane",
            "first_name": "Christine L",
            "research_orgs": [
                "grid.214572.7",
                "grid.417768.b"
            ]
        },
        {
            "id": "ur.01034702217.17",
            "last_name": "Agnihothram",
            "first_name": "Sudhakar S",
            "research_orgs": [
                "grid.10698.36",
                "grid.410711.2",
                "grid.417587.8",
                "grid.483504.e",
                "grid.253613.0"
            ]
        },
        {
            "id": "ur.01252732372.45",
            "last_name": "Fett",
            "first_name": "Craig A",
            "research_orgs": [
                "grid.214572.7",
                "grid.10698.36"
            ]
        },
        {
            "id": "ur.01156455340.00",
            "last_name": "Zhao",
            "first_name": "Jing-Xian",
            "research_orgs": [
                "grid.412595.e",
                "grid.470124.4",
                "grid.214572.7",
                "grid.258164.c",
                "grid.410737.6"
            ]
        },
        {
            "id": "ur.010040370457.57",
            "last_name": "Gale",
            "first_name": "Michael J",
            "orcid_id": [
                "0000-0002-6332-7436"
            ],
            "research_orgs": [
                "grid.412016.0",
                "grid.136593.b",
                "grid.267313.2",
                "grid.4367.6",
                "grid.416214.4",
                "grid.34477.33",
                "grid.1003.2",
                "grid.270240.3",
                "grid.412623.0"
            ]
        },
        {
            "id": "ur.016314333017.37",
            "last_name": "Baric",
            "first_name": "Ralph Steven",
            "orcid_id": [
                "0000-0001-6827-8701"
            ],
            "research_orgs": [
                "grid.239552.a",
                "grid.410711.2",
                "grid.267309.9",
                "grid.483504.e",
                "grid.418309.7",
                "grid.5288.7",
                "grid.419260.8",
                "grid.189967.8",
                "grid.152326.1",
                "grid.10698.36",
                "grid.417924.d",
                "grid.25879.31",
                "grid.42505.36",
                "grid.34477.33",
                "grid.40803.3f",
                "grid.451303.0",
                "grid.83440.3b"
            ]
        },
        {
            "id": "ur.01135715410.45",
            "last_name": "Enjuanes",
            "first_name": "Luis",
            "orcid_id": [
                "0000-0002-0854-0226"
            ],
            "research_orgs": [
                "grid.5515.4",
                "grid.5924.a",
                "grid.428469.5",
                "grid.63622.33",
                "grid.4711.3"
            ]
        },
        {
            "id": "ur.016645157077.04",
            "last_name": "Gallagher",
            "first_name": "Tom M",
            "research_orgs": [
                "grid.411451.4",
                "grid.164971.c"
            ]
        },
        {
            "id": "ur.013226330777.81",
            "last_name": "Mccray",
            "first_name": "Paul B Jr",
            "orcid_id": [
                "0000-0002-4067-577X"
            ],
            "research_orgs": [
                "grid.484403.f",
                "grid.66875.3a",
                "grid.7452.4",
                "grid.414016.6",
                "grid.412584.e",
                "grid.214572.7",
                "grid.47840.3f",
                "grid.417768.b",
                "grid.239573.9"
            ]
        },
        {
            "id": "ur.01307305176.50",
            "last_name": "Perlman",
            "first_name": "Stanley M",
            "orcid_id": [
                "0000-0003-4213-2354"
            ],
            "research_orgs": [
                "grid.4305.2",
                "grid.116068.8",
                "grid.470124.4",
                "grid.504449.8",
                "grid.412584.e",
                "grid.214572.7",
                "grid.253264.4",
                "grid.267308.8"
            ]
        }
    ],
    "pmcid": "PMC3977243",
    "research_org_state_codes": [
        {
            "id": "US-IL",
            "name": "Illinois"
        },
        {
            "id": "US-IA",
            "name": "Iowa"
        },
        {
            "id": "US-NC",
            "name": "North Carolina"
        },
        {
            "id": "US-WA",
            "name": "Washington"
        }
    ],
    "altmetric": 54.0,
    "pages": "4970-4975",
    "research_org_cities": [
        {
            "id": 4460162,
            "name": "Chapel Hill"
        },
        {
            "id": 3117735,
            "name": "Madrid"
        },
        {
            "id": 4901514,
            "name": "Maywood"
        },
        {
            "id": 4862034,
            "name": "Iowa City"
        },
        {
            "id": 5809844,
            "name": "Seattle"
        }
    ],
    "open_access": [
        "Open Access - all",
        "Open Access - publisher",
        "Open Access - published"
    ],
    "research_org_countries": [
        {
            "id": "US",
            "name": "United States"
        },
        {
            "id": "ES",
            "name": "Spain"
        }
    ],
    "doi": "10.1073/pnas.1323279111",
    "FOR": [
        {
            "id": "3114",
            "name": "1108 Medical Microbiology"
        }
    ],
    "research_orgs": [
        {
            "id": "grid.34477.33",
            "acronym": "UW",
            "state_name": "Washington",
            "types": [
                "Education"
            ],
            "longitude": -122.30353,
            "linkout": [
                "http://www.washington.edu/"
            ],
            "latitude": 47.655537,
            "name": "University of Washington",
            "city_name": "Seattle",
            "country_name": "United States"
        },
        {
            "id": "grid.411451.4",
            "state_name": "Illinois",
            "types": [
                "Healthcare"
            ],
            "longitude": -87.83415,
            "linkout": [
                "https://www.loyolamedicine.org/locations/loyola-university-medical-center"
            ],
            "latitude": 41.861336,
            "name": "Loyola University Medical Center",
            "city_name": "Maywood",
            "country_name": "United States"
        },
        {
            "id": "grid.214572.7",
            "acronym": "UI",
            "state_name": "Iowa",
            "types": [
                "Education"
            ],
            "longitude": -91.554924,
            "linkout": [
                "http://www.uiowa.edu/"
            ],
            "latitude": 41.662952,
            "name": "University of Iowa",
            "city_name": "Iowa City",
            "country_name": "United States"
        },
        {
            "id": "grid.10698.36",
            "acronym": "UNC",
            "state_name": "North Carolina",
            "types": [
                "Education"
            ],
            "longitude": -79.04694,
            "linkout": [
                "http://www.unc.edu/"
            ],
            "latitude": 35.905163,
            "name": "University of North Carolina at Chapel Hill",
            "city_name": "Chapel Hill",
            "country_name": "United States"
        },
        {
            "id": "grid.5515.4",
            "acronym": "UAM",
            "types": [
                "Education"
            ],
            "longitude": -3.69611,
            "linkout": [
                "https://www.uam.es/ss/Satellite/es/home/"
            ],
            "latitude": 40.5453,
            "name": "Autonomous University of Madrid",
            "city_name": "Madrid",
            "country_name": "Spain"
        }
    ],
    "times_cited": 203,
    "pmid": "24599590",
    "funders": [
        {
            "id": "grid.419635.c",
            "acronym": "NIDDK",
            "state_name": "Maryland",
            "types": [
                "Facility"
            ],
            "longitude": -77.10107,
            "linkout": [
                "http://www.niddk.nih.gov/"
            ],
            "latitude": 39.003628,
            "name": "National Institute of Diabetes and Digestive and Kidney Diseases",
            "city_name": "Bethesda",
            "country_name": "United States"
        },
        {
            "id": "grid.417684.8",
            "acronym": "USPHS",
            "state_name": "District of Columbia",
            "types": [
                "Government"
            ],
            "longitude": -77.029,
            "linkout": [
                "http://www.usphs.gov/"
            ],
            "latitude": 38.919567,
            "name": "United States Public Health Service",
            "city_name": "Washington D.C.",
            "country_name": "United States"
        },
        {
            "id": "grid.280664.e",
            "acronym": "NIEHS",
            "state_name": "North Carolina",
            "types": [
                "Facility"
            ],
            "longitude": -78.88177,
            "linkout": [
                "http://www.niehs.nih.gov/"
            ],
            "latitude": 35.88383,
            "name": "National Institute of Environmental Health Sciences",
            "city_name": "Durham",
            "country_name": "United States"
        },
        {
            "id": "grid.419681.3",
            "acronym": "NIAID",
            "state_name": "Maryland",
            "types": [
                "Facility"
            ],
            "longitude": -77.11183,
            "linkout": [
                "http://www.niaid.nih.gov/Pages/default.aspx"
            ],
            "latitude": 39.066647,
            "name": "National Institute of Allergy and Infectious Diseases",
            "city_name": "Bethesda",
            "country_name": "United States"
        }
    ],
    "research_org_country_names": [
        "Spain",
        "United States"
    ],
    "id": "pub.1035639368",
    "issue": "13",
    "journal": {
        "id": "jour.1082971",
        "title": "Proceedings of the National Academy of Sciences of the United States of America"
    },
    "year": 2014,
    "references": [
        "pub.1039614756",
        "pub.1010347116",
        "pub.1019170092",
        "pub.1019703731",
        "pub.1044957318",
        "pub.1015127616",
        "pub.1018533169",
        "pub.1033793424",
        "pub.1049464160",
        "pub.1018494952",
        "pub.1009263263",
        "pub.1023195987",
        "pub.1017837695",
        "pub.1040859661",
        "pub.1011118145",
        "pub.1011160377",
        "pub.1012191206",
        "pub.1034389701",
        "pub.1050516195",
        "pub.1018158123",
        "pub.1046095580",
        "pub.1008801396",
        "pub.1044255492",
        "pub.1038112978",
        "pub.1043639799",
        "pub.1049543931",
        "pub.1001112046",
        "pub.1075303779",
        "pub.1013006557",
        "pub.1029253155",
        "pub.1062452643",
        "pub.1008953339",
        "pub.1010127717",
        "pub.1021537888",
        "pub.1032232935",
        "pub.1043875870",
        "pub.1020679534",
        "pub.1017571674",
        "pub.1040118451",
        "pub.1028440125",
        "pub.1029258556",
        "pub.1035521816"
    ],
    "relative_citation_ratio": 10.4,
    "research_org_state_names": [
        "North Carolina",
        "Illinois",
        "Iowa",
        "Washington"
    ],
    "author_affiliations": [
        [
            {
                "first_name": "Jincun",
                "last_name": "Zhao",
                "initials": "",
                "corresponding": "",
                "orcid": "",
                "current_organization_id": "grid.410737.6",
                "researcher_id": "ur.01072360377.18",
                "affiliations": [
                    {
                        "name": "Departments of aMicrobiology and"
                    }
                ]
            },
            {
                "first_name": "Kun",
                "last_name": "Li",
                "initials": "",
                "corresponding": "",
                "orcid": "",
                "current_organization_id": "grid.214572.7",
                "researcher_id": "ur.0726531010.46",
                "affiliations": [
                    {
                        "id": "grid.214572.7",
                        "name": "University of Iowa",
                        "city": "Iowa City",
                        "city_id": 4862034,
                        "country": "United States",
                        "country_code": "US",
                        "state": "Iowa",
                        "state_code": "US-IA"
                    }
                ]
            },
            {
                "first_name": "Christine",
                "last_name": "Wohlford-Lenane",
                "initials": "",
                "corresponding": "",
                "orcid": "",
                "current_organization_id": "grid.214572.7",
                "researcher_id": "ur.0621105420.32",
                "affiliations": [
                    {
                        "id": "grid.214572.7",
                        "name": "University of Iowa",
                        "city": "Iowa City",
                        "city_id": 4862034,
                        "country": "United States",
                        "country_code": "US",
                        "state": "Iowa",
                        "state_code": "US-IA"
                    }
                ]
            },
            {
                "first_name": "Sudhakar S.",
                "last_name": "Agnihothram",
                "initials": "",
                "corresponding": "",
                "orcid": "",
                "current_organization_id": "grid.483504.e",
                "researcher_id": "ur.01034702217.17",
                "affiliations": [
                    {
                        "id": "grid.10698.36",
                        "name": "University of North Carolina at Chapel Hill",
                        "city": "Chapel Hill",
                        "city_id": 4460162,
                        "country": "United States",
                        "country_code": "US",
                        "state": "North Carolina",
                        "state_code": "US-NC"
                    }
                ]
            },
            {
                "first_name": "Craig",
                "last_name": "Fett",
                "initials": "",
                "corresponding": "",
                "orcid": "",
                "current_organization_id": "grid.214572.7",
                "researcher_id": "ur.01252732372.45",
                "affiliations": [
                    {
                        "name": "Departments of aMicrobiology and"
                    }
                ]
            },
            {
                "first_name": "Jingxian",
                "last_name": "Zhao",
                "initials": "",
                "corresponding": "",
                "orcid": "",
                "current_organization_id": "grid.410737.6",
                "researcher_id": "ur.01156455340.00",
                "affiliations": [
                    {
                        "name": "Departments of aMicrobiology and"
                    }
                ]
            },
            {
                "first_name": "Michael J.",
                "last_name": "Gale",
                "initials": "",
                "corresponding": "",
                "orcid": "['0000-0002-6332-7436']",
                "current_organization_id": "grid.34477.33",
                "researcher_id": "ur.010040370457.57",
                "affiliations": [
                    {
                        "id": "grid.34477.33",
                        "name": "University of Washington",
                        "city": "Seattle",
                        "city_id": 5809844,
                        "country": "United States",
                        "country_code": "US",
                        "state": "Washington",
                        "state_code": "US-WA"
                    }
                ]
            },
            {
                "first_name": "Ralph S.",
                "last_name": "Baric",
                "initials": "",
                "corresponding": "",
                "orcid": "['0000-0001-6827-8701']",
                "current_organization_id": "grid.10698.36",
                "researcher_id": "ur.016314333017.37",
                "affiliations": [
                    {
                        "id": "grid.10698.36",
                        "name": "University of North Carolina at Chapel Hill",
                        "city": "Chapel Hill",
                        "city_id": 4460162,
                        "country": "United States",
                        "country_code": "US",
                        "state": "North Carolina",
                        "state_code": "US-NC"
                    }
                ]
            },
            {
                "first_name": "Luis",
                "last_name": "Enjuanes",
                "initials": "",
                "corresponding": "",
                "orcid": "['0000-0002-0854-0226']",
                "current_organization_id": "grid.5515.4",
                "researcher_id": "ur.01135715410.45",
                "affiliations": [
                    {
                        "id": "grid.5515.4",
                        "name": "Autonomous University of Madrid",
                        "city": "Madrid",
                        "city_id": 3117735,
                        "country": "Spain",
                        "country_code": "ES",
                        "state": null,
                        "state_code": null
                    }
                ]
            },
            {
                "first_name": "Tom",
                "last_name": "Gallagher",
                "initials": "",
                "corresponding": "",
                "orcid": "",
                "current_organization_id": "grid.164971.c",
                "researcher_id": "ur.016645157077.04",
                "affiliations": [
                    {
                        "id": "grid.411451.4",
                        "name": "Loyola University Medical Center",
                        "city": "Maywood",
                        "city_id": 4901514,
                        "country": "United States",
                        "country_code": "US",
                        "state": "Illinois",
                        "state_code": "US-IL"
                    }
                ]
            },
            {
                "first_name": "Paul B.",
                "last_name": "McCray",
                "initials": "",
                "corresponding": "",
                "orcid": "['0000-0002-4067-577X']",
                "current_organization_id": "grid.214572.7",
                "researcher_id": "ur.013226330777.81",
                "affiliations": [
                    {
                        "id": "grid.214572.7",
                        "name": "University of Iowa",
                        "city": "Iowa City",
                        "city_id": 4862034,
                        "country": "United States",
                        "country_code": "US",
                        "state": "Iowa",
                        "state_code": "US-IA"
                    }
                ]
            },
            {
                "first_name": "Stanley",
                "last_name": "Perlman",
                "initials": "",
                "corresponding": "",
                "orcid": "['0000-0003-4213-2354']",
                "current_organization_id": "grid.214572.7",
                "researcher_id": "ur.01307305176.50",
                "affiliations": [
                    {
                        "name": "Departments of aMicrobiology and"
                    }
                ]
            }
        ]
    ],
    "type": "article"
}