{
    "research_orgs": [
        {
            "id": "grid.150338.c",
            "linkout": [
                "http://www.hug-ge.ch/"
            ],
            "city_name": "Geneva",
            "longitude": 6.148998,
            "acronym": "HUG",
            "latitude": 46.193817,
            "name": "University Hospital of Geneva",
            "types": [
                "Healthcare"
            ],
            "country_name": "Switzerland"
        }
    ],
    "research_org_country_names": [
        "Switzerland"
    ],
    "pmid": "17095946",
    "title": "The effect of workload on infection risk in critically ill patients*",
    "type": "article",
    "year": 2007,
    "journal": {
        "id": "jour.1016342",
        "title": "Critical Care Medicine"
    },
    "researchers": [
        {
            "id": "ur.0676350700.23",
            "research_orgs": [
                "grid.491199.d",
                "grid.150338.c",
                "grid.3575.4"
            ],
            "first_name": "Stephane",
            "last_name": "Hugonnet"
        },
        {
            "id": "ur.01314361170.34",
            "research_orgs": [
                "grid.8591.5",
                "grid.150338.c"
            ],
            "first_name": "Jean-Claude Md",
            "last_name": "Chevrolet"
        },
        {
            "id": "ur.0660155747.27",
            "research_orgs": [
                "grid.150338.c",
                "grid.2515.3",
                "grid.415502.7",
                "grid.239638.5",
                "grid.417053.4",
                "grid.410458.c",
                "grid.214572.7",
                "grid.176731.5",
                "grid.9851.5",
                "grid.5841.8",
                "grid.8591.5",
                "grid.3575.4",
                "grid.412157.4",
                "grid.412584.e",
                "grid.17063.33",
                "grid.411656.1"
            ],
            "first_name": "Didier",
            "last_name": "Pittet"
        }
    ],
    "FOR": [
        {
            "id": "3053",
            "name": "1103 Clinical Sciences"
        },
        {
            "id": "3177",
            "name": "1117 Public Health and Health Services"
        }
    ],
    "research_org_countries": [
        {
            "id": "CH",
            "name": "Switzerland"
        }
    ],
    "date": "2007-01-01",
    "altmetric": 7.0,
    "pages": "76-81",
    "id": "pub.1008680904",
    "volume": "35",
    "issue": "1",
    "research_org_cities": [
        {
            "id": 2660646,
            "name": "Gen\u00e8ve"
        }
    ],
    "author_affiliations": [
        [
            {
                "first_name": "St\u00e9phane",
                "last_name": "Hugonnet",
                "initials": "",
                "corresponding": "",
                "orcid": "",
                "current_organization_id": "grid.3575.4",
                "researcher_id": "ur.0676350700.23",
                "affiliations": [
                    {
                        "id": "grid.150338.c",
                        "name": "University Hospital of Geneva",
                        "city": "Geneva",
                        "city_id": 2660646,
                        "country": "Switzerland",
                        "country_code": "CH",
                        "state": null,
                        "state_code": null
                    }
                ]
            },
            {
                "first_name": "JeanClaude",
                "last_name": "Chevrolet",
                "initials": "",
                "corresponding": "",
                "orcid": "",
                "current_organization_id": "grid.150338.c",
                "researcher_id": "ur.01314361170.34",
                "affiliations": [
                    {
                        "id": "grid.150338.c",
                        "name": "University Hospital of Geneva",
                        "city": "Geneva",
                        "city_id": 2660646,
                        "country": "Switzerland",
                        "country_code": "CH",
                        "state": null,
                        "state_code": null
                    }
                ]
            },
            {
                "first_name": "Didier",
                "last_name": "Pittet",
                "initials": "",
                "corresponding": "",
                "orcid": "",
                "current_organization_id": "grid.150338.c",
                "researcher_id": "ur.0660155747.27",
                "affiliations": [
                    {
                        "id": "grid.150338.c",
                        "name": "University Hospital of Geneva",
                        "city": "Geneva",
                        "city_id": 2660646,
                        "country": "Switzerland",
                        "country_code": "CH",
                        "state": null,
                        "state_code": null
                    }
                ]
            }
        ]
    ],
    "doi": "10.1097/01.ccm.0000251125.08629.3f",
    "times_cited": 206,
    "references": [
        "pub.1024004028",
        "pub.1004769670",
        "pub.1074948745",
        "pub.1004817453",
        "pub.1060171272",
        "pub.1017085982",
        "pub.1052572073",
        "pub.1046227737",
        "pub.1052119726",
        "pub.1028352596",
        "pub.1070169933",
        "pub.1050089166",
        "pub.1044482368",
        "pub.1005413944",
        "pub.1051765057",
        "pub.1012214071",
        "pub.1014260491",
        "pub.1011946316",
        "pub.1039110630",
        "pub.1016026429",
        "pub.1004137053",
        "pub.1050121674",
        "pub.1032699158",
        "pub.1027603014",
        "pub.1015086527",
        "pub.1069977634",
        "pub.1009207893",
        "pub.1059698108",
        "pub.1020801947",
        "pub.1040895097",
        "pub.1046457647",
        "pub.1060265705",
        "pub.1034206813",
        "pub.1012051333",
        "pub.1038224684",
        "pub.1019849923",
        "pub.1019858959",
        "pub.1082998163",
        "pub.1044265260",
        "pub.1073701770",
        "pub.1060253193",
        "pub.1034778183",
        "pub.1035098934",
        "pub.1068878738",
        "pub.1043260143",
        "pub.1030308258",
        "pub.1020988115",
        "pub.1037909562",
        "pub.1004939142",
        "pub.1047892186"
    ],
    "relative_citation_ratio": 5.77
}