{
    "research_org_country_names": [
        "Colombia"
    ],
    "pmid": "26965235",
    "title": "Failed detection of Bovine viral diarrhea virus 2 subgenotype a (BVDV-2a) by direct fluorescent antibody test on tissue samples due to reduced reactivity of field isolates to raw anti-BVDV antibody",
    "type": "article",
    "year": 2016,
    "journal": {
        "id": "jour.1100566",
        "title": "Journal of Veterinary Diagnostic Investigation"
    },
    "researchers": [
        {
            "id": "ur.01231437106.72",
            "research_orgs": [
                "grid.5386.8",
                "grid.36567.31",
                "grid.260120.7",
                "grid.4391.f",
                "grid.264756.4",
                "grid.27860.3b"
            ],
            "first_name": "Lifang",
            "last_name": "Yan"
        },
        {
            "id": "ur.01137770115.89",
            "research_orgs": [
                "grid.134936.a",
                "grid.260120.7",
                "grid.17088.36",
                "grid.214409.a",
                "grid.4391.f",
                "grid.264756.4"
            ],
            "first_name": "Lanny W",
            "last_name": "Pace"
        },
        {
            "id": "ur.01322323210.26",
            "research_orgs": [
                "grid.260120.7",
                "grid.264756.4",
                "grid.4391.f"
            ],
            "first_name": "Brittany",
            "last_name": "Baughman"
        },
        {
            "id": "ur.01125407632.78",
            "research_orgs": [
                "grid.260120.7"
            ],
            "first_name": "Floyd D",
            "last_name": "Wilson"
        },
        {
            "id": "ur.0760036672.62",
            "research_orgs": [
                "grid.412408.b",
                "grid.260120.7",
                "grid.134936.a",
                "grid.4391.f",
                "grid.264756.4"
            ],
            "first_name": "Shuping",
            "last_name": "Zhang"
        },
        {
            "id": "ur.01027677350.37",
            "research_orgs": [
                "grid.260120.7",
                "grid.264756.4",
                "grid.134936.a",
                "grid.4391.f"
            ],
            "first_name": "Michael Z",
            "last_name": "Zhang"
        }
    ],
    "FOR": [
        {
            "id": "3114",
            "name": "1108 Medical Microbiology"
        }
    ],
    "research_org_countries": [
        {
            "id": "CO",
            "name": "Colombia"
        }
    ],
    "date": "2016-03-01",
    "altmetric": 1.0,
    "pages": "150-157",
    "id": "pub.1026908749",
    "volume": "28",
    "issue": "2",
    "open_access": [
        "Open Access - all",
        "Open Access - publisher",
        "Open Access - published"
    ],
    "author_affiliations": [
        [
            {
                "first_name": "Lifang",
                "last_name": "Yan",
                "initials": "",
                "corresponding": "",
                "orcid": "",
                "current_organization_id": "grid.5386.8",
                "researcher_id": "ur.01231437106.72",
                "affiliations": []
            },
            {
                "first_name": "Lanny W.",
                "last_name": "Pace",
                "initials": "",
                "corresponding": "",
                "orcid": "",
                "current_organization_id": "grid.260120.7",
                "researcher_id": "ur.01137770115.89",
                "affiliations": []
            },
            {
                "first_name": "Brittany",
                "last_name": "Baughman",
                "initials": "",
                "corresponding": "",
                "orcid": "",
                "current_organization_id": "grid.260120.7",
                "researcher_id": "ur.01322323210.26",
                "affiliations": []
            },
            {
                "first_name": "Floyd D.",
                "last_name": "Wilson",
                "initials": "",
                "corresponding": "",
                "orcid": "",
                "current_organization_id": "grid.260120.7",
                "researcher_id": "ur.01125407632.78",
                "affiliations": []
            },
            {
                "first_name": "Shuping",
                "last_name": "Zhang",
                "initials": "",
                "corresponding": "",
                "orcid": "",
                "current_organization_id": "grid.134936.a",
                "researcher_id": "ur.0760036672.62",
                "affiliations": [
                    {
                        "name": "Veterinary Medical Diagnostic Laboratory, Department of Pathobiology, College of Veterinary Medicine, University of Missouri, 1600 E. Rollins, Columbia, MO 65211"
                    }
                ]
            },
            {
                "first_name": "Michael Z.",
                "last_name": "Zhang",
                "initials": "",
                "corresponding": "",
                "orcid": "",
                "current_organization_id": "grid.134936.a",
                "researcher_id": "ur.01027677350.37",
                "affiliations": []
            }
        ]
    ],
    "doi": "10.1177/1040638715626483",
    "times_cited": 4,
    "references": [
        "pub.1016274159",
        "pub.1070768051",
        "pub.1045578251",
        "pub.1083592874",
        "pub.1030153358",
        "pub.1031286173",
        "pub.1022193555",
        "pub.1047078901",
        "pub.1029580565",
        "pub.1079010494",
        "pub.1030502006",
        "pub.1051847290",
        "pub.1025846396",
        "pub.1005583259",
        "pub.1038701851",
        "pub.1027697537",
        "pub.1028346590",
        "pub.1083037124",
        "pub.1037238077",
        "pub.1079855247"
    ],
    "relative_citation_ratio": 0.64
}