{
    "research_orgs": [
        {
            "id": "grid.411860.a",
            "linkout": [
                "http://www.gxun.edu.cn/"
            ],
            "city_name": "Nanning",
            "longitude": 108.23535,
            "latitude": 22.841455,
            "name": "Guangxi University for Nationalities",
            "types": [
                "Education"
            ],
            "country_name": "China"
        },
        {
            "id": "grid.412026.3",
            "linkout": [
                "http://www.hebeinu.edu.cn/"
            ],
            "city_name": "Zhangjiakou",
            "longitude": 114.89058,
            "acronym": "HBNU ",
            "latitude": 40.829903,
            "name": "Hebei North University",
            "types": [
                "Education"
            ],
            "country_name": "China"
        },
        {
            "id": "grid.417409.f",
            "linkout": [
                "http://english.zmc.edu.cn/"
            ],
            "city_name": "Zunyi",
            "longitude": 106.94651,
            "acronym": "ZMU",
            "latitude": 27.708332,
            "name": "Zunyi Medical University",
            "types": [
                "Education"
            ],
            "country_name": "China"
        },
        {
            "id": "grid.506261.6",
            "linkout": [
                "http://www.cams.ac.cn/"
            ],
            "city_name": "Beijing",
            "longitude": 116.41479,
            "acronym": "CAMS&PUMC",
            "latitude": 39.91149,
            "name": "Chinese Academy of Medical Sciences & Peking Union Medical College",
            "types": [
                "Education"
            ],
            "country_name": "China"
        }
    ],
    "research_org_country_names": [
        "China"
    ],
    "pmid": "28920827",
    "title": "Marmoricola endophyticus sp. nov., an endophytic actinobacterium isolated from Thespesia populnea",
    "type": "article",
    "year": 2017,
    "journal": {
        "id": "jour.1294853",
        "title": "International Journal of Systematic and Evolutionary Microbiology"
    },
    "researchers": [
        {
            "id": "ur.01204642571.41",
            "research_orgs": [
                "grid.12527.33",
                "grid.413106.1"
            ],
            "first_name": "Zhong-Ke",
            "last_name": "Jiang"
        },
        {
            "id": "ur.01275647713.66",
            "research_orgs": [
                "grid.417409.f",
                "grid.12527.33"
            ],
            "first_name": "Zhen",
            "last_name": "Pan"
        },
        {
            "id": "ur.01227534513.74",
            "research_orgs": [
                "grid.12527.33",
                "grid.413106.1"
            ],
            "first_name": "Fei-Na",
            "last_name": "Li"
        },
        {
            "id": "ur.012025250741.25",
            "research_orgs": [
                "grid.412026.3",
                "grid.12527.33",
                "grid.413106.1"
            ],
            "first_name": "Xiao-Jun",
            "last_name": "Li"
        },
        {
            "id": "ur.01213116446.19",
            "research_orgs": [
                "grid.411860.a",
                "grid.12527.33",
                "grid.413106.1"
            ],
            "first_name": "Shao-Wei",
            "last_name": "Liu",
            "orcid_id": [
                "0000-0002-4614-4857"
            ]
        },
        {
            "id": "ur.01015415404.85",
            "research_orgs": [
                "grid.417409.f",
                "grid.12527.33"
            ],
            "first_name": "Li",
            "last_name": "Tuo"
        },
        {
            "id": "ur.01313431021.16",
            "research_orgs": [
                "grid.488161.2",
                "grid.411860.a",
                "grid.41156.37"
            ],
            "first_name": "Ming-Guo",
            "last_name": "Jiang"
        },
        {
            "id": "ur.01333206146.35",
            "research_orgs": [
                "grid.506261.6",
                "grid.12527.33",
                "grid.413106.1"
            ],
            "first_name": "Cheng-Hang",
            "last_name": "Sun",
            "orcid_id": [
                "0000-0001-6813-8274"
            ]
        }
    ],
    "FOR": [
        {
            "id": "2620",
            "name": "0604 Genetics"
        }
    ],
    "research_org_countries": [
        {
            "id": "CN",
            "name": "China"
        }
    ],
    "date": "2017-11-01",
    "altmetric": 3.0,
    "pages": "4379-4384",
    "id": "pub.1091830754",
    "volume": "67",
    "issue": "11",
    "research_org_cities": [
        {
            "id": 2033196,
            "name": "Zhangjiakou"
        },
        {
            "id": 1783621,
            "name": "Zunyi"
        },
        {
            "id": 1816670,
            "name": "Beijing"
        },
        {
            "id": 1799869,
            "name": "Nanning"
        }
    ],
    "open_access": [
        "Open Access - all",
        "Open Access - publisher",
        "Open Access - published"
    ],
    "author_affiliations": [
        [
            {
                "first_name": "Zhong-Ke",
                "last_name": "Jiang",
                "initials": "",
                "corresponding": "",
                "orcid": "",
                "current_organization_id": "grid.12527.33",
                "researcher_id": "ur.01204642571.41",
                "affiliations": [
                    {
                        "id": "grid.506261.6",
                        "name": "Chinese Academy of Medical Sciences & Peking Union Medical College",
                        "city": "Beijing",
                        "city_id": 1816670,
                        "country": "China",
                        "country_code": "CN",
                        "state": null,
                        "state_code": null
                    }
                ]
            },
            {
                "first_name": "Zhen",
                "last_name": "Pan",
                "initials": "",
                "corresponding": "",
                "orcid": "",
                "current_organization_id": "grid.417409.f",
                "researcher_id": "ur.01275647713.66",
                "affiliations": [
                    {
                        "id": "grid.417409.f",
                        "name": "Zunyi Medical University",
                        "city": "Zunyi",
                        "city_id": 1783621,
                        "country": "China",
                        "country_code": "CN",
                        "state": null,
                        "state_code": null
                    }
                ]
            },
            {
                "first_name": "Fei-Na",
                "last_name": "Li",
                "initials": "",
                "corresponding": "",
                "orcid": "",
                "current_organization_id": "grid.413106.1",
                "researcher_id": "ur.01227534513.74",
                "affiliations": [
                    {
                        "id": "grid.506261.6",
                        "name": "Chinese Academy of Medical Sciences & Peking Union Medical College",
                        "city": "Beijing",
                        "city_id": 1816670,
                        "country": "China",
                        "country_code": "CN",
                        "state": null,
                        "state_code": null
                    }
                ]
            },
            {
                "first_name": "Xiao-Jun",
                "last_name": "Li",
                "initials": "",
                "corresponding": "",
                "orcid": "",
                "current_organization_id": "grid.412026.3",
                "researcher_id": "ur.012025250741.25",
                "affiliations": [
                    {
                        "id": "grid.412026.3",
                        "name": "Hebei North University",
                        "city": "Zhangjiakou",
                        "city_id": 2033196,
                        "country": "China",
                        "country_code": "CN",
                        "state": null,
                        "state_code": null
                    }
                ]
            },
            {
                "first_name": "Shao-Wei",
                "last_name": "Liu",
                "initials": "",
                "corresponding": "",
                "orcid": "['0000-0002-4614-4857']",
                "current_organization_id": "grid.12527.33",
                "researcher_id": "ur.01213116446.19",
                "affiliations": [
                    {
                        "id": "grid.506261.6",
                        "name": "Chinese Academy of Medical Sciences & Peking Union Medical College",
                        "city": "Beijing",
                        "city_id": 1816670,
                        "country": "China",
                        "country_code": "CN",
                        "state": null,
                        "state_code": null
                    }
                ]
            },
            {
                "first_name": "Li",
                "last_name": "Tuo",
                "initials": "",
                "corresponding": "",
                "orcid": "",
                "current_organization_id": "grid.417409.f",
                "researcher_id": "ur.01015415404.85",
                "affiliations": [
                    {
                        "id": "grid.417409.f",
                        "name": "Zunyi Medical University",
                        "city": "Zunyi",
                        "city_id": 1783621,
                        "country": "China",
                        "country_code": "CN",
                        "state": null,
                        "state_code": null
                    }
                ]
            },
            {
                "first_name": "Ming-Guo",
                "last_name": "Jiang",
                "initials": "",
                "corresponding": "",
                "orcid": "",
                "current_organization_id": "grid.411860.a",
                "researcher_id": "ur.01313431021.16",
                "affiliations": [
                    {
                        "id": "grid.411860.a",
                        "name": "Guangxi University for Nationalities",
                        "city": "Nanning",
                        "city_id": 1799869,
                        "country": "China",
                        "country_code": "CN",
                        "state": null,
                        "state_code": null
                    }
                ]
            },
            {
                "first_name": "Cheng-Hang",
                "last_name": "Sun",
                "initials": "",
                "corresponding": "",
                "orcid": "['0000-0001-6813-8274']",
                "current_organization_id": "grid.12527.33",
                "researcher_id": "ur.01333206146.35",
                "affiliations": [
                    {
                        "id": "grid.506261.6",
                        "name": "Chinese Academy of Medical Sciences & Peking Union Medical College",
                        "city": "Beijing",
                        "city_id": 1816670,
                        "country": "China",
                        "country_code": "CN",
                        "state": null,
                        "state_code": null
                    }
                ]
            }
        ]
    ],
    "doi": "10.1099/ijsem.0.002297",
    "times_cited": 8,
    "references": [
        "pub.1079752303",
        "pub.1060362593",
        "pub.1060387518",
        "pub.1060388438",
        "pub.1043445070",
        "pub.1060386226",
        "pub.1060383612",
        "pub.1044065382",
        "pub.1060388154",
        "pub.1051257209",
        "pub.1049273973",
        "pub.1060381744",
        "pub.1028445531",
        "pub.1041279110",
        "pub.1023239976",
        "pub.1049183957",
        "pub.1053601401",
        "pub.1060387482",
        "pub.1013086903",
        "pub.1069920601",
        "pub.1007307692",
        "pub.1085717760",
        "pub.1060381676",
        "pub.1080470521",
        "pub.1060386566",
        "pub.1060350185",
        "pub.1060382814",
        "pub.1060388997",
        "pub.1060346406",
        "pub.1022862357",
        "pub.1060385548"
    ],
    "relative_citation_ratio": 1.54
}