{
    "research_orgs": [
        {
            "id": "grid.417229.b",
            "linkout": [
                "http://woolcock.org.au/"
            ],
            "city_name": "Sydney",
            "longitude": 151.18246,
            "acronym": "WIMR",
            "state_name": "New South Wales",
            "latitude": -33.873543,
            "name": "Woolcock Institute of Medical Research",
            "types": [
                "Facility"
            ],
            "country_name": "Australia"
        },
        {
            "id": "grid.415193.b",
            "linkout": [
                "http://www.seslhd.health.nsw.gov.au/POWH/"
            ],
            "city_name": "Sydney",
            "longitude": 151.23878,
            "state_name": "New South Wales",
            "latitude": -33.91861,
            "name": "Prince of Wales Hospital",
            "types": [
                "Healthcare"
            ],
            "country_name": "Australia"
        },
        {
            "id": "grid.1005.4",
            "linkout": [
                "https://www.unsw.edu.au/"
            ],
            "city_name": "Sydney",
            "longitude": 151.23096,
            "acronym": "UNSW",
            "state_name": "New South Wales",
            "latitude": -33.917732,
            "name": "UNSW Sydney",
            "types": [
                "Education"
            ],
            "country_name": "Australia"
        }
    ],
    "research_org_country_names": [
        "Australia"
    ],
    "pmid": "21094184",
    "title": "The role of particle size in aerosolised pathogen transmission: A review",
    "type": "article",
    "year": 2011,
    "journal": {
        "id": "jour.1090128",
        "title": "Journal of Infection"
    },
    "researchers": [
        {
            "id": "ur.01177674075.64",
            "research_orgs": [
                "grid.1005.4",
                "grid.415193.b"
            ],
            "first_name": "Jan",
            "last_name": "Gralton"
        },
        {
            "id": "ur.0734301637.61",
            "research_orgs": [
                "grid.413249.9",
                "grid.1001.0",
                "grid.417229.b",
                "grid.415994.4",
                "grid.1013.3",
                "grid.412703.3",
                "grid.239559.1",
                "grid.264200.2"
            ],
            "first_name": "Euan Roger",
            "last_name": "Tovey",
            "orcid_id": [
                "0000-0002-1802-7266"
            ]
        },
        {
            "id": "ur.01164757037.29",
            "research_orgs": [
                "grid.416088.3",
                "grid.1029.a",
                "grid.415193.b",
                "grid.412744.0",
                "grid.1005.4",
                "grid.64523.36"
            ],
            "first_name": "Mary-Louise",
            "last_name": "Mclaws",
            "orcid_id": [
                "0000-0003-0453-8425"
            ]
        },
        {
            "id": "ur.01352356065.13",
            "research_orgs": [
                "grid.1008.9",
                "grid.416139.8",
                "grid.416088.3",
                "grid.417229.b",
                "grid.412703.3",
                "grid.9966.0",
                "grid.464677.0",
                "grid.415193.b",
                "grid.413973.b",
                "grid.42475.30",
                "grid.1013.3",
                "grid.413252.3",
                "grid.1005.4",
                "grid.414009.8",
                "grid.1010.0",
                "grid.411178.a",
                "grid.416398.1"
            ],
            "first_name": "William D",
            "last_name": "Rawlinson",
            "orcid_id": [
                "0000-0003-0988-7827"
            ]
        }
    ],
    "FOR": [
        {
            "id": "3114",
            "name": "1108 Medical Microbiology"
        }
    ],
    "research_org_countries": [
        {
            "id": "AU",
            "name": "Australia"
        }
    ],
    "date": "2011-01-01",
    "altmetric": 17.0,
    "pages": "1-13",
    "research_org_state_names": [
        "New South Wales"
    ],
    "id": "pub.1048753209",
    "research_org_state_codes": [
        {
            "id": "AU-NSW",
            "name": "New South Wales"
        }
    ],
    "volume": "62",
    "issue": "1",
    "research_org_cities": [
        {
            "id": 2147714,
            "name": "Sydney"
        }
    ],
    "author_affiliations": [
        [
            {
                "first_name": "Jan",
                "last_name": "Gralton",
                "initials": "",
                "corresponding": "",
                "orcid": "",
                "current_organization_id": "grid.1005.4",
                "researcher_id": "ur.01177674075.64",
                "affiliations": [
                    {
                        "id": "grid.1005.4",
                        "name": "UNSW Sydney",
                        "city": "Sydney",
                        "city_id": 2147714,
                        "country": "Australia",
                        "country_code": "AU",
                        "state": "New South Wales",
                        "state_code": "AU-NSW"
                    },
                    {
                        "id": "grid.415193.b",
                        "name": "Prince of Wales Hospital",
                        "city": "Sydney",
                        "city_id": 2147714,
                        "country": "Australia",
                        "country_code": "AU",
                        "state": "New South Wales",
                        "state_code": "AU-NSW"
                    }
                ]
            },
            {
                "first_name": "Euan",
                "last_name": "Tovey",
                "initials": "",
                "corresponding": "",
                "orcid": "['0000-0002-1802-7266']",
                "current_organization_id": "grid.417229.b",
                "researcher_id": "ur.0734301637.61",
                "affiliations": [
                    {
                        "id": "grid.417229.b",
                        "name": "Woolcock Institute of Medical Research",
                        "city": "Sydney",
                        "city_id": 2147714,
                        "country": "Australia",
                        "country_code": "AU",
                        "state": "New South Wales",
                        "state_code": "AU-NSW"
                    }
                ]
            },
            {
                "first_name": "Mary-Louise",
                "last_name": "McLaws",
                "initials": "",
                "corresponding": "",
                "orcid": "['0000-0003-0453-8425']",
                "current_organization_id": "grid.1005.4",
                "researcher_id": "ur.01164757037.29",
                "affiliations": [
                    {
                        "id": "grid.1005.4",
                        "name": "UNSW Sydney",
                        "city": "Sydney",
                        "city_id": 2147714,
                        "country": "Australia",
                        "country_code": "AU",
                        "state": "New South Wales",
                        "state_code": "AU-NSW"
                    }
                ]
            },
            {
                "first_name": "William D.",
                "last_name": "Rawlinson",
                "initials": "",
                "corresponding": true,
                "orcid": "['0000-0003-0988-7827']",
                "current_organization_id": "grid.1005.4",
                "researcher_id": "ur.01352356065.13",
                "affiliations": [
                    {
                        "id": "grid.415193.b",
                        "name": "Prince of Wales Hospital",
                        "city": "Sydney",
                        "city_id": 2147714,
                        "country": "Australia",
                        "country_code": "AU",
                        "state": "New South Wales",
                        "state_code": "AU-NSW"
                    },
                    {
                        "id": "grid.1005.4",
                        "name": "UNSW Sydney",
                        "city": "Sydney",
                        "city_id": 2147714,
                        "country": "Australia",
                        "country_code": "AU",
                        "state": "New South Wales",
                        "state_code": "AU-NSW"
                    },
                    {
                        "id": "grid.1005.4",
                        "name": "UNSW Sydney",
                        "city": "Sydney",
                        "city_id": 2147714,
                        "country": "Australia",
                        "country_code": "AU",
                        "state": "New South Wales",
                        "state_code": "AU-NSW"
                    }
                ]
            }
        ]
    ],
    "doi": "10.1016/j.jinf.2010.11.010",
    "times_cited": 125,
    "references": [
        "pub.1062075197",
        "pub.1027430538",
        "pub.1006542468",
        "pub.1054795585",
        "pub.1032086830",
        "pub.1002104713",
        "pub.1047152848",
        "pub.1021393523",
        "pub.1032764897",
        "pub.1021929354",
        "pub.1047111447",
        "pub.1007464287",
        "pub.1047724336",
        "pub.1017832554",
        "pub.1007122387",
        "pub.1004795007",
        "pub.1012149485",
        "pub.1003903752",
        "pub.1034077738",
        "pub.1039816355",
        "pub.1034778398",
        "pub.1005148927",
        "pub.1045707680",
        "pub.1050486227",
        "pub.1032824417",
        "pub.1064742352",
        "pub.1018141257",
        "pub.1044671773",
        "pub.1054795940",
        "pub.1000453615",
        "pub.1011528688",
        "pub.1040530954",
        "pub.1040371450",
        "pub.1000994615",
        "pub.1021874743",
        "pub.1059278373",
        "pub.1047517425",
        "pub.1054797810",
        "pub.1002029277",
        "pub.1019697656",
        "pub.1044593769",
        "pub.1022523507",
        "pub.1038564960",
        "pub.1032570884",
        "pub.1049017508",
        "pub.1045883496",
        "pub.1035755071",
        "pub.1096549028",
        "pub.1007001007",
        "pub.1037883460",
        "pub.1014619808",
        "pub.1030254591",
        "pub.1002189730",
        "pub.1064369630",
        "pub.1028756300",
        "pub.1043287187",
        "pub.1030406618",
        "pub.1012505679",
        "pub.1052646778",
        "pub.1013692221",
        "pub.1044369211",
        "pub.1050026200",
        "pub.1065110662",
        "pub.1059471476",
        "pub.1012286304",
        "pub.1059700827",
        "pub.1021414242",
        "pub.1052592435",
        "pub.1053990447",
        "pub.1059277944",
        "pub.1001760111",
        "pub.1018725039",
        "pub.1029720894",
        "pub.1037029477",
        "pub.1034690692",
        "pub.1067819869",
        "pub.1036413165",
        "pub.1062079976",
        "pub.1016923966",
        "pub.1053654410",
        "pub.1000755464",
        "pub.1022706071",
        "pub.1025448816",
        "pub.1046549821",
        "pub.1036582009",
        "pub.1014156743",
        "pub.1059278279",
        "pub.1030729615",
        "pub.1010897572",
        "pub.1020086520",
        "pub.1042636457",
        "pub.1044506933",
        "pub.1043264934",
        "pub.1005370670",
        "pub.1006487268",
        "pub.1022266861",
        "pub.1041574546"
    ],
    "relative_citation_ratio": 4.42
}