{
    "pmid": "22214516",
    "author_affiliations": [
        [
            {
                "first_name": "Yao",
                "last_name": "Chen",
                "initials": "",
                "corresponding": "",
                "orcid": "",
                "current_organization_id": "",
                "researcher_id": "",
                "affiliations": [
                    {
                        "id": "grid.267313.2",
                        "name": "The University of Texas Southwestern Medical Center",
                        "city": "Dallas",
                        "city_id": 4684888,
                        "country": "United States",
                        "country_code": "US",
                        "state": "Texas",
                        "state_code": "US-TX"
                    }
                ]
            },
            {
                "first_name": "Susan K",
                "last_name": "Legan",
                "initials": "",
                "corresponding": "",
                "orcid": "",
                "current_organization_id": "grid.267313.2",
                "researcher_id": "ur.0770735725.44",
                "affiliations": [
                    {
                        "id": "grid.267313.2",
                        "name": "The University of Texas Southwestern Medical Center",
                        "city": "Dallas",
                        "city_id": 4684888,
                        "country": "United States",
                        "country_code": "US",
                        "state": "Texas",
                        "state_code": "US-TX"
                    }
                ]
            },
            {
                "first_name": "Anne",
                "last_name": "Mahan",
                "initials": "",
                "corresponding": "",
                "orcid": "",
                "current_organization_id": "",
                "researcher_id": "",
                "affiliations": [
                    {
                        "id": "grid.267313.2",
                        "name": "The University of Texas Southwestern Medical Center",
                        "city": "Dallas",
                        "city_id": 4684888,
                        "country": "United States",
                        "country_code": "US",
                        "state": "Texas",
                        "state_code": "US-TX"
                    }
                ]
            },
            {
                "first_name": "Janet",
                "last_name": "Thornton",
                "initials": "",
                "corresponding": "",
                "orcid": "['0000-0003-0824-4096']",
                "current_organization_id": "grid.225360.0",
                "researcher_id": "ur.01077347144.47",
                "affiliations": [
                    {
                        "id": "grid.267313.2",
                        "name": "The University of Texas Southwestern Medical Center",
                        "city": "Dallas",
                        "city_id": 4684888,
                        "country": "United States",
                        "country_code": "US",
                        "state": "Texas",
                        "state_code": "US-TX"
                    }
                ]
            },
            {
                "first_name": "Haiming",
                "last_name": "Xu",
                "initials": "",
                "corresponding": "",
                "orcid": "",
                "current_organization_id": "grid.267313.2",
                "researcher_id": "ur.01132747753.89",
                "affiliations": [
                    {
                        "id": "grid.267313.2",
                        "name": "The University of Texas Southwestern Medical Center",
                        "city": "Dallas",
                        "city_id": 4684888,
                        "country": "United States",
                        "country_code": "US",
                        "state": "Texas",
                        "state_code": "US-TX"
                    }
                ]
            },
            {
                "first_name": "Margaret A",
                "last_name": "Schwarz",
                "initials": "",
                "corresponding": true,
                "orcid": "",
                "current_organization_id": "grid.257410.5",
                "researcher_id": "ur.0727076316.47",
                "affiliations": [
                    {
                        "id": "grid.267313.2",
                        "name": "The University of Texas Southwestern Medical Center",
                        "city": "Dallas",
                        "city_id": 4684888,
                        "country": "United States",
                        "country_code": "US",
                        "state": "Texas",
                        "state_code": "US-TX"
                    }
                ]
            }
        ]
    ],
    "FOR": [
        {
            "id": "2581",
            "name": "0601 Biochemistry and Cell Biology"
        }
    ],
    "research_org_countries": [
        {
            "id": "US",
            "name": "United States"
        }
    ],
    "title": "Endothelial-monocyte activating polypeptide II disrupts alveolar epithelial type II to type I cell transdifferentiation",
    "research_org_cities": [
        {
            "id": 4684888,
            "name": "Dallas"
        }
    ],
    "pages": "1",
    "issue": "1",
    "research_org_state_names": [
        "Texas"
    ],
    "open_access": [
        "Open Access - all",
        "Open Access - publisher",
        "Open Access - published"
    ],
    "doi": "10.1186/1465-9921-13-1",
    "times_cited": 23,
    "journal": {
        "id": "jour.1028525",
        "title": "Respiratory Research"
    },
    "funders": [
        {
            "id": "grid.279885.9",
            "name": "National Heart Lung and Blood Institute",
            "linkout": [
                "http://www.nhlbi.nih.gov/"
            ],
            "country_name": "United States",
            "types": [
                "Facility"
            ],
            "latitude": 39.00428,
            "acronym": "NHLBI",
            "state_name": "Maryland",
            "city_name": "Bethesda",
            "longitude": -77.100945
        }
    ],
    "year": 2012,
    "research_orgs": [
        {
            "id": "grid.267313.2",
            "name": "The University of Texas Southwestern Medical Center",
            "linkout": [
                "http://www.utsouthwestern.edu/"
            ],
            "country_name": "United States",
            "types": [
                "Healthcare"
            ],
            "latitude": 32.812183,
            "state_name": "Texas",
            "city_name": "Dallas",
            "longitude": -96.84017
        }
    ],
    "id": "pub.1007890424",
    "references": [
        "pub.1026405082",
        "pub.1076183024",
        "pub.1034344942",
        "pub.1063416449",
        "pub.1034816417",
        "pub.1013207356",
        "pub.1020962908",
        "pub.1042062186",
        "pub.1072295740",
        "pub.1039833784",
        "pub.1002950744",
        "pub.1018151117",
        "pub.1038107243",
        "pub.1034328469",
        "pub.1026879393",
        "pub.1023038504",
        "pub.1029304308",
        "pub.1037667939",
        "pub.1011530726",
        "pub.1082722261",
        "pub.1082569492",
        "pub.1039730168",
        "pub.1037202527",
        "pub.1074883923",
        "pub.1019412697",
        "pub.1009274276",
        "pub.1009305557",
        "pub.1027259561",
        "pub.1021746930",
        "pub.1042904983",
        "pub.1009001044",
        "pub.1083387134",
        "pub.1046370527",
        "pub.1035261976",
        "pub.1074881327",
        "pub.1030474313",
        "pub.1031340953",
        "pub.1052555481",
        "pub.1025690781",
        "pub.1033609581",
        "pub.1015657679",
        "pub.1024664061",
        "pub.1059212559",
        "pub.1024285752",
        "pub.1044916348",
        "pub.1017981205"
    ],
    "research_org_country_names": [
        "United States"
    ],
    "date": "2012-12-01",
    "research_org_state_codes": [
        {
            "id": "US-TX",
            "name": "Texas"
        }
    ],
    "researchers": [
        {
            "id": "ur.0770735725.44",
            "research_orgs": [
                "grid.267313.2"
            ],
            "last_name": "Legan",
            "first_name": "Susan K"
        },
        {
            "id": "ur.01077347144.47",
            "research_orgs": [
                "grid.7445.2",
                "grid.88379.3d",
                "grid.4991.5",
                "grid.451388.3",
                "grid.9759.2",
                "grid.42475.30",
                "grid.282012.b",
                "grid.39381.30",
                "grid.267313.2",
                "grid.14105.31",
                "grid.225360.0",
                "grid.83440.3b"
            ],
            "last_name": "Thornton",
            "first_name": "Janet Maureen",
            "orcid_id": [
                "0000-0003-0824-4096"
            ]
        },
        {
            "id": "ur.01132747753.89",
            "research_orgs": [
                "grid.267313.2"
            ],
            "last_name": "Xu",
            "first_name": "Haiming"
        },
        {
            "id": "ur.0727076316.47",
            "research_orgs": [
                "grid.42505.36",
                "grid.13402.34",
                "grid.413734.6",
                "grid.21925.3d",
                "grid.239546.f",
                "grid.257413.6",
                "grid.131063.6",
                "grid.257410.5",
                "grid.267313.2",
                "grid.257425.3",
                "grid.21729.3f",
                "grid.430387.b"
            ],
            "last_name": "Schwarz",
            "first_name": "Margaret A"
        }
    ],
    "relative_citation_ratio": 0.8,
    "type": "article",
    "volume": "13",
    "pmcid": "PMC3295640"
}