{
    "volume": "104",
    "date": "2007-10-09",
    "title": "Activation of the PTEN/mTOR/STAT3 pathway in breast cancer stem-like cells is required for viability and maintenance",
    "researchers": [
        {
            "id": "ur.01223553715.97",
            "last_name": "Zhou",
            "first_name": "Jiangbing",
            "research_orgs": [
                "grid.47100.32",
                "grid.21107.35",
                "grid.433818.5"
            ]
        },
        {
            "id": "ur.0675711061.44",
            "last_name": "Wulfkuhle",
            "first_name": "Julia Dianne",
            "research_orgs": [
                "grid.22448.38",
                "grid.39382.33",
                "grid.168645.8",
                "grid.416999.a",
                "grid.416651.1",
                "grid.189509.c",
                "grid.214458.e",
                "grid.26009.3d",
                "grid.462662.2",
                "grid.290496.0",
                "grid.254444.7",
                "grid.169077.e",
                "grid.48336.3a",
                "grid.417587.8",
                "grid.417768.b",
                "grid.410332.7"
            ]
        },
        {
            "id": "ur.015377225764.74",
            "last_name": "Zhang",
            "first_name": "Hao",
            "research_orgs": [
                "grid.21729.3f",
                "grid.21107.35",
                "grid.51462.34",
                "grid.5386.8",
                "grid.21155.32"
            ]
        },
        {
            "id": "ur.01217020051.55",
            "last_name": "Gu",
            "first_name": "Peihua",
            "research_orgs": [
                "grid.21107.35"
            ]
        },
        {
            "id": "ur.01071666122.18",
            "last_name": "Yang",
            "first_name": "Yanqin",
            "research_orgs": [
                "grid.21107.35"
            ]
        },
        {
            "id": "ur.016022425147.14",
            "last_name": "Deng",
            "first_name": "Jianghong",
            "research_orgs": [
                "grid.417781.c",
                "grid.22448.38",
                "grid.7605.4",
                "grid.417893.0"
            ]
        },
        {
            "id": "ur.01157304405.69",
            "last_name": "Margolick",
            "first_name": "Joseph B",
            "research_orgs": [
                "grid.240283.f",
                "grid.16463.36",
                "grid.214458.e",
                "grid.21107.35",
                "grid.263081.e",
                "grid.17063.33",
                "grid.240267.5",
                "grid.94365.3d",
                "grid.19006.3e",
                "grid.266102.1",
                "grid.419681.3",
                "grid.48336.3a",
                "grid.290496.0",
                "grid.262863.b",
                "grid.261331.4",
                "grid.429997.8",
                "grid.420770.6",
                "grid.189967.8",
                "grid.280902.1",
                "grid.21925.3d"
            ]
        },
        {
            "id": "ur.01072746376.40",
            "last_name": "Liotta",
            "first_name": "Lance Allen",
            "research_orgs": [
                "grid.12284.3d",
                "grid.265008.9",
                "grid.279885.9",
                "grid.280128.1",
                "grid.418321.d",
                "grid.416651.1",
                "grid.419635.c",
                "grid.47100.32",
                "grid.254444.7",
                "grid.418021.e",
                "grid.25879.31",
                "grid.66875.3a",
                "grid.412750.5",
                "grid.214458.e",
                "grid.417468.8",
                "grid.420086.8",
                "grid.410711.2",
                "grid.261112.7",
                "grid.21107.35",
                "grid.420089.7",
                "grid.134563.6",
                "grid.10698.36",
                "grid.26009.3d",
                "grid.412004.3",
                "grid.410422.1",
                "grid.5608.b",
                "grid.453125.4",
                "grid.94365.3d",
                "grid.410305.3",
                "grid.67105.35",
                "grid.48336.3a",
                "grid.417893.0",
                "grid.411873.8",
                "grid.417781.c",
                "grid.22448.38",
                "grid.414467.4",
                "grid.223827.e",
                "grid.413454.3",
                "grid.29857.31",
                "grid.439338.6",
                "grid.496749.1",
                "grid.462662.2",
                "grid.410332.7",
                "grid.413840.a",
                "grid.417587.8",
                "grid.417768.b",
                "grid.4527.4",
                "grid.7605.4"
            ]
        },
        {
            "id": "ur.014574352677.16",
            "last_name": "Petricoin",
            "first_name": "Emanuel F Iii",
            "research_orgs": [
                "grid.416651.1",
                "grid.265436.0",
                "grid.4367.6",
                "grid.418021.e",
                "grid.189509.c",
                "grid.420086.8",
                "grid.410711.2",
                "grid.50956.3f",
                "grid.261112.7",
                "grid.21107.35",
                "grid.32224.35",
                "grid.241104.2",
                "grid.413103.4",
                "grid.10698.36",
                "grid.410422.1",
                "grid.414629.c",
                "grid.412584.e",
                "grid.453125.4",
                "grid.94365.3d",
                "grid.48336.3a",
                "grid.417893.0",
                "grid.417781.c",
                "grid.22448.38",
                "grid.290496.0",
                "grid.170205.1",
                "grid.413454.3",
                "grid.257413.6",
                "grid.273335.3",
                "grid.462662.2",
                "grid.6363.0",
                "grid.417587.8",
                "grid.417768.b",
                "grid.7605.4"
            ]
        },
        {
            "id": "ur.011162755507.24",
            "last_name": "Zhang",
            "first_name": "Ying",
            "orcid_id": [
                "0000-0003-2753-7601"
            ],
            "research_orgs": [
                "grid.263761.7",
                "grid.411405.5",
                "grid.21107.35",
                "grid.11841.3d",
                "grid.32566.34",
                "grid.266102.1",
                "grid.8547.e",
                "grid.411333.7",
                "grid.8241.f",
                "grid.14003.36",
                "grid.417768.b"
            ]
        }
    ],
    "pmcid": "PMC2042178",
    "research_org_state_codes": [
        {
            "id": "US-VA",
            "name": "Virginia"
        },
        {
            "id": "US-MD",
            "name": "Maryland"
        }
    ],
    "altmetric": 10.0,
    "pages": "16158-16163",
    "research_org_cities": [
        {
            "id": 4347778,
            "name": "Baltimore"
        },
        {
            "id": 4758023,
            "name": "Fairfax"
        }
    ],
    "open_access": [
        "Open Access - all",
        "Open Access - publisher",
        "Open Access - published"
    ],
    "research_org_countries": [
        {
            "id": "US",
            "name": "United States"
        }
    ],
    "doi": "10.1073/pnas.0702596104",
    "FOR": [
        {
            "id": "2581",
            "name": "0601 Biochemistry and Cell Biology"
        },
        {
            "id": "3142",
            "name": "1112 Oncology and Carcinogenesis"
        }
    ],
    "research_orgs": [
        {
            "id": "grid.21107.35",
            "acronym": "JHU",
            "state_name": "Maryland",
            "types": [
                "Education"
            ],
            "longitude": -76.62028,
            "linkout": [
                "https://www.jhu.edu/"
            ],
            "latitude": 39.328888,
            "name": "Johns Hopkins University",
            "city_name": "Baltimore",
            "country_name": "United States"
        },
        {
            "id": "grid.22448.38",
            "state_name": "Virginia",
            "types": [
                "Education"
            ],
            "longitude": -77.30807,
            "linkout": [
                "https://www.gmu.edu/"
            ],
            "latitude": 38.832436,
            "name": "George Mason University",
            "city_name": "Fairfax",
            "country_name": "United States"
        }
    ],
    "times_cited": 445,
    "pmid": "17911267",
    "funders": [
        {
            "id": "grid.431434.5",
            "state_name": "New York",
            "types": [
                "Company"
            ],
            "longitude": -73.96806,
            "linkout": [
                "http://www.bloomberg.com/company/"
            ],
            "latitude": 40.761646,
            "name": "Bloomberg (United States)",
            "city_name": "New York",
            "country_name": "United States"
        },
        {
            "id": "grid.419681.3",
            "acronym": "NIAID",
            "state_name": "Maryland",
            "types": [
                "Facility"
            ],
            "longitude": -77.11183,
            "linkout": [
                "http://www.niaid.nih.gov/Pages/default.aspx"
            ],
            "latitude": 39.066647,
            "name": "National Institute of Allergy and Infectious Diseases",
            "city_name": "Bethesda",
            "country_name": "United States"
        }
    ],
    "research_org_country_names": [
        "United States"
    ],
    "id": "pub.1017769165",
    "issue": "41",
    "journal": {
        "id": "jour.1082971",
        "title": "Proceedings of the National Academy of Sciences of the United States of America"
    },
    "year": 2007,
    "references": [
        "pub.1018724794",
        "pub.1033430574",
        "pub.1044178395",
        "pub.1026166787",
        "pub.1030394047",
        "pub.1002972347",
        "pub.1026901039",
        "pub.1044033062",
        "pub.1012527227",
        "pub.1024245226",
        "pub.1018192714",
        "pub.1015336981",
        "pub.1039288185",
        "pub.1046950382",
        "pub.1012674084",
        "pub.1018679722",
        "pub.1011460516",
        "pub.1083276278",
        "pub.1021100179",
        "pub.1040378214",
        "pub.1028822583",
        "pub.1020881612",
        "pub.1043818400",
        "pub.1050924893",
        "pub.1021276562",
        "pub.1022333948",
        "pub.1004049143",
        "pub.1035576169",
        "pub.1039651292",
        "pub.1014676678",
        "pub.1002779651",
        "pub.1023394265",
        "pub.1027226854"
    ],
    "relative_citation_ratio": 9.41,
    "research_org_state_names": [
        "Virginia",
        "Maryland"
    ],
    "author_affiliations": [
        [
            {
                "first_name": "Jiangbing",
                "last_name": "Zhou",
                "initials": "",
                "corresponding": "",
                "orcid": "",
                "current_organization_id": "grid.47100.32",
                "researcher_id": "ur.01223553715.97",
                "affiliations": [
                    {
                        "id": "grid.21107.35",
                        "name": "Johns Hopkins University",
                        "city": "Baltimore",
                        "city_id": 4347778,
                        "country": "United States",
                        "country_code": "US",
                        "state": "Maryland",
                        "state_code": "US-MD"
                    }
                ]
            },
            {
                "first_name": "Julia",
                "last_name": "Wulfkuhle",
                "initials": "",
                "corresponding": "",
                "orcid": "",
                "current_organization_id": "grid.22448.38",
                "researcher_id": "ur.0675711061.44",
                "affiliations": [
                    {
                        "id": "grid.22448.38",
                        "name": "George Mason University",
                        "city": "Fairfax",
                        "city_id": 4758023,
                        "country": "United States",
                        "country_code": "US",
                        "state": "Virginia",
                        "state_code": "US-VA"
                    }
                ]
            },
            {
                "first_name": "Hao",
                "last_name": "Zhang",
                "initials": "",
                "corresponding": "",
                "orcid": "",
                "current_organization_id": "grid.21107.35",
                "researcher_id": "ur.015377225764.74",
                "affiliations": [
                    {
                        "id": "grid.21107.35",
                        "name": "Johns Hopkins University",
                        "city": "Baltimore",
                        "city_id": 4347778,
                        "country": "United States",
                        "country_code": "US",
                        "state": "Maryland",
                        "state_code": "US-MD"
                    }
                ]
            },
            {
                "first_name": "Peihua",
                "last_name": "Gu",
                "initials": "",
                "corresponding": "",
                "orcid": "",
                "current_organization_id": "grid.21107.35",
                "researcher_id": "ur.01217020051.55",
                "affiliations": [
                    {
                        "id": "grid.21107.35",
                        "name": "Johns Hopkins University",
                        "city": "Baltimore",
                        "city_id": 4347778,
                        "country": "United States",
                        "country_code": "US",
                        "state": "Maryland",
                        "state_code": "US-MD"
                    }
                ]
            },
            {
                "first_name": "Yanqin",
                "last_name": "Yang",
                "initials": "",
                "corresponding": "",
                "orcid": "",
                "current_organization_id": "grid.21107.35",
                "researcher_id": "ur.01071666122.18",
                "affiliations": [
                    {
                        "id": "grid.21107.35",
                        "name": "Johns Hopkins University",
                        "city": "Baltimore",
                        "city_id": 4347778,
                        "country": "United States",
                        "country_code": "US",
                        "state": "Maryland",
                        "state_code": "US-MD"
                    }
                ]
            },
            {
                "first_name": "Jianghong",
                "last_name": "Deng",
                "initials": "",
                "corresponding": "",
                "orcid": "",
                "current_organization_id": "grid.22448.38",
                "researcher_id": "ur.016022425147.14",
                "affiliations": [
                    {
                        "id": "grid.22448.38",
                        "name": "George Mason University",
                        "city": "Fairfax",
                        "city_id": 4758023,
                        "country": "United States",
                        "country_code": "US",
                        "state": "Virginia",
                        "state_code": "US-VA"
                    }
                ]
            },
            {
                "first_name": "Joseph B.",
                "last_name": "Margolick",
                "initials": "",
                "corresponding": "",
                "orcid": "",
                "current_organization_id": "grid.21107.35",
                "researcher_id": "ur.01157304405.69",
                "affiliations": [
                    {
                        "id": "grid.21107.35",
                        "name": "Johns Hopkins University",
                        "city": "Baltimore",
                        "city_id": 4347778,
                        "country": "United States",
                        "country_code": "US",
                        "state": "Maryland",
                        "state_code": "US-MD"
                    }
                ]
            },
            {
                "first_name": "Lance A.",
                "last_name": "Liotta",
                "initials": "",
                "corresponding": "",
                "orcid": "",
                "current_organization_id": "grid.22448.38",
                "researcher_id": "ur.01072746376.40",
                "affiliations": [
                    {
                        "id": "grid.22448.38",
                        "name": "George Mason University",
                        "city": "Fairfax",
                        "city_id": 4758023,
                        "country": "United States",
                        "country_code": "US",
                        "state": "Virginia",
                        "state_code": "US-VA"
                    }
                ]
            },
            {
                "first_name": "Emanuel",
                "last_name": "Petricoin",
                "initials": "",
                "corresponding": "",
                "orcid": "",
                "current_organization_id": "grid.22448.38",
                "researcher_id": "ur.014574352677.16",
                "affiliations": [
                    {
                        "id": "grid.22448.38",
                        "name": "George Mason University",
                        "city": "Fairfax",
                        "city_id": 4758023,
                        "country": "United States",
                        "country_code": "US",
                        "state": "Virginia",
                        "state_code": "US-VA"
                    }
                ]
            },
            {
                "first_name": "Ying",
                "last_name": "Zhang",
                "initials": "",
                "corresponding": "",
                "orcid": "['0000-0003-2753-7601']",
                "current_organization_id": "grid.21107.35",
                "researcher_id": "ur.011162755507.24",
                "affiliations": [
                    {
                        "id": "grid.21107.35",
                        "name": "Johns Hopkins University",
                        "city": "Baltimore",
                        "city_id": 4347778,
                        "country": "United States",
                        "country_code": "US",
                        "state": "Maryland",
                        "state_code": "US-MD"
                    }
                ]
            }
        ]
    ],
    "type": "article"
}