{
    "research_orgs": [
        {
            "id": "grid.266842.c",
            "linkout": [
                "http://www.newcastle.edu.au/"
            ],
            "city_name": "Newcastle",
            "longitude": 151.70444,
            "acronym": "UoN",
            "state_name": "New South Wales",
            "latitude": -32.892776,
            "name": "University of Newcastle Australia",
            "types": [
                "Education"
            ],
            "country_name": "Australia"
        }
    ],
    "research_org_country_names": [
        "Australia"
    ],
    "pmid": "16443708",
    "title": "Asthma exacerbations during pregnancy: incidence and association with adverse pregnancy outcomes",
    "type": "article",
    "year": 2006,
    "journal": {
        "id": "jour.1019594",
        "title": "Thorax"
    },
    "researchers": [
        {
            "id": "ur.0726631761.45",
            "research_orgs": [
                "grid.1013.3",
                "grid.414724.0",
                "grid.266842.c",
                "grid.413648.c"
            ],
            "first_name": "Vanessa E",
            "last_name": "Murphy"
        },
        {
            "id": "ur.01103065575.19",
            "research_orgs": [
                "grid.460217.6",
                "grid.1010.0",
                "grid.1064.3",
                "grid.5386.8",
                "grid.1022.1",
                "grid.489335.0",
                "grid.460761.2",
                "grid.5335.0",
                "grid.413734.6",
                "grid.414724.0",
                "grid.413648.c",
                "grid.1012.2",
                "grid.17063.33",
                "grid.266842.c",
                "grid.5252.0",
                "grid.1003.2",
                "grid.416562.2"
            ],
            "first_name": "Vicki Lee",
            "last_name": "Clifton",
            "orcid_id": [
                "0000-0002-4892-6748"
            ]
        },
        {
            "id": "ur.015635764222.60",
            "research_orgs": [
                "grid.25073.33",
                "grid.64924.3d",
                "grid.271089.5",
                "grid.422050.1",
                "grid.9707.9",
                "grid.412703.3",
                "grid.3006.5",
                "grid.1003.2",
                "grid.437825.f",
                "grid.1013.3",
                "grid.413648.c",
                "grid.416107.5",
                "grid.416721.7",
                "grid.431143.0",
                "grid.417229.b",
                "grid.1005.4",
                "grid.414724.0",
                "grid.1006.7",
                "grid.17091.3e",
                "grid.123047.3",
                "grid.258799.8",
                "grid.266842.c"
            ],
            "first_name": "Peter Gerard",
            "last_name": "Gibson",
            "orcid_id": [
                "0000-0001-5865-489X"
            ]
        }
    ],
    "FOR": [
        {
            "id": "3158",
            "name": "1114 Paediatrics and Reproductive Medicine"
        },
        {
            "id": "3048",
            "name": "1102 Cardiorespiratory Medicine and Haematology"
        },
        {
            "id": "3177",
            "name": "1117 Public Health and Health Services"
        }
    ],
    "research_org_countries": [
        {
            "id": "AU",
            "name": "Australia"
        }
    ],
    "date": "2006-02-01",
    "altmetric": 13.0,
    "pages": "169",
    "research_org_state_names": [
        "New South Wales"
    ],
    "id": "pub.1016875540",
    "research_org_state_codes": [
        {
            "id": "AU-NSW",
            "name": "New South Wales"
        }
    ],
    "volume": "61",
    "issue": "2",
    "research_org_cities": [
        {
            "id": 2155472,
            "name": "Newcastle"
        }
    ],
    "open_access": [
        "Open Access - all",
        "Open Access - publisher",
        "Open Access - published"
    ],
    "author_affiliations": [
        [
            {
                "first_name": "V E",
                "last_name": "Murphy",
                "initials": "",
                "corresponding": "",
                "orcid": "",
                "current_organization_id": "grid.266842.c",
                "researcher_id": "ur.0726631761.45",
                "affiliations": [
                    {
                        "id": "grid.266842.c",
                        "name": "University of Newcastle Australia",
                        "city": "Newcastle",
                        "city_id": 2155472,
                        "country": "Australia",
                        "country_code": "AU",
                        "state": "New South Wales",
                        "state_code": "AU-NSW"
                    },
                    {
                        "id": "grid.266842.c",
                        "name": "University of Newcastle Australia",
                        "city": "Newcastle",
                        "city_id": 2155472,
                        "country": "Australia",
                        "country_code": "AU",
                        "state": "New South Wales",
                        "state_code": "AU-NSW"
                    }
                ]
            },
            {
                "first_name": "V L",
                "last_name": "Clifton",
                "initials": "",
                "corresponding": "",
                "orcid": "['0000-0002-4892-6748']",
                "current_organization_id": "grid.1003.2",
                "researcher_id": "ur.01103065575.19",
                "affiliations": [
                    {
                        "id": "grid.266842.c",
                        "name": "University of Newcastle Australia",
                        "city": "Newcastle",
                        "city_id": 2155472,
                        "country": "Australia",
                        "country_code": "AU",
                        "state": "New South Wales",
                        "state_code": "AU-NSW"
                    },
                    {
                        "id": "grid.266842.c",
                        "name": "University of Newcastle Australia",
                        "city": "Newcastle",
                        "city_id": 2155472,
                        "country": "Australia",
                        "country_code": "AU",
                        "state": "New South Wales",
                        "state_code": "AU-NSW"
                    }
                ]
            },
            {
                "first_name": "P G",
                "last_name": "Gibson",
                "initials": "",
                "corresponding": "",
                "orcid": "['0000-0001-5865-489X']",
                "current_organization_id": "grid.266842.c",
                "researcher_id": "ur.015635764222.60",
                "affiliations": [
                    {
                        "id": "grid.266842.c",
                        "name": "University of Newcastle Australia",
                        "city": "Newcastle",
                        "city_id": 2155472,
                        "country": "Australia",
                        "country_code": "AU",
                        "state": "New South Wales",
                        "state_code": "AU-NSW"
                    },
                    {
                        "id": "grid.266842.c",
                        "name": "University of Newcastle Australia",
                        "city": "Newcastle",
                        "city_id": 2155472,
                        "country": "Australia",
                        "country_code": "AU",
                        "state": "New South Wales",
                        "state_code": "AU-NSW"
                    }
                ]
            }
        ]
    ],
    "pmcid": "PMC2104591",
    "doi": "10.1136/thx.2005.049718",
    "times_cited": 223,
    "references": [
        "pub.1022338653",
        "pub.1013492617",
        "pub.1049817628",
        "pub.1048860306",
        "pub.1025330370",
        "pub.1004823177",
        "pub.1051125318",
        "pub.1027551443",
        "pub.1016232989",
        "pub.1041102491",
        "pub.1032704418",
        "pub.1040827639",
        "pub.1043490636",
        "pub.1010453166",
        "pub.1038370686",
        "pub.1017655398",
        "pub.1031707722",
        "pub.1008786033",
        "pub.1036356314",
        "pub.1031550445",
        "pub.1015833009",
        "pub.1074637578",
        "pub.1041164388",
        "pub.1014891994",
        "pub.1054228750",
        "pub.1033841727",
        "pub.1015544095",
        "pub.1023723086",
        "pub.1021884826",
        "pub.1007377161",
        "pub.1041708432",
        "pub.1048617518",
        "pub.1005020134",
        "pub.1015680546",
        "pub.1082300075",
        "pub.1025458347",
        "pub.1005575256",
        "pub.1083276254",
        "pub.1054596548",
        "pub.1018422983",
        "pub.1050985904",
        "pub.1050543268"
    ],
    "relative_citation_ratio": 5.82
}