{
    "author_affiliations": [
        [
            {
                "first_name": "Parvaiz Ahmad",
                "last_name": "Naik",
                "initials": "",
                "corresponding": "",
                "orcid": "",
                "current_organization_id": "grid.43169.39",
                "researcher_id": "ur.011723722307.22",
                "affiliations": [
                    {
                        "id": "grid.43169.39",
                        "name": "Xi'an Jiaotong University",
                        "city": "Xi'an",
                        "city_id": 1790630,
                        "country": "China",
                        "country_code": "CN",
                        "state": null,
                        "state_code": null
                    }
                ]
            },
            {
                "first_name": "Jian",
                "last_name": "Zu",
                "initials": "",
                "corresponding": true,
                "orcid": "['0000-0003-3633-0725']",
                "current_organization_id": "grid.43169.39",
                "researcher_id": "ur.01061114632.47",
                "affiliations": [
                    {
                        "id": "grid.43169.39",
                        "name": "Xi'an Jiaotong University",
                        "city": "Xi'an",
                        "city_id": 1790630,
                        "country": "China",
                        "country_code": "CN",
                        "state": null,
                        "state_code": null
                    }
                ]
            },
            {
                "first_name": "Kolade M.",
                "last_name": "Owolabi",
                "initials": "",
                "corresponding": "",
                "orcid": "",
                "current_organization_id": "grid.412219.d",
                "researcher_id": "ur.01056074451.53",
                "affiliations": [
                    {
                        "id": "grid.444812.f",
                        "name": "Ton Duc Thang University",
                        "city": "Ho Chi Minh City",
                        "city_id": 1566083,
                        "country": "Vietnam",
                        "country_code": "VN",
                        "state": null,
                        "state_code": null
                    },
                    {
                        "id": "grid.412219.d",
                        "name": "University of the Free State",
                        "city": "Bloemfontein",
                        "city_id": 1018725,
                        "country": "South Africa",
                        "country_code": "ZA",
                        "state": null,
                        "state_code": null
                    }
                ]
            }
        ]
    ],
    "FOR": [
        {
            "id": "3103",
            "name": "1107 Immunology"
        }
    ],
    "research_org_countries": [
        {
            "id": "VN",
            "name": "Vietnam"
        },
        {
            "id": "CN",
            "name": "China"
        },
        {
            "id": "ZA",
            "name": "South Africa"
        }
    ],
    "title": "Modelling the mechanics of viral kinetics under immune control during primary infection of HIV-1 with treatment in fractional order",
    "research_org_cities": [
        {
            "id": 1566083,
            "name": "Ho Chi Minh City"
        },
        {
            "id": 1018725,
            "name": "Bloemfontein"
        },
        {
            "id": 1790630,
            "name": "Xi\u2019an"
        }
    ],
    "pages": "123816",
    "doi": "10.1016/j.physa.2019.123816",
    "times_cited": 2,
    "funders": [
        {
            "id": "grid.453034.5",
            "name": "China Postdoctoral Science Foundation",
            "linkout": [
                "http://res.chinapostdoctor.org.cn/BshWeb/index.shtml"
            ],
            "country_name": "China",
            "types": [
                "Nonprofit"
            ],
            "latitude": 39.91624,
            "city_name": "Beijing",
            "longitude": 116.40845
        },
        {
            "id": "grid.419696.5",
            "name": "National Natural Science Foundation of China",
            "linkout": [
                "http://www.nsfc.gov.cn/publish/portal1/"
            ],
            "country_name": "China",
            "types": [
                "Government"
            ],
            "latitude": 40.005177,
            "acronym": "NSFC",
            "city_name": "Beijing",
            "longitude": 116.33983
        },
        {
            "id": "grid.424020.0",
            "name": "Ministry of Science and Technology of the People's Republic of China",
            "linkout": [
                "http://www.most.gov.cn/eng/"
            ],
            "country_name": "China",
            "types": [
                "Government"
            ],
            "latitude": 39.827835,
            "acronym": "MOST",
            "city_name": "Beijing",
            "longitude": 116.316284
        }
    ],
    "journal": {
        "id": "jour.1134078",
        "title": "Physica A Statistical Mechanics and its Applications"
    },
    "research_orgs": [
        {
            "id": "grid.43169.39",
            "name": "Xi'an Jiaotong University",
            "linkout": [
                "http://en.xjtu.edu.cn/"
            ],
            "country_name": "China",
            "types": [
                "Education"
            ],
            "latitude": 34.247223,
            "acronym": "XJTU",
            "city_name": "Xi'an",
            "longitude": 108.979164
        },
        {
            "id": "grid.412219.d",
            "name": "University of the Free State",
            "linkout": [
                "http://www.ufs.ac.za/"
            ],
            "country_name": "South Africa",
            "types": [
                "Education"
            ],
            "latitude": -29.104445,
            "city_name": "Bloemfontein",
            "longitude": 26.175278
        },
        {
            "id": "grid.444812.f",
            "name": "Ton Duc Thang University",
            "linkout": [
                "https://www.tdtu.edu.vn/"
            ],
            "country_name": "Vietnam",
            "types": [
                "Education"
            ],
            "latitude": 10.733828,
            "acronym": "TDTU",
            "city_name": "Ho Chi Minh City",
            "longitude": 106.699684
        }
    ],
    "year": 2019,
    "references": [
        "pub.1018925595",
        "pub.1104331412",
        "pub.1105407798",
        "pub.1001206248",
        "pub.1062974163",
        "pub.1083152693",
        "pub.1024383361",
        "pub.1000493080",
        "pub.1113603927",
        "pub.1107417235",
        "pub.1033253497",
        "pub.1050400123",
        "pub.1028652887",
        "pub.1027946743",
        "pub.1002749592",
        "pub.1006303112",
        "pub.1044075268",
        "pub.1085330250",
        "pub.1006110751",
        "pub.1034016627",
        "pub.1019495059",
        "pub.1100463482",
        "pub.1007648778",
        "pub.1103263428",
        "pub.1016609977",
        "pub.1005467242",
        "pub.1051160088",
        "pub.1032031563",
        "pub.1029513709",
        "pub.1113052825",
        "pub.1034419743",
        "pub.1085054677",
        "pub.1029029417",
        "pub.1031602060",
        "pub.1122443206",
        "pub.1041611551",
        "pub.1052661355",
        "pub.1032857780",
        "pub.1090946234",
        "pub.1019700206",
        "pub.1062552083",
        "pub.1090805405",
        "pub.1103433313",
        "pub.1051618469",
        "pub.1012708443",
        "pub.1019001111",
        "pub.1084766146",
        "pub.1110031340",
        "pub.1113645527",
        "pub.1062869435",
        "pub.1062552673",
        "pub.1113285412"
    ],
    "id": "pub.1123343675",
    "research_org_country_names": [
        "China",
        "South Africa",
        "Vietnam"
    ],
    "date": "2019-12-01",
    "researchers": [
        {
            "id": "ur.011723722307.22",
            "research_orgs": [
                "grid.460878.5",
                "grid.43169.39",
                "grid.419487.7"
            ],
            "last_name": "Naik",
            "first_name": "Parvaiz Ahmad"
        },
        {
            "id": "ur.01061114632.47",
            "research_orgs": [
                "grid.170205.1",
                "grid.263536.7",
                "grid.411764.1",
                "grid.43169.39",
                "grid.437806.e"
            ],
            "last_name": "Zu",
            "first_name": "Jian",
            "orcid_id": [
                "0000-0003-3633-0725"
            ]
        },
        {
            "id": "ur.01056074451.53",
            "research_orgs": [
                "grid.444812.f",
                "grid.412219.d",
                "grid.449212.8",
                "grid.411257.4",
                "grid.8974.2"
            ],
            "last_name": "Owolabi",
            "first_name": "Kolade M"
        }
    ],
    "type": "article"
}