{
    "pmid": "17188553",
    "author_affiliations": [
        [
            {
                "first_name": "Kay E.",
                "last_name": "Holekamp",
                "initials": "",
                "corresponding": "",
                "orcid": "['0000-0001-5471-1076']",
                "current_organization_id": "grid.17088.36",
                "researcher_id": "ur.0764607107.46",
                "affiliations": [
                    {
                        "id": "grid.17088.36",
                        "name": "Michigan State University",
                        "city": "East Lansing",
                        "city_id": 4991640,
                        "country": "United States",
                        "country_code": "US",
                        "state": "Michigan",
                        "state_code": "US-MI"
                    }
                ]
            }
        ]
    ],
    "FOR": [
        {
            "id": "3468",
            "name": "1701 Psychology"
        }
    ],
    "research_org_countries": [
        {
            "id": "US",
            "name": "United States"
        }
    ],
    "title": "Questioning the social intelligence hypothesis",
    "research_org_cities": [
        {
            "id": 4991640,
            "name": "East Lansing"
        }
    ],
    "pages": "65-69",
    "issue": "2",
    "research_org_state_names": [
        "Michigan"
    ],
    "doi": "10.1016/j.tics.2006.11.003",
    "times_cited": 67,
    "funders": [
        {
            "id": "grid.457768.f",
            "name": "Directorate for Biological Sciences",
            "linkout": [
                "http://www.nsf.gov/dir/index.jsp?org=BIO"
            ],
            "country_name": "United States",
            "types": [
                "Government"
            ],
            "latitude": 38.88058,
            "acronym": "NSF BIO",
            "state_name": "Virginia",
            "city_name": "Arlington",
            "longitude": -77.110985
        }
    ],
    "journal": {
        "id": "jour.1116946",
        "title": "Trends in Cognitive Sciences"
    },
    "research_orgs": [
        {
            "id": "grid.17088.36",
            "name": "Michigan State University",
            "linkout": [
                "https://msu.edu/"
            ],
            "country_name": "United States",
            "types": [
                "Education"
            ],
            "latitude": 42.723,
            "acronym": "MSU",
            "state_name": "Michigan",
            "city_name": "East Lansing",
            "longitude": -84.481
        }
    ],
    "year": 2007,
    "references": [
        "pub.1062511440",
        "pub.1020208305",
        "pub.1048393342",
        "pub.1037084587",
        "pub.1047113337",
        "pub.1001189588",
        "pub.1030897584",
        "pub.1017693898",
        "pub.1006567904",
        "pub.1073401774",
        "pub.1019601955",
        "pub.1036722992",
        "pub.1011332446",
        "pub.1073350347",
        "pub.1005943899",
        "pub.1051331376",
        "pub.1011300577",
        "pub.1013120107",
        "pub.1001864646",
        "pub.1025006291",
        "pub.1005749858",
        "pub.1049044360",
        "pub.1062649225",
        "pub.1043328297",
        "pub.1014925185",
        "pub.1051156025",
        "pub.1030417183",
        "pub.1019841139",
        "pub.1043907742",
        "pub.1019286649",
        "pub.1049378530",
        "pub.1062450984",
        "pub.1087838864",
        "pub.1027284316",
        "pub.1038921072",
        "pub.1033948782",
        "pub.1023690425",
        "pub.1021348941",
        "pub.1062453711",
        "pub.1029466176",
        "pub.1062449663",
        "pub.1069461622"
    ],
    "id": "pub.1052447285",
    "research_org_country_names": [
        "United States"
    ],
    "date": "2007-02-01",
    "research_org_state_codes": [
        {
            "id": "US-MI",
            "name": "Michigan"
        }
    ],
    "researchers": [
        {
            "id": "ur.0764607107.46",
            "research_orgs": [
                "grid.189747.4",
                "grid.17088.36",
                "grid.205975.c",
                "grid.242287.9",
                "grid.47840.3f"
            ],
            "last_name": "Holekamp",
            "first_name": "Kay Ellen",
            "orcid_id": [
                "0000-0001-5471-1076"
            ]
        }
    ],
    "relative_citation_ratio": 1.23,
    "type": "article",
    "volume": "11"
}