{
    "pmid": "15747421",
    "author_affiliations": [
        [
            {
                "first_name": "F",
                "last_name": "Cliquet",
                "initials": "",
                "corresponding": "",
                "orcid": "['0000-0003-2237-1243']",
                "current_organization_id": "grid.15540.35",
                "researcher_id": "ur.01216526205.67",
                "affiliations": [
                    {
                        "name": "WHO Collaborating Centre for Research and Management in Zoonoses Control, Community Reference Institute for Rabies Serology, AFSSA Nancy, Domaine de Pix\u00e9recourt, Malz\u00e9ville, France. f.cliquet@afssa.fr"
                    }
                ]
            },
            {
                "first_name": "M",
                "last_name": "Aubert",
                "initials": "",
                "corresponding": "",
                "orcid": "",
                "current_organization_id": "",
                "researcher_id": "ur.016340237342.29",
                "affiliations": []
            }
        ]
    ],
    "FOR": [
        {
            "id": "2727",
            "name": "0707 Veterinary Sciences"
        }
    ],
    "research_org_countries": [
        {
            "id": "FR",
            "name": "France"
        }
    ],
    "title": "Elimination of terrestrial rabies in Western European countries.",
    "research_org_cities": [
        {
            "id": 2996298,
            "name": "Malz\u00e9ville"
        }
    ],
    "pages": "185-204",
    "times_cited": 78,
    "year": 2004,
    "id": "pub.1077016408",
    "research_org_country_names": [
        "France"
    ],
    "date": "2004-01-01",
    "researchers": [
        {
            "id": "ur.01216526205.67",
            "research_orgs": [
                "grid.27860.3b",
                "grid.7080.f",
                "grid.414336.7",
                "grid.5399.6",
                "grid.15540.35",
                "grid.11024.36",
                "grid.413448.e",
                "grid.6612.3",
                "grid.428547.8",
                "grid.11194.3c",
                "grid.10586.3a",
                "grid.424659.8",
                "grid.417625.3"
            ],
            "last_name": "Cliquet",
            "first_name": "Florence",
            "orcid_id": [
                "0000-0003-2237-1243"
            ]
        },
        {
            "id": "ur.016340237342.29",
            "research_orgs": [
                "grid.15540.35",
                "grid.425727.1"
            ],
            "last_name": "Aubert",
            "first_name": "Michel F A"
        }
    ],
    "relative_citation_ratio": 1.94,
    "type": "article",
    "volume": "119"
}