{
    "research_orgs": [
        {
            "id": "grid.21107.35",
            "linkout": [
                "https://www.jhu.edu/"
            ],
            "city_name": "Baltimore",
            "longitude": -76.62028,
            "acronym": "JHU",
            "state_name": "Maryland",
            "latitude": 39.328888,
            "name": "Johns Hopkins University",
            "types": [
                "Education"
            ],
            "country_name": "United States"
        },
        {
            "id": "grid.429997.8",
            "linkout": [
                "http://www.tufts.edu/"
            ],
            "city_name": "Medford",
            "longitude": -71.12194,
            "state_name": "Massachusetts",
            "latitude": 42.40983,
            "name": "Tufts University",
            "types": [
                "Education"
            ],
            "country_name": "United States"
        }
    ],
    "research_org_country_names": [
        "United States"
    ],
    "pmid": "23009917",
    "funders": [
        {
            "id": "grid.279885.9",
            "linkout": [
                "http://www.nhlbi.nih.gov/"
            ],
            "city_name": "Bethesda",
            "longitude": -77.100945,
            "acronym": "NHLBI",
            "state_name": "Maryland",
            "latitude": 39.00428,
            "name": "National Heart Lung and Blood Institute",
            "types": [
                "Facility"
            ],
            "country_name": "United States"
        }
    ],
    "title": "Immune and inflammatory mechanisms in pulmonary arterial hypertension",
    "type": "article",
    "year": 2012,
    "journal": {
        "id": "jour.1017886",
        "title": "Progress in Cardiovascular Diseases"
    },
    "researchers": [
        {
            "id": "ur.0753006702.00",
            "research_orgs": [
                "grid.21107.35",
                "grid.429997.8",
                "grid.67033.31"
            ],
            "first_name": "Hala El",
            "last_name": "Chami"
        },
        {
            "id": "ur.0774767303.93",
            "research_orgs": [
                "grid.67033.31",
                "grid.21107.35",
                "grid.411940.9",
                "grid.415195.d",
                "grid.189967.8",
                "grid.152326.1",
                "grid.16872.3a",
                "grid.267313.2",
                "grid.475010.7",
                "grid.411042.2",
                "grid.25879.31",
                "grid.10423.34",
                "grid.429997.8",
                "grid.411935.b"
            ],
            "first_name": "Paul M",
            "last_name": "Hassoun"
        }
    ],
    "FOR": [
        {
            "id": "3103",
            "name": "1107 Immunology"
        },
        {
            "id": "3048",
            "name": "1102 Cardiorespiratory Medicine and Haematology"
        }
    ],
    "research_org_countries": [
        {
            "id": "US",
            "name": "United States"
        }
    ],
    "date": "2012-09-01",
    "altmetric": 1.0,
    "pages": "218-228",
    "research_org_state_names": [
        "Massachusetts",
        "Maryland"
    ],
    "id": "pub.1001916226",
    "research_org_state_codes": [
        {
            "id": "US-MD",
            "name": "Maryland"
        },
        {
            "id": "US-MA",
            "name": "Massachusetts"
        }
    ],
    "volume": "55",
    "issue": "2",
    "research_org_cities": [
        {
            "id": 4347778,
            "name": "Baltimore"
        },
        {
            "id": 4943629,
            "name": "Medford"
        }
    ],
    "open_access": [
        "Open Access - all",
        "Open Access - repository",
        "Open Access - accepted"
    ],
    "author_affiliations": [
        [
            {
                "first_name": "Hala El",
                "last_name": "Chami",
                "initials": "",
                "corresponding": "",
                "orcid": "",
                "current_organization_id": "grid.67033.31",
                "researcher_id": "ur.0753006702.00",
                "affiliations": [
                    {
                        "id": "grid.21107.35",
                        "name": "Johns Hopkins University",
                        "city": "Baltimore",
                        "city_id": 4347778,
                        "country": "United States",
                        "country_code": "US",
                        "state": "Maryland",
                        "state_code": "US-MD"
                    },
                    {
                        "id": "grid.429997.8",
                        "name": "Tufts University",
                        "city": "Medford",
                        "city_id": 4943629,
                        "country": "United States",
                        "country_code": "US",
                        "state": "Massachusetts",
                        "state_code": "US-MA"
                    }
                ]
            },
            {
                "first_name": "Paul M.",
                "last_name": "Hassoun",
                "initials": "",
                "corresponding": true,
                "orcid": "",
                "current_organization_id": "grid.21107.35",
                "researcher_id": "ur.0774767303.93",
                "affiliations": [
                    {
                        "id": "grid.21107.35",
                        "name": "Johns Hopkins University",
                        "city": "Baltimore",
                        "city_id": 4347778,
                        "country": "United States",
                        "country_code": "US",
                        "state": "Maryland",
                        "state_code": "US-MD"
                    }
                ]
            }
        ]
    ],
    "pmcid": "PMC3459180",
    "doi": "10.1016/j.pcad.2012.07.006",
    "times_cited": 58,
    "references": [
        "pub.1043140488",
        "pub.1063195034",
        "pub.1028933726",
        "pub.1063195329",
        "pub.1011132631",
        "pub.1021255103",
        "pub.1051401426",
        "pub.1006899649",
        "pub.1047822796",
        "pub.1021511972",
        "pub.1035132891",
        "pub.1030996728",
        "pub.1012910092",
        "pub.1042168507",
        "pub.1012470497",
        "pub.1007108279",
        "pub.1083265105",
        "pub.1005258687",
        "pub.1008138507",
        "pub.1052829899",
        "pub.1053084002",
        "pub.1017211836",
        "pub.1044478814",
        "pub.1054577563",
        "pub.1013305499",
        "pub.1083068894",
        "pub.1059225872",
        "pub.1011520046",
        "pub.1013900621",
        "pub.1082826117",
        "pub.1062498292",
        "pub.1011007633",
        "pub.1010985745",
        "pub.1042975120",
        "pub.1083233590",
        "pub.1044815331",
        "pub.1018534079",
        "pub.1048818551",
        "pub.1013839210",
        "pub.1019097005",
        "pub.1041193640",
        "pub.1019142916",
        "pub.1030858403",
        "pub.1000226407",
        "pub.1003067951",
        "pub.1050735194",
        "pub.1030112284",
        "pub.1043553426",
        "pub.1038510745",
        "pub.1067172118",
        "pub.1038252096",
        "pub.1043646265",
        "pub.1000828328",
        "pub.1014156480",
        "pub.1038614746",
        "pub.1013934904",
        "pub.1022628671",
        "pub.1035884558",
        "pub.1047690760",
        "pub.1043813847",
        "pub.1044473444",
        "pub.1082391563",
        "pub.1009150606",
        "pub.1028063388",
        "pub.1083099711",
        "pub.1028033795",
        "pub.1049414095",
        "pub.1044627181",
        "pub.1037752065",
        "pub.1004094432",
        "pub.1018909036",
        "pub.1020042054",
        "pub.1020730614",
        "pub.1004643036",
        "pub.1018755014",
        "pub.1053419107",
        "pub.1035973084",
        "pub.1050910320",
        "pub.1022272056",
        "pub.1010399376",
        "pub.1082843462",
        "pub.1001798175",
        "pub.1076602956",
        "pub.1063195789",
        "pub.1003340063",
        "pub.1051512468",
        "pub.1007950241",
        "pub.1050230021",
        "pub.1073695947",
        "pub.1027523916",
        "pub.1048363707",
        "pub.1074696610",
        "pub.1007148720",
        "pub.1063340984",
        "pub.1024377816",
        "pub.1035421334",
        "pub.1063416078",
        "pub.1019762705",
        "pub.1019165055",
        "pub.1050201542",
        "pub.1045413875"
    ],
    "relative_citation_ratio": 2.37
}