{
    "pmid": "2720781",
    "author_affiliations": [
        [
            {
                "first_name": "Ian",
                "last_name": "Brierley",
                "initials": "",
                "corresponding": "",
                "orcid": "['0000-0003-3965-4370']",
                "current_organization_id": "grid.5335.0",
                "researcher_id": "ur.01305745512.21",
                "affiliations": [
                    {
                        "id": "grid.5335.0",
                        "name": "University of Cambridge",
                        "city": "Cambridge",
                        "city_id": 2653941,
                        "country": "United Kingdom",
                        "country_code": "GB",
                        "state": null,
                        "state_code": null
                    }
                ]
            },
            {
                "first_name": "Paul",
                "last_name": "Digard",
                "initials": "",
                "corresponding": "",
                "orcid": "['0000-0002-0872-9440']",
                "current_organization_id": "grid.4305.2",
                "researcher_id": "ur.0611726352.14",
                "affiliations": [
                    {
                        "id": "grid.5335.0",
                        "name": "University of Cambridge",
                        "city": "Cambridge",
                        "city_id": 2653941,
                        "country": "United Kingdom",
                        "country_code": "GB",
                        "state": null,
                        "state_code": null
                    }
                ]
            },
            {
                "first_name": "Stephen C.",
                "last_name": "Inglis",
                "initials": "",
                "corresponding": "",
                "orcid": "",
                "current_organization_id": "",
                "researcher_id": "ur.01163570107.40",
                "affiliations": [
                    {
                        "id": "grid.5335.0",
                        "name": "University of Cambridge",
                        "city": "Cambridge",
                        "city_id": 2653941,
                        "country": "United Kingdom",
                        "country_code": "GB",
                        "state": null,
                        "state_code": null
                    }
                ]
            }
        ]
    ],
    "altmetric": 6.0,
    "FOR": [
        {
            "id": "2620",
            "name": "0604 Genetics"
        }
    ],
    "research_org_countries": [
        {
            "id": "GB",
            "name": "United Kingdom"
        }
    ],
    "title": "Characterization of an efficient coronavirus ribosomal frameshifting signal: Requirement for an RNA pseudoknot",
    "research_org_cities": [
        {
            "id": 2653941,
            "name": "Cambridge"
        }
    ],
    "pages": "537-547",
    "issue": "4",
    "doi": "10.1016/0092-8674(89)90124-4",
    "times_cited": 473,
    "journal": {
        "id": "jour.1019114",
        "title": "Cell"
    },
    "year": 1989,
    "research_orgs": [
        {
            "id": "grid.5335.0",
            "name": "University of Cambridge",
            "linkout": [
                "http://www.cam.ac.uk/"
            ],
            "country_name": "United Kingdom",
            "types": [
                "Education"
            ],
            "latitude": 52.204453,
            "city_name": "Cambridge",
            "longitude": 0.114908
        }
    ],
    "id": "pub.1042582426",
    "references": [
        "pub.1050781413",
        "pub.1046335196",
        "pub.1016826177",
        "pub.1005068263",
        "pub.1060355097",
        "pub.1003654028",
        "pub.1035210308",
        "pub.1079513731",
        "pub.1041306882",
        "pub.1017232805",
        "pub.1005127101",
        "pub.1008994944",
        "pub.1046403732",
        "pub.1046297605",
        "pub.1025360556",
        "pub.1047614146",
        "pub.1052421373",
        "pub.1034738201",
        "pub.1022754685",
        "pub.1046449475",
        "pub.1018139837",
        "pub.1031873969",
        "pub.1011551493",
        "pub.1026991187",
        "pub.1005155658",
        "pub.1081643357",
        "pub.1045604221",
        "pub.1062536802",
        "pub.1020278190",
        "pub.1000331426",
        "pub.1017120147",
        "pub.1006087068",
        "pub.1011385540",
        "pub.1081867430",
        "pub.1081559832",
        "pub.1011682009",
        "pub.1032065119",
        "pub.1079740068",
        "pub.1031893220",
        "pub.1044623113",
        "pub.1001195129",
        "pub.1004429134"
    ],
    "research_org_country_names": [
        "United Kingdom"
    ],
    "date": "1989-05-01",
    "researchers": [
        {
            "id": "ur.01305745512.21",
            "research_orgs": [
                "grid.5685.e",
                "grid.5335.0",
                "grid.4991.5"
            ],
            "last_name": "Brierley",
            "first_name": "Ian",
            "orcid_id": [
                "0000-0003-3965-4370"
            ]
        },
        {
            "id": "ur.0611726352.14",
            "research_orgs": [
                "grid.9909.9",
                "grid.5335.0",
                "grid.38142.3c",
                "grid.482685.5",
                "grid.4305.2",
                "grid.7372.1"
            ],
            "last_name": "Digard",
            "first_name": "Paul E",
            "orcid_id": [
                "0000-0002-0872-9440"
            ]
        },
        {
            "id": "ur.01163570107.40",
            "research_orgs": [
                "grid.241103.5",
                "grid.5335.0"
            ],
            "last_name": "Inglis",
            "first_name": "Stephen C"
        }
    ],
    "relative_citation_ratio": 10.06,
    "type": "article",
    "volume": "57"
}