{
    "funders": [
        {
            "id": "grid.453171.5",
            "linkout": [
                "https://www.qld.gov.au"
            ],
            "city_name": "Caboolture",
            "longitude": 152.83545,
            "state_name": "Queensland",
            "latitude": -26.541273,
            "name": "Queensland Government",
            "types": [
                "Government"
            ],
            "country_name": "Australia"
        }
    ],
    "title": "Persistent or long-term coronavirus infection in Australian bats",
    "type": "article",
    "year": 2017,
    "journal": {
        "id": "jour.1023533",
        "title": "Microbiology Australia"
    },
    "date": "2017-01-01",
    "id": "pub.1083876619",
    "open_access": [
        "Open Access - all",
        "Open Access - publisher",
        "Open Access - published"
    ],
    "author_affiliations": [
        [
            {
                "first_name": "Craig",
                "last_name": "Smith",
                "initials": "",
                "corresponding": "",
                "orcid": "",
                "current_organization_id": "",
                "researcher_id": "",
                "affiliations": []
            }
        ]
    ],
    "doi": "10.1071/ma17004",
    "times_cited": 1
}