{
    "volume": "260",
    "date": "2017-10-01",
    "title": "Ranking influential nodes in social networks based on node position and neighborhood",
    "researchers": [
        {
            "id": "ur.0765452142.60",
            "last_name": "Wang",
            "first_name": "Zhixiao",
            "research_orgs": [
                "grid.266859.6",
                "grid.410579.e",
                "grid.411510.0"
            ]
        },
        {
            "id": "ur.07635722777.06",
            "last_name": "Du",
            "first_name": "Changjiang",
            "research_orgs": [
                "grid.411510.0"
            ]
        },
        {
            "id": "ur.015052333145.83",
            "last_name": "Fan",
            "first_name": "Jian-Ping",
            "research_orgs": [
                "grid.411963.8",
                "grid.458462.9",
                "grid.458489.c",
                "grid.147455.6",
                "grid.8547.e",
                "grid.136593.b",
                "grid.266859.6",
                "grid.9227.e",
                "grid.410726.6",
                "grid.10698.36",
                "grid.440588.5",
                "grid.424936.e",
                "grid.169077.e",
                "grid.412262.1"
            ]
        },
        {
            "id": "ur.013032402313.94",
            "last_name": "Xing",
            "first_name": "Yan",
            "research_orgs": [
                "grid.411510.0",
                "grid.411713.1"
            ]
        }
    ],
    "research_org_state_codes": [
        {
            "id": "US-NC",
            "name": "North Carolina"
        }
    ],
    "pages": "466-477",
    "research_org_cities": [
        {
            "id": 10630003,
            "name": "Xuzhou"
        },
        {
            "id": 4460243,
            "name": "Charlotte"
        }
    ],
    "research_org_countries": [
        {
            "id": "CN",
            "name": "China"
        },
        {
            "id": "US",
            "name": "United States"
        }
    ],
    "doi": "10.1016/j.neucom.2017.04.064",
    "FOR": [
        {
            "id": "2746",
            "name": "0801 Artificial Intelligence and Image Processing"
        },
        {
            "id": "2759",
            "name": "0802 Computation Theory and Mathematics"
        }
    ],
    "times_cited": 33,
    "research_orgs": [
        {
            "id": "grid.266859.6",
            "acronym": "UNCC",
            "state_name": "North Carolina",
            "types": [
                "Education"
            ],
            "longitude": -80.73238,
            "linkout": [
                "http://www.uncc.edu/"
            ],
            "latitude": 35.303555,
            "name": "University of North Carolina at Charlotte",
            "city_name": "Charlotte",
            "country_name": "United States"
        },
        {
            "id": "grid.411510.0",
            "acronym": "CUMT",
            "types": [
                "Education"
            ],
            "longitude": 117.285225,
            "linkout": [
                "http://www.cumt.edu.cn/"
            ],
            "latitude": 34.21466,
            "name": "China University of Mining and Technology",
            "city_name": "Xuzhou",
            "country_name": "China"
        }
    ],
    "funders": [
        {
            "id": "grid.453034.5",
            "types": [
                "Nonprofit"
            ],
            "longitude": 116.40845,
            "linkout": [
                "http://res.chinapostdoctor.org.cn/BshWeb/index.shtml"
            ],
            "latitude": 39.91624,
            "name": "China Postdoctoral Science Foundation",
            "city_name": "Beijing",
            "country_name": "China"
        },
        {
            "id": "grid.419696.5",
            "acronym": "NSFC",
            "types": [
                "Government"
            ],
            "longitude": 116.33983,
            "linkout": [
                "http://www.nsfc.gov.cn/publish/portal1/"
            ],
            "latitude": 40.005177,
            "name": "National Natural Science Foundation of China",
            "city_name": "Beijing",
            "country_name": "China"
        },
        {
            "id": "grid.457785.c",
            "acronym": "NSF CISE",
            "state_name": "Virginia",
            "types": [
                "Government"
            ],
            "longitude": -77.111,
            "linkout": [
                "http://www.nsf.gov/dir/index.jsp?org=CISE"
            ],
            "latitude": 38.88058,
            "name": "Directorate for Computer & Information Science & Engineering",
            "city_name": "Arlington",
            "country_name": "United States"
        },
        {
            "id": "grid.457768.f",
            "acronym": "NSF BIO",
            "state_name": "Virginia",
            "types": [
                "Government"
            ],
            "longitude": -77.110985,
            "linkout": [
                "http://www.nsf.gov/dir/index.jsp?org=BIO"
            ],
            "latitude": 38.88058,
            "name": "Directorate for Biological Sciences",
            "city_name": "Arlington",
            "country_name": "United States"
        }
    ],
    "research_org_country_names": [
        "China",
        "United States"
    ],
    "id": "pub.1085417752",
    "journal": {
        "id": "jour.1128607",
        "title": "Neurocomputing"
    },
    "year": 2017,
    "references": [
        "pub.1021419058",
        "pub.1008204928",
        "pub.1062946313",
        "pub.1028283831",
        "pub.1031464689",
        "pub.1063162967",
        "pub.1001485816",
        "pub.1016345461",
        "pub.1074188288",
        "pub.1041719316",
        "pub.1031537532",
        "pub.1036964258",
        "pub.1061319415",
        "pub.1005903036",
        "pub.1047504880",
        "pub.1020279408",
        "pub.1016710118",
        "pub.1065071493",
        "pub.1018144652",
        "pub.1062905713",
        "pub.1035913093",
        "pub.1047596091",
        "pub.1010002333",
        "pub.1001358541",
        "pub.1039479443",
        "pub.1027527576",
        "pub.1045034028",
        "pub.1021029166",
        "pub.1049401281",
        "pub.1062905784",
        "pub.1043821376",
        "pub.1023260008",
        "pub.1016699541",
        "pub.1032430529",
        "pub.1050557365",
        "pub.1041136418",
        "pub.1036521671",
        "pub.1034178296"
    ],
    "research_org_state_names": [
        "North Carolina"
    ],
    "author_affiliations": [
        [
            {
                "first_name": "Zhixiao",
                "last_name": "Wang",
                "initials": "",
                "corresponding": "",
                "orcid": "",
                "current_organization_id": "grid.411510.0",
                "researcher_id": "ur.0765452142.60",
                "affiliations": [
                    {
                        "id": "grid.411510.0",
                        "name": "China University of Mining and Technology",
                        "city": "Xuzhou",
                        "city_id": 10630003,
                        "country": "China",
                        "country_code": "CN",
                        "state": null,
                        "state_code": null
                    },
                    {
                        "id": "grid.266859.6",
                        "name": "University of North Carolina at Charlotte",
                        "city": "Charlotte",
                        "city_id": 4460243,
                        "country": "United States",
                        "country_code": "US",
                        "state": "North Carolina",
                        "state_code": "US-NC"
                    }
                ]
            },
            {
                "first_name": "Changjiang",
                "last_name": "Du",
                "initials": "",
                "corresponding": "",
                "orcid": "",
                "current_organization_id": "grid.411510.0",
                "researcher_id": "ur.07635722777.06",
                "affiliations": [
                    {
                        "id": "grid.411510.0",
                        "name": "China University of Mining and Technology",
                        "city": "Xuzhou",
                        "city_id": 10630003,
                        "country": "China",
                        "country_code": "CN",
                        "state": null,
                        "state_code": null
                    }
                ]
            },
            {
                "first_name": "Jianping",
                "last_name": "Fan",
                "initials": "",
                "corresponding": true,
                "orcid": "",
                "current_organization_id": "grid.266859.6",
                "researcher_id": "ur.015052333145.83",
                "affiliations": [
                    {
                        "id": "grid.266859.6",
                        "name": "University of North Carolina at Charlotte",
                        "city": "Charlotte",
                        "city_id": 4460243,
                        "country": "United States",
                        "country_code": "US",
                        "state": "North Carolina",
                        "state_code": "US-NC"
                    }
                ]
            },
            {
                "first_name": "Yan",
                "last_name": "Xing",
                "initials": "",
                "corresponding": "",
                "orcid": "",
                "current_organization_id": "grid.411510.0",
                "researcher_id": "ur.013032402313.94",
                "affiliations": [
                    {
                        "id": "grid.411510.0",
                        "name": "China University of Mining and Technology",
                        "city": "Xuzhou",
                        "city_id": 10630003,
                        "country": "China",
                        "country_code": "CN",
                        "state": null,
                        "state_code": null
                    }
                ]
            }
        ]
    ],
    "type": "article"
}