{
    "research_orgs": [
        {
            "id": "grid.254130.1",
            "linkout": [
                "http://www.csu.edu/"
            ],
            "city_name": "Chicago",
            "longitude": -87.60974,
            "acronym": "CSU",
            "state_name": "Illinois",
            "latitude": 41.717648,
            "name": "Chicago State University",
            "types": [
                "Education"
            ],
            "country_name": "United States"
        },
        {
            "id": "grid.185648.6",
            "linkout": [
                "http://www.uic.edu/uic/"
            ],
            "city_name": "Chicago",
            "longitude": -87.6579,
            "acronym": "UIC",
            "state_name": "Illinois",
            "latitude": 41.875305,
            "name": "University of Illinois at Chicago",
            "types": [
                "Education"
            ],
            "country_name": "United States"
        },
        {
            "id": "grid.10784.3a",
            "linkout": [
                "http://www.cuhk.edu.hk/english/index.html"
            ],
            "city_name": "Shatin",
            "longitude": 114.206795,
            "acronym": "CUHK",
            "state_name": "Hong Kong",
            "latitude": 22.419722,
            "name": "Chinese University of Hong Kong",
            "types": [
                "Education"
            ],
            "country_name": "China"
        }
    ],
    "research_org_country_names": [
        "United States",
        "China"
    ],
    "pmid": "21399690",
    "funders": [
        {
            "id": "grid.280785.0",
            "linkout": [
                "http://www.nigms.nih.gov/Pages/default.aspx"
            ],
            "city_name": "Bethesda",
            "longitude": -77.09938,
            "acronym": "NIGMS",
            "state_name": "Maryland",
            "latitude": 38.997833,
            "name": "National Institute of General Medical Sciences",
            "types": [
                "Facility"
            ],
            "country_name": "United States"
        }
    ],
    "title": "A Novel Method of Characterizing Genetic Sequences: Genome Space with Biological Distance and Applications",
    "type": "article",
    "year": 2011,
    "journal": {
        "id": "jour.1037553",
        "title": "PLoS ONE"
    },
    "researchers": [
        {
            "id": "ur.01110541146.77",
            "research_orgs": [
                "grid.22069.3f",
                "grid.185648.6"
            ],
            "first_name": "Mo",
            "last_name": "Deng"
        },
        {
            "id": "ur.01042425746.05",
            "research_orgs": [
                "grid.1010.0",
                "grid.10784.3a",
                "grid.1026.5",
                "grid.1014.4",
                "grid.185648.6",
                "grid.430453.5"
            ],
            "first_name": "Chenglong",
            "last_name": "Yu"
        },
        {
            "id": "ur.01342634167.78",
            "research_orgs": [
                "grid.185648.6"
            ],
            "first_name": "Qian",
            "last_name": "Liang"
        },
        {
            "id": "ur.0624622114.70",
            "research_orgs": [
                "grid.185648.6",
                "grid.254130.1"
            ],
            "first_name": "Rong Lucy",
            "last_name": "He"
        },
        {
            "id": "ur.01103347733.16",
            "research_orgs": [
                "grid.16750.35",
                "grid.78989.37",
                "grid.22069.3f",
                "grid.36425.36",
                "grid.12527.33",
                "grid.411030.7",
                "grid.38142.3c",
                "grid.504449.8",
                "grid.185648.6",
                "grid.420282.e"
            ],
            "first_name": "Stephen Shing-Toung",
            "last_name": "Yau"
        }
    ],
    "FOR": [
        {
            "id": "2620",
            "name": "0604 Genetics"
        }
    ],
    "research_org_countries": [
        {
            "id": "CN",
            "name": "China"
        },
        {
            "id": "US",
            "name": "United States"
        }
    ],
    "date": "2011-03-02",
    "pages": "e17293",
    "research_org_state_names": [
        "Illinois"
    ],
    "id": "pub.1049698882",
    "research_org_state_codes": [
        {
            "id": "US-IL",
            "name": "Illinois"
        }
    ],
    "volume": "6",
    "issue": "3",
    "research_org_cities": [
        {
            "id": 1818920,
            "name": "Sha Tin"
        },
        {
            "id": 4887398,
            "name": "Chicago"
        }
    ],
    "open_access": [
        "Open Access - all",
        "Open Access - publisher",
        "Open Access - published"
    ],
    "author_affiliations": [
        [
            {
                "first_name": "Mo",
                "last_name": "Deng",
                "initials": "",
                "corresponding": "",
                "orcid": "",
                "current_organization_id": "grid.185648.6",
                "researcher_id": "ur.01110541146.77",
                "affiliations": [
                    {
                        "id": "grid.185648.6",
                        "name": "University of Illinois at Chicago",
                        "city": "Chicago",
                        "city_id": 4887398,
                        "country": "United States",
                        "country_code": "US",
                        "state": "Illinois",
                        "state_code": "US-IL"
                    }
                ]
            },
            {
                "first_name": "Chenglong",
                "last_name": "Yu",
                "initials": "",
                "corresponding": "",
                "orcid": "",
                "current_organization_id": "grid.430453.5",
                "researcher_id": "ur.01042425746.05",
                "affiliations": [
                    {
                        "id": "grid.10784.3a",
                        "name": "Chinese University of Hong Kong",
                        "city": "Shatin",
                        "city_id": 1818920,
                        "country": "China",
                        "country_code": "CN",
                        "state": null,
                        "state_code": null
                    }
                ]
            },
            {
                "first_name": "Qian",
                "last_name": "Liang",
                "initials": "",
                "corresponding": "",
                "orcid": "",
                "current_organization_id": "grid.185648.6",
                "researcher_id": "ur.01342634167.78",
                "affiliations": [
                    {
                        "id": "grid.185648.6",
                        "name": "University of Illinois at Chicago",
                        "city": "Chicago",
                        "city_id": 4887398,
                        "country": "United States",
                        "country_code": "US",
                        "state": "Illinois",
                        "state_code": "US-IL"
                    }
                ]
            },
            {
                "first_name": "Rong L.",
                "last_name": "He",
                "initials": "",
                "corresponding": "",
                "orcid": "",
                "current_organization_id": "grid.254130.1",
                "researcher_id": "ur.0624622114.70",
                "affiliations": [
                    {
                        "id": "grid.254130.1",
                        "name": "Chicago State University",
                        "city": "Chicago",
                        "city_id": 4887398,
                        "country": "United States",
                        "country_code": "US",
                        "state": "Illinois",
                        "state_code": "US-IL"
                    }
                ]
            },
            {
                "first_name": "Stephen S.-T.",
                "last_name": "Yau",
                "initials": "",
                "corresponding": "",
                "orcid": "",
                "current_organization_id": "grid.12527.33",
                "researcher_id": "ur.01103347733.16",
                "affiliations": [
                    {
                        "id": "grid.185648.6",
                        "name": "University of Illinois at Chicago",
                        "city": "Chicago",
                        "city_id": 4887398,
                        "country": "United States",
                        "country_code": "US",
                        "state": "Illinois",
                        "state_code": "US-IL"
                    }
                ]
            }
        ]
    ],
    "pmcid": "PMC3047556",
    "doi": "10.1371/journal.pone.0017293",
    "times_cited": 57,
    "references": [
        "pub.1010480047",
        "pub.1013660615",
        "pub.1083303045",
        "pub.1023237480",
        "pub.1004465668",
        "pub.1033162360",
        "pub.1041026795",
        "pub.1007683223",
        "pub.1114430216",
        "pub.1033529186",
        "pub.1072323591",
        "pub.1059252214",
        "pub.1114460129",
        "pub.1013887097",
        "pub.1032711468",
        "pub.1040413794",
        "pub.1046644788",
        "pub.1016891918",
        "pub.1030458886",
        "pub.1049427447",
        "pub.1045218024",
        "pub.1025966568",
        "pub.1036413231",
        "pub.1109706103",
        "pub.1025567948",
        "pub.1046132421",
        "pub.1027294010",
        "pub.1035818402",
        "pub.1044701986",
        "pub.1003376662",
        "pub.1048608205",
        "pub.1014020451",
        "pub.1000317530"
    ],
    "relative_citation_ratio": 1.78
}