{
    "volume": "38",
    "date": "2019-01-01",
    "title": "Epidemiology of Meningitis and Encephalitis in Infants and Children in the United States, 2011\u20132014",
    "researchers": [
        {
            "id": "ur.01075462321.26",
            "last_name": "Hasbun",
            "first_name": "Rodrigo",
            "orcid_id": [
                "0000-0002-4155-7089"
            ],
            "research_orgs": [
                "grid.47100.32",
                "grid.267308.8",
                "grid.265219.b",
                "grid.39382.33"
            ]
        },
        {
            "id": "ur.01053565510.47",
            "last_name": "Wootton",
            "first_name": "Susan H",
            "research_orgs": [
                "grid.416975.8",
                "grid.267308.8",
                "grid.461415.3",
                "grid.414137.4",
                "grid.17091.3e",
                "grid.39382.33"
            ]
        },
        {
            "id": "ur.014017331323.13",
            "last_name": "Rosenthal",
            "first_name": "Ning"
        },
        {
            "id": "ur.0742430663.90",
            "last_name": "Balada-Llasat",
            "first_name": "Joan-Miquel",
            "research_orgs": [
                "grid.429997.8",
                "grid.261331.4",
                "grid.412332.5",
                "grid.424167.2",
                "grid.430495.f"
            ]
        },
        {
            "id": "ur.015412272323.54",
            "last_name": "Chung",
            "first_name": "Jessica"
        },
        {
            "id": "ur.016207652723.28",
            "last_name": "Duff",
            "first_name": "Steve",
            "orcid_id": [
                "0000-0002-0506-2900"
            ],
            "research_orgs": [
                "grid.480441.d"
            ]
        },
        {
            "id": "ur.0656302676.18",
            "last_name": "Bozzette",
            "first_name": "Samuel A",
            "research_orgs": [
                "grid.67033.31",
                "grid.410711.2",
                "grid.5288.7",
                "grid.34474.30",
                "grid.430387.b",
                "grid.418415.d",
                "grid.418561.f",
                "grid.40263.33",
                "grid.266100.3",
                "grid.416792.f",
                "grid.42505.36",
                "grid.410371.0",
                "grid.19006.3e",
                "grid.16416.34"
            ]
        },
        {
            "id": "ur.010302162123.09",
            "last_name": "Zimmer",
            "first_name": "Louise",
            "research_orgs": [
                "grid.418561.f"
            ]
        },
        {
            "id": "ur.01234715553.31",
            "last_name": "Ginocchio",
            "first_name": "Christine C",
            "research_orgs": [
                "grid.416477.7",
                "grid.250903.d",
                "grid.189747.4",
                "grid.25879.31",
                "grid.137628.9",
                "grid.240382.f",
                "grid.418561.f",
                "grid.257060.6",
                "grid.36425.36",
                "grid.420849.3"
            ]
        }
    ],
    "research_org_state_codes": [
        {
            "id": "US-CA",
            "name": "California"
        },
        {
            "id": "US-NY",
            "name": "New York"
        },
        {
            "id": "US-OH",
            "name": "Ohio"
        },
        {
            "id": "US-NC",
            "name": "North Carolina"
        }
    ],
    "altmetric": 4.0,
    "pages": "37-41",
    "research_org_cities": [
        {
            "id": 5391811,
            "name": "San Diego"
        },
        {
            "id": 5334223,
            "name": "Carlsbad"
        },
        {
            "id": 4464368,
            "name": "Durham"
        },
        {
            "id": 4460243,
            "name": "Charlotte"
        },
        {
            "id": 4509177,
            "name": "Columbus"
        },
        {
            "id": 5120478,
            "name": "Hempstead"
        }
    ],
    "open_access": [
        "Open Access - all",
        "Open Access - repository",
        "Open Access - published"
    ],
    "research_org_countries": [
        {
            "id": "US",
            "name": "United States"
        }
    ],
    "doi": "10.1097/inf.0000000000002081",
    "FOR": [
        {
            "id": "3114",
            "name": "1108 Medical Microbiology"
        }
    ],
    "research_orgs": [
        {
            "id": "grid.266100.3",
            "acronym": "UCSD",
            "state_name": "California",
            "types": [
                "Education"
            ],
            "longitude": -117.238,
            "linkout": [
                "http://ucsd.edu/"
            ],
            "latitude": 32.881,
            "name": "University of California, San Diego",
            "city_name": "San Diego",
            "country_name": "United States"
        },
        {
            "id": "grid.257060.6",
            "state_name": "New York",
            "types": [
                "Education"
            ],
            "longitude": -73.60046,
            "linkout": [
                "http://www.hofstra.edu/home/"
            ],
            "latitude": 40.714607,
            "name": "Hofstra University",
            "city_name": "Hempstead",
            "country_name": "United States"
        },
        {
            "id": "grid.412332.5",
            "acronym": "OSUMC",
            "state_name": "Ohio",
            "types": [
                "Healthcare"
            ],
            "longitude": -83.01769,
            "linkout": [
                "http://wexnermedical.osu.edu/"
            ],
            "latitude": 39.994797,
            "name": "The Ohio State University Wexner Medical Center",
            "city_name": "Columbus",
            "country_name": "United States"
        },
        {
            "id": "grid.418561.f",
            "state_name": "North Carolina",
            "types": [
                "Company"
            ],
            "longitude": -78.82644,
            "linkout": [
                "http://www.biomerieux-usa.com/"
            ],
            "latitude": 36.098446,
            "name": "BioM\u00e9rieux (United States)",
            "city_name": "Durham",
            "country_name": "United States"
        }
    ],
    "times_cited": 9,
    "pmid": "30531527",
    "research_org_country_names": [
        "United States"
    ],
    "id": "pub.1103491241",
    "issue": "1",
    "journal": {
        "id": "jour.1093226",
        "title": "The Pediatric Infectious Disease Journal"
    },
    "year": 2019,
    "references": [
        "pub.1011503448",
        "pub.1039712801",
        "pub.1032819950",
        "pub.1019008763",
        "pub.1091157093",
        "pub.1067817712",
        "pub.1091511589",
        "pub.1025432002",
        "pub.1045620941",
        "pub.1085969645",
        "pub.1002971245",
        "pub.1027398784",
        "pub.1020632889",
        "pub.1084784582",
        "pub.1009029987",
        "pub.1005439564",
        "pub.1090995431"
    ],
    "research_org_state_names": [
        "California",
        "Ohio",
        "New York",
        "North Carolina"
    ],
    "author_affiliations": [
        [
            {
                "first_name": "Rodrigo",
                "last_name": "Hasbun",
                "initials": "",
                "corresponding": "",
                "orcid": "['0000-0002-4155-7089']",
                "current_organization_id": "grid.267308.8",
                "researcher_id": "ur.01075462321.26",
                "affiliations": [
                    {
                        "name": "From the Department of Internal Medicine."
                    }
                ]
            },
            {
                "first_name": "Susan H",
                "last_name": "Wootton",
                "initials": "",
                "corresponding": "",
                "orcid": "",
                "current_organization_id": "grid.267308.8",
                "researcher_id": "ur.01053565510.47",
                "affiliations": [
                    {
                        "name": "Department of Pediatrics, McGovern Medical School at UTHealth."
                    }
                ]
            },
            {
                "first_name": "Ning",
                "last_name": "Rosenthal",
                "initials": "",
                "corresponding": "",
                "orcid": "",
                "current_organization_id": "",
                "researcher_id": "ur.014017331323.13",
                "affiliations": [
                    {
                        "name": "Premier Applied Sciences, Premier Inc., Charlotte, North Carolina."
                    }
                ]
            },
            {
                "first_name": "Joan Miquel",
                "last_name": "Balada-Llasat",
                "initials": "",
                "corresponding": "",
                "orcid": "",
                "current_organization_id": "grid.412332.5",
                "researcher_id": "ur.0742430663.90",
                "affiliations": [
                    {
                        "id": "grid.412332.5",
                        "name": "The Ohio State University Wexner Medical Center",
                        "city": "Columbus",
                        "city_id": 4509177,
                        "country": "United States",
                        "country_code": "US",
                        "state": "Ohio",
                        "state_code": "US-OH"
                    }
                ]
            },
            {
                "first_name": "Jessica",
                "last_name": "Chung",
                "initials": "",
                "corresponding": "",
                "orcid": "",
                "current_organization_id": "",
                "researcher_id": "ur.015412272323.54",
                "affiliations": [
                    {
                        "name": "Premier Applied Sciences, Premier Inc., Charlotte, North Carolina."
                    }
                ]
            },
            {
                "first_name": "Steve",
                "last_name": "Duff",
                "initials": "",
                "corresponding": "",
                "orcid": "",
                "current_organization_id": "grid.480441.d",
                "researcher_id": "ur.016207652723.28",
                "affiliations": [
                    {
                        "name": "Veritas Health Economics Consulting, Carlsbad, CA."
                    }
                ]
            },
            {
                "first_name": "Samuel",
                "last_name": "Bozzette",
                "initials": "",
                "corresponding": "",
                "orcid": "",
                "current_organization_id": "grid.266100.3",
                "researcher_id": "ur.0656302676.18",
                "affiliations": [
                    {
                        "name": "Premier Applied Sciences, Premier Inc., Charlotte, North Carolina."
                    },
                    {
                        "id": "grid.266100.3",
                        "name": "University of California, San Diego",
                        "city": "San Diego",
                        "city_id": 5391811,
                        "country": "United States",
                        "country_code": "US",
                        "state": "California",
                        "state_code": "US-CA"
                    }
                ]
            },
            {
                "first_name": "Louise",
                "last_name": "Zimmer",
                "initials": "",
                "corresponding": "",
                "orcid": "",
                "current_organization_id": "grid.418561.f",
                "researcher_id": "ur.010302162123.09",
                "affiliations": [
                    {
                        "id": "grid.418561.f",
                        "name": "BioM\u00e9rieux (United States)",
                        "city": "Durham",
                        "city_id": 4464368,
                        "country": "United States",
                        "country_code": "US",
                        "state": "North Carolina",
                        "state_code": "US-NC"
                    }
                ]
            },
            {
                "first_name": "Christine C",
                "last_name": "Ginocchio",
                "initials": "",
                "corresponding": "",
                "orcid": "",
                "current_organization_id": "grid.418561.f",
                "researcher_id": "ur.01234715553.31",
                "affiliations": [
                    {
                        "id": "grid.418561.f",
                        "name": "BioM\u00e9rieux (United States)",
                        "city": "Durham",
                        "city_id": 4464368,
                        "country": "United States",
                        "country_code": "US",
                        "state": "North Carolina",
                        "state_code": "US-NC"
                    },
                    {
                        "id": "grid.257060.6",
                        "name": "Hofstra University",
                        "city": "Hempstead",
                        "city_id": 5120478,
                        "country": "United States",
                        "country_code": "US",
                        "state": "New York",
                        "state_code": "US-NY"
                    }
                ]
            }
        ]
    ],
    "type": "article"
}