{
    "research_orgs": [
        {
            "id": "grid.133342.4",
            "linkout": [
                "http://www.ucsb.edu/"
            ],
            "city_name": "Santa Barbara",
            "longitude": -119.84912,
            "acronym": "UCSB",
            "state_name": "California",
            "latitude": 34.414227,
            "name": "University of California, Santa Barbara",
            "types": [
                "Education"
            ],
            "country_name": "United States"
        }
    ],
    "research_org_country_names": [
        "United States"
    ],
    "pmid": "21809195",
    "funders": [
        {
            "id": "grid.419681.3",
            "linkout": [
                "http://www.niaid.nih.gov/Pages/default.aspx"
            ],
            "city_name": "Bethesda",
            "longitude": -77.11183,
            "acronym": "NIAID",
            "state_name": "Maryland",
            "latitude": 39.066647,
            "name": "National Institute of Allergy and Infectious Diseases",
            "types": [
                "Facility"
            ],
            "country_name": "United States"
        }
    ],
    "title": "ADARs: Viruses and Innate Immunity",
    "type": "chapter",
    "year": 2011,
    "researchers": [
        {
            "id": "ur.01324612753.39",
            "research_orgs": [
                "grid.189509.c",
                "grid.133342.4"
            ],
            "first_name": "Charles E",
            "last_name": "Samuel"
        }
    ],
    "FOR": [
        {
            "id": "3103",
            "name": "1107 Immunology"
        },
        {
            "id": "3114",
            "name": "1108 Medical Microbiology"
        }
    ],
    "research_org_countries": [
        {
            "id": "US",
            "name": "United States"
        }
    ],
    "date": "2011-01-01",
    "pages": "163-195",
    "research_org_state_names": [
        "California"
    ],
    "id": "pub.1042682648",
    "research_org_state_codes": [
        {
            "id": "US-CA",
            "name": "California"
        }
    ],
    "volume": "353",
    "research_org_cities": [
        {
            "id": 5392952,
            "name": "Santa Barbara"
        }
    ],
    "open_access": [
        "Open Access - all",
        "Open Access - repository",
        "Open Access - accepted"
    ],
    "author_affiliations": [
        [
            {
                "first_name": "Charles E.",
                "last_name": "Samuel",
                "initials": "",
                "corresponding": true,
                "orcid": "",
                "current_organization_id": "grid.133342.4",
                "researcher_id": "ur.01324612753.39",
                "affiliations": [
                    {
                        "id": "grid.133342.4",
                        "name": "University of California, Santa Barbara",
                        "city": "Santa Barbara",
                        "city_id": 5392952,
                        "country": "United States",
                        "country_code": "US",
                        "state": "California",
                        "state_code": "US-CA"
                    }
                ]
            }
        ]
    ],
    "pmcid": "PMC3867276",
    "doi": "10.1007/82_2011_148",
    "times_cited": 38,
    "references": [
        "pub.1060355921",
        "pub.1030224225",
        "pub.1004163084",
        "pub.1019376483",
        "pub.1003362707",
        "pub.1021415096",
        "pub.1014891262",
        "pub.1011451290",
        "pub.1048988578",
        "pub.1025013062",
        "pub.1060362329",
        "pub.1001445751",
        "pub.1029937134",
        "pub.1044883374",
        "pub.1002102786",
        "pub.1006444251",
        "pub.1011824802",
        "pub.1046246421",
        "pub.1030382430",
        "pub.1030118202",
        "pub.1037128024",
        "pub.1015184745",
        "pub.1048946951",
        "pub.1044795381",
        "pub.1044436677",
        "pub.1040772321",
        "pub.1007874619",
        "pub.1017129957",
        "pub.1051567494",
        "pub.1014557098",
        "pub.1037056236",
        "pub.1052832707",
        "pub.1043770646",
        "pub.1042421620",
        "pub.1035179614",
        "pub.1023645146",
        "pub.1062449553",
        "pub.1012949410",
        "pub.1024960694",
        "pub.1036614188",
        "pub.1008602255",
        "pub.1036256011",
        "pub.1059281227",
        "pub.1031253692",
        "pub.1055162259",
        "pub.1038144128",
        "pub.1011638251",
        "pub.1041325287",
        "pub.1001581388",
        "pub.1006002725",
        "pub.1018527421",
        "pub.1052648038",
        "pub.1039787979",
        "pub.1047963616",
        "pub.1038507962",
        "pub.1032672271",
        "pub.1010481091",
        "pub.1000156489",
        "pub.1034611147",
        "pub.1007443183",
        "pub.1023381864",
        "pub.1044453292",
        "pub.1010615999",
        "pub.1059281241",
        "pub.1034712349",
        "pub.1018718521",
        "pub.1042213356",
        "pub.1047365604",
        "pub.1059281229",
        "pub.1039433966",
        "pub.1008662989",
        "pub.1032274581",
        "pub.1025597897",
        "pub.1047725525",
        "pub.1041255551",
        "pub.1052051711",
        "pub.1021495620",
        "pub.1025501586",
        "pub.1045653508",
        "pub.1000810035",
        "pub.1010137490",
        "pub.1030620370",
        "pub.1025824102",
        "pub.1004697312",
        "pub.1003668163",
        "pub.1020610600",
        "pub.1004323185",
        "pub.1004173821",
        "pub.1043624307",
        "pub.1023824719",
        "pub.1048177139",
        "pub.1039456540",
        "pub.1006111528",
        "pub.1035311299",
        "pub.1060398720",
        "pub.1042404493",
        "pub.1078050589",
        "pub.1028210945",
        "pub.1017147363",
        "pub.1037544242",
        "pub.1035785688",
        "pub.1037213988",
        "pub.1082619956",
        "pub.1023347639",
        "pub.1004872657",
        "pub.1011985512",
        "pub.1030651670",
        "pub.1025034794",
        "pub.1041137151",
        "pub.1008352257",
        "pub.1062565546",
        "pub.1082406160",
        "pub.1014293198",
        "pub.1036825169",
        "pub.1019937603",
        "pub.1049085735",
        "pub.1051503802",
        "pub.1006928266",
        "pub.1045974100",
        "pub.1037320140",
        "pub.1053175261",
        "pub.1030434519",
        "pub.1012681794",
        "pub.1082884668",
        "pub.1019492665",
        "pub.1029506540",
        "pub.1053045047",
        "pub.1045022519",
        "pub.1039948995",
        "pub.1019184012",
        "pub.1055167057",
        "pub.1013180443",
        "pub.1005961650",
        "pub.1021175667",
        "pub.1028816665",
        "pub.1000056932",
        "pub.1035792701",
        "pub.1003849019",
        "pub.1038942687",
        "pub.1034896695",
        "pub.1048197354",
        "pub.1003232300",
        "pub.1017314997",
        "pub.1026552068",
        "pub.1018833584",
        "pub.1079068973",
        "pub.1036299285",
        "pub.1030299380",
        "pub.1013806588",
        "pub.1045482934",
        "pub.1043203672",
        "pub.1008552855",
        "pub.1044435155",
        "pub.1043786826",
        "pub.1082114741",
        "pub.1029799234",
        "pub.1013336235",
        "pub.1030274145",
        "pub.1013737195",
        "pub.1053609455",
        "pub.1010289283",
        "pub.1056292199",
        "pub.1015667049",
        "pub.1009834806",
        "pub.1002132252",
        "pub.1019381820",
        "pub.1040489303",
        "pub.1037562150",
        "pub.1012295388",
        "pub.1049728144",
        "pub.1030796576",
        "pub.1028247666"
    ],
    "relative_citation_ratio": 1.11
}