{
    "pmid": "29513710",
    "author_affiliations": [
        [
            {
                "first_name": "Luca",
                "last_name": "Basile",
                "initials": "",
                "corresponding": "",
                "orcid": "",
                "current_organization_id": "grid.500777.2",
                "researcher_id": "ur.01074137654.16",
                "affiliations": [
                    {
                        "id": "grid.500777.2",
                        "name": "Ag\u00e8ncia de Salut P\u00fablica de Catalunya",
                        "city": "Barcelona",
                        "city_id": 3128760,
                        "country": "Spain",
                        "country_code": "ES",
                        "state": null,
                        "state_code": null
                    }
                ]
            },
            {
                "first_name": "Manuel Oviedo",
                "last_name": "de la Fuente",
                "initials": "",
                "corresponding": "",
                "orcid": "['0000-0001-7360-3249']",
                "current_organization_id": "grid.11794.3a",
                "researcher_id": "ur.016136027343.87",
                "affiliations": [
                    {
                        "id": "grid.493258.1",
                        "name": "Instituto tecnol\u00f3gico de Matem\u00e1tica Industrial",
                        "city": "Santiago de Compostela",
                        "city_id": 3109642,
                        "country": "Spain",
                        "country_code": "ES",
                        "state": null,
                        "state_code": null
                    },
                    {
                        "id": "grid.11794.3a",
                        "name": "University of Santiago de Compostela",
                        "city": "Santiago de Compostela",
                        "city_id": 3109642,
                        "country": "Spain",
                        "country_code": "ES",
                        "state": null,
                        "state_code": null
                    }
                ]
            },
            {
                "first_name": "Nuria",
                "last_name": "Torner",
                "initials": "",
                "corresponding": true,
                "orcid": "['0000-0003-0143-5295']",
                "current_organization_id": "grid.413448.e",
                "researcher_id": "ur.01245152623.72",
                "affiliations": [
                    {
                        "id": "grid.500777.2",
                        "name": "Ag\u00e8ncia de Salut P\u00fablica de Catalunya",
                        "city": "Barcelona",
                        "city_id": 3128760,
                        "country": "Spain",
                        "country_code": "ES",
                        "state": null,
                        "state_code": null
                    },
                    {
                        "id": "grid.5841.8",
                        "name": "University of Barcelona",
                        "city": "Barcelona",
                        "city_id": 3128760,
                        "country": "Spain",
                        "country_code": "ES",
                        "state": null,
                        "state_code": null
                    },
                    {
                        "id": "grid.413448.e",
                        "name": "Instituto de Salud Carlos III",
                        "city": "Madrid",
                        "city_id": 3117735,
                        "country": "Spain",
                        "country_code": "ES",
                        "state": null,
                        "state_code": null
                    }
                ]
            },
            {
                "first_name": "Ana",
                "last_name": "Mart\u00ednez",
                "initials": "",
                "corresponding": "",
                "orcid": "",
                "current_organization_id": "grid.413448.e",
                "researcher_id": "ur.0652610005.75",
                "affiliations": [
                    {
                        "id": "grid.500777.2",
                        "name": "Ag\u00e8ncia de Salut P\u00fablica de Catalunya",
                        "city": "Barcelona",
                        "city_id": 3128760,
                        "country": "Spain",
                        "country_code": "ES",
                        "state": null,
                        "state_code": null
                    },
                    {
                        "id": "grid.413448.e",
                        "name": "Instituto de Salud Carlos III",
                        "city": "Madrid",
                        "city_id": 3117735,
                        "country": "Spain",
                        "country_code": "ES",
                        "state": null,
                        "state_code": null
                    }
                ]
            },
            {
                "first_name": "Mireia",
                "last_name": "Jan\u00e9",
                "initials": "",
                "corresponding": "",
                "orcid": "",
                "current_organization_id": "grid.413448.e",
                "researcher_id": "ur.01354650274.80",
                "affiliations": [
                    {
                        "id": "grid.500777.2",
                        "name": "Ag\u00e8ncia de Salut P\u00fablica de Catalunya",
                        "city": "Barcelona",
                        "city_id": 3128760,
                        "country": "Spain",
                        "country_code": "ES",
                        "state": null,
                        "state_code": null
                    },
                    {
                        "id": "grid.413448.e",
                        "name": "Instituto de Salud Carlos III",
                        "city": "Madrid",
                        "city_id": 3117735,
                        "country": "Spain",
                        "country_code": "ES",
                        "state": null,
                        "state_code": null
                    }
                ]
            }
        ]
    ],
    "altmetric": 1.0,
    "FOR": [
        {
            "id": "3177",
            "name": "1117 Public Health and Health Services"
        }
    ],
    "research_org_countries": [
        {
            "id": "ES",
            "name": "Spain"
        }
    ],
    "title": "Real-time predictive seasonal influenza model in Catalonia, Spain",
    "research_org_cities": [
        {
            "id": 3128760,
            "name": "Barcelona"
        },
        {
            "id": 3109642,
            "name": "Santiago de Compostela"
        },
        {
            "id": 3117735,
            "name": "Madrid"
        }
    ],
    "pages": "e0193651",
    "issue": "3",
    "open_access": [
        "Open Access - all",
        "Open Access - publisher",
        "Open Access - published"
    ],
    "doi": "10.1371/journal.pone.0193651",
    "times_cited": 3,
    "funders": [
        {
            "id": "grid.451322.3",
            "name": "Ministry of Economy, Industry and Competitiveness",
            "linkout": [
                "http://www.mineco.gob.es/"
            ],
            "country_name": "Spain",
            "types": [
                "Government"
            ],
            "latitude": 40.443962,
            "acronym": "MINECO",
            "city_name": "Madrid",
            "longitude": -3.657564
        },
        {
            "id": "grid.413448.e",
            "name": "Institute of Health Carlos III",
            "linkout": [
                "http://www.isciii.es/"
            ],
            "country_name": "Spain",
            "types": [
                "Nonprofit"
            ],
            "latitude": 40.475697,
            "acronym": "ISCIII",
            "city_name": "Madrid",
            "longitude": -3.690059
        }
    ],
    "journal": {
        "id": "jour.1037553",
        "title": "PLoS ONE"
    },
    "research_orgs": [
        {
            "id": "grid.413448.e",
            "name": "Institute of Health Carlos III",
            "linkout": [
                "http://www.isciii.es/"
            ],
            "country_name": "Spain",
            "types": [
                "Nonprofit"
            ],
            "latitude": 40.475697,
            "acronym": "ISCIII",
            "city_name": "Madrid",
            "longitude": -3.690059
        },
        {
            "id": "grid.11794.3a",
            "name": "University of Santiago de Compostela",
            "linkout": [
                "http://www.usc.es/"
            ],
            "country_name": "Spain",
            "types": [
                "Education"
            ],
            "latitude": 42.875862,
            "acronym": "USC",
            "city_name": "Santiago de Compostela",
            "longitude": -8.557551
        },
        {
            "id": "grid.5841.8",
            "name": "University of Barcelona",
            "linkout": [
                "http://www.ub.edu/web/ub/en/"
            ],
            "country_name": "Spain",
            "types": [
                "Education"
            ],
            "latitude": 41.386665,
            "acronym": "UB",
            "city_name": "Barcelona",
            "longitude": 2.163889
        },
        {
            "id": "grid.500777.2",
            "name": "Ag\u00e8ncia de Salut P\u00fablica de Catalunya",
            "linkout": [
                "http://salutpublica.gencat.cat/ca/inici"
            ],
            "country_name": "Spain",
            "types": [
                "Government"
            ],
            "latitude": 41.401127,
            "acronym": "ASPCAT",
            "city_name": "Barcelona",
            "longitude": 2.196532
        },
        {
            "id": "grid.493258.1",
            "name": "Instituto tecnol\u00f3gico de Matem\u00e1tica Industrial",
            "linkout": [
                "http://www.itmati.com/en"
            ],
            "country_name": "Spain",
            "types": [
                "Facility"
            ],
            "latitude": 42.87435,
            "acronym": "ITMATI",
            "city_name": "Santiago de Compostela",
            "longitude": -8.5599375
        }
    ],
    "year": 2018,
    "references": [
        "pub.1062877735",
        "pub.1047096047",
        "pub.1053179211",
        "pub.1069421275",
        "pub.1064389075",
        "pub.1036224923",
        "pub.1109704884",
        "pub.1030948648",
        "pub.1035624755",
        "pub.1098661313",
        "pub.1064388781",
        "pub.1023349682",
        "pub.1004012201",
        "pub.1001587942",
        "pub.1019004879",
        "pub.1052039826",
        "pub.1031546424",
        "pub.1013089571",
        "pub.1035857559",
        "pub.1053780853",
        "pub.1013257623",
        "pub.1042596317",
        "pub.1053936137",
        "pub.1048011714",
        "pub.1051338744",
        "pub.1040198222",
        "pub.1047969056",
        "pub.1054068073",
        "pub.1059468043",
        "pub.1040663159",
        "pub.1019520753",
        "pub.1021424991"
    ],
    "id": "pub.1101378741",
    "research_org_country_names": [
        "Spain"
    ],
    "date": "2018-03-07",
    "researchers": [
        {
            "id": "ur.01074137654.16",
            "research_orgs": [
                "grid.500777.2",
                "grid.454735.4",
                "grid.490130.f",
                "grid.425910.b"
            ],
            "last_name": "Basile",
            "first_name": "Luca"
        },
        {
            "id": "ur.016136027343.87",
            "research_orgs": [
                "grid.493258.1",
                "grid.11794.3a"
            ],
            "last_name": "De La Fuente",
            "first_name": "Manuel Oviedo"
        },
        {
            "id": "ur.01245152623.72",
            "research_orgs": [
                "grid.484083.3",
                "grid.415373.7",
                "grid.5841.8",
                "grid.484601.f",
                "grid.500777.2",
                "grid.454735.4",
                "grid.411083.f",
                "grid.466571.7",
                "grid.413448.e"
            ],
            "last_name": "Torner",
            "first_name": "N\u00faria",
            "orcid_id": [
                "0000-0003-0143-5295"
            ]
        },
        {
            "id": "ur.0652610005.75",
            "research_orgs": [
                "grid.484083.3",
                "grid.84393.35",
                "grid.5841.8",
                "grid.484601.f",
                "grid.500777.2",
                "grid.454735.4",
                "grid.413448.e"
            ],
            "last_name": "Mart\u00ednez",
            "first_name": "Ana I"
        },
        {
            "id": "ur.01354650274.80",
            "research_orgs": [
                "grid.413448.e",
                "grid.7080.f",
                "grid.411083.f",
                "grid.415373.7",
                "grid.454735.4",
                "grid.500777.2"
            ],
            "last_name": "Jan\u00e9",
            "first_name": "Mireia"
        }
    ],
    "type": "article",
    "volume": "13",
    "pmcid": "PMC5841785"
}