{
    "research_orgs": [
        {
            "id": "grid.496764.e",
            "linkout": [
                "https://www.iba-lifesciences.com/home.html"
            ],
            "city_name": "G\u00f6ttingen",
            "longitude": 9.893308,
            "acronym": "IBA",
            "latitude": 51.55549,
            "name": "IBA Lifesciences",
            "types": [
                "Facility"
            ],
            "country_name": "Germany"
        }
    ],
    "research_org_country_names": [
        "Germany"
    ],
    "pmid": "12536251",
    "title": "Overview of tag protein fusions: from molecular and biochemical fundamentals to commercial systems",
    "type": "article",
    "year": 2003,
    "journal": {
        "id": "jour.1083533",
        "title": "Applied Microbiology and Biotechnology"
    },
    "researchers": [
        {
            "id": "ur.01025567745.07",
            "research_orgs": [
                "grid.496764.e"
            ],
            "first_name": "Kay",
            "last_name": "Terpe"
        }
    ],
    "FOR": [
        {
            "id": "2581",
            "name": "0601 Biochemistry and Cell Biology"
        }
    ],
    "research_org_countries": [
        {
            "id": "DE",
            "name": "Germany"
        }
    ],
    "date": "2003-01-01",
    "altmetric": 15.0,
    "pages": "523-533",
    "id": "pub.1038950644",
    "volume": "60",
    "issue": "5",
    "research_org_cities": [
        {
            "id": 2918632,
            "name": "G\u00f6ttingen"
        }
    ],
    "author_affiliations": [
        [
            {
                "first_name": "K.",
                "last_name": "Terpe",
                "initials": "",
                "corresponding": "",
                "orcid": "",
                "current_organization_id": "",
                "researcher_id": "ur.01025567745.07",
                "affiliations": [
                    {
                        "id": "grid.496764.e",
                        "name": "IBA Lifesciences",
                        "city": "G\u00f6ttingen",
                        "city_id": 2918632,
                        "country": "Germany",
                        "country_code": "DE",
                        "state": null,
                        "state_code": null
                    }
                ]
            }
        ]
    ],
    "doi": "10.1007/s00253-002-1158-6",
    "times_cited": 864,
    "relative_citation_ratio": 18.24
}