{
    "pmid": "14517086",
    "author_affiliations": [
        [
            {
                "first_name": "Hung J.",
                "last_name": "Liu",
                "initials": "",
                "corresponding": true,
                "orcid": "",
                "current_organization_id": "grid.260542.7",
                "researcher_id": "ur.01100352727.31",
                "affiliations": [
                    {
                        "id": "grid.412083.c",
                        "name": "National Pingtung University of Science and Technology",
                        "city": "Neipu",
                        "country": "Taiwan",
                        "country_code": "TW",
                        "state": null,
                        "state_code": null
                    }
                ]
            },
            {
                "first_name": "Long H.",
                "last_name": "Lee",
                "initials": "",
                "corresponding": "",
                "orcid": "",
                "current_organization_id": "grid.260542.7",
                "researcher_id": "ur.0704600605.65",
                "affiliations": [
                    {
                        "id": "grid.260542.7",
                        "name": "National Chung Hsing University",
                        "city": "Taichung",
                        "city_id": 1668399,
                        "country": "Taiwan",
                        "country_code": "TW",
                        "state": null,
                        "state_code": null
                    }
                ]
            },
            {
                "first_name": "Hsiao W.",
                "last_name": "Hsu",
                "initials": "",
                "corresponding": "",
                "orcid": "",
                "current_organization_id": "grid.412083.c",
                "researcher_id": "ur.0751564424.07",
                "affiliations": [
                    {
                        "id": "grid.412083.c",
                        "name": "National Pingtung University of Science and Technology",
                        "city": "Neipu",
                        "country": "Taiwan",
                        "country_code": "TW",
                        "state": null,
                        "state_code": null
                    }
                ]
            },
            {
                "first_name": "Liam C.",
                "last_name": "Kuo",
                "initials": "",
                "corresponding": "",
                "orcid": "",
                "current_organization_id": "grid.412083.c",
                "researcher_id": "ur.01107250475.21",
                "affiliations": [
                    {
                        "id": "grid.412083.c",
                        "name": "National Pingtung University of Science and Technology",
                        "city": "Neipu",
                        "country": "Taiwan",
                        "country_code": "TW",
                        "state": null,
                        "state_code": null
                    }
                ]
            },
            {
                "first_name": "Ming H.",
                "last_name": "Liao",
                "initials": "",
                "corresponding": "",
                "orcid": "",
                "current_organization_id": "grid.412083.c",
                "researcher_id": "ur.0672445360.46",
                "affiliations": [
                    {
                        "id": "grid.412083.c",
                        "name": "National Pingtung University of Science and Technology",
                        "city": "Neipu",
                        "country": "Taiwan",
                        "country_code": "TW",
                        "state": null,
                        "state_code": null
                    }
                ]
            }
        ]
    ],
    "altmetric": 3.0,
    "FOR": [
        {
            "id": "2620",
            "name": "0604 Genetics"
        },
        {
            "id": "2607",
            "name": "0603 Evolutionary Biology"
        }
    ],
    "research_org_countries": [
        {
            "id": "TW",
            "name": "Taiwan"
        }
    ],
    "title": "Molecular evolution of avian reovirus: evidence for genetic diversity and reassortment of the S-class genome segments and multiple cocirculating lineages",
    "research_org_cities": [
        {
            "id": 1668399,
            "name": "Taichung"
        }
    ],
    "pages": "336-349",
    "issue": "1",
    "doi": "10.1016/s0042-6822(03)00415-x",
    "times_cited": 89,
    "journal": {
        "id": "jour.1007902",
        "title": "Virology"
    },
    "funders": [
        {
            "id": "grid.410767.3",
            "name": "Ministry of Science and Technology",
            "linkout": [
                "https://www.most.gov.tw/en/"
            ],
            "country_name": "Taiwan",
            "types": [
                "Government"
            ],
            "latitude": 25.025145,
            "acronym": "MOST",
            "city_name": "Taipei",
            "longitude": 121.54194
        }
    ],
    "year": 2003,
    "research_orgs": [
        {
            "id": "grid.260542.7",
            "name": "National Chung Hsing University",
            "linkout": [
                "http://www.nchu.edu.tw/en-index.php"
            ],
            "country_name": "Taiwan",
            "types": [
                "Education"
            ],
            "latitude": 24.12246,
            "acronym": "NCHU",
            "city_name": "Taichung",
            "longitude": 120.67426
        },
        {
            "id": "grid.412083.c",
            "name": "National Pingtung University of Science and Technology",
            "linkout": [
                "http://www.npust.edu.tw/index_en.aspx"
            ],
            "country_name": "Taiwan",
            "types": [
                "Education"
            ],
            "latitude": 22.640833,
            "acronym": "NPUST",
            "city_name": "Neipu",
            "longitude": 120.59556
        }
    ],
    "id": "pub.1034261629",
    "references": [
        "pub.1007868634",
        "pub.1069557345",
        "pub.1024504344",
        "pub.1013047737",
        "pub.1074355450",
        "pub.1011782095",
        "pub.1038771062",
        "pub.1049216330",
        "pub.1038990529",
        "pub.1078680240",
        "pub.1060360023",
        "pub.1042952086",
        "pub.1069555749",
        "pub.1083369297",
        "pub.1014562323",
        "pub.1006613373",
        "pub.1069556795",
        "pub.1069557469",
        "pub.1047694824",
        "pub.1011428969",
        "pub.1011264075",
        "pub.1083026655",
        "pub.1038814252",
        "pub.1060360845",
        "pub.1052028383",
        "pub.1001515753",
        "pub.1006519712",
        "pub.1069558118",
        "pub.1069557102",
        "pub.1017058322",
        "pub.1077451192",
        "pub.1005325615",
        "pub.1060361584",
        "pub.1001283133",
        "pub.1035006098",
        "pub.1079752303",
        "pub.1082643855",
        "pub.1060359672",
        "pub.1006796734"
    ],
    "research_org_country_names": [
        "Taiwan"
    ],
    "date": "2003-09-01",
    "researchers": [
        {
            "id": "ur.01100352727.31",
            "research_orgs": [
                "grid.260542.7",
                "grid.252546.2",
                "grid.412083.c",
                "grid.38348.34"
            ],
            "last_name": "Liu",
            "first_name": "Hung Jen"
        },
        {
            "id": "ur.0704600605.65",
            "research_orgs": [
                "grid.260542.7"
            ],
            "last_name": "Lee",
            "first_name": "Long Huw"
        },
        {
            "id": "ur.0751564424.07",
            "research_orgs": [
                "grid.412083.c"
            ],
            "last_name": "Hsu",
            "first_name": "Hsiao W"
        },
        {
            "id": "ur.01107250475.21",
            "research_orgs": [
                "grid.412083.c"
            ],
            "last_name": "Kuo",
            "first_name": "Liam C"
        },
        {
            "id": "ur.0672445360.46",
            "research_orgs": [
                "grid.412019.f",
                "grid.412083.c",
                "grid.260539.b",
                "grid.411447.3",
                "grid.260770.4"
            ],
            "last_name": "Liao",
            "first_name": "Ming Huei"
        }
    ],
    "relative_citation_ratio": 2.19,
    "type": "article",
    "volume": "314"
}