{
    "volume": "278",
    "date": "2020-03-01",
    "title": "Characterization of novel monoclonal antibodies against MERS-coronavirus spike protein",
    "researchers": [
        {
            "id": "ur.0634442606.74",
            "last_name": "Yang",
            "first_name": "Eunji",
            "research_orgs": [
                "grid.30311.30"
            ]
        },
        {
            "id": "ur.013736122060.82",
            "last_name": "Park",
            "first_name": "Uni",
            "research_orgs": [
                "grid.31501.36"
            ]
        },
        {
            "id": "ur.0773054425.10",
            "last_name": "Park",
            "first_name": "Pil-Gu",
            "orcid_id": [
                "0000-0002-3024-3439"
            ],
            "research_orgs": [
                "grid.31501.36",
                "grid.415482.e",
                "grid.15444.30"
            ]
        },
        {
            "id": "ur.012607162667.12",
            "last_name": "Cho",
            "first_name": "Nam Hyuck",
            "research_orgs": [
                "grid.31501.36"
            ]
        },
        {
            "id": "ur.01310357223.55",
            "last_name": "Song",
            "first_name": "Manki",
            "research_orgs": [
                "grid.30311.30"
            ]
        }
    ],
    "altmetric": 3.0,
    "pages": "197863",
    "research_org_cities": [
        {
            "id": 1835848,
            "name": "Seoul"
        },
        {
            "id": 1897000,
            "name": "Seongnam-si"
        }
    ],
    "open_access": [
        "Open Access - all",
        "Open Access - publisher",
        "Open Access - published"
    ],
    "research_org_countries": [
        {
            "id": "KR",
            "name": "South Korea"
        }
    ],
    "doi": "10.1016/j.virusres.2020.197863",
    "FOR": [
        {
            "id": "3103",
            "name": "1107 Immunology"
        }
    ],
    "research_orgs": [
        {
            "id": "grid.15444.30",
            "types": [
                "Education"
            ],
            "longitude": 126.93854,
            "linkout": [
                "http://www.yonsei.ac.kr/eng/"
            ],
            "latitude": 37.566032,
            "name": "Yonsei University",
            "city_name": "Seoul",
            "country_name": "South Korea"
        },
        {
            "id": "grid.31501.36",
            "acronym": "SNU",
            "types": [
                "Education"
            ],
            "longitude": 126.9519,
            "linkout": [
                "http://www.snu.ac.kr/index.html"
            ],
            "latitude": 37.460155,
            "name": "Seoul National University",
            "city_name": "Seoul",
            "country_name": "South Korea"
        },
        {
            "id": "grid.30311.30",
            "acronym": "IVI",
            "types": [
                "Nonprofit"
            ],
            "longitude": 126.95311,
            "linkout": [
                "http://www.ivi.org/web/www/home"
            ],
            "latitude": 37.459328,
            "name": "International Vaccine Institute",
            "city_name": "Seoul",
            "country_name": "South Korea"
        }
    ],
    "times_cited": 1,
    "pmid": "31945421",
    "funders": [
        {
            "id": "grid.452940.e",
            "acronym": "MOHW",
            "types": [
                "Government"
            ],
            "longitude": 127.26203,
            "linkout": [
                "http://english.mw.go.kr/front_eng/index.jsp"
            ],
            "latitude": 36.50256,
            "name": "Ministry of Health and Welfare",
            "city_name": "Seoul",
            "country_name": "South Korea"
        }
    ],
    "research_org_country_names": [
        "South Korea"
    ],
    "id": "pub.1124053555",
    "journal": {
        "id": "jour.1094916",
        "title": "Virus Research"
    },
    "year": 2020,
    "references": [
        "pub.1020603684",
        "pub.1006670304",
        "pub.1025220744",
        "pub.1105469460",
        "pub.1004769172",
        "pub.1104436838",
        "pub.1101411292",
        "pub.1022985381",
        "pub.1012228670",
        "pub.1091210748",
        "pub.1019599789",
        "pub.1038542882",
        "pub.1007463994",
        "pub.1041903575",
        "pub.1031053265",
        "pub.1023271115",
        "pub.1062712785",
        "pub.1053592389",
        "pub.1009767042",
        "pub.1028952995",
        "pub.1017438391",
        "pub.1046262837",
        "pub.1047794259",
        "pub.1004964631",
        "pub.1090276733",
        "pub.1049394195",
        "pub.1018158123",
        "pub.1010379093",
        "pub.1071872878",
        "pub.1031334968"
    ],
    "author_affiliations": [
        [
            {
                "first_name": "Junghyun",
                "last_name": "Goo",
                "initials": "",
                "corresponding": "",
                "orcid": "",
                "current_organization_id": "",
                "researcher_id": "",
                "affiliations": [
                    {
                        "id": "grid.30311.30",
                        "name": "International Vaccine Institute",
                        "city": "Seoul",
                        "city_id": 1835848,
                        "country": "South Korea",
                        "country_code": "KR",
                        "state": null,
                        "state_code": null
                    }
                ]
            },
            {
                "first_name": "Yuji",
                "last_name": "Jeong",
                "initials": "",
                "corresponding": "",
                "orcid": "",
                "current_organization_id": "",
                "researcher_id": "",
                "affiliations": [
                    {
                        "id": "grid.30311.30",
                        "name": "International Vaccine Institute",
                        "city": "Seoul",
                        "city_id": 1835848,
                        "country": "South Korea",
                        "country_code": "KR",
                        "state": null,
                        "state_code": null
                    }
                ]
            },
            {
                "first_name": "Young-Shin",
                "last_name": "Park",
                "initials": "",
                "corresponding": "",
                "orcid": "",
                "current_organization_id": "",
                "researcher_id": "",
                "affiliations": [
                    {
                        "id": "grid.30311.30",
                        "name": "International Vaccine Institute",
                        "city": "Seoul",
                        "city_id": 1835848,
                        "country": "South Korea",
                        "country_code": "KR",
                        "state": null,
                        "state_code": null
                    }
                ]
            },
            {
                "first_name": "Eunji",
                "last_name": "Yang",
                "initials": "",
                "corresponding": "",
                "orcid": "",
                "current_organization_id": "grid.30311.30",
                "researcher_id": "ur.0634442606.74",
                "affiliations": [
                    {
                        "id": "grid.30311.30",
                        "name": "International Vaccine Institute",
                        "city": "Seoul",
                        "city_id": 1835848,
                        "country": "South Korea",
                        "country_code": "KR",
                        "state": null,
                        "state_code": null
                    }
                ]
            },
            {
                "first_name": "Dae-Im",
                "last_name": "Jung",
                "initials": "",
                "corresponding": "",
                "orcid": "",
                "current_organization_id": "",
                "researcher_id": "",
                "affiliations": [
                    {
                        "id": "grid.30311.30",
                        "name": "International Vaccine Institute",
                        "city": "Seoul",
                        "city_id": 1835848,
                        "country": "South Korea",
                        "country_code": "KR",
                        "state": null,
                        "state_code": null
                    }
                ]
            },
            {
                "first_name": "Semi",
                "last_name": "Rho",
                "initials": "",
                "corresponding": "",
                "orcid": "",
                "current_organization_id": "",
                "researcher_id": "",
                "affiliations": [
                    {
                        "id": "grid.30311.30",
                        "name": "International Vaccine Institute",
                        "city": "Seoul",
                        "city_id": 1835848,
                        "country": "South Korea",
                        "country_code": "KR",
                        "state": null,
                        "state_code": null
                    }
                ]
            },
            {
                "first_name": "Uni",
                "last_name": "Park",
                "initials": "",
                "corresponding": "",
                "orcid": "",
                "current_organization_id": "grid.31501.36",
                "researcher_id": "ur.013736122060.82",
                "affiliations": [
                    {
                        "name": "Department of Microbiology and Immunology, South Korea"
                    },
                    {
                        "id": "grid.31501.36",
                        "name": "Seoul National University",
                        "city": "Seoul",
                        "city_id": 1835848,
                        "country": "South Korea",
                        "country_code": "KR",
                        "state": null,
                        "state_code": null
                    }
                ]
            },
            {
                "first_name": "Hyeyeong",
                "last_name": "Sung",
                "initials": "",
                "corresponding": "",
                "orcid": "",
                "current_organization_id": "",
                "researcher_id": "",
                "affiliations": [
                    {
                        "name": "NKMAX Co. Ltd., Seongnam, South Korea"
                    }
                ]
            },
            {
                "first_name": "Pil-Gu",
                "last_name": "Park",
                "initials": "",
                "corresponding": "",
                "orcid": "['0000-0002-3024-3439']",
                "current_organization_id": "grid.15444.30",
                "researcher_id": "ur.0773054425.10",
                "affiliations": [
                    {
                        "id": "grid.15444.30",
                        "name": "Yonsei University",
                        "city": "Seoul",
                        "city_id": 1835848,
                        "country": "South Korea",
                        "country_code": "KR",
                        "state": null,
                        "state_code": null
                    }
                ]
            },
            {
                "first_name": "Jung-ah",
                "last_name": "Choi",
                "initials": "",
                "corresponding": "",
                "orcid": "",
                "current_organization_id": "",
                "researcher_id": "",
                "affiliations": [
                    {
                        "id": "grid.30311.30",
                        "name": "International Vaccine Institute",
                        "city": "Seoul",
                        "city_id": 1835848,
                        "country": "South Korea",
                        "country_code": "KR",
                        "state": null,
                        "state_code": null
                    }
                ]
            },
            {
                "first_name": "Sang Hwan",
                "last_name": "Seo",
                "initials": "",
                "corresponding": "",
                "orcid": "",
                "current_organization_id": "",
                "researcher_id": "",
                "affiliations": [
                    {
                        "id": "grid.30311.30",
                        "name": "International Vaccine Institute",
                        "city": "Seoul",
                        "city_id": 1835848,
                        "country": "South Korea",
                        "country_code": "KR",
                        "state": null,
                        "state_code": null
                    }
                ]
            },
            {
                "first_name": "Nam Hyuck",
                "last_name": "Cho",
                "initials": "",
                "corresponding": "",
                "orcid": "",
                "current_organization_id": "grid.31501.36",
                "researcher_id": "ur.012607162667.12",
                "affiliations": [
                    {
                        "name": "Department of Microbiology and Immunology, South Korea"
                    },
                    {
                        "id": "grid.31501.36",
                        "name": "Seoul National University",
                        "city": "Seoul",
                        "city_id": 1835848,
                        "country": "South Korea",
                        "country_code": "KR",
                        "state": null,
                        "state_code": null
                    },
                    {
                        "id": "grid.31501.36",
                        "name": "Seoul National University",
                        "city": "Seoul",
                        "city_id": 1835848,
                        "country": "South Korea",
                        "country_code": "KR",
                        "state": null,
                        "state_code": null
                    }
                ]
            },
            {
                "first_name": "Hyeja",
                "last_name": "Lee",
                "initials": "",
                "corresponding": "",
                "orcid": "",
                "current_organization_id": "",
                "researcher_id": "",
                "affiliations": [
                    {
                        "name": "NKMAX Co. Ltd., Seongnam, South Korea"
                    }
                ]
            },
            {
                "first_name": "Jae Myun",
                "last_name": "Lee",
                "initials": "",
                "corresponding": "",
                "orcid": "",
                "current_organization_id": "",
                "researcher_id": "",
                "affiliations": [
                    {
                        "id": "grid.15444.30",
                        "name": "Yonsei University",
                        "city": "Seoul",
                        "city_id": 1835848,
                        "country": "South Korea",
                        "country_code": "KR",
                        "state": null,
                        "state_code": null
                    }
                ]
            },
            {
                "first_name": "Jae-Ouk",
                "last_name": "Kim",
                "initials": "",
                "corresponding": true,
                "orcid": "",
                "current_organization_id": "",
                "researcher_id": "",
                "affiliations": [
                    {
                        "id": "grid.30311.30",
                        "name": "International Vaccine Institute",
                        "city": "Seoul",
                        "city_id": 1835848,
                        "country": "South Korea",
                        "country_code": "KR",
                        "state": null,
                        "state_code": null
                    }
                ]
            },
            {
                "first_name": "Manki",
                "last_name": "Song",
                "initials": "",
                "corresponding": true,
                "orcid": "",
                "current_organization_id": "grid.30311.30",
                "researcher_id": "ur.01310357223.55",
                "affiliations": [
                    {
                        "id": "grid.30311.30",
                        "name": "International Vaccine Institute",
                        "city": "Seoul",
                        "city_id": 1835848,
                        "country": "South Korea",
                        "country_code": "KR",
                        "state": null,
                        "state_code": null
                    }
                ]
            }
        ]
    ],
    "type": "article"
}