{
    "research_orgs": [
        {
            "id": "grid.8591.5",
            "linkout": [
                "https://www.unige.ch/"
            ],
            "city_name": "Geneva",
            "longitude": 6.145095,
            "acronym": "UNIGE",
            "latitude": 46.199657,
            "name": "University of Geneva",
            "types": [
                "Education"
            ],
            "country_name": "Switzerland"
        }
    ],
    "research_org_country_names": [
        "Switzerland"
    ],
    "pmid": "15031497",
    "title": "Inhibition of Hepatitis B Virus Replication by APOBEC3G",
    "type": "article",
    "year": 2004,
    "journal": {
        "id": "jour.1346339",
        "title": "Science"
    },
    "researchers": [
        {
            "id": "ur.0600305626.85",
            "research_orgs": [
                "grid.8591.5",
                "grid.5333.6",
                "grid.5399.6"
            ],
            "first_name": "Priscilla",
            "last_name": "Turelli"
        },
        {
            "id": "ur.0767211711.33",
            "research_orgs": [
                "grid.5600.3",
                "grid.8591.5",
                "grid.6612.3",
                "grid.5333.6"
            ],
            "first_name": "Bastien",
            "last_name": "Mangeat",
            "orcid_id": [
                "0000-0003-2592-0236"
            ]
        },
        {
            "id": "ur.01103440311.27",
            "research_orgs": [
                "grid.32224.35",
                "grid.8591.5",
                "grid.5333.6"
            ],
            "first_name": "St\u00e9phanie",
            "last_name": "Jost"
        },
        {
            "id": "ur.01312170322.23",
            "research_orgs": [
                "grid.8591.5"
            ],
            "first_name": "Sandrine",
            "last_name": "Vianin"
        },
        {
            "id": "ur.01043771734.05",
            "research_orgs": [
                "grid.9851.5",
                "grid.5333.6",
                "grid.8591.5",
                "grid.265008.9",
                "grid.250671.7",
                "grid.116068.8",
                "grid.19188.39",
                "grid.411843.b",
                "grid.5801.c",
                "grid.150338.c",
                "grid.425888.b"
            ],
            "first_name": "Didier",
            "last_name": "Trono"
        }
    ],
    "research_org_countries": [
        {
            "id": "CH",
            "name": "Switzerland"
        }
    ],
    "date": "2004-03-19",
    "altmetric": 6.0,
    "pages": "1829-1829",
    "id": "pub.1062449156",
    "volume": "303",
    "issue": "5665",
    "research_org_cities": [
        {
            "id": 2660646,
            "name": "Gen\u00e8ve"
        }
    ],
    "author_affiliations": [
        [
            {
                "first_name": "Priscilla",
                "last_name": "Turelli",
                "initials": "",
                "corresponding": "",
                "orcid": "",
                "current_organization_id": "grid.5333.6",
                "researcher_id": "ur.0600305626.85",
                "affiliations": [
                    {
                        "id": "grid.8591.5",
                        "name": "University of Geneva",
                        "city": "Geneva",
                        "city_id": 2660646,
                        "country": "Switzerland",
                        "country_code": "CH",
                        "state": null,
                        "state_code": null
                    }
                ]
            },
            {
                "first_name": "Bastien",
                "last_name": "Mangeat",
                "initials": "",
                "corresponding": "",
                "orcid": "['0000-0003-2592-0236']",
                "current_organization_id": "grid.5333.6",
                "researcher_id": "ur.0767211711.33",
                "affiliations": [
                    {
                        "id": "grid.8591.5",
                        "name": "University of Geneva",
                        "city": "Geneva",
                        "city_id": 2660646,
                        "country": "Switzerland",
                        "country_code": "CH",
                        "state": null,
                        "state_code": null
                    }
                ]
            },
            {
                "first_name": "Stephanie",
                "last_name": "Jost",
                "initials": "",
                "corresponding": "",
                "orcid": "",
                "current_organization_id": "grid.32224.35",
                "researcher_id": "ur.01103440311.27",
                "affiliations": [
                    {
                        "id": "grid.8591.5",
                        "name": "University of Geneva",
                        "city": "Geneva",
                        "city_id": 2660646,
                        "country": "Switzerland",
                        "country_code": "CH",
                        "state": null,
                        "state_code": null
                    }
                ]
            },
            {
                "first_name": "Sandrine",
                "last_name": "Vianin",
                "initials": "",
                "corresponding": "",
                "orcid": "",
                "current_organization_id": "grid.8591.5",
                "researcher_id": "ur.01312170322.23",
                "affiliations": [
                    {
                        "id": "grid.8591.5",
                        "name": "University of Geneva",
                        "city": "Geneva",
                        "city_id": 2660646,
                        "country": "Switzerland",
                        "country_code": "CH",
                        "state": null,
                        "state_code": null
                    }
                ]
            },
            {
                "first_name": "Didier",
                "last_name": "Trono",
                "initials": "",
                "corresponding": "",
                "orcid": "",
                "current_organization_id": "grid.5333.6",
                "researcher_id": "ur.01043771734.05",
                "affiliations": [
                    {
                        "id": "grid.8591.5",
                        "name": "University of Geneva",
                        "city": "Geneva",
                        "city_id": 2660646,
                        "country": "Switzerland",
                        "country_code": "CH",
                        "state": null,
                        "state_code": null
                    }
                ]
            }
        ]
    ],
    "doi": "10.1126/science.1092066",
    "times_cited": 338,
    "references": [
        "pub.1009898122",
        "pub.1042589371",
        "pub.1017382178",
        "pub.1017505704"
    ],
    "relative_citation_ratio": 6.24
}