{
    "volume": "12",
    "date": "2017-07-01",
    "title": "Molecular modeling and docking revealed superiority of IDX-184 as HCV polymerase inhibitor",
    "researchers": [
        {
            "id": "ur.01343533410.96",
            "last_name": "Elfiky",
            "first_name": "Abdo A",
            "orcid_id": [
                "0000-0003-4600-6240"
            ],
            "research_orgs": [
                "grid.412258.8",
                "grid.419330.c",
                "grid.4514.4",
                "grid.7776.1"
            ]
        },
        {
            "id": "ur.010352771216.57",
            "last_name": "Ismail",
            "first_name": "Alaa M",
            "research_orgs": [
                "grid.17089.37",
                "grid.7776.1"
            ]
        }
    ],
    "research_org_state_codes": [
        {
            "id": "CA-AB",
            "name": "Alberta"
        }
    ],
    "pages": "339-347",
    "research_org_cities": [
        {
            "id": 5946768,
            "name": "Edmonton"
        },
        {
            "id": 3165185,
            "name": "Trieste"
        },
        {
            "id": 360995,
            "name": "Giza"
        }
    ],
    "research_org_countries": [
        {
            "id": "EG",
            "name": "Egypt"
        },
        {
            "id": "IT",
            "name": "Italy"
        },
        {
            "id": "CA",
            "name": "Canada"
        }
    ],
    "doi": "10.2217/fvl-2017-0027",
    "FOR": [
        {
            "id": "3053",
            "name": "1103 Clinical Sciences"
        }
    ],
    "times_cited": 4,
    "research_orgs": [
        {
            "id": "grid.17089.37",
            "state_name": "Alberta",
            "types": [
                "Education"
            ],
            "longitude": -113.52907,
            "linkout": [
                "http://ualberta.ca/"
            ],
            "latitude": 53.52378,
            "name": "University of Alberta",
            "city_name": "Edmonton",
            "country_name": "Canada"
        },
        {
            "id": "grid.7776.1",
            "types": [
                "Education"
            ],
            "longitude": 31.21014,
            "linkout": [
                "http://cu.edu.eg/Home"
            ],
            "latitude": 30.0276,
            "name": "Cairo University",
            "city_name": "Giza",
            "country_name": "Egypt"
        },
        {
            "id": "grid.419330.c",
            "acronym": "ICTP",
            "types": [
                "Facility"
            ],
            "longitude": 13.719149,
            "linkout": [
                "http://www.ictp.it/"
            ],
            "latitude": 45.704067,
            "name": "International Centre for Theoretical Physics",
            "city_name": "Trieste",
            "country_name": "Italy"
        }
    ],
    "research_org_country_names": [
        "Italy",
        "Egypt",
        "Canada"
    ],
    "id": "pub.1090585011",
    "issue": "7",
    "journal": {
        "id": "jour.1037136",
        "title": "Future Virology"
    },
    "year": 2017,
    "references": [
        "pub.1046875269",
        "pub.1042115071",
        "pub.1017468925",
        "pub.1028494686",
        "pub.1004047022",
        "pub.1012394920",
        "pub.1017777301",
        "pub.1021563709",
        "pub.1015426867",
        "pub.1022749059",
        "pub.1032187194",
        "pub.1020340894",
        "pub.1039899061",
        "pub.1049542383",
        "pub.1004318464",
        "pub.1083552908",
        "pub.1037775127",
        "pub.1016185019",
        "pub.1014050856",
        "pub.1032596440",
        "pub.1044595902",
        "pub.1046318526",
        "pub.1013883947",
        "pub.1000177679",
        "pub.1028728236",
        "pub.1062542266",
        "pub.1037832527",
        "pub.1055714117",
        "pub.1003507008",
        "pub.1026500152",
        "pub.1000002318",
        "pub.1027474576",
        "pub.1049352262",
        "pub.1069209575",
        "pub.1038455731",
        "pub.1032019790",
        "pub.1024286859",
        "pub.1036785441",
        "pub.1029454980"
    ],
    "research_org_state_names": [
        "Alberta"
    ],
    "author_affiliations": [
        [
            {
                "first_name": "Abdo A",
                "last_name": "Elfiky",
                "initials": "",
                "corresponding": "",
                "orcid": "['0000-0003-4600-6240']",
                "current_organization_id": "grid.7776.1",
                "researcher_id": "ur.01343533410.96",
                "affiliations": [
                    {
                        "id": "grid.7776.1",
                        "name": "Cairo University",
                        "city": "Giza",
                        "city_id": 360995,
                        "country": "Egypt",
                        "country_code": "EG",
                        "state": null,
                        "state_code": null
                    },
                    {
                        "id": "grid.419330.c",
                        "name": "International Centre for Theoretical Physics",
                        "city": "Trieste",
                        "city_id": 3165185,
                        "country": "Italy",
                        "country_code": "IT",
                        "state": null,
                        "state_code": null
                    }
                ]
            },
            {
                "first_name": "Alaa M",
                "last_name": "Ismail",
                "initials": "",
                "corresponding": "",
                "orcid": "",
                "current_organization_id": "grid.7776.1",
                "researcher_id": "ur.010352771216.57",
                "affiliations": [
                    {
                        "id": "grid.7776.1",
                        "name": "Cairo University",
                        "city": "Giza",
                        "city_id": 360995,
                        "country": "Egypt",
                        "country_code": "EG",
                        "state": null,
                        "state_code": null
                    },
                    {
                        "id": "grid.17089.37",
                        "name": "University of Alberta",
                        "city": "Edmonton",
                        "city_id": 5946768,
                        "country": "Canada",
                        "country_code": "CA",
                        "state": "Alberta",
                        "state_code": "CA-AB"
                    }
                ]
            }
        ]
    ],
    "type": "article"
}