{
    "research_orgs": [
        {
            "id": "grid.7177.6",
            "linkout": [
                "http://www.uva.nl/en/home"
            ],
            "city_name": "Amsterdam",
            "longitude": 4.954782,
            "acronym": "UvA",
            "state_name": "Noord-Holland",
            "latitude": 52.355793,
            "name": "University of Amsterdam",
            "types": [
                "Education"
            ],
            "country_name": "Netherlands"
        }
    ],
    "research_org_country_names": [
        "Netherlands"
    ],
    "title": "Risk Perception and Self-Protective Behavior",
    "type": "article",
    "year": 1996,
    "journal": {
        "id": "jour.1115699",
        "title": "European Psychologist"
    },
    "researchers": [
        {
            "id": "ur.01060035635.66",
            "research_orgs": [
                "grid.4464.2",
                "grid.8391.3",
                "grid.7177.6",
                "grid.12380.38",
                "grid.13097.3c"
            ],
            "first_name": "Joop",
            "last_name": "Van Der Pligt"
        }
    ],
    "FOR": [
        {
            "id": "3468",
            "name": "1701 Psychology"
        }
    ],
    "research_org_countries": [
        {
            "id": "NL",
            "name": "Netherlands"
        }
    ],
    "date": "1996-01-01",
    "pages": "34-43",
    "id": "pub.1056344740",
    "volume": "1",
    "issue": "1",
    "research_org_cities": [
        {
            "id": 2759794,
            "name": "Amsterdam"
        }
    ],
    "open_access": [
        "Open Access - all",
        "Open Access - repository",
        "Open Access - submitted"
    ],
    "author_affiliations": [
        [
            {
                "first_name": "Joop",
                "last_name": "van der Pligt",
                "initials": "",
                "corresponding": "",
                "orcid": "",
                "current_organization_id": "grid.7177.6",
                "researcher_id": "ur.01060035635.66",
                "affiliations": [
                    {
                        "id": "grid.7177.6",
                        "name": "University of Amsterdam",
                        "city": "Amsterdam",
                        "city_id": 2759794,
                        "country": "Netherlands",
                        "country_code": "NL",
                        "state": null,
                        "state_code": null
                    }
                ]
            }
        ]
    ],
    "doi": "10.1027/1016-9040.1.1.34",
    "times_cited": 91,
    "references": [
        "pub.1012261869",
        "pub.1044909429",
        "pub.1048107048",
        "pub.1024868099",
        "pub.1046620324",
        "pub.1036860041",
        "pub.1022779804",
        "pub.1016407616",
        "pub.1000635495",
        "pub.1004508384",
        "pub.1014823855",
        "pub.1069777413",
        "pub.1041804389",
        "pub.1058528757",
        "pub.1006184515",
        "pub.1047570595",
        "pub.1030625894",
        "pub.1070180291",
        "pub.1069777135",
        "pub.1037638852",
        "pub.1002587357",
        "pub.1020435034",
        "pub.1011641452",
        "pub.1039489732",
        "pub.1007310257",
        "pub.1017858302",
        "pub.1028082114",
        "pub.1059641398",
        "pub.1043071913",
        "pub.1028635686",
        "pub.1008653885",
        "pub.1026875382",
        "pub.1021026635",
        "pub.1011662793",
        "pub.1012058309",
        "pub.1017676032",
        "pub.1079247836",
        "pub.1031553826",
        "pub.1026092513",
        "pub.1044959165",
        "pub.1038473679",
        "pub.1062510354",
        "pub.1040996955",
        "pub.1024012146"
    ]
}