{
    "research_orgs": [
        {
            "id": "grid.4444.0",
            "linkout": [
                "http://www.cnrs.fr/index.php"
            ],
            "city_name": "Paris",
            "longitude": 2.264034,
            "acronym": "CNRS",
            "latitude": 48.847664,
            "name": "French National Centre for Scientific Research",
            "types": [
                "Government"
            ],
            "country_name": "France"
        },
        {
            "id": "grid.412199.6",
            "linkout": [
                "http://www.mayor.cl/"
            ],
            "city_name": "Santiago",
            "longitude": -70.58356,
            "latitude": -33.41672,
            "name": "Universidad Mayor",
            "types": [
                "Education"
            ],
            "country_name": "Chile"
        },
        {
            "id": "grid.32224.35",
            "linkout": [
                "http://www.massgeneral.org/"
            ],
            "city_name": "Boston",
            "longitude": -71.068634,
            "acronym": "MGH",
            "state_name": "Massachusetts",
            "latitude": 42.362804,
            "name": "Massachusetts General Hospital",
            "types": [
                "Healthcare"
            ],
            "country_name": "United States"
        },
        {
            "id": "grid.416879.5",
            "linkout": [
                "https://www.virginiamason.org/hospital"
            ],
            "city_name": "Seattle",
            "longitude": -122.327225,
            "state_name": "Washington",
            "latitude": 47.61028,
            "name": "Virginia Mason Medical Center",
            "types": [
                "Healthcare"
            ],
            "country_name": "United States"
        },
        {
            "id": "grid.4305.2",
            "linkout": [
                "http://www.ed.ac.uk/home"
            ],
            "city_name": "Edinburgh",
            "longitude": -3.189284,
            "latitude": 55.944897,
            "name": "University of Edinburgh",
            "types": [
                "Education"
            ],
            "country_name": "United Kingdom"
        },
        {
            "id": "grid.15140.31",
            "linkout": [
                "http://www.ens-lyon.eu/ecole-normale-superieure-de-lyon-accueil-77247.kjsp"
            ],
            "city_name": "Lyon",
            "longitude": 4.832868,
            "acronym": "ENSL",
            "state_name": "Rh\u00f4ne-Alpes",
            "latitude": 45.732513,
            "name": "\u00c9cole Normale Sup\u00e9rieure de Lyon",
            "types": [
                "Education"
            ],
            "country_name": "France"
        },
        {
            "id": "grid.25697.3f",
            "linkout": [
                "http://lyon-university.org/"
            ],
            "city_name": "Lyon",
            "longitude": 4.852352,
            "latitude": 45.74815,
            "name": "University of Lyon System",
            "types": [
                "Education"
            ],
            "country_name": "France"
        },
        {
            "id": "grid.462394.e",
            "linkout": [
                "http://ciri.inserm.fr/en/"
            ],
            "city_name": "Lyon",
            "longitude": 4.868531,
            "acronym": "CIRI",
            "latitude": 45.780266,
            "name": "International Center for Infectiology Research",
            "types": [
                "Facility"
            ],
            "country_name": "France"
        },
        {
            "id": "grid.7429.8",
            "linkout": [
                "http://english.inserm.fr/"
            ],
            "city_name": "Paris",
            "longitude": 2.365553,
            "acronym": "INSERM",
            "latitude": 48.826523,
            "name": "French Institute of Health and Medical Research",
            "types": [
                "Government"
            ],
            "country_name": "France"
        }
    ],
    "research_org_country_names": [
        "Chile",
        "United Kingdom",
        "United States",
        "France"
    ],
    "pmid": "27481847",
    "funders": [
        {
            "id": "grid.22058.3d",
            "linkout": [
                "http://www.agence-nationale-recherche.fr/en/project-based-funding-to-advance-french-research/"
            ],
            "city_name": "Paris",
            "longitude": 2.377769,
            "acronym": "ANR ",
            "latitude": 48.84526,
            "name": "National Agency for Research",
            "types": [
                "Other"
            ],
            "country_name": "France"
        },
        {
            "id": "grid.14105.31",
            "linkout": [
                "http://www.mrc.ac.uk/"
            ],
            "city_name": "London",
            "longitude": -0.119432,
            "acronym": "MRC",
            "latitude": 51.514755,
            "name": "Medical Research Council",
            "types": [
                "Government"
            ],
            "country_name": "United Kingdom"
        },
        {
            "id": "grid.419635.c",
            "linkout": [
                "http://www.niddk.nih.gov/"
            ],
            "city_name": "Bethesda",
            "longitude": -77.10107,
            "acronym": "NIDDK",
            "state_name": "Maryland",
            "latitude": 39.003628,
            "name": "National Institute of Diabetes and Digestive and Kidney Diseases",
            "types": [
                "Facility"
            ],
            "country_name": "United States"
        },
        {
            "id": "grid.270680.b",
            "linkout": [
                "http://ec.europa.eu/index_en.htm"
            ],
            "city_name": "Brussels",
            "longitude": 4.36367,
            "acronym": "EC",
            "latitude": 50.85165,
            "name": "European Commission",
            "types": [
                "Government"
            ],
            "country_name": "Belgium"
        }
    ],
    "title": "\u03b28 Integrin Expression and Activation of TGF-\u03b2 by Intestinal Dendritic Cells Are Determined by Both Tissue Microenvironment and Cell Lineage",
    "type": "article",
    "year": 2016,
    "journal": {
        "id": "jour.1077134",
        "title": "The Journal of Immunology"
    },
    "researchers": [
        {
            "id": "ur.01346304250.23",
            "first_name": "Mathilde",
            "last_name": "Boucard-Jourdin"
        },
        {
            "id": "ur.013160062555.38",
            "research_orgs": [
                "grid.416879.5"
            ],
            "first_name": "David G",
            "last_name": "Kugler",
            "orcid_id": [
                "0000-0002-2936-1649"
            ]
        },
        {
            "id": "ur.01127114222.15",
            "research_orgs": [
                "grid.417961.c"
            ],
            "first_name": "Marie-Laure",
            "last_name": "Endale Ahanda"
        },
        {
            "id": "ur.0752030335.23",
            "research_orgs": [
                "grid.462394.e",
                "grid.4444.0",
                "grid.25697.3f",
                "grid.5842.b",
                "grid.15140.31",
                "grid.7849.2"
            ],
            "first_name": "S\u00e9bastien",
            "last_name": "This"
        },
        {
            "id": "ur.0614752130.04",
            "research_orgs": [
                "grid.443909.3",
                "grid.412199.6",
                "grid.38142.3c",
                "grid.83440.3b",
                "grid.32224.35"
            ],
            "first_name": "Jaime",
            "last_name": "De Calisto"
        },
        {
            "id": "ur.0771075302.75",
            "research_orgs": [
                "grid.470885.6",
                "grid.4305.2"
            ],
            "first_name": "Ailiang",
            "last_name": "Zhang"
        },
        {
            "id": "ur.01113542330.03",
            "research_orgs": [
                "grid.32224.35",
                "grid.443909.3",
                "grid.419849.9",
                "grid.497530.c",
                "grid.38142.3c",
                "grid.428820.4"
            ],
            "first_name": "Jorge Rodrigo",
            "last_name": "Mora",
            "orcid_id": [
                "0000-0001-8819-0950"
            ]
        },
        {
            "id": "ur.01315205133.09",
            "research_orgs": [
                "grid.32224.35",
                "grid.418716.d",
                "grid.4305.2",
                "grid.470885.6",
                "grid.418309.7",
                "grid.66859.34",
                "grid.38142.3c",
                "grid.416879.5"
            ],
            "first_name": "Lynda Maria",
            "last_name": "Stuart"
        },
        {
            "id": "ur.0621607557.20",
            "research_orgs": [
                "grid.415598.4",
                "grid.470885.6",
                "grid.4563.4",
                "grid.4305.2",
                "grid.14105.31",
                "grid.7445.2",
                "grid.426108.9",
                "grid.418716.d",
                "grid.413629.b",
                "grid.240341.0"
            ],
            "first_name": "John S",
            "last_name": "Savill"
        },
        {
            "id": "ur.01365231075.25",
            "research_orgs": [
                "grid.34477.33",
                "grid.38142.3c",
                "grid.5335.0",
                "grid.280051.e",
                "grid.32224.35",
                "grid.470885.6",
                "grid.4305.2",
                "grid.83440.3b",
                "grid.416879.5",
                "grid.116068.8",
                "grid.420089.7"
            ],
            "first_name": "Adam",
            "last_name": "Lacy-Hulbert",
            "orcid_id": [
                "0000-0003-2162-0156"
            ]
        },
        {
            "id": "ur.01260664440.22",
            "research_orgs": [
                "grid.32224.35",
                "grid.4305.2",
                "grid.462394.e",
                "grid.7700.0",
                "grid.25697.3f",
                "grid.418192.7",
                "grid.38142.3c"
            ],
            "first_name": "Helena",
            "last_name": "Paidassi",
            "orcid_id": [
                "0000-0001-9915-4365"
            ]
        }
    ],
    "FOR": [
        {
            "id": "3103",
            "name": "1107 Immunology"
        }
    ],
    "research_org_countries": [
        {
            "id": "GB",
            "name": "United Kingdom"
        },
        {
            "id": "CL",
            "name": "Chile"
        },
        {
            "id": "FR",
            "name": "France"
        },
        {
            "id": "US",
            "name": "United States"
        }
    ],
    "date": "2016-09-01",
    "altmetric": 2.0,
    "pages": "1968-1978",
    "research_org_state_names": [
        "Massachusetts",
        "Washington"
    ],
    "id": "pub.1079309007",
    "research_org_state_codes": [
        {
            "id": "US-WA",
            "name": "Washington"
        },
        {
            "id": "US-MA",
            "name": "Massachusetts"
        }
    ],
    "volume": "197",
    "issue": "5",
    "research_org_cities": [
        {
            "id": 3871336,
            "name": "Santiago"
        },
        {
            "id": 4930956,
            "name": "Boston"
        },
        {
            "id": 2996944,
            "name": "Lyon"
        },
        {
            "id": 2650225,
            "name": "Edinburgh"
        },
        {
            "id": 5809844,
            "name": "Seattle"
        },
        {
            "id": 2988507,
            "name": "Paris"
        }
    ],
    "open_access": [
        "Open Access - all",
        "Open Access - publisher",
        "Open Access - published"
    ],
    "author_affiliations": [
        [
            {
                "first_name": "Mathilde",
                "last_name": "Boucard-Jourdin",
                "initials": "",
                "corresponding": "",
                "orcid": "",
                "current_organization_id": "",
                "researcher_id": "ur.01346304250.23",
                "affiliations": [
                    {
                        "id": "grid.25697.3f",
                        "name": "University of Lyon System",
                        "city": "Lyon",
                        "city_id": 2996944,
                        "country": "France",
                        "country_code": "FR",
                        "state": null,
                        "state_code": null
                    },
                    {
                        "id": "grid.7429.8",
                        "name": "Inserm",
                        "city": "Paris",
                        "city_id": 2988507,
                        "country": "France",
                        "country_code": "FR",
                        "state": null,
                        "state_code": null
                    },
                    {
                        "id": "grid.15140.31",
                        "name": "\u00c9cole Normale Sup\u00e9rieure de Lyon",
                        "city": "Lyon",
                        "city_id": 2996944,
                        "country": "France",
                        "country_code": "FR",
                        "state": null,
                        "state_code": null
                    },
                    {
                        "id": "grid.462394.e",
                        "name": "International Center for Infectiology Research",
                        "city": "Lyon",
                        "city_id": 2996944,
                        "country": "France",
                        "country_code": "FR",
                        "state": null,
                        "state_code": null
                    },
                    {
                        "id": "grid.4444.0",
                        "name": "French National Centre for Scientific Research",
                        "city": "Paris",
                        "city_id": 2988507,
                        "country": "France",
                        "country_code": "FR",
                        "state": null,
                        "state_code": null
                    }
                ]
            },
            {
                "first_name": "David",
                "last_name": "Kugler",
                "initials": "",
                "corresponding": "",
                "orcid": "['0000-0002-2936-1649']",
                "current_organization_id": "grid.416879.5",
                "researcher_id": "ur.013160062555.38",
                "affiliations": [
                    {
                        "id": "grid.416879.5",
                        "name": "Virginia Mason Medical Center",
                        "city": "Seattle",
                        "city_id": 5809844,
                        "country": "United States",
                        "country_code": "US",
                        "state": "Washington",
                        "state_code": "US-WA"
                    }
                ]
            },
            {
                "first_name": "Marie-Laure",
                "last_name": "Endale Ahanda",
                "initials": "",
                "corresponding": "",
                "orcid": "",
                "current_organization_id": "grid.417961.c",
                "researcher_id": "ur.01127114222.15",
                "affiliations": [
                    {
                        "id": "grid.25697.3f",
                        "name": "University of Lyon System",
                        "city": "Lyon",
                        "city_id": 2996944,
                        "country": "France",
                        "country_code": "FR",
                        "state": null,
                        "state_code": null
                    },
                    {
                        "id": "grid.7429.8",
                        "name": "Inserm",
                        "city": "Paris",
                        "city_id": 2988507,
                        "country": "France",
                        "country_code": "FR",
                        "state": null,
                        "state_code": null
                    },
                    {
                        "id": "grid.15140.31",
                        "name": "\u00c9cole Normale Sup\u00e9rieure de Lyon",
                        "city": "Lyon",
                        "city_id": 2996944,
                        "country": "France",
                        "country_code": "FR",
                        "state": null,
                        "state_code": null
                    },
                    {
                        "id": "grid.462394.e",
                        "name": "International Center for Infectiology Research",
                        "city": "Lyon",
                        "city_id": 2996944,
                        "country": "France",
                        "country_code": "FR",
                        "state": null,
                        "state_code": null
                    },
                    {
                        "id": "grid.4444.0",
                        "name": "French National Centre for Scientific Research",
                        "city": "Paris",
                        "city_id": 2988507,
                        "country": "France",
                        "country_code": "FR",
                        "state": null,
                        "state_code": null
                    }
                ]
            },
            {
                "first_name": "S\u00e9bastien",
                "last_name": "This",
                "initials": "",
                "corresponding": "",
                "orcid": "",
                "current_organization_id": "grid.25697.3f",
                "researcher_id": "ur.0752030335.23",
                "affiliations": [
                    {
                        "id": "grid.25697.3f",
                        "name": "University of Lyon System",
                        "city": "Lyon",
                        "city_id": 2996944,
                        "country": "France",
                        "country_code": "FR",
                        "state": null,
                        "state_code": null
                    },
                    {
                        "id": "grid.7429.8",
                        "name": "Inserm",
                        "city": "Paris",
                        "city_id": 2988507,
                        "country": "France",
                        "country_code": "FR",
                        "state": null,
                        "state_code": null
                    },
                    {
                        "id": "grid.15140.31",
                        "name": "\u00c9cole Normale Sup\u00e9rieure de Lyon",
                        "city": "Lyon",
                        "city_id": 2996944,
                        "country": "France",
                        "country_code": "FR",
                        "state": null,
                        "state_code": null
                    },
                    {
                        "id": "grid.462394.e",
                        "name": "International Center for Infectiology Research",
                        "city": "Lyon",
                        "city_id": 2996944,
                        "country": "France",
                        "country_code": "FR",
                        "state": null,
                        "state_code": null
                    },
                    {
                        "id": "grid.4444.0",
                        "name": "French National Centre for Scientific Research",
                        "city": "Paris",
                        "city_id": 2988507,
                        "country": "France",
                        "country_code": "FR",
                        "state": null,
                        "state_code": null
                    }
                ]
            },
            {
                "first_name": "Jaime",
                "last_name": "De Calisto",
                "initials": "",
                "corresponding": "",
                "orcid": "",
                "current_organization_id": "grid.412199.6",
                "researcher_id": "ur.0614752130.04",
                "affiliations": [
                    {
                        "id": "grid.412199.6",
                        "name": "Universidad Mayor",
                        "city": "Santiago",
                        "city_id": 3871336,
                        "country": "Chile",
                        "country_code": "CL",
                        "state": null,
                        "state_code": null
                    }
                ]
            },
            {
                "first_name": "Ailiang",
                "last_name": "Zhang",
                "initials": "",
                "corresponding": "",
                "orcid": "",
                "current_organization_id": "grid.4305.2",
                "researcher_id": "ur.0771075302.75",
                "affiliations": [
                    {
                        "id": "grid.4305.2",
                        "name": "University of Edinburgh",
                        "city": "Edinburgh",
                        "city_id": 2650225,
                        "country": "United Kingdom",
                        "country_code": "GB",
                        "state": null,
                        "state_code": null
                    }
                ]
            },
            {
                "first_name": "J Rodrigo",
                "last_name": "Mora",
                "initials": "",
                "corresponding": "",
                "orcid": "['0000-0001-8819-0950']",
                "current_organization_id": "grid.32224.35",
                "researcher_id": "ur.01113542330.03",
                "affiliations": [
                    {
                        "id": "grid.32224.35",
                        "name": "Massachusetts General Hospital",
                        "city": "Boston",
                        "city_id": 4930956,
                        "country": "United States",
                        "country_code": "US",
                        "state": "Massachusetts",
                        "state_code": "US-MA"
                    }
                ]
            },
            {
                "first_name": "Lynda M",
                "last_name": "Stuart",
                "initials": "",
                "corresponding": "",
                "orcid": "",
                "current_organization_id": "grid.416879.5",
                "researcher_id": "ur.01315205133.09",
                "affiliations": [
                    {
                        "id": "grid.416879.5",
                        "name": "Virginia Mason Medical Center",
                        "city": "Seattle",
                        "city_id": 5809844,
                        "country": "United States",
                        "country_code": "US",
                        "state": "Washington",
                        "state_code": "US-WA"
                    }
                ]
            },
            {
                "first_name": "John",
                "last_name": "Savill",
                "initials": "",
                "corresponding": "",
                "orcid": "",
                "current_organization_id": "grid.4305.2",
                "researcher_id": "ur.0621607557.20",
                "affiliations": [
                    {
                        "id": "grid.4305.2",
                        "name": "University of Edinburgh",
                        "city": "Edinburgh",
                        "city_id": 2650225,
                        "country": "United Kingdom",
                        "country_code": "GB",
                        "state": null,
                        "state_code": null
                    }
                ]
            },
            {
                "first_name": "Adam",
                "last_name": "Lacy-Hulbert",
                "initials": "",
                "corresponding": "",
                "orcid": "['0000-0003-2162-0156']",
                "current_organization_id": "grid.416879.5",
                "researcher_id": "ur.01365231075.25",
                "affiliations": [
                    {
                        "id": "grid.416879.5",
                        "name": "Virginia Mason Medical Center",
                        "city": "Seattle",
                        "city_id": 5809844,
                        "country": "United States",
                        "country_code": "US",
                        "state": "Washington",
                        "state_code": "US-WA"
                    }
                ]
            },
            {
                "first_name": "Helena",
                "last_name": "Paidassi",
                "initials": "",
                "corresponding": "",
                "orcid": "['0000-0001-9915-4365']",
                "current_organization_id": "grid.462394.e",
                "researcher_id": "ur.01260664440.22",
                "affiliations": [
                    {
                        "id": "grid.25697.3f",
                        "name": "University of Lyon System",
                        "city": "Lyon",
                        "city_id": 2996944,
                        "country": "France",
                        "country_code": "FR",
                        "state": null,
                        "state_code": null
                    },
                    {
                        "id": "grid.7429.8",
                        "name": "Inserm",
                        "city": "Paris",
                        "city_id": 2988507,
                        "country": "France",
                        "country_code": "FR",
                        "state": null,
                        "state_code": null
                    },
                    {
                        "id": "grid.15140.31",
                        "name": "\u00c9cole Normale Sup\u00e9rieure de Lyon",
                        "city": "Lyon",
                        "city_id": 2996944,
                        "country": "France",
                        "country_code": "FR",
                        "state": null,
                        "state_code": null
                    },
                    {
                        "id": "grid.462394.e",
                        "name": "International Center for Infectiology Research",
                        "city": "Lyon",
                        "city_id": 2996944,
                        "country": "France",
                        "country_code": "FR",
                        "state": null,
                        "state_code": null
                    },
                    {
                        "id": "grid.4444.0",
                        "name": "French National Centre for Scientific Research",
                        "city": "Paris",
                        "city_id": 2988507,
                        "country": "France",
                        "country_code": "FR",
                        "state": null,
                        "state_code": null
                    }
                ]
            }
        ]
    ],
    "pmcid": "PMC4992650",
    "doi": "10.4049/jimmunol.1600244",
    "times_cited": 26,
    "references": [
        "pub.1049529095",
        "pub.1012935976",
        "pub.1037639021",
        "pub.1077054801",
        "pub.1045472745",
        "pub.1014068309",
        "pub.1013266998",
        "pub.1039390173",
        "pub.1028653724",
        "pub.1006736942",
        "pub.1051296516",
        "pub.1022192842",
        "pub.1012412041",
        "pub.1030840088",
        "pub.1015471533",
        "pub.1034843068",
        "pub.1012313642",
        "pub.1044662023",
        "pub.1079131033",
        "pub.1046459576",
        "pub.1038142288",
        "pub.1041638987",
        "pub.1006541515",
        "pub.1039889414",
        "pub.1003817602",
        "pub.1034625961",
        "pub.1006108249",
        "pub.1078741762",
        "pub.1045926728",
        "pub.1030802985",
        "pub.1033580362",
        "pub.1024207821",
        "pub.1042720804",
        "pub.1013124540",
        "pub.1028846358",
        "pub.1014645635",
        "pub.1023164078",
        "pub.1030574031",
        "pub.1019420588",
        "pub.1012945203",
        "pub.1048372047",
        "pub.1011772194",
        "pub.1040077284",
        "pub.1035585607",
        "pub.1021922995",
        "pub.1002681829",
        "pub.1040717780",
        "pub.1040398704",
        "pub.1041538989",
        "pub.1021626925",
        "pub.1052951386",
        "pub.1001811413",
        "pub.1022677841",
        "pub.1028225229",
        "pub.1010789948",
        "pub.1027974686",
        "pub.1016233292",
        "pub.1009500492",
        "pub.1078620785",
        "pub.1003497682",
        "pub.1000554287",
        "pub.1031504328",
        "pub.1041518573"
    ],
    "relative_citation_ratio": 1.17
}