{
    "volume": "368",
    "date": "2007-05-01",
    "title": "Structure of the SARS Coronavirus Nucleocapsid Protein RNA-binding Dimerization Domain Suggests a Mechanism for Helical Packaging of Viral RNA",
    "researchers": [
        {
            "id": "ur.01107445071.72",
            "last_name": "Chen",
            "first_name": "Chun-Yuan",
            "research_orgs": [
                "grid.28665.3f",
                "grid.412896.0"
            ]
        },
        {
            "id": "ur.01045727617.12",
            "last_name": "Chang",
            "first_name": "Chung-Ke",
            "orcid_id": [
                "0000-0002-3864-1896"
            ],
            "research_orgs": [
                "grid.482251.8",
                "grid.147455.6",
                "grid.28665.3f"
            ]
        },
        {
            "id": "ur.01250676556.43",
            "last_name": "Chang",
            "first_name": "Yi-Wei",
            "orcid_id": [
                "0000-0003-2391-473X"
            ],
            "research_orgs": [
                "grid.38348.34",
                "grid.20861.3d",
                "grid.25879.31",
                "grid.413575.1",
                "grid.28665.3f"
            ]
        },
        {
            "id": "ur.01052630147.56",
            "last_name": "Sue",
            "first_name": "Shih-Che",
            "orcid_id": [
                "0000-0002-2169-0157"
            ],
            "research_orgs": [
                "grid.482251.8",
                "grid.38348.34",
                "grid.214007.0",
                "grid.418626.f"
            ]
        },
        {
            "id": "ur.01254204425.23",
            "last_name": "Bai",
            "first_name": "Hsin-I",
            "research_orgs": [
                "grid.482251.8"
            ]
        },
        {
            "id": "ur.01322317625.96",
            "last_name": "Riang",
            "first_name": "Lilianty",
            "research_orgs": [
                "grid.482251.8"
            ]
        },
        {
            "id": "ur.01246366774.47",
            "last_name": "Hsiao",
            "first_name": "Chwan-Deng",
            "research_orgs": [
                "grid.260565.2",
                "grid.47100.32",
                "grid.21925.3d",
                "grid.28665.3f"
            ]
        },
        {
            "id": "ur.01056471247.29",
            "last_name": "Huang",
            "first_name": "Tai Huang",
            "research_orgs": [
                "grid.116068.8",
                "grid.213917.f",
                "grid.482251.8",
                "grid.28665.3f",
                "grid.412090.e"
            ]
        }
    ],
    "pages": "1075-1086",
    "research_org_cities": [
        {
            "id": 1668341,
            "name": "Taipei"
        }
    ],
    "research_org_countries": [
        {
            "id": "TW",
            "name": "Taiwan"
        }
    ],
    "doi": "10.1016/j.jmb.2007.02.069",
    "FOR": [
        {
            "id": "2581",
            "name": "0601 Biochemistry and Cell Biology"
        }
    ],
    "times_cited": 59,
    "research_orgs": [
        {
            "id": "grid.412896.0",
            "acronym": "TMU",
            "types": [
                "Education"
            ],
            "longitude": 121.561,
            "linkout": [
                "http://www.tmu.edu.tw/english/main.php"
            ],
            "latitude": 25.025,
            "name": "Taipei Medical University",
            "city_name": "Taipei",
            "country_name": "Taiwan"
        },
        {
            "id": "grid.506935.c",
            "acronym": "IMB",
            "types": [
                "Facility"
            ],
            "longitude": 121.613846,
            "linkout": [
                "http://www.imb.sinica.edu.tw/ch/"
            ],
            "latitude": 25.043816,
            "name": "Institute of Molecular Biology, Academia Sinica",
            "city_name": "Taipei",
            "country_name": "Taiwan"
        },
        {
            "id": "grid.412090.e",
            "acronym": "NTNU",
            "types": [
                "Education"
            ],
            "longitude": 121.52802,
            "linkout": [
                "http://www.ntnu.edu.tw/ntnu-eng.html"
            ],
            "latitude": 25.02616,
            "name": "National Taiwan Normal University",
            "city_name": "Taipei",
            "country_name": "Taiwan"
        },
        {
            "id": "grid.482251.8",
            "acronym": "IBMS",
            "types": [
                "Facility"
            ],
            "longitude": 121.61462,
            "linkout": [
                "http://www.ibms.sinica.edu.tw"
            ],
            "latitude": 25.044695,
            "name": "Institute of Biomedical Sciences, Academia Sinica",
            "city_name": "Taipei",
            "country_name": "Taiwan"
        }
    ],
    "pmid": "17379242",
    "funders": [
        {
            "id": "grid.410767.3",
            "acronym": "MOST",
            "types": [
                "Government"
            ],
            "longitude": 121.54194,
            "linkout": [
                "https://www.most.gov.tw/en/"
            ],
            "latitude": 25.025145,
            "name": "Ministry of Science and Technology",
            "city_name": "Taipei",
            "country_name": "Taiwan"
        },
        {
            "id": "grid.28665.3f",
            "types": [
                "Facility"
            ],
            "longitude": 121.616745,
            "linkout": [
                "http://www.sinica.edu.tw/main_e.shtml"
            ],
            "latitude": 25.042063,
            "name": "Academia Sinica",
            "city_name": "Taipei",
            "country_name": "Taiwan"
        }
    ],
    "research_org_country_names": [
        "Taiwan"
    ],
    "id": "pub.1040743414",
    "issue": "4",
    "journal": {
        "id": "jour.1077105",
        "title": "Journal of Molecular Biology"
    },
    "year": 2007,
    "references": [
        "pub.1014864414",
        "pub.1060405324",
        "pub.1032614505",
        "pub.1074708107",
        "pub.1018502914",
        "pub.1050596740",
        "pub.1009293633",
        "pub.1007454817",
        "pub.1051809119",
        "pub.1003451988",
        "pub.1008994119",
        "pub.1005030691",
        "pub.1015646315",
        "pub.1013950129",
        "pub.1004907170",
        "pub.1052830769",
        "pub.1005545483",
        "pub.1000944178",
        "pub.1053846606",
        "pub.1001267712",
        "pub.1033020710",
        "pub.1033671149",
        "pub.1055202176",
        "pub.1018097356",
        "pub.1019779527",
        "pub.1054549523",
        "pub.1014608500",
        "pub.1032520124",
        "pub.1004814481",
        "pub.1013856754",
        "pub.1044753293",
        "pub.1049277681",
        "pub.1055198271",
        "pub.1021532775",
        "pub.1049714182",
        "pub.1033401324",
        "pub.1033493086",
        "pub.1012321359"
    ],
    "relative_citation_ratio": 1.46,
    "author_affiliations": [
        [
            {
                "first_name": "Chun-Yuan",
                "last_name": "Chen",
                "initials": "",
                "corresponding": "",
                "orcid": "",
                "current_organization_id": "",
                "researcher_id": "ur.01107445071.72",
                "affiliations": [
                    {
                        "id": "grid.506935.c",
                        "name": "Institute of Molecular Biology, Academia Sinica",
                        "city": "Taipei",
                        "city_id": 1668341,
                        "country": "Taiwan",
                        "country_code": "TW",
                        "state": null,
                        "state_code": null
                    },
                    {
                        "id": "grid.412896.0",
                        "name": "Taipei Medical University",
                        "city": "Taipei",
                        "city_id": 1668341,
                        "country": "Taiwan",
                        "country_code": "TW",
                        "state": null,
                        "state_code": null
                    }
                ]
            },
            {
                "first_name": "Chung-ke",
                "last_name": "Chang",
                "initials": "",
                "corresponding": "",
                "orcid": "['0000-0002-3864-1896']",
                "current_organization_id": "grid.482251.8",
                "researcher_id": "ur.01045727617.12",
                "affiliations": [
                    {
                        "id": "grid.482251.8",
                        "name": "Institute of Biomedical Sciences, Academia Sinica",
                        "city": "Taipei",
                        "city_id": 1668341,
                        "country": "Taiwan",
                        "country_code": "TW",
                        "state": null,
                        "state_code": null
                    }
                ]
            },
            {
                "first_name": "Yi-Wei",
                "last_name": "Chang",
                "initials": "",
                "corresponding": "",
                "orcid": "['0000-0003-2391-473X']",
                "current_organization_id": "grid.20861.3d",
                "researcher_id": "ur.01250676556.43",
                "affiliations": [
                    {
                        "id": "grid.506935.c",
                        "name": "Institute of Molecular Biology, Academia Sinica",
                        "city": "Taipei",
                        "city_id": 1668341,
                        "country": "Taiwan",
                        "country_code": "TW",
                        "state": null,
                        "state_code": null
                    }
                ]
            },
            {
                "first_name": "Shih-Che",
                "last_name": "Sue",
                "initials": "",
                "corresponding": "",
                "orcid": "",
                "current_organization_id": "grid.38348.34",
                "researcher_id": "ur.01052630147.56",
                "affiliations": [
                    {
                        "id": "grid.482251.8",
                        "name": "Institute of Biomedical Sciences, Academia Sinica",
                        "city": "Taipei",
                        "city_id": 1668341,
                        "country": "Taiwan",
                        "country_code": "TW",
                        "state": null,
                        "state_code": null
                    }
                ]
            },
            {
                "first_name": "Hsin-I",
                "last_name": "Bai",
                "initials": "",
                "corresponding": "",
                "orcid": "",
                "current_organization_id": "grid.482251.8",
                "researcher_id": "ur.01254204425.23",
                "affiliations": [
                    {
                        "id": "grid.482251.8",
                        "name": "Institute of Biomedical Sciences, Academia Sinica",
                        "city": "Taipei",
                        "city_id": 1668341,
                        "country": "Taiwan",
                        "country_code": "TW",
                        "state": null,
                        "state_code": null
                    }
                ]
            },
            {
                "first_name": "Lilianty",
                "last_name": "Riang",
                "initials": "",
                "corresponding": "",
                "orcid": "",
                "current_organization_id": "grid.482251.8",
                "researcher_id": "ur.01322317625.96",
                "affiliations": [
                    {
                        "id": "grid.482251.8",
                        "name": "Institute of Biomedical Sciences, Academia Sinica",
                        "city": "Taipei",
                        "city_id": 1668341,
                        "country": "Taiwan",
                        "country_code": "TW",
                        "state": null,
                        "state_code": null
                    }
                ]
            },
            {
                "first_name": "Chwan-Deng",
                "last_name": "Hsiao",
                "initials": "",
                "corresponding": true,
                "orcid": "",
                "current_organization_id": "grid.28665.3f",
                "researcher_id": "ur.01246366774.47",
                "affiliations": [
                    {
                        "id": "grid.506935.c",
                        "name": "Institute of Molecular Biology, Academia Sinica",
                        "city": "Taipei",
                        "city_id": 1668341,
                        "country": "Taiwan",
                        "country_code": "TW",
                        "state": null,
                        "state_code": null
                    }
                ]
            },
            {
                "first_name": "Tai-huang",
                "last_name": "Huang",
                "initials": "",
                "corresponding": true,
                "orcid": "",
                "current_organization_id": "grid.482251.8",
                "researcher_id": "ur.01056471247.29",
                "affiliations": [
                    {
                        "id": "grid.482251.8",
                        "name": "Institute of Biomedical Sciences, Academia Sinica",
                        "city": "Taipei",
                        "city_id": 1668341,
                        "country": "Taiwan",
                        "country_code": "TW",
                        "state": null,
                        "state_code": null
                    },
                    {
                        "id": "grid.412090.e",
                        "name": "National Taiwan Normal University",
                        "city": "Taipei",
                        "city_id": 1668341,
                        "country": "Taiwan",
                        "country_code": "TW",
                        "state": null,
                        "state_code": null
                    }
                ]
            }
        ]
    ],
    "type": "article"
}