{
    "volume": "59",
    "date": "2018-09-01",
    "title": "The prevalence of dynamic pharyngeal collapse is high in brachycephalic dogs undergoing videofluoroscopy",
    "researchers": [
        {
            "id": "ur.01104412635.70",
            "last_name": "Pollard",
            "first_name": "Rachel E",
            "research_orgs": [
                "grid.30064.31",
                "grid.27860.3b"
            ]
        },
        {
            "id": "ur.0750223571.98",
            "last_name": "Johnson",
            "first_name": "Lynelle R",
            "research_orgs": [
                "grid.134936.a",
                "grid.25879.31",
                "grid.35403.31",
                "grid.264727.2",
                "grid.429997.8",
                "grid.27860.3b",
                "grid.416831.9"
            ]
        },
        {
            "id": "ur.01357203050.12",
            "last_name": "Marks",
            "first_name": "Stanley Leon",
            "research_orgs": [
                "grid.497035.c",
                "grid.30064.31",
                "grid.168010.e",
                "grid.27860.3b",
                "grid.264756.4",
                "grid.280902.1",
                "grid.266102.1"
            ]
        }
    ],
    "research_org_state_codes": [
        {
            "id": "US-CA",
            "name": "California"
        }
    ],
    "altmetric": 3.0,
    "pages": "529-534",
    "research_org_cities": [
        {
            "id": 5341704,
            "name": "Davis"
        }
    ],
    "research_org_countries": [
        {
            "id": "US",
            "name": "United States"
        }
    ],
    "doi": "10.1111/vru.12655",
    "FOR": [
        {
            "id": "3048",
            "name": "1102 Cardiorespiratory Medicine and Haematology"
        }
    ],
    "research_orgs": [
        {
            "id": "grid.27860.3b",
            "acronym": "UCD",
            "state_name": "California",
            "types": [
                "Education"
            ],
            "longitude": -121.75,
            "linkout": [
                "http://ucdavis.edu/"
            ],
            "latitude": 38.54,
            "name": "University of California, Davis",
            "city_name": "Davis",
            "country_name": "United States"
        }
    ],
    "times_cited": 5,
    "pmid": "29931712",
    "research_org_country_names": [
        "United States"
    ],
    "id": "pub.1105052046",
    "issue": "5",
    "journal": {
        "id": "jour.1082747",
        "title": "Veterinary Radiology & Ultrasound"
    },
    "year": 2018,
    "references": [
        "pub.1082624626",
        "pub.1020610269",
        "pub.1031255433",
        "pub.1078110837",
        "pub.1000934734",
        "pub.1002349818",
        "pub.1019685308",
        "pub.1035772466",
        "pub.1020770543",
        "pub.1053516558",
        "pub.1004471402",
        "pub.1033117330",
        "pub.1078110832",
        "pub.1070765156",
        "pub.1010235118",
        "pub.1042089607",
        "pub.1021656090",
        "pub.1041164336",
        "pub.1077719567",
        "pub.1079900780",
        "pub.1010240157"
    ],
    "relative_citation_ratio": 3.57,
    "research_org_state_names": [
        "California"
    ],
    "author_affiliations": [
        [
            {
                "first_name": "Rachel E.",
                "last_name": "Pollard",
                "initials": "",
                "corresponding": "",
                "orcid": "",
                "current_organization_id": "grid.27860.3b",
                "researcher_id": "ur.01104412635.70",
                "affiliations": [
                    {
                        "id": "grid.27860.3b",
                        "name": "University of California, Davis",
                        "city": "Davis",
                        "city_id": 5341704,
                        "country": "United States",
                        "country_code": "US",
                        "state": "California",
                        "state_code": "US-CA"
                    }
                ]
            },
            {
                "first_name": "Lynelle R.",
                "last_name": "Johnson",
                "initials": "",
                "corresponding": "",
                "orcid": "",
                "current_organization_id": "grid.27860.3b",
                "researcher_id": "ur.0750223571.98",
                "affiliations": [
                    {
                        "id": "grid.27860.3b",
                        "name": "University of California, Davis",
                        "city": "Davis",
                        "city_id": 5341704,
                        "country": "United States",
                        "country_code": "US",
                        "state": "California",
                        "state_code": "US-CA"
                    }
                ]
            },
            {
                "first_name": "Stanley L.",
                "last_name": "Marks",
                "initials": "",
                "corresponding": "",
                "orcid": "",
                "current_organization_id": "grid.27860.3b",
                "researcher_id": "ur.01357203050.12",
                "affiliations": [
                    {
                        "id": "grid.27860.3b",
                        "name": "University of California, Davis",
                        "city": "Davis",
                        "city_id": 5341704,
                        "country": "United States",
                        "country_code": "US",
                        "state": "California",
                        "state_code": "US-CA"
                    }
                ]
            }
        ]
    ],
    "type": "article"
}