{
    "research_orgs": [
        {
            "id": "grid.221309.b",
            "linkout": [
                "http://buwww.hkbu.edu.hk/eng/main/index.jsp"
            ],
            "city_name": "Hong Kong",
            "longitude": 114.18194,
            "acronym": "HKBU",
            "latitude": 22.338165,
            "name": "Hong Kong Baptist University",
            "types": [
                "Education"
            ],
            "country_name": "China"
        }
    ],
    "research_org_country_names": [
        "China"
    ],
    "title": "Rural\u2013urban transition in China: illegal land use and construction",
    "type": "article",
    "year": 2002,
    "journal": {
        "id": "jour.1025497",
        "title": "Asia Pacific Viewpoint"
    },
    "researchers": [
        {
            "id": "ur.01074411335.09",
            "research_orgs": [
                "grid.221309.b",
                "grid.10784.3a"
            ],
            "first_name": "Wing Shing",
            "last_name": "Tang"
        },
        {
            "id": "ur.01234241171.08",
            "research_orgs": [
                "grid.221309.b"
            ],
            "first_name": "Him",
            "last_name": "Chung",
            "orcid_id": [
                "0000-0002-5336-628X"
            ]
        }
    ],
    "FOR": [
        {
            "id": "3410",
            "name": "1604 Human Geography"
        }
    ],
    "research_org_countries": [
        {
            "id": "CN",
            "name": "China"
        }
    ],
    "date": "2002-04-01",
    "pages": "43-62",
    "id": "pub.1016569703",
    "volume": "43",
    "issue": "1",
    "research_org_cities": [
        {
            "id": 1819729,
            "name": "Hong Kong"
        }
    ],
    "author_affiliations": [
        [
            {
                "first_name": "Wing\u2010Shing",
                "last_name": "Tang",
                "initials": "",
                "corresponding": "",
                "orcid": "",
                "current_organization_id": "grid.221309.b",
                "researcher_id": "ur.01074411335.09",
                "affiliations": [
                    {
                        "id": "grid.221309.b",
                        "name": "Hong Kong Baptist University",
                        "city": "Hong Kong",
                        "city_id": 1819729,
                        "country": "China",
                        "country_code": "CN",
                        "state": null,
                        "state_code": null
                    }
                ]
            },
            {
                "first_name": "Him",
                "last_name": "Chung",
                "initials": "",
                "corresponding": "",
                "orcid": "['0000-0002-5336-628X']",
                "current_organization_id": "grid.221309.b",
                "researcher_id": "ur.01234241171.08",
                "affiliations": [
                    {
                        "id": "grid.221309.b",
                        "name": "Hong Kong Baptist University",
                        "city": "Hong Kong",
                        "city_id": 1819729,
                        "country": "China",
                        "country_code": "CN",
                        "state": null,
                        "state_code": null
                    }
                ]
            }
        ]
    ],
    "doi": "10.1111/1467-8373.00157",
    "times_cited": 60
}