{
    "pmid": "26681460",
    "author_affiliations": [
        [
            {
                "first_name": "Florent",
                "last_name": "Ginhoux",
                "initials": "",
                "corresponding": true,
                "orcid": "['0000-0002-2857-7755']",
                "current_organization_id": "grid.430276.4",
                "researcher_id": "ur.01166127240.86",
                "affiliations": [
                    {
                        "id": "grid.430276.4",
                        "name": "Singapore Immunology Network",
                        "city": "Singapore",
                        "city_id": 1880252,
                        "country": "Singapore",
                        "country_code": "SG",
                        "state": null,
                        "state_code": null
                    }
                ]
            },
            {
                "first_name": "Joachim L",
                "last_name": "Schultze",
                "initials": "",
                "corresponding": true,
                "orcid": "['0000-0003-2812-9853']",
                "current_organization_id": "grid.10388.32",
                "researcher_id": "ur.0760601111.18",
                "affiliations": [
                    {
                        "id": "grid.10388.32",
                        "name": "University of Bonn",
                        "city": "Bonn",
                        "city_id": 2946447,
                        "country": "Germany",
                        "country_code": "DE",
                        "state": null,
                        "state_code": null
                    },
                    {
                        "id": "grid.424247.3",
                        "name": "German Center for Neurodegenerative Diseases",
                        "city": "Bonn",
                        "city_id": 2946447,
                        "country": "Germany",
                        "country_code": "DE",
                        "state": null,
                        "state_code": null
                    }
                ]
            },
            {
                "first_name": "Peter J",
                "last_name": "Murray",
                "initials": "",
                "corresponding": true,
                "orcid": "",
                "current_organization_id": "grid.240871.8",
                "researcher_id": "ur.01153012071.73",
                "affiliations": [
                    {
                        "id": "grid.240871.8",
                        "name": "St. Jude Children's Research Hospital",
                        "city": "Memphis",
                        "city_id": 4641239,
                        "country": "United States",
                        "country_code": "US",
                        "state": "Tennessee",
                        "state_code": "US-TN"
                    },
                    {
                        "id": "grid.240871.8",
                        "name": "St. Jude Children's Research Hospital",
                        "city": "Memphis",
                        "city_id": 4641239,
                        "country": "United States",
                        "country_code": "US",
                        "state": "Tennessee",
                        "state_code": "US-TN"
                    }
                ]
            },
            {
                "first_name": "Jordi",
                "last_name": "Ochando",
                "initials": "",
                "corresponding": true,
                "orcid": "['0000-0001-7037-1681']",
                "current_organization_id": "grid.59734.3c",
                "researcher_id": "ur.0647260267.19",
                "affiliations": [
                    {
                        "id": "grid.59734.3c",
                        "name": "Icahn School of Medicine at Mount Sinai",
                        "city": "New York",
                        "city_id": 5128581,
                        "country": "United States",
                        "country_code": "US",
                        "state": "New York",
                        "state_code": "US-NY"
                    },
                    {
                        "id": "grid.413448.e",
                        "name": "Instituto de Salud Carlos III",
                        "city": "Madrid",
                        "city_id": 3117735,
                        "country": "Spain",
                        "country_code": "ES",
                        "state": null,
                        "state_code": null
                    }
                ]
            },
            {
                "first_name": "Subhra K",
                "last_name": "Biswas",
                "initials": "",
                "corresponding": true,
                "orcid": "",
                "current_organization_id": "grid.430276.4",
                "researcher_id": "ur.0755152012.94",
                "affiliations": [
                    {
                        "id": "grid.430276.4",
                        "name": "Singapore Immunology Network",
                        "city": "Singapore",
                        "city_id": 1880252,
                        "country": "Singapore",
                        "country_code": "SG",
                        "state": null,
                        "state_code": null
                    }
                ]
            }
        ]
    ],
    "altmetric": 12.0,
    "FOR": [
        {
            "id": "3103",
            "name": "1107 Immunology"
        }
    ],
    "research_org_countries": [
        {
            "id": "DE",
            "name": "Germany"
        },
        {
            "id": "SG",
            "name": "Singapore"
        },
        {
            "id": "ES",
            "name": "Spain"
        },
        {
            "id": "US",
            "name": "United States"
        }
    ],
    "title": "New insights into the multidimensional concept of macrophage ontogeny, activation and function",
    "research_org_cities": [
        {
            "id": 5128581,
            "name": "New York City"
        },
        {
            "id": 3117735,
            "name": "Madrid"
        },
        {
            "id": 2946447,
            "name": "Bonn"
        },
        {
            "id": 4641239,
            "name": "Memphis"
        },
        {
            "id": 1880252,
            "name": "Singapore"
        }
    ],
    "pages": "34-40",
    "issue": "1",
    "research_org_state_names": [
        "New York",
        "Tennessee"
    ],
    "doi": "10.1038/ni.3324",
    "times_cited": 270,
    "journal": {
        "id": "jour.1022778",
        "title": "Nature Immunology"
    },
    "funders": [
        {
            "id": "grid.185448.4",
            "name": "Agency for Science, Technology and Research",
            "linkout": [
                "http://www.a-star.edu.sg/"
            ],
            "country_name": "Singapore",
            "types": [
                "Government"
            ],
            "latitude": 1.299953,
            "acronym": "A*STAR",
            "city_name": "Singapore",
            "longitude": 103.78764
        },
        {
            "id": "grid.279885.9",
            "name": "National Heart Lung and Blood Institute",
            "linkout": [
                "http://www.nhlbi.nih.gov/"
            ],
            "country_name": "United States",
            "types": [
                "Facility"
            ],
            "latitude": 39.00428,
            "acronym": "NHLBI",
            "state_name": "Maryland",
            "city_name": "Bethesda",
            "longitude": -77.100945
        }
    ],
    "year": 2016,
    "research_orgs": [
        {
            "id": "grid.424247.3",
            "name": "German Center for Neurodegenerative Diseases",
            "linkout": [
                "https://www.dzne.de/en/research-institute-for-neurodegenerative-diseases.html"
            ],
            "country_name": "Germany",
            "types": [
                "Facility"
            ],
            "latitude": 50.70417,
            "acronym": "DZNE",
            "city_name": "Bonn",
            "longitude": 7.151072
        },
        {
            "id": "grid.413448.e",
            "name": "Institute of Health Carlos III",
            "linkout": [
                "http://www.isciii.es/"
            ],
            "country_name": "Spain",
            "types": [
                "Nonprofit"
            ],
            "latitude": 40.475697,
            "acronym": "ISCIII",
            "city_name": "Madrid",
            "longitude": -3.690059
        },
        {
            "id": "grid.430276.4",
            "name": "Singapore Immunology Network",
            "linkout": [
                "http://www.a-star.edu.sg/sign"
            ],
            "country_name": "Singapore",
            "types": [
                "Facility"
            ],
            "latitude": 1.305825,
            "acronym": "SIgN",
            "city_name": "Singapore",
            "longitude": 103.79646
        },
        {
            "id": "grid.59734.3c",
            "name": "Icahn School of Medicine at Mount Sinai",
            "linkout": [
                "http://icahn.mssm.edu/"
            ],
            "country_name": "United States",
            "types": [
                "Education"
            ],
            "latitude": 40.789085,
            "acronym": "MSSM",
            "state_name": "New York",
            "city_name": "New York",
            "longitude": -73.95311
        },
        {
            "id": "grid.10388.32",
            "name": "University of Bonn",
            "linkout": [
                "http://www3.uni-bonn.de/the-university"
            ],
            "country_name": "Germany",
            "types": [
                "Education"
            ],
            "latitude": 50.73389,
            "city_name": "Bonn",
            "longitude": 7.102222
        },
        {
            "id": "grid.240871.8",
            "name": "St. Jude Children's Research Hospital",
            "linkout": [
                "https://www.stjude.org/"
            ],
            "country_name": "United States",
            "types": [
                "Healthcare"
            ],
            "latitude": 35.15347,
            "state_name": "Tennessee",
            "city_name": "Memphis",
            "longitude": -90.042206
        }
    ],
    "id": "pub.1008648778",
    "references": [
        "pub.1005099462",
        "pub.1036466063",
        "pub.1012994687",
        "pub.1052527424",
        "pub.1077817022",
        "pub.1021301594",
        "pub.1007207425",
        "pub.1039713553",
        "pub.1038677001",
        "pub.1039987262",
        "pub.1026434801",
        "pub.1052264983",
        "pub.1022884962",
        "pub.1004435683",
        "pub.1016340981",
        "pub.1010453567",
        "pub.1044216681",
        "pub.1031783357",
        "pub.1004567223",
        "pub.1042921615",
        "pub.1082383365",
        "pub.1001727531",
        "pub.1033102220",
        "pub.1028606166",
        "pub.1051474676",
        "pub.1030103420",
        "pub.1026933684",
        "pub.1027919990",
        "pub.1011872454",
        "pub.1079574492",
        "pub.1029137192",
        "pub.1011546421",
        "pub.1001070305",
        "pub.1007665877",
        "pub.1029921959",
        "pub.1035224090",
        "pub.1045685233",
        "pub.1011663404",
        "pub.1028725156",
        "pub.1021026660",
        "pub.1003933468",
        "pub.1053381497",
        "pub.1045013579",
        "pub.1048212443",
        "pub.1005572320",
        "pub.1019937977",
        "pub.1036773180",
        "pub.1004114249",
        "pub.1020574615",
        "pub.1017304535",
        "pub.1006202025",
        "pub.1035805474",
        "pub.1006413353",
        "pub.1005574972",
        "pub.1012387819",
        "pub.1023247520",
        "pub.1010320291",
        "pub.1006334248",
        "pub.1041080298",
        "pub.1021428665",
        "pub.1009940746",
        "pub.1035137605",
        "pub.1018993894",
        "pub.1014385970",
        "pub.1014168333",
        "pub.1018452432",
        "pub.1005300090",
        "pub.1012375083",
        "pub.1037007803",
        "pub.1040386009",
        "pub.1046709874",
        "pub.1042726640",
        "pub.1036923921",
        "pub.1050485091",
        "pub.1010833680",
        "pub.1029293805",
        "pub.1009098976",
        "pub.1009287213",
        "pub.1051754183",
        "pub.1029937786",
        "pub.1014445589",
        "pub.1042773705",
        "pub.1031238461",
        "pub.1033537329",
        "pub.1039592786",
        "pub.1043268246",
        "pub.1048753935",
        "pub.1037674366",
        "pub.1036267579",
        "pub.1022809500",
        "pub.1044402988",
        "pub.1051746006",
        "pub.1038043603",
        "pub.1050655831",
        "pub.1001972583",
        "pub.1038906616"
    ],
    "research_org_country_names": [
        "Germany",
        "United States",
        "Singapore",
        "Spain"
    ],
    "date": "2016-01-01",
    "research_org_state_codes": [
        {
            "id": "US-NY",
            "name": "New York"
        },
        {
            "id": "US-TN",
            "name": "Tennessee"
        }
    ],
    "researchers": [
        {
            "id": "ur.01166127240.86",
            "research_orgs": [
                "grid.4280.e",
                "grid.59734.3c",
                "grid.1002.3",
                "grid.4444.0",
                "grid.185448.4",
                "grid.428999.7",
                "grid.1049.c",
                "grid.428397.3",
                "grid.419946.7",
                "grid.430276.4",
                "grid.452264.3",
                "grid.410396.9",
                "grid.16821.3c",
                "grid.5842.b",
                "grid.266100.3"
            ],
            "last_name": "Ginhoux",
            "first_name": "Florent",
            "orcid_id": [
                "0000-0002-2857-7755"
            ]
        },
        {
            "id": "ur.0760601111.18",
            "research_orgs": [
                "grid.10388.32",
                "grid.411097.a",
                "grid.424247.3",
                "grid.6190.e",
                "grid.10392.39",
                "grid.38142.3c",
                "grid.62560.37",
                "grid.65499.37",
                "grid.10423.34",
                "grid.5252.0",
                "grid.10419.3d"
            ],
            "last_name": "Schultze",
            "first_name": "Joachim Ludwig",
            "orcid_id": [
                "0000-0003-2812-9853"
            ]
        },
        {
            "id": "ur.01153012071.73",
            "research_orgs": [
                "grid.240871.8",
                "grid.116068.8",
                "grid.240145.6",
                "grid.418615.f"
            ],
            "last_name": "Murray",
            "first_name": "Peter J"
        },
        {
            "id": "ur.0647260267.19",
            "research_orgs": [
                "grid.59734.3c",
                "grid.413448.e"
            ],
            "last_name": "Ochando",
            "first_name": "Jordi C",
            "orcid_id": [
                "0000-0001-7037-1681"
            ]
        },
        {
            "id": "ur.0755152012.94",
            "research_orgs": [
                "grid.4527.4",
                "grid.430276.4",
                "grid.411507.6",
                "grid.418325.9",
                "grid.185448.4"
            ],
            "last_name": "Biswas",
            "first_name": "Subhra Kumar"
        }
    ],
    "relative_citation_ratio": 15.67,
    "type": "article",
    "volume": "17"
}