{
    "pmid": "26922829",
    "author_affiliations": [
        [
            {
                "first_name": "Nitai",
                "last_name": "Roy",
                "initials": "",
                "corresponding": "",
                "orcid": "",
                "current_organization_id": "grid.252427.4",
                "researcher_id": "ur.0657537300.12",
                "affiliations": [
                    {
                        "id": "grid.252427.4",
                        "name": "Asahikawa Medical University",
                        "city": "Asahikawa",
                        "city_id": 2130629,
                        "country": "Japan",
                        "country_code": "JP",
                        "state": null,
                        "state_code": null
                    }
                ]
            },
            {
                "first_name": "Katsuki",
                "last_name": "Ohtani",
                "initials": "",
                "corresponding": "",
                "orcid": "",
                "current_organization_id": "grid.412658.c",
                "researcher_id": "ur.01210474357.40",
                "affiliations": [
                    {
                        "id": "grid.252427.4",
                        "name": "Asahikawa Medical University",
                        "city": "Asahikawa",
                        "city_id": 2130629,
                        "country": "Japan",
                        "country_code": "JP",
                        "state": null,
                        "state_code": null
                    }
                ]
            },
            {
                "first_name": "Yasuyuki",
                "last_name": "Matsuda",
                "initials": "",
                "corresponding": "",
                "orcid": "",
                "current_organization_id": "",
                "researcher_id": "ur.012013004605.26",
                "affiliations": [
                    {
                        "id": "grid.252427.4",
                        "name": "Asahikawa Medical University",
                        "city": "Asahikawa",
                        "city_id": 2130629,
                        "country": "Japan",
                        "country_code": "JP",
                        "state": null,
                        "state_code": null
                    }
                ]
            },
            {
                "first_name": "Kenichiro",
                "last_name": "Mori",
                "initials": "",
                "corresponding": "",
                "orcid": "",
                "current_organization_id": "",
                "researcher_id": "ur.0770735134.16",
                "affiliations": [
                    {
                        "id": "grid.252427.4",
                        "name": "Asahikawa Medical University",
                        "city": "Asahikawa",
                        "city_id": 2130629,
                        "country": "Japan",
                        "country_code": "JP",
                        "state": null,
                        "state_code": null
                    }
                ]
            },
            {
                "first_name": "Insu",
                "last_name": "Hwang",
                "initials": "",
                "corresponding": "",
                "orcid": "",
                "current_organization_id": "grid.252427.4",
                "researcher_id": "ur.0611424100.87",
                "affiliations": [
                    {
                        "id": "grid.252427.4",
                        "name": "Asahikawa Medical University",
                        "city": "Asahikawa",
                        "city_id": 2130629,
                        "country": "Japan",
                        "country_code": "JP",
                        "state": null,
                        "state_code": null
                    }
                ]
            },
            {
                "first_name": "Yasuhiko",
                "last_name": "Suzuki",
                "initials": "",
                "corresponding": "",
                "orcid": "['0000-0002-1313-1494']",
                "current_organization_id": "grid.39158.36",
                "researcher_id": "ur.015232642354.55",
                "affiliations": [
                    {
                        "id": "grid.39158.36",
                        "name": "Hokkaido University",
                        "city": "Sapporo",
                        "city_id": 2128295,
                        "country": "Japan",
                        "country_code": "JP",
                        "state": null,
                        "state_code": null
                    }
                ]
            },
            {
                "first_name": "Norimitsu",
                "last_name": "Inoue",
                "initials": "",
                "corresponding": "",
                "orcid": "['0000-0002-1226-5183']",
                "current_organization_id": "grid.489169.b",
                "researcher_id": "ur.010564733752.03",
                "affiliations": [
                    {
                        "name": "Department of Tumor Immunology, Research Institute, Osaka Medical Center for Cancer and Cardiovascular Diseases, Osaka 537-8511, Japan"
                    }
                ]
            },
            {
                "first_name": "Nobutaka",
                "last_name": "Wakamiya",
                "initials": "",
                "corresponding": true,
                "orcid": "",
                "current_organization_id": "grid.412658.c",
                "researcher_id": "ur.0677454700.58",
                "affiliations": [
                    {
                        "id": "grid.252427.4",
                        "name": "Asahikawa Medical University",
                        "city": "Asahikawa",
                        "city_id": 2130629,
                        "country": "Japan",
                        "country_code": "JP",
                        "state": null,
                        "state_code": null
                    }
                ]
            }
        ]
    ],
    "FOR": [
        {
            "id": "2581",
            "name": "0601 Biochemistry and Cell Biology"
        }
    ],
    "research_org_countries": [
        {
            "id": "JP",
            "name": "Japan"
        }
    ],
    "title": "Collectin CL-P1 utilizes C-reactive protein for complement activation",
    "research_org_cities": [
        {
            "id": 1853909,
            "name": "Osaka"
        },
        {
            "id": 2130629,
            "name": "Asahikawa"
        },
        {
            "id": 2128295,
            "name": "Sapporo"
        }
    ],
    "pages": "1118-1128",
    "issue": "6",
    "open_access": [
        "Open Access - all",
        "Open Access - repository",
        "Open Access - submitted"
    ],
    "doi": "10.1016/j.bbagen.2016.02.012",
    "times_cited": 8,
    "journal": {
        "id": "jour.1327373",
        "title": "Biochimica et Biophysica Acta (BBA) - Lipids and Lipid Metabolism"
    },
    "funders": [
        {
            "id": "grid.454169.b",
            "name": "Smoking Research Foundation",
            "linkout": [
                "http://www.srf.or.jp/english/"
            ],
            "country_name": "Japan",
            "types": [
                "Nonprofit"
            ],
            "latitude": 35.72604,
            "acronym": "SRF",
            "city_name": "Tokyo",
            "longitude": 139.72481
        },
        {
            "id": "grid.54432.34",
            "name": "Japan Society for the Promotion of Science",
            "linkout": [
                "http://www.jsps.go.jp/"
            ],
            "country_name": "Japan",
            "types": [
                "Nonprofit"
            ],
            "latitude": 35.68716,
            "acronym": "JSPS",
            "city_name": "Tokyo",
            "longitude": 139.74039
        }
    ],
    "year": 2016,
    "research_orgs": [
        {
            "id": "grid.252427.4",
            "name": "Asahikawa Medical University",
            "linkout": [
                "http://www.asahikawa-med.ac.jp/"
            ],
            "country_name": "Japan",
            "types": [
                "Education"
            ],
            "latitude": 43.730114,
            "acronym": "AMU",
            "city_name": "Asahikawa",
            "longitude": 142.3841
        },
        {
            "id": "grid.39158.36",
            "name": "Hokkaido University",
            "linkout": [
                "https://www.global.hokudai.ac.jp/"
            ],
            "country_name": "Japan",
            "types": [
                "Education"
            ],
            "latitude": 43.07818,
            "state_name": "Hokkaid\u00f4",
            "city_name": "Sapporo",
            "longitude": 141.33997
        }
    ],
    "id": "pub.1033116121",
    "references": [
        "pub.1015401007",
        "pub.1035253186",
        "pub.1039907950",
        "pub.1041173973",
        "pub.1032858458",
        "pub.1079905186",
        "pub.1029740342",
        "pub.1005053363",
        "pub.1077192106",
        "pub.1008855872",
        "pub.1022699393",
        "pub.1011364417",
        "pub.1080191663",
        "pub.1034004198",
        "pub.1033947547",
        "pub.1027329713",
        "pub.1052644027",
        "pub.1004382081",
        "pub.1005145966",
        "pub.1039789894",
        "pub.1047509547",
        "pub.1052945275",
        "pub.1025005816",
        "pub.1044079729",
        "pub.1022561037",
        "pub.1034035259",
        "pub.1020039327",
        "pub.1017869914",
        "pub.1027609812",
        "pub.1048694340",
        "pub.1077205456",
        "pub.1079136763",
        "pub.1051528928",
        "pub.1081954227",
        "pub.1036559611",
        "pub.1027936142",
        "pub.1019896125",
        "pub.1032346780",
        "pub.1080047686",
        "pub.1001676595"
    ],
    "research_org_country_names": [
        "Japan"
    ],
    "date": "2016-06-01",
    "researchers": [
        {
            "id": "ur.0657537300.12",
            "research_orgs": [
                "grid.252427.4"
            ],
            "last_name": "Roy",
            "first_name": "Nitai"
        },
        {
            "id": "ur.01210474357.40",
            "research_orgs": [
                "grid.20515.33",
                "grid.412658.c",
                "grid.416993.0",
                "grid.252427.4",
                "grid.136593.b",
                "grid.263171.0",
                "grid.39158.36"
            ],
            "last_name": "Ohtani",
            "first_name": "Katsuki"
        },
        {
            "id": "ur.012013004605.26",
            "research_orgs": [
                "grid.410796.d",
                "grid.252427.4"
            ],
            "last_name": "Matsuda",
            "first_name": "Yasuyuki"
        },
        {
            "id": "ur.0770735134.16",
            "research_orgs": [
                "grid.252427.4",
                "grid.39158.36"
            ],
            "last_name": "Mori",
            "first_name": "Ken-Ichiro"
        },
        {
            "id": "ur.0611424100.87",
            "research_orgs": [
                "grid.252427.4"
            ],
            "last_name": "Hwang",
            "first_name": "Insu"
        },
        {
            "id": "ur.015232642354.55",
            "research_orgs": [
                "grid.252427.4",
                "grid.416963.f",
                "grid.208504.b",
                "grid.39158.36",
                "grid.136593.b",
                "grid.260433.0",
                "grid.419082.6",
                "grid.416993.0"
            ],
            "last_name": "Suzuki",
            "first_name": "Yasuhiko",
            "orcid_id": [
                "0000-0002-1313-1494"
            ]
        },
        {
            "id": "ur.010564733752.03",
            "research_orgs": [
                "grid.416629.e",
                "grid.416963.f",
                "grid.267313.2",
                "grid.489169.b",
                "grid.136593.b",
                "grid.411582.b",
                "grid.410590.9",
                "grid.412857.d"
            ],
            "last_name": "Inoue",
            "first_name": "Norimitsu",
            "orcid_id": [
                "0000-0002-1226-5183"
            ]
        },
        {
            "id": "ur.0677454700.58",
            "research_orgs": [
                "grid.20515.33",
                "grid.266093.8",
                "grid.412658.c",
                "grid.7048.b",
                "grid.252427.4",
                "grid.136593.b",
                "grid.263171.0",
                "grid.39158.36"
            ],
            "last_name": "Wakamiya",
            "first_name": "Nobutaka"
        }
    ],
    "relative_citation_ratio": 0.65,
    "type": "article",
    "volume": "1860"
}