{
    "volume": "12",
    "date": "2016-12-01",
    "title": "Occurrence of canine parvovirus in dogs from Henan province of China in 2009\u20132014",
    "researchers": [
        {
            "id": "ur.01054276561.64",
            "last_name": "Zhao",
            "first_name": "Zhan-Qin",
            "research_orgs": [
                "grid.256922.8",
                "grid.453074.1",
                "grid.454892.6",
                "grid.35155.37"
            ]
        },
        {
            "id": "ur.01333535007.87",
            "last_name": "Liu",
            "first_name": "Huisheng",
            "research_orgs": [
                "grid.454892.6",
                "grid.453074.1",
                "grid.411734.4"
            ]
        },
        {
            "id": "ur.015300516607.95",
            "last_name": "Ding",
            "first_name": "Ke",
            "research_orgs": [
                "grid.453074.1",
                "grid.256922.8"
            ]
        },
        {
            "id": "ur.01217306407.75",
            "last_name": "Xue",
            "first_name": "Qiao",
            "research_orgs": [
                "grid.418540.c",
                "grid.454892.6",
                "grid.453074.1",
                "grid.411734.4"
            ]
        },
        {
            "id": "ur.01166456461.19",
            "last_name": "Yu",
            "first_name": "Zuhua",
            "research_orgs": [
                "grid.453074.1"
            ]
        },
        {
            "id": "ur.0617514540.51",
            "last_name": "Xue",
            "first_name": "Yun",
            "research_orgs": [
                "grid.256922.8",
                "grid.453074.1",
                "grid.13402.34",
                "grid.454892.6",
                "grid.35155.37"
            ]
        }
    ],
    "pmcid": "PMC4932751",
    "altmetric": 2.0,
    "pages": "138",
    "research_org_cities": [
        {
            "id": 1801792,
            "name": "Luoyang"
        }
    ],
    "open_access": [
        "Open Access - all",
        "Open Access - publisher",
        "Open Access - published"
    ],
    "research_org_countries": [
        {
            "id": "CN",
            "name": "China"
        }
    ],
    "doi": "10.1186/s12917-016-0753-1",
    "FOR": [
        {
            "id": "3177",
            "name": "1117 Public Health and Health Services"
        }
    ],
    "research_orgs": [
        {
            "id": "grid.453074.1",
            "acronym": "HAUST",
            "types": [
                "Education"
            ],
            "longitude": 112.42032,
            "linkout": [
                "http://english.haust.edu.cn/"
            ],
            "latitude": 34.60352,
            "name": "Henan University of Science and Technology",
            "city_name": "Luoyang",
            "country_name": "China"
        }
    ],
    "times_cited": 13,
    "pmid": "27377264",
    "funders": [
        {
            "id": "grid.419696.5",
            "acronym": "NSFC",
            "types": [
                "Government"
            ],
            "longitude": 116.33983,
            "linkout": [
                "http://www.nsfc.gov.cn/publish/portal1/"
            ],
            "latitude": 40.005177,
            "name": "National Natural Science Foundation of China",
            "city_name": "Beijing",
            "country_name": "China"
        }
    ],
    "research_org_country_names": [
        "China"
    ],
    "id": "pub.1000134582",
    "issue": "1",
    "journal": {
        "id": "jour.1035490",
        "title": "BMC Veterinary Research"
    },
    "year": 2016,
    "references": [
        "pub.1026674161",
        "pub.1079066807",
        "pub.1079752303",
        "pub.1052001232",
        "pub.1034570912",
        "pub.1077640377",
        "pub.1014073753",
        "pub.1019515129",
        "pub.1082127395",
        "pub.1022235223",
        "pub.1050067482",
        "pub.1020968063",
        "pub.1004841367",
        "pub.1035128383",
        "pub.1048848460",
        "pub.1005128898",
        "pub.1062623871",
        "pub.1020561940",
        "pub.1031459894",
        "pub.1029617425",
        "pub.1001366929",
        "pub.1050321612",
        "pub.1009267157",
        "pub.1029497751",
        "pub.1016467935",
        "pub.1019498860",
        "pub.1016728460",
        "pub.1000548198",
        "pub.1015239038",
        "pub.1036494737",
        "pub.1045716343",
        "pub.1005183405",
        "pub.1023816223",
        "pub.1053132728",
        "pub.1026812325",
        "pub.1036020605",
        "pub.1032140788",
        "pub.1016879604",
        "pub.1007263276",
        "pub.1027622049",
        "pub.1003325587",
        "pub.1008131855",
        "pub.1026690039",
        "pub.1060356745",
        "pub.1040728895"
    ],
    "relative_citation_ratio": 1.48,
    "author_affiliations": [
        [
            {
                "first_name": "Zhanqin",
                "last_name": "Zhao",
                "initials": "",
                "corresponding": "",
                "orcid": "",
                "current_organization_id": "grid.453074.1",
                "researcher_id": "ur.01054276561.64",
                "affiliations": [
                    {
                        "id": "grid.453074.1",
                        "name": "Henan University of Science and Technology",
                        "city": "Luoyang",
                        "city_id": 1801792,
                        "country": "China",
                        "country_code": "CN",
                        "state": null,
                        "state_code": null
                    }
                ]
            },
            {
                "first_name": "Huisheng",
                "last_name": "Liu",
                "initials": "",
                "corresponding": "",
                "orcid": "",
                "current_organization_id": "grid.454892.6",
                "researcher_id": "ur.01333535007.87",
                "affiliations": [
                    {
                        "id": "grid.453074.1",
                        "name": "Henan University of Science and Technology",
                        "city": "Luoyang",
                        "city_id": 1801792,
                        "country": "China",
                        "country_code": "CN",
                        "state": null,
                        "state_code": null
                    }
                ]
            },
            {
                "first_name": "Ke",
                "last_name": "Ding",
                "initials": "",
                "corresponding": "",
                "orcid": "",
                "current_organization_id": "grid.453074.1",
                "researcher_id": "ur.015300516607.95",
                "affiliations": [
                    {
                        "id": "grid.453074.1",
                        "name": "Henan University of Science and Technology",
                        "city": "Luoyang",
                        "city_id": 1801792,
                        "country": "China",
                        "country_code": "CN",
                        "state": null,
                        "state_code": null
                    }
                ]
            },
            {
                "first_name": "Chunping",
                "last_name": "Peng",
                "initials": "",
                "corresponding": "",
                "orcid": "",
                "current_organization_id": "",
                "researcher_id": "",
                "affiliations": [
                    {
                        "id": "grid.453074.1",
                        "name": "Henan University of Science and Technology",
                        "city": "Luoyang",
                        "city_id": 1801792,
                        "country": "China",
                        "country_code": "CN",
                        "state": null,
                        "state_code": null
                    }
                ]
            },
            {
                "first_name": "Qiao",
                "last_name": "Xue",
                "initials": "",
                "corresponding": "",
                "orcid": "",
                "current_organization_id": "grid.454892.6",
                "researcher_id": "ur.01217306407.75",
                "affiliations": [
                    {
                        "id": "grid.453074.1",
                        "name": "Henan University of Science and Technology",
                        "city": "Luoyang",
                        "city_id": 1801792,
                        "country": "China",
                        "country_code": "CN",
                        "state": null,
                        "state_code": null
                    }
                ]
            },
            {
                "first_name": "Zuhua",
                "last_name": "Yu",
                "initials": "",
                "corresponding": "",
                "orcid": "",
                "current_organization_id": "grid.453074.1",
                "researcher_id": "ur.01166456461.19",
                "affiliations": [
                    {
                        "id": "grid.453074.1",
                        "name": "Henan University of Science and Technology",
                        "city": "Luoyang",
                        "city_id": 1801792,
                        "country": "China",
                        "country_code": "CN",
                        "state": null,
                        "state_code": null
                    }
                ]
            },
            {
                "first_name": "Yun",
                "last_name": "Xue",
                "initials": "",
                "corresponding": true,
                "orcid": "",
                "current_organization_id": "grid.453074.1",
                "researcher_id": "ur.0617514540.51",
                "affiliations": [
                    {
                        "id": "grid.453074.1",
                        "name": "Henan University of Science and Technology",
                        "city": "Luoyang",
                        "city_id": 1801792,
                        "country": "China",
                        "country_code": "CN",
                        "state": null,
                        "state_code": null
                    }
                ]
            }
        ]
    ],
    "type": "article"
}