{
    "pmid": "20140198",
    "author_affiliations": [
        [
            {
                "first_name": "Saskia L.",
                "last_name": "Smits",
                "initials": "",
                "corresponding": "",
                "orcid": "",
                "current_organization_id": "grid.5645.2",
                "researcher_id": "ur.01175244402.50",
                "affiliations": [
                    {
                        "id": "grid.5645.2",
                        "name": "Erasmus University Medical Center",
                        "city": "Rotterdam",
                        "city_id": 2747891,
                        "country": "Netherlands",
                        "country_code": "NL",
                        "state": null,
                        "state_code": null
                    }
                ]
            },
            {
                "first_name": "Anna",
                "last_name": "de Lang",
                "initials": "",
                "corresponding": "",
                "orcid": "",
                "current_organization_id": "grid.5645.2",
                "researcher_id": "ur.01300040055.49",
                "affiliations": [
                    {
                        "id": "grid.5645.2",
                        "name": "Erasmus University Medical Center",
                        "city": "Rotterdam",
                        "city_id": 2747891,
                        "country": "Netherlands",
                        "country_code": "NL",
                        "state": null,
                        "state_code": null
                    }
                ]
            },
            {
                "first_name": "Judith M. A.",
                "last_name": "van den Brand",
                "initials": "",
                "corresponding": "",
                "orcid": "",
                "current_organization_id": "grid.5645.2",
                "researcher_id": "ur.07500233664.98",
                "affiliations": [
                    {
                        "id": "grid.5645.2",
                        "name": "Erasmus University Medical Center",
                        "city": "Rotterdam",
                        "city_id": 2747891,
                        "country": "Netherlands",
                        "country_code": "NL",
                        "state": null,
                        "state_code": null
                    }
                ]
            },
            {
                "first_name": "Lonneke M.",
                "last_name": "Leijten",
                "initials": "",
                "corresponding": "",
                "orcid": "",
                "current_organization_id": "grid.5645.2",
                "researcher_id": "ur.01033613677.97",
                "affiliations": [
                    {
                        "id": "grid.5645.2",
                        "name": "Erasmus University Medical Center",
                        "city": "Rotterdam",
                        "city_id": 2747891,
                        "country": "Netherlands",
                        "country_code": "NL",
                        "state": null,
                        "state_code": null
                    }
                ]
            },
            {
                "first_name": "Wilfred F.",
                "last_name": "van IJcken",
                "initials": "",
                "corresponding": "",
                "orcid": "['0000-0002-0421-8301']",
                "current_organization_id": "grid.5645.2",
                "researcher_id": "ur.01123145606.31",
                "affiliations": [
                    {
                        "id": "grid.5645.2",
                        "name": "Erasmus University Medical Center",
                        "city": "Rotterdam",
                        "city_id": 2747891,
                        "country": "Netherlands",
                        "country_code": "NL",
                        "state": null,
                        "state_code": null
                    }
                ]
            },
            {
                "first_name": "Marinus J. C.",
                "last_name": "Eijkemans",
                "initials": "",
                "corresponding": "",
                "orcid": "",
                "current_organization_id": "grid.7692.a",
                "researcher_id": "ur.016055265557.97",
                "affiliations": [
                    {
                        "id": "grid.5645.2",
                        "name": "Erasmus University Medical Center",
                        "city": "Rotterdam",
                        "city_id": 2747891,
                        "country": "Netherlands",
                        "country_code": "NL",
                        "state": null,
                        "state_code": null
                    }
                ]
            },
            {
                "first_name": "Geert",
                "last_name": "van Amerongen",
                "initials": "",
                "corresponding": "",
                "orcid": "",
                "current_organization_id": "grid.5645.2",
                "researcher_id": "ur.0773221665.18",
                "affiliations": [
                    {
                        "id": "grid.5645.2",
                        "name": "Erasmus University Medical Center",
                        "city": "Rotterdam",
                        "city_id": 2747891,
                        "country": "Netherlands",
                        "country_code": "NL",
                        "state": null,
                        "state_code": null
                    }
                ]
            },
            {
                "first_name": "Thijs",
                "last_name": "Kuiken",
                "initials": "",
                "corresponding": "",
                "orcid": "['0000-0001-5501-9049']",
                "current_organization_id": "grid.5645.2",
                "researcher_id": "ur.01021017321.97",
                "affiliations": [
                    {
                        "id": "grid.5645.2",
                        "name": "Erasmus University Medical Center",
                        "city": "Rotterdam",
                        "city_id": 2747891,
                        "country": "Netherlands",
                        "country_code": "NL",
                        "state": null,
                        "state_code": null
                    }
                ]
            },
            {
                "first_name": "Arno C.",
                "last_name": "Andeweg",
                "initials": "",
                "corresponding": "",
                "orcid": "",
                "current_organization_id": "grid.5645.2",
                "researcher_id": "ur.01201227666.05",
                "affiliations": [
                    {
                        "id": "grid.5645.2",
                        "name": "Erasmus University Medical Center",
                        "city": "Rotterdam",
                        "city_id": 2747891,
                        "country": "Netherlands",
                        "country_code": "NL",
                        "state": null,
                        "state_code": null
                    }
                ]
            },
            {
                "first_name": "Albert D. M. E.",
                "last_name": "Osterhaus",
                "initials": "",
                "corresponding": "",
                "orcid": "['0000-0002-6074-1172']",
                "current_organization_id": "grid.412970.9",
                "researcher_id": "ur.010062347637.62",
                "affiliations": [
                    {
                        "id": "grid.5645.2",
                        "name": "Erasmus University Medical Center",
                        "city": "Rotterdam",
                        "city_id": 2747891,
                        "country": "Netherlands",
                        "country_code": "NL",
                        "state": null,
                        "state_code": null
                    }
                ]
            },
            {
                "first_name": "Bart L.",
                "last_name": "Haagmans",
                "initials": "",
                "corresponding": "",
                "orcid": "['0000-0001-6221-2015']",
                "current_organization_id": "grid.5645.2",
                "researcher_id": "ur.015465550657.43",
                "affiliations": [
                    {
                        "id": "grid.5645.2",
                        "name": "Erasmus University Medical Center",
                        "city": "Rotterdam",
                        "city_id": 2747891,
                        "country": "Netherlands",
                        "country_code": "NL",
                        "state": null,
                        "state_code": null
                    }
                ]
            }
        ]
    ],
    "altmetric": 8.0,
    "FOR": [
        {
            "id": "3114",
            "name": "1108 Medical Microbiology"
        },
        {
            "id": "3053",
            "name": "1103 Clinical Sciences"
        }
    ],
    "research_org_countries": [
        {
            "id": "NL",
            "name": "Netherlands"
        }
    ],
    "title": "Exacerbated Innate Host Response to SARS-CoV in Aged Non-Human Primates",
    "research_org_cities": [
        {
            "id": 2747891,
            "name": "Rotterdam"
        }
    ],
    "pages": "e1000756",
    "issue": "2",
    "open_access": [
        "Open Access - all",
        "Open Access - publisher",
        "Open Access - published"
    ],
    "doi": "10.1371/journal.ppat.1000756",
    "times_cited": 64,
    "funders": [
        {
            "id": "grid.279885.9",
            "name": "National Heart Lung and Blood Institute",
            "linkout": [
                "http://www.nhlbi.nih.gov/"
            ],
            "country_name": "United States",
            "types": [
                "Facility"
            ],
            "latitude": 39.00428,
            "acronym": "NHLBI",
            "state_name": "Maryland",
            "city_name": "Bethesda",
            "longitude": -77.100945
        }
    ],
    "journal": {
        "id": "jour.1034963",
        "title": "PLoS Pathogens"
    },
    "research_orgs": [
        {
            "id": "grid.5645.2",
            "name": "Erasmus University Medical Center",
            "linkout": [
                "http://www.erasmusmc.nl/"
            ],
            "country_name": "Netherlands",
            "types": [
                "Healthcare"
            ],
            "latitude": 51.91,
            "state_name": "Zuid-Holland",
            "city_name": "Rotterdam",
            "longitude": 4.4675
        }
    ],
    "year": 2010,
    "references": [
        "pub.1007493342",
        "pub.1049543931",
        "pub.1017604076",
        "pub.1030873123",
        "pub.1011937208",
        "pub.1069289261",
        "pub.1082889411",
        "pub.1044210053",
        "pub.1026364890",
        "pub.1036051428",
        "pub.1110458929",
        "pub.1020905222",
        "pub.1027621591",
        "pub.1029521748",
        "pub.1046585288",
        "pub.1019958062",
        "pub.1031873795",
        "pub.1002805984",
        "pub.1002827362",
        "pub.1003467905",
        "pub.1009072521",
        "pub.1035120461",
        "pub.1033492178",
        "pub.1028317282",
        "pub.1014698650",
        "pub.1009823603",
        "pub.1018561335",
        "pub.1040012122",
        "pub.1077264415",
        "pub.1002650315",
        "pub.1018725242",
        "pub.1059280672",
        "pub.1011490549",
        "pub.1000317890",
        "pub.1006011612",
        "pub.1021589789",
        "pub.1015023155",
        "pub.1004963828",
        "pub.1029092582",
        "pub.1028505572",
        "pub.1026029796",
        "pub.1030259416",
        "pub.1049910738",
        "pub.1024545240",
        "pub.1035137657",
        "pub.1035601568",
        "pub.1004348817",
        "pub.1012065507",
        "pub.1013363950",
        "pub.1007042019",
        "pub.1020374372",
        "pub.1031945761",
        "pub.1062607884",
        "pub.1042328296",
        "pub.1024644037",
        "pub.1005808468",
        "pub.1053626474",
        "pub.1030208248",
        "pub.1015196321",
        "pub.1048191364",
        "pub.1074892920",
        "pub.1015646315",
        "pub.1029815106",
        "pub.1033923476",
        "pub.1063416967",
        "pub.1059230502",
        "pub.1016496744"
    ],
    "id": "pub.1031139982",
    "research_org_country_names": [
        "Netherlands"
    ],
    "date": "2010-02-05",
    "researchers": [
        {
            "id": "ur.01175244402.50",
            "research_orgs": [
                "grid.5645.2",
                "grid.6906.9",
                "grid.26009.3d",
                "grid.452122.2",
                "grid.194645.b",
                "grid.11480.3c",
                "grid.5477.1",
                "grid.414142.6",
                "grid.45202.31"
            ],
            "last_name": "Smits",
            "first_name": "Saskia L"
        },
        {
            "id": "ur.01300040055.49",
            "research_orgs": [
                "grid.5645.2",
                "grid.412354.5"
            ],
            "last_name": "De Lang",
            "first_name": "Anna"
        },
        {
            "id": "ur.07500233664.98",
            "research_orgs": [
                "grid.7080.f",
                "grid.8664.c",
                "grid.6906.9",
                "grid.5477.1",
                "grid.5645.2",
                "grid.424716.2",
                "grid.412970.9",
                "grid.9018.0",
                "grid.424065.1",
                "grid.410711.2"
            ],
            "last_name": "Van Den Brand",
            "first_name": "Judith M A"
        },
        {
            "id": "ur.01033613677.97",
            "research_orgs": [
                "grid.5645.2"
            ],
            "last_name": "Leijten",
            "first_name": "Lonneke M E"
        },
        {
            "id": "ur.01123145606.31",
            "research_orgs": [
                "grid.5645.2",
                "grid.6906.9"
            ],
            "last_name": "Van Ijcken",
            "first_name": "Wilfred F J",
            "orcid_id": [
                "0000-0002-0421-8301"
            ]
        },
        {
            "id": "ur.016055265557.97",
            "research_orgs": [
                "grid.423516.7",
                "grid.5645.2",
                "grid.8217.c",
                "grid.4818.5",
                "grid.7692.a",
                "grid.6906.9",
                "grid.413972.a"
            ],
            "last_name": "Eijkemans",
            "first_name": "Marinus J C"
        },
        {
            "id": "ur.0773221665.18",
            "research_orgs": [
                "grid.452495.b",
                "grid.416738.f",
                "grid.5645.2",
                "grid.16750.35",
                "grid.31147.30",
                "grid.47894.36",
                "grid.6906.9"
            ],
            "last_name": "Van Amerongen",
            "first_name": "Geert"
        },
        {
            "id": "ur.01021017321.97",
            "research_orgs": [
                "grid.7080.f",
                "grid.428999.7",
                "grid.4818.5",
                "grid.25152.31",
                "grid.5477.1",
                "grid.5645.2",
                "grid.16750.35",
                "grid.412970.9",
                "grid.20419.3e",
                "grid.452751.0",
                "grid.6906.9"
            ],
            "last_name": "Kuiken",
            "first_name": "Thijs",
            "orcid_id": [
                "0000-0001-5501-9049"
            ]
        },
        {
            "id": "ur.01201227666.05",
            "research_orgs": [
                "grid.5645.2",
                "grid.31147.30",
                "grid.6906.9"
            ],
            "last_name": "Andeweg",
            "first_name": "Arno C"
        },
        {
            "id": "ur.010062347637.62",
            "research_orgs": [
                "grid.5477.1",
                "grid.424065.1",
                "grid.7080.f",
                "grid.9763.b",
                "grid.66875.3a",
                "grid.6906.9",
                "grid.414480.d",
                "grid.452751.0",
                "grid.26009.3d",
                "grid.428999.7",
                "grid.11480.3c",
                "grid.4818.5",
                "grid.194645.b",
                "grid.45202.31",
                "grid.11184.3d",
                "grid.10419.3d",
                "grid.5252.0",
                "grid.9122.8",
                "grid.479104.f",
                "grid.16750.35",
                "grid.5645.2",
                "grid.414142.6",
                "grid.417732.4",
                "grid.5650.6",
                "grid.4868.2",
                "grid.412970.9",
                "grid.31147.30",
                "grid.418914.1",
                "grid.10423.34",
                "grid.473954.8"
            ],
            "last_name": "Osterhaus",
            "first_name": "Albert D M E",
            "orcid_id": [
                "0000-0002-6074-1172"
            ]
        },
        {
            "id": "ur.015465550657.43",
            "research_orgs": [
                "grid.410711.2",
                "grid.5645.2",
                "grid.5477.1",
                "grid.414142.6",
                "grid.424716.2",
                "grid.416738.f",
                "grid.452122.2",
                "grid.415773.3",
                "grid.417100.3",
                "grid.7080.f",
                "grid.7177.6",
                "grid.6906.9"
            ],
            "last_name": "Haagmans",
            "first_name": "Bart L",
            "orcid_id": [
                "0000-0001-6221-2015"
            ]
        }
    ],
    "relative_citation_ratio": 1.62,
    "type": "article",
    "volume": "6",
    "pmcid": "PMC2816697"
}