{
    "pmid": "4030478",
    "author_affiliations": [
        [
            {
                "first_name": "R E",
                "last_name": "Junge",
                "initials": "",
                "corresponding": "",
                "orcid": "",
                "current_organization_id": "",
                "researcher_id": "",
                "affiliations": []
            },
            {
                "first_name": "D M",
                "last_name": "MacCoy",
                "initials": "",
                "corresponding": "",
                "orcid": "",
                "current_organization_id": "",
                "researcher_id": "",
                "affiliations": []
            }
        ]
    ],
    "FOR": [
        {
            "id": "3053",
            "name": "1103 Clinical Sciences"
        }
    ],
    "title": "Amikacin therapy for Pseudomonas cellulitis in an Amazon parrot.",
    "pages": "417-8",
    "issue": "4",
    "times_cited": 3,
    "journal": {
        "id": "jour.1056842",
        "title": "Journal of the American Veterinary Medical Association"
    },
    "year": 1985,
    "id": "pub.1080090794",
    "date": "1985-08-15",
    "type": "article",
    "volume": "187"
}