{
    "research_orgs": [
        {
            "id": "grid.413428.8",
            "linkout": [
                "http://en.gzfezx.net/"
            ],
            "city_name": "Guangzhou",
            "longitude": 113.32031,
            "latitude": 23.12544,
            "name": "Guangzhou Women and Children Medical Center",
            "types": [
                "Healthcare"
            ],
            "country_name": "China"
        },
        {
            "id": "grid.439104.b",
            "linkout": [
                "http://english.whiov.cas.cn/"
            ],
            "city_name": "Wuhan",
            "longitude": 114.26543,
            "acronym": "WIV",
            "latitude": 30.375658,
            "name": "Wuhan Institute Of Virology",
            "types": [
                "Facility"
            ],
            "country_name": "China"
        }
    ],
    "research_org_country_names": [
        "China"
    ],
    "pmid": "29180670",
    "funders": [
        {
            "id": "grid.453197.d",
            "linkout": [
                "http://www.yicas.cn/"
            ],
            "city_name": "Beijing",
            "longitude": 116.409775,
            "acronym": "YIPA",
            "latitude": 39.91538,
            "name": "Youth Innovation Promotion Association",
            "types": [
                "Other"
            ],
            "country_name": "China"
        },
        {
            "id": "grid.419696.5",
            "linkout": [
                "http://www.nsfc.gov.cn/publish/portal1/"
            ],
            "city_name": "Beijing",
            "longitude": 116.33983,
            "acronym": "NSFC",
            "latitude": 40.005177,
            "name": "National Natural Science Foundation of China",
            "types": [
                "Government"
            ],
            "country_name": "China"
        },
        {
            "id": "grid.9227.e",
            "linkout": [
                "http://english.cas.cn/"
            ],
            "city_name": "Beijing",
            "longitude": 116.250656,
            "acronym": "CAS",
            "state_name": "Beijing",
            "latitude": 39.908115,
            "name": "Chinese Academy of Sciences",
            "types": [
                "Government"
            ],
            "country_name": "China"
        }
    ],
    "title": "MiR-16-5p mediates a positive feedback loop in EV71-induced apoptosis and suppresses virus replication",
    "type": "article",
    "year": 2017,
    "journal": {
        "id": "jour.1045337",
        "title": "Scientific Reports"
    },
    "researchers": [
        {
            "id": "ur.01200754466.23",
            "research_orgs": [
                "grid.439104.b",
                "grid.413428.8"
            ],
            "first_name": "Caishang",
            "last_name": "Zheng"
        },
        {
            "id": "ur.0732211270.24",
            "research_orgs": [
                "grid.9227.e",
                "grid.439104.b",
                "grid.49470.3e",
                "grid.410726.6"
            ],
            "first_name": "Zhen-Hua",
            "last_name": "Zheng",
            "orcid_id": [
                "0000-0002-4117-9364"
            ]
        },
        {
            "id": "ur.011037211754.28",
            "research_orgs": [
                "grid.412787.f",
                "grid.439104.b",
                "grid.410726.6"
            ],
            "first_name": "Jianhong",
            "last_name": "Sun"
        },
        {
            "id": "ur.0617120253.35",
            "research_orgs": [
                "grid.9227.e",
                "grid.439104.b"
            ],
            "first_name": "Yuan",
            "last_name": "Zhang"
        },
        {
            "id": "ur.014025113754.92",
            "research_orgs": [
                "grid.439104.b"
            ],
            "first_name": "Chunyu",
            "last_name": "Wei"
        },
        {
            "id": "ur.01005143045.25",
            "research_orgs": [
                "grid.9227.e",
                "grid.439104.b",
                "grid.413428.8"
            ],
            "first_name": "Xianliang",
            "last_name": "Ke"
        },
        {
            "id": "ur.012226547017.14",
            "research_orgs": [
                "grid.9227.e",
                "grid.439104.b"
            ],
            "first_name": "Yan",
            "last_name": "Liu"
        },
        {
            "id": "ur.01136553123.31",
            "research_orgs": [
                "grid.410737.6",
                "grid.413428.8"
            ],
            "first_name": "Li",
            "last_name": "Deng"
        },
        {
            "id": "ur.0727774173.50",
            "research_orgs": [
                "grid.414252.4",
                "grid.410638.8",
                "grid.439104.b",
                "grid.9227.e",
                "grid.410741.7"
            ],
            "first_name": "Hanzhong",
            "last_name": "Wang"
        }
    ],
    "FOR": [
        {
            "id": "3114",
            "name": "1108 Medical Microbiology"
        }
    ],
    "research_org_countries": [
        {
            "id": "CN",
            "name": "China"
        }
    ],
    "date": "2017-12-01",
    "altmetric": 1.0,
    "pages": "16422",
    "id": "pub.1092869935",
    "volume": "7",
    "issue": "1",
    "research_org_cities": [
        {
            "id": 1809858,
            "name": "Guangzhou"
        },
        {
            "id": 1791247,
            "name": "Wuhan"
        }
    ],
    "open_access": [
        "Open Access - all",
        "Open Access - publisher",
        "Open Access - published"
    ],
    "author_affiliations": [
        [
            {
                "first_name": "Caishang",
                "last_name": "Zheng",
                "initials": "",
                "corresponding": "",
                "orcid": "",
                "current_organization_id": "grid.439104.b",
                "researcher_id": "ur.01200754466.23",
                "affiliations": [
                    {
                        "id": "grid.413428.8",
                        "name": "Guangzhou Women and Children Medical Center",
                        "city": "Guangzhou",
                        "city_id": 1809858,
                        "country": "China",
                        "country_code": "CN",
                        "state": null,
                        "state_code": null
                    },
                    {
                        "id": "grid.439104.b",
                        "name": "Wuhan Institute Of Virology",
                        "city": "Wuhan",
                        "city_id": 1791247,
                        "country": "China",
                        "country_code": "CN",
                        "state": null,
                        "state_code": null
                    }
                ]
            },
            {
                "first_name": "Zhenhua",
                "last_name": "Zheng",
                "initials": "",
                "corresponding": true,
                "orcid": "['0000-0002-4117-9364']",
                "current_organization_id": "grid.439104.b",
                "researcher_id": "ur.0732211270.24",
                "affiliations": [
                    {
                        "id": "grid.439104.b",
                        "name": "Wuhan Institute Of Virology",
                        "city": "Wuhan",
                        "city_id": 1791247,
                        "country": "China",
                        "country_code": "CN",
                        "state": null,
                        "state_code": null
                    }
                ]
            },
            {
                "first_name": "Jianhong",
                "last_name": "Sun",
                "initials": "",
                "corresponding": "",
                "orcid": "",
                "current_organization_id": "grid.439104.b",
                "researcher_id": "ur.011037211754.28",
                "affiliations": [
                    {
                        "id": "grid.439104.b",
                        "name": "Wuhan Institute Of Virology",
                        "city": "Wuhan",
                        "city_id": 1791247,
                        "country": "China",
                        "country_code": "CN",
                        "state": null,
                        "state_code": null
                    }
                ]
            },
            {
                "first_name": "Yuan",
                "last_name": "Zhang",
                "initials": "",
                "corresponding": "",
                "orcid": "",
                "current_organization_id": "grid.439104.b",
                "researcher_id": "ur.0617120253.35",
                "affiliations": [
                    {
                        "id": "grid.439104.b",
                        "name": "Wuhan Institute Of Virology",
                        "city": "Wuhan",
                        "city_id": 1791247,
                        "country": "China",
                        "country_code": "CN",
                        "state": null,
                        "state_code": null
                    }
                ]
            },
            {
                "first_name": "Chunyu",
                "last_name": "Wei",
                "initials": "",
                "corresponding": "",
                "orcid": "",
                "current_organization_id": "grid.439104.b",
                "researcher_id": "ur.014025113754.92",
                "affiliations": [
                    {
                        "id": "grid.439104.b",
                        "name": "Wuhan Institute Of Virology",
                        "city": "Wuhan",
                        "city_id": 1791247,
                        "country": "China",
                        "country_code": "CN",
                        "state": null,
                        "state_code": null
                    }
                ]
            },
            {
                "first_name": "Xianliang",
                "last_name": "Ke",
                "initials": "",
                "corresponding": "",
                "orcid": "",
                "current_organization_id": "grid.439104.b",
                "researcher_id": "ur.01005143045.25",
                "affiliations": [
                    {
                        "id": "grid.413428.8",
                        "name": "Guangzhou Women and Children Medical Center",
                        "city": "Guangzhou",
                        "city_id": 1809858,
                        "country": "China",
                        "country_code": "CN",
                        "state": null,
                        "state_code": null
                    },
                    {
                        "id": "grid.439104.b",
                        "name": "Wuhan Institute Of Virology",
                        "city": "Wuhan",
                        "city_id": 1791247,
                        "country": "China",
                        "country_code": "CN",
                        "state": null,
                        "state_code": null
                    }
                ]
            },
            {
                "first_name": "Yan",
                "last_name": "Liu",
                "initials": "",
                "corresponding": "",
                "orcid": "",
                "current_organization_id": "grid.439104.b",
                "researcher_id": "ur.012226547017.14",
                "affiliations": [
                    {
                        "id": "grid.439104.b",
                        "name": "Wuhan Institute Of Virology",
                        "city": "Wuhan",
                        "city_id": 1791247,
                        "country": "China",
                        "country_code": "CN",
                        "state": null,
                        "state_code": null
                    }
                ]
            },
            {
                "first_name": "Li",
                "last_name": "Deng",
                "initials": "",
                "corresponding": true,
                "orcid": "",
                "current_organization_id": "grid.413428.8",
                "researcher_id": "ur.01136553123.31",
                "affiliations": [
                    {
                        "id": "grid.413428.8",
                        "name": "Guangzhou Women and Children Medical Center",
                        "city": "Guangzhou",
                        "city_id": 1809858,
                        "country": "China",
                        "country_code": "CN",
                        "state": null,
                        "state_code": null
                    }
                ]
            },
            {
                "first_name": "Hanzhong",
                "last_name": "Wang",
                "initials": "",
                "corresponding": "",
                "orcid": "",
                "current_organization_id": "grid.439104.b",
                "researcher_id": "ur.0727774173.50",
                "affiliations": [
                    {
                        "id": "grid.439104.b",
                        "name": "Wuhan Institute Of Virology",
                        "city": "Wuhan",
                        "city_id": 1791247,
                        "country": "China",
                        "country_code": "CN",
                        "state": null,
                        "state_code": null
                    }
                ]
            }
        ]
    ],
    "pmcid": "PMC5703983",
    "doi": "10.1038/s41598-017-16616-7",
    "times_cited": 8,
    "references": [
        "pub.1018763595",
        "pub.1017948820",
        "pub.1017179966",
        "pub.1002708827",
        "pub.1024280946",
        "pub.1016375198",
        "pub.1043412325",
        "pub.1027001798",
        "pub.1007929702",
        "pub.1045432949",
        "pub.1049478819",
        "pub.1074789680",
        "pub.1009612306",
        "pub.1008106214",
        "pub.1031629586",
        "pub.1002321634",
        "pub.1011753396",
        "pub.1011567781",
        "pub.1015156329",
        "pub.1040267711",
        "pub.1027442042",
        "pub.1000916010",
        "pub.1012262676",
        "pub.1041377363",
        "pub.1031254572",
        "pub.1043478639",
        "pub.1036022739",
        "pub.1032580346",
        "pub.1004739183",
        "pub.1049322291",
        "pub.1050660879",
        "pub.1012000240",
        "pub.1053109458",
        "pub.1049235966",
        "pub.1034225351",
        "pub.1005838237",
        "pub.1032766049",
        "pub.1077017484",
        "pub.1043982490",
        "pub.1020049856",
        "pub.1006489317",
        "pub.1042334541",
        "pub.1045972333",
        "pub.1038090182",
        "pub.1027672066",
        "pub.1017529994",
        "pub.1067191561",
        "pub.1035197644",
        "pub.1049400026",
        "pub.1004687004",
        "pub.1030834931",
        "pub.1078192348",
        "pub.1023930302",
        "pub.1003684444",
        "pub.1042196381",
        "pub.1040203813",
        "pub.1062445158",
        "pub.1017477247",
        "pub.1012733286",
        "pub.1014653052",
        "pub.1039791996",
        "pub.1047499842",
        "pub.1008181500",
        "pub.1024072223",
        "pub.1009902558",
        "pub.1001799892",
        "pub.1037477049",
        "pub.1059695291",
        "pub.1042863603",
        "pub.1045308163"
    ],
    "relative_citation_ratio": 0.77
}