{
    "research_orgs": [
        {
            "id": "grid.5338.d",
            "linkout": [
                "http://www.uv.es/"
            ],
            "city_name": "Valencia",
            "longitude": -0.364728,
            "acronym": "UV",
            "latitude": 39.479465,
            "name": "University of Valencia",
            "types": [
                "Education"
            ],
            "country_name": "Spain"
        },
        {
            "id": "grid.411239.c",
            "linkout": [
                "http://site.ufsm.br/"
            ],
            "city_name": "Santa Maria",
            "longitude": -53.71617,
            "acronym": "UFSM",
            "latitude": -29.713514,
            "name": "Federal University of Santa Maria",
            "types": [
                "Education"
            ],
            "country_name": "Brazil"
        }
    ],
    "research_org_country_names": [
        "Spain",
        "Brazil"
    ],
    "pmid": "28187322",
    "funders": [
        {
            "id": "grid.451322.3",
            "linkout": [
                "http://www.mineco.gob.es/"
            ],
            "city_name": "Madrid",
            "longitude": -3.657564,
            "acronym": "MINECO",
            "latitude": 40.443962,
            "name": "Ministry of Economy, Industry and Competitiveness",
            "types": [
                "Government"
            ],
            "country_name": "Spain"
        },
        {
            "id": "grid.450640.3",
            "linkout": [
                "http://www.cnpq.br/"
            ],
            "city_name": "Bras\u00edlia",
            "longitude": -47.947884,
            "acronym": "CNPq",
            "latitude": -15.821201,
            "name": "National Council for Scientific and Technological Development",
            "types": [
                "Government"
            ],
            "country_name": "Brazil"
        },
        {
            "id": "grid.270680.b",
            "linkout": [
                "http://ec.europa.eu/index_en.htm"
            ],
            "city_name": "Brussels",
            "longitude": 4.36367,
            "acronym": "EC",
            "latitude": 50.85165,
            "name": "European Commission",
            "types": [
                "Government"
            ],
            "country_name": "Belgium"
        }
    ],
    "title": "Chronic aspartame intake causes changes in the trans-sulphuration pathway, glutathione depletion and liver damage in mice",
    "type": "article",
    "year": 2017,
    "journal": {
        "id": "jour.1048218",
        "title": "Redox Biology"
    },
    "researchers": [
        {
            "id": "ur.01016407077.76",
            "research_orgs": [
                "grid.5338.d",
                "grid.411239.c"
            ],
            "first_name": "Isabela Andres",
            "last_name": "Finamor"
        },
        {
            "id": "ur.0740320571.18",
            "research_orgs": [
                "grid.5338.d"
            ],
            "first_name": "Salvador",
            "last_name": "P\u00e9rez"
        },
        {
            "id": "ur.0661760244.15",
            "research_orgs": [
                "grid.411239.c"
            ],
            "first_name": "Caroline Azzolin",
            "last_name": "Bressan"
        },
        {
            "id": "ur.011302542101.86",
            "research_orgs": [
                "grid.5338.d"
            ],
            "first_name": "Sergio",
            "last_name": "Rius-P\u00e9rez"
        },
        {
            "id": "ur.0701610573.85",
            "research_orgs": [
                "grid.411239.c"
            ],
            "first_name": "Maria Isabel U M",
            "last_name": "Rocha"
        },
        {
            "id": "ur.0761514622.53",
            "research_orgs": [
                "grid.441681.e",
                "grid.411239.c"
            ],
            "first_name": "Marcelo Leite",
            "last_name": "Da Veiga",
            "orcid_id": [
                "0000-0002-9303-3324"
            ]
        },
        {
            "id": "ur.01076042014.88",
            "research_orgs": [
                "grid.184769.5",
                "grid.5338.d",
                "grid.10796.39",
                "grid.411308.f",
                "grid.13097.3c",
                "grid.429997.8"
            ],
            "first_name": "Juan",
            "last_name": "Sastre",
            "orcid_id": [
                "0000-0002-4260-6604"
            ]
        },
        {
            "id": "ur.01022250177.26",
            "research_orgs": [
                "grid.411239.c"
            ],
            "first_name": "Maria Am\u00e1lia",
            "last_name": "Pavanato",
            "orcid_id": [
                "0000-0002-1348-3828"
            ]
        }
    ],
    "FOR": [
        {
            "id": "3053",
            "name": "1103 Clinical Sciences"
        }
    ],
    "research_org_countries": [
        {
            "id": "BR",
            "name": "Brazil"
        },
        {
            "id": "ES",
            "name": "Spain"
        }
    ],
    "date": "2017-04-01",
    "altmetric": 22.0,
    "pages": "701-707",
    "id": "pub.1083420481",
    "volume": "11",
    "research_org_cities": [
        {
            "id": 2509954,
            "name": "Valencia"
        },
        {
            "id": 3450083,
            "name": "Santa Maria"
        }
    ],
    "open_access": [
        "Open Access - all",
        "Open Access - publisher",
        "Open Access - published"
    ],
    "author_affiliations": [
        [
            {
                "first_name": "Isabela",
                "last_name": "Finamor",
                "initials": "",
                "corresponding": "",
                "orcid": "",
                "current_organization_id": "grid.5338.d",
                "researcher_id": "ur.01016407077.76",
                "affiliations": [
                    {
                        "id": "grid.5338.d",
                        "name": "University of Valencia",
                        "city": "Valencia",
                        "city_id": 2509954,
                        "country": "Spain",
                        "country_code": "ES",
                        "state": null,
                        "state_code": null
                    }
                ]
            },
            {
                "first_name": "Salvador",
                "last_name": "P\u00e9rez",
                "initials": "",
                "corresponding": "",
                "orcid": "",
                "current_organization_id": "grid.5338.d",
                "researcher_id": "ur.0740320571.18",
                "affiliations": [
                    {
                        "id": "grid.5338.d",
                        "name": "University of Valencia",
                        "city": "Valencia",
                        "city_id": 2509954,
                        "country": "Spain",
                        "country_code": "ES",
                        "state": null,
                        "state_code": null
                    }
                ]
            },
            {
                "first_name": "Caroline A",
                "last_name": "Bressan",
                "initials": "",
                "corresponding": "",
                "orcid": "",
                "current_organization_id": "grid.411239.c",
                "researcher_id": "ur.0661760244.15",
                "affiliations": [
                    {
                        "id": "grid.411239.c",
                        "name": "Universidade Federal de Santa Maria",
                        "city": "Santa Maria",
                        "city_id": 3450083,
                        "country": "Brazil",
                        "country_code": "BR",
                        "state": null,
                        "state_code": null
                    }
                ]
            },
            {
                "first_name": "Carlos E",
                "last_name": "Brenner",
                "initials": "",
                "corresponding": "",
                "orcid": "",
                "current_organization_id": "",
                "researcher_id": "",
                "affiliations": [
                    {
                        "id": "grid.411239.c",
                        "name": "Universidade Federal de Santa Maria",
                        "city": "Santa Maria",
                        "city_id": 3450083,
                        "country": "Brazil",
                        "country_code": "BR",
                        "state": null,
                        "state_code": null
                    }
                ]
            },
            {
                "first_name": "Sergio",
                "last_name": "Rius-P\u00e9rez",
                "initials": "",
                "corresponding": "",
                "orcid": "",
                "current_organization_id": "grid.5338.d",
                "researcher_id": "ur.011302542101.86",
                "affiliations": [
                    {
                        "id": "grid.5338.d",
                        "name": "University of Valencia",
                        "city": "Valencia",
                        "city_id": 2509954,
                        "country": "Spain",
                        "country_code": "ES",
                        "state": null,
                        "state_code": null
                    }
                ]
            },
            {
                "first_name": "Patricia C",
                "last_name": "Brittes",
                "initials": "",
                "corresponding": "",
                "orcid": "",
                "current_organization_id": "",
                "researcher_id": "",
                "affiliations": [
                    {
                        "id": "grid.411239.c",
                        "name": "Universidade Federal de Santa Maria",
                        "city": "Santa Maria",
                        "city_id": 3450083,
                        "country": "Brazil",
                        "country_code": "BR",
                        "state": null,
                        "state_code": null
                    }
                ]
            },
            {
                "first_name": "Gabriele",
                "last_name": "Cheiran",
                "initials": "",
                "corresponding": "",
                "orcid": "",
                "current_organization_id": "",
                "researcher_id": "",
                "affiliations": [
                    {
                        "id": "grid.411239.c",
                        "name": "Universidade Federal de Santa Maria",
                        "city": "Santa Maria",
                        "city_id": 3450083,
                        "country": "Brazil",
                        "country_code": "BR",
                        "state": null,
                        "state_code": null
                    }
                ]
            },
            {
                "first_name": "Maria I",
                "last_name": "Rocha",
                "initials": "",
                "corresponding": "",
                "orcid": "",
                "current_organization_id": "grid.411239.c",
                "researcher_id": "ur.0701610573.85",
                "affiliations": [
                    {
                        "id": "grid.411239.c",
                        "name": "Universidade Federal de Santa Maria",
                        "city": "Santa Maria",
                        "city_id": 3450083,
                        "country": "Brazil",
                        "country_code": "BR",
                        "state": null,
                        "state_code": null
                    }
                ]
            },
            {
                "first_name": "Marcelo",
                "last_name": "da Veiga",
                "initials": "",
                "corresponding": "",
                "orcid": "['0000-0002-9303-3324']",
                "current_organization_id": "grid.411239.c",
                "researcher_id": "ur.0761514622.53",
                "affiliations": [
                    {
                        "id": "grid.411239.c",
                        "name": "Universidade Federal de Santa Maria",
                        "city": "Santa Maria",
                        "city_id": 3450083,
                        "country": "Brazil",
                        "country_code": "BR",
                        "state": null,
                        "state_code": null
                    }
                ]
            },
            {
                "first_name": "Juan",
                "last_name": "Sastre",
                "initials": "",
                "corresponding": true,
                "orcid": "['0000-0002-4260-6604']",
                "current_organization_id": "grid.5338.d",
                "researcher_id": "ur.01076042014.88",
                "affiliations": [
                    {
                        "id": "grid.5338.d",
                        "name": "University of Valencia",
                        "city": "Valencia",
                        "city_id": 2509954,
                        "country": "Spain",
                        "country_code": "ES",
                        "state": null,
                        "state_code": null
                    }
                ]
            },
            {
                "first_name": "Maria A",
                "last_name": "Pavanato",
                "initials": "",
                "corresponding": true,
                "orcid": "['0000-0002-1348-3828']",
                "current_organization_id": "grid.411239.c",
                "researcher_id": "ur.01022250177.26",
                "affiliations": [
                    {
                        "id": "grid.411239.c",
                        "name": "Universidade Federal de Santa Maria",
                        "city": "Santa Maria",
                        "city_id": 3450083,
                        "country": "Brazil",
                        "country_code": "BR",
                        "state": null,
                        "state_code": null
                    }
                ]
            }
        ]
    ],
    "pmcid": "PMC5300302",
    "doi": "10.1016/j.redox.2017.01.019",
    "times_cited": 12,
    "references": [
        "pub.1002037779",
        "pub.1074482890",
        "pub.1011638268",
        "pub.1051881292",
        "pub.1059945499",
        "pub.1033494445",
        "pub.1024757420",
        "pub.1001638023",
        "pub.1020668898",
        "pub.1003490001",
        "pub.1036600351",
        "pub.1035226532",
        "pub.1050069804",
        "pub.1080157860",
        "pub.1003995612",
        "pub.1028292035",
        "pub.1027368900",
        "pub.1048626516",
        "pub.1029695432",
        "pub.1013609741",
        "pub.1049697148",
        "pub.1018362829",
        "pub.1016210754",
        "pub.1051949107",
        "pub.1003959369",
        "pub.1001272414",
        "pub.1040971379",
        "pub.1038798870",
        "pub.1051770412",
        "pub.1013029501",
        "pub.1039010893",
        "pub.1071366764",
        "pub.1052334407"
    ],
    "relative_citation_ratio": 0.64
}