{
    "volume": "14",
    "date": "2015-12-01",
    "title": "Prevalence of class 1 and 2 integrons in multi-drug resistant Escherichia coli isolated from aquaculture water in Chaharmahal Va Bakhtiari province, Iran",
    "researchers": [
        {
            "id": "ur.0664207143.46",
            "last_name": "Tajbakhsh",
            "first_name": "Elahe",
            "research_orgs": [
                "grid.61971.38",
                "grid.467523.1"
            ]
        },
        {
            "id": "ur.0656347424.22",
            "last_name": "Khamesipour",
            "first_name": "Faham",
            "orcid_id": [
                "0000-0003-0678-2528"
            ],
            "research_orgs": [
                "grid.412328.e",
                "grid.412573.6",
                "grid.411600.2",
                "grid.412571.4"
            ]
        },
        {
            "id": "ur.010570644720.38",
            "last_name": "Ranjbar",
            "first_name": "Reza",
            "orcid_id": [
                "0000-0001-8593-1514"
            ],
            "research_orgs": [
                "grid.428999.7",
                "grid.419202.c",
                "grid.10776.37",
                "grid.10347.31",
                "grid.411521.2",
                "grid.418508.0",
                "grid.417579.9",
                "grid.419597.7",
                "grid.411641.7",
                "grid.411705.6",
                "grid.416738.f"
            ]
        },
        {
            "id": "ur.0757727761.50",
            "last_name": "Ugwu",
            "first_name": "Ifeoma Chinyere",
            "research_orgs": [
                "grid.10757.34"
            ]
        }
    ],
    "pmcid": "PMC4521343",
    "altmetric": 1.0,
    "pages": "37",
    "research_org_cities": [
        {
            "id": 115770,
            "name": "Shahr-e Kord"
        },
        {
            "id": 112931,
            "name": "Tehran"
        },
        {
            "id": 2328684,
            "name": "Nsukka"
        }
    ],
    "open_access": [
        "Open Access - all",
        "Open Access - publisher",
        "Open Access - published"
    ],
    "research_org_countries": [
        {
            "id": "NG",
            "name": "Nigeria"
        },
        {
            "id": "IR",
            "name": "Iran"
        }
    ],
    "doi": "10.1186/s12941-015-0096-y",
    "FOR": [
        {
            "id": "3114",
            "name": "1108 Medical Microbiology"
        }
    ],
    "times_cited": 29,
    "research_orgs": [
        {
            "id": "grid.10757.34",
            "acronym": "UNN",
            "types": [
                "Education"
            ],
            "longitude": 7.414543,
            "linkout": [
                "http://www.unn.edu.ng/"
            ],
            "latitude": 6.869079,
            "name": "University of Nigeria, Nsukka",
            "city_name": "Nsukka",
            "country_name": "Nigeria"
        },
        {
            "id": "grid.411521.2",
            "acronym": "BMSU",
            "types": [
                "Education"
            ],
            "longitude": 51.394127,
            "linkout": [
                "http://www.bmsu.ac.ir/"
            ],
            "latitude": 35.751667,
            "name": "Baqiyatallah University of Medical Sciences",
            "city_name": "Tehran",
            "country_name": "Iran"
        }
    ],
    "pmid": "26227260",
    "research_org_country_names": [
        "Iran",
        "Nigeria"
    ],
    "id": "pub.1050255440",
    "issue": "1",
    "journal": {
        "id": "jour.1031269",
        "title": "Annals of Clinical Microbiology and Antimicrobials"
    },
    "year": 2015,
    "references": [
        "pub.1011667158",
        "pub.1072382726",
        "pub.1038033507",
        "pub.1024111696",
        "pub.1005547358",
        "pub.1074557608",
        "pub.1036591013",
        "pub.1011876605",
        "pub.1052686594",
        "pub.1007611587",
        "pub.1016611132",
        "pub.1044869283",
        "pub.1034320411",
        "pub.1032230278",
        "pub.1083104302",
        "pub.1037432424",
        "pub.1021818792",
        "pub.1004353263",
        "pub.1014103749",
        "pub.1010282547",
        "pub.1049380243",
        "pub.1048607490",
        "pub.1075301092",
        "pub.1033086899",
        "pub.1002714788",
        "pub.1043065354",
        "pub.1018612863",
        "pub.1083208763",
        "pub.1073704852",
        "pub.1002064000",
        "pub.1060353858",
        "pub.1060380694"
    ],
    "relative_citation_ratio": 2.63,
    "author_affiliations": [
        [
            {
                "first_name": "Elahe",
                "last_name": "Tajbakhsh",
                "initials": "",
                "corresponding": true,
                "orcid": "",
                "current_organization_id": "grid.61971.38",
                "researcher_id": "ur.0664207143.46",
                "affiliations": [
                    {
                        "name": "Department of Microbiology, Faculty of Basic Sciences, Shahrekord Branch, Islamic Azad University, Shahrekord, Iran"
                    }
                ]
            },
            {
                "first_name": "Faham",
                "last_name": "Khamesipour",
                "initials": "",
                "corresponding": "",
                "orcid": "['0000-0003-0678-2528']",
                "current_organization_id": "grid.412328.e",
                "researcher_id": "ur.0656347424.22",
                "affiliations": [
                    {
                        "name": "Young Researchers and Elite Club, Shahrekord Branch, Islamic Azad University, Shahrekord, Iran"
                    }
                ]
            },
            {
                "first_name": "Reza",
                "last_name": "Ranjbar",
                "initials": "",
                "corresponding": "",
                "orcid": "['0000-0001-8593-1514']",
                "current_organization_id": "grid.411521.2",
                "researcher_id": "ur.010570644720.38",
                "affiliations": [
                    {
                        "id": "grid.411521.2",
                        "name": "Baqiyatallah University of Medical Sciences",
                        "city": "Tehran",
                        "city_id": 112931,
                        "country": "Iran",
                        "country_code": "IR",
                        "state": null,
                        "state_code": null
                    }
                ]
            },
            {
                "first_name": "Ifeoma Chinyere",
                "last_name": "Ugwu",
                "initials": "",
                "corresponding": "",
                "orcid": "",
                "current_organization_id": "grid.10757.34",
                "researcher_id": "ur.0757727761.50",
                "affiliations": [
                    {
                        "id": "grid.10757.34",
                        "name": "University of Nigeria, Nsukka",
                        "city": "Nsukka",
                        "city_id": 2328684,
                        "country": "Nigeria",
                        "country_code": "NG",
                        "state": null,
                        "state_code": null
                    }
                ]
            }
        ]
    ],
    "type": "article"
}