{
    "research_orgs": [
        {
            "id": "grid.4280.e",
            "linkout": [
                "http://www.nus.edu.sg/"
            ],
            "city_name": "Singapore",
            "longitude": 103.776665,
            "acronym": "NUS",
            "latitude": 1.295556,
            "name": "National University of Singapore",
            "types": [
                "Education"
            ],
            "country_name": "Singapore"
        }
    ],
    "research_org_country_names": [
        "Singapore"
    ],
    "pmid": "14972545",
    "title": "Avian encephalomyelitis virus nonstructural protein 2C induces apoptosis by activating cytochrome c/caspase-9 pathway",
    "type": "article",
    "year": 2004,
    "journal": {
        "id": "jour.1007902",
        "title": "Virology"
    },
    "researchers": [
        {
            "id": "ur.0743661543.21",
            "research_orgs": [
                "grid.4280.e",
                "grid.22935.3f",
                "grid.418260.9"
            ],
            "first_name": "Jue",
            "last_name": "Liu"
        },
        {
            "id": "ur.01216437460.44",
            "research_orgs": [
                "grid.4280.e",
                "grid.1049.c",
                "grid.9654.e"
            ],
            "first_name": "Ting",
            "last_name": "Wei"
        },
        {
            "id": "ur.01270606011.31",
            "research_orgs": [
                "grid.226688.0",
                "grid.4280.e",
                "grid.463419.d",
                "grid.417548.b"
            ],
            "first_name": "Jimmy",
            "last_name": "Kwang"
        }
    ],
    "FOR": [
        {
            "id": "2581",
            "name": "0601 Biochemistry and Cell Biology"
        }
    ],
    "research_org_countries": [
        {
            "id": "SG",
            "name": "Singapore"
        }
    ],
    "date": "2004-01-01",
    "altmetric": 3.0,
    "pages": "169-182",
    "id": "pub.1017637329",
    "volume": "318",
    "issue": "1",
    "research_org_cities": [
        {
            "id": 1880252,
            "name": "Singapore"
        }
    ],
    "author_affiliations": [
        [
            {
                "first_name": "Jue",
                "last_name": "Liu",
                "initials": "",
                "corresponding": "",
                "orcid": "",
                "current_organization_id": "grid.418260.9",
                "researcher_id": "ur.0743661543.21",
                "affiliations": [
                    {
                        "id": "grid.4280.e",
                        "name": "National University of Singapore",
                        "city": "Singapore",
                        "city_id": 1880252,
                        "country": "Singapore",
                        "country_code": "SG",
                        "state": null,
                        "state_code": null
                    }
                ]
            },
            {
                "first_name": "Ting",
                "last_name": "Wei",
                "initials": "",
                "corresponding": "",
                "orcid": "",
                "current_organization_id": "grid.1049.c",
                "researcher_id": "ur.01216437460.44",
                "affiliations": [
                    {
                        "id": "grid.4280.e",
                        "name": "National University of Singapore",
                        "city": "Singapore",
                        "city_id": 1880252,
                        "country": "Singapore",
                        "country_code": "SG",
                        "state": null,
                        "state_code": null
                    }
                ]
            },
            {
                "first_name": "Jimmy",
                "last_name": "Kwang",
                "initials": "",
                "corresponding": true,
                "orcid": "",
                "current_organization_id": "grid.4280.e",
                "researcher_id": "ur.01270606011.31",
                "affiliations": [
                    {
                        "id": "grid.4280.e",
                        "name": "National University of Singapore",
                        "city": "Singapore",
                        "city_id": 1880252,
                        "country": "Singapore",
                        "country_code": "SG",
                        "state": null,
                        "state_code": null
                    }
                ]
            }
        ]
    ],
    "doi": "10.1016/j.virol.2003.09.012",
    "times_cited": 27,
    "references": [
        "pub.1000652671",
        "pub.1008234093",
        "pub.1034024741",
        "pub.1026283707",
        "pub.1036533322",
        "pub.1015662744",
        "pub.1015076875",
        "pub.1013528186",
        "pub.1026431556",
        "pub.1082400316",
        "pub.1049388745",
        "pub.1030085838",
        "pub.1015819656",
        "pub.1016854093",
        "pub.1052246462",
        "pub.1001605991",
        "pub.1083208764",
        "pub.1011936565",
        "pub.1083173505",
        "pub.1000457623",
        "pub.1050361474",
        "pub.1016663513",
        "pub.1074474611",
        "pub.1040996214",
        "pub.1050785075",
        "pub.1082723849",
        "pub.1005594423",
        "pub.1062562275",
        "pub.1082957627",
        "pub.1069555285",
        "pub.1050138474",
        "pub.1035925893",
        "pub.1012423457",
        "pub.1009308278",
        "pub.1051248680",
        "pub.1009720689",
        "pub.1083249097",
        "pub.1083045529",
        "pub.1083255249",
        "pub.1041815020",
        "pub.1009120529",
        "pub.1037086687",
        "pub.1051100604",
        "pub.1000030572",
        "pub.1016027420",
        "pub.1083152765",
        "pub.1015936416",
        "pub.1052656578",
        "pub.1019780193",
        "pub.1040667191",
        "pub.1083163768",
        "pub.1083303089",
        "pub.1040014627",
        "pub.1018085422",
        "pub.1062562276",
        "pub.1007097867",
        "pub.1026297527",
        "pub.1083236400",
        "pub.1082784900",
        "pub.1042927435",
        "pub.1015147349"
    ],
    "relative_citation_ratio": 0.51
}