{
    "volume": "15",
    "date": "2005-04-01",
    "title": "The Nef Protein of Human Immunodeficiency Virus Establishes Superinfection Immunity by a Dual Strategy to Downregulate Cell-Surface CCR5 and CD4",
    "researchers": [
        {
            "id": "ur.01034252355.23",
            "last_name": "Michel",
            "first_name": "Nico",
            "research_orgs": [
                "grid.424277.0",
                "grid.7700.0"
            ]
        },
        {
            "id": "ur.0673722213.14",
            "last_name": "Allespach",
            "first_name": "Ina",
            "research_orgs": [
                "grid.5253.1",
                "grid.7700.0"
            ]
        },
        {
            "id": "ur.01036514431.12",
            "last_name": "Venzke",
            "first_name": "Stephanie",
            "research_orgs": [
                "grid.7700.0"
            ]
        },
        {
            "id": "ur.01004336532.16",
            "last_name": "Fackler",
            "first_name": "Oliver T",
            "orcid_id": [
                "0000-0003-2982-4209"
            ],
            "research_orgs": [
                "grid.5253.1",
                "grid.452463.2",
                "grid.413575.1",
                "grid.11749.3a",
                "grid.266102.1",
                "grid.15090.3d",
                "grid.7727.5",
                "grid.411937.9",
                "grid.14095.39",
                "grid.7700.0"
            ]
        },
        {
            "id": "ur.01266514445.93",
            "last_name": "Keppler",
            "first_name": "Oliver Till",
            "research_orgs": [
                "grid.5253.1",
                "grid.452463.2",
                "grid.249878.8",
                "grid.411088.4",
                "grid.266102.1",
                "grid.7497.d",
                "grid.15090.3d",
                "grid.5252.0",
                "grid.7839.5",
                "grid.7700.0"
            ]
        }
    ],
    "altmetric": 1.0,
    "pages": "714-723",
    "research_org_cities": [
        {
            "id": 2907911,
            "name": "Heidelberg"
        }
    ],
    "open_access": [
        "Open Access - all",
        "Open Access - publisher",
        "Open Access - published"
    ],
    "research_org_countries": [
        {
            "id": "DE",
            "name": "Germany"
        }
    ],
    "doi": "10.1016/j.cub.2005.02.058",
    "FOR": [
        {
            "id": "3114",
            "name": "1108 Medical Microbiology"
        },
        {
            "id": "2581",
            "name": "0601 Biochemistry and Cell Biology"
        }
    ],
    "research_orgs": [
        {
            "id": "grid.7700.0",
            "types": [
                "Education"
            ],
            "longitude": 8.670238,
            "linkout": [
                "http://www.uni-heidelberg.de/index_e.html"
            ],
            "latitude": 49.41935,
            "name": "Heidelberg University",
            "city_name": "Heidelberg",
            "country_name": "Germany"
        }
    ],
    "times_cited": 133,
    "pmid": "15854903",
    "funders": [
        {
            "id": "grid.424150.6",
            "acronym": "DFG",
            "types": [
                "Facility"
            ],
            "longitude": 7.147797,
            "linkout": [
                "http://www.dfg.de/en/"
            ],
            "latitude": 50.69934,
            "name": "German Research Foundation",
            "city_name": "Bonn",
            "country_name": "Germany"
        },
        {
            "id": "grid.417684.8",
            "acronym": "USPHS",
            "state_name": "District of Columbia",
            "types": [
                "Government"
            ],
            "longitude": -77.029,
            "linkout": [
                "http://www.usphs.gov/"
            ],
            "latitude": 38.919567,
            "name": "United States Public Health Service",
            "city_name": "Washington D.C.",
            "country_name": "United States"
        }
    ],
    "research_org_country_names": [
        "Germany"
    ],
    "id": "pub.1025496946",
    "issue": "8",
    "journal": {
        "id": "jour.1101321",
        "title": "Current Biology"
    },
    "year": 2005,
    "references": [
        "pub.1032081017",
        "pub.1069197392",
        "pub.1078778050",
        "pub.1006802359",
        "pub.1051213598",
        "pub.1082656350",
        "pub.1082474149",
        "pub.1041232271",
        "pub.1002556335",
        "pub.1040918990",
        "pub.1069185442",
        "pub.1038087910",
        "pub.1010084476",
        "pub.1009983627",
        "pub.1004147830",
        "pub.1047508634",
        "pub.1042975120",
        "pub.1035663238",
        "pub.1010964333",
        "pub.1083255255",
        "pub.1020248627",
        "pub.1030577388",
        "pub.1041581293",
        "pub.1021589856",
        "pub.1000022379",
        "pub.1076603798",
        "pub.1037550255",
        "pub.1030975564",
        "pub.1023010230",
        "pub.1010449243",
        "pub.1039353142",
        "pub.1047176647",
        "pub.1010940154",
        "pub.1069197439",
        "pub.1030623242",
        "pub.1051814078",
        "pub.1052474534",
        "pub.1046449930",
        "pub.1033605580",
        "pub.1062551802",
        "pub.1044177455",
        "pub.1029365464",
        "pub.1010706987",
        "pub.1016442136",
        "pub.1002507112"
    ],
    "relative_citation_ratio": 2.67,
    "author_affiliations": [
        [
            {
                "first_name": "Nico",
                "last_name": "Michel",
                "initials": "",
                "corresponding": "",
                "orcid": "",
                "current_organization_id": "grid.7700.0",
                "researcher_id": "ur.01034252355.23",
                "affiliations": [
                    {
                        "id": "grid.7700.0",
                        "name": "Heidelberg University",
                        "city": "Heidelberg",
                        "city_id": 2907911,
                        "country": "Germany",
                        "country_code": "DE",
                        "state": null,
                        "state_code": null
                    }
                ]
            },
            {
                "first_name": "Ina",
                "last_name": "Allespach",
                "initials": "",
                "corresponding": "",
                "orcid": "",
                "current_organization_id": "grid.7700.0",
                "researcher_id": "ur.0673722213.14",
                "affiliations": [
                    {
                        "id": "grid.7700.0",
                        "name": "Heidelberg University",
                        "city": "Heidelberg",
                        "city_id": 2907911,
                        "country": "Germany",
                        "country_code": "DE",
                        "state": null,
                        "state_code": null
                    }
                ]
            },
            {
                "first_name": "Stephanie",
                "last_name": "Venzke",
                "initials": "",
                "corresponding": "",
                "orcid": "",
                "current_organization_id": "grid.7700.0",
                "researcher_id": "ur.01036514431.12",
                "affiliations": [
                    {
                        "id": "grid.7700.0",
                        "name": "Heidelberg University",
                        "city": "Heidelberg",
                        "city_id": 2907911,
                        "country": "Germany",
                        "country_code": "DE",
                        "state": null,
                        "state_code": null
                    }
                ]
            },
            {
                "first_name": "Oliver T.",
                "last_name": "Fackler",
                "initials": "",
                "corresponding": true,
                "orcid": "['0000-0003-2982-4209']",
                "current_organization_id": "grid.5253.1",
                "researcher_id": "ur.01004336532.16",
                "affiliations": [
                    {
                        "id": "grid.7700.0",
                        "name": "Heidelberg University",
                        "city": "Heidelberg",
                        "city_id": 2907911,
                        "country": "Germany",
                        "country_code": "DE",
                        "state": null,
                        "state_code": null
                    }
                ]
            },
            {
                "first_name": "Oliver T.",
                "last_name": "Keppler",
                "initials": "",
                "corresponding": true,
                "orcid": "",
                "current_organization_id": "grid.5252.0",
                "researcher_id": "ur.01266514445.93",
                "affiliations": [
                    {
                        "id": "grid.7700.0",
                        "name": "Heidelberg University",
                        "city": "Heidelberg",
                        "city_id": 2907911,
                        "country": "Germany",
                        "country_code": "DE",
                        "state": null,
                        "state_code": null
                    }
                ]
            }
        ]
    ],
    "type": "article"
}