{
    "volume": "70",
    "date": "2015-07-01",
    "title": "British Thoracic Society community acquired pneumonia guideline and the NICE pneumonia guideline: how they fit together",
    "researchers": [
        {
            "id": "ur.012720025352.64",
            "last_name": "Lim",
            "first_name": "Wei Shen",
            "research_orgs": [
                "grid.269014.8",
                "grid.412920.c",
                "grid.7445.2",
                "grid.10025.36",
                "grid.240404.6",
                "grid.413893.4",
                "grid.4563.4"
            ]
        },
        {
            "id": "ur.0776075355.48",
            "last_name": "Smith",
            "first_name": "D L",
            "research_orgs": [
                "grid.416201.0"
            ]
        },
        {
            "id": "ur.0776431436.09",
            "last_name": "Wise",
            "first_name": "Matthew Peter",
            "research_orgs": [
                "grid.241103.5",
                "grid.5600.3",
                "grid.8155.9"
            ]
        },
        {
            "id": "ur.0634313340.32",
            "last_name": "Welham",
            "first_name": "Sally A",
            "research_orgs": [
                "grid.470978.5"
            ]
        }
    ],
    "pmcid": "PMC4484256",
    "altmetric": 9.0,
    "pages": "698",
    "research_org_cities": [
        {
            "id": 2641170,
            "name": "Nottingham"
        },
        {
            "id": 2654675,
            "name": "Bristol"
        },
        {
            "id": 2653822,
            "name": "Cardiff"
        },
        {
            "id": 2643743,
            "name": "London"
        }
    ],
    "open_access": [
        "Open Access - all",
        "Open Access - publisher",
        "Open Access - published"
    ],
    "research_org_countries": [
        {
            "id": "GB",
            "name": "United Kingdom"
        }
    ],
    "doi": "10.1136/thoraxjnl-2015-206881",
    "FOR": [
        {
            "id": "3177",
            "name": "1117 Public Health and Health Services"
        }
    ],
    "times_cited": 12,
    "research_orgs": [
        {
            "id": "grid.416201.0",
            "types": [
                "Healthcare"
            ],
            "longitude": -2.594,
            "linkout": [
                "http://www.nbt.nhs.uk/our-hospitals/southmead-hospital"
            ],
            "latitude": 51.497,
            "name": "Southmead Hospital",
            "city_name": "Bristol",
            "country_name": "United Kingdom"
        },
        {
            "id": "grid.470978.5",
            "acronym": "BTS",
            "types": [
                "Nonprofit"
            ],
            "longitude": -0.116577,
            "linkout": [
                "https://www.brit-thoracic.org.uk/"
            ],
            "latitude": 51.523438,
            "name": "British Thoracic Society",
            "city_name": "London",
            "country_name": "United Kingdom"
        },
        {
            "id": "grid.412920.c",
            "types": [
                "Healthcare"
            ],
            "longitude": -1.157778,
            "linkout": [
                "https://www.nuh.nhs.uk/getting-here/city-hospital/"
            ],
            "latitude": 52.990833,
            "name": "Nottingham City Hospital",
            "city_name": "Nottingham",
            "country_name": "United Kingdom"
        },
        {
            "id": "grid.241103.5",
            "acronym": "UHW",
            "types": [
                "Healthcare"
            ],
            "longitude": -3.19,
            "linkout": [
                "http://www.cardiffandvaleuhb.wales.nhs.uk/ward-visiting-times-uhw"
            ],
            "latitude": 51.507,
            "name": "University Hospital of Wales",
            "city_name": "Cardiff",
            "country_name": "United Kingdom"
        }
    ],
    "pmid": "25977290",
    "research_org_country_names": [
        "United Kingdom"
    ],
    "id": "pub.1047440231",
    "issue": "7",
    "journal": {
        "id": "jour.1019594",
        "title": "Thorax"
    },
    "year": 2015,
    "references": [
        "pub.1045487112",
        "pub.1000748566"
    ],
    "relative_citation_ratio": 0.89,
    "author_affiliations": [
        [
            {
                "first_name": "W S",
                "last_name": "Lim",
                "initials": "",
                "corresponding": "",
                "orcid": "",
                "current_organization_id": "grid.240404.6",
                "researcher_id": "ur.012720025352.64",
                "affiliations": [
                    {
                        "id": "grid.412920.c",
                        "name": "Nottingham City Hospital",
                        "city": "Nottingham",
                        "city_id": 2641170,
                        "country": "United Kingdom",
                        "country_code": "GB",
                        "state": null,
                        "state_code": null
                    }
                ]
            },
            {
                "first_name": "D L",
                "last_name": "Smith",
                "initials": "",
                "corresponding": "",
                "orcid": "",
                "current_organization_id": "grid.416201.0",
                "researcher_id": "ur.0776075355.48",
                "affiliations": [
                    {
                        "id": "grid.416201.0",
                        "name": "Southmead Hospital",
                        "city": "Bristol",
                        "city_id": 2654675,
                        "country": "United Kingdom",
                        "country_code": "GB",
                        "state": null,
                        "state_code": null
                    }
                ]
            },
            {
                "first_name": "M P",
                "last_name": "Wise",
                "initials": "",
                "corresponding": "",
                "orcid": "",
                "current_organization_id": "grid.241103.5",
                "researcher_id": "ur.0776431436.09",
                "affiliations": [
                    {
                        "id": "grid.241103.5",
                        "name": "University Hospital of Wales",
                        "city": "Cardiff",
                        "city_id": 2653822,
                        "country": "United Kingdom",
                        "country_code": "GB",
                        "state": null,
                        "state_code": null
                    }
                ]
            },
            {
                "first_name": "S A",
                "last_name": "Welham",
                "initials": "",
                "corresponding": "",
                "orcid": "",
                "current_organization_id": "grid.470978.5",
                "researcher_id": "ur.0634313340.32",
                "affiliations": [
                    {
                        "id": "grid.470978.5",
                        "name": "British Thoracic Society",
                        "city": "London",
                        "city_id": 2643743,
                        "country": "United Kingdom",
                        "country_code": "GB",
                        "state": null,
                        "state_code": null
                    }
                ]
            }
        ]
    ],
    "type": "article"
}