{
    "research_orgs": [
        {
            "id": "grid.39158.36",
            "linkout": [
                "https://www.global.hokudai.ac.jp/"
            ],
            "city_name": "Sapporo",
            "longitude": 141.33997,
            "state_name": "Hokkaid\u00f4",
            "latitude": 43.07818,
            "name": "Hokkaido University",
            "types": [
                "Education"
            ],
            "country_name": "Japan"
        }
    ],
    "research_org_country_names": [
        "Japan"
    ],
    "pmid": "19017631",
    "funders": [
        {
            "id": "grid.452903.9",
            "linkout": [
                "http://www.mext.go.jp/english/"
            ],
            "city_name": "Tokyo",
            "longitude": 139.763,
            "acronym": "MEXT",
            "latitude": 35.68,
            "name": "Ministry of Education, Culture, Sports, Science and Technology",
            "types": [
                "Government"
            ],
            "country_name": "Japan"
        },
        {
            "id": "grid.453762.1",
            "linkout": [
                "http://www.mitsubishi-zaidan.jp/en/"
            ],
            "city_name": "Tokyo",
            "longitude": 139.76251,
            "latitude": 35.681095,
            "name": "Mitsubishi Foundation",
            "types": [
                "Nonprofit"
            ],
            "country_name": "Japan"
        },
        {
            "id": "grid.467457.3",
            "linkout": [
                "http://www.mochida.co.jp/english/"
            ],
            "city_name": "Tokyo",
            "longitude": 139.72887,
            "latitude": 35.68684,
            "name": "Mochida Pharmaceutical (Japan)",
            "types": [
                "Company"
            ],
            "country_name": "Japan"
        }
    ],
    "title": "Riplet/RNF135, a RING Finger Protein, Ubiquitinates RIG-I to Promote Interferon-\u03b2 Induction during the Early Phase of Viral Infection",
    "type": "article",
    "year": 2009,
    "journal": {
        "id": "jour.1077138",
        "title": "Journal of Biological Chemistry"
    },
    "researchers": [
        {
            "id": "ur.0705774546.34",
            "research_orgs": [
                "grid.419082.6",
                "grid.416963.f",
                "grid.274841.c",
                "grid.39158.36"
            ],
            "first_name": "Hiroyuki",
            "last_name": "Oshiumi"
        },
        {
            "id": "ur.011111407552.49",
            "research_orgs": [
                "grid.416985.7",
                "grid.419082.6",
                "grid.39158.36",
                "grid.411419.8",
                "grid.416963.f",
                "grid.260493.a"
            ],
            "first_name": "Misako",
            "last_name": "Matsumoto"
        },
        {
            "id": "ur.01326047621.24",
            "research_orgs": [
                "grid.419082.6",
                "grid.177174.3",
                "grid.250903.d",
                "grid.39158.36",
                "grid.419280.6",
                "grid.94365.3d",
                "grid.410781.b"
            ],
            "first_name": "Shigetsugu",
            "last_name": "Hatakeyama",
            "orcid_id": [
                "0000-0002-2150-9979"
            ]
        },
        {
            "id": "ur.01231412502.72",
            "research_orgs": [
                "grid.419082.6",
                "grid.416963.f",
                "grid.260493.a",
                "grid.411419.8",
                "grid.26999.3d",
                "grid.416985.7",
                "grid.258333.c",
                "grid.4367.6",
                "grid.136593.b",
                "grid.39158.36"
            ],
            "first_name": "Tsukasa",
            "last_name": "Seya",
            "orcid_id": [
                "0000-0002-0808-5710"
            ]
        }
    ],
    "FOR": [
        {
            "id": "2581",
            "name": "0601 Biochemistry and Cell Biology"
        }
    ],
    "research_org_countries": [
        {
            "id": "JP",
            "name": "Japan"
        }
    ],
    "date": "2009-01-09",
    "altmetric": 6.0,
    "pages": "807-817",
    "id": "pub.1005980721",
    "volume": "284",
    "issue": "2",
    "research_org_cities": [
        {
            "id": 2128295,
            "name": "Sapporo"
        }
    ],
    "open_access": [
        "Open Access - all",
        "Open Access - publisher",
        "Open Access - published"
    ],
    "author_affiliations": [
        [
            {
                "first_name": "Hiroyuki",
                "last_name": "Oshiumi",
                "initials": "",
                "corresponding": "",
                "orcid": "",
                "current_organization_id": "grid.274841.c",
                "researcher_id": "ur.0705774546.34",
                "affiliations": [
                    {
                        "id": "grid.39158.36",
                        "name": "Hokkaido University",
                        "city": "Sapporo",
                        "city_id": 2128295,
                        "country": "Japan",
                        "country_code": "JP",
                        "state": null,
                        "state_code": null
                    }
                ]
            },
            {
                "first_name": "Misako",
                "last_name": "Matsumoto",
                "initials": "",
                "corresponding": "",
                "orcid": "",
                "current_organization_id": "grid.39158.36",
                "researcher_id": "ur.011111407552.49",
                "affiliations": [
                    {
                        "id": "grid.39158.36",
                        "name": "Hokkaido University",
                        "city": "Sapporo",
                        "city_id": 2128295,
                        "country": "Japan",
                        "country_code": "JP",
                        "state": null,
                        "state_code": null
                    }
                ]
            },
            {
                "first_name": "Shigetsugu",
                "last_name": "Hatakeyama",
                "initials": "",
                "corresponding": "",
                "orcid": "['0000-0002-2150-9979']",
                "current_organization_id": "grid.39158.36",
                "researcher_id": "ur.01326047621.24",
                "affiliations": [
                    {
                        "id": "grid.39158.36",
                        "name": "Hokkaido University",
                        "city": "Sapporo",
                        "city_id": 2128295,
                        "country": "Japan",
                        "country_code": "JP",
                        "state": null,
                        "state_code": null
                    }
                ]
            },
            {
                "first_name": "Tsukasa",
                "last_name": "Seya",
                "initials": "",
                "corresponding": "",
                "orcid": "['0000-0002-0808-5710']",
                "current_organization_id": "grid.39158.36",
                "researcher_id": "ur.01231412502.72",
                "affiliations": [
                    {
                        "id": "grid.39158.36",
                        "name": "Hokkaido University",
                        "city": "Sapporo",
                        "city_id": 2128295,
                        "country": "Japan",
                        "country_code": "JP",
                        "state": null,
                        "state_code": null
                    }
                ]
            }
        ]
    ],
    "doi": "10.1074/jbc.m804259200",
    "times_cited": 198,
    "references": [
        "pub.1024722219",
        "pub.1008621281",
        "pub.1026247150",
        "pub.1016015496",
        "pub.1012209674",
        "pub.1030449845",
        "pub.1004928227",
        "pub.1024553636",
        "pub.1036761517",
        "pub.1024965304",
        "pub.1038657024",
        "pub.1016647901",
        "pub.1024898145",
        "pub.1027930552",
        "pub.1037783115",
        "pub.1032921461",
        "pub.1040191083",
        "pub.1004095792",
        "pub.1027199244",
        "pub.1023018481",
        "pub.1010837420",
        "pub.1009467553",
        "pub.1031134703",
        "pub.1027676196",
        "pub.1015347235",
        "pub.1033703122",
        "pub.1012088583",
        "pub.1001971628",
        "pub.1020542785",
        "pub.1037552866",
        "pub.1007004360",
        "pub.1004268847",
        "pub.1032695282",
        "pub.1031094923"
    ],
    "relative_citation_ratio": 4.12
}