{
    "pmid": "27589216",
    "author_affiliations": [
        [
            {
                "first_name": "Kachaporn",
                "last_name": "Nimdet",
                "initials": "",
                "corresponding": "",
                "orcid": "",
                "current_organization_id": "",
                "researcher_id": "ur.01317555545.03",
                "affiliations": [
                    {
                        "name": "Department of Pediatrics, Suratthani Hospital, Suratthani, Thailand"
                    }
                ]
            },
            {
                "first_name": "Win",
                "last_name": "Techakehakij",
                "initials": "",
                "corresponding": "",
                "orcid": "",
                "current_organization_id": "grid.477497.e",
                "researcher_id": "ur.0617566345.48",
                "affiliations": [
                    {
                        "id": "grid.477497.e",
                        "name": "Lampang Hospital",
                        "city": "Lampang",
                        "city_id": 1152473,
                        "country": "Thailand",
                        "country_code": "TH",
                        "state": null,
                        "state_code": null
                    }
                ]
            }
        ]
    ],
    "altmetric": 1.0,
    "FOR": [
        {
            "id": "3048",
            "name": "1102 Cardiorespiratory Medicine and Haematology"
        },
        {
            "id": "3053",
            "name": "1103 Clinical Sciences"
        }
    ],
    "research_org_countries": [
        {
            "id": "TH",
            "name": "Thailand"
        }
    ],
    "title": "Congestive heart failure in children with pneumonia and respiratory failure",
    "research_org_cities": [
        {
            "id": 1152473,
            "name": "Lampang"
        }
    ],
    "pages": "258-264",
    "issue": "3",
    "doi": "10.1111/ped.13153",
    "times_cited": 2,
    "journal": {
        "id": "jour.1346343",
        "title": "Pediatrics International"
    },
    "year": 2017,
    "research_orgs": [
        {
            "id": "grid.477497.e",
            "name": "Lampang Hospital",
            "linkout": [
                "http://www.lph.go.th/lampang/index.php"
            ],
            "country_name": "Thailand",
            "types": [
                "Healthcare"
            ],
            "latitude": 18.285803,
            "city_name": "Lampang",
            "longitude": 99.506195
        }
    ],
    "id": "pub.1051884413",
    "references": [
        "pub.1030508445",
        "pub.1010708733",
        "pub.1000483174",
        "pub.1013841422",
        "pub.1076636823",
        "pub.1014681678",
        "pub.1011409077",
        "pub.1038885527",
        "pub.1015513127",
        "pub.1018834753",
        "pub.1038244247",
        "pub.1040499148",
        "pub.1042410495",
        "pub.1009918451",
        "pub.1006451273",
        "pub.1050435171",
        "pub.1037058315",
        "pub.1067834287",
        "pub.1019883030",
        "pub.1010598047",
        "pub.1059471476",
        "pub.1073715768",
        "pub.1067834515",
        "pub.1000899389",
        "pub.1021858864",
        "pub.1031844060",
        "pub.1013785813",
        "pub.1016290551",
        "pub.1013301423",
        "pub.1002731199"
    ],
    "research_org_country_names": [
        "Thailand"
    ],
    "date": "2017-03-01",
    "researchers": [
        {
            "id": "ur.01317555545.03",
            "last_name": "Nimdet",
            "first_name": "Kachaporn"
        },
        {
            "id": "ur.0617566345.48",
            "research_orgs": [
                "grid.17635.36",
                "grid.477497.e"
            ],
            "last_name": "Techakehakij",
            "first_name": "Win"
        }
    ],
    "type": "article",
    "volume": "59"
}