{
    "title": "The Foucault Effect",
    "type": "monograph",
    "year": 1991,
    "date": "1991-01-01",
    "altmetric": 18.0,
    "id": "pub.1099541905",
    "author_affiliations": [
        [
            {
                "first_name": "Graham",
                "last_name": "Burchell",
                "initials": "",
                "corresponding": "",
                "orcid": "",
                "current_organization_id": "",
                "researcher_id": "",
                "affiliations": []
            },
            {
                "first_name": "Colin",
                "last_name": "Gordon",
                "initials": "",
                "corresponding": "",
                "orcid": "",
                "current_organization_id": "",
                "researcher_id": "",
                "affiliations": []
            },
            {
                "first_name": "Peter",
                "last_name": "Miller",
                "initials": "",
                "corresponding": "",
                "orcid": "",
                "current_organization_id": "",
                "researcher_id": "",
                "affiliations": []
            }
        ]
    ],
    "doi": "10.7208/chicago/9780226028811.001.0001",
    "times_cited": 1127
}