{
    "pmid": "14748986",
    "title": "[Pay attention to severe acute respiratory syndrome].",
    "type": "article",
    "year": 2003,
    "journal": {
        "id": "jour.1019629",
        "title": "Chinese journal of pediatrics"
    },
    "date": "2003-06-01",
    "pages": "401-2",
    "id": "pub.1076631374",
    "volume": "41",
    "issue": "6",
    "author_affiliations": [
        [
            {
                "first_name": "Yong-hong",
                "last_name": "Yang",
                "initials": "",
                "corresponding": "",
                "orcid": "",
                "current_organization_id": "",
                "researcher_id": "",
                "affiliations": []
            }
        ]
    ],
    "times_cited": 2,
    "relative_citation_ratio": 0.08
}