{
    "research_orgs": [
        {
            "id": "grid.5386.8",
            "linkout": [
                "http://www.cornell.edu/"
            ],
            "city_name": "Ithaca",
            "longitude": -76.47862,
            "acronym": "CU",
            "state_name": "New York",
            "latitude": 42.44851,
            "name": "Cornell University",
            "types": [
                "Education"
            ],
            "country_name": "United States"
        },
        {
            "id": "grid.254444.7",
            "linkout": [
                "https://wayne.edu/"
            ],
            "city_name": "Detroit",
            "longitude": -83.06657,
            "acronym": "WSU",
            "state_name": "Michigan",
            "latitude": 42.35936,
            "name": "Wayne State University",
            "types": [
                "Education"
            ],
            "country_name": "United States"
        }
    ],
    "research_org_country_names": [
        "United States"
    ],
    "title": "Black\u2013White Earnings Gap among Restaurant Servers: A Replication, Extension, and Exploration of Consumer Racial Discrimination in Tipping",
    "type": "article",
    "year": 2014,
    "journal": {
        "id": "jour.1121113",
        "title": "Sociological Inquiry"
    },
    "researchers": [
        {
            "id": "ur.01024245031.54",
            "research_orgs": [
                "grid.40803.3f",
                "grid.254444.7"
            ],
            "first_name": "Zachary W",
            "last_name": "Brewster"
        },
        {
            "id": "ur.016572465740.69",
            "research_orgs": [
                "grid.5386.8"
            ],
            "first_name": "Michael",
            "last_name": "Lynn"
        }
    ],
    "FOR": [
        {
            "id": "3448",
            "name": "1608 Sociology"
        }
    ],
    "research_org_countries": [
        {
            "id": "US",
            "name": "United States"
        }
    ],
    "date": "2014-07-01",
    "altmetric": 119.0,
    "pages": "545-569",
    "research_org_state_names": [
        "Michigan",
        "New York"
    ],
    "id": "pub.1001635807",
    "research_org_state_codes": [
        {
            "id": "US-NY",
            "name": "New York"
        },
        {
            "id": "US-MI",
            "name": "Michigan"
        }
    ],
    "volume": "84",
    "issue": "4",
    "research_org_cities": [
        {
            "id": 5122432,
            "name": "Ithaca"
        },
        {
            "id": 4990729,
            "name": "Detroit"
        }
    ],
    "author_affiliations": [
        [
            {
                "first_name": "Zachary W.",
                "last_name": "Brewster",
                "initials": "",
                "corresponding": "",
                "orcid": "",
                "current_organization_id": "grid.254444.7",
                "researcher_id": "ur.01024245031.54",
                "affiliations": [
                    {
                        "id": "grid.254444.7",
                        "name": "Wayne State University",
                        "city": "Detroit",
                        "city_id": 4990729,
                        "country": "United States",
                        "country_code": "US",
                        "state": "Michigan",
                        "state_code": "US-MI"
                    }
                ]
            },
            {
                "first_name": "Michael",
                "last_name": "Lynn",
                "initials": "",
                "corresponding": "",
                "orcid": "",
                "current_organization_id": "grid.5386.8",
                "researcher_id": "ur.016572465740.69",
                "affiliations": [
                    {
                        "id": "grid.5386.8",
                        "name": "Cornell University",
                        "city": "Ithaca",
                        "city_id": 5122432,
                        "country": "United States",
                        "country_code": "US",
                        "state": "New York",
                        "state_code": "US-NY"
                    }
                ]
            }
        ]
    ],
    "doi": "10.1111/soin.12056",
    "times_cited": 11,
    "references": [
        "pub.1006432464",
        "pub.1102372187",
        "pub.1047781139",
        "pub.1044428042",
        "pub.1012347892",
        "pub.1013565028",
        "pub.1003044099",
        "pub.1070816054",
        "pub.1035460399",
        "pub.1070139605",
        "pub.1070193532",
        "pub.1067636964",
        "pub.1022557753",
        "pub.1002073442",
        "pub.1051356756",
        "pub.1011105164",
        "pub.1070820779",
        "pub.1042198093",
        "pub.1037504970",
        "pub.1024529727",
        "pub.1058528950",
        "pub.1047248344",
        "pub.1032725907",
        "pub.1046577663",
        "pub.1011879954",
        "pub.1013114751",
        "pub.1019413449",
        "pub.1045731924",
        "pub.1021312254",
        "pub.1038767157",
        "pub.1083989932",
        "pub.1069766099",
        "pub.1027652739",
        "pub.1063349104",
        "pub.1063923351",
        "pub.1072895836",
        "pub.1023198573",
        "pub.1050178689",
        "pub.1023391544",
        "pub.1099515707",
        "pub.1053852010",
        "pub.1016576751",
        "pub.1045088831",
        "pub.1044907037",
        "pub.1020457349",
        "pub.1009265795",
        "pub.1015120499",
        "pub.1064529913"
    ]
}