{
    "pmid": "25601801",
    "author_affiliations": [
        [
            {
                "first_name": "Dane",
                "last_name": "Goede",
                "initials": "",
                "corresponding": "",
                "orcid": "",
                "current_organization_id": "grid.17635.36",
                "researcher_id": "ur.01133244274.77",
                "affiliations": [
                    {
                        "id": "grid.17635.36",
                        "name": "University of Minnesota",
                        "city": "Minneapolis",
                        "city_id": 5037649,
                        "country": "United States",
                        "country_code": "US",
                        "state": "Minnesota",
                        "state_code": "US-MN"
                    }
                ]
            },
            {
                "first_name": "Michael P.",
                "last_name": "Murtaugh",
                "initials": "",
                "corresponding": "",
                "orcid": "['0000-0002-1538-7151']",
                "current_organization_id": "grid.17635.36",
                "researcher_id": "ur.012320047420.13",
                "affiliations": [
                    {
                        "id": "grid.17635.36",
                        "name": "University of Minnesota",
                        "city": "Minneapolis",
                        "city_id": 5037649,
                        "country": "United States",
                        "country_code": "US",
                        "state": "Minnesota",
                        "state_code": "US-MN"
                    }
                ]
            },
            {
                "first_name": "Joel",
                "last_name": "Nerem",
                "initials": "",
                "corresponding": "",
                "orcid": "",
                "current_organization_id": "",
                "researcher_id": "ur.01323671617.22",
                "affiliations": [
                    {
                        "name": "Pipestone Veterinary Clinic, Pipestone, MN, United States"
                    }
                ]
            },
            {
                "first_name": "Paul",
                "last_name": "Yeske",
                "initials": "",
                "corresponding": "",
                "orcid": "",
                "current_organization_id": "",
                "researcher_id": "ur.0753036720.64",
                "affiliations": [
                    {
                        "name": "Swine Vet Center, St. Peter, MN, United States"
                    }
                ]
            },
            {
                "first_name": "Kurt",
                "last_name": "Rossow",
                "initials": "",
                "corresponding": "",
                "orcid": "",
                "current_organization_id": "grid.17635.36",
                "researcher_id": "ur.0754644176.19",
                "affiliations": [
                    {
                        "id": "grid.17635.36",
                        "name": "University of Minnesota",
                        "city": "Minneapolis",
                        "city_id": 5037649,
                        "country": "United States",
                        "country_code": "US",
                        "state": "Minnesota",
                        "state_code": "US-MN"
                    }
                ]
            },
            {
                "first_name": "Robert",
                "last_name": "Morrison",
                "initials": "",
                "corresponding": true,
                "orcid": "",
                "current_organization_id": "grid.17635.36",
                "researcher_id": "ur.0640315174.43",
                "affiliations": [
                    {
                        "id": "grid.17635.36",
                        "name": "University of Minnesota",
                        "city": "Minneapolis",
                        "city_id": 5037649,
                        "country": "United States",
                        "country_code": "US",
                        "state": "Minnesota",
                        "state_code": "US-MN"
                    }
                ]
            }
        ]
    ],
    "altmetric": 2.0,
    "FOR": [
        {
            "id": "3103",
            "name": "1107 Immunology"
        }
    ],
    "research_org_countries": [
        {
            "id": "US",
            "name": "United States"
        }
    ],
    "title": "Previous infection of sows with a \u201cmild\u201d strain of porcine epidemic diarrhea virus confers protection against infection with a \u201csevere\u201d strain",
    "research_org_cities": [
        {
            "id": 5041752,
            "name": "Pipestone"
        },
        {
            "id": 5037649,
            "name": "Minneapolis"
        },
        {
            "id": 4121297,
            "name": "Mena"
        }
    ],
    "pages": "161-164",
    "issue": "1-2",
    "research_org_state_names": [
        "Arkansas",
        "Minnesota"
    ],
    "doi": "10.1016/j.vetmic.2014.12.019",
    "times_cited": 48,
    "journal": {
        "id": "jour.1086616",
        "title": "Veterinary Microbiology"
    },
    "research_orgs": [
        {
            "id": "grid.17635.36",
            "name": "University of Minnesota",
            "linkout": [
                "http://twin-cities.umn.edu/"
            ],
            "country_name": "United States",
            "types": [
                "Education"
            ],
            "latitude": 44.974194,
            "state_name": "Minnesota",
            "city_name": "Minneapolis",
            "longitude": -93.22776
        }
    ],
    "year": 2015,
    "references": [
        "pub.1049809403",
        "pub.1011638925",
        "pub.1014376085",
        "pub.1083269087",
        "pub.1019723083",
        "pub.1038219507",
        "pub.1006380292",
        "pub.1019755504",
        "pub.1033304518",
        "pub.1021463007",
        "pub.1046980309",
        "pub.1037268811",
        "pub.1041784788"
    ],
    "id": "pub.1038094812",
    "research_org_country_names": [
        "United States"
    ],
    "date": "2015-03-01",
    "research_org_state_codes": [
        {
            "id": "US-MN",
            "name": "Minnesota"
        },
        {
            "id": "US-AR",
            "name": "Arkansas"
        }
    ],
    "researchers": [
        {
            "id": "ur.01133244274.77",
            "research_orgs": [
                "grid.249967.7",
                "grid.17635.36",
                "grid.31501.36",
                "grid.419645.b",
                "grid.444964.f",
                "grid.410720.0"
            ],
            "last_name": "Goede",
            "first_name": "Dane P"
        },
        {
            "id": "ur.012320047420.13",
            "research_orgs": [
                "grid.261331.4",
                "grid.17635.36",
                "grid.40803.3f",
                "grid.35403.31",
                "grid.437349.e"
            ],
            "last_name": "Murtaugh",
            "first_name": "Michael Paul",
            "orcid_id": [
                "0000-0002-1538-7151"
            ]
        },
        {
            "id": "ur.01323671617.22",
            "last_name": "Nerem",
            "first_name": "Joel"
        },
        {
            "id": "ur.0753036720.64",
            "research_orgs": [
                "grid.34421.30",
                "grid.35403.31"
            ],
            "last_name": "Yeske",
            "first_name": "Paul E"
        },
        {
            "id": "ur.0754644176.19",
            "research_orgs": [
                "grid.17635.36",
                "grid.263791.8",
                "grid.453035.4",
                "grid.261331.4",
                "grid.5596.f"
            ],
            "last_name": "Rossow",
            "first_name": "Kurt D"
        },
        {
            "id": "ur.0640315174.43",
            "research_orgs": [
                "grid.4795.f",
                "grid.17635.36",
                "grid.34421.30",
                "grid.418412.a",
                "grid.261331.4"
            ],
            "last_name": "Morrison",
            "first_name": "Robert B"
        }
    ],
    "relative_citation_ratio": 4.49,
    "type": "article",
    "volume": "176"
}