{
    "research_orgs": [
        {
            "id": "grid.416738.f",
            "linkout": [
                "http://www.cdc.gov/"
            ],
            "city_name": "Atlanta",
            "longitude": -84.3256,
            "acronym": "CDC",
            "state_name": "Georgia",
            "latitude": 33.798817,
            "name": "Centers for Disease Control and Prevention",
            "types": [
                "Government"
            ],
            "country_name": "United States"
        },
        {
            "id": "grid.2515.3",
            "linkout": [
                "http://www.childrenshospital.org/"
            ],
            "city_name": "Boston",
            "longitude": -71.10551,
            "state_name": "Massachusetts",
            "latitude": 42.33754,
            "name": "Boston Children's Hospital",
            "types": [
                "Healthcare"
            ],
            "country_name": "United States"
        },
        {
            "id": "grid.21613.37",
            "linkout": [
                "http://umanitoba.ca/"
            ],
            "city_name": "Winnipeg",
            "longitude": -97.13834,
            "state_name": "Manitoba",
            "latitude": 49.806892,
            "name": "University of Manitoba",
            "types": [
                "Education"
            ],
            "country_name": "Canada"
        },
        {
            "id": "grid.68312.3e",
            "linkout": [
                "http://www.ryerson.ca/index.html"
            ],
            "city_name": "Toronto",
            "longitude": -79.38018,
            "state_name": "Ontario",
            "latitude": 43.657738,
            "name": "Ryerson University",
            "types": [
                "Education"
            ],
            "country_name": "Canada"
        },
        {
            "id": "grid.17063.33",
            "linkout": [
                "http://www.utoronto.ca/"
            ],
            "city_name": "Toronto",
            "longitude": -79.395,
            "state_name": "Ontario",
            "latitude": 43.661667,
            "name": "University of Toronto",
            "types": [
                "Education"
            ],
            "country_name": "Canada"
        },
        {
            "id": "grid.415502.7",
            "linkout": [
                "http://www.stmichaelshospital.com/"
            ],
            "city_name": "Toronto",
            "longitude": -79.3775,
            "state_name": "Ontario",
            "latitude": 43.6532,
            "name": "St. Michael's Hospital",
            "types": [
                "Healthcare"
            ],
            "country_name": "Canada"
        }
    ],
    "research_org_country_names": [
        "Canada",
        "United States"
    ],
    "pmid": "23678200",
    "funders": [
        {
            "id": "grid.248883.d",
            "linkout": [
                "http://www.cihr-irsc.gc.ca/e/193.html"
            ],
            "city_name": "Ottawa",
            "longitude": -75.745224,
            "acronym": "CIHR",
            "state_name": "Ontario",
            "latitude": 45.381893,
            "name": "Canadian Institutes of Health Research",
            "types": [
                "Government"
            ],
            "country_name": "Canada"
        }
    ],
    "title": "Entry and exit screening of airline travellers during the A(H1N1) 2009 pandemic: a retrospective evaluation.",
    "type": "article",
    "year": 2013,
    "journal": {
        "id": "jour.1083504",
        "title": "Bulletin of the World Health Organization"
    },
    "researchers": [
        {
            "id": "ur.0667617574.23",
            "research_orgs": [
                "grid.415502.7",
                "grid.5386.8",
                "grid.17063.33",
                "grid.21729.3f",
                "grid.231844.8",
                "grid.415254.3",
                "grid.21100.32",
                "grid.3575.4"
            ],
            "first_name": "Kamran M",
            "last_name": "Khan"
        },
        {
            "id": "ur.01165662523.16",
            "research_orgs": [
                "grid.415400.4",
                "grid.415502.7",
                "grid.17063.33",
                "grid.14709.3b"
            ],
            "first_name": "Rose",
            "last_name": "Eckhardt"
        },
        {
            "id": "ur.010347117257.64",
            "research_orgs": [
                "grid.416738.f",
                "grid.38142.3c",
                "grid.47100.32",
                "grid.4367.6",
                "grid.419734.c",
                "grid.452687.a",
                "grid.471930.8",
                "grid.260975.f",
                "grid.17063.33",
                "grid.438526.e",
                "grid.231844.8",
                "grid.116068.8",
                "grid.14709.3b",
                "grid.503422.2",
                "grid.415368.d",
                "grid.223827.e",
                "grid.413735.7",
                "grid.238477.d",
                "grid.2515.3",
                "grid.12527.33",
                "grid.189967.8",
                "grid.3575.4",
                "grid.189504.1"
            ],
            "first_name": "John Samuel",
            "last_name": "Brownstein"
        },
        {
            "id": "ur.01220337054.55",
            "research_orgs": [
                "grid.17063.33"
            ],
            "first_name": "Raza",
            "last_name": "Naqvi"
        },
        {
            "id": "ur.01233775723.22",
            "research_orgs": [
                "grid.415502.7"
            ],
            "first_name": "Wei",
            "last_name": "Hu"
        },
        {
            "id": "ur.01166407774.14",
            "research_orgs": [
                "grid.415502.7"
            ],
            "first_name": "David",
            "last_name": "Kossowsky"
        },
        {
            "id": "ur.01363523210.13",
            "research_orgs": [
                "grid.239475.e",
                "grid.2515.3",
                "grid.38142.3c"
            ],
            "first_name": "David A",
            "last_name": "Scales"
        },
        {
            "id": "ur.01204065405.05",
            "research_orgs": [
                "grid.418618.2",
                "grid.143640.4",
                "grid.25073.33",
                "grid.21100.32",
                "grid.21613.37"
            ],
            "first_name": "Julien",
            "last_name": "Arino",
            "orcid_id": [
                "0000-0001-6409-5027"
            ]
        },
        {
            "id": "ur.0637141334.94",
            "research_orgs": [
                "grid.68312.3e"
            ],
            "first_name": "Michael",
            "last_name": "Macdonald"
        },
        {
            "id": "ur.0702766133.56",
            "research_orgs": [
                "grid.415502.7",
                "grid.17063.33",
                "grid.231844.8"
            ],
            "first_name": "Jun",
            "last_name": "Wang"
        },
        {
            "id": "ur.01350224323.66",
            "research_orgs": [
                "grid.415502.7",
                "grid.21100.32"
            ],
            "first_name": "Jennifer",
            "last_name": "Sears"
        },
        {
            "id": "ur.01001427504.56",
            "research_orgs": [
                "grid.419261.9",
                "grid.176731.5",
                "grid.34477.33",
                "grid.189967.8",
                "grid.416738.f",
                "grid.470962.e",
                "grid.17635.36",
                "grid.467923.d",
                "grid.27755.32",
                "grid.239395.7",
                "grid.239424.a"
            ],
            "first_name": "Martin S",
            "last_name": "Cetron"
        }
    ],
    "FOR": [
        {
            "id": "3177",
            "name": "1117 Public Health and Health Services"
        }
    ],
    "research_org_countries": [
        {
            "id": "CA",
            "name": "Canada"
        },
        {
            "id": "US",
            "name": "United States"
        }
    ],
    "date": "2013-05-01",
    "altmetric": 75.0,
    "pages": "368-76",
    "research_org_state_names": [
        "Manitoba",
        "Massachusetts",
        "Ontario",
        "Georgia"
    ],
    "id": "pub.1070838143",
    "research_org_state_codes": [
        {
            "id": "US-MA",
            "name": "Massachusetts"
        },
        {
            "id": "CA-ON",
            "name": "Ontario"
        },
        {
            "id": "US-GA",
            "name": "Georgia"
        },
        {
            "id": "CA-MB",
            "name": "Manitoba"
        }
    ],
    "volume": "91",
    "issue": "5",
    "research_org_cities": [
        {
            "id": 6167865,
            "name": "Toronto"
        },
        {
            "id": 6183235,
            "name": "Winnipeg"
        },
        {
            "id": 4930956,
            "name": "Boston"
        },
        {
            "id": 4180439,
            "name": "Atlanta"
        }
    ],
    "open_access": [
        "Open Access - all",
        "Open Access - publisher",
        "Open Access - published"
    ],
    "author_affiliations": [
        [
            {
                "first_name": "Kamran",
                "last_name": "Khan",
                "initials": "",
                "corresponding": "",
                "orcid": "",
                "current_organization_id": "grid.17063.33",
                "researcher_id": "ur.0667617574.23",
                "affiliations": [
                    {
                        "id": "grid.415502.7",
                        "name": "St. Michael's Hospital",
                        "city": "Toronto",
                        "city_id": 6167865,
                        "country": "Canada",
                        "country_code": "CA",
                        "state": "Ontario",
                        "state_code": "CA-ON"
                    }
                ]
            },
            {
                "first_name": "Rose",
                "last_name": "Eckhardt",
                "initials": "",
                "corresponding": "",
                "orcid": "",
                "current_organization_id": "grid.14709.3b",
                "researcher_id": "ur.01165662523.16",
                "affiliations": [
                    {
                        "id": "grid.415502.7",
                        "name": "St. Michael's Hospital",
                        "city": "Toronto",
                        "city_id": 6167865,
                        "country": "Canada",
                        "country_code": "CA",
                        "state": "Ontario",
                        "state_code": "CA-ON"
                    }
                ]
            },
            {
                "first_name": "John S",
                "last_name": "Brownstein",
                "initials": "",
                "corresponding": "",
                "orcid": "",
                "current_organization_id": "grid.2515.3",
                "researcher_id": "ur.010347117257.64",
                "affiliations": [
                    {
                        "name": "Children's Hospital Informatics Program, Boston Children's Hospital, Harvard Medical School, Boston, United States of America (USA)."
                    }
                ]
            },
            {
                "first_name": "Raza",
                "last_name": "Naqvi",
                "initials": "",
                "corresponding": "",
                "orcid": "",
                "current_organization_id": "",
                "researcher_id": "ur.01220337054.55",
                "affiliations": [
                    {
                        "id": "grid.17063.33",
                        "name": "University of Toronto",
                        "city": "Toronto",
                        "city_id": 6167865,
                        "country": "Canada",
                        "country_code": "CA",
                        "state": "Ontario",
                        "state_code": "CA-ON"
                    }
                ]
            },
            {
                "first_name": "Wei",
                "last_name": "Hu",
                "initials": "",
                "corresponding": "",
                "orcid": "",
                "current_organization_id": "grid.415502.7",
                "researcher_id": "ur.01233775723.22",
                "affiliations": [
                    {
                        "id": "grid.415502.7",
                        "name": "St. Michael's Hospital",
                        "city": "Toronto",
                        "city_id": 6167865,
                        "country": "Canada",
                        "country_code": "CA",
                        "state": "Ontario",
                        "state_code": "CA-ON"
                    }
                ]
            },
            {
                "first_name": "David",
                "last_name": "Kossowsky",
                "initials": "",
                "corresponding": "",
                "orcid": "",
                "current_organization_id": "grid.415502.7",
                "researcher_id": "ur.01166407774.14",
                "affiliations": [
                    {
                        "id": "grid.415502.7",
                        "name": "St. Michael's Hospital",
                        "city": "Toronto",
                        "city_id": 6167865,
                        "country": "Canada",
                        "country_code": "CA",
                        "state": "Ontario",
                        "state_code": "CA-ON"
                    }
                ]
            },
            {
                "first_name": "David",
                "last_name": "Scales",
                "initials": "",
                "corresponding": "",
                "orcid": "",
                "current_organization_id": "grid.2515.3",
                "researcher_id": "ur.01363523210.13",
                "affiliations": [
                    {
                        "id": "grid.2515.3",
                        "name": "Boston Children's Hospital",
                        "city": "Boston",
                        "city_id": 4930956,
                        "country": "United States",
                        "country_code": "US",
                        "state": "Massachusetts",
                        "state_code": "US-MA"
                    }
                ]
            },
            {
                "first_name": "Julien",
                "last_name": "Arino",
                "initials": "",
                "corresponding": "",
                "orcid": "['0000-0001-6409-5027']",
                "current_organization_id": "grid.21613.37",
                "researcher_id": "ur.01204065405.05",
                "affiliations": [
                    {
                        "id": "grid.21613.37",
                        "name": "University of Manitoba",
                        "city": "Winnipeg",
                        "city_id": 6183235,
                        "country": "Canada",
                        "country_code": "CA",
                        "state": "Manitoba",
                        "state_code": "CA-MB"
                    }
                ]
            },
            {
                "first_name": "Michael",
                "last_name": "MacDonald",
                "initials": "",
                "corresponding": "",
                "orcid": "",
                "current_organization_id": "grid.68312.3e",
                "researcher_id": "ur.0637141334.94",
                "affiliations": [
                    {
                        "id": "grid.68312.3e",
                        "name": "Ryerson University",
                        "city": "Toronto",
                        "city_id": 6167865,
                        "country": "Canada",
                        "country_code": "CA",
                        "state": "Ontario",
                        "state_code": "CA-ON"
                    }
                ]
            },
            {
                "first_name": "Jun",
                "last_name": "Wang",
                "initials": "",
                "corresponding": "",
                "orcid": "",
                "current_organization_id": "grid.415502.7",
                "researcher_id": "ur.0702766133.56",
                "affiliations": [
                    {
                        "id": "grid.415502.7",
                        "name": "St. Michael's Hospital",
                        "city": "Toronto",
                        "city_id": 6167865,
                        "country": "Canada",
                        "country_code": "CA",
                        "state": "Ontario",
                        "state_code": "CA-ON"
                    }
                ]
            },
            {
                "first_name": "Jennifer",
                "last_name": "Sears",
                "initials": "",
                "corresponding": "",
                "orcid": "",
                "current_organization_id": "grid.415502.7",
                "researcher_id": "ur.01350224323.66",
                "affiliations": [
                    {
                        "id": "grid.415502.7",
                        "name": "St. Michael's Hospital",
                        "city": "Toronto",
                        "city_id": 6167865,
                        "country": "Canada",
                        "country_code": "CA",
                        "state": "Ontario",
                        "state_code": "CA-ON"
                    }
                ]
            },
            {
                "first_name": "Martin S",
                "last_name": "Cetron",
                "initials": "",
                "corresponding": "",
                "orcid": "",
                "current_organization_id": "grid.416738.f",
                "researcher_id": "ur.01001427504.56",
                "affiliations": [
                    {
                        "id": "grid.416738.f",
                        "name": "Centers for Disease Control and Prevention",
                        "city": "Atlanta",
                        "city_id": 4180439,
                        "country": "United States",
                        "country_code": "US",
                        "state": "Georgia",
                        "state_code": "US-GA"
                    }
                ]
            }
        ]
    ],
    "pmcid": "PMC3646347",
    "doi": "10.2471/blt.12.114777",
    "times_cited": 23,
    "references": [
        "pub.1047079625",
        "pub.1019170612",
        "pub.1044003693",
        "pub.1003601396",
        "pub.1002053963",
        "pub.1013905993",
        "pub.1004855651",
        "pub.1074787771",
        "pub.1022578410",
        "pub.1041323515",
        "pub.1051165005",
        "pub.1015443089",
        "pub.1028142582",
        "pub.1053327610",
        "pub.1068844460",
        "pub.1021802869",
        "pub.1009142007",
        "pub.1077849683",
        "pub.1071123021",
        "pub.1017863249",
        "pub.1051772342",
        "pub.1024622397",
        "pub.1035997600",
        "pub.1018083049",
        "pub.1012380267",
        "pub.1077196342",
        "pub.1012727756"
    ],
    "relative_citation_ratio": 0.97
}