{
    "author_affiliations": [
        [
            {
                "first_name": "Stefan",
                "last_name": "Poslad",
                "initials": "",
                "corresponding": "",
                "orcid": "['0000-0002-3156-9609']",
                "current_organization_id": "grid.4868.2",
                "researcher_id": "ur.010713315040.43",
                "affiliations": [
                    {
                        "id": "grid.4868.2",
                        "name": "Queen Mary University of London",
                        "city": "London",
                        "city_id": 2643743,
                        "country": "United Kingdom",
                        "country_code": "GB",
                        "state": null,
                        "state_code": null
                    }
                ]
            },
            {
                "first_name": "Stuart E.",
                "last_name": "Middleton",
                "initials": "",
                "corresponding": "",
                "orcid": "['0000-0001-8305-8176']",
                "current_organization_id": "grid.5491.9",
                "researcher_id": "ur.013506037367.07",
                "affiliations": [
                    {
                        "id": "grid.5491.9",
                        "name": "University of Southampton",
                        "city": "Southampton",
                        "city_id": 2637487,
                        "country": "United Kingdom",
                        "country_code": "GB",
                        "state": null,
                        "state_code": null
                    }
                ]
            },
            {
                "first_name": "Fernando",
                "last_name": "Chaves",
                "initials": "",
                "corresponding": "",
                "orcid": "",
                "current_organization_id": "grid.466706.5",
                "researcher_id": "ur.010412361335.15",
                "affiliations": [
                    {
                        "name": "Inf. &amp; Knowledge Manage. Syst., Fraunhofer Inst. of Optronics, Syst. Technol. &amp; Image Exploitation, Karlsruhe, Germany"
                    }
                ]
            },
            {
                "first_name": "Ran",
                "last_name": "Tao",
                "initials": "",
                "corresponding": "",
                "orcid": "",
                "current_organization_id": "grid.4868.2",
                "researcher_id": "ur.010242702667.74",
                "affiliations": [
                    {
                        "id": "grid.4868.2",
                        "name": "Queen Mary University of London",
                        "city": "London",
                        "city_id": 2643743,
                        "country": "United Kingdom",
                        "country_code": "GB",
                        "state": null,
                        "state_code": null
                    }
                ]
            },
            {
                "first_name": "Ocal",
                "last_name": "Necmioglu",
                "initials": "",
                "corresponding": "",
                "orcid": "['0000-0002-7211-8564']",
                "current_organization_id": "grid.11220.30",
                "researcher_id": "ur.010747116445.66",
                "affiliations": [
                    {
                        "id": "grid.11220.30",
                        "name": "Bo\u011fazi\u00e7i University",
                        "city": "Istanbul",
                        "city_id": 745044,
                        "country": "Turkey",
                        "country_code": "TR",
                        "state": null,
                        "state_code": null
                    }
                ]
            },
            {
                "first_name": "Ulrich",
                "last_name": "Bugel",
                "initials": "",
                "corresponding": "",
                "orcid": "",
                "current_organization_id": "grid.466706.5",
                "researcher_id": "ur.07663114135.34",
                "affiliations": [
                    {
                        "name": "Inf. &amp; Knowledge Manage. Syst., Fraunhofer Inst. of Optronics, Syst. Technol. &amp; Image Exploitation, Karlsruhe, Germany"
                    }
                ]
            }
        ]
    ],
    "altmetric": 4.0,
    "FOR": [
        {
            "id": "2790",
            "name": "0806 Information Systems"
        },
        {
            "id": "2746",
            "name": "0801 Artificial Intelligence and Image Processing"
        }
    ],
    "research_org_countries": [
        {
            "id": "GB",
            "name": "United Kingdom"
        },
        {
            "id": "DE",
            "name": "Germany"
        },
        {
            "id": "TR",
            "name": "Turkey"
        }
    ],
    "title": "A Semantic IoT Early Warning System for Natural Environment Crisis Management",
    "research_org_cities": [
        {
            "id": 2637487,
            "name": "Southampton"
        },
        {
            "id": 2892794,
            "name": "Karlsruhe"
        },
        {
            "id": 745044,
            "name": "Istanbul"
        },
        {
            "id": 2643743,
            "name": "London"
        }
    ],
    "pages": "246-257",
    "issue": "2",
    "open_access": [
        "Open Access - all",
        "Open Access - publisher",
        "Open Access - published"
    ],
    "doi": "10.1109/tetc.2015.2432742",
    "times_cited": 36,
    "funders": [
        {
            "id": "grid.270680.b",
            "name": "European Commission",
            "linkout": [
                "http://ec.europa.eu/index_en.htm"
            ],
            "country_name": "Belgium",
            "types": [
                "Government"
            ],
            "latitude": 50.85165,
            "acronym": "EC",
            "city_name": "Brussels",
            "longitude": 4.36367
        },
        {
            "id": "grid.211011.2",
            "name": "Helmholtz Association of German Research Centres",
            "linkout": [
                "http://www.helmholtz.de/en/"
            ],
            "country_name": "Germany",
            "types": [
                "Government"
            ],
            "latitude": 52.52084,
            "city_name": "Berlin",
            "longitude": 13.401989
        }
    ],
    "journal": {
        "id": "jour.1050183",
        "title": "IEEE Transactions on Emerging Topics in Computing"
    },
    "research_orgs": [
        {
            "id": "grid.5491.9",
            "name": "University of Southampton",
            "linkout": [
                "http://www.southampton.ac.uk/"
            ],
            "country_name": "United Kingdom",
            "types": [
                "Education"
            ],
            "latitude": 50.93463,
            "city_name": "Southampton",
            "longitude": -1.39595
        },
        {
            "id": "grid.11220.30",
            "name": "Bo\u011fazi\u00e7i University",
            "linkout": [
                "http://www.boun.edu.tr/en_US"
            ],
            "country_name": "Turkey",
            "types": [
                "Education"
            ],
            "latitude": 41.083557,
            "state_name": "\u0130stanbul",
            "city_name": "Istanbul",
            "longitude": 29.050598
        },
        {
            "id": "grid.4868.2",
            "name": "Queen Mary University of London",
            "linkout": [
                "http://www.qmul.ac.uk/"
            ],
            "country_name": "United Kingdom",
            "types": [
                "Education"
            ],
            "latitude": 51.52428,
            "acronym": "QMUL",
            "city_name": "London",
            "longitude": -0.040395
        }
    ],
    "year": 2015,
    "references": [
        "pub.1010804174",
        "pub.1020104209",
        "pub.1061406413",
        "pub.1044722932",
        "pub.1013557100",
        "pub.1061395583",
        "pub.1044448869",
        "pub.1043119818",
        "pub.1020420712",
        "pub.1094611367",
        "pub.1050073379",
        "pub.1002377616",
        "pub.1033832590",
        "pub.1098662193",
        "pub.1027722565",
        "pub.1033292604",
        "pub.1023077010",
        "pub.1008690958",
        "pub.1004730837",
        "pub.1007706798",
        "pub.1007232312",
        "pub.1028864872",
        "pub.1043673773",
        "pub.1044177992"
    ],
    "id": "pub.1061604393",
    "research_org_country_names": [
        "United Kingdom",
        "Germany",
        "Turkey"
    ],
    "date": "2015-06-01",
    "researchers": [
        {
            "id": "ur.010713315040.43",
            "research_orgs": [
                "grid.4464.2",
                "grid.4868.2",
                "grid.83440.3b",
                "grid.7445.2"
            ],
            "last_name": "Poslad",
            "first_name": "Stefan",
            "orcid_id": [
                "0000-0002-3156-9609"
            ]
        },
        {
            "id": "ur.013506037367.07",
            "research_orgs": [
                "grid.5491.9"
            ],
            "last_name": "Middleton",
            "first_name": "Stuart Edward",
            "orcid_id": [
                "0000-0001-8305-8176"
            ]
        },
        {
            "id": "ur.010412361335.15",
            "research_orgs": [
                "grid.466706.5"
            ],
            "last_name": "Chaves",
            "first_name": "Fernando"
        },
        {
            "id": "ur.010242702667.74",
            "research_orgs": [
                "grid.4464.2",
                "grid.4868.2"
            ],
            "last_name": "Tao",
            "first_name": "Ran"
        },
        {
            "id": "ur.010747116445.66",
            "research_orgs": [
                "grid.11220.30",
                "grid.470089.2"
            ],
            "last_name": "Necmioglu",
            "first_name": "Ocal",
            "orcid_id": [
                "0000-0002-7211-8564"
            ]
        },
        {
            "id": "ur.07663114135.34",
            "research_orgs": [
                "grid.466706.5"
            ],
            "last_name": "B\u00fcgel",
            "first_name": "Ulrich"
        }
    ],
    "type": "article",
    "volume": "3"
}