{
    "volume": "3",
    "date": "2013-06-01",
    "title": "Reducing mortality from childhood pneumonia and diarrhoea: The leading priority is also the greatest opportunity",
    "researchers": [
        {
            "id": "ur.0576775630.15",
            "last_name": "Rudan",
            "first_name": "Igor",
            "orcid_id": [
                "0000-0001-6993-6884"
            ],
            "research_orgs": [
                "grid.3575.4",
                "grid.4305.2",
                "grid.8991.9",
                "grid.38603.3e",
                "grid.417068.c",
                "grid.412488.3",
                "grid.4808.4",
                "grid.433471.6",
                "grid.418612.8"
            ]
        },
        {
            "id": "ur.01372252340.53",
            "last_name": "Nair",
            "first_name": "Harish",
            "orcid_id": [
                "0000-0002-9432-9100"
            ],
            "research_orgs": [
                "grid.415361.4",
                "grid.4305.2"
            ]
        },
        {
            "id": "ur.01005441653.52",
            "last_name": "Maru\u0161i\u0107",
            "first_name": "Ana",
            "orcid_id": [
                "0000-0001-6272-0917"
            ],
            "research_orgs": [
                "grid.4808.4",
                "grid.38603.3e",
                "grid.11835.3e",
                "grid.208078.5",
                "grid.4305.2"
            ]
        },
        {
            "id": "ur.01262170300.25",
            "last_name": "Campbell",
            "first_name": "Harry",
            "research_orgs": [
                "grid.411221.5",
                "grid.8991.9",
                "grid.4305.2",
                "grid.415063.5",
                "grid.482917.1",
                "grid.3575.4",
                "grid.417068.c",
                "grid.415854.9",
                "grid.9918.9",
                "grid.38603.3e"
            ]
        }
    ],
    "pmcid": "PMC3700027",
    "pages": "010101",
    "research_org_cities": [
        {
            "id": 2650225,
            "name": "Edinburgh"
        },
        {
            "id": 3190261,
            "name": "Split"
        }
    ],
    "open_access": [
        "Open Access - all",
        "Open Access - publisher",
        "Open Access - published"
    ],
    "research_org_countries": [
        {
            "id": "HR",
            "name": "Croatia"
        },
        {
            "id": "GB",
            "name": "United Kingdom"
        }
    ],
    "doi": "10.7189/jogh.03.010101",
    "FOR": [
        {
            "id": "3177",
            "name": "1117 Public Health and Health Services"
        }
    ],
    "times_cited": 95,
    "research_orgs": [
        {
            "id": "grid.38603.3e",
            "types": [
                "Education"
            ],
            "longitude": 16.4681,
            "linkout": [
                "http://www.unist.hr/"
            ],
            "latitude": 43.510975,
            "name": "University of Split",
            "city_name": "Split",
            "country_name": "Croatia"
        },
        {
            "id": "grid.4305.2",
            "types": [
                "Education"
            ],
            "longitude": -3.189284,
            "linkout": [
                "http://www.ed.ac.uk/home"
            ],
            "latitude": 55.944897,
            "name": "University of Edinburgh",
            "city_name": "Edinburgh",
            "country_name": "United Kingdom"
        }
    ],
    "pmid": "23826497",
    "funders": [
        {
            "id": "grid.52788.30",
            "acronym": "WT",
            "types": [
                "Nonprofit"
            ],
            "longitude": -0.135005,
            "linkout": [
                "http://www.wellcome.ac.uk/"
            ],
            "latitude": 51.525867,
            "name": "Wellcome Trust",
            "city_name": "London",
            "country_name": "United Kingdom"
        }
    ],
    "research_org_country_names": [
        "Croatia",
        "United Kingdom"
    ],
    "id": "pub.1029938228",
    "issue": "1",
    "journal": {
        "id": "jour.1046459",
        "title": "Journal of Global Health"
    },
    "year": 2013,
    "references": [
        "pub.1039607824",
        "pub.1022291528",
        "pub.1070837858",
        "pub.1070837040",
        "pub.1048793266",
        "pub.1076994974",
        "pub.1034607080",
        "pub.1078654973",
        "pub.1014080873",
        "pub.1007723866",
        "pub.1048170517",
        "pub.1044402926",
        "pub.1012257139",
        "pub.1070837214",
        "pub.1028954847",
        "pub.1033089886",
        "pub.1015411371",
        "pub.1014462140",
        "pub.1073641968",
        "pub.1001390946",
        "pub.1001901343",
        "pub.1020985025",
        "pub.1042214453",
        "pub.1041299764",
        "pub.1013438063",
        "pub.1046656203",
        "pub.1031669379",
        "pub.1003370012"
    ],
    "relative_citation_ratio": 5.15,
    "author_affiliations": [
        [
            {
                "first_name": "Igor",
                "last_name": "Rudan",
                "initials": "",
                "corresponding": "",
                "orcid": "['0000-0001-6993-6884']",
                "current_organization_id": "grid.4305.2",
                "researcher_id": "ur.0576775630.15",
                "affiliations": [
                    {
                        "id": "grid.4305.2",
                        "name": "University of Edinburgh",
                        "city": "Edinburgh",
                        "city_id": 2650225,
                        "country": "United Kingdom",
                        "country_code": "GB",
                        "state": null,
                        "state_code": null
                    }
                ]
            },
            {
                "first_name": "Harish",
                "last_name": "Nair",
                "initials": "",
                "corresponding": "",
                "orcid": "['0000-0002-9432-9100']",
                "current_organization_id": "grid.4305.2",
                "researcher_id": "ur.01372252340.53",
                "affiliations": [
                    {
                        "id": "grid.4305.2",
                        "name": "University of Edinburgh",
                        "city": "Edinburgh",
                        "city_id": 2650225,
                        "country": "United Kingdom",
                        "country_code": "GB",
                        "state": null,
                        "state_code": null
                    }
                ]
            },
            {
                "first_name": "Ana",
                "last_name": "Maru\u0161i\u0107",
                "initials": "",
                "corresponding": "",
                "orcid": "['0000-0001-6272-0917']",
                "current_organization_id": "grid.38603.3e",
                "researcher_id": "ur.01005441653.52",
                "affiliations": [
                    {
                        "id": "grid.38603.3e",
                        "name": "University of Split",
                        "city": "Split",
                        "city_id": 3190261,
                        "country": "Croatia",
                        "country_code": "HR",
                        "state": null,
                        "state_code": null
                    },
                    {
                        "id": "grid.38603.3e",
                        "name": "University of Split",
                        "city": "Split",
                        "city_id": 3190261,
                        "country": "Croatia",
                        "country_code": "HR",
                        "state": null,
                        "state_code": null
                    }
                ]
            },
            {
                "first_name": "Harry",
                "last_name": "Campbell",
                "initials": "",
                "corresponding": "",
                "orcid": "",
                "current_organization_id": "grid.4305.2",
                "researcher_id": "ur.01262170300.25",
                "affiliations": [
                    {
                        "id": "grid.4305.2",
                        "name": "University of Edinburgh",
                        "city": "Edinburgh",
                        "city_id": 2650225,
                        "country": "United Kingdom",
                        "country_code": "GB",
                        "state": null,
                        "state_code": null
                    }
                ]
            }
        ]
    ],
    "type": "article"
}