{
    "volume": "91",
    "date": "2010-03-01",
    "title": "Detection of a novel hepatitis E-like virus in faeces of wild rats using a nested broad-spectrum RT-PCR",
    "researchers": [
        {
            "id": "ur.0666147560.01",
            "last_name": "Johne",
            "first_name": "Reimar",
            "research_orgs": [
                "grid.417830.9",
                "grid.422685.f",
                "grid.5734.5",
                "grid.9647.c",
                "grid.14095.39",
                "grid.419765.8",
                "grid.4818.5"
            ]
        },
        {
            "id": "ur.01333317340.02",
            "last_name": "Plenge-B\u00f6nig",
            "first_name": "Anita",
            "research_orgs": [
                "grid.419765.8",
                "grid.417830.9",
                "grid.412347.7",
                "grid.5734.5",
                "grid.14095.39",
                "grid.424065.1"
            ]
        },
        {
            "id": "ur.01133130233.05",
            "last_name": "Hess",
            "first_name": "Michael",
            "orcid_id": [
                "0000-0002-6991-0120"
            ],
            "research_orgs": [
                "grid.22937.3d",
                "grid.14095.39",
                "grid.7400.3",
                "grid.6583.8"
            ]
        },
        {
            "id": "ur.016040315502.98",
            "last_name": "Ulrich",
            "first_name": "Rainer G\u00fcnter",
            "research_orgs": [
                "grid.418510.9",
                "grid.424065.1",
                "grid.9018.0",
                "grid.7468.d",
                "grid.21200.31",
                "grid.5734.5",
                "grid.4818.5",
                "grid.7256.6",
                "grid.412173.2",
                "grid.10493.3f",
                "grid.417834.d",
                "grid.417830.9",
                "grid.449350.f",
                "grid.422685.f",
                "grid.419765.8",
                "grid.14095.39",
                "grid.452463.2",
                "grid.419303.c",
                "grid.5645.2",
                "grid.411822.c",
                "grid.8664.c",
                "grid.412970.9",
                "grid.6363.0",
                "grid.4562.5"
            ]
        },
        {
            "id": "ur.0770730267.53",
            "last_name": "Reetz",
            "first_name": "Jochen",
            "research_orgs": [
                "grid.417830.9",
                "grid.4818.5",
                "grid.414814.c",
                "grid.5734.5",
                "grid.14095.39",
                "grid.422685.f",
                "grid.419765.8"
            ]
        },
        {
            "id": "ur.01326527577.50",
            "last_name": "Schielke",
            "first_name": "Anika",
            "orcid_id": [
                "0000-0001-9244-9486"
            ],
            "research_orgs": [
                "grid.417830.9",
                "grid.13652.33",
                "grid.418914.1",
                "grid.5734.5",
                "grid.14095.39",
                "grid.419765.8"
            ]
        }
    ],
    "altmetric": 19.0,
    "pages": "750-758",
    "research_org_cities": [
        {
            "id": 2761369,
            "name": "Vienna"
        },
        {
            "id": 2911298,
            "name": "Hamburg"
        },
        {
            "id": 2917788,
            "name": "Greifswald"
        },
        {
            "id": 2950159,
            "name": "Berlin"
        }
    ],
    "open_access": [
        "Open Access - all",
        "Open Access - publisher",
        "Open Access - published"
    ],
    "research_org_countries": [
        {
            "id": "AT",
            "name": "Austria"
        },
        {
            "id": "DE",
            "name": "Germany"
        }
    ],
    "doi": "10.1099/vir.0.016584-0",
    "FOR": [
        {
            "id": "3114",
            "name": "1108 Medical Microbiology"
        }
    ],
    "times_cited": 226,
    "research_orgs": [
        {
            "id": "grid.417830.9",
            "acronym": "BfR",
            "types": [
                "Government"
            ],
            "longitude": 13.297025,
            "linkout": [
                "http://www.bfr.bund.de/en/home.html"
            ],
            "latitude": 52.531086,
            "name": "Federal Institute for Risk Assessment",
            "city_name": "Berlin",
            "country_name": "Germany"
        },
        {
            "id": "grid.6583.8",
            "acronym": "VUW",
            "types": [
                "Education"
            ],
            "longitude": 16.431389,
            "linkout": [
                "http://www.vetmeduni.ac.at/"
            ],
            "latitude": 48.25528,
            "name": "University of Veterinary Medicine Vienna",
            "city_name": "Vienna",
            "country_name": "Austria"
        },
        {
            "id": "grid.417834.d",
            "acronym": "FLI",
            "types": [
                "Healthcare"
            ],
            "longitude": 13.363031,
            "linkout": [
                "http://www.fli.de/en/home/"
            ],
            "latitude": 54.18467,
            "name": "Friedrich Loeffler Institute",
            "city_name": "Greifswald",
            "country_name": "Germany"
        }
    ],
    "pmid": "19889929",
    "research_org_country_names": [
        "Germany",
        "Austria"
    ],
    "id": "pub.1060398468",
    "issue": "3",
    "journal": {
        "id": "jour.1007277",
        "title": "Journal of General Virology"
    },
    "year": 2010,
    "references": [
        "pub.1046246799",
        "pub.1072507754",
        "pub.1034744047",
        "pub.1017356869",
        "pub.1042388994",
        "pub.1043089767",
        "pub.1058671133",
        "pub.1038727803",
        "pub.1003243604",
        "pub.1007498742",
        "pub.1060398166",
        "pub.1009885949",
        "pub.1000764796",
        "pub.1022521275",
        "pub.1008207267",
        "pub.1007867521",
        "pub.1005194674",
        "pub.1060401358",
        "pub.1015801861",
        "pub.1005314672",
        "pub.1048326344",
        "pub.1046674965",
        "pub.1018799157",
        "pub.1074512884",
        "pub.1033177458",
        "pub.1002728441",
        "pub.1047329040",
        "pub.1044446049",
        "pub.1031142669",
        "pub.1020159003",
        "pub.1003694043",
        "pub.1008452973",
        "pub.1060400739",
        "pub.1042438223",
        "pub.1023460919",
        "pub.1026583412",
        "pub.1025714303",
        "pub.1082635479",
        "pub.1009187712",
        "pub.1040884471",
        "pub.1013812564",
        "pub.1040430964",
        "pub.1060361770",
        "pub.1030804963",
        "pub.1011987340",
        "pub.1046922027",
        "pub.1005992888",
        "pub.1044790676",
        "pub.1008621650"
    ],
    "relative_citation_ratio": 9.39,
    "author_affiliations": [
        [
            {
                "first_name": "Reimar",
                "last_name": "Johne",
                "initials": "",
                "corresponding": "",
                "orcid": "",
                "current_organization_id": "grid.417830.9",
                "researcher_id": "ur.0666147560.01",
                "affiliations": [
                    {
                        "id": "grid.417830.9",
                        "name": "Federal Institute for Risk Assessment",
                        "city": "Berlin",
                        "city_id": 2950159,
                        "country": "Germany",
                        "country_code": "DE",
                        "state": null,
                        "state_code": null
                    }
                ]
            },
            {
                "first_name": "Anita",
                "last_name": "Plenge-B\u00f6nig",
                "initials": "",
                "corresponding": "",
                "orcid": "",
                "current_organization_id": "",
                "researcher_id": "ur.01333317340.02",
                "affiliations": [
                    {
                        "name": "Institute of Hygiene and Environment Hamburg, Marckmannstrasse 129a, 20539 Hamburg, Germany"
                    }
                ]
            },
            {
                "first_name": "Michael",
                "last_name": "Hess",
                "initials": "",
                "corresponding": "",
                "orcid": "['0000-0002-6991-0120']",
                "current_organization_id": "grid.6583.8",
                "researcher_id": "ur.01133130233.05",
                "affiliations": [
                    {
                        "id": "grid.6583.8",
                        "name": "University of Veterinary Medicine Vienna",
                        "city": "Vienna",
                        "city_id": 2761369,
                        "country": "Austria",
                        "country_code": "AT",
                        "state": null,
                        "state_code": null
                    }
                ]
            },
            {
                "first_name": "Rainer G.",
                "last_name": "Ulrich",
                "initials": "",
                "corresponding": "",
                "orcid": "",
                "current_organization_id": "grid.417834.d",
                "researcher_id": "ur.016040315502.98",
                "affiliations": [
                    {
                        "id": "grid.417834.d",
                        "name": "Friedrich Loeffler Institute",
                        "city": "Greifswald",
                        "city_id": 2917788,
                        "country": "Germany",
                        "country_code": "DE",
                        "state": null,
                        "state_code": null
                    }
                ]
            },
            {
                "first_name": "Jochen",
                "last_name": "Reetz",
                "initials": "",
                "corresponding": "",
                "orcid": "",
                "current_organization_id": "grid.417830.9",
                "researcher_id": "ur.0770730267.53",
                "affiliations": [
                    {
                        "id": "grid.417830.9",
                        "name": "Federal Institute for Risk Assessment",
                        "city": "Berlin",
                        "city_id": 2950159,
                        "country": "Germany",
                        "country_code": "DE",
                        "state": null,
                        "state_code": null
                    }
                ]
            },
            {
                "first_name": "Anika",
                "last_name": "Schielke",
                "initials": "",
                "corresponding": "",
                "orcid": "",
                "current_organization_id": "grid.13652.33",
                "researcher_id": "ur.01326527577.50",
                "affiliations": [
                    {
                        "id": "grid.417830.9",
                        "name": "Federal Institute for Risk Assessment",
                        "city": "Berlin",
                        "city_id": 2950159,
                        "country": "Germany",
                        "country_code": "DE",
                        "state": null,
                        "state_code": null
                    }
                ]
            }
        ]
    ],
    "type": "article"
}