{
    "pmid": "18768973",
    "author_affiliations": [
        [
            {
                "first_name": "Joanne",
                "last_name": "York",
                "initials": "",
                "corresponding": "",
                "orcid": "",
                "current_organization_id": "grid.253613.0",
                "researcher_id": "ur.01311637633.56",
                "affiliations": [
                    {
                        "id": "grid.253613.0",
                        "name": "University of Montana",
                        "city": "Missoula",
                        "city_id": 5666639,
                        "country": "United States",
                        "country_code": "US",
                        "state": "Montana",
                        "state_code": "US-MT"
                    }
                ]
            },
            {
                "first_name": "Dongcheng",
                "last_name": "Dai",
                "initials": "",
                "corresponding": "",
                "orcid": "",
                "current_organization_id": "grid.281288.9",
                "researcher_id": "ur.01240165607.82",
                "affiliations": [
                    {
                        "id": "grid.281288.9",
                        "name": "Siga Technologies (United States)",
                        "city": "New York",
                        "city_id": 5128581,
                        "country": "United States",
                        "country_code": "US",
                        "state": "New York",
                        "state_code": "US-NY"
                    }
                ]
            },
            {
                "first_name": "Sean M.",
                "last_name": "Amberg",
                "initials": "",
                "corresponding": "",
                "orcid": "",
                "current_organization_id": "grid.429501.b",
                "researcher_id": "ur.0754670020.11",
                "affiliations": [
                    {
                        "id": "grid.281288.9",
                        "name": "Siga Technologies (United States)",
                        "city": "New York",
                        "city_id": 5128581,
                        "country": "United States",
                        "country_code": "US",
                        "state": "New York",
                        "state_code": "US-NY"
                    }
                ]
            },
            {
                "first_name": "Jack H.",
                "last_name": "Nunberg",
                "initials": "",
                "corresponding": "",
                "orcid": "",
                "current_organization_id": "grid.253613.0",
                "researcher_id": "ur.01122430332.48",
                "affiliations": [
                    {
                        "id": "grid.253613.0",
                        "name": "University of Montana",
                        "city": "Missoula",
                        "city_id": 5666639,
                        "country": "United States",
                        "country_code": "US",
                        "state": "Montana",
                        "state_code": "US-MT"
                    }
                ]
            }
        ]
    ],
    "altmetric": 8.0,
    "FOR": [
        {
            "id": "3114",
            "name": "1108 Medical Microbiology"
        }
    ],
    "research_org_countries": [
        {
            "id": "US",
            "name": "United States"
        }
    ],
    "title": "pH-Induced Activation of Arenavirus Membrane Fusion Is Antagonized by Small-Molecule Inhibitors\u25bf",
    "research_org_cities": [
        {
            "id": 5128581,
            "name": "New York City"
        },
        {
            "id": 5666639,
            "name": "Missoula"
        }
    ],
    "pages": "10932-10939",
    "issue": "21",
    "research_org_state_names": [
        "Montana",
        "New York"
    ],
    "open_access": [
        "Open Access - all",
        "Open Access - publisher",
        "Open Access - published"
    ],
    "doi": "10.1128/jvi.01140-08",
    "times_cited": 64,
    "journal": {
        "id": "jour.1008072",
        "title": "Journal of Virology"
    },
    "funders": [
        {
            "id": "grid.419681.3",
            "name": "National Institute of Allergy and Infectious Diseases",
            "linkout": [
                "http://www.niaid.nih.gov/Pages/default.aspx"
            ],
            "country_name": "United States",
            "types": [
                "Facility"
            ],
            "latitude": 39.066647,
            "acronym": "NIAID",
            "state_name": "Maryland",
            "city_name": "Bethesda",
            "longitude": -77.11183
        }
    ],
    "year": 2008,
    "research_orgs": [
        {
            "id": "grid.281288.9",
            "name": "Siga Technologies (United States)",
            "linkout": [
                "https://www.siga.com/"
            ],
            "country_name": "United States",
            "types": [
                "Company"
            ],
            "latitude": 40.764732,
            "state_name": "New York",
            "city_name": "New York",
            "longitude": -73.97114
        },
        {
            "id": "grid.253613.0",
            "name": "University of Montana",
            "linkout": [
                "http://www.umt.edu/"
            ],
            "country_name": "United States",
            "types": [
                "Education"
            ],
            "latitude": 46.86007,
            "acronym": "UM",
            "state_name": "Montana",
            "city_name": "Missoula",
            "longitude": -113.98521
        }
    ],
    "id": "pub.1039619942",
    "references": [
        "pub.1006171740",
        "pub.1083163774",
        "pub.1007541332",
        "pub.1032242280",
        "pub.1003864652",
        "pub.1035772597",
        "pub.1035892711",
        "pub.1005864290",
        "pub.1023466313",
        "pub.1048220870",
        "pub.1026557001",
        "pub.1062563525",
        "pub.1009479626",
        "pub.1074689756",
        "pub.1034702776",
        "pub.1034767500",
        "pub.1009971496",
        "pub.1039051081",
        "pub.1051625118",
        "pub.1007940341",
        "pub.1040311251",
        "pub.1035280507",
        "pub.1042655360",
        "pub.1036805270",
        "pub.1003838837",
        "pub.1010079249",
        "pub.1018340497",
        "pub.1060357138",
        "pub.1060353447",
        "pub.1035743506",
        "pub.1077991901",
        "pub.1060358093",
        "pub.1055159334",
        "pub.1011409570",
        "pub.1082630415",
        "pub.1082837814",
        "pub.1033709693",
        "pub.1059700275",
        "pub.1055194843",
        "pub.1062478188",
        "pub.1076808328",
        "pub.1027029469",
        "pub.1032368746",
        "pub.1050506835",
        "pub.1022801626",
        "pub.1013004492",
        "pub.1026346296",
        "pub.1023237346",
        "pub.1032103712",
        "pub.1002093118",
        "pub.1027033286",
        "pub.1043325393",
        "pub.1045968511",
        "pub.1031047064",
        "pub.1032383354",
        "pub.1022053204",
        "pub.1062529249",
        "pub.1052828315"
    ],
    "research_org_country_names": [
        "United States"
    ],
    "date": "2008-11-01",
    "research_org_state_codes": [
        {
            "id": "US-NY",
            "name": "New York"
        },
        {
            "id": "US-MT",
            "name": "Montana"
        }
    ],
    "researchers": [
        {
            "id": "ur.01311637633.56",
            "research_orgs": [
                "grid.253613.0"
            ],
            "last_name": "York",
            "first_name": "Joanne"
        },
        {
            "id": "ur.01240165607.82",
            "research_orgs": [
                "grid.281288.9"
            ],
            "last_name": "Dai",
            "first_name": "Dongcheng"
        },
        {
            "id": "ur.0754670020.11",
            "research_orgs": [
                "grid.281288.9",
                "grid.25879.31",
                "grid.4367.6",
                "grid.429501.b"
            ],
            "last_name": "Amberg",
            "first_name": "Sean M"
        },
        {
            "id": "ur.01122430332.48",
            "research_orgs": [
                "grid.418424.f",
                "grid.168010.e",
                "grid.253613.0"
            ],
            "last_name": "Nunberg",
            "first_name": "Jack H"
        }
    ],
    "relative_citation_ratio": 1.76,
    "type": "article",
    "volume": "82",
    "pmcid": "PMC2573205"
}