{
    "research_orgs": [
        {
            "id": "grid.139534.9",
            "linkout": [
                "http://www.bartshealth.nhs.uk/"
            ],
            "city_name": "London",
            "longitude": -0.05834,
            "latitude": 51.519455,
            "name": "Barts Health NHS Trust",
            "types": [
                "Healthcare"
            ],
            "country_name": "United Kingdom"
        },
        {
            "id": "grid.52996.31",
            "linkout": [
                "https://www.uclh.nhs.uk/Pages/home.aspx"
            ],
            "city_name": "London",
            "longitude": -0.135565,
            "acronym": "UCLH",
            "latitude": 51.524647,
            "name": "University College London Hospitals NHS Foundation Trust",
            "types": [
                "Healthcare"
            ],
            "country_name": "United Kingdom"
        },
        {
            "id": "grid.83440.3b",
            "linkout": [
                "http://www.ucl.ac.uk/"
            ],
            "city_name": "London",
            "longitude": -0.1339817,
            "acronym": "UCL",
            "latitude": 51.52447,
            "name": "University College London",
            "types": [
                "Education"
            ],
            "country_name": "United Kingdom"
        }
    ],
    "research_org_country_names": [
        "United Kingdom"
    ],
    "pmid": "24115547",
    "funders": [
        {
            "id": "grid.14105.31",
            "linkout": [
                "http://www.mrc.ac.uk/"
            ],
            "city_name": "London",
            "longitude": -0.119432,
            "acronym": "MRC",
            "latitude": 51.514755,
            "name": "Medical Research Council",
            "types": [
                "Government"
            ],
            "country_name": "United Kingdom"
        },
        {
            "id": "grid.451056.3",
            "linkout": [
                "http://www.nihr.ac.uk/"
            ],
            "city_name": "London",
            "longitude": -0.12535,
            "acronym": "NIHR",
            "latitude": 51.502705,
            "name": "National Institute for Health Research",
            "types": [
                "Government"
            ],
            "country_name": "United Kingdom"
        }
    ],
    "title": "Genome Sequence of Human Herpesvirus 7 Strain UCL-1",
    "type": "article",
    "year": 2013,
    "journal": {
        "id": "jour.1047634",
        "title": "Microbiology Resource Announcements"
    },
    "researchers": [
        {
            "id": "ur.0735125436.72",
            "research_orgs": [
                "grid.83440.3b"
            ],
            "first_name": "Callum D",
            "last_name": "Donaldson"
        },
        {
            "id": "ur.01343470217.23",
            "research_orgs": [
                "grid.139534.9",
                "grid.8756.c",
                "grid.83440.3b",
                "grid.426108.9"
            ],
            "first_name": "Duncan A",
            "last_name": "Clark"
        },
        {
            "id": "ur.01227241617.00",
            "research_orgs": [
                "grid.83440.3b",
                "grid.437485.9",
                "grid.240404.6",
                "grid.420545.2",
                "grid.426108.9",
                "grid.52996.31",
                "grid.415063.5",
                "grid.425213.3",
                "grid.412563.7"
            ],
            "first_name": "I Michael",
            "last_name": "Kidd"
        },
        {
            "id": "ur.010725774377.15",
            "research_orgs": [
                "grid.416041.6",
                "grid.4868.2",
                "grid.7836.a",
                "grid.451052.7",
                "grid.470770.3",
                "grid.412966.e",
                "grid.420468.c",
                "grid.83440.3b",
                "grid.49697.35",
                "grid.14105.31",
                "grid.452200.1",
                "grid.424537.3",
                "grid.5645.2",
                "grid.11485.39",
                "grid.426467.5",
                "grid.139534.9",
                "grid.451388.3",
                "grid.439749.4"
            ],
            "first_name": "Judith M",
            "last_name": "Breuer",
            "orcid_id": [
                "0000-0001-8246-0534"
            ]
        }
    ],
    "FOR": [
        {
            "id": "3114",
            "name": "1108 Medical Microbiology"
        }
    ],
    "research_org_countries": [
        {
            "id": "GB",
            "name": "United Kingdom"
        }
    ],
    "date": "2013-10-10",
    "altmetric": 1.0,
    "pages": "e00830-13",
    "id": "pub.1041519962",
    "volume": "1",
    "issue": "5",
    "research_org_cities": [
        {
            "id": 2643743,
            "name": "London"
        }
    ],
    "open_access": [
        "Open Access - all",
        "Open Access - publisher",
        "Open Access - published"
    ],
    "author_affiliations": [
        [
            {
                "first_name": "Callum D.",
                "last_name": "Donaldson",
                "initials": "",
                "corresponding": "",
                "orcid": "",
                "current_organization_id": "grid.83440.3b",
                "researcher_id": "ur.0735125436.72",
                "affiliations": [
                    {
                        "id": "grid.83440.3b",
                        "name": "University College London",
                        "city": "London",
                        "city_id": 2643743,
                        "country": "United Kingdom",
                        "country_code": "GB",
                        "state": null,
                        "state_code": null
                    }
                ]
            },
            {
                "first_name": "Duncan A.",
                "last_name": "Clark",
                "initials": "",
                "corresponding": "",
                "orcid": "",
                "current_organization_id": "grid.139534.9",
                "researcher_id": "ur.01343470217.23",
                "affiliations": [
                    {
                        "id": "grid.139534.9",
                        "name": "Barts Health NHS Trust",
                        "city": "London",
                        "city_id": 2643743,
                        "country": "United Kingdom",
                        "country_code": "GB",
                        "state": null,
                        "state_code": null
                    }
                ]
            },
            {
                "first_name": "I. Michael",
                "last_name": "Kidd",
                "initials": "",
                "corresponding": "",
                "orcid": "",
                "current_organization_id": "grid.412563.7",
                "researcher_id": "ur.01227241617.00",
                "affiliations": [
                    {
                        "id": "grid.52996.31",
                        "name": "University College London Hospitals NHS Foundation Trust",
                        "city": "London",
                        "city_id": 2643743,
                        "country": "United Kingdom",
                        "country_code": "GB",
                        "state": null,
                        "state_code": null
                    }
                ]
            },
            {
                "first_name": "Judith",
                "last_name": "Breuer",
                "initials": "",
                "corresponding": "",
                "orcid": "['0000-0001-8246-0534']",
                "current_organization_id": "grid.83440.3b",
                "researcher_id": "ur.010725774377.15",
                "affiliations": [
                    {
                        "id": "grid.83440.3b",
                        "name": "University College London",
                        "city": "London",
                        "city_id": 2643743,
                        "country": "United Kingdom",
                        "country_code": "GB",
                        "state": null,
                        "state_code": null
                    }
                ]
            },
            {
                "first_name": "Daniel D.",
                "last_name": "Depledge",
                "initials": "",
                "corresponding": "",
                "orcid": "",
                "current_organization_id": "",
                "researcher_id": "",
                "affiliations": [
                    {
                        "id": "grid.83440.3b",
                        "name": "University College London",
                        "city": "London",
                        "city_id": 2643743,
                        "country": "United Kingdom",
                        "country_code": "GB",
                        "state": null,
                        "state_code": null
                    }
                ]
            }
        ]
    ],
    "pmcid": "PMC3795217",
    "doi": "10.1128/genomea.00830-13",
    "times_cited": 9,
    "references": [
        "pub.1030206561",
        "pub.1082918925",
        "pub.1045580934",
        "pub.1059703409",
        "pub.1034551022",
        "pub.1064377301",
        "pub.1014735880",
        "pub.1051387316"
    ],
    "relative_citation_ratio": 0.31
}