{
    "pmid": "19040105",
    "author_affiliations": [
        [
            {
                "first_name": "Farag A.",
                "last_name": "El-Essawy",
                "initials": "",
                "corresponding": "",
                "orcid": "",
                "current_organization_id": "grid.449553.a",
                "researcher_id": "ur.016112676350.49",
                "affiliations": [
                    {
                        "id": "grid.411775.1",
                        "name": "Menoufia University",
                        "city": "Shib\u012bn al Kawm",
                        "city_id": 349158,
                        "country": "Egypt",
                        "country_code": "EG",
                        "state": null,
                        "state_code": null
                    }
                ]
            },
            {
                "first_name": "Wael A.",
                "last_name": "El-Sayed",
                "initials": "",
                "corresponding": "",
                "orcid": "",
                "current_organization_id": "grid.419725.c",
                "researcher_id": "ur.0746711005.43",
                "affiliations": [
                    {
                        "id": "grid.419725.c",
                        "name": "National Research Centre",
                        "city": "Cairo",
                        "city_id": 360630,
                        "country": "Egypt",
                        "country_code": "EG",
                        "state": null,
                        "state_code": null
                    }
                ]
            },
            {
                "first_name": "Sherif A.",
                "last_name": "El-Kafrawy",
                "initials": "",
                "corresponding": "",
                "orcid": "",
                "current_organization_id": "grid.412125.1",
                "researcher_id": "ur.01107121324.54",
                "affiliations": [
                    {
                        "id": "grid.411775.1",
                        "name": "Menoufia University",
                        "city": "Shib\u012bn al Kawm",
                        "city_id": 349158,
                        "country": "Egypt",
                        "country_code": "EG",
                        "state": null,
                        "state_code": null
                    }
                ]
            },
            {
                "first_name": "Asmaa S.",
                "last_name": "Morshedy",
                "initials": "",
                "corresponding": "",
                "orcid": "['0000-0002-6094-4834']",
                "current_organization_id": "grid.454081.c",
                "researcher_id": "ur.01077626145.70",
                "affiliations": [
                    {
                        "id": "grid.411775.1",
                        "name": "Menoufia University",
                        "city": "Shib\u012bn al Kawm",
                        "city_id": 349158,
                        "country": "Egypt",
                        "country_code": "EG",
                        "state": null,
                        "state_code": null
                    }
                ]
            },
            {
                "first_name": "Adel-H.",
                "last_name": "Abdel-Rahman",
                "initials": "",
                "corresponding": "",
                "orcid": "",
                "current_organization_id": "",
                "researcher_id": "",
                "affiliations": [
                    {
                        "id": "grid.411775.1",
                        "name": "Menoufia University",
                        "city": "Shib\u012bn al Kawm",
                        "city_id": 349158,
                        "country": "Egypt",
                        "country_code": "EG",
                        "state": null,
                        "state_code": null
                    }
                ]
            }
        ]
    ],
    "FOR": [
        {
            "id": "3053",
            "name": "1103 Clinical Sciences"
        }
    ],
    "research_org_countries": [
        {
            "id": "EG",
            "name": "Egypt"
        }
    ],
    "title": "Anti-Hepatitis B Virus Activity of New 1,2,4-Triazol-2-yl- and 1,3,4-Oxadiazol-2-yl-2-pyridinone Derivatives",
    "research_org_cities": [
        {
            "id": 360630,
            "name": "Cairo"
        },
        {
            "id": 349158,
            "name": "Shib\u012bn al Kawm"
        }
    ],
    "pages": "667-674",
    "issue": "9-10",
    "open_access": [
        "Open Access - all",
        "Open Access - publisher",
        "Open Access - published"
    ],
    "doi": "10.1515/znc-2008-9-1010",
    "times_cited": 10,
    "journal": {
        "id": "jour.1087152",
        "title": "Zeitschrift f\u00fcr Naturforschung C"
    },
    "research_orgs": [
        {
            "id": "grid.419725.c",
            "name": "National Research Centre",
            "linkout": [
                "http://www.nrc.sci.eg/nrc/#.VdrDXrKqqko"
            ],
            "country_name": "Egypt",
            "types": [
                "Facility"
            ],
            "latitude": 30.035873,
            "acronym": "NRC",
            "city_name": "Cairo",
            "longitude": 31.205029
        },
        {
            "id": "grid.411775.1",
            "name": "Menoufia University",
            "linkout": [
                "http://www.menofia.edu.eg/"
            ],
            "country_name": "Egypt",
            "types": [
                "Education"
            ],
            "latitude": 30.5656,
            "city_name": "Shib\u012bn al Kawm",
            "longitude": 31.0128
        }
    ],
    "year": 2008,
    "id": "pub.1034260487",
    "research_org_country_names": [
        "Egypt"
    ],
    "date": "2008-10-01",
    "researchers": [
        {
            "id": "ur.016112676350.49",
            "research_orgs": [
                "grid.10825.3e",
                "grid.411775.1",
                "grid.419725.c",
                "grid.412258.8",
                "grid.449553.a",
                "grid.440875.a"
            ],
            "last_name": "El-Essawy",
            "first_name": "Farag A-A"
        },
        {
            "id": "ur.0746711005.43",
            "research_orgs": [
                "grid.411775.1",
                "grid.412602.3",
                "grid.419725.c",
                "grid.449533.c",
                "grid.10251.37"
            ],
            "last_name": "El-Sayed",
            "first_name": "Wael A"
        },
        {
            "id": "ur.01107121324.54",
            "research_orgs": [
                "grid.10825.3e",
                "grid.411775.1",
                "grid.411806.a",
                "grid.412125.1",
                "grid.419725.c"
            ],
            "last_name": "El-Kafrawy",
            "first_name": "Sherif Ali"
        },
        {
            "id": "ur.01077626145.70",
            "research_orgs": [
                "grid.411775.1",
                "grid.454081.c"
            ],
            "last_name": "Morshedy",
            "first_name": "Asmaa S",
            "orcid_id": [
                "0000-0002-6094-4834"
            ]
        }
    ],
    "relative_citation_ratio": 0.19,
    "type": "article",
    "volume": "63"
}