{
    "research_orgs": [
        {
            "id": "grid.418508.0",
            "linkout": [
                "http://www.pasteur.sn/"
            ],
            "city_name": "Dakar",
            "longitude": -17.436806,
            "latitude": 14.661397,
            "name": "Institut Pasteur de Dakar",
            "types": [
                "Nonprofit"
            ],
            "country_name": "Senegal"
        },
        {
            "id": "grid.418291.7",
            "linkout": [
                "http://www.senegal.ird.fr/"
            ],
            "city_name": "Dakar",
            "longitude": -17.367867,
            "acronym": "IRD",
            "latitude": 14.766589,
            "name": "French Research Institute for Development",
            "types": [
                "Government"
            ],
            "country_name": "Senegal"
        }
    ],
    "research_org_country_names": [
        "Senegal"
    ],
    "pmid": "1297177",
    "title": "Continuous cell lines and immune ascitic fluid pools in arbovirus detection",
    "type": "article",
    "year": 1992,
    "journal": {
        "id": "jour.1094601",
        "title": "Research in Virology"
    },
    "researchers": [
        {
            "id": "ur.0101627747.92",
            "research_orgs": [
                "grid.418512.b",
                "grid.418508.0"
            ],
            "first_name": "Jean Pierre",
            "last_name": "Digoutte"
        },
        {
            "id": "ur.01146767276.90",
            "research_orgs": [
                "grid.418508.0"
            ],
            "first_name": "M A",
            "last_name": "Calvo-Wilson"
        },
        {
            "id": "ur.01232001506.14",
            "research_orgs": [
                "grid.176731.5",
                "grid.418508.0"
            ],
            "first_name": "Mireille",
            "last_name": "Mondo"
        },
        {
            "id": "ur.01246245202.15",
            "research_orgs": [
                "grid.452477.7",
                "grid.418291.7",
                "grid.418508.0"
            ],
            "first_name": "M",
            "last_name": "Traore-Lamizana"
        },
        {
            "id": "ur.01331753647.69",
            "research_orgs": [
                "grid.428999.7",
                "grid.418291.7",
                "grid.418508.0"
            ],
            "first_name": "Franois",
            "last_name": "Adam"
        }
    ],
    "FOR": [
        {
            "id": "3103",
            "name": "1107 Immunology"
        }
    ],
    "research_org_countries": [
        {
            "id": "SN",
            "name": "Senegal"
        }
    ],
    "date": "1992-01-01",
    "altmetric": 3.0,
    "pages": "417-422",
    "id": "pub.1023695546",
    "volume": "143",
    "issue": "6",
    "research_org_cities": [
        {
            "id": 2253354,
            "name": "Dakar"
        }
    ],
    "author_affiliations": [
        [
            {
                "first_name": "J.P.",
                "last_name": "Digoutte",
                "initials": "",
                "corresponding": true,
                "orcid": "",
                "current_organization_id": "grid.418508.0",
                "researcher_id": "ur.0101627747.92",
                "affiliations": [
                    {
                        "id": "grid.418508.0",
                        "name": "Institut Pasteur de Dakar",
                        "city": "Dakar",
                        "city_id": 2253354,
                        "country": "Senegal",
                        "country_code": "SN",
                        "state": null,
                        "state_code": null
                    }
                ]
            },
            {
                "first_name": "M.A.",
                "last_name": "Calvo-Wilson",
                "initials": "",
                "corresponding": "",
                "orcid": "",
                "current_organization_id": "grid.418508.0",
                "researcher_id": "ur.01146767276.90",
                "affiliations": [
                    {
                        "id": "grid.418508.0",
                        "name": "Institut Pasteur de Dakar",
                        "city": "Dakar",
                        "city_id": 2253354,
                        "country": "Senegal",
                        "country_code": "SN",
                        "state": null,
                        "state_code": null
                    }
                ]
            },
            {
                "first_name": "M.",
                "last_name": "Mondo",
                "initials": "",
                "corresponding": "",
                "orcid": "",
                "current_organization_id": "grid.418508.0",
                "researcher_id": "ur.01232001506.14",
                "affiliations": [
                    {
                        "id": "grid.418508.0",
                        "name": "Institut Pasteur de Dakar",
                        "city": "Dakar",
                        "city_id": 2253354,
                        "country": "Senegal",
                        "country_code": "SN",
                        "state": null,
                        "state_code": null
                    }
                ]
            },
            {
                "first_name": "M.",
                "last_name": "Traore-Lamizana",
                "initials": "",
                "corresponding": "",
                "orcid": "",
                "current_organization_id": "grid.452477.7",
                "researcher_id": "ur.01246245202.15",
                "affiliations": [
                    {
                        "id": "grid.418291.7",
                        "name": "Institut de Recherche pour le D\u00e9veloppement",
                        "city": "Dakar",
                        "city_id": 2253354,
                        "country": "Senegal",
                        "country_code": "SN",
                        "state": null,
                        "state_code": null
                    }
                ]
            },
            {
                "first_name": "F.",
                "last_name": "Adam",
                "initials": "",
                "corresponding": "",
                "orcid": "",
                "current_organization_id": "grid.418508.0",
                "researcher_id": "ur.01331753647.69",
                "affiliations": [
                    {
                        "id": "grid.418291.7",
                        "name": "Institut de Recherche pour le D\u00e9veloppement",
                        "city": "Dakar",
                        "city_id": 2253354,
                        "country": "Senegal",
                        "country_code": "SN",
                        "state": null,
                        "state_code": null
                    }
                ]
            }
        ]
    ],
    "doi": "10.1016/s0923-2516(06)80135-4",
    "times_cited": 50,
    "references": [
        "pub.1081365038",
        "pub.1008901140",
        "pub.1032903696",
        "pub.1054547252",
        "pub.1034169507",
        "pub.1035405993",
        "pub.1080165355",
        "pub.1081572388"
    ],
    "relative_citation_ratio": 1.89
}