{
    "pmid": "22123988",
    "author_affiliations": [
        [
            {
                "first_name": "S\u00e9bastien",
                "last_name": "Igonet",
                "initials": "",
                "corresponding": "",
                "orcid": "",
                "current_organization_id": "",
                "researcher_id": "ur.0747357746.27",
                "affiliations": [
                    {
                        "id": "grid.428999.7",
                        "name": "Institut Pasteur",
                        "city": "Paris",
                        "city_id": 2988507,
                        "country": "France",
                        "country_code": "FR",
                        "state": null,
                        "state_code": null
                    },
                    {
                        "id": "grid.4444.0",
                        "name": "French National Centre for Scientific Research",
                        "city": "Paris",
                        "city_id": 2988507,
                        "country": "France",
                        "country_code": "FR",
                        "state": null,
                        "state_code": null
                    }
                ]
            },
            {
                "first_name": "Marie-Christine",
                "last_name": "Vaney",
                "initials": "",
                "corresponding": "",
                "orcid": "",
                "current_organization_id": "grid.428999.7",
                "researcher_id": "ur.0660436313.21",
                "affiliations": [
                    {
                        "id": "grid.428999.7",
                        "name": "Institut Pasteur",
                        "city": "Paris",
                        "city_id": 2988507,
                        "country": "France",
                        "country_code": "FR",
                        "state": null,
                        "state_code": null
                    },
                    {
                        "id": "grid.4444.0",
                        "name": "French National Centre for Scientific Research",
                        "city": "Paris",
                        "city_id": 2988507,
                        "country": "France",
                        "country_code": "FR",
                        "state": null,
                        "state_code": null
                    }
                ]
            },
            {
                "first_name": "Clemens",
                "last_name": "Vonrhein",
                "initials": "",
                "corresponding": "",
                "orcid": "",
                "current_organization_id": "grid.433016.3",
                "researcher_id": "ur.01063606346.83",
                "affiliations": [
                    {
                        "id": "grid.433016.3",
                        "name": "Global Phasing Limited (United Kingdom)",
                        "city": "Cambridge",
                        "city_id": 2653941,
                        "country": "United Kingdom",
                        "country_code": "GB",
                        "state": null,
                        "state_code": null
                    }
                ]
            },
            {
                "first_name": "G\u00e9rard",
                "last_name": "Bricogne",
                "initials": "",
                "corresponding": "",
                "orcid": "",
                "current_organization_id": "grid.433016.3",
                "researcher_id": "ur.01205147103.18",
                "affiliations": [
                    {
                        "id": "grid.433016.3",
                        "name": "Global Phasing Limited (United Kingdom)",
                        "city": "Cambridge",
                        "city_id": 2653941,
                        "country": "United Kingdom",
                        "country_code": "GB",
                        "state": null,
                        "state_code": null
                    }
                ]
            },
            {
                "first_name": "Enrico A.",
                "last_name": "Stura",
                "initials": "",
                "corresponding": "",
                "orcid": "['0000-0001-6718-2118']",
                "current_organization_id": "grid.457334.2",
                "researcher_id": "ur.0605111752.05",
                "affiliations": [
                    {
                        "name": "Commissariat \u00e0 l\u2019Energie Atomique Saclay, Service d\u2019Ing\u00e9nierie et d\u2019Etudes des Prot\u00e9ines, CE-Saclay F-91191 Gif-sur-Yvette Cedex, France; and"
                    }
                ]
            },
            {
                "first_name": "Hans",
                "last_name": "Hengartner",
                "initials": "",
                "corresponding": "",
                "orcid": "",
                "current_organization_id": "",
                "researcher_id": "ur.01204010770.99",
                "affiliations": [
                    {
                        "name": "Institute of Experimental Immunology, University Hospital, CH 8557 Z\u00fcrich, Switzerland"
                    }
                ]
            },
            {
                "first_name": "Bruno",
                "last_name": "Eschli",
                "initials": "",
                "corresponding": "",
                "orcid": "",
                "current_organization_id": "grid.412004.3",
                "researcher_id": "ur.01362376546.58",
                "affiliations": [
                    {
                        "name": "Institute of Experimental Immunology, University Hospital, CH 8557 Z\u00fcrich, Switzerland"
                    }
                ]
            },
            {
                "first_name": "F\u00e9lix A.",
                "last_name": "Rey",
                "initials": "",
                "corresponding": "",
                "orcid": "['0000-0002-9953-7988']",
                "current_organization_id": "grid.428999.7",
                "researcher_id": "ur.0772757574.18",
                "affiliations": [
                    {
                        "id": "grid.428999.7",
                        "name": "Institut Pasteur",
                        "city": "Paris",
                        "city_id": 2988507,
                        "country": "France",
                        "country_code": "FR",
                        "state": null,
                        "state_code": null
                    },
                    {
                        "id": "grid.4444.0",
                        "name": "French National Centre for Scientific Research",
                        "city": "Paris",
                        "city_id": 2988507,
                        "country": "France",
                        "country_code": "FR",
                        "state": null,
                        "state_code": null
                    }
                ]
            }
        ]
    ],
    "FOR": [
        {
            "id": "2581",
            "name": "0601 Biochemistry and Cell Biology"
        }
    ],
    "research_org_countries": [
        {
            "id": "FR",
            "name": "France"
        },
        {
            "id": "CH",
            "name": "Switzerland"
        },
        {
            "id": "GB",
            "name": "United Kingdom"
        }
    ],
    "title": "X-ray structure of the arenavirus glycoprotein GP2 in its postfusion hairpin conformation",
    "research_org_cities": [
        {
            "id": 2988507,
            "name": "Paris"
        },
        {
            "id": 2653941,
            "name": "Cambridge"
        }
    ],
    "pages": "19967-19972",
    "issue": "50",
    "open_access": [
        "Open Access - all",
        "Open Access - publisher",
        "Open Access - published"
    ],
    "doi": "10.1073/pnas.1108910108",
    "times_cited": 71,
    "funders": [
        {
            "id": "grid.4444.0",
            "name": "French National Centre for Scientific Research",
            "linkout": [
                "http://www.cnrs.fr/index.php"
            ],
            "country_name": "France",
            "types": [
                "Government"
            ],
            "latitude": 48.847664,
            "acronym": "CNRS",
            "city_name": "Paris",
            "longitude": 2.264034
        },
        {
            "id": "grid.39009.33",
            "name": "Merck (Germany)",
            "linkout": [
                "http://www.merckgroup.com/en/index.html"
            ],
            "country_name": "Germany",
            "types": [
                "Company"
            ],
            "latitude": 49.767105,
            "city_name": "Darmstadt",
            "longitude": 8.48024
        },
        {
            "id": "grid.270680.b",
            "name": "European Commission",
            "linkout": [
                "http://ec.europa.eu/index_en.htm"
            ],
            "country_name": "Belgium",
            "types": [
                "Government"
            ],
            "latitude": 50.85165,
            "acronym": "EC",
            "city_name": "Brussels",
            "longitude": 4.36367
        },
        {
            "id": "grid.425888.b",
            "name": "Swiss National Science Foundation",
            "linkout": [
                "http://www.snf.ch/en"
            ],
            "country_name": "Switzerland",
            "types": [
                "Government"
            ],
            "latitude": 46.94923,
            "acronym": "SNF",
            "city_name": "Bern",
            "longitude": 7.432395
        }
    ],
    "journal": {
        "id": "jour.1082971",
        "title": "Proceedings of the National Academy of Sciences of the United States of America"
    },
    "research_orgs": [
        {
            "id": "grid.428999.7",
            "name": "Pasteur Institute",
            "linkout": [
                "http://www.pasteur.fr/en"
            ],
            "country_name": "France",
            "types": [
                "Nonprofit"
            ],
            "latitude": 48.84,
            "city_name": "Paris",
            "longitude": 2.311667
        },
        {
            "id": "grid.4444.0",
            "name": "French National Centre for Scientific Research",
            "linkout": [
                "http://www.cnrs.fr/index.php"
            ],
            "country_name": "France",
            "types": [
                "Government"
            ],
            "latitude": 48.847664,
            "acronym": "CNRS",
            "city_name": "Paris",
            "longitude": 2.264034
        },
        {
            "id": "grid.433016.3",
            "name": "Global Phasing Limited (United Kingdom)",
            "country_name": "United Kingdom",
            "types": [
                "Company"
            ],
            "city_name": "Cambridge"
        }
    ],
    "year": 2011,
    "references": [
        "pub.1006171740",
        "pub.1007541332",
        "pub.1003864652",
        "pub.1052262574",
        "pub.1035772597",
        "pub.1019889618",
        "pub.1023466313",
        "pub.1006083386",
        "pub.1037010480",
        "pub.1074519525",
        "pub.1062563525",
        "pub.1028613327",
        "pub.1011026269",
        "pub.1042793681",
        "pub.1051141874",
        "pub.1023820218",
        "pub.1010352525",
        "pub.1033401576",
        "pub.1047725737",
        "pub.1036805270",
        "pub.1002833648",
        "pub.1035390151",
        "pub.1011409570",
        "pub.1030346180",
        "pub.1032368746",
        "pub.1011291842",
        "pub.1046286174",
        "pub.1037553873",
        "pub.1001079589",
        "pub.1045934129",
        "pub.1075506757",
        "pub.1050240024",
        "pub.1016633097",
        "pub.1060401508",
        "pub.1032383354"
    ],
    "id": "pub.1016197848",
    "research_org_country_names": [
        "United Kingdom",
        "Switzerland",
        "France"
    ],
    "date": "2011-12-13",
    "researchers": [
        {
            "id": "ur.0747357746.27",
            "research_orgs": [
                "grid.214007.0",
                "grid.4444.0",
                "grid.428999.7"
            ],
            "last_name": "Igonet",
            "first_name": "Sebastien"
        },
        {
            "id": "ur.0660436313.21",
            "research_orgs": [
                "grid.4444.0",
                "grid.428999.7",
                "grid.462718.e",
                "grid.464151.3"
            ],
            "last_name": "Vaney",
            "first_name": "Marie-Christine"
        },
        {
            "id": "ur.01063606346.83",
            "research_orgs": [
                "grid.433016.3",
                "grid.59062.38",
                "grid.10388.32",
                "grid.10772.33",
                "grid.5963.9",
                "grid.42475.30"
            ],
            "last_name": "Vonrhein",
            "first_name": "Clemens"
        },
        {
            "id": "ur.01205147103.18",
            "research_orgs": [
                "grid.433016.3",
                "grid.5333.6",
                "grid.5842.b",
                "grid.42475.30",
                "grid.21729.3f"
            ],
            "last_name": "Bricogne",
            "first_name": "Gerard"
        },
        {
            "id": "ur.0605111752.05",
            "research_orgs": [
                "grid.4280.e",
                "grid.426328.9",
                "grid.4991.5",
                "grid.214007.0",
                "grid.457288.4",
                "grid.29857.31",
                "grid.457334.2",
                "grid.419794.6",
                "grid.42475.30",
                "grid.266877.a"
            ],
            "last_name": "Stura",
            "first_name": "Enrico Adriano",
            "orcid_id": [
                "0000-0001-6718-2118"
            ]
        },
        {
            "id": "ur.01204010770.99",
            "research_orgs": [
                "grid.452288.1",
                "grid.418159.0",
                "grid.418234.8",
                "grid.417570.0",
                "grid.8664.c",
                "grid.412004.3",
                "grid.429997.8",
                "grid.17063.33",
                "grid.414467.4",
                "grid.7400.3",
                "grid.5734.5",
                "grid.9851.5",
                "grid.8348.7",
                "grid.21729.3f",
                "grid.482351.9",
                "grid.19006.3e",
                "grid.214007.0",
                "grid.240341.0"
            ],
            "last_name": "Hengartner",
            "first_name": "Hans H"
        },
        {
            "id": "ur.01362376546.58",
            "research_orgs": [
                "grid.412004.3",
                "grid.7400.3"
            ],
            "last_name": "Eschli",
            "first_name": "Bruno"
        },
        {
            "id": "ur.0772757574.18",
            "research_orgs": [
                "grid.5253.1",
                "grid.4444.0",
                "grid.4991.5",
                "grid.5842.b",
                "grid.464151.3",
                "grid.38142.3c",
                "grid.460789.4",
                "grid.428999.7",
                "grid.462718.e",
                "grid.413575.1"
            ],
            "last_name": "Rey",
            "first_name": "Felix Ausgusto",
            "orcid_id": [
                "0000-0002-9953-7988"
            ]
        }
    ],
    "relative_citation_ratio": 2.22,
    "type": "article",
    "volume": "108",
    "pmcid": "PMC3250147"
}