{
    "research_orgs": [
        {
            "id": "grid.5399.6",
            "linkout": [
                "http://www.univ-amu.fr/"
            ],
            "city_name": "Marseille",
            "longitude": 5.357944,
            "acronym": "AMU",
            "latitude": 43.293537,
            "name": "Aix-Marseille University",
            "types": [
                "Education"
            ],
            "country_name": "France"
        },
        {
            "id": "grid.6363.0",
            "linkout": [
                "http://www.charite.de/en/charite/"
            ],
            "city_name": "Berlin",
            "longitude": 13.379722,
            "latitude": 52.52667,
            "name": "Charit\u00e9 \u2013 University Medicine Berlin",
            "types": [
                "Healthcare"
            ],
            "country_name": "Germany"
        },
        {
            "id": "grid.10388.32",
            "linkout": [
                "http://www3.uni-bonn.de/the-university"
            ],
            "city_name": "Bonn",
            "longitude": 7.102222,
            "latitude": 50.73389,
            "name": "University of Bonn",
            "types": [
                "Education"
            ],
            "country_name": "Germany"
        },
        {
            "id": "grid.14095.39",
            "linkout": [
                "http://www.fu-berlin.de/en/"
            ],
            "city_name": "Berlin",
            "longitude": 13.289647,
            "acronym": "FU",
            "latitude": 52.45273,
            "name": "Free University of Berlin",
            "types": [
                "Education"
            ],
            "country_name": "Germany"
        }
    ],
    "research_org_country_names": [
        "France",
        "Germany"
    ],
    "pmid": "23365082",
    "funders": [
        {
            "id": "grid.424150.6",
            "linkout": [
                "http://www.dfg.de/en/"
            ],
            "city_name": "Bonn",
            "longitude": 7.147797,
            "acronym": "DFG",
            "latitude": 50.69934,
            "name": "German Research Foundation",
            "types": [
                "Facility"
            ],
            "country_name": "Germany"
        },
        {
            "id": "grid.270680.b",
            "linkout": [
                "http://ec.europa.eu/index_en.htm"
            ],
            "city_name": "Brussels",
            "longitude": 4.36367,
            "acronym": "EC",
            "latitude": 50.85165,
            "name": "European Commission",
            "types": [
                "Government"
            ],
            "country_name": "Belgium"
        }
    ],
    "title": "Immunopathology of Immune Reconstitution Inflammatory Syndrome in Whipple\u2019s Disease",
    "type": "article",
    "year": 2013,
    "journal": {
        "id": "jour.1077134",
        "title": "The Journal of Immunology"
    },
    "researchers": [
        {
            "id": "ur.01105670727.26",
            "research_orgs": [
                "grid.418217.9",
                "grid.414027.4",
                "grid.418209.6",
                "grid.6363.0"
            ],
            "first_name": "Verena",
            "last_name": "Moos",
            "orcid_id": [
                "0000-0002-9558-7291"
            ]
        },
        {
            "id": "ur.01316163170.40",
            "research_orgs": [
                "grid.38142.3c",
                "grid.168645.8",
                "grid.15090.3d",
                "grid.7700.0",
                "grid.415364.1",
                "grid.410712.1",
                "grid.420076.7",
                "grid.5718.b",
                "grid.8515.9",
                "grid.9764.c",
                "grid.6936.a",
                "grid.469888.3",
                "grid.10388.32",
                "grid.4372.2"
            ],
            "first_name": "Gerhard Engelberg",
            "last_name": "Feurle"
        },
        {
            "id": "ur.0703733156.39",
            "research_orgs": [
                "grid.443909.3",
                "grid.412848.3",
                "grid.6363.0",
                "grid.484463.9",
                "grid.14095.39"
            ],
            "first_name": "Katina",
            "last_name": "Schinnerling"
        },
        {
            "id": "ur.0742032221.38",
            "research_orgs": [
                "grid.6363.0",
                "grid.14095.39"
            ],
            "first_name": "Anika",
            "last_name": "Geelhaar"
        },
        {
            "id": "ur.01036733604.83",
            "research_orgs": [
                "grid.6363.0"
            ],
            "first_name": "Julian",
            "last_name": "Friebel"
        },
        {
            "id": "ur.0607100527.80",
            "research_orgs": [
                "grid.6363.0"
            ],
            "first_name": "Kristina",
            "last_name": "Allers"
        },
        {
            "id": "ur.0657170775.32",
            "research_orgs": [
                "grid.452396.f",
                "grid.7468.d",
                "grid.6292.f",
                "grid.418209.6",
                "grid.6363.0"
            ],
            "first_name": "Annette",
            "last_name": "Moter",
            "orcid_id": [
                "0000-0003-1318-5780"
            ]
        },
        {
            "id": "ur.0660643103.97",
            "research_orgs": [
                "grid.452396.f",
                "grid.39009.33",
                "grid.418209.6",
                "grid.6363.0"
            ],
            "first_name": "Judith",
            "last_name": "Kikhney",
            "orcid_id": [
                "0000-0002-4849-7947"
            ]
        },
        {
            "id": "ur.01045165647.42",
            "research_orgs": [
                "grid.418159.0",
                "grid.418209.6",
                "grid.12847.38",
                "grid.6936.a",
                "grid.7468.d",
                "grid.10825.3e",
                "grid.5252.0",
                "grid.7490.a",
                "grid.6363.0",
                "grid.14095.39",
                "grid.83440.3b"
            ],
            "first_name": "Christoph",
            "last_name": "Loddenkemper"
        },
        {
            "id": "ur.01147647430.02",
            "research_orgs": [
                "grid.484013.a",
                "grid.412301.5",
                "grid.5330.5",
                "grid.418213.d",
                "grid.10493.3f",
                "grid.6363.0",
                "grid.14095.39",
                "grid.411668.c"
            ],
            "first_name": "Anja Andrea",
            "last_name": "K\u00fchl"
        },
        {
            "id": "ur.01315017017.40",
            "research_orgs": [
                "grid.6363.0",
                "grid.420264.6",
                "grid.410726.6",
                "grid.418856.6",
                "grid.5330.5",
                "grid.412633.1"
            ],
            "first_name": "Ulrike",
            "last_name": "Erben"
        },
        {
            "id": "ur.01335041505.52",
            "research_orgs": [
                "grid.418291.7",
                "grid.411266.6",
                "grid.411123.4",
                "grid.413497.c",
                "grid.442417.0",
                "grid.440479.a",
                "grid.4367.6",
                "grid.483853.1",
                "grid.40263.33",
                "grid.8191.1",
                "grid.414244.3",
                "grid.5399.6",
                "grid.464138.c",
                "grid.414281.a",
                "grid.414295.f",
                "grid.502965.d",
                "grid.414336.7",
                "grid.428531.9",
                "grid.6363.0",
                "grid.15781.3a",
                "grid.4444.0",
                "grid.121334.6",
                "grid.414601.6"
            ],
            "first_name": "Florence",
            "last_name": "Fenollar"
        },
        {
            "id": "ur.013145671557.48",
            "research_orgs": [
                "grid.416738.f",
                "grid.8515.9",
                "grid.33070.37",
                "grid.414244.3",
                "grid.8761.8",
                "grid.411123.4",
                "grid.428999.7",
                "grid.418443.e",
                "grid.411266.6",
                "grid.412587.d",
                "grid.4818.5",
                "grid.55325.34",
                "grid.13001.33",
                "grid.418129.7",
                "grid.414601.6",
                "grid.464138.c",
                "grid.11505.30",
                "grid.10223.32",
                "grid.428531.9",
                "grid.15276.37",
                "grid.10400.35",
                "grid.6363.0",
                "grid.414346.0",
                "grid.265436.0",
                "grid.442417.0",
                "grid.38142.3c",
                "grid.418508.0",
                "grid.416302.2",
                "grid.7459.f",
                "grid.9786.0",
                "grid.412125.1",
                "grid.50125.33",
                "grid.10711.36",
                "grid.262285.9",
                "grid.416050.6",
                "grid.5253.1",
                "grid.27860.3b",
                "grid.27755.32",
                "grid.411535.7",
                "grid.11586.3b",
                "grid.483853.1",
                "grid.502965.d",
                "grid.412032.6",
                "grid.418291.7",
                "grid.440479.a",
                "grid.39382.33",
                "grid.13652.33",
                "grid.492690.0",
                "grid.419171.b",
                "grid.9723.f",
                "grid.10025.36",
                "grid.121334.6",
                "grid.466123.4",
                "grid.4991.5",
                "grid.412433.3",
                "grid.5399.6",
                "grid.4399.7",
                "grid.418510.9",
                "grid.4367.6",
                "grid.66875.3a",
                "grid.411024.2",
                "grid.32224.35",
                "grid.418539.2",
                "grid.176731.5",
                "grid.413327.0",
                "grid.239395.7",
                "grid.277151.7",
                "grid.134996.0",
                "grid.419303.c",
                "grid.414336.7",
                "grid.411903.e",
                "grid.419184.1",
                "grid.489897.3",
                "grid.413858.3",
                "grid.4444.0",
                "grid.48004.38",
                "grid.40263.33",
                "grid.40803.3f",
                "grid.444910.c",
                "grid.436183.b",
                "grid.414438.e",
                "grid.8191.1",
                "grid.412247.6",
                "grid.417579.9",
                "grid.423677.3",
                "grid.271308.f",
                "grid.440366.3"
            ],
            "first_name": "Didier A",
            "last_name": "Raoult",
            "orcid_id": [
                "0000-0002-0633-5974"
            ]
        },
        {
            "id": "ur.01326233415.81",
            "research_orgs": [
                "grid.13652.33",
                "grid.11749.3a",
                "grid.418209.6",
                "grid.413108.f",
                "grid.412468.d",
                "grid.5399.6",
                "grid.418215.b",
                "grid.6363.0",
                "grid.14095.39",
                "grid.466457.2"
            ],
            "first_name": "Thomas",
            "last_name": "Schneider"
        }
    ],
    "FOR": [
        {
            "id": "3103",
            "name": "1107 Immunology"
        }
    ],
    "research_org_countries": [
        {
            "id": "DE",
            "name": "Germany"
        },
        {
            "id": "FR",
            "name": "France"
        }
    ],
    "date": "2013-03-01",
    "pages": "2354-2361",
    "id": "pub.1078681479",
    "volume": "190",
    "issue": "5",
    "research_org_cities": [
        {
            "id": 2946447,
            "name": "Bonn"
        },
        {
            "id": 2995469,
            "name": "Marseille"
        },
        {
            "id": 2950159,
            "name": "Berlin"
        }
    ],
    "open_access": [
        "Open Access - all",
        "Open Access - publisher",
        "Open Access - published"
    ],
    "author_affiliations": [
        [
            {
                "first_name": "Verena",
                "last_name": "Moos",
                "initials": "",
                "corresponding": "",
                "orcid": "['0000-0002-9558-7291']",
                "current_organization_id": "grid.6363.0",
                "researcher_id": "ur.01105670727.26",
                "affiliations": [
                    {
                        "id": "grid.6363.0",
                        "name": "Charit\u00e9",
                        "city": "Berlin",
                        "city_id": 2950159,
                        "country": "Germany",
                        "country_code": "DE",
                        "state": null,
                        "state_code": null
                    }
                ]
            },
            {
                "first_name": "Gerhard E.",
                "last_name": "Feurle",
                "initials": "",
                "corresponding": "",
                "orcid": "",
                "current_organization_id": "grid.420076.7",
                "researcher_id": "ur.01316163170.40",
                "affiliations": [
                    {
                        "id": "grid.10388.32",
                        "name": "University of Bonn",
                        "city": "Bonn",
                        "city_id": 2946447,
                        "country": "Germany",
                        "country_code": "DE",
                        "state": null,
                        "state_code": null
                    }
                ]
            },
            {
                "first_name": "Katina",
                "last_name": "Schinnerling",
                "initials": "",
                "corresponding": "",
                "orcid": "",
                "current_organization_id": "grid.443909.3",
                "researcher_id": "ur.0703733156.39",
                "affiliations": [
                    {
                        "id": "grid.6363.0",
                        "name": "Charit\u00e9",
                        "city": "Berlin",
                        "city_id": 2950159,
                        "country": "Germany",
                        "country_code": "DE",
                        "state": null,
                        "state_code": null
                    },
                    {
                        "id": "grid.14095.39",
                        "name": "Freie Universit\u00e4t Berlin",
                        "city": "Berlin",
                        "city_id": 2950159,
                        "country": "Germany",
                        "country_code": "DE",
                        "state": null,
                        "state_code": null
                    }
                ]
            },
            {
                "first_name": "Anika",
                "last_name": "Geelhaar",
                "initials": "",
                "corresponding": "",
                "orcid": "",
                "current_organization_id": "grid.6363.0",
                "researcher_id": "ur.0742032221.38",
                "affiliations": [
                    {
                        "id": "grid.6363.0",
                        "name": "Charit\u00e9",
                        "city": "Berlin",
                        "city_id": 2950159,
                        "country": "Germany",
                        "country_code": "DE",
                        "state": null,
                        "state_code": null
                    },
                    {
                        "id": "grid.14095.39",
                        "name": "Freie Universit\u00e4t Berlin",
                        "city": "Berlin",
                        "city_id": 2950159,
                        "country": "Germany",
                        "country_code": "DE",
                        "state": null,
                        "state_code": null
                    }
                ]
            },
            {
                "first_name": "Julian",
                "last_name": "Friebel",
                "initials": "",
                "corresponding": "",
                "orcid": "",
                "current_organization_id": "grid.6363.0",
                "researcher_id": "ur.01036733604.83",
                "affiliations": [
                    {
                        "id": "grid.6363.0",
                        "name": "Charit\u00e9",
                        "city": "Berlin",
                        "city_id": 2950159,
                        "country": "Germany",
                        "country_code": "DE",
                        "state": null,
                        "state_code": null
                    }
                ]
            },
            {
                "first_name": "Kristina",
                "last_name": "Allers",
                "initials": "",
                "corresponding": "",
                "orcid": "",
                "current_organization_id": "grid.6363.0",
                "researcher_id": "ur.0607100527.80",
                "affiliations": [
                    {
                        "id": "grid.6363.0",
                        "name": "Charit\u00e9",
                        "city": "Berlin",
                        "city_id": 2950159,
                        "country": "Germany",
                        "country_code": "DE",
                        "state": null,
                        "state_code": null
                    }
                ]
            },
            {
                "first_name": "Annette",
                "last_name": "Moter",
                "initials": "",
                "corresponding": "",
                "orcid": "['0000-0003-1318-5780']",
                "current_organization_id": "grid.6363.0",
                "researcher_id": "ur.0657170775.32",
                "affiliations": [
                    {
                        "id": "grid.6363.0",
                        "name": "Charit\u00e9",
                        "city": "Berlin",
                        "city_id": 2950159,
                        "country": "Germany",
                        "country_code": "DE",
                        "state": null,
                        "state_code": null
                    }
                ]
            },
            {
                "first_name": "Judith",
                "last_name": "Kikhney",
                "initials": "",
                "corresponding": "",
                "orcid": "['0000-0002-4849-7947']",
                "current_organization_id": "grid.6363.0",
                "researcher_id": "ur.0660643103.97",
                "affiliations": [
                    {
                        "id": "grid.6363.0",
                        "name": "Charit\u00e9",
                        "city": "Berlin",
                        "city_id": 2950159,
                        "country": "Germany",
                        "country_code": "DE",
                        "state": null,
                        "state_code": null
                    }
                ]
            },
            {
                "first_name": "Christoph",
                "last_name": "Loddenkemper",
                "initials": "",
                "corresponding": "",
                "orcid": "",
                "current_organization_id": "grid.6363.0",
                "researcher_id": "ur.01045165647.42",
                "affiliations": [
                    {
                        "name": "Gemeinschaftsspraxis f\u00fcr Pathologie, 12247 Berlin, Germany;"
                    }
                ]
            },
            {
                "first_name": "Anja A.",
                "last_name": "K\u00fchl",
                "initials": "",
                "corresponding": "",
                "orcid": "",
                "current_organization_id": "grid.6363.0",
                "researcher_id": "ur.01147647430.02",
                "affiliations": [
                    {
                        "id": "grid.6363.0",
                        "name": "Charit\u00e9",
                        "city": "Berlin",
                        "city_id": 2950159,
                        "country": "Germany",
                        "country_code": "DE",
                        "state": null,
                        "state_code": null
                    },
                    {
                        "id": "grid.6363.0",
                        "name": "Charit\u00e9",
                        "city": "Berlin",
                        "city_id": 2950159,
                        "country": "Germany",
                        "country_code": "DE",
                        "state": null,
                        "state_code": null
                    }
                ]
            },
            {
                "first_name": "Ulrike",
                "last_name": "Erben",
                "initials": "",
                "corresponding": "",
                "orcid": "",
                "current_organization_id": "grid.6363.0",
                "researcher_id": "ur.01315017017.40",
                "affiliations": [
                    {
                        "id": "grid.6363.0",
                        "name": "Charit\u00e9",
                        "city": "Berlin",
                        "city_id": 2950159,
                        "country": "Germany",
                        "country_code": "DE",
                        "state": null,
                        "state_code": null
                    },
                    {
                        "id": "grid.6363.0",
                        "name": "Charit\u00e9",
                        "city": "Berlin",
                        "city_id": 2950159,
                        "country": "Germany",
                        "country_code": "DE",
                        "state": null,
                        "state_code": null
                    }
                ]
            },
            {
                "first_name": "Florence",
                "last_name": "Fenollar",
                "initials": "",
                "corresponding": "",
                "orcid": "",
                "current_organization_id": "grid.483853.1",
                "researcher_id": "ur.01335041505.52",
                "affiliations": [
                    {
                        "id": "grid.5399.6",
                        "name": "Aix-Marseille University",
                        "city": "Marseille",
                        "city_id": 2995469,
                        "country": "France",
                        "country_code": "FR",
                        "state": null,
                        "state_code": null
                    }
                ]
            },
            {
                "first_name": "Didier",
                "last_name": "Raoult",
                "initials": "",
                "corresponding": "",
                "orcid": "['0000-0002-0633-5974']",
                "current_organization_id": "grid.483853.1",
                "researcher_id": "ur.013145671557.48",
                "affiliations": [
                    {
                        "id": "grid.5399.6",
                        "name": "Aix-Marseille University",
                        "city": "Marseille",
                        "city_id": 2995469,
                        "country": "France",
                        "country_code": "FR",
                        "state": null,
                        "state_code": null
                    }
                ]
            },
            {
                "first_name": "Thomas",
                "last_name": "Schneider",
                "initials": "",
                "corresponding": "",
                "orcid": "",
                "current_organization_id": "grid.6363.0",
                "researcher_id": "ur.01326233415.81",
                "affiliations": [
                    {
                        "id": "grid.6363.0",
                        "name": "Charit\u00e9",
                        "city": "Berlin",
                        "city_id": 2950159,
                        "country": "Germany",
                        "country_code": "DE",
                        "state": null,
                        "state_code": null
                    },
                    {
                        "id": "grid.6363.0",
                        "name": "Charit\u00e9",
                        "city": "Berlin",
                        "city_id": 2950159,
                        "country": "Germany",
                        "country_code": "DE",
                        "state": null,
                        "state_code": null
                    }
                ]
            }
        ]
    ],
    "doi": "10.4049/jimmunol.1202171",
    "times_cited": 24,
    "references": [
        "pub.1034729425",
        "pub.1010429987",
        "pub.1077270671",
        "pub.1078449039",
        "pub.1077294876",
        "pub.1045152963",
        "pub.1021417036",
        "pub.1010847778",
        "pub.1026493537",
        "pub.1020556173",
        "pub.1006590878",
        "pub.1047636050",
        "pub.1044438344",
        "pub.1024374015",
        "pub.1077952278",
        "pub.1049018154",
        "pub.1000449856",
        "pub.1052991571",
        "pub.1058776379",
        "pub.1047370467",
        "pub.1018116988",
        "pub.1028788613",
        "pub.1048508931",
        "pub.1034533395",
        "pub.1069161987",
        "pub.1033495538",
        "pub.1032132695",
        "pub.1034496469",
        "pub.1025063215",
        "pub.1033457372",
        "pub.1004181456",
        "pub.1021103491",
        "pub.1073711600",
        "pub.1045673820",
        "pub.1006265197",
        "pub.1012985072"
    ],
    "relative_citation_ratio": 1.06
}