{
    "research_orgs": [
        {
            "id": "grid.280766.d",
            "linkout": [
                "http://www.progenics.com/"
            ],
            "city_name": "Tarrytown",
            "longitude": -73.8235,
            "state_name": "New York",
            "latitude": 41.078335,
            "name": "Progenics Pharmaceuticals (United States)",
            "types": [
                "Company"
            ],
            "country_name": "United States"
        },
        {
            "id": "grid.5596.f",
            "linkout": [
                "http://www.kuleuven.be/english"
            ],
            "city_name": "Leuven",
            "longitude": 4.700263,
            "acronym": "KUL",
            "latitude": 50.878162,
            "name": "KU Leuven",
            "types": [
                "Education"
            ],
            "country_name": "Belgium"
        },
        {
            "id": "grid.134907.8",
            "linkout": [
                "http://www.rockefeller.edu/"
            ],
            "city_name": "New York",
            "longitude": -73.95556,
            "state_name": "New York",
            "latitude": 40.7625,
            "name": "Rockefeller University",
            "types": [
                "Education"
            ],
            "country_name": "United States"
        }
    ],
    "research_org_country_names": [
        "Canada",
        "Belgium",
        "United States"
    ],
    "pmid": "9427609",
    "funders": [
        {
            "id": "grid.419681.3",
            "linkout": [
                "http://www.niaid.nih.gov/Pages/default.aspx"
            ],
            "city_name": "Bethesda",
            "longitude": -77.11183,
            "acronym": "NIAID",
            "state_name": "Maryland",
            "latitude": 39.066647,
            "name": "National Institute of Allergy and Infectious Diseases",
            "types": [
                "Facility"
            ],
            "country_name": "United States"
        }
    ],
    "title": "AMD3100, a small molecule inhibitor of HIV-1 entry via the CXCR4 co-receptor",
    "type": "article",
    "year": 1998,
    "journal": {
        "id": "jour.1113716",
        "title": "Nature Medicine"
    },
    "researchers": [
        {
            "id": "ur.01341154374.42",
            "research_orgs": [
                "grid.418128.6",
                "grid.6734.6",
                "grid.19006.3e",
                "grid.4989.c",
                "grid.415751.3",
                "grid.411438.b",
                "grid.416651.1",
                "grid.5596.f",
                "grid.253294.b",
                "grid.420089.7",
                "grid.25879.31"
            ],
            "first_name": "Dominique",
            "last_name": "Schols",
            "orcid_id": [
                "0000-0003-3256-5850"
            ]
        },
        {
            "id": "ur.0733037240.73",
            "research_orgs": [
                "grid.134907.8",
                "grid.47840.3f"
            ],
            "first_name": "Steven W",
            "last_name": "Lin"
        },
        {
            "id": "ur.014566173624.38",
            "research_orgs": [
                "grid.411438.b",
                "grid.5596.f"
            ],
            "first_name": "Jos\u00e9 A",
            "last_name": "Est\u00e9"
        },
        {
            "id": "ur.0616607427.97",
            "research_orgs": [
                "grid.280766.d"
            ],
            "first_name": "Kirsten A",
            "last_name": "Nagashima"
        },
        {
            "id": "ur.01223532003.66",
            "research_orgs": [
                "grid.419261.9",
                "grid.25879.31",
                "grid.21729.3f",
                "grid.280766.d",
                "grid.18886.3f",
                "grid.411439.a",
                "grid.241116.1",
                "grid.240341.0"
            ],
            "first_name": "Paul Jay",
            "last_name": "Maddon"
        },
        {
            "id": "ur.0665441522.31",
            "research_orgs": [
                "grid.423380.e",
                "grid.25055.37",
                "grid.10698.36",
                "grid.7372.1",
                "grid.280766.d",
                "grid.422121.6",
                "grid.419633.a",
                "grid.94365.3d",
                "grid.433757.1",
                "grid.410332.7"
            ],
            "first_name": "Graham P",
            "last_name": "Allaway"
        },
        {
            "id": "ur.01310113244.02",
            "research_orgs": [
                "grid.134907.8",
                "grid.116068.8",
                "grid.21729.3f",
                "grid.413575.1",
                "grid.5254.6",
                "grid.4714.6"
            ],
            "first_name": "Thomas P",
            "last_name": "Sakmar",
            "orcid_id": [
                "0000-0002-2836-8953"
            ]
        },
        {
            "id": "ur.0766266764.33",
            "research_orgs": [
                "grid.411438.b",
                "grid.423534.7",
                "grid.5600.3",
                "grid.415751.3"
            ],
            "first_name": "Geoffrey W",
            "last_name": "Henson"
        },
        {
            "id": "ur.010315044462.97",
            "research_orgs": [
                "grid.134907.8",
                "grid.7445.2",
                "grid.280587.0",
                "grid.5386.8",
                "grid.67105.35",
                "grid.18886.3f",
                "grid.417850.f",
                "grid.412004.3",
                "grid.137628.9"
            ],
            "first_name": "John P",
            "last_name": "Moore"
        }
    ],
    "FOR": [
        {
            "id": "2581",
            "name": "0601 Biochemistry and Cell Biology"
        }
    ],
    "research_org_countries": [
        {
            "id": "BE",
            "name": "Belgium"
        },
        {
            "id": "US",
            "name": "United States"
        },
        {
            "id": "CA",
            "name": "Canada"
        }
    ],
    "date": "1998-01-01",
    "altmetric": 9.0,
    "pages": "72-77",
    "research_org_state_names": [
        "New York"
    ],
    "id": "pub.1047531381",
    "research_org_state_codes": [
        {
            "id": "US-NY",
            "name": "New York"
        }
    ],
    "volume": "4",
    "issue": "1",
    "research_org_cities": [
        {
            "id": 2792482,
            "name": "Leuven"
        },
        {
            "id": 5140538,
            "name": "Tarrytown"
        },
        {
            "id": 5128581,
            "name": "New York City"
        }
    ],
    "author_affiliations": [
        [
            {
                "first_name": "George A.",
                "last_name": "Donzella",
                "initials": "",
                "corresponding": "",
                "orcid": "",
                "current_organization_id": "",
                "researcher_id": "",
                "affiliations": [
                    {
                        "id": "grid.134907.8",
                        "name": "Rockefeller University",
                        "city": "New York",
                        "city_id": 5128581,
                        "country": "United States",
                        "country_code": "US",
                        "state": "New York",
                        "state_code": "US-NY"
                    }
                ]
            },
            {
                "first_name": "Dominique",
                "last_name": "Schols",
                "initials": "",
                "corresponding": "",
                "orcid": "['0000-0003-3256-5850']",
                "current_organization_id": "grid.5596.f",
                "researcher_id": "ur.01341154374.42",
                "affiliations": [
                    {
                        "id": "grid.5596.f",
                        "name": "KU Leuven",
                        "city": "Leuven",
                        "city_id": 2792482,
                        "country": "Belgium",
                        "country_code": "BE",
                        "state": null,
                        "state_code": null
                    }
                ]
            },
            {
                "first_name": "Steven W.",
                "last_name": "Lin",
                "initials": "",
                "corresponding": "",
                "orcid": "",
                "current_organization_id": "grid.134907.8",
                "researcher_id": "ur.0733037240.73",
                "affiliations": [
                    {
                        "id": "grid.134907.8",
                        "name": "Rockefeller University",
                        "city": "New York",
                        "city_id": 5128581,
                        "country": "United States",
                        "country_code": "US",
                        "state": "New York",
                        "state_code": "US-NY"
                    }
                ]
            },
            {
                "first_name": "Jos\u00e9 A.",
                "last_name": "Est\u00e9",
                "initials": "",
                "corresponding": "",
                "orcid": "",
                "current_organization_id": "",
                "researcher_id": "ur.014566173624.38",
                "affiliations": [
                    {
                        "id": "grid.5596.f",
                        "name": "KU Leuven",
                        "city": "Leuven",
                        "city_id": 2792482,
                        "country": "Belgium",
                        "country_code": "BE",
                        "state": null,
                        "state_code": null
                    }
                ]
            },
            {
                "first_name": "Kirsten A.",
                "last_name": "Nagashima",
                "initials": "",
                "corresponding": "",
                "orcid": "",
                "current_organization_id": "grid.280766.d",
                "researcher_id": "ur.0616607427.97",
                "affiliations": [
                    {
                        "id": "grid.280766.d",
                        "name": "Progenics Pharmaceuticals (United States)",
                        "city": "Tarrytown",
                        "city_id": 5140538,
                        "country": "United States",
                        "country_code": "US",
                        "state": "New York",
                        "state_code": "US-NY"
                    }
                ]
            },
            {
                "first_name": "Paul J.",
                "last_name": "Maddon",
                "initials": "",
                "corresponding": "",
                "orcid": "",
                "current_organization_id": "",
                "researcher_id": "ur.01223532003.66",
                "affiliations": [
                    {
                        "id": "grid.280766.d",
                        "name": "Progenics Pharmaceuticals (United States)",
                        "city": "Tarrytown",
                        "city_id": 5140538,
                        "country": "United States",
                        "country_code": "US",
                        "state": "New York",
                        "state_code": "US-NY"
                    }
                ]
            },
            {
                "first_name": "Graham P.",
                "last_name": "Allaway",
                "initials": "",
                "corresponding": "",
                "orcid": "",
                "current_organization_id": "grid.433757.1",
                "researcher_id": "ur.0665441522.31",
                "affiliations": [
                    {
                        "id": "grid.280766.d",
                        "name": "Progenics Pharmaceuticals (United States)",
                        "city": "Tarrytown",
                        "city_id": 5140538,
                        "country": "United States",
                        "country_code": "US",
                        "state": "New York",
                        "state_code": "US-NY"
                    }
                ]
            },
            {
                "first_name": "Thomas P.",
                "last_name": "Sakmar",
                "initials": "",
                "corresponding": "",
                "orcid": "['0000-0002-2836-8953']",
                "current_organization_id": "grid.134907.8",
                "researcher_id": "ur.01310113244.02",
                "affiliations": [
                    {
                        "id": "grid.134907.8",
                        "name": "Rockefeller University",
                        "city": "New York",
                        "city_id": 5128581,
                        "country": "United States",
                        "country_code": "US",
                        "state": "New York",
                        "state_code": "US-NY"
                    }
                ]
            },
            {
                "first_name": "Geoffrey",
                "last_name": "Henson",
                "initials": "",
                "corresponding": "",
                "orcid": "",
                "current_organization_id": "",
                "researcher_id": "ur.0766266764.33",
                "affiliations": [
                    {
                        "name": "AnorMED, No. 100-20353 64th Avenue, V2Y 1N5, Langley, British Columbia, Canada"
                    }
                ]
            },
            {
                "first_name": "Erik",
                "last_name": "DeClercq",
                "initials": "",
                "corresponding": "",
                "orcid": "",
                "current_organization_id": "",
                "researcher_id": "",
                "affiliations": [
                    {
                        "id": "grid.5596.f",
                        "name": "KU Leuven",
                        "city": "Leuven",
                        "city_id": 2792482,
                        "country": "Belgium",
                        "country_code": "BE",
                        "state": null,
                        "state_code": null
                    }
                ]
            },
            {
                "first_name": "John P.",
                "last_name": "Moore",
                "initials": "",
                "corresponding": "",
                "orcid": "",
                "current_organization_id": "grid.5386.8",
                "researcher_id": "ur.010315044462.97",
                "affiliations": [
                    {
                        "id": "grid.134907.8",
                        "name": "Rockefeller University",
                        "city": "New York",
                        "city_id": 5128581,
                        "country": "United States",
                        "country_code": "US",
                        "state": "New York",
                        "state_code": "US-NY"
                    }
                ]
            }
        ]
    ],
    "doi": "10.1038/nm0198-072",
    "times_cited": 598,
    "references": [
        "pub.1082390925",
        "pub.1053562821",
        "pub.1002064481",
        "pub.1021611232",
        "pub.1017013432",
        "pub.1029523781",
        "pub.1082976192",
        "pub.1019465067",
        "pub.1053507824",
        "pub.1031132045",
        "pub.1015149881",
        "pub.1062553455",
        "pub.1083089728",
        "pub.1016281241",
        "pub.1083104050",
        "pub.1008364449",
        "pub.1082918985",
        "pub.1012812594",
        "pub.1082394611",
        "pub.1083131222",
        "pub.1043056125",
        "pub.1050488632",
        "pub.1020257548",
        "pub.1001795994",
        "pub.1083072557",
        "pub.1036628325",
        "pub.1062554583",
        "pub.1082858477",
        "pub.1083089690",
        "pub.1062552993",
        "pub.1059704481",
        "pub.1083031270",
        "pub.1028660968",
        "pub.1062556349",
        "pub.1014495918",
        "pub.1024604137",
        "pub.1028286837",
        "pub.1082855567",
        "pub.1082884657",
        "pub.1083020209",
        "pub.1046185924",
        "pub.1012363826",
        "pub.1082585567",
        "pub.1077249379",
        "pub.1082499937",
        "pub.1062654813",
        "pub.1017723508",
        "pub.1003314512"
    ],
    "relative_citation_ratio": 11.31
}