{
    "pmid": "30347851",
    "author_affiliations": [
        [
            {
                "first_name": "Wen",
                "last_name": "Li",
                "initials": "",
                "corresponding": "",
                "orcid": "",
                "current_organization_id": "grid.258164.c",
                "researcher_id": "ur.013215204017.90",
                "affiliations": [
                    {
                        "id": "grid.258164.c",
                        "name": "Jinan University",
                        "city": "Guangzhou",
                        "city_id": 1809858,
                        "country": "China",
                        "country_code": "CN",
                        "state": null,
                        "state_code": null
                    },
                    {
                        "id": "grid.258164.c",
                        "name": "Jinan University",
                        "city": "Guangzhou",
                        "city_id": 1809858,
                        "country": "China",
                        "country_code": "CN",
                        "state": null,
                        "state_code": null
                    }
                ]
            },
            {
                "first_name": "Xiao-Hua",
                "last_name": "Wang",
                "initials": "",
                "corresponding": "",
                "orcid": "",
                "current_organization_id": "grid.258164.c",
                "researcher_id": "ur.012240666640.21",
                "affiliations": [
                    {
                        "id": "grid.258164.c",
                        "name": "Jinan University",
                        "city": "Guangzhou",
                        "city_id": 1809858,
                        "country": "China",
                        "country_code": "CN",
                        "state": null,
                        "state_code": null
                    },
                    {
                        "id": "grid.258164.c",
                        "name": "Jinan University",
                        "city": "Guangzhou",
                        "city_id": 1809858,
                        "country": "China",
                        "country_code": "CN",
                        "state": null,
                        "state_code": null
                    }
                ]
            },
            {
                "first_name": "Zhuo",
                "last_name": "Luo",
                "initials": "",
                "corresponding": "",
                "orcid": "",
                "current_organization_id": "grid.258164.c",
                "researcher_id": "ur.012716414747.47",
                "affiliations": [
                    {
                        "id": "grid.258164.c",
                        "name": "Jinan University",
                        "city": "Guangzhou",
                        "city_id": 1809858,
                        "country": "China",
                        "country_code": "CN",
                        "state": null,
                        "state_code": null
                    },
                    {
                        "id": "grid.258164.c",
                        "name": "Jinan University",
                        "city": "Guangzhou",
                        "city_id": 1809858,
                        "country": "China",
                        "country_code": "CN",
                        "state": null,
                        "state_code": null
                    }
                ]
            },
            {
                "first_name": "Li-Fang",
                "last_name": "Liu",
                "initials": "",
                "corresponding": "",
                "orcid": "",
                "current_organization_id": "grid.258164.c",
                "researcher_id": "ur.014431210240.36",
                "affiliations": [
                    {
                        "id": "grid.258164.c",
                        "name": "Jinan University",
                        "city": "Guangzhou",
                        "city_id": 1809858,
                        "country": "China",
                        "country_code": "CN",
                        "state": null,
                        "state_code": null
                    },
                    {
                        "id": "grid.258164.c",
                        "name": "Jinan University",
                        "city": "Guangzhou",
                        "city_id": 1809858,
                        "country": "China",
                        "country_code": "CN",
                        "state": null,
                        "state_code": null
                    }
                ]
            },
            {
                "first_name": "Chang",
                "last_name": "Yan",
                "initials": "",
                "corresponding": "",
                "orcid": "",
                "current_organization_id": "",
                "researcher_id": "",
                "affiliations": [
                    {
                        "id": "grid.258164.c",
                        "name": "Jinan University",
                        "city": "Guangzhou",
                        "city_id": 1809858,
                        "country": "China",
                        "country_code": "CN",
                        "state": null,
                        "state_code": null
                    },
                    {
                        "id": "grid.258164.c",
                        "name": "Jinan University",
                        "city": "Guangzhou",
                        "city_id": 1809858,
                        "country": "China",
                        "country_code": "CN",
                        "state": null,
                        "state_code": null
                    }
                ]
            },
            {
                "first_name": "Chang-Yu",
                "last_name": "Yan",
                "initials": "",
                "corresponding": "",
                "orcid": "",
                "current_organization_id": "",
                "researcher_id": "",
                "affiliations": [
                    {
                        "id": "grid.258164.c",
                        "name": "Jinan University",
                        "city": "Guangzhou",
                        "city_id": 1809858,
                        "country": "China",
                        "country_code": "CN",
                        "state": null,
                        "state_code": null
                    },
                    {
                        "id": "grid.258164.c",
                        "name": "Jinan University",
                        "city": "Guangzhou",
                        "city_id": 1809858,
                        "country": "China",
                        "country_code": "CN",
                        "state": null,
                        "state_code": null
                    }
                ]
            },
            {
                "first_name": "Guo-Dong",
                "last_name": "Chen",
                "initials": "",
                "corresponding": "",
                "orcid": "['0000-0002-6773-4063']",
                "current_organization_id": "grid.258164.c",
                "researcher_id": "ur.01267674304.92",
                "affiliations": [
                    {
                        "id": "grid.258164.c",
                        "name": "Jinan University",
                        "city": "Guangzhou",
                        "city_id": 1809858,
                        "country": "China",
                        "country_code": "CN",
                        "state": null,
                        "state_code": null
                    },
                    {
                        "id": "grid.258164.c",
                        "name": "Jinan University",
                        "city": "Guangzhou",
                        "city_id": 1809858,
                        "country": "China",
                        "country_code": "CN",
                        "state": null,
                        "state_code": null
                    }
                ]
            },
            {
                "first_name": "Hao",
                "last_name": "Gao",
                "initials": "",
                "corresponding": "",
                "orcid": "['0000-0003-1178-0121']",
                "current_organization_id": "grid.258164.c",
                "researcher_id": "ur.01045371112.65",
                "affiliations": [
                    {
                        "id": "grid.258164.c",
                        "name": "Jinan University",
                        "city": "Guangzhou",
                        "city_id": 1809858,
                        "country": "China",
                        "country_code": "CN",
                        "state": null,
                        "state_code": null
                    },
                    {
                        "id": "grid.258164.c",
                        "name": "Jinan University",
                        "city": "Guangzhou",
                        "city_id": 1809858,
                        "country": "China",
                        "country_code": "CN",
                        "state": null,
                        "state_code": null
                    }
                ]
            },
            {
                "first_name": "Wen-Jun",
                "last_name": "Duan",
                "initials": "",
                "corresponding": "",
                "orcid": "",
                "current_organization_id": "grid.258164.c",
                "researcher_id": "ur.01303305017.85",
                "affiliations": [
                    {
                        "id": "grid.258164.c",
                        "name": "Jinan University",
                        "city": "Guangzhou",
                        "city_id": 1809858,
                        "country": "China",
                        "country_code": "CN",
                        "state": null,
                        "state_code": null
                    },
                    {
                        "id": "grid.258164.c",
                        "name": "Jinan University",
                        "city": "Guangzhou",
                        "city_id": 1809858,
                        "country": "China",
                        "country_code": "CN",
                        "state": null,
                        "state_code": null
                    }
                ]
            },
            {
                "first_name": "Hiroshi",
                "last_name": "Kurihara",
                "initials": "",
                "corresponding": "",
                "orcid": "",
                "current_organization_id": "grid.258164.c",
                "researcher_id": "ur.01175234754.49",
                "affiliations": [
                    {
                        "id": "grid.258164.c",
                        "name": "Jinan University",
                        "city": "Guangzhou",
                        "city_id": 1809858,
                        "country": "China",
                        "country_code": "CN",
                        "state": null,
                        "state_code": null
                    },
                    {
                        "id": "grid.258164.c",
                        "name": "Jinan University",
                        "city": "Guangzhou",
                        "city_id": 1809858,
                        "country": "China",
                        "country_code": "CN",
                        "state": null,
                        "state_code": null
                    }
                ]
            },
            {
                "first_name": "Yi-Fang",
                "last_name": "Li",
                "initials": "",
                "corresponding": "",
                "orcid": "",
                "current_organization_id": "grid.258164.c",
                "researcher_id": "ur.0744557754.40",
                "affiliations": [
                    {
                        "id": "grid.258164.c",
                        "name": "Jinan University",
                        "city": "Guangzhou",
                        "city_id": 1809858,
                        "country": "China",
                        "country_code": "CN",
                        "state": null,
                        "state_code": null
                    },
                    {
                        "id": "grid.258164.c",
                        "name": "Jinan University",
                        "city": "Guangzhou",
                        "city_id": 1809858,
                        "country": "China",
                        "country_code": "CN",
                        "state": null,
                        "state_code": null
                    }
                ]
            },
            {
                "first_name": "Rong-Rong",
                "last_name": "He",
                "initials": "",
                "corresponding": "",
                "orcid": "['0000-0001-5505-5672']",
                "current_organization_id": "grid.258164.c",
                "researcher_id": "ur.0736070536.02",
                "affiliations": [
                    {
                        "id": "grid.258164.c",
                        "name": "Jinan University",
                        "city": "Guangzhou",
                        "city_id": 1809858,
                        "country": "China",
                        "country_code": "CN",
                        "state": null,
                        "state_code": null
                    },
                    {
                        "id": "grid.258164.c",
                        "name": "Jinan University",
                        "city": "Guangzhou",
                        "city_id": 1809858,
                        "country": "China",
                        "country_code": "CN",
                        "state": null,
                        "state_code": null
                    }
                ]
            }
        ]
    ],
    "altmetric": 1.0,
    "FOR": [
        {
            "id": "3114",
            "name": "1108 Medical Microbiology"
        }
    ],
    "research_org_countries": [
        {
            "id": "CN",
            "name": "China"
        }
    ],
    "title": "Traditional Chinese Medicine as a Potential Source for HSV-1 Therapy by Acting on Virus or the Susceptibility of Host",
    "research_org_cities": [
        {
            "id": 1809858,
            "name": "Guangzhou"
        }
    ],
    "pages": "3266",
    "issue": "10",
    "open_access": [
        "Open Access - all",
        "Open Access - publisher",
        "Open Access - published"
    ],
    "doi": "10.3390/ijms19103266",
    "times_cited": 7,
    "funders": [
        {
            "id": "grid.419696.5",
            "name": "National Natural Science Foundation of China",
            "linkout": [
                "http://www.nsfc.gov.cn/publish/portal1/"
            ],
            "country_name": "China",
            "types": [
                "Government"
            ],
            "latitude": 40.005177,
            "acronym": "NSFC",
            "city_name": "Beijing",
            "longitude": 116.33983
        }
    ],
    "journal": {
        "id": "jour.1028874",
        "title": "International Journal of Molecular Sciences"
    },
    "research_orgs": [
        {
            "id": "grid.258164.c",
            "name": "Jinan University",
            "linkout": [
                "https://english.jnu.edu.cn/"
            ],
            "country_name": "China",
            "types": [
                "Education"
            ],
            "latitude": 23.128,
            "acronym": "JNU",
            "state_name": "Guangdong",
            "city_name": "Guangzhou",
            "longitude": 113.3477
        }
    ],
    "year": 2018,
    "references": [
        "pub.1022093050",
        "pub.1078343959",
        "pub.1045797409",
        "pub.1002314186",
        "pub.1055910676",
        "pub.1013451233",
        "pub.1053423287",
        "pub.1023699988",
        "pub.1052623332",
        "pub.1049556102",
        "pub.1036968703",
        "pub.1057264769",
        "pub.1092518360",
        "pub.1083916865",
        "pub.1062908415",
        "pub.1004361522",
        "pub.1092353842",
        "pub.1045282014",
        "pub.1043284863",
        "pub.1057399426",
        "pub.1032413368",
        "pub.1084819363",
        "pub.1034688342",
        "pub.1079236090",
        "pub.1037513615",
        "pub.1044792736",
        "pub.1005095239",
        "pub.1091932981",
        "pub.1008649951",
        "pub.1077281117",
        "pub.1053083042",
        "pub.1092049732",
        "pub.1042688071",
        "pub.1048802190",
        "pub.1041765645",
        "pub.1031196882",
        "pub.1049119506",
        "pub.1031077569",
        "pub.1085320456",
        "pub.1023149269",
        "pub.1057294274",
        "pub.1047403768",
        "pub.1019298627",
        "pub.1076980964",
        "pub.1007784854",
        "pub.1071480038",
        "pub.1069195898",
        "pub.1045060212",
        "pub.1052844949",
        "pub.1004691626",
        "pub.1025485788",
        "pub.1055911568",
        "pub.1056229447",
        "pub.1008083150",
        "pub.1031196773",
        "pub.1025294948",
        "pub.1039241536",
        "pub.1043109159",
        "pub.1001611712",
        "pub.1021025961",
        "pub.1040531351",
        "pub.1027333418",
        "pub.1057449944",
        "pub.1092632652",
        "pub.1029177965",
        "pub.1103787090",
        "pub.1086071248",
        "pub.1005654660",
        "pub.1059282695",
        "pub.1042280775",
        "pub.1092236348",
        "pub.1032988951",
        "pub.1047587901",
        "pub.1033030602",
        "pub.1033541812",
        "pub.1048822919",
        "pub.1014764009",
        "pub.1032000765",
        "pub.1020606164",
        "pub.1036399553",
        "pub.1032537344",
        "pub.1056252633",
        "pub.1085181912",
        "pub.1055913966",
        "pub.1090617435",
        "pub.1023355686",
        "pub.1049607437",
        "pub.1103956485",
        "pub.1083824141",
        "pub.1031829522",
        "pub.1100277855"
    ],
    "id": "pub.1107762701",
    "research_org_country_names": [
        "China"
    ],
    "date": "2018-10-20",
    "researchers": [
        {
            "id": "ur.013215204017.90",
            "research_orgs": [
                "grid.258164.c"
            ],
            "last_name": "Li",
            "first_name": "Wen"
        },
        {
            "id": "ur.012240666640.21",
            "research_orgs": [
                "grid.258164.c"
            ],
            "last_name": "Wang",
            "first_name": "Xiao-Hua"
        },
        {
            "id": "ur.012716414747.47",
            "research_orgs": [
                "grid.258164.c"
            ],
            "last_name": "Luo",
            "first_name": "Zhuo"
        },
        {
            "id": "ur.014431210240.36",
            "research_orgs": [
                "grid.258164.c"
            ],
            "last_name": "Liu",
            "first_name": "Li-Fang"
        },
        {
            "id": "ur.01267674304.92",
            "research_orgs": [
                "grid.20561.30",
                "grid.258164.c"
            ],
            "last_name": "Chen",
            "first_name": "Guo-Dong",
            "orcid_id": [
                "0000-0002-6773-4063"
            ]
        },
        {
            "id": "ur.01045371112.65",
            "research_orgs": [
                "grid.12527.33",
                "grid.419093.6",
                "grid.412561.5",
                "grid.258164.c",
                "grid.412601.0",
                "grid.41156.37"
            ],
            "last_name": "Gao",
            "first_name": "Hao",
            "orcid_id": [
                "0000-0003-1178-0121"
            ]
        },
        {
            "id": "ur.01303305017.85",
            "research_orgs": [
                "grid.411866.c",
                "grid.258164.c",
                "grid.12981.33"
            ],
            "last_name": "Duan",
            "first_name": "Wen-Jun"
        },
        {
            "id": "ur.01175234754.49",
            "research_orgs": [
                "grid.12981.33",
                "grid.258164.c",
                "grid.69566.3a",
                "grid.419711.b"
            ],
            "last_name": "Kurihara",
            "first_name": "Hiroshi"
        },
        {
            "id": "ur.0744557754.40",
            "research_orgs": [
                "grid.258164.c",
                "grid.194645.b"
            ],
            "last_name": "Li",
            "first_name": "Yi Fang"
        },
        {
            "id": "ur.0736070536.02",
            "research_orgs": [
                "grid.258164.c",
                "grid.412561.5",
                "grid.240145.6",
                "grid.12981.33",
                "grid.21925.3d",
                "grid.419093.6",
                "grid.267308.8"
            ],
            "last_name": "He",
            "first_name": "Rong Rong",
            "orcid_id": [
                "0000-0001-5505-5672"
            ]
        }
    ],
    "relative_citation_ratio": 0.9,
    "type": "article",
    "volume": "19",
    "pmcid": "PMC6213986"
}