{
    "pmid": "26478165",
    "author_affiliations": [
        [
            {
                "first_name": "Hicham",
                "last_name": "Sid",
                "initials": "",
                "corresponding": "",
                "orcid": "['0000-0002-5608-8166']",
                "current_organization_id": "grid.6936.a",
                "researcher_id": "ur.0700312015.43",
                "affiliations": [
                    {
                        "name": "Clinic for Poultry, University of Veterinary Medicine Hannover, B, nteweg 17, 30559 Hannover, Germany"
                    }
                ]
            },
            {
                "first_name": "Karine",
                "last_name": "Benachour",
                "initials": "",
                "corresponding": "",
                "orcid": "",
                "current_organization_id": "",
                "researcher_id": "",
                "affiliations": [
                    {
                        "name": "Yahia Fares University, Sciences and Technology Faculty, Biology Department, Medea, Algeria"
                    }
                ]
            },
            {
                "first_name": "Silke",
                "last_name": "Rautenschlein",
                "initials": "",
                "corresponding": "",
                "orcid": "",
                "current_organization_id": "grid.412970.9",
                "researcher_id": "ur.0705301054.16",
                "affiliations": [
                    {
                        "name": "Clinic for Poultry, University of Veterinary Medicine Hannover, B, nteweg 17, 30559 Hannover, Germany"
                    }
                ]
            }
        ]
    ],
    "FOR": [
        {
            "id": "3114",
            "name": "1108 Medical Microbiology"
        }
    ],
    "research_org_countries": [
        {
            "id": "DE",
            "name": "Germany"
        },
        {
            "id": "DZ",
            "name": "Algeria"
        }
    ],
    "title": "Co-infection with Multiple Respiratory Pathogens Contributes to Increased Mortality Rates in Algerian Poultry Flocks",
    "research_org_cities": [
        {
            "id": 2488835,
            "name": "M\u00e9d\u00e9a"
        },
        {
            "id": 2954774,
            "name": "Aub"
        }
    ],
    "pages": "440-446",
    "issue": "3",
    "doi": "10.1637/11063-031615-case.1",
    "times_cited": 32,
    "funders": [
        {
            "id": "grid.452936.f",
            "name": "German Academic Exchange Service",
            "linkout": [
                "https://www.daad.de/en/"
            ],
            "country_name": "Germany",
            "types": [
                "Nonprofit"
            ],
            "latitude": 50.700264,
            "acronym": "DAAD",
            "city_name": "Bonn",
            "longitude": 7.148868
        }
    ],
    "journal": {
        "id": "jour.1017072",
        "title": "Avian Diseases"
    },
    "year": 2015,
    "references": [
        "pub.1069558738",
        "pub.1018451966",
        "pub.1013508334",
        "pub.1072875713",
        "pub.1023349757",
        "pub.1046144248",
        "pub.1031782294",
        "pub.1080473647",
        "pub.1040561268",
        "pub.1047485576",
        "pub.1021746494",
        "pub.1072875950",
        "pub.1032310378",
        "pub.1037351807",
        "pub.1003535599",
        "pub.1047180544",
        "pub.1008198320",
        "pub.1071482113",
        "pub.1040495157",
        "pub.1068113465",
        "pub.1021123667",
        "pub.1008212546",
        "pub.1071241451",
        "pub.1044576827",
        "pub.1060397317",
        "pub.1109469960",
        "pub.1069557801",
        "pub.1038186800",
        "pub.1103571506",
        "pub.1045858431",
        "pub.1001926050",
        "pub.1014012015",
        "pub.1000226040",
        "pub.1069556398",
        "pub.1007834941",
        "pub.1069555348",
        "pub.1005312444",
        "pub.1049219269",
        "pub.1053208808",
        "pub.1046070961",
        "pub.1032377219",
        "pub.1050375671",
        "pub.1004698201",
        "pub.1007829748",
        "pub.1025089650",
        "pub.1039168914",
        "pub.1038167922",
        "pub.1021760983",
        "pub.1044816081",
        "pub.1035544934",
        "pub.1028797360"
    ],
    "id": "pub.1030400020",
    "research_org_country_names": [
        "Germany",
        "Algeria"
    ],
    "date": "2015-09-01",
    "researchers": [
        {
            "id": "ur.0700312015.43",
            "research_orgs": [
                "grid.412970.9",
                "grid.6936.a",
                "grid.32139.3a"
            ],
            "last_name": "Sid",
            "first_name": "Hicham",
            "orcid_id": [
                "0000-0002-5608-8166"
            ]
        },
        {
            "id": "ur.0705301054.16",
            "research_orgs": [
                "grid.7450.6",
                "grid.412970.9",
                "grid.17635.36"
            ],
            "last_name": "Rautenschlein",
            "first_name": "Silke"
        }
    ],
    "relative_citation_ratio": 2.72,
    "type": "article",
    "volume": "59"
}