{
    "pmid": "21525360",
    "author_affiliations": [
        [
            {
                "first_name": "Haibin",
                "last_name": "Liu",
                "initials": "",
                "corresponding": "",
                "orcid": "",
                "current_organization_id": "grid.439104.b",
                "researcher_id": "ur.01344110612.19",
                "affiliations": [
                    {
                        "id": "grid.49470.3e",
                        "name": "Wuhan University",
                        "city": "Wuhan",
                        "city_id": 1791247,
                        "country": "China",
                        "country_code": "CN",
                        "state": null,
                        "state_code": null
                    }
                ]
            },
            {
                "first_name": "Yi",
                "last_name": "Liu",
                "initials": "",
                "corresponding": "",
                "orcid": "['0000-0002-8334-6124']",
                "current_organization_id": "grid.49470.3e",
                "researcher_id": "ur.0746715571.47",
                "affiliations": [
                    {
                        "id": "grid.49470.3e",
                        "name": "Wuhan University",
                        "city": "Wuhan",
                        "city_id": 1791247,
                        "country": "China",
                        "country_code": "CN",
                        "state": null,
                        "state_code": null
                    },
                    {
                        "id": "grid.439104.b",
                        "name": "Wuhan Institute Of Virology",
                        "city": "Wuhan",
                        "city_id": 1791247,
                        "country": "China",
                        "country_code": "CN",
                        "state": null,
                        "state_code": null
                    }
                ]
            },
            {
                "first_name": "Shulin",
                "last_name": "Liu",
                "initials": "",
                "corresponding": "",
                "orcid": "",
                "current_organization_id": "",
                "researcher_id": "",
                "affiliations": [
                    {
                        "id": "grid.49470.3e",
                        "name": "Wuhan University",
                        "city": "Wuhan",
                        "city_id": 1791247,
                        "country": "China",
                        "country_code": "CN",
                        "state": null,
                        "state_code": null
                    }
                ]
            },
            {
                "first_name": "Dai-Wen",
                "last_name": "Pang",
                "initials": "",
                "corresponding": "",
                "orcid": "['0000-0001-5977-9926']",
                "current_organization_id": "grid.49470.3e",
                "researcher_id": "ur.01016506515.38",
                "affiliations": [
                    {
                        "id": "grid.49470.3e",
                        "name": "Wuhan University",
                        "city": "Wuhan",
                        "city_id": 1791247,
                        "country": "China",
                        "country_code": "CN",
                        "state": null,
                        "state_code": null
                    }
                ]
            },
            {
                "first_name": "Gengfu",
                "last_name": "Xiao",
                "initials": "",
                "corresponding": "",
                "orcid": "",
                "current_organization_id": "grid.439104.b",
                "researcher_id": "ur.0666617712.38",
                "affiliations": [
                    {
                        "id": "grid.49470.3e",
                        "name": "Wuhan University",
                        "city": "Wuhan",
                        "city_id": 1791247,
                        "country": "China",
                        "country_code": "CN",
                        "state": null,
                        "state_code": null
                    },
                    {
                        "id": "grid.439104.b",
                        "name": "Wuhan Institute Of Virology",
                        "city": "Wuhan",
                        "city_id": 1791247,
                        "country": "China",
                        "country_code": "CN",
                        "state": null,
                        "state_code": null
                    }
                ]
            }
        ]
    ],
    "FOR": [
        {
            "id": "3114",
            "name": "1108 Medical Microbiology"
        },
        {
            "id": "2581",
            "name": "0601 Biochemistry and Cell Biology"
        }
    ],
    "research_org_countries": [
        {
            "id": "CN",
            "name": "China"
        }
    ],
    "title": "Clathrin-Mediated Endocytosis in Living Host Cells Visualized through Quantum Dot Labeling of Infectious Hematopoietic Necrosis Virus",
    "research_org_cities": [
        {
            "id": 1791247,
            "name": "Wuhan"
        }
    ],
    "pages": "6252-6262",
    "issue": "13",
    "open_access": [
        "Open Access - all",
        "Open Access - publisher",
        "Open Access - published"
    ],
    "doi": "10.1128/jvi.00109-11",
    "times_cited": 62,
    "funders": [
        {
            "id": "grid.9227.e",
            "name": "Chinese Academy of Sciences",
            "linkout": [
                "http://english.cas.cn/"
            ],
            "country_name": "China",
            "types": [
                "Government"
            ],
            "latitude": 39.908115,
            "acronym": "CAS",
            "state_name": "Beijing",
            "city_name": "Beijing",
            "longitude": 116.250656
        },
        {
            "id": "grid.419696.5",
            "name": "National Natural Science Foundation of China",
            "linkout": [
                "http://www.nsfc.gov.cn/publish/portal1/"
            ],
            "country_name": "China",
            "types": [
                "Government"
            ],
            "latitude": 40.005177,
            "acronym": "NSFC",
            "city_name": "Beijing",
            "longitude": 116.33983
        }
    ],
    "journal": {
        "id": "jour.1008072",
        "title": "Journal of Virology"
    },
    "research_orgs": [
        {
            "id": "grid.439104.b",
            "name": "Wuhan Institute Of Virology",
            "linkout": [
                "http://english.whiov.cas.cn/"
            ],
            "country_name": "China",
            "types": [
                "Facility"
            ],
            "latitude": 30.375658,
            "acronym": "WIV",
            "city_name": "Wuhan",
            "longitude": 114.26543
        },
        {
            "id": "grid.49470.3e",
            "name": "Wuhan University",
            "linkout": [
                "http://en.whu.edu.cn/"
            ],
            "country_name": "China",
            "types": [
                "Education"
            ],
            "latitude": 30.536316,
            "acronym": "WHU",
            "city_name": "Wuhan",
            "longitude": 114.36431
        }
    ],
    "year": 2011,
    "references": [
        "pub.1004869587",
        "pub.1033710274",
        "pub.1004271849",
        "pub.1077617215",
        "pub.1026111084",
        "pub.1017645872",
        "pub.1001582225",
        "pub.1031804193",
        "pub.1017259470",
        "pub.1075015038",
        "pub.1049063891",
        "pub.1030577562",
        "pub.1026432965",
        "pub.1001721850",
        "pub.1025104727",
        "pub.1009632429",
        "pub.1003200662",
        "pub.1042379762",
        "pub.1082870367",
        "pub.1060398325",
        "pub.1056226821",
        "pub.1038879073",
        "pub.1042300278",
        "pub.1051034765",
        "pub.1051879614",
        "pub.1021943207",
        "pub.1025982708",
        "pub.1051988279",
        "pub.1012863934",
        "pub.1048208488",
        "pub.1035823357",
        "pub.1074503989",
        "pub.1000664030",
        "pub.1040558194",
        "pub.1070468880",
        "pub.1025305352",
        "pub.1051154019",
        "pub.1024750636",
        "pub.1005643933",
        "pub.1036315073",
        "pub.1082749833",
        "pub.1025245581",
        "pub.1029678759",
        "pub.1048354193",
        "pub.1001973933",
        "pub.1079981892",
        "pub.1082308060",
        "pub.1016052471",
        "pub.1049179561",
        "pub.1030421152",
        "pub.1083303022"
    ],
    "id": "pub.1049650580",
    "research_org_country_names": [
        "China"
    ],
    "date": "2011-07-01",
    "researchers": [
        {
            "id": "ur.01344110612.19",
            "research_orgs": [
                "grid.49470.3e",
                "grid.439104.b"
            ],
            "last_name": "Liu",
            "first_name": "Haibin"
        },
        {
            "id": "ur.0746715571.47",
            "research_orgs": [
                "grid.410726.6",
                "grid.263488.3",
                "grid.440769.8",
                "grid.462271.4",
                "grid.470508.e",
                "grid.419897.a",
                "grid.49470.3e",
                "grid.411856.f",
                "grid.439104.b",
                "grid.410654.2",
                "grid.412787.f"
            ],
            "last_name": "Liu",
            "first_name": "Yizhen",
            "orcid_id": [
                "0000-0002-8334-6124"
            ]
        },
        {
            "id": "ur.01016506515.38",
            "research_orgs": [
                "grid.49470.3e",
                "grid.216938.7",
                "grid.488186.b",
                "grid.439104.b"
            ],
            "last_name": "Pang",
            "first_name": "Dai-Wen",
            "orcid_id": [
                "0000-0001-5977-9926"
            ]
        },
        {
            "id": "ur.0666617712.38",
            "research_orgs": [
                "grid.410726.6",
                "grid.457334.2",
                "grid.9227.e",
                "grid.49470.3e",
                "grid.439104.b"
            ],
            "last_name": "Xiao",
            "first_name": "Geng-Fu"
        }
    ],
    "relative_citation_ratio": 2.03,
    "type": "article",
    "volume": "85",
    "pmcid": "PMC3126507"
}