{
    "volume": "16",
    "date": "2006-03-01",
    "title": "Phylogenetic Analysis as a Tool in Molecular Epidemiology of Infectious Diseases",
    "researchers": [
        {
            "id": "ur.01225443574.21",
            "last_name": "Hall",
            "first_name": "Barry G",
            "research_orgs": [
                "grid.280051.e",
                "grid.280673.8",
                "grid.63054.34",
                "grid.16416.34"
            ]
        },
        {
            "id": "ur.01262230536.41",
            "last_name": "Barlow",
            "first_name": "Miriam",
            "research_orgs": [
                "grid.16416.34",
                "grid.189967.8",
                "grid.266096.d"
            ]
        }
    ],
    "research_org_state_codes": [
        {
            "id": "US-NY",
            "name": "New York"
        }
    ],
    "altmetric": 6.0,
    "pages": "157-169",
    "research_org_cities": [
        {
            "id": 5134086,
            "name": "Rochester"
        }
    ],
    "research_org_countries": [
        {
            "id": "US",
            "name": "United States"
        }
    ],
    "doi": "10.1016/j.annepidem.2005.04.010",
    "FOR": [
        {
            "id": "2634",
            "name": "0605 Microbiology"
        }
    ],
    "times_cited": 29,
    "research_orgs": [
        {
            "id": "grid.16416.34",
            "acronym": "UR",
            "state_name": "New York",
            "types": [
                "Education"
            ],
            "longitude": -77.62188,
            "linkout": [
                "https://www.rochester.edu/"
            ],
            "latitude": 43.129425,
            "name": "University of Rochester",
            "city_name": "Rochester",
            "country_name": "United States"
        }
    ],
    "pmid": "16099674",
    "research_org_country_names": [
        "United States"
    ],
    "id": "pub.1001952210",
    "issue": "3",
    "journal": {
        "id": "jour.1100814",
        "title": "Annals of Epidemiology"
    },
    "year": 2006,
    "references": [
        "pub.1022962956",
        "pub.1004352463",
        "pub.1079752303",
        "pub.1041177245",
        "pub.1041279110",
        "pub.1060369078",
        "pub.1014156399",
        "pub.1037535893",
        "pub.1023946802",
        "pub.1042438223",
        "pub.1060364999",
        "pub.1037894979",
        "pub.1011480981",
        "pub.1053351767",
        "pub.1085717760",
        "pub.1054799247",
        "pub.1033840853",
        "pub.1047265454",
        "pub.1000362978",
        "pub.1045291920",
        "pub.1034831166",
        "pub.1019054615",
        "pub.1062724976"
    ],
    "relative_citation_ratio": 0.74,
    "research_org_state_names": [
        "New York"
    ],
    "author_affiliations": [
        [
            {
                "first_name": "Barry G.",
                "last_name": "Hall",
                "initials": "",
                "corresponding": true,
                "orcid": "",
                "current_organization_id": "",
                "researcher_id": "ur.01225443574.21",
                "affiliations": [
                    {
                        "id": "grid.16416.34",
                        "name": "University of Rochester",
                        "city": "Rochester",
                        "city_id": 5134086,
                        "country": "United States",
                        "country_code": "US",
                        "state": "New York",
                        "state_code": "US-NY"
                    }
                ]
            },
            {
                "first_name": "Miriam",
                "last_name": "Barlow",
                "initials": "",
                "corresponding": "",
                "orcid": "",
                "current_organization_id": "grid.266096.d",
                "researcher_id": "ur.01262230536.41",
                "affiliations": [
                    {
                        "id": "grid.16416.34",
                        "name": "University of Rochester",
                        "city": "Rochester",
                        "city_id": 5134086,
                        "country": "United States",
                        "country_code": "US",
                        "state": "New York",
                        "state_code": "US-NY"
                    }
                ]
            }
        ]
    ],
    "type": "article"
}