{
    "research_orgs": [
        {
            "id": "grid.4714.6",
            "linkout": [
                "http://ki.se/en/startpage"
            ],
            "city_name": "Stockholm",
            "longitude": 18.022285,
            "acronym": "KI",
            "latitude": 59.34802,
            "name": "Karolinska Institute",
            "types": [
                "Education"
            ],
            "country_name": "Sweden"
        },
        {
            "id": "grid.10939.32",
            "linkout": [
                "http://www.ut.ee/et"
            ],
            "city_name": "Tartu",
            "longitude": 26.720278,
            "acronym": "UT",
            "latitude": 58.38111,
            "name": "University of Tartu",
            "types": [
                "Education"
            ],
            "country_name": "Estonia"
        },
        {
            "id": "grid.24381.3c",
            "linkout": [
                "http://www.karolinska.se/en"
            ],
            "city_name": "Stockholm",
            "longitude": 18.032223,
            "latitude": 59.352222,
            "name": "Karolinska University Hospital",
            "types": [
                "Healthcare"
            ],
            "country_name": "Sweden"
        }
    ],
    "research_org_country_names": [
        "Sweden",
        "Estonia"
    ],
    "pmid": "31509583",
    "funders": [
        {
            "id": "grid.208387.6",
            "linkout": [
                "http://www.vr.se/inenglish.4.12fff4451215cbd83e4800015152.html"
            ],
            "city_name": "Stockholm",
            "longitude": 18.05466,
            "acronym": "SRC",
            "latitude": 59.33077,
            "name": "Swedish Research Council",
            "types": [
                "Government"
            ],
            "country_name": "Sweden"
        },
        {
            "id": "grid.453316.6",
            "linkout": [
                "http://www.nordforsk.org/en"
            ],
            "city_name": "Oslo",
            "longitude": 10.736234,
            "acronym": "NordForsk",
            "latitude": 59.92155,
            "name": "NordForsk",
            "types": [
                "Other"
            ],
            "country_name": "Norway"
        },
        {
            "id": "grid.426153.7",
            "linkout": [
                "http://www.etag.ee/en/"
            ],
            "city_name": "Tartu",
            "longitude": 26.7357,
            "acronym": "ETAg",
            "latitude": 58.377686,
            "name": "Estonian Research Council",
            "types": [
                "Government"
            ],
            "country_name": "Estonia"
        },
        {
            "id": "grid.452997.4",
            "linkout": [
                "http://www.stratresearch.se/en"
            ],
            "city_name": "Stockholm",
            "longitude": 18.054373,
            "acronym": "SSF",
            "latitude": 59.332886,
            "name": "Swedish Foundation for Strategic Research",
            "types": [
                "Facility"
            ],
            "country_name": "Sweden"
        }
    ],
    "title": "ViraMiner: Deep learning on raw DNA sequences for identifying viral genomes in human samples",
    "type": "article",
    "year": 2019,
    "journal": {
        "id": "jour.1037553",
        "title": "PLoS ONE"
    },
    "researchers": [
        {
            "id": "ur.015224534535.51",
            "research_orgs": [
                "grid.10939.32"
            ],
            "first_name": "Ardi",
            "last_name": "Tampuu"
        },
        {
            "id": "ur.016420176357.69",
            "research_orgs": [
                "grid.4714.6"
            ],
            "first_name": "Zurab",
            "last_name": "Bzhalava"
        },
        {
            "id": "ur.01254603055.20",
            "research_orgs": [
                "grid.7737.4",
                "grid.1649.a",
                "grid.426217.4",
                "grid.17703.32",
                "grid.55325.34",
                "grid.430814.a",
                "grid.420089.7",
                "grid.502801.e",
                "grid.8761.8",
                "grid.24381.3c",
                "grid.445925.b",
                "grid.12650.30",
                "grid.419734.c",
                "grid.1049.c",
                "grid.4714.6",
                "grid.13097.3c",
                "grid.214007.0",
                "grid.4514.4",
                "grid.14758.3f",
                "grid.413607.7",
                "grid.411843.b",
                "grid.419794.6",
                "grid.412215.1"
            ],
            "first_name": "Joakim",
            "last_name": "Dillner",
            "orcid_id": [
                "0000-0001-8588-6506"
            ]
        },
        {
            "id": "ur.01112530264.73",
            "research_orgs": [
                "grid.256922.8",
                "grid.419505.c",
                "grid.7839.5",
                "grid.10939.32",
                "grid.9563.9",
                "grid.466857.e",
                "grid.19006.3e",
                "grid.461715.0"
            ],
            "first_name": "Ra\u00fal",
            "last_name": "Vicente"
        }
    ],
    "FOR": [
        {
            "id": "2746",
            "name": "0801 Artificial Intelligence and Image Processing"
        }
    ],
    "research_org_countries": [
        {
            "id": "EE",
            "name": "Estonia"
        },
        {
            "id": "SE",
            "name": "Sweden"
        }
    ],
    "date": "2019-09-11",
    "altmetric": 16.0,
    "pages": "e0222271",
    "id": "pub.1120971055",
    "volume": "14",
    "issue": "9",
    "research_org_cities": [
        {
            "id": 2673730,
            "name": "Stockholm"
        },
        {
            "id": 588335,
            "name": "Tartu"
        }
    ],
    "open_access": [
        "Open Access - all",
        "Open Access - publisher",
        "Open Access - published"
    ],
    "author_affiliations": [
        [
            {
                "first_name": "Ardi",
                "last_name": "Tampuu",
                "initials": "",
                "corresponding": "",
                "orcid": "",
                "current_organization_id": "grid.10939.32",
                "researcher_id": "ur.015224534535.51",
                "affiliations": [
                    {
                        "id": "grid.10939.32",
                        "name": "University of Tartu",
                        "city": "Tartu",
                        "city_id": 588335,
                        "country": "Estonia",
                        "country_code": "EE",
                        "state": null,
                        "state_code": null
                    }
                ]
            },
            {
                "first_name": "Zurab",
                "last_name": "Bzhalava",
                "initials": "",
                "corresponding": "",
                "orcid": "",
                "current_organization_id": "grid.4714.6",
                "researcher_id": "ur.016420176357.69",
                "affiliations": [
                    {
                        "id": "grid.4714.6",
                        "name": "Karolinska Institute",
                        "city": "Stockholm",
                        "city_id": 2673730,
                        "country": "Sweden",
                        "country_code": "SE",
                        "state": null,
                        "state_code": null
                    }
                ]
            },
            {
                "first_name": "Joakim",
                "last_name": "Dillner",
                "initials": "",
                "corresponding": "",
                "orcid": "['0000-0001-8588-6506']",
                "current_organization_id": "grid.4714.6",
                "researcher_id": "ur.01254603055.20",
                "affiliations": [
                    {
                        "id": "grid.4714.6",
                        "name": "Karolinska Institute",
                        "city": "Stockholm",
                        "city_id": 2673730,
                        "country": "Sweden",
                        "country_code": "SE",
                        "state": null,
                        "state_code": null
                    },
                    {
                        "id": "grid.24381.3c",
                        "name": "Karolinska University Hospital",
                        "city": "Stockholm",
                        "city_id": 2673730,
                        "country": "Sweden",
                        "country_code": "SE",
                        "state": null,
                        "state_code": null
                    }
                ]
            },
            {
                "first_name": "Raul",
                "last_name": "Vicente",
                "initials": "",
                "corresponding": true,
                "orcid": "",
                "current_organization_id": "grid.10939.32",
                "researcher_id": "ur.01112530264.73",
                "affiliations": [
                    {
                        "id": "grid.10939.32",
                        "name": "University of Tartu",
                        "city": "Tartu",
                        "city_id": 588335,
                        "country": "Estonia",
                        "country_code": "EE",
                        "state": null,
                        "state_code": null
                    }
                ]
            }
        ]
    ],
    "pmcid": "PMC6738585",
    "doi": "10.1371/journal.pone.0222271",
    "times_cited": 2,
    "references": [
        "pub.1028231003",
        "pub.1044126939",
        "pub.1045800387",
        "pub.1016521225",
        "pub.1001398777",
        "pub.1003703375",
        "pub.1047831874",
        "pub.1023386891",
        "pub.1008345178",
        "pub.1017759071",
        "pub.1045079794",
        "pub.1008059544",
        "pub.1015803168",
        "pub.1020528769",
        "pub.1033342193",
        "pub.1072324922",
        "pub.1048660801",
        "pub.1020258903",
        "pub.1044129407",
        "pub.1105572658",
        "pub.1000223550",
        "pub.1013209824",
        "pub.1064346137",
        "pub.1012371511",
        "pub.1005119988",
        "pub.1001123587",
        "pub.1090371935",
        "pub.1106017342",
        "pub.1061423808",
        "pub.1037340379",
        "pub.1100483537",
        "pub.1000331042",
        "pub.1107216824",
        "pub.1038266369",
        "pub.1030096159",
        "pub.1042624338",
        "pub.1026258070",
        "pub.1091744995",
        "pub.1000811513",
        "pub.1033196503",
        "pub.1012417741",
        "pub.1015648092",
        "pub.1008917139",
        "pub.1044765627"
    ]
}