{
    "research_orgs": [
        {
            "id": "grid.6530.0",
            "linkout": [
                "http://web.uniroma2.it/home.php?newlang=italian"
            ],
            "city_name": "Rome",
            "longitude": 12.597991,
            "state_name": "Lazio",
            "latitude": 41.85015,
            "name": "University of Rome Tor Vergata",
            "types": [
                "Education"
            ],
            "country_name": "Italy"
        }
    ],
    "research_org_country_names": [
        "Italy"
    ],
    "pmid": "19578965",
    "title": "Plant derived veterinary vaccines",
    "type": "article",
    "year": 2009,
    "journal": {
        "id": "jour.1091998",
        "title": "Veterinary Research Communications"
    },
    "FOR": [
        {
            "id": "2648",
            "name": "0607 Plant Biology"
        },
        {
            "id": "2634",
            "name": "0605 Microbiology"
        },
        {
            "id": "2727",
            "name": "0707 Veterinary Sciences"
        }
    ],
    "research_org_countries": [
        {
            "id": "IT",
            "name": "Italy"
        }
    ],
    "date": "2009-09-01",
    "pages": "61-66",
    "id": "pub.1026379744",
    "volume": "33",
    "issue": "Suppl 1",
    "research_org_cities": [
        {
            "id": 3169070,
            "name": "Rome"
        }
    ],
    "author_affiliations": [
        [
            {
                "first_name": "L.",
                "last_name": "Santi",
                "initials": "",
                "corresponding": true,
                "orcid": "",
                "current_organization_id": "",
                "researcher_id": "",
                "affiliations": [
                    {
                        "id": "grid.6530.0",
                        "name": "University of Rome Tor Vergata",
                        "city": "Rome",
                        "city_id": 3169070,
                        "country": "Italy",
                        "country_code": "IT",
                        "state": null,
                        "state_code": null
                    }
                ]
            }
        ]
    ],
    "doi": "10.1007/s11259-009-9246-z",
    "times_cited": 10,
    "references": [
        "pub.1039133873",
        "pub.1076348006",
        "pub.1001939290",
        "pub.1052596256",
        "pub.1062449177",
        "pub.1045628321",
        "pub.1000092534",
        "pub.1019493826",
        "pub.1038360400",
        "pub.1069180221",
        "pub.1001888090",
        "pub.1075296691",
        "pub.1015774529",
        "pub.1014597167",
        "pub.1018517042",
        "pub.1002824775",
        "pub.1036916749",
        "pub.1049324398",
        "pub.1008884034",
        "pub.1007508978",
        "pub.1011531741",
        "pub.1062438482",
        "pub.1014827511"
    ],
    "relative_citation_ratio": 0.23
}