{
    "volume": "15",
    "date": "2014-07-01",
    "title": "Expanded identification and characterization of mammalian circular RNAs",
    "researchers": [
        {
            "id": "ur.0667544164.33",
            "last_name": "Guo",
            "first_name": "Junjie U",
            "research_orgs": [
                "grid.21107.35",
                "grid.116068.8",
                "grid.413575.1"
            ]
        },
        {
            "id": "ur.01052455360.95",
            "last_name": "Agarwal",
            "first_name": "Vikram",
            "research_orgs": [
                "grid.34477.33",
                "grid.116068.8",
                "grid.413575.1"
            ]
        },
        {
            "id": "ur.01301747073.05",
            "last_name": "Guo",
            "first_name": "Huili",
            "orcid_id": [
                "0000-0002-2294-5684"
            ],
            "research_orgs": [
                "grid.59025.3b",
                "grid.4280.e",
                "grid.418812.6",
                "grid.116068.8",
                "grid.413575.1"
            ]
        },
        {
            "id": "ur.01331434117.61",
            "last_name": "Bartel",
            "first_name": "David P",
            "orcid_id": [
                "0000-0002-3872-2856"
            ],
            "research_orgs": [
                "grid.470930.9",
                "grid.32224.35",
                "grid.417897.4",
                "grid.21940.3e",
                "grid.116068.8",
                "grid.38142.3c",
                "grid.5801.c",
                "grid.7839.5",
                "grid.413575.1",
                "grid.270301.7"
            ]
        }
    ],
    "pmcid": "PMC4165365",
    "research_org_state_codes": [
        {
            "id": "US-MD",
            "name": "Maryland"
        },
        {
            "id": "US-MA",
            "name": "Massachusetts"
        }
    ],
    "altmetric": 18.0,
    "pages": "409",
    "research_org_cities": [
        {
            "id": 1880252,
            "name": "Singapore"
        },
        {
            "id": 4931972,
            "name": "Cambridge"
        },
        {
            "id": 4351335,
            "name": "Chevy Chase"
        }
    ],
    "open_access": [
        "Open Access - all",
        "Open Access - publisher",
        "Open Access - published"
    ],
    "research_org_countries": [
        {
            "id": "SG",
            "name": "Singapore"
        },
        {
            "id": "US",
            "name": "United States"
        }
    ],
    "doi": "10.1186/s13059-014-0409-z",
    "FOR": [
        {
            "id": "2620",
            "name": "0604 Genetics"
        }
    ],
    "times_cited": 631,
    "research_orgs": [
        {
            "id": "grid.418812.6",
            "acronym": "IMCB",
            "types": [
                "Facility"
            ],
            "longitude": 103.79282,
            "linkout": [
                "http://www.imcb.a-star.edu.sg/php/main.php"
            ],
            "latitude": 1.303104,
            "name": "Institute of Molecular and Cell Biology",
            "city_name": "Singapore",
            "country_name": "Singapore"
        },
        {
            "id": "grid.413575.1",
            "acronym": "HHMI",
            "state_name": "Maryland",
            "types": [
                "Nonprofit"
            ],
            "longitude": -77.1563,
            "linkout": [
                "http://www.hhmi.org/"
            ],
            "latitude": 39.021835,
            "name": "Howard Hughes Medical Institute",
            "city_name": "Chevy Chase",
            "country_name": "United States"
        },
        {
            "id": "grid.4280.e",
            "acronym": "NUS",
            "types": [
                "Education"
            ],
            "longitude": 103.776665,
            "linkout": [
                "http://www.nus.edu.sg/"
            ],
            "latitude": 1.295556,
            "name": "National University of Singapore",
            "city_name": "Singapore",
            "country_name": "Singapore"
        },
        {
            "id": "grid.270301.7",
            "state_name": "Massachusetts",
            "types": [
                "Facility"
            ],
            "longitude": -71.08948,
            "linkout": [
                "http://wi.mit.edu/"
            ],
            "latitude": 42.363132,
            "name": "Whitehead Institute for Biomedical Research",
            "city_name": "Cambridge",
            "country_name": "United States"
        },
        {
            "id": "grid.116068.8",
            "acronym": "MIT",
            "state_name": "Massachusetts",
            "types": [
                "Education"
            ],
            "longitude": -71.09211,
            "linkout": [
                "http://web.mit.edu/"
            ],
            "latitude": 42.35982,
            "name": "Massachusetts Institute of Technology",
            "city_name": "Cambridge",
            "country_name": "United States"
        },
        {
            "id": "grid.59025.3b",
            "acronym": "NTU",
            "types": [
                "Education"
            ],
            "longitude": 103.68139,
            "linkout": [
                "http://www.ntu.edu.sg/Pages/home.aspx"
            ],
            "latitude": 1.344722,
            "name": "Nanyang Technological University",
            "city_name": "Singapore",
            "country_name": "Singapore"
        }
    ],
    "pmid": "25070500",
    "funders": [
        {
            "id": "grid.280785.0",
            "acronym": "NIGMS",
            "state_name": "Maryland",
            "types": [
                "Facility"
            ],
            "longitude": -77.09938,
            "linkout": [
                "http://www.nigms.nih.gov/Pages/default.aspx"
            ],
            "latitude": 38.997833,
            "name": "National Institute of General Medical Sciences",
            "city_name": "Bethesda",
            "country_name": "United States"
        },
        {
            "id": "grid.453008.a",
            "acronym": "DRCRF",
            "state_name": "New York",
            "types": [
                "Nonprofit"
            ],
            "longitude": -74.01308,
            "linkout": [
                "http://www.damonrunyon.org/"
            ],
            "latitude": 40.706863,
            "name": "Damon Runyon Cancer Research Foundation",
            "city_name": "New York",
            "country_name": "United States"
        }
    ],
    "research_org_country_names": [
        "United States",
        "Singapore"
    ],
    "id": "pub.1012100318",
    "issue": "7",
    "journal": {
        "id": "jour.1023439",
        "title": "Genome Biology"
    },
    "year": 2014,
    "references": [
        "pub.1025928575",
        "pub.1004715472",
        "pub.1032720345",
        "pub.1003047559",
        "pub.1029032167",
        "pub.1025122096",
        "pub.1023580737",
        "pub.1045919715",
        "pub.1045381177",
        "pub.1051099752",
        "pub.1011697893",
        "pub.1001418210",
        "pub.1022902333",
        "pub.1025585804",
        "pub.1046015375",
        "pub.1044311993",
        "pub.1041414025",
        "pub.1034382984",
        "pub.1062647463",
        "pub.1004988634",
        "pub.1023682432",
        "pub.1004160308",
        "pub.1046169131",
        "pub.1050833467",
        "pub.1010384793",
        "pub.1052915725",
        "pub.1016909094",
        "pub.1008757749",
        "pub.1015306929",
        "pub.1008798616",
        "pub.1013862605",
        "pub.1049083762"
    ],
    "relative_citation_ratio": 24.94,
    "research_org_state_names": [
        "Maryland",
        "Massachusetts"
    ],
    "author_affiliations": [
        [
            {
                "first_name": "Junjie U",
                "last_name": "Guo",
                "initials": "",
                "corresponding": "",
                "orcid": "",
                "current_organization_id": "grid.21107.35",
                "researcher_id": "ur.0667544164.33",
                "affiliations": [
                    {
                        "id": "grid.270301.7",
                        "name": "Whitehead Institute for Biomedical Research",
                        "city": "Cambridge",
                        "city_id": 4931972,
                        "country": "United States",
                        "country_code": "US",
                        "state": "Massachusetts",
                        "state_code": "US-MA"
                    },
                    {
                        "id": "grid.413575.1",
                        "name": "Howard Hughes Medical Institute",
                        "city": "Chevy Chase",
                        "city_id": 4351335,
                        "country": "United States",
                        "country_code": "US",
                        "state": "Maryland",
                        "state_code": "US-MD"
                    },
                    {
                        "id": "grid.116068.8",
                        "name": "Massachusetts Institute of Technology",
                        "city": "Cambridge",
                        "city_id": 4931972,
                        "country": "United States",
                        "country_code": "US",
                        "state": "Massachusetts",
                        "state_code": "US-MA"
                    }
                ]
            },
            {
                "first_name": "Vikram",
                "last_name": "Agarwal",
                "initials": "",
                "corresponding": "",
                "orcid": "",
                "current_organization_id": "grid.34477.33",
                "researcher_id": "ur.01052455360.95",
                "affiliations": [
                    {
                        "id": "grid.270301.7",
                        "name": "Whitehead Institute for Biomedical Research",
                        "city": "Cambridge",
                        "city_id": 4931972,
                        "country": "United States",
                        "country_code": "US",
                        "state": "Massachusetts",
                        "state_code": "US-MA"
                    },
                    {
                        "id": "grid.413575.1",
                        "name": "Howard Hughes Medical Institute",
                        "city": "Chevy Chase",
                        "city_id": 4351335,
                        "country": "United States",
                        "country_code": "US",
                        "state": "Maryland",
                        "state_code": "US-MD"
                    },
                    {
                        "id": "grid.116068.8",
                        "name": "Massachusetts Institute of Technology",
                        "city": "Cambridge",
                        "city_id": 4931972,
                        "country": "United States",
                        "country_code": "US",
                        "state": "Massachusetts",
                        "state_code": "US-MA"
                    },
                    {
                        "id": "grid.116068.8",
                        "name": "Massachusetts Institute of Technology",
                        "city": "Cambridge",
                        "city_id": 4931972,
                        "country": "United States",
                        "country_code": "US",
                        "state": "Massachusetts",
                        "state_code": "US-MA"
                    }
                ]
            },
            {
                "first_name": "Huili",
                "last_name": "Guo",
                "initials": "",
                "corresponding": "",
                "orcid": "['0000-0002-2294-5684']",
                "current_organization_id": "grid.418812.6",
                "researcher_id": "ur.01301747073.05",
                "affiliations": [
                    {
                        "id": "grid.270301.7",
                        "name": "Whitehead Institute for Biomedical Research",
                        "city": "Cambridge",
                        "city_id": 4931972,
                        "country": "United States",
                        "country_code": "US",
                        "state": "Massachusetts",
                        "state_code": "US-MA"
                    },
                    {
                        "id": "grid.413575.1",
                        "name": "Howard Hughes Medical Institute",
                        "city": "Chevy Chase",
                        "city_id": 4351335,
                        "country": "United States",
                        "country_code": "US",
                        "state": "Maryland",
                        "state_code": "US-MD"
                    },
                    {
                        "id": "grid.116068.8",
                        "name": "Massachusetts Institute of Technology",
                        "city": "Cambridge",
                        "city_id": 4931972,
                        "country": "United States",
                        "country_code": "US",
                        "state": "Massachusetts",
                        "state_code": "US-MA"
                    },
                    {
                        "id": "grid.418812.6",
                        "name": "Institute of Molecular and Cell Biology",
                        "city": "Singapore",
                        "city_id": 1880252,
                        "country": "Singapore",
                        "country_code": "SG",
                        "state": null,
                        "state_code": null
                    },
                    {
                        "id": "grid.4280.e",
                        "name": "National University of Singapore",
                        "city": "Singapore",
                        "city_id": 1880252,
                        "country": "Singapore",
                        "country_code": "SG",
                        "state": null,
                        "state_code": null
                    },
                    {
                        "id": "grid.59025.3b",
                        "name": "Nanyang Technological University",
                        "city": "Singapore",
                        "city_id": 1880252,
                        "country": "Singapore",
                        "country_code": "SG",
                        "state": null,
                        "state_code": null
                    }
                ]
            },
            {
                "first_name": "David P",
                "last_name": "Bartel",
                "initials": "",
                "corresponding": true,
                "orcid": "['0000-0002-3872-2856']",
                "current_organization_id": "grid.116068.8",
                "researcher_id": "ur.01331434117.61",
                "affiliations": [
                    {
                        "id": "grid.270301.7",
                        "name": "Whitehead Institute for Biomedical Research",
                        "city": "Cambridge",
                        "city_id": 4931972,
                        "country": "United States",
                        "country_code": "US",
                        "state": "Massachusetts",
                        "state_code": "US-MA"
                    },
                    {
                        "id": "grid.413575.1",
                        "name": "Howard Hughes Medical Institute",
                        "city": "Chevy Chase",
                        "city_id": 4351335,
                        "country": "United States",
                        "country_code": "US",
                        "state": "Maryland",
                        "state_code": "US-MD"
                    },
                    {
                        "id": "grid.116068.8",
                        "name": "Massachusetts Institute of Technology",
                        "city": "Cambridge",
                        "city_id": 4931972,
                        "country": "United States",
                        "country_code": "US",
                        "state": "Massachusetts",
                        "state_code": "US-MA"
                    }
                ]
            }
        ]
    ],
    "type": "article"
}