{
    "research_orgs": [
        {
            "id": "grid.415368.d",
            "linkout": [
                "http://www.phac-aspc.gc.ca/index-eng.php"
            ],
            "city_name": "Ottawa",
            "longitude": -75.705666,
            "state_name": "Ontario",
            "latitude": 45.343597,
            "name": "Public Health Agency of Canada",
            "types": [
                "Government"
            ],
            "country_name": "Canada"
        },
        {
            "id": "grid.430503.1",
            "linkout": [
                "http://www.ucdenver.edu/anschutz/Pages/landing.aspx"
            ],
            "city_name": "Aurora",
            "longitude": -104.83715,
            "state_name": "Colorado",
            "latitude": 39.745148,
            "name": "University of Colorado Anschutz Medical Campus",
            "types": [
                "Education"
            ],
            "country_name": "United States"
        }
    ],
    "research_org_country_names": [
        "Canada",
        "United States"
    ],
    "pmid": "29366596",
    "funders": [
        {
            "id": "grid.415368.d",
            "linkout": [
                "http://www.phac-aspc.gc.ca/index-eng.php"
            ],
            "city_name": "Ottawa",
            "longitude": -75.705666,
            "state_name": "Ontario",
            "latitude": 45.343597,
            "name": "Public Health Agency of Canada",
            "types": [
                "Government"
            ],
            "country_name": "Canada"
        }
    ],
    "title": "The potential use of social media and other internet-related data and communications for child maltreatment surveillance and epidemiological research: Scoping review and recommendations",
    "type": "article",
    "year": 2018,
    "journal": {
        "id": "jour.1087229",
        "title": "Child Abuse & Neglect"
    },
    "researchers": [
        {
            "id": "ur.014713172151.41",
            "research_orgs": [
                "grid.430503.1",
                "grid.169077.e",
                "grid.214572.7"
            ],
            "first_name": "Laura Marie",
            "last_name": "Schwab-Reese",
            "orcid_id": [
                "0000-0002-9174-1730"
            ]
        },
        {
            "id": "ur.01237565626.19",
            "research_orgs": [
                "grid.415368.d",
                "grid.34428.39",
                "grid.451254.3",
                "grid.28046.38"
            ],
            "first_name": "Wendy E",
            "last_name": "Hovdestad"
        },
        {
            "id": "ur.01110721545.67",
            "research_orgs": [
                "grid.415368.d",
                "grid.57544.37",
                "grid.34428.39",
                "grid.17063.33",
                "grid.498673.7",
                "grid.418647.8",
                "grid.28046.38",
                "grid.451254.3"
            ],
            "first_name": "Lil Ewy",
            "last_name": "Tonmyr",
            "orcid_id": [
                "0000-0002-8722-7616"
            ]
        },
        {
            "id": "ur.0604124422.38",
            "research_orgs": [
                "grid.241116.1",
                "grid.17063.33",
                "grid.430503.1"
            ],
            "first_name": "John D",
            "last_name": "Fluke",
            "orcid_id": [
                "0000-0003-3578-2463"
            ]
        }
    ],
    "FOR": [
        {
            "id": "3177",
            "name": "1117 Public Health and Health Services"
        }
    ],
    "research_org_countries": [
        {
            "id": "CA",
            "name": "Canada"
        },
        {
            "id": "US",
            "name": "United States"
        }
    ],
    "date": "2018-11-01",
    "altmetric": 5.0,
    "pages": "187-201",
    "research_org_state_names": [
        "Colorado",
        "Ontario"
    ],
    "id": "pub.1100623934",
    "research_org_state_codes": [
        {
            "id": "US-CO",
            "name": "Colorado"
        },
        {
            "id": "CA-ON",
            "name": "Ontario"
        }
    ],
    "volume": "85",
    "issue": "BMC Infectious Disease 14 2014",
    "research_org_cities": [
        {
            "id": 6094817,
            "name": "Ottawa"
        },
        {
            "id": 5412347,
            "name": "Aurora"
        }
    ],
    "open_access": [
        "Open Access - all",
        "Open Access - publisher",
        "Open Access - published"
    ],
    "author_affiliations": [
        [
            {
                "first_name": "Laura M.",
                "last_name": "Schwab-Reese",
                "initials": "",
                "corresponding": true,
                "orcid": "['0000-0002-9174-1730']",
                "current_organization_id": "grid.169077.e",
                "researcher_id": "ur.014713172151.41",
                "affiliations": [
                    {
                        "id": "grid.430503.1",
                        "name": "University of Colorado Anschutz Medical Campus",
                        "city": "Aurora",
                        "city_id": 5412347,
                        "country": "United States",
                        "country_code": "US",
                        "state": "Colorado",
                        "state_code": "US-CO"
                    }
                ]
            },
            {
                "first_name": "Wendy",
                "last_name": "Hovdestad",
                "initials": "",
                "corresponding": "",
                "orcid": "",
                "current_organization_id": "grid.415368.d",
                "researcher_id": "ur.01237565626.19",
                "affiliations": [
                    {
                        "id": "grid.415368.d",
                        "name": "Public Health Agency of Canada",
                        "city": "Ottawa",
                        "city_id": 6094817,
                        "country": "Canada",
                        "country_code": "CA",
                        "state": "Ontario",
                        "state_code": "CA-ON"
                    }
                ]
            },
            {
                "first_name": "Lil",
                "last_name": "Tonmyr",
                "initials": "",
                "corresponding": "",
                "orcid": "['0000-0002-8722-7616']",
                "current_organization_id": "grid.415368.d",
                "researcher_id": "ur.01110721545.67",
                "affiliations": [
                    {
                        "id": "grid.415368.d",
                        "name": "Public Health Agency of Canada",
                        "city": "Ottawa",
                        "city_id": 6094817,
                        "country": "Canada",
                        "country_code": "CA",
                        "state": "Ontario",
                        "state_code": "CA-ON"
                    }
                ]
            },
            {
                "first_name": "John",
                "last_name": "Fluke",
                "initials": "",
                "corresponding": "",
                "orcid": "['0000-0003-3578-2463']",
                "current_organization_id": "grid.430503.1",
                "researcher_id": "ur.0604124422.38",
                "affiliations": [
                    {
                        "id": "grid.430503.1",
                        "name": "University of Colorado Anschutz Medical Campus",
                        "city": "Aurora",
                        "city_id": 5412347,
                        "country": "United States",
                        "country_code": "US",
                        "state": "Colorado",
                        "state_code": "US-CO"
                    }
                ]
            }
        ]
    ],
    "doi": "10.1016/j.chiabu.2018.01.014",
    "times_cited": 5,
    "references": [
        "pub.1072177156",
        "pub.1031555745",
        "pub.1069286089",
        "pub.1067709855",
        "pub.1036338016",
        "pub.1021758948",
        "pub.1034815100",
        "pub.1052377553",
        "pub.1069286142",
        "pub.1002608344",
        "pub.1019182441",
        "pub.1049824480",
        "pub.1049792257",
        "pub.1033281503",
        "pub.1047096047",
        "pub.1063957284",
        "pub.1049659864",
        "pub.1049473311",
        "pub.1038363090",
        "pub.1069286674",
        "pub.1043897101",
        "pub.1020245072",
        "pub.1035384523",
        "pub.1051186346",
        "pub.1035922009",
        "pub.1071312202",
        "pub.1049756179",
        "pub.1058825982",
        "pub.1041544904",
        "pub.1030495112",
        "pub.1068847656",
        "pub.1038204052",
        "pub.1038507347",
        "pub.1041841943",
        "pub.1051059349",
        "pub.1002212838",
        "pub.1011837166",
        "pub.1063629170",
        "pub.1005940572",
        "pub.1029778857",
        "pub.1004249343",
        "pub.1041643450",
        "pub.1069286031",
        "pub.1052949382",
        "pub.1001042869",
        "pub.1033504563",
        "pub.1019459327",
        "pub.1061528391",
        "pub.1021365525",
        "pub.1004528870",
        "pub.1050606861",
        "pub.1050925274",
        "pub.1028938926",
        "pub.1078914191",
        "pub.1069286052",
        "pub.1052892879",
        "pub.1078605737",
        "pub.1014039397",
        "pub.1017077647",
        "pub.1017400766",
        "pub.1016070094",
        "pub.1009855284",
        "pub.1056342797",
        "pub.1036290613",
        "pub.1026948360",
        "pub.1025029271",
        "pub.1010475173",
        "pub.1047746139",
        "pub.1053715115",
        "pub.1029691578",
        "pub.1078767326",
        "pub.1025156992",
        "pub.1078955508",
        "pub.1011129891",
        "pub.1044842390",
        "pub.1050773411",
        "pub.1032303687",
        "pub.1032545359",
        "pub.1014770887",
        "pub.1007434879",
        "pub.1022486547",
        "pub.1017576317",
        "pub.1079184635",
        "pub.1044557517",
        "pub.1069285989",
        "pub.1041935433",
        "pub.1034997923",
        "pub.1022753896",
        "pub.1050243115",
        "pub.1003567414",
        "pub.1038748724",
        "pub.1006263960",
        "pub.1009792857",
        "pub.1078799611",
        "pub.1038176805",
        "pub.1042784091",
        "pub.1047880245",
        "pub.1069286166",
        "pub.1042961908",
        "pub.1069286234",
        "pub.1009220631",
        "pub.1032837048",
        "pub.1014831226",
        "pub.1045326295",
        "pub.1078922641",
        "pub.1000567538",
        "pub.1009042205",
        "pub.1078961660",
        "pub.1042020181",
        "pub.1002613618",
        "pub.1025057633",
        "pub.1025827949",
        "pub.1023437019",
        "pub.1062470322",
        "pub.1033673693",
        "pub.1053380535",
        "pub.1047962756",
        "pub.1047610014",
        "pub.1069286407",
        "pub.1001535472",
        "pub.1027782162",
        "pub.1022807275",
        "pub.1053299792",
        "pub.1027949295",
        "pub.1003228106",
        "pub.1050637564",
        "pub.1008851427",
        "pub.1028865686",
        "pub.1042495107",
        "pub.1022070741",
        "pub.1014234010",
        "pub.1044312349",
        "pub.1079131764",
        "pub.1019170612",
        "pub.1063505176",
        "pub.1036337278",
        "pub.1015029452",
        "pub.1048199821",
        "pub.1028422957",
        "pub.1017469656",
        "pub.1018304635",
        "pub.1064003639",
        "pub.1004129176",
        "pub.1039543802",
        "pub.1036497648",
        "pub.1069287224",
        "pub.1053490040",
        "pub.1006500492",
        "pub.1017855311",
        "pub.1020852786",
        "pub.1029039211",
        "pub.1041136101",
        "pub.1019058779",
        "pub.1047733903",
        "pub.1005562112",
        "pub.1047631572",
        "pub.1039685229",
        "pub.1032875709",
        "pub.1053323196",
        "pub.1033054174",
        "pub.1011108878",
        "pub.1003483165",
        "pub.1009178527",
        "pub.1039743633",
        "pub.1023928210",
        "pub.1061529042",
        "pub.1004606752",
        "pub.1004176308",
        "pub.1044199709",
        "pub.1036462907"
    ]
}