{
    "volume": "68",
    "date": "1994-01-01",
    "title": "Determinants essential for the transmissible gastroenteritis virus-receptor interaction reside within a domain of aminopeptidase-N that is distinct from the enzymatic site.",
    "researchers": [
        {
            "id": "ur.01207161467.11",
            "last_name": "Delmas",
            "first_name": "Bernard",
            "research_orgs": [
                "grid.452943.d",
                "grid.417961.c"
            ]
        },
        {
            "id": "ur.01043713023.07",
            "last_name": "Gelfi",
            "first_name": "Jacqueline",
            "research_orgs": [
                "grid.417961.c",
                "grid.418686.5",
                "grid.11417.32",
                "grid.414548.8",
                "grid.420267.5",
                "grid.503394.8",
                "grid.452943.d"
            ]
        },
        {
            "id": "ur.01327556266.20",
            "last_name": "Kut",
            "first_name": "E",
            "research_orgs": [
                "grid.452943.d"
            ]
        },
        {
            "id": "ur.0670401261.13",
            "last_name": "Sj\u00f6str\u00f6m",
            "first_name": "Hans",
            "research_orgs": [
                "grid.429574.9",
                "grid.4514.4",
                "grid.6612.3",
                "grid.411646.0",
                "grid.83440.3b",
                "grid.7048.b",
                "grid.5640.7",
                "grid.475435.4",
                "grid.415046.2",
                "grid.5254.6",
                "grid.8982.b",
                "grid.4691.a"
            ]
        },
        {
            "id": "ur.0622266061.59",
            "last_name": "Nor\u00e9n",
            "first_name": "Ove B",
            "research_orgs": [
                "grid.429574.9",
                "grid.4514.4",
                "grid.6612.3",
                "grid.411646.0",
                "grid.83440.3b",
                "grid.7048.b",
                "grid.415046.2",
                "grid.5254.6",
                "grid.8982.b",
                "grid.214572.7",
                "grid.4691.a",
                "grid.416029.8",
                "grid.14105.31"
            ]
        },
        {
            "id": "ur.01010636435.20",
            "last_name": "Laude",
            "first_name": "Hubert",
            "research_orgs": [
                "grid.417961.c",
                "grid.425427.2",
                "grid.63622.33",
                "grid.452943.d",
                "grid.414548.8"
            ]
        }
    ],
    "pmcid": "PMC236465",
    "pages": "5216-24",
    "research_org_cities": [
        {
            "id": 3012165,
            "name": "Jouy-en-Josas"
        }
    ],
    "open_access": [
        "Open Access - all",
        "Open Access - publisher",
        "Open Access - published"
    ],
    "research_org_countries": [
        {
            "id": "FR",
            "name": "France"
        }
    ],
    "doi": "10.1128/jvi.68.8.5216-5224.1994",
    "FOR": [
        {
            "id": "2581",
            "name": "0601 Biochemistry and Cell Biology"
        }
    ],
    "times_cited": 81,
    "research_orgs": [
        {
            "id": "grid.452943.d",
            "acronym": "VIM",
            "types": [
                "Facility"
            ],
            "longitude": 2.173554,
            "linkout": [
                "http://annuaire.inra.fr/afficherStructure.action?code=0892&type=SO"
            ],
            "latitude": 48.764256,
            "name": "Unit\u00e9 de Virologie et Immunologie Mol\u00e9culaires",
            "city_name": "Jouy-en-Josas",
            "country_name": "France"
        }
    ],
    "pmid": "7913510",
    "research_org_country_names": [
        "France"
    ],
    "id": "pub.1082562700",
    "issue": "8",
    "journal": {
        "id": "jour.1008072",
        "title": "Journal of Virology"
    },
    "year": 1994,
    "references": [
        "pub.1081576770",
        "pub.1025167529",
        "pub.1019979857",
        "pub.1013476803",
        "pub.1048544898",
        "pub.1015447149",
        "pub.1023571830",
        "pub.1046251952",
        "pub.1009074841",
        "pub.1076981398",
        "pub.1033393261",
        "pub.1035458050",
        "pub.1039703125",
        "pub.1060355859",
        "pub.1021797759",
        "pub.1082652982",
        "pub.1017204027",
        "pub.1075991770",
        "pub.1037371847",
        "pub.1041200634",
        "pub.1027182910",
        "pub.1062650588",
        "pub.1034738895",
        "pub.1028638291",
        "pub.1023171839"
    ],
    "relative_citation_ratio": 2.07,
    "author_affiliations": [
        [
            {
                "first_name": "B",
                "last_name": "Delmas",
                "initials": "",
                "corresponding": "",
                "orcid": "",
                "current_organization_id": "grid.452943.d",
                "researcher_id": "ur.01207161467.11",
                "affiliations": [
                    {
                        "id": "grid.452943.d",
                        "name": "Unit\u00e9 de Virologie et Immunologie Mol\u00e9culaires",
                        "city": "Jouy-en-Josas",
                        "city_id": 3012165,
                        "country": "France",
                        "country_code": "FR",
                        "state": null,
                        "state_code": null
                    }
                ]
            },
            {
                "first_name": "J",
                "last_name": "Gelfi",
                "initials": "",
                "corresponding": "",
                "orcid": "",
                "current_organization_id": "grid.11417.32",
                "researcher_id": "ur.01043713023.07",
                "affiliations": []
            },
            {
                "first_name": "E",
                "last_name": "Kut",
                "initials": "",
                "corresponding": "",
                "orcid": "",
                "current_organization_id": "grid.452943.d",
                "researcher_id": "ur.01327556266.20",
                "affiliations": []
            },
            {
                "first_name": "H",
                "last_name": "Sj\u00f6str\u00f6m",
                "initials": "",
                "corresponding": "",
                "orcid": "",
                "current_organization_id": "grid.5254.6",
                "researcher_id": "ur.0670401261.13",
                "affiliations": []
            },
            {
                "first_name": "O",
                "last_name": "Noren",
                "initials": "",
                "corresponding": "",
                "orcid": "",
                "current_organization_id": "grid.5254.6",
                "researcher_id": "ur.0622266061.59",
                "affiliations": []
            },
            {
                "first_name": "H",
                "last_name": "Laude",
                "initials": "",
                "corresponding": "",
                "orcid": "",
                "current_organization_id": "grid.452943.d",
                "researcher_id": "ur.01010636435.20",
                "affiliations": []
            }
        ]
    ],
    "type": "article"
}