{
    "volume": "356",
    "date": "2017-04-28",
    "title": "Nucleic acid detection with CRISPR-Cas13a/C2c2",
    "researchers": [
        {
            "id": "ur.0642624545.14",
            "last_name": "Gootenberg",
            "first_name": "Jonathan S",
            "orcid_id": [
                "0000-0003-2757-2175"
            ],
            "research_orgs": [
                "grid.116068.8",
                "grid.38142.3c",
                "grid.66859.34"
            ]
        },
        {
            "id": "ur.01354651734.74",
            "last_name": "Abudayyeh",
            "first_name": "Omar O",
            "orcid_id": [
                "0000-0002-7979-3220"
            ],
            "research_orgs": [
                "grid.116068.8",
                "grid.413735.7",
                "grid.38142.3c",
                "grid.66859.34",
                "grid.65499.37"
            ]
        },
        {
            "id": "ur.0773672127.65",
            "last_name": "Lee",
            "first_name": "Jeong Wook",
            "orcid_id": [
                "0000-0003-0705-0177"
            ],
            "research_orgs": [
                "grid.38142.3c",
                "grid.49100.3c",
                "grid.116068.8"
            ]
        },
        {
            "id": "ur.01216434302.07",
            "last_name": "Essletzbichler",
            "first_name": "Patrick",
            "orcid_id": [
                "0000-0003-2237-0005"
            ],
            "research_orgs": [
                "grid.66859.34",
                "grid.116068.8",
                "grid.418729.1"
            ]
        },
        {
            "id": "ur.0602441045.31",
            "last_name": "Dy",
            "first_name": "Aaron J",
            "research_orgs": [
                "grid.66859.34",
                "grid.116068.8"
            ]
        },
        {
            "id": "ur.01306536534.39",
            "last_name": "Joung",
            "first_name": "Julia",
            "research_orgs": [
                "grid.66859.34",
                "grid.116068.8"
            ]
        },
        {
            "id": "ur.0656714450.08",
            "last_name": "Verdine",
            "first_name": "Vanessa K",
            "research_orgs": [
                "grid.66859.34",
                "grid.116068.8",
                "grid.38142.3c"
            ]
        },
        {
            "id": "ur.0614711567.12",
            "last_name": "Donghia",
            "first_name": "Nina M",
            "orcid_id": [
                "0000-0003-0826-904X"
            ],
            "research_orgs": [
                "grid.249880.f",
                "grid.116068.8",
                "grid.38142.3c"
            ]
        },
        {
            "id": "ur.01345115211.25",
            "last_name": "Daringer",
            "first_name": "Nichole M",
            "research_orgs": [
                "grid.16753.36",
                "grid.116068.8"
            ]
        },
        {
            "id": "ur.01271044403.17",
            "last_name": "Freije",
            "first_name": "Catherine A",
            "research_orgs": [
                "grid.38142.3c",
                "grid.66859.34",
                "grid.134907.8"
            ]
        },
        {
            "id": "ur.01372645021.08",
            "last_name": "Myhrvold",
            "first_name": "Cameron A",
            "research_orgs": [
                "grid.38142.3c",
                "grid.66859.34",
                "grid.34477.33",
                "grid.16750.35"
            ]
        },
        {
            "id": "ur.0713074415.62",
            "last_name": "Bhattacharyya",
            "first_name": "Roby Paul",
            "research_orgs": [
                "grid.66859.34",
                "grid.266102.1",
                "grid.38142.3c",
                "grid.32224.35"
            ]
        },
        {
            "id": "ur.01213752162.55",
            "last_name": "Livny",
            "first_name": "Jonathan",
            "research_orgs": [
                "grid.67033.31",
                "grid.62560.37",
                "grid.66859.34",
                "grid.214458.e",
                "grid.429997.8",
                "grid.38142.3c"
            ]
        },
        {
            "id": "ur.01311753732.26",
            "last_name": "Regev",
            "first_name": "Aviv",
            "orcid_id": [
                "0000-0003-3293-3158"
            ],
            "research_orgs": [
                "grid.2515.3",
                "grid.13992.30",
                "grid.32224.35",
                "grid.66859.34",
                "grid.116068.8",
                "grid.12136.37",
                "grid.38142.3c",
                "grid.9619.7",
                "grid.11486.3a",
                "grid.413575.1"
            ]
        },
        {
            "id": "ur.01017015051.78",
            "last_name": "Koonin",
            "first_name": "Eugene V",
            "orcid_id": [
                "0000-0003-3943-8299"
            ],
            "research_orgs": [
                "grid.466123.4",
                "grid.264756.4",
                "grid.184769.5",
                "grid.419234.9",
                "grid.250820.d",
                "grid.418424.f",
                "grid.420086.8",
                "grid.420089.7",
                "grid.4391.f",
                "grid.17063.33",
                "grid.10854.38",
                "grid.94365.3d",
                "grid.419681.3",
                "grid.48336.3a",
                "grid.14476.30",
                "grid.168010.e",
                "grid.185648.6",
                "grid.15276.37",
                "grid.280285.5",
                "grid.4886.2",
                "grid.34477.33",
                "grid.12650.30",
                "grid.135519.a"
            ]
        },
        {
            "id": "ur.01342373763.59",
            "last_name": "Hung",
            "first_name": "Deborah Tan",
            "research_orgs": [
                "grid.66859.34",
                "grid.62560.37",
                "grid.38142.3c",
                "grid.32224.35"
            ]
        },
        {
            "id": "ur.0772575234.33",
            "last_name": "Sabeti",
            "first_name": "Pardis Christine",
            "research_orgs": [
                "grid.469452.8",
                "grid.270683.8",
                "grid.10306.34",
                "grid.4991.5",
                "grid.214007.0",
                "grid.32224.35",
                "grid.66859.34",
                "grid.116068.8",
                "grid.38142.3c",
                "grid.442553.1",
                "grid.28203.3b",
                "grid.413575.1",
                "grid.483004.b"
            ]
        },
        {
            "id": "ur.0633456602.93",
            "last_name": "Collins",
            "first_name": "James J",
            "research_orgs": [
                "grid.4991.5",
                "grid.413735.7",
                "grid.66859.34",
                "grid.116068.8",
                "grid.38142.3c",
                "grid.475010.7",
                "grid.413575.1",
                "grid.189504.1"
            ]
        },
        {
            "id": "ur.0703626237.20",
            "last_name": "Zhang",
            "first_name": "Feng",
            "orcid_id": [
                "0000-0001-6035-4829"
            ],
            "research_orgs": [
                "grid.17088.36",
                "grid.17866.3e",
                "grid.66859.34",
                "grid.17635.36",
                "grid.13402.34",
                "grid.38142.3c",
                "grid.10253.35",
                "grid.168645.8",
                "grid.452811.b",
                "grid.450275.1",
                "grid.415979.7",
                "grid.11841.3d",
                "grid.24696.3f",
                "grid.8547.e",
                "grid.9227.e",
                "grid.251313.7",
                "grid.47840.3f",
                "grid.410721.1",
                "grid.416986.4",
                "grid.410737.6",
                "grid.410638.8",
                "grid.412701.1",
                "grid.413087.9",
                "grid.116068.8",
                "grid.24827.3b",
                "grid.266100.3",
                "grid.168010.e",
                "grid.417384.d",
                "grid.414123.1",
                "grid.414905.d",
                "grid.27255.37",
                "grid.411638.9",
                "grid.412689.0",
                "grid.411643.5",
                "grid.413935.9",
                "grid.213876.9",
                "grid.475663.5",
                "grid.21925.3d",
                "grid.462400.4",
                "grid.415197.f",
                "grid.240952.8",
                "grid.413575.1"
            ]
        }
    ],
    "pmcid": "PMC5526198",
    "research_org_state_codes": [
        {
            "id": "US-MA",
            "name": "Massachusetts"
        },
        {
            "id": "US-MD",
            "name": "Maryland"
        }
    ],
    "altmetric": 745.0,
    "pages": "438-442",
    "research_org_cities": [
        {
            "id": 4931972,
            "name": "Cambridge"
        },
        {
            "id": 4351335,
            "name": "Chevy Chase"
        },
        {
            "id": 4348599,
            "name": "Bethesda"
        }
    ],
    "open_access": [
        "Open Access - all",
        "Open Access - publisher",
        "Open Access - published"
    ],
    "research_org_countries": [
        {
            "id": "US",
            "name": "United States"
        }
    ],
    "doi": "10.1126/science.aam9321",
    "FOR": [
        {
            "id": "2620",
            "name": "0604 Genetics"
        }
    ],
    "times_cited": 350,
    "research_orgs": [
        {
            "id": "grid.419234.9",
            "acronym": "NCBI",
            "state_name": "Maryland",
            "types": [
                "Facility"
            ],
            "longitude": -77.09798,
            "linkout": [
                "http://www.ncbi.nlm.nih.gov/"
            ],
            "latitude": 38.984924,
            "name": "National Center for Biotechnology Information",
            "city_name": "Bethesda",
            "country_name": "United States"
        },
        {
            "id": "grid.413575.1",
            "acronym": "HHMI",
            "state_name": "Maryland",
            "types": [
                "Nonprofit"
            ],
            "longitude": -77.1563,
            "linkout": [
                "http://www.hhmi.org/"
            ],
            "latitude": 39.021835,
            "name": "Howard Hughes Medical Institute",
            "city_name": "Chevy Chase",
            "country_name": "United States"
        },
        {
            "id": "grid.38142.3c",
            "state_name": "Massachusetts",
            "types": [
                "Education"
            ],
            "longitude": -71.11665,
            "linkout": [
                "http://www.harvard.edu/"
            ],
            "latitude": 42.377052,
            "name": "Harvard University",
            "city_name": "Cambridge",
            "country_name": "United States"
        },
        {
            "id": "grid.116068.8",
            "acronym": "MIT",
            "state_name": "Massachusetts",
            "types": [
                "Education"
            ],
            "longitude": -71.09211,
            "linkout": [
                "http://web.mit.edu/"
            ],
            "latitude": 42.35982,
            "name": "Massachusetts Institute of Technology",
            "city_name": "Cambridge",
            "country_name": "United States"
        },
        {
            "id": "grid.66859.34",
            "state_name": "Massachusetts",
            "types": [
                "Nonprofit"
            ],
            "longitude": -71.08703,
            "linkout": [
                "http://www.broadinstitute.org/"
            ],
            "latitude": 42.36789,
            "name": "Broad Institute",
            "city_name": "Cambridge",
            "country_name": "United States"
        }
    ],
    "pmid": "28408723",
    "funders": [
        {
            "id": "grid.453125.4",
            "acronym": "OD",
            "state_name": "Maryland",
            "types": [
                "Other"
            ],
            "longitude": -77.101326,
            "linkout": [
                "http://www.nih.gov/icd/od/"
            ],
            "latitude": 39.003704,
            "name": "Office of the Director",
            "city_name": "Bethesda",
            "country_name": "United States"
        },
        {
            "id": "grid.413575.1",
            "acronym": "HHMI",
            "state_name": "Maryland",
            "types": [
                "Nonprofit"
            ],
            "longitude": -77.1563,
            "linkout": [
                "http://www.hhmi.org/"
            ],
            "latitude": 39.021835,
            "name": "Howard Hughes Medical Institute",
            "city_name": "Chevy Chase",
            "country_name": "United States"
        },
        {
            "id": "grid.48336.3a",
            "acronym": "NCI",
            "state_name": "Maryland",
            "types": [
                "Government"
            ],
            "longitude": -77.10119,
            "linkout": [
                "http://www.cancer.gov/"
            ],
            "latitude": 39.004326,
            "name": "National Cancer Institute",
            "city_name": "Rockville",
            "country_name": "United States"
        },
        {
            "id": "grid.430264.7",
            "acronym": "Simons",
            "state_name": "New York",
            "types": [
                "Nonprofit"
            ],
            "longitude": -73.99115,
            "linkout": [
                "http://www.thesimonsfoundation.ca/"
            ],
            "latitude": 40.740314,
            "name": "Simons Foundation",
            "city_name": "New York",
            "country_name": "United States"
        },
        {
            "id": "grid.416868.5",
            "acronym": "NIMH",
            "state_name": "Maryland",
            "types": [
                "Facility"
            ],
            "longitude": -77.10457,
            "linkout": [
                "https://www.nimh.nih.gov/index.shtml"
            ],
            "latitude": 39.003693,
            "name": "National Institute of Mental Health",
            "city_name": "Bethesda",
            "country_name": "United States"
        },
        {
            "id": "grid.419681.3",
            "acronym": "NIAID",
            "state_name": "Maryland",
            "types": [
                "Facility"
            ],
            "longitude": -77.11183,
            "linkout": [
                "http://www.niaid.nih.gov/Pages/default.aspx"
            ],
            "latitude": 39.066647,
            "name": "National Institute of Allergy and Infectious Diseases",
            "city_name": "Bethesda",
            "country_name": "United States"
        },
        {
            "id": "grid.457898.f",
            "acronym": "NSF OD",
            "state_name": "Virginia",
            "types": [
                "Government"
            ],
            "longitude": -77.11099,
            "linkout": [
                "http://www.nsf.gov/od/"
            ],
            "latitude": 38.880566,
            "name": "Office of the Director",
            "city_name": "Arlington",
            "country_name": "United States"
        },
        {
            "id": "grid.430819.7",
            "acronym": "NYSCF",
            "state_name": "New York",
            "types": [
                "Nonprofit"
            ],
            "longitude": -73.982735,
            "linkout": [
                "http://nyscf.org/"
            ],
            "latitude": 40.77535,
            "name": "New York Stem Cell Foundation",
            "city_name": "New York",
            "country_name": "United States"
        }
    ],
    "research_org_country_names": [
        "United States"
    ],
    "id": "pub.1084825227",
    "issue": "6336",
    "journal": {
        "id": "jour.1346339",
        "title": "Science"
    },
    "year": 2017,
    "references": [
        "pub.1046135038",
        "pub.1083824909",
        "pub.1000119884",
        "pub.1000546561",
        "pub.1025557804",
        "pub.1049244620",
        "pub.1021774326",
        "pub.1025366217",
        "pub.1035764280",
        "pub.1047514051",
        "pub.1021859450",
        "pub.1051843226",
        "pub.1015956969",
        "pub.1037463832",
        "pub.1044901034",
        "pub.1010065096",
        "pub.1038972494",
        "pub.1045379492",
        "pub.1055003841",
        "pub.1003028470",
        "pub.1000198939",
        "pub.1016428472",
        "pub.1012203082",
        "pub.1052849571",
        "pub.1046680717",
        "pub.1012885463",
        "pub.1016868612",
        "pub.1074204086",
        "pub.1010171691",
        "pub.1002633774",
        "pub.1049372023"
    ],
    "relative_citation_ratio": 24.08,
    "research_org_state_names": [
        "Massachusetts",
        "Maryland"
    ],
    "author_affiliations": [
        [
            {
                "first_name": "Jonathan S.",
                "last_name": "Gootenberg",
                "initials": "",
                "corresponding": "",
                "orcid": "['0000-0003-2757-2175']",
                "current_organization_id": "grid.116068.8",
                "researcher_id": "ur.0642624545.14",
                "affiliations": [
                    {
                        "id": "grid.66859.34",
                        "name": "Broad Institute",
                        "city": "Cambridge",
                        "city_id": 4931972,
                        "country": "United States",
                        "country_code": "US",
                        "state": "Massachusetts",
                        "state_code": "US-MA"
                    },
                    {
                        "id": "grid.116068.8",
                        "name": "Massachusetts Institute of Technology",
                        "city": "Cambridge",
                        "city_id": 4931972,
                        "country": "United States",
                        "country_code": "US",
                        "state": "Massachusetts",
                        "state_code": "US-MA"
                    },
                    {
                        "id": "grid.116068.8",
                        "name": "Massachusetts Institute of Technology",
                        "city": "Cambridge",
                        "city_id": 4931972,
                        "country": "United States",
                        "country_code": "US",
                        "state": "Massachusetts",
                        "state_code": "US-MA"
                    },
                    {
                        "id": "grid.116068.8",
                        "name": "Massachusetts Institute of Technology",
                        "city": "Cambridge",
                        "city_id": 4931972,
                        "country": "United States",
                        "country_code": "US",
                        "state": "Massachusetts",
                        "state_code": "US-MA"
                    },
                    {
                        "id": "grid.38142.3c",
                        "name": "Harvard University",
                        "city": "Cambridge",
                        "city_id": 4931972,
                        "country": "United States",
                        "country_code": "US",
                        "state": "Massachusetts",
                        "state_code": "US-MA"
                    }
                ]
            },
            {
                "first_name": "Omar O.",
                "last_name": "Abudayyeh",
                "initials": "",
                "corresponding": "",
                "orcid": "['0000-0002-7979-3220']",
                "current_organization_id": "grid.116068.8",
                "researcher_id": "ur.01354651734.74",
                "affiliations": [
                    {
                        "id": "grid.66859.34",
                        "name": "Broad Institute",
                        "city": "Cambridge",
                        "city_id": 4931972,
                        "country": "United States",
                        "country_code": "US",
                        "state": "Massachusetts",
                        "state_code": "US-MA"
                    },
                    {
                        "id": "grid.116068.8",
                        "name": "Massachusetts Institute of Technology",
                        "city": "Cambridge",
                        "city_id": 4931972,
                        "country": "United States",
                        "country_code": "US",
                        "state": "Massachusetts",
                        "state_code": "US-MA"
                    },
                    {
                        "id": "grid.116068.8",
                        "name": "Massachusetts Institute of Technology",
                        "city": "Cambridge",
                        "city_id": 4931972,
                        "country": "United States",
                        "country_code": "US",
                        "state": "Massachusetts",
                        "state_code": "US-MA"
                    },
                    {
                        "id": "grid.116068.8",
                        "name": "Massachusetts Institute of Technology",
                        "city": "Cambridge",
                        "city_id": 4931972,
                        "country": "United States",
                        "country_code": "US",
                        "state": "Massachusetts",
                        "state_code": "US-MA"
                    },
                    {
                        "id": "grid.116068.8",
                        "name": "Massachusetts Institute of Technology",
                        "city": "Cambridge",
                        "city_id": 4931972,
                        "country": "United States",
                        "country_code": "US",
                        "state": "Massachusetts",
                        "state_code": "US-MA"
                    }
                ]
            },
            {
                "first_name": "Jeong Wook",
                "last_name": "Lee",
                "initials": "",
                "corresponding": "",
                "orcid": "['0000-0003-0705-0177']",
                "current_organization_id": "grid.38142.3c",
                "researcher_id": "ur.0773672127.65",
                "affiliations": [
                    {
                        "id": "grid.38142.3c",
                        "name": "Harvard University",
                        "city": "Cambridge",
                        "city_id": 4931972,
                        "country": "United States",
                        "country_code": "US",
                        "state": "Massachusetts",
                        "state_code": "US-MA"
                    }
                ]
            },
            {
                "first_name": "Patrick",
                "last_name": "Essletzbichler",
                "initials": "",
                "corresponding": "",
                "orcid": "['0000-0003-2237-0005']",
                "current_organization_id": "grid.116068.8",
                "researcher_id": "ur.01216434302.07",
                "affiliations": [
                    {
                        "id": "grid.66859.34",
                        "name": "Broad Institute",
                        "city": "Cambridge",
                        "city_id": 4931972,
                        "country": "United States",
                        "country_code": "US",
                        "state": "Massachusetts",
                        "state_code": "US-MA"
                    },
                    {
                        "id": "grid.116068.8",
                        "name": "Massachusetts Institute of Technology",
                        "city": "Cambridge",
                        "city_id": 4931972,
                        "country": "United States",
                        "country_code": "US",
                        "state": "Massachusetts",
                        "state_code": "US-MA"
                    },
                    {
                        "id": "grid.116068.8",
                        "name": "Massachusetts Institute of Technology",
                        "city": "Cambridge",
                        "city_id": 4931972,
                        "country": "United States",
                        "country_code": "US",
                        "state": "Massachusetts",
                        "state_code": "US-MA"
                    },
                    {
                        "id": "grid.116068.8",
                        "name": "Massachusetts Institute of Technology",
                        "city": "Cambridge",
                        "city_id": 4931972,
                        "country": "United States",
                        "country_code": "US",
                        "state": "Massachusetts",
                        "state_code": "US-MA"
                    }
                ]
            },
            {
                "first_name": "Aaron J.",
                "last_name": "Dy",
                "initials": "",
                "corresponding": "",
                "orcid": "",
                "current_organization_id": "grid.116068.8",
                "researcher_id": "ur.0602441045.31",
                "affiliations": [
                    {
                        "id": "grid.66859.34",
                        "name": "Broad Institute",
                        "city": "Cambridge",
                        "city_id": 4931972,
                        "country": "United States",
                        "country_code": "US",
                        "state": "Massachusetts",
                        "state_code": "US-MA"
                    },
                    {
                        "id": "grid.116068.8",
                        "name": "Massachusetts Institute of Technology",
                        "city": "Cambridge",
                        "city_id": 4931972,
                        "country": "United States",
                        "country_code": "US",
                        "state": "Massachusetts",
                        "state_code": "US-MA"
                    },
                    {
                        "id": "grid.116068.8",
                        "name": "Massachusetts Institute of Technology",
                        "city": "Cambridge",
                        "city_id": 4931972,
                        "country": "United States",
                        "country_code": "US",
                        "state": "Massachusetts",
                        "state_code": "US-MA"
                    }
                ]
            },
            {
                "first_name": "Julia",
                "last_name": "Joung",
                "initials": "",
                "corresponding": "",
                "orcid": "",
                "current_organization_id": "grid.116068.8",
                "researcher_id": "ur.01306536534.39",
                "affiliations": [
                    {
                        "id": "grid.66859.34",
                        "name": "Broad Institute",
                        "city": "Cambridge",
                        "city_id": 4931972,
                        "country": "United States",
                        "country_code": "US",
                        "state": "Massachusetts",
                        "state_code": "US-MA"
                    },
                    {
                        "id": "grid.116068.8",
                        "name": "Massachusetts Institute of Technology",
                        "city": "Cambridge",
                        "city_id": 4931972,
                        "country": "United States",
                        "country_code": "US",
                        "state": "Massachusetts",
                        "state_code": "US-MA"
                    },
                    {
                        "id": "grid.116068.8",
                        "name": "Massachusetts Institute of Technology",
                        "city": "Cambridge",
                        "city_id": 4931972,
                        "country": "United States",
                        "country_code": "US",
                        "state": "Massachusetts",
                        "state_code": "US-MA"
                    },
                    {
                        "id": "grid.116068.8",
                        "name": "Massachusetts Institute of Technology",
                        "city": "Cambridge",
                        "city_id": 4931972,
                        "country": "United States",
                        "country_code": "US",
                        "state": "Massachusetts",
                        "state_code": "US-MA"
                    }
                ]
            },
            {
                "first_name": "Vanessa",
                "last_name": "Verdine",
                "initials": "",
                "corresponding": "",
                "orcid": "",
                "current_organization_id": "grid.116068.8",
                "researcher_id": "ur.0656714450.08",
                "affiliations": [
                    {
                        "id": "grid.66859.34",
                        "name": "Broad Institute",
                        "city": "Cambridge",
                        "city_id": 4931972,
                        "country": "United States",
                        "country_code": "US",
                        "state": "Massachusetts",
                        "state_code": "US-MA"
                    },
                    {
                        "id": "grid.116068.8",
                        "name": "Massachusetts Institute of Technology",
                        "city": "Cambridge",
                        "city_id": 4931972,
                        "country": "United States",
                        "country_code": "US",
                        "state": "Massachusetts",
                        "state_code": "US-MA"
                    },
                    {
                        "id": "grid.116068.8",
                        "name": "Massachusetts Institute of Technology",
                        "city": "Cambridge",
                        "city_id": 4931972,
                        "country": "United States",
                        "country_code": "US",
                        "state": "Massachusetts",
                        "state_code": "US-MA"
                    },
                    {
                        "id": "grid.116068.8",
                        "name": "Massachusetts Institute of Technology",
                        "city": "Cambridge",
                        "city_id": 4931972,
                        "country": "United States",
                        "country_code": "US",
                        "state": "Massachusetts",
                        "state_code": "US-MA"
                    }
                ]
            },
            {
                "first_name": "Nina",
                "last_name": "Donghia",
                "initials": "",
                "corresponding": "",
                "orcid": "['0000-0003-0826-904X']",
                "current_organization_id": "grid.38142.3c",
                "researcher_id": "ur.0614711567.12",
                "affiliations": [
                    {
                        "id": "grid.38142.3c",
                        "name": "Harvard University",
                        "city": "Cambridge",
                        "city_id": 4931972,
                        "country": "United States",
                        "country_code": "US",
                        "state": "Massachusetts",
                        "state_code": "US-MA"
                    }
                ]
            },
            {
                "first_name": "Nichole M.",
                "last_name": "Daringer",
                "initials": "",
                "corresponding": "",
                "orcid": "",
                "current_organization_id": "grid.116068.8",
                "researcher_id": "ur.01345115211.25",
                "affiliations": [
                    {
                        "id": "grid.116068.8",
                        "name": "Massachusetts Institute of Technology",
                        "city": "Cambridge",
                        "city_id": 4931972,
                        "country": "United States",
                        "country_code": "US",
                        "state": "Massachusetts",
                        "state_code": "US-MA"
                    }
                ]
            },
            {
                "first_name": "Catherine A.",
                "last_name": "Freije",
                "initials": "",
                "corresponding": "",
                "orcid": "",
                "current_organization_id": "grid.66859.34",
                "researcher_id": "ur.01271044403.17",
                "affiliations": [
                    {
                        "id": "grid.66859.34",
                        "name": "Broad Institute",
                        "city": "Cambridge",
                        "city_id": 4931972,
                        "country": "United States",
                        "country_code": "US",
                        "state": "Massachusetts",
                        "state_code": "US-MA"
                    },
                    {
                        "id": "grid.38142.3c",
                        "name": "Harvard University",
                        "city": "Cambridge",
                        "city_id": 4931972,
                        "country": "United States",
                        "country_code": "US",
                        "state": "Massachusetts",
                        "state_code": "US-MA"
                    }
                ]
            },
            {
                "first_name": "Cameron",
                "last_name": "Myhrvold",
                "initials": "",
                "corresponding": "",
                "orcid": "",
                "current_organization_id": "grid.38142.3c",
                "researcher_id": "ur.01372645021.08",
                "affiliations": [
                    {
                        "id": "grid.66859.34",
                        "name": "Broad Institute",
                        "city": "Cambridge",
                        "city_id": 4931972,
                        "country": "United States",
                        "country_code": "US",
                        "state": "Massachusetts",
                        "state_code": "US-MA"
                    },
                    {
                        "id": "grid.38142.3c",
                        "name": "Harvard University",
                        "city": "Cambridge",
                        "city_id": 4931972,
                        "country": "United States",
                        "country_code": "US",
                        "state": "Massachusetts",
                        "state_code": "US-MA"
                    }
                ]
            },
            {
                "first_name": "Roby P.",
                "last_name": "Bhattacharyya",
                "initials": "",
                "corresponding": "",
                "orcid": "",
                "current_organization_id": "grid.32224.35",
                "researcher_id": "ur.0713074415.62",
                "affiliations": [
                    {
                        "id": "grid.66859.34",
                        "name": "Broad Institute",
                        "city": "Cambridge",
                        "city_id": 4931972,
                        "country": "United States",
                        "country_code": "US",
                        "state": "Massachusetts",
                        "state_code": "US-MA"
                    }
                ]
            },
            {
                "first_name": "Jonathan",
                "last_name": "Livny",
                "initials": "",
                "corresponding": "",
                "orcid": "",
                "current_organization_id": "grid.66859.34",
                "researcher_id": "ur.01213752162.55",
                "affiliations": [
                    {
                        "id": "grid.66859.34",
                        "name": "Broad Institute",
                        "city": "Cambridge",
                        "city_id": 4931972,
                        "country": "United States",
                        "country_code": "US",
                        "state": "Massachusetts",
                        "state_code": "US-MA"
                    }
                ]
            },
            {
                "first_name": "Aviv",
                "last_name": "Regev",
                "initials": "",
                "corresponding": "",
                "orcid": "['0000-0003-3293-3158']",
                "current_organization_id": "grid.66859.34",
                "researcher_id": "ur.01311753732.26",
                "affiliations": [
                    {
                        "id": "grid.66859.34",
                        "name": "Broad Institute",
                        "city": "Cambridge",
                        "city_id": 4931972,
                        "country": "United States",
                        "country_code": "US",
                        "state": "Massachusetts",
                        "state_code": "US-MA"
                    },
                    {
                        "id": "grid.116068.8",
                        "name": "Massachusetts Institute of Technology",
                        "city": "Cambridge",
                        "city_id": 4931972,
                        "country": "United States",
                        "country_code": "US",
                        "state": "Massachusetts",
                        "state_code": "US-MA"
                    }
                ]
            },
            {
                "first_name": "Eugene V.",
                "last_name": "Koonin",
                "initials": "",
                "corresponding": "",
                "orcid": "['0000-0003-3943-8299']",
                "current_organization_id": "grid.419234.9",
                "researcher_id": "ur.01017015051.78",
                "affiliations": [
                    {
                        "id": "grid.419234.9",
                        "name": "National Center for Biotechnology Information",
                        "city": "Bethesda",
                        "city_id": 4348599,
                        "country": "United States",
                        "country_code": "US",
                        "state": "Maryland",
                        "state_code": "US-MD"
                    }
                ]
            },
            {
                "first_name": "Deborah T.",
                "last_name": "Hung",
                "initials": "",
                "corresponding": "",
                "orcid": "",
                "current_organization_id": "grid.66859.34",
                "researcher_id": "ur.01342373763.59",
                "affiliations": [
                    {
                        "id": "grid.66859.34",
                        "name": "Broad Institute",
                        "city": "Cambridge",
                        "city_id": 4931972,
                        "country": "United States",
                        "country_code": "US",
                        "state": "Massachusetts",
                        "state_code": "US-MA"
                    }
                ]
            },
            {
                "first_name": "Pardis C.",
                "last_name": "Sabeti",
                "initials": "",
                "corresponding": "",
                "orcid": "",
                "current_organization_id": "grid.38142.3c",
                "researcher_id": "ur.0772575234.33",
                "affiliations": [
                    {
                        "id": "grid.66859.34",
                        "name": "Broad Institute",
                        "city": "Cambridge",
                        "city_id": 4931972,
                        "country": "United States",
                        "country_code": "US",
                        "state": "Massachusetts",
                        "state_code": "US-MA"
                    },
                    {
                        "id": "grid.38142.3c",
                        "name": "Harvard University",
                        "city": "Cambridge",
                        "city_id": 4931972,
                        "country": "United States",
                        "country_code": "US",
                        "state": "Massachusetts",
                        "state_code": "US-MA"
                    },
                    {
                        "id": "grid.38142.3c",
                        "name": "Harvard University",
                        "city": "Cambridge",
                        "city_id": 4931972,
                        "country": "United States",
                        "country_code": "US",
                        "state": "Massachusetts",
                        "state_code": "US-MA"
                    },
                    {
                        "id": "grid.413575.1",
                        "name": "Howard Hughes Medical Institute",
                        "city": "Chevy Chase",
                        "city_id": 4351335,
                        "country": "United States",
                        "country_code": "US",
                        "state": "Maryland",
                        "state_code": "US-MD"
                    }
                ]
            },
            {
                "first_name": "James J.",
                "last_name": "Collins",
                "initials": "",
                "corresponding": "",
                "orcid": "",
                "current_organization_id": "grid.116068.8",
                "researcher_id": "ur.0633456602.93",
                "affiliations": [
                    {
                        "id": "grid.66859.34",
                        "name": "Broad Institute",
                        "city": "Cambridge",
                        "city_id": 4931972,
                        "country": "United States",
                        "country_code": "US",
                        "state": "Massachusetts",
                        "state_code": "US-MA"
                    },
                    {
                        "id": "grid.116068.8",
                        "name": "Massachusetts Institute of Technology",
                        "city": "Cambridge",
                        "city_id": 4931972,
                        "country": "United States",
                        "country_code": "US",
                        "state": "Massachusetts",
                        "state_code": "US-MA"
                    },
                    {
                        "id": "grid.116068.8",
                        "name": "Massachusetts Institute of Technology",
                        "city": "Cambridge",
                        "city_id": 4931972,
                        "country": "United States",
                        "country_code": "US",
                        "state": "Massachusetts",
                        "state_code": "US-MA"
                    },
                    {
                        "id": "grid.38142.3c",
                        "name": "Harvard University",
                        "city": "Cambridge",
                        "city_id": 4931972,
                        "country": "United States",
                        "country_code": "US",
                        "state": "Massachusetts",
                        "state_code": "US-MA"
                    },
                    {
                        "id": "grid.116068.8",
                        "name": "Massachusetts Institute of Technology",
                        "city": "Cambridge",
                        "city_id": 4931972,
                        "country": "United States",
                        "country_code": "US",
                        "state": "Massachusetts",
                        "state_code": "US-MA"
                    }
                ]
            },
            {
                "first_name": "Feng",
                "last_name": "Zhang",
                "initials": "",
                "corresponding": "",
                "orcid": "['0000-0001-6035-4829']",
                "current_organization_id": "grid.116068.8",
                "researcher_id": "ur.0703626237.20",
                "affiliations": [
                    {
                        "id": "grid.66859.34",
                        "name": "Broad Institute",
                        "city": "Cambridge",
                        "city_id": 4931972,
                        "country": "United States",
                        "country_code": "US",
                        "state": "Massachusetts",
                        "state_code": "US-MA"
                    },
                    {
                        "id": "grid.116068.8",
                        "name": "Massachusetts Institute of Technology",
                        "city": "Cambridge",
                        "city_id": 4931972,
                        "country": "United States",
                        "country_code": "US",
                        "state": "Massachusetts",
                        "state_code": "US-MA"
                    },
                    {
                        "id": "grid.116068.8",
                        "name": "Massachusetts Institute of Technology",
                        "city": "Cambridge",
                        "city_id": 4931972,
                        "country": "United States",
                        "country_code": "US",
                        "state": "Massachusetts",
                        "state_code": "US-MA"
                    },
                    {
                        "id": "grid.116068.8",
                        "name": "Massachusetts Institute of Technology",
                        "city": "Cambridge",
                        "city_id": 4931972,
                        "country": "United States",
                        "country_code": "US",
                        "state": "Massachusetts",
                        "state_code": "US-MA"
                    }
                ]
            }
        ]
    ],
    "type": "article"
}