{
    "volume": "6",
    "date": "2014-01-01",
    "title": "A Multiscale Test of Spatial Stationarity for Textured Images in R",
    "researchers": [
        {
            "id": "ur.07643603675.01",
            "last_name": "Nunes",
            "first_name": "Matthew A",
            "orcid_id": [
                "0000-0002-4719-2690"
            ],
            "research_orgs": [
                "grid.5337.2",
                "grid.9835.7",
                "grid.7340.0"
            ]
        },
        {
            "id": "ur.01354121410.77",
            "last_name": "Eckley",
            "first_name": "Idris Arthur",
            "orcid_id": [
                "0000-0001-9957-2460"
            ],
            "research_orgs": [
                "grid.419549.4",
                "grid.9835.7",
                "grid.5337.2"
            ]
        }
    ],
    "pages": "20",
    "open_access": [
        "Open Access - all",
        "Open Access - publisher",
        "Open Access - published"
    ],
    "doi": "10.32614/rj-2014-002",
    "times_cited": 5,
    "id": "pub.1112109030",
    "issue": "1",
    "journal": {
        "id": "jour.1044805",
        "title": "The R Journal"
    },
    "year": 2014,
    "author_affiliations": [
        [
            {
                "first_name": "Matthew,A.",
                "last_name": "Nunes",
                "initials": "",
                "corresponding": "",
                "orcid": "['0000-0002-4719-2690']",
                "current_organization_id": "grid.9835.7",
                "researcher_id": "ur.07643603675.01",
                "affiliations": []
            },
            {
                "first_name": "Sarah,L.",
                "last_name": "Taylor",
                "initials": "",
                "corresponding": "",
                "orcid": "",
                "current_organization_id": "",
                "researcher_id": "",
                "affiliations": []
            },
            {
                "first_name": "Idris,A.",
                "last_name": "Eckley",
                "initials": "",
                "corresponding": "",
                "orcid": "['0000-0001-9957-2460']",
                "current_organization_id": "grid.9835.7",
                "researcher_id": "ur.01354121410.77",
                "affiliations": []
            }
        ]
    ],
    "type": "article"
}