{
    "pmid": "30874941",
    "author_affiliations": [
        [
            {
                "first_name": "Fabian",
                "last_name": "Echterdiek",
                "initials": "",
                "corresponding": true,
                "orcid": "",
                "current_organization_id": "grid.419842.2",
                "researcher_id": "ur.0642165564.42",
                "affiliations": [
                    {
                        "id": "grid.419842.2",
                        "name": "Klinikum Stuttgart",
                        "city": "Stuttgart",
                        "city_id": 2825297,
                        "country": "Germany",
                        "country_code": "DE",
                        "state": null,
                        "state_code": null
                    }
                ]
            },
            {
                "first_name": "Daniel",
                "last_name": "Kitterer",
                "initials": "",
                "corresponding": "",
                "orcid": "",
                "current_organization_id": "grid.419842.2",
                "researcher_id": "ur.01365262270.70",
                "affiliations": [
                    {
                        "id": "grid.419842.2",
                        "name": "Klinikum Stuttgart",
                        "city": "Stuttgart",
                        "city_id": 2825297,
                        "country": "Germany",
                        "country_code": "DE",
                        "state": null,
                        "state_code": null
                    }
                ]
            },
            {
                "first_name": "M. Dominik",
                "last_name": "Alscher",
                "initials": "",
                "corresponding": "",
                "orcid": "['0000-0002-9658-1211']",
                "current_organization_id": "grid.416008.b",
                "researcher_id": "ur.0762510067.56",
                "affiliations": [
                    {
                        "id": "grid.416008.b",
                        "name": "Robert Bosch Hospital",
                        "city": "Stuttgart",
                        "city_id": 2825297,
                        "country": "Germany",
                        "country_code": "DE",
                        "state": null,
                        "state_code": null
                    }
                ]
            },
            {
                "first_name": "Vedat",
                "last_name": "Schwenger",
                "initials": "",
                "corresponding": "",
                "orcid": "",
                "current_organization_id": "grid.419842.2",
                "researcher_id": "ur.01356003775.94",
                "affiliations": [
                    {
                        "id": "grid.419842.2",
                        "name": "Klinikum Stuttgart",
                        "city": "Stuttgart",
                        "city_id": 2825297,
                        "country": "Germany",
                        "country_code": "DE",
                        "state": null,
                        "state_code": null
                    }
                ]
            },
            {
                "first_name": "Bettina",
                "last_name": "Ruckenbrod",
                "initials": "",
                "corresponding": "",
                "orcid": "",
                "current_organization_id": "grid.419842.2",
                "researcher_id": "ur.016302533074.39",
                "affiliations": [
                    {
                        "id": "grid.419842.2",
                        "name": "Klinikum Stuttgart",
                        "city": "Stuttgart",
                        "city_id": 2825297,
                        "country": "Germany",
                        "country_code": "DE",
                        "state": null,
                        "state_code": null
                    }
                ]
            },
            {
                "first_name": "Martin",
                "last_name": "Bald",
                "initials": "",
                "corresponding": "",
                "orcid": "",
                "current_organization_id": "grid.459687.1",
                "researcher_id": "ur.0603030164.13",
                "affiliations": [
                    {
                        "id": "grid.419842.2",
                        "name": "Klinikum Stuttgart",
                        "city": "Stuttgart",
                        "city_id": 2825297,
                        "country": "Germany",
                        "country_code": "DE",
                        "state": null,
                        "state_code": null
                    }
                ]
            },
            {
                "first_name": "Joerg",
                "last_name": "Latus",
                "initials": "",
                "corresponding": "",
                "orcid": "['0000-0003-0584-4870']",
                "current_organization_id": "grid.419842.2",
                "researcher_id": "ur.0636577254.05",
                "affiliations": [
                    {
                        "id": "grid.419842.2",
                        "name": "Klinikum Stuttgart",
                        "city": "Stuttgart",
                        "city_id": 2825297,
                        "country": "Germany",
                        "country_code": "DE",
                        "state": null,
                        "state_code": null
                    }
                ]
            }
        ]
    ],
    "altmetric": 2.0,
    "FOR": [
        {
            "id": "3053",
            "name": "1103 Clinical Sciences"
        }
    ],
    "research_org_countries": [
        {
            "id": "DE",
            "name": "Germany"
        }
    ],
    "title": "Clinical course of hantavirus-induced nephropathia epidemica in children compared to adults in Germany\u2014analysis of 317 patients",
    "research_org_cities": [
        {
            "id": 2825297,
            "name": "Stuttgart"
        }
    ],
    "pages": "1247-1252",
    "issue": "7",
    "doi": "10.1007/s00467-019-04215-9",
    "times_cited": 3,
    "journal": {
        "id": "jour.1097267",
        "title": "Pediatric Nephrology"
    },
    "year": 2019,
    "research_orgs": [
        {
            "id": "grid.419842.2",
            "name": "Klinikum Stuttgart",
            "linkout": [
                "http://www.klinikum-stuttgart.de/"
            ],
            "country_name": "Germany",
            "types": [
                "Healthcare"
            ],
            "latitude": 48.783512,
            "city_name": "Stuttgart",
            "longitude": 9.171395
        },
        {
            "id": "grid.416008.b",
            "name": "Robert Bosch Hospital",
            "linkout": [
                "https://www.rbk.de/"
            ],
            "country_name": "Germany",
            "types": [
                "Healthcare"
            ],
            "latitude": 48.814396,
            "acronym": "RBK",
            "city_name": "Stuttgart",
            "longitude": 9.187183
        }
    ],
    "id": "pub.1112768979",
    "references": [
        "pub.1032865682",
        "pub.1053844459",
        "pub.1000264858",
        "pub.1035409180",
        "pub.1032053540",
        "pub.1028871681",
        "pub.1034224337",
        "pub.1005544035",
        "pub.1040471111",
        "pub.1042075619",
        "pub.1078774330",
        "pub.1021415997",
        "pub.1028881529",
        "pub.1038884369",
        "pub.1031051854",
        "pub.1014336261",
        "pub.1007436373",
        "pub.1051444430"
    ],
    "research_org_country_names": [
        "Germany"
    ],
    "date": "2019-07-01",
    "researchers": [
        {
            "id": "ur.0642165564.42",
            "research_orgs": [
                "grid.419842.2",
                "grid.7497.d",
                "grid.451349.e",
                "grid.7700.0"
            ],
            "last_name": "Echterdiek",
            "first_name": "Fabian"
        },
        {
            "id": "ur.01365262270.70",
            "research_orgs": [
                "grid.419842.2",
                "grid.5719.a",
                "grid.416008.b",
                "grid.412004.3"
            ],
            "last_name": "Kitterer",
            "first_name": "Daniel"
        },
        {
            "id": "ur.0762510067.56",
            "research_orgs": [
                "grid.412004.3",
                "grid.415332.2",
                "grid.459701.e",
                "grid.416008.b",
                "grid.5719.a",
                "grid.10392.39"
            ],
            "last_name": "Alscher",
            "first_name": "Mark Dominik",
            "orcid_id": [
                "0000-0002-9658-1211"
            ]
        },
        {
            "id": "ur.01356003775.94",
            "research_orgs": [
                "grid.5253.1",
                "grid.491991.d",
                "grid.459701.e",
                "grid.490703.9",
                "grid.8379.5",
                "grid.411843.b",
                "grid.492899.7",
                "grid.411778.c",
                "grid.419842.2",
                "grid.4488.0",
                "grid.6363.0",
                "grid.7700.0"
            ],
            "last_name": "Schwenger",
            "first_name": "Vedat"
        },
        {
            "id": "ur.016302533074.39",
            "research_orgs": [
                "grid.419842.2"
            ],
            "last_name": "Ruckenbrod",
            "first_name": "Bettina"
        },
        {
            "id": "ur.0603030164.13",
            "research_orgs": [
                "grid.410718.b",
                "grid.5718.b",
                "grid.419842.2",
                "grid.14778.3d",
                "grid.459687.1",
                "grid.7708.8",
                "grid.5254.6"
            ],
            "last_name": "Bald",
            "first_name": "Martin"
        },
        {
            "id": "ur.0636577254.05",
            "research_orgs": [
                "grid.419842.2",
                "grid.5719.a",
                "grid.416008.b",
                "grid.412004.3",
                "grid.459701.e"
            ],
            "last_name": "Latus",
            "first_name": "Joerg",
            "orcid_id": [
                "0000-0003-0584-4870"
            ]
        }
    ],
    "type": "article",
    "volume": "34"
}