{
    "title": "Harnessing the Power of miRNAs in Influenza A Virus Research",
    "type": "article",
    "year": 2015,
    "journal": {
        "id": "jour.1050681",
        "title": "British Journal Virology"
    },
    "researchers": [
        {
            "id": "ur.01346247635.51",
            "research_orgs": [
                "grid.1018.8",
                "grid.415834.f",
                "grid.415335.5",
                "grid.483778.7",
                "grid.412408.b",
                "grid.1025.6",
                "grid.1021.2",
                "grid.413322.5"
            ],
            "first_name": "Leonard",
            "last_name": "Izzard",
            "orcid_id": [
                "0000-0001-7436-9730"
            ]
        },
        {
            "id": "ur.01165366423.47",
            "research_orgs": [
                "grid.1008.9",
                "grid.1021.2",
                "grid.1001.0",
                "grid.1013.3",
                "grid.240871.8",
                "grid.413322.5"
            ],
            "first_name": "John",
            "last_name": "Stambas",
            "orcid_id": [
                "0000-0002-5690-2551"
            ]
        }
    ],
    "date": "2015-05-26",
    "pages": "28-31",
    "id": "pub.1068365644",
    "volume": "2",
    "issue": "3",
    "open_access": [
        "Open Access - all",
        "Open Access - publisher",
        "Open Access - published"
    ],
    "author_affiliations": [
        [
            {
                "first_name": "Leonard",
                "last_name": "Izzard",
                "initials": "",
                "corresponding": "",
                "orcid": "['0000-0001-7436-9730']",
                "current_organization_id": "grid.483778.7",
                "researcher_id": "ur.01346247635.51",
                "affiliations": []
            },
            {
                "first_name": "John",
                "last_name": "Stambas",
                "initials": "",
                "corresponding": "",
                "orcid": "['0000-0002-5690-2551']",
                "current_organization_id": "grid.1021.2",
                "researcher_id": "ur.01165366423.47",
                "affiliations": []
            }
        ]
    ],
    "doi": "10.17582/journal.bjv/2015/2.3.28.31",
    "times_cited": 2
}