{
    "volume": "87",
    "date": "2013-09-15",
    "title": "How Positive-Strand RNA Viruses Benefit from Autophagosome Maturation",
    "researchers": [
        {
            "id": "ur.01235537222.00",
            "last_name": "Richards",
            "first_name": "Alexsia L",
            "research_orgs": [
                "grid.16753.36",
                "grid.30760.32",
                "grid.116068.8"
            ]
        },
        {
            "id": "ur.0602761024.42",
            "last_name": "Jackson",
            "first_name": "William T",
            "research_orgs": [
                "grid.411024.2",
                "grid.30760.32",
                "grid.168010.e"
            ]
        }
    ],
    "pmcid": "PMC3754026",
    "research_org_state_codes": [
        {
            "id": "US-WI",
            "name": "Wisconsin"
        }
    ],
    "altmetric": 14.0,
    "pages": "9966-9972",
    "research_org_cities": [
        {
            "id": 5263045,
            "name": "Milwaukee"
        }
    ],
    "open_access": [
        "Open Access - all",
        "Open Access - publisher",
        "Open Access - published"
    ],
    "research_org_countries": [
        {
            "id": "US",
            "name": "United States"
        }
    ],
    "doi": "10.1128/jvi.00460-13",
    "FOR": [
        {
            "id": "3114",
            "name": "1108 Medical Microbiology"
        }
    ],
    "research_orgs": [
        {
            "id": "grid.30760.32",
            "acronym": "MCW",
            "state_name": "Wisconsin",
            "types": [
                "Education"
            ],
            "longitude": -88.02142,
            "linkout": [
                "http://www.mcw.edu/MCW"
            ],
            "latitude": 43.04381,
            "name": "Medical College of Wisconsin",
            "city_name": "Milwaukee",
            "country_name": "United States"
        }
    ],
    "times_cited": 43,
    "pmid": "23760248",
    "research_org_country_names": [
        "United States"
    ],
    "id": "pub.1031653273",
    "issue": "18",
    "journal": {
        "id": "jour.1008072",
        "title": "Journal of Virology"
    },
    "year": 2013,
    "references": [
        "pub.1041150470",
        "pub.1059960394",
        "pub.1011638905",
        "pub.1040922907",
        "pub.1072290533",
        "pub.1062603633",
        "pub.1040716011",
        "pub.1072290868",
        "pub.1028752328",
        "pub.1038226029",
        "pub.1034522951",
        "pub.1052241874",
        "pub.1033436652",
        "pub.1060352811",
        "pub.1040769254",
        "pub.1060398590",
        "pub.1038369839",
        "pub.1072290575",
        "pub.1072290231",
        "pub.1072290464",
        "pub.1018794264",
        "pub.1027510841",
        "pub.1052473047",
        "pub.1000835489",
        "pub.1016587526",
        "pub.1072291047",
        "pub.1006598563",
        "pub.1013173208",
        "pub.1075316730",
        "pub.1072290426",
        "pub.1005322778",
        "pub.1049092516",
        "pub.1045388727",
        "pub.1020222730",
        "pub.1059231352",
        "pub.1032724344",
        "pub.1004833307",
        "pub.1045388567",
        "pub.1049108205",
        "pub.1007784854",
        "pub.1021106053",
        "pub.1029644510",
        "pub.1015086005",
        "pub.1028914306",
        "pub.1033218301",
        "pub.1052876543",
        "pub.1048769248",
        "pub.1030373069",
        "pub.1030185770",
        "pub.1060398188",
        "pub.1026175635",
        "pub.1006982193",
        "pub.1101678174",
        "pub.1039865055",
        "pub.1046697330",
        "pub.1015703190",
        "pub.1047980534",
        "pub.1031305424",
        "pub.1028352854",
        "pub.1006034946",
        "pub.1039054814",
        "pub.1015926826",
        "pub.1052818247",
        "pub.1034438868",
        "pub.1030656793",
        "pub.1030279959",
        "pub.1050332974",
        "pub.1033336806",
        "pub.1013913668",
        "pub.1010808753",
        "pub.1010141447",
        "pub.1040304237",
        "pub.1046950271",
        "pub.1005491719",
        "pub.1030396162",
        "pub.1050910131",
        "pub.1006360563",
        "pub.1038660278",
        "pub.1072289407",
        "pub.1022354815",
        "pub.1026012581",
        "pub.1000746308",
        "pub.1023332009",
        "pub.1007488505",
        "pub.1047723321",
        "pub.1072289414",
        "pub.1025540718",
        "pub.1016513728",
        "pub.1002381809",
        "pub.1026859423",
        "pub.1035284675",
        "pub.1040105961",
        "pub.1007120053",
        "pub.1046989197",
        "pub.1009829340",
        "pub.1046582990"
    ],
    "relative_citation_ratio": 1.68,
    "research_org_state_names": [
        "Wisconsin"
    ],
    "author_affiliations": [
        [
            {
                "first_name": "Alexsia L.",
                "last_name": "Richards",
                "initials": "",
                "corresponding": "",
                "orcid": "",
                "current_organization_id": "grid.16753.36",
                "researcher_id": "ur.01235537222.00",
                "affiliations": [
                    {
                        "id": "grid.30760.32",
                        "name": "Medical College of Wisconsin",
                        "city": "Milwaukee",
                        "city_id": 5263045,
                        "country": "United States",
                        "country_code": "US",
                        "state": "Wisconsin",
                        "state_code": "US-WI"
                    }
                ]
            },
            {
                "first_name": "William T.",
                "last_name": "Jackson",
                "initials": "",
                "corresponding": "",
                "orcid": "",
                "current_organization_id": "grid.411024.2",
                "researcher_id": "ur.0602761024.42",
                "affiliations": [
                    {
                        "id": "grid.30760.32",
                        "name": "Medical College of Wisconsin",
                        "city": "Milwaukee",
                        "city_id": 5263045,
                        "country": "United States",
                        "country_code": "US",
                        "state": "Wisconsin",
                        "state_code": "US-WI"
                    }
                ]
            }
        ]
    ],
    "type": "article"
}