{
    "pmid": "30124195",
    "author_affiliations": [
        [
            {
                "first_name": "Gianvito",
                "last_name": "Lanave",
                "initials": "",
                "corresponding": "",
                "orcid": "['0000-0003-4614-677X']",
                "current_organization_id": "grid.7644.1",
                "researcher_id": "ur.0614151015.42",
                "affiliations": [
                    {
                        "id": "grid.7644.1",
                        "name": "University of Bari Aldo Moro",
                        "city": "Bari",
                        "city_id": 3182351,
                        "country": "Italy",
                        "country_code": "IT",
                        "state": null,
                        "state_code": null
                    },
                    {
                        "name": "La Vallonea Veterinary Laboratory, Milan, Italy (F. Albanese);"
                    },
                    {
                        "name": "Centro Veterinario Montarioso, Siena, Italy (E. Brogi);"
                    },
                    {
                        "name": "Istituto Zooprofilattico Sperimentale di Puglia e Basilicata, Putignano, Italy (A. Parisi);"
                    },
                    {
                        "name": "Istituto Zooprofilattico Sperimentale di Lombardia ed Emilia Romagna, Brescia, Italy (A. Lavazza)"
                    }
                ]
            },
            {
                "first_name": "Giulia",
                "last_name": "Dowgier",
                "initials": "",
                "corresponding": "",
                "orcid": "",
                "current_organization_id": "grid.7644.1",
                "researcher_id": "ur.01253041551.44",
                "affiliations": [
                    {
                        "id": "grid.7644.1",
                        "name": "University of Bari Aldo Moro",
                        "city": "Bari",
                        "city_id": 3182351,
                        "country": "Italy",
                        "country_code": "IT",
                        "state": null,
                        "state_code": null
                    },
                    {
                        "name": "La Vallonea Veterinary Laboratory, Milan, Italy (F. Albanese);"
                    },
                    {
                        "name": "Centro Veterinario Montarioso, Siena, Italy (E. Brogi);"
                    },
                    {
                        "name": "Istituto Zooprofilattico Sperimentale di Puglia e Basilicata, Putignano, Italy (A. Parisi);"
                    },
                    {
                        "name": "Istituto Zooprofilattico Sperimentale di Lombardia ed Emilia Romagna, Brescia, Italy (A. Lavazza)"
                    }
                ]
            },
            {
                "first_name": "Nicola",
                "last_name": "Decaro",
                "initials": "",
                "corresponding": "",
                "orcid": "['0000-0001-6348-7969']",
                "current_organization_id": "grid.7644.1",
                "researcher_id": "ur.01212664150.59",
                "affiliations": [
                    {
                        "id": "grid.7644.1",
                        "name": "University of Bari Aldo Moro",
                        "city": "Bari",
                        "city_id": 3182351,
                        "country": "Italy",
                        "country_code": "IT",
                        "state": null,
                        "state_code": null
                    },
                    {
                        "name": "La Vallonea Veterinary Laboratory, Milan, Italy (F. Albanese);"
                    },
                    {
                        "name": "Centro Veterinario Montarioso, Siena, Italy (E. Brogi);"
                    },
                    {
                        "name": "Istituto Zooprofilattico Sperimentale di Puglia e Basilicata, Putignano, Italy (A. Parisi);"
                    },
                    {
                        "name": "Istituto Zooprofilattico Sperimentale di Lombardia ed Emilia Romagna, Brescia, Italy (A. Lavazza)"
                    }
                ]
            },
            {
                "first_name": "Francesco",
                "last_name": "Albanese",
                "initials": "",
                "corresponding": "",
                "orcid": "",
                "current_organization_id": "",
                "researcher_id": "",
                "affiliations": [
                    {
                        "id": "grid.7644.1",
                        "name": "University of Bari Aldo Moro",
                        "city": "Bari",
                        "city_id": 3182351,
                        "country": "Italy",
                        "country_code": "IT",
                        "state": null,
                        "state_code": null
                    },
                    {
                        "name": "La Vallonea Veterinary Laboratory, Milan, Italy (F. Albanese);"
                    },
                    {
                        "name": "Centro Veterinario Montarioso, Siena, Italy (E. Brogi);"
                    },
                    {
                        "name": "Istituto Zooprofilattico Sperimentale di Puglia e Basilicata, Putignano, Italy (A. Parisi);"
                    },
                    {
                        "name": "Istituto Zooprofilattico Sperimentale di Lombardia ed Emilia Romagna, Brescia, Italy (A. Lavazza)"
                    }
                ]
            },
            {
                "first_name": "Elisa",
                "last_name": "Brogi",
                "initials": "",
                "corresponding": "",
                "orcid": "",
                "current_organization_id": "",
                "researcher_id": "",
                "affiliations": [
                    {
                        "id": "grid.7644.1",
                        "name": "University of Bari Aldo Moro",
                        "city": "Bari",
                        "city_id": 3182351,
                        "country": "Italy",
                        "country_code": "IT",
                        "state": null,
                        "state_code": null
                    },
                    {
                        "name": "La Vallonea Veterinary Laboratory, Milan, Italy (F. Albanese);"
                    },
                    {
                        "name": "Centro Veterinario Montarioso, Siena, Italy (E. Brogi);"
                    },
                    {
                        "name": "Istituto Zooprofilattico Sperimentale di Puglia e Basilicata, Putignano, Italy (A. Parisi);"
                    },
                    {
                        "name": "Istituto Zooprofilattico Sperimentale di Lombardia ed Emilia Romagna, Brescia, Italy (A. Lavazza)"
                    }
                ]
            },
            {
                "first_name": "Antonio",
                "last_name": "Parisi",
                "initials": "",
                "corresponding": "",
                "orcid": "",
                "current_organization_id": "grid.7644.1",
                "researcher_id": "ur.0601111700.20",
                "affiliations": [
                    {
                        "id": "grid.7644.1",
                        "name": "University of Bari Aldo Moro",
                        "city": "Bari",
                        "city_id": 3182351,
                        "country": "Italy",
                        "country_code": "IT",
                        "state": null,
                        "state_code": null
                    },
                    {
                        "name": "La Vallonea Veterinary Laboratory, Milan, Italy (F. Albanese);"
                    },
                    {
                        "name": "Centro Veterinario Montarioso, Siena, Italy (E. Brogi);"
                    },
                    {
                        "name": "Istituto Zooprofilattico Sperimentale di Puglia e Basilicata, Putignano, Italy (A. Parisi);"
                    },
                    {
                        "name": "Istituto Zooprofilattico Sperimentale di Lombardia ed Emilia Romagna, Brescia, Italy (A. Lavazza)"
                    }
                ]
            },
            {
                "first_name": "Michele",
                "last_name": "Losurdo",
                "initials": "",
                "corresponding": "",
                "orcid": "",
                "current_organization_id": "grid.7644.1",
                "researcher_id": "ur.01325517101.25",
                "affiliations": [
                    {
                        "id": "grid.7644.1",
                        "name": "University of Bari Aldo Moro",
                        "city": "Bari",
                        "city_id": 3182351,
                        "country": "Italy",
                        "country_code": "IT",
                        "state": null,
                        "state_code": null
                    },
                    {
                        "name": "La Vallonea Veterinary Laboratory, Milan, Italy (F. Albanese);"
                    },
                    {
                        "name": "Centro Veterinario Montarioso, Siena, Italy (E. Brogi);"
                    },
                    {
                        "name": "Istituto Zooprofilattico Sperimentale di Puglia e Basilicata, Putignano, Italy (A. Parisi);"
                    },
                    {
                        "name": "Istituto Zooprofilattico Sperimentale di Lombardia ed Emilia Romagna, Brescia, Italy (A. Lavazza)"
                    }
                ]
            },
            {
                "first_name": "Antonio",
                "last_name": "Lavazza",
                "initials": "",
                "corresponding": "",
                "orcid": "['0000-0002-7646-3592']",
                "current_organization_id": "grid.419583.2",
                "researcher_id": "ur.0714030706.18",
                "affiliations": [
                    {
                        "id": "grid.7644.1",
                        "name": "University of Bari Aldo Moro",
                        "city": "Bari",
                        "city_id": 3182351,
                        "country": "Italy",
                        "country_code": "IT",
                        "state": null,
                        "state_code": null
                    },
                    {
                        "name": "La Vallonea Veterinary Laboratory, Milan, Italy (F. Albanese);"
                    },
                    {
                        "name": "Centro Veterinario Montarioso, Siena, Italy (E. Brogi);"
                    },
                    {
                        "name": "Istituto Zooprofilattico Sperimentale di Puglia e Basilicata, Putignano, Italy (A. Parisi);"
                    },
                    {
                        "name": "Istituto Zooprofilattico Sperimentale di Lombardia ed Emilia Romagna, Brescia, Italy (A. Lavazza)"
                    }
                ]
            },
            {
                "first_name": "Vito",
                "last_name": "Martella",
                "initials": "",
                "corresponding": "",
                "orcid": "['0000-0002-5740-6947']",
                "current_organization_id": "grid.7644.1",
                "researcher_id": "ur.01076435550.80",
                "affiliations": [
                    {
                        "id": "grid.7644.1",
                        "name": "University of Bari Aldo Moro",
                        "city": "Bari",
                        "city_id": 3182351,
                        "country": "Italy",
                        "country_code": "IT",
                        "state": null,
                        "state_code": null
                    },
                    {
                        "name": "La Vallonea Veterinary Laboratory, Milan, Italy (F. Albanese);"
                    },
                    {
                        "name": "Centro Veterinario Montarioso, Siena, Italy (E. Brogi);"
                    },
                    {
                        "name": "Istituto Zooprofilattico Sperimentale di Puglia e Basilicata, Putignano, Italy (A. Parisi);"
                    },
                    {
                        "name": "Istituto Zooprofilattico Sperimentale di Lombardia ed Emilia Romagna, Brescia, Italy (A. Lavazza)"
                    }
                ]
            },
            {
                "first_name": "Canio",
                "last_name": "Buonavoglia",
                "initials": "",
                "corresponding": "",
                "orcid": "",
                "current_organization_id": "grid.7644.1",
                "researcher_id": "ur.01076372506.28",
                "affiliations": [
                    {
                        "id": "grid.7644.1",
                        "name": "University of Bari Aldo Moro",
                        "city": "Bari",
                        "city_id": 3182351,
                        "country": "Italy",
                        "country_code": "IT",
                        "state": null,
                        "state_code": null
                    },
                    {
                        "name": "La Vallonea Veterinary Laboratory, Milan, Italy (F. Albanese);"
                    },
                    {
                        "name": "Centro Veterinario Montarioso, Siena, Italy (E. Brogi);"
                    },
                    {
                        "name": "Istituto Zooprofilattico Sperimentale di Puglia e Basilicata, Putignano, Italy (A. Parisi);"
                    },
                    {
                        "name": "Istituto Zooprofilattico Sperimentale di Lombardia ed Emilia Romagna, Brescia, Italy (A. Lavazza)"
                    }
                ]
            },
            {
                "first_name": "Gabriella",
                "last_name": "Elia",
                "initials": "",
                "corresponding": "",
                "orcid": "['0000-0001-7469-2175']",
                "current_organization_id": "grid.7644.1",
                "researcher_id": "ur.0650226201.86",
                "affiliations": [
                    {
                        "id": "grid.7644.1",
                        "name": "University of Bari Aldo Moro",
                        "city": "Bari",
                        "city_id": 3182351,
                        "country": "Italy",
                        "country_code": "IT",
                        "state": null,
                        "state_code": null
                    },
                    {
                        "name": "La Vallonea Veterinary Laboratory, Milan, Italy (F. Albanese);"
                    },
                    {
                        "name": "Centro Veterinario Montarioso, Siena, Italy (E. Brogi);"
                    },
                    {
                        "name": "Istituto Zooprofilattico Sperimentale di Puglia e Basilicata, Putignano, Italy (A. Parisi);"
                    },
                    {
                        "name": "Istituto Zooprofilattico Sperimentale di Lombardia ed Emilia Romagna, Brescia, Italy (A. Lavazza)"
                    }
                ]
            }
        ]
    ],
    "altmetric": 5.0,
    "FOR": [
        {
            "id": "3114",
            "name": "1108 Medical Microbiology"
        }
    ],
    "research_org_countries": [
        {
            "id": "IT",
            "name": "Italy"
        }
    ],
    "title": "Novel Orthopoxvirus and Lethal Disease in Cat, Italy",
    "research_org_cities": [
        {
            "id": 3169742,
            "name": "Putignano"
        },
        {
            "id": 3182351,
            "name": "Bari"
        },
        {
            "id": 3181554,
            "name": "Brescia"
        },
        {
            "id": 3166548,
            "name": "Siena"
        },
        {
            "id": 3173435,
            "name": "Milan"
        }
    ],
    "pages": "1665-1673",
    "issue": "9",
    "open_access": [
        "Open Access - all",
        "Open Access - publisher",
        "Open Access - published"
    ],
    "doi": "10.3201/eid2409.171283",
    "times_cited": 5,
    "funders": [
        {
            "id": "grid.425107.5",
            "name": "Tekes",
            "linkout": [
                "http://www.tekes.fi/"
            ],
            "country_name": "Finland",
            "types": [
                "Other"
            ],
            "latitude": 60.2,
            "city_name": "Helsinki",
            "longitude": 24.92639
        }
    ],
    "journal": {
        "id": "jour.1114184",
        "title": "Emerging Infectious Diseases"
    },
    "research_orgs": [
        {
            "id": "grid.7644.1",
            "name": "University of Bari Aldo Moro",
            "linkout": [
                "http://www.uniba.it/english-version"
            ],
            "country_name": "Italy",
            "types": [
                "Education"
            ],
            "latitude": 41.120277,
            "city_name": "Bari",
            "longitude": 16.868334
        }
    ],
    "year": 2018,
    "references": [
        "pub.1082412978",
        "pub.1044945908",
        "pub.1084183113",
        "pub.1023994729",
        "pub.1039197403",
        "pub.1042459282",
        "pub.1081660397",
        "pub.1001286014",
        "pub.1053708253",
        "pub.1015013102",
        "pub.1060400801",
        "pub.1023974441",
        "pub.1012706099",
        "pub.1092070435",
        "pub.1016697958",
        "pub.1076831536",
        "pub.1077534020",
        "pub.1059325030",
        "pub.1002102392",
        "pub.1049405102",
        "pub.1047404084",
        "pub.1032526432",
        "pub.1036252078",
        "pub.1026454471",
        "pub.1021738309",
        "pub.1001902859",
        "pub.1024814871",
        "pub.1011445227",
        "pub.1050459580",
        "pub.1029605057",
        "pub.1024313619",
        "pub.1085220768",
        "pub.1022156050",
        "pub.1027697537",
        "pub.1017849925",
        "pub.1030065057",
        "pub.1073043895",
        "pub.1003376662",
        "pub.1018965811",
        "pub.1000321741",
        "pub.1083164568",
        "pub.1078683500",
        "pub.1060372555",
        "pub.1004650094"
    ],
    "id": "pub.1105802499",
    "research_org_country_names": [
        "Italy"
    ],
    "date": "2018-09-01",
    "researchers": [
        {
            "id": "ur.0614151015.42",
            "research_orgs": [
                "grid.7644.1",
                "grid.17083.3d",
                "grid.5018.c"
            ],
            "last_name": "Lanave",
            "first_name": "Gianvito",
            "orcid_id": [
                "0000-0003-4614-677X"
            ]
        },
        {
            "id": "ur.01253041551.44",
            "research_orgs": [
                "grid.7644.1",
                "grid.63622.33"
            ],
            "last_name": "Dowgier",
            "first_name": "Giulia"
        },
        {
            "id": "ur.01212664150.59",
            "research_orgs": [
                "grid.7644.1",
                "grid.261331.4",
                "grid.17083.3d",
                "grid.5018.c"
            ],
            "last_name": "Decaro",
            "first_name": "Nicola",
            "orcid_id": [
                "0000-0001-6348-7969"
            ]
        },
        {
            "id": "ur.0601111700.20",
            "research_orgs": [
                "grid.7644.1",
                "grid.417756.6"
            ],
            "last_name": "Parisi",
            "first_name": "Antonio"
        },
        {
            "id": "ur.01325517101.25",
            "research_orgs": [
                "grid.7644.1",
                "grid.417756.6"
            ],
            "last_name": "Losurdo",
            "first_name": "Michele"
        },
        {
            "id": "ur.0714030706.18",
            "research_orgs": [
                "grid.5018.c",
                "grid.419583.2",
                "grid.7644.1",
                "grid.6292.f",
                "grid.7637.5",
                "grid.17635.36"
            ],
            "last_name": "Lavazza",
            "first_name": "Antonio",
            "orcid_id": [
                "0000-0002-7646-3592"
            ]
        },
        {
            "id": "ur.01076435550.80",
            "research_orgs": [
                "grid.10776.37",
                "grid.9679.1",
                "grid.4691.a",
                "grid.417756.6",
                "grid.17083.3d",
                "grid.261331.4",
                "grid.10383.39",
                "grid.7644.1",
                "grid.415751.3",
                "grid.5018.c",
                "grid.94365.3d"
            ],
            "last_name": "Martella",
            "first_name": "Vito",
            "orcid_id": [
                "0000-0002-5740-6947"
            ]
        },
        {
            "id": "ur.01076372506.28",
            "research_orgs": [
                "grid.4691.a",
                "grid.261331.4",
                "grid.417756.6",
                "grid.94365.3d",
                "grid.9027.c",
                "grid.10776.37",
                "grid.7644.1",
                "grid.416651.1",
                "grid.5018.c",
                "grid.10383.39",
                "grid.17083.3d"
            ],
            "last_name": "Buonavoglia",
            "first_name": "Canio"
        },
        {
            "id": "ur.0650226201.86",
            "research_orgs": [
                "grid.7644.1",
                "grid.10383.39",
                "grid.5018.c"
            ],
            "last_name": "Elia",
            "first_name": "Gabriella",
            "orcid_id": [
                "0000-0001-7469-2175"
            ]
        }
    ],
    "relative_citation_ratio": 1.48,
    "type": "article",
    "volume": "24",
    "pmcid": "PMC6106440"
}