{
    "volume": "84",
    "date": "2010-01-01",
    "title": "Interaction between Ebola Virus Glycoprotein and Host Toll-Like Receptor 4 Leads to Induction of Proinflammatory Cytokines and SOCS1 \u25bf \u2020",
    "researchers": [
        {
            "id": "ur.01321631417.18",
            "last_name": "Okumura",
            "first_name": "Atsushi",
            "orcid_id": [
                "0000-0002-7779-3059"
            ],
            "research_orgs": [
                "grid.34477.33",
                "grid.21107.35",
                "grid.419681.3",
                "grid.25879.31",
                "grid.21729.3f",
                "grid.416614.0"
            ]
        },
        {
            "id": "ur.01021646112.36",
            "last_name": "Pitha",
            "first_name": "Paula M",
            "research_orgs": [
                "grid.21107.35",
                "grid.411940.9",
                "grid.417587.8",
                "grid.469474.c",
                "grid.51462.34",
                "grid.48336.3a",
                "grid.250671.7",
                "grid.168645.8",
                "grid.214458.e",
                "grid.417710.4",
                "grid.7372.1",
                "grid.419475.a",
                "grid.411024.2"
            ]
        },
        {
            "id": "ur.0702121067.37",
            "last_name": "Yoshimura",
            "first_name": "Akihiko",
            "orcid_id": [
                "0000-0001-5676-8949"
            ],
            "research_orgs": [
                "grid.419082.6",
                "grid.19006.3e",
                "grid.26091.3c",
                "grid.416629.e",
                "grid.410786.c",
                "grid.462416.3",
                "grid.264381.a",
                "grid.411582.b",
                "grid.258799.8",
                "grid.410781.b",
                "grid.26999.3d",
                "grid.412334.3",
                "grid.116068.8",
                "grid.177174.3",
                "grid.260975.f",
                "grid.258333.c",
                "grid.266100.3",
                "grid.279885.9"
            ]
        },
        {
            "id": "ur.01177535740.63",
            "last_name": "Harty",
            "first_name": "Ronald N",
            "research_orgs": [
                "grid.59734.3c",
                "grid.25879.31",
                "grid.421568.c"
            ]
        }
    ],
    "pmcid": "PMC2798428",
    "research_org_state_codes": [
        {
            "id": "US-MD",
            "name": "Maryland"
        },
        {
            "id": "US-PA",
            "name": "Pennsylvania"
        }
    ],
    "altmetric": 3.0,
    "pages": "27-33",
    "research_org_cities": [
        {
            "id": 4347778,
            "name": "Baltimore"
        },
        {
            "id": 1850147,
            "name": "Tokyo"
        },
        {
            "id": 4560349,
            "name": "Philadelphia"
        }
    ],
    "open_access": [
        "Open Access - all",
        "Open Access - publisher",
        "Open Access - published"
    ],
    "research_org_countries": [
        {
            "id": "US",
            "name": "United States"
        },
        {
            "id": "JP",
            "name": "Japan"
        }
    ],
    "doi": "10.1128/jvi.01462-09",
    "FOR": [
        {
            "id": "3103",
            "name": "1107 Immunology"
        }
    ],
    "research_orgs": [
        {
            "id": "grid.21107.35",
            "acronym": "JHU",
            "state_name": "Maryland",
            "types": [
                "Education"
            ],
            "longitude": -76.62028,
            "linkout": [
                "https://www.jhu.edu/"
            ],
            "latitude": 39.328888,
            "name": "Johns Hopkins University",
            "city_name": "Baltimore",
            "country_name": "United States"
        },
        {
            "id": "grid.419082.6",
            "acronym": "JST",
            "types": [
                "Government"
            ],
            "longitude": 139.73805,
            "linkout": [
                "http://www.jst.go.jp/EN/"
            ],
            "latitude": 35.689022,
            "name": "Japan Science and Technology Agency",
            "city_name": "Tokyo",
            "country_name": "Japan"
        },
        {
            "id": "grid.25879.31",
            "state_name": "Pennsylvania",
            "types": [
                "Education"
            ],
            "longitude": -75.19322,
            "linkout": [
                "http://www.upenn.edu/"
            ],
            "latitude": 39.952457,
            "name": "University of Pennsylvania",
            "city_name": "Philadelphia",
            "country_name": "United States"
        },
        {
            "id": "grid.26091.3c",
            "state_name": "T\u00f4ky\u00f4",
            "types": [
                "Education"
            ],
            "longitude": 139.74307,
            "linkout": [
                "http://www.keio.ac.jp/"
            ],
            "latitude": 35.64954,
            "name": "Keio University",
            "city_name": "Tokyo",
            "country_name": "Japan"
        }
    ],
    "times_cited": 90,
    "pmid": "19846529",
    "funders": [
        {
            "id": "grid.419681.3",
            "acronym": "NIAID",
            "state_name": "Maryland",
            "types": [
                "Facility"
            ],
            "longitude": -77.11183,
            "linkout": [
                "http://www.niaid.nih.gov/Pages/default.aspx"
            ],
            "latitude": 39.066647,
            "name": "National Institute of Allergy and Infectious Diseases",
            "city_name": "Bethesda",
            "country_name": "United States"
        }
    ],
    "research_org_country_names": [
        "Japan",
        "United States"
    ],
    "id": "pub.1025278490",
    "issue": "1",
    "journal": {
        "id": "jour.1008072",
        "title": "Journal of Virology"
    },
    "year": 2010,
    "references": [
        "pub.1052859566",
        "pub.1049910738",
        "pub.1037645569",
        "pub.1044239333",
        "pub.1024271136",
        "pub.1021537180",
        "pub.1047863798",
        "pub.1042706701",
        "pub.1048018725",
        "pub.1009456740",
        "pub.1003842421",
        "pub.1002078603",
        "pub.1043813781",
        "pub.1022797955",
        "pub.1010497901",
        "pub.1040993959",
        "pub.1040794429",
        "pub.1033464546",
        "pub.1004606886",
        "pub.1014028336",
        "pub.1010853272",
        "pub.1017561226",
        "pub.1074625204",
        "pub.1003899746",
        "pub.1083236377",
        "pub.1018853440",
        "pub.1029054459",
        "pub.1026202484",
        "pub.1013398557",
        "pub.1082890642",
        "pub.1028036798",
        "pub.1039947611",
        "pub.1035252008",
        "pub.1038116743"
    ],
    "relative_citation_ratio": 2.48,
    "research_org_state_names": [
        "Pennsylvania",
        "Maryland"
    ],
    "author_affiliations": [
        [
            {
                "first_name": "Atsushi",
                "last_name": "Okumura",
                "initials": "",
                "corresponding": "",
                "orcid": "['0000-0002-7779-3059']",
                "current_organization_id": "grid.21729.3f",
                "researcher_id": "ur.01321631417.18",
                "affiliations": [
                    {
                        "id": "grid.25879.31",
                        "name": "University of Pennsylvania",
                        "city": "Philadelphia",
                        "city_id": 4560349,
                        "country": "United States",
                        "country_code": "US",
                        "state": "Pennsylvania",
                        "state_code": "US-PA"
                    }
                ]
            },
            {
                "first_name": "Paula M.",
                "last_name": "Pitha",
                "initials": "",
                "corresponding": "",
                "orcid": "",
                "current_organization_id": "grid.21107.35",
                "researcher_id": "ur.01021646112.36",
                "affiliations": [
                    {
                        "id": "grid.21107.35",
                        "name": "Johns Hopkins University",
                        "city": "Baltimore",
                        "city_id": 4347778,
                        "country": "United States",
                        "country_code": "US",
                        "state": "Maryland",
                        "state_code": "US-MD"
                    }
                ]
            },
            {
                "first_name": "Akihiko",
                "last_name": "Yoshimura",
                "initials": "",
                "corresponding": "",
                "orcid": "['0000-0001-5676-8949']",
                "current_organization_id": "grid.26091.3c",
                "researcher_id": "ur.0702121067.37",
                "affiliations": [
                    {
                        "id": "grid.26091.3c",
                        "name": "Keio University",
                        "city": "Tokyo",
                        "city_id": 1850147,
                        "country": "Japan",
                        "country_code": "JP",
                        "state": null,
                        "state_code": null
                    },
                    {
                        "id": "grid.419082.6",
                        "name": "Japan Science and Technology Agency",
                        "city": "Tokyo",
                        "city_id": 1850147,
                        "country": "Japan",
                        "country_code": "JP",
                        "state": null,
                        "state_code": null
                    }
                ]
            },
            {
                "first_name": "Ronald N.",
                "last_name": "Harty",
                "initials": "",
                "corresponding": "",
                "orcid": "",
                "current_organization_id": "grid.25879.31",
                "researcher_id": "ur.01177535740.63",
                "affiliations": [
                    {
                        "id": "grid.25879.31",
                        "name": "University of Pennsylvania",
                        "city": "Philadelphia",
                        "city_id": 4560349,
                        "country": "United States",
                        "country_code": "US",
                        "state": "Pennsylvania",
                        "state_code": "US-PA"
                    }
                ]
            }
        ]
    ],
    "type": "article"
}