{
    "research_orgs": [
        {
            "id": "grid.410727.7",
            "linkout": [
                "http://www.caas.cn/en/"
            ],
            "city_name": "Beijing",
            "longitude": 116.327896,
            "acronym": "CAAS",
            "latitude": 39.958237,
            "name": "Chinese Academy of Agricultural Sciences",
            "types": [
                "Government"
            ],
            "country_name": "China"
        }
    ],
    "research_org_country_names": [
        "China"
    ],
    "pmid": "15223561",
    "title": "A new genotype of nephropathogenic infectious bronchitis virus circulating in vaccinated and non-vaccinated flocks in China",
    "type": "article",
    "year": 2004,
    "journal": {
        "id": "jour.1093273",
        "title": "Avian Pathology"
    },
    "researchers": [
        {
            "id": "ur.01014370424.21",
            "research_orgs": [
                "grid.410727.7",
                "grid.411734.4",
                "grid.412243.2",
                "grid.38587.31"
            ],
            "first_name": "Shengwang",
            "last_name": "Liu"
        },
        {
            "id": "ur.0746255224.58",
            "research_orgs": [
                "grid.410727.7",
                "grid.412243.2",
                "grid.38587.31"
            ],
            "first_name": "Xian-Gang",
            "last_name": "Kong"
        }
    ],
    "FOR": [
        {
            "id": "3114",
            "name": "1108 Medical Microbiology"
        }
    ],
    "research_org_countries": [
        {
            "id": "CN",
            "name": "China"
        }
    ],
    "date": "2004-06-01",
    "altmetric": 3.0,
    "pages": "321-327",
    "id": "pub.1024639036",
    "volume": "33",
    "issue": "3",
    "research_org_cities": [
        {
            "id": 1816670,
            "name": "Beijing"
        }
    ],
    "author_affiliations": [
        [
            {
                "first_name": "Shengwang",
                "last_name": "Liu",
                "initials": "",
                "corresponding": "",
                "orcid": "",
                "current_organization_id": "grid.38587.31",
                "researcher_id": "ur.01014370424.21",
                "affiliations": [
                    {
                        "id": "grid.410727.7",
                        "name": "Chinese Academy of Agricultural Sciences",
                        "city": "Beijing",
                        "city_id": 1816670,
                        "country": "China",
                        "country_code": "CN",
                        "state": null,
                        "state_code": null
                    }
                ]
            },
            {
                "first_name": "Xiangang",
                "last_name": "Kong",
                "initials": "",
                "corresponding": "",
                "orcid": "",
                "current_organization_id": "grid.38587.31",
                "researcher_id": "ur.0746255224.58",
                "affiliations": []
            }
        ]
    ],
    "doi": "10.1080/0307945042000220697",
    "times_cited": 116,
    "references": [
        "pub.1028004437",
        "pub.1029275245",
        "pub.1069559138",
        "pub.1083165775",
        "pub.1040599297",
        "pub.1036062978",
        "pub.1069559143",
        "pub.1031545575",
        "pub.1043669464",
        "pub.1048627454",
        "pub.1035544934",
        "pub.1069558552",
        "pub.1035210308",
        "pub.1076181408",
        "pub.1004326195",
        "pub.1013787297",
        "pub.1014226478",
        "pub.1051742678",
        "pub.1014187121",
        "pub.1043205058",
        "pub.1047008259",
        "pub.1015190159",
        "pub.1069557801",
        "pub.1062831318",
        "pub.1069558461"
    ],
    "relative_citation_ratio": 3.73
}