{
    "pmid": "20354203",
    "author_affiliations": [
        [
            {
                "first_name": "Celso A",
                "last_name": "Reis",
                "initials": "",
                "corresponding": "",
                "orcid": "['0000-0002-0286-6639']",
                "current_organization_id": "grid.5808.5",
                "researcher_id": "ur.01205313165.29",
                "affiliations": [
                    {
                        "id": "grid.5808.5",
                        "name": "University of Porto",
                        "city": "Porto",
                        "city_id": 2735943,
                        "country": "Portugal",
                        "country_code": "PT",
                        "state": null,
                        "state_code": null
                    },
                    {
                        "id": "grid.5808.5",
                        "name": "University of Porto",
                        "city": "Porto",
                        "city_id": 2735943,
                        "country": "Portugal",
                        "country_code": "PT",
                        "state": null,
                        "state_code": null
                    }
                ]
            },
            {
                "first_name": "Hugo",
                "last_name": "Osorio",
                "initials": "",
                "corresponding": "",
                "orcid": "['0000-0002-6362-8255']",
                "current_organization_id": "grid.5808.5",
                "researcher_id": "ur.01043345161.66",
                "affiliations": [
                    {
                        "id": "grid.5808.5",
                        "name": "University of Porto",
                        "city": "Porto",
                        "city_id": 2735943,
                        "country": "Portugal",
                        "country_code": "PT",
                        "state": null,
                        "state_code": null
                    }
                ]
            },
            {
                "first_name": "Luisa",
                "last_name": "Silva",
                "initials": "",
                "corresponding": "",
                "orcid": "",
                "current_organization_id": "grid.5808.5",
                "researcher_id": "ur.0704140472.57",
                "affiliations": [
                    {
                        "id": "grid.5808.5",
                        "name": "University of Porto",
                        "city": "Porto",
                        "city_id": 2735943,
                        "country": "Portugal",
                        "country_code": "PT",
                        "state": null,
                        "state_code": null
                    }
                ]
            },
            {
                "first_name": "Catarina",
                "last_name": "Gomes",
                "initials": "",
                "corresponding": "",
                "orcid": "['0000-0002-0352-6783']",
                "current_organization_id": "grid.5808.5",
                "researcher_id": "ur.012206070340.36",
                "affiliations": [
                    {
                        "id": "grid.5808.5",
                        "name": "University of Porto",
                        "city": "Porto",
                        "city_id": 2735943,
                        "country": "Portugal",
                        "country_code": "PT",
                        "state": null,
                        "state_code": null
                    }
                ]
            },
            {
                "first_name": "Leonor",
                "last_name": "David",
                "initials": "",
                "corresponding": "",
                "orcid": "['0000-0003-4207-9258']",
                "current_organization_id": "grid.5808.5",
                "researcher_id": "ur.01210615620.07",
                "affiliations": [
                    {
                        "id": "grid.5808.5",
                        "name": "University of Porto",
                        "city": "Porto",
                        "city_id": 2735943,
                        "country": "Portugal",
                        "country_code": "PT",
                        "state": null,
                        "state_code": null
                    },
                    {
                        "id": "grid.5808.5",
                        "name": "University of Porto",
                        "city": "Porto",
                        "city_id": 2735943,
                        "country": "Portugal",
                        "country_code": "PT",
                        "state": null,
                        "state_code": null
                    }
                ]
            }
        ]
    ],
    "altmetric": 3.0,
    "FOR": [
        {
            "id": "2581",
            "name": "0601 Biochemistry and Cell Biology"
        },
        {
            "id": "3142",
            "name": "1112 Oncology and Carcinogenesis"
        }
    ],
    "research_org_countries": [
        {
            "id": "PT",
            "name": "Portugal"
        }
    ],
    "title": "Alterations in glycosylation as biomarkers for cancer detection",
    "research_org_cities": [
        {
            "id": 2735943,
            "name": "Porto"
        }
    ],
    "pages": "322",
    "issue": "4",
    "doi": "10.1136/jcp.2009.071035",
    "times_cited": 272,
    "funders": [
        {
            "id": "grid.22919.31",
            "name": "Foundation for Science and Technology",
            "linkout": [
                "http://www.fct.pt/"
            ],
            "country_name": "Portugal",
            "types": [
                "Nonprofit"
            ],
            "latitude": 38.709667,
            "acronym": "FCT",
            "city_name": "Lisbon",
            "longitude": -9.15309
        }
    ],
    "journal": {
        "id": "jour.1017953",
        "title": "Journal of Clinical Pathology"
    },
    "research_orgs": [
        {
            "id": "grid.5808.5",
            "name": "University of Porto",
            "linkout": [
                "http://sigarra.up.pt/up/en/WEB_BASE.GERA_PAGINA?p_pagina=home"
            ],
            "country_name": "Portugal",
            "types": [
                "Education"
            ],
            "latitude": 41.146465,
            "city_name": "Porto",
            "longitude": -8.615786
        }
    ],
    "year": 2010,
    "references": [
        "pub.1080014439",
        "pub.1058382886",
        "pub.1020487960",
        "pub.1001921182",
        "pub.1077964906",
        "pub.1049246440",
        "pub.1048769015",
        "pub.1010588046",
        "pub.1005216166",
        "pub.1010859386",
        "pub.1038044895",
        "pub.1022207900",
        "pub.1082464925",
        "pub.1013970050",
        "pub.1013263578",
        "pub.1042709846",
        "pub.1082812838",
        "pub.1074813984",
        "pub.1029523139",
        "pub.1008118017",
        "pub.1077652762",
        "pub.1005878649",
        "pub.1014378877",
        "pub.1053004961",
        "pub.1050663613",
        "pub.1009208566",
        "pub.1030542254",
        "pub.1036417320",
        "pub.1083167110",
        "pub.1036741150",
        "pub.1052172532",
        "pub.1017991588",
        "pub.1038470248",
        "pub.1041314075",
        "pub.1081762828",
        "pub.1010880720",
        "pub.1074262072",
        "pub.1022381234",
        "pub.1014485092",
        "pub.1074369213",
        "pub.1030893381",
        "pub.1046005397",
        "pub.1001637976",
        "pub.1048207171",
        "pub.1068132427",
        "pub.1082466565",
        "pub.1079449654",
        "pub.1031793907",
        "pub.1083019225",
        "pub.1053533993",
        "pub.1004876078",
        "pub.1032810227",
        "pub.1017047493",
        "pub.1049142592",
        "pub.1012923555",
        "pub.1016771946",
        "pub.1033786465",
        "pub.1005679913",
        "pub.1009625351",
        "pub.1047385787",
        "pub.1038620482",
        "pub.1039911013",
        "pub.1021722019",
        "pub.1079182736",
        "pub.1048703797",
        "pub.1082884132",
        "pub.1074574418",
        "pub.1050085327",
        "pub.1039558601",
        "pub.1002374887",
        "pub.1039828421",
        "pub.1043268382",
        "pub.1024488891",
        "pub.1039092851",
        "pub.1024169672",
        "pub.1024504110",
        "pub.1014065937",
        "pub.1022838666",
        "pub.1052855187",
        "pub.1021341359",
        "pub.1002859563",
        "pub.1051442924",
        "pub.1003585330",
        "pub.1039517976",
        "pub.1048623982",
        "pub.1077152059",
        "pub.1013675095",
        "pub.1020315475",
        "pub.1013281117",
        "pub.1030622846",
        "pub.1035465322",
        "pub.1077332237",
        "pub.1029723863",
        "pub.1041640463",
        "pub.1033152329",
        "pub.1082467113",
        "pub.1062640073",
        "pub.1031423308",
        "pub.1025451075",
        "pub.1052092588",
        "pub.1028410858",
        "pub.1032630553",
        "pub.1000701859",
        "pub.1046737464",
        "pub.1049952025",
        "pub.1083158512",
        "pub.1046124551",
        "pub.1014448798",
        "pub.1078808681",
        "pub.1049186743",
        "pub.1012496459",
        "pub.1074565802",
        "pub.1032496798",
        "pub.1040910426",
        "pub.1082749797",
        "pub.1047303368",
        "pub.1080085251",
        "pub.1029567589",
        "pub.1023659052",
        "pub.1042742924",
        "pub.1031416548",
        "pub.1006254902",
        "pub.1078853478",
        "pub.1051952855",
        "pub.1010943058",
        "pub.1051008276",
        "pub.1016978359",
        "pub.1043858429",
        "pub.1022405916",
        "pub.1039370186",
        "pub.1019603161",
        "pub.1079667752",
        "pub.1006422413",
        "pub.1080057253",
        "pub.1009998867",
        "pub.1082463462",
        "pub.1027218729",
        "pub.1033621585",
        "pub.1081611082",
        "pub.1076854176",
        "pub.1019778975"
    ],
    "id": "pub.1042440932",
    "research_org_country_names": [
        "Portugal"
    ],
    "date": "2010-04-01",
    "researchers": [
        {
            "id": "ur.01205313165.29",
            "research_orgs": [
                "grid.5170.3",
                "grid.5808.5",
                "grid.12650.30",
                "grid.5254.6",
                "grid.414556.7"
            ],
            "last_name": "Reis",
            "first_name": "Celso A",
            "orcid_id": [
                "0000-0002-0286-6639"
            ]
        },
        {
            "id": "ur.01043345161.66",
            "research_orgs": [
                "grid.5808.5",
                "grid.5515.4"
            ],
            "last_name": "Os\u00f3rio",
            "first_name": "Hugo",
            "orcid_id": [
                "0000-0002-6362-8255"
            ]
        },
        {
            "id": "ur.0704140472.57",
            "research_orgs": [
                "grid.5808.5"
            ],
            "last_name": "Silva",
            "first_name": "Lu\u00edsa"
        },
        {
            "id": "ur.012206070340.36",
            "research_orgs": [
                "grid.5808.5",
                "grid.5254.6"
            ],
            "last_name": "Gomes",
            "first_name": "Catarina",
            "orcid_id": [
                "0000-0002-0352-6783"
            ]
        },
        {
            "id": "ur.01210615620.07",
            "research_orgs": [
                "grid.5254.6",
                "grid.414556.7",
                "grid.5808.5"
            ],
            "last_name": "David",
            "first_name": "Leonor",
            "orcid_id": [
                "0000-0003-4207-9258"
            ]
        }
    ],
    "relative_citation_ratio": 8.51,
    "type": "article",
    "volume": "63"
}