{
    "pmid": "11462219",
    "author_affiliations": [
        [
            {
                "first_name": "Arthur L.",
                "last_name": "Koch",
                "initials": "",
                "corresponding": "",
                "orcid": "",
                "current_organization_id": "grid.411377.7",
                "researcher_id": "ur.0637211677.74",
                "affiliations": [
                    {
                        "id": "grid.411377.7",
                        "name": "Indiana University Bloomington",
                        "city": "Bloomington",
                        "city_id": 4254679,
                        "country": "United States",
                        "country_code": "US",
                        "state": "Indiana",
                        "state_code": "US-IN"
                    },
                    {
                        "id": "grid.411377.7",
                        "name": "Indiana University Bloomington",
                        "city": "Bloomington",
                        "city_id": 4254679,
                        "country": "United States",
                        "country_code": "US",
                        "state": "Indiana",
                        "state_code": "US-IN"
                    }
                ]
            }
        ]
    ],
    "altmetric": 4.0,
    "FOR": [
        {
            "id": "2581",
            "name": "0601 Biochemistry and Cell Biology"
        }
    ],
    "research_org_countries": [
        {
            "id": "US",
            "name": "United States"
        }
    ],
    "title": "Oligotrophs versus copiotrophs",
    "research_org_cities": [
        {
            "id": 4254679,
            "name": "Bloomington"
        }
    ],
    "pages": "657-661",
    "issue": "7",
    "research_org_state_names": [
        "Indiana"
    ],
    "doi": "10.1002/bies.1091",
    "times_cited": 95,
    "journal": {
        "id": "jour.1095848",
        "title": "BioEssays"
    },
    "year": 2001,
    "research_orgs": [
        {
            "id": "grid.411377.7",
            "name": "Indiana University Bloomington",
            "linkout": [
                "http://www.indiana.edu/"
            ],
            "country_name": "United States",
            "types": [
                "Education"
            ],
            "latitude": 39.170864,
            "acronym": "IU",
            "state_name": "Indiana",
            "city_name": "Bloomington",
            "longitude": -86.51937
        }
    ],
    "id": "pub.1011410908",
    "references": [
        "pub.1011780171",
        "pub.1083201581",
        "pub.1021958360",
        "pub.1034661028",
        "pub.1011763603",
        "pub.1021748769",
        "pub.1009838760",
        "pub.1022539898",
        "pub.1038772276",
        "pub.1083385767",
        "pub.1060364385",
        "pub.1079677713",
        "pub.1003807145",
        "pub.1083339753",
        "pub.1083324441",
        "pub.1083302986",
        "pub.1003765419",
        "pub.1048728858",
        "pub.1077159050",
        "pub.1083380874",
        "pub.1002629483",
        "pub.1082955295",
        "pub.1077158954",
        "pub.1046293157",
        "pub.1029904078"
    ],
    "research_org_country_names": [
        "United States"
    ],
    "date": "2001-07-01",
    "research_org_state_codes": [
        {
            "id": "US-IN",
            "name": "Indiana"
        }
    ],
    "researchers": [
        {
            "id": "ur.0637211677.74",
            "research_orgs": [
                "grid.411377.7",
                "grid.260235.0"
            ],
            "last_name": "Koch",
            "first_name": "Arthur L"
        }
    ],
    "relative_citation_ratio": 1.44,
    "type": "article",
    "volume": "23"
}