{
    "pmid": "22706340",
    "author_affiliations": [
        [
            {
                "first_name": "Takashi",
                "last_name": "Kanaya",
                "initials": "",
                "corresponding": "",
                "orcid": "['0000-0002-9863-1673']",
                "current_organization_id": "grid.268441.d",
                "researcher_id": "ur.01111263571.20",
                "affiliations": [
                    {
                        "id": "grid.7597.c",
                        "name": "RIKEN",
                        "city": "Wako",
                        "city_id": 1907300,
                        "country": "Japan",
                        "country_code": "JP",
                        "state": null,
                        "state_code": null
                    },
                    {
                        "id": "grid.268441.d",
                        "name": "Yokohama City University",
                        "city": "Yokohama",
                        "city_id": 1848354,
                        "country": "Japan",
                        "country_code": "JP",
                        "state": null,
                        "state_code": null
                    }
                ]
            },
            {
                "first_name": "Koji",
                "last_name": "Hase",
                "initials": "",
                "corresponding": "",
                "orcid": "['0000-0001-9550-2334']",
                "current_organization_id": "grid.26091.3c",
                "researcher_id": "ur.01253614132.01",
                "affiliations": [
                    {
                        "id": "grid.7597.c",
                        "name": "RIKEN",
                        "city": "Wako",
                        "city_id": 1907300,
                        "country": "Japan",
                        "country_code": "JP",
                        "state": null,
                        "state_code": null
                    },
                    {
                        "id": "grid.268441.d",
                        "name": "Yokohama City University",
                        "city": "Yokohama",
                        "city_id": 1848354,
                        "country": "Japan",
                        "country_code": "JP",
                        "state": null,
                        "state_code": null
                    }
                ]
            },
            {
                "first_name": "Daisuke",
                "last_name": "Takahashi",
                "initials": "",
                "corresponding": "",
                "orcid": "['0000-0003-3222-6648']",
                "current_organization_id": "grid.26091.3c",
                "researcher_id": "ur.0776035567.46",
                "affiliations": [
                    {
                        "id": "grid.7597.c",
                        "name": "RIKEN",
                        "city": "Wako",
                        "city_id": 1907300,
                        "country": "Japan",
                        "country_code": "JP",
                        "state": null,
                        "state_code": null
                    }
                ]
            },
            {
                "first_name": "Shinji",
                "last_name": "Fukuda",
                "initials": "",
                "corresponding": "",
                "orcid": "['0000-0001-5161-9880']",
                "current_organization_id": "grid.26091.3c",
                "researcher_id": "ur.0660041502.22",
                "affiliations": [
                    {
                        "id": "grid.7597.c",
                        "name": "RIKEN",
                        "city": "Wako",
                        "city_id": 1907300,
                        "country": "Japan",
                        "country_code": "JP",
                        "state": null,
                        "state_code": null
                    },
                    {
                        "id": "grid.268441.d",
                        "name": "Yokohama City University",
                        "city": "Yokohama",
                        "city_id": 1848354,
                        "country": "Japan",
                        "country_code": "JP",
                        "state": null,
                        "state_code": null
                    }
                ]
            },
            {
                "first_name": "Katsuaki",
                "last_name": "Hoshino",
                "initials": "",
                "corresponding": "",
                "orcid": "['0000-0003-0493-4815']",
                "current_organization_id": "grid.258331.e",
                "researcher_id": "ur.01072173550.49",
                "affiliations": [
                    {
                        "id": "grid.7597.c",
                        "name": "RIKEN",
                        "city": "Wako",
                        "city_id": 1907300,
                        "country": "Japan",
                        "country_code": "JP",
                        "state": null,
                        "state_code": null
                    },
                    {
                        "id": "grid.136593.b",
                        "name": "Osaka University",
                        "city": "Osaka",
                        "city_id": 1853909,
                        "country": "Japan",
                        "country_code": "JP",
                        "state": null,
                        "state_code": null
                    }
                ]
            },
            {
                "first_name": "Izumi",
                "last_name": "Sasaki",
                "initials": "",
                "corresponding": "",
                "orcid": "['0000-0001-5080-8356']",
                "current_organization_id": "grid.412857.d",
                "researcher_id": "ur.0701176020.26",
                "affiliations": [
                    {
                        "id": "grid.7597.c",
                        "name": "RIKEN",
                        "city": "Wako",
                        "city_id": 1907300,
                        "country": "Japan",
                        "country_code": "JP",
                        "state": null,
                        "state_code": null
                    },
                    {
                        "id": "grid.136593.b",
                        "name": "Osaka University",
                        "city": "Osaka",
                        "city_id": 1853909,
                        "country": "Japan",
                        "country_code": "JP",
                        "state": null,
                        "state_code": null
                    },
                    {
                        "id": "grid.136593.b",
                        "name": "Osaka University",
                        "city": "Osaka",
                        "city_id": 1853909,
                        "country": "Japan",
                        "country_code": "JP",
                        "state": null,
                        "state_code": null
                    }
                ]
            },
            {
                "first_name": "Hiroaki",
                "last_name": "Hemmi",
                "initials": "",
                "corresponding": "",
                "orcid": "",
                "current_organization_id": "grid.412857.d",
                "researcher_id": "ur.0641516550.33",
                "affiliations": [
                    {
                        "id": "grid.7597.c",
                        "name": "RIKEN",
                        "city": "Wako",
                        "city_id": 1907300,
                        "country": "Japan",
                        "country_code": "JP",
                        "state": null,
                        "state_code": null
                    },
                    {
                        "id": "grid.136593.b",
                        "name": "Osaka University",
                        "city": "Osaka",
                        "city_id": 1853909,
                        "country": "Japan",
                        "country_code": "JP",
                        "state": null,
                        "state_code": null
                    }
                ]
            },
            {
                "first_name": "Kathryn A",
                "last_name": "Knoop",
                "initials": "",
                "corresponding": "",
                "orcid": "['0000-0003-2007-3066']",
                "current_organization_id": "grid.4367.6",
                "researcher_id": "ur.0747731523.00",
                "affiliations": [
                    {
                        "id": "grid.189967.8",
                        "name": "Emory University",
                        "city": "Atlanta",
                        "city_id": 4180439,
                        "country": "United States",
                        "country_code": "US",
                        "state": "Georgia",
                        "state_code": "US-GA"
                    }
                ]
            },
            {
                "first_name": "Nachiket",
                "last_name": "Kumar",
                "initials": "",
                "corresponding": "",
                "orcid": "",
                "current_organization_id": "grid.189967.8",
                "researcher_id": "ur.01123750355.49",
                "affiliations": [
                    {
                        "id": "grid.189967.8",
                        "name": "Emory University",
                        "city": "Atlanta",
                        "city_id": 4180439,
                        "country": "United States",
                        "country_code": "US",
                        "state": "Georgia",
                        "state_code": "US-GA"
                    }
                ]
            },
            {
                "first_name": "Mayuko",
                "last_name": "Sato",
                "initials": "",
                "corresponding": "",
                "orcid": "",
                "current_organization_id": "grid.7597.c",
                "researcher_id": "ur.01207447176.19",
                "affiliations": [
                    {
                        "id": "grid.7597.c",
                        "name": "RIKEN",
                        "city": "Wako",
                        "city_id": 1907300,
                        "country": "Japan",
                        "country_code": "JP",
                        "state": null,
                        "state_code": null
                    }
                ]
            },
            {
                "first_name": "Tatsuro",
                "last_name": "Katsuno",
                "initials": "",
                "corresponding": "",
                "orcid": "",
                "current_organization_id": "grid.136304.3",
                "researcher_id": "ur.0673166207.93",
                "affiliations": [
                    {
                        "id": "grid.136304.3",
                        "name": "Chiba University",
                        "city": "Chiba",
                        "city_id": 2113015,
                        "country": "Japan",
                        "country_code": "JP",
                        "state": null,
                        "state_code": null
                    }
                ]
            },
            {
                "first_name": "Osamu",
                "last_name": "Yokosuka",
                "initials": "",
                "corresponding": "",
                "orcid": "",
                "current_organization_id": "grid.136304.3",
                "researcher_id": "ur.01270104553.49",
                "affiliations": [
                    {
                        "id": "grid.136304.3",
                        "name": "Chiba University",
                        "city": "Chiba",
                        "city_id": 2113015,
                        "country": "Japan",
                        "country_code": "JP",
                        "state": null,
                        "state_code": null
                    }
                ]
            },
            {
                "first_name": "Kiminori",
                "last_name": "Toyooka",
                "initials": "",
                "corresponding": "",
                "orcid": "",
                "current_organization_id": "grid.7597.c",
                "researcher_id": "ur.0647451750.54",
                "affiliations": [
                    {
                        "id": "grid.7597.c",
                        "name": "RIKEN",
                        "city": "Wako",
                        "city_id": 1907300,
                        "country": "Japan",
                        "country_code": "JP",
                        "state": null,
                        "state_code": null
                    }
                ]
            },
            {
                "first_name": "Kumiko",
                "last_name": "Nakai",
                "initials": "",
                "corresponding": "",
                "orcid": "",
                "current_organization_id": "",
                "researcher_id": "",
                "affiliations": [
                    {
                        "id": "grid.7597.c",
                        "name": "RIKEN",
                        "city": "Wako",
                        "city_id": 1907300,
                        "country": "Japan",
                        "country_code": "JP",
                        "state": null,
                        "state_code": null
                    }
                ]
            },
            {
                "first_name": "Ayako",
                "last_name": "Sakamoto",
                "initials": "",
                "corresponding": "",
                "orcid": "",
                "current_organization_id": "grid.7597.c",
                "researcher_id": "ur.0677134455.86",
                "affiliations": [
                    {
                        "id": "grid.7597.c",
                        "name": "RIKEN",
                        "city": "Wako",
                        "city_id": 1907300,
                        "country": "Japan",
                        "country_code": "JP",
                        "state": null,
                        "state_code": null
                    }
                ]
            },
            {
                "first_name": "Yuuki",
                "last_name": "Kitahara",
                "initials": "",
                "corresponding": "",
                "orcid": "",
                "current_organization_id": "",
                "researcher_id": "",
                "affiliations": [
                    {
                        "id": "grid.7597.c",
                        "name": "RIKEN",
                        "city": "Wako",
                        "city_id": 1907300,
                        "country": "Japan",
                        "country_code": "JP",
                        "state": null,
                        "state_code": null
                    },
                    {
                        "id": "grid.136304.3",
                        "name": "Chiba University",
                        "city": "Chiba",
                        "city_id": 2113015,
                        "country": "Japan",
                        "country_code": "JP",
                        "state": null,
                        "state_code": null
                    }
                ]
            },
            {
                "first_name": "Toshi",
                "last_name": "Jinnohara",
                "initials": "",
                "corresponding": "",
                "orcid": "",
                "current_organization_id": "grid.268441.d",
                "researcher_id": "ur.01123734645.09",
                "affiliations": [
                    {
                        "id": "grid.7597.c",
                        "name": "RIKEN",
                        "city": "Wako",
                        "city_id": 1907300,
                        "country": "Japan",
                        "country_code": "JP",
                        "state": null,
                        "state_code": null
                    },
                    {
                        "id": "grid.268441.d",
                        "name": "Yokohama City University",
                        "city": "Yokohama",
                        "city_id": 1848354,
                        "country": "Japan",
                        "country_code": "JP",
                        "state": null,
                        "state_code": null
                    }
                ]
            },
            {
                "first_name": "Stephen J",
                "last_name": "McSorley",
                "initials": "",
                "corresponding": "",
                "orcid": "['0000-0002-6363-3222']",
                "current_organization_id": "grid.27860.3b",
                "researcher_id": "ur.0636101510.68",
                "affiliations": [
                    {
                        "id": "grid.27860.3b",
                        "name": "University of California, Davis",
                        "city": "Davis",
                        "city_id": 5341704,
                        "country": "United States",
                        "country_code": "US",
                        "state": "California",
                        "state_code": "US-CA"
                    }
                ]
            },
            {
                "first_name": "Tsuneyasu",
                "last_name": "Kaisho",
                "initials": "",
                "corresponding": true,
                "orcid": "",
                "current_organization_id": "grid.412857.d",
                "researcher_id": "ur.01024060350.12",
                "affiliations": [
                    {
                        "id": "grid.7597.c",
                        "name": "RIKEN",
                        "city": "Wako",
                        "city_id": 1907300,
                        "country": "Japan",
                        "country_code": "JP",
                        "state": null,
                        "state_code": null
                    },
                    {
                        "id": "grid.136593.b",
                        "name": "Osaka University",
                        "city": "Osaka",
                        "city_id": 1853909,
                        "country": "Japan",
                        "country_code": "JP",
                        "state": null,
                        "state_code": null
                    },
                    {
                        "id": "grid.136593.b",
                        "name": "Osaka University",
                        "city": "Osaka",
                        "city_id": 1853909,
                        "country": "Japan",
                        "country_code": "JP",
                        "state": null,
                        "state_code": null
                    }
                ]
            },
            {
                "first_name": "Ifor R",
                "last_name": "Williams",
                "initials": "",
                "corresponding": true,
                "orcid": "",
                "current_organization_id": "grid.189967.8",
                "researcher_id": "ur.01247326416.19",
                "affiliations": [
                    {
                        "id": "grid.189967.8",
                        "name": "Emory University",
                        "city": "Atlanta",
                        "city_id": 4180439,
                        "country": "United States",
                        "country_code": "US",
                        "state": "Georgia",
                        "state_code": "US-GA"
                    }
                ]
            },
            {
                "first_name": "Hiroshi",
                "last_name": "Ohno",
                "initials": "",
                "corresponding": true,
                "orcid": "['0000-0001-8776-9661']",
                "current_organization_id": "grid.268441.d",
                "researcher_id": "ur.016013262252.21",
                "affiliations": [
                    {
                        "id": "grid.7597.c",
                        "name": "RIKEN",
                        "city": "Wako",
                        "city_id": 1907300,
                        "country": "Japan",
                        "country_code": "JP",
                        "state": null,
                        "state_code": null
                    },
                    {
                        "id": "grid.268441.d",
                        "name": "Yokohama City University",
                        "city": "Yokohama",
                        "city_id": 1848354,
                        "country": "Japan",
                        "country_code": "JP",
                        "state": null,
                        "state_code": null
                    },
                    {
                        "id": "grid.136304.3",
                        "name": "Chiba University",
                        "city": "Chiba",
                        "city_id": 2113015,
                        "country": "Japan",
                        "country_code": "JP",
                        "state": null,
                        "state_code": null
                    }
                ]
            }
        ]
    ],
    "altmetric": 2.0,
    "FOR": [
        {
            "id": "3103",
            "name": "1107 Immunology"
        }
    ],
    "research_org_countries": [
        {
            "id": "US",
            "name": "United States"
        },
        {
            "id": "JP",
            "name": "Japan"
        }
    ],
    "title": "The Ets transcription factor Spi-B is essential for the differentiation of intestinal microfold cells",
    "research_org_cities": [
        {
            "id": 1848354,
            "name": "Yokohama"
        },
        {
            "id": 4180439,
            "name": "Atlanta"
        },
        {
            "id": 1907300,
            "name": "Wako"
        },
        {
            "id": 5341704,
            "name": "Davis"
        },
        {
            "id": 1853909,
            "name": "Osaka"
        },
        {
            "id": 2113015,
            "name": "Chiba"
        }
    ],
    "pages": "729-736",
    "issue": "8",
    "research_org_state_names": [
        "Georgia",
        "California"
    ],
    "open_access": [
        "Open Access - all",
        "Open Access - repository",
        "Open Access - accepted"
    ],
    "doi": "10.1038/ni.2352",
    "times_cited": 134,
    "journal": {
        "id": "jour.1022778",
        "title": "Nature Immunology"
    },
    "funders": [
        {
            "id": "grid.419681.3",
            "name": "National Institute of Allergy and Infectious Diseases",
            "linkout": [
                "http://www.niaid.nih.gov/Pages/default.aspx"
            ],
            "country_name": "United States",
            "types": [
                "Facility"
            ],
            "latitude": 39.066647,
            "acronym": "NIAID",
            "state_name": "Maryland",
            "city_name": "Bethesda",
            "longitude": -77.11183
        },
        {
            "id": "grid.418309.7",
            "name": "Bill & Melinda Gates Foundation",
            "linkout": [
                "http://www.gatesfoundation.org/"
            ],
            "country_name": "United States",
            "types": [
                "Nonprofit"
            ],
            "latitude": 47.62361,
            "acronym": "BMGF ",
            "state_name": "Washington",
            "city_name": "Seattle",
            "longitude": -122.34556
        },
        {
            "id": "grid.54432.34",
            "name": "Japan Society for the Promotion of Science",
            "linkout": [
                "http://www.jsps.go.jp/"
            ],
            "country_name": "Japan",
            "types": [
                "Nonprofit"
            ],
            "latitude": 35.68716,
            "acronym": "JSPS",
            "city_name": "Tokyo",
            "longitude": 139.74039
        },
        {
            "id": "grid.419635.c",
            "name": "National Institute of Diabetes and Digestive and Kidney Diseases",
            "linkout": [
                "http://www.niddk.nih.gov/"
            ],
            "country_name": "United States",
            "types": [
                "Facility"
            ],
            "latitude": 39.003628,
            "acronym": "NIDDK",
            "state_name": "Maryland",
            "city_name": "Bethesda",
            "longitude": -77.10107
        },
        {
            "id": "grid.7597.c",
            "name": "RIKEN",
            "linkout": [
                "http://www.riken.jp/en/"
            ],
            "country_name": "Japan",
            "types": [
                "Facility"
            ],
            "latitude": 35.780605,
            "acronym": "RIKEN ",
            "state_name": "Saitama",
            "city_name": "Wako",
            "longitude": 139.61241
        }
    ],
    "year": 2012,
    "research_orgs": [
        {
            "id": "grid.136304.3",
            "name": "Chiba University",
            "linkout": [
                "http://www.chiba-u.ac.jp/e/"
            ],
            "country_name": "Japan",
            "types": [
                "Education"
            ],
            "latitude": 35.62882,
            "city_name": "Chiba",
            "longitude": 140.10349
        },
        {
            "id": "grid.189967.8",
            "name": "Emory University",
            "linkout": [
                "http://www.emory.edu/home/index.html"
            ],
            "country_name": "United States",
            "types": [
                "Education"
            ],
            "latitude": 33.792786,
            "state_name": "Georgia",
            "city_name": "Atlanta",
            "longitude": -84.32401
        },
        {
            "id": "grid.136593.b",
            "name": "Osaka University",
            "linkout": [
                "http://www.osaka-u.ac.jp/en"
            ],
            "country_name": "Japan",
            "types": [
                "Education"
            ],
            "latitude": 34.82229,
            "city_name": "Osaka",
            "longitude": 135.52444
        },
        {
            "id": "grid.27860.3b",
            "name": "University of California, Davis",
            "linkout": [
                "http://ucdavis.edu/"
            ],
            "country_name": "United States",
            "types": [
                "Education"
            ],
            "latitude": 38.54,
            "acronym": "UCD",
            "state_name": "California",
            "city_name": "Davis",
            "longitude": -121.75
        },
        {
            "id": "grid.268441.d",
            "name": "Yokohama City University",
            "linkout": [
                "http://www.yokohama-cu.ac.jp/index-e.html"
            ],
            "country_name": "Japan",
            "types": [
                "Education"
            ],
            "latitude": 35.334,
            "acronym": "YCU",
            "city_name": "Yokohama",
            "longitude": 139.618
        },
        {
            "id": "grid.7597.c",
            "name": "RIKEN",
            "linkout": [
                "http://www.riken.jp/en/"
            ],
            "country_name": "Japan",
            "types": [
                "Facility"
            ],
            "latitude": 35.780605,
            "acronym": "RIKEN ",
            "state_name": "Saitama",
            "city_name": "Wako",
            "longitude": 139.61241
        }
    ],
    "id": "pub.1052861827",
    "references": [
        "pub.1003214584",
        "pub.1005670412",
        "pub.1004789819",
        "pub.1013076061",
        "pub.1028816609",
        "pub.1032103625",
        "pub.1004113435",
        "pub.1036466375",
        "pub.1038982549",
        "pub.1079185265",
        "pub.1083265327",
        "pub.1006386302",
        "pub.1034074759",
        "pub.1037840334",
        "pub.1021348326",
        "pub.1077724542",
        "pub.1028133806",
        "pub.1075053566",
        "pub.1007920725",
        "pub.1002717640",
        "pub.1020587431",
        "pub.1077164335",
        "pub.1012652147",
        "pub.1039775855",
        "pub.1080611335",
        "pub.1002696978",
        "pub.1008780111",
        "pub.1031300555",
        "pub.1077405664",
        "pub.1043218208",
        "pub.1021481375",
        "pub.1025261221",
        "pub.1038546983",
        "pub.1040354956",
        "pub.1037835906",
        "pub.1002197171",
        "pub.1049774905",
        "pub.1020359704",
        "pub.1062557684",
        "pub.1004395862",
        "pub.1080464422",
        "pub.1022653218",
        "pub.1062567544",
        "pub.1025461503"
    ],
    "research_org_country_names": [
        "Japan",
        "United States"
    ],
    "date": "2012-08-01",
    "research_org_state_codes": [
        {
            "id": "US-CA",
            "name": "California"
        },
        {
            "id": "US-GA",
            "name": "Georgia"
        }
    ],
    "researchers": [
        {
            "id": "ur.01111263571.20",
            "research_orgs": [
                "grid.268441.d",
                "grid.189967.8",
                "grid.7597.c",
                "grid.69566.3a"
            ],
            "last_name": "Kanaya",
            "first_name": "Takashi",
            "orcid_id": [
                "0000-0002-9863-1673"
            ]
        },
        {
            "id": "ur.01253614132.01",
            "research_orgs": [
                "grid.26091.3c",
                "grid.267346.2",
                "grid.419082.6",
                "grid.26999.3d",
                "grid.268441.d",
                "grid.7597.c",
                "grid.418042.b",
                "grid.266100.3"
            ],
            "last_name": "Hase",
            "first_name": "Koji",
            "orcid_id": [
                "0000-0001-9550-2334"
            ]
        },
        {
            "id": "ur.0776035567.46",
            "research_orgs": [
                "grid.185006.a",
                "grid.9707.9",
                "grid.26091.3c",
                "grid.268441.d",
                "grid.7597.c",
                "grid.32197.3e",
                "grid.443333.0"
            ],
            "last_name": "Takahashi",
            "first_name": "Daisuke",
            "orcid_id": [
                "0000-0003-3222-6648"
            ]
        },
        {
            "id": "ur.0660041502.22",
            "research_orgs": [
                "grid.20515.33",
                "grid.26091.3c",
                "grid.268441.d",
                "grid.411764.1",
                "grid.7597.c",
                "grid.419082.6"
            ],
            "last_name": "Fukuda",
            "first_name": "Shinji",
            "orcid_id": [
                "0000-0001-5161-9880"
            ]
        },
        {
            "id": "ur.01072173550.49",
            "research_orgs": [
                "grid.419082.6",
                "grid.20515.33",
                "grid.26091.3c",
                "grid.9707.9",
                "grid.7597.c",
                "grid.258331.e",
                "grid.136593.b",
                "grid.272264.7",
                "grid.39158.36"
            ],
            "last_name": "Hoshino",
            "first_name": "Katsuaki",
            "orcid_id": [
                "0000-0003-0493-4815"
            ]
        },
        {
            "id": "ur.0701176020.26",
            "research_orgs": [
                "grid.136593.b",
                "grid.412857.d",
                "grid.7597.c"
            ],
            "last_name": "Sasaki",
            "first_name": "Izumi",
            "orcid_id": [
                "0000-0001-5080-8356"
            ]
        },
        {
            "id": "ur.0641516550.33",
            "research_orgs": [
                "grid.419082.6",
                "grid.134907.8",
                "grid.265107.7",
                "grid.136593.b",
                "grid.7597.c",
                "grid.265073.5",
                "grid.444568.f",
                "grid.412857.d"
            ],
            "last_name": "Hemmi",
            "first_name": "Hiroaki"
        },
        {
            "id": "ur.0747731523.00",
            "research_orgs": [
                "grid.66875.3a",
                "grid.189967.8",
                "grid.4367.6"
            ],
            "last_name": "Knoop",
            "first_name": "Kathryn A",
            "orcid_id": [
                "0000-0003-2007-3066"
            ]
        },
        {
            "id": "ur.01123750355.49",
            "research_orgs": [
                "grid.189967.8"
            ],
            "last_name": "Kumar",
            "first_name": "Nachiket"
        },
        {
            "id": "ur.01207447176.19",
            "research_orgs": [
                "grid.7597.c",
                "grid.411285.b",
                "grid.26999.3d"
            ],
            "last_name": "Sato",
            "first_name": "Mayuko"
        },
        {
            "id": "ur.0673166207.93",
            "research_orgs": [
                "grid.419635.c",
                "grid.411321.4",
                "grid.136304.3",
                "grid.185648.6",
                "grid.26999.3d"
            ],
            "last_name": "Katsuno",
            "first_name": "Tatsuro"
        },
        {
            "id": "ur.01270104553.49",
            "research_orgs": [
                "grid.258622.9",
                "grid.414994.5",
                "grid.136304.3",
                "grid.416096.c",
                "grid.414929.3",
                "grid.414768.8",
                "grid.26999.3d",
                "grid.261356.5",
                "grid.274841.c",
                "grid.412530.1",
                "grid.411321.4",
                "grid.415980.1",
                "grid.430605.4"
            ],
            "last_name": "Yokosuka",
            "first_name": "Osamu"
        },
        {
            "id": "ur.0647451750.54",
            "research_orgs": [
                "grid.45203.30",
                "grid.260493.a",
                "grid.7597.c",
                "grid.265074.2",
                "grid.411285.b"
            ],
            "last_name": "Toyooka",
            "first_name": "Kiminori"
        },
        {
            "id": "ur.0677134455.86",
            "research_orgs": [
                "grid.7597.c"
            ],
            "last_name": "Sakamoto",
            "first_name": "Ayako"
        },
        {
            "id": "ur.01123734645.09",
            "research_orgs": [
                "grid.268441.d",
                "grid.7597.c"
            ],
            "last_name": "Jinnohara",
            "first_name": "Toshi"
        },
        {
            "id": "ur.0636101510.68",
            "research_orgs": [
                "grid.208078.5",
                "grid.27860.3b",
                "grid.429194.3",
                "grid.17635.36",
                "grid.8756.c"
            ],
            "last_name": "Mcsorley",
            "first_name": "Stephen J",
            "orcid_id": [
                "0000-0002-6363-3222"
            ]
        },
        {
            "id": "ur.01024060350.12",
            "research_orgs": [
                "grid.419082.6",
                "grid.5379.8",
                "grid.268441.d",
                "grid.452955.a",
                "grid.414065.2",
                "grid.31432.37",
                "grid.272264.7",
                "grid.19006.3e",
                "grid.7597.c",
                "grid.136593.b",
                "grid.62560.37",
                "grid.412857.d",
                "grid.411024.2"
            ],
            "last_name": "Kaisho",
            "first_name": "Tsuneyasu"
        },
        {
            "id": "ur.01247326416.19",
            "research_orgs": [
                "grid.5288.7",
                "grid.430362.0",
                "grid.189967.8",
                "grid.62560.37",
                "grid.5395.a",
                "grid.5949.1"
            ],
            "last_name": "Williams",
            "first_name": "Ifor R"
        },
        {
            "id": "ur.016013262252.21",
            "research_orgs": [
                "grid.7597.c",
                "grid.189967.8",
                "grid.69566.3a",
                "grid.419635.c",
                "grid.38142.3c",
                "grid.416239.b",
                "grid.268441.d",
                "grid.420089.7",
                "grid.32197.3e",
                "grid.11875.3a",
                "grid.480536.c",
                "grid.9707.9",
                "grid.20515.33",
                "grid.136304.3",
                "grid.419082.6",
                "grid.258799.8"
            ],
            "last_name": "Ohno",
            "first_name": "Hiroshi",
            "orcid_id": [
                "0000-0001-8776-9661"
            ]
        }
    ],
    "relative_citation_ratio": 3.37,
    "type": "article",
    "volume": "13",
    "pmcid": "PMC3704196"
}