{
    "research_orgs": [
        {
            "id": "grid.254444.7",
            "linkout": [
                "https://wayne.edu/"
            ],
            "city_name": "Detroit",
            "longitude": -83.06657,
            "acronym": "WSU",
            "state_name": "Michigan",
            "latitude": 42.35936,
            "name": "Wayne State University",
            "types": [
                "Education"
            ],
            "country_name": "United States"
        }
    ],
    "research_org_country_names": [
        "United States"
    ],
    "title": "Contributions of traT and iss genes to the serum resistance phenotype of plasmid ColV2\u2010K94",
    "type": "article",
    "year": 1986,
    "journal": {
        "id": "jour.1312178",
        "title": "FEMS Microbiology Letters"
    },
    "researchers": [
        {
            "id": "ur.01344734644.91",
            "research_orgs": [
                "grid.411996.2",
                "grid.214458.e",
                "grid.416235.7",
                "grid.492913.4",
                "grid.413184.b",
                "grid.254444.7",
                "grid.50956.3f",
                "grid.416413.5",
                "grid.413808.6"
            ],
            "first_name": "Paul J",
            "last_name": "Chuba"
        },
        {
            "id": "ur.01063336172.02",
            "research_orgs": [
                "grid.8767.e",
                "grid.419566.9",
                "grid.240324.3",
                "grid.254444.7",
                "grid.137628.9"
            ],
            "first_name": "Sunil",
            "last_name": "Palchaudhuri"
        },
        {
            "id": "ur.01027655042.39",
            "research_orgs": [
                "grid.67105.35",
                "grid.254444.7",
                "grid.416824.d",
                "grid.24433.32"
            ],
            "first_name": "Myron A",
            "last_name": "Leon"
        }
    ],
    "FOR": [
        {
            "id": "2620",
            "name": "0604 Genetics"
        }
    ],
    "research_org_countries": [
        {
            "id": "US",
            "name": "United States"
        }
    ],
    "date": "1986-11-01",
    "pages": "135-140",
    "research_org_state_names": [
        "Michigan"
    ],
    "id": "pub.1009433145",
    "research_org_state_codes": [
        {
            "id": "US-MI",
            "name": "Michigan"
        }
    ],
    "volume": "37",
    "issue": "2",
    "research_org_cities": [
        {
            "id": 4990729,
            "name": "Detroit"
        }
    ],
    "open_access": [
        "Open Access - all",
        "Open Access - publisher",
        "Open Access - published"
    ],
    "author_affiliations": [
        [
            {
                "first_name": "Paul J.",
                "last_name": "Chuba",
                "initials": "",
                "corresponding": "",
                "orcid": "",
                "current_organization_id": "grid.416413.5",
                "researcher_id": "ur.01344734644.91",
                "affiliations": [
                    {
                        "id": "grid.254444.7",
                        "name": "Wayne State University",
                        "city": "Detroit",
                        "city_id": 4990729,
                        "country": "United States",
                        "country_code": "US",
                        "state": "Michigan",
                        "state_code": "US-MI"
                    }
                ]
            },
            {
                "first_name": "Sunil",
                "last_name": "Palchaudhuri",
                "initials": "",
                "corresponding": "",
                "orcid": "",
                "current_organization_id": "grid.254444.7",
                "researcher_id": "ur.01063336172.02",
                "affiliations": [
                    {
                        "id": "grid.254444.7",
                        "name": "Wayne State University",
                        "city": "Detroit",
                        "city_id": 4990729,
                        "country": "United States",
                        "country_code": "US",
                        "state": "Michigan",
                        "state_code": "US-MI"
                    }
                ]
            },
            {
                "first_name": "Myron A.",
                "last_name": "Leon",
                "initials": "",
                "corresponding": "",
                "orcid": "",
                "current_organization_id": "grid.254444.7",
                "researcher_id": "ur.01027655042.39",
                "affiliations": [
                    {
                        "id": "grid.254444.7",
                        "name": "Wayne State University",
                        "city": "Detroit",
                        "city_id": 4990729,
                        "country": "United States",
                        "country_code": "US",
                        "state": "Michigan",
                        "state_code": "US-MI"
                    }
                ]
            }
        ]
    ],
    "doi": "10.1111/j.1574-6968.1986.tb01781.x",
    "times_cited": 18,
    "references": [
        "pub.1033296365",
        "pub.1038376034",
        "pub.1046335196",
        "pub.1082114499",
        "pub.1081661045",
        "pub.1082090558",
        "pub.1017209359",
        "pub.1035941851",
        "pub.1080701083",
        "pub.1006030033",
        "pub.1081689949",
        "pub.1082089343",
        "pub.1041651966",
        "pub.1079706213",
        "pub.1081561874"
    ]
}