{
    "pmid": "22190718",
    "author_affiliations": [
        [
            {
                "first_name": "N. L.",
                "last_name": "Forrester",
                "initials": "",
                "corresponding": "",
                "orcid": "",
                "current_organization_id": "grid.176731.5",
                "researcher_id": "ur.0670047517.24",
                "affiliations": [
                    {
                        "id": "grid.176731.5",
                        "name": "The University of Texas Medical Branch at Galveston",
                        "city": "Galveston",
                        "city_id": 4692883,
                        "country": "United States",
                        "country_code": "US",
                        "state": "Texas",
                        "state_code": "US-TX"
                    }
                ]
            },
            {
                "first_name": "G.",
                "last_name": "Palacios",
                "initials": "",
                "corresponding": "",
                "orcid": "['0000-0001-5062-1938']",
                "current_organization_id": "grid.416900.a",
                "researcher_id": "ur.0741651433.04",
                "affiliations": [
                    {
                        "id": "grid.21729.3f",
                        "name": "Columbia University",
                        "city": "New York",
                        "city_id": 5128581,
                        "country": "United States",
                        "country_code": "US",
                        "state": "New York",
                        "state_code": "US-NY"
                    }
                ]
            },
            {
                "first_name": "R. B.",
                "last_name": "Tesh",
                "initials": "",
                "corresponding": "",
                "orcid": "",
                "current_organization_id": "grid.176731.5",
                "researcher_id": "ur.01337040050.79",
                "affiliations": [
                    {
                        "id": "grid.176731.5",
                        "name": "The University of Texas Medical Branch at Galveston",
                        "city": "Galveston",
                        "city_id": 4692883,
                        "country": "United States",
                        "country_code": "US",
                        "state": "Texas",
                        "state_code": "US-TX"
                    }
                ]
            },
            {
                "first_name": "N.",
                "last_name": "Savji",
                "initials": "",
                "corresponding": "",
                "orcid": "",
                "current_organization_id": "grid.32224.35",
                "researcher_id": "ur.0755564677.24",
                "affiliations": [
                    {
                        "id": "grid.21729.3f",
                        "name": "Columbia University",
                        "city": "New York",
                        "city_id": 5128581,
                        "country": "United States",
                        "country_code": "US",
                        "state": "New York",
                        "state_code": "US-NY"
                    }
                ]
            },
            {
                "first_name": "H.",
                "last_name": "Guzman",
                "initials": "",
                "corresponding": "",
                "orcid": "",
                "current_organization_id": "grid.176731.5",
                "researcher_id": "ur.01114477053.42",
                "affiliations": [
                    {
                        "id": "grid.176731.5",
                        "name": "The University of Texas Medical Branch at Galveston",
                        "city": "Galveston",
                        "city_id": 4692883,
                        "country": "United States",
                        "country_code": "US",
                        "state": "Texas",
                        "state_code": "US-TX"
                    }
                ]
            },
            {
                "first_name": "M.",
                "last_name": "Sherman",
                "initials": "",
                "corresponding": "",
                "orcid": "",
                "current_organization_id": "grid.176731.5",
                "researcher_id": "ur.01055222511.44",
                "affiliations": [
                    {
                        "id": "grid.176731.5",
                        "name": "The University of Texas Medical Branch at Galveston",
                        "city": "Galveston",
                        "city_id": 4692883,
                        "country": "United States",
                        "country_code": "US",
                        "state": "Texas",
                        "state_code": "US-TX"
                    }
                ]
            },
            {
                "first_name": "S. C.",
                "last_name": "Weaver",
                "initials": "",
                "corresponding": "",
                "orcid": "['0000-0001-8016-8556']",
                "current_organization_id": "grid.176731.5",
                "researcher_id": "ur.014460173337.17",
                "affiliations": [
                    {
                        "id": "grid.176731.5",
                        "name": "The University of Texas Medical Branch at Galveston",
                        "city": "Galveston",
                        "city_id": 4692883,
                        "country": "United States",
                        "country_code": "US",
                        "state": "Texas",
                        "state_code": "US-TX"
                    }
                ]
            },
            {
                "first_name": "W. I.",
                "last_name": "Lipkin",
                "initials": "",
                "corresponding": "",
                "orcid": "['0000-0002-8768-9386']",
                "current_organization_id": "grid.21729.3f",
                "researcher_id": "ur.01306555033.15",
                "affiliations": [
                    {
                        "id": "grid.21729.3f",
                        "name": "Columbia University",
                        "city": "New York",
                        "city_id": 5128581,
                        "country": "United States",
                        "country_code": "US",
                        "state": "New York",
                        "state_code": "US-NY"
                    }
                ]
            }
        ]
    ],
    "altmetric": 7.0,
    "FOR": [
        {
            "id": "2620",
            "name": "0604 Genetics"
        }
    ],
    "research_org_countries": [
        {
            "id": "US",
            "name": "United States"
        }
    ],
    "title": "Genome-Scale Phylogeny of the Alphavirus Genus Suggests a Marine Origin",
    "research_org_cities": [
        {
            "id": 4692883,
            "name": "Galveston"
        },
        {
            "id": 5128581,
            "name": "New York City"
        }
    ],
    "pages": "2729-2738",
    "issue": "5",
    "research_org_state_names": [
        "New York",
        "Texas"
    ],
    "open_access": [
        "Open Access - all",
        "Open Access - publisher",
        "Open Access - published"
    ],
    "doi": "10.1128/jvi.05591-11",
    "times_cited": 74,
    "journal": {
        "id": "jour.1008072",
        "title": "Journal of Virology"
    },
    "funders": [
        {
            "id": "grid.419681.3",
            "name": "National Institute of Allergy and Infectious Diseases",
            "linkout": [
                "http://www.niaid.nih.gov/Pages/default.aspx"
            ],
            "country_name": "United States",
            "types": [
                "Facility"
            ],
            "latitude": 39.066647,
            "acronym": "NIAID",
            "state_name": "Maryland",
            "city_name": "Bethesda",
            "longitude": -77.11183
        },
        {
            "id": "grid.417684.8",
            "name": "United States Public Health Service",
            "linkout": [
                "http://www.usphs.gov/"
            ],
            "country_name": "United States",
            "types": [
                "Government"
            ],
            "latitude": 38.919567,
            "acronym": "USPHS",
            "state_name": "District of Columbia",
            "city_name": "Washington D.C.",
            "longitude": -77.029
        },
        {
            "id": "grid.420391.d",
            "name": "United States Department of Defense",
            "linkout": [
                "http://www.defense.gov/"
            ],
            "country_name": "United States",
            "types": [
                "Government"
            ],
            "latitude": 38.871113,
            "acronym": "USDOD ",
            "state_name": "District of Columbia",
            "city_name": "Washington D.C.",
            "longitude": -77.05583
        }
    ],
    "year": 2012,
    "research_orgs": [
        {
            "id": "grid.21729.3f",
            "name": "Columbia University",
            "linkout": [
                "http://www.columbia.edu/"
            ],
            "country_name": "United States",
            "types": [
                "Education"
            ],
            "latitude": 40.807774,
            "acronym": "CU",
            "state_name": "New York",
            "city_name": "New York",
            "longitude": -73.962585
        },
        {
            "id": "grid.176731.5",
            "name": "The University of Texas Medical Branch at Galveston",
            "linkout": [
                "http://www.utmb.edu/"
            ],
            "country_name": "United States",
            "types": [
                "Education"
            ],
            "latitude": 29.311201,
            "acronym": "UTMB",
            "state_name": "Texas",
            "city_name": "Galveston",
            "longitude": -94.77607
        }
    ],
    "id": "pub.1036143156",
    "references": [
        "pub.1035046205",
        "pub.1076568477",
        "pub.1037555364",
        "pub.1077497722",
        "pub.1025139872",
        "pub.1030475335",
        "pub.1024768242",
        "pub.1062483058",
        "pub.1075809380",
        "pub.1082359044",
        "pub.1083373643",
        "pub.1082178549",
        "pub.1027697537",
        "pub.1010816669",
        "pub.1036252078",
        "pub.1080157702",
        "pub.1074840482",
        "pub.1054798240",
        "pub.1005770561",
        "pub.1006960541",
        "pub.1024623249",
        "pub.1025846396",
        "pub.1082536194",
        "pub.1029580565",
        "pub.1075492229",
        "pub.1062659176",
        "pub.1082587283",
        "pub.1041478227",
        "pub.1075776510",
        "pub.1008225564",
        "pub.1078971788",
        "pub.1023234091",
        "pub.1045934129",
        "pub.1021589572",
        "pub.1083026730",
        "pub.1082855538",
        "pub.1054751463",
        "pub.1062651627",
        "pub.1012317562",
        "pub.1046685832",
        "pub.1031702997",
        "pub.1037775536",
        "pub.1023716424",
        "pub.1076144754",
        "pub.1019500048",
        "pub.1020584449",
        "pub.1060398399",
        "pub.1027661359",
        "pub.1001804300",
        "pub.1021574562",
        "pub.1076232098",
        "pub.1076568476",
        "pub.1077449903",
        "pub.1060352687",
        "pub.1047567505",
        "pub.1076338615",
        "pub.1027232954",
        "pub.1074773706",
        "pub.1081584271",
        "pub.1062646294",
        "pub.1032907437",
        "pub.1075776508",
        "pub.1024267657",
        "pub.1075991001",
        "pub.1074360369",
        "pub.1075776509",
        "pub.1020707335",
        "pub.1074881196",
        "pub.1035888022",
        "pub.1027859283",
        "pub.1079437562",
        "pub.1004707960",
        "pub.1043390148",
        "pub.1059809460",
        "pub.1021992756",
        "pub.1011721905",
        "pub.1080154929",
        "pub.1079416067",
        "pub.1014546516",
        "pub.1013205986"
    ],
    "research_org_country_names": [
        "United States"
    ],
    "date": "2012-03-01",
    "research_org_state_codes": [
        {
            "id": "US-NY",
            "name": "New York"
        },
        {
            "id": "US-TX",
            "name": "Texas"
        }
    ],
    "researchers": [
        {
            "id": "ur.0670047517.24",
            "research_orgs": [
                "grid.412884.3",
                "grid.176731.5",
                "grid.9757.c",
                "grid.411455.0",
                "grid.494924.6",
                "grid.415929.2",
                "grid.415771.1"
            ],
            "last_name": "Forrester",
            "first_name": "Naomi Lynne"
        },
        {
            "id": "ur.0741651433.04",
            "research_orgs": [
                "grid.416657.7",
                "grid.36425.36",
                "grid.7345.5",
                "grid.418249.2",
                "grid.416738.f",
                "grid.453167.2",
                "grid.418508.0",
                "grid.240871.8",
                "grid.49697.35",
                "grid.418512.b",
                "grid.239585.0",
                "grid.416900.a",
                "grid.21729.3f",
                "grid.428999.7",
                "grid.7839.5",
                "grid.222754.4",
                "grid.8171.f",
                "grid.238491.5",
                "grid.27860.3b",
                "grid.251993.5",
                "grid.418179.2",
                "grid.266813.8",
                "grid.420176.6",
                "grid.22448.38",
                "grid.29857.31",
                "grid.411267.7",
                "grid.34477.33"
            ],
            "last_name": "Palacios",
            "first_name": "Gustavo Fabi\u00e1n",
            "orcid_id": [
                "0000-0001-5062-1938"
            ]
        },
        {
            "id": "ur.01337040050.79",
            "research_orgs": [
                "grid.412881.6",
                "grid.419134.a",
                "grid.27755.32",
                "grid.176731.5",
                "grid.416738.f",
                "grid.452383.b",
                "grid.38142.3c",
                "grid.47100.32",
                "grid.4367.6",
                "grid.21925.3d",
                "grid.298126.6",
                "grid.413322.5",
                "grid.21729.3f",
                "grid.239395.7",
                "grid.47894.36",
                "grid.419261.9",
                "grid.415929.2"
            ],
            "last_name": "Tesh",
            "first_name": "Robert B"
        },
        {
            "id": "ur.0755564677.24",
            "research_orgs": [
                "grid.7159.a",
                "grid.21107.35",
                "grid.4991.5",
                "grid.21729.3f",
                "grid.27860.3b",
                "grid.240324.3",
                "grid.137628.9",
                "grid.32224.35",
                "grid.413448.e"
            ],
            "last_name": "Savji",
            "first_name": "Nazir"
        },
        {
            "id": "ur.01114477053.42",
            "research_orgs": [
                "grid.47100.32",
                "grid.176731.5",
                "grid.412881.6",
                "grid.413322.5",
                "grid.419134.a"
            ],
            "last_name": "Guzman",
            "first_name": "Hilda"
        },
        {
            "id": "ur.01055222511.44",
            "research_orgs": [
                "grid.435159.f",
                "grid.88379.3d",
                "grid.169077.e",
                "grid.39382.33",
                "grid.176731.5"
            ],
            "last_name": "Sherman",
            "first_name": "Michael B"
        },
        {
            "id": "ur.014460173337.17",
            "research_orgs": [
                "grid.5515.4",
                "grid.265436.0",
                "grid.415751.3",
                "grid.47100.32",
                "grid.418508.0",
                "grid.4367.6",
                "grid.419226.a",
                "grid.418158.1",
                "grid.164295.d",
                "grid.415895.4",
                "grid.32224.35",
                "grid.5386.8",
                "grid.475149.a",
                "grid.21729.3f",
                "grid.463419.d",
                "grid.262285.9",
                "grid.24805.3b",
                "grid.261323.7",
                "grid.251993.5",
                "grid.27755.32",
                "grid.176731.5",
                "grid.67105.35",
                "grid.55460.32",
                "grid.209665.e",
                "grid.266100.3",
                "grid.239395.7",
                "grid.418243.8",
                "grid.411455.0",
                "grid.10025.36",
                "grid.29857.31",
                "grid.415771.1",
                "grid.419261.9"
            ],
            "last_name": "Weaver",
            "first_name": "Scott C",
            "orcid_id": [
                "0000-0001-8016-8556"
            ]
        },
        {
            "id": "ur.01306555033.15",
            "research_orgs": [
                "grid.418249.2",
                "grid.17635.36",
                "grid.416738.f",
                "grid.9619.7",
                "grid.25879.31",
                "grid.260770.4",
                "grid.214007.0",
                "grid.21107.35",
                "grid.239578.2",
                "grid.419794.6",
                "grid.239585.0",
                "grid.12136.37",
                "grid.21729.3f",
                "grid.412717.6",
                "grid.266093.8",
                "grid.238491.5",
                "grid.27860.3b",
                "grid.413734.6",
                "grid.24827.3b",
                "grid.420826.a",
                "grid.14095.39",
                "grid.238477.d",
                "grid.465543.5",
                "grid.29857.31",
                "grid.414142.6",
                "grid.416137.6",
                "grid.413322.5",
                "grid.442958.6",
                "grid.34477.33",
                "grid.14003.36"
            ],
            "last_name": "Lipkin",
            "first_name": "Walter Ian",
            "orcid_id": [
                "0000-0002-8768-9386"
            ]
        }
    ],
    "relative_citation_ratio": 3.32,
    "type": "article",
    "volume": "86",
    "pmcid": "PMC3302268"
}