{
    "pmid": "31786281",
    "author_affiliations": [
        [
            {
                "first_name": "Julia",
                "last_name": "Bitzegeio",
                "initials": "",
                "corresponding": true,
                "orcid": "",
                "current_organization_id": "grid.6363.0",
                "researcher_id": "ur.0664243205.39",
                "affiliations": [
                    {
                        "name": "State Office for Health and Social Affairs, Berlin, Germany"
                    }
                ]
            },
            {
                "first_name": "Britta",
                "last_name": "Bukowski",
                "initials": "",
                "corresponding": "",
                "orcid": "",
                "current_organization_id": "",
                "researcher_id": "",
                "affiliations": [
                    {
                        "name": "Department of Public Health, District Berlin Friedrichshain-Kreuzberg, Germany"
                    }
                ]
            },
            {
                "first_name": "Marius",
                "last_name": "Hausner",
                "initials": "",
                "corresponding": "",
                "orcid": "",
                "current_organization_id": "",
                "researcher_id": "ur.013500537467.17",
                "affiliations": [
                    {
                        "name": "Department of Public Health, District Berlin Mitte, Germany"
                    }
                ]
            },
            {
                "first_name": "Dagmar",
                "last_name": "Sissolak",
                "initials": "",
                "corresponding": "",
                "orcid": "",
                "current_organization_id": "",
                "researcher_id": "ur.0745720317.39",
                "affiliations": [
                    {
                        "name": "Department of Public Health, District Berlin Mitte, Germany"
                    }
                ]
            },
            {
                "first_name": "Lasse D.",
                "last_name": "Rasmussen",
                "initials": "",
                "corresponding": "",
                "orcid": "",
                "current_organization_id": "grid.6203.7",
                "researcher_id": "ur.0704013523.11",
                "affiliations": [
                    {
                        "id": "grid.6203.7",
                        "name": "Statens Serum Institut",
                        "city": "Copenhagen",
                        "city_id": 2618425,
                        "country": "Denmark",
                        "country_code": "DK",
                        "state": null,
                        "state_code": null
                    }
                ]
            },
            {
                "first_name": "Peter H.",
                "last_name": "Andersen",
                "initials": "",
                "corresponding": "",
                "orcid": "['0000-0002-5869-2551']",
                "current_organization_id": "grid.6203.7",
                "researcher_id": "ur.016003652532.81",
                "affiliations": [
                    {
                        "id": "grid.6203.7",
                        "name": "Statens Serum Institut",
                        "city": "Copenhagen",
                        "city_id": 2618425,
                        "country": "Denmark",
                        "country_code": "DK",
                        "state": null,
                        "state_code": null
                    }
                ]
            },
            {
                "first_name": "Katharina",
                "last_name": "Katz",
                "initials": "",
                "corresponding": "",
                "orcid": "",
                "current_organization_id": "",
                "researcher_id": "",
                "affiliations": [
                    {
                        "id": "grid.414279.d",
                        "name": "Bayerisches Landesamt f\u00fcr Gesundheit und Lebensmittelsicherheit",
                        "city": "Erlangen",
                        "city_id": 2929567,
                        "country": "Germany",
                        "country_code": "DE",
                        "state": null,
                        "state_code": null
                    }
                ]
            },
            {
                "first_name": "H\u00e9l\u00e8ne",
                "last_name": "Englund",
                "initials": "",
                "corresponding": "",
                "orcid": "",
                "current_organization_id": "grid.419734.c",
                "researcher_id": "ur.0715246445.28",
                "affiliations": [
                    {
                        "id": "grid.419734.c",
                        "name": "Public Health Agency of Sweden",
                        "city": "Solna",
                        "city_id": 2675397,
                        "country": "Sweden",
                        "country_code": "SE",
                        "state": null,
                        "state_code": null
                    }
                ]
            },
            {
                "first_name": "Per",
                "last_name": "Hagstam",
                "initials": "",
                "corresponding": "",
                "orcid": "",
                "current_organization_id": "grid.426217.4",
                "researcher_id": "ur.0647311702.13",
                "affiliations": [
                    {
                        "id": "grid.426217.4",
                        "name": "Scania Regional Council",
                        "city": "Kristianstad",
                        "city_id": 2699310,
                        "country": "Sweden",
                        "country_code": "SE",
                        "state": null,
                        "state_code": null
                    }
                ]
            },
            {
                "first_name": "Daniel",
                "last_name": "Sagebiel",
                "initials": "",
                "corresponding": "",
                "orcid": "",
                "current_organization_id": "",
                "researcher_id": "ur.01035162767.50",
                "affiliations": [
                    {
                        "name": "State Office for Health and Social Affairs, Berlin, Germany"
                    }
                ]
            },
            {
                "first_name": "Dirk",
                "last_name": "Werber",
                "initials": "",
                "corresponding": "",
                "orcid": "",
                "current_organization_id": "grid.13652.33",
                "researcher_id": "ur.01300256657.46",
                "affiliations": [
                    {
                        "name": "State Office for Health and Social Affairs, Berlin, Germany"
                    }
                ]
            }
        ]
    ],
    "FOR": [
        {
            "id": "3177",
            "name": "1117 Public Health and Health Services"
        }
    ],
    "research_org_countries": [
        {
            "id": "SE",
            "name": "Sweden"
        },
        {
            "id": "DE",
            "name": "Germany"
        },
        {
            "id": "DK",
            "name": "Denmark"
        }
    ],
    "title": "Two measles clusters in connection with short inner-European air travels indicating impediments to effective measles control: A cluster analysis",
    "research_org_cities": [
        {
            "id": 2675397,
            "name": "Solna"
        },
        {
            "id": 2699310,
            "name": "Kristianstad"
        },
        {
            "id": 2950159,
            "name": "Berlin"
        },
        {
            "id": 2618425,
            "name": "Copenhagen"
        },
        {
            "id": 2929567,
            "name": "Erlangen"
        }
    ],
    "pages": "101542",
    "open_access": [
        "Open Access - all",
        "Open Access - publisher",
        "Open Access - published"
    ],
    "doi": "10.1016/j.tmaid.2019.101542",
    "times_cited": 1,
    "journal": {
        "id": "jour.1034401",
        "title": "Travel Medicine and Infectious Disease"
    },
    "year": 2020,
    "research_orgs": [
        {
            "id": "grid.6203.7",
            "name": "State Serum Institute",
            "linkout": [
                "http://www.ssi.dk/English.aspx"
            ],
            "country_name": "Denmark",
            "types": [
                "Facility"
            ],
            "latitude": 55.666,
            "acronym": "SSI",
            "state_name": "Hovedstaden",
            "city_name": "Copenhagen",
            "longitude": 12.591
        },
        {
            "id": "grid.419734.c",
            "name": "Public Health Agency of Sweden",
            "linkout": [
                "http://www.folkhalsomyndigheten.se/about-folkhalsomyndigheten-the-public-health-agency-of-sweden/"
            ],
            "country_name": "Sweden",
            "types": [
                "Government"
            ],
            "latitude": 59.349648,
            "city_name": "Solna",
            "longitude": 18.022825
        },
        {
            "id": "grid.426217.4",
            "name": "Scania Regional Council",
            "linkout": [
                "http://www.skane.se/"
            ],
            "country_name": "Sweden",
            "types": [
                "Government"
            ],
            "latitude": 56.03008,
            "city_name": "Kristianstad",
            "longitude": 14.156623
        },
        {
            "id": "grid.414279.d",
            "name": "Bayerisches Landesamt f\u00fcr Gesundheit und Lebensmittelsicherheit",
            "linkout": [
                "http://www.lgl.bayern.de/"
            ],
            "country_name": "Germany",
            "types": [
                "Government"
            ],
            "latitude": 49.5664,
            "acronym": "LGL",
            "city_name": "Erlangen",
            "longitude": 11.005093
        }
    ],
    "id": "pub.1122954901",
    "references": [
        "pub.1117476073",
        "pub.1105990516",
        "pub.1046005921",
        "pub.1106980315",
        "pub.1117160699",
        "pub.1114089402",
        "pub.1048229681",
        "pub.1101280094",
        "pub.1070925845"
    ],
    "research_org_country_names": [
        "Germany",
        "Denmark",
        "Sweden"
    ],
    "date": "2020-01-01",
    "researchers": [
        {
            "id": "ur.0664243205.39",
            "research_orgs": [
                "grid.10423.34",
                "grid.7700.0",
                "grid.134907.8",
                "grid.6363.0",
                "grid.7490.a",
                "grid.452370.7",
                "grid.280587.0"
            ],
            "last_name": "Bitzegeio",
            "first_name": "Julia"
        },
        {
            "id": "ur.013500537467.17",
            "last_name": "Hausner",
            "first_name": "Marius"
        },
        {
            "id": "ur.0745720317.39",
            "research_orgs": [
                "grid.22937.3d",
                "grid.417371.7",
                "grid.11956.3a",
                "grid.416786.a"
            ],
            "last_name": "Sissolak",
            "first_name": "Dagmar"
        },
        {
            "id": "ur.0704013523.11",
            "research_orgs": [
                "grid.410397.8",
                "grid.5170.3",
                "grid.5254.6",
                "grid.6203.7"
            ],
            "last_name": "Rasmussen",
            "first_name": "Lasse Dam"
        },
        {
            "id": "ur.016003652532.81",
            "research_orgs": [
                "grid.5254.6",
                "grid.6203.7",
                "grid.266102.1",
                "grid.7048.b",
                "grid.412689.0",
                "grid.463231.1",
                "grid.411905.8",
                "grid.2515.3",
                "grid.477140.1"
            ],
            "last_name": "Andersen",
            "first_name": "Peter Henrik Senten",
            "orcid_id": [
                "0000-0002-5869-2551"
            ]
        },
        {
            "id": "ur.0715246445.28",
            "research_orgs": [
                "grid.419734.c"
            ],
            "last_name": "Englund",
            "first_name": "Helene"
        },
        {
            "id": "ur.0647311702.13",
            "research_orgs": [
                "grid.426217.4"
            ],
            "last_name": "Hagstam",
            "first_name": "Per"
        },
        {
            "id": "ur.01035162767.50",
            "research_orgs": [
                "grid.13652.33"
            ],
            "last_name": "Sagebiel",
            "first_name": "Daniel"
        },
        {
            "id": "ur.01300256657.46",
            "research_orgs": [
                "grid.13652.33",
                "grid.420226.0",
                "grid.6363.0",
                "grid.14095.39"
            ],
            "last_name": "Werber",
            "first_name": "Dirk"
        }
    ],
    "type": "article",
    "volume": "33"
}