{
    "volume": "11",
    "date": "2019-05-30",
    "title": "Multidimensional Semantic Scan for Pre-Syndromic Disease Surveillance",
    "researchers": [
        {
            "id": "ur.011074540067.91",
            "last_name": "Nobles",
            "first_name": "Mallory",
            "research_orgs": [
                "grid.147455.6"
            ]
        },
        {
            "id": "ur.01303677531.89",
            "last_name": "Lall",
            "first_name": "Ramona",
            "research_orgs": [
                "grid.254567.7",
                "grid.238477.d",
                "grid.28665.3f",
                "grid.137628.9"
            ]
        },
        {
            "id": "ur.01146325635.16",
            "last_name": "Mathes",
            "first_name": "Robert W",
            "research_orgs": [
                "grid.238477.d",
                "grid.254567.7"
            ]
        },
        {
            "id": "ur.0607210656.52",
            "last_name": "Neill",
            "first_name": "Daniel B",
            "orcid_id": [
                "0000-0001-6282-1240"
            ],
            "research_orgs": [
                "grid.89336.37",
                "grid.147455.6",
                "grid.26009.3d",
                "grid.137628.9"
            ]
        }
    ],
    "pmcid": "PMC6606141",
    "research_org_state_codes": [
        {
            "id": "US-NY",
            "name": "New York"
        },
        {
            "id": "US-PA",
            "name": "Pennsylvania"
        }
    ],
    "pages": "e255",
    "research_org_cities": [
        {
            "id": 5206379,
            "name": "Pittsburgh"
        },
        {
            "id": 5128581,
            "name": "New York City"
        }
    ],
    "open_access": [
        "Open Access - all",
        "Open Access - publisher",
        "Open Access - published"
    ],
    "research_org_countries": [
        {
            "id": "US",
            "name": "United States"
        }
    ],
    "doi": "10.5210/ojphi.v11i1.9764",
    "FOR": [
        {
            "id": "3177",
            "name": "1117 Public Health and Health Services"
        }
    ],
    "research_orgs": [
        {
            "id": "grid.137628.9",
            "acronym": "NYU",
            "state_name": "New York",
            "types": [
                "Education"
            ],
            "longitude": -73.995,
            "linkout": [
                "http://www.nyu.edu/"
            ],
            "latitude": 40.73,
            "name": "New York University",
            "city_name": "New York",
            "country_name": "United States"
        },
        {
            "id": "grid.147455.6",
            "acronym": "CMU",
            "state_name": "Pennsylvania",
            "types": [
                "Education"
            ],
            "longitude": -79.94358,
            "linkout": [
                "http://www.cmu.edu/index.shtml"
            ],
            "latitude": 40.44332,
            "name": "Carnegie Mellon University",
            "city_name": "Pittsburgh",
            "country_name": "United States"
        }
    ],
    "times_cited": 1,
    "funders": [
        {
            "id": "grid.416491.f",
            "acronym": "DHMH",
            "state_name": "Maryland",
            "types": [
                "Government"
            ],
            "longitude": -76.62126,
            "linkout": [
                "https://health.maryland.gov"
            ],
            "latitude": 39.302,
            "name": "Maryland Department of Health",
            "city_name": "Baltimore",
            "country_name": "United States"
        },
        {
            "id": "grid.433574.2",
            "acronym": "DHS",
            "state_name": "New York",
            "types": [
                "Government"
            ],
            "longitude": -73.99495,
            "linkout": [
                "http://www.dhs.gov/"
            ],
            "latitude": 40.728863,
            "name": "United States Department of Homeland Security",
            "city_name": "New York",
            "country_name": "United States"
        }
    ],
    "research_org_country_names": [
        "United States"
    ],
    "id": "pub.1116314663",
    "issue": "1",
    "journal": {
        "id": "jour.1043901",
        "title": "Online Journal of Public Health Informatics"
    },
    "year": 2019,
    "references": [
        "pub.1042159789",
        "pub.1020061324",
        "pub.1008107357",
        "pub.1023859032",
        "pub.1026464272",
        "pub.1016631390"
    ],
    "research_org_state_names": [
        "Pennsylvania",
        "New York"
    ],
    "author_affiliations": [
        [
            {
                "first_name": "Mallory",
                "last_name": "Nobles",
                "initials": "",
                "corresponding": "",
                "orcid": "",
                "current_organization_id": "grid.147455.6",
                "researcher_id": "ur.011074540067.91",
                "affiliations": [
                    {
                        "id": "grid.147455.6",
                        "name": "Carnegie Mellon University",
                        "city": "Pittsburgh",
                        "city_id": 5206379,
                        "country": "United States",
                        "country_code": "US",
                        "state": "Pennsylvania",
                        "state_code": "US-PA"
                    }
                ]
            },
            {
                "first_name": "Ramona",
                "last_name": "Lall",
                "initials": "",
                "corresponding": "",
                "orcid": "",
                "current_organization_id": "grid.238477.d",
                "researcher_id": "ur.01303677531.89",
                "affiliations": [
                    {
                        "name": "NYC Dept. of Health and Mental Hygiene, New York, New York, United States"
                    }
                ]
            },
            {
                "first_name": "Robert",
                "last_name": "Mathes",
                "initials": "",
                "corresponding": "",
                "orcid": "",
                "current_organization_id": "grid.238477.d",
                "researcher_id": "ur.01146325635.16",
                "affiliations": [
                    {
                        "name": "NYC Dept. of Health and Mental Hygiene, New York, New York, United States"
                    }
                ]
            },
            {
                "first_name": "Daniel B.",
                "last_name": "Neill",
                "initials": "",
                "corresponding": "",
                "orcid": "['0000-0001-6282-1240']",
                "current_organization_id": "grid.137628.9",
                "researcher_id": "ur.0607210656.52",
                "affiliations": [
                    {
                        "id": "grid.137628.9",
                        "name": "New York University",
                        "city": "New York",
                        "city_id": 5128581,
                        "country": "United States",
                        "country_code": "US",
                        "state": "New York",
                        "state_code": "US-NY"
                    }
                ]
            }
        ]
    ],
    "type": "article"
}