{
    "pmid": "8561468",
    "author_affiliations": [
        [
            {
                "first_name": "T G",
                "last_name": "Metcalf",
                "initials": "",
                "corresponding": "",
                "orcid": "",
                "current_organization_id": "",
                "researcher_id": "",
                "affiliations": [
                    {
                        "id": "grid.39382.33",
                        "name": "Baylor College of Medicine",
                        "city": "Houston",
                        "city_id": 4699066,
                        "country": "United States",
                        "country_code": "US",
                        "state": "Texas",
                        "state_code": "US-TX"
                    }
                ]
            },
            {
                "first_name": "J L",
                "last_name": "Melnick",
                "initials": "",
                "corresponding": "",
                "orcid": "",
                "current_organization_id": "",
                "researcher_id": "",
                "affiliations": []
            },
            {
                "first_name": "M K",
                "last_name": "Estes",
                "initials": "",
                "corresponding": "",
                "orcid": "",
                "current_organization_id": "",
                "researcher_id": "",
                "affiliations": []
            }
        ]
    ],
    "altmetric": 39.0,
    "FOR": [
        {
            "id": "3114",
            "name": "1108 Medical Microbiology"
        },
        {
            "id": "2634",
            "name": "0605 Microbiology"
        }
    ],
    "research_org_countries": [
        {
            "id": "US",
            "name": "United States"
        }
    ],
    "title": "Environmental Virology: From Detection of Virus in Sewage and Water by Isolation to Identification by Molecular Biology-A Trip of Over 50 Years",
    "research_org_cities": [
        {
            "id": 4699066,
            "name": "Houston"
        }
    ],
    "pages": "461-487",
    "issue": "1",
    "research_org_state_names": [
        "Texas"
    ],
    "doi": "10.1146/annurev.mi.49.100195.002333",
    "times_cited": 140,
    "journal": {
        "id": "jour.1017232",
        "title": "Annual Review of Microbiology"
    },
    "research_orgs": [
        {
            "id": "grid.39382.33",
            "name": "Baylor College of Medicine",
            "linkout": [
                "https://www.bcm.edu/"
            ],
            "country_name": "United States",
            "types": [
                "Education"
            ],
            "latitude": 29.711039,
            "acronym": "BCM",
            "state_name": "Texas",
            "city_name": "Houston",
            "longitude": -95.39631
        }
    ],
    "year": 1995,
    "id": "pub.1031809202",
    "research_org_country_names": [
        "United States"
    ],
    "date": "1995-10-01",
    "research_org_state_codes": [
        {
            "id": "US-TX",
            "name": "Texas"
        }
    ],
    "relative_citation_ratio": 4.96,
    "type": "article",
    "volume": "49"
}