{
    "pmid": "16968115",
    "author_affiliations": [
        [
            {
                "first_name": "John S",
                "last_name": "Brownstein",
                "initials": "",
                "corresponding": "",
                "orcid": "",
                "current_organization_id": "grid.2515.3",
                "researcher_id": "ur.010347117257.64",
                "affiliations": [
                    {
                        "id": "grid.413735.7",
                        "name": "Harvard\u2013MIT Division of Health Sciences and Technology",
                        "city": "Cambridge",
                        "city_id": 4931972,
                        "country": "United States",
                        "country_code": "US",
                        "state": "Massachusetts",
                        "state_code": "US-MA"
                    },
                    {
                        "id": "grid.2515.3",
                        "name": "Boston Children's Hospital",
                        "city": "Boston",
                        "city_id": 4930956,
                        "country": "United States",
                        "country_code": "US",
                        "state": "Massachusetts",
                        "state_code": "US-MA"
                    },
                    {
                        "id": "grid.38142.3c",
                        "name": "Harvard University",
                        "city": "Cambridge",
                        "city_id": 4931972,
                        "country": "United States",
                        "country_code": "US",
                        "state": "Massachusetts",
                        "state_code": "US-MA"
                    }
                ]
            },
            {
                "first_name": "Cecily J",
                "last_name": "Wolfe",
                "initials": "",
                "corresponding": "",
                "orcid": "['0000-0003-3144-5697']",
                "current_organization_id": "grid.162346.4",
                "researcher_id": "ur.01172335454.00",
                "affiliations": [
                    {
                        "id": "grid.413735.7",
                        "name": "Harvard\u2013MIT Division of Health Sciences and Technology",
                        "city": "Cambridge",
                        "city_id": 4931972,
                        "country": "United States",
                        "country_code": "US",
                        "state": "Massachusetts",
                        "state_code": "US-MA"
                    },
                    {
                        "id": "grid.410445.0",
                        "name": "University of Hawaii at Manoa",
                        "city": "Honolulu",
                        "city_id": 5856195,
                        "country": "United States",
                        "country_code": "US",
                        "state": "Hawaii",
                        "state_code": "US-HI"
                    }
                ]
            },
            {
                "first_name": "Kenneth D",
                "last_name": "Mandl",
                "initials": "",
                "corresponding": "",
                "orcid": "['0000-0002-9781-0477']",
                "current_organization_id": "grid.2515.3",
                "researcher_id": "ur.01215303575.18",
                "affiliations": [
                    {
                        "id": "grid.413735.7",
                        "name": "Harvard\u2013MIT Division of Health Sciences and Technology",
                        "city": "Cambridge",
                        "city_id": 4931972,
                        "country": "United States",
                        "country_code": "US",
                        "state": "Massachusetts",
                        "state_code": "US-MA"
                    },
                    {
                        "id": "grid.2515.3",
                        "name": "Boston Children's Hospital",
                        "city": "Boston",
                        "city_id": 4930956,
                        "country": "United States",
                        "country_code": "US",
                        "state": "Massachusetts",
                        "state_code": "US-MA"
                    },
                    {
                        "id": "grid.38142.3c",
                        "name": "Harvard University",
                        "city": "Cambridge",
                        "city_id": 4931972,
                        "country": "United States",
                        "country_code": "US",
                        "state": "Massachusetts",
                        "state_code": "US-MA"
                    }
                ]
            }
        ]
    ],
    "altmetric": 287.0,
    "FOR": [
        {
            "id": "3177",
            "name": "1117 Public Health and Health Services"
        }
    ],
    "research_org_countries": [
        {
            "id": "US",
            "name": "United States"
        }
    ],
    "title": "Empirical Evidence for the Effect of Airline Travel on Inter-Regional Influenza Spread in the United States",
    "research_org_cities": [
        {
            "id": 4931972,
            "name": "Cambridge"
        },
        {
            "id": 5856195,
            "name": "Honolulu"
        },
        {
            "id": 4930956,
            "name": "Boston"
        }
    ],
    "pages": "e401",
    "issue": "10",
    "research_org_state_names": [
        "Hawaii",
        "Massachusetts"
    ],
    "open_access": [
        "Open Access - all",
        "Open Access - publisher",
        "Open Access - published"
    ],
    "doi": "10.1371/journal.pmed.0030401",
    "times_cited": 156,
    "journal": {
        "id": "jour.1034427",
        "title": "PLoS Medicine"
    },
    "funders": [
        {
            "id": "grid.280285.5",
            "name": "United States National Library of Medicine",
            "linkout": [
                "https://www.nlm.nih.gov/"
            ],
            "country_name": "United States",
            "types": [
                "Archive"
            ],
            "latitude": 39.151062,
            "acronym": "NLM",
            "state_name": "Maryland",
            "city_name": "Bethesda",
            "longitude": -77.26525
        }
    ],
    "year": 2006,
    "research_orgs": [
        {
            "id": "grid.410445.0",
            "name": "University of Hawaii at Manoa",
            "linkout": [
                "https://manoa.hawaii.edu/"
            ],
            "country_name": "United States",
            "types": [
                "Education"
            ],
            "latitude": 21.300116,
            "acronym": "UH",
            "state_name": "Hawaii",
            "city_name": "Honolulu",
            "longitude": -157.81763
        },
        {
            "id": "grid.38142.3c",
            "name": "Harvard University",
            "linkout": [
                "http://www.harvard.edu/"
            ],
            "country_name": "United States",
            "types": [
                "Education"
            ],
            "latitude": 42.377052,
            "state_name": "Massachusetts",
            "city_name": "Cambridge",
            "longitude": -71.11665
        },
        {
            "id": "grid.2515.3",
            "name": "Boston Children's Hospital",
            "linkout": [
                "http://www.childrenshospital.org/"
            ],
            "country_name": "United States",
            "types": [
                "Healthcare"
            ],
            "latitude": 42.33754,
            "state_name": "Massachusetts",
            "city_name": "Boston",
            "longitude": -71.10551
        },
        {
            "id": "grid.413735.7",
            "name": "Harvard\u2013MIT Division of Health Sciences and Technology",
            "linkout": [
                "http://hst.mit.edu/"
            ],
            "country_name": "United States",
            "types": [
                "Education"
            ],
            "latitude": 42.36178,
            "acronym": "HST",
            "state_name": "Massachusetts",
            "city_name": "Cambridge",
            "longitude": -71.086914
        }
    ],
    "id": "pub.1027733404",
    "references": [
        "pub.1058790004",
        "pub.1062586353",
        "pub.1043990881",
        "pub.1026495611",
        "pub.1024063498",
        "pub.1020964401",
        "pub.1042588430",
        "pub.1030455065",
        "pub.1009934247",
        "pub.1073700454",
        "pub.1006981975",
        "pub.1019729357",
        "pub.1062451463",
        "pub.1000591890",
        "pub.1000723541",
        "pub.1038171497",
        "pub.1009018998",
        "pub.1068878305",
        "pub.1017749815",
        "pub.1016755480",
        "pub.1027725256",
        "pub.1038327258",
        "pub.1050182291",
        "pub.1027744875",
        "pub.1024348972",
        "pub.1033874018",
        "pub.1077094902",
        "pub.1016851442",
        "pub.1023602638",
        "pub.1048382232",
        "pub.1022158027",
        "pub.1009142007",
        "pub.1048279661",
        "pub.1030653431",
        "pub.1080048476",
        "pub.1007481417",
        "pub.1059470800",
        "pub.1062448993",
        "pub.1031497183"
    ],
    "research_org_country_names": [
        "United States"
    ],
    "date": "2006-09-12",
    "research_org_state_codes": [
        {
            "id": "US-MA",
            "name": "Massachusetts"
        },
        {
            "id": "US-HI",
            "name": "Hawaii"
        }
    ],
    "researchers": [
        {
            "id": "ur.010347117257.64",
            "research_orgs": [
                "grid.416738.f",
                "grid.38142.3c",
                "grid.47100.32",
                "grid.4367.6",
                "grid.419734.c",
                "grid.452687.a",
                "grid.471930.8",
                "grid.260975.f",
                "grid.17063.33",
                "grid.438526.e",
                "grid.231844.8",
                "grid.116068.8",
                "grid.14709.3b",
                "grid.503422.2",
                "grid.415368.d",
                "grid.223827.e",
                "grid.413735.7",
                "grid.238477.d",
                "grid.2515.3",
                "grid.12527.33",
                "grid.189967.8",
                "grid.3575.4",
                "grid.189504.1"
            ],
            "last_name": "Brownstein",
            "first_name": "John Samuel"
        },
        {
            "id": "ur.01172335454.00",
            "research_orgs": [
                "grid.410445.0",
                "grid.2865.9",
                "grid.413735.7",
                "grid.162346.4",
                "grid.418276.e",
                "grid.2515.3",
                "grid.56466.37",
                "grid.266100.3"
            ],
            "last_name": "Wolfe",
            "first_name": "Cecily J",
            "orcid_id": [
                "0000-0003-3144-5697"
            ]
        },
        {
            "id": "ur.01215303575.18",
            "research_orgs": [
                "grid.2515.3",
                "grid.412807.8",
                "grid.231844.8",
                "grid.32224.35",
                "grid.416738.f",
                "grid.116068.8",
                "grid.38142.3c",
                "grid.17063.33",
                "grid.415368.d",
                "grid.413735.7"
            ],
            "last_name": "Mandl",
            "first_name": "Kenneth D",
            "orcid_id": [
                "0000-0002-9781-0477"
            ]
        }
    ],
    "relative_citation_ratio": 3.29,
    "type": "article",
    "volume": "3",
    "pmcid": "PMC1564183"
}