{
    "pmid": "26577431",
    "author_affiliations": [
        [
            {
                "first_name": "Derya",
                "last_name": "Yapar",
                "initials": "",
                "corresponding": "",
                "orcid": "",
                "current_organization_id": "grid.440466.4",
                "researcher_id": "ur.0704716622.06",
                "affiliations": [
                    {
                        "id": "grid.459554.c",
                        "name": "Hitit \u00dcniversitesi \u00c7orum E\u011fitim ve Ara\u015ft\u0131rma Hastanesi",
                        "city": "\u00c7orum",
                        "city_id": 748879,
                        "country": "Turkey",
                        "country_code": "TR",
                        "state": null,
                        "state_code": null
                    }
                ]
            },
            {
                "first_name": "Ali Kemal",
                "last_name": "Erenler",
                "initials": "",
                "corresponding": true,
                "orcid": "['0000-0002-2101-8504']",
                "current_organization_id": "grid.440466.4",
                "researcher_id": "ur.01264453157.55",
                "affiliations": [
                    {
                        "id": "grid.459554.c",
                        "name": "Hitit \u00dcniversitesi \u00c7orum E\u011fitim ve Ara\u015ft\u0131rma Hastanesi",
                        "city": "\u00c7orum",
                        "city_id": 748879,
                        "country": "Turkey",
                        "country_code": "TR",
                        "state": null,
                        "state_code": null
                    }
                ]
            },
            {
                "first_name": "\u00d6zlem",
                "last_name": "Terzi",
                "initials": "",
                "corresponding": "",
                "orcid": "",
                "current_organization_id": "grid.411049.9",
                "researcher_id": "ur.01047232164.08",
                "affiliations": [
                    {
                        "id": "grid.411049.9",
                        "name": "Ondokuz May\u0131s University",
                        "city": "Samsun",
                        "city_id": 740264,
                        "country": "Turkey",
                        "country_code": "TR",
                        "state": null,
                        "state_code": null
                    }
                ]
            },
            {
                "first_name": "\u00d6zlem",
                "last_name": "Akdo\u011fan",
                "initials": "",
                "corresponding": "",
                "orcid": "",
                "current_organization_id": "grid.440466.4",
                "researcher_id": "ur.01331317021.43",
                "affiliations": [
                    {
                        "id": "grid.459554.c",
                        "name": "Hitit \u00dcniversitesi \u00c7orum E\u011fitim ve Ara\u015ft\u0131rma Hastanesi",
                        "city": "\u00c7orum",
                        "city_id": 748879,
                        "country": "Turkey",
                        "country_code": "TR",
                        "state": null,
                        "state_code": null
                    }
                ]
            },
            {
                "first_name": "Yasemin",
                "last_name": "Ece",
                "initials": "",
                "corresponding": "",
                "orcid": "",
                "current_organization_id": "grid.440466.4",
                "researcher_id": "ur.0602761347.31",
                "affiliations": [
                    {
                        "id": "grid.459554.c",
                        "name": "Hitit \u00dcniversitesi \u00c7orum E\u011fitim ve Ara\u015ft\u0131rma Hastanesi",
                        "city": "\u00c7orum",
                        "city_id": 748879,
                        "country": "Turkey",
                        "country_code": "TR",
                        "state": null,
                        "state_code": null
                    }
                ]
            },
            {
                "first_name": "Nurcan",
                "last_name": "Baykam",
                "initials": "",
                "corresponding": "",
                "orcid": "",
                "current_organization_id": "grid.440466.4",
                "researcher_id": "ur.01353024201.75",
                "affiliations": [
                    {
                        "id": "grid.459554.c",
                        "name": "Hitit \u00dcniversitesi \u00c7orum E\u011fitim ve Ara\u015ft\u0131rma Hastanesi",
                        "city": "\u00c7orum",
                        "city_id": 748879,
                        "country": "Turkey",
                        "country_code": "TR",
                        "state": null,
                        "state_code": null
                    }
                ]
            }
        ]
    ],
    "FOR": [
        {
            "id": "3177",
            "name": "1117 Public Health and Health Services"
        }
    ],
    "research_org_countries": [
        {
            "id": "TR",
            "name": "Turkey"
        }
    ],
    "title": "Predicting tularemia with clinical, laboratory and demographical findings in the ED",
    "research_org_cities": [
        {
            "id": 740264,
            "name": "Samsun"
        },
        {
            "id": 748879,
            "name": "\u00c7orum"
        }
    ],
    "pages": "218-221",
    "issue": "2",
    "doi": "10.1016/j.ajem.2015.10.034",
    "times_cited": 4,
    "journal": {
        "id": "jour.1094260",
        "title": "The American Journal of Emergency Medicine"
    },
    "year": 2016,
    "research_orgs": [
        {
            "id": "grid.459554.c",
            "name": "Hitit \u00dcniversitesi \u00c7orum E\u011fitim ve Ara\u015ft\u0131rma Hastanesi",
            "linkout": [
                "http://www.corumdevlethastanesi.gov.tr/"
            ],
            "country_name": "Turkey",
            "types": [
                "Healthcare"
            ],
            "latitude": 40.556522,
            "city_name": "\u00c7orum",
            "longitude": 34.971626
        },
        {
            "id": "grid.411049.9",
            "name": "Ondokuz May\u0131s University",
            "linkout": [
                "http://omu.edu.tr/en"
            ],
            "country_name": "Turkey",
            "types": [
                "Education"
            ],
            "latitude": 41.36667,
            "acronym": "OMU",
            "city_name": "Samsun",
            "longitude": 36.2
        }
    ],
    "id": "pub.1001507020",
    "references": [
        "pub.1021658137",
        "pub.1020953337",
        "pub.1077652692",
        "pub.1000840962",
        "pub.1047913544",
        "pub.1018189218",
        "pub.1053022628",
        "pub.1025529743",
        "pub.1007398416",
        "pub.1072631898",
        "pub.1006455285",
        "pub.1007483388",
        "pub.1011317346",
        "pub.1005963573",
        "pub.1077341036",
        "pub.1013415570",
        "pub.1071482829",
        "pub.1078599837",
        "pub.1078569062",
        "pub.1070926368",
        "pub.1053087294",
        "pub.1028515333",
        "pub.1077585625",
        "pub.1077375632",
        "pub.1081558898",
        "pub.1044927005",
        "pub.1041900497",
        "pub.1010283795"
    ],
    "research_org_country_names": [
        "Turkey"
    ],
    "date": "2016-02-01",
    "researchers": [
        {
            "id": "ur.0704716622.06",
            "research_orgs": [
                "grid.440466.4",
                "grid.41206.31",
                "grid.413783.a",
                "grid.459554.c"
            ],
            "last_name": "Yapar",
            "first_name": "Derya"
        },
        {
            "id": "ur.01264453157.55",
            "research_orgs": [
                "grid.459554.c",
                "grid.440466.4",
                "grid.411049.9"
            ],
            "last_name": "Erenler",
            "first_name": "Ali Kemal",
            "orcid_id": [
                "0000-0002-2101-8504"
            ]
        },
        {
            "id": "ur.01047232164.08",
            "research_orgs": [
                "grid.412473.7",
                "grid.411049.9",
                "grid.448834.7"
            ],
            "last_name": "Terzi",
            "first_name": "\u00d6zlem"
        },
        {
            "id": "ur.01331317021.43",
            "research_orgs": [
                "grid.440466.4",
                "grid.459554.c",
                "grid.21200.31",
                "grid.411650.7"
            ],
            "last_name": "Akdogan",
            "first_name": "Ozlem"
        },
        {
            "id": "ur.0602761347.31",
            "research_orgs": [
                "grid.440466.4",
                "grid.459554.c"
            ],
            "last_name": "Ece",
            "first_name": "Yasemin"
        },
        {
            "id": "ur.01353024201.75",
            "research_orgs": [
                "grid.413791.9",
                "grid.7256.6",
                "grid.459554.c",
                "grid.440466.4",
                "grid.261331.4",
                "grid.266515.3",
                "grid.415981.0"
            ],
            "last_name": "Baykam",
            "first_name": "Nurcan"
        }
    ],
    "relative_citation_ratio": 0.48,
    "type": "article",
    "volume": "34"
}