{
    "research_orgs": [
        {
            "id": "grid.10854.38",
            "linkout": [
                "https://www.uni-osnabrueck.de/en/home.html"
            ],
            "city_name": "Osnabr\u00fcck",
            "longitude": 8.042,
            "latitude": 52.273,
            "name": "Osnabr\u00fcck University",
            "types": [
                "Education"
            ],
            "country_name": "Germany"
        }
    ],
    "research_org_country_names": [
        "Germany"
    ],
    "pmid": "20579675",
    "title": "Are marine plastic particles transport vectors for organic pollutants to the Arctic?",
    "type": "article",
    "year": 2010,
    "journal": {
        "id": "jour.1014189",
        "title": "Marine Pollution Bulletin"
    },
    "researchers": [
        {
            "id": "ur.0703030702.00",
            "research_orgs": [
                "grid.10854.38",
                "grid.419247.d",
                "grid.10392.39"
            ],
            "first_name": "Christiane",
            "last_name": "Zarfl",
            "orcid_id": [
                "0000-0002-2044-1335"
            ]
        },
        {
            "id": "ur.01240243345.17",
            "research_orgs": [
                "grid.434095.f",
                "grid.4567.0",
                "grid.10854.38",
                "grid.8664.c"
            ],
            "first_name": "Michael",
            "last_name": "Matthies"
        }
    ],
    "FOR": [
        {
            "id": "2486",
            "name": "0399 Other Chemical Sciences"
        },
        {
            "id": "2534",
            "name": "0405 Oceanography"
        }
    ],
    "research_org_countries": [
        {
            "id": "DE",
            "name": "Germany"
        }
    ],
    "date": "2010-10-01",
    "altmetric": 3.0,
    "pages": "1810-1814",
    "id": "pub.1003720238",
    "volume": "60",
    "issue": "10",
    "research_org_cities": [
        {
            "id": 2856883,
            "name": "Osnabr\u00fcck"
        }
    ],
    "author_affiliations": [
        [
            {
                "first_name": "Christiane",
                "last_name": "Zarfl",
                "initials": "",
                "corresponding": "",
                "orcid": "['0000-0002-2044-1335']",
                "current_organization_id": "grid.10392.39",
                "researcher_id": "ur.0703030702.00",
                "affiliations": [
                    {
                        "id": "grid.10854.38",
                        "name": "Osnabr\u00fcck University",
                        "city": "Osnabr\u00fcck",
                        "city_id": 2856883,
                        "country": "Germany",
                        "country_code": "DE",
                        "state": null,
                        "state_code": null
                    }
                ]
            },
            {
                "first_name": "Michael",
                "last_name": "Matthies",
                "initials": "",
                "corresponding": true,
                "orcid": "",
                "current_organization_id": "grid.10854.38",
                "researcher_id": "ur.01240243345.17",
                "affiliations": [
                    {
                        "id": "grid.10854.38",
                        "name": "Osnabr\u00fcck University",
                        "city": "Osnabr\u00fcck",
                        "city_id": 2856883,
                        "country": "Germany",
                        "country_code": "DE",
                        "state": null,
                        "state_code": null
                    }
                ]
            }
        ]
    ],
    "doi": "10.1016/j.marpolbul.2010.05.026",
    "times_cited": 142,
    "references": [
        "pub.1062506070",
        "pub.1003292518",
        "pub.1040177407",
        "pub.1025312233",
        "pub.1030179519",
        "pub.1045632103",
        "pub.1062449372",
        "pub.1053669566",
        "pub.1026463761",
        "pub.1045441264",
        "pub.1050968886",
        "pub.1014557039",
        "pub.1003127702",
        "pub.1017267816",
        "pub.1055515717",
        "pub.1017849086",
        "pub.1012657381",
        "pub.1007400143",
        "pub.1031232981",
        "pub.1039974844",
        "pub.1015937594",
        "pub.1012786343",
        "pub.1021825846",
        "pub.1001167421",
        "pub.1049584895",
        "pub.1055515693",
        "pub.1004661269",
        "pub.1043292364",
        "pub.1050244784",
        "pub.1055902973",
        "pub.1047811783",
        "pub.1044321142"
    ],
    "relative_citation_ratio": 4.17
}