{
    "volume": "359",
    "date": "2018-03-09",
    "title": "The spread of true and false news online",
    "researchers": [
        {
            "id": "ur.013403652233.39",
            "last_name": "Vosoughi",
            "first_name": "Soroush",
            "orcid_id": [
                "0000-0002-2564-8909"
            ],
            "research_orgs": [
                "grid.116068.8"
            ]
        },
        {
            "id": "ur.01324034070.91",
            "last_name": "Roy",
            "first_name": "Deb",
            "research_orgs": [
                "grid.116068.8",
                "grid.46078.3d"
            ]
        },
        {
            "id": "ur.0611527454.80",
            "last_name": "Aral",
            "first_name": "Sinan",
            "research_orgs": [
                "grid.116068.8",
                "grid.137628.9"
            ]
        }
    ],
    "research_org_state_codes": [
        {
            "id": "US-MA",
            "name": "Massachusetts"
        }
    ],
    "altmetric": 10342.0,
    "pages": "1146-1151",
    "research_org_cities": [
        {
            "id": 4931972,
            "name": "Cambridge"
        }
    ],
    "research_org_countries": [
        {
            "id": "US",
            "name": "United States"
        }
    ],
    "doi": "10.1126/science.aap9559",
    "FOR": [
        {
            "id": "2746",
            "name": "0801 Artificial Intelligence and Image Processing"
        }
    ],
    "research_orgs": [
        {
            "id": "grid.116068.8",
            "acronym": "MIT",
            "state_name": "Massachusetts",
            "types": [
                "Education"
            ],
            "longitude": -71.09211,
            "linkout": [
                "http://web.mit.edu/"
            ],
            "latitude": 42.35982,
            "name": "Massachusetts Institute of Technology",
            "city_name": "Cambridge",
            "country_name": "United States"
        }
    ],
    "times_cited": 568,
    "pmid": "29590045",
    "research_org_country_names": [
        "United States"
    ],
    "id": "pub.1101382661",
    "issue": "6380",
    "journal": {
        "id": "jour.1346339",
        "title": "Science"
    },
    "year": 2018,
    "references": [
        "pub.1012531775",
        "pub.1060740541",
        "pub.1034492656",
        "pub.1045148828",
        "pub.1049599362",
        "pub.1052867467",
        "pub.1005698391",
        "pub.1096143740",
        "pub.1004984215",
        "pub.1037912856",
        "pub.1026070931",
        "pub.1071225216",
        "pub.1064717893",
        "pub.1002865860",
        "pub.1000184957",
        "pub.1088800598",
        "pub.1094041545",
        "pub.1090670562",
        "pub.1026968277",
        "pub.1019417333",
        "pub.1030168342",
        "pub.1014684516",
        "pub.1004776965",
        "pub.1094581409",
        "pub.1096025781",
        "pub.1051002544",
        "pub.1042827018",
        "pub.1094044938",
        "pub.1031302850",
        "pub.1058575330",
        "pub.1037480906",
        "pub.1109722339",
        "pub.1028121059",
        "pub.1061550012",
        "pub.1022659212",
        "pub.1035882718",
        "pub.1044416162",
        "pub.1029510466",
        "pub.1093926801",
        "pub.1025270374",
        "pub.1040766591",
        "pub.1067508826",
        "pub.1014017012",
        "pub.1064524072",
        "pub.1040633005",
        "pub.1058298961",
        "pub.1058847330"
    ],
    "relative_citation_ratio": 33.64,
    "research_org_state_names": [
        "Massachusetts"
    ],
    "author_affiliations": [
        [
            {
                "first_name": "Soroush",
                "last_name": "Vosoughi",
                "initials": "",
                "corresponding": "",
                "orcid": "['0000-0002-2564-8909']",
                "current_organization_id": "grid.116068.8",
                "researcher_id": "ur.013403652233.39",
                "affiliations": [
                    {
                        "id": "grid.116068.8",
                        "name": "Massachusetts Institute of Technology",
                        "city": "Cambridge",
                        "city_id": 4931972,
                        "country": "United States",
                        "country_code": "US",
                        "state": "Massachusetts",
                        "state_code": "US-MA"
                    }
                ]
            },
            {
                "first_name": "Deb",
                "last_name": "Roy",
                "initials": "",
                "corresponding": "",
                "orcid": "",
                "current_organization_id": "grid.116068.8",
                "researcher_id": "ur.01324034070.91",
                "affiliations": [
                    {
                        "id": "grid.116068.8",
                        "name": "Massachusetts Institute of Technology",
                        "city": "Cambridge",
                        "city_id": 4931972,
                        "country": "United States",
                        "country_code": "US",
                        "state": "Massachusetts",
                        "state_code": "US-MA"
                    }
                ]
            },
            {
                "first_name": "Sinan",
                "last_name": "Aral",
                "initials": "",
                "corresponding": "",
                "orcid": "",
                "current_organization_id": "grid.116068.8",
                "researcher_id": "ur.0611527454.80",
                "affiliations": [
                    {
                        "id": "grid.116068.8",
                        "name": "Massachusetts Institute of Technology",
                        "city": "Cambridge",
                        "city_id": 4931972,
                        "country": "United States",
                        "country_code": "US",
                        "state": "Massachusetts",
                        "state_code": "US-MA"
                    }
                ]
            }
        ]
    ],
    "type": "article"
}