{
    "volume": "46",
    "date": "1992-01-01",
    "title": "Introduction: epistemic communities and international policy coordination",
    "altmetric": 38.0,
    "pages": "1-35",
    "open_access": [
        "Open Access - all",
        "Open Access - repository",
        "Open Access - submitted"
    ],
    "doi": "10.1017/s0020818300001442",
    "FOR": [
        {
            "id": "2790",
            "name": "0806 Information Systems"
        }
    ],
    "times_cited": 2821,
    "id": "pub.1038448940",
    "issue": "1",
    "journal": {
        "id": "jour.1120256",
        "title": "International Organization"
    },
    "year": 1992,
    "references": [
        "pub.1048404910",
        "pub.1109097345",
        "pub.1037618645",
        "pub.1058570421",
        "pub.1047691021",
        "pub.1069980326",
        "pub.1101918327",
        "pub.1012806935",
        "pub.1050947170",
        "pub.1035130556",
        "pub.1016173748",
        "pub.1027211783",
        "pub.1098697550",
        "pub.1034196255",
        "pub.1058543288",
        "pub.1012672343",
        "pub.1098708932",
        "pub.1039406778",
        "pub.1109704302",
        "pub.1032929448",
        "pub.1069668906",
        "pub.1012108100",
        "pub.1006829958",
        "pub.1031450505",
        "pub.1049151854",
        "pub.1004331543",
        "pub.1016216082",
        "pub.1070020431",
        "pub.1070020537",
        "pub.1025776630",
        "pub.1099362349",
        "pub.1013979395",
        "pub.1005230241",
        "pub.1023191813",
        "pub.1015210226",
        "pub.1013775085",
        "pub.1069669400",
        "pub.1030890457",
        "pub.1070583163",
        "pub.1098666815",
        "pub.1062503504",
        "pub.1005399781",
        "pub.1099565016",
        "pub.1002465268",
        "pub.1002347439",
        "pub.1036612598",
        "pub.1034155057",
        "pub.1000454218",
        "pub.1041372603",
        "pub.1108412045",
        "pub.1069678684",
        "pub.1098679734",
        "pub.1047557043",
        "pub.1017018846",
        "pub.1098667151",
        "pub.1033006967",
        "pub.1099375463",
        "pub.1006506315",
        "pub.1021601012",
        "pub.1032078770",
        "pub.1070645821",
        "pub.1045443871",
        "pub.1114187766",
        "pub.1044648680",
        "pub.1047969895",
        "pub.1070020523",
        "pub.1047672293",
        "pub.1109386318",
        "pub.1069766719",
        "pub.1038631795",
        "pub.1069907904",
        "pub.1044545985",
        "pub.1024299903",
        "pub.1070583188",
        "pub.1020465549"
    ],
    "author_affiliations": [
        [
            {
                "first_name": "Peter M.",
                "last_name": "Haas",
                "initials": "",
                "corresponding": "",
                "orcid": "",
                "current_organization_id": "",
                "researcher_id": "",
                "affiliations": []
            }
        ]
    ],
    "type": "article"
}