{
    "author_affiliations": [
        [
            {
                "first_name": "Orlando",
                "last_name": "Dur\u00e1n",
                "initials": "",
                "corresponding": true,
                "orcid": "['0000-0001-8734-6052']",
                "current_organization_id": "grid.8170.e",
                "researcher_id": "ur.010607135247.60",
                "affiliations": [
                    {
                        "id": "grid.8170.e",
                        "name": "Pontificial Catholic University of Valparaiso",
                        "city": "Valpara\u00edso",
                        "city_id": 3868626,
                        "country": "Chile",
                        "country_code": "CL",
                        "state": null,
                        "state_code": null
                    }
                ]
            },
            {
                "first_name": "Jos\u00e9",
                "last_name": "Aguilo",
                "initials": "",
                "corresponding": "",
                "orcid": "",
                "current_organization_id": "",
                "researcher_id": "",
                "affiliations": [
                    {
                        "id": "grid.8170.e",
                        "name": "Pontificial Catholic University of Valparaiso",
                        "city": "Valpara\u00edso",
                        "city_id": 3868626,
                        "country": "Chile",
                        "country_code": "CL",
                        "state": null,
                        "state_code": null
                    }
                ]
            }
        ]
    ],
    "FOR": [
        {
            "id": "2899",
            "name": "0910 Manufacturing Engineering"
        }
    ],
    "research_org_countries": [
        {
            "id": "CL",
            "name": "Chile"
        }
    ],
    "title": "Computer-aided machine-tool selection based on a Fuzzy-AHP approach",
    "research_org_cities": [
        {
            "id": 3868626,
            "name": "Valpara\u00edso"
        }
    ],
    "pages": "1787-1794",
    "issue": "3",
    "doi": "10.1016/j.eswa.2007.01.046",
    "times_cited": 165,
    "journal": {
        "id": "jour.1128045",
        "title": "Expert Systems with Applications"
    },
    "research_orgs": [
        {
            "id": "grid.8170.e",
            "name": "Pontificial Catholic University of Valparaiso",
            "linkout": [
                "http://www.ucv.cl/english/"
            ],
            "country_name": "Chile",
            "types": [
                "Education"
            ],
            "latitude": -33.044724,
            "acronym": "PUCV",
            "city_name": "Valpara\u00edso",
            "longitude": -71.60555
        }
    ],
    "year": 2008,
    "references": [
        "pub.1021449013",
        "pub.1026292438",
        "pub.1036908853",
        "pub.1016412203",
        "pub.1007859620",
        "pub.1025114519",
        "pub.1004879874",
        "pub.1036953525",
        "pub.1043920676",
        "pub.1052066656"
    ],
    "id": "pub.1013837134",
    "research_org_country_names": [
        "Chile"
    ],
    "date": "2008-04-01",
    "researchers": [
        {
            "id": "ur.010607135247.60",
            "research_orgs": [
                "grid.411087.b",
                "grid.8170.e",
                "grid.412179.8",
                "grid.412279.b"
            ],
            "last_name": "Dur\u00e1n",
            "first_name": "Orlando M",
            "orcid_id": [
                "0000-0001-8734-6052"
            ]
        }
    ],
    "type": "article",
    "volume": "34"
}