{
    "volume": "137",
    "date": "2009-04-01",
    "title": "The Canonical Notch Signaling Pathway: Unfolding the Activation Mechanism",
    "researchers": [
        {
            "id": "ur.0660157721.51",
            "last_name": "Kopan",
            "first_name": "Raphael",
            "orcid_id": [
                "0000-0002-0350-2730"
            ],
            "research_orgs": [
                "grid.59734.3c",
                "grid.24827.3b",
                "grid.12136.37",
                "grid.280051.e",
                "grid.4367.6",
                "grid.26999.3d",
                "grid.428999.7",
                "grid.5252.0",
                "grid.1003.2",
                "grid.270240.3",
                "grid.239573.9"
            ]
        },
        {
            "id": "ur.014417756027.63",
            "last_name": "Ilagan",
            "first_name": "Ma Xenia G",
            "orcid_id": [
                "0000-0003-2888-4859"
            ],
            "research_orgs": [
                "grid.4367.6"
            ]
        }
    ],
    "pmcid": "PMC2827930",
    "research_org_state_codes": [
        {
            "id": "US-MO",
            "name": "Missouri"
        }
    ],
    "altmetric": 8.0,
    "pages": "216-233",
    "research_org_cities": [
        {
            "id": 4407066,
            "name": "St. Louis"
        }
    ],
    "open_access": [
        "Open Access - all",
        "Open Access - repository",
        "Open Access - accepted"
    ],
    "research_org_countries": [
        {
            "id": "US",
            "name": "United States"
        }
    ],
    "doi": "10.1016/j.cell.2009.03.045",
    "FOR": [
        {
            "id": "2581",
            "name": "0601 Biochemistry and Cell Biology"
        }
    ],
    "research_orgs": [
        {
            "id": "grid.4367.6",
            "acronym": "WUSTL",
            "state_name": "Missouri",
            "types": [
                "Education"
            ],
            "longitude": -90.31085,
            "linkout": [
                "http://wustl.edu/"
            ],
            "latitude": 38.649033,
            "name": "Washington University in St. Louis",
            "city_name": "St Louis",
            "country_name": "United States"
        }
    ],
    "times_cited": 2012,
    "pmid": "19379690",
    "funders": [
        {
            "id": "grid.280785.0",
            "acronym": "NIGMS",
            "state_name": "Maryland",
            "types": [
                "Facility"
            ],
            "longitude": -77.09938,
            "linkout": [
                "http://www.nigms.nih.gov/Pages/default.aspx"
            ],
            "latitude": 38.997833,
            "name": "National Institute of General Medical Sciences",
            "city_name": "Bethesda",
            "country_name": "United States"
        },
        {
            "id": "grid.416870.c",
            "acronym": "NINDS",
            "state_name": "Maryland",
            "types": [
                "Facility"
            ],
            "longitude": -77.10118,
            "linkout": [
                "http://www.ninds.nih.gov/"
            ],
            "latitude": 39.003826,
            "name": "National Institute of Neurological Disorders and Stroke",
            "city_name": "Bethesda",
            "country_name": "United States"
        }
    ],
    "research_org_country_names": [
        "United States"
    ],
    "id": "pub.1021056409",
    "issue": "2",
    "journal": {
        "id": "jour.1019114",
        "title": "Cell"
    },
    "year": 2009,
    "references": [
        "pub.1034521309",
        "pub.1021067650",
        "pub.1028107684",
        "pub.1021847951",
        "pub.1005522055",
        "pub.1023172633",
        "pub.1005932923",
        "pub.1042355877",
        "pub.1013301858",
        "pub.1040183959",
        "pub.1031876615",
        "pub.1033692628",
        "pub.1083152117",
        "pub.1007873107",
        "pub.1031533209",
        "pub.1041536311",
        "pub.1038879140",
        "pub.1046707660",
        "pub.1005828459",
        "pub.1036737153",
        "pub.1046880230",
        "pub.1047858832",
        "pub.1074670717",
        "pub.1032123768",
        "pub.1002026441",
        "pub.1044976264",
        "pub.1002168887",
        "pub.1004143604",
        "pub.1017379699",
        "pub.1052898144",
        "pub.1044811434",
        "pub.1009464910",
        "pub.1029718271",
        "pub.1018449002",
        "pub.1037678066",
        "pub.1018946518",
        "pub.1016469429",
        "pub.1013924948",
        "pub.1027566900",
        "pub.1042800223",
        "pub.1021181743",
        "pub.1026310300",
        "pub.1030455382",
        "pub.1000051162",
        "pub.1008739808",
        "pub.1000384949",
        "pub.1033101991",
        "pub.1034553835",
        "pub.1014955709",
        "pub.1012036091",
        "pub.1039888218",
        "pub.1040641375",
        "pub.1013198142",
        "pub.1074725366",
        "pub.1011397538",
        "pub.1050540662",
        "pub.1042481749",
        "pub.1028085162",
        "pub.1025105302",
        "pub.1015770389",
        "pub.1014764513",
        "pub.1029711242",
        "pub.1049110770",
        "pub.1035002980",
        "pub.1009046061",
        "pub.1009874065",
        "pub.1042953452",
        "pub.1009883331",
        "pub.1009685637",
        "pub.1019025066",
        "pub.1041490994",
        "pub.1028635071",
        "pub.1036812018",
        "pub.1010399979",
        "pub.1028262461",
        "pub.1039358259",
        "pub.1039679528",
        "pub.1031458908",
        "pub.1015922947",
        "pub.1083196581",
        "pub.1041606056",
        "pub.1041354646",
        "pub.1023069258",
        "pub.1017336433",
        "pub.1014216241",
        "pub.1041325757",
        "pub.1011534604",
        "pub.1052122238",
        "pub.1006645818",
        "pub.1051790753",
        "pub.1043112115",
        "pub.1020763652",
        "pub.1036441906",
        "pub.1027124621",
        "pub.1031451066",
        "pub.1009691309",
        "pub.1044935675",
        "pub.1019440756",
        "pub.1019849472",
        "pub.1039923606",
        "pub.1021979356",
        "pub.1036800368",
        "pub.1040165885",
        "pub.1026492232",
        "pub.1026306685",
        "pub.1000534545",
        "pub.1030749632",
        "pub.1049628527",
        "pub.1033808023",
        "pub.1012065630",
        "pub.1044763837",
        "pub.1029891944",
        "pub.1011661913",
        "pub.1005855532",
        "pub.1008050822",
        "pub.1010320107",
        "pub.1040065430",
        "pub.1001967550",
        "pub.1036921346",
        "pub.1004044167",
        "pub.1044920918",
        "pub.1077331585",
        "pub.1009408457",
        "pub.1011107505",
        "pub.1015571304",
        "pub.1030794576",
        "pub.1000495777",
        "pub.1030229657",
        "pub.1015150671",
        "pub.1005321966",
        "pub.1041449841",
        "pub.1044647231",
        "pub.1013983946",
        "pub.1006288933",
        "pub.1019091386",
        "pub.1012580099",
        "pub.1028009404",
        "pub.1026603961",
        "pub.1028031529",
        "pub.1062449502",
        "pub.1053252232",
        "pub.1017993483",
        "pub.1083196580",
        "pub.1015324134",
        "pub.1062682107",
        "pub.1014316969",
        "pub.1083061660",
        "pub.1002640604",
        "pub.1053278471",
        "pub.1047136906",
        "pub.1038884415",
        "pub.1037760993",
        "pub.1015415534",
        "pub.1035748255",
        "pub.1026202446",
        "pub.1016491228",
        "pub.1047871301",
        "pub.1074273103",
        "pub.1039748969",
        "pub.1015187003",
        "pub.1026968798",
        "pub.1074593208",
        "pub.1012987088",
        "pub.1033557064",
        "pub.1012289943",
        "pub.1082749153",
        "pub.1028625071",
        "pub.1033583158",
        "pub.1037860468",
        "pub.1049323782",
        "pub.1048453731",
        "pub.1069185855",
        "pub.1043840166",
        "pub.1039313806",
        "pub.1016724132",
        "pub.1051174829",
        "pub.1042213741",
        "pub.1074600509",
        "pub.1083174133",
        "pub.1019950114",
        "pub.1033142833",
        "pub.1024947483",
        "pub.1024839970",
        "pub.1033243130",
        "pub.1029995247",
        "pub.1003734983",
        "pub.1049655011",
        "pub.1000967762",
        "pub.1012694293",
        "pub.1000999652",
        "pub.1024346506",
        "pub.1046866550",
        "pub.1020677186",
        "pub.1023353366",
        "pub.1023923806",
        "pub.1020609992",
        "pub.1043440863",
        "pub.1083039003",
        "pub.1013752180",
        "pub.1012827652",
        "pub.1069188805",
        "pub.1019309224",
        "pub.1038463904",
        "pub.1004947474",
        "pub.1002604154",
        "pub.1008339934",
        "pub.1022710287",
        "pub.1042713307",
        "pub.1007313131",
        "pub.1011720685",
        "pub.1030240829",
        "pub.1028374103"
    ],
    "relative_citation_ratio": 43.99,
    "research_org_state_names": [
        "Missouri"
    ],
    "author_affiliations": [
        [
            {
                "first_name": "Raphael",
                "last_name": "Kopan",
                "initials": "",
                "corresponding": true,
                "orcid": "['0000-0002-0350-2730']",
                "current_organization_id": "grid.239573.9",
                "researcher_id": "ur.0660157721.51",
                "affiliations": [
                    {
                        "id": "grid.4367.6",
                        "name": "Washington University in St. Louis",
                        "city": "St Louis",
                        "city_id": 4407066,
                        "country": "United States",
                        "country_code": "US",
                        "state": "Missouri",
                        "state_code": "US-MO"
                    }
                ]
            },
            {
                "first_name": "Ma. Xenia G.",
                "last_name": "Ilagan",
                "initials": "",
                "corresponding": true,
                "orcid": "['0000-0003-2888-4859']",
                "current_organization_id": "grid.4367.6",
                "researcher_id": "ur.014417756027.63",
                "affiliations": [
                    {
                        "id": "grid.4367.6",
                        "name": "Washington University in St. Louis",
                        "city": "St Louis",
                        "city_id": 4407066,
                        "country": "United States",
                        "country_code": "US",
                        "state": "Missouri",
                        "state_code": "US-MO"
                    }
                ]
            }
        ]
    ],
    "type": "article"
}