{
    "volume": "112",
    "date": "2015-05-12",
    "title": "Cas9-mediated targeting of viral RNA in eukaryotic cells",
    "researchers": [
        {
            "id": "ur.01003664076.27",
            "last_name": "Price",
            "first_name": "Aryn A",
            "research_orgs": [
                "grid.189967.8"
            ]
        },
        {
            "id": "ur.01056542375.73",
            "last_name": "Sampson",
            "first_name": "Timothy R",
            "orcid_id": [
                "0000-0002-2486-8766"
            ],
            "research_orgs": [
                "grid.189967.8",
                "grid.21925.3d",
                "grid.20861.3d"
            ]
        },
        {
            "id": "ur.01132577554.63",
            "last_name": "Ratner",
            "first_name": "Hannah K",
            "research_orgs": [
                "grid.251993.5",
                "grid.189967.8"
            ]
        },
        {
            "id": "ur.01270575641.51",
            "last_name": "Grakoui",
            "first_name": "Arash",
            "research_orgs": [
                "grid.134907.8",
                "grid.4367.6",
                "grid.189967.8"
            ]
        },
        {
            "id": "ur.012400306277.28",
            "last_name": "Weiss",
            "first_name": "David S",
            "orcid_id": [
                "0000-0003-2217-0070"
            ],
            "research_orgs": [
                "grid.414026.5",
                "grid.240952.8",
                "grid.189967.8",
                "grid.484294.7",
                "grid.38142.3c",
                "grid.419554.8",
                "grid.168010.e",
                "grid.418159.0",
                "grid.214572.7",
                "grid.47840.3f",
                "grid.137628.9"
            ]
        }
    ],
    "pmcid": "PMC4434742",
    "research_org_state_codes": [
        {
            "id": "US-GA",
            "name": "Georgia"
        }
    ],
    "altmetric": 67.0,
    "pages": "6164-6169",
    "research_org_cities": [
        {
            "id": 2711537,
            "name": "G\u00f6teborg"
        },
        {
            "id": 4180439,
            "name": "Atlanta"
        }
    ],
    "open_access": [
        "Open Access - all",
        "Open Access - publisher",
        "Open Access - published"
    ],
    "research_org_countries": [
        {
            "id": "SE",
            "name": "Sweden"
        },
        {
            "id": "US",
            "name": "United States"
        }
    ],
    "doi": "10.1073/pnas.1422340112",
    "FOR": [
        {
            "id": "2620",
            "name": "0604 Genetics"
        }
    ],
    "times_cited": 114,
    "research_orgs": [
        {
            "id": "grid.189967.8",
            "state_name": "Georgia",
            "types": [
                "Education"
            ],
            "longitude": -84.32401,
            "linkout": [
                "http://www.emory.edu/home/index.html"
            ],
            "latitude": 33.792786,
            "name": "Emory University",
            "city_name": "Atlanta",
            "country_name": "United States"
        }
    ],
    "pmid": "25918406",
    "funders": [
        {
            "id": "grid.429651.d",
            "acronym": "NCATS",
            "state_name": "Maryland",
            "types": [
                "Government"
            ],
            "longitude": -77.197174,
            "linkout": [
                "https://ncats.nih.gov/"
            ],
            "latitude": 39.09584,
            "name": "National Center for Advancing Translational Sciences",
            "city_name": "Rockville",
            "country_name": "United States"
        },
        {
            "id": "grid.419635.c",
            "acronym": "NIDDK",
            "state_name": "Maryland",
            "types": [
                "Facility"
            ],
            "longitude": -77.10107,
            "linkout": [
                "http://www.niddk.nih.gov/"
            ],
            "latitude": 39.003628,
            "name": "National Institute of Diabetes and Digestive and Kidney Diseases",
            "city_name": "Bethesda",
            "country_name": "United States"
        },
        {
            "id": "grid.453125.4",
            "acronym": "OD",
            "state_name": "Maryland",
            "types": [
                "Other"
            ],
            "longitude": -77.101326,
            "linkout": [
                "http://www.nih.gov/icd/od/"
            ],
            "latitude": 39.003704,
            "name": "Office of the Director",
            "city_name": "Bethesda",
            "country_name": "United States"
        },
        {
            "id": "grid.419681.3",
            "acronym": "NIAID",
            "state_name": "Maryland",
            "types": [
                "Facility"
            ],
            "longitude": -77.11183,
            "linkout": [
                "http://www.niaid.nih.gov/Pages/default.aspx"
            ],
            "latitude": 39.066647,
            "name": "National Institute of Allergy and Infectious Diseases",
            "city_name": "Bethesda",
            "country_name": "United States"
        },
        {
            "id": "grid.474945.f",
            "acronym": "ARCS",
            "state_name": "California",
            "types": [
                "Nonprofit"
            ],
            "longitude": -118.082245,
            "linkout": [
                "https://www.arcsfoundation.org/"
            ],
            "latitude": 33.86636,
            "name": "Achievement Rewards for College Scientists Foundation",
            "city_name": "Artesia",
            "country_name": "United States"
        }
    ],
    "research_org_country_names": [
        "United States",
        "Sweden"
    ],
    "id": "pub.1039535985",
    "issue": "19",
    "journal": {
        "id": "jour.1082971",
        "title": "Proceedings of the National Academy of Sciences of the United States of America"
    },
    "year": 2015,
    "references": [
        "pub.1010970903",
        "pub.1045457909",
        "pub.1045152751",
        "pub.1049837282",
        "pub.1053365587",
        "pub.1046701792",
        "pub.1019888616",
        "pub.1002402497",
        "pub.1024354143",
        "pub.1011436615",
        "pub.1011954581",
        "pub.1039182708",
        "pub.1041659759",
        "pub.1006654084",
        "pub.1041850060",
        "pub.1022253764",
        "pub.1020322005",
        "pub.1011358757",
        "pub.1039162712",
        "pub.1012759707",
        "pub.1042978468",
        "pub.1030750120",
        "pub.1019873131",
        "pub.1020345829",
        "pub.1001096343",
        "pub.1036312168",
        "pub.1007327927",
        "pub.1022072971",
        "pub.1024792403",
        "pub.1040926389",
        "pub.1008291683",
        "pub.1009875984",
        "pub.1003783977",
        "pub.1004290844",
        "pub.1009959054"
    ],
    "relative_citation_ratio": 4.96,
    "research_org_state_names": [
        "Georgia"
    ],
    "author_affiliations": [
        [
            {
                "first_name": "Aryn A.",
                "last_name": "Price",
                "initials": "",
                "corresponding": "",
                "orcid": "",
                "current_organization_id": "grid.189967.8",
                "researcher_id": "ur.01003664076.27",
                "affiliations": [
                    {
                        "name": "Department of Microbiology and Immunology, Microbiology and Molecular Genetics Program,"
                    },
                    {
                        "name": "Emory Vaccine Center, and"
                    },
                    {
                        "id": "grid.189967.8",
                        "name": "Emory University",
                        "city": "Atlanta",
                        "city_id": 4180439,
                        "country": "United States",
                        "country_code": "US",
                        "state": "Georgia",
                        "state_code": "US-GA"
                    }
                ]
            },
            {
                "first_name": "Timothy R.",
                "last_name": "Sampson",
                "initials": "",
                "corresponding": "",
                "orcid": "['0000-0002-2486-8766']",
                "current_organization_id": "grid.189967.8",
                "researcher_id": "ur.01056542375.73",
                "affiliations": [
                    {
                        "name": "Department of Microbiology and Immunology, Microbiology and Molecular Genetics Program,"
                    },
                    {
                        "name": "Emory Vaccine Center, and"
                    },
                    {
                        "id": "grid.189967.8",
                        "name": "Emory University",
                        "city": "Atlanta",
                        "city_id": 4180439,
                        "country": "United States",
                        "country_code": "US",
                        "state": "Georgia",
                        "state_code": "US-GA"
                    }
                ]
            },
            {
                "first_name": "Hannah K.",
                "last_name": "Ratner",
                "initials": "",
                "corresponding": "",
                "orcid": "",
                "current_organization_id": "grid.189967.8",
                "researcher_id": "ur.01132577554.63",
                "affiliations": [
                    {
                        "name": "Department of Microbiology and Immunology, Microbiology and Molecular Genetics Program,"
                    },
                    {
                        "name": "Emory Vaccine Center, and"
                    },
                    {
                        "id": "grid.189967.8",
                        "name": "Emory University",
                        "city": "Atlanta",
                        "city_id": 4180439,
                        "country": "United States",
                        "country_code": "US",
                        "state": "Georgia",
                        "state_code": "US-GA"
                    }
                ]
            },
            {
                "first_name": "Arash",
                "last_name": "Grakoui",
                "initials": "",
                "corresponding": "",
                "orcid": "",
                "current_organization_id": "grid.189967.8",
                "researcher_id": "ur.01270575641.51",
                "affiliations": [
                    {
                        "name": "Emory Vaccine Center, and"
                    },
                    {
                        "id": "grid.189967.8",
                        "name": "Emory University",
                        "city": "Atlanta",
                        "city_id": 4180439,
                        "country": "United States",
                        "country_code": "US",
                        "state": "Georgia",
                        "state_code": "US-GA"
                    },
                    {
                        "name": "Division of Infectious Diseases and"
                    }
                ]
            },
            {
                "first_name": "David S.",
                "last_name": "Weiss",
                "initials": "",
                "corresponding": "",
                "orcid": "['0000-0003-2217-0070']",
                "current_organization_id": "grid.189967.8",
                "researcher_id": "ur.012400306277.28",
                "affiliations": [
                    {
                        "name": "Emory Vaccine Center, and"
                    },
                    {
                        "id": "grid.189967.8",
                        "name": "Emory University",
                        "city": "Atlanta",
                        "city_id": 4180439,
                        "country": "United States",
                        "country_code": "US",
                        "state": "Georgia",
                        "state_code": "US-GA"
                    },
                    {
                        "name": "Division of Infectious Diseases and"
                    },
                    {
                        "id": "grid.189967.8",
                        "name": "Emory University",
                        "city": "Atlanta",
                        "city_id": 4180439,
                        "country": "United States",
                        "country_code": "US",
                        "state": "Georgia",
                        "state_code": "US-GA"
                    }
                ]
            }
        ]
    ],
    "type": "article"
}