{
    "research_orgs": [
        {
            "id": "grid.440754.6",
            "linkout": [
                "http://ipb.ac.id/"
            ],
            "city_name": "Bogor",
            "longitude": 106.72625,
            "acronym": "IPB",
            "latitude": -6.559664,
            "name": "Bogor Agricultural University",
            "types": [
                "Education"
            ],
            "country_name": "Indonesia"
        },
        {
            "id": "grid.418754.b",
            "linkout": [
                "http://www.eijkman.go.id/"
            ],
            "city_name": "Jakarta",
            "longitude": 106.84669,
            "latitude": -6.198019,
            "name": "Eijkman Institute for Molecular Biology",
            "types": [
                "Nonprofit"
            ],
            "country_name": "Indonesia"
        }
    ],
    "research_org_country_names": [
        "Indonesia"
    ],
    "title": "Laboratory biosafety for handling emerging viruses",
    "type": "article",
    "year": 2017,
    "journal": {
        "id": "jour.1044976",
        "title": "Asian Pacific Journal of Tropical Biomedicine"
    },
    "researchers": [
        {
            "id": "ur.010334076112.53",
            "research_orgs": [
                "grid.1002.3",
                "grid.418754.b",
                "grid.440754.6",
                "grid.444307.0"
            ],
            "first_name": "I Made",
            "last_name": "Artika",
            "orcid_id": [
                "0000-0003-4293-3389"
            ]
        },
        {
            "id": "ur.0637635714.15",
            "research_orgs": [
                "grid.418754.b",
                "grid.415709.e",
                "grid.11951.3d",
                "grid.416738.f",
                "grid.9581.5"
            ],
            "first_name": "Chairin Nisa",
            "last_name": "Ma'Roef"
        }
    ],
    "FOR": [
        {
            "id": "3177",
            "name": "1117 Public Health and Health Services"
        },
        {
            "id": "3114",
            "name": "1108 Medical Microbiology"
        }
    ],
    "research_org_countries": [
        {
            "id": "ID",
            "name": "Indonesia"
        }
    ],
    "date": "2017-05-01",
    "pages": "483-491",
    "id": "pub.1028168172",
    "volume": "7",
    "issue": "5",
    "research_org_cities": [
        {
            "id": 1648473,
            "name": "Bogor"
        },
        {
            "id": 1642911,
            "name": "Jakarta"
        }
    ],
    "open_access": [
        "Open Access - all",
        "Open Access - publisher",
        "Open Access - published"
    ],
    "author_affiliations": [
        [
            {
                "first_name": "I. Made",
                "last_name": "Artika",
                "initials": "",
                "corresponding": true,
                "orcid": "['0000-0003-4293-3389']",
                "current_organization_id": "grid.440754.6",
                "researcher_id": "ur.010334076112.53",
                "affiliations": [
                    {
                        "id": "grid.418754.b",
                        "name": "Eijkman Institute for Molecular Biology",
                        "city": "Jakarta",
                        "city_id": 1642911,
                        "country": "Indonesia",
                        "country_code": "ID",
                        "state": null,
                        "state_code": null
                    },
                    {
                        "id": "grid.440754.6",
                        "name": "Bogor Agricultural University",
                        "city": "Bogor",
                        "city_id": 1648473,
                        "country": "Indonesia",
                        "country_code": "ID",
                        "state": null,
                        "state_code": null
                    }
                ]
            },
            {
                "first_name": "Chairin Nisa",
                "last_name": "Ma'roef",
                "initials": "",
                "corresponding": "",
                "orcid": "",
                "current_organization_id": "grid.418754.b",
                "researcher_id": "ur.0637635714.15",
                "affiliations": [
                    {
                        "id": "grid.418754.b",
                        "name": "Eijkman Institute for Molecular Biology",
                        "city": "Jakarta",
                        "city_id": 1642911,
                        "country": "Indonesia",
                        "country_code": "ID",
                        "state": null,
                        "state_code": null
                    }
                ]
            }
        ]
    ],
    "doi": "10.1016/j.apjtb.2017.01.020",
    "times_cited": 4,
    "references": [
        "pub.1002621601",
        "pub.1027430538",
        "pub.1040013245",
        "pub.1000811266",
        "pub.1041286583",
        "pub.1015901439",
        "pub.1029018760",
        "pub.1036661353",
        "pub.1016588992",
        "pub.1077589845",
        "pub.1011298334",
        "pub.1029669336",
        "pub.1075221076",
        "pub.1007275309",
        "pub.1015273762",
        "pub.1077828540",
        "pub.1034108274",
        "pub.1042974680",
        "pub.1043292562",
        "pub.1092964218",
        "pub.1029116380",
        "pub.1053451935",
        "pub.1034438721",
        "pub.1082410482",
        "pub.1050105591",
        "pub.1000513256",
        "pub.1036157985",
        "pub.1018188726",
        "pub.1043197089",
        "pub.1030733630",
        "pub.1039794367",
        "pub.1047457720",
        "pub.1018792124",
        "pub.1064537956",
        "pub.1070926333",
        "pub.1052636148",
        "pub.1032229518",
        "pub.1055505151",
        "pub.1052627171",
        "pub.1042718596",
        "pub.1037673448",
        "pub.1078779832",
        "pub.1019161493",
        "pub.1013378105",
        "pub.1079079940",
        "pub.1034997668",
        "pub.1077240336",
        "pub.1012455838",
        "pub.1027476270",
        "pub.1025969922",
        "pub.1015228552",
        "pub.1037867240",
        "pub.1050811590",
        "pub.1035013949",
        "pub.1006820540",
        "pub.1022352159",
        "pub.1028540317",
        "pub.1003001724",
        "pub.1020528848",
        "pub.1015443089",
        "pub.1002291318",
        "pub.1051007015",
        "pub.1052385012",
        "pub.1044586659",
        "pub.1001625215",
        "pub.1007218218",
        "pub.1071483382"
    ]
}