{
    "pmid": "19794058",
    "author_affiliations": [
        [
            {
                "first_name": "O.",
                "last_name": "Blinkova",
                "initials": "",
                "corresponding": "",
                "orcid": "",
                "current_organization_id": "grid.266102.1",
                "researcher_id": "ur.01275366200.45",
                "affiliations": [
                    {
                        "id": "grid.280902.1",
                        "name": "Blood Systems Research Institute",
                        "city": "San Francisco",
                        "city_id": 5391959,
                        "country": "United States",
                        "country_code": "US",
                        "state": "California",
                        "state_code": "US-CA"
                    },
                    {
                        "id": "grid.266102.1",
                        "name": "University of California, San Francisco",
                        "city": "San Francisco",
                        "city_id": 5391959,
                        "country": "United States",
                        "country_code": "US",
                        "state": "California",
                        "state_code": "US-CA"
                    }
                ]
            },
            {
                "first_name": "K.",
                "last_name": "Rosario",
                "initials": "",
                "corresponding": "",
                "orcid": "",
                "current_organization_id": "grid.170693.a",
                "researcher_id": "ur.01126127261.21",
                "affiliations": [
                    {
                        "id": "grid.170693.a",
                        "name": "University of South Florida",
                        "city": "Tampa",
                        "city_id": 4174757,
                        "country": "United States",
                        "country_code": "US",
                        "state": "Florida",
                        "state_code": "US-FL"
                    }
                ]
            },
            {
                "first_name": "L.",
                "last_name": "Li",
                "initials": "",
                "corresponding": "",
                "orcid": "",
                "current_organization_id": "grid.280902.1",
                "researcher_id": "ur.01313105165.66",
                "affiliations": [
                    {
                        "id": "grid.280902.1",
                        "name": "Blood Systems Research Institute",
                        "city": "San Francisco",
                        "city_id": 5391959,
                        "country": "United States",
                        "country_code": "US",
                        "state": "California",
                        "state_code": "US-CA"
                    },
                    {
                        "id": "grid.266102.1",
                        "name": "University of California, San Francisco",
                        "city": "San Francisco",
                        "city_id": 5391959,
                        "country": "United States",
                        "country_code": "US",
                        "state": "California",
                        "state_code": "US-CA"
                    }
                ]
            },
            {
                "first_name": "A.",
                "last_name": "Kapoor",
                "initials": "",
                "corresponding": "",
                "orcid": "['0000-0002-8117-7347']",
                "current_organization_id": "grid.240344.5",
                "researcher_id": "ur.01115310103.56",
                "affiliations": [
                    {
                        "id": "grid.280902.1",
                        "name": "Blood Systems Research Institute",
                        "city": "San Francisco",
                        "city_id": 5391959,
                        "country": "United States",
                        "country_code": "US",
                        "state": "California",
                        "state_code": "US-CA"
                    },
                    {
                        "id": "grid.266102.1",
                        "name": "University of California, San Francisco",
                        "city": "San Francisco",
                        "city_id": 5391959,
                        "country": "United States",
                        "country_code": "US",
                        "state": "California",
                        "state_code": "US-CA"
                    }
                ]
            },
            {
                "first_name": "B.",
                "last_name": "Slikas",
                "initials": "",
                "corresponding": "",
                "orcid": "",
                "current_organization_id": "grid.144532.5",
                "researcher_id": "ur.01214156557.44",
                "affiliations": [
                    {
                        "id": "grid.280902.1",
                        "name": "Blood Systems Research Institute",
                        "city": "San Francisco",
                        "city_id": 5391959,
                        "country": "United States",
                        "country_code": "US",
                        "state": "California",
                        "state_code": "US-CA"
                    },
                    {
                        "id": "grid.266102.1",
                        "name": "University of California, San Francisco",
                        "city": "San Francisco",
                        "city_id": 5391959,
                        "country": "United States",
                        "country_code": "US",
                        "state": "California",
                        "state_code": "US-CA"
                    }
                ]
            },
            {
                "first_name": "F.",
                "last_name": "Bernardin",
                "initials": "",
                "corresponding": "",
                "orcid": "",
                "current_organization_id": "grid.280902.1",
                "researcher_id": "ur.01144167776.96",
                "affiliations": [
                    {
                        "id": "grid.280902.1",
                        "name": "Blood Systems Research Institute",
                        "city": "San Francisco",
                        "city_id": 5391959,
                        "country": "United States",
                        "country_code": "US",
                        "state": "California",
                        "state_code": "US-CA"
                    },
                    {
                        "id": "grid.266102.1",
                        "name": "University of California, San Francisco",
                        "city": "San Francisco",
                        "city_id": 5391959,
                        "country": "United States",
                        "country_code": "US",
                        "state": "California",
                        "state_code": "US-CA"
                    }
                ]
            },
            {
                "first_name": "M.",
                "last_name": "Breitbart",
                "initials": "",
                "corresponding": "",
                "orcid": "['0000-0003-3210-2899']",
                "current_organization_id": "grid.170693.a",
                "researcher_id": "ur.01021303536.04",
                "affiliations": [
                    {
                        "id": "grid.170693.a",
                        "name": "University of South Florida",
                        "city": "Tampa",
                        "city_id": 4174757,
                        "country": "United States",
                        "country_code": "US",
                        "state": "Florida",
                        "state_code": "US-FL"
                    }
                ]
            },
            {
                "first_name": "E.",
                "last_name": "Delwart",
                "initials": "",
                "corresponding": "",
                "orcid": "['0000-0002-6296-4484']",
                "current_organization_id": "grid.266102.1",
                "researcher_id": "ur.01303513003.29",
                "affiliations": [
                    {
                        "id": "grid.280902.1",
                        "name": "Blood Systems Research Institute",
                        "city": "San Francisco",
                        "city_id": 5391959,
                        "country": "United States",
                        "country_code": "US",
                        "state": "California",
                        "state_code": "US-CA"
                    },
                    {
                        "id": "grid.266102.1",
                        "name": "University of California, San Francisco",
                        "city": "San Francisco",
                        "city_id": 5391959,
                        "country": "United States",
                        "country_code": "US",
                        "state": "California",
                        "state_code": "US-CA"
                    }
                ]
            }
        ]
    ],
    "altmetric": 3.0,
    "FOR": [
        {
            "id": "2620",
            "name": "0604 Genetics"
        }
    ],
    "research_org_countries": [
        {
            "id": "US",
            "name": "United States"
        }
    ],
    "title": "Frequent Detection of Highly Diverse Variants of Cardiovirus, Cosavirus, Bocavirus, and Circovirus in Sewage Samples Collected in the United States\u25bf",
    "research_org_cities": [
        {
            "id": 4174757,
            "name": "Tampa"
        },
        {
            "id": 5391959,
            "name": "San Francisco"
        }
    ],
    "pages": "3507-3513",
    "issue": "11",
    "research_org_state_names": [
        "Florida",
        "California"
    ],
    "open_access": [
        "Open Access - all",
        "Open Access - publisher",
        "Open Access - published"
    ],
    "doi": "10.1128/jcm.01062-09",
    "times_cited": 99,
    "journal": {
        "id": "jour.1082731",
        "title": "Journal of Clinical Microbiology"
    },
    "research_orgs": [
        {
            "id": "grid.266102.1",
            "name": "University of California, San Francisco",
            "linkout": [
                "https://www.ucsf.edu/"
            ],
            "country_name": "United States",
            "types": [
                "Education"
            ],
            "latitude": 37.7628,
            "acronym": "UCSF",
            "state_name": "California",
            "city_name": "San Francisco",
            "longitude": -122.45767
        },
        {
            "id": "grid.280902.1",
            "name": "Blood Systems Research Institute",
            "linkout": [
                "http://www.bsrisf.org/"
            ],
            "country_name": "United States",
            "types": [
                "Nonprofit"
            ],
            "latitude": 37.77936,
            "acronym": "BSRI",
            "state_name": "California",
            "city_name": "San Francisco",
            "longitude": -122.44694
        },
        {
            "id": "grid.170693.a",
            "name": "University of South Florida",
            "linkout": [
                "http://www.usf.edu/"
            ],
            "country_name": "United States",
            "types": [
                "Education"
            ],
            "latitude": 28.054562,
            "acronym": "USF",
            "state_name": "Florida",
            "city_name": "Tampa",
            "longitude": -82.413055
        }
    ],
    "year": 2009,
    "references": [
        "pub.1023170295",
        "pub.1048038796",
        "pub.1033850489",
        "pub.1049866079",
        "pub.1010830965",
        "pub.1036407959",
        "pub.1034570912",
        "pub.1049945569",
        "pub.1021404016",
        "pub.1029671542",
        "pub.1040538576",
        "pub.1007751713",
        "pub.1005425049",
        "pub.1013887097",
        "pub.1024686390",
        "pub.1013278092",
        "pub.1026660335",
        "pub.1006054451",
        "pub.1036218186",
        "pub.1032298545",
        "pub.1012338635",
        "pub.1083389440",
        "pub.1029830630",
        "pub.1051921563",
        "pub.1001657352",
        "pub.1076880804",
        "pub.1059414135",
        "pub.1083086527",
        "pub.1044250279",
        "pub.1036261546",
        "pub.1024863654",
        "pub.1048942297",
        "pub.1008432267",
        "pub.1082226205",
        "pub.1077263279",
        "pub.1036774391",
        "pub.1076954726",
        "pub.1038027291",
        "pub.1026482426",
        "pub.1077722369",
        "pub.1034397579",
        "pub.1011152016",
        "pub.1041550122",
        "pub.1049225761",
        "pub.1037251134",
        "pub.1074684439",
        "pub.1074457741",
        "pub.1038523009",
        "pub.1016899978",
        "pub.1051032508",
        "pub.1039905724",
        "pub.1026625359",
        "pub.1044301923",
        "pub.1060398348",
        "pub.1039726648",
        "pub.1045016293",
        "pub.1023971010",
        "pub.1018612791",
        "pub.1021949597",
        "pub.1029383564"
    ],
    "id": "pub.1024196274",
    "research_org_country_names": [
        "United States"
    ],
    "date": "2009-11-01",
    "research_org_state_codes": [
        {
            "id": "US-FL",
            "name": "Florida"
        },
        {
            "id": "US-CA",
            "name": "California"
        }
    ],
    "researchers": [
        {
            "id": "ur.01275366200.45",
            "research_orgs": [
                "grid.280902.1",
                "grid.266102.1"
            ],
            "last_name": "Blinkova",
            "first_name": "Olga"
        },
        {
            "id": "ur.01126127261.21",
            "research_orgs": [
                "grid.170693.a",
                "grid.134563.6",
                "grid.447547.1"
            ],
            "last_name": "Rosario",
            "first_name": "Karyna"
        },
        {
            "id": "ur.01313105165.66",
            "research_orgs": [
                "grid.170693.a",
                "grid.236815.b",
                "grid.497035.c",
                "grid.457054.7",
                "grid.168010.e",
                "grid.27860.3b",
                "grid.448376.a",
                "grid.416754.5",
                "grid.280902.1",
                "grid.266102.1"
            ],
            "last_name": "Li",
            "first_name": "Linlin"
        },
        {
            "id": "ur.01115310103.56",
            "research_orgs": [
                "grid.411628.8",
                "grid.239546.f",
                "grid.4305.2",
                "grid.5386.8",
                "grid.36567.31",
                "grid.240344.5",
                "grid.413734.6",
                "grid.4991.5",
                "grid.40803.3f",
                "grid.134907.8",
                "grid.415696.9",
                "grid.470909.3",
                "grid.5254.6",
                "grid.261331.4",
                "grid.416754.5",
                "grid.29857.31",
                "grid.419633.a",
                "grid.21729.3f",
                "grid.280902.1",
                "grid.281094.6",
                "grid.266102.1"
            ],
            "last_name": "Kapoor",
            "first_name": "Amit",
            "orcid_id": [
                "0000-0002-8117-7347"
            ]
        },
        {
            "id": "ur.01214156557.44",
            "research_orgs": [
                "grid.1214.6",
                "grid.144532.5",
                "grid.47840.3f",
                "grid.4391.f",
                "grid.467700.2",
                "grid.280902.1",
                "grid.266102.1"
            ],
            "last_name": "Slikas",
            "first_name": "Beth"
        },
        {
            "id": "ur.01144167776.96",
            "research_orgs": [
                "grid.418404.d",
                "grid.280902.1",
                "grid.266102.1"
            ],
            "last_name": "Bernardin",
            "first_name": "Flavien J"
        },
        {
            "id": "ur.01021303536.04",
            "research_orgs": [
                "grid.266102.1",
                "grid.280902.1",
                "grid.447547.1",
                "grid.217200.6",
                "grid.15276.37",
                "grid.416491.f",
                "grid.170693.a",
                "grid.410445.0",
                "grid.263081.e",
                "grid.214007.0",
                "grid.448337.f"
            ],
            "last_name": "Breitbart",
            "first_name": "Mya E",
            "orcid_id": [
                "0000-0003-3210-2899"
            ]
        },
        {
            "id": "ur.01303513003.29",
            "research_orgs": [
                "grid.4305.2",
                "grid.4991.5",
                "grid.497035.c",
                "grid.16821.3c",
                "grid.418404.d",
                "grid.418158.1",
                "grid.16697.3f",
                "grid.31151.37",
                "grid.418424.f",
                "grid.411024.2",
                "grid.214007.0",
                "grid.263081.e",
                "grid.411838.7",
                "grid.448337.f",
                "grid.5734.5",
                "grid.6203.7",
                "grid.19006.3e",
                "grid.7737.4",
                "grid.27860.3b",
                "grid.280587.0",
                "grid.411950.8",
                "grid.418485.4",
                "grid.9783.5",
                "grid.266102.1",
                "grid.11899.38",
                "grid.416491.f",
                "grid.416754.5",
                "grid.168010.e",
                "grid.137628.9",
                "grid.448376.a",
                "grid.35155.37",
                "grid.134996.0",
                "grid.213876.9",
                "grid.134907.8",
                "grid.457054.7",
                "grid.170693.a",
                "grid.167436.1",
                "grid.280902.1",
                "grid.411628.8",
                "grid.10604.33",
                "grid.14003.36",
                "grid.240952.8"
            ],
            "last_name": "Delwart",
            "first_name": "Eric L",
            "orcid_id": [
                "0000-0002-6296-4484"
            ]
        }
    ],
    "relative_citation_ratio": 3.82,
    "type": "article",
    "volume": "47",
    "pmcid": "PMC2772610"
}