{
    "pmid": "11398103",
    "author_affiliations": [
        [
            {
                "first_name": "Penelope H.",
                "last_name": "Dennehy",
                "initials": "",
                "corresponding": "",
                "orcid": "['0000-0002-2259-5370']",
                "current_organization_id": "grid.40263.33",
                "researcher_id": "ur.0602416526.88",
                "affiliations": [
                    {
                        "id": "grid.40263.33",
                        "name": "Brown University",
                        "city": "Providence",
                        "city_id": 5224151,
                        "country": "United States",
                        "country_code": "US",
                        "state": "Rhode Island",
                        "state_code": "US-RI"
                    }
                ]
            },
            {
                "first_name": "Sara M.",
                "last_name": "Nelson",
                "initials": "",
                "corresponding": "",
                "orcid": "",
                "current_organization_id": "grid.40263.33",
                "researcher_id": "ur.01231661605.64",
                "affiliations": [
                    {
                        "id": "grid.40263.33",
                        "name": "Brown University",
                        "city": "Providence",
                        "city_id": 5224151,
                        "country": "United States",
                        "country_code": "US",
                        "state": "Rhode Island",
                        "state_code": "US-RI"
                    }
                ]
            },
            {
                "first_name": "Sara",
                "last_name": "Spangenberger",
                "initials": "",
                "corresponding": "",
                "orcid": "",
                "current_organization_id": "grid.40263.33",
                "researcher_id": "ur.01314460404.55",
                "affiliations": [
                    {
                        "id": "grid.40263.33",
                        "name": "Brown University",
                        "city": "Providence",
                        "city_id": 5224151,
                        "country": "United States",
                        "country_code": "US",
                        "state": "Rhode Island",
                        "state_code": "US-RI"
                    }
                ]
            },
            {
                "first_name": "Jacqueline S.",
                "last_name": "Noel",
                "initials": "",
                "corresponding": "",
                "orcid": "",
                "current_organization_id": "grid.419261.9",
                "researcher_id": "ur.01236720602.59",
                "affiliations": [
                    {
                        "id": "grid.419261.9",
                        "name": "National Center for Infectious Diseases",
                        "city": "Atlanta",
                        "city_id": 4180439,
                        "country": "United States",
                        "country_code": "US",
                        "state": "Georgia",
                        "state_code": "US-GA"
                    }
                ]
            },
            {
                "first_name": "Stephan S.",
                "last_name": "Monroe",
                "initials": "",
                "corresponding": "",
                "orcid": "['0000-0002-5424-716X']",
                "current_organization_id": "grid.416738.f",
                "researcher_id": "ur.01316625206.32",
                "affiliations": [
                    {
                        "id": "grid.419261.9",
                        "name": "National Center for Infectious Diseases",
                        "city": "Atlanta",
                        "city_id": 4180439,
                        "country": "United States",
                        "country_code": "US",
                        "state": "Georgia",
                        "state_code": "US-GA"
                    }
                ]
            },
            {
                "first_name": "Roger I.",
                "last_name": "Glass",
                "initials": "",
                "corresponding": "",
                "orcid": "['0000-0001-7968-9530']",
                "current_organization_id": "grid.453035.4",
                "researcher_id": "ur.01151006273.25",
                "affiliations": [
                    {
                        "id": "grid.419261.9",
                        "name": "National Center for Infectious Diseases",
                        "city": "Atlanta",
                        "city_id": 4180439,
                        "country": "United States",
                        "country_code": "US",
                        "state": "Georgia",
                        "state_code": "US-GA"
                    }
                ]
            }
        ]
    ],
    "altmetric": 3.0,
    "FOR": [
        {
            "id": "3114",
            "name": "1108 Medical Microbiology"
        },
        {
            "id": "3053",
            "name": "1103 Clinical Sciences"
        }
    ],
    "research_org_countries": [
        {
            "id": "US",
            "name": "United States"
        }
    ],
    "title": "A Prospective Case-Control Study of the Role of Astrovirus in Acute Diarrhea among Hospitalized Young Children",
    "research_org_cities": [
        {
            "id": 4180439,
            "name": "Atlanta"
        },
        {
            "id": 5224151,
            "name": "Providence"
        }
    ],
    "pages": "10-15",
    "issue": "1",
    "research_org_state_names": [
        "Rhode Island",
        "Georgia"
    ],
    "open_access": [
        "Open Access - all",
        "Open Access - publisher",
        "Open Access - published"
    ],
    "doi": "10.1086/321007",
    "times_cited": 88,
    "journal": {
        "id": "jour.1019235",
        "title": "The Journal of Infectious Diseases"
    },
    "research_orgs": [
        {
            "id": "grid.40263.33",
            "name": "Brown University",
            "linkout": [
                "http://www.brown.edu/"
            ],
            "country_name": "United States",
            "types": [
                "Education"
            ],
            "latitude": 41.8262,
            "state_name": "Rhode Island",
            "city_name": "Providence",
            "longitude": -71.4032
        },
        {
            "id": "grid.419261.9",
            "name": "National Center for Infectious Diseases",
            "linkout": [
                "http://www.cdc.gov/ncidod"
            ],
            "country_name": "United States",
            "types": [
                "Facility"
            ],
            "latitude": 33.79934,
            "acronym": "NCID",
            "state_name": "Georgia",
            "city_name": "Atlanta",
            "longitude": -84.32802
        }
    ],
    "year": 2001,
    "references": [
        "pub.1038491657",
        "pub.1077038834",
        "pub.1014792707",
        "pub.1037167966",
        "pub.1074693613",
        "pub.1027454843",
        "pub.1074598893",
        "pub.1039018881",
        "pub.1053751224",
        "pub.1082508855",
        "pub.1078650556",
        "pub.1053963308",
        "pub.1059705318",
        "pub.1047008742",
        "pub.1047140604",
        "pub.1059705543",
        "pub.1049828918",
        "pub.1076049611",
        "pub.1059702807",
        "pub.1077471390",
        "pub.1082954058",
        "pub.1081672810",
        "pub.1040784378",
        "pub.1060265962",
        "pub.1074507840",
        "pub.1082488828",
        "pub.1083306092",
        "pub.1067834836",
        "pub.1047857788"
    ],
    "id": "pub.1049661662",
    "research_org_country_names": [
        "United States"
    ],
    "date": "2001-07-01",
    "research_org_state_codes": [
        {
            "id": "US-GA",
            "name": "Georgia"
        },
        {
            "id": "US-RI",
            "name": "Rhode Island"
        }
    ],
    "researchers": [
        {
            "id": "ur.0602416526.88",
            "research_orgs": [
                "grid.412807.8",
                "grid.415178.e",
                "grid.481080.5",
                "grid.267313.2",
                "grid.502801.e",
                "grid.414169.f",
                "grid.25879.31",
                "grid.240223.5",
                "grid.453035.4",
                "grid.240588.3",
                "grid.413728.b",
                "grid.40263.33"
            ],
            "last_name": "Dennehy",
            "first_name": "Penelope Hill",
            "orcid_id": [
                "0000-0002-2259-5370"
            ]
        },
        {
            "id": "ur.01231661605.64",
            "research_orgs": [
                "grid.40263.33"
            ],
            "last_name": "Nelson",
            "first_name": "Sara M"
        },
        {
            "id": "ur.01314460404.55",
            "research_orgs": [
                "grid.40263.33"
            ],
            "last_name": "Spangenberger",
            "first_name": "Sara"
        },
        {
            "id": "ur.01236720602.59",
            "research_orgs": [
                "grid.83440.3b",
                "grid.419261.9",
                "grid.189967.8",
                "grid.416738.f"
            ],
            "last_name": "Noel",
            "first_name": "Jacqueline S"
        },
        {
            "id": "ur.01316625206.32",
            "research_orgs": [
                "grid.419261.9",
                "grid.176731.5",
                "grid.17089.37",
                "grid.416738.f",
                "grid.27755.32",
                "grid.239395.7",
                "grid.414165.3"
            ],
            "last_name": "Monroe",
            "first_name": "Stephan S",
            "orcid_id": [
                "0000-0002-5424-716X"
            ]
        },
        {
            "id": "ur.01151006273.25",
            "research_orgs": [
                "grid.419734.c",
                "grid.452133.2",
                "grid.189967.8",
                "grid.411225.1",
                "grid.416738.f",
                "grid.419260.8",
                "grid.94365.3d",
                "grid.475048.a",
                "grid.67033.31",
                "grid.8395.7",
                "grid.48336.3a",
                "grid.419597.7",
                "grid.238491.5",
                "grid.453035.4",
                "grid.416657.7",
                "grid.411732.2",
                "grid.414142.6",
                "grid.414165.3",
                "grid.422961.a",
                "grid.419681.3",
                "grid.3575.4",
                "grid.419261.9",
                "grid.415269.d",
                "grid.19006.3e"
            ],
            "last_name": "Glass",
            "first_name": "Roger I",
            "orcid_id": [
                "0000-0001-7968-9530"
            ]
        }
    ],
    "relative_citation_ratio": 2.13,
    "type": "article",
    "volume": "184"
}