{
    "volume": "92",
    "date": "2013-09-01",
    "title": "Decay of maternal antibodies in broiler chickens",
    "researchers": [
        {
            "id": "ur.01145343156.68",
            "last_name": "Gharaibeh",
            "first_name": "Saad M",
            "orcid_id": [
                "0000-0002-2977-8735"
            ],
            "research_orgs": [
                "grid.37553.37",
                "grid.213876.9"
            ]
        },
        {
            "id": "ur.01207532520.16",
            "last_name": "Mahmoud",
            "first_name": "Kamel Z",
            "orcid_id": [
                "0000-0002-8144-3350"
            ],
            "research_orgs": [
                "grid.37553.37",
                "grid.40803.3f"
            ]
        }
    ],
    "pages": "2333-2336",
    "research_org_cities": [
        {
            "id": 248946,
            "name": "Irbid"
        }
    ],
    "open_access": [
        "Open Access - all",
        "Open Access - publisher",
        "Open Access - published"
    ],
    "research_org_countries": [
        {
            "id": "JO",
            "name": "Jordan"
        }
    ],
    "doi": "10.3382/ps.2013-03249",
    "FOR": [
        {
            "id": "3103",
            "name": "1107 Immunology"
        }
    ],
    "times_cited": 27,
    "research_orgs": [
        {
            "id": "grid.37553.37",
            "acronym": "JUST",
            "state_name": "Irbid",
            "types": [
                "Education"
            ],
            "longitude": 35.989735,
            "linkout": [
                "http://www.just.edu.jo/Pages/Default.aspx"
            ],
            "latitude": 32.494614,
            "name": "Jordan University of Science and Technology",
            "city_name": "Irbid",
            "country_name": "Jordan"
        }
    ],
    "pmid": "23960115",
    "research_org_country_names": [
        "Jordan"
    ],
    "id": "pub.1036292373",
    "issue": "9",
    "journal": {
        "id": "jour.1018283",
        "title": "Poultry Science"
    },
    "year": 2013,
    "references": [
        "pub.1037344469",
        "pub.1051620134",
        "pub.1038741925",
        "pub.1069556714",
        "pub.1079492916",
        "pub.1069556056",
        "pub.1045339477",
        "pub.1071249479",
        "pub.1046011918",
        "pub.1053088637",
        "pub.1074947719",
        "pub.1017486544",
        "pub.1015658317",
        "pub.1069555943",
        "pub.1032965348",
        "pub.1041062481",
        "pub.1021718311"
    ],
    "relative_citation_ratio": 1.43,
    "author_affiliations": [
        [
            {
                "first_name": "Saad",
                "last_name": "Gharaibeh",
                "initials": "",
                "corresponding": "",
                "orcid": "['0000-0002-2977-8735']",
                "current_organization_id": "grid.37553.37",
                "researcher_id": "ur.01145343156.68",
                "affiliations": [
                    {
                        "name": "Faculty of Veterinary Medicine"
                    }
                ]
            },
            {
                "first_name": "Kamel",
                "last_name": "Mahmoud",
                "initials": "",
                "corresponding": "",
                "orcid": "['0000-0002-8144-3350']",
                "current_organization_id": "grid.37553.37",
                "researcher_id": "ur.01207532520.16",
                "affiliations": [
                    {
                        "id": "grid.37553.37",
                        "name": "Jordan University of Science and Technology",
                        "city": "Irbid",
                        "city_id": 248946,
                        "country": "Jordan",
                        "country_code": "JO",
                        "state": null,
                        "state_code": null
                    }
                ]
            }
        ]
    ],
    "type": "article"
}