{
    "volume": "12",
    "date": "2017-07-14",
    "title": "Prevalence of respiratory viruses among adults, by season, age, respiratory tract region and type of medical unit in Paris, France, from 2011 to 2016",
    "researchers": [
        {
            "id": "ur.01316165677.67",
            "last_name": "Visseaux",
            "first_name": "Benoit",
            "orcid_id": [
                "0000-0002-9279-5538"
            ],
            "research_orgs": [
                "grid.411119.d",
                "grid.469994.f",
                "grid.412370.3",
                "grid.414093.b",
                "grid.50550.35",
                "grid.7452.4",
                "grid.7429.8"
            ]
        },
        {
            "id": "ur.01207152344.09",
            "last_name": "Burdet",
            "first_name": "Charles",
            "orcid_id": [
                "0000-0003-4138-0794"
            ],
            "research_orgs": [
                "grid.7429.8",
                "grid.411119.d",
                "grid.50550.35",
                "grid.469994.f",
                "grid.7452.4",
                "grid.413784.d"
            ]
        },
        {
            "id": "ur.0702067731.39",
            "last_name": "Voiriot",
            "first_name": "Guillaume",
            "research_orgs": [
                "grid.413483.9",
                "grid.7452.4",
                "grid.50550.35",
                "grid.411388.7",
                "grid.411119.d",
                "grid.462844.8",
                "grid.457369.a",
                "grid.410511.0",
                "grid.462410.5",
                "grid.185648.6"
            ]
        },
        {
            "id": "ur.0774765255.29",
            "last_name": "Lescure",
            "first_name": "Fran\u00e7ois-Xavier",
            "research_orgs": [
                "grid.154185.c",
                "grid.7429.8",
                "grid.411119.d",
                "grid.11162.35",
                "grid.465261.2",
                "grid.50550.35",
                "grid.462844.8",
                "grid.414244.3",
                "grid.7452.4",
                "grid.413483.9",
                "grid.134996.0"
            ]
        },
        {
            "id": "ur.0754274240.99",
            "last_name": "Brugi\u00e8re",
            "first_name": "Olivier",
            "research_orgs": [
                "grid.413328.f",
                "grid.411119.d",
                "grid.410511.0",
                "grid.469994.f",
                "grid.7452.4",
                "grid.492673.d",
                "grid.50550.35",
                "grid.414106.6",
                "grid.5583.b",
                "grid.411599.1"
            ]
        },
        {
            "id": "ur.0671403157.95",
            "last_name": "Crestani",
            "first_name": "Bruno",
            "research_orgs": [
                "grid.50550.35",
                "grid.411296.9",
                "grid.413780.9",
                "grid.469994.f",
                "grid.5252.0",
                "grid.5216.0",
                "grid.7429.8",
                "grid.413328.f",
                "grid.410511.0",
                "grid.5842.b",
                "grid.7452.4",
                "grid.503307.2",
                "grid.411119.d",
                "grid.414153.6",
                "grid.414028.b",
                "grid.462432.5",
                "grid.10992.33"
            ]
        },
        {
            "id": "ur.01230372735.59",
            "last_name": "Casalino",
            "first_name": "Enrique",
            "research_orgs": [
                "grid.411119.d",
                "grid.410511.0",
                "grid.413784.d",
                "grid.50550.35",
                "grid.7452.4",
                "grid.7429.8",
                "grid.411439.a",
                "grid.413756.2"
            ]
        },
        {
            "id": "ur.01243664040.46",
            "last_name": "Charpentier",
            "first_name": "Charlotte",
            "orcid_id": [
                "0000-0002-6441-7054"
            ],
            "research_orgs": [
                "grid.417615.0",
                "grid.10992.33",
                "grid.413328.f",
                "grid.469994.f",
                "grid.7429.8",
                "grid.411119.d",
                "grid.50125.33",
                "grid.414093.b",
                "grid.7452.4",
                "grid.413961.8",
                "grid.412370.3",
                "grid.462718.e",
                "grid.50550.35"
            ]
        },
        {
            "id": "ur.01201411740.14",
            "last_name": "Descamps",
            "first_name": "Diane",
            "research_orgs": [
                "grid.462098.1",
                "grid.469994.f",
                "grid.7429.8",
                "grid.411119.d",
                "grid.440373.7",
                "grid.7452.4",
                "grid.412370.3",
                "grid.418052.a",
                "grid.457369.a",
                "grid.413133.7",
                "grid.134996.0",
                "grid.462718.e",
                "grid.50550.35"
            ]
        },
        {
            "id": "ur.01215000253.20",
            "last_name": "Timsit",
            "first_name": "Jean-Fran\u00e7ois",
            "orcid_id": [
                "0000-0002-6063-7383"
            ],
            "research_orgs": [
                "grid.265892.2",
                "grid.21925.3d",
                "grid.413784.d",
                "grid.469994.f",
                "grid.139510.f",
                "grid.410529.b",
                "grid.413780.9",
                "grid.7429.8",
                "grid.450307.5",
                "grid.15276.37",
                "grid.418691.3",
                "grid.418110.d",
                "grid.419184.1",
                "grid.414474.6",
                "grid.411149.8",
                "grid.50550.35",
                "grid.462844.8",
                "grid.10988.38",
                "grid.411119.d",
                "grid.414363.7",
                "grid.411147.6",
                "grid.7452.4",
                "grid.413746.3",
                "grid.413328.f",
                "grid.9621.c",
                "grid.11318.3a",
                "grid.19006.3e"
            ]
        },
        {
            "id": "ur.0621464365.60",
            "last_name": "Yazdanpanah",
            "first_name": "Yazdan",
            "research_orgs": [
                "grid.462844.8",
                "grid.411754.2",
                "grid.410527.5",
                "grid.412874.c",
                "grid.413875.c",
                "grid.412041.2",
                "grid.417666.4",
                "grid.410463.4",
                "grid.412304.0",
                "grid.7429.8",
                "grid.411119.d",
                "grid.503422.2",
                "grid.50550.35",
                "grid.4444.0",
                "grid.277151.7",
                "grid.414438.e",
                "grid.413328.f",
                "grid.8348.7",
                "grid.469994.f",
                "grid.7452.4",
                "grid.32224.35",
                "grid.418052.a"
            ]
        },
        {
            "id": "ur.01350174442.37",
            "last_name": "Houhou-Fidouh",
            "first_name": "Nadhira"
        }
    ],
    "pmcid": "PMC5510824",
    "altmetric": 9.0,
    "pages": "e0180888",
    "research_org_cities": [
        {
            "id": 2988507,
            "name": "Paris"
        }
    ],
    "open_access": [
        "Open Access - all",
        "Open Access - publisher",
        "Open Access - published"
    ],
    "research_org_countries": [
        {
            "id": "FR",
            "name": "France"
        }
    ],
    "doi": "10.1371/journal.pone.0180888",
    "FOR": [
        {
            "id": "3053",
            "name": "1103 Clinical Sciences"
        },
        {
            "id": "3114",
            "name": "1108 Medical Microbiology"
        },
        {
            "id": "3177",
            "name": "1117 Public Health and Health Services"
        }
    ],
    "times_cited": 14,
    "pmid": "28708843",
    "research_org_country_names": [
        "France"
    ],
    "id": "pub.1090680246",
    "issue": "7",
    "journal": {
        "id": "jour.1037553",
        "title": "PLoS ONE"
    },
    "year": 2017,
    "references": [
        "pub.1036342386",
        "pub.1051704690",
        "pub.1046371962",
        "pub.1014890787",
        "pub.1062711908",
        "pub.1038048019",
        "pub.1033780372",
        "pub.1019264015",
        "pub.1027209778",
        "pub.1000886584",
        "pub.1020400662",
        "pub.1052522866",
        "pub.1032233738",
        "pub.1045965351",
        "pub.1040605803",
        "pub.1007016737",
        "pub.1012979670",
        "pub.1045036474",
        "pub.1030840132",
        "pub.1028984320",
        "pub.1085135246",
        "pub.1007345508",
        "pub.1044458611",
        "pub.1037901922",
        "pub.1034100152",
        "pub.1028536621",
        "pub.1015791435",
        "pub.1015214375",
        "pub.1084940744",
        "pub.1042699687",
        "pub.1017103423",
        "pub.1044131063",
        "pub.1027606674",
        "pub.1083877429",
        "pub.1038942792",
        "pub.1016792352",
        "pub.1004465627",
        "pub.1014992179",
        "pub.1019949965",
        "pub.1029464553",
        "pub.1001795806",
        "pub.1085213137",
        "pub.1010285216",
        "pub.1029175125",
        "pub.1032447792",
        "pub.1031053265",
        "pub.1037461919"
    ],
    "relative_citation_ratio": 0.93,
    "author_affiliations": [
        [
            {
                "first_name": "Benoit",
                "last_name": "Visseaux",
                "initials": "",
                "corresponding": true,
                "orcid": "['0000-0002-9279-5538']",
                "current_organization_id": "grid.7452.4",
                "researcher_id": "ur.01316165677.67",
                "affiliations": [
                    {
                        "name": "IAME, UMR 1137, INSERM, Universit\u00e9 Paris Diderot, Sorbonne Paris Cit\u00e9, Laboratoire de Virologie, H\u00f4pital Bichat, AP-HP, Paris, France"
                    }
                ]
            },
            {
                "first_name": "Charles",
                "last_name": "Burdet",
                "initials": "",
                "corresponding": "",
                "orcid": "['0000-0003-4138-0794']",
                "current_organization_id": "grid.7452.4",
                "researcher_id": "ur.01207152344.09",
                "affiliations": [
                    {
                        "name": "IAME, UMR 1137, INSERM, Universit\u00e9 Paris Diderot, Sorbonne Paris Cit\u00e9, Services des Maladies Infectieuses et Tropicales, H\u00f4pital Bichat, AP-HP, Paris, France"
                    }
                ]
            },
            {
                "first_name": "Guillaume",
                "last_name": "Voiriot",
                "initials": "",
                "corresponding": "",
                "orcid": "",
                "current_organization_id": "grid.410511.0",
                "researcher_id": "ur.0702067731.39",
                "affiliations": [
                    {
                        "name": "IAME, UMR 1137, INSERM, Universit\u00e9 Paris Diderot, Sorbonne Paris Cit\u00e9, R\u00e9animation M\u00e9dicale et Infectieuses, H\u00f4pital Bichat, AP-HP, Paris, France"
                    }
                ]
            },
            {
                "first_name": "Fran\u00e7ois-Xavier",
                "last_name": "Lescure",
                "initials": "",
                "corresponding": "",
                "orcid": "",
                "current_organization_id": "grid.7452.4",
                "researcher_id": "ur.0774765255.29",
                "affiliations": [
                    {
                        "name": "IAME, UMR 1137, INSERM, Universit\u00e9 Paris Diderot, Sorbonne Paris Cit\u00e9, Services des Maladies Infectieuses et Tropicales, H\u00f4pital Bichat, AP-HP, Paris, France"
                    }
                ]
            },
            {
                "first_name": "Taous",
                "last_name": "Chougar",
                "initials": "",
                "corresponding": "",
                "orcid": "",
                "current_organization_id": "",
                "researcher_id": "",
                "affiliations": [
                    {
                        "name": "IAME, UMR 1137, INSERM, Universit\u00e9 Paris Diderot, Sorbonne Paris Cit\u00e9, Laboratoire de Virologie, H\u00f4pital Bichat, AP-HP, Paris, France"
                    }
                ]
            },
            {
                "first_name": "Olivier",
                "last_name": "Brugi\u00e8re",
                "initials": "",
                "corresponding": "",
                "orcid": "",
                "current_organization_id": "grid.411119.d",
                "researcher_id": "ur.0754274240.99",
                "affiliations": [
                    {
                        "name": "Service de Pneumologie B, H\u00f4pital Bichat, AP-HP, Paris, France"
                    }
                ]
            },
            {
                "first_name": "Bruno",
                "last_name": "Crestani",
                "initials": "",
                "corresponding": "",
                "orcid": "",
                "current_organization_id": "grid.411119.d",
                "researcher_id": "ur.0671403157.95",
                "affiliations": [
                    {
                        "name": "Service de Pneumologie A, H\u00f4pital Bichat, AP-HP, Paris, France"
                    }
                ]
            },
            {
                "first_name": "Enrique",
                "last_name": "Casalino",
                "initials": "",
                "corresponding": "",
                "orcid": "",
                "current_organization_id": "grid.7452.4",
                "researcher_id": "ur.01230372735.59",
                "affiliations": [
                    {
                        "name": "Service d\u2019Accueil des Urgences, H\u00f4pital Bichat, AP-HP, Paris, France"
                    }
                ]
            },
            {
                "first_name": "Charlotte",
                "last_name": "Charpentier",
                "initials": "",
                "corresponding": "",
                "orcid": "['0000-0002-6441-7054']",
                "current_organization_id": "grid.7452.4",
                "researcher_id": "ur.01243664040.46",
                "affiliations": [
                    {
                        "name": "IAME, UMR 1137, INSERM, Universit\u00e9 Paris Diderot, Sorbonne Paris Cit\u00e9, Laboratoire de Virologie, H\u00f4pital Bichat, AP-HP, Paris, France"
                    }
                ]
            },
            {
                "first_name": "Diane",
                "last_name": "Descamps",
                "initials": "",
                "corresponding": "",
                "orcid": "",
                "current_organization_id": "grid.7452.4",
                "researcher_id": "ur.01201411740.14",
                "affiliations": [
                    {
                        "name": "IAME, UMR 1137, INSERM, Universit\u00e9 Paris Diderot, Sorbonne Paris Cit\u00e9, Laboratoire de Virologie, H\u00f4pital Bichat, AP-HP, Paris, France"
                    }
                ]
            },
            {
                "first_name": "Jean-Fran\u00e7ois",
                "last_name": "Timsit",
                "initials": "",
                "corresponding": "",
                "orcid": "['0000-0002-6063-7383']",
                "current_organization_id": "grid.7452.4",
                "researcher_id": "ur.01215000253.20",
                "affiliations": [
                    {
                        "name": "IAME, UMR 1137, INSERM, Universit\u00e9 Paris Diderot, Sorbonne Paris Cit\u00e9, R\u00e9animation M\u00e9dicale et Infectieuses, H\u00f4pital Bichat, AP-HP, Paris, France"
                    }
                ]
            },
            {
                "first_name": "Yazdan",
                "last_name": "Yazdanpanah",
                "initials": "",
                "corresponding": "",
                "orcid": "",
                "current_organization_id": "grid.411119.d",
                "researcher_id": "ur.0621464365.60",
                "affiliations": [
                    {
                        "name": "IAME, UMR 1137, INSERM, Universit\u00e9 Paris Diderot, Sorbonne Paris Cit\u00e9, Services des Maladies Infectieuses et Tropicales, H\u00f4pital Bichat, AP-HP, Paris, France"
                    }
                ]
            },
            {
                "first_name": "Nadhira",
                "last_name": "Houhou-Fidouh",
                "initials": "",
                "corresponding": "",
                "orcid": "",
                "current_organization_id": "",
                "researcher_id": "ur.01350174442.37",
                "affiliations": [
                    {
                        "name": "IAME, UMR 1137, INSERM, Universit\u00e9 Paris Diderot, Sorbonne Paris Cit\u00e9, Laboratoire de Virologie, H\u00f4pital Bichat, AP-HP, Paris, France"
                    }
                ]
            }
        ]
    ],
    "type": "article"
}