{
    "research_orgs": [
        {
            "id": "grid.418068.3",
            "linkout": [
                "http://portal.fiocruz.br/en/content/home-ingl%C3%AAs"
            ],
            "city_name": "Rio de Janeiro",
            "longitude": -43.245438,
            "acronym": "FIOCRUZ",
            "latitude": -22.874882,
            "name": "Oswaldo Cruz Foundation",
            "types": [
                "Facility"
            ],
            "country_name": "Brazil"
        }
    ],
    "research_org_country_names": [
        "Brazil"
    ],
    "pmid": "21917289",
    "funders": [
        {
            "id": "grid.450640.3",
            "linkout": [
                "http://www.cnpq.br/"
            ],
            "city_name": "Bras\u00edlia",
            "longitude": -47.947884,
            "acronym": "CNPq",
            "latitude": -15.821201,
            "name": "National Council for Scientific and Technological Development",
            "types": [
                "Government"
            ],
            "country_name": "Brazil"
        },
        {
            "id": "grid.418068.3",
            "linkout": [
                "http://portal.fiocruz.br/en/content/home-ingl%C3%AAs"
            ],
            "city_name": "Rio de Janeiro",
            "longitude": -43.245438,
            "acronym": "FIOCRUZ",
            "latitude": -22.874882,
            "name": "Oswaldo Cruz Foundation",
            "types": [
                "Facility"
            ],
            "country_name": "Brazil"
        }
    ],
    "title": "One year environmental surveillance of rotavirus specie A (RVA) genotypes in circulation after the introduction of the Rotarix\u00ae vaccine in Rio de Janeiro, Brazil",
    "type": "article",
    "year": 2011,
    "journal": {
        "id": "jour.1007697",
        "title": "Water Research"
    },
    "researchers": [
        {
            "id": "ur.0727431665.36",
            "research_orgs": [
                "grid.418068.3",
                "grid.419134.a",
                "grid.1005.4"
            ],
            "first_name": "Tulio Machado",
            "last_name": "Fumian",
            "orcid_id": [
                "0000-0001-9654-0172"
            ]
        },
        {
            "id": "ur.015637661242.15",
            "research_orgs": [
                "grid.418068.3",
                "grid.412211.5",
                "grid.134996.0",
                "grid.411173.1",
                "grid.419261.9",
                "grid.411400.0"
            ],
            "first_name": "Jos\u00e9 Paulo Gagliardi",
            "last_name": "Leite",
            "orcid_id": [
                "0000-0003-0558-3519"
            ]
        },
        {
            "id": "ur.0615712467.59",
            "research_orgs": [
                "grid.418068.3"
            ],
            "first_name": "Tatiana Lundgreen",
            "last_name": "Rose"
        },
        {
            "id": "ur.01264342363.83",
            "research_orgs": [
                "grid.418068.3"
            ],
            "first_name": "Tatiana",
            "last_name": "Prado"
        },
        {
            "id": "ur.0752476020.50",
            "research_orgs": [
                "grid.419166.d",
                "grid.418068.3"
            ],
            "first_name": "Marize Pereira",
            "last_name": "Miagostovich"
        }
    ],
    "FOR": [
        {
            "id": "3114",
            "name": "1108 Medical Microbiology"
        }
    ],
    "research_org_countries": [
        {
            "id": "BR",
            "name": "Brazil"
        }
    ],
    "date": "2011-11-01",
    "pages": "5755-5763",
    "id": "pub.1001066253",
    "volume": "45",
    "issue": "17",
    "research_org_cities": [
        {
            "id": 3451190,
            "name": "Rio de Janeiro"
        }
    ],
    "author_affiliations": [
        [
            {
                "first_name": "Tulio Machado",
                "last_name": "Fumian",
                "initials": "",
                "corresponding": true,
                "orcid": "['0000-0001-9654-0172']",
                "current_organization_id": "grid.418068.3",
                "researcher_id": "ur.0727431665.36",
                "affiliations": [
                    {
                        "id": "grid.418068.3",
                        "name": "Oswaldo Cruz Foundation",
                        "city": "Rio de Janeiro",
                        "city_id": 3451190,
                        "country": "Brazil",
                        "country_code": "BR",
                        "state": null,
                        "state_code": null
                    }
                ]
            },
            {
                "first_name": "Jos\u00e9 Paulo Gagliardi",
                "last_name": "Leite",
                "initials": "",
                "corresponding": "",
                "orcid": "['0000-0003-0558-3519']",
                "current_organization_id": "grid.418068.3",
                "researcher_id": "ur.015637661242.15",
                "affiliations": [
                    {
                        "id": "grid.418068.3",
                        "name": "Oswaldo Cruz Foundation",
                        "city": "Rio de Janeiro",
                        "city_id": 3451190,
                        "country": "Brazil",
                        "country_code": "BR",
                        "state": null,
                        "state_code": null
                    }
                ]
            },
            {
                "first_name": "Tatiana Lundgreen",
                "last_name": "Rose",
                "initials": "",
                "corresponding": "",
                "orcid": "",
                "current_organization_id": "grid.418068.3",
                "researcher_id": "ur.0615712467.59",
                "affiliations": [
                    {
                        "id": "grid.418068.3",
                        "name": "Oswaldo Cruz Foundation",
                        "city": "Rio de Janeiro",
                        "city_id": 3451190,
                        "country": "Brazil",
                        "country_code": "BR",
                        "state": null,
                        "state_code": null
                    }
                ]
            },
            {
                "first_name": "Tatiana",
                "last_name": "Prado",
                "initials": "",
                "corresponding": "",
                "orcid": "",
                "current_organization_id": "grid.418068.3",
                "researcher_id": "ur.01264342363.83",
                "affiliations": [
                    {
                        "id": "grid.418068.3",
                        "name": "Oswaldo Cruz Foundation",
                        "city": "Rio de Janeiro",
                        "city_id": 3451190,
                        "country": "Brazil",
                        "country_code": "BR",
                        "state": null,
                        "state_code": null
                    }
                ]
            },
            {
                "first_name": "Marize Pereira",
                "last_name": "Miagostovich",
                "initials": "",
                "corresponding": "",
                "orcid": "",
                "current_organization_id": "grid.418068.3",
                "researcher_id": "ur.0752476020.50",
                "affiliations": [
                    {
                        "id": "grid.418068.3",
                        "name": "Oswaldo Cruz Foundation",
                        "city": "Rio de Janeiro",
                        "city_id": 3451190,
                        "country": "Brazil",
                        "country_code": "BR",
                        "state": null,
                        "state_code": null
                    }
                ]
            }
        ]
    ],
    "doi": "10.1016/j.watres.2011.08.039",
    "times_cited": 45,
    "references": [
        "pub.1041589730",
        "pub.1075545097",
        "pub.1012150415",
        "pub.1077257557",
        "pub.1003857233",
        "pub.1044997980",
        "pub.1014037231",
        "pub.1030935135",
        "pub.1036745989",
        "pub.1038413799",
        "pub.1008575684",
        "pub.1042993148",
        "pub.1023802494",
        "pub.1082569903",
        "pub.1032401145",
        "pub.1082627609",
        "pub.1046032319",
        "pub.1069143394",
        "pub.1083368408",
        "pub.1051386664",
        "pub.1033703493",
        "pub.1013779100",
        "pub.1027304502",
        "pub.1069141765",
        "pub.1002721171",
        "pub.1069136846",
        "pub.1034850508",
        "pub.1078220818",
        "pub.1041954291",
        "pub.1005932096",
        "pub.1037055572",
        "pub.1054073405",
        "pub.1001684032",
        "pub.1077284558",
        "pub.1024863654",
        "pub.1003705370",
        "pub.1015230644",
        "pub.1003913283",
        "pub.1050850300",
        "pub.1059471567",
        "pub.1082420297",
        "pub.1038299714",
        "pub.1041684157",
        "pub.1009354082",
        "pub.1001758106",
        "pub.1068108539",
        "pub.1013757850",
        "pub.1039129536",
        "pub.1023332088",
        "pub.1072304575",
        "pub.1030017143",
        "pub.1083339757",
        "pub.1035519813",
        "pub.1026178355",
        "pub.1053794932"
    ],
    "relative_citation_ratio": 2.21
}