{
    "research_orgs": [
        {
            "id": "grid.266623.5",
            "linkout": [
                "http://louisville.edu/"
            ],
            "city_name": "Louisville",
            "longitude": -85.75928,
            "state_name": "Kentucky",
            "latitude": 38.212345,
            "name": "University of Louisville",
            "types": [
                "Education"
            ],
            "country_name": "United States"
        },
        {
            "id": "grid.5522.0",
            "linkout": [
                "http://www.uj.edu.pl/en_GB/"
            ],
            "city_name": "Krakow",
            "longitude": 19.932777,
            "latitude": 50.060833,
            "name": "Jagiellonian University",
            "types": [
                "Education"
            ],
            "country_name": "Poland"
        },
        {
            "id": "grid.416738.f",
            "linkout": [
                "http://www.cdc.gov/"
            ],
            "city_name": "Atlanta",
            "longitude": -84.3256,
            "acronym": "CDC",
            "state_name": "Georgia",
            "latitude": 33.798817,
            "name": "Centers for Disease Control and Prevention",
            "types": [
                "Government"
            ],
            "country_name": "United States"
        }
    ],
    "research_org_country_names": [
        "Poland",
        "United States"
    ],
    "pmid": "24771854",
    "funders": [
        {
            "id": "grid.419633.a",
            "linkout": [
                "http://www.nidcr.nih.gov/"
            ],
            "city_name": "Bethesda",
            "longitude": -77.09506,
            "acronym": "NIDCR",
            "state_name": "Maryland",
            "latitude": 38.984863,
            "name": "National Institute of Dental and Craniofacial Research",
            "types": [
                "Facility"
            ],
            "country_name": "United States"
        }
    ],
    "title": "Citrullination Alters Immunomodulatory Function of LL-37 Essential for Prevention of Endotoxin-Induced Sepsis",
    "type": "article",
    "year": 2014,
    "journal": {
        "id": "jour.1077134",
        "title": "The Journal of Immunology"
    },
    "researchers": [
        {
            "id": "ur.0764175542.10",
            "research_orgs": [
                "grid.5522.0"
            ],
            "first_name": "Joanna",
            "last_name": "Koziel"
        },
        {
            "id": "ur.01367123366.36",
            "research_orgs": [
                "grid.5522.0"
            ],
            "first_name": "Danuta",
            "last_name": "Bryzek",
            "orcid_id": [
                "0000-0003-3221-9632"
            ]
        },
        {
            "id": "ur.0652522330.56",
            "research_orgs": [
                "grid.475010.7",
                "grid.5522.0"
            ],
            "first_name": "Aneta",
            "last_name": "Sroka",
            "orcid_id": [
                "0000-0002-3386-5364"
            ]
        },
        {
            "id": "ur.01242036654.97",
            "research_orgs": [
                "grid.5522.0"
            ],
            "first_name": "Katarzyna J",
            "last_name": "Maresz"
        },
        {
            "id": "ur.0712135726.58",
            "research_orgs": [
                "grid.5522.0"
            ],
            "first_name": "Izabela",
            "last_name": "Glowczyk"
        },
        {
            "id": "ur.01000606131.09",
            "research_orgs": [
                "grid.4514.4",
                "grid.5522.0"
            ],
            "first_name": "Ewa",
            "last_name": "Bielecka",
            "orcid_id": [
                "0000-0002-2631-6711"
            ]
        },
        {
            "id": "ur.01263235517.40",
            "research_orgs": [
                "grid.7914.b",
                "grid.5522.0",
                "grid.412468.d"
            ],
            "first_name": "Tomasz",
            "last_name": "Kantyka",
            "orcid_id": [
                "0000-0003-3023-2382"
            ]
        },
        {
            "id": "ur.01320577305.11",
            "research_orgs": [
                "grid.5650.6",
                "grid.7177.6",
                "grid.5522.0"
            ],
            "first_name": "Krzysztof",
            "last_name": "Pyrc",
            "orcid_id": [
                "0000-0002-3867-7688"
            ]
        },
        {
            "id": "ur.01260766116.32",
            "research_orgs": [
                "grid.170430.1",
                "grid.189967.8",
                "grid.4514.4",
                "grid.416738.f",
                "grid.470962.e"
            ],
            "first_name": "Pavel",
            "last_name": "Svoboda"
        },
        {
            "id": "ur.0734166064.85",
            "research_orgs": [
                "grid.170430.1",
                "grid.467923.d",
                "grid.15276.37",
                "grid.470962.e",
                "grid.189967.8",
                "grid.4514.4",
                "grid.416738.f",
                "grid.418892.e"
            ],
            "first_name": "Jan",
            "last_name": "Pohl"
        },
        {
            "id": "ur.01267076617.84",
            "research_orgs": [
                "grid.1002.3",
                "grid.5335.0",
                "grid.5522.0",
                "grid.266623.5",
                "grid.418615.f",
                "grid.69566.3a",
                "grid.274841.c",
                "grid.213876.9",
                "grid.4714.6"
            ],
            "first_name": "Jan S",
            "last_name": "Potempa",
            "orcid_id": [
                "0000-0002-3600-7461"
            ]
        }
    ],
    "FOR": [
        {
            "id": "3103",
            "name": "1107 Immunology"
        }
    ],
    "research_org_countries": [
        {
            "id": "PL",
            "name": "Poland"
        },
        {
            "id": "US",
            "name": "United States"
        }
    ],
    "date": "2014-06-01",
    "pages": "5363-5372",
    "research_org_state_names": [
        "Georgia",
        "Kentucky"
    ],
    "id": "pub.1015683878",
    "research_org_state_codes": [
        {
            "id": "US-GA",
            "name": "Georgia"
        },
        {
            "id": "US-KY",
            "name": "Kentucky"
        }
    ],
    "volume": "192",
    "issue": "11",
    "research_org_cities": [
        {
            "id": 3094802,
            "name": "Krak\u00f3w"
        },
        {
            "id": 4299276,
            "name": "Louisville"
        },
        {
            "id": 4180439,
            "name": "Atlanta"
        }
    ],
    "open_access": [
        "Open Access - all",
        "Open Access - publisher",
        "Open Access - published"
    ],
    "author_affiliations": [
        [
            {
                "first_name": "Joanna",
                "last_name": "Koziel",
                "initials": "",
                "corresponding": "",
                "orcid": "",
                "current_organization_id": "grid.5522.0",
                "researcher_id": "ur.0764175542.10",
                "affiliations": [
                    {
                        "id": "grid.5522.0",
                        "name": "Jagiellonian University",
                        "city": "Krakow",
                        "city_id": 3094802,
                        "country": "Poland",
                        "country_code": "PL",
                        "state": null,
                        "state_code": null
                    }
                ]
            },
            {
                "first_name": "Danuta",
                "last_name": "Bryzek",
                "initials": "",
                "corresponding": "",
                "orcid": "['0000-0003-3221-9632']",
                "current_organization_id": "grid.5522.0",
                "researcher_id": "ur.01367123366.36",
                "affiliations": [
                    {
                        "id": "grid.5522.0",
                        "name": "Jagiellonian University",
                        "city": "Krakow",
                        "city_id": 3094802,
                        "country": "Poland",
                        "country_code": "PL",
                        "state": null,
                        "state_code": null
                    }
                ]
            },
            {
                "first_name": "Aneta",
                "last_name": "Sroka",
                "initials": "",
                "corresponding": "",
                "orcid": "['0000-0002-3386-5364']",
                "current_organization_id": "grid.5522.0",
                "researcher_id": "ur.0652522330.56",
                "affiliations": [
                    {
                        "id": "grid.5522.0",
                        "name": "Jagiellonian University",
                        "city": "Krakow",
                        "city_id": 3094802,
                        "country": "Poland",
                        "country_code": "PL",
                        "state": null,
                        "state_code": null
                    }
                ]
            },
            {
                "first_name": "Katarzyna",
                "last_name": "Maresz",
                "initials": "",
                "corresponding": "",
                "orcid": "",
                "current_organization_id": "grid.5522.0",
                "researcher_id": "ur.01242036654.97",
                "affiliations": [
                    {
                        "id": "grid.5522.0",
                        "name": "Jagiellonian University",
                        "city": "Krakow",
                        "city_id": 3094802,
                        "country": "Poland",
                        "country_code": "PL",
                        "state": null,
                        "state_code": null
                    }
                ]
            },
            {
                "first_name": "Izabela",
                "last_name": "Glowczyk",
                "initials": "",
                "corresponding": "",
                "orcid": "",
                "current_organization_id": "grid.5522.0",
                "researcher_id": "ur.0712135726.58",
                "affiliations": [
                    {
                        "id": "grid.5522.0",
                        "name": "Jagiellonian University",
                        "city": "Krakow",
                        "city_id": 3094802,
                        "country": "Poland",
                        "country_code": "PL",
                        "state": null,
                        "state_code": null
                    }
                ]
            },
            {
                "first_name": "Ewa",
                "last_name": "Bielecka",
                "initials": "",
                "corresponding": "",
                "orcid": "['0000-0002-2631-6711']",
                "current_organization_id": "grid.5522.0",
                "researcher_id": "ur.01000606131.09",
                "affiliations": [
                    {
                        "id": "grid.5522.0",
                        "name": "Jagiellonian University",
                        "city": "Krakow",
                        "city_id": 3094802,
                        "country": "Poland",
                        "country_code": "PL",
                        "state": null,
                        "state_code": null
                    }
                ]
            },
            {
                "first_name": "Tomasz",
                "last_name": "Kantyka",
                "initials": "",
                "corresponding": "",
                "orcid": "['0000-0003-3023-2382']",
                "current_organization_id": "grid.5522.0",
                "researcher_id": "ur.01263235517.40",
                "affiliations": [
                    {
                        "id": "grid.5522.0",
                        "name": "Jagiellonian University",
                        "city": "Krakow",
                        "city_id": 3094802,
                        "country": "Poland",
                        "country_code": "PL",
                        "state": null,
                        "state_code": null
                    }
                ]
            },
            {
                "first_name": "Krzysztof",
                "last_name": "Pyr\u0107",
                "initials": "",
                "corresponding": "",
                "orcid": "['0000-0002-3867-7688']",
                "current_organization_id": "grid.5522.0",
                "researcher_id": "ur.01320577305.11",
                "affiliations": [
                    {
                        "id": "grid.5522.0",
                        "name": "Jagiellonian University",
                        "city": "Krakow",
                        "city_id": 3094802,
                        "country": "Poland",
                        "country_code": "PL",
                        "state": null,
                        "state_code": null
                    }
                ]
            },
            {
                "first_name": "Pavel",
                "last_name": "Svoboda",
                "initials": "",
                "corresponding": "",
                "orcid": "",
                "current_organization_id": "grid.416738.f",
                "researcher_id": "ur.01260766116.32",
                "affiliations": [
                    {
                        "id": "grid.416738.f",
                        "name": "Centers for Disease Control and Prevention",
                        "city": "Atlanta",
                        "city_id": 4180439,
                        "country": "United States",
                        "country_code": "US",
                        "state": "Georgia",
                        "state_code": "US-GA"
                    }
                ]
            },
            {
                "first_name": "Jan",
                "last_name": "Pohl",
                "initials": "",
                "corresponding": "",
                "orcid": "",
                "current_organization_id": "grid.416738.f",
                "researcher_id": "ur.0734166064.85",
                "affiliations": [
                    {
                        "id": "grid.416738.f",
                        "name": "Centers for Disease Control and Prevention",
                        "city": "Atlanta",
                        "city_id": 4180439,
                        "country": "United States",
                        "country_code": "US",
                        "state": "Georgia",
                        "state_code": "US-GA"
                    }
                ]
            },
            {
                "first_name": "Jan",
                "last_name": "Potempa",
                "initials": "",
                "corresponding": "",
                "orcid": "['0000-0002-3600-7461']",
                "current_organization_id": "grid.5522.0",
                "researcher_id": "ur.01267076617.84",
                "affiliations": [
                    {
                        "id": "grid.5522.0",
                        "name": "Jagiellonian University",
                        "city": "Krakow",
                        "city_id": 3094802,
                        "country": "Poland",
                        "country_code": "PL",
                        "state": null,
                        "state_code": null
                    },
                    {
                        "id": "grid.266623.5",
                        "name": "University of Louisville",
                        "city": "Louisville",
                        "city_id": 4299276,
                        "country": "United States",
                        "country_code": "US",
                        "state": "Kentucky",
                        "state_code": "US-KY"
                    }
                ]
            }
        ]
    ],
    "pmcid": "PMC4036085",
    "doi": "10.4049/jimmunol.1303062",
    "times_cited": 31,
    "references": [
        "pub.1083157857",
        "pub.1055209861",
        "pub.1030417873",
        "pub.1009064931",
        "pub.1022071316",
        "pub.1031050620",
        "pub.1024204040",
        "pub.1020146583",
        "pub.1056714089",
        "pub.1050404374",
        "pub.1002138306",
        "pub.1009853441",
        "pub.1045636359",
        "pub.1045733464",
        "pub.1021719873",
        "pub.1037039944",
        "pub.1008292524",
        "pub.1025055382",
        "pub.1045989683",
        "pub.1039540181",
        "pub.1002709203",
        "pub.1000002824",
        "pub.1025801191",
        "pub.1046131786",
        "pub.1041535595",
        "pub.1039723080",
        "pub.1014336840",
        "pub.1002690787",
        "pub.1028645127",
        "pub.1030085643",
        "pub.1049461462",
        "pub.1012808292",
        "pub.1039606879",
        "pub.1009706282",
        "pub.1044386124",
        "pub.1021160739",
        "pub.1040621626",
        "pub.1052789478",
        "pub.1028028095",
        "pub.1015338994",
        "pub.1048594447",
        "pub.1045027031"
    ],
    "relative_citation_ratio": 1.76
}