{
    "volume": "16",
    "date": "2011-02-01",
    "title": "Persistence of rhinovirus RNA and IP\u201010 gene expression after acute asthma",
    "researchers": [
        {
            "id": "ur.0634471167.67",
            "last_name": "Wood",
            "first_name": "Lisa Gai",
            "orcid_id": [
                "0000-0002-0941-9225"
            ],
            "research_orgs": [
                "grid.413648.c",
                "grid.414724.0",
                "grid.266842.c"
            ]
        },
        {
            "id": "ur.01333714606.18",
            "last_name": "Powell",
            "first_name": "Heather",
            "research_orgs": [
                "grid.422050.1",
                "grid.413648.c",
                "grid.3006.5",
                "grid.412703.3",
                "grid.414724.0",
                "grid.266842.c",
                "grid.1005.4"
            ]
        },
        {
            "id": "ur.0602007166.26",
            "last_name": "Grissell",
            "first_name": "Terry V",
            "research_orgs": [
                "grid.414724.0",
                "grid.266842.c"
            ]
        },
        {
            "id": "ur.0742160716.40",
            "last_name": "Davies",
            "first_name": "Bronwyn",
            "research_orgs": [
                "grid.414724.0"
            ]
        },
        {
            "id": "ur.0750717567.49",
            "last_name": "Shafren",
            "first_name": "Darren R",
            "research_orgs": [
                "grid.414724.0",
                "grid.266842.c"
            ]
        },
        {
            "id": "ur.01046766701.35",
            "last_name": "Whitehead",
            "first_name": "Bruce F",
            "research_orgs": [
                "grid.414724.0",
                "grid.266842.c",
                "grid.422050.1"
            ]
        },
        {
            "id": "ur.01107100706.42",
            "last_name": "Hensley",
            "first_name": "Michael John",
            "research_orgs": [
                "grid.414724.0",
                "grid.123047.3",
                "grid.266842.c",
                "grid.413648.c"
            ]
        },
        {
            "id": "ur.015635764222.60",
            "last_name": "Gibson",
            "first_name": "Peter Gerard",
            "orcid_id": [
                "0000-0001-5865-489X"
            ],
            "research_orgs": [
                "grid.25073.33",
                "grid.64924.3d",
                "grid.271089.5",
                "grid.422050.1",
                "grid.9707.9",
                "grid.412703.3",
                "grid.3006.5",
                "grid.1003.2",
                "grid.437825.f",
                "grid.1013.3",
                "grid.413648.c",
                "grid.416107.5",
                "grid.416721.7",
                "grid.431143.0",
                "grid.417229.b",
                "grid.1005.4",
                "grid.414724.0",
                "grid.1006.7",
                "grid.17091.3e",
                "grid.123047.3",
                "grid.258799.8",
                "grid.266842.c"
            ]
        }
    ],
    "research_org_state_codes": [
        {
            "id": "AU-NSW",
            "name": "New South Wales"
        }
    ],
    "pages": "291-299",
    "research_org_cities": [
        {
            "id": 2155472,
            "name": "Newcastle"
        },
        {
            "id": 2641673,
            "name": "Newcastle upon Tyne"
        }
    ],
    "research_org_countries": [
        {
            "id": "AU",
            "name": "Australia"
        },
        {
            "id": "GB",
            "name": "United Kingdom"
        }
    ],
    "doi": "10.1111/j.1440-1843.2010.01897.x",
    "FOR": [
        {
            "id": "3114",
            "name": "1108 Medical Microbiology"
        },
        {
            "id": "3048",
            "name": "1102 Cardiorespiratory Medicine and Haematology"
        }
    ],
    "times_cited": 15,
    "research_orgs": [
        {
            "id": "grid.414724.0",
            "acronym": "JHH",
            "state_name": "New South Wales",
            "types": [
                "Healthcare"
            ],
            "longitude": 151.69452,
            "linkout": [
                "http://www.hnehealth.nsw.gov.au/facilities/hospitals/Pages/John-Hunter-Hospital.aspx"
            ],
            "latitude": -32.92821,
            "name": "John Hunter Hospital",
            "city_name": "Newcastle",
            "country_name": "Australia"
        },
        {
            "id": "grid.422050.1",
            "acronym": "JHCH",
            "state_name": "New South Wales",
            "types": [
                "Healthcare"
            ],
            "longitude": 151.69223,
            "linkout": [
                "http://www.hnekidshealth.nsw.gov.au/site/jhch"
            ],
            "latitude": -32.922546,
            "name": "John Hunter Children's Hospital",
            "city_name": "Newcastle",
            "country_name": "Australia"
        }
    ],
    "pmid": "21054674",
    "research_org_country_names": [
        "United Kingdom",
        "Australia"
    ],
    "id": "pub.1015029961",
    "issue": "2",
    "journal": {
        "id": "jour.1116251",
        "title": "Respirology"
    },
    "year": 2011,
    "references": [
        "pub.1036268522",
        "pub.1037086706",
        "pub.1071363082",
        "pub.1046008072",
        "pub.1037629065",
        "pub.1036111466",
        "pub.1050451730",
        "pub.1041043573",
        "pub.1032530208",
        "pub.1007792012",
        "pub.1033148227",
        "pub.1015291014",
        "pub.1010905988",
        "pub.1051177155",
        "pub.1049759391",
        "pub.1018369844",
        "pub.1026324347",
        "pub.1013073587",
        "pub.1008773553",
        "pub.1047802268",
        "pub.1030834024",
        "pub.1013592987",
        "pub.1060362209",
        "pub.1001942832",
        "pub.1022385604",
        "pub.1082783015",
        "pub.1041846294",
        "pub.1030893863",
        "pub.1034195636",
        "pub.1005223266",
        "pub.1035391346"
    ],
    "relative_citation_ratio": 0.59,
    "research_org_state_names": [
        "New South Wales"
    ],
    "author_affiliations": [
        [
            {
                "first_name": "Lisa G.",
                "last_name": "WOOD",
                "initials": "",
                "corresponding": "",
                "orcid": "['0000-0002-0941-9225']",
                "current_organization_id": "grid.266842.c",
                "researcher_id": "ur.0634471167.67",
                "affiliations": [
                    {
                        "name": "Centre for Asthma and Respiratory Diseases, Hunter Medical Research Institute, University of Newcastle"
                    }
                ]
            },
            {
                "first_name": "Heather",
                "last_name": "POWELL",
                "initials": "",
                "corresponding": "",
                "orcid": "",
                "current_organization_id": "grid.266842.c",
                "researcher_id": "ur.01333714606.18",
                "affiliations": [
                    {
                        "name": "Centre for Asthma and Respiratory Diseases, Hunter Medical Research Institute, University of Newcastle"
                    }
                ]
            },
            {
                "first_name": "Terry V.",
                "last_name": "GRISSELL",
                "initials": "",
                "corresponding": "",
                "orcid": "",
                "current_organization_id": "grid.414724.0",
                "researcher_id": "ur.0602007166.26",
                "affiliations": [
                    {
                        "name": "Centre for Asthma and Respiratory Diseases, Hunter Medical Research Institute, University of Newcastle"
                    }
                ]
            },
            {
                "first_name": "Bronwyn",
                "last_name": "DAVIES",
                "initials": "",
                "corresponding": "",
                "orcid": "",
                "current_organization_id": "",
                "researcher_id": "ur.0742160716.40",
                "affiliations": [
                    {
                        "name": "Centre for Asthma and Respiratory Diseases, Hunter Medical Research Institute, University of Newcastle"
                    },
                    {
                        "name": "Picornaviral Research Unit, Royal Newcastle Hospital"
                    }
                ]
            },
            {
                "first_name": "Darren R.",
                "last_name": "SHAFREN",
                "initials": "",
                "corresponding": "",
                "orcid": "",
                "current_organization_id": "grid.266842.c",
                "researcher_id": "ur.0750717567.49",
                "affiliations": [
                    {
                        "name": "Centre for Asthma and Respiratory Diseases, Hunter Medical Research Institute, University of Newcastle"
                    },
                    {
                        "name": "Picornaviral Research Unit, Royal Newcastle Hospital"
                    }
                ]
            },
            {
                "first_name": "Bruce F.",
                "last_name": "WHITEHEAD",
                "initials": "",
                "corresponding": "",
                "orcid": "",
                "current_organization_id": "grid.422050.1",
                "researcher_id": "ur.01046766701.35",
                "affiliations": [
                    {
                        "id": "grid.422050.1",
                        "name": "John Hunter Children's Hospital",
                        "city": "Newcastle",
                        "city_id": 2155472,
                        "country": "Australia",
                        "country_code": "AU",
                        "state": "New South Wales",
                        "state_code": "AU-NSW"
                    }
                ]
            },
            {
                "first_name": "Michael J.",
                "last_name": "HENSLEY",
                "initials": "",
                "corresponding": "",
                "orcid": "",
                "current_organization_id": "grid.414724.0",
                "researcher_id": "ur.01107100706.42",
                "affiliations": [
                    {
                        "name": "Centre for Asthma and Respiratory Diseases, Hunter Medical Research Institute, University of Newcastle"
                    },
                    {
                        "id": "grid.414724.0",
                        "name": "John Hunter Hospital",
                        "city": "Newcastle",
                        "city_id": 2155472,
                        "country": "Australia",
                        "country_code": "AU",
                        "state": "New South Wales",
                        "state_code": "AU-NSW"
                    }
                ]
            },
            {
                "first_name": "Peter G.",
                "last_name": "GIBSON",
                "initials": "",
                "corresponding": "",
                "orcid": "['0000-0001-5865-489X']",
                "current_organization_id": "grid.266842.c",
                "researcher_id": "ur.015635764222.60",
                "affiliations": [
                    {
                        "name": "Centre for Asthma and Respiratory Diseases, Hunter Medical Research Institute, University of Newcastle"
                    },
                    {
                        "id": "grid.414724.0",
                        "name": "John Hunter Hospital",
                        "city": "Newcastle",
                        "city_id": 2155472,
                        "country": "Australia",
                        "country_code": "AU",
                        "state": "New South Wales",
                        "state_code": "AU-NSW"
                    }
                ]
            }
        ]
    ],
    "type": "article"
}