{
    "pmid": "27994231",
    "author_affiliations": [
        [
            {
                "first_name": "Florian",
                "last_name": "Rohart",
                "initials": "",
                "corresponding": "",
                "orcid": "['0000-0002-9588-8000']",
                "current_organization_id": "grid.1003.2",
                "researcher_id": "ur.0700211742.16",
                "affiliations": [
                    {
                        "id": "grid.1003.2",
                        "name": "University of Queensland",
                        "city": "Brisbane",
                        "city_id": 2174003,
                        "country": "Australia",
                        "country_code": "AU",
                        "state": "Queensland",
                        "state_code": "AU-QLD"
                    }
                ]
            },
            {
                "first_name": "Gabriel J.",
                "last_name": "Milinovich",
                "initials": "",
                "corresponding": "",
                "orcid": "['0000-0001-6536-2756']",
                "current_organization_id": "grid.1003.2",
                "researcher_id": "ur.0605136775.15",
                "affiliations": [
                    {
                        "id": "grid.1003.2",
                        "name": "University of Queensland",
                        "city": "Brisbane",
                        "city_id": 2174003,
                        "country": "Australia",
                        "country_code": "AU",
                        "state": "Queensland",
                        "state_code": "AU-QLD"
                    },
                    {
                        "id": "grid.1024.7",
                        "name": "Queensland University of Technology",
                        "city": "Brisbane",
                        "city_id": 2174003,
                        "country": "Australia",
                        "country_code": "AU",
                        "state": "Queensland",
                        "state_code": "AU-QLD"
                    }
                ]
            },
            {
                "first_name": "Simon M. R.",
                "last_name": "Avril",
                "initials": "",
                "corresponding": "",
                "orcid": "",
                "current_organization_id": "",
                "researcher_id": "ur.0745672601.13",
                "affiliations": [
                    {
                        "name": "Freelance Developer, 4061, The Gap, QLD, Australia"
                    }
                ]
            },
            {
                "first_name": "Kim-Anh",
                "last_name": "L\u00ea Cao",
                "initials": "",
                "corresponding": "",
                "orcid": "['0000-0003-3923-1116']",
                "current_organization_id": "grid.1008.9",
                "researcher_id": "ur.01256322426.83",
                "affiliations": [
                    {
                        "id": "grid.1003.2",
                        "name": "University of Queensland",
                        "city": "Brisbane",
                        "city_id": 2174003,
                        "country": "Australia",
                        "country_code": "AU",
                        "state": "Queensland",
                        "state_code": "AU-QLD"
                    }
                ]
            },
            {
                "first_name": "Shilu",
                "last_name": "Tong",
                "initials": "",
                "corresponding": "",
                "orcid": "",
                "current_organization_id": "grid.1024.7",
                "researcher_id": "ur.0663133575.19",
                "affiliations": [
                    {
                        "id": "grid.1024.7",
                        "name": "Queensland University of Technology",
                        "city": "Brisbane",
                        "city_id": 2174003,
                        "country": "Australia",
                        "country_code": "AU",
                        "state": "Queensland",
                        "state_code": "AU-QLD"
                    }
                ]
            },
            {
                "first_name": "Wenbiao",
                "last_name": "Hu",
                "initials": "",
                "corresponding": "",
                "orcid": "['0000-0001-6422-9240']",
                "current_organization_id": "grid.1024.7",
                "researcher_id": "ur.01101705702.00",
                "affiliations": [
                    {
                        "id": "grid.1024.7",
                        "name": "Queensland University of Technology",
                        "city": "Brisbane",
                        "city_id": 2174003,
                        "country": "Australia",
                        "country_code": "AU",
                        "state": "Queensland",
                        "state_code": "AU-QLD"
                    }
                ]
            }
        ]
    ],
    "altmetric": 3.0,
    "FOR": [
        {
            "id": "3177",
            "name": "1117 Public Health and Health Services"
        }
    ],
    "research_org_countries": [
        {
            "id": "AU",
            "name": "Australia"
        }
    ],
    "title": "Disease surveillance based on Internet-based linear models: an Australian case study of previously unmodeled infection diseases",
    "research_org_cities": [
        {
            "id": 2174003,
            "name": "Brisbane"
        }
    ],
    "pages": "38522",
    "issue": "1",
    "research_org_state_names": [
        "Queensland"
    ],
    "open_access": [
        "Open Access - all",
        "Open Access - publisher",
        "Open Access - published"
    ],
    "doi": "10.1038/srep38522",
    "times_cited": 5,
    "funders": [
        {
            "id": "grid.413880.6",
            "name": "Government of Western Australia Department of Health",
            "linkout": [
                "http://ww2.health.wa.gov.au/"
            ],
            "country_name": "Australia",
            "types": [
                "Government"
            ],
            "latitude": -31.952566,
            "state_name": "Western Australia",
            "city_name": "East Perth",
            "longitude": 115.87026
        },
        {
            "id": "grid.431143.0",
            "name": "National Health and Medical Research Council",
            "linkout": [
                "https://www.nhmrc.gov.au/"
            ],
            "country_name": "Australia",
            "types": [
                "Government"
            ],
            "latitude": -35.28124,
            "acronym": "NHMRC",
            "state_name": "Australian Capital Territory",
            "city_name": "Canberra",
            "longitude": 149.12373
        },
        {
            "id": "grid.453628.e",
            "name": "Australian Cancer Research Foundation",
            "linkout": [
                "https://acrf.com.au/"
            ],
            "country_name": "Australia",
            "types": [
                "Nonprofit"
            ],
            "latitude": -33.86937,
            "acronym": "ACRF",
            "state_name": "New South Wales",
            "city_name": "Sydney",
            "longitude": 151.2071
        },
        {
            "id": "grid.413452.5",
            "name": "Australian Research Council",
            "linkout": [
                "http://www.arc.gov.au/"
            ],
            "country_name": "Australia",
            "types": [
                "Government"
            ],
            "latitude": -35.282425,
            "acronym": "ARC",
            "state_name": "Australian Capital Territory",
            "city_name": "Canberra",
            "longitude": 149.12405
        }
    ],
    "journal": {
        "id": "jour.1045337",
        "title": "Scientific Reports"
    },
    "research_orgs": [
        {
            "id": "grid.1024.7",
            "name": "Queensland University of Technology",
            "linkout": [
                "https://www.qut.edu.au/"
            ],
            "country_name": "Australia",
            "types": [
                "Education"
            ],
            "latitude": -27.476833,
            "acronym": "QUT",
            "state_name": "Queensland",
            "city_name": "Brisbane",
            "longitude": 153.0284
        },
        {
            "id": "grid.1003.2",
            "name": "University of Queensland",
            "linkout": [
                "http://www.uq.edu.au/"
            ],
            "country_name": "Australia",
            "types": [
                "Education"
            ],
            "latitude": -27.495964,
            "acronym": "UQ",
            "state_name": "Queensland",
            "city_name": "Brisbane",
            "longitude": 153.00963
        }
    ],
    "year": 2016,
    "references": [
        "pub.1020999835",
        "pub.1005138990",
        "pub.1078653164",
        "pub.1106828679",
        "pub.1052635103",
        "pub.1005690246",
        "pub.1004132458",
        "pub.1046843662",
        "pub.1011822502",
        "pub.1030255081",
        "pub.1002604817",
        "pub.1052187834",
        "pub.1041935433",
        "pub.1062469256",
        "pub.1045216075",
        "pub.1004176308",
        "pub.1043632525",
        "pub.1049735586",
        "pub.1013223432",
        "pub.1077885447",
        "pub.1047610014",
        "pub.1016070094",
        "pub.1007233522",
        "pub.1008525675",
        "pub.1007837618",
        "pub.1052900851",
        "pub.1016423289",
        "pub.1017018689",
        "pub.1011085471",
        "pub.1062800709",
        "pub.1038398193",
        "pub.1017855311",
        "pub.1027208376",
        "pub.1048326738",
        "pub.1020852786",
        "pub.1040262530",
        "pub.1014234010",
        "pub.1070888467",
        "pub.1043897101",
        "pub.1020021022"
    ],
    "id": "pub.1033339943",
    "research_org_country_names": [
        "Australia"
    ],
    "date": "2016-12-01",
    "research_org_state_codes": [
        {
            "id": "AU-QLD",
            "name": "Queensland"
        }
    ],
    "researchers": [
        {
            "id": "ur.0700211742.16",
            "research_orgs": [
                "grid.462146.3",
                "grid.11417.32",
                "grid.461574.5",
                "grid.1003.2",
                "grid.414548.8"
            ],
            "last_name": "Rohart",
            "first_name": "Florian",
            "orcid_id": [
                "0000-0002-9588-8000"
            ]
        },
        {
            "id": "ur.0605136775.15",
            "research_orgs": [
                "grid.1024.7",
                "grid.8991.9",
                "grid.1001.0",
                "grid.1003.2",
                "grid.10420.37"
            ],
            "last_name": "Milinovich",
            "first_name": "Gabriel J",
            "orcid_id": [
                "0000-0001-6536-2756"
            ]
        },
        {
            "id": "ur.0745672601.13",
            "last_name": "Avril",
            "first_name": "Simon M R"
        },
        {
            "id": "ur.01256322426.83",
            "research_orgs": [
                "grid.489335.0",
                "grid.11417.32",
                "grid.414548.8",
                "grid.482685.5",
                "grid.1003.2",
                "grid.1008.9"
            ],
            "last_name": "L\u00ea Cao",
            "first_name": "Kim-Anh"
        },
        {
            "id": "ur.0663133575.19",
            "research_orgs": [
                "grid.186775.a",
                "grid.1001.0",
                "grid.411292.d",
                "grid.1020.3",
                "grid.1010.0",
                "grid.16821.3c",
                "grid.1008.9",
                "grid.1014.4",
                "grid.7048.b",
                "grid.1003.2",
                "grid.19188.39",
                "grid.1024.7",
                "grid.1016.6",
                "grid.6571.5"
            ],
            "last_name": "Tong",
            "first_name": "Shilu L"
        },
        {
            "id": "ur.01101705702.00",
            "research_orgs": [
                "grid.198530.6",
                "grid.1003.2",
                "grid.1024.7",
                "grid.1001.0",
                "grid.8547.e"
            ],
            "last_name": "Hu",
            "first_name": "Wen-Biao",
            "orcid_id": [
                "0000-0001-6422-9240"
            ]
        }
    ],
    "relative_citation_ratio": 0.54,
    "type": "article",
    "volume": "6",
    "pmcid": "PMC5172376"
}