{
    "pmid": "26282681",
    "author_affiliations": [
        [
            {
                "first_name": "Sib Sankar",
                "last_name": "Giri",
                "initials": "",
                "corresponding": "",
                "orcid": "['0000-0002-2383-1937']",
                "current_organization_id": "grid.31501.36",
                "researcher_id": "ur.01053444134.63",
                "affiliations": [
                    {
                        "id": "grid.31501.36",
                        "name": "Seoul National University",
                        "city": "Seoul",
                        "city_id": 1835848,
                        "country": "South Korea",
                        "country_code": "KR",
                        "state": null,
                        "state_code": null
                    }
                ]
            },
            {
                "first_name": "Shib Sankar",
                "last_name": "Sen",
                "initials": "",
                "corresponding": "",
                "orcid": "",
                "current_organization_id": "grid.10706.30",
                "researcher_id": "ur.0760051647.85",
                "affiliations": [
                    {
                        "id": "grid.10706.30",
                        "name": "Jawaharlal Nehru University",
                        "city": "New Delhi",
                        "city_id": 1261481,
                        "country": "India",
                        "country_code": "IN",
                        "state": null,
                        "state_code": null
                    }
                ]
            },
            {
                "first_name": "Cheng",
                "last_name": "Chi",
                "initials": "",
                "corresponding": "",
                "orcid": "['0000-0002-1782-8221']",
                "current_organization_id": "grid.27871.3b",
                "researcher_id": "ur.0723723603.54",
                "affiliations": [
                    {
                        "id": "grid.31501.36",
                        "name": "Seoul National University",
                        "city": "Seoul",
                        "city_id": 1835848,
                        "country": "South Korea",
                        "country_code": "KR",
                        "state": null,
                        "state_code": null
                    }
                ]
            },
            {
                "first_name": "Hyoun Joong",
                "last_name": "Kim",
                "initials": "",
                "corresponding": "",
                "orcid": "['0000-0001-7847-6015']",
                "current_organization_id": "grid.31501.36",
                "researcher_id": "ur.01216211200.32",
                "affiliations": [
                    {
                        "id": "grid.31501.36",
                        "name": "Seoul National University",
                        "city": "Seoul",
                        "city_id": 1835848,
                        "country": "South Korea",
                        "country_code": "KR",
                        "state": null,
                        "state_code": null
                    }
                ]
            },
            {
                "first_name": "Saekil",
                "last_name": "Yun",
                "initials": "",
                "corresponding": "",
                "orcid": "",
                "current_organization_id": "grid.31501.36",
                "researcher_id": "ur.01040152203.52",
                "affiliations": [
                    {
                        "id": "grid.31501.36",
                        "name": "Seoul National University",
                        "city": "Seoul",
                        "city_id": 1835848,
                        "country": "South Korea",
                        "country_code": "KR",
                        "state": null,
                        "state_code": null
                    }
                ]
            },
            {
                "first_name": "Chang",
                "last_name": "Park",
                "initials": "",
                "corresponding": true,
                "orcid": "",
                "current_organization_id": "grid.31501.36",
                "researcher_id": "ur.015433265363.66",
                "affiliations": [
                    {
                        "id": "grid.31501.36",
                        "name": "Seoul National University",
                        "city": "Seoul",
                        "city_id": 1835848,
                        "country": "South Korea",
                        "country_code": "KR",
                        "state": null,
                        "state_code": null
                    }
                ]
            },
            {
                "first_name": "V.",
                "last_name": "Sukumaran",
                "initials": "",
                "corresponding": true,
                "orcid": "",
                "current_organization_id": "grid.449243.c",
                "researcher_id": "ur.01056573225.29",
                "affiliations": [
                    {
                        "id": "grid.449243.c",
                        "name": "Periyar Maniammai Institute of Science & Technology",
                        "city": "Vallam",
                        "city_id": 1253481,
                        "country": "India",
                        "country_code": "IN",
                        "state": null,
                        "state_code": null
                    }
                ]
            }
        ]
    ],
    "altmetric": 2.0,
    "FOR": [
        {
            "id": "3103",
            "name": "1107 Immunology"
        }
    ],
    "research_org_countries": [
        {
            "id": "KR",
            "name": "South Korea"
        },
        {
            "id": "IN",
            "name": "India"
        }
    ],
    "title": "Effect of cellular products of potential probiotic bacteria on the immune response of Labeo rohita and susceptibility to Aeromonas hydrophila infection",
    "research_org_cities": [
        {
            "id": 1835848,
            "name": "Seoul"
        },
        {
            "id": 1261481,
            "name": "New Delhi"
        },
        {
            "id": 1253481,
            "name": "Vallam"
        }
    ],
    "pages": "716-722",
    "issue": "2",
    "doi": "10.1016/j.fsi.2015.08.012",
    "times_cited": 22,
    "journal": {
        "id": "jour.1113955",
        "title": "Fish & Shellfish Immunology"
    },
    "research_orgs": [
        {
            "id": "grid.31501.36",
            "name": "Seoul National University",
            "linkout": [
                "http://www.snu.ac.kr/index.html"
            ],
            "country_name": "South Korea",
            "types": [
                "Education"
            ],
            "latitude": 37.460155,
            "acronym": "SNU",
            "city_name": "Seoul",
            "longitude": 126.9519
        },
        {
            "id": "grid.449243.c",
            "name": "Periyar Maniammai Institute of Science & Technology",
            "linkout": [
                "http://www.pmu.edu/"
            ],
            "country_name": "India",
            "types": [
                "Education"
            ],
            "latitude": 10.730253,
            "acronym": "PMIST",
            "state_name": "Tamil Nadu",
            "city_name": "Vallam",
            "longitude": 79.068825
        },
        {
            "id": "grid.10706.30",
            "name": "Jawaharlal Nehru University",
            "linkout": [
                "http://www.jnu.ac.in/"
            ],
            "country_name": "India",
            "types": [
                "Education"
            ],
            "latitude": 28.542955,
            "acronym": "JNU",
            "city_name": "New Delhi",
            "longitude": 77.17893
        }
    ],
    "year": 2015,
    "references": [
        "pub.1029322290",
        "pub.1013776850",
        "pub.1046315523",
        "pub.1007457296",
        "pub.1046781430",
        "pub.1034262078",
        "pub.1063384157",
        "pub.1048252458",
        "pub.1019209946",
        "pub.1028517461",
        "pub.1051165310",
        "pub.1015167459",
        "pub.1053269185",
        "pub.1077586890",
        "pub.1039367344",
        "pub.1009767771",
        "pub.1019637976",
        "pub.1026711002",
        "pub.1027815498",
        "pub.1052201548",
        "pub.1023486443",
        "pub.1027621591",
        "pub.1005620403",
        "pub.1039998904",
        "pub.1045535665",
        "pub.1041469751",
        "pub.1014447963",
        "pub.1044878964",
        "pub.1000559056",
        "pub.1020901924",
        "pub.1004791673",
        "pub.1008206827",
        "pub.1014948586",
        "pub.1031496880",
        "pub.1010746585",
        "pub.1032646458",
        "pub.1035137605",
        "pub.1038806934",
        "pub.1074970736",
        "pub.1039960214",
        "pub.1005244825",
        "pub.1009561973"
    ],
    "id": "pub.1039374092",
    "research_org_country_names": [
        "South Korea",
        "India"
    ],
    "date": "2015-10-01",
    "researchers": [
        {
            "id": "ur.01053444134.63",
            "research_orgs": [
                "grid.449243.c",
                "grid.31501.36"
            ],
            "last_name": "Giri",
            "first_name": "Sib Sankar",
            "orcid_id": [
                "0000-0002-2383-1937"
            ]
        },
        {
            "id": "ur.0760051647.85",
            "research_orgs": [
                "grid.10706.30",
                "grid.216499.1"
            ],
            "last_name": "Sen",
            "first_name": "Shib Sankar"
        },
        {
            "id": "ur.0723723603.54",
            "research_orgs": [
                "grid.31501.36",
                "grid.27871.3b"
            ],
            "last_name": "Chi",
            "first_name": "Cheng",
            "orcid_id": [
                "0000-0002-1782-8221"
            ]
        },
        {
            "id": "ur.01216211200.32",
            "research_orgs": [
                "grid.31501.36"
            ],
            "last_name": "Kim",
            "first_name": "Hyoun Joong",
            "orcid_id": [
                "0000-0001-7847-6015"
            ]
        },
        {
            "id": "ur.01040152203.52",
            "research_orgs": [
                "grid.31501.36"
            ],
            "last_name": "Yun",
            "first_name": "Sae Kil"
        },
        {
            "id": "ur.015433265363.66",
            "research_orgs": [
                "grid.254230.2",
                "grid.31501.36"
            ],
            "last_name": "Park",
            "first_name": "Chang-Sik"
        },
        {
            "id": "ur.01056573225.29",
            "research_orgs": [
                "grid.449243.c"
            ],
            "last_name": "Sukumaran",
            "first_name": "Venkatachalam"
        }
    ],
    "relative_citation_ratio": 1.05,
    "type": "article",
    "volume": "46"
}