{
    "pmid": "30610991",
    "author_affiliations": [
        [
            {
                "first_name": "Anne-Line",
                "last_name": "Coolen",
                "initials": "",
                "corresponding": "",
                "orcid": "['0000-0003-4069-8629']",
                "current_organization_id": "grid.462407.3",
                "researcher_id": "ur.012701166225.98",
                "affiliations": [
                    {
                        "id": "grid.462407.3",
                        "name": "Institut de Biologie et de Chimie des Prot\u00e9ines",
                        "city": "Lyon",
                        "city_id": 2996944,
                        "country": "France",
                        "country_code": "FR",
                        "state": null,
                        "state_code": null
                    }
                ]
            },
            {
                "first_name": "C\u00e9line",
                "last_name": "Lacroix",
                "initials": "",
                "corresponding": "",
                "orcid": "",
                "current_organization_id": "grid.462407.3",
                "researcher_id": "ur.014110012273.89",
                "affiliations": [
                    {
                        "id": "grid.462407.3",
                        "name": "Institut de Biologie et de Chimie des Prot\u00e9ines",
                        "city": "Lyon",
                        "city_id": 2996944,
                        "country": "France",
                        "country_code": "FR",
                        "state": null,
                        "state_code": null
                    }
                ]
            },
            {
                "first_name": "Perrine",
                "last_name": "Mercier-Gouy",
                "initials": "",
                "corresponding": "",
                "orcid": "",
                "current_organization_id": "grid.462407.3",
                "researcher_id": "ur.01244143063.29",
                "affiliations": [
                    {
                        "id": "grid.462407.3",
                        "name": "Institut de Biologie et de Chimie des Prot\u00e9ines",
                        "city": "Lyon",
                        "city_id": 2996944,
                        "country": "France",
                        "country_code": "FR",
                        "state": null,
                        "state_code": null
                    }
                ]
            },
            {
                "first_name": "Emilie",
                "last_name": "Delaune",
                "initials": "",
                "corresponding": "",
                "orcid": "",
                "current_organization_id": "grid.462407.3",
                "researcher_id": "ur.010312453157.36",
                "affiliations": [
                    {
                        "id": "grid.462407.3",
                        "name": "Institut de Biologie et de Chimie des Prot\u00e9ines",
                        "city": "Lyon",
                        "city_id": 2996944,
                        "country": "France",
                        "country_code": "FR",
                        "state": null,
                        "state_code": null
                    }
                ]
            },
            {
                "first_name": "Claire",
                "last_name": "Monge",
                "initials": "",
                "corresponding": "",
                "orcid": "",
                "current_organization_id": "grid.462407.3",
                "researcher_id": "ur.015502753273.34",
                "affiliations": [
                    {
                        "id": "grid.462407.3",
                        "name": "Institut de Biologie et de Chimie des Prot\u00e9ines",
                        "city": "Lyon",
                        "city_id": 2996944,
                        "country": "France",
                        "country_code": "FR",
                        "state": null,
                        "state_code": null
                    }
                ]
            },
            {
                "first_name": "Jean-Yves",
                "last_name": "Exposito",
                "initials": "",
                "corresponding": "",
                "orcid": "",
                "current_organization_id": "grid.462407.3",
                "researcher_id": "ur.01265230726.35",
                "affiliations": [
                    {
                        "id": "grid.462407.3",
                        "name": "Institut de Biologie et de Chimie des Prot\u00e9ines",
                        "city": "Lyon",
                        "city_id": 2996944,
                        "country": "France",
                        "country_code": "FR",
                        "state": null,
                        "state_code": null
                    }
                ]
            },
            {
                "first_name": "Bernard",
                "last_name": "Verrier",
                "initials": "",
                "corresponding": true,
                "orcid": "",
                "current_organization_id": "grid.462407.3",
                "researcher_id": "ur.0716351275.85",
                "affiliations": [
                    {
                        "id": "grid.462407.3",
                        "name": "Institut de Biologie et de Chimie des Prot\u00e9ines",
                        "city": "Lyon",
                        "city_id": 2996944,
                        "country": "France",
                        "country_code": "FR",
                        "state": null,
                        "state_code": null
                    }
                ]
            }
        ]
    ],
    "altmetric": 1.0,
    "FOR": [
        {
            "id": "3103",
            "name": "1107 Immunology"
        }
    ],
    "research_org_countries": [
        {
            "id": "FR",
            "name": "France"
        }
    ],
    "title": "Poly(lactic acid) nanoparticles and cell-penetrating peptide potentiate mRNA-based vaccine expression in dendritic cells triggering their activation",
    "research_org_cities": [
        {
            "id": 2996944,
            "name": "Lyon"
        }
    ],
    "pages": "23-37",
    "issue": "Proc. Natl. Acad. Sci. Unit. States Am. 111 2014",
    "doi": "10.1016/j.biomaterials.2018.12.019",
    "times_cited": 10,
    "funders": [
        {
            "id": "grid.453032.3",
            "name": "Agence Nationale de Recherches sur le Sida et les H\u00e9patites Virales",
            "linkout": [
                "http://www.anrs.fr/"
            ],
            "country_name": "France",
            "types": [
                "Facility"
            ],
            "latitude": 48.82672,
            "acronym": "ANRS ",
            "city_name": "Paris",
            "longitude": 2.365353
        }
    ],
    "journal": {
        "id": "jour.1097145",
        "title": "Biomaterials"
    },
    "research_orgs": [
        {
            "id": "grid.462407.3",
            "name": "Institut de Biologie et de Chimie des Prot\u00e9ines",
            "linkout": [
                "http://www.ibcp.fr/?lang=en"
            ],
            "country_name": "France",
            "types": [
                "Facility"
            ],
            "latitude": 45.72788,
            "acronym": "IBCP",
            "city_name": "Lyon",
            "longitude": 4.825975
        }
    ],
    "year": 2019,
    "references": [
        "pub.1011930510",
        "pub.1000032614",
        "pub.1047690272",
        "pub.1029738202",
        "pub.1004183294",
        "pub.1012725808",
        "pub.1023990016",
        "pub.1042355748",
        "pub.1045704532",
        "pub.1049743061",
        "pub.1022096202",
        "pub.1011203134",
        "pub.1023627934",
        "pub.1024971835",
        "pub.1011632537",
        "pub.1025514990",
        "pub.1012292715",
        "pub.1031485499",
        "pub.1083056569",
        "pub.1052348104",
        "pub.1043943126",
        "pub.1052786982",
        "pub.1022912212",
        "pub.1003165732",
        "pub.1009110644",
        "pub.1085079134",
        "pub.1100346441",
        "pub.1041930219",
        "pub.1012770099",
        "pub.1050475166",
        "pub.1000878659",
        "pub.1017206203",
        "pub.1084432970",
        "pub.1025189503",
        "pub.1018350446",
        "pub.1090668951",
        "pub.1023825729",
        "pub.1012118395",
        "pub.1085371978",
        "pub.1005277344",
        "pub.1028213993",
        "pub.1024763403",
        "pub.1085050762",
        "pub.1106797194",
        "pub.1003846576",
        "pub.1086123767",
        "pub.1019102529",
        "pub.1001790781",
        "pub.1042358790",
        "pub.1085330563",
        "pub.1037154278",
        "pub.1044991718",
        "pub.1046035557",
        "pub.1105916775",
        "pub.1048045237",
        "pub.1019961450",
        "pub.1107400148",
        "pub.1083405363",
        "pub.1052437061",
        "pub.1083861238",
        "pub.1004643985",
        "pub.1022484486"
    ],
    "id": "pub.1110815929",
    "research_org_country_names": [
        "France"
    ],
    "date": "2019-03-01",
    "researchers": [
        {
            "id": "ur.012701166225.98",
            "research_orgs": [
                "grid.462407.3"
            ],
            "last_name": "Coolen",
            "first_name": "Anne-Line",
            "orcid_id": [
                "0000-0003-4069-8629"
            ]
        },
        {
            "id": "ur.014110012273.89",
            "research_orgs": [
                "grid.25697.3f",
                "grid.462407.3"
            ],
            "last_name": "Lacroix",
            "first_name": "C\u00e9line"
        },
        {
            "id": "ur.01244143063.29",
            "research_orgs": [
                "grid.462407.3",
                "grid.7849.2"
            ],
            "last_name": "Mercier-Gouy",
            "first_name": "Perrine"
        },
        {
            "id": "ur.010312453157.36",
            "research_orgs": [
                "grid.462407.3"
            ],
            "last_name": "Delaune",
            "first_name": "Emilie"
        },
        {
            "id": "ur.015502753273.34",
            "research_orgs": [
                "grid.25697.3f",
                "grid.462407.3"
            ],
            "last_name": "Monge",
            "first_name": "Claire"
        },
        {
            "id": "ur.01265230726.35",
            "research_orgs": [
                "grid.25697.3f",
                "grid.462407.3",
                "grid.59734.3c",
                "grid.4444.0",
                "grid.7849.2"
            ],
            "last_name": "Exposito",
            "first_name": "Jean-Yves"
        },
        {
            "id": "ur.0716351275.85",
            "research_orgs": [
                "grid.463899.9",
                "grid.11166.31",
                "grid.4444.0",
                "grid.462407.3",
                "grid.424167.2",
                "grid.412220.7",
                "grid.457381.c",
                "grid.417850.f",
                "grid.464112.4",
                "grid.25697.3f",
                "grid.5399.6",
                "grid.4861.b",
                "grid.15140.31",
                "grid.7849.2"
            ],
            "last_name": "Verrier",
            "first_name": "Bernard"
        }
    ],
    "type": "article",
    "volume": "195"
}