{
    "research_orgs": [
        {
            "id": "grid.22903.3a",
            "linkout": [
                "http://www.aub.edu.lb/main/Pages/index.aspx"
            ],
            "city_name": "Beirut",
            "longitude": 35.48153,
            "acronym": "AUB",
            "latitude": 33.901093,
            "name": "American University of Beirut",
            "types": [
                "Education"
            ],
            "country_name": "Lebanon"
        }
    ],
    "research_org_country_names": [
        "Lebanon"
    ],
    "pmid": "31119115",
    "title": "Middle East respiratory syndrome coronavirus (MERS-CoV): A review.",
    "type": "article",
    "year": 2019,
    "journal": {
        "id": "jour.1047662",
        "title": "Germs"
    },
    "researchers": [
        {
            "id": "ur.013767137160.06",
            "research_orgs": [
                "grid.22903.3a"
            ],
            "first_name": "Nour M",
            "last_name": "Ramadan"
        }
    ],
    "FOR": [
        {
            "id": "3177",
            "name": "1117 Public Health and Health Services"
        }
    ],
    "research_org_countries": [
        {
            "id": "LB",
            "name": "Lebanon"
        }
    ],
    "date": "2019-03-01",
    "altmetric": 17.0,
    "pages": "35-42",
    "id": "pub.1113614641",
    "volume": "9",
    "issue": "1",
    "research_org_cities": [
        {
            "id": 276781,
            "name": "Beirut"
        }
    ],
    "open_access": [
        "Open Access - all",
        "Open Access - repository",
        "Open Access - published"
    ],
    "author_affiliations": [
        [
            {
                "first_name": "Nour",
                "last_name": "Ramadan",
                "initials": "",
                "corresponding": "",
                "orcid": "",
                "current_organization_id": "grid.22903.3a",
                "researcher_id": "ur.013767137160.06",
                "affiliations": [
                    {
                        "id": "grid.22903.3a",
                        "name": "American University of Beirut",
                        "city": "Beirut",
                        "city_id": 276781,
                        "country": "Lebanon",
                        "country_code": "LB",
                        "state": null,
                        "state_code": null
                    }
                ]
            },
            {
                "first_name": "Houssam",
                "last_name": "Shaib",
                "initials": "",
                "corresponding": "",
                "orcid": "",
                "current_organization_id": "",
                "researcher_id": "",
                "affiliations": [
                    {
                        "id": "grid.22903.3a",
                        "name": "American University of Beirut",
                        "city": "Beirut",
                        "city_id": 276781,
                        "country": "Lebanon",
                        "country_code": "LB",
                        "state": null,
                        "state_code": null
                    }
                ]
            }
        ]
    ],
    "pmcid": "PMC6446491",
    "doi": "10.18683/germs.2019.1155",
    "times_cited": 7
}