{
    "volume": "5",
    "date": "2013-06-26",
    "title": "Identifying the Interaction Between Influenza and Pneumococcal Pneumonia Using Incidence Data",
    "researchers": [
        {
            "id": "ur.01275307121.70",
            "last_name": "Shrestha",
            "first_name": "Sourya",
            "orcid_id": [
                "0000-0002-6106-6834"
            ],
            "research_orgs": [
                "grid.21107.35",
                "grid.214458.e"
            ]
        },
        {
            "id": "ur.0776265714.06",
            "last_name": "Foxman",
            "first_name": "Betsy",
            "orcid_id": [
                "0000-0001-6682-238X"
            ],
            "research_orgs": [
                "grid.252873.9",
                "grid.411024.2",
                "grid.17088.36",
                "grid.7898.e",
                "grid.34474.30",
                "grid.266102.1",
                "grid.416738.f",
                "grid.254444.7",
                "grid.417053.4",
                "grid.504449.8",
                "grid.34477.33",
                "grid.417252.7",
                "grid.214458.e"
            ]
        },
        {
            "id": "ur.011177350712.53",
            "last_name": "Weinberger",
            "first_name": "Daniel Martin",
            "orcid_id": [
                "0000-0003-1178-8086"
            ],
            "research_orgs": [
                "grid.420089.7",
                "grid.416868.5",
                "grid.38142.3c",
                "grid.264889.9",
                "grid.47100.32",
                "grid.412686.f",
                "grid.7489.2",
                "grid.17788.31",
                "grid.253615.6",
                "grid.94365.3d",
                "grid.453035.4"
            ]
        },
        {
            "id": "ur.01154457007.96",
            "last_name": "Steiner",
            "first_name": "Claudia A",
            "research_orgs": [
                "grid.413552.4",
                "grid.268154.c",
                "grid.414593.e",
                "grid.280062.e",
                "grid.21107.35",
                "grid.419261.9",
                "grid.414212.0",
                "grid.417684.8",
                "grid.413404.6",
                "grid.280247.b",
                "grid.94365.3d",
                "grid.253615.6",
                "grid.416738.f"
            ]
        },
        {
            "id": "ur.01266770363.21",
            "last_name": "Viboud",
            "first_name": "Cecile G",
            "research_orgs": [
                "grid.94365.3d",
                "grid.30390.39",
                "grid.11951.3d",
                "grid.462844.8",
                "grid.415779.9",
                "grid.419681.3",
                "grid.48336.3a",
                "grid.253615.6",
                "grid.420086.8",
                "grid.7429.8",
                "grid.416657.7",
                "grid.420089.7",
                "grid.453035.4",
                "grid.38142.3c",
                "grid.9486.3",
                "grid.416738.f",
                "grid.442071.4",
                "grid.412370.3",
                "grid.443909.3",
                "grid.215654.1",
                "grid.267169.d",
                "grid.413404.6"
            ]
        },
        {
            "id": "ur.0772154316.47",
            "last_name": "Rohani",
            "first_name": "Pejman",
            "research_orgs": [
                "grid.27860.3b",
                "grid.473665.5",
                "grid.5335.0",
                "grid.420089.7",
                "grid.453035.4",
                "grid.411600.2",
                "grid.9909.9",
                "grid.223827.e",
                "grid.213876.9",
                "grid.214458.e"
            ]
        }
    ],
    "pmcid": "PMC4178309",
    "research_org_state_codes": [
        {
            "id": "US-MI",
            "name": "Michigan"
        },
        {
            "id": "US-CT",
            "name": "Connecticut"
        },
        {
            "id": "US-MD",
            "name": "Maryland"
        }
    ],
    "altmetric": 41.0,
    "pages": "191ra84-191ra84",
    "research_org_cities": [
        {
            "id": 4348599,
            "name": "Bethesda"
        },
        {
            "id": 4367175,
            "name": "Rockville"
        },
        {
            "id": 4839366,
            "name": "New Haven"
        },
        {
            "id": 4984247,
            "name": "Ann Arbor"
        }
    ],
    "open_access": [
        "Open Access - all",
        "Open Access - repository",
        "Open Access - accepted"
    ],
    "research_org_countries": [
        {
            "id": "US",
            "name": "United States"
        }
    ],
    "doi": "10.1126/scitranslmed.3005982",
    "FOR": [
        {
            "id": "3114",
            "name": "1108 Medical Microbiology"
        }
    ],
    "research_orgs": [
        {
            "id": "grid.453035.4",
            "acronym": "FIC",
            "state_name": "Maryland",
            "types": [
                "Healthcare"
            ],
            "longitude": -77.099655,
            "linkout": [
                "http://www.fic.nih.gov/Pages/Default.aspx"
            ],
            "latitude": 39.004406,
            "name": "Fogarty International Center",
            "city_name": "Bethesda",
            "country_name": "United States"
        },
        {
            "id": "grid.214458.e",
            "acronym": "UM",
            "state_name": "Michigan",
            "types": [
                "Education"
            ],
            "longitude": -83.73822,
            "linkout": [
                "https://www.umich.edu/"
            ],
            "latitude": 42.278305,
            "name": "University of Michigan",
            "city_name": "Ann Arbor",
            "country_name": "United States"
        },
        {
            "id": "grid.47100.32",
            "state_name": "Connecticut",
            "types": [
                "Education"
            ],
            "longitude": -72.93066,
            "linkout": [
                "http://www.yale.edu"
            ],
            "latitude": 41.302094,
            "name": "Yale University",
            "city_name": "New Haven",
            "country_name": "United States"
        },
        {
            "id": "grid.94365.3d",
            "acronym": "NIH",
            "state_name": "Maryland",
            "types": [
                "Government"
            ],
            "longitude": -77.102394,
            "linkout": [
                "http://www.nih.gov/"
            ],
            "latitude": 39.000443,
            "name": "National Institutes of Health",
            "city_name": "Bethesda",
            "country_name": "United States"
        }
    ],
    "times_cited": 84,
    "pmid": "23803706",
    "funders": [
        {
            "id": "grid.453035.4",
            "acronym": "FIC",
            "state_name": "Maryland",
            "types": [
                "Healthcare"
            ],
            "longitude": -77.099655,
            "linkout": [
                "http://www.fic.nih.gov/Pages/Default.aspx"
            ],
            "latitude": 39.004406,
            "name": "Fogarty International Center",
            "city_name": "Bethesda",
            "country_name": "United States"
        },
        {
            "id": "grid.418309.7",
            "acronym": "BMGF ",
            "state_name": "Washington",
            "types": [
                "Nonprofit"
            ],
            "longitude": -122.34556,
            "linkout": [
                "http://www.gatesfoundation.org/"
            ],
            "latitude": 47.62361,
            "name": "Bill & Melinda Gates Foundation",
            "city_name": "Seattle",
            "country_name": "United States"
        },
        {
            "id": "grid.433574.2",
            "acronym": "DHS",
            "state_name": "New York",
            "types": [
                "Government"
            ],
            "longitude": -73.99495,
            "linkout": [
                "http://www.dhs.gov/"
            ],
            "latitude": 40.728863,
            "name": "United States Department of Homeland Security",
            "city_name": "New York",
            "country_name": "United States"
        }
    ],
    "research_org_country_names": [
        "United States"
    ],
    "id": "pub.1062687921",
    "issue": "191",
    "journal": {
        "id": "jour.1041454",
        "title": "Science Translational Medicine"
    },
    "year": 2013,
    "references": [
        "pub.1061231793",
        "pub.1020090598",
        "pub.1001441579",
        "pub.1043449238",
        "pub.1011036519",
        "pub.1025321277",
        "pub.1016190304",
        "pub.1045592645",
        "pub.1048821421",
        "pub.1037043977",
        "pub.1017106755",
        "pub.1078044012",
        "pub.1014881551",
        "pub.1007465857",
        "pub.1027374628",
        "pub.1029679017",
        "pub.1009862867",
        "pub.1004399901",
        "pub.1023225116",
        "pub.1002695966",
        "pub.1062462440",
        "pub.1005352613",
        "pub.1001284734",
        "pub.1062465791",
        "pub.1010716976",
        "pub.1054126378",
        "pub.1025493175",
        "pub.1021353598",
        "pub.1039098871",
        "pub.1000433062",
        "pub.1017583823",
        "pub.1009056965",
        "pub.1053939755",
        "pub.1025240351",
        "pub.1023215587",
        "pub.1037854138",
        "pub.1038769630",
        "pub.1002561984",
        "pub.1048195716",
        "pub.1027590001",
        "pub.1004433755",
        "pub.1040155043",
        "pub.1014151679",
        "pub.1030160511",
        "pub.1010609924",
        "pub.1041946949",
        "pub.1001949629",
        "pub.1050340988",
        "pub.1062568177",
        "pub.1016234975",
        "pub.1023261576",
        "pub.1045463167",
        "pub.1004231113",
        "pub.1045736854",
        "pub.1040485307",
        "pub.1059697657",
        "pub.1013357822",
        "pub.1010736686"
    ],
    "relative_citation_ratio": 3.66,
    "research_org_state_names": [
        "Michigan",
        "Maryland",
        "Connecticut"
    ],
    "author_affiliations": [
        [
            {
                "first_name": "Sourya",
                "last_name": "Shrestha",
                "initials": "",
                "corresponding": "",
                "orcid": "['0000-0002-6106-6834']",
                "current_organization_id": "grid.21107.35",
                "researcher_id": "ur.01275307121.70",
                "affiliations": [
                    {
                        "id": "grid.214458.e",
                        "name": "University of Michigan\u2013Ann Arbor",
                        "city": "Ann Arbor",
                        "city_id": 4984247,
                        "country": "United States",
                        "country_code": "US",
                        "state": "Michigan",
                        "state_code": "US-MI"
                    },
                    {
                        "id": "grid.214458.e",
                        "name": "University of Michigan\u2013Ann Arbor",
                        "city": "Ann Arbor",
                        "city_id": 4984247,
                        "country": "United States",
                        "country_code": "US",
                        "state": "Michigan",
                        "state_code": "US-MI"
                    }
                ]
            },
            {
                "first_name": "Betsy",
                "last_name": "Foxman",
                "initials": "",
                "corresponding": "",
                "orcid": "['0000-0001-6682-238X']",
                "current_organization_id": "grid.214458.e",
                "researcher_id": "ur.0776265714.06",
                "affiliations": [
                    {
                        "id": "grid.214458.e",
                        "name": "University of Michigan\u2013Ann Arbor",
                        "city": "Ann Arbor",
                        "city_id": 4984247,
                        "country": "United States",
                        "country_code": "US",
                        "state": "Michigan",
                        "state_code": "US-MI"
                    }
                ]
            },
            {
                "first_name": "Daniel M.",
                "last_name": "Weinberger",
                "initials": "",
                "corresponding": "",
                "orcid": "['0000-0003-1178-8086']",
                "current_organization_id": "grid.47100.32",
                "researcher_id": "ur.011177350712.53",
                "affiliations": [
                    {
                        "id": "grid.94365.3d",
                        "name": "National Institutes of Health",
                        "city": "Bethesda",
                        "city_id": 4348599,
                        "country": "United States",
                        "country_code": "US",
                        "state": "Maryland",
                        "state_code": "US-MD"
                    },
                    {
                        "id": "grid.47100.32",
                        "name": "Yale University",
                        "city": "New Haven",
                        "city_id": 4839366,
                        "country": "United States",
                        "country_code": "US",
                        "state": "Connecticut",
                        "state_code": "US-CT"
                    }
                ]
            },
            {
                "first_name": "Claudia",
                "last_name": "Steiner",
                "initials": "",
                "corresponding": "",
                "orcid": "",
                "current_organization_id": "grid.413404.6",
                "researcher_id": "ur.01154457007.96",
                "affiliations": [
                    {
                        "name": "Healthcare Cost and Utilization Project, Center for Delivery, Organization and Markets, Agency for Healthcare Research and Quality, U.S. Department of Health and Human Services, Rockville, MD 20850, USA"
                    }
                ]
            },
            {
                "first_name": "C\u00e9cile",
                "last_name": "Viboud",
                "initials": "",
                "corresponding": "",
                "orcid": "",
                "current_organization_id": "grid.453035.4",
                "researcher_id": "ur.01266770363.21",
                "affiliations": [
                    {
                        "id": "grid.94365.3d",
                        "name": "National Institutes of Health",
                        "city": "Bethesda",
                        "city_id": 4348599,
                        "country": "United States",
                        "country_code": "US",
                        "state": "Maryland",
                        "state_code": "US-MD"
                    }
                ]
            },
            {
                "first_name": "Pejman",
                "last_name": "Rohani",
                "initials": "",
                "corresponding": "",
                "orcid": "",
                "current_organization_id": "grid.213876.9",
                "researcher_id": "ur.0772154316.47",
                "affiliations": [
                    {
                        "id": "grid.214458.e",
                        "name": "University of Michigan\u2013Ann Arbor",
                        "city": "Ann Arbor",
                        "city_id": 4984247,
                        "country": "United States",
                        "country_code": "US",
                        "state": "Michigan",
                        "state_code": "US-MI"
                    },
                    {
                        "id": "grid.214458.e",
                        "name": "University of Michigan\u2013Ann Arbor",
                        "city": "Ann Arbor",
                        "city_id": 4984247,
                        "country": "United States",
                        "country_code": "US",
                        "state": "Michigan",
                        "state_code": "US-MI"
                    },
                    {
                        "id": "grid.453035.4",
                        "name": "Fogarty International Center",
                        "city": "Bethesda",
                        "city_id": 4348599,
                        "country": "United States",
                        "country_code": "US",
                        "state": "Maryland",
                        "state_code": "US-MD"
                    }
                ]
            }
        ]
    ],
    "type": "article"
}