{
    "volume": "287",
    "date": "2012-11-02",
    "title": "Malectin Forms a Complex with Ribophorin I for Enhanced Association with Misfolded Glycoproteins",
    "researchers": [
        {
            "id": "ur.01011750206.28",
            "last_name": "Qin",
            "first_name": "Sheng-Ying",
            "research_orgs": [
                "grid.26999.3d",
                "grid.412601.0",
                "grid.258164.c"
            ]
        },
        {
            "id": "ur.01135165365.88",
            "last_name": "Hu",
            "first_name": "Dan",
            "research_orgs": [
                "grid.26999.3d",
                "grid.422150.0",
                "grid.208504.b",
                "grid.258164.c"
            ]
        },
        {
            "id": "ur.0653537220.97",
            "last_name": "Matsumoto",
            "first_name": "Kana",
            "research_orgs": [
                "grid.7597.c",
                "grid.474688.1"
            ]
        },
        {
            "id": "ur.01062017772.16",
            "last_name": "Takeda",
            "first_name": "Koh",
            "research_orgs": [
                "grid.26999.3d"
            ]
        },
        {
            "id": "ur.01250537074.18",
            "last_name": "Matsumoto",
            "first_name": "Naoki",
            "research_orgs": [
                "grid.26999.3d",
                "grid.4367.6",
                "grid.39158.36"
            ]
        },
        {
            "id": "ur.07721701212.77",
            "last_name": "Yamaguchi",
            "first_name": "Yoshiki",
            "orcid_id": [
                "0000-0003-0098-281X"
            ],
            "research_orgs": [
                "grid.265073.5",
                "grid.474688.1",
                "grid.260433.0",
                "grid.412755.0",
                "grid.422150.0",
                "grid.479509.6",
                "grid.419082.6",
                "grid.7597.c",
                "grid.26999.3d",
                "grid.419732.a",
                "grid.20515.33"
            ]
        },
        {
            "id": "ur.014042057424.44",
            "last_name": "Yamamoto",
            "first_name": "Kazuo",
            "research_orgs": [
                "grid.26999.3d",
                "grid.260433.0",
                "grid.265061.6",
                "grid.419082.6"
            ]
        }
    ],
    "pmcid": "PMC3488078",
    "pages": "38080-38089",
    "research_org_cities": [
        {
            "id": 1850147,
            "name": "Tokyo"
        },
        {
            "id": 1859171,
            "name": "Kobe"
        }
    ],
    "open_access": [
        "Open Access - all",
        "Open Access - publisher",
        "Open Access - published"
    ],
    "research_org_countries": [
        {
            "id": "JP",
            "name": "Japan"
        }
    ],
    "doi": "10.1074/jbc.m112.394288",
    "FOR": [
        {
            "id": "2581",
            "name": "0601 Biochemistry and Cell Biology"
        }
    ],
    "research_orgs": [
        {
            "id": "grid.474688.1",
            "acronym": "ASI",
            "types": [
                "Facility"
            ],
            "longitude": 139.61194,
            "linkout": [
                "http://www.asi.riken.jp/en/index.html"
            ],
            "latitude": 35.780376,
            "name": "RIKEN Advanced Science Institute",
            "city_name": "Kobe",
            "country_name": "Japan"
        },
        {
            "id": "grid.26999.3d",
            "acronym": "UT",
            "types": [
                "Education"
            ],
            "longitude": 139.76222,
            "linkout": [
                "http://www.u-tokyo.ac.jp/en/"
            ],
            "latitude": 35.713333,
            "name": "University of Tokyo",
            "city_name": "Tokyo",
            "country_name": "Japan"
        }
    ],
    "times_cited": 38,
    "pmid": "22988243",
    "funders": [
        {
            "id": "grid.419082.6",
            "acronym": "JST",
            "types": [
                "Government"
            ],
            "longitude": 139.73805,
            "linkout": [
                "http://www.jst.go.jp/EN/"
            ],
            "latitude": 35.689022,
            "name": "Japan Science and Technology Agency",
            "city_name": "Tokyo",
            "country_name": "Japan"
        },
        {
            "id": "grid.54432.34",
            "acronym": "JSPS",
            "types": [
                "Nonprofit"
            ],
            "longitude": 139.74039,
            "linkout": [
                "http://www.jsps.go.jp/"
            ],
            "latitude": 35.68716,
            "name": "Japan Society for the Promotion of Science",
            "city_name": "Tokyo",
            "country_name": "Japan"
        }
    ],
    "research_org_country_names": [
        "Japan"
    ],
    "id": "pub.1039591876",
    "issue": "45",
    "journal": {
        "id": "jour.1077138",
        "title": "Journal of Biological Chemistry"
    },
    "year": 2012,
    "references": [
        "pub.1050928268",
        "pub.1055161434",
        "pub.1038298850",
        "pub.1027988994",
        "pub.1062447192",
        "pub.1003671151",
        "pub.1043248349",
        "pub.1014200709",
        "pub.1019099849",
        "pub.1047934679",
        "pub.1038748780",
        "pub.1033449947",
        "pub.1019662545",
        "pub.1021080544",
        "pub.1000985315",
        "pub.1013615237",
        "pub.1000641465",
        "pub.1039365612",
        "pub.1032864882",
        "pub.1043907392",
        "pub.1050122022",
        "pub.1038530724",
        "pub.1023814660",
        "pub.1015259360"
    ],
    "relative_citation_ratio": 1.3,
    "author_affiliations": [
        [
            {
                "first_name": "Sheng-Ying",
                "last_name": "Qin",
                "initials": "",
                "corresponding": "",
                "orcid": "",
                "current_organization_id": "grid.412601.0",
                "researcher_id": "ur.01011750206.28",
                "affiliations": [
                    {
                        "id": "grid.26999.3d",
                        "name": "University of Tokyo",
                        "city": "Tokyo",
                        "city_id": 1850147,
                        "country": "Japan",
                        "country_code": "JP",
                        "state": null,
                        "state_code": null
                    }
                ]
            },
            {
                "first_name": "Dan",
                "last_name": "Hu",
                "initials": "",
                "corresponding": "",
                "orcid": "",
                "current_organization_id": "grid.258164.c",
                "researcher_id": "ur.01135165365.88",
                "affiliations": [
                    {
                        "id": "grid.26999.3d",
                        "name": "University of Tokyo",
                        "city": "Tokyo",
                        "city_id": 1850147,
                        "country": "Japan",
                        "country_code": "JP",
                        "state": null,
                        "state_code": null
                    }
                ]
            },
            {
                "first_name": "Kana",
                "last_name": "Matsumoto",
                "initials": "",
                "corresponding": "",
                "orcid": "",
                "current_organization_id": "grid.7597.c",
                "researcher_id": "ur.0653537220.97",
                "affiliations": [
                    {
                        "id": "grid.474688.1",
                        "name": "RIKEN Advanced Science Institute",
                        "city": "Kobe",
                        "city_id": 1859171,
                        "country": "Japan",
                        "country_code": "JP",
                        "state": null,
                        "state_code": null
                    }
                ]
            },
            {
                "first_name": "Koh",
                "last_name": "Takeda",
                "initials": "",
                "corresponding": "",
                "orcid": "",
                "current_organization_id": "grid.26999.3d",
                "researcher_id": "ur.01062017772.16",
                "affiliations": [
                    {
                        "id": "grid.26999.3d",
                        "name": "University of Tokyo",
                        "city": "Tokyo",
                        "city_id": 1850147,
                        "country": "Japan",
                        "country_code": "JP",
                        "state": null,
                        "state_code": null
                    }
                ]
            },
            {
                "first_name": "Naoki",
                "last_name": "Matsumoto",
                "initials": "",
                "corresponding": "",
                "orcid": "",
                "current_organization_id": "grid.26999.3d",
                "researcher_id": "ur.01250537074.18",
                "affiliations": [
                    {
                        "id": "grid.26999.3d",
                        "name": "University of Tokyo",
                        "city": "Tokyo",
                        "city_id": 1850147,
                        "country": "Japan",
                        "country_code": "JP",
                        "state": null,
                        "state_code": null
                    }
                ]
            },
            {
                "first_name": "Yoshiki",
                "last_name": "Yamaguchi",
                "initials": "",
                "corresponding": "",
                "orcid": "['0000-0003-0098-281X']",
                "current_organization_id": "grid.479509.6",
                "researcher_id": "ur.07721701212.77",
                "affiliations": [
                    {
                        "id": "grid.474688.1",
                        "name": "RIKEN Advanced Science Institute",
                        "city": "Kobe",
                        "city_id": 1859171,
                        "country": "Japan",
                        "country_code": "JP",
                        "state": null,
                        "state_code": null
                    }
                ]
            },
            {
                "first_name": "Kazuo",
                "last_name": "Yamamoto",
                "initials": "",
                "corresponding": "",
                "orcid": "",
                "current_organization_id": "grid.26999.3d",
                "researcher_id": "ur.014042057424.44",
                "affiliations": [
                    {
                        "id": "grid.26999.3d",
                        "name": "University of Tokyo",
                        "city": "Tokyo",
                        "city_id": 1850147,
                        "country": "Japan",
                        "country_code": "JP",
                        "state": null,
                        "state_code": null
                    }
                ]
            }
        ]
    ],
    "type": "article"
}