{
    "research_orgs": [
        {
            "id": "grid.413226.0",
            "linkout": [
                "http://www.tmc.kerala.gov.in/"
            ],
            "city_name": "Thiruvananthapuram",
            "longitude": 76.928375,
            "state_name": "Kerala",
            "latitude": 8.525247,
            "name": "Government Medical College",
            "types": [
                "Education"
            ],
            "country_name": "India"
        }
    ],
    "research_org_country_names": [
        "India"
    ],
    "title": "Maternal and fetal outcome of dengue fever during pregnancy",
    "type": "article",
    "year": 2016,
    "journal": {
        "id": "jour.1049890",
        "title": "International Journal of Reproduction Contraception Obstetrics and Gynecology"
    },
    "researchers": [
        {
            "id": "ur.015072766373.82",
            "research_orgs": [
                "grid.413226.0"
            ],
            "first_name": "Sreekumary",
            "last_name": "Radha"
        },
        {
            "id": "ur.016435203165.40",
            "research_orgs": [
                "grid.413226.0"
            ],
            "first_name": "Bindu",
            "last_name": "Nambisan"
        }
    ],
    "FOR": [
        {
            "id": "3158",
            "name": "1114 Paediatrics and Reproductive Medicine"
        }
    ],
    "research_org_countries": [
        {
            "id": "IN",
            "name": "India"
        }
    ],
    "date": "2016-01-01",
    "pages": "3959-3964",
    "id": "pub.1068581018",
    "volume": "5",
    "issue": "11",
    "research_org_cities": [
        {
            "id": 1254163,
            "name": "Thiruvananthapuram"
        }
    ],
    "open_access": [
        "Open Access - all",
        "Open Access - publisher",
        "Open Access - published"
    ],
    "author_affiliations": [
        [
            {
                "first_name": "Divyasree Harikumar",
                "last_name": "Kanakalatha",
                "initials": "",
                "corresponding": "",
                "orcid": "",
                "current_organization_id": "",
                "researcher_id": "",
                "affiliations": [
                    {
                        "id": "grid.413226.0",
                        "name": "Government Medical College",
                        "city": "Thiruvananthapuram",
                        "city_id": 1254163,
                        "country": "India",
                        "country_code": "IN",
                        "state": null,
                        "state_code": null
                    }
                ]
            },
            {
                "first_name": "Sreekumary",
                "last_name": "Radha",
                "initials": "",
                "corresponding": "",
                "orcid": "",
                "current_organization_id": "grid.413226.0",
                "researcher_id": "ur.015072766373.82",
                "affiliations": [
                    {
                        "id": "grid.413226.0",
                        "name": "Government Medical College",
                        "city": "Thiruvananthapuram",
                        "city_id": 1254163,
                        "country": "India",
                        "country_code": "IN",
                        "state": null,
                        "state_code": null
                    }
                ]
            },
            {
                "first_name": "Bindu",
                "last_name": "Nambisan",
                "initials": "",
                "corresponding": "",
                "orcid": "",
                "current_organization_id": "grid.413226.0",
                "researcher_id": "ur.016435203165.40",
                "affiliations": [
                    {
                        "id": "grid.413226.0",
                        "name": "Government Medical College",
                        "city": "Thiruvananthapuram",
                        "city_id": 1254163,
                        "country": "India",
                        "country_code": "IN",
                        "state": null,
                        "state_code": null
                    }
                ]
            }
        ]
    ],
    "doi": "10.18203/2320-1770.ijrcog20163871",
    "times_cited": 2
}