{
    "research_orgs": [
        {
            "id": "grid.420089.7",
            "linkout": [
                "http://www.nichd.nih.gov/Pages/index.aspx"
            ],
            "city_name": "Bethesda",
            "longitude": -77.10042,
            "acronym": "NICHD",
            "state_name": "Maryland",
            "latitude": 39.001095,
            "name": "National Institute of Child Health and Human Development",
            "types": [
                "Facility"
            ],
            "country_name": "United States"
        }
    ],
    "research_org_country_names": [
        "United States"
    ],
    "pmid": "1634606",
    "title": "Identification of a genetic alteration in the code for bilirubin UDP-glucuronosyltransferase in the UGT1 gene complex of a Crigler-Najjar type I patient.",
    "type": "article",
    "year": 1992,
    "journal": {
        "id": "jour.1297422",
        "title": "Journal of Clinical Investigation"
    },
    "researchers": [
        {
            "id": "ur.01325474055.43",
            "research_orgs": [
                "grid.417264.2",
                "grid.224260.0",
                "grid.116068.8",
                "grid.420089.7"
            ],
            "first_name": "Joseph K",
            "last_name": "Ritter"
        },
        {
            "id": "ur.01365736774.72",
            "research_orgs": [
                "grid.94365.3d",
                "grid.420089.7"
            ],
            "first_name": "Matthew T",
            "last_name": "Yeatman"
        },
        {
            "id": "ur.0673520362.49",
            "research_orgs": [
                "grid.94365.3d",
                "grid.26009.3d",
                "grid.420086.8",
                "grid.420089.7"
            ],
            "first_name": "Ida S",
            "last_name": "Owens"
        }
    ],
    "FOR": [
        {
            "id": "2620",
            "name": "0604 Genetics"
        }
    ],
    "research_org_countries": [
        {
            "id": "US",
            "name": "United States"
        }
    ],
    "date": "1992-07-01",
    "pages": "150-155",
    "research_org_state_names": [
        "Maryland"
    ],
    "id": "pub.1038988357",
    "research_org_state_codes": [
        {
            "id": "US-MD",
            "name": "Maryland"
        }
    ],
    "volume": "90",
    "issue": "1",
    "research_org_cities": [
        {
            "id": 4348599,
            "name": "Bethesda"
        }
    ],
    "open_access": [
        "Open Access - all",
        "Open Access - publisher",
        "Open Access - published"
    ],
    "author_affiliations": [
        [
            {
                "first_name": "J K",
                "last_name": "Ritter",
                "initials": "",
                "corresponding": "",
                "orcid": "",
                "current_organization_id": "grid.224260.0",
                "researcher_id": "ur.01325474055.43",
                "affiliations": [
                    {
                        "id": "grid.420089.7",
                        "name": "National Institute of Child Health and Human Development",
                        "city": "Bethesda",
                        "city_id": 4348599,
                        "country": "United States",
                        "country_code": "US",
                        "state": "Maryland",
                        "state_code": "US-MD"
                    }
                ]
            },
            {
                "first_name": "M T",
                "last_name": "Yeatman",
                "initials": "",
                "corresponding": "",
                "orcid": "",
                "current_organization_id": "grid.420089.7",
                "researcher_id": "ur.01365736774.72",
                "affiliations": []
            },
            {
                "first_name": "P",
                "last_name": "Ferreira",
                "initials": "",
                "corresponding": "",
                "orcid": "",
                "current_organization_id": "",
                "researcher_id": "",
                "affiliations": []
            },
            {
                "first_name": "I S",
                "last_name": "Owens",
                "initials": "",
                "corresponding": "",
                "orcid": "",
                "current_organization_id": "grid.420089.7",
                "researcher_id": "ur.0673520362.49",
                "affiliations": []
            }
        ]
    ],
    "pmcid": "PMC443074",
    "doi": "10.1172/jci115829",
    "times_cited": 120,
    "references": [
        "pub.1075355152",
        "pub.1081581940",
        "pub.1026724059",
        "pub.1078955613",
        "pub.1010652624",
        "pub.1078311014",
        "pub.1034152943",
        "pub.1047250011",
        "pub.1046361387",
        "pub.1025050092",
        "pub.1036894969",
        "pub.1076217929",
        "pub.1079579612",
        "pub.1029393976",
        "pub.1040979596",
        "pub.1077806557",
        "pub.1078398996",
        "pub.1047851241",
        "pub.1004568518",
        "pub.1075699205",
        "pub.1075902509",
        "pub.1040254315",
        "pub.1031934724",
        "pub.1028259182",
        "pub.1055161954",
        "pub.1079553441",
        "pub.1079574799",
        "pub.1041044281",
        "pub.1001170391"
    ],
    "relative_citation_ratio": 4.2
}