{
    "research_orgs": [
        {
            "id": "grid.21107.35",
            "linkout": [
                "https://www.jhu.edu/"
            ],
            "city_name": "Baltimore",
            "longitude": -76.62028,
            "acronym": "JHU",
            "state_name": "Maryland",
            "latitude": 39.328888,
            "name": "Johns Hopkins University",
            "types": [
                "Education"
            ],
            "country_name": "United States"
        },
        {
            "id": "grid.34477.33",
            "linkout": [
                "http://www.washington.edu/"
            ],
            "city_name": "Seattle",
            "longitude": -122.30353,
            "acronym": "UW",
            "state_name": "Washington",
            "latitude": 47.655537,
            "name": "University of Washington",
            "types": [
                "Education"
            ],
            "country_name": "United States"
        }
    ],
    "research_org_country_names": [
        "United States"
    ],
    "pmid": "32031668",
    "title": "An integrative review of the limited evidence on international travel bans as an emerging infectious disease disaster control measure.",
    "type": "article",
    "year": 2020,
    "journal": {
        "id": "jour.1037523",
        "title": "Journal of Emergency Management"
    },
    "researchers": [
        {
            "id": "ur.01060767261.65",
            "research_orgs": [
                "grid.17091.3e",
                "grid.34477.33",
                "grid.21107.35",
                "grid.38142.3c"
            ],
            "first_name": "Nicole Ann",
            "last_name": "Errett",
            "orcid_id": [
                "0000-0002-8247-8336"
            ]
        },
        {
            "id": "ur.0634322440.96",
            "research_orgs": [
                "grid.272362.0",
                "grid.418698.a",
                "grid.21107.35"
            ],
            "first_name": "Lainie",
            "last_name": "Rutkow"
        }
    ],
    "FOR": [
        {
            "id": "3177",
            "name": "1117 Public Health and Health Services"
        }
    ],
    "research_org_countries": [
        {
            "id": "US",
            "name": "United States"
        }
    ],
    "date": "2020-01-01",
    "altmetric": 37.0,
    "pages": "7-14",
    "research_org_state_names": [
        "Washington",
        "Maryland"
    ],
    "id": "pub.1124586401",
    "research_org_state_codes": [
        {
            "id": "US-WA",
            "name": "Washington"
        },
        {
            "id": "US-MD",
            "name": "Maryland"
        }
    ],
    "volume": "18",
    "issue": "1",
    "research_org_cities": [
        {
            "id": 4347778,
            "name": "Baltimore"
        },
        {
            "id": 5809844,
            "name": "Seattle"
        }
    ],
    "open_access": [
        "Open Access - all",
        "Open Access - publisher",
        "Open Access - published"
    ],
    "author_affiliations": [
        [
            {
                "first_name": "Nicole A",
                "last_name": "Errett",
                "initials": "",
                "corresponding": "",
                "orcid": "['0000-0002-8247-8336']",
                "current_organization_id": "grid.34477.33",
                "researcher_id": "ur.01060767261.65",
                "affiliations": [
                    {
                        "id": "grid.34477.33",
                        "name": "University of Washington",
                        "city": "Seattle",
                        "city_id": 5809844,
                        "country": "United States",
                        "country_code": "US",
                        "state": "Washington",
                        "state_code": "US-WA"
                    }
                ]
            },
            {
                "first_name": "Lauren M",
                "last_name": "Sauer",
                "initials": "",
                "corresponding": "",
                "orcid": "",
                "current_organization_id": "",
                "researcher_id": "",
                "affiliations": [
                    {
                        "id": "grid.21107.35",
                        "name": "Johns Hopkins University",
                        "city": "Baltimore",
                        "city_id": 4347778,
                        "country": "United States",
                        "country_code": "US",
                        "state": "Maryland",
                        "state_code": "US-MD"
                    }
                ]
            },
            {
                "first_name": "Lainie",
                "last_name": "Rutkow",
                "initials": "",
                "corresponding": "",
                "orcid": "",
                "current_organization_id": "grid.21107.35",
                "researcher_id": "ur.0634322440.96",
                "affiliations": [
                    {
                        "id": "grid.21107.35",
                        "name": "Johns Hopkins University",
                        "city": "Baltimore",
                        "city_id": 4347778,
                        "country": "United States",
                        "country_code": "US",
                        "state": "Maryland",
                        "state_code": "US-MD"
                    }
                ]
            }
        ]
    ],
    "doi": "10.5055/jem.2020.0446",
    "times_cited": 2
}