{
    "author_affiliations": [
        [
            {
                "first_name": "Lu",
                "last_name": "Hsiao",
                "initials": "",
                "corresponding": "",
                "orcid": "",
                "current_organization_id": "grid.260542.7",
                "researcher_id": "ur.014107210012.33",
                "affiliations": [
                    {
                        "name": "National Chung Hsing University Taichung Department of Business Administration Taiwan China"
                    }
                ]
            },
            {
                "first_name": "Ying\u2010Ju",
                "last_name": "Chen",
                "initials": "",
                "corresponding": "",
                "orcid": "",
                "current_organization_id": "grid.24515.37",
                "researcher_id": "ur.015445052133.67",
                "affiliations": [
                    {
                        "id": "grid.47840.3f",
                        "name": "University of California, Berkeley",
                        "city": "Berkeley",
                        "city_id": 5327684,
                        "country": "United States",
                        "country_code": "US",
                        "state": "California",
                        "state_code": "US-CA"
                    }
                ]
            }
        ]
    ],
    "FOR": [
        {
            "id": "2790",
            "name": "0806 Information Systems"
        }
    ],
    "research_org_countries": [
        {
            "id": "US",
            "name": "United States"
        },
        {
            "id": "CN",
            "name": "China"
        }
    ],
    "title": "Strategic Motive for Introducing Internet Channels in a Supply Chain",
    "research_org_cities": [
        {
            "id": 5327684,
            "name": "Berkeley"
        }
    ],
    "pages": "36-47",
    "issue": "1",
    "research_org_state_names": [
        "California"
    ],
    "doi": "10.1111/poms.12051",
    "times_cited": 55,
    "funders": [
        {
            "id": "grid.410767.3",
            "name": "Ministry of Science and Technology",
            "linkout": [
                "https://www.most.gov.tw/en/"
            ],
            "country_name": "Taiwan",
            "types": [
                "Government"
            ],
            "latitude": 25.025145,
            "acronym": "MOST",
            "city_name": "Taipei",
            "longitude": 121.54194
        }
    ],
    "journal": {
        "id": "jour.1138007",
        "title": "Production and Operations Management"
    },
    "research_orgs": [
        {
            "id": "grid.47840.3f",
            "name": "University of California, Berkeley",
            "linkout": [
                "http://www.berkeley.edu/"
            ],
            "country_name": "United States",
            "types": [
                "Education"
            ],
            "latitude": 37.87216,
            "acronym": "UCB",
            "state_name": "California",
            "city_name": "Berkeley",
            "longitude": -122.258575
        }
    ],
    "year": 2014,
    "references": [
        "pub.1005222536",
        "pub.1064713463",
        "pub.1039828052",
        "pub.1063722642",
        "pub.1044760848",
        "pub.1047329932",
        "pub.1047766641",
        "pub.1069417419",
        "pub.1064722276",
        "pub.1064713417",
        "pub.1051301555"
    ],
    "id": "pub.1042544828",
    "research_org_country_names": [
        "China",
        "United States"
    ],
    "date": "2014-01-01",
    "research_org_state_codes": [
        {
            "id": "US-CA",
            "name": "California"
        }
    ],
    "researchers": [
        {
            "id": "ur.014107210012.33",
            "research_orgs": [
                "grid.260542.7"
            ],
            "last_name": "Hsiao",
            "first_name": "Lu"
        },
        {
            "id": "ur.015445052133.67",
            "research_orgs": [
                "grid.47840.3f",
                "grid.24515.37"
            ],
            "last_name": "Chen",
            "first_name": "Ying-Ju"
        }
    ],
    "type": "article",
    "volume": "23"
}