{
    "research_orgs": [
        {
            "id": "grid.419681.3",
            "linkout": [
                "http://www.niaid.nih.gov/Pages/default.aspx"
            ],
            "city_name": "Bethesda",
            "longitude": -77.11183,
            "acronym": "NIAID",
            "state_name": "Maryland",
            "latitude": 39.066647,
            "name": "National Institute of Allergy and Infectious Diseases",
            "types": [
                "Facility"
            ],
            "country_name": "United States"
        }
    ],
    "research_org_country_names": [
        "United States"
    ],
    "pmid": "15780866",
    "funders": [
        {
            "id": "grid.419681.3",
            "linkout": [
                "http://www.niaid.nih.gov/Pages/default.aspx"
            ],
            "city_name": "Bethesda",
            "longitude": -77.11183,
            "acronym": "NIAID",
            "state_name": "Maryland",
            "latitude": 39.066647,
            "name": "National Institute of Allergy and Infectious Diseases",
            "types": [
                "Facility"
            ],
            "country_name": "United States"
        }
    ],
    "title": "Neutralizing antibody and protective immunity to SARS coronavirus infection of mice induced by a soluble recombinant polypeptide containing an N-terminal segment of the spike glycoprotein",
    "type": "article",
    "year": 2005,
    "journal": {
        "id": "jour.1007902",
        "title": "Virology"
    },
    "researchers": [
        {
            "id": "ur.01216125534.35",
            "research_orgs": [
                "grid.417587.8",
                "grid.262229.f",
                "grid.425195.e",
                "grid.419681.3"
            ],
            "first_name": "Himani",
            "last_name": "Bisht"
        },
        {
            "id": "ur.0633330012.19",
            "research_orgs": [
                "grid.94365.3d",
                "grid.47100.32",
                "grid.27755.32",
                "grid.419681.3",
                "grid.433818.5"
            ],
            "first_name": "Anjeanette",
            "last_name": "Roberts"
        },
        {
            "id": "ur.01334644233.78",
            "research_orgs": [
                "grid.94365.3d",
                "grid.419681.3"
            ],
            "first_name": "Leatrice N",
            "last_name": "Vogel"
        },
        {
            "id": "ur.01365136616.70",
            "research_orgs": [
                "grid.239552.a",
                "grid.415709.e",
                "grid.418309.7",
                "grid.29857.31",
                "grid.483778.7",
                "grid.420089.7",
                "grid.416738.f",
                "grid.189967.8",
                "grid.419681.3",
                "grid.419260.8",
                "grid.152326.1",
                "grid.417924.d",
                "grid.25879.31",
                "grid.266832.b",
                "grid.419261.9",
                "grid.94365.3d",
                "grid.1008.9"
            ],
            "first_name": "Kanta",
            "last_name": "Subbarao",
            "orcid_id": [
                "0000-0003-1713-3056"
            ]
        },
        {
            "id": "ur.01160562132.00",
            "research_orgs": [
                "grid.420086.8",
                "grid.20861.3d",
                "grid.32224.35",
                "grid.214007.0",
                "grid.21107.35",
                "grid.419794.6",
                "grid.418152.b",
                "grid.416738.f",
                "grid.419681.3",
                "grid.416999.a",
                "grid.48336.3a",
                "grid.484471.a",
                "grid.410513.2",
                "grid.434905.f",
                "grid.189509.c",
                "grid.253615.6",
                "grid.94365.3d",
                "grid.4709.a"
            ],
            "first_name": "Bernard",
            "last_name": "Moss",
            "orcid_id": [
                "0000-0002-2154-8564"
            ]
        }
    ],
    "FOR": [
        {
            "id": "3103",
            "name": "1107 Immunology"
        }
    ],
    "research_org_countries": [
        {
            "id": "US",
            "name": "United States"
        }
    ],
    "date": "2005-04-01",
    "pages": "160-165",
    "research_org_state_names": [
        "Maryland"
    ],
    "id": "pub.1026958415",
    "research_org_state_codes": [
        {
            "id": "US-MD",
            "name": "Maryland"
        }
    ],
    "volume": "334",
    "issue": "2",
    "research_org_cities": [
        {
            "id": 4348599,
            "name": "Bethesda"
        }
    ],
    "open_access": [
        "Open Access - all",
        "Open Access - publisher",
        "Open Access - published"
    ],
    "author_affiliations": [
        [
            {
                "first_name": "Himani",
                "last_name": "Bisht",
                "initials": "",
                "corresponding": "",
                "orcid": "",
                "current_organization_id": "grid.262229.f",
                "researcher_id": "ur.01216125534.35",
                "affiliations": [
                    {
                        "id": "grid.419681.3",
                        "name": "National Institute of Allergy and Infectious Diseases",
                        "city": "Bethesda",
                        "city_id": 4348599,
                        "country": "United States",
                        "country_code": "US",
                        "state": "Maryland",
                        "state_code": "US-MD"
                    }
                ]
            },
            {
                "first_name": "Anjeanette",
                "last_name": "Roberts",
                "initials": "",
                "corresponding": "",
                "orcid": "",
                "current_organization_id": "grid.419681.3",
                "researcher_id": "ur.0633330012.19",
                "affiliations": [
                    {
                        "id": "grid.419681.3",
                        "name": "National Institute of Allergy and Infectious Diseases",
                        "city": "Bethesda",
                        "city_id": 4348599,
                        "country": "United States",
                        "country_code": "US",
                        "state": "Maryland",
                        "state_code": "US-MD"
                    }
                ]
            },
            {
                "first_name": "Leatrice",
                "last_name": "Vogel",
                "initials": "",
                "corresponding": "",
                "orcid": "",
                "current_organization_id": "grid.419681.3",
                "researcher_id": "ur.01334644233.78",
                "affiliations": [
                    {
                        "id": "grid.419681.3",
                        "name": "National Institute of Allergy and Infectious Diseases",
                        "city": "Bethesda",
                        "city_id": 4348599,
                        "country": "United States",
                        "country_code": "US",
                        "state": "Maryland",
                        "state_code": "US-MD"
                    }
                ]
            },
            {
                "first_name": "Kanta",
                "last_name": "Subbarao",
                "initials": "",
                "corresponding": "",
                "orcid": "['0000-0003-1713-3056']",
                "current_organization_id": "grid.1008.9",
                "researcher_id": "ur.01365136616.70",
                "affiliations": [
                    {
                        "id": "grid.419681.3",
                        "name": "National Institute of Allergy and Infectious Diseases",
                        "city": "Bethesda",
                        "city_id": 4348599,
                        "country": "United States",
                        "country_code": "US",
                        "state": "Maryland",
                        "state_code": "US-MD"
                    }
                ]
            },
            {
                "first_name": "Bernard",
                "last_name": "Moss",
                "initials": "",
                "corresponding": true,
                "orcid": "['0000-0002-2154-8564']",
                "current_organization_id": "grid.419681.3",
                "researcher_id": "ur.01160562132.00",
                "affiliations": [
                    {
                        "id": "grid.419681.3",
                        "name": "National Institute of Allergy and Infectious Diseases",
                        "city": "Bethesda",
                        "city_id": 4348599,
                        "country": "United States",
                        "country_code": "US",
                        "state": "Maryland",
                        "state_code": "US-MD"
                    }
                ]
            }
        ]
    ],
    "doi": "10.1016/j.virol.2005.01.042",
    "times_cited": 47,
    "references": [
        "pub.1021488077",
        "pub.1040468747",
        "pub.1024775573",
        "pub.1028759654",
        "pub.1017316824",
        "pub.1010409221",
        "pub.1025520659",
        "pub.1008731210",
        "pub.1027706220",
        "pub.1007900735",
        "pub.1021342237",
        "pub.1001392822",
        "pub.1045235645",
        "pub.1041811650",
        "pub.1014964158",
        "pub.1010358328",
        "pub.1007126433",
        "pub.1021883219",
        "pub.1021987343",
        "pub.1001541146",
        "pub.1014899288",
        "pub.1015646315",
        "pub.1050647385",
        "pub.1062713258"
    ],
    "relative_citation_ratio": 0.92
}