{
    "research_org_country_names": [
        "South Korea"
    ],
    "pmid": "28545936",
    "title": "Atypical presentations of MERS-CoV infection in immunocompromised hosts",
    "type": "article",
    "year": 2017,
    "journal": {
        "id": "jour.1115587",
        "title": "Journal of Infection and Chemotherapy"
    },
    "researchers": [
        {
            "id": "ur.010010555707.76",
            "first_name": "Si-Ho",
            "last_name": "Kim",
            "orcid_id": [
                "0000-0001-7763-8940"
            ]
        },
        {
            "id": "ur.0671222350.24",
            "research_orgs": [
                "grid.264381.a",
                "grid.414964.a",
                "grid.413897.0"
            ],
            "first_name": "Jae-Hoon",
            "last_name": "Ko",
            "orcid_id": [
                "0000-0002-9490-6609"
            ]
        },
        {
            "id": "ur.01055443213.24",
            "research_orgs": [
                "grid.31501.36",
                "grid.410897.3",
                "grid.411947.e",
                "grid.414964.a",
                "grid.414966.8"
            ],
            "first_name": "Ga-Eun",
            "last_name": "Park"
        },
        {
            "id": "ur.01157211034.58",
            "research_orgs": [
                "grid.413897.0",
                "grid.414964.a",
                "grid.194645.b",
                "grid.411231.4",
                "grid.264381.a",
                "grid.289247.2"
            ],
            "first_name": "Sun Young",
            "last_name": "Cho"
        },
        {
            "id": "ur.01073770024.31",
            "research_orgs": [
                "grid.414964.a",
                "grid.415735.1",
                "grid.264381.a"
            ],
            "first_name": "Young Eun",
            "last_name": "Ha"
        },
        {
            "id": "ur.0754337745.41",
            "research_orgs": [
                "grid.264381.a",
                "grid.410914.9",
                "grid.15444.30"
            ],
            "first_name": "Ji-Man",
            "last_name": "Kang"
        },
        {
            "id": "ur.01160642323.01",
            "research_orgs": [
                "grid.31501.36",
                "grid.240741.4",
                "grid.264381.a",
                "grid.270240.3",
                "grid.419681.3",
                "grid.17635.36",
                "grid.94365.3d",
                "grid.239424.a",
                "grid.414964.a"
            ],
            "first_name": "Yae-Jean",
            "last_name": "Kim"
        },
        {
            "id": "ur.01251322536.00",
            "research_orgs": [
                "grid.264381.a",
                "grid.414964.a"
            ],
            "first_name": "Hee-Jae",
            "last_name": "Huh",
            "orcid_id": [
                "0000-0001-8999-7561"
            ]
        },
        {
            "id": "ur.01120457340.63",
            "research_orgs": [
                "grid.264381.a",
                "grid.257413.6",
                "grid.26009.3d",
                "grid.31501.36",
                "grid.452575.4",
                "grid.414964.a",
                "grid.266471.0"
            ],
            "first_name": "Chang-Seok",
            "last_name": "Ki",
            "orcid_id": [
                "0000-0001-7679-8731"
            ]
        },
        {
            "id": "ur.0747557203.12",
            "research_orgs": [
                "grid.264381.a",
                "grid.412003.4",
                "grid.414964.a"
            ],
            "first_name": "Byeong-Ho",
            "last_name": "Jeong",
            "orcid_id": [
                "0000-0002-3124-1718"
            ]
        },
        {
            "id": "ur.01353770122.70",
            "research_orgs": [
                "grid.414964.a",
                "grid.416981.3",
                "grid.413967.e",
                "grid.410899.d",
                "grid.410914.9",
                "grid.62560.37",
                "grid.264381.a"
            ],
            "first_name": "Jinkyeong",
            "last_name": "Park",
            "orcid_id": [
                "0000-0002-8833-9062"
            ]
        },
        {
            "id": "ur.0635513500.34",
            "research_orgs": [
                "grid.251916.8",
                "grid.414964.a",
                "grid.264381.a",
                "grid.65499.37",
                "grid.489770.5",
                "grid.411261.1",
                "grid.411602.0"
            ],
            "first_name": "Jun Ho",
            "last_name": "Jang"
        },
        {
            "id": "ur.015544130274.11",
            "research_orgs": [
                "grid.256753.0",
                "grid.410914.9",
                "grid.414964.a",
                "grid.411982.7",
                "grid.411899.c",
                "grid.418158.1",
                "grid.27476.30",
                "grid.15444.30",
                "grid.264381.a",
                "grid.411277.6",
                "grid.411653.4",
                "grid.255166.3"
            ],
            "first_name": "Wonseog S",
            "last_name": "Kim"
        },
        {
            "id": "ur.0647653701.82",
            "research_orgs": [
                "grid.413897.0",
                "grid.414964.a",
                "grid.66875.3a",
                "grid.411947.e",
                "grid.264381.a",
                "grid.412484.f",
                "grid.31501.36"
            ],
            "first_name": "Cheol-In",
            "last_name": "Kang",
            "orcid_id": [
                "0000-0002-1741-4459"
            ]
        },
        {
            "id": "ur.01254516213.41",
            "research_orgs": [
                "grid.414964.a",
                "grid.411947.e",
                "grid.264381.a",
                "grid.488421.3",
                "grid.411982.7"
            ],
            "first_name": "Doo Ryeon",
            "last_name": "Chung"
        },
        {
            "id": "ur.0606655315.01",
            "research_orgs": [
                "grid.411665.1",
                "grid.264381.a",
                "grid.67105.35",
                "grid.411982.7",
                "grid.411947.e",
                "grid.414964.a"
            ],
            "first_name": "Jae-Hoon",
            "last_name": "Song"
        },
        {
            "id": "ur.01316631266.64",
            "research_orgs": [
                "grid.258676.8",
                "grid.414964.a",
                "grid.411982.7",
                "grid.411947.e",
                "grid.264381.a",
                "grid.47100.32",
                "grid.411665.1"
            ],
            "first_name": "Kyong Ran",
            "last_name": "Peck",
            "orcid_id": [
                "0000-0002-7464-9780"
            ]
        }
    ],
    "FOR": [
        {
            "id": "3114",
            "name": "1108 Medical Microbiology"
        }
    ],
    "research_org_countries": [
        {
            "id": "KR",
            "name": "South Korea"
        }
    ],
    "date": "2017-11-01",
    "pages": "769-773",
    "id": "pub.1085561598",
    "volume": "23",
    "issue": "11",
    "research_org_cities": [
        {
            "id": 1835848,
            "name": "Seoul"
        }
    ],
    "author_affiliations": [
        [
            {
                "first_name": "Si-Ho",
                "last_name": "Kim",
                "initials": "",
                "corresponding": "",
                "orcid": "['0000-0001-7763-8940']",
                "current_organization_id": "",
                "researcher_id": "ur.010010555707.76",
                "affiliations": [
                    {
                        "name": "Division of Infectious Diseases, Department of Medicine, Samsung Medical Center, Sungkyunkwan University School of Medicine, 81 Irwon-ro, Gangnam-gu, Seoul 135-710, Republic of Korea"
                    }
                ]
            },
            {
                "first_name": "Jae-Hoon",
                "last_name": "Ko",
                "initials": "",
                "corresponding": "",
                "orcid": "['0000-0002-9490-6609']",
                "current_organization_id": "grid.413897.0",
                "researcher_id": "ur.0671222350.24",
                "affiliations": [
                    {
                        "name": "Division of Infectious Diseases, Department of Medicine, Samsung Medical Center, Sungkyunkwan University School of Medicine, 81 Irwon-ro, Gangnam-gu, Seoul 135-710, Republic of Korea"
                    }
                ]
            },
            {
                "first_name": "Ga Eun",
                "last_name": "Park",
                "initials": "",
                "corresponding": "",
                "orcid": "",
                "current_organization_id": "grid.411947.e",
                "researcher_id": "ur.01055443213.24",
                "affiliations": [
                    {
                        "name": "Division of Infectious Diseases, Department of Medicine, Samsung Medical Center, Sungkyunkwan University School of Medicine, 81 Irwon-ro, Gangnam-gu, Seoul 135-710, Republic of Korea"
                    }
                ]
            },
            {
                "first_name": "Sun Young",
                "last_name": "Cho",
                "initials": "",
                "corresponding": "",
                "orcid": "",
                "current_organization_id": "grid.414964.a",
                "researcher_id": "ur.01157211034.58",
                "affiliations": [
                    {
                        "name": "Division of Infectious Diseases, Department of Medicine, Samsung Medical Center, Sungkyunkwan University School of Medicine, 81 Irwon-ro, Gangnam-gu, Seoul 135-710, Republic of Korea"
                    }
                ]
            },
            {
                "first_name": "Young Eun",
                "last_name": "Ha",
                "initials": "",
                "corresponding": "",
                "orcid": "",
                "current_organization_id": "grid.414964.a",
                "researcher_id": "ur.01073770024.31",
                "affiliations": [
                    {
                        "name": "Division of Infectious Diseases, Department of Medicine, Samsung Medical Center, Sungkyunkwan University School of Medicine, 81 Irwon-ro, Gangnam-gu, Seoul 135-710, Republic of Korea"
                    }
                ]
            },
            {
                "first_name": "Ji-Man",
                "last_name": "Kang",
                "initials": "",
                "corresponding": "",
                "orcid": "",
                "current_organization_id": "grid.15444.30",
                "researcher_id": "ur.0754337745.41",
                "affiliations": [
                    {
                        "name": "Department of Pediatrics, Samsung Medical Center, Sungkyunkwan University School of Medicine, Seoul, Republic of Korea"
                    }
                ]
            },
            {
                "first_name": "Yae-Jean",
                "last_name": "Kim",
                "initials": "",
                "corresponding": "",
                "orcid": "",
                "current_organization_id": "grid.264381.a",
                "researcher_id": "ur.01160642323.01",
                "affiliations": [
                    {
                        "name": "Department of Pediatrics, Samsung Medical Center, Sungkyunkwan University School of Medicine, Seoul, Republic of Korea"
                    }
                ]
            },
            {
                "first_name": "Hee Jae",
                "last_name": "Huh",
                "initials": "",
                "corresponding": "",
                "orcid": "['0000-0001-8999-7561']",
                "current_organization_id": "grid.264381.a",
                "researcher_id": "ur.01251322536.00",
                "affiliations": [
                    {
                        "name": "Department of Laboratory Medicine and Genetics, Samsung Medical Center, Sungkyunkwan University School of Medicine, Seoul, Republic of Korea"
                    }
                ]
            },
            {
                "first_name": "Chang-Seok",
                "last_name": "Ki",
                "initials": "",
                "corresponding": "",
                "orcid": "['0000-0001-7679-8731']",
                "current_organization_id": "grid.31501.36",
                "researcher_id": "ur.01120457340.63",
                "affiliations": [
                    {
                        "name": "Department of Laboratory Medicine and Genetics, Samsung Medical Center, Sungkyunkwan University School of Medicine, Seoul, Republic of Korea"
                    }
                ]
            },
            {
                "first_name": "Byeong-Ho",
                "last_name": "Jeong",
                "initials": "",
                "corresponding": "",
                "orcid": "['0000-0002-3124-1718']",
                "current_organization_id": "grid.414964.a",
                "researcher_id": "ur.0747557203.12",
                "affiliations": [
                    {
                        "name": "Division of Pulmonary and Critical Care Medicine, Department of Medicine, Samsung Medical Center, Sungkyunkwan University School of Medicine, Seoul, Republic of Korea"
                    }
                ]
            },
            {
                "first_name": "Jinkyeong",
                "last_name": "Park",
                "initials": "",
                "corresponding": "",
                "orcid": "['0000-0002-8833-9062']",
                "current_organization_id": "grid.264381.a",
                "researcher_id": "ur.01353770122.70",
                "affiliations": [
                    {
                        "name": "Department of Critical Care Medicine, Samsung Medical Center, Sungkyunkwan University School of Medicine, Seoul, Republic of Korea"
                    }
                ]
            },
            {
                "first_name": "Jun Ho",
                "last_name": "Jang",
                "initials": "",
                "corresponding": "",
                "orcid": "",
                "current_organization_id": "grid.414964.a",
                "researcher_id": "ur.0635513500.34",
                "affiliations": [
                    {
                        "name": "Division of Hematology-Oncology, Department of Medicine, Samsung Medical Center, Sungkyunkwan University School of Medicine, Seoul, Republic of Korea"
                    }
                ]
            },
            {
                "first_name": "Won Seog",
                "last_name": "Kim",
                "initials": "",
                "corresponding": "",
                "orcid": "",
                "current_organization_id": "grid.414964.a",
                "researcher_id": "ur.015544130274.11",
                "affiliations": [
                    {
                        "name": "Division of Hematology-Oncology, Department of Medicine, Samsung Medical Center, Sungkyunkwan University School of Medicine, Seoul, Republic of Korea"
                    }
                ]
            },
            {
                "first_name": "Cheol-In",
                "last_name": "Kang",
                "initials": "",
                "corresponding": "",
                "orcid": "['0000-0002-1741-4459']",
                "current_organization_id": "grid.414964.a",
                "researcher_id": "ur.0647653701.82",
                "affiliations": [
                    {
                        "name": "Division of Infectious Diseases, Department of Medicine, Samsung Medical Center, Sungkyunkwan University School of Medicine, 81 Irwon-ro, Gangnam-gu, Seoul 135-710, Republic of Korea"
                    }
                ]
            },
            {
                "first_name": "Doo Ryeon",
                "last_name": "Chung",
                "initials": "",
                "corresponding": "",
                "orcid": "",
                "current_organization_id": "grid.414964.a",
                "researcher_id": "ur.01254516213.41",
                "affiliations": [
                    {
                        "name": "Division of Infectious Diseases, Department of Medicine, Samsung Medical Center, Sungkyunkwan University School of Medicine, 81 Irwon-ro, Gangnam-gu, Seoul 135-710, Republic of Korea"
                    }
                ]
            },
            {
                "first_name": "Jae-Hoon",
                "last_name": "Song",
                "initials": "",
                "corresponding": "",
                "orcid": "",
                "current_organization_id": "grid.414964.a",
                "researcher_id": "ur.0606655315.01",
                "affiliations": [
                    {
                        "name": "Division of Infectious Diseases, Department of Medicine, Samsung Medical Center, Sungkyunkwan University School of Medicine, 81 Irwon-ro, Gangnam-gu, Seoul 135-710, Republic of Korea"
                    }
                ]
            },
            {
                "first_name": "Kyong Ran",
                "last_name": "Peck",
                "initials": "",
                "corresponding": true,
                "orcid": "['0000-0002-7464-9780']",
                "current_organization_id": "grid.414964.a",
                "researcher_id": "ur.01316631266.64",
                "affiliations": [
                    {
                        "name": "Division of Infectious Diseases, Department of Medicine, Samsung Medical Center, Sungkyunkwan University School of Medicine, 81 Irwon-ro, Gangnam-gu, Seoul 135-710, Republic of Korea"
                    }
                ]
            }
        ]
    ],
    "doi": "10.1016/j.jiac.2017.04.004",
    "times_cited": 6,
    "references": [
        "pub.1009495952",
        "pub.1059736435",
        "pub.1007463994",
        "pub.1044046091",
        "pub.1073742902",
        "pub.1059468232",
        "pub.1041458087"
    ],
    "relative_citation_ratio": 0.81
}