{
    "volume": "422",
    "date": "2015-07-01",
    "title": "Development and validation of a broad scheme for prediction of HLA class II restricted T cell epitopes",
    "researchers": [
        {
            "id": "ur.01336152670.86",
            "last_name": "Paul",
            "first_name": "Sinu",
            "research_orgs": [
                "grid.258518.3",
                "grid.185006.a"
            ]
        },
        {
            "id": "ur.015631136337.75",
            "last_name": "Arlehamn",
            "first_name": "Cecilia S Lindestam",
            "orcid_id": [
                "0000-0001-7302-8002"
            ],
            "research_orgs": [
                "grid.8756.c",
                "grid.185006.a"
            ]
        },
        {
            "id": "ur.01250364163.33",
            "last_name": "Scriba",
            "first_name": "Thomas Jens",
            "research_orgs": [
                "grid.7836.a",
                "grid.4991.5",
                "grid.432518.9",
                "grid.477958.0",
                "grid.11956.3a"
            ]
        },
        {
            "id": "ur.012631226152.54",
            "last_name": "Dillon",
            "first_name": "Myles B C",
            "research_orgs": [
                "grid.214007.0",
                "grid.185006.a"
            ]
        },
        {
            "id": "ur.0760677677.99",
            "last_name": "Oseroff",
            "first_name": "Carla",
            "research_orgs": [
                "grid.38142.3c",
                "grid.419849.9",
                "grid.152326.1",
                "grid.185006.a"
            ]
        },
        {
            "id": "ur.0677231226.00",
            "last_name": "Hinz",
            "first_name": "Denise",
            "research_orgs": [
                "grid.9647.c",
                "grid.7492.8",
                "grid.411339.d",
                "grid.185006.a"
            ]
        },
        {
            "id": "ur.01150425032.15",
            "last_name": "Mckinney",
            "first_name": "Denise M",
            "research_orgs": [
                "grid.419849.9",
                "grid.185006.a"
            ]
        },
        {
            "id": "ur.014076007407.21",
            "last_name": "Pro",
            "first_name": "Sebastian Carrasco",
            "research_orgs": [
                "grid.11100.31",
                "grid.189504.1",
                "grid.185006.a"
            ]
        },
        {
            "id": "ur.01027013077.15",
            "last_name": "Sidney",
            "first_name": "John C",
            "research_orgs": [
                "grid.185006.a",
                "grid.214007.0",
                "grid.7429.8",
                "grid.51462.34",
                "grid.417720.7",
                "grid.415913.b",
                "grid.478063.e",
                "grid.419849.9"
            ]
        },
        {
            "id": "ur.07447331037.97",
            "last_name": "Peters",
            "first_name": "Bjoern",
            "orcid_id": [
                "0000-0002-8457-6693"
            ],
            "research_orgs": [
                "grid.266100.3",
                "grid.266102.1",
                "grid.185006.a",
                "grid.5170.3"
            ]
        },
        {
            "id": "ur.016527313277.78",
            "last_name": "Sette",
            "first_name": "Alessandro D",
            "orcid_id": [
                "0000-0001-7013-2250"
            ],
            "research_orgs": [
                "grid.38142.3c",
                "grid.47100.32",
                "grid.418234.8",
                "grid.270240.3",
                "grid.214007.0",
                "grid.5326.2",
                "grid.5170.3",
                "grid.241116.1",
                "grid.5196.b",
                "grid.410513.2",
                "grid.428999.7",
                "grid.478063.e",
                "grid.94365.3d",
                "grid.19006.3e",
                "grid.9024.f",
                "grid.185006.a",
                "grid.27755.32",
                "grid.411535.7",
                "grid.266102.1",
                "grid.152326.1",
                "grid.266100.3",
                "grid.240324.3",
                "grid.62560.37",
                "grid.433620.0",
                "grid.168010.e",
                "grid.239395.7",
                "grid.10419.3d",
                "grid.267308.8",
                "grid.419849.9",
                "grid.7429.8",
                "grid.417720.7",
                "grid.415913.b",
                "grid.240341.0",
                "grid.10383.39",
                "grid.410820.f",
                "grid.14003.36"
            ]
        }
    ],
    "pmcid": "PMC4458426",
    "research_org_state_codes": [
        {
            "id": "US-CA",
            "name": "California"
        }
    ],
    "altmetric": 3.0,
    "pages": "28-34",
    "research_org_cities": [
        {
            "id": 3936456,
            "name": "Lima"
        },
        {
            "id": 5391811,
            "name": "San Diego"
        },
        {
            "id": 3369157,
            "name": "Cape Town"
        }
    ],
    "open_access": [
        "Open Access - all",
        "Open Access - publisher",
        "Open Access - accepted"
    ],
    "research_org_countries": [
        {
            "id": "PE",
            "name": "Peru"
        },
        {
            "id": "ZA",
            "name": "South Africa"
        },
        {
            "id": "US",
            "name": "United States"
        }
    ],
    "doi": "10.1016/j.jim.2015.03.022",
    "FOR": [
        {
            "id": "3103",
            "name": "1107 Immunology"
        }
    ],
    "times_cited": 44,
    "research_orgs": [
        {
            "id": "grid.11100.31",
            "acronym": "UPCH",
            "types": [
                "Education"
            ],
            "longitude": -77.05679,
            "linkout": [
                "http://www.upch.edu.pe/portal/"
            ],
            "latitude": -12.023458,
            "name": "Cayetano Heredia University",
            "city_name": "Lima",
            "country_name": "Peru"
        },
        {
            "id": "grid.185006.a",
            "acronym": "LIAI",
            "state_name": "California",
            "types": [
                "Nonprofit"
            ],
            "longitude": -117.22032,
            "linkout": [
                "http://www.liai.org/"
            ],
            "latitude": 32.877243,
            "name": "La Jolla Institute For Allergy & Immunology",
            "city_name": "San Diego",
            "country_name": "United States"
        },
        {
            "id": "grid.477958.0",
            "acronym": "SATVI",
            "types": [
                "Healthcare"
            ],
            "longitude": 18.462143,
            "linkout": [
                "http://www.satvi.uct.ac.za/"
            ],
            "latitude": -33.95783,
            "name": "South African Tuberculosis Vaccine Initiative",
            "city_name": "Cape Town",
            "country_name": "South Africa"
        }
    ],
    "pmid": "25862607",
    "funders": [
        {
            "id": "grid.417684.8",
            "acronym": "USPHS",
            "state_name": "District of Columbia",
            "types": [
                "Government"
            ],
            "longitude": -77.029,
            "linkout": [
                "http://www.usphs.gov/"
            ],
            "latitude": 38.919567,
            "name": "United States Public Health Service",
            "city_name": "Washington D.C.",
            "country_name": "United States"
        },
        {
            "id": "grid.418309.7",
            "acronym": "BMGF ",
            "state_name": "Washington",
            "types": [
                "Nonprofit"
            ],
            "longitude": -122.34556,
            "linkout": [
                "http://www.gatesfoundation.org/"
            ],
            "latitude": 47.62361,
            "name": "Bill & Melinda Gates Foundation",
            "city_name": "Seattle",
            "country_name": "United States"
        },
        {
            "id": "grid.419681.3",
            "acronym": "NIAID",
            "state_name": "Maryland",
            "types": [
                "Facility"
            ],
            "longitude": -77.11183,
            "linkout": [
                "http://www.niaid.nih.gov/Pages/default.aspx"
            ],
            "latitude": 39.066647,
            "name": "National Institute of Allergy and Infectious Diseases",
            "city_name": "Bethesda",
            "country_name": "United States"
        }
    ],
    "research_org_country_names": [
        "United States",
        "South Africa",
        "Peru"
    ],
    "id": "pub.1051092301",
    "journal": {
        "id": "jour.1114435",
        "title": "Journal of Immunological Methods"
    },
    "year": 2015,
    "references": [
        "pub.1019247813",
        "pub.1019496623",
        "pub.1043407687",
        "pub.1004652209",
        "pub.1001814252",
        "pub.1078176005",
        "pub.1006176849",
        "pub.1033322319",
        "pub.1042011023",
        "pub.1011489294",
        "pub.1020429024",
        "pub.1078579069",
        "pub.1020231336",
        "pub.1011347571",
        "pub.1078540754",
        "pub.1038886514"
    ],
    "relative_citation_ratio": 2.48,
    "research_org_state_names": [
        "California"
    ],
    "author_affiliations": [
        [
            {
                "first_name": "Sinu",
                "last_name": "Paul",
                "initials": "",
                "corresponding": true,
                "orcid": "",
                "current_organization_id": "grid.185006.a",
                "researcher_id": "ur.01336152670.86",
                "affiliations": [
                    {
                        "id": "grid.185006.a",
                        "name": "La Jolla Institute For Allergy & Immunology",
                        "city": "San Diego",
                        "city_id": 5391811,
                        "country": "United States",
                        "country_code": "US",
                        "state": "California",
                        "state_code": "US-CA"
                    }
                ]
            },
            {
                "first_name": "Cecilia S. Lindestam",
                "last_name": "Arlehamn",
                "initials": "",
                "corresponding": "",
                "orcid": "['0000-0001-7302-8002']",
                "current_organization_id": "grid.185006.a",
                "researcher_id": "ur.015631136337.75",
                "affiliations": [
                    {
                        "id": "grid.185006.a",
                        "name": "La Jolla Institute For Allergy & Immunology",
                        "city": "San Diego",
                        "city_id": 5391811,
                        "country": "United States",
                        "country_code": "US",
                        "state": "California",
                        "state_code": "US-CA"
                    }
                ]
            },
            {
                "first_name": "Thomas J.",
                "last_name": "Scriba",
                "initials": "",
                "corresponding": "",
                "orcid": "",
                "current_organization_id": "grid.477958.0",
                "researcher_id": "ur.01250364163.33",
                "affiliations": [
                    {
                        "id": "grid.477958.0",
                        "name": "South African Tuberculosis Vaccine Initiative",
                        "city": "Cape Town",
                        "city_id": 3369157,
                        "country": "South Africa",
                        "country_code": "ZA",
                        "state": null,
                        "state_code": null
                    }
                ]
            },
            {
                "first_name": "Myles B.C.",
                "last_name": "Dillon",
                "initials": "",
                "corresponding": "",
                "orcid": "",
                "current_organization_id": "grid.185006.a",
                "researcher_id": "ur.012631226152.54",
                "affiliations": [
                    {
                        "id": "grid.185006.a",
                        "name": "La Jolla Institute For Allergy & Immunology",
                        "city": "San Diego",
                        "city_id": 5391811,
                        "country": "United States",
                        "country_code": "US",
                        "state": "California",
                        "state_code": "US-CA"
                    }
                ]
            },
            {
                "first_name": "Carla",
                "last_name": "Oseroff",
                "initials": "",
                "corresponding": "",
                "orcid": "",
                "current_organization_id": "grid.185006.a",
                "researcher_id": "ur.0760677677.99",
                "affiliations": [
                    {
                        "id": "grid.185006.a",
                        "name": "La Jolla Institute For Allergy & Immunology",
                        "city": "San Diego",
                        "city_id": 5391811,
                        "country": "United States",
                        "country_code": "US",
                        "state": "California",
                        "state_code": "US-CA"
                    }
                ]
            },
            {
                "first_name": "Denise",
                "last_name": "Hinz",
                "initials": "",
                "corresponding": "",
                "orcid": "",
                "current_organization_id": "grid.185006.a",
                "researcher_id": "ur.0677231226.00",
                "affiliations": [
                    {
                        "id": "grid.185006.a",
                        "name": "La Jolla Institute For Allergy & Immunology",
                        "city": "San Diego",
                        "city_id": 5391811,
                        "country": "United States",
                        "country_code": "US",
                        "state": "California",
                        "state_code": "US-CA"
                    }
                ]
            },
            {
                "first_name": "Denise M.",
                "last_name": "McKinney",
                "initials": "",
                "corresponding": "",
                "orcid": "",
                "current_organization_id": "grid.185006.a",
                "researcher_id": "ur.01150425032.15",
                "affiliations": [
                    {
                        "id": "grid.185006.a",
                        "name": "La Jolla Institute For Allergy & Immunology",
                        "city": "San Diego",
                        "city_id": 5391811,
                        "country": "United States",
                        "country_code": "US",
                        "state": "California",
                        "state_code": "US-CA"
                    }
                ]
            },
            {
                "first_name": "Sebastian Carrasco",
                "last_name": "Pro",
                "initials": "",
                "corresponding": "",
                "orcid": "",
                "current_organization_id": "grid.189504.1",
                "researcher_id": "ur.014076007407.21",
                "affiliations": [
                    {
                        "id": "grid.11100.31",
                        "name": "Cayetano Heredia University",
                        "city": "Lima",
                        "city_id": 3936456,
                        "country": "Peru",
                        "country_code": "PE",
                        "state": null,
                        "state_code": null
                    }
                ]
            },
            {
                "first_name": "John",
                "last_name": "Sidney",
                "initials": "",
                "corresponding": "",
                "orcid": "",
                "current_organization_id": "grid.185006.a",
                "researcher_id": "ur.01027013077.15",
                "affiliations": [
                    {
                        "id": "grid.185006.a",
                        "name": "La Jolla Institute For Allergy & Immunology",
                        "city": "San Diego",
                        "city_id": 5391811,
                        "country": "United States",
                        "country_code": "US",
                        "state": "California",
                        "state_code": "US-CA"
                    }
                ]
            },
            {
                "first_name": "Bjoern",
                "last_name": "Peters",
                "initials": "",
                "corresponding": "",
                "orcid": "['0000-0002-8457-6693']",
                "current_organization_id": "grid.266100.3",
                "researcher_id": "ur.07447331037.97",
                "affiliations": [
                    {
                        "id": "grid.185006.a",
                        "name": "La Jolla Institute For Allergy & Immunology",
                        "city": "San Diego",
                        "city_id": 5391811,
                        "country": "United States",
                        "country_code": "US",
                        "state": "California",
                        "state_code": "US-CA"
                    }
                ]
            },
            {
                "first_name": "Alessandro",
                "last_name": "Sette",
                "initials": "",
                "corresponding": "",
                "orcid": "['0000-0001-7013-2250']",
                "current_organization_id": "grid.266100.3",
                "researcher_id": "ur.016527313277.78",
                "affiliations": [
                    {
                        "id": "grid.185006.a",
                        "name": "La Jolla Institute For Allergy & Immunology",
                        "city": "San Diego",
                        "city_id": 5391811,
                        "country": "United States",
                        "country_code": "US",
                        "state": "California",
                        "state_code": "US-CA"
                    }
                ]
            }
        ]
    ],
    "type": "article"
}