{
    "pmid": "15951554",
    "author_affiliations": [
        [
            {
                "first_name": "M E",
                "last_name": "Guicciardi",
                "initials": "",
                "corresponding": "",
                "orcid": "",
                "current_organization_id": "grid.66875.3a",
                "researcher_id": "ur.01245461126.30",
                "affiliations": [
                    {
                        "id": "grid.66875.3a",
                        "name": "Mayo Clinic",
                        "city": "Rochester",
                        "city_id": 5043473,
                        "country": "United States",
                        "country_code": "US",
                        "state": "Minnesota",
                        "state_code": "US-MN"
                    }
                ]
            },
            {
                "first_name": "G J",
                "last_name": "Gores",
                "initials": "",
                "corresponding": "",
                "orcid": "",
                "current_organization_id": "grid.66875.3a",
                "researcher_id": "ur.07702206317.64",
                "affiliations": [
                    {
                        "id": "grid.66875.3a",
                        "name": "Mayo Clinic",
                        "city": "Rochester",
                        "city_id": 5043473,
                        "country": "United States",
                        "country_code": "US",
                        "state": "Minnesota",
                        "state_code": "US-MN"
                    }
                ]
            }
        ]
    ],
    "altmetric": 13.0,
    "research_org_countries": [
        {
            "id": "US",
            "name": "United States"
        }
    ],
    "title": "Apoptosis: a mechanism of acute and chronic liver injury",
    "research_org_cities": [
        {
            "id": 5043473,
            "name": "Rochester"
        }
    ],
    "pages": "1024",
    "issue": "7",
    "research_org_state_names": [
        "Minnesota"
    ],
    "open_access": [
        "Open Access - all",
        "Open Access - publisher",
        "Open Access - published"
    ],
    "doi": "10.1136/gut.2004.053850",
    "times_cited": 307,
    "funders": [
        {
            "id": "grid.66875.3a",
            "name": "Mayo Clinic",
            "linkout": [
                "http://www.mayoclinic.org/patient-visitor-guide/minnesota"
            ],
            "country_name": "United States",
            "types": [
                "Healthcare"
            ],
            "latitude": 44.02407,
            "state_name": "Minnesota",
            "city_name": "Rochester",
            "longitude": -92.46631
        },
        {
            "id": "grid.419635.c",
            "name": "National Institute of Diabetes and Digestive and Kidney Diseases",
            "linkout": [
                "http://www.niddk.nih.gov/"
            ],
            "country_name": "United States",
            "types": [
                "Facility"
            ],
            "latitude": 39.003628,
            "acronym": "NIDDK",
            "state_name": "Maryland",
            "city_name": "Bethesda",
            "longitude": -77.10107
        }
    ],
    "journal": {
        "id": "jour.1077125",
        "title": "Gut"
    },
    "research_orgs": [
        {
            "id": "grid.66875.3a",
            "name": "Mayo Clinic",
            "linkout": [
                "http://www.mayoclinic.org/patient-visitor-guide/minnesota"
            ],
            "country_name": "United States",
            "types": [
                "Healthcare"
            ],
            "latitude": 44.02407,
            "state_name": "Minnesota",
            "city_name": "Rochester",
            "longitude": -92.46631
        }
    ],
    "year": 2005,
    "references": [
        "pub.1027463362",
        "pub.1036497883",
        "pub.1023486612",
        "pub.1082915965",
        "pub.1007472017",
        "pub.1021341348",
        "pub.1041309357",
        "pub.1034791477",
        "pub.1062647410",
        "pub.1011477717",
        "pub.1022617160",
        "pub.1025326702",
        "pub.1036467989",
        "pub.1039276670",
        "pub.1042410192",
        "pub.1015458536",
        "pub.1008451806",
        "pub.1041952437",
        "pub.1060280785",
        "pub.1005426584",
        "pub.1008722318",
        "pub.1009858161",
        "pub.1074955344",
        "pub.1048728602",
        "pub.1074494014",
        "pub.1030513189",
        "pub.1019241574",
        "pub.1039200014",
        "pub.1019614840",
        "pub.1018690754",
        "pub.1005723783",
        "pub.1052777164",
        "pub.1063416294",
        "pub.1000381031",
        "pub.1007962433",
        "pub.1048831121",
        "pub.1060361736",
        "pub.1062551642",
        "pub.1043234993",
        "pub.1016125354",
        "pub.1016413631",
        "pub.1028367632",
        "pub.1035175548",
        "pub.1044448312",
        "pub.1011878128",
        "pub.1018360617",
        "pub.1071535595",
        "pub.1013463576",
        "pub.1060279723",
        "pub.1024855500",
        "pub.1038958880",
        "pub.1013962934",
        "pub.1075623385",
        "pub.1020482748",
        "pub.1022959497",
        "pub.1000226386",
        "pub.1018803571",
        "pub.1027252877",
        "pub.1039693635",
        "pub.1051667282",
        "pub.1002980873",
        "pub.1045094338",
        "pub.1024730668",
        "pub.1001208621",
        "pub.1035223437",
        "pub.1047242151",
        "pub.1045183125",
        "pub.1022325441",
        "pub.1075234179",
        "pub.1042251336",
        "pub.1023907915",
        "pub.1083295733",
        "pub.1062554936",
        "pub.1037877126",
        "pub.1074687345",
        "pub.1041440845",
        "pub.1082468516",
        "pub.1014106683",
        "pub.1013409586",
        "pub.1074853215",
        "pub.1027122594",
        "pub.1044122339",
        "pub.1072835029",
        "pub.1009911190",
        "pub.1037713935",
        "pub.1074655654",
        "pub.1026250424",
        "pub.1042163603",
        "pub.1004840254",
        "pub.1005609004",
        "pub.1050650199",
        "pub.1037526041",
        "pub.1007017300",
        "pub.1000412888",
        "pub.1009387863",
        "pub.1015617506",
        "pub.1031913746",
        "pub.1013739351",
        "pub.1057481222",
        "pub.1005006694",
        "pub.1001493854",
        "pub.1021067304",
        "pub.1033271131",
        "pub.1074955675",
        "pub.1042803112",
        "pub.1018489618",
        "pub.1062512950",
        "pub.1040930166",
        "pub.1034765439",
        "pub.1014440549",
        "pub.1062562275",
        "pub.1062562276",
        "pub.1038157995",
        "pub.1045115085",
        "pub.1047621024",
        "pub.1013097638",
        "pub.1075286784",
        "pub.1013967703",
        "pub.1071514714",
        "pub.1015760193",
        "pub.1027799699",
        "pub.1016147435",
        "pub.1047394590",
        "pub.1022881325",
        "pub.1005331885",
        "pub.1026636071",
        "pub.1014072359",
        "pub.1042580199",
        "pub.1001453623",
        "pub.1057481421"
    ],
    "id": "pub.1019073690",
    "research_org_country_names": [
        "United States"
    ],
    "date": "2005-07-01",
    "research_org_state_codes": [
        {
            "id": "US-MN",
            "name": "Minnesota"
        }
    ],
    "researchers": [
        {
            "id": "ur.01245461126.30",
            "research_orgs": [
                "grid.66875.3a",
                "grid.7548.e"
            ],
            "last_name": "Guicciardi",
            "first_name": "Maria Eugenia"
        },
        {
            "id": "ur.07702206317.64",
            "research_orgs": [
                "grid.67033.31",
                "grid.410372.3",
                "grid.411394.a",
                "grid.47100.32",
                "grid.254444.7",
                "grid.25879.31",
                "grid.240145.6",
                "grid.410718.b",
                "grid.66875.3a",
                "grid.410711.2",
                "grid.414376.3",
                "grid.259828.c",
                "grid.21107.35",
                "grid.262962.b",
                "grid.5386.8",
                "grid.134563.6",
                "grid.10698.36",
                "grid.21729.3f",
                "grid.5608.b",
                "grid.224260.0",
                "grid.411588.1",
                "grid.194645.b",
                "grid.59734.3c",
                "grid.51462.34",
                "grid.266102.1",
                "grid.24827.3b",
                "grid.417998.a",
                "grid.48336.3a",
                "grid.266100.3",
                "grid.414812.a",
                "grid.422402.2",
                "grid.267308.8",
                "grid.239573.9",
                "grid.15276.37",
                "grid.189967.8",
                "grid.475010.7",
                "grid.411083.f",
                "grid.10423.34"
            ],
            "last_name": "Gores",
            "first_name": "Gregory J",
            "orcid_id": [
                "0000-0003-3151-009X"
            ]
        }
    ],
    "relative_citation_ratio": 6.67,
    "type": "article",
    "volume": "54",
    "pmcid": "PMC1774601"
}