{
    "research_orgs": [
        {
            "id": "grid.45203.30",
            "linkout": [
                "http://www.ncgm.go.jp/eng/"
            ],
            "city_name": "Tokyo",
            "longitude": 139.71623,
            "acronym": "NCGM",
            "latitude": 35.701614,
            "name": "National Center For Global Health and Medicine",
            "types": [
                "Healthcare"
            ],
            "country_name": "Japan"
        },
        {
            "id": "grid.410795.e",
            "linkout": [
                "http://www.nih.go.jp/niid/en/"
            ],
            "city_name": "Tokyo",
            "longitude": 139.71712,
            "acronym": "NIID",
            "state_name": "T\u00f4ky\u00f4",
            "latitude": 35.704838,
            "name": "National Institute of Infectious Diseases",
            "types": [
                "Government"
            ],
            "country_name": "Japan"
        }
    ],
    "research_org_country_names": [
        "Japan"
    ],
    "pmid": "32165541",
    "funders": [
        {
            "id": "grid.480536.c",
            "linkout": [
                "http://www.amed.go.jp/en/"
            ],
            "city_name": "Tokyo",
            "longitude": 139.76434,
            "acronym": "AMED",
            "latitude": 35.687325,
            "name": "Japan Agency for Medical Research and Development",
            "types": [
                "Facility"
            ],
            "country_name": "Japan"
        },
        {
            "id": "grid.54432.34",
            "linkout": [
                "http://www.jsps.go.jp/"
            ],
            "city_name": "Tokyo",
            "longitude": 139.74039,
            "acronym": "JSPS",
            "latitude": 35.68716,
            "name": "Japan Society for the Promotion of Science",
            "types": [
                "Nonprofit"
            ],
            "country_name": "Japan"
        }
    ],
    "title": "Enhanced isolation of SARS-CoV-2 by TMPRSS2-expressing cells",
    "type": "article",
    "year": 2020,
    "journal": {
        "id": "jour.1082971",
        "title": "Proceedings of the National Academy of Sciences of the United States of America"
    },
    "FOR": [
        {
            "id": "3114",
            "name": "1108 Medical Microbiology"
        }
    ],
    "research_org_countries": [
        {
            "id": "JP",
            "name": "Japan"
        }
    ],
    "date": "2020-03-12",
    "altmetric": 636.0,
    "pages": "202002589",
    "id": "pub.1125615215",
    "research_org_cities": [
        {
            "id": 1850147,
            "name": "Tokyo"
        }
    ],
    "author_affiliations": [
        [
            {
                "first_name": "Shutoku",
                "last_name": "Matsuyama",
                "initials": "",
                "corresponding": "",
                "orcid": "",
                "current_organization_id": "",
                "researcher_id": "",
                "affiliations": [
                    {
                        "id": "grid.410795.e",
                        "name": "National Institute of Infectious Diseases",
                        "city": "Tokyo",
                        "city_id": 1850147,
                        "country": "Japan",
                        "country_code": "JP",
                        "state": null,
                        "state_code": null
                    }
                ]
            },
            {
                "first_name": "Naganori",
                "last_name": "Nao",
                "initials": "",
                "corresponding": "",
                "orcid": "",
                "current_organization_id": "",
                "researcher_id": "",
                "affiliations": [
                    {
                        "id": "grid.410795.e",
                        "name": "National Institute of Infectious Diseases",
                        "city": "Tokyo",
                        "city_id": 1850147,
                        "country": "Japan",
                        "country_code": "JP",
                        "state": null,
                        "state_code": null
                    }
                ]
            },
            {
                "first_name": "Kazuya",
                "last_name": "Shirato",
                "initials": "",
                "corresponding": "",
                "orcid": "",
                "current_organization_id": "",
                "researcher_id": "",
                "affiliations": [
                    {
                        "id": "grid.410795.e",
                        "name": "National Institute of Infectious Diseases",
                        "city": "Tokyo",
                        "city_id": 1850147,
                        "country": "Japan",
                        "country_code": "JP",
                        "state": null,
                        "state_code": null
                    }
                ]
            },
            {
                "first_name": "Miyuki",
                "last_name": "Kawase",
                "initials": "",
                "corresponding": "",
                "orcid": "",
                "current_organization_id": "",
                "researcher_id": "",
                "affiliations": [
                    {
                        "id": "grid.410795.e",
                        "name": "National Institute of Infectious Diseases",
                        "city": "Tokyo",
                        "city_id": 1850147,
                        "country": "Japan",
                        "country_code": "JP",
                        "state": null,
                        "state_code": null
                    }
                ]
            },
            {
                "first_name": "Shinji",
                "last_name": "Saito",
                "initials": "",
                "corresponding": "",
                "orcid": "",
                "current_organization_id": "",
                "researcher_id": "",
                "affiliations": [
                    {
                        "id": "grid.410795.e",
                        "name": "National Institute of Infectious Diseases",
                        "city": "Tokyo",
                        "city_id": 1850147,
                        "country": "Japan",
                        "country_code": "JP",
                        "state": null,
                        "state_code": null
                    }
                ]
            },
            {
                "first_name": "Ikuyo",
                "last_name": "Takayama",
                "initials": "",
                "corresponding": "",
                "orcid": "",
                "current_organization_id": "",
                "researcher_id": "",
                "affiliations": [
                    {
                        "id": "grid.410795.e",
                        "name": "National Institute of Infectious Diseases",
                        "city": "Tokyo",
                        "city_id": 1850147,
                        "country": "Japan",
                        "country_code": "JP",
                        "state": null,
                        "state_code": null
                    }
                ]
            },
            {
                "first_name": "Noriyo",
                "last_name": "Nagata",
                "initials": "",
                "corresponding": "",
                "orcid": "",
                "current_organization_id": "",
                "researcher_id": "",
                "affiliations": [
                    {
                        "id": "grid.410795.e",
                        "name": "National Institute of Infectious Diseases",
                        "city": "Tokyo",
                        "city_id": 1850147,
                        "country": "Japan",
                        "country_code": "JP",
                        "state": null,
                        "state_code": null
                    }
                ]
            },
            {
                "first_name": "Tsuyoshi",
                "last_name": "Sekizuka",
                "initials": "",
                "corresponding": "",
                "orcid": "",
                "current_organization_id": "",
                "researcher_id": "",
                "affiliations": [
                    {
                        "id": "grid.410795.e",
                        "name": "National Institute of Infectious Diseases",
                        "city": "Tokyo",
                        "city_id": 1850147,
                        "country": "Japan",
                        "country_code": "JP",
                        "state": null,
                        "state_code": null
                    }
                ]
            },
            {
                "first_name": "Hiroshi",
                "last_name": "Katoh",
                "initials": "",
                "corresponding": "",
                "orcid": "",
                "current_organization_id": "",
                "researcher_id": "",
                "affiliations": [
                    {
                        "id": "grid.410795.e",
                        "name": "National Institute of Infectious Diseases",
                        "city": "Tokyo",
                        "city_id": 1850147,
                        "country": "Japan",
                        "country_code": "JP",
                        "state": null,
                        "state_code": null
                    }
                ]
            },
            {
                "first_name": "Fumihiro",
                "last_name": "Kato",
                "initials": "",
                "corresponding": "",
                "orcid": "",
                "current_organization_id": "",
                "researcher_id": "",
                "affiliations": [
                    {
                        "id": "grid.410795.e",
                        "name": "National Institute of Infectious Diseases",
                        "city": "Tokyo",
                        "city_id": 1850147,
                        "country": "Japan",
                        "country_code": "JP",
                        "state": null,
                        "state_code": null
                    }
                ]
            },
            {
                "first_name": "Masafumi",
                "last_name": "Sakata",
                "initials": "",
                "corresponding": "",
                "orcid": "",
                "current_organization_id": "",
                "researcher_id": "",
                "affiliations": [
                    {
                        "id": "grid.410795.e",
                        "name": "National Institute of Infectious Diseases",
                        "city": "Tokyo",
                        "city_id": 1850147,
                        "country": "Japan",
                        "country_code": "JP",
                        "state": null,
                        "state_code": null
                    }
                ]
            },
            {
                "first_name": "Maino",
                "last_name": "Tahara",
                "initials": "",
                "corresponding": "",
                "orcid": "",
                "current_organization_id": "",
                "researcher_id": "",
                "affiliations": [
                    {
                        "id": "grid.410795.e",
                        "name": "National Institute of Infectious Diseases",
                        "city": "Tokyo",
                        "city_id": 1850147,
                        "country": "Japan",
                        "country_code": "JP",
                        "state": null,
                        "state_code": null
                    }
                ]
            },
            {
                "first_name": "Satoshi",
                "last_name": "Kutsuna",
                "initials": "",
                "corresponding": "",
                "orcid": "",
                "current_organization_id": "",
                "researcher_id": "",
                "affiliations": [
                    {
                        "id": "grid.45203.30",
                        "name": "National Center For Global Health and Medicine",
                        "city": "Tokyo",
                        "city_id": 1850147,
                        "country": "Japan",
                        "country_code": "JP",
                        "state": null,
                        "state_code": null
                    }
                ]
            },
            {
                "first_name": "Norio",
                "last_name": "Ohmagari",
                "initials": "",
                "corresponding": "",
                "orcid": "",
                "current_organization_id": "",
                "researcher_id": "",
                "affiliations": [
                    {
                        "id": "grid.45203.30",
                        "name": "National Center For Global Health and Medicine",
                        "city": "Tokyo",
                        "city_id": 1850147,
                        "country": "Japan",
                        "country_code": "JP",
                        "state": null,
                        "state_code": null
                    }
                ]
            },
            {
                "first_name": "Makoto",
                "last_name": "Kuroda",
                "initials": "",
                "corresponding": "",
                "orcid": "",
                "current_organization_id": "",
                "researcher_id": "",
                "affiliations": [
                    {
                        "id": "grid.410795.e",
                        "name": "National Institute of Infectious Diseases",
                        "city": "Tokyo",
                        "city_id": 1850147,
                        "country": "Japan",
                        "country_code": "JP",
                        "state": null,
                        "state_code": null
                    }
                ]
            },
            {
                "first_name": "Tadaki",
                "last_name": "Suzuki",
                "initials": "",
                "corresponding": "",
                "orcid": "",
                "current_organization_id": "",
                "researcher_id": "",
                "affiliations": [
                    {
                        "id": "grid.410795.e",
                        "name": "National Institute of Infectious Diseases",
                        "city": "Tokyo",
                        "city_id": 1850147,
                        "country": "Japan",
                        "country_code": "JP",
                        "state": null,
                        "state_code": null
                    }
                ]
            },
            {
                "first_name": "Tsutomu",
                "last_name": "Kageyama",
                "initials": "",
                "corresponding": "",
                "orcid": "",
                "current_organization_id": "",
                "researcher_id": "",
                "affiliations": [
                    {
                        "id": "grid.410795.e",
                        "name": "National Institute of Infectious Diseases",
                        "city": "Tokyo",
                        "city_id": 1850147,
                        "country": "Japan",
                        "country_code": "JP",
                        "state": null,
                        "state_code": null
                    }
                ]
            },
            {
                "first_name": "Makoto",
                "last_name": "Takeda",
                "initials": "",
                "corresponding": "",
                "orcid": "",
                "current_organization_id": "",
                "researcher_id": "",
                "affiliations": [
                    {
                        "id": "grid.410795.e",
                        "name": "National Institute of Infectious Diseases",
                        "city": "Tokyo",
                        "city_id": 1850147,
                        "country": "Japan",
                        "country_code": "JP",
                        "state": null,
                        "state_code": null
                    }
                ]
            }
        ]
    ],
    "doi": "10.1073/pnas.2002589117",
    "times_cited": 0,
    "references": [
        "pub.1124289146",
        "pub.1043774527",
        "pub.1124934096",
        "pub.1016798392",
        "pub.1124428749",
        "pub.1124326515",
        "pub.1111330539",
        "pub.1124545162",
        "pub.1019772547",
        "pub.1032855354",
        "pub.1049986879",
        "pub.1105625140",
        "pub.1007503127",
        "pub.1124545567",
        "pub.1022169040"
    ]
}