{
    "research_org_country_names": [
        "China"
    ],
    "title": "Exuberant elevation of IP-10, MCP-3 and IL-1ra during SARS-CoV-2 infection is associated with disease severity and fatal outcome",
    "type": "article",
    "year": 2020,
    "journal": {
        "id": "jour.1369542",
        "title": "medRxiv"
    },
    "FOR": [
        {
            "id": "3053",
            "name": "1103 Clinical Sciences"
        }
    ],
    "research_org_countries": [
        {
            "id": "CN",
            "name": "China"
        }
    ],
    "date": "2020-03-06",
    "altmetric": 3.0,
    "pages": "2020.03.02.20029975",
    "id": "pub.1125456326",
    "research_org_cities": [
        {
            "id": 1795565,
            "name": "Shenzhen"
        }
    ],
    "open_access": [
        "Open Access - all",
        "Open Access - publisher",
        "Open Access - published"
    ],
    "author_affiliations": [
        [
            {
                "first_name": "Yang",
                "last_name": "Yang",
                "initials": "",
                "corresponding": "",
                "orcid": "",
                "current_organization_id": "",
                "researcher_id": "",
                "affiliations": [
                    {
                        "name": "Shenzhen Third People's Hospital, Second Affiliated Hospital of Southern University of Science and Technology;"
                    }
                ]
            },
            {
                "first_name": "Chenguang",
                "last_name": "Shen",
                "initials": "",
                "corresponding": "",
                "orcid": "",
                "current_organization_id": "",
                "researcher_id": "",
                "affiliations": [
                    {
                        "name": "Shenzhen Third People's Hospital, Second Affiliated Hospital of Southern University of Science and Technology;"
                    }
                ]
            },
            {
                "first_name": "Jinxiu",
                "last_name": "Li",
                "initials": "",
                "corresponding": "",
                "orcid": "",
                "current_organization_id": "",
                "researcher_id": "",
                "affiliations": [
                    {
                        "name": "Shenzhen Third People's Hospital, Second Affiliated Hospital of Southern University of Science and Technology;"
                    }
                ]
            },
            {
                "first_name": "Jing",
                "last_name": "Yuan",
                "initials": "",
                "corresponding": "",
                "orcid": "",
                "current_organization_id": "",
                "researcher_id": "",
                "affiliations": [
                    {
                        "name": "Shenzhen Third People's Hospital, Second Affiliated Hospital of Southern University of Science and Technology;"
                    }
                ]
            },
            {
                "first_name": "Minghui",
                "last_name": "Yang",
                "initials": "",
                "corresponding": "",
                "orcid": "",
                "current_organization_id": "",
                "researcher_id": "",
                "affiliations": [
                    {
                        "name": "Shenzhen Third People's Hospital"
                    }
                ]
            },
            {
                "first_name": "Fuxiang",
                "last_name": "Wang",
                "initials": "",
                "corresponding": "",
                "orcid": "",
                "current_organization_id": "",
                "researcher_id": "",
                "affiliations": [
                    {
                        "name": "Shenzhen Third People's Hospital, Second Affiliated Hospital of Southern University of Science and Technology;"
                    }
                ]
            },
            {
                "first_name": "Guobao",
                "last_name": "Li",
                "initials": "",
                "corresponding": "",
                "orcid": "",
                "current_organization_id": "",
                "researcher_id": "",
                "affiliations": [
                    {
                        "name": "Shenzhen Third People's Hospital, Second Affiliated Hospital of Southern University of Science and Technology;"
                    }
                ]
            },
            {
                "first_name": "Yanjie",
                "last_name": "Li",
                "initials": "",
                "corresponding": "",
                "orcid": "",
                "current_organization_id": "",
                "researcher_id": "",
                "affiliations": [
                    {
                        "name": "Shenzhen Third People's Hospital, Second Affiliated Hospital of Southern University of Science and Technology;"
                    }
                ]
            },
            {
                "first_name": "Li",
                "last_name": "Xing",
                "initials": "",
                "corresponding": "",
                "orcid": "",
                "current_organization_id": "",
                "researcher_id": "",
                "affiliations": [
                    {
                        "name": "Shenzhen Third People's Hospital, Second Affiliated Hospital of Southern University of Science and Technology;"
                    }
                ]
            },
            {
                "first_name": "Ling",
                "last_name": "Peng",
                "initials": "",
                "corresponding": "",
                "orcid": "",
                "current_organization_id": "",
                "researcher_id": "",
                "affiliations": [
                    {
                        "name": "Shenzhen Third People's Hospital, Second Affiliated Hospital of Southern University of Science and Technology;"
                    }
                ]
            },
            {
                "first_name": "Jinli",
                "last_name": "Wei",
                "initials": "",
                "corresponding": "",
                "orcid": "",
                "current_organization_id": "",
                "researcher_id": "",
                "affiliations": [
                    {
                        "name": "Shenzhen Third People's Hospital, Second Affiliated Hospital of Southern University of Science and Technology;"
                    }
                ]
            },
            {
                "first_name": "Mengli",
                "last_name": "Cao",
                "initials": "",
                "corresponding": "",
                "orcid": "",
                "current_organization_id": "",
                "researcher_id": "",
                "affiliations": [
                    {
                        "name": "Shenzhen Third People's Hospital, Second Affiliated Hospital of Southern University of Science and Technology;"
                    }
                ]
            },
            {
                "first_name": "Haixia",
                "last_name": "Zheng",
                "initials": "",
                "corresponding": "",
                "orcid": "",
                "current_organization_id": "",
                "researcher_id": "",
                "affiliations": [
                    {
                        "name": "Shenzhen Third People's Hospital, Second Affiliated Hospital of Southern University of Science and Technology;"
                    }
                ]
            },
            {
                "first_name": "Weibo",
                "last_name": "Wu",
                "initials": "",
                "corresponding": "",
                "orcid": "",
                "current_organization_id": "",
                "researcher_id": "",
                "affiliations": [
                    {
                        "name": "Shenzhen Third People's Hospital, Second Affiliated Hospital of Southern University of Science and Technology;"
                    }
                ]
            },
            {
                "first_name": "Rongrong",
                "last_name": "Zou",
                "initials": "",
                "corresponding": "",
                "orcid": "",
                "current_organization_id": "",
                "researcher_id": "",
                "affiliations": [
                    {
                        "name": "Shenzhen Third People's Hospital, Second Affiliated Hospital of Southern University of Science and Technology;"
                    }
                ]
            },
            {
                "first_name": "Delin",
                "last_name": "Li",
                "initials": "",
                "corresponding": "",
                "orcid": "",
                "current_organization_id": "",
                "researcher_id": "",
                "affiliations": [
                    {
                        "name": "Shenzhen Third People's Hospital, Second Affiliated Hospital of Southern University of Science and Technology;"
                    }
                ]
            },
            {
                "first_name": "Zhixiang",
                "last_name": "Xu",
                "initials": "",
                "corresponding": "",
                "orcid": "",
                "current_organization_id": "",
                "researcher_id": "",
                "affiliations": [
                    {
                        "name": "Shenzhen Third People's Hospital, Second Affiliated Hospital of Southern University of Science and Technology;"
                    }
                ]
            },
            {
                "first_name": "Haiyan",
                "last_name": "Wang",
                "initials": "",
                "corresponding": "",
                "orcid": "",
                "current_organization_id": "",
                "researcher_id": "",
                "affiliations": [
                    {
                        "name": "Shenzhen Third People's Hospital, Second Affiliated Hospital of Southern University of Science and Technology;"
                    }
                ]
            },
            {
                "first_name": "Mingxia",
                "last_name": "Zhang",
                "initials": "",
                "corresponding": "",
                "orcid": "",
                "current_organization_id": "",
                "researcher_id": "",
                "affiliations": [
                    {
                        "name": "Shenzhen Third People's Hospital, Second Affiliated Hospital of Southern University of Science and Technology;"
                    }
                ]
            },
            {
                "first_name": "Zheng",
                "last_name": "Zhang",
                "initials": "",
                "corresponding": "",
                "orcid": "",
                "current_organization_id": "",
                "researcher_id": "",
                "affiliations": [
                    {
                        "name": "Shenzhen Third People's Hospital, Second Affiliated Hospital of Southern University of Science and Technology;"
                    }
                ]
            },
            {
                "first_name": "Lei",
                "last_name": "Liu",
                "initials": "",
                "corresponding": "",
                "orcid": "",
                "current_organization_id": "",
                "researcher_id": "",
                "affiliations": [
                    {
                        "name": "Shenzhen Third People's Hospital, Second Affiliated Hospital of Southern University of Science and Technology;"
                    }
                ]
            },
            {
                "first_name": "Yingxia",
                "last_name": "Liu",
                "initials": "",
                "corresponding": "",
                "orcid": "",
                "current_organization_id": "",
                "researcher_id": "",
                "affiliations": [
                    {
                        "name": "Shenzhen Third People's Hospital, Second Affiliated Hospital of Southern University of Science and Technology;"
                    }
                ]
            }
        ]
    ],
    "doi": "10.1101/2020.03.02.20029975",
    "times_cited": 0,
    "references": [
        "pub.1109830936",
        "pub.1125146281",
        "pub.1004963828",
        "pub.1050469820",
        "pub.1018683875",
        "pub.1113295276",
        "pub.1007539541",
        "pub.1100672047",
        "pub.1029745730",
        "pub.1051996206",
        "pub.1124289146",
        "pub.1035120461",
        "pub.1124290823",
        "pub.1106101963",
        "pub.1040747246",
        "pub.1124654147"
    ]
}