{
    "volume": "11",
    "date": "2019-04-17",
    "title": "Discovery and Characterization of Novel Bat Coronavirus Lineages from Kazakhstan",
    "researchers": [
        {
            "id": "ur.01051301461.23",
            "last_name": "Mendenhall",
            "first_name": "Ian Hewitt",
            "orcid_id": [
                "0000-0003-4250-6459"
            ],
            "research_orgs": [
                "grid.428397.3",
                "grid.40803.3f",
                "grid.4280.e",
                "grid.265436.0",
                "grid.26009.3d",
                "grid.265219.b"
            ]
        },
        {
            "id": "ur.011404642720.45",
            "last_name": "Kerimbayev",
            "first_name": "Aslan A"
        },
        {
            "id": "ur.010107052237.61",
            "last_name": "Strochkov",
            "first_name": "Vitaliy M",
            "orcid_id": [
                "0000-0003-3399-2942"
            ],
            "research_orgs": [
                "grid.466914.8",
                "grid.424972.e"
            ]
        },
        {
            "id": "ur.0700002547.89",
            "last_name": "Sultankulova",
            "first_name": "Kulyaisan T",
            "research_orgs": [
                "grid.466914.8",
                "grid.424972.e"
            ]
        },
        {
            "id": "ur.010543403373.10",
            "last_name": "Kopeyev",
            "first_name": "Syrym K",
            "research_orgs": [
                "grid.466914.8"
            ]
        },
        {
            "id": "ur.012264177747.25",
            "last_name": "Su",
            "first_name": "Yvonne C F",
            "research_orgs": [
                "grid.194645.b",
                "grid.26009.3d",
                "grid.428397.3"
            ]
        },
        {
            "id": "ur.016356542404.96",
            "last_name": "Smith",
            "first_name": "Gavin J D",
            "orcid_id": [
                "0000-0001-5031-468X"
            ],
            "research_orgs": [
                "grid.256607.0",
                "grid.4280.e",
                "grid.34477.33",
                "grid.263451.7",
                "grid.40803.3f",
                "grid.428397.3",
                "grid.265436.0",
                "grid.31501.36",
                "grid.411679.c",
                "grid.26009.3d",
                "grid.414273.7",
                "grid.411808.4",
                "grid.194645.b",
                "grid.240871.8"
            ]
        },
        {
            "id": "ur.01232215755.15",
            "last_name": "Orynbayev",
            "first_name": "Mukhit B",
            "orcid_id": [
                "0000-0002-5882-4964"
            ],
            "research_orgs": [
                "grid.466914.8"
            ]
        }
    ],
    "pmcid": "PMC6521082",
    "research_org_state_codes": [
        {
            "id": "US-NC",
            "name": "North Carolina"
        }
    ],
    "altmetric": 17.0,
    "pages": "356",
    "research_org_cities": [
        {
            "id": 4464368,
            "name": "Durham"
        },
        {
            "id": 1880252,
            "name": "Singapore"
        },
        {
            "id": 610613,
            "name": "Aqsay"
        }
    ],
    "open_access": [
        "Open Access - all",
        "Open Access - publisher",
        "Open Access - published"
    ],
    "research_org_countries": [
        {
            "id": "US",
            "name": "United States"
        },
        {
            "id": "KZ",
            "name": "Kazakhstan"
        },
        {
            "id": "SG",
            "name": "Singapore"
        }
    ],
    "doi": "10.3390/v11040356",
    "FOR": [
        {
            "id": "3114",
            "name": "1108 Medical Microbiology"
        }
    ],
    "times_cited": 1,
    "research_orgs": [
        {
            "id": "grid.4280.e",
            "acronym": "NUS",
            "types": [
                "Education"
            ],
            "longitude": 103.776665,
            "linkout": [
                "http://www.nus.edu.sg/"
            ],
            "latitude": 1.295556,
            "name": "National University of Singapore",
            "city_name": "Singapore",
            "country_name": "Singapore"
        },
        {
            "id": "grid.428397.3",
            "types": [
                "Education"
            ],
            "longitude": 103.83402,
            "linkout": [
                "https://www.duke-nus.edu.sg/"
            ],
            "latitude": 1.282566,
            "name": "Duke NUS Graduate Medical School",
            "city_name": "Singapore",
            "country_name": "Singapore"
        },
        {
            "id": "grid.26009.3d",
            "state_name": "North Carolina",
            "types": [
                "Education"
            ],
            "longitude": -78.926895,
            "linkout": [
                "http://www.duke.edu/"
            ],
            "latitude": 36.003147,
            "name": "Duke University",
            "city_name": "Durham",
            "country_name": "United States"
        }
    ],
    "pmid": "30999711",
    "research_org_country_names": [
        "Kazakhstan",
        "Singapore",
        "United States"
    ],
    "id": "pub.1113525098",
    "issue": "4",
    "journal": {
        "id": "jour.1041668",
        "title": "Viruses"
    },
    "year": 2019,
    "references": [
        "pub.1004012944",
        "pub.1086107929",
        "pub.1023756085",
        "pub.1109364265",
        "pub.1101862109",
        "pub.1023271915",
        "pub.1038853129",
        "pub.1048587384",
        "pub.1033912353",
        "pub.1012465318",
        "pub.1077500903",
        "pub.1093088828",
        "pub.1000848409",
        "pub.1022170603",
        "pub.1007303843",
        "pub.1062452643",
        "pub.1037623568"
    ],
    "research_org_state_names": [
        "North Carolina"
    ],
    "author_affiliations": [
        [
            {
                "first_name": "Ian H",
                "last_name": "Mendenhall",
                "initials": "",
                "corresponding": "",
                "orcid": "['0000-0003-4250-6459']",
                "current_organization_id": "grid.428397.3",
                "researcher_id": "ur.01051301461.23",
                "affiliations": [
                    {
                        "id": "grid.428397.3",
                        "name": "Duke NUS Graduate Medical School",
                        "city": "Singapore",
                        "city_id": 1880252,
                        "country": "Singapore",
                        "country_code": "SG",
                        "state": null,
                        "state_code": null
                    }
                ]
            },
            {
                "first_name": "Aslan A",
                "last_name": "Kerimbayev",
                "initials": "",
                "corresponding": "",
                "orcid": "",
                "current_organization_id": "",
                "researcher_id": "ur.011404642720.45",
                "affiliations": [
                    {
                        "name": "Research Institute for Biological Safety Problems, 080409 Gvardeiskiy, Kordaiskiy rayon, Zhambylskaya oblast, Kazakhstan. aslan_kerim@mail.ru."
                    }
                ]
            },
            {
                "first_name": "Vitaliy M",
                "last_name": "Strochkov",
                "initials": "",
                "corresponding": "",
                "orcid": "['0000-0003-3399-2942']",
                "current_organization_id": "grid.424972.e",
                "researcher_id": "ur.010107052237.61",
                "affiliations": [
                    {
                        "name": "Research Institute for Biological Safety Problems, 080409 Gvardeiskiy, Kordaiskiy rayon, Zhambylskaya oblast, Kazakhstan. vstrochkov@gmail.com."
                    }
                ]
            },
            {
                "first_name": "Kulyaisan T",
                "last_name": "Sultankulova",
                "initials": "",
                "corresponding": "",
                "orcid": "",
                "current_organization_id": "grid.466914.8",
                "researcher_id": "ur.0700002547.89",
                "affiliations": [
                    {
                        "name": "Research Institute for Biological Safety Problems, 080409 Gvardeiskiy, Kordaiskiy rayon, Zhambylskaya oblast, Kazakhstan. sultankul70@mail.ru."
                    }
                ]
            },
            {
                "first_name": "Syrym K",
                "last_name": "Kopeyev",
                "initials": "",
                "corresponding": "",
                "orcid": "",
                "current_organization_id": "grid.466914.8",
                "researcher_id": "ur.010543403373.10",
                "affiliations": [
                    {
                        "name": "Research Institute for Biological Safety Problems, 080409 Gvardeiskiy, Kordaiskiy rayon, Zhambylskaya oblast, Kazakhstan. kopeyev85@mail.ru."
                    }
                ]
            },
            {
                "first_name": "Yvonne C F",
                "last_name": "Su",
                "initials": "",
                "corresponding": "",
                "orcid": "",
                "current_organization_id": "grid.428397.3",
                "researcher_id": "ur.012264177747.25",
                "affiliations": [
                    {
                        "id": "grid.428397.3",
                        "name": "Duke NUS Graduate Medical School",
                        "city": "Singapore",
                        "city_id": 1880252,
                        "country": "Singapore",
                        "country_code": "SG",
                        "state": null,
                        "state_code": null
                    }
                ]
            },
            {
                "first_name": "Gavin J D",
                "last_name": "Smith",
                "initials": "",
                "corresponding": "",
                "orcid": "['0000-0001-5031-468X']",
                "current_organization_id": "grid.428397.3",
                "researcher_id": "ur.016356542404.96",
                "affiliations": [
                    {
                        "id": "grid.428397.3",
                        "name": "Duke NUS Graduate Medical School",
                        "city": "Singapore",
                        "city_id": 1880252,
                        "country": "Singapore",
                        "country_code": "SG",
                        "state": null,
                        "state_code": null
                    },
                    {
                        "id": "grid.4280.e",
                        "name": "National University of Singapore",
                        "city": "Singapore",
                        "city_id": 1880252,
                        "country": "Singapore",
                        "country_code": "SG",
                        "state": null,
                        "state_code": null
                    },
                    {
                        "id": "grid.26009.3d",
                        "name": "Duke University",
                        "city": "Durham",
                        "city_id": 4464368,
                        "country": "United States",
                        "country_code": "US",
                        "state": "North Carolina",
                        "state_code": "US-NC"
                    }
                ]
            },
            {
                "first_name": "Mukhit B",
                "last_name": "Orynbayev",
                "initials": "",
                "corresponding": "",
                "orcid": "['0000-0002-5882-4964']",
                "current_organization_id": "grid.466914.8",
                "researcher_id": "ur.01232215755.15",
                "affiliations": [
                    {
                        "name": "Research Institute for Biological Safety Problems, 080409 Gvardeiskiy, Kordaiskiy rayon, Zhambylskaya oblast, Kazakhstan. omb65@mail.ru."
                    }
                ]
            }
        ]
    ],
    "type": "article"
}