{
    "volume": "4",
    "date": "2013-11-01",
    "title": "A Strategy To Estimate Unknown Viral Diversity in Mammals",
    "researchers": [
        {
            "id": "ur.01302776167.42",
            "last_name": "Anthony",
            "first_name": "Simon John",
            "research_orgs": [
                "grid.414142.6",
                "grid.63622.33",
                "grid.442958.6",
                "grid.413322.5",
                "grid.21729.3f",
                "grid.270683.8",
                "grid.420826.a",
                "grid.452788.4"
            ]
        },
        {
            "id": "ur.0770723125.69",
            "last_name": "Epstein",
            "first_name": "Jonathan H",
            "orcid_id": [
                "0000-0002-1373-9301"
            ],
            "research_orgs": [
                "grid.413322.5",
                "grid.14003.36",
                "grid.205975.c",
                "grid.411628.8",
                "grid.466907.a",
                "grid.21107.35",
                "grid.15538.3a",
                "grid.452614.0",
                "grid.416738.f",
                "grid.94365.3d",
                "grid.250889.e",
                "grid.27860.3b",
                "grid.420826.a",
                "grid.15276.37",
                "grid.429997.8",
                "grid.428999.7",
                "grid.194645.b",
                "grid.442958.6",
                "grid.16750.35",
                "grid.415696.9",
                "grid.414142.6",
                "grid.168010.e",
                "grid.21729.3f",
                "grid.502825.8"
            ]
        },
        {
            "id": "ur.0644564656.25",
            "last_name": "Murray",
            "first_name": "Kris A",
            "orcid_id": [
                "0000-0002-8382-0674"
            ],
            "research_orgs": [
                "grid.1003.2",
                "grid.420826.a",
                "grid.7445.2",
                "grid.1014.4",
                "grid.1011.1"
            ]
        },
        {
            "id": "ur.0724747227.87",
            "last_name": "Navarrete-Macias",
            "first_name": "Isamara",
            "research_orgs": [
                "grid.21729.3f"
            ]
        },
        {
            "id": "ur.01305360071.53",
            "last_name": "Zambrana-Torrelio",
            "first_name": "Carlos M",
            "orcid_id": [
                "0000-0002-5614-7496"
            ],
            "research_orgs": [
                "grid.10421.36",
                "grid.420826.a"
            ]
        },
        {
            "id": "ur.01132273421.85",
            "last_name": "Solovyov",
            "first_name": "Alexander V",
            "research_orgs": [
                "grid.21729.3f",
                "grid.16750.35",
                "grid.59734.3c"
            ]
        },
        {
            "id": "ur.0733627605.24",
            "last_name": "Ojeda-Flores",
            "first_name": "Rafael",
            "research_orgs": [
                "grid.9486.3"
            ]
        },
        {
            "id": "ur.0607572650.90",
            "last_name": "Arrigo",
            "first_name": "Nicole C",
            "research_orgs": [
                "grid.21729.3f",
                "grid.176731.5",
                "grid.267324.6"
            ]
        },
        {
            "id": "ur.014423565213.84",
            "last_name": "Islam",
            "first_name": "A B M Alim Al Al",
            "orcid_id": [
                "0000-0002-8791-6120"
            ],
            "research_orgs": [
                "grid.449503.f",
                "grid.413674.3",
                "grid.462060.6",
                "grid.411512.2",
                "grid.258041.a",
                "grid.472353.4",
                "grid.502825.8",
                "grid.21729.3f",
                "grid.470073.7",
                "grid.412656.2",
                "grid.194645.b",
                "grid.1021.2",
                "grid.420826.a",
                "grid.489064.7",
                "grid.414142.6",
                "grid.268397.1",
                "grid.136593.b",
                "grid.411511.1",
                "grid.411545.0",
                "grid.442959.7",
                "grid.255168.d",
                "grid.8198.8",
                "grid.442958.6",
                "grid.69566.3a",
                "grid.413322.5",
                "grid.169077.e"
            ]
        },
        {
            "id": "ur.0752751235.35",
            "last_name": "Khan",
            "first_name": "Shahneaz Ali",
            "research_orgs": [
                "grid.442958.6",
                "grid.1034.6",
                "grid.420826.a",
                "grid.21729.3f",
                "grid.414142.6",
                "grid.413322.5",
                "grid.1024.7"
            ]
        },
        {
            "id": "ur.0740242360.73",
            "last_name": "Hosseini",
            "first_name": "Parviez Rana",
            "research_orgs": [
                "grid.133342.4",
                "grid.4989.c",
                "grid.452357.2",
                "grid.266900.b",
                "grid.16750.35",
                "grid.8183.2",
                "grid.5386.8",
                "grid.420826.a",
                "grid.19006.3e"
            ]
        },
        {
            "id": "ur.01247274610.92",
            "last_name": "Bogich",
            "first_name": "Tiffany L",
            "orcid_id": [
                "0000-0002-8143-5289"
            ],
            "research_orgs": [
                "grid.420089.7",
                "grid.16750.35",
                "grid.27860.3b",
                "grid.453035.4",
                "grid.29857.31",
                "grid.420826.a",
                "grid.94365.3d",
                "grid.5335.0"
            ]
        },
        {
            "id": "ur.0765024442.22",
            "last_name": "Olival",
            "first_name": "Kevin J",
            "orcid_id": [
                "0000-0003-3211-1875"
            ],
            "research_orgs": [
                "grid.411628.8",
                "grid.214458.e",
                "grid.442958.6",
                "grid.415696.9",
                "grid.27860.3b",
                "grid.9723.f",
                "grid.413322.5",
                "grid.16750.35",
                "grid.420826.a",
                "grid.416738.f",
                "grid.21729.3f",
                "grid.414142.6",
                "grid.241963.b",
                "grid.94365.3d",
                "grid.7922.e"
            ]
        },
        {
            "id": "ur.0705310051.73",
            "last_name": "Sanchez-Leon",
            "first_name": "Maria D",
            "research_orgs": [
                "grid.420826.a",
                "grid.21729.3f"
            ]
        },
        {
            "id": "ur.0667173364.03",
            "last_name": "Karesh",
            "first_name": "William Bamberger",
            "orcid_id": [
                "0000-0001-6042-2860"
            ],
            "research_orgs": [
                "grid.27860.3b",
                "grid.240871.8",
                "grid.21729.3f",
                "grid.502158.b",
                "grid.269823.4",
                "grid.16750.35",
                "grid.3575.4",
                "grid.426526.1",
                "grid.8183.2",
                "grid.94365.3d",
                "grid.420826.a",
                "grid.475685.d",
                "grid.463419.d"
            ]
        },
        {
            "id": "ur.01147461505.96",
            "last_name": "Goldstein",
            "first_name": "Tracey",
            "research_orgs": [
                "grid.419692.1",
                "grid.431887.1",
                "grid.448473.8",
                "grid.63622.33",
                "grid.27860.3b",
                "grid.168010.e",
                "grid.26009.3d"
            ]
        },
        {
            "id": "ur.01036130714.29",
            "last_name": "Luby",
            "first_name": "Stephen P",
            "orcid_id": [
                "0000-0001-5385-899X"
            ],
            "research_orgs": [
                "grid.413322.5",
                "grid.14003.36",
                "grid.205975.c",
                "grid.466907.a",
                "grid.21107.35",
                "grid.7147.5",
                "grid.414016.6",
                "grid.416738.f",
                "grid.419260.8",
                "grid.411190.c",
                "grid.449958.d",
                "grid.420826.a",
                "grid.15276.37",
                "grid.1002.3",
                "grid.428999.7",
                "grid.8991.9",
                "grid.470962.e",
                "grid.442958.6",
                "grid.34477.33",
                "grid.418707.d",
                "grid.414142.6",
                "grid.168010.e",
                "grid.21729.3f",
                "grid.467642.5",
                "grid.14105.31",
                "grid.273335.3",
                "grid.419261.9",
                "grid.502825.8"
            ]
        },
        {
            "id": "ur.013302623657.16",
            "last_name": "Morse",
            "first_name": "Stephen S",
            "orcid_id": [
                "0000-0002-5434-5683"
            ],
            "research_orgs": [
                "grid.134907.8",
                "grid.27860.3b",
                "grid.21107.35",
                "grid.17088.36",
                "grid.4991.5",
                "grid.430387.b",
                "grid.259262.8",
                "grid.266826.e",
                "grid.267461.0",
                "grid.26009.3d",
                "grid.21729.3f",
                "grid.266832.b",
                "grid.189509.c",
                "grid.432410.0",
                "grid.164295.d"
            ]
        },
        {
            "id": "ur.014650763657.76",
            "last_name": "Mazet",
            "first_name": "Jonna A K",
            "research_orgs": [
                "grid.8183.2",
                "grid.27860.3b",
                "grid.240871.8",
                "grid.502158.b",
                "grid.439146.d",
                "grid.14003.36",
                "grid.269823.4",
                "grid.420826.a",
                "grid.63622.33",
                "grid.475685.d",
                "grid.3575.4",
                "grid.28803.31",
                "grid.189504.1",
                "grid.448376.a",
                "grid.463419.d",
                "grid.168010.e",
                "grid.2515.3"
            ]
        },
        {
            "id": "ur.01031576106.79",
            "last_name": "Daszak",
            "first_name": "Peter",
            "orcid_id": [
                "0000-0002-2046-5695"
            ],
            "research_orgs": [
                "grid.413322.5",
                "grid.14003.36",
                "grid.205975.c",
                "grid.49470.3e",
                "grid.466907.a",
                "grid.21107.35",
                "grid.410726.6",
                "grid.15538.3a",
                "grid.463419.d",
                "grid.452614.0",
                "grid.266900.b",
                "grid.416738.f",
                "grid.440682.c",
                "grid.240871.8",
                "grid.215654.1",
                "grid.502825.8",
                "grid.94365.3d",
                "grid.250889.e",
                "grid.4989.c",
                "grid.452357.2",
                "grid.27860.3b",
                "grid.420826.a",
                "grid.15276.37",
                "grid.428999.7",
                "grid.213876.9",
                "grid.60969.30",
                "grid.8183.2",
                "grid.194645.b",
                "grid.442958.6",
                "grid.16750.35",
                "grid.415696.9",
                "grid.414142.6",
                "grid.168010.e",
                "grid.21729.3f",
                "grid.9227.e",
                "grid.467700.2",
                "grid.475685.d",
                "grid.7362.0",
                "grid.14105.31",
                "grid.419681.3",
                "grid.3575.4",
                "grid.419261.9",
                "grid.473157.3",
                "grid.19006.3e"
            ]
        },
        {
            "id": "ur.01306555033.15",
            "last_name": "Lipkin",
            "first_name": "Walter Ian",
            "orcid_id": [
                "0000-0002-8768-9386"
            ],
            "research_orgs": [
                "grid.418249.2",
                "grid.17635.36",
                "grid.416738.f",
                "grid.9619.7",
                "grid.25879.31",
                "grid.260770.4",
                "grid.214007.0",
                "grid.21107.35",
                "grid.239578.2",
                "grid.419794.6",
                "grid.239585.0",
                "grid.12136.37",
                "grid.21729.3f",
                "grid.412717.6",
                "grid.266093.8",
                "grid.238491.5",
                "grid.27860.3b",
                "grid.413734.6",
                "grid.24827.3b",
                "grid.420826.a",
                "grid.14095.39",
                "grid.238477.d",
                "grid.465543.5",
                "grid.29857.31",
                "grid.414142.6",
                "grid.416137.6",
                "grid.413322.5",
                "grid.442958.6",
                "grid.34477.33",
                "grid.14003.36"
            ]
        }
    ],
    "pmcid": "PMC3760253",
    "research_org_state_codes": [
        {
            "id": "US-CA",
            "name": "California"
        },
        {
            "id": "US-NJ",
            "name": "New Jersey"
        },
        {
            "id": "US-NY",
            "name": "New York"
        },
        {
            "id": "US-MD",
            "name": "Maryland"
        }
    ],
    "altmetric": 345.0,
    "pages": "e00598-13",
    "research_org_cities": [
        {
            "id": 3530597,
            "name": "Mexico City"
        },
        {
            "id": 5128581,
            "name": "New York City"
        },
        {
            "id": 1205733,
            "name": "Chittagong"
        },
        {
            "id": 5341704,
            "name": "Davis"
        },
        {
            "id": 5102922,
            "name": "Princeton"
        },
        {
            "id": 4348599,
            "name": "Bethesda"
        },
        {
            "id": 1185241,
            "name": "Dhaka"
        }
    ],
    "open_access": [
        "Open Access - all",
        "Open Access - publisher",
        "Open Access - published"
    ],
    "research_org_countries": [
        {
            "id": "BD",
            "name": "Bangladesh"
        },
        {
            "id": "MX",
            "name": "Mexico"
        },
        {
            "id": "US",
            "name": "United States"
        }
    ],
    "doi": "10.1128/mbio.00598-13",
    "FOR": [
        {
            "id": "2558",
            "name": "0502 Environmental Science and Management"
        }
    ],
    "times_cited": 181,
    "research_orgs": [
        {
            "id": "grid.420826.a",
            "state_name": "New York",
            "types": [
                "Nonprofit"
            ],
            "longitude": -73.99906,
            "linkout": [
                "http://www.ecohealthalliance.org/"
            ],
            "latitude": 40.754295,
            "name": "EcoHealth Alliance",
            "city_name": "New York",
            "country_name": "United States"
        },
        {
            "id": "grid.16750.35",
            "state_name": "New Jersey",
            "types": [
                "Education"
            ],
            "longitude": -74.65147,
            "linkout": [
                "http://www.princeton.edu/main/"
            ],
            "latitude": 40.344234,
            "name": "Princeton University",
            "city_name": "Princeton",
            "country_name": "United States"
        },
        {
            "id": "grid.9486.3",
            "acronym": "UNAM",
            "state_name": "Distrito Federal",
            "types": [
                "Education"
            ],
            "longitude": -99.18663,
            "linkout": [
                "http://www.unam.mx/index/en"
            ],
            "latitude": 19.322817,
            "name": "National Autonomous University of Mexico",
            "city_name": "Mexico City",
            "country_name": "Mexico"
        },
        {
            "id": "grid.453035.4",
            "acronym": "FIC",
            "state_name": "Maryland",
            "types": [
                "Healthcare"
            ],
            "longitude": -77.099655,
            "linkout": [
                "http://www.fic.nih.gov/Pages/Default.aspx"
            ],
            "latitude": 39.004406,
            "name": "Fogarty International Center",
            "city_name": "Bethesda",
            "country_name": "United States"
        },
        {
            "id": "grid.27860.3b",
            "acronym": "UCD",
            "state_name": "California",
            "types": [
                "Education"
            ],
            "longitude": -121.75,
            "linkout": [
                "http://ucdavis.edu/"
            ],
            "latitude": 38.54,
            "name": "University of California, Davis",
            "city_name": "Davis",
            "country_name": "United States"
        },
        {
            "id": "grid.414142.6",
            "acronym": "ICDDR,B",
            "types": [
                "Facility"
            ],
            "longitude": 90.399796,
            "linkout": [
                "http://www.icddrb.org/"
            ],
            "latitude": 23.7764,
            "name": "International Centre for Diarrhoeal Disease Research",
            "city_name": "Dhaka",
            "country_name": "Bangladesh"
        },
        {
            "id": "grid.442958.6",
            "acronym": "CVASU",
            "types": [
                "Education"
            ],
            "longitude": 91.80407,
            "linkout": [
                "http://cvasu.ac.bd/"
            ],
            "latitude": 22.364054,
            "name": "Chittagong Veterinary and Animal Sciences University",
            "city_name": "Chittagong",
            "country_name": "Bangladesh"
        },
        {
            "id": "grid.21729.3f",
            "acronym": "CU",
            "state_name": "New York",
            "types": [
                "Education"
            ],
            "longitude": -73.962585,
            "linkout": [
                "http://www.columbia.edu/"
            ],
            "latitude": 40.807774,
            "name": "Columbia University",
            "city_name": "New York",
            "country_name": "United States"
        }
    ],
    "pmid": "24003179",
    "funders": [
        {
            "id": "grid.457836.b",
            "acronym": "NSF GEO",
            "state_name": "Virginia",
            "types": [
                "Government"
            ],
            "longitude": -77.111,
            "linkout": [
                "http://www.nsf.gov/dir/index.jsp?org=GEO"
            ],
            "latitude": 38.88058,
            "name": "Directorate for Geosciences",
            "city_name": "Arlington",
            "country_name": "United States"
        },
        {
            "id": "grid.453035.4",
            "acronym": "FIC",
            "state_name": "Maryland",
            "types": [
                "Healthcare"
            ],
            "longitude": -77.099655,
            "linkout": [
                "http://www.fic.nih.gov/Pages/Default.aspx"
            ],
            "latitude": 39.004406,
            "name": "Fogarty International Center",
            "city_name": "Bethesda",
            "country_name": "United States"
        },
        {
            "id": "grid.419681.3",
            "acronym": "NIAID",
            "state_name": "Maryland",
            "types": [
                "Facility"
            ],
            "longitude": -77.11183,
            "linkout": [
                "http://www.niaid.nih.gov/Pages/default.aspx"
            ],
            "latitude": 39.066647,
            "name": "National Institute of Allergy and Infectious Diseases",
            "city_name": "Bethesda",
            "country_name": "United States"
        }
    ],
    "research_org_country_names": [
        "Bangladesh",
        "United States",
        "Mexico"
    ],
    "id": "pub.1005384704",
    "issue": "5",
    "journal": {
        "id": "jour.1042492",
        "title": "mBio"
    },
    "year": 2013,
    "references": [
        "pub.1016003013",
        "pub.1010354703",
        "pub.1000862144",
        "pub.1062462440",
        "pub.1026964047",
        "pub.1003116102",
        "pub.1025846396",
        "pub.1045847567",
        "pub.1027183495",
        "pub.1040430964",
        "pub.1019527482",
        "pub.1009101023",
        "pub.1015653758",
        "pub.1030997595",
        "pub.1041512102",
        "pub.1020697566",
        "pub.1000945380",
        "pub.1059325014",
        "pub.1109733014",
        "pub.1039182086",
        "pub.1010475216",
        "pub.1006984268",
        "pub.1020425375",
        "pub.1027295023",
        "pub.1011816006",
        "pub.1017764878",
        "pub.1034803318",
        "pub.1025497028",
        "pub.1050214110",
        "pub.1008325353",
        "pub.1059325134",
        "pub.1060361255",
        "pub.1015443089",
        "pub.1018827157",
        "pub.1053217935",
        "pub.1041828603",
        "pub.1035672393",
        "pub.1006480467",
        "pub.1053593607",
        "pub.1021483961",
        "pub.1040019494",
        "pub.1008316960",
        "pub.1024617533",
        "pub.1003597362",
        "pub.1027922471",
        "pub.1001397189",
        "pub.1026823055",
        "pub.1036111538",
        "pub.1037999111",
        "pub.1082954040",
        "pub.1024428887",
        "pub.1032505430",
        "pub.1012860003"
    ],
    "relative_citation_ratio": 10.55,
    "research_org_state_names": [
        "California",
        "New Jersey",
        "New York",
        "Maryland"
    ],
    "author_affiliations": [
        [
            {
                "first_name": "Simon J.",
                "last_name": "Anthony",
                "initials": "",
                "corresponding": "",
                "orcid": "",
                "current_organization_id": "grid.21729.3f",
                "researcher_id": "ur.01302776167.42",
                "affiliations": [
                    {
                        "id": "grid.21729.3f",
                        "name": "Columbia University",
                        "city": "New York",
                        "city_id": 5128581,
                        "country": "United States",
                        "country_code": "US",
                        "state": "New York",
                        "state_code": "US-NY"
                    },
                    {
                        "id": "grid.420826.a",
                        "name": "EcoHealth Alliance",
                        "city": "New York",
                        "city_id": 5128581,
                        "country": "United States",
                        "country_code": "US",
                        "state": "New York",
                        "state_code": "US-NY"
                    }
                ]
            },
            {
                "first_name": "Jonathan H.",
                "last_name": "Epstein",
                "initials": "",
                "corresponding": "",
                "orcid": "",
                "current_organization_id": "grid.420826.a",
                "researcher_id": "ur.0770723125.69",
                "affiliations": [
                    {
                        "id": "grid.420826.a",
                        "name": "EcoHealth Alliance",
                        "city": "New York",
                        "city_id": 5128581,
                        "country": "United States",
                        "country_code": "US",
                        "state": "New York",
                        "state_code": "US-NY"
                    }
                ]
            },
            {
                "first_name": "Kris A.",
                "last_name": "Murray",
                "initials": "",
                "corresponding": "",
                "orcid": "['0000-0002-8382-0674']",
                "current_organization_id": "grid.7445.2",
                "researcher_id": "ur.0644564656.25",
                "affiliations": [
                    {
                        "id": "grid.420826.a",
                        "name": "EcoHealth Alliance",
                        "city": "New York",
                        "city_id": 5128581,
                        "country": "United States",
                        "country_code": "US",
                        "state": "New York",
                        "state_code": "US-NY"
                    }
                ]
            },
            {
                "first_name": "Isamara",
                "last_name": "Navarrete-Macias",
                "initials": "",
                "corresponding": "",
                "orcid": "",
                "current_organization_id": "grid.21729.3f",
                "researcher_id": "ur.0724747227.87",
                "affiliations": [
                    {
                        "id": "grid.21729.3f",
                        "name": "Columbia University",
                        "city": "New York",
                        "city_id": 5128581,
                        "country": "United States",
                        "country_code": "US",
                        "state": "New York",
                        "state_code": "US-NY"
                    }
                ]
            },
            {
                "first_name": "Carlos M.",
                "last_name": "Zambrana-Torrelio",
                "initials": "",
                "corresponding": "",
                "orcid": "['0000-0002-5614-7496']",
                "current_organization_id": "grid.420826.a",
                "researcher_id": "ur.01305360071.53",
                "affiliations": [
                    {
                        "id": "grid.420826.a",
                        "name": "EcoHealth Alliance",
                        "city": "New York",
                        "city_id": 5128581,
                        "country": "United States",
                        "country_code": "US",
                        "state": "New York",
                        "state_code": "US-NY"
                    }
                ]
            },
            {
                "first_name": "Alexander",
                "last_name": "Solovyov",
                "initials": "",
                "corresponding": "",
                "orcid": "",
                "current_organization_id": "grid.59734.3c",
                "researcher_id": "ur.01132273421.85",
                "affiliations": [
                    {
                        "id": "grid.21729.3f",
                        "name": "Columbia University",
                        "city": "New York",
                        "city_id": 5128581,
                        "country": "United States",
                        "country_code": "US",
                        "state": "New York",
                        "state_code": "US-NY"
                    }
                ]
            },
            {
                "first_name": "Rafael",
                "last_name": "Ojeda-Flores",
                "initials": "",
                "corresponding": "",
                "orcid": "",
                "current_organization_id": "grid.9486.3",
                "researcher_id": "ur.0733627605.24",
                "affiliations": [
                    {
                        "id": "grid.9486.3",
                        "name": "National Autonomous University of Mexico",
                        "city": "Mexico City",
                        "city_id": 3530597,
                        "country": "Mexico",
                        "country_code": "MX",
                        "state": null,
                        "state_code": null
                    }
                ]
            },
            {
                "first_name": "Nicole C.",
                "last_name": "Arrigo",
                "initials": "",
                "corresponding": "",
                "orcid": "",
                "current_organization_id": "",
                "researcher_id": "ur.0607572650.90",
                "affiliations": [
                    {
                        "id": "grid.21729.3f",
                        "name": "Columbia University",
                        "city": "New York",
                        "city_id": 5128581,
                        "country": "United States",
                        "country_code": "US",
                        "state": "New York",
                        "state_code": "US-NY"
                    }
                ]
            },
            {
                "first_name": "Ariful",
                "last_name": "Islam",
                "initials": "",
                "corresponding": "",
                "orcid": "['0000-0002-8791-6120']",
                "current_organization_id": "grid.411512.2",
                "researcher_id": "ur.014423565213.84",
                "affiliations": [
                    {
                        "id": "grid.420826.a",
                        "name": "EcoHealth Alliance",
                        "city": "New York",
                        "city_id": 5128581,
                        "country": "United States",
                        "country_code": "US",
                        "state": "New York",
                        "state_code": "US-NY"
                    }
                ]
            },
            {
                "first_name": "Shahneaz Ali",
                "last_name": "Khan",
                "initials": "",
                "corresponding": "",
                "orcid": "",
                "current_organization_id": "grid.442958.6",
                "researcher_id": "ur.0752751235.35",
                "affiliations": [
                    {
                        "id": "grid.442958.6",
                        "name": "Chittagong Veterinary and Animal Sciences University",
                        "city": "Chittagong",
                        "city_id": 1205733,
                        "country": "Bangladesh",
                        "country_code": "BD",
                        "state": null,
                        "state_code": null
                    }
                ]
            },
            {
                "first_name": "Parviez",
                "last_name": "Hosseini",
                "initials": "",
                "corresponding": "",
                "orcid": "",
                "current_organization_id": "grid.420826.a",
                "researcher_id": "ur.0740242360.73",
                "affiliations": [
                    {
                        "id": "grid.420826.a",
                        "name": "EcoHealth Alliance",
                        "city": "New York",
                        "city_id": 5128581,
                        "country": "United States",
                        "country_code": "US",
                        "state": "New York",
                        "state_code": "US-NY"
                    }
                ]
            },
            {
                "first_name": "Tiffany L.",
                "last_name": "Bogich",
                "initials": "",
                "corresponding": "",
                "orcid": "['0000-0002-8143-5289']",
                "current_organization_id": "grid.420826.a",
                "researcher_id": "ur.01247274610.92",
                "affiliations": [
                    {
                        "id": "grid.16750.35",
                        "name": "Princeton University",
                        "city": "Princeton",
                        "city_id": 5102922,
                        "country": "United States",
                        "country_code": "US",
                        "state": "New Jersey",
                        "state_code": "US-NJ"
                    },
                    {
                        "id": "grid.453035.4",
                        "name": "Fogarty International Center",
                        "city": "Bethesda",
                        "city_id": 4348599,
                        "country": "United States",
                        "country_code": "US",
                        "state": "Maryland",
                        "state_code": "US-MD"
                    }
                ]
            },
            {
                "first_name": "Kevin J.",
                "last_name": "Olival",
                "initials": "",
                "corresponding": "",
                "orcid": "['0000-0003-3211-1875']",
                "current_organization_id": "grid.420826.a",
                "researcher_id": "ur.0765024442.22",
                "affiliations": [
                    {
                        "id": "grid.420826.a",
                        "name": "EcoHealth Alliance",
                        "city": "New York",
                        "city_id": 5128581,
                        "country": "United States",
                        "country_code": "US",
                        "state": "New York",
                        "state_code": "US-NY"
                    }
                ]
            },
            {
                "first_name": "Maria D.",
                "last_name": "Sanchez-Leon",
                "initials": "",
                "corresponding": "",
                "orcid": "",
                "current_organization_id": "grid.21729.3f",
                "researcher_id": "ur.0705310051.73",
                "affiliations": [
                    {
                        "id": "grid.21729.3f",
                        "name": "Columbia University",
                        "city": "New York",
                        "city_id": 5128581,
                        "country": "United States",
                        "country_code": "US",
                        "state": "New York",
                        "state_code": "US-NY"
                    },
                    {
                        "id": "grid.420826.a",
                        "name": "EcoHealth Alliance",
                        "city": "New York",
                        "city_id": 5128581,
                        "country": "United States",
                        "country_code": "US",
                        "state": "New York",
                        "state_code": "US-NY"
                    }
                ]
            },
            {
                "first_name": "William B.",
                "last_name": "Karesh",
                "initials": "",
                "corresponding": "",
                "orcid": "['0000-0001-6042-2860']",
                "current_organization_id": "grid.420826.a",
                "researcher_id": "ur.0667173364.03",
                "affiliations": [
                    {
                        "id": "grid.420826.a",
                        "name": "EcoHealth Alliance",
                        "city": "New York",
                        "city_id": 5128581,
                        "country": "United States",
                        "country_code": "US",
                        "state": "New York",
                        "state_code": "US-NY"
                    }
                ]
            },
            {
                "first_name": "Tracey",
                "last_name": "Goldstein",
                "initials": "",
                "corresponding": "",
                "orcid": "",
                "current_organization_id": "grid.27860.3b",
                "researcher_id": "ur.01147461505.96",
                "affiliations": [
                    {
                        "id": "grid.27860.3b",
                        "name": "University of California, Davis",
                        "city": "Davis",
                        "city_id": 5341704,
                        "country": "United States",
                        "country_code": "US",
                        "state": "California",
                        "state_code": "US-CA"
                    }
                ]
            },
            {
                "first_name": "Stephen P.",
                "last_name": "Luby",
                "initials": "",
                "corresponding": "",
                "orcid": "['0000-0001-5385-899X']",
                "current_organization_id": "grid.168010.e",
                "researcher_id": "ur.01036130714.29",
                "affiliations": [
                    {
                        "id": "grid.414142.6",
                        "name": "International Centre for Diarrhoeal Disease Research",
                        "city": "Dhaka",
                        "city_id": 1185241,
                        "country": "Bangladesh",
                        "country_code": "BD",
                        "state": null,
                        "state_code": null
                    }
                ]
            },
            {
                "first_name": "Stephen S.",
                "last_name": "Morse",
                "initials": "",
                "corresponding": "",
                "orcid": "['0000-0002-5434-5683']",
                "current_organization_id": "grid.21729.3f",
                "researcher_id": "ur.013302623657.16",
                "affiliations": [
                    {
                        "id": "grid.27860.3b",
                        "name": "University of California, Davis",
                        "city": "Davis",
                        "city_id": 5341704,
                        "country": "United States",
                        "country_code": "US",
                        "state": "California",
                        "state_code": "US-CA"
                    },
                    {
                        "id": "grid.21729.3f",
                        "name": "Columbia University",
                        "city": "New York",
                        "city_id": 5128581,
                        "country": "United States",
                        "country_code": "US",
                        "state": "New York",
                        "state_code": "US-NY"
                    }
                ]
            },
            {
                "first_name": "Jonna A. K.",
                "last_name": "Mazet",
                "initials": "",
                "corresponding": "",
                "orcid": "",
                "current_organization_id": "grid.27860.3b",
                "researcher_id": "ur.014650763657.76",
                "affiliations": [
                    {
                        "id": "grid.27860.3b",
                        "name": "University of California, Davis",
                        "city": "Davis",
                        "city_id": 5341704,
                        "country": "United States",
                        "country_code": "US",
                        "state": "California",
                        "state_code": "US-CA"
                    }
                ]
            },
            {
                "first_name": "Peter",
                "last_name": "Daszak",
                "initials": "",
                "corresponding": "",
                "orcid": "['0000-0002-2046-5695']",
                "current_organization_id": "grid.420826.a",
                "researcher_id": "ur.01031576106.79",
                "affiliations": [
                    {
                        "id": "grid.420826.a",
                        "name": "EcoHealth Alliance",
                        "city": "New York",
                        "city_id": 5128581,
                        "country": "United States",
                        "country_code": "US",
                        "state": "New York",
                        "state_code": "US-NY"
                    }
                ]
            },
            {
                "first_name": "W. Ian",
                "last_name": "Lipkin",
                "initials": "",
                "corresponding": "",
                "orcid": "['0000-0002-8768-9386']",
                "current_organization_id": "grid.21729.3f",
                "researcher_id": "ur.01306555033.15",
                "affiliations": [
                    {
                        "id": "grid.21729.3f",
                        "name": "Columbia University",
                        "city": "New York",
                        "city_id": 5128581,
                        "country": "United States",
                        "country_code": "US",
                        "state": "New York",
                        "state_code": "US-NY"
                    }
                ]
            }
        ]
    ],
    "type": "article"
}