{
    "volume": "5",
    "date": "2016-01-01",
    "title": "First isolation of West Nile virus from a dromedary camel",
    "researchers": [
        {
            "id": "ur.01354362260.14",
            "last_name": "Joseph",
            "first_name": "Sunitha",
            "research_orgs": [
                "grid.417775.7"
            ]
        },
        {
            "id": "ur.01336247601.01",
            "last_name": "Wernery",
            "first_name": "Ulrich",
            "research_orgs": [
                "grid.417775.7",
                "grid.8767.e",
                "grid.418510.9",
                "grid.5252.0",
                "grid.414796.9",
                "grid.194645.b"
            ]
        },
        {
            "id": "ur.010704107677.52",
            "last_name": "Teng",
            "first_name": "Jade L-L",
            "research_orgs": [
                "grid.194645.b",
                "grid.417775.7"
            ]
        },
        {
            "id": "ur.01102160020.93",
            "last_name": "Wernery",
            "first_name": "Renate",
            "research_orgs": [
                "grid.418510.9",
                "grid.417775.7",
                "grid.194645.b"
            ]
        },
        {
            "id": "ur.0677605346.15",
            "last_name": "Huang",
            "first_name": "Yi",
            "research_orgs": [
                "grid.194645.b"
            ]
        },
        {
            "id": "ur.07671422302.12",
            "last_name": "Chan",
            "first_name": "Kwok-Hung",
            "orcid_id": [
                "0000-0003-1771-8249"
            ],
            "research_orgs": [
                "grid.194645.b",
                "grid.415550.0",
                "grid.83440.3b",
                "grid.417775.7",
                "grid.240871.8"
            ]
        },
        {
            "id": "ur.01310547731.74",
            "last_name": "Elizabeth",
            "first_name": "Shyna Korah",
            "research_orgs": [
                "grid.417775.7"
            ]
        },
        {
            "id": "ur.014024412422.09",
            "last_name": "Fan",
            "first_name": "Rachel Y Y",
            "research_orgs": [
                "grid.194645.b",
                "grid.417775.7"
            ]
        },
        {
            "id": "ur.010317111112.58",
            "last_name": "Lau",
            "first_name": "Susanna K P",
            "orcid_id": [
                "0000-0002-1383-7374"
            ],
            "research_orgs": [
                "grid.194645.b",
                "grid.440671.0",
                "grid.13402.34"
            ]
        },
        {
            "id": "ur.0627032377.69",
            "last_name": "Kinne",
            "first_name": "J\u00f6rg",
            "research_orgs": [
                "grid.8767.e",
                "grid.417775.7"
            ]
        },
        {
            "id": "ur.013404644337.48",
            "last_name": "Woo",
            "first_name": "Patrick C Y",
            "orcid_id": [
                "0000-0001-9401-1832"
            ],
            "research_orgs": [
                "grid.194645.b",
                "grid.417775.7",
                "grid.428926.3",
                "grid.417134.4",
                "grid.415550.0",
                "grid.417336.4",
                "grid.38587.31",
                "grid.13402.34",
                "grid.416792.f",
                "grid.198530.6",
                "grid.412027.2",
                "grid.216938.7",
                "grid.440671.0"
            ]
        }
    ],
    "pmcid": "PMC4932647",
    "altmetric": 1.0,
    "pages": "1-12",
    "research_org_cities": [
        {
            "id": 1819729,
            "name": "Hong Kong"
        },
        {
            "id": 1808926,
            "name": "Hangzhou"
        },
        {
            "id": 292223,
            "name": "Dubai"
        }
    ],
    "open_access": [
        "Open Access - all",
        "Open Access - publisher",
        "Open Access - published"
    ],
    "research_org_countries": [
        {
            "id": "AE",
            "name": "United Arab Emirates"
        },
        {
            "id": "CN",
            "name": "China"
        }
    ],
    "doi": "10.1038/emi.2016.53",
    "FOR": [
        {
            "id": "2581",
            "name": "0601 Biochemistry and Cell Biology"
        }
    ],
    "times_cited": 12,
    "research_orgs": [
        {
            "id": "grid.417775.7",
            "acronym": "CVRL",
            "types": [
                "Facility"
            ],
            "longitude": 55.288982,
            "linkout": [
                "http://www.cvrl.ae/"
            ],
            "latitude": 25.210861,
            "name": "Central Veterinary Research Laboratory",
            "city_name": "Dubai",
            "country_name": "United Arab Emirates"
        },
        {
            "id": "grid.194645.b",
            "acronym": "HKU",
            "state_name": "Hong Kong",
            "types": [
                "Education"
            ],
            "longitude": 114.13708,
            "linkout": [
                "http://www.hku.hk/"
            ],
            "latitude": 22.283287,
            "name": "University of Hong Kong",
            "city_name": "Hong Kong",
            "country_name": "China"
        },
        {
            "id": "grid.13402.34",
            "acronym": "ZJU",
            "state_name": "Zhejiang",
            "types": [
                "Education"
            ],
            "longitude": 120.12342,
            "linkout": [
                "http://www.zju.edu.cn/english/"
            ],
            "latitude": 30.263878,
            "name": "Zhejiang University",
            "city_name": "Hangzhou",
            "country_name": "China"
        }
    ],
    "pmid": "27273223",
    "research_org_country_names": [
        "China",
        "United Arab Emirates"
    ],
    "id": "pub.1042295346",
    "issue": "1",
    "journal": {
        "id": "jour.1047596",
        "title": "Emerging Microbes & Infections"
    },
    "year": 2016,
    "references": [
        "pub.1024908608",
        "pub.1035609238",
        "pub.1043958679",
        "pub.1011560559",
        "pub.1016632265",
        "pub.1005081842",
        "pub.1038442399",
        "pub.1060400484",
        "pub.1002286687",
        "pub.1015342247",
        "pub.1011700877",
        "pub.1060389826",
        "pub.1032710579",
        "pub.1007775504",
        "pub.1052339645",
        "pub.1070926115",
        "pub.1025410789",
        "pub.1078271934",
        "pub.1070926506",
        "pub.1036250769",
        "pub.1013096737",
        "pub.1043875870",
        "pub.1031053265",
        "pub.1060398017",
        "pub.1060399369",
        "pub.1070926177",
        "pub.1027845896",
        "pub.1043626683"
    ],
    "relative_citation_ratio": 1.76,
    "author_affiliations": [
        [
            {
                "first_name": "Sunitha",
                "last_name": "Joseph",
                "initials": "",
                "corresponding": "",
                "orcid": "",
                "current_organization_id": "grid.417775.7",
                "researcher_id": "ur.01354362260.14",
                "affiliations": [
                    {
                        "id": "grid.417775.7",
                        "name": "Central Veterinary Research Laboratory",
                        "city": "Dubai",
                        "city_id": 292223,
                        "country": "United Arab Emirates",
                        "country_code": "AE",
                        "state": null,
                        "state_code": null
                    }
                ]
            },
            {
                "first_name": "Ulrich",
                "last_name": "Wernery",
                "initials": "",
                "corresponding": "",
                "orcid": "",
                "current_organization_id": "grid.417775.7",
                "researcher_id": "ur.01336247601.01",
                "affiliations": [
                    {
                        "id": "grid.417775.7",
                        "name": "Central Veterinary Research Laboratory",
                        "city": "Dubai",
                        "city_id": 292223,
                        "country": "United Arab Emirates",
                        "country_code": "AE",
                        "state": null,
                        "state_code": null
                    }
                ]
            },
            {
                "first_name": "Jade Ll",
                "last_name": "Teng",
                "initials": "",
                "corresponding": "",
                "orcid": "",
                "current_organization_id": "grid.194645.b",
                "researcher_id": "ur.010704107677.52",
                "affiliations": [
                    {
                        "id": "grid.194645.b",
                        "name": "University of Hong Kong",
                        "city": "Hong Kong",
                        "city_id": 1819729,
                        "country": "China",
                        "country_code": "CN",
                        "state": null,
                        "state_code": null
                    }
                ]
            },
            {
                "first_name": "Renate",
                "last_name": "Wernery",
                "initials": "",
                "corresponding": "",
                "orcid": "",
                "current_organization_id": "grid.417775.7",
                "researcher_id": "ur.01102160020.93",
                "affiliations": [
                    {
                        "id": "grid.417775.7",
                        "name": "Central Veterinary Research Laboratory",
                        "city": "Dubai",
                        "city_id": 292223,
                        "country": "United Arab Emirates",
                        "country_code": "AE",
                        "state": null,
                        "state_code": null
                    }
                ]
            },
            {
                "first_name": "Yi",
                "last_name": "Huang",
                "initials": "",
                "corresponding": "",
                "orcid": "",
                "current_organization_id": "grid.194645.b",
                "researcher_id": "ur.0677605346.15",
                "affiliations": [
                    {
                        "id": "grid.194645.b",
                        "name": "University of Hong Kong",
                        "city": "Hong Kong",
                        "city_id": 1819729,
                        "country": "China",
                        "country_code": "CN",
                        "state": null,
                        "state_code": null
                    }
                ]
            },
            {
                "first_name": "Nissy Ag",
                "last_name": "Patteril",
                "initials": "",
                "corresponding": "",
                "orcid": "",
                "current_organization_id": "",
                "researcher_id": "",
                "affiliations": [
                    {
                        "id": "grid.417775.7",
                        "name": "Central Veterinary Research Laboratory",
                        "city": "Dubai",
                        "city_id": 292223,
                        "country": "United Arab Emirates",
                        "country_code": "AE",
                        "state": null,
                        "state_code": null
                    }
                ]
            },
            {
                "first_name": "Kwok-Hung",
                "last_name": "Chan",
                "initials": "",
                "corresponding": "",
                "orcid": "['0000-0003-1771-8249']",
                "current_organization_id": "grid.194645.b",
                "researcher_id": "ur.07671422302.12",
                "affiliations": [
                    {
                        "id": "grid.194645.b",
                        "name": "University of Hong Kong",
                        "city": "Hong Kong",
                        "city_id": 1819729,
                        "country": "China",
                        "country_code": "CN",
                        "state": null,
                        "state_code": null
                    }
                ]
            },
            {
                "first_name": "Shyna K",
                "last_name": "Elizabeth",
                "initials": "",
                "corresponding": "",
                "orcid": "",
                "current_organization_id": "grid.417775.7",
                "researcher_id": "ur.01310547731.74",
                "affiliations": [
                    {
                        "id": "grid.417775.7",
                        "name": "Central Veterinary Research Laboratory",
                        "city": "Dubai",
                        "city_id": 292223,
                        "country": "United Arab Emirates",
                        "country_code": "AE",
                        "state": null,
                        "state_code": null
                    }
                ]
            },
            {
                "first_name": "Rachel Yy",
                "last_name": "Fan",
                "initials": "",
                "corresponding": "",
                "orcid": "",
                "current_organization_id": "grid.194645.b",
                "researcher_id": "ur.014024412422.09",
                "affiliations": [
                    {
                        "id": "grid.194645.b",
                        "name": "University of Hong Kong",
                        "city": "Hong Kong",
                        "city_id": 1819729,
                        "country": "China",
                        "country_code": "CN",
                        "state": null,
                        "state_code": null
                    }
                ]
            },
            {
                "first_name": "Susanna Kp",
                "last_name": "Lau",
                "initials": "",
                "corresponding": "",
                "orcid": "['0000-0002-1383-7374']",
                "current_organization_id": "grid.194645.b",
                "researcher_id": "ur.010317111112.58",
                "affiliations": [
                    {
                        "id": "grid.194645.b",
                        "name": "University of Hong Kong",
                        "city": "Hong Kong",
                        "city_id": 1819729,
                        "country": "China",
                        "country_code": "CN",
                        "state": null,
                        "state_code": null
                    },
                    {
                        "id": "grid.194645.b",
                        "name": "University of Hong Kong",
                        "city": "Hong Kong",
                        "city_id": 1819729,
                        "country": "China",
                        "country_code": "CN",
                        "state": null,
                        "state_code": null
                    },
                    {
                        "id": "grid.194645.b",
                        "name": "University of Hong Kong",
                        "city": "Hong Kong",
                        "city_id": 1819729,
                        "country": "China",
                        "country_code": "CN",
                        "state": null,
                        "state_code": null
                    },
                    {
                        "id": "grid.194645.b",
                        "name": "University of Hong Kong",
                        "city": "Hong Kong",
                        "city_id": 1819729,
                        "country": "China",
                        "country_code": "CN",
                        "state": null,
                        "state_code": null
                    },
                    {
                        "id": "grid.13402.34",
                        "name": "Zhejiang University",
                        "city": "Hangzhou",
                        "city_id": 1808926,
                        "country": "China",
                        "country_code": "CN",
                        "state": null,
                        "state_code": null
                    }
                ]
            },
            {
                "first_name": "J\u00f6rg",
                "last_name": "Kinne",
                "initials": "",
                "corresponding": "",
                "orcid": "",
                "current_organization_id": "grid.417775.7",
                "researcher_id": "ur.0627032377.69",
                "affiliations": [
                    {
                        "id": "grid.417775.7",
                        "name": "Central Veterinary Research Laboratory",
                        "city": "Dubai",
                        "city_id": 292223,
                        "country": "United Arab Emirates",
                        "country_code": "AE",
                        "state": null,
                        "state_code": null
                    }
                ]
            },
            {
                "first_name": "Patrick Cy",
                "last_name": "Woo",
                "initials": "",
                "corresponding": "",
                "orcid": "['0000-0001-9401-1832']",
                "current_organization_id": "grid.194645.b",
                "researcher_id": "ur.013404644337.48",
                "affiliations": [
                    {
                        "id": "grid.194645.b",
                        "name": "University of Hong Kong",
                        "city": "Hong Kong",
                        "city_id": 1819729,
                        "country": "China",
                        "country_code": "CN",
                        "state": null,
                        "state_code": null
                    },
                    {
                        "id": "grid.194645.b",
                        "name": "University of Hong Kong",
                        "city": "Hong Kong",
                        "city_id": 1819729,
                        "country": "China",
                        "country_code": "CN",
                        "state": null,
                        "state_code": null
                    },
                    {
                        "id": "grid.194645.b",
                        "name": "University of Hong Kong",
                        "city": "Hong Kong",
                        "city_id": 1819729,
                        "country": "China",
                        "country_code": "CN",
                        "state": null,
                        "state_code": null
                    },
                    {
                        "id": "grid.194645.b",
                        "name": "University of Hong Kong",
                        "city": "Hong Kong",
                        "city_id": 1819729,
                        "country": "China",
                        "country_code": "CN",
                        "state": null,
                        "state_code": null
                    },
                    {
                        "id": "grid.13402.34",
                        "name": "Zhejiang University",
                        "city": "Hangzhou",
                        "city_id": 1808926,
                        "country": "China",
                        "country_code": "CN",
                        "state": null,
                        "state_code": null
                    }
                ]
            }
        ]
    ],
    "type": "article"
}