{
    "date": "2020-03-02",
    "title": "Vorpal: A Novel RNA Virus Feature-Extraction Algorithm Demonstrated Through Interpretable Genotype-to-Phenotype Linear Models",
    "researchers": [
        {
            "id": "ur.01164376255.38",
            "last_name": "Bradrick",
            "first_name": "Shelton Stewart",
            "orcid_id": [
                "0000-0003-1566-9797"
            ],
            "research_orgs": [
                "grid.7445.2",
                "grid.250078.8",
                "grid.189509.c",
                "grid.176731.5",
                "grid.26009.3d",
                "grid.414179.e",
                "grid.266815.e",
                "grid.266813.8"
            ]
        },
        {
            "id": "ur.01327034016.78",
            "last_name": "Russell",
            "first_name": "Joseph A",
            "orcid_id": [
                "0000-0002-0623-5519"
            ],
            "research_orgs": [
                "grid.250078.8",
                "grid.33489.35"
            ]
        }
    ],
    "research_org_state_codes": [
        {
            "id": "US-MO",
            "name": "Missouri"
        }
    ],
    "altmetric": 10.0,
    "research_org_cities": [
        {
            "id": 4393217,
            "name": "Kansas City"
        }
    ],
    "open_access": [
        "Open Access - all",
        "Open Access - publisher",
        "Open Access - published"
    ],
    "research_org_countries": [
        {
            "id": "US",
            "name": "United States"
        }
    ],
    "doi": "10.1101/2020.02.28.969782",
    "FOR": [
        {
            "id": "2746",
            "name": "0801 Artificial Intelligence and Image Processing"
        }
    ],
    "times_cited": 0,
    "research_orgs": [
        {
            "id": "grid.250078.8",
            "state_name": "Missouri",
            "types": [
                "Nonprofit"
            ],
            "longitude": -94.582825,
            "linkout": [
                "http://www.mriglobal.org/"
            ],
            "latitude": 39.038715,
            "name": "MRIGlobal",
            "city_name": "Kansas City",
            "country_name": "United States"
        }
    ],
    "research_org_country_names": [
        "United States"
    ],
    "id": "pub.1125321529",
    "journal": {
        "id": "jour.1293558",
        "title": "bioRxiv"
    },
    "year": 2020,
    "references": [
        "pub.1113489715",
        "pub.1009280303",
        "pub.1032570187",
        "pub.1093088828",
        "pub.1014761536",
        "pub.1021631519",
        "pub.1037800779",
        "pub.1050687712",
        "pub.1008917139",
        "pub.1027297769",
        "pub.1000317530",
        "pub.1045980007",
        "pub.1010341938",
        "pub.1090638745",
        "pub.1117018366",
        "pub.1047753055",
        "pub.1033266560",
        "pub.1040917724",
        "pub.1101575276",
        "pub.1092298966",
        "pub.1019282311",
        "pub.1004980289",
        "pub.1017229575",
        "pub.1003903158",
        "pub.1045306334",
        "pub.1006720187",
        "pub.1121039767",
        "pub.1099238468",
        "pub.1082074344",
        "pub.1095256577",
        "pub.1112675121",
        "pub.1045248549",
        "pub.1047376933",
        "pub.1037178778",
        "pub.1006005023",
        "pub.1023678220",
        "pub.1038110157"
    ],
    "research_org_state_names": [
        "Missouri"
    ],
    "author_affiliations": [
        [
            {
                "first_name": "Phillip",
                "last_name": "Davis",
                "initials": "",
                "corresponding": "",
                "orcid": "",
                "current_organization_id": "",
                "researcher_id": "",
                "affiliations": [
                    {
                        "id": "grid.250078.8",
                        "name": "MRIGlobal",
                        "city": "Kansas City",
                        "city_id": 4393217,
                        "country": "United States",
                        "country_code": "US",
                        "state": "Missouri",
                        "state_code": "US-MO"
                    }
                ]
            },
            {
                "first_name": "John",
                "last_name": "Bagnoli",
                "initials": "",
                "corresponding": "",
                "orcid": "",
                "current_organization_id": "",
                "researcher_id": "",
                "affiliations": [
                    {
                        "id": "grid.250078.8",
                        "name": "MRIGlobal",
                        "city": "Kansas City",
                        "city_id": 4393217,
                        "country": "United States",
                        "country_code": "US",
                        "state": "Missouri",
                        "state_code": "US-MO"
                    }
                ]
            },
            {
                "first_name": "David",
                "last_name": "Yarmosh",
                "initials": "",
                "corresponding": "",
                "orcid": "",
                "current_organization_id": "",
                "researcher_id": "",
                "affiliations": [
                    {
                        "id": "grid.250078.8",
                        "name": "MRIGlobal",
                        "city": "Kansas City",
                        "city_id": 4393217,
                        "country": "United States",
                        "country_code": "US",
                        "state": "Missouri",
                        "state_code": "US-MO"
                    }
                ]
            },
            {
                "first_name": "Alan",
                "last_name": "Shteyman",
                "initials": "",
                "corresponding": "",
                "orcid": "",
                "current_organization_id": "",
                "researcher_id": "",
                "affiliations": [
                    {
                        "id": "grid.250078.8",
                        "name": "MRIGlobal",
                        "city": "Kansas City",
                        "city_id": 4393217,
                        "country": "United States",
                        "country_code": "US",
                        "state": "Missouri",
                        "state_code": "US-MO"
                    }
                ]
            },
            {
                "first_name": "Lance",
                "last_name": "Presser",
                "initials": "",
                "corresponding": "",
                "orcid": "",
                "current_organization_id": "",
                "researcher_id": "",
                "affiliations": [
                    {
                        "id": "grid.250078.8",
                        "name": "MRIGlobal",
                        "city": "Kansas City",
                        "city_id": 4393217,
                        "country": "United States",
                        "country_code": "US",
                        "state": "Missouri",
                        "state_code": "US-MO"
                    }
                ]
            },
            {
                "first_name": "Sharon",
                "last_name": "Altmann",
                "initials": "",
                "corresponding": "",
                "orcid": "",
                "current_organization_id": "",
                "researcher_id": "",
                "affiliations": [
                    {
                        "id": "grid.250078.8",
                        "name": "MRIGlobal",
                        "city": "Kansas City",
                        "city_id": 4393217,
                        "country": "United States",
                        "country_code": "US",
                        "state": "Missouri",
                        "state_code": "US-MO"
                    }
                ]
            },
            {
                "first_name": "Shelton",
                "last_name": "Bradrick",
                "initials": "",
                "corresponding": "",
                "orcid": "['0000-0003-1566-9797']",
                "current_organization_id": "grid.176731.5",
                "researcher_id": "ur.01164376255.38",
                "affiliations": [
                    {
                        "id": "grid.250078.8",
                        "name": "MRIGlobal",
                        "city": "Kansas City",
                        "city_id": 4393217,
                        "country": "United States",
                        "country_code": "US",
                        "state": "Missouri",
                        "state_code": "US-MO"
                    }
                ]
            },
            {
                "first_name": "Joseph A",
                "last_name": "Russell",
                "initials": "",
                "corresponding": "",
                "orcid": "['0000-0002-0623-5519']",
                "current_organization_id": "grid.250078.8",
                "researcher_id": "ur.01327034016.78",
                "affiliations": [
                    {
                        "id": "grid.250078.8",
                        "name": "MRIGlobal",
                        "city": "Kansas City",
                        "city_id": 4393217,
                        "country": "United States",
                        "country_code": "US",
                        "state": "Missouri",
                        "state_code": "US-MO"
                    }
                ]
            }
        ]
    ],
    "type": "preprint"
}