{
    "volume": "4",
    "date": "2015-12-01",
    "title": "Rapid and Effective Virucidal Activity of Povidone-Iodine Products Against Middle East Respiratory Syndrome Coronavirus (MERS-CoV) and Modified Vaccinia Virus Ankara (MVA)",
    "researchers": [
        {
            "id": "ur.01121441162.28",
            "last_name": "Eggers",
            "first_name": "Maren",
            "orcid_id": [
                "0000-0001-8485-9485"
            ],
            "research_orgs": [
                "grid.430814.a",
                "grid.5252.0",
                "grid.10253.35",
                "grid.9026.d",
                "grid.7700.0"
            ]
        },
        {
            "id": "ur.0624443774.55",
            "last_name": "Eickmann",
            "first_name": "Markus",
            "research_orgs": [
                "grid.411067.5",
                "grid.452463.2",
                "grid.419423.9",
                "grid.8664.c",
                "grid.271308.f",
                "grid.10253.35",
                "grid.424065.1",
                "grid.419734.c",
                "grid.14095.39"
            ]
        },
        {
            "id": "ur.0615332411.67",
            "last_name": "Zorn",
            "first_name": "Juergen",
            "research_orgs": [
                "grid.476538.b"
            ]
        }
    ],
    "pmcid": "PMC4675768",
    "altmetric": 26.0,
    "pages": "491-501",
    "research_org_cities": [
        {
            "id": 2877648,
            "name": "Limburg an der Lahn"
        },
        {
            "id": 2825297,
            "name": "Stuttgart"
        },
        {
            "id": 2873759,
            "name": "Marburg an der Lahn"
        }
    ],
    "open_access": [
        "Open Access - all",
        "Open Access - publisher",
        "Open Access - published"
    ],
    "research_org_countries": [
        {
            "id": "DE",
            "name": "Germany"
        }
    ],
    "doi": "10.1007/s40121-015-0091-9",
    "FOR": [
        {
            "id": "3177",
            "name": "1117 Public Health and Health Services"
        }
    ],
    "times_cited": 7,
    "research_orgs": [
        {
            "id": "grid.476538.b",
            "types": [
                "Company"
            ],
            "longitude": 8.07868,
            "linkout": [
                "http://www.mundipharma-rd.eu/home.html"
            ],
            "latitude": 50.3979,
            "name": "Mundipharma (Germany)",
            "city_name": "Limburg an der Lahn",
            "country_name": "Germany"
        },
        {
            "id": "grid.10253.35",
            "types": [
                "Education"
            ],
            "longitude": 8.773611,
            "linkout": [
                "https://www.uni-marburg.de/index_html-en?set_language=en"
            ],
            "latitude": 50.810833,
            "name": "Philipp University of Marburg",
            "city_name": "Marburg",
            "country_name": "Germany"
        }
    ],
    "pmid": "26416214",
    "research_org_country_names": [
        "Germany"
    ],
    "id": "pub.1022901096",
    "issue": "4",
    "journal": {
        "id": "jour.1050275",
        "title": "Infectious Diseases and Therapy"
    },
    "year": 2015,
    "references": [
        "pub.1040335802",
        "pub.1039668822",
        "pub.1001265767",
        "pub.1026312534",
        "pub.1043875870",
        "pub.1038699774",
        "pub.1022930745",
        "pub.1008878482",
        "pub.1043528619",
        "pub.1024260784",
        "pub.1006787076",
        "pub.1051704690",
        "pub.1064592389",
        "pub.1080426360",
        "pub.1028417576",
        "pub.1029439693"
    ],
    "relative_citation_ratio": 0.63,
    "author_affiliations": [
        [
            {
                "first_name": "Maren",
                "last_name": "Eggers",
                "initials": "",
                "corresponding": "",
                "orcid": "['0000-0001-8485-9485']",
                "current_organization_id": "",
                "researcher_id": "ur.01121441162.28",
                "affiliations": [
                    {
                        "name": "Labor Prof. Gisela Enders MVZ GbR and the Institute of Virology, Infectious Diseases and Epidemiology e.V., Stuttgart, Germany"
                    }
                ]
            },
            {
                "first_name": "Markus",
                "last_name": "Eickmann",
                "initials": "",
                "corresponding": "",
                "orcid": "",
                "current_organization_id": "grid.10253.35",
                "researcher_id": "ur.0624443774.55",
                "affiliations": [
                    {
                        "id": "grid.10253.35",
                        "name": "Philipp University of Marburg",
                        "city": "Marburg",
                        "city_id": 2873759,
                        "country": "Germany",
                        "country_code": "DE",
                        "state": null,
                        "state_code": null
                    }
                ]
            },
            {
                "first_name": "Juergen",
                "last_name": "Zorn",
                "initials": "",
                "corresponding": true,
                "orcid": "",
                "current_organization_id": "grid.476538.b",
                "researcher_id": "ur.0615332411.67",
                "affiliations": [
                    {
                        "id": "grid.476538.b",
                        "name": "Mundipharma (Germany)",
                        "city": "Limburg an der Lahn",
                        "city_id": 2877648,
                        "country": "Germany",
                        "country_code": "DE",
                        "state": null,
                        "state_code": null
                    }
                ]
            }
        ]
    ],
    "type": "article"
}