{
    "research_orgs": [
        {
            "id": "grid.187073.a",
            "linkout": [
                "http://www.anl.gov/"
            ],
            "city_name": "Lemont",
            "longitude": -87.981995,
            "acronym": "ANL",
            "state_name": "Illinois",
            "latitude": 41.709167,
            "name": "Argonne National Laboratory",
            "types": [
                "Facility"
            ],
            "country_name": "United States"
        },
        {
            "id": "grid.266097.c",
            "linkout": [
                "http://www.ucr.edu/"
            ],
            "city_name": "Riverside",
            "longitude": -117.33111,
            "acronym": "UCR",
            "state_name": "California",
            "latitude": 33.975555,
            "name": "University of California, Riverside",
            "types": [
                "Education"
            ],
            "country_name": "United States"
        }
    ],
    "research_org_country_names": [
        "United States"
    ],
    "title": "Crystal structure of Nsp15 endoribonuclease NendoU from SARS-CoV-2",
    "type": "preprint",
    "year": 2020,
    "journal": {
        "id": "jour.1293558",
        "title": "bioRxiv"
    },
    "researchers": [
        {
            "id": "ur.01002444173.53",
            "research_orgs": [
                "grid.170205.1",
                "grid.187073.a",
                "grid.47100.32",
                "grid.152326.1",
                "grid.214458.e",
                "grid.7372.1",
                "grid.17063.33",
                "grid.88379.3d",
                "grid.266436.3"
            ],
            "first_name": "Youngchang",
            "last_name": "Kim"
        },
        {
            "id": "ur.0665704744.18",
            "research_orgs": [
                "grid.187073.a",
                "grid.6868.0",
                "grid.48336.3a"
            ],
            "first_name": "Robert P",
            "last_name": "Jedrzejczak"
        },
        {
            "id": "ur.01050557373.87",
            "research_orgs": [
                "grid.170205.1",
                "grid.187073.a"
            ],
            "first_name": "Natalia I",
            "last_name": "Maltseva"
        },
        {
            "id": "ur.01207256565.48",
            "research_orgs": [
                "grid.187073.a"
            ],
            "first_name": "Michael",
            "last_name": "Endres"
        },
        {
            "id": "ur.01064406065.43",
            "research_orgs": [
                "grid.214007.0",
                "grid.266097.c",
                "grid.12847.38",
                "grid.1002.3",
                "grid.412125.1",
                "grid.16753.36",
                "grid.264756.4",
                "grid.266100.3",
                "grid.479509.6",
                "grid.168010.e",
                "grid.445003.6",
                "grid.419677.a",
                "grid.217200.6",
                "grid.4709.a"
            ],
            "first_name": "Adam",
            "last_name": "Godzik",
            "orcid_id": [
                "0000-0002-2425-852X"
            ]
        },
        {
            "id": "ur.01016473120.21",
            "research_orgs": [
                "grid.187073.a"
            ],
            "first_name": "Karolina",
            "last_name": "Michalska"
        },
        {
            "id": "ur.015673556077.19",
            "research_orgs": [
                "grid.5522.0",
                "grid.39381.30",
                "grid.184769.5",
                "grid.47100.32",
                "grid.17063.33",
                "grid.417540.3",
                "grid.231844.8",
                "grid.418855.5",
                "grid.16753.36",
                "grid.419681.3",
                "grid.418895.9",
                "grid.14476.30",
                "grid.239395.7",
                "grid.170205.1",
                "grid.267308.8",
                "grid.413454.3",
                "grid.187073.a",
                "grid.88379.3d",
                "grid.418856.6"
            ],
            "first_name": "Andrzej Joachimiak",
            "last_name": "Joachimiak"
        }
    ],
    "FOR": [
        {
            "id": "3114",
            "name": "1108 Medical Microbiology"
        }
    ],
    "research_org_countries": [
        {
            "id": "US",
            "name": "United States"
        }
    ],
    "date": "2020-03-03",
    "altmetric": 64.0,
    "research_org_state_names": [
        "California",
        "Illinois"
    ],
    "id": "pub.1125344664",
    "research_org_state_codes": [
        {
            "id": "US-CA",
            "name": "California"
        },
        {
            "id": "US-IL",
            "name": "Illinois"
        }
    ],
    "research_org_cities": [
        {
            "id": 4899581,
            "name": "Lemont"
        },
        {
            "id": 5387877,
            "name": "Riverside"
        }
    ],
    "open_access": [
        "Open Access - all",
        "Open Access - publisher",
        "Open Access - published"
    ],
    "author_affiliations": [
        [
            {
                "first_name": "Youngchang",
                "last_name": "Kim",
                "initials": "",
                "corresponding": "",
                "orcid": "",
                "current_organization_id": "grid.187073.a",
                "researcher_id": "ur.01002444173.53",
                "affiliations": [
                    {
                        "name": "University of Chicago/Argonne National Laboratory;"
                    }
                ]
            },
            {
                "first_name": "Robert",
                "last_name": "Jedrzejczak",
                "initials": "",
                "corresponding": "",
                "orcid": "",
                "current_organization_id": "grid.187073.a",
                "researcher_id": "ur.0665704744.18",
                "affiliations": [
                    {
                        "name": "University of Chicago/Argonne National Laboratory;"
                    }
                ]
            },
            {
                "first_name": "Natalia I.",
                "last_name": "Maltseva",
                "initials": "",
                "corresponding": "",
                "orcid": "",
                "current_organization_id": "grid.187073.a",
                "researcher_id": "ur.01050557373.87",
                "affiliations": [
                    {
                        "name": "University of Chicago/Argonne National Laboratory;"
                    }
                ]
            },
            {
                "first_name": "Michael",
                "last_name": "Endres",
                "initials": "",
                "corresponding": "",
                "orcid": "",
                "current_organization_id": "grid.187073.a",
                "researcher_id": "ur.01207256565.48",
                "affiliations": [
                    {
                        "id": "grid.187073.a",
                        "name": "Argonne National Laboratory",
                        "city": "Lemont",
                        "city_id": 4899581,
                        "country": "United States",
                        "country_code": "US",
                        "state": "Illinois",
                        "state_code": "US-IL"
                    }
                ]
            },
            {
                "first_name": "Adam",
                "last_name": "Godzik",
                "initials": "",
                "corresponding": "",
                "orcid": "['0000-0002-2425-852X']",
                "current_organization_id": "grid.266097.c",
                "researcher_id": "ur.01064406065.43",
                "affiliations": [
                    {
                        "id": "grid.266097.c",
                        "name": "University of California, Riverside",
                        "city": "Riverside",
                        "city_id": 5387877,
                        "country": "United States",
                        "country_code": "US",
                        "state": "California",
                        "state_code": "US-CA"
                    }
                ]
            },
            {
                "first_name": "Karolina",
                "last_name": "Michalska",
                "initials": "",
                "corresponding": "",
                "orcid": "",
                "current_organization_id": "grid.187073.a",
                "researcher_id": "ur.01016473120.21",
                "affiliations": [
                    {
                        "name": "University of Chicago/Argonne National Laboratory;"
                    }
                ]
            },
            {
                "first_name": "Andrzej",
                "last_name": "Joachimiak",
                "initials": "",
                "corresponding": "",
                "orcid": "",
                "current_organization_id": "grid.187073.a",
                "researcher_id": "ur.015673556077.19",
                "affiliations": [
                    {
                        "name": "University of Chicago/Argonne National Laboratory;"
                    }
                ]
            }
        ]
    ],
    "doi": "10.1101/2020.03.02.968388",
    "times_cited": 0,
    "references": [
        "pub.1031355005",
        "pub.1083396365",
        "pub.1020777046",
        "pub.1013402479",
        "pub.1001059585",
        "pub.1020405374",
        "pub.1085370241",
        "pub.1052553370",
        "pub.1014005434",
        "pub.1026744115",
        "pub.1050221566",
        "pub.1106294131",
        "pub.1002175199",
        "pub.1013602600",
        "pub.1055164344",
        "pub.1051254013",
        "pub.1003451988",
        "pub.1023571412",
        "pub.1036418126",
        "pub.1025033424",
        "pub.1016662595",
        "pub.1110510319",
        "pub.1007097733",
        "pub.1041648610",
        "pub.1029024418",
        "pub.1104987743",
        "pub.1003684313",
        "pub.1020281098",
        "pub.1043120716",
        "pub.1008154762",
        "pub.1072310657",
        "pub.1053263320",
        "pub.1062712730",
        "pub.1019228391",
        "pub.1006314028",
        "pub.1119755838",
        "pub.1002186240",
        "pub.1040917438"
    ]
}