{
    "volume": "10",
    "date": "2017-11-01",
    "title": "Dynamics of scientific publications on the MERS-CoV outbreaks in Saudi Arabia",
    "researchers": [
        {
            "id": "ur.01031623013.03",
            "last_name": "Rabaan",
            "first_name": "Ali A",
            "orcid_id": [
                "0000-0002-6774-9847"
            ],
            "research_orgs": [
                "grid.413672.5",
                "grid.415305.6"
            ]
        },
        {
            "id": "ur.010525344211.47",
            "last_name": "Al-Ahmed",
            "first_name": "Shamsah H",
            "research_orgs": [
                "grid.415458.9"
            ]
        },
        {
            "id": "ur.07727763611.56",
            "last_name": "Bazzi",
            "first_name": "Ali M",
            "research_orgs": [
                "grid.415305.6",
                "grid.412868.1"
            ]
        },
        {
            "id": "ur.0726001752.41",
            "last_name": "Al-Tawfiq",
            "first_name": "Jaffar Ali",
            "orcid_id": [
                "0000-0002-5752-2235"
            ],
            "research_orgs": [
                "grid.21107.35",
                "grid.257413.6",
                "grid.413672.5",
                "grid.416738.f",
                "grid.415696.9",
                "grid.454873.9",
                "grid.415305.6",
                "grid.266471.0",
                "grid.257427.1",
                "grid.257410.5"
            ]
        }
    ],
    "research_org_state_codes": [
        {
            "id": "US-IN",
            "name": "Indiana"
        }
    ],
    "altmetric": 2.0,
    "pages": "702-710",
    "research_org_cities": [
        {
            "id": 4259418,
            "name": "Indianapolis"
        },
        {
            "id": 107797,
            "name": "Dhahran"
        },
        {
            "id": 108927,
            "name": "Al Qa\u0163\u012bf"
        }
    ],
    "open_access": [
        "Open Access - all",
        "Open Access - publisher",
        "Open Access - published"
    ],
    "research_org_countries": [
        {
            "id": "SA",
            "name": "Saudi Arabia"
        },
        {
            "id": "US",
            "name": "United States"
        }
    ],
    "doi": "10.1016/j.jiph.2017.05.005",
    "FOR": [
        {
            "id": "3177",
            "name": "1117 Public Health and Health Services"
        }
    ],
    "times_cited": 0,
    "research_orgs": [
        {
            "id": "grid.415305.6",
            "acronym": "JHAH",
            "types": [
                "Healthcare"
            ],
            "longitude": 50.136936,
            "linkout": [
                "http://www.jhah.com/home"
            ],
            "latitude": 26.310211,
            "name": "Saudi Aramco Medical Services Organization",
            "city_name": "Dhahran",
            "country_name": "Saudi Arabia"
        },
        {
            "id": "grid.257413.6",
            "acronym": "IUPUI",
            "state_name": "Indiana",
            "types": [
                "Education"
            ],
            "longitude": -86.16858,
            "linkout": [
                "http://www.iupui.edu/"
            ],
            "latitude": 39.776966,
            "name": "Indiana University \u2013 Purdue University Indianapolis",
            "city_name": "Indianapolis",
            "country_name": "United States"
        },
        {
            "id": "grid.415458.9",
            "types": [
                "Healthcare"
            ],
            "longitude": 49.96822,
            "linkout": [
                "http://www.qch.med.sa/"
            ],
            "latitude": 26.524853,
            "name": "Qatif Central Hospital",
            "city_name": "Al Qa\u0163\u012bf",
            "country_name": "Saudi Arabia"
        }
    ],
    "pmid": "28625842",
    "research_org_country_names": [
        "Saudi Arabia",
        "United States"
    ],
    "id": "pub.1086129483",
    "issue": "6",
    "journal": {
        "id": "jour.1040717",
        "title": "Journal of Infection and Public Health"
    },
    "year": 2017,
    "references": [
        "pub.1068078904",
        "pub.1069303835",
        "pub.1035765162",
        "pub.1046031242",
        "pub.1062689068",
        "pub.1011474789",
        "pub.1016003445",
        "pub.1014991093",
        "pub.1016875304",
        "pub.1005806842",
        "pub.1010107426",
        "pub.1033222743",
        "pub.1049039428",
        "pub.1049328071",
        "pub.1000449256",
        "pub.1073742188",
        "pub.1025710658",
        "pub.1037841815",
        "pub.1047929800",
        "pub.1043875870",
        "pub.1007307807",
        "pub.1069304254",
        "pub.1059467671",
        "pub.1025370485",
        "pub.1032336119",
        "pub.1004328068",
        "pub.1007105268",
        "pub.1059381188",
        "pub.1040406493",
        "pub.1039547844",
        "pub.1041075654",
        "pub.1078761917",
        "pub.1009562030",
        "pub.1067984165",
        "pub.1033912353",
        "pub.1036814063",
        "pub.1044179073",
        "pub.1004058411",
        "pub.1016527525",
        "pub.1019532066",
        "pub.1030864342",
        "pub.1072348678",
        "pub.1008217409",
        "pub.1045434688",
        "pub.1028046158",
        "pub.1053494442",
        "pub.1062780728",
        "pub.1047831909",
        "pub.1011074923",
        "pub.1000130902",
        "pub.1051895225",
        "pub.1078746520",
        "pub.1043470926",
        "pub.1001995717",
        "pub.1070926174",
        "pub.1037186411",
        "pub.1027207597",
        "pub.1048107244",
        "pub.1069304034",
        "pub.1015155432",
        "pub.1074229276",
        "pub.1024905674",
        "pub.1050950113",
        "pub.1079156081",
        "pub.1078956706",
        "pub.1040995616",
        "pub.1015443089",
        "pub.1075244988",
        "pub.1026865774",
        "pub.1079075944",
        "pub.1010985818",
        "pub.1014739032",
        "pub.1006765589",
        "pub.1079064713",
        "pub.1019703731",
        "pub.1030067021",
        "pub.1030452892",
        "pub.1039579861",
        "pub.1015127616",
        "pub.1059467945",
        "pub.1001141497",
        "pub.1046341922",
        "pub.1038704296",
        "pub.1011319252",
        "pub.1079292691",
        "pub.1040072516",
        "pub.1070926255",
        "pub.1045162568",
        "pub.1043917252",
        "pub.1028540317",
        "pub.1039853178",
        "pub.1014602746",
        "pub.1042573265",
        "pub.1026350503"
    ],
    "research_org_state_names": [
        "Indiana"
    ],
    "author_affiliations": [
        [
            {
                "first_name": "Ali A.",
                "last_name": "Rabaan",
                "initials": "",
                "corresponding": "",
                "orcid": "",
                "current_organization_id": "grid.415305.6",
                "researcher_id": "ur.01031623013.03",
                "affiliations": [
                    {
                        "id": "grid.415305.6",
                        "name": "Saudi Aramco Medical Services Organization",
                        "city": "Dhahran",
                        "city_id": 107797,
                        "country": "Saudi Arabia",
                        "country_code": "SA",
                        "state": null,
                        "state_code": null
                    }
                ]
            },
            {
                "first_name": "Shamsah H.",
                "last_name": "Al-Ahmed",
                "initials": "",
                "corresponding": "",
                "orcid": "",
                "current_organization_id": "grid.415458.9",
                "researcher_id": "ur.010525344211.47",
                "affiliations": [
                    {
                        "id": "grid.415458.9",
                        "name": "Qatif Central Hospital",
                        "city": "Al Qa\u0163\u012bf",
                        "city_id": 108927,
                        "country": "Saudi Arabia",
                        "country_code": "SA",
                        "state": null,
                        "state_code": null
                    }
                ]
            },
            {
                "first_name": "Ali M.",
                "last_name": "Bazzi",
                "initials": "",
                "corresponding": "",
                "orcid": "",
                "current_organization_id": "grid.415305.6",
                "researcher_id": "ur.07727763611.56",
                "affiliations": [
                    {
                        "id": "grid.415305.6",
                        "name": "Saudi Aramco Medical Services Organization",
                        "city": "Dhahran",
                        "city_id": 107797,
                        "country": "Saudi Arabia",
                        "country_code": "SA",
                        "state": null,
                        "state_code": null
                    }
                ]
            },
            {
                "first_name": "Jaffar A.",
                "last_name": "Al-Tawfiq",
                "initials": "",
                "corresponding": true,
                "orcid": "['0000-0002-5752-2235']",
                "current_organization_id": "grid.415305.6",
                "researcher_id": "ur.0726001752.41",
                "affiliations": [
                    {
                        "id": "grid.415305.6",
                        "name": "Saudi Aramco Medical Services Organization",
                        "city": "Dhahran",
                        "city_id": 107797,
                        "country": "Saudi Arabia",
                        "country_code": "SA",
                        "state": null,
                        "state_code": null
                    },
                    {
                        "id": "grid.257413.6",
                        "name": "Indiana University \u2013 Purdue University Indianapolis",
                        "city": "Indianapolis",
                        "city_id": 4259418,
                        "country": "United States",
                        "country_code": "US",
                        "state": "Indiana",
                        "state_code": "US-IN"
                    }
                ]
            }
        ]
    ],
    "type": "article"
}