{
    "volume": "70",
    "date": "2020-01-01",
    "title": "Apibacter raozihei sp. nov. isolated from bat feces of Hipposideros and Taphozous spp.",
    "researchers": [
        {
            "id": "ur.014055440063.47",
            "last_name": "Huang",
            "first_name": "Yuyuan",
            "research_orgs": [
                "grid.256607.0",
                "grid.198530.6"
            ]
        },
        {
            "id": "ur.011247441504.24",
            "last_name": "Wang",
            "first_name": "Xiaoxia",
            "research_orgs": [
                "grid.256607.0",
                "grid.198530.6"
            ]
        },
        {
            "id": "ur.010404534241.68",
            "last_name": "Yang",
            "first_name": "Jing",
            "research_orgs": [
                "grid.198530.6",
                "grid.470110.3",
                "grid.12527.33",
                "grid.13402.34"
            ]
        },
        {
            "id": "ur.0673022657.18",
            "last_name": "Lu",
            "first_name": "Shan",
            "research_orgs": [
                "grid.12527.33",
                "grid.13402.34",
                "grid.470110.3",
                "grid.198530.6"
            ]
        },
        {
            "id": "ur.012737453401.48",
            "last_name": "Lai",
            "first_name": "Xin-He",
            "research_orgs": [
                "grid.268099.c",
                "grid.459559.1",
                "grid.412544.2",
                "grid.414906.e"
            ]
        },
        {
            "id": "ur.0730354326.01",
            "last_name": "Jin",
            "first_name": "Dong-Yan",
            "orcid_id": [
                "0000-0002-2778-3530"
            ],
            "research_orgs": [
                "grid.1005.4",
                "grid.12527.33",
                "grid.194645.b",
                "grid.13402.34",
                "grid.198530.6",
                "grid.419681.3",
                "grid.267313.2",
                "grid.470110.3",
                "grid.419082.6",
                "grid.94365.3d",
                "grid.420089.7"
            ]
        },
        {
            "id": "ur.013726565665.35",
            "last_name": "Pu",
            "first_name": "Ji",
            "research_orgs": [
                "grid.198530.6",
                "grid.13402.34"
            ]
        },
        {
            "id": "ur.01255023625.10",
            "last_name": "Huang",
            "first_name": "Ying",
            "research_orgs": [
                "grid.198530.6",
                "grid.13402.34"
            ]
        },
        {
            "id": "ur.01103505415.83",
            "last_name": "Ren",
            "first_name": "Zhi-Hong",
            "research_orgs": [
                "grid.429997.8",
                "grid.198530.6",
                "grid.12527.33",
                "grid.13402.34"
            ]
        },
        {
            "id": "ur.07722613704.65",
            "last_name": "Zhu",
            "first_name": "Wentao",
            "research_orgs": [
                "grid.470110.3"
            ]
        },
        {
            "id": "ur.011315554704.42",
            "last_name": "Liang",
            "first_name": "Hao",
            "research_orgs": [
                "grid.256607.0"
            ]
        },
        {
            "id": "ur.0731467610.04",
            "last_name": "Zhou",
            "first_name": "Peng-Jun",
            "orcid_id": [
                "0000-0001-9863-4201"
            ],
            "research_orgs": [
                "grid.428397.3",
                "grid.49470.3e",
                "grid.89957.3a",
                "grid.410726.6",
                "grid.4280.e",
                "grid.27871.3b",
                "grid.413322.5",
                "grid.263761.7",
                "grid.24516.34",
                "grid.439104.b",
                "grid.11135.37",
                "grid.454840.9"
            ]
        },
        {
            "id": "ur.012321453367.61",
            "last_name": "Shi",
            "first_name": "Zhengli-Li",
            "research_orgs": [
                "grid.439104.b",
                "grid.27255.37",
                "grid.49470.3e",
                "grid.9227.e",
                "grid.410726.6",
                "grid.121334.6",
                "grid.265436.0",
                "grid.440682.c",
                "grid.410740.6",
                "grid.411863.9",
                "grid.420826.a",
                "grid.464498.3"
            ]
        },
        {
            "id": "ur.010054536537.25",
            "last_name": "Xu",
            "first_name": "Jianguo",
            "research_orgs": [
                "grid.470110.3",
                "grid.216938.7",
                "grid.13402.34",
                "grid.453135.5",
                "grid.1005.4",
                "grid.11135.37",
                "grid.12527.33",
                "grid.263452.4",
                "grid.256607.0",
                "grid.198530.6",
                "grid.13291.38"
            ]
        }
    ],
    "altmetric": 13.0,
    "pages": "611-617",
    "research_org_cities": [
        {
            "id": 1796236,
            "name": "Shanghai"
        },
        {
            "id": 1791247,
            "name": "Wuhan"
        },
        {
            "id": 1816670,
            "name": "Beijing"
        },
        {
            "id": 1799869,
            "name": "Nanning"
        },
        {
            "id": 1783934,
            "name": "Shangqiu"
        }
    ],
    "research_org_countries": [
        {
            "id": "CN",
            "name": "China"
        }
    ],
    "doi": "10.1099/ijsem.0.003801",
    "FOR": [
        {
            "id": "2620",
            "name": "0604 Genetics"
        }
    ],
    "times_cited": 0,
    "research_orgs": [
        {
            "id": "grid.256607.0",
            "types": [
                "Education"
            ],
            "longitude": 108.3504,
            "linkout": [
                "http://www.gxmu.edu.cn/"
            ],
            "latitude": 22.79728,
            "name": "Guangxi Medical University",
            "city_name": "Nanning",
            "country_name": "China"
        },
        {
            "id": "grid.412544.2",
            "acronym": "SQNU",
            "types": [
                "Education"
            ],
            "longitude": 115.62385,
            "linkout": [
                "http://www.sqnc.edu.cn/"
            ],
            "latitude": 34.42686,
            "name": "Shangqiu Normal University",
            "city_name": "Shangqiu",
            "country_name": "China"
        },
        {
            "id": "grid.198530.6",
            "acronym": "CCDC",
            "types": [
                "Nonprofit"
            ],
            "longitude": 116.398834,
            "linkout": [
                "http://www.chinacdc.cn/en/"
            ],
            "latitude": 39.91624,
            "name": "Chinese Center For Disease Control and Prevention",
            "city_name": "Beijing",
            "country_name": "China"
        },
        {
            "id": "grid.470110.3",
            "acronym": "SPHCC",
            "types": [
                "Healthcare"
            ],
            "longitude": 121.34162,
            "linkout": [
                "http://www.shaphc.org/default.aspx"
            ],
            "latitude": 30.791754,
            "name": "Shanghai Public Health Clinical Center",
            "city_name": "Shanghai",
            "country_name": "China"
        },
        {
            "id": "grid.506261.6",
            "acronym": "CAMS&PUMC",
            "types": [
                "Education"
            ],
            "longitude": 116.41479,
            "linkout": [
                "http://www.cams.ac.cn/"
            ],
            "latitude": 39.91149,
            "name": "Chinese Academy of Medical Sciences & Peking Union Medical College",
            "city_name": "Beijing",
            "country_name": "China"
        },
        {
            "id": "grid.439104.b",
            "acronym": "WIV",
            "types": [
                "Facility"
            ],
            "longitude": 114.26543,
            "linkout": [
                "http://english.whiov.cas.cn/"
            ],
            "latitude": 30.375658,
            "name": "Wuhan Institute Of Virology",
            "city_name": "Wuhan",
            "country_name": "China"
        }
    ],
    "pmid": "31661042",
    "funders": [
        {
            "id": "grid.424020.0",
            "acronym": "MOST",
            "types": [
                "Government"
            ],
            "longitude": 116.316284,
            "linkout": [
                "http://www.most.gov.cn/eng/"
            ],
            "latitude": 39.827835,
            "name": "Ministry of Science and Technology of the People's Republic of China",
            "city_name": "Beijing",
            "country_name": "China"
        }
    ],
    "research_org_country_names": [
        "China"
    ],
    "id": "pub.1122149444",
    "issue": "1",
    "journal": {
        "id": "jour.1294853",
        "title": "International Journal of Systematic and Evolutionary Microbiology"
    },
    "year": 2020,
    "references": [
        "pub.1023239976",
        "pub.1119759042",
        "pub.1060389760",
        "pub.1112684173",
        "pub.1030610778",
        "pub.1037541327",
        "pub.1060388942",
        "pub.1044065382",
        "pub.1058369386",
        "pub.1060389207",
        "pub.1107870171",
        "pub.1016521225",
        "pub.1085717760",
        "pub.1008808432",
        "pub.1034803318",
        "pub.1040313779",
        "pub.1058369478",
        "pub.1050756122",
        "pub.1103150657",
        "pub.1029680672",
        "pub.1083852801",
        "pub.1060388904",
        "pub.1120977247",
        "pub.1012564990",
        "pub.1035087693",
        "pub.1013618994",
        "pub.1079752303",
        "pub.1033672948",
        "pub.1028540883",
        "pub.1015633904"
    ],
    "author_affiliations": [
        [
            {
                "first_name": "Yuyuan",
                "last_name": "Huang",
                "initials": "",
                "corresponding": "",
                "orcid": "",
                "current_organization_id": "grid.198530.6",
                "researcher_id": "ur.014055440063.47",
                "affiliations": [
                    {
                        "id": "grid.198530.6",
                        "name": "Chinese Center For Disease Control and Prevention",
                        "city": "Beijing",
                        "city_id": 1816670,
                        "country": "China",
                        "country_code": "CN",
                        "state": null,
                        "state_code": null
                    },
                    {
                        "id": "grid.256607.0",
                        "name": "Guangxi Medical University",
                        "city": "Nanning",
                        "city_id": 1799869,
                        "country": "China",
                        "country_code": "CN",
                        "state": null,
                        "state_code": null
                    }
                ]
            },
            {
                "first_name": "Xiaoxia",
                "last_name": "Wang",
                "initials": "",
                "corresponding": "",
                "orcid": "",
                "current_organization_id": "grid.198530.6",
                "researcher_id": "ur.011247441504.24",
                "affiliations": [
                    {
                        "id": "grid.198530.6",
                        "name": "Chinese Center For Disease Control and Prevention",
                        "city": "Beijing",
                        "city_id": 1816670,
                        "country": "China",
                        "country_code": "CN",
                        "state": null,
                        "state_code": null
                    },
                    {
                        "id": "grid.256607.0",
                        "name": "Guangxi Medical University",
                        "city": "Nanning",
                        "city_id": 1799869,
                        "country": "China",
                        "country_code": "CN",
                        "state": null,
                        "state_code": null
                    }
                ]
            },
            {
                "first_name": "Jing",
                "last_name": "Yang",
                "initials": "",
                "corresponding": "",
                "orcid": "",
                "current_organization_id": "grid.198530.6",
                "researcher_id": "ur.010404534241.68",
                "affiliations": [
                    {
                        "id": "grid.506261.6",
                        "name": "Chinese Academy of Medical Sciences & Peking Union Medical College",
                        "city": "Beijing",
                        "city_id": 1816670,
                        "country": "China",
                        "country_code": "CN",
                        "state": null,
                        "state_code": null
                    },
                    {
                        "id": "grid.470110.3",
                        "name": "Shanghai Public Health Clinical Center",
                        "city": "Shanghai",
                        "city_id": 1796236,
                        "country": "China",
                        "country_code": "CN",
                        "state": null,
                        "state_code": null
                    },
                    {
                        "id": "grid.198530.6",
                        "name": "Chinese Center For Disease Control and Prevention",
                        "city": "Beijing",
                        "city_id": 1816670,
                        "country": "China",
                        "country_code": "CN",
                        "state": null,
                        "state_code": null
                    }
                ]
            },
            {
                "first_name": "Shan",
                "last_name": "Lu",
                "initials": "",
                "corresponding": "",
                "orcid": "",
                "current_organization_id": "grid.198530.6",
                "researcher_id": "ur.0673022657.18",
                "affiliations": [
                    {
                        "id": "grid.506261.6",
                        "name": "Chinese Academy of Medical Sciences & Peking Union Medical College",
                        "city": "Beijing",
                        "city_id": 1816670,
                        "country": "China",
                        "country_code": "CN",
                        "state": null,
                        "state_code": null
                    },
                    {
                        "id": "grid.470110.3",
                        "name": "Shanghai Public Health Clinical Center",
                        "city": "Shanghai",
                        "city_id": 1796236,
                        "country": "China",
                        "country_code": "CN",
                        "state": null,
                        "state_code": null
                    },
                    {
                        "id": "grid.198530.6",
                        "name": "Chinese Center For Disease Control and Prevention",
                        "city": "Beijing",
                        "city_id": 1816670,
                        "country": "China",
                        "country_code": "CN",
                        "state": null,
                        "state_code": null
                    }
                ]
            },
            {
                "first_name": "Xin-He",
                "last_name": "Lai",
                "initials": "",
                "corresponding": "",
                "orcid": "",
                "current_organization_id": "grid.412544.2",
                "researcher_id": "ur.012737453401.48",
                "affiliations": [
                    {
                        "id": "grid.412544.2",
                        "name": "Shangqiu Normal University",
                        "city": "Shangqiu",
                        "city_id": 1783934,
                        "country": "China",
                        "country_code": "CN",
                        "state": null,
                        "state_code": null
                    }
                ]
            },
            {
                "first_name": "Dong",
                "last_name": "Jin",
                "initials": "",
                "corresponding": "",
                "orcid": "['0000-0002-2778-3530']",
                "current_organization_id": "grid.198530.6",
                "researcher_id": "ur.0730354326.01",
                "affiliations": [
                    {
                        "id": "grid.506261.6",
                        "name": "Chinese Academy of Medical Sciences & Peking Union Medical College",
                        "city": "Beijing",
                        "city_id": 1816670,
                        "country": "China",
                        "country_code": "CN",
                        "state": null,
                        "state_code": null
                    },
                    {
                        "id": "grid.470110.3",
                        "name": "Shanghai Public Health Clinical Center",
                        "city": "Shanghai",
                        "city_id": 1796236,
                        "country": "China",
                        "country_code": "CN",
                        "state": null,
                        "state_code": null
                    },
                    {
                        "id": "grid.198530.6",
                        "name": "Chinese Center For Disease Control and Prevention",
                        "city": "Beijing",
                        "city_id": 1816670,
                        "country": "China",
                        "country_code": "CN",
                        "state": null,
                        "state_code": null
                    }
                ]
            },
            {
                "first_name": "Ji",
                "last_name": "Pu",
                "initials": "",
                "corresponding": "",
                "orcid": "",
                "current_organization_id": "grid.198530.6",
                "researcher_id": "ur.013726565665.35",
                "affiliations": [
                    {
                        "id": "grid.198530.6",
                        "name": "Chinese Center For Disease Control and Prevention",
                        "city": "Beijing",
                        "city_id": 1816670,
                        "country": "China",
                        "country_code": "CN",
                        "state": null,
                        "state_code": null
                    }
                ]
            },
            {
                "first_name": "Ying",
                "last_name": "Huang",
                "initials": "",
                "corresponding": "",
                "orcid": "",
                "current_organization_id": "grid.198530.6",
                "researcher_id": "ur.01255023625.10",
                "affiliations": [
                    {
                        "id": "grid.198530.6",
                        "name": "Chinese Center For Disease Control and Prevention",
                        "city": "Beijing",
                        "city_id": 1816670,
                        "country": "China",
                        "country_code": "CN",
                        "state": null,
                        "state_code": null
                    }
                ]
            },
            {
                "first_name": "Zhihong",
                "last_name": "Ren",
                "initials": "",
                "corresponding": "",
                "orcid": "",
                "current_organization_id": "grid.198530.6",
                "researcher_id": "ur.01103505415.83",
                "affiliations": [
                    {
                        "id": "grid.506261.6",
                        "name": "Chinese Academy of Medical Sciences & Peking Union Medical College",
                        "city": "Beijing",
                        "city_id": 1816670,
                        "country": "China",
                        "country_code": "CN",
                        "state": null,
                        "state_code": null
                    },
                    {
                        "id": "grid.198530.6",
                        "name": "Chinese Center For Disease Control and Prevention",
                        "city": "Beijing",
                        "city_id": 1816670,
                        "country": "China",
                        "country_code": "CN",
                        "state": null,
                        "state_code": null
                    }
                ]
            },
            {
                "first_name": "Wentao",
                "last_name": "Zhu",
                "initials": "",
                "corresponding": "",
                "orcid": "",
                "current_organization_id": "grid.470110.3",
                "researcher_id": "ur.07722613704.65",
                "affiliations": [
                    {
                        "id": "grid.470110.3",
                        "name": "Shanghai Public Health Clinical Center",
                        "city": "Shanghai",
                        "city_id": 1796236,
                        "country": "China",
                        "country_code": "CN",
                        "state": null,
                        "state_code": null
                    }
                ]
            },
            {
                "first_name": "Hao",
                "last_name": "Liang",
                "initials": "",
                "corresponding": "",
                "orcid": "",
                "current_organization_id": "grid.256607.0",
                "researcher_id": "ur.011315554704.42",
                "affiliations": [
                    {
                        "id": "grid.256607.0",
                        "name": "Guangxi Medical University",
                        "city": "Nanning",
                        "city_id": 1799869,
                        "country": "China",
                        "country_code": "CN",
                        "state": null,
                        "state_code": null
                    }
                ]
            },
            {
                "first_name": "Peng",
                "last_name": "Zhou",
                "initials": "",
                "corresponding": "",
                "orcid": "['0000-0001-9863-4201']",
                "current_organization_id": "grid.439104.b",
                "researcher_id": "ur.0731467610.04",
                "affiliations": [
                    {
                        "id": "grid.439104.b",
                        "name": "Wuhan Institute Of Virology",
                        "city": "Wuhan",
                        "city_id": 1791247,
                        "country": "China",
                        "country_code": "CN",
                        "state": null,
                        "state_code": null
                    }
                ]
            },
            {
                "first_name": "Zhengli",
                "last_name": "Shi",
                "initials": "",
                "corresponding": "",
                "orcid": "",
                "current_organization_id": "grid.439104.b",
                "researcher_id": "ur.012321453367.61",
                "affiliations": [
                    {
                        "id": "grid.439104.b",
                        "name": "Wuhan Institute Of Virology",
                        "city": "Wuhan",
                        "city_id": 1791247,
                        "country": "China",
                        "country_code": "CN",
                        "state": null,
                        "state_code": null
                    }
                ]
            },
            {
                "first_name": "Jianguo",
                "last_name": "Xu",
                "initials": "",
                "corresponding": "",
                "orcid": "",
                "current_organization_id": "grid.198530.6",
                "researcher_id": "ur.010054536537.25",
                "affiliations": [
                    {
                        "id": "grid.470110.3",
                        "name": "Shanghai Public Health Clinical Center",
                        "city": "Shanghai",
                        "city_id": 1796236,
                        "country": "China",
                        "country_code": "CN",
                        "state": null,
                        "state_code": null
                    },
                    {
                        "id": "grid.256607.0",
                        "name": "Guangxi Medical University",
                        "city": "Nanning",
                        "city_id": 1799869,
                        "country": "China",
                        "country_code": "CN",
                        "state": null,
                        "state_code": null
                    },
                    {
                        "id": "grid.506261.6",
                        "name": "Chinese Academy of Medical Sciences & Peking Union Medical College",
                        "city": "Beijing",
                        "city_id": 1816670,
                        "country": "China",
                        "country_code": "CN",
                        "state": null,
                        "state_code": null
                    },
                    {
                        "id": "grid.198530.6",
                        "name": "Chinese Center For Disease Control and Prevention",
                        "city": "Beijing",
                        "city_id": 1816670,
                        "country": "China",
                        "country_code": "CN",
                        "state": null,
                        "state_code": null
                    }
                ]
            }
        ]
    ],
    "type": "article"
}