{
    "volume": "6",
    "date": "2016-12-01",
    "title": "Comparison of incubation period distribution of human infections with MERS-CoV in South Korea and Saudi Arabia",
    "researchers": [
        {
            "id": "ur.01236336150.18",
            "last_name": "Virlogeux",
            "first_name": "Victor",
            "orcid_id": [
                "0000-0002-6282-0755"
            ],
            "research_orgs": [
                "grid.413306.3",
                "grid.413852.9",
                "grid.462282.8",
                "grid.7849.2",
                "grid.15140.31",
                "grid.194645.b",
                "grid.25697.3f"
            ]
        },
        {
            "id": "ur.01242213407.33",
            "last_name": "Fang",
            "first_name": "Vicky Jing",
            "research_orgs": [
                "grid.198530.6",
                "grid.419897.a",
                "grid.411292.d",
                "grid.194645.b"
            ]
        },
        {
            "id": "ur.0625665473.13",
            "last_name": "Park",
            "first_name": "Minah",
            "research_orgs": [
                "grid.15140.31",
                "grid.194645.b"
            ]
        },
        {
            "id": "ur.015354656554.71",
            "last_name": "Wu",
            "first_name": "Joseph T",
            "orcid_id": [
                "0000-0002-3155-5987"
            ],
            "research_orgs": [
                "grid.15140.31",
                "grid.198530.6",
                "grid.116068.8",
                "grid.194645.b",
                "grid.419082.6",
                "grid.1001.0",
                "grid.213917.f"
            ]
        },
        {
            "id": "ur.07675207637.48",
            "last_name": "Cowling",
            "first_name": "Benjamin John",
            "orcid_id": [
                "0000-0002-6297-7154"
            ],
            "research_orgs": [
                "grid.13291.38",
                "grid.33199.31",
                "grid.47840.3f",
                "grid.15140.31",
                "grid.415281.b",
                "grid.419897.a",
                "grid.83440.3b",
                "grid.416166.2",
                "grid.5491.9",
                "grid.198530.6",
                "grid.411292.d",
                "grid.461944.a",
                "grid.12955.3a",
                "grid.8547.e",
                "grid.8391.3",
                "grid.4991.5",
                "grid.1001.0",
                "grid.7445.2",
                "grid.5640.7",
                "grid.214458.e",
                "grid.419082.6",
                "grid.194645.b"
            ]
        }
    ],
    "pmcid": "PMC5075793",
    "altmetric": 1.0,
    "pages": "35839",
    "research_org_cities": [
        {
            "id": 2996944,
            "name": "Lyon"
        },
        {
            "id": 1819729,
            "name": "Hong Kong"
        }
    ],
    "open_access": [
        "Open Access - all",
        "Open Access - publisher",
        "Open Access - published"
    ],
    "research_org_countries": [
        {
            "id": "CN",
            "name": "China"
        },
        {
            "id": "FR",
            "name": "France"
        }
    ],
    "doi": "10.1038/srep35839",
    "FOR": [
        {
            "id": "3177",
            "name": "1117 Public Health and Health Services"
        }
    ],
    "times_cited": 13,
    "research_orgs": [
        {
            "id": "grid.462282.8",
            "acronym": "CRCL",
            "types": [
                "Facility"
            ],
            "longitude": 4.876581,
            "linkout": [
                "http://www.crcl.fr/"
            ],
            "latitude": 45.743916,
            "name": "Cancer Center of Lyon",
            "city_name": "Lyon",
            "country_name": "France"
        },
        {
            "id": "grid.15140.31",
            "acronym": "ENSL",
            "state_name": "Rh\u00f4ne-Alpes",
            "types": [
                "Education"
            ],
            "longitude": 4.832868,
            "linkout": [
                "http://www.ens-lyon.eu/ecole-normale-superieure-de-lyon-accueil-77247.kjsp"
            ],
            "latitude": 45.732513,
            "name": "\u00c9cole Normale Sup\u00e9rieure de Lyon",
            "city_name": "Lyon",
            "country_name": "France"
        },
        {
            "id": "grid.194645.b",
            "acronym": "HKU",
            "state_name": "Hong Kong",
            "types": [
                "Education"
            ],
            "longitude": 114.13708,
            "linkout": [
                "http://www.hku.hk/"
            ],
            "latitude": 22.283287,
            "name": "University of Hong Kong",
            "city_name": "Hong Kong",
            "country_name": "China"
        }
    ],
    "pmid": "27775012",
    "funders": [
        {
            "id": "grid.280785.0",
            "acronym": "NIGMS",
            "state_name": "Maryland",
            "types": [
                "Facility"
            ],
            "longitude": -77.09938,
            "linkout": [
                "http://www.nigms.nih.gov/Pages/default.aspx"
            ],
            "latitude": 38.997833,
            "name": "National Institute of General Medical Sciences",
            "city_name": "Bethesda",
            "country_name": "United States"
        },
        {
            "id": "grid.453538.c",
            "state_name": "Hong Kong",
            "types": [
                "Government"
            ],
            "longitude": 114.16541,
            "linkout": [
                "http://www.fhb.gov.hk/"
            ],
            "latitude": 22.281073,
            "name": "Food and Health Bureau",
            "city_name": "Hong Kong",
            "country_name": "China"
        }
    ],
    "research_org_country_names": [
        "China",
        "France"
    ],
    "id": "pub.1048477871",
    "issue": "1",
    "journal": {
        "id": "jour.1045337",
        "title": "Scientific Reports"
    },
    "year": 2016,
    "references": [
        "pub.1036587711",
        "pub.1038677584",
        "pub.1015127616",
        "pub.1051479758",
        "pub.1045162568",
        "pub.1049039428",
        "pub.1020300042",
        "pub.1030452892",
        "pub.1078707214",
        "pub.1027477661",
        "pub.1076914346",
        "pub.1070926532",
        "pub.1003665897",
        "pub.1020486005",
        "pub.1007463994",
        "pub.1110458048",
        "pub.1043875870",
        "pub.1069977458",
        "pub.1070926527",
        "pub.1039047285",
        "pub.1011492712",
        "pub.1059380903"
    ],
    "relative_citation_ratio": 0.54,
    "author_affiliations": [
        [
            {
                "first_name": "Victor",
                "last_name": "Virlogeux",
                "initials": "",
                "corresponding": "",
                "orcid": "['0000-0002-6282-0755']",
                "current_organization_id": "grid.462282.8",
                "researcher_id": "ur.01236336150.18",
                "affiliations": [
                    {
                        "id": "grid.15140.31",
                        "name": "\u00c9cole Normale Sup\u00e9rieure de Lyon",
                        "city": "Lyon",
                        "city_id": 2996944,
                        "country": "France",
                        "country_code": "FR",
                        "state": null,
                        "state_code": null
                    },
                    {
                        "id": "grid.194645.b",
                        "name": "University of Hong Kong",
                        "city": "Hong Kong",
                        "city_id": 1819729,
                        "country": "China",
                        "country_code": "CN",
                        "state": null,
                        "state_code": null
                    },
                    {
                        "id": "grid.462282.8",
                        "name": "Cancer Center of Lyon",
                        "city": "Lyon",
                        "city_id": 2996944,
                        "country": "France",
                        "country_code": "FR",
                        "state": null,
                        "state_code": null
                    }
                ]
            },
            {
                "first_name": "Vicky J.",
                "last_name": "Fang",
                "initials": "",
                "corresponding": "",
                "orcid": "",
                "current_organization_id": "grid.194645.b",
                "researcher_id": "ur.01242213407.33",
                "affiliations": [
                    {
                        "id": "grid.194645.b",
                        "name": "University of Hong Kong",
                        "city": "Hong Kong",
                        "city_id": 1819729,
                        "country": "China",
                        "country_code": "CN",
                        "state": null,
                        "state_code": null
                    }
                ]
            },
            {
                "first_name": "Minah",
                "last_name": "Park",
                "initials": "",
                "corresponding": "",
                "orcid": "",
                "current_organization_id": "grid.194645.b",
                "researcher_id": "ur.0625665473.13",
                "affiliations": [
                    {
                        "id": "grid.194645.b",
                        "name": "University of Hong Kong",
                        "city": "Hong Kong",
                        "city_id": 1819729,
                        "country": "China",
                        "country_code": "CN",
                        "state": null,
                        "state_code": null
                    }
                ]
            },
            {
                "first_name": "Joseph T.",
                "last_name": "Wu",
                "initials": "",
                "corresponding": "",
                "orcid": "['0000-0002-3155-5987']",
                "current_organization_id": "grid.194645.b",
                "researcher_id": "ur.015354656554.71",
                "affiliations": [
                    {
                        "id": "grid.194645.b",
                        "name": "University of Hong Kong",
                        "city": "Hong Kong",
                        "city_id": 1819729,
                        "country": "China",
                        "country_code": "CN",
                        "state": null,
                        "state_code": null
                    }
                ]
            },
            {
                "first_name": "Benjamin J.",
                "last_name": "Cowling",
                "initials": "",
                "corresponding": "",
                "orcid": "['0000-0002-6297-7154']",
                "current_organization_id": "grid.194645.b",
                "researcher_id": "ur.07675207637.48",
                "affiliations": [
                    {
                        "id": "grid.194645.b",
                        "name": "University of Hong Kong",
                        "city": "Hong Kong",
                        "city_id": 1819729,
                        "country": "China",
                        "country_code": "CN",
                        "state": null,
                        "state_code": null
                    }
                ]
            }
        ]
    ],
    "type": "article"
}