{
    "research_orgs": [
        {
            "id": "grid.412467.2",
            "linkout": [
                "http://www.sj-hospital.org/"
            ],
            "city_name": "Shenyang",
            "longitude": 123.42669,
            "latitude": 41.77375,
            "name": "Sheng Jing Hospital",
            "types": [
                "Healthcare"
            ],
            "country_name": "China"
        }
    ],
    "research_org_country_names": [
        "China"
    ],
    "title": "Serological detection of 2019-nCoV respond to the epidemic: A useful complement to nucleic acid testing",
    "type": "article",
    "year": 2020,
    "journal": {
        "id": "jour.1369542",
        "title": "medRxiv"
    },
    "FOR": [
        {
            "id": "2995",
            "name": "1004 Medical Biotechnology"
        }
    ],
    "research_org_countries": [
        {
            "id": "CN",
            "name": "China"
        }
    ],
    "date": "2020-03-06",
    "altmetric": 7.0,
    "pages": "2020.03.04.20030916",
    "id": "pub.1125456367",
    "research_org_cities": [
        {
            "id": 2034937,
            "name": "Shenyang"
        }
    ],
    "open_access": [
        "Open Access - all",
        "Open Access - publisher",
        "Open Access - published"
    ],
    "author_affiliations": [
        [
            {
                "first_name": "Jin",
                "last_name": "Zhang",
                "initials": "",
                "corresponding": "",
                "orcid": "",
                "current_organization_id": "",
                "researcher_id": "",
                "affiliations": [
                    {
                        "id": "grid.412467.2",
                        "name": "Sheng Jing Hospital",
                        "city": "Shenyang",
                        "city_id": 2034937,
                        "country": "China",
                        "country_code": "CN",
                        "state": null,
                        "state_code": null
                    }
                ]
            },
            {
                "first_name": "Jianhua",
                "last_name": "Liu",
                "initials": "",
                "corresponding": "",
                "orcid": "",
                "current_organization_id": "",
                "researcher_id": "",
                "affiliations": [
                    {
                        "id": "grid.412467.2",
                        "name": "Sheng Jing Hospital",
                        "city": "Shenyang",
                        "city_id": 2034937,
                        "country": "China",
                        "country_code": "CN",
                        "state": null,
                        "state_code": null
                    }
                ]
            },
            {
                "first_name": "Na",
                "last_name": "Li",
                "initials": "",
                "corresponding": "",
                "orcid": "",
                "current_organization_id": "",
                "researcher_id": "",
                "affiliations": [
                    {
                        "id": "grid.412467.2",
                        "name": "Sheng Jing Hospital",
                        "city": "Shenyang",
                        "city_id": 2034937,
                        "country": "China",
                        "country_code": "CN",
                        "state": null,
                        "state_code": null
                    }
                ]
            },
            {
                "first_name": "Yong",
                "last_name": "Liu",
                "initials": "",
                "corresponding": "",
                "orcid": "",
                "current_organization_id": "",
                "researcher_id": "",
                "affiliations": [
                    {
                        "id": "grid.412467.2",
                        "name": "Sheng Jing Hospital",
                        "city": "Shenyang",
                        "city_id": 2034937,
                        "country": "China",
                        "country_code": "CN",
                        "state": null,
                        "state_code": null
                    }
                ]
            },
            {
                "first_name": "Rui",
                "last_name": "Ye",
                "initials": "",
                "corresponding": "",
                "orcid": "",
                "current_organization_id": "",
                "researcher_id": "",
                "affiliations": [
                    {
                        "id": "grid.412467.2",
                        "name": "Sheng Jing Hospital",
                        "city": "Shenyang",
                        "city_id": 2034937,
                        "country": "China",
                        "country_code": "CN",
                        "state": null,
                        "state_code": null
                    }
                ]
            },
            {
                "first_name": "Xiaosong",
                "last_name": "Qin",
                "initials": "",
                "corresponding": "",
                "orcid": "",
                "current_organization_id": "",
                "researcher_id": "",
                "affiliations": [
                    {
                        "id": "grid.412467.2",
                        "name": "Sheng Jing Hospital",
                        "city": "Shenyang",
                        "city_id": 2034937,
                        "country": "China",
                        "country_code": "CN",
                        "state": null,
                        "state_code": null
                    }
                ]
            },
            {
                "first_name": "Rui",
                "last_name": "Zheng",
                "initials": "",
                "corresponding": "",
                "orcid": "",
                "current_organization_id": "",
                "researcher_id": "",
                "affiliations": [
                    {
                        "id": "grid.412467.2",
                        "name": "Sheng Jing Hospital",
                        "city": "Shenyang",
                        "city_id": 2034937,
                        "country": "China",
                        "country_code": "CN",
                        "state": null,
                        "state_code": null
                    }
                ]
            }
        ]
    ],
    "doi": "10.1101/2020.03.04.20030916",
    "times_cited": 0,
    "references": [
        "pub.1035680398",
        "pub.1124223406",
        "pub.1017316824"
    ]
}