{
    "volume": "89",
    "date": "2015-07-15",
    "title": "Human Coronavirus HKU1 Spike Protein Uses O-Acetylated Sialic Acid as an Attachment Receptor Determinant and Employs Hemagglutinin-Esterase Protein as a Receptor-Destroying Enzyme",
    "researchers": [
        {
            "id": "ur.0753001630.70",
            "last_name": "Huang",
            "first_name": "Xingchuan",
            "research_orgs": [
                "grid.257160.7",
                "grid.47100.32",
                "grid.17091.3e",
                "grid.11135.37",
                "grid.410717.4",
                "grid.12955.3a",
                "grid.20513.35"
            ]
        },
        {
            "id": "ur.01023034503.77",
            "last_name": "Dong",
            "first_name": "Wenjuan",
            "research_orgs": [
                "grid.410717.4"
            ]
        },
        {
            "id": "ur.01120742373.25",
            "last_name": "Milewska",
            "first_name": "Aleksandra",
            "research_orgs": [
                "grid.5522.0"
            ]
        },
        {
            "id": "ur.0635754355.78",
            "last_name": "Go\u0142da",
            "first_name": "Anna",
            "orcid_id": [
                "0000-0002-9925-2966"
            ],
            "research_orgs": [
                "grid.418903.7",
                "grid.5522.0"
            ]
        },
        {
            "id": "ur.0727702442.44",
            "last_name": "Qi",
            "first_name": "Yonghe",
            "research_orgs": [
                "grid.410717.4",
                "grid.20513.35"
            ]
        },
        {
            "id": "ur.0621077255.74",
            "last_name": "Zhu",
            "first_name": "Quan Karen",
            "research_orgs": [
                "grid.417886.4",
                "grid.38142.3c",
                "grid.65499.37"
            ]
        },
        {
            "id": "ur.014416671457.01",
            "last_name": "Marasco",
            "first_name": "Wayne A",
            "research_orgs": [
                "grid.208078.5",
                "grid.38142.3c",
                "grid.479509.6",
                "grid.5608.b",
                "grid.65499.37",
                "grid.214458.e"
            ]
        },
        {
            "id": "ur.016314333017.37",
            "last_name": "Baric",
            "first_name": "Ralph Steven",
            "orcid_id": [
                "0000-0001-6827-8701"
            ],
            "research_orgs": [
                "grid.239552.a",
                "grid.410711.2",
                "grid.267309.9",
                "grid.483504.e",
                "grid.418309.7",
                "grid.5288.7",
                "grid.419260.8",
                "grid.189967.8",
                "grid.152326.1",
                "grid.10698.36",
                "grid.417924.d",
                "grid.25879.31",
                "grid.42505.36",
                "grid.34477.33",
                "grid.40803.3f",
                "grid.451303.0",
                "grid.83440.3b"
            ]
        },
        {
            "id": "ur.01214552051.73",
            "last_name": "Sims",
            "first_name": "Amy C",
            "research_orgs": [
                "grid.10698.36",
                "grid.412807.8",
                "grid.152326.1",
                "grid.410711.2",
                "grid.451303.0"
            ]
        },
        {
            "id": "ur.01320577305.11",
            "last_name": "Pyrc",
            "first_name": "Krzysztof",
            "orcid_id": [
                "0000-0002-3867-7688"
            ],
            "research_orgs": [
                "grid.5650.6",
                "grid.7177.6",
                "grid.5522.0"
            ]
        },
        {
            "id": "ur.01105502070.42",
            "last_name": "Li",
            "first_name": "Wenhui",
            "orcid_id": [
                "0000-0003-1305-7404"
            ],
            "research_orgs": [
                "grid.413106.1",
                "grid.14095.39",
                "grid.11135.37",
                "grid.12527.33",
                "grid.20513.35",
                "grid.410717.4",
                "grid.38142.3c"
            ]
        },
        {
            "id": "ur.0763541646.29",
            "last_name": "Sui",
            "first_name": "Jianhua Blank",
            "orcid_id": [
                "0000-0002-1272-9662"
            ],
            "research_orgs": [
                "grid.461843.c",
                "grid.479509.6",
                "grid.65499.37",
                "grid.12527.33",
                "grid.20513.35",
                "grid.410717.4",
                "grid.38142.3c"
            ]
        }
    ],
    "pmcid": "PMC4473545",
    "research_org_state_codes": [
        {
            "id": "US-MA",
            "name": "Massachusetts"
        },
        {
            "id": "US-NC",
            "name": "North Carolina"
        }
    ],
    "altmetric": 1.0,
    "pages": "7202-7213",
    "research_org_cities": [
        {
            "id": 3094802,
            "name": "Krak\u00f3w"
        },
        {
            "id": 4930956,
            "name": "Boston"
        },
        {
            "id": 1816670,
            "name": "Beijing"
        },
        {
            "id": 4460162,
            "name": "Chapel Hill"
        }
    ],
    "open_access": [
        "Open Access - all",
        "Open Access - publisher",
        "Open Access - published"
    ],
    "research_org_countries": [
        {
            "id": "US",
            "name": "United States"
        },
        {
            "id": "PL",
            "name": "Poland"
        },
        {
            "id": "CN",
            "name": "China"
        }
    ],
    "doi": "10.1128/jvi.00854-15",
    "FOR": [
        {
            "id": "3114",
            "name": "1108 Medical Microbiology"
        },
        {
            "id": "2581",
            "name": "0601 Biochemistry and Cell Biology"
        }
    ],
    "times_cited": 39,
    "research_orgs": [
        {
            "id": "grid.410711.2",
            "state_name": "North Carolina",
            "types": [
                "Education"
            ],
            "longitude": -79.04692,
            "linkout": [
                "https://www.northcarolina.edu/"
            ],
            "latitude": 35.904915,
            "name": "University of North Carolina System",
            "city_name": "Chapel Hill",
            "country_name": "United States"
        },
        {
            "id": "grid.410717.4",
            "acronym": "NIBS",
            "types": [
                "Facility"
            ],
            "longitude": 116.268654,
            "linkout": [
                "http://www.nibs.ac.cn/en"
            ],
            "latitude": 40.09567,
            "name": "National Institute of Biological Sciences, Beijing",
            "city_name": "Beijing",
            "country_name": "China"
        },
        {
            "id": "grid.5522.0",
            "types": [
                "Education"
            ],
            "longitude": 19.932777,
            "linkout": [
                "http://www.uj.edu.pl/en_GB/"
            ],
            "latitude": 50.060833,
            "name": "Jagiellonian University",
            "city_name": "Krakow",
            "country_name": "Poland"
        }
    ],
    "pmid": "25926653",
    "funders": [
        {
            "id": "grid.419681.3",
            "acronym": "NIAID",
            "state_name": "Maryland",
            "types": [
                "Facility"
            ],
            "longitude": -77.11183,
            "linkout": [
                "http://www.niaid.nih.gov/Pages/default.aspx"
            ],
            "latitude": 39.066647,
            "name": "National Institute of Allergy and Infectious Diseases",
            "city_name": "Bethesda",
            "country_name": "United States"
        },
        {
            "id": "grid.55047.33",
            "acronym": "NCRD",
            "types": [
                "Government"
            ],
            "longitude": 21.00763,
            "linkout": [
                "http://www.ncbr.gov.pl/en/"
            ],
            "latitude": 52.227455,
            "name": "National Centre for Research and Development",
            "city_name": "Warsaw",
            "country_name": "Poland"
        },
        {
            "id": "grid.424020.0",
            "acronym": "MOST",
            "types": [
                "Government"
            ],
            "longitude": 116.316284,
            "linkout": [
                "http://www.most.gov.cn/eng/"
            ],
            "latitude": 39.827835,
            "name": "Ministry of Science and Technology of the People's Republic of China",
            "city_name": "Beijing",
            "country_name": "China"
        },
        {
            "id": "grid.436846.b",
            "acronym": "NCN",
            "types": [
                "Government"
            ],
            "longitude": 19.915491,
            "linkout": [
                "https://www.ncn.gov.pl/?language=en"
            ],
            "latitude": 50.073513,
            "name": "National Science Center",
            "city_name": "Krakow",
            "country_name": "Poland"
        }
    ],
    "research_org_country_names": [
        "Poland",
        "United States",
        "China"
    ],
    "id": "pub.1032963928",
    "issue": "14",
    "journal": {
        "id": "jour.1008072",
        "title": "Journal of Virology"
    },
    "year": 2015,
    "references": [
        "pub.1011160377",
        "pub.1018010377",
        "pub.1035680398",
        "pub.1003756097",
        "pub.1079905079",
        "pub.1009074841",
        "pub.1043875870",
        "pub.1013361537",
        "pub.1010394790",
        "pub.1036012089",
        "pub.1012569007",
        "pub.1024453735",
        "pub.1033144549",
        "pub.1017036838",
        "pub.1029593788",
        "pub.1024682879",
        "pub.1017316824",
        "pub.1015145921",
        "pub.1024705689",
        "pub.1013996374",
        "pub.1002271180",
        "pub.1044550494",
        "pub.1025569556",
        "pub.1080085231",
        "pub.1021322062",
        "pub.1026462295",
        "pub.1025085714",
        "pub.1015127616",
        "pub.1035417351",
        "pub.1051822464",
        "pub.1040468747",
        "pub.1040369884",
        "pub.1019280486",
        "pub.1046483770",
        "pub.1003230664",
        "pub.1051316131",
        "pub.1060399440",
        "pub.1045936942",
        "pub.1030147407",
        "pub.1053139586",
        "pub.1006328696",
        "pub.1049595216"
    ],
    "relative_citation_ratio": 2.14,
    "research_org_state_names": [
        "Massachusetts",
        "North Carolina"
    ],
    "author_affiliations": [
        [
            {
                "first_name": "Xingchuan",
                "last_name": "Huang",
                "initials": "",
                "corresponding": "",
                "orcid": "",
                "current_organization_id": "grid.12955.3a",
                "researcher_id": "ur.0753001630.70",
                "affiliations": [
                    {
                        "id": "grid.410717.4",
                        "name": "National Institute of Biological Sciences, Beijing",
                        "city": "Beijing",
                        "city_id": 1816670,
                        "country": "China",
                        "country_code": "CN",
                        "state": null,
                        "state_code": null
                    }
                ]
            },
            {
                "first_name": "Wenjuan",
                "last_name": "Dong",
                "initials": "",
                "corresponding": "",
                "orcid": "",
                "current_organization_id": "grid.410717.4",
                "researcher_id": "ur.01023034503.77",
                "affiliations": [
                    {
                        "id": "grid.410717.4",
                        "name": "National Institute of Biological Sciences, Beijing",
                        "city": "Beijing",
                        "city_id": 1816670,
                        "country": "China",
                        "country_code": "CN",
                        "state": null,
                        "state_code": null
                    },
                    {
                        "id": "grid.410717.4",
                        "name": "National Institute of Biological Sciences, Beijing",
                        "city": "Beijing",
                        "city_id": 1816670,
                        "country": "China",
                        "country_code": "CN",
                        "state": null,
                        "state_code": null
                    }
                ]
            },
            {
                "first_name": "Aleksandra",
                "last_name": "Milewska",
                "initials": "",
                "corresponding": "",
                "orcid": "",
                "current_organization_id": "grid.5522.0",
                "researcher_id": "ur.01120742373.25",
                "affiliations": [
                    {
                        "id": "grid.5522.0",
                        "name": "Jagiellonian University",
                        "city": "Krakow",
                        "city_id": 3094802,
                        "country": "Poland",
                        "country_code": "PL",
                        "state": null,
                        "state_code": null
                    }
                ]
            },
            {
                "first_name": "Anna",
                "last_name": "Golda",
                "initials": "",
                "corresponding": "",
                "orcid": "['0000-0002-9925-2966']",
                "current_organization_id": "grid.5522.0",
                "researcher_id": "ur.0635754355.78",
                "affiliations": [
                    {
                        "id": "grid.5522.0",
                        "name": "Jagiellonian University",
                        "city": "Krakow",
                        "city_id": 3094802,
                        "country": "Poland",
                        "country_code": "PL",
                        "state": null,
                        "state_code": null
                    }
                ]
            },
            {
                "first_name": "Yonghe",
                "last_name": "Qi",
                "initials": "",
                "corresponding": "",
                "orcid": "",
                "current_organization_id": "grid.410717.4",
                "researcher_id": "ur.0727702442.44",
                "affiliations": [
                    {
                        "id": "grid.410717.4",
                        "name": "National Institute of Biological Sciences, Beijing",
                        "city": "Beijing",
                        "city_id": 1816670,
                        "country": "China",
                        "country_code": "CN",
                        "state": null,
                        "state_code": null
                    },
                    {
                        "id": "grid.410717.4",
                        "name": "National Institute of Biological Sciences, Beijing",
                        "city": "Beijing",
                        "city_id": 1816670,
                        "country": "China",
                        "country_code": "CN",
                        "state": null,
                        "state_code": null
                    }
                ]
            },
            {
                "first_name": "Quan K.",
                "last_name": "Zhu",
                "initials": "",
                "corresponding": "",
                "orcid": "",
                "current_organization_id": "grid.65499.37",
                "researcher_id": "ur.0621077255.74",
                "affiliations": [
                    {
                        "name": "Department of Cancer Immunology and AIDS, Dana-Farber Cancer Institute, and Department of Medicine, Harvard Medical School, Boston, Massachusetts, USA"
                    }
                ]
            },
            {
                "first_name": "Wayne A.",
                "last_name": "Marasco",
                "initials": "",
                "corresponding": "",
                "orcid": "",
                "current_organization_id": "grid.65499.37",
                "researcher_id": "ur.014416671457.01",
                "affiliations": [
                    {
                        "name": "Department of Cancer Immunology and AIDS, Dana-Farber Cancer Institute, and Department of Medicine, Harvard Medical School, Boston, Massachusetts, USA"
                    }
                ]
            },
            {
                "first_name": "Ralph S.",
                "last_name": "Baric",
                "initials": "",
                "corresponding": "",
                "orcid": "['0000-0001-6827-8701']",
                "current_organization_id": "grid.10698.36",
                "researcher_id": "ur.016314333017.37",
                "affiliations": [
                    {
                        "id": "grid.410711.2",
                        "name": "University of North Carolina System",
                        "city": "Chapel Hill",
                        "city_id": 4460162,
                        "country": "United States",
                        "country_code": "US",
                        "state": "North Carolina",
                        "state_code": "US-NC"
                    },
                    {
                        "id": "grid.410711.2",
                        "name": "University of North Carolina System",
                        "city": "Chapel Hill",
                        "city_id": 4460162,
                        "country": "United States",
                        "country_code": "US",
                        "state": "North Carolina",
                        "state_code": "US-NC"
                    }
                ]
            },
            {
                "first_name": "Amy C.",
                "last_name": "Sims",
                "initials": "",
                "corresponding": "",
                "orcid": "",
                "current_organization_id": "grid.10698.36",
                "researcher_id": "ur.01214552051.73",
                "affiliations": [
                    {
                        "id": "grid.410711.2",
                        "name": "University of North Carolina System",
                        "city": "Chapel Hill",
                        "city_id": 4460162,
                        "country": "United States",
                        "country_code": "US",
                        "state": "North Carolina",
                        "state_code": "US-NC"
                    }
                ]
            },
            {
                "first_name": "Krzysztof",
                "last_name": "Pyrc",
                "initials": "",
                "corresponding": "",
                "orcid": "['0000-0002-3867-7688']",
                "current_organization_id": "grid.5522.0",
                "researcher_id": "ur.01320577305.11",
                "affiliations": [
                    {
                        "id": "grid.5522.0",
                        "name": "Jagiellonian University",
                        "city": "Krakow",
                        "city_id": 3094802,
                        "country": "Poland",
                        "country_code": "PL",
                        "state": null,
                        "state_code": null
                    },
                    {
                        "id": "grid.5522.0",
                        "name": "Jagiellonian University",
                        "city": "Krakow",
                        "city_id": 3094802,
                        "country": "Poland",
                        "country_code": "PL",
                        "state": null,
                        "state_code": null
                    }
                ]
            },
            {
                "first_name": "Wenhui",
                "last_name": "Li",
                "initials": "",
                "corresponding": "",
                "orcid": "['0000-0003-1305-7404']",
                "current_organization_id": "grid.410717.4",
                "researcher_id": "ur.01105502070.42",
                "affiliations": [
                    {
                        "id": "grid.410717.4",
                        "name": "National Institute of Biological Sciences, Beijing",
                        "city": "Beijing",
                        "city_id": 1816670,
                        "country": "China",
                        "country_code": "CN",
                        "state": null,
                        "state_code": null
                    }
                ]
            },
            {
                "first_name": "Jianhua",
                "last_name": "Sui",
                "initials": "",
                "corresponding": "",
                "orcid": "['0000-0002-1272-9662']",
                "current_organization_id": "grid.410717.4",
                "researcher_id": "ur.0763541646.29",
                "affiliations": [
                    {
                        "id": "grid.410717.4",
                        "name": "National Institute of Biological Sciences, Beijing",
                        "city": "Beijing",
                        "city_id": 1816670,
                        "country": "China",
                        "country_code": "CN",
                        "state": null,
                        "state_code": null
                    }
                ]
            }
        ]
    ],
    "type": "article"
}