{
    "volume": "368",
    "date": "2020-03-06",
    "title": "Covid-19: are we getting the communications right?",
    "altmetric": 59.0,
    "pages": "m919",
    "research_org_cities": [
        {
            "id": 2643743,
            "name": "London"
        }
    ],
    "open_access": [
        "Open Access - all",
        "Open Access - publisher",
        "Open Access - published"
    ],
    "research_org_countries": [
        {
            "id": "GB",
            "name": "United Kingdom"
        }
    ],
    "doi": "10.1136/bmj.m919",
    "times_cited": 1,
    "pmid": "32144115",
    "research_org_country_names": [
        "United Kingdom"
    ],
    "id": "pub.1125461238",
    "journal": {
        "id": "jour.1017377",
        "title": "The BMJ"
    },
    "year": 2020,
    "references": [
        "pub.1125377432"
    ],
    "author_affiliations": [
        [
            {
                "first_name": "Andy",
                "last_name": "Cowper",
                "initials": "",
                "corresponding": "",
                "orcid": "",
                "current_organization_id": "",
                "researcher_id": "",
                "affiliations": [
                    {
                        "name": "Health Policy Insight, London, UK."
                    }
                ]
            }
        ]
    ],
    "type": "article"
}