{
    "volume": "36",
    "date": "2016-01-01",
    "title": "Acute myocarditis associated with novel Middle east respiratory syndrome coronavirus.",
    "researchers": [
        {
            "id": "ur.01077245124.74",
            "last_name": "Alhogbani",
            "first_name": "Tariq M",
            "research_orgs": [
                "grid.56302.32",
                "grid.459455.c",
                "grid.22072.35"
            ]
        }
    ],
    "pmcid": "PMC6074274",
    "altmetric": 18.0,
    "pages": "78-80",
    "research_org_cities": [
        {
            "id": 108410,
            "name": "Riyadh"
        }
    ],
    "open_access": [
        "Open Access - all",
        "Open Access - publisher",
        "Open Access - published"
    ],
    "research_org_countries": [
        {
            "id": "SA",
            "name": "Saudi Arabia"
        }
    ],
    "doi": "10.5144/0256-4947.2016.78",
    "FOR": [
        {
            "id": "3048",
            "name": "1102 Cardiorespiratory Medicine and Haematology"
        }
    ],
    "times_cited": 4,
    "pmid": "26922692",
    "research_org_country_names": [
        "Saudi Arabia"
    ],
    "id": "pub.1079234092",
    "issue": "1",
    "journal": {
        "id": "jour.1093208",
        "title": "Annals of Saudi Medicine"
    },
    "year": 2016,
    "references": [
        "pub.1059576170",
        "pub.1006610444",
        "pub.1015991285",
        "pub.1045139200",
        "pub.1043875870",
        "pub.1052398698",
        "pub.1002457098",
        "pub.1010558289",
        "pub.1051421763",
        "pub.1063337642",
        "pub.1050752540",
        "pub.1078696535",
        "pub.1078636387",
        "pub.1015127616",
        "pub.1013286357"
    ],
    "relative_citation_ratio": 0.12,
    "author_affiliations": [
        [
            {
                "first_name": "Tariq",
                "last_name": "Alhogbani",
                "initials": "",
                "corresponding": "",
                "orcid": "",
                "current_organization_id": "grid.459455.c",
                "researcher_id": "ur.01077245124.74",
                "affiliations": [
                    {
                        "name": "Dr. Tariq Alhogbani, Department of Cardiology,, King Khalid University Hospital,, King Saud University,, Riyadh 11352 Saudi Arabia,, T: (+966) 505-245494, tariqmfh@yahoo.com."
                    }
                ]
            }
        ]
    ],
    "type": "article"
}