{
    "research_orgs": [
        {
            "id": "grid.413247.7",
            "linkout": [
                "http://www.znhospital.cn/"
            ],
            "city_name": "Wuhan",
            "longitude": 114.35368,
            "latitude": 30.554094,
            "name": "Zhongnan Hospital of Wuhan University",
            "types": [
                "Healthcare"
            ],
            "country_name": "China"
        },
        {
            "id": "grid.452702.6",
            "linkout": [
                "http://www.hb2h.com/"
            ],
            "city_name": "Shijiazhuang",
            "longitude": 114.48238,
            "latitude": 38.057587,
            "name": "Second Hospital of Hebei Medical University",
            "types": [
                "Healthcare"
            ],
            "country_name": "China"
        },
        {
            "id": "grid.7400.3",
            "linkout": [
                "http://www.uzh.ch/index_en.html"
            ],
            "city_name": "Zurich",
            "longitude": 8.55097,
            "acronym": "UZH",
            "latitude": 47.374535,
            "name": "University of Zurich",
            "types": [
                "Education"
            ],
            "country_name": "Switzerland"
        }
    ],
    "research_org_country_names": [
        "Switzerland",
        "China"
    ],
    "pmid": "32077115",
    "title": "Clinical characteristics of 140 patients infected with SARS\u2010CoV\u20102 in Wuhan, China",
    "type": "article",
    "year": 2020,
    "journal": {
        "id": "jour.1371199",
        "title": "Allergy"
    },
    "researchers": [
        {
            "id": "ur.01370635443.66",
            "research_orgs": [
                "grid.452702.6"
            ],
            "first_name": "Ya-Dong",
            "last_name": "Yuan"
        },
        {
            "id": "ur.01046016636.73",
            "research_orgs": [
                "grid.21613.37",
                "grid.59734.3c",
                "grid.14442.37",
                "grid.4305.2",
                "grid.21107.35",
                "grid.7700.0",
                "grid.77642.30",
                "grid.430506.4",
                "grid.8379.5",
                "grid.34538.39",
                "grid.412004.3",
                "grid.458368.4",
                "grid.267362.4",
                "grid.438870.0",
                "grid.419481.1",
                "grid.14003.36",
                "grid.411336.2",
                "grid.7400.3"
            ],
            "first_name": "Cezmi A",
            "last_name": "Akdis"
        }
    ],
    "FOR": [
        {
            "id": "3048",
            "name": "1102 Cardiorespiratory Medicine and Haematology"
        }
    ],
    "research_org_countries": [
        {
            "id": "CH",
            "name": "Switzerland"
        },
        {
            "id": "CN",
            "name": "China"
        }
    ],
    "date": "2020-02-27",
    "altmetric": 306.0,
    "id": "pub.1125017439",
    "research_org_cities": [
        {
            "id": 2657896,
            "name": "Z\u00fcrich"
        },
        {
            "id": 1795270,
            "name": "Shijiazhuang"
        },
        {
            "id": 1791247,
            "name": "Wuhan"
        }
    ],
    "open_access": [
        "Open Access - all",
        "Open Access - publisher",
        "Open Access - published"
    ],
    "author_affiliations": [
        [
            {
                "first_name": "Jin-jin",
                "last_name": "Zhang",
                "initials": "",
                "corresponding": "",
                "orcid": "",
                "current_organization_id": "",
                "researcher_id": "",
                "affiliations": [
                    {
                        "id": "grid.413247.7",
                        "name": "Zhongnan Hospital of Wuhan University",
                        "city": "Wuhan",
                        "city_id": 1791247,
                        "country": "China",
                        "country_code": "CN",
                        "state": null,
                        "state_code": null
                    }
                ]
            },
            {
                "first_name": "Xiang",
                "last_name": "Dong",
                "initials": "",
                "corresponding": "",
                "orcid": "",
                "current_organization_id": "",
                "researcher_id": "",
                "affiliations": [
                    {
                        "id": "grid.413247.7",
                        "name": "Zhongnan Hospital of Wuhan University",
                        "city": "Wuhan",
                        "city_id": 1791247,
                        "country": "China",
                        "country_code": "CN",
                        "state": null,
                        "state_code": null
                    }
                ]
            },
            {
                "first_name": "Yi-yuan",
                "last_name": "Cao",
                "initials": "",
                "corresponding": "",
                "orcid": "",
                "current_organization_id": "",
                "researcher_id": "",
                "affiliations": [
                    {
                        "id": "grid.413247.7",
                        "name": "Zhongnan Hospital of Wuhan University",
                        "city": "Wuhan",
                        "city_id": 1791247,
                        "country": "China",
                        "country_code": "CN",
                        "state": null,
                        "state_code": null
                    }
                ]
            },
            {
                "first_name": "Ya-dong",
                "last_name": "Yuan",
                "initials": "",
                "corresponding": "",
                "orcid": "",
                "current_organization_id": "grid.452702.6",
                "researcher_id": "ur.01370635443.66",
                "affiliations": [
                    {
                        "id": "grid.452702.6",
                        "name": "Second Hospital of Hebei Medical University",
                        "city": "Shijiazhuang",
                        "city_id": 1795270,
                        "country": "China",
                        "country_code": "CN",
                        "state": null,
                        "state_code": null
                    }
                ]
            },
            {
                "first_name": "Yi-bin",
                "last_name": "Yang",
                "initials": "",
                "corresponding": "",
                "orcid": "",
                "current_organization_id": "",
                "researcher_id": "",
                "affiliations": [
                    {
                        "id": "grid.413247.7",
                        "name": "Zhongnan Hospital of Wuhan University",
                        "city": "Wuhan",
                        "city_id": 1791247,
                        "country": "China",
                        "country_code": "CN",
                        "state": null,
                        "state_code": null
                    }
                ]
            },
            {
                "first_name": "You-qin",
                "last_name": "Yan",
                "initials": "",
                "corresponding": "",
                "orcid": "",
                "current_organization_id": "",
                "researcher_id": "",
                "affiliations": [
                    {
                        "name": "Department of Infectious Disease, No. 7 Hospital of Wuhan, Wuhan, China"
                    }
                ]
            },
            {
                "first_name": "Cezmi A.",
                "last_name": "Akdis",
                "initials": "",
                "corresponding": "",
                "orcid": "",
                "current_organization_id": "grid.7400.3",
                "researcher_id": "ur.01046016636.73",
                "affiliations": [
                    {
                        "id": "grid.7400.3",
                        "name": "University of Zurich",
                        "city": "Zurich",
                        "city_id": 2657896,
                        "country": "Switzerland",
                        "country_code": "CH",
                        "state": null,
                        "state_code": null
                    }
                ]
            },
            {
                "first_name": "Ya-dong",
                "last_name": "Gao",
                "initials": "",
                "corresponding": "",
                "orcid": "",
                "current_organization_id": "",
                "researcher_id": "",
                "affiliations": [
                    {
                        "id": "grid.413247.7",
                        "name": "Zhongnan Hospital of Wuhan University",
                        "city": "Wuhan",
                        "city_id": 1791247,
                        "country": "China",
                        "country_code": "CN",
                        "state": null,
                        "state_code": null
                    }
                ]
            }
        ]
    ],
    "doi": "10.1111/all.14238",
    "times_cited": 17,
    "references": [
        "pub.1106740671",
        "pub.1086072300",
        "pub.1017879202",
        "pub.1053210684",
        "pub.1015267694",
        "pub.1039075834",
        "pub.1034713652",
        "pub.1124290823",
        "pub.1124427336",
        "pub.1047129380",
        "pub.1103193586",
        "pub.1027457115",
        "pub.1124493753",
        "pub.1091201644",
        "pub.1000669552",
        "pub.1039956169",
        "pub.1124328062",
        "pub.1009913235",
        "pub.1041516096",
        "pub.1031169670",
        "pub.1120972188",
        "pub.1029184047",
        "pub.1106318359",
        "pub.1117369189",
        "pub.1121876949",
        "pub.1124769414",
        "pub.1110360183",
        "pub.1124295864",
        "pub.1025631616",
        "pub.1052850977",
        "pub.1124408081",
        "pub.1057363265",
        "pub.1004023635",
        "pub.1124654147",
        "pub.1100316117"
    ]
}