{
    "pmid": "32048741",
    "author_affiliations": [
        [
            {
                "first_name": "Guan",
                "last_name": "Wang",
                "initials": "",
                "corresponding": "",
                "orcid": "",
                "current_organization_id": "",
                "researcher_id": "",
                "affiliations": [
                    {
                        "id": "grid.506977.a",
                        "name": "Hangzhou Medical College",
                        "city": "Hangzhou",
                        "city_id": 1808926,
                        "country": "China",
                        "country_code": "CN",
                        "state": null,
                        "state_code": null
                    }
                ]
            },
            {
                "first_name": "Xian",
                "last_name": "Jin",
                "initials": "",
                "corresponding": "",
                "orcid": "",
                "current_organization_id": "",
                "researcher_id": "",
                "affiliations": [
                    {
                        "name": "Department of Economics and Management, Jinhua Polytechnics, Jinhua, Zhejiang, China"
                    }
                ]
            }
        ]
    ],
    "altmetric": 2.0,
    "research_org_countries": [
        {
            "id": "CN",
            "name": "China"
        }
    ],
    "title": "The progress of 2019 novel coronavirus event in China",
    "research_org_cities": [
        {
            "id": 1805528,
            "name": "Jinhua"
        },
        {
            "id": 1808926,
            "name": "Hangzhou"
        }
    ],
    "pages": "468-472",
    "issue": "5",
    "open_access": [
        "Open Access - all",
        "Open Access - publisher",
        "Open Access - published"
    ],
    "doi": "10.1002/jmv.25705",
    "times_cited": 1,
    "journal": {
        "id": "jour.1086647",
        "title": "Journal of Medical Virology"
    },
    "research_orgs": [
        {
            "id": "grid.506977.a",
            "name": "Hangzhou Medical College",
            "linkout": [
                "http://www.hmc.edu.cn/"
            ],
            "country_name": "China",
            "types": [
                "Education"
            ],
            "latitude": 30.17347,
            "acronym": "HMC",
            "city_name": "Hangzhou",
            "longitude": 120.15951
        }
    ],
    "year": 2020,
    "references": [
        "pub.1124462502",
        "pub.1124445588",
        "pub.1124295864",
        "pub.1124290823",
        "pub.1124289383",
        "pub.1124427336",
        "pub.1124460938",
        "pub.1124240906",
        "pub.1124366313",
        "pub.1124291867",
        "pub.1124468594",
        "pub.1124304587",
        "pub.1124078561",
        "pub.1124342473"
    ],
    "id": "pub.1124832321",
    "research_org_country_names": [
        "China"
    ],
    "date": "2020-05-01",
    "type": "article",
    "volume": "92"
}