{
    "volume": "116",
    "date": "2019-02-12",
    "title": "Human coronaviruses OC43 and HKU1 bind to 9-O-acetylated sialic acids via a conserved receptor-binding site in spike protein domain A",
    "researchers": [
        {
            "id": "ur.01175221715.07",
            "last_name": "Hulswit",
            "first_name": "Ruben J G",
            "orcid_id": [
                "0000-0001-7518-5538"
            ],
            "research_orgs": [
                "grid.5477.1"
            ]
        },
        {
            "id": "ur.015224351047.29",
            "last_name": "Lang",
            "first_name": "Yifei",
            "research_orgs": [
                "grid.5477.1"
            ]
        },
        {
            "id": "ur.0744544715.36",
            "last_name": "Bakkers",
            "first_name": "Mark J G",
            "orcid_id": [
                "0000-0001-8957-1392"
            ],
            "research_orgs": [
                "grid.5477.1",
                "grid.38142.3c"
            ]
        },
        {
            "id": "ur.0676020172.17",
            "last_name": "Li",
            "first_name": "Wentao",
            "orcid_id": [
                "0000-0002-7114-762X"
            ],
            "research_orgs": [
                "grid.35155.37",
                "grid.5477.1"
            ]
        },
        {
            "id": "ur.01064430027.43",
            "last_name": "Li",
            "first_name": "Zeshi",
            "research_orgs": [
                "grid.5477.1",
                "grid.213876.9"
            ]
        },
        {
            "id": "ur.011060353007.86",
            "last_name": "Schouten",
            "first_name": "Arie",
            "research_orgs": [
                "grid.5477.1",
                "grid.8505.8"
            ]
        },
        {
            "id": "ur.0715417074.70",
            "last_name": "Van Kuppeveld",
            "first_name": "Frank J M",
            "research_orgs": [
                "grid.5477.1",
                "grid.5590.9",
                "grid.214007.0",
                "grid.14758.3f",
                "grid.10417.33",
                "grid.7692.a"
            ]
        },
        {
            "id": "ur.0716076160.68",
            "last_name": "Boons",
            "first_name": "Geert-Jan P H",
            "orcid_id": [
                "0000-0003-3111-5954"
            ],
            "research_orgs": [
                "grid.5477.1",
                "grid.5335.0",
                "grid.266100.3",
                "grid.280051.e",
                "grid.6572.6",
                "grid.5132.5",
                "grid.213876.9"
            ]
        },
        {
            "id": "ur.01016640551.49",
            "last_name": "Bosch",
            "first_name": "Berend-Jan",
            "research_orgs": [
                "grid.55614.33",
                "grid.4818.5",
                "grid.5477.1"
            ]
        },
        {
            "id": "ur.01315712634.05",
            "last_name": "Huizinga",
            "first_name": "Eric G",
            "research_orgs": [
                "grid.5477.1",
                "grid.7692.a",
                "grid.5596.f"
            ]
        },
        {
            "id": "ur.01114377524.22",
            "last_name": "De Groot",
            "first_name": "Raoul J",
            "orcid_id": [
                "0000-0002-2207-9472"
            ],
            "research_orgs": [
                "grid.5132.5",
                "grid.4818.5",
                "grid.5477.1",
                "grid.20861.3d",
                "grid.7177.6",
                "grid.6906.9"
            ]
        }
    ],
    "pmcid": "PMC6377473",
    "research_org_state_codes": [
        {
            "id": "US-GA",
            "name": "Georgia"
        }
    ],
    "altmetric": 5.0,
    "pages": "201809667",
    "research_org_cities": [
        {
            "id": 2745912,
            "name": "Utrecht"
        },
        {
            "id": 4180386,
            "name": "Athens"
        }
    ],
    "open_access": [
        "Open Access - all",
        "Open Access - publisher",
        "Open Access - published"
    ],
    "research_org_countries": [
        {
            "id": "NL",
            "name": "Netherlands"
        },
        {
            "id": "US",
            "name": "United States"
        }
    ],
    "doi": "10.1073/pnas.1809667116",
    "FOR": [
        {
            "id": "2581",
            "name": "0601 Biochemistry and Cell Biology"
        }
    ],
    "times_cited": 18,
    "research_orgs": [
        {
            "id": "grid.5477.1",
            "state_name": "Utrecht",
            "types": [
                "Education"
            ],
            "longitude": 5.122601,
            "linkout": [
                "http://www.uu.nl/en"
            ],
            "latitude": 52.090164,
            "name": "Utrecht University",
            "city_name": "Utrecht",
            "country_name": "Netherlands"
        },
        {
            "id": "grid.213876.9",
            "acronym": "UGA",
            "state_name": "Georgia",
            "types": [
                "Education"
            ],
            "longitude": -83.37734,
            "linkout": [
                "http://www.uga.edu/"
            ],
            "latitude": 33.948273,
            "name": "University of Georgia",
            "city_name": "Athens",
            "country_name": "United States"
        }
    ],
    "pmid": "30679277",
    "funders": [
        {
            "id": "grid.438427.e",
            "acronym": "ZonMw",
            "types": [
                "Nonprofit"
            ],
            "longitude": 4.344438,
            "linkout": [
                "http://www.zonmw.nl/en/"
            ],
            "latitude": 52.080486,
            "name": "Netherlands Organisation for Health Research and Development",
            "city_name": "The Hague",
            "country_name": "Netherlands"
        },
        {
            "id": "grid.420488.2",
            "acronym": "NWO",
            "types": [
                "Government"
            ],
            "longitude": 4.344407,
            "linkout": [
                "http://www.nwo.nl/"
            ],
            "latitude": 52.08048,
            "name": "Netherlands Organisation for Scientific Research",
            "city_name": "The Hague",
            "country_name": "Netherlands"
        }
    ],
    "research_org_country_names": [
        "Netherlands",
        "United States"
    ],
    "id": "pub.1111644096",
    "issue": "7",
    "journal": {
        "id": "jour.1082971",
        "title": "Proceedings of the National Academy of Sciences of the United States of America"
    },
    "year": 2019,
    "references": [
        "pub.1006456832",
        "pub.1080270701",
        "pub.1018010377",
        "pub.1010519539",
        "pub.1050236601",
        "pub.1065268737",
        "pub.1020101397",
        "pub.1016221800",
        "pub.1062712957",
        "pub.1009489060",
        "pub.1014536983",
        "pub.1033689976",
        "pub.1082142901",
        "pub.1013302155",
        "pub.1001358821",
        "pub.1062712953",
        "pub.1008834366",
        "pub.1009984496",
        "pub.1000235100",
        "pub.1002186240",
        "pub.1001794128",
        "pub.1012753217",
        "pub.1042512698",
        "pub.1029764437",
        "pub.1078513061",
        "pub.1003026148",
        "pub.1024559890",
        "pub.1085562104",
        "pub.1002271180",
        "pub.1003086080",
        "pub.1037681238",
        "pub.1036227510",
        "pub.1025569556",
        "pub.1010342315",
        "pub.1050851286",
        "pub.1021322062",
        "pub.1026462295",
        "pub.1039181820",
        "pub.1025085714",
        "pub.1032162623",
        "pub.1084065726",
        "pub.1030226504",
        "pub.1035417351",
        "pub.1032963928",
        "pub.1084152850",
        "pub.1040468747",
        "pub.1052839307",
        "pub.1033645215",
        "pub.1081617671",
        "pub.1023878626",
        "pub.1045936942",
        "pub.1031454719",
        "pub.1084767975",
        "pub.1023481829",
        "pub.1006328696",
        "pub.1049595216",
        "pub.1018950972",
        "pub.1091847172"
    ],
    "research_org_state_names": [
        "Georgia"
    ],
    "author_affiliations": [
        [
            {
                "first_name": "Ruben J. G.",
                "last_name": "Hulswit",
                "initials": "",
                "corresponding": "",
                "orcid": "",
                "current_organization_id": "grid.5477.1",
                "researcher_id": "ur.01175221715.07",
                "affiliations": [
                    {
                        "id": "grid.5477.1",
                        "name": "Utrecht University",
                        "city": "Utrecht",
                        "city_id": 2745912,
                        "country": "Netherlands",
                        "country_code": "NL",
                        "state": null,
                        "state_code": null
                    }
                ]
            },
            {
                "first_name": "Yifei",
                "last_name": "Lang",
                "initials": "",
                "corresponding": "",
                "orcid": "",
                "current_organization_id": "grid.5477.1",
                "researcher_id": "ur.015224351047.29",
                "affiliations": [
                    {
                        "id": "grid.5477.1",
                        "name": "Utrecht University",
                        "city": "Utrecht",
                        "city_id": 2745912,
                        "country": "Netherlands",
                        "country_code": "NL",
                        "state": null,
                        "state_code": null
                    }
                ]
            },
            {
                "first_name": "Mark J. G.",
                "last_name": "Bakkers",
                "initials": "",
                "corresponding": "",
                "orcid": "['0000-0001-8957-1392']",
                "current_organization_id": "grid.5477.1",
                "researcher_id": "ur.0744544715.36",
                "affiliations": [
                    {
                        "id": "grid.5477.1",
                        "name": "Utrecht University",
                        "city": "Utrecht",
                        "city_id": 2745912,
                        "country": "Netherlands",
                        "country_code": "NL",
                        "state": null,
                        "state_code": null
                    }
                ]
            },
            {
                "first_name": "Wentao",
                "last_name": "Li",
                "initials": "",
                "corresponding": "",
                "orcid": "['0000-0002-7114-762X']",
                "current_organization_id": "grid.5477.1",
                "researcher_id": "ur.0676020172.17",
                "affiliations": [
                    {
                        "id": "grid.5477.1",
                        "name": "Utrecht University",
                        "city": "Utrecht",
                        "city_id": 2745912,
                        "country": "Netherlands",
                        "country_code": "NL",
                        "state": null,
                        "state_code": null
                    }
                ]
            },
            {
                "first_name": "Zeshi",
                "last_name": "Li",
                "initials": "",
                "corresponding": "",
                "orcid": "",
                "current_organization_id": "grid.5477.1",
                "researcher_id": "ur.01064430027.43",
                "affiliations": [
                    {
                        "id": "grid.5477.1",
                        "name": "Utrecht University",
                        "city": "Utrecht",
                        "city_id": 2745912,
                        "country": "Netherlands",
                        "country_code": "NL",
                        "state": null,
                        "state_code": null
                    }
                ]
            },
            {
                "first_name": "Arie",
                "last_name": "Schouten",
                "initials": "",
                "corresponding": "",
                "orcid": "",
                "current_organization_id": "grid.5477.1",
                "researcher_id": "ur.011060353007.86",
                "affiliations": [
                    {
                        "id": "grid.5477.1",
                        "name": "Utrecht University",
                        "city": "Utrecht",
                        "city_id": 2745912,
                        "country": "Netherlands",
                        "country_code": "NL",
                        "state": null,
                        "state_code": null
                    }
                ]
            },
            {
                "first_name": "Bram",
                "last_name": "Ophorst",
                "initials": "",
                "corresponding": "",
                "orcid": "",
                "current_organization_id": "",
                "researcher_id": "",
                "affiliations": [
                    {
                        "id": "grid.5477.1",
                        "name": "Utrecht University",
                        "city": "Utrecht",
                        "city_id": 2745912,
                        "country": "Netherlands",
                        "country_code": "NL",
                        "state": null,
                        "state_code": null
                    }
                ]
            },
            {
                "first_name": "Frank J. M.",
                "last_name": "van Kuppeveld",
                "initials": "",
                "corresponding": "",
                "orcid": "",
                "current_organization_id": "grid.5477.1",
                "researcher_id": "ur.0715417074.70",
                "affiliations": [
                    {
                        "id": "grid.5477.1",
                        "name": "Utrecht University",
                        "city": "Utrecht",
                        "city_id": 2745912,
                        "country": "Netherlands",
                        "country_code": "NL",
                        "state": null,
                        "state_code": null
                    }
                ]
            },
            {
                "first_name": "Geert-Jan",
                "last_name": "Boons",
                "initials": "",
                "corresponding": "",
                "orcid": "['0000-0003-3111-5954']",
                "current_organization_id": "grid.213876.9",
                "researcher_id": "ur.0716076160.68",
                "affiliations": [
                    {
                        "id": "grid.5477.1",
                        "name": "Utrecht University",
                        "city": "Utrecht",
                        "city_id": 2745912,
                        "country": "Netherlands",
                        "country_code": "NL",
                        "state": null,
                        "state_code": null
                    },
                    {
                        "id": "grid.213876.9",
                        "name": "University of Georgia",
                        "city": "Athens",
                        "city_id": 4180386,
                        "country": "United States",
                        "country_code": "US",
                        "state": "Georgia",
                        "state_code": "US-GA"
                    }
                ]
            },
            {
                "first_name": "Berend-Jan",
                "last_name": "Bosch",
                "initials": "",
                "corresponding": "",
                "orcid": "",
                "current_organization_id": "grid.5477.1",
                "researcher_id": "ur.01016640551.49",
                "affiliations": [
                    {
                        "id": "grid.5477.1",
                        "name": "Utrecht University",
                        "city": "Utrecht",
                        "city_id": 2745912,
                        "country": "Netherlands",
                        "country_code": "NL",
                        "state": null,
                        "state_code": null
                    }
                ]
            },
            {
                "first_name": "Eric G.",
                "last_name": "Huizinga",
                "initials": "",
                "corresponding": "",
                "orcid": "",
                "current_organization_id": "grid.5477.1",
                "researcher_id": "ur.01315712634.05",
                "affiliations": [
                    {
                        "id": "grid.5477.1",
                        "name": "Utrecht University",
                        "city": "Utrecht",
                        "city_id": 2745912,
                        "country": "Netherlands",
                        "country_code": "NL",
                        "state": null,
                        "state_code": null
                    }
                ]
            },
            {
                "first_name": "Raoul J.",
                "last_name": "de Groot",
                "initials": "",
                "corresponding": "",
                "orcid": "['0000-0002-2207-9472']",
                "current_organization_id": "grid.5477.1",
                "researcher_id": "ur.01114377524.22",
                "affiliations": [
                    {
                        "id": "grid.5477.1",
                        "name": "Utrecht University",
                        "city": "Utrecht",
                        "city_id": 2745912,
                        "country": "Netherlands",
                        "country_code": "NL",
                        "state": null,
                        "state_code": null
                    }
                ]
            }
        ]
    ],
    "type": "article"
}