{
    "volume": "196",
    "date": "2017-12-15",
    "title": "Rapid Pathogen Identification in Bacterial Pneumonia Using Real-Time Metagenomics",
    "researchers": [
        {
            "id": "ur.012756606163.04",
            "last_name": "Pendleton",
            "first_name": "Kathryn M",
            "research_orgs": [
                "grid.17635.36",
                "grid.214458.e"
            ]
        },
        {
            "id": "ur.01012240663.32",
            "last_name": "Erb-Downward",
            "first_name": "John R",
            "research_orgs": [
                "grid.412590.b",
                "grid.214458.e"
            ]
        },
        {
            "id": "ur.07514055413.73",
            "last_name": "Bao",
            "first_name": "Yuwei",
            "research_orgs": [
                "grid.214458.e"
            ]
        },
        {
            "id": "ur.010311436013.37",
            "last_name": "Branton",
            "first_name": "William R",
            "research_orgs": [
                "grid.214458.e"
            ]
        },
        {
            "id": "ur.01115501020.84",
            "last_name": "Falkowski",
            "first_name": "Nicole R",
            "research_orgs": [
                "grid.412590.b",
                "grid.214458.e"
            ]
        },
        {
            "id": "ur.0667664246.71",
            "last_name": "Newton",
            "first_name": "Duane W",
            "research_orgs": [
                "grid.412590.b",
                "grid.214458.e",
                "grid.412750.5"
            ]
        },
        {
            "id": "ur.01357374330.74",
            "last_name": "Huffnagle",
            "first_name": "Gary B",
            "orcid_id": [
                "0000-0002-4505-9642"
            ],
            "research_orgs": [
                "grid.29857.31",
                "grid.412590.b",
                "grid.267301.1",
                "grid.134563.6",
                "grid.413800.e",
                "grid.267313.2",
                "grid.266093.8",
                "grid.261331.4",
                "grid.19006.3e",
                "grid.214458.e"
            ]
        },
        {
            "id": "ur.01152727527.15",
            "last_name": "Dickson",
            "first_name": "Robert Pickett",
            "research_orgs": [
                "grid.34477.33",
                "grid.412590.b",
                "grid.214458.e",
                "grid.414179.e"
            ]
        }
    ],
    "pmcid": "PMC5754443",
    "research_org_state_codes": [
        {
            "id": "US-MI",
            "name": "Michigan"
        }
    ],
    "altmetric": 18.0,
    "pages": "1610-1612",
    "research_org_cities": [
        {
            "id": 4984247,
            "name": "Ann Arbor"
        }
    ],
    "open_access": [
        "Open Access - all",
        "Open Access - repository",
        "Open Access - published"
    ],
    "research_org_countries": [
        {
            "id": "US",
            "name": "United States"
        }
    ],
    "doi": "10.1164/rccm.201703-0537le",
    "times_cited": 52,
    "research_orgs": [
        {
            "id": "grid.214458.e",
            "acronym": "UM",
            "state_name": "Michigan",
            "types": [
                "Education"
            ],
            "longitude": -83.73822,
            "linkout": [
                "https://www.umich.edu/"
            ],
            "latitude": 42.278305,
            "name": "University of Michigan",
            "city_name": "Ann Arbor",
            "country_name": "United States"
        }
    ],
    "pmid": "28475350",
    "funders": [
        {
            "id": "grid.279885.9",
            "acronym": "NHLBI",
            "state_name": "Maryland",
            "types": [
                "Facility"
            ],
            "longitude": -77.100945,
            "linkout": [
                "http://www.nhlbi.nih.gov/"
            ],
            "latitude": 39.00428,
            "name": "National Heart Lung and Blood Institute",
            "city_name": "Bethesda",
            "country_name": "United States"
        },
        {
            "id": "grid.429651.d",
            "acronym": "NCATS",
            "state_name": "Maryland",
            "types": [
                "Government"
            ],
            "longitude": -77.197174,
            "linkout": [
                "https://ncats.nih.gov/"
            ],
            "latitude": 39.09584,
            "name": "National Center for Advancing Translational Sciences",
            "city_name": "Rockville",
            "country_name": "United States"
        }
    ],
    "research_org_country_names": [
        "United States"
    ],
    "id": "pub.1085344771",
    "issue": "12",
    "journal": {
        "id": "jour.1017031",
        "title": "American Journal of Respiratory and Critical Care Medicine"
    },
    "year": 2017,
    "references": [
        "pub.1084221998",
        "pub.1079296191",
        "pub.1052737724",
        "pub.1048408423",
        "pub.1043875870",
        "pub.1022251321",
        "pub.1004487897",
        "pub.1005837996",
        "pub.1047444576"
    ],
    "relative_citation_ratio": 4.21,
    "research_org_state_names": [
        "Michigan"
    ],
    "author_affiliations": [
        [
            {
                "first_name": "Kathryn M",
                "last_name": "Pendleton",
                "initials": "",
                "corresponding": "",
                "orcid": "",
                "current_organization_id": "grid.214458.e",
                "researcher_id": "ur.012756606163.04",
                "affiliations": [
                    {
                        "id": "grid.214458.e",
                        "name": "University of Michigan\u2013Ann Arbor",
                        "city": "Ann Arbor",
                        "city_id": 4984247,
                        "country": "United States",
                        "country_code": "US",
                        "state": "Michigan",
                        "state_code": "US-MI"
                    }
                ]
            },
            {
                "first_name": "John R",
                "last_name": "Erb-Downward",
                "initials": "",
                "corresponding": "",
                "orcid": "",
                "current_organization_id": "grid.214458.e",
                "researcher_id": "ur.01012240663.32",
                "affiliations": [
                    {
                        "id": "grid.214458.e",
                        "name": "University of Michigan\u2013Ann Arbor",
                        "city": "Ann Arbor",
                        "city_id": 4984247,
                        "country": "United States",
                        "country_code": "US",
                        "state": "Michigan",
                        "state_code": "US-MI"
                    }
                ]
            },
            {
                "first_name": "Yuwei",
                "last_name": "Bao",
                "initials": "",
                "corresponding": "",
                "orcid": "",
                "current_organization_id": "grid.214458.e",
                "researcher_id": "ur.07514055413.73",
                "affiliations": [
                    {
                        "id": "grid.214458.e",
                        "name": "University of Michigan\u2013Ann Arbor",
                        "city": "Ann Arbor",
                        "city_id": 4984247,
                        "country": "United States",
                        "country_code": "US",
                        "state": "Michigan",
                        "state_code": "US-MI"
                    }
                ]
            },
            {
                "first_name": "William R",
                "last_name": "Branton",
                "initials": "",
                "corresponding": "",
                "orcid": "",
                "current_organization_id": "grid.214458.e",
                "researcher_id": "ur.010311436013.37",
                "affiliations": [
                    {
                        "id": "grid.214458.e",
                        "name": "University of Michigan\u2013Ann Arbor",
                        "city": "Ann Arbor",
                        "city_id": 4984247,
                        "country": "United States",
                        "country_code": "US",
                        "state": "Michigan",
                        "state_code": "US-MI"
                    }
                ]
            },
            {
                "first_name": "Nicole R",
                "last_name": "Falkowski",
                "initials": "",
                "corresponding": "",
                "orcid": "",
                "current_organization_id": "grid.412590.b",
                "researcher_id": "ur.01115501020.84",
                "affiliations": [
                    {
                        "id": "grid.214458.e",
                        "name": "University of Michigan\u2013Ann Arbor",
                        "city": "Ann Arbor",
                        "city_id": 4984247,
                        "country": "United States",
                        "country_code": "US",
                        "state": "Michigan",
                        "state_code": "US-MI"
                    }
                ]
            },
            {
                "first_name": "Duane W",
                "last_name": "Newton",
                "initials": "",
                "corresponding": "",
                "orcid": "",
                "current_organization_id": "grid.214458.e",
                "researcher_id": "ur.0667664246.71",
                "affiliations": [
                    {
                        "id": "grid.214458.e",
                        "name": "University of Michigan\u2013Ann Arbor",
                        "city": "Ann Arbor",
                        "city_id": 4984247,
                        "country": "United States",
                        "country_code": "US",
                        "state": "Michigan",
                        "state_code": "US-MI"
                    }
                ]
            },
            {
                "first_name": "Gary B",
                "last_name": "Huffnagle",
                "initials": "",
                "corresponding": "",
                "orcid": "['0000-0002-4505-9642']",
                "current_organization_id": "grid.214458.e",
                "researcher_id": "ur.01357374330.74",
                "affiliations": [
                    {
                        "id": "grid.214458.e",
                        "name": "University of Michigan\u2013Ann Arbor",
                        "city": "Ann Arbor",
                        "city_id": 4984247,
                        "country": "United States",
                        "country_code": "US",
                        "state": "Michigan",
                        "state_code": "US-MI"
                    },
                    {
                        "id": "grid.214458.e",
                        "name": "University of Michigan\u2013Ann Arbor",
                        "city": "Ann Arbor",
                        "city_id": 4984247,
                        "country": "United States",
                        "country_code": "US",
                        "state": "Michigan",
                        "state_code": "US-MI"
                    }
                ]
            },
            {
                "first_name": "Robert P",
                "last_name": "Dickson",
                "initials": "",
                "corresponding": "",
                "orcid": "",
                "current_organization_id": "grid.214458.e",
                "researcher_id": "ur.01152727527.15",
                "affiliations": [
                    {
                        "id": "grid.214458.e",
                        "name": "University of Michigan\u2013Ann Arbor",
                        "city": "Ann Arbor",
                        "city_id": 4984247,
                        "country": "United States",
                        "country_code": "US",
                        "state": "Michigan",
                        "state_code": "US-MI"
                    },
                    {
                        "name": "3 Michigan Center for Integrative Research in Critical Care Ann Arbor, Michigan."
                    }
                ]
            }
        ]
    ],
    "type": "article"
}