{
    "pmid": "32060933",
    "author_affiliations": [
        [
            {
                "first_name": "Trudy M.",
                "last_name": "Wassenaar",
                "initials": "",
                "corresponding": "",
                "orcid": "",
                "current_organization_id": "grid.241054.6",
                "researcher_id": "ur.0634550101.43",
                "affiliations": [
                    {
                        "name": "Molecular Microbiology and Genomics Consultants Tannenstrasse 755576Zotzenheim Germany"
                    }
                ]
            },
            {
                "first_name": "Ying",
                "last_name": "Zou",
                "initials": "",
                "corresponding": "",
                "orcid": "",
                "current_organization_id": "",
                "researcher_id": "",
                "affiliations": [
                    {
                        "name": "SciPaperEdit, Chuangkexing 17# Wenzhi Street, Hongshan DistrictWuhan Hubei Province China"
                    }
                ]
            }
        ]
    ],
    "altmetric": 10.0,
    "FOR": [
        {
            "id": "2620",
            "name": "0604 Genetics"
        }
    ],
    "research_org_countries": [
        {
            "id": "DE",
            "name": "Germany"
        }
    ],
    "title": "2019_nCoV/SARS\u2010CoV\u20102: rapid classification of betacoronaviruses and identification of Traditional Chinese Medicine as potential origin of zoonotic coronaviruses",
    "open_access": [
        "Open Access - all",
        "Open Access - publisher",
        "Open Access - published"
    ],
    "doi": "10.1111/lam.13285",
    "times_cited": 1,
    "journal": {
        "id": "jour.1095788",
        "title": "Letters in Applied Microbiology"
    },
    "year": 2020,
    "references": [
        "pub.1007463994",
        "pub.1019127677",
        "pub.1003602517",
        "pub.1012073237",
        "pub.1124428749",
        "pub.1106946405",
        "pub.1124445588",
        "pub.1122505459",
        "pub.1040922961",
        "pub.1084513836",
        "pub.1027133230",
        "pub.1122111594",
        "pub.1046004748",
        "pub.1078636387",
        "pub.1062452643",
        "pub.1124290823",
        "pub.1110510319",
        "pub.1124096922"
    ],
    "id": "pub.1124883044",
    "research_org_country_names": [
        "Germany"
    ],
    "date": "2020-02-14",
    "researchers": [
        {
            "id": "ur.0634550101.43",
            "research_orgs": [
                "grid.422685.f",
                "grid.7836.a",
                "grid.4818.5",
                "grid.416009.a",
                "grid.5477.1",
                "grid.5802.f",
                "grid.1017.7",
                "grid.241054.6",
                "grid.5170.3"
            ],
            "last_name": "Wassenaar",
            "first_name": "Trudy M"
        }
    ],
    "type": "article"
}