{
    "volume": "18",
    "date": "2020-01-02",
    "title": "The impact of law enforcement on dispensing antibiotics without prescription: a multi-methods study from Saudi Arabia",
    "researchers": [
        {
            "id": "ur.01334154372.72",
            "last_name": "Alrasheedy",
            "first_name": "Alian A",
            "research_orgs": [
                "grid.412602.3",
                "grid.11875.3a"
            ]
        },
        {
            "id": "ur.01070677550.60",
            "last_name": "Alfadl",
            "first_name": "Abubakr Abdelraouf",
            "research_orgs": [
                "grid.412602.3",
                "grid.414827.c",
                "grid.11875.3a"
            ]
        },
        {
            "id": "ur.01307641746.14",
            "last_name": "Godman",
            "first_name": "Brian Barr",
            "orcid_id": [
                "0000-0001-6539-6972"
            ],
            "research_orgs": [
                "grid.7273.1",
                "grid.415598.4",
                "grid.11984.35",
                "grid.10025.36",
                "grid.459957.3",
                "grid.24381.3c",
                "grid.418068.3",
                "grid.5596.f",
                "grid.11875.3a",
                "grid.4527.4",
                "grid.4714.6"
            ]
        },
        {
            "id": "ur.0756624267.34",
            "last_name": "Hill",
            "first_name": "Ruaraidh Alasdair",
            "orcid_id": [
                "0000-0002-2801-0505"
            ],
            "research_orgs": [
                "grid.10025.36",
                "grid.416710.5"
            ]
        },
        {
            "id": "ur.010726127124.77",
            "last_name": "Anaam",
            "first_name": "Mohammed Saif",
            "research_orgs": [
                "grid.412602.3"
            ]
        }
    ],
    "altmetric": 15.0,
    "pages": "1-11",
    "research_org_cities": [
        {
            "id": 1735106,
            "name": "George Town"
        },
        {
            "id": 2648579,
            "name": "Glasgow"
        },
        {
            "id": 2673730,
            "name": "Stockholm"
        },
        {
            "id": 107304,
            "name": "Buraydah"
        },
        {
            "id": 2644210,
            "name": "Liverpool"
        }
    ],
    "research_org_countries": [
        {
            "id": "MY",
            "name": "Malaysia"
        },
        {
            "id": "SE",
            "name": "Sweden"
        },
        {
            "id": "SA",
            "name": "Saudi Arabia"
        },
        {
            "id": "GB",
            "name": "United Kingdom"
        }
    ],
    "doi": "10.1080/14787210.2020.1705156",
    "FOR": [
        {
            "id": "3053",
            "name": "1103 Clinical Sciences"
        }
    ],
    "times_cited": 0,
    "research_orgs": [
        {
            "id": "grid.11984.35",
            "types": [
                "Education"
            ],
            "longitude": -4.2417,
            "linkout": [
                "http://www.strath.ac.uk/"
            ],
            "latitude": 55.861717,
            "name": "University of Strathclyde",
            "city_name": "Glasgow",
            "country_name": "United Kingdom"
        },
        {
            "id": "grid.412602.3",
            "types": [
                "Education"
            ],
            "longitude": 43.757954,
            "linkout": [
                "http://www.qu.edu.sa/Pages/Home.aspx"
            ],
            "latitude": 26.360239,
            "name": "Qassim University",
            "city_name": "Buraidah",
            "country_name": "Saudi Arabia"
        },
        {
            "id": "grid.10025.36",
            "types": [
                "Education"
            ],
            "longitude": -2.965604,
            "linkout": [
                "http://www.liv.ac.uk/"
            ],
            "latitude": 53.406116,
            "name": "University of Liverpool",
            "city_name": "Liverpool",
            "country_name": "United Kingdom"
        },
        {
            "id": "grid.11875.3a",
            "acronym": "USM",
            "state_name": "Pulau Pinang",
            "types": [
                "Education"
            ],
            "longitude": 100.30139,
            "linkout": [
                "https://www.usm.my/index.php/en/"
            ],
            "latitude": 5.356944,
            "name": "University of Science Malaysia",
            "city_name": "George Town",
            "country_name": "Malaysia"
        }
    ],
    "pmid": "31834825",
    "research_org_country_names": [
        "Malaysia",
        "Saudi Arabia",
        "Sweden",
        "United Kingdom"
    ],
    "id": "pub.1123351473",
    "issue": "1",
    "journal": {
        "id": "jour.1032453",
        "title": "Expert Review of Anti-infective Therapy"
    },
    "year": 2020,
    "references": [
        "pub.1105932677",
        "pub.1121474083",
        "pub.1045729182",
        "pub.1002826648",
        "pub.1001260807",
        "pub.1022658225",
        "pub.1107483268",
        "pub.1113816648",
        "pub.1045868766",
        "pub.1004375015",
        "pub.1099916072",
        "pub.1018737311",
        "pub.1059736611",
        "pub.1039878891",
        "pub.1085728867",
        "pub.1030752578",
        "pub.1120014659",
        "pub.1032966647",
        "pub.1100832253",
        "pub.1110704483",
        "pub.1084609681",
        "pub.1074984253",
        "pub.1050171764",
        "pub.1099707095",
        "pub.1099601705",
        "pub.1110096375",
        "pub.1101771167",
        "pub.1084722176",
        "pub.1020766367",
        "pub.1113110885",
        "pub.1037074830",
        "pub.1110882253",
        "pub.1085297581",
        "pub.1050132998",
        "pub.1104263048",
        "pub.1049697113",
        "pub.1078523367",
        "pub.1074135753",
        "pub.1106520416",
        "pub.1049710749",
        "pub.1121480844",
        "pub.1069214903",
        "pub.1103322158",
        "pub.1068079171",
        "pub.1058397697",
        "pub.1105197046",
        "pub.1105685614",
        "pub.1042404336",
        "pub.1006406231",
        "pub.1069215549",
        "pub.1083526216",
        "pub.1090739141",
        "pub.1032401861",
        "pub.1019344967",
        "pub.1033766387",
        "pub.1039979814",
        "pub.1036121569",
        "pub.1053922361",
        "pub.1064616040",
        "pub.1078053136",
        "pub.1000924334",
        "pub.1050210889",
        "pub.1123095533",
        "pub.1091508310",
        "pub.1054023604",
        "pub.1039696961",
        "pub.1108035895",
        "pub.1084708890",
        "pub.1105897974",
        "pub.1036550383",
        "pub.1077104451",
        "pub.1111834448",
        "pub.1003239998",
        "pub.1012200291",
        "pub.1013769323",
        "pub.1032345262",
        "pub.1026049152",
        "pub.1068659188",
        "pub.1027028610",
        "pub.1009173410",
        "pub.1071482067",
        "pub.1105328737",
        "pub.1107254418",
        "pub.1070837866",
        "pub.1025040927",
        "pub.1044288509",
        "pub.1123067765",
        "pub.1113173132",
        "pub.1112536653",
        "pub.1046475077"
    ],
    "author_affiliations": [
        [
            {
                "first_name": "Alian A",
                "last_name": "Alrasheedy",
                "initials": "",
                "corresponding": "",
                "orcid": "",
                "current_organization_id": "grid.412602.3",
                "researcher_id": "ur.01334154372.72",
                "affiliations": [
                    {
                        "id": "grid.412602.3",
                        "name": "Qassim University",
                        "city": "Buraidah",
                        "city_id": 107304,
                        "country": "Saudi Arabia",
                        "country_code": "SA",
                        "state": null,
                        "state_code": null
                    }
                ]
            },
            {
                "first_name": "Muath A",
                "last_name": "Alsalloum",
                "initials": "",
                "corresponding": "",
                "orcid": "",
                "current_organization_id": "",
                "researcher_id": "",
                "affiliations": [
                    {
                        "id": "grid.412602.3",
                        "name": "Qassim University",
                        "city": "Buraidah",
                        "city_id": 107304,
                        "country": "Saudi Arabia",
                        "country_code": "SA",
                        "state": null,
                        "state_code": null
                    }
                ]
            },
            {
                "first_name": "Feras A",
                "last_name": "Almuqbil",
                "initials": "",
                "corresponding": "",
                "orcid": "",
                "current_organization_id": "",
                "researcher_id": "",
                "affiliations": [
                    {
                        "id": "grid.412602.3",
                        "name": "Qassim University",
                        "city": "Buraidah",
                        "city_id": 107304,
                        "country": "Saudi Arabia",
                        "country_code": "SA",
                        "state": null,
                        "state_code": null
                    }
                ]
            },
            {
                "first_name": "Muaath A",
                "last_name": "Almuzaini",
                "initials": "",
                "corresponding": "",
                "orcid": "",
                "current_organization_id": "",
                "researcher_id": "",
                "affiliations": [
                    {
                        "id": "grid.412602.3",
                        "name": "Qassim University",
                        "city": "Buraidah",
                        "city_id": 107304,
                        "country": "Saudi Arabia",
                        "country_code": "SA",
                        "state": null,
                        "state_code": null
                    }
                ]
            },
            {
                "first_name": "Bandar S",
                "last_name": "Aba Alkhayl",
                "initials": "",
                "corresponding": "",
                "orcid": "",
                "current_organization_id": "",
                "researcher_id": "",
                "affiliations": [
                    {
                        "id": "grid.412602.3",
                        "name": "Qassim University",
                        "city": "Buraidah",
                        "city_id": 107304,
                        "country": "Saudi Arabia",
                        "country_code": "SA",
                        "state": null,
                        "state_code": null
                    }
                ]
            },
            {
                "first_name": "Ahmed S",
                "last_name": "Albishri",
                "initials": "",
                "corresponding": "",
                "orcid": "",
                "current_organization_id": "",
                "researcher_id": "",
                "affiliations": [
                    {
                        "id": "grid.412602.3",
                        "name": "Qassim University",
                        "city": "Buraidah",
                        "city_id": 107304,
                        "country": "Saudi Arabia",
                        "country_code": "SA",
                        "state": null,
                        "state_code": null
                    }
                ]
            },
            {
                "first_name": "Faisal F",
                "last_name": "Alharbi",
                "initials": "",
                "corresponding": "",
                "orcid": "",
                "current_organization_id": "",
                "researcher_id": "",
                "affiliations": [
                    {
                        "id": "grid.412602.3",
                        "name": "Qassim University",
                        "city": "Buraidah",
                        "city_id": 107304,
                        "country": "Saudi Arabia",
                        "country_code": "SA",
                        "state": null,
                        "state_code": null
                    }
                ]
            },
            {
                "first_name": "Saleh R",
                "last_name": "Alharbi",
                "initials": "",
                "corresponding": "",
                "orcid": "",
                "current_organization_id": "",
                "researcher_id": "",
                "affiliations": [
                    {
                        "id": "grid.412602.3",
                        "name": "Qassim University",
                        "city": "Buraidah",
                        "city_id": 107304,
                        "country": "Saudi Arabia",
                        "country_code": "SA",
                        "state": null,
                        "state_code": null
                    }
                ]
            },
            {
                "first_name": "Abdullah K",
                "last_name": "Alodhayb",
                "initials": "",
                "corresponding": "",
                "orcid": "",
                "current_organization_id": "",
                "researcher_id": "",
                "affiliations": [
                    {
                        "id": "grid.412602.3",
                        "name": "Qassim University",
                        "city": "Buraidah",
                        "city_id": 107304,
                        "country": "Saudi Arabia",
                        "country_code": "SA",
                        "state": null,
                        "state_code": null
                    }
                ]
            },
            {
                "first_name": "Abubakr A",
                "last_name": "Alfadl",
                "initials": "",
                "corresponding": "",
                "orcid": "",
                "current_organization_id": "grid.412602.3",
                "researcher_id": "ur.01070677550.60",
                "affiliations": [
                    {
                        "id": "grid.412602.3",
                        "name": "Qassim University",
                        "city": "Buraidah",
                        "city_id": 107304,
                        "country": "Saudi Arabia",
                        "country_code": "SA",
                        "state": null,
                        "state_code": null
                    }
                ]
            },
            {
                "first_name": "Brian",
                "last_name": "Godman",
                "initials": "",
                "corresponding": "",
                "orcid": "['0000-0001-6539-6972']",
                "current_organization_id": "grid.11984.35",
                "researcher_id": "ur.01307641746.14",
                "affiliations": [
                    {
                        "id": "grid.11984.35",
                        "name": "University of Strathclyde",
                        "city": "Glasgow",
                        "city_id": 2648579,
                        "country": "United Kingdom",
                        "country_code": "GB",
                        "state": null,
                        "state_code": null
                    },
                    {
                        "id": "grid.10025.36",
                        "name": "University of Liverpool",
                        "city": "Liverpool",
                        "city_id": 2644210,
                        "country": "United Kingdom",
                        "country_code": "GB",
                        "state": null,
                        "state_code": null
                    },
                    {
                        "name": "Division of Clinical Pharmacology, Karolinska Institute, Karolinska University Hospital Huddinge, Stockholm, Sweden."
                    },
                    {
                        "id": "grid.11875.3a",
                        "name": "Universiti Sains Malaysia",
                        "city": "George Town",
                        "city_id": 1735106,
                        "country": "Malaysia",
                        "country_code": "MY",
                        "state": null,
                        "state_code": null
                    }
                ]
            },
            {
                "first_name": "Ruaraidh",
                "last_name": "Hill",
                "initials": "",
                "corresponding": "",
                "orcid": "['0000-0002-2801-0505']",
                "current_organization_id": "grid.10025.36",
                "researcher_id": "ur.0756624267.34",
                "affiliations": [
                    {
                        "id": "grid.10025.36",
                        "name": "University of Liverpool",
                        "city": "Liverpool",
                        "city_id": 2644210,
                        "country": "United Kingdom",
                        "country_code": "GB",
                        "state": null,
                        "state_code": null
                    }
                ]
            },
            {
                "first_name": "Mohammed S",
                "last_name": "Anaam",
                "initials": "",
                "corresponding": "",
                "orcid": "",
                "current_organization_id": "grid.412602.3",
                "researcher_id": "ur.010726127124.77",
                "affiliations": [
                    {
                        "id": "grid.412602.3",
                        "name": "Qassim University",
                        "city": "Buraidah",
                        "city_id": 107304,
                        "country": "Saudi Arabia",
                        "country_code": "SA",
                        "state": null,
                        "state_code": null
                    }
                ]
            }
        ]
    ],
    "type": "article"
}