{
    "pmid": "32088339",
    "author_affiliations": [
        [
            {
                "first_name": "Shi",
                "last_name": "Zhao",
                "initials": "",
                "corresponding": true,
                "orcid": "['0000-0001-8722-6149']",
                "current_organization_id": "grid.16890.36",
                "researcher_id": "ur.012041076663.93",
                "affiliations": [
                    {
                        "id": "grid.10784.3a",
                        "name": "Chinese University of Hong Kong",
                        "city": "Shatin",
                        "city_id": 1818920,
                        "country": "China",
                        "country_code": "CN",
                        "state": null,
                        "state_code": null
                    },
                    {
                        "id": "grid.10784.3a",
                        "name": "Chinese University of Hong Kong",
                        "city": "Shatin",
                        "city_id": 1818920,
                        "country": "China",
                        "country_code": "CN",
                        "state": null,
                        "state_code": null
                    }
                ]
            },
            {
                "first_name": "Qianyin",
                "last_name": "Lin",
                "initials": "",
                "corresponding": "",
                "orcid": "",
                "current_organization_id": "grid.214458.e",
                "researcher_id": "ur.010261722225.45",
                "affiliations": [
                    {
                        "id": "grid.214458.e",
                        "name": "University of Michigan\u2013Ann Arbor",
                        "city": "Ann Arbor",
                        "city_id": 4984247,
                        "country": "United States",
                        "country_code": "US",
                        "state": "Michigan",
                        "state_code": "US-MI"
                    }
                ]
            },
            {
                "first_name": "Jinjun",
                "last_name": "Ran",
                "initials": "",
                "corresponding": "",
                "orcid": "['0000-0002-2684-6341']",
                "current_organization_id": "grid.194645.b",
                "researcher_id": "ur.013743226502.19",
                "affiliations": [
                    {
                        "id": "grid.194645.b",
                        "name": "University of Hong Kong",
                        "city": "Hong Kong",
                        "city_id": 1819729,
                        "country": "China",
                        "country_code": "CN",
                        "state": null,
                        "state_code": null
                    }
                ]
            },
            {
                "first_name": "Salihu S",
                "last_name": "Musa",
                "initials": "",
                "corresponding": "",
                "orcid": "['0000-0001-6335-2335']",
                "current_organization_id": "grid.16890.36",
                "researcher_id": "ur.012332271777.59",
                "affiliations": [
                    {
                        "id": "grid.16890.36",
                        "name": "Hong Kong Polytechnic University",
                        "city": "Hong Kong",
                        "city_id": 1819729,
                        "country": "China",
                        "country_code": "CN",
                        "state": null,
                        "state_code": null
                    }
                ]
            },
            {
                "first_name": "Guangpu",
                "last_name": "Yang",
                "initials": "",
                "corresponding": "",
                "orcid": "",
                "current_organization_id": "grid.10784.3a",
                "researcher_id": "ur.016610721337.60",
                "affiliations": [
                    {
                        "id": "grid.10784.3a",
                        "name": "Chinese University of Hong Kong",
                        "city": "Shatin",
                        "city_id": 1818920,
                        "country": "China",
                        "country_code": "CN",
                        "state": null,
                        "state_code": null
                    },
                    {
                        "name": "SH Ho Scoliosis Research Lab, Joint Scoliosis Research Center of Chinese University of Hong Kong and Nanjing University, Hong Kong, China"
                    }
                ]
            },
            {
                "first_name": "Weiming",
                "last_name": "Wang",
                "initials": "",
                "corresponding": "",
                "orcid": "['0000-0002-7562-8260']",
                "current_organization_id": "grid.410738.9",
                "researcher_id": "ur.016267614031.82",
                "affiliations": [
                    {
                        "id": "grid.410738.9",
                        "name": "Huaiyin Normal University",
                        "city": "Huai'an",
                        "city_id": 1797873,
                        "country": "China",
                        "country_code": "CN",
                        "state": null,
                        "state_code": null
                    }
                ]
            },
            {
                "first_name": "Yijun",
                "last_name": "Lou",
                "initials": "",
                "corresponding": "",
                "orcid": "['0000-0003-3864-2001']",
                "current_organization_id": "grid.16890.36",
                "researcher_id": "ur.01145152461.61",
                "affiliations": [
                    {
                        "id": "grid.16890.36",
                        "name": "Hong Kong Polytechnic University",
                        "city": "Hong Kong",
                        "city_id": 1819729,
                        "country": "China",
                        "country_code": "CN",
                        "state": null,
                        "state_code": null
                    }
                ]
            },
            {
                "first_name": "Daozhou",
                "last_name": "Gao",
                "initials": "",
                "corresponding": "",
                "orcid": "['0000-0003-3991-569X']",
                "current_organization_id": "grid.412531.0",
                "researcher_id": "ur.01015056254.50",
                "affiliations": [
                    {
                        "id": "grid.412531.0",
                        "name": "Shanghai Normal University",
                        "city": "Shanghai",
                        "city_id": 1796236,
                        "country": "China",
                        "country_code": "CN",
                        "state": null,
                        "state_code": null
                    }
                ]
            },
            {
                "first_name": "Lin",
                "last_name": "Yang",
                "initials": "",
                "corresponding": "",
                "orcid": "['0000-0002-5964-3233']",
                "current_organization_id": "grid.16890.36",
                "researcher_id": "ur.01116164160.58",
                "affiliations": [
                    {
                        "id": "grid.16890.36",
                        "name": "Hong Kong Polytechnic University",
                        "city": "Hong Kong",
                        "city_id": 1819729,
                        "country": "China",
                        "country_code": "CN",
                        "state": null,
                        "state_code": null
                    }
                ]
            },
            {
                "first_name": "Daihai",
                "last_name": "He",
                "initials": "",
                "corresponding": true,
                "orcid": "['0000-0003-3253-654X']",
                "current_organization_id": "grid.16890.36",
                "researcher_id": "ur.01304412561.27",
                "affiliations": [
                    {
                        "id": "grid.16890.36",
                        "name": "Hong Kong Polytechnic University",
                        "city": "Hong Kong",
                        "city_id": 1819729,
                        "country": "China",
                        "country_code": "CN",
                        "state": null,
                        "state_code": null
                    }
                ]
            },
            {
                "first_name": "Maggie H",
                "last_name": "Wang",
                "initials": "",
                "corresponding": "",
                "orcid": "['0000-0003-1223-4595']",
                "current_organization_id": "grid.10784.3a",
                "researcher_id": "ur.016126313714.28",
                "affiliations": [
                    {
                        "id": "grid.10784.3a",
                        "name": "Chinese University of Hong Kong",
                        "city": "Shatin",
                        "city_id": 1818920,
                        "country": "China",
                        "country_code": "CN",
                        "state": null,
                        "state_code": null
                    },
                    {
                        "id": "grid.10784.3a",
                        "name": "Chinese University of Hong Kong",
                        "city": "Shatin",
                        "city_id": 1818920,
                        "country": "China",
                        "country_code": "CN",
                        "state": null,
                        "state_code": null
                    }
                ]
            }
        ]
    ],
    "altmetric": 4.0,
    "research_org_countries": [
        {
            "id": "US",
            "name": "United States"
        },
        {
            "id": "CN",
            "name": "China"
        }
    ],
    "title": "The basic reproduction number of novel coronavirus (2019-nCoV) estimation based on exponential growth in the early outbreak in China from 2019 to 2020: A reply to Dhungana",
    "research_org_cities": [
        {
            "id": 1818920,
            "name": "Sha Tin"
        },
        {
            "id": 1796236,
            "name": "Shanghai"
        },
        {
            "id": 1819729,
            "name": "Hong Kong"
        },
        {
            "id": 1797873,
            "name": "Huai'an"
        },
        {
            "id": 4984247,
            "name": "Ann Arbor"
        }
    ],
    "research_org_state_names": [
        "Michigan"
    ],
    "open_access": [
        "Open Access - all",
        "Open Access - publisher",
        "Open Access - published"
    ],
    "doi": "10.1016/j.ijid.2020.02.025",
    "times_cited": 0,
    "journal": {
        "id": "jour.1115751",
        "title": "International Journal of Infectious Diseases"
    },
    "year": 2020,
    "research_orgs": [
        {
            "id": "grid.16890.36",
            "name": "Hong Kong Polytechnic University",
            "linkout": [
                "http://www.polyu.edu.hk/web/en/home/index.html"
            ],
            "country_name": "China",
            "types": [
                "Education"
            ],
            "latitude": 22.304888,
            "acronym": "HKPU",
            "city_name": "Hong Kong",
            "longitude": 114.179184
        },
        {
            "id": "grid.214458.e",
            "name": "University of Michigan",
            "linkout": [
                "https://www.umich.edu/"
            ],
            "country_name": "United States",
            "types": [
                "Education"
            ],
            "latitude": 42.278305,
            "acronym": "UM",
            "state_name": "Michigan",
            "city_name": "Ann Arbor",
            "longitude": -83.73822
        },
        {
            "id": "grid.10784.3a",
            "name": "Chinese University of Hong Kong",
            "linkout": [
                "http://www.cuhk.edu.hk/english/index.html"
            ],
            "country_name": "China",
            "types": [
                "Education"
            ],
            "latitude": 22.419722,
            "acronym": "CUHK",
            "state_name": "Hong Kong",
            "city_name": "Shatin",
            "longitude": 114.206795
        },
        {
            "id": "grid.412531.0",
            "name": "Shanghai Normal University",
            "linkout": [
                "http://www.shnu.edu.cn/Default.aspx?alias=www.shnu.edu.cn/shnuen"
            ],
            "country_name": "China",
            "types": [
                "Education"
            ],
            "latitude": 31.16153,
            "acronym": "SHNU",
            "city_name": "Shanghai",
            "longitude": 121.41649
        },
        {
            "id": "grid.410738.9",
            "name": "Huaiyin Normal University",
            "linkout": [
                "http://www1.hytc.edu.cn/en/"
            ],
            "country_name": "China",
            "types": [
                "Education"
            ],
            "latitude": 33.639,
            "acronym": "HNU",
            "state_name": "Jiangsu",
            "city_name": "Huai'an",
            "longitude": 119.00609
        },
        {
            "id": "grid.194645.b",
            "name": "University of Hong Kong",
            "linkout": [
                "http://www.hku.hk/"
            ],
            "country_name": "China",
            "types": [
                "Education"
            ],
            "latitude": 22.283287,
            "acronym": "HKU",
            "state_name": "Hong Kong",
            "city_name": "Hong Kong",
            "longitude": 114.13708
        }
    ],
    "id": "pub.1125023166",
    "references": [
        "pub.1038874302",
        "pub.1070926309",
        "pub.1124643884"
    ],
    "research_org_country_names": [
        "China",
        "United States"
    ],
    "date": "2020-02-01",
    "research_org_state_codes": [
        {
            "id": "US-MI",
            "name": "Michigan"
        }
    ],
    "researchers": [
        {
            "id": "ur.012041076663.93",
            "research_orgs": [
                "grid.10784.3a",
                "grid.16890.36"
            ],
            "last_name": "Zhao",
            "first_name": "Shi",
            "orcid_id": [
                "0000-0001-8722-6149"
            ]
        },
        {
            "id": "ur.010261722225.45",
            "research_orgs": [
                "grid.214458.e"
            ],
            "last_name": "Lin",
            "first_name": "Qianyin"
        },
        {
            "id": "ur.013743226502.19",
            "research_orgs": [
                "grid.194645.b"
            ],
            "last_name": "Ran",
            "first_name": "Jinjun",
            "orcid_id": [
                "0000-0002-2684-6341"
            ]
        },
        {
            "id": "ur.012332271777.59",
            "research_orgs": [
                "grid.16890.36"
            ],
            "last_name": "Musa",
            "first_name": "Salihu Sabiu",
            "orcid_id": [
                "0000-0001-6335-2335"
            ]
        },
        {
            "id": "ur.016610721337.60",
            "research_orgs": [
                "grid.10784.3a"
            ],
            "last_name": "Yang",
            "first_name": "Guangpu"
        },
        {
            "id": "ur.016267614031.82",
            "research_orgs": [
                "grid.435133.3",
                "grid.22069.3f",
                "grid.8547.e",
                "grid.410738.9",
                "grid.440581.c",
                "grid.412899.f"
            ],
            "last_name": "Wang",
            "first_name": "Weiming",
            "orcid_id": [
                "0000-0002-7562-8260"
            ]
        },
        {
            "id": "ur.01145152461.61",
            "research_orgs": [
                "grid.25055.37",
                "grid.21100.32",
                "grid.453534.0",
                "grid.16890.36",
                "grid.194645.b"
            ],
            "last_name": "Lou",
            "first_name": "Yijun",
            "orcid_id": [
                "0000-0003-3864-2001"
            ]
        },
        {
            "id": "ur.01015056254.50",
            "research_orgs": [
                "grid.412531.0",
                "grid.266102.1",
                "grid.26790.3a"
            ],
            "last_name": "Gao",
            "first_name": "Daozhou",
            "orcid_id": [
                "0000-0003-3991-569X"
            ]
        },
        {
            "id": "ur.01116164160.58",
            "research_orgs": [
                "grid.16890.36",
                "grid.261331.4",
                "grid.194645.b"
            ],
            "last_name": "Yang",
            "first_name": "Lin",
            "orcid_id": [
                "0000-0002-5964-3233"
            ]
        },
        {
            "id": "ur.01304412561.27",
            "research_orgs": [
                "grid.20513.35",
                "grid.12136.37",
                "grid.16890.36",
                "grid.43169.39",
                "grid.25073.33",
                "grid.214458.e"
            ],
            "last_name": "He",
            "first_name": "Dai-Hai",
            "orcid_id": [
                "0000-0003-3253-654X"
            ]
        },
        {
            "id": "ur.016126313714.28",
            "research_orgs": [
                "grid.10784.3a",
                "grid.476868.3",
                "grid.12981.33"
            ],
            "last_name": "Wang",
            "first_name": "Maggie Haitian",
            "orcid_id": [
                "0000-0003-1223-4595"
            ]
        }
    ],
    "type": "article"
}