{
    "volume": "53",
    "date": "2016-05-01",
    "title": "A Comparative Review of Animal Models of Middle East Respiratory Syndrome Coronavirus Infection",
    "researchers": [
        {
            "id": "ur.0604637663.14",
            "last_name": "Baseler",
            "first_name": "Laura J",
            "research_orgs": [
                "grid.419681.3",
                "grid.17091.3e",
                "grid.240145.6",
                "grid.169077.e"
            ]
        },
        {
            "id": "ur.01357410457.53",
            "last_name": "De Wit",
            "first_name": "Emmie",
            "orcid_id": [
                "0000-0002-9763-7758"
            ],
            "research_orgs": [
                "grid.5645.2",
                "grid.176731.5",
                "grid.21613.37",
                "grid.490708.2",
                "grid.452593.c",
                "grid.5477.1",
                "grid.47894.36",
                "grid.36567.31",
                "grid.419681.3",
                "grid.415368.d",
                "grid.21729.3f",
                "grid.416738.f",
                "grid.433899.c",
                "grid.94365.3d"
            ]
        },
        {
            "id": "ur.0620766134.13",
            "last_name": "Feldmann",
            "first_name": "Heinz Ulrich",
            "orcid_id": [
                "0000-0001-9448-8227"
            ],
            "research_orgs": [
                "grid.176731.5",
                "grid.27755.32",
                "grid.271308.f",
                "grid.53857.3c",
                "grid.475010.7",
                "grid.413309.c",
                "grid.36567.31",
                "grid.4563.4",
                "grid.48336.3a",
                "grid.504355.2",
                "grid.416738.f",
                "grid.239395.7",
                "grid.461088.3",
                "grid.416900.a",
                "grid.419261.9",
                "grid.9918.9",
                "grid.419681.3",
                "grid.250889.e",
                "grid.415598.4",
                "grid.15653.34",
                "grid.10253.35",
                "grid.21613.37",
                "grid.416657.7",
                "grid.14095.39",
                "grid.442828.0",
                "grid.21729.3f",
                "grid.505518.c",
                "grid.463270.4",
                "grid.57544.37",
                "grid.415368.d",
                "grid.434805.e",
                "grid.265219.b",
                "grid.94365.3d",
                "grid.410862.9"
            ]
        }
    ],
    "research_org_state_codes": [
        {
            "id": "US-IN",
            "name": "Indiana"
        },
        {
            "id": "US-TX",
            "name": "Texas"
        },
        {
            "id": "US-MD",
            "name": "Maryland"
        }
    ],
    "altmetric": 10.0,
    "pages": "521-531",
    "research_org_cities": [
        {
            "id": 4928096,
            "name": "West Lafayette"
        },
        {
            "id": 4699066,
            "name": "Houston"
        },
        {
            "id": 4348599,
            "name": "Bethesda"
        }
    ],
    "open_access": [
        "Open Access - all",
        "Open Access - publisher",
        "Open Access - published"
    ],
    "research_org_countries": [
        {
            "id": "US",
            "name": "United States"
        }
    ],
    "doi": "10.1177/0300985815620845",
    "FOR": [
        {
            "id": "3114",
            "name": "1108 Medical Microbiology"
        }
    ],
    "times_cited": 18,
    "research_orgs": [
        {
            "id": "grid.240145.6",
            "state_name": "Texas",
            "types": [
                "Healthcare"
            ],
            "longitude": -95.39697,
            "linkout": [
                "http://www.mdanderson.org/"
            ],
            "latitude": 29.70706,
            "name": "The University of Texas MD Anderson Cancer Center",
            "city_name": "Houston",
            "country_name": "United States"
        },
        {
            "id": "grid.419681.3",
            "acronym": "NIAID",
            "state_name": "Maryland",
            "types": [
                "Facility"
            ],
            "longitude": -77.11183,
            "linkout": [
                "http://www.niaid.nih.gov/Pages/default.aspx"
            ],
            "latitude": 39.066647,
            "name": "National Institute of Allergy and Infectious Diseases",
            "city_name": "Bethesda",
            "country_name": "United States"
        },
        {
            "id": "grid.169077.e",
            "state_name": "Indiana",
            "types": [
                "Education"
            ],
            "longitude": -86.9212,
            "linkout": [
                "http://www.purdue.edu/"
            ],
            "latitude": 40.42395,
            "name": "Purdue University West Lafayette",
            "city_name": "West Lafayette",
            "country_name": "United States"
        }
    ],
    "pmid": "26869154",
    "research_org_country_names": [
        "United States"
    ],
    "id": "pub.1051456970",
    "issue": "3",
    "journal": {
        "id": "jour.1014820",
        "title": "Veterinary Pathology"
    },
    "year": 2016,
    "references": [
        "pub.1078707214",
        "pub.1038542882",
        "pub.1024859274",
        "pub.1025461012",
        "pub.1048354637",
        "pub.1059709808",
        "pub.1032336119",
        "pub.1006765589",
        "pub.1019703731",
        "pub.1070926222",
        "pub.1026372931",
        "pub.1039579861",
        "pub.1070926258",
        "pub.1042309214",
        "pub.1015127616",
        "pub.1023473315",
        "pub.1001141497",
        "pub.1031663641",
        "pub.1070926174",
        "pub.1078636387",
        "pub.1070926231",
        "pub.1070926115",
        "pub.1078808017",
        "pub.1020304704",
        "pub.1070926129",
        "pub.1020300042",
        "pub.1078761917",
        "pub.1051316131",
        "pub.1024735047",
        "pub.1029189192",
        "pub.1048791210",
        "pub.1013873576",
        "pub.1035639368",
        "pub.1050516195",
        "pub.1049394195",
        "pub.1070926338",
        "pub.1018158123",
        "pub.1020858694",
        "pub.1078746519",
        "pub.1030937184",
        "pub.1014370409",
        "pub.1038112978",
        "pub.1078791636",
        "pub.1002007051",
        "pub.1078696535",
        "pub.1053672811",
        "pub.1033612625",
        "pub.1001112046",
        "pub.1052075140",
        "pub.1049432735",
        "pub.1070926257",
        "pub.1077500903",
        "pub.1043528619",
        "pub.1000039839",
        "pub.1026954099",
        "pub.1010127717",
        "pub.1025710658",
        "pub.1051300794",
        "pub.1031053265",
        "pub.1021537888",
        "pub.1003799031",
        "pub.1049602997",
        "pub.1070926221",
        "pub.1042840483",
        "pub.1015655299",
        "pub.1043875870",
        "pub.1019527195",
        "pub.1037705344",
        "pub.1026446415",
        "pub.1047913557",
        "pub.1029340898",
        "pub.1028046158",
        "pub.1007621283",
        "pub.1043250391",
        "pub.1004964631"
    ],
    "relative_citation_ratio": 1.42,
    "research_org_state_names": [
        "Maryland",
        "Indiana",
        "Texas"
    ],
    "author_affiliations": [
        [
            {
                "first_name": "L.",
                "last_name": "Baseler",
                "initials": "",
                "corresponding": "",
                "orcid": "",
                "current_organization_id": "grid.240145.6",
                "researcher_id": "ur.0604637663.14",
                "affiliations": [
                    {
                        "id": "grid.419681.3",
                        "name": "National Institute of Allergy and Infectious Diseases",
                        "city": "Bethesda",
                        "city_id": 4348599,
                        "country": "United States",
                        "country_code": "US",
                        "state": "Maryland",
                        "state_code": "US-MD"
                    },
                    {
                        "id": "grid.169077.e",
                        "name": "Purdue University West Lafayette",
                        "city": "West Lafayette",
                        "city_id": 4928096,
                        "country": "United States",
                        "country_code": "US",
                        "state": "Indiana",
                        "state_code": "US-IN"
                    },
                    {
                        "id": "grid.240145.6",
                        "name": "The University of Texas MD Anderson Cancer Center",
                        "city": "Houston",
                        "city_id": 4699066,
                        "country": "United States",
                        "country_code": "US",
                        "state": "Texas",
                        "state_code": "US-TX"
                    }
                ]
            },
            {
                "first_name": "E.",
                "last_name": "de Wit",
                "initials": "",
                "corresponding": "",
                "orcid": "['0000-0002-9763-7758']",
                "current_organization_id": "grid.419681.3",
                "researcher_id": "ur.01357410457.53",
                "affiliations": [
                    {
                        "id": "grid.419681.3",
                        "name": "National Institute of Allergy and Infectious Diseases",
                        "city": "Bethesda",
                        "city_id": 4348599,
                        "country": "United States",
                        "country_code": "US",
                        "state": "Maryland",
                        "state_code": "US-MD"
                    }
                ]
            },
            {
                "first_name": "H.",
                "last_name": "Feldmann",
                "initials": "",
                "corresponding": "",
                "orcid": "['0000-0001-9448-8227']",
                "current_organization_id": "grid.419681.3",
                "researcher_id": "ur.0620766134.13",
                "affiliations": [
                    {
                        "id": "grid.419681.3",
                        "name": "National Institute of Allergy and Infectious Diseases",
                        "city": "Bethesda",
                        "city_id": 4348599,
                        "country": "United States",
                        "country_code": "US",
                        "state": "Maryland",
                        "state_code": "US-MD"
                    }
                ]
            }
        ]
    ],
    "type": "article"
}