{
    "volume": "119",
    "date": "2018-11-01",
    "title": "Arch-shaped multiple-target sensing for rapid diagnosis and identification of emerging infectious pathogens",
    "researchers": [
        {
            "id": "ur.014141624061.30",
            "last_name": "Koo",
            "first_name": "Bonhan",
            "research_orgs": [
                "grid.267370.7",
                "grid.413967.e"
            ]
        },
        {
            "id": "ur.01173747751.97",
            "last_name": "Hong",
            "first_name": "Ki-Ho",
            "research_orgs": [
                "grid.412482.9",
                "grid.31501.36",
                "grid.415520.7",
                "grid.412484.f"
            ]
        },
        {
            "id": "ur.014737204461.53",
            "last_name": "Jin",
            "first_name": "Choong Eun",
            "orcid_id": [
                "0000-0002-4462-2333"
            ],
            "research_orgs": [
                "grid.413967.e",
                "grid.263136.3",
                "grid.267370.7"
            ]
        },
        {
            "id": "ur.013412356661.02",
            "last_name": "Kim",
            "first_name": "Ji Yeun",
            "research_orgs": [
                "grid.413967.e"
            ]
        },
        {
            "id": "ur.013545476360.75",
            "last_name": "Kim",
            "first_name": "Sung-Han",
            "orcid_id": [
                "0000-0002-6596-8253"
            ],
            "research_orgs": [
                "grid.31501.36",
                "grid.267370.7",
                "grid.412677.1",
                "grid.413967.e",
                "grid.412830.c",
                "grid.418967.5"
            ]
        },
        {
            "id": "ur.0646153745.20",
            "last_name": "Shin",
            "first_name": "Yong Moon",
            "research_orgs": [
                "grid.413967.e",
                "grid.452277.1",
                "grid.31501.36",
                "grid.267370.7"
            ]
        }
    ],
    "altmetric": 1.0,
    "pages": "79-85",
    "research_org_cities": [
        {
            "id": 1835848,
            "name": "Seoul"
        }
    ],
    "research_org_countries": [
        {
            "id": "KR",
            "name": "South Korea"
        }
    ],
    "doi": "10.1016/j.bios.2018.08.007",
    "FOR": [
        {
            "id": "3114",
            "name": "1108 Medical Microbiology"
        }
    ],
    "times_cited": 4,
    "research_orgs": [
        {
            "id": "grid.415520.7",
            "types": [
                "Healthcare"
            ],
            "longitude": 127.09812,
            "linkout": [
                "http://as.seoulmc.or.kr/english/index.asp"
            ],
            "latitude": 37.612812,
            "name": "Seoul Medical Center",
            "city_name": "Seoul",
            "country_name": "South Korea"
        },
        {
            "id": "grid.413967.e",
            "acronym": "AMC ",
            "types": [
                "Healthcare"
            ],
            "longitude": 127.10834,
            "linkout": [
                "http://eng.amc.seoul.kr/asan/lang/eng/main.do"
            ],
            "latitude": 37.527042,
            "name": "Asan Medical Center",
            "city_name": "Seoul",
            "country_name": "South Korea"
        }
    ],
    "pmid": "30103157",
    "funders": [
        {
            "id": "grid.453028.8",
            "acronym": "KHIDI",
            "types": [
                "Government"
            ],
            "longitude": 126.951416,
            "linkout": [
                "http://www.khidi.or.kr/eps"
            ],
            "latitude": 37.511086,
            "name": "Korea Health Industry Development Institute",
            "city_name": "Seoul",
            "country_name": "South Korea"
        }
    ],
    "research_org_country_names": [
        "South Korea"
    ],
    "id": "pub.1106048409",
    "issue": "Nucleic Acids Res. 28 20 2000",
    "journal": {
        "id": "jour.1100063",
        "title": "Biosensors and Bioelectronics"
    },
    "year": 2018,
    "references": [
        "pub.1048798119",
        "pub.1018487013",
        "pub.1092217974",
        "pub.1092916841",
        "pub.1092828215",
        "pub.1042370784",
        "pub.1006531105",
        "pub.1049372023",
        "pub.1049947417",
        "pub.1045382747",
        "pub.1021891615",
        "pub.1023204230",
        "pub.1099753217",
        "pub.1035917977",
        "pub.1048630463",
        "pub.1049162290",
        "pub.1052392947",
        "pub.1021359568",
        "pub.1043875870",
        "pub.1005954516",
        "pub.1041458087"
    ],
    "relative_citation_ratio": 1.46,
    "author_affiliations": [
        [
            {
                "first_name": "Bonhan",
                "last_name": "Koo",
                "initials": "",
                "corresponding": "",
                "orcid": "",
                "current_organization_id": "grid.413967.e",
                "researcher_id": "ur.014141624061.30",
                "affiliations": [
                    {
                        "id": "grid.413967.e",
                        "name": "Asan Medical Center",
                        "city": "Seoul",
                        "city_id": 1835848,
                        "country": "South Korea",
                        "country_code": "KR",
                        "state": null,
                        "state_code": null
                    }
                ]
            },
            {
                "first_name": "Ki Ho",
                "last_name": "Hong",
                "initials": "",
                "corresponding": "",
                "orcid": "",
                "current_organization_id": "grid.415520.7",
                "researcher_id": "ur.01173747751.97",
                "affiliations": [
                    {
                        "id": "grid.415520.7",
                        "name": "Seoul Medical Center",
                        "city": "Seoul",
                        "city_id": 1835848,
                        "country": "South Korea",
                        "country_code": "KR",
                        "state": null,
                        "state_code": null
                    }
                ]
            },
            {
                "first_name": "Choong Eun",
                "last_name": "Jin",
                "initials": "",
                "corresponding": "",
                "orcid": "['0000-0002-4462-2333']",
                "current_organization_id": "grid.413967.e",
                "researcher_id": "ur.014737204461.53",
                "affiliations": [
                    {
                        "id": "grid.413967.e",
                        "name": "Asan Medical Center",
                        "city": "Seoul",
                        "city_id": 1835848,
                        "country": "South Korea",
                        "country_code": "KR",
                        "state": null,
                        "state_code": null
                    }
                ]
            },
            {
                "first_name": "Ji Yeun",
                "last_name": "Kim",
                "initials": "",
                "corresponding": "",
                "orcid": "",
                "current_organization_id": "grid.413967.e",
                "researcher_id": "ur.013412356661.02",
                "affiliations": [
                    {
                        "id": "grid.413967.e",
                        "name": "Asan Medical Center",
                        "city": "Seoul",
                        "city_id": 1835848,
                        "country": "South Korea",
                        "country_code": "KR",
                        "state": null,
                        "state_code": null
                    }
                ]
            },
            {
                "first_name": "Sung-Han",
                "last_name": "Kim",
                "initials": "",
                "corresponding": true,
                "orcid": "['0000-0002-6596-8253']",
                "current_organization_id": "grid.413967.e",
                "researcher_id": "ur.013545476360.75",
                "affiliations": [
                    {
                        "id": "grid.413967.e",
                        "name": "Asan Medical Center",
                        "city": "Seoul",
                        "city_id": 1835848,
                        "country": "South Korea",
                        "country_code": "KR",
                        "state": null,
                        "state_code": null
                    }
                ]
            },
            {
                "first_name": "Yong",
                "last_name": "Shin",
                "initials": "",
                "corresponding": true,
                "orcid": "",
                "current_organization_id": "grid.413967.e",
                "researcher_id": "ur.0646153745.20",
                "affiliations": [
                    {
                        "id": "grid.413967.e",
                        "name": "Asan Medical Center",
                        "city": "Seoul",
                        "city_id": 1835848,
                        "country": "South Korea",
                        "country_code": "KR",
                        "state": null,
                        "state_code": null
                    }
                ]
            }
        ]
    ],
    "type": "article"
}