{
    "pmid": "30634419",
    "author_affiliations": [
        [
            {
                "first_name": "Philip",
                "last_name": "El-Duah",
                "initials": "",
                "corresponding": "",
                "orcid": "['0000-0003-1671-0755']",
                "current_organization_id": "grid.487281.0",
                "researcher_id": "ur.0761532104.08",
                "affiliations": [
                    {
                        "name": "Department of Clinical Microbiology, Kwame Nkrumah University of Science and Technology, PMB, UPO, Kumasi 00233, Ghana;, elduahphilip9@gmail.com, (P.E.-D.);, Yeboahrichmond82@yahoo.com, (R.Y.);, jlamptey80@gmail.com, (J.L.);, yasax@hotmail.co.uk, (Y.A.-S.)"
                    },
                    {
                        "name": "Kumasi Centre for Collaborative Research in Tropical Medicine, PMB, UPO, KNUST, Kumasi 00233, Ghana;, annan@kccr.de, (A.S.);, owusumichael-gh@hotmail.com, (M.O.);, oppongfrimpong1@gmail.com, (Y.O.F.);, vitus7uk@yahoo.co.uk, (V.B.)"
                    },
                    {
                        "id": "grid.15090.3d",
                        "name": "University Hospital Bonn",
                        "city": "Bonn",
                        "city_id": 2946447,
                        "country": "Germany",
                        "country_code": "DE",
                        "state": null,
                        "state_code": null
                    }
                ]
            },
            {
                "first_name": "Benjamin",
                "last_name": "Meyer",
                "initials": "",
                "corresponding": "",
                "orcid": "",
                "current_organization_id": "grid.15090.3d",
                "researcher_id": "ur.01007760024.60",
                "affiliations": [
                    {
                        "id": "grid.15090.3d",
                        "name": "University Hospital Bonn",
                        "city": "Bonn",
                        "city_id": 2946447,
                        "country": "Germany",
                        "country_code": "DE",
                        "state": null,
                        "state_code": null
                    }
                ]
            },
            {
                "first_name": "Augustina",
                "last_name": "Sylverken",
                "initials": "",
                "corresponding": "",
                "orcid": "['0000-0002-7691-914X']",
                "current_organization_id": "grid.9829.a",
                "researcher_id": "ur.01111364671.87",
                "affiliations": [
                    {
                        "name": "Kumasi Centre for Collaborative Research in Tropical Medicine, PMB, UPO, KNUST, Kumasi 00233, Ghana;, annan@kccr.de, (A.S.);, owusumichael-gh@hotmail.com, (M.O.);, oppongfrimpong1@gmail.com, (Y.O.F.);, vitus7uk@yahoo.co.uk, (V.B.)"
                    },
                    {
                        "id": "grid.9829.a",
                        "name": "Kwame Nkrumah University of Science and Technology",
                        "city": "Kumasi",
                        "city_id": 2298890,
                        "country": "Ghana",
                        "country_code": "GH",
                        "state": null,
                        "state_code": null
                    }
                ]
            },
            {
                "first_name": "Michael",
                "last_name": "Owusu",
                "initials": "",
                "corresponding": "",
                "orcid": "['0000-0001-5066-150X']",
                "current_organization_id": "grid.9829.a",
                "researcher_id": "ur.01353011344.31",
                "affiliations": [
                    {
                        "name": "Kumasi Centre for Collaborative Research in Tropical Medicine, PMB, UPO, KNUST, Kumasi 00233, Ghana;, annan@kccr.de, (A.S.);, owusumichael-gh@hotmail.com, (M.O.);, oppongfrimpong1@gmail.com, (Y.O.F.);, vitus7uk@yahoo.co.uk, (V.B.)"
                    },
                    {
                        "id": "grid.9829.a",
                        "name": "Kwame Nkrumah University of Science and Technology",
                        "city": "Kumasi",
                        "city_id": 2298890,
                        "country": "Ghana",
                        "country_code": "GH",
                        "state": null,
                        "state_code": null
                    }
                ]
            },
            {
                "first_name": "Lina Theresa",
                "last_name": "Gottula",
                "initials": "",
                "corresponding": "",
                "orcid": "",
                "current_organization_id": "grid.15090.3d",
                "researcher_id": "ur.015415453770.73",
                "affiliations": [
                    {
                        "id": "grid.15090.3d",
                        "name": "University Hospital Bonn",
                        "city": "Bonn",
                        "city_id": 2946447,
                        "country": "Germany",
                        "country_code": "DE",
                        "state": null,
                        "state_code": null
                    },
                    {
                        "name": "Institute of Virology, Charite, Universit\u00e4tsmedizin Berlin, 10117 Berlin, Germany"
                    }
                ]
            },
            {
                "first_name": "Richmond",
                "last_name": "Yeboah",
                "initials": "",
                "corresponding": "",
                "orcid": "",
                "current_organization_id": "grid.9829.a",
                "researcher_id": "ur.014635656207.92",
                "affiliations": [
                    {
                        "name": "Department of Clinical Microbiology, Kwame Nkrumah University of Science and Technology, PMB, UPO, Kumasi 00233, Ghana;, elduahphilip9@gmail.com, (P.E.-D.);, Yeboahrichmond82@yahoo.com, (R.Y.);, jlamptey80@gmail.com, (J.L.);, yasax@hotmail.co.uk, (Y.A.-S.)"
                    },
                    {
                        "name": "Kumasi Centre for Collaborative Research in Tropical Medicine, PMB, UPO, KNUST, Kumasi 00233, Ghana;, annan@kccr.de, (A.S.);, owusumichael-gh@hotmail.com, (M.O.);, oppongfrimpong1@gmail.com, (Y.O.F.);, vitus7uk@yahoo.co.uk, (V.B.)"
                    }
                ]
            },
            {
                "first_name": "Jones",
                "last_name": "Lamptey",
                "initials": "",
                "corresponding": "",
                "orcid": "",
                "current_organization_id": "grid.9829.a",
                "researcher_id": "ur.015433236607.94",
                "affiliations": [
                    {
                        "name": "Department of Clinical Microbiology, Kwame Nkrumah University of Science and Technology, PMB, UPO, Kumasi 00233, Ghana;, elduahphilip9@gmail.com, (P.E.-D.);, Yeboahrichmond82@yahoo.com, (R.Y.);, jlamptey80@gmail.com, (J.L.);, yasax@hotmail.co.uk, (Y.A.-S.)"
                    },
                    {
                        "name": "Kumasi Centre for Collaborative Research in Tropical Medicine, PMB, UPO, KNUST, Kumasi 00233, Ghana;, annan@kccr.de, (A.S.);, owusumichael-gh@hotmail.com, (M.O.);, oppongfrimpong1@gmail.com, (Y.O.F.);, vitus7uk@yahoo.co.uk, (V.B.)"
                    }
                ]
            },
            {
                "first_name": "Yaw Oppong",
                "last_name": "Frimpong",
                "initials": "",
                "corresponding": "",
                "orcid": "['0000-0001-8125-9820']",
                "current_organization_id": "grid.9829.a",
                "researcher_id": "ur.010703456144.49",
                "affiliations": [
                    {
                        "name": "Kumasi Centre for Collaborative Research in Tropical Medicine, PMB, UPO, KNUST, Kumasi 00233, Ghana;, annan@kccr.de, (A.S.);, owusumichael-gh@hotmail.com, (M.O.);, oppongfrimpong1@gmail.com, (Y.O.F.);, vitus7uk@yahoo.co.uk, (V.B.)"
                    },
                    {
                        "id": "grid.9829.a",
                        "name": "Kwame Nkrumah University of Science and Technology",
                        "city": "Kumasi",
                        "city_id": 2298890,
                        "country": "Ghana",
                        "country_code": "GH",
                        "state": null,
                        "state_code": null
                    }
                ]
            },
            {
                "first_name": "Vitus",
                "last_name": "Burimuah",
                "initials": "",
                "corresponding": "",
                "orcid": "",
                "current_organization_id": "grid.9829.a",
                "researcher_id": "ur.010366212627.35",
                "affiliations": [
                    {
                        "name": "Kumasi Centre for Collaborative Research in Tropical Medicine, PMB, UPO, KNUST, Kumasi 00233, Ghana;, annan@kccr.de, (A.S.);, owusumichael-gh@hotmail.com, (M.O.);, oppongfrimpong1@gmail.com, (Y.O.F.);, vitus7uk@yahoo.co.uk, (V.B.)"
                    },
                    {
                        "id": "grid.9829.a",
                        "name": "Kwame Nkrumah University of Science and Technology",
                        "city": "Kumasi",
                        "city_id": 2298890,
                        "country": "Ghana",
                        "country_code": "GH",
                        "state": null,
                        "state_code": null
                    }
                ]
            },
            {
                "first_name": "Raphael",
                "last_name": "Folitse",
                "initials": "",
                "corresponding": "",
                "orcid": "",
                "current_organization_id": "grid.9829.a",
                "researcher_id": "ur.014713175214.93",
                "affiliations": [
                    {
                        "id": "grid.9829.a",
                        "name": "Kwame Nkrumah University of Science and Technology",
                        "city": "Kumasi",
                        "city_id": 2298890,
                        "country": "Ghana",
                        "country_code": "GH",
                        "state": null,
                        "state_code": null
                    }
                ]
            },
            {
                "first_name": "Olivia",
                "last_name": "Agbenyega",
                "initials": "",
                "corresponding": "",
                "orcid": "",
                "current_organization_id": "grid.9829.a",
                "researcher_id": "ur.01023614402.14",
                "affiliations": [
                    {
                        "id": "grid.9829.a",
                        "name": "Kwame Nkrumah University of Science and Technology",
                        "city": "Kumasi",
                        "city_id": 2298890,
                        "country": "Ghana",
                        "country_code": "GH",
                        "state": null,
                        "state_code": null
                    }
                ]
            },
            {
                "first_name": "Samuel",
                "last_name": "Oppong",
                "initials": "",
                "corresponding": "",
                "orcid": "",
                "current_organization_id": "",
                "researcher_id": "",
                "affiliations": [
                    {
                        "id": "grid.9829.a",
                        "name": "Kwame Nkrumah University of Science and Technology",
                        "city": "Kumasi",
                        "city_id": 2298890,
                        "country": "Ghana",
                        "country_code": "GH",
                        "state": null,
                        "state_code": null
                    }
                ]
            },
            {
                "first_name": "Yaw",
                "last_name": "Adu-Sarkodie",
                "initials": "",
                "corresponding": "",
                "orcid": "['0000-0003-2093-1534']",
                "current_organization_id": "grid.9829.a",
                "researcher_id": "ur.01133730367.23",
                "affiliations": [
                    {
                        "name": "Department of Clinical Microbiology, Kwame Nkrumah University of Science and Technology, PMB, UPO, Kumasi 00233, Ghana;, elduahphilip9@gmail.com, (P.E.-D.);, Yeboahrichmond82@yahoo.com, (R.Y.);, jlamptey80@gmail.com, (J.L.);, yasax@hotmail.co.uk, (Y.A.-S.)"
                    }
                ]
            },
            {
                "first_name": "Christian",
                "last_name": "Drosten",
                "initials": "",
                "corresponding": "",
                "orcid": "",
                "current_organization_id": "grid.6363.0",
                "researcher_id": "ur.010432516417.62",
                "affiliations": [
                    {
                        "id": "grid.15090.3d",
                        "name": "University Hospital Bonn",
                        "city": "Bonn",
                        "city_id": 2946447,
                        "country": "Germany",
                        "country_code": "DE",
                        "state": null,
                        "state_code": null
                    },
                    {
                        "name": "Institute of Virology, Charite, Universit\u00e4tsmedizin Berlin, 10117 Berlin, Germany"
                    }
                ]
            }
        ]
    ],
    "FOR": [
        {
            "id": "2634",
            "name": "0605 Microbiology"
        }
    ],
    "research_org_countries": [
        {
            "id": "DE",
            "name": "Germany"
        },
        {
            "id": "GH",
            "name": "Ghana"
        },
        {
            "id": "RU",
            "name": "Russia"
        }
    ],
    "title": "Development of a Whole-Virus ELISA for Serological Evaluation of Domestic Livestock as Possible Hosts of Human Coronavirus NL63",
    "research_org_cities": [
        {
            "id": 479561,
            "name": "Ufa"
        },
        {
            "id": 2298890,
            "name": "Kumasi"
        },
        {
            "id": 2950159,
            "name": "Berlin"
        },
        {
            "id": 2946447,
            "name": "Bonn"
        }
    ],
    "pages": "43",
    "issue": "1",
    "open_access": [
        "Open Access - all",
        "Open Access - publisher",
        "Open Access - published"
    ],
    "doi": "10.3390/v11010043",
    "times_cited": 1,
    "journal": {
        "id": "jour.1041668",
        "title": "Viruses"
    },
    "funders": [
        {
            "id": "grid.424150.6",
            "name": "German Research Foundation",
            "linkout": [
                "http://www.dfg.de/en/"
            ],
            "country_name": "Germany",
            "types": [
                "Facility"
            ],
            "latitude": 50.69934,
            "acronym": "DFG",
            "city_name": "Bonn",
            "longitude": 7.147797
        }
    ],
    "year": 2019,
    "research_orgs": [
        {
            "id": "grid.9829.a",
            "name": "Kwame Nkrumah University of Science and Technology",
            "linkout": [
                "http://www.knust.edu.gh/"
            ],
            "country_name": "Ghana",
            "types": [
                "Education"
            ],
            "latitude": 6.684908,
            "acronym": "KNUST",
            "state_name": "Ashanti",
            "city_name": "Kumasi",
            "longitude": -1.570519
        },
        {
            "id": "grid.15090.3d",
            "name": "University Hospital Bonn",
            "linkout": [
                "https://www.ukb.uni-bonn.de/"
            ],
            "country_name": "Germany",
            "types": [
                "Healthcare"
            ],
            "latitude": 50.701694,
            "state_name": "Nordrhein-Westfalen",
            "city_name": "Bonn",
            "longitude": 7.103111
        }
    ],
    "id": "pub.1111320087",
    "references": [
        "pub.1027845896",
        "pub.1024782211",
        "pub.1022617645",
        "pub.1017139675",
        "pub.1034993954",
        "pub.1003602517",
        "pub.1052516925",
        "pub.1008421089",
        "pub.1013013993",
        "pub.1051745210",
        "pub.1046893098",
        "pub.1012133382",
        "pub.1024454240",
        "pub.1017417560",
        "pub.1083249168",
        "pub.1032035202",
        "pub.1012177280",
        "pub.1034803318",
        "pub.1010516669",
        "pub.1010404284",
        "pub.1020327847",
        "pub.1010379706",
        "pub.1010586706",
        "pub.1042080281",
        "pub.1049394195",
        "pub.1017363382",
        "pub.1048354637",
        "pub.1003230664",
        "pub.1043875870",
        "pub.1042165299",
        "pub.1030401057",
        "pub.1010590851",
        "pub.1022379256",
        "pub.1044550494",
        "pub.1033671149",
        "pub.1007328502",
        "pub.1047087953",
        "pub.1026316984",
        "pub.1047660347",
        "pub.1045936942",
        "pub.1041827090",
        "pub.1022998551",
        "pub.1024132331",
        "pub.1035015481",
        "pub.1038488435",
        "pub.1025461012",
        "pub.1036873190",
        "pub.1002114570",
        "pub.1024564306",
        "pub.1007264947",
        "pub.1049896480",
        "pub.1049403178",
        "pub.1042512698",
        "pub.1050851286",
        "pub.1062712953",
        "pub.1014156491",
        "pub.1026954099",
        "pub.1033727638",
        "pub.1076889538"
    ],
    "research_org_country_names": [
        "Germany",
        "Ghana",
        "Russia"
    ],
    "date": "2019-01-09",
    "researchers": [
        {
            "id": "ur.0761532104.08",
            "research_orgs": [
                "grid.15090.3d",
                "grid.487281.0",
                "grid.9829.a"
            ],
            "last_name": "El-Duah",
            "first_name": "Philip",
            "orcid_id": [
                "0000-0003-1671-0755"
            ]
        },
        {
            "id": "ur.01007760024.60",
            "research_orgs": [
                "grid.6582.9",
                "grid.15090.3d",
                "grid.1004.5",
                "grid.438006.9",
                "grid.417775.7",
                "grid.411901.c",
                "grid.83440.3b",
                "grid.418095.1",
                "grid.10388.32",
                "grid.425948.6",
                "grid.5477.1",
                "grid.5645.2",
                "grid.13652.33",
                "grid.419788.b",
                "grid.435272.5",
                "grid.7776.1",
                "grid.5734.5",
                "grid.415727.2",
                "grid.419369.0",
                "grid.487281.0"
            ],
            "last_name": "Meyer",
            "first_name": "Benjamin"
        },
        {
            "id": "ur.01111364671.87",
            "research_orgs": [
                "grid.7450.6",
                "grid.9829.a",
                "grid.487281.0"
            ],
            "last_name": "Sylverken",
            "first_name": "Augustina Angelina",
            "orcid_id": [
                "0000-0002-7691-914X"
            ]
        },
        {
            "id": "ur.01353011344.31",
            "research_orgs": [
                "grid.6582.9",
                "grid.15090.3d",
                "grid.1004.5",
                "grid.438006.9",
                "grid.418095.1",
                "grid.425948.6",
                "grid.435272.5",
                "grid.415450.1",
                "grid.487281.0",
                "grid.9829.a"
            ],
            "last_name": "Owusu",
            "first_name": "Michael",
            "orcid_id": [
                "0000-0001-5066-150X"
            ]
        },
        {
            "id": "ur.015415453770.73",
            "research_orgs": [
                "grid.15090.3d",
                "grid.452463.2"
            ],
            "last_name": "Gottula",
            "first_name": "Lina Theresa"
        },
        {
            "id": "ur.014635656207.92",
            "research_orgs": [
                "grid.487281.0",
                "grid.9829.a"
            ],
            "last_name": "Yeboah",
            "first_name": "Richmond"
        },
        {
            "id": "ur.015433236607.94",
            "research_orgs": [
                "grid.487281.0",
                "grid.9829.a"
            ],
            "last_name": "Lamptey",
            "first_name": "Jones"
        },
        {
            "id": "ur.010703456144.49",
            "research_orgs": [
                "grid.487281.0",
                "grid.9829.a"
            ],
            "last_name": "Frimpong",
            "first_name": "Yaw Oppong",
            "orcid_id": [
                "0000-0001-8125-9820"
            ]
        },
        {
            "id": "ur.010366212627.35",
            "research_orgs": [
                "grid.487281.0",
                "grid.9829.a"
            ],
            "last_name": "Burimuah",
            "first_name": "Vitus"
        },
        {
            "id": "ur.014713175214.93",
            "research_orgs": [
                "grid.9829.a"
            ],
            "last_name": "Folitse",
            "first_name": "Raphael Deladem"
        },
        {
            "id": "ur.01023614402.14",
            "research_orgs": [
                "grid.6582.9",
                "grid.15090.3d",
                "grid.1004.5",
                "grid.438006.9",
                "grid.418095.1",
                "grid.425948.6",
                "grid.435272.5",
                "grid.12026.37",
                "grid.487281.0",
                "grid.9829.a"
            ],
            "last_name": "Agbenyega",
            "first_name": "Olivia"
        },
        {
            "id": "ur.01133730367.23",
            "research_orgs": [
                "grid.9829.a",
                "grid.8991.9",
                "grid.415450.1",
                "grid.30311.30",
                "grid.424065.1",
                "grid.6190.e",
                "grid.11505.30",
                "grid.245835.d",
                "grid.15090.3d",
                "grid.6582.9",
                "grid.418095.1",
                "grid.7708.8",
                "grid.487281.0"
            ],
            "last_name": "Adu-Sarkodie",
            "first_name": "Yaw",
            "orcid_id": [
                "0000-0003-2093-1534"
            ]
        },
        {
            "id": "ur.010432516417.62",
            "research_orgs": [
                "grid.439104.b",
                "grid.484013.a",
                "grid.418095.1",
                "grid.487281.0",
                "grid.448878.f",
                "grid.413016.1",
                "grid.5399.6",
                "grid.463270.4",
                "grid.11956.3a",
                "grid.424065.1",
                "grid.6738.a",
                "grid.16463.36",
                "grid.265219.b",
                "grid.6582.9",
                "grid.10388.32",
                "grid.9026.d",
                "grid.465334.3",
                "grid.5253.1",
                "grid.501919.5",
                "grid.15090.3d",
                "grid.168010.e",
                "grid.13648.38",
                "grid.14095.39",
                "grid.7708.8",
                "grid.452463.2",
                "grid.13652.33",
                "grid.419303.c",
                "grid.9829.a",
                "grid.418068.3",
                "grid.3575.4",
                "grid.6363.0",
                "grid.433743.4",
                "grid.5802.f"
            ],
            "last_name": "Drosten",
            "first_name": "Christian"
        }
    ],
    "type": "article",
    "volume": "11",
    "pmcid": "PMC6356407"
}