{
    "volume": "136",
    "date": "2016-01-01",
    "title": "MERS or mers?.",
    "pages": "1911",
    "open_access": [
        "Open Access - all",
        "Open Access - publisher",
        "Open Access - published"
    ],
    "doi": "10.4045/tidsskr.16.0931",
    "times_cited": 0,
    "pmid": "27929561",
    "id": "pub.1072174747",
    "issue": "22",
    "journal": {
        "id": "jour.1019138",
        "title": "Tidsskrift for Den norske legeforening"
    },
    "year": 2016,
    "references": [
        "pub.1043875870",
        "pub.1072173491",
        "pub.1072171215"
    ],
    "author_affiliations": [
        [
            {
                "first_name": "Erlend",
                "last_name": "Hem",
                "initials": "",
                "corresponding": "",
                "orcid": "",
                "current_organization_id": "",
                "researcher_id": "",
                "affiliations": []
            }
        ]
    ],
    "type": "article"
}