{
    "author_affiliations": [
        [
            {
                "first_name": "Wei-jie",
                "last_name": "Guan",
                "initials": "",
                "corresponding": "",
                "orcid": "",
                "current_organization_id": "",
                "researcher_id": "",
                "affiliations": [
                    {
                        "name": "Guangzhou Institute of Respiratory Health;"
                    }
                ]
            },
            {
                "first_name": "Wen-hua",
                "last_name": "Liang",
                "initials": "",
                "corresponding": "",
                "orcid": "",
                "current_organization_id": "",
                "researcher_id": "",
                "affiliations": [
                    {
                        "name": "Department of Thoracic Oncology and Surgery, China State Key Laboratory of Respiratory Disease & National Clinical Research Center for Respiratory Disease, the First Affiliated Hospital of Guangzhou Medical University;"
                    }
                ]
            },
            {
                "first_name": "Yi",
                "last_name": "Zhao",
                "initials": "",
                "corresponding": "",
                "orcid": "",
                "current_organization_id": "",
                "researcher_id": "",
                "affiliations": [
                    {
                        "name": "Department of Thoracic Oncology and Surgery, China State Key Laboratory of Respiratory Disease & National Clinical Research Center for Respiratory Disease, the First Affiliated Hospital of Guangzhou Medical University;"
                    }
                ]
            },
            {
                "first_name": "Heng-rui",
                "last_name": "Liang",
                "initials": "",
                "corresponding": "",
                "orcid": "",
                "current_organization_id": "",
                "researcher_id": "",
                "affiliations": [
                    {
                        "name": "Department of Thoracic Oncology and Surgery, China State Key Laboratory of Respiratory Disease & National Clinical Research Center for Respiratory Disease, the First Affiliated Hospital of Guangzhou Medical University;"
                    }
                ]
            },
            {
                "first_name": "Zi-sheng",
                "last_name": "Chen",
                "initials": "",
                "corresponding": "",
                "orcid": "",
                "current_organization_id": "",
                "researcher_id": "",
                "affiliations": [
                    {
                        "name": "Department of Thoracic Oncology and Surgery, China State Key Laboratory of Respiratory Disease & National Clinical Research Center for Respiratory Disease, the First Affiliated Hospital of Guangzhou Medical University; The sixth Affiliated Hospital of Gua;"
                    }
                ]
            },
            {
                "first_name": "Yi-min",
                "last_name": "Li",
                "initials": "",
                "corresponding": "",
                "orcid": "",
                "current_organization_id": "",
                "researcher_id": "",
                "affiliations": [
                    {
                        "name": "Department of Pulmonary and Critical Care Medicine, China State Key Laboratory of Respiratory Disease & National Clinical Research Center for Respiratory Disease, the First Affiliated Hospital of Guangzhou Medical University;"
                    }
                ]
            },
            {
                "first_name": "Xiao-qing",
                "last_name": "Liu",
                "initials": "",
                "corresponding": "",
                "orcid": "",
                "current_organization_id": "",
                "researcher_id": "",
                "affiliations": [
                    {
                        "name": "Department of Pulmonary and Critical Care Medicine, China State Key Laboratory of Respiratory Disease & National Clinical Research Center for Respiratory Disease, the First Affiliated Hospital of Guangzhou Medical University;"
                    }
                ]
            },
            {
                "first_name": "Ru-chong",
                "last_name": "Chen",
                "initials": "",
                "corresponding": "",
                "orcid": "",
                "current_organization_id": "",
                "researcher_id": "",
                "affiliations": [
                    {
                        "name": "State Key Laboratory of Respiratory Disease & National Clinical Research Center for Respiratory Disease, the First Affiliated Hospital of Guangzhou Medical University, Guangzhou Medical University;"
                    }
                ]
            },
            {
                "first_name": "Chun-li",
                "last_name": "Tang",
                "initials": "",
                "corresponding": "",
                "orcid": "",
                "current_organization_id": "",
                "researcher_id": "",
                "affiliations": [
                    {
                        "name": "State Key Laboratory of Respiratory Disease & National Clinical Research Center for Respiratory Disease, the First Affiliated Hospital of Guangzhou Medical University, Guangzhou Medical University;"
                    }
                ]
            },
            {
                "first_name": "Tao",
                "last_name": "Wang",
                "initials": "",
                "corresponding": "",
                "orcid": "",
                "current_organization_id": "",
                "researcher_id": "",
                "affiliations": [
                    {
                        "name": "State Key Laboratory of Respiratory Disease & National Clinical Research Center for Respiratory Disease, the First Affiliated Hospital of Guangzhou Medical University, Guangzhou Medical University;"
                    }
                ]
            },
            {
                "first_name": "Chun-quan",
                "last_name": "Ou",
                "initials": "",
                "corresponding": "",
                "orcid": "",
                "current_organization_id": "grid.284723.8",
                "researcher_id": "ur.01047604173.10",
                "affiliations": [
                    {
                        "id": "grid.284723.8",
                        "name": "Southern Medical University",
                        "city": "Guangzhou",
                        "city_id": 1809858,
                        "country": "China",
                        "country_code": "CN",
                        "state": null,
                        "state_code": null
                    }
                ]
            },
            {
                "first_name": "Li",
                "last_name": "Li",
                "initials": "",
                "corresponding": "",
                "orcid": "",
                "current_organization_id": "",
                "researcher_id": "",
                "affiliations": [
                    {
                        "id": "grid.284723.8",
                        "name": "Southern Medical University",
                        "city": "Guangzhou",
                        "city_id": 1809858,
                        "country": "China",
                        "country_code": "CN",
                        "state": null,
                        "state_code": null
                    }
                ]
            },
            {
                "first_name": "Ping-yan",
                "last_name": "Chen",
                "initials": "",
                "corresponding": "",
                "orcid": "",
                "current_organization_id": "grid.284723.8",
                "researcher_id": "ur.01166364762.93",
                "affiliations": [
                    {
                        "id": "grid.284723.8",
                        "name": "Southern Medical University",
                        "city": "Guangzhou",
                        "city_id": 1809858,
                        "country": "China",
                        "country_code": "CN",
                        "state": null,
                        "state_code": null
                    }
                ]
            },
            {
                "first_name": "Ling",
                "last_name": "Sang",
                "initials": "",
                "corresponding": "",
                "orcid": "",
                "current_organization_id": "",
                "researcher_id": "",
                "affiliations": [
                    {
                        "name": "Department of Pulmonary and Critical Care Medicine, China State Key Laboratory of Respiratory Disease & National Clinical Research Center for Respiratory Disease, the First Affiliated Hospital of Guangzhou Medical University;"
                    }
                ]
            },
            {
                "first_name": "Wei",
                "last_name": "Wang",
                "initials": "",
                "corresponding": "",
                "orcid": "",
                "current_organization_id": "",
                "researcher_id": "",
                "affiliations": [
                    {
                        "name": "Department of Thoracic Oncology and Surgery, China State Key Laboratory of Respiratory Disease & National Clinical Research Center for Respiratory Disease, the First Affiliated Hospital of Guangzhou Medical University;"
                    }
                ]
            },
            {
                "first_name": "Jian-fu",
                "last_name": "Li",
                "initials": "",
                "corresponding": "",
                "orcid": "",
                "current_organization_id": "",
                "researcher_id": "",
                "affiliations": [
                    {
                        "name": "Department of Thoracic Oncology and Surgery, China State Key Laboratory of Respiratory Disease & National Clinical Research Center for Respiratory Disease, the First Affiliated Hospital of Guangzhou Medical University;"
                    }
                ]
            },
            {
                "first_name": "Cai-chen",
                "last_name": "Li",
                "initials": "",
                "corresponding": "",
                "orcid": "",
                "current_organization_id": "",
                "researcher_id": "",
                "affiliations": [
                    {
                        "name": "Department of Thoracic Oncology and Surgery, China State Key Laboratory of Respiratory Disease & National Clinical Research Center for Respiratory Disease, the First Affiliated Hospital of Guangzhou Medical University;"
                    }
                ]
            },
            {
                "first_name": "Li-min",
                "last_name": "Ou",
                "initials": "",
                "corresponding": "",
                "orcid": "",
                "current_organization_id": "",
                "researcher_id": "",
                "affiliations": [
                    {
                        "name": "Department of Thoracic Oncology and Surgery, China State Key Laboratory of Respiratory Disease & National Clinical Research Center for Respiratory Disease, the First Affiliated Hospital of Guangzhou Medical University;"
                    }
                ]
            },
            {
                "first_name": "Bo",
                "last_name": "Cheng",
                "initials": "",
                "corresponding": "",
                "orcid": "",
                "current_organization_id": "",
                "researcher_id": "",
                "affiliations": [
                    {
                        "name": "Department of Thoracic Oncology and Surgery, China State Key Laboratory of Respiratory Disease & National Clinical Research Center for Respiratory Disease, the First Affiliated Hospital of Guangzhou Medical University;"
                    }
                ]
            },
            {
                "first_name": "Shan",
                "last_name": "Xiong",
                "initials": "",
                "corresponding": "",
                "orcid": "",
                "current_organization_id": "",
                "researcher_id": "",
                "affiliations": [
                    {
                        "name": "Department of Thoracic Oncology and Surgery, China State Key Laboratory of Respiratory Disease & National Clinical Research Center for Respiratory Disease, the First Affiliated Hospital of Guangzhou Medical University;"
                    }
                ]
            },
            {
                "first_name": "Zheng-yi",
                "last_name": "Ni",
                "initials": "",
                "corresponding": "",
                "orcid": "",
                "current_organization_id": "",
                "researcher_id": "",
                "affiliations": [
                    {
                        "name": "Wuhan Jin-yintan Hospital;"
                    }
                ]
            },
            {
                "first_name": "Yu",
                "last_name": "Hu",
                "initials": "",
                "corresponding": "",
                "orcid": "",
                "current_organization_id": "",
                "researcher_id": "",
                "affiliations": [
                    {
                        "name": "Institute of Hematology, Union Hospital, Tongji Medical College, Huazhong University of Science and Technology;"
                    }
                ]
            },
            {
                "first_name": "Jie",
                "last_name": "Xiang",
                "initials": "",
                "corresponding": "",
                "orcid": "",
                "current_organization_id": "",
                "researcher_id": "",
                "affiliations": [
                    {
                        "name": "Wuhan Jin-yin-tan Hospital;"
                    }
                ]
            },
            {
                "first_name": "Lei",
                "last_name": "Liu",
                "initials": "",
                "corresponding": "",
                "orcid": "",
                "current_organization_id": "",
                "researcher_id": "",
                "affiliations": [
                    {
                        "name": "Shenzhen Third People's Hospital; The Second Affiliated Hospital of Southern University of Science and Technology, National Clinical Research Center for Infectious Diseases;"
                    }
                ]
            },
            {
                "first_name": "Hong",
                "last_name": "Shan",
                "initials": "",
                "corresponding": "",
                "orcid": "",
                "current_organization_id": "",
                "researcher_id": "ur.07611331405.91",
                "affiliations": [
                    {
                        "name": "The fifth Affiliated Hospital of Sun Yat-sen University;"
                    }
                ]
            },
            {
                "first_name": "Chun-liang",
                "last_name": "Lei",
                "initials": "",
                "corresponding": "",
                "orcid": "",
                "current_organization_id": "",
                "researcher_id": "",
                "affiliations": [
                    {
                        "id": "grid.410737.6",
                        "name": "Guangzhou Medical University",
                        "city": "Guangzhou",
                        "city_id": 1809858,
                        "country": "China",
                        "country_code": "CN",
                        "state": null,
                        "state_code": null
                    }
                ]
            },
            {
                "first_name": "Yi-xiang",
                "last_name": "Peng",
                "initials": "",
                "corresponding": "",
                "orcid": "",
                "current_organization_id": "",
                "researcher_id": "ur.010571253605.13",
                "affiliations": [
                    {
                        "name": "The Central Hospital of Wuhan;"
                    }
                ]
            },
            {
                "first_name": "Li",
                "last_name": "Wei",
                "initials": "",
                "corresponding": "",
                "orcid": "",
                "current_organization_id": "",
                "researcher_id": "",
                "affiliations": [
                    {
                        "name": "Wuhan No.1 Hospital, Wuhan Hospital of Traditional Chinese and Western Medicine;"
                    }
                ]
            },
            {
                "first_name": "Yong",
                "last_name": "Liu",
                "initials": "",
                "corresponding": "",
                "orcid": "",
                "current_organization_id": "",
                "researcher_id": "",
                "affiliations": [
                    {
                        "name": "Chengdu Public Health Clinical Medical Center;"
                    }
                ]
            },
            {
                "first_name": "Ya-hua",
                "last_name": "Hu",
                "initials": "",
                "corresponding": "",
                "orcid": "",
                "current_organization_id": "",
                "researcher_id": "",
                "affiliations": [
                    {
                        "name": "Huangshi Central Hospital of Edong Healthcare Group, Affiliated Hospital of Hubei Polytechnic University;"
                    }
                ]
            },
            {
                "first_name": "Peng",
                "last_name": "Peng",
                "initials": "",
                "corresponding": "",
                "orcid": "",
                "current_organization_id": "",
                "researcher_id": "",
                "affiliations": [
                    {
                        "name": "Wuhan Pulmonary Hospital;"
                    }
                ]
            },
            {
                "first_name": "Jian-ming",
                "last_name": "Wang",
                "initials": "",
                "corresponding": "",
                "orcid": "",
                "current_organization_id": "",
                "researcher_id": "",
                "affiliations": [
                    {
                        "name": "Tianyou Hospital Affiliated to Wuhan University of Science and Technology;"
                    }
                ]
            },
            {
                "first_name": "Ji-yang",
                "last_name": "Liu",
                "initials": "",
                "corresponding": "",
                "orcid": "",
                "current_organization_id": "",
                "researcher_id": "",
                "affiliations": [
                    {
                        "name": "The First Hospital of Changsha;"
                    }
                ]
            },
            {
                "first_name": "Zhong",
                "last_name": "Chen",
                "initials": "",
                "corresponding": "",
                "orcid": "",
                "current_organization_id": "",
                "researcher_id": "",
                "affiliations": [
                    {
                        "name": "Third People's Hospital of Hainan Province;"
                    }
                ]
            },
            {
                "first_name": "Gang",
                "last_name": "Li",
                "initials": "",
                "corresponding": "",
                "orcid": "",
                "current_organization_id": "",
                "researcher_id": "",
                "affiliations": [
                    {
                        "name": "Huanggang Central Hospital;"
                    }
                ]
            },
            {
                "first_name": "Zhi-jian",
                "last_name": "Zheng",
                "initials": "",
                "corresponding": "",
                "orcid": "",
                "current_organization_id": "",
                "researcher_id": "ur.016613173005.30",
                "affiliations": [
                    {
                        "name": "Wenling First People's Hospital;"
                    }
                ]
            },
            {
                "first_name": "Shao-qin",
                "last_name": "Qiu",
                "initials": "",
                "corresponding": "",
                "orcid": "",
                "current_organization_id": "",
                "researcher_id": "",
                "affiliations": [
                    {
                        "name": "The Third People's Hospital of Yichang;"
                    }
                ]
            },
            {
                "first_name": "Jie",
                "last_name": "Luo",
                "initials": "",
                "corresponding": "",
                "orcid": "",
                "current_organization_id": "",
                "researcher_id": "",
                "affiliations": [
                    {
                        "name": "Affiliated Taihe Hospital of Hubei University of Medicine;"
                    }
                ]
            },
            {
                "first_name": "Chang-jiang",
                "last_name": "Ye",
                "initials": "",
                "corresponding": "",
                "orcid": "",
                "current_organization_id": "",
                "researcher_id": "",
                "affiliations": [
                    {
                        "name": "Xiantao First People's Hospital;"
                    }
                ]
            },
            {
                "first_name": "Shao-yong",
                "last_name": "Zhu",
                "initials": "",
                "corresponding": "",
                "orcid": "",
                "current_organization_id": "",
                "researcher_id": "ur.015266345205.63",
                "affiliations": [
                    {
                        "name": "The People's Hospital of Huangpi District"
                    }
                ]
            },
            {
                "first_name": "Lin-ling",
                "last_name": "Cheng",
                "initials": "",
                "corresponding": "",
                "orcid": "",
                "current_organization_id": "",
                "researcher_id": "",
                "affiliations": [
                    {
                        "name": "State Key Laboratory of Respiratory Disease & National Clinical Research Center for Respiratory Disease, the First Affiliated Hospital of Guangzhou Medical University, Guangzhou Medical University;"
                    }
                ]
            },
            {
                "first_name": "Feng",
                "last_name": "Ye",
                "initials": "",
                "corresponding": "",
                "orcid": "",
                "current_organization_id": "",
                "researcher_id": "",
                "affiliations": [
                    {
                        "name": "State Key Laboratory of Respiratory Disease & National Clinical Research Center for Respiratory Disease, the First Affiliated Hospital of Guangzhou Medical University, Guangzhou Medical University;"
                    }
                ]
            },
            {
                "first_name": "Shi-yue",
                "last_name": "Li",
                "initials": "",
                "corresponding": "",
                "orcid": "",
                "current_organization_id": "",
                "researcher_id": "",
                "affiliations": [
                    {
                        "name": "State Key Laboratory of Respiratory Disease & National Clinical Research Center for Respiratory Disease, the First Affiliated Hospital of Guangzhou Medical University, Guangzhou Medical University;"
                    }
                ]
            },
            {
                "first_name": "Jin-ping",
                "last_name": "Zheng",
                "initials": "",
                "corresponding": "",
                "orcid": "",
                "current_organization_id": "",
                "researcher_id": "",
                "affiliations": [
                    {
                        "name": "State Key Laboratory of Respiratory Disease & National Clinical Research Center for Respiratory Disease, the First Affiliated Hospital of Guangzhou Medical University, Guangzhou Medical University;"
                    }
                ]
            },
            {
                "first_name": "Nuo-fu",
                "last_name": "Zhang",
                "initials": "",
                "corresponding": "",
                "orcid": "",
                "current_organization_id": "",
                "researcher_id": "",
                "affiliations": [
                    {
                        "name": "State Key Laboratory of Respiratory Disease & National Clinical Research Center for Respiratory Disease, the First Affiliated Hospital of Guangzhou Medical University, Guangzhou Medical University;"
                    }
                ]
            },
            {
                "first_name": "Nan-shan",
                "last_name": "Zhong",
                "initials": "",
                "corresponding": "",
                "orcid": "",
                "current_organization_id": "",
                "researcher_id": "",
                "affiliations": [
                    {
                        "name": "State Key Laboratory of Respiratory Disease & National Clinical Research Center for Respiratory Disease, the First Affiliated Hospital of Guangzhou Medical University, Guangzhou Medical University;"
                    }
                ]
            },
            {
                "first_name": "Jian-xing",
                "last_name": "He",
                "initials": "",
                "corresponding": "",
                "orcid": "",
                "current_organization_id": "",
                "researcher_id": "",
                "affiliations": [
                    {
                        "name": "Department of Thoracic Oncology and Surgery, China State Key Laboratory of Respiratory Disease & National Clinical Research Center for Respiratory Disease, the First Affiliated Hospital of Guangzhou Medical University;"
                    }
                ]
            }
        ]
    ],
    "altmetric": 211.0,
    "FOR": [
        {
            "id": "3053",
            "name": "1103 Clinical Sciences"
        }
    ],
    "research_org_countries": [
        {
            "id": "SE",
            "name": "Sweden"
        },
        {
            "id": "DE",
            "name": "Germany"
        },
        {
            "id": "US",
            "name": "United States"
        },
        {
            "id": "CN",
            "name": "China"
        },
        {
            "id": "FR",
            "name": "France"
        },
        {
            "id": "AU",
            "name": "Australia"
        }
    ],
    "title": "Comorbidity and its impact on 1,590 patients with COVID-19 in China: A Nationwide Analysis",
    "research_org_cities": [
        {
            "id": 1809858,
            "name": "Guangzhou"
        },
        {
            "id": 1807234,
            "name": "Huangshi"
        },
        {
            "id": 1790437,
            "name": "Zhuhai"
        },
        {
            "id": 2934246,
            "name": "D\u00fcsseldorf"
        },
        {
            "id": 2064874,
            "name": "Nedlands"
        },
        {
            "id": 1796236,
            "name": "Shanghai"
        },
        {
            "id": 1795565,
            "name": "Shenzhen"
        },
        {
            "id": 1791247,
            "name": "Wuhan"
        },
        {
            "id": 4464368,
            "name": "Durham"
        },
        {
            "id": 2711537,
            "name": "G\u00f6teborg"
        },
        {
            "id": 2706767,
            "name": "Helsingborg"
        },
        {
            "id": 2990999,
            "name": "Nancy"
        },
        {
            "id": 1816670,
            "name": "Beijing"
        }
    ],
    "pages": "2020.02.25.20027664",
    "research_org_state_names": [
        "Western Australia",
        "North Carolina"
    ],
    "open_access": [
        "Open Access - all",
        "Open Access - publisher",
        "Open Access - published"
    ],
    "doi": "10.1101/2020.02.25.20027664",
    "times_cited": 0,
    "journal": {
        "id": "jour.1369542",
        "title": "medRxiv"
    },
    "research_orgs": [
        {
            "id": "grid.284723.8",
            "name": "Southern Medical University",
            "linkout": [
                "http://www.fimmu.com/english/"
            ],
            "country_name": "China",
            "types": [
                "Education"
            ],
            "latitude": 23.1862,
            "acronym": "SMU",
            "state_name": "Guangdong",
            "city_name": "Guangzhou",
            "longitude": 113.3337
        },
        {
            "id": "grid.410737.6",
            "name": "Guangzhou Medical University",
            "linkout": [
                "http://www.gzhmc.edu.cn/gyEnglish/index.html"
            ],
            "country_name": "China",
            "types": [
                "Education"
            ],
            "latitude": 23.136238,
            "acronym": "GMU",
            "state_name": "Guangdong",
            "city_name": "Guangzhou",
            "longitude": 113.25353
        }
    ],
    "year": 2020,
    "references": [
        "pub.1059381202",
        "pub.1121391397",
        "pub.1047815560",
        "pub.1058842297",
        "pub.1124802902",
        "pub.1124290823",
        "pub.1124295864",
        "pub.1124427336",
        "pub.1034821568"
    ],
    "id": "pub.1125127512",
    "research_org_country_names": [
        "Australia",
        "Sweden",
        "France",
        "United States",
        "Germany",
        "China"
    ],
    "date": "2020-02-27",
    "research_org_state_codes": [
        {
            "id": "AU-WA",
            "name": "Western Australia"
        }
    ],
    "researchers": [
        {
            "id": "ur.01047604173.10",
            "research_orgs": [
                "grid.194645.b",
                "grid.284723.8"
            ],
            "last_name": "Ou",
            "first_name": "Chun-Quan"
        },
        {
            "id": "ur.01166364762.93",
            "research_orgs": [
                "grid.284723.8"
            ],
            "last_name": "Chen",
            "first_name": "Ping-Yan"
        },
        {
            "id": "ur.07611331405.91",
            "last_name": "Shan",
            "first_name": "Hong"
        },
        {
            "id": "ur.010571253605.13",
            "last_name": "Peng",
            "first_name": "Yi-Xiang"
        },
        {
            "id": "ur.016613173005.30",
            "last_name": "Zheng",
            "first_name": "Zhi-Jian"
        },
        {
            "id": "ur.015266345205.63",
            "last_name": "Zhu",
            "first_name": "Shao-Yong"
        }
    ],
    "type": "article"
}