{
    "pmid": "27095615",
    "author_affiliations": [
        [
            {
                "first_name": "Susanna K.P.",
                "last_name": "Lau",
                "initials": "",
                "corresponding": true,
                "orcid": "['0000-0002-1383-7374']",
                "current_organization_id": "grid.194645.b",
                "researcher_id": "ur.010660153412.50",
                "affiliations": [
                    {
                        "id": "grid.194645.b",
                        "name": "University of Hong Kong",
                        "city": "Hong Kong",
                        "city_id": 1819729,
                        "country": "China",
                        "country_code": "CN",
                        "state": null,
                        "state_code": null
                    },
                    {
                        "id": "grid.194645.b",
                        "name": "University of Hong Kong",
                        "city": "Hong Kong",
                        "city_id": 1819729,
                        "country": "China",
                        "country_code": "CN",
                        "state": null,
                        "state_code": null
                    },
                    {
                        "id": "grid.194645.b",
                        "name": "University of Hong Kong",
                        "city": "Hong Kong",
                        "city_id": 1819729,
                        "country": "China",
                        "country_code": "CN",
                        "state": null,
                        "state_code": null
                    },
                    {
                        "id": "grid.194645.b",
                        "name": "University of Hong Kong",
                        "city": "Hong Kong",
                        "city_id": 1819729,
                        "country": "China",
                        "country_code": "CN",
                        "state": null,
                        "state_code": null
                    },
                    {
                        "id": "grid.13402.34",
                        "name": "Zhejiang University",
                        "city": "Hangzhou",
                        "city_id": 1808926,
                        "country": "China",
                        "country_code": "CN",
                        "state": null,
                        "state_code": null
                    }
                ]
            },
            {
                "first_name": "Patrick C.Y.",
                "last_name": "Woo",
                "initials": "",
                "corresponding": true,
                "orcid": "['0000-0001-9401-1832']",
                "current_organization_id": "grid.194645.b",
                "researcher_id": "ur.013404644337.48",
                "affiliations": [
                    {
                        "id": "grid.194645.b",
                        "name": "University of Hong Kong",
                        "city": "Hong Kong",
                        "city_id": 1819729,
                        "country": "China",
                        "country_code": "CN",
                        "state": null,
                        "state_code": null
                    },
                    {
                        "id": "grid.194645.b",
                        "name": "University of Hong Kong",
                        "city": "Hong Kong",
                        "city_id": 1819729,
                        "country": "China",
                        "country_code": "CN",
                        "state": null,
                        "state_code": null
                    },
                    {
                        "id": "grid.194645.b",
                        "name": "University of Hong Kong",
                        "city": "Hong Kong",
                        "city_id": 1819729,
                        "country": "China",
                        "country_code": "CN",
                        "state": null,
                        "state_code": null
                    },
                    {
                        "id": "grid.194645.b",
                        "name": "University of Hong Kong",
                        "city": "Hong Kong",
                        "city_id": 1819729,
                        "country": "China",
                        "country_code": "CN",
                        "state": null,
                        "state_code": null
                    },
                    {
                        "id": "grid.13402.34",
                        "name": "Zhejiang University",
                        "city": "Hangzhou",
                        "city_id": 1808926,
                        "country": "China",
                        "country_code": "CN",
                        "state": null,
                        "state_code": null
                    }
                ]
            }
        ]
    ],
    "altmetric": 3.0,
    "FOR": [
        {
            "id": "3114",
            "name": "1108 Medical Microbiology"
        }
    ],
    "research_org_countries": [
        {
            "id": "CN",
            "name": "China"
        }
    ],
    "title": "Engineering Coronaviruses to Evaluate Emergence and Pathogenic Potential",
    "research_org_cities": [
        {
            "id": 1819729,
            "name": "Hong Kong"
        },
        {
            "id": 1808926,
            "name": "Hangzhou"
        }
    ],
    "pages": "427-429",
    "issue": "6",
    "open_access": [
        "Open Access - all",
        "Open Access - publisher",
        "Open Access - published"
    ],
    "doi": "10.1016/j.tim.2016.04.001",
    "times_cited": 0,
    "journal": {
        "id": "jour.1104167",
        "title": "Trends in Microbiology"
    },
    "year": 2016,
    "research_orgs": [
        {
            "id": "grid.194645.b",
            "name": "University of Hong Kong",
            "linkout": [
                "http://www.hku.hk/"
            ],
            "country_name": "China",
            "types": [
                "Education"
            ],
            "latitude": 22.283287,
            "acronym": "HKU",
            "state_name": "Hong Kong",
            "city_name": "Hong Kong",
            "longitude": 114.13708
        },
        {
            "id": "grid.13402.34",
            "name": "Zhejiang University",
            "linkout": [
                "http://www.zju.edu.cn/english/"
            ],
            "country_name": "China",
            "types": [
                "Education"
            ],
            "latitude": 30.263878,
            "acronym": "ZJU",
            "state_name": "Zhejiang",
            "city_name": "Hangzhou",
            "longitude": 120.12342
        }
    ],
    "id": "pub.1011378119",
    "references": [
        "pub.1020749641",
        "pub.1034803318",
        "pub.1044550494",
        "pub.1030401057",
        "pub.1024782211",
        "pub.1029823706",
        "pub.1013006557",
        "pub.1062452643",
        "pub.1026613775",
        "pub.1004896415"
    ],
    "research_org_country_names": [
        "China"
    ],
    "date": "2016-06-01",
    "researchers": [
        {
            "id": "ur.010660153412.50",
            "research_orgs": [
                "grid.417775.7",
                "grid.428926.3",
                "grid.417134.4",
                "grid.415550.0",
                "grid.417336.4",
                "grid.13402.34",
                "grid.416792.f",
                "grid.412027.2",
                "grid.216938.7",
                "grid.194645.b"
            ],
            "last_name": "Lau",
            "first_name": "Susanna Kar-Pui",
            "orcid_id": [
                "0000-0002-1383-7374"
            ]
        },
        {
            "id": "ur.013404644337.48",
            "research_orgs": [
                "grid.194645.b",
                "grid.417775.7",
                "grid.428926.3",
                "grid.417134.4",
                "grid.415550.0",
                "grid.417336.4",
                "grid.38587.31",
                "grid.13402.34",
                "grid.416792.f",
                "grid.198530.6",
                "grid.412027.2",
                "grid.216938.7",
                "grid.440671.0"
            ],
            "last_name": "Woo",
            "first_name": "Patrick C Y",
            "orcid_id": [
                "0000-0001-9401-1832"
            ]
        }
    ],
    "type": "article",
    "volume": "24"
}