{
    "author_affiliations": [
        [
            {
                "first_name": "Jean-Marie",
                "last_name": "Manus",
                "initials": "",
                "corresponding": "",
                "orcid": "",
                "current_organization_id": "",
                "researcher_id": "",
                "affiliations": []
            }
        ]
    ],
    "title": "Un nouveau coronavirus en Chine : il cible le porc",
    "pages": "5",
    "issue": "504",
    "doi": "10.1016/s1773-035x(18)30185-0",
    "times_cited": 0,
    "journal": {
        "id": "jour.1295823",
        "title": "Revue Francophone des Laboratoires"
    },
    "year": 2018,
    "id": "pub.1105702468",
    "references": [
        "pub.1101862109"
    ],
    "date": "2018-07-01",
    "type": "article",
    "volume": "2018"
}