{
    "research_orgs": [
        {
            "id": "grid.24696.3f",
            "linkout": [
                "http://www.ccmu.edu.cn/"
            ],
            "city_name": "Beijing",
            "longitude": 116.35284,
            "acronym": "CUMS",
            "latitude": 39.865433,
            "name": "Capital Medical University",
            "types": [
                "Education"
            ],
            "country_name": "China"
        }
    ],
    "research_org_country_names": [
        "China"
    ],
    "title": "Higher severity and mortality in male patients with COVID-19 independent of age and susceptibility",
    "type": "article",
    "year": 2020,
    "journal": {
        "id": "jour.1369542",
        "title": "medRxiv"
    },
    "researchers": [
        {
            "id": "ur.01227472750.76",
            "research_orgs": [
                "grid.24696.3f",
                "grid.414373.6"
            ],
            "first_name": "Jin-Kui",
            "last_name": "Yang",
            "orcid_id": [
                "0000-0002-5430-2149"
            ]
        }
    ],
    "FOR": [
        {
            "id": "3053",
            "name": "1103 Clinical Sciences"
        }
    ],
    "research_org_countries": [
        {
            "id": "CN",
            "name": "China"
        }
    ],
    "date": "2020-02-25",
    "altmetric": 8.0,
    "pages": "2020.02.23.20026864",
    "id": "pub.1125112827",
    "research_org_cities": [
        {
            "id": 1816670,
            "name": "Beijing"
        },
        {
            "id": 1791247,
            "name": "Wuhan"
        }
    ],
    "open_access": [
        "Open Access - all",
        "Open Access - publisher",
        "Open Access - published"
    ],
    "author_affiliations": [
        [
            {
                "first_name": "Jian-Min",
                "last_name": "Jin",
                "initials": "",
                "corresponding": "",
                "orcid": "",
                "current_organization_id": "",
                "researcher_id": "",
                "affiliations": [
                    {
                        "id": "grid.24696.3f",
                        "name": "Capital Medical University",
                        "city": "Beijing",
                        "city_id": 1816670,
                        "country": "China",
                        "country_code": "CN",
                        "state": null,
                        "state_code": null
                    }
                ]
            },
            {
                "first_name": "Peng",
                "last_name": "Bai",
                "initials": "",
                "corresponding": "",
                "orcid": "",
                "current_organization_id": "",
                "researcher_id": "",
                "affiliations": [
                    {
                        "id": "grid.24696.3f",
                        "name": "Capital Medical University",
                        "city": "Beijing",
                        "city_id": 1816670,
                        "country": "China",
                        "country_code": "CN",
                        "state": null,
                        "state_code": null
                    }
                ]
            },
            {
                "first_name": "Wei",
                "last_name": "He",
                "initials": "",
                "corresponding": "",
                "orcid": "",
                "current_organization_id": "",
                "researcher_id": "",
                "affiliations": [
                    {
                        "id": "grid.24696.3f",
                        "name": "Capital Medical University",
                        "city": "Beijing",
                        "city_id": 1816670,
                        "country": "China",
                        "country_code": "CN",
                        "state": null,
                        "state_code": null
                    }
                ]
            },
            {
                "first_name": "Shi",
                "last_name": "Liu",
                "initials": "",
                "corresponding": "",
                "orcid": "",
                "current_organization_id": "",
                "researcher_id": "",
                "affiliations": [
                    {
                        "name": "Union Hospital, Tongji Medical College, Huazhong University of Science and Technology"
                    }
                ]
            },
            {
                "first_name": "Fei",
                "last_name": "Wu",
                "initials": "",
                "corresponding": "",
                "orcid": "",
                "current_organization_id": "",
                "researcher_id": "",
                "affiliations": [
                    {
                        "name": "Union Hospital, Tongji Medical College, Huazhong University of Science and Technology"
                    }
                ]
            },
            {
                "first_name": "Xiao-Fang",
                "last_name": "Liu",
                "initials": "",
                "corresponding": "",
                "orcid": "",
                "current_organization_id": "",
                "researcher_id": "",
                "affiliations": [
                    {
                        "id": "grid.24696.3f",
                        "name": "Capital Medical University",
                        "city": "Beijing",
                        "city_id": 1816670,
                        "country": "China",
                        "country_code": "CN",
                        "state": null,
                        "state_code": null
                    }
                ]
            },
            {
                "first_name": "De-Min",
                "last_name": "Han",
                "initials": "",
                "corresponding": "",
                "orcid": "",
                "current_organization_id": "",
                "researcher_id": "",
                "affiliations": [
                    {
                        "id": "grid.24696.3f",
                        "name": "Capital Medical University",
                        "city": "Beijing",
                        "city_id": 1816670,
                        "country": "China",
                        "country_code": "CN",
                        "state": null,
                        "state_code": null
                    }
                ]
            },
            {
                "first_name": "Jin-Kui",
                "last_name": "Yang",
                "initials": "",
                "corresponding": "",
                "orcid": "['0000-0002-5430-2149']",
                "current_organization_id": "grid.24696.3f",
                "researcher_id": "ur.01227472750.76",
                "affiliations": [
                    {
                        "id": "grid.24696.3f",
                        "name": "Capital Medical University",
                        "city": "Beijing",
                        "city_id": 1816670,
                        "country": "China",
                        "country_code": "CN",
                        "state": null,
                        "state_code": null
                    }
                ]
            }
        ]
    ],
    "doi": "10.1101/2020.02.23.20026864",
    "times_cited": 0,
    "references": [
        "pub.1033671149",
        "pub.1014803105",
        "pub.1124289146",
        "pub.1124654147",
        "pub.1049311317",
        "pub.1125017439",
        "pub.1036667957"
    ]
}