{
    "volume": "186",
    "date": "2016-01-01",
    "title": "Dipeptidyl Peptidase 4 Distribution in the Human Respiratory Tract Implications for the Middle East Respiratory Syndrome",
    "researchers": [
        {
            "id": "ur.0627750634.99",
            "last_name": "Meyerholz",
            "first_name": "David K",
            "orcid_id": [
                "0000-0003-1552-3253"
            ],
            "research_orgs": [
                "grid.412584.e",
                "grid.417768.b",
                "grid.34421.30",
                "grid.214572.7"
            ]
        },
        {
            "id": "ur.0671724061.00",
            "last_name": "Lambertz",
            "first_name": "Allyn M",
            "orcid_id": [
                "0000-0003-1225-4342"
            ],
            "research_orgs": [
                "grid.214572.7"
            ]
        },
        {
            "id": "ur.013226330777.81",
            "last_name": "Mccray",
            "first_name": "Paul B Jr",
            "orcid_id": [
                "0000-0002-4067-577X"
            ],
            "research_orgs": [
                "grid.484403.f",
                "grid.66875.3a",
                "grid.7452.4",
                "grid.414016.6",
                "grid.412584.e",
                "grid.214572.7",
                "grid.47840.3f",
                "grid.417768.b",
                "grid.239573.9"
            ]
        }
    ],
    "pmcid": "PMC4715219",
    "research_org_state_codes": [
        {
            "id": "US-IA",
            "name": "Iowa"
        }
    ],
    "altmetric": 13.0,
    "pages": "78-86",
    "research_org_cities": [
        {
            "id": 4862034,
            "name": "Iowa City"
        }
    ],
    "open_access": [
        "Open Access - all",
        "Open Access - publisher",
        "Open Access - published"
    ],
    "research_org_countries": [
        {
            "id": "US",
            "name": "United States"
        }
    ],
    "doi": "10.1016/j.ajpath.2015.09.014",
    "FOR": [
        {
            "id": "3048",
            "name": "1102 Cardiorespiratory Medicine and Haematology"
        }
    ],
    "times_cited": 38,
    "research_orgs": [
        {
            "id": "grid.214572.7",
            "acronym": "UI",
            "state_name": "Iowa",
            "types": [
                "Education"
            ],
            "longitude": -91.554924,
            "linkout": [
                "http://www.uiowa.edu/"
            ],
            "latitude": 41.662952,
            "name": "University of Iowa",
            "city_name": "Iowa City",
            "country_name": "United States"
        }
    ],
    "pmid": "26597880",
    "funders": [
        {
            "id": "grid.280664.e",
            "acronym": "NIEHS",
            "state_name": "North Carolina",
            "types": [
                "Facility"
            ],
            "longitude": -78.88177,
            "linkout": [
                "http://www.niehs.nih.gov/"
            ],
            "latitude": 35.88383,
            "name": "National Institute of Environmental Health Sciences",
            "city_name": "Durham",
            "country_name": "United States"
        },
        {
            "id": "grid.419635.c",
            "acronym": "NIDDK",
            "state_name": "Maryland",
            "types": [
                "Facility"
            ],
            "longitude": -77.10107,
            "linkout": [
                "http://www.niddk.nih.gov/"
            ],
            "latitude": 39.003628,
            "name": "National Institute of Diabetes and Digestive and Kidney Diseases",
            "city_name": "Bethesda",
            "country_name": "United States"
        },
        {
            "id": "grid.279885.9",
            "acronym": "NHLBI",
            "state_name": "Maryland",
            "types": [
                "Facility"
            ],
            "longitude": -77.100945,
            "linkout": [
                "http://www.nhlbi.nih.gov/"
            ],
            "latitude": 39.00428,
            "name": "National Heart Lung and Blood Institute",
            "city_name": "Bethesda",
            "country_name": "United States"
        },
        {
            "id": "grid.419681.3",
            "acronym": "NIAID",
            "state_name": "Maryland",
            "types": [
                "Facility"
            ],
            "longitude": -77.11183,
            "linkout": [
                "http://www.niaid.nih.gov/Pages/default.aspx"
            ],
            "latitude": 39.066647,
            "name": "National Institute of Allergy and Infectious Diseases",
            "city_name": "Bethesda",
            "country_name": "United States"
        }
    ],
    "research_org_country_names": [
        "United States"
    ],
    "id": "pub.1028770903",
    "issue": "1",
    "journal": {
        "id": "jour.1017016",
        "title": "American Journal Of Pathology"
    },
    "year": 2016,
    "references": [
        "pub.1025969922",
        "pub.1025288751",
        "pub.1049714006",
        "pub.1064094865",
        "pub.1004176226",
        "pub.1038998437",
        "pub.1018447248",
        "pub.1052367852",
        "pub.1000901008",
        "pub.1015127616",
        "pub.1050516195",
        "pub.1003216914",
        "pub.1053056134",
        "pub.1000087402",
        "pub.1077465797",
        "pub.1016003445",
        "pub.1020803031",
        "pub.1006492722",
        "pub.1049432735",
        "pub.1045602738",
        "pub.1037186411",
        "pub.1023473315",
        "pub.1053494442",
        "pub.1002575644",
        "pub.1016527525",
        "pub.1073742188",
        "pub.1051316131",
        "pub.1035639368",
        "pub.1040406493",
        "pub.1069303835",
        "pub.1026551295",
        "pub.1023276465",
        "pub.1045784067",
        "pub.1042309214",
        "pub.1044500313",
        "pub.1004779339",
        "pub.1053990447",
        "pub.1000130902",
        "pub.1009263263",
        "pub.1006009579",
        "pub.1040017124",
        "pub.1025710658",
        "pub.1043875870",
        "pub.1022186046",
        "pub.1009823620",
        "pub.1037049078",
        "pub.1025461012",
        "pub.1043626683",
        "pub.1020572040",
        "pub.1025042841",
        "pub.1053452159",
        "pub.1033578165",
        "pub.1040737339",
        "pub.1021923006"
    ],
    "relative_citation_ratio": 3.03,
    "research_org_state_names": [
        "Iowa"
    ],
    "author_affiliations": [
        [
            {
                "first_name": "David K.",
                "last_name": "Meyerholz",
                "initials": "",
                "corresponding": "",
                "orcid": "['0000-0003-1552-3253']",
                "current_organization_id": "grid.214572.7",
                "researcher_id": "ur.0627750634.99",
                "affiliations": [
                    {
                        "id": "grid.214572.7",
                        "name": "University of Iowa",
                        "city": "Iowa City",
                        "city_id": 4862034,
                        "country": "United States",
                        "country_code": "US",
                        "state": "Iowa",
                        "state_code": "US-IA"
                    }
                ]
            },
            {
                "first_name": "Allyn M.",
                "last_name": "Lambertz",
                "initials": "",
                "corresponding": "",
                "orcid": "['0000-0003-1225-4342']",
                "current_organization_id": "grid.214572.7",
                "researcher_id": "ur.0671724061.00",
                "affiliations": [
                    {
                        "id": "grid.214572.7",
                        "name": "University of Iowa",
                        "city": "Iowa City",
                        "city_id": 4862034,
                        "country": "United States",
                        "country_code": "US",
                        "state": "Iowa",
                        "state_code": "US-IA"
                    }
                ]
            },
            {
                "first_name": "Paul B.",
                "last_name": "McCray",
                "initials": "",
                "corresponding": true,
                "orcid": "['0000-0002-4067-577X']",
                "current_organization_id": "grid.214572.7",
                "researcher_id": "ur.013226330777.81",
                "affiliations": [
                    {
                        "id": "grid.214572.7",
                        "name": "University of Iowa",
                        "city": "Iowa City",
                        "city_id": 4862034,
                        "country": "United States",
                        "country_code": "US",
                        "state": "Iowa",
                        "state_code": "US-IA"
                    }
                ]
            }
        ]
    ],
    "type": "article"
}