{
    "volume": "37",
    "date": "2015-08-01",
    "title": "Middle East Respiratory Syndrome - need for increased vigilance and watchful surveillance for MERS-CoV in sub-Saharan Africa",
    "researchers": [
        {
            "id": "ur.015602420617.36",
            "last_name": "Zumla",
            "first_name": "Alimuddin I",
            "orcid_id": [
                "0000-0002-5111-5735"
            ],
            "research_orgs": [
                "grid.7836.a",
                "grid.415989.8",
                "grid.4367.6",
                "grid.11956.3a",
                "grid.413629.b",
                "grid.7445.2",
                "grid.439749.4",
                "grid.412125.1",
                "grid.417816.d",
                "grid.40263.33",
                "grid.12984.36",
                "grid.451056.3",
                "grid.439632.9",
                "grid.415696.9",
                "grid.414601.6",
                "grid.267308.8",
                "grid.83440.3b",
                "grid.52996.31",
                "grid.8991.9",
                "grid.451052.7",
                "grid.10025.36",
                "grid.8536.8",
                "grid.426108.9",
                "grid.3575.4",
                "grid.271308.f",
                "grid.79746.3b",
                "grid.485385.7"
            ]
        },
        {
            "id": "ur.01120707043.90",
            "last_name": "Rustomjee",
            "first_name": "Roxana",
            "research_orgs": [
                "grid.48336.3a",
                "grid.473067.1",
                "grid.429651.d",
                "grid.94365.3d",
                "grid.415021.3"
            ]
        },
        {
            "id": "ur.01033774037.09",
            "last_name": "Ntoumi",
            "first_name": "Francine",
            "research_orgs": [
                "grid.419910.4",
                "grid.413569.c",
                "grid.10392.39",
                "grid.442828.0",
                "grid.418115.8",
                "grid.424065.1",
                "grid.452468.9",
                "grid.428999.7",
                "grid.275559.9",
                "grid.411544.1",
                "grid.432645.2"
            ]
        },
        {
            "id": "ur.0762421653.28",
            "last_name": "Mwaba",
            "first_name": "Peter B",
            "research_orgs": [
                "grid.415052.7",
                "grid.415794.a",
                "grid.12984.36",
                "grid.79746.3b",
                "grid.52996.31",
                "grid.418015.9"
            ]
        },
        {
            "id": "ur.0732261756.80",
            "last_name": "Bates",
            "first_name": "Matthew A",
            "orcid_id": [
                "0000-0003-0464-1529"
            ],
            "research_orgs": [
                "grid.79746.3b",
                "grid.8991.9",
                "grid.36511.30",
                "grid.83440.3b",
                "grid.12984.36",
                "grid.9909.9"
            ]
        },
        {
            "id": "ur.01040743404.86",
            "last_name": "Maeurer",
            "first_name": "Markus Josef",
            "orcid_id": [
                "0000-0002-8436-8077"
            ],
            "research_orgs": [
                "grid.260917.b",
                "grid.451940.d",
                "grid.24381.3c",
                "grid.51462.34",
                "grid.421010.6",
                "grid.468184.7",
                "grid.419734.c",
                "grid.21925.3d",
                "grid.410607.4",
                "grid.79746.3b",
                "grid.478063.e",
                "grid.5802.f",
                "grid.488905.8",
                "grid.412689.0",
                "grid.417893.0",
                "grid.4714.6"
            ]
        },
        {
            "id": "ur.013122354662.36",
            "last_name": "Hui",
            "first_name": "David S C",
            "orcid_id": [
                "0000-0003-4382-2445"
            ],
            "research_orgs": [
                "grid.10223.32",
                "grid.194645.b",
                "grid.415229.9",
                "grid.4991.5",
                "grid.4280.e",
                "grid.27755.32",
                "grid.10784.3a",
                "grid.1005.4",
                "grid.415197.f"
            ]
        },
        {
            "id": "ur.01312201740.81",
            "last_name": "Petersen",
            "first_name": "Eskild A",
            "research_orgs": [
                "grid.416738.f",
                "grid.10548.38",
                "grid.411384.b",
                "grid.7048.b",
                "grid.419734.c",
                "grid.415788.7",
                "grid.416132.3",
                "grid.7400.3",
                "grid.134563.6",
                "grid.5734.5",
                "grid.411898.d",
                "grid.6203.7",
                "grid.94365.3d",
                "grid.417252.7",
                "grid.4714.6",
                "grid.489007.2",
                "grid.55325.34",
                "grid.453512.4",
                "grid.415696.9",
                "grid.415703.4",
                "grid.13652.33",
                "grid.154185.c",
                "grid.24381.3c",
                "grid.271308.f",
                "grid.475435.4",
                "grid.5254.6"
            ]
        }
    ],
    "altmetric": 10.0,
    "pages": "77-79",
    "research_org_cities": [
        {
            "id": 2673730,
            "name": "Stockholm"
        },
        {
            "id": 3369157,
            "name": "Cape Town"
        },
        {
            "id": 1818920,
            "name": "Sha Tin"
        },
        {
            "id": 2624652,
            "name": "\u00c5rhus"
        },
        {
            "id": 909137,
            "name": "Lusaka"
        },
        {
            "id": 2260535,
            "name": "Brazzaville"
        },
        {
            "id": 2643743,
            "name": "London"
        }
    ],
    "open_access": [
        "Open Access - all",
        "Open Access - publisher",
        "Open Access - published"
    ],
    "research_org_countries": [
        {
            "id": "ZM",
            "name": "Zambia"
        },
        {
            "id": "ZA",
            "name": "South Africa"
        },
        {
            "id": "CG",
            "name": "Republic of the Congo"
        },
        {
            "id": "GB",
            "name": "United Kingdom"
        },
        {
            "id": "DK",
            "name": "Denmark"
        },
        {
            "id": "CN",
            "name": "China"
        },
        {
            "id": "SE",
            "name": "Sweden"
        }
    ],
    "doi": "10.1016/j.ijid.2015.06.020",
    "times_cited": 10,
    "research_orgs": [
        {
            "id": "grid.83440.3b",
            "acronym": "UCL",
            "types": [
                "Education"
            ],
            "longitude": -0.1339817,
            "linkout": [
                "http://www.ucl.ac.uk/"
            ],
            "latitude": 51.52447,
            "name": "University College London",
            "city_name": "London",
            "country_name": "United Kingdom"
        },
        {
            "id": "grid.154185.c",
            "types": [
                "Healthcare"
            ],
            "longitude": 10.206476,
            "linkout": [
                "http://www.en.auh.dk/"
            ],
            "latitude": 56.170315,
            "name": "Aarhus University Hospital",
            "city_name": "Aarhus",
            "country_name": "Denmark"
        },
        {
            "id": "grid.452468.9",
            "acronym": "FCRM",
            "types": [
                "Facility"
            ],
            "longitude": 15.257435,
            "linkout": [
                "http://www.fcrm-congo.com/"
            ],
            "latitude": -4.214668,
            "name": "Fondation Congolaise Pour La Recherche M\u00e9dicale",
            "city_name": "Brazzaville",
            "country_name": "Republic of the Congo"
        },
        {
            "id": "grid.415021.3",
            "acronym": "SAMRC",
            "types": [
                "Other"
            ],
            "longitude": 18.604435,
            "linkout": [
                "http://www.mrc.ac.za/"
            ],
            "latitude": -33.916286,
            "name": "South African Medical Research Council",
            "city_name": "Cape Town",
            "country_name": "South Africa"
        },
        {
            "id": "grid.79746.3b",
            "acronym": "UTH",
            "types": [
                "Healthcare"
            ],
            "longitude": 28.313643,
            "linkout": [
                "http://www.uth.gov.zm/"
            ],
            "latitude": -15.432102,
            "name": "University Teaching Hospital",
            "city_name": "Lusaka",
            "country_name": "Zambia"
        },
        {
            "id": "grid.4714.6",
            "acronym": "KI",
            "types": [
                "Education"
            ],
            "longitude": 18.022285,
            "linkout": [
                "http://ki.se/en/startpage"
            ],
            "latitude": 59.34802,
            "name": "Karolinska Institute",
            "city_name": "Stockholm",
            "country_name": "Sweden"
        }
    ],
    "pmid": "26141416",
    "research_org_country_names": [
        "United Kingdom",
        "South Africa",
        "Denmark",
        "Zambia",
        "Sweden",
        "China",
        "Republic of the Congo"
    ],
    "id": "pub.1039355864",
    "journal": {
        "id": "jour.1115751",
        "title": "International Journal of Infectious Diseases"
    },
    "year": 2015,
    "references": [
        "pub.1003088672",
        "pub.1014810433",
        "pub.1014370409",
        "pub.1010107426",
        "pub.1044668776",
        "pub.1009473958",
        "pub.1012627726",
        "pub.1045784067",
        "pub.1041458087",
        "pub.1023149881",
        "pub.1026954099",
        "pub.1037705344",
        "pub.1001141497",
        "pub.1031663641",
        "pub.1043875870",
        "pub.1037652613",
        "pub.1020865818",
        "pub.1005865883",
        "pub.1049328282",
        "pub.1016096358",
        "pub.1007608906",
        "pub.1052809779",
        "pub.1015127616",
        "pub.1028742426",
        "pub.1015907586",
        "pub.1045780839",
        "pub.1046832346",
        "pub.1006512237",
        "pub.1026380620"
    ],
    "relative_citation_ratio": 0.47,
    "author_affiliations": [
        [
            {
                "first_name": "Alimuddin",
                "last_name": "Zumla",
                "initials": "",
                "corresponding": "",
                "orcid": "['0000-0002-5111-5735']",
                "current_organization_id": "grid.83440.3b",
                "researcher_id": "ur.015602420617.36",
                "affiliations": [
                    {
                        "id": "grid.83440.3b",
                        "name": "University College London",
                        "city": "London",
                        "city_id": 2643743,
                        "country": "United Kingdom",
                        "country_code": "GB",
                        "state": null,
                        "state_code": null
                    }
                ]
            },
            {
                "first_name": "Roxana",
                "last_name": "Rustomjee",
                "initials": "",
                "corresponding": "",
                "orcid": "",
                "current_organization_id": "grid.415021.3",
                "researcher_id": "ur.01120707043.90",
                "affiliations": [
                    {
                        "id": "grid.415021.3",
                        "name": "South African Medical Research Council",
                        "city": "Cape Town",
                        "city_id": 3369157,
                        "country": "South Africa",
                        "country_code": "ZA",
                        "state": null,
                        "state_code": null
                    }
                ]
            },
            {
                "first_name": "Francine",
                "last_name": "Ntoumi",
                "initials": "",
                "corresponding": "",
                "orcid": "",
                "current_organization_id": "grid.452468.9",
                "researcher_id": "ur.01033774037.09",
                "affiliations": [
                    {
                        "id": "grid.452468.9",
                        "name": "Fondation Congolaise Pour La Recherche M\u00e9dicale",
                        "city": "Brazzaville",
                        "city_id": 2260535,
                        "country": "Republic of the Congo",
                        "country_code": "CG",
                        "state": null,
                        "state_code": null
                    }
                ]
            },
            {
                "first_name": "Peter",
                "last_name": "Mwaba",
                "initials": "",
                "corresponding": "",
                "orcid": "",
                "current_organization_id": "grid.415794.a",
                "researcher_id": "ur.0762421653.28",
                "affiliations": [
                    {
                        "id": "grid.79746.3b",
                        "name": "University Teaching Hospital",
                        "city": "Lusaka",
                        "city_id": 909137,
                        "country": "Zambia",
                        "country_code": "ZM",
                        "state": null,
                        "state_code": null
                    }
                ]
            },
            {
                "first_name": "Matthew",
                "last_name": "Bates",
                "initials": "",
                "corresponding": "",
                "orcid": "['0000-0003-0464-1529']",
                "current_organization_id": "grid.79746.3b",
                "researcher_id": "ur.0732261756.80",
                "affiliations": [
                    {
                        "id": "grid.79746.3b",
                        "name": "University Teaching Hospital",
                        "city": "Lusaka",
                        "city_id": 909137,
                        "country": "Zambia",
                        "country_code": "ZM",
                        "state": null,
                        "state_code": null
                    }
                ]
            },
            {
                "first_name": "Markus",
                "last_name": "Maeurer",
                "initials": "",
                "corresponding": "",
                "orcid": "['0000-0002-8436-8077']",
                "current_organization_id": "grid.421010.6",
                "researcher_id": "ur.01040743404.86",
                "affiliations": [
                    {
                        "id": "grid.4714.6",
                        "name": "Karolinska Institute",
                        "city": "Stockholm",
                        "city_id": 2673730,
                        "country": "Sweden",
                        "country_code": "SE",
                        "state": null,
                        "state_code": null
                    }
                ]
            },
            {
                "first_name": "David S.",
                "last_name": "Hui",
                "initials": "",
                "corresponding": "",
                "orcid": "['0000-0003-4382-2445']",
                "current_organization_id": "grid.10784.3a",
                "researcher_id": "ur.013122354662.36",
                "affiliations": [
                    {
                        "name": "Division of Respiratory Medicine and Stanley Ho Center for Emerging Infectious Diseases, The Chinese University of Hong Kong, Prince of Wales Hospital, Hong Kong Special Administrative Region, China"
                    }
                ]
            },
            {
                "first_name": "Eskild",
                "last_name": "Petersen",
                "initials": "",
                "corresponding": true,
                "orcid": "",
                "current_organization_id": "grid.7048.b",
                "researcher_id": "ur.01312201740.81",
                "affiliations": [
                    {
                        "id": "grid.154185.c",
                        "name": "Aarhus University Hospital",
                        "city": "Aarhus",
                        "city_id": 2624652,
                        "country": "Denmark",
                        "country_code": "DK",
                        "state": null,
                        "state_code": null
                    }
                ]
            }
        ]
    ],
    "type": "article"
}