{
    "volume": "30",
    "date": "2015-12-01",
    "title": "Cloning, expression, and antiviral activity of interferon \u03b2 from the Chinese microbat, Myotis davidii",
    "researchers": [
        {
            "id": "ur.0775601077.69",
            "last_name": "Wu",
            "first_name": "Li-Jun",
            "research_orgs": [
                "grid.439104.b"
            ]
        },
        {
            "id": "ur.01235257351.93",
            "last_name": "Zhang",
            "first_name": "Qian",
            "research_orgs": [
                "grid.439104.b",
                "grid.428397.3",
                "grid.410726.6"
            ]
        },
        {
            "id": "ur.0731467610.04",
            "last_name": "Zhou",
            "first_name": "Peng-Jun",
            "orcid_id": [
                "0000-0001-9863-4201"
            ],
            "research_orgs": [
                "grid.428397.3",
                "grid.49470.3e",
                "grid.89957.3a",
                "grid.410726.6",
                "grid.4280.e",
                "grid.27871.3b",
                "grid.413322.5",
                "grid.263761.7",
                "grid.24516.34",
                "grid.439104.b",
                "grid.11135.37",
                "grid.454840.9"
            ]
        },
        {
            "id": "ur.01241373163.59",
            "last_name": "Wang",
            "first_name": "Mei-Niang",
            "research_orgs": [
                "grid.9227.e",
                "grid.439104.b"
            ]
        },
        {
            "id": "ur.01156515364.78",
            "last_name": "Yang",
            "first_name": "Xing-Lou",
            "orcid_id": [
                "0000-0002-5317-8983"
            ],
            "research_orgs": [
                "grid.420826.a",
                "grid.49470.3e",
                "grid.428397.3",
                "grid.410726.6",
                "grid.9227.e",
                "grid.440682.c",
                "grid.439104.b"
            ]
        },
        {
            "id": "ur.01314522477.06",
            "last_name": "Ge",
            "first_name": "Xing-Yi",
            "orcid_id": [
                "0000-0003-3964-5140"
            ],
            "research_orgs": [
                "grid.439104.b",
                "grid.9227.e",
                "grid.67293.39"
            ]
        },
        {
            "id": "ur.01044121035.54",
            "last_name": "Wang",
            "first_name": "Lin-Fa",
            "orcid_id": [
                "0000-0003-2752-0535"
            ],
            "research_orgs": [
                "grid.413322.5",
                "grid.5335.0",
                "grid.49470.3e",
                "grid.410726.6",
                "grid.20419.3e",
                "grid.428397.3",
                "grid.440682.c",
                "grid.416882.1",
                "grid.4280.e",
                "grid.422685.f",
                "grid.27255.37",
                "grid.420826.a",
                "grid.40803.3f",
                "grid.417660.2",
                "grid.1002.3",
                "grid.1016.6",
                "grid.194645.b",
                "grid.492998.7",
                "grid.442958.6",
                "grid.265436.0",
                "grid.22069.3f",
                "grid.1008.9",
                "grid.464498.3",
                "grid.412140.2",
                "grid.47894.36",
                "grid.414142.6",
                "grid.21729.3f",
                "grid.198530.6",
                "grid.9227.e",
                "grid.411978.2",
                "grid.411729.8",
                "grid.1021.2",
                "grid.26009.3d",
                "grid.411863.9"
            ]
        },
        {
            "id": "ur.012321453367.61",
            "last_name": "Shi",
            "first_name": "Zhengli-Li",
            "research_orgs": [
                "grid.439104.b",
                "grid.27255.37",
                "grid.49470.3e",
                "grid.9227.e",
                "grid.410726.6",
                "grid.121334.6",
                "grid.265436.0",
                "grid.440682.c",
                "grid.410740.6",
                "grid.411863.9",
                "grid.420826.a",
                "grid.464498.3"
            ]
        }
    ],
    "altmetric": 2.0,
    "pages": "425-432",
    "research_org_cities": [
        {
            "id": 1880252,
            "name": "Singapore"
        },
        {
            "id": 1791247,
            "name": "Wuhan"
        }
    ],
    "open_access": [
        "Open Access - all",
        "Open Access - publisher",
        "Open Access - published"
    ],
    "research_org_countries": [
        {
            "id": "SG",
            "name": "Singapore"
        },
        {
            "id": "CN",
            "name": "China"
        }
    ],
    "doi": "10.1007/s12250-015-3668-2",
    "FOR": [
        {
            "id": "3103",
            "name": "1107 Immunology"
        },
        {
            "id": "3114",
            "name": "1108 Medical Microbiology"
        },
        {
            "id": "2634",
            "name": "0605 Microbiology"
        }
    ],
    "times_cited": 4,
    "research_orgs": [
        {
            "id": "grid.428397.3",
            "types": [
                "Education"
            ],
            "longitude": 103.83402,
            "linkout": [
                "https://www.duke-nus.edu.sg/"
            ],
            "latitude": 1.282566,
            "name": "Duke NUS Graduate Medical School",
            "city_name": "Singapore",
            "country_name": "Singapore"
        },
        {
            "id": "grid.439104.b",
            "acronym": "WIV",
            "types": [
                "Facility"
            ],
            "longitude": 114.26543,
            "linkout": [
                "http://english.whiov.cas.cn/"
            ],
            "latitude": 30.375658,
            "name": "Wuhan Institute Of Virology",
            "city_name": "Wuhan",
            "country_name": "China"
        }
    ],
    "pmid": "26645237",
    "research_org_country_names": [
        "China",
        "Singapore"
    ],
    "id": "pub.1045270009",
    "issue": "6",
    "journal": {
        "id": "jour.1042024",
        "title": "Virologica Sinica"
    },
    "year": 2015,
    "references": [
        "pub.1044550494",
        "pub.1017729169",
        "pub.1014233762",
        "pub.1013912470",
        "pub.1016328527",
        "pub.1078339186",
        "pub.1015443089",
        "pub.1009304064",
        "pub.1031031430",
        "pub.1046383827",
        "pub.1042438223",
        "pub.1031081661",
        "pub.1012830487",
        "pub.1027574888",
        "pub.1030436060",
        "pub.1062452643",
        "pub.1024696873",
        "pub.1029145671",
        "pub.1020986705",
        "pub.1029212830",
        "pub.1031159252",
        "pub.1025501586",
        "pub.1012726007",
        "pub.1035521959",
        "pub.1012554916",
        "pub.1013345929",
        "pub.1009394288",
        "pub.1047613172",
        "pub.1011592742",
        "pub.1022875905",
        "pub.1051818323",
        "pub.1021050005",
        "pub.1062467759",
        "pub.1022954238",
        "pub.1060361677",
        "pub.1032485590",
        "pub.1045158815",
        "pub.1034226361",
        "pub.1036743447",
        "pub.1034803318"
    ],
    "relative_citation_ratio": 0.18,
    "author_affiliations": [
        [
            {
                "first_name": "Ying-Zi",
                "last_name": "Liang",
                "initials": "",
                "corresponding": "",
                "orcid": "",
                "current_organization_id": "",
                "researcher_id": "",
                "affiliations": [
                    {
                        "id": "grid.439104.b",
                        "name": "Wuhan Institute Of Virology",
                        "city": "Wuhan",
                        "city_id": 1791247,
                        "country": "China",
                        "country_code": "CN",
                        "state": null,
                        "state_code": null
                    }
                ]
            },
            {
                "first_name": "Li-Jun",
                "last_name": "Wu",
                "initials": "",
                "corresponding": "",
                "orcid": "",
                "current_organization_id": "grid.439104.b",
                "researcher_id": "ur.0775601077.69",
                "affiliations": [
                    {
                        "id": "grid.439104.b",
                        "name": "Wuhan Institute Of Virology",
                        "city": "Wuhan",
                        "city_id": 1791247,
                        "country": "China",
                        "country_code": "CN",
                        "state": null,
                        "state_code": null
                    }
                ]
            },
            {
                "first_name": "Qian",
                "last_name": "Zhang",
                "initials": "",
                "corresponding": "",
                "orcid": "",
                "current_organization_id": "grid.439104.b",
                "researcher_id": "ur.01235257351.93",
                "affiliations": [
                    {
                        "id": "grid.439104.b",
                        "name": "Wuhan Institute Of Virology",
                        "city": "Wuhan",
                        "city_id": 1791247,
                        "country": "China",
                        "country_code": "CN",
                        "state": null,
                        "state_code": null
                    }
                ]
            },
            {
                "first_name": "Peng",
                "last_name": "Zhou",
                "initials": "",
                "corresponding": "",
                "orcid": "['0000-0001-9863-4201']",
                "current_organization_id": "grid.439104.b",
                "researcher_id": "ur.0731467610.04",
                "affiliations": [
                    {
                        "id": "grid.428397.3",
                        "name": "Duke NUS Graduate Medical School",
                        "city": "Singapore",
                        "city_id": 1880252,
                        "country": "Singapore",
                        "country_code": "SG",
                        "state": null,
                        "state_code": null
                    }
                ]
            },
            {
                "first_name": "Mei-Niang",
                "last_name": "Wang",
                "initials": "",
                "corresponding": "",
                "orcid": "",
                "current_organization_id": "grid.439104.b",
                "researcher_id": "ur.01241373163.59",
                "affiliations": [
                    {
                        "id": "grid.439104.b",
                        "name": "Wuhan Institute Of Virology",
                        "city": "Wuhan",
                        "city_id": 1791247,
                        "country": "China",
                        "country_code": "CN",
                        "state": null,
                        "state_code": null
                    }
                ]
            },
            {
                "first_name": "Xing-Lou",
                "last_name": "Yang",
                "initials": "",
                "corresponding": "",
                "orcid": "['0000-0002-5317-8983']",
                "current_organization_id": "grid.439104.b",
                "researcher_id": "ur.01156515364.78",
                "affiliations": [
                    {
                        "id": "grid.439104.b",
                        "name": "Wuhan Institute Of Virology",
                        "city": "Wuhan",
                        "city_id": 1791247,
                        "country": "China",
                        "country_code": "CN",
                        "state": null,
                        "state_code": null
                    }
                ]
            },
            {
                "first_name": "Xing-Yi",
                "last_name": "Ge",
                "initials": "",
                "corresponding": "",
                "orcid": "['0000-0003-3964-5140']",
                "current_organization_id": "grid.67293.39",
                "researcher_id": "ur.01314522477.06",
                "affiliations": [
                    {
                        "id": "grid.439104.b",
                        "name": "Wuhan Institute Of Virology",
                        "city": "Wuhan",
                        "city_id": 1791247,
                        "country": "China",
                        "country_code": "CN",
                        "state": null,
                        "state_code": null
                    }
                ]
            },
            {
                "first_name": "Lin-Fa",
                "last_name": "Wang",
                "initials": "",
                "corresponding": "",
                "orcid": "['0000-0003-2752-0535']",
                "current_organization_id": "grid.428397.3",
                "researcher_id": "ur.01044121035.54",
                "affiliations": [
                    {
                        "id": "grid.428397.3",
                        "name": "Duke NUS Graduate Medical School",
                        "city": "Singapore",
                        "city_id": 1880252,
                        "country": "Singapore",
                        "country_code": "SG",
                        "state": null,
                        "state_code": null
                    }
                ]
            },
            {
                "first_name": "Zheng-Li",
                "last_name": "Shi",
                "initials": "",
                "corresponding": true,
                "orcid": "",
                "current_organization_id": "grid.439104.b",
                "researcher_id": "ur.012321453367.61",
                "affiliations": [
                    {
                        "id": "grid.439104.b",
                        "name": "Wuhan Institute Of Virology",
                        "city": "Wuhan",
                        "city_id": 1791247,
                        "country": "China",
                        "country_code": "CN",
                        "state": null,
                        "state_code": null
                    }
                ]
            }
        ]
    ],
    "type": "article"
}