{
    "author_affiliations": [
        [
            {
                "first_name": "Amanda M",
                "last_name": "Jamieson",
                "initials": "",
                "corresponding": "",
                "orcid": "['0000-0002-5781-9231']",
                "current_organization_id": "grid.40263.33",
                "researcher_id": "ur.0704476547.07",
                "affiliations": [
                    {
                        "id": "grid.40263.33",
                        "name": "Brown University",
                        "city": "Providence",
                        "city_id": 5224151,
                        "country": "United States",
                        "country_code": "US",
                        "state": "Rhode Island",
                        "state_code": "US-RI"
                    }
                ]
            }
        ]
    ],
    "altmetric": 4.0,
    "FOR": [
        {
            "id": "3114",
            "name": "1108 Medical Microbiology"
        }
    ],
    "research_org_countries": [
        {
            "id": "US",
            "name": "United States"
        }
    ],
    "title": "Host resilience to emerging coronaviruses",
    "research_org_cities": [
        {
            "id": 5224151,
            "name": "Providence"
        }
    ],
    "pages": "529-534",
    "issue": "7",
    "research_org_state_names": [
        "Rhode Island"
    ],
    "open_access": [
        "Open Access - all",
        "Open Access - publisher",
        "Open Access - published"
    ],
    "doi": "10.2217/fvl-2016-0060",
    "times_cited": 0,
    "journal": {
        "id": "jour.1037136",
        "title": "Future Virology"
    },
    "year": 2016,
    "research_orgs": [
        {
            "id": "grid.40263.33",
            "name": "Brown University",
            "linkout": [
                "http://www.brown.edu/"
            ],
            "country_name": "United States",
            "types": [
                "Education"
            ],
            "latitude": 41.8262,
            "state_name": "Rhode Island",
            "city_name": "Providence",
            "longitude": -71.4032
        }
    ],
    "id": "pub.1001258942",
    "references": [
        "pub.1062467939",
        "pub.1004612681",
        "pub.1024782211",
        "pub.1017316824",
        "pub.1004045063",
        "pub.1012574371",
        "pub.1024440811",
        "pub.1015646315",
        "pub.1015012192",
        "pub.1040416494",
        "pub.1045923691",
        "pub.1021415635",
        "pub.1003553258",
        "pub.1042309214",
        "pub.1048107244",
        "pub.1035441571",
        "pub.1060399484",
        "pub.1050516195",
        "pub.1005307368",
        "pub.1047649622",
        "pub.1040915155",
        "pub.1030830578",
        "pub.1002622983",
        "pub.1005569215",
        "pub.1042619604",
        "pub.1020472904",
        "pub.1003007875",
        "pub.1008823121",
        "pub.1051745210",
        "pub.1038704296",
        "pub.1025611640",
        "pub.1000376304",
        "pub.1028655755",
        "pub.1018618484",
        "pub.1029149739",
        "pub.1049791389",
        "pub.1028235198",
        "pub.1033819142",
        "pub.1006776671",
        "pub.1004572264",
        "pub.1034207789",
        "pub.1017151542",
        "pub.1026726448",
        "pub.1018845134",
        "pub.1008629884",
        "pub.1006009579",
        "pub.1006581977",
        "pub.1024156550",
        "pub.1029903997",
        "pub.1029184047",
        "pub.1043958679",
        "pub.1022466364",
        "pub.1010309753",
        "pub.1014453683",
        "pub.1003602517",
        "pub.1016662595",
        "pub.1042573265",
        "pub.1029763122",
        "pub.1051895225",
        "pub.1007493342",
        "pub.1017027334",
        "pub.1015244181",
        "pub.1010532704",
        "pub.1039060467",
        "pub.1010675182",
        "pub.1023573290",
        "pub.1015551586",
        "pub.1062713184",
        "pub.1040657055",
        "pub.1034983006",
        "pub.1068080428",
        "pub.1009903610",
        "pub.1020572040",
        "pub.1060399133",
        "pub.1009395753",
        "pub.1007164767",
        "pub.1033671149",
        "pub.1009243971",
        "pub.1009263263"
    ],
    "research_org_country_names": [
        "United States"
    ],
    "date": "2016-07-01",
    "research_org_state_codes": [
        {
            "id": "US-RI",
            "name": "Rhode Island"
        }
    ],
    "researchers": [
        {
            "id": "ur.0704476547.07",
            "research_orgs": [
                "grid.10420.37",
                "grid.47840.3f",
                "grid.47100.32",
                "grid.40263.33"
            ],
            "last_name": "Jamieson",
            "first_name": "Amanda M",
            "orcid_id": [
                "0000-0002-5781-9231"
            ]
        }
    ],
    "type": "article",
    "volume": "11"
}