{
    "volume": "9",
    "date": "2020-03-01",
    "title": "A new pandemic out of China: the Wuhan coronavirus syndrome",
    "researchers": [
        {
            "id": "ur.014412232302.38",
            "last_name": "Singer",
            "first_name": "Donald R J",
            "research_orgs": [
                "grid.7445.2",
                "grid.15628.38",
                "grid.412570.5",
                "grid.47100.32",
                "grid.413676.1",
                "grid.83440.3b",
                "grid.413820.c",
                "grid.502951.a",
                "grid.425213.3",
                "grid.426467.5",
                "grid.264200.2",
                "grid.10818.30",
                "grid.418074.e",
                "grid.7372.1"
            ]
        }
    ],
    "altmetric": 1.0,
    "pages": "1-2",
    "research_org_cities": [
        {
            "id": 2643743,
            "name": "London"
        }
    ],
    "open_access": [
        "Open Access - all",
        "Open Access - publisher",
        "Open Access - published"
    ],
    "research_org_countries": [
        {
            "id": "GB",
            "name": "United Kingdom"
        }
    ],
    "doi": "10.1016/j.hlpt.2020.02.001",
    "times_cited": 0,
    "research_org_country_names": [
        "United Kingdom"
    ],
    "id": "pub.1124548526",
    "issue": "1",
    "journal": {
        "id": "jour.1047767",
        "title": "Health Policy and Technology"
    },
    "year": 2020,
    "references": [
        "pub.1122097233",
        "pub.1124290823",
        "pub.1121503916",
        "pub.1067984604",
        "pub.1122473342"
    ],
    "author_affiliations": [
        [
            {
                "first_name": "Donald R.J.",
                "last_name": "Singer",
                "initials": "",
                "corresponding": "",
                "orcid": "",
                "current_organization_id": "grid.47100.32",
                "researcher_id": "ur.014412232302.38",
                "affiliations": [
                    {
                        "name": "President, Fellowship of Postgraduate Medicine, 11 Chandos Street, London W1G 9EB"
                    }
                ]
            }
        ]
    ],
    "type": "article"
}