{
    "research_org_country_names": [
        "United Kingdom"
    ],
    "pmid": "32144111",
    "title": "Covid-19: GP surgeries close for two weeks after staff test positive",
    "type": "article",
    "year": 2020,
    "journal": {
        "id": "jour.1017377",
        "title": "The BMJ"
    },
    "researchers": [
        {
            "id": "ur.01326761512.26",
            "research_orgs": [
                "grid.431398.4"
            ],
            "first_name": "Gareth",
            "last_name": "Iacobucci"
        }
    ],
    "research_org_countries": [
        {
            "id": "GB",
            "name": "United Kingdom"
        }
    ],
    "date": "2020-03-06",
    "altmetric": 11.0,
    "pages": "m936",
    "id": "pub.1125461243",
    "volume": "368",
    "research_org_cities": [
        {
            "id": 2643743,
            "name": "London"
        }
    ],
    "open_access": [
        "Open Access - all",
        "Open Access - publisher",
        "Open Access - published"
    ],
    "author_affiliations": [
        [
            {
                "first_name": "Gareth",
                "last_name": "Iacobucci",
                "initials": "",
                "corresponding": "",
                "orcid": "",
                "current_organization_id": "grid.431398.4",
                "researcher_id": "ur.01326761512.26",
                "affiliations": [
                    {
                        "name": "The BMJ."
                    }
                ]
            }
        ]
    ],
    "doi": "10.1136/bmj.m936",
    "times_cited": 0,
    "references": [
        "pub.1124863947"
    ]
}