{
    "volume": "8",
    "date": "2016-09-01",
    "title": "Knowledge and risk perception of the middle-east respiratory syndrome corona virus [MERS-CoV] among Ivoirian hajj pilgrims in 2013",
    "researchers": [
        {
            "id": "ur.01136272115.96",
            "last_name": "Coulibaly",
            "first_name": "Daouda",
            "research_orgs": [
                "grid.503422.2",
                "grid.434870.c",
                "grid.410694.e",
                "grid.418084.1",
                "grid.416657.7"
            ]
        },
        {
            "id": "ur.0605513246.70",
            "last_name": "Traor\u00e9",
            "first_name": "Youssouf",
            "research_orgs": [
                "grid.434870.c",
                "grid.414346.0",
                "grid.462682.c",
                "grid.5388.6",
                "grid.410694.e"
            ]
        },
        {
            "id": "ur.0703710452.30",
            "last_name": "N'Gattia",
            "first_name": "Anderson K",
            "research_orgs": [
                "grid.410694.e",
                "grid.434870.c"
            ]
        },
        {
            "id": "ur.0651533466.91",
            "last_name": "Kadjo",
            "first_name": "Herve Adje",
            "research_orgs": [
                "grid.418523.9"
            ]
        },
        {
            "id": "ur.0635575252.57",
            "last_name": "Cherif",
            "first_name": "Djibril",
            "research_orgs": [
                "grid.434870.c"
            ]
        },
        {
            "id": "ur.01204405315.39",
            "last_name": "Dagnan",
            "first_name": "Simplice N'Cho",
            "research_orgs": [
                "grid.410694.e",
                "grid.411387.8",
                "grid.434870.c"
            ]
        }
    ],
    "pages": "152-157",
    "research_org_cities": [
        {
            "id": 2293538,
            "name": "Abidjan"
        }
    ],
    "research_org_countries": [
        {
            "id": "CI",
            "name": "Ivory Coast"
        }
    ],
    "doi": "10.5897/jphe2016.0842",
    "FOR": [
        {
            "id": "3177",
            "name": "1117 Public Health and Health Services"
        }
    ],
    "times_cited": 1,
    "research_org_country_names": [
        "Ivory Coast"
    ],
    "id": "pub.1011297359",
    "issue": "9",
    "journal": {
        "id": "jour.1045621",
        "title": "Journal of Public Health and Epidemiology"
    },
    "year": 2016,
    "references": [
        "pub.1004830884",
        "pub.1025710658",
        "pub.1070926134",
        "pub.1004531555",
        "pub.1043875870",
        "pub.1043536771",
        "pub.1038993355",
        "pub.1051038348",
        "pub.1048557021",
        "pub.1071482575"
    ],
    "author_affiliations": [
        [
            {
                "first_name": "Daouda",
                "last_name": "Coulibaly",
                "initials": "",
                "corresponding": "",
                "orcid": "",
                "current_organization_id": "grid.434870.c",
                "researcher_id": "ur.01136272115.96",
                "affiliations": [
                    {
                        "name": "National Institute of Public Hygiene, Abidjan, C\u00f4te d\u2019Ivoire."
                    }
                ]
            },
            {
                "first_name": "Youssouf",
                "last_name": "Traore",
                "initials": "",
                "corresponding": "",
                "orcid": "",
                "current_organization_id": "grid.410694.e",
                "researcher_id": "ur.0605513246.70",
                "affiliations": [
                    {
                        "name": "National Institute of Public Hygiene, Abidjan, C\u00f4te d\u2019Ivoire."
                    }
                ]
            },
            {
                "first_name": "Anderson K.",
                "last_name": "N\u2019gattia",
                "initials": "",
                "corresponding": "",
                "orcid": "",
                "current_organization_id": "",
                "researcher_id": "ur.0703710452.30",
                "affiliations": [
                    {
                        "name": "National Institute of Public Hygiene, Abidjan, C\u00f4te d\u2019Ivoire."
                    }
                ]
            },
            {
                "first_name": "Kouakou E.M.",
                "last_name": "Ahoussou",
                "initials": "",
                "corresponding": "",
                "orcid": "",
                "current_organization_id": "",
                "researcher_id": "",
                "affiliations": [
                    {
                        "name": "National Institute of Public Hygiene, Abidjan, C\u00f4te d\u2019Ivoire."
                    }
                ]
            },
            {
                "first_name": "Elisee A",
                "last_name": "Kangah",
                "initials": "",
                "corresponding": "",
                "orcid": "",
                "current_organization_id": "",
                "researcher_id": "",
                "affiliations": [
                    {
                        "name": "National Institute of Public Hygiene, Abidjan, C\u00f4te d\u2019Ivoire."
                    }
                ]
            },
            {
                "first_name": "Herve A",
                "last_name": "Kadjo",
                "initials": "",
                "corresponding": "",
                "orcid": "",
                "current_organization_id": "",
                "researcher_id": "ur.0651533466.91",
                "affiliations": [
                    {
                        "name": "Pasteur Institute of Cote d\u2019Ivoire, Abidjan, C\u00f4te d\u2019Ivoire."
                    }
                ]
            },
            {
                "first_name": "Djibril",
                "last_name": "Cherif",
                "initials": "",
                "corresponding": "",
                "orcid": "",
                "current_organization_id": "",
                "researcher_id": "ur.0635575252.57",
                "affiliations": [
                    {
                        "name": "National Institute of Public Hygiene, Abidjan, C\u00f4te d\u2019Ivoire."
                    }
                ]
            },
            {
                "first_name": "Simplice N",
                "last_name": "Dagnan",
                "initials": "",
                "corresponding": "",
                "orcid": "",
                "current_organization_id": "grid.434870.c",
                "researcher_id": "ur.01204405315.39",
                "affiliations": [
                    {
                        "name": "National Institute of Public Hygiene, Abidjan, C\u00f4te d\u2019Ivoire."
                    }
                ]
            }
        ]
    ],
    "type": "article"
}