{
    "pmid": "32107119",
    "author_affiliations": [
        [
            {
                "first_name": "Le",
                "last_name": "Chang",
                "initials": "",
                "corresponding": "",
                "orcid": "",
                "current_organization_id": "",
                "researcher_id": "",
                "affiliations": [
                    {
                        "id": "grid.506261.6",
                        "name": "Chinese Academy of Medical Sciences & Peking Union Medical College",
                        "city": "Beijing",
                        "city_id": 1816670,
                        "country": "China",
                        "country_code": "CN",
                        "state": null,
                        "state_code": null
                    },
                    {
                        "name": "Beijing Engineering Research Center of Laboratory Medicine, Beijing, Hospital, PR China"
                    }
                ]
            },
            {
                "first_name": "Ying",
                "last_name": "Yan",
                "initials": "",
                "corresponding": "",
                "orcid": "",
                "current_organization_id": "",
                "researcher_id": "",
                "affiliations": [
                    {
                        "id": "grid.506261.6",
                        "name": "Chinese Academy of Medical Sciences & Peking Union Medical College",
                        "city": "Beijing",
                        "city_id": 1816670,
                        "country": "China",
                        "country_code": "CN",
                        "state": null,
                        "state_code": null
                    },
                    {
                        "name": "Beijing Engineering Research Center of Laboratory Medicine, Beijing, Hospital, PR China"
                    }
                ]
            },
            {
                "first_name": "Lunan",
                "last_name": "Wang",
                "initials": "",
                "corresponding": true,
                "orcid": "",
                "current_organization_id": "grid.12527.33",
                "researcher_id": "ur.07424741037.36",
                "affiliations": [
                    {
                        "id": "grid.506261.6",
                        "name": "Chinese Academy of Medical Sciences & Peking Union Medical College",
                        "city": "Beijing",
                        "city_id": 1816670,
                        "country": "China",
                        "country_code": "CN",
                        "state": null,
                        "state_code": null
                    },
                    {
                        "name": "Beijing Engineering Research Center of Laboratory Medicine, Beijing, Hospital, PR China"
                    },
                    {
                        "id": "grid.506261.6",
                        "name": "Chinese Academy of Medical Sciences & Peking Union Medical College",
                        "city": "Beijing",
                        "city_id": 1816670,
                        "country": "China",
                        "country_code": "CN",
                        "state": null,
                        "state_code": null
                    }
                ]
            }
        ]
    ],
    "altmetric": 25.0,
    "FOR": [
        {
            "id": "3177",
            "name": "1117 Public Health and Health Services"
        },
        {
            "id": "3114",
            "name": "1108 Medical Microbiology"
        }
    ],
    "research_org_countries": [
        {
            "id": "CN",
            "name": "China"
        }
    ],
    "title": "Coronavirus Disease 2019: Coronaviruses and Blood Safety",
    "research_org_cities": [
        {
            "id": 1816670,
            "name": "Beijing"
        }
    ],
    "open_access": [
        "Open Access - all",
        "Open Access - publisher",
        "Open Access - published"
    ],
    "doi": "10.1016/j.tmrv.2020.02.003",
    "times_cited": 0,
    "journal": {
        "id": "jour.1097285",
        "title": "Transfusion Medicine Reviews"
    },
    "year": 2020,
    "research_orgs": [
        {
            "id": "grid.506261.6",
            "name": "Chinese Academy of Medical Sciences & Peking Union Medical College",
            "linkout": [
                "http://www.cams.ac.cn/"
            ],
            "country_name": "China",
            "types": [
                "Education"
            ],
            "latitude": 39.91149,
            "acronym": "CAMS&PUMC",
            "city_name": "Beijing",
            "longitude": 116.41479
        }
    ],
    "id": "pub.1125036939",
    "references": [
        "pub.1124408081",
        "pub.1124049414"
    ],
    "research_org_country_names": [
        "China"
    ],
    "date": "2020-02-01",
    "researchers": [
        {
            "id": "ur.07424741037.36",
            "research_orgs": [
                "grid.414350.7",
                "grid.12527.33"
            ],
            "last_name": "Wang",
            "first_name": "Lunan"
        }
    ],
    "type": "article"
}