{
    "volume": "39",
    "date": "2019-04-01",
    "title": "Rapid establishment of a mouse model of MERS-CoV pseudovirus infection based on DPP4 transduction",
    "researchers": [
        {
            "id": "ur.011156655457.20",
            "last_name": "Niu",
            "first_name": "Junwei",
            "research_orgs": [
                "grid.198530.6"
            ]
        },
        {
            "id": "ur.0762117661.33",
            "last_name": "Deng",
            "first_name": "Yao",
            "research_orgs": [
                "grid.263761.7",
                "grid.453135.5",
                "grid.452515.2",
                "grid.198530.6"
            ]
        },
        {
            "id": "ur.01143221111.34",
            "last_name": "Tan",
            "first_name": "Wen-Jie",
            "research_orgs": [
                "grid.9227.e",
                "grid.453135.5",
                "grid.268099.c",
                "grid.198530.6",
                "grid.419897.a",
                "grid.64924.3d"
            ]
        }
    ],
    "pages": "250-255",
    "research_org_cities": [
        {
            "id": 1816670,
            "name": "Beijing"
        }
    ],
    "research_org_countries": [
        {
            "id": "CN",
            "name": "China"
        }
    ],
    "doi": "10.3760/cma.j.issn.0254-5101.2019.04.002",
    "FOR": [
        {
            "id": "3103",
            "name": "1107 Immunology"
        }
    ],
    "times_cited": 0,
    "research_orgs": [
        {
            "id": "grid.198530.6",
            "acronym": "CCDC",
            "types": [
                "Nonprofit"
            ],
            "longitude": 116.398834,
            "linkout": [
                "http://www.chinacdc.cn/en/"
            ],
            "latitude": 39.91624,
            "name": "Chinese Center For Disease Control and Prevention",
            "city_name": "Beijing",
            "country_name": "China"
        }
    ],
    "funders": [
        {
            "id": "grid.424020.0",
            "acronym": "MOST",
            "types": [
                "Government"
            ],
            "longitude": 116.316284,
            "linkout": [
                "http://www.most.gov.cn/eng/"
            ],
            "latitude": 39.827835,
            "name": "Ministry of Science and Technology of the People's Republic of China",
            "city_name": "Beijing",
            "country_name": "China"
        }
    ],
    "research_org_country_names": [
        "China"
    ],
    "id": "pub.1123876833",
    "issue": "4",
    "journal": {
        "id": "jour.1288934",
        "title": "CHUNG HUA WEI SHENG WU HSUEH HO MIEH I HSUEH TSA CHIH"
    },
    "year": 2019,
    "references": [
        "pub.1001692338",
        "pub.1105800772",
        "pub.1049394195",
        "pub.1020304704",
        "pub.1015127616",
        "pub.1018158123",
        "pub.1051316131",
        "pub.1038893251",
        "pub.1043875870",
        "pub.1049672904",
        "pub.1106320643",
        "pub.1035639368",
        "pub.1059709872",
        "pub.1104217532",
        "pub.1084133289",
        "pub.1029340898",
        "pub.1084152892",
        "pub.1103154698",
        "pub.1008179102",
        "pub.1107040143",
        "pub.1016655916",
        "pub.1048791210",
        "pub.1092905268"
    ],
    "author_affiliations": [
        [
            {
                "first_name": "Junwei",
                "last_name": "Niu",
                "initials": "",
                "corresponding": "",
                "orcid": "",
                "current_organization_id": "grid.198530.6",
                "researcher_id": "ur.011156655457.20",
                "affiliations": [
                    {
                        "id": "grid.198530.6",
                        "name": "Chinese Center For Disease Control and Prevention",
                        "city": "Beijing",
                        "city_id": 1816670,
                        "country": "China",
                        "country_code": "CN",
                        "state": null,
                        "state_code": null
                    }
                ]
            },
            {
                "first_name": "Ying",
                "last_name": "Zhan",
                "initials": "",
                "corresponding": "",
                "orcid": "",
                "current_organization_id": "",
                "researcher_id": "",
                "affiliations": []
            },
            {
                "first_name": "Yao",
                "last_name": "Deng",
                "initials": "",
                "corresponding": "",
                "orcid": "",
                "current_organization_id": "grid.198530.6",
                "researcher_id": "ur.0762117661.33",
                "affiliations": []
            },
            {
                "first_name": "Wenjie",
                "last_name": "Tan",
                "initials": "",
                "corresponding": "",
                "orcid": "",
                "current_organization_id": "grid.198530.6",
                "researcher_id": "ur.01143221111.34",
                "affiliations": []
            }
        ]
    ],
    "type": "article"
}