{
    "volume": "5",
    "date": "2014-04-01",
    "title": "MERS: emergence of a novel human coronavirus",
    "researchers": [
        {
            "id": "ur.01310002241.32",
            "last_name": "Raj",
            "first_name": "Victor Stalin",
            "orcid_id": [
                "0000-0003-2250-8481"
            ],
            "research_orgs": [
                "grid.416738.f",
                "grid.462378.c",
                "grid.5477.1",
                "grid.5645.2",
                "grid.415773.3",
                "grid.464531.1",
                "grid.4861.b",
                "grid.452122.2"
            ]
        },
        {
            "id": "ur.010062347637.62",
            "last_name": "Osterhaus",
            "first_name": "Albert D M E",
            "orcid_id": [
                "0000-0002-6074-1172"
            ],
            "research_orgs": [
                "grid.5477.1",
                "grid.424065.1",
                "grid.7080.f",
                "grid.9763.b",
                "grid.66875.3a",
                "grid.6906.9",
                "grid.414480.d",
                "grid.452751.0",
                "grid.26009.3d",
                "grid.428999.7",
                "grid.11480.3c",
                "grid.4818.5",
                "grid.194645.b",
                "grid.45202.31",
                "grid.11184.3d",
                "grid.10419.3d",
                "grid.5252.0",
                "grid.9122.8",
                "grid.479104.f",
                "grid.16750.35",
                "grid.5645.2",
                "grid.414142.6",
                "grid.417732.4",
                "grid.5650.6",
                "grid.4868.2",
                "grid.412970.9",
                "grid.31147.30",
                "grid.418914.1",
                "grid.10423.34",
                "grid.473954.8"
            ]
        },
        {
            "id": "ur.011414101437.11",
            "last_name": "Fouchier",
            "first_name": "Ron A M",
            "research_orgs": [
                "grid.39158.36",
                "grid.5335.0",
                "grid.6906.9",
                "grid.416738.f",
                "grid.240871.8",
                "grid.7445.2",
                "grid.413575.1",
                "grid.452751.0",
                "grid.413764.3",
                "grid.417732.4",
                "grid.194645.b",
                "grid.5645.2",
                "grid.4818.5",
                "grid.419082.6",
                "grid.412970.9",
                "grid.25879.31",
                "grid.198530.6",
                "grid.5477.1",
                "grid.7177.6",
                "grid.5252.0",
                "grid.4305.2"
            ]
        },
        {
            "id": "ur.015465550657.43",
            "last_name": "Haagmans",
            "first_name": "Bart L",
            "orcid_id": [
                "0000-0001-6221-2015"
            ],
            "research_orgs": [
                "grid.410711.2",
                "grid.5645.2",
                "grid.5477.1",
                "grid.414142.6",
                "grid.424716.2",
                "grid.416738.f",
                "grid.452122.2",
                "grid.415773.3",
                "grid.417100.3",
                "grid.7080.f",
                "grid.7177.6",
                "grid.6906.9"
            ]
        }
    ],
    "pmcid": "PMC4028407",
    "altmetric": 5.0,
    "pages": "58-62",
    "research_org_cities": [
        {
            "id": 2747891,
            "name": "Rotterdam"
        }
    ],
    "open_access": [
        "Open Access - all",
        "Open Access - repository",
        "Open Access - accepted"
    ],
    "research_org_countries": [
        {
            "id": "NL",
            "name": "Netherlands"
        }
    ],
    "doi": "10.1016/j.coviro.2014.01.010",
    "FOR": [
        {
            "id": "3114",
            "name": "1108 Medical Microbiology"
        }
    ],
    "times_cited": 57,
    "research_orgs": [
        {
            "id": "grid.5645.2",
            "state_name": "Zuid-Holland",
            "types": [
                "Healthcare"
            ],
            "longitude": 4.4675,
            "linkout": [
                "http://www.erasmusmc.nl/"
            ],
            "latitude": 51.91,
            "name": "Erasmus University Medical Center",
            "city_name": "Rotterdam",
            "country_name": "Netherlands"
        }
    ],
    "pmid": "24584035",
    "funders": [
        {
            "id": "grid.419681.3",
            "acronym": "NIAID",
            "state_name": "Maryland",
            "types": [
                "Facility"
            ],
            "longitude": -77.11183,
            "linkout": [
                "http://www.niaid.nih.gov/Pages/default.aspx"
            ],
            "latitude": 39.066647,
            "name": "National Institute of Allergy and Infectious Diseases",
            "city_name": "Bethesda",
            "country_name": "United States"
        },
        {
            "id": "grid.417684.8",
            "acronym": "USPHS",
            "state_name": "District of Columbia",
            "types": [
                "Government"
            ],
            "longitude": -77.029,
            "linkout": [
                "http://www.usphs.gov/"
            ],
            "latitude": 38.919567,
            "name": "United States Public Health Service",
            "city_name": "Washington D.C.",
            "country_name": "United States"
        }
    ],
    "research_org_country_names": [
        "Netherlands"
    ],
    "id": "pub.1047913557",
    "journal": {
        "id": "jour.1045164",
        "title": "Current Opinion in Virology"
    },
    "year": 2014,
    "references": [
        "pub.1078707214",
        "pub.1052857483",
        "pub.1030642000",
        "pub.1030401057",
        "pub.1045936942",
        "pub.1030067021",
        "pub.1035680398",
        "pub.1083249168",
        "pub.1053567363",
        "pub.1030496271",
        "pub.1015127616",
        "pub.1024177027",
        "pub.1004786795",
        "pub.1046784156",
        "pub.1070926174",
        "pub.1078636387",
        "pub.1034803318",
        "pub.1070926115",
        "pub.1049595216",
        "pub.1017837695",
        "pub.1020300042",
        "pub.1078761917",
        "pub.1029189192",
        "pub.1051745210",
        "pub.1050516195",
        "pub.1018158123",
        "pub.1021322062",
        "pub.1044550494",
        "pub.1078746519",
        "pub.1014370409",
        "pub.1049039428",
        "pub.1019534631",
        "pub.1070926109",
        "pub.1002830653",
        "pub.1045162568",
        "pub.1026954099",
        "pub.1018588118",
        "pub.1070926177",
        "pub.1025710658",
        "pub.1036147913",
        "pub.1031053265",
        "pub.1042840483",
        "pub.1032035202",
        "pub.1043875870",
        "pub.1047764243",
        "pub.1002306282",
        "pub.1026446415",
        "pub.1053494442",
        "pub.1013873576"
    ],
    "relative_citation_ratio": 3.13,
    "author_affiliations": [
        [
            {
                "first_name": "V Stalin",
                "last_name": "Raj",
                "initials": "",
                "corresponding": "",
                "orcid": "['0000-0003-2250-8481']",
                "current_organization_id": "grid.5645.2",
                "researcher_id": "ur.01310002241.32",
                "affiliations": [
                    {
                        "id": "grid.5645.2",
                        "name": "Erasmus University Medical Center",
                        "city": "Rotterdam",
                        "city_id": 2747891,
                        "country": "Netherlands",
                        "country_code": "NL",
                        "state": null,
                        "state_code": null
                    }
                ]
            },
            {
                "first_name": "Albert DME",
                "last_name": "Osterhaus",
                "initials": "",
                "corresponding": "",
                "orcid": "['0000-0002-6074-1172']",
                "current_organization_id": "grid.412970.9",
                "researcher_id": "ur.010062347637.62",
                "affiliations": [
                    {
                        "id": "grid.5645.2",
                        "name": "Erasmus University Medical Center",
                        "city": "Rotterdam",
                        "city_id": 2747891,
                        "country": "Netherlands",
                        "country_code": "NL",
                        "state": null,
                        "state_code": null
                    }
                ]
            },
            {
                "first_name": "Ron AM",
                "last_name": "Fouchier",
                "initials": "",
                "corresponding": "",
                "orcid": "",
                "current_organization_id": "grid.5645.2",
                "researcher_id": "ur.011414101437.11",
                "affiliations": [
                    {
                        "id": "grid.5645.2",
                        "name": "Erasmus University Medical Center",
                        "city": "Rotterdam",
                        "city_id": 2747891,
                        "country": "Netherlands",
                        "country_code": "NL",
                        "state": null,
                        "state_code": null
                    }
                ]
            },
            {
                "first_name": "Bart L",
                "last_name": "Haagmans",
                "initials": "",
                "corresponding": "",
                "orcid": "['0000-0001-6221-2015']",
                "current_organization_id": "grid.5645.2",
                "researcher_id": "ur.015465550657.43",
                "affiliations": [
                    {
                        "id": "grid.5645.2",
                        "name": "Erasmus University Medical Center",
                        "city": "Rotterdam",
                        "city_id": 2747891,
                        "country": "Netherlands",
                        "country_code": "NL",
                        "state": null,
                        "state_code": null
                    }
                ]
            }
        ]
    ],
    "type": "article"
}