{
    "author_affiliations": [
        [
            {
                "first_name": "Akshaya Srikanth",
                "last_name": "Bhagavathula",
                "initials": "",
                "corresponding": "",
                "orcid": "",
                "current_organization_id": "",
                "researcher_id": "",
                "affiliations": [
                    {
                        "id": "grid.43519.3a",
                        "name": "United Arab Emirates University",
                        "city": "Al Ain",
                        "city_id": 292913,
                        "country": "United Arab Emirates",
                        "country_code": "AE",
                        "state": null,
                        "state_code": null
                    }
                ]
            },
            {
                "first_name": "Abdulla",
                "last_name": "Shehab",
                "initials": "",
                "corresponding": "",
                "orcid": "",
                "current_organization_id": "grid.43519.3a",
                "researcher_id": "ur.014104263115.33",
                "affiliations": [
                    {
                        "id": "grid.43519.3a",
                        "name": "United Arab Emirates University",
                        "city": "Al Ain",
                        "city_id": 292913,
                        "country": "United Arab Emirates",
                        "country_code": "AE",
                        "state": null,
                        "state_code": null
                    }
                ]
            }
        ]
    ],
    "research_org_countries": [
        {
            "id": "AE",
            "name": "United Arab Emirates"
        }
    ],
    "title": "The Story of Mysterious Pneumonia and the Response to Deadly Novel Coronavirus (2019-nCoV): So Far!",
    "research_org_cities": [
        {
            "id": 292913,
            "name": "Al Ain City"
        }
    ],
    "pages": "7-10",
    "issue": "1",
    "doi": "10.2174/0250688202001010007",
    "times_cited": 0,
    "journal": {
        "id": "jour.1091770",
        "title": "Emirates medical journal"
    },
    "year": 2020,
    "research_orgs": [
        {
            "id": "grid.43519.3a",
            "name": "United Arab Emirates University",
            "linkout": [
                "http://www.uaeu.ac.ae/en/"
            ],
            "country_name": "United Arab Emirates",
            "types": [
                "Education"
            ],
            "latitude": 24.198948,
            "acronym": "UAEU",
            "city_name": "Al Ain",
            "longitude": 55.678852
        }
    ],
    "id": "pub.1125281352",
    "references": [
        "pub.1124289383",
        "pub.1043084785",
        "pub.1124223059",
        "pub.1124289146",
        "pub.1124290823",
        "pub.1124445588",
        "pub.1124460938",
        "pub.1124295864",
        "pub.1124366173",
        "pub.1124326514"
    ],
    "research_org_country_names": [
        "United Arab Emirates"
    ],
    "date": "2020-02-25",
    "researchers": [
        {
            "id": "ur.014104263115.33",
            "last_name": "Shehab",
            "first_name": "Abdulla"
        }
    ],
    "type": "article",
    "volume": "1"
}