{
    "pmid": "28659436",
    "author_affiliations": [
        [
            {
                "first_name": "Timothy P.",
                "last_name": "Sheahan",
                "initials": "",
                "corresponding": "",
                "orcid": "",
                "current_organization_id": "grid.10698.36",
                "researcher_id": "ur.014016220347.87",
                "affiliations": [
                    {
                        "id": "grid.10698.36",
                        "name": "University of North Carolina at Chapel Hill",
                        "city": "Chapel Hill",
                        "city_id": 4460162,
                        "country": "United States",
                        "country_code": "US",
                        "state": "North Carolina",
                        "state_code": "US-NC"
                    }
                ]
            },
            {
                "first_name": "Amy C.",
                "last_name": "Sims",
                "initials": "",
                "corresponding": "",
                "orcid": "",
                "current_organization_id": "grid.10698.36",
                "researcher_id": "ur.01214552051.73",
                "affiliations": [
                    {
                        "id": "grid.10698.36",
                        "name": "University of North Carolina at Chapel Hill",
                        "city": "Chapel Hill",
                        "city_id": 4460162,
                        "country": "United States",
                        "country_code": "US",
                        "state": "North Carolina",
                        "state_code": "US-NC"
                    }
                ]
            },
            {
                "first_name": "Rachel L.",
                "last_name": "Graham",
                "initials": "",
                "corresponding": "",
                "orcid": "['0000-0002-3143-6515']",
                "current_organization_id": "grid.10698.36",
                "researcher_id": "ur.01326650135.92",
                "affiliations": [
                    {
                        "id": "grid.10698.36",
                        "name": "University of North Carolina at Chapel Hill",
                        "city": "Chapel Hill",
                        "city_id": 4460162,
                        "country": "United States",
                        "country_code": "US",
                        "state": "North Carolina",
                        "state_code": "US-NC"
                    }
                ]
            },
            {
                "first_name": "Vineet D.",
                "last_name": "Menachery",
                "initials": "",
                "corresponding": "",
                "orcid": "['0000-0001-8803-7606']",
                "current_organization_id": "grid.176731.5",
                "researcher_id": "ur.01361106063.43",
                "affiliations": [
                    {
                        "id": "grid.10698.36",
                        "name": "University of North Carolina at Chapel Hill",
                        "city": "Chapel Hill",
                        "city_id": 4460162,
                        "country": "United States",
                        "country_code": "US",
                        "state": "North Carolina",
                        "state_code": "US-NC"
                    }
                ]
            },
            {
                "first_name": "Lisa E.",
                "last_name": "Gralinski",
                "initials": "",
                "corresponding": "",
                "orcid": "['0000-0003-1374-8002']",
                "current_organization_id": "grid.10698.36",
                "researcher_id": "ur.01340242547.05",
                "affiliations": [
                    {
                        "id": "grid.10698.36",
                        "name": "University of North Carolina at Chapel Hill",
                        "city": "Chapel Hill",
                        "city_id": 4460162,
                        "country": "United States",
                        "country_code": "US",
                        "state": "North Carolina",
                        "state_code": "US-NC"
                    }
                ]
            },
            {
                "first_name": "James B.",
                "last_name": "Case",
                "initials": "",
                "corresponding": "",
                "orcid": "",
                "current_organization_id": "grid.412807.8",
                "researcher_id": "ur.01206633375.37",
                "affiliations": [
                    {
                        "id": "grid.412807.8",
                        "name": "Vanderbilt University Medical Center",
                        "city": "Nashville",
                        "city_id": 4644585,
                        "country": "United States",
                        "country_code": "US",
                        "state": "Tennessee",
                        "state_code": "US-TN"
                    }
                ]
            },
            {
                "first_name": "Sarah R.",
                "last_name": "Leist",
                "initials": "",
                "corresponding": "",
                "orcid": "['0000-0002-4989-5381']",
                "current_organization_id": "grid.10698.36",
                "researcher_id": "ur.0715544742.03",
                "affiliations": [
                    {
                        "id": "grid.10698.36",
                        "name": "University of North Carolina at Chapel Hill",
                        "city": "Chapel Hill",
                        "city_id": 4460162,
                        "country": "United States",
                        "country_code": "US",
                        "state": "North Carolina",
                        "state_code": "US-NC"
                    }
                ]
            },
            {
                "first_name": "Krzysztof",
                "last_name": "Pyrc",
                "initials": "",
                "corresponding": "",
                "orcid": "['0000-0002-3867-7688']",
                "current_organization_id": "grid.5522.0",
                "researcher_id": "ur.01320577305.11",
                "affiliations": [
                    {
                        "id": "grid.5522.0",
                        "name": "Jagiellonian University",
                        "city": "Krakow",
                        "city_id": 3094802,
                        "country": "Poland",
                        "country_code": "PL",
                        "state": null,
                        "state_code": null
                    }
                ]
            },
            {
                "first_name": "Joy Y.",
                "last_name": "Feng",
                "initials": "",
                "corresponding": "",
                "orcid": "",
                "current_organization_id": "grid.418227.a",
                "researcher_id": "ur.01055055556.26",
                "affiliations": [
                    {
                        "id": "grid.418227.a",
                        "name": "Gilead Sciences (United States)",
                        "city": "Foster City",
                        "city_id": 5350159,
                        "country": "United States",
                        "country_code": "US",
                        "state": "California",
                        "state_code": "US-CA"
                    }
                ]
            },
            {
                "first_name": "Iva",
                "last_name": "Trantcheva",
                "initials": "",
                "corresponding": "",
                "orcid": "",
                "current_organization_id": "grid.418227.a",
                "researcher_id": "ur.012143431003.58",
                "affiliations": [
                    {
                        "id": "grid.418227.a",
                        "name": "Gilead Sciences (United States)",
                        "city": "Foster City",
                        "city_id": 5350159,
                        "country": "United States",
                        "country_code": "US",
                        "state": "California",
                        "state_code": "US-CA"
                    }
                ]
            },
            {
                "first_name": "Roy",
                "last_name": "Bannister",
                "initials": "",
                "corresponding": "",
                "orcid": "",
                "current_organization_id": "grid.418227.a",
                "researcher_id": "ur.0711142410.82",
                "affiliations": [
                    {
                        "id": "grid.418227.a",
                        "name": "Gilead Sciences (United States)",
                        "city": "Foster City",
                        "city_id": 5350159,
                        "country": "United States",
                        "country_code": "US",
                        "state": "California",
                        "state_code": "US-CA"
                    }
                ]
            },
            {
                "first_name": "Yeojin",
                "last_name": "Park",
                "initials": "",
                "corresponding": "",
                "orcid": "",
                "current_organization_id": "grid.418227.a",
                "researcher_id": "ur.0653314021.16",
                "affiliations": [
                    {
                        "id": "grid.418227.a",
                        "name": "Gilead Sciences (United States)",
                        "city": "Foster City",
                        "city_id": 5350159,
                        "country": "United States",
                        "country_code": "US",
                        "state": "California",
                        "state_code": "US-CA"
                    }
                ]
            },
            {
                "first_name": "Darius",
                "last_name": "Babusis",
                "initials": "",
                "corresponding": "",
                "orcid": "",
                "current_organization_id": "grid.418227.a",
                "researcher_id": "ur.0624516251.52",
                "affiliations": [
                    {
                        "id": "grid.418227.a",
                        "name": "Gilead Sciences (United States)",
                        "city": "Foster City",
                        "city_id": 5350159,
                        "country": "United States",
                        "country_code": "US",
                        "state": "California",
                        "state_code": "US-CA"
                    }
                ]
            },
            {
                "first_name": "Michael O.",
                "last_name": "Clarke",
                "initials": "",
                "corresponding": "",
                "orcid": "",
                "current_organization_id": "grid.418227.a",
                "researcher_id": "ur.01010312617.60",
                "affiliations": [
                    {
                        "id": "grid.418227.a",
                        "name": "Gilead Sciences (United States)",
                        "city": "Foster City",
                        "city_id": 5350159,
                        "country": "United States",
                        "country_code": "US",
                        "state": "California",
                        "state_code": "US-CA"
                    }
                ]
            },
            {
                "first_name": "Richard L.",
                "last_name": "Mackman",
                "initials": "",
                "corresponding": "",
                "orcid": "",
                "current_organization_id": "grid.418227.a",
                "researcher_id": "ur.01004171520.52",
                "affiliations": [
                    {
                        "id": "grid.418227.a",
                        "name": "Gilead Sciences (United States)",
                        "city": "Foster City",
                        "city_id": 5350159,
                        "country": "United States",
                        "country_code": "US",
                        "state": "California",
                        "state_code": "US-CA"
                    }
                ]
            },
            {
                "first_name": "Jamie E.",
                "last_name": "Spahn",
                "initials": "",
                "corresponding": "",
                "orcid": "",
                "current_organization_id": "grid.418227.a",
                "researcher_id": "ur.01034425101.98",
                "affiliations": [
                    {
                        "id": "grid.418227.a",
                        "name": "Gilead Sciences (United States)",
                        "city": "Foster City",
                        "city_id": 5350159,
                        "country": "United States",
                        "country_code": "US",
                        "state": "California",
                        "state_code": "US-CA"
                    }
                ]
            },
            {
                "first_name": "Christopher A.",
                "last_name": "Palmiotti",
                "initials": "",
                "corresponding": "",
                "orcid": "",
                "current_organization_id": "grid.418227.a",
                "researcher_id": "ur.01300626202.12",
                "affiliations": [
                    {
                        "id": "grid.418227.a",
                        "name": "Gilead Sciences (United States)",
                        "city": "Foster City",
                        "city_id": 5350159,
                        "country": "United States",
                        "country_code": "US",
                        "state": "California",
                        "state_code": "US-CA"
                    }
                ]
            },
            {
                "first_name": "Dustin",
                "last_name": "Siegel",
                "initials": "",
                "corresponding": "",
                "orcid": "",
                "current_organization_id": "grid.418227.a",
                "researcher_id": "ur.0630751116.07",
                "affiliations": [
                    {
                        "id": "grid.418227.a",
                        "name": "Gilead Sciences (United States)",
                        "city": "Foster City",
                        "city_id": 5350159,
                        "country": "United States",
                        "country_code": "US",
                        "state": "California",
                        "state_code": "US-CA"
                    }
                ]
            },
            {
                "first_name": "Adrian S.",
                "last_name": "Ray",
                "initials": "",
                "corresponding": "",
                "orcid": "['0000-0002-3508-3008']",
                "current_organization_id": "grid.418227.a",
                "researcher_id": "ur.0751376200.10",
                "affiliations": [
                    {
                        "id": "grid.418227.a",
                        "name": "Gilead Sciences (United States)",
                        "city": "Foster City",
                        "city_id": 5350159,
                        "country": "United States",
                        "country_code": "US",
                        "state": "California",
                        "state_code": "US-CA"
                    }
                ]
            },
            {
                "first_name": "Tomas",
                "last_name": "Cihlar",
                "initials": "",
                "corresponding": "",
                "orcid": "",
                "current_organization_id": "grid.418227.a",
                "researcher_id": "ur.0625471020.00",
                "affiliations": [
                    {
                        "id": "grid.418227.a",
                        "name": "Gilead Sciences (United States)",
                        "city": "Foster City",
                        "city_id": 5350159,
                        "country": "United States",
                        "country_code": "US",
                        "state": "California",
                        "state_code": "US-CA"
                    }
                ]
            },
            {
                "first_name": "Robert",
                "last_name": "Jordan",
                "initials": "",
                "corresponding": "",
                "orcid": "",
                "current_organization_id": "grid.418227.a",
                "researcher_id": "ur.01314001166.55",
                "affiliations": [
                    {
                        "id": "grid.418227.a",
                        "name": "Gilead Sciences (United States)",
                        "city": "Foster City",
                        "city_id": 5350159,
                        "country": "United States",
                        "country_code": "US",
                        "state": "California",
                        "state_code": "US-CA"
                    }
                ]
            },
            {
                "first_name": "Mark R.",
                "last_name": "Denison",
                "initials": "",
                "corresponding": "",
                "orcid": "['0000-0003-2655-0900']",
                "current_organization_id": "grid.412807.8",
                "researcher_id": "ur.0712064037.54",
                "affiliations": [
                    {
                        "id": "grid.412807.8",
                        "name": "Vanderbilt University Medical Center",
                        "city": "Nashville",
                        "city_id": 4644585,
                        "country": "United States",
                        "country_code": "US",
                        "state": "Tennessee",
                        "state_code": "US-TN"
                    }
                ]
            },
            {
                "first_name": "Ralph S.",
                "last_name": "Baric",
                "initials": "",
                "corresponding": "",
                "orcid": "['0000-0001-6827-8701']",
                "current_organization_id": "grid.10698.36",
                "researcher_id": "ur.016314333017.37",
                "affiliations": [
                    {
                        "id": "grid.10698.36",
                        "name": "University of North Carolina at Chapel Hill",
                        "city": "Chapel Hill",
                        "city_id": 4460162,
                        "country": "United States",
                        "country_code": "US",
                        "state": "North Carolina",
                        "state_code": "US-NC"
                    }
                ]
            }
        ]
    ],
    "altmetric": 394.0,
    "FOR": [
        {
            "id": "3114",
            "name": "1108 Medical Microbiology"
        }
    ],
    "research_org_countries": [
        {
            "id": "PL",
            "name": "Poland"
        },
        {
            "id": "US",
            "name": "United States"
        }
    ],
    "title": "Broad-spectrum antiviral GS-5734 inhibits both epidemic and zoonotic coronaviruses",
    "research_org_cities": [
        {
            "id": 4644585,
            "name": "Nashville"
        },
        {
            "id": 4460162,
            "name": "Chapel Hill"
        },
        {
            "id": 3094802,
            "name": "Krak\u00f3w"
        },
        {
            "id": 5350159,
            "name": "Foster City"
        }
    ],
    "pages": "eaal3653",
    "issue": "396",
    "research_org_state_names": [
        "Tennessee",
        "California",
        "North Carolina"
    ],
    "open_access": [
        "Open Access - all",
        "Open Access - publisher",
        "Open Access - published"
    ],
    "doi": "10.1126/scitranslmed.aal3653",
    "times_cited": 56,
    "journal": {
        "id": "jour.1041454",
        "title": "Science Translational Medicine"
    },
    "funders": [
        {
            "id": "grid.419635.c",
            "name": "National Institute of Diabetes and Digestive and Kidney Diseases",
            "linkout": [
                "http://www.niddk.nih.gov/"
            ],
            "country_name": "United States",
            "types": [
                "Facility"
            ],
            "latitude": 39.003628,
            "acronym": "NIDDK",
            "state_name": "Maryland",
            "city_name": "Bethesda",
            "longitude": -77.10107
        },
        {
            "id": "grid.418227.a",
            "name": "Gilead Sciences (United States)",
            "linkout": [
                "http://www.gilead.com/"
            ],
            "country_name": "United States",
            "types": [
                "Company"
            ],
            "latitude": 37.56749,
            "acronym": "Gilead",
            "state_name": "California",
            "city_name": "Foster City",
            "longitude": -122.28157
        },
        {
            "id": "grid.427709.f",
            "name": "Cystic Fibrosis Foundation",
            "linkout": [
                "https://www.cff.org/"
            ],
            "country_name": "United States",
            "types": [
                "Nonprofit"
            ],
            "latitude": 38.979183,
            "acronym": "CFF",
            "state_name": "Maryland",
            "city_name": "Bethesda",
            "longitude": -77.09811
        },
        {
            "id": "grid.419681.3",
            "name": "National Institute of Allergy and Infectious Diseases",
            "linkout": [
                "http://www.niaid.nih.gov/Pages/default.aspx"
            ],
            "country_name": "United States",
            "types": [
                "Facility"
            ],
            "latitude": 39.066647,
            "acronym": "NIAID",
            "state_name": "Maryland",
            "city_name": "Bethesda",
            "longitude": -77.11183
        },
        {
            "id": "grid.279885.9",
            "name": "National Heart Lung and Blood Institute",
            "linkout": [
                "http://www.nhlbi.nih.gov/"
            ],
            "country_name": "United States",
            "types": [
                "Facility"
            ],
            "latitude": 39.00428,
            "acronym": "NHLBI",
            "state_name": "Maryland",
            "city_name": "Bethesda",
            "longitude": -77.100945
        }
    ],
    "year": 2017,
    "research_orgs": [
        {
            "id": "grid.412807.8",
            "name": "Vanderbilt University Medical Center",
            "linkout": [
                "https://ww2.mc.vanderbilt.edu/"
            ],
            "country_name": "United States",
            "types": [
                "Healthcare"
            ],
            "latitude": 36.1421,
            "acronym": "VUMC",
            "state_name": "Tennessee",
            "city_name": "Nashville",
            "longitude": -86.8016
        },
        {
            "id": "grid.5522.0",
            "name": "Jagiellonian University",
            "linkout": [
                "http://www.uj.edu.pl/en_GB/"
            ],
            "country_name": "Poland",
            "types": [
                "Education"
            ],
            "latitude": 50.060833,
            "city_name": "Krakow",
            "longitude": 19.932777
        },
        {
            "id": "grid.418227.a",
            "name": "Gilead Sciences (United States)",
            "linkout": [
                "http://www.gilead.com/"
            ],
            "country_name": "United States",
            "types": [
                "Company"
            ],
            "latitude": 37.56749,
            "acronym": "Gilead",
            "state_name": "California",
            "city_name": "Foster City",
            "longitude": -122.28157
        },
        {
            "id": "grid.10698.36",
            "name": "University of North Carolina at Chapel Hill",
            "linkout": [
                "http://www.unc.edu/"
            ],
            "country_name": "United States",
            "types": [
                "Education"
            ],
            "latitude": 35.905163,
            "acronym": "UNC",
            "state_name": "North Carolina",
            "city_name": "Chapel Hill",
            "longitude": -79.04694
        }
    ],
    "id": "pub.1090391462",
    "references": [
        "pub.1005569215",
        "pub.1053549246",
        "pub.1017363382",
        "pub.1024782211",
        "pub.1045422127",
        "pub.1008192771",
        "pub.1013635950",
        "pub.1017604076",
        "pub.1030864342",
        "pub.1012177280",
        "pub.1048108674",
        "pub.1004703294",
        "pub.1024269249",
        "pub.1023394805",
        "pub.1043958679",
        "pub.1028650536",
        "pub.1030475215",
        "pub.1000881361",
        "pub.1049064472",
        "pub.1004363279",
        "pub.1045165751",
        "pub.1038446973",
        "pub.1008871693",
        "pub.1038893251",
        "pub.1059709808",
        "pub.1011160377",
        "pub.1004476368",
        "pub.1015704176",
        "pub.1020749641",
        "pub.1031889825",
        "pub.1022522454",
        "pub.1011722702",
        "pub.1030447815",
        "pub.1060399477"
    ],
    "research_org_country_names": [
        "United States",
        "Poland"
    ],
    "date": "2017-06-28",
    "research_org_state_codes": [
        {
            "id": "US-TN",
            "name": "Tennessee"
        },
        {
            "id": "US-NC",
            "name": "North Carolina"
        },
        {
            "id": "US-CA",
            "name": "California"
        }
    ],
    "researchers": [
        {
            "id": "ur.014016220347.87",
            "research_orgs": [
                "grid.10698.36",
                "grid.134907.8",
                "grid.410711.2"
            ],
            "last_name": "Sheahan",
            "first_name": "Timothy Patrick"
        },
        {
            "id": "ur.01214552051.73",
            "research_orgs": [
                "grid.10698.36",
                "grid.412807.8",
                "grid.152326.1",
                "grid.410711.2",
                "grid.451303.0"
            ],
            "last_name": "Sims",
            "first_name": "Amy C"
        },
        {
            "id": "ur.01326650135.92",
            "research_orgs": [
                "grid.25879.31",
                "grid.152326.1",
                "grid.417924.d",
                "grid.418309.7",
                "grid.10698.36",
                "grid.419260.8",
                "grid.410711.2",
                "grid.239552.a",
                "grid.412807.8",
                "grid.189967.8"
            ],
            "last_name": "Graham",
            "first_name": "Rachel Lauren",
            "orcid_id": [
                "0000-0002-3143-6515"
            ]
        },
        {
            "id": "ur.01361106063.43",
            "research_orgs": [
                "grid.176731.5",
                "grid.4367.6",
                "grid.410711.2",
                "grid.55460.32",
                "grid.10698.36"
            ],
            "last_name": "Menachery",
            "first_name": "Vineet D",
            "orcid_id": [
                "0000-0001-8803-7606"
            ]
        },
        {
            "id": "ur.01340242547.05",
            "research_orgs": [
                "grid.10698.36",
                "grid.251075.4",
                "grid.214458.e",
                "grid.410711.2"
            ],
            "last_name": "Gralinski",
            "first_name": "Lisa E",
            "orcid_id": [
                "0000-0003-1374-8002"
            ]
        },
        {
            "id": "ur.01206633375.37",
            "research_orgs": [
                "grid.412807.8",
                "grid.152326.1"
            ],
            "last_name": "Case",
            "first_name": "James Brett"
        },
        {
            "id": "ur.0715544742.03",
            "research_orgs": [
                "grid.412970.9",
                "grid.10698.36",
                "grid.5330.5",
                "grid.410711.2",
                "grid.7490.a"
            ],
            "last_name": "Leist",
            "first_name": "Sarah Rebecca",
            "orcid_id": [
                "0000-0002-4989-5381"
            ]
        },
        {
            "id": "ur.01320577305.11",
            "research_orgs": [
                "grid.5650.6",
                "grid.7177.6",
                "grid.5522.0"
            ],
            "last_name": "Pyrc",
            "first_name": "Krzysztof",
            "orcid_id": [
                "0000-0002-3867-7688"
            ]
        },
        {
            "id": "ur.01055055556.26",
            "research_orgs": [
                "grid.418227.a",
                "grid.47100.32"
            ],
            "last_name": "Feng",
            "first_name": "Joy Y"
        },
        {
            "id": "ur.012143431003.58",
            "research_orgs": [
                "grid.418227.a"
            ],
            "last_name": "Trantcheva",
            "first_name": "Iva"
        },
        {
            "id": "ur.0711142410.82",
            "research_orgs": [
                "grid.418227.a"
            ],
            "last_name": "Bannister",
            "first_name": "Roy"
        },
        {
            "id": "ur.0653314021.16",
            "research_orgs": [
                "grid.418227.a"
            ],
            "last_name": "Park",
            "first_name": "Yeojin"
        },
        {
            "id": "ur.0624516251.52",
            "research_orgs": [
                "grid.418722.a",
                "grid.418227.a",
                "grid.417882.0"
            ],
            "last_name": "Babusis",
            "first_name": "Darius M"
        },
        {
            "id": "ur.01010312617.60",
            "research_orgs": [
                "grid.418227.a"
            ],
            "last_name": "Clarke",
            "first_name": "Michael O"
        },
        {
            "id": "ur.01004171520.52",
            "research_orgs": [
                "grid.418227.a",
                "grid.418892.e",
                "grid.420086.8",
                "grid.418124.a"
            ],
            "last_name": "Mackman",
            "first_name": "Richard L"
        },
        {
            "id": "ur.01034425101.98",
            "research_orgs": [
                "grid.418227.a",
                "grid.133342.4"
            ],
            "last_name": "Spahn",
            "first_name": "Jamie E"
        },
        {
            "id": "ur.01300626202.12",
            "research_orgs": [
                "grid.418227.a"
            ],
            "last_name": "Palmiotti",
            "first_name": "Christopher A"
        },
        {
            "id": "ur.0630751116.07",
            "research_orgs": [
                "grid.418227.a"
            ],
            "last_name": "Siegel",
            "first_name": "Dustin"
        },
        {
            "id": "ur.0751376200.10",
            "research_orgs": [
                "grid.418227.a",
                "grid.189967.8",
                "grid.89336.37",
                "grid.47100.32",
                "grid.34477.33"
            ],
            "last_name": "Ray",
            "first_name": "Adrian S",
            "orcid_id": [
                "0000-0002-3508-3008"
            ]
        },
        {
            "id": "ur.0625471020.00",
            "research_orgs": [
                "grid.418227.a",
                "grid.418892.e"
            ],
            "last_name": "Cihlar",
            "first_name": "Tomas"
        },
        {
            "id": "ur.01314001166.55",
            "research_orgs": [
                "grid.418227.a",
                "grid.25879.31",
                "grid.65499.37",
                "grid.281288.9"
            ],
            "last_name": "Jordan",
            "first_name": "Robert A"
        },
        {
            "id": "ur.0712064037.54",
            "research_orgs": [
                "grid.412807.8",
                "grid.265008.9",
                "grid.152326.1",
                "grid.214572.7",
                "grid.416074.0",
                "grid.267628.f"
            ],
            "last_name": "Denison",
            "first_name": "Mark R",
            "orcid_id": [
                "0000-0003-2655-0900"
            ]
        },
        {
            "id": "ur.016314333017.37",
            "research_orgs": [
                "grid.239552.a",
                "grid.410711.2",
                "grid.267309.9",
                "grid.483504.e",
                "grid.418309.7",
                "grid.5288.7",
                "grid.419260.8",
                "grid.189967.8",
                "grid.152326.1",
                "grid.10698.36",
                "grid.417924.d",
                "grid.25879.31",
                "grid.42505.36",
                "grid.34477.33",
                "grid.40803.3f",
                "grid.451303.0",
                "grid.83440.3b"
            ],
            "last_name": "Baric",
            "first_name": "Ralph Steven",
            "orcid_id": [
                "0000-0001-6827-8701"
            ]
        }
    ],
    "relative_citation_ratio": 4.35,
    "type": "article",
    "volume": "9",
    "pmcid": "PMC5567817"
}