{
    "volume": "31",
    "date": "2016-02-01",
    "title": "Two-tube multiplex real-time reverse transcription PCR to detect six human coronaviruses",
    "researchers": [
        {
            "id": "ur.01224402300.11",
            "last_name": "Niu",
            "first_name": "Pei-Hua",
            "research_orgs": [
                "grid.268099.c",
                "grid.198530.6"
            ]
        },
        {
            "id": "ur.01172537033.55",
            "last_name": "Shen",
            "first_name": "Jun",
            "research_orgs": [
                "grid.8547.e",
                "grid.411333.7"
            ]
        },
        {
            "id": "ur.01301202165.60",
            "last_name": "Zhu",
            "first_name": "Na",
            "research_orgs": [
                "grid.453135.5",
                "grid.198530.6"
            ]
        },
        {
            "id": "ur.01223312003.08",
            "last_name": "Lu",
            "first_name": "Rou-Jian",
            "research_orgs": [
                "grid.268099.c",
                "grid.265892.2",
                "grid.198530.6"
            ]
        },
        {
            "id": "ur.01143221111.34",
            "last_name": "Tan",
            "first_name": "Wen-Jie",
            "research_orgs": [
                "grid.9227.e",
                "grid.453135.5",
                "grid.268099.c",
                "grid.198530.6",
                "grid.419897.a",
                "grid.64924.3d"
            ]
        }
    ],
    "pages": "85-88",
    "research_org_cities": [
        {
            "id": 1796236,
            "name": "Shanghai"
        },
        {
            "id": 1816670,
            "name": "Beijing"
        }
    ],
    "open_access": [
        "Open Access - all",
        "Open Access - publisher",
        "Open Access - published"
    ],
    "research_org_countries": [
        {
            "id": "CN",
            "name": "China"
        }
    ],
    "doi": "10.1007/s12250-015-3653-9",
    "times_cited": 7,
    "research_orgs": [
        {
            "id": "grid.411333.7",
            "acronym": "CHFU",
            "types": [
                "Healthcare"
            ],
            "longitude": 121.39514,
            "linkout": [
                "http://ch.shmu.edu.cn/"
            ],
            "latitude": 31.139793,
            "name": "Children's Hospital of Fudan University",
            "city_name": "Shanghai",
            "country_name": "China"
        }
    ],
    "pmid": "26826078",
    "research_org_country_names": [
        "China"
    ],
    "id": "pub.1018592791",
    "issue": "1",
    "journal": {
        "id": "jour.1042024",
        "title": "Virologica Sinica"
    },
    "year": 2016,
    "references": [
        "pub.1040537891",
        "pub.1010993005",
        "pub.1043875870",
        "pub.1009842824",
        "pub.1022112012",
        "pub.1020304704",
        "pub.1078936220",
        "pub.1038031634",
        "pub.1013012536",
        "pub.1030517209",
        "pub.1033727638"
    ],
    "relative_citation_ratio": 0.44,
    "author_affiliations": [
        [
            {
                "first_name": "Peihua",
                "last_name": "Niu",
                "initials": "",
                "corresponding": "",
                "orcid": "",
                "current_organization_id": "grid.198530.6",
                "researcher_id": "ur.01224402300.11",
                "affiliations": [
                    {
                        "name": "Key Laboratory of Medical Virology, Ministry of Health, National Institute for Viral Disease Control and Prevention, Chinese Center for Disease Control and Prevention, 102206, Beijing, China"
                    }
                ]
            },
            {
                "first_name": "Jun",
                "last_name": "Shen",
                "initials": "",
                "corresponding": "",
                "orcid": "",
                "current_organization_id": "grid.411333.7",
                "researcher_id": "ur.01172537033.55",
                "affiliations": [
                    {
                        "id": "grid.411333.7",
                        "name": "Children's Hospital of Fudan University",
                        "city": "Shanghai",
                        "city_id": 1796236,
                        "country": "China",
                        "country_code": "CN",
                        "state": null,
                        "state_code": null
                    }
                ]
            },
            {
                "first_name": "Na",
                "last_name": "Zhu",
                "initials": "",
                "corresponding": "",
                "orcid": "",
                "current_organization_id": "grid.198530.6",
                "researcher_id": "ur.01301202165.60",
                "affiliations": [
                    {
                        "name": "Key Laboratory of Medical Virology, Ministry of Health, National Institute for Viral Disease Control and Prevention, Chinese Center for Disease Control and Prevention, 102206, Beijing, China"
                    }
                ]
            },
            {
                "first_name": "Roujian",
                "last_name": "Lu",
                "initials": "",
                "corresponding": "",
                "orcid": "",
                "current_organization_id": "grid.198530.6",
                "researcher_id": "ur.01223312003.08",
                "affiliations": [
                    {
                        "name": "Key Laboratory of Medical Virology, Ministry of Health, National Institute for Viral Disease Control and Prevention, Chinese Center for Disease Control and Prevention, 102206, Beijing, China"
                    }
                ]
            },
            {
                "first_name": "Wenjie",
                "last_name": "Tan",
                "initials": "",
                "corresponding": true,
                "orcid": "",
                "current_organization_id": "grid.198530.6",
                "researcher_id": "ur.01143221111.34",
                "affiliations": [
                    {
                        "name": "Key Laboratory of Medical Virology, Ministry of Health, National Institute for Viral Disease Control and Prevention, Chinese Center for Disease Control and Prevention, 102206, Beijing, China"
                    }
                ]
            }
        ]
    ],
    "type": "article"
}