{
    "research_org_country_names": [
        "China"
    ],
    "pmid": "32083985",
    "funders": [
        {
            "id": "grid.424020.0",
            "linkout": [
                "http://www.most.gov.cn/eng/"
            ],
            "city_name": "Beijing",
            "longitude": 116.316284,
            "acronym": "MOST",
            "latitude": 39.827835,
            "name": "Ministry of Science and Technology of the People's Republic of China",
            "types": [
                "Government"
            ],
            "country_name": "China"
        }
    ],
    "title": "Coronavirus Disease 2019 (COVID-19): A Perspective from China",
    "type": "article",
    "year": 2020,
    "journal": {
        "id": "jour.1018340",
        "title": "Radiology"
    },
    "researchers": [
        {
            "id": "ur.014357342275.19",
            "first_name": "Meng Di",
            "last_name": "Jiang"
        },
        {
            "id": "ur.012167020675.25",
            "first_name": "Peng Peng",
            "last_name": "Xu"
        },
        {
            "id": "ur.013165362215.15",
            "research_orgs": [
                "grid.440259.e",
                "grid.41156.37",
                "grid.280347.a",
                "grid.94365.3d"
            ],
            "first_name": "Qian Qian",
            "last_name": "Ni"
        },
        {
            "id": "ur.01263164160.87",
            "research_orgs": [
                "grid.440259.e",
                "grid.41156.37",
                "grid.265021.2"
            ],
            "first_name": "Long Jiang",
            "last_name": "Zhang",
            "orcid_id": [
                "0000-0002-6664-7224"
            ]
        }
    ],
    "FOR": [
        {
            "id": "3053",
            "name": "1103 Clinical Sciences"
        }
    ],
    "research_org_countries": [
        {
            "id": "CN",
            "name": "China"
        }
    ],
    "date": "2020-02-21",
    "altmetric": 125.0,
    "pages": "200490",
    "id": "pub.1125056441",
    "research_org_cities": [
        {
            "id": 1799962,
            "name": "Nanjing"
        }
    ],
    "open_access": [
        "Open Access - all",
        "Open Access - publisher",
        "Open Access - published"
    ],
    "author_affiliations": [
        [
            {
                "first_name": "Zi Yue",
                "last_name": "Zu",
                "initials": "",
                "corresponding": "",
                "orcid": "",
                "current_organization_id": "",
                "researcher_id": "",
                "affiliations": [
                    {
                        "name": "Department of Medical Imaging, Jinling Hospital, Medical School of Nanjing University, Nanjing, Jiangsu, 210002, China (Z.Y.Z., M.D.J., P.P.X., Q.Q.N., G.M.L., L.J.Z); Department of Medical Imaging, Taihe Hospital, Shiyan, Hubei, 442000, China (W.C)."
                    }
                ]
            },
            {
                "first_name": "Meng Di",
                "last_name": "Jiang",
                "initials": "",
                "corresponding": "",
                "orcid": "",
                "current_organization_id": "",
                "researcher_id": "ur.014357342275.19",
                "affiliations": [
                    {
                        "name": "Department of Medical Imaging, Jinling Hospital, Medical School of Nanjing University, Nanjing, Jiangsu, 210002, China (Z.Y.Z., M.D.J., P.P.X., Q.Q.N., G.M.L., L.J.Z); Department of Medical Imaging, Taihe Hospital, Shiyan, Hubei, 442000, China (W.C)."
                    }
                ]
            },
            {
                "first_name": "Peng Peng",
                "last_name": "Xu",
                "initials": "",
                "corresponding": "",
                "orcid": "",
                "current_organization_id": "",
                "researcher_id": "ur.012167020675.25",
                "affiliations": [
                    {
                        "name": "Department of Medical Imaging, Jinling Hospital, Medical School of Nanjing University, Nanjing, Jiangsu, 210002, China (Z.Y.Z., M.D.J., P.P.X., Q.Q.N., G.M.L., L.J.Z); Department of Medical Imaging, Taihe Hospital, Shiyan, Hubei, 442000, China (W.C)."
                    }
                ]
            },
            {
                "first_name": "Wen",
                "last_name": "Chen",
                "initials": "",
                "corresponding": "",
                "orcid": "",
                "current_organization_id": "",
                "researcher_id": "",
                "affiliations": [
                    {
                        "name": "Department of Medical Imaging, Jinling Hospital, Medical School of Nanjing University, Nanjing, Jiangsu, 210002, China (Z.Y.Z., M.D.J., P.P.X., Q.Q.N., G.M.L., L.J.Z); Department of Medical Imaging, Taihe Hospital, Shiyan, Hubei, 442000, China (W.C)."
                    }
                ]
            },
            {
                "first_name": "Qian Qian",
                "last_name": "Ni",
                "initials": "",
                "corresponding": "",
                "orcid": "",
                "current_organization_id": "grid.280347.a",
                "researcher_id": "ur.013165362215.15",
                "affiliations": [
                    {
                        "name": "Department of Medical Imaging, Jinling Hospital, Medical School of Nanjing University, Nanjing, Jiangsu, 210002, China (Z.Y.Z., M.D.J., P.P.X., Q.Q.N., G.M.L., L.J.Z); Department of Medical Imaging, Taihe Hospital, Shiyan, Hubei, 442000, China (W.C)."
                    }
                ]
            },
            {
                "first_name": "Guang Ming",
                "last_name": "Lu",
                "initials": "",
                "corresponding": "",
                "orcid": "",
                "current_organization_id": "",
                "researcher_id": "",
                "affiliations": [
                    {
                        "name": "Department of Medical Imaging, Jinling Hospital, Medical School of Nanjing University, Nanjing, Jiangsu, 210002, China (Z.Y.Z., M.D.J., P.P.X., Q.Q.N., G.M.L., L.J.Z); Department of Medical Imaging, Taihe Hospital, Shiyan, Hubei, 442000, China (W.C)."
                    }
                ]
            },
            {
                "first_name": "Long Jiang",
                "last_name": "Zhang",
                "initials": "",
                "corresponding": "",
                "orcid": "['0000-0002-6664-7224']",
                "current_organization_id": "grid.440259.e",
                "researcher_id": "ur.01263164160.87",
                "affiliations": [
                    {
                        "name": "Department of Medical Imaging, Jinling Hospital, Medical School of Nanjing University, Nanjing, Jiangsu, 210002, China (Z.Y.Z., M.D.J., P.P.X., Q.Q.N., G.M.L., L.J.Z); Department of Medical Imaging, Taihe Hospital, Shiyan, Hubei, 442000, China (W.C)."
                    }
                ]
            }
        ]
    ],
    "doi": "10.1148/radiol.2020200490",
    "times_cited": 5,
    "references": [
        "pub.1124835910",
        "pub.1124856688",
        "pub.1014536983",
        "pub.1124883584",
        "pub.1051379891",
        "pub.1017604076",
        "pub.1124545162",
        "pub.1124545567",
        "pub.1124587871",
        "pub.1124859492",
        "pub.1124663256",
        "pub.1124843280",
        "pub.1124290823",
        "pub.1124835909",
        "pub.1124588717",
        "pub.1124960155",
        "pub.1124427336",
        "pub.1124289146",
        "pub.1124954371",
        "pub.1124862508",
        "pub.1124815253",
        "pub.1124493753",
        "pub.1124461627",
        "pub.1124859413",
        "pub.1026832593",
        "pub.1124825047",
        "pub.1010645762",
        "pub.1015704176",
        "pub.1124368690",
        "pub.1124678861",
        "pub.1120765859",
        "pub.1124434742",
        "pub.1124858792",
        "pub.1027701571",
        "pub.1124428749",
        "pub.1124563220",
        "pub.1124837555",
        "pub.1124955574",
        "pub.1036518351",
        "pub.1124864925",
        "pub.1124457898",
        "pub.1124295864",
        "pub.1124590454",
        "pub.1122097233",
        "pub.1043958679",
        "pub.1025461012",
        "pub.1029261052",
        "pub.1124408081",
        "pub.1124462157",
        "pub.1124883583",
        "pub.1124648881",
        "pub.1124650779",
        "pub.1124654147",
        "pub.1124590669"
    ]
}