{
    "research_orgs": [
        {
            "id": "grid.416271.7",
            "linkout": [
                "http://www.nbdyyy.com/hospital/english.aspx"
            ],
            "city_name": "Ningbo",
            "longitude": 121.54655,
            "latitude": 29.86762,
            "name": "Ningbo First Hospital",
            "types": [
                "Healthcare"
            ],
            "country_name": "China"
        }
    ],
    "research_org_country_names": [
        "China"
    ],
    "title": "Validity of Wrist and Forehead Temperature in Temperature Screening in the General Population During the Outbreak of 2019 Novel Coronavirus: a prospective real-world study",
    "type": "article",
    "year": 2020,
    "journal": {
        "id": "jour.1369542",
        "title": "medRxiv"
    },
    "FOR": [
        {
            "id": "3177",
            "name": "1117 Public Health and Health Services"
        }
    ],
    "research_org_countries": [
        {
            "id": "CN",
            "name": "China"
        }
    ],
    "date": "2020-03-06",
    "altmetric": 4.0,
    "pages": "2020.03.02.20030148",
    "id": "pub.1125456330",
    "research_org_cities": [
        {
            "id": 1799397,
            "name": "Ningbo"
        }
    ],
    "open_access": [
        "Open Access - all",
        "Open Access - publisher",
        "Open Access - published"
    ],
    "author_affiliations": [
        [
            {
                "first_name": "Ge",
                "last_name": "Chen",
                "initials": "",
                "corresponding": "",
                "orcid": "",
                "current_organization_id": "",
                "researcher_id": "",
                "affiliations": [
                    {
                        "id": "grid.416271.7",
                        "name": "Ningbo First Hospital",
                        "city": "Ningbo",
                        "city_id": 1799397,
                        "country": "China",
                        "country_code": "CN",
                        "state": null,
                        "state_code": null
                    }
                ]
            },
            {
                "first_name": "Jiarong",
                "last_name": "Xie",
                "initials": "",
                "corresponding": "",
                "orcid": "",
                "current_organization_id": "",
                "researcher_id": "",
                "affiliations": [
                    {
                        "id": "grid.416271.7",
                        "name": "Ningbo First Hospital",
                        "city": "Ningbo",
                        "city_id": 1799397,
                        "country": "China",
                        "country_code": "CN",
                        "state": null,
                        "state_code": null
                    }
                ]
            },
            {
                "first_name": "Guangli",
                "last_name": "Dai",
                "initials": "",
                "corresponding": "",
                "orcid": "",
                "current_organization_id": "",
                "researcher_id": "",
                "affiliations": [
                    {
                        "id": "grid.416271.7",
                        "name": "Ningbo First Hospital",
                        "city": "Ningbo",
                        "city_id": 1799397,
                        "country": "China",
                        "country_code": "CN",
                        "state": null,
                        "state_code": null
                    }
                ]
            },
            {
                "first_name": "Peijun",
                "last_name": "Zheng",
                "initials": "",
                "corresponding": "",
                "orcid": "",
                "current_organization_id": "",
                "researcher_id": "",
                "affiliations": [
                    {
                        "id": "grid.416271.7",
                        "name": "Ningbo First Hospital",
                        "city": "Ningbo",
                        "city_id": 1799397,
                        "country": "China",
                        "country_code": "CN",
                        "state": null,
                        "state_code": null
                    }
                ]
            },
            {
                "first_name": "Xiaqing",
                "last_name": "Hu",
                "initials": "",
                "corresponding": "",
                "orcid": "",
                "current_organization_id": "",
                "researcher_id": "",
                "affiliations": [
                    {
                        "id": "grid.416271.7",
                        "name": "Ningbo First Hospital",
                        "city": "Ningbo",
                        "city_id": 1799397,
                        "country": "China",
                        "country_code": "CN",
                        "state": null,
                        "state_code": null
                    }
                ]
            },
            {
                "first_name": "Hongpeng",
                "last_name": "Lu",
                "initials": "",
                "corresponding": "",
                "orcid": "",
                "current_organization_id": "",
                "researcher_id": "",
                "affiliations": [
                    {
                        "id": "grid.416271.7",
                        "name": "Ningbo First Hospital",
                        "city": "Ningbo",
                        "city_id": 1799397,
                        "country": "China",
                        "country_code": "CN",
                        "state": null,
                        "state_code": null
                    }
                ]
            },
            {
                "first_name": "Lei",
                "last_name": "Xu",
                "initials": "",
                "corresponding": "",
                "orcid": "",
                "current_organization_id": "",
                "researcher_id": "",
                "affiliations": [
                    {
                        "id": "grid.416271.7",
                        "name": "Ningbo First Hospital",
                        "city": "Ningbo",
                        "city_id": 1799397,
                        "country": "China",
                        "country_code": "CN",
                        "state": null,
                        "state_code": null
                    }
                ]
            },
            {
                "first_name": "Xueqin",
                "last_name": "Chen",
                "initials": "",
                "corresponding": "",
                "orcid": "",
                "current_organization_id": "",
                "researcher_id": "",
                "affiliations": [
                    {
                        "id": "grid.416271.7",
                        "name": "Ningbo First Hospital",
                        "city": "Ningbo",
                        "city_id": 1799397,
                        "country": "China",
                        "country_code": "CN",
                        "state": null,
                        "state_code": null
                    }
                ]
            },
            {
                "first_name": "Xiaomin",
                "last_name": "Chen",
                "initials": "",
                "corresponding": "",
                "orcid": "",
                "current_organization_id": "",
                "researcher_id": "",
                "affiliations": [
                    {
                        "id": "grid.416271.7",
                        "name": "Ningbo First Hospital",
                        "city": "Ningbo",
                        "city_id": 1799397,
                        "country": "China",
                        "country_code": "CN",
                        "state": null,
                        "state_code": null
                    }
                ]
            }
        ]
    ],
    "doi": "10.1101/2020.03.02.20030148",
    "times_cited": 0,
    "references": [
        "pub.1123845543",
        "pub.1124366313",
        "pub.1124460938",
        "pub.1124654147",
        "pub.1124624050"
    ]
}