{
    "volume": "160",
    "date": "2015-04-01",
    "title": "Detection of coronavirus genomes in Moluccan naked-backed fruit bats in Indonesia",
    "researchers": [
        {
            "id": "ur.0627547432.51",
            "last_name": "Anindita",
            "first_name": "Paulina Duhita",
            "orcid_id": [
                "0000-0001-9885-5813"
            ],
            "research_orgs": [
                "grid.12984.36",
                "grid.39158.36"
            ]
        },
        {
            "id": "ur.01035400335.13",
            "last_name": "Sasaki",
            "first_name": "Michihito",
            "orcid_id": [
                "0000-0003-1607-2175"
            ],
            "research_orgs": [
                "grid.39158.36",
                "grid.12984.36"
            ]
        },
        {
            "id": "ur.01005314034.84",
            "last_name": "Setiyono",
            "first_name": "Agus",
            "research_orgs": [
                "grid.440754.6",
                "grid.256342.4"
            ]
        },
        {
            "id": "ur.01252430757.33",
            "last_name": "Handharyani",
            "first_name": "Ekowati-",
            "research_orgs": [
                "grid.39158.36",
                "grid.440754.6"
            ]
        },
        {
            "id": "ur.0751337777.54",
            "last_name": "Orba",
            "first_name": "Yasuko",
            "research_orgs": [
                "grid.39158.36",
                "grid.268397.1",
                "grid.54432.34",
                "grid.410795.e",
                "grid.12984.36",
                "grid.136593.b",
                "grid.419082.6"
            ]
        },
        {
            "id": "ur.0630476462.28",
            "last_name": "Kobayashi",
            "first_name": "Shintaro",
            "orcid_id": [
                "0000-0002-8735-5722"
            ],
            "research_orgs": [
                "grid.39158.36"
            ]
        },
        {
            "id": "ur.01174453032.14",
            "last_name": "Rahmadani",
            "first_name": "Ibnu"
        },
        {
            "id": "ur.01300151572.66",
            "last_name": "Taha",
            "first_name": "Siswatiana"
        },
        {
            "id": "ur.01346264772.62",
            "last_name": "Adiani",
            "first_name": "Sri",
            "research_orgs": [
                "grid.412381.d"
            ]
        },
        {
            "id": "ur.0670774072.72",
            "last_name": "Subangkit",
            "first_name": "Mawar",
            "research_orgs": [
                "grid.440754.6",
                "grid.410849.0"
            ]
        },
        {
            "id": "ur.01241262533.57",
            "last_name": "Nakamura",
            "first_name": "Ichiro",
            "research_orgs": [
                "grid.410827.8",
                "grid.416882.1",
                "grid.12984.36",
                "grid.39158.36"
            ]
        },
        {
            "id": "ur.01034533237.59",
            "last_name": "Sawa",
            "first_name": "Hirofumi",
            "research_orgs": [
                "grid.39158.36",
                "grid.475149.a",
                "grid.26999.3d",
                "grid.59062.38",
                "grid.12984.36",
                "grid.136593.b",
                "grid.419082.6",
                "grid.4367.6",
                "grid.410796.d"
            ]
        },
        {
            "id": "ur.012757036431.09",
            "last_name": "Kimura",
            "first_name": "Takashi",
            "research_orgs": [
                "grid.419082.6",
                "grid.7597.c",
                "grid.12984.36",
                "grid.26999.3d",
                "grid.177174.3",
                "grid.272456.0",
                "grid.136593.b",
                "grid.39158.36"
            ]
        }
    ],
    "research_org_state_codes": [
        {
            "id": "US-MD",
            "name": "Maryland"
        }
    ],
    "altmetric": 2.0,
    "pages": "1113-1118",
    "research_org_cities": [
        {
            "id": 1636544,
            "name": "Manado"
        },
        {
            "id": 4347778,
            "name": "Baltimore"
        },
        {
            "id": 2128295,
            "name": "Sapporo"
        },
        {
            "id": 1648473,
            "name": "Bogor"
        },
        {
            "id": 1647866,
            "name": "Bukittinggi"
        },
        {
            "id": 1643837,
            "name": "Gorontalo"
        }
    ],
    "open_access": [
        "Open Access - all",
        "Open Access - publisher",
        "Open Access - published"
    ],
    "research_org_countries": [
        {
            "id": "US",
            "name": "United States"
        },
        {
            "id": "ID",
            "name": "Indonesia"
        },
        {
            "id": "JP",
            "name": "Japan"
        }
    ],
    "doi": "10.1007/s00705-015-2342-1",
    "FOR": [
        {
            "id": "2620",
            "name": "0604 Genetics"
        }
    ],
    "times_cited": 11,
    "research_orgs": [
        {
            "id": "grid.39158.36",
            "state_name": "Hokkaid\u00f4",
            "types": [
                "Education"
            ],
            "longitude": 141.33997,
            "linkout": [
                "https://www.global.hokudai.ac.jp/"
            ],
            "latitude": 43.07818,
            "name": "Hokkaido University",
            "city_name": "Sapporo",
            "country_name": "Japan"
        },
        {
            "id": "grid.412381.d",
            "acronym": "UNSRAT",
            "types": [
                "Education"
            ],
            "longitude": 124.829285,
            "linkout": [
                "http://www.unsrat.ac.id/"
            ],
            "latitude": 1.459227,
            "name": "Sam Ratulangi University",
            "city_name": "Manado",
            "country_name": "Indonesia"
        },
        {
            "id": "grid.440754.6",
            "acronym": "IPB",
            "types": [
                "Education"
            ],
            "longitude": 106.72625,
            "linkout": [
                "http://ipb.ac.id/"
            ],
            "latitude": -6.559664,
            "name": "Bogor Agricultural University",
            "city_name": "Bogor",
            "country_name": "Indonesia"
        },
        {
            "id": "grid.475149.a",
            "acronym": "GVN",
            "state_name": "Maryland",
            "types": [
                "Other"
            ],
            "longitude": -76.62654,
            "linkout": [
                "http://gvn.org/"
            ],
            "latitude": 39.286983,
            "name": "Global Virus Network",
            "city_name": "Baltimore",
            "country_name": "United States"
        }
    ],
    "pmid": "25643817",
    "funders": [
        {
            "id": "grid.452903.9",
            "acronym": "MEXT",
            "types": [
                "Government"
            ],
            "longitude": 139.763,
            "linkout": [
                "http://www.mext.go.jp/english/"
            ],
            "latitude": 35.68,
            "name": "Ministry of Education, Culture, Sports, Science and Technology",
            "city_name": "Tokyo",
            "country_name": "Japan"
        },
        {
            "id": "grid.54432.34",
            "acronym": "JSPS",
            "types": [
                "Nonprofit"
            ],
            "longitude": 139.74039,
            "linkout": [
                "http://www.jsps.go.jp/"
            ],
            "latitude": 35.68716,
            "name": "Japan Society for the Promotion of Science",
            "city_name": "Tokyo",
            "country_name": "Japan"
        }
    ],
    "research_org_country_names": [
        "Japan",
        "United States",
        "Indonesia"
    ],
    "id": "pub.1026854113",
    "issue": "4",
    "journal": {
        "id": "jour.1083335",
        "title": "Archives of Virology"
    },
    "year": 2015,
    "references": [
        "pub.1007858191",
        "pub.1004801139",
        "pub.1021173200",
        "pub.1010409221",
        "pub.1007303843",
        "pub.1017316824",
        "pub.1004012944",
        "pub.1008432866",
        "pub.1020603684",
        "pub.1035874279",
        "pub.1000949168",
        "pub.1035680398",
        "pub.1053383854",
        "pub.1031247681",
        "pub.1004815105",
        "pub.1030401057",
        "pub.1078776283",
        "pub.1005384779",
        "pub.1043718269",
        "pub.1001444669",
        "pub.1022101826",
        "pub.1034803318",
        "pub.1017373796",
        "pub.1032508674",
        "pub.1048587384",
        "pub.1003602517",
        "pub.1033671149",
        "pub.1013634448",
        "pub.1026954099",
        "pub.1044065382",
        "pub.1016479513"
    ],
    "relative_citation_ratio": 0.72,
    "research_org_state_names": [
        "Maryland"
    ],
    "author_affiliations": [
        [
            {
                "first_name": "Paulina Duhita",
                "last_name": "Anindita",
                "initials": "",
                "corresponding": "",
                "orcid": "['0000-0001-9885-5813']",
                "current_organization_id": "grid.39158.36",
                "researcher_id": "ur.0627547432.51",
                "affiliations": [
                    {
                        "id": "grid.39158.36",
                        "name": "Hokkaido University",
                        "city": "Sapporo",
                        "city_id": 2128295,
                        "country": "Japan",
                        "country_code": "JP",
                        "state": null,
                        "state_code": null
                    }
                ]
            },
            {
                "first_name": "Michihito",
                "last_name": "Sasaki",
                "initials": "",
                "corresponding": "",
                "orcid": "['0000-0003-1607-2175']",
                "current_organization_id": "grid.39158.36",
                "researcher_id": "ur.01035400335.13",
                "affiliations": [
                    {
                        "id": "grid.39158.36",
                        "name": "Hokkaido University",
                        "city": "Sapporo",
                        "city_id": 2128295,
                        "country": "Japan",
                        "country_code": "JP",
                        "state": null,
                        "state_code": null
                    }
                ]
            },
            {
                "first_name": "Agus",
                "last_name": "Setiyono",
                "initials": "",
                "corresponding": "",
                "orcid": "",
                "current_organization_id": "grid.440754.6",
                "researcher_id": "ur.01005314034.84",
                "affiliations": [
                    {
                        "id": "grid.440754.6",
                        "name": "Bogor Agricultural University",
                        "city": "Bogor",
                        "city_id": 1648473,
                        "country": "Indonesia",
                        "country_code": "ID",
                        "state": null,
                        "state_code": null
                    }
                ]
            },
            {
                "first_name": "Ekowati",
                "last_name": "Handharyani",
                "initials": "",
                "corresponding": "",
                "orcid": "",
                "current_organization_id": "grid.440754.6",
                "researcher_id": "ur.01252430757.33",
                "affiliations": [
                    {
                        "id": "grid.440754.6",
                        "name": "Bogor Agricultural University",
                        "city": "Bogor",
                        "city_id": 1648473,
                        "country": "Indonesia",
                        "country_code": "ID",
                        "state": null,
                        "state_code": null
                    }
                ]
            },
            {
                "first_name": "Yasuko",
                "last_name": "Orba",
                "initials": "",
                "corresponding": "",
                "orcid": "",
                "current_organization_id": "grid.39158.36",
                "researcher_id": "ur.0751337777.54",
                "affiliations": [
                    {
                        "id": "grid.39158.36",
                        "name": "Hokkaido University",
                        "city": "Sapporo",
                        "city_id": 2128295,
                        "country": "Japan",
                        "country_code": "JP",
                        "state": null,
                        "state_code": null
                    }
                ]
            },
            {
                "first_name": "Shintaro",
                "last_name": "Kobayashi",
                "initials": "",
                "corresponding": "",
                "orcid": "['0000-0002-8735-5722']",
                "current_organization_id": "grid.39158.36",
                "researcher_id": "ur.0630476462.28",
                "affiliations": [
                    {
                        "id": "grid.39158.36",
                        "name": "Hokkaido University",
                        "city": "Sapporo",
                        "city_id": 2128295,
                        "country": "Japan",
                        "country_code": "JP",
                        "state": null,
                        "state_code": null
                    }
                ]
            },
            {
                "first_name": "Ibnu",
                "last_name": "Rahmadani",
                "initials": "",
                "corresponding": "",
                "orcid": "",
                "current_organization_id": "",
                "researcher_id": "ur.01174453032.14",
                "affiliations": [
                    {
                        "name": "Veterinary Investigation and Diagnostic Center, Bukittinggi, Indonesia"
                    }
                ]
            },
            {
                "first_name": "Siswatiana",
                "last_name": "Taha",
                "initials": "",
                "corresponding": "",
                "orcid": "",
                "current_organization_id": "",
                "researcher_id": "ur.01300151572.66",
                "affiliations": [
                    {
                        "name": "Faculty of Agriculture, Gorontalo State University, Gorontalo, Indonesia"
                    }
                ]
            },
            {
                "first_name": "Sri",
                "last_name": "Adiani",
                "initials": "",
                "corresponding": "",
                "orcid": "",
                "current_organization_id": "grid.412381.d",
                "researcher_id": "ur.01346264772.62",
                "affiliations": [
                    {
                        "id": "grid.412381.d",
                        "name": "Sam Ratulangi University",
                        "city": "Manado",
                        "city_id": 1636544,
                        "country": "Indonesia",
                        "country_code": "ID",
                        "state": null,
                        "state_code": null
                    }
                ]
            },
            {
                "first_name": "Mawar",
                "last_name": "Subangkit",
                "initials": "",
                "corresponding": "",
                "orcid": "",
                "current_organization_id": "grid.410849.0",
                "researcher_id": "ur.0670774072.72",
                "affiliations": [
                    {
                        "id": "grid.440754.6",
                        "name": "Bogor Agricultural University",
                        "city": "Bogor",
                        "city_id": 1648473,
                        "country": "Indonesia",
                        "country_code": "ID",
                        "state": null,
                        "state_code": null
                    }
                ]
            },
            {
                "first_name": "Ichiro",
                "last_name": "Nakamura",
                "initials": "",
                "corresponding": "",
                "orcid": "",
                "current_organization_id": "grid.39158.36",
                "researcher_id": "ur.01241262533.57",
                "affiliations": [
                    {
                        "id": "grid.39158.36",
                        "name": "Hokkaido University",
                        "city": "Sapporo",
                        "city_id": 2128295,
                        "country": "Japan",
                        "country_code": "JP",
                        "state": null,
                        "state_code": null
                    }
                ]
            },
            {
                "first_name": "Hirofumi",
                "last_name": "Sawa",
                "initials": "",
                "corresponding": true,
                "orcid": "",
                "current_organization_id": "grid.39158.36",
                "researcher_id": "ur.01034533237.59",
                "affiliations": [
                    {
                        "id": "grid.39158.36",
                        "name": "Hokkaido University",
                        "city": "Sapporo",
                        "city_id": 2128295,
                        "country": "Japan",
                        "country_code": "JP",
                        "state": null,
                        "state_code": null
                    },
                    {
                        "id": "grid.39158.36",
                        "name": "Hokkaido University",
                        "city": "Sapporo",
                        "city_id": 2128295,
                        "country": "Japan",
                        "country_code": "JP",
                        "state": null,
                        "state_code": null
                    },
                    {
                        "id": "grid.475149.a",
                        "name": "Global Virus Network",
                        "city": "Baltimore",
                        "city_id": 4347778,
                        "country": "United States",
                        "country_code": "US",
                        "state": "Maryland",
                        "state_code": "US-MD"
                    }
                ]
            },
            {
                "first_name": "Takashi",
                "last_name": "Kimura",
                "initials": "",
                "corresponding": true,
                "orcid": "",
                "current_organization_id": "grid.39158.36",
                "researcher_id": "ur.012757036431.09",
                "affiliations": [
                    {
                        "id": "grid.39158.36",
                        "name": "Hokkaido University",
                        "city": "Sapporo",
                        "city_id": 2128295,
                        "country": "Japan",
                        "country_code": "JP",
                        "state": null,
                        "state_code": null
                    }
                ]
            }
        ]
    ],
    "type": "article"
}