{
    "research_orgs": [
        {
            "id": "grid.419588.9",
            "linkout": [
                "http://www.slcn.ac.jp/english/index.html"
            ],
            "city_name": "Tokyo",
            "longitude": 139.77557,
            "latitude": 35.667744,
            "name": "St. Luke's International University",
            "types": [
                "Education"
            ],
            "country_name": "Japan"
        },
        {
            "id": "grid.12981.33",
            "linkout": [
                "http://www.sysu.edu.cn/2012/en/index.htm"
            ],
            "city_name": "Guangzhou",
            "longitude": 113.29806,
            "state_name": "Guangdong",
            "latitude": 23.0962,
            "name": "Sun Yat-sen University",
            "types": [
                "Education"
            ],
            "country_name": "China"
        },
        {
            "id": "grid.453548.b",
            "linkout": [
                "http://english.jxufe.edu.cn/"
            ],
            "city_name": "Nanchang",
            "longitude": 115.85429,
            "acronym": "JUFE",
            "latitude": 28.73995,
            "name": "Jiangxi University of Finance and Economics",
            "types": [
                "Education"
            ],
            "country_name": "China"
        }
    ],
    "research_org_country_names": [
        "Japan",
        "China"
    ],
    "title": "Estimation of the epidemic properties of the 2019 novel coronavirus: A mathematical modeling study",
    "type": "article",
    "year": 2020,
    "journal": {
        "id": "jour.1369542",
        "title": "medRxiv"
    },
    "researchers": [
        {
            "id": "ur.0624751334.92",
            "research_orgs": [
                "grid.1005.4",
                "grid.419588.9",
                "grid.26999.3d",
                "grid.1003.2"
            ],
            "first_name": "Stuart J",
            "last_name": "Gilmour"
        },
        {
            "id": "ur.01046762134.71",
            "research_orgs": [
                "grid.26999.3d",
                "grid.240871.8",
                "grid.275033.0",
                "grid.419588.9"
            ],
            "first_name": "Daisuke",
            "last_name": "Yoneoka",
            "orcid_id": [
                "0000-0002-3525-5092"
            ]
        },
        {
            "id": "ur.013423540501.09",
            "research_orgs": [
                "grid.12981.33"
            ],
            "first_name": "Xinyi",
            "last_name": "You"
        },
        {
            "id": "ur.0725440145.44",
            "research_orgs": [
                "grid.12981.33",
                "grid.437123.0",
                "grid.10784.3a"
            ],
            "first_name": "Jing",
            "last_name": "Gu",
            "orcid_id": [
                "0000-0001-5436-2339"
            ]
        },
        {
            "id": "ur.01024760147.48",
            "research_orgs": [
                "grid.437123.0",
                "grid.198530.6",
                "grid.224260.0",
                "grid.10784.3a",
                "grid.164295.d",
                "grid.38142.3c",
                "grid.12981.33"
            ],
            "first_name": "Chun",
            "last_name": "Hao"
        },
        {
            "id": "ur.07513117137.34",
            "research_orgs": [
                "grid.12981.33"
            ],
            "first_name": "Liping",
            "last_name": "Peng"
        },
        {
            "id": "ur.01106252627.98",
            "research_orgs": [
                "grid.10784.3a",
                "grid.437123.0",
                "grid.284723.8",
                "grid.12981.33"
            ],
            "first_name": "Yuan-Tao",
            "last_name": "Hao",
            "orcid_id": [
                "0000-0001-8024-5312"
            ]
        }
    ],
    "FOR": [
        {
            "id": "3177",
            "name": "1117 Public Health and Health Services"
        }
    ],
    "research_org_countries": [
        {
            "id": "JP",
            "name": "Japan"
        },
        {
            "id": "CN",
            "name": "China"
        }
    ],
    "date": "2020-02-20",
    "altmetric": 20.0,
    "pages": "2020.02.18.20024315",
    "id": "pub.1125032035",
    "research_org_cities": [
        {
            "id": 1809858,
            "name": "Guangzhou"
        },
        {
            "id": 1850147,
            "name": "Tokyo"
        },
        {
            "id": 1800163,
            "name": "Nanchang"
        }
    ],
    "open_access": [
        "Open Access - all",
        "Open Access - publisher",
        "Open Access - published"
    ],
    "author_affiliations": [
        [
            {
                "first_name": "Jinghua",
                "last_name": "Li",
                "initials": "",
                "corresponding": "",
                "orcid": "",
                "current_organization_id": "",
                "researcher_id": "",
                "affiliations": [
                    {
                        "id": "grid.12981.33",
                        "name": "Sun Yat-sen University",
                        "city": "Guangzhou",
                        "city_id": 1809858,
                        "country": "China",
                        "country_code": "CN",
                        "state": null,
                        "state_code": null
                    }
                ]
            },
            {
                "first_name": "Yijing",
                "last_name": "Wang",
                "initials": "",
                "corresponding": "",
                "orcid": "",
                "current_organization_id": "",
                "researcher_id": "",
                "affiliations": [
                    {
                        "id": "grid.419588.9",
                        "name": "St. Luke's International University",
                        "city": "Tokyo",
                        "city_id": 1850147,
                        "country": "Japan",
                        "country_code": "JP",
                        "state": null,
                        "state_code": null
                    }
                ]
            },
            {
                "first_name": "Stuart",
                "last_name": "Gilmour",
                "initials": "",
                "corresponding": "",
                "orcid": "",
                "current_organization_id": "grid.419588.9",
                "researcher_id": "ur.0624751334.92",
                "affiliations": [
                    {
                        "id": "grid.419588.9",
                        "name": "St. Luke's International University",
                        "city": "Tokyo",
                        "city_id": 1850147,
                        "country": "Japan",
                        "country_code": "JP",
                        "state": null,
                        "state_code": null
                    }
                ]
            },
            {
                "first_name": "Mengying",
                "last_name": "Wang",
                "initials": "",
                "corresponding": "",
                "orcid": "",
                "current_organization_id": "",
                "researcher_id": "",
                "affiliations": [
                    {
                        "id": "grid.453548.b",
                        "name": "Jiangxi University of Finance and Economics",
                        "city": "Nanchang",
                        "city_id": 1800163,
                        "country": "China",
                        "country_code": "CN",
                        "state": null,
                        "state_code": null
                    }
                ]
            },
            {
                "first_name": "Daisuke",
                "last_name": "Yoneoka",
                "initials": "",
                "corresponding": "",
                "orcid": "['0000-0002-3525-5092']",
                "current_organization_id": "grid.26999.3d",
                "researcher_id": "ur.01046762134.71",
                "affiliations": [
                    {
                        "id": "grid.419588.9",
                        "name": "St. Luke's International University",
                        "city": "Tokyo",
                        "city_id": 1850147,
                        "country": "Japan",
                        "country_code": "JP",
                        "state": null,
                        "state_code": null
                    }
                ]
            },
            {
                "first_name": "Ying",
                "last_name": "Wang",
                "initials": "",
                "corresponding": "",
                "orcid": "",
                "current_organization_id": "",
                "researcher_id": "",
                "affiliations": [
                    {
                        "id": "grid.12981.33",
                        "name": "Sun Yat-sen University",
                        "city": "Guangzhou",
                        "city_id": 1809858,
                        "country": "China",
                        "country_code": "CN",
                        "state": null,
                        "state_code": null
                    }
                ]
            },
            {
                "first_name": "Xinyi",
                "last_name": "You",
                "initials": "",
                "corresponding": "",
                "orcid": "",
                "current_organization_id": "grid.12981.33",
                "researcher_id": "ur.013423540501.09",
                "affiliations": [
                    {
                        "id": "grid.12981.33",
                        "name": "Sun Yat-sen University",
                        "city": "Guangzhou",
                        "city_id": 1809858,
                        "country": "China",
                        "country_code": "CN",
                        "state": null,
                        "state_code": null
                    }
                ]
            },
            {
                "first_name": "Jing",
                "last_name": "Gu",
                "initials": "",
                "corresponding": "",
                "orcid": "['0000-0001-5436-2339']",
                "current_organization_id": "grid.12981.33",
                "researcher_id": "ur.0725440145.44",
                "affiliations": [
                    {
                        "id": "grid.12981.33",
                        "name": "Sun Yat-sen University",
                        "city": "Guangzhou",
                        "city_id": 1809858,
                        "country": "China",
                        "country_code": "CN",
                        "state": null,
                        "state_code": null
                    }
                ]
            },
            {
                "first_name": "Chun",
                "last_name": "Hao",
                "initials": "",
                "corresponding": "",
                "orcid": "",
                "current_organization_id": "grid.12981.33",
                "researcher_id": "ur.01024760147.48",
                "affiliations": [
                    {
                        "id": "grid.12981.33",
                        "name": "Sun Yat-sen University",
                        "city": "Guangzhou",
                        "city_id": 1809858,
                        "country": "China",
                        "country_code": "CN",
                        "state": null,
                        "state_code": null
                    }
                ]
            },
            {
                "first_name": "Liping",
                "last_name": "Peng",
                "initials": "",
                "corresponding": "",
                "orcid": "",
                "current_organization_id": "grid.12981.33",
                "researcher_id": "ur.07513117137.34",
                "affiliations": [
                    {
                        "id": "grid.12981.33",
                        "name": "Sun Yat-sen University",
                        "city": "Guangzhou",
                        "city_id": 1809858,
                        "country": "China",
                        "country_code": "CN",
                        "state": null,
                        "state_code": null
                    }
                ]
            },
            {
                "first_name": "Zhicheng",
                "last_name": "Du",
                "initials": "",
                "corresponding": "",
                "orcid": "",
                "current_organization_id": "",
                "researcher_id": "",
                "affiliations": [
                    {
                        "id": "grid.12981.33",
                        "name": "Sun Yat-sen University",
                        "city": "Guangzhou",
                        "city_id": 1809858,
                        "country": "China",
                        "country_code": "CN",
                        "state": null,
                        "state_code": null
                    }
                ]
            },
            {
                "first_name": "Dong Roman",
                "last_name": "Xu",
                "initials": "",
                "corresponding": "",
                "orcid": "",
                "current_organization_id": "",
                "researcher_id": "",
                "affiliations": [
                    {
                        "id": "grid.12981.33",
                        "name": "Sun Yat-sen University",
                        "city": "Guangzhou",
                        "city_id": 1809858,
                        "country": "China",
                        "country_code": "CN",
                        "state": null,
                        "state_code": null
                    }
                ]
            },
            {
                "first_name": "Yuantao",
                "last_name": "Hao",
                "initials": "",
                "corresponding": "",
                "orcid": "['0000-0001-8024-5312']",
                "current_organization_id": "grid.12981.33",
                "researcher_id": "ur.01106252627.98",
                "affiliations": [
                    {
                        "id": "grid.12981.33",
                        "name": "Sun Yat-sen University",
                        "city": "Guangzhou",
                        "city_id": 1809858,
                        "country": "China",
                        "country_code": "CN",
                        "state": null,
                        "state_code": null
                    }
                ]
            }
        ]
    ],
    "doi": "10.1101/2020.02.18.20024315",
    "times_cited": 1,
    "references": [
        "pub.1051160088",
        "pub.1112785960",
        "pub.1120789368",
        "pub.1028334231",
        "pub.1054751236",
        "pub.1039276840",
        "pub.1124408081",
        "pub.1027911346",
        "pub.1038928799"
    ]
}