{
    "volume": "17",
    "date": "2016-01-01",
    "title": "Middle East Respiratory Syndrome-Coronavirus Infection: A Case Report of Serial Computed Tomographic Findings in a Young Male Patient",
    "researchers": [
        {
            "id": "ur.0707443235.49",
            "last_name": "Choi",
            "first_name": "Won Jin",
            "research_orgs": [
                "grid.412048.b",
                "grid.255166.3",
                "grid.413967.e"
            ]
        },
        {
            "id": "ur.01137423744.80",
            "last_name": "Lee",
            "first_name": "Ki Nam",
            "research_orgs": [
                "grid.412048.b",
                "grid.255166.3",
                "grid.266102.1"
            ]
        },
        {
            "id": "ur.01347241667.40",
            "last_name": "Kang",
            "first_name": "Eun-Ju",
            "research_orgs": [
                "grid.412048.b",
                "grid.255166.3"
            ]
        },
        {
            "id": "ur.01110162453.12",
            "last_name": "Lee",
            "first_name": "Hyuck",
            "orcid_id": [
                "0000-0002-4115-0748"
            ],
            "research_orgs": [
                "grid.412048.b",
                "grid.258676.8",
                "grid.255166.3"
            ]
        }
    ],
    "pmcid": "PMC4720805",
    "pages": "166-170",
    "research_org_cities": [
        {
            "id": 1838524,
            "name": "Busan"
        }
    ],
    "open_access": [
        "Open Access - all",
        "Open Access - repository",
        "Open Access - published"
    ],
    "research_org_countries": [
        {
            "id": "KR",
            "name": "South Korea"
        }
    ],
    "doi": "10.3348/kjr.2016.17.1.166",
    "FOR": [
        {
            "id": "3053",
            "name": "1103 Clinical Sciences"
        }
    ],
    "times_cited": 9,
    "research_orgs": [
        {
            "id": "grid.412048.b",
            "types": [
                "Healthcare"
            ],
            "longitude": 128.96725,
            "linkout": [
                "http://www.damc.or.kr/eng/"
            ],
            "latitude": 35.115868,
            "name": "Dong-A University Hospital",
            "city_name": "Busan",
            "country_name": "South Korea"
        }
    ],
    "pmid": "26798230",
    "research_org_country_names": [
        "South Korea"
    ],
    "id": "pub.1043183313",
    "issue": "1",
    "journal": {
        "id": "jour.1023226",
        "title": "Korean Journal of Radiology"
    },
    "year": 2016,
    "references": [
        "pub.1078630807",
        "pub.1069304254",
        "pub.1069303835",
        "pub.1043875870",
        "pub.1069304034",
        "pub.1019703731",
        "pub.1039579861"
    ],
    "relative_citation_ratio": 0.78,
    "author_affiliations": [
        [
            {
                "first_name": "Won Jin",
                "last_name": "Choi",
                "initials": "",
                "corresponding": "",
                "orcid": "",
                "current_organization_id": "grid.255166.3",
                "researcher_id": "ur.0707443235.49",
                "affiliations": [
                    {
                        "id": "grid.412048.b",
                        "name": "Dong-A University Hospital",
                        "city": "Busan",
                        "city_id": 1838524,
                        "country": "South Korea",
                        "country_code": "KR",
                        "state": null,
                        "state_code": null
                    }
                ]
            },
            {
                "first_name": "Ki-Nam",
                "last_name": "Lee",
                "initials": "",
                "corresponding": "",
                "orcid": "",
                "current_organization_id": "grid.255166.3",
                "researcher_id": "ur.01137423744.80",
                "affiliations": [
                    {
                        "id": "grid.412048.b",
                        "name": "Dong-A University Hospital",
                        "city": "Busan",
                        "city_id": 1838524,
                        "country": "South Korea",
                        "country_code": "KR",
                        "state": null,
                        "state_code": null
                    }
                ]
            },
            {
                "first_name": "Eun-Ju",
                "last_name": "Kang",
                "initials": "",
                "corresponding": "",
                "orcid": "",
                "current_organization_id": "grid.255166.3",
                "researcher_id": "ur.01347241667.40",
                "affiliations": [
                    {
                        "id": "grid.412048.b",
                        "name": "Dong-A University Hospital",
                        "city": "Busan",
                        "city_id": 1838524,
                        "country": "South Korea",
                        "country_code": "KR",
                        "state": null,
                        "state_code": null
                    }
                ]
            },
            {
                "first_name": "Hyuck",
                "last_name": "Lee",
                "initials": "",
                "corresponding": "",
                "orcid": "['0000-0002-4115-0748']",
                "current_organization_id": "grid.255166.3",
                "researcher_id": "ur.01110162453.12",
                "affiliations": [
                    {
                        "id": "grid.412048.b",
                        "name": "Dong-A University Hospital",
                        "city": "Busan",
                        "city_id": 1838524,
                        "country": "South Korea",
                        "country_code": "KR",
                        "state": null,
                        "state_code": null
                    }
                ]
            }
        ]
    ],
    "type": "article"
}