{
    "title": "Severe acute respiratory syndrome-related coronavirus \u2013 The species and its viruses, a statement of the Coronavirus Study Group",
    "type": "preprint",
    "year": 2020,
    "journal": {
        "id": "jour.1293558",
        "title": "bioRxiv"
    },
    "researchers": [
        {
            "id": "ur.060350135.78",
            "research_orgs": [
                "grid.5515.4",
                "grid.466123.4",
                "grid.10306.34",
                "grid.26790.3a",
                "grid.4886.2",
                "grid.48336.3a",
                "grid.266100.3",
                "grid.14476.30",
                "grid.418021.e",
                "grid.5132.5",
                "grid.10419.3d",
                "grid.169077.e",
                "grid.240871.8",
                "grid.418195.0"
            ],
            "first_name": "Alexander E",
            "last_name": "Gorbalenya",
            "orcid_id": [
                "0000-0002-4967-7341"
            ]
        },
        {
            "id": "ur.01026270027.82",
            "research_orgs": [
                "grid.16753.36",
                "grid.411451.4",
                "grid.413571.5",
                "grid.42505.36",
                "grid.413808.6",
                "grid.164971.c"
            ],
            "first_name": "Susan C",
            "last_name": "Baker",
            "orcid_id": [
                "0000-0001-6485-8143"
            ]
        },
        {
            "id": "ur.016314333017.37",
            "research_orgs": [
                "grid.239552.a",
                "grid.410711.2",
                "grid.267309.9",
                "grid.483504.e",
                "grid.418309.7",
                "grid.5288.7",
                "grid.419260.8",
                "grid.189967.8",
                "grid.152326.1",
                "grid.10698.36",
                "grid.417924.d",
                "grid.25879.31",
                "grid.42505.36",
                "grid.34477.33",
                "grid.40803.3f",
                "grid.451303.0",
                "grid.83440.3b"
            ],
            "first_name": "Ralph Steven",
            "last_name": "Baric",
            "orcid_id": [
                "0000-0001-6827-8701"
            ]
        },
        {
            "id": "ur.01114377524.22",
            "research_orgs": [
                "grid.5132.5",
                "grid.4818.5",
                "grid.5477.1",
                "grid.20861.3d",
                "grid.7177.6",
                "grid.6906.9"
            ],
            "first_name": "Raoul J",
            "last_name": "De Groot",
            "orcid_id": [
                "0000-0002-2207-9472"
            ]
        },
        {
            "id": "ur.010432516417.62",
            "research_orgs": [
                "grid.439104.b",
                "grid.484013.a",
                "grid.418095.1",
                "grid.487281.0",
                "grid.448878.f",
                "grid.413016.1",
                "grid.5399.6",
                "grid.463270.4",
                "grid.11956.3a",
                "grid.424065.1",
                "grid.6738.a",
                "grid.16463.36",
                "grid.265219.b",
                "grid.6582.9",
                "grid.10388.32",
                "grid.9026.d",
                "grid.465334.3",
                "grid.5253.1",
                "grid.501919.5",
                "grid.15090.3d",
                "grid.168010.e",
                "grid.13648.38",
                "grid.14095.39",
                "grid.7708.8",
                "grid.452463.2",
                "grid.13652.33",
                "grid.419303.c",
                "grid.9829.a",
                "grid.418068.3",
                "grid.3575.4",
                "grid.6363.0",
                "grid.433743.4",
                "grid.5802.f"
            ],
            "first_name": "Christian",
            "last_name": "Drosten"
        },
        {
            "id": "ur.01033447267.37",
            "research_orgs": [
                "grid.10419.3d"
            ],
            "first_name": "Anastasia A",
            "last_name": "Gulyaeva"
        },
        {
            "id": "ur.015465550657.43",
            "research_orgs": [
                "grid.410711.2",
                "grid.5645.2",
                "grid.5477.1",
                "grid.414142.6",
                "grid.424716.2",
                "grid.416738.f",
                "grid.452122.2",
                "grid.415773.3",
                "grid.417100.3",
                "grid.7080.f",
                "grid.7177.6",
                "grid.6906.9"
            ],
            "first_name": "Bart L",
            "last_name": "Haagmans",
            "orcid_id": [
                "0000-0001-6221-2015"
            ]
        },
        {
            "id": "ur.01033105132.17",
            "research_orgs": [
                "grid.4488.0",
                "grid.418245.e",
                "grid.7497.d",
                "grid.10419.3d"
            ],
            "first_name": "Chris",
            "last_name": "Lauber"
        },
        {
            "id": "ur.01361766057.87",
            "research_orgs": [
                "grid.14476.30"
            ],
            "first_name": "Andrey M",
            "last_name": "Leontovich"
        },
        {
            "id": "ur.01233202614.97",
            "research_orgs": [
                "grid.214007.0",
                "grid.264762.3",
                "grid.264756.4",
                "grid.9435.b",
                "grid.63622.33"
            ],
            "first_name": "Benjamin William",
            "last_name": "Neuman",
            "orcid_id": [
                "0000-0003-1240-8954"
            ]
        },
        {
            "id": "ur.01307305176.50",
            "research_orgs": [
                "grid.4305.2",
                "grid.116068.8",
                "grid.470124.4",
                "grid.504449.8",
                "grid.412584.e",
                "grid.214572.7",
                "grid.253264.4",
                "grid.267308.8"
            ],
            "first_name": "Stanley M",
            "last_name": "Perlman",
            "orcid_id": [
                "0000-0003-4213-2354"
            ]
        },
        {
            "id": "ur.01031570315.41",
            "research_orgs": [
                "grid.14476.30",
                "grid.10419.3d"
            ],
            "first_name": "Dmitry V",
            "last_name": "Samborskiy"
        },
        {
            "id": "ur.01210663776.47",
            "research_orgs": [
                "grid.470117.4",
                "grid.4886.2",
                "grid.465322.4",
                "grid.417768.b",
                "grid.475435.4",
                "grid.10419.3d",
                "grid.48336.3a",
                "grid.418021.e",
                "grid.429651.d"
            ],
            "first_name": "Igor A",
            "last_name": "Sidorov",
            "orcid_id": [
                "0000-0001-6519-4983"
            ]
        },
        {
            "id": "ur.01267277244.06",
            "research_orgs": [
                "grid.4711.3",
                "grid.428469.5",
                "grid.5515.4"
            ],
            "first_name": "Isabel",
            "last_name": "Sola",
            "orcid_id": [
                "0000-0002-5704-1917"
            ]
        },
        {
            "id": "ur.01313334717.31",
            "research_orgs": [
                "grid.411067.5",
                "grid.8664.c",
                "grid.9613.d",
                "grid.8379.5",
                "grid.4777.3",
                "grid.10253.35"
            ],
            "first_name": "John",
            "last_name": "Ziebuhr",
            "orcid_id": [
                "0000-0002-5741-8825"
            ]
        }
    ],
    "FOR": [
        {
            "id": "3114",
            "name": "1108 Medical Microbiology"
        }
    ],
    "date": "2020-02-11",
    "altmetric": 1524.0,
    "id": "pub.1124815253",
    "open_access": [
        "Open Access - all",
        "Open Access - publisher",
        "Open Access - published"
    ],
    "author_affiliations": [
        [
            {
                "first_name": "Alexander E.",
                "last_name": "Gorbalenya",
                "initials": "",
                "corresponding": "",
                "orcid": "['0000-0002-4967-7341']",
                "current_organization_id": "grid.10419.3d",
                "researcher_id": "ur.060350135.78",
                "affiliations": []
            },
            {
                "first_name": "Susan C.",
                "last_name": "Baker",
                "initials": "",
                "corresponding": "",
                "orcid": "['0000-0001-6485-8143']",
                "current_organization_id": "grid.164971.c",
                "researcher_id": "ur.01026270027.82",
                "affiliations": []
            },
            {
                "first_name": "Ralph S.",
                "last_name": "Baric",
                "initials": "",
                "corresponding": "",
                "orcid": "['0000-0001-6827-8701']",
                "current_organization_id": "grid.10698.36",
                "researcher_id": "ur.016314333017.37",
                "affiliations": []
            },
            {
                "first_name": "Raoul J.",
                "last_name": "de Groot",
                "initials": "",
                "corresponding": "",
                "orcid": "['0000-0002-2207-9472']",
                "current_organization_id": "grid.5477.1",
                "researcher_id": "ur.01114377524.22",
                "affiliations": []
            },
            {
                "first_name": "Christian",
                "last_name": "Drosten",
                "initials": "",
                "corresponding": "",
                "orcid": "",
                "current_organization_id": "grid.6363.0",
                "researcher_id": "ur.010432516417.62",
                "affiliations": []
            },
            {
                "first_name": "Anastasia A.",
                "last_name": "Gulyaeva",
                "initials": "",
                "corresponding": "",
                "orcid": "",
                "current_organization_id": "grid.10419.3d",
                "researcher_id": "ur.01033447267.37",
                "affiliations": []
            },
            {
                "first_name": "Bart L.",
                "last_name": "Haagmans",
                "initials": "",
                "corresponding": "",
                "orcid": "['0000-0001-6221-2015']",
                "current_organization_id": "grid.5645.2",
                "researcher_id": "ur.015465550657.43",
                "affiliations": []
            },
            {
                "first_name": "Chris",
                "last_name": "Lauber",
                "initials": "",
                "corresponding": "",
                "orcid": "",
                "current_organization_id": "grid.4488.0",
                "researcher_id": "ur.01033105132.17",
                "affiliations": []
            },
            {
                "first_name": "Andrey M",
                "last_name": "Leontovich",
                "initials": "",
                "corresponding": "",
                "orcid": "",
                "current_organization_id": "grid.14476.30",
                "researcher_id": "ur.01361766057.87",
                "affiliations": []
            },
            {
                "first_name": "Benjamin W.",
                "last_name": "Neuman",
                "initials": "",
                "corresponding": "",
                "orcid": "['0000-0003-1240-8954']",
                "current_organization_id": "grid.9435.b",
                "researcher_id": "ur.01233202614.97",
                "affiliations": []
            },
            {
                "first_name": "Dmitry",
                "last_name": "Penzar",
                "initials": "",
                "corresponding": "",
                "orcid": "",
                "current_organization_id": "",
                "researcher_id": "",
                "affiliations": []
            },
            {
                "first_name": "Stanley",
                "last_name": "Perlman",
                "initials": "",
                "corresponding": "",
                "orcid": "['0000-0003-4213-2354']",
                "current_organization_id": "grid.214572.7",
                "researcher_id": "ur.01307305176.50",
                "affiliations": []
            },
            {
                "first_name": "Leo L.M.",
                "last_name": "Poon",
                "initials": "",
                "corresponding": "",
                "orcid": "",
                "current_organization_id": "",
                "researcher_id": "",
                "affiliations": []
            },
            {
                "first_name": "Dmitry",
                "last_name": "Samborskiy",
                "initials": "",
                "corresponding": "",
                "orcid": "",
                "current_organization_id": "grid.14476.30",
                "researcher_id": "ur.01031570315.41",
                "affiliations": []
            },
            {
                "first_name": "Igor A.",
                "last_name": "Sidorov",
                "initials": "",
                "corresponding": "",
                "orcid": "['0000-0001-6519-4983']",
                "current_organization_id": "grid.10419.3d",
                "researcher_id": "ur.01210663776.47",
                "affiliations": []
            },
            {
                "first_name": "Isabel",
                "last_name": "Sola",
                "initials": "",
                "corresponding": "",
                "orcid": "['0000-0002-5704-1917']",
                "current_organization_id": "grid.5515.4",
                "researcher_id": "ur.01267277244.06",
                "affiliations": []
            },
            {
                "first_name": "John",
                "last_name": "Ziebuhr",
                "initials": "",
                "corresponding": "",
                "orcid": "",
                "current_organization_id": "grid.8664.c",
                "researcher_id": "ur.01313334717.31",
                "affiliations": []
            }
        ]
    ],
    "doi": "10.1101/2020.02.07.937862",
    "times_cited": 42,
    "references": [
        "pub.1052755619",
        "pub.1030512260",
        "pub.1036054240",
        "pub.1031053265",
        "pub.1124291867",
        "pub.1033248494",
        "pub.1111569926",
        "pub.1029068093",
        "pub.1023178496",
        "pub.1112521156",
        "pub.1041458087",
        "pub.1033671149",
        "pub.1028650536",
        "pub.1023485946",
        "pub.1114533183",
        "pub.1124428749",
        "pub.1024835451",
        "pub.1124289146",
        "pub.1077209347",
        "pub.1122868775",
        "pub.1124427336",
        "pub.1020179168",
        "pub.1109829234",
        "pub.1062712953",
        "pub.1117925316",
        "pub.1038465465",
        "pub.1101082061",
        "pub.1093088828",
        "pub.1047764243",
        "pub.1010404284",
        "pub.1124290823",
        "pub.1101185151",
        "pub.1008346793",
        "pub.1043875870",
        "pub.1051217617",
        "pub.1017316824",
        "pub.1124545162",
        "pub.1028273254",
        "pub.1049186132",
        "pub.1035680398",
        "pub.1123093954",
        "pub.1017837695"
    ]
}