{
    "pmid": "27170748",
    "author_affiliations": [
        [
            {
                "first_name": "Lei-Ping",
                "last_name": "Zeng",
                "initials": "",
                "corresponding": "",
                "orcid": "",
                "current_organization_id": "grid.439104.b",
                "researcher_id": "ur.014645105471.59",
                "affiliations": [
                    {
                        "id": "grid.439104.b",
                        "name": "Wuhan Institute Of Virology",
                        "city": "Wuhan",
                        "city_id": 1791247,
                        "country": "China",
                        "country_code": "CN",
                        "state": null,
                        "state_code": null
                    }
                ]
            },
            {
                "first_name": "Yu-Tao",
                "last_name": "Gao",
                "initials": "",
                "corresponding": "",
                "orcid": "",
                "current_organization_id": "grid.439104.b",
                "researcher_id": "ur.01035442137.77",
                "affiliations": [
                    {
                        "id": "grid.439104.b",
                        "name": "Wuhan Institute Of Virology",
                        "city": "Wuhan",
                        "city_id": 1791247,
                        "country": "China",
                        "country_code": "CN",
                        "state": null,
                        "state_code": null
                    }
                ]
            },
            {
                "first_name": "Xing-Yi",
                "last_name": "Ge",
                "initials": "",
                "corresponding": "",
                "orcid": "['0000-0003-3964-5140']",
                "current_organization_id": "grid.67293.39",
                "researcher_id": "ur.01314522477.06",
                "affiliations": [
                    {
                        "id": "grid.439104.b",
                        "name": "Wuhan Institute Of Virology",
                        "city": "Wuhan",
                        "city_id": 1791247,
                        "country": "China",
                        "country_code": "CN",
                        "state": null,
                        "state_code": null
                    }
                ]
            },
            {
                "first_name": "Qian",
                "last_name": "Zhang",
                "initials": "",
                "corresponding": "",
                "orcid": "",
                "current_organization_id": "grid.439104.b",
                "researcher_id": "ur.01235257351.93",
                "affiliations": [
                    {
                        "id": "grid.439104.b",
                        "name": "Wuhan Institute Of Virology",
                        "city": "Wuhan",
                        "city_id": 1791247,
                        "country": "China",
                        "country_code": "CN",
                        "state": null,
                        "state_code": null
                    }
                ]
            },
            {
                "first_name": "Cheng",
                "last_name": "Peng",
                "initials": "",
                "corresponding": "",
                "orcid": "",
                "current_organization_id": "grid.439104.b",
                "researcher_id": "ur.01000014664.95",
                "affiliations": [
                    {
                        "id": "grid.439104.b",
                        "name": "Wuhan Institute Of Virology",
                        "city": "Wuhan",
                        "city_id": 1791247,
                        "country": "China",
                        "country_code": "CN",
                        "state": null,
                        "state_code": null
                    }
                ]
            },
            {
                "first_name": "Xing-Lou",
                "last_name": "Yang",
                "initials": "",
                "corresponding": "",
                "orcid": "['0000-0002-5317-8983']",
                "current_organization_id": "grid.439104.b",
                "researcher_id": "ur.01156515364.78",
                "affiliations": [
                    {
                        "id": "grid.439104.b",
                        "name": "Wuhan Institute Of Virology",
                        "city": "Wuhan",
                        "city_id": 1791247,
                        "country": "China",
                        "country_code": "CN",
                        "state": null,
                        "state_code": null
                    }
                ]
            },
            {
                "first_name": "Bing",
                "last_name": "Tan",
                "initials": "",
                "corresponding": "",
                "orcid": "",
                "current_organization_id": "grid.439104.b",
                "researcher_id": "ur.01162356464.35",
                "affiliations": [
                    {
                        "id": "grid.439104.b",
                        "name": "Wuhan Institute Of Virology",
                        "city": "Wuhan",
                        "city_id": 1791247,
                        "country": "China",
                        "country_code": "CN",
                        "state": null,
                        "state_code": null
                    }
                ]
            },
            {
                "first_name": "Jing",
                "last_name": "Chen",
                "initials": "",
                "corresponding": "",
                "orcid": "",
                "current_organization_id": "grid.439104.b",
                "researcher_id": "ur.012522677271.28",
                "affiliations": [
                    {
                        "id": "grid.439104.b",
                        "name": "Wuhan Institute Of Virology",
                        "city": "Wuhan",
                        "city_id": 1791247,
                        "country": "China",
                        "country_code": "CN",
                        "state": null,
                        "state_code": null
                    }
                ]
            },
            {
                "first_name": "Aleksei A.",
                "last_name": "Chmura",
                "initials": "",
                "corresponding": "",
                "orcid": "['0000-0001-5544-0431']",
                "current_organization_id": "grid.420826.a",
                "researcher_id": "ur.0754345510.31",
                "affiliations": [
                    {
                        "id": "grid.420826.a",
                        "name": "EcoHealth Alliance",
                        "city": "New York",
                        "city_id": 5128581,
                        "country": "United States",
                        "country_code": "US",
                        "state": "New York",
                        "state_code": "US-NY"
                    }
                ]
            },
            {
                "first_name": "Peter",
                "last_name": "Daszak",
                "initials": "",
                "corresponding": "",
                "orcid": "['0000-0002-2046-5695']",
                "current_organization_id": "grid.420826.a",
                "researcher_id": "ur.01031576106.79",
                "affiliations": [
                    {
                        "id": "grid.420826.a",
                        "name": "EcoHealth Alliance",
                        "city": "New York",
                        "city_id": 5128581,
                        "country": "United States",
                        "country_code": "US",
                        "state": "New York",
                        "state_code": "US-NY"
                    }
                ]
            },
            {
                "first_name": "Zheng-Li",
                "last_name": "Shi",
                "initials": "",
                "corresponding": "",
                "orcid": "",
                "current_organization_id": "grid.439104.b",
                "researcher_id": "ur.012321453367.61",
                "affiliations": [
                    {
                        "id": "grid.439104.b",
                        "name": "Wuhan Institute Of Virology",
                        "city": "Wuhan",
                        "city_id": 1791247,
                        "country": "China",
                        "country_code": "CN",
                        "state": null,
                        "state_code": null
                    }
                ]
            }
        ]
    ],
    "altmetric": 15.0,
    "FOR": [
        {
            "id": "3114",
            "name": "1108 Medical Microbiology"
        },
        {
            "id": "3103",
            "name": "1107 Immunology"
        }
    ],
    "research_org_countries": [
        {
            "id": "US",
            "name": "United States"
        },
        {
            "id": "CN",
            "name": "China"
        }
    ],
    "title": "Bat Severe Acute Respiratory Syndrome-Like Coronavirus WIV1 Encodes an Extra Accessory Protein, ORFX, Involved in Modulation of the Host Immune Response",
    "research_org_cities": [
        {
            "id": 5128581,
            "name": "New York City"
        },
        {
            "id": 1791247,
            "name": "Wuhan"
        }
    ],
    "pages": "6573-6582",
    "issue": "14",
    "research_org_state_names": [
        "New York"
    ],
    "open_access": [
        "Open Access - all",
        "Open Access - publisher",
        "Open Access - published"
    ],
    "doi": "10.1128/jvi.03079-15",
    "times_cited": 17,
    "journal": {
        "id": "jour.1008072",
        "title": "Journal of Virology"
    },
    "funders": [
        {
            "id": "grid.9227.e",
            "name": "Chinese Academy of Sciences",
            "linkout": [
                "http://english.cas.cn/"
            ],
            "country_name": "China",
            "types": [
                "Government"
            ],
            "latitude": 39.908115,
            "acronym": "CAS",
            "state_name": "Beijing",
            "city_name": "Beijing",
            "longitude": 116.250656
        },
        {
            "id": "grid.419681.3",
            "name": "National Institute of Allergy and Infectious Diseases",
            "linkout": [
                "http://www.niaid.nih.gov/Pages/default.aspx"
            ],
            "country_name": "United States",
            "types": [
                "Facility"
            ],
            "latitude": 39.066647,
            "acronym": "NIAID",
            "state_name": "Maryland",
            "city_name": "Bethesda",
            "longitude": -77.11183
        },
        {
            "id": "grid.428807.1",
            "name": "Foundation for the National Institutes of Health",
            "linkout": [
                "http://www.fnih.org/"
            ],
            "country_name": "United States",
            "types": [
                "Nonprofit"
            ],
            "latitude": 39.01397,
            "acronym": "FNIH",
            "state_name": "Maryland",
            "city_name": "Bethesda",
            "longitude": -77.10077
        },
        {
            "id": "grid.419696.5",
            "name": "National Natural Science Foundation of China",
            "linkout": [
                "http://www.nsfc.gov.cn/publish/portal1/"
            ],
            "country_name": "China",
            "types": [
                "Government"
            ],
            "latitude": 40.005177,
            "acronym": "NSFC",
            "city_name": "Beijing",
            "longitude": 116.33983
        }
    ],
    "year": 2016,
    "research_orgs": [
        {
            "id": "grid.439104.b",
            "name": "Wuhan Institute Of Virology",
            "linkout": [
                "http://english.whiov.cas.cn/"
            ],
            "country_name": "China",
            "types": [
                "Facility"
            ],
            "latitude": 30.375658,
            "acronym": "WIV",
            "city_name": "Wuhan",
            "longitude": 114.26543
        },
        {
            "id": "grid.420826.a",
            "name": "EcoHealth Alliance",
            "linkout": [
                "http://www.ecohealthalliance.org/"
            ],
            "country_name": "United States",
            "types": [
                "Nonprofit"
            ],
            "latitude": 40.754295,
            "state_name": "New York",
            "city_name": "New York",
            "longitude": -73.99906
        }
    ],
    "id": "pub.1062713130",
    "references": [
        "pub.1046036500",
        "pub.1005384779",
        "pub.1008890013",
        "pub.1033008131",
        "pub.1060398460",
        "pub.1047133835",
        "pub.1040416494",
        "pub.1000105104",
        "pub.1034803318",
        "pub.1017316824",
        "pub.1003467905",
        "pub.1036690417",
        "pub.1033013784",
        "pub.1012072197",
        "pub.1038292024",
        "pub.1030246491",
        "pub.1020749641",
        "pub.1044550494",
        "pub.1022388735",
        "pub.1017440636",
        "pub.1011215031",
        "pub.1028990255",
        "pub.1026613775",
        "pub.1024782211",
        "pub.1062452643",
        "pub.1028021725",
        "pub.1017715222",
        "pub.1060401244",
        "pub.1008804505",
        "pub.1020986705",
        "pub.1035592751",
        "pub.1047764243",
        "pub.1011174758",
        "pub.1043899420"
    ],
    "research_org_country_names": [
        "China",
        "United States"
    ],
    "date": "2016-07-15",
    "research_org_state_codes": [
        {
            "id": "US-NY",
            "name": "New York"
        }
    ],
    "researchers": [
        {
            "id": "ur.014645105471.59",
            "research_orgs": [
                "grid.9227.e",
                "grid.439104.b"
            ],
            "last_name": "Zeng",
            "first_name": "Lei-Ping"
        },
        {
            "id": "ur.01035442137.77",
            "research_orgs": [
                "grid.439104.b"
            ],
            "last_name": "Gao",
            "first_name": "Yu-Tao"
        },
        {
            "id": "ur.01314522477.06",
            "research_orgs": [
                "grid.439104.b",
                "grid.9227.e",
                "grid.67293.39"
            ],
            "last_name": "Ge",
            "first_name": "Xing-Yi",
            "orcid_id": [
                "0000-0003-3964-5140"
            ]
        },
        {
            "id": "ur.01235257351.93",
            "research_orgs": [
                "grid.439104.b",
                "grid.428397.3",
                "grid.410726.6"
            ],
            "last_name": "Zhang",
            "first_name": "Qian"
        },
        {
            "id": "ur.01000014664.95",
            "research_orgs": [
                "grid.9227.e",
                "grid.439104.b"
            ],
            "last_name": "Peng",
            "first_name": "Cheng"
        },
        {
            "id": "ur.01156515364.78",
            "research_orgs": [
                "grid.420826.a",
                "grid.49470.3e",
                "grid.428397.3",
                "grid.410726.6",
                "grid.9227.e",
                "grid.440682.c",
                "grid.439104.b"
            ],
            "last_name": "Yang",
            "first_name": "Xing-Lou",
            "orcid_id": [
                "0000-0002-5317-8983"
            ]
        },
        {
            "id": "ur.01162356464.35",
            "research_orgs": [
                "grid.9227.e",
                "grid.439104.b",
                "grid.410726.6"
            ],
            "last_name": "Tan",
            "first_name": "Bing"
        },
        {
            "id": "ur.012522677271.28",
            "research_orgs": [
                "grid.439104.b"
            ],
            "last_name": "Chen",
            "first_name": "Jing"
        },
        {
            "id": "ur.0754345510.31",
            "research_orgs": [
                "grid.420826.a",
                "grid.467700.2"
            ],
            "last_name": "Chmura",
            "first_name": "Aleksei A",
            "orcid_id": [
                "0000-0001-5544-0431"
            ]
        },
        {
            "id": "ur.01031576106.79",
            "research_orgs": [
                "grid.413322.5",
                "grid.14003.36",
                "grid.205975.c",
                "grid.49470.3e",
                "grid.466907.a",
                "grid.21107.35",
                "grid.410726.6",
                "grid.15538.3a",
                "grid.463419.d",
                "grid.452614.0",
                "grid.266900.b",
                "grid.416738.f",
                "grid.440682.c",
                "grid.240871.8",
                "grid.215654.1",
                "grid.502825.8",
                "grid.94365.3d",
                "grid.250889.e",
                "grid.4989.c",
                "grid.452357.2",
                "grid.27860.3b",
                "grid.420826.a",
                "grid.15276.37",
                "grid.428999.7",
                "grid.213876.9",
                "grid.60969.30",
                "grid.8183.2",
                "grid.194645.b",
                "grid.442958.6",
                "grid.16750.35",
                "grid.415696.9",
                "grid.414142.6",
                "grid.168010.e",
                "grid.21729.3f",
                "grid.9227.e",
                "grid.467700.2",
                "grid.475685.d",
                "grid.7362.0",
                "grid.14105.31",
                "grid.419681.3",
                "grid.3575.4",
                "grid.419261.9",
                "grid.473157.3",
                "grid.19006.3e"
            ],
            "last_name": "Daszak",
            "first_name": "Peter",
            "orcid_id": [
                "0000-0002-2046-5695"
            ]
        },
        {
            "id": "ur.012321453367.61",
            "research_orgs": [
                "grid.439104.b",
                "grid.27255.37",
                "grid.49470.3e",
                "grid.9227.e",
                "grid.410726.6",
                "grid.121334.6",
                "grid.265436.0",
                "grid.440682.c",
                "grid.410740.6",
                "grid.411863.9",
                "grid.420826.a",
                "grid.464498.3"
            ],
            "last_name": "Shi",
            "first_name": "Zhengli-Li"
        }
    ],
    "relative_citation_ratio": 1.11,
    "type": "article",
    "volume": "90",
    "pmcid": "PMC4936131"
}