{
    "volume": "9",
    "date": "2020-02-22",
    "title": "Short-term Forecasts of the COVID-19 Epidemic in Guangdong and Zhejiang, China: February 13\u201323, 2020",
    "researchers": [
        {
            "id": "ur.016150125460.07",
            "last_name": "Roosa",
            "first_name": "Kimberlyn M",
            "orcid_id": [
                "0000-0003-1169-7125"
            ],
            "research_orgs": [
                "grid.256304.6"
            ]
        },
        {
            "id": "ur.07376416215.93",
            "last_name": "Lee",
            "first_name": "Yiseul",
            "research_orgs": [
                "grid.256304.6"
            ]
        },
        {
            "id": "ur.0654071375.89",
            "last_name": "Luo",
            "first_name": "Ruiyan",
            "research_orgs": [
                "grid.256304.6",
                "grid.189967.8",
                "grid.47100.32"
            ]
        },
        {
            "id": "ur.010624173261.39",
            "last_name": "Kirpich",
            "first_name": "Alexander",
            "research_orgs": [
                "grid.256304.6"
            ]
        },
        {
            "id": "ur.01103520152.33",
            "last_name": "Rothenberg",
            "first_name": "Richard B",
            "research_orgs": [
                "grid.499172.0",
                "grid.34477.33",
                "grid.256304.6",
                "grid.238491.5",
                "grid.47100.32",
                "grid.416781.d",
                "grid.413085.b",
                "grid.414439.f",
                "grid.416738.f",
                "grid.189967.8"
            ]
        },
        {
            "id": "ur.01064570276.16",
            "last_name": "Hyman",
            "first_name": "James Mac",
            "orcid_id": [
                "0000-0001-5247-5794"
            ],
            "research_orgs": [
                "grid.148313.c",
                "grid.134563.6",
                "grid.265219.b",
                "grid.213876.9",
                "grid.5386.8",
                "grid.6451.6"
            ]
        },
        {
            "id": "ur.01307165004.67",
            "last_name": "Chowell",
            "first_name": "Gerardo",
            "research_orgs": [
                "grid.256304.6",
                "grid.5386.8",
                "grid.215654.1",
                "grid.420089.7",
                "grid.148313.c",
                "grid.94365.3d",
                "grid.453035.4"
            ]
        }
    ],
    "research_org_state_codes": [
        {
            "id": "CA-ON",
            "name": "Ontario"
        },
        {
            "id": "US-LA",
            "name": "Louisiana"
        },
        {
            "id": "US-GA",
            "name": "Georgia"
        }
    ],
    "altmetric": 15.0,
    "pages": "596",
    "research_org_cities": [
        {
            "id": 6094817,
            "name": "Ottawa"
        },
        {
            "id": 4335045,
            "name": "New Orleans"
        },
        {
            "id": 4180439,
            "name": "Atlanta"
        }
    ],
    "open_access": [
        "Open Access - all",
        "Open Access - publisher",
        "Open Access - published"
    ],
    "research_org_countries": [
        {
            "id": "CA",
            "name": "Canada"
        },
        {
            "id": "US",
            "name": "United States"
        }
    ],
    "doi": "10.3390/jcm9020596",
    "FOR": [
        {
            "id": "3177",
            "name": "1117 Public Health and Health Services"
        }
    ],
    "research_orgs": [
        {
            "id": "grid.415368.d",
            "state_name": "Ontario",
            "types": [
                "Government"
            ],
            "longitude": -75.705666,
            "linkout": [
                "http://www.phac-aspc.gc.ca/index-eng.php"
            ],
            "latitude": 45.343597,
            "name": "Public Health Agency of Canada",
            "city_name": "Ottawa",
            "country_name": "Canada"
        },
        {
            "id": "grid.256304.6",
            "acronym": "GSU",
            "state_name": "Georgia",
            "types": [
                "Education"
            ],
            "longitude": -84.38611,
            "linkout": [
                "http://www.gsu.edu/"
            ],
            "latitude": 33.75278,
            "name": "Georgia State University",
            "city_name": "Atlanta",
            "country_name": "United States"
        },
        {
            "id": "grid.265219.b",
            "state_name": "Louisiana",
            "types": [
                "Education"
            ],
            "longitude": -90.12228,
            "linkout": [
                "http://tulane.edu/"
            ],
            "latitude": 29.939493,
            "name": "Tulane University",
            "city_name": "New Orleans",
            "country_name": "United States"
        }
    ],
    "times_cited": 0,
    "pmid": "32098289",
    "funders": [
        {
            "id": "grid.457785.c",
            "acronym": "NSF CISE",
            "state_name": "Virginia",
            "types": [
                "Government"
            ],
            "longitude": -77.111,
            "linkout": [
                "http://www.nsf.gov/dir/index.jsp?org=CISE"
            ],
            "latitude": 38.88058,
            "name": "Directorate for Computer & Information Science & Engineering",
            "city_name": "Arlington",
            "country_name": "United States"
        },
        {
            "id": "grid.457810.f",
            "acronym": "NSF ENG",
            "state_name": "Virginia",
            "types": [
                "Government"
            ],
            "longitude": -77.111,
            "linkout": [
                "http://www.nsf.gov/dir/index.jsp?org=ENG"
            ],
            "latitude": 38.88058,
            "name": "Directorate for Engineering",
            "city_name": "Arlington",
            "country_name": "United States"
        },
        {
            "id": "grid.457570.4",
            "acronym": "CHM",
            "state_name": "Massachusetts",
            "types": [
                "Nonprofit"
            ],
            "longitude": -72.52616,
            "linkout": [
                "http://chm.pse.umass.edu/"
            ],
            "latitude": 42.39378,
            "name": "Center for Hierarchical Manufacturing",
            "city_name": "Amherst Center",
            "country_name": "United States"
        }
    ],
    "research_org_country_names": [
        "Canada",
        "United States"
    ],
    "id": "pub.1125172509",
    "issue": "2",
    "journal": {
        "id": "jour.1048290",
        "title": "Journal of Clinical Medicine"
    },
    "year": 2020,
    "references": [
        "pub.1049328071",
        "pub.1047580443",
        "pub.1111406881",
        "pub.1124863149",
        "pub.1091208612",
        "pub.1124408081",
        "pub.1114518310",
        "pub.1107636652",
        "pub.1028472523",
        "pub.1124849088",
        "pub.1124815248",
        "pub.1120468737",
        "pub.1059852819",
        "pub.1006716803",
        "pub.1033483728",
        "pub.1123551269"
    ],
    "research_org_state_names": [
        "Ontario",
        "Louisiana",
        "Georgia"
    ],
    "author_affiliations": [
        [
            {
                "first_name": "Kimberlyn",
                "last_name": "Roosa",
                "initials": "",
                "corresponding": "",
                "orcid": "['0000-0003-1169-7125']",
                "current_organization_id": "grid.256304.6",
                "researcher_id": "ur.016150125460.07",
                "affiliations": [
                    {
                        "id": "grid.256304.6",
                        "name": "Georgia State University",
                        "city": "Atlanta",
                        "city_id": 4180439,
                        "country": "United States",
                        "country_code": "US",
                        "state": "Georgia",
                        "state_code": "US-GA"
                    }
                ]
            },
            {
                "first_name": "Yiseul",
                "last_name": "Lee",
                "initials": "",
                "corresponding": "",
                "orcid": "",
                "current_organization_id": "grid.256304.6",
                "researcher_id": "ur.07376416215.93",
                "affiliations": [
                    {
                        "id": "grid.256304.6",
                        "name": "Georgia State University",
                        "city": "Atlanta",
                        "city_id": 4180439,
                        "country": "United States",
                        "country_code": "US",
                        "state": "Georgia",
                        "state_code": "US-GA"
                    }
                ]
            },
            {
                "first_name": "Ruiyan",
                "last_name": "Luo",
                "initials": "",
                "corresponding": "",
                "orcid": "",
                "current_organization_id": "grid.256304.6",
                "researcher_id": "ur.0654071375.89",
                "affiliations": [
                    {
                        "id": "grid.256304.6",
                        "name": "Georgia State University",
                        "city": "Atlanta",
                        "city_id": 4180439,
                        "country": "United States",
                        "country_code": "US",
                        "state": "Georgia",
                        "state_code": "US-GA"
                    }
                ]
            },
            {
                "first_name": "Alexander",
                "last_name": "Kirpich",
                "initials": "",
                "corresponding": "",
                "orcid": "",
                "current_organization_id": "grid.256304.6",
                "researcher_id": "ur.010624173261.39",
                "affiliations": [
                    {
                        "id": "grid.256304.6",
                        "name": "Georgia State University",
                        "city": "Atlanta",
                        "city_id": 4180439,
                        "country": "United States",
                        "country_code": "US",
                        "state": "Georgia",
                        "state_code": "US-GA"
                    }
                ]
            },
            {
                "first_name": "Richard",
                "last_name": "Rothenberg",
                "initials": "",
                "corresponding": "",
                "orcid": "",
                "current_organization_id": "grid.256304.6",
                "researcher_id": "ur.01103520152.33",
                "affiliations": [
                    {
                        "id": "grid.256304.6",
                        "name": "Georgia State University",
                        "city": "Atlanta",
                        "city_id": 4180439,
                        "country": "United States",
                        "country_code": "US",
                        "state": "Georgia",
                        "state_code": "US-GA"
                    }
                ]
            },
            {
                "first_name": "James M.",
                "last_name": "Hyman",
                "initials": "",
                "corresponding": "",
                "orcid": "['0000-0001-5247-5794']",
                "current_organization_id": "grid.265219.b",
                "researcher_id": "ur.01064570276.16",
                "affiliations": [
                    {
                        "id": "grid.265219.b",
                        "name": "Tulane University",
                        "city": "New Orleans",
                        "city_id": 4335045,
                        "country": "United States",
                        "country_code": "US",
                        "state": "Louisiana",
                        "state_code": "US-LA"
                    }
                ]
            },
            {
                "first_name": "Ping",
                "last_name": "Yan",
                "initials": "",
                "corresponding": "",
                "orcid": "",
                "current_organization_id": "",
                "researcher_id": "",
                "affiliations": [
                    {
                        "id": "grid.415368.d",
                        "name": "Public Health Agency of Canada",
                        "city": "Ottawa",
                        "city_id": 6094817,
                        "country": "Canada",
                        "country_code": "CA",
                        "state": "Ontario",
                        "state_code": "CA-ON"
                    }
                ]
            },
            {
                "first_name": "Gerardo",
                "last_name": "Chowell",
                "initials": "",
                "corresponding": "",
                "orcid": "",
                "current_organization_id": "grid.256304.6",
                "researcher_id": "ur.01307165004.67",
                "affiliations": [
                    {
                        "id": "grid.256304.6",
                        "name": "Georgia State University",
                        "city": "Atlanta",
                        "city_id": 4180439,
                        "country": "United States",
                        "country_code": "US",
                        "state": "Georgia",
                        "state_code": "US-GA"
                    }
                ]
            }
        ]
    ],
    "type": "article"
}