{
    "volume": "12",
    "date": "2020-02-22",
    "title": "Systematic Comparison of Two Animal-to-Human Transmitted Human Coronaviruses: SARS-CoV-2 and SARS-CoV",
    "researchers": [
        {
            "id": "ur.01112503034.22",
            "last_name": "Teng",
            "first_name": "Tie-Shan",
            "orcid_id": [
                "0000-0002-2150-0261"
            ],
            "research_orgs": [
                "grid.410726.6",
                "grid.263906.8",
                "grid.256922.8",
                "grid.439104.b"
            ]
        },
        {
            "id": "ur.0771010432.69",
            "last_name": "Abdalla",
            "first_name": "Abualgasim Elgaili",
            "orcid_id": [
                "0000-0002-8680-8427"
            ],
            "research_orgs": [
                "grid.440748.b",
                "grid.263906.8",
                "grid.442422.6"
            ]
        },
        {
            "id": "ur.01114574746.96",
            "last_name": "Xie",
            "first_name": "Long Xiang",
            "orcid_id": [
                "0000-0001-6825-9690"
            ],
            "research_orgs": [
                "grid.256922.8",
                "grid.263906.8"
            ]
        }
    ],
    "altmetric": 62.0,
    "pages": "244",
    "research_org_cities": [
        {
            "id": 1784658,
            "name": "Zhengzhou"
        },
        {
            "id": 5398563,
            "name": "Stanford"
        },
        {
            "id": 1804879,
            "name": "Kaifeng"
        }
    ],
    "open_access": [
        "Open Access - all",
        "Open Access - publisher",
        "Open Access - published"
    ],
    "research_org_countries": [
        {
            "id": "CN",
            "name": "China"
        },
        {
            "id": "SA",
            "name": "Saudi Arabia"
        },
        {
            "id": "US",
            "name": "United States"
        }
    ],
    "doi": "10.3390/v12020244",
    "FOR": [
        {
            "id": "3114",
            "name": "1108 Medical Microbiology"
        }
    ],
    "research_orgs": [
        {
            "id": "grid.440748.b",
            "types": [
                "Education"
            ],
            "longitude": 40.044907,
            "linkout": [
                "http://www.ju.edu.sa/index.php?id=5"
            ],
            "latitude": 29.791718,
            "name": "Al Jouf University",
            "city_name": "Sakakah",
            "country_name": "Saudi Arabia"
        },
        {
            "id": "grid.256922.8",
            "types": [
                "Education"
            ],
            "longitude": 114.36369,
            "linkout": [
                "http://www.henu.edu.cn/en/front/index.php"
            ],
            "latitude": 34.81272,
            "name": "Henan University",
            "city_name": "Kaifeng",
            "country_name": "China"
        },
        {
            "id": "grid.168010.e",
            "acronym": "SU",
            "state_name": "California",
            "types": [
                "Education"
            ],
            "longitude": -122.17,
            "linkout": [
                "http://www.stanford.edu/"
            ],
            "latitude": 37.43,
            "name": "Stanford University",
            "city_name": "Stanford",
            "country_name": "United States"
        }
    ],
    "times_cited": 1,
    "pmid": "32098422",
    "research_org_country_names": [
        "Saudi Arabia",
        "China",
        "United States"
    ],
    "id": "pub.1125172641",
    "issue": "2",
    "journal": {
        "id": "jour.1041668",
        "title": "Viruses"
    },
    "year": 2020,
    "references": [
        "pub.1113362719",
        "pub.1002167894",
        "pub.1124367686",
        "pub.1016548063",
        "pub.1013905993",
        "pub.1124420487",
        "pub.1124461627",
        "pub.1124328062",
        "pub.1051158478",
        "pub.1124326514",
        "pub.1113730941",
        "pub.1043684518",
        "pub.1012564990",
        "pub.1039833875",
        "pub.1124357750",
        "pub.1030766456",
        "pub.1116672150",
        "pub.1124815282",
        "pub.1017271522",
        "pub.1124298293",
        "pub.1001011756",
        "pub.1124370178",
        "pub.1124291867",
        "pub.1040468747",
        "pub.1036054240",
        "pub.1025572156",
        "pub.1060398460",
        "pub.1124223406",
        "pub.1052809779",
        "pub.1124428749",
        "pub.1124223059",
        "pub.1034803318",
        "pub.1073707747",
        "pub.1124289146",
        "pub.1124432156",
        "pub.1030401057",
        "pub.1037800779",
        "pub.1124290018",
        "pub.1051987629",
        "pub.1003644008",
        "pub.1124327925",
        "pub.1025461012",
        "pub.1124290823",
        "pub.1083848330",
        "pub.1124815253",
        "pub.1034260110",
        "pub.1124427336",
        "pub.1036342386",
        "pub.1124430725",
        "pub.1002666736",
        "pub.1110510319",
        "pub.1018893596",
        "pub.1011139305",
        "pub.1015704176",
        "pub.1029089655",
        "pub.1007072554",
        "pub.1040922961",
        "pub.1004425514",
        "pub.1053672811",
        "pub.1124145721",
        "pub.1124408081",
        "pub.1033850371",
        "pub.1124648676",
        "pub.1124428468",
        "pub.1124452141",
        "pub.1017837695",
        "pub.1022902794",
        "pub.1047915913",
        "pub.1122941965",
        "pub.1124005183",
        "pub.1026613775",
        "pub.1062468098",
        "pub.1033564228",
        "pub.1023278383",
        "pub.1047128751",
        "pub.1124545162",
        "pub.1078746520",
        "pub.1032116812",
        "pub.1029184047",
        "pub.1033824869",
        "pub.1075301009",
        "pub.1071741454",
        "pub.1032333958",
        "pub.1124452662",
        "pub.1101319525"
    ],
    "research_org_state_names": [
        "California"
    ],
    "author_affiliations": [
        [
            {
                "first_name": "Jiabao",
                "last_name": "Xu",
                "initials": "",
                "corresponding": "",
                "orcid": "",
                "current_organization_id": "",
                "researcher_id": "",
                "affiliations": [
                    {
                        "id": "grid.256922.8",
                        "name": "Henan University",
                        "city": "Kaifeng",
                        "city_id": 1804879,
                        "country": "China",
                        "country_code": "CN",
                        "state": null,
                        "state_code": null
                    }
                ]
            },
            {
                "first_name": "Shizhe",
                "last_name": "Zhao",
                "initials": "",
                "corresponding": "",
                "orcid": "",
                "current_organization_id": "",
                "researcher_id": "",
                "affiliations": [
                    {
                        "id": "grid.256922.8",
                        "name": "Henan University",
                        "city": "Kaifeng",
                        "city_id": 1804879,
                        "country": "China",
                        "country_code": "CN",
                        "state": null,
                        "state_code": null
                    }
                ]
            },
            {
                "first_name": "Tieshan",
                "last_name": "Teng",
                "initials": "",
                "corresponding": "",
                "orcid": "['0000-0002-2150-0261']",
                "current_organization_id": "grid.256922.8",
                "researcher_id": "ur.01112503034.22",
                "affiliations": [
                    {
                        "id": "grid.256922.8",
                        "name": "Henan University",
                        "city": "Kaifeng",
                        "city_id": 1804879,
                        "country": "China",
                        "country_code": "CN",
                        "state": null,
                        "state_code": null
                    }
                ]
            },
            {
                "first_name": "Abualgasim Elgaili",
                "last_name": "Abdalla",
                "initials": "",
                "corresponding": "",
                "orcid": "['0000-0002-8680-8427']",
                "current_organization_id": "grid.440748.b",
                "researcher_id": "ur.0771010432.69",
                "affiliations": [
                    {
                        "id": "grid.440748.b",
                        "name": "Al Jouf University",
                        "city": "Sakakah",
                        "country": "Saudi Arabia",
                        "country_code": "SA",
                        "state": null,
                        "state_code": null
                    }
                ]
            },
            {
                "first_name": "Wan",
                "last_name": "Zhu",
                "initials": "",
                "corresponding": "",
                "orcid": "",
                "current_organization_id": "",
                "researcher_id": "",
                "affiliations": [
                    {
                        "id": "grid.168010.e",
                        "name": "Stanford University",
                        "city": "Stanford",
                        "city_id": 5398563,
                        "country": "United States",
                        "country_code": "US",
                        "state": "California",
                        "state_code": "US-CA"
                    }
                ]
            },
            {
                "first_name": "Longxiang",
                "last_name": "Xie",
                "initials": "",
                "corresponding": "",
                "orcid": "['0000-0001-6825-9690']",
                "current_organization_id": "grid.256922.8",
                "researcher_id": "ur.01114574746.96",
                "affiliations": [
                    {
                        "id": "grid.256922.8",
                        "name": "Henan University",
                        "city": "Kaifeng",
                        "city_id": 1804879,
                        "country": "China",
                        "country_code": "CN",
                        "state": null,
                        "state_code": null
                    }
                ]
            },
            {
                "first_name": "Yunlong",
                "last_name": "Wang",
                "initials": "",
                "corresponding": "",
                "orcid": "",
                "current_organization_id": "",
                "researcher_id": "",
                "affiliations": [
                    {
                        "name": "Henan Bioengineering Research Center, Zhengzhou 450046, China"
                    }
                ]
            },
            {
                "first_name": "Xiangqian",
                "last_name": "Guo",
                "initials": "",
                "corresponding": "",
                "orcid": "",
                "current_organization_id": "",
                "researcher_id": "",
                "affiliations": [
                    {
                        "id": "grid.256922.8",
                        "name": "Henan University",
                        "city": "Kaifeng",
                        "city_id": 1804879,
                        "country": "China",
                        "country_code": "CN",
                        "state": null,
                        "state_code": null
                    }
                ]
            }
        ]
    ],
    "type": "article"
}