{
    "volume": "75",
    "date": "2016-02-01",
    "title": "External quality assessment for the molecular detection of MERS-CoV in China",
    "researchers": [
        {
            "id": "ur.01136463265.25",
            "last_name": "Zhang",
            "first_name": "Lei",
            "research_orgs": [
                "grid.453135.5",
                "grid.414350.7",
                "grid.11135.37",
                "grid.12527.33"
            ]
        },
        {
            "id": "ur.01167300001.94",
            "last_name": "Hao",
            "first_name": "Mingju",
            "research_orgs": [
                "grid.27255.37",
                "grid.453135.5",
                "grid.414350.7",
                "grid.12527.33"
            ]
        },
        {
            "id": "ur.01351310553.97",
            "last_name": "Zhang",
            "first_name": "Kuo",
            "research_orgs": [
                "grid.453135.5",
                "grid.419237.a",
                "grid.414350.7",
                "grid.12527.33"
            ]
        },
        {
            "id": "ur.01307036453.33",
            "last_name": "Zhang",
            "first_name": "Rui",
            "research_orgs": [
                "grid.453135.5",
                "grid.419237.a",
                "grid.414350.7",
                "grid.12527.33"
            ]
        },
        {
            "id": "ur.01056361453.55",
            "last_name": "Lin",
            "first_name": "Gui-Gao",
            "research_orgs": [
                "grid.453135.5",
                "grid.419237.a",
                "grid.414350.7",
                "grid.12527.33"
            ]
        },
        {
            "id": "ur.0747200661.27",
            "last_name": "Jia",
            "first_name": "Ting-Ting",
            "research_orgs": [
                "grid.24696.3f",
                "grid.453135.5",
                "grid.12527.33",
                "grid.414350.7",
                "grid.419237.a",
                "grid.413106.1"
            ]
        },
        {
            "id": "ur.01022234665.85",
            "last_name": "Zhang",
            "first_name": "Dong",
            "research_orgs": [
                "grid.453135.5",
                "grid.414350.7",
                "grid.12527.33",
                "grid.413106.1"
            ]
        },
        {
            "id": "ur.01317014131.16",
            "last_name": "Chang",
            "first_name": "Le",
            "research_orgs": [
                "grid.453135.5",
                "grid.414350.7",
                "grid.12527.33"
            ]
        },
        {
            "id": "ur.01225041635.79",
            "last_name": "Xie",
            "first_name": "Jiehong",
            "research_orgs": [
                "grid.419237.a",
                "grid.414350.7",
                "grid.12527.33"
            ]
        },
        {
            "id": "ur.01363722160.81",
            "last_name": "Li",
            "first_name": "Jin-Ming",
            "research_orgs": [
                "grid.12527.33",
                "grid.419237.a",
                "grid.453135.5",
                "grid.11135.37",
                "grid.413106.1",
                "grid.414350.7"
            ]
        }
    ],
    "pages": "5-9",
    "research_org_cities": [
        {
            "id": 1816670,
            "name": "Beijing"
        }
    ],
    "research_org_countries": [
        {
            "id": "CN",
            "name": "China"
        }
    ],
    "doi": "10.1016/j.jcv.2015.12.001",
    "FOR": [
        {
            "id": "3114",
            "name": "1108 Medical Microbiology"
        }
    ],
    "times_cited": 7,
    "research_orgs": [
        {
            "id": "grid.11135.37",
            "acronym": "PKU",
            "state_name": "Beijing",
            "types": [
                "Education"
            ],
            "longitude": 116.305855,
            "linkout": [
                "http://english.pku.edu.cn/"
            ],
            "latitude": 39.987152,
            "name": "Peking University",
            "city_name": "Beijing",
            "country_name": "China"
        },
        {
            "id": "grid.506261.6",
            "acronym": "CAMS&PUMC",
            "types": [
                "Education"
            ],
            "longitude": 116.41479,
            "linkout": [
                "http://www.cams.ac.cn/"
            ],
            "latitude": 39.91149,
            "name": "Chinese Academy of Medical Sciences & Peking Union Medical College",
            "city_name": "Beijing",
            "country_name": "China"
        },
        {
            "id": "grid.24696.3f",
            "acronym": "CUMS",
            "types": [
                "Education"
            ],
            "longitude": 116.35284,
            "linkout": [
                "http://www.ccmu.edu.cn/"
            ],
            "latitude": 39.865433,
            "name": "Capital Medical University",
            "city_name": "Beijing",
            "country_name": "China"
        },
        {
            "id": "grid.414350.7",
            "types": [
                "Healthcare"
            ],
            "longitude": 116.45454,
            "linkout": [
                "http://english.bjhmoh.cn/"
            ],
            "latitude": 39.926712,
            "name": "Beijing Hospital",
            "city_name": "Beijing",
            "country_name": "China"
        }
    ],
    "pmid": "26702992",
    "research_org_country_names": [
        "China"
    ],
    "id": "pub.1004919366",
    "issue": "MBio 3 2012",
    "journal": {
        "id": "jour.1297389",
        "title": "Journal of Clinical Virology"
    },
    "year": 2016,
    "references": [
        "pub.1026282963",
        "pub.1046633679",
        "pub.1030937184",
        "pub.1022112012",
        "pub.1043958679",
        "pub.1036818597",
        "pub.1041458087",
        "pub.1016460094",
        "pub.1043875870",
        "pub.1020300042",
        "pub.1045719311",
        "pub.1016042862",
        "pub.1078659688",
        "pub.1028769009",
        "pub.1018158123",
        "pub.1034543527",
        "pub.1078630807"
    ],
    "relative_citation_ratio": 0.58,
    "author_affiliations": [
        [
            {
                "first_name": "Lei",
                "last_name": "Zhang",
                "initials": "",
                "corresponding": "",
                "orcid": "",
                "current_organization_id": "grid.414350.7",
                "researcher_id": "ur.01136463265.25",
                "affiliations": [
                    {
                        "id": "grid.414350.7",
                        "name": "Beijing Hospital",
                        "city": "Beijing",
                        "city_id": 1816670,
                        "country": "China",
                        "country_code": "CN",
                        "state": null,
                        "state_code": null
                    },
                    {
                        "id": "grid.11135.37",
                        "name": "Peking University",
                        "city": "Beijing",
                        "city_id": 1816670,
                        "country": "China",
                        "country_code": "CN",
                        "state": null,
                        "state_code": null
                    }
                ]
            },
            {
                "first_name": "Mingju",
                "last_name": "Hao",
                "initials": "",
                "corresponding": "",
                "orcid": "",
                "current_organization_id": "grid.12527.33",
                "researcher_id": "ur.01167300001.94",
                "affiliations": [
                    {
                        "id": "grid.414350.7",
                        "name": "Beijing Hospital",
                        "city": "Beijing",
                        "city_id": 1816670,
                        "country": "China",
                        "country_code": "CN",
                        "state": null,
                        "state_code": null
                    },
                    {
                        "id": "grid.506261.6",
                        "name": "Chinese Academy of Medical Sciences & Peking Union Medical College",
                        "city": "Beijing",
                        "city_id": 1816670,
                        "country": "China",
                        "country_code": "CN",
                        "state": null,
                        "state_code": null
                    }
                ]
            },
            {
                "first_name": "Kuo",
                "last_name": "Zhang",
                "initials": "",
                "corresponding": "",
                "orcid": "",
                "current_organization_id": "grid.414350.7",
                "researcher_id": "ur.01351310553.97",
                "affiliations": [
                    {
                        "id": "grid.414350.7",
                        "name": "Beijing Hospital",
                        "city": "Beijing",
                        "city_id": 1816670,
                        "country": "China",
                        "country_code": "CN",
                        "state": null,
                        "state_code": null
                    }
                ]
            },
            {
                "first_name": "Rui",
                "last_name": "Zhang",
                "initials": "",
                "corresponding": "",
                "orcid": "",
                "current_organization_id": "grid.414350.7",
                "researcher_id": "ur.01307036453.33",
                "affiliations": [
                    {
                        "id": "grid.414350.7",
                        "name": "Beijing Hospital",
                        "city": "Beijing",
                        "city_id": 1816670,
                        "country": "China",
                        "country_code": "CN",
                        "state": null,
                        "state_code": null
                    }
                ]
            },
            {
                "first_name": "Guigao",
                "last_name": "Lin",
                "initials": "",
                "corresponding": "",
                "orcid": "",
                "current_organization_id": "grid.414350.7",
                "researcher_id": "ur.01056361453.55",
                "affiliations": [
                    {
                        "id": "grid.414350.7",
                        "name": "Beijing Hospital",
                        "city": "Beijing",
                        "city_id": 1816670,
                        "country": "China",
                        "country_code": "CN",
                        "state": null,
                        "state_code": null
                    }
                ]
            },
            {
                "first_name": "Tingting",
                "last_name": "Jia",
                "initials": "",
                "corresponding": "",
                "orcid": "",
                "current_organization_id": "grid.24696.3f",
                "researcher_id": "ur.0747200661.27",
                "affiliations": [
                    {
                        "id": "grid.24696.3f",
                        "name": "Capital Medical University",
                        "city": "Beijing",
                        "city_id": 1816670,
                        "country": "China",
                        "country_code": "CN",
                        "state": null,
                        "state_code": null
                    }
                ]
            },
            {
                "first_name": "Dong",
                "last_name": "Zhang",
                "initials": "",
                "corresponding": "",
                "orcid": "",
                "current_organization_id": "grid.414350.7",
                "researcher_id": "ur.01022234665.85",
                "affiliations": [
                    {
                        "id": "grid.414350.7",
                        "name": "Beijing Hospital",
                        "city": "Beijing",
                        "city_id": 1816670,
                        "country": "China",
                        "country_code": "CN",
                        "state": null,
                        "state_code": null
                    },
                    {
                        "id": "grid.506261.6",
                        "name": "Chinese Academy of Medical Sciences & Peking Union Medical College",
                        "city": "Beijing",
                        "city_id": 1816670,
                        "country": "China",
                        "country_code": "CN",
                        "state": null,
                        "state_code": null
                    }
                ]
            },
            {
                "first_name": "Le",
                "last_name": "Chang",
                "initials": "",
                "corresponding": "",
                "orcid": "",
                "current_organization_id": "grid.414350.7",
                "researcher_id": "ur.01317014131.16",
                "affiliations": [
                    {
                        "id": "grid.414350.7",
                        "name": "Beijing Hospital",
                        "city": "Beijing",
                        "city_id": 1816670,
                        "country": "China",
                        "country_code": "CN",
                        "state": null,
                        "state_code": null
                    },
                    {
                        "id": "grid.506261.6",
                        "name": "Chinese Academy of Medical Sciences & Peking Union Medical College",
                        "city": "Beijing",
                        "city_id": 1816670,
                        "country": "China",
                        "country_code": "CN",
                        "state": null,
                        "state_code": null
                    }
                ]
            },
            {
                "first_name": "Jiehong",
                "last_name": "Xie",
                "initials": "",
                "corresponding": "",
                "orcid": "",
                "current_organization_id": "grid.414350.7",
                "researcher_id": "ur.01225041635.79",
                "affiliations": [
                    {
                        "id": "grid.414350.7",
                        "name": "Beijing Hospital",
                        "city": "Beijing",
                        "city_id": 1816670,
                        "country": "China",
                        "country_code": "CN",
                        "state": null,
                        "state_code": null
                    }
                ]
            },
            {
                "first_name": "Jinming",
                "last_name": "Li",
                "initials": "",
                "corresponding": true,
                "orcid": "",
                "current_organization_id": "grid.414350.7",
                "researcher_id": "ur.01363722160.81",
                "affiliations": [
                    {
                        "id": "grid.414350.7",
                        "name": "Beijing Hospital",
                        "city": "Beijing",
                        "city_id": 1816670,
                        "country": "China",
                        "country_code": "CN",
                        "state": null,
                        "state_code": null
                    },
                    {
                        "id": "grid.11135.37",
                        "name": "Peking University",
                        "city": "Beijing",
                        "city_id": 1816670,
                        "country": "China",
                        "country_code": "CN",
                        "state": null,
                        "state_code": null
                    }
                ]
            }
        ]
    ],
    "type": "article"
}