{
    "research_orgs": [
        {
            "id": "grid.412632.0",
            "linkout": [
                "http://www.rmhospital.com/"
            ],
            "city_name": "Wuhan",
            "longitude": 114.29828,
            "acronym": "RHWU",
            "latitude": 30.536203,
            "name": "Renmin Hospital of Wuhan University",
            "types": [
                "Healthcare"
            ],
            "country_name": "China"
        },
        {
            "id": "grid.49470.3e",
            "linkout": [
                "http://en.whu.edu.cn/"
            ],
            "city_name": "Wuhan",
            "longitude": 114.36431,
            "acronym": "WHU",
            "latitude": 30.536316,
            "name": "Wuhan University",
            "types": [
                "Education"
            ],
            "country_name": "China"
        },
        {
            "id": "grid.433800.c",
            "linkout": [
                "http://www.wit.edu.cn/english/"
            ],
            "city_name": "Wuhan",
            "longitude": 114.39032,
            "acronym": "WIT",
            "latitude": 30.502033,
            "name": "Wuhan Institute of Technology",
            "types": [
                "Education"
            ],
            "country_name": "China"
        }
    ],
    "research_org_country_names": [
        "China"
    ],
    "pmid": "32058570",
    "title": "Novel Coronavirus Infection in Hospitalized Infants Under 1 Year of Age in China",
    "type": "article",
    "year": 2020,
    "journal": {
        "id": "jour.1081531",
        "title": "JAMA"
    },
    "research_org_countries": [
        {
            "id": "CN",
            "name": "China"
        }
    ],
    "date": "2020-02-14",
    "altmetric": 3067.0,
    "id": "pub.1124859045",
    "volume": "323",
    "issue": "18",
    "research_org_cities": [
        {
            "id": 1791247,
            "name": "Wuhan"
        }
    ],
    "open_access": [
        "Open Access - all",
        "Open Access - publisher",
        "Open Access - published"
    ],
    "author_affiliations": [
        [
            {
                "first_name": "Min",
                "last_name": "Wei",
                "initials": "",
                "corresponding": "",
                "orcid": "",
                "current_organization_id": "",
                "researcher_id": "",
                "affiliations": [
                    {
                        "id": "grid.412632.0",
                        "name": "Renmin Hospital of Wuhan University",
                        "city": "Wuhan",
                        "city_id": 1791247,
                        "country": "China",
                        "country_code": "CN",
                        "state": null,
                        "state_code": null
                    }
                ]
            },
            {
                "first_name": "Jingping",
                "last_name": "Yuan",
                "initials": "",
                "corresponding": "",
                "orcid": "",
                "current_organization_id": "",
                "researcher_id": "",
                "affiliations": [
                    {
                        "id": "grid.412632.0",
                        "name": "Renmin Hospital of Wuhan University",
                        "city": "Wuhan",
                        "city_id": 1791247,
                        "country": "China",
                        "country_code": "CN",
                        "state": null,
                        "state_code": null
                    }
                ]
            },
            {
                "first_name": "Yu",
                "last_name": "Liu",
                "initials": "",
                "corresponding": "",
                "orcid": "",
                "current_organization_id": "",
                "researcher_id": "",
                "affiliations": [
                    {
                        "id": "grid.433800.c",
                        "name": "Wuhan Institute of Technology",
                        "city": "Wuhan",
                        "city_id": 1791247,
                        "country": "China",
                        "country_code": "CN",
                        "state": null,
                        "state_code": null
                    }
                ]
            },
            {
                "first_name": "Tao",
                "last_name": "Fu",
                "initials": "",
                "corresponding": "",
                "orcid": "",
                "current_organization_id": "",
                "researcher_id": "",
                "affiliations": [
                    {
                        "id": "grid.412632.0",
                        "name": "Renmin Hospital of Wuhan University",
                        "city": "Wuhan",
                        "city_id": 1791247,
                        "country": "China",
                        "country_code": "CN",
                        "state": null,
                        "state_code": null
                    }
                ]
            },
            {
                "first_name": "Xue",
                "last_name": "Yu",
                "initials": "",
                "corresponding": "",
                "orcid": "",
                "current_organization_id": "",
                "researcher_id": "",
                "affiliations": [
                    {
                        "id": "grid.49470.3e",
                        "name": "Wuhan University",
                        "city": "Wuhan",
                        "city_id": 1791247,
                        "country": "China",
                        "country_code": "CN",
                        "state": null,
                        "state_code": null
                    }
                ]
            },
            {
                "first_name": "Zhi-Jiang",
                "last_name": "Zhang",
                "initials": "",
                "corresponding": "",
                "orcid": "",
                "current_organization_id": "",
                "researcher_id": "",
                "affiliations": [
                    {
                        "id": "grid.49470.3e",
                        "name": "Wuhan University",
                        "city": "Wuhan",
                        "city_id": 1791247,
                        "country": "China",
                        "country_code": "CN",
                        "state": null,
                        "state_code": null
                    }
                ]
            }
        ]
    ],
    "pmcid": "PMC7042807",
    "doi": "10.1001/jama.2020.2131",
    "times_cited": 12,
    "references": [
        "pub.1124600101",
        "pub.1124427336",
        "pub.1124240906",
        "pub.1124408081",
        "pub.1124654147"
    ]
}