{
    "author_affiliations": [
        [
            {
                "first_name": "Caibin",
                "last_name": "Fan",
                "initials": "",
                "corresponding": "",
                "orcid": "",
                "current_organization_id": "grid.89957.3a",
                "researcher_id": "ur.01200733411.33",
                "affiliations": [
                    {
                        "id": "grid.89957.3a",
                        "name": "Nanjing Medical University",
                        "city": "Nanjing",
                        "city_id": 1799962,
                        "country": "China",
                        "country_code": "CN",
                        "state": null,
                        "state_code": null
                    }
                ]
            },
            {
                "first_name": "Kai",
                "last_name": "Li",
                "initials": "",
                "corresponding": "",
                "orcid": "",
                "current_organization_id": "",
                "researcher_id": "",
                "affiliations": [
                    {
                        "id": "grid.89957.3a",
                        "name": "Nanjing Medical University",
                        "city": "Nanjing",
                        "city_id": 1799962,
                        "country": "China",
                        "country_code": "CN",
                        "state": null,
                        "state_code": null
                    }
                ]
            },
            {
                "first_name": "Yanhong",
                "last_name": "Ding",
                "initials": "",
                "corresponding": "",
                "orcid": "",
                "current_organization_id": "",
                "researcher_id": "",
                "affiliations": [
                    {
                        "id": "grid.89957.3a",
                        "name": "Nanjing Medical University",
                        "city": "Nanjing",
                        "city_id": 1799962,
                        "country": "China",
                        "country_code": "CN",
                        "state": null,
                        "state_code": null
                    }
                ]
            },
            {
                "first_name": "Wei Lu",
                "last_name": "Lu",
                "initials": "",
                "corresponding": "",
                "orcid": "",
                "current_organization_id": "",
                "researcher_id": "",
                "affiliations": [
                    {
                        "name": "Suzhou Vocational Health and Technical College"
                    }
                ]
            },
            {
                "first_name": "Jianqing",
                "last_name": "Wang",
                "initials": "",
                "corresponding": "",
                "orcid": "",
                "current_organization_id": "",
                "researcher_id": "",
                "affiliations": [
                    {
                        "id": "grid.89957.3a",
                        "name": "Nanjing Medical University",
                        "city": "Nanjing",
                        "city_id": 1799962,
                        "country": "China",
                        "country_code": "CN",
                        "state": null,
                        "state_code": null
                    }
                ]
            }
        ]
    ],
    "altmetric": 1841.0,
    "FOR": [
        {
            "id": "3053",
            "name": "1103 Clinical Sciences"
        }
    ],
    "research_org_countries": [
        {
            "id": "CN",
            "name": "China"
        }
    ],
    "title": "ACE2 Expression in Kidney and Testis May Cause Kidney and Testis Damage After 2019-nCoV Infection",
    "research_org_cities": [
        {
            "id": 1799962,
            "name": "Nanjing"
        }
    ],
    "pages": "2020.02.12.20022418",
    "open_access": [
        "Open Access - all",
        "Open Access - publisher",
        "Open Access - published"
    ],
    "doi": "10.1101/2020.02.12.20022418",
    "times_cited": 3,
    "journal": {
        "id": "jour.1369542",
        "title": "medRxiv"
    },
    "year": 2020,
    "research_orgs": [
        {
            "id": "grid.89957.3a",
            "name": "Nanjing Medical University",
            "linkout": [
                "http://www.njmu.edu.cn/"
            ],
            "country_name": "China",
            "types": [
                "Education"
            ],
            "latitude": 32.043846,
            "acronym": "NMU",
            "city_name": "Nanjing",
            "longitude": 118.774765
        }
    ],
    "id": "pub.1124849086",
    "references": [
        "pub.1124291867",
        "pub.1124408081",
        "pub.1036060000",
        "pub.1122146923",
        "pub.1124596311",
        "pub.1005460399",
        "pub.1124427336",
        "pub.1032333958",
        "pub.1124290823",
        "pub.1022151648"
    ],
    "research_org_country_names": [
        "China"
    ],
    "date": "2020-02-13",
    "researchers": [
        {
            "id": "ur.01200733411.33",
            "research_orgs": [
                "grid.429222.d",
                "grid.263761.7",
                "grid.89957.3a",
                "grid.440227.7"
            ],
            "last_name": "Fan",
            "first_name": "Cai-Bin"
        }
    ],
    "type": "article"
}