{
    "volume": "1097",
    "date": "2019-01-01",
    "title": "Shiny Framework Based Visualization and Analytics Tool for Middle East Respiratory Syndrome",
    "researchers": [
        {
            "id": "ur.015374471315.33",
            "last_name": "John",
            "first_name": "Maya",
            "research_orgs": [
                "grid.464509.a"
            ]
        },
        {
            "id": "ur.011655322755.93",
            "last_name": "Shaiba",
            "first_name": "Hadil Ahmed",
            "orcid_id": [
                "0000-0003-1652-6579"
            ],
            "research_orgs": [
                "grid.449346.8"
            ]
        }
    ],
    "pages": "193-202",
    "research_org_cities": [
        {
            "id": 108410,
            "name": "Riyadh"
        },
        {
            "id": 1254163,
            "name": "Thiruvananthapuram"
        }
    ],
    "research_org_countries": [
        {
            "id": "SA",
            "name": "Saudi Arabia"
        },
        {
            "id": "IN",
            "name": "India"
        }
    ],
    "doi": "10.1007/978-3-030-36365-9_16",
    "FOR": [
        {
            "id": "3177",
            "name": "1117 Public Health and Health Services"
        },
        {
            "id": "2790",
            "name": "0806 Information Systems"
        }
    ],
    "times_cited": 0,
    "research_orgs": [
        {
            "id": "grid.449346.8",
            "acronym": "PNU",
            "types": [
                "Education"
            ],
            "longitude": 46.72359,
            "linkout": [
                "http://www.pnu.edu.sa/en"
            ],
            "latitude": 24.85252,
            "name": "Princess Nourah bint Abdulrahman University",
            "city_name": "Riyadh",
            "country_name": "Saudi Arabia"
        },
        {
            "id": "grid.464509.a",
            "acronym": "KTU",
            "types": [
                "Education"
            ],
            "longitude": 76.905685,
            "linkout": [
                "https://ktu.edu.in/"
            ],
            "latitude": 8.541584,
            "name": "A P J Abdul Kalam Technological University",
            "city_name": "Thiruvananthapuram",
            "country_name": "India"
        }
    ],
    "research_org_country_names": [
        "India",
        "Saudi Arabia"
    ],
    "id": "pub.1123561441",
    "year": 2019,
    "references": [
        "pub.1003202070",
        "pub.1103444796",
        "pub.1043875870",
        "pub.1113359877",
        "pub.1021121595"
    ],
    "author_affiliations": [
        [
            {
                "first_name": "Maya",
                "last_name": "John",
                "initials": "",
                "corresponding": "",
                "orcid": "",
                "current_organization_id": "grid.464509.a",
                "researcher_id": "ur.015374471315.33",
                "affiliations": [
                    {
                        "id": "grid.464509.a",
                        "name": "A P J Abdul Kalam Technological University",
                        "city": "Thiruvananthapuram",
                        "city_id": 1254163,
                        "country": "India",
                        "country_code": "IN",
                        "state": null,
                        "state_code": null
                    }
                ]
            },
            {
                "first_name": "Hadil",
                "last_name": "Shaiba",
                "initials": "",
                "corresponding": true,
                "orcid": "['0000-0003-1652-6579']",
                "current_organization_id": "grid.449346.8",
                "researcher_id": "ur.011655322755.93",
                "affiliations": [
                    {
                        "id": "grid.449346.8",
                        "name": "Princess Nourah bint Abdulrahman University",
                        "city": "Riyadh",
                        "city_id": 108410,
                        "country": "Saudi Arabia",
                        "country_code": "SA",
                        "state": null,
                        "state_code": null
                    }
                ]
            }
        ]
    ],
    "type": "chapter"
}