{
    "volume": "39",
    "date": "2019-10-01",
    "title": "Establishment and evaluation of receptor binding domain (RBD)-based ELISA for Middle East respiratory syndrome coronavirus (MERS-CoV) antibody detection",
    "researchers": [
        {
            "id": "ur.01102430436.06",
            "last_name": "Wang",
            "first_name": "Wenling",
            "orcid_id": [
                "0000-0002-7360-2913"
            ],
            "research_orgs": [
                "grid.453135.5",
                "grid.198530.6"
            ]
        },
        {
            "id": "ur.07371252740.11",
            "last_name": "Song",
            "first_name": "Qianqian",
            "research_orgs": [
                "grid.419897.a",
                "grid.268099.c",
                "grid.198530.6"
            ]
        },
        {
            "id": "ur.0665777700.16",
            "last_name": "Wang",
            "first_name": "Huijuan",
            "research_orgs": [
                "grid.198530.6"
            ]
        },
        {
            "id": "ur.0762117661.33",
            "last_name": "Deng",
            "first_name": "Yao",
            "research_orgs": [
                "grid.263761.7",
                "grid.453135.5",
                "grid.452515.2",
                "grid.198530.6"
            ]
        },
        {
            "id": "ur.01143221111.34",
            "last_name": "Tan",
            "first_name": "Wen-Jie",
            "research_orgs": [
                "grid.9227.e",
                "grid.453135.5",
                "grid.268099.c",
                "grid.198530.6",
                "grid.419897.a",
                "grid.64924.3d"
            ]
        }
    ],
    "pages": "763-770",
    "research_org_cities": [
        {
            "id": 1791388,
            "name": "Wenzhou"
        },
        {
            "id": 1816670,
            "name": "Beijing"
        }
    ],
    "research_org_countries": [
        {
            "id": "CN",
            "name": "China"
        }
    ],
    "doi": "10.3760/cma.j.issn.0254-5101.2019.10.007",
    "FOR": [
        {
            "id": "2581",
            "name": "0601 Biochemistry and Cell Biology"
        }
    ],
    "times_cited": 0,
    "research_orgs": [
        {
            "id": "grid.268099.c",
            "acronym": "WMC",
            "types": [
                "Education"
            ],
            "longitude": 120.71197,
            "linkout": [
                "http://en.wmu.edu.cn/"
            ],
            "latitude": 27.925127,
            "name": "Wenzhou Medical University",
            "city_name": "Wenzhou",
            "country_name": "China"
        }
    ],
    "funders": [
        {
            "id": "grid.424020.0",
            "acronym": "MOST",
            "types": [
                "Government"
            ],
            "longitude": 116.316284,
            "linkout": [
                "http://www.most.gov.cn/eng/"
            ],
            "latitude": 39.827835,
            "name": "Ministry of Science and Technology of the People's Republic of China",
            "city_name": "Beijing",
            "country_name": "China"
        }
    ],
    "research_org_country_names": [
        "China"
    ],
    "id": "pub.1123887132",
    "issue": "10",
    "journal": {
        "id": "jour.1288934",
        "title": "CHUNG HUA WEI SHENG WU HSUEH HO MIEH I HSUEH TSA CHIH"
    },
    "year": 2019,
    "references": [
        "pub.1091434979",
        "pub.1111839920",
        "pub.1050010417",
        "pub.1020300042",
        "pub.1014260471",
        "pub.1078659688",
        "pub.1090809547",
        "pub.1012950607",
        "pub.1022112012",
        "pub.1085399358",
        "pub.1038361674",
        "pub.1106154920",
        "pub.1112322924",
        "pub.1090679407",
        "pub.1070926177",
        "pub.1051316131",
        "pub.1071123360",
        "pub.1070926115",
        "pub.1049848109",
        "pub.1092198301",
        "pub.1043958679",
        "pub.1059467671",
        "pub.1052071282",
        "pub.1043875870",
        "pub.1101237176",
        "pub.1070926257",
        "pub.1027163725",
        "pub.1042538057"
    ],
    "author_affiliations": [
        [
            {
                "first_name": "Wenling",
                "last_name": "Wang",
                "initials": "",
                "corresponding": "",
                "orcid": "['0000-0002-7360-2913']",
                "current_organization_id": "grid.198530.6",
                "researcher_id": "ur.01102430436.06",
                "affiliations": [
                    {
                        "name": "National Institute for Viral Disease Control and Prevention, Chinese Center for Disease Control and Prevention, Key Laboratory of Biosafety, Ministry of Health of the People\u2032s Republic of China, Beijing 102206, China"
                    }
                ]
            },
            {
                "first_name": "Ren",
                "last_name": "Yang",
                "initials": "",
                "corresponding": "",
                "orcid": "",
                "current_organization_id": "",
                "researcher_id": "",
                "affiliations": [
                    {
                        "name": "National Institute for Viral Disease Control and Prevention, Chinese Center for Disease Control and Prevention, Key Laboratory of Biosafety, Ministry of Health of the People\u2032s Republic of China, Beijing 102206, China"
                    }
                ]
            },
            {
                "first_name": "Qianqian",
                "last_name": "Song",
                "initials": "",
                "corresponding": "",
                "orcid": "",
                "current_organization_id": "grid.268099.c",
                "researcher_id": "ur.07371252740.11",
                "affiliations": [
                    {
                        "id": "grid.268099.c",
                        "name": "Wenzhou Medical University",
                        "city": "Wenzhou",
                        "city_id": 1791388,
                        "country": "China",
                        "country_code": "CN",
                        "state": null,
                        "state_code": null
                    }
                ]
            },
            {
                "first_name": "Huijuan",
                "last_name": "Wang",
                "initials": "",
                "corresponding": "",
                "orcid": "",
                "current_organization_id": "grid.198530.6",
                "researcher_id": "ur.0665777700.16",
                "affiliations": [
                    {
                        "name": "National Institute for Viral Disease Control and Prevention, Chinese Center for Disease Control and Prevention, Key Laboratory of Biosafety, Ministry of Health of the People\u2032s Republic of China, Beijing 102206, China"
                    }
                ]
            },
            {
                "first_name": "Yao",
                "last_name": "Deng",
                "initials": "",
                "corresponding": "",
                "orcid": "",
                "current_organization_id": "grid.198530.6",
                "researcher_id": "ur.0762117661.33",
                "affiliations": [
                    {
                        "name": "National Institute for Viral Disease Control and Prevention, Chinese Center for Disease Control and Prevention, Key Laboratory of Biosafety, Ministry of Health of the People\u2032s Republic of China, Beijing 102206, China"
                    }
                ]
            },
            {
                "first_name": "Li",
                "last_name": "Zhao",
                "initials": "",
                "corresponding": "",
                "orcid": "",
                "current_organization_id": "",
                "researcher_id": "",
                "affiliations": [
                    {
                        "name": "National Institute for Viral Disease Control and Prevention, Chinese Center for Disease Control and Prevention, Key Laboratory of Biosafety, Ministry of Health of the People\u2032s Republic of China, Beijing 102206, China"
                    }
                ]
            },
            {
                "first_name": "Wenjie",
                "last_name": "Tan",
                "initials": "",
                "corresponding": "",
                "orcid": "",
                "current_organization_id": "grid.198530.6",
                "researcher_id": "ur.01143221111.34",
                "affiliations": [
                    {
                        "name": "National Institute for Viral Disease Control and Prevention, Chinese Center for Disease Control and Prevention, Key Laboratory of Biosafety, Ministry of Health of the People\u2032s Republic of China, Beijing 102206, China; Zhejiang Provincial Key Laboratory of Medical Genetics, School of Laboratory Medicine and Life Sciences, Wenzhou Medical University, Wenzhou 325035, China"
                    },
                    {
                        "id": "grid.268099.c",
                        "name": "Wenzhou Medical University",
                        "city": "Wenzhou",
                        "city_id": 1791388,
                        "country": "China",
                        "country_code": "CN",
                        "state": null,
                        "state_code": null
                    }
                ]
            }
        ]
    ],
    "type": "article"
}