{
    "volume": "50",
    "date": "2015-06-01",
    "title": "Prevalence of Middle East respiratory syndrome coronavirus (MERS-CoV) in dromedary camels in Abu Dhabi Emirate, United Arab Emirates",
    "researchers": [
        {
            "id": "ur.01101034422.20",
            "last_name": "Yusof",
            "first_name": "Mohammed Farouk"
        },
        {
            "id": "ur.01007653162.41",
            "last_name": "Eltahir",
            "first_name": "Yassir Mohammed",
            "research_orgs": [
                "grid.442411.6",
                "grid.268415.c",
                "grid.416738.f",
                "grid.4830.f",
                "grid.4494.d",
                "grid.194645.b",
                "grid.414846.b"
            ]
        },
        {
            "id": "ur.0764606022.45",
            "last_name": "Serhan",
            "first_name": "Wissam S"
        },
        {
            "id": "ur.01215263022.40",
            "last_name": "Elsayed",
            "first_name": "Elsaeid A"
        },
        {
            "id": "ur.01263376222.60",
            "last_name": "Marzoug",
            "first_name": "Bahaaeldin A"
        },
        {
            "id": "ur.01331511422.12",
            "last_name": "Abdelazim",
            "first_name": "Assem Si"
        },
        {
            "id": "ur.01330307275.11",
            "last_name": "Bensalah",
            "first_name": "Oum Keltoum A"
        },
        {
            "id": "ur.0606105322.30",
            "last_name": "Al Muhairi",
            "first_name": "Salama Suhail"
        }
    ],
    "altmetric": 8.0,
    "pages": "509-513",
    "research_org_cities": [
        {
            "id": 292968,
            "name": "Abu Dhabi"
        }
    ],
    "open_access": [
        "Open Access - all",
        "Open Access - publisher",
        "Open Access - published"
    ],
    "research_org_countries": [
        {
            "id": "AE",
            "name": "United Arab Emirates"
        }
    ],
    "doi": "10.1007/s11262-015-1174-0",
    "FOR": [
        {
            "id": "3177",
            "name": "1117 Public Health and Health Services"
        }
    ],
    "times_cited": 38,
    "pmid": "25653016",
    "research_org_country_names": [
        "United Arab Emirates"
    ],
    "id": "pub.1023473315",
    "issue": "3",
    "journal": {
        "id": "jour.1097920",
        "title": "Virus Genes"
    },
    "year": 2015,
    "references": [
        "pub.1049273973",
        "pub.1021594788",
        "pub.1043875870",
        "pub.1015127616",
        "pub.1078630807",
        "pub.1048354637",
        "pub.1078659688",
        "pub.1002007051",
        "pub.1025461012",
        "pub.1070926221"
    ],
    "relative_citation_ratio": 2.68,
    "author_affiliations": [
        [
            {
                "first_name": "Mohammed F.",
                "last_name": "Yusof",
                "initials": "",
                "corresponding": "",
                "orcid": "",
                "current_organization_id": "",
                "researcher_id": "ur.01101034422.20",
                "affiliations": [
                    {
                        "name": "Veterinary Laboratories Division, Animal Wealth Sector, Abu Dhabi Food Control Authority, Abu Dhabi, United Arab Emirates"
                    }
                ]
            },
            {
                "first_name": "Yassir M.",
                "last_name": "Eltahir",
                "initials": "",
                "corresponding": "",
                "orcid": "",
                "current_organization_id": "grid.4494.d",
                "researcher_id": "ur.01007653162.41",
                "affiliations": [
                    {
                        "name": "Epidemiology Section, Animal Wealth Sector, Abu Dhabi Food Control Authority, Abu Dhabi, United Arab Emirates"
                    }
                ]
            },
            {
                "first_name": "Wissam S.",
                "last_name": "Serhan",
                "initials": "",
                "corresponding": "",
                "orcid": "",
                "current_organization_id": "",
                "researcher_id": "ur.0764606022.45",
                "affiliations": [
                    {
                        "name": "Veterinary Laboratories Division, Animal Wealth Sector, Abu Dhabi Food Control Authority, Abu Dhabi, United Arab Emirates"
                    }
                ]
            },
            {
                "first_name": "Farouk M.",
                "last_name": "Hashem",
                "initials": "",
                "corresponding": "",
                "orcid": "",
                "current_organization_id": "",
                "researcher_id": "",
                "affiliations": [
                    {
                        "name": "Veterinary Laboratories Division, Animal Wealth Sector, Abu Dhabi Food Control Authority, Abu Dhabi, United Arab Emirates"
                    }
                ]
            },
            {
                "first_name": "Elsaeid A.",
                "last_name": "Elsayed",
                "initials": "",
                "corresponding": "",
                "orcid": "",
                "current_organization_id": "",
                "researcher_id": "ur.01215263022.40",
                "affiliations": [
                    {
                        "name": "Veterinary Services Section, Animal Wealth Sector, Abu Dhabi Food Control Authority, Abu Dhabi, United Arab Emirates"
                    }
                ]
            },
            {
                "first_name": "Bahaaeldin A.",
                "last_name": "Marzoug",
                "initials": "",
                "corresponding": "",
                "orcid": "",
                "current_organization_id": "",
                "researcher_id": "ur.01263376222.60",
                "affiliations": [
                    {
                        "name": "Veterinary Services Section, Animal Wealth Sector, Abu Dhabi Food Control Authority, Abu Dhabi, United Arab Emirates"
                    }
                ]
            },
            {
                "first_name": "Assem Si",
                "last_name": "Abdelazim",
                "initials": "",
                "corresponding": "",
                "orcid": "",
                "current_organization_id": "",
                "researcher_id": "ur.01331511422.12",
                "affiliations": [
                    {
                        "name": "Veterinary Services Section, Animal Wealth Sector, Abu Dhabi Food Control Authority, Abu Dhabi, United Arab Emirates"
                    }
                ]
            },
            {
                "first_name": "Oum Keltoum A.",
                "last_name": "Bensalah",
                "initials": "",
                "corresponding": "",
                "orcid": "",
                "current_organization_id": "",
                "researcher_id": "ur.01330307275.11",
                "affiliations": [
                    {
                        "name": "Epidemiology Section, Animal Wealth Sector, Abu Dhabi Food Control Authority, Abu Dhabi, United Arab Emirates"
                    }
                ]
            },
            {
                "first_name": "Salama S.",
                "last_name": "Al Muhairi",
                "initials": "",
                "corresponding": true,
                "orcid": "",
                "current_organization_id": "",
                "researcher_id": "ur.0606105322.30",
                "affiliations": [
                    {
                        "name": "Veterinary Laboratories Division, Animal Wealth Sector, Abu Dhabi Food Control Authority, Abu Dhabi, United Arab Emirates"
                    }
                ]
            }
        ]
    ],
    "type": "article"
}