{
    "author_affiliations": [
        [
            {
                "first_name": "Charles V",
                "last_name": "Herst",
                "initials": "",
                "corresponding": "",
                "orcid": "",
                "current_organization_id": "",
                "researcher_id": "ur.01362271672.34",
                "affiliations": [
                    {
                        "name": "Flow Pharma, Inc;"
                    }
                ]
            },
            {
                "first_name": "Scott",
                "last_name": "Burkholz",
                "initials": "",
                "corresponding": "",
                "orcid": "",
                "current_organization_id": "",
                "researcher_id": "",
                "affiliations": [
                    {
                        "name": "Flow Pharma, Inc;"
                    }
                ]
            },
            {
                "first_name": "John",
                "last_name": "Sidney",
                "initials": "",
                "corresponding": "",
                "orcid": "",
                "current_organization_id": "grid.185006.a",
                "researcher_id": "ur.01027013077.15",
                "affiliations": [
                    {
                        "name": "La Jolla Institute for Immunology;"
                    }
                ]
            },
            {
                "first_name": "Alessandro",
                "last_name": "Sette",
                "initials": "",
                "corresponding": "",
                "orcid": "['0000-0001-7013-2250']",
                "current_organization_id": "grid.266100.3",
                "researcher_id": "ur.016527313277.78",
                "affiliations": [
                    {
                        "name": "La Jolla Institute for Immunology;"
                    }
                ]
            },
            {
                "first_name": "Paul E",
                "last_name": "Harris",
                "initials": "",
                "corresponding": "",
                "orcid": "['0000-0003-4806-8242']",
                "current_organization_id": "grid.21729.3f",
                "researcher_id": "ur.0632027306.32",
                "affiliations": [
                    {
                        "id": "grid.21729.3f",
                        "name": "Columbia University",
                        "city": "New York",
                        "city_id": 5128581,
                        "country": "United States",
                        "country_code": "US",
                        "state": "New York",
                        "state_code": "US-NY"
                    }
                ]
            },
            {
                "first_name": "Shane",
                "last_name": "Massey",
                "initials": "",
                "corresponding": "",
                "orcid": "",
                "current_organization_id": "grid.176731.5",
                "researcher_id": "ur.01300116562.31",
                "affiliations": [
                    {
                        "name": "University of Texas Medical Branch Office of Development;"
                    }
                ]
            },
            {
                "first_name": "Trevor",
                "last_name": "Brasel",
                "initials": "",
                "corresponding": "",
                "orcid": "",
                "current_organization_id": "grid.176731.5",
                "researcher_id": "ur.0665167500.21",
                "affiliations": [
                    {
                        "name": "University of Texas Medical Branch Office of Development;"
                    }
                ]
            },
            {
                "first_name": "Edecio",
                "last_name": "Cunha-Neto",
                "initials": "",
                "corresponding": "",
                "orcid": "['0000-0002-3699-3345']",
                "current_organization_id": "grid.11899.38",
                "researcher_id": "ur.0623410173.49",
                "affiliations": [
                    {
                        "id": "grid.11899.38",
                        "name": "University of Sao Paulo",
                        "city": "S\u00e3o Paulo",
                        "city_id": 3448439,
                        "country": "Brazil",
                        "country_code": "BR",
                        "state": null,
                        "state_code": null
                    }
                ]
            },
            {
                "first_name": "Daniela S",
                "last_name": "Rosa",
                "initials": "",
                "corresponding": "",
                "orcid": "['0000-0003-4536-891X']",
                "current_organization_id": "grid.411249.b",
                "researcher_id": "ur.0672465021.54",
                "affiliations": [
                    {
                        "id": "grid.11899.38",
                        "name": "University of Sao Paulo",
                        "city": "S\u00e3o Paulo",
                        "city_id": 3448439,
                        "country": "Brazil",
                        "country_code": "BR",
                        "state": null,
                        "state_code": null
                    }
                ]
            },
            {
                "first_name": "William Chong Hang",
                "last_name": "Chao",
                "initials": "",
                "corresponding": "",
                "orcid": "",
                "current_organization_id": "grid.451388.3",
                "researcher_id": "ur.0772015340.41",
                "affiliations": [
                    {
                        "id": "grid.437123.0",
                        "name": "University of Macau",
                        "city": "Macao",
                        "city_id": 1821274,
                        "country": "Macao",
                        "country_code": "MO",
                        "state": null,
                        "state_code": null
                    }
                ]
            },
            {
                "first_name": "Richard Thomas",
                "last_name": "Carback",
                "initials": "",
                "corresponding": "",
                "orcid": "",
                "current_organization_id": "grid.417533.7",
                "researcher_id": "ur.07553275450.34",
                "affiliations": [
                    {
                        "name": "Flow Pharma, Inc;"
                    }
                ]
            },
            {
                "first_name": "Tom",
                "last_name": "Hodge",
                "initials": "",
                "corresponding": "",
                "orcid": "",
                "current_organization_id": "",
                "researcher_id": "",
                "affiliations": [
                    {
                        "name": "Flow Pharma, Inc;"
                    }
                ]
            },
            {
                "first_name": "Lu",
                "last_name": "Wang",
                "initials": "",
                "corresponding": "",
                "orcid": "",
                "current_organization_id": "",
                "researcher_id": "",
                "affiliations": [
                    {
                        "name": "Flow Pharma, Inc;"
                    }
                ]
            },
            {
                "first_name": "Serban",
                "last_name": "Ciotlos",
                "initials": "",
                "corresponding": "",
                "orcid": "",
                "current_organization_id": "grid.450278.c",
                "researcher_id": "ur.01017232673.09",
                "affiliations": [
                    {
                        "name": "Flow Pharma, Inc;"
                    }
                ]
            },
            {
                "first_name": "Peter",
                "last_name": "Lloyd",
                "initials": "",
                "corresponding": "",
                "orcid": "",
                "current_organization_id": "",
                "researcher_id": "ur.0636665572.47",
                "affiliations": [
                    {
                        "name": "Flow Pharma, Inc;"
                    }
                ]
            },
            {
                "first_name": "Reid Martin",
                "last_name": "Rubsamen",
                "initials": "",
                "corresponding": "",
                "orcid": "",
                "current_organization_id": "grid.32224.35",
                "researcher_id": "ur.01314156472.54",
                "affiliations": [
                    {
                        "name": "Flow Pharma, Inc & Massachusetts General Hospital"
                    }
                ]
            }
        ]
    ],
    "altmetric": 16.0,
    "FOR": [
        {
            "id": "3103",
            "name": "1107 Immunology"
        }
    ],
    "research_org_countries": [
        {
            "id": "US",
            "name": "United States"
        },
        {
            "id": "BR",
            "name": "Brazil"
        },
        {
            "id": "MO",
            "name": "Macao"
        }
    ],
    "title": "An Effective CTL Peptide Vaccine for Ebola Zaire Based on Survivors' CD8+ Targeting of a Particular Nucleocapsid Protein Epitope with Potential Implications for COVID-19 Vaccine Design",
    "research_org_cities": [
        {
            "id": 5391811,
            "name": "San Diego"
        },
        {
            "id": 5128581,
            "name": "New York City"
        },
        {
            "id": 4930956,
            "name": "Boston"
        },
        {
            "id": 4692883,
            "name": "Galveston"
        },
        {
            "id": 3448439,
            "name": "S\u00e3o Paulo"
        },
        {
            "id": 1821274,
            "name": "Macau"
        }
    ],
    "research_org_state_names": [
        "Texas",
        "Massachusetts",
        "New York",
        "California"
    ],
    "open_access": [
        "Open Access - all",
        "Open Access - publisher",
        "Open Access - published"
    ],
    "doi": "10.1101/2020.02.25.963546",
    "times_cited": 0,
    "journal": {
        "id": "jour.1293558",
        "title": "bioRxiv"
    },
    "year": 2020,
    "research_orgs": [
        {
            "id": "grid.11899.38",
            "name": "University of Sao Paulo",
            "linkout": [
                "http://www5.usp.br/en/"
            ],
            "country_name": "Brazil",
            "types": [
                "Education"
            ],
            "latitude": -23.563051,
            "acronym": "USP",
            "city_name": "S\u00e3o Paulo",
            "longitude": -46.730103
        },
        {
            "id": "grid.437123.0",
            "name": "University of Macau",
            "linkout": [
                "http://www.umac.mo/"
            ],
            "country_name": "Macao",
            "types": [
                "Education"
            ],
            "latitude": 22.13004,
            "acronym": "UM",
            "city_name": "Macao",
            "longitude": 113.54579
        },
        {
            "id": "grid.21729.3f",
            "name": "Columbia University",
            "linkout": [
                "http://www.columbia.edu/"
            ],
            "country_name": "United States",
            "types": [
                "Education"
            ],
            "latitude": 40.807774,
            "acronym": "CU",
            "state_name": "New York",
            "city_name": "New York",
            "longitude": -73.962585
        }
    ],
    "id": "pub.1125157579",
    "references": [
        "pub.1079213212",
        "pub.1043259635",
        "pub.1000626402",
        "pub.1112282934",
        "pub.1049116374",
        "pub.1085937016",
        "pub.1059239923",
        "pub.1037258664",
        "pub.1047908079",
        "pub.1077691340",
        "pub.1008920292",
        "pub.1008960116",
        "pub.1003566157",
        "pub.1059281127",
        "pub.1037326848",
        "pub.1077025388",
        "pub.1084507051",
        "pub.1077279239",
        "pub.1019982835",
        "pub.1091225294",
        "pub.1004652209",
        "pub.1052194220",
        "pub.1095079646",
        "pub.1041770070",
        "pub.1006771419",
        "pub.1034009661",
        "pub.1003461837",
        "pub.1026624626",
        "pub.1124658255",
        "pub.1031238750",
        "pub.1026154796",
        "pub.1007595586",
        "pub.1038365330",
        "pub.1019528659",
        "pub.1031340338",
        "pub.1015082327",
        "pub.1033322319",
        "pub.1037555810",
        "pub.1014035599",
        "pub.1014028336",
        "pub.1043707682",
        "pub.1105774571",
        "pub.1100427399",
        "pub.1037827335",
        "pub.1046829216",
        "pub.1026144712",
        "pub.1027167507",
        "pub.1092091001",
        "pub.1092573857",
        "pub.1027664733",
        "pub.1027842135",
        "pub.1025845712",
        "pub.1025193224",
        "pub.1031595294",
        "pub.1010287203",
        "pub.1039642985",
        "pub.1125346928"
    ],
    "research_org_country_names": [
        "United States",
        "Brazil",
        "Macao"
    ],
    "date": "2020-02-27",
    "research_org_state_codes": [
        {
            "id": "US-CA",
            "name": "California"
        },
        {
            "id": "US-TX",
            "name": "Texas"
        },
        {
            "id": "US-NY",
            "name": "New York"
        }
    ],
    "researchers": [
        {
            "id": "ur.01362271672.34",
            "last_name": "Herst",
            "first_name": "Charles V"
        },
        {
            "id": "ur.01027013077.15",
            "research_orgs": [
                "grid.185006.a",
                "grid.214007.0",
                "grid.7429.8",
                "grid.51462.34",
                "grid.417720.7",
                "grid.415913.b",
                "grid.478063.e",
                "grid.419849.9"
            ],
            "last_name": "Sidney",
            "first_name": "John C"
        },
        {
            "id": "ur.016527313277.78",
            "research_orgs": [
                "grid.38142.3c",
                "grid.47100.32",
                "grid.418234.8",
                "grid.270240.3",
                "grid.214007.0",
                "grid.5326.2",
                "grid.5170.3",
                "grid.241116.1",
                "grid.5196.b",
                "grid.410513.2",
                "grid.428999.7",
                "grid.478063.e",
                "grid.94365.3d",
                "grid.19006.3e",
                "grid.9024.f",
                "grid.185006.a",
                "grid.27755.32",
                "grid.411535.7",
                "grid.266102.1",
                "grid.152326.1",
                "grid.266100.3",
                "grid.240324.3",
                "grid.62560.37",
                "grid.433620.0",
                "grid.168010.e",
                "grid.239395.7",
                "grid.10419.3d",
                "grid.267308.8",
                "grid.419849.9",
                "grid.7429.8",
                "grid.417720.7",
                "grid.415913.b",
                "grid.240341.0",
                "grid.10383.39",
                "grid.410820.f",
                "grid.14003.36"
            ],
            "last_name": "Sette",
            "first_name": "Alessandro D",
            "orcid_id": [
                "0000-0001-7013-2250"
            ]
        },
        {
            "id": "ur.0632027306.32",
            "research_orgs": [
                "grid.267309.9",
                "grid.5326.2",
                "grid.51462.34",
                "grid.411438.b",
                "grid.413734.6",
                "grid.239585.0",
                "grid.21729.3f",
                "grid.419869.b"
            ],
            "last_name": "Harris",
            "first_name": "Paul Emerson",
            "orcid_id": [
                "0000-0003-4806-8242"
            ]
        },
        {
            "id": "ur.01300116562.31",
            "research_orgs": [
                "grid.176731.5"
            ],
            "last_name": "Massey",
            "first_name": "Shane"
        },
        {
            "id": "ur.0665167500.21",
            "research_orgs": [
                "grid.176731.5",
                "grid.55460.32",
                "grid.416992.1",
                "grid.264784.b",
                "grid.280401.f"
            ],
            "last_name": "Brasel",
            "first_name": "Trevor L"
        },
        {
            "id": "ur.0623410173.49",
            "research_orgs": [
                "grid.11899.38",
                "grid.411074.7",
                "grid.7632.0"
            ],
            "last_name": "Cunha-Neto",
            "first_name": "Edecio",
            "orcid_id": [
                "0000-0002-3699-3345"
            ]
        },
        {
            "id": "ur.0672465021.54",
            "research_orgs": [
                "grid.11899.38",
                "grid.411249.b",
                "grid.418068.3",
                "grid.7429.8"
            ],
            "last_name": "Rosa",
            "first_name": "Daniela Santoro",
            "orcid_id": [
                "0000-0003-4536-891X"
            ]
        },
        {
            "id": "ur.0772015340.41",
            "research_orgs": [
                "grid.18886.3f",
                "grid.437123.0",
                "grid.11485.39",
                "grid.451388.3"
            ],
            "last_name": "Chao",
            "first_name": "William Chong Hang"
        },
        {
            "id": "ur.07553275450.34",
            "research_orgs": [
                "grid.266673.0",
                "grid.417533.7"
            ],
            "last_name": "Carback",
            "first_name": "Richard Thomas"
        },
        {
            "id": "ur.01017232673.09",
            "research_orgs": [
                "grid.450278.c"
            ],
            "last_name": "Ciotlos",
            "first_name": "Serban"
        },
        {
            "id": "ur.0636665572.47",
            "last_name": "Lloyd",
            "first_name": "Peter"
        },
        {
            "id": "ur.01314156472.54",
            "research_orgs": [
                "grid.32224.35"
            ],
            "last_name": "Rubsamen",
            "first_name": "Reid Martin"
        }
    ],
    "type": "preprint"
}