{
    "pmid": "32003000",
    "author_affiliations": [
        [
            {
                "first_name": "Matteo",
                "last_name": "Bassetti",
                "initials": "",
                "corresponding": "",
                "orcid": "",
                "current_organization_id": "grid.411492.b",
                "researcher_id": "ur.01365011557.27",
                "affiliations": [
                    {
                        "id": "grid.5606.5",
                        "name": "University of Genoa",
                        "city": "Genoa",
                        "city_id": 3176219,
                        "country": "Italy",
                        "country_code": "IT",
                        "state": null,
                        "state_code": null
                    },
                    {
                        "name": "Clinica Malattie Infettive, Ospedale Policlinico San Martino\u2013IRCCS, Genoa, Italy"
                    }
                ]
            },
            {
                "first_name": "Antonio",
                "last_name": "Vena",
                "initials": "",
                "corresponding": "",
                "orcid": "['0000-0002-0697-3992']",
                "current_organization_id": "grid.410526.4",
                "researcher_id": "ur.01340424564.28",
                "affiliations": [
                    {
                        "id": "grid.5606.5",
                        "name": "University of Genoa",
                        "city": "Genoa",
                        "city_id": 3176219,
                        "country": "Italy",
                        "country_code": "IT",
                        "state": null,
                        "state_code": null
                    },
                    {
                        "name": "Clinica Malattie Infettive, Ospedale Policlinico San Martino\u2013IRCCS, Genoa, Italy"
                    }
                ]
            },
            {
                "first_name": "Daniele Roberto",
                "last_name": "Giacobbe",
                "initials": "",
                "corresponding": "",
                "orcid": "['0000-0003-2385-1759']",
                "current_organization_id": "grid.5606.5",
                "researcher_id": "ur.01170447017.52",
                "affiliations": [
                    {
                        "id": "grid.5606.5",
                        "name": "University of Genoa",
                        "city": "Genoa",
                        "city_id": 3176219,
                        "country": "Italy",
                        "country_code": "IT",
                        "state": null,
                        "state_code": null
                    },
                    {
                        "name": "Clinica Malattie Infettive, Ospedale Policlinico San Martino\u2013IRCCS, Genoa, Italy"
                    }
                ]
            }
        ]
    ],
    "altmetric": 181.0,
    "research_org_countries": [
        {
            "id": "IT",
            "name": "Italy"
        }
    ],
    "title": "The novel Chinese coronavirus (2019\u2010nCoV) infections: Challenges for fighting the storm",
    "research_org_cities": [
        {
            "id": 3176219,
            "name": "Genoa"
        }
    ],
    "pages": "e13209",
    "issue": "3",
    "open_access": [
        "Open Access - all",
        "Open Access - publisher",
        "Open Access - published"
    ],
    "doi": "10.1111/eci.13209",
    "times_cited": 6,
    "journal": {
        "id": "jour.1013580",
        "title": "European Journal of Clinical Investigation"
    },
    "year": 2020,
    "research_orgs": [
        {
            "id": "grid.5606.5",
            "name": "University of Genoa",
            "linkout": [
                "http://www.unige.it/"
            ],
            "country_name": "Italy",
            "types": [
                "Education"
            ],
            "latitude": 44.40292,
            "acronym": "UniGe",
            "state_name": "Liguria",
            "city_name": "Genoa",
            "longitude": 8.958889
        }
    ],
    "id": "pub.1124452662",
    "references": [
        "pub.1041458087",
        "pub.1124493753",
        "pub.1124289146",
        "pub.1059736435",
        "pub.1124305145",
        "pub.1124326515",
        "pub.1025969922",
        "pub.1124299582",
        "pub.1124240906",
        "pub.1124223059",
        "pub.1124290823",
        "pub.1124289383",
        "pub.1015704176"
    ],
    "research_org_country_names": [
        "Italy"
    ],
    "date": "2020-02-05",
    "researchers": [
        {
            "id": "ur.01365011557.27",
            "research_orgs": [
                "grid.5606.5",
                "grid.5390.f",
                "grid.442115.7",
                "grid.410345.7",
                "grid.416651.1",
                "grid.411492.b",
                "grid.47100.32",
                "grid.416422.7",
                "grid.8404.8"
            ],
            "last_name": "Bassetti",
            "first_name": "Matteo"
        },
        {
            "id": "ur.01340424564.28",
            "research_orgs": [
                "grid.5606.5",
                "grid.5390.f",
                "grid.7841.a",
                "grid.410526.4",
                "grid.411492.b",
                "grid.413448.e",
                "grid.4795.f"
            ],
            "last_name": "Vena",
            "first_name": "Antonio",
            "orcid_id": [
                "0000-0002-0697-3992"
            ]
        },
        {
            "id": "ur.01170447017.52",
            "research_orgs": [
                "grid.5606.5",
                "grid.410345.7"
            ],
            "last_name": "Giacobbe",
            "first_name": "Daniele Roberto",
            "orcid_id": [
                "0000-0003-2385-1759"
            ]
        }
    ],
    "type": "article",
    "volume": "50"
}