{
    "volume": "5",
    "date": "2015-10-01",
    "title": "Structural basis for the neutralization of MERS-CoV by a human monoclonal antibody MERS-27",
    "researchers": [
        {
            "id": "ur.01232747210.62",
            "last_name": "Yu",
            "first_name": "Xiaojuan",
            "research_orgs": [
                "grid.12527.33"
            ]
        },
        {
            "id": "ur.0740246470.45",
            "last_name": "Zhang",
            "first_name": "Senyan",
            "research_orgs": [
                "grid.12527.33"
            ]
        },
        {
            "id": "ur.01347424170.20",
            "last_name": "Jiang",
            "first_name": "Liwei",
            "research_orgs": [
                "grid.12527.33"
            ]
        },
        {
            "id": "ur.01365253653.40",
            "last_name": "Cui",
            "first_name": "Ye",
            "research_orgs": [
                "grid.12527.33"
            ]
        },
        {
            "id": "ur.0713673673.55",
            "last_name": "Wang",
            "first_name": "Dongli",
            "research_orgs": [
                "grid.12527.33"
            ]
        },
        {
            "id": "ur.010504754507.92",
            "last_name": "Wang",
            "first_name": "Nianshuang",
            "orcid_id": [
                "0000-0002-7569-011X"
            ],
            "research_orgs": [
                "grid.254880.3",
                "grid.89336.37",
                "grid.12527.33"
            ]
        },
        {
            "id": "ur.014053665047.14",
            "last_name": "Fu",
            "first_name": "Li-Li",
            "orcid_id": [
                "0000-0002-0759-8370"
            ],
            "research_orgs": [
                "grid.268079.2",
                "grid.459409.5",
                "grid.263518.b",
                "grid.73113.37",
                "grid.12527.33",
                "grid.265021.2",
                "grid.411918.4",
                "grid.413810.f",
                "grid.419897.a",
                "grid.469635.b"
            ]
        },
        {
            "id": "ur.0773354763.67",
            "last_name": "Shi",
            "first_name": "Xuanlin",
            "research_orgs": [
                "grid.12527.33"
            ]
        },
        {
            "id": "ur.014341675760.67",
            "last_name": "Zhang",
            "first_name": "Linqi",
            "orcid_id": [
                "0000-0001-9242-0763"
            ],
            "research_orgs": [
                "grid.13402.34",
                "grid.25879.31",
                "grid.240145.6",
                "grid.265219.b",
                "grid.66875.3a",
                "grid.32224.35",
                "grid.49470.3e",
                "grid.21729.3f",
                "grid.413106.1",
                "grid.267323.1",
                "grid.94365.3d",
                "grid.19006.3e",
                "grid.11135.37",
                "grid.280587.0",
                "grid.266102.1",
                "grid.51462.34",
                "grid.420085.b",
                "grid.116068.8",
                "grid.24827.3b",
                "grid.48336.3a",
                "grid.240324.3",
                "grid.170205.1",
                "grid.137628.9",
                "grid.240614.5",
                "grid.43169.39",
                "grid.134907.8",
                "grid.263761.7",
                "grid.15276.37",
                "grid.240473.6",
                "grid.12527.33",
                "grid.420090.f",
                "grid.413575.1"
            ]
        },
        {
            "id": "ur.01006361670.28",
            "last_name": "Wang",
            "first_name": "Xinquan",
            "research_orgs": [
                "grid.12527.33"
            ]
        }
    ],
    "pmcid": "PMC4539535",
    "pages": "13133",
    "research_org_cities": [
        {
            "id": 1815286,
            "name": "Chengdu"
        },
        {
            "id": 1816670,
            "name": "Beijing"
        }
    ],
    "open_access": [
        "Open Access - all",
        "Open Access - publisher",
        "Open Access - published"
    ],
    "research_org_countries": [
        {
            "id": "CN",
            "name": "China"
        }
    ],
    "doi": "10.1038/srep13133",
    "FOR": [
        {
            "id": "2581",
            "name": "0601 Biochemistry and Cell Biology"
        }
    ],
    "times_cited": 28,
    "research_orgs": [
        {
            "id": "grid.12527.33",
            "acronym": "THU",
            "state_name": "Beijing",
            "types": [
                "Education"
            ],
            "longitude": 116.32542,
            "linkout": [
                "http://www.tsinghua.edu.cn/publish/newthuen/"
            ],
            "latitude": 39.999584,
            "name": "Tsinghua University",
            "city_name": "Beijing",
            "country_name": "China"
        },
        {
            "id": "grid.460117.5",
            "types": [
                "Company"
            ],
            "longitude": 116.31305,
            "linkout": [
                "http://www.vdjbio.com/"
            ],
            "latitude": 39.984364,
            "name": "Beijing VDJBio (China)",
            "city_name": "Beijing",
            "country_name": "China"
        }
    ],
    "pmid": "26281793",
    "funders": [
        {
            "id": "grid.419696.5",
            "acronym": "NSFC",
            "types": [
                "Government"
            ],
            "longitude": 116.33983,
            "linkout": [
                "http://www.nsfc.gov.cn/publish/portal1/"
            ],
            "latitude": 40.005177,
            "name": "National Natural Science Foundation of China",
            "city_name": "Beijing",
            "country_name": "China"
        },
        {
            "id": "grid.424020.0",
            "acronym": "MOST",
            "types": [
                "Government"
            ],
            "longitude": 116.316284,
            "linkout": [
                "http://www.most.gov.cn/eng/"
            ],
            "latitude": 39.827835,
            "name": "Ministry of Science and Technology of the People's Republic of China",
            "city_name": "Beijing",
            "country_name": "China"
        }
    ],
    "research_org_country_names": [
        "China"
    ],
    "id": "pub.1012228670",
    "issue": "1",
    "journal": {
        "id": "jour.1045337",
        "title": "Scientific Reports"
    },
    "year": 2015,
    "references": [
        "pub.1038542882",
        "pub.1012869550",
        "pub.1047438559",
        "pub.1019703731",
        "pub.1041128450",
        "pub.1053567363",
        "pub.1031427255",
        "pub.1015127616",
        "pub.1026729888",
        "pub.1078636387",
        "pub.1003451988",
        "pub.1020300042",
        "pub.1078761917",
        "pub.1051316131",
        "pub.1004907170",
        "pub.1050516195",
        "pub.1018158123",
        "pub.1012753217",
        "pub.1014370409",
        "pub.1049543931",
        "pub.1020603684",
        "pub.1013973792",
        "pub.1025220744",
        "pub.1043528619",
        "pub.1045162568",
        "pub.1052506557",
        "pub.1026954099",
        "pub.1020281098",
        "pub.1025710658",
        "pub.1031053265",
        "pub.1003799031",
        "pub.1043875870",
        "pub.1051282549",
        "pub.1010404284",
        "pub.1021942448",
        "pub.1053494442",
        "pub.1013873576",
        "pub.1021594788"
    ],
    "relative_citation_ratio": 1.71,
    "author_affiliations": [
        [
            {
                "first_name": "Xiaojuan",
                "last_name": "Yu",
                "initials": "",
                "corresponding": "",
                "orcid": "",
                "current_organization_id": "grid.12527.33",
                "researcher_id": "ur.01232747210.62",
                "affiliations": [
                    {
                        "id": "grid.12527.33",
                        "name": "Tsinghua University",
                        "city": "Beijing",
                        "city_id": 1816670,
                        "country": "China",
                        "country_code": "CN",
                        "state": null,
                        "state_code": null
                    }
                ]
            },
            {
                "first_name": "Senyan",
                "last_name": "Zhang",
                "initials": "",
                "corresponding": "",
                "orcid": "",
                "current_organization_id": "grid.12527.33",
                "researcher_id": "ur.0740246470.45",
                "affiliations": [
                    {
                        "id": "grid.12527.33",
                        "name": "Tsinghua University",
                        "city": "Beijing",
                        "city_id": 1816670,
                        "country": "China",
                        "country_code": "CN",
                        "state": null,
                        "state_code": null
                    }
                ]
            },
            {
                "first_name": "Liwei",
                "last_name": "Jiang",
                "initials": "",
                "corresponding": "",
                "orcid": "",
                "current_organization_id": "grid.12527.33",
                "researcher_id": "ur.01347424170.20",
                "affiliations": [
                    {
                        "id": "grid.12527.33",
                        "name": "Tsinghua University",
                        "city": "Beijing",
                        "city_id": 1816670,
                        "country": "China",
                        "country_code": "CN",
                        "state": null,
                        "state_code": null
                    }
                ]
            },
            {
                "first_name": "Ye",
                "last_name": "Cui",
                "initials": "",
                "corresponding": "",
                "orcid": "",
                "current_organization_id": "grid.12527.33",
                "researcher_id": "ur.01365253653.40",
                "affiliations": [
                    {
                        "id": "grid.12527.33",
                        "name": "Tsinghua University",
                        "city": "Beijing",
                        "city_id": 1816670,
                        "country": "China",
                        "country_code": "CN",
                        "state": null,
                        "state_code": null
                    }
                ]
            },
            {
                "first_name": "Dongxia",
                "last_name": "Li",
                "initials": "",
                "corresponding": "",
                "orcid": "",
                "current_organization_id": "",
                "researcher_id": "",
                "affiliations": [
                    {
                        "id": "grid.460117.5",
                        "name": "Beijing VDJBio (China)",
                        "city": "Beijing",
                        "city_id": 1816670,
                        "country": "China",
                        "country_code": "CN",
                        "state": null,
                        "state_code": null
                    }
                ]
            },
            {
                "first_name": "Dongli",
                "last_name": "Wang",
                "initials": "",
                "corresponding": "",
                "orcid": "",
                "current_organization_id": "grid.12527.33",
                "researcher_id": "ur.0713673673.55",
                "affiliations": [
                    {
                        "id": "grid.12527.33",
                        "name": "Tsinghua University",
                        "city": "Beijing",
                        "city_id": 1816670,
                        "country": "China",
                        "country_code": "CN",
                        "state": null,
                        "state_code": null
                    }
                ]
            },
            {
                "first_name": "Nianshuang",
                "last_name": "Wang",
                "initials": "",
                "corresponding": "",
                "orcid": "['0000-0002-7569-011X']",
                "current_organization_id": "grid.254880.3",
                "researcher_id": "ur.010504754507.92",
                "affiliations": [
                    {
                        "id": "grid.12527.33",
                        "name": "Tsinghua University",
                        "city": "Beijing",
                        "city_id": 1816670,
                        "country": "China",
                        "country_code": "CN",
                        "state": null,
                        "state_code": null
                    }
                ]
            },
            {
                "first_name": "Lili",
                "last_name": "Fu",
                "initials": "",
                "corresponding": "",
                "orcid": "",
                "current_organization_id": "grid.265021.2",
                "researcher_id": "ur.014053665047.14",
                "affiliations": [
                    {
                        "id": "grid.12527.33",
                        "name": "Tsinghua University",
                        "city": "Beijing",
                        "city_id": 1816670,
                        "country": "China",
                        "country_code": "CN",
                        "state": null,
                        "state_code": null
                    }
                ]
            },
            {
                "first_name": "Xuanlin",
                "last_name": "Shi",
                "initials": "",
                "corresponding": "",
                "orcid": "",
                "current_organization_id": "grid.12527.33",
                "researcher_id": "ur.0773354763.67",
                "affiliations": [
                    {
                        "id": "grid.12527.33",
                        "name": "Tsinghua University",
                        "city": "Beijing",
                        "city_id": 1816670,
                        "country": "China",
                        "country_code": "CN",
                        "state": null,
                        "state_code": null
                    }
                ]
            },
            {
                "first_name": "Ziqiang",
                "last_name": "Li",
                "initials": "",
                "corresponding": "",
                "orcid": "",
                "current_organization_id": "",
                "researcher_id": "",
                "affiliations": [
                    {
                        "id": "grid.460117.5",
                        "name": "Beijing VDJBio (China)",
                        "city": "Beijing",
                        "city_id": 1816670,
                        "country": "China",
                        "country_code": "CN",
                        "state": null,
                        "state_code": null
                    }
                ]
            },
            {
                "first_name": "Linqi",
                "last_name": "Zhang",
                "initials": "",
                "corresponding": "",
                "orcid": "['0000-0001-9242-0763']",
                "current_organization_id": "grid.266102.1",
                "researcher_id": "ur.014341675760.67",
                "affiliations": [
                    {
                        "id": "grid.12527.33",
                        "name": "Tsinghua University",
                        "city": "Beijing",
                        "city_id": 1816670,
                        "country": "China",
                        "country_code": "CN",
                        "state": null,
                        "state_code": null
                    }
                ]
            },
            {
                "first_name": "Xinquan",
                "last_name": "Wang",
                "initials": "",
                "corresponding": "",
                "orcid": "",
                "current_organization_id": "grid.12527.33",
                "researcher_id": "ur.01006361670.28",
                "affiliations": [
                    {
                        "id": "grid.12527.33",
                        "name": "Tsinghua University",
                        "city": "Beijing",
                        "city_id": 1816670,
                        "country": "China",
                        "country_code": "CN",
                        "state": null,
                        "state_code": null
                    },
                    {
                        "name": "Collaborative Innovation Center for Biotherapy, State Key Laboratory of Biotherapy and Cancer Center, West China Hospital, West China Medical School, Sichuan University, Chengdu, China"
                    }
                ]
            }
        ]
    ],
    "type": "article"
}