{
    "volume": "115",
    "date": "2018-01-09",
    "title": "Structural and molecular basis of mismatch correction and ribavirin excision from coronavirus RNA",
    "researchers": [
        {
            "id": "ur.01065327723.32",
            "last_name": "Ferron",
            "first_name": "Francois",
            "orcid_id": [
                "0000-0002-8351-4992"
            ],
            "research_orgs": [
                "grid.4444.0",
                "grid.25879.31",
                "grid.13992.30",
                "grid.280432.f",
                "grid.428531.9",
                "grid.463764.4",
                "grid.5399.6"
            ]
        },
        {
            "id": "ur.01021355661.32",
            "last_name": "Subissi",
            "first_name": "Lorenzo",
            "orcid_id": [
                "0000-0001-5147-575X"
            ],
            "research_orgs": [
                "grid.3575.4",
                "grid.38678.32",
                "grid.62560.37",
                "grid.8991.9",
                "grid.428531.9",
                "grid.418914.1",
                "grid.463764.4",
                "grid.5399.6",
                "grid.493975.5",
                "grid.418170.b",
                "grid.418576.9"
            ]
        },
        {
            "id": "ur.011762422226.54",
            "last_name": "De Morais",
            "first_name": "Ana Theresa Silveira",
            "research_orgs": [
                "grid.428531.9"
            ]
        },
        {
            "id": "ur.0700745756.83",
            "last_name": "Le",
            "first_name": "Nhung Thi Tuyet",
            "research_orgs": [
                "grid.428531.9",
                "grid.267335.6",
                "grid.5399.6"
            ]
        },
        {
            "id": "ur.01030426135.81",
            "last_name": "Sevajol",
            "first_name": "Marion",
            "research_orgs": [
                "grid.4444.0",
                "grid.5399.6",
                "grid.418192.7",
                "grid.428531.9"
            ]
        },
        {
            "id": "ur.01155100373.61",
            "last_name": "Gluais",
            "first_name": "Laure",
            "research_orgs": [
                "grid.463764.4",
                "grid.428531.9"
            ]
        },
        {
            "id": "ur.01332723167.63",
            "last_name": "Decroly",
            "first_name": "Etienne",
            "orcid_id": [
                "0000-0002-6046-024X"
            ],
            "research_orgs": [
                "grid.4989.c",
                "grid.14848.31",
                "grid.5399.6",
                "grid.8591.5",
                "grid.463764.4",
                "grid.457381.c",
                "grid.428531.9",
                "grid.4444.0"
            ]
        },
        {
            "id": "ur.01063606346.83",
            "last_name": "Vonrhein",
            "first_name": "Clemens",
            "research_orgs": [
                "grid.433016.3",
                "grid.59062.38",
                "grid.10388.32",
                "grid.10772.33",
                "grid.5963.9",
                "grid.42475.30"
            ]
        },
        {
            "id": "ur.01205147103.18",
            "last_name": "Bricogne",
            "first_name": "Gerard",
            "research_orgs": [
                "grid.433016.3",
                "grid.5333.6",
                "grid.5842.b",
                "grid.42475.30",
                "grid.21729.3f"
            ]
        },
        {
            "id": "ur.01160302762.06",
            "last_name": "Canard",
            "first_name": "Bruno",
            "orcid_id": [
                "0000-0003-4924-1991"
            ],
            "research_orgs": [
                "grid.428999.7",
                "grid.10737.32",
                "grid.4444.0",
                "grid.463764.4",
                "grid.5398.7",
                "grid.5399.6",
                "grid.428531.9"
            ]
        },
        {
            "id": "ur.0607317067.48",
            "last_name": "Imbert",
            "first_name": "Isabelle",
            "orcid_id": [
                "0000-0001-5630-9945"
            ],
            "research_orgs": [
                "grid.4444.0",
                "grid.418323.f",
                "grid.463764.4",
                "grid.428531.9",
                "grid.5399.6"
            ]
        }
    ],
    "pmcid": "PMC5777078",
    "altmetric": 31.0,
    "pages": "e162-e171",
    "research_org_cities": [
        {
            "id": 2653941,
            "name": "Cambridge"
        },
        {
            "id": 2995469,
            "name": "Marseille"
        }
    ],
    "open_access": [
        "Open Access - all",
        "Open Access - publisher",
        "Open Access - published"
    ],
    "research_org_countries": [
        {
            "id": "GB",
            "name": "United Kingdom"
        },
        {
            "id": "FR",
            "name": "France"
        }
    ],
    "doi": "10.1073/pnas.1718806115",
    "FOR": [
        {
            "id": "2620",
            "name": "0604 Genetics"
        }
    ],
    "times_cited": 15,
    "research_orgs": [
        {
            "id": "grid.433016.3",
            "types": [
                "Company"
            ],
            "name": "Global Phasing Limited (United Kingdom)",
            "city_name": "Cambridge",
            "country_name": "United Kingdom"
        },
        {
            "id": "grid.428531.9",
            "types": [
                "Government"
            ],
            "longitude": 5.404948,
            "linkout": [
                "http://www.provence-corse.cnrs.fr/"
            ],
            "latitude": 43.25634,
            "name": "D\u00e9l\u00e9gation Provence et Corse",
            "city_name": "Marseille",
            "country_name": "France"
        }
    ],
    "pmid": "29279395",
    "funders": [
        {
            "id": "grid.22058.3d",
            "acronym": "ANR ",
            "types": [
                "Other"
            ],
            "longitude": 2.377769,
            "linkout": [
                "http://www.agence-nationale-recherche.fr/en/project-based-funding-to-advance-french-research/"
            ],
            "latitude": 48.84526,
            "name": "National Agency for Research",
            "city_name": "Paris",
            "country_name": "France"
        },
        {
            "id": "grid.450640.3",
            "acronym": "CNPq",
            "types": [
                "Government"
            ],
            "longitude": -47.947884,
            "linkout": [
                "http://www.cnpq.br/"
            ],
            "latitude": -15.821201,
            "name": "National Council for Scientific and Technological Development",
            "city_name": "Bras\u00edlia",
            "country_name": "Brazil"
        },
        {
            "id": "grid.483853.1",
            "types": [
                "Other"
            ],
            "longitude": 5.400684,
            "linkout": [
                "http://en.mediterranee-infection.com/"
            ],
            "latitude": 43.28995,
            "name": "M\u00e9diterran\u00e9e Infection Foundation",
            "city_name": "Marseille",
            "country_name": "France"
        },
        {
            "id": "grid.4444.0",
            "acronym": "CNRS",
            "types": [
                "Government"
            ],
            "longitude": 2.264034,
            "linkout": [
                "http://www.cnrs.fr/index.php"
            ],
            "latitude": 48.847664,
            "name": "French National Centre for Scientific Research",
            "city_name": "Paris",
            "country_name": "France"
        },
        {
            "id": "grid.270680.b",
            "acronym": "EC",
            "types": [
                "Government"
            ],
            "longitude": 4.36367,
            "linkout": [
                "http://ec.europa.eu/index_en.htm"
            ],
            "latitude": 50.85165,
            "name": "European Commission",
            "city_name": "Brussels",
            "country_name": "Belgium"
        }
    ],
    "research_org_country_names": [
        "United Kingdom",
        "France"
    ],
    "id": "pub.1100077535",
    "issue": "2",
    "journal": {
        "id": "jour.1082971",
        "title": "Proceedings of the National Academy of Sciences of the United States of America"
    },
    "year": 2018,
    "references": [
        "pub.1051596990",
        "pub.1062564674",
        "pub.1049744593",
        "pub.1069918997",
        "pub.1014197465",
        "pub.1043875870",
        "pub.1035799218",
        "pub.1044176285",
        "pub.1008272106",
        "pub.1028740058",
        "pub.1008735188",
        "pub.1017837695",
        "pub.1058402929",
        "pub.1035573907",
        "pub.1083250223",
        "pub.1010304378",
        "pub.1019028777",
        "pub.1027036805",
        "pub.1028528686",
        "pub.1033930296",
        "pub.1029324905",
        "pub.1022745063",
        "pub.1004212465",
        "pub.1001496457",
        "pub.1051775394",
        "pub.1048359585",
        "pub.1062505574",
        "pub.1004715205",
        "pub.1046129458",
        "pub.1062713183",
        "pub.1049496527",
        "pub.1009842824",
        "pub.1027646472",
        "pub.1054142784",
        "pub.1030151157",
        "pub.1028032394",
        "pub.1008225564",
        "pub.1012815581",
        "pub.1050847643",
        "pub.1090391462",
        "pub.1018458004",
        "pub.1019336897",
        "pub.1009749697",
        "pub.1038446973",
        "pub.1038525457",
        "pub.1028650536",
        "pub.1077338216",
        "pub.1014468898",
        "pub.1023636960",
        "pub.1036800569",
        "pub.1083534054",
        "pub.1036418126",
        "pub.1053424583",
        "pub.1004853128",
        "pub.1020281098",
        "pub.1031747475",
        "pub.1030289044",
        "pub.1025414242",
        "pub.1032800329",
        "pub.1047624415",
        "pub.1013535814",
        "pub.1020418232",
        "pub.1052201743",
        "pub.1031848402"
    ],
    "relative_citation_ratio": 2.0,
    "author_affiliations": [
        [
            {
                "first_name": "Fran\u00e7ois",
                "last_name": "Ferron",
                "initials": "",
                "corresponding": "",
                "orcid": "['0000-0002-8351-4992']",
                "current_organization_id": "grid.463764.4",
                "researcher_id": "ur.01065327723.32",
                "affiliations": [
                    {
                        "id": "grid.428531.9",
                        "name": "D\u00e9l\u00e9gation Provence et Corse",
                        "city": "Marseille",
                        "city_id": 2995469,
                        "country": "France",
                        "country_code": "FR",
                        "state": null,
                        "state_code": null
                    }
                ]
            },
            {
                "first_name": "Lorenzo",
                "last_name": "Subissi",
                "initials": "",
                "corresponding": "",
                "orcid": "['0000-0001-5147-575X']",
                "current_organization_id": "grid.418914.1",
                "researcher_id": "ur.01021355661.32",
                "affiliations": [
                    {
                        "id": "grid.428531.9",
                        "name": "D\u00e9l\u00e9gation Provence et Corse",
                        "city": "Marseille",
                        "city_id": 2995469,
                        "country": "France",
                        "country_code": "FR",
                        "state": null,
                        "state_code": null
                    }
                ]
            },
            {
                "first_name": "Ana Theresa Silveira",
                "last_name": "De Morais",
                "initials": "",
                "corresponding": "",
                "orcid": "",
                "current_organization_id": "grid.428531.9",
                "researcher_id": "ur.011762422226.54",
                "affiliations": [
                    {
                        "id": "grid.428531.9",
                        "name": "D\u00e9l\u00e9gation Provence et Corse",
                        "city": "Marseille",
                        "city_id": 2995469,
                        "country": "France",
                        "country_code": "FR",
                        "state": null,
                        "state_code": null
                    }
                ]
            },
            {
                "first_name": "Nhung Thi Tuyet",
                "last_name": "Le",
                "initials": "",
                "corresponding": "",
                "orcid": "",
                "current_organization_id": "grid.5399.6",
                "researcher_id": "ur.0700745756.83",
                "affiliations": [
                    {
                        "id": "grid.428531.9",
                        "name": "D\u00e9l\u00e9gation Provence et Corse",
                        "city": "Marseille",
                        "city_id": 2995469,
                        "country": "France",
                        "country_code": "FR",
                        "state": null,
                        "state_code": null
                    }
                ]
            },
            {
                "first_name": "Marion",
                "last_name": "Sevajol",
                "initials": "",
                "corresponding": "",
                "orcid": "",
                "current_organization_id": "grid.428531.9",
                "researcher_id": "ur.01030426135.81",
                "affiliations": [
                    {
                        "id": "grid.428531.9",
                        "name": "D\u00e9l\u00e9gation Provence et Corse",
                        "city": "Marseille",
                        "city_id": 2995469,
                        "country": "France",
                        "country_code": "FR",
                        "state": null,
                        "state_code": null
                    }
                ]
            },
            {
                "first_name": "Laure",
                "last_name": "Gluais",
                "initials": "",
                "corresponding": "",
                "orcid": "",
                "current_organization_id": "grid.428531.9",
                "researcher_id": "ur.01155100373.61",
                "affiliations": [
                    {
                        "id": "grid.428531.9",
                        "name": "D\u00e9l\u00e9gation Provence et Corse",
                        "city": "Marseille",
                        "city_id": 2995469,
                        "country": "France",
                        "country_code": "FR",
                        "state": null,
                        "state_code": null
                    }
                ]
            },
            {
                "first_name": "Etienne",
                "last_name": "Decroly",
                "initials": "",
                "corresponding": "",
                "orcid": "['0000-0002-6046-024X']",
                "current_organization_id": "grid.5399.6",
                "researcher_id": "ur.01332723167.63",
                "affiliations": [
                    {
                        "id": "grid.428531.9",
                        "name": "D\u00e9l\u00e9gation Provence et Corse",
                        "city": "Marseille",
                        "city_id": 2995469,
                        "country": "France",
                        "country_code": "FR",
                        "state": null,
                        "state_code": null
                    }
                ]
            },
            {
                "first_name": "Clemens",
                "last_name": "Vonrhein",
                "initials": "",
                "corresponding": "",
                "orcid": "",
                "current_organization_id": "grid.433016.3",
                "researcher_id": "ur.01063606346.83",
                "affiliations": [
                    {
                        "id": "grid.433016.3",
                        "name": "Global Phasing Limited (United Kingdom)",
                        "city": "Cambridge",
                        "city_id": 2653941,
                        "country": "United Kingdom",
                        "country_code": "GB",
                        "state": null,
                        "state_code": null
                    }
                ]
            },
            {
                "first_name": "G\u00e9rard",
                "last_name": "Bricogne",
                "initials": "",
                "corresponding": "",
                "orcid": "",
                "current_organization_id": "grid.433016.3",
                "researcher_id": "ur.01205147103.18",
                "affiliations": [
                    {
                        "id": "grid.433016.3",
                        "name": "Global Phasing Limited (United Kingdom)",
                        "city": "Cambridge",
                        "city_id": 2653941,
                        "country": "United Kingdom",
                        "country_code": "GB",
                        "state": null,
                        "state_code": null
                    }
                ]
            },
            {
                "first_name": "Bruno",
                "last_name": "Canard",
                "initials": "",
                "corresponding": "",
                "orcid": "['0000-0003-4924-1991']",
                "current_organization_id": "grid.4444.0",
                "researcher_id": "ur.01160302762.06",
                "affiliations": [
                    {
                        "id": "grid.428531.9",
                        "name": "D\u00e9l\u00e9gation Provence et Corse",
                        "city": "Marseille",
                        "city_id": 2995469,
                        "country": "France",
                        "country_code": "FR",
                        "state": null,
                        "state_code": null
                    }
                ]
            },
            {
                "first_name": "Isabelle",
                "last_name": "Imbert",
                "initials": "",
                "corresponding": "",
                "orcid": "['0000-0001-5630-9945']",
                "current_organization_id": "grid.428531.9",
                "researcher_id": "ur.0607317067.48",
                "affiliations": [
                    {
                        "id": "grid.428531.9",
                        "name": "D\u00e9l\u00e9gation Provence et Corse",
                        "city": "Marseille",
                        "city_id": 2995469,
                        "country": "France",
                        "country_code": "FR",
                        "state": null,
                        "state_code": null
                    }
                ]
            }
        ]
    ],
    "type": "article"
}