{
    "pmid": "32090691",
    "author_affiliations": [
        [
            {
                "first_name": "Jiyu",
                "last_name": "Zhang",
                "initials": "",
                "corresponding": "",
                "orcid": "",
                "current_organization_id": "",
                "researcher_id": "",
                "affiliations": [
                    {
                        "id": "grid.38587.31",
                        "name": "Harbin Veterinary Research Institute",
                        "city": "Harbin",
                        "city_id": 2037013,
                        "country": "China",
                        "country_code": "CN",
                        "state": null,
                        "state_code": null
                    }
                ]
            },
            {
                "first_name": "Yuru",
                "last_name": "Han",
                "initials": "",
                "corresponding": "",
                "orcid": "",
                "current_organization_id": "grid.38587.31",
                "researcher_id": "ur.010226272735.37",
                "affiliations": [
                    {
                        "id": "grid.38587.31",
                        "name": "Harbin Veterinary Research Institute",
                        "city": "Harbin",
                        "city_id": 2037013,
                        "country": "China",
                        "country_code": "CN",
                        "state": null,
                        "state_code": null
                    }
                ]
            },
            {
                "first_name": "Hongyan",
                "last_name": "Shi",
                "initials": "",
                "corresponding": "",
                "orcid": "",
                "current_organization_id": "",
                "researcher_id": "",
                "affiliations": [
                    {
                        "id": "grid.38587.31",
                        "name": "Harbin Veterinary Research Institute",
                        "city": "Harbin",
                        "city_id": 2037013,
                        "country": "China",
                        "country_code": "CN",
                        "state": null,
                        "state_code": null
                    }
                ]
            },
            {
                "first_name": "Jianfei",
                "last_name": "Chen",
                "initials": "",
                "corresponding": "",
                "orcid": "",
                "current_organization_id": "",
                "researcher_id": "",
                "affiliations": [
                    {
                        "id": "grid.38587.31",
                        "name": "Harbin Veterinary Research Institute",
                        "city": "Harbin",
                        "city_id": 2037013,
                        "country": "China",
                        "country_code": "CN",
                        "state": null,
                        "state_code": null
                    }
                ]
            },
            {
                "first_name": "Xin",
                "last_name": "Zhang",
                "initials": "",
                "corresponding": "",
                "orcid": "",
                "current_organization_id": "",
                "researcher_id": "",
                "affiliations": [
                    {
                        "id": "grid.38587.31",
                        "name": "Harbin Veterinary Research Institute",
                        "city": "Harbin",
                        "city_id": 2037013,
                        "country": "China",
                        "country_code": "CN",
                        "state": null,
                        "state_code": null
                    }
                ]
            },
            {
                "first_name": "Xiaobo",
                "last_name": "Wang",
                "initials": "",
                "corresponding": "",
                "orcid": "",
                "current_organization_id": "",
                "researcher_id": "",
                "affiliations": [
                    {
                        "id": "grid.38587.31",
                        "name": "Harbin Veterinary Research Institute",
                        "city": "Harbin",
                        "city_id": 2037013,
                        "country": "China",
                        "country_code": "CN",
                        "state": null,
                        "state_code": null
                    }
                ]
            },
            {
                "first_name": "Ling",
                "last_name": "Zhou",
                "initials": "",
                "corresponding": "",
                "orcid": "",
                "current_organization_id": "",
                "researcher_id": "",
                "affiliations": [
                    {
                        "id": "grid.20561.30",
                        "name": "South China Agricultural University",
                        "city": "Guangzhou",
                        "city_id": 1809858,
                        "country": "China",
                        "country_code": "CN",
                        "state": null,
                        "state_code": null
                    }
                ]
            },
            {
                "first_name": "Jianbo",
                "last_name": "Liu",
                "initials": "",
                "corresponding": "",
                "orcid": "",
                "current_organization_id": "",
                "researcher_id": "",
                "affiliations": [
                    {
                        "id": "grid.38587.31",
                        "name": "Harbin Veterinary Research Institute",
                        "city": "Harbin",
                        "city_id": 2037013,
                        "country": "China",
                        "country_code": "CN",
                        "state": null,
                        "state_code": null
                    }
                ]
            },
            {
                "first_name": "Jialin",
                "last_name": "Zhang",
                "initials": "",
                "corresponding": "",
                "orcid": "",
                "current_organization_id": "",
                "researcher_id": "",
                "affiliations": [
                    {
                        "id": "grid.38587.31",
                        "name": "Harbin Veterinary Research Institute",
                        "city": "Harbin",
                        "city_id": 2037013,
                        "country": "China",
                        "country_code": "CN",
                        "state": null,
                        "state_code": null
                    }
                ]
            },
            {
                "first_name": "Zhaoyang",
                "last_name": "Ji",
                "initials": "",
                "corresponding": "",
                "orcid": "",
                "current_organization_id": "",
                "researcher_id": "",
                "affiliations": [
                    {
                        "id": "grid.38587.31",
                        "name": "Harbin Veterinary Research Institute",
                        "city": "Harbin",
                        "city_id": 2037013,
                        "country": "China",
                        "country_code": "CN",
                        "state": null,
                        "state_code": null
                    }
                ]
            },
            {
                "first_name": "Zhaoyang",
                "last_name": "Jing",
                "initials": "",
                "corresponding": "",
                "orcid": "",
                "current_organization_id": "",
                "researcher_id": "",
                "affiliations": [
                    {
                        "id": "grid.38587.31",
                        "name": "Harbin Veterinary Research Institute",
                        "city": "Harbin",
                        "city_id": 2037013,
                        "country": "China",
                        "country_code": "CN",
                        "state": null,
                        "state_code": null
                    }
                ]
            },
            {
                "first_name": "Jingyun",
                "last_name": "Ma",
                "initials": "",
                "corresponding": "",
                "orcid": "",
                "current_organization_id": "",
                "researcher_id": "",
                "affiliations": [
                    {
                        "id": "grid.20561.30",
                        "name": "South China Agricultural University",
                        "city": "Guangzhou",
                        "city_id": 1809858,
                        "country": "China",
                        "country_code": "CN",
                        "state": null,
                        "state_code": null
                    }
                ]
            },
            {
                "first_name": "Da",
                "last_name": "Shi",
                "initials": "",
                "corresponding": "",
                "orcid": "",
                "current_organization_id": "grid.38587.31",
                "researcher_id": "ur.01155057631.15",
                "affiliations": [
                    {
                        "id": "grid.38587.31",
                        "name": "Harbin Veterinary Research Institute",
                        "city": "Harbin",
                        "city_id": 2037013,
                        "country": "China",
                        "country_code": "CN",
                        "state": null,
                        "state_code": null
                    }
                ]
            },
            {
                "first_name": "Li",
                "last_name": "Feng",
                "initials": "",
                "corresponding": "",
                "orcid": "",
                "current_organization_id": "grid.38587.31",
                "researcher_id": "ur.0763550076.08",
                "affiliations": [
                    {
                        "id": "grid.38587.31",
                        "name": "Harbin Veterinary Research Institute",
                        "city": "Harbin",
                        "city_id": 2037013,
                        "country": "China",
                        "country_code": "CN",
                        "state": null,
                        "state_code": null
                    }
                ]
            }
        ]
    ],
    "altmetric": 2.0,
    "FOR": [
        {
            "id": "2581",
            "name": "0601 Biochemistry and Cell Biology"
        }
    ],
    "research_org_countries": [
        {
            "id": "CN",
            "name": "China"
        }
    ],
    "title": "Swine acute diarrhea syndrome coronavirus-induced apoptosis is caspase- and cyclophilin D- dependent",
    "research_org_cities": [
        {
            "id": 1809858,
            "name": "Guangzhou"
        },
        {
            "id": 2037013,
            "name": "Harbin"
        }
    ],
    "pages": "439-456",
    "issue": "1",
    "open_access": [
        "Open Access - all",
        "Open Access - publisher",
        "Open Access - published"
    ],
    "doi": "10.1080/22221751.2020.1722758",
    "times_cited": 0,
    "journal": {
        "id": "jour.1047596",
        "title": "Emerging Microbes & Infections"
    },
    "year": 2020,
    "research_orgs": [
        {
            "id": "grid.38587.31",
            "name": "Harbin Veterinary Research Institute",
            "linkout": [
                "http://www.hvri.ac.cn/en/"
            ],
            "country_name": "China",
            "types": [
                "Facility"
            ],
            "latitude": 45.76182,
            "acronym": "HVRI",
            "state_name": "Heilongjiang",
            "city_name": "Harbin",
            "longitude": 126.664
        },
        {
            "id": "grid.20561.30",
            "name": "South China Agricultural University",
            "linkout": [
                "http://english.scau.edu.cn/scauen/index.asp"
            ],
            "country_name": "China",
            "types": [
                "Education"
            ],
            "latitude": 23.158379,
            "acronym": "SCAU",
            "city_name": "Guangzhou",
            "longitude": 113.3512
        }
    ],
    "id": "pub.1125100544",
    "references": [
        "pub.1082990740",
        "pub.1005426584",
        "pub.1074517548",
        "pub.1103998349",
        "pub.1003389089",
        "pub.1083255249",
        "pub.1031466917",
        "pub.1120956637",
        "pub.1027574548",
        "pub.1011055321",
        "pub.1040757453",
        "pub.1005932678",
        "pub.1003832106",
        "pub.1039390229",
        "pub.1044122642",
        "pub.1035886405",
        "pub.1060360895",
        "pub.1121819053",
        "pub.1026291220",
        "pub.1015244181",
        "pub.1060361577",
        "pub.1021625617",
        "pub.1029899873",
        "pub.1077004755",
        "pub.1051100604",
        "pub.1015790458",
        "pub.1008049794",
        "pub.1001587966",
        "pub.1045546603",
        "pub.1000641396",
        "pub.1012304383",
        "pub.1083389442",
        "pub.1033982057",
        "pub.1105084794",
        "pub.1101862109",
        "pub.1026749731",
        "pub.1027138638",
        "pub.1033001263",
        "pub.1060400678",
        "pub.1035088019",
        "pub.1074954754",
        "pub.1047872240",
        "pub.1022660150",
        "pub.1082693496",
        "pub.1004418149",
        "pub.1035065342",
        "pub.1008400185",
        "pub.1017152750",
        "pub.1060355097",
        "pub.1000775146",
        "pub.1029813579",
        "pub.1040728755",
        "pub.1027799699",
        "pub.1017534271",
        "pub.1083359419",
        "pub.1031976717",
        "pub.1018177466",
        "pub.1000401702",
        "pub.1022739317",
        "pub.1037896923",
        "pub.1026431556",
        "pub.1057072174",
        "pub.1030712984",
        "pub.1031893474",
        "pub.1060400482",
        "pub.1047896980",
        "pub.1010306326",
        "pub.1062562276",
        "pub.1040064861",
        "pub.1038545301",
        "pub.1085437414"
    ],
    "research_org_country_names": [
        "China"
    ],
    "date": "2020-01-01",
    "researchers": [
        {
            "id": "ur.010226272735.37",
            "research_orgs": [
                "grid.38587.31"
            ],
            "last_name": "Han",
            "first_name": "Yuru"
        },
        {
            "id": "ur.01155057631.15",
            "research_orgs": [
                "grid.38587.31"
            ],
            "last_name": "Shi",
            "first_name": "Da"
        },
        {
            "id": "ur.0763550076.08",
            "research_orgs": [
                "grid.38587.31",
                "grid.452609.c"
            ],
            "last_name": "Feng",
            "first_name": "Liping"
        }
    ],
    "type": "article",
    "volume": "9",
    "pmcid": "PMC7054944"
}