{
    "research_orgs": [
        {
            "id": "grid.477128.f",
            "linkout": [
                "http://www.sx120.com.cn/"
            ],
            "city_name": "Chenjiaba",
            "longitude": 108.38406,
            "latitude": 30.804625,
            "name": "Chongqing Three Gorges Central Hospital",
            "types": [
                "Healthcare"
            ],
            "country_name": "China"
        },
        {
            "id": "grid.412461.4",
            "linkout": [
                "http://www.sahcqmu.com/"
            ],
            "city_name": "Chongqing",
            "longitude": 106.574356,
            "latitude": 29.559755,
            "name": "Second Affiliated Hospital of Chongqing Medical University",
            "types": [
                "Healthcare"
            ],
            "country_name": "China"
        }
    ],
    "research_org_country_names": [
        "China"
    ],
    "title": "Epidemiological and clinical features of 2019-nCoV acute respiratory disease cases in Chongqing municipality, China: a retrospective, descriptive, multiple-center study",
    "type": "article",
    "year": 2020,
    "journal": {
        "id": "jour.1369542",
        "title": "medRxiv"
    },
    "researchers": [
        {
            "id": "ur.0576060004.16",
            "research_orgs": [
                "grid.412461.4"
            ],
            "first_name": "Di",
            "last_name": "Qi"
        },
        {
            "id": "ur.016106141245.95",
            "research_orgs": [
                "grid.412461.4"
            ],
            "first_name": "Xumao",
            "last_name": "Tang"
        },
        {
            "id": "ur.0734024124.81",
            "research_orgs": [
                "grid.412461.4"
            ],
            "first_name": "Long-Hua",
            "last_name": "Feng"
        },
        {
            "id": "ur.01011670624.26",
            "research_orgs": [
                "grid.203458.8",
                "grid.412461.4"
            ],
            "first_name": "Dao-Xin",
            "last_name": "Wang"
        },
        {
            "id": "ur.01315755351.65",
            "research_orgs": [
                "grid.203458.8",
                "grid.412461.4"
            ],
            "first_name": "Jin",
            "last_name": "Tong"
        }
    ],
    "FOR": [
        {
            "id": "3053",
            "name": "1103 Clinical Sciences"
        }
    ],
    "research_org_countries": [
        {
            "id": "CN",
            "name": "China"
        }
    ],
    "date": "2020-03-03",
    "altmetric": 2.0,
    "pages": "2020.03.01.20029397",
    "id": "pub.1125347086",
    "research_org_cities": [
        {
            "id": 8403617,
            "name": "Chenjiaba"
        },
        {
            "id": 1814906,
            "name": "Chongqing"
        }
    ],
    "open_access": [
        "Open Access - all",
        "Open Access - publisher",
        "Open Access - published"
    ],
    "author_affiliations": [
        [
            {
                "first_name": "Di",
                "last_name": "Qi",
                "initials": "",
                "corresponding": "",
                "orcid": "",
                "current_organization_id": "grid.412461.4",
                "researcher_id": "ur.0576060004.16",
                "affiliations": [
                    {
                        "id": "grid.412461.4",
                        "name": "Second Affiliated Hospital of Chongqing Medical University",
                        "city": "Chongqing",
                        "city_id": 1814906,
                        "country": "China",
                        "country_code": "CN",
                        "state": null,
                        "state_code": null
                    }
                ]
            },
            {
                "first_name": "Xiaofeng",
                "last_name": "Yan",
                "initials": "",
                "corresponding": "",
                "orcid": "",
                "current_organization_id": "",
                "researcher_id": "",
                "affiliations": [
                    {
                        "name": "Chongqing Public Health Medical Center, Chongqing, China.;"
                    }
                ]
            },
            {
                "first_name": "Xumao",
                "last_name": "Tang",
                "initials": "",
                "corresponding": "",
                "orcid": "",
                "current_organization_id": "grid.412461.4",
                "researcher_id": "ur.016106141245.95",
                "affiliations": [
                    {
                        "id": "grid.412461.4",
                        "name": "Second Affiliated Hospital of Chongqing Medical University",
                        "city": "Chongqing",
                        "city_id": 1814906,
                        "country": "China",
                        "country_code": "CN",
                        "state": null,
                        "state_code": null
                    }
                ]
            },
            {
                "first_name": "Junnan",
                "last_name": "Peng",
                "initials": "",
                "corresponding": "",
                "orcid": "",
                "current_organization_id": "",
                "researcher_id": "",
                "affiliations": [
                    {
                        "id": "grid.412461.4",
                        "name": "Second Affiliated Hospital of Chongqing Medical University",
                        "city": "Chongqing",
                        "city_id": 1814906,
                        "country": "China",
                        "country_code": "CN",
                        "state": null,
                        "state_code": null
                    }
                ]
            },
            {
                "first_name": "Qian",
                "last_name": "Yu",
                "initials": "",
                "corresponding": "",
                "orcid": "",
                "current_organization_id": "",
                "researcher_id": "",
                "affiliations": [
                    {
                        "id": "grid.412461.4",
                        "name": "Second Affiliated Hospital of Chongqing Medical University",
                        "city": "Chongqing",
                        "city_id": 1814906,
                        "country": "China",
                        "country_code": "CN",
                        "state": null,
                        "state_code": null
                    }
                ]
            },
            {
                "first_name": "Longhua",
                "last_name": "Feng",
                "initials": "",
                "corresponding": "",
                "orcid": "",
                "current_organization_id": "grid.412461.4",
                "researcher_id": "ur.0734024124.81",
                "affiliations": [
                    {
                        "name": "Qianjiang Central Hospital of Chongqing, Chongqing, China.;"
                    }
                ]
            },
            {
                "first_name": "Guodan",
                "last_name": "Yuan",
                "initials": "",
                "corresponding": "",
                "orcid": "",
                "current_organization_id": "",
                "researcher_id": "",
                "affiliations": [
                    {
                        "name": "Chongqing Public Health Medical Center, Chongqing, China.;"
                    }
                ]
            },
            {
                "first_name": "An",
                "last_name": "Zhang",
                "initials": "",
                "corresponding": "",
                "orcid": "",
                "current_organization_id": "",
                "researcher_id": "",
                "affiliations": [
                    {
                        "id": "grid.412461.4",
                        "name": "Second Affiliated Hospital of Chongqing Medical University",
                        "city": "Chongqing",
                        "city_id": 1814906,
                        "country": "China",
                        "country_code": "CN",
                        "state": null,
                        "state_code": null
                    }
                ]
            },
            {
                "first_name": "Yaokai",
                "last_name": "Chen",
                "initials": "",
                "corresponding": "",
                "orcid": "",
                "current_organization_id": "",
                "researcher_id": "",
                "affiliations": [
                    {
                        "name": "Chongqing Public Health Medical Center, Chongqing, China;"
                    }
                ]
            },
            {
                "first_name": "Jing",
                "last_name": "Yuan",
                "initials": "",
                "corresponding": "",
                "orcid": "",
                "current_organization_id": "",
                "researcher_id": "",
                "affiliations": [
                    {
                        "name": "Chongqing Public Health Medical Center, Chongqing, China;"
                    }
                ]
            },
            {
                "first_name": "Xia",
                "last_name": "Huang",
                "initials": "",
                "corresponding": "",
                "orcid": "",
                "current_organization_id": "",
                "researcher_id": "",
                "affiliations": [
                    {
                        "id": "grid.477128.f",
                        "name": "Chongqing Three Gorges Central Hospital",
                        "city": "Chenjiaba",
                        "city_id": 8403617,
                        "country": "China",
                        "country_code": "CN",
                        "state": null,
                        "state_code": null
                    },
                    {
                        "name": "Chongqing Three Gorges Central Hospital, Chongqing, China;Chonqing University Three Gorges Hospital, Chongqing, China.;"
                    }
                ]
            },
            {
                "first_name": "Xianxiang",
                "last_name": "Zhang",
                "initials": "",
                "corresponding": "",
                "orcid": "",
                "current_organization_id": "",
                "researcher_id": "",
                "affiliations": [
                    {
                        "name": "Chonqing University Three Gorges Hospital, Chongqing, China; Chonqing Three Gorges Central Hospital, Chongqing, China.;"
                    }
                ]
            },
            {
                "first_name": "Peng",
                "last_name": "Hu",
                "initials": "",
                "corresponding": "",
                "orcid": "",
                "current_organization_id": "",
                "researcher_id": "",
                "affiliations": [
                    {
                        "id": "grid.412461.4",
                        "name": "Second Affiliated Hospital of Chongqing Medical University",
                        "city": "Chongqing",
                        "city_id": 1814906,
                        "country": "China",
                        "country_code": "CN",
                        "state": null,
                        "state_code": null
                    }
                ]
            },
            {
                "first_name": "Yuyan",
                "last_name": "Song",
                "initials": "",
                "corresponding": "",
                "orcid": "",
                "current_organization_id": "",
                "researcher_id": "",
                "affiliations": [
                    {
                        "name": "Chongqing Public Health Medical Center, Chongqing, China.;"
                    }
                ]
            },
            {
                "first_name": "Chunfang",
                "last_name": "Qian",
                "initials": "",
                "corresponding": "",
                "orcid": "",
                "current_organization_id": "",
                "researcher_id": "",
                "affiliations": [
                    {
                        "name": "Chongqing Public Health Medical Center, Chongqing, China.;"
                    }
                ]
            },
            {
                "first_name": "Qiangzhong",
                "last_name": "Sun",
                "initials": "",
                "corresponding": "",
                "orcid": "",
                "current_organization_id": "",
                "researcher_id": "",
                "affiliations": [
                    {
                        "name": "Chongqing Public Health Medical Center, Chongqing, China.;"
                    }
                ]
            },
            {
                "first_name": "Daoxin",
                "last_name": "Wang",
                "initials": "",
                "corresponding": "",
                "orcid": "",
                "current_organization_id": "grid.412461.4",
                "researcher_id": "ur.01011670624.26",
                "affiliations": [
                    {
                        "id": "grid.412461.4",
                        "name": "Second Affiliated Hospital of Chongqing Medical University",
                        "city": "Chongqing",
                        "city_id": 1814906,
                        "country": "China",
                        "country_code": "CN",
                        "state": null,
                        "state_code": null
                    }
                ]
            },
            {
                "first_name": "Jin",
                "last_name": "Tong",
                "initials": "",
                "corresponding": "",
                "orcid": "",
                "current_organization_id": "grid.412461.4",
                "researcher_id": "ur.01315755351.65",
                "affiliations": [
                    {
                        "id": "grid.412461.4",
                        "name": "Second Affiliated Hospital of Chongqing Medical University",
                        "city": "Chongqing",
                        "city_id": 1814906,
                        "country": "China",
                        "country_code": "CN",
                        "state": null,
                        "state_code": null
                    }
                ]
            },
            {
                "first_name": "Jianglin",
                "last_name": "Xiang",
                "initials": "",
                "corresponding": "",
                "orcid": "",
                "current_organization_id": "",
                "researcher_id": "",
                "affiliations": [
                    {
                        "name": "Chonqing University Three Gorges Hospital, Chongqing, China;Chonqing Three Gorges Central Hospital, Chongqing, China"
                    }
                ]
            }
        ]
    ],
    "doi": "10.1101/2020.03.01.20029397",
    "times_cited": 0,
    "references": [
        "pub.1124934550",
        "pub.1084510653",
        "pub.1124427336",
        "pub.1124408081",
        "pub.1124815282",
        "pub.1124483472"
    ]
}