{
    "date": "2020-03-05",
    "title": "Arguments in favor of remdesivir for treating SARS-CoV-2 infections",
    "researchers": [
        {
            "id": "ur.01206616375.62",
            "last_name": "Ko",
            "first_name": "Wen-Chien",
            "orcid_id": [
                "0000-0001-7497-149X"
            ],
            "research_orgs": [
                "grid.278244.f",
                "grid.411641.7",
                "grid.412040.3",
                "grid.64523.36",
                "grid.413876.f",
                "grid.59784.37",
                "grid.19188.39",
                "grid.254145.3",
                "grid.410770.5",
                "grid.412027.2"
            ]
        },
        {
            "id": "ur.0576561277.28",
            "last_name": "Rolain",
            "first_name": "Jean-Marc",
            "research_orgs": [
                "grid.4991.5",
                "grid.418249.2",
                "grid.416738.f",
                "grid.5399.6",
                "grid.411324.1",
                "grid.489897.3",
                "grid.416302.2",
                "grid.66875.3a",
                "grid.414244.3",
                "grid.32224.35",
                "grid.442401.7",
                "grid.428999.7",
                "grid.411266.6",
                "grid.416050.6",
                "grid.483853.1",
                "grid.8191.1",
                "grid.412032.6",
                "grid.464138.c",
                "grid.10223.32",
                "grid.412247.6",
                "grid.15276.37",
                "grid.9723.f",
                "grid.414336.7",
                "grid.10400.35",
                "grid.121334.6"
            ]
        },
        {
            "id": "ur.0776460150.42",
            "last_name": "Lee",
            "first_name": "Nan-Yao",
            "orcid_id": [
                "0000-0002-1206-842X"
            ],
            "research_orgs": [
                "grid.412040.3",
                "grid.64523.36",
                "grid.412027.2"
            ]
        },
        {
            "id": "ur.01321122773.65",
            "last_name": "Chen",
            "first_name": "Po-Lin",
            "orcid_id": [
                "0000-0002-4015-1052"
            ],
            "research_orgs": [
                "grid.412040.3",
                "grid.64523.36",
                "grid.412019.f"
            ]
        },
        {
            "id": "ur.01004003674.05",
            "last_name": "Huang",
            "first_name": "Ching-Tai",
            "research_orgs": [
                "grid.145695.a",
                "grid.454210.6",
                "grid.454211.7",
                "grid.413801.f",
                "grid.412027.2",
                "grid.469474.c",
                "grid.21107.35"
            ]
        },
        {
            "id": "ur.01277023243.71",
            "last_name": "Lee",
            "first_name": "Ping-Ing",
            "orcid_id": [
                "0000-0002-7299-2825"
            ],
            "research_orgs": [
                "grid.411645.3",
                "grid.19188.39",
                "grid.412094.a"
            ]
        },
        {
            "id": "ur.0713663251.48",
            "last_name": "Hsueh",
            "first_name": "Po-Ren",
            "orcid_id": [
                "0000-0002-7502-9225"
            ],
            "research_orgs": [
                "grid.414746.4",
                "grid.64523.36",
                "grid.413876.f",
                "grid.256105.5",
                "grid.19188.39",
                "grid.410770.5",
                "grid.10417.33",
                "grid.145695.a",
                "grid.412094.a",
                "grid.413400.2",
                "grid.31147.30",
                "grid.410769.d"
            ]
        }
    ],
    "altmetric": 30.0,
    "pages": "105933",
    "research_org_cities": [
        {
            "id": 1667905,
            "name": "Taoyuan"
        },
        {
            "id": 1668355,
            "name": "Tainan"
        },
        {
            "id": 2995469,
            "name": "Marseille"
        },
        {
            "id": 1678228,
            "name": "Keelung"
        },
        {
            "id": 1668341,
            "name": "Taipei"
        },
        {
            "id": 6696918,
            "name": "Taoyuan City"
        }
    ],
    "research_org_countries": [
        {
            "id": "FR",
            "name": "France"
        },
        {
            "id": "TW",
            "name": "Taiwan"
        }
    ],
    "doi": "10.1016/j.ijantimicag.2020.105933",
    "research_orgs": [
        {
            "id": "grid.412040.3",
            "types": [
                "Healthcare"
            ],
            "longitude": 120.219635,
            "linkout": [
                "http://www.hosp.ncku.edu.tw/nckm/english/HomeStyle.aspx?Type=11&ContentPage=0"
            ],
            "latitude": 23.001951,
            "name": "National Cheng Kung University Hospital",
            "city_name": "Tainan City",
            "country_name": "Taiwan"
        },
        {
            "id": "grid.19188.39",
            "acronym": "NTU",
            "state_name": "Taipei",
            "types": [
                "Education"
            ],
            "longitude": 121.536,
            "linkout": [
                "http://www.ntu.edu.tw/english/"
            ],
            "latitude": 25.016,
            "name": "National Taiwan University",
            "city_name": "Taipei",
            "country_name": "Taiwan"
        },
        {
            "id": "grid.412094.a",
            "acronym": "NTUH",
            "types": [
                "Healthcare"
            ],
            "longitude": 121.517555,
            "linkout": [
                "http://www.ntuh.gov.tw/en/default_P.aspx"
            ],
            "latitude": 25.042715,
            "name": "National Taiwan University Hospital",
            "city_name": "Taipei",
            "country_name": "Taiwan"
        },
        {
            "id": "grid.483853.1",
            "types": [
                "Other"
            ],
            "longitude": 5.400684,
            "linkout": [
                "http://en.mediterranee-infection.com/"
            ],
            "latitude": 43.28995,
            "name": "M\u00e9diterran\u00e9e Infection Foundation",
            "city_name": "Marseille",
            "country_name": "France"
        },
        {
            "id": "grid.64523.36",
            "acronym": "NCKU",
            "types": [
                "Education"
            ],
            "longitude": 120.21667,
            "linkout": [
                "http://web.ncku.edu.tw/bin/home.php"
            ],
            "latitude": 23.0,
            "name": "National Cheng Kung University",
            "city_name": "Tainan City",
            "country_name": "Taiwan"
        }
    ],
    "times_cited": 0,
    "pmid": "32147516",
    "research_org_country_names": [
        "Taiwan",
        "France"
    ],
    "id": "pub.1125440123",
    "journal": {
        "id": "jour.1101623",
        "title": "International Journal of Antimicrobial Agents"
    },
    "year": 2020,
    "references": [
        "pub.1079402455",
        "pub.1124223406",
        "pub.1124427336",
        "pub.1124588759",
        "pub.1008871693",
        "pub.1124461627",
        "pub.1122941965",
        "pub.1112095742",
        "pub.1124295864",
        "pub.1124290823",
        "pub.1101376496",
        "pub.1124815253",
        "pub.1125318732",
        "pub.1090391462",
        "pub.1113258108",
        "pub.1124902066",
        "pub.1124289146",
        "pub.1038446973",
        "pub.1124558873",
        "pub.1124408081",
        "pub.1084131351",
        "pub.1124556117",
        "pub.1117405868",
        "pub.1124911473"
    ],
    "author_affiliations": [
        [
            {
                "first_name": "Wen-Chien",
                "last_name": "Ko",
                "initials": "",
                "corresponding": "",
                "orcid": "['0000-0001-7497-149X']",
                "current_organization_id": "grid.64523.36",
                "researcher_id": "ur.01206616375.62",
                "affiliations": [
                    {
                        "id": "grid.64523.36",
                        "name": "National Cheng Kung University",
                        "city": "Tainan City",
                        "city_id": 1668355,
                        "country": "Taiwan",
                        "country_code": "TW",
                        "state": null,
                        "state_code": null
                    },
                    {
                        "id": "grid.412040.3",
                        "name": "National Cheng Kung University Hospital",
                        "city": "Tainan City",
                        "city_id": 1668355,
                        "country": "Taiwan",
                        "country_code": "TW",
                        "state": null,
                        "state_code": null
                    }
                ]
            },
            {
                "first_name": "Jean-Marc",
                "last_name": "Rolain",
                "initials": "",
                "corresponding": "",
                "orcid": "",
                "current_organization_id": "grid.483853.1",
                "researcher_id": "ur.0576561277.28",
                "affiliations": [
                    {
                        "name": "Aix-Marseille Univ., Institut de Recherche pour le D\u00e9veloppement (IRD), Assistance 7 Publique - H\u00f4pitaux de Marseille (AP-HM), MEPHI, 27 boulevard Jean Moulin, 13005 8 Marseille, France"
                    },
                    {
                        "id": "grid.483853.1",
                        "name": "M\u00e9diterran\u00e9e Infection Foundation",
                        "city": "Marseille",
                        "city_id": 2995469,
                        "country": "France",
                        "country_code": "FR",
                        "state": null,
                        "state_code": null
                    }
                ]
            },
            {
                "first_name": "Nan-Yao",
                "last_name": "Lee",
                "initials": "",
                "corresponding": "",
                "orcid": "['0000-0002-1206-842X']",
                "current_organization_id": "grid.412040.3",
                "researcher_id": "ur.0776460150.42",
                "affiliations": [
                    {
                        "id": "grid.64523.36",
                        "name": "National Cheng Kung University",
                        "city": "Tainan City",
                        "city_id": 1668355,
                        "country": "Taiwan",
                        "country_code": "TW",
                        "state": null,
                        "state_code": null
                    },
                    {
                        "id": "grid.412040.3",
                        "name": "National Cheng Kung University Hospital",
                        "city": "Tainan City",
                        "city_id": 1668355,
                        "country": "Taiwan",
                        "country_code": "TW",
                        "state": null,
                        "state_code": null
                    }
                ]
            },
            {
                "first_name": "Po-Lin",
                "last_name": "Chen",
                "initials": "",
                "corresponding": "",
                "orcid": "['0000-0002-4015-1052']",
                "current_organization_id": "grid.412040.3",
                "researcher_id": "ur.01321122773.65",
                "affiliations": [
                    {
                        "id": "grid.64523.36",
                        "name": "National Cheng Kung University",
                        "city": "Tainan City",
                        "city_id": 1668355,
                        "country": "Taiwan",
                        "country_code": "TW",
                        "state": null,
                        "state_code": null
                    },
                    {
                        "id": "grid.412040.3",
                        "name": "National Cheng Kung University Hospital",
                        "city": "Tainan City",
                        "city_id": 1668355,
                        "country": "Taiwan",
                        "country_code": "TW",
                        "state": null,
                        "state_code": null
                    }
                ]
            },
            {
                "first_name": "Ching-Tai",
                "last_name": "Huang",
                "initials": "",
                "corresponding": "",
                "orcid": "",
                "current_organization_id": "grid.145695.a",
                "researcher_id": "ur.01004003674.05",
                "affiliations": [
                    {
                        "name": "Department of Infectious Diseases, Chang Gung Memorial Hospital, Taoyuan, Taiwan"
                    }
                ]
            },
            {
                "first_name": "Ping-Ing",
                "last_name": "Lee",
                "initials": "",
                "corresponding": "",
                "orcid": "['0000-0002-7299-2825']",
                "current_organization_id": "grid.412094.a",
                "researcher_id": "ur.01277023243.71",
                "affiliations": [
                    {
                        "id": "grid.19188.39",
                        "name": "National Taiwan University",
                        "city": "Taipei",
                        "city_id": 1668341,
                        "country": "Taiwan",
                        "country_code": "TW",
                        "state": null,
                        "state_code": null
                    }
                ]
            },
            {
                "first_name": "Po-Ren",
                "last_name": "Hsueh",
                "initials": "",
                "corresponding": true,
                "orcid": "['0000-0002-7502-9225']",
                "current_organization_id": "grid.412094.a",
                "researcher_id": "ur.0713663251.48",
                "affiliations": [
                    {
                        "name": "Department of Infectious Diseases, Chang Gung Memorial Hospital, Taoyuan, Taiwan"
                    },
                    {
                        "id": "grid.19188.39",
                        "name": "National Taiwan University",
                        "city": "Taipei",
                        "city_id": 1668341,
                        "country": "Taiwan",
                        "country_code": "TW",
                        "state": null,
                        "state_code": null
                    },
                    {
                        "id": "grid.412094.a",
                        "name": "National Taiwan University Hospital",
                        "city": "Taipei",
                        "city_id": 1668341,
                        "country": "Taiwan",
                        "country_code": "TW",
                        "state": null,
                        "state_code": null
                    },
                    {
                        "id": "grid.412094.a",
                        "name": "National Taiwan University Hospital",
                        "city": "Taipei",
                        "city_id": 1668341,
                        "country": "Taiwan",
                        "country_code": "TW",
                        "state": null,
                        "state_code": null
                    }
                ]
            }
        ]
    ],
    "type": "article"
}