{
    "volume": "9",
    "date": "2020-02-10",
    "title": "Transient Transfection of the Zoonotic Parasite Babesia microti",
    "researchers": [
        {
            "id": "ur.01253610611.38",
            "last_name": "Liu",
            "first_name": "Mingming",
            "research_orgs": [
                "grid.440752.0",
                "grid.412310.5"
            ]
        },
        {
            "id": "ur.015555046553.12",
            "last_name": "Ji",
            "first_name": "Shengwei",
            "research_orgs": [
                "grid.412310.5"
            ]
        },
        {
            "id": "ur.011443530762.05",
            "last_name": "Rizk",
            "first_name": "Mohamed Abdo",
            "orcid_id": [
                "0000-0002-5250-6172"
            ],
            "research_orgs": [
                "grid.10251.37",
                "grid.412310.5"
            ]
        },
        {
            "id": "ur.01163473035.85",
            "last_name": "Moumouni",
            "first_name": "Paul Franck Adjou",
            "research_orgs": [
                "grid.256342.4",
                "grid.412310.5"
            ]
        },
        {
            "id": "ur.010075113270.35",
            "last_name": "Galon",
            "first_name": "Eloiza May S",
            "orcid_id": [
                "0000-0003-2411-8401"
            ],
            "research_orgs": [
                "grid.412310.5"
            ]
        },
        {
            "id": "ur.015032513037.91",
            "last_name": "Li",
            "first_name": "Jixu",
            "research_orgs": [
                "grid.440752.0",
                "grid.412310.5"
            ]
        },
        {
            "id": "ur.010143226470.68",
            "last_name": "Li",
            "first_name": "Yongchang",
            "research_orgs": [
                "grid.412310.5",
                "grid.413251.0"
            ]
        },
        {
            "id": "ur.012171050641.65",
            "last_name": "Zheng",
            "first_name": "Wei Qing",
            "research_orgs": [
                "grid.412310.5"
            ]
        },
        {
            "id": "ur.07373311703.20",
            "last_name": "Benedicto",
            "first_name": "Byamukama",
            "research_orgs": [
                "grid.412310.5"
            ]
        },
        {
            "id": "ur.010740607070.67",
            "last_name": "Tumwebaze",
            "first_name": "Maria Agnes",
            "orcid_id": [
                "0000-0003-0056-3551"
            ],
            "research_orgs": [
                "grid.412310.5"
            ]
        },
        {
            "id": "ur.0661264733.50",
            "last_name": "Asada",
            "first_name": "Masahito",
            "orcid_id": [
                "0000-0003-0042-6856"
            ],
            "research_orgs": [
                "grid.26999.3d",
                "grid.412310.5",
                "grid.174567.6",
                "grid.471884.6"
            ]
        },
        {
            "id": "ur.01004772335.43",
            "last_name": "Xuan",
            "first_name": "Xue-Nan",
            "research_orgs": [
                "grid.26999.3d",
                "grid.412381.d",
                "grid.411205.3",
                "grid.412310.5",
                "grid.449877.1",
                "grid.420033.6"
            ]
        }
    ],
    "altmetric": 3.0,
    "pages": "108",
    "research_org_cities": [
        {
            "id": 360761,
            "name": "Al Man\u015f\u016brah"
        },
        {
            "id": 1800163,
            "name": "Nanchang"
        },
        {
            "id": 2128815,
            "name": "Obihiro"
        }
    ],
    "open_access": [
        "Open Access - all",
        "Open Access - publisher",
        "Open Access - published"
    ],
    "research_org_countries": [
        {
            "id": "JP",
            "name": "Japan"
        },
        {
            "id": "EG",
            "name": "Egypt"
        },
        {
            "id": "CN",
            "name": "China"
        }
    ],
    "doi": "10.3390/pathogens9020108",
    "FOR": [
        {
            "id": "2620",
            "name": "0604 Genetics"
        }
    ],
    "times_cited": 0,
    "research_orgs": [
        {
            "id": "grid.10251.37",
            "types": [
                "Education"
            ],
            "longitude": 31.357851,
            "linkout": [
                "http://www.mans.edu.eg/en/"
            ],
            "latitude": 31.040504,
            "name": "Mansoura University",
            "city_name": "Al Mansurah",
            "country_name": "Egypt"
        },
        {
            "id": "grid.412310.5",
            "types": [
                "Education"
            ],
            "longitude": 143.17319,
            "linkout": [
                "http://www.obihiro.ac.jp/english/index.html"
            ],
            "latitude": 42.87599,
            "name": "Obihiro University of Agriculture and Veterinary Medicine",
            "city_name": "Obihiro",
            "country_name": "Japan"
        },
        {
            "id": "grid.507007.5",
            "types": [
                "Healthcare"
            ],
            "longitude": 115.8455,
            "linkout": [
                "http://www.nccdc.org.cn"
            ],
            "latitude": 28.678133,
            "name": "Nanchang Center for Disease Control and Prevention",
            "city_name": "Nanchang",
            "country_name": "China"
        }
    ],
    "pmid": "32050586",
    "funders": [
        {
            "id": "grid.54432.34",
            "acronym": "JSPS",
            "types": [
                "Nonprofit"
            ],
            "longitude": 139.74039,
            "linkout": [
                "http://www.jsps.go.jp/"
            ],
            "latitude": 35.68716,
            "name": "Japan Society for the Promotion of Science",
            "city_name": "Tokyo",
            "country_name": "Japan"
        }
    ],
    "research_org_country_names": [
        "Japan",
        "China",
        "Egypt"
    ],
    "id": "pub.1124826119",
    "issue": "2",
    "journal": {
        "id": "jour.1047674",
        "title": "Pathogens"
    },
    "year": 2020,
    "references": [
        "pub.1117051111",
        "pub.1111638147",
        "pub.1090740044",
        "pub.1015244492",
        "pub.1124638813",
        "pub.1019650357",
        "pub.1092959226",
        "pub.1007014181",
        "pub.1105767070",
        "pub.1062710401",
        "pub.1103353454",
        "pub.1103597410",
        "pub.1029782499",
        "pub.1040846552",
        "pub.1110099914",
        "pub.1042594073",
        "pub.1032414774",
        "pub.1107820434",
        "pub.1053002314",
        "pub.1000556680",
        "pub.1001934396",
        "pub.1071483030",
        "pub.1092113650",
        "pub.1120019358",
        "pub.1025868796",
        "pub.1038230943",
        "pub.1118079668",
        "pub.1120697061",
        "pub.1053686189",
        "pub.1052831111"
    ],
    "author_affiliations": [
        [
            {
                "first_name": "Mingming",
                "last_name": "Liu",
                "initials": "",
                "corresponding": "",
                "orcid": "",
                "current_organization_id": "grid.412310.5",
                "researcher_id": "ur.01253610611.38",
                "affiliations": [
                    {
                        "id": "grid.412310.5",
                        "name": "Obihiro University of Agriculture and Veterinary Medicine",
                        "city": "Obihiro",
                        "city_id": 2128815,
                        "country": "Japan",
                        "country_code": "JP",
                        "state": null,
                        "state_code": null
                    }
                ]
            },
            {
                "first_name": "Shengwei",
                "last_name": "Ji",
                "initials": "",
                "corresponding": "",
                "orcid": "",
                "current_organization_id": "grid.412310.5",
                "researcher_id": "ur.015555046553.12",
                "affiliations": [
                    {
                        "id": "grid.412310.5",
                        "name": "Obihiro University of Agriculture and Veterinary Medicine",
                        "city": "Obihiro",
                        "city_id": 2128815,
                        "country": "Japan",
                        "country_code": "JP",
                        "state": null,
                        "state_code": null
                    }
                ]
            },
            {
                "first_name": "Mohamed Abdo",
                "last_name": "Rizk",
                "initials": "",
                "corresponding": "",
                "orcid": "['0000-0002-5250-6172']",
                "current_organization_id": "grid.10251.37",
                "researcher_id": "ur.011443530762.05",
                "affiliations": [
                    {
                        "id": "grid.412310.5",
                        "name": "Obihiro University of Agriculture and Veterinary Medicine",
                        "city": "Obihiro",
                        "city_id": 2128815,
                        "country": "Japan",
                        "country_code": "JP",
                        "state": null,
                        "state_code": null
                    },
                    {
                        "id": "grid.10251.37",
                        "name": "Mansoura University",
                        "city": "Al Mansurah",
                        "city_id": 360761,
                        "country": "Egypt",
                        "country_code": "EG",
                        "state": null,
                        "state_code": null
                    }
                ]
            },
            {
                "first_name": "Paul Franck Adjou",
                "last_name": "Moumouni",
                "initials": "",
                "corresponding": "",
                "orcid": "",
                "current_organization_id": "grid.412310.5",
                "researcher_id": "ur.01163473035.85",
                "affiliations": [
                    {
                        "id": "grid.412310.5",
                        "name": "Obihiro University of Agriculture and Veterinary Medicine",
                        "city": "Obihiro",
                        "city_id": 2128815,
                        "country": "Japan",
                        "country_code": "JP",
                        "state": null,
                        "state_code": null
                    }
                ]
            },
            {
                "first_name": "Eloiza May",
                "last_name": "Galon",
                "initials": "",
                "corresponding": "",
                "orcid": "['0000-0003-2411-8401']",
                "current_organization_id": "grid.412310.5",
                "researcher_id": "ur.010075113270.35",
                "affiliations": [
                    {
                        "id": "grid.412310.5",
                        "name": "Obihiro University of Agriculture and Veterinary Medicine",
                        "city": "Obihiro",
                        "city_id": 2128815,
                        "country": "Japan",
                        "country_code": "JP",
                        "state": null,
                        "state_code": null
                    }
                ]
            },
            {
                "first_name": "Jixu",
                "last_name": "Li",
                "initials": "",
                "corresponding": "",
                "orcid": "",
                "current_organization_id": "grid.412310.5",
                "researcher_id": "ur.015032513037.91",
                "affiliations": [
                    {
                        "id": "grid.412310.5",
                        "name": "Obihiro University of Agriculture and Veterinary Medicine",
                        "city": "Obihiro",
                        "city_id": 2128815,
                        "country": "Japan",
                        "country_code": "JP",
                        "state": null,
                        "state_code": null
                    }
                ]
            },
            {
                "first_name": "Yongchang",
                "last_name": "Li",
                "initials": "",
                "corresponding": "",
                "orcid": "",
                "current_organization_id": "grid.412310.5",
                "researcher_id": "ur.010143226470.68",
                "affiliations": [
                    {
                        "id": "grid.412310.5",
                        "name": "Obihiro University of Agriculture and Veterinary Medicine",
                        "city": "Obihiro",
                        "city_id": 2128815,
                        "country": "Japan",
                        "country_code": "JP",
                        "state": null,
                        "state_code": null
                    }
                ]
            },
            {
                "first_name": "Weiqing",
                "last_name": "Zheng",
                "initials": "",
                "corresponding": "",
                "orcid": "",
                "current_organization_id": "grid.412310.5",
                "researcher_id": "ur.012171050641.65",
                "affiliations": [
                    {
                        "id": "grid.412310.5",
                        "name": "Obihiro University of Agriculture and Veterinary Medicine",
                        "city": "Obihiro",
                        "city_id": 2128815,
                        "country": "Japan",
                        "country_code": "JP",
                        "state": null,
                        "state_code": null
                    },
                    {
                        "id": "grid.507007.5",
                        "name": "Nanchang Center for Disease Control and Prevention",
                        "city": "Nanchang",
                        "city_id": 1800163,
                        "country": "China",
                        "country_code": "CN",
                        "state": null,
                        "state_code": null
                    }
                ]
            },
            {
                "first_name": "Byamukama",
                "last_name": "Benedicto",
                "initials": "",
                "corresponding": "",
                "orcid": "",
                "current_organization_id": "grid.412310.5",
                "researcher_id": "ur.07373311703.20",
                "affiliations": [
                    {
                        "id": "grid.412310.5",
                        "name": "Obihiro University of Agriculture and Veterinary Medicine",
                        "city": "Obihiro",
                        "city_id": 2128815,
                        "country": "Japan",
                        "country_code": "JP",
                        "state": null,
                        "state_code": null
                    }
                ]
            },
            {
                "first_name": "Maria Agnes",
                "last_name": "Tumwebaze",
                "initials": "",
                "corresponding": "",
                "orcid": "['0000-0003-0056-3551']",
                "current_organization_id": "grid.412310.5",
                "researcher_id": "ur.010740607070.67",
                "affiliations": [
                    {
                        "id": "grid.412310.5",
                        "name": "Obihiro University of Agriculture and Veterinary Medicine",
                        "city": "Obihiro",
                        "city_id": 2128815,
                        "country": "Japan",
                        "country_code": "JP",
                        "state": null,
                        "state_code": null
                    }
                ]
            },
            {
                "first_name": "Masahito",
                "last_name": "Asada",
                "initials": "",
                "corresponding": "",
                "orcid": "['0000-0003-0042-6856']",
                "current_organization_id": "grid.174567.6",
                "researcher_id": "ur.0661264733.50",
                "affiliations": [
                    {
                        "id": "grid.412310.5",
                        "name": "Obihiro University of Agriculture and Veterinary Medicine",
                        "city": "Obihiro",
                        "city_id": 2128815,
                        "country": "Japan",
                        "country_code": "JP",
                        "state": null,
                        "state_code": null
                    }
                ]
            },
            {
                "first_name": "Xuenan",
                "last_name": "Xuan",
                "initials": "",
                "corresponding": "",
                "orcid": "",
                "current_organization_id": "grid.412310.5",
                "researcher_id": "ur.01004772335.43",
                "affiliations": [
                    {
                        "id": "grid.412310.5",
                        "name": "Obihiro University of Agriculture and Veterinary Medicine",
                        "city": "Obihiro",
                        "city_id": 2128815,
                        "country": "Japan",
                        "country_code": "JP",
                        "state": null,
                        "state_code": null
                    }
                ]
            }
        ]
    ],
    "type": "article"
}