{
    "volume": "97",
    "date": "2020-04-01",
    "title": "Design, green one-pot synthesis and molecular docking study of novel N,N-bis(cyanoacetyl)hydrazines and bis-coumarins as effective inhibitors of DNA gyrase and topoisomerase IV",
    "researchers": [
        {
            "id": "ur.0630142463.43",
            "last_name": "Metwally",
            "first_name": "Nadia Hanafy",
            "research_orgs": [
                "grid.412093.d",
                "grid.7776.1"
            ]
        },
        {
            "id": "ur.0700542256.25",
            "last_name": "Abdallah",
            "first_name": "Sanaa Osman",
            "research_orgs": [
                "grid.7776.1"
            ]
        }
    ],
    "pages": "103672",
    "research_org_cities": [
        {
            "id": 360995,
            "name": "Giza"
        }
    ],
    "research_org_countries": [
        {
            "id": "EG",
            "name": "Egypt"
        }
    ],
    "doi": "10.1016/j.bioorg.2020.103672",
    "FOR": [
        {
            "id": "2464",
            "name": "0305 Organic Chemistry"
        }
    ],
    "times_cited": 0,
    "research_orgs": [
        {
            "id": "grid.7776.1",
            "types": [
                "Education"
            ],
            "longitude": 31.21014,
            "linkout": [
                "http://cu.edu.eg/Home"
            ],
            "latitude": 30.0276,
            "name": "Cairo University",
            "city_name": "Giza",
            "country_name": "Egypt"
        }
    ],
    "pmid": "32145481",
    "research_org_country_names": [
        "Egypt"
    ],
    "id": "pub.1124905445",
    "journal": {
        "id": "jour.1055446",
        "title": "Bioorganic Chemistry"
    },
    "year": 2020,
    "references": [
        "pub.1020238643",
        "pub.1103622812",
        "pub.1100274029",
        "pub.1107760961",
        "pub.1035972414",
        "pub.1051279150",
        "pub.1019343088",
        "pub.1005032105",
        "pub.1078831654",
        "pub.1122558383",
        "pub.1022823336",
        "pub.1083924677",
        "pub.1005708933",
        "pub.1020028148",
        "pub.1055420613",
        "pub.1055226526",
        "pub.1037318770",
        "pub.1120197797",
        "pub.1021934983",
        "pub.1113194044",
        "pub.1117607319",
        "pub.1069169020",
        "pub.1030847665",
        "pub.1011596816",
        "pub.1113203974",
        "pub.1110252318",
        "pub.1102743508",
        "pub.1024312154",
        "pub.1029250658",
        "pub.1051191143",
        "pub.1113478919",
        "pub.1012784409",
        "pub.1018237596"
    ],
    "author_affiliations": [
        [
            {
                "first_name": "Nadia Hanafy",
                "last_name": "Metwally",
                "initials": "",
                "corresponding": true,
                "orcid": "",
                "current_organization_id": "grid.7776.1",
                "researcher_id": "ur.0630142463.43",
                "affiliations": [
                    {
                        "id": "grid.7776.1",
                        "name": "Cairo University",
                        "city": "Giza",
                        "city_id": 360995,
                        "country": "Egypt",
                        "country_code": "EG",
                        "state": null,
                        "state_code": null
                    }
                ]
            },
            {
                "first_name": "Sanaa Osman",
                "last_name": "Abdallah",
                "initials": "",
                "corresponding": "",
                "orcid": "",
                "current_organization_id": "grid.7776.1",
                "researcher_id": "ur.0700542256.25",
                "affiliations": [
                    {
                        "id": "grid.7776.1",
                        "name": "Cairo University",
                        "city": "Giza",
                        "city_id": 360995,
                        "country": "Egypt",
                        "country_code": "EG",
                        "state": null,
                        "state_code": null
                    }
                ]
            },
            {
                "first_name": "Marwa Maher Abdel",
                "last_name": "Mohsen",
                "initials": "",
                "corresponding": "",
                "orcid": "",
                "current_organization_id": "",
                "researcher_id": "",
                "affiliations": [
                    {
                        "id": "grid.7776.1",
                        "name": "Cairo University",
                        "city": "Giza",
                        "city_id": 360995,
                        "country": "Egypt",
                        "country_code": "EG",
                        "state": null,
                        "state_code": null
                    }
                ]
            }
        ]
    ],
    "type": "article"
}