{
    "author_affiliations": [
        [
            {
                "first_name": "Cl\u00e1udio",
                "last_name": "Nunes-Alves",
                "initials": "",
                "corresponding": "",
                "orcid": "['0000-0001-9639-0477']",
                "current_organization_id": "grid.168645.8",
                "researcher_id": "ur.0724656164.17",
                "affiliations": []
            }
        ]
    ],
    "altmetric": 18.0,
    "title": "The next SARS?",
    "pages": "3-3",
    "issue": "1",
    "doi": "10.1038/nrmicro.2015.17",
    "times_cited": 0,
    "journal": {
        "id": "jour.1032854",
        "title": "Nature Reviews Microbiology"
    },
    "year": 2016,
    "id": "pub.1000234060",
    "references": [
        "pub.1024782211"
    ],
    "date": "2016-01-01",
    "researchers": [
        {
            "id": "ur.0724656164.17",
            "research_orgs": [
                "grid.168645.8",
                "grid.10328.38",
                "grid.38142.3c"
            ],
            "last_name": "Nunes-Alves",
            "first_name": "Cl\u00e1udio Ant\u00f3nio",
            "orcid_id": [
                "0000-0001-9639-0477"
            ]
        }
    ],
    "type": "article",
    "volume": "14"
}