{
    "volume": "12",
    "date": "2017-11-20",
    "title": "Spectrum of pathogen- and model-specific histopathologies in mouse models of acute pneumonia",
    "researchers": [
        {
            "id": "ur.01135301002.25",
            "last_name": "Dietert",
            "first_name": "Kristina",
            "orcid_id": [
                "0000-0002-5667-6750"
            ],
            "research_orgs": [
                "grid.14095.39"
            ]
        },
        {
            "id": "ur.01066766113.30",
            "last_name": "Gutbier",
            "first_name": "Birgitt",
            "research_orgs": [
                "grid.6363.0"
            ]
        },
        {
            "id": "ur.016412076513.37",
            "last_name": "Wienhold",
            "first_name": "Sandra-Maria",
            "research_orgs": [
                "grid.6363.0"
            ]
        },
        {
            "id": "ur.01167666302.21",
            "last_name": "Reppe",
            "first_name": "Katrin",
            "research_orgs": [
                "grid.6363.0"
            ]
        },
        {
            "id": "ur.016606022217.04",
            "last_name": "Jiang",
            "first_name": "Xiaohui",
            "research_orgs": [
                "grid.6363.0"
            ]
        },
        {
            "id": "ur.015015424553.26",
            "last_name": "Yao",
            "first_name": "Ling",
            "research_orgs": [
                "grid.6363.0"
            ]
        },
        {
            "id": "ur.0657720530.63",
            "last_name": "Chaput",
            "first_name": "Catherine",
            "research_orgs": [
                "grid.428999.7",
                "grid.6363.0"
            ]
        },
        {
            "id": "ur.01055544544.16",
            "last_name": "Naujoks",
            "first_name": "Jan",
            "research_orgs": [
                "grid.6363.0"
            ]
        },
        {
            "id": "ur.07362067274.55",
            "last_name": "Brack",
            "first_name": "Markus C",
            "research_orgs": [
                "grid.6363.0"
            ]
        },
        {
            "id": "ur.01023264151.29",
            "last_name": "Kupke",
            "first_name": "Alexandra",
            "research_orgs": [
                "grid.8664.c",
                "grid.452463.2",
                "grid.440517.3",
                "grid.10253.35"
            ]
        },
        {
            "id": "ur.01301607735.09",
            "last_name": "Peteranderl",
            "first_name": "Christin",
            "orcid_id": [
                "0000-0003-3799-8268"
            ],
            "research_orgs": [
                "grid.8664.c",
                "grid.452624.3",
                "grid.440517.3",
                "grid.10253.35",
                "grid.6363.0"
            ]
        },
        {
            "id": "ur.01071616472.52",
            "last_name": "Becker",
            "first_name": "Stephan",
            "research_orgs": [
                "grid.10253.35",
                "grid.8664.c",
                "grid.440517.3",
                "grid.452463.2",
                "grid.424065.1",
                "grid.14095.39",
                "grid.13652.33"
            ]
        },
        {
            "id": "ur.0676611605.95",
            "last_name": "Von Lachner",
            "first_name": "Carolin",
            "research_orgs": [
                "grid.275559.9"
            ]
        },
        {
            "id": "ur.01341264116.11",
            "last_name": "Baal",
            "first_name": "Nelli",
            "research_orgs": [
                "grid.452624.3",
                "grid.411067.5",
                "grid.8664.c",
                "grid.440517.3"
            ]
        },
        {
            "id": "ur.0605277327.18",
            "last_name": "Slevogt",
            "first_name": "Hortense",
            "research_orgs": [
                "grid.7468.d",
                "grid.9613.d",
                "grid.6363.0",
                "grid.275559.9",
                "grid.14095.39"
            ]
        },
        {
            "id": "ur.0711455650.59",
            "last_name": "Hocke",
            "first_name": "Andreas Christian",
            "research_orgs": [
                "grid.8664.c",
                "grid.4562.5",
                "grid.418009.4",
                "grid.6363.0"
            ]
        },
        {
            "id": "ur.01020652713.81",
            "last_name": "Witzenrath",
            "first_name": "Martin",
            "orcid_id": [
                "0000-0002-9787-5633"
            ],
            "research_orgs": [
                "grid.4444.0",
                "grid.8664.c",
                "grid.452624.3",
                "grid.10423.34",
                "grid.6363.0",
                "grid.415502.7",
                "grid.418009.4"
            ]
        },
        {
            "id": "ur.0773764201.52",
            "last_name": "Opitz",
            "first_name": "Bastian",
            "research_orgs": [
                "grid.7468.d",
                "grid.452624.3",
                "grid.6363.0",
                "grid.4562.5",
                "grid.14095.39"
            ]
        },
        {
            "id": "ur.01136333324.03",
            "last_name": "Herold",
            "first_name": "Susanne",
            "orcid_id": [
                "0000-0001-6343-0911"
            ],
            "research_orgs": [
                "grid.411067.5",
                "grid.8664.c",
                "grid.452624.3",
                "grid.16753.36",
                "grid.418032.c",
                "grid.440517.3",
                "grid.10253.35",
                "grid.6363.0"
            ]
        },
        {
            "id": "ur.01171546412.54",
            "last_name": "Hackstein",
            "first_name": "Holger",
            "research_orgs": [
                "grid.411067.5",
                "grid.412689.0",
                "grid.8664.c",
                "grid.452624.3",
                "grid.440517.3",
                "grid.21925.3d",
                "grid.6363.0",
                "grid.4562.5",
                "grid.411668.c"
            ]
        },
        {
            "id": "ur.0614514707.36",
            "last_name": "Sander",
            "first_name": "Leif Erik",
            "orcid_id": [
                "0000-0002-0476-9947"
            ],
            "research_orgs": [
                "grid.7468.d",
                "grid.59734.3c",
                "grid.9464.f",
                "grid.412301.5",
                "grid.452624.3",
                "grid.1957.a",
                "grid.10423.34",
                "grid.6363.0"
            ]
        },
        {
            "id": "ur.0654166733.58",
            "last_name": "Suttorp",
            "first_name": "Norbert",
            "research_orgs": [
                "grid.7468.d",
                "grid.411067.5",
                "grid.7445.2",
                "grid.8664.c",
                "grid.410712.1",
                "grid.452624.3",
                "grid.416786.a",
                "grid.6363.0",
                "grid.5802.f",
                "grid.4562.5",
                "grid.418009.4"
            ]
        },
        {
            "id": "ur.01043374764.01",
            "last_name": "Gruber",
            "first_name": "Achim Dieter",
            "research_orgs": [
                "grid.416099.3",
                "grid.10992.33",
                "grid.5386.8",
                "grid.8664.c",
                "grid.5252.0",
                "grid.412970.9",
                "grid.411327.2",
                "grid.10423.34",
                "grid.6363.0",
                "grid.14095.39",
                "grid.484161.e"
            ]
        }
    ],
    "pmcid": "PMC5695780",
    "altmetric": 2.0,
    "pages": "e0188251",
    "research_org_cities": [
        {
            "id": 2920512,
            "name": "Gie\u00dfen"
        },
        {
            "id": 2873759,
            "name": "Marburg an der Lahn"
        },
        {
            "id": 2895044,
            "name": "Jena"
        },
        {
            "id": 2950159,
            "name": "Berlin"
        }
    ],
    "open_access": [
        "Open Access - all",
        "Open Access - publisher",
        "Open Access - published"
    ],
    "research_org_countries": [
        {
            "id": "DE",
            "name": "Germany"
        }
    ],
    "doi": "10.1371/journal.pone.0188251",
    "FOR": [
        {
            "id": "3114",
            "name": "1108 Medical Microbiology"
        }
    ],
    "times_cited": 11,
    "research_orgs": [
        {
            "id": "grid.440517.3",
            "acronym": "UGMLC",
            "types": [
                "Education"
            ],
            "longitude": 8.664937,
            "linkout": [
                "http://www.ugmlc.de/"
            ],
            "latitude": 50.572014,
            "name": "Universities of Giessen and Marburg Lung Center",
            "city_name": "Giessen",
            "country_name": "Germany"
        },
        {
            "id": "grid.14095.39",
            "acronym": "FU",
            "types": [
                "Education"
            ],
            "longitude": 13.289647,
            "linkout": [
                "http://www.fu-berlin.de/en/"
            ],
            "latitude": 52.45273,
            "name": "Free University of Berlin",
            "city_name": "Berlin",
            "country_name": "Germany"
        },
        {
            "id": "grid.10253.35",
            "types": [
                "Education"
            ],
            "longitude": 8.773611,
            "linkout": [
                "https://www.uni-marburg.de/index_html-en?set_language=en"
            ],
            "latitude": 50.810833,
            "name": "Philipp University of Marburg",
            "city_name": "Marburg",
            "country_name": "Germany"
        },
        {
            "id": "grid.275559.9",
            "types": [
                "Healthcare"
            ],
            "longitude": 11.619141,
            "linkout": [
                "http://www.uniklinikum-jena.de/en/Wir_%C3%BCber_uns.html"
            ],
            "latitude": 50.886333,
            "name": "Jena University Hospital",
            "city_name": "Jena",
            "country_name": "Germany"
        },
        {
            "id": "grid.6363.0",
            "types": [
                "Healthcare"
            ],
            "longitude": 13.379722,
            "linkout": [
                "http://www.charite.de/en/charite/"
            ],
            "latitude": 52.52667,
            "name": "Charit\u00e9 \u2013 University Medicine Berlin",
            "city_name": "Berlin",
            "country_name": "Germany"
        }
    ],
    "pmid": "29155867",
    "funders": [
        {
            "id": "grid.424150.6",
            "acronym": "DFG",
            "types": [
                "Facility"
            ],
            "longitude": 7.147797,
            "linkout": [
                "http://www.dfg.de/en/"
            ],
            "latitude": 50.69934,
            "name": "German Research Foundation",
            "city_name": "Bonn",
            "country_name": "Germany"
        }
    ],
    "research_org_country_names": [
        "Germany"
    ],
    "id": "pub.1092819895",
    "issue": "11",
    "journal": {
        "id": "jour.1037553",
        "title": "PLoS ONE"
    },
    "year": 2017,
    "references": [
        "pub.1024770955",
        "pub.1030111849",
        "pub.1011125499",
        "pub.1016786801",
        "pub.1008782489",
        "pub.1035639368",
        "pub.1030919991",
        "pub.1021996306",
        "pub.1037727378",
        "pub.1028742426",
        "pub.1011693354",
        "pub.1046726523",
        "pub.1068877696",
        "pub.1028322045",
        "pub.1048562525",
        "pub.1036818597",
        "pub.1017270867",
        "pub.1010394790",
        "pub.1002462387",
        "pub.1046639936",
        "pub.1083903608",
        "pub.1005593013",
        "pub.1049299849",
        "pub.1011935338",
        "pub.1076950612",
        "pub.1029351486",
        "pub.1060344324",
        "pub.1077390047",
        "pub.1047807217",
        "pub.1004979753",
        "pub.1020507110",
        "pub.1020624382",
        "pub.1039022655",
        "pub.1016521888",
        "pub.1026551295",
        "pub.1014926017",
        "pub.1032050509",
        "pub.1010547066",
        "pub.1043313971",
        "pub.1029842789",
        "pub.1004988578",
        "pub.1074767855",
        "pub.1042215831",
        "pub.1052242194",
        "pub.1000390751",
        "pub.1034870755",
        "pub.1044030047",
        "pub.1043875870",
        "pub.1025125036",
        "pub.1045815686",
        "pub.1026928072",
        "pub.1009457989",
        "pub.1057260349",
        "pub.1091053538",
        "pub.1082847129",
        "pub.1071482759",
        "pub.1048202532",
        "pub.1033641598",
        "pub.1049335681",
        "pub.1049497586",
        "pub.1003803753",
        "pub.1071017014",
        "pub.1085964296",
        "pub.1052217535",
        "pub.1016978578",
        "pub.1045971533",
        "pub.1047730117",
        "pub.1032709186",
        "pub.1009194955",
        "pub.1007899254",
        "pub.1062713116",
        "pub.1049201704",
        "pub.1111901567",
        "pub.1033031749",
        "pub.1037406180",
        "pub.1001242068",
        "pub.1014319799",
        "pub.1005551330",
        "pub.1049432735",
        "pub.1057405554",
        "pub.1003628036",
        "pub.1071017016",
        "pub.1057238363",
        "pub.1014370409",
        "pub.1085763574",
        "pub.1013211901"
    ],
    "relative_citation_ratio": 1.3,
    "author_affiliations": [
        [
            {
                "first_name": "Kristina",
                "last_name": "Dietert",
                "initials": "",
                "corresponding": "",
                "orcid": "['0000-0002-5667-6750']",
                "current_organization_id": "grid.14095.39",
                "researcher_id": "ur.01135301002.25",
                "affiliations": [
                    {
                        "id": "grid.14095.39",
                        "name": "Freie Universit\u00e4t Berlin",
                        "city": "Berlin",
                        "city_id": 2950159,
                        "country": "Germany",
                        "country_code": "DE",
                        "state": null,
                        "state_code": null
                    }
                ]
            },
            {
                "first_name": "Birgitt",
                "last_name": "Gutbier",
                "initials": "",
                "corresponding": "",
                "orcid": "",
                "current_organization_id": "grid.6363.0",
                "researcher_id": "ur.01066766113.30",
                "affiliations": [
                    {
                        "id": "grid.6363.0",
                        "name": "Charit\u00e9",
                        "city": "Berlin",
                        "city_id": 2950159,
                        "country": "Germany",
                        "country_code": "DE",
                        "state": null,
                        "state_code": null
                    }
                ]
            },
            {
                "first_name": "Sandra M.",
                "last_name": "Wienhold",
                "initials": "",
                "corresponding": "",
                "orcid": "",
                "current_organization_id": "grid.6363.0",
                "researcher_id": "ur.016412076513.37",
                "affiliations": [
                    {
                        "id": "grid.6363.0",
                        "name": "Charit\u00e9",
                        "city": "Berlin",
                        "city_id": 2950159,
                        "country": "Germany",
                        "country_code": "DE",
                        "state": null,
                        "state_code": null
                    }
                ]
            },
            {
                "first_name": "Katrin",
                "last_name": "Reppe",
                "initials": "",
                "corresponding": "",
                "orcid": "",
                "current_organization_id": "grid.6363.0",
                "researcher_id": "ur.01167666302.21",
                "affiliations": [
                    {
                        "id": "grid.6363.0",
                        "name": "Charit\u00e9",
                        "city": "Berlin",
                        "city_id": 2950159,
                        "country": "Germany",
                        "country_code": "DE",
                        "state": null,
                        "state_code": null
                    }
                ]
            },
            {
                "first_name": "Xiaohui",
                "last_name": "Jiang",
                "initials": "",
                "corresponding": "",
                "orcid": "",
                "current_organization_id": "grid.6363.0",
                "researcher_id": "ur.016606022217.04",
                "affiliations": [
                    {
                        "id": "grid.6363.0",
                        "name": "Charit\u00e9",
                        "city": "Berlin",
                        "city_id": 2950159,
                        "country": "Germany",
                        "country_code": "DE",
                        "state": null,
                        "state_code": null
                    }
                ]
            },
            {
                "first_name": "Ling",
                "last_name": "Yao",
                "initials": "",
                "corresponding": "",
                "orcid": "",
                "current_organization_id": "grid.6363.0",
                "researcher_id": "ur.015015424553.26",
                "affiliations": [
                    {
                        "id": "grid.6363.0",
                        "name": "Charit\u00e9",
                        "city": "Berlin",
                        "city_id": 2950159,
                        "country": "Germany",
                        "country_code": "DE",
                        "state": null,
                        "state_code": null
                    }
                ]
            },
            {
                "first_name": "Catherine",
                "last_name": "Chaput",
                "initials": "",
                "corresponding": "",
                "orcid": "",
                "current_organization_id": "grid.6363.0",
                "researcher_id": "ur.0657720530.63",
                "affiliations": [
                    {
                        "id": "grid.6363.0",
                        "name": "Charit\u00e9",
                        "city": "Berlin",
                        "city_id": 2950159,
                        "country": "Germany",
                        "country_code": "DE",
                        "state": null,
                        "state_code": null
                    }
                ]
            },
            {
                "first_name": "Jan",
                "last_name": "Naujoks",
                "initials": "",
                "corresponding": "",
                "orcid": "",
                "current_organization_id": "grid.6363.0",
                "researcher_id": "ur.01055544544.16",
                "affiliations": [
                    {
                        "id": "grid.6363.0",
                        "name": "Charit\u00e9",
                        "city": "Berlin",
                        "city_id": 2950159,
                        "country": "Germany",
                        "country_code": "DE",
                        "state": null,
                        "state_code": null
                    }
                ]
            },
            {
                "first_name": "Markus",
                "last_name": "Brack",
                "initials": "",
                "corresponding": "",
                "orcid": "",
                "current_organization_id": "grid.6363.0",
                "researcher_id": "ur.07362067274.55",
                "affiliations": [
                    {
                        "id": "grid.6363.0",
                        "name": "Charit\u00e9",
                        "city": "Berlin",
                        "city_id": 2950159,
                        "country": "Germany",
                        "country_code": "DE",
                        "state": null,
                        "state_code": null
                    }
                ]
            },
            {
                "first_name": "Alexandra",
                "last_name": "Kupke",
                "initials": "",
                "corresponding": "",
                "orcid": "",
                "current_organization_id": "grid.10253.35",
                "researcher_id": "ur.01023264151.29",
                "affiliations": [
                    {
                        "id": "grid.440517.3",
                        "name": "Universities of Giessen and Marburg Lung Center",
                        "city": "Giessen",
                        "city_id": 2920512,
                        "country": "Germany",
                        "country_code": "DE",
                        "state": null,
                        "state_code": null
                    },
                    {
                        "id": "grid.10253.35",
                        "name": "Philipp University of Marburg",
                        "city": "Marburg",
                        "city_id": 2873759,
                        "country": "Germany",
                        "country_code": "DE",
                        "state": null,
                        "state_code": null
                    }
                ]
            },
            {
                "first_name": "Christin",
                "last_name": "Peteranderl",
                "initials": "",
                "corresponding": "",
                "orcid": "['0000-0003-3799-8268']",
                "current_organization_id": "grid.440517.3",
                "researcher_id": "ur.01301607735.09",
                "affiliations": [
                    {
                        "id": "grid.440517.3",
                        "name": "Universities of Giessen and Marburg Lung Center",
                        "city": "Giessen",
                        "city_id": 2920512,
                        "country": "Germany",
                        "country_code": "DE",
                        "state": null,
                        "state_code": null
                    }
                ]
            },
            {
                "first_name": "Stephan",
                "last_name": "Becker",
                "initials": "",
                "corresponding": "",
                "orcid": "",
                "current_organization_id": "grid.10253.35",
                "researcher_id": "ur.01071616472.52",
                "affiliations": [
                    {
                        "id": "grid.440517.3",
                        "name": "Universities of Giessen and Marburg Lung Center",
                        "city": "Giessen",
                        "city_id": 2920512,
                        "country": "Germany",
                        "country_code": "DE",
                        "state": null,
                        "state_code": null
                    },
                    {
                        "id": "grid.10253.35",
                        "name": "Philipp University of Marburg",
                        "city": "Marburg",
                        "city_id": 2873759,
                        "country": "Germany",
                        "country_code": "DE",
                        "state": null,
                        "state_code": null
                    }
                ]
            },
            {
                "first_name": "Carolin",
                "last_name": "von Lachner",
                "initials": "",
                "corresponding": "",
                "orcid": "",
                "current_organization_id": "grid.275559.9",
                "researcher_id": "ur.0676611605.95",
                "affiliations": [
                    {
                        "id": "grid.275559.9",
                        "name": "Jena University Hospital",
                        "city": "Jena",
                        "city_id": 2895044,
                        "country": "Germany",
                        "country_code": "DE",
                        "state": null,
                        "state_code": null
                    }
                ]
            },
            {
                "first_name": "Nelli",
                "last_name": "Baal",
                "initials": "",
                "corresponding": "",
                "orcid": "",
                "current_organization_id": "grid.8664.c",
                "researcher_id": "ur.01341264116.11",
                "affiliations": [
                    {
                        "name": "Institute for Clinical Immunology and Transfusion Medicine, Universities of Giessen and Marburg Lung Center (UGMLC), Member of the German Center for Lung Research (DZL), University Hospital Giessen und Marburg, Justus-Liebig-University Giessen, Giessen, Germany"
                    }
                ]
            },
            {
                "first_name": "Hortense",
                "last_name": "Slevogt",
                "initials": "",
                "corresponding": "",
                "orcid": "",
                "current_organization_id": "grid.275559.9",
                "researcher_id": "ur.0605277327.18",
                "affiliations": [
                    {
                        "id": "grid.275559.9",
                        "name": "Jena University Hospital",
                        "city": "Jena",
                        "city_id": 2895044,
                        "country": "Germany",
                        "country_code": "DE",
                        "state": null,
                        "state_code": null
                    }
                ]
            },
            {
                "first_name": "Andreas C.",
                "last_name": "Hocke",
                "initials": "",
                "corresponding": "",
                "orcid": "",
                "current_organization_id": "grid.6363.0",
                "researcher_id": "ur.0711455650.59",
                "affiliations": [
                    {
                        "id": "grid.6363.0",
                        "name": "Charit\u00e9",
                        "city": "Berlin",
                        "city_id": 2950159,
                        "country": "Germany",
                        "country_code": "DE",
                        "state": null,
                        "state_code": null
                    }
                ]
            },
            {
                "first_name": "Martin",
                "last_name": "Witzenrath",
                "initials": "",
                "corresponding": "",
                "orcid": "['0000-0002-9787-5633']",
                "current_organization_id": "grid.6363.0",
                "researcher_id": "ur.01020652713.81",
                "affiliations": [
                    {
                        "id": "grid.6363.0",
                        "name": "Charit\u00e9",
                        "city": "Berlin",
                        "city_id": 2950159,
                        "country": "Germany",
                        "country_code": "DE",
                        "state": null,
                        "state_code": null
                    }
                ]
            },
            {
                "first_name": "Bastian",
                "last_name": "Opitz",
                "initials": "",
                "corresponding": "",
                "orcid": "",
                "current_organization_id": "grid.6363.0",
                "researcher_id": "ur.0773764201.52",
                "affiliations": [
                    {
                        "id": "grid.6363.0",
                        "name": "Charit\u00e9",
                        "city": "Berlin",
                        "city_id": 2950159,
                        "country": "Germany",
                        "country_code": "DE",
                        "state": null,
                        "state_code": null
                    }
                ]
            },
            {
                "first_name": "Susanne",
                "last_name": "Herold",
                "initials": "",
                "corresponding": "",
                "orcid": "['0000-0001-6343-0911']",
                "current_organization_id": "grid.8664.c",
                "researcher_id": "ur.01136333324.03",
                "affiliations": [
                    {
                        "id": "grid.440517.3",
                        "name": "Universities of Giessen and Marburg Lung Center",
                        "city": "Giessen",
                        "city_id": 2920512,
                        "country": "Germany",
                        "country_code": "DE",
                        "state": null,
                        "state_code": null
                    }
                ]
            },
            {
                "first_name": "Holger",
                "last_name": "Hackstein",
                "initials": "",
                "corresponding": "",
                "orcid": "",
                "current_organization_id": "grid.411668.c",
                "researcher_id": "ur.01171546412.54",
                "affiliations": [
                    {
                        "name": "Institute for Clinical Immunology and Transfusion Medicine, Universities of Giessen and Marburg Lung Center (UGMLC), Member of the German Center for Lung Research (DZL), University Hospital Giessen und Marburg, Justus-Liebig-University Giessen, Giessen, Germany"
                    }
                ]
            },
            {
                "first_name": "Leif E.",
                "last_name": "Sander",
                "initials": "",
                "corresponding": "",
                "orcid": "['0000-0002-0476-9947']",
                "current_organization_id": "grid.452624.3",
                "researcher_id": "ur.0614514707.36",
                "affiliations": [
                    {
                        "id": "grid.6363.0",
                        "name": "Charit\u00e9",
                        "city": "Berlin",
                        "city_id": 2950159,
                        "country": "Germany",
                        "country_code": "DE",
                        "state": null,
                        "state_code": null
                    }
                ]
            },
            {
                "first_name": "Norbert",
                "last_name": "Suttorp",
                "initials": "",
                "corresponding": "",
                "orcid": "",
                "current_organization_id": "grid.6363.0",
                "researcher_id": "ur.0654166733.58",
                "affiliations": [
                    {
                        "id": "grid.6363.0",
                        "name": "Charit\u00e9",
                        "city": "Berlin",
                        "city_id": 2950159,
                        "country": "Germany",
                        "country_code": "DE",
                        "state": null,
                        "state_code": null
                    }
                ]
            },
            {
                "first_name": "Achim D.",
                "last_name": "Gruber",
                "initials": "",
                "corresponding": true,
                "orcid": "",
                "current_organization_id": "grid.14095.39",
                "researcher_id": "ur.01043374764.01",
                "affiliations": [
                    {
                        "id": "grid.14095.39",
                        "name": "Freie Universit\u00e4t Berlin",
                        "city": "Berlin",
                        "city_id": 2950159,
                        "country": "Germany",
                        "country_code": "DE",
                        "state": null,
                        "state_code": null
                    }
                ]
            }
        ]
    ],
    "type": "article"
}