{
    "research_org_country_names": [
        "United States"
    ],
    "title": "Highly Distinguished Amino Acid Sequences of 2019-nCoV (Wuhan Coronavirus)",
    "type": "preprint",
    "year": 2020,
    "journal": {
        "id": "jour.1293558",
        "title": "bioRxiv"
    },
    "researchers": [
        {
            "id": "ur.011751160011.05",
            "research_orgs": [
                "grid.116068.8",
                "grid.6292.f",
                "grid.446399.5",
                "grid.214572.7",
                "grid.417480.e"
            ],
            "first_name": "Jacob",
            "last_name": "Beal",
            "orcid_id": [
                "0000-0002-1663-5102"
            ]
        }
    ],
    "FOR": [
        {
            "id": "2620",
            "name": "0604 Genetics"
        }
    ],
    "research_org_countries": [
        {
            "id": "US",
            "name": "United States"
        }
    ],
    "date": "2020-02-02",
    "altmetric": 14.0,
    "research_org_state_names": [
        "Iowa",
        "Massachusetts"
    ],
    "id": "pub.1124560021",
    "research_org_state_codes": [
        {
            "id": "US-MA",
            "name": "Massachusetts"
        }
    ],
    "research_org_cities": [
        {
            "id": 4852640,
            "name": "Coralville"
        },
        {
            "id": 4954380,
            "name": "Waltham"
        }
    ],
    "open_access": [
        "Open Access - all",
        "Open Access - publisher",
        "Open Access - published"
    ],
    "author_affiliations": [
        [
            {
                "first_name": "Jacob",
                "last_name": "Beal",
                "initials": "",
                "corresponding": "",
                "orcid": "['0000-0002-1663-5102']",
                "current_organization_id": "grid.417480.e",
                "researcher_id": "ur.011751160011.05",
                "affiliations": [
                    {
                        "name": "Raytheon BBN Technologies"
                    }
                ]
            },
            {
                "first_name": "Thomas",
                "last_name": "Mitchell",
                "initials": "",
                "corresponding": "",
                "orcid": "",
                "current_organization_id": "",
                "researcher_id": "",
                "affiliations": [
                    {
                        "name": "Raytheon BBN Technologies"
                    }
                ]
            },
            {
                "first_name": "Daniel",
                "last_name": "Wyschogrod",
                "initials": "",
                "corresponding": "",
                "orcid": "",
                "current_organization_id": "",
                "researcher_id": "",
                "affiliations": [
                    {
                        "name": "Raytheon BBN Technologies"
                    }
                ]
            },
            {
                "first_name": "Jeff",
                "last_name": "Manthey",
                "initials": "",
                "corresponding": "",
                "orcid": "",
                "current_organization_id": "",
                "researcher_id": "",
                "affiliations": [
                    {
                        "name": "Integrated DNA Technologies"
                    }
                ]
            },
            {
                "first_name": "Adam",
                "last_name": "Clore",
                "initials": "",
                "corresponding": "",
                "orcid": "",
                "current_organization_id": "",
                "researcher_id": "",
                "affiliations": [
                    {
                        "name": "Integrated DNA Technologies"
                    }
                ]
            }
        ]
    ],
    "doi": "10.1101/2020.01.31.929497",
    "times_cited": 0,
    "references": [
        "pub.1030322020",
        "pub.1124289146",
        "pub.1124295864"
    ]
}