{
    "volume": "73",
    "date": "2019-09-08",
    "title": "Human Coronavirus: Host-Pathogen Interaction",
    "researchers": [
        {
            "id": "ur.0703733670.42",
            "last_name": "Fung",
            "first_name": "To Sing",
            "research_orgs": [
                "grid.59025.3b",
                "grid.437123.0",
                "grid.20561.30"
            ]
        },
        {
            "id": "ur.0657351135.24",
            "last_name": "Liu",
            "first_name": "Ding Xiang",
            "research_orgs": [
                "grid.410727.7",
                "grid.454892.6",
                "grid.418812.6",
                "grid.59025.3b",
                "grid.4280.e",
                "grid.20561.30"
            ]
        }
    ],
    "altmetric": 14.0,
    "pages": "1-29",
    "research_org_cities": [
        {
            "id": 1809858,
            "name": "Guangzhou"
        }
    ],
    "open_access": [
        "Open Access - all",
        "Open Access - publisher",
        "Open Access - published"
    ],
    "research_org_countries": [
        {
            "id": "CN",
            "name": "China"
        }
    ],
    "doi": "10.1146/annurev-micro-020518-115759",
    "FOR": [
        {
            "id": "3114",
            "name": "1108 Medical Microbiology"
        }
    ],
    "times_cited": 2,
    "research_orgs": [
        {
            "id": "grid.20561.30",
            "acronym": "SCAU",
            "types": [
                "Education"
            ],
            "longitude": 113.3512,
            "linkout": [
                "http://english.scau.edu.cn/scauen/index.asp"
            ],
            "latitude": 23.158379,
            "name": "South China Agricultural University",
            "city_name": "Guangzhou",
            "country_name": "China"
        }
    ],
    "pmid": "31226023",
    "research_org_country_names": [
        "China"
    ],
    "id": "pub.1117298105",
    "issue": "1",
    "journal": {
        "id": "jour.1017232",
        "title": "Annual Review of Microbiology"
    },
    "year": 2019,
    "references": [
        "pub.1024705689",
        "pub.1041322447",
        "pub.1050812456",
        "pub.1072290942",
        "pub.1106547603",
        "pub.1014899288",
        "pub.1003882740",
        "pub.1026613775",
        "pub.1018537634",
        "pub.1003412889",
        "pub.1025844546",
        "pub.1015283288",
        "pub.1007503127",
        "pub.1052367852",
        "pub.1009620758",
        "pub.1099865851",
        "pub.1062452643",
        "pub.1028515842",
        "pub.1000980791",
        "pub.1005358509",
        "pub.1036325610",
        "pub.1048778309",
        "pub.1004406791",
        "pub.1006901953",
        "pub.1017801518",
        "pub.1027055628",
        "pub.1039097045",
        "pub.1005798163",
        "pub.1059745184",
        "pub.1004443646",
        "pub.1025105736",
        "pub.1008890013",
        "pub.1028682747",
        "pub.1031474675",
        "pub.1019749705",
        "pub.1002866063",
        "pub.1083534054",
        "pub.1088808048",
        "pub.1008977174",
        "pub.1034178159",
        "pub.1025482251",
        "pub.1027822503",
        "pub.1101203699",
        "pub.1049931408",
        "pub.1006007405",
        "pub.1032531822",
        "pub.1016479513",
        "pub.1032711097",
        "pub.1010981516",
        "pub.1104139732",
        "pub.1053197003",
        "pub.1033669466",
        "pub.1005322778",
        "pub.1014739270",
        "pub.1014213233",
        "pub.1019244721",
        "pub.1028832369",
        "pub.1032366545",
        "pub.1026286516",
        "pub.1058670688",
        "pub.1072290253",
        "pub.1099654778",
        "pub.1012569007",
        "pub.1062713014",
        "pub.1045028737",
        "pub.1036382772",
        "pub.1009726745",
        "pub.1020335229",
        "pub.1082643832",
        "pub.1035341147",
        "pub.1002357412",
        "pub.1037460929",
        "pub.1002674054",
        "pub.1006577425",
        "pub.1016324860",
        "pub.1033856024",
        "pub.1012704012",
        "pub.1023395479",
        "pub.1033423301",
        "pub.1046112662",
        "pub.1009295156",
        "pub.1004779339",
        "pub.1060361577",
        "pub.1039973916",
        "pub.1012274945",
        "pub.1020538651",
        "pub.1049365765",
        "pub.1015883994",
        "pub.1034783363",
        "pub.1050509377",
        "pub.1023082279",
        "pub.1101237176",
        "pub.1020440792",
        "pub.1041309884",
        "pub.1060401774",
        "pub.1052006771",
        "pub.1110510319",
        "pub.1020520848",
        "pub.1104054733",
        "pub.1043688197",
        "pub.1048437130",
        "pub.1025608755",
        "pub.1025519629",
        "pub.1045751220",
        "pub.1076976781",
        "pub.1002271180",
        "pub.1002473037",
        "pub.1085370241",
        "pub.1003183145",
        "pub.1031383519",
        "pub.1018798806",
        "pub.1017308394",
        "pub.1020759434",
        "pub.1011813433",
        "pub.1084437781",
        "pub.1002682380",
        "pub.1007735906",
        "pub.1012325221",
        "pub.1029303853",
        "pub.1002500157",
        "pub.1031053265",
        "pub.1092226977",
        "pub.1050805422",
        "pub.1016412958",
        "pub.1018240114",
        "pub.1051132434",
        "pub.1014309442",
        "pub.1046036500",
        "pub.1009568996",
        "pub.1062553187",
        "pub.1019105164",
        "pub.1091322107",
        "pub.1020240012",
        "pub.1033912353",
        "pub.1027026800",
        "pub.1050638364",
        "pub.1025357968",
        "pub.1093088828",
        "pub.1025544801",
        "pub.1047119915",
        "pub.1010946683",
        "pub.1050246144",
        "pub.1029795844",
        "pub.1024906761",
        "pub.1006597370",
        "pub.1072289666",
        "pub.1010404284",
        "pub.1103998349",
        "pub.1040486997",
        "pub.1047764243",
        "pub.1017837695",
        "pub.1014152568"
    ],
    "author_affiliations": [
        [
            {
                "first_name": "To Sing",
                "last_name": "Fung",
                "initials": "",
                "corresponding": "",
                "orcid": "",
                "current_organization_id": "grid.20561.30",
                "researcher_id": "ur.0703733670.42",
                "affiliations": [
                    {
                        "id": "grid.20561.30",
                        "name": "South China Agricultural University",
                        "city": "Guangzhou",
                        "city_id": 1809858,
                        "country": "China",
                        "country_code": "CN",
                        "state": null,
                        "state_code": null
                    }
                ]
            },
            {
                "first_name": "Ding Xiang",
                "last_name": "Liu",
                "initials": "",
                "corresponding": "",
                "orcid": "",
                "current_organization_id": "grid.20561.30",
                "researcher_id": "ur.0657351135.24",
                "affiliations": [
                    {
                        "id": "grid.20561.30",
                        "name": "South China Agricultural University",
                        "city": "Guangzhou",
                        "city_id": 1809858,
                        "country": "China",
                        "country_code": "CN",
                        "state": null,
                        "state_code": null
                    }
                ]
            }
        ]
    ],
    "type": "article"
}