{
    "research_orgs": [
        {
            "id": "grid.66875.3a",
            "linkout": [
                "http://www.mayoclinic.org/patient-visitor-guide/minnesota"
            ],
            "city_name": "Rochester",
            "longitude": -92.46631,
            "state_name": "Minnesota",
            "latitude": 44.02407,
            "name": "Mayo Clinic",
            "types": [
                "Healthcare"
            ],
            "country_name": "United States"
        }
    ],
    "research_org_country_names": [
        "United States"
    ],
    "pmid": "32122636",
    "title": "Guide to Understanding the 2019 Novel Coronavirus",
    "type": "article",
    "year": 2020,
    "journal": {
        "id": "jour.1018807",
        "title": "Mayo Clinic Proceedings"
    },
    "researchers": [
        {
            "id": "ur.015701666517.41",
            "research_orgs": [
                "grid.429398.d",
                "grid.10822.39",
                "grid.66875.3a",
                "grid.430538.9",
                "grid.410445.0"
            ],
            "first_name": "Rahul",
            "last_name": "Kashyap",
            "orcid_id": [
                "0000-0002-4383-3411"
            ]
        },
        {
            "id": "ur.0613176013.96",
            "research_orgs": [
                "grid.416738.f",
                "grid.66875.3a"
            ],
            "first_name": "Pritish K",
            "last_name": "Tosh",
            "orcid_id": [
                "0000-0002-7518-3329"
            ]
        },
        {
            "id": "ur.0675364354.29",
            "research_orgs": [
                "grid.66875.3a"
            ],
            "first_name": "Priya",
            "last_name": "Sampathkumar"
        },
        {
            "id": "ur.01127343627.37",
            "research_orgs": [
                "grid.412647.2",
                "grid.14003.36",
                "grid.66875.3a",
                "grid.415692.d"
            ],
            "first_name": "John Charles",
            "last_name": "O'Horo",
            "orcid_id": [
                "0000-0002-0880-4498"
            ]
        }
    ],
    "research_org_countries": [
        {
            "id": "US",
            "name": "United States"
        }
    ],
    "date": "2020-02-01",
    "altmetric": 122.0,
    "research_org_state_names": [
        "Minnesota"
    ],
    "id": "pub.1125126600",
    "research_org_state_codes": [
        {
            "id": "US-MN",
            "name": "Minnesota"
        }
    ],
    "research_org_cities": [
        {
            "id": 5043473,
            "name": "Rochester"
        }
    ],
    "author_affiliations": [
        [
            {
                "first_name": "Aditya",
                "last_name": "Shah",
                "initials": "",
                "corresponding": true,
                "orcid": "",
                "current_organization_id": "",
                "researcher_id": "",
                "affiliations": [
                    {
                        "id": "grid.66875.3a",
                        "name": "Mayo Clinic",
                        "city": "Rochester",
                        "city_id": 5043473,
                        "country": "United States",
                        "country_code": "US",
                        "state": "Minnesota",
                        "state_code": "US-MN"
                    }
                ]
            },
            {
                "first_name": "Rahul",
                "last_name": "Kashyap",
                "initials": "",
                "corresponding": "",
                "orcid": "['0000-0002-4383-3411']",
                "current_organization_id": "grid.66875.3a",
                "researcher_id": "ur.015701666517.41",
                "affiliations": [
                    {
                        "id": "grid.66875.3a",
                        "name": "Mayo Clinic",
                        "city": "Rochester",
                        "city_id": 5043473,
                        "country": "United States",
                        "country_code": "US",
                        "state": "Minnesota",
                        "state_code": "US-MN"
                    }
                ]
            },
            {
                "first_name": "Pritish",
                "last_name": "Tosh",
                "initials": "",
                "corresponding": "",
                "orcid": "['0000-0002-7518-3329']",
                "current_organization_id": "grid.66875.3a",
                "researcher_id": "ur.0613176013.96",
                "affiliations": [
                    {
                        "id": "grid.66875.3a",
                        "name": "Mayo Clinic",
                        "city": "Rochester",
                        "city_id": 5043473,
                        "country": "United States",
                        "country_code": "US",
                        "state": "Minnesota",
                        "state_code": "US-MN"
                    }
                ]
            },
            {
                "first_name": "Priya",
                "last_name": "Sampathkumar",
                "initials": "",
                "corresponding": "",
                "orcid": "",
                "current_organization_id": "grid.66875.3a",
                "researcher_id": "ur.0675364354.29",
                "affiliations": [
                    {
                        "id": "grid.66875.3a",
                        "name": "Mayo Clinic",
                        "city": "Rochester",
                        "city_id": 5043473,
                        "country": "United States",
                        "country_code": "US",
                        "state": "Minnesota",
                        "state_code": "US-MN"
                    }
                ]
            },
            {
                "first_name": "John C.",
                "last_name": "O\u2019Horo",
                "initials": "",
                "corresponding": "",
                "orcid": "['0000-0002-0880-4498']",
                "current_organization_id": "grid.66875.3a",
                "researcher_id": "ur.01127343627.37",
                "affiliations": [
                    {
                        "id": "grid.66875.3a",
                        "name": "Mayo Clinic",
                        "city": "Rochester",
                        "city_id": 5043473,
                        "country": "United States",
                        "country_code": "US",
                        "state": "Minnesota",
                        "state_code": "US-MN"
                    },
                    {
                        "id": "grid.66875.3a",
                        "name": "Mayo Clinic",
                        "city": "Rochester",
                        "city_id": 5043473,
                        "country": "United States",
                        "country_code": "US",
                        "state": "Minnesota",
                        "state_code": "US-MN"
                    }
                ]
            }
        ]
    ],
    "doi": "10.1016/j.mayocp.2020.02.003",
    "times_cited": 0,
    "references": [
        "pub.1004830884",
        "pub.1083734298",
        "pub.1036342386",
        "pub.1043958679",
        "pub.1101376496",
        "pub.1037734341",
        "pub.1124289146",
        "pub.1044164514",
        "pub.1043875870",
        "pub.1124290823",
        "pub.1124434742",
        "pub.1030306274",
        "pub.1124654147"
    ]
}