{
    "date": "2020-02-01",
    "title": "First Atypical case of 2019 novel coronavirus in Yan'an, China",
    "researchers": [
        {
            "id": "ur.010656575114.51",
            "last_name": "Hao",
            "first_name": "Wendong",
            "research_orgs": [
                "grid.440747.4",
                "grid.452438.c"
            ]
        },
        {
            "id": "ur.01254374142.96",
            "last_name": "Li",
            "first_name": "Manxiang",
            "research_orgs": [
                "grid.411024.2",
                "grid.267169.d",
                "grid.452672.0",
                "grid.43169.39",
                "grid.21107.35",
                "grid.452438.c"
            ]
        }
    ],
    "altmetric": 25.0,
    "research_org_cities": [
        {
            "id": 1928421,
            "name": "Shanxi"
        },
        {
            "id": 1790630,
            "name": "Xi\u2019an"
        }
    ],
    "open_access": [
        "Open Access - all",
        "Open Access - publisher",
        "Open Access - published"
    ],
    "research_org_countries": [
        {
            "id": "CN",
            "name": "China"
        }
    ],
    "doi": "10.1016/j.cmi.2020.02.011",
    "times_cited": 0,
    "research_orgs": [
        {
            "id": "grid.440747.4",
            "types": [
                "Education"
            ],
            "longitude": 109.46259,
            "linkout": [
                "http://www.yau.edu.cn/"
            ],
            "latitude": 36.61919,
            "name": "Yan'an University",
            "city_name": "Shanxi",
            "country_name": "China"
        },
        {
            "id": "grid.452438.c",
            "types": [
                "Healthcare"
            ],
            "longitude": 108.938705,
            "linkout": [
                "http://www.dyyy.xjtu.edu.cn/"
            ],
            "latitude": 34.219994,
            "name": "First Affiliated Hospital of Xi'an Jiaotong University",
            "city_name": "Xi'an",
            "country_name": "China"
        }
    ],
    "pmid": "32087323",
    "research_org_country_names": [
        "China"
    ],
    "id": "pub.1125023193",
    "journal": {
        "id": "jour.1114775",
        "title": "Clinical Microbiology and Infection"
    },
    "year": 2020,
    "references": [
        "pub.1124290823",
        "pub.1124408081",
        "pub.1124289146"
    ],
    "author_affiliations": [
        [
            {
                "first_name": "Wendong",
                "last_name": "Hao",
                "initials": "",
                "corresponding": true,
                "orcid": "",
                "current_organization_id": "grid.452438.c",
                "researcher_id": "ur.010656575114.51",
                "affiliations": [
                    {
                        "id": "grid.440747.4",
                        "name": "Yan'an University",
                        "city": "Shanxi",
                        "city_id": 1928421,
                        "country": "China",
                        "country_code": "CN",
                        "state": null,
                        "state_code": null
                    },
                    {
                        "id": "grid.452438.c",
                        "name": "First Affiliated Hospital of Xi'an Jiaotong University",
                        "city": "Xi'an",
                        "city_id": 1790630,
                        "country": "China",
                        "country_code": "CN",
                        "state": null,
                        "state_code": null
                    }
                ]
            },
            {
                "first_name": "Manxiang",
                "last_name": "Li",
                "initials": "",
                "corresponding": "",
                "orcid": "",
                "current_organization_id": "grid.452438.c",
                "researcher_id": "ur.01254374142.96",
                "affiliations": [
                    {
                        "id": "grid.452438.c",
                        "name": "First Affiliated Hospital of Xi'an Jiaotong University",
                        "city": "Xi'an",
                        "city_id": 1790630,
                        "country": "China",
                        "country_code": "CN",
                        "state": null,
                        "state_code": null
                    }
                ]
            },
            {
                "first_name": "Xiaoqi",
                "last_name": "Huang",
                "initials": "",
                "corresponding": "",
                "orcid": "",
                "current_organization_id": "",
                "researcher_id": "",
                "affiliations": [
                    {
                        "id": "grid.440747.4",
                        "name": "Yan'an University",
                        "city": "Shanxi",
                        "city_id": 1928421,
                        "country": "China",
                        "country_code": "CN",
                        "state": null,
                        "state_code": null
                    }
                ]
            }
        ]
    ],
    "type": "article"
}