{
    "volume": "204",
    "date": "2015-01-01",
    "title": "Reply to \"Chest CT findings in MERS\".",
    "researchers": [
        {
            "id": "ur.01336056245.25",
            "last_name": "Ajlan",
            "first_name": "Amr Mohammad",
            "research_orgs": [
                "grid.412126.2",
                "grid.412125.1",
                "grid.17091.3e",
                "grid.416099.3",
                "grid.14709.3b"
            ]
        }
    ],
    "pages": "w112",
    "research_org_cities": [
        {
            "id": 105343,
            "name": "Jeddah"
        }
    ],
    "research_org_countries": [
        {
            "id": "SA",
            "name": "Saudi Arabia"
        }
    ],
    "doi": "10.2214/ajr.14.13367",
    "times_cited": 0,
    "research_orgs": [
        {
            "id": "grid.412125.1",
            "acronym": "KAU",
            "types": [
                "Education"
            ],
            "longitude": 39.25028,
            "linkout": [
                "http://www.kau.edu.sa/home_english.aspx"
            ],
            "latitude": 21.493889,
            "name": "King Abdulaziz University",
            "city_name": "Jeddah",
            "country_name": "Saudi Arabia"
        }
    ],
    "pmid": "25539266",
    "research_org_country_names": [
        "Saudi Arabia"
    ],
    "id": "pub.1069303946",
    "issue": "1",
    "journal": {
        "id": "jour.1018528",
        "title": "American Journal of Roentgenology"
    },
    "year": 2015,
    "references": [
        "pub.1069300551",
        "pub.1069303835",
        "pub.1027701571",
        "pub.1069303922"
    ],
    "author_affiliations": [
        [
            {
                "first_name": "Amr M",
                "last_name": "Ajlan",
                "initials": "",
                "corresponding": "",
                "orcid": "",
                "current_organization_id": "grid.412125.1",
                "researcher_id": "ur.01336056245.25",
                "affiliations": [
                    {
                        "id": "grid.412125.1",
                        "name": "King Abdulaziz University",
                        "city": "Jeddah",
                        "city_id": 105343,
                        "country": "Saudi Arabia",
                        "country_code": "SA",
                        "state": null,
                        "state_code": null
                    }
                ]
            }
        ]
    ],
    "type": "article"
}