{
    "research_org_country_names": [
        "Spain"
    ],
    "pmid": "32093921",
    "title": "Un mundo, una salud: la epidemia por el nuevo coronavirus COVID-19",
    "type": "article",
    "year": 2020,
    "journal": {
        "id": "jour.1017857",
        "title": "Medicina Cl\u00ednica"
    },
    "research_org_countries": [
        {
            "id": "ES",
            "name": "Spain"
        }
    ],
    "date": "2020-03-01",
    "altmetric": 2.0,
    "pages": "175-177",
    "id": "pub.1125035162",
    "volume": "154",
    "issue": "5",
    "research_org_cities": [
        {
            "id": 3128760,
            "name": "Barcelona"
        }
    ],
    "open_access": [
        "Open Access - all",
        "Open Access - publisher",
        "Open Access - published"
    ],
    "author_affiliations": [
        [
            {
                "first_name": "Antoni",
                "last_name": "Trilla",
                "initials": "",
                "corresponding": "",
                "orcid": "",
                "current_organization_id": "",
                "researcher_id": "",
                "affiliations": [
                    {
                        "name": "Hospital Cl\u00ednic de Barcelona, Universidad de Barcelona, ISGlobal, Barcelona, Espa\u00f1a"
                    }
                ]
            }
        ]
    ],
    "doi": "10.1016/j.medcli.2020.02.002",
    "times_cited": 0,
    "references": [
        "pub.1124460938",
        "pub.1124240906",
        "pub.1124445587",
        "pub.1124573471",
        "pub.1124348681",
        "pub.1124292221",
        "pub.1124434742",
        "pub.1124289146",
        "pub.1124428749",
        "pub.1124427336",
        "pub.1124408081",
        "pub.1124289383"
    ]
}