{
    "pmid": "31025076",
    "author_affiliations": [
        [
            {
                "first_name": "Xin",
                "last_name": "Huang",
                "initials": "",
                "corresponding": "",
                "orcid": "",
                "current_organization_id": "grid.454892.6",
                "researcher_id": "ur.07616724427.33",
                "affiliations": [
                    {
                        "id": "grid.413251.0",
                        "name": "Xinjiang Agricultural University",
                        "city": "\u00dcr\u00fcmqi",
                        "city_id": 1529102,
                        "country": "China",
                        "country_code": "CN",
                        "state": null,
                        "state_code": null
                    },
                    {
                        "id": "grid.454892.6",
                        "name": "Lanzhou Institute of Veterinary Research",
                        "city": "Lanzhou",
                        "city_id": 1804430,
                        "country": "China",
                        "country_code": "CN",
                        "state": null,
                        "state_code": null
                    }
                ]
            },
            {
                "first_name": "Jianing",
                "last_name": "Chen",
                "initials": "",
                "corresponding": "",
                "orcid": "",
                "current_organization_id": "grid.454892.6",
                "researcher_id": "ur.010246662113.62",
                "affiliations": [
                    {
                        "id": "grid.454892.6",
                        "name": "Lanzhou Institute of Veterinary Research",
                        "city": "Lanzhou",
                        "city_id": 1804430,
                        "country": "China",
                        "country_code": "CN",
                        "state": null,
                        "state_code": null
                    }
                ]
            },
            {
                "first_name": "Gang",
                "last_name": "Yao",
                "initials": "",
                "corresponding": "",
                "orcid": "",
                "current_organization_id": "grid.413251.0",
                "researcher_id": "ur.01324240747.11",
                "affiliations": [
                    {
                        "id": "grid.413251.0",
                        "name": "Xinjiang Agricultural University",
                        "city": "\u00dcr\u00fcmqi",
                        "city_id": 1529102,
                        "country": "China",
                        "country_code": "CN",
                        "state": null,
                        "state_code": null
                    }
                ]
            },
            {
                "first_name": "Qingyong",
                "last_name": "Guo",
                "initials": "",
                "corresponding": "",
                "orcid": "",
                "current_organization_id": "grid.413251.0",
                "researcher_id": "ur.01043676505.85",
                "affiliations": [
                    {
                        "id": "grid.413251.0",
                        "name": "Xinjiang Agricultural University",
                        "city": "\u00dcr\u00fcmqi",
                        "city_id": 1529102,
                        "country": "China",
                        "country_code": "CN",
                        "state": null,
                        "state_code": null
                    }
                ]
            },
            {
                "first_name": "Jinquan",
                "last_name": "Wang",
                "initials": "",
                "corresponding": true,
                "orcid": "",
                "current_organization_id": "grid.413251.0",
                "researcher_id": "ur.016664565644.09",
                "affiliations": [
                    {
                        "id": "grid.413251.0",
                        "name": "Xinjiang Agricultural University",
                        "city": "\u00dcr\u00fcmqi",
                        "city_id": 1529102,
                        "country": "China",
                        "country_code": "CN",
                        "state": null,
                        "state_code": null
                    }
                ]
            },
            {
                "first_name": "Guangliang",
                "last_name": "Liu",
                "initials": "",
                "corresponding": true,
                "orcid": "",
                "current_organization_id": "grid.454892.6",
                "researcher_id": "ur.01302322117.48",
                "affiliations": [
                    {
                        "id": "grid.413251.0",
                        "name": "Xinjiang Agricultural University",
                        "city": "\u00dcr\u00fcmqi",
                        "city_id": 1529102,
                        "country": "China",
                        "country_code": "CN",
                        "state": null,
                        "state_code": null
                    },
                    {
                        "id": "grid.454892.6",
                        "name": "Lanzhou Institute of Veterinary Research",
                        "city": "Lanzhou",
                        "city_id": 1804430,
                        "country": "China",
                        "country_code": "CN",
                        "state": null,
                        "state_code": null
                    }
                ]
            }
        ]
    ],
    "FOR": [
        {
            "id": "2995",
            "name": "1004 Medical Biotechnology"
        }
    ],
    "research_org_countries": [
        {
            "id": "CN",
            "name": "China"
        }
    ],
    "title": "A TaqMan-probe-based multiplex real-time RT-qPCR for simultaneous detection of porcine enteric coronaviruses",
    "research_org_cities": [
        {
            "id": 1804430,
            "name": "Lanzhou"
        },
        {
            "id": 1529102,
            "name": "\u00dcr\u00fcmqi"
        }
    ],
    "pages": "4943-4952",
    "issue": "12",
    "open_access": [
        "Open Access - all",
        "Open Access - publisher",
        "Open Access - published"
    ],
    "doi": "10.1007/s00253-019-09835-7",
    "times_cited": 1,
    "journal": {
        "id": "jour.1083533",
        "title": "Applied Microbiology and Biotechnology"
    },
    "funders": [
        {
            "id": "grid.424020.0",
            "name": "Ministry of Science and Technology of the People's Republic of China",
            "linkout": [
                "http://www.most.gov.cn/eng/"
            ],
            "country_name": "China",
            "types": [
                "Government"
            ],
            "latitude": 39.827835,
            "acronym": "MOST",
            "city_name": "Beijing",
            "longitude": 116.316284
        },
        {
            "id": "grid.419696.5",
            "name": "National Natural Science Foundation of China",
            "linkout": [
                "http://www.nsfc.gov.cn/publish/portal1/"
            ],
            "country_name": "China",
            "types": [
                "Government"
            ],
            "latitude": 40.005177,
            "acronym": "NSFC",
            "city_name": "Beijing",
            "longitude": 116.33983
        }
    ],
    "year": 2019,
    "research_orgs": [
        {
            "id": "grid.454892.6",
            "name": "Lanzhou Institute of Veterinary Research",
            "linkout": [
                "http://www.caas.cn/en/administration/research_institutes/research_institutes_out_beijing/gansu_lanzhou/77942.shtml"
            ],
            "country_name": "China",
            "types": [
                "Facility"
            ],
            "latitude": 36.20891,
            "acronym": "LVRI",
            "city_name": "Lanzhou",
            "longitude": 103.710205
        },
        {
            "id": "grid.413251.0",
            "name": "Xinjiang Agricultural University",
            "linkout": [
                "http://www.xjau.edu.cn/"
            ],
            "country_name": "China",
            "types": [
                "Education"
            ],
            "latitude": 43.813774,
            "city_name": "\u00dcr\u00fcmqi",
            "longitude": 87.573265
        }
    ],
    "id": "pub.1113704240",
    "references": [
        "pub.1030285817",
        "pub.1020896539",
        "pub.1092132956",
        "pub.1052079206",
        "pub.1062727364",
        "pub.1092550100",
        "pub.1105856317",
        "pub.1100900027",
        "pub.1044235529",
        "pub.1031797557",
        "pub.1042167109",
        "pub.1006900221",
        "pub.1051109598",
        "pub.1091973436",
        "pub.1090397099",
        "pub.1026613775",
        "pub.1018627743",
        "pub.1039745675",
        "pub.1091393037",
        "pub.1020302163",
        "pub.1007264947",
        "pub.1112775814",
        "pub.1025332222",
        "pub.1101862109",
        "pub.1040683156"
    ],
    "research_org_country_names": [
        "China"
    ],
    "date": "2019-06-01",
    "researchers": [
        {
            "id": "ur.07616724427.33",
            "research_orgs": [
                "grid.413251.0",
                "grid.454892.6"
            ],
            "last_name": "Huang",
            "first_name": "Xin"
        },
        {
            "id": "ur.010246662113.62",
            "research_orgs": [
                "grid.454892.6"
            ],
            "last_name": "Chen",
            "first_name": "Jianing"
        },
        {
            "id": "ur.01324240747.11",
            "research_orgs": [
                "grid.413251.0"
            ],
            "last_name": "Yao",
            "first_name": "Gang"
        },
        {
            "id": "ur.01043676505.85",
            "research_orgs": [
                "grid.413251.0"
            ],
            "last_name": "Guo",
            "first_name": "Qingyong"
        },
        {
            "id": "ur.016664565644.09",
            "research_orgs": [
                "grid.413251.0"
            ],
            "last_name": "Wang",
            "first_name": "Jinquan"
        },
        {
            "id": "ur.01302322117.48",
            "research_orgs": [
                "grid.413251.0",
                "grid.454892.6",
                "grid.410727.7",
                "grid.38587.31"
            ],
            "last_name": "Liu",
            "first_name": "Guangliang"
        }
    ],
    "type": "article",
    "volume": "103"
}