{
    "volume": "177",
    "date": "2019-05-01",
    "title": "\u201cBreathing\u201d Hemagglutinin Reveals Cryptic Epitopes for Universal Influenza Vaccine Design",
    "researchers": [
        {
            "id": "ur.012236447251.16",
            "last_name": "Wu",
            "first_name": "Yan",
            "research_orgs": [
                "grid.9227.e",
                "grid.419093.6",
                "grid.458488.d",
                "grid.419092.7",
                "grid.410726.6",
                "grid.410741.7"
            ]
        },
        {
            "id": "ur.01072733407.19",
            "last_name": "Gao",
            "first_name": "George Fu",
            "research_orgs": [
                "grid.8348.7",
                "grid.270683.8",
                "grid.4991.5",
                "grid.433871.a",
                "grid.410726.6",
                "grid.13402.34",
                "grid.268099.c",
                "grid.38142.3c",
                "grid.452858.6",
                "grid.21613.37",
                "grid.49470.3e",
                "grid.24696.3f",
                "grid.9227.e",
                "grid.458488.d",
                "grid.458513.e",
                "grid.194645.b",
                "grid.59053.3a",
                "grid.410638.8",
                "grid.22935.3f",
                "grid.419092.7",
                "grid.198530.6",
                "grid.252245.6",
                "grid.412545.3",
                "grid.256609.e",
                "grid.2515.3",
                "grid.418856.6",
                "grid.108266.b",
                "grid.12527.33",
                "grid.410741.7",
                "grid.8682.4",
                "grid.21155.32"
            ]
        }
    ],
    "altmetric": 3.0,
    "pages": "1086-1088",
    "research_org_cities": [
        {
            "id": 1816670,
            "name": "Beijing"
        }
    ],
    "research_org_countries": [
        {
            "id": "CN",
            "name": "China"
        }
    ],
    "doi": "10.1016/j.cell.2019.04.034",
    "FOR": [
        {
            "id": "3103",
            "name": "1107 Immunology"
        }
    ],
    "times_cited": 0,
    "research_orgs": [
        {
            "id": "grid.9227.e",
            "acronym": "CAS",
            "state_name": "Beijing",
            "types": [
                "Government"
            ],
            "longitude": 116.250656,
            "linkout": [
                "http://english.cas.cn/"
            ],
            "latitude": 39.908115,
            "name": "Chinese Academy of Sciences",
            "city_name": "Beijing",
            "country_name": "China"
        },
        {
            "id": "grid.458488.d",
            "acronym": "IMCAS",
            "types": [
                "Facility"
            ],
            "longitude": 116.38335,
            "linkout": [
                "http://english.im.cas.cn/"
            ],
            "latitude": 40.004414,
            "name": "Institute of Microbiology",
            "city_name": "Beijing",
            "country_name": "China"
        }
    ],
    "pmid": "31100263",
    "funders": [
        {
            "id": "grid.9227.e",
            "acronym": "CAS",
            "state_name": "Beijing",
            "types": [
                "Government"
            ],
            "longitude": 116.250656,
            "linkout": [
                "http://english.cas.cn/"
            ],
            "latitude": 39.908115,
            "name": "Chinese Academy of Sciences",
            "city_name": "Beijing",
            "country_name": "China"
        },
        {
            "id": "grid.453197.d",
            "acronym": "YIPA",
            "types": [
                "Other"
            ],
            "longitude": 116.409775,
            "linkout": [
                "http://www.yicas.cn/"
            ],
            "latitude": 39.91538,
            "name": "Youth Innovation Promotion Association",
            "city_name": "Beijing",
            "country_name": "China"
        }
    ],
    "research_org_country_names": [
        "China"
    ],
    "id": "pub.1114419436",
    "issue": "5",
    "journal": {
        "id": "jour.1019114",
        "title": "Cell"
    },
    "year": 2019,
    "references": [
        "pub.1099997483",
        "pub.1084767975",
        "pub.1114404764",
        "pub.1105198408",
        "pub.1100090941",
        "pub.1042002401",
        "pub.1100671501",
        "pub.1114416528",
        "pub.1114385930",
        "pub.1013430685"
    ],
    "author_affiliations": [
        [
            {
                "first_name": "Yan",
                "last_name": "Wu",
                "initials": "",
                "corresponding": "",
                "orcid": "",
                "current_organization_id": "grid.9227.e",
                "researcher_id": "ur.012236447251.16",
                "affiliations": [
                    {
                        "id": "grid.9227.e",
                        "name": "Chinese Academy of Sciences",
                        "city": "Beijing",
                        "city_id": 1816670,
                        "country": "China",
                        "country_code": "CN",
                        "state": null,
                        "state_code": null
                    }
                ]
            },
            {
                "first_name": "George F.",
                "last_name": "Gao",
                "initials": "",
                "corresponding": true,
                "orcid": "",
                "current_organization_id": "grid.458488.d",
                "researcher_id": "ur.01072733407.19",
                "affiliations": [
                    {
                        "id": "grid.9227.e",
                        "name": "Chinese Academy of Sciences",
                        "city": "Beijing",
                        "city_id": 1816670,
                        "country": "China",
                        "country_code": "CN",
                        "state": null,
                        "state_code": null
                    },
                    {
                        "id": "grid.458488.d",
                        "name": "Institute of Microbiology",
                        "city": "Beijing",
                        "city_id": 1816670,
                        "country": "China",
                        "country_code": "CN",
                        "state": null,
                        "state_code": null
                    }
                ]
            }
        ]
    ],
    "type": "article"
}