{
    "volume": "92",
    "date": "2017-12-20",
    "title": "Identification of Residues Controlling Restriction versus Enhancing Activities of IFITM Proteins on Entry of Human Coronaviruses",
    "researchers": [
        {
            "id": "ur.01031640103.15",
            "last_name": "Zhao",
            "first_name": "Xuesen",
            "orcid_id": [
                "0000-0003-1286-5733"
            ],
            "research_orgs": [
                "grid.24696.3f",
                "grid.429056.c",
                "grid.166341.7"
            ]
        },
        {
            "id": "ur.01261513631.97",
            "last_name": "Sehgal",
            "first_name": "Mohit",
            "orcid_id": [
                "0000-0001-5544-3675"
            ],
            "research_orgs": [
                "grid.429056.c",
                "grid.166341.7",
                "grid.251075.4"
            ]
        },
        {
            "id": "ur.013075006464.88",
            "last_name": "Hou",
            "first_name": "Zhifei",
            "research_orgs": [
                "grid.24696.3f"
            ]
        },
        {
            "id": "ur.010512015765.88",
            "last_name": "Cheng",
            "first_name": "Junjun",
            "research_orgs": [
                "grid.429056.c"
            ]
        },
        {
            "id": "ur.01263513317.59",
            "last_name": "Shu",
            "first_name": "Sai-Nan",
            "research_orgs": [
                "grid.429056.c"
            ]
        },
        {
            "id": "ur.07714435365.29",
            "last_name": "Wu",
            "first_name": "Shuo",
            "research_orgs": [
                "grid.429056.c",
                "grid.12527.33"
            ]
        },
        {
            "id": "ur.01060376614.58",
            "last_name": "Guo",
            "first_name": "Fang",
            "research_orgs": [
                "grid.410318.f",
                "grid.429056.c",
                "grid.166341.7",
                "grid.11135.37"
            ]
        },
        {
            "id": "ur.01151546550.23",
            "last_name": "Le Marchand",
            "first_name": "Sylvain J",
            "orcid_id": [
                "0000-0003-1831-9725"
            ],
            "research_orgs": [
                "grid.166341.7",
                "grid.33489.35",
                "grid.152326.1",
                "grid.265008.9"
            ]
        },
        {
            "id": "ur.015552064447.68",
            "last_name": "Lin",
            "first_name": "Hanxin",
            "orcid_id": [
                "0000-0002-1829-222X"
            ],
            "research_orgs": [
                "grid.39381.30",
                "grid.25073.33",
                "grid.412745.1"
            ]
        },
        {
            "id": "ur.0715411503.23",
            "last_name": "Chang",
            "first_name": "Jinhong",
            "research_orgs": [
                "grid.429056.c",
                "grid.166341.7",
                "grid.411634.5",
                "grid.412530.1"
            ]
        },
        {
            "id": "ur.015130025124.75",
            "last_name": "Guo",
            "first_name": "Ju-Tao",
            "research_orgs": [
                "grid.166341.7",
                "grid.420690.9",
                "grid.429056.c",
                "grid.412530.1"
            ]
        }
    ],
    "pmcid": "PMC5827390",
    "research_org_state_codes": [
        {
            "id": "CA-ON",
            "name": "Ontario"
        },
        {
            "id": "US-PA",
            "name": "Pennsylvania"
        }
    ],
    "altmetric": 3.0,
    "pages": "e01535-17",
    "research_org_cities": [
        {
            "id": 6058560,
            "name": "London"
        },
        {
            "id": 1791247,
            "name": "Wuhan"
        },
        {
            "id": 5187247,
            "name": "Doylestown"
        },
        {
            "id": 4560349,
            "name": "Philadelphia"
        },
        {
            "id": 1816670,
            "name": "Beijing"
        }
    ],
    "open_access": [
        "Open Access - all",
        "Open Access - publisher",
        "Open Access - published"
    ],
    "research_org_countries": [
        {
            "id": "CN",
            "name": "China"
        },
        {
            "id": "CA",
            "name": "Canada"
        },
        {
            "id": "US",
            "name": "United States"
        }
    ],
    "doi": "10.1128/jvi.01535-17",
    "FOR": [
        {
            "id": "2581",
            "name": "0601 Biochemistry and Cell Biology"
        },
        {
            "id": "3114",
            "name": "1108 Medical Microbiology"
        }
    ],
    "times_cited": 14,
    "research_orgs": [
        {
            "id": "grid.39381.30",
            "acronym": "UWO",
            "state_name": "Ontario",
            "types": [
                "Education"
            ],
            "longitude": -81.27376,
            "linkout": [
                "http://www.uwo.ca/"
            ],
            "latitude": 43.00984,
            "name": "Western University",
            "city_name": "London",
            "country_name": "Canada"
        },
        {
            "id": "grid.166341.7",
            "state_name": "Pennsylvania",
            "types": [
                "Education"
            ],
            "longitude": -75.18996,
            "linkout": [
                "http://www.drexel.edu/"
            ],
            "latitude": 39.95686,
            "name": "Drexel University",
            "city_name": "Philadelphia",
            "country_name": "United States"
        },
        {
            "id": "grid.24696.3f",
            "acronym": "CUMS",
            "types": [
                "Education"
            ],
            "longitude": 116.35284,
            "linkout": [
                "http://www.ccmu.edu.cn/"
            ],
            "latitude": 39.865433,
            "name": "Capital Medical University",
            "city_name": "Beijing",
            "country_name": "China"
        }
    ],
    "pmid": "29263263",
    "funders": [
        {
            "id": "grid.419681.3",
            "acronym": "NIAID",
            "state_name": "Maryland",
            "types": [
                "Facility"
            ],
            "longitude": -77.11183,
            "linkout": [
                "http://www.niaid.nih.gov/Pages/default.aspx"
            ],
            "latitude": 39.066647,
            "name": "National Institute of Allergy and Infectious Diseases",
            "city_name": "Bethesda",
            "country_name": "United States"
        },
        {
            "id": "grid.419696.5",
            "acronym": "NSFC",
            "types": [
                "Government"
            ],
            "longitude": 116.33983,
            "linkout": [
                "http://www.nsfc.gov.cn/publish/portal1/"
            ],
            "latitude": 40.005177,
            "name": "National Natural Science Foundation of China",
            "city_name": "Beijing",
            "country_name": "China"
        }
    ],
    "research_org_country_names": [
        "United States",
        "China",
        "Canada"
    ],
    "id": "pub.1099865851",
    "issue": "6",
    "journal": {
        "id": "jour.1008072",
        "title": "Journal of Virology"
    },
    "year": 2017,
    "references": [
        "pub.1062712530",
        "pub.1008439547",
        "pub.1026726448",
        "pub.1017567325",
        "pub.1023022948",
        "pub.1017519589",
        "pub.1084153261",
        "pub.1043875870",
        "pub.1001122983",
        "pub.1084170788",
        "pub.1012569007",
        "pub.1004290889",
        "pub.1043407799",
        "pub.1033144549",
        "pub.1029339720",
        "pub.1031954554",
        "pub.1035489481",
        "pub.1000409028",
        "pub.1008859141",
        "pub.1033727638",
        "pub.1026356121",
        "pub.1039234230",
        "pub.1030227363",
        "pub.1084222046",
        "pub.1003850530",
        "pub.1033465403",
        "pub.1062712817",
        "pub.1030714265",
        "pub.1033648844",
        "pub.1051735695",
        "pub.1034355542",
        "pub.1028216045",
        "pub.1035790716",
        "pub.1082375689",
        "pub.1024694857",
        "pub.1038404776",
        "pub.1053197003",
        "pub.1003266511",
        "pub.1019048545",
        "pub.1086130831",
        "pub.1051641046",
        "pub.1047119915",
        "pub.1018537634",
        "pub.1051848102",
        "pub.1034698084",
        "pub.1010672629",
        "pub.1021527163",
        "pub.1029134295",
        "pub.1006651612",
        "pub.1018384161",
        "pub.1040468747",
        "pub.1021479920",
        "pub.1016900374",
        "pub.1039016622",
        "pub.1039946939",
        "pub.1033785541",
        "pub.1052334530",
        "pub.1062712549",
        "pub.1008305242",
        "pub.1031194819",
        "pub.1000203263",
        "pub.1017308394",
        "pub.1012143815",
        "pub.1007531878",
        "pub.1028491379",
        "pub.1026359171",
        "pub.1046756604"
    ],
    "relative_citation_ratio": 1.94,
    "research_org_state_names": [
        "Ontario",
        "Pennsylvania"
    ],
    "author_affiliations": [
        [
            {
                "first_name": "Xuesen",
                "last_name": "Zhao",
                "initials": "",
                "corresponding": "",
                "orcid": "['0000-0003-1286-5733']",
                "current_organization_id": "grid.24696.3f",
                "researcher_id": "ur.01031640103.15",
                "affiliations": [
                    {
                        "id": "grid.24696.3f",
                        "name": "Capital Medical University",
                        "city": "Beijing",
                        "city_id": 1816670,
                        "country": "China",
                        "country_code": "CN",
                        "state": null,
                        "state_code": null
                    },
                    {
                        "name": "Baruch S. Blumberg Institute, Hepatitis B Foundation, Doylestown, Pennsylvania, USA"
                    }
                ]
            },
            {
                "first_name": "Mohit",
                "last_name": "Sehgal",
                "initials": "",
                "corresponding": "",
                "orcid": "['0000-0001-5544-3675']",
                "current_organization_id": "grid.251075.4",
                "researcher_id": "ur.01261513631.97",
                "affiliations": [
                    {
                        "name": "Baruch S. Blumberg Institute, Hepatitis B Foundation, Doylestown, Pennsylvania, USA"
                    }
                ]
            },
            {
                "first_name": "Zhifei",
                "last_name": "Hou",
                "initials": "",
                "corresponding": "",
                "orcid": "",
                "current_organization_id": "grid.24696.3f",
                "researcher_id": "ur.013075006464.88",
                "affiliations": [
                    {
                        "id": "grid.24696.3f",
                        "name": "Capital Medical University",
                        "city": "Beijing",
                        "city_id": 1816670,
                        "country": "China",
                        "country_code": "CN",
                        "state": null,
                        "state_code": null
                    }
                ]
            },
            {
                "first_name": "Junjun",
                "last_name": "Cheng",
                "initials": "",
                "corresponding": "",
                "orcid": "",
                "current_organization_id": "grid.429056.c",
                "researcher_id": "ur.010512015765.88",
                "affiliations": [
                    {
                        "name": "Baruch S. Blumberg Institute, Hepatitis B Foundation, Doylestown, Pennsylvania, USA"
                    }
                ]
            },
            {
                "first_name": "Sainan",
                "last_name": "Shu",
                "initials": "",
                "corresponding": "",
                "orcid": "",
                "current_organization_id": "grid.429056.c",
                "researcher_id": "ur.01263513317.59",
                "affiliations": [
                    {
                        "name": "Baruch S. Blumberg Institute, Hepatitis B Foundation, Doylestown, Pennsylvania, USA"
                    },
                    {
                        "name": "Department of Pediatrics, Tongji Hospital, Tongji Medical College, Huazhong University of Science and Technology, Wuhan, China"
                    }
                ]
            },
            {
                "first_name": "Shuo",
                "last_name": "Wu",
                "initials": "",
                "corresponding": "",
                "orcid": "",
                "current_organization_id": "grid.429056.c",
                "researcher_id": "ur.07714435365.29",
                "affiliations": [
                    {
                        "name": "Baruch S. Blumberg Institute, Hepatitis B Foundation, Doylestown, Pennsylvania, USA"
                    }
                ]
            },
            {
                "first_name": "Fang",
                "last_name": "Guo",
                "initials": "",
                "corresponding": "",
                "orcid": "",
                "current_organization_id": "grid.429056.c",
                "researcher_id": "ur.01060376614.58",
                "affiliations": [
                    {
                        "name": "Baruch S. Blumberg Institute, Hepatitis B Foundation, Doylestown, Pennsylvania, USA"
                    }
                ]
            },
            {
                "first_name": "Sylvain J.",
                "last_name": "Le Marchand",
                "initials": "",
                "corresponding": "",
                "orcid": "['0000-0003-1831-9725']",
                "current_organization_id": "grid.33489.35",
                "researcher_id": "ur.01151546550.23",
                "affiliations": [
                    {
                        "id": "grid.166341.7",
                        "name": "Drexel University",
                        "city": "Philadelphia",
                        "city_id": 4560349,
                        "country": "United States",
                        "country_code": "US",
                        "state": "Pennsylvania",
                        "state_code": "US-PA"
                    }
                ]
            },
            {
                "first_name": "Hanxin",
                "last_name": "Lin",
                "initials": "",
                "corresponding": "",
                "orcid": "['0000-0002-1829-222X']",
                "current_organization_id": "grid.39381.30",
                "researcher_id": "ur.015552064447.68",
                "affiliations": [
                    {
                        "id": "grid.39381.30",
                        "name": "Western University",
                        "city": "London",
                        "city_id": 6058560,
                        "country": "Canada",
                        "country_code": "CA",
                        "state": "Ontario",
                        "state_code": "CA-ON"
                    }
                ]
            },
            {
                "first_name": "Jinhong",
                "last_name": "Chang",
                "initials": "",
                "corresponding": "",
                "orcid": "",
                "current_organization_id": "grid.429056.c",
                "researcher_id": "ur.0715411503.23",
                "affiliations": [
                    {
                        "name": "Baruch S. Blumberg Institute, Hepatitis B Foundation, Doylestown, Pennsylvania, USA"
                    }
                ]
            },
            {
                "first_name": "Ju-Tao",
                "last_name": "Guo",
                "initials": "",
                "corresponding": "",
                "orcid": "",
                "current_organization_id": "grid.429056.c",
                "researcher_id": "ur.015130025124.75",
                "affiliations": [
                    {
                        "name": "Baruch S. Blumberg Institute, Hepatitis B Foundation, Doylestown, Pennsylvania, USA"
                    }
                ]
            }
        ]
    ],
    "type": "article"
}