{
    "author_affiliations": [
        [
            {
                "first_name": "CHAO",
                "last_name": "WU",
                "initials": "",
                "corresponding": "",
                "orcid": "",
                "current_organization_id": "",
                "researcher_id": "",
                "affiliations": [
                    {
                        "id": "grid.13402.34",
                        "name": "Zhejiang University",
                        "city": "Hangzhou",
                        "city_id": 1808926,
                        "country": "China",
                        "country_code": "CN",
                        "state": null,
                        "state_code": null
                    }
                ]
            },
            {
                "first_name": "Shufa",
                "last_name": "Zheng",
                "initials": "",
                "corresponding": "",
                "orcid": "",
                "current_organization_id": "",
                "researcher_id": "",
                "affiliations": [
                    {
                        "name": "Zhe Jiang University"
                    }
                ]
            },
            {
                "first_name": "Yu",
                "last_name": "Chen",
                "initials": "",
                "corresponding": "",
                "orcid": "",
                "current_organization_id": "",
                "researcher_id": "",
                "affiliations": [
                    {
                        "name": "Zhe Jiang University"
                    }
                ]
            },
            {
                "first_name": "Min",
                "last_name": "Zheng",
                "initials": "",
                "corresponding": "",
                "orcid": "",
                "current_organization_id": "",
                "researcher_id": "",
                "affiliations": [
                    {
                        "name": "Zhe Jiang University"
                    }
                ]
            }
        ]
    ],
    "altmetric": 12.0,
    "FOR": [
        {
            "id": "3114",
            "name": "1108 Medical Microbiology"
        }
    ],
    "research_org_countries": [
        {
            "id": "CN",
            "name": "China"
        }
    ],
    "title": "Single-cell RNA expression profiling of ACE2, the putative receptor of Wuhan 2019-nCoV, in the nasal tissue",
    "research_org_cities": [
        {
            "id": 1808926,
            "name": "Hangzhou"
        }
    ],
    "pages": "2020.02.11.20022228",
    "open_access": [
        "Open Access - all",
        "Open Access - publisher",
        "Open Access - published"
    ],
    "doi": "10.1101/2020.02.11.20022228",
    "times_cited": 0,
    "journal": {
        "id": "jour.1369542",
        "title": "medRxiv"
    },
    "research_orgs": [
        {
            "id": "grid.13402.34",
            "name": "Zhejiang University",
            "linkout": [
                "http://www.zju.edu.cn/english/"
            ],
            "country_name": "China",
            "types": [
                "Education"
            ],
            "latitude": 30.263878,
            "acronym": "ZJU",
            "state_name": "Zhejiang",
            "city_name": "Hangzhou",
            "longitude": 120.12342
        }
    ],
    "year": 2020,
    "references": [
        "pub.1124291867"
    ],
    "id": "pub.1124849069",
    "research_org_country_names": [
        "China"
    ],
    "date": "2020-02-13",
    "type": "article"
}