{
    "volume": "4",
    "date": "2015-12-01",
    "title": "Feasibility, safety, clinical, and laboratory effects of convalescent plasma therapy for patients with Middle East respiratory syndrome coronavirus infection: a study protocol",
    "researchers": [
        {
            "id": "ur.01233210151.86",
            "last_name": "Arabi",
            "first_name": "Yaseen M",
            "orcid_id": [
                "0000-0001-5735-6241"
            ],
            "research_orgs": [
                "grid.4991.5",
                "grid.1002.3",
                "grid.418716.d",
                "grid.55602.34",
                "grid.415254.3",
                "grid.254444.7",
                "grid.25073.33",
                "grid.416641.0",
                "grid.21613.37",
                "grid.267309.9",
                "grid.21107.35",
                "grid.415508.d",
                "grid.412149.b",
                "grid.412687.e",
                "grid.17063.33",
                "grid.452607.2",
                "grid.28046.38",
                "grid.415252.5",
                "grid.14003.36",
                "grid.410678.c",
                "grid.63984.30",
                "grid.415310.2",
                "grid.23856.3a",
                "grid.265892.2",
                "grid.22072.35",
                "grid.17089.37"
            ]
        },
        {
            "id": "ur.01273605302.35",
            "last_name": "Balkhy",
            "first_name": "Hanan H",
            "research_orgs": [
                "grid.412149.b",
                "grid.3575.4",
                "grid.415254.3",
                "grid.56302.32",
                "grid.452607.2",
                "grid.416641.0"
            ]
        },
        {
            "id": "ur.01204162277.50",
            "last_name": "Hajeer",
            "first_name": "Ali H",
            "orcid_id": [
                "0000-0003-2727-9964"
            ],
            "research_orgs": [
                "grid.3575.4",
                "grid.411335.1",
                "grid.410706.4",
                "grid.452607.2",
                "grid.5379.8",
                "grid.416641.0",
                "grid.412149.b",
                "grid.17063.33",
                "grid.4991.5",
                "grid.56302.32",
                "grid.443984.6",
                "grid.27755.32",
                "grid.415254.3",
                "grid.415913.b"
            ]
        },
        {
            "id": "ur.0601747142.87",
            "last_name": "Bouchama",
            "first_name": "Abderrezak Md",
            "research_orgs": [
                "grid.3575.4",
                "grid.411335.1",
                "grid.411119.d",
                "grid.452607.2",
                "grid.4991.5",
                "grid.416641.0",
                "grid.412149.b",
                "grid.17063.33",
                "grid.27755.32",
                "grid.415254.3",
                "grid.50550.35",
                "grid.415913.b",
                "grid.415310.2"
            ]
        },
        {
            "id": "ur.0600664545.76",
            "last_name": "Hayden",
            "first_name": "Frederick G",
            "research_orgs": [
                "grid.418158.1",
                "grid.10223.32",
                "grid.414601.6",
                "grid.412587.d",
                "grid.10784.3a",
                "grid.412597.c",
                "grid.7372.1",
                "grid.40263.33",
                "grid.265892.2",
                "grid.17089.37",
                "grid.262962.b",
                "grid.3575.4",
                "grid.412149.b",
                "grid.239395.7",
                "grid.411935.b",
                "grid.451388.3",
                "grid.415913.b",
                "grid.411335.1",
                "grid.265436.0",
                "grid.17063.33",
                "grid.176731.5",
                "grid.52788.30",
                "grid.4367.6",
                "grid.241116.1",
                "grid.4991.5",
                "grid.27755.32",
                "grid.418356.d",
                "grid.412750.5"
            ]
        },
        {
            "id": "ur.0621623060.52",
            "last_name": "Al-Omari",
            "first_name": "Awad",
            "research_orgs": [
                "grid.3575.4",
                "grid.411335.1",
                "grid.4991.5",
                "grid.412149.b",
                "grid.17063.33",
                "grid.27755.32",
                "grid.28046.38",
                "grid.415462.0",
                "grid.415913.b"
            ]
        },
        {
            "id": "ur.01123347244.39",
            "last_name": "Al-Hameed",
            "first_name": "Fahad M",
            "orcid_id": [
                "0000-0003-0231-871X"
            ],
            "research_orgs": [
                "grid.3575.4",
                "grid.411335.1",
                "grid.452607.2",
                "grid.4991.5",
                "grid.412149.b",
                "grid.17063.33",
                "grid.27755.32",
                "grid.415254.3",
                "grid.21613.37",
                "grid.415913.b",
                "grid.63984.30"
            ]
        },
        {
            "id": "ur.01203457037.91",
            "last_name": "Taha",
            "first_name": "Yusri",
            "research_orgs": [
                "grid.415913.b",
                "grid.3575.4",
                "grid.411335.1",
                "grid.156122.3",
                "grid.271308.f",
                "grid.415598.4",
                "grid.412149.b",
                "grid.17063.33",
                "grid.4991.5",
                "grid.240404.6",
                "grid.415252.5",
                "grid.420004.2",
                "grid.419334.8",
                "grid.9918.9",
                "grid.27755.32",
                "grid.415254.3",
                "grid.415050.5",
                "grid.4563.4"
            ]
        },
        {
            "id": "ur.01342414531.83",
            "last_name": "Shindo",
            "first_name": "Nahoko",
            "research_orgs": [
                "grid.27755.32",
                "grid.17063.33",
                "grid.415913.b",
                "grid.4991.5",
                "grid.411335.1",
                "grid.412149.b",
                "grid.3575.4"
            ]
        },
        {
            "id": "ur.01150567725.52",
            "last_name": "Whitehead",
            "first_name": "John R",
            "research_orgs": [
                "grid.9835.7",
                "grid.9435.b",
                "grid.4991.5"
            ]
        },
        {
            "id": "ur.01042635516.05",
            "last_name": "Merson",
            "first_name": "Laura",
            "orcid_id": [
                "0000-0002-4168-1960"
            ],
            "research_orgs": [
                "grid.11586.3b",
                "grid.412433.3",
                "grid.416693.f",
                "grid.39382.33",
                "grid.417184.f",
                "grid.5253.1",
                "grid.231844.8",
                "grid.48004.38",
                "grid.10223.32",
                "grid.499581.8",
                "grid.414273.7",
                "grid.4991.5"
            ]
        },
        {
            "id": "ur.01105266140.36",
            "last_name": "Aljohani",
            "first_name": "Sameera Mohammed",
            "research_orgs": [
                "grid.415254.3",
                "grid.452607.2",
                "grid.416641.0",
                "grid.412149.b"
            ]
        },
        {
            "id": "ur.0710527737.92",
            "last_name": "Al-Khairy",
            "first_name": "Khalid",
            "research_orgs": [
                "grid.3575.4",
                "grid.411335.1",
                "grid.4991.5",
                "grid.412149.b",
                "grid.17063.33",
                "grid.27755.32",
                "grid.415913.b"
            ]
        },
        {
            "id": "ur.0760723203.02",
            "last_name": "Carson",
            "first_name": "Gail",
            "orcid_id": [
                "0000-0001-8439-9933"
            ],
            "research_orgs": [
                "grid.412149.b",
                "grid.17063.33",
                "grid.411335.1",
                "grid.414601.6",
                "grid.415913.b",
                "grid.40263.33",
                "grid.4367.6",
                "grid.27755.32",
                "grid.3575.4",
                "grid.4991.5"
            ]
        },
        {
            "id": "ur.01231143555.23",
            "last_name": "Luke",
            "first_name": "Thomas C",
            "research_orgs": [
                "grid.3575.4",
                "grid.411335.1",
                "grid.4991.5",
                "grid.201075.1",
                "grid.412149.b",
                "grid.17063.33",
                "grid.265436.0",
                "grid.27755.32",
                "grid.415913.b",
                "grid.414467.4"
            ]
        },
        {
            "id": "ur.0767476771.05",
            "last_name": "Hensley",
            "first_name": "Lisa E",
            "research_orgs": [
                "grid.475010.7",
                "grid.470909.3",
                "grid.417587.8",
                "grid.94365.3d",
                "grid.282501.c",
                "grid.420089.7",
                "grid.48336.3a",
                "grid.490708.2",
                "grid.415368.d",
                "grid.176731.5",
                "grid.19006.3e",
                "grid.419681.3",
                "grid.10698.36",
                "grid.416738.f",
                "grid.416900.a",
                "grid.250889.e",
                "grid.9783.5"
            ]
        },
        {
            "id": "ur.01130721624.09",
            "last_name": "Al-Dawood",
            "first_name": "Abdulaziz S",
            "research_orgs": [
                "grid.17063.33",
                "grid.3575.4",
                "grid.4991.5",
                "grid.412149.b",
                "grid.452607.2",
                "grid.416641.0",
                "grid.415913.b",
                "grid.27755.32",
                "grid.415254.3",
                "grid.411335.1"
            ]
        },
        {
            "id": "ur.01223627410.73",
            "last_name": "Al-Qahtani",
            "first_name": "Saad Misfer",
            "research_orgs": [
                "grid.3575.4",
                "grid.411335.1",
                "grid.452607.2",
                "grid.4991.5",
                "grid.412149.b",
                "grid.17063.33",
                "grid.440757.5",
                "grid.4714.6",
                "grid.27755.32",
                "grid.415254.3",
                "grid.415913.b"
            ]
        },
        {
            "id": "ur.0765602677.62",
            "last_name": "Modjarrad",
            "first_name": "Kayvon",
            "research_orgs": [
                "grid.152326.1",
                "grid.265892.2",
                "grid.3575.4",
                "grid.201075.1",
                "grid.419681.3",
                "grid.420210.5"
            ]
        },
        {
            "id": "ur.0774510051.70",
            "last_name": "Sadat",
            "first_name": "Musharaf",
            "research_orgs": [
                "grid.3575.4",
                "grid.411335.1",
                "grid.452607.2",
                "grid.4991.5",
                "grid.412149.b",
                "grid.17063.33",
                "grid.14003.36",
                "grid.27755.32",
                "grid.415254.3",
                "grid.415913.b",
                "grid.63984.30"
            ]
        },
        {
            "id": "ur.01053063160.74",
            "last_name": "Rohde",
            "first_name": "Gernot G U",
            "orcid_id": [
                "0000-0002-5193-7755"
            ],
            "research_orgs": [
                "grid.4488.0",
                "grid.7445.2",
                "grid.5570.7",
                "grid.412966.e",
                "grid.410567.1",
                "grid.411414.5",
                "grid.10423.34",
                "grid.4562.5",
                "grid.5012.6",
                "grid.412471.5",
                "grid.462501.4",
                "grid.424882.0",
                "grid.411088.4",
                "grid.7839.5",
                "grid.452624.3"
            ]
        },
        {
            "id": "ur.01213772510.09",
            "last_name": "Leport",
            "first_name": "Catherine",
            "research_orgs": [
                "grid.411439.a",
                "grid.10992.33",
                "grid.411119.d",
                "grid.457381.c",
                "grid.414093.b",
                "grid.277151.7",
                "grid.8591.5",
                "grid.7452.4",
                "grid.414318.b",
                "grid.413858.3",
                "grid.50550.35",
                "grid.411784.f",
                "grid.462844.8",
                "grid.7429.8",
                "grid.489909.5",
                "grid.410527.5",
                "grid.413770.6"
            ]
        },
        {
            "id": "ur.0724431446.32",
            "last_name": "Fowler",
            "first_name": "Robert Allston",
            "research_orgs": [
                "grid.423370.1",
                "grid.21613.37",
                "grid.27755.32",
                "grid.22072.35",
                "grid.410305.3",
                "grid.416166.2",
                "grid.415502.7",
                "grid.25073.33",
                "grid.410356.5",
                "grid.17091.3e",
                "grid.437929.2",
                "grid.416745.5",
                "grid.62560.37",
                "grid.4991.5",
                "grid.418647.8",
                "grid.413104.3",
                "grid.17063.33",
                "grid.411335.1",
                "grid.21729.3f",
                "grid.3575.4",
                "grid.412687.e",
                "grid.415913.b",
                "grid.28046.38",
                "grid.2515.3",
                "grid.412149.b"
            ]
        }
    ],
    "pmcid": "PMC4653124",
    "research_org_state_codes": [
        {
            "id": "US-VA",
            "name": "Virginia"
        },
        {
            "id": "CA-ON",
            "name": "Ontario"
        },
        {
            "id": "US-MD",
            "name": "Maryland"
        }
    ],
    "altmetric": 16.0,
    "pages": "709",
    "research_org_cities": [
        {
            "id": 4355585,
            "name": "Frederick"
        },
        {
            "id": 1566083,
            "name": "Ho Chi Minh City"
        },
        {
            "id": 2660646,
            "name": "Gen\u00e8ve"
        },
        {
            "id": 6167865,
            "name": "Toronto"
        },
        {
            "id": 2644972,
            "name": "Lancaster"
        },
        {
            "id": 2751283,
            "name": "Maastricht"
        },
        {
            "id": 4348599,
            "name": "Bethesda"
        },
        {
            "id": 2640729,
            "name": "Oxford"
        },
        {
            "id": 108410,
            "name": "Riyadh"
        },
        {
            "id": 2988507,
            "name": "Paris"
        },
        {
            "id": 4369596,
            "name": "Silver Spring"
        },
        {
            "id": 4752031,
            "name": "Charlottesville"
        }
    ],
    "open_access": [
        "Open Access - all",
        "Open Access - publisher",
        "Open Access - published"
    ],
    "research_org_countries": [
        {
            "id": "US",
            "name": "United States"
        },
        {
            "id": "GB",
            "name": "United Kingdom"
        },
        {
            "id": "CA",
            "name": "Canada"
        },
        {
            "id": "VN",
            "name": "Vietnam"
        },
        {
            "id": "SA",
            "name": "Saudi Arabia"
        },
        {
            "id": "CH",
            "name": "Switzerland"
        },
        {
            "id": "FR",
            "name": "France"
        },
        {
            "id": "NL",
            "name": "Netherlands"
        }
    ],
    "doi": "10.1186/s40064-015-1490-9",
    "FOR": [
        {
            "id": "3053",
            "name": "1103 Clinical Sciences"
        }
    ],
    "times_cited": 28,
    "research_orgs": [
        {
            "id": "grid.412433.3",
            "acronym": "OUCRU",
            "types": [
                "Facility"
            ],
            "longitude": 106.67836,
            "linkout": [
                "http://www.oucru.org/"
            ],
            "latitude": 10.752516,
            "name": "Oxford University Clinical Research Unit",
            "city_name": "Ho Chi Minh City",
            "country_name": "Vietnam"
        },
        {
            "id": "grid.7452.4",
            "types": [
                "Education"
            ],
            "longitude": 2.380495,
            "linkout": [
                "http://www.univ-paris-diderot.fr/sc/site.php?bc=accueil&np=accueil"
            ],
            "latitude": 48.82992,
            "name": "Paris Diderot University",
            "city_name": "Paris",
            "country_name": "France"
        },
        {
            "id": "grid.3575.4",
            "acronym": "WHO",
            "types": [
                "Government"
            ],
            "longitude": 6.146601,
            "linkout": [
                "http://www.who.int/"
            ],
            "latitude": 46.201756,
            "name": "World Health Organization",
            "city_name": "Geneva",
            "country_name": "Switzerland"
        },
        {
            "id": "grid.412966.e",
            "acronym": "MUMC",
            "types": [
                "Healthcare"
            ],
            "longitude": 5.714329,
            "linkout": [
                "http://www.mumc.nl/en"
            ],
            "latitude": 50.835262,
            "name": "Maastricht University Medical Centre",
            "city_name": "Maastricht",
            "country_name": "Netherlands"
        },
        {
            "id": "grid.4991.5",
            "state_name": "Oxfordshire",
            "types": [
                "Education"
            ],
            "longitude": -1.2540097,
            "linkout": [
                "http://www.ox.ac.uk/"
            ],
            "latitude": 51.753437,
            "name": "University of Oxford",
            "city_name": "Oxford",
            "country_name": "United Kingdom"
        },
        {
            "id": "grid.9835.7",
            "state_name": "Lancashire",
            "types": [
                "Education"
            ],
            "longitude": -2.790304,
            "linkout": [
                "http://www.lancaster.ac.uk/"
            ],
            "latitude": 54.010746,
            "name": "Lancaster University",
            "city_name": "Lancaster",
            "country_name": "United Kingdom"
        },
        {
            "id": "grid.415254.3",
            "types": [
                "Healthcare"
            ],
            "longitude": 46.860348,
            "linkout": [
                "http://ngha.med.sa/English/Pages/default.aspx"
            ],
            "latitude": 24.752504,
            "name": "King Abdulaziz Medical City",
            "city_name": "Riyadh",
            "country_name": "Saudi Arabia"
        },
        {
            "id": "grid.413104.3",
            "acronym": "SHSC ",
            "state_name": "Ontario",
            "types": [
                "Healthcare"
            ],
            "longitude": -79.375885,
            "linkout": [
                "http://sunnybrook.ca/"
            ],
            "latitude": 43.72144,
            "name": "Sunnybrook Health Science Centre",
            "city_name": "Toronto",
            "country_name": "Canada"
        },
        {
            "id": "grid.17063.33",
            "state_name": "Ontario",
            "types": [
                "Education"
            ],
            "longitude": -79.395,
            "linkout": [
                "http://www.utoronto.ca/"
            ],
            "latitude": 43.661667,
            "name": "University of Toronto",
            "city_name": "Toronto",
            "country_name": "Canada"
        },
        {
            "id": "grid.420210.5",
            "acronym": "USAMRMC",
            "state_name": "Maryland",
            "types": [
                "Facility"
            ],
            "longitude": -77.423134,
            "linkout": [
                "http://mrmc.amedd.army.mil/"
            ],
            "latitude": 39.438282,
            "name": "United States Army Medical Research and Materiel Command",
            "city_name": "Frederick",
            "country_name": "United States"
        },
        {
            "id": "grid.415913.b",
            "acronym": "NMRC",
            "state_name": "Maryland",
            "types": [
                "Facility"
            ],
            "longitude": -77.05318,
            "linkout": [
                "http://www.nmrc.navy.mil/"
            ],
            "latitude": 39.00565,
            "name": "Naval Medical Research Center",
            "city_name": "Silver Spring",
            "country_name": "United States"
        },
        {
            "id": "grid.419681.3",
            "acronym": "NIAID",
            "state_name": "Maryland",
            "types": [
                "Facility"
            ],
            "longitude": -77.11183,
            "linkout": [
                "http://www.niaid.nih.gov/Pages/default.aspx"
            ],
            "latitude": 39.066647,
            "name": "National Institute of Allergy and Infectious Diseases",
            "city_name": "Bethesda",
            "country_name": "United States"
        },
        {
            "id": "grid.27755.32",
            "acronym": "UVA",
            "state_name": "Virginia",
            "types": [
                "Education"
            ],
            "longitude": -78.505,
            "linkout": [
                "http://www.virginia.edu/"
            ],
            "latitude": 38.035,
            "name": "University of Virginia",
            "city_name": "Charlottesville",
            "country_name": "United States"
        }
    ],
    "pmid": "26618098",
    "funders": [
        {
            "id": "grid.52788.30",
            "acronym": "WT",
            "types": [
                "Nonprofit"
            ],
            "longitude": -0.135005,
            "linkout": [
                "http://www.wellcome.ac.uk/"
            ],
            "latitude": 51.525867,
            "name": "Wellcome Trust",
            "city_name": "London",
            "country_name": "United Kingdom"
        },
        {
            "id": "grid.3575.4",
            "acronym": "WHO",
            "types": [
                "Government"
            ],
            "longitude": 6.146601,
            "linkout": [
                "http://www.who.int/"
            ],
            "latitude": 46.201756,
            "name": "World Health Organization",
            "city_name": "Geneva",
            "country_name": "Switzerland"
        }
    ],
    "research_org_country_names": [
        "Netherlands",
        "France",
        "Canada",
        "Saudi Arabia",
        "United Kingdom",
        "United States",
        "Vietnam",
        "Switzerland"
    ],
    "id": "pub.1029540033",
    "issue": "1",
    "journal": {
        "id": "jour.1047790",
        "title": "SpringerPlus"
    },
    "year": 2015,
    "references": [
        "pub.1039199327",
        "pub.1003102313",
        "pub.1073708991",
        "pub.1043875870",
        "pub.1077333257",
        "pub.1020073505",
        "pub.1045162616",
        "pub.1059415719",
        "pub.1030864342",
        "pub.1008364524",
        "pub.1049394195"
    ],
    "relative_citation_ratio": 1.53,
    "research_org_state_names": [
        "Ontario",
        "Maryland",
        "Virginia"
    ],
    "author_affiliations": [
        [
            {
                "first_name": "Yaseen",
                "last_name": "Arabi",
                "initials": "",
                "corresponding": true,
                "orcid": "['0000-0001-5735-6241']",
                "current_organization_id": "grid.412149.b",
                "researcher_id": "ur.01233210151.86",
                "affiliations": [
                    {
                        "name": "Intensive Care Department, Respiratory Services, College of Medicine, King Abdullah International Medical Research Center, King Saud bin Abdulaziz University for Health Sciences, King Abdulaziz Medical City, P.O. Box 22490, 11426, Riyadh, Saudi Arabia"
                    }
                ]
            },
            {
                "first_name": "Hanan",
                "last_name": "Balkhy",
                "initials": "",
                "corresponding": "",
                "orcid": "",
                "current_organization_id": "grid.412149.b",
                "researcher_id": "ur.01273605302.35",
                "affiliations": [
                    {
                        "name": "Infection Control Department, King Abdullah International Medical Research Center, King Saud bin Abdulaziz University for Health Sciences, King Abdulaziz Medical City, Riyadh, Saudi Arabia"
                    }
                ]
            },
            {
                "first_name": "Ali H.",
                "last_name": "Hajeer",
                "initials": "",
                "corresponding": "",
                "orcid": "['0000-0003-2727-9964']",
                "current_organization_id": "grid.412149.b",
                "researcher_id": "ur.01204162277.50",
                "affiliations": [
                    {
                        "name": "Pathology and Laboratory Department, King Saud bin Abdulaziz University for Health Sciences, King Abdulaziz Medical City, Riyadh, Saudi Arabia"
                    }
                ]
            },
            {
                "first_name": "Abderrezak",
                "last_name": "Bouchama",
                "initials": "",
                "corresponding": "",
                "orcid": "",
                "current_organization_id": "grid.412149.b",
                "researcher_id": "ur.0601747142.87",
                "affiliations": [
                    {
                        "name": "Intensive Care Department, Respiratory Services, College of Medicine, King Abdullah International Medical Research Center, King Saud bin Abdulaziz University for Health Sciences, King Abdulaziz Medical City, P.O. Box 22490, 11426, Riyadh, Saudi Arabia"
                    }
                ]
            },
            {
                "first_name": "Frederick G.",
                "last_name": "Hayden",
                "initials": "",
                "corresponding": "",
                "orcid": "",
                "current_organization_id": "grid.27755.32",
                "researcher_id": "ur.0600664545.76",
                "affiliations": [
                    {
                        "id": "grid.27755.32",
                        "name": "University of Virginia",
                        "city": "Charlottesville",
                        "city_id": 4752031,
                        "country": "United States",
                        "country_code": "US",
                        "state": "Virginia",
                        "state_code": "US-VA"
                    }
                ]
            },
            {
                "first_name": "Awad",
                "last_name": "Al-Omari",
                "initials": "",
                "corresponding": "",
                "orcid": "",
                "current_organization_id": "grid.411335.1",
                "researcher_id": "ur.0621623060.52",
                "affiliations": [
                    {
                        "name": "Critical Care and Infection Control Department, Security Forces Hospital, AlFaisal University, Riyadh, Saudi Arabia"
                    }
                ]
            },
            {
                "first_name": "Fahad M.",
                "last_name": "Al-Hameed",
                "initials": "",
                "corresponding": "",
                "orcid": "['0000-0003-0231-871X']",
                "current_organization_id": "grid.452607.2",
                "researcher_id": "ur.01123347244.39",
                "affiliations": [
                    {
                        "id": "grid.415254.3",
                        "name": "King Abdulaziz Medical City",
                        "city": "Riyadh",
                        "city_id": 108410,
                        "country": "Saudi Arabia",
                        "country_code": "SA",
                        "state": null,
                        "state_code": null
                    }
                ]
            },
            {
                "first_name": "Yusri",
                "last_name": "Taha",
                "initials": "",
                "corresponding": "",
                "orcid": "",
                "current_organization_id": "grid.420004.2",
                "researcher_id": "ur.01203457037.91",
                "affiliations": [
                    {
                        "id": "grid.415254.3",
                        "name": "King Abdulaziz Medical City",
                        "city": "Riyadh",
                        "city_id": 108410,
                        "country": "Saudi Arabia",
                        "country_code": "SA",
                        "state": null,
                        "state_code": null
                    }
                ]
            },
            {
                "first_name": "Nahoko",
                "last_name": "Shindo",
                "initials": "",
                "corresponding": "",
                "orcid": "",
                "current_organization_id": "grid.3575.4",
                "researcher_id": "ur.01342414531.83",
                "affiliations": [
                    {
                        "id": "grid.3575.4",
                        "name": "World Health Organization",
                        "city": "Geneva",
                        "city_id": 2660646,
                        "country": "Switzerland",
                        "country_code": "CH",
                        "state": null,
                        "state_code": null
                    }
                ]
            },
            {
                "first_name": "John",
                "last_name": "Whitehead",
                "initials": "",
                "corresponding": "",
                "orcid": "",
                "current_organization_id": "grid.4991.5",
                "researcher_id": "ur.01150567725.52",
                "affiliations": [
                    {
                        "id": "grid.9835.7",
                        "name": "Lancaster University",
                        "city": "Lancaster",
                        "city_id": 2644972,
                        "country": "United Kingdom",
                        "country_code": "GB",
                        "state": null,
                        "state_code": null
                    }
                ]
            },
            {
                "first_name": "Laura",
                "last_name": "Merson",
                "initials": "",
                "corresponding": "",
                "orcid": "['0000-0002-4168-1960']",
                "current_organization_id": "grid.4991.5",
                "researcher_id": "ur.01042635516.05",
                "affiliations": [
                    {
                        "id": "grid.412433.3",
                        "name": "Oxford University Clinical Research Unit",
                        "city": "Ho Chi Minh City",
                        "city_id": 1566083,
                        "country": "Vietnam",
                        "country_code": "VN",
                        "state": null,
                        "state_code": null
                    }
                ]
            },
            {
                "first_name": "Sameera",
                "last_name": "AlJohani",
                "initials": "",
                "corresponding": "",
                "orcid": "",
                "current_organization_id": "grid.415254.3",
                "researcher_id": "ur.01105266140.36",
                "affiliations": [
                    {
                        "name": "Pathology and Laboratory Department, King Saud bin Abdulaziz University for Health Sciences, King Abdulaziz Medical City, Riyadh, Saudi Arabia"
                    }
                ]
            },
            {
                "first_name": "Khalid",
                "last_name": "Al-Khairy",
                "initials": "",
                "corresponding": "",
                "orcid": "",
                "current_organization_id": "grid.412149.b",
                "researcher_id": "ur.0710527737.92",
                "affiliations": [
                    {
                        "name": "Pathology and Laboratory Department, King Saud bin Abdulaziz University for Health Sciences, King Abdulaziz Medical City, Riyadh, Saudi Arabia"
                    }
                ]
            },
            {
                "first_name": "Gail",
                "last_name": "Carson",
                "initials": "",
                "corresponding": "",
                "orcid": "['0000-0001-8439-9933']",
                "current_organization_id": "grid.4991.5",
                "researcher_id": "ur.0760723203.02",
                "affiliations": [
                    {
                        "id": "grid.4991.5",
                        "name": "University of Oxford",
                        "city": "Oxford",
                        "city_id": 2640729,
                        "country": "United Kingdom",
                        "country_code": "GB",
                        "state": null,
                        "state_code": null
                    }
                ]
            },
            {
                "first_name": "Thomas C.",
                "last_name": "Luke",
                "initials": "",
                "corresponding": "",
                "orcid": "",
                "current_organization_id": "grid.415913.b",
                "researcher_id": "ur.01231143555.23",
                "affiliations": [
                    {
                        "id": "grid.415913.b",
                        "name": "Naval Medical Research Center",
                        "city": "Silver Spring",
                        "city_id": 4369596,
                        "country": "United States",
                        "country_code": "US",
                        "state": "Maryland",
                        "state_code": "US-MD"
                    }
                ]
            },
            {
                "first_name": "Lisa",
                "last_name": "Hensley",
                "initials": "",
                "corresponding": "",
                "orcid": "",
                "current_organization_id": "grid.419681.3",
                "researcher_id": "ur.0767476771.05",
                "affiliations": [
                    {
                        "id": "grid.419681.3",
                        "name": "National Institute of Allergy and Infectious Diseases",
                        "city": "Bethesda",
                        "city_id": 4348599,
                        "country": "United States",
                        "country_code": "US",
                        "state": "Maryland",
                        "state_code": "US-MD"
                    }
                ]
            },
            {
                "first_name": "Abdulaziz",
                "last_name": "Al-Dawood",
                "initials": "",
                "corresponding": "",
                "orcid": "",
                "current_organization_id": "grid.412149.b",
                "researcher_id": "ur.01130721624.09",
                "affiliations": [
                    {
                        "name": "Intensive Care Department, Respiratory Services, College of Medicine, King Abdullah International Medical Research Center, King Saud bin Abdulaziz University for Health Sciences, King Abdulaziz Medical City, P.O. Box 22490, 11426, Riyadh, Saudi Arabia"
                    }
                ]
            },
            {
                "first_name": "Saad",
                "last_name": "Al-Qahtani",
                "initials": "",
                "corresponding": "",
                "orcid": "",
                "current_organization_id": "grid.412149.b",
                "researcher_id": "ur.01223627410.73",
                "affiliations": [
                    {
                        "name": "Intensive Care Department, Respiratory Services, College of Medicine, King Abdullah International Medical Research Center, King Saud bin Abdulaziz University for Health Sciences, King Abdulaziz Medical City, P.O. Box 22490, 11426, Riyadh, Saudi Arabia"
                    }
                ]
            },
            {
                "first_name": "Kayvon",
                "last_name": "Modjarrad",
                "initials": "",
                "corresponding": "",
                "orcid": "",
                "current_organization_id": "grid.420210.5",
                "researcher_id": "ur.0765602677.62",
                "affiliations": [
                    {
                        "id": "grid.420210.5",
                        "name": "United States Army Medical Research and Materiel Command",
                        "city": "Frederick",
                        "city_id": 4355585,
                        "country": "United States",
                        "country_code": "US",
                        "state": "Maryland",
                        "state_code": "US-MD"
                    }
                ]
            },
            {
                "first_name": "Musharaf",
                "last_name": "Sadat",
                "initials": "",
                "corresponding": "",
                "orcid": "",
                "current_organization_id": "grid.412149.b",
                "researcher_id": "ur.0774510051.70",
                "affiliations": [
                    {
                        "id": "grid.415254.3",
                        "name": "King Abdulaziz Medical City",
                        "city": "Riyadh",
                        "city_id": 108410,
                        "country": "Saudi Arabia",
                        "country_code": "SA",
                        "state": null,
                        "state_code": null
                    }
                ]
            },
            {
                "first_name": "Gernot",
                "last_name": "Rohde",
                "initials": "",
                "corresponding": "",
                "orcid": "['0000-0002-5193-7755']",
                "current_organization_id": "grid.411088.4",
                "researcher_id": "ur.01053063160.74",
                "affiliations": [
                    {
                        "id": "grid.412966.e",
                        "name": "Maastricht University Medical Centre",
                        "city": "Maastricht",
                        "city_id": 2751283,
                        "country": "Netherlands",
                        "country_code": "NL",
                        "state": null,
                        "state_code": null
                    }
                ]
            },
            {
                "first_name": "Catherine",
                "last_name": "Leport",
                "initials": "",
                "corresponding": "",
                "orcid": "",
                "current_organization_id": "grid.7452.4",
                "researcher_id": "ur.01213772510.09",
                "affiliations": [
                    {
                        "id": "grid.7452.4",
                        "name": "Paris Diderot University",
                        "city": "Paris",
                        "city_id": 2988507,
                        "country": "France",
                        "country_code": "FR",
                        "state": null,
                        "state_code": null
                    }
                ]
            },
            {
                "first_name": "Robert",
                "last_name": "Fowler",
                "initials": "",
                "corresponding": "",
                "orcid": "",
                "current_organization_id": "grid.17063.33",
                "researcher_id": "ur.0724431446.32",
                "affiliations": [
                    {
                        "id": "grid.17063.33",
                        "name": "University of Toronto",
                        "city": "Toronto",
                        "city_id": 6167865,
                        "country": "Canada",
                        "country_code": "CA",
                        "state": "Ontario",
                        "state_code": "CA-ON"
                    },
                    {
                        "id": "grid.413104.3",
                        "name": "Sunnybrook Health Science Centre",
                        "city": "Toronto",
                        "city_id": 6167865,
                        "country": "Canada",
                        "country_code": "CA",
                        "state": "Ontario",
                        "state_code": "CA-ON"
                    }
                ]
            }
        ]
    ],
    "type": "article"
}