{
    "volume": "137",
    "date": "2017-01-01",
    "title": "Passive immunotherapy for Middle East Respiratory Syndrome coronavirus infection with equine immunoglobulin or immunoglobulin fragments in a mouse model",
    "researchers": [
        {
            "id": "ur.01341542166.92",
            "last_name": "Zhao",
            "first_name": "Yongkun",
            "research_orgs": [
                "grid.410740.6",
                "grid.268415.c",
                "grid.454880.5",
                "grid.412246.7",
                "grid.412557.0",
                "grid.410727.7",
                "grid.482592.0"
            ]
        },
        {
            "id": "ur.01031376325.22",
            "last_name": "Wang",
            "first_name": "Chong",
            "research_orgs": [
                "grid.410740.6",
                "grid.412246.7",
                "grid.38587.31"
            ]
        },
        {
            "id": "ur.07530037141.46",
            "last_name": "Qiu",
            "first_name": "Boning",
            "research_orgs": [
                "grid.410740.6",
                "grid.64924.3d"
            ]
        },
        {
            "id": "ur.0613053350.76",
            "last_name": "Li",
            "first_name": "Chufang",
            "research_orgs": [
                "grid.9227.e",
                "grid.428926.3",
                "grid.410737.6",
                "grid.470124.4"
            ]
        },
        {
            "id": "ur.0630153540.84",
            "last_name": "Wang",
            "first_name": "Hua-Lei",
            "research_orgs": [
                "grid.410740.6",
                "grid.213876.9",
                "grid.64924.3d",
                "grid.268415.c"
            ]
        },
        {
            "id": "ur.0701637406.93",
            "last_name": "Jin",
            "first_name": "Hongli",
            "research_orgs": [
                "grid.410740.6",
                "grid.410727.7",
                "grid.64924.3d"
            ]
        },
        {
            "id": "ur.01255263145.94",
            "last_name": "Gai",
            "first_name": "Wei-Wei",
            "research_orgs": [
                "grid.410740.6",
                "grid.64924.3d"
            ]
        },
        {
            "id": "ur.01242701706.15",
            "last_name": "Zheng",
            "first_name": "Xue-Xing",
            "research_orgs": [
                "grid.410740.6",
                "grid.454880.5",
                "grid.412246.7",
                "grid.214458.e",
                "grid.418873.1",
                "grid.26790.3a",
                "grid.27255.37",
                "grid.410727.7",
                "grid.64924.3d",
                "grid.482592.0"
            ]
        },
        {
            "id": "ur.0774636566.31",
            "last_name": "Wang",
            "first_name": "Tiecheng",
            "research_orgs": [
                "grid.410740.6",
                "grid.482592.0",
                "grid.412246.7",
                "grid.80510.3c",
                "grid.410727.7",
                "grid.12527.33",
                "grid.454880.5"
            ]
        },
        {
            "id": "ur.0775075536.68",
            "last_name": "Sun",
            "first_name": "Weiyang",
            "research_orgs": [
                "grid.410740.6",
                "grid.410727.7"
            ]
        },
        {
            "id": "ur.0600721325.95",
            "last_name": "Yan",
            "first_name": "Feihu",
            "research_orgs": [
                "grid.410740.6",
                "grid.415368.d",
                "grid.21613.37",
                "grid.410727.7"
            ]
        },
        {
            "id": "ur.01000477666.36",
            "last_name": "Gao",
            "first_name": "Yu-Wei",
            "research_orgs": [
                "grid.410740.6",
                "grid.22069.3f",
                "grid.26999.3d",
                "grid.452757.6",
                "grid.463419.d",
                "grid.268415.c",
                "grid.21613.37",
                "grid.214007.0",
                "grid.80510.3c",
                "grid.454880.5",
                "grid.412246.7",
                "grid.9654.e",
                "grid.482817.0",
                "grid.410795.e",
                "grid.38587.31",
                "grid.415368.d",
                "grid.440622.6",
                "grid.410727.7",
                "grid.12527.33",
                "grid.482592.0",
                "grid.14003.36"
            ]
        },
        {
            "id": "ur.0650744137.95",
            "last_name": "Wang",
            "first_name": "Qian",
            "research_orgs": [
                "grid.59053.3a",
                "grid.410726.6",
                "grid.428926.3"
            ]
        },
        {
            "id": "ur.0775061417.40",
            "last_name": "Yan",
            "first_name": "Jing-Hua",
            "research_orgs": [
                "grid.410726.6",
                "grid.43555.32",
                "grid.9227.e",
                "grid.458488.d",
                "grid.22935.3f",
                "grid.410741.7",
                "grid.252245.6"
            ]
        },
        {
            "id": "ur.01310072745.27",
            "last_name": "Chen",
            "first_name": "Ling",
            "orcid_id": [
                "0000-0001-7170-5954"
            ],
            "research_orgs": [
                "grid.410726.6",
                "grid.411404.4",
                "grid.428926.3",
                "grid.20513.35",
                "grid.9227.e",
                "grid.470124.4",
                "grid.12955.3a",
                "grid.454850.8",
                "grid.410737.6",
                "grid.194645.b",
                "grid.59053.3a",
                "grid.411604.6",
                "grid.419897.a",
                "grid.453127.6",
                "grid.12527.33",
                "grid.418036.8",
                "grid.458476.c",
                "grid.417993.1",
                "grid.454761.5",
                "grid.470066.3"
            ]
        },
        {
            "id": "ur.01307305176.50",
            "last_name": "Perlman",
            "first_name": "Stanley M",
            "orcid_id": [
                "0000-0003-4213-2354"
            ],
            "research_orgs": [
                "grid.4305.2",
                "grid.116068.8",
                "grid.470124.4",
                "grid.504449.8",
                "grid.412584.e",
                "grid.214572.7",
                "grid.253264.4",
                "grid.267308.8"
            ]
        },
        {
            "id": "ur.010176701342.18",
            "last_name": "Zhong",
            "first_name": "Nanshan S",
            "research_orgs": [
                "grid.410737.6",
                "grid.194645.b",
                "grid.452511.6",
                "grid.470066.3",
                "grid.415502.7",
                "grid.419019.4",
                "grid.412534.5",
                "grid.12527.33",
                "grid.412633.1",
                "grid.198530.6",
                "grid.470124.4",
                "grid.413435.4",
                "grid.259384.1",
                "grid.413458.f",
                "grid.439338.6",
                "grid.411863.9"
            ]
        },
        {
            "id": "ur.01072360377.18",
            "last_name": "Zhao",
            "first_name": "Jincun",
            "research_orgs": [
                "grid.413419.a",
                "grid.470124.4",
                "grid.214572.7",
                "grid.410737.6",
                "grid.470066.3",
                "grid.194645.b",
                "grid.12527.33",
                "grid.412595.e"
            ]
        },
        {
            "id": "ur.0664251266.09",
            "last_name": "Yang",
            "first_name": "Songtao",
            "research_orgs": [
                "grid.410740.6",
                "grid.268415.c",
                "grid.454880.5",
                "grid.412246.7",
                "grid.410727.7",
                "grid.482592.0",
                "grid.64924.3d"
            ]
        },
        {
            "id": "ur.01277527036.21",
            "last_name": "Xia",
            "first_name": "Xian-Zhu",
            "research_orgs": [
                "grid.410740.6",
                "grid.503006.0",
                "grid.268415.c",
                "grid.464353.3",
                "grid.80510.3c",
                "grid.454880.5",
                "grid.412246.7",
                "grid.413106.1",
                "grid.412243.2",
                "grid.411680.a",
                "grid.12527.33",
                "grid.20561.30",
                "grid.38587.31",
                "grid.257160.7",
                "grid.440622.6",
                "grid.410727.7",
                "grid.64924.3d",
                "grid.482592.0",
                "grid.43555.32"
            ]
        }
    ],
    "research_org_state_codes": [
        {
            "id": "US-IA",
            "name": "Iowa"
        }
    ],
    "altmetric": 3.0,
    "pages": "125-130",
    "research_org_cities": [
        {
            "id": 1809858,
            "name": "Guangzhou"
        },
        {
            "id": 2038180,
            "name": "Changchun"
        },
        {
            "id": 4862034,
            "name": "Iowa City"
        },
        {
            "id": 2037013,
            "name": "Harbin"
        },
        {
            "id": 1787227,
            "name": "Yangzhou"
        },
        {
            "id": 1816670,
            "name": "Beijing"
        }
    ],
    "research_org_countries": [
        {
            "id": "CN",
            "name": "China"
        },
        {
            "id": "US",
            "name": "United States"
        }
    ],
    "doi": "10.1016/j.antiviral.2016.11.016",
    "FOR": [
        {
            "id": "3114",
            "name": "1108 Medical Microbiology"
        },
        {
            "id": "3103",
            "name": "1107 Immunology"
        }
    ],
    "times_cited": 4,
    "research_orgs": [
        {
            "id": "grid.214572.7",
            "acronym": "UI",
            "state_name": "Iowa",
            "types": [
                "Education"
            ],
            "longitude": -91.554924,
            "linkout": [
                "http://www.uiowa.edu/"
            ],
            "latitude": 41.662952,
            "name": "University of Iowa",
            "city_name": "Iowa City",
            "country_name": "United States"
        },
        {
            "id": "grid.64924.3d",
            "types": [
                "Education"
            ],
            "longitude": 125.28978,
            "linkout": [
                "http://en.jlu.edu.cn/University/"
            ],
            "latitude": 43.82497,
            "name": "Jilin University",
            "city_name": "Changchun",
            "country_name": "China"
        },
        {
            "id": "grid.458488.d",
            "acronym": "IMCAS",
            "types": [
                "Facility"
            ],
            "longitude": 116.38335,
            "linkout": [
                "http://english.im.cas.cn/"
            ],
            "latitude": 40.004414,
            "name": "Institute of Microbiology",
            "city_name": "Beijing",
            "country_name": "China"
        },
        {
            "id": "grid.410740.6",
            "types": [
                "Facility"
            ],
            "longitude": 116.27348,
            "linkout": [
                "http://www.bmi.ac.cn/"
            ],
            "latitude": 39.902016,
            "name": "Academy of Military Medical Sciences",
            "city_name": "Beijing",
            "country_name": "China"
        },
        {
            "id": "grid.38587.31",
            "acronym": "HVRI",
            "state_name": "Heilongjiang",
            "types": [
                "Facility"
            ],
            "longitude": 126.664,
            "linkout": [
                "http://www.hvri.ac.cn/en/"
            ],
            "latitude": 45.76182,
            "name": "Harbin Veterinary Research Institute",
            "city_name": "Harbin",
            "country_name": "China"
        }
    ],
    "pmid": "27890674",
    "funders": [
        {
            "id": "grid.424020.0",
            "acronym": "MOST",
            "types": [
                "Government"
            ],
            "longitude": 116.316284,
            "linkout": [
                "http://www.most.gov.cn/eng/"
            ],
            "latitude": 39.827835,
            "name": "Ministry of Science and Technology of the People's Republic of China",
            "city_name": "Beijing",
            "country_name": "China"
        }
    ],
    "research_org_country_names": [
        "China",
        "United States"
    ],
    "id": "pub.1048712683",
    "journal": {
        "id": "jour.1092675",
        "title": "Antiviral Research"
    },
    "year": 2017,
    "references": [
        "pub.1016819485",
        "pub.1001727238",
        "pub.1028952995",
        "pub.1019703731",
        "pub.1062689068",
        "pub.1015127616",
        "pub.1038770224",
        "pub.1023347100",
        "pub.1049177130",
        "pub.1035639368",
        "pub.1049394195",
        "pub.1012229540",
        "pub.1035868100",
        "pub.1030937184",
        "pub.1049543931",
        "pub.1013973792",
        "pub.1043917252",
        "pub.1027364331",
        "pub.1008217409",
        "pub.1039199327",
        "pub.1043875870",
        "pub.1007000995",
        "pub.1000548987",
        "pub.1041458087"
    ],
    "relative_citation_ratio": 0.08,
    "research_org_state_names": [
        "Iowa"
    ],
    "author_affiliations": [
        [
            {
                "first_name": "Yongkun",
                "last_name": "Zhao",
                "initials": "",
                "corresponding": "",
                "orcid": "",
                "current_organization_id": "grid.410740.6",
                "researcher_id": "ur.01341542166.92",
                "affiliations": [
                    {
                        "id": "grid.410740.6",
                        "name": "Academy of Military Medical Sciences",
                        "city": "Beijing",
                        "city_id": 1816670,
                        "country": "China",
                        "country_code": "CN",
                        "state": null,
                        "state_code": null
                    },
                    {
                        "name": "Jiangsu Co-innovation Center for Prevention and Control of Important Animal Infectious Diseases and Zoonoses, Yangzhou, China"
                    }
                ]
            },
            {
                "first_name": "Chong",
                "last_name": "Wang",
                "initials": "",
                "corresponding": "",
                "orcid": "",
                "current_organization_id": "grid.38587.31",
                "researcher_id": "ur.01031376325.22",
                "affiliations": [
                    {
                        "id": "grid.410740.6",
                        "name": "Academy of Military Medical Sciences",
                        "city": "Beijing",
                        "city_id": 1816670,
                        "country": "China",
                        "country_code": "CN",
                        "state": null,
                        "state_code": null
                    },
                    {
                        "id": "grid.38587.31",
                        "name": "Harbin Veterinary Research Institute",
                        "city": "Harbin",
                        "city_id": 2037013,
                        "country": "China",
                        "country_code": "CN",
                        "state": null,
                        "state_code": null
                    }
                ]
            },
            {
                "first_name": "Boning",
                "last_name": "Qiu",
                "initials": "",
                "corresponding": "",
                "orcid": "",
                "current_organization_id": "grid.64924.3d",
                "researcher_id": "ur.07530037141.46",
                "affiliations": [
                    {
                        "id": "grid.410740.6",
                        "name": "Academy of Military Medical Sciences",
                        "city": "Beijing",
                        "city_id": 1816670,
                        "country": "China",
                        "country_code": "CN",
                        "state": null,
                        "state_code": null
                    },
                    {
                        "id": "grid.64924.3d",
                        "name": "Jilin University",
                        "city": "Changchun",
                        "city_id": 2038180,
                        "country": "China",
                        "country_code": "CN",
                        "state": null,
                        "state_code": null
                    }
                ]
            },
            {
                "first_name": "Chufang",
                "last_name": "Li",
                "initials": "",
                "corresponding": "",
                "orcid": "",
                "current_organization_id": "grid.470124.4",
                "researcher_id": "ur.0613053350.76",
                "affiliations": [
                    {
                        "name": "State Key Laboratory of Respiratory Diseases, Guangzhou Institute of Respiratory Disease, The First Affiliated Hospital of Guangzhou Medical University, Guangzhou, China"
                    }
                ]
            },
            {
                "first_name": "Hualei",
                "last_name": "Wang",
                "initials": "",
                "corresponding": "",
                "orcid": "",
                "current_organization_id": "grid.410740.6",
                "researcher_id": "ur.0630153540.84",
                "affiliations": [
                    {
                        "id": "grid.410740.6",
                        "name": "Academy of Military Medical Sciences",
                        "city": "Beijing",
                        "city_id": 1816670,
                        "country": "China",
                        "country_code": "CN",
                        "state": null,
                        "state_code": null
                    },
                    {
                        "name": "Jiangsu Co-innovation Center for Prevention and Control of Important Animal Infectious Diseases and Zoonoses, Yangzhou, China"
                    }
                ]
            },
            {
                "first_name": "Hongli",
                "last_name": "Jin",
                "initials": "",
                "corresponding": "",
                "orcid": "",
                "current_organization_id": "grid.410740.6",
                "researcher_id": "ur.0701637406.93",
                "affiliations": [
                    {
                        "id": "grid.410740.6",
                        "name": "Academy of Military Medical Sciences",
                        "city": "Beijing",
                        "city_id": 1816670,
                        "country": "China",
                        "country_code": "CN",
                        "state": null,
                        "state_code": null
                    }
                ]
            },
            {
                "first_name": "Weiwei",
                "last_name": "Gai",
                "initials": "",
                "corresponding": "",
                "orcid": "",
                "current_organization_id": "grid.64924.3d",
                "researcher_id": "ur.01255263145.94",
                "affiliations": [
                    {
                        "id": "grid.410740.6",
                        "name": "Academy of Military Medical Sciences",
                        "city": "Beijing",
                        "city_id": 1816670,
                        "country": "China",
                        "country_code": "CN",
                        "state": null,
                        "state_code": null
                    },
                    {
                        "id": "grid.64924.3d",
                        "name": "Jilin University",
                        "city": "Changchun",
                        "city_id": 2038180,
                        "country": "China",
                        "country_code": "CN",
                        "state": null,
                        "state_code": null
                    }
                ]
            },
            {
                "first_name": "Xuexing",
                "last_name": "Zheng",
                "initials": "",
                "corresponding": "",
                "orcid": "",
                "current_organization_id": "grid.27255.37",
                "researcher_id": "ur.01242701706.15",
                "affiliations": [
                    {
                        "id": "grid.410740.6",
                        "name": "Academy of Military Medical Sciences",
                        "city": "Beijing",
                        "city_id": 1816670,
                        "country": "China",
                        "country_code": "CN",
                        "state": null,
                        "state_code": null
                    }
                ]
            },
            {
                "first_name": "Tiecheng",
                "last_name": "Wang",
                "initials": "",
                "corresponding": "",
                "orcid": "",
                "current_organization_id": "grid.410740.6",
                "researcher_id": "ur.0774636566.31",
                "affiliations": [
                    {
                        "id": "grid.410740.6",
                        "name": "Academy of Military Medical Sciences",
                        "city": "Beijing",
                        "city_id": 1816670,
                        "country": "China",
                        "country_code": "CN",
                        "state": null,
                        "state_code": null
                    },
                    {
                        "name": "Jiangsu Co-innovation Center for Prevention and Control of Important Animal Infectious Diseases and Zoonoses, Yangzhou, China"
                    }
                ]
            },
            {
                "first_name": "Weiyang",
                "last_name": "Sun",
                "initials": "",
                "corresponding": "",
                "orcid": "",
                "current_organization_id": "grid.410740.6",
                "researcher_id": "ur.0775075536.68",
                "affiliations": [
                    {
                        "id": "grid.410740.6",
                        "name": "Academy of Military Medical Sciences",
                        "city": "Beijing",
                        "city_id": 1816670,
                        "country": "China",
                        "country_code": "CN",
                        "state": null,
                        "state_code": null
                    },
                    {
                        "name": "Jiangsu Co-innovation Center for Prevention and Control of Important Animal Infectious Diseases and Zoonoses, Yangzhou, China"
                    }
                ]
            },
            {
                "first_name": "Feihu",
                "last_name": "Yan",
                "initials": "",
                "corresponding": "",
                "orcid": "",
                "current_organization_id": "grid.410727.7",
                "researcher_id": "ur.0600721325.95",
                "affiliations": [
                    {
                        "id": "grid.410740.6",
                        "name": "Academy of Military Medical Sciences",
                        "city": "Beijing",
                        "city_id": 1816670,
                        "country": "China",
                        "country_code": "CN",
                        "state": null,
                        "state_code": null
                    }
                ]
            },
            {
                "first_name": "Yuwei",
                "last_name": "Gao",
                "initials": "",
                "corresponding": "",
                "orcid": "",
                "current_organization_id": "grid.410740.6",
                "researcher_id": "ur.01000477666.36",
                "affiliations": [
                    {
                        "id": "grid.410740.6",
                        "name": "Academy of Military Medical Sciences",
                        "city": "Beijing",
                        "city_id": 1816670,
                        "country": "China",
                        "country_code": "CN",
                        "state": null,
                        "state_code": null
                    },
                    {
                        "name": "Jiangsu Co-innovation Center for Prevention and Control of Important Animal Infectious Diseases and Zoonoses, Yangzhou, China"
                    }
                ]
            },
            {
                "first_name": "Qian",
                "last_name": "Wang",
                "initials": "",
                "corresponding": "",
                "orcid": "",
                "current_organization_id": "grid.428926.3",
                "researcher_id": "ur.0650744137.95",
                "affiliations": [
                    {
                        "name": "State Key Laboratory of Respiratory Diseases, Guangzhou Institute of Respiratory Disease, The First Affiliated Hospital of Guangzhou Medical University, Guangzhou, China"
                    }
                ]
            },
            {
                "first_name": "Jinghua",
                "last_name": "Yan",
                "initials": "",
                "corresponding": "",
                "orcid": "",
                "current_organization_id": "grid.458488.d",
                "researcher_id": "ur.0775061417.40",
                "affiliations": [
                    {
                        "id": "grid.458488.d",
                        "name": "Institute of Microbiology",
                        "city": "Beijing",
                        "city_id": 1816670,
                        "country": "China",
                        "country_code": "CN",
                        "state": null,
                        "state_code": null
                    }
                ]
            },
            {
                "first_name": "Ling",
                "last_name": "Chen",
                "initials": "",
                "corresponding": "",
                "orcid": "['0000-0001-7170-5954']",
                "current_organization_id": "grid.458476.c",
                "researcher_id": "ur.01310072745.27",
                "affiliations": [
                    {
                        "name": "State Key Laboratory of Respiratory Diseases, Guangzhou Institute of Respiratory Disease, The First Affiliated Hospital of Guangzhou Medical University, Guangzhou, China"
                    }
                ]
            },
            {
                "first_name": "Stanley",
                "last_name": "Perlman",
                "initials": "",
                "corresponding": "",
                "orcid": "['0000-0003-4213-2354']",
                "current_organization_id": "grid.214572.7",
                "researcher_id": "ur.01307305176.50",
                "affiliations": [
                    {
                        "id": "grid.214572.7",
                        "name": "University of Iowa",
                        "city": "Iowa City",
                        "city_id": 4862034,
                        "country": "United States",
                        "country_code": "US",
                        "state": "Iowa",
                        "state_code": "US-IA"
                    }
                ]
            },
            {
                "first_name": "Nanshan",
                "last_name": "Zhong",
                "initials": "",
                "corresponding": "",
                "orcid": "",
                "current_organization_id": "grid.470124.4",
                "researcher_id": "ur.010176701342.18",
                "affiliations": [
                    {
                        "name": "State Key Laboratory of Respiratory Diseases, Guangzhou Institute of Respiratory Disease, The First Affiliated Hospital of Guangzhou Medical University, Guangzhou, China"
                    }
                ]
            },
            {
                "first_name": "Jincun",
                "last_name": "Zhao",
                "initials": "",
                "corresponding": true,
                "orcid": "",
                "current_organization_id": "grid.410737.6",
                "researcher_id": "ur.01072360377.18",
                "affiliations": [
                    {
                        "name": "State Key Laboratory of Respiratory Diseases, Guangzhou Institute of Respiratory Disease, The First Affiliated Hospital of Guangzhou Medical University, Guangzhou, China"
                    }
                ]
            },
            {
                "first_name": "Songtao",
                "last_name": "Yang",
                "initials": "",
                "corresponding": true,
                "orcid": "",
                "current_organization_id": "grid.410740.6",
                "researcher_id": "ur.0664251266.09",
                "affiliations": [
                    {
                        "id": "grid.410740.6",
                        "name": "Academy of Military Medical Sciences",
                        "city": "Beijing",
                        "city_id": 1816670,
                        "country": "China",
                        "country_code": "CN",
                        "state": null,
                        "state_code": null
                    },
                    {
                        "name": "Jiangsu Co-innovation Center for Prevention and Control of Important Animal Infectious Diseases and Zoonoses, Yangzhou, China"
                    }
                ]
            },
            {
                "first_name": "Xianzhu",
                "last_name": "Xia",
                "initials": "",
                "corresponding": true,
                "orcid": "",
                "current_organization_id": "grid.410740.6",
                "researcher_id": "ur.01277527036.21",
                "affiliations": [
                    {
                        "id": "grid.410740.6",
                        "name": "Academy of Military Medical Sciences",
                        "city": "Beijing",
                        "city_id": 1816670,
                        "country": "China",
                        "country_code": "CN",
                        "state": null,
                        "state_code": null
                    },
                    {
                        "name": "Jiangsu Co-innovation Center for Prevention and Control of Important Animal Infectious Diseases and Zoonoses, Yangzhou, China"
                    }
                ]
            }
        ]
    ],
    "type": "article"
}