{
    "research_orgs": [
        {
            "id": "grid.11469.3b",
            "linkout": [
                "http://www.fbk.eu/"
            ],
            "city_name": "Trento",
            "longitude": 11.124422,
            "acronym": "FBK",
            "latitude": 46.06316,
            "name": "Fondazione Bruno Kessler",
            "types": [
                "Facility"
            ],
            "country_name": "Italy"
        },
        {
            "id": "grid.410726.6",
            "linkout": [
                "http://www.ucas.ac.cn/"
            ],
            "city_name": "Beijing",
            "longitude": 116.25057,
            "acronym": "UCAS",
            "latitude": 39.909058,
            "name": "University of Chinese Academy of Sciences",
            "types": [
                "Education"
            ],
            "country_name": "China"
        },
        {
            "id": "grid.453035.4",
            "linkout": [
                "http://www.fic.nih.gov/Pages/Default.aspx"
            ],
            "city_name": "Bethesda",
            "longitude": -77.099655,
            "acronym": "FIC",
            "state_name": "Maryland",
            "latitude": 39.004406,
            "name": "Fogarty International Center",
            "types": [
                "Healthcare"
            ],
            "country_name": "United States"
        },
        {
            "id": "grid.8547.e",
            "linkout": [
                "http://www.fudan.edu.cn/en/"
            ],
            "city_name": "Shanghai",
            "longitude": 121.50361,
            "state_name": "Shanghai",
            "latitude": 31.297712,
            "name": "Fudan University",
            "types": [
                "Education"
            ],
            "country_name": "China"
        },
        {
            "id": "grid.194645.b",
            "linkout": [
                "http://www.hku.hk/"
            ],
            "city_name": "Hong Kong",
            "longitude": 114.13708,
            "acronym": "HKU",
            "state_name": "Hong Kong",
            "latitude": 22.283287,
            "name": "University of Hong Kong",
            "types": [
                "Education"
            ],
            "country_name": "China"
        }
    ],
    "research_org_country_names": [
        "United States",
        "China",
        "Italy"
    ],
    "title": "Case fatality risk of novel coronavirus diseases 2019 in China",
    "type": "article",
    "year": 2020,
    "journal": {
        "id": "jour.1369542",
        "title": "medRxiv"
    },
    "researchers": [
        {
            "id": "ur.013503664277.16",
            "research_orgs": [
                "grid.8547.e"
            ],
            "first_name": "Xiaowei",
            "last_name": "Deng"
        },
        {
            "id": "ur.016500002113.54",
            "research_orgs": [
                "grid.4991.5",
                "grid.419897.a",
                "grid.420153.1",
                "grid.424470.1",
                "grid.198530.6",
                "grid.4989.c",
                "grid.8547.e",
                "grid.194645.b",
                "grid.34477.33"
            ],
            "first_name": "Xiling",
            "last_name": "Wang"
        },
        {
            "id": "ur.011013244604.36",
            "research_orgs": [
                "grid.8547.e"
            ],
            "first_name": "Qi",
            "last_name": "Qiu"
        },
        {
            "id": "ur.01172672225.40",
            "research_orgs": [
                "grid.453035.4",
                "grid.261112.7"
            ],
            "first_name": "Kaiyuan",
            "last_name": "Sun"
        },
        {
            "id": "ur.01021644616.05",
            "research_orgs": [
                "grid.8391.3",
                "grid.415281.b",
                "grid.419897.a",
                "grid.5491.9",
                "grid.13291.38",
                "grid.33199.31",
                "grid.198530.6",
                "grid.12955.3a",
                "grid.8547.e",
                "grid.194645.b"
            ],
            "first_name": "Peng",
            "last_name": "Wu",
            "orcid_id": [
                "0000-0003-1157-9401"
            ]
        },
        {
            "id": "ur.0672450313.68",
            "research_orgs": [
                "grid.11469.3b",
                "grid.11696.39",
                "grid.261112.7"
            ],
            "first_name": "Marco",
            "last_name": "Ajelli"
        },
        {
            "id": "ur.07675207637.48",
            "research_orgs": [
                "grid.13291.38",
                "grid.33199.31",
                "grid.47840.3f",
                "grid.15140.31",
                "grid.415281.b",
                "grid.419897.a",
                "grid.83440.3b",
                "grid.416166.2",
                "grid.5491.9",
                "grid.198530.6",
                "grid.411292.d",
                "grid.461944.a",
                "grid.12955.3a",
                "grid.8547.e",
                "grid.8391.3",
                "grid.4991.5",
                "grid.1001.0",
                "grid.7445.2",
                "grid.5640.7",
                "grid.214458.e",
                "grid.419082.6",
                "grid.194645.b"
            ],
            "first_name": "Benjamin John",
            "last_name": "Cowling",
            "orcid_id": [
                "0000-0002-6297-7154"
            ]
        },
        {
            "id": "ur.01266770363.21",
            "research_orgs": [
                "grid.94365.3d",
                "grid.30390.39",
                "grid.11951.3d",
                "grid.462844.8",
                "grid.415779.9",
                "grid.419681.3",
                "grid.48336.3a",
                "grid.253615.6",
                "grid.420086.8",
                "grid.7429.8",
                "grid.416657.7",
                "grid.420089.7",
                "grid.453035.4",
                "grid.38142.3c",
                "grid.9486.3",
                "grid.416738.f",
                "grid.442071.4",
                "grid.412370.3",
                "grid.443909.3",
                "grid.215654.1",
                "grid.267169.d",
                "grid.413404.6"
            ],
            "first_name": "Cecile G",
            "last_name": "Viboud"
        },
        {
            "id": "ur.016565017177.44",
            "research_orgs": [
                "grid.1024.7",
                "grid.424470.1",
                "grid.4991.5",
                "grid.433871.a",
                "grid.416738.f",
                "grid.410726.6",
                "grid.13402.34",
                "grid.452858.6",
                "grid.420153.1",
                "grid.7445.2",
                "grid.415281.b",
                "grid.8547.e",
                "grid.240372.0",
                "grid.12955.3a",
                "grid.412636.4",
                "grid.13291.38",
                "grid.1001.0",
                "grid.4989.c",
                "grid.194645.b",
                "grid.198530.6",
                "grid.419897.a",
                "grid.7922.e",
                "grid.33199.31",
                "grid.34477.33",
                "grid.21155.32"
            ],
            "first_name": "Hong-Jie",
            "last_name": "Yu"
        }
    ],
    "FOR": [
        {
            "id": "3177",
            "name": "1117 Public Health and Health Services"
        }
    ],
    "research_org_countries": [
        {
            "id": "CN",
            "name": "China"
        },
        {
            "id": "IT",
            "name": "Italy"
        },
        {
            "id": "US",
            "name": "United States"
        }
    ],
    "date": "2020-03-06",
    "altmetric": 64.0,
    "pages": "2020.03.04.20031005",
    "research_org_state_names": [
        "Maryland"
    ],
    "id": "pub.1125456370",
    "research_org_cities": [
        {
            "id": 1796236,
            "name": "Shanghai"
        },
        {
            "id": 1819729,
            "name": "Hong Kong"
        },
        {
            "id": 4348599,
            "name": "Bethesda"
        },
        {
            "id": 3165243,
            "name": "Trento"
        },
        {
            "id": 1816670,
            "name": "Beijing"
        }
    ],
    "open_access": [
        "Open Access - all",
        "Open Access - publisher",
        "Open Access - published"
    ],
    "author_affiliations": [
        [
            {
                "first_name": "Xiaowei",
                "last_name": "Deng",
                "initials": "",
                "corresponding": "",
                "orcid": "",
                "current_organization_id": "grid.8547.e",
                "researcher_id": "ur.013503664277.16",
                "affiliations": [
                    {
                        "id": "grid.8547.e",
                        "name": "Fudan University",
                        "city": "Shanghai",
                        "city_id": 1796236,
                        "country": "China",
                        "country_code": "CN",
                        "state": null,
                        "state_code": null
                    }
                ]
            },
            {
                "first_name": "Juan",
                "last_name": "Yang",
                "initials": "",
                "corresponding": "",
                "orcid": "",
                "current_organization_id": "",
                "researcher_id": "",
                "affiliations": [
                    {
                        "id": "grid.8547.e",
                        "name": "Fudan University",
                        "city": "Shanghai",
                        "city_id": 1796236,
                        "country": "China",
                        "country_code": "CN",
                        "state": null,
                        "state_code": null
                    }
                ]
            },
            {
                "first_name": "Wei",
                "last_name": "Wang",
                "initials": "",
                "corresponding": "",
                "orcid": "",
                "current_organization_id": "",
                "researcher_id": "",
                "affiliations": [
                    {
                        "id": "grid.8547.e",
                        "name": "Fudan University",
                        "city": "Shanghai",
                        "city_id": 1796236,
                        "country": "China",
                        "country_code": "CN",
                        "state": null,
                        "state_code": null
                    }
                ]
            },
            {
                "first_name": "Xiling",
                "last_name": "Wang",
                "initials": "",
                "corresponding": "",
                "orcid": "",
                "current_organization_id": "grid.8547.e",
                "researcher_id": "ur.016500002113.54",
                "affiliations": [
                    {
                        "id": "grid.8547.e",
                        "name": "Fudan University",
                        "city": "Shanghai",
                        "city_id": 1796236,
                        "country": "China",
                        "country_code": "CN",
                        "state": null,
                        "state_code": null
                    }
                ]
            },
            {
                "first_name": "Jiaxin",
                "last_name": "Zhou",
                "initials": "",
                "corresponding": "",
                "orcid": "",
                "current_organization_id": "",
                "researcher_id": "",
                "affiliations": [
                    {
                        "id": "grid.8547.e",
                        "name": "Fudan University",
                        "city": "Shanghai",
                        "city_id": 1796236,
                        "country": "China",
                        "country_code": "CN",
                        "state": null,
                        "state_code": null
                    }
                ]
            },
            {
                "first_name": "Zhiyuan",
                "last_name": "Chen",
                "initials": "",
                "corresponding": "",
                "orcid": "",
                "current_organization_id": "",
                "researcher_id": "",
                "affiliations": [
                    {
                        "id": "grid.8547.e",
                        "name": "Fudan University",
                        "city": "Shanghai",
                        "city_id": 1796236,
                        "country": "China",
                        "country_code": "CN",
                        "state": null,
                        "state_code": null
                    }
                ]
            },
            {
                "first_name": "Jing",
                "last_name": "Li",
                "initials": "",
                "corresponding": "",
                "orcid": "",
                "current_organization_id": "",
                "researcher_id": "",
                "affiliations": [
                    {
                        "id": "grid.8547.e",
                        "name": "Fudan University",
                        "city": "Shanghai",
                        "city_id": 1796236,
                        "country": "China",
                        "country_code": "CN",
                        "state": null,
                        "state_code": null
                    }
                ]
            },
            {
                "first_name": "Yinzi",
                "last_name": "Chen",
                "initials": "",
                "corresponding": "",
                "orcid": "",
                "current_organization_id": "",
                "researcher_id": "",
                "affiliations": [
                    {
                        "id": "grid.8547.e",
                        "name": "Fudan University",
                        "city": "Shanghai",
                        "city_id": 1796236,
                        "country": "China",
                        "country_code": "CN",
                        "state": null,
                        "state_code": null
                    }
                ]
            },
            {
                "first_name": "Han",
                "last_name": "Yan",
                "initials": "",
                "corresponding": "",
                "orcid": "",
                "current_organization_id": "",
                "researcher_id": "",
                "affiliations": [
                    {
                        "id": "grid.8547.e",
                        "name": "Fudan University",
                        "city": "Shanghai",
                        "city_id": 1796236,
                        "country": "China",
                        "country_code": "CN",
                        "state": null,
                        "state_code": null
                    }
                ]
            },
            {
                "first_name": "Juanjuan",
                "last_name": "Zhang",
                "initials": "",
                "corresponding": "",
                "orcid": "",
                "current_organization_id": "",
                "researcher_id": "",
                "affiliations": [
                    {
                        "id": "grid.8547.e",
                        "name": "Fudan University",
                        "city": "Shanghai",
                        "city_id": 1796236,
                        "country": "China",
                        "country_code": "CN",
                        "state": null,
                        "state_code": null
                    }
                ]
            },
            {
                "first_name": "Yongli",
                "last_name": "Zhang",
                "initials": "",
                "corresponding": "",
                "orcid": "",
                "current_organization_id": "",
                "researcher_id": "",
                "affiliations": [
                    {
                        "id": "grid.410726.6",
                        "name": "University of Chinese Academy of Sciences",
                        "city": "Beijing",
                        "city_id": 1816670,
                        "country": "China",
                        "country_code": "CN",
                        "state": null,
                        "state_code": null
                    }
                ]
            },
            {
                "first_name": "Yan",
                "last_name": "Wang",
                "initials": "",
                "corresponding": "",
                "orcid": "",
                "current_organization_id": "",
                "researcher_id": "",
                "affiliations": [
                    {
                        "id": "grid.8547.e",
                        "name": "Fudan University",
                        "city": "Shanghai",
                        "city_id": 1796236,
                        "country": "China",
                        "country_code": "CN",
                        "state": null,
                        "state_code": null
                    }
                ]
            },
            {
                "first_name": "Qi",
                "last_name": "Qiu",
                "initials": "",
                "corresponding": "",
                "orcid": "",
                "current_organization_id": "grid.8547.e",
                "researcher_id": "ur.011013244604.36",
                "affiliations": [
                    {
                        "id": "grid.8547.e",
                        "name": "Fudan University",
                        "city": "Shanghai",
                        "city_id": 1796236,
                        "country": "China",
                        "country_code": "CN",
                        "state": null,
                        "state_code": null
                    }
                ]
            },
            {
                "first_name": "Hui",
                "last_name": "Gong",
                "initials": "",
                "corresponding": "",
                "orcid": "",
                "current_organization_id": "",
                "researcher_id": "",
                "affiliations": [
                    {
                        "id": "grid.8547.e",
                        "name": "Fudan University",
                        "city": "Shanghai",
                        "city_id": 1796236,
                        "country": "China",
                        "country_code": "CN",
                        "state": null,
                        "state_code": null
                    }
                ]
            },
            {
                "first_name": "Xianglin",
                "last_name": "Wei",
                "initials": "",
                "corresponding": "",
                "orcid": "",
                "current_organization_id": "",
                "researcher_id": "",
                "affiliations": [
                    {
                        "id": "grid.8547.e",
                        "name": "Fudan University",
                        "city": "Shanghai",
                        "city_id": 1796236,
                        "country": "China",
                        "country_code": "CN",
                        "state": null,
                        "state_code": null
                    }
                ]
            },
            {
                "first_name": "Lili",
                "last_name": "Wang",
                "initials": "",
                "corresponding": "",
                "orcid": "",
                "current_organization_id": "",
                "researcher_id": "",
                "affiliations": [
                    {
                        "id": "grid.8547.e",
                        "name": "Fudan University",
                        "city": "Shanghai",
                        "city_id": 1796236,
                        "country": "China",
                        "country_code": "CN",
                        "state": null,
                        "state_code": null
                    }
                ]
            },
            {
                "first_name": "Kaiyuan",
                "last_name": "Sun",
                "initials": "",
                "corresponding": "",
                "orcid": "",
                "current_organization_id": "grid.261112.7",
                "researcher_id": "ur.01172672225.40",
                "affiliations": [
                    {
                        "id": "grid.453035.4",
                        "name": "Fogarty International Center",
                        "city": "Bethesda",
                        "city_id": 4348599,
                        "country": "United States",
                        "country_code": "US",
                        "state": "Maryland",
                        "state_code": "US-MD"
                    }
                ]
            },
            {
                "first_name": "Peng",
                "last_name": "Wu",
                "initials": "",
                "corresponding": "",
                "orcid": "['0000-0003-1157-9401']",
                "current_organization_id": "grid.194645.b",
                "researcher_id": "ur.01021644616.05",
                "affiliations": [
                    {
                        "id": "grid.194645.b",
                        "name": "University of Hong Kong",
                        "city": "Hong Kong",
                        "city_id": 1819729,
                        "country": "China",
                        "country_code": "CN",
                        "state": null,
                        "state_code": null
                    }
                ]
            },
            {
                "first_name": "Marco",
                "last_name": "Ajelli",
                "initials": "",
                "corresponding": "",
                "orcid": "",
                "current_organization_id": "grid.11469.3b",
                "researcher_id": "ur.0672450313.68",
                "affiliations": [
                    {
                        "id": "grid.11469.3b",
                        "name": "Fondazione Bruno Kessler",
                        "city": "Trento",
                        "city_id": 3165243,
                        "country": "Italy",
                        "country_code": "IT",
                        "state": null,
                        "state_code": null
                    }
                ]
            },
            {
                "first_name": "Benjamin J.",
                "last_name": "Cowling",
                "initials": "",
                "corresponding": "",
                "orcid": "['0000-0002-6297-7154']",
                "current_organization_id": "grid.194645.b",
                "researcher_id": "ur.07675207637.48",
                "affiliations": [
                    {
                        "id": "grid.194645.b",
                        "name": "University of Hong Kong",
                        "city": "Hong Kong",
                        "city_id": 1819729,
                        "country": "China",
                        "country_code": "CN",
                        "state": null,
                        "state_code": null
                    }
                ]
            },
            {
                "first_name": "Cecile",
                "last_name": "Viboud",
                "initials": "",
                "corresponding": "",
                "orcid": "",
                "current_organization_id": "grid.453035.4",
                "researcher_id": "ur.01266770363.21",
                "affiliations": [
                    {
                        "id": "grid.453035.4",
                        "name": "Fogarty International Center",
                        "city": "Bethesda",
                        "city_id": 4348599,
                        "country": "United States",
                        "country_code": "US",
                        "state": "Maryland",
                        "state_code": "US-MD"
                    }
                ]
            },
            {
                "first_name": "Hongjie",
                "last_name": "Yu",
                "initials": "",
                "corresponding": "",
                "orcid": "",
                "current_organization_id": "grid.8547.e",
                "researcher_id": "ur.016565017177.44",
                "affiliations": [
                    {
                        "id": "grid.8547.e",
                        "name": "Fudan University",
                        "city": "Shanghai",
                        "city_id": 1796236,
                        "country": "China",
                        "country_code": "CN",
                        "state": null,
                        "state_code": null
                    }
                ]
            }
        ]
    ],
    "doi": "10.1101/2020.03.04.20031005",
    "times_cited": 0,
    "references": [
        "pub.1125146281",
        "pub.1124326514",
        "pub.1006157032",
        "pub.1124654147",
        "pub.1007543051"
    ]
}