{
    "research_orgs": [
        {
            "id": "grid.12981.33",
            "linkout": [
                "http://www.sysu.edu.cn/2012/en/index.htm"
            ],
            "city_name": "Guangzhou",
            "longitude": 113.29806,
            "state_name": "Guangdong",
            "latitude": 23.0962,
            "name": "Sun Yat-sen University",
            "types": [
                "Education"
            ],
            "country_name": "China"
        },
        {
            "id": "grid.194645.b",
            "linkout": [
                "http://www.hku.hk/"
            ],
            "city_name": "Hong Kong",
            "longitude": 114.13708,
            "acronym": "HKU",
            "state_name": "Hong Kong",
            "latitude": 22.283287,
            "name": "University of Hong Kong",
            "types": [
                "Education"
            ],
            "country_name": "China"
        }
    ],
    "research_org_country_names": [
        "China"
    ],
    "pmid": "29377913",
    "funders": [
        {
            "id": "grid.424020.0",
            "linkout": [
                "http://www.most.gov.cn/eng/"
            ],
            "city_name": "Beijing",
            "longitude": 116.316284,
            "acronym": "MOST",
            "latitude": 39.827835,
            "name": "Ministry of Science and Technology of the People's Republic of China",
            "types": [
                "Government"
            ],
            "country_name": "China"
        }
    ],
    "title": "Epidemiology characteristics of human coronaviruses in patients with respiratory infection symptoms and phylogenetic analysis of HCoV-OC43 during 2010-2015 in Guangzhou",
    "type": "article",
    "year": 2018,
    "journal": {
        "id": "jour.1037553",
        "title": "PLoS ONE"
    },
    "researchers": [
        {
            "id": "ur.016300656765.18",
            "research_orgs": [
                "grid.12981.33"
            ],
            "first_name": "Su-Fen",
            "last_name": "Zhang"
        },
        {
            "id": "ur.01114422211.24",
            "research_orgs": [
                "grid.419897.a",
                "grid.12981.33"
            ],
            "first_name": "Jiu-Ling",
            "last_name": "Tuo"
        },
        {
            "id": "ur.01037361415.58",
            "research_orgs": [
                "grid.190737.b",
                "grid.454731.0",
                "grid.12981.33",
                "grid.419897.a",
                "grid.484195.5"
            ],
            "first_name": "Xun",
            "last_name": "Zhu"
        },
        {
            "id": "ur.01075436467.05",
            "research_orgs": [
                "grid.419897.a",
                "grid.26009.3d",
                "grid.12981.33"
            ],
            "first_name": "Ding Mei",
            "last_name": "Zhang"
        },
        {
            "id": "ur.010373166165.32",
            "research_orgs": [
                "grid.12981.33"
            ],
            "first_name": "Kai",
            "last_name": "Zhou"
        },
        {
            "id": "ur.0605611122.12",
            "research_orgs": [
                "grid.12981.33"
            ],
            "first_name": "Lei",
            "last_name": "Yuan"
        },
        {
            "id": "ur.07575605565.00",
            "research_orgs": [
                "grid.12981.33"
            ],
            "first_name": "Hong-Jiao",
            "last_name": "Luo"
        },
        {
            "id": "ur.014525572517.22",
            "research_orgs": [
                "grid.8547.e",
                "grid.415550.0",
                "grid.194645.b",
                "grid.12981.33",
                "grid.418021.e"
            ],
            "first_name": "Bo-Jian",
            "last_name": "Zheng"
        },
        {
            "id": "ur.0652735016.56",
            "research_orgs": [
                "grid.417336.4",
                "grid.13402.34",
                "grid.417134.4",
                "grid.415550.0",
                "grid.258164.c",
                "grid.20561.30",
                "grid.428926.3",
                "grid.216938.7",
                "grid.418021.e",
                "grid.482283.7",
                "grid.443397.e",
                "grid.417775.7",
                "grid.12981.33",
                "grid.194645.b",
                "grid.416792.f",
                "grid.440671.0"
            ],
            "first_name": "Kwok-Yung",
            "last_name": "Yuen",
            "orcid_id": [
                "0000-0002-2083-1552"
            ]
        },
        {
            "id": "ur.01305560633.64",
            "research_orgs": [
                "grid.419897.a",
                "grid.12981.33"
            ],
            "first_name": "Meng-Feng",
            "last_name": "Li"
        },
        {
            "id": "ur.0654060271.76",
            "research_orgs": [
                "grid.419897.a",
                "grid.33199.31",
                "grid.12981.33",
                "grid.194645.b"
            ],
            "first_name": "Kai Yuan",
            "last_name": "Cao"
        },
        {
            "id": "ur.01146701611.23",
            "research_orgs": [
                "grid.419897.a",
                "grid.5337.2",
                "grid.411292.d",
                "grid.12981.33",
                "grid.194645.b",
                "grid.469595.2"
            ],
            "first_name": "Lin",
            "last_name": "Xu",
            "orcid_id": [
                "0000-0002-0537-922X"
            ]
        }
    ],
    "FOR": [
        {
            "id": "3114",
            "name": "1108 Medical Microbiology"
        }
    ],
    "research_org_countries": [
        {
            "id": "CN",
            "name": "China"
        }
    ],
    "date": "2018-01-29",
    "altmetric": 77.0,
    "pages": "e0191789",
    "id": "pub.1100691549",
    "volume": "13",
    "issue": "1",
    "research_org_cities": [
        {
            "id": 1819729,
            "name": "Hong Kong"
        },
        {
            "id": 1809858,
            "name": "Guangzhou"
        },
        {
            "id": 1790437,
            "name": "Zhuhai"
        }
    ],
    "open_access": [
        "Open Access - all",
        "Open Access - publisher",
        "Open Access - published"
    ],
    "author_affiliations": [
        [
            {
                "first_name": "Su-fen",
                "last_name": "Zhang",
                "initials": "",
                "corresponding": "",
                "orcid": "",
                "current_organization_id": "grid.12981.33",
                "researcher_id": "ur.016300656765.18",
                "affiliations": [
                    {
                        "id": "grid.12981.33",
                        "name": "Sun Yat-sen University",
                        "city": "Guangzhou",
                        "city_id": 1809858,
                        "country": "China",
                        "country_code": "CN",
                        "state": null,
                        "state_code": null
                    },
                    {
                        "id": "grid.12981.33",
                        "name": "Sun Yat-sen University",
                        "city": "Guangzhou",
                        "city_id": 1809858,
                        "country": "China",
                        "country_code": "CN",
                        "state": null,
                        "state_code": null
                    },
                    {
                        "name": "Clinical Laboratory and Institute of Medical Genetics, Women and Children's Healthcare Hospital of Zhuhai City, Zhuhai, Guangdong Province, China"
                    }
                ]
            },
            {
                "first_name": "Jiu-ling",
                "last_name": "Tuo",
                "initials": "",
                "corresponding": "",
                "orcid": "",
                "current_organization_id": "grid.12981.33",
                "researcher_id": "ur.01114422211.24",
                "affiliations": [
                    {
                        "id": "grid.12981.33",
                        "name": "Sun Yat-sen University",
                        "city": "Guangzhou",
                        "city_id": 1809858,
                        "country": "China",
                        "country_code": "CN",
                        "state": null,
                        "state_code": null
                    },
                    {
                        "id": "grid.12981.33",
                        "name": "Sun Yat-sen University",
                        "city": "Guangzhou",
                        "city_id": 1809858,
                        "country": "China",
                        "country_code": "CN",
                        "state": null,
                        "state_code": null
                    },
                    {
                        "id": "grid.12981.33",
                        "name": "Sun Yat-sen University",
                        "city": "Guangzhou",
                        "city_id": 1809858,
                        "country": "China",
                        "country_code": "CN",
                        "state": null,
                        "state_code": null
                    }
                ]
            },
            {
                "first_name": "Xu-bin",
                "last_name": "Huang",
                "initials": "",
                "corresponding": "",
                "orcid": "",
                "current_organization_id": "",
                "researcher_id": "",
                "affiliations": [
                    {
                        "id": "grid.12981.33",
                        "name": "Sun Yat-sen University",
                        "city": "Guangzhou",
                        "city_id": 1809858,
                        "country": "China",
                        "country_code": "CN",
                        "state": null,
                        "state_code": null
                    }
                ]
            },
            {
                "first_name": "Xun",
                "last_name": "Zhu",
                "initials": "",
                "corresponding": "",
                "orcid": "",
                "current_organization_id": "grid.190737.b",
                "researcher_id": "ur.01037361415.58",
                "affiliations": [
                    {
                        "id": "grid.12981.33",
                        "name": "Sun Yat-sen University",
                        "city": "Guangzhou",
                        "city_id": 1809858,
                        "country": "China",
                        "country_code": "CN",
                        "state": null,
                        "state_code": null
                    },
                    {
                        "id": "grid.12981.33",
                        "name": "Sun Yat-sen University",
                        "city": "Guangzhou",
                        "city_id": 1809858,
                        "country": "China",
                        "country_code": "CN",
                        "state": null,
                        "state_code": null
                    },
                    {
                        "id": "grid.12981.33",
                        "name": "Sun Yat-sen University",
                        "city": "Guangzhou",
                        "city_id": 1809858,
                        "country": "China",
                        "country_code": "CN",
                        "state": null,
                        "state_code": null
                    }
                ]
            },
            {
                "first_name": "Ding-mei",
                "last_name": "Zhang",
                "initials": "",
                "corresponding": "",
                "orcid": "",
                "current_organization_id": "grid.12981.33",
                "researcher_id": "ur.01075436467.05",
                "affiliations": [
                    {
                        "id": "grid.12981.33",
                        "name": "Sun Yat-sen University",
                        "city": "Guangzhou",
                        "city_id": 1809858,
                        "country": "China",
                        "country_code": "CN",
                        "state": null,
                        "state_code": null
                    },
                    {
                        "id": "grid.12981.33",
                        "name": "Sun Yat-sen University",
                        "city": "Guangzhou",
                        "city_id": 1809858,
                        "country": "China",
                        "country_code": "CN",
                        "state": null,
                        "state_code": null
                    },
                    {
                        "id": "grid.12981.33",
                        "name": "Sun Yat-sen University",
                        "city": "Guangzhou",
                        "city_id": 1809858,
                        "country": "China",
                        "country_code": "CN",
                        "state": null,
                        "state_code": null
                    }
                ]
            },
            {
                "first_name": "Kai",
                "last_name": "Zhou",
                "initials": "",
                "corresponding": "",
                "orcid": "",
                "current_organization_id": "grid.12981.33",
                "researcher_id": "ur.010373166165.32",
                "affiliations": [
                    {
                        "id": "grid.12981.33",
                        "name": "Sun Yat-sen University",
                        "city": "Guangzhou",
                        "city_id": 1809858,
                        "country": "China",
                        "country_code": "CN",
                        "state": null,
                        "state_code": null
                    },
                    {
                        "id": "grid.12981.33",
                        "name": "Sun Yat-sen University",
                        "city": "Guangzhou",
                        "city_id": 1809858,
                        "country": "China",
                        "country_code": "CN",
                        "state": null,
                        "state_code": null
                    },
                    {
                        "id": "grid.12981.33",
                        "name": "Sun Yat-sen University",
                        "city": "Guangzhou",
                        "city_id": 1809858,
                        "country": "China",
                        "country_code": "CN",
                        "state": null,
                        "state_code": null
                    }
                ]
            },
            {
                "first_name": "Lei",
                "last_name": "Yuan",
                "initials": "",
                "corresponding": "",
                "orcid": "",
                "current_organization_id": "grid.12981.33",
                "researcher_id": "ur.0605611122.12",
                "affiliations": [
                    {
                        "id": "grid.12981.33",
                        "name": "Sun Yat-sen University",
                        "city": "Guangzhou",
                        "city_id": 1809858,
                        "country": "China",
                        "country_code": "CN",
                        "state": null,
                        "state_code": null
                    },
                    {
                        "id": "grid.12981.33",
                        "name": "Sun Yat-sen University",
                        "city": "Guangzhou",
                        "city_id": 1809858,
                        "country": "China",
                        "country_code": "CN",
                        "state": null,
                        "state_code": null
                    },
                    {
                        "id": "grid.12981.33",
                        "name": "Sun Yat-sen University",
                        "city": "Guangzhou",
                        "city_id": 1809858,
                        "country": "China",
                        "country_code": "CN",
                        "state": null,
                        "state_code": null
                    }
                ]
            },
            {
                "first_name": "Hong-jiao",
                "last_name": "Luo",
                "initials": "",
                "corresponding": "",
                "orcid": "",
                "current_organization_id": "grid.12981.33",
                "researcher_id": "ur.07575605565.00",
                "affiliations": [
                    {
                        "id": "grid.12981.33",
                        "name": "Sun Yat-sen University",
                        "city": "Guangzhou",
                        "city_id": 1809858,
                        "country": "China",
                        "country_code": "CN",
                        "state": null,
                        "state_code": null
                    },
                    {
                        "id": "grid.12981.33",
                        "name": "Sun Yat-sen University",
                        "city": "Guangzhou",
                        "city_id": 1809858,
                        "country": "China",
                        "country_code": "CN",
                        "state": null,
                        "state_code": null
                    },
                    {
                        "id": "grid.12981.33",
                        "name": "Sun Yat-sen University",
                        "city": "Guangzhou",
                        "city_id": 1809858,
                        "country": "China",
                        "country_code": "CN",
                        "state": null,
                        "state_code": null
                    }
                ]
            },
            {
                "first_name": "Bo-jian",
                "last_name": "Zheng",
                "initials": "",
                "corresponding": "",
                "orcid": "",
                "current_organization_id": "grid.194645.b",
                "researcher_id": "ur.014525572517.22",
                "affiliations": [
                    {
                        "id": "grid.12981.33",
                        "name": "Sun Yat-sen University",
                        "city": "Guangzhou",
                        "city_id": 1809858,
                        "country": "China",
                        "country_code": "CN",
                        "state": null,
                        "state_code": null
                    },
                    {
                        "id": "grid.194645.b",
                        "name": "University of Hong Kong",
                        "city": "Hong Kong",
                        "city_id": 1819729,
                        "country": "China",
                        "country_code": "CN",
                        "state": null,
                        "state_code": null
                    }
                ]
            },
            {
                "first_name": "Kwok-yung",
                "last_name": "Yuen",
                "initials": "",
                "corresponding": "",
                "orcid": "['0000-0002-2083-1552']",
                "current_organization_id": "grid.194645.b",
                "researcher_id": "ur.0652735016.56",
                "affiliations": [
                    {
                        "id": "grid.12981.33",
                        "name": "Sun Yat-sen University",
                        "city": "Guangzhou",
                        "city_id": 1809858,
                        "country": "China",
                        "country_code": "CN",
                        "state": null,
                        "state_code": null
                    },
                    {
                        "id": "grid.194645.b",
                        "name": "University of Hong Kong",
                        "city": "Hong Kong",
                        "city_id": 1819729,
                        "country": "China",
                        "country_code": "CN",
                        "state": null,
                        "state_code": null
                    }
                ]
            },
            {
                "first_name": "Meng-feng",
                "last_name": "Li",
                "initials": "",
                "corresponding": "",
                "orcid": "",
                "current_organization_id": "grid.12981.33",
                "researcher_id": "ur.01305560633.64",
                "affiliations": [
                    {
                        "id": "grid.12981.33",
                        "name": "Sun Yat-sen University",
                        "city": "Guangzhou",
                        "city_id": 1809858,
                        "country": "China",
                        "country_code": "CN",
                        "state": null,
                        "state_code": null
                    },
                    {
                        "id": "grid.12981.33",
                        "name": "Sun Yat-sen University",
                        "city": "Guangzhou",
                        "city_id": 1809858,
                        "country": "China",
                        "country_code": "CN",
                        "state": null,
                        "state_code": null
                    },
                    {
                        "id": "grid.12981.33",
                        "name": "Sun Yat-sen University",
                        "city": "Guangzhou",
                        "city_id": 1809858,
                        "country": "China",
                        "country_code": "CN",
                        "state": null,
                        "state_code": null
                    }
                ]
            },
            {
                "first_name": "Kai-yuan",
                "last_name": "Cao",
                "initials": "",
                "corresponding": true,
                "orcid": "",
                "current_organization_id": "grid.12981.33",
                "researcher_id": "ur.0654060271.76",
                "affiliations": [
                    {
                        "id": "grid.12981.33",
                        "name": "Sun Yat-sen University",
                        "city": "Guangzhou",
                        "city_id": 1809858,
                        "country": "China",
                        "country_code": "CN",
                        "state": null,
                        "state_code": null
                    },
                    {
                        "id": "grid.12981.33",
                        "name": "Sun Yat-sen University",
                        "city": "Guangzhou",
                        "city_id": 1809858,
                        "country": "China",
                        "country_code": "CN",
                        "state": null,
                        "state_code": null
                    },
                    {
                        "id": "grid.12981.33",
                        "name": "Sun Yat-sen University",
                        "city": "Guangzhou",
                        "city_id": 1809858,
                        "country": "China",
                        "country_code": "CN",
                        "state": null,
                        "state_code": null
                    }
                ]
            },
            {
                "first_name": "Lin",
                "last_name": "Xu",
                "initials": "",
                "corresponding": true,
                "orcid": "['0000-0002-0537-922X']",
                "current_organization_id": "grid.12981.33",
                "researcher_id": "ur.01146701611.23",
                "affiliations": [
                    {
                        "id": "grid.12981.33",
                        "name": "Sun Yat-sen University",
                        "city": "Guangzhou",
                        "city_id": 1809858,
                        "country": "China",
                        "country_code": "CN",
                        "state": null,
                        "state_code": null
                    },
                    {
                        "id": "grid.12981.33",
                        "name": "Sun Yat-sen University",
                        "city": "Guangzhou",
                        "city_id": 1809858,
                        "country": "China",
                        "country_code": "CN",
                        "state": null,
                        "state_code": null
                    },
                    {
                        "id": "grid.12981.33",
                        "name": "Sun Yat-sen University",
                        "city": "Guangzhou",
                        "city_id": 1809858,
                        "country": "China",
                        "country_code": "CN",
                        "state": null,
                        "state_code": null
                    }
                ]
            }
        ]
    ],
    "pmcid": "PMC5788356",
    "doi": "10.1371/journal.pone.0191789",
    "times_cited": 9,
    "references": [
        "pub.1019538325",
        "pub.1033727638",
        "pub.1068079445",
        "pub.1022817295",
        "pub.1030464221",
        "pub.1051704690",
        "pub.1004467097",
        "pub.1041101590",
        "pub.1040683156",
        "pub.1003169853",
        "pub.1062449149",
        "pub.1019284620",
        "pub.1030970543",
        "pub.1014526974",
        "pub.1044550494",
        "pub.1021341843",
        "pub.1015704176",
        "pub.1024518380",
        "pub.1039741751",
        "pub.1030496271",
        "pub.1020475538",
        "pub.1030517209",
        "pub.1009593818",
        "pub.1001212724",
        "pub.1017700195",
        "pub.1030783897",
        "pub.1010590851",
        "pub.1040537891",
        "pub.1026654577",
        "pub.1030386639",
        "pub.1031646732",
        "pub.1004985309",
        "pub.1036617439",
        "pub.1078513060",
        "pub.1049273973",
        "pub.1037652613",
        "pub.1041723197"
    ],
    "relative_citation_ratio": 1.78
}