{
    "volume": "4",
    "date": "2017-12-01",
    "title": "Strategy and technology to prevent hospital-acquired infections: Lessons from SARS, Ebola, and MERS in Asia and West Africa",
    "researchers": [
        {
            "id": "ur.01304461210.92",
            "last_name": "Liu",
            "first_name": "Wen-Bin",
            "research_orgs": [
                "grid.73113.37"
            ]
        },
        {
            "id": "ur.01123032420.24",
            "last_name": "Ding",
            "first_name": "Yi-Bo",
            "research_orgs": [
                "grid.73113.37"
            ]
        },
        {
            "id": "ur.0746365016.26",
            "last_name": "Cao",
            "first_name": "Guang-Wen",
            "research_orgs": [
                "grid.419897.a",
                "grid.240145.6",
                "grid.39382.33",
                "grid.73113.37"
            ]
        }
    ],
    "pmcid": "PMC5659033",
    "altmetric": 10.0,
    "pages": "32",
    "research_org_cities": [
        {
            "id": 1796236,
            "name": "Shanghai"
        }
    ],
    "open_access": [
        "Open Access - all",
        "Open Access - publisher",
        "Open Access - published"
    ],
    "research_org_countries": [
        {
            "id": "CN",
            "name": "China"
        }
    ],
    "doi": "10.1186/s40779-017-0142-5",
    "FOR": [
        {
            "id": "3177",
            "name": "1117 Public Health and Health Services"
        },
        {
            "id": "3114",
            "name": "1108 Medical Microbiology"
        }
    ],
    "times_cited": 6,
    "research_orgs": [
        {
            "id": "grid.73113.37",
            "acronym": "SMMU",
            "state_name": "Shanghai",
            "types": [
                "Education"
            ],
            "longitude": 121.54572,
            "linkout": [
                "http://www.smmu.edu.cn/english/indexe.htm"
            ],
            "latitude": 31.305561,
            "name": "Second Military Medical University",
            "city_name": "Shanghai",
            "country_name": "China"
        }
    ],
    "pmid": "29502517",
    "research_org_country_names": [
        "China"
    ],
    "id": "pub.1092250960",
    "issue": "1",
    "journal": {
        "id": "jour.1050808",
        "title": "Military Medical Research"
    },
    "year": 2017,
    "references": [
        "pub.1084120748",
        "pub.1022002458",
        "pub.1012377577",
        "pub.1075317910",
        "pub.1045990380",
        "pub.1043655584",
        "pub.1007534936",
        "pub.1078379657",
        "pub.1046089898",
        "pub.1040828069",
        "pub.1034803318",
        "pub.1070926231",
        "pub.1007603930",
        "pub.1015331367",
        "pub.1035254747",
        "pub.1079143330",
        "pub.1031533156",
        "pub.1020300042",
        "pub.1052289522",
        "pub.1024735047",
        "pub.1077728392",
        "pub.1027163725",
        "pub.1017438391",
        "pub.1078651575",
        "pub.1064537956",
        "pub.1018682775",
        "pub.1023963600",
        "pub.1041712126",
        "pub.1049039428",
        "pub.1045428518",
        "pub.1004595748",
        "pub.1078145876",
        "pub.1049328071",
        "pub.1019161493",
        "pub.1073742188",
        "pub.1023523054",
        "pub.1050950113",
        "pub.1045360373",
        "pub.1028830440",
        "pub.1033824869",
        "pub.1046611119",
        "pub.1003324505",
        "pub.1020475538",
        "pub.1025969922",
        "pub.1070837861",
        "pub.1039082729",
        "pub.1004056060",
        "pub.1002961401",
        "pub.1083734298",
        "pub.1011492712",
        "pub.1042302725",
        "pub.1027262678",
        "pub.1004703579",
        "pub.1026550596",
        "pub.1053990447",
        "pub.1070925821",
        "pub.1003440871",
        "pub.1028864765",
        "pub.1017117053"
    ],
    "relative_citation_ratio": 0.58,
    "author_affiliations": [
        [
            {
                "first_name": "Sanjeewa Jayachandra",
                "last_name": "Rajakaruna",
                "initials": "",
                "corresponding": "",
                "orcid": "",
                "current_organization_id": "",
                "researcher_id": "",
                "affiliations": [
                    {
                        "id": "grid.73113.37",
                        "name": "Second Military Medical University",
                        "city": "Shanghai",
                        "city_id": 1796236,
                        "country": "China",
                        "country_code": "CN",
                        "state": null,
                        "state_code": null
                    }
                ]
            },
            {
                "first_name": "Wen-Bin",
                "last_name": "Liu",
                "initials": "",
                "corresponding": "",
                "orcid": "",
                "current_organization_id": "grid.73113.37",
                "researcher_id": "ur.01304461210.92",
                "affiliations": [
                    {
                        "id": "grid.73113.37",
                        "name": "Second Military Medical University",
                        "city": "Shanghai",
                        "city_id": 1796236,
                        "country": "China",
                        "country_code": "CN",
                        "state": null,
                        "state_code": null
                    }
                ]
            },
            {
                "first_name": "Yi-Bo",
                "last_name": "Ding",
                "initials": "",
                "corresponding": "",
                "orcid": "",
                "current_organization_id": "grid.73113.37",
                "researcher_id": "ur.01123032420.24",
                "affiliations": [
                    {
                        "id": "grid.73113.37",
                        "name": "Second Military Medical University",
                        "city": "Shanghai",
                        "city_id": 1796236,
                        "country": "China",
                        "country_code": "CN",
                        "state": null,
                        "state_code": null
                    }
                ]
            },
            {
                "first_name": "Guang-Wen",
                "last_name": "Cao",
                "initials": "",
                "corresponding": true,
                "orcid": "",
                "current_organization_id": "grid.73113.37",
                "researcher_id": "ur.0746365016.26",
                "affiliations": [
                    {
                        "id": "grid.73113.37",
                        "name": "Second Military Medical University",
                        "city": "Shanghai",
                        "city_id": 1796236,
                        "country": "China",
                        "country_code": "CN",
                        "state": null,
                        "state_code": null
                    }
                ]
            }
        ]
    ],
    "type": "article"
}