{
    "author_affiliations": [
        [
            {
                "first_name": "Biao",
                "last_name": "Tang",
                "initials": "",
                "corresponding": "",
                "orcid": "['0000-0002-0418-5773']",
                "current_organization_id": "grid.21100.32",
                "researcher_id": "ur.01267554405.62",
                "affiliations": [
                    {
                        "name": "Xi'an Jiaotong University (XJTU) - The Interdisplinary Research Center for Mathematics and Life Sciences; York University - Department of Mathematics and Statistics"
                    }
                ]
            },
            {
                "first_name": "Xia",
                "last_name": "Wang",
                "initials": "",
                "corresponding": "",
                "orcid": "",
                "current_organization_id": "grid.412498.2",
                "researcher_id": "ur.014246701637.46",
                "affiliations": [
                    {
                        "id": "grid.412498.2",
                        "name": "Shaanxi Normal University",
                        "city": "Xi'an",
                        "city_id": 1790630,
                        "country": "China",
                        "country_code": "CN",
                        "state": null,
                        "state_code": null
                    }
                ]
            },
            {
                "first_name": "Qian",
                "last_name": "Li",
                "initials": "",
                "corresponding": "",
                "orcid": "",
                "current_organization_id": "",
                "researcher_id": "",
                "affiliations": [
                    {
                        "name": "Xi'an Jiaotong University (XJTU) - School of Mathematics and Statistics; York University - Laboratory for Industrial and Applied Mathematics"
                    }
                ]
            },
            {
                "first_name": "Nicola Luigi",
                "last_name": "Bragazzi",
                "initials": "",
                "corresponding": "",
                "orcid": "['0000-0001-8409-868X']",
                "current_organization_id": "grid.5606.5",
                "researcher_id": "ur.01120673372.53",
                "affiliations": [
                    {
                        "name": "York University - Laboratory for Industrial and Applied Mathematics"
                    }
                ]
            },
            {
                "first_name": "Sanyi",
                "last_name": "Tang",
                "initials": "",
                "corresponding": "",
                "orcid": "['0000-0002-3324-746X']",
                "current_organization_id": "grid.412498.2",
                "researcher_id": "ur.01257655546.59",
                "affiliations": [
                    {
                        "id": "grid.412498.2",
                        "name": "Shaanxi Normal University",
                        "city": "Xi'an",
                        "city_id": 1790630,
                        "country": "China",
                        "country_code": "CN",
                        "state": null,
                        "state_code": null
                    }
                ]
            },
            {
                "first_name": "Yanni",
                "last_name": "Xiao",
                "initials": "",
                "corresponding": "",
                "orcid": "",
                "current_organization_id": "grid.43169.39",
                "researcher_id": "ur.0775623404.72",
                "affiliations": [
                    {
                        "id": "grid.43169.39",
                        "name": "Xi'an Jiaotong University",
                        "city": "Xi'an",
                        "city_id": 1790630,
                        "country": "China",
                        "country_code": "CN",
                        "state": null,
                        "state_code": null
                    }
                ]
            },
            {
                "first_name": "Jianhong",
                "last_name": "Wu",
                "initials": "",
                "corresponding": "",
                "orcid": "",
                "current_organization_id": "grid.21100.32",
                "researcher_id": "ur.01002225376.92",
                "affiliations": [
                    {
                        "name": "Xi'an Jiaotong University (XJTU) - The Interdisplinary Research Center for Mathematics and Life Sciences; York University - Laboratory for Industrial and Applied Mathematics; York University - Laboratory for Industrial and Applied Mathematics"
                    }
                ]
            }
        ]
    ],
    "altmetric": 50.0,
    "FOR": [
        {
            "id": "3177",
            "name": "1117 Public Health and Health Services"
        }
    ],
    "research_org_countries": [
        {
            "id": "CA",
            "name": "Canada"
        },
        {
            "id": "CN",
            "name": "China"
        }
    ],
    "title": "Estimation of the Transmission Risk of 2019-nCov and Its Implication for Public Health Interventions",
    "research_org_cities": [
        {
            "id": 6167865,
            "name": "Toronto"
        },
        {
            "id": 1790630,
            "name": "Xi\u2019an"
        }
    ],
    "research_org_state_names": [
        "Ontario"
    ],
    "open_access": [
        "Open Access - all",
        "Open Access - repository",
        "Open Access - published"
    ],
    "doi": "10.2139/ssrn.3525558",
    "times_cited": 12,
    "journal": {
        "id": "jour.1276748",
        "title": "SSRN Electronic Journal"
    },
    "year": 2020,
    "research_orgs": [
        {
            "id": "grid.43169.39",
            "name": "Xi'an Jiaotong University",
            "linkout": [
                "http://en.xjtu.edu.cn/"
            ],
            "country_name": "China",
            "types": [
                "Education"
            ],
            "latitude": 34.247223,
            "acronym": "XJTU",
            "city_name": "Xi'an",
            "longitude": 108.979164
        },
        {
            "id": "grid.412498.2",
            "name": "Shaanxi Normal University",
            "linkout": [
                "http://english.snnu.edu.cn/"
            ],
            "country_name": "China",
            "types": [
                "Education"
            ],
            "latitude": 34.20334,
            "acronym": "SNNU",
            "city_name": "Xi'an",
            "longitude": 108.95021
        }
    ],
    "id": "pub.1124371076",
    "references": [
        "pub.1124012707",
        "pub.1123942297",
        "pub.1008246728",
        "pub.1123145075",
        "pub.1122097233",
        "pub.1010586706",
        "pub.1011135674",
        "pub.1030527673",
        "pub.1017746588",
        "pub.1012950607",
        "pub.1124131703",
        "pub.1124145721",
        "pub.1040995616",
        "pub.1014400829",
        "pub.1124198548",
        "pub.1124078561",
        "pub.1111666823",
        "pub.1124223406"
    ],
    "research_org_country_names": [
        "China",
        "Canada"
    ],
    "date": "2020-01-01",
    "research_org_state_codes": [
        {
            "id": "CA-ON",
            "name": "Ontario"
        }
    ],
    "researchers": [
        {
            "id": "ur.01267554405.62",
            "research_orgs": [
                "grid.43169.39",
                "grid.21100.32",
                "grid.249304.8"
            ],
            "last_name": "Tang",
            "first_name": "Biao",
            "orcid_id": [
                "0000-0002-0418-5773"
            ]
        },
        {
            "id": "ur.014246701637.46",
            "research_orgs": [
                "grid.412498.2"
            ],
            "last_name": "Wang",
            "first_name": "Xia"
        },
        {
            "id": "ur.01120673372.53",
            "research_orgs": [
                "grid.38678.32",
                "grid.10737.32",
                "grid.413795.d",
                "grid.460100.3",
                "grid.410345.7",
                "grid.9027.c",
                "grid.412603.2",
                "grid.21100.32",
                "grid.38603.3e",
                "grid.5606.5",
                "grid.8393.1",
                "grid.411196.a",
                "grid.20715.31",
                "grid.412124.0"
            ],
            "last_name": "Bragazzi",
            "first_name": "Nicola Luigi",
            "orcid_id": [
                "0000-0001-8409-868X"
            ]
        },
        {
            "id": "ur.01257655546.59",
            "research_orgs": [
                "grid.7372.1",
                "grid.412498.2",
                "grid.9227.e"
            ],
            "last_name": "Tang",
            "first_name": "San Yi",
            "orcid_id": [
                "0000-0002-3324-746X"
            ]
        },
        {
            "id": "ur.0775623404.72",
            "research_orgs": [
                "grid.43169.39",
                "grid.418374.d",
                "grid.412498.2",
                "grid.9227.e",
                "grid.10025.36"
            ],
            "last_name": "Xiao",
            "first_name": "Yan-Ni"
        },
        {
            "id": "ur.01002225376.92",
            "research_orgs": [
                "grid.56061.34",
                "grid.16821.3c",
                "grid.14476.30",
                "grid.5685.e",
                "grid.17089.37",
                "grid.43169.39",
                "grid.33199.31",
                "grid.21100.32",
                "grid.67293.39",
                "grid.189504.1"
            ],
            "last_name": "Wu",
            "first_name": "Jianhong"
        }
    ],
    "type": "preprint"
}