{
    "volume": "91",
    "date": "2017-12-01",
    "title": "Structurally Guided Removal of DeISGylase Biochemical Activity from Papain-Like Protease Originating from Middle East Respiratory Syndrome Coronavirus",
    "researchers": [
        {
            "id": "ur.01026261345.55",
            "last_name": "Daczkowski",
            "first_name": "Courtney M",
            "orcid_id": [
                "0000-0003-0042-9301"
            ],
            "research_orgs": [
                "grid.169077.e",
                "grid.256302.0",
                "grid.213876.9"
            ]
        },
        {
            "id": "ur.0710562314.74",
            "last_name": "Goodwin",
            "first_name": "Octavia Y",
            "research_orgs": [
                "grid.410428.b",
                "grid.213876.9",
                "grid.64337.35"
            ]
        },
        {
            "id": "ur.016327015445.07",
            "last_name": "Dzimianski",
            "first_name": "John V",
            "research_orgs": [
                "grid.213876.9"
            ]
        },
        {
            "id": "ur.0660245234.24",
            "last_name": "Pegan",
            "first_name": "Scott Dusan",
            "research_orgs": [
                "grid.418402.b",
                "grid.266239.a",
                "grid.185648.6",
                "grid.213876.9",
                "grid.420210.5"
            ]
        }
    ],
    "pmcid": "PMC5686735",
    "research_org_state_codes": [
        {
            "id": "US-GA",
            "name": "Georgia"
        }
    ],
    "altmetric": 1.0,
    "pages": "e01067-17",
    "research_org_cities": [
        {
            "id": 4180386,
            "name": "Athens"
        }
    ],
    "open_access": [
        "Open Access - all",
        "Open Access - publisher",
        "Open Access - published"
    ],
    "research_org_countries": [
        {
            "id": "US",
            "name": "United States"
        }
    ],
    "doi": "10.1128/jvi.01067-17",
    "FOR": [
        {
            "id": "2581",
            "name": "0601 Biochemistry and Cell Biology"
        }
    ],
    "times_cited": 9,
    "research_orgs": [
        {
            "id": "grid.213876.9",
            "acronym": "UGA",
            "state_name": "Georgia",
            "types": [
                "Education"
            ],
            "longitude": -83.37734,
            "linkout": [
                "http://www.uga.edu/"
            ],
            "latitude": 33.948273,
            "name": "University of Georgia",
            "city_name": "Athens",
            "country_name": "United States"
        }
    ],
    "pmid": "28931677",
    "funders": [
        {
            "id": "grid.452988.a",
            "acronym": "BES",
            "state_name": "District of Columbia",
            "types": [
                "Government"
            ],
            "longitude": -77.02598,
            "linkout": [
                "https://science.osti.gov/bes"
            ],
            "latitude": 38.887222,
            "name": "Office of Basic Energy Sciences",
            "city_name": "Washington D.C.",
            "country_name": "United States"
        },
        {
            "id": "grid.187073.a",
            "acronym": "ANL",
            "state_name": "Illinois",
            "types": [
                "Facility"
            ],
            "longitude": -87.981995,
            "linkout": [
                "http://www.anl.gov/"
            ],
            "latitude": 41.709167,
            "name": "Argonne National Laboratory",
            "city_name": "Lemont",
            "country_name": "United States"
        },
        {
            "id": "grid.417548.b",
            "acronym": "USDA",
            "state_name": "District of Columbia",
            "types": [
                "Government"
            ],
            "longitude": -77.03003,
            "linkout": [
                "http://www.usda.gov/"
            ],
            "latitude": 38.88794,
            "name": "United States Department of Agriculture",
            "city_name": "Washington D.C.",
            "country_name": "United States"
        },
        {
            "id": "grid.419681.3",
            "acronym": "NIAID",
            "state_name": "Maryland",
            "types": [
                "Facility"
            ],
            "longitude": -77.11183,
            "linkout": [
                "http://www.niaid.nih.gov/Pages/default.aspx"
            ],
            "latitude": 39.066647,
            "name": "National Institute of Allergy and Infectious Diseases",
            "city_name": "Bethesda",
            "country_name": "United States"
        }
    ],
    "research_org_country_names": [
        "United States"
    ],
    "id": "pub.1091930973",
    "issue": "23",
    "journal": {
        "id": "jour.1008072",
        "title": "Journal of Virology"
    },
    "year": 2017,
    "references": [
        "pub.1025461012",
        "pub.1035436373",
        "pub.1033877111",
        "pub.1027055628",
        "pub.1060400024",
        "pub.1079343524",
        "pub.1020777046",
        "pub.1018458004",
        "pub.1009698018",
        "pub.1043578577",
        "pub.1049284704",
        "pub.1085130846",
        "pub.1017837695",
        "pub.1004907170",
        "pub.1009745565",
        "pub.1046820623",
        "pub.1026726448",
        "pub.1012753217",
        "pub.1037895965",
        "pub.1022214870",
        "pub.1040168324",
        "pub.1039890077",
        "pub.1071123575",
        "pub.1062712630",
        "pub.1041627812",
        "pub.1024668704",
        "pub.1039876756",
        "pub.1026960967",
        "pub.1020281098",
        "pub.1053102981",
        "pub.1043875870",
        "pub.1043855769",
        "pub.1034351124"
    ],
    "relative_citation_ratio": 1.01,
    "research_org_state_names": [
        "Georgia"
    ],
    "author_affiliations": [
        [
            {
                "first_name": "Courtney M.",
                "last_name": "Daczkowski",
                "initials": "",
                "corresponding": "",
                "orcid": "['0000-0003-0042-9301']",
                "current_organization_id": "grid.213876.9",
                "researcher_id": "ur.01026261345.55",
                "affiliations": [
                    {
                        "id": "grid.213876.9",
                        "name": "University of Georgia",
                        "city": "Athens",
                        "city_id": 4180386,
                        "country": "United States",
                        "country_code": "US",
                        "state": "Georgia",
                        "state_code": "US-GA"
                    }
                ]
            },
            {
                "first_name": "Octavia Y.",
                "last_name": "Goodwin",
                "initials": "",
                "corresponding": "",
                "orcid": "",
                "current_organization_id": "grid.213876.9",
                "researcher_id": "ur.0710562314.74",
                "affiliations": [
                    {
                        "id": "grid.213876.9",
                        "name": "University of Georgia",
                        "city": "Athens",
                        "city_id": 4180386,
                        "country": "United States",
                        "country_code": "US",
                        "state": "Georgia",
                        "state_code": "US-GA"
                    }
                ]
            },
            {
                "first_name": "John V.",
                "last_name": "Dzimianski",
                "initials": "",
                "corresponding": "",
                "orcid": "",
                "current_organization_id": "grid.213876.9",
                "researcher_id": "ur.016327015445.07",
                "affiliations": [
                    {
                        "id": "grid.213876.9",
                        "name": "University of Georgia",
                        "city": "Athens",
                        "city_id": 4180386,
                        "country": "United States",
                        "country_code": "US",
                        "state": "Georgia",
                        "state_code": "US-GA"
                    }
                ]
            },
            {
                "first_name": "Jonathan J.",
                "last_name": "Farhat",
                "initials": "",
                "corresponding": "",
                "orcid": "",
                "current_organization_id": "",
                "researcher_id": "",
                "affiliations": [
                    {
                        "id": "grid.213876.9",
                        "name": "University of Georgia",
                        "city": "Athens",
                        "city_id": 4180386,
                        "country": "United States",
                        "country_code": "US",
                        "state": "Georgia",
                        "state_code": "US-GA"
                    }
                ]
            },
            {
                "first_name": "Scott D.",
                "last_name": "Pegan",
                "initials": "",
                "corresponding": "",
                "orcid": "",
                "current_organization_id": "grid.213876.9",
                "researcher_id": "ur.0660245234.24",
                "affiliations": [
                    {
                        "id": "grid.213876.9",
                        "name": "University of Georgia",
                        "city": "Athens",
                        "city_id": 4180386,
                        "country": "United States",
                        "country_code": "US",
                        "state": "Georgia",
                        "state_code": "US-GA"
                    }
                ]
            }
        ]
    ],
    "type": "article"
}