{
    "volume": "89",
    "date": "2015-09-01",
    "title": "Identification of the Receptor-Binding Domain of the Spike Glycoprotein of Human Betacoronavirus HKU1",
    "researchers": [
        {
            "id": "ur.0743270650.70",
            "last_name": "Qian",
            "first_name": "Zhaohui",
            "orcid_id": [
                "0000-0003-4116-4450"
            ],
            "research_orgs": [
                "grid.267301.1",
                "grid.430503.1",
                "grid.12527.33",
                "grid.410318.f",
                "grid.413106.1"
            ]
        },
        {
            "id": "ur.0635420301.06",
            "last_name": "Ou",
            "first_name": "Xiuyuan",
            "research_orgs": [
                "grid.464474.1",
                "grid.12527.33",
                "grid.413106.1"
            ]
        },
        {
            "id": "ur.01351730535.68",
            "last_name": "G\u00f3es",
            "first_name": "Luiz Gustavo Bentim",
            "research_orgs": [
                "grid.469946.0",
                "grid.11899.38",
                "grid.466647.1",
                "grid.418514.d",
                "grid.410543.7",
                "grid.412890.6",
                "grid.430503.1"
            ]
        },
        {
            "id": "ur.01126274356.32",
            "last_name": "Osborne",
            "first_name": "Christina M",
            "research_orgs": [
                "grid.413957.d",
                "grid.430503.1"
            ]
        },
        {
            "id": "ur.01061740154.04",
            "last_name": "Holmes",
            "first_name": "Kathryn V",
            "research_orgs": [
                "grid.238491.5",
                "grid.430503.1",
                "grid.134907.8",
                "grid.280333.9",
                "grid.5477.1",
                "grid.429325.b",
                "grid.265436.0",
                "grid.416870.c",
                "grid.267313.2",
                "grid.63622.33",
                "grid.241116.1",
                "grid.280051.e",
                "grid.502801.e",
                "grid.416214.4",
                "grid.94365.3d"
            ]
        },
        {
            "id": "ur.0722266411.17",
            "last_name": "Dominguez",
            "first_name": "Samuel Richard",
            "research_orgs": [
                "grid.430503.1",
                "grid.412578.d",
                "grid.412890.6",
                "grid.413957.d",
                "grid.413085.b",
                "grid.266102.1",
                "grid.170205.1",
                "grid.241116.1",
                "grid.11899.38",
                "grid.67105.35",
                "grid.416738.f",
                "grid.410543.7"
            ]
        }
    ],
    "pmcid": "PMC4524053",
    "research_org_state_codes": [
        {
            "id": "US-CO",
            "name": "Colorado"
        }
    ],
    "altmetric": 1.0,
    "pages": "8816-8827",
    "research_org_cities": [
        {
            "id": 5412347,
            "name": "Aurora"
        },
        {
            "id": 1816670,
            "name": "Beijing"
        }
    ],
    "open_access": [
        "Open Access - all",
        "Open Access - publisher",
        "Open Access - published"
    ],
    "research_org_countries": [
        {
            "id": "US",
            "name": "United States"
        },
        {
            "id": "CN",
            "name": "China"
        }
    ],
    "doi": "10.1128/jvi.03737-14",
    "FOR": [
        {
            "id": "3114",
            "name": "1108 Medical Microbiology"
        }
    ],
    "times_cited": 13,
    "research_orgs": [
        {
            "id": "grid.430503.1",
            "state_name": "Colorado",
            "types": [
                "Education"
            ],
            "longitude": -104.83715,
            "linkout": [
                "http://www.ucdenver.edu/anschutz/Pages/landing.aspx"
            ],
            "latitude": 39.745148,
            "name": "University of Colorado Anschutz Medical Campus",
            "city_name": "Aurora",
            "country_name": "United States"
        },
        {
            "id": "grid.506261.6",
            "acronym": "CAMS&PUMC",
            "types": [
                "Education"
            ],
            "longitude": 116.41479,
            "linkout": [
                "http://www.cams.ac.cn/"
            ],
            "latitude": 39.91149,
            "name": "Chinese Academy of Medical Sciences & Peking Union Medical College",
            "city_name": "Beijing",
            "country_name": "China"
        }
    ],
    "pmid": "26085157",
    "funders": [
        {
            "id": "grid.419681.3",
            "acronym": "NIAID",
            "state_name": "Maryland",
            "types": [
                "Facility"
            ],
            "longitude": -77.11183,
            "linkout": [
                "http://www.niaid.nih.gov/Pages/default.aspx"
            ],
            "latitude": 39.066647,
            "name": "National Institute of Allergy and Infectious Diseases",
            "city_name": "Bethesda",
            "country_name": "United States"
        },
        {
            "id": "grid.417684.8",
            "acronym": "USPHS",
            "state_name": "District of Columbia",
            "types": [
                "Government"
            ],
            "longitude": -77.029,
            "linkout": [
                "http://www.usphs.gov/"
            ],
            "latitude": 38.919567,
            "name": "United States Public Health Service",
            "city_name": "Washington D.C.",
            "country_name": "United States"
        },
        {
            "id": "grid.419897.a",
            "acronym": "MOE",
            "types": [
                "Government"
            ],
            "longitude": 116.36881,
            "linkout": [
                "http://www.moe.edu.cn/publicfiles/business/htmlfiles/moe/moe_2792/"
            ],
            "latitude": 39.91388,
            "name": "Ministry of Education of the People's Republic of China",
            "city_name": "Beijing",
            "country_name": "China"
        },
        {
            "id": "grid.419696.5",
            "acronym": "NSFC",
            "types": [
                "Government"
            ],
            "longitude": 116.33983,
            "linkout": [
                "http://www.nsfc.gov.cn/publish/portal1/"
            ],
            "latitude": 40.005177,
            "name": "National Natural Science Foundation of China",
            "city_name": "Beijing",
            "country_name": "China"
        },
        {
            "id": "grid.48336.3a",
            "acronym": "NCI",
            "state_name": "Maryland",
            "types": [
                "Government"
            ],
            "longitude": -77.10119,
            "linkout": [
                "http://www.cancer.gov/"
            ],
            "latitude": 39.004326,
            "name": "National Cancer Institute",
            "city_name": "Rockville",
            "country_name": "United States"
        }
    ],
    "research_org_country_names": [
        "China",
        "United States"
    ],
    "id": "pub.1020101397",
    "issue": "17",
    "journal": {
        "id": "jour.1008072",
        "title": "Journal of Virology"
    },
    "year": 2015,
    "references": [
        "pub.1038542882",
        "pub.1035417351",
        "pub.1012569007",
        "pub.1060399440",
        "pub.1028952995",
        "pub.1029593788",
        "pub.1030642000",
        "pub.1013905993",
        "pub.1034086944",
        "pub.1052467457",
        "pub.1067825405",
        "pub.1051791680",
        "pub.1008834366",
        "pub.1039398389",
        "pub.1035680398",
        "pub.1002981328",
        "pub.1010503954",
        "pub.1040369884",
        "pub.1031427255",
        "pub.1077342066",
        "pub.1082943962",
        "pub.1033523935",
        "pub.1049791389",
        "pub.1040468747",
        "pub.1036012089",
        "pub.1025519629",
        "pub.1014899288",
        "pub.1016264746",
        "pub.1051316131",
        "pub.1006076550",
        "pub.1000775638",
        "pub.1023447247",
        "pub.1010590851",
        "pub.1030147407",
        "pub.1033671149",
        "pub.1020067042",
        "pub.1025085714",
        "pub.1015145921",
        "pub.1013973792",
        "pub.1082398795",
        "pub.1025220744",
        "pub.1062452520",
        "pub.1046195728",
        "pub.1031053265",
        "pub.1043875870",
        "pub.1000706676",
        "pub.1047764243",
        "pub.1024705689",
        "pub.1050647385",
        "pub.1082396389"
    ],
    "relative_citation_ratio": 0.68,
    "research_org_state_names": [
        "Colorado"
    ],
    "author_affiliations": [
        [
            {
                "first_name": "Zhaohui",
                "last_name": "Qian",
                "initials": "",
                "corresponding": "",
                "orcid": "['0000-0003-4116-4450']",
                "current_organization_id": "grid.413106.1",
                "researcher_id": "ur.0743270650.70",
                "affiliations": [
                    {
                        "id": "grid.506261.6",
                        "name": "Chinese Academy of Medical Sciences & Peking Union Medical College",
                        "city": "Beijing",
                        "city_id": 1816670,
                        "country": "China",
                        "country_code": "CN",
                        "state": null,
                        "state_code": null
                    },
                    {
                        "id": "grid.430503.1",
                        "name": "University of Colorado Anschutz Medical Campus",
                        "city": "Aurora",
                        "city_id": 5412347,
                        "country": "United States",
                        "country_code": "US",
                        "state": "Colorado",
                        "state_code": "US-CO"
                    }
                ]
            },
            {
                "first_name": "Xiuyuan",
                "last_name": "Ou",
                "initials": "",
                "corresponding": "",
                "orcid": "",
                "current_organization_id": "grid.413106.1",
                "researcher_id": "ur.0635420301.06",
                "affiliations": [
                    {
                        "id": "grid.506261.6",
                        "name": "Chinese Academy of Medical Sciences & Peking Union Medical College",
                        "city": "Beijing",
                        "city_id": 1816670,
                        "country": "China",
                        "country_code": "CN",
                        "state": null,
                        "state_code": null
                    }
                ]
            },
            {
                "first_name": "Luiz Gustavo Bentim",
                "last_name": "G\u00f3es",
                "initials": "",
                "corresponding": "",
                "orcid": "",
                "current_organization_id": "grid.11899.38",
                "researcher_id": "ur.01351730535.68",
                "affiliations": [
                    {
                        "id": "grid.430503.1",
                        "name": "University of Colorado Anschutz Medical Campus",
                        "city": "Aurora",
                        "city_id": 5412347,
                        "country": "United States",
                        "country_code": "US",
                        "state": "Colorado",
                        "state_code": "US-CO"
                    }
                ]
            },
            {
                "first_name": "Christina",
                "last_name": "Osborne",
                "initials": "",
                "corresponding": "",
                "orcid": "",
                "current_organization_id": "grid.430503.1",
                "researcher_id": "ur.01126274356.32",
                "affiliations": [
                    {
                        "id": "grid.430503.1",
                        "name": "University of Colorado Anschutz Medical Campus",
                        "city": "Aurora",
                        "city_id": 5412347,
                        "country": "United States",
                        "country_code": "US",
                        "state": "Colorado",
                        "state_code": "US-CO"
                    }
                ]
            },
            {
                "first_name": "Anna",
                "last_name": "Castano",
                "initials": "",
                "corresponding": "",
                "orcid": "",
                "current_organization_id": "",
                "researcher_id": "",
                "affiliations": [
                    {
                        "id": "grid.430503.1",
                        "name": "University of Colorado Anschutz Medical Campus",
                        "city": "Aurora",
                        "city_id": 5412347,
                        "country": "United States",
                        "country_code": "US",
                        "state": "Colorado",
                        "state_code": "US-CO"
                    }
                ]
            },
            {
                "first_name": "Kathryn V.",
                "last_name": "Holmes",
                "initials": "",
                "corresponding": "",
                "orcid": "",
                "current_organization_id": "grid.430503.1",
                "researcher_id": "ur.01061740154.04",
                "affiliations": [
                    {
                        "id": "grid.430503.1",
                        "name": "University of Colorado Anschutz Medical Campus",
                        "city": "Aurora",
                        "city_id": 5412347,
                        "country": "United States",
                        "country_code": "US",
                        "state": "Colorado",
                        "state_code": "US-CO"
                    }
                ]
            },
            {
                "first_name": "Samuel R.",
                "last_name": "Dominguez",
                "initials": "",
                "corresponding": "",
                "orcid": "",
                "current_organization_id": "grid.430503.1",
                "researcher_id": "ur.0722266411.17",
                "affiliations": [
                    {
                        "id": "grid.430503.1",
                        "name": "University of Colorado Anschutz Medical Campus",
                        "city": "Aurora",
                        "city_id": 5412347,
                        "country": "United States",
                        "country_code": "US",
                        "state": "Colorado",
                        "state_code": "US-CO"
                    }
                ]
            }
        ]
    ],
    "type": "article"
}