{
    "volume": "22",
    "date": "2016-06-01",
    "title": "Experimental Infection and Response to Rechallenge of Alpacas with Middle East Respiratory Syndrome Coronavirus",
    "researchers": [
        {
            "id": "ur.01351710227.45",
            "last_name": "Crameri",
            "first_name": "Gary S",
            "research_orgs": [
                "grid.442958.6",
                "grid.413322.5",
                "grid.47894.36",
                "grid.414142.6",
                "grid.417660.2",
                "grid.411978.2",
                "grid.420826.a",
                "grid.21729.3f",
                "grid.20419.3e",
                "grid.1016.6",
                "grid.422685.f",
                "grid.5335.0",
                "grid.412140.2",
                "grid.194645.b"
            ]
        },
        {
            "id": "ur.0674512325.83",
            "last_name": "Durr",
            "first_name": "Peter A",
            "orcid_id": [
                "0000-0003-0851-5300"
            ],
            "research_orgs": [
                "grid.412140.2",
                "grid.413322.5",
                "grid.194645.b",
                "grid.411978.2",
                "grid.1016.6",
                "grid.1011.1",
                "grid.422685.f"
            ]
        },
        {
            "id": "ur.01134610317.33",
            "last_name": "Klein",
            "first_name": "Reuben",
            "research_orgs": [
                "grid.413322.5",
                "grid.416882.1",
                "grid.411978.2",
                "grid.194645.b",
                "grid.265436.0",
                "grid.412140.2"
            ]
        },
        {
            "id": "ur.01001006325.25",
            "last_name": "Foord",
            "first_name": "Adam J",
            "research_orgs": [
                "grid.413322.5",
                "grid.265436.0",
                "grid.416882.1",
                "grid.411978.2",
                "grid.417660.2",
                "grid.412140.2",
                "grid.194645.b"
            ]
        },
        {
            "id": "ur.01337605274.52",
            "last_name": "Yu",
            "first_name": "Meng",
            "research_orgs": [
                "grid.442958.6",
                "grid.413322.5",
                "grid.501571.7",
                "grid.47894.36",
                "grid.414142.6",
                "grid.411729.8",
                "grid.417660.2",
                "grid.428397.3",
                "grid.411978.2",
                "grid.420826.a",
                "grid.21729.3f",
                "grid.20419.3e",
                "grid.422685.f",
                "grid.5335.0",
                "grid.412140.2",
                "grid.194645.b"
            ]
        },
        {
            "id": "ur.01357155533.28",
            "last_name": "Riddell",
            "first_name": "Sarah J",
            "research_orgs": [
                "grid.411978.2",
                "grid.413322.5",
                "grid.412140.2",
                "grid.194645.b"
            ]
        },
        {
            "id": "ur.01325735546.00",
            "last_name": "Haining",
            "first_name": "Jessica",
            "research_orgs": [
                "grid.1008.9",
                "grid.265436.0",
                "grid.416882.1",
                "grid.411978.2",
                "grid.413322.5",
                "grid.412140.2",
                "grid.194645.b"
            ]
        },
        {
            "id": "ur.01062672241.49",
            "last_name": "Johnson",
            "first_name": "Dayna",
            "research_orgs": [
                "grid.265436.0",
                "grid.411978.2",
                "grid.416882.1",
                "grid.194645.b",
                "grid.413322.5",
                "grid.412140.2"
            ]
        },
        {
            "id": "ur.01025747355.16",
            "last_name": "Hemida",
            "first_name": "Maged Gomaa",
            "orcid_id": [
                "0000-0002-5986-7237"
            ],
            "research_orgs": [
                "grid.416553.0",
                "grid.17091.3e",
                "grid.411978.2",
                "grid.413322.5",
                "grid.412140.2",
                "grid.194645.b"
            ]
        },
        {
            "id": "ur.01040745367.40",
            "last_name": "Barr",
            "first_name": "Jennifer A",
            "orcid_id": [
                "0000-0001-5266-9142"
            ],
            "research_orgs": [
                "grid.413322.5",
                "grid.411978.2",
                "grid.1016.6",
                "grid.422685.f",
                "grid.417660.2",
                "grid.412140.2",
                "grid.194645.b"
            ]
        },
        {
            "id": "ur.01013234650.33",
            "last_name": "Peiris",
            "first_name": "Malik J S",
            "orcid_id": [
                "0000-0001-8217-5995"
            ],
            "research_orgs": [
                "grid.12527.33",
                "grid.198530.6",
                "grid.22903.3a",
                "grid.5645.2",
                "grid.410726.6",
                "grid.410741.7",
                "grid.45202.31",
                "grid.194645.b",
                "grid.14105.31",
                "grid.39158.36",
                "grid.470066.3",
                "grid.470124.4",
                "grid.428999.7",
                "grid.502825.8",
                "grid.473410.5",
                "grid.31501.36",
                "grid.452858.6",
                "grid.433871.a",
                "grid.420826.a",
                "grid.411978.2",
                "grid.413322.5",
                "grid.7445.2",
                "grid.263451.7",
                "grid.416738.f",
                "grid.411679.c",
                "grid.419725.c",
                "grid.412125.1",
                "grid.411324.1",
                "grid.412140.2",
                "grid.21155.32",
                "grid.415115.5",
                "grid.482283.7",
                "grid.8183.2",
                "grid.415277.2",
                "grid.494092.2",
                "grid.240871.8"
            ]
        },
        {
            "id": "ur.01001342025.85",
            "last_name": "Middleton",
            "first_name": "Deborah Joan",
            "research_orgs": [
                "grid.1680.f",
                "grid.1008.9",
                "grid.1021.2",
                "grid.417660.2",
                "grid.1003.2",
                "grid.265436.0",
                "grid.429299.d",
                "grid.416882.1",
                "grid.411978.2",
                "grid.1016.6",
                "grid.413322.5",
                "grid.412140.2",
                "grid.194645.b"
            ]
        },
        {
            "id": "ur.01044121035.54",
            "last_name": "Wang",
            "first_name": "Lin-Fa",
            "orcid_id": [
                "0000-0003-2752-0535"
            ],
            "research_orgs": [
                "grid.413322.5",
                "grid.5335.0",
                "grid.49470.3e",
                "grid.410726.6",
                "grid.20419.3e",
                "grid.428397.3",
                "grid.440682.c",
                "grid.416882.1",
                "grid.4280.e",
                "grid.422685.f",
                "grid.27255.37",
                "grid.420826.a",
                "grid.40803.3f",
                "grid.417660.2",
                "grid.1002.3",
                "grid.1016.6",
                "grid.194645.b",
                "grid.492998.7",
                "grid.442958.6",
                "grid.265436.0",
                "grid.22069.3f",
                "grid.1008.9",
                "grid.464498.3",
                "grid.412140.2",
                "grid.47894.36",
                "grid.414142.6",
                "grid.21729.3f",
                "grid.198530.6",
                "grid.9227.e",
                "grid.411978.2",
                "grid.411729.8",
                "grid.1021.2",
                "grid.26009.3d",
                "grid.411863.9"
            ]
        }
    ],
    "pmcid": "PMC4880109",
    "research_org_state_codes": [
        {
            "id": "AU-VIC",
            "name": "Victoria"
        }
    ],
    "altmetric": 32.0,
    "pages": "1071-1074",
    "research_org_cities": [
        {
            "id": 109571,
            "name": "Al Huf\u016bf"
        },
        {
            "id": 2165798,
            "name": "Geelong"
        },
        {
            "id": 354502,
            "name": "Kafr ash Shaykh"
        },
        {
            "id": 1819729,
            "name": "Hong Kong"
        },
        {
            "id": 1880252,
            "name": "Singapore"
        }
    ],
    "open_access": [
        "Open Access - all",
        "Open Access - publisher",
        "Open Access - published"
    ],
    "research_org_countries": [
        {
            "id": "SA",
            "name": "Saudi Arabia"
        },
        {
            "id": "EG",
            "name": "Egypt"
        },
        {
            "id": "SG",
            "name": "Singapore"
        },
        {
            "id": "CN",
            "name": "China"
        },
        {
            "id": "AU",
            "name": "Australia"
        }
    ],
    "doi": "10.3201/eid2206.160007",
    "FOR": [
        {
            "id": "3114",
            "name": "1108 Medical Microbiology"
        }
    ],
    "times_cited": 23,
    "research_orgs": [
        {
            "id": "grid.411978.2",
            "types": [
                "Education"
            ],
            "longitude": 30.95,
            "linkout": [
                "http://www.kfs.edu.eg/engkfs/"
            ],
            "latitude": 31.098333,
            "name": "Kafrelsheikh University",
            "city_name": "Kafr ash Shaykh",
            "country_name": "Egypt"
        },
        {
            "id": "grid.413322.5",
            "acronym": "AAHL",
            "state_name": "Victoria",
            "types": [
                "Facility"
            ],
            "longitude": 144.39027,
            "linkout": [
                "http://www.csiro.au/Organisation-Structure/National-Facilities/AAHL.aspx"
            ],
            "latitude": -38.151344,
            "name": "Australian Animal Health Laboratory",
            "city_name": "Geelong",
            "country_name": "Australia"
        },
        {
            "id": "grid.194645.b",
            "acronym": "HKU",
            "state_name": "Hong Kong",
            "types": [
                "Education"
            ],
            "longitude": 114.13708,
            "linkout": [
                "http://www.hku.hk/"
            ],
            "latitude": 22.283287,
            "name": "University of Hong Kong",
            "city_name": "Hong Kong",
            "country_name": "China"
        },
        {
            "id": "grid.412140.2",
            "acronym": "KFU",
            "types": [
                "Education"
            ],
            "longitude": 49.59354,
            "linkout": [
                "http://www.kfu.edu.sa/sites/Home/"
            ],
            "latitude": 25.345455,
            "name": "King Faisal University",
            "city_name": "Al Huf\u016bf",
            "country_name": "Saudi Arabia"
        }
    ],
    "pmid": "27070733",
    "research_org_country_names": [
        "China",
        "Egypt",
        "Saudi Arabia",
        "Singapore",
        "Australia"
    ],
    "id": "pub.1034249860",
    "issue": "6",
    "journal": {
        "id": "jour.1114184",
        "title": "Emerging Infectious Diseases"
    },
    "year": 2016,
    "references": [
        "pub.1030937184",
        "pub.1014370409",
        "pub.1049697001",
        "pub.1071122199",
        "pub.1033612625",
        "pub.1044291588",
        "pub.1043875870",
        "pub.1002306282",
        "pub.1013873576",
        "pub.1039030138",
        "pub.1015959042",
        "pub.1012832607",
        "pub.1021594788"
    ],
    "relative_citation_ratio": 1.98,
    "research_org_state_names": [
        "Victoria"
    ],
    "author_affiliations": [
        [
            {
                "first_name": "Gary",
                "last_name": "Crameri",
                "initials": "",
                "corresponding": "",
                "orcid": "",
                "current_organization_id": "grid.413322.5",
                "researcher_id": "ur.01351710227.45",
                "affiliations": [
                    {
                        "id": "grid.413322.5",
                        "name": "Australian Animal Health Laboratory",
                        "city": "Geelong",
                        "city_id": 2165798,
                        "country": "Australia",
                        "country_code": "AU",
                        "state": "Victoria",
                        "state_code": "AU-VIC"
                    },
                    {
                        "id": "grid.411978.2",
                        "name": "Kafrelsheikh University",
                        "city": "Kafr ash Shaykh",
                        "city_id": 354502,
                        "country": "Egypt",
                        "country_code": "EG",
                        "state": null,
                        "state_code": null
                    },
                    {
                        "id": "grid.412140.2",
                        "name": "King Faisal University",
                        "city": "Al Huf\u016bf",
                        "city_id": 109571,
                        "country": "Saudi Arabia",
                        "country_code": "SA",
                        "state": null,
                        "state_code": null
                    },
                    {
                        "id": "grid.194645.b",
                        "name": "University of Hong Kong",
                        "city": "Hong Kong",
                        "city_id": 1819729,
                        "country": "China",
                        "country_code": "CN",
                        "state": null,
                        "state_code": null
                    },
                    {
                        "name": "Duke\u2013National University of Singapore Medical School, Singapore (L.-F. Wang)"
                    }
                ]
            },
            {
                "first_name": "Peter A.",
                "last_name": "Durr",
                "initials": "",
                "corresponding": "",
                "orcid": "['0000-0003-0851-5300']",
                "current_organization_id": "grid.413322.5",
                "researcher_id": "ur.0674512325.83",
                "affiliations": [
                    {
                        "id": "grid.413322.5",
                        "name": "Australian Animal Health Laboratory",
                        "city": "Geelong",
                        "city_id": 2165798,
                        "country": "Australia",
                        "country_code": "AU",
                        "state": "Victoria",
                        "state_code": "AU-VIC"
                    },
                    {
                        "id": "grid.411978.2",
                        "name": "Kafrelsheikh University",
                        "city": "Kafr ash Shaykh",
                        "city_id": 354502,
                        "country": "Egypt",
                        "country_code": "EG",
                        "state": null,
                        "state_code": null
                    },
                    {
                        "id": "grid.412140.2",
                        "name": "King Faisal University",
                        "city": "Al Huf\u016bf",
                        "city_id": 109571,
                        "country": "Saudi Arabia",
                        "country_code": "SA",
                        "state": null,
                        "state_code": null
                    },
                    {
                        "id": "grid.194645.b",
                        "name": "University of Hong Kong",
                        "city": "Hong Kong",
                        "city_id": 1819729,
                        "country": "China",
                        "country_code": "CN",
                        "state": null,
                        "state_code": null
                    },
                    {
                        "name": "Duke\u2013National University of Singapore Medical School, Singapore (L.-F. Wang)"
                    }
                ]
            },
            {
                "first_name": "Reuben",
                "last_name": "Klein",
                "initials": "",
                "corresponding": "",
                "orcid": "",
                "current_organization_id": "grid.413322.5",
                "researcher_id": "ur.01134610317.33",
                "affiliations": [
                    {
                        "id": "grid.413322.5",
                        "name": "Australian Animal Health Laboratory",
                        "city": "Geelong",
                        "city_id": 2165798,
                        "country": "Australia",
                        "country_code": "AU",
                        "state": "Victoria",
                        "state_code": "AU-VIC"
                    },
                    {
                        "id": "grid.411978.2",
                        "name": "Kafrelsheikh University",
                        "city": "Kafr ash Shaykh",
                        "city_id": 354502,
                        "country": "Egypt",
                        "country_code": "EG",
                        "state": null,
                        "state_code": null
                    },
                    {
                        "id": "grid.412140.2",
                        "name": "King Faisal University",
                        "city": "Al Huf\u016bf",
                        "city_id": 109571,
                        "country": "Saudi Arabia",
                        "country_code": "SA",
                        "state": null,
                        "state_code": null
                    },
                    {
                        "id": "grid.194645.b",
                        "name": "University of Hong Kong",
                        "city": "Hong Kong",
                        "city_id": 1819729,
                        "country": "China",
                        "country_code": "CN",
                        "state": null,
                        "state_code": null
                    },
                    {
                        "name": "Duke\u2013National University of Singapore Medical School, Singapore (L.-F. Wang)"
                    }
                ]
            },
            {
                "first_name": "Adam",
                "last_name": "Foord",
                "initials": "",
                "corresponding": "",
                "orcid": "",
                "current_organization_id": "grid.413322.5",
                "researcher_id": "ur.01001006325.25",
                "affiliations": [
                    {
                        "id": "grid.413322.5",
                        "name": "Australian Animal Health Laboratory",
                        "city": "Geelong",
                        "city_id": 2165798,
                        "country": "Australia",
                        "country_code": "AU",
                        "state": "Victoria",
                        "state_code": "AU-VIC"
                    },
                    {
                        "id": "grid.411978.2",
                        "name": "Kafrelsheikh University",
                        "city": "Kafr ash Shaykh",
                        "city_id": 354502,
                        "country": "Egypt",
                        "country_code": "EG",
                        "state": null,
                        "state_code": null
                    },
                    {
                        "id": "grid.412140.2",
                        "name": "King Faisal University",
                        "city": "Al Huf\u016bf",
                        "city_id": 109571,
                        "country": "Saudi Arabia",
                        "country_code": "SA",
                        "state": null,
                        "state_code": null
                    },
                    {
                        "id": "grid.194645.b",
                        "name": "University of Hong Kong",
                        "city": "Hong Kong",
                        "city_id": 1819729,
                        "country": "China",
                        "country_code": "CN",
                        "state": null,
                        "state_code": null
                    },
                    {
                        "name": "Duke\u2013National University of Singapore Medical School, Singapore (L.-F. Wang)"
                    }
                ]
            },
            {
                "first_name": "Meng",
                "last_name": "Yu",
                "initials": "",
                "corresponding": "",
                "orcid": "",
                "current_organization_id": "grid.413322.5",
                "researcher_id": "ur.01337605274.52",
                "affiliations": [
                    {
                        "id": "grid.413322.5",
                        "name": "Australian Animal Health Laboratory",
                        "city": "Geelong",
                        "city_id": 2165798,
                        "country": "Australia",
                        "country_code": "AU",
                        "state": "Victoria",
                        "state_code": "AU-VIC"
                    },
                    {
                        "id": "grid.411978.2",
                        "name": "Kafrelsheikh University",
                        "city": "Kafr ash Shaykh",
                        "city_id": 354502,
                        "country": "Egypt",
                        "country_code": "EG",
                        "state": null,
                        "state_code": null
                    },
                    {
                        "id": "grid.412140.2",
                        "name": "King Faisal University",
                        "city": "Al Huf\u016bf",
                        "city_id": 109571,
                        "country": "Saudi Arabia",
                        "country_code": "SA",
                        "state": null,
                        "state_code": null
                    },
                    {
                        "id": "grid.194645.b",
                        "name": "University of Hong Kong",
                        "city": "Hong Kong",
                        "city_id": 1819729,
                        "country": "China",
                        "country_code": "CN",
                        "state": null,
                        "state_code": null
                    },
                    {
                        "name": "Duke\u2013National University of Singapore Medical School, Singapore (L.-F. Wang)"
                    }
                ]
            },
            {
                "first_name": "Sarah",
                "last_name": "Riddell",
                "initials": "",
                "corresponding": "",
                "orcid": "",
                "current_organization_id": "grid.413322.5",
                "researcher_id": "ur.01357155533.28",
                "affiliations": [
                    {
                        "id": "grid.413322.5",
                        "name": "Australian Animal Health Laboratory",
                        "city": "Geelong",
                        "city_id": 2165798,
                        "country": "Australia",
                        "country_code": "AU",
                        "state": "Victoria",
                        "state_code": "AU-VIC"
                    },
                    {
                        "id": "grid.411978.2",
                        "name": "Kafrelsheikh University",
                        "city": "Kafr ash Shaykh",
                        "city_id": 354502,
                        "country": "Egypt",
                        "country_code": "EG",
                        "state": null,
                        "state_code": null
                    },
                    {
                        "id": "grid.412140.2",
                        "name": "King Faisal University",
                        "city": "Al Huf\u016bf",
                        "city_id": 109571,
                        "country": "Saudi Arabia",
                        "country_code": "SA",
                        "state": null,
                        "state_code": null
                    },
                    {
                        "id": "grid.194645.b",
                        "name": "University of Hong Kong",
                        "city": "Hong Kong",
                        "city_id": 1819729,
                        "country": "China",
                        "country_code": "CN",
                        "state": null,
                        "state_code": null
                    },
                    {
                        "name": "Duke\u2013National University of Singapore Medical School, Singapore (L.-F. Wang)"
                    }
                ]
            },
            {
                "first_name": "Jessica",
                "last_name": "Haining",
                "initials": "",
                "corresponding": "",
                "orcid": "",
                "current_organization_id": "grid.413322.5",
                "researcher_id": "ur.01325735546.00",
                "affiliations": [
                    {
                        "id": "grid.413322.5",
                        "name": "Australian Animal Health Laboratory",
                        "city": "Geelong",
                        "city_id": 2165798,
                        "country": "Australia",
                        "country_code": "AU",
                        "state": "Victoria",
                        "state_code": "AU-VIC"
                    },
                    {
                        "id": "grid.411978.2",
                        "name": "Kafrelsheikh University",
                        "city": "Kafr ash Shaykh",
                        "city_id": 354502,
                        "country": "Egypt",
                        "country_code": "EG",
                        "state": null,
                        "state_code": null
                    },
                    {
                        "id": "grid.412140.2",
                        "name": "King Faisal University",
                        "city": "Al Huf\u016bf",
                        "city_id": 109571,
                        "country": "Saudi Arabia",
                        "country_code": "SA",
                        "state": null,
                        "state_code": null
                    },
                    {
                        "id": "grid.194645.b",
                        "name": "University of Hong Kong",
                        "city": "Hong Kong",
                        "city_id": 1819729,
                        "country": "China",
                        "country_code": "CN",
                        "state": null,
                        "state_code": null
                    },
                    {
                        "name": "Duke\u2013National University of Singapore Medical School, Singapore (L.-F. Wang)"
                    }
                ]
            },
            {
                "first_name": "Dayna",
                "last_name": "Johnson",
                "initials": "",
                "corresponding": "",
                "orcid": "",
                "current_organization_id": "grid.413322.5",
                "researcher_id": "ur.01062672241.49",
                "affiliations": [
                    {
                        "id": "grid.413322.5",
                        "name": "Australian Animal Health Laboratory",
                        "city": "Geelong",
                        "city_id": 2165798,
                        "country": "Australia",
                        "country_code": "AU",
                        "state": "Victoria",
                        "state_code": "AU-VIC"
                    },
                    {
                        "id": "grid.411978.2",
                        "name": "Kafrelsheikh University",
                        "city": "Kafr ash Shaykh",
                        "city_id": 354502,
                        "country": "Egypt",
                        "country_code": "EG",
                        "state": null,
                        "state_code": null
                    },
                    {
                        "id": "grid.412140.2",
                        "name": "King Faisal University",
                        "city": "Al Huf\u016bf",
                        "city_id": 109571,
                        "country": "Saudi Arabia",
                        "country_code": "SA",
                        "state": null,
                        "state_code": null
                    },
                    {
                        "id": "grid.194645.b",
                        "name": "University of Hong Kong",
                        "city": "Hong Kong",
                        "city_id": 1819729,
                        "country": "China",
                        "country_code": "CN",
                        "state": null,
                        "state_code": null
                    },
                    {
                        "name": "Duke\u2013National University of Singapore Medical School, Singapore (L.-F. Wang)"
                    }
                ]
            },
            {
                "first_name": "Maged G.",
                "last_name": "Hemida",
                "initials": "",
                "corresponding": "",
                "orcid": "['0000-0002-5986-7237']",
                "current_organization_id": "grid.412140.2",
                "researcher_id": "ur.01025747355.16",
                "affiliations": [
                    {
                        "id": "grid.413322.5",
                        "name": "Australian Animal Health Laboratory",
                        "city": "Geelong",
                        "city_id": 2165798,
                        "country": "Australia",
                        "country_code": "AU",
                        "state": "Victoria",
                        "state_code": "AU-VIC"
                    },
                    {
                        "id": "grid.411978.2",
                        "name": "Kafrelsheikh University",
                        "city": "Kafr ash Shaykh",
                        "city_id": 354502,
                        "country": "Egypt",
                        "country_code": "EG",
                        "state": null,
                        "state_code": null
                    },
                    {
                        "id": "grid.412140.2",
                        "name": "King Faisal University",
                        "city": "Al Huf\u016bf",
                        "city_id": 109571,
                        "country": "Saudi Arabia",
                        "country_code": "SA",
                        "state": null,
                        "state_code": null
                    },
                    {
                        "id": "grid.194645.b",
                        "name": "University of Hong Kong",
                        "city": "Hong Kong",
                        "city_id": 1819729,
                        "country": "China",
                        "country_code": "CN",
                        "state": null,
                        "state_code": null
                    },
                    {
                        "name": "Duke\u2013National University of Singapore Medical School, Singapore (L.-F. Wang)"
                    }
                ]
            },
            {
                "first_name": "Jennifer",
                "last_name": "Barr",
                "initials": "",
                "corresponding": "",
                "orcid": "['0000-0001-5266-9142']",
                "current_organization_id": "grid.413322.5",
                "researcher_id": "ur.01040745367.40",
                "affiliations": [
                    {
                        "id": "grid.413322.5",
                        "name": "Australian Animal Health Laboratory",
                        "city": "Geelong",
                        "city_id": 2165798,
                        "country": "Australia",
                        "country_code": "AU",
                        "state": "Victoria",
                        "state_code": "AU-VIC"
                    },
                    {
                        "id": "grid.411978.2",
                        "name": "Kafrelsheikh University",
                        "city": "Kafr ash Shaykh",
                        "city_id": 354502,
                        "country": "Egypt",
                        "country_code": "EG",
                        "state": null,
                        "state_code": null
                    },
                    {
                        "id": "grid.412140.2",
                        "name": "King Faisal University",
                        "city": "Al Huf\u016bf",
                        "city_id": 109571,
                        "country": "Saudi Arabia",
                        "country_code": "SA",
                        "state": null,
                        "state_code": null
                    },
                    {
                        "id": "grid.194645.b",
                        "name": "University of Hong Kong",
                        "city": "Hong Kong",
                        "city_id": 1819729,
                        "country": "China",
                        "country_code": "CN",
                        "state": null,
                        "state_code": null
                    },
                    {
                        "name": "Duke\u2013National University of Singapore Medical School, Singapore (L.-F. Wang)"
                    }
                ]
            },
            {
                "first_name": "Malik",
                "last_name": "Peiris",
                "initials": "",
                "corresponding": "",
                "orcid": "['0000-0001-8217-5995']",
                "current_organization_id": "grid.194645.b",
                "researcher_id": "ur.01013234650.33",
                "affiliations": [
                    {
                        "id": "grid.413322.5",
                        "name": "Australian Animal Health Laboratory",
                        "city": "Geelong",
                        "city_id": 2165798,
                        "country": "Australia",
                        "country_code": "AU",
                        "state": "Victoria",
                        "state_code": "AU-VIC"
                    },
                    {
                        "id": "grid.411978.2",
                        "name": "Kafrelsheikh University",
                        "city": "Kafr ash Shaykh",
                        "city_id": 354502,
                        "country": "Egypt",
                        "country_code": "EG",
                        "state": null,
                        "state_code": null
                    },
                    {
                        "id": "grid.412140.2",
                        "name": "King Faisal University",
                        "city": "Al Huf\u016bf",
                        "city_id": 109571,
                        "country": "Saudi Arabia",
                        "country_code": "SA",
                        "state": null,
                        "state_code": null
                    },
                    {
                        "id": "grid.194645.b",
                        "name": "University of Hong Kong",
                        "city": "Hong Kong",
                        "city_id": 1819729,
                        "country": "China",
                        "country_code": "CN",
                        "state": null,
                        "state_code": null
                    },
                    {
                        "name": "Duke\u2013National University of Singapore Medical School, Singapore (L.-F. Wang)"
                    }
                ]
            },
            {
                "first_name": "Deborah",
                "last_name": "Middleton",
                "initials": "",
                "corresponding": "",
                "orcid": "",
                "current_organization_id": "grid.413322.5",
                "researcher_id": "ur.01001342025.85",
                "affiliations": [
                    {
                        "id": "grid.413322.5",
                        "name": "Australian Animal Health Laboratory",
                        "city": "Geelong",
                        "city_id": 2165798,
                        "country": "Australia",
                        "country_code": "AU",
                        "state": "Victoria",
                        "state_code": "AU-VIC"
                    },
                    {
                        "id": "grid.411978.2",
                        "name": "Kafrelsheikh University",
                        "city": "Kafr ash Shaykh",
                        "city_id": 354502,
                        "country": "Egypt",
                        "country_code": "EG",
                        "state": null,
                        "state_code": null
                    },
                    {
                        "id": "grid.412140.2",
                        "name": "King Faisal University",
                        "city": "Al Huf\u016bf",
                        "city_id": 109571,
                        "country": "Saudi Arabia",
                        "country_code": "SA",
                        "state": null,
                        "state_code": null
                    },
                    {
                        "id": "grid.194645.b",
                        "name": "University of Hong Kong",
                        "city": "Hong Kong",
                        "city_id": 1819729,
                        "country": "China",
                        "country_code": "CN",
                        "state": null,
                        "state_code": null
                    },
                    {
                        "name": "Duke\u2013National University of Singapore Medical School, Singapore (L.-F. Wang)"
                    }
                ]
            },
            {
                "first_name": "Lin-Fa",
                "last_name": "Wang",
                "initials": "",
                "corresponding": "",
                "orcid": "['0000-0003-2752-0535']",
                "current_organization_id": "grid.428397.3",
                "researcher_id": "ur.01044121035.54",
                "affiliations": [
                    {
                        "id": "grid.413322.5",
                        "name": "Australian Animal Health Laboratory",
                        "city": "Geelong",
                        "city_id": 2165798,
                        "country": "Australia",
                        "country_code": "AU",
                        "state": "Victoria",
                        "state_code": "AU-VIC"
                    },
                    {
                        "id": "grid.411978.2",
                        "name": "Kafrelsheikh University",
                        "city": "Kafr ash Shaykh",
                        "city_id": 354502,
                        "country": "Egypt",
                        "country_code": "EG",
                        "state": null,
                        "state_code": null
                    },
                    {
                        "id": "grid.412140.2",
                        "name": "King Faisal University",
                        "city": "Al Huf\u016bf",
                        "city_id": 109571,
                        "country": "Saudi Arabia",
                        "country_code": "SA",
                        "state": null,
                        "state_code": null
                    },
                    {
                        "id": "grid.194645.b",
                        "name": "University of Hong Kong",
                        "city": "Hong Kong",
                        "city_id": 1819729,
                        "country": "China",
                        "country_code": "CN",
                        "state": null,
                        "state_code": null
                    },
                    {
                        "name": "Duke\u2013National University of Singapore Medical School, Singapore (L.-F. Wang)"
                    }
                ]
            }
        ]
    ],
    "type": "article"
}