{
    "volume": "308",
    "date": "2015-02-15",
    "title": "Ebola: history, treatment, and lessons from a new emerging pathogen",
    "researchers": [
        {
            "id": "ur.016501211227.17",
            "last_name": "Harrod",
            "first_name": "Kevin S",
            "orcid_id": [
                "0000-0003-0780-9470"
            ],
            "research_orgs": [
                "grid.266539.d",
                "grid.239573.9",
                "grid.280401.f",
                "grid.266832.b",
                "grid.265892.2"
            ]
        }
    ],
    "pmcid": "PMC4329468",
    "research_org_state_codes": [
        {
            "id": "US-AL",
            "name": "Alabama"
        }
    ],
    "altmetric": 3.0,
    "pages": "l307-l313",
    "research_org_cities": [
        {
            "id": 4049979,
            "name": "Birmingham"
        }
    ],
    "open_access": [
        "Open Access - all",
        "Open Access - repository",
        "Open Access - published"
    ],
    "research_org_countries": [
        {
            "id": "US",
            "name": "United States"
        }
    ],
    "doi": "10.1152/ajplung.00354.2014",
    "times_cited": 3,
    "research_orgs": [
        {
            "id": "grid.265892.2",
            "acronym": "UAB",
            "state_name": "Alabama",
            "types": [
                "Education"
            ],
            "longitude": -86.805824,
            "linkout": [
                "http://www.uab.edu/"
            ],
            "latitude": 33.500675,
            "name": "University of Alabama at Birmingham",
            "city_name": "Birmingham",
            "country_name": "United States"
        }
    ],
    "pmid": "25502503",
    "funders": [
        {
            "id": "grid.419681.3",
            "acronym": "NIAID",
            "state_name": "Maryland",
            "types": [
                "Facility"
            ],
            "longitude": -77.11183,
            "linkout": [
                "http://www.niaid.nih.gov/Pages/default.aspx"
            ],
            "latitude": 39.066647,
            "name": "National Institute of Allergy and Infectious Diseases",
            "city_name": "Bethesda",
            "country_name": "United States"
        }
    ],
    "research_org_country_names": [
        "United States"
    ],
    "id": "pub.1047661143",
    "issue": "4",
    "journal": {
        "id": "jour.1022099",
        "title": "American Journal of Physiology - Lung Cellular and Molecular Physiology"
    },
    "year": 2015,
    "references": [
        "pub.1082873250",
        "pub.1074594296",
        "pub.1083376352",
        "pub.1011115651",
        "pub.1006011612",
        "pub.1026316206",
        "pub.1044638063",
        "pub.1027386396",
        "pub.1062687649",
        "pub.1037028225",
        "pub.1008815176",
        "pub.1031036946",
        "pub.1043991801",
        "pub.1033028112",
        "pub.1013776697",
        "pub.1019991907",
        "pub.1049314821",
        "pub.1029824232",
        "pub.1037787217",
        "pub.1082959624",
        "pub.1012074187",
        "pub.1016837355",
        "pub.1019161493",
        "pub.1032414934",
        "pub.1045968412",
        "pub.1027167507",
        "pub.1017446956",
        "pub.1062452643",
        "pub.1042838293",
        "pub.1003799031",
        "pub.1001075379",
        "pub.1037049358",
        "pub.1082407771",
        "pub.1005392995",
        "pub.1033030222",
        "pub.1043875870",
        "pub.1026602621",
        "pub.1059703423",
        "pub.1042641348",
        "pub.1052504509"
    ],
    "relative_citation_ratio": 0.13,
    "research_org_state_names": [
        "Alabama"
    ],
    "author_affiliations": [
        [
            {
                "first_name": "Kevin S",
                "last_name": "Harrod",
                "initials": "",
                "corresponding": "",
                "orcid": "['0000-0003-0780-9470']",
                "current_organization_id": "grid.265892.2",
                "researcher_id": "ur.016501211227.17",
                "affiliations": [
                    {
                        "id": "grid.265892.2",
                        "name": "University of Alabama at Birmingham",
                        "city": "Birmingham",
                        "city_id": 4049979,
                        "country": "United States",
                        "country_code": "US",
                        "state": "Alabama",
                        "state_code": "US-AL"
                    }
                ]
            }
        ]
    ],
    "type": "article"
}