{
    "volume": "23",
    "date": "2017-02-01",
    "title": "Livestock Susceptibility to Infection with Middle East Respiratory Syndrome Coronavirus",
    "researchers": [
        {
            "id": "ur.01032631375.08",
            "last_name": "Vergara-Alert",
            "first_name": "Julia",
            "orcid_id": [
                "0000-0001-7484-444X"
            ],
            "research_orgs": [
                "grid.5645.2",
                "grid.424716.2",
                "grid.7080.f",
                "grid.10253.35",
                "grid.452463.2",
                "grid.8581.4"
            ]
        },
        {
            "id": "ur.07500233664.98",
            "last_name": "Van Den Brand",
            "first_name": "Judith M A",
            "research_orgs": [
                "grid.7080.f",
                "grid.8664.c",
                "grid.6906.9",
                "grid.5477.1",
                "grid.5645.2",
                "grid.424716.2",
                "grid.412970.9",
                "grid.9018.0",
                "grid.424065.1",
                "grid.410711.2"
            ]
        },
        {
            "id": "ur.01043115451.03",
            "last_name": "Widagdo",
            "first_name": "Widagdo",
            "research_orgs": [
                "grid.5645.2",
                "grid.7080.f",
                "grid.9581.5",
                "grid.424716.2"
            ]
        },
        {
            "id": "ur.01243261430.21",
            "last_name": "Mu\u00f1oz",
            "first_name": "Marta",
            "research_orgs": [
                "grid.425713.6",
                "grid.5645.2",
                "grid.419063.9",
                "grid.424716.2",
                "grid.7080.f",
                "grid.439220.e",
                "grid.8581.4"
            ]
        },
        {
            "id": "ur.01236703521.11",
            "last_name": "Raj",
            "first_name": "Stalin V",
            "research_orgs": [
                "grid.15090.3d",
                "grid.7080.f",
                "grid.418376.f",
                "grid.5477.1",
                "grid.5645.2",
                "grid.424716.2",
                "grid.452122.2"
            ]
        },
        {
            "id": "ur.0634602175.97",
            "last_name": "Schipper",
            "first_name": "Debby",
            "research_orgs": [
                "grid.5645.2",
                "grid.7080.f",
                "grid.424716.2"
            ]
        },
        {
            "id": "ur.01356002371.91",
            "last_name": "Solanes",
            "first_name": "David",
            "research_orgs": [
                "grid.5645.2",
                "grid.7080.f",
                "grid.424716.2"
            ]
        },
        {
            "id": "ur.01107147353.38",
            "last_name": "Cord\u00f3n",
            "first_name": "Iv\u00e1n",
            "research_orgs": [
                "grid.5645.2",
                "grid.7080.f",
                "grid.424716.2"
            ]
        },
        {
            "id": "ur.01163466304.81",
            "last_name": "Bensaid",
            "first_name": "A Moise",
            "orcid_id": [
                "0000-0001-6493-3756"
            ],
            "research_orgs": [
                "grid.8581.4",
                "grid.7080.f",
                "grid.417850.f",
                "grid.8183.2",
                "grid.5645.2",
                "grid.424716.2",
                "grid.419369.0"
            ]
        },
        {
            "id": "ur.015465550657.43",
            "last_name": "Haagmans",
            "first_name": "Bart L",
            "orcid_id": [
                "0000-0001-6221-2015"
            ],
            "research_orgs": [
                "grid.410711.2",
                "grid.5645.2",
                "grid.5477.1",
                "grid.414142.6",
                "grid.424716.2",
                "grid.416738.f",
                "grid.452122.2",
                "grid.415773.3",
                "grid.417100.3",
                "grid.7080.f",
                "grid.7177.6",
                "grid.6906.9"
            ]
        },
        {
            "id": "ur.0756401377.16",
            "last_name": "Segal\u00e9s",
            "first_name": "Joaquim",
            "orcid_id": [
                "0000-0002-1539-7261"
            ],
            "research_orgs": [
                "grid.424716.2",
                "grid.7400.3",
                "grid.5645.2",
                "grid.452528.c",
                "grid.5608.b",
                "grid.65519.3e",
                "grid.8581.4",
                "grid.7080.f",
                "grid.6583.8"
            ]
        }
    ],
    "pmcid": "PMC5324816",
    "altmetric": 55.0,
    "pages": "232-240",
    "research_org_cities": [
        {
            "id": 3128760,
            "name": "Barcelona"
        },
        {
            "id": 3109402,
            "name": "Cerdanyola del Vall\u00e8s"
        },
        {
            "id": 2747891,
            "name": "Rotterdam"
        }
    ],
    "open_access": [
        "Open Access - all",
        "Open Access - publisher",
        "Open Access - published"
    ],
    "research_org_countries": [
        {
            "id": "ES",
            "name": "Spain"
        },
        {
            "id": "NL",
            "name": "Netherlands"
        }
    ],
    "doi": "10.3201/eid2302.161239",
    "FOR": [
        {
            "id": "2727",
            "name": "0707 Veterinary Sciences"
        },
        {
            "id": "3114",
            "name": "1108 Medical Microbiology"
        },
        {
            "id": "2681",
            "name": "0702 Animal Production"
        }
    ],
    "times_cited": 30,
    "research_orgs": [
        {
            "id": "grid.424716.2",
            "acronym": "CRESA",
            "types": [
                "Facility"
            ],
            "longitude": 2.09723,
            "linkout": [
                "http://www.cresa.es/"
            ],
            "latitude": 41.504852,
            "name": "Centre de Recerca en Sanitat Animal",
            "city_name": "Barcelona",
            "country_name": "Spain"
        },
        {
            "id": "grid.5645.2",
            "state_name": "Zuid-Holland",
            "types": [
                "Healthcare"
            ],
            "longitude": 4.4675,
            "linkout": [
                "http://www.erasmusmc.nl/"
            ],
            "latitude": 51.91,
            "name": "Erasmus University Medical Center",
            "city_name": "Rotterdam",
            "country_name": "Netherlands"
        },
        {
            "id": "grid.7080.f",
            "acronym": "UAB",
            "types": [
                "Education"
            ],
            "longitude": 2.107778,
            "linkout": [
                "http://www.uab.cat/web/universitat-autonoma-de-barcelona-1345467954774.html"
            ],
            "latitude": 41.50028,
            "name": "Autonomous University of Barcelona",
            "city_name": "Cerdanyola del Vall\u00e8s",
            "country_name": "Spain"
        }
    ],
    "pmid": "27901465",
    "funders": [
        {
            "id": "grid.420488.2",
            "acronym": "NWO",
            "types": [
                "Government"
            ],
            "longitude": 4.344407,
            "linkout": [
                "http://www.nwo.nl/"
            ],
            "latitude": 52.08048,
            "name": "Netherlands Organisation for Scientific Research",
            "city_name": "The Hague",
            "country_name": "Netherlands"
        },
        {
            "id": "grid.270680.b",
            "acronym": "EC",
            "types": [
                "Government"
            ],
            "longitude": 4.36367,
            "linkout": [
                "http://ec.europa.eu/index_en.htm"
            ],
            "latitude": 50.85165,
            "name": "European Commission",
            "city_name": "Brussels",
            "country_name": "Belgium"
        }
    ],
    "research_org_country_names": [
        "Netherlands",
        "Spain"
    ],
    "id": "pub.1071123575",
    "issue": "2",
    "journal": {
        "id": "jour.1114184",
        "title": "Emerging Infectious Diseases"
    },
    "year": 2017,
    "references": [
        "pub.1024859274",
        "pub.1048354637",
        "pub.1021121595",
        "pub.1039579861",
        "pub.1014619540",
        "pub.1039030138",
        "pub.1034249860",
        "pub.1031663641",
        "pub.1070926174",
        "pub.1036495675",
        "pub.1035976534",
        "pub.1050516195",
        "pub.1013013993",
        "pub.1015959042",
        "pub.1062713116",
        "pub.1033612625",
        "pub.1024783328",
        "pub.1030864342",
        "pub.1000039839",
        "pub.1008217409",
        "pub.1070926177",
        "pub.1071122199",
        "pub.1022186046",
        "pub.1043875870",
        "pub.1019527195",
        "pub.1021594788"
    ],
    "relative_citation_ratio": 3.86,
    "author_affiliations": [
        [
            {
                "first_name": "J\u00falia",
                "last_name": "Vergara-Alert",
                "initials": "",
                "corresponding": "",
                "orcid": "['0000-0001-7484-444X']",
                "current_organization_id": "grid.7080.f",
                "researcher_id": "ur.01032631375.08",
                "affiliations": [
                    {
                        "id": "grid.424716.2",
                        "name": "Centre de Recerca en Sanitat Animal",
                        "city": "Barcelona",
                        "city_id": 3128760,
                        "country": "Spain",
                        "country_code": "ES",
                        "state": null,
                        "state_code": null
                    },
                    {
                        "id": "grid.5645.2",
                        "name": "Erasmus University Medical Center",
                        "city": "Rotterdam",
                        "city_id": 2747891,
                        "country": "Netherlands",
                        "country_code": "NL",
                        "state": null,
                        "state_code": null
                    },
                    {
                        "id": "grid.7080.f",
                        "name": "Autonomous University of Barcelona",
                        "city": "Cerdanyola del Vall\u00e8s",
                        "city_id": 3109402,
                        "country": "Spain",
                        "country_code": "ES",
                        "state": null,
                        "state_code": null
                    }
                ]
            },
            {
                "first_name": "Judith M.A.",
                "last_name": "van den Brand",
                "initials": "",
                "corresponding": "",
                "orcid": "",
                "current_organization_id": "grid.5645.2",
                "researcher_id": "ur.07500233664.98",
                "affiliations": [
                    {
                        "id": "grid.424716.2",
                        "name": "Centre de Recerca en Sanitat Animal",
                        "city": "Barcelona",
                        "city_id": 3128760,
                        "country": "Spain",
                        "country_code": "ES",
                        "state": null,
                        "state_code": null
                    },
                    {
                        "id": "grid.5645.2",
                        "name": "Erasmus University Medical Center",
                        "city": "Rotterdam",
                        "city_id": 2747891,
                        "country": "Netherlands",
                        "country_code": "NL",
                        "state": null,
                        "state_code": null
                    },
                    {
                        "id": "grid.7080.f",
                        "name": "Autonomous University of Barcelona",
                        "city": "Cerdanyola del Vall\u00e8s",
                        "city_id": 3109402,
                        "country": "Spain",
                        "country_code": "ES",
                        "state": null,
                        "state_code": null
                    }
                ]
            },
            {
                "first_name": "W.",
                "last_name": "Widagdo",
                "initials": "",
                "corresponding": "",
                "orcid": "",
                "current_organization_id": "grid.5645.2",
                "researcher_id": "ur.01043115451.03",
                "affiliations": [
                    {
                        "id": "grid.424716.2",
                        "name": "Centre de Recerca en Sanitat Animal",
                        "city": "Barcelona",
                        "city_id": 3128760,
                        "country": "Spain",
                        "country_code": "ES",
                        "state": null,
                        "state_code": null
                    },
                    {
                        "id": "grid.5645.2",
                        "name": "Erasmus University Medical Center",
                        "city": "Rotterdam",
                        "city_id": 2747891,
                        "country": "Netherlands",
                        "country_code": "NL",
                        "state": null,
                        "state_code": null
                    },
                    {
                        "id": "grid.7080.f",
                        "name": "Autonomous University of Barcelona",
                        "city": "Cerdanyola del Vall\u00e8s",
                        "city_id": 3109402,
                        "country": "Spain",
                        "country_code": "ES",
                        "state": null,
                        "state_code": null
                    }
                ]
            },
            {
                "first_name": "Marta",
                "last_name": "Mu\u00f1oz",
                "initials": "",
                "corresponding": "",
                "orcid": "",
                "current_organization_id": "grid.419063.9",
                "researcher_id": "ur.01243261430.21",
                "affiliations": [
                    {
                        "id": "grid.424716.2",
                        "name": "Centre de Recerca en Sanitat Animal",
                        "city": "Barcelona",
                        "city_id": 3128760,
                        "country": "Spain",
                        "country_code": "ES",
                        "state": null,
                        "state_code": null
                    },
                    {
                        "id": "grid.5645.2",
                        "name": "Erasmus University Medical Center",
                        "city": "Rotterdam",
                        "city_id": 2747891,
                        "country": "Netherlands",
                        "country_code": "NL",
                        "state": null,
                        "state_code": null
                    },
                    {
                        "id": "grid.7080.f",
                        "name": "Autonomous University of Barcelona",
                        "city": "Cerdanyola del Vall\u00e8s",
                        "city_id": 3109402,
                        "country": "Spain",
                        "country_code": "ES",
                        "state": null,
                        "state_code": null
                    }
                ]
            },
            {
                "first_name": "Stalin",
                "last_name": "Raj",
                "initials": "",
                "corresponding": "",
                "orcid": "",
                "current_organization_id": "grid.5645.2",
                "researcher_id": "ur.01236703521.11",
                "affiliations": [
                    {
                        "id": "grid.424716.2",
                        "name": "Centre de Recerca en Sanitat Animal",
                        "city": "Barcelona",
                        "city_id": 3128760,
                        "country": "Spain",
                        "country_code": "ES",
                        "state": null,
                        "state_code": null
                    },
                    {
                        "id": "grid.5645.2",
                        "name": "Erasmus University Medical Center",
                        "city": "Rotterdam",
                        "city_id": 2747891,
                        "country": "Netherlands",
                        "country_code": "NL",
                        "state": null,
                        "state_code": null
                    },
                    {
                        "id": "grid.7080.f",
                        "name": "Autonomous University of Barcelona",
                        "city": "Cerdanyola del Vall\u00e8s",
                        "city_id": 3109402,
                        "country": "Spain",
                        "country_code": "ES",
                        "state": null,
                        "state_code": null
                    }
                ]
            },
            {
                "first_name": "Debby",
                "last_name": "Schipper",
                "initials": "",
                "corresponding": "",
                "orcid": "",
                "current_organization_id": "grid.5645.2",
                "researcher_id": "ur.0634602175.97",
                "affiliations": [
                    {
                        "id": "grid.424716.2",
                        "name": "Centre de Recerca en Sanitat Animal",
                        "city": "Barcelona",
                        "city_id": 3128760,
                        "country": "Spain",
                        "country_code": "ES",
                        "state": null,
                        "state_code": null
                    },
                    {
                        "id": "grid.5645.2",
                        "name": "Erasmus University Medical Center",
                        "city": "Rotterdam",
                        "city_id": 2747891,
                        "country": "Netherlands",
                        "country_code": "NL",
                        "state": null,
                        "state_code": null
                    },
                    {
                        "id": "grid.7080.f",
                        "name": "Autonomous University of Barcelona",
                        "city": "Cerdanyola del Vall\u00e8s",
                        "city_id": 3109402,
                        "country": "Spain",
                        "country_code": "ES",
                        "state": null,
                        "state_code": null
                    }
                ]
            },
            {
                "first_name": "David",
                "last_name": "Solanes",
                "initials": "",
                "corresponding": "",
                "orcid": "",
                "current_organization_id": "grid.7080.f",
                "researcher_id": "ur.01356002371.91",
                "affiliations": [
                    {
                        "id": "grid.424716.2",
                        "name": "Centre de Recerca en Sanitat Animal",
                        "city": "Barcelona",
                        "city_id": 3128760,
                        "country": "Spain",
                        "country_code": "ES",
                        "state": null,
                        "state_code": null
                    },
                    {
                        "id": "grid.5645.2",
                        "name": "Erasmus University Medical Center",
                        "city": "Rotterdam",
                        "city_id": 2747891,
                        "country": "Netherlands",
                        "country_code": "NL",
                        "state": null,
                        "state_code": null
                    },
                    {
                        "id": "grid.7080.f",
                        "name": "Autonomous University of Barcelona",
                        "city": "Cerdanyola del Vall\u00e8s",
                        "city_id": 3109402,
                        "country": "Spain",
                        "country_code": "ES",
                        "state": null,
                        "state_code": null
                    }
                ]
            },
            {
                "first_name": "Ivan",
                "last_name": "Cord\u00f3n",
                "initials": "",
                "corresponding": "",
                "orcid": "",
                "current_organization_id": "grid.7080.f",
                "researcher_id": "ur.01107147353.38",
                "affiliations": [
                    {
                        "id": "grid.424716.2",
                        "name": "Centre de Recerca en Sanitat Animal",
                        "city": "Barcelona",
                        "city_id": 3128760,
                        "country": "Spain",
                        "country_code": "ES",
                        "state": null,
                        "state_code": null
                    },
                    {
                        "id": "grid.5645.2",
                        "name": "Erasmus University Medical Center",
                        "city": "Rotterdam",
                        "city_id": 2747891,
                        "country": "Netherlands",
                        "country_code": "NL",
                        "state": null,
                        "state_code": null
                    },
                    {
                        "id": "grid.7080.f",
                        "name": "Autonomous University of Barcelona",
                        "city": "Cerdanyola del Vall\u00e8s",
                        "city_id": 3109402,
                        "country": "Spain",
                        "country_code": "ES",
                        "state": null,
                        "state_code": null
                    }
                ]
            },
            {
                "first_name": "Albert",
                "last_name": "Bensaid",
                "initials": "",
                "corresponding": "",
                "orcid": "['0000-0001-6493-3756']",
                "current_organization_id": "grid.7080.f",
                "researcher_id": "ur.01163466304.81",
                "affiliations": [
                    {
                        "id": "grid.424716.2",
                        "name": "Centre de Recerca en Sanitat Animal",
                        "city": "Barcelona",
                        "city_id": 3128760,
                        "country": "Spain",
                        "country_code": "ES",
                        "state": null,
                        "state_code": null
                    },
                    {
                        "id": "grid.5645.2",
                        "name": "Erasmus University Medical Center",
                        "city": "Rotterdam",
                        "city_id": 2747891,
                        "country": "Netherlands",
                        "country_code": "NL",
                        "state": null,
                        "state_code": null
                    },
                    {
                        "id": "grid.7080.f",
                        "name": "Autonomous University of Barcelona",
                        "city": "Cerdanyola del Vall\u00e8s",
                        "city_id": 3109402,
                        "country": "Spain",
                        "country_code": "ES",
                        "state": null,
                        "state_code": null
                    }
                ]
            },
            {
                "first_name": "Bart L.",
                "last_name": "Haagmans",
                "initials": "",
                "corresponding": "",
                "orcid": "['0000-0001-6221-2015']",
                "current_organization_id": "grid.5645.2",
                "researcher_id": "ur.015465550657.43",
                "affiliations": [
                    {
                        "id": "grid.424716.2",
                        "name": "Centre de Recerca en Sanitat Animal",
                        "city": "Barcelona",
                        "city_id": 3128760,
                        "country": "Spain",
                        "country_code": "ES",
                        "state": null,
                        "state_code": null
                    },
                    {
                        "id": "grid.5645.2",
                        "name": "Erasmus University Medical Center",
                        "city": "Rotterdam",
                        "city_id": 2747891,
                        "country": "Netherlands",
                        "country_code": "NL",
                        "state": null,
                        "state_code": null
                    },
                    {
                        "id": "grid.7080.f",
                        "name": "Autonomous University of Barcelona",
                        "city": "Cerdanyola del Vall\u00e8s",
                        "city_id": 3109402,
                        "country": "Spain",
                        "country_code": "ES",
                        "state": null,
                        "state_code": null
                    }
                ]
            },
            {
                "first_name": "Joaquim",
                "last_name": "Segal\u00e9s",
                "initials": "",
                "corresponding": "",
                "orcid": "['0000-0002-1539-7261']",
                "current_organization_id": "grid.7080.f",
                "researcher_id": "ur.0756401377.16",
                "affiliations": [
                    {
                        "id": "grid.424716.2",
                        "name": "Centre de Recerca en Sanitat Animal",
                        "city": "Barcelona",
                        "city_id": 3128760,
                        "country": "Spain",
                        "country_code": "ES",
                        "state": null,
                        "state_code": null
                    },
                    {
                        "id": "grid.5645.2",
                        "name": "Erasmus University Medical Center",
                        "city": "Rotterdam",
                        "city_id": 2747891,
                        "country": "Netherlands",
                        "country_code": "NL",
                        "state": null,
                        "state_code": null
                    },
                    {
                        "id": "grid.7080.f",
                        "name": "Autonomous University of Barcelona",
                        "city": "Cerdanyola del Vall\u00e8s",
                        "city_id": 3109402,
                        "country": "Spain",
                        "country_code": "ES",
                        "state": null,
                        "state_code": null
                    }
                ]
            }
        ]
    ],
    "type": "article"
}