{
    "research_orgs": [
        {
            "id": "grid.8591.5",
            "linkout": [
                "https://www.unige.ch/"
            ],
            "city_name": "Geneva",
            "longitude": 6.145095,
            "acronym": "UNIGE",
            "latitude": 46.199657,
            "name": "University of Geneva",
            "types": [
                "Education"
            ],
            "country_name": "Switzerland"
        }
    ],
    "research_org_country_names": [
        "China",
        "Switzerland"
    ],
    "pmid": "32147406",
    "title": "Exploring the reasons for healthcare workers infected with novel coronavirus disease 2019 (COVID-19) in China",
    "type": "article",
    "year": 2020,
    "journal": {
        "id": "jour.1091447",
        "title": "Journal of Hospital Infection"
    },
    "research_org_countries": [
        {
            "id": "CN",
            "name": "China"
        },
        {
            "id": "CH",
            "name": "Switzerland"
        }
    ],
    "date": "2020-03-05",
    "altmetric": 39.0,
    "id": "pub.1125440163",
    "research_org_cities": [
        {
            "id": 1812545,
            "name": "Dongguan"
        },
        {
            "id": 2660646,
            "name": "Gen\u00e8ve"
        }
    ],
    "author_affiliations": [
        [
            {
                "first_name": "Jiancong",
                "last_name": "Wang",
                "initials": "",
                "corresponding": true,
                "orcid": "",
                "current_organization_id": "",
                "researcher_id": "",
                "affiliations": [
                    {
                        "id": "grid.8591.5",
                        "name": "University of Geneva",
                        "city": "Geneva",
                        "city_id": 2660646,
                        "country": "Switzerland",
                        "country_code": "CH",
                        "state": null,
                        "state_code": null
                    }
                ]
            },
            {
                "first_name": "Mouqing",
                "last_name": "Zhou",
                "initials": "",
                "corresponding": "",
                "orcid": "",
                "current_organization_id": "",
                "researcher_id": "",
                "affiliations": [
                    {
                        "name": "Dong Guan Nosocomial Infection Control and Quality Improvement Centre, Dongguan City, Guangdong Province, China"
                    }
                ]
            },
            {
                "first_name": "Fangfei",
                "last_name": "Liu",
                "initials": "",
                "corresponding": "",
                "orcid": "",
                "current_organization_id": "",
                "researcher_id": "",
                "affiliations": [
                    {
                        "id": "grid.8591.5",
                        "name": "University of Geneva",
                        "city": "Geneva",
                        "city_id": 2660646,
                        "country": "Switzerland",
                        "country_code": "CH",
                        "state": null,
                        "state_code": null
                    }
                ]
            }
        ]
    ],
    "doi": "10.1016/j.jhin.2020.03.002",
    "times_cited": 0,
    "references": [
        "pub.1112067396",
        "pub.1124865153"
    ]
}