{
    "volume": "220",
    "date": "2019-10-08",
    "title": "A Highly Immunogenic, Protective, and Safe Adenovirus-Based Vaccine Expressing Middle East Respiratory Syndrome Coronavirus S1-CD40L Fusion Protein in a Transgenic Human Dipeptidyl Peptidase 4 Mouse Model.",
    "researchers": [
        {
            "id": "ur.0764325356.22",
            "last_name": "Hashem",
            "first_name": "Anwar M",
            "orcid_id": [
                "0000-0002-8471-7011"
            ],
            "research_orgs": [
                "grid.412125.1",
                "grid.28046.38",
                "grid.57544.37"
            ]
        },
        {
            "id": "ur.01200643417.79",
            "last_name": "Algaissi",
            "first_name": "Abdullah",
            "research_orgs": [
                "grid.411831.e",
                "grid.176731.5"
            ]
        },
        {
            "id": "ur.01050617402.39",
            "last_name": "Agrawal",
            "first_name": "Anurodh Shankar",
            "research_orgs": [
                "grid.419566.9",
                "grid.176731.5"
            ]
        },
        {
            "id": "ur.01277437374.33",
            "last_name": "Al-Amri",
            "first_name": "Sawsan S",
            "research_orgs": [
                "grid.412125.1"
            ]
        },
        {
            "id": "ur.014436023206.26",
            "last_name": "Alhabbab",
            "first_name": "Rowa Yousef",
            "research_orgs": [
                "grid.412125.1",
                "grid.13097.3c"
            ]
        },
        {
            "id": "ur.01330732247.49",
            "last_name": "Sohrab",
            "first_name": "Sayed Sartaj",
            "research_orgs": [
                "grid.464884.2",
                "grid.418196.3",
                "grid.412125.1"
            ]
        },
        {
            "id": "ur.01265241667.07",
            "last_name": "Alharbi",
            "first_name": "Naif Khalaf",
            "research_orgs": [
                "grid.418731.8",
                "grid.452607.2",
                "grid.4991.5",
                "grid.412149.b"
            ]
        },
        {
            "id": "ur.0673335275.33",
            "last_name": "Peng",
            "first_name": "Bi-Hung",
            "research_orgs": [
                "grid.176731.5"
            ]
        },
        {
            "id": "ur.01213307636.25",
            "last_name": "Russell",
            "first_name": "Marsha S",
            "research_orgs": [
                "grid.57544.37"
            ]
        },
        {
            "id": "ur.012762744254.31",
            "last_name": "Li",
            "first_name": "Xuguang X L",
            "orcid_id": [
                "0000-0003-1155-9128"
            ],
            "research_orgs": [
                "grid.28046.38",
                "grid.418207.8",
                "grid.57544.37",
                "grid.65499.37"
            ]
        },
        {
            "id": "ur.011554651217.61",
            "last_name": "Tseng",
            "first_name": "Chien-Te Kent",
            "research_orgs": [
                "grid.176731.5",
                "grid.55460.32"
            ]
        }
    ],
    "research_org_state_codes": [
        {
            "id": "CA-ON",
            "name": "Ontario"
        },
        {
            "id": "US-TX",
            "name": "Texas"
        }
    ],
    "altmetric": 183.0,
    "pages": "1558-1567",
    "research_org_cities": [
        {
            "id": 6094817,
            "name": "Ottawa"
        },
        {
            "id": 105299,
            "name": "Jizan"
        },
        {
            "id": 4692883,
            "name": "Galveston"
        },
        {
            "id": 105343,
            "name": "Jeddah"
        }
    ],
    "research_org_countries": [
        {
            "id": "CA",
            "name": "Canada"
        },
        {
            "id": "US",
            "name": "United States"
        },
        {
            "id": "SA",
            "name": "Saudi Arabia"
        }
    ],
    "doi": "10.1093/infdis/jiz137",
    "FOR": [
        {
            "id": "3103",
            "name": "1107 Immunology"
        }
    ],
    "times_cited": 7,
    "research_orgs": [
        {
            "id": "grid.452607.2",
            "acronym": "KAIMRC",
            "types": [
                "Facility"
            ],
            "longitude": 39.36204,
            "linkout": [
                "http://kaimrc.med.sa/"
            ],
            "latitude": 21.423845,
            "name": "King Abdullah International Medical Research Center",
            "city_name": "Jeddah",
            "country_name": "Saudi Arabia"
        },
        {
            "id": "grid.412125.1",
            "acronym": "KAU",
            "types": [
                "Education"
            ],
            "longitude": 39.25028,
            "linkout": [
                "http://www.kau.edu.sa/home_english.aspx"
            ],
            "latitude": 21.493889,
            "name": "King Abdulaziz University",
            "city_name": "Jeddah",
            "country_name": "Saudi Arabia"
        },
        {
            "id": "grid.57544.37",
            "acronym": "HC",
            "state_name": "Ontario",
            "types": [
                "Government"
            ],
            "longitude": -75.737595,
            "linkout": [
                "http://www.hc-sc.gc.ca/index-eng.php"
            ],
            "latitude": 45.40825,
            "name": "Health Canada",
            "city_name": "Ottawa",
            "country_name": "Canada"
        },
        {
            "id": "grid.176731.5",
            "acronym": "UTMB",
            "state_name": "Texas",
            "types": [
                "Education"
            ],
            "longitude": -94.77607,
            "linkout": [
                "http://www.utmb.edu/"
            ],
            "latitude": 29.311201,
            "name": "The University of Texas Medical Branch at Galveston",
            "city_name": "Galveston",
            "country_name": "United States"
        },
        {
            "id": "grid.411831.e",
            "types": [
                "Education"
            ],
            "longitude": 42.588264,
            "linkout": [
                "http://www.jazanu.edu.sa/Pages/Default.aspx"
            ],
            "latitude": 16.929407,
            "name": "Jazan University",
            "city_name": "Gazan",
            "country_name": "Saudi Arabia"
        }
    ],
    "pmid": "30911758",
    "funders": [
        {
            "id": "grid.452562.2",
            "acronym": "KACST",
            "types": [
                "Facility"
            ],
            "longitude": 46.630486,
            "linkout": [
                "http://www.kacst.edu.sa/"
            ],
            "latitude": 25.005444,
            "name": "King Abdulaziz City for Science and Technology",
            "city_name": "Riyadh",
            "country_name": "Saudi Arabia"
        }
    ],
    "research_org_country_names": [
        "Canada",
        "United States",
        "Saudi Arabia"
    ],
    "id": "pub.1112955681",
    "issue": "10",
    "journal": {
        "id": "jour.1019235",
        "title": "The Journal of Infectious Diseases"
    },
    "year": 2019,
    "references": [
        "pub.1084132749",
        "pub.1024482444",
        "pub.1010347116",
        "pub.1015222376",
        "pub.1080263763",
        "pub.1062688858",
        "pub.1041158942",
        "pub.1039030138",
        "pub.1013624745",
        "pub.1018160589",
        "pub.1010696870",
        "pub.1074581398",
        "pub.1037004179",
        "pub.1105896121",
        "pub.1062648374",
        "pub.1078927414",
        "pub.1051316131",
        "pub.1004511812",
        "pub.1047794259",
        "pub.1022950011",
        "pub.1075456834",
        "pub.1023271115",
        "pub.1050516195",
        "pub.1059325754",
        "pub.1010055648",
        "pub.1041090388",
        "pub.1036598409",
        "pub.1085763574",
        "pub.1014633996",
        "pub.1050945396",
        "pub.1078513063",
        "pub.1015663770",
        "pub.1010892016",
        "pub.1076889538",
        "pub.1004988578",
        "pub.1080263762",
        "pub.1049672904",
        "pub.1042213744",
        "pub.1012909638",
        "pub.1092119349",
        "pub.1011935338",
        "pub.1024775573",
        "pub.1043875870",
        "pub.1001541146",
        "pub.1025083946",
        "pub.1022941691",
        "pub.1040681642",
        "pub.1013873576",
        "pub.1075233112"
    ],
    "research_org_state_names": [
        "Texas",
        "Ontario"
    ],
    "author_affiliations": [
        [
            {
                "first_name": "Anwar M",
                "last_name": "Hashem",
                "initials": "",
                "corresponding": "",
                "orcid": "['0000-0002-8471-7011']",
                "current_organization_id": "grid.412125.1",
                "researcher_id": "ur.0764325356.22",
                "affiliations": [
                    {
                        "name": "Department of Medical Microbiology and Parasitology, Faculty of Medicine"
                    },
                    {
                        "name": "Vaccines and Immunotherapy Unit, King Fahd Medical Research Center, Saudi Arabia"
                    },
                    {
                        "id": "grid.412125.1",
                        "name": "King Abdulaziz University",
                        "city": "Jeddah",
                        "city_id": 105343,
                        "country": "Saudi Arabia",
                        "country_code": "SA",
                        "state": null,
                        "state_code": null
                    }
                ]
            },
            {
                "first_name": "Abdullah",
                "last_name": "Algaissi",
                "initials": "",
                "corresponding": "",
                "orcid": "",
                "current_organization_id": "grid.176731.5",
                "researcher_id": "ur.01200643417.79",
                "affiliations": [
                    {
                        "id": "grid.176731.5",
                        "name": "The University of Texas Medical Branch at Galveston",
                        "city": "Galveston",
                        "city_id": 4692883,
                        "country": "United States",
                        "country_code": "US",
                        "state": "Texas",
                        "state_code": "US-TX"
                    },
                    {
                        "id": "grid.411831.e",
                        "name": "Jazan University",
                        "city": "Gazan",
                        "city_id": 105299,
                        "country": "Saudi Arabia",
                        "country_code": "SA",
                        "state": null,
                        "state_code": null
                    }
                ]
            },
            {
                "first_name": "Anurodh Shankar",
                "last_name": "Agrawal",
                "initials": "",
                "corresponding": "",
                "orcid": "",
                "current_organization_id": "grid.176731.5",
                "researcher_id": "ur.01050617402.39",
                "affiliations": [
                    {
                        "id": "grid.176731.5",
                        "name": "The University of Texas Medical Branch at Galveston",
                        "city": "Galveston",
                        "city_id": 4692883,
                        "country": "United States",
                        "country_code": "US",
                        "state": "Texas",
                        "state_code": "US-TX"
                    }
                ]
            },
            {
                "first_name": "Sawsan S",
                "last_name": "Al-amri",
                "initials": "",
                "corresponding": "",
                "orcid": "",
                "current_organization_id": "grid.412125.1",
                "researcher_id": "ur.01277437374.33",
                "affiliations": [
                    {
                        "name": "Vaccines and Immunotherapy Unit, King Fahd Medical Research Center, Saudi Arabia"
                    },
                    {
                        "id": "grid.412125.1",
                        "name": "King Abdulaziz University",
                        "city": "Jeddah",
                        "city_id": 105343,
                        "country": "Saudi Arabia",
                        "country_code": "SA",
                        "state": null,
                        "state_code": null
                    }
                ]
            },
            {
                "first_name": "Rowa Y",
                "last_name": "Alhabbab",
                "initials": "",
                "corresponding": "",
                "orcid": "",
                "current_organization_id": "grid.412125.1",
                "researcher_id": "ur.014436023206.26",
                "affiliations": [
                    {
                        "name": "Vaccines and Immunotherapy Unit, King Fahd Medical Research Center, Saudi Arabia"
                    },
                    {
                        "id": "grid.412125.1",
                        "name": "King Abdulaziz University",
                        "city": "Jeddah",
                        "city_id": 105343,
                        "country": "Saudi Arabia",
                        "country_code": "SA",
                        "state": null,
                        "state_code": null
                    },
                    {
                        "id": "grid.412125.1",
                        "name": "King Abdulaziz University",
                        "city": "Jeddah",
                        "city_id": 105343,
                        "country": "Saudi Arabia",
                        "country_code": "SA",
                        "state": null,
                        "state_code": null
                    }
                ]
            },
            {
                "first_name": "Sayed S",
                "last_name": "Sohrab",
                "initials": "",
                "corresponding": "",
                "orcid": "",
                "current_organization_id": "grid.412125.1",
                "researcher_id": "ur.01330732247.49",
                "affiliations": [
                    {
                        "id": "grid.412125.1",
                        "name": "King Abdulaziz University",
                        "city": "Jeddah",
                        "city_id": 105343,
                        "country": "Saudi Arabia",
                        "country_code": "SA",
                        "state": null,
                        "state_code": null
                    }
                ]
            },
            {
                "first_name": "Abdulrahman",
                "last_name": "S. Almasoud",
                "initials": "",
                "corresponding": "",
                "orcid": "",
                "current_organization_id": "",
                "researcher_id": "",
                "affiliations": [
                    {
                        "id": "grid.452607.2",
                        "name": "King Abdullah International Medical Research Center",
                        "city": "Jeddah",
                        "city_id": 105343,
                        "country": "Saudi Arabia",
                        "country_code": "SA",
                        "state": null,
                        "state_code": null
                    }
                ]
            },
            {
                "first_name": "Naif Khalaf",
                "last_name": "Alharbi",
                "initials": "",
                "corresponding": "",
                "orcid": "",
                "current_organization_id": "grid.452607.2",
                "researcher_id": "ur.01265241667.07",
                "affiliations": [
                    {
                        "id": "grid.452607.2",
                        "name": "King Abdullah International Medical Research Center",
                        "city": "Jeddah",
                        "city_id": 105343,
                        "country": "Saudi Arabia",
                        "country_code": "SA",
                        "state": null,
                        "state_code": null
                    }
                ]
            },
            {
                "first_name": "Bi-Hung",
                "last_name": "Peng",
                "initials": "",
                "corresponding": "",
                "orcid": "",
                "current_organization_id": "grid.176731.5",
                "researcher_id": "ur.0673335275.33",
                "affiliations": [
                    {
                        "id": "grid.176731.5",
                        "name": "The University of Texas Medical Branch at Galveston",
                        "city": "Galveston",
                        "city_id": 4692883,
                        "country": "United States",
                        "country_code": "US",
                        "state": "Texas",
                        "state_code": "US-TX"
                    }
                ]
            },
            {
                "first_name": "Marsha",
                "last_name": "Russell",
                "initials": "",
                "corresponding": "",
                "orcid": "",
                "current_organization_id": "grid.57544.37",
                "researcher_id": "ur.01213307636.25",
                "affiliations": [
                    {
                        "id": "grid.57544.37",
                        "name": "Health Canada",
                        "city": "Ottawa",
                        "city_id": 6094817,
                        "country": "Canada",
                        "country_code": "CA",
                        "state": "Ontario",
                        "state_code": "CA-ON"
                    }
                ]
            },
            {
                "first_name": "Xuguang",
                "last_name": "Li",
                "initials": "",
                "corresponding": "",
                "orcid": "['0000-0003-1155-9128']",
                "current_organization_id": "grid.57544.37",
                "researcher_id": "ur.012762744254.31",
                "affiliations": [
                    {
                        "id": "grid.57544.37",
                        "name": "Health Canada",
                        "city": "Ottawa",
                        "city_id": 6094817,
                        "country": "Canada",
                        "country_code": "CA",
                        "state": "Ontario",
                        "state_code": "CA-ON"
                    }
                ]
            },
            {
                "first_name": "Chien-Te K",
                "last_name": "Tseng",
                "initials": "",
                "corresponding": "",
                "orcid": "",
                "current_organization_id": "grid.176731.5",
                "researcher_id": "ur.011554651217.61",
                "affiliations": [
                    {
                        "id": "grid.176731.5",
                        "name": "The University of Texas Medical Branch at Galveston",
                        "city": "Galveston",
                        "city_id": 4692883,
                        "country": "United States",
                        "country_code": "US",
                        "state": "Texas",
                        "state_code": "US-TX"
                    },
                    {
                        "id": "grid.176731.5",
                        "name": "The University of Texas Medical Branch at Galveston",
                        "city": "Galveston",
                        "city_id": 4692883,
                        "country": "United States",
                        "country_code": "US",
                        "state": "Texas",
                        "state_code": "US-TX"
                    }
                ]
            }
        ]
    ],
    "type": "article"
}