{
    "volume": "47",
    "date": "2016-06-01",
    "title": "The spectrum of respiratory pathogens among returning Hajj pilgrims: myths and reality",
    "researchers": [
        {
            "id": "ur.01022676140.35",
            "last_name": "Gautret",
            "first_name": "Phillipe",
            "research_orgs": [
                "grid.5399.6",
                "grid.414244.3"
            ]
        },
        {
            "id": "ur.0737645113.84",
            "last_name": "Benkouiten",
            "first_name": "Samir",
            "research_orgs": [
                "grid.414244.3",
                "grid.464138.c",
                "grid.483853.1",
                "grid.415696.9",
                "grid.5399.6"
            ]
        },
        {
            "id": "ur.0726001752.41",
            "last_name": "Al-Tawfiq",
            "first_name": "Jaffar Ali",
            "orcid_id": [
                "0000-0002-5752-2235"
            ],
            "research_orgs": [
                "grid.21107.35",
                "grid.257413.6",
                "grid.413672.5",
                "grid.416738.f",
                "grid.415696.9",
                "grid.454873.9",
                "grid.415305.6",
                "grid.266471.0",
                "grid.257427.1",
                "grid.257410.5"
            ]
        },
        {
            "id": "ur.01156362044.18",
            "last_name": "Memish",
            "first_name": "Ziad Ahmed",
            "orcid_id": [
                "0000-0002-5099-0714"
            ],
            "research_orgs": [
                "grid.48004.38",
                "grid.415305.6",
                "grid.415989.8",
                "grid.411335.1",
                "grid.412149.b",
                "grid.416738.f",
                "grid.189967.8",
                "grid.413795.d",
                "grid.415277.2",
                "grid.3575.4",
                "grid.415254.3",
                "grid.416568.8",
                "grid.415696.9",
                "grid.56302.32",
                "grid.34477.33",
                "grid.415462.0",
                "grid.440269.d",
                "grid.416641.0"
            ]
        }
    ],
    "research_org_state_codes": [
        {
            "id": "US-IN",
            "name": "Indiana"
        }
    ],
    "altmetric": 1.0,
    "pages": "83-85",
    "research_org_cities": [
        {
            "id": 4259418,
            "name": "Indianapolis"
        },
        {
            "id": 107797,
            "name": "Dhahran"
        },
        {
            "id": 2995469,
            "name": "Marseille"
        },
        {
            "id": 108410,
            "name": "Riyadh"
        }
    ],
    "open_access": [
        "Open Access - all",
        "Open Access - publisher",
        "Open Access - published"
    ],
    "research_org_countries": [
        {
            "id": "FR",
            "name": "France"
        },
        {
            "id": "SA",
            "name": "Saudi Arabia"
        },
        {
            "id": "US",
            "name": "United States"
        }
    ],
    "doi": "10.1016/j.ijid.2016.01.013",
    "FOR": [
        {
            "id": "3177",
            "name": "1117 Public Health and Health Services"
        }
    ],
    "times_cited": 10,
    "research_orgs": [
        {
            "id": "grid.415305.6",
            "acronym": "JHAH",
            "types": [
                "Healthcare"
            ],
            "longitude": 50.136936,
            "linkout": [
                "http://www.jhah.com/home"
            ],
            "latitude": 26.310211,
            "name": "Saudi Aramco Medical Services Organization",
            "city_name": "Dhahran",
            "country_name": "Saudi Arabia"
        },
        {
            "id": "grid.415696.9",
            "acronym": "MOH",
            "types": [
                "Government"
            ],
            "longitude": 46.715557,
            "linkout": [
                "http://www.moh.gov.sa/en/Pages/Sitemap.aspx"
            ],
            "latitude": 24.657778,
            "name": "Ministry of Health",
            "city_name": "Riyadh",
            "country_name": "Saudi Arabia"
        },
        {
            "id": "grid.483853.1",
            "types": [
                "Other"
            ],
            "longitude": 5.400684,
            "linkout": [
                "http://en.mediterranee-infection.com/"
            ],
            "latitude": 43.28995,
            "name": "M\u00e9diterran\u00e9e Infection Foundation",
            "city_name": "Marseille",
            "country_name": "France"
        },
        {
            "id": "grid.5399.6",
            "acronym": "AMU",
            "types": [
                "Education"
            ],
            "longitude": 5.357944,
            "linkout": [
                "http://www.univ-amu.fr/"
            ],
            "latitude": 43.293537,
            "name": "Aix-Marseille University",
            "city_name": "Marseille",
            "country_name": "France"
        },
        {
            "id": "grid.257413.6",
            "acronym": "IUPUI",
            "state_name": "Indiana",
            "types": [
                "Education"
            ],
            "longitude": -86.16858,
            "linkout": [
                "http://www.iupui.edu/"
            ],
            "latitude": 39.776966,
            "name": "Indiana University \u2013 Purdue University Indianapolis",
            "city_name": "Indianapolis",
            "country_name": "United States"
        }
    ],
    "pmid": "26845442",
    "research_org_country_names": [
        "United States",
        "France",
        "Saudi Arabia"
    ],
    "id": "pub.1003158208",
    "journal": {
        "id": "jour.1115751",
        "title": "International Journal of Infectious Diseases"
    },
    "year": 2016,
    "references": [
        "pub.1010403109",
        "pub.1012627726",
        "pub.1052809779",
        "pub.1013905993",
        "pub.1018829275",
        "pub.1018029567",
        "pub.1025007908",
        "pub.1014571216",
        "pub.1046098625",
        "pub.1020486005",
        "pub.1033052288",
        "pub.1031354833",
        "pub.1046483256",
        "pub.1044668776",
        "pub.1009172561",
        "pub.1003986203",
        "pub.1012788064",
        "pub.1046872492",
        "pub.1052458122",
        "pub.1052584749",
        "pub.1015976701",
        "pub.1022384338",
        "pub.1027453324",
        "pub.1012399701",
        "pub.1043875870",
        "pub.1079126759",
        "pub.1007597237",
        "pub.1016496693",
        "pub.1015907586"
    ],
    "relative_citation_ratio": 0.74,
    "research_org_state_names": [
        "Indiana"
    ],
    "author_affiliations": [
        [
            {
                "first_name": "Phillipe",
                "last_name": "Gautret",
                "initials": "",
                "corresponding": true,
                "orcid": "",
                "current_organization_id": "grid.5399.6",
                "researcher_id": "ur.01022676140.35",
                "affiliations": [
                    {
                        "id": "grid.5399.6",
                        "name": "Aix-Marseille University",
                        "city": "Marseille",
                        "city_id": 2995469,
                        "country": "France",
                        "country_code": "FR",
                        "state": null,
                        "state_code": null
                    }
                ]
            },
            {
                "first_name": "Samir",
                "last_name": "Benkouiten",
                "initials": "",
                "corresponding": "",
                "orcid": "",
                "current_organization_id": "grid.483853.1",
                "researcher_id": "ur.0737645113.84",
                "affiliations": [
                    {
                        "id": "grid.483853.1",
                        "name": "M\u00e9diterran\u00e9e Infection Foundation",
                        "city": "Marseille",
                        "city_id": 2995469,
                        "country": "France",
                        "country_code": "FR",
                        "state": null,
                        "state_code": null
                    }
                ]
            },
            {
                "first_name": "Jaffar A.",
                "last_name": "Al-Tawfiq",
                "initials": "",
                "corresponding": "",
                "orcid": "['0000-0002-5752-2235']",
                "current_organization_id": "grid.415305.6",
                "researcher_id": "ur.0726001752.41",
                "affiliations": [
                    {
                        "id": "grid.415305.6",
                        "name": "Saudi Aramco Medical Services Organization",
                        "city": "Dhahran",
                        "city_id": 107797,
                        "country": "Saudi Arabia",
                        "country_code": "SA",
                        "state": null,
                        "state_code": null
                    },
                    {
                        "id": "grid.257413.6",
                        "name": "Indiana University \u2013 Purdue University Indianapolis",
                        "city": "Indianapolis",
                        "city_id": 4259418,
                        "country": "United States",
                        "country_code": "US",
                        "state": "Indiana",
                        "state_code": "US-IN"
                    }
                ]
            },
            {
                "first_name": "Ziad A.",
                "last_name": "Memish",
                "initials": "",
                "corresponding": "",
                "orcid": "['0000-0002-5099-0714']",
                "current_organization_id": "grid.415696.9",
                "researcher_id": "ur.01156362044.18",
                "affiliations": [
                    {
                        "id": "grid.415696.9",
                        "name": "Ministry of Health",
                        "city": "Riyadh",
                        "city_id": 108410,
                        "country": "Saudi Arabia",
                        "country_code": "SA",
                        "state": null,
                        "state_code": null
                    }
                ]
            }
        ]
    ],
    "type": "article"
}