{
    "volume": "6",
    "date": "2017-07-21",
    "title": "A Comprehensive Review of Common Bacterial, Parasitic and Viral Zoonoses at the Human-Animal Interface in Egypt",
    "researchers": [
        {
            "id": "ur.01317517306.84",
            "last_name": "Helmy",
            "first_name": "Yosra A",
            "orcid_id": [
                "0000-0003-1470-5418"
            ],
            "research_orgs": [
                "grid.33003.33",
                "grid.261331.4",
                "grid.14095.39",
                "grid.13652.33"
            ]
        },
        {
            "id": "ur.0736701472.97",
            "last_name": "El-Adawy",
            "first_name": "Hosny",
            "orcid_id": [
                "0000-0002-8585-4237"
            ],
            "research_orgs": [
                "grid.418245.e",
                "grid.417834.d",
                "grid.411978.2",
                "grid.411660.4",
                "grid.14095.39"
            ]
        },
        {
            "id": "ur.016210716607.49",
            "last_name": "Abdelwhab",
            "first_name": "Elsayed M",
            "orcid_id": [
                "0000-0003-2103-0922"
            ],
            "research_orgs": [
                "grid.424631.6",
                "grid.449014.c",
                "grid.7155.6",
                "grid.14095.39",
                "grid.417834.d"
            ]
        }
    ],
    "pmcid": "PMC5617990",
    "research_org_state_codes": [
        {
            "id": "US-OH",
            "name": "Ohio"
        }
    ],
    "altmetric": 5.0,
    "pages": "33",
    "research_org_cities": [
        {
            "id": 4509177,
            "name": "Columbus"
        },
        {
            "id": 2917788,
            "name": "Greifswald"
        },
        {
            "id": 354502,
            "name": "Kafr ash Shaykh"
        },
        {
            "id": 361055,
            "name": "Ismailia"
        }
    ],
    "open_access": [
        "Open Access - all",
        "Open Access - publisher",
        "Open Access - published"
    ],
    "research_org_countries": [
        {
            "id": "US",
            "name": "United States"
        },
        {
            "id": "EG",
            "name": "Egypt"
        },
        {
            "id": "DE",
            "name": "Germany"
        }
    ],
    "doi": "10.3390/pathogens6030033",
    "FOR": [
        {
            "id": "3114",
            "name": "1108 Medical Microbiology"
        },
        {
            "id": "2634",
            "name": "0605 Microbiology"
        }
    ],
    "times_cited": 11,
    "research_orgs": [
        {
            "id": "grid.411978.2",
            "types": [
                "Education"
            ],
            "longitude": 30.95,
            "linkout": [
                "http://www.kfs.edu.eg/engkfs/"
            ],
            "latitude": 31.098333,
            "name": "Kafrelsheikh University",
            "city_name": "Kafr ash Shaykh",
            "country_name": "Egypt"
        },
        {
            "id": "grid.33003.33",
            "types": [
                "Education"
            ],
            "longitude": 32.275,
            "linkout": [
                "http://scuegypt.edu.eg/ar/"
            ],
            "latitude": 30.622778,
            "name": "Suez Canal University",
            "city_name": "Ismailia",
            "country_name": "Egypt"
        },
        {
            "id": "grid.417834.d",
            "acronym": "FLI",
            "types": [
                "Healthcare"
            ],
            "longitude": 13.363031,
            "linkout": [
                "http://www.fli.de/en/home/"
            ],
            "latitude": 54.18467,
            "name": "Friedrich Loeffler Institute",
            "city_name": "Greifswald",
            "country_name": "Germany"
        },
        {
            "id": "grid.261331.4",
            "acronym": "OSU",
            "state_name": "Ohio",
            "types": [
                "Education"
            ],
            "longitude": -83.0145,
            "linkout": [
                "http://www.osu.edu/"
            ],
            "latitude": 40.0,
            "name": "The Ohio State University",
            "city_name": "Columbus",
            "country_name": "United States"
        }
    ],
    "pmid": "28754024",
    "research_org_country_names": [
        "United States",
        "Egypt",
        "Germany"
    ],
    "id": "pub.1090851014",
    "issue": "3",
    "journal": {
        "id": "jour.1047674",
        "title": "Pathogens"
    },
    "year": 2017,
    "references": [
        "pub.1029744251",
        "pub.1053699915",
        "pub.1031026106",
        "pub.1043421068",
        "pub.1060390202",
        "pub.1077362479",
        "pub.1039226436",
        "pub.1080010929",
        "pub.1026057748",
        "pub.1068791715",
        "pub.1050305932",
        "pub.1029642328",
        "pub.1018402292",
        "pub.1074764137",
        "pub.1011919770",
        "pub.1079523739",
        "pub.1083069909",
        "pub.1072875698",
        "pub.1075228899",
        "pub.1060401288",
        "pub.1053593607",
        "pub.1079576706",
        "pub.1025166467",
        "pub.1045723838",
        "pub.1017163861",
        "pub.1049098711",
        "pub.1029738512",
        "pub.1082736159",
        "pub.1081266578",
        "pub.1040603630",
        "pub.1082457218",
        "pub.1010807810",
        "pub.1074630880",
        "pub.1067302352",
        "pub.1074641057",
        "pub.1045671274",
        "pub.1015680456",
        "pub.1035949008",
        "pub.1049114891",
        "pub.1064681815",
        "pub.1071483406",
        "pub.1057363382",
        "pub.1053870004",
        "pub.1027330306",
        "pub.1072288812",
        "pub.1082505351",
        "pub.1047414839",
        "pub.1022588089",
        "pub.1026488629",
        "pub.1051773882",
        "pub.1008039015",
        "pub.1076603859",
        "pub.1054751070",
        "pub.1083300357",
        "pub.1075228909",
        "pub.1077844972",
        "pub.1041126400",
        "pub.1042438526",
        "pub.1059699180",
        "pub.1020355031",
        "pub.1022064564",
        "pub.1067355530",
        "pub.1079576704",
        "pub.1054798040",
        "pub.1059261599",
        "pub.1059261618",
        "pub.1020821383",
        "pub.1018196132",
        "pub.1010999240",
        "pub.1031112770",
        "pub.1053796014",
        "pub.1044373593",
        "pub.1029332867",
        "pub.1059324817",
        "pub.1020573120",
        "pub.1036177990",
        "pub.1038069504",
        "pub.1051566700",
        "pub.1082781203",
        "pub.1075212718",
        "pub.1085299546",
        "pub.1012781525",
        "pub.1050902877",
        "pub.1037311398",
        "pub.1075347398",
        "pub.1077049423",
        "pub.1082486628",
        "pub.1017467184",
        "pub.1012050926",
        "pub.1013955895",
        "pub.1082936725",
        "pub.1014030335",
        "pub.1046275654",
        "pub.1003934228",
        "pub.1023288532",
        "pub.1077680425",
        "pub.1082651462",
        "pub.1026611079",
        "pub.1039706874",
        "pub.1034835994",
        "pub.1077434035",
        "pub.1082870510",
        "pub.1007305756",
        "pub.1008100439",
        "pub.1021870180",
        "pub.1077285734",
        "pub.1074641062",
        "pub.1074641058",
        "pub.1083592789",
        "pub.1043396862",
        "pub.1019660801",
        "pub.1057321140",
        "pub.1030594586",
        "pub.1032248650",
        "pub.1022330109",
        "pub.1046408840",
        "pub.1077220086",
        "pub.1077965354",
        "pub.1075228946",
        "pub.1025003471",
        "pub.1015700800",
        "pub.1002859036",
        "pub.1033711375",
        "pub.1074464961",
        "pub.1030211666",
        "pub.1043730825",
        "pub.1053962648",
        "pub.1008542637",
        "pub.1078614007",
        "pub.1029404180",
        "pub.1060389935",
        "pub.1000046706",
        "pub.1000552093",
        "pub.1040974916",
        "pub.1029920346",
        "pub.1074641061",
        "pub.1047969770",
        "pub.1035291028",
        "pub.1038621534",
        "pub.1015443089",
        "pub.1060059373",
        "pub.1054751436",
        "pub.1035944310",
        "pub.1077376755",
        "pub.1077997952",
        "pub.1079196351",
        "pub.1078337483",
        "pub.1015342818",
        "pub.1023269930",
        "pub.1006960747",
        "pub.1050266115",
        "pub.1059262697",
        "pub.1002705785",
        "pub.1035035591",
        "pub.1017549289",
        "pub.1014166595",
        "pub.1072864775",
        "pub.1043755719",
        "pub.1039139379",
        "pub.1082770667",
        "pub.1042008762",
        "pub.1051551980",
        "pub.1014996903",
        "pub.1077348198",
        "pub.1044732692",
        "pub.1047656985",
        "pub.1078944323",
        "pub.1077288380",
        "pub.1023666826",
        "pub.1043875870",
        "pub.1033144836",
        "pub.1043680592",
        "pub.1001613834",
        "pub.1009177945",
        "pub.1039166133",
        "pub.1082928645",
        "pub.1059262314",
        "pub.1077379210",
        "pub.1075118236",
        "pub.1079955766",
        "pub.1059325614",
        "pub.1048899503",
        "pub.1080967932",
        "pub.1036437102",
        "pub.1084169614",
        "pub.1042634463",
        "pub.1027567785",
        "pub.1077933683",
        "pub.1006581954",
        "pub.1082298509",
        "pub.1082263480",
        "pub.1074641055",
        "pub.1075251404",
        "pub.1038450603",
        "pub.1070926115",
        "pub.1027133230",
        "pub.1023939056",
        "pub.1059297918",
        "pub.1007269941",
        "pub.1079222728",
        "pub.1077980289",
        "pub.1005016038",
        "pub.1042293549",
        "pub.1018928746",
        "pub.1053970575",
        "pub.1042052607",
        "pub.1074839701",
        "pub.1067984096",
        "pub.1078749053",
        "pub.1074641054",
        "pub.1027840180",
        "pub.1020767691",
        "pub.1078331803",
        "pub.1077362471",
        "pub.1002622166",
        "pub.1020563333",
        "pub.1038459370",
        "pub.1080971487",
        "pub.1053672811",
        "pub.1022980905",
        "pub.1016975790",
        "pub.1074641060",
        "pub.1082644047",
        "pub.1039669082",
        "pub.1047663172",
        "pub.1024412631",
        "pub.1074193456",
        "pub.1054547232",
        "pub.1013996190",
        "pub.1077152280",
        "pub.1052634875",
        "pub.1075065590",
        "pub.1077434037",
        "pub.1021183551",
        "pub.1015497903",
        "pub.1051594629",
        "pub.1047345451",
        "pub.1041227934",
        "pub.1084251610",
        "pub.1004043310",
        "pub.1067208153",
        "pub.1027106165",
        "pub.1071873253",
        "pub.1022160571",
        "pub.1078147892",
        "pub.1036974751",
        "pub.1077334790",
        "pub.1003648898",
        "pub.1083745844",
        "pub.1082488182",
        "pub.1047935290",
        "pub.1078805192",
        "pub.1012674073",
        "pub.1077049430",
        "pub.1078337468",
        "pub.1074856703",
        "pub.1077347358",
        "pub.1078675407",
        "pub.1095905124",
        "pub.1079171423",
        "pub.1053988736",
        "pub.1071483360",
        "pub.1046872492",
        "pub.1075065589",
        "pub.1030018828",
        "pub.1077346636",
        "pub.1000414160",
        "pub.1074882663",
        "pub.1077717594",
        "pub.1078940495",
        "pub.1082781204",
        "pub.1071483195",
        "pub.1019252736",
        "pub.1034293811",
        "pub.1059325469",
        "pub.1033718786",
        "pub.1064681791",
        "pub.1060061292",
        "pub.1075065592",
        "pub.1046455678",
        "pub.1067208157",
        "pub.1012856408",
        "pub.1044396195",
        "pub.1071482782",
        "pub.1019424187",
        "pub.1059472837",
        "pub.1082882085",
        "pub.1074532298",
        "pub.1008598590",
        "pub.1006720939",
        "pub.1080194963",
        "pub.1044190138",
        "pub.1015110607",
        "pub.1028094324",
        "pub.1021928563",
        "pub.1027679838",
        "pub.1037333425",
        "pub.1080318222",
        "pub.1082917935",
        "pub.1039318770",
        "pub.1025212009",
        "pub.1027928417",
        "pub.1040516687",
        "pub.1026824394",
        "pub.1078309838",
        "pub.1071482438",
        "pub.1068792973",
        "pub.1035683058",
        "pub.1023075337",
        "pub.1074641056"
    ],
    "relative_citation_ratio": 1.32,
    "research_org_state_names": [
        "Ohio"
    ],
    "author_affiliations": [
        [
            {
                "first_name": "Yosra A",
                "last_name": "Helmy",
                "initials": "",
                "corresponding": "",
                "orcid": "['0000-0003-1470-5418']",
                "current_organization_id": "grid.261331.4",
                "researcher_id": "ur.01317517306.84",
                "affiliations": [
                    {
                        "id": "grid.261331.4",
                        "name": "The Ohio State University",
                        "city": "Columbus",
                        "city_id": 4509177,
                        "country": "United States",
                        "country_code": "US",
                        "state": "Ohio",
                        "state_code": "US-OH"
                    },
                    {
                        "id": "grid.33003.33",
                        "name": "Suez Canal University",
                        "city": "Ismailia",
                        "city_id": 361055,
                        "country": "Egypt",
                        "country_code": "EG",
                        "state": null,
                        "state_code": null
                    }
                ]
            },
            {
                "first_name": "Hosny",
                "last_name": "El-Adawy",
                "initials": "",
                "corresponding": "",
                "orcid": "['0000-0002-8585-4237']",
                "current_organization_id": "grid.411978.2",
                "researcher_id": "ur.0736701472.97",
                "affiliations": [
                    {
                        "id": "grid.417834.d",
                        "name": "Friedrich Loeffler Institute",
                        "city": "Greifswald",
                        "city_id": 2917788,
                        "country": "Germany",
                        "country_code": "DE",
                        "state": null,
                        "state_code": null
                    },
                    {
                        "id": "grid.411978.2",
                        "name": "Kafrelsheikh University",
                        "city": "Kafr ash Shaykh",
                        "city_id": 354502,
                        "country": "Egypt",
                        "country_code": "EG",
                        "state": null,
                        "state_code": null
                    }
                ]
            },
            {
                "first_name": "Elsayed M",
                "last_name": "Abdelwhab",
                "initials": "",
                "corresponding": "",
                "orcid": "['0000-0003-2103-0922']",
                "current_organization_id": "grid.417834.d",
                "researcher_id": "ur.016210716607.49",
                "affiliations": [
                    {
                        "id": "grid.417834.d",
                        "name": "Friedrich Loeffler Institute",
                        "city": "Greifswald",
                        "city_id": 2917788,
                        "country": "Germany",
                        "country_code": "DE",
                        "state": null,
                        "state_code": null
                    }
                ]
            }
        ]
    ],
    "type": "article"
}