{
    "pmid": "32020836",
    "author_affiliations": [
        [
            {
                "first_name": "Liangjun",
                "last_name": "Chen",
                "initials": "",
                "corresponding": "",
                "orcid": "",
                "current_organization_id": "",
                "researcher_id": "",
                "affiliations": [
                    {
                        "id": "grid.49470.3e",
                        "name": "Wuhan University",
                        "city": "Wuhan",
                        "city_id": 1791247,
                        "country": "China",
                        "country_code": "CN",
                        "state": null,
                        "state_code": null
                    },
                    {
                        "id": "grid.413247.7",
                        "name": "Zhongnan Hospital of Wuhan University",
                        "city": "Wuhan",
                        "city_id": 1791247,
                        "country": "China",
                        "country_code": "CN",
                        "state": null,
                        "state_code": null
                    }
                ]
            },
            {
                "first_name": "Weiyong",
                "last_name": "Liu",
                "initials": "",
                "corresponding": "",
                "orcid": "",
                "current_organization_id": "grid.49470.3e",
                "researcher_id": "ur.01124500100.54",
                "affiliations": [
                    {
                        "name": "Department of Laboratory Medicine, Tongji Hospital, Tongji Medical College, Huazhong University of Science and Technology, Wuhan, People's Republic of China."
                    }
                ]
            },
            {
                "first_name": "Qi",
                "last_name": "Zhang",
                "initials": "",
                "corresponding": "",
                "orcid": "",
                "current_organization_id": "",
                "researcher_id": "",
                "affiliations": [
                    {
                        "id": "grid.49470.3e",
                        "name": "Wuhan University",
                        "city": "Wuhan",
                        "city_id": 1791247,
                        "country": "China",
                        "country_code": "CN",
                        "state": null,
                        "state_code": null
                    }
                ]
            },
            {
                "first_name": "Ke",
                "last_name": "Xu",
                "initials": "",
                "corresponding": "",
                "orcid": "",
                "current_organization_id": "",
                "researcher_id": "",
                "affiliations": [
                    {
                        "id": "grid.49470.3e",
                        "name": "Wuhan University",
                        "city": "Wuhan",
                        "city_id": 1791247,
                        "country": "China",
                        "country_code": "CN",
                        "state": null,
                        "state_code": null
                    }
                ]
            },
            {
                "first_name": "Guangming",
                "last_name": "Ye",
                "initials": "",
                "corresponding": "",
                "orcid": "",
                "current_organization_id": "grid.413247.7",
                "researcher_id": "ur.01047361453.84",
                "affiliations": [
                    {
                        "id": "grid.413247.7",
                        "name": "Zhongnan Hospital of Wuhan University",
                        "city": "Wuhan",
                        "city_id": 1791247,
                        "country": "China",
                        "country_code": "CN",
                        "state": null,
                        "state_code": null
                    }
                ]
            },
            {
                "first_name": "Weichen",
                "last_name": "Wu",
                "initials": "",
                "corresponding": "",
                "orcid": "",
                "current_organization_id": "",
                "researcher_id": "",
                "affiliations": [
                    {
                        "id": "grid.12981.33",
                        "name": "Sun Yat-sen University",
                        "city": "Guangzhou",
                        "city_id": 1809858,
                        "country": "China",
                        "country_code": "CN",
                        "state": null,
                        "state_code": null
                    }
                ]
            },
            {
                "first_name": "Ziyong",
                "last_name": "Sun",
                "initials": "",
                "corresponding": "",
                "orcid": "",
                "current_organization_id": "grid.33199.31",
                "researcher_id": "ur.01044537770.43",
                "affiliations": [
                    {
                        "name": "Department of Laboratory Medicine, Tongji Hospital, Tongji Medical College, Huazhong University of Science and Technology, Wuhan, People's Republic of China."
                    }
                ]
            },
            {
                "first_name": "Fang",
                "last_name": "Liu",
                "initials": "",
                "corresponding": "",
                "orcid": "",
                "current_organization_id": "",
                "researcher_id": "",
                "affiliations": [
                    {
                        "id": "grid.49470.3e",
                        "name": "Wuhan University",
                        "city": "Wuhan",
                        "city_id": 1791247,
                        "country": "China",
                        "country_code": "CN",
                        "state": null,
                        "state_code": null
                    }
                ]
            },
            {
                "first_name": "Kailang",
                "last_name": "Wu",
                "initials": "",
                "corresponding": "",
                "orcid": "['0000-0002-0926-9300']",
                "current_organization_id": "grid.49470.3e",
                "researcher_id": "ur.0740360235.81",
                "affiliations": [
                    {
                        "id": "grid.49470.3e",
                        "name": "Wuhan University",
                        "city": "Wuhan",
                        "city_id": 1791247,
                        "country": "China",
                        "country_code": "CN",
                        "state": null,
                        "state_code": null
                    }
                ]
            },
            {
                "first_name": "Bo",
                "last_name": "Zhong",
                "initials": "",
                "corresponding": "",
                "orcid": "",
                "current_organization_id": "",
                "researcher_id": "",
                "affiliations": [
                    {
                        "id": "grid.49470.3e",
                        "name": "Wuhan University",
                        "city": "Wuhan",
                        "city_id": 1791247,
                        "country": "China",
                        "country_code": "CN",
                        "state": null,
                        "state_code": null
                    }
                ]
            },
            {
                "first_name": "Yi",
                "last_name": "Mei",
                "initials": "",
                "corresponding": "",
                "orcid": "",
                "current_organization_id": "",
                "researcher_id": "",
                "affiliations": [
                    {
                        "id": "grid.49470.3e",
                        "name": "Wuhan University",
                        "city": "Wuhan",
                        "city_id": 1791247,
                        "country": "China",
                        "country_code": "CN",
                        "state": null,
                        "state_code": null
                    }
                ]
            },
            {
                "first_name": "Wenxia",
                "last_name": "Zhang",
                "initials": "",
                "corresponding": "",
                "orcid": "",
                "current_organization_id": "",
                "researcher_id": "",
                "affiliations": [
                    {
                        "id": "grid.49470.3e",
                        "name": "Wuhan University",
                        "city": "Wuhan",
                        "city_id": 1791247,
                        "country": "China",
                        "country_code": "CN",
                        "state": null,
                        "state_code": null
                    }
                ]
            },
            {
                "first_name": "Yu",
                "last_name": "Chen",
                "initials": "",
                "corresponding": "",
                "orcid": "",
                "current_organization_id": "",
                "researcher_id": "",
                "affiliations": [
                    {
                        "id": "grid.49470.3e",
                        "name": "Wuhan University",
                        "city": "Wuhan",
                        "city_id": 1791247,
                        "country": "China",
                        "country_code": "CN",
                        "state": null,
                        "state_code": null
                    }
                ]
            },
            {
                "first_name": "Yirong",
                "last_name": "Li",
                "initials": "",
                "corresponding": "",
                "orcid": "",
                "current_organization_id": "",
                "researcher_id": "",
                "affiliations": [
                    {
                        "id": "grid.413247.7",
                        "name": "Zhongnan Hospital of Wuhan University",
                        "city": "Wuhan",
                        "city_id": 1791247,
                        "country": "China",
                        "country_code": "CN",
                        "state": null,
                        "state_code": null
                    }
                ]
            },
            {
                "first_name": "Mang",
                "last_name": "Shi",
                "initials": "",
                "corresponding": "",
                "orcid": "['0000-0002-6154-4437']",
                "current_organization_id": "grid.1013.3",
                "researcher_id": "ur.0636064674.00",
                "affiliations": [
                    {
                        "id": "grid.12981.33",
                        "name": "Sun Yat-sen University",
                        "city": "Guangzhou",
                        "city_id": 1809858,
                        "country": "China",
                        "country_code": "CN",
                        "state": null,
                        "state_code": null
                    }
                ]
            },
            {
                "first_name": "Ke",
                "last_name": "Lan",
                "initials": "",
                "corresponding": "",
                "orcid": "",
                "current_organization_id": "grid.49470.3e",
                "researcher_id": "ur.01073621177.39",
                "affiliations": [
                    {
                        "id": "grid.49470.3e",
                        "name": "Wuhan University",
                        "city": "Wuhan",
                        "city_id": 1791247,
                        "country": "China",
                        "country_code": "CN",
                        "state": null,
                        "state_code": null
                    }
                ]
            },
            {
                "first_name": "Yingle",
                "last_name": "Liu",
                "initials": "",
                "corresponding": "",
                "orcid": "",
                "current_organization_id": "",
                "researcher_id": "",
                "affiliations": [
                    {
                        "id": "grid.49470.3e",
                        "name": "Wuhan University",
                        "city": "Wuhan",
                        "city_id": 1791247,
                        "country": "China",
                        "country_code": "CN",
                        "state": null,
                        "state_code": null
                    }
                ]
            }
        ]
    ],
    "altmetric": 8.0,
    "FOR": [
        {
            "id": "2620",
            "name": "0604 Genetics"
        }
    ],
    "research_org_countries": [
        {
            "id": "CN",
            "name": "China"
        }
    ],
    "title": "RNA based mNGS approach identifies a novel human coronavirus from two individual pneumonia cases in 2019 Wuhan outbreak",
    "research_org_cities": [
        {
            "id": 1809858,
            "name": "Guangzhou"
        },
        {
            "id": 1791247,
            "name": "Wuhan"
        }
    ],
    "pages": "313-319",
    "issue": "1",
    "open_access": [
        "Open Access - all",
        "Open Access - publisher",
        "Open Access - published"
    ],
    "doi": "10.1080/22221751.2020.1725399",
    "times_cited": 9,
    "journal": {
        "id": "jour.1047596",
        "title": "Emerging Microbes & Infections"
    },
    "year": 2020,
    "research_orgs": [
        {
            "id": "grid.49470.3e",
            "name": "Wuhan University",
            "linkout": [
                "http://en.whu.edu.cn/"
            ],
            "country_name": "China",
            "types": [
                "Education"
            ],
            "latitude": 30.536316,
            "acronym": "WHU",
            "city_name": "Wuhan",
            "longitude": 114.36431
        },
        {
            "id": "grid.413247.7",
            "name": "Zhongnan Hospital of Wuhan University",
            "linkout": [
                "http://www.znhospital.cn/"
            ],
            "country_name": "China",
            "types": [
                "Healthcare"
            ],
            "latitude": 30.554094,
            "city_name": "Wuhan",
            "longitude": 114.35368
        },
        {
            "id": "grid.12981.33",
            "name": "Sun Yat-sen University",
            "linkout": [
                "http://www.sysu.edu.cn/2012/en/index.htm"
            ],
            "country_name": "China",
            "types": [
                "Education"
            ],
            "latitude": 23.0962,
            "state_name": "Guangdong",
            "city_name": "Guangzhou",
            "longitude": 113.29806
        }
    ],
    "id": "pub.1124599740",
    "references": [
        "pub.1028162909",
        "pub.1093088828",
        "pub.1016356096",
        "pub.1023901695",
        "pub.1092414581",
        "pub.1046004748",
        "pub.1107822412",
        "pub.1124367686",
        "pub.1024782211",
        "pub.1124462052",
        "pub.1083359354",
        "pub.1086132817"
    ],
    "research_org_country_names": [
        "China"
    ],
    "date": "2020-01-01",
    "researchers": [
        {
            "id": "ur.01124500100.54",
            "research_orgs": [
                "grid.49470.3e",
                "grid.412793.a",
                "grid.33199.31"
            ],
            "last_name": "Liu",
            "first_name": "Weiyong"
        },
        {
            "id": "ur.01047361453.84",
            "research_orgs": [
                "grid.8547.e",
                "grid.413247.7",
                "grid.240473.6"
            ],
            "last_name": "Ye",
            "first_name": "Guang-Ming"
        },
        {
            "id": "ur.01044537770.43",
            "research_orgs": [
                "grid.412793.a",
                "grid.33199.31"
            ],
            "last_name": "Sun",
            "first_name": "Zi-Yong"
        },
        {
            "id": "ur.0740360235.81",
            "research_orgs": [
                "grid.17635.36",
                "grid.49470.3e",
                "grid.488186.b"
            ],
            "last_name": "Wu",
            "first_name": "Kai-Lang",
            "orcid_id": [
                "0000-0002-0926-9300"
            ]
        },
        {
            "id": "ur.0636064674.00",
            "research_orgs": [
                "grid.29857.31",
                "grid.12981.33",
                "grid.416738.f",
                "grid.8547.e",
                "grid.13402.34",
                "grid.1011.1",
                "grid.198530.6",
                "grid.1013.3",
                "grid.194645.b"
            ],
            "last_name": "Shi",
            "first_name": "Mang",
            "orcid_id": [
                "0000-0002-6154-4437"
            ]
        },
        {
            "id": "ur.01073621177.39",
            "research_orgs": [
                "grid.216417.7",
                "grid.412631.3",
                "grid.9227.e",
                "grid.429007.8",
                "grid.25879.31",
                "grid.49470.3e",
                "grid.419092.7"
            ],
            "last_name": "Lan",
            "first_name": "Ke"
        }
    ],
    "type": "article",
    "volume": "9",
    "pmcid": "PMC7033720"
}