{
    "volume": "7",
    "date": "2018-12-01",
    "title": "Enhanced protection in mice induced by immunization with inactivated whole viruses compare to spike protein of middle east respiratory syndrome coronavirus",
    "researchers": [
        {
            "id": "ur.0762117661.33",
            "last_name": "Deng",
            "first_name": "Yao",
            "research_orgs": [
                "grid.263761.7",
                "grid.453135.5",
                "grid.452515.2",
                "grid.198530.6"
            ]
        },
        {
            "id": "ur.0601220632.57",
            "last_name": "Lan",
            "first_name": "Jia-Ming",
            "research_orgs": [
                "grid.256883.2",
                "grid.198530.6"
            ]
        },
        {
            "id": "ur.01340021045.05",
            "last_name": "Bao",
            "first_name": "Lin-Lin",
            "research_orgs": [
                "grid.454878.2",
                "grid.453135.5",
                "grid.413106.1",
                "grid.482592.0",
                "grid.12527.33"
            ]
        },
        {
            "id": "ur.01150543636.95",
            "last_name": "Huang",
            "first_name": "Bao-Ying",
            "orcid_id": [
                "0000-0001-9516-1146"
            ],
            "research_orgs": [
                "grid.198530.6"
            ]
        },
        {
            "id": "ur.0656312637.06",
            "last_name": "Ye",
            "first_name": "Fei",
            "research_orgs": [
                "grid.198530.6",
                "grid.453135.5"
            ]
        },
        {
            "id": "ur.0713376543.52",
            "last_name": "Chen",
            "first_name": "Yingzhu",
            "research_orgs": [
                "grid.268099.c",
                "grid.198530.6"
            ]
        },
        {
            "id": "ur.01136541154.05",
            "last_name": "Yao",
            "first_name": "Yanfeng",
            "research_orgs": [
                "grid.453135.5",
                "grid.12527.33",
                "grid.439104.b",
                "grid.454878.2",
                "grid.410726.6",
                "grid.482592.0",
                "grid.495882.a"
            ]
        },
        {
            "id": "ur.01102430436.06",
            "last_name": "Wang",
            "first_name": "Wenling",
            "orcid_id": [
                "0000-0002-7360-2913"
            ],
            "research_orgs": [
                "grid.453135.5",
                "grid.198530.6"
            ]
        },
        {
            "id": "ur.0666371245.12",
            "last_name": "Qin",
            "first_name": "Chuan",
            "research_orgs": [
                "grid.4444.0",
                "grid.411024.2",
                "grid.410726.6",
                "grid.454878.2",
                "grid.415045.1",
                "grid.482592.0",
                "grid.506261.6",
                "grid.413106.1",
                "grid.464209.d",
                "grid.453135.5",
                "grid.12527.33"
            ]
        },
        {
            "id": "ur.01143221111.34",
            "last_name": "Tan",
            "first_name": "Wen-Jie",
            "research_orgs": [
                "grid.9227.e",
                "grid.453135.5",
                "grid.268099.c",
                "grid.198530.6",
                "grid.419897.a",
                "grid.64924.3d"
            ]
        }
    ],
    "pmcid": "PMC5884803",
    "pages": "1-10",
    "research_org_cities": [
        {
            "id": 1795270,
            "name": "Shijiazhuang"
        },
        {
            "id": 1816670,
            "name": "Beijing"
        }
    ],
    "open_access": [
        "Open Access - all",
        "Open Access - publisher",
        "Open Access - published"
    ],
    "research_org_countries": [
        {
            "id": "CN",
            "name": "China"
        }
    ],
    "doi": "10.1038/s41426-018-0056-7",
    "FOR": [
        {
            "id": "3103",
            "name": "1107 Immunology"
        }
    ],
    "research_orgs": [
        {
            "id": "grid.482592.0",
            "types": [
                "Facility"
            ],
            "longitude": 116.393295,
            "linkout": [
                "http://www.cnilas.org/"
            ],
            "latitude": 39.92486,
            "name": "Institute of Laboratory Animal Science",
            "city_name": "Beijing",
            "country_name": "China"
        },
        {
            "id": "grid.256883.2",
            "acronym": "HMU",
            "types": [
                "Education"
            ],
            "longitude": 114.53522,
            "linkout": [
                "http://en.hebmu.edu.cn/"
            ],
            "latitude": 38.046696,
            "name": "Hebei Medical University",
            "city_name": "Shijiazhuang",
            "country_name": "China"
        },
        {
            "id": "grid.198530.6",
            "acronym": "CCDC",
            "types": [
                "Nonprofit"
            ],
            "longitude": 116.398834,
            "linkout": [
                "http://www.chinacdc.cn/en/"
            ],
            "latitude": 39.91624,
            "name": "Chinese Center For Disease Control and Prevention",
            "city_name": "Beijing",
            "country_name": "China"
        }
    ],
    "times_cited": 7,
    "pmid": "29618723",
    "funders": [
        {
            "id": "grid.424020.0",
            "acronym": "MOST",
            "types": [
                "Government"
            ],
            "longitude": 116.316284,
            "linkout": [
                "http://www.most.gov.cn/eng/"
            ],
            "latitude": 39.827835,
            "name": "Ministry of Science and Technology of the People's Republic of China",
            "city_name": "Beijing",
            "country_name": "China"
        }
    ],
    "research_org_country_names": [
        "China"
    ],
    "id": "pub.1103154698",
    "issue": "1",
    "journal": {
        "id": "jour.1047596",
        "title": "Emerging Microbes & Infections"
    },
    "year": 2018,
    "references": [
        "pub.1078139166",
        "pub.1015222376",
        "pub.1084112262",
        "pub.1044199619",
        "pub.1035639368",
        "pub.1084820388",
        "pub.1043958679",
        "pub.1000196113",
        "pub.1058843980",
        "pub.1051316131",
        "pub.1010347116",
        "pub.1034137912",
        "pub.1044894279",
        "pub.1015744540",
        "pub.1050010417",
        "pub.1060400426",
        "pub.1023271115",
        "pub.1002589869",
        "pub.1049099906",
        "pub.1062688858",
        "pub.1041090388",
        "pub.1077798863",
        "pub.1018158123",
        "pub.1039030138",
        "pub.1058394958",
        "pub.1085569922",
        "pub.1019869607",
        "pub.1028538463",
        "pub.1083920440",
        "pub.1043875870",
        "pub.1008833444",
        "pub.1016024482",
        "pub.1010055648",
        "pub.1041131426",
        "pub.1025083946",
        "pub.1050539259",
        "pub.1019134948",
        "pub.1079361643",
        "pub.1052095710",
        "pub.1022950011",
        "pub.1080263762",
        "pub.1013766402"
    ],
    "relative_citation_ratio": 1.48,
    "author_affiliations": [
        [
            {
                "first_name": "Yao",
                "last_name": "Deng",
                "initials": "",
                "corresponding": "",
                "orcid": "",
                "current_organization_id": "grid.198530.6",
                "researcher_id": "ur.0762117661.33",
                "affiliations": [
                    {
                        "id": "grid.198530.6",
                        "name": "Chinese Center For Disease Control and Prevention",
                        "city": "Beijing",
                        "city_id": 1816670,
                        "country": "China",
                        "country_code": "CN",
                        "state": null,
                        "state_code": null
                    }
                ]
            },
            {
                "first_name": "Jiaming",
                "last_name": "Lan",
                "initials": "",
                "corresponding": "",
                "orcid": "",
                "current_organization_id": "grid.256883.2",
                "researcher_id": "ur.0601220632.57",
                "affiliations": [
                    {
                        "id": "grid.198530.6",
                        "name": "Chinese Center For Disease Control and Prevention",
                        "city": "Beijing",
                        "city_id": 1816670,
                        "country": "China",
                        "country_code": "CN",
                        "state": null,
                        "state_code": null
                    },
                    {
                        "id": "grid.256883.2",
                        "name": "Hebei Medical University",
                        "city": "Shijiazhuang",
                        "city_id": 1795270,
                        "country": "China",
                        "country_code": "CN",
                        "state": null,
                        "state_code": null
                    }
                ]
            },
            {
                "first_name": "Linlin",
                "last_name": "Bao",
                "initials": "",
                "corresponding": "",
                "orcid": "",
                "current_organization_id": "grid.482592.0",
                "researcher_id": "ur.01340021045.05",
                "affiliations": [
                    {
                        "id": "grid.482592.0",
                        "name": "Institute of Laboratory Animal Science",
                        "city": "Beijing",
                        "city_id": 1816670,
                        "country": "China",
                        "country_code": "CN",
                        "state": null,
                        "state_code": null
                    }
                ]
            },
            {
                "first_name": "Baoying",
                "last_name": "Huang",
                "initials": "",
                "corresponding": "",
                "orcid": "['0000-0001-9516-1146']",
                "current_organization_id": "grid.198530.6",
                "researcher_id": "ur.01150543636.95",
                "affiliations": [
                    {
                        "id": "grid.198530.6",
                        "name": "Chinese Center For Disease Control and Prevention",
                        "city": "Beijing",
                        "city_id": 1816670,
                        "country": "China",
                        "country_code": "CN",
                        "state": null,
                        "state_code": null
                    }
                ]
            },
            {
                "first_name": "Fei",
                "last_name": "Ye",
                "initials": "",
                "corresponding": "",
                "orcid": "",
                "current_organization_id": "grid.198530.6",
                "researcher_id": "ur.0656312637.06",
                "affiliations": [
                    {
                        "id": "grid.198530.6",
                        "name": "Chinese Center For Disease Control and Prevention",
                        "city": "Beijing",
                        "city_id": 1816670,
                        "country": "China",
                        "country_code": "CN",
                        "state": null,
                        "state_code": null
                    }
                ]
            },
            {
                "first_name": "Yingzhu",
                "last_name": "Chen",
                "initials": "",
                "corresponding": "",
                "orcid": "",
                "current_organization_id": "grid.268099.c",
                "researcher_id": "ur.0713376543.52",
                "affiliations": [
                    {
                        "id": "grid.198530.6",
                        "name": "Chinese Center For Disease Control and Prevention",
                        "city": "Beijing",
                        "city_id": 1816670,
                        "country": "China",
                        "country_code": "CN",
                        "state": null,
                        "state_code": null
                    }
                ]
            },
            {
                "first_name": "Yanfeng",
                "last_name": "Yao",
                "initials": "",
                "corresponding": "",
                "orcid": "",
                "current_organization_id": "grid.495882.a",
                "researcher_id": "ur.01136541154.05",
                "affiliations": [
                    {
                        "id": "grid.482592.0",
                        "name": "Institute of Laboratory Animal Science",
                        "city": "Beijing",
                        "city_id": 1816670,
                        "country": "China",
                        "country_code": "CN",
                        "state": null,
                        "state_code": null
                    }
                ]
            },
            {
                "first_name": "Wenling",
                "last_name": "Wang",
                "initials": "",
                "corresponding": "",
                "orcid": "['0000-0002-7360-2913']",
                "current_organization_id": "grid.198530.6",
                "researcher_id": "ur.01102430436.06",
                "affiliations": [
                    {
                        "id": "grid.198530.6",
                        "name": "Chinese Center For Disease Control and Prevention",
                        "city": "Beijing",
                        "city_id": 1816670,
                        "country": "China",
                        "country_code": "CN",
                        "state": null,
                        "state_code": null
                    }
                ]
            },
            {
                "first_name": "Chuan",
                "last_name": "Qin",
                "initials": "",
                "corresponding": "",
                "orcid": "",
                "current_organization_id": "grid.12527.33",
                "researcher_id": "ur.0666371245.12",
                "affiliations": [
                    {
                        "id": "grid.482592.0",
                        "name": "Institute of Laboratory Animal Science",
                        "city": "Beijing",
                        "city_id": 1816670,
                        "country": "China",
                        "country_code": "CN",
                        "state": null,
                        "state_code": null
                    }
                ]
            },
            {
                "first_name": "Wenjie",
                "last_name": "Tan",
                "initials": "",
                "corresponding": "",
                "orcid": "",
                "current_organization_id": "grid.198530.6",
                "researcher_id": "ur.01143221111.34",
                "affiliations": [
                    {
                        "id": "grid.198530.6",
                        "name": "Chinese Center For Disease Control and Prevention",
                        "city": "Beijing",
                        "city_id": 1816670,
                        "country": "China",
                        "country_code": "CN",
                        "state": null,
                        "state_code": null
                    }
                ]
            }
        ]
    ],
    "type": "article"
}