{
    "volume": "22",
    "date": "2020-03-01",
    "title": "Pathogenicity and Transmissibility of 2019-nCoV\u2014A Quick Overview and Comparison with Other Emerging Viruses",
    "altmetric": 172.0,
    "pages": "69-71",
    "research_org_cities": [
        {
            "id": 1796236,
            "name": "Shanghai"
        }
    ],
    "open_access": [
        "Open Access - all",
        "Open Access - publisher",
        "Open Access - published"
    ],
    "research_org_countries": [
        {
            "id": "CN",
            "name": "China"
        }
    ],
    "doi": "10.1016/j.micinf.2020.01.004",
    "FOR": [
        {
            "id": "3114",
            "name": "1108 Medical Microbiology"
        },
        {
            "id": "3053",
            "name": "1103 Clinical Sciences"
        }
    ],
    "research_orgs": [
        {
            "id": "grid.11841.3d",
            "types": [
                "Education"
            ],
            "longitude": 121.45194,
            "linkout": [
                "http://shmc.fudan.edu.cn/eng"
            ],
            "latitude": 31.197779,
            "name": "Shanghai Medical College of Fudan University",
            "city_name": "Shanghai",
            "country_name": "China"
        }
    ],
    "times_cited": 10,
    "pmid": "32032682",
    "research_org_country_names": [
        "China"
    ],
    "id": "pub.1124592137",
    "issue": "2",
    "journal": {
        "id": "jour.1020775",
        "title": "Microbes and Infection"
    },
    "year": 2020,
    "references": [
        "pub.1015704176",
        "pub.1124290823",
        "pub.1124289383",
        "pub.1124462052",
        "pub.1124291867",
        "pub.1090291450",
        "pub.1124337037",
        "pub.1030766456",
        "pub.1052545933",
        "pub.1110215968",
        "pub.1124482050",
        "pub.1110510319",
        "pub.1124290123"
    ],
    "author_affiliations": [
        [
            {
                "first_name": "Jieliang",
                "last_name": "Chen",
                "initials": "",
                "corresponding": "",
                "orcid": "",
                "current_organization_id": "",
                "researcher_id": "",
                "affiliations": [
                    {
                        "id": "grid.11841.3d",
                        "name": "Shanghai Medical College of Fudan University",
                        "city": "Shanghai",
                        "city_id": 1796236,
                        "country": "China",
                        "country_code": "CN",
                        "state": null,
                        "state_code": null
                    }
                ]
            }
        ]
    ],
    "type": "article"
}