{
    "author_affiliations": [
        [
            {
                "first_name": "Li",
                "last_name": "Xiaoxuan",
                "initials": "",
                "corresponding": "",
                "orcid": "",
                "current_organization_id": "grid.459531.f",
                "researcher_id": "ur.07536743074.47",
                "affiliations": [
                    {
                        "id": "grid.459531.f",
                        "name": "Fuyang Normal University",
                        "city": "Fuyang",
                        "city_id": 1810845,
                        "country": "China",
                        "country_code": "CN",
                        "state": null,
                        "state_code": null
                    }
                ]
            },
            {
                "first_name": "Wu",
                "last_name": "Qi",
                "initials": "",
                "corresponding": "",
                "orcid": "",
                "current_organization_id": "grid.459531.f",
                "researcher_id": "ur.011131704074.63",
                "affiliations": [
                    {
                        "id": "grid.459531.f",
                        "name": "Fuyang Normal University",
                        "city": "Fuyang",
                        "city_id": 1810845,
                        "country": "China",
                        "country_code": "CN",
                        "state": null,
                        "state_code": null
                    }
                ]
            },
            {
                "first_name": "Lv",
                "last_name": "Benfu",
                "initials": "",
                "corresponding": "",
                "orcid": "",
                "current_organization_id": "grid.410726.6",
                "researcher_id": "ur.016252425354.74",
                "affiliations": [
                    {
                        "name": "University of the Chinese Academy of Sciences"
                    }
                ]
            }
        ]
    ],
    "altmetric": 2.0,
    "FOR": [
        {
            "id": "2746",
            "name": "0801 Artificial Intelligence and Image Processing"
        }
    ],
    "research_org_countries": [
        {
            "id": "CN",
            "name": "China"
        }
    ],
    "title": "Can Search Query Forecast successfully in China's 2019-nCov pneumonia?",
    "research_org_cities": [
        {
            "id": 1810845,
            "name": "Fuyang"
        },
        {
            "id": 1816670,
            "name": "Beijing"
        }
    ],
    "pages": "2020.02.12.20022400",
    "open_access": [
        "Open Access - all",
        "Open Access - publisher",
        "Open Access - published"
    ],
    "doi": "10.1101/2020.02.12.20022400",
    "times_cited": 0,
    "journal": {
        "id": "jour.1369542",
        "title": "medRxiv"
    },
    "research_orgs": [
        {
            "id": "grid.459531.f",
            "name": "Fuyang Normal University",
            "linkout": [
                "http://www.fync.edu.cn/ch2009/index.html"
            ],
            "country_name": "China",
            "types": [
                "Education"
            ],
            "latitude": 32.893528,
            "city_name": "Fuyang",
            "longitude": 115.78628
        }
    ],
    "year": 2020,
    "references": [
        "pub.1124425523",
        "pub.1124494024",
        "pub.1124290123",
        "pub.1124445588",
        "pub.1124627222"
    ],
    "id": "pub.1124940258",
    "research_org_country_names": [
        "China"
    ],
    "date": "2020-02-18",
    "researchers": [
        {
            "id": "ur.07536743074.47",
            "research_orgs": [
                "grid.410726.6"
            ],
            "last_name": "Xiaoxuan",
            "first_name": "Li"
        },
        {
            "id": "ur.011131704074.63",
            "research_orgs": [
                "grid.458476.c"
            ],
            "last_name": "Qi",
            "first_name": "Wu"
        },
        {
            "id": "ur.016252425354.74",
            "research_orgs": [
                "grid.9227.e",
                "grid.410726.6"
            ],
            "last_name": "Benfu",
            "first_name": "Lv"
        }
    ],
    "type": "article"
}