{
    "volume": "4",
    "date": "2018-08-01",
    "title": "Chimeric camel/human heavy-chain antibodies protect against MERS-CoV infection",
    "researchers": [
        {
            "id": "ur.01310002241.32",
            "last_name": "Raj",
            "first_name": "Victor Stalin",
            "orcid_id": [
                "0000-0003-2250-8481"
            ],
            "research_orgs": [
                "grid.416738.f",
                "grid.462378.c",
                "grid.5477.1",
                "grid.5645.2",
                "grid.415773.3",
                "grid.464531.1",
                "grid.4861.b",
                "grid.452122.2"
            ]
        },
        {
            "id": "ur.01343334161.25",
            "last_name": "Okba",
            "first_name": "Nisreen M A",
            "orcid_id": [
                "0000-0002-2394-1079"
            ],
            "research_orgs": [
                "grid.5645.2"
            ]
        },
        {
            "id": "ur.014104070311.74",
            "last_name": "Guti\u00e9rrez-\u00c1lvarez",
            "first_name": "Javier",
            "orcid_id": [
                "0000-0003-0690-9496"
            ],
            "research_orgs": [
                "grid.4711.3",
                "grid.428469.5",
                "grid.5515.4"
            ]
        },
        {
            "id": "ur.0703640251.45",
            "last_name": "Drabek",
            "first_name": "Dubravka",
            "research_orgs": [
                "grid.10419.3d",
                "grid.5645.2",
                "grid.451388.3",
                "grid.194645.b",
                "grid.6906.9"
            ]
        },
        {
            "id": "ur.01161010420.36",
            "last_name": "Van Dieren",
            "first_name": "Brenda",
            "research_orgs": [
                "grid.5477.1",
                "grid.5510.1"
            ]
        },
        {
            "id": "ur.01043115451.03",
            "last_name": "Widagdo",
            "first_name": "Widagdo",
            "research_orgs": [
                "grid.5645.2",
                "grid.7080.f",
                "grid.9581.5",
                "grid.424716.2"
            ]
        },
        {
            "id": "ur.01204225174.81",
            "last_name": "Lamers",
            "first_name": "Mart Matthias",
            "research_orgs": [
                "grid.5645.2",
                "grid.452122.2",
                "grid.415773.3",
                "grid.194645.b",
                "grid.416738.f"
            ]
        },
        {
            "id": "ur.01177156104.95",
            "last_name": "Widjaja",
            "first_name": "Ivy",
            "research_orgs": [
                "grid.440745.6",
                "grid.425084.f",
                "grid.5477.1"
            ]
        },
        {
            "id": "ur.01123100404.12",
            "last_name": "Fernandez-Delgado",
            "first_name": "Ra\u00fal",
            "orcid_id": [
                "0000-0001-7411-9010"
            ],
            "research_orgs": [
                "grid.4711.3",
                "grid.428469.5",
                "grid.419190.4",
                "grid.5515.4"
            ]
        },
        {
            "id": "ur.01267277244.06",
            "last_name": "Sola",
            "first_name": "Isabel",
            "orcid_id": [
                "0000-0002-5704-1917"
            ],
            "research_orgs": [
                "grid.4711.3",
                "grid.428469.5",
                "grid.5515.4"
            ]
        },
        {
            "id": "ur.01163466304.81",
            "last_name": "Bensaid",
            "first_name": "A Moise",
            "orcid_id": [
                "0000-0001-6493-3756"
            ],
            "research_orgs": [
                "grid.8581.4",
                "grid.7080.f",
                "grid.417850.f",
                "grid.8183.2",
                "grid.5645.2",
                "grid.424716.2",
                "grid.419369.0"
            ]
        },
        {
            "id": "ur.013117453357.11",
            "last_name": "Koopmans",
            "first_name": "Marion P G",
            "orcid_id": [
                "0000-0002-5204-2312"
            ],
            "research_orgs": [
                "grid.5477.1",
                "grid.416738.f",
                "grid.415773.3",
                "grid.9619.7",
                "grid.424065.1",
                "grid.9018.0",
                "grid.6906.9",
                "grid.414480.d",
                "grid.410840.9",
                "grid.8547.e",
                "grid.8395.7",
                "grid.419706.d",
                "grid.5590.9",
                "grid.416135.4",
                "grid.198530.6",
                "grid.1005.4",
                "grid.10419.3d",
                "grid.10784.3a",
                "grid.7922.e",
                "grid.416993.0",
                "grid.13652.33",
                "grid.5645.2",
                "grid.5335.0",
                "grid.8664.c",
                "grid.5650.6",
                "grid.189967.8",
                "grid.417752.2",
                "grid.8954.0",
                "grid.412970.9",
                "grid.31147.30",
                "grid.418914.1",
                "grid.5132.5",
                "grid.17089.37",
                "grid.419261.9"
            ]
        },
        {
            "id": "ur.0756401377.16",
            "last_name": "Segal\u00e9s",
            "first_name": "Joaquim",
            "orcid_id": [
                "0000-0002-1539-7261"
            ],
            "research_orgs": [
                "grid.424716.2",
                "grid.7400.3",
                "grid.5645.2",
                "grid.452528.c",
                "grid.5608.b",
                "grid.65519.3e",
                "grid.8581.4",
                "grid.7080.f",
                "grid.6583.8"
            ]
        },
        {
            "id": "ur.010062347637.62",
            "last_name": "Osterhaus",
            "first_name": "Albert D M E",
            "orcid_id": [
                "0000-0002-6074-1172"
            ],
            "research_orgs": [
                "grid.5477.1",
                "grid.424065.1",
                "grid.7080.f",
                "grid.9763.b",
                "grid.66875.3a",
                "grid.6906.9",
                "grid.414480.d",
                "grid.452751.0",
                "grid.26009.3d",
                "grid.428999.7",
                "grid.11480.3c",
                "grid.4818.5",
                "grid.194645.b",
                "grid.45202.31",
                "grid.11184.3d",
                "grid.10419.3d",
                "grid.5252.0",
                "grid.9122.8",
                "grid.479104.f",
                "grid.16750.35",
                "grid.5645.2",
                "grid.414142.6",
                "grid.417732.4",
                "grid.5650.6",
                "grid.4868.2",
                "grid.412970.9",
                "grid.31147.30",
                "grid.418914.1",
                "grid.10423.34",
                "grid.473954.8"
            ]
        },
        {
            "id": "ur.01016640551.49",
            "last_name": "Bosch",
            "first_name": "Berend-Jan",
            "research_orgs": [
                "grid.55614.33",
                "grid.4818.5",
                "grid.5477.1"
            ]
        },
        {
            "id": "ur.01135715410.45",
            "last_name": "Enjuanes",
            "first_name": "Luis",
            "orcid_id": [
                "0000-0002-0854-0226"
            ],
            "research_orgs": [
                "grid.5515.4",
                "grid.5924.a",
                "grid.428469.5",
                "grid.63622.33",
                "grid.4711.3"
            ]
        },
        {
            "id": "ur.015465550657.43",
            "last_name": "Haagmans",
            "first_name": "Bart L",
            "orcid_id": [
                "0000-0001-6221-2015"
            ],
            "research_orgs": [
                "grid.410711.2",
                "grid.5645.2",
                "grid.5477.1",
                "grid.414142.6",
                "grid.424716.2",
                "grid.416738.f",
                "grid.452122.2",
                "grid.415773.3",
                "grid.417100.3",
                "grid.7080.f",
                "grid.7177.6",
                "grid.6906.9"
            ]
        }
    ],
    "pmcid": "PMC6082650",
    "altmetric": 19.0,
    "pages": "eaas9667",
    "research_org_cities": [
        {
            "id": 3117735,
            "name": "Madrid"
        },
        {
            "id": 2910831,
            "name": "Hannover"
        },
        {
            "id": 2747891,
            "name": "Rotterdam"
        },
        {
            "id": 2745912,
            "name": "Utrecht"
        },
        {
            "id": 3109402,
            "name": "Cerdanyola del Vall\u00e8s"
        }
    ],
    "open_access": [
        "Open Access - all",
        "Open Access - publisher",
        "Open Access - published"
    ],
    "research_org_countries": [
        {
            "id": "ES",
            "name": "Spain"
        },
        {
            "id": "NL",
            "name": "Netherlands"
        },
        {
            "id": "DE",
            "name": "Germany"
        }
    ],
    "doi": "10.1126/sciadv.aas9667",
    "FOR": [
        {
            "id": "3103",
            "name": "1107 Immunology"
        },
        {
            "id": "3114",
            "name": "1108 Medical Microbiology"
        }
    ],
    "times_cited": 13,
    "research_orgs": [
        {
            "id": "grid.7080.f",
            "acronym": "UAB",
            "types": [
                "Education"
            ],
            "longitude": 2.107778,
            "linkout": [
                "http://www.uab.cat/web/universitat-autonoma-de-barcelona-1345467954774.html"
            ],
            "latitude": 41.50028,
            "name": "Autonomous University of Barcelona",
            "city_name": "Cerdanyola del Vall\u00e8s",
            "country_name": "Spain"
        },
        {
            "id": "grid.5645.2",
            "state_name": "Zuid-Holland",
            "types": [
                "Healthcare"
            ],
            "longitude": 4.4675,
            "linkout": [
                "http://www.erasmusmc.nl/"
            ],
            "latitude": 51.91,
            "name": "Erasmus University Medical Center",
            "city_name": "Rotterdam",
            "country_name": "Netherlands"
        },
        {
            "id": "grid.412970.9",
            "acronym": "TiHo",
            "types": [
                "Education"
            ],
            "longitude": 9.801439,
            "linkout": [
                "https://www.tiho-hannover.de/"
            ],
            "latitude": 52.35531,
            "name": "University of Veterinary Medicine Hannover, Foundation",
            "city_name": "Hanover",
            "country_name": "Germany"
        },
        {
            "id": "grid.5477.1",
            "state_name": "Utrecht",
            "types": [
                "Education"
            ],
            "longitude": 5.122601,
            "linkout": [
                "http://www.uu.nl/en"
            ],
            "latitude": 52.090164,
            "name": "Utrecht University",
            "city_name": "Utrecht",
            "country_name": "Netherlands"
        },
        {
            "id": "grid.428469.5",
            "acronym": "CNB",
            "types": [
                "Facility"
            ],
            "longitude": -3.690223,
            "linkout": [
                "http://www.cnb.csic.es/index.php/en/"
            ],
            "latitude": 40.54476,
            "name": "National Center for Biotechnology",
            "city_name": "Madrid",
            "country_name": "Spain"
        }
    ],
    "pmid": "30101189",
    "funders": [
        {
            "id": "grid.270680.b",
            "acronym": "EC",
            "types": [
                "Government"
            ],
            "longitude": 4.36367,
            "linkout": [
                "http://ec.europa.eu/index_en.htm"
            ],
            "latitude": 50.85165,
            "name": "European Commission",
            "city_name": "Brussels",
            "country_name": "Belgium"
        },
        {
            "id": "grid.451322.3",
            "acronym": "MINECO",
            "types": [
                "Government"
            ],
            "longitude": -3.657564,
            "linkout": [
                "http://www.mineco.gob.es/"
            ],
            "latitude": 40.443962,
            "name": "Ministry of Economy, Industry and Competitiveness",
            "city_name": "Madrid",
            "country_name": "Spain"
        }
    ],
    "research_org_country_names": [
        "Netherlands",
        "Spain",
        "Germany"
    ],
    "id": "pub.1106060315",
    "issue": "8",
    "journal": {
        "id": "jour.1051517",
        "title": "Science Advances"
    },
    "year": 2018,
    "references": [
        "pub.1003920009",
        "pub.1020916643",
        "pub.1013973792",
        "pub.1004152575",
        "pub.1003857747",
        "pub.1059709872",
        "pub.1033693651",
        "pub.1039030138",
        "pub.1076033276",
        "pub.1006168624",
        "pub.1048163683",
        "pub.1018158123",
        "pub.1012346597",
        "pub.1004964631",
        "pub.1013873576",
        "pub.1024859274",
        "pub.1016819485",
        "pub.1090830406",
        "pub.1041128450",
        "pub.1018109154",
        "pub.1025220744",
        "pub.1005106550",
        "pub.1081661719",
        "pub.1025604234",
        "pub.1017660653",
        "pub.1042471223",
        "pub.1000507742",
        "pub.1014649875",
        "pub.1047438559",
        "pub.1042231398",
        "pub.1013286597",
        "pub.1012228670",
        "pub.1047091080",
        "pub.1029671087",
        "pub.1010055648",
        "pub.1031139982",
        "pub.1005266742",
        "pub.1035964224",
        "pub.1016238974",
        "pub.1008900426",
        "pub.1022495591",
        "pub.1038542882",
        "pub.1042018946",
        "pub.1050516195",
        "pub.1043875870",
        "pub.1031663641",
        "pub.1051316131",
        "pub.1001727238",
        "pub.1003971844",
        "pub.1014370409",
        "pub.1049039428",
        "pub.1084132749"
    ],
    "relative_citation_ratio": 2.65,
    "author_affiliations": [
        [
            {
                "first_name": "V. Stalin",
                "last_name": "Raj",
                "initials": "",
                "corresponding": "",
                "orcid": "['0000-0003-2250-8481']",
                "current_organization_id": "grid.5645.2",
                "researcher_id": "ur.01310002241.32",
                "affiliations": [
                    {
                        "id": "grid.5645.2",
                        "name": "Erasmus University Medical Center",
                        "city": "Rotterdam",
                        "city_id": 2747891,
                        "country": "Netherlands",
                        "country_code": "NL",
                        "state": null,
                        "state_code": null
                    }
                ]
            },
            {
                "first_name": "Nisreen M. A.",
                "last_name": "Okba",
                "initials": "",
                "corresponding": "",
                "orcid": "['0000-0002-2394-1079']",
                "current_organization_id": "grid.5645.2",
                "researcher_id": "ur.01343334161.25",
                "affiliations": [
                    {
                        "id": "grid.5645.2",
                        "name": "Erasmus University Medical Center",
                        "city": "Rotterdam",
                        "city_id": 2747891,
                        "country": "Netherlands",
                        "country_code": "NL",
                        "state": null,
                        "state_code": null
                    }
                ]
            },
            {
                "first_name": "Javier",
                "last_name": "Gutierrez-Alvarez",
                "initials": "",
                "corresponding": "",
                "orcid": "['0000-0003-0690-9496']",
                "current_organization_id": "grid.4711.3",
                "researcher_id": "ur.014104070311.74",
                "affiliations": [
                    {
                        "id": "grid.428469.5",
                        "name": "National Center for Biotechnology",
                        "city": "Madrid",
                        "city_id": 3117735,
                        "country": "Spain",
                        "country_code": "ES",
                        "state": null,
                        "state_code": null
                    }
                ]
            },
            {
                "first_name": "Dubravka",
                "last_name": "Drabek",
                "initials": "",
                "corresponding": "",
                "orcid": "",
                "current_organization_id": "grid.5645.2",
                "researcher_id": "ur.0703640251.45",
                "affiliations": [
                    {
                        "id": "grid.5645.2",
                        "name": "Erasmus University Medical Center",
                        "city": "Rotterdam",
                        "city_id": 2747891,
                        "country": "Netherlands",
                        "country_code": "NL",
                        "state": null,
                        "state_code": null
                    }
                ]
            },
            {
                "first_name": "Brenda",
                "last_name": "van Dieren",
                "initials": "",
                "corresponding": "",
                "orcid": "",
                "current_organization_id": "grid.5477.1",
                "researcher_id": "ur.01161010420.36",
                "affiliations": [
                    {
                        "id": "grid.5477.1",
                        "name": "Utrecht University",
                        "city": "Utrecht",
                        "city_id": 2745912,
                        "country": "Netherlands",
                        "country_code": "NL",
                        "state": null,
                        "state_code": null
                    }
                ]
            },
            {
                "first_name": "W.",
                "last_name": "Widagdo",
                "initials": "",
                "corresponding": "",
                "orcid": "",
                "current_organization_id": "grid.5645.2",
                "researcher_id": "ur.01043115451.03",
                "affiliations": [
                    {
                        "id": "grid.5645.2",
                        "name": "Erasmus University Medical Center",
                        "city": "Rotterdam",
                        "city_id": 2747891,
                        "country": "Netherlands",
                        "country_code": "NL",
                        "state": null,
                        "state_code": null
                    }
                ]
            },
            {
                "first_name": "Mart M.",
                "last_name": "Lamers",
                "initials": "",
                "corresponding": "",
                "orcid": "",
                "current_organization_id": "grid.5645.2",
                "researcher_id": "ur.01204225174.81",
                "affiliations": [
                    {
                        "id": "grid.5645.2",
                        "name": "Erasmus University Medical Center",
                        "city": "Rotterdam",
                        "city_id": 2747891,
                        "country": "Netherlands",
                        "country_code": "NL",
                        "state": null,
                        "state_code": null
                    }
                ]
            },
            {
                "first_name": "Ivy",
                "last_name": "Widjaja",
                "initials": "",
                "corresponding": "",
                "orcid": "",
                "current_organization_id": "grid.5477.1",
                "researcher_id": "ur.01177156104.95",
                "affiliations": [
                    {
                        "id": "grid.5477.1",
                        "name": "Utrecht University",
                        "city": "Utrecht",
                        "city_id": 2745912,
                        "country": "Netherlands",
                        "country_code": "NL",
                        "state": null,
                        "state_code": null
                    }
                ]
            },
            {
                "first_name": "Raul",
                "last_name": "Fernandez-Delgado",
                "initials": "",
                "corresponding": "",
                "orcid": "['0000-0001-7411-9010']",
                "current_organization_id": "grid.428469.5",
                "researcher_id": "ur.01123100404.12",
                "affiliations": [
                    {
                        "id": "grid.428469.5",
                        "name": "National Center for Biotechnology",
                        "city": "Madrid",
                        "city_id": 3117735,
                        "country": "Spain",
                        "country_code": "ES",
                        "state": null,
                        "state_code": null
                    }
                ]
            },
            {
                "first_name": "Isabel",
                "last_name": "Sola",
                "initials": "",
                "corresponding": "",
                "orcid": "['0000-0002-5704-1917']",
                "current_organization_id": "grid.5515.4",
                "researcher_id": "ur.01267277244.06",
                "affiliations": [
                    {
                        "id": "grid.428469.5",
                        "name": "National Center for Biotechnology",
                        "city": "Madrid",
                        "city_id": 3117735,
                        "country": "Spain",
                        "country_code": "ES",
                        "state": null,
                        "state_code": null
                    }
                ]
            },
            {
                "first_name": "Albert",
                "last_name": "Bensaid",
                "initials": "",
                "corresponding": "",
                "orcid": "['0000-0001-6493-3756']",
                "current_organization_id": "grid.7080.f",
                "researcher_id": "ur.01163466304.81",
                "affiliations": [
                    {
                        "id": "grid.7080.f",
                        "name": "Autonomous University of Barcelona",
                        "city": "Cerdanyola del Vall\u00e8s",
                        "city_id": 3109402,
                        "country": "Spain",
                        "country_code": "ES",
                        "state": null,
                        "state_code": null
                    }
                ]
            },
            {
                "first_name": "Marion P.",
                "last_name": "Koopmans",
                "initials": "",
                "corresponding": "",
                "orcid": "['0000-0002-5204-2312']",
                "current_organization_id": "grid.5645.2",
                "researcher_id": "ur.013117453357.11",
                "affiliations": [
                    {
                        "id": "grid.5645.2",
                        "name": "Erasmus University Medical Center",
                        "city": "Rotterdam",
                        "city_id": 2747891,
                        "country": "Netherlands",
                        "country_code": "NL",
                        "state": null,
                        "state_code": null
                    }
                ]
            },
            {
                "first_name": "Joaquim",
                "last_name": "Segal\u00e9s",
                "initials": "",
                "corresponding": "",
                "orcid": "['0000-0002-1539-7261']",
                "current_organization_id": "grid.7080.f",
                "researcher_id": "ur.0756401377.16",
                "affiliations": [
                    {
                        "id": "grid.7080.f",
                        "name": "Autonomous University of Barcelona",
                        "city": "Cerdanyola del Vall\u00e8s",
                        "city_id": 3109402,
                        "country": "Spain",
                        "country_code": "ES",
                        "state": null,
                        "state_code": null
                    },
                    {
                        "id": "grid.7080.f",
                        "name": "Autonomous University of Barcelona",
                        "city": "Cerdanyola del Vall\u00e8s",
                        "city_id": 3109402,
                        "country": "Spain",
                        "country_code": "ES",
                        "state": null,
                        "state_code": null
                    }
                ]
            },
            {
                "first_name": "Albert D. M. E.",
                "last_name": "Osterhaus",
                "initials": "",
                "corresponding": "",
                "orcid": "['0000-0002-6074-1172']",
                "current_organization_id": "grid.412970.9",
                "researcher_id": "ur.010062347637.62",
                "affiliations": [
                    {
                        "name": "Artemis One Health, Utrecht, Netherlands"
                    },
                    {
                        "id": "grid.412970.9",
                        "name": "University of Veterinary Medicine Hannover, Foundation",
                        "city": "Hanover",
                        "city_id": 2910831,
                        "country": "Germany",
                        "country_code": "DE",
                        "state": null,
                        "state_code": null
                    }
                ]
            },
            {
                "first_name": "Berend Jan",
                "last_name": "Bosch",
                "initials": "",
                "corresponding": "",
                "orcid": "",
                "current_organization_id": "grid.5477.1",
                "researcher_id": "ur.01016640551.49",
                "affiliations": [
                    {
                        "id": "grid.5477.1",
                        "name": "Utrecht University",
                        "city": "Utrecht",
                        "city_id": 2745912,
                        "country": "Netherlands",
                        "country_code": "NL",
                        "state": null,
                        "state_code": null
                    }
                ]
            },
            {
                "first_name": "Luis",
                "last_name": "Enjuanes",
                "initials": "",
                "corresponding": "",
                "orcid": "['0000-0002-0854-0226']",
                "current_organization_id": "grid.5515.4",
                "researcher_id": "ur.01135715410.45",
                "affiliations": [
                    {
                        "id": "grid.428469.5",
                        "name": "National Center for Biotechnology",
                        "city": "Madrid",
                        "city_id": 3117735,
                        "country": "Spain",
                        "country_code": "ES",
                        "state": null,
                        "state_code": null
                    }
                ]
            },
            {
                "first_name": "Bart L.",
                "last_name": "Haagmans",
                "initials": "",
                "corresponding": "",
                "orcid": "['0000-0001-6221-2015']",
                "current_organization_id": "grid.5645.2",
                "researcher_id": "ur.015465550657.43",
                "affiliations": [
                    {
                        "id": "grid.5645.2",
                        "name": "Erasmus University Medical Center",
                        "city": "Rotterdam",
                        "city_id": 2747891,
                        "country": "Netherlands",
                        "country_code": "NL",
                        "state": null,
                        "state_code": null
                    }
                ]
            }
        ]
    ],
    "type": "article"
}