{
    "volume": "5",
    "date": "2014-06-17",
    "title": "Coronavirus infection, ER stress, apoptosis and innate immunity",
    "researchers": [
        {
            "id": "ur.0703733670.42",
            "last_name": "Fung",
            "first_name": "To Sing",
            "research_orgs": [
                "grid.59025.3b",
                "grid.437123.0",
                "grid.20561.30"
            ]
        },
        {
            "id": "ur.0657351135.24",
            "last_name": "Liu",
            "first_name": "Ding Xiang",
            "research_orgs": [
                "grid.410727.7",
                "grid.454892.6",
                "grid.418812.6",
                "grid.59025.3b",
                "grid.4280.e",
                "grid.20561.30"
            ]
        }
    ],
    "pmcid": "PMC4060729",
    "altmetric": 8.0,
    "pages": "296",
    "research_org_cities": [
        {
            "id": 1880252,
            "name": "Singapore"
        }
    ],
    "open_access": [
        "Open Access - all",
        "Open Access - publisher",
        "Open Access - published"
    ],
    "research_org_countries": [
        {
            "id": "SG",
            "name": "Singapore"
        }
    ],
    "doi": "10.3389/fmicb.2014.00296",
    "FOR": [
        {
            "id": "2581",
            "name": "0601 Biochemistry and Cell Biology"
        }
    ],
    "times_cited": 51,
    "research_orgs": [
        {
            "id": "grid.59025.3b",
            "acronym": "NTU",
            "types": [
                "Education"
            ],
            "longitude": 103.68139,
            "linkout": [
                "http://www.ntu.edu.sg/Pages/home.aspx"
            ],
            "latitude": 1.344722,
            "name": "Nanyang Technological University",
            "city_name": "Singapore",
            "country_name": "Singapore"
        }
    ],
    "pmid": "24987391",
    "funders": [
        {
            "id": "grid.452956.9",
            "acronym": "MOE",
            "types": [
                "Government"
            ],
            "longitude": 103.79079,
            "linkout": [
                "http://www.moe.gov.sg/"
            ],
            "latitude": 1.306656,
            "name": "Ministry of Education",
            "city_name": "Singapore",
            "country_name": "Singapore"
        }
    ],
    "research_org_country_names": [
        "Singapore"
    ],
    "id": "pub.1008890013",
    "journal": {
        "id": "jour.1044458",
        "title": "Frontiers in Microbiology"
    },
    "year": 2014,
    "references": [
        "pub.1033792037",
        "pub.1021360761",
        "pub.1008651297",
        "pub.1052843891",
        "pub.1081642214",
        "pub.1024210161",
        "pub.1045751220",
        "pub.1002473037",
        "pub.1012299845",
        "pub.1030073554",
        "pub.1039895944",
        "pub.1050113280",
        "pub.1032305060",
        "pub.1017526375",
        "pub.1040535734",
        "pub.1012704012",
        "pub.1000364619",
        "pub.1050605504",
        "pub.1045028737",
        "pub.1062452643",
        "pub.1004912908",
        "pub.1078415746",
        "pub.1020759434",
        "pub.1029387316",
        "pub.1060400648",
        "pub.1031053265",
        "pub.1004698652",
        "pub.1009726745",
        "pub.1012569007",
        "pub.1014415806",
        "pub.1051928522",
        "pub.1034482372",
        "pub.1047955169",
        "pub.1020216504",
        "pub.1033248494",
        "pub.1051433101",
        "pub.1039399942",
        "pub.1033013784",
        "pub.1005322778",
        "pub.1060356687",
        "pub.1010981516",
        "pub.1023454327",
        "pub.1032405024",
        "pub.1023490952",
        "pub.1046176153",
        "pub.1005052779",
        "pub.1064246816",
        "pub.1036853167",
        "pub.1007175522",
        "pub.1062551677",
        "pub.1008067087",
        "pub.1042840483",
        "pub.1041322447",
        "pub.1008547449",
        "pub.1031741265",
        "pub.1035210558",
        "pub.1040486997",
        "pub.1041614104",
        "pub.1010404284",
        "pub.1048112257",
        "pub.1024977412",
        "pub.1023131193",
        "pub.1038771857",
        "pub.1011165844",
        "pub.1016754311",
        "pub.1030401057",
        "pub.1024746612",
        "pub.1038145349",
        "pub.1082489921",
        "pub.1039604139",
        "pub.1023930538",
        "pub.1035102939",
        "pub.1070926174",
        "pub.1003275180",
        "pub.1034803318",
        "pub.1019127677",
        "pub.1023537998",
        "pub.1033094173",
        "pub.1003882740",
        "pub.1002674054",
        "pub.1050812456",
        "pub.1015172130",
        "pub.1000293327",
        "pub.1004443646",
        "pub.1014628101",
        "pub.1032395144",
        "pub.1037408524",
        "pub.1021445030",
        "pub.1014011993",
        "pub.1011483203",
        "pub.1024183916",
        "pub.1028417773",
        "pub.1053647590",
        "pub.1050246144",
        "pub.1082789364",
        "pub.1053278825",
        "pub.1079740068",
        "pub.1039517815",
        "pub.1025105736",
        "pub.1020705557",
        "pub.1039097045",
        "pub.1041282442",
        "pub.1074583830",
        "pub.1003412889",
        "pub.1043921491",
        "pub.1039579861",
        "pub.1035680398",
        "pub.1033423301",
        "pub.1019515916",
        "pub.1079412179",
        "pub.1002754287",
        "pub.1025519629",
        "pub.1016657762",
        "pub.1014622279",
        "pub.1035976534",
        "pub.1030829134",
        "pub.1017649358",
        "pub.1009295156",
        "pub.1037214716",
        "pub.1024906761",
        "pub.1074503983",
        "pub.1080520826",
        "pub.1002682380",
        "pub.1060399397",
        "pub.1078857152",
        "pub.1030697037",
        "pub.1059280408",
        "pub.1047187593",
        "pub.1075456690",
        "pub.1033856024",
        "pub.1010027256",
        "pub.1021690384",
        "pub.1047717485",
        "pub.1038877494",
        "pub.1079503491",
        "pub.1015133782"
    ],
    "relative_citation_ratio": 2.52,
    "author_affiliations": [
        [
            {
                "first_name": "To S",
                "last_name": "Fung",
                "initials": "",
                "corresponding": "",
                "orcid": "",
                "current_organization_id": "grid.20561.30",
                "researcher_id": "ur.0703733670.42",
                "affiliations": [
                    {
                        "id": "grid.59025.3b",
                        "name": "Nanyang Technological University",
                        "city": "Singapore",
                        "city_id": 1880252,
                        "country": "Singapore",
                        "country_code": "SG",
                        "state": null,
                        "state_code": null
                    }
                ]
            },
            {
                "first_name": "Ding X",
                "last_name": "Liu",
                "initials": "",
                "corresponding": "",
                "orcid": "",
                "current_organization_id": "grid.20561.30",
                "researcher_id": "ur.0657351135.24",
                "affiliations": [
                    {
                        "id": "grid.59025.3b",
                        "name": "Nanyang Technological University",
                        "city": "Singapore",
                        "city_id": 1880252,
                        "country": "Singapore",
                        "country_code": "SG",
                        "state": null,
                        "state_code": null
                    }
                ]
            }
        ]
    ],
    "type": "article"
}