{
    "date": "2020-02-27",
    "title": "Essentials for Radiologists on COVID-19: An Update\u2014Radiology Scientific Expert Panel",
    "researchers": [
        {
            "id": "ur.0760136207.51",
            "last_name": "Kanne",
            "first_name": "Jeffrey P",
            "orcid_id": [
                "0000-0002-4224-8536"
            ],
            "research_orgs": [
                "grid.21925.3d",
                "grid.412618.8",
                "grid.412689.0",
                "grid.28803.31",
                "grid.265892.2",
                "grid.15276.37",
                "grid.34477.33",
                "grid.412541.7",
                "grid.239578.2",
                "grid.19006.3e",
                "grid.17091.3e",
                "grid.270240.3",
                "grid.266100.3",
                "grid.14003.36"
            ]
        },
        {
            "id": "ur.01141356773.15",
            "last_name": "Little",
            "first_name": "Brent P",
            "research_orgs": [
                "grid.412162.2",
                "grid.32224.35",
                "grid.189967.8"
            ]
        },
        {
            "id": "ur.01156344346.61",
            "last_name": "Ketai",
            "first_name": "Loren Howard",
            "research_orgs": [
                "grid.30760.32",
                "grid.266832.b",
                "grid.412590.b",
                "grid.214458.e",
                "grid.67105.35",
                "grid.416134.5"
            ]
        }
    ],
    "research_org_state_codes": [
        {
            "id": "US-IL",
            "name": "Illinois"
        }
    ],
    "altmetric": 162.0,
    "pages": "200527",
    "research_org_cities": [
        {
            "id": 4887398,
            "name": "Chicago"
        }
    ],
    "open_access": [
        "Open Access - all",
        "Open Access - publisher",
        "Open Access - published"
    ],
    "research_org_countries": [
        {
            "id": "US",
            "name": "United States"
        }
    ],
    "doi": "10.1148/radiol.2020200527",
    "times_cited": 4,
    "pmid": "32105562",
    "research_org_country_names": [
        "United States"
    ],
    "id": "pub.1125126401",
    "journal": {
        "id": "jour.1018340",
        "title": "Radiology"
    },
    "year": 2020,
    "references": [
        "pub.1124655455",
        "pub.1125125609",
        "pub.1124859492",
        "pub.1124290823",
        "pub.1124960155",
        "pub.1124590669",
        "pub.1125029838",
        "pub.1124427336",
        "pub.1124815091"
    ],
    "research_org_state_names": [
        "Illinois"
    ],
    "author_affiliations": [
        [
            {
                "first_name": "Jeffrey P",
                "last_name": "Kanne",
                "initials": "",
                "corresponding": "",
                "orcid": "['0000-0002-4224-8536']",
                "current_organization_id": "grid.14003.36",
                "researcher_id": "ur.0760136207.51",
                "affiliations": [
                    {
                        "name": "Department of Radiology University of Wisconsin School of Medicine and Public Health Madison WI (J.P.K.), Department of Radiology Massachusetts General Hospital Boston MA (B.P.L.), and Department of Radiology University of Chicago Chicago IL (J.H.C.), Department of Radiology University of California San Francisco San Francisco CA (B.M.E.), Department of Radiology University of New Mexico Albuquerque NM (L.H.K.)."
                    }
                ]
            },
            {
                "first_name": "Brent P",
                "last_name": "Little",
                "initials": "",
                "corresponding": "",
                "orcid": "",
                "current_organization_id": "grid.32224.35",
                "researcher_id": "ur.01141356773.15",
                "affiliations": [
                    {
                        "name": "Department of Radiology University of Wisconsin School of Medicine and Public Health Madison WI (J.P.K.), Department of Radiology Massachusetts General Hospital Boston MA (B.P.L.), and Department of Radiology University of Chicago Chicago IL (J.H.C.), Department of Radiology University of California San Francisco San Francisco CA (B.M.E.), Department of Radiology University of New Mexico Albuquerque NM (L.H.K.)."
                    }
                ]
            },
            {
                "first_name": "Jonathan H",
                "last_name": "Chung",
                "initials": "",
                "corresponding": "",
                "orcid": "",
                "current_organization_id": "",
                "researcher_id": "",
                "affiliations": [
                    {
                        "name": "Department of Radiology University of Wisconsin School of Medicine and Public Health Madison WI (J.P.K.), Department of Radiology Massachusetts General Hospital Boston MA (B.P.L.), and Department of Radiology University of Chicago Chicago IL (J.H.C.), Department of Radiology University of California San Francisco San Francisco CA (B.M.E.), Department of Radiology University of New Mexico Albuquerque NM (L.H.K.)."
                    }
                ]
            },
            {
                "first_name": "Brett M",
                "last_name": "Elicker",
                "initials": "",
                "corresponding": "",
                "orcid": "",
                "current_organization_id": "",
                "researcher_id": "",
                "affiliations": [
                    {
                        "name": "Department of Radiology University of Wisconsin School of Medicine and Public Health Madison WI (J.P.K.), Department of Radiology Massachusetts General Hospital Boston MA (B.P.L.), and Department of Radiology University of Chicago Chicago IL (J.H.C.), Department of Radiology University of California San Francisco San Francisco CA (B.M.E.), Department of Radiology University of New Mexico Albuquerque NM (L.H.K.)."
                    }
                ]
            },
            {
                "first_name": "Loren H",
                "last_name": "Ketai",
                "initials": "",
                "corresponding": "",
                "orcid": "",
                "current_organization_id": "grid.266832.b",
                "researcher_id": "ur.01156344346.61",
                "affiliations": [
                    {
                        "name": "Department of Radiology University of Wisconsin School of Medicine and Public Health Madison WI (J.P.K.), Department of Radiology Massachusetts General Hospital Boston MA (B.P.L.), and Department of Radiology University of Chicago Chicago IL (J.H.C.), Department of Radiology University of California San Francisco San Francisco CA (B.M.E.), Department of Radiology University of New Mexico Albuquerque NM (L.H.K.)."
                    }
                ]
            }
        ]
    ],
    "type": "article"
}