{
    "volume": "11",
    "date": "2016-06-01",
    "title": "HTCC: Broad Range Inhibitor of Coronavirus Entry",
    "researchers": [
        {
            "id": "ur.01120742373.25",
            "last_name": "Milewska",
            "first_name": "Aleksandra",
            "research_orgs": [
                "grid.5522.0"
            ]
        },
        {
            "id": "ur.01210250761.85",
            "last_name": "Kami\u0144ski",
            "first_name": "Kamil",
            "orcid_id": [
                "0000-0002-7421-6758"
            ],
            "research_orgs": [
                "grid.5522.0"
            ]
        },
        {
            "id": "ur.01043253650.55",
            "last_name": "Ciejka",
            "first_name": "Justyna",
            "research_orgs": [
                "grid.5522.0"
            ]
        },
        {
            "id": "ur.0111007235.57",
            "last_name": "Zeglen",
            "first_name": "S\u0142awomir",
            "research_orgs": [
                "grid.419246.c",
                "grid.411728.9",
                "grid.107891.6"
            ]
        },
        {
            "id": "ur.01155132023.97",
            "last_name": "Wojarski",
            "first_name": "Jacek",
            "orcid_id": [
                "0000-0001-7724-8213"
            ],
            "research_orgs": [
                "grid.419246.c",
                "grid.411728.9"
            ]
        },
        {
            "id": "ur.0616437750.35",
            "last_name": "Nowakowska",
            "first_name": "Maria",
            "orcid_id": [
                "0000-0001-6456-5463"
            ],
            "research_orgs": [
                "grid.17063.33",
                "grid.5522.0"
            ]
        },
        {
            "id": "ur.01177101475.81",
            "last_name": "Szczubia\u0142ka",
            "first_name": "Krzysztof",
            "research_orgs": [
                "grid.48324.39",
                "grid.5522.0"
            ]
        },
        {
            "id": "ur.01320577305.11",
            "last_name": "Pyrc",
            "first_name": "Krzysztof",
            "orcid_id": [
                "0000-0002-3867-7688"
            ],
            "research_orgs": [
                "grid.5650.6",
                "grid.7177.6",
                "grid.5522.0"
            ]
        }
    ],
    "pmcid": "PMC4889042",
    "altmetric": 1.0,
    "pages": "e0156552",
    "research_org_cities": [
        {
            "id": 3080985,
            "name": "Zabrze"
        },
        {
            "id": 3094802,
            "name": "Krak\u00f3w"
        }
    ],
    "open_access": [
        "Open Access - all",
        "Open Access - publisher",
        "Open Access - published"
    ],
    "research_org_countries": [
        {
            "id": "PL",
            "name": "Poland"
        }
    ],
    "doi": "10.1371/journal.pone.0156552",
    "FOR": [
        {
            "id": "3114",
            "name": "1108 Medical Microbiology"
        }
    ],
    "times_cited": 5,
    "research_orgs": [
        {
            "id": "grid.419246.c",
            "acronym": "SCCS",
            "types": [
                "Nonprofit"
            ],
            "longitude": 18.781094,
            "linkout": [
                "http://www.sccs.pl/en/"
            ],
            "latitude": 50.313316,
            "name": "Silesian Center for Heart Disease",
            "city_name": "Zabrze",
            "country_name": "Poland"
        },
        {
            "id": "grid.5522.0",
            "types": [
                "Education"
            ],
            "longitude": 19.932777,
            "linkout": [
                "http://www.uj.edu.pl/en_GB/"
            ],
            "latitude": 50.060833,
            "name": "Jagiellonian University",
            "city_name": "Krakow",
            "country_name": "Poland"
        }
    ],
    "pmid": "27249425",
    "funders": [
        {
            "id": "grid.55047.33",
            "acronym": "NCRD",
            "types": [
                "Government"
            ],
            "longitude": 21.00763,
            "linkout": [
                "http://www.ncbr.gov.pl/en/"
            ],
            "latitude": 52.227455,
            "name": "National Centre for Research and Development",
            "city_name": "Warsaw",
            "country_name": "Poland"
        },
        {
            "id": "grid.270680.b",
            "acronym": "EC",
            "types": [
                "Government"
            ],
            "longitude": 4.36367,
            "linkout": [
                "http://ec.europa.eu/index_en.htm"
            ],
            "latitude": 50.85165,
            "name": "European Commission",
            "city_name": "Brussels",
            "country_name": "Belgium"
        },
        {
            "id": "grid.425823.a",
            "acronym": "MNiSW",
            "types": [
                "Government"
            ],
            "longitude": 21.020226,
            "linkout": [
                "http://www.nauka.gov.pl/en/"
            ],
            "latitude": 52.228077,
            "name": "Ministry of Science and Higher Education",
            "city_name": "Warsaw",
            "country_name": "Poland"
        },
        {
            "id": "grid.450763.3",
            "acronym": "COST",
            "types": [
                "Other"
            ],
            "longitude": 4.361946,
            "linkout": [
                "http://www.cost.eu/"
            ],
            "latitude": 50.828632,
            "name": "European Cooperation in Science and Technology",
            "city_name": "Brussels",
            "country_name": "Belgium"
        },
        {
            "id": "grid.436846.b",
            "acronym": "NCN",
            "types": [
                "Government"
            ],
            "longitude": 19.915491,
            "linkout": [
                "https://www.ncn.gov.pl/?language=en"
            ],
            "latitude": 50.073513,
            "name": "National Science Center",
            "city_name": "Krakow",
            "country_name": "Poland"
        }
    ],
    "research_org_country_names": [
        "Poland"
    ],
    "id": "pub.1051360258",
    "issue": "6",
    "journal": {
        "id": "jour.1037553",
        "title": "PLoS ONE"
    },
    "year": 2016,
    "references": [
        "pub.1083592874",
        "pub.1036342386",
        "pub.1001656429",
        "pub.1024900924",
        "pub.1003162062",
        "pub.1033253919",
        "pub.1055951539",
        "pub.1071509891",
        "pub.1033144549",
        "pub.1020866863",
        "pub.1014526974",
        "pub.1033777949",
        "pub.1019390228",
        "pub.1024705689",
        "pub.1022908041",
        "pub.1022609625",
        "pub.1026408693",
        "pub.1055221338",
        "pub.1007944408",
        "pub.1028194165",
        "pub.1040137910",
        "pub.1025629606",
        "pub.1003230664",
        "pub.1042841240",
        "pub.1071503982",
        "pub.1025269436",
        "pub.1043875870",
        "pub.1009842824",
        "pub.1049706566",
        "pub.1029593788",
        "pub.1031053265"
    ],
    "relative_citation_ratio": 0.48,
    "author_affiliations": [
        [
            {
                "first_name": "Aleksandra",
                "last_name": "Milewska",
                "initials": "",
                "corresponding": "",
                "orcid": "",
                "current_organization_id": "grid.5522.0",
                "researcher_id": "ur.01120742373.25",
                "affiliations": [
                    {
                        "id": "grid.5522.0",
                        "name": "Jagiellonian University",
                        "city": "Krakow",
                        "city_id": 3094802,
                        "country": "Poland",
                        "country_code": "PL",
                        "state": null,
                        "state_code": null
                    },
                    {
                        "id": "grid.5522.0",
                        "name": "Jagiellonian University",
                        "city": "Krakow",
                        "city_id": 3094802,
                        "country": "Poland",
                        "country_code": "PL",
                        "state": null,
                        "state_code": null
                    }
                ]
            },
            {
                "first_name": "Kamil",
                "last_name": "Kaminski",
                "initials": "",
                "corresponding": "",
                "orcid": "['0000-0002-7421-6758']",
                "current_organization_id": "grid.5522.0",
                "researcher_id": "ur.01210250761.85",
                "affiliations": [
                    {
                        "id": "grid.5522.0",
                        "name": "Jagiellonian University",
                        "city": "Krakow",
                        "city_id": 3094802,
                        "country": "Poland",
                        "country_code": "PL",
                        "state": null,
                        "state_code": null
                    }
                ]
            },
            {
                "first_name": "Justyna",
                "last_name": "Ciejka",
                "initials": "",
                "corresponding": "",
                "orcid": "",
                "current_organization_id": "grid.5522.0",
                "researcher_id": "ur.01043253650.55",
                "affiliations": [
                    {
                        "id": "grid.5522.0",
                        "name": "Jagiellonian University",
                        "city": "Krakow",
                        "city_id": 3094802,
                        "country": "Poland",
                        "country_code": "PL",
                        "state": null,
                        "state_code": null
                    }
                ]
            },
            {
                "first_name": "Katarzyna",
                "last_name": "Kosowicz",
                "initials": "",
                "corresponding": "",
                "orcid": "",
                "current_organization_id": "",
                "researcher_id": "",
                "affiliations": [
                    {
                        "id": "grid.5522.0",
                        "name": "Jagiellonian University",
                        "city": "Krakow",
                        "city_id": 3094802,
                        "country": "Poland",
                        "country_code": "PL",
                        "state": null,
                        "state_code": null
                    },
                    {
                        "id": "grid.5522.0",
                        "name": "Jagiellonian University",
                        "city": "Krakow",
                        "city_id": 3094802,
                        "country": "Poland",
                        "country_code": "PL",
                        "state": null,
                        "state_code": null
                    }
                ]
            },
            {
                "first_name": "Slawomir",
                "last_name": "Zeglen",
                "initials": "",
                "corresponding": "",
                "orcid": "",
                "current_organization_id": "grid.419246.c",
                "researcher_id": "ur.0111007235.57",
                "affiliations": [
                    {
                        "id": "grid.419246.c",
                        "name": "Silesian Center for Heart Disease",
                        "city": "Zabrze",
                        "city_id": 3080985,
                        "country": "Poland",
                        "country_code": "PL",
                        "state": null,
                        "state_code": null
                    }
                ]
            },
            {
                "first_name": "Jacek",
                "last_name": "Wojarski",
                "initials": "",
                "corresponding": "",
                "orcid": "['0000-0001-7724-8213']",
                "current_organization_id": "grid.419246.c",
                "researcher_id": "ur.01155132023.97",
                "affiliations": [
                    {
                        "id": "grid.419246.c",
                        "name": "Silesian Center for Heart Disease",
                        "city": "Zabrze",
                        "city_id": 3080985,
                        "country": "Poland",
                        "country_code": "PL",
                        "state": null,
                        "state_code": null
                    }
                ]
            },
            {
                "first_name": "Maria",
                "last_name": "Nowakowska",
                "initials": "",
                "corresponding": "",
                "orcid": "['0000-0001-6456-5463']",
                "current_organization_id": "grid.5522.0",
                "researcher_id": "ur.0616437750.35",
                "affiliations": [
                    {
                        "id": "grid.5522.0",
                        "name": "Jagiellonian University",
                        "city": "Krakow",
                        "city_id": 3094802,
                        "country": "Poland",
                        "country_code": "PL",
                        "state": null,
                        "state_code": null
                    }
                ]
            },
            {
                "first_name": "Krzysztof",
                "last_name": "Szczubia\u0142ka",
                "initials": "",
                "corresponding": true,
                "orcid": "",
                "current_organization_id": "grid.5522.0",
                "researcher_id": "ur.01177101475.81",
                "affiliations": [
                    {
                        "id": "grid.5522.0",
                        "name": "Jagiellonian University",
                        "city": "Krakow",
                        "city_id": 3094802,
                        "country": "Poland",
                        "country_code": "PL",
                        "state": null,
                        "state_code": null
                    }
                ]
            },
            {
                "first_name": "Krzysztof",
                "last_name": "Pyrc",
                "initials": "",
                "corresponding": true,
                "orcid": "['0000-0002-3867-7688']",
                "current_organization_id": "grid.5522.0",
                "researcher_id": "ur.01320577305.11",
                "affiliations": [
                    {
                        "id": "grid.5522.0",
                        "name": "Jagiellonian University",
                        "city": "Krakow",
                        "city_id": 3094802,
                        "country": "Poland",
                        "country_code": "PL",
                        "state": null,
                        "state_code": null
                    },
                    {
                        "id": "grid.5522.0",
                        "name": "Jagiellonian University",
                        "city": "Krakow",
                        "city_id": 3094802,
                        "country": "Poland",
                        "country_code": "PL",
                        "state": null,
                        "state_code": null
                    }
                ]
            }
        ]
    ],
    "type": "article"
}