{
    "volume": "1",
    "date": "2018-06-01",
    "title": "The battle against SARS and MERS coronaviruses: Reservoirs and Animal Models",
    "researchers": [
        {
            "id": "ur.012007624234.12",
            "last_name": "Gong",
            "first_name": "Shu-Ran",
            "research_orgs": [
                "grid.453135.5",
                "grid.482592.0",
                "grid.12527.33"
            ]
        },
        {
            "id": "ur.01340021045.05",
            "last_name": "Bao",
            "first_name": "Lin-Lin",
            "research_orgs": [
                "grid.454878.2",
                "grid.453135.5",
                "grid.413106.1",
                "grid.482592.0",
                "grid.12527.33"
            ]
        }
    ],
    "pmcid": "PMC6388065",
    "altmetric": 12.0,
    "pages": "125-133",
    "research_org_cities": [
        {
            "id": 1816670,
            "name": "Beijing"
        }
    ],
    "open_access": [
        "Open Access - all",
        "Open Access - publisher",
        "Open Access - published"
    ],
    "research_org_countries": [
        {
            "id": "CN",
            "name": "China"
        }
    ],
    "doi": "10.1002/ame2.12017",
    "FOR": [
        {
            "id": "3114",
            "name": "1108 Medical Microbiology"
        }
    ],
    "times_cited": 2,
    "research_orgs": [
        {
            "id": "grid.506261.6",
            "acronym": "CAMS&PUMC",
            "types": [
                "Education"
            ],
            "longitude": 116.41479,
            "linkout": [
                "http://www.cams.ac.cn/"
            ],
            "latitude": 39.91149,
            "name": "Chinese Academy of Medical Sciences & Peking Union Medical College",
            "city_name": "Beijing",
            "country_name": "China"
        }
    ],
    "pmid": "30891557",
    "research_org_country_names": [
        "China"
    ],
    "id": "pub.1105879616",
    "issue": "2",
    "journal": {
        "id": "jour.1321503",
        "title": "Animal Models and Experimental Medicine"
    },
    "year": 2018,
    "references": [
        "pub.1005157947",
        "pub.1012064446",
        "pub.1002306282",
        "pub.1025504647",
        "pub.1070926177",
        "pub.1022060321",
        "pub.1029340898",
        "pub.1033912353",
        "pub.1010127717",
        "pub.1021488077",
        "pub.1048791210",
        "pub.1008260163",
        "pub.1040247347",
        "pub.1071122199",
        "pub.1093088828",
        "pub.1013873576",
        "pub.1021121595",
        "pub.1020304704",
        "pub.1024859274",
        "pub.1035976534",
        "pub.1012073237",
        "pub.1005106550",
        "pub.1050539427",
        "pub.1044550494",
        "pub.1018498796",
        "pub.1028374513",
        "pub.1049602997",
        "pub.1021909552",
        "pub.1014619540",
        "pub.1018537002",
        "pub.1078513061",
        "pub.1026613775",
        "pub.1059709808",
        "pub.1035449086",
        "pub.1004676682",
        "pub.1048713931",
        "pub.1070926174",
        "pub.1041811650",
        "pub.1008632384",
        "pub.1038112978",
        "pub.1004464180",
        "pub.1043875870",
        "pub.1049710243",
        "pub.1018030088",
        "pub.1003799031",
        "pub.1039579861",
        "pub.1076582215",
        "pub.1014370409",
        "pub.1015959042"
    ],
    "author_affiliations": [
        [
            {
                "first_name": "Shu\u2010ran",
                "last_name": "Gong",
                "initials": "",
                "corresponding": "",
                "orcid": "",
                "current_organization_id": "grid.482592.0",
                "researcher_id": "ur.012007624234.12",
                "affiliations": [
                    {
                        "id": "grid.506261.6",
                        "name": "Chinese Academy of Medical Sciences & Peking Union Medical College",
                        "city": "Beijing",
                        "city_id": 1816670,
                        "country": "China",
                        "country_code": "CN",
                        "state": null,
                        "state_code": null
                    }
                ]
            },
            {
                "first_name": "Lin\u2010lin",
                "last_name": "Bao",
                "initials": "",
                "corresponding": "",
                "orcid": "",
                "current_organization_id": "grid.482592.0",
                "researcher_id": "ur.01340021045.05",
                "affiliations": [
                    {
                        "id": "grid.506261.6",
                        "name": "Chinese Academy of Medical Sciences & Peking Union Medical College",
                        "city": "Beijing",
                        "city_id": 1816670,
                        "country": "China",
                        "country_code": "CN",
                        "state": null,
                        "state_code": null
                    }
                ]
            }
        ]
    ],
    "type": "article"
}