{
    "volume": "217",
    "date": "2018-05-05",
    "title": "Human Coronavirus NL63 Molecular Epidemiology and Evolutionary Patterns in Rural Coastal Kenya.",
    "researchers": [
        {
            "id": "ur.0737747736.00",
            "last_name": "Kiyuka",
            "first_name": "Patience Kerubo",
            "orcid_id": [
                "0000-0002-3257-5920"
            ],
            "research_orgs": [
                "grid.33058.3d"
            ]
        },
        {
            "id": "ur.01060374403.38",
            "last_name": "Agoti",
            "first_name": "Charles Nyaigoti",
            "research_orgs": [
                "grid.449370.d",
                "grid.33058.3d",
                "grid.7372.1",
                "grid.271308.f"
            ]
        },
        {
            "id": "ur.0744146003.32",
            "last_name": "Munywoki",
            "first_name": "Patrick Kiio",
            "orcid_id": [
                "0000-0001-9419-7155"
            ],
            "research_orgs": [
                "grid.33058.3d",
                "grid.4991.5",
                "grid.7372.1",
                "grid.449370.d"
            ]
        },
        {
            "id": "ur.0710360252.99",
            "last_name": "Njeru",
            "first_name": "Regina W",
            "research_orgs": [
                "grid.33058.3d"
            ]
        },
        {
            "id": "ur.01361707203.69",
            "last_name": "Bett",
            "first_name": "Anne",
            "research_orgs": [
                "grid.33058.3d"
            ]
        },
        {
            "id": "ur.0576534220.04",
            "last_name": "Otieno",
            "first_name": "James R",
            "orcid_id": [
                "0000-0001-9790-2307"
            ],
            "research_orgs": [
                "grid.33058.3d",
                "grid.9918.9",
                "grid.7372.1",
                "grid.271308.f"
            ]
        },
        {
            "id": "ur.01012237553.44",
            "last_name": "Otieno",
            "first_name": "Grieven P",
            "orcid_id": [
                "0000-0002-3053-1369"
            ],
            "research_orgs": [
                "grid.33058.3d"
            ]
        },
        {
            "id": "ur.016332434023.41",
            "last_name": "Kamau",
            "first_name": "Everlyn M",
            "orcid_id": [
                "0000-0003-4285-2255"
            ],
            "research_orgs": [
                "grid.33058.3d",
                "grid.411943.a",
                "grid.419369.0"
            ]
        },
        {
            "id": "ur.010201615642.23",
            "last_name": "Clark",
            "first_name": "Taane Gregory",
            "orcid_id": [
                "0000-0001-8985-9265"
            ],
            "research_orgs": [
                "grid.5337.2",
                "grid.270683.8",
                "grid.10772.33",
                "grid.470904.e",
                "grid.10306.34",
                "grid.1013.3",
                "grid.8348.7",
                "grid.7445.2",
                "grid.8991.9",
                "grid.9654.e",
                "grid.4991.5"
            ]
        },
        {
            "id": "ur.0711421605.96",
            "last_name": "Van Der Hoek",
            "first_name": "Lia",
            "orcid_id": [
                "0000-0003-2803-642X"
            ],
            "research_orgs": [
                "grid.7177.6",
                "grid.4991.5",
                "grid.10306.34",
                "grid.5650.6"
            ]
        },
        {
            "id": "ur.01214773044.05",
            "last_name": "Kellam",
            "first_name": "Paul",
            "orcid_id": [
                "0000-0003-3166-4734"
            ],
            "research_orgs": [
                "grid.52996.31",
                "grid.7445.2",
                "grid.88379.3d",
                "grid.4305.2",
                "grid.10306.34",
                "grid.4991.5",
                "grid.52788.30",
                "grid.5335.0",
                "grid.479336.c",
                "grid.18886.3f",
                "grid.7737.4",
                "grid.418236.a",
                "grid.271308.f",
                "grid.426114.4",
                "grid.225360.0",
                "grid.418195.0",
                "grid.83440.3b"
            ]
        },
        {
            "id": "ur.01334264057.01",
            "last_name": "Nokes",
            "first_name": "David James",
            "orcid_id": [
                "0000-0001-5426-1984"
            ],
            "research_orgs": [
                "grid.33058.3d",
                "grid.7372.1",
                "grid.449370.d",
                "grid.7445.2",
                "grid.271308.f",
                "grid.4991.5",
                "grid.7123.7"
            ]
        },
        {
            "id": "ur.010604523677.19",
            "last_name": "Cotten",
            "first_name": "Matthew L",
            "orcid_id": [
                "0000-0002-3361-3351"
            ],
            "research_orgs": [
                "grid.14826.39",
                "grid.15090.3d",
                "grid.8991.9",
                "grid.415063.5",
                "grid.410795.e",
                "grid.4991.5",
                "grid.5645.2",
                "grid.4305.2",
                "grid.301713.7",
                "grid.415861.f",
                "grid.194645.b",
                "grid.10306.34",
                "grid.83440.3b",
                "grid.410711.2",
                "grid.14105.31",
                "grid.34421.30",
                "grid.5477.1"
            ]
        }
    ],
    "pmcid": "PMC6037089",
    "altmetric": 40.0,
    "pages": "1728-1739",
    "research_org_cities": [
        {
            "id": 192067,
            "name": "Kilifi"
        },
        {
            "id": 184745,
            "name": "Nairobi"
        },
        {
            "id": 2759794,
            "name": "Amsterdam"
        },
        {
            "id": 2653941,
            "name": "Cambridge"
        },
        {
            "id": 2652221,
            "name": "Coventry"
        },
        {
            "id": 2643743,
            "name": "London"
        }
    ],
    "open_access": [
        "Open Access - all",
        "Open Access - publisher",
        "Open Access - published"
    ],
    "research_org_countries": [
        {
            "id": "GB",
            "name": "United Kingdom"
        },
        {
            "id": "KE",
            "name": "Kenya"
        },
        {
            "id": "NL",
            "name": "Netherlands"
        }
    ],
    "doi": "10.1093/infdis/jiy098",
    "FOR": [
        {
            "id": "2620",
            "name": "0604 Genetics"
        },
        {
            "id": "3114",
            "name": "1108 Medical Microbiology"
        }
    ],
    "times_cited": 3,
    "research_orgs": [
        {
            "id": "grid.7372.1",
            "state_name": "Warwickshire",
            "types": [
                "Education"
            ],
            "longitude": -1.561502,
            "linkout": [
                "http://www2.warwick.ac.uk/"
            ],
            "latitude": 52.379436,
            "name": "University of Warwick",
            "city_name": "Coventry",
            "country_name": "United Kingdom"
        },
        {
            "id": "grid.10306.34",
            "acronym": "WTSI",
            "types": [
                "Nonprofit"
            ],
            "longitude": 0.185566,
            "linkout": [
                "http://www.sanger.ac.uk/"
            ],
            "latitude": 52.07995,
            "name": "Wellcome Sanger Institute",
            "city_name": "Cambridge",
            "country_name": "United Kingdom"
        },
        {
            "id": "grid.8991.9",
            "acronym": "LSHTM",
            "state_name": "Camden",
            "types": [
                "Education"
            ],
            "longitude": -0.1307,
            "linkout": [
                "http://www.lshtm.ac.uk/"
            ],
            "latitude": 51.5209,
            "name": "London School of Hygiene & Tropical Medicine",
            "city_name": "London",
            "country_name": "United Kingdom"
        },
        {
            "id": "grid.418195.0",
            "types": [
                "Facility"
            ],
            "longitude": 0.20329,
            "linkout": [
                "http://www.babraham.ac.uk/"
            ],
            "latitude": 52.1331,
            "name": "Babraham Institute",
            "city_name": "Cambridge",
            "country_name": "United Kingdom"
        },
        {
            "id": "grid.449370.d",
            "types": [
                "Education"
            ],
            "longitude": 39.846283,
            "linkout": [
                "https://www.pu.ac.ke/"
            ],
            "latitude": -3.619826,
            "name": "Pwani University",
            "city_name": "Kilifi",
            "country_name": "Kenya"
        },
        {
            "id": "grid.5650.6",
            "acronym": "AMC",
            "state_name": "Noord-Holland",
            "types": [
                "Healthcare"
            ],
            "longitude": 4.957778,
            "linkout": [
                "https://www.amc.nl/web/Zorg.htm"
            ],
            "latitude": 52.29333,
            "name": "Academic Medical Center",
            "city_name": "Amsterdam",
            "country_name": "Netherlands"
        }
    ],
    "pmid": "29741740",
    "funders": [
        {
            "id": "grid.14105.31",
            "acronym": "MRC",
            "types": [
                "Government"
            ],
            "longitude": -0.119432,
            "linkout": [
                "http://www.mrc.ac.uk/"
            ],
            "latitude": 51.514755,
            "name": "Medical Research Council",
            "city_name": "London",
            "country_name": "United Kingdom"
        },
        {
            "id": "grid.52788.30",
            "acronym": "WT",
            "types": [
                "Nonprofit"
            ],
            "longitude": -0.135005,
            "linkout": [
                "http://www.wellcome.ac.uk/"
            ],
            "latitude": 51.525867,
            "name": "Wellcome Trust",
            "city_name": "London",
            "country_name": "United Kingdom"
        }
    ],
    "research_org_country_names": [
        "Netherlands",
        "United Kingdom",
        "Kenya"
    ],
    "id": "pub.1101246792",
    "issue": "11",
    "journal": {
        "id": "jour.1019235",
        "title": "The Journal of Infectious Diseases"
    },
    "year": 2018,
    "references": [
        "pub.1039607824",
        "pub.1059246094",
        "pub.1025904619",
        "pub.1083930984",
        "pub.1023627934",
        "pub.1021801946",
        "pub.1052153883",
        "pub.1001647862",
        "pub.1022151648",
        "pub.1013996374",
        "pub.1023436816",
        "pub.1000272326",
        "pub.1045442924",
        "pub.1013624745",
        "pub.1009282272",
        "pub.1016487527",
        "pub.1029214320",
        "pub.1012143815",
        "pub.1016185041",
        "pub.1074846305",
        "pub.1030517209",
        "pub.1017850836",
        "pub.1010590851",
        "pub.1049273973",
        "pub.1023447247",
        "pub.1085329898",
        "pub.1028450501",
        "pub.1010702271",
        "pub.1025269436",
        "pub.1010415923",
        "pub.1058810522",
        "pub.1029731590",
        "pub.1021341843",
        "pub.1001881396",
        "pub.1047242161",
        "pub.1053046224",
        "pub.1033727638",
        "pub.1051028554",
        "pub.1027372974",
        "pub.1031053265",
        "pub.1005712277",
        "pub.1041800327",
        "pub.1023297258",
        "pub.1024775573",
        "pub.1043875870",
        "pub.1047764243",
        "pub.1059473306",
        "pub.1024705689",
        "pub.1018359380",
        "pub.1077120975"
    ],
    "relative_citation_ratio": 0.66,
    "author_affiliations": [
        [
            {
                "first_name": "Patience K",
                "last_name": "Kiyuka",
                "initials": "",
                "corresponding": "",
                "orcid": "",
                "current_organization_id": "grid.33058.3d",
                "researcher_id": "ur.0737747736.00",
                "affiliations": [
                    {
                        "name": "Epidemiology and Demography Department, Kenya Medical Research Institute-Wellcome Trust Research Programme"
                    }
                ]
            },
            {
                "first_name": "Charles N",
                "last_name": "Agoti",
                "initials": "",
                "corresponding": "",
                "orcid": "",
                "current_organization_id": "grid.33058.3d",
                "researcher_id": "ur.01060374403.38",
                "affiliations": [
                    {
                        "name": "Epidemiology and Demography Department, Kenya Medical Research Institute-Wellcome Trust Research Programme"
                    },
                    {
                        "id": "grid.449370.d",
                        "name": "Pwani University",
                        "city": "Kilifi",
                        "city_id": 192067,
                        "country": "Kenya",
                        "country_code": "KE",
                        "state": null,
                        "state_code": null
                    }
                ]
            },
            {
                "first_name": "Patrick K",
                "last_name": "Munywoki",
                "initials": "",
                "corresponding": "",
                "orcid": "['0000-0001-9419-7155']",
                "current_organization_id": "grid.33058.3d",
                "researcher_id": "ur.0744146003.32",
                "affiliations": [
                    {
                        "name": "Epidemiology and Demography Department, Kenya Medical Research Institute-Wellcome Trust Research Programme"
                    }
                ]
            },
            {
                "first_name": "Regina",
                "last_name": "Njeru",
                "initials": "",
                "corresponding": "",
                "orcid": "",
                "current_organization_id": "grid.33058.3d",
                "researcher_id": "ur.0710360252.99",
                "affiliations": [
                    {
                        "name": "Epidemiology and Demography Department, Kenya Medical Research Institute-Wellcome Trust Research Programme"
                    }
                ]
            },
            {
                "first_name": "Anne",
                "last_name": "Bett",
                "initials": "",
                "corresponding": "",
                "orcid": "",
                "current_organization_id": "grid.33058.3d",
                "researcher_id": "ur.01361707203.69",
                "affiliations": [
                    {
                        "name": "Epidemiology and Demography Department, Kenya Medical Research Institute-Wellcome Trust Research Programme"
                    }
                ]
            },
            {
                "first_name": "James R",
                "last_name": "Otieno",
                "initials": "",
                "corresponding": "",
                "orcid": "['0000-0001-9790-2307']",
                "current_organization_id": "grid.33058.3d",
                "researcher_id": "ur.0576534220.04",
                "affiliations": [
                    {
                        "name": "Epidemiology and Demography Department, Kenya Medical Research Institute-Wellcome Trust Research Programme"
                    }
                ]
            },
            {
                "first_name": "Grieven P",
                "last_name": "Otieno",
                "initials": "",
                "corresponding": "",
                "orcid": "['0000-0002-3053-1369']",
                "current_organization_id": "grid.33058.3d",
                "researcher_id": "ur.01012237553.44",
                "affiliations": [
                    {
                        "name": "Epidemiology and Demography Department, Kenya Medical Research Institute-Wellcome Trust Research Programme"
                    }
                ]
            },
            {
                "first_name": "Everlyn",
                "last_name": "Kamau",
                "initials": "",
                "corresponding": "",
                "orcid": "['0000-0003-4285-2255']",
                "current_organization_id": "grid.33058.3d",
                "researcher_id": "ur.016332434023.41",
                "affiliations": [
                    {
                        "name": "Epidemiology and Demography Department, Kenya Medical Research Institute-Wellcome Trust Research Programme"
                    }
                ]
            },
            {
                "first_name": "Taane G",
                "last_name": "Clark",
                "initials": "",
                "corresponding": "",
                "orcid": "['0000-0001-8985-9265']",
                "current_organization_id": "grid.8991.9",
                "researcher_id": "ur.010201615642.23",
                "affiliations": [
                    {
                        "id": "grid.8991.9",
                        "name": "London School of Hygiene & Tropical Medicine",
                        "city": "London",
                        "city_id": 2643743,
                        "country": "United Kingdom",
                        "country_code": "GB",
                        "state": null,
                        "state_code": null
                    }
                ]
            },
            {
                "first_name": "Lia",
                "last_name": "van der Hoek",
                "initials": "",
                "corresponding": "",
                "orcid": "['0000-0003-2803-642X']",
                "current_organization_id": "grid.5650.6",
                "researcher_id": "ur.0711421605.96",
                "affiliations": [
                    {
                        "id": "grid.5650.6",
                        "name": "Academic Medical Center",
                        "city": "Amsterdam",
                        "city_id": 2759794,
                        "country": "Netherlands",
                        "country_code": "NL",
                        "state": null,
                        "state_code": null
                    }
                ]
            },
            {
                "first_name": "Paul",
                "last_name": "Kellam",
                "initials": "",
                "corresponding": "",
                "orcid": "['0000-0003-3166-4734']",
                "current_organization_id": "grid.7445.2",
                "researcher_id": "ur.01214773044.05",
                "affiliations": [
                    {
                        "name": "Department of Medicine, Division of Infectious Diseases, Imperial College London"
                    },
                    {
                        "id": "grid.418195.0",
                        "name": "Babraham Institute",
                        "city": "Cambridge",
                        "city_id": 2653941,
                        "country": "United Kingdom",
                        "country_code": "GB",
                        "state": null,
                        "state_code": null
                    }
                ]
            },
            {
                "first_name": "D James",
                "last_name": "Nokes",
                "initials": "",
                "corresponding": "",
                "orcid": "['0000-0001-5426-1984']",
                "current_organization_id": "grid.7372.1",
                "researcher_id": "ur.01334264057.01",
                "affiliations": [
                    {
                        "name": "Epidemiology and Demography Department, Kenya Medical Research Institute-Wellcome Trust Research Programme"
                    },
                    {
                        "id": "grid.7372.1",
                        "name": "University of Warwick",
                        "city": "Coventry",
                        "city_id": 2652221,
                        "country": "United Kingdom",
                        "country_code": "GB",
                        "state": null,
                        "state_code": null
                    }
                ]
            },
            {
                "first_name": "Matthew",
                "last_name": "Cotten",
                "initials": "",
                "corresponding": "",
                "orcid": "['0000-0002-3361-3351']",
                "current_organization_id": "grid.5645.2",
                "researcher_id": "ur.010604523677.19",
                "affiliations": [
                    {
                        "id": "grid.10306.34",
                        "name": "Wellcome Sanger Institute",
                        "city": "Cambridge",
                        "city_id": 2653941,
                        "country": "United Kingdom",
                        "country_code": "GB",
                        "state": null,
                        "state_code": null
                    }
                ]
            }
        ]
    ],
    "type": "article"
}