{
    "volume": "26",
    "date": "2020-02-01",
    "title": "Early Release - Middle East Respiratory Syndrome Coronavirus Transmission - Volume 26, Number 2\u2014February 2020 - Emerging Infectious Diseases journal - CDC",
    "researchers": [
        {
            "id": "ur.015617145725.26",
            "last_name": "Killerby",
            "first_name": "Marie E",
            "research_orgs": [
                "grid.5288.7",
                "grid.415998.8",
                "grid.416738.f",
                "grid.419260.8"
            ]
        },
        {
            "id": "ur.01364200263.41",
            "last_name": "Biggs",
            "first_name": "Holly M",
            "research_orgs": [
                "grid.416738.f",
                "grid.419260.8"
            ]
        },
        {
            "id": "ur.01234010430.93",
            "last_name": "Midgley",
            "first_name": "Claire M",
            "research_orgs": [
                "grid.416738.f",
                "grid.419260.8"
            ]
        },
        {
            "id": "ur.0577650272.59",
            "last_name": "Gerber",
            "first_name": "Susan Ilene",
            "research_orgs": [
                "grid.416738.f",
                "grid.214572.7",
                "grid.410374.5",
                "grid.505673.2",
                "grid.280362.d",
                "grid.415696.9",
                "grid.419260.8",
                "grid.433894.1",
                "grid.416511.6",
                "grid.470962.e",
                "grid.412125.1",
                "grid.415310.2",
                "grid.170205.1",
                "grid.416111.2"
            ]
        },
        {
            "id": "ur.01244327473.97",
            "last_name": "Watson",
            "first_name": "John T",
            "research_orgs": [
                "grid.410374.5",
                "grid.280395.5",
                "grid.416738.f",
                "grid.415696.9",
                "grid.419260.8",
                "grid.412125.1",
                "grid.415310.2"
            ]
        }
    ],
    "pmcid": "PMC6986839",
    "altmetric": 123.0,
    "pages": "191-198",
    "open_access": [
        "Open Access - all",
        "Open Access - publisher",
        "Open Access - published"
    ],
    "doi": "10.3201/eid2602.190697",
    "FOR": [
        {
            "id": "3177",
            "name": "1117 Public Health and Health Services"
        },
        {
            "id": "3114",
            "name": "1108 Medical Microbiology"
        },
        {
            "id": "3053",
            "name": "1103 Clinical Sciences"
        }
    ],
    "times_cited": 7,
    "pmid": "31961300",
    "id": "pub.1123942297",
    "issue": "2",
    "journal": {
        "id": "jour.1114184",
        "title": "Emerging Infectious Diseases"
    },
    "year": 2020,
    "references": [
        "pub.1035976534",
        "pub.1085925489",
        "pub.1111001795",
        "pub.1070926258",
        "pub.1100421004",
        "pub.1047831909",
        "pub.1070926124",
        "pub.1001141497",
        "pub.1084602266",
        "pub.1021594788",
        "pub.1104586280",
        "pub.1039666975",
        "pub.1101341657",
        "pub.1110215968",
        "pub.1043875870",
        "pub.1099663892",
        "pub.1026282963",
        "pub.1003934228",
        "pub.1033947010",
        "pub.1049394195",
        "pub.1120393013",
        "pub.1002634100",
        "pub.1033390496",
        "pub.1043250391",
        "pub.1015127616",
        "pub.1106144757",
        "pub.1001995717",
        "pub.1008217409",
        "pub.1003971844",
        "pub.1078746519",
        "pub.1107899354",
        "pub.1113476996",
        "pub.1014370409",
        "pub.1026443711",
        "pub.1039579861",
        "pub.1059467844",
        "pub.1112285683",
        "pub.1027207597",
        "pub.1001635031",
        "pub.1030864342",
        "pub.1014619540",
        "pub.1025461012",
        "pub.1033612625",
        "pub.1116669322",
        "pub.1043626683",
        "pub.1033912353",
        "pub.1025710658",
        "pub.1084649888",
        "pub.1005106550",
        "pub.1092573311",
        "pub.1002308529",
        "pub.1046562880",
        "pub.1005881699",
        "pub.1004464180",
        "pub.1112749473",
        "pub.1002017892",
        "pub.1008983367",
        "pub.1001523979",
        "pub.1071123442",
        "pub.1059325754",
        "pub.1041903575",
        "pub.1111458149",
        "pub.1036135752",
        "pub.1103997502",
        "pub.1086117140",
        "pub.1039030138",
        "pub.1050950113",
        "pub.1071123472",
        "pub.1047929800",
        "pub.1000236704"
    ],
    "author_affiliations": [
        [
            {
                "first_name": "Marie E",
                "last_name": "Killerby",
                "initials": "",
                "corresponding": "",
                "orcid": "",
                "current_organization_id": "grid.419260.8",
                "researcher_id": "ur.015617145725.26",
                "affiliations": []
            },
            {
                "first_name": "Holly M",
                "last_name": "Biggs",
                "initials": "",
                "corresponding": "",
                "orcid": "",
                "current_organization_id": "grid.419260.8",
                "researcher_id": "ur.01364200263.41",
                "affiliations": []
            },
            {
                "first_name": "Claire M",
                "last_name": "Midgley",
                "initials": "",
                "corresponding": "",
                "orcid": "",
                "current_organization_id": "grid.416738.f",
                "researcher_id": "ur.01234010430.93",
                "affiliations": []
            },
            {
                "first_name": "Susan I",
                "last_name": "Gerber",
                "initials": "",
                "corresponding": "",
                "orcid": "",
                "current_organization_id": "grid.416738.f",
                "researcher_id": "ur.0577650272.59",
                "affiliations": []
            },
            {
                "first_name": "John T",
                "last_name": "Watson",
                "initials": "",
                "corresponding": "",
                "orcid": "",
                "current_organization_id": "grid.416738.f",
                "researcher_id": "ur.01244327473.97",
                "affiliations": []
            }
        ]
    ],
    "type": "article"
}