{
    "pmid": "32035533",
    "author_affiliations": [
        [
            {
                "first_name": "Fu-Sheng",
                "last_name": "Wang",
                "initials": "",
                "corresponding": "",
                "orcid": "",
                "current_organization_id": "grid.413135.1",
                "researcher_id": "ur.01025517744.05",
                "affiliations": [
                    {
                        "id": "grid.488137.1",
                        "name": "China Military",
                        "city": "Beijing",
                        "city_id": 1816670,
                        "country": "China",
                        "country_code": "CN",
                        "state": null,
                        "state_code": null
                    }
                ]
            },
            {
                "first_name": "Chao",
                "last_name": "Zhang",
                "initials": "",
                "corresponding": "",
                "orcid": "",
                "current_organization_id": "grid.488137.1",
                "researcher_id": "ur.010760377365.15",
                "affiliations": [
                    {
                        "id": "grid.488137.1",
                        "name": "China Military",
                        "city": "Beijing",
                        "city_id": 1816670,
                        "country": "China",
                        "country_code": "CN",
                        "state": null,
                        "state_code": null
                    }
                ]
            }
        ]
    ],
    "altmetric": 60.0,
    "research_org_countries": [
        {
            "id": "CN",
            "name": "China"
        }
    ],
    "title": "What to do next to control the 2019-nCoV epidemic?",
    "research_org_cities": [
        {
            "id": 1816670,
            "name": "Beijing"
        }
    ],
    "pages": "391-393",
    "issue": "10222",
    "open_access": [
        "Open Access - all",
        "Open Access - publisher",
        "Open Access - published"
    ],
    "doi": "10.1016/s0140-6736(20)30300-7",
    "times_cited": 7,
    "journal": {
        "id": "jour.1077219",
        "title": "The Lancet"
    },
    "year": 2020,
    "research_orgs": [
        {
            "id": "grid.488137.1",
            "name": "China Military",
            "linkout": [
                "http://eng.chinamil.com.cn/"
            ],
            "country_name": "China",
            "types": [
                "Government"
            ],
            "latitude": 39.913345,
            "acronym": "PLA",
            "city_name": "Beijing",
            "longitude": 116.39529
        }
    ],
    "id": "pub.1124658011",
    "references": [
        "pub.1124493753",
        "pub.1124366313",
        "pub.1124290823",
        "pub.1124289146",
        "pub.1015704176",
        "pub.1124434742",
        "pub.1124427336",
        "pub.1047128751",
        "pub.1124545162",
        "pub.1124368690",
        "pub.1124408081",
        "pub.1124326515",
        "pub.1124295864",
        "pub.1124461627",
        "pub.1124428749",
        "pub.1124228893"
    ],
    "research_org_country_names": [
        "China"
    ],
    "date": "2020-02-01",
    "researchers": [
        {
            "id": "ur.01025517744.05",
            "research_orgs": [
                "grid.413138.c",
                "grid.198530.6",
                "grid.252957.e",
                "grid.413135.1",
                "grid.458488.d",
                "grid.410741.7",
                "grid.11135.37",
                "grid.414252.4",
                "grid.410726.6",
                "grid.13402.34",
                "grid.414379.c",
                "grid.488137.1",
                "grid.418856.6"
            ],
            "last_name": "Wang",
            "first_name": "Fu-Sheng"
        },
        {
            "id": "ur.010760377365.15",
            "research_orgs": [
                "grid.488137.1"
            ],
            "last_name": "Zhang",
            "first_name": "Chao"
        }
    ],
    "type": "article",
    "volume": "395"
}