{
    "research_orgs": [
        {
            "id": "grid.35155.37",
            "linkout": [
                "http://www.hzau.edu.cn/en/home/"
            ],
            "city_name": "Wuhan",
            "longitude": 114.35424,
            "acronym": "HZAU",
            "latitude": 30.475254,
            "name": "Huazhong Agricultural University",
            "types": [
                "Education"
            ],
            "country_name": "China"
        },
        {
            "id": "grid.213876.9",
            "linkout": [
                "http://www.uga.edu/"
            ],
            "city_name": "Athens",
            "longitude": -83.37734,
            "acronym": "UGA",
            "state_name": "Georgia",
            "latitude": 33.948273,
            "name": "University of Georgia",
            "types": [
                "Education"
            ],
            "country_name": "United States"
        }
    ],
    "research_org_country_names": [
        "United States",
        "China"
    ],
    "pmid": "30935078",
    "funders": [
        {
            "id": "grid.419696.5",
            "linkout": [
                "http://www.nsfc.gov.cn/publish/portal1/"
            ],
            "city_name": "Beijing",
            "longitude": 116.33983,
            "acronym": "NSFC",
            "latitude": 40.005177,
            "name": "National Natural Science Foundation of China",
            "types": [
                "Government"
            ],
            "country_name": "China"
        }
    ],
    "title": "The N-Terminal Domain of Spike Protein Is Not the Enteric Tropism Determinant for Transmissible Gastroenteritis Virus in Piglets",
    "type": "article",
    "year": 2019,
    "journal": {
        "id": "jour.1041668",
        "title": "Viruses"
    },
    "researchers": [
        {
            "id": "ur.012746712634.62",
            "research_orgs": [
                "grid.35155.37"
            ],
            "first_name": "Gang",
            "last_name": "Wang",
            "orcid_id": [
                "0000-0003-3398-0079"
            ]
        },
        {
            "id": "ur.016430462643.38",
            "research_orgs": [
                "grid.35155.37"
            ],
            "first_name": "Rui",
            "last_name": "Liang"
        },
        {
            "id": "ur.01213531555.79",
            "research_orgs": [
                "grid.35155.37"
            ],
            "first_name": "Zhou",
            "last_name": "Shen"
        },
        {
            "id": "ur.012136477212.52",
            "research_orgs": [
                "grid.35155.37"
            ],
            "first_name": "Jiale",
            "last_name": "Shi"
        },
        {
            "id": "ur.0742136166.21",
            "research_orgs": [
                "grid.35155.37"
            ],
            "first_name": "Yuejun",
            "last_name": "Shi"
        },
        {
            "id": "ur.0627352077.29",
            "research_orgs": [
                "grid.35155.37"
            ],
            "first_name": "Feng",
            "last_name": "Deng"
        },
        {
            "id": "ur.01005664366.25",
            "research_orgs": [
                "grid.22935.3f",
                "grid.35155.37"
            ],
            "first_name": "Shao-Bo",
            "last_name": "Xiao",
            "orcid_id": [
                "0000-0003-0023-9188"
            ]
        },
        {
            "id": "ur.0620264610.34",
            "research_orgs": [
                "grid.265008.9",
                "grid.418524.e",
                "grid.251075.4",
                "grid.25879.31",
                "grid.36567.31",
                "grid.424020.0",
                "grid.35155.37",
                "grid.213876.9",
                "grid.7737.4"
            ],
            "first_name": "Zhen Fang",
            "last_name": "Fu"
        },
        {
            "id": "ur.0617320070.07",
            "research_orgs": [
                "grid.49470.3e",
                "grid.17635.36",
                "grid.35155.37"
            ],
            "first_name": "Gui-Qing",
            "last_name": "Peng"
        }
    ],
    "FOR": [
        {
            "id": "2581",
            "name": "0601 Biochemistry and Cell Biology"
        }
    ],
    "research_org_countries": [
        {
            "id": "US",
            "name": "United States"
        },
        {
            "id": "CN",
            "name": "China"
        }
    ],
    "date": "2019-03-30",
    "altmetric": 5.0,
    "pages": "313",
    "research_org_state_names": [
        "Georgia"
    ],
    "id": "pub.1113178052",
    "research_org_state_codes": [
        {
            "id": "US-GA",
            "name": "Georgia"
        }
    ],
    "volume": "11",
    "issue": "4",
    "research_org_cities": [
        {
            "id": 4180386,
            "name": "Athens"
        },
        {
            "id": 1791247,
            "name": "Wuhan"
        }
    ],
    "open_access": [
        "Open Access - all",
        "Open Access - publisher",
        "Open Access - published"
    ],
    "author_affiliations": [
        [
            {
                "first_name": "Gang",
                "last_name": "Wang",
                "initials": "",
                "corresponding": "",
                "orcid": "['0000-0003-3398-0079']",
                "current_organization_id": "grid.35155.37",
                "researcher_id": "ur.012746712634.62",
                "affiliations": [
                    {
                        "id": "grid.35155.37",
                        "name": "Huazhong Agricultural University",
                        "city": "Wuhan",
                        "city_id": 1791247,
                        "country": "China",
                        "country_code": "CN",
                        "state": null,
                        "state_code": null
                    },
                    {
                        "name": "Key Laboratory of Preventive Veterinary Medicine in Hubei Province, The Cooperative Innovation Center for Sustainable Pig Production, Wuhan 430070, China"
                    }
                ]
            },
            {
                "first_name": "Rui",
                "last_name": "Liang",
                "initials": "",
                "corresponding": "",
                "orcid": "",
                "current_organization_id": "grid.35155.37",
                "researcher_id": "ur.016430462643.38",
                "affiliations": [
                    {
                        "id": "grid.35155.37",
                        "name": "Huazhong Agricultural University",
                        "city": "Wuhan",
                        "city_id": 1791247,
                        "country": "China",
                        "country_code": "CN",
                        "state": null,
                        "state_code": null
                    },
                    {
                        "name": "Key Laboratory of Preventive Veterinary Medicine in Hubei Province, The Cooperative Innovation Center for Sustainable Pig Production, Wuhan 430070, China"
                    }
                ]
            },
            {
                "first_name": "Ziwei",
                "last_name": "Liu",
                "initials": "",
                "corresponding": "",
                "orcid": "",
                "current_organization_id": "",
                "researcher_id": "",
                "affiliations": [
                    {
                        "id": "grid.35155.37",
                        "name": "Huazhong Agricultural University",
                        "city": "Wuhan",
                        "city_id": 1791247,
                        "country": "China",
                        "country_code": "CN",
                        "state": null,
                        "state_code": null
                    },
                    {
                        "name": "Key Laboratory of Preventive Veterinary Medicine in Hubei Province, The Cooperative Innovation Center for Sustainable Pig Production, Wuhan 430070, China"
                    }
                ]
            },
            {
                "first_name": "Zhou",
                "last_name": "Shen",
                "initials": "",
                "corresponding": "",
                "orcid": "",
                "current_organization_id": "grid.35155.37",
                "researcher_id": "ur.01213531555.79",
                "affiliations": [
                    {
                        "id": "grid.35155.37",
                        "name": "Huazhong Agricultural University",
                        "city": "Wuhan",
                        "city_id": 1791247,
                        "country": "China",
                        "country_code": "CN",
                        "state": null,
                        "state_code": null
                    },
                    {
                        "name": "Key Laboratory of Preventive Veterinary Medicine in Hubei Province, The Cooperative Innovation Center for Sustainable Pig Production, Wuhan 430070, China"
                    }
                ]
            },
            {
                "first_name": "Jiale",
                "last_name": "Shi",
                "initials": "",
                "corresponding": "",
                "orcid": "",
                "current_organization_id": "grid.35155.37",
                "researcher_id": "ur.012136477212.52",
                "affiliations": [
                    {
                        "id": "grid.35155.37",
                        "name": "Huazhong Agricultural University",
                        "city": "Wuhan",
                        "city_id": 1791247,
                        "country": "China",
                        "country_code": "CN",
                        "state": null,
                        "state_code": null
                    },
                    {
                        "name": "Key Laboratory of Preventive Veterinary Medicine in Hubei Province, The Cooperative Innovation Center for Sustainable Pig Production, Wuhan 430070, China"
                    }
                ]
            },
            {
                "first_name": "Yuejun",
                "last_name": "Shi",
                "initials": "",
                "corresponding": "",
                "orcid": "",
                "current_organization_id": "grid.35155.37",
                "researcher_id": "ur.0742136166.21",
                "affiliations": [
                    {
                        "id": "grid.35155.37",
                        "name": "Huazhong Agricultural University",
                        "city": "Wuhan",
                        "city_id": 1791247,
                        "country": "China",
                        "country_code": "CN",
                        "state": null,
                        "state_code": null
                    },
                    {
                        "name": "Key Laboratory of Preventive Veterinary Medicine in Hubei Province, The Cooperative Innovation Center for Sustainable Pig Production, Wuhan 430070, China"
                    }
                ]
            },
            {
                "first_name": "Feng",
                "last_name": "Deng",
                "initials": "",
                "corresponding": "",
                "orcid": "",
                "current_organization_id": "grid.35155.37",
                "researcher_id": "ur.0627352077.29",
                "affiliations": [
                    {
                        "id": "grid.35155.37",
                        "name": "Huazhong Agricultural University",
                        "city": "Wuhan",
                        "city_id": 1791247,
                        "country": "China",
                        "country_code": "CN",
                        "state": null,
                        "state_code": null
                    },
                    {
                        "name": "Key Laboratory of Preventive Veterinary Medicine in Hubei Province, The Cooperative Innovation Center for Sustainable Pig Production, Wuhan 430070, China"
                    }
                ]
            },
            {
                "first_name": "Shaobo",
                "last_name": "Xiao",
                "initials": "",
                "corresponding": "",
                "orcid": "['0000-0003-0023-9188']",
                "current_organization_id": "grid.35155.37",
                "researcher_id": "ur.01005664366.25",
                "affiliations": [
                    {
                        "id": "grid.35155.37",
                        "name": "Huazhong Agricultural University",
                        "city": "Wuhan",
                        "city_id": 1791247,
                        "country": "China",
                        "country_code": "CN",
                        "state": null,
                        "state_code": null
                    },
                    {
                        "name": "Key Laboratory of Preventive Veterinary Medicine in Hubei Province, The Cooperative Innovation Center for Sustainable Pig Production, Wuhan 430070, China"
                    }
                ]
            },
            {
                "first_name": "Zhen F.",
                "last_name": "Fu",
                "initials": "",
                "corresponding": "",
                "orcid": "",
                "current_organization_id": "grid.35155.37",
                "researcher_id": "ur.0620264610.34",
                "affiliations": [
                    {
                        "id": "grid.35155.37",
                        "name": "Huazhong Agricultural University",
                        "city": "Wuhan",
                        "city_id": 1791247,
                        "country": "China",
                        "country_code": "CN",
                        "state": null,
                        "state_code": null
                    },
                    {
                        "name": "Key Laboratory of Preventive Veterinary Medicine in Hubei Province, The Cooperative Innovation Center for Sustainable Pig Production, Wuhan 430070, China"
                    },
                    {
                        "id": "grid.213876.9",
                        "name": "University of Georgia",
                        "city": "Athens",
                        "city_id": 4180386,
                        "country": "United States",
                        "country_code": "US",
                        "state": "Georgia",
                        "state_code": "US-GA"
                    }
                ]
            },
            {
                "first_name": "Guiqing",
                "last_name": "Peng",
                "initials": "",
                "corresponding": "",
                "orcid": "",
                "current_organization_id": "grid.35155.37",
                "researcher_id": "ur.0617320070.07",
                "affiliations": [
                    {
                        "id": "grid.35155.37",
                        "name": "Huazhong Agricultural University",
                        "city": "Wuhan",
                        "city_id": 1791247,
                        "country": "China",
                        "country_code": "CN",
                        "state": null,
                        "state_code": null
                    },
                    {
                        "name": "Key Laboratory of Preventive Veterinary Medicine in Hubei Province, The Cooperative Innovation Center for Sustainable Pig Production, Wuhan 430070, China"
                    },
                    {
                        "id": "grid.35155.37",
                        "name": "Huazhong Agricultural University",
                        "city": "Wuhan",
                        "city_id": 1791247,
                        "country": "China",
                        "country_code": "CN",
                        "state": null,
                        "state_code": null
                    }
                ]
            }
        ]
    ],
    "pmcid": "PMC6520731",
    "doi": "10.3390/v11040313",
    "times_cited": 2,
    "references": [
        "pub.1002385884",
        "pub.1037256306",
        "pub.1000105104",
        "pub.1012065086",
        "pub.1008324585",
        "pub.1015826908",
        "pub.1082785284",
        "pub.1082943962",
        "pub.1017599961",
        "pub.1074503979",
        "pub.1085984809",
        "pub.1014726625",
        "pub.1077343160",
        "pub.1015646315",
        "pub.1026987824",
        "pub.1021463007",
        "pub.1008023921",
        "pub.1042043208",
        "pub.1092116394",
        "pub.1060398065",
        "pub.1022072971",
        "pub.1014048704",
        "pub.1035902264",
        "pub.1026613775",
        "pub.1040906485",
        "pub.1085464553",
        "pub.1041850060",
        "pub.1046264739",
        "pub.1047004095",
        "pub.1035111177",
        "pub.1044235529",
        "pub.1019888616",
        "pub.1012072197",
        "pub.1028475089",
        "pub.1009984496",
        "pub.1078413883",
        "pub.1019477774",
        "pub.1008834366",
        "pub.1000822422",
        "pub.1100770030",
        "pub.1024390869",
        "pub.1033671149",
        "pub.1026750285",
        "pub.1062713250",
        "pub.1038386991",
        "pub.1039003331",
        "pub.1085416729",
        "pub.1015704176",
        "pub.1030495118",
        "pub.1030983699",
        "pub.1028638291",
        "pub.1019538325",
        "pub.1078413277",
        "pub.1040077743",
        "pub.1100473886",
        "pub.1046251952",
        "pub.1035495110",
        "pub.1019285077",
        "pub.1025668909",
        "pub.1078630808",
        "pub.1021541104",
        "pub.1000774725",
        "pub.1035417351",
        "pub.1062713130"
    ]
}