{
    "volume": "395",
    "date": "2020-02-01",
    "title": "Early lessons from the frontline of the 2019-nCoV outbreak",
    "altmetric": 114.0,
    "pages": "687",
    "research_org_cities": [
        {
            "id": 1791247,
            "name": "Wuhan"
        }
    ],
    "open_access": [
        "Open Access - all",
        "Open Access - publisher",
        "Open Access - published"
    ],
    "research_org_countries": [
        {
            "id": "CN",
            "name": "China"
        }
    ],
    "doi": "10.1016/s0140-6736(20)30356-1",
    "times_cited": 0,
    "research_orgs": [
        {
            "id": "grid.413247.7",
            "types": [
                "Healthcare"
            ],
            "longitude": 114.35368,
            "linkout": [
                "http://www.znhospital.cn/"
            ],
            "latitude": 30.554094,
            "name": "Zhongnan Hospital of Wuhan University",
            "city_name": "Wuhan",
            "country_name": "China"
        }
    ],
    "pmid": "32059798",
    "research_org_country_names": [
        "China"
    ],
    "id": "pub.1124805511",
    "issue": "10225",
    "journal": {
        "id": "jour.1077219",
        "title": "The Lancet"
    },
    "year": 2020,
    "references": [
        "pub.1124289146",
        "pub.1124290823"
    ],
    "author_affiliations": [
        [
            {
                "first_name": "Hong",
                "last_name": "Zhang",
                "initials": "",
                "corresponding": "",
                "orcid": "",
                "current_organization_id": "",
                "researcher_id": "",
                "affiliations": [
                    {
                        "id": "grid.413247.7",
                        "name": "Zhongnan Hospital of Wuhan University",
                        "city": "Wuhan",
                        "city_id": 1791247,
                        "country": "China",
                        "country_code": "CN",
                        "state": null,
                        "state_code": null
                    }
                ]
            }
        ]
    ],
    "type": "article"
}