{
    "research_org_country_names": [
        "China"
    ],
    "title": "Coronavirus Disease 2019 (COVID-19) Pneumonia in a Hemodialysis Patient",
    "type": "article",
    "year": 2020,
    "journal": {
        "id": "jour.1365481",
        "title": "Kidney Medicine"
    },
    "FOR": [
        {
            "id": "3053",
            "name": "1103 Clinical Sciences"
        }
    ],
    "research_org_countries": [
        {
            "id": "CN",
            "name": "China"
        }
    ],
    "date": "2020-03-01",
    "altmetric": 41.0,
    "id": "pub.1125559345",
    "research_org_cities": [
        {
            "id": 1809858,
            "name": "Guangzhou"
        },
        {
            "id": 1915223,
            "name": "Zhongshan"
        }
    ],
    "author_affiliations": [
        [
            {
                "first_name": "Bin",
                "last_name": "Tang",
                "initials": "",
                "corresponding": "",
                "orcid": "",
                "current_organization_id": "",
                "researcher_id": "",
                "affiliations": [
                    {
                        "name": "Department of Nephrology, Blood Purifiction Center, People's Hospital of Zhongshan City, Zhongshan, Guangdong, China"
                    }
                ]
            },
            {
                "first_name": "Sijia",
                "last_name": "Li",
                "initials": "",
                "corresponding": "",
                "orcid": "",
                "current_organization_id": "",
                "researcher_id": "",
                "affiliations": [
                    {
                        "name": "Department of Nephrology, Guangdong Provincial People's Hospital, Guangdong Academy of Medical Sciences, Guangzhou, Guangdong, China"
                    }
                ]
            },
            {
                "first_name": "Yuwan",
                "last_name": "Xiong",
                "initials": "",
                "corresponding": "",
                "orcid": "",
                "current_organization_id": "",
                "researcher_id": "",
                "affiliations": [
                    {
                        "name": "Department of Nephrology, Blood Purifiction Center, People's Hospital of Zhongshan City, Zhongshan, Guangdong, China"
                    }
                ]
            },
            {
                "first_name": "Ming",
                "last_name": "Tian",
                "initials": "",
                "corresponding": "",
                "orcid": "",
                "current_organization_id": "",
                "researcher_id": "",
                "affiliations": [
                    {
                        "name": "Department of Nephrology, Blood Purifiction Center, People's Hospital of Zhongshan City, Zhongshan, Guangdong, China"
                    }
                ]
            },
            {
                "first_name": "Jianbin",
                "last_name": "Yu",
                "initials": "",
                "corresponding": "",
                "orcid": "",
                "current_organization_id": "",
                "researcher_id": "",
                "affiliations": [
                    {
                        "name": "Department of Nephrology, Blood Purifiction Center, People's Hospital of Zhongshan City, Zhongshan, Guangdong, China"
                    }
                ]
            },
            {
                "first_name": "Lixia",
                "last_name": "Xu",
                "initials": "",
                "corresponding": "",
                "orcid": "",
                "current_organization_id": "",
                "researcher_id": "",
                "affiliations": [
                    {
                        "name": "Department of Nephrology, Guangdong Provincial People's Hospital, Guangdong Academy of Medical Sciences, Guangzhou, Guangdong, China"
                    }
                ]
            },
            {
                "first_name": "Li",
                "last_name": "Zhang",
                "initials": "",
                "corresponding": "",
                "orcid": "",
                "current_organization_id": "",
                "researcher_id": "",
                "affiliations": [
                    {
                        "name": "Department of Nephrology, Guangdong Provincial People's Hospital, Guangdong Academy of Medical Sciences, Guangzhou, Guangdong, China"
                    }
                ]
            },
            {
                "first_name": "Zhuo",
                "last_name": "Li",
                "initials": "",
                "corresponding": "",
                "orcid": "",
                "current_organization_id": "",
                "researcher_id": "",
                "affiliations": [
                    {
                        "name": "Department of Nephrology, Guangdong Provincial People's Hospital, Guangdong Academy of Medical Sciences, Guangzhou, Guangdong, China"
                    }
                ]
            },
            {
                "first_name": "Jianchao",
                "last_name": "Ma",
                "initials": "",
                "corresponding": "",
                "orcid": "",
                "current_organization_id": "",
                "researcher_id": "",
                "affiliations": [
                    {
                        "name": "Department of Nephrology, Guangdong Provincial People's Hospital, Guangdong Academy of Medical Sciences, Guangzhou, Guangdong, China"
                    }
                ]
            },
            {
                "first_name": "Feng",
                "last_name": "Wen",
                "initials": "",
                "corresponding": "",
                "orcid": "",
                "current_organization_id": "",
                "researcher_id": "",
                "affiliations": [
                    {
                        "name": "Department of Nephrology, Guangdong Provincial People's Hospital, Guangdong Academy of Medical Sciences, Guangzhou, Guangdong, China"
                    }
                ]
            },
            {
                "first_name": "Zhonglin",
                "last_name": "Feng",
                "initials": "",
                "corresponding": "",
                "orcid": "",
                "current_organization_id": "",
                "researcher_id": "",
                "affiliations": [
                    {
                        "name": "Department of Nephrology, Guangdong Provincial People's Hospital, Guangdong Academy of Medical Sciences, Guangzhou, Guangdong, China"
                    }
                ]
            },
            {
                "first_name": "Xinling",
                "last_name": "Liang",
                "initials": "",
                "corresponding": "",
                "orcid": "",
                "current_organization_id": "",
                "researcher_id": "",
                "affiliations": [
                    {
                        "name": "Department of Nephrology, Guangdong Provincial People's Hospital, Guangdong Academy of Medical Sciences, Guangzhou, Guangdong, China"
                    }
                ]
            },
            {
                "first_name": "Wei",
                "last_name": "Shi",
                "initials": "",
                "corresponding": "",
                "orcid": "",
                "current_organization_id": "",
                "researcher_id": "",
                "affiliations": [
                    {
                        "name": "Department of Nephrology, Guangdong Provincial People's Hospital, Guangdong Academy of Medical Sciences, Guangzhou, Guangdong, China"
                    }
                ]
            },
            {
                "first_name": "Shuangxin",
                "last_name": "Liu",
                "initials": "",
                "corresponding": true,
                "orcid": "",
                "current_organization_id": "",
                "researcher_id": "",
                "affiliations": [
                    {
                        "name": "Department of Nephrology, Guangdong Provincial People's Hospital, Guangdong Academy of Medical Sciences, Guangzhou, Guangdong, China"
                    }
                ]
            }
        ]
    ],
    "doi": "10.1016/j.xkme.2020.03.001",
    "times_cited": 0,
    "references": [
        "pub.1042700169",
        "pub.1125042614",
        "pub.1005424791",
        "pub.1038116202",
        "pub.1124934550",
        "pub.1110594274",
        "pub.1053727262",
        "pub.1124290823",
        "pub.1025521476",
        "pub.1124654147",
        "pub.1047128751"
    ]
}