{
    "author_affiliations": [
        [
            {
                "first_name": "Weicheng",
                "last_name": "Liang",
                "initials": "",
                "corresponding": "",
                "orcid": "",
                "current_organization_id": "",
                "researcher_id": "",
                "affiliations": []
            },
            {
                "first_name": "Zhijie",
                "last_name": "Feng",
                "initials": "",
                "corresponding": "",
                "orcid": "",
                "current_organization_id": "",
                "researcher_id": "",
                "affiliations": []
            },
            {
                "first_name": "Shitao",
                "last_name": "Rao",
                "initials": "",
                "corresponding": "",
                "orcid": "",
                "current_organization_id": "",
                "researcher_id": "",
                "affiliations": []
            },
            {
                "first_name": "Cuicui",
                "last_name": "Xiao",
                "initials": "",
                "corresponding": "",
                "orcid": "",
                "current_organization_id": "",
                "researcher_id": "",
                "affiliations": []
            },
            {
                "first_name": "Zexiao",
                "last_name": "Lin",
                "initials": "",
                "corresponding": "",
                "orcid": "",
                "current_organization_id": "",
                "researcher_id": "",
                "affiliations": []
            },
            {
                "first_name": "Qi",
                "last_name": "Zhang",
                "initials": "",
                "corresponding": "",
                "orcid": "",
                "current_organization_id": "",
                "researcher_id": "",
                "affiliations": []
            },
            {
                "first_name": "Wei",
                "last_name": "Qi",
                "initials": "",
                "corresponding": "",
                "orcid": "",
                "current_organization_id": "",
                "researcher_id": "",
                "affiliations": []
            }
        ]
    ],
    "altmetric": 37.0,
    "FOR": [
        {
            "id": "3114",
            "name": "1108 Medical Microbiology"
        }
    ],
    "title": "Diarrhea may be underestimated: a missing link in 2019 novel coronavirus",
    "pages": "2020.02.03.20020289",
    "open_access": [
        "Open Access - all",
        "Open Access - publisher",
        "Open Access - published"
    ],
    "doi": "10.1101/2020.02.03.20020289",
    "times_cited": 0,
    "journal": {
        "id": "jour.1369542",
        "title": "medRxiv"
    },
    "year": 2020,
    "id": "pub.1124815244",
    "references": [
        "pub.1124289146",
        "pub.1124427336",
        "pub.1124228893",
        "pub.1124432156",
        "pub.1124290823",
        "pub.1124462502",
        "pub.1124295864",
        "pub.1124493753"
    ],
    "date": "2020-02-11",
    "type": "article"
}