{
    "volume": "30",
    "date": "2019-09-01",
    "title": "Emerging horizon for bat borne viral zoonoses",
    "researchers": [
        {
            "id": "ur.0706551613.64",
            "last_name": "Saikumar",
            "first_name": "Guttula",
            "research_orgs": [
                "grid.417990.2"
            ]
        }
    ],
    "pmcid": "PMC6864002",
    "altmetric": 1.0,
    "pages": "321-328",
    "research_org_cities": [
        {
            "id": 1264733,
            "name": "Lucknow"
        },
        {
            "id": 1277013,
            "name": "Bareilly"
        }
    ],
    "open_access": [
        "Open Access - all",
        "Open Access - publisher",
        "Open Access - published"
    ],
    "research_org_countries": [
        {
            "id": "IN",
            "name": "India"
        }
    ],
    "doi": "10.1007/s13337-019-00548-z",
    "FOR": [
        {
            "id": "3114",
            "name": "1108 Medical Microbiology"
        },
        {
            "id": "2634",
            "name": "0605 Microbiology"
        }
    ],
    "times_cited": 0,
    "research_orgs": [
        {
            "id": "grid.417990.2",
            "acronym": "IVRI",
            "state_name": "Uttar Pradesh",
            "types": [
                "Facility"
            ],
            "longitude": 79.43244,
            "linkout": [
                "http://ivri.nic.in/"
            ],
            "latitude": 28.394125,
            "name": "Indian Veterinary Research Institute",
            "city_name": "Bareilly",
            "country_name": "India"
        },
        {
            "id": "grid.417638.f",
            "acronym": "ITRC",
            "state_name": "Uttar Pradesh",
            "types": [
                "Facility"
            ],
            "longitude": 80.93047,
            "linkout": [
                "http://www.iitrindia.org/index.htm"
            ],
            "latitude": 26.859474,
            "name": "Indian Institute of Toxicology Research",
            "city_name": "Lucknow",
            "country_name": "India"
        }
    ],
    "pmid": "31803797",
    "research_org_country_names": [
        "India"
    ],
    "id": "pub.1122118352",
    "issue": "3",
    "journal": {
        "id": "jour.1049565",
        "title": "VirusDisease"
    },
    "year": 2019,
    "references": [
        "pub.1007404163",
        "pub.1004012944",
        "pub.1048952765",
        "pub.1021173200",
        "pub.1041828603",
        "pub.1016182338",
        "pub.1111232853",
        "pub.1045574558",
        "pub.1052546893",
        "pub.1040042577",
        "pub.1020313244",
        "pub.1083193420",
        "pub.1017799925",
        "pub.1043899420",
        "pub.1035609770",
        "pub.1060398547",
        "pub.1090380541",
        "pub.1036115110",
        "pub.1050115178",
        "pub.1007586225",
        "pub.1010980516",
        "pub.1048587384",
        "pub.1038638614",
        "pub.1030761308",
        "pub.1011304961",
        "pub.1027359925",
        "pub.1001597988",
        "pub.1020928455",
        "pub.1044691206",
        "pub.1022532767",
        "pub.1027019717",
        "pub.1034120984",
        "pub.1008933540",
        "pub.1012003408",
        "pub.1044550494",
        "pub.1053567363",
        "pub.1047418368",
        "pub.1034133812",
        "pub.1105677755",
        "pub.1043748061",
        "pub.1060390063",
        "pub.1048889897",
        "pub.1009309463",
        "pub.1010283319",
        "pub.1021155627",
        "pub.1000661795",
        "pub.1012471331",
        "pub.1026854113",
        "pub.1028864270",
        "pub.1017153068",
        "pub.1037320150",
        "pub.1080278698",
        "pub.1015262996",
        "pub.1084152954",
        "pub.1035993180",
        "pub.1022101826",
        "pub.1036732690",
        "pub.1092880111",
        "pub.1003821264",
        "pub.1047018872",
        "pub.1040416494",
        "pub.1083854087",
        "pub.1043875870",
        "pub.1052141565",
        "pub.1081283352",
        "pub.1014366227"
    ],
    "author_affiliations": [
        [
            {
                "first_name": "V.",
                "last_name": "Beena",
                "initials": "",
                "corresponding": true,
                "orcid": "",
                "current_organization_id": "",
                "researcher_id": "",
                "affiliations": [
                    {
                        "id": "grid.417638.f",
                        "name": "Indian Institute of Toxicology Research",
                        "city": "Lucknow",
                        "city_id": 1264733,
                        "country": "India",
                        "country_code": "IN",
                        "state": null,
                        "state_code": null
                    },
                    {
                        "id": "grid.417990.2",
                        "name": "Indian Veterinary Research Institute",
                        "city": "Bareilly",
                        "city_id": 1277013,
                        "country": "India",
                        "country_code": "IN",
                        "state": null,
                        "state_code": null
                    }
                ]
            },
            {
                "first_name": "G.",
                "last_name": "Saikumar",
                "initials": "",
                "corresponding": "",
                "orcid": "",
                "current_organization_id": "grid.417990.2",
                "researcher_id": "ur.0706551613.64",
                "affiliations": [
                    {
                        "id": "grid.417990.2",
                        "name": "Indian Veterinary Research Institute",
                        "city": "Bareilly",
                        "city_id": 1277013,
                        "country": "India",
                        "country_code": "IN",
                        "state": null,
                        "state_code": null
                    }
                ]
            }
        ]
    ],
    "type": "article"
}