{
    "author_affiliations": [
        [
            {
                "first_name": "Gerald Choon-Huat",
                "last_name": "Koh",
                "initials": "",
                "corresponding": true,
                "orcid": "",
                "current_organization_id": "",
                "researcher_id": "",
                "affiliations": [
                    {
                        "id": "grid.4280.e",
                        "name": "National University of Singapore",
                        "city": "Singapore",
                        "city_id": 1880252,
                        "country": "Singapore",
                        "country_code": "SG",
                        "state": null,
                        "state_code": null
                    }
                ]
            },
            {
                "first_name": "Helen",
                "last_name": "Hoenig",
                "initials": "",
                "corresponding": "",
                "orcid": "",
                "current_organization_id": "",
                "researcher_id": "",
                "affiliations": [
                    {
                        "id": "grid.414086.f",
                        "name": "Children's Hospital of Wisconsin",
                        "city": "Milwaukee",
                        "city_id": 5263045,
                        "country": "United States",
                        "country_code": "US",
                        "state": "Wisconsin",
                        "state_code": "US-WI"
                    }
                ]
            }
        ]
    ],
    "altmetric": 7.0,
    "FOR": [
        {
            "id": "3053",
            "name": "1103 Clinical Sciences"
        },
        {
            "id": "2634",
            "name": "0605 Microbiology"
        },
        {
            "id": "3114",
            "name": "1108 Medical Microbiology"
        }
    ],
    "research_org_countries": [
        {
            "id": "US",
            "name": "United States"
        },
        {
            "id": "SG",
            "name": "Singapore"
        }
    ],
    "title": "How Should the Rehabilitation Community Prepare for 2019-nCoV?",
    "research_org_cities": [
        {
            "id": 1880252,
            "name": "Singapore"
        },
        {
            "id": 5263045,
            "name": "Milwaukee"
        }
    ],
    "research_org_state_names": [
        "Wisconsin"
    ],
    "doi": "10.1016/j.apmr.2020.03.003",
    "times_cited": 0,
    "journal": {
        "id": "jour.1057222",
        "title": "Archives of Physical Medicine and Rehabilitation"
    },
    "year": 2020,
    "research_orgs": [
        {
            "id": "grid.414086.f",
            "name": "Children's Hospital of Wisconsin",
            "linkout": [
                "http://www.chw.org/"
            ],
            "country_name": "United States",
            "types": [
                "Healthcare"
            ],
            "latitude": 43.04241,
            "state_name": "Wisconsin",
            "city_name": "Milwaukee",
            "longitude": -88.024086
        },
        {
            "id": "grid.4280.e",
            "name": "National University of Singapore",
            "linkout": [
                "http://www.nus.edu.sg/"
            ],
            "country_name": "Singapore",
            "types": [
                "Education"
            ],
            "latitude": 1.295556,
            "acronym": "NUS",
            "city_name": "Singapore",
            "longitude": 103.776665
        }
    ],
    "id": "pub.1125675419",
    "references": [
        "pub.1125136779",
        "pub.1125125609"
    ],
    "research_org_country_names": [
        "Singapore",
        "United States"
    ],
    "date": "2020-03-01",
    "type": "article"
}