{
    "research_orgs": [
        {
            "id": "grid.43169.39",
            "linkout": [
                "http://en.xjtu.edu.cn/"
            ],
            "city_name": "Xi'an",
            "longitude": 108.979164,
            "acronym": "XJTU",
            "latitude": 34.247223,
            "name": "Xi'an Jiaotong University",
            "types": [
                "Education"
            ],
            "country_name": "China"
        }
    ],
    "research_org_country_names": [
        "China"
    ],
    "title": "Estimation of instant case fatality rate of COVID-19 in Wuhan and Hubei based on daily case notification data",
    "type": "article",
    "year": 2020,
    "journal": {
        "id": "jour.1369542",
        "title": "medRxiv"
    },
    "FOR": [
        {
            "id": "3177",
            "name": "1117 Public Health and Health Services"
        }
    ],
    "research_org_countries": [
        {
            "id": "CN",
            "name": "China"
        }
    ],
    "date": "2020-03-13",
    "altmetric": 3.0,
    "pages": "2020.03.11.20034215",
    "id": "pub.1125635725",
    "research_org_cities": [
        {
            "id": 1790630,
            "name": "Xi\u2019an"
        }
    ],
    "author_affiliations": [
        [
            {
                "first_name": "Lei",
                "last_name": "Cao",
                "initials": "",
                "corresponding": "",
                "orcid": "",
                "current_organization_id": "",
                "researcher_id": "",
                "affiliations": [
                    {
                        "id": "grid.43169.39",
                        "name": "Xi'an Jiaotong University",
                        "city": "Xi'an",
                        "city_id": 1790630,
                        "country": "China",
                        "country_code": "CN",
                        "state": null,
                        "state_code": null
                    }
                ]
            },
            {
                "first_name": "Ting-ting",
                "last_name": "Huang",
                "initials": "",
                "corresponding": "",
                "orcid": "",
                "current_organization_id": "",
                "researcher_id": "",
                "affiliations": [
                    {
                        "id": "grid.43169.39",
                        "name": "Xi'an Jiaotong University",
                        "city": "Xi'an",
                        "city_id": 1790630,
                        "country": "China",
                        "country_code": "CN",
                        "state": null,
                        "state_code": null
                    }
                ]
            },
            {
                "first_name": "Jun-xia",
                "last_name": "Zhang",
                "initials": "",
                "corresponding": "",
                "orcid": "",
                "current_organization_id": "",
                "researcher_id": "",
                "affiliations": [
                    {
                        "id": "grid.43169.39",
                        "name": "Xi'an Jiaotong University",
                        "city": "Xi'an",
                        "city_id": 1790630,
                        "country": "China",
                        "country_code": "CN",
                        "state": null,
                        "state_code": null
                    }
                ]
            },
            {
                "first_name": "Qi",
                "last_name": "Qin",
                "initials": "",
                "corresponding": "",
                "orcid": "",
                "current_organization_id": "",
                "researcher_id": "",
                "affiliations": [
                    {
                        "id": "grid.43169.39",
                        "name": "Xi'an Jiaotong University",
                        "city": "Xi'an",
                        "city_id": 1790630,
                        "country": "China",
                        "country_code": "CN",
                        "state": null,
                        "state_code": null
                    }
                ]
            },
            {
                "first_name": "Si-yu",
                "last_name": "Liu",
                "initials": "",
                "corresponding": "",
                "orcid": "",
                "current_organization_id": "",
                "researcher_id": "",
                "affiliations": [
                    {
                        "id": "grid.43169.39",
                        "name": "Xi'an Jiaotong University",
                        "city": "Xi'an",
                        "city_id": 1790630,
                        "country": "China",
                        "country_code": "CN",
                        "state": null,
                        "state_code": null
                    }
                ]
            },
            {
                "first_name": "Hui-min",
                "last_name": "Xue",
                "initials": "",
                "corresponding": "",
                "orcid": "",
                "current_organization_id": "",
                "researcher_id": "",
                "affiliations": [
                    {
                        "id": "grid.43169.39",
                        "name": "Xi'an Jiaotong University",
                        "city": "Xi'an",
                        "city_id": 1790630,
                        "country": "China",
                        "country_code": "CN",
                        "state": null,
                        "state_code": null
                    }
                ]
            },
            {
                "first_name": "Ya-xin",
                "last_name": "Gong",
                "initials": "",
                "corresponding": "",
                "orcid": "",
                "current_organization_id": "",
                "researcher_id": "",
                "affiliations": [
                    {
                        "id": "grid.43169.39",
                        "name": "Xi'an Jiaotong University",
                        "city": "Xi'an",
                        "city_id": 1790630,
                        "country": "China",
                        "country_code": "CN",
                        "state": null,
                        "state_code": null
                    }
                ]
            },
            {
                "first_name": "Chang-hua",
                "last_name": "Ning",
                "initials": "",
                "corresponding": "",
                "orcid": "",
                "current_organization_id": "",
                "researcher_id": "",
                "affiliations": [
                    {
                        "id": "grid.43169.39",
                        "name": "Xi'an Jiaotong University",
                        "city": "Xi'an",
                        "city_id": 1790630,
                        "country": "China",
                        "country_code": "CN",
                        "state": null,
                        "state_code": null
                    }
                ]
            },
            {
                "first_name": "Xiao-tong",
                "last_name": "Shen",
                "initials": "",
                "corresponding": "",
                "orcid": "",
                "current_organization_id": "",
                "researcher_id": "",
                "affiliations": [
                    {
                        "id": "grid.43169.39",
                        "name": "Xi'an Jiaotong University",
                        "city": "Xi'an",
                        "city_id": 1790630,
                        "country": "China",
                        "country_code": "CN",
                        "state": null,
                        "state_code": null
                    }
                ]
            },
            {
                "first_name": "Jia-xin",
                "last_name": "Yang",
                "initials": "",
                "corresponding": "",
                "orcid": "",
                "current_organization_id": "",
                "researcher_id": "",
                "affiliations": [
                    {
                        "id": "grid.43169.39",
                        "name": "Xi'an Jiaotong University",
                        "city": "Xi'an",
                        "city_id": 1790630,
                        "country": "China",
                        "country_code": "CN",
                        "state": null,
                        "state_code": null
                    }
                ]
            },
            {
                "first_name": "Yan-ni",
                "last_name": "Mi",
                "initials": "",
                "corresponding": "",
                "orcid": "",
                "current_organization_id": "",
                "researcher_id": "",
                "affiliations": [
                    {
                        "id": "grid.43169.39",
                        "name": "Xi'an Jiaotong University",
                        "city": "Xi'an",
                        "city_id": 1790630,
                        "country": "China",
                        "country_code": "CN",
                        "state": null,
                        "state_code": null
                    }
                ]
            },
            {
                "first_name": "Xue",
                "last_name": "Xiao",
                "initials": "",
                "corresponding": "",
                "orcid": "",
                "current_organization_id": "",
                "researcher_id": "",
                "affiliations": [
                    {
                        "id": "grid.43169.39",
                        "name": "Xi'an Jiaotong University",
                        "city": "Xi'an",
                        "city_id": 1790630,
                        "country": "China",
                        "country_code": "CN",
                        "state": null,
                        "state_code": null
                    }
                ]
            },
            {
                "first_name": "Yongxiao",
                "last_name": "Cao",
                "initials": "",
                "corresponding": "",
                "orcid": "",
                "current_organization_id": "",
                "researcher_id": "",
                "affiliations": [
                    {
                        "id": "grid.43169.39",
                        "name": "Xi'an Jiaotong University",
                        "city": "Xi'an",
                        "city_id": 1790630,
                        "country": "China",
                        "country_code": "CN",
                        "state": null,
                        "state_code": null
                    }
                ]
            }
        ]
    ],
    "doi": "10.1101/2020.03.11.20034215",
    "times_cited": 0,
    "references": [
        "pub.1124915310",
        "pub.1124460938",
        "pub.1124290823",
        "pub.1124654147",
        "pub.1124145721"
    ]
}