{
    "volume": "36",
    "date": "2016-01-02",
    "title": "Dynamics of avian coronavirus circulation in commercial and non-commercial birds in Asia \u2013 a review",
    "researchers": [
        {
            "id": "ur.01216075333.84",
            "last_name": "Promkuntod",
            "first_name": "Naruepol",
            "research_orgs": [
                "grid.5477.1",
                "grid.494092.2"
            ]
        }
    ],
    "pages": "30-44",
    "research_org_cities": [
        {
            "id": 1609350,
            "name": "Bangkok"
        }
    ],
    "open_access": [
        "Open Access - all",
        "Open Access - publisher",
        "Open Access - published"
    ],
    "research_org_countries": [
        {
            "id": "TH",
            "name": "Thailand"
        }
    ],
    "doi": "10.1080/01652176.2015.1126868",
    "FOR": [
        {
            "id": "3114",
            "name": "1108 Medical Microbiology"
        }
    ],
    "times_cited": 3,
    "research_orgs": [
        {
            "id": "grid.494092.2",
            "types": [
                "Government"
            ],
            "longitude": 100.53117,
            "linkout": [
                "http://www.dld.go.th/th/index.php/en/"
            ],
            "latitude": 13.818546,
            "name": "Department of Livestock Development",
            "city_name": "Bangkok",
            "country_name": "Thailand"
        }
    ],
    "pmid": "26629927",
    "research_org_country_names": [
        "Thailand"
    ],
    "id": "pub.1038829864",
    "issue": "1",
    "journal": {
        "id": "jour.1090356",
        "title": "Veterinary Quarterly"
    },
    "year": 2016,
    "references": [
        "pub.1004275318",
        "pub.1013181626",
        "pub.1043613340",
        "pub.1027608012",
        "pub.1003626175",
        "pub.1040872542",
        "pub.1018961853",
        "pub.1037659772",
        "pub.1040297973",
        "pub.1035415900",
        "pub.1031713240",
        "pub.1022111305",
        "pub.1006182634",
        "pub.1040323522",
        "pub.1043875870",
        "pub.1003775087",
        "pub.1042963125",
        "pub.1035544934",
        "pub.1025762019",
        "pub.1050946843",
        "pub.1015985807",
        "pub.1050031402",
        "pub.1028899227",
        "pub.1011314551",
        "pub.1042488331",
        "pub.1016588992",
        "pub.1048586844",
        "pub.1051444081",
        "pub.1052564254",
        "pub.1053158465",
        "pub.1011626271",
        "pub.1002985769",
        "pub.1045125545",
        "pub.1050829404",
        "pub.1019558674",
        "pub.1024639036",
        "pub.1009264180",
        "pub.1048824269",
        "pub.1005312444",
        "pub.1033681562",
        "pub.1069557200",
        "pub.1053444093",
        "pub.1020787020",
        "pub.1015392869",
        "pub.1053296660",
        "pub.1046530665",
        "pub.1010404284",
        "pub.1044816081",
        "pub.1031082106",
        "pub.1045876312",
        "pub.1045609124",
        "pub.1038480508",
        "pub.1060400602",
        "pub.1048370377",
        "pub.1077881030",
        "pub.1050686256",
        "pub.1051296990",
        "pub.1028548587",
        "pub.1039123315",
        "pub.1030668590",
        "pub.1050473154",
        "pub.1024590980",
        "pub.1047628673",
        "pub.1052813643",
        "pub.1051467035",
        "pub.1012369226",
        "pub.1049990018",
        "pub.1021123667",
        "pub.1031863086",
        "pub.1069559143",
        "pub.1007737855",
        "pub.1024353691",
        "pub.1067881940",
        "pub.1017864628",
        "pub.1025208433",
        "pub.1044383792",
        "pub.1017097734",
        "pub.1070763826",
        "pub.1007703057",
        "pub.1047660363",
        "pub.1038877494",
        "pub.1034470709"
    ],
    "relative_citation_ratio": 0.6,
    "author_affiliations": [
        [
            {
                "first_name": "Naruepol",
                "last_name": "Promkuntod",
                "initials": "",
                "corresponding": "",
                "orcid": "",
                "current_organization_id": "grid.494092.2",
                "researcher_id": "ur.01216075333.84",
                "affiliations": [
                    {
                        "id": "grid.494092.2",
                        "name": "Department of Livestock Development",
                        "city": "Bangkok",
                        "city_id": 1609350,
                        "country": "Thailand",
                        "country_code": "TH",
                        "state": null,
                        "state_code": null
                    }
                ]
            }
        ]
    ],
    "type": "article"
}