{
    "research_orgs": [
        {
            "id": "grid.429721.b",
            "linkout": [
                "http://nepalcancerhospital.com/"
            ],
            "city_name": "Patan",
            "longitude": 85.33899,
            "acronym": "NCHRC",
            "latitude": 27.643744,
            "name": "Nepal Cancer Hospital and Research Center",
            "types": [
                "Healthcare"
            ],
            "country_name": "Nepal"
        },
        {
            "id": "grid.440425.3",
            "linkout": [
                "https://www.monash.edu.my/"
            ],
            "city_name": "Kuala Selangor",
            "longitude": 101.60094,
            "latitude": 3.066254,
            "name": "Monash University Malaysia",
            "types": [
                "Education"
            ],
            "country_name": "Malaysia"
        },
        {
            "id": "grid.80817.36",
            "linkout": [
                "http://tribhuvan-university.edu.np/"
            ],
            "city_name": "Kathmandu",
            "longitude": 85.28646,
            "acronym": "TU",
            "latitude": 27.68184,
            "name": "Tribhuvan University",
            "types": [
                "Education"
            ],
            "country_name": "Nepal"
        }
    ],
    "research_org_country_names": [
        "Nepal",
        "Malaysia"
    ],
    "pmid": "32159805",
    "title": "Nepal\u2019s First Case of COVID-19 and public health response",
    "type": "article",
    "year": 2020,
    "journal": {
        "id": "jour.1327390",
        "title": "Tree Physiology"
    },
    "research_org_countries": [
        {
            "id": "NP",
            "name": "Nepal"
        },
        {
            "id": "MY",
            "name": "Malaysia"
        }
    ],
    "date": "2020-03-03",
    "altmetric": 4.0,
    "id": "pub.1125374695",
    "research_org_cities": [
        {
            "id": 1283240,
            "name": "Kathmandu"
        },
        {
            "id": 1282931,
            "name": "P\u0101tan"
        },
        {
            "id": 1732891,
            "name": "Kuala Selangor"
        }
    ],
    "author_affiliations": [
        [
            {
                "first_name": "Ranish",
                "last_name": "Shrestha",
                "initials": "",
                "corresponding": "",
                "orcid": "",
                "current_organization_id": "",
                "researcher_id": "",
                "affiliations": [
                    {
                        "id": "grid.429721.b",
                        "name": "Nepal Cancer Hospital and Research Center",
                        "city": "Patan",
                        "city_id": 1282931,
                        "country": "Nepal",
                        "country_code": "NP",
                        "state": null,
                        "state_code": null
                    }
                ]
            },
            {
                "first_name": "Sunil",
                "last_name": "Shrestha",
                "initials": "",
                "corresponding": "",
                "orcid": "",
                "current_organization_id": "",
                "researcher_id": "",
                "affiliations": [
                    {
                        "id": "grid.429721.b",
                        "name": "Nepal Cancer Hospital and Research Center",
                        "city": "Patan",
                        "city_id": 1282931,
                        "country": "Nepal",
                        "country_code": "NP",
                        "state": null,
                        "state_code": null
                    },
                    {
                        "name": "Department of Pharmaceutical and Health Service Research, Nepal Health Research and Innovation Foundation, Lalitpur, Nepal"
                    }
                ]
            },
            {
                "first_name": "Pratik",
                "last_name": "Khanal",
                "initials": "",
                "corresponding": "",
                "orcid": "",
                "current_organization_id": "",
                "researcher_id": "",
                "affiliations": [
                    {
                        "id": "grid.80817.36",
                        "name": "Tribhuvan University",
                        "city": "Kathmandu",
                        "city_id": 1283240,
                        "country": "Nepal",
                        "country_code": "NP",
                        "state": null,
                        "state_code": null
                    }
                ]
            },
            {
                "first_name": "K C",
                "last_name": "Bhuvan",
                "initials": "",
                "corresponding": "",
                "orcid": "",
                "current_organization_id": "",
                "researcher_id": "",
                "affiliations": [
                    {
                        "id": "grid.440425.3",
                        "name": "Monash University Malaysia",
                        "city": "Kuala Selangor",
                        "city_id": 1732891,
                        "country": "Malaysia",
                        "country_code": "MY",
                        "state": null,
                        "state_code": null
                    }
                ]
            }
        ]
    ],
    "doi": "10.1093/treephys/tpaa024",
    "times_cited": 0,
    "references": [
        "pub.1103362490",
        "pub.1124793183",
        "pub.1124320184",
        "pub.1124705629"
    ]
}