{
    "research_orgs": [
        {
            "id": "grid.454892.6",
            "linkout": [
                "http://www.caas.cn/en/administration/research_institutes/research_institutes_out_beijing/gansu_lanzhou/77942.shtml"
            ],
            "city_name": "Lanzhou",
            "longitude": 103.710205,
            "acronym": "LVRI",
            "latitude": 36.20891,
            "name": "Lanzhou Institute of Veterinary Research",
            "types": [
                "Facility"
            ],
            "country_name": "China"
        }
    ],
    "research_org_country_names": [
        "China"
    ],
    "pmid": "30530223",
    "funders": [
        {
            "id": "grid.419696.5",
            "linkout": [
                "http://www.nsfc.gov.cn/publish/portal1/"
            ],
            "city_name": "Beijing",
            "longitude": 116.33983,
            "acronym": "NSFC",
            "latitude": 40.005177,
            "name": "National Natural Science Foundation of China",
            "types": [
                "Government"
            ],
            "country_name": "China"
        },
        {
            "id": "grid.410727.7",
            "linkout": [
                "http://www.caas.cn/en/"
            ],
            "city_name": "Beijing",
            "longitude": 116.327896,
            "acronym": "CAAS",
            "latitude": 39.958237,
            "name": "Chinese Academy of Agricultural Sciences",
            "types": [
                "Government"
            ],
            "country_name": "China"
        },
        {
            "id": "grid.424020.0",
            "linkout": [
                "http://www.most.gov.cn/eng/"
            ],
            "city_name": "Beijing",
            "longitude": 116.316284,
            "acronym": "MOST",
            "latitude": 39.827835,
            "name": "Ministry of Science and Technology of the People's Republic of China",
            "types": [
                "Government"
            ],
            "country_name": "China"
        }
    ],
    "title": "Profile analysis of circRNAs induced by porcine endemic diarrhea virus infection in porcine intestinal epithelial cells",
    "type": "article",
    "year": 2019,
    "journal": {
        "id": "jour.1007902",
        "title": "Virology"
    },
    "researchers": [
        {
            "id": "ur.010246662113.62",
            "research_orgs": [
                "grid.454892.6"
            ],
            "first_name": "Jianing",
            "last_name": "Chen"
        },
        {
            "id": "ur.012536513227.07",
            "research_orgs": [
                "grid.454892.6"
            ],
            "first_name": "Haiwen",
            "last_name": "Wang"
        },
        {
            "id": "ur.014131454227.17",
            "research_orgs": [
                "grid.454892.6"
            ],
            "first_name": "Li",
            "last_name": "Jin"
        },
        {
            "id": "ur.07616724427.33",
            "research_orgs": [
                "grid.413251.0",
                "grid.454892.6"
            ],
            "first_name": "Xin",
            "last_name": "Huang"
        },
        {
            "id": "ur.011211665427.46",
            "research_orgs": [
                "grid.454892.6"
            ],
            "first_name": "Wenwen",
            "last_name": "Chen"
        },
        {
            "id": "ur.012604626427.07",
            "research_orgs": [
                "grid.454892.6"
            ],
            "first_name": "Miaomiao",
            "last_name": "Yan"
        },
        {
            "id": "ur.01302322117.48",
            "research_orgs": [
                "grid.413251.0",
                "grid.454892.6",
                "grid.410727.7",
                "grid.38587.31"
            ],
            "first_name": "Guangliang",
            "last_name": "Liu"
        }
    ],
    "FOR": [
        {
            "id": "3114",
            "name": "1108 Medical Microbiology"
        },
        {
            "id": "2620",
            "name": "0604 Genetics"
        }
    ],
    "research_org_countries": [
        {
            "id": "CN",
            "name": "China"
        }
    ],
    "date": "2019-01-01",
    "pages": "169-179",
    "id": "pub.1110399979",
    "volume": "527",
    "issue": "Genome Biol. 11 2010",
    "research_org_cities": [
        {
            "id": 1804430,
            "name": "Lanzhou"
        }
    ],
    "open_access": [
        "Open Access - all",
        "Open Access - publisher",
        "Open Access - published"
    ],
    "author_affiliations": [
        [
            {
                "first_name": "Jianing",
                "last_name": "Chen",
                "initials": "",
                "corresponding": "",
                "orcid": "",
                "current_organization_id": "grid.454892.6",
                "researcher_id": "ur.010246662113.62",
                "affiliations": [
                    {
                        "id": "grid.454892.6",
                        "name": "Lanzhou Institute of Veterinary Research",
                        "city": "Lanzhou",
                        "city_id": 1804430,
                        "country": "China",
                        "country_code": "CN",
                        "state": null,
                        "state_code": null
                    }
                ]
            },
            {
                "first_name": "Haiwen",
                "last_name": "Wang",
                "initials": "",
                "corresponding": "",
                "orcid": "",
                "current_organization_id": "grid.454892.6",
                "researcher_id": "ur.012536513227.07",
                "affiliations": [
                    {
                        "id": "grid.454892.6",
                        "name": "Lanzhou Institute of Veterinary Research",
                        "city": "Lanzhou",
                        "city_id": 1804430,
                        "country": "China",
                        "country_code": "CN",
                        "state": null,
                        "state_code": null
                    }
                ]
            },
            {
                "first_name": "Li",
                "last_name": "Jin",
                "initials": "",
                "corresponding": "",
                "orcid": "",
                "current_organization_id": "grid.454892.6",
                "researcher_id": "ur.014131454227.17",
                "affiliations": [
                    {
                        "id": "grid.454892.6",
                        "name": "Lanzhou Institute of Veterinary Research",
                        "city": "Lanzhou",
                        "city_id": 1804430,
                        "country": "China",
                        "country_code": "CN",
                        "state": null,
                        "state_code": null
                    }
                ]
            },
            {
                "first_name": "Liyuan",
                "last_name": "Wang",
                "initials": "",
                "corresponding": "",
                "orcid": "",
                "current_organization_id": "",
                "researcher_id": "",
                "affiliations": [
                    {
                        "id": "grid.454892.6",
                        "name": "Lanzhou Institute of Veterinary Research",
                        "city": "Lanzhou",
                        "city_id": 1804430,
                        "country": "China",
                        "country_code": "CN",
                        "state": null,
                        "state_code": null
                    }
                ]
            },
            {
                "first_name": "Xin",
                "last_name": "Huang",
                "initials": "",
                "corresponding": "",
                "orcid": "",
                "current_organization_id": "grid.454892.6",
                "researcher_id": "ur.07616724427.33",
                "affiliations": [
                    {
                        "id": "grid.454892.6",
                        "name": "Lanzhou Institute of Veterinary Research",
                        "city": "Lanzhou",
                        "city_id": 1804430,
                        "country": "China",
                        "country_code": "CN",
                        "state": null,
                        "state_code": null
                    }
                ]
            },
            {
                "first_name": "Wenwen",
                "last_name": "Chen",
                "initials": "",
                "corresponding": "",
                "orcid": "",
                "current_organization_id": "grid.454892.6",
                "researcher_id": "ur.011211665427.46",
                "affiliations": [
                    {
                        "id": "grid.454892.6",
                        "name": "Lanzhou Institute of Veterinary Research",
                        "city": "Lanzhou",
                        "city_id": 1804430,
                        "country": "China",
                        "country_code": "CN",
                        "state": null,
                        "state_code": null
                    }
                ]
            },
            {
                "first_name": "Miaomiao",
                "last_name": "Yan",
                "initials": "",
                "corresponding": "",
                "orcid": "",
                "current_organization_id": "grid.454892.6",
                "researcher_id": "ur.012604626427.07",
                "affiliations": [
                    {
                        "id": "grid.454892.6",
                        "name": "Lanzhou Institute of Veterinary Research",
                        "city": "Lanzhou",
                        "city_id": 1804430,
                        "country": "China",
                        "country_code": "CN",
                        "state": null,
                        "state_code": null
                    }
                ]
            },
            {
                "first_name": "Guangliang",
                "last_name": "Liu",
                "initials": "",
                "corresponding": true,
                "orcid": "",
                "current_organization_id": "grid.454892.6",
                "researcher_id": "ur.01302322117.48",
                "affiliations": [
                    {
                        "id": "grid.454892.6",
                        "name": "Lanzhou Institute of Veterinary Research",
                        "city": "Lanzhou",
                        "city_id": 1804430,
                        "country": "China",
                        "country_code": "CN",
                        "state": null,
                        "state_code": null
                    }
                ]
            }
        ]
    ],
    "doi": "10.1016/j.virol.2018.11.014",
    "times_cited": 2,
    "references": [
        "pub.1013941688",
        "pub.1013852035",
        "pub.1004731281",
        "pub.1024668923",
        "pub.1032812974",
        "pub.1030680645",
        "pub.1012349254",
        "pub.1037536567",
        "pub.1084166912",
        "pub.1008598309",
        "pub.1010579597",
        "pub.1006541515",
        "pub.1032913189",
        "pub.1011638925",
        "pub.1024254679",
        "pub.1084096570",
        "pub.1008383277",
        "pub.1009443360",
        "pub.1015010966",
        "pub.1045919715",
        "pub.1084230787",
        "pub.1072288739",
        "pub.1031289083",
        "pub.1026654301",
        "pub.1025616990",
        "pub.1092146869",
        "pub.1060399338",
        "pub.1041599027",
        "pub.1031591608",
        "pub.1016655916",
        "pub.1015704176",
        "pub.1004715472",
        "pub.1050833467",
        "pub.1079087127",
        "pub.1010834438",
        "pub.1001956996",
        "pub.1092826235",
        "pub.1042633533",
        "pub.1012100318",
        "pub.1002676313",
        "pub.1008069617",
        "pub.1001749361",
        "pub.1016370264",
        "pub.1002576904",
        "pub.1011317753",
        "pub.1051099752",
        "pub.1040199451",
        "pub.1093100816",
        "pub.1085320809",
        "pub.1008604860",
        "pub.1090966640",
        "pub.1034341236",
        "pub.1035989339",
        "pub.1045402039",
        "pub.1084127934",
        "pub.1021092248",
        "pub.1084373553",
        "pub.1078839304",
        "pub.1092098991",
        "pub.1052744398",
        "pub.1092400370",
        "pub.1041696713",
        "pub.1090944204"
    ]
}