{
    "pmid": "27062985",
    "author_affiliations": [
        [
            {
                "first_name": "Stanley",
                "last_name": "Perlman",
                "initials": "",
                "corresponding": true,
                "orcid": "['0000-0003-4213-2354']",
                "current_organization_id": "grid.214572.7",
                "researcher_id": "ur.01307305176.50",
                "affiliations": [
                    {
                        "id": "grid.214572.7",
                        "name": "University of Iowa",
                        "city": "Iowa City",
                        "city_id": 4862034,
                        "country": "United States",
                        "country_code": "US",
                        "state": "Iowa",
                        "state_code": "US-IA"
                    }
                ]
            },
            {
                "first_name": "Rahul",
                "last_name": "Vijay",
                "initials": "",
                "corresponding": "",
                "orcid": "",
                "current_organization_id": "grid.214572.7",
                "researcher_id": "ur.01021544455.19",
                "affiliations": [
                    {
                        "id": "grid.214572.7",
                        "name": "University of Iowa",
                        "city": "Iowa City",
                        "city_id": 4862034,
                        "country": "United States",
                        "country_code": "US",
                        "state": "Iowa",
                        "state_code": "US-IA"
                    }
                ]
            }
        ]
    ],
    "altmetric": 4.0,
    "FOR": [
        {
            "id": "3114",
            "name": "1108 Medical Microbiology"
        },
        {
            "id": "3103",
            "name": "1107 Immunology"
        }
    ],
    "research_org_countries": [
        {
            "id": "US",
            "name": "United States"
        }
    ],
    "title": "Middle East respiratory syndrome vaccines",
    "research_org_cities": [
        {
            "id": 4862034,
            "name": "Iowa City"
        }
    ],
    "pages": "23-28",
    "research_org_state_names": [
        "Iowa"
    ],
    "open_access": [
        "Open Access - all",
        "Open Access - publisher",
        "Open Access - published"
    ],
    "doi": "10.1016/j.ijid.2016.04.008",
    "times_cited": 12,
    "journal": {
        "id": "jour.1115751",
        "title": "International Journal of Infectious Diseases"
    },
    "funders": [
        {
            "id": "grid.419681.3",
            "name": "National Institute of Allergy and Infectious Diseases",
            "linkout": [
                "http://www.niaid.nih.gov/Pages/default.aspx"
            ],
            "country_name": "United States",
            "types": [
                "Facility"
            ],
            "latitude": 39.066647,
            "acronym": "NIAID",
            "state_name": "Maryland",
            "city_name": "Bethesda",
            "longitude": -77.11183
        }
    ],
    "year": 2016,
    "research_orgs": [
        {
            "id": "grid.214572.7",
            "name": "University of Iowa",
            "linkout": [
                "http://www.uiowa.edu/"
            ],
            "country_name": "United States",
            "types": [
                "Education"
            ],
            "latitude": 41.662952,
            "acronym": "UI",
            "state_name": "Iowa",
            "city_name": "Iowa City",
            "longitude": -91.554924
        }
    ],
    "id": "pub.1014875337",
    "references": [
        "pub.1001567590",
        "pub.1037638904",
        "pub.1052843891",
        "pub.1013624745",
        "pub.1047105628",
        "pub.1031642357",
        "pub.1049602997",
        "pub.1077519582",
        "pub.1001864300",
        "pub.1078409596",
        "pub.1014964158",
        "pub.1074984127",
        "pub.1041097208",
        "pub.1041131426",
        "pub.1035639368",
        "pub.1037705344",
        "pub.1039030138",
        "pub.1041458087",
        "pub.1077586898",
        "pub.1038460005",
        "pub.1078397160",
        "pub.1010347116",
        "pub.1031663641",
        "pub.1047516530",
        "pub.1001141497",
        "pub.1037022380",
        "pub.1009617803",
        "pub.1039206205",
        "pub.1025520659",
        "pub.1078392212",
        "pub.1077244630",
        "pub.1004964631",
        "pub.1020712778",
        "pub.1060400717",
        "pub.1035742300",
        "pub.1025668909",
        "pub.1000767164",
        "pub.1008217409",
        "pub.1027420604",
        "pub.1041128450",
        "pub.1004988578",
        "pub.1049219729",
        "pub.1028475089",
        "pub.1042213744",
        "pub.1039199327",
        "pub.1000039839",
        "pub.1014899288",
        "pub.1074679028",
        "pub.1015222376",
        "pub.1001392822",
        "pub.1015744540",
        "pub.1028515842",
        "pub.1028538463",
        "pub.1012990174",
        "pub.1046031242",
        "pub.1036342386",
        "pub.1020228771",
        "pub.1025220744",
        "pub.1077798863",
        "pub.1049744593",
        "pub.1060400219",
        "pub.1014190442",
        "pub.1008442269",
        "pub.1018160589",
        "pub.1024782211",
        "pub.1021594788",
        "pub.1001727238",
        "pub.1054796241",
        "pub.1034803318",
        "pub.1048791210",
        "pub.1009143233",
        "pub.1042815623",
        "pub.1006352255",
        "pub.1053896896",
        "pub.1062688858",
        "pub.1023347100",
        "pub.1043875870",
        "pub.1047438559",
        "pub.1011935338"
    ],
    "research_org_country_names": [
        "United States"
    ],
    "date": "2016-06-01",
    "research_org_state_codes": [
        {
            "id": "US-IA",
            "name": "Iowa"
        }
    ],
    "researchers": [
        {
            "id": "ur.01307305176.50",
            "research_orgs": [
                "grid.4305.2",
                "grid.116068.8",
                "grid.470124.4",
                "grid.504449.8",
                "grid.412584.e",
                "grid.214572.7",
                "grid.253264.4",
                "grid.267308.8"
            ],
            "last_name": "Perlman",
            "first_name": "Stanley M",
            "orcid_id": [
                "0000-0003-4213-2354"
            ]
        },
        {
            "id": "ur.01021544455.19",
            "research_orgs": [
                "grid.214572.7"
            ],
            "last_name": "Vijay",
            "first_name": "Rahul"
        }
    ],
    "relative_citation_ratio": 1.0,
    "type": "article",
    "volume": "47",
    "pmcid": "PMC4969153"
}