{
    "volume": "351",
    "date": "2016-01-01",
    "title": "Co-circulation of three camel coronavirus species and recombination of MERS-CoVs in Saudi Arabia",
    "researchers": [
        {
            "id": "ur.0672346046.64",
            "last_name": "Sabir",
            "first_name": "Jamal Sabir Mohamed",
            "research_orgs": [
                "grid.412125.1"
            ]
        },
        {
            "id": "ur.01061731053.15",
            "last_name": "Lam",
            "first_name": "Tommy Tsan-Yuk",
            "orcid_id": [
                "0000-0002-9769-1527"
            ],
            "research_orgs": [
                "grid.4991.5",
                "grid.29857.31",
                "grid.411679.c",
                "grid.194645.b",
                "grid.4305.2",
                "grid.83440.3b",
                "grid.412433.3",
                "grid.263451.7",
                "grid.410741.7",
                "grid.419597.7"
            ]
        },
        {
            "id": "ur.0600356675.20",
            "last_name": "Ahmed",
            "first_name": "Mohamed Morsi Mohamed",
            "research_orgs": [
                "grid.412125.1"
            ]
        },
        {
            "id": "ur.01175645717.03",
            "last_name": "Li",
            "first_name": "Lifeng",
            "research_orgs": [
                "grid.194645.b",
                "grid.410741.7",
                "grid.263451.7",
                "grid.411679.c"
            ]
        },
        {
            "id": "ur.01122703556.23",
            "last_name": "Shen",
            "first_name": "Yongyi",
            "orcid_id": [
                "0000-0001-7660-5522"
            ],
            "research_orgs": [
                "grid.263451.7",
                "grid.411679.c",
                "grid.20561.30",
                "grid.419010.d",
                "grid.12955.3a",
                "grid.194645.b",
                "grid.410726.6"
            ]
        },
        {
            "id": "ur.0637065172.94",
            "last_name": "Abo-Aba",
            "first_name": "Salah E M",
            "research_orgs": [
                "grid.412125.1",
                "grid.419725.c"
            ]
        },
        {
            "id": "ur.01053010146.10",
            "last_name": "Zhang",
            "first_name": "Yu",
            "research_orgs": [
                "grid.464317.3",
                "grid.263451.7",
                "grid.411679.c",
                "grid.410741.7",
                "grid.194645.b",
                "grid.484195.5"
            ]
        },
        {
            "id": "ur.0656743661.43",
            "last_name": "Khiyami",
            "first_name": "Mohammad Ahmed",
            "research_orgs": [
                "grid.56302.32",
                "grid.34421.30",
                "grid.452562.2"
            ]
        },
        {
            "id": "ur.01041305461.55",
            "last_name": "Alharbi",
            "first_name": "Njud S",
            "orcid_id": [
                "0000-0002-4259-3364"
            ],
            "research_orgs": [
                "grid.497420.c",
                "grid.412621.2",
                "grid.412125.1"
            ]
        },
        {
            "id": "ur.01210205355.97",
            "last_name": "Hajrah",
            "first_name": "Nahid Hassan",
            "research_orgs": [
                "grid.412125.1"
            ]
        },
        {
            "id": "ur.0672416536.97",
            "last_name": "Sabir",
            "first_name": "Meshaal J S M",
            "research_orgs": [
                "grid.412125.1"
            ]
        },
        {
            "id": "ur.01125207334.08",
            "last_name": "Mutwakil",
            "first_name": "Mohammed H Z",
            "research_orgs": [
                "grid.412125.1"
            ]
        },
        {
            "id": "ur.01024554705.03",
            "last_name": "Kabli",
            "first_name": "Saleh Abdullah Ali",
            "research_orgs": [
                "grid.412125.1"
            ]
        },
        {
            "id": "ur.01261060467.55",
            "last_name": "Obaid",
            "first_name": "Abdullah Yousif",
            "research_orgs": [
                "grid.33763.32",
                "grid.412125.1",
                "grid.411662.6"
            ]
        },
        {
            "id": "ur.0702630507.52",
            "last_name": "Zhou",
            "first_name": "Bo-Ping",
            "research_orgs": [
                "grid.412558.f",
                "grid.440218.b",
                "grid.12981.33",
                "grid.49470.3e",
                "grid.24696.3f",
                "grid.410560.6",
                "grid.410741.7",
                "grid.419897.a",
                "grid.412632.0"
            ]
        },
        {
            "id": "ur.01105631312.25",
            "last_name": "Smith",
            "first_name": "David Keith",
            "research_orgs": [
                "grid.419082.6",
                "grid.24515.37",
                "grid.411679.c",
                "grid.410741.7",
                "grid.45202.31",
                "grid.194645.b"
            ]
        },
        {
            "id": "ur.012501436222.04",
            "last_name": "Holmes",
            "first_name": "Edward Charles",
            "orcid_id": [
                "0000-0001-9596-3552"
            ],
            "research_orgs": [
                "grid.1024.7",
                "grid.5515.4",
                "grid.4305.2",
                "grid.4991.5",
                "grid.1002.3",
                "grid.13402.34",
                "grid.492989.7",
                "grid.7445.2",
                "grid.5386.8",
                "grid.420089.7",
                "grid.8547.e",
                "grid.7143.1",
                "grid.6203.7",
                "grid.94365.3d",
                "grid.453035.4",
                "grid.176731.5",
                "grid.1011.1",
                "grid.266100.3",
                "grid.198530.6",
                "grid.12082.39",
                "grid.29857.31",
                "grid.5335.0",
                "grid.425213.3",
                "grid.490687.4",
                "grid.413322.5",
                "grid.1013.3"
            ]
        },
        {
            "id": "ur.07371066157.25",
            "last_name": "Zhu",
            "first_name": "Huachen Maria",
            "orcid_id": [
                "0000-0003-2711-0501"
            ],
            "research_orgs": [
                "grid.194645.b",
                "grid.5645.2",
                "grid.12981.33",
                "grid.7445.2",
                "grid.416738.f",
                "grid.410741.7",
                "grid.39158.36",
                "grid.411679.c",
                "grid.198530.6",
                "grid.263451.7",
                "grid.240871.8"
            ]
        },
        {
            "id": "ur.0726247752.75",
            "last_name": "Guan",
            "first_name": "Yanfang",
            "orcid_id": [
                "0000-0001-6057-9243"
            ],
            "research_orgs": [
                "grid.256607.0",
                "grid.415550.0",
                "grid.411978.2",
                "grid.83440.3b",
                "grid.419082.6",
                "grid.7445.2",
                "grid.4991.5",
                "grid.194645.b",
                "grid.494092.2",
                "grid.263451.7",
                "grid.45202.31",
                "grid.411679.c",
                "grid.12955.3a",
                "grid.417037.6",
                "grid.415115.5",
                "grid.410741.7",
                "grid.419725.c",
                "grid.198530.6",
                "grid.469595.2",
                "grid.240871.8",
                "grid.414273.7",
                "grid.412140.2",
                "grid.411292.d",
                "grid.412125.1",
                "grid.413433.2",
                "grid.4305.2",
                "grid.221309.b",
                "grid.64924.3d"
            ]
        }
    ],
    "research_org_state_codes": [
        {
            "id": "AU-NSW",
            "name": "New South Wales"
        }
    ],
    "altmetric": 168.0,
    "pages": "81-84",
    "research_org_cities": [
        {
            "id": 361058,
            "name": "Alexandria"
        },
        {
            "id": 2147714,
            "name": "Sydney"
        },
        {
            "id": 1795940,
            "name": "Shantou"
        },
        {
            "id": 1795565,
            "name": "Shenzhen"
        },
        {
            "id": 1819729,
            "name": "Hong Kong"
        },
        {
            "id": 360630,
            "name": "Cairo"
        },
        {
            "id": 108410,
            "name": "Riyadh"
        },
        {
            "id": 105343,
            "name": "Jeddah"
        }
    ],
    "open_access": [
        "Open Access - all",
        "Open Access - publisher",
        "Open Access - published"
    ],
    "research_org_countries": [
        {
            "id": "EG",
            "name": "Egypt"
        },
        {
            "id": "CN",
            "name": "China"
        },
        {
            "id": "AU",
            "name": "Australia"
        },
        {
            "id": "SA",
            "name": "Saudi Arabia"
        }
    ],
    "doi": "10.1126/science.aac8608",
    "FOR": [
        {
            "id": "3114",
            "name": "1108 Medical Microbiology"
        },
        {
            "id": "2620",
            "name": "0604 Genetics"
        }
    ],
    "times_cited": 132,
    "research_orgs": [
        {
            "id": "grid.412125.1",
            "acronym": "KAU",
            "types": [
                "Education"
            ],
            "longitude": 39.25028,
            "linkout": [
                "http://www.kau.edu.sa/home_english.aspx"
            ],
            "latitude": 21.493889,
            "name": "King Abdulaziz University",
            "city_name": "Jeddah",
            "country_name": "Saudi Arabia"
        },
        {
            "id": "grid.419725.c",
            "acronym": "NRC",
            "types": [
                "Facility"
            ],
            "longitude": 31.205029,
            "linkout": [
                "http://www.nrc.sci.eg/nrc/#.VdrDXrKqqko"
            ],
            "latitude": 30.035873,
            "name": "National Research Centre",
            "city_name": "Cairo",
            "country_name": "Egypt"
        },
        {
            "id": "grid.410741.7",
            "types": [
                "Healthcare"
            ],
            "longitude": 114.12975,
            "latitude": 22.639061,
            "name": "Shenzhen Third People\u2019s Hospital",
            "city_name": "Shenzhen",
            "country_name": "China"
        },
        {
            "id": "grid.263451.7",
            "acronym": "STU",
            "state_name": "Guangdong",
            "types": [
                "Education"
            ],
            "longitude": 116.63992,
            "linkout": [
                "http://english.stu.edu.cn/info/"
            ],
            "latitude": 23.41107,
            "name": "Shantou University",
            "city_name": "Shantou",
            "country_name": "China"
        },
        {
            "id": "grid.194645.b",
            "acronym": "HKU",
            "state_name": "Hong Kong",
            "types": [
                "Education"
            ],
            "longitude": 114.13708,
            "linkout": [
                "http://www.hku.hk/"
            ],
            "latitude": 22.283287,
            "name": "University of Hong Kong",
            "city_name": "Hong Kong",
            "country_name": "China"
        },
        {
            "id": "grid.452562.2",
            "acronym": "KACST",
            "types": [
                "Facility"
            ],
            "longitude": 46.630486,
            "linkout": [
                "http://www.kacst.edu.sa/"
            ],
            "latitude": 25.005444,
            "name": "King Abdulaziz City for Science and Technology",
            "city_name": "Riyadh",
            "country_name": "Saudi Arabia"
        },
        {
            "id": "grid.1013.3",
            "acronym": "USYD",
            "state_name": "New South Wales",
            "types": [
                "Education"
            ],
            "longitude": 151.1873,
            "linkout": [
                "http://sydney.edu.au/"
            ],
            "latitude": -33.88858,
            "name": "University of Sydney",
            "city_name": "Sydney",
            "country_name": "Australia"
        }
    ],
    "pmid": "26678874",
    "funders": [
        {
            "id": "grid.431143.0",
            "acronym": "NHMRC",
            "state_name": "Australian Capital Territory",
            "types": [
                "Government"
            ],
            "longitude": 149.12373,
            "linkout": [
                "https://www.nhmrc.gov.au/"
            ],
            "latitude": -35.28124,
            "name": "National Health and Medical Research Council",
            "city_name": "Canberra",
            "country_name": "Australia"
        }
    ],
    "research_org_country_names": [
        "Saudi Arabia",
        "Australia",
        "China",
        "Egypt"
    ],
    "id": "pub.1008217409",
    "issue": "6268",
    "journal": {
        "id": "jour.1346339",
        "title": "Science"
    },
    "year": 2016,
    "references": [
        "pub.1032106241",
        "pub.1010107426",
        "pub.1033720062",
        "pub.1028993157",
        "pub.1032068700",
        "pub.1033912353",
        "pub.1000039839",
        "pub.1007650275",
        "pub.1050603850",
        "pub.1030864342",
        "pub.1053117700",
        "pub.1047931320",
        "pub.1078636387",
        "pub.1009840211",
        "pub.1013873576",
        "pub.1078630807",
        "pub.1025461012",
        "pub.1001995717",
        "pub.1013930907",
        "pub.1025856837",
        "pub.1005106550",
        "pub.1040413794",
        "pub.1016109150",
        "pub.1037373684",
        "pub.1031053265",
        "pub.1033612625",
        "pub.1070926174",
        "pub.1046031242",
        "pub.1049138722",
        "pub.1070926115",
        "pub.1039741751",
        "pub.1046685383",
        "pub.1021331437",
        "pub.1083359354",
        "pub.1043875870",
        "pub.1046004748",
        "pub.1039579861",
        "pub.1048354637",
        "pub.1043626683",
        "pub.1014370409",
        "pub.1027845896",
        "pub.1010934228"
    ],
    "relative_citation_ratio": 11.24,
    "research_org_state_names": [
        "New South Wales"
    ],
    "author_affiliations": [
        [
            {
                "first_name": "Jamal S. M.",
                "last_name": "Sabir",
                "initials": "",
                "corresponding": "",
                "orcid": "",
                "current_organization_id": "grid.412125.1",
                "researcher_id": "ur.0672346046.64",
                "affiliations": [
                    {
                        "id": "grid.412125.1",
                        "name": "King Abdulaziz University",
                        "city": "Jeddah",
                        "city_id": 105343,
                        "country": "Saudi Arabia",
                        "country_code": "SA",
                        "state": null,
                        "state_code": null
                    }
                ]
            },
            {
                "first_name": "Tommy T.-Y.",
                "last_name": "Lam",
                "initials": "",
                "corresponding": "",
                "orcid": "['0000-0002-9769-1527']",
                "current_organization_id": "grid.194645.b",
                "researcher_id": "ur.01061731053.15",
                "affiliations": [
                    {
                        "id": "grid.410741.7",
                        "name": "Shenzhen Third People\u2019s Hospital",
                        "city": "Shenzhen",
                        "city_id": 1795565,
                        "country": "China",
                        "country_code": "CN",
                        "state": null,
                        "state_code": null
                    },
                    {
                        "id": "grid.263451.7",
                        "name": "Shantou University",
                        "city": "Shantou",
                        "city_id": 1795940,
                        "country": "China",
                        "country_code": "CN",
                        "state": null,
                        "state_code": null
                    },
                    {
                        "id": "grid.194645.b",
                        "name": "University of Hong Kong",
                        "city": "Hong Kong",
                        "city_id": 1819729,
                        "country": "China",
                        "country_code": "CN",
                        "state": null,
                        "state_code": null
                    }
                ]
            },
            {
                "first_name": "Mohamed M. M.",
                "last_name": "Ahmed",
                "initials": "",
                "corresponding": "",
                "orcid": "",
                "current_organization_id": "grid.412125.1",
                "researcher_id": "ur.0600356675.20",
                "affiliations": [
                    {
                        "id": "grid.412125.1",
                        "name": "King Abdulaziz University",
                        "city": "Jeddah",
                        "city_id": 105343,
                        "country": "Saudi Arabia",
                        "country_code": "SA",
                        "state": null,
                        "state_code": null
                    },
                    {
                        "name": "Department of Nucleic Acids Research, Genetic Engineering and Biotechnology Research Institute, City for Scientific Research and Technology Applications, Borg El-Arab, Post Office Box 21934, Alexandria, Egypt"
                    }
                ]
            },
            {
                "first_name": "Lifeng",
                "last_name": "Li",
                "initials": "",
                "corresponding": "",
                "orcid": "",
                "current_organization_id": "grid.194645.b",
                "researcher_id": "ur.01175645717.03",
                "affiliations": [
                    {
                        "id": "grid.263451.7",
                        "name": "Shantou University",
                        "city": "Shantou",
                        "city_id": 1795940,
                        "country": "China",
                        "country_code": "CN",
                        "state": null,
                        "state_code": null
                    },
                    {
                        "id": "grid.194645.b",
                        "name": "University of Hong Kong",
                        "city": "Hong Kong",
                        "city_id": 1819729,
                        "country": "China",
                        "country_code": "CN",
                        "state": null,
                        "state_code": null
                    }
                ]
            },
            {
                "first_name": "Yongyi",
                "last_name": "Shen",
                "initials": "",
                "corresponding": "",
                "orcid": "['0000-0001-7660-5522']",
                "current_organization_id": "grid.20561.30",
                "researcher_id": "ur.01122703556.23",
                "affiliations": [
                    {
                        "id": "grid.263451.7",
                        "name": "Shantou University",
                        "city": "Shantou",
                        "city_id": 1795940,
                        "country": "China",
                        "country_code": "CN",
                        "state": null,
                        "state_code": null
                    },
                    {
                        "id": "grid.194645.b",
                        "name": "University of Hong Kong",
                        "city": "Hong Kong",
                        "city_id": 1819729,
                        "country": "China",
                        "country_code": "CN",
                        "state": null,
                        "state_code": null
                    }
                ]
            },
            {
                "first_name": "Salah E. M.",
                "last_name": "Abo-Aba",
                "initials": "",
                "corresponding": "",
                "orcid": "",
                "current_organization_id": "grid.412125.1",
                "researcher_id": "ur.0637065172.94",
                "affiliations": [
                    {
                        "id": "grid.412125.1",
                        "name": "King Abdulaziz University",
                        "city": "Jeddah",
                        "city_id": 105343,
                        "country": "Saudi Arabia",
                        "country_code": "SA",
                        "state": null,
                        "state_code": null
                    },
                    {
                        "id": "grid.419725.c",
                        "name": "National Research Centre",
                        "city": "Cairo",
                        "city_id": 360630,
                        "country": "Egypt",
                        "country_code": "EG",
                        "state": null,
                        "state_code": null
                    }
                ]
            },
            {
                "first_name": "Muhammd I.",
                "last_name": "Qureshi",
                "initials": "",
                "corresponding": "",
                "orcid": "",
                "current_organization_id": "",
                "researcher_id": "",
                "affiliations": [
                    {
                        "id": "grid.412125.1",
                        "name": "King Abdulaziz University",
                        "city": "Jeddah",
                        "city_id": 105343,
                        "country": "Saudi Arabia",
                        "country_code": "SA",
                        "state": null,
                        "state_code": null
                    }
                ]
            },
            {
                "first_name": "Mohamed",
                "last_name": "Abu-Zeid",
                "initials": "",
                "corresponding": "",
                "orcid": "",
                "current_organization_id": "",
                "researcher_id": "",
                "affiliations": [
                    {
                        "id": "grid.412125.1",
                        "name": "King Abdulaziz University",
                        "city": "Jeddah",
                        "city_id": 105343,
                        "country": "Saudi Arabia",
                        "country_code": "SA",
                        "state": null,
                        "state_code": null
                    },
                    {
                        "id": "grid.419725.c",
                        "name": "National Research Centre",
                        "city": "Cairo",
                        "city_id": 360630,
                        "country": "Egypt",
                        "country_code": "EG",
                        "state": null,
                        "state_code": null
                    }
                ]
            },
            {
                "first_name": "Yu",
                "last_name": "Zhang",
                "initials": "",
                "corresponding": "",
                "orcid": "",
                "current_organization_id": "grid.464317.3",
                "researcher_id": "ur.01053010146.10",
                "affiliations": [
                    {
                        "id": "grid.410741.7",
                        "name": "Shenzhen Third People\u2019s Hospital",
                        "city": "Shenzhen",
                        "city_id": 1795565,
                        "country": "China",
                        "country_code": "CN",
                        "state": null,
                        "state_code": null
                    },
                    {
                        "id": "grid.263451.7",
                        "name": "Shantou University",
                        "city": "Shantou",
                        "city_id": 1795940,
                        "country": "China",
                        "country_code": "CN",
                        "state": null,
                        "state_code": null
                    },
                    {
                        "id": "grid.194645.b",
                        "name": "University of Hong Kong",
                        "city": "Hong Kong",
                        "city_id": 1819729,
                        "country": "China",
                        "country_code": "CN",
                        "state": null,
                        "state_code": null
                    }
                ]
            },
            {
                "first_name": "Mohammad A.",
                "last_name": "Khiyami",
                "initials": "",
                "corresponding": "",
                "orcid": "",
                "current_organization_id": "grid.452562.2",
                "researcher_id": "ur.0656743661.43",
                "affiliations": [
                    {
                        "id": "grid.452562.2",
                        "name": "King Abdulaziz City for Science and Technology",
                        "city": "Riyadh",
                        "city_id": 108410,
                        "country": "Saudi Arabia",
                        "country_code": "SA",
                        "state": null,
                        "state_code": null
                    }
                ]
            },
            {
                "first_name": "Njud S.",
                "last_name": "Alharbi",
                "initials": "",
                "corresponding": "",
                "orcid": "['0000-0002-4259-3364']",
                "current_organization_id": "grid.412125.1",
                "researcher_id": "ur.01041305461.55",
                "affiliations": [
                    {
                        "id": "grid.412125.1",
                        "name": "King Abdulaziz University",
                        "city": "Jeddah",
                        "city_id": 105343,
                        "country": "Saudi Arabia",
                        "country_code": "SA",
                        "state": null,
                        "state_code": null
                    }
                ]
            },
            {
                "first_name": "Nahid H.",
                "last_name": "Hajrah",
                "initials": "",
                "corresponding": "",
                "orcid": "",
                "current_organization_id": "grid.412125.1",
                "researcher_id": "ur.01210205355.97",
                "affiliations": [
                    {
                        "id": "grid.412125.1",
                        "name": "King Abdulaziz University",
                        "city": "Jeddah",
                        "city_id": 105343,
                        "country": "Saudi Arabia",
                        "country_code": "SA",
                        "state": null,
                        "state_code": null
                    }
                ]
            },
            {
                "first_name": "Meshaal J.",
                "last_name": "Sabir",
                "initials": "",
                "corresponding": "",
                "orcid": "",
                "current_organization_id": "grid.412125.1",
                "researcher_id": "ur.0672416536.97",
                "affiliations": [
                    {
                        "id": "grid.412125.1",
                        "name": "King Abdulaziz University",
                        "city": "Jeddah",
                        "city_id": 105343,
                        "country": "Saudi Arabia",
                        "country_code": "SA",
                        "state": null,
                        "state_code": null
                    }
                ]
            },
            {
                "first_name": "Mohammed H. Z.",
                "last_name": "Mutwakil",
                "initials": "",
                "corresponding": "",
                "orcid": "",
                "current_organization_id": "grid.412125.1",
                "researcher_id": "ur.01125207334.08",
                "affiliations": [
                    {
                        "id": "grid.412125.1",
                        "name": "King Abdulaziz University",
                        "city": "Jeddah",
                        "city_id": 105343,
                        "country": "Saudi Arabia",
                        "country_code": "SA",
                        "state": null,
                        "state_code": null
                    }
                ]
            },
            {
                "first_name": "Saleh A.",
                "last_name": "Kabli",
                "initials": "",
                "corresponding": "",
                "orcid": "",
                "current_organization_id": "grid.412125.1",
                "researcher_id": "ur.01024554705.03",
                "affiliations": [
                    {
                        "id": "grid.412125.1",
                        "name": "King Abdulaziz University",
                        "city": "Jeddah",
                        "city_id": 105343,
                        "country": "Saudi Arabia",
                        "country_code": "SA",
                        "state": null,
                        "state_code": null
                    }
                ]
            },
            {
                "first_name": "Faten A. S.",
                "last_name": "Alsulaimany",
                "initials": "",
                "corresponding": "",
                "orcid": "",
                "current_organization_id": "",
                "researcher_id": "",
                "affiliations": [
                    {
                        "id": "grid.412125.1",
                        "name": "King Abdulaziz University",
                        "city": "Jeddah",
                        "city_id": 105343,
                        "country": "Saudi Arabia",
                        "country_code": "SA",
                        "state": null,
                        "state_code": null
                    }
                ]
            },
            {
                "first_name": "Abdullah Y.",
                "last_name": "Obaid",
                "initials": "",
                "corresponding": "",
                "orcid": "",
                "current_organization_id": "grid.412125.1",
                "researcher_id": "ur.01261060467.55",
                "affiliations": [
                    {
                        "id": "grid.412125.1",
                        "name": "King Abdulaziz University",
                        "city": "Jeddah",
                        "city_id": 105343,
                        "country": "Saudi Arabia",
                        "country_code": "SA",
                        "state": null,
                        "state_code": null
                    }
                ]
            },
            {
                "first_name": "Boping",
                "last_name": "Zhou",
                "initials": "",
                "corresponding": "",
                "orcid": "",
                "current_organization_id": "grid.440218.b",
                "researcher_id": "ur.0702630507.52",
                "affiliations": [
                    {
                        "id": "grid.410741.7",
                        "name": "Shenzhen Third People\u2019s Hospital",
                        "city": "Shenzhen",
                        "city_id": 1795565,
                        "country": "China",
                        "country_code": "CN",
                        "state": null,
                        "state_code": null
                    }
                ]
            },
            {
                "first_name": "David K.",
                "last_name": "Smith",
                "initials": "",
                "corresponding": "",
                "orcid": "",
                "current_organization_id": "grid.194645.b",
                "researcher_id": "ur.01105631312.25",
                "affiliations": [
                    {
                        "id": "grid.194645.b",
                        "name": "University of Hong Kong",
                        "city": "Hong Kong",
                        "city_id": 1819729,
                        "country": "China",
                        "country_code": "CN",
                        "state": null,
                        "state_code": null
                    }
                ]
            },
            {
                "first_name": "Edward C.",
                "last_name": "Holmes",
                "initials": "",
                "corresponding": "",
                "orcid": "['0000-0001-9596-3552']",
                "current_organization_id": "grid.1013.3",
                "researcher_id": "ur.012501436222.04",
                "affiliations": [
                    {
                        "id": "grid.1013.3",
                        "name": "University of Sydney",
                        "city": "Sydney",
                        "city_id": 2147714,
                        "country": "Australia",
                        "country_code": "AU",
                        "state": "New South Wales",
                        "state_code": "AU-NSW"
                    }
                ]
            },
            {
                "first_name": "Huachen",
                "last_name": "Zhu",
                "initials": "",
                "corresponding": "",
                "orcid": "['0000-0003-2711-0501']",
                "current_organization_id": "grid.194645.b",
                "researcher_id": "ur.07371066157.25",
                "affiliations": [
                    {
                        "id": "grid.410741.7",
                        "name": "Shenzhen Third People\u2019s Hospital",
                        "city": "Shenzhen",
                        "city_id": 1795565,
                        "country": "China",
                        "country_code": "CN",
                        "state": null,
                        "state_code": null
                    },
                    {
                        "id": "grid.263451.7",
                        "name": "Shantou University",
                        "city": "Shantou",
                        "city_id": 1795940,
                        "country": "China",
                        "country_code": "CN",
                        "state": null,
                        "state_code": null
                    },
                    {
                        "id": "grid.194645.b",
                        "name": "University of Hong Kong",
                        "city": "Hong Kong",
                        "city_id": 1819729,
                        "country": "China",
                        "country_code": "CN",
                        "state": null,
                        "state_code": null
                    }
                ]
            },
            {
                "first_name": "Yi",
                "last_name": "Guan",
                "initials": "",
                "corresponding": "",
                "orcid": "['0000-0001-6057-9243']",
                "current_organization_id": "grid.194645.b",
                "researcher_id": "ur.0726247752.75",
                "affiliations": [
                    {
                        "id": "grid.412125.1",
                        "name": "King Abdulaziz University",
                        "city": "Jeddah",
                        "city_id": 105343,
                        "country": "Saudi Arabia",
                        "country_code": "SA",
                        "state": null,
                        "state_code": null
                    },
                    {
                        "id": "grid.410741.7",
                        "name": "Shenzhen Third People\u2019s Hospital",
                        "city": "Shenzhen",
                        "city_id": 1795565,
                        "country": "China",
                        "country_code": "CN",
                        "state": null,
                        "state_code": null
                    },
                    {
                        "id": "grid.263451.7",
                        "name": "Shantou University",
                        "city": "Shantou",
                        "city_id": 1795940,
                        "country": "China",
                        "country_code": "CN",
                        "state": null,
                        "state_code": null
                    },
                    {
                        "id": "grid.194645.b",
                        "name": "University of Hong Kong",
                        "city": "Hong Kong",
                        "city_id": 1819729,
                        "country": "China",
                        "country_code": "CN",
                        "state": null,
                        "state_code": null
                    }
                ]
            }
        ]
    ],
    "type": "article"
}