{
    "pmid": "31992880",
    "title": "China coronavirus: Six questions scientists are asking",
    "type": "article",
    "year": 2020,
    "journal": {
        "id": "jour.1018957",
        "title": "Nature"
    },
    "FOR": [
        {
            "id": "2620",
            "name": "0604 Genetics"
        }
    ],
    "date": "2020-01-01",
    "altmetric": 580.0,
    "pages": "605-607",
    "id": "pub.1124265859",
    "volume": "577",
    "issue": "7792",
    "open_access": [
        "Open Access - all",
        "Open Access - publisher",
        "Open Access - published"
    ],
    "author_affiliations": [
        [
            {
                "first_name": "Ewen",
                "last_name": "Callaway",
                "initials": "",
                "corresponding": "",
                "orcid": "",
                "current_organization_id": "",
                "researcher_id": "",
                "affiliations": []
            },
            {
                "first_name": "David",
                "last_name": "Cyranoski",
                "initials": "",
                "corresponding": "",
                "orcid": "",
                "current_organization_id": "",
                "researcher_id": "",
                "affiliations": []
            }
        ]
    ],
    "doi": "10.1038/d41586-020-00166-6",
    "times_cited": 3,
    "references": [
        "pub.1124295864",
        "pub.1124223059"
    ]
}