{
    "volume": "220",
    "date": "2017-02-01",
    "title": "Middle East respiratory syndrome (MERS) coronavirus and dromedaries",
    "researchers": [
        {
            "id": "ur.01336247601.01",
            "last_name": "Wernery",
            "first_name": "Ulrich",
            "research_orgs": [
                "grid.417775.7",
                "grid.8767.e",
                "grid.418510.9",
                "grid.5252.0",
                "grid.414796.9",
                "grid.194645.b"
            ]
        },
        {
            "id": "ur.010317111112.58",
            "last_name": "Lau",
            "first_name": "Susanna K P",
            "orcid_id": [
                "0000-0002-1383-7374"
            ],
            "research_orgs": [
                "grid.194645.b",
                "grid.440671.0",
                "grid.13402.34"
            ]
        },
        {
            "id": "ur.013404644337.48",
            "last_name": "Woo",
            "first_name": "Patrick C Y",
            "orcid_id": [
                "0000-0001-9401-1832"
            ],
            "research_orgs": [
                "grid.194645.b",
                "grid.417775.7",
                "grid.428926.3",
                "grid.417134.4",
                "grid.415550.0",
                "grid.417336.4",
                "grid.38587.31",
                "grid.13402.34",
                "grid.416792.f",
                "grid.198530.6",
                "grid.412027.2",
                "grid.216938.7",
                "grid.440671.0"
            ]
        }
    ],
    "altmetric": 8.0,
    "pages": "75-79",
    "research_org_cities": [
        {
            "id": 1819729,
            "name": "Hong Kong"
        },
        {
            "id": 292223,
            "name": "Dubai"
        }
    ],
    "research_org_countries": [
        {
            "id": "AE",
            "name": "United Arab Emirates"
        },
        {
            "id": "CN",
            "name": "China"
        }
    ],
    "doi": "10.1016/j.tvjl.2016.12.020",
    "FOR": [
        {
            "id": "3114",
            "name": "1108 Medical Microbiology"
        }
    ],
    "times_cited": 12,
    "research_orgs": [
        {
            "id": "grid.194645.b",
            "acronym": "HKU",
            "state_name": "Hong Kong",
            "types": [
                "Education"
            ],
            "longitude": 114.13708,
            "linkout": [
                "http://www.hku.hk/"
            ],
            "latitude": 22.283287,
            "name": "University of Hong Kong",
            "city_name": "Hong Kong",
            "country_name": "China"
        },
        {
            "id": "grid.417775.7",
            "acronym": "CVRL",
            "types": [
                "Facility"
            ],
            "longitude": 55.288982,
            "linkout": [
                "http://www.cvrl.ae/"
            ],
            "latitude": 25.210861,
            "name": "Central Veterinary Research Laboratory",
            "city_name": "Dubai",
            "country_name": "United Arab Emirates"
        }
    ],
    "pmid": "28190501",
    "funders": [
        {
            "id": "grid.453538.c",
            "state_name": "Hong Kong",
            "types": [
                "Government"
            ],
            "longitude": 114.16541,
            "linkout": [
                "http://www.fhb.gov.hk/"
            ],
            "latitude": 22.281073,
            "name": "Food and Health Bureau",
            "city_name": "Hong Kong",
            "country_name": "China"
        }
    ],
    "research_org_country_names": [
        "China",
        "United Arab Emirates"
    ],
    "id": "pub.1002017892",
    "journal": {
        "id": "jour.1313750",
        "title": "The Veterinary Journal"
    },
    "year": 2017,
    "references": [
        "pub.1062713116",
        "pub.1040406493",
        "pub.1015342247",
        "pub.1033612625",
        "pub.1015959042",
        "pub.1035072323",
        "pub.1078630807",
        "pub.1022217436",
        "pub.1039741751",
        "pub.1044550494",
        "pub.1026372931",
        "pub.1041396727",
        "pub.1002306282",
        "pub.1027845896",
        "pub.1024908608",
        "pub.1052857483",
        "pub.1079130074",
        "pub.1031247681",
        "pub.1000039839",
        "pub.1070926527",
        "pub.1022186046",
        "pub.1025870766",
        "pub.1042295346",
        "pub.1018820990",
        "pub.1016632265",
        "pub.1000236704",
        "pub.1073742188",
        "pub.1060389826",
        "pub.1025461012",
        "pub.1026613775",
        "pub.1048354637",
        "pub.1008217409",
        "pub.1024705689",
        "pub.1078659688",
        "pub.1078636387",
        "pub.1043875870",
        "pub.1013873576",
        "pub.1039579861",
        "pub.1005038857",
        "pub.1070926257",
        "pub.1018158123",
        "pub.1005081842",
        "pub.1043626683",
        "pub.1048530129",
        "pub.1031663641",
        "pub.1002286687",
        "pub.1032710579",
        "pub.1010156095",
        "pub.1060401746",
        "pub.1001141497",
        "pub.1000376304",
        "pub.1053117700",
        "pub.1073550492",
        "pub.1009056936",
        "pub.1053672811",
        "pub.1015127616",
        "pub.1012945714",
        "pub.1070926115",
        "pub.1039030138",
        "pub.1041101590"
    ],
    "relative_citation_ratio": 1.48,
    "author_affiliations": [
        [
            {
                "first_name": "Ulrich",
                "last_name": "Wernery",
                "initials": "",
                "corresponding": true,
                "orcid": "",
                "current_organization_id": "grid.417775.7",
                "researcher_id": "ur.01336247601.01",
                "affiliations": [
                    {
                        "id": "grid.417775.7",
                        "name": "Central Veterinary Research Laboratory",
                        "city": "Dubai",
                        "city_id": 292223,
                        "country": "United Arab Emirates",
                        "country_code": "AE",
                        "state": null,
                        "state_code": null
                    }
                ]
            },
            {
                "first_name": "Susanna K.P.",
                "last_name": "Lau",
                "initials": "",
                "corresponding": "",
                "orcid": "['0000-0002-1383-7374']",
                "current_organization_id": "grid.194645.b",
                "researcher_id": "ur.010317111112.58",
                "affiliations": [
                    {
                        "id": "grid.194645.b",
                        "name": "University of Hong Kong",
                        "city": "Hong Kong",
                        "city_id": 1819729,
                        "country": "China",
                        "country_code": "CN",
                        "state": null,
                        "state_code": null
                    }
                ]
            },
            {
                "first_name": "Patrick C.Y.",
                "last_name": "Woo",
                "initials": "",
                "corresponding": "",
                "orcid": "['0000-0001-9401-1832']",
                "current_organization_id": "grid.194645.b",
                "researcher_id": "ur.013404644337.48",
                "affiliations": [
                    {
                        "id": "grid.194645.b",
                        "name": "University of Hong Kong",
                        "city": "Hong Kong",
                        "city_id": 1819729,
                        "country": "China",
                        "country_code": "CN",
                        "state": null,
                        "state_code": null
                    }
                ]
            }
        ]
    ],
    "type": "article"
}