{
    "pmid": "32174054",
    "author_affiliations": [
        [
            {
                "first_name": "Qiulian",
                "last_name": "Sun",
                "initials": "",
                "corresponding": "",
                "orcid": "",
                "current_organization_id": "",
                "researcher_id": "",
                "affiliations": [
                    {
                        "id": "grid.469636.8",
                        "name": "Zhejiang Taizhou Hospital",
                        "city": "Linhai",
                        "city_id": 1803422,
                        "country": "China",
                        "country_code": "CN",
                        "state": null,
                        "state_code": null
                    }
                ]
            },
            {
                "first_name": "Xinjian",
                "last_name": "Xu",
                "initials": "",
                "corresponding": "",
                "orcid": "",
                "current_organization_id": "",
                "researcher_id": "",
                "affiliations": [
                    {
                        "name": "Department of Interventional Radiology, Jiangyin People Hospital, Jiangyin, China."
                    }
                ]
            },
            {
                "first_name": "Jicheng",
                "last_name": "Xie",
                "initials": "",
                "corresponding": "",
                "orcid": "",
                "current_organization_id": "",
                "researcher_id": "",
                "affiliations": [
                    {
                        "id": "grid.469636.8",
                        "name": "Zhejiang Taizhou Hospital",
                        "city": "Linhai",
                        "city_id": 1803422,
                        "country": "China",
                        "country_code": "CN",
                        "state": null,
                        "state_code": null
                    }
                ]
            },
            {
                "first_name": "Jingjing",
                "last_name": "Li",
                "initials": "",
                "corresponding": "",
                "orcid": "",
                "current_organization_id": "",
                "researcher_id": "",
                "affiliations": [
                    {
                        "id": "grid.469636.8",
                        "name": "Zhejiang Taizhou Hospital",
                        "city": "Linhai",
                        "city_id": 1803422,
                        "country": "China",
                        "country_code": "CN",
                        "state": null,
                        "state_code": null
                    }
                ]
            },
            {
                "first_name": "Xiangzhong",
                "last_name": "Huang",
                "initials": "",
                "corresponding": "",
                "orcid": "",
                "current_organization_id": "",
                "researcher_id": "",
                "affiliations": [
                    {
                        "name": "Department of Interventional Radiology, Jiangyin People Hospital, Jiangyin, China. hxzdoc@163.com."
                    }
                ]
            }
        ]
    ],
    "altmetric": 1.0,
    "research_org_countries": [
        {
            "id": "CN",
            "name": "China"
        }
    ],
    "title": "Evolution of Computed Tomography Manifestations in Five Patients Who Recovered from Coronavirus Disease 2019 (COVID-19) Pneumonia.",
    "research_org_cities": [
        {
            "id": 1815251,
            "name": "Jiangyin"
        },
        {
            "id": 1803422,
            "name": "Linhai"
        }
    ],
    "doi": "10.3348/kjr.2020.0157",
    "times_cited": 0,
    "journal": {
        "id": "jour.1023226",
        "title": "Korean Journal of Radiology"
    },
    "year": 2020,
    "research_orgs": [
        {
            "id": "grid.469636.8",
            "name": "Zhejiang Taizhou Hospital",
            "linkout": [
                "http://www.tzhospital.com/ywb/index.html"
            ],
            "country_name": "China",
            "types": [
                "Healthcare"
            ],
            "latitude": 28.846283,
            "city_name": "Linhai",
            "longitude": 121.11386
        }
    ],
    "id": "pub.1125671400",
    "references": [
        "pub.1124648671",
        "pub.1124825047",
        "pub.1124327925"
    ],
    "research_org_country_names": [
        "China"
    ],
    "date": "2020-01-01",
    "type": "article",
    "volume": "21"
}