{
    "volume": "5",
    "date": "2020-01-22",
    "title": "Middle East Respiratory Syndrome Coronavirus Antibodies in Bactrian and Hybrid Camels from Dubai.",
    "researchers": [
        {
            "id": "ur.010660153412.50",
            "last_name": "Lau",
            "first_name": "Susanna Kar-Pui",
            "orcid_id": [
                "0000-0002-1383-7374"
            ],
            "research_orgs": [
                "grid.417775.7",
                "grid.428926.3",
                "grid.417134.4",
                "grid.415550.0",
                "grid.417336.4",
                "grid.13402.34",
                "grid.416792.f",
                "grid.412027.2",
                "grid.216938.7",
                "grid.194645.b"
            ]
        },
        {
            "id": "ur.01103266565.67",
            "last_name": "Li",
            "first_name": "Kenneth S M",
            "research_orgs": [
                "grid.263451.7",
                "grid.411679.c",
                "grid.194645.b"
            ]
        },
        {
            "id": "ur.01026700020.47",
            "last_name": "Luk",
            "first_name": "Hayes K H",
            "orcid_id": [
                "0000-0002-9831-2912"
            ],
            "research_orgs": [
                "grid.194645.b"
            ]
        },
        {
            "id": "ur.0652735016.56",
            "last_name": "Yuen",
            "first_name": "Kwok-Yung",
            "orcid_id": [
                "0000-0002-2083-1552"
            ],
            "research_orgs": [
                "grid.417336.4",
                "grid.13402.34",
                "grid.417134.4",
                "grid.415550.0",
                "grid.258164.c",
                "grid.20561.30",
                "grid.428926.3",
                "grid.216938.7",
                "grid.418021.e",
                "grid.482283.7",
                "grid.443397.e",
                "grid.417775.7",
                "grid.12981.33",
                "grid.194645.b",
                "grid.416792.f",
                "grid.440671.0"
            ]
        },
        {
            "id": "ur.01336247601.01",
            "last_name": "Wernery",
            "first_name": "Ulrich",
            "research_orgs": [
                "grid.417775.7",
                "grid.8767.e",
                "grid.418510.9",
                "grid.5252.0",
                "grid.414796.9",
                "grid.194645.b"
            ]
        },
        {
            "id": "ur.07544504707.11",
            "last_name": "Woo",
            "first_name": "Patrick Chiu-Yat",
            "orcid_id": [
                "0000-0001-9401-1832"
            ],
            "research_orgs": [
                "grid.415550.0",
                "grid.194645.b"
            ]
        }
    ],
    "pmcid": "PMC6977179",
    "altmetric": 16.0,
    "research_org_cities": [
        {
            "id": 1819729,
            "name": "Hong Kong"
        },
        {
            "id": 292223,
            "name": "Dubai"
        }
    ],
    "open_access": [
        "Open Access - all",
        "Open Access - publisher",
        "Open Access - published"
    ],
    "research_org_countries": [
        {
            "id": "CN",
            "name": "China"
        },
        {
            "id": "AE",
            "name": "United Arab Emirates"
        }
    ],
    "doi": "10.1128/msphere.00898-19",
    "FOR": [
        {
            "id": "3053",
            "name": "1103 Clinical Sciences"
        }
    ],
    "times_cited": 1,
    "research_orgs": [
        {
            "id": "grid.194645.b",
            "acronym": "HKU",
            "state_name": "Hong Kong",
            "types": [
                "Education"
            ],
            "longitude": 114.13708,
            "linkout": [
                "http://www.hku.hk/"
            ],
            "latitude": 22.283287,
            "name": "University of Hong Kong",
            "city_name": "Hong Kong",
            "country_name": "China"
        },
        {
            "id": "grid.417775.7",
            "acronym": "CVRL",
            "types": [
                "Facility"
            ],
            "longitude": 55.288982,
            "linkout": [
                "http://www.cvrl.ae/"
            ],
            "latitude": 25.210861,
            "name": "Central Veterinary Research Laboratory",
            "city_name": "Dubai",
            "country_name": "United Arab Emirates"
        }
    ],
    "pmid": "31969478",
    "funders": [
        {
            "id": "grid.419897.a",
            "acronym": "MOE",
            "types": [
                "Government"
            ],
            "longitude": 116.36881,
            "linkout": [
                "http://www.moe.edu.cn/publicfiles/business/htmlfiles/moe/moe_2792/"
            ],
            "latitude": 39.91388,
            "name": "Ministry of Education of the People's Republic of China",
            "city_name": "Beijing",
            "country_name": "China"
        }
    ],
    "research_org_country_names": [
        "United Arab Emirates",
        "China"
    ],
    "id": "pub.1124240501",
    "issue": "1",
    "journal": {
        "id": "jour.1356686",
        "title": "mSphere"
    },
    "year": 2020,
    "references": [
        "pub.1042824141",
        "pub.1050516195",
        "pub.1039030138",
        "pub.1062688858",
        "pub.1052838243",
        "pub.1101341657",
        "pub.1100407430",
        "pub.1002286687",
        "pub.1005038857",
        "pub.1115171331",
        "pub.1122111595",
        "pub.1111726292",
        "pub.1003799031",
        "pub.1048354637",
        "pub.1085763574",
        "pub.1027845896",
        "pub.1036816632",
        "pub.1013873576",
        "pub.1043875870",
        "pub.1000376304",
        "pub.1038767277",
        "pub.1120029682",
        "pub.1112505635"
    ],
    "author_affiliations": [
        [
            {
                "first_name": "Susanna K P",
                "last_name": "Lau",
                "initials": "",
                "corresponding": "",
                "orcid": "['0000-0002-1383-7374']",
                "current_organization_id": "grid.194645.b",
                "researcher_id": "ur.010660153412.50",
                "affiliations": [
                    {
                        "id": "grid.194645.b",
                        "name": "University of Hong Kong",
                        "city": "Hong Kong",
                        "city_id": 1819729,
                        "country": "China",
                        "country_code": "CN",
                        "state": null,
                        "state_code": null
                    },
                    {
                        "id": "grid.194645.b",
                        "name": "University of Hong Kong",
                        "city": "Hong Kong",
                        "city_id": 1819729,
                        "country": "China",
                        "country_code": "CN",
                        "state": null,
                        "state_code": null
                    },
                    {
                        "id": "grid.194645.b",
                        "name": "University of Hong Kong",
                        "city": "Hong Kong",
                        "city_id": 1819729,
                        "country": "China",
                        "country_code": "CN",
                        "state": null,
                        "state_code": null
                    },
                    {
                        "id": "grid.194645.b",
                        "name": "University of Hong Kong",
                        "city": "Hong Kong",
                        "city_id": 1819729,
                        "country": "China",
                        "country_code": "CN",
                        "state": null,
                        "state_code": null
                    }
                ]
            },
            {
                "first_name": "Kenneth S M",
                "last_name": "Li",
                "initials": "",
                "corresponding": "",
                "orcid": "",
                "current_organization_id": "grid.194645.b",
                "researcher_id": "ur.01103266565.67",
                "affiliations": [
                    {
                        "id": "grid.194645.b",
                        "name": "University of Hong Kong",
                        "city": "Hong Kong",
                        "city_id": 1819729,
                        "country": "China",
                        "country_code": "CN",
                        "state": null,
                        "state_code": null
                    }
                ]
            },
            {
                "first_name": "Hayes K H",
                "last_name": "Luk",
                "initials": "",
                "corresponding": "",
                "orcid": "['0000-0002-9831-2912']",
                "current_organization_id": "grid.194645.b",
                "researcher_id": "ur.01026700020.47",
                "affiliations": [
                    {
                        "id": "grid.194645.b",
                        "name": "University of Hong Kong",
                        "city": "Hong Kong",
                        "city_id": 1819729,
                        "country": "China",
                        "country_code": "CN",
                        "state": null,
                        "state_code": null
                    }
                ]
            },
            {
                "first_name": "Zirong",
                "last_name": "He",
                "initials": "",
                "corresponding": "",
                "orcid": "",
                "current_organization_id": "",
                "researcher_id": "",
                "affiliations": [
                    {
                        "id": "grid.194645.b",
                        "name": "University of Hong Kong",
                        "city": "Hong Kong",
                        "city_id": 1819729,
                        "country": "China",
                        "country_code": "CN",
                        "state": null,
                        "state_code": null
                    }
                ]
            },
            {
                "first_name": "Jade L L",
                "last_name": "Teng",
                "initials": "",
                "corresponding": "",
                "orcid": "",
                "current_organization_id": "",
                "researcher_id": "",
                "affiliations": [
                    {
                        "id": "grid.194645.b",
                        "name": "University of Hong Kong",
                        "city": "Hong Kong",
                        "city_id": 1819729,
                        "country": "China",
                        "country_code": "CN",
                        "state": null,
                        "state_code": null
                    },
                    {
                        "id": "grid.194645.b",
                        "name": "University of Hong Kong",
                        "city": "Hong Kong",
                        "city_id": 1819729,
                        "country": "China",
                        "country_code": "CN",
                        "state": null,
                        "state_code": null
                    },
                    {
                        "id": "grid.194645.b",
                        "name": "University of Hong Kong",
                        "city": "Hong Kong",
                        "city_id": 1819729,
                        "country": "China",
                        "country_code": "CN",
                        "state": null,
                        "state_code": null
                    }
                ]
            },
            {
                "first_name": "Kwok-Yung",
                "last_name": "Yuen",
                "initials": "",
                "corresponding": "",
                "orcid": "['0000-0002-2083-1552']",
                "current_organization_id": "grid.194645.b",
                "researcher_id": "ur.0652735016.56",
                "affiliations": [
                    {
                        "id": "grid.194645.b",
                        "name": "University of Hong Kong",
                        "city": "Hong Kong",
                        "city_id": 1819729,
                        "country": "China",
                        "country_code": "CN",
                        "state": null,
                        "state_code": null
                    },
                    {
                        "id": "grid.194645.b",
                        "name": "University of Hong Kong",
                        "city": "Hong Kong",
                        "city_id": 1819729,
                        "country": "China",
                        "country_code": "CN",
                        "state": null,
                        "state_code": null
                    },
                    {
                        "id": "grid.194645.b",
                        "name": "University of Hong Kong",
                        "city": "Hong Kong",
                        "city_id": 1819729,
                        "country": "China",
                        "country_code": "CN",
                        "state": null,
                        "state_code": null
                    },
                    {
                        "id": "grid.194645.b",
                        "name": "University of Hong Kong",
                        "city": "Hong Kong",
                        "city_id": 1819729,
                        "country": "China",
                        "country_code": "CN",
                        "state": null,
                        "state_code": null
                    }
                ]
            },
            {
                "first_name": "Ulrich",
                "last_name": "Wernery",
                "initials": "",
                "corresponding": "",
                "orcid": "",
                "current_organization_id": "grid.417775.7",
                "researcher_id": "ur.01336247601.01",
                "affiliations": [
                    {
                        "id": "grid.417775.7",
                        "name": "Central Veterinary Research Laboratory",
                        "city": "Dubai",
                        "city_id": 292223,
                        "country": "United Arab Emirates",
                        "country_code": "AE",
                        "state": null,
                        "state_code": null
                    }
                ]
            },
            {
                "first_name": "Patrick C Y",
                "last_name": "Woo",
                "initials": "",
                "corresponding": "",
                "orcid": "['0000-0001-9401-1832']",
                "current_organization_id": "grid.194645.b",
                "researcher_id": "ur.07544504707.11",
                "affiliations": [
                    {
                        "id": "grid.194645.b",
                        "name": "University of Hong Kong",
                        "city": "Hong Kong",
                        "city_id": 1819729,
                        "country": "China",
                        "country_code": "CN",
                        "state": null,
                        "state_code": null
                    },
                    {
                        "id": "grid.194645.b",
                        "name": "University of Hong Kong",
                        "city": "Hong Kong",
                        "city_id": 1819729,
                        "country": "China",
                        "country_code": "CN",
                        "state": null,
                        "state_code": null
                    },
                    {
                        "id": "grid.194645.b",
                        "name": "University of Hong Kong",
                        "city": "Hong Kong",
                        "city_id": 1819729,
                        "country": "China",
                        "country_code": "CN",
                        "state": null,
                        "state_code": null
                    },
                    {
                        "id": "grid.194645.b",
                        "name": "University of Hong Kong",
                        "city": "Hong Kong",
                        "city_id": 1819729,
                        "country": "China",
                        "country_code": "CN",
                        "state": null,
                        "state_code": null
                    }
                ]
            }
        ]
    ],
    "type": "article"
}