{
    "volume": "25",
    "date": "2019-06-01",
    "title": "Ahead of Print - Sequential Emergence and Wide Spread of Neutralization Escape Middle East Respiratory Syndrome Coronavirus Mutants, South Korea, 2015 - Volume 25, Number 6\u2014June 2019 - Emerging Infectious Diseases journal - CDC",
    "researchers": [
        {
            "id": "ur.0731461753.55",
            "last_name": "Kim",
            "first_name": "Yeon-Sook",
            "orcid_id": [
                "0000-0002-7368-7312",
                "0000-0003-1142-5488"
            ],
            "research_orgs": [
                "grid.411665.1",
                "grid.253565.2",
                "grid.411733.3",
                "grid.278167.d",
                "grid.415170.6",
                "grid.496137.e",
                "grid.410899.d",
                "grid.254230.2",
                "grid.467519.8",
                "grid.419633.a",
                "grid.251916.8",
                "grid.459420.e",
                "grid.15444.30",
                "grid.411311.7",
                "grid.31501.36",
                "grid.412480.b"
            ]
        },
        {
            "id": "ur.01103057213.91",
            "last_name": "Aigerim",
            "first_name": "Abdimadiyeva",
            "research_orgs": [
                "grid.31501.36"
            ]
        },
        {
            "id": "ur.013736122060.82",
            "last_name": "Park",
            "first_name": "Uni",
            "research_orgs": [
                "grid.31501.36"
            ]
        },
        {
            "id": "ur.0724126737.59",
            "last_name": "Kim",
            "first_name": "Yuri",
            "orcid_id": [
                "0000-0002-9385-2557"
            ],
            "research_orgs": [
                "grid.31501.36"
            ]
        },
        {
            "id": "ur.01203415505.82",
            "last_name": "Rhee",
            "first_name": "Ji-Young",
            "research_orgs": [
                "grid.411983.6",
                "grid.411982.7",
                "grid.258676.8"
            ]
        },
        {
            "id": "ur.01336520125.11",
            "last_name": "Choi",
            "first_name": "Jae-Phil",
            "orcid_id": [
                "0000-0003-4805-7930"
            ],
            "research_orgs": [
                "grid.7445.2",
                "grid.415520.7",
                "grid.411947.e",
                "grid.267370.7",
                "grid.413967.e",
                "grid.15444.30"
            ]
        },
        {
            "id": "ur.01324716211.76",
            "last_name": "Park",
            "first_name": "Wan Beom",
            "orcid_id": [
                "0000-0003-0022-9625"
            ],
            "research_orgs": [
                "grid.412480.b",
                "grid.2515.3",
                "grid.31501.36",
                "grid.412484.f",
                "grid.194645.b"
            ]
        },
        {
            "id": "ur.01153760532.26",
            "last_name": "Park",
            "first_name": "Sang Won",
            "orcid_id": [
                "0000-0002-0550-1897"
            ],
            "research_orgs": [
                "grid.21107.35",
                "grid.415527.0",
                "grid.411982.7",
                "grid.412480.b",
                "grid.411983.6",
                "grid.412479.d",
                "grid.255588.7",
                "grid.194645.b",
                "grid.31501.36",
                "grid.413395.9"
            ]
        },
        {
            "id": "ur.01271745741.25",
            "last_name": "Kim",
            "first_name": "Yeonjae",
            "orcid_id": [
                "0000-0003-4144-9077"
            ],
            "research_orgs": [
                "grid.415619.e",
                "grid.412147.5",
                "grid.49606.3d"
            ]
        },
        {
            "id": "ur.01144036164.05",
            "last_name": "Lim",
            "first_name": "Dong-Gyun",
            "research_orgs": [
                "grid.413967.e",
                "grid.415619.e"
            ]
        },
        {
            "id": "ur.0661615417.78",
            "last_name": "Inn",
            "first_name": "Kyung Soo",
            "research_orgs": [
                "grid.38142.3c",
                "grid.249967.7",
                "grid.59734.3c",
                "grid.289247.2",
                "grid.42505.36"
            ]
        },
        {
            "id": "ur.0641271474.45",
            "last_name": "Hwang",
            "first_name": "Eung Soo",
            "orcid_id": [
                "0000-0001-9562-4577"
            ],
            "research_orgs": [
                "grid.436415.1",
                "grid.31501.36",
                "grid.411612.1",
                "grid.410711.2",
                "grid.412484.f"
            ]
        },
        {
            "id": "ur.01341507037.91",
            "last_name": "Choi",
            "first_name": "Myung Sik",
            "research_orgs": [
                "grid.31501.36",
                "grid.412484.f"
            ]
        },
        {
            "id": "ur.01127123235.87",
            "last_name": "Shin",
            "first_name": "Hyoung-Shik",
            "orcid_id": [
                "0000-0001-6504-3413"
            ],
            "research_orgs": [
                "grid.415619.e",
                "grid.410899.d",
                "grid.254224.7",
                "grid.254229.a"
            ]
        },
        {
            "id": "ur.0661654637.16",
            "last_name": "Cho",
            "first_name": "Nam-Hyuk",
            "research_orgs": [
                "grid.254230.2",
                "grid.35541.36",
                "grid.222754.4",
                "grid.412484.f",
                "grid.38142.3c",
                "grid.412480.b",
                "grid.31501.36",
                "grid.258471.d"
            ]
        }
    ],
    "pmcid": "PMC6537729",
    "altmetric": 11.0,
    "pages": "1161-1168",
    "open_access": [
        "Open Access - all",
        "Open Access - publisher",
        "Open Access - published"
    ],
    "doi": "10.3201/eid2506.181722",
    "FOR": [
        {
            "id": "3114",
            "name": "1108 Medical Microbiology"
        }
    ],
    "times_cited": 3,
    "pmid": "30900977",
    "id": "pub.1112948163",
    "issue": "6",
    "journal": {
        "id": "jour.1114184",
        "title": "Emerging Infectious Diseases"
    },
    "year": 2019,
    "references": [
        "pub.1022388735",
        "pub.1020486005",
        "pub.1015127616",
        "pub.1084767975",
        "pub.1017438391",
        "pub.1019929275",
        "pub.1023354116",
        "pub.1103444796",
        "pub.1103242971",
        "pub.1109829234",
        "pub.1050516195",
        "pub.1010379093",
        "pub.1002981328",
        "pub.1090673909",
        "pub.1030726620",
        "pub.1002925299",
        "pub.1103223666",
        "pub.1039694629",
        "pub.1041128450",
        "pub.1004467097",
        "pub.1035924827",
        "pub.1000881361",
        "pub.1036913206",
        "pub.1046262837"
    ],
    "author_affiliations": [
        [
            {
                "first_name": "Yeon-Sook",
                "last_name": "Kim",
                "initials": "",
                "corresponding": "",
                "orcid": "['0000-0003-1142-5488', '0000-0002-7368-7312']",
                "current_organization_id": "grid.254230.2",
                "researcher_id": "ur.0731461753.55",
                "affiliations": []
            },
            {
                "first_name": "Abdimadiyeva",
                "last_name": "Aigerim",
                "initials": "",
                "corresponding": "",
                "orcid": "",
                "current_organization_id": "grid.31501.36",
                "researcher_id": "ur.01103057213.91",
                "affiliations": []
            },
            {
                "first_name": "Uni",
                "last_name": "Park",
                "initials": "",
                "corresponding": "",
                "orcid": "",
                "current_organization_id": "grid.31501.36",
                "researcher_id": "ur.013736122060.82",
                "affiliations": []
            },
            {
                "first_name": "Yuri",
                "last_name": "Kim",
                "initials": "",
                "corresponding": "",
                "orcid": "",
                "current_organization_id": "grid.31501.36",
                "researcher_id": "ur.0724126737.59",
                "affiliations": []
            },
            {
                "first_name": "Ji-Young",
                "last_name": "Rhee",
                "initials": "",
                "corresponding": "",
                "orcid": "",
                "current_organization_id": "grid.411982.7",
                "researcher_id": "ur.01203415505.82",
                "affiliations": []
            },
            {
                "first_name": "Jae-Phil",
                "last_name": "Choi",
                "initials": "",
                "corresponding": "",
                "orcid": "['0000-0003-4805-7930']",
                "current_organization_id": "grid.415520.7",
                "researcher_id": "ur.01336520125.11",
                "affiliations": []
            },
            {
                "first_name": "Wan Beom",
                "last_name": "Park",
                "initials": "",
                "corresponding": "",
                "orcid": "['0000-0003-0022-9625']",
                "current_organization_id": "grid.31501.36",
                "researcher_id": "ur.01324716211.76",
                "affiliations": []
            },
            {
                "first_name": "Sang Won",
                "last_name": "Park",
                "initials": "",
                "corresponding": "",
                "orcid": "['0000-0002-0550-1897']",
                "current_organization_id": "grid.31501.36",
                "researcher_id": "ur.01153760532.26",
                "affiliations": []
            },
            {
                "first_name": "Yeonjae",
                "last_name": "Kim",
                "initials": "",
                "corresponding": "",
                "orcid": "['0000-0003-4144-9077']",
                "current_organization_id": "grid.415619.e",
                "researcher_id": "ur.01271745741.25",
                "affiliations": []
            },
            {
                "first_name": "Dong-Gyun",
                "last_name": "Lim",
                "initials": "",
                "corresponding": "",
                "orcid": "",
                "current_organization_id": "grid.415619.e",
                "researcher_id": "ur.01144036164.05",
                "affiliations": []
            },
            {
                "first_name": "Kyung-Soo",
                "last_name": "Inn",
                "initials": "",
                "corresponding": "",
                "orcid": "",
                "current_organization_id": "grid.289247.2",
                "researcher_id": "ur.0661615417.78",
                "affiliations": []
            },
            {
                "first_name": "Eung-Soo",
                "last_name": "Hwang",
                "initials": "",
                "corresponding": "",
                "orcid": "['0000-0001-9562-4577']",
                "current_organization_id": "grid.31501.36",
                "researcher_id": "ur.0641271474.45",
                "affiliations": []
            },
            {
                "first_name": "Myung-Sik",
                "last_name": "Choi",
                "initials": "",
                "corresponding": "",
                "orcid": "",
                "current_organization_id": "grid.31501.36",
                "researcher_id": "ur.01341507037.91",
                "affiliations": []
            },
            {
                "first_name": "Hyoung-Shik",
                "last_name": "Shin",
                "initials": "",
                "corresponding": "",
                "orcid": "['0000-0001-6504-3413']",
                "current_organization_id": "grid.415619.e",
                "researcher_id": "ur.01127123235.87",
                "affiliations": []
            },
            {
                "first_name": "Nam-Hyuk",
                "last_name": "Cho",
                "initials": "",
                "corresponding": "",
                "orcid": "",
                "current_organization_id": "grid.31501.36",
                "researcher_id": "ur.0661654637.16",
                "affiliations": []
            }
        ]
    ],
    "type": "article"
}