{
    "research_orgs": [
        {
            "id": "grid.428397.3",
            "linkout": [
                "https://www.duke-nus.edu.sg/"
            ],
            "city_name": "Singapore",
            "longitude": 103.83402,
            "latitude": 1.282566,
            "name": "Duke NUS Graduate Medical School",
            "types": [
                "Education"
            ],
            "country_name": "Singapore"
        },
        {
            "id": "grid.4280.e",
            "linkout": [
                "http://www.nus.edu.sg/"
            ],
            "city_name": "Singapore",
            "longitude": 103.776665,
            "acronym": "NUS",
            "latitude": 1.295556,
            "name": "National University of Singapore",
            "types": [
                "Education"
            ],
            "country_name": "Singapore"
        },
        {
            "id": "grid.1032.0",
            "linkout": [
                "http://www.curtin.edu.au/"
            ],
            "city_name": "Perth",
            "longitude": 115.894394,
            "state_name": "Western Australia",
            "latitude": -32.00593,
            "name": "Curtin University",
            "types": [
                "Education"
            ],
            "country_name": "Australia"
        }
    ],
    "research_org_country_names": [
        "Singapore",
        "Australia"
    ],
    "pmid": "32059799",
    "title": "From Hendra to Wuhan: what has been learned in responding to emerging zoonotic viruses",
    "type": "article",
    "year": 2020,
    "journal": {
        "id": "jour.1077219",
        "title": "The Lancet"
    },
    "researchers": [
        {
            "id": "ur.01044121035.54",
            "research_orgs": [
                "grid.413322.5",
                "grid.5335.0",
                "grid.49470.3e",
                "grid.410726.6",
                "grid.20419.3e",
                "grid.428397.3",
                "grid.440682.c",
                "grid.416882.1",
                "grid.4280.e",
                "grid.422685.f",
                "grid.27255.37",
                "grid.420826.a",
                "grid.40803.3f",
                "grid.417660.2",
                "grid.1002.3",
                "grid.1016.6",
                "grid.194645.b",
                "grid.492998.7",
                "grid.442958.6",
                "grid.265436.0",
                "grid.22069.3f",
                "grid.1008.9",
                "grid.464498.3",
                "grid.412140.2",
                "grid.47894.36",
                "grid.414142.6",
                "grid.21729.3f",
                "grid.198530.6",
                "grid.9227.e",
                "grid.411978.2",
                "grid.411729.8",
                "grid.1021.2",
                "grid.26009.3d",
                "grid.411863.9"
            ],
            "first_name": "Lin-Fa",
            "last_name": "Wang",
            "orcid_id": [
                "0000-0003-2752-0535"
            ]
        },
        {
            "id": "ur.0646400111.00",
            "research_orgs": [
                "grid.418084.1",
                "grid.428397.3"
            ],
            "first_name": "Danielle E",
            "last_name": "Anderson",
            "orcid_id": [
                "0000-0003-4791-5024"
            ]
        },
        {
            "id": "ur.0657704272.22",
            "research_orgs": [
                "grid.1032.0",
                "grid.2824.c",
                "grid.3575.4",
                "grid.1011.1",
                "grid.1012.2",
                "grid.417309.8",
                "grid.415606.0",
                "grid.1003.2",
                "grid.1056.2",
                "grid.415461.3"
            ],
            "first_name": "John S",
            "last_name": "Mackenzie",
            "orcid_id": [
                "0000-0002-5918-2190"
            ]
        },
        {
            "id": "ur.0666401146.84",
            "research_orgs": [
                "grid.4280.e",
                "grid.26009.3d",
                "grid.47100.32",
                "grid.412100.6"
            ],
            "first_name": "Michael H",
            "last_name": "Merson"
        }
    ],
    "research_org_countries": [
        {
            "id": "AU",
            "name": "Australia"
        },
        {
            "id": "SG",
            "name": "Singapore"
        }
    ],
    "date": "2020-02-01",
    "altmetric": 136.0,
    "pages": "e33-e34",
    "research_org_state_names": [
        "Western Australia"
    ],
    "id": "pub.1124805510",
    "research_org_state_codes": [
        {
            "id": "AU-WA",
            "name": "Western Australia"
        }
    ],
    "volume": "395",
    "issue": "10224",
    "research_org_cities": [
        {
            "id": 2063523,
            "name": "Perth"
        },
        {
            "id": 1880252,
            "name": "Singapore"
        }
    ],
    "open_access": [
        "Open Access - all",
        "Open Access - publisher",
        "Open Access - published"
    ],
    "author_affiliations": [
        [
            {
                "first_name": "Lin-Fa",
                "last_name": "Wang",
                "initials": "",
                "corresponding": "",
                "orcid": "['0000-0003-2752-0535']",
                "current_organization_id": "grid.428397.3",
                "researcher_id": "ur.01044121035.54",
                "affiliations": [
                    {
                        "id": "grid.428397.3",
                        "name": "Duke NUS Graduate Medical School",
                        "city": "Singapore",
                        "city_id": 1880252,
                        "country": "Singapore",
                        "country_code": "SG",
                        "state": null,
                        "state_code": null
                    },
                    {
                        "id": "grid.4280.e",
                        "name": "National University of Singapore",
                        "city": "Singapore",
                        "city_id": 1880252,
                        "country": "Singapore",
                        "country_code": "SG",
                        "state": null,
                        "state_code": null
                    },
                    {
                        "name": "Duke Global Health Institute, Duke University, Singapore"
                    }
                ]
            },
            {
                "first_name": "Danielle E",
                "last_name": "Anderson",
                "initials": "",
                "corresponding": "",
                "orcid": "['0000-0003-4791-5024']",
                "current_organization_id": "grid.428397.3",
                "researcher_id": "ur.0646400111.00",
                "affiliations": [
                    {
                        "id": "grid.428397.3",
                        "name": "Duke NUS Graduate Medical School",
                        "city": "Singapore",
                        "city_id": 1880252,
                        "country": "Singapore",
                        "country_code": "SG",
                        "state": null,
                        "state_code": null
                    }
                ]
            },
            {
                "first_name": "John S",
                "last_name": "Mackenzie",
                "initials": "",
                "corresponding": "",
                "orcid": "['0000-0002-5918-2190']",
                "current_organization_id": "grid.1032.0",
                "researcher_id": "ur.0657704272.22",
                "affiliations": [
                    {
                        "id": "grid.1032.0",
                        "name": "Curtin University",
                        "city": "Perth",
                        "city_id": 2063523,
                        "country": "Australia",
                        "country_code": "AU",
                        "state": "Western Australia",
                        "state_code": "AU-WA"
                    }
                ]
            },
            {
                "first_name": "Michael H",
                "last_name": "Merson",
                "initials": "",
                "corresponding": "",
                "orcid": "",
                "current_organization_id": "grid.4280.e",
                "researcher_id": "ur.0666401146.84",
                "affiliations": [
                    {
                        "id": "grid.4280.e",
                        "name": "National University of Singapore",
                        "city": "Singapore",
                        "city_id": 1880252,
                        "country": "Singapore",
                        "country_code": "SG",
                        "state": null,
                        "state_code": null
                    },
                    {
                        "name": "Duke Global Health Institute, Duke University, Singapore"
                    }
                ]
            }
        ]
    ],
    "doi": "10.1016/s0140-6736(20)30350-0",
    "times_cited": 1,
    "references": [
        "pub.1092734857",
        "pub.1062649000",
        "pub.1124428749",
        "pub.1124298293",
        "pub.1043875870",
        "pub.1003037160",
        "pub.1015347522",
        "pub.1124545162",
        "pub.1036342386",
        "pub.1082254752",
        "pub.1105762118"
    ]
}