{
    "research_orgs": [
        {
            "id": "grid.194645.b",
            "linkout": [
                "http://www.hku.hk/"
            ],
            "city_name": "Hong Kong",
            "longitude": 114.13708,
            "acronym": "HKU",
            "state_name": "Hong Kong",
            "latitude": 22.283287,
            "name": "University of Hong Kong",
            "types": [
                "Education"
            ],
            "country_name": "China"
        },
        {
            "id": "grid.410560.6",
            "linkout": [
                "http://www.gdmu.edu.cn/english.htm"
            ],
            "city_name": "Zhanjiang",
            "longitude": 113.25597,
            "latitude": 23.134224,
            "name": "Guangdong Medical College",
            "types": [
                "Education"
            ],
            "country_name": "China"
        }
    ],
    "research_org_country_names": [
        "China"
    ],
    "pmid": "32133578",
    "title": "Review of the Clinical Characteristics of Coronavirus Disease 2019 (COVID-19)",
    "type": "article",
    "year": 2020,
    "journal": {
        "id": "jour.1096256",
        "title": "Journal of General Internal Medicine"
    },
    "researchers": [
        {
            "id": "ur.01257114612.02",
            "research_orgs": [
                "grid.412601.0",
                "grid.419897.a",
                "grid.284723.8",
                "grid.410560.6",
                "grid.418343.9",
                "grid.258164.c",
                "grid.413372.0",
                "grid.411851.8"
            ],
            "first_name": "Lie-Hua",
            "last_name": "Deng"
        },
        {
            "id": "ur.0707570721.03",
            "research_orgs": [
                "grid.194645.b",
                "grid.443573.2",
                "grid.415550.0",
                "grid.452666.5",
                "grid.452860.d"
            ],
            "first_name": "Chi Wai",
            "last_name": "Cheung"
        },
        {
            "id": "ur.0603051364.39",
            "research_orgs": [
                "grid.194645.b",
                "grid.412558.f",
                "grid.412534.5",
                "grid.411545.0",
                "grid.49470.3e",
                "grid.417384.d",
                "grid.415550.0",
                "grid.268099.c",
                "grid.17091.3e",
                "grid.410560.6",
                "grid.452666.5",
                "grid.452860.d",
                "grid.412632.0",
                "grid.12981.33",
                "grid.413372.0"
            ],
            "first_name": "Zheng-Yuan",
            "last_name": "Xia"
        }
    ],
    "FOR": [
        {
            "id": "3053",
            "name": "1103 Clinical Sciences"
        }
    ],
    "research_org_countries": [
        {
            "id": "CN",
            "name": "China"
        }
    ],
    "date": "2020-03-04",
    "altmetric": 18.0,
    "pages": "1-5",
    "id": "pub.1125403940",
    "research_org_cities": [
        {
            "id": 1819729,
            "name": "Hong Kong"
        },
        {
            "id": 1784990,
            "name": "Zhanjiang"
        }
    ],
    "open_access": [
        "Open Access - all",
        "Open Access - publisher",
        "Open Access - published"
    ],
    "author_affiliations": [
        [
            {
                "first_name": "Fang",
                "last_name": "Jiang",
                "initials": "",
                "corresponding": "",
                "orcid": "",
                "current_organization_id": "",
                "researcher_id": "",
                "affiliations": [
                    {
                        "id": "grid.194645.b",
                        "name": "University of Hong Kong",
                        "city": "Hong Kong",
                        "city_id": 1819729,
                        "country": "China",
                        "country_code": "CN",
                        "state": null,
                        "state_code": null
                    }
                ]
            },
            {
                "first_name": "Liehua",
                "last_name": "Deng",
                "initials": "",
                "corresponding": "",
                "orcid": "",
                "current_organization_id": "grid.412601.0",
                "researcher_id": "ur.01257114612.02",
                "affiliations": [
                    {
                        "id": "grid.410560.6",
                        "name": "Guangdong Medical College",
                        "city": "Zhanjiang",
                        "city_id": 1784990,
                        "country": "China",
                        "country_code": "CN",
                        "state": null,
                        "state_code": null
                    }
                ]
            },
            {
                "first_name": "Liangqing",
                "last_name": "Zhang",
                "initials": "",
                "corresponding": "",
                "orcid": "",
                "current_organization_id": "",
                "researcher_id": "",
                "affiliations": [
                    {
                        "id": "grid.410560.6",
                        "name": "Guangdong Medical College",
                        "city": "Zhanjiang",
                        "city_id": 1784990,
                        "country": "China",
                        "country_code": "CN",
                        "state": null,
                        "state_code": null
                    }
                ]
            },
            {
                "first_name": "Yin",
                "last_name": "Cai",
                "initials": "",
                "corresponding": "",
                "orcid": "",
                "current_organization_id": "",
                "researcher_id": "",
                "affiliations": [
                    {
                        "id": "grid.194645.b",
                        "name": "University of Hong Kong",
                        "city": "Hong Kong",
                        "city_id": 1819729,
                        "country": "China",
                        "country_code": "CN",
                        "state": null,
                        "state_code": null
                    }
                ]
            },
            {
                "first_name": "Chi Wai",
                "last_name": "Cheung",
                "initials": "",
                "corresponding": "",
                "orcid": "",
                "current_organization_id": "grid.194645.b",
                "researcher_id": "ur.0707570721.03",
                "affiliations": [
                    {
                        "id": "grid.194645.b",
                        "name": "University of Hong Kong",
                        "city": "Hong Kong",
                        "city_id": 1819729,
                        "country": "China",
                        "country_code": "CN",
                        "state": null,
                        "state_code": null
                    }
                ]
            },
            {
                "first_name": "Zhengyuan",
                "last_name": "Xia",
                "initials": "",
                "corresponding": true,
                "orcid": "",
                "current_organization_id": "grid.194645.b",
                "researcher_id": "ur.0603051364.39",
                "affiliations": [
                    {
                        "id": "grid.194645.b",
                        "name": "University of Hong Kong",
                        "city": "Hong Kong",
                        "city_id": 1819729,
                        "country": "China",
                        "country_code": "CN",
                        "state": null,
                        "state_code": null
                    },
                    {
                        "id": "grid.410560.6",
                        "name": "Guangdong Medical College",
                        "city": "Zhanjiang",
                        "city_id": 1784990,
                        "country": "China",
                        "country_code": "CN",
                        "state": null,
                        "state_code": null
                    }
                ]
            }
        ]
    ],
    "doi": "10.1007/s11606-020-05762-w",
    "times_cited": 1,
    "references": [
        "pub.1124650779",
        "pub.1124802902",
        "pub.1124552386",
        "pub.1124290823",
        "pub.1124408081",
        "pub.1124843280",
        "pub.1015704176",
        "pub.1124461627",
        "pub.1124289146",
        "pub.1124648986",
        "pub.1124432156",
        "pub.1124654147",
        "pub.1124427336",
        "pub.1124955242",
        "pub.1124545162",
        "pub.1124434742",
        "pub.1124653974",
        "pub.1124368690",
        "pub.1124295864",
        "pub.1124298293"
    ]
}