{
    "volume": "157",
    "date": "2019-07-01",
    "title": "Intratumoral regulatory T cells: markers, subsets and their impact on anti\u2010tumor immunity",
    "researchers": [
        {
            "id": "ur.01107321770.42",
            "last_name": "Yano",
            "first_name": "Hiroshi",
            "orcid_id": [
                "0000-0002-3098-2629"
            ],
            "research_orgs": [
                "grid.267057.1",
                "grid.21925.3d",
                "grid.254444.7"
            ]
        },
        {
            "id": "ur.0601165125.37",
            "last_name": "Andrews",
            "first_name": "Lawrence P",
            "research_orgs": [
                "grid.21925.3d"
            ]
        },
        {
            "id": "ur.0707167411.59",
            "last_name": "Workman",
            "first_name": "Creg J",
            "research_orgs": [
                "grid.240871.8",
                "grid.21925.3d",
                "grid.478063.e",
                "grid.35403.31",
                "grid.412689.0"
            ]
        },
        {
            "id": "ur.0711622372.47",
            "last_name": "Vignali",
            "first_name": "Dario A A",
            "orcid_id": [
                "0000-0002-2771-5992"
            ],
            "research_orgs": [
                "grid.412689.0",
                "grid.462366.3",
                "grid.267301.1",
                "grid.38142.3c",
                "grid.241128.c",
                "grid.21925.3d",
                "grid.411461.7",
                "grid.419670.d",
                "grid.478063.e",
                "grid.240871.8",
                "grid.83440.3b"
            ]
        }
    ],
    "pmcid": "PMC6587321",
    "research_org_state_codes": [
        {
            "id": "US-PA",
            "name": "Pennsylvania"
        }
    ],
    "altmetric": 11.0,
    "pages": "232-247",
    "research_org_cities": [
        {
            "id": 5206379,
            "name": "Pittsburgh"
        }
    ],
    "open_access": [
        "Open Access - all",
        "Open Access - publisher",
        "Open Access - published"
    ],
    "research_org_countries": [
        {
            "id": "US",
            "name": "United States"
        }
    ],
    "doi": "10.1111/imm.13067",
    "FOR": [
        {
            "id": "3103",
            "name": "1107 Immunology"
        }
    ],
    "research_orgs": [
        {
            "id": "grid.21925.3d",
            "state_name": "Pennsylvania",
            "types": [
                "Education"
            ],
            "longitude": -79.961525,
            "linkout": [
                "http://www.pitt.edu/"
            ],
            "latitude": 40.443504,
            "name": "University of Pittsburgh",
            "city_name": "Pittsburgh",
            "country_name": "United States"
        },
        {
            "id": "grid.478063.e",
            "acronym": "UPCI",
            "state_name": "Pennsylvania",
            "types": [
                "Facility"
            ],
            "longitude": -79.99836,
            "linkout": [
                "https://upci.upmc.edu/"
            ],
            "latitude": 40.4271,
            "name": "University of Pittsburgh Cancer Institute",
            "city_name": "Pittsburgh",
            "country_name": "United States"
        }
    ],
    "times_cited": 8,
    "pmid": "31087644",
    "funders": [
        {
            "id": "grid.419681.3",
            "acronym": "NIAID",
            "state_name": "Maryland",
            "types": [
                "Facility"
            ],
            "longitude": -77.11183,
            "linkout": [
                "http://www.niaid.nih.gov/Pages/default.aspx"
            ],
            "latitude": 39.066647,
            "name": "National Institute of Allergy and Infectious Diseases",
            "city_name": "Bethesda",
            "country_name": "United States"
        },
        {
            "id": "grid.48336.3a",
            "acronym": "NCI",
            "state_name": "Maryland",
            "types": [
                "Government"
            ],
            "longitude": -77.10119,
            "linkout": [
                "http://www.cancer.gov/"
            ],
            "latitude": 39.004326,
            "name": "National Cancer Institute",
            "city_name": "Rockville",
            "country_name": "United States"
        }
    ],
    "research_org_country_names": [
        "United States"
    ],
    "id": "pub.1114230189",
    "issue": "3",
    "journal": {
        "id": "jour.1017641",
        "title": "Immunology"
    },
    "year": 2019,
    "references": [
        "pub.1042896583",
        "pub.1012208897",
        "pub.1045180551",
        "pub.1084435937",
        "pub.1032009553",
        "pub.1047443454",
        "pub.1036566524",
        "pub.1018300871",
        "pub.1090661756",
        "pub.1005319975",
        "pub.1078678607",
        "pub.1076989510",
        "pub.1002526790",
        "pub.1110533665",
        "pub.1045397400",
        "pub.1015506646",
        "pub.1019711908",
        "pub.1051295781",
        "pub.1085612884",
        "pub.1011067228",
        "pub.1038061797",
        "pub.1052610200",
        "pub.1016244926",
        "pub.1106445945",
        "pub.1084221516",
        "pub.1085597137",
        "pub.1022813931",
        "pub.1023663139",
        "pub.1052212829",
        "pub.1026699926",
        "pub.1037735339",
        "pub.1044628254",
        "pub.1016015156",
        "pub.1050197502",
        "pub.1012136888",
        "pub.1101500912",
        "pub.1105836944",
        "pub.1111954090",
        "pub.1047056251",
        "pub.1007523058",
        "pub.1105496737",
        "pub.1077387704",
        "pub.1042168438",
        "pub.1040409235",
        "pub.1003718375",
        "pub.1014844956",
        "pub.1046710205",
        "pub.1083293419",
        "pub.1062552528",
        "pub.1031298497",
        "pub.1031522934",
        "pub.1020892695",
        "pub.1047072675",
        "pub.1006609386",
        "pub.1021948476",
        "pub.1052548018",
        "pub.1031622182",
        "pub.1092514364",
        "pub.1001764721",
        "pub.1084213664",
        "pub.1017583595",
        "pub.1105706825",
        "pub.1103688298",
        "pub.1040761589",
        "pub.1074199811",
        "pub.1010774491",
        "pub.1005773198",
        "pub.1003771596",
        "pub.1042150447",
        "pub.1026511144",
        "pub.1030142043",
        "pub.1113159204",
        "pub.1013929978",
        "pub.1003795544",
        "pub.1006770273",
        "pub.1029517848",
        "pub.1017238567",
        "pub.1005849219",
        "pub.1009463105",
        "pub.1092440088",
        "pub.1025567814",
        "pub.1051453816",
        "pub.1036861817",
        "pub.1043324381",
        "pub.1039486303",
        "pub.1008354018",
        "pub.1063216235",
        "pub.1042841008",
        "pub.1008050393",
        "pub.1009848283",
        "pub.1041459362",
        "pub.1024839723",
        "pub.1011161430",
        "pub.1026914435",
        "pub.1046525619",
        "pub.1047445436",
        "pub.1083405317",
        "pub.1035026116",
        "pub.1092690736",
        "pub.1019011944"
    ],
    "research_org_state_names": [
        "Pennsylvania"
    ],
    "author_affiliations": [
        [
            {
                "first_name": "Hiroshi",
                "last_name": "Yano",
                "initials": "",
                "corresponding": "",
                "orcid": "['0000-0002-3098-2629']",
                "current_organization_id": "grid.21925.3d",
                "researcher_id": "ur.01107321770.42",
                "affiliations": [
                    {
                        "id": "grid.21925.3d",
                        "name": "University of Pittsburgh",
                        "city": "Pittsburgh",
                        "city_id": 5206379,
                        "country": "United States",
                        "country_code": "US",
                        "state": "Pennsylvania",
                        "state_code": "US-PA"
                    },
                    {
                        "id": "grid.21925.3d",
                        "name": "University of Pittsburgh",
                        "city": "Pittsburgh",
                        "city_id": 5206379,
                        "country": "United States",
                        "country_code": "US",
                        "state": "Pennsylvania",
                        "state_code": "US-PA"
                    }
                ]
            },
            {
                "first_name": "Lawrence P.",
                "last_name": "Andrews",
                "initials": "",
                "corresponding": "",
                "orcid": "",
                "current_organization_id": "grid.21925.3d",
                "researcher_id": "ur.0601165125.37",
                "affiliations": [
                    {
                        "id": "grid.21925.3d",
                        "name": "University of Pittsburgh",
                        "city": "Pittsburgh",
                        "city_id": 5206379,
                        "country": "United States",
                        "country_code": "US",
                        "state": "Pennsylvania",
                        "state_code": "US-PA"
                    }
                ]
            },
            {
                "first_name": "Creg J.",
                "last_name": "Workman",
                "initials": "",
                "corresponding": "",
                "orcid": "",
                "current_organization_id": "grid.21925.3d",
                "researcher_id": "ur.0707167411.59",
                "affiliations": [
                    {
                        "id": "grid.21925.3d",
                        "name": "University of Pittsburgh",
                        "city": "Pittsburgh",
                        "city_id": 5206379,
                        "country": "United States",
                        "country_code": "US",
                        "state": "Pennsylvania",
                        "state_code": "US-PA"
                    }
                ]
            },
            {
                "first_name": "Dario A. A.",
                "last_name": "Vignali",
                "initials": "",
                "corresponding": "",
                "orcid": "['0000-0002-2771-5992']",
                "current_organization_id": "grid.21925.3d",
                "researcher_id": "ur.0711622372.47",
                "affiliations": [
                    {
                        "id": "grid.21925.3d",
                        "name": "University of Pittsburgh",
                        "city": "Pittsburgh",
                        "city_id": 5206379,
                        "country": "United States",
                        "country_code": "US",
                        "state": "Pennsylvania",
                        "state_code": "US-PA"
                    },
                    {
                        "id": "grid.478063.e",
                        "name": "University of Pittsburgh Cancer Institute",
                        "city": "Pittsburgh",
                        "city_id": 5206379,
                        "country": "United States",
                        "country_code": "US",
                        "state": "Pennsylvania",
                        "state_code": "US-PA"
                    },
                    {
                        "id": "grid.478063.e",
                        "name": "University of Pittsburgh Cancer Institute",
                        "city": "Pittsburgh",
                        "city_id": 5206379,
                        "country": "United States",
                        "country_code": "US",
                        "state": "Pennsylvania",
                        "state_code": "US-PA"
                    }
                ]
            }
        ]
    ],
    "type": "article"
}