{
    "research_org_country_names": [
        "Bermuda",
        "United States"
    ],
    "pmid": "31978293",
    "title": "A Novel Coronavirus Emerging in China \u2014 Key Questions for Impact Assessment",
    "type": "article",
    "year": 2020,
    "journal": {
        "id": "jour.1014075",
        "title": "New England Journal of Medicine"
    },
    "researchers": [
        {
            "id": "ur.01334105063.89",
            "research_orgs": [
                "grid.419082.6",
                "grid.25879.31",
                "grid.48336.3a",
                "grid.416738.f",
                "grid.94365.3d",
                "grid.47894.36",
                "grid.5645.2",
                "grid.490708.2",
                "grid.502825.8",
                "grid.463270.4",
                "grid.5477.1",
                "grid.4818.5",
                "grid.420826.a",
                "grid.419681.3",
                "grid.6906.9",
                "grid.452593.c",
                "grid.442828.0",
                "grid.415368.d",
                "grid.194645.b"
            ],
            "first_name": "Vincent Jacobus",
            "last_name": "Munster",
            "orcid_id": [
                "0000-0002-2288-3196"
            ]
        },
        {
            "id": "ur.013117453357.11",
            "research_orgs": [
                "grid.5477.1",
                "grid.416738.f",
                "grid.415773.3",
                "grid.9619.7",
                "grid.424065.1",
                "grid.9018.0",
                "grid.6906.9",
                "grid.414480.d",
                "grid.410840.9",
                "grid.8547.e",
                "grid.8395.7",
                "grid.419706.d",
                "grid.5590.9",
                "grid.416135.4",
                "grid.198530.6",
                "grid.1005.4",
                "grid.10419.3d",
                "grid.10784.3a",
                "grid.7922.e",
                "grid.416993.0",
                "grid.13652.33",
                "grid.5645.2",
                "grid.5335.0",
                "grid.8664.c",
                "grid.5650.6",
                "grid.189967.8",
                "grid.417752.2",
                "grid.8954.0",
                "grid.412970.9",
                "grid.31147.30",
                "grid.418914.1",
                "grid.5132.5",
                "grid.17089.37",
                "grid.419261.9"
            ],
            "first_name": "Marion P G",
            "last_name": "Koopmans",
            "orcid_id": [
                "0000-0002-5204-2312"
            ]
        },
        {
            "id": "ur.01364235606.88",
            "research_orgs": [
                "grid.419681.3",
                "grid.452593.c",
                "grid.416738.f",
                "grid.10417.33",
                "grid.7445.2",
                "grid.415368.d",
                "grid.490708.2",
                "grid.47894.36",
                "grid.94365.3d",
                "grid.420826.a"
            ],
            "first_name": "Neeltje",
            "last_name": "Van Doremalen",
            "orcid_id": [
                "0000-0003-4368-6359"
            ]
        },
        {
            "id": "ur.01217274277.73",
            "research_orgs": [
                "grid.418481.0",
                "grid.5645.2",
                "grid.7080.f"
            ],
            "first_name": "Debby A J",
            "last_name": "Van Riel",
            "orcid_id": [
                "0000-0001-9753-3564"
            ]
        },
        {
            "id": "ur.01357410457.53",
            "research_orgs": [
                "grid.5645.2",
                "grid.176731.5",
                "grid.21613.37",
                "grid.490708.2",
                "grid.452593.c",
                "grid.5477.1",
                "grid.47894.36",
                "grid.36567.31",
                "grid.419681.3",
                "grid.415368.d",
                "grid.21729.3f",
                "grid.416738.f",
                "grid.433899.c",
                "grid.94365.3d"
            ],
            "first_name": "Emmie",
            "last_name": "De Wit",
            "orcid_id": [
                "0000-0002-9763-7758"
            ]
        }
    ],
    "research_org_countries": [
        {
            "id": "US",
            "name": "United States"
        },
        {
            "id": "BM",
            "name": "Bermuda"
        }
    ],
    "date": "2020-01-24",
    "altmetric": 1338.0,
    "pages": "692-694",
    "research_org_state_names": [
        "Tennessee",
        "Massachusetts",
        "Missouri",
        "Alabama",
        "Indiana",
        "Louisiana",
        "Maryland",
        "Georgia",
        "Ohio",
        "Montana",
        "Minnesota",
        "California",
        "Texas",
        "Illinois",
        "New Jersey",
        "New York"
    ],
    "id": "pub.1124289383",
    "research_org_state_codes": [
        {
            "id": "US-NJ",
            "name": "New Jersey"
        },
        {
            "id": "US-IN",
            "name": "Indiana"
        },
        {
            "id": "US-IL",
            "name": "Illinois"
        },
        {
            "id": "US-AL",
            "name": "Alabama"
        },
        {
            "id": "US-OH",
            "name": "Ohio"
        },
        {
            "id": "US-TX",
            "name": "Texas"
        },
        {
            "id": "US-LA",
            "name": "Louisiana"
        },
        {
            "id": "US-GA",
            "name": "Georgia"
        },
        {
            "id": "US-CA",
            "name": "California"
        },
        {
            "id": "US-MD",
            "name": "Maryland"
        },
        {
            "id": "US-NY",
            "name": "New York"
        },
        {
            "id": "US-MN",
            "name": "Minnesota"
        },
        {
            "id": "US-TN",
            "name": "Tennessee"
        },
        {
            "id": "US-MO",
            "name": "Missouri"
        },
        {
            "id": "US-MT",
            "name": "Montana"
        },
        {
            "id": "US-MA",
            "name": "Massachusetts"
        }
    ],
    "volume": "382",
    "issue": "8",
    "research_org_cities": [
        {
            "id": 4198912,
            "name": "Hamilton"
        },
        {
            "id": 5655959,
            "name": "Hamilton"
        },
        {
            "id": 4695938,
            "name": "Hamilton"
        },
        {
            "id": 5355074,
            "name": "Hamilton City"
        },
        {
            "id": 5119842,
            "name": "Hamilton"
        },
        {
            "id": 4894981,
            "name": "Hamilton"
        },
        {
            "id": 4513575,
            "name": "Hamilton"
        },
        {
            "id": 4938697,
            "name": "Hamilton Worcester"
        },
        {
            "id": 5664535,
            "name": "Manhattan"
        },
        {
            "id": 4065965,
            "name": "Hamilton"
        },
        {
            "id": 4342638,
            "name": "Sterlington"
        },
        {
            "id": 5046063,
            "name": "Savage"
        },
        {
            "id": 4502962,
            "name": "Mays Landing"
        },
        {
            "id": 5129780,
            "name": "Olean"
        },
        {
            "id": 4652341,
            "name": "Red Bank"
        },
        {
            "id": 4348599,
            "name": "Bethesda"
        },
        {
            "id": 4921083,
            "name": "Hamilton"
        },
        {
            "id": 4389309,
            "name": "Hamilton"
        }
    ],
    "open_access": [
        "Open Access - all",
        "Open Access - publisher",
        "Open Access - published"
    ],
    "author_affiliations": [
        [
            {
                "first_name": "Vincent J",
                "last_name": "Munster",
                "initials": "",
                "corresponding": "",
                "orcid": "['0000-0002-2288-3196']",
                "current_organization_id": "grid.419681.3",
                "researcher_id": "ur.01334105063.89",
                "affiliations": [
                    {
                        "name": "From the Laboratory of Virology, National Institute of Allergy and Infectious Diseases, National Institutes of Health, Hamilton, MT (V.J.M., N.D., E.W.); and the Department of Viroscience, Erasmus Medical Center, Rotterdam, the Netherlands (M.K., D.R.)."
                    }
                ]
            },
            {
                "first_name": "Marion",
                "last_name": "Koopmans",
                "initials": "",
                "corresponding": "",
                "orcid": "['0000-0002-5204-2312']",
                "current_organization_id": "grid.5645.2",
                "researcher_id": "ur.013117453357.11",
                "affiliations": [
                    {
                        "name": "From the Laboratory of Virology, National Institute of Allergy and Infectious Diseases, National Institutes of Health, Hamilton, MT (V.J.M., N.D., E.W.); and the Department of Viroscience, Erasmus Medical Center, Rotterdam, the Netherlands (M.K., D.R.)."
                    }
                ]
            },
            {
                "first_name": "Neeltje",
                "last_name": "van Doremalen",
                "initials": "",
                "corresponding": "",
                "orcid": "['0000-0003-4368-6359']",
                "current_organization_id": "grid.419681.3",
                "researcher_id": "ur.01364235606.88",
                "affiliations": [
                    {
                        "name": "From the Laboratory of Virology, National Institute of Allergy and Infectious Diseases, National Institutes of Health, Hamilton, MT (V.J.M., N.D., E.W.); and the Department of Viroscience, Erasmus Medical Center, Rotterdam, the Netherlands (M.K., D.R.)."
                    }
                ]
            },
            {
                "first_name": "Debby",
                "last_name": "van Riel",
                "initials": "",
                "corresponding": "",
                "orcid": "['0000-0001-9753-3564']",
                "current_organization_id": "grid.5645.2",
                "researcher_id": "ur.01217274277.73",
                "affiliations": [
                    {
                        "name": "From the Laboratory of Virology, National Institute of Allergy and Infectious Diseases, National Institutes of Health, Hamilton, MT (V.J.M., N.D., E.W.); and the Department of Viroscience, Erasmus Medical Center, Rotterdam, the Netherlands (M.K., D.R.)."
                    }
                ]
            },
            {
                "first_name": "Emmie",
                "last_name": "de Wit",
                "initials": "",
                "corresponding": "",
                "orcid": "['0000-0002-9763-7758']",
                "current_organization_id": "grid.419681.3",
                "researcher_id": "ur.01357410457.53",
                "affiliations": [
                    {
                        "name": "From the Laboratory of Virology, National Institute of Allergy and Infectious Diseases, National Institutes of Health, Hamilton, MT (V.J.M., N.D., E.W.); and the Department of Viroscience, Erasmus Medical Center, Rotterdam, the Netherlands (M.K., D.R.)."
                    }
                ]
            }
        ]
    ],
    "doi": "10.1056/nejmp2000929",
    "times_cited": 48,
    "references": [
        "pub.1015053541",
        "pub.1015704176",
        "pub.1049328071"
    ]
}