{
    "date": "2020-01-26",
    "title": "Time-varying transmission dynamics of Novel Coronavirus Pneumonia in China",
    "researchers": [
        {
            "id": "ur.01271552040.16",
            "last_name": "Liu",
            "first_name": "Tao",
            "research_orgs": [
                "grid.38142.3c",
                "grid.12981.33",
                "grid.198530.6",
                "grid.284723.8",
                "grid.411847.f"
            ]
        },
        {
            "id": "ur.012342736527.13",
            "last_name": "Hu",
            "first_name": "Jianxiong",
            "research_orgs": [
                "grid.198530.6",
                "grid.411847.f"
            ]
        },
        {
            "id": "ur.01256361672.62",
            "last_name": "Xiao",
            "first_name": "Jian-Peng",
            "research_orgs": [
                "grid.38142.3c",
                "grid.12981.33",
                "grid.198530.6",
                "grid.284723.8"
            ]
        },
        {
            "id": "ur.012206254767.24",
            "last_name": "He",
            "first_name": "Guanhao",
            "research_orgs": [
                "grid.198530.6"
            ]
        },
        {
            "id": "ur.01121637424.36",
            "last_name": "Kang",
            "first_name": "Min",
            "research_orgs": [
                "grid.198530.6",
                "grid.4991.5",
                "grid.5335.0",
                "grid.416738.f",
                "grid.20513.35",
                "grid.5645.2"
            ]
        },
        {
            "id": "ur.01260171625.59",
            "last_name": "Rong",
            "first_name": "Zu-Hua",
            "research_orgs": [
                "grid.198530.6",
                "grid.284723.8"
            ]
        },
        {
            "id": "ur.013501306755.21",
            "last_name": "Lin",
            "first_name": "Li Feng",
            "research_orgs": [
                "grid.198530.6"
            ]
        },
        {
            "id": "ur.01364172547.67",
            "last_name": "Zhong",
            "first_name": "Hao-Jie",
            "research_orgs": [
                "grid.198530.6",
                "grid.458488.d",
                "grid.5335.0",
                "grid.194645.b",
                "grid.5645.2"
            ]
        },
        {
            "id": "ur.01227616364.37",
            "last_name": "Deng",
            "first_name": "Ai Ping",
            "research_orgs": [
                "grid.198530.6"
            ]
        },
        {
            "id": "ur.01337636544.96",
            "last_name": "Zeng",
            "first_name": "Wei-Lin",
            "research_orgs": [
                "grid.38142.3c",
                "grid.12981.33",
                "grid.198530.6",
                "grid.284723.8"
            ]
        },
        {
            "id": "ur.0644421231.54",
            "last_name": "Tan",
            "first_name": "Xiao-Hua",
            "research_orgs": [
                "grid.198530.6"
            ]
        },
        {
            "id": "ur.0700427166.63",
            "last_name": "Zeng",
            "first_name": "Siqing",
            "research_orgs": [
                "grid.198530.6"
            ]
        },
        {
            "id": "ur.07514177341.73",
            "last_name": "Gong",
            "first_name": "Dexin",
            "research_orgs": [
                "grid.198530.6"
            ]
        },
        {
            "id": "ur.015720655315.74",
            "last_name": "Wan",
            "first_name": "Donghua",
            "research_orgs": [
                "grid.198530.6",
                "grid.284723.8"
            ]
        },
        {
            "id": "ur.0611173607.44",
            "last_name": "Guo",
            "first_name": "Lingchuan",
            "orcid_id": [
                "0000-0002-0608-5143"
            ],
            "research_orgs": [
                "grid.198530.6"
            ]
        },
        {
            "id": "ur.01271555075.48",
            "last_name": "Sun",
            "first_name": "Li-Mei",
            "research_orgs": [
                "grid.198530.6",
                "grid.458488.d",
                "grid.416738.f"
            ]
        },
        {
            "id": "ur.01065402347.00",
            "last_name": "Liang",
            "first_name": "Wen-Jia",
            "research_orgs": [
                "grid.198530.6"
            ]
        },
        {
            "id": "ur.0733345036.13",
            "last_name": "Song",
            "first_name": "Tie",
            "research_orgs": [
                "grid.198530.6",
                "grid.416738.f",
                "grid.5645.2",
                "grid.5335.0"
            ]
        },
        {
            "id": "ur.01113051340.35",
            "last_name": "Ma",
            "first_name": "Wen-Jun",
            "research_orgs": [
                "grid.1022.1",
                "grid.285683.2",
                "grid.38142.3c",
                "grid.12981.33",
                "grid.198530.6",
                "grid.284723.8",
                "grid.454798.3"
            ]
        }
    ],
    "altmetric": 1883.0,
    "research_org_cities": [
        {
            "id": 1816670,
            "name": "Beijing"
        }
    ],
    "open_access": [
        "Open Access - all",
        "Open Access - publisher",
        "Open Access - published"
    ],
    "research_org_countries": [
        {
            "id": "CN",
            "name": "China"
        }
    ],
    "doi": "10.1101/2020.01.25.919787",
    "FOR": [
        {
            "id": "3177",
            "name": "1117 Public Health and Health Services"
        }
    ],
    "times_cited": 15,
    "research_org_country_names": [
        "China"
    ],
    "id": "pub.1124337123",
    "journal": {
        "id": "jour.1293558",
        "title": "bioRxiv"
    },
    "year": 2020,
    "references": [
        "pub.1037452060",
        "pub.1124337037",
        "pub.1111311717",
        "pub.1124295864",
        "pub.1084152814",
        "pub.1053692770",
        "pub.1025620954",
        "pub.1124198548",
        "pub.1124460938",
        "pub.1124290123",
        "pub.1008246728",
        "pub.1038664705",
        "pub.1116884087",
        "pub.1124371076",
        "pub.1038928799",
        "pub.1028334231",
        "pub.1124494023",
        "pub.1124425523",
        "pub.1124290823"
    ],
    "author_affiliations": [
        [
            {
                "first_name": "Tao",
                "last_name": "Liu",
                "initials": "",
                "corresponding": "",
                "orcid": "",
                "current_organization_id": "grid.198530.6",
                "researcher_id": "ur.01271552040.16",
                "affiliations": [
                    {
                        "name": "Guangdong Provincial Institute of Public Health, Guangdong Provincial Center for Disease Control and Prevention"
                    }
                ]
            },
            {
                "first_name": "Jianxiong",
                "last_name": "Hu",
                "initials": "",
                "corresponding": "",
                "orcid": "",
                "current_organization_id": "grid.198530.6",
                "researcher_id": "ur.012342736527.13",
                "affiliations": [
                    {
                        "name": "Guangdong Provincial Institute of Public Health, Guangdong Provincial Center for Disease Control and Prevention"
                    }
                ]
            },
            {
                "first_name": "Jianpeng",
                "last_name": "Xiao",
                "initials": "",
                "corresponding": "",
                "orcid": "",
                "current_organization_id": "grid.198530.6",
                "researcher_id": "ur.01256361672.62",
                "affiliations": [
                    {
                        "name": "Guangdong Provincial Institute of Public Health, Guangdong Provincial Center for Disease Control and Prevention"
                    }
                ]
            },
            {
                "first_name": "Guanhao",
                "last_name": "He",
                "initials": "",
                "corresponding": "",
                "orcid": "",
                "current_organization_id": "grid.198530.6",
                "researcher_id": "ur.012206254767.24",
                "affiliations": [
                    {
                        "name": "Guangdong Provincial Institute of Public Health, Guangdong Provincial Center for Disease Control and Prevention"
                    }
                ]
            },
            {
                "first_name": "Min",
                "last_name": "Kang",
                "initials": "",
                "corresponding": "",
                "orcid": "",
                "current_organization_id": "grid.198530.6",
                "researcher_id": "ur.01121637424.36",
                "affiliations": [
                    {
                        "name": "Guangdong Provincial Center for Disease Control and Prevention"
                    }
                ]
            },
            {
                "first_name": "Zuhua",
                "last_name": "Rong",
                "initials": "",
                "corresponding": "",
                "orcid": "",
                "current_organization_id": "grid.284723.8",
                "researcher_id": "ur.01260171625.59",
                "affiliations": [
                    {
                        "name": "Guangdong Provincial Institute of Public Health, Guangdong Provincial Center for Disease Control and Prevention"
                    }
                ]
            },
            {
                "first_name": "Lifeng",
                "last_name": "Lin",
                "initials": "",
                "corresponding": "",
                "orcid": "",
                "current_organization_id": "grid.198530.6",
                "researcher_id": "ur.013501306755.21",
                "affiliations": [
                    {
                        "name": "Guangdong Provincial Center for Disease Control and Prevention"
                    }
                ]
            },
            {
                "first_name": "Haojie",
                "last_name": "Zhong",
                "initials": "",
                "corresponding": "",
                "orcid": "",
                "current_organization_id": "grid.198530.6",
                "researcher_id": "ur.01364172547.67",
                "affiliations": [
                    {
                        "name": "Guangdong Provincial Center for Disease Control and Prevention"
                    }
                ]
            },
            {
                "first_name": "Qiong",
                "last_name": "Huang",
                "initials": "",
                "corresponding": "",
                "orcid": "",
                "current_organization_id": "",
                "researcher_id": "",
                "affiliations": [
                    {
                        "name": "Guangdong Provincial Center for Disease Control and Prevention"
                    }
                ]
            },
            {
                "first_name": "Aiping",
                "last_name": "Deng",
                "initials": "",
                "corresponding": "",
                "orcid": "",
                "current_organization_id": "grid.198530.6",
                "researcher_id": "ur.01227616364.37",
                "affiliations": [
                    {
                        "name": "Guangdong Provincial Center for Disease Control and Prevention"
                    }
                ]
            },
            {
                "first_name": "Weilin",
                "last_name": "Zeng",
                "initials": "",
                "corresponding": "",
                "orcid": "",
                "current_organization_id": "grid.198530.6",
                "researcher_id": "ur.01337636544.96",
                "affiliations": [
                    {
                        "name": "Guangdong Provincial Institute of Public Health, Guangdong Provincial Center for Disease Control and Prevention"
                    }
                ]
            },
            {
                "first_name": "Xiaohua",
                "last_name": "Tan",
                "initials": "",
                "corresponding": "",
                "orcid": "",
                "current_organization_id": "grid.198530.6",
                "researcher_id": "ur.0644421231.54",
                "affiliations": [
                    {
                        "name": "Guangdong Provincial Center for Disease Control and Prevention"
                    }
                ]
            },
            {
                "first_name": "Siqing",
                "last_name": "Zeng",
                "initials": "",
                "corresponding": "",
                "orcid": "",
                "current_organization_id": "grid.198530.6",
                "researcher_id": "ur.0700427166.63",
                "affiliations": [
                    {
                        "name": "Guangdong Provincial Institute of Public Health, Guangdong Provincial Center for Disease Control and Prevention"
                    }
                ]
            },
            {
                "first_name": "Zhihua",
                "last_name": "Zhu",
                "initials": "",
                "corresponding": "",
                "orcid": "",
                "current_organization_id": "",
                "researcher_id": "",
                "affiliations": [
                    {
                        "name": "Guangdong Provincial Institute of Public Health, Guangdong Provincial Center for Disease Control and Prevention"
                    }
                ]
            },
            {
                "first_name": "Jiansen",
                "last_name": "Li",
                "initials": "",
                "corresponding": "",
                "orcid": "",
                "current_organization_id": "",
                "researcher_id": "",
                "affiliations": [
                    {
                        "name": "Guangdong Provincial Center for Disease Control and Prevention"
                    }
                ]
            },
            {
                "first_name": "Dexin",
                "last_name": "Gong",
                "initials": "",
                "corresponding": "",
                "orcid": "",
                "current_organization_id": "grid.198530.6",
                "researcher_id": "ur.07514177341.73",
                "affiliations": [
                    {
                        "name": "Guangdong Provincial Institute of Public Health, Guangdong Provincial Center for Disease Control and Prevention"
                    }
                ]
            },
            {
                "first_name": "Donghua",
                "last_name": "Wan",
                "initials": "",
                "corresponding": "",
                "orcid": "",
                "current_organization_id": "grid.198530.6",
                "researcher_id": "ur.015720655315.74",
                "affiliations": [
                    {
                        "name": "Guangdong Provincial Institute of Public Health, Guangdong Provincial Center for Disease Control and Prevention"
                    }
                ]
            },
            {
                "first_name": "Shaowei",
                "last_name": "Chen",
                "initials": "",
                "corresponding": "",
                "orcid": "",
                "current_organization_id": "",
                "researcher_id": "",
                "affiliations": [
                    {
                        "name": "Guangdong Provincial Institute of Public Health, Guangdong Provincial Center for Disease Control and Prevention"
                    }
                ]
            },
            {
                "first_name": "Lingchuan",
                "last_name": "Guo",
                "initials": "",
                "corresponding": "",
                "orcid": "['0000-0002-0608-5143']",
                "current_organization_id": "grid.198530.6",
                "researcher_id": "ur.0611173607.44",
                "affiliations": [
                    {
                        "name": "Guangdong Provincial Institute of Public Health, Guangdong Provincial Center for Disease Control and Prevention"
                    }
                ]
            },
            {
                "first_name": "Yan",
                "last_name": "Li",
                "initials": "",
                "corresponding": "",
                "orcid": "",
                "current_organization_id": "",
                "researcher_id": "",
                "affiliations": [
                    {
                        "name": "Guangdong Provincial Center for Disease Control and Prevention"
                    }
                ]
            },
            {
                "first_name": "Limei",
                "last_name": "Sun",
                "initials": "",
                "corresponding": "",
                "orcid": "",
                "current_organization_id": "grid.198530.6",
                "researcher_id": "ur.01271555075.48",
                "affiliations": [
                    {
                        "name": "Guangdong Provincial Center for Disease Control and Prevention"
                    }
                ]
            },
            {
                "first_name": "Wenjia",
                "last_name": "Liang",
                "initials": "",
                "corresponding": "",
                "orcid": "",
                "current_organization_id": "grid.198530.6",
                "researcher_id": "ur.01065402347.00",
                "affiliations": [
                    {
                        "name": "Guangdong Provincial Center for Disease Control and Prevention"
                    }
                ]
            },
            {
                "first_name": "Tie",
                "last_name": "Song",
                "initials": "",
                "corresponding": "",
                "orcid": "",
                "current_organization_id": "grid.198530.6",
                "researcher_id": "ur.0733345036.13",
                "affiliations": [
                    {
                        "name": "Guangdong Provincial Center for Disease Control and Prevention"
                    }
                ]
            },
            {
                "first_name": "Jianfeng",
                "last_name": "He",
                "initials": "",
                "corresponding": "",
                "orcid": "",
                "current_organization_id": "",
                "researcher_id": "",
                "affiliations": [
                    {
                        "name": "Guangdong Provincial Center for Disease Control and Prevention"
                    }
                ]
            },
            {
                "first_name": "Wenjun",
                "last_name": "Ma",
                "initials": "",
                "corresponding": "",
                "orcid": "",
                "current_organization_id": "grid.198530.6",
                "researcher_id": "ur.01113051340.35",
                "affiliations": [
                    {
                        "name": "Guangdong Provincial Institute of Public Health, Guangdong Provincial Center for Disease Control and Prevention"
                    }
                ]
            }
        ]
    ],
    "type": "preprint"
}