{
    "pmid": "29789363",
    "author_affiliations": [
        [
            {
                "first_name": "Carlos",
                "last_name": "Casta\u00f1o-Rodriguez",
                "initials": "",
                "corresponding": "",
                "orcid": "",
                "current_organization_id": "grid.4711.3",
                "researcher_id": "ur.01237327004.91",
                "affiliations": [
                    {
                        "id": "grid.5515.4",
                        "name": "Autonomous University of Madrid",
                        "city": "Madrid",
                        "city_id": 3117735,
                        "country": "Spain",
                        "country_code": "ES",
                        "state": null,
                        "state_code": null
                    }
                ]
            },
            {
                "first_name": "Jose M.",
                "last_name": "Honrubia",
                "initials": "",
                "corresponding": "",
                "orcid": "",
                "current_organization_id": "grid.5515.4",
                "researcher_id": "ur.016660331426.63",
                "affiliations": [
                    {
                        "id": "grid.5515.4",
                        "name": "Autonomous University of Madrid",
                        "city": "Madrid",
                        "city_id": 3117735,
                        "country": "Spain",
                        "country_code": "ES",
                        "state": null,
                        "state_code": null
                    }
                ]
            },
            {
                "first_name": "Javier",
                "last_name": "Guti\u00e9rrez-\u00c1lvarez",
                "initials": "",
                "corresponding": "",
                "orcid": "['0000-0003-0690-9496']",
                "current_organization_id": "grid.4711.3",
                "researcher_id": "ur.014104070311.74",
                "affiliations": [
                    {
                        "id": "grid.5515.4",
                        "name": "Autonomous University of Madrid",
                        "city": "Madrid",
                        "city_id": 3117735,
                        "country": "Spain",
                        "country_code": "ES",
                        "state": null,
                        "state_code": null
                    }
                ]
            },
            {
                "first_name": "Marta L.",
                "last_name": "DeDiego",
                "initials": "",
                "corresponding": "",
                "orcid": "['0000-0002-7888-7372']",
                "current_organization_id": "grid.412750.5",
                "researcher_id": "ur.0742601750.54",
                "affiliations": [
                    {
                        "id": "grid.5515.4",
                        "name": "Autonomous University of Madrid",
                        "city": "Madrid",
                        "city_id": 3117735,
                        "country": "Spain",
                        "country_code": "ES",
                        "state": null,
                        "state_code": null
                    }
                ]
            },
            {
                "first_name": "Jose L.",
                "last_name": "Nieto-Torres",
                "initials": "",
                "corresponding": "",
                "orcid": "",
                "current_organization_id": "grid.479509.6",
                "researcher_id": "ur.0672450123.04",
                "affiliations": [
                    {
                        "id": "grid.5515.4",
                        "name": "Autonomous University of Madrid",
                        "city": "Madrid",
                        "city_id": 3117735,
                        "country": "Spain",
                        "country_code": "ES",
                        "state": null,
                        "state_code": null
                    }
                ]
            },
            {
                "first_name": "Jose M.",
                "last_name": "Jimenez-Guarde\u00f1o",
                "initials": "",
                "corresponding": "",
                "orcid": "['0000-0002-1726-8033']",
                "current_organization_id": "grid.13097.3c",
                "researcher_id": "ur.01173007565.13",
                "affiliations": [
                    {
                        "id": "grid.5515.4",
                        "name": "Autonomous University of Madrid",
                        "city": "Madrid",
                        "city_id": 3117735,
                        "country": "Spain",
                        "country_code": "ES",
                        "state": null,
                        "state_code": null
                    }
                ]
            },
            {
                "first_name": "Jose A.",
                "last_name": "Regla-Nava",
                "initials": "",
                "corresponding": "",
                "orcid": "",
                "current_organization_id": "grid.185006.a",
                "researcher_id": "ur.01073742114.62",
                "affiliations": [
                    {
                        "id": "grid.5515.4",
                        "name": "Autonomous University of Madrid",
                        "city": "Madrid",
                        "city_id": 3117735,
                        "country": "Spain",
                        "country_code": "ES",
                        "state": null,
                        "state_code": null
                    }
                ]
            },
            {
                "first_name": "Raul",
                "last_name": "Fernandez-Delgado",
                "initials": "",
                "corresponding": "",
                "orcid": "['0000-0001-7411-9010']",
                "current_organization_id": "grid.428469.5",
                "researcher_id": "ur.01123100404.12",
                "affiliations": [
                    {
                        "id": "grid.5515.4",
                        "name": "Autonomous University of Madrid",
                        "city": "Madrid",
                        "city_id": 3117735,
                        "country": "Spain",
                        "country_code": "ES",
                        "state": null,
                        "state_code": null
                    }
                ]
            },
            {
                "first_name": "Carmina",
                "last_name": "Verdia-B\u00e1guena",
                "initials": "",
                "corresponding": "",
                "orcid": "",
                "current_organization_id": "grid.9612.c",
                "researcher_id": "ur.0624334723.94",
                "affiliations": [
                    {
                        "id": "grid.9612.c",
                        "name": "Jaume I University",
                        "city": "Castell\u00f3 de la Plana",
                        "city_id": 2519752,
                        "country": "Spain",
                        "country_code": "ES",
                        "state": null,
                        "state_code": null
                    }
                ]
            },
            {
                "first_name": "Maria",
                "last_name": "Queralt-Mart\u00edn",
                "initials": "",
                "corresponding": "",
                "orcid": "['0000-0002-0644-6746']",
                "current_organization_id": "grid.420089.7",
                "researcher_id": "ur.01006625513.85",
                "affiliations": [
                    {
                        "id": "grid.420089.7",
                        "name": "National Institute of Child Health and Human Development",
                        "city": "Bethesda",
                        "city_id": 4348599,
                        "country": "United States",
                        "country_code": "US",
                        "state": "Maryland",
                        "state_code": "US-MD"
                    },
                    {
                        "id": "grid.9612.c",
                        "name": "Jaume I University",
                        "city": "Castell\u00f3 de la Plana",
                        "city_id": 2519752,
                        "country": "Spain",
                        "country_code": "ES",
                        "state": null,
                        "state_code": null
                    }
                ]
            },
            {
                "first_name": "Grazyna",
                "last_name": "Kochan",
                "initials": "",
                "corresponding": "",
                "orcid": "['0000-0002-0534-9661']",
                "current_organization_id": "grid.428855.6",
                "researcher_id": "ur.01127064445.18",
                "affiliations": [
                    {
                        "id": "grid.428855.6",
                        "name": "NavarraBiomed",
                        "city": "Pamplona",
                        "city_id": 3114472,
                        "country": "Spain",
                        "country_code": "ES",
                        "state": null,
                        "state_code": null
                    }
                ]
            },
            {
                "first_name": "Stanley",
                "last_name": "Perlman",
                "initials": "",
                "corresponding": "",
                "orcid": "['0000-0003-4213-2354']",
                "current_organization_id": "grid.214572.7",
                "researcher_id": "ur.01307305176.50",
                "affiliations": [
                    {
                        "id": "grid.214572.7",
                        "name": "University of Iowa",
                        "city": "Iowa City",
                        "city_id": 4862034,
                        "country": "United States",
                        "country_code": "US",
                        "state": "Iowa",
                        "state_code": "US-IA"
                    }
                ]
            },
            {
                "first_name": "Vicente M.",
                "last_name": "Aguilella",
                "initials": "",
                "corresponding": "",
                "orcid": "['0000-0002-2420-2649']",
                "current_organization_id": "grid.9612.c",
                "researcher_id": "ur.01075346145.37",
                "affiliations": [
                    {
                        "id": "grid.9612.c",
                        "name": "Jaume I University",
                        "city": "Castell\u00f3 de la Plana",
                        "city_id": 2519752,
                        "country": "Spain",
                        "country_code": "ES",
                        "state": null,
                        "state_code": null
                    }
                ]
            },
            {
                "first_name": "Isabel",
                "last_name": "Sola",
                "initials": "",
                "corresponding": "",
                "orcid": "['0000-0002-5704-1917']",
                "current_organization_id": "grid.5515.4",
                "researcher_id": "ur.01267277244.06",
                "affiliations": [
                    {
                        "id": "grid.5515.4",
                        "name": "Autonomous University of Madrid",
                        "city": "Madrid",
                        "city_id": 3117735,
                        "country": "Spain",
                        "country_code": "ES",
                        "state": null,
                        "state_code": null
                    }
                ]
            },
            {
                "first_name": "Luis",
                "last_name": "Enjuanes",
                "initials": "",
                "corresponding": "",
                "orcid": "['0000-0002-0854-0226']",
                "current_organization_id": "grid.5515.4",
                "researcher_id": "ur.01135715410.45",
                "affiliations": [
                    {
                        "id": "grid.5515.4",
                        "name": "Autonomous University of Madrid",
                        "city": "Madrid",
                        "city_id": 3117735,
                        "country": "Spain",
                        "country_code": "ES",
                        "state": null,
                        "state_code": null
                    }
                ]
            }
        ]
    ],
    "altmetric": 3.0,
    "FOR": [
        {
            "id": "3114",
            "name": "1108 Medical Microbiology"
        }
    ],
    "research_org_countries": [
        {
            "id": "ES",
            "name": "Spain"
        },
        {
            "id": "US",
            "name": "United States"
        }
    ],
    "title": "Role of Severe Acute Respiratory Syndrome Coronavirus Viroporins E, 3a, and 8a in Replication and Pathogenesis",
    "research_org_cities": [
        {
            "id": 3117735,
            "name": "Madrid"
        },
        {
            "id": 2519752,
            "name": "Castell\u00f3 de la Plana"
        },
        {
            "id": 3114472,
            "name": "Pamplona"
        },
        {
            "id": 4862034,
            "name": "Iowa City"
        },
        {
            "id": 4348599,
            "name": "Bethesda"
        }
    ],
    "pages": "e02325-17",
    "issue": "3",
    "research_org_state_names": [
        "Iowa",
        "Maryland"
    ],
    "open_access": [
        "Open Access - all",
        "Open Access - publisher",
        "Open Access - published"
    ],
    "doi": "10.1128/mbio.02325-17",
    "times_cited": 15,
    "journal": {
        "id": "jour.1042492",
        "title": "mBio"
    },
    "funders": [
        {
            "id": "grid.483719.0",
            "name": "CaixaBank",
            "linkout": [
                "https://www.caixabank.es/index_es.html"
            ],
            "country_name": "Spain",
            "types": [
                "Other"
            ],
            "latitude": 41.39364,
            "city_name": "Barcelona",
            "longitude": 2.188014
        },
        {
            "id": "grid.419681.3",
            "name": "National Institute of Allergy and Infectious Diseases",
            "linkout": [
                "http://www.niaid.nih.gov/Pages/default.aspx"
            ],
            "country_name": "United States",
            "types": [
                "Facility"
            ],
            "latitude": 39.066647,
            "acronym": "NIAID",
            "state_name": "Maryland",
            "city_name": "Bethesda",
            "longitude": -77.11183
        },
        {
            "id": "grid.270680.b",
            "name": "European Commission",
            "linkout": [
                "http://ec.europa.eu/index_en.htm"
            ],
            "country_name": "Belgium",
            "types": [
                "Government"
            ],
            "latitude": 50.85165,
            "acronym": "EC",
            "city_name": "Brussels",
            "longitude": 4.36367
        }
    ],
    "year": 2018,
    "research_orgs": [
        {
            "id": "grid.214572.7",
            "name": "University of Iowa",
            "linkout": [
                "http://www.uiowa.edu/"
            ],
            "country_name": "United States",
            "types": [
                "Education"
            ],
            "latitude": 41.662952,
            "acronym": "UI",
            "state_name": "Iowa",
            "city_name": "Iowa City",
            "longitude": -91.554924
        },
        {
            "id": "grid.420089.7",
            "name": "National Institute of Child Health and Human Development",
            "linkout": [
                "http://www.nichd.nih.gov/Pages/index.aspx"
            ],
            "country_name": "United States",
            "types": [
                "Facility"
            ],
            "latitude": 39.001095,
            "acronym": "NICHD",
            "state_name": "Maryland",
            "city_name": "Bethesda",
            "longitude": -77.10042
        },
        {
            "id": "grid.5515.4",
            "name": "Autonomous University of Madrid",
            "linkout": [
                "https://www.uam.es/ss/Satellite/es/home/"
            ],
            "country_name": "Spain",
            "types": [
                "Education"
            ],
            "latitude": 40.5453,
            "acronym": "UAM",
            "city_name": "Madrid",
            "longitude": -3.69611
        },
        {
            "id": "grid.9612.c",
            "name": "Jaume I University",
            "linkout": [
                "https://ujiapps.uji.es/"
            ],
            "country_name": "Spain",
            "types": [
                "Education"
            ],
            "latitude": 39.99371,
            "acronym": "UJI",
            "city_name": "Castell\u00f3 de la Plana",
            "longitude": -0.069994
        },
        {
            "id": "grid.428855.6",
            "name": "NavarraBiomed",
            "country_name": "Spain",
            "city_name": "Pamplona"
        }
    ],
    "id": "pub.1104054733",
    "references": [
        "pub.1050327842",
        "pub.1050509377",
        "pub.1013728443",
        "pub.1026745991",
        "pub.1032361197",
        "pub.1035123035",
        "pub.1052843891",
        "pub.1044949713",
        "pub.1034751942",
        "pub.1041322447",
        "pub.1000980791",
        "pub.1021053801",
        "pub.1037408524",
        "pub.1013006557",
        "pub.1017440636",
        "pub.1009568996",
        "pub.1082881271",
        "pub.1013848284",
        "pub.1016923844",
        "pub.1009069168",
        "pub.1055426213",
        "pub.1028990255",
        "pub.1017837695",
        "pub.1006133826",
        "pub.1020520848",
        "pub.1047741362",
        "pub.1020749641",
        "pub.1033669466",
        "pub.1007713738",
        "pub.1017696789",
        "pub.1023407245",
        "pub.1044550494",
        "pub.1000982239",
        "pub.1051487787",
        "pub.1044346674",
        "pub.1049365765",
        "pub.1031102485",
        "pub.1028475089",
        "pub.1021447532",
        "pub.1082957660",
        "pub.1030325869",
        "pub.1013668257",
        "pub.1022128852",
        "pub.1033671149",
        "pub.1023084998",
        "pub.1028515842",
        "pub.1017803758",
        "pub.1020440792",
        "pub.1017198095",
        "pub.1051079318",
        "pub.1051539290",
        "pub.1001012691",
        "pub.1012274945",
        "pub.1078636387",
        "pub.1038292024",
        "pub.1000342860",
        "pub.1044121756",
        "pub.1049275138",
        "pub.1045642905",
        "pub.1015040445",
        "pub.1032701461",
        "pub.1024782211",
        "pub.1024014151",
        "pub.1011935284",
        "pub.1017316824",
        "pub.1005958012",
        "pub.1002316677",
        "pub.1079398878",
        "pub.1000447899",
        "pub.1018992828",
        "pub.1020335229",
        "pub.1015283288",
        "pub.1043875870",
        "pub.1035817137",
        "pub.1048220911",
        "pub.1013842168",
        "pub.1022155053",
        "pub.1043380321"
    ],
    "research_org_country_names": [
        "United States",
        "Spain"
    ],
    "date": "2018-05-22",
    "research_org_state_codes": [
        {
            "id": "US-IA",
            "name": "Iowa"
        },
        {
            "id": "US-MD",
            "name": "Maryland"
        }
    ],
    "researchers": [
        {
            "id": "ur.01237327004.91",
            "research_orgs": [
                "grid.428469.5",
                "grid.5515.4",
                "grid.4795.f"
            ],
            "last_name": "Casta\u00f1o-Rodriguez",
            "first_name": "Carlos"
        },
        {
            "id": "ur.016660331426.63",
            "research_orgs": [
                "grid.5515.4"
            ],
            "last_name": "Honrubia",
            "first_name": "Jos\u00e9 M"
        },
        {
            "id": "ur.014104070311.74",
            "research_orgs": [
                "grid.4711.3",
                "grid.428469.5",
                "grid.5515.4"
            ],
            "last_name": "Guti\u00e9rrez-\u00c1lvarez",
            "first_name": "Javier",
            "orcid_id": [
                "0000-0003-0690-9496"
            ]
        },
        {
            "id": "ur.0742601750.54",
            "research_orgs": [
                "grid.16416.34",
                "grid.428469.5",
                "grid.5515.4",
                "grid.412750.5"
            ],
            "last_name": "Dediego",
            "first_name": "Marta L",
            "orcid_id": [
                "0000-0002-7888-7372"
            ]
        },
        {
            "id": "ur.0672450123.04",
            "research_orgs": [
                "grid.428469.5",
                "grid.479509.6",
                "grid.5515.4"
            ],
            "last_name": "Nieto-Torres",
            "first_name": "Jose Luis"
        },
        {
            "id": "ur.01173007565.13",
            "research_orgs": [
                "grid.428469.5",
                "grid.5515.4",
                "grid.13097.3c"
            ],
            "last_name": "Jimenez-Guarde\u00f1o",
            "first_name": "Jose Manuel",
            "orcid_id": [
                "0000-0002-1726-8033"
            ]
        },
        {
            "id": "ur.01073742114.62",
            "research_orgs": [
                "grid.428469.5",
                "grid.5515.4",
                "grid.185006.a"
            ],
            "last_name": "Regla-Nava",
            "first_name": "Jose Angel",
            "orcid_id": [
                "0000-0002-5438-1369"
            ]
        },
        {
            "id": "ur.01123100404.12",
            "research_orgs": [
                "grid.4711.3",
                "grid.428469.5",
                "grid.419190.4",
                "grid.5515.4"
            ],
            "last_name": "Fernandez-Delgado",
            "first_name": "Ra\u00fal",
            "orcid_id": [
                "0000-0001-7411-9010"
            ]
        },
        {
            "id": "ur.0624334723.94",
            "research_orgs": [
                "grid.9612.c",
                "grid.5338.d"
            ],
            "last_name": "Verdi\u00e1-B\u00e1guena",
            "first_name": "Carmina"
        },
        {
            "id": "ur.01006625513.85",
            "research_orgs": [
                "grid.94365.3d",
                "grid.5841.8",
                "grid.9612.c",
                "grid.420089.7"
            ],
            "last_name": "Queralt-Mart\u00edn",
            "first_name": "Mar\u00eda",
            "orcid_id": [
                "0000-0002-0644-6746"
            ]
        },
        {
            "id": "ur.01127064445.18",
            "research_orgs": [
                "grid.8585.0",
                "grid.449997.e",
                "grid.5515.4",
                "grid.428469.5",
                "grid.428855.6",
                "grid.438219.5",
                "grid.497559.3",
                "grid.4991.5"
            ],
            "last_name": "Kochan",
            "first_name": "Grazyna T",
            "orcid_id": [
                "0000-0002-0534-9661"
            ]
        },
        {
            "id": "ur.01307305176.50",
            "research_orgs": [
                "grid.4305.2",
                "grid.116068.8",
                "grid.470124.4",
                "grid.504449.8",
                "grid.412584.e",
                "grid.214572.7",
                "grid.253264.4",
                "grid.267308.8"
            ],
            "last_name": "Perlman",
            "first_name": "Stanley M",
            "orcid_id": [
                "0000-0003-4213-2354"
            ]
        },
        {
            "id": "ur.01075346145.37",
            "research_orgs": [
                "grid.9612.c",
                "grid.5373.2",
                "grid.411050.1",
                "grid.5338.d"
            ],
            "last_name": "Aguilella",
            "first_name": "Vicente Manuel",
            "orcid_id": [
                "0000-0002-2420-2649"
            ]
        },
        {
            "id": "ur.01267277244.06",
            "research_orgs": [
                "grid.4711.3",
                "grid.428469.5",
                "grid.5515.4"
            ],
            "last_name": "Sola",
            "first_name": "Isabel",
            "orcid_id": [
                "0000-0002-5704-1917"
            ]
        },
        {
            "id": "ur.01135715410.45",
            "research_orgs": [
                "grid.5515.4",
                "grid.5924.a",
                "grid.428469.5",
                "grid.63622.33",
                "grid.4711.3"
            ],
            "last_name": "Enjuanes",
            "first_name": "Luis",
            "orcid_id": [
                "0000-0002-0854-0226"
            ]
        }
    ],
    "relative_citation_ratio": 2.03,
    "type": "article",
    "volume": "9",
    "pmcid": "PMC5964350"
}