{
    "date": "2016-12-01",
    "title": "Primary Isolation of Viruses",
    "researchers": [
        {
            "id": "ur.011173754053.67",
            "last_name": "Landry",
            "first_name": "Marie Louise",
            "research_orgs": [
                "grid.417307.6",
                "grid.280401.f",
                "grid.281208.1",
                "grid.47100.32",
                "grid.410404.5",
                "grid.238491.5",
                "grid.412750.5",
                "grid.417587.8",
                "grid.416738.f"
            ]
        }
    ],
    "pages": "79-93",
    "doi": "10.1128/9781555819156.ch7",
    "FOR": [
        {
            "id": "3114",
            "name": "1108 Medical Microbiology"
        }
    ],
    "times_cited": 1,
    "id": "pub.1088810228",
    "year": 2016,
    "references": [
        "pub.1074474694",
        "pub.1074734581",
        "pub.1080696777",
        "pub.1041917677",
        "pub.1078398340",
        "pub.1015586236",
        "pub.1081613136",
        "pub.1049887285",
        "pub.1079519912",
        "pub.1050840317",
        "pub.1078403048",
        "pub.1027707120",
        "pub.1016405678",
        "pub.1018470369",
        "pub.1053711069",
        "pub.1036298860",
        "pub.1078426532",
        "pub.1083208764",
        "pub.1062448646",
        "pub.1083316521",
        "pub.1083106889",
        "pub.1079667517",
        "pub.1022189182",
        "pub.1010590851",
        "pub.1079905215",
        "pub.1036817427",
        "pub.1082783634",
        "pub.1025588595",
        "pub.1060400578",
        "pub.1050633825",
        "pub.1077131264",
        "pub.1051149958",
        "pub.1034268562",
        "pub.1043875870",
        "pub.1000219801",
        "pub.1037313443",
        "pub.1074569850",
        "pub.1083075950",
        "pub.1082753037",
        "pub.1015912473",
        "pub.1083119885",
        "pub.1075500510",
        "pub.1082928659",
        "pub.1079492229",
        "pub.1026134669",
        "pub.1082749867",
        "pub.1028717223",
        "pub.1079200523",
        "pub.1018843203",
        "pub.1077223064",
        "pub.1032511370",
        "pub.1074551669",
        "pub.1037890071",
        "pub.1081661099",
        "pub.1020317012",
        "pub.1044495703",
        "pub.1082723527",
        "pub.1027445342",
        "pub.1083348630",
        "pub.1028902414",
        "pub.1079013314",
        "pub.1080276155",
        "pub.1079422487",
        "pub.1075649480",
        "pub.1083286211",
        "pub.1079517297",
        "pub.1015877591",
        "pub.1052007639",
        "pub.1075545174",
        "pub.1033122753",
        "pub.1079418517",
        "pub.1035680398",
        "pub.1079414727",
        "pub.1081560957",
        "pub.1003403291",
        "pub.1050952563",
        "pub.1004916612",
        "pub.1077213368",
        "pub.1080261250",
        "pub.1048778309",
        "pub.1038890641",
        "pub.1078408329",
        "pub.1002983281",
        "pub.1083080134",
        "pub.1078592850",
        "pub.1047036166",
        "pub.1082400274",
        "pub.1082862441",
        "pub.1006159465",
        "pub.1079499598",
        "pub.1022274580",
        "pub.1003264997",
        "pub.1035009509",
        "pub.1049330509",
        "pub.1053400946",
        "pub.1007739932",
        "pub.1034049861",
        "pub.1075264564",
        "pub.1079695625",
        "pub.1030113054",
        "pub.1038854504",
        "pub.1074358520",
        "pub.1016661854"
    ],
    "author_affiliations": [
        [
            {
                "first_name": "Marie L.",
                "last_name": "Landry",
                "initials": "",
                "corresponding": "",
                "orcid": "",
                "current_organization_id": "grid.47100.32",
                "researcher_id": "ur.011173754053.67",
                "affiliations": []
            },
            {
                "first_name": "Diane",
                "last_name": "Leland",
                "initials": "",
                "corresponding": "",
                "orcid": "",
                "current_organization_id": "",
                "researcher_id": "",
                "affiliations": []
            }
        ]
    ],
    "type": "chapter"
}