{
    "research_orgs": [
        {
            "id": "grid.419681.3",
            "linkout": [
                "http://www.niaid.nih.gov/Pages/default.aspx"
            ],
            "city_name": "Bethesda",
            "longitude": -77.11183,
            "acronym": "NIAID",
            "state_name": "Maryland",
            "latitude": 39.066647,
            "name": "National Institute of Allergy and Infectious Diseases",
            "types": [
                "Facility"
            ],
            "country_name": "United States"
        },
        {
            "id": "grid.418021.e",
            "linkout": [
                "https://frederick.cancer.gov"
            ],
            "city_name": "Frederick",
            "longitude": -77.36293,
            "acronym": "FNLCR",
            "state_name": "Maryland",
            "latitude": 39.439724,
            "name": "Frederick National Laboratory for Cancer Research",
            "types": [
                "Facility"
            ],
            "country_name": "United States"
        },
        {
            "id": "grid.10698.36",
            "linkout": [
                "http://www.unc.edu/"
            ],
            "city_name": "Chapel Hill",
            "longitude": -79.04694,
            "acronym": "UNC",
            "state_name": "North Carolina",
            "latitude": 35.905163,
            "name": "University of North Carolina at Chapel Hill",
            "types": [
                "Education"
            ],
            "country_name": "United States"
        }
    ],
    "research_org_country_names": [
        "United States"
    ],
    "pmid": "30013082",
    "funders": [
        {
            "id": "grid.419681.3",
            "linkout": [
                "http://www.niaid.nih.gov/Pages/default.aspx"
            ],
            "city_name": "Bethesda",
            "longitude": -77.11183,
            "acronym": "NIAID",
            "state_name": "Maryland",
            "latitude": 39.066647,
            "name": "National Institute of Allergy and Infectious Diseases",
            "types": [
                "Facility"
            ],
            "country_name": "United States"
        },
        {
            "id": "grid.27873.39",
            "linkout": [
                "http://www.battelle.org/"
            ],
            "city_name": "Columbus",
            "longitude": -83.0207,
            "state_name": "Ohio",
            "latitude": 39.991432,
            "name": "Battelle",
            "types": [
                "Nonprofit"
            ],
            "country_name": "United States"
        },
        {
            "id": "grid.48336.3a",
            "linkout": [
                "http://www.cancer.gov/"
            ],
            "city_name": "Rockville",
            "longitude": -77.10119,
            "acronym": "NCI",
            "state_name": "Maryland",
            "latitude": 39.004326,
            "name": "National Cancer Institute",
            "types": [
                "Government"
            ],
            "country_name": "United States"
        }
    ],
    "title": "A spike-modified Middle East respiratory syndrome coronavirus (MERS-CoV) infectious clone elicits mild respiratory disease in infected rhesus macaques",
    "type": "article",
    "year": 2018,
    "journal": {
        "id": "jour.1045337",
        "title": "Scientific Reports"
    },
    "researchers": [
        {
            "id": "ur.01300463413.83",
            "research_orgs": [
                "grid.416160.4",
                "grid.10698.36",
                "grid.410711.2",
                "grid.411417.6"
            ],
            "first_name": "Adam S",
            "last_name": "Cockrell"
        },
        {
            "id": "ur.0751614330.07",
            "research_orgs": [
                "grid.416900.a",
                "grid.419681.3",
                "grid.415368.d"
            ],
            "first_name": "Joshua C",
            "last_name": "Johnson",
            "orcid_id": [
                "0000-0002-5677-3841"
            ]
        },
        {
            "id": "ur.0642650326.06",
            "research_orgs": [
                "grid.48336.3a",
                "grid.419681.3",
                "grid.429651.d"
            ],
            "first_name": "Ian N",
            "last_name": "Moore"
        },
        {
            "id": "ur.01256632643.61",
            "research_orgs": [
                "grid.419681.3",
                "grid.265219.b"
            ],
            "first_name": "David Xianhong",
            "last_name": "Liu"
        },
        {
            "id": "ur.01340670340.84",
            "research_orgs": [
                "grid.48336.3a",
                "grid.94365.3d",
                "grid.419681.3"
            ],
            "first_name": "Kevin W",
            "last_name": "Bock"
        },
        {
            "id": "ur.07505015061.84",
            "research_orgs": [
                "grid.10698.36"
            ],
            "first_name": "Madeline G",
            "last_name": "Douglas"
        },
        {
            "id": "ur.01326650135.92",
            "research_orgs": [
                "grid.25879.31",
                "grid.152326.1",
                "grid.417924.d",
                "grid.418309.7",
                "grid.10698.36",
                "grid.419260.8",
                "grid.410711.2",
                "grid.239552.a",
                "grid.412807.8",
                "grid.189967.8"
            ],
            "first_name": "Rachel Lauren",
            "last_name": "Graham",
            "orcid_id": [
                "0000-0002-3143-6515"
            ]
        },
        {
            "id": "ur.01064267300.13",
            "research_orgs": [
                "grid.416870.c",
                "grid.48336.3a",
                "grid.410305.3",
                "grid.417768.b",
                "grid.418021.e",
                "grid.94365.3d"
            ],
            "first_name": "Jeffrey M",
            "last_name": "Solomon",
            "orcid_id": [
                "0000-0003-2711-1977"
            ]
        },
        {
            "id": "ur.015353734613.72",
            "research_orgs": [
                "grid.282501.c"
            ],
            "first_name": "Lisa M",
            "last_name": "Torzewski"
        },
        {
            "id": "ur.0710201211.23",
            "research_orgs": [
                "grid.419681.3"
            ],
            "first_name": "Christopher J",
            "last_name": "Bartos"
        },
        {
            "id": "ur.014034406714.90",
            "first_name": "Randy",
            "last_name": "Hart"
        },
        {
            "id": "ur.016314333017.37",
            "research_orgs": [
                "grid.239552.a",
                "grid.410711.2",
                "grid.267309.9",
                "grid.483504.e",
                "grid.418309.7",
                "grid.5288.7",
                "grid.419260.8",
                "grid.189967.8",
                "grid.152326.1",
                "grid.10698.36",
                "grid.417924.d",
                "grid.25879.31",
                "grid.42505.36",
                "grid.34477.33",
                "grid.40803.3f",
                "grid.451303.0",
                "grid.83440.3b"
            ],
            "first_name": "Ralph Steven",
            "last_name": "Baric",
            "orcid_id": [
                "0000-0001-6827-8701"
            ]
        },
        {
            "id": "ur.01115346762.37",
            "research_orgs": [
                "grid.94365.3d",
                "grid.419681.3",
                "grid.412408.b"
            ],
            "first_name": "Reed F",
            "last_name": "Johnson"
        }
    ],
    "FOR": [
        {
            "id": "3114",
            "name": "1108 Medical Microbiology"
        }
    ],
    "research_org_countries": [
        {
            "id": "US",
            "name": "United States"
        }
    ],
    "date": "2018-12-01",
    "altmetric": 11.0,
    "pages": "10727",
    "research_org_state_names": [
        "Maryland",
        "North Carolina"
    ],
    "id": "pub.1105513159",
    "research_org_state_codes": [
        {
            "id": "US-MD",
            "name": "Maryland"
        },
        {
            "id": "US-NC",
            "name": "North Carolina"
        }
    ],
    "volume": "8",
    "issue": "1",
    "research_org_cities": [
        {
            "id": 4355585,
            "name": "Frederick"
        },
        {
            "id": 4460162,
            "name": "Chapel Hill"
        },
        {
            "id": 4348599,
            "name": "Bethesda"
        },
        {
            "id": 4367175,
            "name": "Rockville"
        }
    ],
    "open_access": [
        "Open Access - all",
        "Open Access - publisher",
        "Open Access - published"
    ],
    "author_affiliations": [
        [
            {
                "first_name": "Adam S.",
                "last_name": "Cockrell",
                "initials": "",
                "corresponding": true,
                "orcid": "",
                "current_organization_id": "grid.10698.36",
                "researcher_id": "ur.01300463413.83",
                "affiliations": [
                    {
                        "id": "grid.10698.36",
                        "name": "University of North Carolina at Chapel Hill",
                        "city": "Chapel Hill",
                        "city_id": 4460162,
                        "country": "United States",
                        "country_code": "US",
                        "state": "North Carolina",
                        "state_code": "US-NC"
                    }
                ]
            },
            {
                "first_name": "Joshua C.",
                "last_name": "Johnson",
                "initials": "",
                "corresponding": "",
                "orcid": "['0000-0002-5677-3841']",
                "current_organization_id": "",
                "researcher_id": "ur.0751614330.07",
                "affiliations": [
                    {
                        "name": "Integrated Research Facility, National Institute of Allergy and Infectious Diseases, National Institutes of Health, 8200 Research Plaza, 21702, Frederick, Maryland, USA"
                    }
                ]
            },
            {
                "first_name": "Ian N.",
                "last_name": "Moore",
                "initials": "",
                "corresponding": "",
                "orcid": "",
                "current_organization_id": "grid.419681.3",
                "researcher_id": "ur.0642650326.06",
                "affiliations": [
                    {
                        "id": "grid.419681.3",
                        "name": "National Institute of Allergy and Infectious Diseases",
                        "city": "Bethesda",
                        "city_id": 4348599,
                        "country": "United States",
                        "country_code": "US",
                        "state": "Maryland",
                        "state_code": "US-MD"
                    }
                ]
            },
            {
                "first_name": "David X.",
                "last_name": "Liu",
                "initials": "",
                "corresponding": "",
                "orcid": "",
                "current_organization_id": "grid.419681.3",
                "researcher_id": "ur.01256632643.61",
                "affiliations": [
                    {
                        "name": "Integrated Research Facility, National Institute of Allergy and Infectious Diseases, National Institutes of Health, 8200 Research Plaza, 21702, Frederick, Maryland, USA"
                    }
                ]
            },
            {
                "first_name": "Kevin W.",
                "last_name": "Bock",
                "initials": "",
                "corresponding": "",
                "orcid": "",
                "current_organization_id": "grid.419681.3",
                "researcher_id": "ur.01340670340.84",
                "affiliations": [
                    {
                        "id": "grid.419681.3",
                        "name": "National Institute of Allergy and Infectious Diseases",
                        "city": "Bethesda",
                        "city_id": 4348599,
                        "country": "United States",
                        "country_code": "US",
                        "state": "Maryland",
                        "state_code": "US-MD"
                    }
                ]
            },
            {
                "first_name": "Madeline G.",
                "last_name": "Douglas",
                "initials": "",
                "corresponding": "",
                "orcid": "",
                "current_organization_id": "grid.10698.36",
                "researcher_id": "ur.07505015061.84",
                "affiliations": [
                    {
                        "id": "grid.10698.36",
                        "name": "University of North Carolina at Chapel Hill",
                        "city": "Chapel Hill",
                        "city_id": 4460162,
                        "country": "United States",
                        "country_code": "US",
                        "state": "North Carolina",
                        "state_code": "US-NC"
                    }
                ]
            },
            {
                "first_name": "Rachel L.",
                "last_name": "Graham",
                "initials": "",
                "corresponding": "",
                "orcid": "['0000-0002-3143-6515']",
                "current_organization_id": "grid.10698.36",
                "researcher_id": "ur.01326650135.92",
                "affiliations": [
                    {
                        "id": "grid.10698.36",
                        "name": "University of North Carolina at Chapel Hill",
                        "city": "Chapel Hill",
                        "city_id": 4460162,
                        "country": "United States",
                        "country_code": "US",
                        "state": "North Carolina",
                        "state_code": "US-NC"
                    }
                ]
            },
            {
                "first_name": "Jeffrey",
                "last_name": "Solomon",
                "initials": "",
                "corresponding": "",
                "orcid": "['0000-0003-2711-1977']",
                "current_organization_id": "grid.48336.3a",
                "researcher_id": "ur.01064267300.13",
                "affiliations": [
                    {
                        "id": "grid.418021.e",
                        "name": "Frederick National Laboratory for Cancer Research",
                        "city": "Frederick",
                        "city_id": 4355585,
                        "country": "United States",
                        "country_code": "US",
                        "state": "Maryland",
                        "state_code": "US-MD"
                    }
                ]
            },
            {
                "first_name": "Lisa",
                "last_name": "Torzewski",
                "initials": "",
                "corresponding": "",
                "orcid": "",
                "current_organization_id": "grid.282501.c",
                "researcher_id": "ur.015353734613.72",
                "affiliations": [
                    {
                        "name": "Integrated Research Facility, National Institute of Allergy and Infectious Diseases, National Institutes of Health, 8200 Research Plaza, 21702, Frederick, Maryland, USA"
                    }
                ]
            },
            {
                "first_name": "Christopher",
                "last_name": "Bartos",
                "initials": "",
                "corresponding": "",
                "orcid": "",
                "current_organization_id": "grid.419681.3",
                "researcher_id": "ur.0710201211.23",
                "affiliations": [
                    {
                        "name": "Integrated Research Facility, National Institute of Allergy and Infectious Diseases, National Institutes of Health, 8200 Research Plaza, 21702, Frederick, Maryland, USA"
                    }
                ]
            },
            {
                "first_name": "Randy",
                "last_name": "Hart",
                "initials": "",
                "corresponding": "",
                "orcid": "",
                "current_organization_id": "",
                "researcher_id": "ur.014034406714.90",
                "affiliations": [
                    {
                        "name": "Integrated Research Facility, National Institute of Allergy and Infectious Diseases, National Institutes of Health, 8200 Research Plaza, 21702, Frederick, Maryland, USA"
                    }
                ]
            },
            {
                "first_name": "Ralph S.",
                "last_name": "Baric",
                "initials": "",
                "corresponding": true,
                "orcid": "['0000-0001-6827-8701']",
                "current_organization_id": "grid.10698.36",
                "researcher_id": "ur.016314333017.37",
                "affiliations": [
                    {
                        "id": "grid.10698.36",
                        "name": "University of North Carolina at Chapel Hill",
                        "city": "Chapel Hill",
                        "city_id": 4460162,
                        "country": "United States",
                        "country_code": "US",
                        "state": "North Carolina",
                        "state_code": "US-NC"
                    }
                ]
            },
            {
                "first_name": "Reed F.",
                "last_name": "Johnson",
                "initials": "",
                "corresponding": true,
                "orcid": "",
                "current_organization_id": "grid.419681.3",
                "researcher_id": "ur.01115346762.37",
                "affiliations": [
                    {
                        "name": "Emerging Viral Pathogens Section, Laboratory of Immunoregulation, Division of Intramural Research, National Institute of Allergy and Infectious Diseases, National Institutes of Health, 8200 Research Plaza, 21702, Frederick, Maryland, USA"
                    }
                ]
            }
        ]
    ],
    "pmcid": "PMC6048037",
    "doi": "10.1038/s41598-018-28900-1",
    "times_cited": 5,
    "references": [
        "pub.1017488663",
        "pub.1038112978",
        "pub.1028770903",
        "pub.1048791210",
        "pub.1071123383",
        "pub.1049602997",
        "pub.1015704176",
        "pub.1059709808",
        "pub.1060390094",
        "pub.1020304704",
        "pub.1091406628",
        "pub.1037005466",
        "pub.1037049078",
        "pub.1035614442",
        "pub.1038893251",
        "pub.1001407025",
        "pub.1084152892",
        "pub.1029340898",
        "pub.1083734298",
        "pub.1000881361",
        "pub.1091053538",
        "pub.1084522839"
    ],
    "relative_citation_ratio": 1.05
}