{
    "date": "2020-03-11",
    "title": "Coronavirus Disease 2019 (COVID-19): Protecting Hospitals From the Invisible.",
    "altmetric": 122.0,
    "research_org_cities": [
        {
            "id": 4930956,
            "name": "Boston"
        }
    ],
    "open_access": [
        "Open Access - all",
        "Open Access - publisher",
        "Open Access - published"
    ],
    "research_org_countries": [
        {
            "id": "US",
            "name": "United States"
        }
    ],
    "doi": "10.7326/m20-0751",
    "times_cited": 0,
    "pmid": "32160299",
    "research_org_country_names": [
        "United States"
    ],
    "id": "pub.1125608759",
    "journal": {
        "id": "jour.1017222",
        "title": "Annals of Internal Medicine"
    },
    "year": 2020,
    "references": [
        "pub.1125146281",
        "pub.1124960155",
        "pub.1124290823",
        "pub.1124461627",
        "pub.1124434742",
        "pub.1125126525",
        "pub.1101036398",
        "pub.1124955242"
    ],
    "research_org_state_names": [
        "Massachusetts"
    ],
    "author_affiliations": [
        [
            {
                "first_name": "Michael",
                "last_name": "Klompas",
                "initials": "",
                "corresponding": "",
                "orcid": "",
                "current_organization_id": "",
                "researcher_id": "",
                "affiliations": [
                    {
                        "name": "Harvard Medical School, Harvard Pilgrim Health Care Institute, and Brigham and Women's Hospital, Boston, Massachusetts (M.K.)."
                    }
                ]
            }
        ]
    ],
    "type": "article"
}