{
    "date": "2020-03-01",
    "title": "Clinical diagnostic value of CT imaging in COVID-19 with multiple negative RT-PCR testing",
    "pages": "101627",
    "research_org_cities": [
        {
            "id": 1928421,
            "name": "Shanxi"
        },
        {
            "id": 1790630,
            "name": "Xi\u2019an"
        }
    ],
    "research_org_countries": [
        {
            "id": "CN",
            "name": "China"
        }
    ],
    "doi": "10.1016/j.tmaid.2020.101627",
    "times_cited": 0,
    "research_orgs": [
        {
            "id": "grid.440747.4",
            "types": [
                "Education"
            ],
            "longitude": 109.46259,
            "linkout": [
                "http://www.yau.edu.cn/"
            ],
            "latitude": 36.61919,
            "name": "Yan'an University",
            "city_name": "Shanxi",
            "country_name": "China"
        },
        {
            "id": "grid.452438.c",
            "types": [
                "Healthcare"
            ],
            "longitude": 108.938705,
            "linkout": [
                "http://www.dyyy.xjtu.edu.cn/"
            ],
            "latitude": 34.219994,
            "name": "First Affiliated Hospital of Xi'an Jiaotong University",
            "city_name": "Xi'an",
            "country_name": "China"
        }
    ],
    "research_org_country_names": [
        "China"
    ],
    "id": "pub.1125618352",
    "journal": {
        "id": "jour.1034401",
        "title": "Travel Medicine and Infectious Disease"
    },
    "year": 2020,
    "references": [
        "pub.1124825047",
        "pub.1124445588",
        "pub.1124960155",
        "pub.1124826347"
    ],
    "author_affiliations": [
        [
            {
                "first_name": "Wendong",
                "last_name": "Hao",
                "initials": "",
                "corresponding": true,
                "orcid": "",
                "current_organization_id": "",
                "researcher_id": "",
                "affiliations": [
                    {
                        "id": "grid.440747.4",
                        "name": "Yan'an University",
                        "city": "Shanxi",
                        "city_id": 1928421,
                        "country": "China",
                        "country_code": "CN",
                        "state": null,
                        "state_code": null
                    },
                    {
                        "id": "grid.452438.c",
                        "name": "First Affiliated Hospital of Xi'an Jiaotong University",
                        "city": "Xi'an",
                        "city_id": 1790630,
                        "country": "China",
                        "country_code": "CN",
                        "state": null,
                        "state_code": null
                    }
                ]
            },
            {
                "first_name": "Manxiang",
                "last_name": "Li",
                "initials": "",
                "corresponding": "",
                "orcid": "",
                "current_organization_id": "",
                "researcher_id": "",
                "affiliations": [
                    {
                        "id": "grid.452438.c",
                        "name": "First Affiliated Hospital of Xi'an Jiaotong University",
                        "city": "Xi'an",
                        "city_id": 1790630,
                        "country": "China",
                        "country_code": "CN",
                        "state": null,
                        "state_code": null
                    }
                ]
            }
        ]
    ],
    "type": "article"
}