{
    "author_affiliations": [
        [
            {
                "first_name": "Wei-jie",
                "last_name": "Guan",
                "initials": "",
                "corresponding": "",
                "orcid": "",
                "current_organization_id": "",
                "researcher_id": "",
                "affiliations": [
                    {
                        "name": "Guangzhou Institute of Respiratory Health;"
                    }
                ]
            },
            {
                "first_name": "Zheng-yi",
                "last_name": "Ni",
                "initials": "",
                "corresponding": "",
                "orcid": "",
                "current_organization_id": "",
                "researcher_id": "",
                "affiliations": [
                    {
                        "name": "Wuhan Jin-yintan Hospital;"
                    }
                ]
            },
            {
                "first_name": "Yu",
                "last_name": "Hu",
                "initials": "",
                "corresponding": "",
                "orcid": "",
                "current_organization_id": "",
                "researcher_id": "",
                "affiliations": [
                    {
                        "name": "Institute of Hematology, Union Hospital, Tongji Medical College, Huazhong University of Science and Technology;"
                    }
                ]
            },
            {
                "first_name": "Wen-hua",
                "last_name": "Liang",
                "initials": "",
                "corresponding": "",
                "orcid": "",
                "current_organization_id": "",
                "researcher_id": "",
                "affiliations": [
                    {
                        "id": "grid.410737.6",
                        "name": "Guangzhou Medical University",
                        "city": "Guangzhou",
                        "city_id": 1809858,
                        "country": "China",
                        "country_code": "CN",
                        "state": null,
                        "state_code": null
                    }
                ]
            },
            {
                "first_name": "Chun-quan",
                "last_name": "Ou",
                "initials": "",
                "corresponding": "",
                "orcid": "",
                "current_organization_id": "grid.284723.8",
                "researcher_id": "ur.01047604173.10",
                "affiliations": [
                    {
                        "id": "grid.284723.8",
                        "name": "Southern Medical University",
                        "city": "Guangzhou",
                        "city_id": 1809858,
                        "country": "China",
                        "country_code": "CN",
                        "state": null,
                        "state_code": null
                    }
                ]
            },
            {
                "first_name": "Jian-xing",
                "last_name": "He",
                "initials": "",
                "corresponding": "",
                "orcid": "",
                "current_organization_id": "",
                "researcher_id": "",
                "affiliations": [
                    {
                        "name": "The First Affiliated Hospital of Guangzhou Medical University;"
                    }
                ]
            },
            {
                "first_name": "Lei",
                "last_name": "Liu",
                "initials": "",
                "corresponding": "",
                "orcid": "",
                "current_organization_id": "",
                "researcher_id": "",
                "affiliations": [
                    {
                        "name": "Shenzhen Third Peoples Hospital, The Second Affiliated Hospital of Southern University of Science and Technology, National Clinical Research Center for Infectious Diseases;"
                    }
                ]
            },
            {
                "first_name": "Hong",
                "last_name": "Shan",
                "initials": "",
                "corresponding": "",
                "orcid": "",
                "current_organization_id": "",
                "researcher_id": "ur.07611331405.91",
                "affiliations": [
                    {
                        "name": "The fifth Affiliated Hospital of Sun Yat-sen University;"
                    }
                ]
            },
            {
                "first_name": "Chun-liang",
                "last_name": "Lei",
                "initials": "",
                "corresponding": "",
                "orcid": "",
                "current_organization_id": "",
                "researcher_id": "",
                "affiliations": [
                    {
                        "id": "grid.410737.6",
                        "name": "Guangzhou Medical University",
                        "city": "Guangzhou",
                        "city_id": 1809858,
                        "country": "China",
                        "country_code": "CN",
                        "state": null,
                        "state_code": null
                    }
                ]
            },
            {
                "first_name": "David SC",
                "last_name": "Hui",
                "initials": "",
                "corresponding": "",
                "orcid": "",
                "current_organization_id": "",
                "researcher_id": "",
                "affiliations": [
                    {
                        "name": "Department of Medicine & Therapeutics, The Chinese University of Hong Kong;"
                    }
                ]
            },
            {
                "first_name": "Bin",
                "last_name": "Du",
                "initials": "",
                "corresponding": "",
                "orcid": "['0000-0001-6237-2895']",
                "current_organization_id": "grid.413106.1",
                "researcher_id": "ur.01332032602.93",
                "affiliations": [
                    {
                        "name": "Medical ICU, Peking Union Medical College Hospital, Peking Union Medical College and Chinese Academy of Medical Sciences;"
                    }
                ]
            },
            {
                "first_name": "Lan-juan",
                "last_name": "Li",
                "initials": "",
                "corresponding": "",
                "orcid": "",
                "current_organization_id": "",
                "researcher_id": "",
                "affiliations": [
                    {
                        "name": "State Key Laboratory for Diagnosis and Treatment of Infectious Diseases, National Clinical Research Center for Infectious Diseases, The First Affiliated Hospital, College of Medicine, Zhejiang University;"
                    }
                ]
            },
            {
                "first_name": "Guang",
                "last_name": "Zeng",
                "initials": "",
                "corresponding": "",
                "orcid": "",
                "current_organization_id": "",
                "researcher_id": "",
                "affiliations": [
                    {
                        "id": "grid.198530.6",
                        "name": "Chinese Center For Disease Control and Prevention",
                        "city": "Beijing",
                        "city_id": 1816670,
                        "country": "China",
                        "country_code": "CN",
                        "state": null,
                        "state_code": null
                    }
                ]
            },
            {
                "first_name": "Kowk-Yung",
                "last_name": "Yuen",
                "initials": "",
                "corresponding": "",
                "orcid": "",
                "current_organization_id": "",
                "researcher_id": "",
                "affiliations": [
                    {
                        "id": "grid.440671.0",
                        "name": "University of Hong Kong - Shenzhen Hospital",
                        "city": "Shenzhen",
                        "city_id": 1795565,
                        "country": "China",
                        "country_code": "CN",
                        "state": null,
                        "state_code": null
                    }
                ]
            },
            {
                "first_name": "Ru-chong",
                "last_name": "Chen",
                "initials": "",
                "corresponding": "",
                "orcid": "",
                "current_organization_id": "",
                "researcher_id": "",
                "affiliations": [
                    {
                        "name": "Department of Respiratory Disease, Guangzhou Institute of Respiratory Health;"
                    }
                ]
            },
            {
                "first_name": "Chun-li",
                "last_name": "Tang",
                "initials": "",
                "corresponding": "",
                "orcid": "",
                "current_organization_id": "",
                "researcher_id": "",
                "affiliations": [
                    {
                        "name": "Department of Respiratory Disease, Guangzhou Institute of Respiratory Health;"
                    }
                ]
            },
            {
                "first_name": "Tao",
                "last_name": "Wang",
                "initials": "",
                "corresponding": "",
                "orcid": "",
                "current_organization_id": "",
                "researcher_id": "",
                "affiliations": [
                    {
                        "name": "Department of Respiratory Disease, Guangzhou Institute of Respiratory Health;"
                    }
                ]
            },
            {
                "first_name": "Ping-yan",
                "last_name": "Chen",
                "initials": "",
                "corresponding": "",
                "orcid": "",
                "current_organization_id": "grid.284723.8",
                "researcher_id": "ur.01166364762.93",
                "affiliations": [
                    {
                        "id": "grid.284723.8",
                        "name": "Southern Medical University",
                        "city": "Guangzhou",
                        "city_id": 1809858,
                        "country": "China",
                        "country_code": "CN",
                        "state": null,
                        "state_code": null
                    }
                ]
            },
            {
                "first_name": "Jie",
                "last_name": "Xiang",
                "initials": "",
                "corresponding": "",
                "orcid": "",
                "current_organization_id": "",
                "researcher_id": "",
                "affiliations": [
                    {
                        "name": "Wuhan Jin-yintan Hospital;"
                    }
                ]
            },
            {
                "first_name": "Shi-yue",
                "last_name": "Li",
                "initials": "",
                "corresponding": "",
                "orcid": "",
                "current_organization_id": "",
                "researcher_id": "",
                "affiliations": [
                    {
                        "name": "Department of Respiratory Disease, Guangzhou Institute of Respiratory Health;"
                    }
                ]
            },
            {
                "first_name": "Jin-lin",
                "last_name": "Wang",
                "initials": "",
                "corresponding": "",
                "orcid": "",
                "current_organization_id": "",
                "researcher_id": "",
                "affiliations": [
                    {
                        "name": "Department of Respiratory Disease, Guangzhou Institute of Respiratory Health;"
                    }
                ]
            },
            {
                "first_name": "Zi-jing",
                "last_name": "Liang",
                "initials": "",
                "corresponding": "",
                "orcid": "",
                "current_organization_id": "",
                "researcher_id": "",
                "affiliations": [
                    {
                        "name": "Department of Emergency Room, The First Affiliated Hospital of Guangzhou Medical University;"
                    }
                ]
            },
            {
                "first_name": "Yi-xiang",
                "last_name": "Peng",
                "initials": "",
                "corresponding": "",
                "orcid": "",
                "current_organization_id": "",
                "researcher_id": "ur.010571253605.13",
                "affiliations": [
                    {
                        "name": "The Central Hospital of Wuhan;"
                    }
                ]
            },
            {
                "first_name": "Li",
                "last_name": "Wei",
                "initials": "",
                "corresponding": "",
                "orcid": "",
                "current_organization_id": "",
                "researcher_id": "",
                "affiliations": [
                    {
                        "name": "Wuhan No.1 Hospital, Wuhan Hospital of Traditional Chinese and Western Medicine;"
                    }
                ]
            },
            {
                "first_name": "Yong",
                "last_name": "Liu",
                "initials": "",
                "corresponding": "",
                "orcid": "",
                "current_organization_id": "",
                "researcher_id": "",
                "affiliations": [
                    {
                        "name": "Chengdu Public Health Clinical Medical Center;"
                    }
                ]
            },
            {
                "first_name": "Ya-hua",
                "last_name": "Hu",
                "initials": "",
                "corresponding": "",
                "orcid": "",
                "current_organization_id": "",
                "researcher_id": "",
                "affiliations": [
                    {
                        "name": "Huangshi Central Hospital of Edong Healthcare Group, Affiliated Hospital of Hubei Polytechnic University;"
                    }
                ]
            },
            {
                "first_name": "Peng",
                "last_name": "Peng",
                "initials": "",
                "corresponding": "",
                "orcid": "",
                "current_organization_id": "",
                "researcher_id": "",
                "affiliations": [
                    {
                        "name": "Wuhan Pulmonary Hospital;"
                    }
                ]
            },
            {
                "first_name": "Jian-ming",
                "last_name": "Wang",
                "initials": "",
                "corresponding": "",
                "orcid": "",
                "current_organization_id": "",
                "researcher_id": "",
                "affiliations": [
                    {
                        "name": "Tianyou Hospital Affiliated to Wuhan University of Science and Technology;"
                    }
                ]
            },
            {
                "first_name": "Ji-yang",
                "last_name": "Liu",
                "initials": "",
                "corresponding": "",
                "orcid": "",
                "current_organization_id": "",
                "researcher_id": "",
                "affiliations": [
                    {
                        "name": "Tianyou Hospital Affiliated to Wuhan University of Science and Technology;"
                    }
                ]
            },
            {
                "first_name": "Zhong",
                "last_name": "Chen",
                "initials": "",
                "corresponding": "",
                "orcid": "",
                "current_organization_id": "",
                "researcher_id": "",
                "affiliations": [
                    {
                        "name": "Third People's Hospital of Hainan Province;"
                    }
                ]
            },
            {
                "first_name": "Gang",
                "last_name": "Li",
                "initials": "",
                "corresponding": "",
                "orcid": "",
                "current_organization_id": "",
                "researcher_id": "",
                "affiliations": [
                    {
                        "name": "Huanggang Central Hospital;"
                    }
                ]
            },
            {
                "first_name": "Zhi-jian",
                "last_name": "Zheng",
                "initials": "",
                "corresponding": "",
                "orcid": "",
                "current_organization_id": "",
                "researcher_id": "ur.016613173005.30",
                "affiliations": [
                    {
                        "name": "Wenling First People's Hospital;"
                    }
                ]
            },
            {
                "first_name": "Shao-qin",
                "last_name": "Qiu",
                "initials": "",
                "corresponding": "",
                "orcid": "",
                "current_organization_id": "",
                "researcher_id": "",
                "affiliations": [
                    {
                        "name": "The Third People's Hospital of Yichang;"
                    }
                ]
            },
            {
                "first_name": "Jie",
                "last_name": "Luo",
                "initials": "",
                "corresponding": "",
                "orcid": "",
                "current_organization_id": "",
                "researcher_id": "",
                "affiliations": [
                    {
                        "name": "Affiliated Taihe Hospital of Hubei University of Medicine;"
                    }
                ]
            },
            {
                "first_name": "Chang-jiang",
                "last_name": "Ye",
                "initials": "",
                "corresponding": "",
                "orcid": "",
                "current_organization_id": "",
                "researcher_id": "",
                "affiliations": [
                    {
                        "name": "Xiantao First People's Hospital;"
                    }
                ]
            },
            {
                "first_name": "Shao-yong",
                "last_name": "Zhu",
                "initials": "",
                "corresponding": "",
                "orcid": "",
                "current_organization_id": "",
                "researcher_id": "ur.015266345205.63",
                "affiliations": [
                    {
                        "name": "The People's Hospital of Huangpi District"
                    }
                ]
            },
            {
                "first_name": "Nan-shan",
                "last_name": "Zhong",
                "initials": "",
                "corresponding": "",
                "orcid": "",
                "current_organization_id": "",
                "researcher_id": "",
                "affiliations": [
                    {
                        "name": "Guangzhou Institute of Respiratory Health;"
                    }
                ]
            }
        ]
    ],
    "altmetric": 3152.0,
    "FOR": [
        {
            "id": "3053",
            "name": "1103 Clinical Sciences"
        }
    ],
    "research_org_countries": [
        {
            "id": "SE",
            "name": "Sweden"
        },
        {
            "id": "AU",
            "name": "Australia"
        },
        {
            "id": "FR",
            "name": "France"
        },
        {
            "id": "US",
            "name": "United States"
        },
        {
            "id": "DE",
            "name": "Germany"
        },
        {
            "id": "CN",
            "name": "China"
        }
    ],
    "title": "Clinical characteristics of 2019 novel coronavirus infection in China",
    "research_org_cities": [
        {
            "id": 1809858,
            "name": "Guangzhou"
        },
        {
            "id": 1807234,
            "name": "Huangshi"
        },
        {
            "id": 1790437,
            "name": "Zhuhai"
        },
        {
            "id": 2934246,
            "name": "D\u00fcsseldorf"
        },
        {
            "id": 1818920,
            "name": "Sha Tin"
        },
        {
            "id": 2064874,
            "name": "Nedlands"
        },
        {
            "id": 1796236,
            "name": "Shanghai"
        },
        {
            "id": 1795565,
            "name": "Shenzhen"
        },
        {
            "id": 1791247,
            "name": "Wuhan"
        },
        {
            "id": 4464368,
            "name": "Durham"
        },
        {
            "id": 2711537,
            "name": "G\u00f6teborg"
        },
        {
            "id": 2706767,
            "name": "Helsingborg"
        },
        {
            "id": 2990999,
            "name": "Nancy"
        },
        {
            "id": 4180439,
            "name": "Atlanta"
        },
        {
            "id": 1816670,
            "name": "Beijing"
        }
    ],
    "pages": "2020.02.06.20020974",
    "research_org_state_names": [
        "Western Australia",
        "Georgia",
        "North Carolina"
    ],
    "open_access": [
        "Open Access - all",
        "Open Access - publisher",
        "Open Access - published"
    ],
    "doi": "10.1101/2020.02.06.20020974",
    "times_cited": 42,
    "journal": {
        "id": "jour.1369542",
        "title": "medRxiv"
    },
    "research_orgs": [
        {
            "id": "grid.440671.0",
            "name": "University of Hong Kong - Shenzhen Hospital",
            "linkout": [
                "http://www.hku-szh.org/"
            ],
            "country_name": "China",
            "types": [
                "Healthcare"
            ],
            "latitude": 22.525787,
            "acronym": "HKU-SZ",
            "city_name": "Shenzhen",
            "longitude": 113.99608
        },
        {
            "id": "grid.198530.6",
            "name": "Chinese Center For Disease Control and Prevention",
            "linkout": [
                "http://www.chinacdc.cn/en/"
            ],
            "country_name": "China",
            "types": [
                "Nonprofit"
            ],
            "latitude": 39.91624,
            "acronym": "CCDC",
            "city_name": "Beijing",
            "longitude": 116.398834
        },
        {
            "id": "grid.284723.8",
            "name": "Southern Medical University",
            "linkout": [
                "http://www.fimmu.com/english/"
            ],
            "country_name": "China",
            "types": [
                "Education"
            ],
            "latitude": 23.1862,
            "acronym": "SMU",
            "state_name": "Guangdong",
            "city_name": "Guangzhou",
            "longitude": 113.3337
        },
        {
            "id": "grid.410737.6",
            "name": "Guangzhou Medical University",
            "linkout": [
                "http://www.gzhmc.edu.cn/gyEnglish/index.html"
            ],
            "country_name": "China",
            "types": [
                "Education"
            ],
            "latitude": 23.136238,
            "acronym": "GMU",
            "state_name": "Guangdong",
            "city_name": "Guangzhou",
            "longitude": 113.25353
        }
    ],
    "year": 2020,
    "references": [
        "pub.1123088922",
        "pub.1124295864",
        "pub.1124461627",
        "pub.1124428749",
        "pub.1124290823",
        "pub.1124289146",
        "pub.1124408081",
        "pub.1124434742",
        "pub.1124427336",
        "pub.1124368690"
    ],
    "id": "pub.1124769414",
    "research_org_country_names": [
        "France",
        "Australia",
        "Germany",
        "United States",
        "Sweden",
        "China"
    ],
    "date": "2020-02-09",
    "research_org_state_codes": [
        {
            "id": "US-GA",
            "name": "Georgia"
        },
        {
            "id": "AU-WA",
            "name": "Western Australia"
        }
    ],
    "researchers": [
        {
            "id": "ur.01047604173.10",
            "research_orgs": [
                "grid.194645.b",
                "grid.284723.8"
            ],
            "last_name": "Ou",
            "first_name": "Chun-Quan"
        },
        {
            "id": "ur.07611331405.91",
            "last_name": "Shan",
            "first_name": "Hong"
        },
        {
            "id": "ur.01332032602.93",
            "research_orgs": [
                "grid.413150.2",
                "grid.413106.1",
                "grid.63984.30"
            ],
            "last_name": "Du",
            "first_name": "Bin",
            "orcid_id": [
                "0000-0001-6237-2895"
            ]
        },
        {
            "id": "ur.01166364762.93",
            "research_orgs": [
                "grid.284723.8"
            ],
            "last_name": "Chen",
            "first_name": "Ping-Yan"
        },
        {
            "id": "ur.010571253605.13",
            "last_name": "Peng",
            "first_name": "Yi-Xiang"
        },
        {
            "id": "ur.016613173005.30",
            "last_name": "Zheng",
            "first_name": "Zhi-Jian"
        },
        {
            "id": "ur.015266345205.63",
            "last_name": "Zhu",
            "first_name": "Shao-Yong"
        }
    ],
    "type": "article"
}