{
    "research_org_country_names": [
        "United Kingdom"
    ],
    "pmid": "32165426",
    "title": "Covid-19: WHO declares pandemic because of \u201calarming levels\u201d of spread, severity, and inaction",
    "type": "article",
    "year": 2020,
    "journal": {
        "id": "jour.1017377",
        "title": "The BMJ"
    },
    "research_org_countries": [
        {
            "id": "GB",
            "name": "United Kingdom"
        }
    ],
    "date": "2020-03-12",
    "altmetric": 30.0,
    "pages": "m1036",
    "id": "pub.1125631881",
    "volume": "368",
    "research_org_cities": [
        {
            "id": 2643743,
            "name": "London"
        }
    ],
    "author_affiliations": [
        [
            {
                "first_name": "Elisabeth",
                "last_name": "Mahase",
                "initials": "",
                "corresponding": "",
                "orcid": "",
                "current_organization_id": "",
                "researcher_id": "",
                "affiliations": [
                    {
                        "name": "The BMJ."
                    }
                ]
            }
        ]
    ],
    "doi": "10.1136/bmj.m1036",
    "times_cited": 0,
    "references": [
        "pub.1125461244",
        "pub.1125498665",
        "pub.1125559894"
    ]
}