{
    "date": "2020-01-01",
    "title": "Risk Factors and Etiologies of Pediatric Acute Respiratory Distress Syndrome",
    "researchers": [
        {
            "id": "ur.01040122176.92",
            "last_name": "Flori",
            "first_name": "Heidi R",
            "research_orgs": [
                "grid.2515.3",
                "grid.266102.1",
                "grid.14003.36",
                "grid.413177.7",
                "grid.414016.6",
                "grid.214458.e"
            ]
        }
    ],
    "research_org_state_codes": [
        {
            "id": "US-MI",
            "name": "Michigan"
        }
    ],
    "pages": "33-46",
    "research_org_cities": [
        {
            "id": 4984247,
            "name": "Ann Arbor"
        }
    ],
    "research_org_countries": [
        {
            "id": "US",
            "name": "United States"
        }
    ],
    "doi": "10.1007/978-3-030-21840-9_4",
    "FOR": [
        {
            "id": "3177",
            "name": "1117 Public Health and Health Services"
        }
    ],
    "times_cited": 0,
    "research_orgs": [
        {
            "id": "grid.214458.e",
            "acronym": "UM",
            "state_name": "Michigan",
            "types": [
                "Education"
            ],
            "longitude": -83.73822,
            "linkout": [
                "https://www.umich.edu/"
            ],
            "latitude": 42.278305,
            "name": "University of Michigan",
            "city_name": "Ann Arbor",
            "country_name": "United States"
        }
    ],
    "research_org_country_names": [
        "United States"
    ],
    "id": "pub.1120489851",
    "year": 2020,
    "references": [
        "pub.1054751423",
        "pub.1016603484",
        "pub.1069168688",
        "pub.1024238417",
        "pub.1016919453",
        "pub.1044909659",
        "pub.1085666420",
        "pub.1071366669",
        "pub.1063195078",
        "pub.1035439136",
        "pub.1005352071",
        "pub.1052989031",
        "pub.1090694298",
        "pub.1010884634",
        "pub.1013269363",
        "pub.1020574569",
        "pub.1057465278",
        "pub.1024369791",
        "pub.1047069644",
        "pub.1018033502",
        "pub.1106155871",
        "pub.1042418980",
        "pub.1018975248",
        "pub.1047325613",
        "pub.1008861301",
        "pub.1001353407",
        "pub.1107648062",
        "pub.1015366530",
        "pub.1106059406",
        "pub.1008746480",
        "pub.1063365516",
        "pub.1024979731",
        "pub.1002963059",
        "pub.1050577736",
        "pub.1039392730",
        "pub.1072200646",
        "pub.1007707908",
        "pub.1085366498",
        "pub.1018428521",
        "pub.1009975612",
        "pub.1084194100",
        "pub.1083734463",
        "pub.1101211781",
        "pub.1035407624",
        "pub.1104559188",
        "pub.1026915074",
        "pub.1041072526",
        "pub.1038774319",
        "pub.1105463165",
        "pub.1084196072",
        "pub.1012918634",
        "pub.1013332763",
        "pub.1107476220",
        "pub.1050286974",
        "pub.1013568101",
        "pub.1035391523",
        "pub.1045339247",
        "pub.1023046163",
        "pub.1072396032",
        "pub.1105951515",
        "pub.1012463824",
        "pub.1028933312",
        "pub.1012716867",
        "pub.1010839632",
        "pub.1009611013",
        "pub.1103680590",
        "pub.1009793295",
        "pub.1086017365",
        "pub.1024474817",
        "pub.1049871391",
        "pub.1085899710",
        "pub.1077527858",
        "pub.1084194067",
        "pub.1024841482",
        "pub.1107771591",
        "pub.1105462670",
        "pub.1084224285",
        "pub.1026852027",
        "pub.1052405329",
        "pub.1040223037",
        "pub.1034746377",
        "pub.1021596400",
        "pub.1049846075",
        "pub.1024264013",
        "pub.1039509360"
    ],
    "research_org_state_names": [
        "Michigan"
    ],
    "author_affiliations": [
        [
            {
                "first_name": "Joseph G.",
                "last_name": "Kohne",
                "initials": "",
                "corresponding": "",
                "orcid": "",
                "current_organization_id": "",
                "researcher_id": "",
                "affiliations": [
                    {
                        "id": "grid.214458.e",
                        "name": "University of Michigan\u2013Ann Arbor",
                        "city": "Ann Arbor",
                        "city_id": 4984247,
                        "country": "United States",
                        "country_code": "US",
                        "state": "Michigan",
                        "state_code": "US-MI"
                    }
                ]
            },
            {
                "first_name": "Heidi R.",
                "last_name": "Flori",
                "initials": "",
                "corresponding": true,
                "orcid": "",
                "current_organization_id": "grid.214458.e",
                "researcher_id": "ur.01040122176.92",
                "affiliations": [
                    {
                        "id": "grid.214458.e",
                        "name": "University of Michigan\u2013Ann Arbor",
                        "city": "Ann Arbor",
                        "city_id": 4984247,
                        "country": "United States",
                        "country_code": "US",
                        "state": "Michigan",
                        "state_code": "US-MI"
                    }
                ]
            }
        ]
    ],
    "type": "chapter"
}