{
    "volume": "59",
    "date": "2020-03-04",
    "title": "[Noninvasive Respiratory Support for Novel Coronavirus Pneumonia: Enough is Enough].",
    "altmetric": 1.0,
    "pages": "e006",
    "research_org_cities": [
        {
            "id": 1799962,
            "name": "Nanjing"
        },
        {
            "id": 1810821,
            "name": "Fuzhou"
        },
        {
            "id": 1816670,
            "name": "Beijing"
        },
        {
            "id": 1791247,
            "name": "Wuhan"
        }
    ],
    "research_org_countries": [
        {
            "id": "CN",
            "name": "China"
        }
    ],
    "doi": "10.3760/cma.j.issn.0578-1426.2020.0006",
    "times_cited": 0,
    "research_orgs": [
        {
            "id": "grid.263826.b",
            "acronym": "SEU",
            "types": [
                "Education"
            ],
            "longitude": 118.79425,
            "linkout": [
                "http://www.seu.edu.cn/english/"
            ],
            "latitude": 32.055927,
            "name": "Southeast University",
            "city_name": "Nanjing",
            "country_name": "China"
        },
        {
            "id": "grid.33199.31",
            "acronym": "HUST",
            "types": [
                "Education"
            ],
            "longitude": 114.41474,
            "linkout": [
                "http://english.hust.edu.cn/"
            ],
            "latitude": 30.508183,
            "name": "Huazhong University of Science and Technology",
            "city_name": "Wuhan",
            "country_name": "China"
        }
    ],
    "pmid": "32129582",
    "research_org_country_names": [
        "China"
    ],
    "id": "pub.1125353440",
    "issue": "0",
    "journal": {
        "id": "jour.1059083",
        "title": "\u4e2d\u534e\u5185\u79d1\u6742\u5fd7"
    },
    "year": 2020,
    "author_affiliations": [
        [
            {
                "first_name": "C",
                "last_name": "Pan",
                "initials": "",
                "corresponding": "",
                "orcid": "",
                "current_organization_id": "",
                "researcher_id": "",
                "affiliations": [
                    {
                        "id": "grid.263826.b",
                        "name": "Southeast University",
                        "city": "Nanjing",
                        "city_id": 1799962,
                        "country": "China",
                        "country_code": "CN",
                        "state": null,
                        "state_code": null
                    }
                ]
            },
            {
                "first_name": "W",
                "last_name": "Zhang",
                "initials": "",
                "corresponding": "",
                "orcid": "",
                "current_organization_id": "",
                "researcher_id": "",
                "affiliations": [
                    {
                        "name": "Department of Emergency,900th Hospital of Joint Service Corps, PLA, Fuzhou 350025, China."
                    }
                ]
            },
            {
                "first_name": "J A",
                "last_name": "Xia",
                "initials": "",
                "corresponding": "",
                "orcid": "",
                "current_organization_id": "",
                "researcher_id": "",
                "affiliations": [
                    {
                        "name": "Department of Critical Care Medicine, Wuhan Jinyintan Hospital, Wuhan 430013, China."
                    }
                ]
            },
            {
                "first_name": "H",
                "last_name": "Liu",
                "initials": "",
                "corresponding": "",
                "orcid": "",
                "current_organization_id": "",
                "researcher_id": "",
                "affiliations": [
                    {
                        "id": "grid.33199.31",
                        "name": "Huazhong University of Science and Technology",
                        "city": "Wuhan",
                        "city_id": 1791247,
                        "country": "China",
                        "country_code": "CN",
                        "state": null,
                        "state_code": null
                    }
                ]
            },
            {
                "first_name": "B",
                "last_name": "Du",
                "initials": "",
                "corresponding": "",
                "orcid": "",
                "current_organization_id": "",
                "researcher_id": "",
                "affiliations": [
                    {
                        "name": "Medical Intensive Care Medicine, Peking Union Medical College Hospital, Peking Union Medical College, Chinese Academy of Medical Sciences, Beijing 100730, China."
                    }
                ]
            },
            {
                "first_name": "H B",
                "last_name": "Qiu",
                "initials": "",
                "corresponding": "",
                "orcid": "",
                "current_organization_id": "",
                "researcher_id": "",
                "affiliations": [
                    {
                        "id": "grid.263826.b",
                        "name": "Southeast University",
                        "city": "Nanjing",
                        "city_id": 1799962,
                        "country": "China",
                        "country_code": "CN",
                        "state": null,
                        "state_code": null
                    }
                ]
            }
        ]
    ],
    "type": "article"
}