{
    "volume": "577",
    "date": "2020-01-01",
    "title": "Alarm over China virus, extreme Arctic warming and a volcano on alert",
    "altmetric": 57.0,
    "pages": "454-455",
    "open_access": [
        "Open Access - all",
        "Open Access - publisher",
        "Open Access - published"
    ],
    "doi": "10.1038/d41586-020-00109-1",
    "times_cited": 0,
    "pmid": "31969726",
    "id": "pub.1124216930",
    "issue": "7791",
    "journal": {
        "id": "jour.1018957",
        "title": "Nature"
    },
    "year": 2020,
    "type": "article"
}