{
    "volume": "9",
    "date": "2020-02-18",
    "title": "Host Factors Affecting Generation of Immunity Against Porcine Epidemic Diarrhea Virus in Pregnant and Lactating Swine and Passive Protection of Neonates",
    "researchers": [
        {
            "id": "ur.01111123337.23",
            "last_name": "Langel",
            "first_name": "Stephanie N",
            "orcid_id": [
                "0000-0002-0467-7874"
            ],
            "research_orgs": [
                "grid.438526.e",
                "grid.261331.4",
                "grid.189509.c"
            ]
        },
        {
            "id": "ur.01351016714.20",
            "last_name": "Wang",
            "first_name": "Qiuhong",
            "orcid_id": [
                "0000-0002-8238-417X"
            ],
            "research_orgs": [
                "grid.423070.2",
                "grid.261331.4",
                "grid.5018.c",
                "grid.17083.3d",
                "grid.17635.36"
            ]
        },
        {
            "id": "ur.01277542135.20",
            "last_name": "Vlasova",
            "first_name": "Anastasia Nickolaevna",
            "orcid_id": [
                "0000-0002-1447-6283"
            ],
            "research_orgs": [
                "grid.17635.36",
                "grid.261331.4",
                "grid.417731.7"
            ]
        },
        {
            "id": "ur.011005227177.12",
            "last_name": "Saif",
            "first_name": "Linda J",
            "research_orgs": [
                "grid.17083.3d",
                "grid.419681.3",
                "grid.419258.3",
                "grid.423070.2",
                "grid.5018.c",
                "grid.261331.4",
                "grid.36567.31",
                "grid.39382.33"
            ]
        }
    ],
    "research_org_state_codes": [
        {
            "id": "US-OH",
            "name": "Ohio"
        },
        {
            "id": "US-NC",
            "name": "North Carolina"
        }
    ],
    "altmetric": 9.0,
    "pages": "130",
    "research_org_cities": [
        {
            "id": 4464368,
            "name": "Durham"
        },
        {
            "id": 4509177,
            "name": "Columbus"
        }
    ],
    "open_access": [
        "Open Access - all",
        "Open Access - publisher",
        "Open Access - published"
    ],
    "research_org_countries": [
        {
            "id": "US",
            "name": "United States"
        }
    ],
    "doi": "10.3390/pathogens9020130",
    "FOR": [
        {
            "id": "3103",
            "name": "1107 Immunology"
        },
        {
            "id": "3114",
            "name": "1108 Medical Microbiology"
        }
    ],
    "research_orgs": [
        {
            "id": "grid.261331.4",
            "acronym": "OSU",
            "state_name": "Ohio",
            "types": [
                "Education"
            ],
            "longitude": -83.0145,
            "linkout": [
                "http://www.osu.edu/"
            ],
            "latitude": 40.0,
            "name": "The Ohio State University",
            "city_name": "Columbus",
            "country_name": "United States"
        },
        {
            "id": "grid.189509.c",
            "state_name": "North Carolina",
            "types": [
                "Healthcare"
            ],
            "longitude": -78.9373,
            "linkout": [
                "https://www.dukehealth.org/hospitals/duke-university-hospital/home"
            ],
            "latitude": 36.0072,
            "name": "Duke University Hospital",
            "city_name": "Durham",
            "country_name": "United States"
        }
    ],
    "times_cited": 0,
    "pmid": "32085410",
    "funders": [
        {
            "id": "grid.482914.2",
            "acronym": "NIFA",
            "state_name": "District of Columbia",
            "types": [
                "Government"
            ],
            "longitude": -77.02424,
            "linkout": [
                "https://nifa.usda.gov/"
            ],
            "latitude": 38.880623,
            "name": "National Institute of Food and Agriculture",
            "city_name": "Washington D.C.",
            "country_name": "United States"
        },
        {
            "id": "grid.420089.7",
            "acronym": "NICHD",
            "state_name": "Maryland",
            "types": [
                "Facility"
            ],
            "longitude": -77.10042,
            "linkout": [
                "http://www.nichd.nih.gov/Pages/index.aspx"
            ],
            "latitude": 39.001095,
            "name": "National Institute of Child Health and Human Development",
            "city_name": "Bethesda",
            "country_name": "United States"
        }
    ],
    "research_org_country_names": [
        "United States"
    ],
    "id": "pub.1125081141",
    "issue": "2",
    "journal": {
        "id": "jour.1047674",
        "title": "Pathogens"
    },
    "year": 2020,
    "references": [
        "pub.1062452643",
        "pub.1068132076",
        "pub.1027453891",
        "pub.1010808464",
        "pub.1049762656",
        "pub.1020896455",
        "pub.1100204599",
        "pub.1023586305",
        "pub.1091089045",
        "pub.1017178786",
        "pub.1052021450",
        "pub.1032961753",
        "pub.1040717780",
        "pub.1007893043",
        "pub.1119864524",
        "pub.1047541891",
        "pub.1115028285",
        "pub.1011638925",
        "pub.1062712662",
        "pub.1010807019",
        "pub.1050304486",
        "pub.1100700759",
        "pub.1074774137",
        "pub.1038476568",
        "pub.1083113462",
        "pub.1091465529",
        "pub.1003765912",
        "pub.1017791948",
        "pub.1052232869",
        "pub.1038219507",
        "pub.1047041989",
        "pub.1050760893",
        "pub.1113696879",
        "pub.1111938055",
        "pub.1076170880",
        "pub.1041010403",
        "pub.1021463007",
        "pub.1093100816",
        "pub.1085439265",
        "pub.1121997826",
        "pub.1059710398",
        "pub.1082785284",
        "pub.1122248177",
        "pub.1076501637",
        "pub.1000813630",
        "pub.1070878440",
        "pub.1092620107",
        "pub.1049438267",
        "pub.1070887646",
        "pub.1022918718",
        "pub.1044091398",
        "pub.1028511573",
        "pub.1027932971",
        "pub.1101312260",
        "pub.1003146024",
        "pub.1007800143",
        "pub.1047946268",
        "pub.1000802496",
        "pub.1043216123",
        "pub.1048106127",
        "pub.1103779384",
        "pub.1012663816",
        "pub.1012168463",
        "pub.1111209043",
        "pub.1053326862",
        "pub.1036931590",
        "pub.1013351129",
        "pub.1025605832",
        "pub.1062552671",
        "pub.1035570863",
        "pub.1006865950",
        "pub.1031688872",
        "pub.1049809403",
        "pub.1122320591",
        "pub.1124289146",
        "pub.1086073717",
        "pub.1038773387",
        "pub.1083841869",
        "pub.1010569090",
        "pub.1020701511",
        "pub.1051422292",
        "pub.1001749361",
        "pub.1043079763",
        "pub.1111369285",
        "pub.1117790439",
        "pub.1034884884",
        "pub.1092114619",
        "pub.1025069585",
        "pub.1052186655",
        "pub.1120397590",
        "pub.1036036928",
        "pub.1003031731",
        "pub.1037603142",
        "pub.1053527998",
        "pub.1009143233",
        "pub.1026199734",
        "pub.1040934383",
        "pub.1020474287",
        "pub.1015938388",
        "pub.1039857846",
        "pub.1013304045",
        "pub.1039394573",
        "pub.1013258646",
        "pub.1046242466",
        "pub.1032020194",
        "pub.1120693414",
        "pub.1100801000",
        "pub.1112677280",
        "pub.1080487608",
        "pub.1080487367",
        "pub.1018961277",
        "pub.1112512381",
        "pub.1090900420",
        "pub.1084608157",
        "pub.1090738648",
        "pub.1111410941",
        "pub.1002260388",
        "pub.1005254170",
        "pub.1012699489",
        "pub.1020963358",
        "pub.1011224984",
        "pub.1029325885",
        "pub.1041784788",
        "pub.1060399265",
        "pub.1110035721",
        "pub.1038094812",
        "pub.1051806185",
        "pub.1052833736",
        "pub.1035792701",
        "pub.1062823746",
        "pub.1033260664",
        "pub.1099665115",
        "pub.1034325068",
        "pub.1027737101",
        "pub.1027995243",
        "pub.1029167661",
        "pub.1053121566",
        "pub.1007438937",
        "pub.1103635333",
        "pub.1049850655",
        "pub.1084513230",
        "pub.1082621654",
        "pub.1077427287",
        "pub.1024752719",
        "pub.1051251658",
        "pub.1041385961",
        "pub.1107078531",
        "pub.1106971169",
        "pub.1032652468",
        "pub.1026395024",
        "pub.1024156991",
        "pub.1027086744",
        "pub.1082311186",
        "pub.1123024220",
        "pub.1015184320",
        "pub.1090289895",
        "pub.1060390012"
    ],
    "research_org_state_names": [
        "Ohio",
        "North Carolina"
    ],
    "author_affiliations": [
        [
            {
                "first_name": "Stephanie N.",
                "last_name": "Langel",
                "initials": "",
                "corresponding": "",
                "orcid": "['0000-0002-0467-7874']",
                "current_organization_id": "grid.261331.4",
                "researcher_id": "ur.01111123337.23",
                "affiliations": [
                    {
                        "id": "grid.189509.c",
                        "name": "Duke University Hospital",
                        "city": "Durham",
                        "city_id": 4464368,
                        "country": "United States",
                        "country_code": "US",
                        "state": "North Carolina",
                        "state_code": "US-NC"
                    }
                ]
            },
            {
                "first_name": "Qiuhong",
                "last_name": "Wang",
                "initials": "",
                "corresponding": "",
                "orcid": "['0000-0002-8238-417X']",
                "current_organization_id": "grid.261331.4",
                "researcher_id": "ur.01351016714.20",
                "affiliations": [
                    {
                        "id": "grid.261331.4",
                        "name": "The Ohio State University",
                        "city": "Columbus",
                        "city_id": 4509177,
                        "country": "United States",
                        "country_code": "US",
                        "state": "Ohio",
                        "state_code": "US-OH"
                    }
                ]
            },
            {
                "first_name": "Anastasia N.",
                "last_name": "Vlasova",
                "initials": "",
                "corresponding": "",
                "orcid": "['0000-0002-1447-6283']",
                "current_organization_id": "grid.261331.4",
                "researcher_id": "ur.01277542135.20",
                "affiliations": [
                    {
                        "id": "grid.261331.4",
                        "name": "The Ohio State University",
                        "city": "Columbus",
                        "city_id": 4509177,
                        "country": "United States",
                        "country_code": "US",
                        "state": "Ohio",
                        "state_code": "US-OH"
                    }
                ]
            },
            {
                "first_name": "Linda J.",
                "last_name": "Saif",
                "initials": "",
                "corresponding": "",
                "orcid": "",
                "current_organization_id": "grid.261331.4",
                "researcher_id": "ur.011005227177.12",
                "affiliations": [
                    {
                        "id": "grid.261331.4",
                        "name": "The Ohio State University",
                        "city": "Columbus",
                        "city_id": 4509177,
                        "country": "United States",
                        "country_code": "US",
                        "state": "Ohio",
                        "state_code": "US-OH"
                    }
                ]
            }
        ]
    ],
    "type": "article"
}