{
    "volume": "29",
    "date": "2020-02-13",
    "title": "Infections without borders: a new coronavirus in Wuhan, China",
    "researchers": [
        {
            "id": "ur.0757736776.39",
            "last_name": "Wood",
            "first_name": "Cate",
            "orcid_id": [
                "0000-0001-7692-7361"
            ],
            "research_orgs": [
                "grid.8991.9",
                "grid.11201.33",
                "grid.17236.31"
            ]
        }
    ],
    "altmetric": 1.0,
    "pages": "166-167",
    "research_org_cities": [
        {
            "id": 2655603,
            "name": "Birmingham"
        }
    ],
    "open_access": [
        "Open Access - all",
        "Open Access - publisher",
        "Open Access - published"
    ],
    "research_org_countries": [
        {
            "id": "GB",
            "name": "United Kingdom"
        }
    ],
    "doi": "10.12968/bjon.2020.29.3.166",
    "times_cited": 0,
    "pmid": "32053437",
    "research_org_country_names": [
        "United Kingdom"
    ],
    "id": "pub.1124843669",
    "issue": "3",
    "journal": {
        "id": "jour.1100605",
        "title": "British Journal of Nursing"
    },
    "year": 2020,
    "references": [
        "pub.1124295864",
        "pub.1120800292",
        "pub.1124468596",
        "pub.1124145721",
        "pub.1124290823",
        "pub.1007427298"
    ],
    "author_affiliations": [
        [
            {
                "first_name": "Cate",
                "last_name": "Wood",
                "initials": "",
                "corresponding": "",
                "orcid": "['0000-0001-7692-7361']",
                "current_organization_id": "grid.17236.31",
                "researcher_id": "ur.0757736776.39",
                "affiliations": [
                    {
                        "name": "Senior Lecturer, Leadership and Management: Public Health, Birmingham City University"
                    }
                ]
            }
        ]
    ],
    "type": "article"
}