{
    "pmid": "32061284",
    "author_affiliations": [
        [
            {
                "first_name": "Munyaradzi",
                "last_name": "Makoni",
                "initials": "",
                "corresponding": "",
                "orcid": "",
                "current_organization_id": "",
                "researcher_id": "ur.011237416352.62",
                "affiliations": []
            }
        ]
    ],
    "altmetric": 177.0,
    "title": "Africa prepares for coronavirus",
    "pages": "483",
    "issue": "10223",
    "open_access": [
        "Open Access - all",
        "Open Access - publisher",
        "Open Access - published"
    ],
    "doi": "10.1016/s0140-6736(20)30355-x",
    "times_cited": 1,
    "journal": {
        "id": "jour.1077219",
        "title": "The Lancet"
    },
    "year": 2020,
    "id": "pub.1124863292",
    "date": "2020-02-01",
    "researchers": [
        {
            "id": "ur.011237416352.62",
            "last_name": "Makoni",
            "first_name": "Munyaradzi"
        }
    ],
    "type": "article",
    "volume": "395"
}