{
    "title": "Full Issue",
    "type": "article",
    "year": 2020,
    "journal": {
        "id": "jour.1137031",
        "title": "Africa Research Bulletin Economic Financial and Technical Series"
    },
    "date": "2020-03-01",
    "pages": "i-i",
    "id": "pub.1125312707",
    "volume": "57",
    "issue": "1",
    "open_access": [
        "Open Access - all",
        "Open Access - publisher",
        "Open Access - published"
    ],
    "doi": "10.1111/j.1467-6346.2020.09324.x",
    "times_cited": 0
}