{
    "research_orgs": [
        {
            "id": "grid.168010.e",
            "linkout": [
                "http://www.stanford.edu/"
            ],
            "city_name": "Stanford",
            "longitude": -122.17,
            "acronym": "SU",
            "state_name": "California",
            "latitude": 37.43,
            "name": "Stanford University",
            "types": [
                "Education"
            ],
            "country_name": "United States"
        }
    ],
    "research_org_country_names": [
        "United States"
    ],
    "title": "Chapter 40 The Role of Innate Immunity in Regulating Rotavirus Replication, Pathogenesis, and Host Range Restriction and the Implications for Live Rotaviral Vaccine Development",
    "type": "chapter",
    "year": 2020,
    "researchers": [
        {
            "id": "ur.0621534255.01",
            "research_orgs": [
                "grid.36425.36",
                "grid.262962.b",
                "grid.429952.1",
                "grid.168010.e",
                "grid.280747.e"
            ],
            "first_name": "Adrish",
            "last_name": "Sen"
        },
        {
            "id": "ur.01334617324.24",
            "research_orgs": [
                "grid.280747.e",
                "grid.8547.e",
                "grid.429952.1",
                "grid.47100.32",
                "grid.4367.6",
                "grid.168010.e"
            ],
            "first_name": "Siyuan",
            "last_name": "Ding",
            "orcid_id": [
                "0000-0002-5338-260X"
            ]
        },
        {
            "id": "ur.0661642773.19",
            "research_orgs": [
                "grid.239560.b",
                "grid.410372.3",
                "grid.17635.36",
                "grid.240873.a",
                "grid.412750.5",
                "grid.411024.2",
                "grid.214007.0",
                "grid.21107.35",
                "grid.280747.e",
                "grid.21729.3f",
                "grid.94365.3d",
                "grid.59734.3c",
                "grid.27755.32",
                "grid.176731.5",
                "grid.266102.1",
                "grid.418152.b",
                "grid.51462.34",
                "grid.413734.6",
                "grid.419681.3",
                "grid.168010.e",
                "grid.239395.7",
                "grid.414123.1",
                "grid.39382.33",
                "grid.413993.5",
                "grid.9486.3",
                "grid.273335.3",
                "grid.4817.a",
                "grid.429952.1",
                "grid.253615.6",
                "grid.240952.8"
            ],
            "first_name": "Harry Bernard",
            "last_name": "Greenberg",
            "orcid_id": [
                "0000-0002-2128-9080"
            ]
        }
    ],
    "FOR": [
        {
            "id": "3103",
            "name": "1107 Immunology"
        },
        {
            "id": "3114",
            "name": "1108 Medical Microbiology"
        }
    ],
    "research_org_countries": [
        {
            "id": "US",
            "name": "United States"
        }
    ],
    "date": "2020-01-01",
    "pages": "683-697",
    "research_org_state_names": [
        "California"
    ],
    "id": "pub.1122096011",
    "research_org_state_codes": [
        {
            "id": "US-CA",
            "name": "California"
        }
    ],
    "research_org_cities": [
        {
            "id": 5398563,
            "name": "Stanford"
        }
    ],
    "author_affiliations": [
        [
            {
                "first_name": "Adrish",
                "last_name": "Sen",
                "initials": "",
                "corresponding": "",
                "orcid": "",
                "current_organization_id": "grid.168010.e",
                "researcher_id": "ur.0621534255.01",
                "affiliations": [
                    {
                        "id": "grid.168010.e",
                        "name": "Stanford University",
                        "city": "Stanford",
                        "city_id": 5398563,
                        "country": "United States",
                        "country_code": "US",
                        "state": "California",
                        "state_code": "US-CA"
                    }
                ]
            },
            {
                "first_name": "Siyuan",
                "last_name": "Ding",
                "initials": "",
                "corresponding": "",
                "orcid": "['0000-0002-5338-260X']",
                "current_organization_id": "grid.168010.e",
                "researcher_id": "ur.01334617324.24",
                "affiliations": [
                    {
                        "id": "grid.168010.e",
                        "name": "Stanford University",
                        "city": "Stanford",
                        "city_id": 5398563,
                        "country": "United States",
                        "country_code": "US",
                        "state": "California",
                        "state_code": "US-CA"
                    }
                ]
            },
            {
                "first_name": "Harry B.",
                "last_name": "Greenberg",
                "initials": "",
                "corresponding": "",
                "orcid": "['0000-0002-2128-9080']",
                "current_organization_id": "grid.168010.e",
                "researcher_id": "ur.0661642773.19",
                "affiliations": [
                    {
                        "id": "grid.168010.e",
                        "name": "Stanford University",
                        "city": "Stanford",
                        "city_id": 5398563,
                        "country": "United States",
                        "country_code": "US",
                        "state": "California",
                        "state_code": "US-CA"
                    }
                ]
            }
        ]
    ],
    "doi": "10.1016/b978-0-12-811924-2.00041-9",
    "times_cited": 0,
    "references": [
        "pub.1012695403",
        "pub.1031371585",
        "pub.1004268847",
        "pub.1086108438",
        "pub.1026562711",
        "pub.1084786292",
        "pub.1018371500",
        "pub.1040489303",
        "pub.1092591471",
        "pub.1031109687",
        "pub.1053400711",
        "pub.1025707805",
        "pub.1016253007",
        "pub.1020663843",
        "pub.1081604627",
        "pub.1042217264",
        "pub.1048919253",
        "pub.1018477500",
        "pub.1001259788",
        "pub.1044452441",
        "pub.1007004360",
        "pub.1020453080",
        "pub.1010535844",
        "pub.1028966692",
        "pub.1024553636",
        "pub.1053187518",
        "pub.1033992378",
        "pub.1060399521",
        "pub.1027061072",
        "pub.1091219954",
        "pub.1000045749",
        "pub.1042473334",
        "pub.1001948130",
        "pub.1042079216",
        "pub.1060397983",
        "pub.1016600497",
        "pub.1084149603",
        "pub.1020482055",
        "pub.1045482998",
        "pub.1034637474",
        "pub.1034599975",
        "pub.1081618866",
        "pub.1001308803",
        "pub.1023558870",
        "pub.1026078177",
        "pub.1028362205",
        "pub.1091388455",
        "pub.1043725398",
        "pub.1017425042",
        "pub.1086132942",
        "pub.1045943950",
        "pub.1041684025",
        "pub.1015203286",
        "pub.1059326997",
        "pub.1022844633",
        "pub.1024040919",
        "pub.1031134703",
        "pub.1014178261",
        "pub.1060401254",
        "pub.1077935816",
        "pub.1050437406",
        "pub.1005930693",
        "pub.1104302710",
        "pub.1017395566",
        "pub.1027439534",
        "pub.1043833638",
        "pub.1037234160",
        "pub.1021008495",
        "pub.1029124782",
        "pub.1052026092",
        "pub.1035262377",
        "pub.1012328698",
        "pub.1035592525",
        "pub.1078321765",
        "pub.1037110745",
        "pub.1037106470",
        "pub.1040927610",
        "pub.1036814038",
        "pub.1026313169",
        "pub.1005158541",
        "pub.1012638590"
    ]
}