{
    "volume": "368",
    "date": "2020-02-01",
    "title": "Health inequalities: death by political means",
    "researchers": [
        {
            "id": "ur.0627346562.75",
            "last_name": "Abbasi",
            "first_name": "Kamran",
            "research_orgs": [
                "grid.431398.4",
                "grid.7147.5"
            ]
        }
    ],
    "altmetric": 150.0,
    "pages": "m755",
    "research_org_cities": [
        {
            "id": 2643743,
            "name": "London"
        }
    ],
    "open_access": [
        "Open Access - all",
        "Open Access - publisher",
        "Open Access - published"
    ],
    "research_org_countries": [
        {
            "id": "GB",
            "name": "United Kingdom"
        }
    ],
    "doi": "10.1136/bmj.m755",
    "times_cited": 0,
    "research_org_country_names": [
        "United Kingdom"
    ],
    "id": "pub.1125136616",
    "journal": {
        "id": "jour.1017377",
        "title": "The BMJ"
    },
    "year": 2020,
    "author_affiliations": [
        [
            {
                "first_name": "Kamran",
                "last_name": "Abbasi",
                "initials": "",
                "corresponding": "",
                "orcid": "",
                "current_organization_id": "grid.431398.4",
                "researcher_id": "ur.0627346562.75",
                "affiliations": [
                    {
                        "name": "The BMJ"
                    }
                ]
            }
        ]
    ],
    "type": "article"
}