{
    "pmid": "31992554",
    "author_affiliations": [
        [
            {
                "first_name": "Tom",
                "last_name": "Moberly",
                "initials": "",
                "corresponding": "",
                "orcid": "",
                "current_organization_id": "grid.431398.4",
                "researcher_id": "ur.01326450661.49",
                "affiliations": [
                    {
                        "name": "The BMJ."
                    }
                ]
            }
        ]
    ],
    "altmetric": 5.0,
    "research_org_countries": [
        {
            "id": "GB",
            "name": "United Kingdom"
        }
    ],
    "title": "Chinese premier rallies medics in coronavirus fight",
    "research_org_cities": [
        {
            "id": 2643743,
            "name": "London"
        }
    ],
    "pages": "m343",
    "open_access": [
        "Open Access - all",
        "Open Access - publisher",
        "Open Access - published"
    ],
    "doi": "10.1136/bmj.m343",
    "times_cited": 0,
    "journal": {
        "id": "jour.1017377",
        "title": "The BMJ"
    },
    "year": 2020,
    "references": [
        "pub.1124376595"
    ],
    "id": "pub.1124376588",
    "research_org_country_names": [
        "United Kingdom"
    ],
    "date": "2020-01-28",
    "researchers": [
        {
            "id": "ur.01326450661.49",
            "research_orgs": [
                "grid.431398.4"
            ],
            "last_name": "Moberly",
            "first_name": "Tom"
        }
    ],
    "type": "article",
    "volume": "368"
}