{
    "pmid": "32162212",
    "author_affiliations": [
        [
            {
                "first_name": "Jolin",
                "last_name": "Wong",
                "initials": "",
                "corresponding": true,
                "orcid": "",
                "current_organization_id": "",
                "researcher_id": "",
                "affiliations": [
                    {
                        "id": "grid.163555.1",
                        "name": "Singapore General Hospital",
                        "city": "Singapore",
                        "city_id": 1880252,
                        "country": "Singapore",
                        "country_code": "SG",
                        "state": null,
                        "state_code": null
                    }
                ]
            },
            {
                "first_name": "Qing Yuan",
                "last_name": "Goh",
                "initials": "",
                "corresponding": "",
                "orcid": "",
                "current_organization_id": "",
                "researcher_id": "",
                "affiliations": [
                    {
                        "id": "grid.163555.1",
                        "name": "Singapore General Hospital",
                        "city": "Singapore",
                        "city_id": 1880252,
                        "country": "Singapore",
                        "country_code": "SG",
                        "state": null,
                        "state_code": null
                    }
                ]
            },
            {
                "first_name": "Zihui",
                "last_name": "Tan",
                "initials": "",
                "corresponding": "",
                "orcid": "",
                "current_organization_id": "",
                "researcher_id": "",
                "affiliations": [
                    {
                        "id": "grid.163555.1",
                        "name": "Singapore General Hospital",
                        "city": "Singapore",
                        "city_id": 1880252,
                        "country": "Singapore",
                        "country_code": "SG",
                        "state": null,
                        "state_code": null
                    }
                ]
            },
            {
                "first_name": "Sui An",
                "last_name": "Lie",
                "initials": "",
                "corresponding": "",
                "orcid": "",
                "current_organization_id": "",
                "researcher_id": "",
                "affiliations": [
                    {
                        "id": "grid.163555.1",
                        "name": "Singapore General Hospital",
                        "city": "Singapore",
                        "city_id": 1880252,
                        "country": "Singapore",
                        "country_code": "SG",
                        "state": null,
                        "state_code": null
                    }
                ]
            },
            {
                "first_name": "Yoong Chuan",
                "last_name": "Tay",
                "initials": "",
                "corresponding": "",
                "orcid": "",
                "current_organization_id": "",
                "researcher_id": "",
                "affiliations": [
                    {
                        "id": "grid.163555.1",
                        "name": "Singapore General Hospital",
                        "city": "Singapore",
                        "city_id": 1880252,
                        "country": "Singapore",
                        "country_code": "SG",
                        "state": null,
                        "state_code": null
                    }
                ]
            },
            {
                "first_name": "Shin Yi",
                "last_name": "Ng",
                "initials": "",
                "corresponding": "",
                "orcid": "",
                "current_organization_id": "",
                "researcher_id": "",
                "affiliations": [
                    {
                        "id": "grid.163555.1",
                        "name": "Singapore General Hospital",
                        "city": "Singapore",
                        "city_id": 1880252,
                        "country": "Singapore",
                        "country_code": "SG",
                        "state": null,
                        "state_code": null
                    }
                ]
            },
            {
                "first_name": "Chai Rick",
                "last_name": "Soh",
                "initials": "",
                "corresponding": "",
                "orcid": "",
                "current_organization_id": "",
                "researcher_id": "",
                "affiliations": [
                    {
                        "id": "grid.163555.1",
                        "name": "Singapore General Hospital",
                        "city": "Singapore",
                        "city_id": 1880252,
                        "country": "Singapore",
                        "country_code": "SG",
                        "state": null,
                        "state_code": null
                    }
                ]
            }
        ]
    ],
    "altmetric": 38.0,
    "FOR": [
        {
            "id": "3177",
            "name": "1117 Public Health and Health Services"
        }
    ],
    "research_org_countries": [
        {
            "id": "SG",
            "name": "Singapore"
        }
    ],
    "title": "Preparing for a COVID-19 pandemic: a review of operating room outbreak response measures in a large tertiary hospital in Singapore",
    "research_org_cities": [
        {
            "id": 1880252,
            "name": "Singapore"
        }
    ],
    "pages": "1-14",
    "open_access": [
        "Open Access - all",
        "Open Access - publisher",
        "Open Access - published"
    ],
    "doi": "10.1007/s12630-020-01620-9",
    "times_cited": 0,
    "journal": {
        "id": "jour.1017152",
        "title": "Journal canadien d'anesth\u00e9sie"
    },
    "year": 2020,
    "research_orgs": [
        {
            "id": "grid.163555.1",
            "name": "Singapore General Hospital",
            "linkout": [
                "http://www.sgh.com.sg/Pages/default.aspx"
            ],
            "country_name": "Singapore",
            "types": [
                "Healthcare"
            ],
            "latitude": 1.280556,
            "acronym": "SGH",
            "city_name": "Singapore",
            "longitude": 103.83476
        }
    ],
    "id": "pub.1125561140",
    "references": [
        "pub.1001461645",
        "pub.1013820892",
        "pub.1047918095",
        "pub.1104044753",
        "pub.1125029922",
        "pub.1124434742",
        "pub.1117917920",
        "pub.1016643857",
        "pub.1124408081",
        "pub.1030016220",
        "pub.1124844393",
        "pub.1030180337",
        "pub.1007296350",
        "pub.1125350141",
        "pub.1125452955",
        "pub.1124843280",
        "pub.1041343651",
        "pub.1028769371",
        "pub.1001477671",
        "pub.1010919052",
        "pub.1124865153",
        "pub.1010436685",
        "pub.1125042614",
        "pub.1010078907",
        "pub.1124646670",
        "pub.1024162337",
        "pub.1024370751",
        "pub.1011119412",
        "pub.1124427336",
        "pub.1120409774",
        "pub.1124290823",
        "pub.1092035364",
        "pub.1012711571",
        "pub.1124654147",
        "pub.1125056228",
        "pub.1125146281",
        "pub.1105227965",
        "pub.1014011846",
        "pub.1050690687",
        "pub.1125092509",
        "pub.1124012707",
        "pub.1013716409",
        "pub.1035696853",
        "pub.1125324383",
        "pub.1122812982",
        "pub.1017132624",
        "pub.1125017557",
        "pub.1124445588",
        "pub.1076868214"
    ],
    "research_org_country_names": [
        "Singapore"
    ],
    "date": "2020-03-11",
    "type": "article"
}