{
    "date": "2020-01-01",
    "title": "Global Health Security Innovation",
    "researchers": [
        {
            "id": "ur.015563242714.50",
            "last_name": "Masys",
            "first_name": "Anthony J",
            "research_orgs": [
                "grid.170693.a"
            ]
        }
    ],
    "research_org_state_codes": [
        {
            "id": "US-FL",
            "name": "Florida"
        }
    ],
    "pages": "387-425",
    "research_org_cities": [
        {
            "id": 4174757,
            "name": "Tampa"
        }
    ],
    "open_access": [
        "Open Access - all",
        "Open Access - publisher",
        "Open Access - published"
    ],
    "research_org_countries": [
        {
            "id": "US",
            "name": "United States"
        }
    ],
    "doi": "10.1007/978-3-030-23491-1_16",
    "FOR": [
        {
            "id": "3177",
            "name": "1117 Public Health and Health Services"
        }
    ],
    "times_cited": 0,
    "research_orgs": [
        {
            "id": "grid.170693.a",
            "acronym": "USF",
            "state_name": "Florida",
            "types": [
                "Education"
            ],
            "longitude": -82.413055,
            "linkout": [
                "http://www.usf.edu/"
            ],
            "latitude": 28.054562,
            "name": "University of South Florida",
            "city_name": "Tampa",
            "country_name": "United States"
        }
    ],
    "research_org_country_names": [
        "United States"
    ],
    "id": "pub.1123774562",
    "year": 2020,
    "references": [
        "pub.1013707848",
        "pub.1048520747",
        "pub.1077583131",
        "pub.1102758581",
        "pub.1050006094",
        "pub.1016432884",
        "pub.1044064682",
        "pub.1073426479",
        "pub.1101432736",
        "pub.1073096677",
        "pub.1050141316",
        "pub.1007831050",
        "pub.1109698298",
        "pub.1050309373",
        "pub.1038688087",
        "pub.1063016105",
        "pub.1103207703",
        "pub.1099318809",
        "pub.1062646798",
        "pub.1042327665",
        "pub.1053280737",
        "pub.1009441748",
        "pub.1011637467",
        "pub.1051314834",
        "pub.1025919282",
        "pub.1008640903",
        "pub.1025280001",
        "pub.1063184784",
        "pub.1020248237",
        "pub.1110934543",
        "pub.1074302193",
        "pub.1092472147",
        "pub.1098666608",
        "pub.1011116212",
        "pub.1110724076"
    ],
    "research_org_state_names": [
        "Florida"
    ],
    "author_affiliations": [
        [
            {
                "first_name": "James",
                "last_name": "Stikeleather",
                "initials": "",
                "corresponding": "",
                "orcid": "",
                "current_organization_id": "",
                "researcher_id": "",
                "affiliations": [
                    {
                        "id": "grid.170693.a",
                        "name": "University of South Florida",
                        "city": "Tampa",
                        "city_id": 4174757,
                        "country": "United States",
                        "country_code": "US",
                        "state": "Florida",
                        "state_code": "US-FL"
                    }
                ]
            },
            {
                "first_name": "Anthony J.",
                "last_name": "Masys",
                "initials": "",
                "corresponding": true,
                "orcid": "",
                "current_organization_id": "grid.170693.a",
                "researcher_id": "ur.015563242714.50",
                "affiliations": [
                    {
                        "id": "grid.170693.a",
                        "name": "University of South Florida",
                        "city": "Tampa",
                        "city_id": 4174757,
                        "country": "United States",
                        "country_code": "US",
                        "state": "Florida",
                        "state_code": "US-FL"
                    }
                ]
            }
        ]
    ],
    "type": "chapter"
}