{
    "research_orgs": [
        {
            "id": "grid.507037.6",
            "linkout": [
                "http://sumhs.admissions.cn"
            ],
            "city_name": "Shanghai",
            "longitude": 121.60909,
            "acronym": "SUMHS",
            "latitude": 31.107084,
            "name": "Shanghai University of Medicine and Health Sciences",
            "types": [
                "Education"
            ],
            "country_name": "China"
        },
        {
            "id": "grid.24516.34",
            "linkout": [
                "http://www.tongji.edu.cn/"
            ],
            "city_name": "Shanghai",
            "longitude": 121.506195,
            "latitude": 31.281977,
            "name": "Tongji University",
            "types": [
                "Education"
            ],
            "country_name": "China"
        }
    ],
    "research_org_country_names": [
        "Switzerland",
        "China"
    ],
    "pmid": "32134111",
    "title": "Understanding COVID-19 new diagnostic guidelines \u2013 a message of reassurance from an internal medicine doctor in Shanghai",
    "type": "article",
    "year": 2020,
    "journal": {
        "id": "jour.1018657",
        "title": "Swiss Medical Weekly"
    },
    "FOR": [
        {
            "id": "2837",
            "name": "0903 Biomedical Engineering"
        }
    ],
    "research_org_countries": [
        {
            "id": "CH",
            "name": "Switzerland"
        },
        {
            "id": "CN",
            "name": "China"
        }
    ],
    "date": "2020-03-05",
    "altmetric": 5.0,
    "pages": "w20216",
    "id": "pub.1125412055",
    "volume": "150",
    "issue": "0910",
    "research_org_cities": [
        {
            "id": 1796236,
            "name": "Shanghai"
        }
    ],
    "open_access": [
        "Open Access - all",
        "Open Access - publisher",
        "Open Access - published"
    ],
    "author_affiliations": [
        [
            {
                "first_name": "Evelyne",
                "last_name": "Bischof",
                "initials": "",
                "corresponding": "",
                "orcid": "",
                "current_organization_id": "",
                "researcher_id": "",
                "affiliations": [
                    {
                        "id": "grid.507037.6",
                        "name": "Shanghai University of Medicine and Health Sciences",
                        "city": "Shanghai",
                        "city_id": 1796236,
                        "country": "China",
                        "country_code": "CN",
                        "state": null,
                        "state_code": null
                    }
                ]
            },
            {
                "first_name": "Guoting",
                "last_name": "Chen",
                "initials": "",
                "corresponding": "",
                "orcid": "",
                "current_organization_id": "",
                "researcher_id": "",
                "affiliations": [
                    {
                        "id": "grid.24516.34",
                        "name": "Tongji University",
                        "city": "Shanghai",
                        "city_id": 1796236,
                        "country": "China",
                        "country_code": "CN",
                        "state": null,
                        "state_code": null
                    }
                ]
            },
            {
                "first_name": "Maria Teresa",
                "last_name": "Ferretti",
                "initials": "",
                "corresponding": "",
                "orcid": "",
                "current_organization_id": "",
                "researcher_id": "",
                "affiliations": [
                    {
                        "name": "Women's Brain Project, Switzerland."
                    }
                ]
            }
        ]
    ],
    "doi": "10.4414/smw.2020.20216",
    "times_cited": 0
}