{
    "volume": "41",
    "date": "2020-02-27",
    "title": "[Recommendation on the modernization of disease control and prevention].",
    "altmetric": 1.0,
    "pages": "453-460",
    "doi": "10.3760/cma.j.cn112338-20200225-00166",
    "FOR": [
        {
            "id": "3177",
            "name": "1117 Public Health and Health Services"
        }
    ],
    "times_cited": 0,
    "pmid": "32103652",
    "id": "pub.1125174039",
    "issue": "4",
    "journal": {
        "id": "jour.1313662",
        "title": "Chinese Journal of Epidemiology"
    },
    "year": 2020,
    "type": "article"
}