{
    "pmid": "32099832",
    "author_affiliations": [
        [
            {
                "first_name": "Yoon-Seok",
                "last_name": "Chang",
                "initials": "",
                "corresponding": "",
                "orcid": "['0000-0003-3157-0447']",
                "current_organization_id": "grid.412480.b",
                "researcher_id": "ur.013612454200.45",
                "affiliations": [
                    {
                        "id": "grid.412480.b",
                        "name": "Seoul National University Bundang Hospital",
                        "city": "Seongnam-si",
                        "city_id": 1897000,
                        "country": "South Korea",
                        "country_code": "KR",
                        "state": null,
                        "state_code": null
                    }
                ]
            }
        ]
    ],
    "research_org_countries": [
        {
            "id": "KR",
            "name": "South Korea"
        }
    ],
    "title": "The 10th Anniversary of Asia Pacific Allergy",
    "research_org_cities": [
        {
            "id": 1897000,
            "name": "Seongnam-si"
        }
    ],
    "pages": "e10",
    "issue": "1",
    "open_access": [
        "Open Access - all",
        "Open Access - publisher",
        "Open Access - published"
    ],
    "doi": "10.5415/apallergy.2020.10.e10",
    "times_cited": 0,
    "journal": {
        "id": "jour.1045228",
        "title": "Asia Pacific Allergy"
    },
    "year": 2020,
    "research_orgs": [
        {
            "id": "grid.412480.b",
            "name": "Seoul National University Bundang Hospital",
            "linkout": [
                "https://www.snubh.org/dh/en/"
            ],
            "country_name": "South Korea",
            "types": [
                "Healthcare"
            ],
            "latitude": 37.35212,
            "acronym": "SNUBH",
            "city_name": "Seongnam-si",
            "longitude": 127.12321
        }
    ],
    "id": "pub.1124480623",
    "references": [
        "pub.1083520984",
        "pub.1124187875",
        "pub.1072839593",
        "pub.1124423955",
        "pub.1124480624",
        "pub.1124423958",
        "pub.1122331502",
        "pub.1113259948",
        "pub.1124423956",
        "pub.1124187874",
        "pub.1113529834",
        "pub.1124095239",
        "pub.1124423957",
        "pub.1124449618"
    ],
    "research_org_country_names": [
        "South Korea"
    ],
    "date": "2020-01-01",
    "researchers": [
        {
            "id": "ur.013612454200.45",
            "research_orgs": [
                "grid.412484.f",
                "grid.7445.2",
                "grid.413967.e",
                "grid.31501.36",
                "grid.470090.a",
                "grid.49100.3c",
                "grid.410904.8",
                "grid.412480.b"
            ],
            "last_name": "Chang",
            "first_name": "Yoon-Seok",
            "orcid_id": [
                "0000-0003-3157-0447"
            ]
        }
    ],
    "type": "article",
    "volume": "10",
    "pmcid": "PMC7016318"
}