{
    "title": "Korean science and technology policies",
    "type": "chapter",
    "year": 2020,
    "date": "2020-01-29",
    "pages": "466-483",
    "id": "pub.1124449472",
    "author_affiliations": [
        [
            {
                "first_name": "Eunjung",
                "last_name": "Shin",
                "initials": "",
                "corresponding": "",
                "orcid": "",
                "current_organization_id": "",
                "researcher_id": "",
                "affiliations": []
            },
            {
                "first_name": "Eric W",
                "last_name": "Welch",
                "initials": "",
                "corresponding": "",
                "orcid": "",
                "current_organization_id": "",
                "researcher_id": "",
                "affiliations": []
            }
        ]
    ],
    "doi": "10.4324/9781315660516-28",
    "times_cited": 0
}