{
    "pmid": "32156272",
    "author_affiliations": [
        [
            {
                "first_name": "Bo",
                "last_name": "Liang",
                "initials": "",
                "corresponding": "",
                "orcid": "",
                "current_organization_id": "",
                "researcher_id": "",
                "affiliations": [
                    {
                        "id": "grid.410745.3",
                        "name": "Nanjing University of Chinese Medicine",
                        "city": "Nanjing",
                        "city_id": 1799962,
                        "country": "China",
                        "country_code": "CN",
                        "state": null,
                        "state_code": null
                    }
                ]
            },
            {
                "first_name": "Yu-Xiu",
                "last_name": "Zhao",
                "initials": "",
                "corresponding": "",
                "orcid": "",
                "current_organization_id": "",
                "researcher_id": "",
                "affiliations": [
                    {
                        "id": "grid.410578.f",
                        "name": "Southwest Medical University",
                        "city": "Luzhou",
                        "city_id": 1801640,
                        "country": "China",
                        "country_code": "CN",
                        "state": null,
                        "state_code": null
                    }
                ]
            },
            {
                "first_name": "Ning",
                "last_name": "Gu",
                "initials": "",
                "corresponding": true,
                "orcid": "",
                "current_organization_id": "",
                "researcher_id": "",
                "affiliations": [
                    {
                        "id": "grid.410745.3",
                        "name": "Nanjing University of Chinese Medicine",
                        "city": "Nanjing",
                        "city_id": 1799962,
                        "country": "China",
                        "country_code": "CN",
                        "state": null,
                        "state_code": null
                    }
                ]
            }
        ]
    ],
    "altmetric": 1.0,
    "FOR": [
        {
            "id": "3048",
            "name": "1102 Cardiorespiratory Medicine and Haematology"
        }
    ],
    "research_org_countries": [
        {
            "id": "CN",
            "name": "China"
        }
    ],
    "title": "Empagliflozin improves cardiac function in heart failure with reduced ejection fraction independent of loading conditions",
    "research_org_cities": [
        {
            "id": 1801640,
            "name": "Luzhou"
        },
        {
            "id": 1799962,
            "name": "Nanjing"
        }
    ],
    "pages": "29",
    "issue": "1",
    "open_access": [
        "Open Access - all",
        "Open Access - publisher",
        "Open Access - published"
    ],
    "doi": "10.1186/s12933-020-01004-9",
    "times_cited": 0,
    "journal": {
        "id": "jour.1031021",
        "title": "Cardiovascular Diabetology"
    },
    "funders": [
        {
            "id": "grid.419696.5",
            "name": "National Natural Science Foundation of China",
            "linkout": [
                "http://www.nsfc.gov.cn/publish/portal1/"
            ],
            "country_name": "China",
            "types": [
                "Government"
            ],
            "latitude": 40.005177,
            "acronym": "NSFC",
            "city_name": "Beijing",
            "longitude": 116.33983
        }
    ],
    "year": 2020,
    "research_orgs": [
        {
            "id": "grid.410578.f",
            "name": "Southwest Medical University",
            "linkout": [
                "http://en.swmu.edu.cn/"
            ],
            "country_name": "China",
            "types": [
                "Healthcare"
            ],
            "latitude": 28.882652,
            "acronym": "SMU",
            "state_name": "Sichuan",
            "city_name": "Luzhou",
            "longitude": 105.44458
        },
        {
            "id": "grid.410745.3",
            "name": "Nanjing University of Chinese Medicine",
            "linkout": [
                "http://english.njucm.edu.cn/"
            ],
            "country_name": "China",
            "types": [
                "Education"
            ],
            "latitude": 32.10076,
            "acronym": "NJUCM",
            "city_name": "Nanjing",
            "longitude": 118.94088
        }
    ],
    "id": "pub.1125545999",
    "references": [
        "pub.1050664981",
        "pub.1111989408",
        "pub.1124682123",
        "pub.1122754120",
        "pub.1113172141",
        "pub.1121958044",
        "pub.1111893492",
        "pub.1117015843",
        "pub.1093166788",
        "pub.1027808643"
    ],
    "research_org_country_names": [
        "China"
    ],
    "date": "2020-12-01",
    "type": "article",
    "volume": "19",
    "pmcid": "PMC7063753"
}