{
    "pmid": "32111649",
    "author_affiliations": [
        [
            {
                "first_name": "John",
                "last_name": "Watkins",
                "initials": "",
                "corresponding": "",
                "orcid": "",
                "current_organization_id": "",
                "researcher_id": "",
                "affiliations": [
                    {
                        "id": "grid.439475.8",
                        "name": "Public Health Wales",
                        "city": "Cardiff",
                        "city_id": 2653822,
                        "country": "United Kingdom",
                        "country_code": "GB",
                        "state": null,
                        "state_code": null
                    }
                ]
            }
        ]
    ],
    "altmetric": 237.0,
    "research_org_countries": [
        {
            "id": "GB",
            "name": "United Kingdom"
        }
    ],
    "title": "Preventing a covid-19 pandemic",
    "research_org_cities": [
        {
            "id": 2653822,
            "name": "Cardiff"
        }
    ],
    "pages": "m810",
    "open_access": [
        "Open Access - all",
        "Open Access - publisher",
        "Open Access - published"
    ],
    "doi": "10.1136/bmj.m810",
    "times_cited": 0,
    "journal": {
        "id": "jour.1017377",
        "title": "The BMJ"
    },
    "year": 2020,
    "research_orgs": [
        {
            "id": "grid.439475.8",
            "name": "Public Health Wales",
            "linkout": [
                "https://phw.nhs.wales/"
            ],
            "country_name": "United Kingdom",
            "types": [
                "Healthcare"
            ],
            "latitude": 51.476807,
            "city_name": "Cardiff",
            "longitude": -3.169545
        }
    ],
    "id": "pub.1125146739",
    "references": [
        "pub.1041985305"
    ],
    "research_org_country_names": [
        "United Kingdom"
    ],
    "date": "2020-02-28",
    "type": "article",
    "volume": "368"
}