{
    "date": "2020-03-04",
    "title": "CT Imaging and Differential Diagnosis of COVID-19.",
    "researchers": [
        {
            "id": "ur.014740373733.50",
            "last_name": "Zhang",
            "first_name": "Han-Wen",
            "orcid_id": [
                "0000-0001-5731-7429"
            ],
            "research_orgs": [
                "grid.452847.8"
            ]
        },
        {
            "id": "ur.015052774675.04",
            "last_name": "Yu",
            "first_name": "Juan",
            "research_orgs": [
                "grid.452847.8"
            ]
        },
        {
            "id": "ur.015673044721.47",
            "last_name": "Xu",
            "first_name": "Hua-Jian",
            "research_orgs": [
                "grid.452847.8"
            ]
        },
        {
            "id": "ur.010033467321.65",
            "last_name": "Chen",
            "first_name": "Huan",
            "research_orgs": [
                "grid.452847.8"
            ]
        },
        {
            "id": "ur.016536540521.92",
            "last_name": "Luo",
            "first_name": "Si-Ping",
            "research_orgs": [
                "grid.452847.8"
            ]
        },
        {
            "id": "ur.07420300567.29",
            "last_name": "Zhang",
            "first_name": "Hong",
            "research_orgs": [
                "grid.452847.8"
            ]
        },
        {
            "id": "ur.011013241567.43",
            "last_name": "Liang",
            "first_name": "Li-Hong",
            "research_orgs": [
                "grid.452847.8"
            ]
        },
        {
            "id": "ur.012753256121.93",
            "last_name": "Wu",
            "first_name": "Xiao-Liu",
            "research_orgs": [
                "grid.452847.8"
            ]
        },
        {
            "id": "ur.01214747324.64",
            "last_name": "Lei",
            "first_name": "Yi",
            "research_orgs": [
                "grid.452847.8"
            ]
        },
        {
            "id": "ur.01146634124.12",
            "last_name": "Lin",
            "first_name": "Fan",
            "orcid_id": [
                "0000-0003-1595-2736"
            ],
            "research_orgs": [
                "grid.412601.0",
                "grid.263451.7",
                "grid.452847.8"
            ]
        }
    ],
    "altmetric": 19.0,
    "pages": "846537120913033",
    "research_org_cities": [
        {
            "id": 1809858,
            "name": "Guangzhou"
        },
        {
            "id": 1795565,
            "name": "Shenzhen"
        }
    ],
    "open_access": [
        "Open Access - all",
        "Open Access - publisher",
        "Open Access - published"
    ],
    "research_org_countries": [
        {
            "id": "CN",
            "name": "China"
        }
    ],
    "doi": "10.1177/0846537120913033",
    "FOR": [
        {
            "id": "3048",
            "name": "1102 Cardiorespiratory Medicine and Haematology"
        }
    ],
    "research_orgs": [
        {
            "id": "grid.410737.6",
            "acronym": "GMU",
            "state_name": "Guangdong",
            "types": [
                "Education"
            ],
            "longitude": 113.25353,
            "linkout": [
                "http://www.gzhmc.edu.cn/gyEnglish/index.html"
            ],
            "latitude": 23.136238,
            "name": "Guangzhou Medical University",
            "city_name": "Guangzhou",
            "country_name": "China"
        },
        {
            "id": "grid.452847.8",
            "types": [
                "Healthcare"
            ],
            "longitude": 114.0863,
            "linkout": [
                "http://www.szrch.com/"
            ],
            "latitude": 22.556692,
            "name": "Shenzhen Second People's Hospital",
            "city_name": "Shenzhen",
            "country_name": "China"
        }
    ],
    "times_cited": 0,
    "pmid": "32129670",
    "research_org_country_names": [
        "China"
    ],
    "id": "pub.1125353456",
    "journal": {
        "id": "jour.1082754",
        "title": "Canadian Association of Radiologists Journal"
    },
    "year": 2020,
    "references": [
        "pub.1123391721",
        "pub.1124420487",
        "pub.1124326515",
        "pub.1103978114",
        "pub.1124425523",
        "pub.1117648082",
        "pub.1000202503",
        "pub.1124145721",
        "pub.1124289146",
        "pub.1124366313",
        "pub.1124432156"
    ],
    "author_affiliations": [
        [
            {
                "first_name": "Wei-Cai",
                "last_name": "Dai",
                "initials": "",
                "corresponding": "",
                "orcid": "",
                "current_organization_id": "",
                "researcher_id": "",
                "affiliations": [
                    {
                        "id": "grid.410737.6",
                        "name": "Guangzhou Medical University",
                        "city": "Guangzhou",
                        "city_id": 1809858,
                        "country": "China",
                        "country_code": "CN",
                        "state": null,
                        "state_code": null
                    },
                    {
                        "name": "Imaging Department, Fifth People's Hospital of Longgang District, Shenzhen, China."
                    }
                ]
            },
            {
                "first_name": "Han-Wen",
                "last_name": "Zhang",
                "initials": "",
                "corresponding": "",
                "orcid": "['0000-0001-5731-7429']",
                "current_organization_id": "grid.452847.8",
                "researcher_id": "ur.014740373733.50",
                "affiliations": [
                    {
                        "id": "grid.452847.8",
                        "name": "Shenzhen Second People's Hospital",
                        "city": "Shenzhen",
                        "city_id": 1795565,
                        "country": "China",
                        "country_code": "CN",
                        "state": null,
                        "state_code": null
                    }
                ]
            },
            {
                "first_name": "Juan",
                "last_name": "Yu",
                "initials": "",
                "corresponding": "",
                "orcid": "",
                "current_organization_id": "grid.452847.8",
                "researcher_id": "ur.015052774675.04",
                "affiliations": [
                    {
                        "id": "grid.452847.8",
                        "name": "Shenzhen Second People's Hospital",
                        "city": "Shenzhen",
                        "city_id": 1795565,
                        "country": "China",
                        "country_code": "CN",
                        "state": null,
                        "state_code": null
                    }
                ]
            },
            {
                "first_name": "Hua-Jian",
                "last_name": "Xu",
                "initials": "",
                "corresponding": "",
                "orcid": "",
                "current_organization_id": "grid.452847.8",
                "researcher_id": "ur.015673044721.47",
                "affiliations": [
                    {
                        "id": "grid.452847.8",
                        "name": "Shenzhen Second People's Hospital",
                        "city": "Shenzhen",
                        "city_id": 1795565,
                        "country": "China",
                        "country_code": "CN",
                        "state": null,
                        "state_code": null
                    }
                ]
            },
            {
                "first_name": "Huan",
                "last_name": "Chen",
                "initials": "",
                "corresponding": "",
                "orcid": "",
                "current_organization_id": "grid.452847.8",
                "researcher_id": "ur.010033467321.65",
                "affiliations": [
                    {
                        "id": "grid.452847.8",
                        "name": "Shenzhen Second People's Hospital",
                        "city": "Shenzhen",
                        "city_id": 1795565,
                        "country": "China",
                        "country_code": "CN",
                        "state": null,
                        "state_code": null
                    }
                ]
            },
            {
                "first_name": "Si-Ping",
                "last_name": "Luo",
                "initials": "",
                "corresponding": "",
                "orcid": "",
                "current_organization_id": "grid.452847.8",
                "researcher_id": "ur.016536540521.92",
                "affiliations": [
                    {
                        "id": "grid.452847.8",
                        "name": "Shenzhen Second People's Hospital",
                        "city": "Shenzhen",
                        "city_id": 1795565,
                        "country": "China",
                        "country_code": "CN",
                        "state": null,
                        "state_code": null
                    }
                ]
            },
            {
                "first_name": "Hong",
                "last_name": "Zhang",
                "initials": "",
                "corresponding": "",
                "orcid": "",
                "current_organization_id": "grid.452847.8",
                "researcher_id": "ur.07420300567.29",
                "affiliations": [
                    {
                        "id": "grid.452847.8",
                        "name": "Shenzhen Second People's Hospital",
                        "city": "Shenzhen",
                        "city_id": 1795565,
                        "country": "China",
                        "country_code": "CN",
                        "state": null,
                        "state_code": null
                    }
                ]
            },
            {
                "first_name": "Li-Hong",
                "last_name": "Liang",
                "initials": "",
                "corresponding": "",
                "orcid": "",
                "current_organization_id": "grid.452847.8",
                "researcher_id": "ur.011013241567.43",
                "affiliations": [
                    {
                        "id": "grid.452847.8",
                        "name": "Shenzhen Second People's Hospital",
                        "city": "Shenzhen",
                        "city_id": 1795565,
                        "country": "China",
                        "country_code": "CN",
                        "state": null,
                        "state_code": null
                    }
                ]
            },
            {
                "first_name": "Xiao-Liu",
                "last_name": "Wu",
                "initials": "",
                "corresponding": "",
                "orcid": "",
                "current_organization_id": "grid.452847.8",
                "researcher_id": "ur.012753256121.93",
                "affiliations": [
                    {
                        "id": "grid.452847.8",
                        "name": "Shenzhen Second People's Hospital",
                        "city": "Shenzhen",
                        "city_id": 1795565,
                        "country": "China",
                        "country_code": "CN",
                        "state": null,
                        "state_code": null
                    }
                ]
            },
            {
                "first_name": "Yi",
                "last_name": "Lei",
                "initials": "",
                "corresponding": "",
                "orcid": "",
                "current_organization_id": "grid.452847.8",
                "researcher_id": "ur.01214747324.64",
                "affiliations": [
                    {
                        "id": "grid.452847.8",
                        "name": "Shenzhen Second People's Hospital",
                        "city": "Shenzhen",
                        "city_id": 1795565,
                        "country": "China",
                        "country_code": "CN",
                        "state": null,
                        "state_code": null
                    }
                ]
            },
            {
                "first_name": "Fan",
                "last_name": "Lin",
                "initials": "",
                "corresponding": "",
                "orcid": "['0000-0003-1595-2736']",
                "current_organization_id": "grid.452847.8",
                "researcher_id": "ur.01146634124.12",
                "affiliations": [
                    {
                        "id": "grid.452847.8",
                        "name": "Shenzhen Second People's Hospital",
                        "city": "Shenzhen",
                        "city_id": 1795565,
                        "country": "China",
                        "country_code": "CN",
                        "state": null,
                        "state_code": null
                    }
                ]
            }
        ]
    ],
    "type": "article"
}