{
    "volume": "15",
    "date": "2020-01-02",
    "title": "Introduction: Sensuous governance",
    "researchers": [
        {
            "id": "ur.0602540752.71",
            "last_name": "Hamilton",
            "first_name": "Sheryl N",
            "research_orgs": [
                "grid.410319.e",
                "grid.34428.39"
            ]
        }
    ],
    "research_org_state_codes": [
        {
            "id": "CA-ON",
            "name": "Ontario"
        }
    ],
    "pages": "1-8",
    "research_org_cities": [
        {
            "id": 6094817,
            "name": "Ottawa"
        }
    ],
    "open_access": [
        "Open Access - all",
        "Open Access - publisher",
        "Open Access - published"
    ],
    "research_org_countries": [
        {
            "id": "CA",
            "name": "Canada"
        }
    ],
    "doi": "10.1080/17458927.2020.1726059",
    "research_orgs": [
        {
            "id": "grid.34428.39",
            "state_name": "Ontario",
            "types": [
                "Education"
            ],
            "longitude": -75.6976,
            "linkout": [
                "http://www.carleton.ca/"
            ],
            "latitude": 45.3831,
            "name": "Carleton University",
            "city_name": "Ottawa",
            "country_name": "Canada"
        }
    ],
    "times_cited": 0,
    "research_org_country_names": [
        "Canada"
    ],
    "id": "pub.1125120003",
    "issue": "1",
    "journal": {
        "id": "jour.1142228",
        "title": "The Senses and Society"
    },
    "year": 2020,
    "references": [
        "pub.1014457047",
        "pub.1121611665",
        "pub.1018971877",
        "pub.1113322381",
        "pub.1039993578",
        "pub.1005659441",
        "pub.1105832843",
        "pub.1045242064",
        "pub.1099541905",
        "pub.1065030948",
        "pub.1108244906",
        "pub.1099556238"
    ],
    "research_org_state_names": [
        "Ontario"
    ],
    "author_affiliations": [
        [
            {
                "first_name": "Sheryl N.",
                "last_name": "Hamilton",
                "initials": "",
                "corresponding": "",
                "orcid": "",
                "current_organization_id": "grid.34428.39",
                "researcher_id": "ur.0602540752.71",
                "affiliations": [
                    {
                        "id": "grid.34428.39",
                        "name": "Carleton University",
                        "city": "Ottawa",
                        "city_id": 6094817,
                        "country": "Canada",
                        "country_code": "CA",
                        "state": "Ontario",
                        "state_code": "CA-ON"
                    }
                ]
            }
        ]
    ],
    "type": "article"
}