{
    "pmid": "32043978",
    "author_affiliations": [
        [
            {
                "first_name": "Robin",
                "last_name": "Thompson",
                "initials": "",
                "corresponding": "",
                "orcid": "",
                "current_organization_id": "",
                "researcher_id": "",
                "affiliations": [
                    {
                        "id": "grid.4991.5",
                        "name": "University of Oxford",
                        "city": "Oxford",
                        "city_id": 2640729,
                        "country": "United Kingdom",
                        "country_code": "GB",
                        "state": null,
                        "state_code": null
                    }
                ]
            }
        ]
    ],
    "altmetric": 136.0,
    "research_org_countries": [
        {
            "id": "GB",
            "name": "United Kingdom"
        }
    ],
    "title": "Pandemic potential of 2019-nCoV",
    "research_org_cities": [
        {
            "id": 2640729,
            "name": "Oxford"
        }
    ],
    "pages": "280",
    "issue": "3",
    "open_access": [
        "Open Access - all",
        "Open Access - publisher",
        "Open Access - published"
    ],
    "doi": "10.1016/s1473-3099(20)30068-2",
    "times_cited": 1,
    "journal": {
        "id": "jour.1030033",
        "title": "The Lancet Infectious Diseases"
    },
    "year": 2020,
    "research_orgs": [
        {
            "id": "grid.4991.5",
            "name": "University of Oxford",
            "linkout": [
                "http://www.ox.ac.uk/"
            ],
            "country_name": "United Kingdom",
            "types": [
                "Education"
            ],
            "latitude": 51.753437,
            "state_name": "Oxfordshire",
            "city_name": "Oxford",
            "longitude": -1.2540097
        }
    ],
    "id": "pub.1124670832",
    "references": [
        "pub.1124408081",
        "pub.1124573471",
        "pub.1038664705"
    ],
    "research_org_country_names": [
        "United Kingdom"
    ],
    "date": "2020-03-01",
    "type": "article",
    "volume": "20"
}