{
    "volume": "14",
    "date": "2020-02-29",
    "title": "Clinical characteristics and therapeutic procedure for four cases with 2019 novel coronavirus pneumonia receiving combined Chinese and Western medicine treatment",
    "researchers": [
        {
            "id": "ur.01111675573.02",
            "last_name": "Lu",
            "first_name": "Yunfei",
            "research_orgs": [
                "grid.470110.3"
            ]
        }
    ],
    "altmetric": 5.0,
    "pages": "64-68",
    "research_org_cities": [
        {
            "id": 1796236,
            "name": "Shanghai"
        }
    ],
    "open_access": [
        "Open Access - all",
        "Open Access - publisher",
        "Open Access - published"
    ],
    "research_org_countries": [
        {
            "id": "CN",
            "name": "China"
        }
    ],
    "doi": "10.5582/bst.2020.01030",
    "FOR": [
        {
            "id": "3053",
            "name": "1103 Clinical Sciences"
        }
    ],
    "times_cited": 10,
    "research_orgs": [
        {
            "id": "grid.412585.f",
            "types": [
                "Healthcare"
            ],
            "longitude": 121.59172,
            "linkout": [
                "http://www.sgyy.cn/eng/sgeweb_history.html"
            ],
            "latitude": 31.186382,
            "name": "Shuguang Hospital",
            "city_name": "Shanghai",
            "country_name": "China"
        },
        {
            "id": "grid.470110.3",
            "acronym": "SPHCC",
            "types": [
                "Healthcare"
            ],
            "longitude": 121.34162,
            "linkout": [
                "http://www.shaphc.org/default.aspx"
            ],
            "latitude": 30.791754,
            "name": "Shanghai Public Health Clinical Center",
            "city_name": "Shanghai",
            "country_name": "China"
        },
        {
            "id": "grid.412540.6",
            "acronym": "SHUTCM",
            "types": [
                "Education"
            ],
            "longitude": 121.605774,
            "linkout": [
                "http://www.shutcm.edu.cn/web/guest/index"
            ],
            "latitude": 31.198109,
            "name": "Shanghai University of Traditional Chinese Medicine",
            "city_name": "Shanghai",
            "country_name": "China"
        }
    ],
    "pmid": "32037389",
    "research_org_country_names": [
        "China"
    ],
    "id": "pub.1124682898",
    "issue": "1",
    "journal": {
        "id": "jour.1041314",
        "title": "BioScience Trends"
    },
    "year": 2020,
    "references": [
        "pub.1085136837",
        "pub.1124289146",
        "pub.1124290823",
        "pub.1124357750",
        "pub.1047128751",
        "pub.1124328062",
        "pub.1123299687"
    ],
    "author_affiliations": [
        [
            {
                "first_name": "Zhenwei",
                "last_name": "Wang",
                "initials": "",
                "corresponding": "",
                "orcid": "",
                "current_organization_id": "",
                "researcher_id": "",
                "affiliations": [
                    {
                        "id": "grid.412540.6",
                        "name": "Shanghai University of Traditional Chinese Medicine",
                        "city": "Shanghai",
                        "city_id": 1796236,
                        "country": "China",
                        "country_code": "CN",
                        "state": null,
                        "state_code": null
                    }
                ]
            },
            {
                "first_name": "Xiaorong",
                "last_name": "Chen",
                "initials": "",
                "corresponding": "",
                "orcid": "",
                "current_organization_id": "",
                "researcher_id": "",
                "affiliations": [
                    {
                        "id": "grid.470110.3",
                        "name": "Shanghai Public Health Clinical Center",
                        "city": "Shanghai",
                        "city_id": 1796236,
                        "country": "China",
                        "country_code": "CN",
                        "state": null,
                        "state_code": null
                    }
                ]
            },
            {
                "first_name": "Yunfei",
                "last_name": "Lu",
                "initials": "",
                "corresponding": "",
                "orcid": "",
                "current_organization_id": "grid.470110.3",
                "researcher_id": "ur.01111675573.02",
                "affiliations": [
                    {
                        "id": "grid.470110.3",
                        "name": "Shanghai Public Health Clinical Center",
                        "city": "Shanghai",
                        "city_id": 1796236,
                        "country": "China",
                        "country_code": "CN",
                        "state": null,
                        "state_code": null
                    }
                ]
            },
            {
                "first_name": "Feifei",
                "last_name": "Chen",
                "initials": "",
                "corresponding": "",
                "orcid": "",
                "current_organization_id": "",
                "researcher_id": "",
                "affiliations": [
                    {
                        "id": "grid.412585.f",
                        "name": "Shuguang Hospital",
                        "city": "Shanghai",
                        "city_id": 1796236,
                        "country": "China",
                        "country_code": "CN",
                        "state": null,
                        "state_code": null
                    }
                ]
            },
            {
                "first_name": "Wei",
                "last_name": "Zhang",
                "initials": "",
                "corresponding": "",
                "orcid": "",
                "current_organization_id": "",
                "researcher_id": "",
                "affiliations": [
                    {
                        "id": "grid.412585.f",
                        "name": "Shuguang Hospital",
                        "city": "Shanghai",
                        "city_id": 1796236,
                        "country": "China",
                        "country_code": "CN",
                        "state": null,
                        "state_code": null
                    }
                ]
            }
        ]
    ],
    "type": "article"
}