{
    "volume": "43",
    "date": "2020-02-08",
    "title": "[Expert consensus for bronchoscopy during the epidemic of 2019 Novel Coronavirus infection (Trial version)].",
    "altmetric": 1.0,
    "pages": "e006",
    "doi": "10.3760/cma.j.issn.1001-0939.2020.0006",
    "FOR": [
        {
            "id": "3177",
            "name": "1117 Public Health and Health Services"
        }
    ],
    "times_cited": 2,
    "pmid": "32033514",
    "id": "pub.1124680851",
    "issue": "0",
    "journal": {
        "id": "jour.1097577",
        "title": "\u4e2d\u534e\u7ed3\u6838\u548c\u547c\u5438\u6742\u5fd7"
    },
    "year": 2020,
    "type": "article"
}