{
    "date": "2020-03-10",
    "title": "Estimation of incubation period distribution of COVID-19 using disease onset forward time: a novel cross-sectional and forward follow-up study",
    "altmetric": 10.0,
    "pages": "2020.03.06.20032417",
    "research_org_cities": [
        {
            "id": 1816670,
            "name": "Beijing"
        },
        {
            "id": 3169070,
            "name": "Rome"
        },
        {
            "id": 4348599,
            "name": "Bethesda"
        }
    ],
    "open_access": [
        "Open Access - all",
        "Open Access - publisher",
        "Open Access - published"
    ],
    "research_org_countries": [
        {
            "id": "IT",
            "name": "Italy"
        },
        {
            "id": "CN",
            "name": "China"
        },
        {
            "id": "US",
            "name": "United States"
        }
    ],
    "doi": "10.1101/2020.03.06.20032417",
    "FOR": [
        {
            "id": "3177",
            "name": "1117 Public Health and Health Services"
        }
    ],
    "research_orgs": [
        {
            "id": "grid.11135.37",
            "acronym": "PKU",
            "state_name": "Beijing",
            "types": [
                "Education"
            ],
            "longitude": 116.305855,
            "linkout": [
                "http://english.pku.edu.cn/"
            ],
            "latitude": 39.987152,
            "name": "Peking University",
            "city_name": "Beijing",
            "country_name": "China"
        }
    ],
    "times_cited": 0,
    "research_org_country_names": [
        "Italy",
        "United States",
        "China"
    ],
    "id": "pub.1125548109",
    "journal": {
        "id": "jour.1369542",
        "title": "medRxiv"
    },
    "year": 2020,
    "references": [
        "pub.1070926527",
        "pub.1015514664",
        "pub.1070926532",
        "pub.1051479758",
        "pub.1015127616",
        "pub.1048477871",
        "pub.1009244157",
        "pub.1033850371",
        "pub.1086066311"
    ],
    "research_org_state_names": [
        "Maryland"
    ],
    "author_affiliations": [
        [
            {
                "first_name": "Qin",
                "last_name": "Jing",
                "initials": "",
                "corresponding": "",
                "orcid": "",
                "current_organization_id": "",
                "researcher_id": "",
                "affiliations": [
                    {
                        "name": "Biostatistics Research Branch, National Institute of Allergy and Infectious Diseases, National Institute of Health;"
                    }
                ]
            },
            {
                "first_name": "Chong",
                "last_name": "You",
                "initials": "",
                "corresponding": "",
                "orcid": "",
                "current_organization_id": "",
                "researcher_id": "",
                "affiliations": [
                    {
                        "id": "grid.11135.37",
                        "name": "Peking University",
                        "city": "Beijing",
                        "city_id": 1816670,
                        "country": "China",
                        "country_code": "CN",
                        "state": null,
                        "state_code": null
                    }
                ]
            },
            {
                "first_name": "Qiushi",
                "last_name": "Lin",
                "initials": "",
                "corresponding": "",
                "orcid": "",
                "current_organization_id": "",
                "researcher_id": "",
                "affiliations": [
                    {
                        "id": "grid.11135.37",
                        "name": "Peking University",
                        "city": "Beijing",
                        "city_id": 1816670,
                        "country": "China",
                        "country_code": "CN",
                        "state": null,
                        "state_code": null
                    }
                ]
            },
            {
                "first_name": "Taojun",
                "last_name": "Hu",
                "initials": "",
                "corresponding": "",
                "orcid": "",
                "current_organization_id": "",
                "researcher_id": "",
                "affiliations": [
                    {
                        "id": "grid.11135.37",
                        "name": "Peking University",
                        "city": "Beijing",
                        "city_id": 1816670,
                        "country": "China",
                        "country_code": "CN",
                        "state": null,
                        "state_code": null
                    }
                ]
            },
            {
                "first_name": "Shicheng",
                "last_name": "Yu",
                "initials": "",
                "corresponding": "",
                "orcid": "",
                "current_organization_id": "",
                "researcher_id": "",
                "affiliations": [
                    {
                        "name": "Office for Epidemiology, Chinese Center for Disease Control and Prevention"
                    }
                ]
            },
            {
                "first_name": "Xiao-Hua",
                "last_name": "Zhou",
                "initials": "",
                "corresponding": "",
                "orcid": "",
                "current_organization_id": "",
                "researcher_id": "",
                "affiliations": [
                    {
                        "id": "grid.11135.37",
                        "name": "Peking University",
                        "city": "Beijing",
                        "city_id": 1816670,
                        "country": "China",
                        "country_code": "CN",
                        "state": null,
                        "state_code": null
                    }
                ]
            }
        ]
    ],
    "type": "article"
}