{
    "pmid": "32122430",
    "author_affiliations": [
        [
            {
                "first_name": "Arni S R Srinivasa",
                "last_name": "Rao",
                "initials": "",
                "corresponding": "",
                "orcid": "",
                "current_organization_id": "grid.410427.4",
                "researcher_id": "ur.01302222641.97",
                "affiliations": [
                    {
                        "id": "grid.410427.4",
                        "name": "Augusta University",
                        "city": "Augusta",
                        "city_id": 4180531,
                        "country": "United States",
                        "country_code": "US",
                        "state": "Georgia",
                        "state_code": "US-GA"
                    }
                ]
            },
            {
                "first_name": "Jose A",
                "last_name": "Vazquez",
                "initials": "",
                "corresponding": "",
                "orcid": "",
                "current_organization_id": "",
                "researcher_id": "",
                "affiliations": [
                    {
                        "id": "grid.410427.4",
                        "name": "Augusta University",
                        "city": "Augusta",
                        "city_id": 4180531,
                        "country": "United States",
                        "country_code": "US",
                        "state": "Georgia",
                        "state_code": "US-GA"
                    }
                ]
            }
        ]
    ],
    "altmetric": 211.0,
    "FOR": [
        {
            "id": "2746",
            "name": "0801 Artificial Intelligence and Image Processing"
        }
    ],
    "research_org_countries": [
        {
            "id": "US",
            "name": "United States"
        }
    ],
    "title": "Identification of COVID-19 Can be Quicker through Artificial Intelligence framework using a Mobile Phone-Based Survey in the Populations when Cities/Towns Are Under Quarantine.",
    "research_org_cities": [
        {
            "id": 4180531,
            "name": "Augusta"
        }
    ],
    "pages": "1-18",
    "research_org_state_names": [
        "Georgia"
    ],
    "open_access": [
        "Open Access - all",
        "Open Access - publisher",
        "Open Access - published"
    ],
    "doi": "10.1017/ice.2020.61",
    "times_cited": 0,
    "journal": {
        "id": "jour.1091573",
        "title": "Infection Control and Hospital Epidemiology"
    },
    "research_orgs": [
        {
            "id": "grid.410427.4",
            "name": "Augusta University",
            "linkout": [
                "http://www.augusta.edu/"
            ],
            "country_name": "United States",
            "types": [
                "Education"
            ],
            "latitude": 33.469017,
            "acronym": "GRU",
            "state_name": "Georgia",
            "city_name": "Augusta",
            "longitude": -81.98926
        }
    ],
    "year": 2020,
    "id": "pub.1125333451",
    "research_org_country_names": [
        "United States"
    ],
    "date": "2020-03-03",
    "research_org_state_codes": [
        {
            "id": "US-GA",
            "name": "Georgia"
        }
    ],
    "researchers": [
        {
            "id": "ur.01302222641.97",
            "research_orgs": [
                "grid.34429.38",
                "grid.39953.35",
                "grid.410427.4"
            ],
            "last_name": "Rao",
            "first_name": "Arni S R Srinivasa"
        }
    ],
    "type": "article"
}