{
    "volume": "41",
    "date": "2020-03-05",
    "title": "[Potential false-positive rate among the 'asymptomatic infected individuals' in close contacts of COVID-19 patients].",
    "researchers": [
        {
            "id": "ur.0606033504.77",
            "last_name": "Zhuang",
            "first_name": "Gui-Hua",
            "research_orgs": [
                "grid.43169.39",
                "grid.413106.1"
            ]
        }
    ],
    "altmetric": 2790.0,
    "pages": "485-488",
    "research_org_cities": [
        {
            "id": 1790630,
            "name": "Xi\u2019an"
        }
    ],
    "research_org_countries": [
        {
            "id": "CN",
            "name": "China"
        }
    ],
    "doi": "10.3760/cma.j.cn112338-20200221-00144",
    "FOR": [
        {
            "id": "3177",
            "name": "1117 Public Health and Health Services"
        }
    ],
    "times_cited": 0,
    "research_orgs": [
        {
            "id": "grid.43169.39",
            "acronym": "XJTU",
            "types": [
                "Education"
            ],
            "longitude": 108.979164,
            "linkout": [
                "http://en.xjtu.edu.cn/"
            ],
            "latitude": 34.247223,
            "name": "Xi'an Jiaotong University",
            "city_name": "Xi'an",
            "country_name": "China"
        }
    ],
    "pmid": "32133832",
    "research_org_country_names": [
        "China"
    ],
    "id": "pub.1125411897",
    "issue": "4",
    "journal": {
        "id": "jour.1313662",
        "title": "Chinese Journal of Epidemiology"
    },
    "year": 2020,
    "author_affiliations": [
        [
            {
                "first_name": "G H",
                "last_name": "Zhuang",
                "initials": "",
                "corresponding": "",
                "orcid": "",
                "current_organization_id": "grid.43169.39",
                "researcher_id": "ur.0606033504.77",
                "affiliations": [
                    {
                        "id": "grid.43169.39",
                        "name": "Xi'an Jiaotong University",
                        "city": "Xi'an",
                        "city_id": 1790630,
                        "country": "China",
                        "country_code": "CN",
                        "state": null,
                        "state_code": null
                    }
                ]
            },
            {
                "first_name": "M W",
                "last_name": "Shen",
                "initials": "",
                "corresponding": "",
                "orcid": "",
                "current_organization_id": "",
                "researcher_id": "",
                "affiliations": []
            },
            {
                "first_name": "L X",
                "last_name": "Zeng",
                "initials": "",
                "corresponding": "",
                "orcid": "",
                "current_organization_id": "",
                "researcher_id": "",
                "affiliations": []
            },
            {
                "first_name": "B B",
                "last_name": "Mi",
                "initials": "",
                "corresponding": "",
                "orcid": "",
                "current_organization_id": "",
                "researcher_id": "",
                "affiliations": []
            },
            {
                "first_name": "F Y",
                "last_name": "Chen",
                "initials": "",
                "corresponding": "",
                "orcid": "",
                "current_organization_id": "",
                "researcher_id": "",
                "affiliations": []
            },
            {
                "first_name": "W J",
                "last_name": "Liu",
                "initials": "",
                "corresponding": "",
                "orcid": "",
                "current_organization_id": "",
                "researcher_id": "",
                "affiliations": []
            },
            {
                "first_name": "L L",
                "last_name": "Pei",
                "initials": "",
                "corresponding": "",
                "orcid": "",
                "current_organization_id": "",
                "researcher_id": "",
                "affiliations": []
            },
            {
                "first_name": "X",
                "last_name": "Qi",
                "initials": "",
                "corresponding": "",
                "orcid": "",
                "current_organization_id": "",
                "researcher_id": "",
                "affiliations": []
            },
            {
                "first_name": "C",
                "last_name": "Li",
                "initials": "",
                "corresponding": "",
                "orcid": "",
                "current_organization_id": "",
                "researcher_id": "",
                "affiliations": []
            }
        ]
    ],
    "type": "article"
}