{
    "date": "2020-03-03",
    "title": "Stepping up infection control measures in ophthalmology during the novel coronavirus outbreak: an experience from Hong Kong",
    "researchers": [
        {
            "id": "ur.011673655011.98",
            "last_name": "Lai",
            "first_name": "Tracy Hiu Ting",
            "orcid_id": [
                "0000-0002-0420-9456"
            ],
            "research_orgs": [
                "grid.417037.6",
                "grid.417347.2",
                "grid.10784.3a"
            ]
        },
        {
            "id": "ur.01111206364.69",
            "last_name": "Tang",
            "first_name": "Emily W H",
            "research_orgs": [
                "grid.490089.c",
                "grid.194645.b",
                "grid.417037.6",
                "grid.10784.3a"
            ]
        },
        {
            "id": "ur.01262665422.66",
            "last_name": "Chau",
            "first_name": "Sandy Ka-Yee",
            "research_orgs": [
                "grid.417037.6"
            ]
        }
    ],
    "altmetric": 48.0,
    "pages": "1-7",
    "research_org_cities": [
        {
            "id": 1819729,
            "name": "Hong Kong"
        }
    ],
    "open_access": [
        "Open Access - all",
        "Open Access - publisher",
        "Open Access - published"
    ],
    "research_org_countries": [
        {
            "id": "CN",
            "name": "China"
        }
    ],
    "doi": "10.1007/s00417-020-04641-8",
    "FOR": [
        {
            "id": "3177",
            "name": "1117 Public Health and Health Services"
        }
    ],
    "research_orgs": [
        {
            "id": "grid.417037.6",
            "types": [
                "Healthcare"
            ],
            "longitude": 114.22699,
            "linkout": [
                "http://www3.ha.org.hk/uch/internet/"
            ],
            "latitude": 22.32318,
            "name": "United Christian Hospital",
            "city_name": "Hong Kong",
            "country_name": "China"
        }
    ],
    "times_cited": 0,
    "pmid": "32124000",
    "research_org_country_names": [
        "China"
    ],
    "id": "pub.1125320482",
    "journal": {
        "id": "jour.1358101",
        "title": "Graefe's Archive for Clinical and Experimental Ophthalmology"
    },
    "year": 2020,
    "references": [
        "pub.1023660204",
        "pub.1124653974",
        "pub.1124654147",
        "pub.1078145884",
        "pub.1050802061",
        "pub.1124769414",
        "pub.1124865153",
        "pub.1124290823",
        "pub.1052839635",
        "pub.1064537956"
    ],
    "author_affiliations": [
        [
            {
                "first_name": "Tracy H. T.",
                "last_name": "Lai",
                "initials": "",
                "corresponding": "",
                "orcid": "['0000-0002-0420-9456']",
                "current_organization_id": "grid.417037.6",
                "researcher_id": "ur.011673655011.98",
                "affiliations": [
                    {
                        "id": "grid.417037.6",
                        "name": "United Christian Hospital",
                        "city": "Hong Kong",
                        "city_id": 1819729,
                        "country": "China",
                        "country_code": "CN",
                        "state": null,
                        "state_code": null
                    },
                    {
                        "name": "Department of Ophthalmology, Tseung Kwan O Hospital, 2 Po Ning Path, Tseung Kwan O, Hong Kong SAR"
                    }
                ]
            },
            {
                "first_name": "Emily W. H.",
                "last_name": "Tang",
                "initials": "",
                "corresponding": "",
                "orcid": "",
                "current_organization_id": "grid.417037.6",
                "researcher_id": "ur.01111206364.69",
                "affiliations": [
                    {
                        "id": "grid.417037.6",
                        "name": "United Christian Hospital",
                        "city": "Hong Kong",
                        "city_id": 1819729,
                        "country": "China",
                        "country_code": "CN",
                        "state": null,
                        "state_code": null
                    },
                    {
                        "name": "Department of Ophthalmology, Tseung Kwan O Hospital, 2 Po Ning Path, Tseung Kwan O, Hong Kong SAR"
                    }
                ]
            },
            {
                "first_name": "Sandy K. Y.",
                "last_name": "Chau",
                "initials": "",
                "corresponding": "",
                "orcid": "",
                "current_organization_id": "grid.417037.6",
                "researcher_id": "ur.01262665422.66",
                "affiliations": [
                    {
                        "name": "Department of Pathology, Tseung Kwan O Hospital, 2 Po Ning Path, Tseung Kwan O, Hong Kong SAR"
                    }
                ]
            },
            {
                "first_name": "Kitty S. C.",
                "last_name": "Fung",
                "initials": "",
                "corresponding": "",
                "orcid": "",
                "current_organization_id": "",
                "researcher_id": "",
                "affiliations": [
                    {
                        "id": "grid.417037.6",
                        "name": "United Christian Hospital",
                        "city": "Hong Kong",
                        "city_id": 1819729,
                        "country": "China",
                        "country_code": "CN",
                        "state": null,
                        "state_code": null
                    }
                ]
            },
            {
                "first_name": "Kenneth K. W.",
                "last_name": "Li",
                "initials": "",
                "corresponding": true,
                "orcid": "",
                "current_organization_id": "",
                "researcher_id": "",
                "affiliations": [
                    {
                        "id": "grid.417037.6",
                        "name": "United Christian Hospital",
                        "city": "Hong Kong",
                        "city_id": 1819729,
                        "country": "China",
                        "country_code": "CN",
                        "state": null,
                        "state_code": null
                    },
                    {
                        "name": "Department of Ophthalmology, Tseung Kwan O Hospital, 2 Po Ning Path, Tseung Kwan O, Hong Kong SAR"
                    }
                ]
            }
        ]
    ],
    "type": "article"
}