{
    "date": "2020-01-30",
    "title": "Risk of 2019 novel coronavirus importations throughout China prior to the Wuhan quarantine",
    "researchers": [
        {
            "id": "ur.015050474637.41",
            "last_name": "Du",
            "first_name": "Zhanwei",
            "orcid_id": [
                "0000-0002-2020-767X"
            ],
            "research_orgs": [
                "grid.263906.8",
                "grid.89336.37",
                "grid.221309.b",
                "grid.64924.3d"
            ]
        },
        {
            "id": "ur.0601373373.32",
            "last_name": "Cauchemez",
            "first_name": "Simon",
            "research_orgs": [
                "grid.7445.2",
                "grid.4444.0",
                "grid.7429.8",
                "grid.462844.8",
                "grid.198530.6",
                "grid.428999.7",
                "grid.1005.4",
                "grid.14105.31"
            ]
        },
        {
            "id": "ur.013446127245.41",
            "last_name": "Xu",
            "first_name": "Xiaoke",
            "research_orgs": [
                "grid.440687.9"
            ]
        },
        {
            "id": "ur.015041070245.39",
            "last_name": "Wang",
            "first_name": "Xianwen",
            "research_orgs": [
                "grid.30055.33"
            ]
        },
        {
            "id": "ur.07675207637.48",
            "last_name": "Cowling",
            "first_name": "Benjamin John",
            "orcid_id": [
                "0000-0002-6297-7154"
            ],
            "research_orgs": [
                "grid.13291.38",
                "grid.33199.31",
                "grid.47840.3f",
                "grid.15140.31",
                "grid.415281.b",
                "grid.419897.a",
                "grid.83440.3b",
                "grid.416166.2",
                "grid.5491.9",
                "grid.198530.6",
                "grid.411292.d",
                "grid.461944.a",
                "grid.12955.3a",
                "grid.8547.e",
                "grid.8391.3",
                "grid.4991.5",
                "grid.1001.0",
                "grid.7445.2",
                "grid.5640.7",
                "grid.214458.e",
                "grid.419082.6",
                "grid.194645.b"
            ]
        },
        {
            "id": "ur.0701257354.39",
            "last_name": "Meyers",
            "first_name": "Lauren Ancel",
            "orcid_id": [
                "0000-0002-5828-8874"
            ],
            "research_orgs": [
                "grid.209665.e",
                "grid.24434.35",
                "grid.55460.32",
                "grid.16753.36",
                "grid.189967.8",
                "grid.47100.32",
                "grid.266813.8",
                "grid.89336.37"
            ]
        }
    ],
    "research_org_state_codes": [
        {
            "id": "US-TX",
            "name": "Texas"
        }
    ],
    "altmetric": 89.0,
    "pages": "2020.01.28.20019299",
    "research_org_cities": [
        {
            "id": 1819729,
            "name": "Hong Kong"
        },
        {
            "id": 4671654,
            "name": "Austin"
        },
        {
            "id": 1814087,
            "name": "Dalian"
        }
    ],
    "open_access": [
        "Open Access - all",
        "Open Access - publisher",
        "Open Access - published"
    ],
    "research_org_countries": [
        {
            "id": "CN",
            "name": "China"
        },
        {
            "id": "US",
            "name": "United States"
        }
    ],
    "doi": "10.1101/2020.01.28.20019299",
    "FOR": [
        {
            "id": "3432",
            "name": "1606 Political Science"
        }
    ],
    "times_cited": 3,
    "research_orgs": [
        {
            "id": "grid.30055.33",
            "acronym": "DUT",
            "types": [
                "Education"
            ],
            "longitude": 121.53361,
            "linkout": [
                "http://en.dlut.edu.cn/"
            ],
            "latitude": 38.874443,
            "name": "Dalian University of Technology",
            "city_name": "Dalian",
            "country_name": "China"
        },
        {
            "id": "grid.440687.9",
            "acronym": "DLNU",
            "types": [
                "Education"
            ],
            "longitude": 121.77236,
            "linkout": [
                "http://www.dlnu.edu.cn"
            ],
            "latitude": 39.043705,
            "name": "Dalian Minzu University",
            "city_name": "Dalian",
            "country_name": "China"
        },
        {
            "id": "grid.89336.37",
            "state_name": "Texas",
            "types": [
                "Education"
            ],
            "longitude": -97.73942,
            "linkout": [
                "http://www.utexas.edu/"
            ],
            "latitude": 30.28614,
            "name": "The University of Texas at Austin",
            "city_name": "Austin",
            "country_name": "United States"
        },
        {
            "id": "grid.194645.b",
            "acronym": "HKU",
            "state_name": "Hong Kong",
            "types": [
                "Education"
            ],
            "longitude": 114.13708,
            "linkout": [
                "http://www.hku.hk/"
            ],
            "latitude": 22.283287,
            "name": "University of Hong Kong",
            "city_name": "Hong Kong",
            "country_name": "China"
        }
    ],
    "research_org_country_names": [
        "China",
        "United States"
    ],
    "id": "pub.1124435933",
    "journal": {
        "id": "jour.1369542",
        "title": "medRxiv"
    },
    "year": 2020,
    "references": [
        "pub.1045162568",
        "pub.1029089655",
        "pub.1034459554"
    ],
    "research_org_state_names": [
        "Texas"
    ],
    "author_affiliations": [
        [
            {
                "first_name": "Zhanwei",
                "last_name": "Du",
                "initials": "",
                "corresponding": "",
                "orcid": "['0000-0002-2020-767X']",
                "current_organization_id": "grid.89336.37",
                "researcher_id": "ur.015050474637.41",
                "affiliations": [
                    {
                        "id": "grid.89336.37",
                        "name": "The University of Texas at Austin",
                        "city": "Austin",
                        "city_id": 4671654,
                        "country": "United States",
                        "country_code": "US",
                        "state": "Texas",
                        "state_code": "US-TX"
                    }
                ]
            },
            {
                "first_name": "Ling",
                "last_name": "Wang",
                "initials": "",
                "corresponding": "",
                "orcid": "",
                "current_organization_id": "",
                "researcher_id": "",
                "affiliations": [
                    {
                        "name": "Institut Pasteur;"
                    }
                ]
            },
            {
                "first_name": "Simon",
                "last_name": "Cauchemez",
                "initials": "",
                "corresponding": "",
                "orcid": "",
                "current_organization_id": "grid.428999.7",
                "researcher_id": "ur.0601373373.32",
                "affiliations": [
                    {
                        "name": "Institut Pasteur;"
                    }
                ]
            },
            {
                "first_name": "Xiaoke",
                "last_name": "Xu",
                "initials": "",
                "corresponding": "",
                "orcid": "",
                "current_organization_id": "grid.440687.9",
                "researcher_id": "ur.013446127245.41",
                "affiliations": [
                    {
                        "id": "grid.440687.9",
                        "name": "Dalian Minzu University",
                        "city": "Dalian",
                        "city_id": 1814087,
                        "country": "China",
                        "country_code": "CN",
                        "state": null,
                        "state_code": null
                    }
                ]
            },
            {
                "first_name": "Xianwen",
                "last_name": "Wang",
                "initials": "",
                "corresponding": "",
                "orcid": "",
                "current_organization_id": "grid.30055.33",
                "researcher_id": "ur.015041070245.39",
                "affiliations": [
                    {
                        "id": "grid.30055.33",
                        "name": "Dalian University of Technology",
                        "city": "Dalian",
                        "city_id": 1814087,
                        "country": "China",
                        "country_code": "CN",
                        "state": null,
                        "state_code": null
                    }
                ]
            },
            {
                "first_name": "Benjamin J",
                "last_name": "Cowling",
                "initials": "",
                "corresponding": "",
                "orcid": "['0000-0002-6297-7154']",
                "current_organization_id": "grid.194645.b",
                "researcher_id": "ur.07675207637.48",
                "affiliations": [
                    {
                        "id": "grid.194645.b",
                        "name": "University of Hong Kong",
                        "city": "Hong Kong",
                        "city_id": 1819729,
                        "country": "China",
                        "country_code": "CN",
                        "state": null,
                        "state_code": null
                    }
                ]
            },
            {
                "first_name": "Lauren Ancel",
                "last_name": "Meyers",
                "initials": "",
                "corresponding": "",
                "orcid": "['0000-0002-5828-8874']",
                "current_organization_id": "grid.89336.37",
                "researcher_id": "ur.0701257354.39",
                "affiliations": [
                    {
                        "id": "grid.89336.37",
                        "name": "The University of Texas at Austin",
                        "city": "Austin",
                        "city_id": 4671654,
                        "country": "United States",
                        "country_code": "US",
                        "state": "Texas",
                        "state_code": "US-TX"
                    }
                ]
            }
        ]
    ],
    "type": "article"
}