{
    "pmid": "32054045",
    "author_affiliations": [
        [
            {
                "first_name": "Hiroshi",
                "last_name": "Nishiura",
                "initials": "",
                "corresponding": "",
                "orcid": "['0000-0003-0941-8537']",
                "current_organization_id": "grid.39158.36",
                "researcher_id": "ur.0711257316.22",
                "affiliations": [
                    {
                        "id": "grid.39158.36",
                        "name": "Hokkaido University",
                        "city": "Sapporo",
                        "city_id": 2128295,
                        "country": "Japan",
                        "country_code": "JP",
                        "state": null,
                        "state_code": null
                    },
                    {
                        "id": "grid.419082.6",
                        "name": "Japan Science and Technology Agency",
                        "city": "Tokyo",
                        "city_id": 1850147,
                        "country": "Japan",
                        "country_code": "JP",
                        "state": null,
                        "state_code": null
                    }
                ]
            },
            {
                "first_name": "Natalie M.",
                "last_name": "Linton",
                "initials": "",
                "corresponding": "",
                "orcid": "['0000-0002-5464-0076']",
                "current_organization_id": "grid.39158.36",
                "researcher_id": "ur.012404203227.38",
                "affiliations": [
                    {
                        "id": "grid.39158.36",
                        "name": "Hokkaido University",
                        "city": "Sapporo",
                        "city_id": 2128295,
                        "country": "Japan",
                        "country_code": "JP",
                        "state": null,
                        "state_code": null
                    }
                ]
            },
            {
                "first_name": "Andrei R.",
                "last_name": "Akhmetzhanov",
                "initials": "",
                "corresponding": "",
                "orcid": "['0000-0003-3269-7351']",
                "current_organization_id": "grid.39158.36",
                "researcher_id": "ur.0702055316.53",
                "affiliations": [
                    {
                        "id": "grid.39158.36",
                        "name": "Hokkaido University",
                        "city": "Sapporo",
                        "city_id": 2128295,
                        "country": "Japan",
                        "country_code": "JP",
                        "state": null,
                        "state_code": null
                    }
                ]
            }
        ]
    ],
    "altmetric": 1.0,
    "FOR": [
        {
            "id": "3177",
            "name": "1117 Public Health and Health Services"
        }
    ],
    "research_org_countries": [
        {
            "id": "JP",
            "name": "Japan"
        }
    ],
    "title": "Initial Cluster of Novel Coronavirus (2019-nCoV) Infections in Wuhan, China Is Consistent with Substantial Human-to-Human Transmission",
    "research_org_cities": [
        {
            "id": 1850147,
            "name": "Tokyo"
        },
        {
            "id": 2128295,
            "name": "Sapporo"
        }
    ],
    "pages": "488",
    "issue": "2",
    "open_access": [
        "Open Access - all",
        "Open Access - publisher",
        "Open Access - published"
    ],
    "doi": "10.3390/jcm9020488",
    "times_cited": 2,
    "funders": [
        {
            "id": "grid.452903.9",
            "name": "Ministry of Education, Culture, Sports, Science and Technology",
            "linkout": [
                "http://www.mext.go.jp/english/"
            ],
            "country_name": "Japan",
            "types": [
                "Government"
            ],
            "latitude": 35.68,
            "acronym": "MEXT",
            "city_name": "Tokyo",
            "longitude": 139.763
        },
        {
            "id": "grid.454162.0",
            "name": "Inamori Foundation",
            "linkout": [
                "http://www.inamori-f.or.jp/index_e.html"
            ],
            "country_name": "Japan",
            "types": [
                "Other"
            ],
            "latitude": 35.00312,
            "city_name": "Kyoto",
            "longitude": 135.75914
        },
        {
            "id": "grid.54432.34",
            "name": "Japan Society for the Promotion of Science",
            "linkout": [
                "http://www.jsps.go.jp/"
            ],
            "country_name": "Japan",
            "types": [
                "Nonprofit"
            ],
            "latitude": 35.68716,
            "acronym": "JSPS",
            "city_name": "Tokyo",
            "longitude": 139.74039
        },
        {
            "id": "grid.480536.c",
            "name": "Japan Agency for Medical Research and Development",
            "linkout": [
                "http://www.amed.go.jp/en/"
            ],
            "country_name": "Japan",
            "types": [
                "Facility"
            ],
            "latitude": 35.687325,
            "acronym": "AMED",
            "city_name": "Tokyo",
            "longitude": 139.76434
        },
        {
            "id": "grid.419082.6",
            "name": "Japan Science and Technology Agency",
            "linkout": [
                "http://www.jst.go.jp/EN/"
            ],
            "country_name": "Japan",
            "types": [
                "Government"
            ],
            "latitude": 35.689022,
            "acronym": "JST",
            "city_name": "Tokyo",
            "longitude": 139.73805
        }
    ],
    "journal": {
        "id": "jour.1048290",
        "title": "Journal of Clinical Medicine"
    },
    "research_orgs": [
        {
            "id": "grid.419082.6",
            "name": "Japan Science and Technology Agency",
            "linkout": [
                "http://www.jst.go.jp/EN/"
            ],
            "country_name": "Japan",
            "types": [
                "Government"
            ],
            "latitude": 35.689022,
            "acronym": "JST",
            "city_name": "Tokyo",
            "longitude": 139.73805
        },
        {
            "id": "grid.39158.36",
            "name": "Hokkaido University",
            "linkout": [
                "https://www.global.hokudai.ac.jp/"
            ],
            "country_name": "Japan",
            "types": [
                "Education"
            ],
            "latitude": 43.07818,
            "state_name": "Hokkaid\u00f4",
            "city_name": "Sapporo",
            "longitude": 141.33997
        }
    ],
    "year": 2020,
    "references": [
        "pub.1124680523",
        "pub.1124408081",
        "pub.1124290123",
        "pub.1117298174",
        "pub.1124849055",
        "pub.1037452060",
        "pub.1124290823",
        "pub.1124327925"
    ],
    "id": "pub.1124825935",
    "research_org_country_names": [
        "Japan"
    ],
    "date": "2020-02-11",
    "researchers": [
        {
            "id": "ur.0711257316.22",
            "research_orgs": [
                "grid.39158.36",
                "grid.410849.0",
                "grid.274841.c",
                "grid.419151.9",
                "grid.416738.f",
                "grid.240871.8",
                "grid.26999.3d",
                "grid.7445.2",
                "grid.10223.32",
                "grid.174567.6",
                "grid.416882.1",
                "grid.257022.0",
                "grid.10392.39",
                "grid.418479.7",
                "grid.194645.b",
                "grid.5645.2",
                "grid.419082.6",
                "grid.272264.7",
                "grid.5477.1",
                "grid.45202.31",
                "grid.267500.6"
            ],
            "last_name": "Nishiura",
            "first_name": "Hiroshi",
            "orcid_id": [
                "0000-0003-0941-8537"
            ]
        },
        {
            "id": "ur.012404203227.38",
            "research_orgs": [
                "grid.39158.36",
                "grid.1658.a",
                "grid.4391.f",
                "grid.7942.8"
            ],
            "last_name": "Linton",
            "first_name": "Natalie Marie",
            "orcid_id": [
                "0000-0002-5464-0076"
            ]
        },
        {
            "id": "ur.0702055316.53",
            "research_orgs": [
                "grid.39158.36",
                "grid.28665.3f",
                "grid.457356.6",
                "grid.435056.1",
                "grid.4886.2",
                "grid.18763.3b",
                "grid.121334.6",
                "grid.422824.a",
                "grid.5328.c",
                "grid.419082.6",
                "grid.462058.d",
                "grid.25073.33"
            ],
            "last_name": "Akhmetzhanov",
            "first_name": "Andrei R R",
            "orcid_id": [
                "0000-0003-3269-7351"
            ]
        }
    ],
    "type": "article",
    "volume": "9"
}