{
    "date": "2020-03-01",
    "title": "A confirmed asymptomatic carrier of 2019 novel coronavirus (SARS-CoV-2).",
    "researchers": [
        {
            "id": "ur.0726510515.34",
            "last_name": "Luo",
            "first_name": "Si-Hui",
            "orcid_id": [
                "0000-0001-8503-0310"
            ],
            "research_orgs": [
                "grid.412558.f",
                "grid.59053.3a",
                "grid.12981.33",
                "grid.411395.b",
                "grid.484195.5"
            ]
        },
        {
            "id": "ur.0747461536.56",
            "last_name": "Weng",
            "first_name": "Jian-Ping",
            "orcid_id": [
                "0000-0002-7889-1697"
            ],
            "research_orgs": [
                "grid.412558.f",
                "grid.412615.5",
                "grid.59053.3a",
                "grid.452860.d",
                "grid.12981.33",
                "grid.415954.8",
                "grid.411395.b",
                "grid.484195.5"
            ]
        }
    ],
    "altmetric": 2.0,
    "pages": "1",
    "research_org_cities": [
        {
            "id": 1808722,
            "name": "Hefei"
        }
    ],
    "open_access": [
        "Open Access - all",
        "Open Access - publisher",
        "Open Access - published"
    ],
    "research_org_countries": [
        {
            "id": "CN",
            "name": "China"
        }
    ],
    "doi": "10.1097/cm9.0000000000000798",
    "times_cited": 0,
    "research_orgs": [
        {
            "id": "grid.59053.3a",
            "acronym": "USTC",
            "types": [
                "Education"
            ],
            "longitude": 117.2807,
            "linkout": [
                "http://en.ustc.edu.cn/"
            ],
            "latitude": 31.822645,
            "name": "University of Science and Technology of China",
            "city_name": "Hefei",
            "country_name": "China"
        },
        {
            "id": "grid.186775.a",
            "state_name": "Anhui",
            "types": [
                "Education"
            ],
            "longitude": 117.2127,
            "linkout": [
                "http://www.ahmu.edu.cn/english/"
            ],
            "latitude": 31.794142,
            "name": "Anhui Medical University",
            "city_name": "Hefei",
            "country_name": "China"
        }
    ],
    "pmid": "32149768",
    "research_org_country_names": [
        "China"
    ],
    "id": "pub.1125510672",
    "journal": {
        "id": "jour.1084729",
        "title": "Chinese Medical Journal"
    },
    "year": 2020,
    "author_affiliations": [
        [
            {
                "first_name": "Si-Hui",
                "last_name": "Luo",
                "initials": "",
                "corresponding": "",
                "orcid": "['0000-0001-8503-0310']",
                "current_organization_id": "grid.412558.f",
                "researcher_id": "ur.0726510515.34",
                "affiliations": [
                    {
                        "id": "grid.59053.3a",
                        "name": "University of Science and Technology of China",
                        "city": "Hefei",
                        "city_id": 1808722,
                        "country": "China",
                        "country_code": "CN",
                        "state": null,
                        "state_code": null
                    },
                    {
                        "name": "Joint Laboratory of Public Health, University of Science and Technology of China and Health Commission of Anhui Province, Hefei, Anhui 230026, China."
                    }
                ]
            },
            {
                "first_name": "Wei",
                "last_name": "Liu",
                "initials": "",
                "corresponding": "",
                "orcid": "",
                "current_organization_id": "",
                "researcher_id": "",
                "affiliations": [
                    {
                        "id": "grid.186775.a",
                        "name": "Anhui Medical University",
                        "city": "Hefei",
                        "city_id": 1808722,
                        "country": "China",
                        "country_code": "CN",
                        "state": null,
                        "state_code": null
                    }
                ]
            },
            {
                "first_name": "Zhen-Jun",
                "last_name": "Liu",
                "initials": "",
                "corresponding": "",
                "orcid": "",
                "current_organization_id": "",
                "researcher_id": "",
                "affiliations": [
                    {
                        "id": "grid.186775.a",
                        "name": "Anhui Medical University",
                        "city": "Hefei",
                        "city_id": 1808722,
                        "country": "China",
                        "country_code": "CN",
                        "state": null,
                        "state_code": null
                    }
                ]
            },
            {
                "first_name": "Xue-Ying",
                "last_name": "Zheng",
                "initials": "",
                "corresponding": "",
                "orcid": "",
                "current_organization_id": "",
                "researcher_id": "",
                "affiliations": [
                    {
                        "id": "grid.59053.3a",
                        "name": "University of Science and Technology of China",
                        "city": "Hefei",
                        "city_id": 1808722,
                        "country": "China",
                        "country_code": "CN",
                        "state": null,
                        "state_code": null
                    },
                    {
                        "name": "Joint Laboratory of Public Health, University of Science and Technology of China and Health Commission of Anhui Province, Hefei, Anhui 230026, China."
                    }
                ]
            },
            {
                "first_name": "Chang-Xing",
                "last_name": "Hong",
                "initials": "",
                "corresponding": "",
                "orcid": "",
                "current_organization_id": "",
                "researcher_id": "",
                "affiliations": [
                    {
                        "id": "grid.186775.a",
                        "name": "Anhui Medical University",
                        "city": "Hefei",
                        "city_id": 1808722,
                        "country": "China",
                        "country_code": "CN",
                        "state": null,
                        "state_code": null
                    }
                ]
            },
            {
                "first_name": "Zhi-Rong",
                "last_name": "Liu",
                "initials": "",
                "corresponding": "",
                "orcid": "",
                "current_organization_id": "",
                "researcher_id": "",
                "affiliations": [
                    {
                        "name": "Joint Laboratory of Public Health, University of Science and Technology of China and Health Commission of Anhui Province, Hefei, Anhui 230026, China."
                    },
                    {
                        "name": "Anhui Provincial Center for Disease Control and Prevention, Hefei, Anhui 230601, China."
                    }
                ]
            },
            {
                "first_name": "Jian",
                "last_name": "Liu",
                "initials": "",
                "corresponding": "",
                "orcid": "",
                "current_organization_id": "",
                "researcher_id": "",
                "affiliations": [
                    {
                        "id": "grid.186775.a",
                        "name": "Anhui Medical University",
                        "city": "Hefei",
                        "city_id": 1808722,
                        "country": "China",
                        "country_code": "CN",
                        "state": null,
                        "state_code": null
                    }
                ]
            },
            {
                "first_name": "Jian-Ping",
                "last_name": "Weng",
                "initials": "",
                "corresponding": "",
                "orcid": "['0000-0002-7889-1697']",
                "current_organization_id": "grid.412558.f",
                "researcher_id": "ur.0747461536.56",
                "affiliations": [
                    {
                        "id": "grid.59053.3a",
                        "name": "University of Science and Technology of China",
                        "city": "Hefei",
                        "city_id": 1808722,
                        "country": "China",
                        "country_code": "CN",
                        "state": null,
                        "state_code": null
                    },
                    {
                        "name": "Joint Laboratory of Public Health, University of Science and Technology of China and Health Commission of Anhui Province, Hefei, Anhui 230026, China."
                    },
                    {
                        "id": "grid.59053.3a",
                        "name": "University of Science and Technology of China",
                        "city": "Hefei",
                        "city_id": 1808722,
                        "country": "China",
                        "country_code": "CN",
                        "state": null,
                        "state_code": null
                    }
                ]
            }
        ]
    ],
    "type": "article"
}