{
    "research_orgs": [
        {
            "id": "grid.35155.37",
            "linkout": [
                "http://www.hzau.edu.cn/en/home/"
            ],
            "city_name": "Wuhan",
            "longitude": 114.35424,
            "acronym": "HZAU",
            "latitude": 30.475254,
            "name": "Huazhong Agricultural University",
            "types": [
                "Education"
            ],
            "country_name": "China"
        }
    ],
    "research_org_country_names": [
        "China"
    ],
    "title": "Animal disease control: challenges and perspectives",
    "type": "article",
    "year": 2020,
    "journal": {
        "id": "jour.1346362",
        "title": "Engineering"
    },
    "research_org_countries": [
        {
            "id": "CN",
            "name": "China"
        }
    ],
    "date": "2020-02-01",
    "altmetric": 1.0,
    "pages": "1",
    "id": "pub.1123045977",
    "volume": "6",
    "issue": "1",
    "research_org_cities": [
        {
            "id": 1791247,
            "name": "Wuhan"
        }
    ],
    "open_access": [
        "Open Access - all",
        "Open Access - publisher",
        "Open Access - published"
    ],
    "author_affiliations": [
        [
            {
                "first_name": "Huangchun",
                "last_name": "Chen",
                "initials": "",
                "corresponding": "",
                "orcid": "",
                "current_organization_id": "",
                "researcher_id": "",
                "affiliations": [
                    {
                        "id": "grid.35155.37",
                        "name": "Huazhong Agricultural University",
                        "city": "Wuhan",
                        "city_id": 1791247,
                        "country": "China",
                        "country_code": "CN",
                        "state": null,
                        "state_code": null
                    },
                    {
                        "name": "Hubei Cooperative Innovation Center for Sustainable Pig Production, Wuhan 430070, China"
                    },
                    {
                        "name": "Key Laboratory of Preventive Medicine in Hubei Province, Wuhan 430070, China"
                    }
                ]
            }
        ]
    ],
    "doi": "10.1016/j.eng.2019.11.011",
    "times_cited": 0
}