{
    "volume": "3",
    "date": "2020-01-01",
    "title": "Prospect and application of Internet of Things technology for prevention of SARIs",
    "pages": "1-4",
    "research_org_cities": [
        {
            "id": 1796236,
            "name": "Shanghai"
        }
    ],
    "open_access": [
        "Open Access - all",
        "Open Access - publisher",
        "Open Access - published"
    ],
    "research_org_countries": [
        {
            "id": "CN",
            "name": "China"
        }
    ],
    "doi": "10.1016/j.ceh.2020.02.001",
    "FOR": [
        {
            "id": "3001",
            "name": "1005 Communications Technologies"
        },
        {
            "id": "2746",
            "name": "0801 Artificial Intelligence and Image Processing"
        }
    ],
    "times_cited": 0,
    "research_org_country_names": [
        "China"
    ],
    "id": "pub.1124661599",
    "journal": {
        "id": "jour.1319623",
        "title": "Clinical eHealth"
    },
    "year": 2020,
    "references": [
        "pub.1080820074",
        "pub.1005913395",
        "pub.1095357232",
        "pub.1080566144",
        "pub.1023924002",
        "pub.1101901444",
        "pub.1008733498",
        "pub.1074803181",
        "pub.1092449289",
        "pub.1103794275",
        "pub.1031288764",
        "pub.1094728106",
        "pub.1053659421",
        "pub.1028626633",
        "pub.1077516505",
        "pub.1000607389",
        "pub.1008962699",
        "pub.1032159109"
    ],
    "author_affiliations": [
        [
            {
                "first_name": "Yuanlin",
                "last_name": "Song",
                "initials": "",
                "corresponding": "",
                "orcid": "",
                "current_organization_id": "",
                "researcher_id": "",
                "affiliations": [
                    {
                        "name": "Department of Respiratory Medicine, Zhongshan Hospital, Fudan University, Shanghai Respiratory Research Institute, 200032 Shanghai, China"
                    }
                ]
            },
            {
                "first_name": "Jinjun",
                "last_name": "Jiang",
                "initials": "",
                "corresponding": "",
                "orcid": "",
                "current_organization_id": "",
                "researcher_id": "",
                "affiliations": [
                    {
                        "name": "Department of Respiratory Medicine, Zhongshan Hospital, Fudan University, Shanghai Respiratory Research Institute, 200032 Shanghai, China"
                    }
                ]
            },
            {
                "first_name": "Xun",
                "last_name": "wang",
                "initials": "",
                "corresponding": "",
                "orcid": "",
                "current_organization_id": "",
                "researcher_id": "",
                "affiliations": [
                    {
                        "name": "Department of Respiratory Medicine, Zhongshan Hospital, Fudan University, Shanghai Respiratory Research Institute, 200032 Shanghai, China"
                    }
                ]
            },
            {
                "first_name": "Dawei",
                "last_name": "Yang",
                "initials": "",
                "corresponding": "",
                "orcid": "",
                "current_organization_id": "",
                "researcher_id": "",
                "affiliations": [
                    {
                        "name": "Department of Respiratory Medicine, Zhongshan Hospital, Fudan University, Shanghai Respiratory Research Institute, 200032 Shanghai, China"
                    }
                ]
            },
            {
                "first_name": "Chunxue",
                "last_name": "Bai",
                "initials": "",
                "corresponding": true,
                "orcid": "",
                "current_organization_id": "",
                "researcher_id": "",
                "affiliations": [
                    {
                        "name": "Department of Respiratory Medicine, Zhongshan Hospital, Fudan University, Shanghai Respiratory Research Institute, 200032 Shanghai, China"
                    }
                ]
            }
        ]
    ],
    "type": "article"
}