{
    "title": "COVID-19 Disease: ORF8 and Surface Glycoprotein Inhibit Heme Metabolism by Binding to Porphyrin",
    "type": "preprint",
    "year": 2020,
    "journal": {
        "id": "jour.1315496",
        "title": "ChemRxiv"
    },
    "researchers": [
        {
            "id": "ur.011371100115.03",
            "first_name": "Liu",
            "last_name": "Wenzhong"
        },
        {
            "id": "ur.012166460515.14",
            "first_name": "Li",
            "last_name": "Hualan"
        }
    ],
    "FOR": [
        {
            "id": "3114",
            "name": "1108 Medical Microbiology"
        },
        {
            "id": "2581",
            "name": "0601 Biochemistry and Cell Biology"
        }
    ],
    "date": "2020-03-06",
    "id": "pub.1125472320",
    "open_access": [
        "Open Access - all",
        "Open Access - publisher",
        "Open Access - published"
    ],
    "author_affiliations": [
        [
            {
                "first_name": "liu",
                "last_name": "wenzhong",
                "initials": "",
                "corresponding": "",
                "orcid": "",
                "current_organization_id": "",
                "researcher_id": "ur.011371100115.03",
                "affiliations": []
            },
            {
                "first_name": "Li",
                "last_name": "hualan",
                "initials": "",
                "corresponding": "",
                "orcid": "",
                "current_organization_id": "",
                "researcher_id": "ur.012166460515.14",
                "affiliations": []
            }
        ]
    ],
    "doi": "10.26434/chemrxiv.11938173.v1",
    "times_cited": 0
}