{
    "volume": "36",
    "date": "2020-02-23",
    "title": "[Attention should be paid to the exposure risk of patients with chronic wounds on the way to hospital during corona virus disease 2019 epidemic prevention and control].",
    "pages": "e003",
    "research_org_cities": [
        {
            "id": 1796236,
            "name": "Shanghai"
        }
    ],
    "research_org_countries": [
        {
            "id": "CN",
            "name": "China"
        }
    ],
    "doi": "10.3760/cma.j.cn501120-20200218-00065",
    "FOR": [
        {
            "id": "3177",
            "name": "1117 Public Health and Health Services"
        }
    ],
    "times_cited": 0,
    "research_orgs": [
        {
            "id": "grid.16821.3c",
            "acronym": "SJTU",
            "state_name": "Shanghai",
            "types": [
                "Education"
            ],
            "longitude": 121.43278,
            "linkout": [
                "http://en.sjtu.edu.cn/"
            ],
            "latitude": 31.201267,
            "name": "Shanghai Jiao Tong University",
            "city_name": "Shanghai",
            "country_name": "China"
        },
        {
            "id": "grid.8547.e",
            "state_name": "Shanghai",
            "types": [
                "Education"
            ],
            "longitude": 121.50361,
            "linkout": [
                "http://www.fudan.edu.cn/en/"
            ],
            "latitude": 31.297712,
            "name": "Fudan University",
            "city_name": "Shanghai",
            "country_name": "China"
        }
    ],
    "pmid": "32087622",
    "research_org_country_names": [
        "China"
    ],
    "id": "pub.1125088478",
    "issue": "0",
    "journal": {
        "id": "jour.1312069",
        "title": "Chinese journal of burns"
    },
    "year": 2020,
    "author_affiliations": [
        [
            {
                "first_name": "J Q",
                "last_name": "Zhou",
                "initials": "",
                "corresponding": "",
                "orcid": "",
                "current_organization_id": "",
                "researcher_id": "",
                "affiliations": [
                    {
                        "id": "grid.16821.3c",
                        "name": "Shanghai Jiao Tong University",
                        "city": "Shanghai",
                        "city_id": 1796236,
                        "country": "China",
                        "country_code": "CN",
                        "state": null,
                        "state_code": null
                    }
                ]
            },
            {
                "first_name": "W",
                "last_name": "Dong",
                "initials": "",
                "corresponding": "",
                "orcid": "",
                "current_organization_id": "",
                "researcher_id": "",
                "affiliations": [
                    {
                        "name": "Shanghai Wang Zhengguo Trauma Medical Development Foundation, Shanghai 200433, China."
                    }
                ]
            },
            {
                "first_name": "H L",
                "last_name": "Xu",
                "initials": "",
                "corresponding": "",
                "orcid": "",
                "current_organization_id": "",
                "researcher_id": "",
                "affiliations": [
                    {
                        "name": "Department of Anus & Intestine Surgery, the First Affiliated Hospital, Naval Medical University, Shanghai 200433, China."
                    }
                ]
            },
            {
                "first_name": "Y M",
                "last_name": "Cai",
                "initials": "",
                "corresponding": "",
                "orcid": "",
                "current_organization_id": "",
                "researcher_id": "",
                "affiliations": [
                    {
                        "id": "grid.8547.e",
                        "name": "Fudan University",
                        "city": "Shanghai",
                        "city_id": 1796236,
                        "country": "China",
                        "country_code": "CN",
                        "state": null,
                        "state_code": null
                    }
                ]
            },
            {
                "first_name": "D H",
                "last_name": "Sheng",
                "initials": "",
                "corresponding": "",
                "orcid": "",
                "current_organization_id": "",
                "researcher_id": "",
                "affiliations": [
                    {
                        "name": "General Surgery Department, Shanghai Neuromedical Center, Shanghai 200331, China."
                    }
                ]
            },
            {
                "first_name": "F Y",
                "last_name": "Wu",
                "initials": "",
                "corresponding": "",
                "orcid": "",
                "current_organization_id": "",
                "researcher_id": "",
                "affiliations": [
                    {
                        "id": "grid.16821.3c",
                        "name": "Shanghai Jiao Tong University",
                        "city": "Shanghai",
                        "city_id": 1796236,
                        "country": "China",
                        "country_code": "CN",
                        "state": null,
                        "state_code": null
                    }
                ]
            },
            {
                "first_name": "Y K",
                "last_name": "Liu",
                "initials": "",
                "corresponding": "",
                "orcid": "",
                "current_organization_id": "",
                "researcher_id": "",
                "affiliations": [
                    {
                        "id": "grid.16821.3c",
                        "name": "Shanghai Jiao Tong University",
                        "city": "Shanghai",
                        "city_id": 1796236,
                        "country": "China",
                        "country_code": "CN",
                        "state": null,
                        "state_code": null
                    }
                ]
            },
            {
                "first_name": "J J",
                "last_name": "Tang",
                "initials": "",
                "corresponding": "",
                "orcid": "",
                "current_organization_id": "",
                "researcher_id": "",
                "affiliations": [
                    {
                        "id": "grid.16821.3c",
                        "name": "Shanghai Jiao Tong University",
                        "city": "Shanghai",
                        "city_id": 1796236,
                        "country": "China",
                        "country_code": "CN",
                        "state": null,
                        "state_code": null
                    }
                ]
            },
            {
                "first_name": "W D",
                "last_name": "Lin",
                "initials": "",
                "corresponding": "",
                "orcid": "",
                "current_organization_id": "",
                "researcher_id": "",
                "affiliations": [
                    {
                        "id": "grid.16821.3c",
                        "name": "Shanghai Jiao Tong University",
                        "city": "Shanghai",
                        "city_id": 1796236,
                        "country": "China",
                        "country_code": "CN",
                        "state": null,
                        "state_code": null
                    }
                ]
            },
            {
                "first_name": "L F",
                "last_name": "Huang",
                "initials": "",
                "corresponding": "",
                "orcid": "",
                "current_organization_id": "",
                "researcher_id": "",
                "affiliations": [
                    {
                        "id": "grid.16821.3c",
                        "name": "Shanghai Jiao Tong University",
                        "city": "Shanghai",
                        "city_id": 1796236,
                        "country": "China",
                        "country_code": "CN",
                        "state": null,
                        "state_code": null
                    }
                ]
            },
            {
                "first_name": "S L",
                "last_name": "Lu",
                "initials": "",
                "corresponding": "",
                "orcid": "",
                "current_organization_id": "",
                "researcher_id": "",
                "affiliations": [
                    {
                        "id": "grid.16821.3c",
                        "name": "Shanghai Jiao Tong University",
                        "city": "Shanghai",
                        "city_id": 1796236,
                        "country": "China",
                        "country_code": "CN",
                        "state": null,
                        "state_code": null
                    }
                ]
            }
        ]
    ],
    "type": "article"
}