{
    "pmid": "31948945",
    "title": "Seven days in medicine: 8-14 Jan 2020",
    "type": "article",
    "year": 2020,
    "journal": {
        "id": "jour.1017377",
        "title": "The BMJ"
    },
    "date": "2020-01-16",
    "altmetric": 5.0,
    "pages": "m132",
    "id": "pub.1124131882",
    "volume": "368",
    "open_access": [
        "Open Access - all",
        "Open Access - publisher",
        "Open Access - published"
    ],
    "doi": "10.1136/bmj.m132",
    "times_cited": 1,
    "references": [
        "pub.1123633749",
        "pub.1124100224",
        "pub.1123954626"
    ]
}