{
    "title": "NUEVO CORONAVIRUS 2019 (COVID-19): Consejos para el odont\u00f3logo",
    "type": "article",
    "year": 2020,
    "journal": {
        "id": "jour.1140648",
        "title": "Revista Estomatol\u00f3gica Herediana"
    },
    "date": "2020-03-13",
    "pages": "5-6",
    "id": "pub.1125655796",
    "volume": "30",
    "issue": "1",
    "author_affiliations": [
        [
            {
                "first_name": "Sonia",
                "last_name": "Sacsaquispe-Contreras",
                "initials": "",
                "corresponding": "",
                "orcid": "",
                "current_organization_id": "",
                "researcher_id": "",
                "affiliations": []
            }
        ]
    ],
    "doi": "10.20453/reh.v30i1.3671",
    "times_cited": 0
}