{
    "pmid": "32109372",
    "author_affiliations": [
        [
            {
                "first_name": "Yunpeng",
                "last_name": "Ji",
                "initials": "",
                "corresponding": "",
                "orcid": "",
                "current_organization_id": "grid.5645.2",
                "researcher_id": "ur.011524271263.17",
                "affiliations": [
                    {
                        "name": "Key Laboratory of Biotechnology and Bioengineering of State Ethnic Affairs Commission, Biomedical Research Center, Northwest Minzu University, Lanzhou, Gansu, China"
                    },
                    {
                        "id": "grid.5645.2",
                        "name": "Erasmus University Medical Center",
                        "city": "Rotterdam",
                        "city_id": 2747891,
                        "country": "Netherlands",
                        "country_code": "NL",
                        "state": null,
                        "state_code": null
                    }
                ]
            },
            {
                "first_name": "Zhongren",
                "last_name": "Ma",
                "initials": "",
                "corresponding": "",
                "orcid": "",
                "current_organization_id": "",
                "researcher_id": "",
                "affiliations": [
                    {
                        "name": "Key Laboratory of Biotechnology and Bioengineering of State Ethnic Affairs Commission, Biomedical Research Center, Northwest Minzu University, Lanzhou, Gansu, China"
                    }
                ]
            },
            {
                "first_name": "Maikel P",
                "last_name": "Peppelenbosch",
                "initials": "",
                "corresponding": "",
                "orcid": "['0000-0001-9112-6028']",
                "current_organization_id": "grid.5645.2",
                "researcher_id": "ur.01350250360.89",
                "affiliations": [
                    {
                        "id": "grid.5645.2",
                        "name": "Erasmus University Medical Center",
                        "city": "Rotterdam",
                        "city_id": 2747891,
                        "country": "Netherlands",
                        "country_code": "NL",
                        "state": null,
                        "state_code": null
                    }
                ]
            },
            {
                "first_name": "Qiuwei",
                "last_name": "Pan",
                "initials": "",
                "corresponding": "",
                "orcid": "['0000-0001-9982-6184']",
                "current_organization_id": "grid.5645.2",
                "researcher_id": "ur.01056777561.62",
                "affiliations": [
                    {
                        "name": "Key Laboratory of Biotechnology and Bioengineering of State Ethnic Affairs Commission, Biomedical Research Center, Northwest Minzu University, Lanzhou, Gansu, China"
                    },
                    {
                        "id": "grid.5645.2",
                        "name": "Erasmus University Medical Center",
                        "city": "Rotterdam",
                        "city_id": 2747891,
                        "country": "Netherlands",
                        "country_code": "NL",
                        "state": null,
                        "state_code": null
                    }
                ]
            }
        ]
    ],
    "altmetric": 1094.0,
    "research_org_countries": [
        {
            "id": "NL",
            "name": "Netherlands"
        },
        {
            "id": "CN",
            "name": "China"
        }
    ],
    "title": "Potential association between COVID-19 mortality and health-care resource availability",
    "research_org_cities": [
        {
            "id": 2747891,
            "name": "Rotterdam"
        },
        {
            "id": 1804430,
            "name": "Lanzhou"
        }
    ],
    "open_access": [
        "Open Access - all",
        "Open Access - publisher",
        "Open Access - published"
    ],
    "doi": "10.1016/s2214-109x(20)30068-1",
    "times_cited": 2,
    "journal": {
        "id": "jour.1048786",
        "title": "The Lancet Global Health"
    },
    "research_orgs": [
        {
            "id": "grid.5645.2",
            "name": "Erasmus University Medical Center",
            "linkout": [
                "http://www.erasmusmc.nl/"
            ],
            "country_name": "Netherlands",
            "types": [
                "Healthcare"
            ],
            "latitude": 51.91,
            "state_name": "Zuid-Holland",
            "city_name": "Rotterdam",
            "longitude": 4.4675
        }
    ],
    "year": 2020,
    "references": [
        "pub.1120192799",
        "pub.1124863292"
    ],
    "id": "pub.1125112670",
    "research_org_country_names": [
        "China",
        "Netherlands"
    ],
    "date": "2020-02-01",
    "researchers": [
        {
            "id": "ur.011524271263.17",
            "research_orgs": [
                "grid.5645.2"
            ],
            "last_name": "Ji",
            "first_name": "Yunpeng"
        },
        {
            "id": "ur.01350250360.89",
            "research_orgs": [
                "grid.419927.0",
                "grid.4991.5",
                "grid.11486.3a",
                "grid.5477.1",
                "grid.4494.d",
                "grid.5645.2",
                "grid.7177.6",
                "grid.6906.9",
                "grid.411087.b",
                "grid.4830.f",
                "grid.5650.6",
                "grid.214007.0"
            ],
            "last_name": "Peppelenbosch",
            "first_name": "Maikel Petrus",
            "orcid_id": [
                "0000-0001-9112-6028"
            ]
        },
        {
            "id": "ur.01056777561.62",
            "research_orgs": [
                "grid.5596.f",
                "grid.5645.2",
                "grid.413273.0"
            ],
            "last_name": "Pan",
            "first_name": "Qiu-Wei",
            "orcid_id": [
                "0000-0001-9982-6184"
            ]
        }
    ],
    "type": "article"
}