{
    "date": "2020-03-10",
    "title": "A retrospective study of the clinical characteristics of COVID-19 infection in 26 children",
    "altmetric": 13.0,
    "pages": "2020.03.08.20029710",
    "research_org_cities": [
        {
            "id": 1795565,
            "name": "Shenzhen"
        }
    ],
    "open_access": [
        "Open Access - all",
        "Open Access - publisher",
        "Open Access - published"
    ],
    "research_org_countries": [
        {
            "id": "CN",
            "name": "China"
        }
    ],
    "doi": "10.1101/2020.03.08.20029710",
    "FOR": [
        {
            "id": "3053",
            "name": "1103 Clinical Sciences"
        },
        {
            "id": "3048",
            "name": "1102 Cardiorespiratory Medicine and Haematology"
        }
    ],
    "times_cited": 0,
    "research_org_country_names": [
        "China"
    ],
    "id": "pub.1125549611",
    "journal": {
        "id": "jour.1369542",
        "title": "medRxiv"
    },
    "year": 2020,
    "references": [
        "pub.1124654674",
        "pub.1062908747",
        "pub.1124290823",
        "pub.1124843280",
        "pub.1124289146"
    ],
    "author_affiliations": [
        [
            {
                "first_name": "Anjue",
                "last_name": "Tang",
                "initials": "",
                "corresponding": "",
                "orcid": "",
                "current_organization_id": "",
                "researcher_id": "",
                "affiliations": [
                    {
                        "name": "The Third People's Hospital of Shenzhen;"
                    }
                ]
            },
            {
                "first_name": "Wenhui",
                "last_name": "Xu",
                "initials": "",
                "corresponding": "",
                "orcid": "",
                "current_organization_id": "",
                "researcher_id": "",
                "affiliations": [
                    {
                        "name": "Third People's Hospital of Shenzhen;"
                    }
                ]
            },
            {
                "first_name": "min",
                "last_name": "shen",
                "initials": "",
                "corresponding": "",
                "orcid": "",
                "current_organization_id": "",
                "researcher_id": "",
                "affiliations": [
                    {
                        "name": "Third People's Hospital of Shenzhen;"
                    }
                ]
            },
            {
                "first_name": "Peifen",
                "last_name": "Chen",
                "initials": "",
                "corresponding": "",
                "orcid": "",
                "current_organization_id": "",
                "researcher_id": "",
                "affiliations": [
                    {
                        "name": "Third People's Hospital of Shenzhen;"
                    }
                ]
            },
            {
                "first_name": "Guobao",
                "last_name": "Li",
                "initials": "",
                "corresponding": "",
                "orcid": "",
                "current_organization_id": "",
                "researcher_id": "",
                "affiliations": [
                    {
                        "name": "Third People's Hospital of Shenzhen;"
                    }
                ]
            },
            {
                "first_name": "Yingxia",
                "last_name": "Liu",
                "initials": "",
                "corresponding": "",
                "orcid": "",
                "current_organization_id": "",
                "researcher_id": "",
                "affiliations": [
                    {
                        "name": "National Infectious Diseases Clinical Medical Research Center, Shenzhen, China"
                    }
                ]
            },
            {
                "first_name": "Lei",
                "last_name": "Liu",
                "initials": "",
                "corresponding": "",
                "orcid": "",
                "current_organization_id": "",
                "researcher_id": "",
                "affiliations": [
                    {
                        "name": "National Infectious Diseases Clinical Medical Research Center, Shenzhen, China"
                    }
                ]
            }
        ]
    ],
    "type": "article"
}