{
    "date": "2020-03-11",
    "title": "Computed tomography manifestations of COVID-19 pneumonia",
    "altmetric": 7.0,
    "pages": "1-2",
    "research_org_cities": [
        {
            "id": 1790587,
            "name": "Xiangyang"
        }
    ],
    "research_org_countries": [
        {
            "id": "CN",
            "name": "China"
        }
    ],
    "doi": "10.12968/hmed.2020.0104",
    "times_cited": 0,
    "research_org_country_names": [
        "China"
    ],
    "id": "pub.1125552266",
    "journal": {
        "id": "jour.1319839",
        "title": "British Journal of Hospital Medicine"
    },
    "year": 2020,
    "references": [
        "pub.1125477744",
        "pub.1124457898",
        "pub.1125125609"
    ],
    "author_affiliations": [
        [
            {
                "first_name": "Peng",
                "last_name": "An",
                "initials": "",
                "corresponding": "",
                "orcid": "",
                "current_organization_id": "",
                "researcher_id": "",
                "affiliations": [
                    {
                        "name": "Department of Radiology, Xiangyang First People's Hospital Affiliated to Hubei Medical College, Xiangyang, Hubei, 441000, China"
                    },
                    {
                        "name": "Department of Infectious Diseases, Xiangyang First People's Hospital Affiliated to Hubei Medical College, Xiangyang, Hubei, 441000, China"
                    }
                ]
            },
            {
                "first_name": "Bo",
                "last_name": "Liu",
                "initials": "",
                "corresponding": "",
                "orcid": "",
                "current_organization_id": "",
                "researcher_id": "",
                "affiliations": [
                    {
                        "name": "Department of Infectious Diseases, Xiangyang First People's Hospital Affiliated to Hubei Medical College, Xiangyang, Hubei, 441000, China"
                    }
                ]
            }
        ]
    ],
    "type": "article"
}