{
    "author_affiliations": [
        [
            {
                "first_name": "Redaktion",
                "last_name": "API",
                "initials": "",
                "corresponding": true,
                "orcid": "",
                "current_organization_id": "",
                "researcher_id": "",
                "affiliations": [
                    {
                        "name": "M\u00fcnchen, Germany"
                    }
                ]
            }
        ]
    ],
    "research_org_countries": [
        {
            "id": "DE",
            "name": "Germany"
        }
    ],
    "title": "Gespeichertes wieder abrufen k\u00f6nnen",
    "pages": "55-55",
    "issue": "3",
    "doi": "10.1007/s11298-020-7918-8",
    "times_cited": 0,
    "journal": {
        "id": "jour.1032270",
        "title": "CME"
    },
    "year": 2020,
    "id": "pub.1125341221",
    "research_org_country_names": [
        "Germany"
    ],
    "date": "2020-03-01",
    "type": "article",
    "volume": "17"
}