{
    "pmid": "31697956",
    "author_affiliations": [
        [
            {
                "first_name": "Chenxi",
                "last_name": "Li",
                "initials": "",
                "corresponding": "",
                "orcid": "",
                "current_organization_id": "grid.464410.3",
                "researcher_id": "ur.010107744210.99",
                "affiliations": [
                    {
                        "id": "grid.464410.3",
                        "name": "Shanghai Veterinary Research Institute",
                        "city": "Shanghai",
                        "city_id": 1796236,
                        "country": "China",
                        "country_code": "CN",
                        "state": null,
                        "state_code": null
                    }
                ]
            },
            {
                "first_name": "Di",
                "last_name": "Di",
                "initials": "",
                "corresponding": "",
                "orcid": "",
                "current_organization_id": "grid.464410.3",
                "researcher_id": "ur.012422026623.98",
                "affiliations": [
                    {
                        "id": "grid.464410.3",
                        "name": "Shanghai Veterinary Research Institute",
                        "city": "Shanghai",
                        "city_id": 1796236,
                        "country": "China",
                        "country_code": "CN",
                        "state": null,
                        "state_code": null
                    }
                ]
            },
            {
                "first_name": "Xin",
                "last_name": "Wang",
                "initials": "",
                "corresponding": "",
                "orcid": "",
                "current_organization_id": "grid.464410.3",
                "researcher_id": "ur.014477040115.70",
                "affiliations": [
                    {
                        "id": "grid.464410.3",
                        "name": "Shanghai Veterinary Research Institute",
                        "city": "Shanghai",
                        "city_id": 1796236,
                        "country": "China",
                        "country_code": "CN",
                        "state": null,
                        "state_code": null
                    }
                ]
            },
            {
                "first_name": "Qiqi",
                "last_name": "Xia",
                "initials": "",
                "corresponding": "",
                "orcid": "",
                "current_organization_id": "",
                "researcher_id": "",
                "affiliations": [
                    {
                        "id": "grid.464410.3",
                        "name": "Shanghai Veterinary Research Institute",
                        "city": "Shanghai",
                        "city_id": 1796236,
                        "country": "China",
                        "country_code": "CN",
                        "state": null,
                        "state_code": null
                    }
                ]
            },
            {
                "first_name": "Abdul",
                "last_name": "Wahaab",
                "initials": "",
                "corresponding": "",
                "orcid": "",
                "current_organization_id": "grid.464410.3",
                "researcher_id": "ur.011511136115.19",
                "affiliations": [
                    {
                        "id": "grid.464410.3",
                        "name": "Shanghai Veterinary Research Institute",
                        "city": "Shanghai",
                        "city_id": 1796236,
                        "country": "China",
                        "country_code": "CN",
                        "state": null,
                        "state_code": null
                    }
                ]
            },
            {
                "first_name": "Muhammad Naveed",
                "last_name": "Anwar",
                "initials": "",
                "corresponding": "",
                "orcid": "",
                "current_organization_id": "grid.464410.3",
                "researcher_id": "ur.010713555515.69",
                "affiliations": [
                    {
                        "id": "grid.464410.3",
                        "name": "Shanghai Veterinary Research Institute",
                        "city": "Shanghai",
                        "city_id": 1796236,
                        "country": "China",
                        "country_code": "CN",
                        "state": null,
                        "state_code": null
                    }
                ]
            },
            {
                "first_name": "Zongjie",
                "last_name": "Li",
                "initials": "",
                "corresponding": "",
                "orcid": "",
                "current_organization_id": "",
                "researcher_id": "",
                "affiliations": [
                    {
                        "id": "grid.464410.3",
                        "name": "Shanghai Veterinary Research Institute",
                        "city": "Shanghai",
                        "city_id": 1796236,
                        "country": "China",
                        "country_code": "CN",
                        "state": null,
                        "state_code": null
                    }
                ]
            },
            {
                "first_name": "Ke",
                "last_name": "Liu",
                "initials": "",
                "corresponding": "",
                "orcid": "",
                "current_organization_id": "grid.464410.3",
                "researcher_id": "ur.01160524665.64",
                "affiliations": [
                    {
                        "id": "grid.464410.3",
                        "name": "Shanghai Veterinary Research Institute",
                        "city": "Shanghai",
                        "city_id": 1796236,
                        "country": "China",
                        "country_code": "CN",
                        "state": null,
                        "state_code": null
                    }
                ]
            },
            {
                "first_name": "Donghua",
                "last_name": "Shao",
                "initials": "",
                "corresponding": "",
                "orcid": "",
                "current_organization_id": "grid.464410.3",
                "researcher_id": "ur.0620030763.02",
                "affiliations": [
                    {
                        "id": "grid.464410.3",
                        "name": "Shanghai Veterinary Research Institute",
                        "city": "Shanghai",
                        "city_id": 1796236,
                        "country": "China",
                        "country_code": "CN",
                        "state": null,
                        "state_code": null
                    }
                ]
            },
            {
                "first_name": "Yafeng",
                "last_name": "Qiu",
                "initials": "",
                "corresponding": "",
                "orcid": "",
                "current_organization_id": "grid.464410.3",
                "researcher_id": "ur.01170323015.66",
                "affiliations": [
                    {
                        "id": "grid.464410.3",
                        "name": "Shanghai Veterinary Research Institute",
                        "city": "Shanghai",
                        "city_id": 1796236,
                        "country": "China",
                        "country_code": "CN",
                        "state": null,
                        "state_code": null
                    }
                ]
            },
            {
                "first_name": "Jianchao",
                "last_name": "Wei",
                "initials": "",
                "corresponding": "",
                "orcid": "",
                "current_organization_id": "grid.464410.3",
                "researcher_id": "ur.01343435063.03",
                "affiliations": [
                    {
                        "id": "grid.464410.3",
                        "name": "Shanghai Veterinary Research Institute",
                        "city": "Shanghai",
                        "city_id": 1796236,
                        "country": "China",
                        "country_code": "CN",
                        "state": null,
                        "state_code": null
                    }
                ]
            },
            {
                "first_name": "Beibei",
                "last_name": "Li",
                "initials": "",
                "corresponding": true,
                "orcid": "",
                "current_organization_id": "grid.464410.3",
                "researcher_id": "ur.01033326623.18",
                "affiliations": [
                    {
                        "id": "grid.464410.3",
                        "name": "Shanghai Veterinary Research Institute",
                        "city": "Shanghai",
                        "city_id": 1796236,
                        "country": "China",
                        "country_code": "CN",
                        "state": null,
                        "state_code": null
                    }
                ]
            },
            {
                "first_name": "Zhiyong",
                "last_name": "Ma",
                "initials": "",
                "corresponding": true,
                "orcid": "",
                "current_organization_id": "grid.464410.3",
                "researcher_id": "ur.014452745162.78",
                "affiliations": [
                    {
                        "id": "grid.464410.3",
                        "name": "Shanghai Veterinary Research Institute",
                        "city": "Shanghai",
                        "city_id": 1796236,
                        "country": "China",
                        "country_code": "CN",
                        "state": null,
                        "state_code": null
                    }
                ]
            }
        ]
    ],
    "FOR": [
        {
            "id": "2620",
            "name": "0604 Genetics"
        }
    ],
    "research_org_countries": [
        {
            "id": "CN",
            "name": "China"
        }
    ],
    "title": "Duck karyopherin \u03b14 (duKPNA4) is involved in type I interferon expression and the antiviral response against Japanese encephalitis virus",
    "research_org_cities": [
        {
            "id": 1796236,
            "name": "Shanghai"
        }
    ],
    "pages": "103535",
    "open_access": [
        "Open Access - all",
        "Open Access - publisher",
        "Open Access - published"
    ],
    "doi": "10.1016/j.dci.2019.103535",
    "times_cited": 0,
    "funders": [
        {
            "id": "grid.452927.f",
            "name": "Science and Technology Commission of Shanghai Municipality",
            "linkout": [
                "http://stcsm.sh.gov.cn"
            ],
            "country_name": "China",
            "types": [
                "Government"
            ],
            "latitude": 31.003231,
            "acronym": "STCSM",
            "city_name": "Shanghai",
            "longitude": 121.207596
        },
        {
            "id": "grid.419696.5",
            "name": "National Natural Science Foundation of China",
            "linkout": [
                "http://www.nsfc.gov.cn/publish/portal1/"
            ],
            "country_name": "China",
            "types": [
                "Government"
            ],
            "latitude": 40.005177,
            "acronym": "NSFC",
            "city_name": "Beijing",
            "longitude": 116.33983
        },
        {
            "id": "grid.424020.0",
            "name": "Ministry of Science and Technology of the People's Republic of China",
            "linkout": [
                "http://www.most.gov.cn/eng/"
            ],
            "country_name": "China",
            "types": [
                "Government"
            ],
            "latitude": 39.827835,
            "acronym": "MOST",
            "city_name": "Beijing",
            "longitude": 116.316284
        }
    ],
    "journal": {
        "id": "jour.1086937",
        "title": "Developmental & Comparative Immunology"
    },
    "research_orgs": [
        {
            "id": "grid.464410.3",
            "name": "Shanghai Veterinary Research Institute",
            "linkout": [
                "http://www.shvri.ac.cn/en/"
            ],
            "country_name": "China",
            "types": [
                "Facility"
            ],
            "latitude": 31.018255,
            "acronym": "SHVRI",
            "city_name": "Shanghai",
            "longitude": 121.45493
        }
    ],
    "year": 2020,
    "references": [
        "pub.1025314647",
        "pub.1003686517",
        "pub.1106837325",
        "pub.1100651376",
        "pub.1025955142",
        "pub.1038886052",
        "pub.1022669306",
        "pub.1048519871",
        "pub.1027984074",
        "pub.1011895498",
        "pub.1083735433",
        "pub.1111365727",
        "pub.1000837508",
        "pub.1004680258",
        "pub.1107759813",
        "pub.1104403759",
        "pub.1037201147",
        "pub.1105964827",
        "pub.1113907965",
        "pub.1003096764",
        "pub.1045171149",
        "pub.1013565275",
        "pub.1078175487",
        "pub.1045857407",
        "pub.1104887107",
        "pub.1056716943",
        "pub.1002665845",
        "pub.1020842651",
        "pub.1083419867",
        "pub.1104168358"
    ],
    "id": "pub.1122306626",
    "research_org_country_names": [
        "China"
    ],
    "date": "2020-03-01",
    "researchers": [
        {
            "id": "ur.010107744210.99",
            "research_orgs": [
                "grid.464410.3"
            ],
            "last_name": "Li",
            "first_name": "Chenxi"
        },
        {
            "id": "ur.012422026623.98",
            "research_orgs": [
                "grid.464410.3"
            ],
            "last_name": "Di",
            "first_name": "Di"
        },
        {
            "id": "ur.014477040115.70",
            "research_orgs": [
                "grid.464410.3"
            ],
            "last_name": "Wang",
            "first_name": "Xin"
        },
        {
            "id": "ur.011511136115.19",
            "research_orgs": [
                "grid.464410.3",
                "grid.410727.7"
            ],
            "last_name": "Wahaab",
            "first_name": "Abdul"
        },
        {
            "id": "ur.010713555515.69",
            "research_orgs": [
                "grid.464410.3"
            ],
            "last_name": "Anwar",
            "first_name": "Muhammad Naveed"
        },
        {
            "id": "ur.01160524665.64",
            "research_orgs": [
                "grid.27871.3b",
                "grid.418524.e",
                "grid.410727.7",
                "grid.464410.3"
            ],
            "last_name": "Liu",
            "first_name": "Kaiyue"
        },
        {
            "id": "ur.0620030763.02",
            "research_orgs": [
                "grid.418524.e",
                "grid.410727.7",
                "grid.464410.3"
            ],
            "last_name": "Shao",
            "first_name": "Dong-Hua"
        },
        {
            "id": "ur.01170323015.66",
            "research_orgs": [
                "grid.418524.e",
                "grid.280893.8",
                "grid.464410.3",
                "grid.418356.d",
                "grid.413800.e",
                "grid.410727.7",
                "grid.214458.e",
                "grid.412590.b"
            ],
            "last_name": "Qiu",
            "first_name": "Ya-Feng"
        },
        {
            "id": "ur.01343435063.03",
            "research_orgs": [
                "grid.27871.3b",
                "grid.418524.e",
                "grid.410727.7",
                "grid.464410.3"
            ],
            "last_name": "Wei",
            "first_name": "Jian-Chao"
        },
        {
            "id": "ur.01033326623.18",
            "research_orgs": [
                "grid.418524.e",
                "grid.410727.7",
                "grid.464410.3"
            ],
            "last_name": "Li",
            "first_name": "Bei-Bei"
        },
        {
            "id": "ur.014452745162.78",
            "research_orgs": [
                "grid.418524.e",
                "grid.24827.3b",
                "grid.464410.3",
                "grid.452402.5",
                "grid.268397.1",
                "grid.410727.7",
                "grid.27255.37"
            ],
            "last_name": "Ma",
            "first_name": "Zhi-Yong"
        }
    ],
    "type": "article",
    "volume": "104"
}