{
    "date": "2020-02-28",
    "title": "Radiology Perspective of Coronavirus Disease 2019 (COVID-19): Lessons From Severe Acute Respiratory Syndrome and Middle East Respiratory Syndrome.",
    "researchers": [
        {
            "id": "ur.014211376443.77",
            "last_name": "Hosseiny",
            "first_name": "Melina",
            "research_orgs": [
                "grid.411705.6",
                "grid.19006.3e"
            ]
        },
        {
            "id": "ur.016131271651.52",
            "last_name": "Myers",
            "first_name": "Lee",
            "research_orgs": [
                "grid.42505.36"
            ]
        }
    ],
    "research_org_state_codes": [
        {
            "id": "US-CA",
            "name": "California"
        }
    ],
    "altmetric": 413.0,
    "pages": "1-5",
    "research_org_cities": [
        {
            "id": 5368361,
            "name": "Los Angeles"
        }
    ],
    "research_org_countries": [
        {
            "id": "US",
            "name": "United States"
        }
    ],
    "doi": "10.2214/ajr.20.22969",
    "FOR": [
        {
            "id": "3114",
            "name": "1108 Medical Microbiology"
        }
    ],
    "times_cited": 0,
    "research_orgs": [
        {
            "id": "grid.42505.36",
            "acronym": "USC",
            "state_name": "California",
            "types": [
                "Education"
            ],
            "longitude": -118.28563,
            "linkout": [
                "http://www.usc.edu/"
            ],
            "latitude": 34.02051,
            "name": "University of Southern California",
            "city_name": "Los Angeles",
            "country_name": "United States"
        },
        {
            "id": "grid.19006.3e",
            "acronym": "UCLA",
            "state_name": "California",
            "types": [
                "Education"
            ],
            "longitude": -118.4441,
            "linkout": [
                "http://www.ucla.edu/"
            ],
            "latitude": 34.072224,
            "name": "University of California, Los Angeles",
            "city_name": "Los Angeles",
            "country_name": "United States"
        }
    ],
    "pmid": "32108495",
    "research_org_country_names": [
        "United States"
    ],
    "id": "pub.1125175058",
    "journal": {
        "id": "jour.1018528",
        "title": "American Journal of Roentgenology"
    },
    "year": 2020,
    "references": [
        "pub.1045225082",
        "pub.1113614641",
        "pub.1002167894",
        "pub.1069326691",
        "pub.1051257643",
        "pub.1124145721",
        "pub.1124290823",
        "pub.1069304254",
        "pub.1014531964",
        "pub.1124295864",
        "pub.1026419993",
        "pub.1069304500",
        "pub.1091971130",
        "pub.1124427336",
        "pub.1011139305",
        "pub.1015589723",
        "pub.1069303835",
        "pub.1010112601",
        "pub.1037652613"
    ],
    "research_org_state_names": [
        "California"
    ],
    "author_affiliations": [
        [
            {
                "first_name": "Melina",
                "last_name": "Hosseiny",
                "initials": "",
                "corresponding": "",
                "orcid": "",
                "current_organization_id": "grid.19006.3e",
                "researcher_id": "ur.014211376443.77",
                "affiliations": [
                    {
                        "id": "grid.19006.3e",
                        "name": "University of California, Los Angeles",
                        "city": "Los Angeles",
                        "city_id": 5368361,
                        "country": "United States",
                        "country_code": "US",
                        "state": "California",
                        "state_code": "US-CA"
                    }
                ]
            },
            {
                "first_name": "Soheil",
                "last_name": "Kooraki",
                "initials": "",
                "corresponding": "",
                "orcid": "",
                "current_organization_id": "",
                "researcher_id": "",
                "affiliations": [
                    {
                        "id": "grid.42505.36",
                        "name": "University of Southern California",
                        "city": "Los Angeles",
                        "city_id": 5368361,
                        "country": "United States",
                        "country_code": "US",
                        "state": "California",
                        "state_code": "US-CA"
                    }
                ]
            },
            {
                "first_name": "Ali",
                "last_name": "Gholamrezanezhad",
                "initials": "",
                "corresponding": "",
                "orcid": "",
                "current_organization_id": "",
                "researcher_id": "",
                "affiliations": [
                    {
                        "id": "grid.42505.36",
                        "name": "University of Southern California",
                        "city": "Los Angeles",
                        "city_id": 5368361,
                        "country": "United States",
                        "country_code": "US",
                        "state": "California",
                        "state_code": "US-CA"
                    },
                    {
                        "id": "grid.42505.36",
                        "name": "University of Southern California",
                        "city": "Los Angeles",
                        "city_id": 5368361,
                        "country": "United States",
                        "country_code": "US",
                        "state": "California",
                        "state_code": "US-CA"
                    }
                ]
            },
            {
                "first_name": "Sravanthi",
                "last_name": "Reddy",
                "initials": "",
                "corresponding": "",
                "orcid": "",
                "current_organization_id": "",
                "researcher_id": "",
                "affiliations": [
                    {
                        "id": "grid.42505.36",
                        "name": "University of Southern California",
                        "city": "Los Angeles",
                        "city_id": 5368361,
                        "country": "United States",
                        "country_code": "US",
                        "state": "California",
                        "state_code": "US-CA"
                    }
                ]
            },
            {
                "first_name": "Lee",
                "last_name": "Myers",
                "initials": "",
                "corresponding": "",
                "orcid": "",
                "current_organization_id": "grid.42505.36",
                "researcher_id": "ur.016131271651.52",
                "affiliations": [
                    {
                        "id": "grid.42505.36",
                        "name": "University of Southern California",
                        "city": "Los Angeles",
                        "city_id": 5368361,
                        "country": "United States",
                        "country_code": "US",
                        "state": "California",
                        "state_code": "US-CA"
                    }
                ]
            }
        ]
    ],
    "type": "article"
}