{
    "research_orgs": [
        {
            "id": "grid.11450.31",
            "linkout": [
                "http://www.uniss.it/php/home.php"
            ],
            "city_name": "Sassari",
            "longitude": 8.559747,
            "acronym": "UniSS",
            "state_name": "Sardegna",
            "latitude": 40.72485,
            "name": "University of Sassari",
            "types": [
                "Education"
            ],
            "country_name": "Italy"
        }
    ],
    "research_org_country_names": [
        "Italy"
    ],
    "pmid": "32088806",
    "title": "Genomic characterization of a novel bat-associated Circovirus detected in European Miniopterus schreibersii bats",
    "type": "article",
    "year": 2020,
    "journal": {
        "id": "jour.1097920",
        "title": "Virus Genes"
    },
    "researchers": [
        {
            "id": "ur.01007705123.00",
            "research_orgs": [
                "grid.9027.c",
                "grid.11450.31"
            ],
            "first_name": "Roberta",
            "last_name": "Lecis"
        },
        {
            "id": "ur.010111551065.38",
            "research_orgs": [
                "grid.11450.31"
            ],
            "first_name": "Mauro",
            "last_name": "Mucedda"
        },
        {
            "id": "ur.013536775017.05",
            "first_name": "Ermanno",
            "last_name": "Pidinchedda"
        },
        {
            "id": "ur.0744400710.29",
            "research_orgs": [
                "grid.419586.7",
                "grid.11450.31"
            ],
            "first_name": "Rosanna",
            "last_name": "Zobba"
        },
        {
            "id": "ur.0674276734.14",
            "research_orgs": [
                "grid.7644.1",
                "grid.11450.31",
                "grid.9027.c",
                "grid.5395.a"
            ],
            "first_name": "Marco",
            "last_name": "Pittau",
            "orcid_id": [
                "0000-0001-9222-8835"
            ]
        },
        {
            "id": "ur.0622322434.19",
            "research_orgs": [
                "grid.9027.c",
                "grid.213876.9",
                "grid.11450.31"
            ],
            "first_name": "Alberto",
            "last_name": "Alberti",
            "orcid_id": [
                "0000-0002-1708-9473"
            ]
        }
    ],
    "FOR": [
        {
            "id": "2620",
            "name": "0604 Genetics"
        }
    ],
    "research_org_countries": [
        {
            "id": "IT",
            "name": "Italy"
        }
    ],
    "date": "2020-02-22",
    "altmetric": 1.0,
    "pages": "1-4",
    "id": "pub.1125082782",
    "research_org_cities": [
        {
            "id": 3167096,
            "name": "Sassari"
        }
    ],
    "author_affiliations": [
        [
            {
                "first_name": "Roberta",
                "last_name": "Lecis",
                "initials": "",
                "corresponding": true,
                "orcid": "",
                "current_organization_id": "grid.11450.31",
                "researcher_id": "ur.01007705123.00",
                "affiliations": [
                    {
                        "id": "grid.11450.31",
                        "name": "University of Sassari",
                        "city": "Sassari",
                        "city_id": 3167096,
                        "country": "Italy",
                        "country_code": "IT",
                        "state": null,
                        "state_code": null
                    },
                    {
                        "id": "grid.11450.31",
                        "name": "University of Sassari",
                        "city": "Sassari",
                        "city_id": 3167096,
                        "country": "Italy",
                        "country_code": "IT",
                        "state": null,
                        "state_code": null
                    }
                ]
            },
            {
                "first_name": "Mauro",
                "last_name": "Mucedda",
                "initials": "",
                "corresponding": "",
                "orcid": "",
                "current_organization_id": "",
                "researcher_id": "ur.010111551065.38",
                "affiliations": [
                    {
                        "name": "Centro Pipistrelli Sardegna, Via G. Leopardi 1, 07100, Sassari, Italy"
                    }
                ]
            },
            {
                "first_name": "Ermanno",
                "last_name": "Pidinchedda",
                "initials": "",
                "corresponding": "",
                "orcid": "",
                "current_organization_id": "",
                "researcher_id": "ur.013536775017.05",
                "affiliations": [
                    {
                        "name": "Centro Pipistrelli Sardegna, Via G. Leopardi 1, 07100, Sassari, Italy"
                    }
                ]
            },
            {
                "first_name": "Rosanna",
                "last_name": "Zobba",
                "initials": "",
                "corresponding": "",
                "orcid": "",
                "current_organization_id": "grid.11450.31",
                "researcher_id": "ur.0744400710.29",
                "affiliations": [
                    {
                        "id": "grid.11450.31",
                        "name": "University of Sassari",
                        "city": "Sassari",
                        "city_id": 3167096,
                        "country": "Italy",
                        "country_code": "IT",
                        "state": null,
                        "state_code": null
                    }
                ]
            },
            {
                "first_name": "Marco",
                "last_name": "Pittau",
                "initials": "",
                "corresponding": "",
                "orcid": "['0000-0001-9222-8835']",
                "current_organization_id": "grid.11450.31",
                "researcher_id": "ur.0674276734.14",
                "affiliations": [
                    {
                        "id": "grid.11450.31",
                        "name": "University of Sassari",
                        "city": "Sassari",
                        "city_id": 3167096,
                        "country": "Italy",
                        "country_code": "IT",
                        "state": null,
                        "state_code": null
                    },
                    {
                        "id": "grid.11450.31",
                        "name": "University of Sassari",
                        "city": "Sassari",
                        "city_id": 3167096,
                        "country": "Italy",
                        "country_code": "IT",
                        "state": null,
                        "state_code": null
                    }
                ]
            },
            {
                "first_name": "Alberto",
                "last_name": "Alberti",
                "initials": "",
                "corresponding": "",
                "orcid": "['0000-0002-1708-9473']",
                "current_organization_id": "grid.11450.31",
                "researcher_id": "ur.0622322434.19",
                "affiliations": [
                    {
                        "id": "grid.11450.31",
                        "name": "University of Sassari",
                        "city": "Sassari",
                        "city_id": 3167096,
                        "country": "Italy",
                        "country_code": "IT",
                        "state": null,
                        "state_code": null
                    },
                    {
                        "id": "grid.11450.31",
                        "name": "University of Sassari",
                        "city": "Sassari",
                        "city_id": 3167096,
                        "country": "Italy",
                        "country_code": "IT",
                        "state": null,
                        "state_code": null
                    }
                ]
            }
        ]
    ],
    "doi": "10.1007/s11262-020-01747-3",
    "times_cited": 0,
    "references": [
        "pub.1103594543",
        "pub.1000760420",
        "pub.1027962207",
        "pub.1002261333",
        "pub.1000233360",
        "pub.1033191050",
        "pub.1001444669",
        "pub.1035609770",
        "pub.1109889602",
        "pub.1041253650",
        "pub.1091465590",
        "pub.1005898977"
    ]
}