{
    "author_affiliations": [
        [
            {
                "first_name": "Li",
                "last_name": "Yan",
                "initials": "",
                "corresponding": "",
                "orcid": "",
                "current_organization_id": "",
                "researcher_id": "",
                "affiliations": [
                    {
                        "name": "Department of Emergency, Tongji Hospital of Tongji Medical College, Huazhong University of Science and Technology;"
                    }
                ]
            },
            {
                "first_name": "Hai-Tao",
                "last_name": "Zhang",
                "initials": "",
                "corresponding": "",
                "orcid": "",
                "current_organization_id": "",
                "researcher_id": "",
                "affiliations": [
                    {
                        "name": "School of Artificial Intelligence and Automation, Huazhong University of Science and Technology;"
                    }
                ]
            },
            {
                "first_name": "Yang",
                "last_name": "Xiao",
                "initials": "",
                "corresponding": "",
                "orcid": "",
                "current_organization_id": "",
                "researcher_id": "",
                "affiliations": [
                    {
                        "name": "School of Artificial Intelligence and Automation, Huazhong University of Science and Technology;"
                    }
                ]
            },
            {
                "first_name": "Maolin",
                "last_name": "Wang",
                "initials": "",
                "corresponding": "",
                "orcid": "",
                "current_organization_id": "",
                "researcher_id": "",
                "affiliations": [
                    {
                        "name": "School of Artificial Intelligence and Automation, Huazhong University of Science and Technology;"
                    }
                ]
            },
            {
                "first_name": "Chuan",
                "last_name": "Sun",
                "initials": "",
                "corresponding": "",
                "orcid": "",
                "current_organization_id": "",
                "researcher_id": "",
                "affiliations": [
                    {
                        "name": "School of Artificial Intelligence and Automation, Huazhong University of Science and Technology;"
                    }
                ]
            },
            {
                "first_name": "Jing",
                "last_name": "Liang",
                "initials": "",
                "corresponding": "",
                "orcid": "",
                "current_organization_id": "",
                "researcher_id": "",
                "affiliations": [
                    {
                        "name": "Department of Emergency, Tongji Hospital of Tongji Medical College, Huazhong University of Science and Technology;"
                    }
                ]
            },
            {
                "first_name": "Shusheng",
                "last_name": "Li",
                "initials": "",
                "corresponding": "",
                "orcid": "",
                "current_organization_id": "",
                "researcher_id": "",
                "affiliations": [
                    {
                        "name": "Department of Emergency, Tongji Hospital of Tongji Medical College, Huazhong University of Science and Technology;"
                    }
                ]
            },
            {
                "first_name": "Mingyang",
                "last_name": "Zhang",
                "initials": "",
                "corresponding": "",
                "orcid": "",
                "current_organization_id": "",
                "researcher_id": "",
                "affiliations": [
                    {
                        "name": "School of Artificial Intelligence and Automation, Huazhong University of Science and Technology;"
                    }
                ]
            },
            {
                "first_name": "Yuqi",
                "last_name": "Guo",
                "initials": "",
                "corresponding": "",
                "orcid": "",
                "current_organization_id": "",
                "researcher_id": "",
                "affiliations": [
                    {
                        "name": "School of Artificial Intelligence and Automation, Huazhong University of Science and Technology;"
                    }
                ]
            },
            {
                "first_name": "Ying",
                "last_name": "Xiao",
                "initials": "",
                "corresponding": "",
                "orcid": "",
                "current_organization_id": "",
                "researcher_id": "",
                "affiliations": [
                    {
                        "name": "School of Artificial Intelligence and Automation, Huazhong University of Science and Technology;"
                    }
                ]
            },
            {
                "first_name": "Xiuchuan",
                "last_name": "Tang",
                "initials": "",
                "corresponding": "",
                "orcid": "",
                "current_organization_id": "",
                "researcher_id": "",
                "affiliations": [
                    {
                        "name": "School of Mechanical Science and Engineering, Huazhong University of Science and Technology;"
                    }
                ]
            },
            {
                "first_name": "Haosen",
                "last_name": "Cao",
                "initials": "",
                "corresponding": "",
                "orcid": "",
                "current_organization_id": "",
                "researcher_id": "",
                "affiliations": [
                    {
                        "name": "School of Artificial Intelligence and Automation, Huazhong University of Science and Technology;"
                    }
                ]
            },
            {
                "first_name": "Xi",
                "last_name": "Tan",
                "initials": "",
                "corresponding": "",
                "orcid": "",
                "current_organization_id": "",
                "researcher_id": "",
                "affiliations": [
                    {
                        "name": "Department of Anesthesiology, Tongji Hospital of Tongji Medical College, Huazhong University of Science and Technology"
                    }
                ]
            },
            {
                "first_name": "Niannian",
                "last_name": "Huang",
                "initials": "",
                "corresponding": "",
                "orcid": "",
                "current_organization_id": "",
                "researcher_id": "ur.012517012704.12",
                "affiliations": [
                    {
                        "name": "Department of Anesthesiology, Tongji Hospital of Tongji Medical College, Huazhong University of Science and Technology"
                    }
                ]
            },
            {
                "first_name": "Bo",
                "last_name": "Jiao",
                "initials": "",
                "corresponding": "",
                "orcid": "",
                "current_organization_id": "",
                "researcher_id": "",
                "affiliations": [
                    {
                        "name": "Department of Anesthesiology, Tongji Hospital of Tongji Medical College, Huazhong University of Science and Technology"
                    }
                ]
            },
            {
                "first_name": "Ailin",
                "last_name": "Luo",
                "initials": "",
                "corresponding": "",
                "orcid": "['0000-0003-0152-1628']",
                "current_organization_id": "grid.33199.31",
                "researcher_id": "ur.010011141331.14",
                "affiliations": [
                    {
                        "name": "Department of Anesthesiology, Tongji Hospital of Tongji Medical College, Huazhong University of Science and Technology"
                    }
                ]
            },
            {
                "first_name": "Zhiguo",
                "last_name": "Cao",
                "initials": "",
                "corresponding": "",
                "orcid": "",
                "current_organization_id": "",
                "researcher_id": "",
                "affiliations": [
                    {
                        "name": "School of Artificial Intelligence and Automation, Huazhong University of Science and Technology;"
                    }
                ]
            },
            {
                "first_name": "Hui",
                "last_name": "Xu",
                "initials": "",
                "corresponding": "",
                "orcid": "",
                "current_organization_id": "",
                "researcher_id": "",
                "affiliations": [
                    {
                        "name": "Department of Anesthesiology, Tongji Hospital of Tongji Medical College, Huazhong University of Science and Technology"
                    }
                ]
            },
            {
                "first_name": "Ye",
                "last_name": "Yuan",
                "initials": "",
                "corresponding": "",
                "orcid": "",
                "current_organization_id": "",
                "researcher_id": "",
                "affiliations": [
                    {
                        "name": "School of Artificial Intelligence and Automation, Huazhong University of Science and Technology;"
                    }
                ]
            }
        ]
    ],
    "altmetric": 41.0,
    "FOR": [
        {
            "id": "3053",
            "name": "1103 Clinical Sciences"
        }
    ],
    "research_org_countries": [
        {
            "id": "CN",
            "name": "China"
        }
    ],
    "title": "Prediction of survival for severe Covid-19 patients with three clinical features: development of a machine learning-based prognostic model with clinical data in Wuhan",
    "research_org_cities": [
        {
            "id": 1791247,
            "name": "Wuhan"
        }
    ],
    "pages": "2020.02.27.20028027",
    "open_access": [
        "Open Access - all",
        "Open Access - publisher",
        "Open Access - published"
    ],
    "doi": "10.1101/2020.02.27.20028027",
    "times_cited": 0,
    "journal": {
        "id": "jour.1369542",
        "title": "medRxiv"
    },
    "year": 2020,
    "references": [
        "pub.1124934550",
        "pub.1124368727",
        "pub.1062452520"
    ],
    "id": "pub.1125315666",
    "research_org_country_names": [
        "China"
    ],
    "date": "2020-03-01",
    "researchers": [
        {
            "id": "ur.012517012704.12",
            "last_name": "Huang",
            "first_name": "Nian-Nian"
        },
        {
            "id": "ur.010011141331.14",
            "research_orgs": [
                "grid.33199.31",
                "grid.412793.a"
            ],
            "last_name": "Luo",
            "first_name": "Ai-Lin",
            "orcid_id": [
                "0000-0001-8826-5588"
            ]
        }
    ],
    "type": "article"
}