{
    "pmid": "31901569",
    "author_affiliations": [
        [
            {
                "first_name": "Yongfei",
                "last_name": "Bai",
                "initials": "",
                "corresponding": "",
                "orcid": "",
                "current_organization_id": "grid.412064.5",
                "researcher_id": "ur.016650100021.33",
                "affiliations": [
                    {
                        "id": "grid.412064.5",
                        "name": "Heilongjiang Bayi Agricultural University",
                        "city": "Daqing",
                        "city_id": 2037860,
                        "country": "China",
                        "country_code": "CN",
                        "state": null,
                        "state_code": null
                    }
                ]
            },
            {
                "first_name": "Gui-Hua",
                "last_name": "Wang",
                "initials": "",
                "corresponding": "",
                "orcid": "",
                "current_organization_id": "grid.412064.5",
                "researcher_id": "ur.01113774643.67",
                "affiliations": [
                    {
                        "id": "grid.412064.5",
                        "name": "Heilongjiang Bayi Agricultural University",
                        "city": "Daqing",
                        "city_id": 2037860,
                        "country": "China",
                        "country_code": "CN",
                        "state": null,
                        "state_code": null
                    }
                ]
            },
            {
                "first_name": "Hao",
                "last_name": "Qi",
                "initials": "",
                "corresponding": "",
                "orcid": "",
                "current_organization_id": "",
                "researcher_id": "",
                "affiliations": [
                    {
                        "id": "grid.412064.5",
                        "name": "Heilongjiang Bayi Agricultural University",
                        "city": "Daqing",
                        "city_id": 2037860,
                        "country": "China",
                        "country_code": "CN",
                        "state": null,
                        "state_code": null
                    }
                ]
            },
            {
                "first_name": "Yupeng",
                "last_name": "Wang",
                "initials": "",
                "corresponding": "",
                "orcid": "",
                "current_organization_id": "",
                "researcher_id": "",
                "affiliations": [
                    {
                        "id": "grid.412064.5",
                        "name": "Heilongjiang Bayi Agricultural University",
                        "city": "Daqing",
                        "city_id": 2037860,
                        "country": "China",
                        "country_code": "CN",
                        "state": null,
                        "state_code": null
                    }
                ]
            },
            {
                "first_name": "Cao",
                "last_name": "Xu",
                "initials": "",
                "corresponding": "",
                "orcid": "",
                "current_organization_id": "",
                "researcher_id": "",
                "affiliations": [
                    {
                        "id": "grid.412064.5",
                        "name": "Heilongjiang Bayi Agricultural University",
                        "city": "Daqing",
                        "city_id": 2037860,
                        "country": "China",
                        "country_code": "CN",
                        "state": null,
                        "state_code": null
                    }
                ]
            },
            {
                "first_name": "Lu",
                "last_name": "Yue",
                "initials": "",
                "corresponding": "",
                "orcid": "",
                "current_organization_id": "",
                "researcher_id": "",
                "affiliations": [
                    {
                        "id": "grid.412064.5",
                        "name": "Heilongjiang Bayi Agricultural University",
                        "city": "Daqing",
                        "city_id": 2037860,
                        "country": "China",
                        "country_code": "CN",
                        "state": null,
                        "state_code": null
                    }
                ]
            },
            {
                "first_name": "Xilin",
                "last_name": "Hou",
                "initials": "",
                "corresponding": "",
                "orcid": "",
                "current_organization_id": "grid.412064.5",
                "researcher_id": "ur.01223243771.30",
                "affiliations": [
                    {
                        "id": "grid.412064.5",
                        "name": "Heilongjiang Bayi Agricultural University",
                        "city": "Daqing",
                        "city_id": 2037860,
                        "country": "China",
                        "country_code": "CN",
                        "state": null,
                        "state_code": null
                    }
                ]
            },
            {
                "first_name": "Li-Yun",
                "last_name": "Yu",
                "initials": "",
                "corresponding": true,
                "orcid": "",
                "current_organization_id": "grid.412064.5",
                "researcher_id": "ur.01053762523.29",
                "affiliations": [
                    {
                        "id": "grid.412064.5",
                        "name": "Heilongjiang Bayi Agricultural University",
                        "city": "Daqing",
                        "city_id": 2037860,
                        "country": "China",
                        "country_code": "CN",
                        "state": null,
                        "state_code": null
                    },
                    {
                        "id": "grid.412064.5",
                        "name": "Heilongjiang Bayi Agricultural University",
                        "city": "Daqing",
                        "city_id": 2037860,
                        "country": "China",
                        "country_code": "CN",
                        "state": null,
                        "state_code": null
                    }
                ]
            }
        ]
    ],
    "FOR": [
        {
            "id": "3103",
            "name": "1107 Immunology"
        }
    ],
    "research_org_countries": [
        {
            "id": "CN",
            "name": "China"
        }
    ],
    "title": "Immunogenicity of 987P fimbriae of enterotoxigenic Escherichia coli surface-displayed on Lactobacillus casei",
    "research_org_cities": [
        {
            "id": 2037860,
            "name": "Daqing"
        }
    ],
    "pages": "308-314",
    "open_access": [
        "Open Access - all",
        "Open Access - publisher",
        "Open Access - published"
    ],
    "doi": "10.1016/j.rvsc.2019.12.016",
    "times_cited": 0,
    "journal": {
        "id": "jour.1018355",
        "title": "Research in Veterinary Science"
    },
    "research_orgs": [
        {
            "id": "grid.412064.5",
            "name": "Heilongjiang Bayi Agricultural University",
            "linkout": [
                "http://www1.hlau.cn/english/"
            ],
            "country_name": "China",
            "types": [
                "Education"
            ],
            "latitude": 46.588726,
            "acronym": "HBAU",
            "city_name": "Daqing",
            "longitude": 125.16313
        }
    ],
    "year": 2020,
    "references": [
        "pub.1001427548",
        "pub.1042881115",
        "pub.1018165871",
        "pub.1079616937",
        "pub.1027055999",
        "pub.1049790499",
        "pub.1103998356",
        "pub.1034928942",
        "pub.1086130638",
        "pub.1017846682",
        "pub.1040988627",
        "pub.1002037885",
        "pub.1039391298",
        "pub.1060378462",
        "pub.1036213556",
        "pub.1045163571",
        "pub.1034096957",
        "pub.1025558993",
        "pub.1031031961",
        "pub.1040275774",
        "pub.1091834811",
        "pub.1028575195",
        "pub.1085137740",
        "pub.1092459529",
        "pub.1029951402",
        "pub.1044474536",
        "pub.1035147725",
        "pub.1009366573",
        "pub.1043353025",
        "pub.1014883972",
        "pub.1012641609",
        "pub.1005388328",
        "pub.1001211162",
        "pub.1079888647",
        "pub.1090900420",
        "pub.1044560414",
        "pub.1019243038",
        "pub.1045054794",
        "pub.1013636756",
        "pub.1081578943",
        "pub.1007317990",
        "pub.1047090536",
        "pub.1004172931",
        "pub.1060365003",
        "pub.1041354820",
        "pub.1082798615",
        "pub.1031588017"
    ],
    "id": "pub.1123643656",
    "research_org_country_names": [
        "China"
    ],
    "date": "2020-02-01",
    "researchers": [
        {
            "id": "ur.016650100021.33",
            "research_orgs": [
                "grid.412064.5"
            ],
            "last_name": "Bai",
            "first_name": "Yongfei"
        },
        {
            "id": "ur.01113774643.67",
            "research_orgs": [
                "grid.412064.5"
            ],
            "last_name": "Wang",
            "first_name": "Gui-Hua"
        },
        {
            "id": "ur.01223243771.30",
            "research_orgs": [
                "grid.412064.5",
                "grid.254230.2"
            ],
            "last_name": "Hou",
            "first_name": "Xi-Lin"
        },
        {
            "id": "ur.01053762523.29",
            "research_orgs": [
                "grid.412064.5",
                "grid.254230.2"
            ],
            "last_name": "Yu",
            "first_name": "Li-Yun"
        }
    ],
    "type": "article",
    "volume": "128"
}