{
    "date": "2020-01-31",
    "title": "The digestive system is a potential route of 2019-nCov infection: a bioinformatics analysis based on single-cell transcriptomes",
    "researchers": [
        {
            "id": "ur.014570612675.58",
            "last_name": "Kang",
            "first_name": "Zijian"
        },
        {
            "id": "ur.015366173275.64",
            "last_name": "Gong",
            "first_name": "Haiyi"
        },
        {
            "id": "ur.016163553675.77",
            "last_name": "Xu",
            "first_name": "Da"
        },
        {
            "id": "ur.011053443475.54",
            "last_name": "Cui",
            "first_name": "Xingang"
        },
        {
            "id": "ur.011651024075.53",
            "last_name": "Xiao",
            "first_name": "Jianru"
        },
        {
            "id": "ur.0754212422.21",
            "last_name": "Meng",
            "first_name": "Tong",
            "research_orgs": [
                "grid.24516.34",
                "grid.419897.a",
                "grid.412633.1",
                "grid.16821.3c",
                "grid.412793.a"
            ]
        },
        {
            "id": "ur.013243765075.40",
            "last_name": "Zhou",
            "first_name": "Wang"
        },
        {
            "id": "ur.014636726075.55",
            "last_name": "Xu",
            "first_name": "Huji"
        }
    ],
    "altmetric": 260.0,
    "research_org_cities": [
        {
            "id": 1796236,
            "name": "Shanghai"
        },
        {
            "id": 1816670,
            "name": "Beijing"
        },
        {
            "id": 1791247,
            "name": "Wuhan"
        }
    ],
    "open_access": [
        "Open Access - all",
        "Open Access - publisher",
        "Open Access - published"
    ],
    "research_org_countries": [
        {
            "id": "CN",
            "name": "China"
        }
    ],
    "doi": "10.1101/2020.01.30.927806",
    "FOR": [
        {
            "id": "3114",
            "name": "1108 Medical Microbiology"
        }
    ],
    "times_cited": 23,
    "research_org_country_names": [
        "China"
    ],
    "id": "pub.1124462502",
    "journal": {
        "id": "jour.1293558",
        "title": "bioRxiv"
    },
    "year": 2020,
    "references": [
        "pub.1085926799",
        "pub.1092574210",
        "pub.1040598695",
        "pub.1124291867",
        "pub.1005297170",
        "pub.1116840003",
        "pub.1124295864",
        "pub.1034803318",
        "pub.1113944497",
        "pub.1092152729",
        "pub.1016221800",
        "pub.1092591471",
        "pub.1060399534",
        "pub.1062452520",
        "pub.1124289146",
        "pub.1124367686",
        "pub.1023481829",
        "pub.1100768612",
        "pub.1093088828",
        "pub.1028782570",
        "pub.1040468747",
        "pub.1062667698",
        "pub.1040416494",
        "pub.1051655796",
        "pub.1124290823",
        "pub.1017604076",
        "pub.1116840006",
        "pub.1119807231",
        "pub.1123746080",
        "pub.1106141855",
        "pub.1012867990",
        "pub.1092709527",
        "pub.1040199451",
        "pub.1015704176",
        "pub.1120683942",
        "pub.1017837695"
    ],
    "author_affiliations": [
        [
            {
                "first_name": "Hao",
                "last_name": "Zhang",
                "initials": "",
                "corresponding": "",
                "orcid": "",
                "current_organization_id": "",
                "researcher_id": "",
                "affiliations": [
                    {
                        "name": "Department of Rheumatology and Immunology, Changzheng Hospital, Second Military Medical University;"
                    }
                ]
            },
            {
                "first_name": "Zijian",
                "last_name": "Kang",
                "initials": "",
                "corresponding": "",
                "orcid": "",
                "current_organization_id": "",
                "researcher_id": "ur.014570612675.58",
                "affiliations": [
                    {
                        "name": "Department of Rheumatology and Immunology, Changzheng Hospital, Second Military Medical University;"
                    }
                ]
            },
            {
                "first_name": "Haiyi",
                "last_name": "Gong",
                "initials": "",
                "corresponding": "",
                "orcid": "",
                "current_organization_id": "",
                "researcher_id": "ur.015366173275.64",
                "affiliations": [
                    {
                        "name": "Department of Orthopaedic Oncology, Changzheng Hospital, Second Military Medical University;"
                    }
                ]
            },
            {
                "first_name": "Da",
                "last_name": "Xu",
                "initials": "",
                "corresponding": "",
                "orcid": "",
                "current_organization_id": "",
                "researcher_id": "ur.016163553675.77",
                "affiliations": [
                    {
                        "name": "Depanrtment of Urology, The Third Affiliated Hospital of Second Military Medical University;"
                    }
                ]
            },
            {
                "first_name": "Jing",
                "last_name": "Wang",
                "initials": "",
                "corresponding": "",
                "orcid": "",
                "current_organization_id": "",
                "researcher_id": "",
                "affiliations": [
                    {
                        "name": "Department of Neurosurgery, Changhai Hospital, Second Military Medical University,;"
                    }
                ]
            },
            {
                "first_name": "Zifu",
                "last_name": "Li",
                "initials": "",
                "corresponding": "",
                "orcid": "",
                "current_organization_id": "",
                "researcher_id": "",
                "affiliations": [
                    {
                        "name": "Department of Neurosurgery, Changhai Hospital, Second Military Medical University,;"
                    }
                ]
            },
            {
                "first_name": "Xingang",
                "last_name": "Cui",
                "initials": "",
                "corresponding": "",
                "orcid": "",
                "current_organization_id": "",
                "researcher_id": "ur.011053443475.54",
                "affiliations": [
                    {
                        "name": "Depanrtment of Urology, The Third Affiliated Hospital of Second Military Medical University;"
                    }
                ]
            },
            {
                "first_name": "Jianru",
                "last_name": "Xiao",
                "initials": "",
                "corresponding": "",
                "orcid": "",
                "current_organization_id": "",
                "researcher_id": "ur.011651024075.53",
                "affiliations": [
                    {
                        "name": "Department of Orthopaedic Oncology, Changzheng Hospital, Second Military Medical University;"
                    }
                ]
            },
            {
                "first_name": "Tong",
                "last_name": "Meng",
                "initials": "",
                "corresponding": "",
                "orcid": "",
                "current_organization_id": "grid.24516.34",
                "researcher_id": "ur.0754212422.21",
                "affiliations": [
                    {
                        "name": "Tongji Hospital, Tongji University School of Medicine, Tongji University;"
                    }
                ]
            },
            {
                "first_name": "Wang",
                "last_name": "Zhou",
                "initials": "",
                "corresponding": "",
                "orcid": "",
                "current_organization_id": "",
                "researcher_id": "ur.013243765075.40",
                "affiliations": [
                    {
                        "name": "Peking-Tsinghua Center for Life Sciences, TsinghuaUniversity;"
                    }
                ]
            },
            {
                "first_name": "Jianmin",
                "last_name": "Liu",
                "initials": "",
                "corresponding": "",
                "orcid": "",
                "current_organization_id": "",
                "researcher_id": "",
                "affiliations": [
                    {
                        "name": "Department of Neurosurgery, Changhai Hospital, Second Military Medical University"
                    }
                ]
            },
            {
                "first_name": "Huji",
                "last_name": "Xu",
                "initials": "",
                "corresponding": "",
                "orcid": "",
                "current_organization_id": "",
                "researcher_id": "ur.014636726075.55",
                "affiliations": [
                    {
                        "name": "Department of Rheumatology and Immunology, Changzheng Hospital, Second Military Medical University;"
                    }
                ]
            }
        ]
    ],
    "type": "preprint"
}