{
    "pmid": "32118391",
    "author_affiliations": [
        [
            {
                "first_name": "L",
                "last_name": "Zhou",
                "initials": "",
                "corresponding": "",
                "orcid": "",
                "current_organization_id": "",
                "researcher_id": "",
                "affiliations": [
                    {
                        "name": "Department of Respiratory and Critical Care Medicine, Tongji Hospital, Tongji Medical College, Huazhong University of Science and Technology, Wuhan 430030, China."
                    }
                ]
            },
            {
                "first_name": "K",
                "last_name": "Liu",
                "initials": "",
                "corresponding": "",
                "orcid": "",
                "current_organization_id": "",
                "researcher_id": "",
                "affiliations": []
            },
            {
                "first_name": "H G",
                "last_name": "Liu",
                "initials": "",
                "corresponding": "",
                "orcid": "",
                "current_organization_id": "",
                "researcher_id": "",
                "affiliations": []
            }
        ]
    ],
    "altmetric": 14.0,
    "FOR": [
        {
            "id": "3053",
            "name": "1103 Clinical Sciences"
        }
    ],
    "research_org_countries": [
        {
            "id": "CN",
            "name": "China"
        }
    ],
    "title": "[Cause analysis and treatment strategies of \"recurrence\" with novel coronavirus pneumonia (covid-19) patients after discharge from hospital].",
    "research_org_cities": [
        {
            "id": 1791247,
            "name": "Wuhan"
        }
    ],
    "pages": "e028",
    "issue": "0",
    "doi": "10.3760/cma.j.cn112147-20200229-00219",
    "times_cited": 0,
    "journal": {
        "id": "jour.1097577",
        "title": "\u4e2d\u534e\u7ed3\u6838\u548c\u547c\u5438\u6742\u5fd7"
    },
    "year": 2020,
    "id": "pub.1125332098",
    "research_org_country_names": [
        "China"
    ],
    "date": "2020-03-02",
    "type": "article",
    "volume": "43"
}