{
    "research_orgs": [
        {
            "id": "grid.41156.37",
            "linkout": [
                "http://www.nju.edu.cn/english/"
            ],
            "city_name": "Nanjing",
            "longitude": 118.775,
            "acronym": "NU",
            "latitude": 32.05611,
            "name": "Nanjing University",
            "types": [
                "Education"
            ],
            "country_name": "China"
        }
    ],
    "research_org_country_names": [
        "China"
    ],
    "title": "Chapter 3 Biological HRPs in wastewater",
    "type": "chapter",
    "year": 2020,
    "researchers": [
        {
            "id": "ur.0701760215.99",
            "research_orgs": [
                "grid.41156.37"
            ],
            "first_name": "Shuyu",
            "last_name": "Jia"
        },
        {
            "id": "ur.0602572320.40",
            "research_orgs": [
                "grid.194645.b",
                "grid.41156.37"
            ],
            "first_name": "Xu-Xiang",
            "last_name": "Zhang",
            "orcid_id": [
                "0000-0002-2833-0656"
            ]
        }
    ],
    "FOR": [
        {
            "id": "2620",
            "name": "0604 Genetics"
        }
    ],
    "research_org_countries": [
        {
            "id": "CN",
            "name": "China"
        }
    ],
    "date": "2020-01-01",
    "pages": "41-78",
    "id": "pub.1122393682",
    "research_org_cities": [
        {
            "id": 1799962,
            "name": "Nanjing"
        }
    ],
    "author_affiliations": [
        [
            {
                "first_name": "Shuyu",
                "last_name": "Jia",
                "initials": "",
                "corresponding": "",
                "orcid": "",
                "current_organization_id": "grid.41156.37",
                "researcher_id": "ur.0701760215.99",
                "affiliations": [
                    {
                        "id": "grid.41156.37",
                        "name": "Nanjing University",
                        "city": "Nanjing",
                        "city_id": 1799962,
                        "country": "China",
                        "country_code": "CN",
                        "state": null,
                        "state_code": null
                    }
                ]
            },
            {
                "first_name": "Xuxiang",
                "last_name": "Zhang",
                "initials": "",
                "corresponding": "",
                "orcid": "['0000-0002-2833-0656']",
                "current_organization_id": "grid.41156.37",
                "researcher_id": "ur.0602572320.40",
                "affiliations": [
                    {
                        "id": "grid.41156.37",
                        "name": "Nanjing University",
                        "city": "Nanjing",
                        "city_id": 1799962,
                        "country": "China",
                        "country_code": "CN",
                        "state": null,
                        "state_code": null
                    }
                ]
            }
        ]
    ],
    "doi": "10.1016/b978-0-12-816448-8.00003-4",
    "times_cited": 0,
    "references": [
        "pub.1026497276",
        "pub.1107293353",
        "pub.1036468932",
        "pub.1030294098",
        "pub.1001691177",
        "pub.1008416042",
        "pub.1045820215",
        "pub.1026478503",
        "pub.1010700367",
        "pub.1025588756",
        "pub.1043490389",
        "pub.1031181221",
        "pub.1025668928",
        "pub.1014187211",
        "pub.1010719744",
        "pub.1046496055",
        "pub.1107941289",
        "pub.1043526708",
        "pub.1021629691",
        "pub.1046777126",
        "pub.1010690220",
        "pub.1007709469",
        "pub.1029616567",
        "pub.1037269286",
        "pub.1048444853",
        "pub.1111580241",
        "pub.1069137185",
        "pub.1017886067",
        "pub.1035277912",
        "pub.1053405101",
        "pub.1109390445",
        "pub.1020129708",
        "pub.1011754521",
        "pub.1043875870",
        "pub.1048067916",
        "pub.1060383880",
        "pub.1023733744",
        "pub.1027774093",
        "pub.1029492185",
        "pub.1044660140",
        "pub.1018601709",
        "pub.1053707007",
        "pub.1117120201",
        "pub.1092228857",
        "pub.1016038333",
        "pub.1022903572",
        "pub.1030935135",
        "pub.1050045616",
        "pub.1029843432",
        "pub.1092416575",
        "pub.1020850248",
        "pub.1092078875",
        "pub.1011876605",
        "pub.1016503694",
        "pub.1017763337",
        "pub.1092099160",
        "pub.1069136615",
        "pub.1105743939",
        "pub.1085615081",
        "pub.1002416343",
        "pub.1053376009",
        "pub.1110979079",
        "pub.1048114129",
        "pub.1021557637",
        "pub.1104237188",
        "pub.1003924670",
        "pub.1030149157",
        "pub.1091844850",
        "pub.1052029662",
        "pub.1084073241",
        "pub.1030220163",
        "pub.1091935002",
        "pub.1041911109",
        "pub.1018889630",
        "pub.1012878539",
        "pub.1045661028",
        "pub.1055505928",
        "pub.1055499162",
        "pub.1050255440",
        "pub.1062731426",
        "pub.1040810709",
        "pub.1029962784",
        "pub.1050051953",
        "pub.1091804612",
        "pub.1015554035",
        "pub.1104165232",
        "pub.1072510771",
        "pub.1034348359",
        "pub.1090882469",
        "pub.1077147389",
        "pub.1033687046",
        "pub.1017926281",
        "pub.1081641625",
        "pub.1062713802",
        "pub.1076819129",
        "pub.1012509396",
        "pub.1019822736",
        "pub.1090582208",
        "pub.1014511843",
        "pub.1041954291",
        "pub.1003898295",
        "pub.1003726308",
        "pub.1077308241",
        "pub.1038000842",
        "pub.1042903061",
        "pub.1052192549",
        "pub.1069142580",
        "pub.1009994495",
        "pub.1029920346",
        "pub.1010241695",
        "pub.1027170449",
        "pub.1069141825",
        "pub.1069143391",
        "pub.1107946347",
        "pub.1018318992",
        "pub.1091899890",
        "pub.1035468153",
        "pub.1007715788",
        "pub.1043895945",
        "pub.1060407046",
        "pub.1039123315",
        "pub.1070925861",
        "pub.1003382362",
        "pub.1014313544",
        "pub.1035944310",
        "pub.1062710527",
        "pub.1038404742",
        "pub.1016893788",
        "pub.1075070018",
        "pub.1004905339",
        "pub.1050657588",
        "pub.1001456114",
        "pub.1025055875",
        "pub.1043630248",
        "pub.1019797748",
        "pub.1014862689",
        "pub.1050745386",
        "pub.1109488095",
        "pub.1022082991",
        "pub.1100790327",
        "pub.1002825743",
        "pub.1007545702",
        "pub.1042860615",
        "pub.1014731576",
        "pub.1101124002",
        "pub.1048505965",
        "pub.1053223526",
        "pub.1055523172",
        "pub.1100828302",
        "pub.1006719592",
        "pub.1053203400",
        "pub.1009691377",
        "pub.1013821386",
        "pub.1091418188",
        "pub.1000195496",
        "pub.1010632437",
        "pub.1037109790",
        "pub.1048601556",
        "pub.1047623025",
        "pub.1012843714",
        "pub.1027501037",
        "pub.1101187541",
        "pub.1109491872"
    ]
}