{
    "volume": "48",
    "date": "2020-01-01",
    "title": "Moving beyond hand hygiene monitoring as a marker of infection prevention performance: Development of a tailored infection control continuous quality improvement tool",
    "researchers": [
        {
            "id": "ur.01364364310.66",
            "last_name": "Jeanes",
            "first_name": "Annette",
            "research_orgs": [
                "grid.452594.b",
                "grid.271308.f",
                "grid.439749.4",
                "grid.52996.31",
                "grid.426108.9",
                "grid.451052.7",
                "grid.439634.f"
            ]
        },
        {
            "id": "ur.01355362067.50",
            "last_name": "Gould",
            "first_name": "Dinah J",
            "research_orgs": [
                "grid.28577.3f",
                "grid.271308.f",
                "grid.90731.3c",
                "grid.4756.0",
                "grid.426108.9",
                "grid.83440.3b",
                "grid.5600.3",
                "grid.13097.3c",
                "grid.439749.4"
            ]
        }
    ],
    "altmetric": 2.0,
    "pages": "68-76",
    "research_org_cities": [
        {
            "id": 2653822,
            "name": "Cardiff"
        },
        {
            "id": 2643743,
            "name": "London"
        }
    ],
    "research_org_countries": [
        {
            "id": "GB",
            "name": "United Kingdom"
        }
    ],
    "doi": "10.1016/j.ajic.2019.06.014",
    "FOR": [
        {
            "id": "3177",
            "name": "1117 Public Health and Health Services"
        }
    ],
    "times_cited": 0,
    "research_orgs": [
        {
            "id": "grid.83440.3b",
            "acronym": "UCL",
            "types": [
                "Education"
            ],
            "longitude": -0.1339817,
            "linkout": [
                "http://www.ucl.ac.uk/"
            ],
            "latitude": 51.52447,
            "name": "University College London",
            "city_name": "London",
            "country_name": "United Kingdom"
        },
        {
            "id": "grid.5600.3",
            "types": [
                "Education"
            ],
            "longitude": -3.179,
            "linkout": [
                "http://www.cardiff.ac.uk/"
            ],
            "latitude": 51.4877,
            "name": "Cardiff University",
            "city_name": "Cardiff",
            "country_name": "United Kingdom"
        },
        {
            "id": "grid.439749.4",
            "acronym": "UCH",
            "types": [
                "Healthcare"
            ],
            "longitude": -0.136346,
            "linkout": [
                "https://www.uclh.nhs.uk/OurServices/OurHospitals/UCH/Pages/Home.aspx"
            ],
            "latitude": 51.524734,
            "name": "University College Hospital",
            "city_name": "London",
            "country_name": "United Kingdom"
        }
    ],
    "pmid": "31358420",
    "research_org_country_names": [
        "United Kingdom"
    ],
    "id": "pub.1119904674",
    "issue": "1",
    "journal": {
        "id": "jour.1313656",
        "title": "American Journal of Infection Control"
    },
    "year": 2020,
    "references": [
        "pub.1002913928",
        "pub.1048113215",
        "pub.1051171313",
        "pub.1014122755",
        "pub.1046864352",
        "pub.1044592388",
        "pub.1018927152",
        "pub.1058783372",
        "pub.1028864765",
        "pub.1016957808",
        "pub.1036780243",
        "pub.1019903838",
        "pub.1010397403",
        "pub.1104044256",
        "pub.1005453982",
        "pub.1023119505",
        "pub.1007254812",
        "pub.1038821126",
        "pub.1011627288",
        "pub.1064792126",
        "pub.1005734737",
        "pub.1051427863",
        "pub.1101096357",
        "pub.1045500643",
        "pub.1050026863",
        "pub.1073073731",
        "pub.1077972316",
        "pub.1000340473",
        "pub.1050959982",
        "pub.1071138833",
        "pub.1064752898",
        "pub.1045538382",
        "pub.1019988507",
        "pub.1018862200",
        "pub.1033321585",
        "pub.1019888136",
        "pub.1015238035",
        "pub.1099701813",
        "pub.1045478276",
        "pub.1050998045",
        "pub.1058783360",
        "pub.1048677030",
        "pub.1062800249",
        "pub.1041440473",
        "pub.1091419610",
        "pub.1031470561",
        "pub.1033684988",
        "pub.1032379644",
        "pub.1000788979",
        "pub.1004604961",
        "pub.1030952469",
        "pub.1037817737",
        "pub.1043531982",
        "pub.1050626887",
        "pub.1067592311",
        "pub.1034145504",
        "pub.1007632756",
        "pub.1005176430",
        "pub.1033795878",
        "pub.1073072144",
        "pub.1077840992",
        "pub.1002645029",
        "pub.1106020387",
        "pub.1053183344",
        "pub.1077071752",
        "pub.1045575200",
        "pub.1014467234",
        "pub.1077011497",
        "pub.1077901043",
        "pub.1005524238",
        "pub.1037909562",
        "pub.1068844562",
        "pub.1059713310",
        "pub.1050889019",
        "pub.1015349453",
        "pub.1017226574",
        "pub.1015001493",
        "pub.1039830081",
        "pub.1002032412",
        "pub.1027156920",
        "pub.1004722538",
        "pub.1036607623",
        "pub.1007415788",
        "pub.1044065549",
        "pub.1021974962",
        "pub.1047891192",
        "pub.1035398922",
        "pub.1004183178",
        "pub.1034178083",
        "pub.1031426380",
        "pub.1075135154",
        "pub.1042173040",
        "pub.1023447047",
        "pub.1030564577",
        "pub.1026966916",
        "pub.1024406080",
        "pub.1039754591",
        "pub.1050121674",
        "pub.1004540872",
        "pub.1008680904",
        "pub.1029060620",
        "pub.1009682660"
    ],
    "author_affiliations": [
        [
            {
                "first_name": "Annette",
                "last_name": "Jeanes",
                "initials": "",
                "corresponding": true,
                "orcid": "",
                "current_organization_id": "grid.439749.4",
                "researcher_id": "ur.01364364310.66",
                "affiliations": [
                    {
                        "id": "grid.439749.4",
                        "name": "University College Hospital",
                        "city": "London",
                        "city_id": 2643743,
                        "country": "United Kingdom",
                        "country_code": "GB",
                        "state": null,
                        "state_code": null
                    }
                ]
            },
            {
                "first_name": "Pietro G.",
                "last_name": "Coen",
                "initials": "",
                "corresponding": "",
                "orcid": "",
                "current_organization_id": "",
                "researcher_id": "",
                "affiliations": [
                    {
                        "name": "Infection Division, Maples House, London, United Kingdom"
                    }
                ]
            },
            {
                "first_name": "Nicolas S.",
                "last_name": "Drey",
                "initials": "",
                "corresponding": "",
                "orcid": "",
                "current_organization_id": "",
                "researcher_id": "",
                "affiliations": [
                    {
                        "id": "grid.83440.3b",
                        "name": "University College London",
                        "city": "London",
                        "city_id": 2643743,
                        "country": "United Kingdom",
                        "country_code": "GB",
                        "state": null,
                        "state_code": null
                    }
                ]
            },
            {
                "first_name": "Dinah J.",
                "last_name": "Gould",
                "initials": "",
                "corresponding": "",
                "orcid": "",
                "current_organization_id": "grid.5600.3",
                "researcher_id": "ur.01355362067.50",
                "affiliations": [
                    {
                        "id": "grid.5600.3",
                        "name": "Cardiff University",
                        "city": "Cardiff",
                        "city_id": 2653822,
                        "country": "United Kingdom",
                        "country_code": "GB",
                        "state": null,
                        "state_code": null
                    }
                ]
            }
        ]
    ],
    "type": "article"
}