{
    "pmid": "32119884",
    "author_affiliations": [
        [
            {
                "first_name": "Patrick J",
                "last_name": "Lillie",
                "initials": "",
                "corresponding": "",
                "orcid": "",
                "current_organization_id": "grid.9481.4",
                "researcher_id": "ur.010563425121.75",
                "affiliations": [
                    {
                        "id": "grid.9481.4",
                        "name": "University of Hull",
                        "city": "Hull",
                        "city_id": 2645425,
                        "country": "United Kingdom",
                        "country_code": "GB",
                        "state": null,
                        "state_code": null
                    }
                ]
            },
            {
                "first_name": "Anda",
                "last_name": "Samson",
                "initials": "",
                "corresponding": "",
                "orcid": "",
                "current_organization_id": "grid.9481.4",
                "researcher_id": "ur.012156366121.70",
                "affiliations": [
                    {
                        "id": "grid.9481.4",
                        "name": "University of Hull",
                        "city": "Hull",
                        "city_id": 2645425,
                        "country": "United Kingdom",
                        "country_code": "GB",
                        "state": null,
                        "state_code": null
                    }
                ]
            },
            {
                "first_name": "Ang",
                "last_name": "Li",
                "initials": "",
                "corresponding": "",
                "orcid": "",
                "current_organization_id": "",
                "researcher_id": "",
                "affiliations": [
                    {
                        "id": "grid.420004.2",
                        "name": "Newcastle upon Tyne Hospitals NHS Foundation Trust",
                        "city": "Newcastle upon Tyne",
                        "city_id": 2641673,
                        "country": "United Kingdom",
                        "country_code": "GB",
                        "state": null,
                        "state_code": null
                    }
                ]
            },
            {
                "first_name": "Kate",
                "last_name": "Adams",
                "initials": "",
                "corresponding": "",
                "orcid": "",
                "current_organization_id": "grid.9481.4",
                "researcher_id": "ur.0733322022.01",
                "affiliations": [
                    {
                        "id": "grid.9481.4",
                        "name": "University of Hull",
                        "city": "Hull",
                        "city_id": 2645425,
                        "country": "United Kingdom",
                        "country_code": "GB",
                        "state": null,
                        "state_code": null
                    }
                ]
            },
            {
                "first_name": "Richard",
                "last_name": "Capstick",
                "initials": "",
                "corresponding": "",
                "orcid": "",
                "current_organization_id": "",
                "researcher_id": "",
                "affiliations": [
                    {
                        "id": "grid.420004.2",
                        "name": "Newcastle upon Tyne Hospitals NHS Foundation Trust",
                        "city": "Newcastle upon Tyne",
                        "city_id": 2641673,
                        "country": "United Kingdom",
                        "country_code": "GB",
                        "state": null,
                        "state_code": null
                    }
                ]
            },
            {
                "first_name": "Gavin D",
                "last_name": "Barlow",
                "initials": "",
                "corresponding": "",
                "orcid": "",
                "current_organization_id": "grid.9481.4",
                "researcher_id": "ur.011427120721.99",
                "affiliations": [
                    {
                        "id": "grid.9481.4",
                        "name": "University of Hull",
                        "city": "Hull",
                        "city_id": 2645425,
                        "country": "United Kingdom",
                        "country_code": "GB",
                        "state": null,
                        "state_code": null
                    },
                    {
                        "name": "Hull York Medical School, University of York, United Kingdom4. National Infection Service"
                    }
                ]
            },
            {
                "first_name": "Nicholas",
                "last_name": "Easom",
                "initials": "",
                "corresponding": "",
                "orcid": "['0000-0001-6413-919X']",
                "current_organization_id": "grid.9481.4",
                "researcher_id": "ur.01046161130.34",
                "affiliations": [
                    {
                        "id": "grid.9481.4",
                        "name": "University of Hull",
                        "city": "Hull",
                        "city_id": 2645425,
                        "country": "United Kingdom",
                        "country_code": "GB",
                        "state": null,
                        "state_code": null
                    }
                ]
            },
            {
                "first_name": "Eve",
                "last_name": "Hamilton",
                "initials": "",
                "corresponding": "",
                "orcid": "",
                "current_organization_id": "",
                "researcher_id": "",
                "affiliations": [
                    {
                        "id": "grid.420004.2",
                        "name": "Newcastle upon Tyne Hospitals NHS Foundation Trust",
                        "city": "Newcastle upon Tyne",
                        "city_id": 2641673,
                        "country": "United Kingdom",
                        "country_code": "GB",
                        "state": null,
                        "state_code": null
                    }
                ]
            },
            {
                "first_name": "Peter J",
                "last_name": "Moss",
                "initials": "",
                "corresponding": "",
                "orcid": "",
                "current_organization_id": "grid.9481.4",
                "researcher_id": "ur.0655007457.79",
                "affiliations": [
                    {
                        "id": "grid.9481.4",
                        "name": "University of Hull",
                        "city": "Hull",
                        "city_id": 2645425,
                        "country": "United Kingdom",
                        "country_code": "GB",
                        "state": null,
                        "state_code": null
                    }
                ]
            },
            {
                "first_name": "Adam",
                "last_name": "Evans",
                "initials": "",
                "corresponding": "",
                "orcid": "",
                "current_organization_id": "",
                "researcher_id": "",
                "affiliations": [
                    {
                        "id": "grid.420004.2",
                        "name": "Newcastle upon Tyne Hospitals NHS Foundation Trust",
                        "city": "Newcastle upon Tyne",
                        "city_id": 2641673,
                        "country": "United Kingdom",
                        "country_code": "GB",
                        "state": null,
                        "state_code": null
                    }
                ]
            },
            {
                "first_name": "Monica",
                "last_name": "Ivan",
                "initials": "",
                "corresponding": "",
                "orcid": "",
                "current_organization_id": "grid.9481.4",
                "researcher_id": "ur.011475234121.54",
                "affiliations": [
                    {
                        "id": "grid.9481.4",
                        "name": "University of Hull",
                        "city": "Hull",
                        "city_id": 2645425,
                        "country": "United Kingdom",
                        "country_code": "GB",
                        "state": null,
                        "state_code": null
                    }
                ]
            },
            {
                "first_name": "PHE Incident",
                "last_name": "Team",
                "initials": "",
                "corresponding": "",
                "orcid": "",
                "current_organization_id": "",
                "researcher_id": "",
                "affiliations": [
                    {
                        "id": "grid.271308.f",
                        "name": "Public Health England",
                        "city": "London",
                        "city_id": 2643743,
                        "country": "United Kingdom",
                        "country_code": "GB",
                        "state": null,
                        "state_code": null
                    }
                ]
            },
            {
                "first_name": "Yusri",
                "last_name": "Taha",
                "initials": "",
                "corresponding": "",
                "orcid": "",
                "current_organization_id": "",
                "researcher_id": "",
                "affiliations": [
                    {
                        "id": "grid.420004.2",
                        "name": "Newcastle upon Tyne Hospitals NHS Foundation Trust",
                        "city": "Newcastle upon Tyne",
                        "city_id": 2641673,
                        "country": "United Kingdom",
                        "country_code": "GB",
                        "state": null,
                        "state_code": null
                    }
                ]
            },
            {
                "first_name": "Christopher J A",
                "last_name": "Duncan",
                "initials": "",
                "corresponding": true,
                "orcid": "",
                "current_organization_id": "",
                "researcher_id": "",
                "affiliations": [
                    {
                        "id": "grid.420004.2",
                        "name": "Newcastle upon Tyne Hospitals NHS Foundation Trust",
                        "city": "Newcastle upon Tyne",
                        "city_id": 2641673,
                        "country": "United Kingdom",
                        "country_code": "GB",
                        "state": null,
                        "state_code": null
                    },
                    {
                        "id": "grid.1006.7",
                        "name": "Newcastle University",
                        "city": "Newcastle upon Tyne",
                        "city_id": 2641673,
                        "country": "United Kingdom",
                        "country_code": "GB",
                        "state": null,
                        "state_code": null
                    }
                ]
            },
            {
                "first_name": "Matthias L",
                "last_name": "Schmid",
                "initials": "",
                "corresponding": true,
                "orcid": "",
                "current_organization_id": "grid.420004.2",
                "researcher_id": "ur.010427707172.26",
                "affiliations": [
                    {
                        "id": "grid.420004.2",
                        "name": "Newcastle upon Tyne Hospitals NHS Foundation Trust",
                        "city": "Newcastle upon Tyne",
                        "city_id": 2641673,
                        "country": "United Kingdom",
                        "country_code": "GB",
                        "state": null,
                        "state_code": null
                    }
                ]
            },
            {
                "first_name": "the Airborne HCID",
                "last_name": "Network",
                "initials": "",
                "corresponding": "",
                "orcid": "",
                "current_organization_id": "",
                "researcher_id": "",
                "affiliations": [
                    {
                        "name": "Airborne HCID Network"
                    }
                ]
            }
        ]
    ],
    "altmetric": 27.0,
    "research_org_countries": [
        {
            "id": "GB",
            "name": "United Kingdom"
        },
        {
            "id": "CA",
            "name": "Canada"
        }
    ],
    "title": "Novel coronavirus disease (Covid-19): the first two patients in the UK with person to person transmission",
    "research_org_cities": [
        {
            "id": 2645425,
            "name": "Kingston upon Hull"
        },
        {
            "id": 2643743,
            "name": "London"
        },
        {
            "id": 2641673,
            "name": "Newcastle upon Tyne"
        },
        {
            "id": 6167865,
            "name": "Toronto"
        }
    ],
    "research_org_state_names": [
        "Ontario"
    ],
    "doi": "10.1016/j.jinf.2020.02.020",
    "times_cited": 1,
    "funders": [
        {
            "id": "grid.52788.30",
            "name": "Wellcome Trust",
            "linkout": [
                "http://www.wellcome.ac.uk/"
            ],
            "country_name": "United Kingdom",
            "types": [
                "Nonprofit"
            ],
            "latitude": 51.525867,
            "acronym": "WT",
            "city_name": "London",
            "longitude": -0.135005
        }
    ],
    "journal": {
        "id": "jour.1090128",
        "title": "Journal of Infection"
    },
    "research_orgs": [
        {
            "id": "grid.9481.4",
            "name": "University of Hull",
            "linkout": [
                "http://www2.hull.ac.uk/"
            ],
            "country_name": "United Kingdom",
            "types": [
                "Education"
            ],
            "latitude": 53.770264,
            "state_name": "Kingston upon Hull",
            "city_name": "Hull",
            "longitude": -0.367141
        },
        {
            "id": "grid.1006.7",
            "name": "Newcastle University",
            "linkout": [
                "http://www.ncl.ac.uk/"
            ],
            "country_name": "United Kingdom",
            "types": [
                "Education"
            ],
            "latitude": 54.978,
            "city_name": "Newcastle upon Tyne",
            "longitude": -1.615
        },
        {
            "id": "grid.271308.f",
            "name": "Public Health England",
            "linkout": [
                "https://www.gov.uk/government/organisations/public-health-england"
            ],
            "country_name": "United Kingdom",
            "types": [
                "Government"
            ],
            "latitude": 51.691044,
            "acronym": "PHE",
            "city_name": "London",
            "longitude": -0.113401
        },
        {
            "id": "grid.420004.2",
            "name": "Newcastle upon Tyne Hospitals NHS Foundation Trust",
            "linkout": [
                "http://www.newcastle-hospitals.org.uk/"
            ],
            "country_name": "United Kingdom",
            "types": [
                "Healthcare"
            ],
            "latitude": 54.976864,
            "city_name": "Newcastle upon Tyne",
            "longitude": -1.6462
        }
    ],
    "year": 2020,
    "references": [
        "pub.1124368690",
        "pub.1124289146",
        "pub.1124295864",
        "pub.1124346642",
        "pub.1124290823",
        "pub.1124434742",
        "pub.1124408081"
    ],
    "id": "pub.1125140478",
    "research_org_country_names": [
        "United Kingdom",
        "Canada"
    ],
    "date": "2020-02-01",
    "research_org_state_codes": [
        {
            "id": "CA-ON",
            "name": "Ontario"
        }
    ],
    "researchers": [
        {
            "id": "ur.010563425121.75",
            "research_orgs": [
                "grid.9481.4"
            ],
            "last_name": "Lillie",
            "first_name": "Patrick J"
        },
        {
            "id": "ur.012156366121.70",
            "research_orgs": [
                "grid.9481.4"
            ],
            "last_name": "Samson",
            "first_name": "Anda D"
        },
        {
            "id": "ur.0733322022.01",
            "research_orgs": [
                "grid.413509.a",
                "grid.417700.5",
                "grid.9481.4"
            ],
            "last_name": "Adams",
            "first_name": "Kate"
        },
        {
            "id": "ur.011427120721.99",
            "research_orgs": [
                "grid.9481.4"
            ],
            "last_name": "Barlow",
            "first_name": "Gavin D"
        },
        {
            "id": "ur.01046161130.34",
            "research_orgs": [
                "grid.9481.4",
                "grid.83440.3b"
            ],
            "last_name": "Easom",
            "first_name": "Nicholas J W",
            "orcid_id": [
                "0000-0001-6413-919X"
            ]
        },
        {
            "id": "ur.0655007457.79",
            "research_orgs": [
                "grid.417700.5",
                "grid.413509.a",
                "grid.9481.4"
            ],
            "last_name": "Moss",
            "first_name": "Peter J"
        },
        {
            "id": "ur.011475234121.54",
            "research_orgs": [
                "grid.9481.4"
            ],
            "last_name": "Ivan",
            "first_name": "Monica"
        },
        {
            "id": "ur.010427707172.26",
            "research_orgs": [
                "grid.156122.3",
                "grid.419334.8",
                "grid.416126.6",
                "grid.1006.7",
                "grid.420004.2"
            ],
            "last_name": "Schmid",
            "first_name": "Matthias Ludwig"
        }
    ],
    "type": "article"
}