{
    "author_affiliations": [
        [
            {
                "first_name": "\u6c60\u5185",
                "last_name": "\u6709\u70ba",
                "initials": "",
                "corresponding": "",
                "orcid": "['0000-0002-5680-1881']",
                "current_organization_id": "",
                "researcher_id": "ur.013340571341.25",
                "affiliations": [
                    {
                        "name": "\u6587\u6559\u5927\u5b66\u6587\u5b66\u90e8\u82f1\u7c73\u8a9e\u82f1\u7c73\u6587\u5b66\u79d1"
                    }
                ]
            }
        ]
    ],
    "altmetric": 22.0,
    "title": "\u30aa\u30fc\u30d7\u30f3\u30b5\u30a4\u30a8\u30f3\u30b9\u306e\u52b9\u679c\u3068\u8ab2\u984c\u2015\u65b0\u578b\u30b3\u30ed\u30ca\u30a6\u30a4\u30eb\u30b9\u304a\u3088\u3073COVID-19\u306b\u95a2\u3059\u308b\u5b66\u8853\u754c\u306e\u52d5\u5411",
    "pages": "140-143",
    "issue": "3",
    "doi": "10.18919/jkg.70.3_140",
    "times_cited": 0,
    "journal": {
        "id": "jour.1368413",
        "title": "\u60c5\u5831\u306e\u79d1\u5b66\u3068\u6280\u8853"
    },
    "year": 2020,
    "id": "pub.1125314411",
    "date": "2020-03-01",
    "researchers": [
        {
            "id": "ur.013340571341.25",
            "last_name": "\u6709\u70ba",
            "first_name": "\u6c60\u5185",
            "orcid_id": [
                "0000-0002-5680-1881"
            ]
        }
    ],
    "type": "article",
    "volume": "70"
}