{
    "research_orgs": [
        {
            "id": "grid.411629.9",
            "linkout": [
                "http://english.bucea.edu.cn/"
            ],
            "city_name": "Beijing",
            "longitude": 116.34396,
            "latitude": 39.935436,
            "name": "Beijing University of Civil Engineering and Architecture",
            "types": [
                "Education"
            ],
            "country_name": "China"
        },
        {
            "id": "grid.416786.a",
            "linkout": [
                "http://www.swisstph.ch/"
            ],
            "city_name": "Basel",
            "longitude": 7.577304,
            "latitude": 47.556225,
            "name": "Swiss Tropical and Public Health Institute",
            "types": [
                "Facility"
            ],
            "country_name": "Switzerland"
        },
        {
            "id": "grid.260474.3",
            "linkout": [
                "http://english.nnu.cn/"
            ],
            "city_name": "Nanjing",
            "acronym": "NNU",
            "name": "Nanjing Normal University",
            "types": [
                "Education"
            ],
            "country_name": "China"
        }
    ],
    "research_org_country_names": [
        "Switzerland",
        "China"
    ],
    "title": "Risk estimation and prediction by modeling the transmission of the novel coronavirus (COVID-19) in mainland China excluding Hubei province",
    "type": "article",
    "year": 2020,
    "journal": {
        "id": "jour.1369542",
        "title": "medRxiv"
    },
    "FOR": [
        {
            "id": "3177",
            "name": "1117 Public Health and Health Services"
        }
    ],
    "research_org_countries": [
        {
            "id": "CN",
            "name": "China"
        },
        {
            "id": "CH",
            "name": "Switzerland"
        }
    ],
    "date": "2020-03-06",
    "altmetric": 4.0,
    "pages": "2020.03.01.20029629",
    "id": "pub.1125456311",
    "research_org_cities": [
        {
            "id": 1799962,
            "name": "Nanjing"
        },
        {
            "id": 2661604,
            "name": "Basel"
        },
        {
            "id": 1816670,
            "name": "Beijing"
        }
    ],
    "open_access": [
        "Open Access - all",
        "Open Access - publisher",
        "Open Access - published"
    ],
    "author_affiliations": [
        [
            {
                "first_name": "Hui",
                "last_name": "Wan",
                "initials": "",
                "corresponding": "",
                "orcid": "",
                "current_organization_id": "",
                "researcher_id": "",
                "affiliations": [
                    {
                        "id": "grid.260474.3",
                        "name": "Nanjing Normal University",
                        "city": "Nanjing",
                        "city_id": 1799962,
                        "country": "China",
                        "country_code": "CN",
                        "state": null,
                        "state_code": null
                    }
                ]
            },
            {
                "first_name": "Jing-an",
                "last_name": "Cui",
                "initials": "",
                "corresponding": "",
                "orcid": "",
                "current_organization_id": "",
                "researcher_id": "",
                "affiliations": [
                    {
                        "id": "grid.411629.9",
                        "name": "Beijing University of Civil Engineering and Architecture",
                        "city": "Beijing",
                        "city_id": 1816670,
                        "country": "China",
                        "country_code": "CN",
                        "state": null,
                        "state_code": null
                    }
                ]
            },
            {
                "first_name": "Guo-Jing",
                "last_name": "Yang",
                "initials": "",
                "corresponding": "",
                "orcid": "",
                "current_organization_id": "",
                "researcher_id": "",
                "affiliations": [
                    {
                        "id": "grid.416786.a",
                        "name": "Swiss Tropical and Public Health Institute",
                        "city": "Basel",
                        "city_id": 2661604,
                        "country": "Switzerland",
                        "country_code": "CH",
                        "state": null,
                        "state_code": null
                    }
                ]
            }
        ]
    ],
    "doi": "10.1101/2020.03.01.20029629",
    "times_cited": 0,
    "references": [
        "pub.1058410931",
        "pub.1124581642",
        "pub.1124445588",
        "pub.1124408081",
        "pub.1125032035",
        "pub.1111666823",
        "pub.1090910365"
    ]
}