{
    "research_orgs": [
        {
            "id": "grid.439104.b",
            "linkout": [
                "http://english.whiov.cas.cn/"
            ],
            "city_name": "Wuhan",
            "longitude": 114.26543,
            "acronym": "WIV",
            "latitude": 30.375658,
            "name": "Wuhan Institute Of Virology",
            "types": [
                "Facility"
            ],
            "country_name": "China"
        }
    ],
    "research_org_country_names": [
        "China"
    ],
    "pmid": "32163542",
    "title": "Histopathologic Changes and SARS-CoV-2 Immunostaining in the Lung of a Patient With COVID-19.",
    "type": "article",
    "year": 2020,
    "journal": {
        "id": "jour.1017222",
        "title": "Annals of Internal Medicine"
    },
    "research_org_countries": [
        {
            "id": "CN",
            "name": "China"
        }
    ],
    "date": "2020-03-12",
    "altmetric": 252.0,
    "id": "pub.1125637914",
    "research_org_cities": [
        {
            "id": 1791247,
            "name": "Wuhan"
        }
    ],
    "author_affiliations": [
        [
            {
                "first_name": "Huilan",
                "last_name": "Zhang",
                "initials": "",
                "corresponding": "",
                "orcid": "",
                "current_organization_id": "",
                "researcher_id": "",
                "affiliations": [
                    {
                        "name": "Center for Biomedical Research, NHC Key Laboratory of Respiratory Disease, Tongji Hospital, Tongji Medical College, Huazhong University of Science and Technology, Wuhan, China (H.Z., Y.W., H.Y., Y.W., S.Z., H.L., J.Z., C.W.)."
                    }
                ]
            },
            {
                "first_name": "Peng",
                "last_name": "Zhou",
                "initials": "",
                "corresponding": "",
                "orcid": "",
                "current_organization_id": "",
                "researcher_id": "",
                "affiliations": [
                    {
                        "id": "grid.439104.b",
                        "name": "Wuhan Institute Of Virology",
                        "city": "Wuhan",
                        "city_id": 1791247,
                        "country": "China",
                        "country_code": "CN",
                        "state": null,
                        "state_code": null
                    }
                ]
            },
            {
                "first_name": "Yanqiu",
                "last_name": "Wei",
                "initials": "",
                "corresponding": "",
                "orcid": "",
                "current_organization_id": "",
                "researcher_id": "",
                "affiliations": [
                    {
                        "name": "Center for Biomedical Research, NHC Key Laboratory of Respiratory Disease, Tongji Hospital, Tongji Medical College, Huazhong University of Science and Technology, Wuhan, China (H.Z., Y.W., H.Y., Y.W., S.Z., H.L., J.Z., C.W.)."
                    }
                ]
            },
            {
                "first_name": "Huihui",
                "last_name": "Yue",
                "initials": "",
                "corresponding": "",
                "orcid": "",
                "current_organization_id": "",
                "researcher_id": "",
                "affiliations": [
                    {
                        "name": "Center for Biomedical Research, NHC Key Laboratory of Respiratory Disease, Tongji Hospital, Tongji Medical College, Huazhong University of Science and Technology, Wuhan, China (H.Z., Y.W., H.Y., Y.W., S.Z., H.L., J.Z., C.W.)."
                    }
                ]
            },
            {
                "first_name": "Yi",
                "last_name": "Wang",
                "initials": "",
                "corresponding": "",
                "orcid": "",
                "current_organization_id": "",
                "researcher_id": "",
                "affiliations": [
                    {
                        "name": "Center for Biomedical Research, NHC Key Laboratory of Respiratory Disease, Tongji Hospital, Tongji Medical College, Huazhong University of Science and Technology, Wuhan, China (H.Z., Y.W., H.Y., Y.W., S.Z., H.L., J.Z., C.W.)."
                    }
                ]
            },
            {
                "first_name": "Ming",
                "last_name": "Hu",
                "initials": "",
                "corresponding": "",
                "orcid": "",
                "current_organization_id": "",
                "researcher_id": "",
                "affiliations": [
                    {
                        "name": "Wuhan Pulmonary Hospital, Wuhan, China (M.H., C.Y., M.L., G.G., X.C., P.P., R.D.)."
                    }
                ]
            },
            {
                "first_name": "Shu",
                "last_name": "Zhang",
                "initials": "",
                "corresponding": "",
                "orcid": "",
                "current_organization_id": "",
                "researcher_id": "",
                "affiliations": [
                    {
                        "name": "Center for Biomedical Research, NHC Key Laboratory of Respiratory Disease, Tongji Hospital, Tongji Medical College, Huazhong University of Science and Technology, Wuhan, China (H.Z., Y.W., H.Y., Y.W., S.Z., H.L., J.Z., C.W.)."
                    }
                ]
            },
            {
                "first_name": "Tanze",
                "last_name": "Cao",
                "initials": "",
                "corresponding": "",
                "orcid": "",
                "current_organization_id": "",
                "researcher_id": "",
                "affiliations": [
                    {
                        "name": "Pulmonary Hospital, Wuhan, China (T.C.)."
                    }
                ]
            },
            {
                "first_name": "Chengqing",
                "last_name": "Yang",
                "initials": "",
                "corresponding": "",
                "orcid": "",
                "current_organization_id": "",
                "researcher_id": "",
                "affiliations": [
                    {
                        "name": "Wuhan Pulmonary Hospital, Wuhan, China (M.H., C.Y., M.L., G.G., X.C., P.P., R.D.)."
                    }
                ]
            },
            {
                "first_name": "Ming",
                "last_name": "Li",
                "initials": "",
                "corresponding": "",
                "orcid": "",
                "current_organization_id": "",
                "researcher_id": "",
                "affiliations": [
                    {
                        "name": "Wuhan Pulmonary Hospital, Wuhan, China (M.H., C.Y., M.L., G.G., X.C., P.P., R.D.)."
                    }
                ]
            },
            {
                "first_name": "Guangyun",
                "last_name": "Guo",
                "initials": "",
                "corresponding": "",
                "orcid": "",
                "current_organization_id": "",
                "researcher_id": "",
                "affiliations": [
                    {
                        "name": "Wuhan Pulmonary Hospital, Wuhan, China (M.H., C.Y., M.L., G.G., X.C., P.P., R.D.)."
                    }
                ]
            },
            {
                "first_name": "Xianxiang",
                "last_name": "Chen",
                "initials": "",
                "corresponding": "",
                "orcid": "",
                "current_organization_id": "",
                "researcher_id": "",
                "affiliations": [
                    {
                        "name": "Wuhan Pulmonary Hospital, Wuhan, China (M.H., C.Y., M.L., G.G., X.C., P.P., R.D.)."
                    }
                ]
            },
            {
                "first_name": "Ying",
                "last_name": "Chen",
                "initials": "",
                "corresponding": "",
                "orcid": "",
                "current_organization_id": "",
                "researcher_id": "",
                "affiliations": [
                    {
                        "id": "grid.439104.b",
                        "name": "Wuhan Institute Of Virology",
                        "city": "Wuhan",
                        "city_id": 1791247,
                        "country": "China",
                        "country_code": "CN",
                        "state": null,
                        "state_code": null
                    }
                ]
            },
            {
                "first_name": "Mei",
                "last_name": "Lei",
                "initials": "",
                "corresponding": "",
                "orcid": "",
                "current_organization_id": "",
                "researcher_id": "",
                "affiliations": [
                    {
                        "name": "Institution of Tuberculosis for Prevention and Cure, Wuhan Pulmonary Hospital, Wuhan, China (M.L.)."
                    }
                ]
            },
            {
                "first_name": "Huiguo",
                "last_name": "Liu",
                "initials": "",
                "corresponding": "",
                "orcid": "",
                "current_organization_id": "",
                "researcher_id": "",
                "affiliations": [
                    {
                        "name": "Center for Biomedical Research, NHC Key Laboratory of Respiratory Disease, Tongji Hospital, Tongji Medical College, Huazhong University of Science and Technology, Wuhan, China (H.Z., Y.W., H.Y., Y.W., S.Z., H.L., J.Z., C.W.)."
                    }
                ]
            },
            {
                "first_name": "Jianping",
                "last_name": "Zhao",
                "initials": "",
                "corresponding": "",
                "orcid": "",
                "current_organization_id": "",
                "researcher_id": "",
                "affiliations": [
                    {
                        "name": "Center for Biomedical Research, NHC Key Laboratory of Respiratory Disease, Tongji Hospital, Tongji Medical College, Huazhong University of Science and Technology, Wuhan, China (H.Z., Y.W., H.Y., Y.W., S.Z., H.L., J.Z., C.W.)."
                    }
                ]
            },
            {
                "first_name": "Peng",
                "last_name": "Peng",
                "initials": "",
                "corresponding": "",
                "orcid": "",
                "current_organization_id": "",
                "researcher_id": "",
                "affiliations": [
                    {
                        "name": "Wuhan Pulmonary Hospital, Wuhan, China (M.H., C.Y., M.L., G.G., X.C., P.P., R.D.)."
                    }
                ]
            },
            {
                "first_name": "Cong-Yi",
                "last_name": "Wang",
                "initials": "",
                "corresponding": "",
                "orcid": "",
                "current_organization_id": "",
                "researcher_id": "",
                "affiliations": [
                    {
                        "name": "Center for Biomedical Research, NHC Key Laboratory of Respiratory Disease, Tongji Hospital, Tongji Medical College, Huazhong University of Science and Technology, Wuhan, China (H.Z., Y.W., H.Y., Y.W., S.Z., H.L., J.Z., C.W.)."
                    }
                ]
            },
            {
                "first_name": "Ronghui",
                "last_name": "Du",
                "initials": "",
                "corresponding": "",
                "orcid": "",
                "current_organization_id": "",
                "researcher_id": "",
                "affiliations": [
                    {
                        "name": "Wuhan Pulmonary Hospital, Wuhan, China (M.H., C.Y., M.L., G.G., X.C., P.P., R.D.)."
                    }
                ]
            }
        ]
    ],
    "doi": "10.7326/m20-0533",
    "times_cited": 0,
    "references": [
        "pub.1124326515",
        "pub.1124545162"
    ]
}