{
    "pmid": "32088344",
    "author_affiliations": [
        [
            {
                "first_name": "Lowell",
                "last_name": "Ling",
                "initials": "",
                "corresponding": "",
                "orcid": "['0000-0001-6639-7344']",
                "current_organization_id": "grid.10784.3a",
                "researcher_id": "ur.015702777151.00",
                "affiliations": [
                    {
                        "id": "grid.10784.3a",
                        "name": "Chinese University of Hong Kong",
                        "city": "Shatin",
                        "city_id": 1818920,
                        "country": "China",
                        "country_code": "CN",
                        "state": null,
                        "state_code": null
                    }
                ]
            },
            {
                "first_name": "Gavin M",
                "last_name": "Joynt",
                "initials": "",
                "corresponding": true,
                "orcid": "",
                "current_organization_id": "",
                "researcher_id": "",
                "affiliations": [
                    {
                        "id": "grid.10784.3a",
                        "name": "Chinese University of Hong Kong",
                        "city": "Shatin",
                        "city_id": 1818920,
                        "country": "China",
                        "country_code": "CN",
                        "state": null,
                        "state_code": null
                    }
                ]
            },
            {
                "first_name": "Jeff",
                "last_name": "Lipman",
                "initials": "",
                "corresponding": "",
                "orcid": "",
                "current_organization_id": "grid.416100.2",
                "researcher_id": "ur.01154534153.49",
                "affiliations": [
                    {
                        "id": "grid.416100.2",
                        "name": "Royal Brisbane and Women's Hospital",
                        "city": "Brisbane",
                        "city_id": 2174003,
                        "country": "Australia",
                        "country_code": "AU",
                        "state": "Queensland",
                        "state_code": "AU-QLD"
                    },
                    {
                        "id": "grid.1003.2",
                        "name": "University of Queensland",
                        "city": "Brisbane",
                        "city_id": 2174003,
                        "country": "Australia",
                        "country_code": "AU",
                        "state": "Queensland",
                        "state_code": "AU-QLD"
                    },
                    {
                        "id": "grid.411165.6",
                        "name": "Centre Hospitalier Universitaire De N\u00eemes",
                        "city": "N\u00eemes",
                        "city_id": 2990363,
                        "country": "France",
                        "country_code": "FR",
                        "state": null,
                        "state_code": null
                    }
                ]
            },
            {
                "first_name": "Jean-Michel",
                "last_name": "Constantin",
                "initials": "",
                "corresponding": "",
                "orcid": "['0000-0001-7634-5898']",
                "current_organization_id": "grid.411163.0",
                "researcher_id": "ur.0721106637.40",
                "affiliations": [
                    {
                        "id": "grid.411439.a",
                        "name": "Piti\u00e9-Salp\u00eatri\u00e8re Hospital",
                        "city": "Paris",
                        "city_id": 2988507,
                        "country": "France",
                        "country_code": "FR",
                        "state": null,
                        "state_code": null
                    },
                    {
                        "id": "grid.462844.8",
                        "name": "Sorbonne University",
                        "city": "Paris",
                        "city_id": 2988507,
                        "country": "France",
                        "country_code": "FR",
                        "state": null,
                        "state_code": null
                    }
                ]
            },
            {
                "first_name": "Olivier",
                "last_name": "Joannes-Boyau",
                "initials": "",
                "corresponding": "",
                "orcid": "",
                "current_organization_id": "grid.42399.35",
                "researcher_id": "ur.0703242624.32",
                "affiliations": [
                    {
                        "id": "grid.42399.35",
                        "name": "Centre Hospitalier Universitaire de Bordeaux",
                        "city": "Bordeaux",
                        "city_id": 3031582,
                        "country": "France",
                        "country_code": "FR",
                        "state": null,
                        "state_code": null
                    }
                ]
            }
        ]
    ],
    "research_org_countries": [
        {
            "id": "AU",
            "name": "Australia"
        },
        {
            "id": "FR",
            "name": "France"
        },
        {
            "id": "CN",
            "name": "China"
        }
    ],
    "title": "COVID-19: a critical care perspective informed by lessons learnt from other viral epidemics",
    "research_org_cities": [
        {
            "id": 1818920,
            "name": "Sha Tin"
        },
        {
            "id": 2174003,
            "name": "Brisbane"
        },
        {
            "id": 2988507,
            "name": "Paris"
        },
        {
            "id": 2990363,
            "name": "N\u00eemes"
        },
        {
            "id": 3031582,
            "name": "Bordeaux"
        }
    ],
    "research_org_state_names": [
        "Queensland"
    ],
    "open_access": [
        "Open Access - all",
        "Open Access - publisher",
        "Open Access - published"
    ],
    "doi": "10.1016/j.accpm.2020.02.002",
    "times_cited": 0,
    "journal": {
        "id": "jour.1358075",
        "title": "Anaesthesia Critical Care & Pain Medicine"
    },
    "research_orgs": [
        {
            "id": "grid.416100.2",
            "name": "Royal Brisbane and Women's Hospital",
            "linkout": [
                "http://www.health.qld.gov.au/rbwh/"
            ],
            "country_name": "Australia",
            "types": [
                "Healthcare"
            ],
            "latitude": -27.4469,
            "acronym": "RBWH",
            "state_name": "Queensland",
            "city_name": "Brisbane",
            "longitude": 153.0283
        },
        {
            "id": "grid.1003.2",
            "name": "University of Queensland",
            "linkout": [
                "http://www.uq.edu.au/"
            ],
            "country_name": "Australia",
            "types": [
                "Education"
            ],
            "latitude": -27.495964,
            "acronym": "UQ",
            "state_name": "Queensland",
            "city_name": "Brisbane",
            "longitude": 153.00963
        },
        {
            "id": "grid.42399.35",
            "name": "Centre Hospitalier Universitaire de Bordeaux",
            "linkout": [
                "http://www.chu-bordeaux.fr/"
            ],
            "country_name": "France",
            "types": [
                "Healthcare"
            ],
            "latitude": 44.881245,
            "acronym": "CHU",
            "city_name": "Bordeaux",
            "longitude": -0.551122
        },
        {
            "id": "grid.10784.3a",
            "name": "Chinese University of Hong Kong",
            "linkout": [
                "http://www.cuhk.edu.hk/english/index.html"
            ],
            "country_name": "China",
            "types": [
                "Education"
            ],
            "latitude": 22.419722,
            "acronym": "CUHK",
            "state_name": "Hong Kong",
            "city_name": "Shatin",
            "longitude": 114.206795
        },
        {
            "id": "grid.411439.a",
            "name": "Piti\u00e9-Salp\u00eatri\u00e8re Hospital",
            "linkout": [
                "http://pitiesalpetriere.aphp.fr/"
            ],
            "country_name": "France",
            "types": [
                "Healthcare"
            ],
            "latitude": 48.837,
            "city_name": "Paris",
            "longitude": 2.365
        },
        {
            "id": "grid.411165.6",
            "name": "Centre Hospitalier Universitaire De N\u00eemes",
            "linkout": [
                "http://www.chu-nimes.fr/"
            ],
            "country_name": "France",
            "types": [
                "Healthcare"
            ],
            "latitude": 43.853447,
            "city_name": "N\u00eemes",
            "longitude": 4.379149
        },
        {
            "id": "grid.462844.8",
            "name": "Sorbonne University",
            "linkout": [
                "http://www.sorbonne-universites.fr/"
            ],
            "country_name": "France",
            "types": [
                "Education"
            ],
            "latitude": 48.84848,
            "city_name": "Paris",
            "longitude": 2.343234
        }
    ],
    "year": 2020,
    "references": [
        "pub.1124654147",
        "pub.1046576474",
        "pub.1052076184",
        "pub.1034043604",
        "pub.1124368690"
    ],
    "id": "pub.1125019559",
    "research_org_country_names": [
        "Australia",
        "China",
        "France"
    ],
    "date": "2020-02-01",
    "research_org_state_codes": [
        {
            "id": "AU-QLD",
            "name": "Queensland"
        }
    ],
    "researchers": [
        {
            "id": "ur.015702777151.00",
            "research_orgs": [
                "grid.10784.3a",
                "grid.120073.7",
                "grid.5335.0",
                "grid.415197.f"
            ],
            "last_name": "Ling",
            "first_name": "Lowell",
            "orcid_id": [
                "0000-0001-6639-7344"
            ]
        },
        {
            "id": "ur.01154534153.49",
            "research_orgs": [
                "grid.411165.6",
                "grid.416100.2",
                "grid.1003.2",
                "grid.415197.f"
            ],
            "last_name": "Lipman",
            "first_name": "Jeff"
        },
        {
            "id": "ur.0721106637.40",
            "research_orgs": [
                "grid.411165.6",
                "grid.411439.a",
                "grid.413745.0",
                "grid.7429.8",
                "grid.494717.8",
                "grid.414352.5",
                "grid.411175.7",
                "grid.463855.9",
                "grid.462844.8",
                "grid.411394.a",
                "grid.411717.5",
                "grid.411163.0"
            ],
            "last_name": "Constantin",
            "first_name": "Jean-Michel",
            "orcid_id": [
                "0000-0001-7634-5898"
            ]
        },
        {
            "id": "ur.0703242624.32",
            "research_orgs": [
                "grid.42399.35",
                "grid.470040.7",
                "grid.469409.6",
                "grid.412041.2"
            ],
            "last_name": "Joannes-Boyau",
            "first_name": "Olivier"
        }
    ],
    "type": "article"
}