{
    "date": "2020-03-08",
    "title": "A mathematical model for estimating the age-specific transmissibility of a novel coronavirus",
    "researchers": [
        {
            "id": "ur.07707766204.69",
            "last_name": "Zhao",
            "first_name": "Zeyu",
            "research_orgs": [
                "grid.12955.3a"
            ]
        },
        {
            "id": "ur.010000200553.94",
            "last_name": "Hu",
            "first_name": "Qing-Qing",
            "research_orgs": [
                "grid.223827.e"
            ]
        },
        {
            "id": "ur.014445567757.43",
            "last_name": "Rui",
            "first_name": "Jia",
            "research_orgs": [
                "grid.12955.3a"
            ]
        },
        {
            "id": "ur.011526001157.68",
            "last_name": "Liu",
            "first_name": "Xingchun",
            "research_orgs": [
                "grid.12955.3a"
            ]
        },
        {
            "id": "ur.013762756423.03",
            "last_name": "Li",
            "first_name": "Jia",
            "research_orgs": [
                "grid.12955.3a"
            ]
        },
        {
            "id": "ur.01100341744.90",
            "last_name": "Chiang",
            "first_name": "Yi-Chen",
            "research_orgs": [
                "grid.12955.3a",
                "grid.411645.3",
                "grid.411641.7"
            ]
        },
        {
            "id": "ur.01261535073.01",
            "last_name": "Su",
            "first_name": "Yan-Hua",
            "research_orgs": [
                "grid.12955.3a"
            ]
        },
        {
            "id": "ur.01120276114.38",
            "last_name": "Zhao",
            "first_name": "Ben-Hua",
            "research_orgs": [
                "grid.12955.3a"
            ]
        },
        {
            "id": "ur.010765671160.19",
            "last_name": "Chen",
            "first_name": "Tianmu",
            "orcid_id": [
                "0000-0003-0710-5086"
            ],
            "research_orgs": [
                "grid.12955.3a"
            ]
        }
    ],
    "research_org_state_codes": [
        {
            "id": "US-UT",
            "name": "Utah"
        }
    ],
    "altmetric": 9.0,
    "pages": "2020.03.05.20031849",
    "research_org_cities": [
        {
            "id": 5780993,
            "name": "Salt Lake City"
        },
        {
            "id": 1790645,
            "name": "Xiamen"
        }
    ],
    "open_access": [
        "Open Access - all",
        "Open Access - publisher",
        "Open Access - published"
    ],
    "research_org_countries": [
        {
            "id": "US",
            "name": "United States"
        },
        {
            "id": "CN",
            "name": "China"
        }
    ],
    "doi": "10.1101/2020.03.05.20031849",
    "FOR": [
        {
            "id": "3053",
            "name": "1103 Clinical Sciences"
        }
    ],
    "research_orgs": [
        {
            "id": "grid.12955.3a",
            "acronym": "XMU",
            "state_name": "Fujian",
            "types": [
                "Education"
            ],
            "longitude": 118.1003,
            "linkout": [
                "http://std.xmu.edu.cn/std_en/"
            ],
            "latitude": 24.437328,
            "name": "Xiamen University",
            "city_name": "Amoy",
            "country_name": "China"
        },
        {
            "id": "grid.223827.e",
            "acronym": "UU",
            "state_name": "Utah",
            "types": [
                "Education"
            ],
            "longitude": -111.84215,
            "linkout": [
                "http://www.utah.edu/"
            ],
            "latitude": 40.76496,
            "name": "University of Utah",
            "city_name": "Salt Lake City",
            "country_name": "United States"
        }
    ],
    "times_cited": 0,
    "research_org_country_names": [
        "United States",
        "China"
    ],
    "id": "pub.1125488580",
    "journal": {
        "id": "jour.1369542",
        "title": "medRxiv"
    },
    "year": 2020,
    "references": [
        "pub.1125043810",
        "pub.1117973174",
        "pub.1009512905",
        "pub.1123721380",
        "pub.1120338283",
        "pub.1085596602",
        "pub.1021230927"
    ],
    "research_org_state_names": [
        "Utah"
    ],
    "author_affiliations": [
        [
            {
                "first_name": "Zeyu",
                "last_name": "Zhao",
                "initials": "",
                "corresponding": "",
                "orcid": "",
                "current_organization_id": "grid.12955.3a",
                "researcher_id": "ur.07707766204.69",
                "affiliations": [
                    {
                        "id": "grid.12955.3a",
                        "name": "Xiamen University",
                        "city": "Amoy",
                        "city_id": 1790645,
                        "country": "China",
                        "country_code": "CN",
                        "state": null,
                        "state_code": null
                    }
                ]
            },
            {
                "first_name": "Yuan-Zhao",
                "last_name": "Zhu",
                "initials": "",
                "corresponding": "",
                "orcid": "",
                "current_organization_id": "",
                "researcher_id": "",
                "affiliations": [
                    {
                        "id": "grid.12955.3a",
                        "name": "Xiamen University",
                        "city": "Amoy",
                        "city_id": 1790645,
                        "country": "China",
                        "country_code": "CN",
                        "state": null,
                        "state_code": null
                    }
                ]
            },
            {
                "first_name": "Jing-Wen",
                "last_name": "Xu",
                "initials": "",
                "corresponding": "",
                "orcid": "",
                "current_organization_id": "",
                "researcher_id": "",
                "affiliations": [
                    {
                        "id": "grid.12955.3a",
                        "name": "Xiamen University",
                        "city": "Amoy",
                        "city_id": 1790645,
                        "country": "China",
                        "country_code": "CN",
                        "state": null,
                        "state_code": null
                    }
                ]
            },
            {
                "first_name": "Qing-Qing",
                "last_name": "Hu",
                "initials": "",
                "corresponding": "",
                "orcid": "",
                "current_organization_id": "grid.223827.e",
                "researcher_id": "ur.010000200553.94",
                "affiliations": [
                    {
                        "id": "grid.223827.e",
                        "name": "University of Utah",
                        "city": "Salt Lake City",
                        "city_id": 5780993,
                        "country": "United States",
                        "country_code": "US",
                        "state": "Utah",
                        "state_code": "US-UT"
                    }
                ]
            },
            {
                "first_name": "Zhao",
                "last_name": "Lei",
                "initials": "",
                "corresponding": "",
                "orcid": "",
                "current_organization_id": "",
                "researcher_id": "",
                "affiliations": [
                    {
                        "id": "grid.12955.3a",
                        "name": "Xiamen University",
                        "city": "Amoy",
                        "city_id": 1790645,
                        "country": "China",
                        "country_code": "CN",
                        "state": null,
                        "state_code": null
                    }
                ]
            },
            {
                "first_name": "Jia",
                "last_name": "Rui",
                "initials": "",
                "corresponding": "",
                "orcid": "",
                "current_organization_id": "grid.12955.3a",
                "researcher_id": "ur.014445567757.43",
                "affiliations": [
                    {
                        "id": "grid.12955.3a",
                        "name": "Xiamen University",
                        "city": "Amoy",
                        "city_id": 1790645,
                        "country": "China",
                        "country_code": "CN",
                        "state": null,
                        "state_code": null
                    }
                ]
            },
            {
                "first_name": "Xingchun",
                "last_name": "Liu",
                "initials": "",
                "corresponding": "",
                "orcid": "",
                "current_organization_id": "grid.12955.3a",
                "researcher_id": "ur.011526001157.68",
                "affiliations": [
                    {
                        "id": "grid.12955.3a",
                        "name": "Xiamen University",
                        "city": "Amoy",
                        "city_id": 1790645,
                        "country": "China",
                        "country_code": "CN",
                        "state": null,
                        "state_code": null
                    }
                ]
            },
            {
                "first_name": "Yao",
                "last_name": "Wang",
                "initials": "",
                "corresponding": "",
                "orcid": "",
                "current_organization_id": "",
                "researcher_id": "",
                "affiliations": [
                    {
                        "id": "grid.12955.3a",
                        "name": "Xiamen University",
                        "city": "Amoy",
                        "city_id": 1790645,
                        "country": "China",
                        "country_code": "CN",
                        "state": null,
                        "state_code": null
                    }
                ]
            },
            {
                "first_name": "Li",
                "last_name": "Luo",
                "initials": "",
                "corresponding": "",
                "orcid": "",
                "current_organization_id": "",
                "researcher_id": "",
                "affiliations": [
                    {
                        "id": "grid.12955.3a",
                        "name": "Xiamen University",
                        "city": "Amoy",
                        "city_id": 1790645,
                        "country": "China",
                        "country_code": "CN",
                        "state": null,
                        "state_code": null
                    }
                ]
            },
            {
                "first_name": "Shan-Shan",
                "last_name": "Yu",
                "initials": "",
                "corresponding": "",
                "orcid": "",
                "current_organization_id": "",
                "researcher_id": "",
                "affiliations": [
                    {
                        "id": "grid.12955.3a",
                        "name": "Xiamen University",
                        "city": "Amoy",
                        "city_id": 1790645,
                        "country": "China",
                        "country_code": "CN",
                        "state": null,
                        "state_code": null
                    }
                ]
            },
            {
                "first_name": "Jia",
                "last_name": "Li",
                "initials": "",
                "corresponding": "",
                "orcid": "",
                "current_organization_id": "grid.12955.3a",
                "researcher_id": "ur.013762756423.03",
                "affiliations": [
                    {
                        "id": "grid.12955.3a",
                        "name": "Xiamen University",
                        "city": "Amoy",
                        "city_id": 1790645,
                        "country": "China",
                        "country_code": "CN",
                        "state": null,
                        "state_code": null
                    }
                ]
            },
            {
                "first_name": "Ruo-Yun",
                "last_name": "Liu",
                "initials": "",
                "corresponding": "",
                "orcid": "",
                "current_organization_id": "",
                "researcher_id": "",
                "affiliations": [
                    {
                        "id": "grid.12955.3a",
                        "name": "Xiamen University",
                        "city": "Amoy",
                        "city_id": 1790645,
                        "country": "China",
                        "country_code": "CN",
                        "state": null,
                        "state_code": null
                    }
                ]
            },
            {
                "first_name": "Fang",
                "last_name": "Xie",
                "initials": "",
                "corresponding": "",
                "orcid": "",
                "current_organization_id": "",
                "researcher_id": "",
                "affiliations": [
                    {
                        "id": "grid.12955.3a",
                        "name": "Xiamen University",
                        "city": "Amoy",
                        "city_id": 1790645,
                        "country": "China",
                        "country_code": "CN",
                        "state": null,
                        "state_code": null
                    }
                ]
            },
            {
                "first_name": "Ying-Ying",
                "last_name": "Su",
                "initials": "",
                "corresponding": "",
                "orcid": "",
                "current_organization_id": "",
                "researcher_id": "",
                "affiliations": [
                    {
                        "id": "grid.12955.3a",
                        "name": "Xiamen University",
                        "city": "Amoy",
                        "city_id": 1790645,
                        "country": "China",
                        "country_code": "CN",
                        "state": null,
                        "state_code": null
                    }
                ]
            },
            {
                "first_name": "Yi-Chen",
                "last_name": "Chiang",
                "initials": "",
                "corresponding": "",
                "orcid": "",
                "current_organization_id": "grid.12955.3a",
                "researcher_id": "ur.01100341744.90",
                "affiliations": [
                    {
                        "id": "grid.12955.3a",
                        "name": "Xiamen University",
                        "city": "Amoy",
                        "city_id": 1790645,
                        "country": "China",
                        "country_code": "CN",
                        "state": null,
                        "state_code": null
                    }
                ]
            },
            {
                "first_name": "Yanhua",
                "last_name": "Su",
                "initials": "",
                "corresponding": "",
                "orcid": "",
                "current_organization_id": "grid.12955.3a",
                "researcher_id": "ur.01261535073.01",
                "affiliations": [
                    {
                        "id": "grid.12955.3a",
                        "name": "Xiamen University",
                        "city": "Amoy",
                        "city_id": 1790645,
                        "country": "China",
                        "country_code": "CN",
                        "state": null,
                        "state_code": null
                    }
                ]
            },
            {
                "first_name": "Benhua",
                "last_name": "Zhao",
                "initials": "",
                "corresponding": "",
                "orcid": "",
                "current_organization_id": "grid.12955.3a",
                "researcher_id": "ur.01120276114.38",
                "affiliations": [
                    {
                        "id": "grid.12955.3a",
                        "name": "Xiamen University",
                        "city": "Amoy",
                        "city_id": 1790645,
                        "country": "China",
                        "country_code": "CN",
                        "state": null,
                        "state_code": null
                    }
                ]
            },
            {
                "first_name": "Tianmu",
                "last_name": "Chen",
                "initials": "",
                "corresponding": "",
                "orcid": "['0000-0003-0710-5086']",
                "current_organization_id": "grid.12955.3a",
                "researcher_id": "ur.010765671160.19",
                "affiliations": [
                    {
                        "id": "grid.12955.3a",
                        "name": "Xiamen University",
                        "city": "Amoy",
                        "city_id": 1790645,
                        "country": "China",
                        "country_code": "CN",
                        "state": null,
                        "state_code": null
                    }
                ]
            }
        ]
    ],
    "type": "article"
}