{
    "pmid": "32164053",
    "author_affiliations": [
        [
            {
                "first_name": "Sunhwa Choi",
                "last_name": "Choi",
                "initials": "",
                "corresponding": "",
                "orcid": "",
                "current_organization_id": "",
                "researcher_id": "",
                "affiliations": [
                    {
                        "id": "grid.410914.9",
                        "name": "National Cancer Center",
                        "city": "Goyang-si",
                        "city_id": 1842485,
                        "country": "South Korea",
                        "country_code": "KR",
                        "state": null,
                        "state_code": null
                    }
                ]
            },
            {
                "first_name": "Moran",
                "last_name": "Ki",
                "initials": "",
                "corresponding": "",
                "orcid": "",
                "current_organization_id": "",
                "researcher_id": "",
                "affiliations": [
                    {
                        "id": "grid.410914.9",
                        "name": "National Cancer Center",
                        "city": "Goyang-si",
                        "city_id": 1842485,
                        "country": "South Korea",
                        "country_code": "KR",
                        "state": null,
                        "state_code": null
                    }
                ]
            }
        ]
    ],
    "altmetric": 1.0,
    "FOR": [
        {
            "id": "3177",
            "name": "1117 Public Health and Health Services"
        }
    ],
    "research_org_countries": [
        {
            "id": "KR",
            "name": "South Korea"
        }
    ],
    "title": "Estimating the reproductive number and the outbreak size of Novel Coronavirus disease (COVID-19) using mathematical model in Republic of Korea",
    "research_org_cities": [
        {
            "id": 1842485,
            "name": "Goyang-si"
        }
    ],
    "pages": "e2020011",
    "doi": "10.4178/epih.e2020011",
    "times_cited": 0,
    "journal": {
        "id": "jour.1042519",
        "title": "Epidemiology and Health"
    },
    "year": 2020,
    "research_orgs": [
        {
            "id": "grid.410914.9",
            "name": "National Cancer Center",
            "linkout": [
                "http://ncc.re.kr/english/index.jsp"
            ],
            "country_name": "South Korea",
            "types": [
                "Healthcare"
            ],
            "latitude": 37.65826,
            "acronym": "NCC",
            "city_name": "Goyang-si",
            "longitude": 126.78685
        }
    ],
    "id": "pub.1125563777",
    "research_org_country_names": [
        "South Korea"
    ],
    "date": "2020-03-12",
    "type": "article"
}