{
    "title": "Major testing issues in US",
    "type": "article",
    "year": 2020,
    "journal": {
        "id": "jour.1054339",
        "title": "The New Scientist"
    },
    "date": "2020-03-01",
    "pages": "8",
    "id": "pub.1125621455",
    "volume": "245",
    "issue": "3273",
    "author_affiliations": [
        [
            {
                "first_name": "Colin",
                "last_name": "Barras",
                "initials": "",
                "corresponding": "",
                "orcid": "",
                "current_organization_id": "",
                "researcher_id": "",
                "affiliations": []
            }
        ]
    ],
    "doi": "10.1016/s0262-4079(20)30521-2",
    "times_cited": 0
}