{
    "research_orgs": [
        {
            "id": "grid.412256.6",
            "linkout": [
                "http://www.utp.edu.co/"
            ],
            "city_name": "Pereira",
            "longitude": -75.69156,
            "latitude": 4.794316,
            "name": "Technological University of Pereira",
            "types": [
                "Education"
            ],
            "country_name": "Colombia"
        },
        {
            "id": "grid.419226.a",
            "linkout": [
                "http://www.ins.gov.co/Paginas/inicio.aspx"
            ],
            "city_name": "Bogot\u00e1",
            "longitude": -74.09522,
            "acronym": "INS",
            "latitude": 4.641676,
            "name": "Instituto Nacional de Salud",
            "types": [
                "Government"
            ],
            "country_name": "Colombia"
        },
        {
            "id": "grid.441871.f",
            "linkout": [
                "https://www.uniatlantico.edu.co/uatlantico/"
            ],
            "city_name": "Barranquilla",
            "longitude": -74.871666,
            "acronym": "UA",
            "latitude": 11.019996,
            "name": "University of Atl\u00e1ntico",
            "types": [
                "Education"
            ],
            "country_name": "Colombia"
        },
        {
            "id": "grid.441853.f",
            "linkout": [
                "http://www.uam.edu.co"
            ],
            "city_name": "Medell\u00edn",
            "longitude": -75.56599,
            "latitude": 6.2535,
            "name": "Fundaci\u00f3n Universitaria Aut\u00f3noma De Las Am\u00e9ricas",
            "types": [
                "Education"
            ],
            "country_name": "Colombia"
        },
        {
            "id": "grid.412188.6",
            "linkout": [
                "http://www.uninorte.edu.co/"
            ],
            "city_name": "Barranquilla",
            "longitude": -74.85111,
            "latitude": 11.018056,
            "name": "Universidad del Norte",
            "types": [
                "Education"
            ],
            "country_name": "Colombia"
        }
    ],
    "research_org_country_names": [
        "Colombia"
    ],
    "pmid": "32035270",
    "title": "Fatal human coronavirus 229E (HCoV 229E) and RSV\u2013Related pneumonia in an AIDS patient from Colombia",
    "type": "article",
    "year": 2020,
    "journal": {
        "id": "jour.1034401",
        "title": "Travel Medicine and Infectious Disease"
    },
    "researchers": [
        {
            "id": "ur.01337513551.81",
            "research_orgs": [
                "grid.412256.6",
                "grid.241116.1",
                "grid.419226.a",
                "grid.441871.f",
                "grid.412885.2",
                "grid.489538.b"
            ],
            "first_name": "Wilmer E",
            "last_name": "Villamil-G\u00f3mez"
        },
        {
            "id": "ur.01144172211.07",
            "research_orgs": [
                "grid.441871.f",
                "grid.412885.2"
            ],
            "first_name": "Luz Alba",
            "last_name": "Silvera"
        },
        {
            "id": "ur.01204711510.82",
            "research_orgs": [
                "grid.489538.b",
                "grid.453512.4",
                "grid.441853.f",
                "grid.411595.d",
                "grid.412256.6",
                "grid.441871.f",
                "grid.412885.2",
                "grid.10689.36",
                "grid.442076.3",
                "grid.412882.5",
                "grid.441858.4",
                "grid.419226.a",
                "grid.430666.1",
                "grid.267525.1",
                "grid.8171.f"
            ],
            "first_name": "Alfonso J",
            "last_name": "Rodriguez-Morales",
            "orcid_id": [
                "0000-0001-9773-2192"
            ]
        }
    ],
    "research_org_countries": [
        {
            "id": "CO",
            "name": "Colombia"
        }
    ],
    "date": "2020-02-01",
    "altmetric": 2.0,
    "pages": "101573",
    "id": "pub.1124624002",
    "research_org_cities": [
        {
            "id": 3672486,
            "name": "Pereira"
        },
        {
            "id": 3667983,
            "name": "Sincelejo"
        },
        {
            "id": 3688689,
            "name": "Bogot\u00e1"
        },
        {
            "id": 3674962,
            "name": "Medell\u00edn"
        },
        {
            "id": 3689147,
            "name": "Barranquilla"
        }
    ],
    "author_affiliations": [
        [
            {
                "first_name": "Wilmer E.",
                "last_name": "Villamil-G\u00f3mez",
                "initials": "",
                "corresponding": "",
                "orcid": "",
                "current_organization_id": "grid.441871.f",
                "researcher_id": "ur.01337513551.81",
                "affiliations": [
                    {
                        "name": "Research Group Infectious Diseases and Infection Control, Hospital Universitario de Sincelejo, Sincelejo, Colombia"
                    },
                    {
                        "id": "grid.441871.f",
                        "name": "University of Atl\u00e1ntico",
                        "city": "Barranquilla",
                        "city_id": 3689147,
                        "country": "Colombia",
                        "country_code": "CO",
                        "state": null,
                        "state_code": null
                    }
                ]
            },
            {
                "first_name": "\u00c1lvaro",
                "last_name": "S\u00e1nchez",
                "initials": "",
                "corresponding": "",
                "orcid": "",
                "current_organization_id": "",
                "researcher_id": "",
                "affiliations": [
                    {
                        "name": "Intensive Care Unit, Cl\u00ednica Santa Mar\u00eda, Sincelejo, Sucre, Colombia"
                    }
                ]
            },
            {
                "first_name": "Libardo",
                "last_name": "Gelis",
                "initials": "",
                "corresponding": "",
                "orcid": "",
                "current_organization_id": "",
                "researcher_id": "",
                "affiliations": [
                    {
                        "name": "Intensive Care Unit, Cl\u00ednica Santa Mar\u00eda, Sincelejo, Sucre, Colombia"
                    }
                ]
            },
            {
                "first_name": "Luz Alba",
                "last_name": "Silvera",
                "initials": "",
                "corresponding": "",
                "orcid": "",
                "current_organization_id": "grid.441871.f",
                "researcher_id": "ur.01144172211.07",
                "affiliations": [
                    {
                        "id": "grid.441871.f",
                        "name": "University of Atl\u00e1ntico",
                        "city": "Barranquilla",
                        "city_id": 3689147,
                        "country": "Colombia",
                        "country_code": "CO",
                        "state": null,
                        "state_code": null
                    }
                ]
            },
            {
                "first_name": "Juliana",
                "last_name": "Barbosa",
                "initials": "",
                "corresponding": "",
                "orcid": "",
                "current_organization_id": "",
                "researcher_id": "",
                "affiliations": [
                    {
                        "id": "grid.419226.a",
                        "name": "Instituto Nacional de Salud",
                        "city": "Bogot\u00e1",
                        "city_id": 3688689,
                        "country": "Colombia",
                        "country_code": "CO",
                        "state": null,
                        "state_code": null
                    }
                ]
            },
            {
                "first_name": "Octavio",
                "last_name": "Otero-Nader",
                "initials": "",
                "corresponding": "",
                "orcid": "",
                "current_organization_id": "",
                "researcher_id": "",
                "affiliations": [
                    {
                        "name": "Pediatrics, Cl\u00ednica Santa Mar\u00eda, Sincelejo, Sucre, Colombia"
                    }
                ]
            },
            {
                "first_name": "Carlos David",
                "last_name": "Bonilla-Salgado",
                "initials": "",
                "corresponding": "",
                "orcid": "",
                "current_organization_id": "",
                "researcher_id": "",
                "affiliations": [
                    {
                        "name": "Research Group Infectious Diseases and Infection Control, Hospital Universitario de Sincelejo, Sincelejo, Colombia"
                    },
                    {
                        "id": "grid.412188.6",
                        "name": "Universidad del Norte",
                        "city": "Barranquilla",
                        "city_id": 3689147,
                        "country": "Colombia",
                        "country_code": "CO",
                        "state": null,
                        "state_code": null
                    }
                ]
            },
            {
                "first_name": "Alfonso J.",
                "last_name": "Rodr\u00edguez-Morales",
                "initials": "",
                "corresponding": true,
                "orcid": "['0000-0001-9773-2192']",
                "current_organization_id": "grid.412256.6",
                "researcher_id": "ur.01204711510.82",
                "affiliations": [
                    {
                        "id": "grid.412256.6",
                        "name": "Technological University of Pereira",
                        "city": "Pereira",
                        "city_id": 3672486,
                        "country": "Colombia",
                        "country_code": "CO",
                        "state": null,
                        "state_code": null
                    },
                    {
                        "id": "grid.441853.f",
                        "name": "Fundaci\u00f3n Universitaria Aut\u00f3noma De Las Am\u00e9ricas",
                        "city": "Medell\u00edn",
                        "city_id": 3674962,
                        "country": "Colombia",
                        "country_code": "CO",
                        "state": null,
                        "state_code": null
                    }
                ]
            }
        ]
    ],
    "doi": "10.1016/j.tmaid.2020.101573",
    "times_cited": 0,
    "references": [
        "pub.1058670688",
        "pub.1110510319",
        "pub.1017725527",
        "pub.1026672712",
        "pub.1013804471",
        "pub.1092187226",
        "pub.1043875870",
        "pub.1124407651"
    ]
}