{
    "research_orgs": [
        {
            "id": "grid.256922.8",
            "linkout": [
                "http://www.henu.edu.cn/en/front/index.php"
            ],
            "city_name": "Kaifeng",
            "longitude": 114.36369,
            "latitude": 34.81272,
            "name": "Henan University",
            "types": [
                "Education"
            ],
            "country_name": "China"
        },
        {
            "id": "grid.43555.32",
            "linkout": [
                "http://english.bit.edu.cn/"
            ],
            "city_name": "Beijing",
            "longitude": 116.308334,
            "acronym": "BIT",
            "state_name": "Beijing",
            "latitude": 39.95778,
            "name": "Beijing Institute of Technology",
            "types": [
                "Education"
            ],
            "country_name": "China"
        }
    ],
    "research_org_country_names": [
        "China"
    ],
    "pmid": "31210561",
    "title": "Development and evaluation of candidate subunit vaccine and novel antitoxin against botulinum neurotoxin serotype E",
    "type": "article",
    "year": 2020,
    "journal": {
        "id": "jour.1036465",
        "title": "Human Vaccines & Immunotherapeutics"
    },
    "researchers": [
        {
            "id": "ur.01231075614.83",
            "research_orgs": [
                "grid.43555.32"
            ],
            "first_name": "Dan-Yang",
            "last_name": "Shi"
        },
        {
            "id": "ur.014273400723.63",
            "research_orgs": [
                "grid.43555.32"
            ],
            "first_name": "Yun-Yun",
            "last_name": "Mao"
        },
        {
            "id": "ur.012367077317.28",
            "research_orgs": [
                "grid.43555.32"
            ],
            "first_name": "Jian-Sheng",
            "last_name": "Lu"
        },
        {
            "id": "ur.01172274564.23",
            "research_orgs": [
                "grid.410740.6",
                "grid.43555.32"
            ],
            "first_name": "Yun-Zhou",
            "last_name": "Yu"
        },
        {
            "id": "ur.013762040317.25",
            "research_orgs": [
                "grid.43555.32"
            ],
            "first_name": "Zhi-Xin",
            "last_name": "Yang"
        },
        {
            "id": "ur.01013574064.63",
            "research_orgs": [
                "grid.43555.32"
            ],
            "first_name": "Zhi-Wei",
            "last_name": "Sun"
        },
        {
            "id": "ur.01140667112.03",
            "research_orgs": [
                "grid.256922.8",
                "grid.64924.3d"
            ],
            "first_name": "Xiao-Bin",
            "last_name": "Pang",
            "orcid_id": [
                "0000-0001-7411-7031"
            ]
        }
    ],
    "FOR": [
        {
            "id": "3103",
            "name": "1107 Immunology"
        }
    ],
    "research_org_countries": [
        {
            "id": "CN",
            "name": "China"
        }
    ],
    "date": "2020-01-02",
    "pages": "100-108",
    "id": "pub.1117289692",
    "volume": "16",
    "issue": "1",
    "research_org_cities": [
        {
            "id": 1816670,
            "name": "Beijing"
        },
        {
            "id": 1804879,
            "name": "Kaifeng"
        }
    ],
    "open_access": [
        "Open Access - all",
        "Open Access - publisher",
        "Open Access - published"
    ],
    "author_affiliations": [
        [
            {
                "first_name": "Dan-Yang",
                "last_name": "Shi",
                "initials": "",
                "corresponding": "",
                "orcid": "",
                "current_organization_id": "grid.43555.32",
                "researcher_id": "ur.01231075614.83",
                "affiliations": [
                    {
                        "id": "grid.43555.32",
                        "name": "Beijing Institute of Technology",
                        "city": "Beijing",
                        "city_id": 1816670,
                        "country": "China",
                        "country_code": "CN",
                        "state": null,
                        "state_code": null
                    }
                ]
            },
            {
                "first_name": "Fu-Jia",
                "last_name": "Liu",
                "initials": "",
                "corresponding": "",
                "orcid": "",
                "current_organization_id": "",
                "researcher_id": "",
                "affiliations": [
                    {
                        "id": "grid.43555.32",
                        "name": "Beijing Institute of Technology",
                        "city": "Beijing",
                        "city_id": 1816670,
                        "country": "China",
                        "country_code": "CN",
                        "state": null,
                        "state_code": null
                    }
                ]
            },
            {
                "first_name": "Yun-Yun",
                "last_name": "Mao",
                "initials": "",
                "corresponding": "",
                "orcid": "",
                "current_organization_id": "grid.43555.32",
                "researcher_id": "ur.014273400723.63",
                "affiliations": [
                    {
                        "id": "grid.43555.32",
                        "name": "Beijing Institute of Technology",
                        "city": "Beijing",
                        "city_id": 1816670,
                        "country": "China",
                        "country_code": "CN",
                        "state": null,
                        "state_code": null
                    }
                ]
            },
            {
                "first_name": "Rong-Tian",
                "last_name": "Cui",
                "initials": "",
                "corresponding": "",
                "orcid": "",
                "current_organization_id": "",
                "researcher_id": "",
                "affiliations": [
                    {
                        "name": "Department of Drug Registration, Jiangsu T-mab BioPharma Co., Ltd, Taizhou, China, View further author information"
                    }
                ]
            },
            {
                "first_name": "Jian-Sheng",
                "last_name": "Lu",
                "initials": "",
                "corresponding": "",
                "orcid": "",
                "current_organization_id": "grid.43555.32",
                "researcher_id": "ur.012367077317.28",
                "affiliations": [
                    {
                        "id": "grid.43555.32",
                        "name": "Beijing Institute of Technology",
                        "city": "Beijing",
                        "city_id": 1816670,
                        "country": "China",
                        "country_code": "CN",
                        "state": null,
                        "state_code": null
                    }
                ]
            },
            {
                "first_name": "Yun-Zhou",
                "last_name": "Yu",
                "initials": "",
                "corresponding": "",
                "orcid": "",
                "current_organization_id": "grid.43555.32",
                "researcher_id": "ur.01172274564.23",
                "affiliations": [
                    {
                        "id": "grid.43555.32",
                        "name": "Beijing Institute of Technology",
                        "city": "Beijing",
                        "city_id": 1816670,
                        "country": "China",
                        "country_code": "CN",
                        "state": null,
                        "state_code": null
                    }
                ]
            },
            {
                "first_name": "Xiao-Jie",
                "last_name": "Dong",
                "initials": "",
                "corresponding": "",
                "orcid": "",
                "current_organization_id": "",
                "researcher_id": "",
                "affiliations": [
                    {
                        "id": "grid.43555.32",
                        "name": "Beijing Institute of Technology",
                        "city": "Beijing",
                        "city_id": 1816670,
                        "country": "China",
                        "country_code": "CN",
                        "state": null,
                        "state_code": null
                    }
                ]
            },
            {
                "first_name": "Zhi-Xin",
                "last_name": "Yang",
                "initials": "",
                "corresponding": "",
                "orcid": "",
                "current_organization_id": "grid.43555.32",
                "researcher_id": "ur.013762040317.25",
                "affiliations": [
                    {
                        "id": "grid.43555.32",
                        "name": "Beijing Institute of Technology",
                        "city": "Beijing",
                        "city_id": 1816670,
                        "country": "China",
                        "country_code": "CN",
                        "state": null,
                        "state_code": null
                    }
                ]
            },
            {
                "first_name": "Zhi-Wei",
                "last_name": "Sun",
                "initials": "",
                "corresponding": "",
                "orcid": "",
                "current_organization_id": "grid.43555.32",
                "researcher_id": "ur.01013574064.63",
                "affiliations": [
                    {
                        "id": "grid.43555.32",
                        "name": "Beijing Institute of Technology",
                        "city": "Beijing",
                        "city_id": 1816670,
                        "country": "China",
                        "country_code": "CN",
                        "state": null,
                        "state_code": null
                    }
                ]
            },
            {
                "first_name": "Xiao-Bin",
                "last_name": "Pang",
                "initials": "",
                "corresponding": "",
                "orcid": "['0000-0001-7411-7031']",
                "current_organization_id": "grid.256922.8",
                "researcher_id": "ur.01140667112.03",
                "affiliations": [
                    {
                        "id": "grid.256922.8",
                        "name": "Henan University",
                        "city": "Kaifeng",
                        "city_id": 1804879,
                        "country": "China",
                        "country_code": "CN",
                        "state": null,
                        "state_code": null
                    }
                ]
            }
        ]
    ],
    "pmcid": "PMC7012155",
    "doi": "10.1080/21645515.2019.1633878",
    "times_cited": 0,
    "references": [
        "pub.1007385432",
        "pub.1046585714",
        "pub.1077110742",
        "pub.1012520730",
        "pub.1016163742",
        "pub.1016848219",
        "pub.1020175903",
        "pub.1072305862",
        "pub.1015965352",
        "pub.1013728293",
        "pub.1018151339",
        "pub.1091417124",
        "pub.1047551310",
        "pub.1046056295",
        "pub.1046265464",
        "pub.1021407306",
        "pub.1028860353",
        "pub.1109912413",
        "pub.1009547527",
        "pub.1005294577",
        "pub.1072304923",
        "pub.1009583601",
        "pub.1022816481",
        "pub.1048378659",
        "pub.1068131936",
        "pub.1074616289",
        "pub.1076404875",
        "pub.1050692193",
        "pub.1029373228",
        "pub.1033033842",
        "pub.1040790738",
        "pub.1015040941",
        "pub.1032015573",
        "pub.1045821763",
        "pub.1049627695",
        "pub.1078628730",
        "pub.1021331688"
    ]
}