{
    "pmid": "32160684",
    "title": "Audio Interview: Making Decisions about Covid-19 Testing and Treatment for Your Patients",
    "type": "article",
    "year": 2020,
    "journal": {
        "id": "jour.1014075",
        "title": "New England Journal of Medicine"
    },
    "date": "2020-03-12",
    "altmetric": 25.0,
    "pages": "e25",
    "id": "pub.1125561458",
    "volume": "382",
    "issue": "11",
    "author_affiliations": [
        [
            {
                "first_name": "Eric J",
                "last_name": "Rubin",
                "initials": "",
                "corresponding": "",
                "orcid": "",
                "current_organization_id": "",
                "researcher_id": "",
                "affiliations": []
            },
            {
                "first_name": "Lindsey R",
                "last_name": "Baden",
                "initials": "",
                "corresponding": "",
                "orcid": "",
                "current_organization_id": "",
                "researcher_id": "",
                "affiliations": []
            },
            {
                "first_name": "Stephen",
                "last_name": "Morrissey",
                "initials": "",
                "corresponding": "",
                "orcid": "",
                "current_organization_id": "",
                "researcher_id": "",
                "affiliations": []
            }
        ]
    ],
    "doi": "10.1056/nejme2004856",
    "times_cited": 0
}