{
    "author_affiliations": [
        [
            {
                "first_name": "Nan-Yao",
                "last_name": "Lee",
                "initials": "",
                "corresponding": "",
                "orcid": "['0000-0002-1206-842X']",
                "current_organization_id": "grid.412040.3",
                "researcher_id": "ur.0776460150.42",
                "affiliations": [
                    {
                        "id": "grid.64523.36",
                        "name": "National Cheng Kung University",
                        "city": "Tainan City",
                        "city_id": 1668355,
                        "country": "Taiwan",
                        "country_code": "TW",
                        "state": null,
                        "state_code": null
                    },
                    {
                        "id": "grid.412040.3",
                        "name": "National Cheng Kung University Hospital",
                        "city": "Tainan City",
                        "city_id": 1668355,
                        "country": "Taiwan",
                        "country_code": "TW",
                        "state": null,
                        "state_code": null
                    }
                ]
            },
            {
                "first_name": "Chia-Wen",
                "last_name": "Li",
                "initials": "",
                "corresponding": "",
                "orcid": "",
                "current_organization_id": "grid.412040.3",
                "researcher_id": "ur.0602235474.02",
                "affiliations": [
                    {
                        "id": "grid.412040.3",
                        "name": "National Cheng Kung University Hospital",
                        "city": "Tainan City",
                        "city_id": 1668355,
                        "country": "Taiwan",
                        "country_code": "TW",
                        "state": null,
                        "state_code": null
                    }
                ]
            },
            {
                "first_name": "Huey-Pin",
                "last_name": "Tsai",
                "initials": "",
                "corresponding": "",
                "orcid": "",
                "current_organization_id": "grid.412040.3",
                "researcher_id": "ur.01245727761.45",
                "affiliations": [
                    {
                        "id": "grid.412040.3",
                        "name": "National Cheng Kung University Hospital",
                        "city": "Tainan City",
                        "city_id": 1668355,
                        "country": "Taiwan",
                        "country_code": "TW",
                        "state": null,
                        "state_code": null
                    },
                    {
                        "id": "grid.64523.36",
                        "name": "National Cheng Kung University",
                        "city": "Tainan City",
                        "city_id": 1668355,
                        "country": "Taiwan",
                        "country_code": "TW",
                        "state": null,
                        "state_code": null
                    }
                ]
            },
            {
                "first_name": "Po-Lin",
                "last_name": "Chen",
                "initials": "",
                "corresponding": "",
                "orcid": "['0000-0002-4015-1052']",
                "current_organization_id": "grid.412040.3",
                "researcher_id": "ur.01321122773.65",
                "affiliations": [
                    {
                        "id": "grid.64523.36",
                        "name": "National Cheng Kung University",
                        "city": "Tainan City",
                        "city_id": 1668355,
                        "country": "Taiwan",
                        "country_code": "TW",
                        "state": null,
                        "state_code": null
                    },
                    {
                        "id": "grid.412040.3",
                        "name": "National Cheng Kung University Hospital",
                        "city": "Tainan City",
                        "city_id": 1668355,
                        "country": "Taiwan",
                        "country_code": "TW",
                        "state": null,
                        "state_code": null
                    }
                ]
            },
            {
                "first_name": "Ling-Shan",
                "last_name": "Syue",
                "initials": "",
                "corresponding": "",
                "orcid": "['0000-0001-9058-3833']",
                "current_organization_id": "grid.412040.3",
                "researcher_id": "ur.0674211631.78",
                "affiliations": [
                    {
                        "id": "grid.412040.3",
                        "name": "National Cheng Kung University Hospital",
                        "city": "Tainan City",
                        "city_id": 1668355,
                        "country": "Taiwan",
                        "country_code": "TW",
                        "state": null,
                        "state_code": null
                    }
                ]
            },
            {
                "first_name": "Ming-Chi",
                "last_name": "Li",
                "initials": "",
                "corresponding": "",
                "orcid": "['0000-0002-4194-4206']",
                "current_organization_id": "grid.412040.3",
                "researcher_id": "ur.01017630225.83",
                "affiliations": [
                    {
                        "id": "grid.412040.3",
                        "name": "National Cheng Kung University Hospital",
                        "city": "Tainan City",
                        "city_id": 1668355,
                        "country": "Taiwan",
                        "country_code": "TW",
                        "state": null,
                        "state_code": null
                    }
                ]
            },
            {
                "first_name": "Chin-Shiang",
                "last_name": "Tsai",
                "initials": "",
                "corresponding": "",
                "orcid": "",
                "current_organization_id": "grid.412040.3",
                "researcher_id": "ur.012062621333.81",
                "affiliations": [
                    {
                        "id": "grid.412040.3",
                        "name": "National Cheng Kung University Hospital",
                        "city": "Tainan City",
                        "city_id": 1668355,
                        "country": "Taiwan",
                        "country_code": "TW",
                        "state": null,
                        "state_code": null
                    }
                ]
            },
            {
                "first_name": "Ching-Lung",
                "last_name": "Lo",
                "initials": "",
                "corresponding": "",
                "orcid": "['0000-0002-2703-7861']",
                "current_organization_id": "grid.412040.3",
                "researcher_id": "ur.07372743631.08",
                "affiliations": [
                    {
                        "id": "grid.412040.3",
                        "name": "National Cheng Kung University Hospital",
                        "city": "Tainan City",
                        "city_id": 1668355,
                        "country": "Taiwan",
                        "country_code": "TW",
                        "state": null,
                        "state_code": null
                    }
                ]
            },
            {
                "first_name": "Po-Ren",
                "last_name": "Hsueh",
                "initials": "",
                "corresponding": "",
                "orcid": "['0000-0002-7502-9225']",
                "current_organization_id": "grid.412094.a",
                "researcher_id": "ur.0713663251.48",
                "affiliations": [
                    {
                        "id": "grid.412094.a",
                        "name": "National Taiwan University Hospital",
                        "city": "Taipei",
                        "city_id": 1668341,
                        "country": "Taiwan",
                        "country_code": "TW",
                        "state": null,
                        "state_code": null
                    },
                    {
                        "id": "grid.412094.a",
                        "name": "National Taiwan University Hospital",
                        "city": "Taipei",
                        "city_id": 1668341,
                        "country": "Taiwan",
                        "country_code": "TW",
                        "state": null,
                        "state_code": null
                    }
                ]
            },
            {
                "first_name": "Wen-Chien",
                "last_name": "Ko",
                "initials": "",
                "corresponding": true,
                "orcid": "['0000-0001-7497-149X']",
                "current_organization_id": "grid.64523.36",
                "researcher_id": "ur.01206616375.62",
                "affiliations": [
                    {
                        "id": "grid.64523.36",
                        "name": "National Cheng Kung University",
                        "city": "Tainan City",
                        "city_id": 1668355,
                        "country": "Taiwan",
                        "country_code": "TW",
                        "state": null,
                        "state_code": null
                    },
                    {
                        "id": "grid.412040.3",
                        "name": "National Cheng Kung University Hospital",
                        "city": "Tainan City",
                        "city_id": 1668355,
                        "country": "Taiwan",
                        "country_code": "TW",
                        "state": null,
                        "state_code": null
                    }
                ]
            }
        ]
    ],
    "FOR": [
        {
            "id": "3177",
            "name": "1117 Public Health and Health Services"
        }
    ],
    "research_org_countries": [
        {
            "id": "TW",
            "name": "Taiwan"
        }
    ],
    "title": "A case of COVID-19 and pneumonia returning from Macau in Taiwan: clinical course and anti-SARS-CoV-2 IgG dynamic",
    "research_org_cities": [
        {
            "id": 1668355,
            "name": "Tainan"
        },
        {
            "id": 1668341,
            "name": "Taipei"
        }
    ],
    "open_access": [
        "Open Access - all",
        "Open Access - publisher",
        "Open Access - published"
    ],
    "doi": "10.1016/j.jmii.2020.03.003",
    "times_cited": 0,
    "journal": {
        "id": "jour.1011587",
        "title": "Journal of Microbiology Immunology and Infection"
    },
    "year": 2020,
    "research_orgs": [
        {
            "id": "grid.64523.36",
            "name": "National Cheng Kung University",
            "linkout": [
                "http://web.ncku.edu.tw/bin/home.php"
            ],
            "country_name": "Taiwan",
            "types": [
                "Education"
            ],
            "latitude": 23.0,
            "acronym": "NCKU",
            "city_name": "Tainan City",
            "longitude": 120.21667
        },
        {
            "id": "grid.412040.3",
            "name": "National Cheng Kung University Hospital",
            "linkout": [
                "http://www.hosp.ncku.edu.tw/nckm/english/HomeStyle.aspx?Type=11&ContentPage=0"
            ],
            "country_name": "Taiwan",
            "types": [
                "Healthcare"
            ],
            "latitude": 23.001951,
            "city_name": "Tainan City",
            "longitude": 120.219635
        },
        {
            "id": "grid.412094.a",
            "name": "National Taiwan University Hospital",
            "linkout": [
                "http://www.ntuh.gov.tw/en/default_P.aspx"
            ],
            "country_name": "Taiwan",
            "types": [
                "Healthcare"
            ],
            "latitude": 25.042715,
            "acronym": "NTUH",
            "city_name": "Taipei",
            "longitude": 121.517555
        }
    ],
    "id": "pub.1125497819",
    "references": [
        "pub.1125138328",
        "pub.1125146281",
        "pub.1124911473",
        "pub.1125341857"
    ],
    "research_org_country_names": [
        "Taiwan"
    ],
    "date": "2020-03-01",
    "researchers": [
        {
            "id": "ur.0776460150.42",
            "research_orgs": [
                "grid.412040.3",
                "grid.64523.36",
                "grid.412027.2"
            ],
            "last_name": "Lee",
            "first_name": "Nan-Yao",
            "orcid_id": [
                "0000-0002-1206-842X"
            ]
        },
        {
            "id": "ur.0602235474.02",
            "research_orgs": [
                "grid.412040.3",
                "grid.64523.36",
                "grid.412027.2"
            ],
            "last_name": "Li",
            "first_name": "Chia-Wen"
        },
        {
            "id": "ur.01245727761.45",
            "research_orgs": [
                "grid.412040.3",
                "grid.64523.36"
            ],
            "last_name": "Tsai",
            "first_name": "Huey-Pin"
        },
        {
            "id": "ur.01321122773.65",
            "research_orgs": [
                "grid.412040.3",
                "grid.64523.36",
                "grid.412019.f"
            ],
            "last_name": "Chen",
            "first_name": "Po-Lin",
            "orcid_id": [
                "0000-0002-4015-1052"
            ]
        },
        {
            "id": "ur.0674211631.78",
            "research_orgs": [
                "grid.412040.3",
                "grid.64523.36"
            ],
            "last_name": "Syue",
            "first_name": "Ling-Shan",
            "orcid_id": [
                "0000-0001-9058-3833"
            ]
        },
        {
            "id": "ur.01017630225.83",
            "research_orgs": [
                "grid.412040.3",
                "grid.64523.36",
                "grid.412027.2"
            ],
            "last_name": "Li",
            "first_name": "Ming-Chi",
            "orcid_id": [
                "0000-0002-4194-4206"
            ]
        },
        {
            "id": "ur.012062621333.81",
            "research_orgs": [
                "grid.412040.3"
            ],
            "last_name": "Tsai",
            "first_name": "Chin-Shiang"
        },
        {
            "id": "ur.07372743631.08",
            "research_orgs": [
                "grid.412040.3"
            ],
            "last_name": "Lo",
            "first_name": "Ching-Lung",
            "orcid_id": [
                "0000-0002-2703-7861"
            ]
        },
        {
            "id": "ur.0713663251.48",
            "research_orgs": [
                "grid.414746.4",
                "grid.64523.36",
                "grid.413876.f",
                "grid.256105.5",
                "grid.19188.39",
                "grid.410770.5",
                "grid.10417.33",
                "grid.145695.a",
                "grid.412094.a",
                "grid.413400.2",
                "grid.31147.30",
                "grid.410769.d"
            ],
            "last_name": "Hsueh",
            "first_name": "Po-Ren",
            "orcid_id": [
                "0000-0002-7502-9225"
            ]
        },
        {
            "id": "ur.01206616375.62",
            "research_orgs": [
                "grid.278244.f",
                "grid.411641.7",
                "grid.412040.3",
                "grid.64523.36",
                "grid.413876.f",
                "grid.59784.37",
                "grid.19188.39",
                "grid.254145.3",
                "grid.410770.5",
                "grid.412027.2"
            ],
            "last_name": "Ko",
            "first_name": "Wen-Chien",
            "orcid_id": [
                "0000-0001-7497-149X"
            ]
        }
    ],
    "type": "article"
}