{
    "volume": "2",
    "date": "2020-12-01",
    "title": "Reproduction of East-African bats may guide risk mitigation for coronavirus spillover",
    "researchers": [
        {
            "id": "ur.01116261472.36",
            "last_name": "Montecino-Latorre",
            "first_name": "Diego",
            "orcid_id": [
                "0000-0002-5009-5939"
            ],
            "research_orgs": [
                "grid.27860.3b"
            ]
        },
        {
            "id": "ur.01147461505.96",
            "last_name": "Goldstein",
            "first_name": "Tracey",
            "research_orgs": [
                "grid.419692.1",
                "grid.431887.1",
                "grid.448473.8",
                "grid.63622.33",
                "grid.27860.3b",
                "grid.168010.e",
                "grid.26009.3d"
            ]
        },
        {
            "id": "ur.01126372634.68",
            "last_name": "Gilardi",
            "first_name": "Kirsten V K",
            "research_orgs": [
                "grid.21729.3f",
                "grid.27860.3b"
            ]
        },
        {
            "id": "ur.0642062746.40",
            "last_name": "Wolking",
            "first_name": "David J",
            "research_orgs": [
                "grid.27860.3b"
            ]
        },
        {
            "id": "ur.01072731057.50",
            "last_name": "Kazwala",
            "first_name": "Rudovick Reuben",
            "research_orgs": [
                "grid.462846.a",
                "grid.7886.1",
                "grid.416786.a",
                "grid.11887.37",
                "grid.420013.4",
                "grid.7450.6",
                "grid.261331.4",
                "grid.8756.c"
            ]
        },
        {
            "id": "ur.01324441477.13",
            "last_name": "Ssebide",
            "first_name": "Benard Jasper",
            "research_orgs": [
                "grid.21107.35",
                "grid.463699.7"
            ]
        },
        {
            "id": "ur.010455610667.65",
            "last_name": "Nziza",
            "first_name": "Julius",
            "research_orgs": [
                "grid.27860.3b",
                "grid.10818.30"
            ]
        },
        {
            "id": "ur.014011105537.23",
            "last_name": "Cranfield",
            "first_name": "Michael R",
            "research_orgs": [
                "grid.253615.6",
                "grid.11194.3c",
                "grid.482840.2",
                "grid.21107.35",
                "grid.482797.7",
                "grid.10698.36",
                "grid.21729.3f",
                "grid.27860.3b"
            ]
        },
        {
            "id": "ur.014650763657.76",
            "last_name": "Mazet",
            "first_name": "Jonna A K",
            "research_orgs": [
                "grid.8183.2",
                "grid.27860.3b",
                "grid.240871.8",
                "grid.502158.b",
                "grid.439146.d",
                "grid.14003.36",
                "grid.269823.4",
                "grid.420826.a",
                "grid.63622.33",
                "grid.475685.d",
                "grid.3575.4",
                "grid.28803.31",
                "grid.189504.1",
                "grid.448376.a",
                "grid.463419.d",
                "grid.168010.e",
                "grid.2515.3"
            ]
        }
    ],
    "research_org_state_codes": [
        {
            "id": "US-CA",
            "name": "California"
        },
        {
            "id": "US-NE",
            "name": "Nebraska"
        }
    ],
    "altmetric": 12.0,
    "pages": "2",
    "research_org_cities": [
        {
            "id": 153220,
            "name": "Morogoro"
        },
        {
            "id": 232422,
            "name": "Kampala"
        },
        {
            "id": 5072006,
            "name": "Lincoln"
        },
        {
            "id": 5341704,
            "name": "Davis"
        },
        {
            "id": 201521,
            "name": "Musanze"
        }
    ],
    "open_access": [
        "Open Access - all",
        "Open Access - publisher",
        "Open Access - published"
    ],
    "research_org_countries": [
        {
            "id": "RW",
            "name": "Rwanda"
        },
        {
            "id": "UG",
            "name": "Uganda"
        },
        {
            "id": "TZ",
            "name": "Tanzania"
        },
        {
            "id": "US",
            "name": "United States"
        }
    ],
    "doi": "10.1186/s42522-019-0008-8",
    "FOR": [
        {
            "id": "2558",
            "name": "0502 Environmental Science and Management"
        }
    ],
    "research_orgs": [
        {
            "id": "grid.27860.3b",
            "acronym": "UCD",
            "state_name": "California",
            "types": [
                "Education"
            ],
            "longitude": -121.75,
            "linkout": [
                "http://ucdavis.edu/"
            ],
            "latitude": 38.54,
            "name": "University of California, Davis",
            "city_name": "Davis",
            "country_name": "United States"
        },
        {
            "id": "grid.11887.37",
            "acronym": "SUA",
            "state_name": "Morogoro",
            "types": [
                "Education"
            ],
            "longitude": 37.657223,
            "linkout": [
                "http://suanet.ac.tz/"
            ],
            "latitude": -6.851389,
            "name": "Sokoine University of Agriculture",
            "city_name": "Morogoro",
            "country_name": "Tanzania"
        },
        {
            "id": "grid.24434.35",
            "acronym": "UNL ",
            "state_name": "Nebraska",
            "types": [
                "Education"
            ],
            "longitude": -96.700645,
            "linkout": [
                "http://www.unl.edu/"
            ],
            "latitude": 40.824093,
            "name": "University of Nebraska\u2013Lincoln",
            "city_name": "Lincoln",
            "country_name": "United States"
        }
    ],
    "times_cited": 0,
    "research_org_country_names": [
        "Rwanda",
        "United States",
        "Uganda",
        "Tanzania"
    ],
    "id": "pub.1124651908",
    "issue": "1",
    "journal": {
        "id": "jour.1336339",
        "title": "One Health Outlook"
    },
    "year": 2020,
    "references": [
        "pub.1036684098",
        "pub.1046406389",
        "pub.1022170603",
        "pub.1046943847",
        "pub.1083876619",
        "pub.1012465318",
        "pub.1015443089",
        "pub.1016752047",
        "pub.1047133835",
        "pub.1019803594",
        "pub.1101201761",
        "pub.1025461012",
        "pub.1037623568",
        "pub.1068673140",
        "pub.1020864501",
        "pub.1007698525",
        "pub.1042840483",
        "pub.1041818658",
        "pub.1048604359",
        "pub.1048648818",
        "pub.1036794410",
        "pub.1051492842",
        "pub.1052904187",
        "pub.1070351485",
        "pub.1053567363",
        "pub.1034683996",
        "pub.1053282798",
        "pub.1103487482",
        "pub.1047048047",
        "pub.1029488311",
        "pub.1062457307",
        "pub.1040416494",
        "pub.1022968777",
        "pub.1000241149",
        "pub.1085463478",
        "pub.1018827157",
        "pub.1019159632",
        "pub.1070351174",
        "pub.1009007004",
        "pub.1033052360",
        "pub.1014370409",
        "pub.1035258306",
        "pub.1038985963",
        "pub.1034803318",
        "pub.1023902936",
        "pub.1001071450",
        "pub.1070351270",
        "pub.1048587384",
        "pub.1029737803",
        "pub.1091372782",
        "pub.1103523503",
        "pub.1018584930",
        "pub.1035156807",
        "pub.1051745210",
        "pub.1064393288",
        "pub.1091973436",
        "pub.1032035202",
        "pub.1062457330",
        "pub.1031314971",
        "pub.1008625875",
        "pub.1004234338",
        "pub.1026954099",
        "pub.1005089582",
        "pub.1091423970",
        "pub.1110228502",
        "pub.1013345929",
        "pub.1005384704",
        "pub.1022239113",
        "pub.1099660043",
        "pub.1051274373",
        "pub.1064389480",
        "pub.1026443711",
        "pub.1016942420",
        "pub.1044550494",
        "pub.1016783457",
        "pub.1084513230",
        "pub.1036277933",
        "pub.1020059653",
        "pub.1045160666",
        "pub.1085438776",
        "pub.1035993180",
        "pub.1032577333",
        "pub.1035566225",
        "pub.1038649696",
        "pub.1005384779",
        "pub.1070462272",
        "pub.1045979328",
        "pub.1062712953",
        "pub.1021908675",
        "pub.1052546893",
        "pub.1048398855",
        "pub.1012860003",
        "pub.1085346125",
        "pub.1004012944",
        "pub.1042223478",
        "pub.1091885388",
        "pub.1014314421",
        "pub.1062452643",
        "pub.1109934355",
        "pub.1050792213",
        "pub.1092623210",
        "pub.1003280843",
        "pub.1018588118",
        "pub.1101139197",
        "pub.1050707780",
        "pub.1018579077",
        "pub.1060398460",
        "pub.1033912353",
        "pub.1003602517"
    ],
    "research_org_state_names": [
        "California",
        "Nebraska"
    ],
    "author_affiliations": [
        [
            {
                "first_name": "Diego",
                "last_name": "Montecino-Latorre",
                "initials": "",
                "corresponding": "",
                "orcid": "['0000-0002-5009-5939']",
                "current_organization_id": "grid.27860.3b",
                "researcher_id": "ur.01116261472.36",
                "affiliations": [
                    {
                        "id": "grid.27860.3b",
                        "name": "University of California, Davis",
                        "city": "Davis",
                        "city_id": 5341704,
                        "country": "United States",
                        "country_code": "US",
                        "state": "California",
                        "state_code": "US-CA"
                    }
                ]
            },
            {
                "first_name": "Tracey",
                "last_name": "Goldstein",
                "initials": "",
                "corresponding": "",
                "orcid": "",
                "current_organization_id": "grid.27860.3b",
                "researcher_id": "ur.01147461505.96",
                "affiliations": [
                    {
                        "id": "grid.27860.3b",
                        "name": "University of California, Davis",
                        "city": "Davis",
                        "city_id": 5341704,
                        "country": "United States",
                        "country_code": "US",
                        "state": "California",
                        "state_code": "US-CA"
                    }
                ]
            },
            {
                "first_name": "Kirsten",
                "last_name": "Gilardi",
                "initials": "",
                "corresponding": "",
                "orcid": "",
                "current_organization_id": "grid.27860.3b",
                "researcher_id": "ur.01126372634.68",
                "affiliations": [
                    {
                        "id": "grid.27860.3b",
                        "name": "University of California, Davis",
                        "city": "Davis",
                        "city_id": 5341704,
                        "country": "United States",
                        "country_code": "US",
                        "state": "California",
                        "state_code": "US-CA"
                    },
                    {
                        "name": "Gorilla Doctors, Mountain Gorilla Veterinary Project Inc, Davis, CA, USA"
                    }
                ]
            },
            {
                "first_name": "David",
                "last_name": "Wolking",
                "initials": "",
                "corresponding": "",
                "orcid": "",
                "current_organization_id": "grid.27860.3b",
                "researcher_id": "ur.0642062746.40",
                "affiliations": [
                    {
                        "id": "grid.27860.3b",
                        "name": "University of California, Davis",
                        "city": "Davis",
                        "city_id": 5341704,
                        "country": "United States",
                        "country_code": "US",
                        "state": "California",
                        "state_code": "US-CA"
                    }
                ]
            },
            {
                "first_name": "Elizabeth",
                "last_name": "Van Wormer",
                "initials": "",
                "corresponding": "",
                "orcid": "",
                "current_organization_id": "",
                "researcher_id": "",
                "affiliations": [
                    {
                        "id": "grid.27860.3b",
                        "name": "University of California, Davis",
                        "city": "Davis",
                        "city_id": 5341704,
                        "country": "United States",
                        "country_code": "US",
                        "state": "California",
                        "state_code": "US-CA"
                    },
                    {
                        "id": "grid.24434.35",
                        "name": "University of Nebraska\u2013Lincoln",
                        "city": "Lincoln",
                        "city_id": 5072006,
                        "country": "United States",
                        "country_code": "US",
                        "state": "Nebraska",
                        "state_code": "US-NE"
                    }
                ]
            },
            {
                "first_name": "Rudovick",
                "last_name": "Kazwala",
                "initials": "",
                "corresponding": "",
                "orcid": "",
                "current_organization_id": "grid.11887.37",
                "researcher_id": "ur.01072731057.50",
                "affiliations": [
                    {
                        "id": "grid.11887.37",
                        "name": "Sokoine University of Agriculture",
                        "city": "Morogoro",
                        "city_id": 153220,
                        "country": "Tanzania",
                        "country_code": "TZ",
                        "state": null,
                        "state_code": null
                    }
                ]
            },
            {
                "first_name": "Benard",
                "last_name": "Ssebide",
                "initials": "",
                "corresponding": "",
                "orcid": "",
                "current_organization_id": "",
                "researcher_id": "ur.01324441477.13",
                "affiliations": [
                    {
                        "name": "Gorilla Doctors, Mountain Gorilla Veterinary Project Inc., Kampala, Uganda"
                    }
                ]
            },
            {
                "first_name": "Julius",
                "last_name": "Nziza",
                "initials": "",
                "corresponding": "",
                "orcid": "",
                "current_organization_id": "grid.27860.3b",
                "researcher_id": "ur.010455610667.65",
                "affiliations": [
                    {
                        "name": "Gorilla Doctors, Mountain Gorilla Veterinary Project Inc., Musanze, Rwanda"
                    }
                ]
            },
            {
                "first_name": "Zikankuba",
                "last_name": "Sijali",
                "initials": "",
                "corresponding": "",
                "orcid": "",
                "current_organization_id": "",
                "researcher_id": "",
                "affiliations": [
                    {
                        "id": "grid.11887.37",
                        "name": "Sokoine University of Agriculture",
                        "city": "Morogoro",
                        "city_id": 153220,
                        "country": "Tanzania",
                        "country_code": "TZ",
                        "state": null,
                        "state_code": null
                    }
                ]
            },
            {
                "first_name": "Michael",
                "last_name": "Cranfield",
                "initials": "",
                "corresponding": "",
                "orcid": "",
                "current_organization_id": "grid.27860.3b",
                "researcher_id": "ur.014011105537.23",
                "affiliations": [
                    {
                        "id": "grid.27860.3b",
                        "name": "University of California, Davis",
                        "city": "Davis",
                        "city_id": 5341704,
                        "country": "United States",
                        "country_code": "US",
                        "state": "California",
                        "state_code": "US-CA"
                    },
                    {
                        "name": "Gorilla Doctors, Mountain Gorilla Veterinary Project Inc, Davis, CA, USA"
                    }
                ]
            },
            {
                "first_name": "",
                "last_name": "",
                "initials": "",
                "corresponding": "",
                "orcid": "",
                "current_organization_id": "",
                "researcher_id": "",
                "affiliations": []
            },
            {
                "first_name": "Jonna A. K.",
                "last_name": "Mazet",
                "initials": "",
                "corresponding": true,
                "orcid": "",
                "current_organization_id": "grid.27860.3b",
                "researcher_id": "ur.014650763657.76",
                "affiliations": [
                    {
                        "id": "grid.27860.3b",
                        "name": "University of California, Davis",
                        "city": "Davis",
                        "city_id": 5341704,
                        "country": "United States",
                        "country_code": "US",
                        "state": "California",
                        "state_code": "US-CA"
                    }
                ]
            }
        ]
    ],
    "type": "article"
}