{
    "pmid": "32091382",
    "title": "Invasive Mycobacterium chimaera Infections and Heater-Cooler Devices in Cardiac Surgery - Volume 26, Number 3\u2014March 2020 - Emerging Infectious Diseases journal - CDC",
    "type": "article",
    "year": 2020,
    "journal": {
        "id": "jour.1114184",
        "title": "Emerging Infectious Diseases"
    },
    "researchers": [
        {
            "id": "ur.01052772265.41",
            "research_orgs": [
                "grid.412353.2",
                "grid.412004.3",
                "grid.7400.3",
                "grid.5734.5",
                "grid.8591.5",
                "grid.411656.1",
                "grid.5645.2"
            ],
            "first_name": "Rami",
            "last_name": "Sommerstein",
            "orcid_id": [
                "0000-0003-1011-6878"
            ]
        },
        {
            "id": "ur.0763162051.48",
            "research_orgs": [
                "grid.413349.8",
                "grid.418187.3",
                "grid.7400.3",
                "grid.412004.3"
            ],
            "first_name": "Barbara Katharina",
            "last_name": "Hasse"
        }
    ],
    "date": "2020-03-01",
    "altmetric": 1.0,
    "pages": "632-633",
    "id": "pub.1124590078",
    "volume": "26",
    "issue": "3",
    "open_access": [
        "Open Access - all",
        "Open Access - publisher",
        "Open Access - published"
    ],
    "author_affiliations": [
        [
            {
                "first_name": "Rami",
                "last_name": "Sommerstein",
                "initials": "",
                "corresponding": "",
                "orcid": "['0000-0003-1011-6878']",
                "current_organization_id": "grid.5734.5",
                "researcher_id": "ur.01052772265.41",
                "affiliations": []
            },
            {
                "first_name": "Barbara",
                "last_name": "Hasse",
                "initials": "",
                "corresponding": "",
                "orcid": "",
                "current_organization_id": "grid.412004.3",
                "researcher_id": "ur.0763162051.48",
                "affiliations": []
            },
            {
                "first_name": "Andreas F",
                "last_name": "Widmer",
                "initials": "",
                "corresponding": "",
                "orcid": "",
                "current_organization_id": "",
                "researcher_id": "",
                "affiliations": []
            }
        ]
    ],
    "pmcid": "PMC7045853",
    "doi": "10.3201/eid2603.191818",
    "times_cited": 0,
    "references": [
        "pub.1101073997",
        "pub.1124475864"
    ]
}