{
    "research_orgs": [
        {
            "id": "grid.470124.4",
            "linkout": [
                "http://www.gyfyy.com/cn/index.aspx"
            ],
            "city_name": "Guangzhou",
            "longitude": 113.26228,
            "latitude": 23.112612,
            "name": "First Affiliated Hospital of Guangzhou Medical University",
            "types": [
                "Healthcare"
            ],
            "country_name": "China"
        }
    ],
    "research_org_country_names": [
        "China"
    ],
    "pmid": "32023687",
    "title": "[Pulmonary rehabilitation guidelines in the principle of 4S for patients infected with 2019 novel coronavirus (2019-nCoV)].",
    "type": "article",
    "year": 2020,
    "journal": {
        "id": "jour.1097577",
        "title": "\u4e2d\u534e\u7ed3\u6838\u548c\u547c\u5438\u6742\u5fd7"
    },
    "FOR": [
        {
            "id": "3053",
            "name": "1103 Clinical Sciences"
        }
    ],
    "research_org_countries": [
        {
            "id": "CN",
            "name": "China"
        }
    ],
    "date": "2020-02-05",
    "altmetric": 2.0,
    "pages": "e004",
    "id": "pub.1124648676",
    "volume": "43",
    "issue": "0",
    "research_org_cities": [
        {
            "id": 1809858,
            "name": "Guangzhou"
        }
    ],
    "author_affiliations": [
        [
            {
                "first_name": "F",
                "last_name": "Yang",
                "initials": "",
                "corresponding": "",
                "orcid": "",
                "current_organization_id": "",
                "researcher_id": "",
                "affiliations": [
                    {
                        "id": "grid.470124.4",
                        "name": "First Affiliated Hospital of Guangzhou Medical University",
                        "city": "Guangzhou",
                        "city_id": 1809858,
                        "country": "China",
                        "country_code": "CN",
                        "state": null,
                        "state_code": null
                    }
                ]
            },
            {
                "first_name": "N",
                "last_name": "Liu",
                "initials": "",
                "corresponding": "",
                "orcid": "",
                "current_organization_id": "",
                "researcher_id": "",
                "affiliations": [
                    {
                        "id": "grid.470124.4",
                        "name": "First Affiliated Hospital of Guangzhou Medical University",
                        "city": "Guangzhou",
                        "city_id": 1809858,
                        "country": "China",
                        "country_code": "CN",
                        "state": null,
                        "state_code": null
                    }
                ]
            },
            {
                "first_name": "J Y",
                "last_name": "Wu",
                "initials": "",
                "corresponding": "",
                "orcid": "",
                "current_organization_id": "",
                "researcher_id": "",
                "affiliations": [
                    {
                        "id": "grid.470124.4",
                        "name": "First Affiliated Hospital of Guangzhou Medical University",
                        "city": "Guangzhou",
                        "city_id": 1809858,
                        "country": "China",
                        "country_code": "CN",
                        "state": null,
                        "state_code": null
                    }
                ]
            },
            {
                "first_name": "L L",
                "last_name": "Hu",
                "initials": "",
                "corresponding": "",
                "orcid": "",
                "current_organization_id": "",
                "researcher_id": "",
                "affiliations": [
                    {
                        "id": "grid.470124.4",
                        "name": "First Affiliated Hospital of Guangzhou Medical University",
                        "city": "Guangzhou",
                        "city_id": 1809858,
                        "country": "China",
                        "country_code": "CN",
                        "state": null,
                        "state_code": null
                    }
                ]
            },
            {
                "first_name": "G S",
                "last_name": "Su",
                "initials": "",
                "corresponding": "",
                "orcid": "",
                "current_organization_id": "",
                "researcher_id": "",
                "affiliations": [
                    {
                        "id": "grid.470124.4",
                        "name": "First Affiliated Hospital of Guangzhou Medical University",
                        "city": "Guangzhou",
                        "city_id": 1809858,
                        "country": "China",
                        "country_code": "CN",
                        "state": null,
                        "state_code": null
                    }
                ]
            },
            {
                "first_name": "N S",
                "last_name": "Zheng",
                "initials": "",
                "corresponding": "",
                "orcid": "",
                "current_organization_id": "",
                "researcher_id": "",
                "affiliations": [
                    {
                        "id": "grid.470124.4",
                        "name": "First Affiliated Hospital of Guangzhou Medical University",
                        "city": "Guangzhou",
                        "city_id": 1809858,
                        "country": "China",
                        "country_code": "CN",
                        "state": null,
                        "state_code": null
                    }
                ]
            }
        ]
    ],
    "doi": "10.3760/cma.j.issn.1001-0939.2020.0004",
    "times_cited": 2
}