{
    "research_orgs": [
        {
            "id": "grid.19188.39",
            "linkout": [
                "http://www.ntu.edu.tw/english/"
            ],
            "city_name": "Taipei",
            "longitude": 121.536,
            "acronym": "NTU",
            "state_name": "Taipei",
            "latitude": 25.016,
            "name": "National Taiwan University",
            "types": [
                "Education"
            ],
            "country_name": "Taiwan"
        },
        {
            "id": "grid.28665.3f",
            "linkout": [
                "http://www.sinica.edu.tw/main_e.shtml"
            ],
            "city_name": "Taipei",
            "longitude": 121.616745,
            "latitude": 25.042063,
            "name": "Academia Sinica",
            "types": [
                "Facility"
            ],
            "country_name": "Taiwan"
        }
    ],
    "research_org_country_names": [
        "Taiwan"
    ],
    "pmid": "31900356",
    "funders": [
        {
            "id": "grid.410767.3",
            "linkout": [
                "https://www.most.gov.tw/en/"
            ],
            "city_name": "Taipei",
            "longitude": 121.54194,
            "acronym": "MOST",
            "latitude": 25.025145,
            "name": "Ministry of Science and Technology",
            "types": [
                "Government"
            ],
            "country_name": "Taiwan"
        },
        {
            "id": "grid.28665.3f",
            "linkout": [
                "http://www.sinica.edu.tw/main_e.shtml"
            ],
            "city_name": "Taipei",
            "longitude": 121.616745,
            "latitude": 25.042063,
            "name": "Academia Sinica",
            "types": [
                "Facility"
            ],
            "country_name": "Taiwan"
        }
    ],
    "title": "Cryo-EM analysis of a feline coronavirus spike protein reveals a unique structure and camouflaging glycans",
    "type": "article",
    "year": 2020,
    "journal": {
        "id": "jour.1082971",
        "title": "Proceedings of the National Academy of Sciences of the United States of America"
    },
    "researchers": [
        {
            "id": "ur.01313231753.46",
            "research_orgs": [
                "grid.28665.3f",
                "grid.411484.c"
            ],
            "first_name": "Piotr",
            "last_name": "Draczkowski",
            "orcid_id": [
                "0000-0002-9408-2670"
            ]
        },
        {
            "id": "ur.01277507235.95",
            "research_orgs": [
                "grid.482251.8",
                "grid.430387.b",
                "grid.240871.8",
                "grid.38348.34",
                "grid.28665.3f"
            ],
            "first_name": "Kuen-Phon",
            "last_name": "Wu",
            "orcid_id": [
                "0000-0002-1525-6004"
            ]
        },
        {
            "id": "ur.015214647777.67",
            "research_orgs": [
                "grid.7445.2",
                "grid.19006.3e",
                "grid.260433.0",
                "grid.411417.6",
                "grid.260565.2",
                "grid.428999.7",
                "grid.1006.7",
                "grid.260770.4",
                "grid.420089.7",
                "grid.412019.f",
                "grid.38348.34",
                "grid.47894.36",
                "grid.28665.3f",
                "grid.19188.39"
            ],
            "first_name": "Kay-Hooi",
            "last_name": "Khoo",
            "orcid_id": [
                "0000-0003-2906-406X"
            ]
        },
        {
            "id": "ur.01177072657.61",
            "research_orgs": [
                "grid.5477.1",
                "grid.469946.0",
                "grid.19188.39",
                "grid.239395.7",
                "grid.38142.3c"
            ],
            "first_name": "Hui-Wen",
            "last_name": "Chang",
            "orcid_id": [
                "0000-0001-8877-1886"
            ]
        },
        {
            "id": "ur.01370210410.63",
            "research_orgs": [
                "grid.5335.0",
                "grid.38348.34",
                "grid.5477.1",
                "grid.28665.3f",
                "grid.19188.39",
                "grid.7839.5"
            ],
            "first_name": "Shang-Te Danny",
            "last_name": "Hsu",
            "orcid_id": [
                "0000-0002-7231-0185"
            ]
        }
    ],
    "FOR": [
        {
            "id": "2581",
            "name": "0601 Biochemistry and Cell Biology"
        }
    ],
    "research_org_countries": [
        {
            "id": "TW",
            "name": "Taiwan"
        }
    ],
    "date": "2020-01-21",
    "altmetric": 24.0,
    "pages": "1438-1446",
    "id": "pub.1123808738",
    "volume": "117",
    "issue": "3",
    "research_org_cities": [
        {
            "id": 1668341,
            "name": "Taipei"
        }
    ],
    "author_affiliations": [
        [
            {
                "first_name": "Tzu-Jing",
                "last_name": "Yang",
                "initials": "",
                "corresponding": "",
                "orcid": "",
                "current_organization_id": "",
                "researcher_id": "",
                "affiliations": [
                    {
                        "id": "grid.28665.3f",
                        "name": "Academia Sinica",
                        "city": "Taipei",
                        "city_id": 1668341,
                        "country": "Taiwan",
                        "country_code": "TW",
                        "state": null,
                        "state_code": null
                    },
                    {
                        "id": "grid.19188.39",
                        "name": "National Taiwan University",
                        "city": "Taipei",
                        "city_id": 1668341,
                        "country": "Taiwan",
                        "country_code": "TW",
                        "state": null,
                        "state_code": null
                    }
                ]
            },
            {
                "first_name": "Yen-Chen",
                "last_name": "Chang",
                "initials": "",
                "corresponding": "",
                "orcid": "",
                "current_organization_id": "",
                "researcher_id": "",
                "affiliations": [
                    {
                        "id": "grid.28665.3f",
                        "name": "Academia Sinica",
                        "city": "Taipei",
                        "city_id": 1668341,
                        "country": "Taiwan",
                        "country_code": "TW",
                        "state": null,
                        "state_code": null
                    },
                    {
                        "id": "grid.19188.39",
                        "name": "National Taiwan University",
                        "city": "Taipei",
                        "city_id": 1668341,
                        "country": "Taiwan",
                        "country_code": "TW",
                        "state": null,
                        "state_code": null
                    }
                ]
            },
            {
                "first_name": "Tzu-Ping",
                "last_name": "Ko",
                "initials": "",
                "corresponding": "",
                "orcid": "",
                "current_organization_id": "",
                "researcher_id": "",
                "affiliations": [
                    {
                        "id": "grid.28665.3f",
                        "name": "Academia Sinica",
                        "city": "Taipei",
                        "city_id": 1668341,
                        "country": "Taiwan",
                        "country_code": "TW",
                        "state": null,
                        "state_code": null
                    }
                ]
            },
            {
                "first_name": "Piotr",
                "last_name": "Draczkowski",
                "initials": "",
                "corresponding": "",
                "orcid": "['0000-0002-9408-2670']",
                "current_organization_id": "grid.411484.c",
                "researcher_id": "ur.01313231753.46",
                "affiliations": [
                    {
                        "id": "grid.28665.3f",
                        "name": "Academia Sinica",
                        "city": "Taipei",
                        "city_id": 1668341,
                        "country": "Taiwan",
                        "country_code": "TW",
                        "state": null,
                        "state_code": null
                    }
                ]
            },
            {
                "first_name": "Yu-Chun",
                "last_name": "Chien",
                "initials": "",
                "corresponding": "",
                "orcid": "",
                "current_organization_id": "",
                "researcher_id": "",
                "affiliations": [
                    {
                        "id": "grid.28665.3f",
                        "name": "Academia Sinica",
                        "city": "Taipei",
                        "city_id": 1668341,
                        "country": "Taiwan",
                        "country_code": "TW",
                        "state": null,
                        "state_code": null
                    },
                    {
                        "id": "grid.19188.39",
                        "name": "National Taiwan University",
                        "city": "Taipei",
                        "city_id": 1668341,
                        "country": "Taiwan",
                        "country_code": "TW",
                        "state": null,
                        "state_code": null
                    }
                ]
            },
            {
                "first_name": "Yuan-Chih",
                "last_name": "Chang",
                "initials": "",
                "corresponding": "",
                "orcid": "",
                "current_organization_id": "",
                "researcher_id": "",
                "affiliations": [
                    {
                        "id": "grid.28665.3f",
                        "name": "Academia Sinica",
                        "city": "Taipei",
                        "city_id": 1668341,
                        "country": "Taiwan",
                        "country_code": "TW",
                        "state": null,
                        "state_code": null
                    }
                ]
            },
            {
                "first_name": "Kuen-Phon",
                "last_name": "Wu",
                "initials": "",
                "corresponding": "",
                "orcid": "['0000-0002-1525-6004']",
                "current_organization_id": "",
                "researcher_id": "ur.01277507235.95",
                "affiliations": [
                    {
                        "id": "grid.28665.3f",
                        "name": "Academia Sinica",
                        "city": "Taipei",
                        "city_id": 1668341,
                        "country": "Taiwan",
                        "country_code": "TW",
                        "state": null,
                        "state_code": null
                    }
                ]
            },
            {
                "first_name": "Kay-Hooi",
                "last_name": "Khoo",
                "initials": "",
                "corresponding": "",
                "orcid": "['0000-0003-2906-406X']",
                "current_organization_id": "grid.28665.3f",
                "researcher_id": "ur.015214647777.67",
                "affiliations": [
                    {
                        "id": "grid.28665.3f",
                        "name": "Academia Sinica",
                        "city": "Taipei",
                        "city_id": 1668341,
                        "country": "Taiwan",
                        "country_code": "TW",
                        "state": null,
                        "state_code": null
                    },
                    {
                        "id": "grid.19188.39",
                        "name": "National Taiwan University",
                        "city": "Taipei",
                        "city_id": 1668341,
                        "country": "Taiwan",
                        "country_code": "TW",
                        "state": null,
                        "state_code": null
                    }
                ]
            },
            {
                "first_name": "Hui-Wen",
                "last_name": "Chang",
                "initials": "",
                "corresponding": "",
                "orcid": "['0000-0001-8877-1886']",
                "current_organization_id": "grid.19188.39",
                "researcher_id": "ur.01177072657.61",
                "affiliations": [
                    {
                        "id": "grid.19188.39",
                        "name": "National Taiwan University",
                        "city": "Taipei",
                        "city_id": 1668341,
                        "country": "Taiwan",
                        "country_code": "TW",
                        "state": null,
                        "state_code": null
                    }
                ]
            },
            {
                "first_name": "Shang-Te Danny",
                "last_name": "Hsu",
                "initials": "",
                "corresponding": "",
                "orcid": "['0000-0002-7231-0185']",
                "current_organization_id": "grid.28665.3f",
                "researcher_id": "ur.01370210410.63",
                "affiliations": [
                    {
                        "id": "grid.28665.3f",
                        "name": "Academia Sinica",
                        "city": "Taipei",
                        "city_id": 1668341,
                        "country": "Taiwan",
                        "country_code": "TW",
                        "state": null,
                        "state_code": null
                    },
                    {
                        "id": "grid.19188.39",
                        "name": "National Taiwan University",
                        "city": "Taipei",
                        "city_id": 1668341,
                        "country": "Taiwan",
                        "country_code": "TW",
                        "state": null,
                        "state_code": null
                    }
                ]
            }
        ]
    ],
    "pmcid": "PMC6983407",
    "doi": "10.1073/pnas.1908898117",
    "times_cited": 1,
    "references": [
        "pub.1049834274",
        "pub.1007990557",
        "pub.1091218306",
        "pub.1055202604",
        "pub.1031642357",
        "pub.1004425514",
        "pub.1062573344",
        "pub.1030401057",
        "pub.1083379020",
        "pub.1014536983",
        "pub.1044235529",
        "pub.1015377612",
        "pub.1021987343",
        "pub.1031213195",
        "pub.1023481829",
        "pub.1038877494",
        "pub.1001498764",
        "pub.1062445604",
        "pub.1040214083",
        "pub.1092226977",
        "pub.1027980776",
        "pub.1004950285",
        "pub.1078415746",
        "pub.1011950279",
        "pub.1052994364",
        "pub.1008248416",
        "pub.1100275214",
        "pub.1051961963",
        "pub.1092480062",
        "pub.1017717294",
        "pub.1018950972",
        "pub.1060355144",
        "pub.1020686800",
        "pub.1043444220",
        "pub.1010983192",
        "pub.1051189624",
        "pub.1000609923",
        "pub.1010618562",
        "pub.1084767975",
        "pub.1050236601",
        "pub.1040369884",
        "pub.1031626643",
        "pub.1103608902",
        "pub.1021302954",
        "pub.1047644569",
        "pub.1077338642",
        "pub.1029819871"
    ]
}