{
    "research_orgs": [
        {
            "id": "grid.13097.3c",
            "linkout": [
                "http://www.kcl.ac.uk/index.aspx"
            ],
            "city_name": "London",
            "longitude": -0.116727,
            "acronym": "KCL",
            "latitude": 51.511417,
            "name": "King's College London",
            "types": [
                "Education"
            ],
            "country_name": "United Kingdom"
        },
        {
            "id": "grid.5734.5",
            "linkout": [
                "http://www.unibe.ch/eng/"
            ],
            "city_name": "Bern",
            "longitude": 7.438109,
            "acronym": "UB",
            "latitude": 46.95052,
            "name": "University of Bern",
            "types": [
                "Education"
            ],
            "country_name": "Switzerland"
        },
        {
            "id": "grid.7400.3",
            "linkout": [
                "http://www.uzh.ch/index_en.html"
            ],
            "city_name": "Zurich",
            "longitude": 8.55097,
            "acronym": "UZH",
            "latitude": 47.374535,
            "name": "University of Zurich",
            "types": [
                "Education"
            ],
            "country_name": "Switzerland"
        }
    ],
    "research_org_country_names": [
        "Switzerland",
        "United Kingdom"
    ],
    "title": "Caring for persons in detention suffering with mental illness during the Covid-19 outbreak",
    "type": "article",
    "year": 2020,
    "journal": {
        "id": "jour.1379430",
        "title": "Forensic Science International Mind and Law"
    },
    "research_org_countries": [
        {
            "id": "CH",
            "name": "Switzerland"
        },
        {
            "id": "GB",
            "name": "United Kingdom"
        }
    ],
    "date": "2020-11-01",
    "altmetric": 12.0,
    "pages": "100013",
    "id": "pub.1125114252",
    "volume": "1",
    "research_org_cities": [
        {
            "id": 2661552,
            "name": "Bern"
        },
        {
            "id": 2657896,
            "name": "Z\u00fcrich"
        },
        {
            "id": 2643743,
            "name": "London"
        }
    ],
    "open_access": [
        "Open Access - all",
        "Open Access - publisher",
        "Open Access - published"
    ],
    "author_affiliations": [
        [
            {
                "first_name": "M.",
                "last_name": "Liebrenz",
                "initials": "",
                "corresponding": true,
                "orcid": "",
                "current_organization_id": "",
                "researcher_id": "",
                "affiliations": [
                    {
                        "id": "grid.5734.5",
                        "name": "University of Bern",
                        "city": "Bern",
                        "city_id": 2661552,
                        "country": "Switzerland",
                        "country_code": "CH",
                        "state": null,
                        "state_code": null
                    }
                ]
            },
            {
                "first_name": "D.",
                "last_name": "Bhugra",
                "initials": "",
                "corresponding": "",
                "orcid": "",
                "current_organization_id": "",
                "researcher_id": "",
                "affiliations": [
                    {
                        "id": "grid.13097.3c",
                        "name": "King's College London",
                        "city": "London",
                        "city_id": 2643743,
                        "country": "United Kingdom",
                        "country_code": "GB",
                        "state": null,
                        "state_code": null
                    }
                ]
            },
            {
                "first_name": "A.",
                "last_name": "Buadze",
                "initials": "",
                "corresponding": "",
                "orcid": "",
                "current_organization_id": "",
                "researcher_id": "",
                "affiliations": [
                    {
                        "id": "grid.7400.3",
                        "name": "University of Zurich",
                        "city": "Zurich",
                        "city_id": 2657896,
                        "country": "Switzerland",
                        "country_code": "CH",
                        "state": null,
                        "state_code": null
                    }
                ]
            },
            {
                "first_name": "R.",
                "last_name": "Schleifer",
                "initials": "",
                "corresponding": "",
                "orcid": "",
                "current_organization_id": "",
                "researcher_id": "",
                "affiliations": [
                    {
                        "id": "grid.5734.5",
                        "name": "University of Bern",
                        "city": "Bern",
                        "city_id": 2661552,
                        "country": "Switzerland",
                        "country_code": "CH",
                        "state": null,
                        "state_code": null
                    }
                ]
            }
        ]
    ],
    "doi": "10.1016/j.fsiml.2020.100013",
    "times_cited": 0,
    "references": [
        "pub.1033482070",
        "pub.1012428459",
        "pub.1034554050",
        "pub.1124950455",
        "pub.1124955065",
        "pub.1124949792",
        "pub.1122667312",
        "pub.1124953618"
    ]
}