{
    "research_orgs": [
        {
            "id": "grid.189967.8",
            "linkout": [
                "http://www.emory.edu/home/index.html"
            ],
            "city_name": "Atlanta",
            "longitude": -84.32401,
            "state_name": "Georgia",
            "latitude": 33.792786,
            "name": "Emory University",
            "types": [
                "Education"
            ],
            "country_name": "United States"
        },
        {
            "id": "grid.30760.32",
            "linkout": [
                "http://www.mcw.edu/MCW"
            ],
            "city_name": "Milwaukee",
            "longitude": -88.02142,
            "acronym": "MCW",
            "state_name": "Wisconsin",
            "latitude": 43.04381,
            "name": "Medical College of Wisconsin",
            "types": [
                "Education"
            ],
            "country_name": "United States"
        }
    ],
    "research_org_country_names": [
        "United States"
    ],
    "pmid": "32020374",
    "title": "The Role of Augmented Intelligence (AI) in Detecting and Preventing the Spread of Novel Coronavirus",
    "type": "article",
    "year": 2020,
    "journal": {
        "id": "jour.1088158",
        "title": "Journal of Medical Systems"
    },
    "research_org_countries": [
        {
            "id": "US",
            "name": "United States"
        }
    ],
    "date": "2020-03-01",
    "altmetric": 11.0,
    "pages": "59",
    "research_org_state_names": [
        "Georgia",
        "Wisconsin"
    ],
    "id": "pub.1124592049",
    "volume": "44",
    "issue": "3",
    "research_org_cities": [
        {
            "id": 5263045,
            "name": "Milwaukee"
        },
        {
            "id": 4180439,
            "name": "Atlanta"
        }
    ],
    "open_access": [
        "Open Access - all",
        "Open Access - publisher",
        "Open Access - published"
    ],
    "author_affiliations": [
        [
            {
                "first_name": "Justin B.",
                "last_name": "Long",
                "initials": "",
                "corresponding": "",
                "orcid": "",
                "current_organization_id": "",
                "researcher_id": "",
                "affiliations": [
                    {
                        "id": "grid.189967.8",
                        "name": "Emory University",
                        "city": "Atlanta",
                        "city_id": 4180439,
                        "country": "United States",
                        "country_code": "US",
                        "state": "Georgia",
                        "state_code": "US-GA"
                    }
                ]
            },
            {
                "first_name": "Jesse M.",
                "last_name": "Ehrenfeld",
                "initials": "",
                "corresponding": true,
                "orcid": "",
                "current_organization_id": "",
                "researcher_id": "",
                "affiliations": [
                    {
                        "id": "grid.30760.32",
                        "name": "Medical College of Wisconsin",
                        "city": "Milwaukee",
                        "city_id": 5263045,
                        "country": "United States",
                        "country_code": "US",
                        "state": "Wisconsin",
                        "state_code": "US-WI"
                    }
                ]
            }
        ]
    ],
    "doi": "10.1007/s10916-020-1536-6",
    "times_cited": 0,
    "references": [
        "pub.1124240906",
        "pub.1124304587",
        "pub.1104650033",
        "pub.1023500308",
        "pub.1124430797",
        "pub.1124289146"
    ]
}