{
    "date": "2020-03-01",
    "title": "SARS-CoV-2 RNA more readily detected in induced sputum than in throat swabs of convalescent COVID-19 patients",
    "altmetric": 31.0,
    "research_org_cities": [
        {
            "id": 1784990,
            "name": "Zhanjiang"
        }
    ],
    "research_org_countries": [
        {
            "id": "CN",
            "name": "China"
        }
    ],
    "doi": "10.1016/s1473-3099(20)30174-2",
    "times_cited": 0,
    "research_orgs": [
        {
            "id": "grid.410560.6",
            "types": [
                "Education"
            ],
            "longitude": 113.25597,
            "linkout": [
                "http://www.gdmu.edu.cn/english.htm"
            ],
            "latitude": 23.134224,
            "name": "Guangdong Medical College",
            "city_name": "Zhanjiang",
            "country_name": "China"
        }
    ],
    "pmid": "32171389",
    "research_org_country_names": [
        "China"
    ],
    "id": "pub.1125615127",
    "journal": {
        "id": "jour.1030033",
        "title": "The Lancet Infectious Diseases"
    },
    "year": 2020,
    "references": [
        "pub.1124290823",
        "pub.1042343138"
    ],
    "author_affiliations": [
        [
            {
                "first_name": "Huanqin",
                "last_name": "Han",
                "initials": "",
                "corresponding": "",
                "orcid": "",
                "current_organization_id": "",
                "researcher_id": "",
                "affiliations": [
                    {
                        "id": "grid.410560.6",
                        "name": "Guangdong Medical College",
                        "city": "Zhanjiang",
                        "city_id": 1784990,
                        "country": "China",
                        "country_code": "CN",
                        "state": null,
                        "state_code": null
                    }
                ]
            },
            {
                "first_name": "Qingfeng",
                "last_name": "Luo",
                "initials": "",
                "corresponding": "",
                "orcid": "",
                "current_organization_id": "",
                "researcher_id": "",
                "affiliations": [
                    {
                        "id": "grid.410560.6",
                        "name": "Guangdong Medical College",
                        "city": "Zhanjiang",
                        "city_id": 1784990,
                        "country": "China",
                        "country_code": "CN",
                        "state": null,
                        "state_code": null
                    }
                ]
            },
            {
                "first_name": "Fan",
                "last_name": "Mo",
                "initials": "",
                "corresponding": "",
                "orcid": "",
                "current_organization_id": "",
                "researcher_id": "",
                "affiliations": [
                    {
                        "id": "grid.410560.6",
                        "name": "Guangdong Medical College",
                        "city": "Zhanjiang",
                        "city_id": 1784990,
                        "country": "China",
                        "country_code": "CN",
                        "state": null,
                        "state_code": null
                    }
                ]
            },
            {
                "first_name": "Lieming",
                "last_name": "Long",
                "initials": "",
                "corresponding": "",
                "orcid": "",
                "current_organization_id": "",
                "researcher_id": "",
                "affiliations": [
                    {
                        "id": "grid.410560.6",
                        "name": "Guangdong Medical College",
                        "city": "Zhanjiang",
                        "city_id": 1784990,
                        "country": "China",
                        "country_code": "CN",
                        "state": null,
                        "state_code": null
                    }
                ]
            },
            {
                "first_name": "Weiqiang",
                "last_name": "Zheng",
                "initials": "",
                "corresponding": "",
                "orcid": "",
                "current_organization_id": "",
                "researcher_id": "",
                "affiliations": [
                    {
                        "id": "grid.410560.6",
                        "name": "Guangdong Medical College",
                        "city": "Zhanjiang",
                        "city_id": 1784990,
                        "country": "China",
                        "country_code": "CN",
                        "state": null,
                        "state_code": null
                    }
                ]
            }
        ]
    ],
    "type": "article"
}