{
    "pmid": "32169251",
    "author_affiliations": [
        [
            {
                "first_name": "Richard K.",
                "last_name": "Parrish",
                "initials": "",
                "corresponding": true,
                "orcid": "",
                "current_organization_id": "grid.26790.3a",
                "researcher_id": "ur.01215460175.01",
                "affiliations": [
                    {
                        "id": "grid.26790.3a",
                        "name": "University of Miami",
                        "city": "Coral Gables",
                        "city_id": 4151871,
                        "country": "United States",
                        "country_code": "US",
                        "state": "Florida",
                        "state_code": "US-FL"
                    }
                ]
            },
            {
                "first_name": "Michael W.",
                "last_name": "Stewart",
                "initials": "",
                "corresponding": "",
                "orcid": "",
                "current_organization_id": "grid.417467.7",
                "researcher_id": "ur.01061230733.50",
                "affiliations": [
                    {
                        "id": "grid.417467.7",
                        "name": "Mayo Clinic",
                        "city": "Jacksonville",
                        "city_id": 4160021,
                        "country": "United States",
                        "country_code": "US",
                        "state": "Florida",
                        "state_code": "US-FL"
                    }
                ]
            },
            {
                "first_name": "Sarah L. Duncan",
                "last_name": "Powers",
                "initials": "",
                "corresponding": "",
                "orcid": "",
                "current_organization_id": "",
                "researcher_id": "ur.014402073044.50",
                "affiliations": [
                    {
                        "name": "American Journal of Ophthalmology, Saint Augustine, Florida, USA"
                    }
                ]
            }
        ]
    ],
    "altmetric": 28.0,
    "research_org_countries": [
        {
            "id": "US",
            "name": "United States"
        }
    ],
    "title": "Ophthalmologists Are More Than Eye Doctors\u2014In Memoriam Li Wenliang",
    "research_org_cities": [
        {
            "id": 4160021,
            "name": "Jacksonville"
        },
        {
            "id": 4170894,
            "name": "Saint Augustine"
        },
        {
            "id": 4151871,
            "name": "Coral Gables"
        }
    ],
    "research_org_state_names": [
        "Florida"
    ],
    "doi": "10.1016/j.ajo.2020.02.014",
    "times_cited": 0,
    "journal": {
        "id": "jour.1017014",
        "title": "American Journal of Ophthalmology"
    },
    "year": 2020,
    "research_orgs": [
        {
            "id": "grid.417467.7",
            "name": "Mayo Clinic",
            "linkout": [
                "http://www.mayoclinic.org/"
            ],
            "country_name": "United States",
            "types": [
                "Healthcare"
            ],
            "latitude": 30.289337,
            "state_name": "Florida",
            "city_name": "Jacksonville",
            "longitude": -81.437775
        },
        {
            "id": "grid.26790.3a",
            "name": "University of Miami",
            "linkout": [
                "http://www.miami.edu/"
            ],
            "country_name": "United States",
            "types": [
                "Education"
            ],
            "latitude": 25.71694,
            "acronym": "UM",
            "state_name": "Florida",
            "city_name": "Coral Gables",
            "longitude": -80.27577
        }
    ],
    "id": "pub.1125494219",
    "references": [
        "pub.1122305956"
    ],
    "research_org_country_names": [
        "United States"
    ],
    "date": "2020-03-01",
    "research_org_state_codes": [
        {
            "id": "US-FL",
            "name": "Florida"
        }
    ],
    "researchers": [
        {
            "id": "ur.01215460175.01",
            "research_orgs": [
                "grid.439257.e",
                "grid.26790.3a",
                "grid.4367.6"
            ],
            "last_name": "Parrish",
            "first_name": "Richard K"
        },
        {
            "id": "ur.01061230733.50",
            "research_orgs": [
                "grid.66875.3a",
                "grid.417467.7"
            ],
            "last_name": "Stewart",
            "first_name": "Michael Wesley"
        },
        {
            "id": "ur.014402073044.50",
            "last_name": "Powers",
            "first_name": "Sarah L Duncan"
        }
    ],
    "type": "article"
}