{
    "altmetric": 48.0,
    "title": "Coronavirus and children, deep-sea microbes and a bold new climate law",
    "pages": "178-179",
    "issue": "7798",
    "open_access": [
        "Open Access - all",
        "Open Access - publisher",
        "Open Access - published"
    ],
    "doi": "10.1038/d41586-020-00670-9",
    "times_cited": 0,
    "journal": {
        "id": "jour.1018957",
        "title": "Nature"
    },
    "year": 2020,
    "id": "pub.1125548373",
    "date": "2020-03-01",
    "type": "article",
    "volume": "579"
}