{
    "date": "2020-03-12",
    "title": "Inhibition of SARS-CoV-2 infection (previously 2019-nCoV) by a highly potent pan-coronavirus fusion inhibitor targeting its spike protein that harbors a high capacity to mediate membrane fusion",
    "altmetric": 46.0,
    "research_org_cities": [
        {
            "id": 1809858,
            "name": "Guangzhou"
        },
        {
            "id": 5128581,
            "name": "New York City"
        },
        {
            "id": 1796236,
            "name": "Shanghai"
        },
        {
            "id": 2910831,
            "name": "Hannover"
        },
        {
            "id": 1791247,
            "name": "Wuhan"
        },
        {
            "id": 1816670,
            "name": "Beijing"
        }
    ],
    "research_org_countries": [
        {
            "id": "CN",
            "name": "China"
        },
        {
            "id": "DE",
            "name": "Germany"
        },
        {
            "id": "US",
            "name": "United States"
        }
    ],
    "doi": "10.1101/2020.03.09.983247",
    "FOR": [
        {
            "id": "2581",
            "name": "0601 Biochemistry and Cell Biology"
        }
    ],
    "research_orgs": [
        {
            "id": "grid.284723.8",
            "acronym": "SMU",
            "state_name": "Guangdong",
            "types": [
                "Education"
            ],
            "longitude": 113.3337,
            "linkout": [
                "http://www.fimmu.com/english/"
            ],
            "latitude": 23.1862,
            "name": "Southern Medical University",
            "city_name": "Guangzhou",
            "country_name": "China"
        },
        {
            "id": "grid.250415.7",
            "acronym": "NYBC",
            "state_name": "New York",
            "types": [
                "Nonprofit"
            ],
            "longitude": -73.96005,
            "linkout": [
                "http://nybloodcenter.org/"
            ],
            "latitude": 40.76505,
            "name": "New York Blood Center",
            "city_name": "New York",
            "country_name": "United States"
        },
        {
            "id": "grid.8547.e",
            "state_name": "Shanghai",
            "types": [
                "Education"
            ],
            "longitude": 121.50361,
            "linkout": [
                "http://www.fudan.edu.cn/en/"
            ],
            "latitude": 31.297712,
            "name": "Fudan University",
            "city_name": "Shanghai",
            "country_name": "China"
        },
        {
            "id": "grid.9227.e",
            "acronym": "CAS",
            "state_name": "Beijing",
            "types": [
                "Government"
            ],
            "longitude": 116.250656,
            "linkout": [
                "http://english.cas.cn/"
            ],
            "latitude": 39.908115,
            "name": "Chinese Academy of Sciences",
            "city_name": "Beijing",
            "country_name": "China"
        }
    ],
    "times_cited": 0,
    "research_org_country_names": [
        "China",
        "Germany",
        "United States"
    ],
    "id": "pub.1125610164",
    "journal": {
        "id": "jour.1293558",
        "title": "bioRxiv"
    },
    "year": 2020,
    "references": [
        "pub.1055186179",
        "pub.1048802470",
        "pub.1124904065",
        "pub.1124462509",
        "pub.1046251276",
        "pub.1124545567",
        "pub.1033162360",
        "pub.1042333798",
        "pub.1100890575",
        "pub.1124290823",
        "pub.1103861827",
        "pub.1033689976",
        "pub.1124792559",
        "pub.1121483550",
        "pub.1124545162",
        "pub.1008179102",
        "pub.1024161496",
        "pub.1015889468",
        "pub.1124815253",
        "pub.1052285596",
        "pub.1017806827",
        "pub.1124289146",
        "pub.1125023869",
        "pub.1124952342",
        "pub.1111396192",
        "pub.1051132434",
        "pub.1034816954",
        "pub.1124462052",
        "pub.1040013245",
        "pub.1099606144",
        "pub.1084222056",
        "pub.1124556117",
        "pub.1101609037",
        "pub.1113362719",
        "pub.1062712755",
        "pub.1003745056",
        "pub.1125344658"
    ],
    "research_org_state_names": [
        "New York"
    ],
    "author_affiliations": [
        [
            {
                "first_name": "Shuai",
                "last_name": "Xia",
                "initials": "",
                "corresponding": "",
                "orcid": "",
                "current_organization_id": "",
                "researcher_id": "",
                "affiliations": [
                    {
                        "id": "grid.8547.e",
                        "name": "Fudan University",
                        "city": "Shanghai",
                        "city_id": 1796236,
                        "country": "China",
                        "country_code": "CN",
                        "state": null,
                        "state_code": null
                    }
                ]
            },
            {
                "first_name": "Meiqin",
                "last_name": "Liu",
                "initials": "",
                "corresponding": "",
                "orcid": "",
                "current_organization_id": "",
                "researcher_id": "",
                "affiliations": [
                    {
                        "name": "CAS Key Laboratory of Special Pathogens and Biosafety, Wuhan Institute of Virology, Chinese Academy of Sciences,;"
                    }
                ]
            },
            {
                "first_name": "Chao",
                "last_name": "Wang",
                "initials": "",
                "corresponding": "",
                "orcid": "",
                "current_organization_id": "",
                "researcher_id": "",
                "affiliations": [
                    {
                        "name": "State Key Laboratory of Toxicology and Medical Countermeasures , Beijing Institute of Pharmacology and Toxicology;"
                    }
                ]
            },
            {
                "first_name": "Wei",
                "last_name": "Xu",
                "initials": "",
                "corresponding": "",
                "orcid": "",
                "current_organization_id": "",
                "researcher_id": "",
                "affiliations": [
                    {
                        "id": "grid.8547.e",
                        "name": "Fudan University",
                        "city": "Shanghai",
                        "city_id": 1796236,
                        "country": "China",
                        "country_code": "CN",
                        "state": null,
                        "state_code": null
                    }
                ]
            },
            {
                "first_name": "Qiaoshuai",
                "last_name": "Lan",
                "initials": "",
                "corresponding": "",
                "orcid": "",
                "current_organization_id": "",
                "researcher_id": "",
                "affiliations": [
                    {
                        "id": "grid.8547.e",
                        "name": "Fudan University",
                        "city": "Shanghai",
                        "city_id": 1796236,
                        "country": "China",
                        "country_code": "CN",
                        "state": null,
                        "state_code": null
                    }
                ]
            },
            {
                "first_name": "Siliang",
                "last_name": "Feng",
                "initials": "",
                "corresponding": "",
                "orcid": "",
                "current_organization_id": "",
                "researcher_id": "",
                "affiliations": [
                    {
                        "name": "State Key Laboratory of Toxicology and Medical Countermeasures, Beijing Institute of Pharmacology and Toxicology;"
                    }
                ]
            },
            {
                "first_name": "Feifei",
                "last_name": "Qi",
                "initials": "",
                "corresponding": "",
                "orcid": "",
                "current_organization_id": "",
                "researcher_id": "",
                "affiliations": [
                    {
                        "name": "Key Laboratory of Human Disease Comparative Medicine, Chinese Ministry of Health, Beijing Key Laboratory for Animal Models of Emerging and Re-emerging Infectious Diseases, Institute of Laboratory Animal Science,;"
                    }
                ]
            },
            {
                "first_name": "Linlin",
                "last_name": "Bao",
                "initials": "",
                "corresponding": "",
                "orcid": "",
                "current_organization_id": "",
                "researcher_id": "",
                "affiliations": [
                    {
                        "name": "Key Laboratory of Human Disease Comparative Medicine, Chinese Ministry of Health, Beijing Key Laboratory for Animal Models of Emerging and Re-emerging Infectious Diseases, Institute of Laboratory Animal Science,;"
                    }
                ]
            },
            {
                "first_name": "Lanying",
                "last_name": "Du",
                "initials": "",
                "corresponding": "",
                "orcid": "",
                "current_organization_id": "",
                "researcher_id": "",
                "affiliations": [
                    {
                        "id": "grid.250415.7",
                        "name": "New York Blood Center",
                        "city": "New York",
                        "city_id": 5128581,
                        "country": "United States",
                        "country_code": "US",
                        "state": "New York",
                        "state_code": "US-NY"
                    }
                ]
            },
            {
                "first_name": "Shuwen",
                "last_name": "Liu",
                "initials": "",
                "corresponding": "",
                "orcid": "",
                "current_organization_id": "",
                "researcher_id": "",
                "affiliations": [
                    {
                        "id": "grid.284723.8",
                        "name": "Southern Medical University",
                        "city": "Guangzhou",
                        "city_id": 1809858,
                        "country": "China",
                        "country_code": "CN",
                        "state": null,
                        "state_code": null
                    }
                ]
            },
            {
                "first_name": "Chuan",
                "last_name": "Qin",
                "initials": "",
                "corresponding": "",
                "orcid": "",
                "current_organization_id": "",
                "researcher_id": "",
                "affiliations": [
                    {
                        "name": "Institute of Laboratory Animal Science, Chinese Academy of Medical Sciences;"
                    }
                ]
            },
            {
                "first_name": "Fei",
                "last_name": "Sun",
                "initials": "",
                "corresponding": "",
                "orcid": "",
                "current_organization_id": "",
                "researcher_id": "",
                "affiliations": [
                    {
                        "id": "grid.9227.e",
                        "name": "Chinese Academy of Sciences",
                        "city": "Beijing",
                        "city_id": 1816670,
                        "country": "China",
                        "country_code": "CN",
                        "state": null,
                        "state_code": null
                    }
                ]
            },
            {
                "first_name": "Zhengli",
                "last_name": "Shi",
                "initials": "",
                "corresponding": "",
                "orcid": "",
                "current_organization_id": "",
                "researcher_id": "",
                "affiliations": [
                    {
                        "name": "Wuhan Institute of Virology, Chinese Academy of Sciences;"
                    }
                ]
            },
            {
                "first_name": "Yun",
                "last_name": "Zhu",
                "initials": "",
                "corresponding": "",
                "orcid": "",
                "current_organization_id": "",
                "researcher_id": "",
                "affiliations": [
                    {
                        "name": "Institute of Biophysics, Chinese Academy of Sciences;"
                    }
                ]
            },
            {
                "first_name": "Shibo",
                "last_name": "Jiang",
                "initials": "",
                "corresponding": "",
                "orcid": "",
                "current_organization_id": "",
                "researcher_id": "",
                "affiliations": [
                    {
                        "id": "grid.8547.e",
                        "name": "Fudan University",
                        "city": "Shanghai",
                        "city_id": 1796236,
                        "country": "China",
                        "country_code": "CN",
                        "state": null,
                        "state_code": null
                    }
                ]
            },
            {
                "first_name": "Lu",
                "last_name": "Lu",
                "initials": "",
                "corresponding": "",
                "orcid": "",
                "current_organization_id": "",
                "researcher_id": "",
                "affiliations": [
                    {
                        "id": "grid.8547.e",
                        "name": "Fudan University",
                        "city": "Shanghai",
                        "city_id": 1796236,
                        "country": "China",
                        "country_code": "CN",
                        "state": null,
                        "state_code": null
                    }
                ]
            }
        ]
    ],
    "type": "preprint"
}