{
    "date": "2020-01-29",
    "title": "Introduction",
    "pages": "1-18",
    "doi": "10.4324/9781315660516-1",
    "times_cited": 0,
    "id": "pub.1124449452",
    "year": 2020,
    "author_affiliations": [
        [
            {
                "first_name": "Chung-in",
                "last_name": "Moon",
                "initials": "",
                "corresponding": "",
                "orcid": "",
                "current_organization_id": "",
                "researcher_id": "",
                "affiliations": []
            },
            {
                "first_name": "M Jae",
                "last_name": "Moon",
                "initials": "",
                "corresponding": "",
                "orcid": "",
                "current_organization_id": "",
                "researcher_id": "",
                "affiliations": []
            }
        ]
    ],
    "type": "chapter"
}