{
    "pmid": "32154849",
    "author_affiliations": [
        [
            {
                "first_name": "Howard K.",
                "last_name": "Koh",
                "initials": "",
                "corresponding": "",
                "orcid": "",
                "current_organization_id": "grid.38142.3c",
                "researcher_id": "ur.0753355473.38",
                "affiliations": [
                    {
                        "id": "grid.38142.3c",
                        "name": "Harvard University",
                        "city": "Cambridge",
                        "city_id": 4931972,
                        "country": "United States",
                        "country_code": "US",
                        "state": "Massachusetts",
                        "state_code": "US-MA"
                    },
                    {
                        "id": "grid.38142.3c",
                        "name": "Harvard University",
                        "city": "Cambridge",
                        "city_id": 4931972,
                        "country": "United States",
                        "country_code": "US",
                        "state": "Massachusetts",
                        "state_code": "US-MA"
                    }
                ]
            },
            {
                "first_name": "Bruce G.",
                "last_name": "Gellin",
                "initials": "",
                "corresponding": "",
                "orcid": "",
                "current_organization_id": "grid.452766.4",
                "researcher_id": "ur.0741117254.19",
                "affiliations": [
                    {
                        "id": "grid.452766.4",
                        "name": "Sabin Vaccine Institute",
                        "city": "Washington D.C.",
                        "city_id": 4140963,
                        "country": "United States",
                        "country_code": "US",
                        "state": "District of Columbia",
                        "state_code": "US-DC"
                    }
                ]
            }
        ]
    ],
    "altmetric": 35.0,
    "research_org_countries": [
        {
            "id": "US",
            "name": "United States"
        }
    ],
    "title": "Measles as Metaphor\u2014What Resurgence Means for the Future of Immunization",
    "research_org_cities": [
        {
            "id": 4140963,
            "name": "Washington, D.C."
        },
        {
            "id": 4931972,
            "name": "Cambridge"
        }
    ],
    "pages": "914-915",
    "issue": "10",
    "research_org_state_names": [
        "District of Columbia",
        "Massachusetts"
    ],
    "open_access": [
        "Open Access - all",
        "Open Access - publisher",
        "Open Access - published"
    ],
    "doi": "10.1001/jama.2020.1372",
    "times_cited": 0,
    "journal": {
        "id": "jour.1081531",
        "title": "JAMA"
    },
    "research_orgs": [
        {
            "id": "grid.452766.4",
            "name": "Sabin Vaccine Institute",
            "linkout": [
                "http://sabin.org/"
            ],
            "country_name": "United States",
            "types": [
                "Nonprofit"
            ],
            "latitude": 38.900326,
            "state_name": "District of Columbia",
            "city_name": "Washington D.C.",
            "longitude": -77.046364
        },
        {
            "id": "grid.38142.3c",
            "name": "Harvard University",
            "linkout": [
                "http://www.harvard.edu/"
            ],
            "country_name": "United States",
            "types": [
                "Education"
            ],
            "latitude": 42.377052,
            "state_name": "Massachusetts",
            "city_name": "Cambridge",
            "longitude": -71.11665
        }
    ],
    "year": 2020,
    "id": "pub.1125433636",
    "research_org_country_names": [
        "United States"
    ],
    "date": "2020-03-10",
    "research_org_state_codes": [
        {
            "id": "US-MA",
            "name": "Massachusetts"
        },
        {
            "id": "US-DC",
            "name": "District of Columbia"
        }
    ],
    "researchers": [
        {
            "id": "ur.0753355473.38",
            "research_orgs": [
                "grid.27235.31",
                "grid.415955.9",
                "grid.32224.35",
                "grid.450502.6",
                "grid.416738.f",
                "grid.488346.5",
                "grid.416511.6",
                "grid.38142.3c",
                "grid.484476.d",
                "grid.475010.7",
                "grid.266100.3",
                "grid.417919.3",
                "grid.427661.0",
                "grid.239424.a",
                "grid.417962.f",
                "grid.420559.f",
                "grid.189504.1"
            ],
            "last_name": "Koh",
            "first_name": "Howard Kyongju"
        },
        {
            "id": "ur.0741117254.19",
            "research_orgs": [
                "grid.251993.5",
                "grid.414142.6",
                "grid.452766.4",
                "grid.412807.8",
                "grid.25879.31",
                "grid.152326.1",
                "grid.484476.d",
                "grid.416738.f",
                "grid.27235.31"
            ],
            "last_name": "Gellin",
            "first_name": "Bruce G"
        }
    ],
    "type": "article",
    "volume": "323"
}