{
    "research_orgs": [
        {
            "id": "grid.5522.0",
            "linkout": [
                "http://www.uj.edu.pl/en_GB/"
            ],
            "city_name": "Krakow",
            "longitude": 19.932777,
            "latitude": 50.060833,
            "name": "Jagiellonian University",
            "types": [
                "Education"
            ],
            "country_name": "Poland"
        },
        {
            "id": "grid.419246.c",
            "linkout": [
                "http://www.sccs.pl/en/"
            ],
            "city_name": "Zabrze",
            "longitude": 18.781094,
            "acronym": "SCCS",
            "latitude": 50.313316,
            "name": "Silesian Center for Heart Disease",
            "types": [
                "Nonprofit"
            ],
            "country_name": "Poland"
        },
        {
            "id": "grid.8585.0",
            "linkout": [
                "http://en.ug.edu.pl/"
            ],
            "city_name": "Gda\u0144sk",
            "longitude": 18.577623,
            "acronym": "UG",
            "latitude": 54.39617,
            "name": "University of Gda\u0144sk",
            "types": [
                "Education"
            ],
            "country_name": "Poland"
        }
    ],
    "research_org_country_names": [
        "Poland"
    ],
    "title": "Kallikrein 13: a new player in coronaviral infections.",
    "type": "preprint",
    "year": 2020,
    "journal": {
        "id": "jour.1293558",
        "title": "bioRxiv"
    },
    "researchers": [
        {
            "id": "ur.01120742373.25",
            "research_orgs": [
                "grid.5522.0"
            ],
            "first_name": "Aleksandra",
            "last_name": "Milewska"
        },
        {
            "id": "ur.013124606010.24",
            "research_orgs": [
                "grid.5522.0"
            ],
            "first_name": "Katherine Monique",
            "last_name": "Falkowski",
            "orcid_id": [
                "0000-0002-1470-256X"
            ]
        },
        {
            "id": "ur.01034762075.44",
            "research_orgs": [
                "grid.5522.0"
            ],
            "first_name": "Magdalena",
            "last_name": "Kalinska"
        },
        {
            "id": "ur.01000606131.09",
            "research_orgs": [
                "grid.4514.4",
                "grid.5522.0"
            ],
            "first_name": "Ewa",
            "last_name": "Bielecka",
            "orcid_id": [
                "0000-0002-2631-6711"
            ]
        },
        {
            "id": "ur.0612700134.72",
            "research_orgs": [
                "grid.418825.2",
                "grid.5522.0"
            ],
            "first_name": "Antonina",
            "last_name": "Naskalska",
            "orcid_id": [
                "0000-0002-5868-1000"
            ]
        },
        {
            "id": "ur.01137501177.81",
            "research_orgs": [
                "grid.29328.32",
                "grid.5522.0"
            ],
            "first_name": "Pawe\u0142",
            "last_name": "Mak",
            "orcid_id": [
                "0000-0002-5222-3922"
            ]
        },
        {
            "id": "ur.01302006440.47",
            "research_orgs": [
                "grid.12366.30",
                "grid.8585.0",
                "grid.266813.8",
                "grid.21729.3f"
            ],
            "first_name": "Adam Jerzy",
            "last_name": "Lesner",
            "orcid_id": [
                "0000-0001-8335-3431"
            ]
        },
        {
            "id": "ur.01223245223.40",
            "research_orgs": [
                "grid.419246.c",
                "grid.411728.9"
            ],
            "first_name": "Marek",
            "last_name": "Ochman"
        },
        {
            "id": "ur.01135770013.32",
            "research_orgs": [
                "grid.419246.c",
                "grid.411728.9"
            ],
            "first_name": "Maciej",
            "last_name": "Urlik"
        },
        {
            "id": "ur.01267076617.84",
            "research_orgs": [
                "grid.1002.3",
                "grid.5335.0",
                "grid.5522.0",
                "grid.266623.5",
                "grid.418615.f",
                "grid.69566.3a",
                "grid.274841.c",
                "grid.213876.9",
                "grid.4714.6"
            ],
            "first_name": "Jan S",
            "last_name": "Potempa",
            "orcid_id": [
                "0000-0002-3600-7461"
            ]
        },
        {
            "id": "ur.01263235517.40",
            "research_orgs": [
                "grid.7914.b",
                "grid.5522.0",
                "grid.412468.d"
            ],
            "first_name": "Tomasz",
            "last_name": "Kantyka",
            "orcid_id": [
                "0000-0003-3023-2382"
            ]
        },
        {
            "id": "ur.01320577305.11",
            "research_orgs": [
                "grid.5650.6",
                "grid.7177.6",
                "grid.5522.0"
            ],
            "first_name": "Krzysztof",
            "last_name": "Pyrc",
            "orcid_id": [
                "0000-0002-3867-7688"
            ]
        }
    ],
    "FOR": [
        {
            "id": "3114",
            "name": "1108 Medical Microbiology"
        },
        {
            "id": "2581",
            "name": "0601 Biochemistry and Cell Biology"
        }
    ],
    "research_org_countries": [
        {
            "id": "PL",
            "name": "Poland"
        }
    ],
    "date": "2020-03-02",
    "altmetric": 3.0,
    "id": "pub.1125326736",
    "research_org_cities": [
        {
            "id": 3080985,
            "name": "Zabrze"
        },
        {
            "id": 3094802,
            "name": "Krak\u00f3w"
        },
        {
            "id": 3099434,
            "name": "Gda\u0144sk"
        }
    ],
    "open_access": [
        "Open Access - all",
        "Open Access - publisher",
        "Open Access - published"
    ],
    "author_affiliations": [
        [
            {
                "first_name": "Aleksandra",
                "last_name": "Milewska",
                "initials": "",
                "corresponding": "",
                "orcid": "",
                "current_organization_id": "grid.5522.0",
                "researcher_id": "ur.01120742373.25",
                "affiliations": [
                    {
                        "id": "grid.5522.0",
                        "name": "Jagiellonian University",
                        "city": "Krakow",
                        "city_id": 3094802,
                        "country": "Poland",
                        "country_code": "PL",
                        "state": null,
                        "state_code": null
                    }
                ]
            },
            {
                "first_name": "Katherine",
                "last_name": "Falkowski",
                "initials": "",
                "corresponding": "",
                "orcid": "['0000-0002-1470-256X']",
                "current_organization_id": "grid.5522.0",
                "researcher_id": "ur.013124606010.24",
                "affiliations": [
                    {
                        "id": "grid.5522.0",
                        "name": "Jagiellonian University",
                        "city": "Krakow",
                        "city_id": 3094802,
                        "country": "Poland",
                        "country_code": "PL",
                        "state": null,
                        "state_code": null
                    }
                ]
            },
            {
                "first_name": "Magdalena",
                "last_name": "Kalinska",
                "initials": "",
                "corresponding": "",
                "orcid": "",
                "current_organization_id": "grid.5522.0",
                "researcher_id": "ur.01034762075.44",
                "affiliations": [
                    {
                        "id": "grid.5522.0",
                        "name": "Jagiellonian University",
                        "city": "Krakow",
                        "city_id": 3094802,
                        "country": "Poland",
                        "country_code": "PL",
                        "state": null,
                        "state_code": null
                    }
                ]
            },
            {
                "first_name": "Ewa",
                "last_name": "Bielecka",
                "initials": "",
                "corresponding": "",
                "orcid": "['0000-0002-2631-6711']",
                "current_organization_id": "grid.5522.0",
                "researcher_id": "ur.01000606131.09",
                "affiliations": [
                    {
                        "id": "grid.5522.0",
                        "name": "Jagiellonian University",
                        "city": "Krakow",
                        "city_id": 3094802,
                        "country": "Poland",
                        "country_code": "PL",
                        "state": null,
                        "state_code": null
                    }
                ]
            },
            {
                "first_name": "Antonina",
                "last_name": "Naskalska",
                "initials": "",
                "corresponding": "",
                "orcid": "['0000-0002-5868-1000']",
                "current_organization_id": "grid.5522.0",
                "researcher_id": "ur.0612700134.72",
                "affiliations": [
                    {
                        "id": "grid.5522.0",
                        "name": "Jagiellonian University",
                        "city": "Krakow",
                        "city_id": 3094802,
                        "country": "Poland",
                        "country_code": "PL",
                        "state": null,
                        "state_code": null
                    }
                ]
            },
            {
                "first_name": "Pawel",
                "last_name": "Mak",
                "initials": "",
                "corresponding": "",
                "orcid": "['0000-0002-5222-3922']",
                "current_organization_id": "grid.5522.0",
                "researcher_id": "ur.01137501177.81",
                "affiliations": [
                    {
                        "id": "grid.5522.0",
                        "name": "Jagiellonian University",
                        "city": "Krakow",
                        "city_id": 3094802,
                        "country": "Poland",
                        "country_code": "PL",
                        "state": null,
                        "state_code": null
                    }
                ]
            },
            {
                "first_name": "Adam",
                "last_name": "Lesner",
                "initials": "",
                "corresponding": "",
                "orcid": "['0000-0001-8335-3431']",
                "current_organization_id": "grid.8585.0",
                "researcher_id": "ur.01302006440.47",
                "affiliations": [
                    {
                        "id": "grid.8585.0",
                        "name": "University of Gda\u0144sk",
                        "city": "Gda\u0144sk",
                        "city_id": 3099434,
                        "country": "Poland",
                        "country_code": "PL",
                        "state": null,
                        "state_code": null
                    }
                ]
            },
            {
                "first_name": "Marek",
                "last_name": "Ochman",
                "initials": "",
                "corresponding": "",
                "orcid": "",
                "current_organization_id": "grid.419246.c",
                "researcher_id": "ur.01223245223.40",
                "affiliations": [
                    {
                        "id": "grid.419246.c",
                        "name": "Silesian Center for Heart Disease",
                        "city": "Zabrze",
                        "city_id": 3080985,
                        "country": "Poland",
                        "country_code": "PL",
                        "state": null,
                        "state_code": null
                    }
                ]
            },
            {
                "first_name": "Maciej",
                "last_name": "Urlik",
                "initials": "",
                "corresponding": "",
                "orcid": "",
                "current_organization_id": "grid.419246.c",
                "researcher_id": "ur.01135770013.32",
                "affiliations": [
                    {
                        "id": "grid.419246.c",
                        "name": "Silesian Center for Heart Disease",
                        "city": "Zabrze",
                        "city_id": 3080985,
                        "country": "Poland",
                        "country_code": "PL",
                        "state": null,
                        "state_code": null
                    }
                ]
            },
            {
                "first_name": "Jan",
                "last_name": "Potempa",
                "initials": "",
                "corresponding": "",
                "orcid": "['0000-0002-3600-7461']",
                "current_organization_id": "grid.5522.0",
                "researcher_id": "ur.01267076617.84",
                "affiliations": [
                    {
                        "id": "grid.5522.0",
                        "name": "Jagiellonian University",
                        "city": "Krakow",
                        "city_id": 3094802,
                        "country": "Poland",
                        "country_code": "PL",
                        "state": null,
                        "state_code": null
                    }
                ]
            },
            {
                "first_name": "Tomasz",
                "last_name": "Kantyka",
                "initials": "",
                "corresponding": "",
                "orcid": "['0000-0003-3023-2382']",
                "current_organization_id": "grid.5522.0",
                "researcher_id": "ur.01263235517.40",
                "affiliations": [
                    {
                        "id": "grid.5522.0",
                        "name": "Jagiellonian University",
                        "city": "Krakow",
                        "city_id": 3094802,
                        "country": "Poland",
                        "country_code": "PL",
                        "state": null,
                        "state_code": null
                    }
                ]
            },
            {
                "first_name": "Krzysztof",
                "last_name": "Pyrc",
                "initials": "",
                "corresponding": "",
                "orcid": "['0000-0002-3867-7688']",
                "current_organization_id": "grid.5522.0",
                "researcher_id": "ur.01320577305.11",
                "affiliations": [
                    {
                        "id": "grid.5522.0",
                        "name": "Jagiellonian University",
                        "city": "Krakow",
                        "city_id": 3094802,
                        "country": "Poland",
                        "country_code": "PL",
                        "state": null,
                        "state_code": null
                    }
                ]
            }
        ]
    ],
    "doi": "10.1101/2020.03.01.971499",
    "times_cited": 0,
    "references": [
        "pub.1049986879",
        "pub.1077649703",
        "pub.1018881886",
        "pub.1009902756",
        "pub.1092713812",
        "pub.1099606144",
        "pub.1062712442",
        "pub.1039202478",
        "pub.1009040752",
        "pub.1003230664",
        "pub.1051969546",
        "pub.1060399440",
        "pub.1009074841",
        "pub.1039588010",
        "pub.1085562104",
        "pub.1010483945",
        "pub.1019243254",
        "pub.1023129719",
        "pub.1048242907",
        "pub.1030235446",
        "pub.1111322156",
        "pub.1030330206",
        "pub.1005910128",
        "pub.1010590851",
        "pub.1012080588",
        "pub.1020118238",
        "pub.1100787414",
        "pub.1023447247",
        "pub.1036342386",
        "pub.1086038080",
        "pub.1052149233",
        "pub.1016754311",
        "pub.1009341926",
        "pub.1022986518",
        "pub.1060400211",
        "pub.1030013100",
        "pub.1017567339",
        "pub.1046953570",
        "pub.1009620758",
        "pub.1020325868",
        "pub.1103754127",
        "pub.1050516195",
        "pub.1000132055",
        "pub.1032963928",
        "pub.1007483460",
        "pub.1051360258",
        "pub.1041196672",
        "pub.1053197003",
        "pub.1105625140",
        "pub.1046195728",
        "pub.1031053265",
        "pub.1028435330",
        "pub.1028073992",
        "pub.1058215281",
        "pub.1048905856",
        "pub.1015145921",
        "pub.1007503127",
        "pub.1090935475",
        "pub.1023681361",
        "pub.1027026800",
        "pub.1033578165",
        "pub.1004052665",
        "pub.1024705689",
        "pub.1020618575",
        "pub.1113049423",
        "pub.1015292649",
        "pub.1043875870",
        "pub.1017613305",
        "pub.1039150912",
        "pub.1019493864",
        "pub.1007944408",
        "pub.1033657539",
        "pub.1029593788",
        "pub.1113280494",
        "pub.1014536983",
        "pub.1000753610",
        "pub.1019644058",
        "pub.1026462295",
        "pub.1040468747",
        "pub.1020119624",
        "pub.1118101056",
        "pub.1036012089",
        "pub.1016798392",
        "pub.1064285977",
        "pub.1026311399",
        "pub.1077270217",
        "pub.1084065726",
        "pub.1041019071",
        "pub.1060399067",
        "pub.1106678582",
        "pub.1079070207",
        "pub.1077272060",
        "pub.1013357918",
        "pub.1111644096",
        "pub.1025085714",
        "pub.1033144549",
        "pub.1021473873",
        "pub.1024900924"
    ]
}