{
    "author_affiliations": [
        [
            {
                "first_name": "Sheyu",
                "last_name": "Li",
                "initials": "",
                "corresponding": "",
                "orcid": "['0000-0003-0060-0287']",
                "current_organization_id": "grid.8241.f",
                "researcher_id": "ur.01214407136.92",
                "affiliations": [
                    {
                        "name": "Department of Endocrinology and Metabolism, West China Hospital, Sichuan University, Chengdu 610041, China"
                    },
                    {
                        "name": "Chinese Evidence-based Medicine Center and MAGIC China Center, West China Hospital, Sichuan University, Chengdu 610041, China"
                    }
                ]
            },
            {
                "first_name": "Zhiyong",
                "last_name": "Zong",
                "initials": "",
                "corresponding": "",
                "orcid": "['0000-0002-7675-260X']",
                "current_organization_id": "grid.13291.38",
                "researcher_id": "ur.0613442566.19",
                "affiliations": [
                    {
                        "name": "Department of Infection Control, West China Hospital, Sichuan University, Chengdu 610041, China"
                    }
                ]
            },
            {
                "first_name": "Xin",
                "last_name": "Sun",
                "initials": "",
                "corresponding": "",
                "orcid": "",
                "current_organization_id": "",
                "researcher_id": "",
                "affiliations": [
                    {
                        "name": "Chinese Evidence-based Medicine Center and MAGIC China Center, West China Hospital, Sichuan University, Chengdu 610041, China"
                    }
                ]
            },
            {
                "first_name": "Weimin",
                "last_name": "Li",
                "initials": "",
                "corresponding": "",
                "orcid": "",
                "current_organization_id": "",
                "researcher_id": "",
                "affiliations": [
                    {
                        "name": "Department of Respiratory Medicine and Critical Care Medicine, West China Hospital, Sichuan University, Chengdu 610041, China"
                    }
                ]
            }
        ]
    ],
    "altmetric": 1.0,
    "research_org_countries": [
        {
            "id": "CN",
            "name": "China"
        }
    ],
    "title": "New evidence-based clinical practice guideline timely supports hospital infection control of coronavirus disease 2019",
    "research_org_cities": [
        {
            "id": 1815286,
            "name": "Chengdu"
        }
    ],
    "open_access": [
        "Open Access - all",
        "Open Access - publisher",
        "Open Access - published"
    ],
    "doi": "10.1093/pcmedi/pbaa008",
    "times_cited": 0,
    "journal": {
        "id": "jour.1321711",
        "title": "Precision Clinical Medicine"
    },
    "year": 2020,
    "references": [
        "pub.1052580370",
        "pub.1124427336",
        "pub.1124428749"
    ],
    "id": "pub.1125099967",
    "research_org_country_names": [
        "China"
    ],
    "date": "2020-02-24",
    "researchers": [
        {
            "id": "ur.01214407136.92",
            "research_orgs": [
                "grid.8241.f",
                "grid.412901.f"
            ],
            "last_name": "Li",
            "first_name": "Sheyu",
            "orcid_id": [
                "0000-0003-0060-0287"
            ]
        },
        {
            "id": "ur.0613442566.19",
            "research_orgs": [
                "grid.452919.2",
                "grid.1013.3",
                "grid.412901.f",
                "grid.13291.38"
            ],
            "last_name": "Zong",
            "first_name": "Zhi-Yong",
            "orcid_id": [
                "0000-0002-7675-260X"
            ]
        }
    ],
    "type": "article"
}