{
    "research_org_country_names": [
        "United Kingdom"
    ],
    "pmid": "32139632",
    "title": "Protecting wild animals",
    "type": "article",
    "year": 2020,
    "journal": {
        "id": "jour.1004415",
        "title": "Veterinary Record"
    },
    "researchers": [
        {
            "id": "ur.0665232255.81",
            "first_name": "Anthony H",
            "last_name": "Andrews"
        }
    ],
    "research_org_countries": [
        {
            "id": "GB",
            "name": "United Kingdom"
        }
    ],
    "date": "2020-03-07",
    "pages": "286",
    "id": "pub.1125436377",
    "volume": "186",
    "issue": "9",
    "research_org_cities": [
        {
            "id": 2634553,
            "name": "Welwyn"
        }
    ],
    "author_affiliations": [
        [
            {
                "first_name": "Anthony H",
                "last_name": "Andrews",
                "initials": "",
                "corresponding": "",
                "orcid": "",
                "current_organization_id": "",
                "researcher_id": "ur.0665232255.81",
                "affiliations": [
                    {
                        "name": "Acorn House, 25 Mardley Hill, Welwyn, Hertfordshire AL6 0TT."
                    }
                ]
            }
        ]
    ],
    "doi": "10.1136/vr.m839",
    "times_cited": 0
}