{
    "author_affiliations": [
        [
            {
                "first_name": "Paul",
                "last_name": "Pumpens",
                "initials": "",
                "corresponding": "",
                "orcid": "",
                "current_organization_id": "",
                "researcher_id": "",
                "affiliations": []
            }
        ]
    ],
    "title": "Pili and Hosts",
    "pages": "45-67",
    "doi": "10.1201/9780429001208-3",
    "times_cited": 0,
    "year": 2020,
    "id": "pub.1124574449",
    "date": "2020-02-03",
    "type": "chapter"
}