{
    "pmid": "32102856",
    "author_affiliations": [
        [
            {
                "first_name": "Poramed",
                "last_name": "Winichakoon",
                "initials": "",
                "corresponding": "",
                "orcid": "['0000-0003-2225-3706']",
                "current_organization_id": "grid.7132.7",
                "researcher_id": "ur.012274067550.24",
                "affiliations": [
                    {
                        "id": "grid.7132.7",
                        "name": "Chiang Mai University",
                        "city": "Chiang Mai",
                        "city_id": 1153671,
                        "country": "Thailand",
                        "country_code": "TH",
                        "state": null,
                        "state_code": null
                    }
                ]
            },
            {
                "first_name": "Romanee",
                "last_name": "Chaiwarith",
                "initials": "",
                "corresponding": "",
                "orcid": "",
                "current_organization_id": "",
                "researcher_id": "",
                "affiliations": [
                    {
                        "id": "grid.7132.7",
                        "name": "Chiang Mai University",
                        "city": "Chiang Mai",
                        "city_id": 1153671,
                        "country": "Thailand",
                        "country_code": "TH",
                        "state": null,
                        "state_code": null
                    }
                ]
            },
            {
                "first_name": "Chalerm",
                "last_name": "Liwsrisakun",
                "initials": "",
                "corresponding": "",
                "orcid": "['0000-0001-8376-2147']",
                "current_organization_id": "grid.7132.7",
                "researcher_id": "ur.0672605310.32",
                "affiliations": [
                    {
                        "id": "grid.7132.7",
                        "name": "Chiang Mai University",
                        "city": "Chiang Mai",
                        "city_id": 1153671,
                        "country": "Thailand",
                        "country_code": "TH",
                        "state": null,
                        "state_code": null
                    }
                ]
            },
            {
                "first_name": "Parichat",
                "last_name": "Salee",
                "initials": "",
                "corresponding": "",
                "orcid": "",
                "current_organization_id": "",
                "researcher_id": "",
                "affiliations": [
                    {
                        "id": "grid.7132.7",
                        "name": "Chiang Mai University",
                        "city": "Chiang Mai",
                        "city_id": 1153671,
                        "country": "Thailand",
                        "country_code": "TH",
                        "state": null,
                        "state_code": null
                    }
                ]
            },
            {
                "first_name": "Aree",
                "last_name": "Goonna",
                "initials": "",
                "corresponding": "",
                "orcid": "",
                "current_organization_id": "",
                "researcher_id": "",
                "affiliations": [
                    {
                        "name": "Infection Control Unit, Maharaj Nakorn Chiang Mai Hospital, Chiang Mai University, Chiang Mai, Thailand."
                    }
                ]
            },
            {
                "first_name": "Atikun",
                "last_name": "Limsukon",
                "initials": "",
                "corresponding": "",
                "orcid": "",
                "current_organization_id": "grid.7132.7",
                "researcher_id": "ur.01366203535.53",
                "affiliations": [
                    {
                        "id": "grid.7132.7",
                        "name": "Chiang Mai University",
                        "city": "Chiang Mai",
                        "city_id": 1153671,
                        "country": "Thailand",
                        "country_code": "TH",
                        "state": null,
                        "state_code": null
                    }
                ]
            },
            {
                "first_name": "Quanhathai",
                "last_name": "Kaewpoowat",
                "initials": "",
                "corresponding": "",
                "orcid": "",
                "current_organization_id": "grid.7132.7",
                "researcher_id": "ur.0623612446.25",
                "affiliations": [
                    {
                        "id": "grid.7132.7",
                        "name": "Chiang Mai University",
                        "city": "Chiang Mai",
                        "city_id": 1153671,
                        "country": "Thailand",
                        "country_code": "TH",
                        "state": null,
                        "state_code": null
                    },
                    {
                        "id": "grid.7132.7",
                        "name": "Chiang Mai University",
                        "city": "Chiang Mai",
                        "city_id": 1153671,
                        "country": "Thailand",
                        "country_code": "TH",
                        "state": null,
                        "state_code": null
                    }
                ]
            }
        ]
    ],
    "altmetric": 93.0,
    "research_org_countries": [
        {
            "id": "TH",
            "name": "Thailand"
        }
    ],
    "title": "Negative Nasopharyngeal and Oropharyngeal Swab Does Not Rule Out COVID-19.",
    "research_org_cities": [
        {
            "id": 1153671,
            "name": "Chiang Mai"
        }
    ],
    "open_access": [
        "Open Access - all",
        "Open Access - publisher",
        "Open Access - published"
    ],
    "doi": "10.1128/jcm.00297-20",
    "times_cited": 0,
    "journal": {
        "id": "jour.1082731",
        "title": "Journal of Clinical Microbiology"
    },
    "research_orgs": [
        {
            "id": "grid.7132.7",
            "name": "Chiang Mai University",
            "linkout": [
                "http://www.cmu.ac.th/"
            ],
            "country_name": "Thailand",
            "types": [
                "Education"
            ],
            "latitude": 18.802588,
            "acronym": "CMU",
            "state_name": "Chiang Mai",
            "city_name": "Chiang Mai",
            "longitude": 98.95155
        }
    ],
    "year": 2020,
    "id": "pub.1125173965",
    "research_org_country_names": [
        "Thailand"
    ],
    "date": "2020-02-26",
    "researchers": [
        {
            "id": "ur.012274067550.24",
            "research_orgs": [
                "grid.7132.7"
            ],
            "last_name": "Winichakoon",
            "first_name": "Poramed",
            "orcid_id": [
                "0000-0003-2225-3706"
            ]
        },
        {
            "id": "ur.0672605310.32",
            "research_orgs": [
                "grid.7132.7"
            ],
            "last_name": "Liwsrisakun",
            "first_name": "Chalerm",
            "orcid_id": [
                "0000-0001-8376-2147"
            ]
        },
        {
            "id": "ur.01366203535.53",
            "research_orgs": [
                "grid.274295.f",
                "grid.417119.b",
                "grid.416792.f",
                "grid.19006.3e",
                "grid.50956.3f",
                "grid.7132.7"
            ],
            "last_name": "Limsukon",
            "first_name": "Atikun"
        },
        {
            "id": "ur.0623612446.25",
            "research_orgs": [
                "grid.7132.7",
                "grid.21729.3f",
                "grid.267308.8"
            ],
            "last_name": "Kaewpoowat",
            "first_name": "Quanhathai"
        }
    ],
    "type": "article"
}