{
    "author_affiliations": [
        [
            {
                "first_name": "Conor",
                "last_name": "Jenkins",
                "initials": "",
                "corresponding": "",
                "orcid": "",
                "current_organization_id": "",
                "researcher_id": "",
                "affiliations": [
                    {
                        "name": "Hood College Biology Department;"
                    }
                ]
            },
            {
                "first_name": "Ben",
                "last_name": "Orsburn",
                "initials": "",
                "corresponding": "",
                "orcid": "",
                "current_organization_id": "",
                "researcher_id": "",
                "affiliations": [
                    {
                        "id": "grid.27755.32",
                        "name": "University of Virginia",
                        "city": "Charlottesville",
                        "city_id": 4752031,
                        "country": "United States",
                        "country_code": "US",
                        "state": "Virginia",
                        "state_code": "US-VA"
                    }
                ]
            }
        ]
    ],
    "altmetric": 21.0,
    "FOR": [
        {
            "id": "2581",
            "name": "0601 Biochemistry and Cell Biology"
        }
    ],
    "research_org_countries": [
        {
            "id": "US",
            "name": "United States"
        }
    ],
    "title": "In silico approach to accelerate the development of mass spectrometry-based proteomics methods for detection of viral proteins: Application to COVID-19",
    "research_org_cities": [
        {
            "id": 4355585,
            "name": "Frederick"
        },
        {
            "id": 4752031,
            "name": "Charlottesville"
        }
    ],
    "research_org_state_names": [
        "Virginia",
        "Maryland"
    ],
    "open_access": [
        "Open Access - all",
        "Open Access - publisher",
        "Open Access - published"
    ],
    "doi": "10.1101/2020.03.08.980383",
    "times_cited": 0,
    "journal": {
        "id": "jour.1293558",
        "title": "bioRxiv"
    },
    "year": 2020,
    "research_orgs": [
        {
            "id": "grid.27755.32",
            "name": "University of Virginia",
            "linkout": [
                "http://www.virginia.edu/"
            ],
            "country_name": "United States",
            "types": [
                "Education"
            ],
            "latitude": 38.035,
            "acronym": "UVA",
            "state_name": "Virginia",
            "city_name": "Charlottesville",
            "longitude": -78.505
        }
    ],
    "id": "pub.1125549001",
    "references": [
        "pub.1120481372",
        "pub.1003453581",
        "pub.1101894034",
        "pub.1123957341",
        "pub.1027597437",
        "pub.1084770047",
        "pub.1101265203",
        "pub.1047393997",
        "pub.1093099338",
        "pub.1037382203",
        "pub.1036075226",
        "pub.1016288985",
        "pub.1004300492",
        "pub.1051146666",
        "pub.1019784188",
        "pub.1064612221",
        "pub.1104292441",
        "pub.1017022036",
        "pub.1121007294",
        "pub.1023033349",
        "pub.1000798970",
        "pub.1124774543",
        "pub.1030239857",
        "pub.1034278842",
        "pub.1120606821",
        "pub.1004788445",
        "pub.1115911266",
        "pub.1036101466",
        "pub.1083958118",
        "pub.1001467058",
        "pub.1052534771",
        "pub.1110228482",
        "pub.1007970494",
        "pub.1100077396",
        "pub.1038359471",
        "pub.1049269742",
        "pub.1040572257",
        "pub.1018416408",
        "pub.1100722701",
        "pub.1101760410",
        "pub.1036379922",
        "pub.1048523701",
        "pub.1027442705",
        "pub.1040718683",
        "pub.1016733795",
        "pub.1085346871",
        "pub.1007200879",
        "pub.1052524841",
        "pub.1043469363",
        "pub.1017916231",
        "pub.1052627319",
        "pub.1100990589"
    ],
    "research_org_country_names": [
        "United States"
    ],
    "date": "2020-03-10",
    "type": "preprint"
}