{
    "volume": "110",
    "date": "2020-02-01",
    "title": "\u2018More dangerous than terrorism\u2019 \u2013 the media verus the facts",
    "researchers": [
        {
            "id": "ur.010642450113.36",
            "last_name": "Farham",
            "first_name": "B"
        }
    ],
    "pages": "169",
    "open_access": [
        "Open Access - all",
        "Open Access - publisher",
        "Open Access - published"
    ],
    "research_org_countries": [
        {
            "id": "ZA",
            "name": "South Africa"
        }
    ],
    "doi": "10.7196/samj.2020.v110i3.14654",
    "times_cited": 0,
    "research_org_country_names": [
        "South Africa"
    ],
    "id": "pub.1125127820",
    "issue": "3",
    "journal": {
        "id": "jour.1097778",
        "title": "South African Medical Journal"
    },
    "year": 2020,
    "author_affiliations": [
        [
            {
                "first_name": "B",
                "last_name": "Farham",
                "initials": "",
                "corresponding": "",
                "orcid": "",
                "current_organization_id": "",
                "researcher_id": "ur.010642450113.36",
                "affiliations": [
                    {
                        "name": "South African Medical Association, South Africa"
                    }
                ]
            }
        ]
    ],
    "type": "article"
}