{
    "author_affiliations": [
        [
            {
                "first_name": "Michael W.",
                "last_name": "Young",
                "initials": "",
                "corresponding": "",
                "orcid": "",
                "current_organization_id": "",
                "researcher_id": "",
                "affiliations": [
                    {
                        "id": "grid.134907.8",
                        "name": "Rockefeller University",
                        "city": "New York",
                        "city_id": 5128581,
                        "country": "United States",
                        "country_code": "US",
                        "state": "New York",
                        "state_code": "US-NY"
                    }
                ]
            }
        ]
    ],
    "altmetric": 4.0,
    "research_org_countries": [
        {
            "id": "US",
            "name": "United States"
        }
    ],
    "title": "David Hogness (1925\u20132019)",
    "research_org_cities": [
        {
            "id": 5128581,
            "name": "New York City"
        }
    ],
    "pages": "r194-r196",
    "issue": "5",
    "research_org_state_names": [
        "New York"
    ],
    "open_access": [
        "Open Access - all",
        "Open Access - publisher",
        "Open Access - published"
    ],
    "doi": "10.1016/j.cub.2020.01.085",
    "times_cited": 0,
    "journal": {
        "id": "jour.1101321",
        "title": "Current Biology"
    },
    "research_orgs": [
        {
            "id": "grid.134907.8",
            "name": "Rockefeller University",
            "linkout": [
                "http://www.rockefeller.edu/"
            ],
            "country_name": "United States",
            "types": [
                "Education"
            ],
            "latitude": 40.7625,
            "state_name": "New York",
            "city_name": "New York",
            "longitude": -73.95556
        }
    ],
    "year": 2020,
    "references": [
        "pub.1003891916",
        "pub.1046349726",
        "pub.1062527239",
        "pub.1004175197"
    ],
    "id": "pub.1125493460",
    "research_org_country_names": [
        "United States"
    ],
    "date": "2020-03-01",
    "type": "article",
    "volume": "30"
}