{
    "volume": "44",
    "date": "2020-02-26",
    "title": "COVID-19, Australia: Epidemiology Report 4 (Reporting week ending 19:00 AEDT 22 February 2020).",
    "altmetric": 1.0,
    "research_org_cities": [
        {
            "id": 2172517,
            "name": "Canberra"
        }
    ],
    "open_access": [
        "Open Access - all",
        "Open Access - publisher",
        "Open Access - published"
    ],
    "research_org_countries": [
        {
            "id": "AU",
            "name": "Australia"
        }
    ],
    "doi": "10.33321/cdi.2020.44.17",
    "FOR": [
        {
            "id": "3177",
            "name": "1117 Public Health and Health Services"
        }
    ],
    "times_cited": 2,
    "pmid": "32098616",
    "research_org_country_names": [
        "Australia"
    ],
    "id": "pub.1125172728",
    "journal": {
        "id": "jour.1047978",
        "title": "Communicable Diseases Intelligence"
    },
    "year": 2020,
    "references": [
        "pub.1125021589",
        "pub.1124955242",
        "pub.1083589425",
        "pub.1125028279",
        "pub.1125019516",
        "pub.1124461627",
        "pub.1124815091",
        "pub.1125089111",
        "pub.1124545162",
        "pub.1124290823",
        "pub.1124246324",
        "pub.1121647198",
        "pub.1124488133",
        "pub.1124836622",
        "pub.1125029168",
        "pub.1124787228",
        "pub.1124705628",
        "pub.1122627703"
    ],
    "research_org_state_names": [
        "ACT"
    ],
    "author_affiliations": [
        [
            {
                "first_name": "Tracy",
                "last_name": "Tsang",
                "initials": "",
                "corresponding": "",
                "orcid": "",
                "current_organization_id": "",
                "researcher_id": "",
                "affiliations": [
                    {
                        "name": "NIR Surveillance Team, Communicable Disease Epidemiology and Surveillance Section, Health Protection Policy Branch, Australian Government Department of Health"
                    }
                ]
            }
        ]
    ],
    "type": "article"
}