{
    "pmid": "31855534",
    "author_affiliations": [
        [
            {
                "first_name": "Leyi",
                "last_name": "Wang",
                "initials": "",
                "corresponding": "",
                "orcid": "",
                "current_organization_id": "",
                "researcher_id": "",
                "affiliations": []
            },
            {
                "first_name": "Richard",
                "last_name": "Fredrickson",
                "initials": "",
                "corresponding": "",
                "orcid": "",
                "current_organization_id": "",
                "researcher_id": "",
                "affiliations": []
            },
            {
                "first_name": "Michelle",
                "last_name": "Duncan",
                "initials": "",
                "corresponding": "",
                "orcid": "",
                "current_organization_id": "",
                "researcher_id": "",
                "affiliations": []
            },
            {
                "first_name": "Jonathan",
                "last_name": "Samuelson",
                "initials": "",
                "corresponding": "",
                "orcid": "",
                "current_organization_id": "",
                "researcher_id": "",
                "affiliations": []
            },
            {
                "first_name": "Shih-Hsuan",
                "last_name": "Hsiao",
                "initials": "",
                "corresponding": "",
                "orcid": "",
                "current_organization_id": "",
                "researcher_id": "",
                "affiliations": []
            }
        ]
    ],
    "altmetric": 50.0,
    "FOR": [
        {
            "id": "3114",
            "name": "1108 Medical Microbiology"
        }
    ],
    "title": "Bovine Kobuvirus in Calves with Diarrhea, United States - Volume 26, Number 1\u2014January 2020 - Emerging Infectious Diseases journal - CDC",
    "pages": "176-178",
    "issue": "1",
    "open_access": [
        "Open Access - all",
        "Open Access - publisher",
        "Open Access - published"
    ],
    "doi": "10.3201/eid2601.191227",
    "times_cited": 0,
    "journal": {
        "id": "jour.1114184",
        "title": "Emerging Infectious Diseases"
    },
    "year": 2020,
    "id": "pub.1123252111",
    "references": [
        "pub.1030324893",
        "pub.1000343235",
        "pub.1052443315",
        "pub.1026549371",
        "pub.1003517191",
        "pub.1006816147",
        "pub.1034014589",
        "pub.1100912989",
        "pub.1044447310",
        "pub.1052763282"
    ],
    "date": "2020-01-01",
    "type": "article",
    "volume": "26",
    "pmcid": "PMC6924891"
}