{
    "author_affiliations": [
        [
            {
                "first_name": "",
                "last_name": "",
                "initials": "",
                "corresponding": true,
                "orcid": "",
                "current_organization_id": "",
                "researcher_id": "",
                "affiliations": []
            }
        ]
    ],
    "title": "Ingepakt aan het werk",
    "pages": "14-15",
    "issue": "3",
    "open_access": [
        "Open Access - all",
        "Open Access - publisher",
        "Open Access - published"
    ],
    "doi": "10.1007/s41193-020-0035-y",
    "times_cited": 0,
    "journal": {
        "id": "jour.1076990",
        "title": "Nursing"
    },
    "year": 2020,
    "id": "pub.1125349145",
    "date": "2020-03-01",
    "type": "article",
    "volume": "26"
}