{
    "pmid": "32034389",
    "author_affiliations": [
        [
            {
                "first_name": "Elie",
                "last_name": "Dolgin",
                "initials": "",
                "corresponding": "",
                "orcid": "",
                "current_organization_id": "",
                "researcher_id": "ur.013261075163.42",
                "affiliations": [
                    {
                        "name": "Somerville, MA, USA"
                    }
                ]
            }
        ]
    ],
    "altmetric": 66.0,
    "research_org_countries": [
        {
            "id": "US",
            "name": "United States"
        }
    ],
    "title": "Cancer\u2013neuronal crosstalk and the startups working to silence it",
    "pages": "115-117",
    "issue": "2",
    "research_org_state_names": [
        "Massachusetts"
    ],
    "open_access": [
        "Open Access - all",
        "Open Access - publisher",
        "Open Access - published"
    ],
    "doi": "10.1038/s41587-020-0411-9",
    "times_cited": 0,
    "journal": {
        "id": "jour.1115214",
        "title": "Nature Biotechnology"
    },
    "year": 2020,
    "id": "pub.1124658713",
    "research_org_country_names": [
        "United States"
    ],
    "date": "2020-02-01",
    "research_org_state_codes": [
        {
            "id": "US-MA",
            "name": "Massachusetts"
        }
    ],
    "researchers": [
        {
            "id": "ur.013261075163.42",
            "last_name": "Dolgin",
            "first_name": "Elie"
        }
    ],
    "type": "article",
    "volume": "38"
}