{
    "title": "Effects of media reporting on mitigating spread of COVID-19 in the early phase of the outbreak",
    "pages": "2693-2707",
    "issue": "3",
    "open_access": [
        "Open Access - all",
        "Open Access - publisher",
        "Open Access - published"
    ],
    "doi": "10.3934/mbe.2020147",
    "times_cited": 0,
    "journal": {
        "id": "jour.1033105",
        "title": "Mathematical Biosciences and Engineering"
    },
    "year": 2020,
    "id": "pub.1125580925",
    "date": "2020-01-01",
    "type": "article",
    "volume": "17"
}