{
    "author_affiliations": [
        [
            {
                "first_name": "Naushad",
                "last_name": "Khan",
                "initials": "",
                "corresponding": "",
                "orcid": "",
                "current_organization_id": "",
                "researcher_id": "ur.010575276113.81",
                "affiliations": [
                    {
                        "name": "University of Agriculture, Peshawar - Institute of Development Studies"
                    }
                ]
            },
            {
                "first_name": "Mahnoor",
                "last_name": "Naushad",
                "initials": "",
                "corresponding": "",
                "orcid": "",
                "current_organization_id": "grid.412298.4",
                "researcher_id": "ur.010004230477.03",
                "affiliations": [
                    {
                        "id": "grid.412298.4",
                        "name": "University of Agriculture",
                        "city": "Peshawar",
                        "city_id": 1168197,
                        "country": "Pakistan",
                        "country_code": "PK",
                        "state": null,
                        "state_code": null
                    }
                ]
            }
        ]
    ],
    "FOR": [
        {
            "id": "3177",
            "name": "1117 Public Health and Health Services"
        }
    ],
    "research_org_countries": [
        {
            "id": "PK",
            "name": "Pakistan"
        },
        {
            "id": "CZ",
            "name": "Czechia"
        },
        {
            "id": "AT",
            "name": "Austria"
        }
    ],
    "title": "Effects of Corona Virus on the World Community",
    "research_org_cities": [
        {
            "id": 1179400,
            "name": "Faisalabad"
        },
        {
            "id": 2761369,
            "name": "Vienna"
        },
        {
            "id": 3078610,
            "name": "Brno"
        },
        {
            "id": 1168197,
            "name": "Peshawar"
        }
    ],
    "doi": "10.2139/ssrn.3532001",
    "times_cited": 0,
    "journal": {
        "id": "jour.1276748",
        "title": "SSRN Electronic Journal"
    },
    "year": 2020,
    "research_orgs": [
        {
            "id": "grid.412298.4",
            "name": "University of Agriculture",
            "linkout": [
                "http://www.aup.edu.pk/"
            ],
            "country_name": "Pakistan",
            "types": [
                "Education"
            ],
            "latitude": 34.020226,
            "acronym": "UAP",
            "city_name": "Peshawar",
            "longitude": 71.48217
        }
    ],
    "id": "pub.1124660521",
    "research_org_country_names": [
        "Pakistan",
        "Czechia",
        "Austria"
    ],
    "date": "2020-01-01",
    "researchers": [
        {
            "id": "ur.010575276113.81",
            "last_name": "Khan",
            "first_name": "Naushad"
        },
        {
            "id": "ur.010004230477.03",
            "research_orgs": [
                "grid.412298.4"
            ],
            "last_name": "Naushad",
            "first_name": "Mahnoor"
        }
    ],
    "type": "preprint"
}