{
    "author_affiliations": [
        [
            {
                "first_name": "Xinghuan",
                "last_name": "Wang",
                "initials": "",
                "corresponding": "",
                "orcid": "",
                "current_organization_id": "",
                "researcher_id": "",
                "affiliations": [
                    {
                        "id": "grid.413247.7",
                        "name": "Zhongnan Hospital of Wuhan University",
                        "city": "Wuhan",
                        "city_id": 1791247,
                        "country": "China",
                        "country_code": "CN",
                        "state": null,
                        "state_code": null
                    }
                ]
            },
            {
                "first_name": "Zhenyu",
                "last_name": "Pan",
                "initials": "",
                "corresponding": "",
                "orcid": "",
                "current_organization_id": "grid.413247.7",
                "researcher_id": "ur.01356273112.27",
                "affiliations": [
                    {
                        "id": "grid.413247.7",
                        "name": "Zhongnan Hospital of Wuhan University",
                        "city": "Wuhan",
                        "city_id": 1791247,
                        "country": "China",
                        "country_code": "CN",
                        "state": null,
                        "state_code": null
                    }
                ]
            },
            {
                "first_name": "Zhenshun",
                "last_name": "Cheng",
                "initials": "",
                "corresponding": "",
                "orcid": "",
                "current_organization_id": "grid.413247.7",
                "researcher_id": "ur.016017505455.78",
                "affiliations": [
                    {
                        "id": "grid.413247.7",
                        "name": "Zhongnan Hospital of Wuhan University",
                        "city": "Wuhan",
                        "city_id": 1791247,
                        "country": "China",
                        "country_code": "CN",
                        "state": null,
                        "state_code": null
                    }
                ]
            }
        ]
    ],
    "altmetric": 88.0,
    "FOR": [
        {
            "id": "3177",
            "name": "1117 Public Health and Health Services"
        }
    ],
    "research_org_countries": [
        {
            "id": "CN",
            "name": "China"
        }
    ],
    "title": "Association between 2019-nCoV transmission and N95 respirator use",
    "research_org_cities": [
        {
            "id": 1791247,
            "name": "Wuhan"
        }
    ],
    "pages": "2020.02.18.20021881",
    "open_access": [
        "Open Access - all",
        "Open Access - publisher",
        "Open Access - published"
    ],
    "doi": "10.1101/2020.02.18.20021881",
    "times_cited": 0,
    "journal": {
        "id": "jour.1369542",
        "title": "medRxiv"
    },
    "research_orgs": [
        {
            "id": "grid.413247.7",
            "name": "Zhongnan Hospital of Wuhan University",
            "linkout": [
                "http://www.znhospital.cn/"
            ],
            "country_name": "China",
            "types": [
                "Healthcare"
            ],
            "latitude": 30.554094,
            "city_name": "Wuhan",
            "longitude": 114.35368
        }
    ],
    "year": 2020,
    "id": "pub.1124961513",
    "research_org_country_names": [
        "China"
    ],
    "date": "2020-02-19",
    "researchers": [
        {
            "id": "ur.01356273112.27",
            "research_orgs": [
                "grid.49470.3e",
                "grid.413247.7"
            ],
            "last_name": "Pan",
            "first_name": "Zhen-Yu"
        },
        {
            "id": "ur.016017505455.78",
            "research_orgs": [
                "grid.413247.7"
            ],
            "last_name": "Cheng",
            "first_name": "Zhenshun"
        }
    ],
    "type": "article"
}