{
    "research_org_country_names": [
        "China"
    ],
    "pmid": "32102140",
    "title": "[Facing the pandemic of 2019 novel coronavirus infections: the pediatric perspectives].",
    "type": "article",
    "year": 2020,
    "journal": {
        "id": "jour.1019629",
        "title": "Chinese journal of pediatrics"
    },
    "researchers": [
        {
            "id": "ur.0637731621.12",
            "research_orgs": [
                "grid.412793.a",
                "grid.33199.31",
                "grid.430605.4"
            ],
            "first_name": "Feng",
            "last_name": "Fang"
        }
    ],
    "research_org_countries": [
        {
            "id": "CN",
            "name": "China"
        }
    ],
    "date": "2020-02-02",
    "altmetric": 1.0,
    "pages": "81-85",
    "id": "pub.1125173482",
    "volume": "58",
    "issue": "2",
    "research_org_cities": [
        {
            "id": 1791247,
            "name": "Wuhan"
        }
    ],
    "author_affiliations": [
        [
            {
                "first_name": "F",
                "last_name": "Fang",
                "initials": "",
                "corresponding": "",
                "orcid": "",
                "current_organization_id": "grid.412793.a",
                "researcher_id": "ur.0637731621.12",
                "affiliations": [
                    {
                        "name": "Department of Pediatrics, Tongji Hospital, Tongji Medical College, Huazhong University of Science and Technology, Wuhan 430030, China."
                    }
                ]
            },
            {
                "first_name": "X P",
                "last_name": "Luo",
                "initials": "",
                "corresponding": "",
                "orcid": "",
                "current_organization_id": "",
                "researcher_id": "",
                "affiliations": [
                    {
                        "name": "Department of Pediatrics, Tongji Hospital, Tongji Medical College, Huazhong University of Science and Technology, Wuhan 430030, China."
                    }
                ]
            }
        ]
    ],
    "doi": "10.3760/cma.j.issn.0578-1310.2020.02.001",
    "times_cited": 0
}