{
    "volume": "13",
    "date": "2020-01-01",
    "title": "Imported cases of 2019-novel coronavirus (2019-nCoV) infections in Thailand: Mathematical modelling of the outbreak",
    "researchers": [
        {
            "id": "ur.01233321363.63",
            "last_name": "Sookaromdee",
            "first_name": "Pathum"
        },
        {
            "id": "ur.01327056224.83",
            "last_name": "Wiwanitkit",
            "first_name": "Viroj",
            "research_orgs": [
                "grid.10223.32",
                "grid.443690.c",
                "grid.443397.e",
                "grid.444201.7",
                "grid.411628.8",
                "grid.442554.6",
                "grid.440681.f",
                "grid.444604.6",
                "grid.452387.f",
                "grid.11374.30",
                "grid.32056.32",
                "grid.7922.e",
                "grid.428986.9",
                "grid.479978.c",
                "grid.419934.2"
            ]
        }
    ],
    "pages": "139",
    "doi": "10.4103/1995-7645.277516",
    "times_cited": 1,
    "id": "pub.1124642016",
    "issue": "3",
    "journal": {
        "id": "jour.1043670",
        "title": "Asian Pacific Journal of Tropical Medicine"
    },
    "year": 2020,
    "references": [
        "pub.1124460938",
        "pub.1124289146"
    ],
    "author_affiliations": [
        [
            {
                "first_name": "Pathum",
                "last_name": "Sookaromdee",
                "initials": "",
                "corresponding": "",
                "orcid": "",
                "current_organization_id": "",
                "researcher_id": "ur.01233321363.63",
                "affiliations": []
            },
            {
                "first_name": "Viroj",
                "last_name": "Wiwanitkit",
                "initials": "",
                "corresponding": "",
                "orcid": "",
                "current_organization_id": "grid.440681.f",
                "researcher_id": "ur.01327056224.83",
                "affiliations": []
            }
        ]
    ],
    "type": "article"
}