{
    "date": "2020-02-11",
    "title": "Assessing the plausibility of subcritical transmission of 2019-nCoV in the United States",
    "researchers": [
        {
            "id": "ur.0721116126.79",
            "last_name": "Blumberg",
            "first_name": "Seth",
            "orcid_id": [
                "0000-0001-5495-4238"
            ],
            "research_orgs": [
                "grid.416893.1",
                "grid.420089.7",
                "grid.453035.4",
                "grid.266102.1",
                "grid.19006.3e",
                "grid.137628.9",
                "grid.413077.6"
            ]
        },
        {
            "id": "ur.07535670117.37",
            "last_name": "Lietman",
            "first_name": "Thomas M",
            "orcid_id": [
                "0000-0001-8216-0240"
            ],
            "research_orgs": [
                "grid.413854.f",
                "grid.137628.9",
                "grid.266102.1",
                "grid.418694.6",
                "grid.21107.35",
                "grid.413077.6",
                "grid.416738.f"
            ]
        },
        {
            "id": "ur.01100443070.63",
            "last_name": "Porco",
            "first_name": "Travis Christian",
            "research_orgs": [
                "grid.47840.3f",
                "grid.62562.35",
                "grid.266102.1",
                "grid.410359.a",
                "grid.236813.d",
                "grid.19006.3e",
                "grid.418694.6",
                "grid.413077.6",
                "grid.236815.b"
            ]
        }
    ],
    "research_org_state_codes": [
        {
            "id": "US-CA",
            "name": "California"
        }
    ],
    "altmetric": 2.0,
    "pages": "2020.02.08.20021311",
    "research_org_cities": [
        {
            "id": 5391959,
            "name": "San Francisco"
        }
    ],
    "open_access": [
        "Open Access - all",
        "Open Access - publisher",
        "Open Access - published"
    ],
    "research_org_countries": [
        {
            "id": "US",
            "name": "United States"
        }
    ],
    "doi": "10.1101/2020.02.08.20021311",
    "FOR": [
        {
            "id": "3177",
            "name": "1117 Public Health and Health Services"
        }
    ],
    "times_cited": 0,
    "research_orgs": [
        {
            "id": "grid.266102.1",
            "acronym": "UCSF",
            "state_name": "California",
            "types": [
                "Education"
            ],
            "longitude": -122.45767,
            "linkout": [
                "https://www.ucsf.edu/"
            ],
            "latitude": 37.7628,
            "name": "University of California, San Francisco",
            "city_name": "San Francisco",
            "country_name": "United States"
        }
    ],
    "research_org_country_names": [
        "United States"
    ],
    "id": "pub.1124815265",
    "journal": {
        "id": "jour.1369542",
        "title": "medRxiv"
    },
    "year": 2020,
    "research_org_state_names": [
        "California"
    ],
    "author_affiliations": [
        [
            {
                "first_name": "Seth",
                "last_name": "Blumberg",
                "initials": "",
                "corresponding": "",
                "orcid": "['0000-0001-5495-4238']",
                "current_organization_id": "grid.266102.1",
                "researcher_id": "ur.0721116126.79",
                "affiliations": [
                    {
                        "id": "grid.266102.1",
                        "name": "University of California, San Francisco",
                        "city": "San Francisco",
                        "city_id": 5391959,
                        "country": "United States",
                        "country_code": "US",
                        "state": "California",
                        "state_code": "US-CA"
                    }
                ]
            },
            {
                "first_name": "Thomas M",
                "last_name": "Lietman",
                "initials": "",
                "corresponding": "",
                "orcid": "['0000-0001-8216-0240']",
                "current_organization_id": "grid.266102.1",
                "researcher_id": "ur.07535670117.37",
                "affiliations": [
                    {
                        "id": "grid.266102.1",
                        "name": "University of California, San Francisco",
                        "city": "San Francisco",
                        "city_id": 5391959,
                        "country": "United States",
                        "country_code": "US",
                        "state": "California",
                        "state_code": "US-CA"
                    }
                ]
            },
            {
                "first_name": "Travis C",
                "last_name": "Porco",
                "initials": "",
                "corresponding": "",
                "orcid": "",
                "current_organization_id": "grid.266102.1",
                "researcher_id": "ur.01100443070.63",
                "affiliations": [
                    {
                        "id": "grid.266102.1",
                        "name": "University of California, San Francisco",
                        "city": "San Francisco",
                        "city_id": 5391959,
                        "country": "United States",
                        "country_code": "US",
                        "state": "California",
                        "state_code": "US-CA"
                    }
                ]
            }
        ]
    ],
    "type": "article"
}