{
    "date": "2020-01-01",
    "title": "Chapter 17 Antimicrobial lead compounds from marine plants",
    "pages": "257-274",
    "research_org_cities": [
        {
            "id": 1257416,
            "name": "S\u0101ngli"
        }
    ],
    "research_org_countries": [
        {
            "id": "IN",
            "name": "India"
        }
    ],
    "doi": "10.1016/b978-0-12-817890-4.00017-2",
    "FOR": [
        {
            "id": "2597",
            "name": "0602 Ecology"
        },
        {
            "id": "2634",
            "name": "0605 Microbiology"
        },
        {
            "id": "2648",
            "name": "0607 Plant Biology"
        },
        {
            "id": "2558",
            "name": "0502 Environmental Science and Management"
        }
    ],
    "times_cited": 0,
    "research_org_country_names": [
        "India"
    ],
    "id": "pub.1124286129",
    "year": 2020,
    "references": [
        "pub.1091491485",
        "pub.1033199973",
        "pub.1056023676",
        "pub.1003755355",
        "pub.1008543708",
        "pub.1052869111",
        "pub.1040095158",
        "pub.1091219680",
        "pub.1026408693",
        "pub.1038537341",
        "pub.1048032912",
        "pub.1017365900",
        "pub.1020432715",
        "pub.1056230561",
        "pub.1000010468",
        "pub.1024246811",
        "pub.1060391997",
        "pub.1014539480",
        "pub.1056238038",
        "pub.1055719243",
        "pub.1056239819",
        "pub.1040234048",
        "pub.1056029640",
        "pub.1030968355",
        "pub.1000255408",
        "pub.1019239950",
        "pub.1028316502",
        "pub.1056230605",
        "pub.1027184645",
        "pub.1036754561",
        "pub.1032194293",
        "pub.1049017816",
        "pub.1009194099",
        "pub.1022783159",
        "pub.1001588197",
        "pub.1009585981",
        "pub.1077607213",
        "pub.1039563535",
        "pub.1045847018",
        "pub.1003415349",
        "pub.1018777921",
        "pub.1034506336",
        "pub.1044031594",
        "pub.1044109963",
        "pub.1024033741",
        "pub.1032201082",
        "pub.1070998195",
        "pub.1010760215",
        "pub.1016109460",
        "pub.1016515066",
        "pub.1057499937",
        "pub.1006963742",
        "pub.1055871780",
        "pub.1038745347",
        "pub.1051188995",
        "pub.1056237466",
        "pub.1016546430",
        "pub.1008241024",
        "pub.1038996154",
        "pub.1011480703",
        "pub.1044848612",
        "pub.1018167669",
        "pub.1043319790",
        "pub.1042409225",
        "pub.1028953069",
        "pub.1019975677",
        "pub.1014013793",
        "pub.1022941743",
        "pub.1076965441",
        "pub.1008556864",
        "pub.1038879362",
        "pub.1024980803",
        "pub.1022587034",
        "pub.1010178938",
        "pub.1101700252",
        "pub.1003050270",
        "pub.1019922047",
        "pub.1007329885",
        "pub.1010793604",
        "pub.1052491068",
        "pub.1056032303",
        "pub.1037889221",
        "pub.1011450605",
        "pub.1003392176",
        "pub.1056229233",
        "pub.1009018056",
        "pub.1037996256",
        "pub.1029630727",
        "pub.1077995238",
        "pub.1056259045",
        "pub.1013704272",
        "pub.1047115293",
        "pub.1021394769",
        "pub.1056230866",
        "pub.1040670536",
        "pub.1017441468",
        "pub.1084823068",
        "pub.1056230586",
        "pub.1014991653",
        "pub.1009470148",
        "pub.1010202903",
        "pub.1056237558",
        "pub.1042812676",
        "pub.1056258021",
        "pub.1046950653",
        "pub.1084034626",
        "pub.1004520008",
        "pub.1000987044",
        "pub.1015431769",
        "pub.1028862637",
        "pub.1069182968",
        "pub.1014492754",
        "pub.1050205912",
        "pub.1101259826",
        "pub.1082794071",
        "pub.1033851269",
        "pub.1021850872",
        "pub.1011124648",
        "pub.1056832672",
        "pub.1056035276",
        "pub.1033283479",
        "pub.1045480314",
        "pub.1091372717",
        "pub.1056231332",
        "pub.1056257613",
        "pub.1041615118",
        "pub.1077116457",
        "pub.1056231200",
        "pub.1053417243",
        "pub.1056230517",
        "pub.1006247681",
        "pub.1033358600",
        "pub.1056237341",
        "pub.1028298424",
        "pub.1040404083",
        "pub.1026533001",
        "pub.1052227072",
        "pub.1038800109",
        "pub.1091372114",
        "pub.1014246826",
        "pub.1011425822",
        "pub.1019840426",
        "pub.1046630090",
        "pub.1055977434",
        "pub.1012676203",
        "pub.1043626685",
        "pub.1090747145",
        "pub.1013479495",
        "pub.1012207303",
        "pub.1056250681",
        "pub.1014447321",
        "pub.1012944450",
        "pub.1056260074",
        "pub.1001563751",
        "pub.1034152295",
        "pub.1056259388",
        "pub.1056237941",
        "pub.1019792889",
        "pub.1056230390",
        "pub.1056237800",
        "pub.1056230911",
        "pub.1068155153",
        "pub.1042875368",
        "pub.1018732702",
        "pub.1027878781",
        "pub.1038148623",
        "pub.1056237827",
        "pub.1000067468",
        "pub.1010881746",
        "pub.1045366323",
        "pub.1056229695",
        "pub.1035734596"
    ],
    "author_affiliations": [
        [
            {
                "first_name": "Jaya Vikas",
                "last_name": "Kurhekar",
                "initials": "",
                "corresponding": "",
                "orcid": "",
                "current_organization_id": "",
                "researcher_id": "",
                "affiliations": [
                    {
                        "name": "Department of Microbiology, Sangli, Maharashtra, India"
                    }
                ]
            }
        ]
    ],
    "type": "chapter"
}