{
    "volume": "165",
    "date": "2020-03-01",
    "title": "A recombinant infectious bronchitis virus from a chicken with a spike gene closely related to that of a turkey coronavirus",
    "researchers": [
        {
            "id": "ur.01353522473.08",
            "last_name": "Yang",
            "first_name": "Shixing",
            "orcid_id": [
                "0000-0001-9899-8291"
            ],
            "research_orgs": [
                "grid.440785.a",
                "grid.16821.3c"
            ]
        },
        {
            "id": "ur.013577711403.00",
            "last_name": "Ling",
            "first_name": "Yu",
            "research_orgs": [
                "grid.440785.a"
            ]
        },
        {
            "id": "ur.013670607040.19",
            "last_name": "Song",
            "first_name": "Qianben",
            "research_orgs": [
                "grid.440785.a"
            ]
        },
        {
            "id": "ur.011500265440.14",
            "last_name": "Li",
            "first_name": "Chuang",
            "research_orgs": [
                "grid.440785.a"
            ]
        },
        {
            "id": "ur.01014653654.79",
            "last_name": "Deng",
            "first_name": "Xu-Tao",
            "research_orgs": [
                "grid.27860.3b",
                "grid.457054.7",
                "grid.239560.b",
                "grid.170693.a",
                "grid.266102.1",
                "grid.411838.7",
                "grid.11899.38",
                "grid.280902.1",
                "grid.168010.e",
                "grid.42505.36",
                "grid.94365.3d",
                "grid.31151.37"
            ]
        },
        {
            "id": "ur.01303513003.29",
            "last_name": "Delwart",
            "first_name": "Eric L",
            "orcid_id": [
                "0000-0002-6296-4484"
            ],
            "research_orgs": [
                "grid.4305.2",
                "grid.4991.5",
                "grid.497035.c",
                "grid.16821.3c",
                "grid.418404.d",
                "grid.418158.1",
                "grid.16697.3f",
                "grid.31151.37",
                "grid.418424.f",
                "grid.411024.2",
                "grid.214007.0",
                "grid.263081.e",
                "grid.411838.7",
                "grid.448337.f",
                "grid.5734.5",
                "grid.6203.7",
                "grid.19006.3e",
                "grid.7737.4",
                "grid.27860.3b",
                "grid.280587.0",
                "grid.411950.8",
                "grid.418485.4",
                "grid.9783.5",
                "grid.266102.1",
                "grid.11899.38",
                "grid.416491.f",
                "grid.416754.5",
                "grid.168010.e",
                "grid.137628.9",
                "grid.448376.a",
                "grid.35155.37",
                "grid.134996.0",
                "grid.213876.9",
                "grid.134907.8",
                "grid.457054.7",
                "grid.170693.a",
                "grid.167436.1",
                "grid.280902.1",
                "grid.411628.8",
                "grid.10604.33",
                "grid.14003.36",
                "grid.240952.8"
            ]
        },
        {
            "id": "ur.01314272147.25",
            "last_name": "Zhang",
            "first_name": "Wen",
            "research_orgs": [
                "grid.266102.1",
                "grid.440785.a",
                "grid.261331.4",
                "grid.16821.3c",
                "grid.452857.9",
                "grid.280902.1"
            ]
        }
    ],
    "altmetric": 1.0,
    "pages": "703-707",
    "research_org_cities": [
        {
            "id": 1808722,
            "name": "Hefei"
        },
        {
            "id": 1784642,
            "name": "Zhenjiang"
        },
        {
            "id": 5391959,
            "name": "San Francisco"
        }
    ],
    "open_access": [
        "Open Access - all",
        "Open Access - publisher",
        "Open Access - published"
    ],
    "research_org_countries": [
        {
            "id": "US",
            "name": "United States"
        },
        {
            "id": "CN",
            "name": "China"
        }
    ],
    "doi": "10.1007/s00705-019-04488-3",
    "FOR": [
        {
            "id": "2620",
            "name": "0604 Genetics"
        }
    ],
    "research_orgs": [
        {
            "id": "grid.266102.1",
            "acronym": "UCSF",
            "state_name": "California",
            "types": [
                "Education"
            ],
            "longitude": -122.45767,
            "linkout": [
                "https://www.ucsf.edu/"
            ],
            "latitude": 37.7628,
            "name": "University of California, San Francisco",
            "city_name": "San Francisco",
            "country_name": "United States"
        },
        {
            "id": "grid.411389.6",
            "acronym": "AAU",
            "types": [
                "Education"
            ],
            "longitude": 117.25733,
            "linkout": [
                "http://www.ahau.edu.cn/"
            ],
            "latitude": 31.860065,
            "name": "Anhui Agricultural University",
            "city_name": "Hefei",
            "country_name": "China"
        },
        {
            "id": "grid.440785.a",
            "types": [
                "Education"
            ],
            "longitude": 119.51917,
            "linkout": [
                "http://www.ujs.edu.cn/site1/"
            ],
            "latitude": 32.193966,
            "name": "Jiangsu University",
            "city_name": "Zhenjiang",
            "country_name": "China"
        }
    ],
    "times_cited": 0,
    "pmid": "31982944",
    "funders": [
        {
            "id": "grid.419696.5",
            "acronym": "NSFC",
            "types": [
                "Government"
            ],
            "longitude": 116.33983,
            "linkout": [
                "http://www.nsfc.gov.cn/publish/portal1/"
            ],
            "latitude": 40.005177,
            "name": "National Natural Science Foundation of China",
            "city_name": "Beijing",
            "country_name": "China"
        }
    ],
    "research_org_country_names": [
        "United States",
        "China"
    ],
    "id": "pub.1124331015",
    "issue": "3",
    "journal": {
        "id": "jour.1083335",
        "title": "Archives of Virology"
    },
    "year": 2020,
    "references": [
        "pub.1017837695",
        "pub.1041385240",
        "pub.1012248325",
        "pub.1083848330",
        "pub.1007415045",
        "pub.1078052211",
        "pub.1091888569",
        "pub.1090974154",
        "pub.1007683223",
        "pub.1026613775",
        "pub.1049273973",
        "pub.1034021905",
        "pub.1046903878",
        "pub.1053037263",
        "pub.1001984080",
        "pub.1015194139",
        "pub.1103519764",
        "pub.1017759071",
        "pub.1105672948",
        "pub.1049798602"
    ],
    "research_org_state_names": [
        "California"
    ],
    "author_affiliations": [
        [
            {
                "first_name": "Yan",
                "last_name": "Wang",
                "initials": "",
                "corresponding": "",
                "orcid": "",
                "current_organization_id": "",
                "researcher_id": "",
                "affiliations": [
                    {
                        "id": "grid.411389.6",
                        "name": "Anhui Agricultural University",
                        "city": "Hefei",
                        "city_id": 1808722,
                        "country": "China",
                        "country_code": "CN",
                        "state": null,
                        "state_code": null
                    },
                    {
                        "id": "grid.440785.a",
                        "name": "Jiangsu University",
                        "city": "Zhenjiang",
                        "city_id": 1784642,
                        "country": "China",
                        "country_code": "CN",
                        "state": null,
                        "state_code": null
                    }
                ]
            },
            {
                "first_name": "Xuejiao",
                "last_name": "Cui",
                "initials": "",
                "corresponding": "",
                "orcid": "",
                "current_organization_id": "",
                "researcher_id": "",
                "affiliations": [
                    {
                        "id": "grid.411389.6",
                        "name": "Anhui Agricultural University",
                        "city": "Hefei",
                        "city_id": 1808722,
                        "country": "China",
                        "country_code": "CN",
                        "state": null,
                        "state_code": null
                    }
                ]
            },
            {
                "first_name": "Xu",
                "last_name": "Chen",
                "initials": "",
                "corresponding": "",
                "orcid": "",
                "current_organization_id": "",
                "researcher_id": "",
                "affiliations": [
                    {
                        "id": "grid.440785.a",
                        "name": "Jiangsu University",
                        "city": "Zhenjiang",
                        "city_id": 1784642,
                        "country": "China",
                        "country_code": "CN",
                        "state": null,
                        "state_code": null
                    }
                ]
            },
            {
                "first_name": "Shixing",
                "last_name": "Yang",
                "initials": "",
                "corresponding": "",
                "orcid": "['0000-0001-9899-8291']",
                "current_organization_id": "grid.440785.a",
                "researcher_id": "ur.01353522473.08",
                "affiliations": [
                    {
                        "id": "grid.440785.a",
                        "name": "Jiangsu University",
                        "city": "Zhenjiang",
                        "city_id": 1784642,
                        "country": "China",
                        "country_code": "CN",
                        "state": null,
                        "state_code": null
                    }
                ]
            },
            {
                "first_name": "Yu",
                "last_name": "Ling",
                "initials": "",
                "corresponding": "",
                "orcid": "",
                "current_organization_id": "grid.440785.a",
                "researcher_id": "ur.013577711403.00",
                "affiliations": [
                    {
                        "id": "grid.440785.a",
                        "name": "Jiangsu University",
                        "city": "Zhenjiang",
                        "city_id": 1784642,
                        "country": "China",
                        "country_code": "CN",
                        "state": null,
                        "state_code": null
                    }
                ]
            },
            {
                "first_name": "Qianben",
                "last_name": "Song",
                "initials": "",
                "corresponding": "",
                "orcid": "",
                "current_organization_id": "grid.440785.a",
                "researcher_id": "ur.013670607040.19",
                "affiliations": [
                    {
                        "id": "grid.440785.a",
                        "name": "Jiangsu University",
                        "city": "Zhenjiang",
                        "city_id": 1784642,
                        "country": "China",
                        "country_code": "CN",
                        "state": null,
                        "state_code": null
                    }
                ]
            },
            {
                "first_name": "Su",
                "last_name": "Zhu",
                "initials": "",
                "corresponding": "",
                "orcid": "",
                "current_organization_id": "",
                "researcher_id": "",
                "affiliations": [
                    {
                        "id": "grid.440785.a",
                        "name": "Jiangsu University",
                        "city": "Zhenjiang",
                        "city_id": 1784642,
                        "country": "China",
                        "country_code": "CN",
                        "state": null,
                        "state_code": null
                    }
                ]
            },
            {
                "first_name": "Luying",
                "last_name": "Sun",
                "initials": "",
                "corresponding": "",
                "orcid": "",
                "current_organization_id": "",
                "researcher_id": "",
                "affiliations": [
                    {
                        "id": "grid.440785.a",
                        "name": "Jiangsu University",
                        "city": "Zhenjiang",
                        "city_id": 1784642,
                        "country": "China",
                        "country_code": "CN",
                        "state": null,
                        "state_code": null
                    }
                ]
            },
            {
                "first_name": "Chuang",
                "last_name": "Li",
                "initials": "",
                "corresponding": "",
                "orcid": "",
                "current_organization_id": "grid.440785.a",
                "researcher_id": "ur.011500265440.14",
                "affiliations": [
                    {
                        "id": "grid.440785.a",
                        "name": "Jiangsu University",
                        "city": "Zhenjiang",
                        "city_id": 1784642,
                        "country": "China",
                        "country_code": "CN",
                        "state": null,
                        "state_code": null
                    }
                ]
            },
            {
                "first_name": "Yu",
                "last_name": "Li",
                "initials": "",
                "corresponding": true,
                "orcid": "",
                "current_organization_id": "",
                "researcher_id": "",
                "affiliations": [
                    {
                        "id": "grid.411389.6",
                        "name": "Anhui Agricultural University",
                        "city": "Hefei",
                        "city_id": 1808722,
                        "country": "China",
                        "country_code": "CN",
                        "state": null,
                        "state_code": null
                    }
                ]
            },
            {
                "first_name": "Xutao",
                "last_name": "Deng",
                "initials": "",
                "corresponding": "",
                "orcid": "",
                "current_organization_id": "grid.266102.1",
                "researcher_id": "ur.01014653654.79",
                "affiliations": [
                    {
                        "name": "Vitalant Research Institute, 270 Masonic Avenue, 941187, San Francisco, CA, USA"
                    },
                    {
                        "id": "grid.266102.1",
                        "name": "University of California, San Francisco",
                        "city": "San Francisco",
                        "city_id": 5391959,
                        "country": "United States",
                        "country_code": "US",
                        "state": "California",
                        "state_code": "US-CA"
                    }
                ]
            },
            {
                "first_name": "Eric",
                "last_name": "Delwart",
                "initials": "",
                "corresponding": "",
                "orcid": "['0000-0002-6296-4484']",
                "current_organization_id": "grid.266102.1",
                "researcher_id": "ur.01303513003.29",
                "affiliations": [
                    {
                        "name": "Vitalant Research Institute, 270 Masonic Avenue, 941187, San Francisco, CA, USA"
                    },
                    {
                        "id": "grid.266102.1",
                        "name": "University of California, San Francisco",
                        "city": "San Francisco",
                        "city_id": 5391959,
                        "country": "United States",
                        "country_code": "US",
                        "state": "California",
                        "state_code": "US-CA"
                    }
                ]
            },
            {
                "first_name": "Wen",
                "last_name": "Zhang",
                "initials": "",
                "corresponding": true,
                "orcid": "",
                "current_organization_id": "grid.440785.a",
                "researcher_id": "ur.01314272147.25",
                "affiliations": [
                    {
                        "id": "grid.440785.a",
                        "name": "Jiangsu University",
                        "city": "Zhenjiang",
                        "city_id": 1784642,
                        "country": "China",
                        "country_code": "CN",
                        "state": null,
                        "state_code": null
                    }
                ]
            }
        ]
    ],
    "type": "article"
}