{
    "research_orgs": [
        {
            "id": "grid.415696.9",
            "linkout": [
                "http://www.moh.gov.sa/en/Pages/Sitemap.aspx"
            ],
            "city_name": "Riyadh",
            "longitude": 46.715557,
            "acronym": "MOH",
            "latitude": 24.657778,
            "name": "Ministry of Health",
            "types": [
                "Government"
            ],
            "country_name": "Saudi Arabia"
        },
        {
            "id": "grid.414603.4",
            "linkout": [
                "http://www.salute.gov.it/portale/temi/p2_6.jsp?lingua=italiano&id=794&area=Ricerca%20sanitaria&menu=ssn"
            ],
            "city_name": "Rome",
            "longitude": 12.462636,
            "acronym": "IRCCS",
            "latitude": 41.895832,
            "name": "Istituti di Ricovero e Cura a Carattere Scientifico",
            "types": [
                "Healthcare"
            ],
            "country_name": "Italy"
        },
        {
            "id": "grid.411335.1",
            "linkout": [
                "http://www.alfaisal.edu/"
            ],
            "city_name": "Riyadh",
            "longitude": 46.675922,
            "latitude": 24.664322,
            "name": "Alfaisal University",
            "types": [
                "Education"
            ],
            "country_name": "Saudi Arabia"
        },
        {
            "id": "grid.415703.4",
            "linkout": [
                "https://www.moh.gov.om/"
            ],
            "city_name": "Muscat",
            "longitude": 58.546562,
            "acronym": "MOH",
            "latitude": 23.612696,
            "name": "Ministry of Health",
            "types": [
                "Government"
            ],
            "country_name": "Oman"
        },
        {
            "id": "grid.189967.8",
            "linkout": [
                "http://www.emory.edu/home/index.html"
            ],
            "city_name": "Atlanta",
            "longitude": -84.32401,
            "state_name": "Georgia",
            "latitude": 33.792786,
            "name": "Emory University",
            "types": [
                "Education"
            ],
            "country_name": "United States"
        },
        {
            "id": "grid.426490.d",
            "linkout": [
                "https://www.chathamhouse.org/"
            ],
            "city_name": "London",
            "longitude": -0.136,
            "latitude": 51.5077,
            "name": "Chatham House",
            "types": [
                "Nonprofit"
            ],
            "country_name": "United Kingdom"
        },
        {
            "id": "grid.7048.b",
            "linkout": [
                "http://www.au.dk/en/"
            ],
            "city_name": "Aarhus",
            "longitude": 10.20298,
            "acronym": "AU",
            "latitude": 56.16816,
            "name": "Aarhus University",
            "types": [
                "Education"
            ],
            "country_name": "Denmark"
        },
        {
            "id": "grid.452468.9",
            "linkout": [
                "http://www.fcrm-congo.com/"
            ],
            "city_name": "Brazzaville",
            "longitude": 15.257435,
            "acronym": "FCRM",
            "latitude": -4.214668,
            "name": "Fondation Congolaise Pour La Recherche M\u00e9dicale",
            "types": [
                "Facility"
            ],
            "country_name": "Republic of the Congo"
        },
        {
            "id": "grid.83440.3b",
            "linkout": [
                "http://www.ucl.ac.uk/"
            ],
            "city_name": "London",
            "longitude": -0.1339817,
            "acronym": "UCL",
            "latitude": 51.52447,
            "name": "University College London",
            "types": [
                "Education"
            ],
            "country_name": "United Kingdom"
        },
        {
            "id": "grid.412125.1",
            "linkout": [
                "http://www.kau.edu.sa/home_english.aspx"
            ],
            "city_name": "Jeddah",
            "longitude": 39.25028,
            "acronym": "KAU",
            "latitude": 21.493889,
            "name": "King Abdulaziz University",
            "types": [
                "Education"
            ],
            "country_name": "Saudi Arabia"
        },
        {
            "id": "grid.484013.a",
            "linkout": [
                "https://www.bihealth.org/"
            ],
            "city_name": "Berlin",
            "longitude": 13.375589,
            "acronym": "BIH",
            "latitude": 52.52325,
            "name": "Berlin Institute of Health",
            "types": [
                "Facility"
            ],
            "country_name": "Germany"
        }
    ],
    "research_org_country_names": [
        "United Kingdom",
        "Saudi Arabia",
        "Italy",
        "United States",
        "Republic of the Congo",
        "Oman",
        "Germany",
        "Denmark",
        "China"
    ],
    "pmid": "31953166",
    "title": "The continuing 2019-nCoV epidemic threat of novel coronaviruses to global health \u2014 The latest 2019 novel coronavirus outbreak in Wuhan, China",
    "type": "article",
    "year": 2020,
    "journal": {
        "id": "jour.1115751",
        "title": "International Journal of Infectious Diseases"
    },
    "researchers": [
        {
            "id": "ur.013122354662.36",
            "research_orgs": [
                "grid.10223.32",
                "grid.194645.b",
                "grid.415229.9",
                "grid.4991.5",
                "grid.4280.e",
                "grid.27755.32",
                "grid.10784.3a",
                "grid.1005.4",
                "grid.415197.f"
            ],
            "first_name": "David S C",
            "last_name": "Hui",
            "orcid_id": [
                "0000-0003-4382-2445"
            ]
        },
        {
            "id": "ur.012702235737.19",
            "research_orgs": [
                "grid.412125.1"
            ],
            "first_name": "Esam Ibraheem",
            "last_name": "Azhar"
        },
        {
            "id": "ur.01327056020.46",
            "research_orgs": [
                "grid.412832.e",
                "grid.7445.2",
                "grid.416738.f",
                "grid.412126.2",
                "grid.28046.38",
                "grid.412125.1",
                "grid.415310.2",
                "grid.415696.9",
                "grid.7776.1"
            ],
            "first_name": "Tariq Ahmed",
            "last_name": "Madani"
        },
        {
            "id": "ur.01033774037.09",
            "research_orgs": [
                "grid.419910.4",
                "grid.413569.c",
                "grid.10392.39",
                "grid.442828.0",
                "grid.418115.8",
                "grid.424065.1",
                "grid.452468.9",
                "grid.428999.7",
                "grid.275559.9",
                "grid.411544.1",
                "grid.432645.2"
            ],
            "first_name": "Francine",
            "last_name": "Ntoumi"
        },
        {
            "id": "ur.01361315634.63",
            "research_orgs": [
                "grid.20931.39",
                "grid.20419.3e",
                "grid.463047.2",
                "grid.25867.3e",
                "grid.35403.31",
                "grid.416716.3",
                "grid.11887.37",
                "grid.452592.d",
                "grid.63622.33",
                "grid.4464.2",
                "grid.430529.9",
                "grid.426526.1",
                "grid.452871.d",
                "grid.463465.6",
                "grid.8756.c",
                "grid.83440.3b"
            ],
            "first_name": "Richard Anthony",
            "last_name": "Kock",
            "orcid_id": [
                "0000-0002-6561-3209"
            ]
        },
        {
            "id": "ur.0626170233.54",
            "research_orgs": [
                "grid.426490.d",
                "grid.8991.9",
                "grid.417895.6",
                "grid.271308.f",
                "grid.120073.7"
            ],
            "first_name": "Osman Ahmed",
            "last_name": "Dar"
        },
        {
            "id": "ur.0710457221.03",
            "research_orgs": [
                "grid.419273.a",
                "grid.411474.3",
                "grid.5390.f",
                "grid.416651.1",
                "grid.419734.c",
                "grid.424065.1",
                "grid.5395.a",
                "grid.4708.b",
                "grid.414125.7",
                "grid.414603.4",
                "grid.8142.f",
                "grid.6530.0",
                "grid.416308.8",
                "grid.419423.9",
                "grid.27755.32",
                "grid.416716.3",
                "grid.7644.1",
                "grid.4793.9",
                "grid.271308.f",
                "grid.7841.a"
            ],
            "first_name": "Giuseppe",
            "last_name": "Ippolito",
            "orcid_id": [
                "0000-0002-1076-2979"
            ]
        },
        {
            "id": "ur.015244062037.32",
            "research_orgs": [
                "grid.426108.9",
                "grid.83440.3b",
                "grid.7110.7",
                "grid.425213.3",
                "grid.264200.2",
                "grid.415324.5",
                "grid.5475.3"
            ],
            "first_name": "Timothy Daniel",
            "last_name": "Mchugh",
            "orcid_id": [
                "0000-0003-4658-8594"
            ]
        },
        {
            "id": "ur.01156362044.18",
            "research_orgs": [
                "grid.48004.38",
                "grid.415305.6",
                "grid.415989.8",
                "grid.411335.1",
                "grid.412149.b",
                "grid.416738.f",
                "grid.189967.8",
                "grid.413795.d",
                "grid.415277.2",
                "grid.3575.4",
                "grid.415254.3",
                "grid.416568.8",
                "grid.415696.9",
                "grid.56302.32",
                "grid.34477.33",
                "grid.415462.0",
                "grid.440269.d",
                "grid.416641.0"
            ],
            "first_name": "Ziad Ahmed",
            "last_name": "Memish",
            "orcid_id": [
                "0000-0002-5099-0714"
            ]
        },
        {
            "id": "ur.010432516417.62",
            "research_orgs": [
                "grid.439104.b",
                "grid.484013.a",
                "grid.418095.1",
                "grid.487281.0",
                "grid.448878.f",
                "grid.413016.1",
                "grid.5399.6",
                "grid.463270.4",
                "grid.11956.3a",
                "grid.424065.1",
                "grid.6738.a",
                "grid.16463.36",
                "grid.265219.b",
                "grid.6582.9",
                "grid.10388.32",
                "grid.9026.d",
                "grid.465334.3",
                "grid.5253.1",
                "grid.501919.5",
                "grid.15090.3d",
                "grid.168010.e",
                "grid.13648.38",
                "grid.14095.39",
                "grid.7708.8",
                "grid.452463.2",
                "grid.13652.33",
                "grid.419303.c",
                "grid.9829.a",
                "grid.418068.3",
                "grid.3575.4",
                "grid.6363.0",
                "grid.433743.4",
                "grid.5802.f"
            ],
            "first_name": "Christian",
            "last_name": "Drosten"
        },
        {
            "id": "ur.015602420617.36",
            "research_orgs": [
                "grid.7836.a",
                "grid.415989.8",
                "grid.4367.6",
                "grid.11956.3a",
                "grid.413629.b",
                "grid.7445.2",
                "grid.439749.4",
                "grid.412125.1",
                "grid.417816.d",
                "grid.40263.33",
                "grid.12984.36",
                "grid.451056.3",
                "grid.439632.9",
                "grid.415696.9",
                "grid.414601.6",
                "grid.267308.8",
                "grid.83440.3b",
                "grid.52996.31",
                "grid.8991.9",
                "grid.451052.7",
                "grid.10025.36",
                "grid.8536.8",
                "grid.426108.9",
                "grid.3575.4",
                "grid.271308.f",
                "grid.79746.3b",
                "grid.485385.7"
            ],
            "first_name": "Alimuddin I",
            "last_name": "Zumla",
            "orcid_id": [
                "0000-0002-5111-5735"
            ]
        },
        {
            "id": "ur.01312201740.81",
            "research_orgs": [
                "grid.416738.f",
                "grid.10548.38",
                "grid.411384.b",
                "grid.7048.b",
                "grid.419734.c",
                "grid.415788.7",
                "grid.416132.3",
                "grid.7400.3",
                "grid.134563.6",
                "grid.5734.5",
                "grid.411898.d",
                "grid.6203.7",
                "grid.94365.3d",
                "grid.417252.7",
                "grid.4714.6",
                "grid.489007.2",
                "grid.55325.34",
                "grid.453512.4",
                "grid.415696.9",
                "grid.415703.4",
                "grid.13652.33",
                "grid.154185.c",
                "grid.24381.3c",
                "grid.271308.f",
                "grid.475435.4",
                "grid.5254.6"
            ],
            "first_name": "Eskild A",
            "last_name": "Petersen"
        }
    ],
    "research_org_countries": [
        {
            "id": "US",
            "name": "United States"
        },
        {
            "id": "DE",
            "name": "Germany"
        },
        {
            "id": "OM",
            "name": "Oman"
        },
        {
            "id": "SA",
            "name": "Saudi Arabia"
        },
        {
            "id": "DK",
            "name": "Denmark"
        },
        {
            "id": "CG",
            "name": "Republic of the Congo"
        },
        {
            "id": "CN",
            "name": "China"
        },
        {
            "id": "IT",
            "name": "Italy"
        },
        {
            "id": "GB",
            "name": "United Kingdom"
        }
    ],
    "date": "2020-02-01",
    "altmetric": 536.0,
    "pages": "264-266",
    "research_org_state_names": [
        "Georgia"
    ],
    "id": "pub.1124078561",
    "research_org_state_codes": [
        {
            "id": "US-GA",
            "name": "Georgia"
        }
    ],
    "volume": "91",
    "research_org_cities": [
        {
            "id": 4180439,
            "name": "Atlanta"
        },
        {
            "id": 1818920,
            "name": "Sha Tin"
        },
        {
            "id": 2624652,
            "name": "\u00c5rhus"
        },
        {
            "id": 3169070,
            "name": "Rome"
        },
        {
            "id": 2950159,
            "name": "Berlin"
        },
        {
            "id": 2647349,
            "name": "Hatfield"
        },
        {
            "id": 287286,
            "name": "Muscat"
        },
        {
            "id": 2260535,
            "name": "Brazzaville"
        },
        {
            "id": 105343,
            "name": "Jeddah"
        },
        {
            "id": 108410,
            "name": "Riyadh"
        },
        {
            "id": 2643743,
            "name": "London"
        }
    ],
    "open_access": [
        "Open Access - all",
        "Open Access - publisher",
        "Open Access - published"
    ],
    "author_affiliations": [
        [
            {
                "first_name": "David S.",
                "last_name": "Hui",
                "initials": "",
                "corresponding": true,
                "orcid": "['0000-0003-4382-2445']",
                "current_organization_id": "grid.10784.3a",
                "researcher_id": "ur.013122354662.36",
                "affiliations": [
                    {
                        "name": "Department of Medicine Therapeutics, Chinese University of Hong Kong, Prince of Wales Hospital, Shatin, New Territories, Hong Kong, China"
                    }
                ]
            },
            {
                "first_name": "Esam I",
                "last_name": "Azhar",
                "initials": "",
                "corresponding": "",
                "orcid": "",
                "current_organization_id": "grid.412125.1",
                "researcher_id": "ur.012702235737.19",
                "affiliations": [
                    {
                        "id": "grid.412125.1",
                        "name": "King Abdulaziz University",
                        "city": "Jeddah",
                        "city_id": 105343,
                        "country": "Saudi Arabia",
                        "country_code": "SA",
                        "state": null,
                        "state_code": null
                    }
                ]
            },
            {
                "first_name": "Tariq A.",
                "last_name": "Madani",
                "initials": "",
                "corresponding": "",
                "orcid": "",
                "current_organization_id": "grid.412125.1",
                "researcher_id": "ur.01327056020.46",
                "affiliations": [
                    {
                        "id": "grid.412125.1",
                        "name": "King Abdulaziz University",
                        "city": "Jeddah",
                        "city_id": 105343,
                        "country": "Saudi Arabia",
                        "country_code": "SA",
                        "state": null,
                        "state_code": null
                    }
                ]
            },
            {
                "first_name": "Francine",
                "last_name": "Ntoumi",
                "initials": "",
                "corresponding": "",
                "orcid": "",
                "current_organization_id": "grid.452468.9",
                "researcher_id": "ur.01033774037.09",
                "affiliations": [
                    {
                        "id": "grid.452468.9",
                        "name": "Fondation Congolaise Pour La Recherche M\u00e9dicale",
                        "city": "Brazzaville",
                        "city_id": 2260535,
                        "country": "Republic of the Congo",
                        "country_code": "CG",
                        "state": null,
                        "state_code": null
                    }
                ]
            },
            {
                "first_name": "Richard",
                "last_name": "Kock",
                "initials": "",
                "corresponding": "",
                "orcid": "['0000-0002-6561-3209']",
                "current_organization_id": "grid.20931.39",
                "researcher_id": "ur.01361315634.63",
                "affiliations": [
                    {
                        "name": "The Royal Veterinary College, University of London, Hawkshead Lane, North Mymms, Hatfield, Hertfordshire, UK"
                    }
                ]
            },
            {
                "first_name": "Osman",
                "last_name": "Dar",
                "initials": "",
                "corresponding": "",
                "orcid": "",
                "current_organization_id": "grid.426490.d",
                "researcher_id": "ur.0626170233.54",
                "affiliations": [
                    {
                        "id": "grid.426490.d",
                        "name": "Chatham House",
                        "city": "London",
                        "city_id": 2643743,
                        "country": "United Kingdom",
                        "country_code": "GB",
                        "state": null,
                        "state_code": null
                    }
                ]
            },
            {
                "first_name": "Giuseppe",
                "last_name": "Ippolito",
                "initials": "",
                "corresponding": "",
                "orcid": "['0000-0002-1076-2979']",
                "current_organization_id": "grid.419423.9",
                "researcher_id": "ur.0710457221.03",
                "affiliations": [
                    {
                        "id": "grid.414603.4",
                        "name": "Istituti di Ricovero e Cura a Carattere Scientifico",
                        "city": "Rome",
                        "city_id": 3169070,
                        "country": "Italy",
                        "country_code": "IT",
                        "state": null,
                        "state_code": null
                    }
                ]
            },
            {
                "first_name": "Timothy D.",
                "last_name": "Mchugh",
                "initials": "",
                "corresponding": "",
                "orcid": "['0000-0003-4658-8594']",
                "current_organization_id": "grid.83440.3b",
                "researcher_id": "ur.015244062037.32",
                "affiliations": [
                    {
                        "id": "grid.83440.3b",
                        "name": "University College London",
                        "city": "London",
                        "city_id": 2643743,
                        "country": "United Kingdom",
                        "country_code": "GB",
                        "state": null,
                        "state_code": null
                    }
                ]
            },
            {
                "first_name": "Ziad A.",
                "last_name": "Memish",
                "initials": "",
                "corresponding": "",
                "orcid": "['0000-0002-5099-0714']",
                "current_organization_id": "grid.189967.8",
                "researcher_id": "ur.01156362044.18",
                "affiliations": [
                    {
                        "id": "grid.415696.9",
                        "name": "Ministry of Health",
                        "city": "Riyadh",
                        "city_id": 108410,
                        "country": "Saudi Arabia",
                        "country_code": "SA",
                        "state": null,
                        "state_code": null
                    },
                    {
                        "id": "grid.411335.1",
                        "name": "Alfaisal University",
                        "city": "Riyadh",
                        "city_id": 108410,
                        "country": "Saudi Arabia",
                        "country_code": "SA",
                        "state": null,
                        "state_code": null
                    },
                    {
                        "id": "grid.189967.8",
                        "name": "Emory University",
                        "city": "Atlanta",
                        "city_id": 4180439,
                        "country": "United States",
                        "country_code": "US",
                        "state": "Georgia",
                        "state_code": "US-GA"
                    }
                ]
            },
            {
                "first_name": "Christian",
                "last_name": "Drosten",
                "initials": "",
                "corresponding": "",
                "orcid": "",
                "current_organization_id": "grid.6363.0",
                "researcher_id": "ur.010432516417.62",
                "affiliations": [
                    {
                        "name": "Charit\u00e9-Universit\u00e4tsmedizin Berlin, Corporate Member of Freie Universit\u00e4t Berlin, Humboldt-Universit\u00e4t zu Berlin, Germany"
                    },
                    {
                        "id": "grid.484013.a",
                        "name": "Berlin Institute of Health",
                        "city": "Berlin",
                        "city_id": 2950159,
                        "country": "Germany",
                        "country_code": "DE",
                        "state": null,
                        "state_code": null
                    },
                    {
                        "name": "German Centre for Infection Research, associated partner Charit\u00e9, Berlin, Germany"
                    }
                ]
            },
            {
                "first_name": "Alimuddin",
                "last_name": "Zumla",
                "initials": "",
                "corresponding": "",
                "orcid": "['0000-0002-5111-5735']",
                "current_organization_id": "grid.83440.3b",
                "researcher_id": "ur.015602420617.36",
                "affiliations": [
                    {
                        "id": "grid.83440.3b",
                        "name": "University College London",
                        "city": "London",
                        "city_id": 2643743,
                        "country": "United Kingdom",
                        "country_code": "GB",
                        "state": null,
                        "state_code": null
                    }
                ]
            },
            {
                "first_name": "Eskild",
                "last_name": "Petersen",
                "initials": "",
                "corresponding": "",
                "orcid": "",
                "current_organization_id": "grid.7048.b",
                "researcher_id": "ur.01312201740.81",
                "affiliations": [
                    {
                        "id": "grid.415703.4",
                        "name": "Ministry of Health",
                        "city": "Muscat",
                        "city_id": 287286,
                        "country": "Oman",
                        "country_code": "OM",
                        "state": null,
                        "state_code": null
                    },
                    {
                        "id": "grid.7048.b",
                        "name": "Aarhus University",
                        "city": "Aarhus",
                        "city_id": 2624652,
                        "country": "Denmark",
                        "country_code": "DK",
                        "state": null,
                        "state_code": null
                    }
                ]
            }
        ]
    ],
    "doi": "10.1016/j.ijid.2020.01.009",
    "times_cited": 82,
    "references": [
        "pub.1122097233",
        "pub.1122780972",
        "pub.1035265701",
        "pub.1123954626",
        "pub.1122084970"
    ]
}