{
    "pmid": "32161941",
    "author_affiliations": [
        [
            {
                "first_name": "Shaoshuai",
                "last_name": "Wang",
                "initials": "",
                "corresponding": "",
                "orcid": "",
                "current_organization_id": "",
                "researcher_id": "",
                "affiliations": [
                    {
                        "name": "Department of Obstetrics and Gynecology, Tongji Hospital, Tongji Medical College, Huazhong University of Science and Technology, Wuhan, China"
                    }
                ]
            },
            {
                "first_name": "Lili",
                "last_name": "Guo",
                "initials": "",
                "corresponding": "",
                "orcid": "",
                "current_organization_id": "",
                "researcher_id": "",
                "affiliations": [
                    {
                        "name": "Department of Obstetrics and Gynecology, Tongji Hospital, Tongji Medical College, Huazhong University of Science and Technology, Wuhan, China"
                    }
                ]
            },
            {
                "first_name": "Ling",
                "last_name": "Chen",
                "initials": "",
                "corresponding": "",
                "orcid": "",
                "current_organization_id": "",
                "researcher_id": "",
                "affiliations": [
                    {
                        "name": "Department of Pediatrics, Tongji Hospital, Tongji Medical College, Huazhong University of Science and Technology, Wuhan, China"
                    }
                ]
            },
            {
                "first_name": "Weiyong",
                "last_name": "Liu",
                "initials": "",
                "corresponding": "",
                "orcid": "",
                "current_organization_id": "",
                "researcher_id": "",
                "affiliations": [
                    {
                        "name": "Department of Laboratory Medicine, Tongji Hospital, Tongji Medical College, Huazhong University of Science and Technology, Wuhan, China"
                    }
                ]
            },
            {
                "first_name": "Yong",
                "last_name": "Cao",
                "initials": "",
                "corresponding": "",
                "orcid": "",
                "current_organization_id": "",
                "researcher_id": "",
                "affiliations": [
                    {
                        "name": "Department of Infectious Disease, Tongji Hospital, Tongji Medical College, Huazhong University of Science and Technology, Wuhan, China"
                    }
                ]
            },
            {
                "first_name": "Jingyi",
                "last_name": "Zhang",
                "initials": "",
                "corresponding": "",
                "orcid": "",
                "current_organization_id": "",
                "researcher_id": "",
                "affiliations": [
                    {
                        "name": "Department of Obstetrics and Gynecology, Tongji Hospital, Tongji Medical College, Huazhong University of Science and Technology, Wuhan, China"
                    }
                ]
            },
            {
                "first_name": "Ling",
                "last_name": "Feng",
                "initials": "",
                "corresponding": "",
                "orcid": "",
                "current_organization_id": "",
                "researcher_id": "",
                "affiliations": [
                    {
                        "name": "Department of Obstetrics and Gynecology, Tongji Hospital, Tongji Medical College, Huazhong University of Science and Technology, Wuhan, China"
                    }
                ]
            }
        ]
    ],
    "altmetric": 135.0,
    "FOR": [
        {
            "id": "3114",
            "name": "1108 Medical Microbiology"
        }
    ],
    "research_org_countries": [
        {
            "id": "CN",
            "name": "China"
        }
    ],
    "title": "A case report of neonatal COVID-19 infection in China",
    "research_org_cities": [
        {
            "id": 1791247,
            "name": "Wuhan"
        }
    ],
    "doi": "10.1093/cid/ciaa225",
    "times_cited": 0,
    "journal": {
        "id": "jour.1089721",
        "title": "Clinical Infectious Diseases"
    },
    "year": 2020,
    "references": [
        "pub.1030446898",
        "pub.1090745619",
        "pub.1027538243",
        "pub.1124843280",
        "pub.1037106473"
    ],
    "id": "pub.1125554672",
    "research_org_country_names": [
        "China"
    ],
    "date": "2020-03-12",
    "type": "article"
}