{
    "date": "2020-01-25",
    "title": "Complete genome characterisation of a novel coronavirus associated with severe human respiratory disease in Wuhan, China",
    "researchers": [
        {
            "id": "ur.010135741707.67",
            "last_name": "Wu",
            "first_name": "Fan",
            "research_orgs": [
                "grid.8547.e"
            ]
        },
        {
            "id": "ur.015314165307.06",
            "last_name": "Zhao",
            "first_name": "Su",
            "research_orgs": [
                "grid.33199.31"
            ]
        },
        {
            "id": "ur.012366464323.63",
            "last_name": "Yu",
            "first_name": "Bin",
            "orcid_id": [
                "0000-0001-6941-8083"
            ],
            "research_orgs": [
                "grid.422728.9",
                "grid.189747.4",
                "grid.419075.e",
                "grid.1048.d",
                "grid.13402.34",
                "grid.184769.5",
                "grid.265021.2",
                "grid.254444.7",
                "grid.500231.5",
                "grid.169077.e",
                "grid.30389.31",
                "grid.482764.b",
                "grid.22072.35",
                "grid.411024.2",
                "grid.266097.c",
                "grid.49470.3e",
                "grid.430387.b",
                "grid.453810.b",
                "grid.469490.6",
                "grid.454868.3",
                "grid.47840.3f",
                "grid.194645.b",
                "grid.59053.3a",
                "grid.430388.4",
                "grid.266190.a",
                "grid.265850.c",
                "grid.24434.35",
                "grid.467220.5",
                "grid.440669.9",
                "grid.266100.3",
                "grid.14003.36",
                "grid.198530.6",
                "grid.411292.d",
                "grid.412610.0",
                "grid.35155.37",
                "grid.83440.3b",
                "grid.15276.37",
                "grid.35030.35",
                "grid.16890.36",
                "grid.267102.0",
                "grid.11135.37"
            ]
        },
        {
            "id": "ur.011121525207.45",
            "last_name": "Song",
            "first_name": "Zhi-Gang",
            "research_orgs": [
                "grid.8547.e"
            ]
        },
        {
            "id": "ur.014705007607.47",
            "last_name": "Tao",
            "first_name": "Zhao-Wu",
            "research_orgs": [
                "grid.33199.31"
            ]
        },
        {
            "id": "ur.0600034365.10",
            "last_name": "Tian",
            "first_name": "Jun-Hua",
            "research_orgs": [
                "grid.13402.34",
                "grid.1013.3",
                "grid.198530.6"
            ]
        },
        {
            "id": "ur.015550503407.43",
            "last_name": "Pei",
            "first_name": "Yuan-Yuan",
            "research_orgs": [
                "grid.8547.e"
            ]
        },
        {
            "id": "ur.012033334207.54",
            "last_name": "Yuan",
            "first_name": "Ming-Li",
            "research_orgs": [
                "grid.33199.31"
            ]
        },
        {
            "id": "ur.012101447407.49",
            "last_name": "Dai",
            "first_name": "Fa-Hui",
            "research_orgs": [
                "grid.8547.e"
            ]
        },
        {
            "id": "ur.012501436222.04",
            "last_name": "Holmes",
            "first_name": "Edward Charles",
            "orcid_id": [
                "0000-0001-9596-3552"
            ],
            "research_orgs": [
                "grid.1024.7",
                "grid.5515.4",
                "grid.4305.2",
                "grid.4991.5",
                "grid.1002.3",
                "grid.13402.34",
                "grid.492989.7",
                "grid.7445.2",
                "grid.5386.8",
                "grid.420089.7",
                "grid.8547.e",
                "grid.7143.1",
                "grid.6203.7",
                "grid.94365.3d",
                "grid.453035.4",
                "grid.176731.5",
                "grid.1011.1",
                "grid.266100.3",
                "grid.198530.6",
                "grid.12082.39",
                "grid.29857.31",
                "grid.5335.0",
                "grid.425213.3",
                "grid.490687.4",
                "grid.413322.5",
                "grid.1013.3"
            ]
        }
    ],
    "altmetric": 114.0,
    "research_org_cities": [
        {
            "id": 2147714,
            "name": "Sydney"
        },
        {
            "id": 1796236,
            "name": "Shanghai"
        },
        {
            "id": 1816670,
            "name": "Beijing"
        },
        {
            "id": 1791247,
            "name": "Wuhan"
        }
    ],
    "open_access": [
        "Open Access - all",
        "Open Access - publisher",
        "Open Access - published"
    ],
    "research_org_countries": [
        {
            "id": "AU",
            "name": "Australia"
        },
        {
            "id": "CN",
            "name": "China"
        }
    ],
    "doi": "10.1101/2020.01.24.919183",
    "FOR": [
        {
            "id": "3114",
            "name": "1108 Medical Microbiology"
        },
        {
            "id": "2620",
            "name": "0604 Genetics"
        }
    ],
    "times_cited": 6,
    "research_orgs": [
        {
            "id": "grid.8547.e",
            "state_name": "Shanghai",
            "types": [
                "Education"
            ],
            "longitude": 121.50361,
            "linkout": [
                "http://www.fudan.edu.cn/en/"
            ],
            "latitude": 31.297712,
            "name": "Fudan University",
            "city_name": "Shanghai",
            "country_name": "China"
        },
        {
            "id": "grid.1013.3",
            "acronym": "USYD",
            "state_name": "New South Wales",
            "types": [
                "Education"
            ],
            "longitude": 151.1873,
            "linkout": [
                "http://sydney.edu.au/"
            ],
            "latitude": -33.88858,
            "name": "University of Sydney",
            "city_name": "Sydney",
            "country_name": "Australia"
        }
    ],
    "research_org_country_names": [
        "Australia",
        "China"
    ],
    "id": "pub.1124337088",
    "journal": {
        "id": "jour.1293558",
        "title": "bioRxiv"
    },
    "year": 2020,
    "references": [
        "pub.1005796656",
        "pub.1117867237",
        "pub.1000706676",
        "pub.1024156938",
        "pub.1078636387",
        "pub.1093088828",
        "pub.1013052506",
        "pub.1033671149",
        "pub.1010590851",
        "pub.1062452643",
        "pub.1016356096",
        "pub.1020456763",
        "pub.1015803168",
        "pub.1113004390",
        "pub.1042720804",
        "pub.1086132821",
        "pub.1024782211",
        "pub.1033008131",
        "pub.1101862110",
        "pub.1044550494",
        "pub.1045138418",
        "pub.1024705689",
        "pub.1049273973",
        "pub.1111644096",
        "pub.1003036122",
        "pub.1083359354",
        "pub.1046004748",
        "pub.1103861827",
        "pub.1025846396",
        "pub.1006541515",
        "pub.1040430704",
        "pub.1025519629",
        "pub.1045545793",
        "pub.1040416494",
        "pub.1034803318",
        "pub.1062452520"
    ],
    "research_org_state_names": [
        "New South Wales"
    ],
    "author_affiliations": [
        [
            {
                "first_name": "Fan",
                "last_name": "Wu",
                "initials": "",
                "corresponding": "",
                "orcid": "",
                "current_organization_id": "grid.8547.e",
                "researcher_id": "ur.010135741707.67",
                "affiliations": [
                    {
                        "id": "grid.8547.e",
                        "name": "Fudan University",
                        "city": "Shanghai",
                        "city_id": 1796236,
                        "country": "China",
                        "country_code": "CN",
                        "state": null,
                        "state_code": null
                    }
                ]
            },
            {
                "first_name": "Su",
                "last_name": "Zhao",
                "initials": "",
                "corresponding": "",
                "orcid": "",
                "current_organization_id": "grid.33199.31",
                "researcher_id": "ur.015314165307.06",
                "affiliations": [
                    {
                        "name": "Department of Pulmonary and Critical Care Medicine, The Central Hospital of Wuhan, Tongji Medical College, Huazhong University of Science and Technology"
                    }
                ]
            },
            {
                "first_name": "Bin",
                "last_name": "Yu",
                "initials": "",
                "corresponding": "",
                "orcid": "['0000-0001-6941-8083']",
                "current_organization_id": "grid.412610.0",
                "researcher_id": "ur.012366464323.63",
                "affiliations": [
                    {
                        "name": "Wuhan Center for Disease Control and Prevention"
                    }
                ]
            },
            {
                "first_name": "Yan-Mei",
                "last_name": "Chen",
                "initials": "",
                "corresponding": "",
                "orcid": "",
                "current_organization_id": "",
                "researcher_id": "",
                "affiliations": [
                    {
                        "id": "grid.8547.e",
                        "name": "Fudan University",
                        "city": "Shanghai",
                        "city_id": 1796236,
                        "country": "China",
                        "country_code": "CN",
                        "state": null,
                        "state_code": null
                    }
                ]
            },
            {
                "first_name": "Wen",
                "last_name": "Wang",
                "initials": "",
                "corresponding": "",
                "orcid": "",
                "current_organization_id": "",
                "researcher_id": "",
                "affiliations": [
                    {
                        "id": "grid.8547.e",
                        "name": "Fudan University",
                        "city": "Shanghai",
                        "city_id": 1796236,
                        "country": "China",
                        "country_code": "CN",
                        "state": null,
                        "state_code": null
                    }
                ]
            },
            {
                "first_name": "Yi",
                "last_name": "Hu",
                "initials": "",
                "corresponding": "",
                "orcid": "",
                "current_organization_id": "",
                "researcher_id": "",
                "affiliations": [
                    {
                        "name": "Department of Pulmonary and Critical Care Medicine, The Central Hospital of Wuhan, Tongji Medical College, Huazhong University of Science and Technology"
                    }
                ]
            },
            {
                "first_name": "Zhi-Gang",
                "last_name": "Song",
                "initials": "",
                "corresponding": "",
                "orcid": "",
                "current_organization_id": "grid.8547.e",
                "researcher_id": "ur.011121525207.45",
                "affiliations": [
                    {
                        "id": "grid.8547.e",
                        "name": "Fudan University",
                        "city": "Shanghai",
                        "city_id": 1796236,
                        "country": "China",
                        "country_code": "CN",
                        "state": null,
                        "state_code": null
                    }
                ]
            },
            {
                "first_name": "Zhao-Wu",
                "last_name": "Tao",
                "initials": "",
                "corresponding": "",
                "orcid": "",
                "current_organization_id": "grid.33199.31",
                "researcher_id": "ur.014705007607.47",
                "affiliations": [
                    {
                        "name": "Department of Pulmonary and Critical Care Medicine, The Central Hospital of Wuhan, Tongji Medical College, Huazhong University of Science and Technology"
                    }
                ]
            },
            {
                "first_name": "Jun-Hua",
                "last_name": "Tian",
                "initials": "",
                "corresponding": "",
                "orcid": "",
                "current_organization_id": "",
                "researcher_id": "ur.0600034365.10",
                "affiliations": [
                    {
                        "name": "Wuhan Center for Disease Control and Prevention"
                    }
                ]
            },
            {
                "first_name": "Yuan-Yuan",
                "last_name": "Pei",
                "initials": "",
                "corresponding": "",
                "orcid": "",
                "current_organization_id": "grid.8547.e",
                "researcher_id": "ur.015550503407.43",
                "affiliations": [
                    {
                        "id": "grid.8547.e",
                        "name": "Fudan University",
                        "city": "Shanghai",
                        "city_id": 1796236,
                        "country": "China",
                        "country_code": "CN",
                        "state": null,
                        "state_code": null
                    }
                ]
            },
            {
                "first_name": "Ming-Li",
                "last_name": "Yuan",
                "initials": "",
                "corresponding": "",
                "orcid": "",
                "current_organization_id": "grid.33199.31",
                "researcher_id": "ur.012033334207.54",
                "affiliations": [
                    {
                        "name": "Department of Pulmonary and Critical Care Medicine, The Central Hospital of Wuhan, Tongji Medical College, Huazhong University of Science and Technology"
                    }
                ]
            },
            {
                "first_name": "Yu-Ling",
                "last_name": "Zhang",
                "initials": "",
                "corresponding": "",
                "orcid": "",
                "current_organization_id": "",
                "researcher_id": "",
                "affiliations": [
                    {
                        "id": "grid.8547.e",
                        "name": "Fudan University",
                        "city": "Shanghai",
                        "city_id": 1796236,
                        "country": "China",
                        "country_code": "CN",
                        "state": null,
                        "state_code": null
                    }
                ]
            },
            {
                "first_name": "Fa-Hui",
                "last_name": "Dai",
                "initials": "",
                "corresponding": "",
                "orcid": "",
                "current_organization_id": "grid.8547.e",
                "researcher_id": "ur.012101447407.49",
                "affiliations": [
                    {
                        "id": "grid.8547.e",
                        "name": "Fudan University",
                        "city": "Shanghai",
                        "city_id": 1796236,
                        "country": "China",
                        "country_code": "CN",
                        "state": null,
                        "state_code": null
                    }
                ]
            },
            {
                "first_name": "Yi",
                "last_name": "Liu",
                "initials": "",
                "corresponding": "",
                "orcid": "",
                "current_organization_id": "",
                "researcher_id": "",
                "affiliations": [
                    {
                        "id": "grid.8547.e",
                        "name": "Fudan University",
                        "city": "Shanghai",
                        "city_id": 1796236,
                        "country": "China",
                        "country_code": "CN",
                        "state": null,
                        "state_code": null
                    }
                ]
            },
            {
                "first_name": "Qi-Min",
                "last_name": "Wang",
                "initials": "",
                "corresponding": "",
                "orcid": "",
                "current_organization_id": "",
                "researcher_id": "",
                "affiliations": [
                    {
                        "id": "grid.8547.e",
                        "name": "Fudan University",
                        "city": "Shanghai",
                        "city_id": 1796236,
                        "country": "China",
                        "country_code": "CN",
                        "state": null,
                        "state_code": null
                    }
                ]
            },
            {
                "first_name": "Jiao-Jiao",
                "last_name": "Zheng",
                "initials": "",
                "corresponding": "",
                "orcid": "",
                "current_organization_id": "",
                "researcher_id": "",
                "affiliations": [
                    {
                        "id": "grid.8547.e",
                        "name": "Fudan University",
                        "city": "Shanghai",
                        "city_id": 1796236,
                        "country": "China",
                        "country_code": "CN",
                        "state": null,
                        "state_code": null
                    }
                ]
            },
            {
                "first_name": "Lin",
                "last_name": "Xu",
                "initials": "",
                "corresponding": "",
                "orcid": "",
                "current_organization_id": "",
                "researcher_id": "",
                "affiliations": [
                    {
                        "id": "grid.8547.e",
                        "name": "Fudan University",
                        "city": "Shanghai",
                        "city_id": 1796236,
                        "country": "China",
                        "country_code": "CN",
                        "state": null,
                        "state_code": null
                    }
                ]
            },
            {
                "first_name": "Edward C.",
                "last_name": "Holmes",
                "initials": "",
                "corresponding": "",
                "orcid": "['0000-0001-9596-3552']",
                "current_organization_id": "grid.1013.3",
                "researcher_id": "ur.012501436222.04",
                "affiliations": [
                    {
                        "id": "grid.1013.3",
                        "name": "University of Sydney",
                        "city": "Sydney",
                        "city_id": 2147714,
                        "country": "Australia",
                        "country_code": "AU",
                        "state": "New South Wales",
                        "state_code": "AU-NSW"
                    }
                ]
            },
            {
                "first_name": "Yong-Zhen",
                "last_name": "Zhang",
                "initials": "",
                "corresponding": "",
                "orcid": "",
                "current_organization_id": "",
                "researcher_id": "",
                "affiliations": [
                    {
                        "id": "grid.8547.e",
                        "name": "Fudan University",
                        "city": "Shanghai",
                        "city_id": 1796236,
                        "country": "China",
                        "country_code": "CN",
                        "state": null,
                        "state_code": null
                    }
                ]
            }
        ]
    ],
    "type": "preprint"
}