{
    "date": "2020-03-01",
    "title": "The SARS-CoV-2 outbreak from a one health perspective",
    "pages": "100127",
    "research_org_cities": [
        {
            "id": 108410,
            "name": "Riyadh"
        },
        {
            "id": 109571,
            "name": "Al Huf\u016bf"
        },
        {
            "id": 354502,
            "name": "Kafr ash Shaykh"
        }
    ],
    "research_org_countries": [
        {
            "id": "SA",
            "name": "Saudi Arabia"
        },
        {
            "id": "EG",
            "name": "Egypt"
        }
    ],
    "doi": "10.1016/j.onehlt.2020.100127",
    "FOR": [
        {
            "id": "3114",
            "name": "1108 Medical Microbiology"
        }
    ],
    "times_cited": 0,
    "research_orgs": [
        {
            "id": "grid.412140.2",
            "acronym": "KFU",
            "types": [
                "Education"
            ],
            "longitude": 49.59354,
            "linkout": [
                "http://www.kfu.edu.sa/sites/Home/"
            ],
            "latitude": 25.345455,
            "name": "King Faisal University",
            "city_name": "Al Huf\u016bf",
            "country_name": "Saudi Arabia"
        },
        {
            "id": "grid.411978.2",
            "types": [
                "Education"
            ],
            "longitude": 30.95,
            "linkout": [
                "http://www.kfs.edu.eg/engkfs/"
            ],
            "latitude": 31.098333,
            "name": "Kafrelsheikh University",
            "city_name": "Kafr ash Shaykh",
            "country_name": "Egypt"
        }
    ],
    "funders": [
        {
            "id": "grid.452562.2",
            "acronym": "KACST",
            "types": [
                "Facility"
            ],
            "longitude": 46.630486,
            "linkout": [
                "http://www.kacst.edu.sa/"
            ],
            "latitude": 25.005444,
            "name": "King Abdulaziz City for Science and Technology",
            "city_name": "Riyadh",
            "country_name": "Saudi Arabia"
        }
    ],
    "research_org_country_names": [
        "Saudi Arabia",
        "Egypt"
    ],
    "id": "pub.1125674614",
    "journal": {
        "id": "jour.1051987",
        "title": "One Health"
    },
    "year": 2020,
    "references": [
        "pub.1120631256",
        "pub.1002925299",
        "pub.1124295864",
        "pub.1124864337",
        "pub.1030401057",
        "pub.1084513836",
        "pub.1125047318",
        "pub.1125029785",
        "pub.1125125933",
        "pub.1041343651",
        "pub.1040612006",
        "pub.1003171333",
        "pub.1076601623",
        "pub.1124289146",
        "pub.1002058584",
        "pub.1052546893",
        "pub.1037800779",
        "pub.1005488877",
        "pub.1063354483",
        "pub.1009823603",
        "pub.1100407430",
        "pub.1027947151",
        "pub.1029139519",
        "pub.1099729280",
        "pub.1048749171",
        "pub.1125100137",
        "pub.1125408257",
        "pub.1037354512",
        "pub.1107864323",
        "pub.1120493266",
        "pub.1125323107",
        "pub.1120442242",
        "pub.1125089278",
        "pub.1059467844",
        "pub.1124873694",
        "pub.1124368727",
        "pub.1021594788",
        "pub.1091618109",
        "pub.1125346928",
        "pub.1084935584",
        "pub.1124290823",
        "pub.1125147315",
        "pub.1062792829",
        "pub.1026443711",
        "pub.1124427336",
        "pub.1013873576",
        "pub.1112069959",
        "pub.1077393808",
        "pub.1123996849",
        "pub.1019405652",
        "pub.1043875870",
        "pub.1023297258",
        "pub.1124772765"
    ],
    "author_affiliations": [
        [
            {
                "first_name": "Maged Gomaa",
                "last_name": "Hemida",
                "initials": "",
                "corresponding": true,
                "orcid": "",
                "current_organization_id": "",
                "researcher_id": "",
                "affiliations": [
                    {
                        "id": "grid.412140.2",
                        "name": "King Faisal University",
                        "city": "Al Huf\u016bf",
                        "city_id": 109571,
                        "country": "Saudi Arabia",
                        "country_code": "SA",
                        "state": null,
                        "state_code": null
                    },
                    {
                        "id": "grid.411978.2",
                        "name": "Kafrelsheikh University",
                        "city": "Kafr ash Shaykh",
                        "city_id": 354502,
                        "country": "Egypt",
                        "country_code": "EG",
                        "state": null,
                        "state_code": null
                    }
                ]
            },
            {
                "first_name": "Mohammed M. Ba",
                "last_name": "Abduallah",
                "initials": "",
                "corresponding": "",
                "orcid": "",
                "current_organization_id": "",
                "researcher_id": "",
                "affiliations": [
                    {
                        "name": "Department of Biological Sciences, College of Science, King Faisal University, Saudi Arabia"
                    }
                ]
            }
        ]
    ],
    "type": "article"
}