{
    "research_orgs": [
        {
            "id": "grid.8974.2",
            "linkout": [
                "http://www.uwc.ac.za/Pages/default.aspx"
            ],
            "city_name": "Cape Town",
            "longitude": 18.627787,
            "acronym": "UWC",
            "state_name": "Western Cape",
            "latitude": -33.933556,
            "name": "University of the Western Cape",
            "types": [
                "Education"
            ],
            "country_name": "South Africa"
        }
    ],
    "research_org_country_names": [
        "South Africa"
    ],
    "pmid": "31133031",
    "title": "Coronavirus envelope protein: current knowledge",
    "type": "article",
    "year": 2019,
    "journal": {
        "id": "jour.1034449",
        "title": "Virology Journal"
    },
    "researchers": [
        {
            "id": "ur.011426340263.09",
            "research_orgs": [
                "grid.8974.2",
                "grid.11956.3a"
            ],
            "first_name": "Dewald",
            "last_name": "Schoeman",
            "orcid_id": [
                "0000-0003-0086-5154"
            ]
        },
        {
            "id": "ur.01163123701.22",
            "research_orgs": [
                "grid.8974.2",
                "grid.418812.6"
            ],
            "first_name": "Burtram Clinton",
            "last_name": "Fielding",
            "orcid_id": [
                "0000-0002-1873-3363"
            ]
        }
    ],
    "FOR": [
        {
            "id": "3114",
            "name": "1108 Medical Microbiology"
        },
        {
            "id": "2581",
            "name": "0601 Biochemistry and Cell Biology"
        }
    ],
    "research_org_countries": [
        {
            "id": "ZA",
            "name": "South Africa"
        }
    ],
    "date": "2019-12-01",
    "altmetric": 281.0,
    "pages": "69",
    "id": "pub.1115908424",
    "volume": "16",
    "issue": "1",
    "research_org_cities": [
        {
            "id": 3369157,
            "name": "Cape Town"
        }
    ],
    "open_access": [
        "Open Access - all",
        "Open Access - publisher",
        "Open Access - published"
    ],
    "author_affiliations": [
        [
            {
                "first_name": "Dewald",
                "last_name": "Schoeman",
                "initials": "",
                "corresponding": "",
                "orcid": "['0000-0003-0086-5154']",
                "current_organization_id": "grid.8974.2",
                "researcher_id": "ur.011426340263.09",
                "affiliations": [
                    {
                        "id": "grid.8974.2",
                        "name": "University of the Western Cape",
                        "city": "Cape Town",
                        "city_id": 3369157,
                        "country": "South Africa",
                        "country_code": "ZA",
                        "state": null,
                        "state_code": null
                    }
                ]
            },
            {
                "first_name": "Burtram C.",
                "last_name": "Fielding",
                "initials": "",
                "corresponding": true,
                "orcid": "['0000-0002-1873-3363']",
                "current_organization_id": "grid.8974.2",
                "researcher_id": "ur.01163123701.22",
                "affiliations": [
                    {
                        "id": "grid.8974.2",
                        "name": "University of the Western Cape",
                        "city": "Cape Town",
                        "city_id": 3369157,
                        "country": "South Africa",
                        "country_code": "ZA",
                        "state": null,
                        "state_code": null
                    }
                ]
            }
        ]
    ],
    "pmcid": "PMC6537279",
    "doi": "10.1186/s12985-019-1182-0",
    "times_cited": 18,
    "references": [
        "pub.1083173542",
        "pub.1004503791",
        "pub.1047733247",
        "pub.1011900822",
        "pub.1060400834",
        "pub.1037638904",
        "pub.1044346674",
        "pub.1083212264",
        "pub.1024657144",
        "pub.1048360407",
        "pub.1020485821",
        "pub.1051677909",
        "pub.1055226746",
        "pub.1044207900",
        "pub.1010696153",
        "pub.1082811456",
        "pub.1072289610",
        "pub.1051667126",
        "pub.1006007405",
        "pub.1074263463",
        "pub.1023447247",
        "pub.1055844210",
        "pub.1075297382",
        "pub.1015040445",
        "pub.1044121756",
        "pub.1051079318",
        "pub.1081679975",
        "pub.1039219014",
        "pub.1043380321",
        "pub.1017417560",
        "pub.1046058998",
        "pub.1013842168",
        "pub.1059223517",
        "pub.1053666315",
        "pub.1000410205",
        "pub.1048157335",
        "pub.1004406791",
        "pub.1036796103",
        "pub.1003753279",
        "pub.1005030691",
        "pub.1015883994",
        "pub.1002401870",
        "pub.1019955323",
        "pub.1020759434",
        "pub.1009381180",
        "pub.1083315081",
        "pub.1047006792",
        "pub.1032343807",
        "pub.1043940936",
        "pub.1052224752",
        "pub.1039003331",
        "pub.1103586684",
        "pub.1082643832",
        "pub.1002245258",
        "pub.1083831542",
        "pub.1036782480",
        "pub.1045165751",
        "pub.1032035202",
        "pub.1079828984",
        "pub.1036730814",
        "pub.1048904849",
        "pub.1024483575",
        "pub.1072289571",
        "pub.1045375701",
        "pub.1047992255",
        "pub.1017440636",
        "pub.1078776285",
        "pub.1024835451",
        "pub.1053502746",
        "pub.1111747901",
        "pub.1036945665",
        "pub.1043828954",
        "pub.1010931251",
        "pub.1100470491",
        "pub.1011752304",
        "pub.1052467457",
        "pub.1004726184",
        "pub.1023490952",
        "pub.1016732166",
        "pub.1043622867",
        "pub.1002908967",
        "pub.1019538325",
        "pub.1032361197",
        "pub.1048220911",
        "pub.1008693730",
        "pub.1012607677",
        "pub.1014331525",
        "pub.1020679785",
        "pub.1034009724",
        "pub.1025860393",
        "pub.1005773049",
        "pub.1079666381",
        "pub.1039826795",
        "pub.1013316177",
        "pub.1004871829",
        "pub.1039197490",
        "pub.1100513736",
        "pub.1047865031",
        "pub.1011851568",
        "pub.1028515842",
        "pub.1024977412",
        "pub.1011167509",
        "pub.1041908198",
        "pub.1053736708",
        "pub.1000088861",
        "pub.1040567048",
        "pub.1029613615",
        "pub.1044709604",
        "pub.1000831123",
        "pub.1020440792",
        "pub.1037376993",
        "pub.1004058968",
        "pub.1012986712",
        "pub.1104054733",
        "pub.1021341843",
        "pub.1029891268",
        "pub.1000598949",
        "pub.1001567590",
        "pub.1013848284",
        "pub.1077500903",
        "pub.1080109094",
        "pub.1012458744",
        "pub.1003882740",
        "pub.1012026812",
        "pub.1044301437",
        "pub.1016130661",
        "pub.1034387243",
        "pub.1047277560",
        "pub.1024743716",
        "pub.1033669466",
        "pub.1040716011",
        "pub.1035102093",
        "pub.1025608755",
        "pub.1051084322",
        "pub.1025464498",
        "pub.1046710524",
        "pub.1021926031",
        "pub.1033218301",
        "pub.1038903583",
        "pub.1040705141",
        "pub.1027196879",
        "pub.1051538536",
        "pub.1084131418",
        "pub.1103880876",
        "pub.1038292024",
        "pub.1078787421",
        "pub.1028525197",
        "pub.1026462295",
        "pub.1002826414",
        "pub.1045725272",
        "pub.1027169738",
        "pub.1083395283",
        "pub.1034746067",
        "pub.1041074362",
        "pub.1026884123",
        "pub.1074504009",
        "pub.1050287570",
        "pub.1046524090",
        "pub.1023496614",
        "pub.1010696035",
        "pub.1028990255",
        "pub.1044237261",
        "pub.1043241731",
        "pub.1050990423",
        "pub.1001707311",
        "pub.1004808102",
        "pub.1001043516",
        "pub.1007784854",
        "pub.1015681161",
        "pub.1014863134",
        "pub.1038480144",
        "pub.1001400255",
        "pub.1032658301",
        "pub.1001312478",
        "pub.1050052121",
        "pub.1008890013",
        "pub.1104139732",
        "pub.1039123315",
        "pub.1033792037",
        "pub.1018044063",
        "pub.1014190442",
        "pub.1025024746",
        "pub.1033718696",
        "pub.1025544801",
        "pub.1033515497",
        "pub.1019231365",
        "pub.1017803758",
        "pub.1005848731",
        "pub.1039097045",
        "pub.1050246144",
        "pub.1034327339",
        "pub.1027087156",
        "pub.1043916461",
        "pub.1003577589",
        "pub.1023853906",
        "pub.1033490244",
        "pub.1024765953",
        "pub.1035301776",
        "pub.1027364331",
        "pub.1093580521",
        "pub.1004467097",
        "pub.1038311151",
        "pub.1038665707",
        "pub.1010404284",
        "pub.1077141668",
        "pub.1018016237",
        "pub.1002316677",
        "pub.1032984965",
        "pub.1012391070",
        "pub.1100580455",
        "pub.1007713738",
        "pub.1020047834",
        "pub.1029482324",
        "pub.1048169708",
        "pub.1045509575",
        "pub.1006594482",
        "pub.1041322447",
        "pub.1044949713",
        "pub.1082466351",
        "pub.1037284699",
        "pub.1022899906",
        "pub.1041130084",
        "pub.1010257261",
        "pub.1062713014",
        "pub.1060400648",
        "pub.1052843891",
        "pub.1051969546",
        "pub.1019722653",
        "pub.1015088567",
        "pub.1040074635",
        "pub.1050509377",
        "pub.1024599297",
        "pub.1013026804",
        "pub.1034981801",
        "pub.1048395692",
        "pub.1046036500",
        "pub.1039865055",
        "pub.1008023921",
        "pub.1021889801",
        "pub.1032341651",
        "pub.1050606525",
        "pub.1026491867",
        "pub.1034897356",
        "pub.1043788446",
        "pub.1009403933",
        "pub.1055177220",
        "pub.1016839186",
        "pub.1019058233",
        "pub.1020520848",
        "pub.1049966203",
        "pub.1044550494",
        "pub.1037760113",
        "pub.1033345856",
        "pub.1014536983",
        "pub.1016880039",
        "pub.1000196113",
        "pub.1083326824",
        "pub.1079497555",
        "pub.1020335229",
        "pub.1112738130",
        "pub.1036955799",
        "pub.1019061847",
        "pub.1009823603",
        "pub.1023395479",
        "pub.1005329011",
        "pub.1009342103",
        "pub.1053086753",
        "pub.1032605876",
        "pub.1082881271",
        "pub.1002733855",
        "pub.1000391541",
        "pub.1001660644",
        "pub.1078176008",
        "pub.1035123035",
        "pub.1049365765",
        "pub.1012285399",
        "pub.1001647862",
        "pub.1000557906",
        "pub.1062620730"
    ]
}