{
    "research_orgs": [
        {
            "id": "grid.25073.33",
            "linkout": [
                "http://www.mcmaster.ca/"
            ],
            "city_name": "Hamilton",
            "longitude": -79.91889,
            "state_name": "Ontario",
            "latitude": 43.263332,
            "name": "McMaster University",
            "types": [
                "Education"
            ],
            "country_name": "Canada"
        }
    ],
    "research_org_country_names": [
        "Canada",
        "China"
    ],
    "pmid": "32085850",
    "title": "Initiation of a new infection control system for the COVID-19 outbreak",
    "type": "article",
    "year": 2020,
    "journal": {
        "id": "jour.1030033",
        "title": "The Lancet Infectious Diseases"
    },
    "researchers": [
        {
            "id": "ur.013250115441.16",
            "first_name": "Junzhang",
            "last_name": "Tian"
        },
        {
            "id": "ur.0672712062.06",
            "research_orgs": [
                "grid.416449.a",
                "grid.11135.37",
                "grid.25073.33",
                "grid.452761.3",
                "grid.416721.7"
            ],
            "first_name": "Guowei",
            "last_name": "Li",
            "orcid_id": [
                "0000-0002-3472-8513"
            ]
        }
    ],
    "research_org_countries": [
        {
            "id": "CA",
            "name": "Canada"
        },
        {
            "id": "CN",
            "name": "China"
        }
    ],
    "date": "2020-02-18",
    "altmetric": 26.0,
    "research_org_state_names": [
        "Ontario"
    ],
    "id": "pub.1124948490",
    "research_org_state_codes": [
        {
            "id": "CA-ON",
            "name": "Ontario"
        }
    ],
    "research_org_cities": [
        {
            "id": 1809858,
            "name": "Guangzhou"
        },
        {
            "id": 5969782,
            "name": "Hamilton"
        }
    ],
    "open_access": [
        "Open Access - all",
        "Open Access - publisher",
        "Open Access - published"
    ],
    "author_affiliations": [
        [
            {
                "first_name": "Xuejiao",
                "last_name": "Chen",
                "initials": "",
                "corresponding": "",
                "orcid": "",
                "current_organization_id": "",
                "researcher_id": "",
                "affiliations": [
                    {
                        "name": "Center for Clinical Epidemiology and Methodology, Guangdong Second Provincial General Hospital, Guangzhou, China"
                    }
                ]
            },
            {
                "first_name": "Junzhang",
                "last_name": "Tian",
                "initials": "",
                "corresponding": "",
                "orcid": "",
                "current_organization_id": "",
                "researcher_id": "ur.013250115441.16",
                "affiliations": [
                    {
                        "name": "Pulmonary and Critical Care Medicine, Guangdong Second Provincial General Hospital, Guangzhou, China"
                    }
                ]
            },
            {
                "first_name": "Guanming",
                "last_name": "Li",
                "initials": "",
                "corresponding": "",
                "orcid": "",
                "current_organization_id": "",
                "researcher_id": "",
                "affiliations": [
                    {
                        "name": "Pulmonary and Critical Care Medicine, Guangdong Second Provincial General Hospital, Guangzhou, China"
                    }
                ]
            },
            {
                "first_name": "Guowei",
                "last_name": "Li",
                "initials": "",
                "corresponding": "",
                "orcid": "['0000-0002-3472-8513']",
                "current_organization_id": "grid.25073.33",
                "researcher_id": "ur.0672712062.06",
                "affiliations": [
                    {
                        "name": "Center for Clinical Epidemiology and Methodology, Guangdong Second Provincial General Hospital, Guangzhou, China"
                    },
                    {
                        "id": "grid.25073.33",
                        "name": "McMaster University",
                        "city": "Hamilton",
                        "city_id": 5969782,
                        "country": "Canada",
                        "country_code": "CA",
                        "state": "Ontario",
                        "state_code": "CA-ON"
                    }
                ]
            }
        ]
    ],
    "doi": "10.1016/s1473-3099(20)30110-9",
    "times_cited": 1,
    "references": [
        "pub.1124145721",
        "pub.1124654147",
        "pub.1124290823"
    ]
}