{
    "date": "2020-03-01",
    "title": "The Importance of Pressure-sensitive Pinch/Azeotrope Feature on Economic Distillation Design",
    "researchers": [
        {
            "id": "ur.011073216573.25",
            "last_name": "Xia",
            "first_name": "Ming",
            "orcid_id": [
                "0000-0003-3926-2350"
            ],
            "research_orgs": [
                "grid.33763.32",
                "grid.454771.4"
            ]
        },
        {
            "id": "ur.012721347702.52",
            "last_name": "Shi",
            "first_name": "Hui",
            "research_orgs": [
                "grid.9227.e",
                "grid.454771.4"
            ]
        },
        {
            "id": "ur.010750001577.97",
            "last_name": "Ma",
            "first_name": "Zhong-Yi",
            "research_orgs": [
                "grid.9227.e",
                "grid.454771.4",
                "grid.263791.8"
            ]
        },
        {
            "id": "ur.010354222717.19",
            "last_name": "Lu",
            "first_name": "Huaiqian",
            "research_orgs": [
                "grid.9227.e",
                "grid.454771.4"
            ]
        },
        {
            "id": "ur.010255142371.24",
            "last_name": "Xiao",
            "first_name": "Yong",
            "research_orgs": [
                "grid.410726.6",
                "grid.454771.4",
                "grid.9227.e"
            ]
        },
        {
            "id": "ur.010715325522.41",
            "last_name": "Jia",
            "first_name": "Li-Tao",
            "research_orgs": [
                "grid.410726.6",
                "grid.454771.4",
                "grid.9227.e",
                "grid.410752.5"
            ]
        },
        {
            "id": "ur.012006161657.87",
            "last_name": "Li",
            "first_name": "De-Bao",
            "research_orgs": [
                "grid.9227.e",
                "grid.454771.4",
                "grid.410752.5"
            ]
        }
    ],
    "pages": "116753",
    "research_org_cities": [
        {
            "id": 1816670,
            "name": "Beijing"
        },
        {
            "id": 1793511,
            "name": "Taiyuan"
        }
    ],
    "research_org_countries": [
        {
            "id": "CN",
            "name": "China"
        }
    ],
    "doi": "10.1016/j.seppur.2020.116753",
    "FOR": [
        {
            "id": "3292",
            "name": "1402 Applied Economics"
        }
    ],
    "times_cited": 0,
    "research_orgs": [
        {
            "id": "grid.410726.6",
            "acronym": "UCAS",
            "types": [
                "Education"
            ],
            "longitude": 116.25057,
            "linkout": [
                "http://www.ucas.ac.cn/"
            ],
            "latitude": 39.909058,
            "name": "University of Chinese Academy of Sciences",
            "city_name": "Beijing",
            "country_name": "China"
        },
        {
            "id": "grid.454771.4",
            "acronym": "ICC",
            "types": [
                "Facility"
            ],
            "longitude": 112.542564,
            "linkout": [
                "http://english.sxicc.cas.cn/"
            ],
            "latitude": 37.87622,
            "name": "Institute of Coal Chemistry",
            "city_name": "Taiyuan",
            "country_name": "China"
        }
    ],
    "funders": [
        {
            "id": "grid.453034.5",
            "types": [
                "Nonprofit"
            ],
            "longitude": 116.40845,
            "linkout": [
                "http://res.chinapostdoctor.org.cn/BshWeb/index.shtml"
            ],
            "latitude": 39.91624,
            "name": "China Postdoctoral Science Foundation",
            "city_name": "Beijing",
            "country_name": "China"
        },
        {
            "id": "grid.419696.5",
            "acronym": "NSFC",
            "types": [
                "Government"
            ],
            "longitude": 116.33983,
            "linkout": [
                "http://www.nsfc.gov.cn/publish/portal1/"
            ],
            "latitude": 40.005177,
            "name": "National Natural Science Foundation of China",
            "city_name": "Beijing",
            "country_name": "China"
        }
    ],
    "research_org_country_names": [
        "China"
    ],
    "id": "pub.1125439108",
    "journal": {
        "id": "jour.1380465",
        "title": "Separation and Purification Technology"
    },
    "year": 2020,
    "references": [
        "pub.1017789244",
        "pub.1019830233",
        "pub.1109389768",
        "pub.1030339541",
        "pub.1022225454",
        "pub.1112987916",
        "pub.1055609312",
        "pub.1055601714",
        "pub.1055090419",
        "pub.1055604550",
        "pub.1010537824",
        "pub.1106884476",
        "pub.1029364284",
        "pub.1073357445",
        "pub.1118007645",
        "pub.1023814069",
        "pub.1030283907",
        "pub.1027096870",
        "pub.1055607463",
        "pub.1005151220",
        "pub.1055632035",
        "pub.1010588545",
        "pub.1012078720",
        "pub.1055606934",
        "pub.1107128119",
        "pub.1012146859",
        "pub.1028421066",
        "pub.1022206041",
        "pub.1055604549",
        "pub.1055590615",
        "pub.1003363970",
        "pub.1055642728"
    ],
    "author_affiliations": [
        [
            {
                "first_name": "Ming",
                "last_name": "Xia",
                "initials": "",
                "corresponding": "",
                "orcid": "['0000-0003-3926-2350']",
                "current_organization_id": "grid.454771.4",
                "researcher_id": "ur.011073216573.25",
                "affiliations": [
                    {
                        "id": "grid.454771.4",
                        "name": "Institute of Coal Chemistry",
                        "city": "Taiyuan",
                        "city_id": 1793511,
                        "country": "China",
                        "country_code": "CN",
                        "state": null,
                        "state_code": null
                    }
                ]
            },
            {
                "first_name": "Hui",
                "last_name": "Shi",
                "initials": "",
                "corresponding": "",
                "orcid": "",
                "current_organization_id": "grid.454771.4",
                "researcher_id": "ur.012721347702.52",
                "affiliations": [
                    {
                        "id": "grid.454771.4",
                        "name": "Institute of Coal Chemistry",
                        "city": "Taiyuan",
                        "city_id": 1793511,
                        "country": "China",
                        "country_code": "CN",
                        "state": null,
                        "state_code": null
                    }
                ]
            },
            {
                "first_name": "Congcong",
                "last_name": "Niu",
                "initials": "",
                "corresponding": "",
                "orcid": "",
                "current_organization_id": "",
                "researcher_id": "",
                "affiliations": [
                    {
                        "id": "grid.454771.4",
                        "name": "Institute of Coal Chemistry",
                        "city": "Taiyuan",
                        "city_id": 1793511,
                        "country": "China",
                        "country_code": "CN",
                        "state": null,
                        "state_code": null
                    },
                    {
                        "id": "grid.410726.6",
                        "name": "University of Chinese Academy of Sciences",
                        "city": "Beijing",
                        "city_id": 1816670,
                        "country": "China",
                        "country_code": "CN",
                        "state": null,
                        "state_code": null
                    }
                ]
            },
            {
                "first_name": "Zhongyi",
                "last_name": "Ma",
                "initials": "",
                "corresponding": "",
                "orcid": "",
                "current_organization_id": "grid.454771.4",
                "researcher_id": "ur.010750001577.97",
                "affiliations": [
                    {
                        "id": "grid.454771.4",
                        "name": "Institute of Coal Chemistry",
                        "city": "Taiyuan",
                        "city_id": 1793511,
                        "country": "China",
                        "country_code": "CN",
                        "state": null,
                        "state_code": null
                    }
                ]
            },
            {
                "first_name": "Huaiqian",
                "last_name": "Lu",
                "initials": "",
                "corresponding": "",
                "orcid": "",
                "current_organization_id": "grid.454771.4",
                "researcher_id": "ur.010354222717.19",
                "affiliations": [
                    {
                        "id": "grid.454771.4",
                        "name": "Institute of Coal Chemistry",
                        "city": "Taiyuan",
                        "city_id": 1793511,
                        "country": "China",
                        "country_code": "CN",
                        "state": null,
                        "state_code": null
                    }
                ]
            },
            {
                "first_name": "Yong",
                "last_name": "Xiao",
                "initials": "",
                "corresponding": "",
                "orcid": "",
                "current_organization_id": "grid.454771.4",
                "researcher_id": "ur.010255142371.24",
                "affiliations": [
                    {
                        "id": "grid.454771.4",
                        "name": "Institute of Coal Chemistry",
                        "city": "Taiyuan",
                        "city_id": 1793511,
                        "country": "China",
                        "country_code": "CN",
                        "state": null,
                        "state_code": null
                    }
                ]
            },
            {
                "first_name": "Bo",
                "last_name": "Hou",
                "initials": "",
                "corresponding": "",
                "orcid": "",
                "current_organization_id": "",
                "researcher_id": "",
                "affiliations": [
                    {
                        "id": "grid.454771.4",
                        "name": "Institute of Coal Chemistry",
                        "city": "Taiyuan",
                        "city_id": 1793511,
                        "country": "China",
                        "country_code": "CN",
                        "state": null,
                        "state_code": null
                    }
                ]
            },
            {
                "first_name": "Litao",
                "last_name": "Jia",
                "initials": "",
                "corresponding": true,
                "orcid": "",
                "current_organization_id": "grid.454771.4",
                "researcher_id": "ur.010715325522.41",
                "affiliations": [
                    {
                        "id": "grid.454771.4",
                        "name": "Institute of Coal Chemistry",
                        "city": "Taiyuan",
                        "city_id": 1793511,
                        "country": "China",
                        "country_code": "CN",
                        "state": null,
                        "state_code": null
                    }
                ]
            },
            {
                "first_name": "Debao",
                "last_name": "Li",
                "initials": "",
                "corresponding": "",
                "orcid": "",
                "current_organization_id": "grid.454771.4",
                "researcher_id": "ur.012006161657.87",
                "affiliations": [
                    {
                        "id": "grid.454771.4",
                        "name": "Institute of Coal Chemistry",
                        "city": "Taiyuan",
                        "city_id": 1793511,
                        "country": "China",
                        "country_code": "CN",
                        "state": null,
                        "state_code": null
                    }
                ]
            }
        ]
    ],
    "type": "article"
}