{
    "pmid": "32031234",
    "author_affiliations": [
        [
            {
                "first_name": "Manuel",
                "last_name": "Battegay",
                "initials": "",
                "corresponding": "",
                "orcid": "",
                "current_organization_id": "grid.410567.1",
                "researcher_id": "ur.0656351560.64",
                "affiliations": [
                    {
                        "id": "grid.410567.1",
                        "name": "University Hospital of Basel",
                        "city": "Basel",
                        "city_id": 2661604,
                        "country": "Switzerland",
                        "country_code": "CH",
                        "state": null,
                        "state_code": null
                    }
                ]
            },
            {
                "first_name": "Richard",
                "last_name": "Kuehl",
                "initials": "",
                "corresponding": "",
                "orcid": "",
                "current_organization_id": "grid.410567.1",
                "researcher_id": "ur.014611027451.27",
                "affiliations": [
                    {
                        "id": "grid.410567.1",
                        "name": "University Hospital of Basel",
                        "city": "Basel",
                        "city_id": 2661604,
                        "country": "Switzerland",
                        "country_code": "CH",
                        "state": null,
                        "state_code": null
                    }
                ]
            },
            {
                "first_name": "Sarah",
                "last_name": "Tschudin-Sutter",
                "initials": "",
                "corresponding": "",
                "orcid": "['0000-0003-4875-5368']",
                "current_organization_id": "grid.410567.1",
                "researcher_id": "ur.01265172044.96",
                "affiliations": [
                    {
                        "id": "grid.410567.1",
                        "name": "University Hospital of Basel",
                        "city": "Basel",
                        "city_id": 2661604,
                        "country": "Switzerland",
                        "country_code": "CH",
                        "state": null,
                        "state_code": null
                    }
                ]
            },
            {
                "first_name": "Hans H",
                "last_name": "Hirsch",
                "initials": "",
                "corresponding": "",
                "orcid": "['0000-0003-0883-0423']",
                "current_organization_id": "grid.410567.1",
                "researcher_id": "ur.01175335220.21",
                "affiliations": [
                    {
                        "id": "grid.410567.1",
                        "name": "University Hospital of Basel",
                        "city": "Basel",
                        "city_id": 2661604,
                        "country": "Switzerland",
                        "country_code": "CH",
                        "state": null,
                        "state_code": null
                    },
                    {
                        "id": "grid.6612.3",
                        "name": "University of Basel",
                        "city": "Basel",
                        "city_id": 2661604,
                        "country": "Switzerland",
                        "country_code": "CH",
                        "state": null,
                        "state_code": null
                    }
                ]
            },
            {
                "first_name": "Andreas F",
                "last_name": "Widmer",
                "initials": "",
                "corresponding": "",
                "orcid": "",
                "current_organization_id": "grid.410567.1",
                "researcher_id": "ur.01367557125.54",
                "affiliations": [
                    {
                        "id": "grid.410567.1",
                        "name": "University Hospital of Basel",
                        "city": "Basel",
                        "city_id": 2661604,
                        "country": "Switzerland",
                        "country_code": "CH",
                        "state": null,
                        "state_code": null
                    }
                ]
            },
            {
                "first_name": "Richard A",
                "last_name": "Neher",
                "initials": "",
                "corresponding": "",
                "orcid": "['0000-0003-2525-1407']",
                "current_organization_id": "grid.6612.3",
                "researcher_id": "ur.01071667415.77",
                "affiliations": [
                    {
                        "id": "grid.6612.3",
                        "name": "University of Basel",
                        "city": "Basel",
                        "city_id": 2661604,
                        "country": "Switzerland",
                        "country_code": "CH",
                        "state": null,
                        "state_code": null
                    }
                ]
            }
        ]
    ],
    "altmetric": 1101.0,
    "FOR": [
        {
            "id": "3053",
            "name": "1103 Clinical Sciences"
        }
    ],
    "research_org_countries": [
        {
            "id": "CH",
            "name": "Switzerland"
        }
    ],
    "title": "2019-novel Coronavirus (2019-nCoV): estimating the case fatality rate \u2013 a word of caution",
    "research_org_cities": [
        {
            "id": 2661604,
            "name": "Basel"
        }
    ],
    "pages": "w20203",
    "issue": "0506",
    "open_access": [
        "Open Access - all",
        "Open Access - publisher",
        "Open Access - published"
    ],
    "doi": "10.4414/smw.2020.20203",
    "times_cited": 11,
    "journal": {
        "id": "jour.1018657",
        "title": "Swiss Medical Weekly"
    },
    "year": 2020,
    "research_orgs": [
        {
            "id": "grid.6612.3",
            "name": "University of Basel",
            "linkout": [
                "https://www.unibas.ch/de"
            ],
            "country_name": "Switzerland",
            "types": [
                "Education"
            ],
            "latitude": 47.55858,
            "state_name": "Basel-Stadt",
            "city_name": "Basel",
            "longitude": 7.5836
        },
        {
            "id": "grid.410567.1",
            "name": "University Hospital of Basel",
            "linkout": [
                "https://www.unispital-basel.ch/"
            ],
            "country_name": "Switzerland",
            "types": [
                "Healthcare"
            ],
            "latitude": 47.562317,
            "acronym": "USB",
            "city_name": "Basel",
            "longitude": 7.583076
        }
    ],
    "id": "pub.1124663195",
    "research_org_country_names": [
        "Switzerland"
    ],
    "date": "2020-02-07",
    "researchers": [
        {
            "id": "ur.0656351560.64",
            "research_orgs": [
                "grid.412004.3",
                "grid.267189.3",
                "grid.6612.3",
                "grid.483654.8",
                "grid.417053.4",
                "grid.410567.1",
                "grid.5337.2",
                "grid.416195.e",
                "grid.5734.5",
                "grid.7400.3"
            ],
            "last_name": "Battegay",
            "first_name": "Manuel"
        },
        {
            "id": "ur.014611027451.27",
            "research_orgs": [
                "grid.410567.1"
            ],
            "last_name": "Kuehl",
            "first_name": "Richard"
        },
        {
            "id": "ur.01265172044.96",
            "research_orgs": [
                "grid.6612.3",
                "grid.410567.1",
                "grid.21107.35",
                "grid.411935.b"
            ],
            "last_name": "Tschudin-Sutter",
            "first_name": "Sarah",
            "orcid_id": [
                "0000-0003-4875-5368"
            ]
        },
        {
            "id": "ur.01175335220.21",
            "research_orgs": [
                "grid.410567.1",
                "grid.414295.f",
                "grid.11749.3a",
                "grid.413357.7",
                "grid.418930.7",
                "grid.412004.3",
                "grid.417053.4",
                "grid.10919.30",
                "grid.413349.8",
                "grid.6612.3",
                "grid.411024.2"
            ],
            "last_name": "Hirsch",
            "first_name": "Hans Hellmuth",
            "orcid_id": [
                "0000-0003-0883-0423"
            ]
        },
        {
            "id": "ur.01367557125.54",
            "research_orgs": [
                "grid.410567.1",
                "grid.413357.7",
                "grid.214572.7",
                "grid.416409.e",
                "grid.5734.5",
                "grid.6612.3"
            ],
            "last_name": "Widmer",
            "first_name": "Andreas Franz"
        },
        {
            "id": "ur.01071667415.77",
            "research_orgs": [
                "grid.4372.2",
                "grid.419765.8",
                "grid.450298.2",
                "grid.168010.e",
                "grid.6612.3",
                "grid.5252.0",
                "grid.418140.8",
                "grid.133342.4",
                "grid.419495.4"
            ],
            "last_name": "Neher",
            "first_name": "Richard A",
            "orcid_id": [
                "0000-0003-2525-1407"
            ]
        }
    ],
    "type": "article",
    "volume": "150"
}