{
    "author_affiliations": [
        [
            {
                "first_name": "Helena",
                "last_name": "Wu",
                "initials": "",
                "corresponding": "",
                "orcid": "['0000-0002-7342-0407']",
                "current_organization_id": "grid.7400.3",
                "researcher_id": "ur.013525067322.04",
                "affiliations": [
                    {
                        "id": "grid.7400.3",
                        "name": "University of Zurich",
                        "city": "Zurich",
                        "city_id": 2657896,
                        "country": "Switzerland",
                        "country_code": "CH",
                        "state": null,
                        "state_code": null
                    }
                ]
            }
        ]
    ],
    "FOR": [
        {
            "id": "3577",
            "name": "2002 Cultural Studies"
        }
    ],
    "research_org_countries": [
        {
            "id": "CH",
            "name": "Switzerland"
        }
    ],
    "title": "Imagining the future in post-millennial Hong Kong cinema: Visualizing the local, the national and the global in cultural imaginaries",
    "research_org_cities": [
        {
            "id": 2657896,
            "name": "Z\u00fcrich"
        }
    ],
    "pages": "1-18",
    "doi": "10.1080/17508061.2020.1733211",
    "times_cited": 0,
    "journal": {
        "id": "jour.1144996",
        "title": "Journal of Chinese Cinemas"
    },
    "year": 2020,
    "research_orgs": [
        {
            "id": "grid.7400.3",
            "name": "University of Zurich",
            "linkout": [
                "http://www.uzh.ch/index_en.html"
            ],
            "country_name": "Switzerland",
            "types": [
                "Education"
            ],
            "latitude": 47.374535,
            "acronym": "UZH",
            "city_name": "Zurich",
            "longitude": 8.55097
        }
    ],
    "id": "pub.1125402110",
    "references": [
        "pub.1084248969",
        "pub.1019792935",
        "pub.1103207864",
        "pub.1068163791",
        "pub.1092150604",
        "pub.1049865574",
        "pub.1018228441",
        "pub.1048677538",
        "pub.1025834176"
    ],
    "research_org_country_names": [
        "Switzerland"
    ],
    "date": "2020-03-04",
    "researchers": [
        {
            "id": "ur.013525067322.04",
            "research_orgs": [
                "grid.7400.3"
            ],
            "last_name": "Wu",
            "first_name": "Helena",
            "orcid_id": [
                "0000-0002-7342-0407"
            ]
        }
    ],
    "type": "article"
}