{
    "volume": "10",
    "date": "2020-12-01",
    "title": "High resolution metagenomic characterization of complex infectomes in paediatric acute respiratory infection",
    "researchers": [
        {
            "id": "ur.0666010512.68",
            "last_name": "Li",
            "first_name": "Ci-Xiu",
            "orcid_id": [
                "0000-0001-6911-9489"
            ],
            "research_orgs": [
                "grid.1013.3",
                "grid.198530.6",
                "grid.13402.34"
            ]
        },
        {
            "id": "ur.01251265610.40",
            "last_name": "Li",
            "first_name": "Wei",
            "research_orgs": [
                "grid.13402.34",
                "grid.411360.1"
            ]
        },
        {
            "id": "ur.013755031777.95",
            "last_name": "Zhang",
            "first_name": "Bing",
            "research_orgs": [
                "grid.268505.c"
            ]
        },
        {
            "id": "ur.01365424701.42",
            "last_name": "Feng",
            "first_name": "Yan",
            "research_orgs": [
                "grid.433871.a",
                "grid.198530.6"
            ]
        },
        {
            "id": "ur.01177643041.68",
            "last_name": "Xu",
            "first_name": "Chang-Ping",
            "research_orgs": [
                "grid.433871.a",
                "grid.198530.6",
                "grid.410740.6"
            ]
        },
        {
            "id": "ur.01117415526.62",
            "last_name": "Lu",
            "first_name": "Yi-Yu",
            "research_orgs": [
                "grid.433871.a",
                "grid.198530.6",
                "grid.410740.6"
            ]
        },
        {
            "id": "ur.012501436222.04",
            "last_name": "Holmes",
            "first_name": "Edward Charles",
            "orcid_id": [
                "0000-0001-9596-3552"
            ],
            "research_orgs": [
                "grid.1024.7",
                "grid.5515.4",
                "grid.4305.2",
                "grid.4991.5",
                "grid.1002.3",
                "grid.13402.34",
                "grid.492989.7",
                "grid.7445.2",
                "grid.5386.8",
                "grid.420089.7",
                "grid.8547.e",
                "grid.7143.1",
                "grid.6203.7",
                "grid.94365.3d",
                "grid.453035.4",
                "grid.176731.5",
                "grid.1011.1",
                "grid.266100.3",
                "grid.198530.6",
                "grid.12082.39",
                "grid.29857.31",
                "grid.5335.0",
                "grid.425213.3",
                "grid.490687.4",
                "grid.413322.5",
                "grid.1013.3"
            ]
        },
        {
            "id": "ur.0636064674.00",
            "last_name": "Shi",
            "first_name": "Mang",
            "orcid_id": [
                "0000-0002-6154-4437"
            ],
            "research_orgs": [
                "grid.29857.31",
                "grid.12981.33",
                "grid.416738.f",
                "grid.8547.e",
                "grid.13402.34",
                "grid.1011.1",
                "grid.198530.6",
                "grid.1013.3",
                "grid.194645.b"
            ]
        }
    ],
    "pmcid": "PMC7054269",
    "research_org_state_codes": [
        {
            "id": "AU-NSW",
            "name": "New South Wales"
        }
    ],
    "altmetric": 1.0,
    "pages": "3963",
    "research_org_cities": [
        {
            "id": 2147714,
            "name": "Sydney"
        },
        {
            "id": 1816670,
            "name": "Beijing"
        },
        {
            "id": 1808926,
            "name": "Hangzhou"
        }
    ],
    "open_access": [
        "Open Access - all",
        "Open Access - publisher",
        "Open Access - published"
    ],
    "research_org_countries": [
        {
            "id": "CN",
            "name": "China"
        },
        {
            "id": "AU",
            "name": "Australia"
        }
    ],
    "doi": "10.1038/s41598-020-60992-6",
    "FOR": [
        {
            "id": "2634",
            "name": "0605 Microbiology"
        },
        {
            "id": "3114",
            "name": "1108 Medical Microbiology"
        },
        {
            "id": "2620",
            "name": "0604 Genetics"
        }
    ],
    "research_orgs": [
        {
            "id": "grid.1013.3",
            "acronym": "USYD",
            "state_name": "New South Wales",
            "types": [
                "Education"
            ],
            "longitude": 151.1873,
            "linkout": [
                "http://sydney.edu.au/"
            ],
            "latitude": -33.88858,
            "name": "University of Sydney",
            "city_name": "Sydney",
            "country_name": "Australia"
        },
        {
            "id": "grid.13402.34",
            "acronym": "ZJU",
            "state_name": "Zhejiang",
            "types": [
                "Education"
            ],
            "longitude": 120.12342,
            "linkout": [
                "http://www.zju.edu.cn/english/"
            ],
            "latitude": 30.263878,
            "name": "Zhejiang University",
            "city_name": "Hangzhou",
            "country_name": "China"
        },
        {
            "id": "grid.268505.c",
            "acronym": "ZJNU",
            "state_name": "Zhejiang",
            "types": [
                "Education"
            ],
            "longitude": 120.15016,
            "linkout": [
                "http://zsb.zjtcm.net/"
            ],
            "latitude": 30.17306,
            "name": "Zhejiang Chinese Medical University",
            "city_name": "Hangzhou",
            "country_name": "China"
        },
        {
            "id": "grid.411360.1",
            "types": [
                "Healthcare"
            ],
            "longitude": 120.16571,
            "linkout": [
                "http://www.zjuch.cn/Hospitals/main"
            ],
            "latitude": 30.263163,
            "name": "Children's Hospital of Zhejiang University",
            "city_name": "Hangzhou",
            "country_name": "China"
        },
        {
            "id": "grid.198530.6",
            "acronym": "CCDC",
            "types": [
                "Nonprofit"
            ],
            "longitude": 116.398834,
            "linkout": [
                "http://www.chinacdc.cn/en/"
            ],
            "latitude": 39.91624,
            "name": "Chinese Center For Disease Control and Prevention",
            "city_name": "Beijing",
            "country_name": "China"
        }
    ],
    "times_cited": 0,
    "pmid": "32127629",
    "funders": [
        {
            "id": "grid.413452.5",
            "acronym": "ARC",
            "state_name": "Australian Capital Territory",
            "types": [
                "Government"
            ],
            "longitude": 149.12405,
            "linkout": [
                "http://www.arc.gov.au/"
            ],
            "latitude": -35.282425,
            "name": "Australian Research Council",
            "city_name": "Canberra",
            "country_name": "Australia"
        },
        {
            "id": "grid.453034.5",
            "types": [
                "Nonprofit"
            ],
            "longitude": 116.40845,
            "linkout": [
                "http://res.chinapostdoctor.org.cn/BshWeb/index.shtml"
            ],
            "latitude": 39.91624,
            "name": "China Postdoctoral Science Foundation",
            "city_name": "Beijing",
            "country_name": "China"
        }
    ],
    "research_org_country_names": [
        "Australia",
        "China"
    ],
    "id": "pub.1125323980",
    "issue": "1",
    "journal": {
        "id": "jour.1045337",
        "title": "Scientific Reports"
    },
    "year": 2020,
    "references": [
        "pub.1037854138",
        "pub.1092414581",
        "pub.1107871638",
        "pub.1053376958",
        "pub.1040820820",
        "pub.1054130524",
        "pub.1034964406",
        "pub.1113006301",
        "pub.1107688082",
        "pub.1107822412",
        "pub.1028162909",
        "pub.1027564122",
        "pub.1123903247",
        "pub.1042496689",
        "pub.1045940577",
        "pub.1117070155",
        "pub.1092062656",
        "pub.1046004748",
        "pub.1113907355",
        "pub.1039607824",
        "pub.1045934129",
        "pub.1103382228",
        "pub.1101270760",
        "pub.1100152214",
        "pub.1023901695",
        "pub.1085501626",
        "pub.1029409494",
        "pub.1030436810",
        "pub.1016356096",
        "pub.1011280909",
        "pub.1105804488",
        "pub.1101862110",
        "pub.1029799849",
        "pub.1024156938",
        "pub.1090903940",
        "pub.1107771979",
        "pub.1015803932",
        "pub.1045700818",
        "pub.1107057152"
    ],
    "research_org_state_names": [
        "New South Wales"
    ],
    "author_affiliations": [
        [
            {
                "first_name": "Ci-Xiu",
                "last_name": "Li",
                "initials": "",
                "corresponding": "",
                "orcid": "['0000-0001-6911-9489']",
                "current_organization_id": "grid.1013.3",
                "researcher_id": "ur.0666010512.68",
                "affiliations": [
                    {
                        "id": "grid.198530.6",
                        "name": "Chinese Center For Disease Control and Prevention",
                        "city": "Beijing",
                        "city_id": 1816670,
                        "country": "China",
                        "country_code": "CN",
                        "state": null,
                        "state_code": null
                    },
                    {
                        "id": "grid.13402.34",
                        "name": "Zhejiang University",
                        "city": "Hangzhou",
                        "city_id": 1808926,
                        "country": "China",
                        "country_code": "CN",
                        "state": null,
                        "state_code": null
                    },
                    {
                        "id": "grid.1013.3",
                        "name": "University of Sydney",
                        "city": "Sydney",
                        "city_id": 2147714,
                        "country": "Australia",
                        "country_code": "AU",
                        "state": "New South Wales",
                        "state_code": "AU-NSW"
                    }
                ]
            },
            {
                "first_name": "Wei",
                "last_name": "Li",
                "initials": "",
                "corresponding": "",
                "orcid": "",
                "current_organization_id": "grid.13402.34",
                "researcher_id": "ur.01251265610.40",
                "affiliations": [
                    {
                        "id": "grid.411360.1",
                        "name": "Children's Hospital of Zhejiang University",
                        "city": "Hangzhou",
                        "city_id": 1808926,
                        "country": "China",
                        "country_code": "CN",
                        "state": null,
                        "state_code": null
                    }
                ]
            },
            {
                "first_name": "Jun",
                "last_name": "Zhou",
                "initials": "",
                "corresponding": "",
                "orcid": "",
                "current_organization_id": "",
                "researcher_id": "",
                "affiliations": [
                    {
                        "name": "Department of Clinical Laboratory, Hangzhou children\u2019s hospital, 310014, Hangzhou, China"
                    }
                ]
            },
            {
                "first_name": "Bing",
                "last_name": "Zhang",
                "initials": "",
                "corresponding": "",
                "orcid": "",
                "current_organization_id": "grid.268505.c",
                "researcher_id": "ur.013755031777.95",
                "affiliations": [
                    {
                        "id": "grid.268505.c",
                        "name": "Zhejiang Chinese Medical University",
                        "city": "Hangzhou",
                        "city_id": 1808926,
                        "country": "China",
                        "country_code": "CN",
                        "state": null,
                        "state_code": null
                    }
                ]
            },
            {
                "first_name": "Yan",
                "last_name": "Feng",
                "initials": "",
                "corresponding": "",
                "orcid": "",
                "current_organization_id": "grid.198530.6",
                "researcher_id": "ur.01365424701.42",
                "affiliations": [
                    {
                        "id": "grid.198530.6",
                        "name": "Chinese Center For Disease Control and Prevention",
                        "city": "Beijing",
                        "city_id": 1816670,
                        "country": "China",
                        "country_code": "CN",
                        "state": null,
                        "state_code": null
                    }
                ]
            },
            {
                "first_name": "Chang-Ping",
                "last_name": "Xu",
                "initials": "",
                "corresponding": "",
                "orcid": "",
                "current_organization_id": "grid.198530.6",
                "researcher_id": "ur.01177643041.68",
                "affiliations": [
                    {
                        "id": "grid.198530.6",
                        "name": "Chinese Center For Disease Control and Prevention",
                        "city": "Beijing",
                        "city_id": 1816670,
                        "country": "China",
                        "country_code": "CN",
                        "state": null,
                        "state_code": null
                    }
                ]
            },
            {
                "first_name": "Yi-Yu",
                "last_name": "Lu",
                "initials": "",
                "corresponding": "",
                "orcid": "",
                "current_organization_id": "grid.433871.a",
                "researcher_id": "ur.01117415526.62",
                "affiliations": [
                    {
                        "id": "grid.198530.6",
                        "name": "Chinese Center For Disease Control and Prevention",
                        "city": "Beijing",
                        "city_id": 1816670,
                        "country": "China",
                        "country_code": "CN",
                        "state": null,
                        "state_code": null
                    }
                ]
            },
            {
                "first_name": "Edward C.",
                "last_name": "Holmes",
                "initials": "",
                "corresponding": true,
                "orcid": "['0000-0001-9596-3552']",
                "current_organization_id": "grid.1013.3",
                "researcher_id": "ur.012501436222.04",
                "affiliations": [
                    {
                        "id": "grid.1013.3",
                        "name": "University of Sydney",
                        "city": "Sydney",
                        "city_id": 2147714,
                        "country": "Australia",
                        "country_code": "AU",
                        "state": "New South Wales",
                        "state_code": "AU-NSW"
                    }
                ]
            },
            {
                "first_name": "Mang",
                "last_name": "Shi",
                "initials": "",
                "corresponding": true,
                "orcid": "['0000-0002-6154-4437']",
                "current_organization_id": "grid.1013.3",
                "researcher_id": "ur.0636064674.00",
                "affiliations": [
                    {
                        "id": "grid.1013.3",
                        "name": "University of Sydney",
                        "city": "Sydney",
                        "city_id": 2147714,
                        "country": "Australia",
                        "country_code": "AU",
                        "state": "New South Wales",
                        "state_code": "AU-NSW"
                    }
                ]
            }
        ]
    ],
    "type": "article"
}