{
    "date": "2020-03-13",
    "title": "Global health crises are also information crises: A call to action",
    "altmetric": 15.0,
    "research_org_cities": [
        {
            "id": 4924006,
            "name": "Muncie"
        },
        {
            "id": 1790630,
            "name": "Xi\u2019an"
        },
        {
            "id": 4671654,
            "name": "Austin"
        },
        {
            "id": 5206379,
            "name": "Pittsburgh"
        },
        {
            "id": 1791247,
            "name": "Wuhan"
        }
    ],
    "research_org_countries": [
        {
            "id": "CN",
            "name": "China"
        },
        {
            "id": "US",
            "name": "United States"
        }
    ],
    "doi": "10.1002/asi.24357",
    "FOR": [
        {
            "id": "3177",
            "name": "1117 Public Health and Health Services"
        }
    ],
    "research_orgs": [
        {
            "id": "grid.21925.3d",
            "state_name": "Pennsylvania",
            "types": [
                "Education"
            ],
            "longitude": -79.961525,
            "linkout": [
                "http://www.pitt.edu/"
            ],
            "latitude": 40.443504,
            "name": "University of Pittsburgh",
            "city_name": "Pittsburgh",
            "country_name": "United States"
        },
        {
            "id": "grid.49470.3e",
            "acronym": "WHU",
            "types": [
                "Education"
            ],
            "longitude": 114.36431,
            "linkout": [
                "http://en.whu.edu.cn/"
            ],
            "latitude": 30.536316,
            "name": "Wuhan University",
            "city_name": "Wuhan",
            "country_name": "China"
        },
        {
            "id": "grid.43169.39",
            "acronym": "XJTU",
            "types": [
                "Education"
            ],
            "longitude": 108.979164,
            "linkout": [
                "http://en.xjtu.edu.cn/"
            ],
            "latitude": 34.247223,
            "name": "Xi'an Jiaotong University",
            "city_name": "Xi'an",
            "country_name": "China"
        },
        {
            "id": "grid.252754.3",
            "acronym": "BSU",
            "state_name": "Indiana",
            "types": [
                "Education"
            ],
            "longitude": -85.40894,
            "linkout": [
                "http://cms.bsu.edu/"
            ],
            "latitude": 40.198322,
            "name": "Ball State University",
            "city_name": "Muncie",
            "country_name": "United States"
        },
        {
            "id": "grid.89336.37",
            "state_name": "Texas",
            "types": [
                "Education"
            ],
            "longitude": -97.73942,
            "linkout": [
                "http://www.utexas.edu/"
            ],
            "latitude": 30.28614,
            "name": "The University of Texas at Austin",
            "city_name": "Austin",
            "country_name": "United States"
        }
    ],
    "times_cited": 0,
    "research_org_country_names": [
        "United States",
        "China"
    ],
    "id": "pub.1125623018",
    "journal": {
        "id": "jour.1297418",
        "title": "Journal of the Association for Information Science and Technology"
    },
    "year": 2020,
    "references": [
        "pub.1069286703",
        "pub.1110951050",
        "pub.1120692264",
        "pub.1049659864",
        "pub.1038855782",
        "pub.1092747839",
        "pub.1119962472",
        "pub.1030726570",
        "pub.1111520461",
        "pub.1107972221",
        "pub.1051002779",
        "pub.1092726647",
        "pub.1051141395"
    ],
    "research_org_state_names": [
        "Pennsylvania",
        "Indiana",
        "Texas"
    ],
    "author_affiliations": [
        [
            {
                "first_name": "Bo",
                "last_name": "Xie",
                "initials": "",
                "corresponding": "",
                "orcid": "",
                "current_organization_id": "",
                "researcher_id": "",
                "affiliations": [
                    {
                        "id": "grid.89336.37",
                        "name": "The University of Texas at Austin",
                        "city": "Austin",
                        "city_id": 4671654,
                        "country": "United States",
                        "country_code": "US",
                        "state": "Texas",
                        "state_code": "US-TX"
                    },
                    {
                        "id": "grid.89336.37",
                        "name": "The University of Texas at Austin",
                        "city": "Austin",
                        "city_id": 4671654,
                        "country": "United States",
                        "country_code": "US",
                        "state": "Texas",
                        "state_code": "US-TX"
                    }
                ]
            },
            {
                "first_name": "Daqing",
                "last_name": "He",
                "initials": "",
                "corresponding": "",
                "orcid": "",
                "current_organization_id": "",
                "researcher_id": "",
                "affiliations": [
                    {
                        "id": "grid.21925.3d",
                        "name": "University of Pittsburgh",
                        "city": "Pittsburgh",
                        "city_id": 5206379,
                        "country": "United States",
                        "country_code": "US",
                        "state": "Pennsylvania",
                        "state_code": "US-PA"
                    }
                ]
            },
            {
                "first_name": "Tim",
                "last_name": "Mercer",
                "initials": "",
                "corresponding": "",
                "orcid": "",
                "current_organization_id": "",
                "researcher_id": "",
                "affiliations": [
                    {
                        "id": "grid.89336.37",
                        "name": "The University of Texas at Austin",
                        "city": "Austin",
                        "city_id": 4671654,
                        "country": "United States",
                        "country_code": "US",
                        "state": "Texas",
                        "state_code": "US-TX"
                    },
                    {
                        "id": "grid.89336.37",
                        "name": "The University of Texas at Austin",
                        "city": "Austin",
                        "city_id": 4671654,
                        "country": "United States",
                        "country_code": "US",
                        "state": "Texas",
                        "state_code": "US-TX"
                    }
                ]
            },
            {
                "first_name": "Youfa",
                "last_name": "Wang",
                "initials": "",
                "corresponding": "",
                "orcid": "",
                "current_organization_id": "",
                "researcher_id": "",
                "affiliations": [
                    {
                        "id": "grid.43169.39",
                        "name": "Xi'an Jiaotong University",
                        "city": "Xi'an",
                        "city_id": 1790630,
                        "country": "China",
                        "country_code": "CN",
                        "state": null,
                        "state_code": null
                    },
                    {
                        "id": "grid.43169.39",
                        "name": "Xi'an Jiaotong University",
                        "city": "Xi'an",
                        "city_id": 1790630,
                        "country": "China",
                        "country_code": "CN",
                        "state": null,
                        "state_code": null
                    },
                    {
                        "id": "grid.252754.3",
                        "name": "Ball State University",
                        "city": "Muncie",
                        "city_id": 4924006,
                        "country": "United States",
                        "country_code": "US",
                        "state": "Indiana",
                        "state_code": "US-IN"
                    }
                ]
            },
            {
                "first_name": "Dan",
                "last_name": "Wu",
                "initials": "",
                "corresponding": "",
                "orcid": "",
                "current_organization_id": "",
                "researcher_id": "",
                "affiliations": [
                    {
                        "id": "grid.49470.3e",
                        "name": "Wuhan University",
                        "city": "Wuhan",
                        "city_id": 1791247,
                        "country": "China",
                        "country_code": "CN",
                        "state": null,
                        "state_code": null
                    }
                ]
            },
            {
                "first_name": "Kenneth R.",
                "last_name": "Fleischmann",
                "initials": "",
                "corresponding": "",
                "orcid": "",
                "current_organization_id": "",
                "researcher_id": "",
                "affiliations": [
                    {
                        "id": "grid.89336.37",
                        "name": "The University of Texas at Austin",
                        "city": "Austin",
                        "city_id": 4671654,
                        "country": "United States",
                        "country_code": "US",
                        "state": "Texas",
                        "state_code": "US-TX"
                    }
                ]
            },
            {
                "first_name": "Yan",
                "last_name": "Zhang",
                "initials": "",
                "corresponding": "",
                "orcid": "",
                "current_organization_id": "",
                "researcher_id": "",
                "affiliations": [
                    {
                        "id": "grid.89336.37",
                        "name": "The University of Texas at Austin",
                        "city": "Austin",
                        "city_id": 4671654,
                        "country": "United States",
                        "country_code": "US",
                        "state": "Texas",
                        "state_code": "US-TX"
                    }
                ]
            },
            {
                "first_name": "Linda H.",
                "last_name": "Yoder",
                "initials": "",
                "corresponding": "",
                "orcid": "",
                "current_organization_id": "",
                "researcher_id": "",
                "affiliations": [
                    {
                        "id": "grid.89336.37",
                        "name": "The University of Texas at Austin",
                        "city": "Austin",
                        "city_id": 4671654,
                        "country": "United States",
                        "country_code": "US",
                        "state": "Texas",
                        "state_code": "US-TX"
                    }
                ]
            },
            {
                "first_name": "Keri K.",
                "last_name": "Stephens",
                "initials": "",
                "corresponding": "",
                "orcid": "",
                "current_organization_id": "",
                "researcher_id": "",
                "affiliations": [
                    {
                        "id": "grid.89336.37",
                        "name": "The University of Texas at Austin",
                        "city": "Austin",
                        "city_id": 4671654,
                        "country": "United States",
                        "country_code": "US",
                        "state": "Texas",
                        "state_code": "US-TX"
                    }
                ]
            },
            {
                "first_name": "Michael",
                "last_name": "Mackert",
                "initials": "",
                "corresponding": "",
                "orcid": "",
                "current_organization_id": "",
                "researcher_id": "",
                "affiliations": [
                    {
                        "id": "grid.89336.37",
                        "name": "The University of Texas at Austin",
                        "city": "Austin",
                        "city_id": 4671654,
                        "country": "United States",
                        "country_code": "US",
                        "state": "Texas",
                        "state_code": "US-TX"
                    },
                    {
                        "id": "grid.89336.37",
                        "name": "The University of Texas at Austin",
                        "city": "Austin",
                        "city_id": 4671654,
                        "country": "United States",
                        "country_code": "US",
                        "state": "Texas",
                        "state_code": "US-TX"
                    },
                    {
                        "id": "grid.89336.37",
                        "name": "The University of Texas at Austin",
                        "city": "Austin",
                        "city_id": 4671654,
                        "country": "United States",
                        "country_code": "US",
                        "state": "Texas",
                        "state_code": "US-TX"
                    }
                ]
            },
            {
                "first_name": "Min K.",
                "last_name": "Lee",
                "initials": "",
                "corresponding": "",
                "orcid": "",
                "current_organization_id": "",
                "researcher_id": "",
                "affiliations": [
                    {
                        "id": "grid.89336.37",
                        "name": "The University of Texas at Austin",
                        "city": "Austin",
                        "city_id": 4671654,
                        "country": "United States",
                        "country_code": "US",
                        "state": "Texas",
                        "state_code": "US-TX"
                    }
                ]
            }
        ]
    ],
    "type": "article"
}