{
    "research_orgs": [
        {
            "id": "grid.17063.33",
            "linkout": [
                "http://www.utoronto.ca/"
            ],
            "city_name": "Toronto",
            "longitude": -79.395,
            "state_name": "Ontario",
            "latitude": 43.661667,
            "name": "University of Toronto",
            "types": [
                "Education"
            ],
            "country_name": "Canada"
        }
    ],
    "research_org_country_names": [
        "Canada"
    ],
    "pmid": "32023340",
    "title": "Reporting, Epidemic Growth, and Reproduction Numbers for the 2019 Novel Coronavirus (2019-nCoV) Epidemic.",
    "type": "article",
    "year": 2020,
    "journal": {
        "id": "jour.1017222",
        "title": "Annals of Internal Medicine"
    },
    "researchers": [
        {
            "id": "ur.01226307132.34",
            "research_orgs": [
                "grid.14709.3b",
                "grid.17063.33",
                "grid.38142.3c",
                "grid.415502.7"
            ],
            "first_name": "Ashleigh R",
            "last_name": "Tuite",
            "orcid_id": [
                "0000-0002-4373-9337"
            ]
        },
        {
            "id": "ur.01335612470.01",
            "research_orgs": [
                "grid.16750.35",
                "grid.499876.d",
                "grid.42327.30",
                "grid.166341.7",
                "grid.415400.4",
                "grid.38142.3c",
                "grid.412359.8",
                "grid.265892.2",
                "grid.17063.33",
                "grid.239395.7",
                "grid.415822.8",
                "grid.419734.c",
                "grid.1001.0",
                "grid.261331.4",
                "grid.25073.33"
            ],
            "first_name": "David Norman",
            "last_name": "Fisman"
        }
    ],
    "research_org_countries": [
        {
            "id": "CA",
            "name": "Canada"
        }
    ],
    "date": "2020-02-05",
    "altmetric": 325.0,
    "research_org_state_names": [
        "Ontario"
    ],
    "id": "pub.1124643884",
    "research_org_state_codes": [
        {
            "id": "CA-ON",
            "name": "Ontario"
        }
    ],
    "research_org_cities": [
        {
            "id": 6167865,
            "name": "Toronto"
        }
    ],
    "open_access": [
        "Open Access - all",
        "Open Access - publisher",
        "Open Access - published"
    ],
    "author_affiliations": [
        [
            {
                "first_name": "Ashleigh R",
                "last_name": "Tuite",
                "initials": "",
                "corresponding": "",
                "orcid": "['0000-0002-4373-9337']",
                "current_organization_id": "grid.17063.33",
                "researcher_id": "ur.01226307132.34",
                "affiliations": [
                    {
                        "id": "grid.17063.33",
                        "name": "University of Toronto",
                        "city": "Toronto",
                        "city_id": 6167865,
                        "country": "Canada",
                        "country_code": "CA",
                        "state": "Ontario",
                        "state_code": "CA-ON"
                    }
                ]
            },
            {
                "first_name": "David N",
                "last_name": "Fisman",
                "initials": "",
                "corresponding": "",
                "orcid": "",
                "current_organization_id": "grid.17063.33",
                "researcher_id": "ur.01335612470.01",
                "affiliations": [
                    {
                        "id": "grid.17063.33",
                        "name": "University of Toronto",
                        "city": "Toronto",
                        "city_id": 6167865,
                        "country": "Canada",
                        "country_code": "CA",
                        "state": "Ontario",
                        "state_code": "CA-ON"
                    }
                ]
            }
        ]
    ],
    "doi": "10.7326/m20-0358",
    "times_cited": 6,
    "references": [
        "pub.1124460938"
    ]
}