{
    "research_orgs": [
        {
            "id": "grid.414008.9",
            "linkout": [
                "http://www.anti-cancer.com.cn/"
            ],
            "city_name": "Zhengzhou",
            "longitude": 113.702,
            "latitude": 34.77107,
            "name": "Henan Cancer Hospital",
            "types": [
                "Healthcare"
            ],
            "country_name": "China"
        },
        {
            "id": "grid.21107.35",
            "linkout": [
                "https://www.jhu.edu/"
            ],
            "city_name": "Baltimore",
            "longitude": -76.62028,
            "acronym": "JHU",
            "state_name": "Maryland",
            "latitude": 39.328888,
            "name": "Johns Hopkins University",
            "types": [
                "Education"
            ],
            "country_name": "United States"
        }
    ],
    "research_org_country_names": [
        "United States",
        "China"
    ],
    "pmid": "32165205",
    "title": "Atypical lung feature on chest CT in a lung adenocarcinoma cancer patient infected with COVID-19",
    "type": "article",
    "year": 2020,
    "journal": {
        "id": "jour.1100417",
        "title": "Annals of Oncology"
    },
    "researchers": [
        {
            "id": "ur.01371666774.00",
            "research_orgs": [
                "grid.440736.2",
                "grid.207374.5",
                "grid.24696.3f",
                "grid.38142.3c",
                "grid.62560.37",
                "grid.414008.9"
            ],
            "first_name": "Jin-Rong",
            "last_name": "Qu",
            "orcid_id": [
                "0000-0001-8751-9988"
            ]
        },
        {
            "id": "ur.01141237736.25",
            "research_orgs": [
                "grid.469474.c",
                "grid.21107.35",
                "grid.239578.2",
                "grid.412374.7",
                "grid.411940.9",
                "grid.415731.5",
                "grid.38142.3c",
                "grid.177174.3",
                "grid.25879.31",
                "grid.239395.7",
                "grid.264727.2",
                "grid.411935.b",
                "grid.410305.3",
                "grid.214458.e"
            ],
            "first_name": "Ihab R",
            "last_name": "Kamel"
        }
    ],
    "research_org_countries": [
        {
            "id": "US",
            "name": "United States"
        },
        {
            "id": "CN",
            "name": "China"
        }
    ],
    "date": "2020-03-01",
    "altmetric": 1.0,
    "research_org_state_names": [
        "Maryland"
    ],
    "id": "pub.1125491451",
    "research_org_cities": [
        {
            "id": 1784658,
            "name": "Zhengzhou"
        },
        {
            "id": 4347778,
            "name": "Baltimore"
        }
    ],
    "author_affiliations": [
        [
            {
                "first_name": "Jinrong",
                "last_name": "Qu",
                "initials": "",
                "corresponding": true,
                "orcid": "['0000-0001-8751-9988']",
                "current_organization_id": "grid.414008.9",
                "researcher_id": "ur.01371666774.00",
                "affiliations": [
                    {
                        "id": "grid.414008.9",
                        "name": "Henan Cancer Hospital",
                        "city": "Zhengzhou",
                        "city_id": 1784658,
                        "country": "China",
                        "country_code": "CN",
                        "state": null,
                        "state_code": null
                    }
                ]
            },
            {
                "first_name": "Rui",
                "last_name": "Yang",
                "initials": "",
                "corresponding": "",
                "orcid": "",
                "current_organization_id": "",
                "researcher_id": "",
                "affiliations": [
                    {
                        "name": "Department of Medical Imaging, Henan Chest Hospital, Zhengzhou, Henan, China"
                    }
                ]
            },
            {
                "first_name": "Liucun",
                "last_name": "Song",
                "initials": "",
                "corresponding": "",
                "orcid": "",
                "current_organization_id": "",
                "researcher_id": "",
                "affiliations": [
                    {
                        "name": "Department of Radiology, the Sixth People Hospital of Zhengzhou, Zhengzhou, Henan, China"
                    }
                ]
            },
            {
                "first_name": "Ihab R.",
                "last_name": "Kamel",
                "initials": "",
                "corresponding": "",
                "orcid": "",
                "current_organization_id": "grid.21107.35",
                "researcher_id": "ur.01141237736.25",
                "affiliations": [
                    {
                        "id": "grid.21107.35",
                        "name": "Johns Hopkins University",
                        "city": "Baltimore",
                        "city_id": 4347778,
                        "country": "United States",
                        "country_code": "US",
                        "state": "Maryland",
                        "state_code": "US-MD"
                    }
                ]
            }
        ]
    ],
    "doi": "10.1016/j.annonc.2020.03.001",
    "times_cited": 0
}