{
    "volume": "17",
    "date": "2020-02-25",
    "title": "A Novel Approach of Consultation on 2019 Novel Coronavirus (COVID-19)-Related Psychological and Mental Problems: Structured Letter Therapy",
    "pmcid": "PMC7047000",
    "altmetric": 3.0,
    "pages": "175-176",
    "research_org_cities": [
        {
            "id": 1816670,
            "name": "Beijing"
        }
    ],
    "open_access": [
        "Open Access - all",
        "Open Access - publisher",
        "Open Access - published"
    ],
    "research_org_countries": [
        {
            "id": "CN",
            "name": "China"
        }
    ],
    "doi": "10.30773/pi.2020.0047",
    "research_orgs": [
        {
            "id": "grid.24696.3f",
            "acronym": "CUMS",
            "types": [
                "Education"
            ],
            "longitude": 116.35284,
            "linkout": [
                "http://www.ccmu.edu.cn/"
            ],
            "latitude": 39.865433,
            "name": "Capital Medical University",
            "city_name": "Beijing",
            "country_name": "China"
        }
    ],
    "times_cited": 0,
    "pmid": "32093461",
    "research_org_country_names": [
        "China"
    ],
    "id": "pub.1125045152",
    "issue": "2",
    "journal": {
        "id": "jour.1035148",
        "title": "Psychiatry Investigation"
    },
    "year": 2020,
    "author_affiliations": [
        [
            {
                "first_name": "Chunfeng",
                "last_name": "Xiao",
                "initials": "",
                "corresponding": "",
                "orcid": "",
                "current_organization_id": "",
                "researcher_id": "",
                "affiliations": [
                    {
                        "id": "grid.24696.3f",
                        "name": "Capital Medical University",
                        "city": "Beijing",
                        "city_id": 1816670,
                        "country": "China",
                        "country_code": "CN",
                        "state": null,
                        "state_code": null
                    },
                    {
                        "id": "grid.24696.3f",
                        "name": "Capital Medical University",
                        "city": "Beijing",
                        "city_id": 1816670,
                        "country": "China",
                        "country_code": "CN",
                        "state": null,
                        "state_code": null
                    }
                ]
            }
        ]
    ],
    "type": "article"
}