{
    "title": "Isolation of Drug-Resistant Gallibacterium anatis from Calves with Unresponsive Bronchopneumonia - Volume 26, Number 4\u2014April 2020 - Emerging Infectious Diseases journal - CDC",
    "type": "article",
    "year": 2020,
    "journal": {
        "id": "jour.1114184",
        "title": "Emerging Infectious Diseases"
    },
    "researchers": [
        {
            "id": "ur.0734750511.34",
            "research_orgs": [
                "grid.5342.0"
            ],
            "first_name": "Laura",
            "last_name": "Van Driessche"
        },
        {
            "id": "ur.016014727240.62",
            "research_orgs": [
                "grid.418170.b"
            ],
            "first_name": "Kevin",
            "last_name": "Vanneste"
        },
        {
            "id": "ur.015125474627.00",
            "first_name": "Bert",
            "last_name": "Bogaerts"
        },
        {
            "id": "ur.0676732157.42",
            "research_orgs": [
                "grid.418170.b",
                "grid.5596.f"
            ],
            "first_name": "Sigrid C J",
            "last_name": "De Keersmaecker",
            "orcid_id": [
                "0000-0003-4198-4133"
            ]
        },
        {
            "id": "ur.0736062333.32",
            "research_orgs": [
                "grid.5342.0",
                "grid.423677.3",
                "grid.8767.e"
            ],
            "first_name": "Freddy",
            "last_name": "Haesebrouck",
            "orcid_id": [
                "0000-0002-1709-933X"
            ]
        },
        {
            "id": "ur.010571122021.13",
            "research_orgs": [
                "grid.5342.0"
            ],
            "first_name": "Lieze",
            "last_name": "De Cremer"
        },
        {
            "id": "ur.01004166435.22",
            "research_orgs": [
                "grid.5342.0",
                "grid.415310.2",
                "grid.4861.b",
                "grid.5477.1"
            ],
            "first_name": "Piet R",
            "last_name": "Deprez"
        },
        {
            "id": "ur.01010017612.07",
            "research_orgs": [
                "grid.5342.0",
                "grid.5734.5"
            ],
            "first_name": "Bart",
            "last_name": "Pardon",
            "orcid_id": [
                "0000-0003-1026-8433"
            ]
        },
        {
            "id": "ur.01250155736.09",
            "research_orgs": [
                "grid.5342.0"
            ],
            "first_name": "Filip",
            "last_name": "Boyen"
        }
    ],
    "date": "2020-04-01",
    "altmetric": 1.0,
    "id": "pub.1125400394",
    "volume": "26",
    "issue": "4",
    "open_access": [
        "Open Access - all",
        "Open Access - publisher",
        "Open Access - published"
    ],
    "author_affiliations": [
        [
            {
                "first_name": "Laura",
                "last_name": "Van Driessche",
                "initials": "",
                "corresponding": "",
                "orcid": "",
                "current_organization_id": "grid.5342.0",
                "researcher_id": "ur.0734750511.34",
                "affiliations": []
            },
            {
                "first_name": "Kevin",
                "last_name": "Vanneste",
                "initials": "",
                "corresponding": "",
                "orcid": "",
                "current_organization_id": "grid.418170.b",
                "researcher_id": "ur.016014727240.62",
                "affiliations": []
            },
            {
                "first_name": "Bert",
                "last_name": "Bogaerts",
                "initials": "",
                "corresponding": "",
                "orcid": "",
                "current_organization_id": "",
                "researcher_id": "ur.015125474627.00",
                "affiliations": []
            },
            {
                "first_name": "Sigrid C.J.",
                "last_name": "De Keersmaecker",
                "initials": "",
                "corresponding": "",
                "orcid": "['0000-0003-4198-4133']",
                "current_organization_id": "grid.418170.b",
                "researcher_id": "ur.0676732157.42",
                "affiliations": []
            },
            {
                "first_name": "Nancy H.",
                "last_name": "Roosens",
                "initials": "",
                "corresponding": "",
                "orcid": "",
                "current_organization_id": "",
                "researcher_id": "",
                "affiliations": []
            },
            {
                "first_name": "Freddy",
                "last_name": "Haesebrouck",
                "initials": "",
                "corresponding": "",
                "orcid": "['0000-0002-1709-933X']",
                "current_organization_id": "grid.5342.0",
                "researcher_id": "ur.0736062333.32",
                "affiliations": []
            },
            {
                "first_name": "Lieze",
                "last_name": "De Cremer",
                "initials": "",
                "corresponding": "",
                "orcid": "",
                "current_organization_id": "grid.5342.0",
                "researcher_id": "ur.010571122021.13",
                "affiliations": []
            },
            {
                "first_name": "Piet",
                "last_name": "Deprez",
                "initials": "",
                "corresponding": "",
                "orcid": "",
                "current_organization_id": "grid.5342.0",
                "researcher_id": "ur.01004166435.22",
                "affiliations": []
            },
            {
                "first_name": "Bart",
                "last_name": "Pardon",
                "initials": "",
                "corresponding": "",
                "orcid": "['0000-0003-1026-8433']",
                "current_organization_id": "grid.5342.0",
                "researcher_id": "ur.01010017612.07",
                "affiliations": []
            },
            {
                "first_name": "Filip",
                "last_name": "Boyen",
                "initials": "",
                "corresponding": "",
                "orcid": "",
                "current_organization_id": "grid.5342.0",
                "researcher_id": "ur.01250155736.09",
                "affiliations": []
            }
        ]
    ],
    "doi": "10.3201/eid2604.190962",
    "times_cited": 0,
    "references": [
        "pub.1003297314",
        "pub.1024812631",
        "pub.1104911937",
        "pub.1035050086",
        "pub.1016558667",
        "pub.1042394201",
        "pub.1050579230",
        "pub.1009687913",
        "pub.1039771618",
        "pub.1107831241",
        "pub.1106341802",
        "pub.1011237877",
        "pub.1044423483",
        "pub.1004684871",
        "pub.1069556236",
        "pub.1122101358",
        "pub.1034101875",
        "pub.1021624519",
        "pub.1031073966",
        "pub.1052672118",
        "pub.1015642752",
        "pub.1030203790",
        "pub.1112559635",
        "pub.1035021159",
        "pub.1022350778",
        "pub.1048750439",
        "pub.1016526899",
        "pub.1004905902",
        "pub.1100820835",
        "pub.1104465200",
        "pub.1048087997",
        "pub.1060383343",
        "pub.1047254619",
        "pub.1026041363",
        "pub.1017701285",
        "pub.1000185470",
        "pub.1042565172",
        "pub.1052307733",
        "pub.1090638543",
        "pub.1070885624",
        "pub.1013987504",
        "pub.1002296163",
        "pub.1048159940",
        "pub.1006264732",
        "pub.1112994768",
        "pub.1107970944"
    ]
}