{
    "volume": "17",
    "date": "2020-02-20",
    "title": "[Expert consensus on preventing nosocomial transmission during respiratory care for critically ill patients infected by 2019 novel coronavirus pneumonia].",
    "altmetric": 6.0,
    "pages": "e020",
    "doi": "10.3760/cma.j.issn.1001-0939.2020.0020",
    "FOR": [
        {
            "id": "3053",
            "name": "1103 Clinical Sciences"
        }
    ],
    "times_cited": 1,
    "pmid": "32077661",
    "id": "pub.1125029785",
    "issue": "0",
    "journal": {
        "id": "jour.1097577",
        "title": "\u4e2d\u534e\u7ed3\u6838\u548c\u547c\u5438\u6742\u5fd7"
    },
    "year": 2020,
    "type": "article"
}