{
    "author_affiliations": [
        [
            {
                "first_name": "Xing",
                "last_name": "Wang",
                "initials": "",
                "corresponding": "",
                "orcid": "",
                "current_organization_id": "",
                "researcher_id": "",
                "affiliations": [
                    {
                        "name": "Shanghai Synyi Medical Technology Co, Ltd, Shanghai, China; NHC Key Laboratory of Reproduction Regulation (Shanghai Institute of Planned Parenthood Research), Public Health School, Fudan University, Shanghai, China;"
                    },
                    {
                        "id": "grid.8547.e",
                        "name": "Fudan University",
                        "city": "Shanghai",
                        "city_id": 1796236,
                        "country": "China",
                        "country_code": "CN",
                        "state": null,
                        "state_code": null
                    }
                ]
            },
            {
                "first_name": "Zihui",
                "last_name": "Ma",
                "initials": "",
                "corresponding": "",
                "orcid": "",
                "current_organization_id": "",
                "researcher_id": "",
                "affiliations": [
                    {
                        "name": "Shanghai Synyi Medical Technology Co, Ltd, Shanghai, China;"
                    }
                ]
            },
            {
                "first_name": "Yi",
                "last_name": "Ning",
                "initials": "",
                "corresponding": "",
                "orcid": "",
                "current_organization_id": "",
                "researcher_id": "",
                "affiliations": [
                    {
                        "name": "Meinian Institute of Health; Peking University Health Science Center Meinian Public Health Research Institute, Beijing;"
                    }
                ]
            },
            {
                "first_name": "Chen",
                "last_name": "Chen",
                "initials": "",
                "corresponding": "",
                "orcid": "['0000-0002-8412-2966']",
                "current_organization_id": "grid.198530.6",
                "researcher_id": "ur.012470602704.45",
                "affiliations": [
                    {
                        "id": "grid.198530.6",
                        "name": "Chinese Center For Disease Control and Prevention",
                        "city": "Beijing",
                        "city_id": 1816670,
                        "country": "China",
                        "country_code": "CN",
                        "state": null,
                        "state_code": null
                    }
                ]
            },
            {
                "first_name": "Rujin",
                "last_name": "Chen",
                "initials": "",
                "corresponding": "",
                "orcid": "",
                "current_organization_id": "",
                "researcher_id": "",
                "affiliations": [
                    {
                        "id": "grid.419079.2",
                        "name": "Shanghai Blood Center",
                        "city": "Shanghai",
                        "city_id": 1796236,
                        "country": "China",
                        "country_code": "CN",
                        "state": null,
                        "state_code": null
                    }
                ]
            },
            {
                "first_name": "Qiwen",
                "last_name": "Chen",
                "initials": "",
                "corresponding": "",
                "orcid": "",
                "current_organization_id": "",
                "researcher_id": "",
                "affiliations": [
                    {
                        "name": "Department of Integrative Oncology, Shanghai Cancer Center, Shanghai Medical School, Fudan University, Shanghai, China;"
                    }
                ]
            },
            {
                "first_name": "Heng",
                "last_name": "Zhang",
                "initials": "",
                "corresponding": "",
                "orcid": "",
                "current_organization_id": "",
                "researcher_id": "",
                "affiliations": [
                    {
                        "name": "Shanghai Synyi Medical Technology Co, Ltd, Shanghai, China;"
                    }
                ]
            },
            {
                "first_name": "Chunming",
                "last_name": "Li",
                "initials": "",
                "corresponding": "",
                "orcid": "",
                "current_organization_id": "",
                "researcher_id": "",
                "affiliations": [
                    {
                        "name": "Shanghai Synyi Medical Technology Co, Ltd, Shanghai, China;"
                    }
                ]
            },
            {
                "first_name": "Yan",
                "last_name": "He",
                "initials": "",
                "corresponding": "",
                "orcid": "",
                "current_organization_id": "",
                "researcher_id": "",
                "affiliations": [
                    {
                        "name": "Shanghai Synyi Medical Technology Co, Ltd, Shanghai, China;"
                    }
                ]
            },
            {
                "first_name": "Tao",
                "last_name": "Wang",
                "initials": "",
                "corresponding": "",
                "orcid": "",
                "current_organization_id": "",
                "researcher_id": "",
                "affiliations": [
                    {
                        "name": "Shanghai Synyi Medical Technology Co, Ltd, Shanghai, China;"
                    }
                ]
            },
            {
                "first_name": "Cheng",
                "last_name": "Tong",
                "initials": "",
                "corresponding": "",
                "orcid": "",
                "current_organization_id": "",
                "researcher_id": "",
                "affiliations": [
                    {
                        "name": "Shanghai Synyi Medical Technology Co, Ltd, Shanghai, China;"
                    }
                ]
            },
            {
                "first_name": "Junqing",
                "last_name": "Wu",
                "initials": "",
                "corresponding": "",
                "orcid": "",
                "current_organization_id": "",
                "researcher_id": "",
                "affiliations": [
                    {
                        "id": "grid.8547.e",
                        "name": "Fudan University",
                        "city": "Shanghai",
                        "city_id": 1796236,
                        "country": "China",
                        "country_code": "CN",
                        "state": null,
                        "state_code": null
                    }
                ]
            },
            {
                "first_name": "Yuyan",
                "last_name": "Li",
                "initials": "",
                "corresponding": "",
                "orcid": "",
                "current_organization_id": "",
                "researcher_id": "",
                "affiliations": [
                    {
                        "id": "grid.8547.e",
                        "name": "Fudan University",
                        "city": "Shanghai",
                        "city_id": 1796236,
                        "country": "China",
                        "country_code": "CN",
                        "state": null,
                        "state_code": null
                    }
                ]
            },
            {
                "first_name": "Handong",
                "last_name": "Ma",
                "initials": "",
                "corresponding": "",
                "orcid": "",
                "current_organization_id": "",
                "researcher_id": "",
                "affiliations": [
                    {
                        "name": "Shanghai Synyi Medical Technology Co, Ltd, Shanghai, China;"
                    }
                ]
            },
            {
                "first_name": "Shaodian",
                "last_name": "Zhang",
                "initials": "",
                "corresponding": "",
                "orcid": "",
                "current_organization_id": "",
                "researcher_id": "",
                "affiliations": [
                    {
                        "name": "Shanghai Synyi Medical Technology Co, Ltd, Shanghai, China;"
                    }
                ]
            },
            {
                "first_name": "Hongxin",
                "last_name": "Zhao",
                "initials": "",
                "corresponding": "",
                "orcid": "",
                "current_organization_id": "",
                "researcher_id": "",
                "affiliations": [
                    {
                        "name": "Shanghai Synyi Medical Technology Co, Ltd, Shanghai, China;"
                    }
                ]
            }
        ]
    ],
    "altmetric": 45.0,
    "FOR": [
        {
            "id": "3177",
            "name": "1117 Public Health and Health Services"
        }
    ],
    "research_org_countries": [
        {
            "id": "CN",
            "name": "China"
        }
    ],
    "title": "Estimating the case fatality ratio of the COVID-19 epidemic in China",
    "research_org_cities": [
        {
            "id": 1796236,
            "name": "Shanghai"
        },
        {
            "id": 1816670,
            "name": "Beijing"
        }
    ],
    "pages": "2020.02.17.20023630",
    "open_access": [
        "Open Access - all",
        "Open Access - publisher",
        "Open Access - published"
    ],
    "doi": "10.1101/2020.02.17.20023630",
    "times_cited": 1,
    "journal": {
        "id": "jour.1369542",
        "title": "medRxiv"
    },
    "year": 2020,
    "research_orgs": [
        {
            "id": "grid.419079.2",
            "name": "Shanghai Blood Center",
            "linkout": [
                "http://www.sbc.org.cn/eng/"
            ],
            "country_name": "China",
            "types": [
                "Nonprofit"
            ],
            "latitude": 31.197977,
            "acronym": "SBC",
            "city_name": "Shanghai",
            "longitude": 121.40703
        },
        {
            "id": "grid.198530.6",
            "name": "Chinese Center For Disease Control and Prevention",
            "linkout": [
                "http://www.chinacdc.cn/en/"
            ],
            "country_name": "China",
            "types": [
                "Nonprofit"
            ],
            "latitude": 39.91624,
            "acronym": "CCDC",
            "city_name": "Beijing",
            "longitude": 116.398834
        },
        {
            "id": "grid.8547.e",
            "name": "Fudan University",
            "linkout": [
                "http://www.fudan.edu.cn/en/"
            ],
            "country_name": "China",
            "types": [
                "Education"
            ],
            "latitude": 31.297712,
            "state_name": "Shanghai",
            "city_name": "Shanghai",
            "longitude": 121.50361
        }
    ],
    "id": "pub.1125032018",
    "references": [
        "pub.1124289146",
        "pub.1124427336",
        "pub.1124368690",
        "pub.1124298293",
        "pub.1124663195",
        "pub.1124408081",
        "pub.1124290823",
        "pub.1009247659",
        "pub.1022123095",
        "pub.1124654147",
        "pub.1124428749",
        "pub.1124545567",
        "pub.1124460938"
    ],
    "research_org_country_names": [
        "China"
    ],
    "date": "2020-02-20",
    "researchers": [
        {
            "id": "ur.012470602704.45",
            "research_orgs": [
                "grid.198530.6"
            ],
            "last_name": "Chen",
            "first_name": "Chen",
            "orcid_id": [
                "0000-0002-8412-2966"
            ]
        }
    ],
    "type": "article"
}