{
    "research_orgs": [
        {
            "id": "grid.39158.36",
            "linkout": [
                "https://www.global.hokudai.ac.jp/"
            ],
            "city_name": "Sapporo",
            "longitude": 141.33997,
            "state_name": "Hokkaid\u00f4",
            "latitude": 43.07818,
            "name": "Hokkaido University",
            "types": [
                "Education"
            ],
            "country_name": "Japan"
        },
        {
            "id": "grid.419082.6",
            "linkout": [
                "http://www.jst.go.jp/EN/"
            ],
            "city_name": "Tokyo",
            "longitude": 139.73805,
            "acronym": "JST",
            "latitude": 35.689022,
            "name": "Japan Science and Technology Agency",
            "types": [
                "Government"
            ],
            "country_name": "Japan"
        }
    ],
    "research_org_country_names": [
        "Japan"
    ],
    "pmid": "32121356",
    "funders": [
        {
            "id": "grid.480536.c",
            "linkout": [
                "http://www.amed.go.jp/en/"
            ],
            "city_name": "Tokyo",
            "longitude": 139.76434,
            "acronym": "AMED",
            "latitude": 35.687325,
            "name": "Japan Agency for Medical Research and Development",
            "types": [
                "Facility"
            ],
            "country_name": "Japan"
        },
        {
            "id": "grid.454162.0",
            "linkout": [
                "http://www.inamori-f.or.jp/index_e.html"
            ],
            "city_name": "Kyoto",
            "longitude": 135.75914,
            "latitude": 35.00312,
            "name": "Inamori Foundation",
            "types": [
                "Other"
            ],
            "country_name": "Japan"
        },
        {
            "id": "grid.54432.34",
            "linkout": [
                "http://www.jsps.go.jp/"
            ],
            "city_name": "Tokyo",
            "longitude": 139.74039,
            "acronym": "JSPS",
            "latitude": 35.68716,
            "name": "Japan Society for the Promotion of Science",
            "types": [
                "Nonprofit"
            ],
            "country_name": "Japan"
        },
        {
            "id": "grid.419082.6",
            "linkout": [
                "http://www.jst.go.jp/EN/"
            ],
            "city_name": "Tokyo",
            "longitude": 139.73805,
            "acronym": "JST",
            "latitude": 35.689022,
            "name": "Japan Science and Technology Agency",
            "types": [
                "Government"
            ],
            "country_name": "Japan"
        }
    ],
    "title": "Backcalculating the Incidence of Infection with COVID-19 on the Diamond Princess.",
    "type": "article",
    "year": 2020,
    "journal": {
        "id": "jour.1048290",
        "title": "Journal of Clinical Medicine"
    },
    "researchers": [
        {
            "id": "ur.0711257316.22",
            "research_orgs": [
                "grid.39158.36",
                "grid.410849.0",
                "grid.274841.c",
                "grid.419151.9",
                "grid.416738.f",
                "grid.240871.8",
                "grid.26999.3d",
                "grid.7445.2",
                "grid.10223.32",
                "grid.174567.6",
                "grid.416882.1",
                "grid.257022.0",
                "grid.10392.39",
                "grid.418479.7",
                "grid.194645.b",
                "grid.5645.2",
                "grid.419082.6",
                "grid.272264.7",
                "grid.5477.1",
                "grid.45202.31",
                "grid.267500.6"
            ],
            "first_name": "Hiroshi",
            "last_name": "Nishiura",
            "orcid_id": [
                "0000-0003-0941-8537"
            ]
        }
    ],
    "FOR": [
        {
            "id": "3177",
            "name": "1117 Public Health and Health Services"
        }
    ],
    "research_org_countries": [
        {
            "id": "JP",
            "name": "Japan"
        }
    ],
    "date": "2020-02-29",
    "altmetric": 23.0,
    "pages": "657",
    "id": "pub.1125332978",
    "volume": "9",
    "issue": "3",
    "research_org_cities": [
        {
            "id": 1850147,
            "name": "Tokyo"
        },
        {
            "id": 2128295,
            "name": "Sapporo"
        }
    ],
    "open_access": [
        "Open Access - all",
        "Open Access - publisher",
        "Open Access - published"
    ],
    "author_affiliations": [
        [
            {
                "first_name": "Hiroshi",
                "last_name": "Nishiura",
                "initials": "",
                "corresponding": "",
                "orcid": "['0000-0003-0941-8537']",
                "current_organization_id": "grid.39158.36",
                "researcher_id": "ur.0711257316.22",
                "affiliations": [
                    {
                        "id": "grid.39158.36",
                        "name": "Hokkaido University",
                        "city": "Sapporo",
                        "city_id": 2128295,
                        "country": "Japan",
                        "country_code": "JP",
                        "state": null,
                        "state_code": null
                    },
                    {
                        "id": "grid.419082.6",
                        "name": "Japan Science and Technology Agency",
                        "city": "Tokyo",
                        "city_id": 1850147,
                        "country": "Japan",
                        "country_code": "JP",
                        "state": null,
                        "state_code": null
                    }
                ]
            }
        ]
    ],
    "doi": "10.3390/jcm9030657",
    "times_cited": 0
}