{
    "date": "2020-02-20",
    "title": "Chest CT Findings in Coronavirus Disease-19 (COVID-19): Relationship to Duration of Infection",
    "researchers": [
        {
            "id": "ur.010402767443.50",
            "last_name": "Mei",
            "first_name": "Xueyan",
            "research_orgs": [
                "grid.59734.3c"
            ]
        },
        {
            "id": "ur.014210657075.49",
            "last_name": "Huang",
            "first_name": "Mingqian",
            "orcid_id": [
                "0000-0002-5734-0191"
            ],
            "research_orgs": [
                "grid.59734.3c"
            ]
        },
        {
            "id": "ur.012135136157.52",
            "last_name": "Yang",
            "first_name": "Yang",
            "orcid_id": [
                "0000-0002-2841-4243"
            ],
            "research_orgs": [
                "grid.27755.32",
                "grid.412587.d",
                "grid.59734.3c"
            ]
        },
        {
            "id": "ur.0772637666.38",
            "last_name": "Fayad",
            "first_name": "Zahi Adel",
            "research_orgs": [
                "grid.5335.0",
                "grid.25879.31",
                "grid.11804.3c",
                "grid.283061.e",
                "grid.39382.33",
                "grid.59734.3c",
                "grid.5645.2",
                "grid.466793.9",
                "grid.9654.e",
                "grid.420044.6",
                "grid.32224.35",
                "grid.439338.6",
                "grid.410425.6",
                "grid.412713.2",
                "grid.47100.32",
                "grid.411115.1",
                "grid.411472.5",
                "grid.416167.3",
                "grid.412623.0",
                "grid.4305.2",
                "grid.5477.1",
                "grid.412180.e",
                "grid.451052.7"
            ]
        },
        {
            "id": "ur.012020335475.15",
            "last_name": "Zhang",
            "first_name": "Ning",
            "research_orgs": [
                "grid.59734.3c"
            ]
        },
        {
            "id": "ur.012226574715.72",
            "last_name": "Diao",
            "first_name": "Kai-Yue",
            "research_orgs": [
                "grid.412901.f",
                "grid.59734.3c",
                "grid.13291.38"
            ]
        },
        {
            "id": "ur.0706622143.48",
            "last_name": "Li",
            "first_name": "Kunwei",
            "research_orgs": [
                "grid.452859.7",
                "grid.59734.3c"
            ]
        },
        {
            "id": "ur.013461411675.84",
            "last_name": "Li",
            "first_name": "Shaolin",
            "research_orgs": [
                "grid.59734.3c"
            ]
        },
        {
            "id": "ur.015054352675.56",
            "last_name": "Shan",
            "first_name": "Hong",
            "research_orgs": [
                "grid.59734.3c"
            ]
        },
        {
            "id": "ur.0734431116.14",
            "last_name": "Jacobi",
            "first_name": "Adam Howard",
            "research_orgs": [
                "grid.416167.3",
                "grid.467824.b",
                "grid.59734.3c"
            ]
        },
        {
            "id": "ur.014142543675.42",
            "last_name": "Chung",
            "first_name": "Michael",
            "research_orgs": [
                "grid.59734.3c"
            ]
        }
    ],
    "research_org_state_codes": [
        {
            "id": "US-NY",
            "name": "New York"
        }
    ],
    "altmetric": 339.0,
    "pages": "200463",
    "research_org_cities": [
        {
            "id": 5128581,
            "name": "New York City"
        }
    ],
    "open_access": [
        "Open Access - all",
        "Open Access - publisher",
        "Open Access - published"
    ],
    "research_org_countries": [
        {
            "id": "US",
            "name": "United States"
        }
    ],
    "doi": "10.1148/radiol.2020200463",
    "FOR": [
        {
            "id": "3053",
            "name": "1103 Clinical Sciences"
        }
    ],
    "research_orgs": [
        {
            "id": "grid.59734.3c",
            "acronym": "MSSM",
            "state_name": "New York",
            "types": [
                "Education"
            ],
            "longitude": -73.95311,
            "linkout": [
                "http://icahn.mssm.edu/"
            ],
            "latitude": 40.789085,
            "name": "Icahn School of Medicine at Mount Sinai",
            "city_name": "New York",
            "country_name": "United States"
        }
    ],
    "times_cited": 6,
    "pmid": "32077789",
    "research_org_country_names": [
        "United States"
    ],
    "id": "pub.1125029838",
    "journal": {
        "id": "jour.1018340",
        "title": "Radiology"
    },
    "year": 2020,
    "references": [
        "pub.1124859413",
        "pub.1124295864",
        "pub.1051379891",
        "pub.1124883585",
        "pub.1124368690",
        "pub.1124461627",
        "pub.1122084970",
        "pub.1124856688",
        "pub.1124366313",
        "pub.1124298293",
        "pub.1124858792",
        "pub.1124289146",
        "pub.1124468596",
        "pub.1124650779",
        "pub.1124408081",
        "pub.1124663256",
        "pub.1124859492",
        "pub.1124864925",
        "pub.1124430797",
        "pub.1124327925",
        "pub.1124883583",
        "pub.1124837555",
        "pub.1077644932",
        "pub.1124590669",
        "pub.1124290823"
    ],
    "research_org_state_names": [
        "New York"
    ],
    "author_affiliations": [
        [
            {
                "first_name": "Adam",
                "last_name": "Bernheim",
                "initials": "",
                "corresponding": "",
                "orcid": "",
                "current_organization_id": "",
                "researcher_id": "",
                "affiliations": [
                    {
                        "id": "grid.59734.3c",
                        "name": "Icahn School of Medicine at Mount Sinai",
                        "city": "New York",
                        "city_id": 5128581,
                        "country": "United States",
                        "country_code": "US",
                        "state": "New York",
                        "state_code": "US-NY"
                    }
                ]
            },
            {
                "first_name": "Xueyan",
                "last_name": "Mei",
                "initials": "",
                "corresponding": "",
                "orcid": "['0000-0001-7224-7318']",
                "current_organization_id": "grid.59734.3c",
                "researcher_id": "ur.010402767443.50",
                "affiliations": [
                    {
                        "id": "grid.59734.3c",
                        "name": "Icahn School of Medicine at Mount Sinai",
                        "city": "New York",
                        "city_id": 5128581,
                        "country": "United States",
                        "country_code": "US",
                        "state": "New York",
                        "state_code": "US-NY"
                    }
                ]
            },
            {
                "first_name": "Mingqian",
                "last_name": "Huang",
                "initials": "",
                "corresponding": "",
                "orcid": "['0000-0002-5734-0191']",
                "current_organization_id": "grid.59734.3c",
                "researcher_id": "ur.014210657075.49",
                "affiliations": [
                    {
                        "id": "grid.59734.3c",
                        "name": "Icahn School of Medicine at Mount Sinai",
                        "city": "New York",
                        "city_id": 5128581,
                        "country": "United States",
                        "country_code": "US",
                        "state": "New York",
                        "state_code": "US-NY"
                    }
                ]
            },
            {
                "first_name": "Yang",
                "last_name": "Yang",
                "initials": "",
                "corresponding": "",
                "orcid": "['0000-0002-2841-4243']",
                "current_organization_id": "grid.412587.d",
                "researcher_id": "ur.012135136157.52",
                "affiliations": [
                    {
                        "id": "grid.59734.3c",
                        "name": "Icahn School of Medicine at Mount Sinai",
                        "city": "New York",
                        "city_id": 5128581,
                        "country": "United States",
                        "country_code": "US",
                        "state": "New York",
                        "state_code": "US-NY"
                    }
                ]
            },
            {
                "first_name": "Zahi A",
                "last_name": "Fayad",
                "initials": "",
                "corresponding": "",
                "orcid": "",
                "current_organization_id": "grid.59734.3c",
                "researcher_id": "ur.0772637666.38",
                "affiliations": [
                    {
                        "id": "grid.59734.3c",
                        "name": "Icahn School of Medicine at Mount Sinai",
                        "city": "New York",
                        "city_id": 5128581,
                        "country": "United States",
                        "country_code": "US",
                        "state": "New York",
                        "state_code": "US-NY"
                    }
                ]
            },
            {
                "first_name": "Ning",
                "last_name": "Zhang",
                "initials": "",
                "corresponding": "",
                "orcid": "",
                "current_organization_id": "grid.59734.3c",
                "researcher_id": "ur.012020335475.15",
                "affiliations": [
                    {
                        "id": "grid.59734.3c",
                        "name": "Icahn School of Medicine at Mount Sinai",
                        "city": "New York",
                        "city_id": 5128581,
                        "country": "United States",
                        "country_code": "US",
                        "state": "New York",
                        "state_code": "US-NY"
                    }
                ]
            },
            {
                "first_name": "Kaiyue",
                "last_name": "Diao",
                "initials": "",
                "corresponding": "",
                "orcid": "",
                "current_organization_id": "grid.412901.f",
                "researcher_id": "ur.012226574715.72",
                "affiliations": [
                    {
                        "id": "grid.59734.3c",
                        "name": "Icahn School of Medicine at Mount Sinai",
                        "city": "New York",
                        "city_id": 5128581,
                        "country": "United States",
                        "country_code": "US",
                        "state": "New York",
                        "state_code": "US-NY"
                    }
                ]
            },
            {
                "first_name": "Bin",
                "last_name": "Lin",
                "initials": "",
                "corresponding": "",
                "orcid": "",
                "current_organization_id": "",
                "researcher_id": "",
                "affiliations": [
                    {
                        "id": "grid.59734.3c",
                        "name": "Icahn School of Medicine at Mount Sinai",
                        "city": "New York",
                        "city_id": 5128581,
                        "country": "United States",
                        "country_code": "US",
                        "state": "New York",
                        "state_code": "US-NY"
                    }
                ]
            },
            {
                "first_name": "Xiqi",
                "last_name": "Zhu",
                "initials": "",
                "corresponding": "",
                "orcid": "",
                "current_organization_id": "",
                "researcher_id": "",
                "affiliations": [
                    {
                        "id": "grid.59734.3c",
                        "name": "Icahn School of Medicine at Mount Sinai",
                        "city": "New York",
                        "city_id": 5128581,
                        "country": "United States",
                        "country_code": "US",
                        "state": "New York",
                        "state_code": "US-NY"
                    }
                ]
            },
            {
                "first_name": "Kunwei",
                "last_name": "Li",
                "initials": "",
                "corresponding": "",
                "orcid": "",
                "current_organization_id": "grid.59734.3c",
                "researcher_id": "ur.0706622143.48",
                "affiliations": [
                    {
                        "id": "grid.59734.3c",
                        "name": "Icahn School of Medicine at Mount Sinai",
                        "city": "New York",
                        "city_id": 5128581,
                        "country": "United States",
                        "country_code": "US",
                        "state": "New York",
                        "state_code": "US-NY"
                    }
                ]
            },
            {
                "first_name": "Shaolin",
                "last_name": "Li",
                "initials": "",
                "corresponding": "",
                "orcid": "",
                "current_organization_id": "grid.59734.3c",
                "researcher_id": "ur.013461411675.84",
                "affiliations": [
                    {
                        "id": "grid.59734.3c",
                        "name": "Icahn School of Medicine at Mount Sinai",
                        "city": "New York",
                        "city_id": 5128581,
                        "country": "United States",
                        "country_code": "US",
                        "state": "New York",
                        "state_code": "US-NY"
                    }
                ]
            },
            {
                "first_name": "Hong",
                "last_name": "Shan",
                "initials": "",
                "corresponding": "",
                "orcid": "",
                "current_organization_id": "grid.59734.3c",
                "researcher_id": "ur.015054352675.56",
                "affiliations": [
                    {
                        "id": "grid.59734.3c",
                        "name": "Icahn School of Medicine at Mount Sinai",
                        "city": "New York",
                        "city_id": 5128581,
                        "country": "United States",
                        "country_code": "US",
                        "state": "New York",
                        "state_code": "US-NY"
                    }
                ]
            },
            {
                "first_name": "Adam",
                "last_name": "Jacobi",
                "initials": "",
                "corresponding": "",
                "orcid": "",
                "current_organization_id": "grid.59734.3c",
                "researcher_id": "ur.0734431116.14",
                "affiliations": [
                    {
                        "id": "grid.59734.3c",
                        "name": "Icahn School of Medicine at Mount Sinai",
                        "city": "New York",
                        "city_id": 5128581,
                        "country": "United States",
                        "country_code": "US",
                        "state": "New York",
                        "state_code": "US-NY"
                    }
                ]
            },
            {
                "first_name": "Michael",
                "last_name": "Chung",
                "initials": "",
                "corresponding": "",
                "orcid": "",
                "current_organization_id": "grid.59734.3c",
                "researcher_id": "ur.014142543675.42",
                "affiliations": [
                    {
                        "id": "grid.59734.3c",
                        "name": "Icahn School of Medicine at Mount Sinai",
                        "city": "New York",
                        "city_id": 5128581,
                        "country": "United States",
                        "country_code": "US",
                        "state": "New York",
                        "state_code": "US-NY"
                    }
                ]
            }
        ]
    ],
    "type": "article"
}