{
    "volume": "11",
    "date": "2020-02-28",
    "title": "La crisis sanitaria sacude los cimientos de la gesti\u00f3n de la vida natural",
    "researchers": [
        {
            "id": "ur.010326422326.75",
            "last_name": "Gim\u00e9nez-Candela",
            "first_name": "Marita",
            "research_orgs": [
                "grid.7080.f"
            ]
        }
    ],
    "pages": "6-13",
    "research_org_cities": [
        {
            "id": 3109402,
            "name": "Cerdanyola del Vall\u00e8s"
        }
    ],
    "open_access": [
        "Open Access - all",
        "Open Access - publisher",
        "Open Access - published"
    ],
    "research_org_countries": [
        {
            "id": "ES",
            "name": "Spain"
        }
    ],
    "doi": "10.5565/rev/da.487",
    "FOR": [
        {
            "id": "3053",
            "name": "1103 Clinical Sciences"
        }
    ],
    "research_orgs": [
        {
            "id": "grid.7080.f",
            "acronym": "UAB",
            "types": [
                "Education"
            ],
            "longitude": 2.107778,
            "linkout": [
                "http://www.uab.cat/web/universitat-autonoma-de-barcelona-1345467954774.html"
            ],
            "latitude": 41.50028,
            "name": "Autonomous University of Barcelona",
            "city_name": "Cerdanyola del Vall\u00e8s",
            "country_name": "Spain"
        }
    ],
    "times_cited": 0,
    "research_org_country_names": [
        "Spain"
    ],
    "id": "pub.1125327890",
    "issue": "1",
    "journal": {
        "id": "jour.1319234",
        "title": "Derecho Animal Forum of Animal Law Studies"
    },
    "year": 2020,
    "author_affiliations": [
        [
            {
                "first_name": "Marita",
                "last_name": "Gim\u00e9nez-Candela",
                "initials": "",
                "corresponding": "",
                "orcid": "",
                "current_organization_id": "grid.7080.f",
                "researcher_id": "ur.010326422326.75",
                "affiliations": [
                    {
                        "id": "grid.7080.f",
                        "name": "Autonomous University of Barcelona",
                        "city": "Cerdanyola del Vall\u00e8s",
                        "city_id": 3109402,
                        "country": "Spain",
                        "country_code": "ES",
                        "state": null,
                        "state_code": null
                    }
                ]
            }
        ]
    ],
    "type": "article"
}