{
    "pmid": "32139397",
    "author_affiliations": [
        [
            {
                "first_name": "Elisabeth",
                "last_name": "Mahase",
                "initials": "",
                "corresponding": "",
                "orcid": "",
                "current_organization_id": "",
                "researcher_id": "ur.011315622475.27",
                "affiliations": [
                    {
                        "name": "The BMJ."
                    }
                ]
            }
        ]
    ],
    "altmetric": 54.0,
    "research_org_countries": [
        {
            "id": "GB",
            "name": "United Kingdom"
        }
    ],
    "title": "Covid-19: 90% of cases will hit NHS over nine week period, chief medical officer warns",
    "research_org_cities": [
        {
            "id": 2643743,
            "name": "London"
        }
    ],
    "pages": "m918",
    "open_access": [
        "Open Access - all",
        "Open Access - publisher",
        "Open Access - published"
    ],
    "doi": "10.1136/bmj.m918",
    "times_cited": 3,
    "journal": {
        "id": "jour.1017377",
        "title": "The BMJ"
    },
    "year": 2020,
    "references": [
        "pub.1125347262"
    ],
    "id": "pub.1125433362",
    "research_org_country_names": [
        "United Kingdom"
    ],
    "date": "2020-03-05",
    "researchers": [
        {
            "id": "ur.011315622475.27",
            "last_name": "Mahase",
            "first_name": "Elisabeth"
        }
    ],
    "type": "article",
    "volume": "368"
}