{
    "volume": "26",
    "date": "2020-04-01",
    "title": "Whole-Genome Analysis of Salmonella Enteritidis Isolates in Outbreak Linked to Online Food Delivery, Shenzhen, China, 2018 - Volume 26, Number 4\u2014April 2020 - Emerging Infectious Diseases journal - CDC",
    "researchers": [
        {
            "id": "ur.0674451205.30",
            "last_name": "Kwan",
            "first_name": "Patrick S L",
            "research_orgs": [
                "grid.416738.f"
            ]
        }
    ],
    "altmetric": 1.0,
    "open_access": [
        "Open Access - all",
        "Open Access - publisher",
        "Open Access - published"
    ],
    "doi": "10.3201/eid2604.191446",
    "times_cited": 0,
    "id": "pub.1125436479",
    "issue": "4",
    "journal": {
        "id": "jour.1114184",
        "title": "Emerging Infectious Diseases"
    },
    "year": 2020,
    "author_affiliations": [
        [
            {
                "first_name": "Min",
                "last_name": "Jiang",
                "initials": "",
                "corresponding": "",
                "orcid": "",
                "current_organization_id": "",
                "researcher_id": "",
                "affiliations": []
            },
            {
                "first_name": "Feng",
                "last_name": "Zhu",
                "initials": "",
                "corresponding": "",
                "orcid": "",
                "current_organization_id": "",
                "researcher_id": "",
                "affiliations": []
            },
            {
                "first_name": "Chao",
                "last_name": "Yang",
                "initials": "",
                "corresponding": "",
                "orcid": "",
                "current_organization_id": "",
                "researcher_id": "",
                "affiliations": []
            },
            {
                "first_name": "Yinhua",
                "last_name": "Deng",
                "initials": "",
                "corresponding": "",
                "orcid": "",
                "current_organization_id": "",
                "researcher_id": "",
                "affiliations": []
            },
            {
                "first_name": "Patrick S.L.",
                "last_name": "Kwan",
                "initials": "",
                "corresponding": "",
                "orcid": "",
                "current_organization_id": "grid.416738.f",
                "researcher_id": "ur.0674451205.30",
                "affiliations": []
            },
            {
                "first_name": "Yinghui",
                "last_name": "Li",
                "initials": "",
                "corresponding": "",
                "orcid": "",
                "current_organization_id": "",
                "researcher_id": "",
                "affiliations": []
            },
            {
                "first_name": "Yiman",
                "last_name": "Lin",
                "initials": "",
                "corresponding": "",
                "orcid": "",
                "current_organization_id": "",
                "researcher_id": "",
                "affiliations": []
            },
            {
                "first_name": "Yaqun",
                "last_name": "Qiu",
                "initials": "",
                "corresponding": "",
                "orcid": "",
                "current_organization_id": "",
                "researcher_id": "",
                "affiliations": []
            },
            {
                "first_name": "Xiaolu",
                "last_name": "Shi",
                "initials": "",
                "corresponding": "",
                "orcid": "",
                "current_organization_id": "",
                "researcher_id": "",
                "affiliations": []
            },
            {
                "first_name": "Hui",
                "last_name": "Chen",
                "initials": "",
                "corresponding": "",
                "orcid": "",
                "current_organization_id": "",
                "researcher_id": "",
                "affiliations": []
            },
            {
                "first_name": "Yujun",
                "last_name": "Cui",
                "initials": "",
                "corresponding": "",
                "orcid": "",
                "current_organization_id": "",
                "researcher_id": "",
                "affiliations": []
            },
            {
                "first_name": "Qinghua",
                "last_name": "Hu",
                "initials": "",
                "corresponding": "",
                "orcid": "",
                "current_organization_id": "",
                "researcher_id": "",
                "affiliations": []
            }
        ]
    ],
    "type": "article"
}