{
    "research_org_country_names": [
        "United States"
    ],
    "title": "Research and Development on Therapeutic Agents and Vaccines for COVID-19 and Related Human Coronavirus Diseases",
    "type": "article",
    "year": 2020,
    "journal": {
        "id": "jour.1051962",
        "title": "ACS Central Science"
    },
    "research_org_countries": [
        {
            "id": "US",
            "name": "United States"
        }
    ],
    "date": "2020-03-12",
    "altmetric": 354.0,
    "research_org_state_names": [
        "Washington, D.C.",
        "Ohio"
    ],
    "id": "pub.1125555782",
    "research_org_cities": [
        {
            "id": 4509177,
            "name": "Columbus"
        },
        {
            "id": 4140963,
            "name": "Washington, D.C."
        }
    ],
    "author_affiliations": [
        [
            {
                "first_name": "Cynthia",
                "last_name": "Liu",
                "initials": "",
                "corresponding": "",
                "orcid": "",
                "current_organization_id": "",
                "researcher_id": "",
                "affiliations": [
                    {
                        "name": "CAS, a division of the American Chemical Society, Columbus, Ohio 43210, United States"
                    }
                ]
            },
            {
                "first_name": "Qiongqiong",
                "last_name": "Zhou",
                "initials": "",
                "corresponding": "",
                "orcid": "",
                "current_organization_id": "",
                "researcher_id": "",
                "affiliations": [
                    {
                        "name": "CAS, a division of the American Chemical Society, Columbus, Ohio 43210, United States"
                    }
                ]
            },
            {
                "first_name": "Yingzhu",
                "last_name": "Li",
                "initials": "",
                "corresponding": "",
                "orcid": "",
                "current_organization_id": "",
                "researcher_id": "",
                "affiliations": [
                    {
                        "name": "CAS, a division of the American Chemical Society, Columbus, Ohio 43210, United States"
                    }
                ]
            },
            {
                "first_name": "Linda V.",
                "last_name": "Garner",
                "initials": "",
                "corresponding": "",
                "orcid": "",
                "current_organization_id": "",
                "researcher_id": "",
                "affiliations": [
                    {
                        "name": "CAS, a division of the American Chemical Society, Columbus, Ohio 43210, United States"
                    }
                ]
            },
            {
                "first_name": "Steve P.",
                "last_name": "Watkins",
                "initials": "",
                "corresponding": "",
                "orcid": "",
                "current_organization_id": "",
                "researcher_id": "",
                "affiliations": [
                    {
                        "name": "CAS, a division of the American Chemical Society, Columbus, Ohio 43210, United States"
                    }
                ]
            },
            {
                "first_name": "Linda J.",
                "last_name": "Carter",
                "initials": "",
                "corresponding": "",
                "orcid": "",
                "current_organization_id": "",
                "researcher_id": "",
                "affiliations": [
                    {
                        "name": "CAS, a division of the American Chemical Society, Columbus, Ohio 43210, United States"
                    }
                ]
            },
            {
                "first_name": "Jeffrey",
                "last_name": "Smoot",
                "initials": "",
                "corresponding": "",
                "orcid": "",
                "current_organization_id": "",
                "researcher_id": "",
                "affiliations": [
                    {
                        "name": "CAS, a division of the American Chemical Society, Columbus, Ohio 43210, United States"
                    }
                ]
            },
            {
                "first_name": "Anne C.",
                "last_name": "Gregg",
                "initials": "",
                "corresponding": "",
                "orcid": "",
                "current_organization_id": "",
                "researcher_id": "",
                "affiliations": [
                    {
                        "name": "CAS, a division of the American Chemical Society, Columbus, Ohio 43210, United States"
                    }
                ]
            },
            {
                "first_name": "Angela D.",
                "last_name": "Daniels",
                "initials": "",
                "corresponding": "",
                "orcid": "",
                "current_organization_id": "",
                "researcher_id": "",
                "affiliations": [
                    {
                        "name": "CAS, a division of the American Chemical Society, Columbus, Ohio 43210, United States"
                    }
                ]
            },
            {
                "first_name": "Susan",
                "last_name": "Jervey",
                "initials": "",
                "corresponding": "",
                "orcid": "",
                "current_organization_id": "",
                "researcher_id": "",
                "affiliations": [
                    {
                        "name": "CAS, a division of the American Chemical Society, Columbus, Ohio 43210, United States"
                    }
                ]
            },
            {
                "first_name": "Dana",
                "last_name": "Albaiu",
                "initials": "",
                "corresponding": "",
                "orcid": "",
                "current_organization_id": "",
                "researcher_id": "",
                "affiliations": [
                    {
                        "name": "CAS, a division of the American Chemical Society, Columbus, Ohio 43210, United States"
                    }
                ]
            }
        ]
    ],
    "doi": "10.1021/acscentsci.0c00272",
    "times_cited": 0
}