{
    "author_affiliations": [
        [
            {
                "first_name": "Zhihua",
                "last_name": "Liu",
                "initials": "",
                "corresponding": "",
                "orcid": "",
                "current_organization_id": "",
                "researcher_id": "ur.012364322331.62",
                "affiliations": []
            },
            {
                "first_name": "Pierre",
                "last_name": "Magal",
                "initials": "",
                "corresponding": "",
                "orcid": "",
                "current_organization_id": "grid.462496.b",
                "researcher_id": "ur.01071042534.40",
                "affiliations": []
            },
            {
                "first_name": "Ousmane",
                "last_name": "Seydi",
                "initials": "",
                "corresponding": "",
                "orcid": "",
                "current_organization_id": "grid.442290.9",
                "researcher_id": "ur.01127712354.49",
                "affiliations": []
            },
            {
                "first_name": "Glenn",
                "last_name": "Webb",
                "initials": "",
                "corresponding": "",
                "orcid": "",
                "current_organization_id": "grid.152326.1",
                "researcher_id": "ur.01016150203.39",
                "affiliations": []
            }
        ]
    ],
    "FOR": [
        {
            "id": "3177",
            "name": "1117 Public Health and Health Services"
        }
    ],
    "title": "Understanding Unreported Cases in the COVID-19 Epidemic Outbreak in Wuhan, China, and the Importance of Major Public Health Interventions",
    "pages": "50",
    "issue": "3",
    "open_access": [
        "Open Access - all",
        "Open Access - publisher",
        "Open Access - published"
    ],
    "doi": "10.3390/biology9030050",
    "times_cited": 0,
    "journal": {
        "id": "jour.1047179",
        "title": "Biology"
    },
    "year": 2020,
    "references": [
        "pub.1039188921",
        "pub.1115222484",
        "pub.1029513709",
        "pub.1100348818",
        "pub.1124753282"
    ],
    "id": "pub.1125527453",
    "date": "2020-03-08",
    "researchers": [
        {
            "id": "ur.012364322331.62",
            "research_orgs": [
                "grid.20513.35"
            ],
            "last_name": "Liu",
            "first_name": "Zhihua"
        },
        {
            "id": "ur.01071042534.40",
            "research_orgs": [
                "grid.412041.2",
                "grid.20513.35",
                "grid.462496.b",
                "grid.9916.7",
                "grid.13291.38"
            ],
            "last_name": "Magal",
            "first_name": "Pierre"
        },
        {
            "id": "ur.01127712354.49",
            "research_orgs": [
                "grid.442290.9",
                "grid.412041.2"
            ],
            "last_name": "Seydi",
            "first_name": "Ousmane"
        },
        {
            "id": "ur.01016150203.39",
            "research_orgs": [
                "grid.152326.1",
                "grid.214458.e"
            ],
            "last_name": "Webb",
            "first_name": "Glenn F"
        }
    ],
    "type": "article",
    "volume": "9"
}