{
    "research_orgs": [
        {
            "id": "grid.412266.5",
            "linkout": [
                "http://www.modares.ac.ir/"
            ],
            "city_name": "Tehran",
            "longitude": 51.381943,
            "acronym": "TMU",
            "latitude": 35.72139,
            "name": "Tarbiat Modares University",
            "types": [
                "Education"
            ],
            "country_name": "Iran"
        },
        {
            "id": "grid.411705.6",
            "linkout": [
                "http://gsia.tums.ac.ir/en"
            ],
            "city_name": "Tehran",
            "longitude": 51.38122,
            "acronym": "TUMS",
            "latitude": 35.748272,
            "name": "Tehran University of Medical Sciences",
            "types": [
                "Education"
            ],
            "country_name": "Iran"
        }
    ],
    "research_org_country_names": [
        "Iran"
    ],
    "pmid": "32081050",
    "title": "Prevalence of Human Metapneumovirus Infections in Iran: A Systematic Review and Meta-Analysis",
    "type": "article",
    "year": 2020,
    "journal": {
        "id": "jour.1297433",
        "title": "Fetal and Pediatric Pathology"
    },
    "researchers": [
        {
            "id": "ur.0646706357.30",
            "research_orgs": [
                "grid.411705.6",
                "grid.412266.5",
                "grid.46072.37"
            ],
            "first_name": "Somayeh Shatizadeh",
            "last_name": "Malekshahi",
            "orcid_id": [
                "0000-0003-2741-2745"
            ]
        },
        {
            "id": "ur.0766527764.01",
            "research_orgs": [
                "grid.411705.6"
            ],
            "first_name": "Jila",
            "last_name": "Yavarian"
        },
        {
            "id": "ur.01151071564.35",
            "research_orgs": [
                "grid.411705.6"
            ],
            "first_name": "Nazanin Zahra",
            "last_name": "Shafiei-Jandaghi"
        },
        {
            "id": "ur.01170153144.68",
            "research_orgs": [
                "grid.411705.6",
                "grid.411600.2"
            ],
            "first_name": "Talat",
            "last_name": "Mokhtari-Azad"
        },
        {
            "id": "ur.0756107157.96",
            "research_orgs": [
                "grid.411746.1",
                "grid.411705.6"
            ],
            "first_name": "Mohammad",
            "last_name": "Farahmand"
        }
    ],
    "FOR": [
        {
            "id": "3177",
            "name": "1117 Public Health and Health Services"
        }
    ],
    "research_org_countries": [
        {
            "id": "IR",
            "name": "Iran"
        }
    ],
    "date": "2020-02-21",
    "pages": "1-11",
    "id": "pub.1125048625",
    "research_org_cities": [
        {
            "id": 112931,
            "name": "Tehran"
        }
    ],
    "author_affiliations": [
        [
            {
                "first_name": "Somayeh Shatizadeh",
                "last_name": "Malekshahi",
                "initials": "",
                "corresponding": "",
                "orcid": "['0000-0003-2741-2745']",
                "current_organization_id": "grid.412266.5",
                "researcher_id": "ur.0646706357.30",
                "affiliations": [
                    {
                        "id": "grid.412266.5",
                        "name": "Tarbiat Modares University",
                        "city": "Tehran",
                        "city_id": 112931,
                        "country": "Iran",
                        "country_code": "IR",
                        "state": null,
                        "state_code": null
                    }
                ]
            },
            {
                "first_name": "Jila",
                "last_name": "Yavarian",
                "initials": "",
                "corresponding": "",
                "orcid": "",
                "current_organization_id": "grid.411705.6",
                "researcher_id": "ur.0766527764.01",
                "affiliations": [
                    {
                        "id": "grid.411705.6",
                        "name": "Tehran University of Medical Sciences",
                        "city": "Tehran",
                        "city_id": 112931,
                        "country": "Iran",
                        "country_code": "IR",
                        "state": null,
                        "state_code": null
                    }
                ]
            },
            {
                "first_name": "Nazanin-Zahra",
                "last_name": "Shafiei-Jandaghi",
                "initials": "",
                "corresponding": "",
                "orcid": "",
                "current_organization_id": "grid.411705.6",
                "researcher_id": "ur.01151071564.35",
                "affiliations": [
                    {
                        "id": "grid.411705.6",
                        "name": "Tehran University of Medical Sciences",
                        "city": "Tehran",
                        "city_id": 112931,
                        "country": "Iran",
                        "country_code": "IR",
                        "state": null,
                        "state_code": null
                    }
                ]
            },
            {
                "first_name": "Talat",
                "last_name": "Mokhtari-Azad",
                "initials": "",
                "corresponding": "",
                "orcid": "",
                "current_organization_id": "grid.411705.6",
                "researcher_id": "ur.01170153144.68",
                "affiliations": [
                    {
                        "id": "grid.411705.6",
                        "name": "Tehran University of Medical Sciences",
                        "city": "Tehran",
                        "city_id": 112931,
                        "country": "Iran",
                        "country_code": "IR",
                        "state": null,
                        "state_code": null
                    }
                ]
            },
            {
                "first_name": "Mohammad",
                "last_name": "Farahmand",
                "initials": "",
                "corresponding": "",
                "orcid": "",
                "current_organization_id": "grid.411705.6",
                "researcher_id": "ur.0756107157.96",
                "affiliations": [
                    {
                        "id": "grid.411705.6",
                        "name": "Tehran University of Medical Sciences",
                        "city": "Tehran",
                        "city_id": 112931,
                        "country": "Iran",
                        "country_code": "IR",
                        "state": null,
                        "state_code": null
                    }
                ]
            }
        ]
    ],
    "doi": "10.1080/15513815.2020.1725939",
    "times_cited": 0,
    "references": [
        "pub.1092458018",
        "pub.1043265351",
        "pub.1043258222",
        "pub.1033336926",
        "pub.1113058598",
        "pub.1007640584",
        "pub.1018935887",
        "pub.1032576713",
        "pub.1047913780",
        "pub.1033852263",
        "pub.1034546744",
        "pub.1103421376",
        "pub.1053037322",
        "pub.1068672546",
        "pub.1031750551",
        "pub.1015668662",
        "pub.1004587676",
        "pub.1078999845",
        "pub.1006294486",
        "pub.1068582509",
        "pub.1073146249",
        "pub.1051704690",
        "pub.1040161362",
        "pub.1029590930",
        "pub.1101109865",
        "pub.1043195283",
        "pub.1016249179",
        "pub.1069333143",
        "pub.1049887285",
        "pub.1030814145",
        "pub.1022666901",
        "pub.1099782308",
        "pub.1105093703",
        "pub.1004927580",
        "pub.1040088464",
        "pub.1085701272",
        "pub.1050409479",
        "pub.1018174020",
        "pub.1001249899",
        "pub.1047651535",
        "pub.1032152360",
        "pub.1032299717",
        "pub.1021065632",
        "pub.1030721989",
        "pub.1078311102",
        "pub.1007466268",
        "pub.1002562912",
        "pub.1053923903",
        "pub.1031163866",
        "pub.1013777431",
        "pub.1003894511",
        "pub.1007471404",
        "pub.1092085976",
        "pub.1073146362"
    ]
}