{
    "volume": "12",
    "date": "2020-01-16",
    "title": "Virus Metagenomics in Farm Animals: A Systematic Review",
    "researchers": [
        {
            "id": "ur.07746047077.55",
            "last_name": "Nieuwenhuijse",
            "first_name": "David F",
            "orcid_id": [
                "0000-0003-1310-5031"
            ],
            "research_orgs": [
                "grid.5645.2"
            ]
        },
        {
            "id": "ur.0766612704.03",
            "last_name": "Phan",
            "first_name": "My V T",
            "orcid_id": [
                "0000-0002-6905-8513"
            ],
            "research_orgs": [
                "grid.5645.2",
                "grid.10306.34",
                "grid.412433.3"
            ]
        },
        {
            "id": "ur.013117453357.11",
            "last_name": "Koopmans",
            "first_name": "Marion P G",
            "orcid_id": [
                "0000-0002-5204-2312"
            ],
            "research_orgs": [
                "grid.5477.1",
                "grid.416738.f",
                "grid.415773.3",
                "grid.9619.7",
                "grid.424065.1",
                "grid.9018.0",
                "grid.6906.9",
                "grid.414480.d",
                "grid.410840.9",
                "grid.8547.e",
                "grid.8395.7",
                "grid.419706.d",
                "grid.5590.9",
                "grid.416135.4",
                "grid.198530.6",
                "grid.1005.4",
                "grid.10419.3d",
                "grid.10784.3a",
                "grid.7922.e",
                "grid.416993.0",
                "grid.13652.33",
                "grid.5645.2",
                "grid.5335.0",
                "grid.8664.c",
                "grid.5650.6",
                "grid.189967.8",
                "grid.417752.2",
                "grid.8954.0",
                "grid.412970.9",
                "grid.31147.30",
                "grid.418914.1",
                "grid.5132.5",
                "grid.17089.37",
                "grid.419261.9"
            ]
        }
    ],
    "pmcid": "PMC7019290",
    "altmetric": 13.0,
    "pages": "107",
    "research_org_cities": [
        {
            "id": 2747891,
            "name": "Rotterdam"
        }
    ],
    "open_access": [
        "Open Access - all",
        "Open Access - publisher",
        "Open Access - published"
    ],
    "research_org_countries": [
        {
            "id": "NL",
            "name": "Netherlands"
        }
    ],
    "doi": "10.3390/v12010107",
    "FOR": [
        {
            "id": "3114",
            "name": "1108 Medical Microbiology"
        },
        {
            "id": "2727",
            "name": "0707 Veterinary Sciences"
        },
        {
            "id": "2681",
            "name": "0702 Animal Production"
        },
        {
            "id": "2634",
            "name": "0605 Microbiology"
        }
    ],
    "times_cited": 0,
    "research_orgs": [
        {
            "id": "grid.5645.2",
            "state_name": "Zuid-Holland",
            "types": [
                "Healthcare"
            ],
            "longitude": 4.4675,
            "linkout": [
                "http://www.erasmusmc.nl/"
            ],
            "latitude": 51.91,
            "name": "Erasmus University Medical Center",
            "city_name": "Rotterdam",
            "country_name": "Netherlands"
        }
    ],
    "pmid": "31963174",
    "funders": [
        {
            "id": "grid.270680.b",
            "acronym": "EC",
            "types": [
                "Government"
            ],
            "longitude": 4.36367,
            "linkout": [
                "http://ec.europa.eu/index_en.htm"
            ],
            "latitude": 50.85165,
            "name": "European Commission",
            "city_name": "Brussels",
            "country_name": "Belgium"
        },
        {
            "id": "grid.438427.e",
            "acronym": "ZonMw",
            "types": [
                "Nonprofit"
            ],
            "longitude": 4.344438,
            "linkout": [
                "http://www.zonmw.nl/en/"
            ],
            "latitude": 52.080486,
            "name": "Netherlands Organisation for Health Research and Development",
            "city_name": "The Hague",
            "country_name": "Netherlands"
        }
    ],
    "research_org_country_names": [
        "Netherlands"
    ],
    "id": "pub.1124165528",
    "issue": "1",
    "journal": {
        "id": "jour.1041668",
        "title": "Viruses"
    },
    "year": 2020,
    "references": [
        "pub.1091682375",
        "pub.1008431396",
        "pub.1120186980",
        "pub.1060399044",
        "pub.1100975918",
        "pub.1030937184",
        "pub.1017876159",
        "pub.1019470544",
        "pub.1001100345",
        "pub.1036487191",
        "pub.1090904569",
        "pub.1111681288",
        "pub.1045983282",
        "pub.1000589056",
        "pub.1020674258",
        "pub.1000723541",
        "pub.1046264898",
        "pub.1051197220",
        "pub.1030155839",
        "pub.1071123465",
        "pub.1036576408",
        "pub.1104240688",
        "pub.1060398050",
        "pub.1091845338",
        "pub.1101538450",
        "pub.1092657333",
        "pub.1032782967",
        "pub.1115815473",
        "pub.1101185151",
        "pub.1015642213",
        "pub.1008457306",
        "pub.1103588664",
        "pub.1060397926",
        "pub.1047978686",
        "pub.1083855573",
        "pub.1036375186",
        "pub.1029738835",
        "pub.1107128384",
        "pub.1101239611",
        "pub.1038059456",
        "pub.1079395290",
        "pub.1043072840",
        "pub.1105777353",
        "pub.1033487574",
        "pub.1107037632",
        "pub.1060390069",
        "pub.1051886836",
        "pub.1025461012",
        "pub.1085914113",
        "pub.1107532438",
        "pub.1048199699",
        "pub.1103475206",
        "pub.1031531589",
        "pub.1036824415",
        "pub.1018960886",
        "pub.1062712923",
        "pub.1046168399",
        "pub.1060399280",
        "pub.1085218738",
        "pub.1110648790",
        "pub.1045145210",
        "pub.1078138508",
        "pub.1106476110",
        "pub.1010145281",
        "pub.1024998448",
        "pub.1034136640",
        "pub.1005603549",
        "pub.1027713905",
        "pub.1112230156",
        "pub.1105761757",
        "pub.1029035916",
        "pub.1060399513",
        "pub.1077899488",
        "pub.1010889884",
        "pub.1092101100",
        "pub.1020410087",
        "pub.1025141967",
        "pub.1004426081",
        "pub.1009597972",
        "pub.1107822412",
        "pub.1101695451",
        "pub.1083823146",
        "pub.1115277838",
        "pub.1043609160",
        "pub.1036647026",
        "pub.1035645086",
        "pub.1060390085",
        "pub.1103667861",
        "pub.1008523886",
        "pub.1030264824",
        "pub.1060389844",
        "pub.1100338251",
        "pub.1016994901",
        "pub.1050920633",
        "pub.1052262574",
        "pub.1020573022",
        "pub.1045934637",
        "pub.1100404934",
        "pub.1015895555",
        "pub.1092706472",
        "pub.1111763665",
        "pub.1060389896",
        "pub.1092192470",
        "pub.1051884955",
        "pub.1110204495",
        "pub.1107532281",
        "pub.1036710833",
        "pub.1070926027",
        "pub.1060390146",
        "pub.1005796656",
        "pub.1018657727",
        "pub.1104131040",
        "pub.1086030185",
        "pub.1071123284",
        "pub.1103644588",
        "pub.1052442703",
        "pub.1101381931",
        "pub.1074202289",
        "pub.1068672322",
        "pub.1008809199",
        "pub.1044518258",
        "pub.1084437776",
        "pub.1105107384",
        "pub.1029600135",
        "pub.1092078875",
        "pub.1041737419",
        "pub.1110509447",
        "pub.1050064513",
        "pub.1024941649",
        "pub.1005633867",
        "pub.1024783728",
        "pub.1008825801",
        "pub.1049831052",
        "pub.1085461104",
        "pub.1003970805",
        "pub.1086289990",
        "pub.1030401057",
        "pub.1015443089",
        "pub.1018732845",
        "pub.1106832275",
        "pub.1043137988",
        "pub.1005277812",
        "pub.1104332007",
        "pub.1085471389",
        "pub.1017990518",
        "pub.1041148501",
        "pub.1091132152",
        "pub.1021739958"
    ],
    "author_affiliations": [
        [
            {
                "first_name": "Kirsty T T",
                "last_name": "Kwok",
                "initials": "",
                "corresponding": "",
                "orcid": "",
                "current_organization_id": "",
                "researcher_id": "",
                "affiliations": [
                    {
                        "id": "grid.5645.2",
                        "name": "Erasmus University Medical Center",
                        "city": "Rotterdam",
                        "city_id": 2747891,
                        "country": "Netherlands",
                        "country_code": "NL",
                        "state": null,
                        "state_code": null
                    }
                ]
            },
            {
                "first_name": "David F",
                "last_name": "Nieuwenhuijse",
                "initials": "",
                "corresponding": "",
                "orcid": "['0000-0003-1310-5031']",
                "current_organization_id": "grid.5645.2",
                "researcher_id": "ur.07746047077.55",
                "affiliations": [
                    {
                        "id": "grid.5645.2",
                        "name": "Erasmus University Medical Center",
                        "city": "Rotterdam",
                        "city_id": 2747891,
                        "country": "Netherlands",
                        "country_code": "NL",
                        "state": null,
                        "state_code": null
                    }
                ]
            },
            {
                "first_name": "My V T",
                "last_name": "Phan",
                "initials": "",
                "corresponding": "",
                "orcid": "['0000-0002-6905-8513']",
                "current_organization_id": "grid.5645.2",
                "researcher_id": "ur.0766612704.03",
                "affiliations": [
                    {
                        "id": "grid.5645.2",
                        "name": "Erasmus University Medical Center",
                        "city": "Rotterdam",
                        "city_id": 2747891,
                        "country": "Netherlands",
                        "country_code": "NL",
                        "state": null,
                        "state_code": null
                    }
                ]
            },
            {
                "first_name": "Marion P G",
                "last_name": "Koopmans",
                "initials": "",
                "corresponding": "",
                "orcid": "['0000-0002-5204-2312']",
                "current_organization_id": "grid.5645.2",
                "researcher_id": "ur.013117453357.11",
                "affiliations": [
                    {
                        "id": "grid.5645.2",
                        "name": "Erasmus University Medical Center",
                        "city": "Rotterdam",
                        "city_id": 2747891,
                        "country": "Netherlands",
                        "country_code": "NL",
                        "state": null,
                        "state_code": null
                    }
                ]
            }
        ]
    ],
    "type": "article"
}