{
    "date": "2020-02-28",
    "title": "COVID-19 outbreak on the Diamond Princess cruise ship: estimating the epidemic potential and effectiveness of public health countermeasures",
    "researchers": [
        {
            "id": "ur.0755707431.96",
            "last_name": "Rockl\u00f6v",
            "first_name": "Joacim",
            "orcid_id": [
                "0000-0003-4030-0449"
            ],
            "research_orgs": [
                "grid.12650.30",
                "grid.418914.1",
                "grid.7700.0",
                "grid.8991.9"
            ]
        },
        {
            "id": "ur.01270005352.36",
            "last_name": "Sj\u00f6din",
            "first_name": "Henrik",
            "research_orgs": [
                "grid.12650.30"
            ]
        },
        {
            "id": "ur.01343626734.51",
            "last_name": "Wilder-Smith",
            "first_name": "Annelies J",
            "orcid_id": [
                "0000-0003-0362-5375"
            ],
            "research_orgs": [
                "grid.410759.e",
                "grid.3575.4",
                "grid.8991.9",
                "grid.11899.38",
                "grid.416843.c",
                "grid.412106.0",
                "grid.1003.2",
                "grid.7700.0",
                "grid.7400.3",
                "grid.38142.3c",
                "grid.12650.30",
                "grid.5734.5",
                "grid.59025.3b",
                "grid.30311.30",
                "grid.428397.3",
                "grid.415502.7",
                "grid.413795.d",
                "grid.1011.1",
                "grid.240988.f",
                "grid.4280.e"
            ]
        }
    ],
    "altmetric": 5575.0,
    "research_org_cities": [
        {
            "id": 2643743,
            "name": "London"
        },
        {
            "id": 602150,
            "name": "Ume\u00e5"
        },
        {
            "id": 2907911,
            "name": "Heidelberg"
        }
    ],
    "open_access": [
        "Open Access - all",
        "Open Access - publisher",
        "Open Access - published"
    ],
    "research_org_countries": [
        {
            "id": "DE",
            "name": "Germany"
        },
        {
            "id": "SE",
            "name": "Sweden"
        },
        {
            "id": "GB",
            "name": "United Kingdom"
        }
    ],
    "doi": "10.1093/jtm/taaa030",
    "FOR": [
        {
            "id": "3177",
            "name": "1117 Public Health and Health Services"
        }
    ],
    "times_cited": 4,
    "research_orgs": [
        {
            "id": "grid.7700.0",
            "types": [
                "Education"
            ],
            "longitude": 8.670238,
            "linkout": [
                "http://www.uni-heidelberg.de/index_e.html"
            ],
            "latitude": 49.41935,
            "name": "Heidelberg University",
            "city_name": "Heidelberg",
            "country_name": "Germany"
        },
        {
            "id": "grid.8991.9",
            "acronym": "LSHTM",
            "state_name": "Camden",
            "types": [
                "Education"
            ],
            "longitude": -0.1307,
            "linkout": [
                "http://www.lshtm.ac.uk/"
            ],
            "latitude": 51.5209,
            "name": "London School of Hygiene & Tropical Medicine",
            "city_name": "London",
            "country_name": "United Kingdom"
        },
        {
            "id": "grid.12650.30",
            "types": [
                "Education"
            ],
            "longitude": 20.310623,
            "linkout": [
                "http://www.umu.se/english"
            ],
            "latitude": 63.821568,
            "name": "Ume\u00e5 University",
            "city_name": "Ume\u00e5",
            "country_name": "Sweden"
        }
    ],
    "pmid": "32109273",
    "research_org_country_names": [
        "United Kingdom",
        "Germany",
        "Sweden"
    ],
    "id": "pub.1125142717",
    "journal": {
        "id": "jour.1112262",
        "title": "Journal of Travel Medicine"
    },
    "year": 2020,
    "references": [
        "pub.1125043810",
        "pub.1017337597",
        "pub.1124320184",
        "pub.1124461627",
        "pub.1000653978",
        "pub.1124290823",
        "pub.1124859492",
        "pub.1021327297",
        "pub.1124460938",
        "pub.1124408081",
        "pub.1124434742",
        "pub.1124427336",
        "pub.1053918923",
        "pub.1030342944"
    ],
    "author_affiliations": [
        [
            {
                "first_name": "J",
                "last_name": "Rockl\u00f6v",
                "initials": "",
                "corresponding": "",
                "orcid": "['0000-0003-4030-0449']",
                "current_organization_id": "grid.12650.30",
                "researcher_id": "ur.0755707431.96",
                "affiliations": [
                    {
                        "id": "grid.12650.30",
                        "name": "Ume\u00e5 University",
                        "city": "Ume\u00e5",
                        "city_id": 602150,
                        "country": "Sweden",
                        "country_code": "SE",
                        "state": null,
                        "state_code": null
                    }
                ]
            },
            {
                "first_name": "H",
                "last_name": "Sj\u00f6din",
                "initials": "",
                "corresponding": "",
                "orcid": "",
                "current_organization_id": "grid.12650.30",
                "researcher_id": "ur.01270005352.36",
                "affiliations": [
                    {
                        "id": "grid.12650.30",
                        "name": "Ume\u00e5 University",
                        "city": "Ume\u00e5",
                        "city_id": 602150,
                        "country": "Sweden",
                        "country_code": "SE",
                        "state": null,
                        "state_code": null
                    }
                ]
            },
            {
                "first_name": "A",
                "last_name": "Wilder-Smith",
                "initials": "",
                "corresponding": "",
                "orcid": "['0000-0003-0362-5375']",
                "current_organization_id": "grid.8991.9",
                "researcher_id": "ur.01343626734.51",
                "affiliations": [
                    {
                        "id": "grid.12650.30",
                        "name": "Ume\u00e5 University",
                        "city": "Ume\u00e5",
                        "city_id": 602150,
                        "country": "Sweden",
                        "country_code": "SE",
                        "state": null,
                        "state_code": null
                    },
                    {
                        "id": "grid.8991.9",
                        "name": "London School of Hygiene & Tropical Medicine",
                        "city": "London",
                        "city_id": 2643743,
                        "country": "United Kingdom",
                        "country_code": "GB",
                        "state": null,
                        "state_code": null
                    },
                    {
                        "id": "grid.7700.0",
                        "name": "Heidelberg University",
                        "city": "Heidelberg",
                        "city_id": 2907911,
                        "country": "Germany",
                        "country_code": "DE",
                        "state": null,
                        "state_code": null
                    }
                ]
            }
        ]
    ],
    "type": "article"
}