{
    "pmid": "32105633",
    "author_affiliations": [
        [
            {
                "first_name": "Jonathan Chun-Hei",
                "last_name": "Cheung",
                "initials": "",
                "corresponding": "",
                "orcid": "['0000-0003-1100-4798']",
                "current_organization_id": "grid.490321.d",
                "researcher_id": "ur.010017040043.61",
                "affiliations": [
                    {
                        "id": "grid.490321.d",
                        "name": "North District Hospital",
                        "city": "Hong Kong",
                        "city_id": 1819729,
                        "country": "China",
                        "country_code": "CN",
                        "state": null,
                        "state_code": null
                    }
                ]
            },
            {
                "first_name": "Lap Tin",
                "last_name": "Ho",
                "initials": "",
                "corresponding": "",
                "orcid": "",
                "current_organization_id": "",
                "researcher_id": "",
                "affiliations": [
                    {
                        "id": "grid.490321.d",
                        "name": "North District Hospital",
                        "city": "Hong Kong",
                        "city_id": 1819729,
                        "country": "China",
                        "country_code": "CN",
                        "state": null,
                        "state_code": null
                    }
                ]
            },
            {
                "first_name": "Justin Vincent",
                "last_name": "Cheng",
                "initials": "",
                "corresponding": "",
                "orcid": "",
                "current_organization_id": "",
                "researcher_id": "",
                "affiliations": [
                    {
                        "id": "grid.490321.d",
                        "name": "North District Hospital",
                        "city": "Hong Kong",
                        "city_id": 1819729,
                        "country": "China",
                        "country_code": "CN",
                        "state": null,
                        "state_code": null
                    }
                ]
            },
            {
                "first_name": "Esther Yin Kwan",
                "last_name": "Cham",
                "initials": "",
                "corresponding": "",
                "orcid": "",
                "current_organization_id": "",
                "researcher_id": "",
                "affiliations": [
                    {
                        "id": "grid.490321.d",
                        "name": "North District Hospital",
                        "city": "Hong Kong",
                        "city_id": 1819729,
                        "country": "China",
                        "country_code": "CN",
                        "state": null,
                        "state_code": null
                    }
                ]
            },
            {
                "first_name": "Koon Ngai",
                "last_name": "Lam",
                "initials": "",
                "corresponding": "",
                "orcid": "",
                "current_organization_id": "",
                "researcher_id": "",
                "affiliations": [
                    {
                        "id": "grid.490321.d",
                        "name": "North District Hospital",
                        "city": "Hong Kong",
                        "city_id": 1819729,
                        "country": "China",
                        "country_code": "CN",
                        "state": null,
                        "state_code": null
                    }
                ]
            }
        ]
    ],
    "altmetric": 353.0,
    "research_org_countries": [
        {
            "id": "CN",
            "name": "China"
        }
    ],
    "title": "Staff safety during emergency airway management for COVID-19 in Hong Kong",
    "research_org_cities": [
        {
            "id": 1819729,
            "name": "Hong Kong"
        }
    ],
    "open_access": [
        "Open Access - all",
        "Open Access - publisher",
        "Open Access - published"
    ],
    "doi": "10.1016/s2213-2600(20)30084-9",
    "times_cited": 2,
    "journal": {
        "id": "jour.1327517",
        "title": "The Lancet Respiratory Medicine"
    },
    "research_orgs": [
        {
            "id": "grid.490321.d",
            "name": "North District Hospital",
            "linkout": [
                "http://www3.ha.org.hk/ndh/index_e.asp"
            ],
            "country_name": "China",
            "types": [
                "Healthcare"
            ],
            "latitude": 22.496878,
            "acronym": "NDH",
            "state_name": "Hong Kong",
            "city_name": "Hong Kong",
            "longitude": 114.124344
        }
    ],
    "year": 2020,
    "references": [
        "pub.1124865153",
        "pub.1043229896",
        "pub.1022890233",
        "pub.1023660204",
        "pub.1111842881"
    ],
    "id": "pub.1125097810",
    "research_org_country_names": [
        "China"
    ],
    "date": "2020-02-01",
    "researchers": [
        {
            "id": "ur.010017040043.61",
            "research_orgs": [
                "grid.490321.d"
            ],
            "last_name": "Cheung",
            "first_name": "Jonathan Chun-Hei",
            "orcid_id": [
                "0000-0003-1100-4798"
            ]
        }
    ],
    "type": "article"
}