{
    "volume": "48",
    "date": "2020-03-02",
    "title": "[Cardiac manifestations of patients with COVID-19 pneumonia and related treatment recommendations].",
    "pages": "e005",
    "research_org_cities": [
        {
            "id": 1800163,
            "name": "Nanchang"
        }
    ],
    "research_org_countries": [
        {
            "id": "CN",
            "name": "China"
        }
    ],
    "doi": "10.3760/cma.j.issn.cn112148-20200213-00077",
    "times_cited": 0,
    "research_orgs": [
        {
            "id": "grid.412455.3",
            "types": [
                "Healthcare"
            ],
            "longitude": 115.90357,
            "linkout": [
                "http://www.jxndefy.cn/index.shtml"
            ],
            "latitude": 28.623013,
            "name": "Second Affiliated Hospital of Nanchang University",
            "city_name": "Nanchang",
            "country_name": "China"
        }
    ],
    "pmid": "32118392",
    "research_org_country_names": [
        "China"
    ],
    "id": "pub.1125332099",
    "issue": "0",
    "journal": {
        "id": "jour.1090503",
        "title": "Chinese Journal of Cardiology"
    },
    "year": 2020,
    "author_affiliations": [
        [
            {
                "first_name": "Z C",
                "last_name": "Tan",
                "initials": "",
                "corresponding": "",
                "orcid": "",
                "current_organization_id": "",
                "researcher_id": "",
                "affiliations": [
                    {
                        "id": "grid.412455.3",
                        "name": "Second Affiliated Hospital of Nanchang University",
                        "city": "Nanchang",
                        "city_id": 1800163,
                        "country": "China",
                        "country_code": "CN",
                        "state": null,
                        "state_code": null
                    }
                ]
            },
            {
                "first_name": "L H",
                "last_name": "Fu",
                "initials": "",
                "corresponding": "",
                "orcid": "",
                "current_organization_id": "",
                "researcher_id": "",
                "affiliations": [
                    {
                        "id": "grid.412455.3",
                        "name": "Second Affiliated Hospital of Nanchang University",
                        "city": "Nanchang",
                        "city_id": 1800163,
                        "country": "China",
                        "country_code": "CN",
                        "state": null,
                        "state_code": null
                    }
                ]
            },
            {
                "first_name": "D D",
                "last_name": "Wang",
                "initials": "",
                "corresponding": "",
                "orcid": "",
                "current_organization_id": "",
                "researcher_id": "",
                "affiliations": [
                    {
                        "id": "grid.412455.3",
                        "name": "Second Affiliated Hospital of Nanchang University",
                        "city": "Nanchang",
                        "city_id": 1800163,
                        "country": "China",
                        "country_code": "CN",
                        "state": null,
                        "state_code": null
                    }
                ]
            },
            {
                "first_name": "K",
                "last_name": "Hong",
                "initials": "",
                "corresponding": "",
                "orcid": "",
                "current_organization_id": "",
                "researcher_id": "",
                "affiliations": [
                    {
                        "id": "grid.412455.3",
                        "name": "Second Affiliated Hospital of Nanchang University",
                        "city": "Nanchang",
                        "city_id": 1800163,
                        "country": "China",
                        "country_code": "CN",
                        "state": null,
                        "state_code": null
                    },
                    {
                        "name": "Department of Cardiology, Second Affiliated Hospital of Nanchang University, Nanchang of Jiangxi, Nanchang 330006, China; Jiangxi Key Laboratory of Molecular Medicine, Nangchang 330006, China."
                    }
                ]
            }
        ]
    ],
    "type": "article"
}