{
    "research_org_country_names": [
        "China"
    ],
    "pmid": "32171189",
    "title": "[Consideration and prevention for the aerosol transmission of 2019 novel coronavirus].",
    "type": "article",
    "year": 2020,
    "journal": {
        "id": "jour.1059087",
        "title": "Chinese journal of ophthalmology"
    },
    "FOR": [
        {
            "id": "3114",
            "name": "1108 Medical Microbiology"
        }
    ],
    "research_org_countries": [
        {
            "id": "CN",
            "name": "China"
        }
    ],
    "date": "2020-03-14",
    "altmetric": 1.0,
    "pages": "e008",
    "id": "pub.1125669401",
    "volume": "56",
    "issue": "0",
    "research_org_cities": [
        {
            "id": 1791247,
            "name": "Wuhan"
        }
    ],
    "author_affiliations": [
        [
            {
                "first_name": "Y X",
                "last_name": "Yu",
                "initials": "",
                "corresponding": "",
                "orcid": "",
                "current_organization_id": "",
                "researcher_id": "",
                "affiliations": [
                    {
                        "name": "Department of Ophthalmology, Tongji Hospital, Tongji Medical College, Huazhong University of Science and Technology, Wuhan 430030, China."
                    }
                ]
            },
            {
                "first_name": "L",
                "last_name": "Sun",
                "initials": "",
                "corresponding": "",
                "orcid": "",
                "current_organization_id": "",
                "researcher_id": "",
                "affiliations": [
                    {
                        "name": "Department of Ophthalmology, Tongji Hospital, Tongji Medical College, Huazhong University of Science and Technology, Wuhan 430030, China."
                    }
                ]
            },
            {
                "first_name": "K",
                "last_name": "Yao",
                "initials": "",
                "corresponding": "",
                "orcid": "",
                "current_organization_id": "",
                "researcher_id": "",
                "affiliations": [
                    {
                        "name": "Department of Ophthalmology, Tongji Hospital, Tongji Medical College, Huazhong University of Science and Technology, Wuhan 430030, China."
                    }
                ]
            },
            {
                "first_name": "X T",
                "last_name": "Lou",
                "initials": "",
                "corresponding": "",
                "orcid": "",
                "current_organization_id": "",
                "researcher_id": "",
                "affiliations": [
                    {
                        "name": "Department of Ophthalmology, Tongji Hospital, Tongji Medical College, Huazhong University of Science and Technology, Wuhan 430030, China."
                    }
                ]
            },
            {
                "first_name": "X",
                "last_name": "Liang",
                "initials": "",
                "corresponding": "",
                "orcid": "",
                "current_organization_id": "",
                "researcher_id": "",
                "affiliations": [
                    {
                        "name": "Department of Ophthalmology, Tongji Hospital, Tongji Medical College, Huazhong University of Science and Technology, Wuhan 430030, China."
                    }
                ]
            },
            {
                "first_name": "B W",
                "last_name": "Zhao",
                "initials": "",
                "corresponding": "",
                "orcid": "",
                "current_organization_id": "",
                "researcher_id": "",
                "affiliations": [
                    {
                        "name": "Department of Ophthalmology, Tongji Hospital, Tongji Medical College, Huazhong University of Science and Technology, Wuhan 430030, China."
                    }
                ]
            },
            {
                "first_name": "Q X",
                "last_name": "Mu",
                "initials": "",
                "corresponding": "",
                "orcid": "",
                "current_organization_id": "",
                "researcher_id": "",
                "affiliations": [
                    {
                        "name": "Department of Ophthalmology, Tongji Hospital, Tongji Medical College, Huazhong University of Science and Technology, Wuhan 430030, China."
                    }
                ]
            },
            {
                "first_name": "H",
                "last_name": "Du",
                "initials": "",
                "corresponding": "",
                "orcid": "",
                "current_organization_id": "",
                "researcher_id": "",
                "affiliations": [
                    {
                        "name": "Department of Ophthalmology, Tongji Hospital, Tongji Medical College, Huazhong University of Science and Technology, Wuhan 430030, China."
                    }
                ]
            },
            {
                "first_name": "Y",
                "last_name": "Zhao",
                "initials": "",
                "corresponding": "",
                "orcid": "",
                "current_organization_id": "",
                "researcher_id": "",
                "affiliations": [
                    {
                        "name": "Department of Ophthalmology, Tongji Hospital, Tongji Medical College, Huazhong University of Science and Technology, Wuhan 430030, China."
                    }
                ]
            },
            {
                "first_name": "H",
                "last_name": "Zhang",
                "initials": "",
                "corresponding": "",
                "orcid": "",
                "current_organization_id": "",
                "researcher_id": "",
                "affiliations": [
                    {
                        "name": "Department of Ophthalmology, Tongji Hospital, Tongji Medical College, Huazhong University of Science and Technology, Wuhan 430030, China."
                    }
                ]
            }
        ]
    ],
    "doi": "10.3760/cma.j.cn112142-20200313-00181",
    "times_cited": 0
}