{
    "pmid": "31986264",
    "author_affiliations": [
        [
            {
                "first_name": "Chaolin",
                "last_name": "Huang",
                "initials": "",
                "corresponding": "",
                "orcid": "",
                "current_organization_id": "",
                "researcher_id": "",
                "affiliations": [
                    {
                        "name": "Jin Yin-tan Hospital, Wuhan, China"
                    }
                ]
            },
            {
                "first_name": "Yeming",
                "last_name": "Wang",
                "initials": "",
                "corresponding": "",
                "orcid": "",
                "current_organization_id": "",
                "researcher_id": "",
                "affiliations": [
                    {
                        "id": "grid.415954.8",
                        "name": "China-Japan Friendship Hospital",
                        "city": "Beijing",
                        "city_id": 1816670,
                        "country": "China",
                        "country_code": "CN",
                        "state": null,
                        "state_code": null
                    },
                    {
                        "id": "grid.506261.6",
                        "name": "Chinese Academy of Medical Sciences & Peking Union Medical College",
                        "city": "Beijing",
                        "city_id": 1816670,
                        "country": "China",
                        "country_code": "CN",
                        "state": null,
                        "state_code": null
                    },
                    {
                        "id": "grid.24696.3f",
                        "name": "Capital Medical University",
                        "city": "Beijing",
                        "city_id": 1816670,
                        "country": "China",
                        "country_code": "CN",
                        "state": null,
                        "state_code": null
                    }
                ]
            },
            {
                "first_name": "Xingwang",
                "last_name": "Li",
                "initials": "",
                "corresponding": "",
                "orcid": "",
                "current_organization_id": "",
                "researcher_id": "",
                "affiliations": [
                    {
                        "id": "grid.24696.3f",
                        "name": "Capital Medical University",
                        "city": "Beijing",
                        "city_id": 1816670,
                        "country": "China",
                        "country_code": "CN",
                        "state": null,
                        "state_code": null
                    }
                ]
            },
            {
                "first_name": "Lili",
                "last_name": "Ren",
                "initials": "",
                "corresponding": "",
                "orcid": "",
                "current_organization_id": "",
                "researcher_id": "",
                "affiliations": [
                    {
                        "id": "grid.506261.6",
                        "name": "Chinese Academy of Medical Sciences & Peking Union Medical College",
                        "city": "Beijing",
                        "city_id": 1816670,
                        "country": "China",
                        "country_code": "CN",
                        "state": null,
                        "state_code": null
                    }
                ]
            },
            {
                "first_name": "Jianping",
                "last_name": "Zhao",
                "initials": "",
                "corresponding": "",
                "orcid": "",
                "current_organization_id": "",
                "researcher_id": "",
                "affiliations": [
                    {
                        "id": "grid.412793.a",
                        "name": "Tongji Hospital",
                        "city": "Wuhan",
                        "city_id": 1791247,
                        "country": "China",
                        "country_code": "CN",
                        "state": null,
                        "state_code": null
                    }
                ]
            },
            {
                "first_name": "Yi",
                "last_name": "Hu",
                "initials": "",
                "corresponding": "",
                "orcid": "",
                "current_organization_id": "",
                "researcher_id": "",
                "affiliations": [
                    {
                        "id": "grid.33199.31",
                        "name": "Huazhong University of Science and Technology",
                        "city": "Wuhan",
                        "city_id": 1791247,
                        "country": "China",
                        "country_code": "CN",
                        "state": null,
                        "state_code": null
                    }
                ]
            },
            {
                "first_name": "Li",
                "last_name": "Zhang",
                "initials": "",
                "corresponding": "",
                "orcid": "",
                "current_organization_id": "",
                "researcher_id": "",
                "affiliations": [
                    {
                        "name": "Jin Yin-tan Hospital, Wuhan, China"
                    }
                ]
            },
            {
                "first_name": "Guohui",
                "last_name": "Fan",
                "initials": "",
                "corresponding": "",
                "orcid": "",
                "current_organization_id": "",
                "researcher_id": "",
                "affiliations": [
                    {
                        "id": "grid.415954.8",
                        "name": "China-Japan Friendship Hospital",
                        "city": "Beijing",
                        "city_id": 1816670,
                        "country": "China",
                        "country_code": "CN",
                        "state": null,
                        "state_code": null
                    },
                    {
                        "id": "grid.415954.8",
                        "name": "China-Japan Friendship Hospital",
                        "city": "Beijing",
                        "city_id": 1816670,
                        "country": "China",
                        "country_code": "CN",
                        "state": null,
                        "state_code": null
                    },
                    {
                        "id": "grid.506261.6",
                        "name": "Chinese Academy of Medical Sciences & Peking Union Medical College",
                        "city": "Beijing",
                        "city_id": 1816670,
                        "country": "China",
                        "country_code": "CN",
                        "state": null,
                        "state_code": null
                    }
                ]
            },
            {
                "first_name": "Jiuyang",
                "last_name": "Xu",
                "initials": "",
                "corresponding": "",
                "orcid": "",
                "current_organization_id": "",
                "researcher_id": "",
                "affiliations": [
                    {
                        "id": "grid.12527.33",
                        "name": "Tsinghua University",
                        "city": "Beijing",
                        "city_id": 1816670,
                        "country": "China",
                        "country_code": "CN",
                        "state": null,
                        "state_code": null
                    }
                ]
            },
            {
                "first_name": "Xiaoying",
                "last_name": "Gu",
                "initials": "",
                "corresponding": "",
                "orcid": "",
                "current_organization_id": "grid.415954.8",
                "researcher_id": "ur.01323674617.33",
                "affiliations": [
                    {
                        "id": "grid.415954.8",
                        "name": "China-Japan Friendship Hospital",
                        "city": "Beijing",
                        "city_id": 1816670,
                        "country": "China",
                        "country_code": "CN",
                        "state": null,
                        "state_code": null
                    },
                    {
                        "id": "grid.415954.8",
                        "name": "China-Japan Friendship Hospital",
                        "city": "Beijing",
                        "city_id": 1816670,
                        "country": "China",
                        "country_code": "CN",
                        "state": null,
                        "state_code": null
                    },
                    {
                        "id": "grid.506261.6",
                        "name": "Chinese Academy of Medical Sciences & Peking Union Medical College",
                        "city": "Beijing",
                        "city_id": 1816670,
                        "country": "China",
                        "country_code": "CN",
                        "state": null,
                        "state_code": null
                    }
                ]
            },
            {
                "first_name": "Zhenshun",
                "last_name": "Cheng",
                "initials": "",
                "corresponding": "",
                "orcid": "",
                "current_organization_id": "grid.413247.7",
                "researcher_id": "ur.016017505455.78",
                "affiliations": [
                    {
                        "id": "grid.413247.7",
                        "name": "Zhongnan Hospital of Wuhan University",
                        "city": "Wuhan",
                        "city_id": 1791247,
                        "country": "China",
                        "country_code": "CN",
                        "state": null,
                        "state_code": null
                    }
                ]
            },
            {
                "first_name": "Ting",
                "last_name": "Yu",
                "initials": "",
                "corresponding": "",
                "orcid": "",
                "current_organization_id": "",
                "researcher_id": "",
                "affiliations": [
                    {
                        "name": "Jin Yin-tan Hospital, Wuhan, China"
                    }
                ]
            },
            {
                "first_name": "Jiaan",
                "last_name": "Xia",
                "initials": "",
                "corresponding": "",
                "orcid": "",
                "current_organization_id": "",
                "researcher_id": "",
                "affiliations": [
                    {
                        "name": "Jin Yin-tan Hospital, Wuhan, China"
                    }
                ]
            },
            {
                "first_name": "Yuan",
                "last_name": "Wei",
                "initials": "",
                "corresponding": "",
                "orcid": "",
                "current_organization_id": "",
                "researcher_id": "",
                "affiliations": [
                    {
                        "name": "Jin Yin-tan Hospital, Wuhan, China"
                    }
                ]
            },
            {
                "first_name": "Wenjuan",
                "last_name": "Wu",
                "initials": "",
                "corresponding": "",
                "orcid": "",
                "current_organization_id": "",
                "researcher_id": "",
                "affiliations": [
                    {
                        "name": "Jin Yin-tan Hospital, Wuhan, China"
                    }
                ]
            },
            {
                "first_name": "Xuelei",
                "last_name": "Xie",
                "initials": "",
                "corresponding": "",
                "orcid": "",
                "current_organization_id": "",
                "researcher_id": "",
                "affiliations": [
                    {
                        "name": "Jin Yin-tan Hospital, Wuhan, China"
                    }
                ]
            },
            {
                "first_name": "Wen",
                "last_name": "Yin",
                "initials": "",
                "corresponding": "",
                "orcid": "",
                "current_organization_id": "",
                "researcher_id": "",
                "affiliations": [
                    {
                        "id": "grid.33199.31",
                        "name": "Huazhong University of Science and Technology",
                        "city": "Wuhan",
                        "city_id": 1791247,
                        "country": "China",
                        "country_code": "CN",
                        "state": null,
                        "state_code": null
                    }
                ]
            },
            {
                "first_name": "Hui",
                "last_name": "Li",
                "initials": "",
                "corresponding": "",
                "orcid": "",
                "current_organization_id": "",
                "researcher_id": "",
                "affiliations": [
                    {
                        "id": "grid.415954.8",
                        "name": "China-Japan Friendship Hospital",
                        "city": "Beijing",
                        "city_id": 1816670,
                        "country": "China",
                        "country_code": "CN",
                        "state": null,
                        "state_code": null
                    },
                    {
                        "id": "grid.506261.6",
                        "name": "Chinese Academy of Medical Sciences & Peking Union Medical College",
                        "city": "Beijing",
                        "city_id": 1816670,
                        "country": "China",
                        "country_code": "CN",
                        "state": null,
                        "state_code": null
                    },
                    {
                        "id": "grid.24696.3f",
                        "name": "Capital Medical University",
                        "city": "Beijing",
                        "city_id": 1816670,
                        "country": "China",
                        "country_code": "CN",
                        "state": null,
                        "state_code": null
                    }
                ]
            },
            {
                "first_name": "Min",
                "last_name": "Liu",
                "initials": "",
                "corresponding": "",
                "orcid": "",
                "current_organization_id": "",
                "researcher_id": "",
                "affiliations": [
                    {
                        "id": "grid.415954.8",
                        "name": "China-Japan Friendship Hospital",
                        "city": "Beijing",
                        "city_id": 1816670,
                        "country": "China",
                        "country_code": "CN",
                        "state": null,
                        "state_code": null
                    }
                ]
            },
            {
                "first_name": "Yan",
                "last_name": "Xiao",
                "initials": "",
                "corresponding": "",
                "orcid": "",
                "current_organization_id": "",
                "researcher_id": "",
                "affiliations": [
                    {
                        "id": "grid.506261.6",
                        "name": "Chinese Academy of Medical Sciences & Peking Union Medical College",
                        "city": "Beijing",
                        "city_id": 1816670,
                        "country": "China",
                        "country_code": "CN",
                        "state": null,
                        "state_code": null
                    }
                ]
            },
            {
                "first_name": "Hong",
                "last_name": "Gao",
                "initials": "",
                "corresponding": "",
                "orcid": "",
                "current_organization_id": "",
                "researcher_id": "",
                "affiliations": [
                    {
                        "id": "grid.506261.6",
                        "name": "Chinese Academy of Medical Sciences & Peking Union Medical College",
                        "city": "Beijing",
                        "city_id": 1816670,
                        "country": "China",
                        "country_code": "CN",
                        "state": null,
                        "state_code": null
                    }
                ]
            },
            {
                "first_name": "Li",
                "last_name": "Guo",
                "initials": "",
                "corresponding": "",
                "orcid": "",
                "current_organization_id": "",
                "researcher_id": "",
                "affiliations": [
                    {
                        "id": "grid.506261.6",
                        "name": "Chinese Academy of Medical Sciences & Peking Union Medical College",
                        "city": "Beijing",
                        "city_id": 1816670,
                        "country": "China",
                        "country_code": "CN",
                        "state": null,
                        "state_code": null
                    }
                ]
            },
            {
                "first_name": "Jungang",
                "last_name": "Xie",
                "initials": "",
                "corresponding": "",
                "orcid": "",
                "current_organization_id": "",
                "researcher_id": "",
                "affiliations": [
                    {
                        "id": "grid.412793.a",
                        "name": "Tongji Hospital",
                        "city": "Wuhan",
                        "city_id": 1791247,
                        "country": "China",
                        "country_code": "CN",
                        "state": null,
                        "state_code": null
                    }
                ]
            },
            {
                "first_name": "Guangfa",
                "last_name": "Wang",
                "initials": "",
                "corresponding": "",
                "orcid": "",
                "current_organization_id": "",
                "researcher_id": "",
                "affiliations": [
                    {
                        "id": "grid.411472.5",
                        "name": "Peking University First Hospital",
                        "city": "Beijing",
                        "city_id": 1816670,
                        "country": "China",
                        "country_code": "CN",
                        "state": null,
                        "state_code": null
                    }
                ]
            },
            {
                "first_name": "Rongmeng",
                "last_name": "Jiang",
                "initials": "",
                "corresponding": "",
                "orcid": "",
                "current_organization_id": "",
                "researcher_id": "",
                "affiliations": [
                    {
                        "id": "grid.24696.3f",
                        "name": "Capital Medical University",
                        "city": "Beijing",
                        "city_id": 1816670,
                        "country": "China",
                        "country_code": "CN",
                        "state": null,
                        "state_code": null
                    }
                ]
            },
            {
                "first_name": "Zhancheng",
                "last_name": "Gao",
                "initials": "",
                "corresponding": "",
                "orcid": "",
                "current_organization_id": "grid.411634.5",
                "researcher_id": "ur.01011230276.16",
                "affiliations": [
                    {
                        "id": "grid.411634.5",
                        "name": "Peking University People's Hospital",
                        "city": "Beijing",
                        "city_id": 1816670,
                        "country": "China",
                        "country_code": "CN",
                        "state": null,
                        "state_code": null
                    }
                ]
            },
            {
                "first_name": "Qi",
                "last_name": "Jin",
                "initials": "",
                "corresponding": "",
                "orcid": "",
                "current_organization_id": "",
                "researcher_id": "",
                "affiliations": [
                    {
                        "id": "grid.506261.6",
                        "name": "Chinese Academy of Medical Sciences & Peking Union Medical College",
                        "city": "Beijing",
                        "city_id": 1816670,
                        "country": "China",
                        "country_code": "CN",
                        "state": null,
                        "state_code": null
                    }
                ]
            },
            {
                "first_name": "Jianwei",
                "last_name": "Wang",
                "initials": "",
                "corresponding": true,
                "orcid": "",
                "current_organization_id": "",
                "researcher_id": "",
                "affiliations": [
                    {
                        "id": "grid.506261.6",
                        "name": "Chinese Academy of Medical Sciences & Peking Union Medical College",
                        "city": "Beijing",
                        "city_id": 1816670,
                        "country": "China",
                        "country_code": "CN",
                        "state": null,
                        "state_code": null
                    }
                ]
            },
            {
                "first_name": "Bin",
                "last_name": "Cao",
                "initials": "",
                "corresponding": true,
                "orcid": "",
                "current_organization_id": "grid.415954.8",
                "researcher_id": "ur.0641123655.02",
                "affiliations": [
                    {
                        "id": "grid.415954.8",
                        "name": "China-Japan Friendship Hospital",
                        "city": "Beijing",
                        "city_id": 1816670,
                        "country": "China",
                        "country_code": "CN",
                        "state": null,
                        "state_code": null
                    },
                    {
                        "id": "grid.506261.6",
                        "name": "Chinese Academy of Medical Sciences & Peking Union Medical College",
                        "city": "Beijing",
                        "city_id": 1816670,
                        "country": "China",
                        "country_code": "CN",
                        "state": null,
                        "state_code": null
                    },
                    {
                        "id": "grid.24696.3f",
                        "name": "Capital Medical University",
                        "city": "Beijing",
                        "city_id": 1816670,
                        "country": "China",
                        "country_code": "CN",
                        "state": null,
                        "state_code": null
                    },
                    {
                        "id": "grid.12527.33",
                        "name": "Tsinghua University",
                        "city": "Beijing",
                        "city_id": 1816670,
                        "country": "China",
                        "country_code": "CN",
                        "state": null,
                        "state_code": null
                    }
                ]
            }
        ]
    ],
    "altmetric": 10554.0,
    "FOR": [
        {
            "id": "3053",
            "name": "1103 Clinical Sciences"
        }
    ],
    "research_org_countries": [
        {
            "id": "CN",
            "name": "China"
        }
    ],
    "title": "Clinical features of patients infected with 2019 novel coronavirus in Wuhan, China",
    "research_org_cities": [
        {
            "id": 1816670,
            "name": "Beijing"
        },
        {
            "id": 1791247,
            "name": "Wuhan"
        }
    ],
    "pages": "497-506",
    "issue": "10223",
    "open_access": [
        "Open Access - all",
        "Open Access - publisher",
        "Open Access - published"
    ],
    "doi": "10.1016/s0140-6736(20)30183-5",
    "times_cited": 472,
    "journal": {
        "id": "jour.1077219",
        "title": "The Lancet"
    },
    "funders": [
        {
            "id": "grid.452958.7",
            "name": "Beijing Municipal Science & Technology Commision",
            "linkout": [
                "http://www.bjkw.gov.cn/n244495/"
            ],
            "country_name": "China",
            "types": [
                "Government"
            ],
            "latitude": 40.099957,
            "city_name": "Beijing",
            "longitude": 116.93141
        },
        {
            "id": "grid.424020.0",
            "name": "Ministry of Science and Technology of the People's Republic of China",
            "linkout": [
                "http://www.most.gov.cn/eng/"
            ],
            "country_name": "China",
            "types": [
                "Government"
            ],
            "latitude": 39.827835,
            "acronym": "MOST",
            "city_name": "Beijing",
            "longitude": 116.316284
        }
    ],
    "year": 2020,
    "research_orgs": [
        {
            "id": "grid.33199.31",
            "name": "Huazhong University of Science and Technology",
            "linkout": [
                "http://english.hust.edu.cn/"
            ],
            "country_name": "China",
            "types": [
                "Education"
            ],
            "latitude": 30.508183,
            "acronym": "HUST",
            "city_name": "Wuhan",
            "longitude": 114.41474
        },
        {
            "id": "grid.415954.8",
            "name": "China-Japan Friendship Hospital",
            "linkout": [
                "http://english.zryhyy.com.cn/"
            ],
            "country_name": "China",
            "types": [
                "Healthcare"
            ],
            "latitude": 39.974926,
            "acronym": "CJFH",
            "city_name": "Beijing",
            "longitude": 116.427
        },
        {
            "id": "grid.24696.3f",
            "name": "Capital Medical University",
            "linkout": [
                "http://www.ccmu.edu.cn/"
            ],
            "country_name": "China",
            "types": [
                "Education"
            ],
            "latitude": 39.865433,
            "acronym": "CUMS",
            "city_name": "Beijing",
            "longitude": 116.35284
        },
        {
            "id": "grid.412793.a",
            "name": "Tongji Hospital",
            "linkout": [
                "http://english.tjh.com.cn/"
            ],
            "country_name": "China",
            "types": [
                "Healthcare"
            ],
            "latitude": 30.57875,
            "city_name": "Wuhan",
            "longitude": 114.26176
        },
        {
            "id": "grid.413247.7",
            "name": "Zhongnan Hospital of Wuhan University",
            "linkout": [
                "http://www.znhospital.cn/"
            ],
            "country_name": "China",
            "types": [
                "Healthcare"
            ],
            "latitude": 30.554094,
            "city_name": "Wuhan",
            "longitude": 114.35368
        },
        {
            "id": "grid.12527.33",
            "name": "Tsinghua University",
            "linkout": [
                "http://www.tsinghua.edu.cn/publish/newthuen/"
            ],
            "country_name": "China",
            "types": [
                "Education"
            ],
            "latitude": 39.999584,
            "acronym": "THU",
            "state_name": "Beijing",
            "city_name": "Beijing",
            "longitude": 116.32542
        },
        {
            "id": "grid.411634.5",
            "name": "Peking University People's Hospital",
            "linkout": [
                "http://www.pkuph.cn/"
            ],
            "country_name": "China",
            "types": [
                "Healthcare"
            ],
            "latitude": 39.937653,
            "acronym": "PKUPH",
            "city_name": "Beijing",
            "longitude": 116.35476
        },
        {
            "id": "grid.411472.5",
            "name": "Peking University First Hospital",
            "linkout": [
                "http://www.bddyyy.com.cn/english.shtml"
            ],
            "country_name": "China",
            "types": [
                "Healthcare"
            ],
            "latitude": 39.932243,
            "city_name": "Beijing",
            "longitude": 116.3811
        },
        {
            "id": "grid.506261.6",
            "name": "Chinese Academy of Medical Sciences & Peking Union Medical College",
            "linkout": [
                "http://www.cams.ac.cn/"
            ],
            "country_name": "China",
            "types": [
                "Education"
            ],
            "latitude": 39.91149,
            "acronym": "CAMS&PUMC",
            "city_name": "Beijing",
            "longitude": 116.41479
        }
    ],
    "id": "pub.1124290823",
    "references": [
        "pub.1124012856",
        "pub.1017837695",
        "pub.1034803318",
        "pub.1019858959",
        "pub.1100722621",
        "pub.1019703731",
        "pub.1031053265",
        "pub.1110510319",
        "pub.1013905993",
        "pub.1007539541",
        "pub.1049744593",
        "pub.1100792682",
        "pub.1124005183",
        "pub.1032333958",
        "pub.1035680398",
        "pub.1015646315",
        "pub.1090391462",
        "pub.1043875870",
        "pub.1112362280",
        "pub.1004963828",
        "pub.1010127717",
        "pub.1092859028",
        "pub.1047128751",
        "pub.1033671149",
        "pub.1008632384",
        "pub.1108891595"
    ],
    "research_org_country_names": [
        "China"
    ],
    "date": "2020-02-01",
    "researchers": [
        {
            "id": "ur.01323674617.33",
            "research_orgs": [
                "grid.265219.b",
                "grid.415954.8",
                "grid.413106.1",
                "grid.12527.33"
            ],
            "last_name": "Gu",
            "first_name": "Xiaoying"
        },
        {
            "id": "ur.016017505455.78",
            "research_orgs": [
                "grid.413247.7"
            ],
            "last_name": "Cheng",
            "first_name": "Zhenshun"
        },
        {
            "id": "ur.01011230276.16",
            "research_orgs": [
                "grid.11135.37",
                "grid.411634.5"
            ],
            "last_name": "Gao",
            "first_name": "Zhan-Cheng"
        },
        {
            "id": "ur.0641123655.02",
            "research_orgs": [
                "grid.411607.5",
                "grid.24696.3f",
                "grid.415954.8",
                "grid.12527.33"
            ],
            "last_name": "Cao",
            "first_name": "Bin"
        }
    ],
    "type": "article",
    "volume": "395"
}