{
    "date": "2020-02-01",
    "title": "Perinatal Depression of Women Along with 2019 Novel Coronavirus Breakout in China",
    "research_org_cities": [
        {
            "id": 1793505,
            "name": "Taizhou"
        },
        {
            "id": 1788802,
            "name": "Xinjiang"
        },
        {
            "id": 1928421,
            "name": "Shanxi"
        },
        {
            "id": 1799397,
            "name": "Ningbo"
        },
        {
            "id": 1808926,
            "name": "Hangzhou"
        },
        {
            "id": 2078025,
            "name": "Adelaide"
        },
        {
            "id": 5368361,
            "name": "Los Angeles"
        },
        {
            "id": 1796236,
            "name": "Shanghai"
        },
        {
            "id": 4930956,
            "name": "Boston"
        },
        {
            "id": 1795855,
            "name": "Shaoxing"
        },
        {
            "id": 1784658,
            "name": "Zhengzhou"
        },
        {
            "id": 4684888,
            "name": "Dallas"
        },
        {
            "id": 1880252,
            "name": "Singapore"
        },
        {
            "id": 1816670,
            "name": "Beijing"
        }
    ],
    "research_org_countries": [
        {
            "id": "AU",
            "name": "Australia"
        },
        {
            "id": "SG",
            "name": "Singapore"
        },
        {
            "id": "US",
            "name": "United States"
        },
        {
            "id": "CN",
            "name": "China"
        }
    ],
    "doi": "10.2139/ssrn.3539359",
    "FOR": [
        {
            "id": "3177",
            "name": "1117 Public Health and Health Services"
        }
    ],
    "research_orgs": [
        {
            "id": "grid.16821.3c",
            "acronym": "SJTU",
            "state_name": "Shanghai",
            "types": [
                "Education"
            ],
            "longitude": 121.43278,
            "linkout": [
                "http://en.sjtu.edu.cn/"
            ],
            "latitude": 31.201267,
            "name": "Shanghai Jiao Tong University",
            "city_name": "Shanghai",
            "country_name": "China"
        },
        {
            "id": "grid.412719.8",
            "types": [
                "Healthcare"
            ],
            "longitude": 113.648,
            "linkout": [
                "http://www.zdsfy.net/"
            ],
            "latitude": 34.74297,
            "name": "Third Affiliated Hospital of Zhengzhou University",
            "city_name": "Zhengzhou",
            "country_name": "China"
        },
        {
            "id": "grid.506987.5",
            "types": [
                "Healthcare"
            ],
            "longitude": 84.88724,
            "linkout": [
                "http://www.xslmed.net/"
            ],
            "latitude": 45.583317,
            "name": "Karamay Central Hospital of Xinjiang",
            "city_name": "Xinjiang",
            "country_name": "China"
        },
        {
            "id": "grid.13402.34",
            "acronym": "ZJU",
            "state_name": "Zhejiang",
            "types": [
                "Education"
            ],
            "longitude": 120.12342,
            "linkout": [
                "http://www.zju.edu.cn/english/"
            ],
            "latitude": 30.263878,
            "name": "Zhejiang University",
            "city_name": "Hangzhou",
            "country_name": "China"
        }
    ],
    "times_cited": 0,
    "research_org_country_names": [
        "China",
        "Singapore",
        "Australia",
        "United States"
    ],
    "id": "pub.1125021141",
    "journal": {
        "id": "jour.1276748",
        "title": "SSRN Electronic Journal"
    },
    "year": 2020,
    "references": [
        "pub.1044872189",
        "pub.1106830239",
        "pub.1124286127",
        "pub.1031917023",
        "pub.1018672418",
        "pub.1072205646",
        "pub.1023204810",
        "pub.1064169277",
        "pub.1064173477",
        "pub.1003238658",
        "pub.1006808497",
        "pub.1040357595",
        "pub.1063500560",
        "pub.1085213664"
    ],
    "research_org_state_names": [
        "Texas",
        "South Australia",
        "California",
        "Massachusetts"
    ],
    "author_affiliations": [
        [
            {
                "first_name": "Yan-Ting",
                "last_name": "Wu",
                "initials": "",
                "corresponding": "",
                "orcid": "",
                "current_organization_id": "",
                "researcher_id": "",
                "affiliations": [
                    {
                        "id": "grid.16821.3c",
                        "name": "Shanghai Jiao Tong University",
                        "city": "Shanghai",
                        "city_id": 1796236,
                        "country": "China",
                        "country_code": "CN",
                        "state": null,
                        "state_code": null
                    }
                ]
            },
            {
                "first_name": "Chen",
                "last_name": "Zhang",
                "initials": "",
                "corresponding": "",
                "orcid": "",
                "current_organization_id": "",
                "researcher_id": "",
                "affiliations": [
                    {
                        "id": "grid.16821.3c",
                        "name": "Shanghai Jiao Tong University",
                        "city": "Shanghai",
                        "city_id": 1796236,
                        "country": "China",
                        "country_code": "CN",
                        "state": null,
                        "state_code": null
                    }
                ]
            },
            {
                "first_name": "Han",
                "last_name": "Liu",
                "initials": "",
                "corresponding": "",
                "orcid": "",
                "current_organization_id": "",
                "researcher_id": "",
                "affiliations": [
                    {
                        "id": "grid.16821.3c",
                        "name": "Shanghai Jiao Tong University",
                        "city": "Shanghai",
                        "city_id": 1796236,
                        "country": "China",
                        "country_code": "CN",
                        "state": null,
                        "state_code": null
                    }
                ]
            },
            {
                "first_name": "Chen-Chi",
                "last_name": "Duan",
                "initials": "",
                "corresponding": "",
                "orcid": "",
                "current_organization_id": "",
                "researcher_id": "",
                "affiliations": [
                    {
                        "name": "International Peace Maternity and Child Health Hospital"
                    }
                ]
            },
            {
                "first_name": "Cheng",
                "last_name": "Li",
                "initials": "",
                "corresponding": "",
                "orcid": "",
                "current_organization_id": "",
                "researcher_id": "",
                "affiliations": [
                    {
                        "id": "grid.16821.3c",
                        "name": "Shanghai Jiao Tong University",
                        "city": "Shanghai",
                        "city_id": 1796236,
                        "country": "China",
                        "country_code": "CN",
                        "state": null,
                        "state_code": null
                    }
                ]
            },
            {
                "first_name": "Jian-Xia",
                "last_name": "Fan",
                "initials": "",
                "corresponding": "",
                "orcid": "",
                "current_organization_id": "",
                "researcher_id": "",
                "affiliations": [
                    {
                        "id": "grid.16821.3c",
                        "name": "Shanghai Jiao Tong University",
                        "city": "Shanghai",
                        "city_id": 1796236,
                        "country": "China",
                        "country_code": "CN",
                        "state": null,
                        "state_code": null
                    }
                ]
            },
            {
                "first_name": "Hong",
                "last_name": "Li",
                "initials": "",
                "corresponding": "",
                "orcid": "",
                "current_organization_id": "",
                "researcher_id": "",
                "affiliations": [
                    {
                        "id": "grid.16821.3c",
                        "name": "Shanghai Jiao Tong University",
                        "city": "Shanghai",
                        "city_id": 1796236,
                        "country": "China",
                        "country_code": "CN",
                        "state": null,
                        "state_code": null
                    }
                ]
            },
            {
                "first_name": "Lei",
                "last_name": "Chen",
                "initials": "",
                "corresponding": "",
                "orcid": "",
                "current_organization_id": "",
                "researcher_id": "",
                "affiliations": [
                    {
                        "id": "grid.16821.3c",
                        "name": "Shanghai Jiao Tong University",
                        "city": "Shanghai",
                        "city_id": 1796236,
                        "country": "China",
                        "country_code": "CN",
                        "state": null,
                        "state_code": null
                    }
                ]
            },
            {
                "first_name": "Hua-Lin",
                "last_name": "Xu",
                "initials": "",
                "corresponding": "",
                "orcid": "",
                "current_organization_id": "",
                "researcher_id": "",
                "affiliations": [
                    {
                        "name": "Shaoxing Maternity & Child Health Hospital"
                    }
                ]
            },
            {
                "first_name": "Xiang-Juan",
                "last_name": "Li",
                "initials": "",
                "corresponding": "",
                "orcid": "",
                "current_organization_id": "",
                "researcher_id": "",
                "affiliations": [
                    {
                        "name": "Hangzhou Obstetrics and Gynecology Hospital"
                    }
                ]
            },
            {
                "first_name": "Yi",
                "last_name": "Guo",
                "initials": "",
                "corresponding": "",
                "orcid": "",
                "current_organization_id": "",
                "researcher_id": "",
                "affiliations": [
                    {
                        "name": "Dalian Maternity and Child Health Hospital"
                    }
                ]
            },
            {
                "first_name": "Ye-Ping",
                "last_name": "Wang",
                "initials": "",
                "corresponding": "",
                "orcid": "",
                "current_organization_id": "",
                "researcher_id": "",
                "affiliations": [
                    {
                        "name": "Government of the People's Republic of China - Wenzhou People's Hospital"
                    }
                ]
            },
            {
                "first_name": "Xiu-Feng",
                "last_name": "Li",
                "initials": "",
                "corresponding": "",
                "orcid": "",
                "current_organization_id": "",
                "researcher_id": "",
                "affiliations": [
                    {
                        "name": "Jiashan Maternity and Child Health Hospital"
                    }
                ]
            },
            {
                "first_name": "Jing",
                "last_name": "Li",
                "initials": "",
                "corresponding": "",
                "orcid": "",
                "current_organization_id": "",
                "researcher_id": "",
                "affiliations": [
                    {
                        "name": "Fuzhou Maternity and Child Health Hospital of Jiangxi Province"
                    }
                ]
            },
            {
                "first_name": "Ying",
                "last_name": "Wang",
                "initials": "",
                "corresponding": "",
                "orcid": "",
                "current_organization_id": "",
                "researcher_id": "",
                "affiliations": [
                    {
                        "name": "Maternity and Child Health Hospital of Songjiang District"
                    }
                ]
            },
            {
                "first_name": "Yi-Ping",
                "last_name": "You",
                "initials": "",
                "corresponding": "",
                "orcid": "",
                "current_organization_id": "",
                "researcher_id": "",
                "affiliations": [
                    {
                        "name": "Maternity and Child Health Hospital of Hunan Province"
                    }
                ]
            },
            {
                "first_name": "Hong-Mei",
                "last_name": "Li",
                "initials": "",
                "corresponding": "",
                "orcid": "",
                "current_organization_id": "",
                "researcher_id": "",
                "affiliations": [
                    {
                        "name": "Affiliated Hospital of Yanan University"
                    }
                ]
            },
            {
                "first_name": "Shuang-Qi",
                "last_name": "Yang",
                "initials": "",
                "corresponding": "",
                "orcid": "",
                "current_organization_id": "",
                "researcher_id": "",
                "affiliations": [
                    {
                        "name": "Enze Women\u2019s and Children\u2019s Hospital"
                    }
                ]
            },
            {
                "first_name": "Xiao-Ling",
                "last_name": "Tao",
                "initials": "",
                "corresponding": "",
                "orcid": "",
                "current_organization_id": "",
                "researcher_id": "",
                "affiliations": [
                    {
                        "name": "Taizhou Hospital of Zhejiang Province"
                    }
                ]
            },
            {
                "first_name": "Ya-Juan",
                "last_name": "Xu",
                "initials": "",
                "corresponding": "",
                "orcid": "",
                "current_organization_id": "",
                "researcher_id": "",
                "affiliations": [
                    {
                        "id": "grid.412719.8",
                        "name": "Third Affiliated Hospital of Zhengzhou University",
                        "city": "Zhengzhou",
                        "city_id": 1784658,
                        "country": "China",
                        "country_code": "CN",
                        "state": null,
                        "state_code": null
                    }
                ]
            },
            {
                "first_name": "Hai-Hong",
                "last_name": "Lao",
                "initials": "",
                "corresponding": "",
                "orcid": "",
                "current_organization_id": "",
                "researcher_id": "",
                "affiliations": [
                    {
                        "name": "Hainan Women and Children's Medical Center"
                    }
                ]
            },
            {
                "first_name": "Ming",
                "last_name": "Wen",
                "initials": "",
                "corresponding": "",
                "orcid": "",
                "current_organization_id": "",
                "researcher_id": "",
                "affiliations": [
                    {
                        "name": "First People\u2018s Hospital of Wuhu"
                    }
                ]
            },
            {
                "first_name": "Yan",
                "last_name": "Zhou",
                "initials": "",
                "corresponding": "",
                "orcid": "",
                "current_organization_id": "",
                "researcher_id": "",
                "affiliations": [
                    {
                        "name": "People's Hospital of Changshan"
                    }
                ]
            },
            {
                "first_name": "Jun-Ying",
                "last_name": "Wang",
                "initials": "",
                "corresponding": "",
                "orcid": "",
                "current_organization_id": "",
                "researcher_id": "",
                "affiliations": [
                    {
                        "name": "Shengzhou Maternity and Child Health Hospital"
                    }
                ]
            },
            {
                "first_name": "Yu-Hua",
                "last_name": "Chen",
                "initials": "",
                "corresponding": "",
                "orcid": "",
                "current_organization_id": "",
                "researcher_id": "",
                "affiliations": [
                    {
                        "name": "Wenchang Maternity and Child Health Hospital"
                    }
                ]
            },
            {
                "first_name": "Di-Yun",
                "last_name": "Meng",
                "initials": "",
                "corresponding": "",
                "orcid": "",
                "current_organization_id": "",
                "researcher_id": "",
                "affiliations": [
                    {
                        "name": "Huzhou Maternity and Child Health Hospital"
                    }
                ]
            },
            {
                "first_name": "Jing-Li",
                "last_name": "Zhai",
                "initials": "",
                "corresponding": "",
                "orcid": "",
                "current_organization_id": "",
                "researcher_id": "",
                "affiliations": [
                    {
                        "id": "grid.506987.5",
                        "name": "Karamay Central Hospital of Xinjiang",
                        "city": "Xinjiang",
                        "city_id": 1788802,
                        "country": "China",
                        "country_code": "CN",
                        "state": null,
                        "state_code": null
                    }
                ]
            },
            {
                "first_name": "You-Chun",
                "last_name": "Ye",
                "initials": "",
                "corresponding": "",
                "orcid": "",
                "current_organization_id": "",
                "researcher_id": "",
                "affiliations": [
                    {
                        "name": "People\u2019s Hospital of Yinzhou District"
                    }
                ]
            },
            {
                "first_name": "Qin-Wen",
                "last_name": "Zhong",
                "initials": "",
                "corresponding": "",
                "orcid": "",
                "current_organization_id": "",
                "researcher_id": "",
                "affiliations": [
                    {
                        "name": "Fuyang Maternity and Child Health Hospital"
                    }
                ]
            },
            {
                "first_name": "Xiu-Ping",
                "last_name": "Yang",
                "initials": "",
                "corresponding": "",
                "orcid": "",
                "current_organization_id": "",
                "researcher_id": "",
                "affiliations": [
                    {
                        "name": "Enze Women\u2019s and Children\u2019s Hospital"
                    }
                ]
            },
            {
                "first_name": "Dan",
                "last_name": "Zhang",
                "initials": "",
                "corresponding": "",
                "orcid": "",
                "current_organization_id": "",
                "researcher_id": "",
                "affiliations": [
                    {
                        "id": "grid.13402.34",
                        "name": "Zhejiang University",
                        "city": "Hangzhou",
                        "city_id": 1808926,
                        "country": "China",
                        "country_code": "CN",
                        "state": null,
                        "state_code": null
                    }
                ]
            },
            {
                "first_name": "Jing",
                "last_name": "Zhang",
                "initials": "",
                "corresponding": "",
                "orcid": "",
                "current_organization_id": "",
                "researcher_id": "",
                "affiliations": [
                    {
                        "name": "Ningbo Affiliated Hospital of Ningbo University School of Medicine"
                    }
                ]
            },
            {
                "first_name": "Xifeng",
                "last_name": "Wu",
                "initials": "",
                "corresponding": "",
                "orcid": "",
                "current_organization_id": "",
                "researcher_id": "",
                "affiliations": [
                    {
                        "id": "grid.13402.34",
                        "name": "Zhejiang University",
                        "city": "Hangzhou",
                        "city_id": 1808926,
                        "country": "China",
                        "country_code": "CN",
                        "state": null,
                        "state_code": null
                    }
                ]
            },
            {
                "first_name": "Wei",
                "last_name": "Chen",
                "initials": "",
                "corresponding": "",
                "orcid": "",
                "current_organization_id": "",
                "researcher_id": "",
                "affiliations": [
                    {
                        "id": "grid.13402.34",
                        "name": "Zhejiang University",
                        "city": "Hangzhou",
                        "city_id": 1808926,
                        "country": "China",
                        "country_code": "CN",
                        "state": null,
                        "state_code": null
                    }
                ]
            },
            {
                "first_name": "He-Feng",
                "last_name": "Huang",
                "initials": "",
                "corresponding": "",
                "orcid": "",
                "current_organization_id": "",
                "researcher_id": "",
                "affiliations": [
                    {
                        "name": "Zhejiang University - Key Laboratory of Reproductive Genetics (Ministry of Education); Shanghai Jiao Tong University (SJTU) - International Peace Maternity and Child Health Hospital; Shanghai Key Laboratory of Embryo Original Diseases; Shanghai Jiao Tong University (SJTU) - Institute of Embryo-Fetal Original Adult Disease; Zhejiang University - Key Laboratory of Reproductive Genetics (Ministry of Education)"
                    }
                ]
            }
        ]
    ],
    "type": "preprint"
}