{
    "pmid": "32112887",
    "author_affiliations": [
        [
            {
                "first_name": "Xinmiao",
                "last_name": "Fu",
                "initials": "",
                "corresponding": true,
                "orcid": "['0000-0003-3361-6904']",
                "current_organization_id": "grid.411503.2",
                "researcher_id": "ur.01342113232.90",
                "affiliations": [
                    {
                        "id": "grid.411503.2",
                        "name": "Fujian Normal University",
                        "city": "Fuzhou",
                        "city_id": 1810821,
                        "country": "China",
                        "country_code": "CN",
                        "state": null,
                        "state_code": null
                    }
                ]
            },
            {
                "first_name": "Qi",
                "last_name": "Ying",
                "initials": "",
                "corresponding": "",
                "orcid": "",
                "current_organization_id": "",
                "researcher_id": "",
                "affiliations": [
                    {
                        "id": "grid.264756.4",
                        "name": "Texas A&M University",
                        "city": "College Station",
                        "city_id": 4682464,
                        "country": "United States",
                        "country_code": "US",
                        "state": "Texas",
                        "state_code": "US-TX"
                    }
                ]
            },
            {
                "first_name": "Tieyong",
                "last_name": "Zeng",
                "initials": "",
                "corresponding": "",
                "orcid": "['0000-0002-0688-202X']",
                "current_organization_id": "grid.10784.3a",
                "researcher_id": "ur.01175212306.38",
                "affiliations": [
                    {
                        "id": "grid.10784.3a",
                        "name": "Chinese University of Hong Kong",
                        "city": "Shatin",
                        "city_id": 1818920,
                        "country": "China",
                        "country_code": "CN",
                        "state": null,
                        "state_code": null
                    }
                ]
            },
            {
                "first_name": "Tao",
                "last_name": "Long",
                "initials": "",
                "corresponding": "",
                "orcid": "",
                "current_organization_id": "grid.464374.6",
                "researcher_id": "ur.01175206562.44",
                "affiliations": [
                    {
                        "id": "grid.464374.6",
                        "name": "Nanjing Institute of Environmental Sciences",
                        "city": "Nanjing",
                        "city_id": 1799962,
                        "country": "China",
                        "country_code": "CN",
                        "state": null,
                        "state_code": null
                    }
                ]
            },
            {
                "first_name": "Yan",
                "last_name": "Wang",
                "initials": "",
                "corresponding": "",
                "orcid": "",
                "current_organization_id": "",
                "researcher_id": "",
                "affiliations": [
                    {
                        "id": "grid.411503.2",
                        "name": "Fujian Normal University",
                        "city": "Fuzhou",
                        "city_id": 1810821,
                        "country": "China",
                        "country_code": "CN",
                        "state": null,
                        "state_code": null
                    }
                ]
            }
        ]
    ],
    "altmetric": 1.0,
    "research_org_countries": [
        {
            "id": "CN",
            "name": "China"
        },
        {
            "id": "US",
            "name": "United States"
        }
    ],
    "title": "Simulating and Forecasting the Cumulative Confirmed Cases of SARS-CoV-2 in China by Boltzmann Function-based Regression Analyses",
    "research_org_cities": [
        {
            "id": 4682464,
            "name": "College Station"
        },
        {
            "id": 1818920,
            "name": "Sha Tin"
        },
        {
            "id": 1799962,
            "name": "Nanjing"
        },
        {
            "id": 1810821,
            "name": "Fuzhou"
        }
    ],
    "research_org_state_names": [
        "Texas"
    ],
    "open_access": [
        "Open Access - all",
        "Open Access - repository",
        "Open Access - submitted"
    ],
    "doi": "10.1016/j.jinf.2020.02.019",
    "times_cited": 1,
    "journal": {
        "id": "jour.1090128",
        "title": "Journal of Infection"
    },
    "funders": [
        {
            "id": "grid.419696.5",
            "name": "National Natural Science Foundation of China",
            "linkout": [
                "http://www.nsfc.gov.cn/publish/portal1/"
            ],
            "country_name": "China",
            "types": [
                "Government"
            ],
            "latitude": 40.005177,
            "acronym": "NSFC",
            "city_name": "Beijing",
            "longitude": 116.33983
        }
    ],
    "year": 2020,
    "research_orgs": [
        {
            "id": "grid.264756.4",
            "name": "Texas A&M University",
            "linkout": [
                "https://www.tamu.edu/"
            ],
            "country_name": "United States",
            "types": [
                "Education"
            ],
            "latitude": 30.610369,
            "acronym": "TAMU",
            "state_name": "Texas",
            "city_name": "College Station",
            "longitude": -96.344055
        },
        {
            "id": "grid.411503.2",
            "name": "Fujian Normal University",
            "linkout": [
                "http://www.fjnu.edu.cn/"
            ],
            "country_name": "China",
            "types": [
                "Education"
            ],
            "latitude": 26.037128,
            "acronym": "FNU",
            "city_name": "Fuzhou",
            "longitude": 119.3108
        },
        {
            "id": "grid.464374.6",
            "name": "Nanjing Institute of Environmental Sciences",
            "linkout": [
                "http://english.nies.org/"
            ],
            "country_name": "China",
            "types": [
                "Facility"
            ],
            "latitude": 32.07941,
            "city_name": "Nanjing",
            "longitude": 118.82942
        },
        {
            "id": "grid.10784.3a",
            "name": "Chinese University of Hong Kong",
            "linkout": [
                "http://www.cuhk.edu.hk/english/index.html"
            ],
            "country_name": "China",
            "types": [
                "Education"
            ],
            "latitude": 22.419722,
            "acronym": "CUHK",
            "state_name": "Hong Kong",
            "city_name": "Shatin",
            "longitude": 114.206795
        }
    ],
    "id": "pub.1125114419",
    "references": [
        "pub.1124460938",
        "pub.1124815282",
        "pub.1124650561",
        "pub.1124346642",
        "pub.1124849068",
        "pub.1124428749",
        "pub.1124545162",
        "pub.1124545567",
        "pub.1124298293"
    ],
    "research_org_country_names": [
        "China",
        "United States"
    ],
    "date": "2020-02-01",
    "research_org_state_codes": [
        {
            "id": "US-TX",
            "name": "Texas"
        }
    ],
    "researchers": [
        {
            "id": "ur.01342113232.90",
            "research_orgs": [
                "grid.266097.c",
                "grid.12527.33",
                "grid.11135.37",
                "grid.412016.0",
                "grid.411503.2"
            ],
            "last_name": "Fu",
            "first_name": "Xin-Miao",
            "orcid_id": [
                "0000-0003-3361-6904"
            ]
        },
        {
            "id": "ur.01175212306.38",
            "research_orgs": [
                "grid.221309.b",
                "grid.11318.3a",
                "grid.462850.d",
                "grid.411427.5",
                "grid.10784.3a",
                "grid.39436.3b",
                "grid.11135.37"
            ],
            "last_name": "Zeng",
            "first_name": "Tie-Yong",
            "orcid_id": [
                "0000-0002-0688-202X"
            ]
        },
        {
            "id": "ur.01175206562.44",
            "research_orgs": [
                "grid.464374.6"
            ],
            "last_name": "Long",
            "first_name": "Tao"
        }
    ],
    "type": "article"
}