{
    "pmid": "32061312",
    "author_affiliations": [
        [
            {
                "first_name": "William Kyle",
                "last_name": "Silverstein",
                "initials": "",
                "corresponding": "",
                "orcid": "",
                "current_organization_id": "grid.17063.33",
                "researcher_id": "ur.01116033101.79",
                "affiliations": [
                    {
                        "id": "grid.17063.33",
                        "name": "University of Toronto",
                        "city": "Toronto",
                        "city_id": 6167865,
                        "country": "Canada",
                        "country_code": "CA",
                        "state": "Ontario",
                        "state_code": "CA-ON"
                    }
                ]
            },
            {
                "first_name": "Lynfa",
                "last_name": "Stroud",
                "initials": "",
                "corresponding": "",
                "orcid": "",
                "current_organization_id": "grid.17063.33",
                "researcher_id": "ur.0664731016.34",
                "affiliations": [
                    {
                        "id": "grid.17063.33",
                        "name": "University of Toronto",
                        "city": "Toronto",
                        "city_id": 6167865,
                        "country": "Canada",
                        "country_code": "CA",
                        "state": "Ontario",
                        "state_code": "CA-ON"
                    },
                    {
                        "id": "grid.413104.3",
                        "name": "Sunnybrook Health Science Centre",
                        "city": "Toronto",
                        "city_id": 6167865,
                        "country": "Canada",
                        "country_code": "CA",
                        "state": "Ontario",
                        "state_code": "CA-ON"
                    }
                ]
            },
            {
                "first_name": "Graham Edward",
                "last_name": "Cleghorn",
                "initials": "",
                "corresponding": "",
                "orcid": "",
                "current_organization_id": "",
                "researcher_id": "",
                "affiliations": [
                    {
                        "id": "grid.17063.33",
                        "name": "University of Toronto",
                        "city": "Toronto",
                        "city_id": 6167865,
                        "country": "Canada",
                        "country_code": "CA",
                        "state": "Ontario",
                        "state_code": "CA-ON"
                    },
                    {
                        "id": "grid.413104.3",
                        "name": "Sunnybrook Health Science Centre",
                        "city": "Toronto",
                        "city_id": 6167865,
                        "country": "Canada",
                        "country_code": "CA",
                        "state": "Ontario",
                        "state_code": "CA-ON"
                    }
                ]
            },
            {
                "first_name": "Jerome Allen",
                "last_name": "Leis",
                "initials": "",
                "corresponding": true,
                "orcid": "",
                "current_organization_id": "grid.17063.33",
                "researcher_id": "ur.0611013111.69",
                "affiliations": [
                    {
                        "id": "grid.17063.33",
                        "name": "University of Toronto",
                        "city": "Toronto",
                        "city_id": 6167865,
                        "country": "Canada",
                        "country_code": "CA",
                        "state": "Ontario",
                        "state_code": "CA-ON"
                    },
                    {
                        "id": "grid.413104.3",
                        "name": "Sunnybrook Health Science Centre",
                        "city": "Toronto",
                        "city_id": 6167865,
                        "country": "Canada",
                        "country_code": "CA",
                        "state": "Ontario",
                        "state_code": "CA-ON"
                    },
                    {
                        "id": "grid.413104.3",
                        "name": "Sunnybrook Health Science Centre",
                        "city": "Toronto",
                        "city_id": 6167865,
                        "country": "Canada",
                        "country_code": "CA",
                        "state": "Ontario",
                        "state_code": "CA-ON"
                    }
                ]
            }
        ]
    ],
    "altmetric": 124.0,
    "research_org_countries": [
        {
            "id": "CA",
            "name": "Canada"
        }
    ],
    "title": "First imported case of 2019 novel coronavirus in Canada, presenting as mild pneumonia",
    "research_org_cities": [
        {
            "id": 6167865,
            "name": "Toronto"
        }
    ],
    "pages": "734",
    "issue": "10225",
    "research_org_state_names": [
        "Ontario"
    ],
    "open_access": [
        "Open Access - all",
        "Open Access - publisher",
        "Open Access - published"
    ],
    "doi": "10.1016/s0140-6736(20)30370-6",
    "times_cited": 4,
    "journal": {
        "id": "jour.1077219",
        "title": "The Lancet"
    },
    "research_orgs": [
        {
            "id": "grid.17063.33",
            "name": "University of Toronto",
            "linkout": [
                "http://www.utoronto.ca/"
            ],
            "country_name": "Canada",
            "types": [
                "Education"
            ],
            "latitude": 43.661667,
            "state_name": "Ontario",
            "city_name": "Toronto",
            "longitude": -79.395
        },
        {
            "id": "grid.413104.3",
            "name": "Sunnybrook Health Science Centre",
            "linkout": [
                "http://sunnybrook.ca/"
            ],
            "country_name": "Canada",
            "types": [
                "Healthcare"
            ],
            "latitude": 43.72144,
            "acronym": "SHSC ",
            "state_name": "Ontario",
            "city_name": "Toronto",
            "longitude": -79.375885
        }
    ],
    "year": 2020,
    "id": "pub.1124863207",
    "research_org_country_names": [
        "Canada"
    ],
    "date": "2020-02-01",
    "research_org_state_codes": [
        {
            "id": "CA-ON",
            "name": "Ontario"
        }
    ],
    "researchers": [
        {
            "id": "ur.01116033101.79",
            "research_orgs": [
                "grid.17063.33",
                "grid.155956.b"
            ],
            "last_name": "Silverstein",
            "first_name": "William Kyle"
        },
        {
            "id": "ur.0664731016.34",
            "research_orgs": [
                "grid.413104.3",
                "grid.17063.33"
            ],
            "last_name": "Stroud",
            "first_name": "Lynfa F"
        },
        {
            "id": "ur.0611013111.69",
            "research_orgs": [
                "grid.231844.8",
                "grid.17063.33",
                "grid.413104.3"
            ],
            "last_name": "Leis",
            "first_name": "Jerome Allen"
        }
    ],
    "type": "article",
    "volume": "395"
}