{
    "date": "2020-03-01",
    "title": "Vicarious traumatization in the general public, members, and non-members of medical teams aiding in COVID-19 control",
    "researchers": [
        {
            "id": "ur.010101403715.64",
            "last_name": "Li",
            "first_name": "Zhenyu",
            "research_orgs": [
                "grid.412676.0"
            ]
        },
        {
            "id": "ur.012271725315.09",
            "last_name": "Ge",
            "first_name": "Jingwu",
            "research_orgs": [
                "grid.412676.0"
            ]
        },
        {
            "id": "ur.014462246715.85",
            "last_name": "Yang",
            "first_name": "Meiling",
            "research_orgs": [
                "grid.412676.0"
            ]
        },
        {
            "id": "ur.016652570315.09",
            "last_name": "Feng",
            "first_name": "Jianping",
            "research_orgs": [
                "grid.412676.0"
            ]
        },
        {
            "id": "ur.010750740615.01",
            "last_name": "Qiao",
            "first_name": "Mei",
            "research_orgs": [
                "grid.412676.0"
            ]
        },
        {
            "id": "ur.01236255657.08",
            "last_name": "Jiang",
            "first_name": "Ri-Yue",
            "research_orgs": [
                "grid.452253.7",
                "grid.412632.0"
            ]
        },
        {
            "id": "ur.01350323715.20",
            "last_name": "Bi",
            "first_name": "Jiang-Jiang",
            "research_orgs": [
                "grid.17088.36",
                "grid.27755.32"
            ]
        },
        {
            "id": "ur.010221473415.98",
            "last_name": "Zhan",
            "first_name": "Gaofeng"
        },
        {
            "id": "ur.012412015015.59",
            "last_name": "Xu",
            "first_name": "Xiaolin"
        },
        {
            "id": "ur.014602336415.20",
            "last_name": "Wang",
            "first_name": "Long",
            "research_orgs": [
                "grid.412632.0"
            ]
        },
        {
            "id": "ur.07472226215.72",
            "last_name": "Zhou",
            "first_name": "Qin",
            "research_orgs": [
                "grid.412632.0"
            ]
        },
        {
            "id": "ur.011501106033.01",
            "last_name": "Zhou",
            "first_name": "Chenliang",
            "research_orgs": [
                "grid.412632.0"
            ]
        },
        {
            "id": "ur.015007045271.96",
            "last_name": "Pan",
            "first_name": "Yin Bing",
            "research_orgs": [
                "grid.89957.3a",
                "grid.412676.0"
            ]
        },
        {
            "id": "ur.010316132673.25",
            "last_name": "Liu",
            "first_name": "Shijiang",
            "orcid_id": [
                "0000-0002-6957-7137"
            ],
            "research_orgs": [
                "grid.412676.0"
            ]
        },
        {
            "id": "ur.011133302415.02",
            "last_name": "Zhang",
            "first_name": "Haiwei",
            "research_orgs": [
                "grid.412676.0"
            ]
        },
        {
            "id": "ur.014747316557.66",
            "last_name": "Yang",
            "first_name": "Jianjun",
            "orcid_id": [
                "0000-0001-6785-9627"
            ],
            "research_orgs": [
                "grid.440259.e",
                "grid.412633.1",
                "grid.89957.3a",
                "grid.263826.b"
            ]
        },
        {
            "id": "ur.01320031072.90",
            "last_name": "Zhu",
            "first_name": "Bin",
            "research_orgs": [
                "grid.452253.7"
            ]
        },
        {
            "id": "ur.015224244561.23",
            "last_name": "Hu",
            "first_name": "Yimin",
            "research_orgs": [
                "grid.89957.3a",
                "grid.452511.6"
            ]
        },
        {
            "id": "ur.014305763752.05",
            "last_name": "Hashimoto",
            "first_name": "Kenji",
            "orcid_id": [
                "0000-0002-8892-0439"
            ],
            "research_orgs": [
                "grid.411951.9",
                "grid.505613.4",
                "grid.265073.5",
                "grid.411589.0",
                "grid.21107.35",
                "grid.419638.1",
                "grid.419836.1",
                "grid.136304.3",
                "grid.136593.b",
                "grid.416859.7",
                "grid.419082.6",
                "grid.419280.6",
                "grid.177174.3",
                "grid.452438.c",
                "grid.420090.f",
                "grid.411500.1",
                "grid.418306.8"
            ]
        },
        {
            "id": "ur.014764700215.73",
            "last_name": "Jia",
            "first_name": "Yan",
            "research_orgs": [
                "grid.412676.0"
            ]
        },
        {
            "id": "ur.012045111415.06",
            "last_name": "Wang",
            "first_name": "Rong",
            "research_orgs": [
                "grid.412676.0"
            ]
        },
        {
            "id": "ur.014235433015.85",
            "last_name": "Liu",
            "first_name": "Cunming",
            "research_orgs": [
                "grid.412676.0"
            ]
        },
        {
            "id": "ur.01276447454.22",
            "last_name": "Yang",
            "first_name": "Chun",
            "orcid_id": [
                "0000-0003-1540-4385"
            ],
            "research_orgs": [
                "grid.452253.7",
                "grid.411500.1",
                "grid.412676.0"
            ]
        }
    ],
    "altmetric": 3.0,
    "research_org_cities": [
        {
            "id": 1886760,
            "name": "Suzhou"
        },
        {
            "id": 1791247,
            "name": "Wuhan"
        },
        {
            "id": 1784658,
            "name": "Zhengzhou"
        },
        {
            "id": 2113015,
            "name": "Chiba"
        },
        {
            "id": 1799962,
            "name": "Nanjing"
        }
    ],
    "open_access": [
        "Open Access - all",
        "Open Access - repository",
        "Open Access - submitted"
    ],
    "research_org_countries": [
        {
            "id": "JP",
            "name": "Japan"
        },
        {
            "id": "CN",
            "name": "China"
        }
    ],
    "doi": "10.1016/j.bbi.2020.03.007",
    "FOR": [
        {
            "id": "3177",
            "name": "1117 Public Health and Health Services"
        }
    ],
    "research_orgs": [
        {
            "id": "grid.412633.1",
            "types": [
                "Healthcare"
            ],
            "longitude": 113.644775,
            "linkout": [
                "http://fcc.zzu.edu.cn/"
            ],
            "latitude": 34.752934,
            "name": "First Affiliated Hospital of Zhengzhou University",
            "city_name": "Zhengzhou",
            "country_name": "China"
        },
        {
            "id": "grid.412676.0",
            "types": [
                "Healthcare"
            ],
            "longitude": 118.76722,
            "linkout": [
                "http://www.jsph.net/"
            ],
            "latitude": 32.04915,
            "name": "Jiangsu Province Hospital",
            "city_name": "Nanjing",
            "country_name": "China"
        },
        {
            "id": "grid.89957.3a",
            "acronym": "NMU",
            "types": [
                "Education"
            ],
            "longitude": 118.774765,
            "linkout": [
                "http://www.njmu.edu.cn/"
            ],
            "latitude": 32.043846,
            "name": "Nanjing Medical University",
            "city_name": "Nanjing",
            "country_name": "China"
        },
        {
            "id": "grid.452253.7",
            "types": [
                "Healthcare"
            ],
            "longitude": 120.63938,
            "linkout": [
                "http://www.sdfey.cn/"
            ],
            "latitude": 31.30945,
            "name": "Children's Hospital of Suzhou University",
            "city_name": "Suzhou",
            "country_name": "China"
        },
        {
            "id": "grid.411500.1",
            "acronym": "CFMH",
            "types": [
                "Healthcare"
            ],
            "longitude": 140.1086,
            "linkout": [
                "http://www.m.chiba-u.ac.jp/class/shakai/en/"
            ],
            "latitude": 35.621593,
            "name": "Center for Forensic Mental Health, Chiba University",
            "city_name": "Chiba",
            "country_name": "Japan"
        },
        {
            "id": "grid.412632.0",
            "acronym": "RHWU",
            "types": [
                "Healthcare"
            ],
            "longitude": 114.29828,
            "linkout": [
                "http://www.rmhospital.com/"
            ],
            "latitude": 30.536203,
            "name": "Renmin Hospital of Wuhan University",
            "city_name": "Wuhan",
            "country_name": "China"
        }
    ],
    "times_cited": 0,
    "pmid": "32169498",
    "funders": [
        {
            "id": "grid.419696.5",
            "acronym": "NSFC",
            "types": [
                "Government"
            ],
            "longitude": 116.33983,
            "linkout": [
                "http://www.nsfc.gov.cn/publish/portal1/"
            ],
            "latitude": 40.005177,
            "name": "National Natural Science Foundation of China",
            "city_name": "Beijing",
            "country_name": "China"
        }
    ],
    "research_org_country_names": [
        "Japan",
        "China"
    ],
    "id": "pub.1125501262",
    "journal": {
        "id": "jour.1097694",
        "title": "Brain Behavior and Immunity"
    },
    "year": 2020,
    "references": [
        "pub.1077333912",
        "pub.1010045945",
        "pub.1029609813",
        "pub.1001391394",
        "pub.1107128171",
        "pub.1040574723",
        "pub.1013399842",
        "pub.1103635123",
        "pub.1078728062",
        "pub.1000230023",
        "pub.1092004220",
        "pub.1078948938",
        "pub.1050554691"
    ],
    "author_affiliations": [
        [
            {
                "first_name": "Zhenyu",
                "last_name": "Li",
                "initials": "",
                "corresponding": "",
                "orcid": "",
                "current_organization_id": "",
                "researcher_id": "ur.010101403715.64",
                "affiliations": [
                    {
                        "id": "grid.412676.0",
                        "name": "Jiangsu Province Hospital",
                        "city": "Nanjing",
                        "city_id": 1799962,
                        "country": "China",
                        "country_code": "CN",
                        "state": null,
                        "state_code": null
                    }
                ]
            },
            {
                "first_name": "Jingwu",
                "last_name": "Ge",
                "initials": "",
                "corresponding": "",
                "orcid": "",
                "current_organization_id": "",
                "researcher_id": "ur.012271725315.09",
                "affiliations": [
                    {
                        "id": "grid.412676.0",
                        "name": "Jiangsu Province Hospital",
                        "city": "Nanjing",
                        "city_id": 1799962,
                        "country": "China",
                        "country_code": "CN",
                        "state": null,
                        "state_code": null
                    }
                ]
            },
            {
                "first_name": "Meiling",
                "last_name": "Yang",
                "initials": "",
                "corresponding": "",
                "orcid": "",
                "current_organization_id": "",
                "researcher_id": "ur.014462246715.85",
                "affiliations": [
                    {
                        "id": "grid.412676.0",
                        "name": "Jiangsu Province Hospital",
                        "city": "Nanjing",
                        "city_id": 1799962,
                        "country": "China",
                        "country_code": "CN",
                        "state": null,
                        "state_code": null
                    }
                ]
            },
            {
                "first_name": "Jianping",
                "last_name": "Feng",
                "initials": "",
                "corresponding": "",
                "orcid": "",
                "current_organization_id": "",
                "researcher_id": "ur.016652570315.09",
                "affiliations": [
                    {
                        "id": "grid.412676.0",
                        "name": "Jiangsu Province Hospital",
                        "city": "Nanjing",
                        "city_id": 1799962,
                        "country": "China",
                        "country_code": "CN",
                        "state": null,
                        "state_code": null
                    }
                ]
            },
            {
                "first_name": "Mei",
                "last_name": "Qiao",
                "initials": "",
                "corresponding": "",
                "orcid": "",
                "current_organization_id": "",
                "researcher_id": "ur.010750740615.01",
                "affiliations": [
                    {
                        "id": "grid.412676.0",
                        "name": "Jiangsu Province Hospital",
                        "city": "Nanjing",
                        "city_id": 1799962,
                        "country": "China",
                        "country_code": "CN",
                        "state": null,
                        "state_code": null
                    }
                ]
            },
            {
                "first_name": "Riyue",
                "last_name": "Jiang",
                "initials": "",
                "corresponding": "",
                "orcid": "",
                "current_organization_id": "grid.452253.7",
                "researcher_id": "ur.01236255657.08",
                "affiliations": [
                    {
                        "id": "grid.412632.0",
                        "name": "Renmin Hospital of Wuhan University",
                        "city": "Wuhan",
                        "city_id": 1791247,
                        "country": "China",
                        "country_code": "CN",
                        "state": null,
                        "state_code": null
                    }
                ]
            },
            {
                "first_name": "Jiangjiang",
                "last_name": "Bi",
                "initials": "",
                "corresponding": "",
                "orcid": "",
                "current_organization_id": "grid.27755.32",
                "researcher_id": "ur.01350323715.20",
                "affiliations": [
                    {
                        "name": "Department of Anesthesiology, Tongji Hospital, Tongji Medical College, Wuhan 430030, China"
                    }
                ]
            },
            {
                "first_name": "Gaofeng",
                "last_name": "Zhan",
                "initials": "",
                "corresponding": "",
                "orcid": "",
                "current_organization_id": "",
                "researcher_id": "ur.010221473415.98",
                "affiliations": [
                    {
                        "name": "Department of Anesthesiology, Tongji Hospital, Tongji Medical College, Wuhan 430030, China"
                    }
                ]
            },
            {
                "first_name": "Xiaolin",
                "last_name": "Xu",
                "initials": "",
                "corresponding": "",
                "orcid": "",
                "current_organization_id": "",
                "researcher_id": "ur.012412015015.59",
                "affiliations": [
                    {
                        "name": "Department of Anesthesiology, Tongji Hospital, Tongji Medical College, Wuhan 430030, China"
                    }
                ]
            },
            {
                "first_name": "Long",
                "last_name": "Wang",
                "initials": "",
                "corresponding": "",
                "orcid": "",
                "current_organization_id": "",
                "researcher_id": "ur.014602336415.20",
                "affiliations": [
                    {
                        "id": "grid.412632.0",
                        "name": "Renmin Hospital of Wuhan University",
                        "city": "Wuhan",
                        "city_id": 1791247,
                        "country": "China",
                        "country_code": "CN",
                        "state": null,
                        "state_code": null
                    }
                ]
            },
            {
                "first_name": "Qin",
                "last_name": "Zhou",
                "initials": "",
                "corresponding": "",
                "orcid": "",
                "current_organization_id": "",
                "researcher_id": "ur.07472226215.72",
                "affiliations": [
                    {
                        "id": "grid.412632.0",
                        "name": "Renmin Hospital of Wuhan University",
                        "city": "Wuhan",
                        "city_id": 1791247,
                        "country": "China",
                        "country_code": "CN",
                        "state": null,
                        "state_code": null
                    }
                ]
            },
            {
                "first_name": "Chenliang",
                "last_name": "Zhou",
                "initials": "",
                "corresponding": "",
                "orcid": "",
                "current_organization_id": "grid.412632.0",
                "researcher_id": "ur.011501106033.01",
                "affiliations": [
                    {
                        "id": "grid.412632.0",
                        "name": "Renmin Hospital of Wuhan University",
                        "city": "Wuhan",
                        "city_id": 1791247,
                        "country": "China",
                        "country_code": "CN",
                        "state": null,
                        "state_code": null
                    }
                ]
            },
            {
                "first_name": "Yinbing",
                "last_name": "Pan",
                "initials": "",
                "corresponding": "",
                "orcid": "",
                "current_organization_id": "grid.412676.0",
                "researcher_id": "ur.015007045271.96",
                "affiliations": [
                    {
                        "id": "grid.412676.0",
                        "name": "Jiangsu Province Hospital",
                        "city": "Nanjing",
                        "city_id": 1799962,
                        "country": "China",
                        "country_code": "CN",
                        "state": null,
                        "state_code": null
                    }
                ]
            },
            {
                "first_name": "Shijiang",
                "last_name": "Liu",
                "initials": "",
                "corresponding": "",
                "orcid": "['0000-0002-6957-7137']",
                "current_organization_id": "grid.412676.0",
                "researcher_id": "ur.010316132673.25",
                "affiliations": [
                    {
                        "id": "grid.412676.0",
                        "name": "Jiangsu Province Hospital",
                        "city": "Nanjing",
                        "city_id": 1799962,
                        "country": "China",
                        "country_code": "CN",
                        "state": null,
                        "state_code": null
                    }
                ]
            },
            {
                "first_name": "Haiwei",
                "last_name": "Zhang",
                "initials": "",
                "corresponding": "",
                "orcid": "",
                "current_organization_id": "",
                "researcher_id": "ur.011133302415.02",
                "affiliations": [
                    {
                        "id": "grid.412676.0",
                        "name": "Jiangsu Province Hospital",
                        "city": "Nanjing",
                        "city_id": 1799962,
                        "country": "China",
                        "country_code": "CN",
                        "state": null,
                        "state_code": null
                    }
                ]
            },
            {
                "first_name": "Jianjun",
                "last_name": "Yang",
                "initials": "",
                "corresponding": "",
                "orcid": "['0000-0001-6785-9627']",
                "current_organization_id": "grid.412633.1",
                "researcher_id": "ur.014747316557.66",
                "affiliations": [
                    {
                        "id": "grid.412633.1",
                        "name": "First Affiliated Hospital of Zhengzhou University",
                        "city": "Zhengzhou",
                        "city_id": 1784658,
                        "country": "China",
                        "country_code": "CN",
                        "state": null,
                        "state_code": null
                    }
                ]
            },
            {
                "first_name": "Bin",
                "last_name": "Zhu",
                "initials": "",
                "corresponding": "",
                "orcid": "",
                "current_organization_id": "grid.452253.7",
                "researcher_id": "ur.01320031072.90",
                "affiliations": [
                    {
                        "id": "grid.452253.7",
                        "name": "Children's Hospital of Suzhou University",
                        "city": "Suzhou",
                        "city_id": 1886760,
                        "country": "China",
                        "country_code": "CN",
                        "state": null,
                        "state_code": null
                    }
                ]
            },
            {
                "first_name": "Yimin",
                "last_name": "Hu",
                "initials": "",
                "corresponding": "",
                "orcid": "",
                "current_organization_id": "grid.452511.6",
                "researcher_id": "ur.015224244561.23",
                "affiliations": [
                    {
                        "id": "grid.89957.3a",
                        "name": "Nanjing Medical University",
                        "city": "Nanjing",
                        "city_id": 1799962,
                        "country": "China",
                        "country_code": "CN",
                        "state": null,
                        "state_code": null
                    }
                ]
            },
            {
                "first_name": "Kenji",
                "last_name": "Hashimoto",
                "initials": "",
                "corresponding": "",
                "orcid": "['0000-0002-8892-0439']",
                "current_organization_id": "grid.411500.1",
                "researcher_id": "ur.014305763752.05",
                "affiliations": [
                    {
                        "id": "grid.411500.1",
                        "name": "Center for Forensic Mental Health, Chiba University",
                        "city": "Chiba",
                        "city_id": 2113015,
                        "country": "Japan",
                        "country_code": "JP",
                        "state": null,
                        "state_code": null
                    }
                ]
            },
            {
                "first_name": "Yan",
                "last_name": "Jia",
                "initials": "",
                "corresponding": "",
                "orcid": "",
                "current_organization_id": "",
                "researcher_id": "ur.014764700215.73",
                "affiliations": [
                    {
                        "id": "grid.412676.0",
                        "name": "Jiangsu Province Hospital",
                        "city": "Nanjing",
                        "city_id": 1799962,
                        "country": "China",
                        "country_code": "CN",
                        "state": null,
                        "state_code": null
                    }
                ]
            },
            {
                "first_name": "Haofei",
                "last_name": "Wang",
                "initials": "",
                "corresponding": "",
                "orcid": "",
                "current_organization_id": "",
                "researcher_id": "",
                "affiliations": [
                    {
                        "id": "grid.412676.0",
                        "name": "Jiangsu Province Hospital",
                        "city": "Nanjing",
                        "city_id": 1799962,
                        "country": "China",
                        "country_code": "CN",
                        "state": null,
                        "state_code": null
                    }
                ]
            },
            {
                "first_name": "Rong",
                "last_name": "Wang",
                "initials": "",
                "corresponding": true,
                "orcid": "",
                "current_organization_id": "",
                "researcher_id": "ur.012045111415.06",
                "affiliations": [
                    {
                        "id": "grid.412676.0",
                        "name": "Jiangsu Province Hospital",
                        "city": "Nanjing",
                        "city_id": 1799962,
                        "country": "China",
                        "country_code": "CN",
                        "state": null,
                        "state_code": null
                    }
                ]
            },
            {
                "first_name": "Cunming",
                "last_name": "Liu",
                "initials": "",
                "corresponding": true,
                "orcid": "",
                "current_organization_id": "",
                "researcher_id": "ur.014235433015.85",
                "affiliations": [
                    {
                        "id": "grid.412676.0",
                        "name": "Jiangsu Province Hospital",
                        "city": "Nanjing",
                        "city_id": 1799962,
                        "country": "China",
                        "country_code": "CN",
                        "state": null,
                        "state_code": null
                    }
                ]
            },
            {
                "first_name": "Chun",
                "last_name": "Yang",
                "initials": "",
                "corresponding": true,
                "orcid": "['0000-0003-1540-4385']",
                "current_organization_id": "grid.412676.0",
                "researcher_id": "ur.01276447454.22",
                "affiliations": [
                    {
                        "id": "grid.412676.0",
                        "name": "Jiangsu Province Hospital",
                        "city": "Nanjing",
                        "city_id": 1799962,
                        "country": "China",
                        "country_code": "CN",
                        "state": null,
                        "state_code": null
                    }
                ]
            }
        ]
    ],
    "type": "article"
}