{
    "volume": "29",
    "date": "2020-03-12",
    "title": "Using public health law to contain the spread of COVID-19",
    "altmetric": 1.0,
    "pages": "326-327",
    "research_org_cities": [
        {
            "id": 2636432,
            "name": "Swansea"
        }
    ],
    "research_org_countries": [
        {
            "id": "GB",
            "name": "United Kingdom"
        }
    ],
    "doi": "10.12968/bjon.2020.29.5.326",
    "research_orgs": [
        {
            "id": "grid.4827.9",
            "types": [
                "Education"
            ],
            "longitude": -3.980556,
            "linkout": [
                "http://www.swansea.ac.uk/"
            ],
            "latitude": 51.609722,
            "name": "Swansea University",
            "city_name": "Swansea",
            "country_name": "United Kingdom"
        }
    ],
    "times_cited": 0,
    "pmid": "32167816",
    "research_org_country_names": [
        "United Kingdom"
    ],
    "id": "pub.1125612682",
    "issue": "5",
    "journal": {
        "id": "jour.1100605",
        "title": "British Journal of Nursing"
    },
    "year": 2020,
    "references": [
        "pub.1124408081"
    ],
    "author_affiliations": [
        [
            {
                "first_name": "Richard",
                "last_name": "Griffith",
                "initials": "",
                "corresponding": "",
                "orcid": "",
                "current_organization_id": "",
                "researcher_id": "",
                "affiliations": [
                    {
                        "id": "grid.4827.9",
                        "name": "Swansea University",
                        "city": "Swansea",
                        "city_id": 2636432,
                        "country": "United Kingdom",
                        "country_code": "GB",
                        "state": null,
                        "state_code": null
                    }
                ]
            }
        ]
    ],
    "type": "article"
}