{
    "pmid": "32085842",
    "author_affiliations": [
        [
            {
                "first_name": "Andrian",
                "last_name": "Liem",
                "initials": "",
                "corresponding": "",
                "orcid": "",
                "current_organization_id": "",
                "researcher_id": "",
                "affiliations": [
                    {
                        "name": "Global and Community Mental Health Research Group, Department of Psychology, University of Macau, Macau Special Administrative Region 999078, China"
                    }
                ]
            },
            {
                "first_name": "Cheng",
                "last_name": "Wang",
                "initials": "",
                "corresponding": "",
                "orcid": "",
                "current_organization_id": "",
                "researcher_id": "",
                "affiliations": [
                    {
                        "id": "grid.284723.8",
                        "name": "Southern Medical University",
                        "city": "Guangzhou",
                        "city_id": 1809858,
                        "country": "China",
                        "country_code": "CN",
                        "state": null,
                        "state_code": null
                    },
                    {
                        "id": "grid.284723.8",
                        "name": "Southern Medical University",
                        "city": "Guangzhou",
                        "city_id": 1809858,
                        "country": "China",
                        "country_code": "CN",
                        "state": null,
                        "state_code": null
                    }
                ]
            },
            {
                "first_name": "Yosa",
                "last_name": "Wariyanti",
                "initials": "",
                "corresponding": "",
                "orcid": "",
                "current_organization_id": "",
                "researcher_id": "",
                "affiliations": [
                    {
                        "name": "Indonesian Migrant Worker's Union, Macau Special Administrative Region, China"
                    }
                ]
            },
            {
                "first_name": "Carl A",
                "last_name": "Latkin",
                "initials": "",
                "corresponding": "",
                "orcid": "['0000-0002-7931-2116']",
                "current_organization_id": "grid.21107.35",
                "researcher_id": "ur.01165525114.42",
                "affiliations": [
                    {
                        "id": "grid.21107.35",
                        "name": "Johns Hopkins University",
                        "city": "Baltimore",
                        "city_id": 4347778,
                        "country": "United States",
                        "country_code": "US",
                        "state": "Maryland",
                        "state_code": "US-MD"
                    }
                ]
            },
            {
                "first_name": "Brian J",
                "last_name": "Hall",
                "initials": "",
                "corresponding": "",
                "orcid": "['0000-0001-9358-2377']",
                "current_organization_id": "grid.21107.35",
                "researcher_id": "ur.01053315174.76",
                "affiliations": [
                    {
                        "name": "Global and Community Mental Health Research Group, Department of Psychology, University of Macau, Macau Special Administrative Region 999078, China"
                    },
                    {
                        "id": "grid.21107.35",
                        "name": "Johns Hopkins University",
                        "city": "Baltimore",
                        "city_id": 4347778,
                        "country": "United States",
                        "country_code": "US",
                        "state": "Maryland",
                        "state_code": "US-MD"
                    }
                ]
            }
        ]
    ],
    "altmetric": 15.0,
    "research_org_countries": [
        {
            "id": "US",
            "name": "United States"
        },
        {
            "id": "CN",
            "name": "China"
        }
    ],
    "title": "The neglected health of international migrant workers in the COVID-19 epidemic",
    "research_org_cities": [
        {
            "id": 1809858,
            "name": "Guangzhou"
        },
        {
            "id": 4347778,
            "name": "Baltimore"
        }
    ],
    "research_org_state_names": [
        "Maryland"
    ],
    "open_access": [
        "Open Access - all",
        "Open Access - publisher",
        "Open Access - published"
    ],
    "doi": "10.1016/s2215-0366(20)30076-6",
    "times_cited": 2,
    "journal": {
        "id": "jour.1050550",
        "title": "The Lancet Psychiatry"
    },
    "year": 2020,
    "research_orgs": [
        {
            "id": "grid.21107.35",
            "name": "Johns Hopkins University",
            "linkout": [
                "https://www.jhu.edu/"
            ],
            "country_name": "United States",
            "types": [
                "Education"
            ],
            "latitude": 39.328888,
            "acronym": "JHU",
            "state_name": "Maryland",
            "city_name": "Baltimore",
            "longitude": -76.62028
        },
        {
            "id": "grid.284723.8",
            "name": "Southern Medical University",
            "linkout": [
                "http://www.fimmu.com/english/"
            ],
            "country_name": "China",
            "types": [
                "Education"
            ],
            "latitude": 23.1862,
            "acronym": "SMU",
            "state_name": "Guangdong",
            "city_name": "Guangzhou",
            "longitude": 113.3337
        }
    ],
    "id": "pub.1124953618",
    "references": [
        "pub.1114977519",
        "pub.1014354369"
    ],
    "research_org_country_names": [
        "United States",
        "China"
    ],
    "date": "2020-02-18",
    "research_org_state_codes": [
        {
            "id": "US-MD",
            "name": "Maryland"
        }
    ],
    "researchers": [
        {
            "id": "ur.01165525114.42",
            "research_orgs": [
                "grid.56046.31",
                "grid.250279.b",
                "grid.21107.35",
                "grid.1002.3",
                "grid.266102.1",
                "grid.240283.f",
                "grid.416738.f",
                "grid.26790.3a",
                "grid.266100.3",
                "grid.21729.3f",
                "grid.47100.32",
                "grid.437123.0",
                "grid.417973.f"
            ],
            "last_name": "Latkin",
            "first_name": "Carl Asher",
            "orcid_id": [
                "0000-0002-7931-2116"
            ]
        },
        {
            "id": "ur.01053315174.76",
            "research_orgs": [
                "grid.259828.c",
                "grid.258518.3",
                "grid.437123.0",
                "grid.262743.6",
                "grid.24696.3f",
                "grid.12981.33",
                "grid.21107.35",
                "grid.240684.c"
            ],
            "last_name": "Hall",
            "first_name": "Brian James",
            "orcid_id": [
                "0000-0001-9358-2377"
            ]
        }
    ],
    "type": "article"
}