{
    "research_orgs": [
        {
            "id": "grid.8195.5",
            "linkout": [
                "http://www.du.ac.in/du/"
            ],
            "city_name": "New Delhi",
            "longitude": 77.166664,
            "latitude": 28.583332,
            "name": "University of Delhi",
            "types": [
                "Education"
            ],
            "country_name": "India"
        }
    ],
    "research_org_country_names": [
        "India"
    ],
    "title": "Uncanny similarity of unique inserts in the 2019-nCoV spike protein to HIV-1 gp120 and Gag",
    "type": "preprint",
    "year": 2020,
    "journal": {
        "id": "jour.1293558",
        "title": "bioRxiv"
    },
    "researchers": [
        {
            "id": "ur.015453007007.87",
            "research_orgs": [
                "grid.417967.a"
            ],
            "first_name": "Prashant",
            "last_name": "Pradhan"
        },
        {
            "id": "ur.013025013166.79",
            "research_orgs": [
                "grid.417967.a"
            ],
            "first_name": "Ashutosh Kumar",
            "last_name": "Pandey"
        },
        {
            "id": "ur.010662272443.44",
            "research_orgs": [
                "grid.417967.a"
            ],
            "first_name": "Akhilesh",
            "last_name": "Mishra"
        },
        {
            "id": "ur.016606621403.13",
            "research_orgs": [
                "grid.417967.a"
            ],
            "first_name": "Praveen Kumar",
            "last_name": "Tripathi"
        },
        {
            "id": "ur.01364221333.30",
            "research_orgs": [
                "grid.417967.a"
            ],
            "first_name": "James",
            "last_name": "Gomes"
        },
        {
            "id": "ur.01057233073.65",
            "research_orgs": [
                "grid.417967.a",
                "grid.11586.3b",
                "grid.21107.35"
            ],
            "first_name": "Perumal",
            "last_name": "Vivekanandan"
        },
        {
            "id": "ur.01173173576.58",
            "research_orgs": [
                "grid.417967.a",
                "grid.417641.1",
                "grid.67105.35"
            ],
            "first_name": "Bishwajit",
            "last_name": "Kundu",
            "orcid_id": [
                "0000-0002-5786-3144"
            ]
        }
    ],
    "FOR": [
        {
            "id": "3114",
            "name": "1108 Medical Microbiology"
        }
    ],
    "research_org_countries": [
        {
            "id": "IN",
            "name": "India"
        }
    ],
    "date": "2020-01-31",
    "altmetric": 14002.0,
    "id": "pub.1124462503",
    "research_org_cities": [
        {
            "id": 1261481,
            "name": "New Delhi"
        }
    ],
    "open_access": [
        "Open Access - all",
        "Open Access - publisher",
        "Open Access - published"
    ],
    "author_affiliations": [
        [
            {
                "first_name": "Prashant",
                "last_name": "Pradhan",
                "initials": "",
                "corresponding": "",
                "orcid": "",
                "current_organization_id": "grid.417967.a",
                "researcher_id": "ur.015453007007.87",
                "affiliations": [
                    {
                        "name": "Kusuma School of biological sciences, Indian institute of technology"
                    },
                    {
                        "id": "grid.8195.5",
                        "name": "University of Delhi",
                        "city": "New Delhi",
                        "city_id": 1261481,
                        "country": "India",
                        "country_code": "IN",
                        "state": null,
                        "state_code": null
                    }
                ]
            },
            {
                "first_name": "Ashutosh Kumar",
                "last_name": "Pandey",
                "initials": "",
                "corresponding": "",
                "orcid": "",
                "current_organization_id": "grid.417967.a",
                "researcher_id": "ur.013025013166.79",
                "affiliations": [
                    {
                        "name": "Kusuma School of biological sciences, Indian institute of technology"
                    }
                ]
            },
            {
                "first_name": "Akhilesh",
                "last_name": "Mishra",
                "initials": "",
                "corresponding": "",
                "orcid": "",
                "current_organization_id": "grid.417967.a",
                "researcher_id": "ur.010662272443.44",
                "affiliations": [
                    {
                        "name": "Kusuma School of biological sciences, Indian institute of technology"
                    }
                ]
            },
            {
                "first_name": "Parul",
                "last_name": "Gupta",
                "initials": "",
                "corresponding": "",
                "orcid": "",
                "current_organization_id": "",
                "researcher_id": "",
                "affiliations": [
                    {
                        "name": "Kusuma School of biological sciences, Indian institute of technology"
                    }
                ]
            },
            {
                "first_name": "Praveen Kumar",
                "last_name": "Tripathi",
                "initials": "",
                "corresponding": "",
                "orcid": "",
                "current_organization_id": "grid.417967.a",
                "researcher_id": "ur.016606621403.13",
                "affiliations": [
                    {
                        "name": "Kusuma School of biological sciences, Indian institute of technology"
                    }
                ]
            },
            {
                "first_name": "Manoj Balakrishnan",
                "last_name": "Menon",
                "initials": "",
                "corresponding": "",
                "orcid": "",
                "current_organization_id": "",
                "researcher_id": "",
                "affiliations": [
                    {
                        "name": "Kusuma School of biological sciences, Indian institute of technology"
                    }
                ]
            },
            {
                "first_name": "James",
                "last_name": "Gomes",
                "initials": "",
                "corresponding": "",
                "orcid": "",
                "current_organization_id": "grid.417967.a",
                "researcher_id": "ur.01364221333.30",
                "affiliations": [
                    {
                        "name": "Kusuma School of biological sciences, Indian institute of technology"
                    }
                ]
            },
            {
                "first_name": "Perumal",
                "last_name": "Vivekanandan",
                "initials": "",
                "corresponding": "",
                "orcid": "",
                "current_organization_id": "grid.417967.a",
                "researcher_id": "ur.01057233073.65",
                "affiliations": [
                    {
                        "name": "Kusuma School of biological sciences, Indian institute of technology"
                    }
                ]
            },
            {
                "first_name": "Bishwajit",
                "last_name": "Kundu",
                "initials": "",
                "corresponding": "",
                "orcid": "['0000-0002-5786-3144']",
                "current_organization_id": "grid.417967.a",
                "researcher_id": "ur.01173173576.58",
                "affiliations": [
                    {
                        "name": "Kusuma School of biological sciences, Indian institute of technology"
                    }
                ]
            }
        ]
    ],
    "doi": "10.1101/2020.01.30.927871",
    "times_cited": 2,
    "references": [
        "pub.1124291867",
        "pub.1007914869",
        "pub.1044175954",
        "pub.1124367686",
        "pub.1085562104",
        "pub.1014536983",
        "pub.1015396122",
        "pub.1025846396",
        "pub.1103754747",
        "pub.1043958679",
        "pub.1024977412",
        "pub.1043544879",
        "pub.1052806377",
        "pub.1023481829",
        "pub.1028952995",
        "pub.1011027257",
        "pub.1039342547",
        "pub.1041074362",
        "pub.1124289146"
    ]
}