{
    "date": "2020-03-01",
    "title": "Transmission of COVID-19 in the terminal stage of incubation period: a familial cluster",
    "research_org_cities": [
        {
            "id": 1886762,
            "name": "Zhoushan"
        },
        {
            "id": 1808926,
            "name": "Hangzhou"
        }
    ],
    "open_access": [
        "Open Access - all",
        "Open Access - publisher"
    ],
    "research_org_countries": [
        {
            "id": "CN",
            "name": "China"
        }
    ],
    "doi": "10.1016/j.ijid.2020.03.027",
    "FOR": [
        {
            "id": "3177",
            "name": "1117 Public Health and Health Services"
        }
    ],
    "research_orgs": [
        {
            "id": "grid.433871.a",
            "types": [
                "Nonprofit"
            ],
            "longitude": 120.17142,
            "linkout": [
                "http://www.cdc.zj.cn/bornwcms/index/"
            ],
            "latitude": 30.197025,
            "name": "Zhejiang Center for Disease Control and Prevention",
            "city_name": "Hangzhou",
            "country_name": "China"
        }
    ],
    "times_cited": 0,
    "research_org_country_names": [
        "China"
    ],
    "id": "pub.1125674675",
    "journal": {
        "id": "jour.1115751",
        "title": "International Journal of Infectious Diseases"
    },
    "year": 2020,
    "author_affiliations": [
        [
            {
                "first_name": "Peng",
                "last_name": "Li",
                "initials": "",
                "corresponding": "",
                "orcid": "",
                "current_organization_id": "",
                "researcher_id": "",
                "affiliations": [
                    {
                        "name": "Zhoushan Center for Disease Control and Prevention, No. 568, Wengshan Rd., 316021, Zhoushan, Zhejiang Province, China"
                    }
                ]
            },
            {
                "first_name": "Ji-Bo",
                "last_name": "Fu",
                "initials": "",
                "corresponding": "",
                "orcid": "",
                "current_organization_id": "",
                "researcher_id": "",
                "affiliations": [
                    {
                        "name": "Putuo Center for Disease Control and Prevention, No. 111, Food factory Rd., 316021, Zhoushan, Zhejiang Province, China"
                    }
                ]
            },
            {
                "first_name": "Ke-Feng",
                "last_name": "Li",
                "initials": "",
                "corresponding": "",
                "orcid": "",
                "current_organization_id": "",
                "researcher_id": "",
                "affiliations": [
                    {
                        "name": "Zhoushan Center for Disease Control and Prevention, No. 568, Wengshan Rd., 316021, Zhoushan, Zhejiang Province, China"
                    }
                ]
            },
            {
                "first_name": "Yan",
                "last_name": "Chen",
                "initials": "",
                "corresponding": "",
                "orcid": "",
                "current_organization_id": "",
                "researcher_id": "",
                "affiliations": [
                    {
                        "name": "Zhoushan Center for Disease Control and Prevention, No. 568, Wengshan Rd., 316021, Zhoushan, Zhejiang Province, China"
                    }
                ]
            },
            {
                "first_name": "Hong-Ling",
                "last_name": "Wang",
                "initials": "",
                "corresponding": "",
                "orcid": "",
                "current_organization_id": "",
                "researcher_id": "",
                "affiliations": [
                    {
                        "name": "Zhoushan Center for Disease Control and Prevention, No. 568, Wengshan Rd., 316021, Zhoushan, Zhejiang Province, China"
                    }
                ]
            },
            {
                "first_name": "Lei-Jie",
                "last_name": "Liu",
                "initials": "",
                "corresponding": "",
                "orcid": "",
                "current_organization_id": "",
                "researcher_id": "",
                "affiliations": [
                    {
                        "name": "Putuo Center for Disease Control and Prevention, No. 111, Food factory Rd., 316021, Zhoushan, Zhejiang Province, China"
                    }
                ]
            },
            {
                "first_name": "Jie-Nan",
                "last_name": "Liu",
                "initials": "",
                "corresponding": "",
                "orcid": "",
                "current_organization_id": "",
                "researcher_id": "",
                "affiliations": [
                    {
                        "name": "Zhoushan Center for Disease Control and Prevention, No. 568, Wengshan Rd., 316021, Zhoushan, Zhejiang Province, China"
                    }
                ]
            },
            {
                "first_name": "Yong-Li",
                "last_name": "Zhang",
                "initials": "",
                "corresponding": "",
                "orcid": "",
                "current_organization_id": "",
                "researcher_id": "",
                "affiliations": [
                    {
                        "name": "Putuo Center for Disease Control and Prevention, No. 111, Food factory Rd., 316021, Zhoushan, Zhejiang Province, China"
                    }
                ]
            },
            {
                "first_name": "She-Lan",
                "last_name": "Liu",
                "initials": "",
                "corresponding": "",
                "orcid": "",
                "current_organization_id": "",
                "researcher_id": "",
                "affiliations": [
                    {
                        "id": "grid.433871.a",
                        "name": "Zhejiang Center for Disease Control and Prevention",
                        "city": "Hangzhou",
                        "city_id": 1808926,
                        "country": "China",
                        "country_code": "CN",
                        "state": null,
                        "state_code": null
                    }
                ]
            },
            {
                "first_name": "An",
                "last_name": "Tang",
                "initials": "",
                "corresponding": true,
                "orcid": "",
                "current_organization_id": "",
                "researcher_id": "",
                "affiliations": [
                    {
                        "name": "Zhoushan Center for Disease Control and Prevention, No. 568, Wengshan Rd., 316021, Zhoushan, Zhejiang Province, China"
                    }
                ]
            },
            {
                "first_name": "Zhen-Dong",
                "last_name": "Tong",
                "initials": "",
                "corresponding": true,
                "orcid": "",
                "current_organization_id": "",
                "researcher_id": "",
                "affiliations": [
                    {
                        "name": "Zhoushan Center for Disease Control and Prevention, No. 568, Wengshan Rd., 316021, Zhoushan, Zhejiang Province, China"
                    }
                ]
            },
            {
                "first_name": "Jian-Bo",
                "last_name": "Yan",
                "initials": "",
                "corresponding": true,
                "orcid": "",
                "current_organization_id": "",
                "researcher_id": "",
                "affiliations": [
                    {
                        "name": "Zhoushan Center for Disease Control and Prevention, No. 568, Wengshan Rd., 316021, Zhoushan, Zhejiang Province, China"
                    }
                ]
            }
        ]
    ],
    "type": "article"
}