{
    "volume": "25",
    "date": "2020-03-05",
    "title": "First cases of coronavirus disease 2019 (COVID-19) in the WHO European Region, 24 January to 21 February 2020.",
    "altmetric": 81.0,
    "research_org_cities": [
        {
            "id": 2673730,
            "name": "Stockholm"
        },
        {
            "id": 2800866,
            "name": "Brussels"
        },
        {
            "id": 2702979,
            "name": "J\u00f6nk\u00f6ping"
        },
        {
            "id": 524901,
            "name": "Moscow"
        },
        {
            "id": 2792482,
            "name": "Leuven"
        },
        {
            "id": 3117735,
            "name": "Madrid"
        },
        {
            "id": 2675397,
            "name": "Solna"
        },
        {
            "id": 3169070,
            "name": "Rome"
        },
        {
            "id": 2950159,
            "name": "Berlin"
        },
        {
            "id": 2996944,
            "name": "Lyon"
        },
        {
            "id": 658225,
            "name": "Helsinki"
        },
        {
            "id": 638936,
            "name": "Rovaniemi"
        },
        {
            "id": 2618425,
            "name": "Copenhagen"
        },
        {
            "id": 2978170,
            "name": "Saint-Maurice"
        },
        {
            "id": 2988507,
            "name": "Paris"
        },
        {
            "id": 1502847,
            "name": "Kol\u2019tsovo"
        }
    ],
    "open_access": [
        "Open Access - all",
        "Open Access - publisher",
        "Open Access - published"
    ],
    "research_org_countries": [
        {
            "id": "DE",
            "name": "Germany"
        },
        {
            "id": "ES",
            "name": "Spain"
        },
        {
            "id": "IT",
            "name": "Italy"
        },
        {
            "id": "BE",
            "name": "Belgium"
        },
        {
            "id": "RU",
            "name": "Russia"
        },
        {
            "id": "FR",
            "name": "France"
        },
        {
            "id": "SE",
            "name": "Sweden"
        },
        {
            "id": "FI",
            "name": "Finland"
        },
        {
            "id": "DK",
            "name": "Denmark"
        }
    ],
    "doi": "10.2807/1560-7917.es.2020.25.9.2000178",
    "FOR": [
        {
            "id": "3675",
            "name": "2103 Historical Studies"
        }
    ],
    "times_cited": 0,
    "research_orgs": [
        {
            "id": "grid.413852.9",
            "acronym": "HCL",
            "types": [
                "Healthcare"
            ],
            "longitude": 4.83058,
            "linkout": [
                "http://www.chu-lyon.fr"
            ],
            "latitude": 45.781734,
            "name": "Hospices Civils de Lyon",
            "city_name": "Lyon",
            "country_name": "France"
        },
        {
            "id": "grid.419423.9",
            "types": [
                "Healthcare"
            ],
            "longitude": 12.456938,
            "linkout": [
                "http://www.inmi.it/"
            ],
            "latitude": 41.86512,
            "name": "Istituto Nazionale per le Malattie Infettive Lazzaro Spallanzani",
            "city_name": "Rome",
            "country_name": "Italy"
        },
        {
            "id": "grid.418914.1",
            "acronym": "ECDC",
            "types": [
                "Government"
            ],
            "longitude": 18.019444,
            "linkout": [
                "http://ecdc.europa.eu/en/Pages/home.aspx"
            ],
            "latitude": 59.34861,
            "name": "European Centre for Disease Prevention and Control",
            "city_name": "Stockholm",
            "country_name": "Sweden"
        },
        {
            "id": "grid.415751.3",
            "types": [
                "Facility"
            ],
            "longitude": 4.694661,
            "linkout": [
                "http://rega.kuleuven.be/"
            ],
            "latitude": 50.877792,
            "name": "Rega Institute for Medical Research",
            "city_name": "Leuven",
            "country_name": "Belgium"
        },
        {
            "id": "grid.413448.e",
            "acronym": "ISCIII",
            "types": [
                "Nonprofit"
            ],
            "longitude": -3.690059,
            "linkout": [
                "http://www.isciii.es/"
            ],
            "latitude": 40.475697,
            "name": "Institute of Health Carlos III",
            "city_name": "Madrid",
            "country_name": "Spain"
        },
        {
            "id": "grid.419734.c",
            "types": [
                "Government"
            ],
            "longitude": 18.022825,
            "linkout": [
                "http://www.folkhalsomyndigheten.se/about-folkhalsomyndigheten-the-public-health-agency-of-sweden/"
            ],
            "latitude": 59.349648,
            "name": "Public Health Agency of Sweden",
            "city_name": "Solna",
            "country_name": "Sweden"
        },
        {
            "id": "grid.13652.33",
            "acronym": "RKI",
            "types": [
                "Government"
            ],
            "longitude": 13.347252,
            "linkout": [
                "http://www.rki.de/"
            ],
            "latitude": 52.539383,
            "name": "Robert Koch Institute",
            "city_name": "Berlin",
            "country_name": "Germany"
        },
        {
            "id": "grid.428999.7",
            "types": [
                "Nonprofit"
            ],
            "longitude": 2.311667,
            "linkout": [
                "http://www.pasteur.fr/en"
            ],
            "latitude": 48.84,
            "name": "Pasteur Institute",
            "city_name": "Paris",
            "country_name": "France"
        },
        {
            "id": "grid.14758.3f",
            "acronym": "THL",
            "types": [
                "Facility"
            ],
            "longitude": 24.899252,
            "linkout": [
                "https://www.thl.fi/fi/web/thlfi-en"
            ],
            "latitude": 60.20085,
            "name": "National Institute for Health and Welfare",
            "city_name": "Helsinki",
            "country_name": "Finland"
        },
        {
            "id": "grid.493975.5",
            "types": [
                "Other"
            ],
            "longitude": 2.423373,
            "linkout": [
                "http://www.santepubliquefrance.fr/"
            ],
            "latitude": 48.820232,
            "name": "Sant\u00e9 Publique France",
            "city_name": "Saint-Maurice",
            "country_name": "France"
        },
        {
            "id": "grid.416651.1",
            "acronym": "ISS",
            "types": [
                "Government"
            ],
            "longitude": 12.518499,
            "linkout": [
                "http://www.iss.it/chis/?lang=2"
            ],
            "latitude": 41.903923,
            "name": "National Institute of Health",
            "city_name": "Rome",
            "country_name": "Italy"
        },
        {
            "id": "grid.419755.b",
            "types": [
                "Facility"
            ],
            "longitude": 83.18009,
            "linkout": [
                "http://www.vector.nsc.ru/"
            ],
            "latitude": 54.938206,
            "name": "State Research Center of Virology and Biotechnology VECTOR",
            "city_name": "Kol'tsovo",
            "country_name": "Russia"
        }
    ],
    "pmid": "32156327",
    "research_org_country_names": [
        "Spain",
        "France",
        "Italy",
        "Sweden",
        "Denmark",
        "Russia",
        "Finland",
        "Belgium",
        "Germany"
    ],
    "id": "pub.1125566471",
    "issue": "9",
    "journal": {
        "id": "jour.1021032",
        "title": "Eurosurveillance"
    },
    "year": 2020,
    "references": [
        "pub.1124835182",
        "pub.1124889973",
        "pub.1124705628"
    ],
    "author_affiliations": [
        [
            {
                "first_name": "Gianfranco",
                "last_name": "Spiteri",
                "initials": "",
                "corresponding": "",
                "orcid": "",
                "current_organization_id": "",
                "researcher_id": "",
                "affiliations": [
                    {
                        "id": "grid.418914.1",
                        "name": "European Centre for Disease Prevention and Control",
                        "city": "Stockholm",
                        "city_id": 2673730,
                        "country": "Sweden",
                        "country_code": "SE",
                        "state": null,
                        "state_code": null
                    }
                ]
            },
            {
                "first_name": "James",
                "last_name": "Fielding",
                "initials": "",
                "corresponding": "",
                "orcid": "",
                "current_organization_id": "",
                "researcher_id": "",
                "affiliations": [
                    {
                        "name": "World Health Organisation Regional Office for Europe, Copenhagen, Denmark."
                    }
                ]
            },
            {
                "first_name": "Michaela",
                "last_name": "Diercke",
                "initials": "",
                "corresponding": "",
                "orcid": "",
                "current_organization_id": "",
                "researcher_id": "",
                "affiliations": [
                    {
                        "id": "grid.13652.33",
                        "name": "Robert Koch Institute",
                        "city": "Berlin",
                        "city_id": 2950159,
                        "country": "Germany",
                        "country_code": "DE",
                        "state": null,
                        "state_code": null
                    }
                ]
            },
            {
                "first_name": "Christine",
                "last_name": "Campese",
                "initials": "",
                "corresponding": "",
                "orcid": "",
                "current_organization_id": "",
                "researcher_id": "",
                "affiliations": [
                    {
                        "id": "grid.493975.5",
                        "name": "Sant\u00e9 Publique France",
                        "city": "Saint-Maurice",
                        "city_id": 2978170,
                        "country": "France",
                        "country_code": "FR",
                        "state": null,
                        "state_code": null
                    }
                ]
            },
            {
                "first_name": "Vincent",
                "last_name": "Enouf",
                "initials": "",
                "corresponding": "",
                "orcid": "",
                "current_organization_id": "",
                "researcher_id": "",
                "affiliations": [
                    {
                        "id": "grid.428999.7",
                        "name": "Institut Pasteur",
                        "city": "Paris",
                        "city_id": 2988507,
                        "country": "France",
                        "country_code": "FR",
                        "state": null,
                        "state_code": null
                    }
                ]
            },
            {
                "first_name": "Alexandre",
                "last_name": "Gaymard",
                "initials": "",
                "corresponding": "",
                "orcid": "",
                "current_organization_id": "",
                "researcher_id": "",
                "affiliations": [
                    {
                        "id": "grid.413852.9",
                        "name": "Hospices Civils de Lyon",
                        "city": "Lyon",
                        "city_id": 2996944,
                        "country": "France",
                        "country_code": "FR",
                        "state": null,
                        "state_code": null
                    }
                ]
            },
            {
                "first_name": "Antonino",
                "last_name": "Bella",
                "initials": "",
                "corresponding": "",
                "orcid": "",
                "current_organization_id": "",
                "researcher_id": "",
                "affiliations": [
                    {
                        "id": "grid.416651.1",
                        "name": "Istituto Superiore di Sanit\u00e0",
                        "city": "Rome",
                        "city_id": 3169070,
                        "country": "Italy",
                        "country_code": "IT",
                        "state": null,
                        "state_code": null
                    }
                ]
            },
            {
                "first_name": "Paola",
                "last_name": "Sognamiglio",
                "initials": "",
                "corresponding": "",
                "orcid": "",
                "current_organization_id": "",
                "researcher_id": "",
                "affiliations": [
                    {
                        "id": "grid.419423.9",
                        "name": "Istituto Nazionale per le Malattie Infettive Lazzaro Spallanzani",
                        "city": "Rome",
                        "city_id": 3169070,
                        "country": "Italy",
                        "country_code": "IT",
                        "state": null,
                        "state_code": null
                    }
                ]
            },
            {
                "first_name": "Maria Jos\u00e9",
                "last_name": "Sierra Moros",
                "initials": "",
                "corresponding": "",
                "orcid": "",
                "current_organization_id": "",
                "researcher_id": "",
                "affiliations": [
                    {
                        "id": "grid.413448.e",
                        "name": "Instituto de Salud Carlos III",
                        "city": "Madrid",
                        "city_id": 3117735,
                        "country": "Spain",
                        "country_code": "ES",
                        "state": null,
                        "state_code": null
                    }
                ]
            },
            {
                "first_name": "Antonio Nicolau",
                "last_name": "Riutort",
                "initials": "",
                "corresponding": "",
                "orcid": "",
                "current_organization_id": "",
                "researcher_id": "",
                "affiliations": [
                    {
                        "name": "Servicio de Epidemiolog\u00eda, Direcci\u00f3n General de Salut P\u00fablica, Islas Baleares, Spain."
                    }
                ]
            },
            {
                "first_name": "Yulia V",
                "last_name": "Demina",
                "initials": "",
                "corresponding": "",
                "orcid": "",
                "current_organization_id": "",
                "researcher_id": "",
                "affiliations": [
                    {
                        "name": "Federal Service for Surveillance on Consumer Rights Protection and Human Well-being (Rospotrebnadzor), Moscow, Russia."
                    }
                ]
            },
            {
                "first_name": "Romain",
                "last_name": "Mahieu",
                "initials": "",
                "corresponding": "",
                "orcid": "",
                "current_organization_id": "",
                "researcher_id": "",
                "affiliations": [
                    {
                        "name": "Department of Infectious Disease Prevention and Control, Common Community Commission, Brussels-Capital Region, Brussels, Belgium."
                    }
                ]
            },
            {
                "first_name": "Markku",
                "last_name": "Broas",
                "initials": "",
                "corresponding": "",
                "orcid": "",
                "current_organization_id": "",
                "researcher_id": "",
                "affiliations": [
                    {
                        "name": "Chief Physician, Infection control unit, Lapland Hospital District, Rovaniemi, Finland."
                    }
                ]
            },
            {
                "first_name": "Malin",
                "last_name": "Bengn\u00e9r",
                "initials": "",
                "corresponding": "",
                "orcid": "",
                "current_organization_id": "",
                "researcher_id": "",
                "affiliations": [
                    {
                        "name": "County Medical Officer, J\u00f6nk\u00f6ping Region, J\u00f6nk\u00f6ping, Sweden."
                    }
                ]
            },
            {
                "first_name": "Silke",
                "last_name": "Buda",
                "initials": "",
                "corresponding": "",
                "orcid": "",
                "current_organization_id": "",
                "researcher_id": "",
                "affiliations": [
                    {
                        "id": "grid.13652.33",
                        "name": "Robert Koch Institute",
                        "city": "Berlin",
                        "city_id": 2950159,
                        "country": "Germany",
                        "country_code": "DE",
                        "state": null,
                        "state_code": null
                    }
                ]
            },
            {
                "first_name": "Julia",
                "last_name": "Schilling",
                "initials": "",
                "corresponding": "",
                "orcid": "",
                "current_organization_id": "",
                "researcher_id": "",
                "affiliations": [
                    {
                        "id": "grid.13652.33",
                        "name": "Robert Koch Institute",
                        "city": "Berlin",
                        "city_id": 2950159,
                        "country": "Germany",
                        "country_code": "DE",
                        "state": null,
                        "state_code": null
                    }
                ]
            },
            {
                "first_name": "Laurent",
                "last_name": "Filleul",
                "initials": "",
                "corresponding": "",
                "orcid": "",
                "current_organization_id": "",
                "researcher_id": "",
                "affiliations": [
                    {
                        "id": "grid.493975.5",
                        "name": "Sant\u00e9 Publique France",
                        "city": "Saint-Maurice",
                        "city_id": 2978170,
                        "country": "France",
                        "country_code": "FR",
                        "state": null,
                        "state_code": null
                    }
                ]
            },
            {
                "first_name": "Agn\u00e8s",
                "last_name": "Lepoutre",
                "initials": "",
                "corresponding": "",
                "orcid": "",
                "current_organization_id": "",
                "researcher_id": "",
                "affiliations": [
                    {
                        "id": "grid.493975.5",
                        "name": "Sant\u00e9 Publique France",
                        "city": "Saint-Maurice",
                        "city_id": 2978170,
                        "country": "France",
                        "country_code": "FR",
                        "state": null,
                        "state_code": null
                    }
                ]
            },
            {
                "first_name": "Christine",
                "last_name": "Saura",
                "initials": "",
                "corresponding": "",
                "orcid": "",
                "current_organization_id": "",
                "researcher_id": "",
                "affiliations": [
                    {
                        "id": "grid.493975.5",
                        "name": "Sant\u00e9 Publique France",
                        "city": "Saint-Maurice",
                        "city_id": 2978170,
                        "country": "France",
                        "country_code": "FR",
                        "state": null,
                        "state_code": null
                    }
                ]
            },
            {
                "first_name": "Alexandra",
                "last_name": "Mailles",
                "initials": "",
                "corresponding": "",
                "orcid": "",
                "current_organization_id": "",
                "researcher_id": "",
                "affiliations": [
                    {
                        "id": "grid.493975.5",
                        "name": "Sant\u00e9 Publique France",
                        "city": "Saint-Maurice",
                        "city_id": 2978170,
                        "country": "France",
                        "country_code": "FR",
                        "state": null,
                        "state_code": null
                    }
                ]
            },
            {
                "first_name": "Daniel",
                "last_name": "Levy-Bruhl",
                "initials": "",
                "corresponding": "",
                "orcid": "",
                "current_organization_id": "",
                "researcher_id": "",
                "affiliations": [
                    {
                        "id": "grid.493975.5",
                        "name": "Sant\u00e9 Publique France",
                        "city": "Saint-Maurice",
                        "city_id": 2978170,
                        "country": "France",
                        "country_code": "FR",
                        "state": null,
                        "state_code": null
                    }
                ]
            },
            {
                "first_name": "Bruno",
                "last_name": "Coignard",
                "initials": "",
                "corresponding": "",
                "orcid": "",
                "current_organization_id": "",
                "researcher_id": "",
                "affiliations": [
                    {
                        "id": "grid.493975.5",
                        "name": "Sant\u00e9 Publique France",
                        "city": "Saint-Maurice",
                        "city_id": 2978170,
                        "country": "France",
                        "country_code": "FR",
                        "state": null,
                        "state_code": null
                    }
                ]
            },
            {
                "first_name": "Sibylle",
                "last_name": "Bernard-Stoecklin",
                "initials": "",
                "corresponding": "",
                "orcid": "",
                "current_organization_id": "",
                "researcher_id": "",
                "affiliations": [
                    {
                        "id": "grid.493975.5",
                        "name": "Sant\u00e9 Publique France",
                        "city": "Saint-Maurice",
                        "city_id": 2978170,
                        "country": "France",
                        "country_code": "FR",
                        "state": null,
                        "state_code": null
                    }
                ]
            },
            {
                "first_name": "Sylvie",
                "last_name": "Behillil",
                "initials": "",
                "corresponding": "",
                "orcid": "",
                "current_organization_id": "",
                "researcher_id": "",
                "affiliations": [
                    {
                        "id": "grid.428999.7",
                        "name": "Institut Pasteur",
                        "city": "Paris",
                        "city_id": 2988507,
                        "country": "France",
                        "country_code": "FR",
                        "state": null,
                        "state_code": null
                    }
                ]
            },
            {
                "first_name": "Sylvie",
                "last_name": "van der Werf",
                "initials": "",
                "corresponding": "",
                "orcid": "",
                "current_organization_id": "",
                "researcher_id": "",
                "affiliations": [
                    {
                        "id": "grid.428999.7",
                        "name": "Institut Pasteur",
                        "city": "Paris",
                        "city_id": 2988507,
                        "country": "France",
                        "country_code": "FR",
                        "state": null,
                        "state_code": null
                    }
                ]
            },
            {
                "first_name": "Martine",
                "last_name": "Valette",
                "initials": "",
                "corresponding": "",
                "orcid": "",
                "current_organization_id": "",
                "researcher_id": "",
                "affiliations": [
                    {
                        "id": "grid.413852.9",
                        "name": "Hospices Civils de Lyon",
                        "city": "Lyon",
                        "city_id": 2996944,
                        "country": "France",
                        "country_code": "FR",
                        "state": null,
                        "state_code": null
                    }
                ]
            },
            {
                "first_name": "Bruno",
                "last_name": "Lina",
                "initials": "",
                "corresponding": "",
                "orcid": "",
                "current_organization_id": "",
                "researcher_id": "",
                "affiliations": [
                    {
                        "id": "grid.413852.9",
                        "name": "Hospices Civils de Lyon",
                        "city": "Lyon",
                        "city_id": 2996944,
                        "country": "France",
                        "country_code": "FR",
                        "state": null,
                        "state_code": null
                    }
                ]
            },
            {
                "first_name": "Flavia",
                "last_name": "Riccardo",
                "initials": "",
                "corresponding": "",
                "orcid": "",
                "current_organization_id": "",
                "researcher_id": "",
                "affiliations": [
                    {
                        "id": "grid.416651.1",
                        "name": "Istituto Superiore di Sanit\u00e0",
                        "city": "Rome",
                        "city_id": 3169070,
                        "country": "Italy",
                        "country_code": "IT",
                        "state": null,
                        "state_code": null
                    }
                ]
            },
            {
                "first_name": "Emanuele",
                "last_name": "Nicastri",
                "initials": "",
                "corresponding": "",
                "orcid": "",
                "current_organization_id": "",
                "researcher_id": "",
                "affiliations": [
                    {
                        "id": "grid.419423.9",
                        "name": "Istituto Nazionale per le Malattie Infettive Lazzaro Spallanzani",
                        "city": "Rome",
                        "city_id": 3169070,
                        "country": "Italy",
                        "country_code": "IT",
                        "state": null,
                        "state_code": null
                    }
                ]
            },
            {
                "first_name": "Inmaculada",
                "last_name": "Casas",
                "initials": "",
                "corresponding": "",
                "orcid": "",
                "current_organization_id": "",
                "researcher_id": "",
                "affiliations": [
                    {
                        "name": "National Centre for Microbiology, WHO-National Influenza Centre, Institute of Health Carlos III. Madrid, Spain."
                    }
                ]
            },
            {
                "first_name": "Amparo",
                "last_name": "Larrauri",
                "initials": "",
                "corresponding": "",
                "orcid": "",
                "current_organization_id": "",
                "researcher_id": "",
                "affiliations": [
                    {
                        "id": "grid.413448.e",
                        "name": "Instituto de Salud Carlos III",
                        "city": "Madrid",
                        "city_id": 3117735,
                        "country": "Spain",
                        "country_code": "ES",
                        "state": null,
                        "state_code": null
                    }
                ]
            },
            {
                "first_name": "Magdalena",
                "last_name": "Salom Castell",
                "initials": "",
                "corresponding": "",
                "orcid": "",
                "current_organization_id": "",
                "researcher_id": "",
                "affiliations": [
                    {
                        "name": "Direcci\u00f3n General de Salut P\u00fablica, Islas Baleares, Spain."
                    }
                ]
            },
            {
                "first_name": "Francisco",
                "last_name": "Pozo",
                "initials": "",
                "corresponding": "",
                "orcid": "",
                "current_organization_id": "",
                "researcher_id": "",
                "affiliations": [
                    {
                        "name": "National Centre for Microbiology, WHO-National Influenza Centre, Institute of Health Carlos III. Madrid, Spain."
                    }
                ]
            },
            {
                "first_name": "Rinat A",
                "last_name": "Maksyutov",
                "initials": "",
                "corresponding": "",
                "orcid": "",
                "current_organization_id": "",
                "researcher_id": "",
                "affiliations": [
                    {
                        "id": "grid.419755.b",
                        "name": "State Research Center of Virology and Biotechnology VECTOR",
                        "city": "Kol'tsovo",
                        "city_id": 1502847,
                        "country": "Russia",
                        "country_code": "RU",
                        "state": null,
                        "state_code": null
                    }
                ]
            },
            {
                "first_name": "Charlotte",
                "last_name": "Martin",
                "initials": "",
                "corresponding": "",
                "orcid": "",
                "current_organization_id": "",
                "researcher_id": "",
                "affiliations": [
                    {
                        "name": "St. Pierre Hospital, Brussels, Belgium."
                    }
                ]
            },
            {
                "first_name": "Marc",
                "last_name": "Van Ranst",
                "initials": "",
                "corresponding": "",
                "orcid": "",
                "current_organization_id": "",
                "researcher_id": "",
                "affiliations": [
                    {
                        "id": "grid.415751.3",
                        "name": "Rega Institute for Medical Research",
                        "city": "Leuven",
                        "city_id": 2792482,
                        "country": "Belgium",
                        "country_code": "BE",
                        "state": null,
                        "state_code": null
                    }
                ]
            },
            {
                "first_name": "Nathalie",
                "last_name": "Bossuyt",
                "initials": "",
                "corresponding": "",
                "orcid": "",
                "current_organization_id": "",
                "researcher_id": "",
                "affiliations": [
                    {
                        "name": "Epidemiology of infectious diseases, Sciensano, Brussels, Belgium."
                    }
                ]
            },
            {
                "first_name": "Lotta",
                "last_name": "Siira",
                "initials": "",
                "corresponding": "",
                "orcid": "",
                "current_organization_id": "",
                "researcher_id": "",
                "affiliations": [
                    {
                        "id": "grid.14758.3f",
                        "name": "National Institute for Health and Welfare",
                        "city": "Helsinki",
                        "city_id": 658225,
                        "country": "Finland",
                        "country_code": "FI",
                        "state": null,
                        "state_code": null
                    }
                ]
            },
            {
                "first_name": "Jussi",
                "last_name": "Sane",
                "initials": "",
                "corresponding": "",
                "orcid": "",
                "current_organization_id": "",
                "researcher_id": "",
                "affiliations": [
                    {
                        "id": "grid.14758.3f",
                        "name": "National Institute for Health and Welfare",
                        "city": "Helsinki",
                        "city_id": 658225,
                        "country": "Finland",
                        "country_code": "FI",
                        "state": null,
                        "state_code": null
                    }
                ]
            },
            {
                "first_name": "Karin",
                "last_name": "Tegmark-Wisell",
                "initials": "",
                "corresponding": "",
                "orcid": "",
                "current_organization_id": "",
                "researcher_id": "",
                "affiliations": [
                    {
                        "id": "grid.419734.c",
                        "name": "Public Health Agency of Sweden",
                        "city": "Solna",
                        "city_id": 2675397,
                        "country": "Sweden",
                        "country_code": "SE",
                        "state": null,
                        "state_code": null
                    }
                ]
            },
            {
                "first_name": "Maria",
                "last_name": "Palm\u00e9rus",
                "initials": "",
                "corresponding": "",
                "orcid": "",
                "current_organization_id": "",
                "researcher_id": "",
                "affiliations": [
                    {
                        "name": "J\u00f6nk\u00f6ping Region, J\u00f6nk\u00f6ping, Sweden."
                    }
                ]
            },
            {
                "first_name": "Eeva K",
                "last_name": "Broberg",
                "initials": "",
                "corresponding": "",
                "orcid": "",
                "current_organization_id": "",
                "researcher_id": "",
                "affiliations": [
                    {
                        "id": "grid.418914.1",
                        "name": "European Centre for Disease Prevention and Control",
                        "city": "Stockholm",
                        "city_id": 2673730,
                        "country": "Sweden",
                        "country_code": "SE",
                        "state": null,
                        "state_code": null
                    }
                ]
            },
            {
                "first_name": "Julien",
                "last_name": "Beaut\u00e9",
                "initials": "",
                "corresponding": "",
                "orcid": "",
                "current_organization_id": "",
                "researcher_id": "",
                "affiliations": [
                    {
                        "id": "grid.418914.1",
                        "name": "European Centre for Disease Prevention and Control",
                        "city": "Stockholm",
                        "city_id": 2673730,
                        "country": "Sweden",
                        "country_code": "SE",
                        "state": null,
                        "state_code": null
                    }
                ]
            },
            {
                "first_name": "Pernille",
                "last_name": "Jorgensen",
                "initials": "",
                "corresponding": "",
                "orcid": "",
                "current_organization_id": "",
                "researcher_id": "",
                "affiliations": [
                    {
                        "name": "World Health Organisation Regional Office for Europe, Copenhagen, Denmark."
                    }
                ]
            },
            {
                "first_name": "Nick",
                "last_name": "Bundle",
                "initials": "",
                "corresponding": "",
                "orcid": "",
                "current_organization_id": "",
                "researcher_id": "",
                "affiliations": [
                    {
                        "id": "grid.418914.1",
                        "name": "European Centre for Disease Prevention and Control",
                        "city": "Stockholm",
                        "city_id": 2673730,
                        "country": "Sweden",
                        "country_code": "SE",
                        "state": null,
                        "state_code": null
                    }
                ]
            },
            {
                "first_name": "Dmitriy",
                "last_name": "Pereyaslov",
                "initials": "",
                "corresponding": "",
                "orcid": "",
                "current_organization_id": "",
                "researcher_id": "",
                "affiliations": [
                    {
                        "name": "World Health Organisation Regional Office for Europe, Copenhagen, Denmark."
                    }
                ]
            },
            {
                "first_name": "Cornelia",
                "last_name": "Adlhoch",
                "initials": "",
                "corresponding": "",
                "orcid": "",
                "current_organization_id": "",
                "researcher_id": "",
                "affiliations": [
                    {
                        "id": "grid.418914.1",
                        "name": "European Centre for Disease Prevention and Control",
                        "city": "Stockholm",
                        "city_id": 2673730,
                        "country": "Sweden",
                        "country_code": "SE",
                        "state": null,
                        "state_code": null
                    }
                ]
            },
            {
                "first_name": "Jukka",
                "last_name": "Pukkila",
                "initials": "",
                "corresponding": "",
                "orcid": "",
                "current_organization_id": "",
                "researcher_id": "",
                "affiliations": [
                    {
                        "name": "World Health Organisation Regional Office for Europe, Copenhagen, Denmark."
                    }
                ]
            },
            {
                "first_name": "Richard",
                "last_name": "Pebody",
                "initials": "",
                "corresponding": "",
                "orcid": "",
                "current_organization_id": "",
                "researcher_id": "",
                "affiliations": [
                    {
                        "name": "World Health Organisation Regional Office for Europe, Copenhagen, Denmark."
                    }
                ]
            },
            {
                "first_name": "Sonja",
                "last_name": "Olsen",
                "initials": "",
                "corresponding": "",
                "orcid": "",
                "current_organization_id": "",
                "researcher_id": "",
                "affiliations": [
                    {
                        "name": "These authors have contributed equally to the manuscript."
                    },
                    {
                        "name": "World Health Organisation Regional Office for Europe, Copenhagen, Denmark."
                    }
                ]
            },
            {
                "first_name": "Bruno Christian",
                "last_name": "Ciancio",
                "initials": "",
                "corresponding": "",
                "orcid": "",
                "current_organization_id": "",
                "researcher_id": "",
                "affiliations": [
                    {
                        "name": "These authors have contributed equally to the manuscript."
                    },
                    {
                        "id": "grid.418914.1",
                        "name": "European Centre for Disease Prevention and Control",
                        "city": "Stockholm",
                        "city_id": 2673730,
                        "country": "Sweden",
                        "country_code": "SE",
                        "state": null,
                        "state_code": null
                    }
                ]
            }
        ]
    ],
    "type": "article"
}