{
    "author_affiliations": [
        [
            {
                "first_name": "The Lancet Respiratory",
                "last_name": "Medicine",
                "initials": "",
                "corresponding": "",
                "orcid": "",
                "current_organization_id": "",
                "researcher_id": "",
                "is_bogus": true,
                "affiliations": []
            }
        ]
    ],
    "altmetric": 5.0,
    "title": "COVID-19: delay, mitigate, and communicate",
    "doi": "10.1016/s2213-2600(20)30128-4",
    "times_cited": 0,
    "journal": {
        "id": "jour.1327517",
        "title": "The Lancet Respiratory Medicine"
    },
    "year": 2020,
    "id": "pub.1125678617",
    "date": "2020-03-01",
    "type": "article"
}