{
    "date": "2020-03-01",
    "title": "Spatial transmission of COVID-19 via public and private transportation in China",
    "pages": "101626",
    "research_org_cities": [
        {
            "id": 1796236,
            "name": "Shanghai"
        }
    ],
    "research_org_countries": [
        {
            "id": "CN",
            "name": "China"
        }
    ],
    "doi": "10.1016/j.tmaid.2020.101626",
    "times_cited": 0,
    "research_orgs": [
        {
            "id": "grid.16821.3c",
            "acronym": "SJTU",
            "state_name": "Shanghai",
            "types": [
                "Education"
            ],
            "longitude": 121.43278,
            "linkout": [
                "http://en.sjtu.edu.cn/"
            ],
            "latitude": 31.201267,
            "name": "Shanghai Jiao Tong University",
            "city_name": "Shanghai",
            "country_name": "China"
        }
    ],
    "funders": [
        {
            "id": "grid.424020.0",
            "acronym": "MOST",
            "types": [
                "Government"
            ],
            "longitude": 116.316284,
            "linkout": [
                "http://www.most.gov.cn/eng/"
            ],
            "latitude": 39.827835,
            "name": "Ministry of Science and Technology of the People's Republic of China",
            "city_name": "Beijing",
            "country_name": "China"
        }
    ],
    "research_org_country_names": [
        "China"
    ],
    "id": "pub.1125635441",
    "journal": {
        "id": "jour.1034401",
        "title": "Travel Medicine and Infectious Disease"
    },
    "year": 2020,
    "references": [
        "pub.1124407652",
        "pub.1124408081"
    ],
    "author_affiliations": [
        [
            {
                "first_name": "Ruizhi",
                "last_name": "Zheng",
                "initials": "",
                "corresponding": "",
                "orcid": "",
                "current_organization_id": "",
                "researcher_id": "",
                "affiliations": [
                    {
                        "id": "grid.16821.3c",
                        "name": "Shanghai Jiao Tong University",
                        "city": "Shanghai",
                        "city_id": 1796236,
                        "country": "China",
                        "country_code": "CN",
                        "state": null,
                        "state_code": null
                    }
                ]
            },
            {
                "first_name": "Yu",
                "last_name": "Xu",
                "initials": "",
                "corresponding": "",
                "orcid": "",
                "current_organization_id": "",
                "researcher_id": "",
                "affiliations": [
                    {
                        "id": "grid.16821.3c",
                        "name": "Shanghai Jiao Tong University",
                        "city": "Shanghai",
                        "city_id": 1796236,
                        "country": "China",
                        "country_code": "CN",
                        "state": null,
                        "state_code": null
                    }
                ]
            },
            {
                "first_name": "Weiqing",
                "last_name": "Wang",
                "initials": "",
                "corresponding": "",
                "orcid": "",
                "current_organization_id": "",
                "researcher_id": "",
                "affiliations": [
                    {
                        "id": "grid.16821.3c",
                        "name": "Shanghai Jiao Tong University",
                        "city": "Shanghai",
                        "city_id": 1796236,
                        "country": "China",
                        "country_code": "CN",
                        "state": null,
                        "state_code": null
                    }
                ]
            },
            {
                "first_name": "Guang",
                "last_name": "Ning",
                "initials": "",
                "corresponding": true,
                "orcid": "",
                "current_organization_id": "",
                "researcher_id": "",
                "affiliations": [
                    {
                        "id": "grid.16821.3c",
                        "name": "Shanghai Jiao Tong University",
                        "city": "Shanghai",
                        "city_id": 1796236,
                        "country": "China",
                        "country_code": "CN",
                        "state": null,
                        "state_code": null
                    }
                ]
            },
            {
                "first_name": "Yufang",
                "last_name": "Bi",
                "initials": "",
                "corresponding": true,
                "orcid": "",
                "current_organization_id": "",
                "researcher_id": "",
                "affiliations": [
                    {
                        "id": "grid.16821.3c",
                        "name": "Shanghai Jiao Tong University",
                        "city": "Shanghai",
                        "city_id": 1796236,
                        "country": "China",
                        "country_code": "CN",
                        "state": null,
                        "state_code": null
                    }
                ]
            }
        ]
    ],
    "type": "article"
}