{
    "date": "2020-02-01",
    "title": "Primary Care Practitioners' Response to 2019 Novel Coronavirus Outbreak in China",
    "altmetric": 7.0,
    "pages": "2020.02.11.20022095",
    "research_org_cities": [
        {
            "id": 4049979,
            "name": "Birmingham"
        },
        {
            "id": 2655603,
            "name": "Birmingham"
        },
        {
            "id": 1808926,
            "name": "Hangzhou"
        }
    ],
    "open_access": [
        "Open Access - all",
        "Open Access - publisher",
        "Open Access - published"
    ],
    "research_org_countries": [
        {
            "id": "CN",
            "name": "China"
        },
        {
            "id": "GB",
            "name": "United Kingdom"
        },
        {
            "id": "US",
            "name": "United States"
        }
    ],
    "doi": "10.1101/2020.02.11.20022095",
    "FOR": [
        {
            "id": "3177",
            "name": "1117 Public Health and Health Services"
        }
    ],
    "times_cited": 0,
    "research_orgs": [
        {
            "id": "grid.13402.34",
            "acronym": "ZJU",
            "state_name": "Zhejiang",
            "types": [
                "Education"
            ],
            "longitude": 120.12342,
            "linkout": [
                "http://www.zju.edu.cn/english/"
            ],
            "latitude": 30.263878,
            "name": "Zhejiang University",
            "city_name": "Hangzhou",
            "country_name": "China"
        }
    ],
    "research_org_country_names": [
        "United Kingdom",
        "China",
        "United States"
    ],
    "id": "pub.1125481715",
    "journal": {
        "id": "jour.1369542",
        "title": "medRxiv"
    },
    "year": 2020,
    "research_org_state_names": [
        "Alabama"
    ],
    "author_affiliations": [
        [
            {
                "first_name": "Zhijie",
                "last_name": "Xu",
                "initials": "",
                "corresponding": "",
                "orcid": "",
                "current_organization_id": "",
                "researcher_id": "",
                "affiliations": [
                    {
                        "id": "grid.13402.34",
                        "name": "Zhejiang University",
                        "city": "Hangzhou",
                        "city_id": 1808926,
                        "country": "China",
                        "country_code": "CN",
                        "state": null,
                        "state_code": null
                    }
                ]
            },
            {
                "first_name": "Yi",
                "last_name": "Qian",
                "initials": "",
                "corresponding": "",
                "orcid": "",
                "current_organization_id": "",
                "researcher_id": "",
                "affiliations": [
                    {
                        "id": "grid.13402.34",
                        "name": "Zhejiang University",
                        "city": "Hangzhou",
                        "city_id": 1808926,
                        "country": "China",
                        "country_code": "CN",
                        "state": null,
                        "state_code": null
                    }
                ]
            },
            {
                "first_name": "Lizheng",
                "last_name": "Fang",
                "initials": "",
                "corresponding": "",
                "orcid": "",
                "current_organization_id": "",
                "researcher_id": "",
                "affiliations": [
                    {
                        "id": "grid.13402.34",
                        "name": "Zhejiang University",
                        "city": "Hangzhou",
                        "city_id": 1808926,
                        "country": "China",
                        "country_code": "CN",
                        "state": null,
                        "state_code": null
                    }
                ]
            },
            {
                "first_name": "Mi",
                "last_name": "Yao",
                "initials": "",
                "corresponding": "",
                "orcid": "",
                "current_organization_id": "",
                "researcher_id": "",
                "affiliations": [
                    {
                        "name": "Institute of Applied Health Research, University of Birmingham"
                    }
                ]
            }
        ]
    ],
    "type": "article"
}