{
    "date": "2020-02-20",
    "title": "Repurposing Therapeutics for the Wuhan Coronavirus nCov-2019: Supercomputer-Based Docking to the Viral S Protein and Human ACE2 Interface",
    "doi": "10.26434/chemrxiv.11871402.v1",
    "FOR": [
        {
            "id": "2581",
            "name": "0601 Biochemistry and Cell Biology"
        }
    ],
    "times_cited": 0,
    "id": "pub.1125033150",
    "journal": {
        "id": "jour.1315496",
        "title": "ChemRxiv"
    },
    "year": 2020,
    "author_affiliations": [
        [
            {
                "first_name": "Micholas",
                "last_name": "Smith",
                "initials": "",
                "corresponding": "",
                "orcid": "",
                "current_organization_id": "",
                "researcher_id": "",
                "affiliations": []
            },
            {
                "first_name": "Jeremy C.",
                "last_name": "Smith",
                "initials": "",
                "corresponding": "",
                "orcid": "",
                "current_organization_id": "",
                "researcher_id": "",
                "affiliations": []
            }
        ]
    ],
    "type": "preprint"
}