{
    "pmid": "31894398",
    "author_affiliations": [
        [
            {
                "first_name": "Yang",
                "last_name": "Han",
                "initials": "",
                "corresponding": "",
                "orcid": "",
                "current_organization_id": "",
                "researcher_id": "",
                "affiliations": [
                    {
                        "id": "grid.13402.34",
                        "name": "Zhejiang University",
                        "city": "Hangzhou",
                        "city_id": 1808926,
                        "country": "China",
                        "country_code": "CN",
                        "state": null,
                        "state_code": null
                    }
                ]
            },
            {
                "first_name": "Xinxin",
                "last_name": "Li",
                "initials": "",
                "corresponding": "",
                "orcid": "",
                "current_organization_id": "",
                "researcher_id": "",
                "affiliations": [
                    {
                        "id": "grid.13402.34",
                        "name": "Zhejiang University",
                        "city": "Hangzhou",
                        "city_id": 1808926,
                        "country": "China",
                        "country_code": "CN",
                        "state": null,
                        "state_code": null
                    }
                ]
            },
            {
                "first_name": "Yan",
                "last_name": "Yan",
                "initials": "",
                "corresponding": "",
                "orcid": "",
                "current_organization_id": "",
                "researcher_id": "",
                "affiliations": [
                    {
                        "id": "grid.13402.34",
                        "name": "Zhejiang University",
                        "city": "Hangzhou",
                        "city_id": 1808926,
                        "country": "China",
                        "country_code": "CN",
                        "state": null,
                        "state_code": null
                    }
                ]
            },
            {
                "first_name": "Ming-Hua",
                "last_name": "Duan",
                "initials": "",
                "corresponding": "",
                "orcid": "",
                "current_organization_id": "",
                "researcher_id": "",
                "affiliations": [
                    {
                        "name": "Zhejiang Zhengjingyuan Pharmacy Chain Co., Ltd. and Hangzhou Zhengcaiyuan Pharmaceutical Co., Ltd., 310021, Hangzhou, People\u2019s Republic of China"
                    }
                ]
            },
            {
                "first_name": "Jian-Hong",
                "last_name": "Xu",
                "initials": "",
                "corresponding": true,
                "orcid": "",
                "current_organization_id": "",
                "researcher_id": "",
                "affiliations": [
                    {
                        "id": "grid.13402.34",
                        "name": "Zhejiang University",
                        "city": "Hangzhou",
                        "city_id": 1808926,
                        "country": "China",
                        "country_code": "CN",
                        "state": null,
                        "state_code": null
                    }
                ]
            }
        ]
    ],
    "altmetric": 1.0,
    "FOR": [
        {
            "id": "2620",
            "name": "0604 Genetics"
        },
        {
            "id": "2648",
            "name": "0607 Plant Biology"
        }
    ],
    "research_org_countries": [
        {
            "id": "CN",
            "name": "China"
        }
    ],
    "title": "Identification, characterization, and functional prediction of circular RNAs in maize",
    "research_org_cities": [
        {
            "id": 1808926,
            "name": "Hangzhou"
        }
    ],
    "pages": "491-503",
    "issue": "2",
    "doi": "10.1007/s00438-019-01638-9",
    "times_cited": 0,
    "journal": {
        "id": "jour.1297380",
        "title": "Molecular Genetics and Genomics"
    },
    "year": 2020,
    "research_orgs": [
        {
            "id": "grid.13402.34",
            "name": "Zhejiang University",
            "linkout": [
                "http://www.zju.edu.cn/english/"
            ],
            "country_name": "China",
            "types": [
                "Education"
            ],
            "latitude": 30.263878,
            "acronym": "ZJU",
            "state_name": "Zhejiang",
            "city_name": "Hangzhou",
            "longitude": 120.12342
        }
    ],
    "id": "pub.1123774866",
    "references": [
        "pub.1120306177",
        "pub.1062485597",
        "pub.1000729411",
        "pub.1051099752",
        "pub.1120282929",
        "pub.1120956474",
        "pub.1027361890",
        "pub.1016291459",
        "pub.1047094596",
        "pub.1036888117",
        "pub.1044375679",
        "pub.1037148423",
        "pub.1121612215",
        "pub.1050833467",
        "pub.1042102077",
        "pub.1090351344",
        "pub.1039246976",
        "pub.1082924860",
        "pub.1058403185",
        "pub.1020268679",
        "pub.1010642180",
        "pub.1121519058",
        "pub.1107261578",
        "pub.1050453264",
        "pub.1012349254",
        "pub.1044051643",
        "pub.1032812974",
        "pub.1008757749",
        "pub.1000939355",
        "pub.1003334578",
        "pub.1021774573",
        "pub.1048840470",
        "pub.1084127934",
        "pub.1000499004",
        "pub.1004715472",
        "pub.1042633533",
        "pub.1049406221",
        "pub.1121645057",
        "pub.1049309701",
        "pub.1059413154",
        "pub.1121062648",
        "pub.1007701173",
        "pub.1031591608",
        "pub.1039078510",
        "pub.1035803022",
        "pub.1092055240",
        "pub.1012100318",
        "pub.1048300891",
        "pub.1023616721",
        "pub.1019339305",
        "pub.1120850350",
        "pub.1016436819",
        "pub.1010599780",
        "pub.1058403147",
        "pub.1048892796",
        "pub.1085984616",
        "pub.1092797227",
        "pub.1045919715",
        "pub.1010111297",
        "pub.1004988634",
        "pub.1045873675",
        "pub.1008450901",
        "pub.1034736312",
        "pub.1052113726",
        "pub.1062647463",
        "pub.1015010966",
        "pub.1008383277",
        "pub.1026731603",
        "pub.1111244330",
        "pub.1121621580",
        "pub.1035290283"
    ],
    "research_org_country_names": [
        "China"
    ],
    "date": "2020-03-01",
    "type": "article",
    "volume": "295"
}