{
    "pmid": "32174053",
    "author_affiliations": [
        [
            {
                "first_name": "Dasheng",
                "last_name": "Li",
                "initials": "",
                "corresponding": "",
                "orcid": "",
                "current_organization_id": "",
                "researcher_id": "",
                "affiliations": [
                    {
                        "id": "grid.464200.4",
                        "name": "Beijing Haidian Hospital",
                        "city": "Beijing",
                        "city_id": 1816670,
                        "country": "China",
                        "country_code": "CN",
                        "state": null,
                        "state_code": null
                    }
                ]
            },
            {
                "first_name": "Dawei",
                "last_name": "Wang",
                "initials": "",
                "corresponding": "",
                "orcid": "",
                "current_organization_id": "",
                "researcher_id": "",
                "affiliations": [
                    {
                        "name": "Institute of Advanced Research, Infervision, Beijing, China."
                    }
                ]
            },
            {
                "first_name": "Jianping",
                "last_name": "Dong",
                "initials": "",
                "corresponding": "",
                "orcid": "",
                "current_organization_id": "",
                "researcher_id": "",
                "affiliations": [
                    {
                        "id": "grid.464200.4",
                        "name": "Beijing Haidian Hospital",
                        "city": "Beijing",
                        "city_id": 1816670,
                        "country": "China",
                        "country_code": "CN",
                        "state": null,
                        "state_code": null
                    }
                ]
            },
            {
                "first_name": "Nana",
                "last_name": "Wang",
                "initials": "",
                "corresponding": "",
                "orcid": "",
                "current_organization_id": "",
                "researcher_id": "",
                "affiliations": [
                    {
                        "id": "grid.464200.4",
                        "name": "Beijing Haidian Hospital",
                        "city": "Beijing",
                        "city_id": 1816670,
                        "country": "China",
                        "country_code": "CN",
                        "state": null,
                        "state_code": null
                    }
                ]
            },
            {
                "first_name": "He",
                "last_name": "Huang",
                "initials": "",
                "corresponding": "",
                "orcid": "",
                "current_organization_id": "",
                "researcher_id": "",
                "affiliations": [
                    {
                        "id": "grid.464200.4",
                        "name": "Beijing Haidian Hospital",
                        "city": "Beijing",
                        "city_id": 1816670,
                        "country": "China",
                        "country_code": "CN",
                        "state": null,
                        "state_code": null
                    }
                ]
            },
            {
                "first_name": "Haiwang",
                "last_name": "Xu",
                "initials": "",
                "corresponding": "",
                "orcid": "",
                "current_organization_id": "",
                "researcher_id": "",
                "affiliations": [
                    {
                        "id": "grid.464200.4",
                        "name": "Beijing Haidian Hospital",
                        "city": "Beijing",
                        "city_id": 1816670,
                        "country": "China",
                        "country_code": "CN",
                        "state": null,
                        "state_code": null
                    }
                ]
            },
            {
                "first_name": "Chen",
                "last_name": "Xia",
                "initials": "",
                "corresponding": "",
                "orcid": "",
                "current_organization_id": "",
                "researcher_id": "",
                "affiliations": [
                    {
                        "name": "Institute of Advanced Research, Infervision, Beijing, China."
                    }
                ]
            }
        ]
    ],
    "altmetric": 2.0,
    "FOR": [
        {
            "id": "3114",
            "name": "1108 Medical Microbiology"
        }
    ],
    "research_org_countries": [
        {
            "id": "CN",
            "name": "China"
        }
    ],
    "title": "False-Negative Results of Real-Time Reverse-Transcriptase Polymerase Chain Reaction for Severe Acute Respiratory Syndrome Coronavirus 2: Role of Deep-Learning-Based CT Diagnosis and Insights from Two Cases.",
    "research_org_cities": [
        {
            "id": 1816670,
            "name": "Beijing"
        }
    ],
    "open_access": [
        "Open Access - all",
        "Open Access - publisher",
        "Open Access - published"
    ],
    "doi": "10.3348/kjr.2020.0146",
    "times_cited": 0,
    "journal": {
        "id": "jour.1023226",
        "title": "Korean Journal of Radiology"
    },
    "year": 2020,
    "research_orgs": [
        {
            "id": "grid.464200.4",
            "name": "Beijing Haidian Hospital",
            "linkout": [
                "http://www.hdhospital.com/"
            ],
            "country_name": "China",
            "types": [
                "Healthcare"
            ],
            "latitude": 39.982162,
            "city_name": "Beijing",
            "longitude": 116.35961
        }
    ],
    "id": "pub.1125679397",
    "research_org_country_names": [
        "China"
    ],
    "date": "2020-03-05",
    "type": "article"
}