{
    "volume": "139",
    "date": "2020-02-01",
    "title": "Web of interferon stimulated antiviral factors to control the influenza A viruses replication",
    "researchers": [
        {
            "id": "ur.01243235036.55",
            "last_name": "Goraya",
            "first_name": "Mohsan Ullah",
            "research_orgs": [
                "grid.6341.0",
                "grid.413016.1",
                "grid.8993.b",
                "grid.256111.0"
            ]
        },
        {
            "id": "ur.011470734703.07",
            "last_name": "Sajjad",
            "first_name": "Nelam",
            "research_orgs": [
                "grid.256111.0"
            ]
        },
        {
            "id": "ur.016667071132.32",
            "last_name": "Anjum",
            "first_name": "Faisal Rasheed",
            "research_orgs": [
                "grid.413016.1"
            ]
        },
        {
            "id": "ur.0743611425.45",
            "last_name": "Rahman",
            "first_name": "Sajjad-Ur-",
            "orcid_id": [
                "0000-0003-0160-380X"
            ],
            "research_orgs": [
                "grid.459366.b",
                "grid.416973.e",
                "grid.413016.1",
                "grid.413548.f"
            ]
        }
    ],
    "pages": "103919",
    "research_org_cities": [
        {
            "id": 1179400,
            "name": "Faisalabad"
        },
        {
            "id": 1169825,
            "name": "Multan"
        },
        {
            "id": 2686657,
            "name": "\u00d6rebro"
        },
        {
            "id": 1810821,
            "name": "Fuzhou"
        }
    ],
    "research_org_countries": [
        {
            "id": "CN",
            "name": "China"
        },
        {
            "id": "PK",
            "name": "Pakistan"
        },
        {
            "id": "SE",
            "name": "Sweden"
        }
    ],
    "doi": "10.1016/j.micpath.2019.103919",
    "FOR": [
        {
            "id": "3114",
            "name": "1108 Medical Microbiology"
        },
        {
            "id": "2634",
            "name": "0605 Microbiology"
        },
        {
            "id": "2581",
            "name": "0601 Biochemistry and Cell Biology"
        }
    ],
    "research_orgs": [
        {
            "id": "grid.413016.1",
            "acronym": "UAF",
            "types": [
                "Education"
            ],
            "longitude": 73.06489,
            "linkout": [
                "http://www.uaf.edu.pk/"
            ],
            "latitude": 31.433939,
            "name": "University of Agriculture Faisalabad",
            "city_name": "Faisalabad",
            "country_name": "Pakistan"
        },
        {
            "id": "grid.15895.30",
            "types": [
                "Education"
            ],
            "longitude": 15.247931,
            "linkout": [
                "http://www.oru.se/English/"
            ],
            "latitude": 59.25487,
            "name": "\u00d6rebro University",
            "city_name": "\u00d6rebro",
            "country_name": "Sweden"
        },
        {
            "id": "grid.256111.0",
            "acronym": "FAFU",
            "state_name": "Fujian",
            "types": [
                "Education"
            ],
            "longitude": 119.239784,
            "linkout": [
                "http://english.fafu.edu.cn/"
            ],
            "latitude": 26.084888,
            "name": "Fujian Agriculture and Forestry University",
            "city_name": "Fuzhou",
            "country_name": "China"
        },
        {
            "id": "grid.411501.0",
            "acronym": "BZU",
            "state_name": "Punjab",
            "types": [
                "Education"
            ],
            "longitude": 71.51005,
            "linkout": [
                "http://www.bzu.edu.pk/"
            ],
            "latitude": 30.264147,
            "name": "Bahauddin Zakariya University",
            "city_name": "Multan",
            "country_name": "Pakistan"
        }
    ],
    "times_cited": 0,
    "pmid": "31830579",
    "research_org_country_names": [
        "Pakistan",
        "China",
        "Sweden"
    ],
    "id": "pub.1123239865",
    "journal": {
        "id": "jour.1096282",
        "title": "Microbial Pathogenesis"
    },
    "year": 2020,
    "references": [
        "pub.1103253512",
        "pub.1111101106",
        "pub.1028615722",
        "pub.1002119627",
        "pub.1041795158",
        "pub.1044185253",
        "pub.1032719177",
        "pub.1085414929",
        "pub.1062471981",
        "pub.1060398949",
        "pub.1047761372",
        "pub.1042401674",
        "pub.1111633700",
        "pub.1007753211",
        "pub.1001445344",
        "pub.1040667790",
        "pub.1042609778",
        "pub.1031395415",
        "pub.1013905884",
        "pub.1007458822",
        "pub.1029124782",
        "pub.1018612385",
        "pub.1027799015",
        "pub.1037396969",
        "pub.1104299184",
        "pub.1016235861",
        "pub.1074211159",
        "pub.1078955714",
        "pub.1016015496",
        "pub.1047471932",
        "pub.1031582109",
        "pub.1112278891",
        "pub.1084129195",
        "pub.1050865333",
        "pub.1040772321",
        "pub.1104480411",
        "pub.1038036700",
        "pub.1014274432",
        "pub.1002723842",
        "pub.1038140424",
        "pub.1021810249",
        "pub.1000986331",
        "pub.1059207040",
        "pub.1038183228",
        "pub.1083841752",
        "pub.1024330800",
        "pub.1111311198",
        "pub.1107497488",
        "pub.1053218023",
        "pub.1112934545",
        "pub.1031094923",
        "pub.1015925716",
        "pub.1032215523",
        "pub.1005532672",
        "pub.1002961129",
        "pub.1045200285",
        "pub.1023172947",
        "pub.1034884884",
        "pub.1006195700",
        "pub.1024668704",
        "pub.1042323892",
        "pub.1029647565",
        "pub.1029923770",
        "pub.1015588517",
        "pub.1036046700",
        "pub.1082757920",
        "pub.1038404776",
        "pub.1014939130",
        "pub.1043714787",
        "pub.1021537247",
        "pub.1024694857",
        "pub.1072310293",
        "pub.1062649972",
        "pub.1025034794",
        "pub.1051885326",
        "pub.1034599975",
        "pub.1083203454",
        "pub.1042116438",
        "pub.1040930380",
        "pub.1033461783",
        "pub.1078798654",
        "pub.1101337243",
        "pub.1019468953",
        "pub.1007717765",
        "pub.1027754386",
        "pub.1104480410",
        "pub.1019861863",
        "pub.1050651295",
        "pub.1059280360",
        "pub.1019698048",
        "pub.1000355711",
        "pub.1030714265",
        "pub.1043407799",
        "pub.1003839659",
        "pub.1041067860",
        "pub.1084512532",
        "pub.1034133434",
        "pub.1043783906",
        "pub.1045535673",
        "pub.1046061911",
        "pub.1024797226",
        "pub.1077343877",
        "pub.1034649680",
        "pub.1005444281",
        "pub.1079094419",
        "pub.1043089667",
        "pub.1075311968",
        "pub.1074834189",
        "pub.1036992936",
        "pub.1000933904",
        "pub.1050660540",
        "pub.1046619812",
        "pub.1001484275",
        "pub.1062713154",
        "pub.1036352659",
        "pub.1103641039",
        "pub.1008439547",
        "pub.1110259786",
        "pub.1114466903",
        "pub.1103850964",
        "pub.1038650868",
        "pub.1006565899",
        "pub.1068365644",
        "pub.1012817994",
        "pub.1091082349",
        "pub.1103280160",
        "pub.1013897428",
        "pub.1017308394",
        "pub.1045926009",
        "pub.1009219125",
        "pub.1086115246",
        "pub.1021299918",
        "pub.1079392191",
        "pub.1010334508",
        "pub.1005635111",
        "pub.1076951853",
        "pub.1015028067",
        "pub.1012673392",
        "pub.1048887603",
        "pub.1028901605",
        "pub.1031254572",
        "pub.1027574155",
        "pub.1028571270",
        "pub.1047125675",
        "pub.1078571188",
        "pub.1100312959",
        "pub.1019162487",
        "pub.1062712938",
        "pub.1103242655",
        "pub.1004532611",
        "pub.1092547054",
        "pub.1006410525",
        "pub.1000773090",
        "pub.1100513073",
        "pub.1028489999"
    ],
    "author_affiliations": [
        [
            {
                "first_name": "Mohsan Ullah",
                "last_name": "Goraya",
                "initials": "",
                "corresponding": true,
                "orcid": "",
                "current_organization_id": "grid.256111.0",
                "researcher_id": "ur.01243235036.55",
                "affiliations": [
                    {
                        "id": "grid.413016.1",
                        "name": "University of Agriculture Faisalabad",
                        "city": "Faisalabad",
                        "city_id": 1179400,
                        "country": "Pakistan",
                        "country_code": "PK",
                        "state": null,
                        "state_code": null
                    }
                ]
            },
            {
                "first_name": "Fozia",
                "last_name": "Zaighum",
                "initials": "",
                "corresponding": "",
                "orcid": "",
                "current_organization_id": "",
                "researcher_id": "",
                "affiliations": [
                    {
                        "id": "grid.411501.0",
                        "name": "Bahauddin Zakariya University",
                        "city": "Multan",
                        "city_id": 1169825,
                        "country": "Pakistan",
                        "country_code": "PK",
                        "state": null,
                        "state_code": null
                    }
                ]
            },
            {
                "first_name": "Nelam",
                "last_name": "Sajjad",
                "initials": "",
                "corresponding": "",
                "orcid": "",
                "current_organization_id": "grid.256111.0",
                "researcher_id": "ur.011470734703.07",
                "affiliations": [
                    {
                        "id": "grid.256111.0",
                        "name": "Fujian Agriculture and Forestry University",
                        "city": "Fuzhou",
                        "city_id": 1810821,
                        "country": "China",
                        "country_code": "CN",
                        "state": null,
                        "state_code": null
                    }
                ]
            },
            {
                "first_name": "Faisal Rasheed",
                "last_name": "Anjum",
                "initials": "",
                "corresponding": "",
                "orcid": "",
                "current_organization_id": "grid.413016.1",
                "researcher_id": "ur.016667071132.32",
                "affiliations": [
                    {
                        "id": "grid.413016.1",
                        "name": "University of Agriculture Faisalabad",
                        "city": "Faisalabad",
                        "city_id": 1179400,
                        "country": "Pakistan",
                        "country_code": "PK",
                        "state": null,
                        "state_code": null
                    }
                ]
            },
            {
                "first_name": "Irfan",
                "last_name": "Sakhawat",
                "initials": "",
                "corresponding": "",
                "orcid": "",
                "current_organization_id": "",
                "researcher_id": "",
                "affiliations": [
                    {
                        "id": "grid.15895.30",
                        "name": "\u00d6rebro University",
                        "city": "\u00d6rebro",
                        "city_id": 2686657,
                        "country": "Sweden",
                        "country_code": "SE",
                        "state": null,
                        "state_code": null
                    }
                ]
            },
            {
                "first_name": "Sajjad ur",
                "last_name": "Rahman",
                "initials": "",
                "corresponding": true,
                "orcid": "['0000-0003-0160-380X']",
                "current_organization_id": "grid.413016.1",
                "researcher_id": "ur.0743611425.45",
                "affiliations": [
                    {
                        "id": "grid.413016.1",
                        "name": "University of Agriculture Faisalabad",
                        "city": "Faisalabad",
                        "city_id": 1179400,
                        "country": "Pakistan",
                        "country_code": "PK",
                        "state": null,
                        "state_code": null
                    }
                ]
            }
        ]
    ],
    "type": "article"
}