{
    "title": "ZIMBABWE: Warming Up to Dubai",
    "pages": "22857c-22859c",
    "issue": "1",
    "open_access": [
        "Open Access - all",
        "Open Access - publisher",
        "Open Access - published"
    ],
    "doi": "10.1111/j.1467-6346.2020.09334.x",
    "times_cited": 0,
    "journal": {
        "id": "jour.1137031",
        "title": "Africa Research Bulletin Economic Financial and Technical Series"
    },
    "year": 2020,
    "id": "pub.1125317817",
    "date": "2020-03-01",
    "type": "article",
    "volume": "57"
}