{
    "volume": "46",
    "date": "2020-02-01",
    "title": "Critical care management of adults with community-acquired severe respiratory viral infection",
    "researchers": [
        {
            "id": "ur.01233210151.86",
            "last_name": "Arabi",
            "first_name": "Yaseen M",
            "orcid_id": [
                "0000-0001-5735-6241"
            ],
            "research_orgs": [
                "grid.4991.5",
                "grid.1002.3",
                "grid.418716.d",
                "grid.55602.34",
                "grid.415254.3",
                "grid.254444.7",
                "grid.25073.33",
                "grid.416641.0",
                "grid.21613.37",
                "grid.267309.9",
                "grid.21107.35",
                "grid.415508.d",
                "grid.412149.b",
                "grid.412687.e",
                "grid.17063.33",
                "grid.452607.2",
                "grid.28046.38",
                "grid.415252.5",
                "grid.14003.36",
                "grid.410678.c",
                "grid.63984.30",
                "grid.415310.2",
                "grid.23856.3a",
                "grid.265892.2",
                "grid.22072.35",
                "grid.17089.37"
            ]
        },
        {
            "id": "ur.0724431446.32",
            "last_name": "Fowler",
            "first_name": "Robert Allston",
            "research_orgs": [
                "grid.423370.1",
                "grid.21613.37",
                "grid.27755.32",
                "grid.22072.35",
                "grid.410305.3",
                "grid.416166.2",
                "grid.415502.7",
                "grid.25073.33",
                "grid.410356.5",
                "grid.17091.3e",
                "grid.437929.2",
                "grid.416745.5",
                "grid.62560.37",
                "grid.4991.5",
                "grid.418647.8",
                "grid.413104.3",
                "grid.17063.33",
                "grid.411335.1",
                "grid.21729.3f",
                "grid.3575.4",
                "grid.412687.e",
                "grid.415913.b",
                "grid.28046.38",
                "grid.2515.3",
                "grid.412149.b"
            ]
        },
        {
            "id": "ur.0600664545.76",
            "last_name": "Hayden",
            "first_name": "Frederick G",
            "research_orgs": [
                "grid.418158.1",
                "grid.10223.32",
                "grid.414601.6",
                "grid.412587.d",
                "grid.10784.3a",
                "grid.412597.c",
                "grid.7372.1",
                "grid.40263.33",
                "grid.265892.2",
                "grid.17089.37",
                "grid.262962.b",
                "grid.3575.4",
                "grid.412149.b",
                "grid.239395.7",
                "grid.411935.b",
                "grid.451388.3",
                "grid.415913.b",
                "grid.411335.1",
                "grid.265436.0",
                "grid.17063.33",
                "grid.176731.5",
                "grid.52788.30",
                "grid.4367.6",
                "grid.241116.1",
                "grid.4991.5",
                "grid.27755.32",
                "grid.418356.d",
                "grid.412750.5"
            ]
        }
    ],
    "research_org_state_codes": [
        {
            "id": "CA-ON",
            "name": "Ontario"
        },
        {
            "id": "US-VA",
            "name": "Virginia"
        }
    ],
    "altmetric": 153.0,
    "pages": "315-328",
    "research_org_cities": [
        {
            "id": 4752031,
            "name": "Charlottesville"
        },
        {
            "id": 6167865,
            "name": "Toronto"
        },
        {
            "id": 108410,
            "name": "Riyadh"
        },
        {
            "id": 105343,
            "name": "Jeddah"
        }
    ],
    "open_access": [
        "Open Access - all",
        "Open Access - publisher",
        "Open Access - published"
    ],
    "research_org_countries": [
        {
            "id": "CA",
            "name": "Canada"
        },
        {
            "id": "SA",
            "name": "Saudi Arabia"
        },
        {
            "id": "US",
            "name": "United States"
        }
    ],
    "doi": "10.1007/s00134-020-05943-5",
    "FOR": [
        {
            "id": "3053",
            "name": "1103 Clinical Sciences"
        },
        {
            "id": "3177",
            "name": "1117 Public Health and Health Services"
        }
    ],
    "times_cited": 1,
    "research_orgs": [
        {
            "id": "grid.416745.5",
            "state_name": "Ontario",
            "types": [
                "Healthcare"
            ],
            "longitude": -79.37691,
            "latitude": 43.721603,
            "name": "Sunnybrook Hospital",
            "city_name": "Toronto",
            "country_name": "Canada"
        },
        {
            "id": "grid.17063.33",
            "state_name": "Ontario",
            "types": [
                "Education"
            ],
            "longitude": -79.395,
            "linkout": [
                "http://www.utoronto.ca/"
            ],
            "latitude": 43.661667,
            "name": "University of Toronto",
            "city_name": "Toronto",
            "country_name": "Canada"
        },
        {
            "id": "grid.412149.b",
            "acronym": "KSAU-HS",
            "types": [
                "Education"
            ],
            "longitude": 46.8604,
            "linkout": [
                "http://www.ksau-hs.edu.sa/English/Pages/Default.aspx"
            ],
            "latitude": 24.759645,
            "name": "King Saud bin Abdulaziz University for Health Sciences",
            "city_name": "Riyadh",
            "country_name": "Saudi Arabia"
        },
        {
            "id": "grid.415254.3",
            "types": [
                "Healthcare"
            ],
            "longitude": 46.860348,
            "linkout": [
                "http://ngha.med.sa/English/Pages/default.aspx"
            ],
            "latitude": 24.752504,
            "name": "King Abdulaziz Medical City",
            "city_name": "Riyadh",
            "country_name": "Saudi Arabia"
        },
        {
            "id": "grid.27755.32",
            "acronym": "UVA",
            "state_name": "Virginia",
            "types": [
                "Education"
            ],
            "longitude": -78.505,
            "linkout": [
                "http://www.virginia.edu/"
            ],
            "latitude": 38.035,
            "name": "University of Virginia",
            "city_name": "Charlottesville",
            "country_name": "United States"
        },
        {
            "id": "grid.452607.2",
            "acronym": "KAIMRC",
            "types": [
                "Facility"
            ],
            "longitude": 39.36204,
            "linkout": [
                "http://kaimrc.med.sa/"
            ],
            "latitude": 21.423845,
            "name": "King Abdullah International Medical Research Center",
            "city_name": "Jeddah",
            "country_name": "Saudi Arabia"
        }
    ],
    "pmid": "32040667",
    "research_org_country_names": [
        "Canada",
        "United States",
        "Saudi Arabia"
    ],
    "id": "pub.1124794838",
    "issue": "2",
    "journal": {
        "id": "jour.1313639",
        "title": "Intensive Care Medicine"
    },
    "year": 2020,
    "references": [
        "pub.1034569577",
        "pub.1029974034",
        "pub.1020092211",
        "pub.1033345423",
        "pub.1120717032",
        "pub.1051923532",
        "pub.1100623659",
        "pub.1113303626",
        "pub.1092060429",
        "pub.1030941184",
        "pub.1111809890",
        "pub.1114081076",
        "pub.1022204016",
        "pub.1045653063",
        "pub.1032182569",
        "pub.1044745627",
        "pub.1045175658",
        "pub.1035018220",
        "pub.1114056539",
        "pub.1090618405",
        "pub.1036456491",
        "pub.1091408467",
        "pub.1032227532",
        "pub.1092859028",
        "pub.1026023155",
        "pub.1100279455",
        "pub.1121018616",
        "pub.1019926668",
        "pub.1001073176",
        "pub.1121404423",
        "pub.1048889380",
        "pub.1002330697",
        "pub.1111933116",
        "pub.1086118274",
        "pub.1002508364",
        "pub.1013461336",
        "pub.1047729090",
        "pub.1078458377",
        "pub.1042949627",
        "pub.1035211734",
        "pub.1018162982",
        "pub.1050074737",
        "pub.1026380620",
        "pub.1023660204",
        "pub.1104159475",
        "pub.1107766247",
        "pub.1053068864",
        "pub.1112545089",
        "pub.1037533452",
        "pub.1110207263",
        "pub.1033861499",
        "pub.1039943234",
        "pub.1009315287",
        "pub.1007931740",
        "pub.1109888312",
        "pub.1111643924",
        "pub.1049354078",
        "pub.1121299255",
        "pub.1011845747",
        "pub.1038442036",
        "pub.1112848834",
        "pub.1008233402",
        "pub.1121064101",
        "pub.1071479277",
        "pub.1052117219",
        "pub.1019453173",
        "pub.1084237089",
        "pub.1046422301",
        "pub.1003102313",
        "pub.1023046163",
        "pub.1105965051",
        "pub.1012450105",
        "pub.1121393757"
    ],
    "research_org_state_names": [
        "Virginia",
        "Ontario"
    ],
    "author_affiliations": [
        [
            {
                "first_name": "Yaseen M.",
                "last_name": "Arabi",
                "initials": "",
                "corresponding": true,
                "orcid": "['0000-0001-5735-6241']",
                "current_organization_id": "grid.412149.b",
                "researcher_id": "ur.01233210151.86",
                "affiliations": [
                    {
                        "id": "grid.412149.b",
                        "name": "King Saud bin Abdulaziz University for Health Sciences",
                        "city": "Riyadh",
                        "city_id": 108410,
                        "country": "Saudi Arabia",
                        "country_code": "SA",
                        "state": null,
                        "state_code": null
                    },
                    {
                        "id": "grid.452607.2",
                        "name": "King Abdullah International Medical Research Center",
                        "city": "Jeddah",
                        "city_id": 105343,
                        "country": "Saudi Arabia",
                        "country_code": "SA",
                        "state": null,
                        "state_code": null
                    },
                    {
                        "id": "grid.415254.3",
                        "name": "King Abdulaziz Medical City",
                        "city": "Riyadh",
                        "city_id": 108410,
                        "country": "Saudi Arabia",
                        "country_code": "SA",
                        "state": null,
                        "state_code": null
                    }
                ]
            },
            {
                "first_name": "Robert",
                "last_name": "Fowler",
                "initials": "",
                "corresponding": "",
                "orcid": "",
                "current_organization_id": "grid.17063.33",
                "researcher_id": "ur.0724431446.32",
                "affiliations": [
                    {
                        "id": "grid.17063.33",
                        "name": "University of Toronto",
                        "city": "Toronto",
                        "city_id": 6167865,
                        "country": "Canada",
                        "country_code": "CA",
                        "state": "Ontario",
                        "state_code": "CA-ON"
                    },
                    {
                        "id": "grid.416745.5",
                        "name": "Sunnybrook Hospital",
                        "city": "Toronto",
                        "city_id": 6167865,
                        "country": "Canada",
                        "country_code": "CA",
                        "state": "Ontario",
                        "state_code": "CA-ON"
                    },
                    {
                        "id": "grid.416745.5",
                        "name": "Sunnybrook Hospital",
                        "city": "Toronto",
                        "city_id": 6167865,
                        "country": "Canada",
                        "country_code": "CA",
                        "state": "Ontario",
                        "state_code": "CA-ON"
                    }
                ]
            },
            {
                "first_name": "Frederick G.",
                "last_name": "Hayden",
                "initials": "",
                "corresponding": "",
                "orcid": "",
                "current_organization_id": "grid.27755.32",
                "researcher_id": "ur.0600664545.76",
                "affiliations": [
                    {
                        "id": "grid.27755.32",
                        "name": "University of Virginia",
                        "city": "Charlottesville",
                        "city_id": 4752031,
                        "country": "United States",
                        "country_code": "US",
                        "state": "Virginia",
                        "state_code": "US-VA"
                    }
                ]
            }
        ]
    ],
    "type": "article"
}