{
    "pmid": "32099125",
    "title": "\u2018No one is allowed to go out\u2019: your stories from the coronavirus outbreak",
    "type": "article",
    "year": 2020,
    "journal": {
        "id": "jour.1018957",
        "title": "Nature"
    },
    "FOR": [
        {
            "id": "3675",
            "name": "2103 Historical Studies"
        }
    ],
    "date": "2020-02-01",
    "altmetric": 96.0,
    "pages": "499-499",
    "id": "pub.1125052584",
    "volume": "578",
    "issue": "7796",
    "open_access": [
        "Open Access - all",
        "Open Access - publisher",
        "Open Access - published"
    ],
    "author_affiliations": [
        [
            {
                "first_name": "Emma",
                "last_name": "Stoye",
                "initials": "",
                "corresponding": "",
                "orcid": "",
                "current_organization_id": "",
                "researcher_id": "",
                "affiliations": []
            }
        ]
    ],
    "doi": "10.1038/d41586-020-00478-7",
    "times_cited": 0
}