{
    "volume": "20",
    "date": "2020-02-01",
    "title": "Brief Review of Coronavirus for Healthcare Professionals February 10, 2020",
    "researchers": [
        {
            "id": "ur.015072116227.85",
            "last_name": "Phoenix Pulmonary And Critical Care Research And Education Foundation",
            "first_name": "Gilbert"
        },
        {
            "id": "ur.013365336050.45",
            "last_name": "Robbins",
            "first_name": "Richard"
        }
    ],
    "pages": "69-70",
    "open_access": [
        "Open Access - all",
        "Open Access - publisher",
        "Open Access - published"
    ],
    "doi": "10.13175/swjpcc011-20",
    "times_cited": 0,
    "id": "pub.1124798342",
    "issue": "2",
    "journal": {
        "id": "jour.1045360",
        "title": "Southwest Journal of Pulmonary and Critical Care"
    },
    "year": 2020,
    "author_affiliations": [
        [
            {
                "first_name": "Gilbert",
                "last_name": "Phoenix Pulmonary and Critical Care Research and Education Foundation",
                "initials": "",
                "corresponding": "",
                "orcid": "",
                "current_organization_id": "",
                "researcher_id": "ur.015072116227.85",
                "affiliations": []
            },
            {
                "first_name": "Richard",
                "last_name": "Robbins",
                "initials": "",
                "corresponding": "",
                "orcid": "",
                "current_organization_id": "",
                "researcher_id": "ur.013365336050.45",
                "affiliations": []
            },
            {
                "first_name": "Stephen",
                "last_name": "Klotz",
                "initials": "",
                "corresponding": "",
                "orcid": "",
                "current_organization_id": "",
                "researcher_id": "",
                "affiliations": []
            }
        ]
    ],
    "type": "article"
}