{
    "author_affiliations": [
        [
            {
                "first_name": "Xiang",
                "last_name": "He",
                "initials": "",
                "corresponding": "",
                "orcid": "",
                "current_organization_id": "",
                "researcher_id": "",
                "affiliations": [
                    {
                        "name": "Chengdu Institute of Respiratory Health"
                    }
                ]
            },
            {
                "first_name": "Lei",
                "last_name": "Zhang",
                "initials": "",
                "corresponding": "",
                "orcid": "",
                "current_organization_id": "",
                "researcher_id": "",
                "affiliations": [
                    {
                        "name": "Chengdu Institute of Respiratory Health"
                    }
                ]
            },
            {
                "first_name": "Qin",
                "last_name": "Ran",
                "initials": "",
                "corresponding": "",
                "orcid": "",
                "current_organization_id": "",
                "researcher_id": "",
                "affiliations": [
                    {
                        "name": "Chengdu Institute of Respiratory Health"
                    }
                ]
            },
            {
                "first_name": "Anying",
                "last_name": "Xiong",
                "initials": "",
                "corresponding": "",
                "orcid": "",
                "current_organization_id": "grid.411680.a",
                "researcher_id": "ur.015423146173.18",
                "affiliations": [
                    {
                        "name": "Chengdu Institute of Respiratory Health"
                    }
                ]
            },
            {
                "first_name": "Junyi",
                "last_name": "Wang",
                "initials": "",
                "corresponding": "",
                "orcid": "",
                "current_organization_id": "",
                "researcher_id": "",
                "affiliations": [
                    {
                        "name": "Chengdu Institute of Respiratory Health"
                    }
                ]
            },
            {
                "first_name": "Dehong",
                "last_name": "Wu",
                "initials": "",
                "corresponding": "",
                "orcid": "",
                "current_organization_id": "",
                "researcher_id": "",
                "affiliations": [
                    {
                        "name": "Chengdu Institute of Respiratory Health"
                    }
                ]
            },
            {
                "first_name": "Feng",
                "last_name": "Chen",
                "initials": "",
                "corresponding": "",
                "orcid": "",
                "current_organization_id": "",
                "researcher_id": "",
                "affiliations": [
                    {
                        "name": "Chengdu Institute of Respiratory Health"
                    }
                ]
            },
            {
                "first_name": "Guoping",
                "last_name": "Li",
                "initials": "",
                "corresponding": "",
                "orcid": "",
                "current_organization_id": "",
                "researcher_id": "",
                "affiliations": [
                    {
                        "name": "Chengdu Institute of Respiratory Health"
                    }
                ]
            }
        ]
    ],
    "altmetric": 3.0,
    "FOR": [
        {
            "id": "3103",
            "name": "1107 Immunology"
        }
    ],
    "research_org_countries": [
        {
            "id": "AU",
            "name": "Australia"
        }
    ],
    "title": "Integrative Bioinformatics Analysis Provides Insight into the Molecular Mechanisms of 2019-nCoV",
    "research_org_cities": [
        {
            "id": 2064874,
            "name": "Nedlands"
        }
    ],
    "pages": "2020.02.03.20020206",
    "research_org_state_names": [
        "Western Australia"
    ],
    "open_access": [
        "Open Access - all",
        "Open Access - publisher",
        "Open Access - published"
    ],
    "doi": "10.1101/2020.02.03.20020206",
    "times_cited": 0,
    "journal": {
        "id": "jour.1369542",
        "title": "medRxiv"
    },
    "year": 2020,
    "id": "pub.1124627224",
    "research_org_country_names": [
        "Australia"
    ],
    "date": "2020-02-05",
    "research_org_state_codes": [
        {
            "id": "AU-WA",
            "name": "Western Australia"
        }
    ],
    "researchers": [
        {
            "id": "ur.015423146173.18",
            "research_orgs": [
                "grid.411680.a"
            ],
            "last_name": "Xiong",
            "first_name": "Anying"
        }
    ],
    "type": "article"
}