{
    "title": "Advocates for the homeless seeking funding for COVID\u201019",
    "type": "article",
    "year": 2020,
    "journal": {
        "id": "jour.1129514",
        "title": "Mental Health Weekly"
    },
    "FOR": [
        {
            "id": "3494",
            "name": "1801 Law"
        }
    ],
    "date": "2020-03-16",
    "pages": "7-8",
    "id": "pub.1125623433",
    "volume": "30",
    "issue": "11",
    "author_affiliations": [
        [
            {
                "first_name": "Valerie A.",
                "last_name": "Canady",
                "initials": "",
                "corresponding": "",
                "orcid": "",
                "current_organization_id": "",
                "researcher_id": "",
                "affiliations": []
            }
        ]
    ],
    "doi": "10.1002/mhw.32276",
    "times_cited": 0
}