{
    "author_affiliations": [
        [
            {
                "first_name": "Jon",
                "last_name": "Cohen",
                "initials": "",
                "corresponding": "",
                "orcid": "",
                "current_organization_id": "",
                "researcher_id": "",
                "affiliations": []
            }
        ]
    ],
    "title": "Quarantined at home now, U.S. scientist describes his visit to China\u2019s hot zone",
    "doi": "10.1126/science.abb6154",
    "times_cited": 0,
    "journal": {
        "id": "jour.1346339",
        "title": "Science"
    },
    "year": 2020,
    "id": "pub.1125461202",
    "date": "2020-03-06",
    "type": "article"
}