{
    "volume": "44",
    "date": "2020-02-06",
    "title": "2019-nCoV acute respiratory disease, Australia: Epidemiology Report 1 (Reporting week 26 January - 1 February 2020).",
    "doi": "10.33321/cdi.2019.44.13",
    "FOR": [
        {
            "id": "3177",
            "name": "1117 Public Health and Health Services"
        }
    ],
    "times_cited": 0,
    "pmid": "32027812",
    "id": "pub.1124662423",
    "journal": {
        "id": "jour.1047978",
        "title": "Communicable Diseases Intelligence"
    },
    "year": 2020,
    "type": "article"
}