{
    "author_affiliations": [
        [
            {
                "first_name": "Shyamasree",
                "last_name": "Ghosh",
                "initials": "",
                "corresponding": "",
                "orcid": "",
                "current_organization_id": "",
                "researcher_id": "",
                "affiliations": []
            }
        ]
    ],
    "title": "Next Generation Sequencing (NGS) and Computational Immunology",
    "pages": "19-40",
    "doi": "10.1201/9781351023504-2",
    "times_cited": 0,
    "year": 2020,
    "id": "pub.1124609655",
    "date": "2020-01-31",
    "type": "chapter"
}