{
    "date": "2020-02-19",
    "title": "COVID-19 in a Designated Infectious Diseases HospitalOutside Hubei Province,China",
    "altmetric": 1.0,
    "pages": "2020.02.17.20024018",
    "research_org_cities": [
        {
            "id": 1795565,
            "name": "Shenzhen"
        }
    ],
    "open_access": [
        "Open Access - all",
        "Open Access - publisher",
        "Open Access - published"
    ],
    "research_org_countries": [
        {
            "id": "CN",
            "name": "China"
        }
    ],
    "doi": "10.1101/2020.02.17.20024018",
    "FOR": [
        {
            "id": "3053",
            "name": "1103 Clinical Sciences"
        }
    ],
    "research_orgs": [
        {
            "id": "grid.263817.9",
            "acronym": "SUSTech",
            "types": [
                "Education"
            ],
            "longitude": 113.99892,
            "linkout": [
                "http://www.sustech.edu.cn/"
            ],
            "latitude": 22.594286,
            "name": "Southern University of Science and Technology",
            "city_name": "Shenzhen",
            "country_name": "China"
        }
    ],
    "times_cited": 0,
    "research_org_country_names": [
        "China"
    ],
    "id": "pub.1124961483",
    "journal": {
        "id": "jour.1369542",
        "title": "medRxiv"
    },
    "year": 2020,
    "author_affiliations": [
        [
            {
                "first_name": "Qingxian",
                "last_name": "Cai",
                "initials": "",
                "corresponding": "",
                "orcid": "",
                "current_organization_id": "",
                "researcher_id": "",
                "affiliations": [
                    {
                        "name": "The Second Affiliated Hospital of Southern University of Science and Technology;"
                    }
                ]
            },
            {
                "first_name": "Deliang",
                "last_name": "Huang",
                "initials": "",
                "corresponding": "",
                "orcid": "",
                "current_organization_id": "",
                "researcher_id": "",
                "affiliations": [
                    {
                        "name": "The Second Affiliated Hospital of Southern University of Science and Technology;"
                    }
                ]
            },
            {
                "first_name": "Pengcheng",
                "last_name": "Ou",
                "initials": "",
                "corresponding": "",
                "orcid": "",
                "current_organization_id": "",
                "researcher_id": "",
                "affiliations": [
                    {
                        "name": "The First Affiliated Hospital of Southern University of Science and Technology;"
                    }
                ]
            },
            {
                "first_name": "Hong",
                "last_name": "Yu",
                "initials": "",
                "corresponding": "",
                "orcid": "",
                "current_organization_id": "",
                "researcher_id": "",
                "affiliations": [
                    {
                        "name": "The Second Affiliated Hospital of Southern University of Science and Technology;"
                    }
                ]
            },
            {
                "first_name": "Zhibin",
                "last_name": "Zhu",
                "initials": "",
                "corresponding": "",
                "orcid": "",
                "current_organization_id": "",
                "researcher_id": "",
                "affiliations": [
                    {
                        "name": "The Second Affiliated Hospital of Southern University of Science and Technology;"
                    }
                ]
            },
            {
                "first_name": "Zhang",
                "last_name": "Xia",
                "initials": "",
                "corresponding": "",
                "orcid": "",
                "current_organization_id": "",
                "researcher_id": "",
                "affiliations": [
                    {
                        "name": "The Second Affiliated Hospital of Southern University of Science and Technology;"
                    }
                ]
            },
            {
                "first_name": "Yinan",
                "last_name": "Su",
                "initials": "",
                "corresponding": "",
                "orcid": "",
                "current_organization_id": "",
                "researcher_id": "",
                "affiliations": [
                    {
                        "name": "The Second Affiliated Hospital of Southern University of Science and Technology;"
                    }
                ]
            },
            {
                "first_name": "Zhenghua",
                "last_name": "Ma",
                "initials": "",
                "corresponding": "",
                "orcid": "",
                "current_organization_id": "",
                "researcher_id": "",
                "affiliations": [
                    {
                        "name": "The Second Affiliated Hospital of Southern University of Science and Technology;"
                    }
                ]
            },
            {
                "first_name": "Yiming",
                "last_name": "Zhang",
                "initials": "",
                "corresponding": "",
                "orcid": "",
                "current_organization_id": "",
                "researcher_id": "",
                "affiliations": [
                    {
                        "name": "The Second Affiliated Hospital of Southern University of Science and Technology;"
                    }
                ]
            },
            {
                "first_name": "Zhiwei",
                "last_name": "Li",
                "initials": "",
                "corresponding": "",
                "orcid": "",
                "current_organization_id": "",
                "researcher_id": "",
                "affiliations": [
                    {
                        "name": "The Second Affiliated Hospital of Southern University of Science and Technology;"
                    }
                ]
            },
            {
                "first_name": "Qing",
                "last_name": "He",
                "initials": "",
                "corresponding": "",
                "orcid": "",
                "current_organization_id": "",
                "researcher_id": "",
                "affiliations": [
                    {
                        "name": "The Second Affiliated Hospital of Southern University of Science and Technology;"
                    }
                ]
            },
            {
                "first_name": "Yang",
                "last_name": "Fu",
                "initials": "",
                "corresponding": "",
                "orcid": "",
                "current_organization_id": "",
                "researcher_id": "",
                "affiliations": [
                    {
                        "id": "grid.263817.9",
                        "name": "Southern University of Science and Technology",
                        "city": "Shenzhen",
                        "city_id": 1795565,
                        "country": "China",
                        "country_code": "CN",
                        "state": null,
                        "state_code": null
                    }
                ]
            },
            {
                "first_name": "Lei",
                "last_name": "Liu",
                "initials": "",
                "corresponding": "",
                "orcid": "",
                "current_organization_id": "",
                "researcher_id": "",
                "affiliations": [
                    {
                        "name": "The Second Affiliated Hospital of Southern University of Science and Technology;"
                    }
                ]
            },
            {
                "first_name": "Jun",
                "last_name": "Chen",
                "initials": "",
                "corresponding": "",
                "orcid": "",
                "current_organization_id": "",
                "researcher_id": "",
                "affiliations": [
                    {
                        "name": "The Second Affiliated Hospital of Southern University of Science and Technology;"
                    }
                ]
            }
        ]
    ],
    "type": "article"
}