{
    "date": "2020-03-05",
    "title": "Novel corona virus disease (COVID\u201019) in pregnancy: What clinical recommendations to follow?",
    "researchers": [
        {
            "id": "ur.011236757723.59",
            "last_name": "Liang",
            "first_name": "Huan",
            "research_orgs": [
                "grid.4714.6",
                "grid.8547.e",
                "grid.24381.3c",
                "grid.412312.7"
            ]
        },
        {
            "id": "ur.0674151060.03",
            "last_name": "Acharya",
            "first_name": "Ganesh",
            "orcid_id": [
                "0000-0002-1997-3107"
            ],
            "research_orgs": [
                "grid.4714.6",
                "grid.4514.4",
                "grid.10919.30",
                "grid.10858.34",
                "grid.415090.9",
                "grid.421226.1",
                "grid.24381.3c",
                "grid.412244.5",
                "grid.412326.0",
                "grid.417095.e",
                "grid.170693.a",
                "grid.412008.f",
                "grid.413611.0",
                "grid.8348.7"
            ]
        }
    ],
    "altmetric": 46.0,
    "research_org_cities": [
        {
            "id": 2673730,
            "name": "Stockholm"
        },
        {
            "id": 1796236,
            "name": "Shanghai"
        },
        {
            "id": 3133895,
            "name": "Troms\u00f8"
        }
    ],
    "open_access": [
        "Open Access - all",
        "Open Access - publisher",
        "Open Access - published"
    ],
    "research_org_countries": [
        {
            "id": "CN",
            "name": "China"
        },
        {
            "id": "NO",
            "name": "Norway"
        },
        {
            "id": "SE",
            "name": "Sweden"
        }
    ],
    "doi": "10.1111/aogs.13836",
    "research_orgs": [
        {
            "id": "grid.412312.7",
            "types": [
                "Healthcare"
            ],
            "longitude": 121.53502,
            "linkout": [
                "http://fckyy.fudan.edu.cn/en/"
            ],
            "latitude": 31.259344,
            "name": "Obstetrics and Gynecology Hospital of Fudan University",
            "city_name": "Shanghai",
            "country_name": "China"
        },
        {
            "id": "grid.412244.5",
            "acronym": "UNN",
            "types": [
                "Healthcare"
            ],
            "longitude": 18.98,
            "linkout": [
                "http://www.unn.no/?lang=en_US"
            ],
            "latitude": 69.68,
            "name": "University Hospital of North Norway",
            "city_name": "Troms\u00f8",
            "country_name": "Norway"
        },
        {
            "id": "grid.24381.3c",
            "types": [
                "Healthcare"
            ],
            "longitude": 18.032223,
            "linkout": [
                "http://www.karolinska.se/en"
            ],
            "latitude": 59.352222,
            "name": "Karolinska University Hospital",
            "city_name": "Stockholm",
            "country_name": "Sweden"
        }
    ],
    "times_cited": 0,
    "pmid": "32141062",
    "research_org_country_names": [
        "China",
        "Norway",
        "Sweden"
    ],
    "id": "pub.1125440358",
    "journal": {
        "id": "jour.1016936",
        "title": "Acta Obstetricia Et Gynecologica Scandinavica"
    },
    "year": 2020,
    "references": [
        "pub.1125042614",
        "pub.1125125609",
        "pub.1124434742",
        "pub.1124427336",
        "pub.1124295864",
        "pub.1124408081",
        "pub.1124430797",
        "pub.1124839856",
        "pub.1124843280",
        "pub.1125038121",
        "pub.1124556117"
    ],
    "author_affiliations": [
        [
            {
                "first_name": "Huan",
                "last_name": "Liang",
                "initials": "",
                "corresponding": "",
                "orcid": "",
                "current_organization_id": "grid.412312.7",
                "researcher_id": "ur.011236757723.59",
                "affiliations": [
                    {
                        "id": "grid.412312.7",
                        "name": "Obstetrics and Gynecology Hospital of Fudan University",
                        "city": "Shanghai",
                        "city_id": 1796236,
                        "country": "China",
                        "country_code": "CN",
                        "state": null,
                        "state_code": null
                    }
                ]
            },
            {
                "first_name": "Ganesh",
                "last_name": "Acharya",
                "initials": "",
                "corresponding": "",
                "orcid": "['0000-0002-1997-3107']",
                "current_organization_id": "grid.4714.6",
                "researcher_id": "ur.0674151060.03",
                "affiliations": [
                    {
                        "id": "grid.24381.3c",
                        "name": "Karolinska University Hospital",
                        "city": "Stockholm",
                        "city_id": 2673730,
                        "country": "Sweden",
                        "country_code": "SE",
                        "state": null,
                        "state_code": null
                    },
                    {
                        "name": "Women\u2019s Health and Perinatology Research Group, UiT\u2010The Arctic University of Norway and University Hospital of North Norway, Troms\u00f8, Norway"
                    },
                    {
                        "id": "grid.412244.5",
                        "name": "University Hospital of North Norway",
                        "city": "Troms\u00f8",
                        "city_id": 3133895,
                        "country": "Norway",
                        "country_code": "NO",
                        "state": null,
                        "state_code": null
                    }
                ]
            }
        ]
    ],
    "type": "article"
}