{
    "author_affiliations": [
        [
            {
                "first_name": "Kelly",
                "last_name": "Servick",
                "initials": "",
                "corresponding": "",
                "orcid": "",
                "current_organization_id": "",
                "researcher_id": "",
                "affiliations": []
            }
        ]
    ],
    "title": "Labs go quiet as researchers brace for long-term coronavirus disruptions",
    "doi": "10.1126/science.abb7259",
    "times_cited": 0,
    "journal": {
        "id": "jour.1346339",
        "title": "Science"
    },
    "year": 2020,
    "id": "pub.1125663606",
    "date": "2020-03-13",
    "type": "article"
}