{
    "volume": "30",
    "date": "2020-03-16",
    "title": "Family factors play key role in children's suicidal ideation",
    "altmetric": 1.0,
    "pages": "1-7",
    "doi": "10.1002/mhw.32273",
    "FOR": [
        {
            "id": "3177",
            "name": "1117 Public Health and Health Services"
        }
    ],
    "times_cited": 0,
    "id": "pub.1125633960",
    "issue": "11",
    "journal": {
        "id": "jour.1129514",
        "title": "Mental Health Weekly"
    },
    "year": 2020,
    "author_affiliations": [
        [
            {
                "first_name": "Valerie A.",
                "last_name": "Canady",
                "initials": "",
                "corresponding": "",
                "orcid": "",
                "current_organization_id": "",
                "researcher_id": "",
                "affiliations": []
            }
        ]
    ],
    "type": "article"
}