{
    "author_affiliations": [
        [
            {
                "first_name": "Adam",
                "last_name": "Vaughan",
                "initials": "",
                "corresponding": "",
                "orcid": "",
                "current_organization_id": "",
                "researcher_id": "",
                "affiliations": []
            }
        ]
    ],
    "title": "Number of cases across Africa remains low",
    "pages": "9",
    "issue": "3273",
    "doi": "10.1016/s0262-4079(20)30524-8",
    "times_cited": 0,
    "journal": {
        "id": "jour.1054339",
        "title": "The New Scientist"
    },
    "year": 2020,
    "id": "pub.1125622193",
    "date": "2020-03-01",
    "type": "article",
    "volume": "245"
}