{
    "author_affiliations": [
        [
            {
                "first_name": "Yanshan",
                "last_name": "He",
                "initials": "",
                "corresponding": true,
                "orcid": "",
                "current_organization_id": "",
                "researcher_id": "",
                "affiliations": [
                    {
                        "id": "grid.411290.f",
                        "name": "Lanzhou Jiaotong University",
                        "city": "Lanzhou",
                        "city_id": 1804430,
                        "country": "China",
                        "country_code": "CN",
                        "state": null,
                        "state_code": null
                    }
                ]
            },
            {
                "first_name": "Ting",
                "last_name": "Wang",
                "initials": "",
                "corresponding": "",
                "orcid": "",
                "current_organization_id": "",
                "researcher_id": "",
                "affiliations": [
                    {
                        "id": "grid.411290.f",
                        "name": "Lanzhou Jiaotong University",
                        "city": "Lanzhou",
                        "city_id": 1804430,
                        "country": "China",
                        "country_code": "CN",
                        "state": null,
                        "state_code": null
                    }
                ]
            },
            {
                "first_name": "Jianli",
                "last_name": "Xie",
                "initials": "",
                "corresponding": "",
                "orcid": "",
                "current_organization_id": "",
                "researcher_id": "",
                "affiliations": [
                    {
                        "id": "grid.411290.f",
                        "name": "Lanzhou Jiaotong University",
                        "city": "Lanzhou",
                        "city_id": 1804430,
                        "country": "China",
                        "country_code": "CN",
                        "state": null,
                        "state_code": null
                    }
                ]
            },
            {
                "first_name": "Ming",
                "last_name": "Zhang",
                "initials": "",
                "corresponding": "",
                "orcid": "",
                "current_organization_id": "",
                "researcher_id": "",
                "affiliations": [
                    {
                        "id": "grid.411290.f",
                        "name": "Lanzhou Jiaotong University",
                        "city": "Lanzhou",
                        "city_id": 1804430,
                        "country": "China",
                        "country_code": "CN",
                        "state": null,
                        "state_code": null
                    }
                ]
            }
        ]
    ],
    "FOR": [
        {
            "id": "2358",
            "name": "0104 Statistics"
        }
    ],
    "research_org_countries": [
        {
            "id": "CN",
            "name": "China"
        }
    ],
    "title": "Analysis of computer network attack based on the virus propagation model",
    "research_org_cities": [
        {
            "id": 1804430,
            "name": "Lanzhou"
        }
    ],
    "pages": "63",
    "issue": "1",
    "open_access": [
        "Open Access - all",
        "Open Access - publisher"
    ],
    "doi": "10.1186/s13638-020-1660-5",
    "times_cited": 0,
    "journal": {
        "id": "jour.1050477",
        "title": "EURASIP Journal on Wireless Communications and Networking"
    },
    "year": 2020,
    "research_orgs": [
        {
            "id": "grid.411290.f",
            "name": "Lanzhou Jiaotong University",
            "linkout": [
                "http://www.lzjtu.edu.cn/english/english.htm"
            ],
            "country_name": "China",
            "types": [
                "Education"
            ],
            "latitude": 36.123592,
            "acronym": "LZJTU ",
            "city_name": "Lanzhou",
            "longitude": 103.7233
        }
    ],
    "id": "pub.1125619806",
    "references": [
        "pub.1027611164",
        "pub.1092247977",
        "pub.1046399695",
        "pub.1040314101",
        "pub.1120990037",
        "pub.1117406728",
        "pub.1090511844",
        "pub.1043412630",
        "pub.1092560061",
        "pub.1062712882",
        "pub.1060390016",
        "pub.1062712616",
        "pub.1093356762",
        "pub.1034007333",
        "pub.1084222037",
        "pub.1092595787",
        "pub.1085199234",
        "pub.1100078149",
        "pub.1024009380",
        "pub.1055605356"
    ],
    "research_org_country_names": [
        "China"
    ],
    "date": "2020-12-01",
    "type": "article",
    "volume": "2020"
}