{
    "date": "2020-03-03",
    "title": "Inhibitors for Novel Coronavirus Protease Identified by Virtual Screening of 687 Million Compounds",
    "researchers": [
        {
            "id": "ur.015721554715.84",
            "last_name": "Fischer",
            "first_name": "Andr\u00e9"
        },
        {
            "id": "ur.016517135315.00",
            "last_name": "Sellner",
            "first_name": "Manuel",
            "orcid_id": [
                "0000-0003-3961-0175"
            ]
        },
        {
            "id": "ur.0777656415.43",
            "last_name": "Lill",
            "first_name": "Markus Alexander",
            "research_orgs": [
                "grid.419494.5",
                "grid.6612.3",
                "grid.169077.e",
                "grid.411031.6"
            ]
        },
        {
            "id": "ur.01147507511.16",
            "last_name": "Smie\u0161ko",
            "first_name": "Martin",
            "orcid_id": [
                "0000-0003-2758-2680"
            ],
            "research_orgs": [
                "grid.7634.6",
                "grid.6612.3"
            ]
        }
    ],
    "altmetric": 161.0,
    "open_access": [
        "Open Access - all",
        "Open Access - publisher",
        "Open Access - published"
    ],
    "doi": "10.26434/chemrxiv.11923239",
    "FOR": [
        {
            "id": "3114",
            "name": "1108 Medical Microbiology"
        }
    ],
    "times_cited": 0,
    "id": "pub.1125390375",
    "journal": {
        "id": "jour.1315496",
        "title": "ChemRxiv"
    },
    "year": 2020,
    "author_affiliations": [
        [
            {
                "first_name": "Andr\u00e9",
                "last_name": "Fischer",
                "initials": "",
                "corresponding": "",
                "orcid": "",
                "current_organization_id": "",
                "researcher_id": "ur.015721554715.84",
                "affiliations": []
            },
            {
                "first_name": "Manuel",
                "last_name": "Sellner",
                "initials": "",
                "corresponding": "",
                "orcid": "['0000-0003-3961-0175']",
                "current_organization_id": "",
                "researcher_id": "ur.016517135315.00",
                "affiliations": []
            },
            {
                "first_name": "Santhosh",
                "last_name": "Neranjan",
                "initials": "",
                "corresponding": "",
                "orcid": "",
                "current_organization_id": "",
                "researcher_id": "",
                "affiliations": []
            },
            {
                "first_name": "Markus A.",
                "last_name": "Lill",
                "initials": "",
                "corresponding": "",
                "orcid": "",
                "current_organization_id": "grid.169077.e",
                "researcher_id": "ur.0777656415.43",
                "affiliations": []
            },
            {
                "first_name": "Martin",
                "last_name": "Smie\u0161ko",
                "initials": "",
                "corresponding": "",
                "orcid": "['0000-0003-2758-2680']",
                "current_organization_id": "grid.6612.3",
                "researcher_id": "ur.01147507511.16",
                "affiliations": []
            }
        ]
    ],
    "type": "preprint"
}