{
    "author_affiliations": [
        [
            {
                "first_name": "Sanyi",
                "last_name": "Tang",
                "initials": "",
                "corresponding": "",
                "orcid": "['0000-0002-3324-746X']",
                "current_organization_id": "grid.412498.2",
                "researcher_id": "ur.01257655546.59",
                "affiliations": [
                    {
                        "id": "grid.412498.2",
                        "name": "Shaanxi Normal University",
                        "city": "Xi'an",
                        "city_id": 1790630,
                        "country": "China",
                        "country_code": "CN",
                        "state": null,
                        "state_code": null
                    }
                ]
            },
            {
                "first_name": "Biao",
                "last_name": "Tang",
                "initials": "",
                "corresponding": "",
                "orcid": "",
                "current_organization_id": "",
                "researcher_id": "",
                "affiliations": [
                    {
                        "id": "grid.21100.32",
                        "name": "York University",
                        "city": "Toronto",
                        "city_id": 6167865,
                        "country": "Canada",
                        "country_code": "CA",
                        "state": "Ontario",
                        "state_code": "CA-ON"
                    }
                ]
            },
            {
                "first_name": "Nicola Luigi",
                "last_name": "Bragazzi",
                "initials": "",
                "corresponding": "",
                "orcid": "['0000-0001-8409-868X']",
                "current_organization_id": "grid.5606.5",
                "researcher_id": "ur.01120673372.53",
                "affiliations": [
                    {
                        "name": "York Unversity, Canada;"
                    }
                ]
            },
            {
                "first_name": "Fan",
                "last_name": "Xia",
                "initials": "",
                "corresponding": "",
                "orcid": "",
                "current_organization_id": "",
                "researcher_id": "",
                "affiliations": [
                    {
                        "id": "grid.43169.39",
                        "name": "Xi'an Jiaotong University",
                        "city": "Xi'an",
                        "city_id": 1790630,
                        "country": "China",
                        "country_code": "CN",
                        "state": null,
                        "state_code": null
                    }
                ]
            },
            {
                "first_name": "Tangjuan",
                "last_name": "Li",
                "initials": "",
                "corresponding": "",
                "orcid": "",
                "current_organization_id": "",
                "researcher_id": "",
                "affiliations": [
                    {
                        "id": "grid.43169.39",
                        "name": "Xi'an Jiaotong University",
                        "city": "Xi'an",
                        "city_id": 1790630,
                        "country": "China",
                        "country_code": "CN",
                        "state": null,
                        "state_code": null
                    }
                ]
            },
            {
                "first_name": "Sha",
                "last_name": "He",
                "initials": "",
                "corresponding": "",
                "orcid": "",
                "current_organization_id": "",
                "researcher_id": "",
                "affiliations": [
                    {
                        "id": "grid.412498.2",
                        "name": "Shaanxi Normal University",
                        "city": "Xi'an",
                        "city_id": 1790630,
                        "country": "China",
                        "country_code": "CN",
                        "state": null,
                        "state_code": null
                    }
                ]
            },
            {
                "first_name": "Pengyu",
                "last_name": "Ren",
                "initials": "",
                "corresponding": "",
                "orcid": "",
                "current_organization_id": "",
                "researcher_id": "",
                "affiliations": [
                    {
                        "name": "The Second Affiliated Hospital of Xi'an Jiaotong University;"
                    }
                ]
            },
            {
                "first_name": "Xia",
                "last_name": "Wang",
                "initials": "",
                "corresponding": "",
                "orcid": "",
                "current_organization_id": "",
                "researcher_id": "",
                "affiliations": [
                    {
                        "id": "grid.412498.2",
                        "name": "Shaanxi Normal University",
                        "city": "Xi'an",
                        "city_id": 1790630,
                        "country": "China",
                        "country_code": "CN",
                        "state": null,
                        "state_code": null
                    }
                ]
            },
            {
                "first_name": "Zhihang",
                "last_name": "Peng",
                "initials": "",
                "corresponding": "",
                "orcid": "",
                "current_organization_id": "",
                "researcher_id": "",
                "affiliations": [
                    {
                        "id": "grid.89957.3a",
                        "name": "Nanjing Medical University",
                        "city": "Nanjing",
                        "city_id": 1799962,
                        "country": "China",
                        "country_code": "CN",
                        "state": null,
                        "state_code": null
                    }
                ]
            },
            {
                "first_name": "Yanni",
                "last_name": "Xiao",
                "initials": "",
                "corresponding": "",
                "orcid": "",
                "current_organization_id": "grid.43169.39",
                "researcher_id": "ur.0775623404.72",
                "affiliations": [
                    {
                        "id": "grid.43169.39",
                        "name": "Xi'an Jiaotong University",
                        "city": "Xi'an",
                        "city_id": 1790630,
                        "country": "China",
                        "country_code": "CN",
                        "state": null,
                        "state_code": null
                    }
                ]
            },
            {
                "first_name": "Jianhong",
                "last_name": "Wu",
                "initials": "",
                "corresponding": "",
                "orcid": "",
                "current_organization_id": "",
                "researcher_id": "",
                "affiliations": [
                    {
                        "id": "grid.21100.32",
                        "name": "York University",
                        "city": "Toronto",
                        "city_id": 6167865,
                        "country": "Canada",
                        "country_code": "CA",
                        "state": "Ontario",
                        "state_code": "CA-ON"
                    }
                ]
            }
        ]
    ],
    "altmetric": 4.0,
    "FOR": [
        {
            "id": "3177",
            "name": "1117 Public Health and Health Services"
        }
    ],
    "research_org_countries": [
        {
            "id": "CA",
            "name": "Canada"
        },
        {
            "id": "CN",
            "name": "China"
        }
    ],
    "title": "Stochastic discrete epidemic modeling of COVID-19 transmission in the Province of Shaanxi incorporating public health intervention and case importation",
    "research_org_cities": [
        {
            "id": 6167865,
            "name": "Toronto"
        },
        {
            "id": 1799962,
            "name": "Nanjing"
        },
        {
            "id": 1790630,
            "name": "Xi\u2019an"
        }
    ],
    "pages": "2020.02.25.20027615",
    "research_org_state_names": [
        "Ontario"
    ],
    "open_access": [
        "Open Access - all",
        "Open Access - publisher",
        "Open Access - published"
    ],
    "doi": "10.1101/2020.02.25.20027615",
    "times_cited": 0,
    "journal": {
        "id": "jour.1369542",
        "title": "medRxiv"
    },
    "year": 2020,
    "research_orgs": [
        {
            "id": "grid.43169.39",
            "name": "Xi'an Jiaotong University",
            "linkout": [
                "http://en.xjtu.edu.cn/"
            ],
            "country_name": "China",
            "types": [
                "Education"
            ],
            "latitude": 34.247223,
            "acronym": "XJTU",
            "city_name": "Xi'an",
            "longitude": 108.979164
        },
        {
            "id": "grid.412498.2",
            "name": "Shaanxi Normal University",
            "linkout": [
                "http://english.snnu.edu.cn/"
            ],
            "country_name": "China",
            "types": [
                "Education"
            ],
            "latitude": 34.20334,
            "acronym": "SNNU",
            "city_name": "Xi'an",
            "longitude": 108.95021
        },
        {
            "id": "grid.89957.3a",
            "name": "Nanjing Medical University",
            "linkout": [
                "http://www.njmu.edu.cn/"
            ],
            "country_name": "China",
            "types": [
                "Education"
            ],
            "latitude": 32.043846,
            "acronym": "NMU",
            "city_name": "Nanjing",
            "longitude": 118.774765
        },
        {
            "id": "grid.21100.32",
            "name": "York University",
            "linkout": [
                "http://about.yorku.ca/"
            ],
            "country_name": "Canada",
            "types": [
                "Education"
            ],
            "latitude": 43.77367,
            "state_name": "Ontario",
            "city_name": "Toronto",
            "longitude": -79.50189
        }
    ],
    "id": "pub.1125166423",
    "references": [
        "pub.1124856841",
        "pub.1125171226",
        "pub.1124769414",
        "pub.1045319346",
        "pub.1013874608",
        "pub.1124198548",
        "pub.1124408081",
        "pub.1036738500"
    ],
    "research_org_country_names": [
        "China",
        "Canada"
    ],
    "date": "2020-02-01",
    "research_org_state_codes": [
        {
            "id": "CA-ON",
            "name": "Ontario"
        }
    ],
    "researchers": [
        {
            "id": "ur.01257655546.59",
            "research_orgs": [
                "grid.7372.1",
                "grid.412498.2",
                "grid.9227.e"
            ],
            "last_name": "Tang",
            "first_name": "San Yi",
            "orcid_id": [
                "0000-0002-3324-746X"
            ]
        },
        {
            "id": "ur.01120673372.53",
            "research_orgs": [
                "grid.38678.32",
                "grid.10737.32",
                "grid.413795.d",
                "grid.460100.3",
                "grid.410345.7",
                "grid.9027.c",
                "grid.412603.2",
                "grid.21100.32",
                "grid.38603.3e",
                "grid.5606.5",
                "grid.8393.1",
                "grid.411196.a",
                "grid.20715.31",
                "grid.412124.0"
            ],
            "last_name": "Bragazzi",
            "first_name": "Nicola Luigi",
            "orcid_id": [
                "0000-0001-8409-868X"
            ]
        },
        {
            "id": "ur.0775623404.72",
            "research_orgs": [
                "grid.43169.39",
                "grid.418374.d",
                "grid.412498.2",
                "grid.9227.e",
                "grid.10025.36"
            ],
            "last_name": "Xiao",
            "first_name": "Yan-Ni"
        }
    ],
    "type": "article"
}