{
    "volume": "368",
    "date": "2020-03-11",
    "title": "Covid-19: Trump proposes tax cuts and improved health insurance, but millions are not covered",
    "altmetric": 9.0,
    "pages": "m993",
    "open_access": [
        "Open Access - all",
        "Open Access - publisher",
        "Open Access - published"
    ],
    "doi": "10.1136/bmj.m993",
    "times_cited": 0,
    "pmid": "32161091",
    "id": "pub.1125559884",
    "journal": {
        "id": "jour.1017377",
        "title": "The BMJ"
    },
    "year": 2020,
    "author_affiliations": [
        [
            {
                "first_name": "Janice Hopkins",
                "last_name": "Tanne",
                "initials": "",
                "corresponding": "",
                "orcid": "",
                "current_organization_id": "",
                "researcher_id": "",
                "affiliations": [
                    {
                        "name": "New York."
                    }
                ]
            }
        ]
    ],
    "type": "article"
}