{
    "volume": "367",
    "date": "2020-03-13",
    "title": "Revisiting memory",
    "altmetric": 1.0,
    "pages": "1207-1208",
    "doi": "10.1126/science.367.6483.1207-f",
    "times_cited": 0,
    "id": "pub.1125611935",
    "issue": "6483",
    "journal": {
        "id": "jour.1346339",
        "title": "Science"
    },
    "year": 2020,
    "author_affiliations": [
        [
            {
                "first_name": "Anand",
                "last_name": "Balasubramani",
                "initials": "",
                "corresponding": "",
                "orcid": "",
                "current_organization_id": "",
                "researcher_id": "",
                "affiliations": []
            }
        ]
    ],
    "type": "article"
}