{
    "author_affiliations": [
        [
            {
                "first_name": "Chek Meng",
                "last_name": "Poh",
                "initials": "",
                "corresponding": "",
                "orcid": "",
                "current_organization_id": "",
                "researcher_id": "",
                "affiliations": [
                    {
                        "id": "grid.194645.b",
                        "name": "University of Hong Kong",
                        "city": "Hong Kong",
                        "city_id": 1819729,
                        "country": "China",
                        "country_code": "CN",
                        "state": null,
                        "state_code": null
                    }
                ]
            },
            {
                "first_name": "Jian",
                "last_name": "Zheng",
                "initials": "",
                "corresponding": "",
                "orcid": "",
                "current_organization_id": "",
                "researcher_id": "",
                "affiliations": [
                    {
                        "id": "grid.214572.7",
                        "name": "University of Iowa",
                        "city": "Iowa City",
                        "city_id": 4862034,
                        "country": "United States",
                        "country_code": "US",
                        "state": "Iowa",
                        "state_code": "US-IA"
                    }
                ]
            },
            {
                "first_name": "Rudragouda",
                "last_name": "Channappanavar",
                "initials": "",
                "corresponding": "",
                "orcid": "",
                "current_organization_id": "",
                "researcher_id": "",
                "affiliations": [
                    {
                        "id": "grid.214572.7",
                        "name": "University of Iowa",
                        "city": "Iowa City",
                        "city_id": 4862034,
                        "country": "United States",
                        "country_code": "US",
                        "state": "Iowa",
                        "state_code": "US-IA"
                    }
                ]
            },
            {
                "first_name": "Zi Wei",
                "last_name": "Chang",
                "initials": "",
                "corresponding": "",
                "orcid": "",
                "current_organization_id": "",
                "researcher_id": "",
                "affiliations": [
                    {
                        "id": "grid.430276.4",
                        "name": "Singapore Immunology Network",
                        "city": "Singapore",
                        "city_id": 1880252,
                        "country": "Singapore",
                        "country_code": "SG",
                        "state": null,
                        "state_code": null
                    }
                ]
            },
            {
                "first_name": "Thi H. O.",
                "last_name": "Nguyen",
                "initials": "",
                "corresponding": "",
                "orcid": "",
                "current_organization_id": "",
                "researcher_id": "",
                "affiliations": [
                    {
                        "id": "grid.1008.9",
                        "name": "University of Melbourne",
                        "city": "Melbourne",
                        "city_id": 2158177,
                        "country": "Australia",
                        "country_code": "AU",
                        "state": "Victoria",
                        "state_code": "AU-VIC"
                    }
                ]
            },
            {
                "first_name": "Laurent",
                "last_name": "R\u00e9nia",
                "initials": "",
                "corresponding": "",
                "orcid": "",
                "current_organization_id": "",
                "researcher_id": "",
                "affiliations": [
                    {
                        "id": "grid.430276.4",
                        "name": "Singapore Immunology Network",
                        "city": "Singapore",
                        "city_id": 1880252,
                        "country": "Singapore",
                        "country_code": "SG",
                        "state": null,
                        "state_code": null
                    }
                ]
            },
            {
                "first_name": "Katherine",
                "last_name": "Kedzierska",
                "initials": "",
                "corresponding": "",
                "orcid": "",
                "current_organization_id": "",
                "researcher_id": "",
                "affiliations": [
                    {
                        "id": "grid.1008.9",
                        "name": "University of Melbourne",
                        "city": "Melbourne",
                        "city_id": 2158177,
                        "country": "Australia",
                        "country_code": "AU",
                        "state": "Victoria",
                        "state_code": "AU-VIC"
                    }
                ]
            },
            {
                "first_name": "Stanley",
                "last_name": "Perlman",
                "initials": "",
                "corresponding": "",
                "orcid": "",
                "current_organization_id": "",
                "researcher_id": "",
                "affiliations": [
                    {
                        "id": "grid.214572.7",
                        "name": "University of Iowa",
                        "city": "Iowa City",
                        "city_id": 4862034,
                        "country": "United States",
                        "country_code": "US",
                        "state": "Iowa",
                        "state_code": "US-IA"
                    }
                ]
            },
            {
                "first_name": "Leo L. M.",
                "last_name": "Poon",
                "initials": "",
                "corresponding": "",
                "orcid": "",
                "current_organization_id": "",
                "researcher_id": "",
                "affiliations": [
                    {
                        "id": "grid.194645.b",
                        "name": "University of Hong Kong",
                        "city": "Hong Kong",
                        "city_id": 1819729,
                        "country": "China",
                        "country_code": "CN",
                        "state": null,
                        "state_code": null
                    }
                ]
            }
        ]
    ],
    "FOR": [
        {
            "id": "3103",
            "name": "1107 Immunology"
        }
    ],
    "research_org_countries": [
        {
            "id": "US",
            "name": "United States"
        },
        {
            "id": "SG",
            "name": "Singapore"
        },
        {
            "id": "CN",
            "name": "China"
        },
        {
            "id": "AU",
            "name": "Australia"
        }
    ],
    "title": "Multiplex Screening Assay for Identifying Cytotoxic CD8+ T Cell Epitopes",
    "research_org_cities": [
        {
            "id": 1819729,
            "name": "Hong Kong"
        },
        {
            "id": 4862034,
            "name": "Iowa City"
        },
        {
            "id": 1880252,
            "name": "Singapore"
        },
        {
            "id": 2158177,
            "name": "Melbourne"
        }
    ],
    "pages": "400",
    "research_org_state_names": [
        "Iowa",
        "Victoria"
    ],
    "open_access": [
        "Open Access - all",
        "Open Access - publisher",
        "Open Access - published"
    ],
    "doi": "10.3389/fimmu.2020.00400",
    "times_cited": 0,
    "journal": {
        "id": "jour.1045166",
        "title": "Frontiers in Immunology"
    },
    "year": 2020,
    "research_orgs": [
        {
            "id": "grid.214572.7",
            "name": "University of Iowa",
            "linkout": [
                "http://www.uiowa.edu/"
            ],
            "country_name": "United States",
            "types": [
                "Education"
            ],
            "latitude": 41.662952,
            "acronym": "UI",
            "state_name": "Iowa",
            "city_name": "Iowa City",
            "longitude": -91.554924
        },
        {
            "id": "grid.194645.b",
            "name": "University of Hong Kong",
            "linkout": [
                "http://www.hku.hk/"
            ],
            "country_name": "China",
            "types": [
                "Education"
            ],
            "latitude": 22.283287,
            "acronym": "HKU",
            "state_name": "Hong Kong",
            "city_name": "Hong Kong",
            "longitude": 114.13708
        },
        {
            "id": "grid.1008.9",
            "name": "University of Melbourne",
            "linkout": [
                "http://www.unimelb.edu.au/"
            ],
            "country_name": "Australia",
            "types": [
                "Education"
            ],
            "latitude": -37.797115,
            "state_name": "Victoria",
            "city_name": "Melbourne",
            "longitude": 144.95998
        },
        {
            "id": "grid.430276.4",
            "name": "Singapore Immunology Network",
            "linkout": [
                "http://www.a-star.edu.sg/sign"
            ],
            "country_name": "Singapore",
            "types": [
                "Facility"
            ],
            "latitude": 1.305825,
            "acronym": "SIgN",
            "city_name": "Singapore",
            "longitude": 103.79646
        }
    ],
    "id": "pub.1125548651",
    "references": [
        "pub.1062572138",
        "pub.1001252705",
        "pub.1074951596",
        "pub.1022228589",
        "pub.1085380849",
        "pub.1063224931",
        "pub.1041294131",
        "pub.1049430637",
        "pub.1016741207",
        "pub.1101038526",
        "pub.1007756925",
        "pub.1083275735",
        "pub.1029032431",
        "pub.1018803723",
        "pub.1076855532",
        "pub.1085733502",
        "pub.1100479910",
        "pub.1100552643",
        "pub.1014893145",
        "pub.1039167797",
        "pub.1008453718",
        "pub.1081369540",
        "pub.1080718861",
        "pub.1030181613",
        "pub.1026183611",
        "pub.1042878251",
        "pub.1017174398",
        "pub.1000406004",
        "pub.1044722315",
        "pub.1077458169",
        "pub.1035639368",
        "pub.1062649195",
        "pub.1037175913",
        "pub.1051422292",
        "pub.1038934097"
    ],
    "research_org_country_names": [
        "Australia",
        "United States",
        "China",
        "Singapore"
    ],
    "date": "2020-03-11",
    "type": "article",
    "volume": "11"
}