{
    "volume": "203",
    "date": "2014-10-01",
    "title": "Middle East respiratory syndrome coronavirus (MERS-CoV) infection: chest CT findings.",
    "researchers": [
        {
            "id": "ur.01336056245.25",
            "last_name": "Ajlan",
            "first_name": "Amr Mohammad",
            "research_orgs": [
                "grid.412126.2",
                "grid.412125.1",
                "grid.17091.3e",
                "grid.416099.3",
                "grid.14709.3b"
            ]
        },
        {
            "id": "ur.0611772150.85",
            "last_name": "Ahyad",
            "first_name": "Rayan A",
            "research_orgs": [
                "grid.17063.33",
                "grid.42327.30"
            ]
        },
        {
            "id": "ur.0660105350.51",
            "last_name": "Jamjoom",
            "first_name": "Lamia Ghazi"
        },
        {
            "id": "ur.01327056020.46",
            "last_name": "Madani",
            "first_name": "Tariq Ahmed",
            "research_orgs": [
                "grid.412832.e",
                "grid.7445.2",
                "grid.416738.f",
                "grid.412126.2",
                "grid.28046.38",
                "grid.412125.1",
                "grid.415310.2",
                "grid.415696.9",
                "grid.7776.1"
            ]
        }
    ],
    "altmetric": 28.0,
    "pages": "782-7",
    "research_org_cities": [
        {
            "id": 105343,
            "name": "Jeddah"
        }
    ],
    "research_org_countries": [
        {
            "id": "SA",
            "name": "Saudi Arabia"
        },
        {
            "id": "UG",
            "name": "Uganda"
        },
        {
            "id": "NP",
            "name": "Nepal"
        },
        {
            "id": "GH",
            "name": "Ghana"
        }
    ],
    "doi": "10.2214/ajr.14.13021",
    "FOR": [
        {
            "id": "3053",
            "name": "1103 Clinical Sciences"
        }
    ],
    "times_cited": 52,
    "pmid": "24918624",
    "research_org_country_names": [
        "Saudi Arabia",
        "Ghana",
        "Uganda",
        "Nepal"
    ],
    "id": "pub.1069303835",
    "issue": "4",
    "journal": {
        "id": "jour.1018528",
        "title": "American Journal of Roentgenology"
    },
    "year": 2014,
    "references": [
        "pub.1005008666",
        "pub.1025710658",
        "pub.1051774334",
        "pub.1035976534",
        "pub.1043875870",
        "pub.1073742188",
        "pub.1069300551",
        "pub.1019703731",
        "pub.1078044012",
        "pub.1078812373",
        "pub.1043250391",
        "pub.1015127616",
        "pub.1052931897",
        "pub.1026954099",
        "pub.1032608484"
    ],
    "relative_citation_ratio": 1.85,
    "author_affiliations": [
        [
            {
                "first_name": "Amr M",
                "last_name": "Ajlan",
                "initials": "",
                "corresponding": "",
                "orcid": "",
                "current_organization_id": "grid.412125.1",
                "researcher_id": "ur.01336056245.25",
                "affiliations": [
                    {
                        "name": "1 Cardiothoracic Imaging Unit, Department of Radiology, King Abdulaziz University Hospital, King Abdulaziz University, Jeddah, Western Region, Saudi Arabia."
                    }
                ]
            },
            {
                "first_name": "Rayan A",
                "last_name": "Ahyad",
                "initials": "",
                "corresponding": "",
                "orcid": "",
                "current_organization_id": "grid.42327.30",
                "researcher_id": "ur.0611772150.85",
                "affiliations": []
            },
            {
                "first_name": "Lamia Ghazi",
                "last_name": "Jamjoom",
                "initials": "",
                "corresponding": "",
                "orcid": "",
                "current_organization_id": "",
                "researcher_id": "ur.0660105350.51",
                "affiliations": []
            },
            {
                "first_name": "Ahmed",
                "last_name": "Alharthy",
                "initials": "",
                "corresponding": "",
                "orcid": "",
                "current_organization_id": "",
                "researcher_id": "",
                "affiliations": []
            },
            {
                "first_name": "Tariq A",
                "last_name": "Madani",
                "initials": "",
                "corresponding": "",
                "orcid": "",
                "current_organization_id": "grid.412125.1",
                "researcher_id": "ur.01327056020.46",
                "affiliations": []
            }
        ]
    ],
    "type": "article"
}