{
    "pmid": "32109012",
    "author_affiliations": [
        [
            {
                "first_name": "Bill",
                "last_name": "Gates",
                "initials": "",
                "corresponding": "",
                "orcid": "",
                "current_organization_id": "grid.418309.7",
                "researcher_id": "ur.01212221236.82",
                "affiliations": [
                    {
                        "id": "grid.418309.7",
                        "name": "Bill & Melinda Gates Foundation",
                        "city": "Seattle",
                        "city_id": 5809844,
                        "country": "United States",
                        "country_code": "US",
                        "state": "Washington",
                        "state_code": "US-WA"
                    }
                ]
            }
        ]
    ],
    "altmetric": 5262.0,
    "research_org_countries": [
        {
            "id": "US",
            "name": "United States"
        }
    ],
    "title": "Responding to Covid-19 \u2014 A Once-in-a-Century Pandemic?",
    "research_org_cities": [
        {
            "id": 5809844,
            "name": "Seattle"
        }
    ],
    "research_org_state_names": [
        "Washington"
    ],
    "open_access": [
        "Open Access - all",
        "Open Access - publisher",
        "Open Access - published"
    ],
    "doi": "10.1056/nejmp2003762",
    "times_cited": 2,
    "journal": {
        "id": "jour.1014075",
        "title": "New England Journal of Medicine"
    },
    "year": 2020,
    "research_orgs": [
        {
            "id": "grid.418309.7",
            "name": "Bill & Melinda Gates Foundation",
            "linkout": [
                "http://www.gatesfoundation.org/"
            ],
            "country_name": "United States",
            "types": [
                "Nonprofit"
            ],
            "latitude": 47.62361,
            "acronym": "BMGF ",
            "state_name": "Washington",
            "city_name": "Seattle",
            "longitude": -122.34556
        }
    ],
    "id": "pub.1125148265",
    "references": [
        "pub.1038352887",
        "pub.1010950932",
        "pub.1104295370",
        "pub.1124955242"
    ],
    "research_org_country_names": [
        "United States"
    ],
    "date": "2020-02-28",
    "research_org_state_codes": [
        {
            "id": "US-WA",
            "name": "Washington"
        }
    ],
    "researchers": [
        {
            "id": "ur.01212221236.82",
            "research_orgs": [
                "grid.418309.7"
            ],
            "last_name": "Gates",
            "first_name": "Bill"
        }
    ],
    "type": "article"
}