{
    "research_orgs": [
        {
            "id": "grid.452842.d",
            "linkout": [
                "http://www.zzusah.com/"
            ],
            "city_name": "Zhengzhou",
            "longitude": 113.67056,
            "latitude": 34.766182,
            "name": "Second Affiliated Hospital of Zhengzhou University",
            "types": [
                "Healthcare"
            ],
            "country_name": "China"
        },
        {
            "id": "grid.410726.6",
            "linkout": [
                "http://www.ucas.ac.cn/"
            ],
            "city_name": "Beijing",
            "longitude": 116.25057,
            "acronym": "UCAS",
            "latitude": 39.909058,
            "name": "University of Chinese Academy of Sciences",
            "types": [
                "Education"
            ],
            "country_name": "China"
        },
        {
            "id": "grid.439104.b",
            "linkout": [
                "http://english.whiov.cas.cn/"
            ],
            "city_name": "Wuhan",
            "longitude": 114.26543,
            "acronym": "WIV",
            "latitude": 30.375658,
            "name": "Wuhan Institute Of Virology",
            "types": [
                "Facility"
            ],
            "country_name": "China"
        },
        {
            "id": "grid.256884.5",
            "linkout": [
                "http://www.hebtu.edu.cn/"
            ],
            "city_name": "Shijiazhuang",
            "longitude": 114.45436,
            "latitude": 38.008553,
            "name": "Hebei Normal University",
            "types": [
                "Education"
            ],
            "country_name": "China"
        }
    ],
    "research_org_country_names": [
        "China"
    ],
    "pmid": "32032614",
    "title": "Novel coronavirus is putting the whole world on alert",
    "type": "article",
    "year": 2020,
    "journal": {
        "id": "jour.1091447",
        "title": "Journal of Hospital Infection"
    },
    "researchers": [
        {
            "id": "ur.01251110454.93",
            "research_orgs": [
                "grid.429211.d",
                "grid.410726.6",
                "grid.411112.6",
                "grid.207374.5",
                "grid.9227.e",
                "grid.1022.1",
                "grid.412621.2",
                "grid.452842.d",
                "grid.453722.5"
            ],
            "first_name": "Suliman",
            "last_name": "Khan",
            "orcid_id": [
                "0000-0003-4954-0748"
            ]
        },
        {
            "id": "ur.015003275605.61",
            "research_orgs": [
                "grid.410726.6",
                "grid.439104.b"
            ],
            "first_name": "A",
            "last_name": "Ali"
        },
        {
            "id": "ur.011730007735.09",
            "research_orgs": [
                "grid.412298.4",
                "grid.207374.5",
                "grid.33199.31",
                "grid.452842.d",
                "grid.413016.1"
            ],
            "first_name": "Rabeea",
            "last_name": "Siddique"
        },
        {
            "id": "ur.013041122235.99",
            "research_orgs": [
                "grid.410726.6",
                "grid.429211.d",
                "grid.412621.2",
                "grid.444938.6",
                "grid.256884.5",
                "grid.9227.e"
            ],
            "first_name": "Ghulam",
            "last_name": "Nabi"
        }
    ],
    "research_org_countries": [
        {
            "id": "CN",
            "name": "China"
        }
    ],
    "date": "2020-03-01",
    "altmetric": 9.0,
    "pages": "252-253",
    "id": "pub.1124557734",
    "volume": "104",
    "issue": "3",
    "research_org_cities": [
        {
            "id": 1784658,
            "name": "Zhengzhou"
        },
        {
            "id": 1795270,
            "name": "Shijiazhuang"
        },
        {
            "id": 1816670,
            "name": "Beijing"
        },
        {
            "id": 1791247,
            "name": "Wuhan"
        }
    ],
    "open_access": [
        "Open Access - all",
        "Open Access - publisher",
        "Open Access - published"
    ],
    "author_affiliations": [
        [
            {
                "first_name": "S.",
                "last_name": "Khan",
                "initials": "",
                "corresponding": true,
                "orcid": "['0000-0003-4954-0748']",
                "current_organization_id": "grid.410726.6",
                "researcher_id": "ur.01251110454.93",
                "affiliations": [
                    {
                        "id": "grid.452842.d",
                        "name": "Second Affiliated Hospital of Zhengzhou University",
                        "city": "Zhengzhou",
                        "city_id": 1784658,
                        "country": "China",
                        "country_code": "CN",
                        "state": null,
                        "state_code": null
                    },
                    {
                        "name": "Henan Medical Key Laboratory of Translational Cerebrovascular Diseases, Zhengzhou, China"
                    }
                ]
            },
            {
                "first_name": "A.",
                "last_name": "Ali",
                "initials": "",
                "corresponding": "",
                "orcid": "",
                "current_organization_id": "grid.439104.b",
                "researcher_id": "ur.015003275605.61",
                "affiliations": [
                    {
                        "id": "grid.439104.b",
                        "name": "Wuhan Institute Of Virology",
                        "city": "Wuhan",
                        "city_id": 1791247,
                        "country": "China",
                        "country_code": "CN",
                        "state": null,
                        "state_code": null
                    },
                    {
                        "id": "grid.410726.6",
                        "name": "University of Chinese Academy of Sciences",
                        "city": "Beijing",
                        "city_id": 1816670,
                        "country": "China",
                        "country_code": "CN",
                        "state": null,
                        "state_code": null
                    }
                ]
            },
            {
                "first_name": "R.",
                "last_name": "Siddique",
                "initials": "",
                "corresponding": "",
                "orcid": "",
                "current_organization_id": "grid.452842.d",
                "researcher_id": "ur.011730007735.09",
                "affiliations": [
                    {
                        "id": "grid.452842.d",
                        "name": "Second Affiliated Hospital of Zhengzhou University",
                        "city": "Zhengzhou",
                        "city_id": 1784658,
                        "country": "China",
                        "country_code": "CN",
                        "state": null,
                        "state_code": null
                    },
                    {
                        "name": "Henan Medical Key Laboratory of Translational Cerebrovascular Diseases, Zhengzhou, China"
                    }
                ]
            },
            {
                "first_name": "G.",
                "last_name": "Nabi",
                "initials": "",
                "corresponding": true,
                "orcid": "",
                "current_organization_id": "grid.429211.d",
                "researcher_id": "ur.013041122235.99",
                "affiliations": [
                    {
                        "id": "grid.256884.5",
                        "name": "Hebei Normal University",
                        "city": "Shijiazhuang",
                        "city_id": 1795270,
                        "country": "China",
                        "country_code": "CN",
                        "state": null,
                        "state_code": null
                    }
                ]
            }
        ]
    ],
    "doi": "10.1016/j.jhin.2020.01.019",
    "times_cited": 5,
    "references": [
        "pub.1039123315",
        "pub.1124290823",
        "pub.1086120002"
    ]
}