{
    "date": "2020-03-01",
    "title": "Chloroquine and hydroxychloroquine as available weapons to fight COVID-19",
    "researchers": [
        {
            "id": "ur.01067702353.52",
            "last_name": "Colson",
            "first_name": "Philippe",
            "orcid_id": [
                "0000-0001-6285-0308"
            ],
            "research_orgs": [
                "grid.411266.6",
                "grid.413738.a",
                "grid.5399.6",
                "grid.134996.0",
                "grid.483853.1",
                "grid.464138.c",
                "grid.414336.7",
                "grid.414438.e"
            ]
        },
        {
            "id": "ur.0576561277.28",
            "last_name": "Rolain",
            "first_name": "Jean-Marc",
            "research_orgs": [
                "grid.4991.5",
                "grid.418249.2",
                "grid.416738.f",
                "grid.5399.6",
                "grid.411324.1",
                "grid.489897.3",
                "grid.416302.2",
                "grid.66875.3a",
                "grid.414244.3",
                "grid.32224.35",
                "grid.442401.7",
                "grid.428999.7",
                "grid.411266.6",
                "grid.416050.6",
                "grid.483853.1",
                "grid.8191.1",
                "grid.412032.6",
                "grid.464138.c",
                "grid.10223.32",
                "grid.412247.6",
                "grid.15276.37",
                "grid.9723.f",
                "grid.414336.7",
                "grid.10400.35",
                "grid.121334.6"
            ]
        },
        {
            "id": "ur.01004721606.00",
            "last_name": "Lagier",
            "first_name": "Jean-Christophe",
            "research_orgs": [
                "grid.8191.1",
                "grid.414244.3",
                "grid.464138.c",
                "grid.4367.6",
                "grid.414336.7",
                "grid.483853.1",
                "grid.415696.9",
                "grid.414601.6",
                "grid.40263.33",
                "grid.4444.0",
                "grid.411266.6",
                "grid.418291.7",
                "grid.5399.6"
            ]
        },
        {
            "id": "ur.01131114571.12",
            "last_name": "Brouqui",
            "first_name": "Philippe",
            "research_orgs": [
                "grid.414244.3",
                "grid.418221.c",
                "grid.411535.7",
                "grid.411266.6",
                "grid.5399.6",
                "grid.262285.9",
                "grid.483853.1",
                "grid.428999.7",
                "grid.413858.3",
                "grid.265436.0",
                "grid.4444.0",
                "grid.32224.35",
                "grid.415696.9",
                "grid.414336.7",
                "grid.457381.c",
                "grid.4399.7",
                "grid.428531.9",
                "grid.268397.1",
                "grid.464138.c",
                "grid.10025.36"
            ]
        },
        {
            "id": "ur.013145671557.48",
            "last_name": "Raoult",
            "first_name": "Didier A",
            "orcid_id": [
                "0000-0002-0633-5974"
            ],
            "research_orgs": [
                "grid.416738.f",
                "grid.8515.9",
                "grid.33070.37",
                "grid.414244.3",
                "grid.8761.8",
                "grid.411123.4",
                "grid.428999.7",
                "grid.418443.e",
                "grid.411266.6",
                "grid.412587.d",
                "grid.4818.5",
                "grid.55325.34",
                "grid.13001.33",
                "grid.418129.7",
                "grid.414601.6",
                "grid.464138.c",
                "grid.11505.30",
                "grid.10223.32",
                "grid.428531.9",
                "grid.15276.37",
                "grid.10400.35",
                "grid.6363.0",
                "grid.414346.0",
                "grid.265436.0",
                "grid.442417.0",
                "grid.38142.3c",
                "grid.418508.0",
                "grid.416302.2",
                "grid.7459.f",
                "grid.9786.0",
                "grid.412125.1",
                "grid.50125.33",
                "grid.10711.36",
                "grid.262285.9",
                "grid.416050.6",
                "grid.5253.1",
                "grid.27860.3b",
                "grid.27755.32",
                "grid.411535.7",
                "grid.11586.3b",
                "grid.483853.1",
                "grid.502965.d",
                "grid.412032.6",
                "grid.418291.7",
                "grid.440479.a",
                "grid.39382.33",
                "grid.13652.33",
                "grid.492690.0",
                "grid.419171.b",
                "grid.9723.f",
                "grid.10025.36",
                "grid.121334.6",
                "grid.466123.4",
                "grid.4991.5",
                "grid.412433.3",
                "grid.5399.6",
                "grid.4399.7",
                "grid.418510.9",
                "grid.4367.6",
                "grid.66875.3a",
                "grid.411024.2",
                "grid.32224.35",
                "grid.418539.2",
                "grid.176731.5",
                "grid.413327.0",
                "grid.239395.7",
                "grid.277151.7",
                "grid.134996.0",
                "grid.419303.c",
                "grid.414336.7",
                "grid.411903.e",
                "grid.419184.1",
                "grid.489897.3",
                "grid.413858.3",
                "grid.4444.0",
                "grid.48004.38",
                "grid.40263.33",
                "grid.40803.3f",
                "grid.444910.c",
                "grid.436183.b",
                "grid.414438.e",
                "grid.8191.1",
                "grid.412247.6",
                "grid.417579.9",
                "grid.423677.3",
                "grid.271308.f",
                "grid.440366.3"
            ]
        }
    ],
    "altmetric": 843.0,
    "pages": "105932",
    "research_org_cities": [
        {
            "id": 2995469,
            "name": "Marseille"
        }
    ],
    "open_access": [
        "Open Access - all",
        "Open Access - publisher",
        "Open Access - published"
    ],
    "research_org_countries": [
        {
            "id": "FR",
            "name": "France"
        }
    ],
    "doi": "10.1016/j.ijantimicag.2020.105932",
    "times_cited": 2,
    "research_orgs": [
        {
            "id": "grid.483853.1",
            "types": [
                "Other"
            ],
            "longitude": 5.400684,
            "linkout": [
                "http://en.mediterranee-infection.com/"
            ],
            "latitude": 43.28995,
            "name": "M\u00e9diterran\u00e9e Infection Foundation",
            "city_name": "Marseille",
            "country_name": "France"
        }
    ],
    "pmid": "32145363",
    "research_org_country_names": [
        "France"
    ],
    "id": "pub.1125342528",
    "journal": {
        "id": "jour.1101623",
        "title": "International Journal of Antimicrobial Agents"
    },
    "year": 2020,
    "references": [
        "pub.1046350383",
        "pub.1032489858",
        "pub.1052154593",
        "pub.1125029008",
        "pub.1103623943",
        "pub.1010521118",
        "pub.1011477162",
        "pub.1005424791",
        "pub.1008915967",
        "pub.1029820531",
        "pub.1027561779",
        "pub.1055950309",
        "pub.1002792015",
        "pub.1124902066",
        "pub.1035598328",
        "pub.1021580019",
        "pub.1012228201",
        "pub.1124953197",
        "pub.1036325610",
        "pub.1124556117",
        "pub.1040234648"
    ],
    "author_affiliations": [
        [
            {
                "first_name": "Philippe",
                "last_name": "Colson",
                "initials": "",
                "corresponding": "",
                "orcid": "['0000-0001-6285-0308']",
                "current_organization_id": "grid.483853.1",
                "researcher_id": "ur.01067702353.52",
                "affiliations": [
                    {
                        "name": "Aix-Marseille Univerist\u00e9, Institut de Recherche pour le D\u00e9veloppement (IRD), Assistance Publique\u2013H\u00f4pitaux de Marseille (AP-HM), MEPHI, 27 boulevard Jean Moulin, 13005 Marseille, France"
                    },
                    {
                        "id": "grid.483853.1",
                        "name": "M\u00e9diterran\u00e9e Infection Foundation",
                        "city": "Marseille",
                        "city_id": 2995469,
                        "country": "France",
                        "country_code": "FR",
                        "state": null,
                        "state_code": null
                    }
                ]
            },
            {
                "first_name": "Jean-Marc",
                "last_name": "Rolain",
                "initials": "",
                "corresponding": "",
                "orcid": "",
                "current_organization_id": "grid.483853.1",
                "researcher_id": "ur.0576561277.28",
                "affiliations": [
                    {
                        "name": "Aix-Marseille Univerist\u00e9, Institut de Recherche pour le D\u00e9veloppement (IRD), Assistance Publique\u2013H\u00f4pitaux de Marseille (AP-HM), MEPHI, 27 boulevard Jean Moulin, 13005 Marseille, France"
                    },
                    {
                        "id": "grid.483853.1",
                        "name": "M\u00e9diterran\u00e9e Infection Foundation",
                        "city": "Marseille",
                        "city_id": 2995469,
                        "country": "France",
                        "country_code": "FR",
                        "state": null,
                        "state_code": null
                    }
                ]
            },
            {
                "first_name": "Jean-Christophe",
                "last_name": "Lagier",
                "initials": "",
                "corresponding": "",
                "orcid": "",
                "current_organization_id": "grid.483853.1",
                "researcher_id": "ur.01004721606.00",
                "affiliations": [
                    {
                        "name": "Aix-Marseille Univerist\u00e9, Institut de Recherche pour le D\u00e9veloppement (IRD), Assistance Publique\u2013H\u00f4pitaux de Marseille (AP-HM), MEPHI, 27 boulevard Jean Moulin, 13005 Marseille, France"
                    },
                    {
                        "id": "grid.483853.1",
                        "name": "M\u00e9diterran\u00e9e Infection Foundation",
                        "city": "Marseille",
                        "city_id": 2995469,
                        "country": "France",
                        "country_code": "FR",
                        "state": null,
                        "state_code": null
                    }
                ]
            },
            {
                "first_name": "Philippe",
                "last_name": "Brouqui",
                "initials": "",
                "corresponding": "",
                "orcid": "",
                "current_organization_id": "grid.483853.1",
                "researcher_id": "ur.01131114571.12",
                "affiliations": [
                    {
                        "name": "Aix-Marseille Univerist\u00e9, Institut de Recherche pour le D\u00e9veloppement (IRD), Assistance Publique\u2013H\u00f4pitaux de Marseille (AP-HM), MEPHI, 27 boulevard Jean Moulin, 13005 Marseille, France"
                    },
                    {
                        "id": "grid.483853.1",
                        "name": "M\u00e9diterran\u00e9e Infection Foundation",
                        "city": "Marseille",
                        "city_id": 2995469,
                        "country": "France",
                        "country_code": "FR",
                        "state": null,
                        "state_code": null
                    }
                ]
            },
            {
                "first_name": "Didier",
                "last_name": "Raoult",
                "initials": "",
                "corresponding": true,
                "orcid": "['0000-0002-0633-5974']",
                "current_organization_id": "grid.483853.1",
                "researcher_id": "ur.013145671557.48",
                "affiliations": [
                    {
                        "name": "Aix-Marseille Univerist\u00e9, Institut de Recherche pour le D\u00e9veloppement (IRD), Assistance Publique\u2013H\u00f4pitaux de Marseille (AP-HM), MEPHI, 27 boulevard Jean Moulin, 13005 Marseille, France"
                    },
                    {
                        "id": "grid.483853.1",
                        "name": "M\u00e9diterran\u00e9e Infection Foundation",
                        "city": "Marseille",
                        "city_id": 2995469,
                        "country": "France",
                        "country_code": "FR",
                        "state": null,
                        "state_code": null
                    }
                ]
            }
        ]
    ],
    "type": "article"
}