{
    "pmid": "32127125",
    "author_affiliations": [
        [
            {
                "first_name": "Chantal B",
                "last_name": "Reusken",
                "initials": "",
                "corresponding": "",
                "orcid": "",
                "current_organization_id": "grid.5645.2",
                "researcher_id": "ur.011471250107.18",
                "affiliations": [
                    {
                        "id": "grid.31147.30",
                        "name": "National Institute for Public Health and the Environment",
                        "city": "De Bilt",
                        "city_id": 2757783,
                        "country": "Netherlands",
                        "country_code": "NL",
                        "state": null,
                        "state_code": null
                    }
                ]
            },
            {
                "first_name": "Bart",
                "last_name": "Haagmans",
                "initials": "",
                "corresponding": "",
                "orcid": "['0000-0001-6221-2015']",
                "current_organization_id": "grid.5645.2",
                "researcher_id": "ur.015465550657.43",
                "affiliations": [
                    {
                        "id": "grid.5645.2",
                        "name": "Erasmus University Medical Center",
                        "city": "Rotterdam",
                        "city_id": 2747891,
                        "country": "Netherlands",
                        "country_code": "NL",
                        "state": null,
                        "state_code": null
                    }
                ]
            },
            {
                "first_name": "Adam",
                "last_name": "Meijer",
                "initials": "",
                "corresponding": "",
                "orcid": "",
                "current_organization_id": "grid.31147.30",
                "researcher_id": "ur.014631565732.21",
                "affiliations": [
                    {
                        "id": "grid.31147.30",
                        "name": "National Institute for Public Health and the Environment",
                        "city": "De Bilt",
                        "city_id": 2757783,
                        "country": "Netherlands",
                        "country_code": "NL",
                        "state": null,
                        "state_code": null
                    }
                ]
            },
            {
                "first_name": "Victor M",
                "last_name": "Corman",
                "initials": "",
                "corresponding": "",
                "orcid": "['0000-0002-3605-0136']",
                "current_organization_id": "grid.6363.0",
                "researcher_id": "ur.01010416173.31",
                "affiliations": [
                    {
                        "id": "grid.6363.0",
                        "name": "Charit\u00e9",
                        "city": "Berlin",
                        "city_id": 2950159,
                        "country": "Germany",
                        "country_code": "DE",
                        "state": null,
                        "state_code": null
                    },
                    {
                        "name": "Charit\u00e9 - Universit\u00e4tsmedizin Berlin Institute of Virology, Berlin, Germany and German Centre for Infection Research (DZIF), Berlin, Germany."
                    }
                ]
            },
            {
                "first_name": "Anna",
                "last_name": "Papa",
                "initials": "",
                "corresponding": "",
                "orcid": "",
                "current_organization_id": "grid.4793.9",
                "researcher_id": "ur.01036156315.27",
                "affiliations": [
                    {
                        "id": "grid.4793.9",
                        "name": "Aristotle University of Thessaloniki",
                        "city": "Thessaloniki",
                        "city_id": 734077,
                        "country": "Greece",
                        "country_code": "GR",
                        "state": null,
                        "state_code": null
                    }
                ]
            },
            {
                "first_name": "Remi",
                "last_name": "Charrel",
                "initials": "",
                "corresponding": "",
                "orcid": "['0000-0002-7675-8251']",
                "current_organization_id": "grid.483853.1",
                "researcher_id": "ur.0675457273.40",
                "affiliations": [
                    {
                        "id": "grid.483853.1",
                        "name": "M\u00e9diterran\u00e9e Infection Foundation",
                        "city": "Marseille",
                        "city_id": 2995469,
                        "country": "France",
                        "country_code": "FR",
                        "state": null,
                        "state_code": null
                    }
                ]
            },
            {
                "first_name": "Christian",
                "last_name": "Drosten",
                "initials": "",
                "corresponding": "",
                "orcid": "",
                "current_organization_id": "grid.6363.0",
                "researcher_id": "ur.010432516417.62",
                "affiliations": [
                    {
                        "id": "grid.6363.0",
                        "name": "Charit\u00e9",
                        "city": "Berlin",
                        "city_id": 2950159,
                        "country": "Germany",
                        "country_code": "DE",
                        "state": null,
                        "state_code": null
                    },
                    {
                        "name": "Charit\u00e9 - Universit\u00e4tsmedizin Berlin Institute of Virology, Berlin, Germany and German Centre for Infection Research (DZIF), Berlin, Germany."
                    }
                ]
            },
            {
                "first_name": "Marion",
                "last_name": "Koopmans",
                "initials": "",
                "corresponding": "",
                "orcid": "['0000-0002-5204-2312']",
                "current_organization_id": "grid.5645.2",
                "researcher_id": "ur.013117453357.11",
                "affiliations": [
                    {
                        "id": "grid.5645.2",
                        "name": "Erasmus University Medical Center",
                        "city": "Rotterdam",
                        "city_id": 2747891,
                        "country": "Netherlands",
                        "country_code": "NL",
                        "state": null,
                        "state_code": null
                    }
                ]
            }
        ]
    ],
    "altmetric": 8.0,
    "research_org_countries": [
        {
            "id": "NL",
            "name": "Netherlands"
        },
        {
            "id": "DE",
            "name": "Germany"
        },
        {
            "id": "FR",
            "name": "France"
        },
        {
            "id": "GR",
            "name": "Greece"
        }
    ],
    "title": "Authors' response: Plenty of coronaviruses but no SARS-CoV-2.",
    "research_org_cities": [
        {
            "id": 2995469,
            "name": "Marseille"
        },
        {
            "id": 2950159,
            "name": "Berlin"
        },
        {
            "id": 2747891,
            "name": "Rotterdam"
        },
        {
            "id": 2757783,
            "name": "De Bilt"
        },
        {
            "id": 734077,
            "name": "Thessalon\u00edki"
        }
    ],
    "issue": "8",
    "open_access": [
        "Open Access - all",
        "Open Access - publisher",
        "Open Access - published"
    ],
    "doi": "10.2807/1560-7917.es.2020.25.8.2000197",
    "times_cited": 0,
    "journal": {
        "id": "jour.1021032",
        "title": "Eurosurveillance"
    },
    "research_orgs": [
        {
            "id": "grid.4793.9",
            "name": "Aristotle University of Thessaloniki",
            "linkout": [
                "https://www.auth.gr/en"
            ],
            "country_name": "Greece",
            "types": [
                "Education"
            ],
            "latitude": 40.63,
            "state_name": "Kentriki Makedonia",
            "city_name": "Thessaloniki",
            "longitude": 22.958055
        },
        {
            "id": "grid.31147.30",
            "name": "National Institute for Public Health and the Environment",
            "linkout": [
                "http://www.rivm.nl/en/"
            ],
            "country_name": "Netherlands",
            "types": [
                "Facility"
            ],
            "latitude": 52.117775,
            "acronym": "RIVM",
            "city_name": "De Bilt",
            "longitude": 5.189863
        },
        {
            "id": "grid.6363.0",
            "name": "Charit\u00e9 \u2013 University Medicine Berlin",
            "linkout": [
                "http://www.charite.de/en/charite/"
            ],
            "country_name": "Germany",
            "types": [
                "Healthcare"
            ],
            "latitude": 52.52667,
            "city_name": "Berlin",
            "longitude": 13.379722
        },
        {
            "id": "grid.5645.2",
            "name": "Erasmus University Medical Center",
            "linkout": [
                "http://www.erasmusmc.nl/"
            ],
            "country_name": "Netherlands",
            "types": [
                "Healthcare"
            ],
            "latitude": 51.91,
            "state_name": "Zuid-Holland",
            "city_name": "Rotterdam",
            "longitude": 4.4675
        },
        {
            "id": "grid.483853.1",
            "name": "M\u00e9diterran\u00e9e Infection Foundation",
            "linkout": [
                "http://en.mediterranee-infection.com/"
            ],
            "country_name": "France",
            "types": [
                "Other"
            ],
            "latitude": 43.28995,
            "city_name": "Marseille",
            "longitude": 5.400684
        }
    ],
    "year": 2020,
    "id": "pub.1125353089",
    "research_org_country_names": [
        "France",
        "Germany",
        "Greece",
        "Netherlands"
    ],
    "date": "2020-02-01",
    "researchers": [
        {
            "id": "ur.011471250107.18",
            "research_orgs": [
                "grid.31147.30",
                "grid.452122.2",
                "grid.425948.6",
                "grid.417775.7",
                "grid.6906.9",
                "grid.9018.0",
                "grid.8664.c",
                "grid.487281.0",
                "grid.413764.3",
                "grid.5132.5",
                "grid.10419.3d",
                "grid.5645.2",
                "grid.4818.5",
                "grid.435272.5",
                "grid.424065.1",
                "grid.6582.9",
                "grid.15090.3d",
                "grid.438006.9",
                "grid.1004.5",
                "grid.5477.1",
                "grid.418095.1",
                "grid.418376.f"
            ],
            "last_name": "Reusken",
            "first_name": "Chantal B E M"
        },
        {
            "id": "ur.015465550657.43",
            "research_orgs": [
                "grid.410711.2",
                "grid.5645.2",
                "grid.5477.1",
                "grid.414142.6",
                "grid.424716.2",
                "grid.416738.f",
                "grid.452122.2",
                "grid.415773.3",
                "grid.417100.3",
                "grid.7080.f",
                "grid.7177.6",
                "grid.6906.9"
            ],
            "last_name": "Haagmans",
            "first_name": "Bart L",
            "orcid_id": [
                "0000-0001-6221-2015"
            ]
        },
        {
            "id": "ur.014631565732.21",
            "research_orgs": [
                "grid.31147.30",
                "grid.7692.a",
                "grid.5645.2",
                "grid.416005.6",
                "grid.10417.33"
            ],
            "last_name": "Meijer",
            "first_name": "Adam"
        },
        {
            "id": "ur.01010416173.31",
            "research_orgs": [
                "grid.439104.b",
                "grid.452463.2",
                "grid.484013.a",
                "grid.10388.32",
                "grid.413016.1",
                "grid.501919.5",
                "grid.15090.3d",
                "grid.11956.3a",
                "grid.6363.0",
                "grid.16463.36",
                "grid.14095.39",
                "grid.6582.9"
            ],
            "last_name": "Corman",
            "first_name": "Victor Max",
            "orcid_id": [
                "0000-0002-3605-0136"
            ]
        },
        {
            "id": "ur.01036156315.27",
            "research_orgs": [
                "grid.414773.2",
                "grid.419734.c",
                "grid.416738.f",
                "grid.418510.9",
                "grid.420169.8",
                "grid.5640.7",
                "grid.419788.b",
                "grid.8954.0",
                "grid.418496.6",
                "grid.428999.7",
                "grid.422270.1",
                "grid.411600.2",
                "grid.412968.0",
                "grid.4793.9",
                "grid.6583.8",
                "grid.413448.e",
                "grid.417731.7",
                "grid.419273.a",
                "grid.411798.2"
            ],
            "last_name": "Papa",
            "first_name": "Anna"
        },
        {
            "id": "ur.0675457273.40",
            "research_orgs": [
                "grid.418068.3",
                "grid.414441.0",
                "grid.418153.a",
                "grid.40263.33",
                "grid.271300.7",
                "grid.13652.33",
                "grid.418510.9",
                "grid.412220.7",
                "grid.502965.d",
                "grid.411266.6",
                "grid.5399.6",
                "grid.262285.9",
                "grid.15276.37",
                "grid.483853.1",
                "grid.414601.6",
                "grid.419029.7",
                "grid.412125.1",
                "grid.418517.e",
                "grid.419184.1",
                "grid.265436.0",
                "grid.176731.5",
                "grid.32224.35",
                "grid.415696.9",
                "grid.414336.7",
                "grid.424065.1",
                "grid.492690.0",
                "grid.4399.7",
                "grid.8399.b",
                "grid.15090.3d",
                "grid.428531.9",
                "grid.414279.d",
                "grid.7632.0",
                "grid.418115.8",
                "grid.10025.36",
                "grid.418266.f",
                "grid.11899.38",
                "grid.4367.6"
            ],
            "last_name": "Charrel",
            "first_name": "Remi Noel",
            "orcid_id": [
                "0000-0002-7675-8251"
            ]
        },
        {
            "id": "ur.010432516417.62",
            "research_orgs": [
                "grid.439104.b",
                "grid.484013.a",
                "grid.418095.1",
                "grid.487281.0",
                "grid.448878.f",
                "grid.413016.1",
                "grid.5399.6",
                "grid.463270.4",
                "grid.11956.3a",
                "grid.424065.1",
                "grid.6738.a",
                "grid.16463.36",
                "grid.265219.b",
                "grid.6582.9",
                "grid.10388.32",
                "grid.9026.d",
                "grid.465334.3",
                "grid.5253.1",
                "grid.501919.5",
                "grid.15090.3d",
                "grid.168010.e",
                "grid.13648.38",
                "grid.14095.39",
                "grid.7708.8",
                "grid.452463.2",
                "grid.13652.33",
                "grid.419303.c",
                "grid.9829.a",
                "grid.418068.3",
                "grid.3575.4",
                "grid.6363.0",
                "grid.433743.4",
                "grid.5802.f"
            ],
            "last_name": "Drosten",
            "first_name": "Christian"
        },
        {
            "id": "ur.013117453357.11",
            "research_orgs": [
                "grid.5477.1",
                "grid.416738.f",
                "grid.415773.3",
                "grid.9619.7",
                "grid.424065.1",
                "grid.9018.0",
                "grid.6906.9",
                "grid.414480.d",
                "grid.410840.9",
                "grid.8547.e",
                "grid.8395.7",
                "grid.419706.d",
                "grid.5590.9",
                "grid.416135.4",
                "grid.198530.6",
                "grid.1005.4",
                "grid.10419.3d",
                "grid.10784.3a",
                "grid.7922.e",
                "grid.416993.0",
                "grid.13652.33",
                "grid.5645.2",
                "grid.5335.0",
                "grid.8664.c",
                "grid.5650.6",
                "grid.189967.8",
                "grid.417752.2",
                "grid.8954.0",
                "grid.412970.9",
                "grid.31147.30",
                "grid.418914.1",
                "grid.5132.5",
                "grid.17089.37",
                "grid.419261.9"
            ],
            "last_name": "Koopmans",
            "first_name": "Marion P G",
            "orcid_id": [
                "0000-0002-5204-2312"
            ]
        }
    ],
    "type": "article",
    "volume": "25",
    "pmcid": "PMC7055035"
}