{
    "volume": "323",
    "date": "2020-02-07",
    "title": "Epidemiologic and Clinical Characteristics of Novel Coronavirus Infections Involving 13 Patients Outside Wuhan, China",
    "researchers": [
        {
            "id": "ur.01006610425.30",
            "last_name": "Chang",
            "first_name": "De",
            "research_orgs": [
                "grid.47100.32",
                "grid.413106.1",
                "grid.414252.4",
                "grid.469516.9"
            ]
        },
        {
            "id": "ur.01046413607.78",
            "last_name": "Xie",
            "first_name": "Li-Xin",
            "research_orgs": [
                "grid.488137.1",
                "grid.452517.0",
                "grid.414252.4"
            ]
        },
        {
            "id": "ur.01342415212.08",
            "last_name": "Zhu",
            "first_name": "Guang-Fa",
            "research_orgs": [
                "grid.24696.3f",
                "grid.264727.2",
                "grid.412478.c",
                "grid.411606.4"
            ]
        },
        {
            "id": "ur.01034355766.00",
            "last_name": "Dela Cruz",
            "first_name": "Charles S",
            "research_orgs": [
                "grid.47100.32",
                "grid.16753.36",
                "grid.417307.6",
                "grid.281208.1"
            ]
        },
        {
            "id": "ur.01151635042.52",
            "last_name": "Sharma",
            "first_name": "Lokesh",
            "orcid_id": [
                "0000-0003-3040-9029"
            ],
            "research_orgs": [
                "grid.47100.32",
                "grid.250903.d",
                "grid.264091.8"
            ]
        }
    ],
    "pmcid": "PMC7042871",
    "altmetric": 801.0,
    "pages": "1092-1093",
    "research_org_cities": [
        {
            "id": 4839366,
            "name": "New Haven"
        },
        {
            "id": 1816670,
            "name": "Beijing"
        }
    ],
    "open_access": [
        "Open Access - all",
        "Open Access - publisher",
        "Open Access - published"
    ],
    "research_org_countries": [
        {
            "id": "CN",
            "name": "China"
        },
        {
            "id": "US",
            "name": "United States"
        }
    ],
    "doi": "10.1001/jama.2020.1623",
    "FOR": [
        {
            "id": "3053",
            "name": "1103 Clinical Sciences"
        }
    ],
    "research_orgs": [
        {
            "id": "grid.411606.4",
            "types": [
                "Healthcare"
            ],
            "longitude": 116.40202,
            "linkout": [
                "http://www.anzhen.org/News/Main?siteId=130"
            ],
            "latitude": 39.973854,
            "name": "Beijing Anzhen Hospital",
            "city_name": "Beijing",
            "country_name": "China"
        },
        {
            "id": "grid.12527.33",
            "acronym": "THU",
            "state_name": "Beijing",
            "types": [
                "Education"
            ],
            "longitude": 116.32542,
            "linkout": [
                "http://www.tsinghua.edu.cn/publish/newthuen/"
            ],
            "latitude": 39.999584,
            "name": "Tsinghua University",
            "city_name": "Beijing",
            "country_name": "China"
        },
        {
            "id": "grid.414252.4",
            "acronym": "PLAGH",
            "types": [
                "Healthcare"
            ],
            "longitude": 116.274475,
            "linkout": [
                "http://www.301hospital.com.cn/en2012/web/Introduction.html"
            ],
            "latitude": 39.902794,
            "name": "Chinese PLA General Hospital",
            "city_name": "Beijing",
            "country_name": "China"
        },
        {
            "id": "grid.47100.32",
            "state_name": "Connecticut",
            "types": [
                "Education"
            ],
            "longitude": -72.93066,
            "linkout": [
                "http://www.yale.edu"
            ],
            "latitude": 41.302094,
            "name": "Yale University",
            "city_name": "New Haven",
            "country_name": "United States"
        }
    ],
    "times_cited": 17,
    "pmid": "32031568",
    "research_org_country_names": [
        "United States",
        "China"
    ],
    "id": "pub.1124655455",
    "issue": "11",
    "journal": {
        "id": "jour.1081531",
        "title": "JAMA"
    },
    "year": 2020,
    "references": [
        "pub.1091554779",
        "pub.1124290823",
        "pub.1015514664",
        "pub.1124408081",
        "pub.1124240906"
    ],
    "research_org_state_names": [
        "Connecticut"
    ],
    "author_affiliations": [
        [
            {
                "first_name": "De",
                "last_name": "Chang",
                "initials": "",
                "corresponding": "",
                "orcid": "",
                "current_organization_id": "grid.414252.4",
                "researcher_id": "ur.01006610425.30",
                "affiliations": [
                    {
                        "id": "grid.414252.4",
                        "name": "Chinese PLA General Hospital",
                        "city": "Beijing",
                        "city_id": 1816670,
                        "country": "China",
                        "country_code": "CN",
                        "state": null,
                        "state_code": null
                    }
                ]
            },
            {
                "first_name": "Minggui",
                "last_name": "Lin",
                "initials": "",
                "corresponding": "",
                "orcid": "",
                "current_organization_id": "",
                "researcher_id": "",
                "affiliations": [
                    {
                        "id": "grid.12527.33",
                        "name": "Tsinghua University",
                        "city": "Beijing",
                        "city_id": 1816670,
                        "country": "China",
                        "country_code": "CN",
                        "state": null,
                        "state_code": null
                    }
                ]
            },
            {
                "first_name": "Lai",
                "last_name": "Wei",
                "initials": "",
                "corresponding": "",
                "orcid": "",
                "current_organization_id": "",
                "researcher_id": "",
                "affiliations": [
                    {
                        "id": "grid.12527.33",
                        "name": "Tsinghua University",
                        "city": "Beijing",
                        "city_id": 1816670,
                        "country": "China",
                        "country_code": "CN",
                        "state": null,
                        "state_code": null
                    }
                ]
            },
            {
                "first_name": "Lixin",
                "last_name": "Xie",
                "initials": "",
                "corresponding": true,
                "orcid": "",
                "current_organization_id": "grid.414252.4",
                "researcher_id": "ur.01046413607.78",
                "affiliations": [
                    {
                        "id": "grid.414252.4",
                        "name": "Chinese PLA General Hospital",
                        "city": "Beijing",
                        "city_id": 1816670,
                        "country": "China",
                        "country_code": "CN",
                        "state": null,
                        "state_code": null
                    }
                ]
            },
            {
                "first_name": "Guangfa",
                "last_name": "Zhu",
                "initials": "",
                "corresponding": true,
                "orcid": "",
                "current_organization_id": "grid.24696.3f",
                "researcher_id": "ur.01342415212.08",
                "affiliations": [
                    {
                        "id": "grid.411606.4",
                        "name": "Beijing Anzhen Hospital",
                        "city": "Beijing",
                        "city_id": 1816670,
                        "country": "China",
                        "country_code": "CN",
                        "state": null,
                        "state_code": null
                    }
                ]
            },
            {
                "first_name": "Charles S.",
                "last_name": "Dela Cruz",
                "initials": "",
                "corresponding": "",
                "orcid": "",
                "current_organization_id": "grid.47100.32",
                "researcher_id": "ur.01034355766.00",
                "affiliations": [
                    {
                        "id": "grid.47100.32",
                        "name": "Yale University",
                        "city": "New Haven",
                        "city_id": 4839366,
                        "country": "United States",
                        "country_code": "US",
                        "state": "Connecticut",
                        "state_code": "US-CT"
                    }
                ]
            },
            {
                "first_name": "Lokesh",
                "last_name": "Sharma",
                "initials": "",
                "corresponding": "",
                "orcid": "['0000-0003-3040-9029']",
                "current_organization_id": "grid.47100.32",
                "researcher_id": "ur.01151635042.52",
                "affiliations": [
                    {
                        "id": "grid.47100.32",
                        "name": "Yale University",
                        "city": "New Haven",
                        "city_id": 4839366,
                        "country": "United States",
                        "country_code": "US",
                        "state": "Connecticut",
                        "state_code": "US-CT"
                    }
                ]
            }
        ]
    ],
    "type": "article"
}