{
    "research_org_country_names": [
        "Germany"
    ],
    "pmid": "31873782",
    "funders": [
        {
            "id": "grid.424150.6",
            "linkout": [
                "http://www.dfg.de/en/"
            ],
            "city_name": "Bonn",
            "longitude": 7.147797,
            "acronym": "DFG",
            "latitude": 50.69934,
            "name": "German Research Foundation",
            "types": [
                "Facility"
            ],
            "country_name": "Germany"
        }
    ],
    "title": "Role of early life immune regulation in asthma development",
    "type": "article",
    "year": 2020,
    "journal": {
        "id": "jour.1038741",
        "title": "Seminars in Immunopathology"
    },
    "researchers": [
        {
            "id": "ur.07736661104.03",
            "first_name": "Bianca",
            "last_name": "Schaub"
        }
    ],
    "FOR": [
        {
            "id": "3103",
            "name": "1107 Immunology"
        }
    ],
    "research_org_countries": [
        {
            "id": "DE",
            "name": "Germany"
        }
    ],
    "date": "2020-02-01",
    "altmetric": 1.0,
    "pages": "29-42",
    "id": "pub.1123615647",
    "volume": "42",
    "issue": "1",
    "research_org_cities": [
        {
            "id": 2867714,
            "name": "Munich"
        }
    ],
    "open_access": [
        "Open Access - all",
        "Open Access - publisher",
        "Open Access - published"
    ],
    "author_affiliations": [
        [
            {
                "first_name": "Johanna",
                "last_name": "Krusche",
                "initials": "",
                "corresponding": "",
                "orcid": "",
                "current_organization_id": "",
                "researcher_id": "",
                "affiliations": [
                    {
                        "name": "University Children\u2019s Hospital Munich, LMU Munich, Lindwurmstr.4, 80337, Munich, Germany"
                    },
                    {
                        "name": "German Lung Centre, CPC-M, Munich, Germany"
                    }
                ]
            },
            {
                "first_name": "Sarah",
                "last_name": "Basse",
                "initials": "",
                "corresponding": "",
                "orcid": "",
                "current_organization_id": "",
                "researcher_id": "",
                "affiliations": [
                    {
                        "name": "University Children\u2019s Hospital Munich, LMU Munich, Lindwurmstr.4, 80337, Munich, Germany"
                    }
                ]
            },
            {
                "first_name": "Bianca",
                "last_name": "Schaub",
                "initials": "",
                "corresponding": true,
                "orcid": "",
                "current_organization_id": "",
                "researcher_id": "ur.07736661104.03",
                "affiliations": [
                    {
                        "name": "University Children\u2019s Hospital Munich, LMU Munich, Lindwurmstr.4, 80337, Munich, Germany"
                    },
                    {
                        "name": "German Lung Centre, CPC-M, Munich, Germany"
                    }
                ]
            }
        ]
    ],
    "doi": "10.1007/s00281-019-00774-z",
    "times_cited": 1,
    "references": [
        "pub.1007914524",
        "pub.1042651925",
        "pub.1005973552",
        "pub.1091106079",
        "pub.1107985004",
        "pub.1091356881",
        "pub.1018508292",
        "pub.1002405817",
        "pub.1006825438",
        "pub.1104134420",
        "pub.1092584494",
        "pub.1033153839",
        "pub.1035450710",
        "pub.1010787172",
        "pub.1020000686",
        "pub.1038050664",
        "pub.1105169695",
        "pub.1049103490",
        "pub.1004099877",
        "pub.1008973242",
        "pub.1100203048",
        "pub.1092052915",
        "pub.1043316749",
        "pub.1112046459",
        "pub.1025731400",
        "pub.1020411624",
        "pub.1012634763",
        "pub.1101702460",
        "pub.1048037320",
        "pub.1037712169",
        "pub.1041572215",
        "pub.1007103063",
        "pub.1100772523",
        "pub.1038121905",
        "pub.1085605217",
        "pub.1117288780",
        "pub.1033011341",
        "pub.1030766461",
        "pub.1008840111",
        "pub.1030282488",
        "pub.1090806406",
        "pub.1091859384",
        "pub.1008476445",
        "pub.1007459654",
        "pub.1092352303",
        "pub.1085603516",
        "pub.1120009567",
        "pub.1012820662",
        "pub.1048753423",
        "pub.1050386982",
        "pub.1110757760",
        "pub.1031409766",
        "pub.1112459957",
        "pub.1001783798",
        "pub.1060266397",
        "pub.1030580193",
        "pub.1031311285",
        "pub.1085118437",
        "pub.1012592495",
        "pub.1107118743",
        "pub.1031792476",
        "pub.1090992090",
        "pub.1120100867",
        "pub.1020227404",
        "pub.1038639470",
        "pub.1090776038",
        "pub.1027071992",
        "pub.1038999218",
        "pub.1049367243",
        "pub.1024142809",
        "pub.1105914797",
        "pub.1034648370",
        "pub.1037203605",
        "pub.1036095674",
        "pub.1049272576",
        "pub.1033251689",
        "pub.1013684964",
        "pub.1010039951",
        "pub.1092219646",
        "pub.1021658555",
        "pub.1006352076",
        "pub.1051748010",
        "pub.1044021995",
        "pub.1053155287",
        "pub.1042552210",
        "pub.1026771938",
        "pub.1042274837",
        "pub.1018237548",
        "pub.1037869485",
        "pub.1032943718",
        "pub.1103436959",
        "pub.1026126112",
        "pub.1043318371",
        "pub.1049617636",
        "pub.1019382057",
        "pub.1058399642",
        "pub.1009211879",
        "pub.1014826729",
        "pub.1012738737",
        "pub.1043512147",
        "pub.1027746757",
        "pub.1044573901",
        "pub.1035168009",
        "pub.1028572305",
        "pub.1107348029",
        "pub.1011805957",
        "pub.1026654221",
        "pub.1016084482",
        "pub.1091492290",
        "pub.1062773343",
        "pub.1026141407",
        "pub.1035400076",
        "pub.1111431842",
        "pub.1047433817",
        "pub.1044547862",
        "pub.1017561759",
        "pub.1017528482",
        "pub.1092416903",
        "pub.1009377742",
        "pub.1011018864",
        "pub.1030477543",
        "pub.1019417609",
        "pub.1019180312",
        "pub.1106915521",
        "pub.1040127583",
        "pub.1014505872",
        "pub.1007158424"
    ]
}