{
    "research_orgs": [
        {
            "id": "grid.12981.33",
            "linkout": [
                "http://www.sysu.edu.cn/2012/en/index.htm"
            ],
            "city_name": "Guangzhou",
            "longitude": 113.29806,
            "state_name": "Guangdong",
            "latitude": 23.0962,
            "name": "Sun Yat-sen University",
            "types": [
                "Education"
            ],
            "country_name": "China"
        },
        {
            "id": "grid.4280.e",
            "linkout": [
                "http://www.nus.edu.sg/"
            ],
            "city_name": "Singapore",
            "longitude": 103.776665,
            "acronym": "NUS",
            "latitude": 1.295556,
            "name": "National University of Singapore",
            "types": [
                "Education"
            ],
            "country_name": "Singapore"
        }
    ],
    "research_org_country_names": [
        "China",
        "Singapore"
    ],
    "pmid": "32169119",
    "title": "The origin, transmission and clinical therapies on coronavirus disease 2019 (COVID-19) outbreak \u2013 an update on the status",
    "type": "article",
    "year": 2020,
    "journal": {
        "id": "jour.1050808",
        "title": "Military Medical Research"
    },
    "FOR": [
        {
            "id": "3114",
            "name": "1108 Medical Microbiology"
        }
    ],
    "research_org_countries": [
        {
            "id": "CN",
            "name": "China"
        },
        {
            "id": "SG",
            "name": "Singapore"
        }
    ],
    "date": "2020-12-01",
    "altmetric": 31.0,
    "pages": "11",
    "id": "pub.1125635861",
    "volume": "7",
    "issue": "1",
    "research_org_cities": [
        {
            "id": 1809858,
            "name": "Guangzhou"
        },
        {
            "id": 1880252,
            "name": "Singapore"
        },
        {
            "id": 1790437,
            "name": "Zhuhai"
        }
    ],
    "open_access": [
        "Open Access - all",
        "Open Access - publisher"
    ],
    "author_affiliations": [
        [
            {
                "first_name": "Yan-Rong",
                "last_name": "Guo",
                "initials": "",
                "corresponding": "",
                "orcid": "",
                "current_organization_id": "",
                "researcher_id": "",
                "affiliations": [
                    {
                        "name": "Guangdong Provincial Key Laboratory of Biomedical Imaging and Guangdong Provincial Engineering Research Center of Molecular Imaging, 519000, Zhuhai, Guangdong, China"
                    }
                ]
            },
            {
                "first_name": "Qing-Dong",
                "last_name": "Cao",
                "initials": "",
                "corresponding": "",
                "orcid": "",
                "current_organization_id": "",
                "researcher_id": "",
                "affiliations": [
                    {
                        "id": "grid.12981.33",
                        "name": "Sun Yat-sen University",
                        "city": "Guangzhou",
                        "city_id": 1809858,
                        "country": "China",
                        "country_code": "CN",
                        "state": null,
                        "state_code": null
                    }
                ]
            },
            {
                "first_name": "Zhong-Si",
                "last_name": "Hong",
                "initials": "",
                "corresponding": "",
                "orcid": "",
                "current_organization_id": "",
                "researcher_id": "",
                "affiliations": [
                    {
                        "id": "grid.12981.33",
                        "name": "Sun Yat-sen University",
                        "city": "Guangzhou",
                        "city_id": 1809858,
                        "country": "China",
                        "country_code": "CN",
                        "state": null,
                        "state_code": null
                    }
                ]
            },
            {
                "first_name": "Yuan-Yang",
                "last_name": "Tan",
                "initials": "",
                "corresponding": "",
                "orcid": "",
                "current_organization_id": "",
                "researcher_id": "",
                "affiliations": [
                    {
                        "name": "Guangdong Provincial Key Laboratory of Biomedical Imaging and Guangdong Provincial Engineering Research Center of Molecular Imaging, 519000, Zhuhai, Guangdong, China"
                    }
                ]
            },
            {
                "first_name": "Shou-Deng",
                "last_name": "Chen",
                "initials": "",
                "corresponding": "",
                "orcid": "",
                "current_organization_id": "",
                "researcher_id": "",
                "affiliations": [
                    {
                        "name": "Guangdong Provincial Key Laboratory of Biomedical Imaging and Guangdong Provincial Engineering Research Center of Molecular Imaging, 519000, Zhuhai, Guangdong, China"
                    }
                ]
            },
            {
                "first_name": "Hong-Jun",
                "last_name": "Jin",
                "initials": "",
                "corresponding": "",
                "orcid": "",
                "current_organization_id": "",
                "researcher_id": "",
                "affiliations": [
                    {
                        "name": "Guangdong Provincial Key Laboratory of Biomedical Imaging and Guangdong Provincial Engineering Research Center of Molecular Imaging, 519000, Zhuhai, Guangdong, China"
                    }
                ]
            },
            {
                "first_name": "Kai-Sen",
                "last_name": "Tan",
                "initials": "",
                "corresponding": "",
                "orcid": "",
                "current_organization_id": "",
                "researcher_id": "",
                "affiliations": [
                    {
                        "id": "grid.4280.e",
                        "name": "National University of Singapore",
                        "city": "Singapore",
                        "city_id": 1880252,
                        "country": "Singapore",
                        "country_code": "SG",
                        "state": null,
                        "state_code": null
                    }
                ]
            },
            {
                "first_name": "De-Yun",
                "last_name": "Wang",
                "initials": "",
                "corresponding": true,
                "orcid": "",
                "current_organization_id": "",
                "researcher_id": "",
                "affiliations": [
                    {
                        "id": "grid.4280.e",
                        "name": "National University of Singapore",
                        "city": "Singapore",
                        "city_id": 1880252,
                        "country": "Singapore",
                        "country_code": "SG",
                        "state": null,
                        "state_code": null
                    }
                ]
            },
            {
                "first_name": "Yan",
                "last_name": "Yan",
                "initials": "",
                "corresponding": true,
                "orcid": "",
                "current_organization_id": "",
                "researcher_id": "",
                "affiliations": [
                    {
                        "name": "Guangdong Provincial Key Laboratory of Biomedical Imaging and Guangdong Provincial Engineering Research Center of Molecular Imaging, 519000, Zhuhai, Guangdong, China"
                    },
                    {
                        "id": "grid.12981.33",
                        "name": "Sun Yat-sen University",
                        "city": "Guangzhou",
                        "city_id": 1809858,
                        "country": "China",
                        "country_code": "CN",
                        "state": null,
                        "state_code": null
                    }
                ]
            }
        ]
    ],
    "doi": "10.1186/s40779-020-00240-0",
    "times_cited": 0,
    "references": [
        "pub.1107796912",
        "pub.1053037864",
        "pub.1033824869",
        "pub.1124682898",
        "pub.1106141855",
        "pub.1014082612",
        "pub.1092317392",
        "pub.1105598891",
        "pub.1124145721",
        "pub.1030997830",
        "pub.1120248133",
        "pub.1021988570",
        "pub.1125089111",
        "pub.1113258108",
        "pub.1124624107",
        "pub.1044725773",
        "pub.1124432156",
        "pub.1104546773",
        "pub.1036256011",
        "pub.1124915450",
        "pub.1101376496",
        "pub.1007718665",
        "pub.1125346928",
        "pub.1048329289",
        "pub.1124590669",
        "pub.1124676900",
        "pub.1003686517",
        "pub.1045165751",
        "pub.1069166419",
        "pub.1071079803",
        "pub.1124590454",
        "pub.1115978990",
        "pub.1117577797",
        "pub.1036873068",
        "pub.1004425514",
        "pub.1107584012",
        "pub.1031094923",
        "pub.1019703731",
        "pub.1124558873",
        "pub.1062452643",
        "pub.1124445588",
        "pub.1124654147",
        "pub.1124661155",
        "pub.1124428749",
        "pub.1047128751",
        "pub.1007503127",
        "pub.1006765130",
        "pub.1124545567",
        "pub.1110510319",
        "pub.1012335893",
        "pub.1049328071",
        "pub.1124868902",
        "pub.1124408081",
        "pub.1125089278",
        "pub.1037322182",
        "pub.1124815091",
        "pub.1124482050",
        "pub.1123813834",
        "pub.1002214599",
        "pub.1124295864",
        "pub.1124462157",
        "pub.1045345582",
        "pub.1069100660",
        "pub.1124545162",
        "pub.1024553636",
        "pub.1015704176",
        "pub.1125132550",
        "pub.1004893010",
        "pub.1124366313",
        "pub.1124668837",
        "pub.1125331726",
        "pub.1011573138",
        "pub.1124427336",
        "pub.1125115839",
        "pub.1124802902",
        "pub.1013905993",
        "pub.1125146281",
        "pub.1084513836",
        "pub.1050334918",
        "pub.1124289146",
        "pub.1044435507",
        "pub.1086134541",
        "pub.1024459527",
        "pub.1047791549",
        "pub.1101561843",
        "pub.1043984506",
        "pub.1124461627",
        "pub.1111401559",
        "pub.1004439783",
        "pub.1020221540",
        "pub.1124556117",
        "pub.1030766456",
        "pub.1124368727",
        "pub.1125048813",
        "pub.1124648674",
        "pub.1120485642",
        "pub.1124792559",
        "pub.1124290823",
        "pub.1111319529",
        "pub.1052154593"
    ]
}