{
    "volume": "51",
    "date": "2020-01-01",
    "title": "Antiviral abilities of Curcuma kwangsiensis ingredients against grouper iridoviral infection in vitro and in vivo",
    "researchers": [
        {
            "id": "ur.014021007207.47",
            "last_name": "Liu",
            "first_name": "Mingzhu",
            "research_orgs": [
                "grid.495677.e",
                "grid.20561.30",
                "grid.418329.5",
                "grid.440719.f"
            ]
        },
        {
            "id": "ur.016211330607.40",
            "last_name": "Xiao",
            "first_name": "Hehe",
            "research_orgs": [
                "grid.418329.5",
                "grid.462338.8"
            ]
        },
        {
            "id": "ur.010175764321.82",
            "last_name": "Zhang",
            "first_name": "Qin",
            "research_orgs": [
                "grid.411860.a"
            ]
        },
        {
            "id": "ur.015413750207.32",
            "last_name": "Wu",
            "first_name": "Siting",
            "research_orgs": [
                "grid.495677.e",
                "grid.411860.a",
                "grid.20561.30",
                "grid.418329.5"
            ]
        },
        {
            "id": "ur.01265133536.75",
            "last_name": "Putra",
            "first_name": "Dedi Fazriansyah",
            "orcid_id": [
                "0000-0003-2896-1949"
            ],
            "research_orgs": [
                "grid.260664.0",
                "grid.440768.9"
            ]
        },
        {
            "id": "ur.010221534205.22",
            "last_name": "Li",
            "first_name": "Siqiao",
            "research_orgs": [
                "grid.418329.5"
            ]
        },
        {
            "id": "ur.07725511444.67",
            "last_name": "Yu",
            "first_name": "Qing",
            "research_orgs": [
                "grid.411860.a",
                "grid.418329.5"
            ]
        },
        {
            "id": "ur.0721054372.35",
            "last_name": "Li",
            "first_name": "Pengfei",
            "research_orgs": [
                "grid.458498.c",
                "grid.495677.e",
                "grid.410726.6",
                "grid.440719.f",
                "grid.20561.30",
                "grid.418329.5"
            ]
        }
    ],
    "pages": "351-361",
    "research_org_cities": [
        {
            "id": 1799869,
            "name": "Nanning"
        },
        {
            "id": 8403878,
            "name": "Xinxiang"
        },
        {
            "id": 1215502,
            "name": "Banda Aceh"
        }
    ],
    "research_org_countries": [
        {
            "id": "ID",
            "name": "Indonesia"
        },
        {
            "id": "CN",
            "name": "China"
        }
    ],
    "doi": "10.1111/are.14382",
    "FOR": [
        {
            "id": "2634",
            "name": "0605 Microbiology"
        }
    ],
    "times_cited": 2,
    "research_orgs": [
        {
            "id": "grid.440768.9",
            "types": [
                "Education"
            ],
            "longitude": 95.36919,
            "linkout": [
                "http://www.unsyiah.ac.id/"
            ],
            "latitude": 5.570539,
            "name": "Syiah Kuala University",
            "city_name": "Banda Aceh",
            "country_name": "Indonesia"
        },
        {
            "id": "grid.418329.5",
            "types": [
                "Government"
            ],
            "longitude": 108.26518,
            "linkout": [
                "http://www.gxas.cn/"
            ],
            "latitude": 22.842905,
            "name": "Guangxi Academy of Sciences",
            "city_name": "Nanning",
            "country_name": "China"
        },
        {
            "id": "grid.462338.8",
            "types": [
                "Education"
            ],
            "longitude": 113.92017,
            "linkout": [
                "http://www.htu.cn/english/"
            ],
            "latitude": 35.324383,
            "name": "Henan Normal University",
            "city_name": "Xinxiang",
            "country_name": "China"
        },
        {
            "id": "grid.411860.a",
            "types": [
                "Education"
            ],
            "longitude": 108.23535,
            "linkout": [
                "http://www.gxun.edu.cn/"
            ],
            "latitude": 22.841455,
            "name": "Guangxi University for Nationalities",
            "city_name": "Nanning",
            "country_name": "China"
        }
    ],
    "funders": [
        {
            "id": "grid.419696.5",
            "acronym": "NSFC",
            "types": [
                "Government"
            ],
            "longitude": 116.33983,
            "linkout": [
                "http://www.nsfc.gov.cn/publish/portal1/"
            ],
            "latitude": 40.005177,
            "name": "National Natural Science Foundation of China",
            "city_name": "Beijing",
            "country_name": "China"
        }
    ],
    "research_org_country_names": [
        "Indonesia",
        "China"
    ],
    "id": "pub.1122332197",
    "issue": "1",
    "journal": {
        "id": "jour.1032388",
        "title": "Aquaculture Research"
    },
    "year": 2020,
    "references": [
        "pub.1035438005",
        "pub.1041919506",
        "pub.1058347075",
        "pub.1012038600",
        "pub.1021783895",
        "pub.1030551618",
        "pub.1046261048",
        "pub.1113210039",
        "pub.1027518099",
        "pub.1010465304",
        "pub.1085415128",
        "pub.1104987664",
        "pub.1013918345",
        "pub.1112872642",
        "pub.1033795015",
        "pub.1025373300",
        "pub.1020186246",
        "pub.1084214643",
        "pub.1023115933",
        "pub.1092156133",
        "pub.1120986667",
        "pub.1046510537",
        "pub.1091797717",
        "pub.1060389863",
        "pub.1086041837",
        "pub.1042814231",
        "pub.1043990380",
        "pub.1027949340",
        "pub.1103795087",
        "pub.1027250371",
        "pub.1038745793",
        "pub.1042808893",
        "pub.1007287722",
        "pub.1045876772",
        "pub.1051645002",
        "pub.1100653829",
        "pub.1071162623",
        "pub.1018459697",
        "pub.1022844220",
        "pub.1050713614"
    ],
    "author_affiliations": [
        [
            {
                "first_name": "Mingzhu",
                "last_name": "Liu",
                "initials": "",
                "corresponding": "",
                "orcid": "",
                "current_organization_id": "grid.418329.5",
                "researcher_id": "ur.014021007207.47",
                "affiliations": [
                    {
                        "id": "grid.418329.5",
                        "name": "Guangxi Academy of Sciences",
                        "city": "Nanning",
                        "city_id": 1799869,
                        "country": "China",
                        "country_code": "CN",
                        "state": null,
                        "state_code": null
                    }
                ]
            },
            {
                "first_name": "Hehe",
                "last_name": "Xiao",
                "initials": "",
                "corresponding": "",
                "orcid": "",
                "current_organization_id": "grid.462338.8",
                "researcher_id": "ur.016211330607.40",
                "affiliations": [
                    {
                        "id": "grid.418329.5",
                        "name": "Guangxi Academy of Sciences",
                        "city": "Nanning",
                        "city_id": 1799869,
                        "country": "China",
                        "country_code": "CN",
                        "state": null,
                        "state_code": null
                    },
                    {
                        "id": "grid.462338.8",
                        "name": "Henan Normal University",
                        "city": "Xinxiang",
                        "city_id": 8403878,
                        "country": "China",
                        "country_code": "CN",
                        "state": null,
                        "state_code": null
                    }
                ]
            },
            {
                "first_name": "Qin",
                "last_name": "Zhang",
                "initials": "",
                "corresponding": "",
                "orcid": "",
                "current_organization_id": "grid.411860.a",
                "researcher_id": "ur.010175764321.82",
                "affiliations": [
                    {
                        "id": "grid.411860.a",
                        "name": "Guangxi University for Nationalities",
                        "city": "Nanning",
                        "city_id": 1799869,
                        "country": "China",
                        "country_code": "CN",
                        "state": null,
                        "state_code": null
                    }
                ]
            },
            {
                "first_name": "Siting",
                "last_name": "Wu",
                "initials": "",
                "corresponding": "",
                "orcid": "",
                "current_organization_id": "grid.495677.e",
                "researcher_id": "ur.015413750207.32",
                "affiliations": [
                    {
                        "id": "grid.418329.5",
                        "name": "Guangxi Academy of Sciences",
                        "city": "Nanning",
                        "city_id": 1799869,
                        "country": "China",
                        "country_code": "CN",
                        "state": null,
                        "state_code": null
                    },
                    {
                        "id": "grid.411860.a",
                        "name": "Guangxi University for Nationalities",
                        "city": "Nanning",
                        "city_id": 1799869,
                        "country": "China",
                        "country_code": "CN",
                        "state": null,
                        "state_code": null
                    }
                ]
            },
            {
                "first_name": "Dedi Fazriansyah",
                "last_name": "Putra",
                "initials": "",
                "corresponding": "",
                "orcid": "['0000-0003-2896-1949']",
                "current_organization_id": "grid.440768.9",
                "researcher_id": "ur.01265133536.75",
                "affiliations": [
                    {
                        "id": "grid.440768.9",
                        "name": "Syiah Kuala University",
                        "city": "Banda Aceh",
                        "city_id": 1215502,
                        "country": "Indonesia",
                        "country_code": "ID",
                        "state": null,
                        "state_code": null
                    }
                ]
            },
            {
                "first_name": "Xiangying",
                "last_name": "Xiong",
                "initials": "",
                "corresponding": "",
                "orcid": "",
                "current_organization_id": "",
                "researcher_id": "",
                "affiliations": [
                    {
                        "id": "grid.418329.5",
                        "name": "Guangxi Academy of Sciences",
                        "city": "Nanning",
                        "city_id": 1799869,
                        "country": "China",
                        "country_code": "CN",
                        "state": null,
                        "state_code": null
                    }
                ]
            },
            {
                "first_name": "Mingzhu",
                "last_name": "Xu",
                "initials": "",
                "corresponding": "",
                "orcid": "",
                "current_organization_id": "",
                "researcher_id": "",
                "affiliations": [
                    {
                        "id": "grid.418329.5",
                        "name": "Guangxi Academy of Sciences",
                        "city": "Nanning",
                        "city_id": 1799869,
                        "country": "China",
                        "country_code": "CN",
                        "state": null,
                        "state_code": null
                    }
                ]
            },
            {
                "first_name": "Lanfang",
                "last_name": "Dong",
                "initials": "",
                "corresponding": "",
                "orcid": "",
                "current_organization_id": "",
                "researcher_id": "",
                "affiliations": [
                    {
                        "id": "grid.418329.5",
                        "name": "Guangxi Academy of Sciences",
                        "city": "Nanning",
                        "city_id": 1799869,
                        "country": "China",
                        "country_code": "CN",
                        "state": null,
                        "state_code": null
                    }
                ]
            },
            {
                "first_name": "Siqiao",
                "last_name": "Li",
                "initials": "",
                "corresponding": "",
                "orcid": "",
                "current_organization_id": "grid.418329.5",
                "researcher_id": "ur.010221534205.22",
                "affiliations": [
                    {
                        "id": "grid.418329.5",
                        "name": "Guangxi Academy of Sciences",
                        "city": "Nanning",
                        "city_id": 1799869,
                        "country": "China",
                        "country_code": "CN",
                        "state": null,
                        "state_code": null
                    }
                ]
            },
            {
                "first_name": "Qing",
                "last_name": "Yu",
                "initials": "",
                "corresponding": "",
                "orcid": "",
                "current_organization_id": "grid.418329.5",
                "researcher_id": "ur.07725511444.67",
                "affiliations": [
                    {
                        "id": "grid.418329.5",
                        "name": "Guangxi Academy of Sciences",
                        "city": "Nanning",
                        "city_id": 1799869,
                        "country": "China",
                        "country_code": "CN",
                        "state": null,
                        "state_code": null
                    }
                ]
            },
            {
                "first_name": "Pengfei",
                "last_name": "Li",
                "initials": "",
                "corresponding": "",
                "orcid": "",
                "current_organization_id": "grid.418329.5",
                "researcher_id": "ur.0721054372.35",
                "affiliations": [
                    {
                        "id": "grid.418329.5",
                        "name": "Guangxi Academy of Sciences",
                        "city": "Nanning",
                        "city_id": 1799869,
                        "country": "China",
                        "country_code": "CN",
                        "state": null,
                        "state_code": null
                    }
                ]
            }
        ]
    ],
    "type": "article"
}