{
    "research_orgs": [
        {
            "id": "grid.39158.36",
            "linkout": [
                "https://www.global.hokudai.ac.jp/"
            ],
            "city_name": "Sapporo",
            "longitude": 141.33997,
            "state_name": "Hokkaid\u00f4",
            "latitude": 43.07818,
            "name": "Hokkaido University",
            "types": [
                "Education"
            ],
            "country_name": "Japan"
        },
        {
            "id": "grid.419082.6",
            "linkout": [
                "http://www.jst.go.jp/EN/"
            ],
            "city_name": "Tokyo",
            "longitude": 139.73805,
            "acronym": "JST",
            "latitude": 35.689022,
            "name": "Japan Science and Technology Agency",
            "types": [
                "Government"
            ],
            "country_name": "Japan"
        }
    ],
    "research_org_country_names": [
        "Japan"
    ],
    "pmid": "32079150",
    "funders": [
        {
            "id": "grid.419082.6",
            "linkout": [
                "http://www.jst.go.jp/EN/"
            ],
            "city_name": "Tokyo",
            "longitude": 139.73805,
            "acronym": "JST",
            "latitude": 35.689022,
            "name": "Japan Science and Technology Agency",
            "types": [
                "Government"
            ],
            "country_name": "Japan"
        },
        {
            "id": "grid.54432.34",
            "linkout": [
                "http://www.jsps.go.jp/"
            ],
            "city_name": "Tokyo",
            "longitude": 139.74039,
            "acronym": "JSPS",
            "latitude": 35.68716,
            "name": "Japan Society for the Promotion of Science",
            "types": [
                "Nonprofit"
            ],
            "country_name": "Japan"
        },
        {
            "id": "grid.480536.c",
            "linkout": [
                "http://www.amed.go.jp/en/"
            ],
            "city_name": "Tokyo",
            "longitude": 139.76434,
            "acronym": "AMED",
            "latitude": 35.687325,
            "name": "Japan Agency for Medical Research and Development",
            "types": [
                "Facility"
            ],
            "country_name": "Japan"
        },
        {
            "id": "grid.454162.0",
            "linkout": [
                "http://www.inamori-f.or.jp/index_e.html"
            ],
            "city_name": "Kyoto",
            "longitude": 135.75914,
            "latitude": 35.00312,
            "name": "Inamori Foundation",
            "types": [
                "Other"
            ],
            "country_name": "Japan"
        },
        {
            "id": "grid.452903.9",
            "linkout": [
                "http://www.mext.go.jp/english/"
            ],
            "city_name": "Tokyo",
            "longitude": 139.763,
            "acronym": "MEXT",
            "latitude": 35.68,
            "name": "Ministry of Education, Culture, Sports, Science and Technology",
            "types": [
                "Government"
            ],
            "country_name": "Japan"
        }
    ],
    "title": "Incubation Period and Other Epidemiological Characteristics of 2019 Novel Coronavirus Infections with Right Truncation: A Statistical Analysis of Publicly Available Case Data",
    "type": "article",
    "year": 2020,
    "journal": {
        "id": "jour.1048290",
        "title": "Journal of Clinical Medicine"
    },
    "researchers": [
        {
            "id": "ur.012404203227.38",
            "research_orgs": [
                "grid.39158.36",
                "grid.1658.a",
                "grid.4391.f",
                "grid.7942.8"
            ],
            "first_name": "Natalie Marie",
            "last_name": "Linton",
            "orcid_id": [
                "0000-0002-5464-0076"
            ]
        },
        {
            "id": "ur.016270713367.50",
            "research_orgs": [
                "grid.39158.36"
            ],
            "first_name": "Tetsuro",
            "last_name": "Kobayashi"
        },
        {
            "id": "ur.010315107367.78",
            "research_orgs": [
                "grid.39158.36"
            ],
            "first_name": "Yichi",
            "last_name": "Yang"
        },
        {
            "id": "ur.013303011367.97",
            "research_orgs": [
                "grid.39158.36"
            ],
            "first_name": "Katsuma",
            "last_name": "Hayashi"
        },
        {
            "id": "ur.0702055316.53",
            "research_orgs": [
                "grid.39158.36",
                "grid.28665.3f",
                "grid.457356.6",
                "grid.435056.1",
                "grid.4886.2",
                "grid.18763.3b",
                "grid.121334.6",
                "grid.422824.a",
                "grid.5328.c",
                "grid.419082.6",
                "grid.462058.d",
                "grid.25073.33"
            ],
            "first_name": "Andrei R R",
            "last_name": "Akhmetzhanov",
            "orcid_id": [
                "0000-0003-3269-7351"
            ]
        },
        {
            "id": "ur.016243516656.34",
            "research_orgs": [
                "grid.39158.36"
            ],
            "first_name": "Sung-Mok",
            "last_name": "Jung",
            "orcid_id": [
                "0000-0002-0787-4515"
            ]
        },
        {
            "id": "ur.016536612277.07",
            "research_orgs": [
                "grid.39158.36",
                "grid.419082.6"
            ],
            "first_name": "Baoyin",
            "last_name": "Yuan"
        },
        {
            "id": "ur.01371526373.26",
            "research_orgs": [
                "grid.39158.36",
                "grid.419082.6",
                "grid.26999.3d"
            ],
            "first_name": "Ryo",
            "last_name": "Kinoshita",
            "orcid_id": [
                "0000-0002-0116-4598"
            ]
        },
        {
            "id": "ur.0711257316.22",
            "research_orgs": [
                "grid.39158.36",
                "grid.410849.0",
                "grid.274841.c",
                "grid.419151.9",
                "grid.416738.f",
                "grid.240871.8",
                "grid.26999.3d",
                "grid.7445.2",
                "grid.10223.32",
                "grid.174567.6",
                "grid.416882.1",
                "grid.257022.0",
                "grid.10392.39",
                "grid.418479.7",
                "grid.194645.b",
                "grid.5645.2",
                "grid.419082.6",
                "grid.272264.7",
                "grid.5477.1",
                "grid.45202.31",
                "grid.267500.6"
            ],
            "first_name": "Hiroshi",
            "last_name": "Nishiura",
            "orcid_id": [
                "0000-0003-0941-8537"
            ]
        }
    ],
    "FOR": [
        {
            "id": "3177",
            "name": "1117 Public Health and Health Services"
        }
    ],
    "research_org_countries": [
        {
            "id": "JP",
            "name": "Japan"
        }
    ],
    "date": "2020-02-17",
    "altmetric": 97.0,
    "pages": "538",
    "id": "pub.1125047318",
    "volume": "9",
    "issue": "2",
    "research_org_cities": [
        {
            "id": 1850147,
            "name": "Tokyo"
        },
        {
            "id": 2128295,
            "name": "Sapporo"
        }
    ],
    "open_access": [
        "Open Access - all",
        "Open Access - publisher",
        "Open Access - published"
    ],
    "author_affiliations": [
        [
            {
                "first_name": "Natalie M.",
                "last_name": "Linton",
                "initials": "",
                "corresponding": "",
                "orcid": "['0000-0002-5464-0076']",
                "current_organization_id": "grid.39158.36",
                "researcher_id": "ur.012404203227.38",
                "affiliations": [
                    {
                        "id": "grid.39158.36",
                        "name": "Hokkaido University",
                        "city": "Sapporo",
                        "city_id": 2128295,
                        "country": "Japan",
                        "country_code": "JP",
                        "state": null,
                        "state_code": null
                    }
                ]
            },
            {
                "first_name": "Tetsuro",
                "last_name": "Kobayashi",
                "initials": "",
                "corresponding": "",
                "orcid": "",
                "current_organization_id": "grid.39158.36",
                "researcher_id": "ur.016270713367.50",
                "affiliations": [
                    {
                        "id": "grid.39158.36",
                        "name": "Hokkaido University",
                        "city": "Sapporo",
                        "city_id": 2128295,
                        "country": "Japan",
                        "country_code": "JP",
                        "state": null,
                        "state_code": null
                    }
                ]
            },
            {
                "first_name": "Yichi",
                "last_name": "Yang",
                "initials": "",
                "corresponding": "",
                "orcid": "",
                "current_organization_id": "grid.39158.36",
                "researcher_id": "ur.010315107367.78",
                "affiliations": [
                    {
                        "id": "grid.39158.36",
                        "name": "Hokkaido University",
                        "city": "Sapporo",
                        "city_id": 2128295,
                        "country": "Japan",
                        "country_code": "JP",
                        "state": null,
                        "state_code": null
                    }
                ]
            },
            {
                "first_name": "Katsuma",
                "last_name": "Hayashi",
                "initials": "",
                "corresponding": "",
                "orcid": "",
                "current_organization_id": "grid.39158.36",
                "researcher_id": "ur.013303011367.97",
                "affiliations": [
                    {
                        "id": "grid.39158.36",
                        "name": "Hokkaido University",
                        "city": "Sapporo",
                        "city_id": 2128295,
                        "country": "Japan",
                        "country_code": "JP",
                        "state": null,
                        "state_code": null
                    }
                ]
            },
            {
                "first_name": "Andrei R.",
                "last_name": "Akhmetzhanov",
                "initials": "",
                "corresponding": "",
                "orcid": "['0000-0003-3269-7351']",
                "current_organization_id": "grid.39158.36",
                "researcher_id": "ur.0702055316.53",
                "affiliations": [
                    {
                        "id": "grid.39158.36",
                        "name": "Hokkaido University",
                        "city": "Sapporo",
                        "city_id": 2128295,
                        "country": "Japan",
                        "country_code": "JP",
                        "state": null,
                        "state_code": null
                    }
                ]
            },
            {
                "first_name": "Sung-mok",
                "last_name": "Jung",
                "initials": "",
                "corresponding": "",
                "orcid": "['0000-0002-0787-4515']",
                "current_organization_id": "grid.39158.36",
                "researcher_id": "ur.016243516656.34",
                "affiliations": [
                    {
                        "id": "grid.39158.36",
                        "name": "Hokkaido University",
                        "city": "Sapporo",
                        "city_id": 2128295,
                        "country": "Japan",
                        "country_code": "JP",
                        "state": null,
                        "state_code": null
                    }
                ]
            },
            {
                "first_name": "Baoyin",
                "last_name": "Yuan",
                "initials": "",
                "corresponding": "",
                "orcid": "",
                "current_organization_id": "grid.39158.36",
                "researcher_id": "ur.016536612277.07",
                "affiliations": [
                    {
                        "id": "grid.39158.36",
                        "name": "Hokkaido University",
                        "city": "Sapporo",
                        "city_id": 2128295,
                        "country": "Japan",
                        "country_code": "JP",
                        "state": null,
                        "state_code": null
                    }
                ]
            },
            {
                "first_name": "Ryo",
                "last_name": "Kinoshita",
                "initials": "",
                "corresponding": "",
                "orcid": "['0000-0002-0116-4598']",
                "current_organization_id": "grid.39158.36",
                "researcher_id": "ur.01371526373.26",
                "affiliations": [
                    {
                        "id": "grid.39158.36",
                        "name": "Hokkaido University",
                        "city": "Sapporo",
                        "city_id": 2128295,
                        "country": "Japan",
                        "country_code": "JP",
                        "state": null,
                        "state_code": null
                    }
                ]
            },
            {
                "first_name": "Hiroshi",
                "last_name": "Nishiura",
                "initials": "",
                "corresponding": "",
                "orcid": "['0000-0003-0941-8537']",
                "current_organization_id": "grid.39158.36",
                "researcher_id": "ur.0711257316.22",
                "affiliations": [
                    {
                        "id": "grid.39158.36",
                        "name": "Hokkaido University",
                        "city": "Sapporo",
                        "city_id": 2128295,
                        "country": "Japan",
                        "country_code": "JP",
                        "state": null,
                        "state_code": null
                    },
                    {
                        "id": "grid.419082.6",
                        "name": "Japan Science and Technology Agency",
                        "city": "Tokyo",
                        "city_id": 1850147,
                        "country": "Japan",
                        "country_code": "JP",
                        "state": null,
                        "state_code": null
                    }
                ]
            }
        ]
    ],
    "doi": "10.3390/jcm9020538",
    "times_cited": 4,
    "references": [
        "pub.1054751390",
        "pub.1083719304",
        "pub.1046483256",
        "pub.1039047285",
        "pub.1030448983",
        "pub.1124377853",
        "pub.1124327925",
        "pub.1124290823",
        "pub.1009247659",
        "pub.1007072554",
        "pub.1015514664",
        "pub.1124408081",
        "pub.1022578590",
        "pub.1031109601"
    ]
}