{
    "research_orgs": [
        {
            "id": "grid.12981.33",
            "linkout": [
                "http://www.sysu.edu.cn/2012/en/index.htm"
            ],
            "city_name": "Guangzhou",
            "longitude": 113.29806,
            "state_name": "Guangdong",
            "latitude": 23.0962,
            "name": "Sun Yat-sen University",
            "types": [
                "Education"
            ],
            "country_name": "China"
        },
        {
            "id": "grid.189504.1",
            "linkout": [
                "http://www.bu.edu/"
            ],
            "city_name": "Boston",
            "longitude": -71.0997,
            "acronym": "BU",
            "state_name": "Massachusetts",
            "latitude": 42.3496,
            "name": "Boston University",
            "types": [
                "Education"
            ],
            "country_name": "United States"
        },
        {
            "id": "grid.21729.3f",
            "linkout": [
                "http://www.columbia.edu/"
            ],
            "city_name": "New York",
            "longitude": -73.962585,
            "acronym": "CU",
            "state_name": "New York",
            "latitude": 40.807774,
            "name": "Columbia University",
            "types": [
                "Education"
            ],
            "country_name": "United States"
        },
        {
            "id": "grid.412557.0",
            "linkout": [
                "http://en.syau.edu.cn/"
            ],
            "city_name": "Shenyang",
            "longitude": 123.560524,
            "acronym": "SYAU",
            "state_name": "Liaoning",
            "latitude": 41.82231,
            "name": "Shenyang Agricultural University",
            "types": [
                "Education"
            ],
            "country_name": "China"
        }
    ],
    "research_org_country_names": [
        "United States",
        "China"
    ],
    "title": "From SARS-CoV to Wuhan 2019-nCoV Outbreak: Similarity of Early Epidemic and Prediction of Future Trends",
    "type": "preprint",
    "year": 2020,
    "journal": {
        "id": "jour.1293558",
        "title": "bioRxiv"
    },
    "researchers": [
        {
            "id": "ur.07402633407.60",
            "research_orgs": [
                "grid.12981.33"
            ],
            "first_name": "Zeliang",
            "last_name": "Chen"
        },
        {
            "id": "ur.07450746607.77",
            "research_orgs": [
                "grid.189504.1"
            ],
            "first_name": "Yi",
            "last_name": "Lu"
        },
        {
            "id": "ur.013234231207.22",
            "research_orgs": [
                "grid.21729.3f"
            ],
            "first_name": "Cheng",
            "last_name": "Guo"
        },
        {
            "id": "ur.013302344407.91",
            "research_orgs": [
                "grid.12981.33"
            ],
            "first_name": "Conghui",
            "last_name": "Liao"
        },
        {
            "id": "ur.07633310407.91",
            "research_orgs": [
                "grid.412557.0"
            ],
            "first_name": "Xiaohu",
            "last_name": "Han"
        },
        {
            "id": "ur.013416573007.49",
            "research_orgs": [
                "grid.12981.33"
            ],
            "first_name": "Qianlin",
            "last_name": "Li"
        },
        {
            "id": "ur.01177622441.09",
            "research_orgs": [
                "grid.1024.7",
                "grid.12981.33",
                "grid.26009.3d",
                "grid.418190.5",
                "grid.419897.a",
                "grid.198530.6",
                "grid.448631.c",
                "grid.20561.30",
                "grid.454741.7",
                "grid.459723.e"
            ],
            "first_name": "Jia-Hai",
            "last_name": "Lu"
        }
    ],
    "FOR": [
        {
            "id": "3177",
            "name": "1117 Public Health and Health Services"
        }
    ],
    "research_org_countries": [
        {
            "id": "US",
            "name": "United States"
        },
        {
            "id": "CN",
            "name": "China"
        }
    ],
    "date": "2020-01-25",
    "altmetric": 226.0,
    "research_org_state_names": [
        "Massachusetts",
        "New York"
    ],
    "id": "pub.1124337092",
    "research_org_state_codes": [
        {
            "id": "US-MA",
            "name": "Massachusetts"
        },
        {
            "id": "US-NY",
            "name": "New York"
        }
    ],
    "research_org_cities": [
        {
            "id": 2034937,
            "name": "Shenyang"
        },
        {
            "id": 1809858,
            "name": "Guangzhou"
        },
        {
            "id": 4930956,
            "name": "Boston"
        },
        {
            "id": 5128581,
            "name": "New York City"
        }
    ],
    "open_access": [
        "Open Access - all",
        "Open Access - publisher",
        "Open Access - published"
    ],
    "author_affiliations": [
        [
            {
                "first_name": "Zeliang",
                "last_name": "Chen",
                "initials": "",
                "corresponding": "",
                "orcid": "",
                "current_organization_id": "",
                "researcher_id": "ur.07402633407.60",
                "affiliations": [
                    {
                        "id": "grid.12981.33",
                        "name": "Sun Yat-sen University",
                        "city": "Guangzhou",
                        "city_id": 1809858,
                        "country": "China",
                        "country_code": "CN",
                        "state": null,
                        "state_code": null
                    }
                ]
            },
            {
                "first_name": "Wenjun",
                "last_name": "Zhang",
                "initials": "",
                "corresponding": "",
                "orcid": "",
                "current_organization_id": "",
                "researcher_id": "",
                "affiliations": [
                    {
                        "id": "grid.12981.33",
                        "name": "Sun Yat-sen University",
                        "city": "Guangzhou",
                        "city_id": 1809858,
                        "country": "China",
                        "country_code": "CN",
                        "state": null,
                        "state_code": null
                    }
                ]
            },
            {
                "first_name": "Yi",
                "last_name": "Lu",
                "initials": "",
                "corresponding": "",
                "orcid": "",
                "current_organization_id": "",
                "researcher_id": "ur.07450746607.77",
                "affiliations": [
                    {
                        "id": "grid.189504.1",
                        "name": "Boston University",
                        "city": "Boston",
                        "city_id": 4930956,
                        "country": "United States",
                        "country_code": "US",
                        "state": "Massachusetts",
                        "state_code": "US-MA"
                    }
                ]
            },
            {
                "first_name": "Cheng",
                "last_name": "Guo",
                "initials": "",
                "corresponding": "",
                "orcid": "",
                "current_organization_id": "",
                "researcher_id": "ur.013234231207.22",
                "affiliations": [
                    {
                        "id": "grid.21729.3f",
                        "name": "Columbia University",
                        "city": "New York",
                        "city_id": 5128581,
                        "country": "United States",
                        "country_code": "US",
                        "state": "New York",
                        "state_code": "US-NY"
                    }
                ]
            },
            {
                "first_name": "Zhongmin",
                "last_name": "Guo",
                "initials": "",
                "corresponding": "",
                "orcid": "",
                "current_organization_id": "",
                "researcher_id": "",
                "affiliations": [
                    {
                        "id": "grid.12981.33",
                        "name": "Sun Yat-sen University",
                        "city": "Guangzhou",
                        "city_id": 1809858,
                        "country": "China",
                        "country_code": "CN",
                        "state": null,
                        "state_code": null
                    }
                ]
            },
            {
                "first_name": "Conghui",
                "last_name": "Liao",
                "initials": "",
                "corresponding": "",
                "orcid": "",
                "current_organization_id": "",
                "researcher_id": "ur.013302344407.91",
                "affiliations": [
                    {
                        "id": "grid.12981.33",
                        "name": "Sun Yat-sen University",
                        "city": "Guangzhou",
                        "city_id": 1809858,
                        "country": "China",
                        "country_code": "CN",
                        "state": null,
                        "state_code": null
                    }
                ]
            },
            {
                "first_name": "Xi",
                "last_name": "Zhang",
                "initials": "",
                "corresponding": "",
                "orcid": "",
                "current_organization_id": "",
                "researcher_id": "",
                "affiliations": [
                    {
                        "id": "grid.412557.0",
                        "name": "Shenyang Agricultural University",
                        "city": "Shenyang",
                        "city_id": 2034937,
                        "country": "China",
                        "country_code": "CN",
                        "state": null,
                        "state_code": null
                    }
                ]
            },
            {
                "first_name": "Yi",
                "last_name": "Zhang",
                "initials": "",
                "corresponding": "",
                "orcid": "",
                "current_organization_id": "",
                "researcher_id": "",
                "affiliations": [
                    {
                        "id": "grid.412557.0",
                        "name": "Shenyang Agricultural University",
                        "city": "Shenyang",
                        "city_id": 2034937,
                        "country": "China",
                        "country_code": "CN",
                        "state": null,
                        "state_code": null
                    }
                ]
            },
            {
                "first_name": "Xiaohu",
                "last_name": "Han",
                "initials": "",
                "corresponding": "",
                "orcid": "",
                "current_organization_id": "",
                "researcher_id": "ur.07633310407.91",
                "affiliations": [
                    {
                        "id": "grid.412557.0",
                        "name": "Shenyang Agricultural University",
                        "city": "Shenyang",
                        "city_id": 2034937,
                        "country": "China",
                        "country_code": "CN",
                        "state": null,
                        "state_code": null
                    }
                ]
            },
            {
                "first_name": "Qianlin",
                "last_name": "Li",
                "initials": "",
                "corresponding": "",
                "orcid": "",
                "current_organization_id": "",
                "researcher_id": "ur.013416573007.49",
                "affiliations": [
                    {
                        "id": "grid.12981.33",
                        "name": "Sun Yat-sen University",
                        "city": "Guangzhou",
                        "city_id": 1809858,
                        "country": "China",
                        "country_code": "CN",
                        "state": null,
                        "state_code": null
                    }
                ]
            },
            {
                "first_name": "W. Ian",
                "last_name": "Lipkin",
                "initials": "",
                "corresponding": "",
                "orcid": "",
                "current_organization_id": "",
                "researcher_id": "",
                "affiliations": [
                    {
                        "id": "grid.21729.3f",
                        "name": "Columbia University",
                        "city": "New York",
                        "city_id": 5128581,
                        "country": "United States",
                        "country_code": "US",
                        "state": "New York",
                        "state_code": "US-NY"
                    }
                ]
            },
            {
                "first_name": "Jiahai",
                "last_name": "Lu",
                "initials": "",
                "corresponding": "",
                "orcid": "",
                "current_organization_id": "grid.12981.33",
                "researcher_id": "ur.01177622441.09",
                "affiliations": [
                    {
                        "id": "grid.12981.33",
                        "name": "Sun Yat-sen University",
                        "city": "Guangzhou",
                        "city_id": 1809858,
                        "country": "China",
                        "country_code": "CN",
                        "state": null,
                        "state_code": null
                    }
                ]
            }
        ]
    ],
    "doi": "10.1101/2020.01.24.919241",
    "times_cited": 2,
    "references": [
        "pub.1002925299",
        "pub.1015443089",
        "pub.1062452643",
        "pub.1124012707",
        "pub.1028540317",
        "pub.1004122496",
        "pub.1039082729",
        "pub.1111980055",
        "pub.1124078561",
        "pub.1043474806"
    ]
}