{
    "pmid": "32052841",
    "author_affiliations": [
        [
            {
                "first_name": "A",
                "last_name": "Wilder-Smith",
                "initials": "",
                "corresponding": "",
                "orcid": "['0000-0003-0362-5375']",
                "current_organization_id": "grid.8991.9",
                "researcher_id": "ur.01343626734.51",
                "affiliations": [
                    {
                        "id": "grid.8991.9",
                        "name": "London School of Hygiene & Tropical Medicine",
                        "city": "London",
                        "city_id": 2643743,
                        "country": "United Kingdom",
                        "country_code": "GB",
                        "state": null,
                        "state_code": null
                    },
                    {
                        "id": "grid.7700.0",
                        "name": "Heidelberg University",
                        "city": "Heidelberg",
                        "city_id": 2907911,
                        "country": "Germany",
                        "country_code": "DE",
                        "state": null,
                        "state_code": null
                    }
                ]
            },
            {
                "first_name": "D O",
                "last_name": "Freedman",
                "initials": "",
                "corresponding": "",
                "orcid": "['0000-0002-5642-5257']",
                "current_organization_id": "grid.265892.2",
                "researcher_id": "ur.01064050571.93",
                "affiliations": [
                    {
                        "id": "grid.411015.0",
                        "name": "University of Alabama, Tuscaloosa",
                        "city": "Tuscaloosa",
                        "city_id": 4094455,
                        "country": "United States",
                        "country_code": "US",
                        "state": "Alabama",
                        "state_code": "US-AL"
                    }
                ]
            }
        ]
    ],
    "altmetric": 95.0,
    "FOR": [
        {
            "id": "3177",
            "name": "1117 Public Health and Health Services"
        }
    ],
    "research_org_countries": [
        {
            "id": "DE",
            "name": "Germany"
        },
        {
            "id": "US",
            "name": "United States"
        },
        {
            "id": "GB",
            "name": "United Kingdom"
        }
    ],
    "title": "Isolation, quarantine, social distancing and community containment: pivotal role for old-style public health measures in the novel coronavirus (2019-nCoV) outbreak",
    "research_org_cities": [
        {
            "id": 4094455,
            "name": "Tuscaloosa"
        },
        {
            "id": 2643743,
            "name": "London"
        },
        {
            "id": 2907911,
            "name": "Heidelberg"
        }
    ],
    "issue": "2",
    "research_org_state_names": [
        "Alabama"
    ],
    "open_access": [
        "Open Access - all",
        "Open Access - publisher",
        "Open Access - published"
    ],
    "doi": "10.1093/jtm/taaa020",
    "times_cited": 3,
    "journal": {
        "id": "jour.1112262",
        "title": "Journal of Travel Medicine"
    },
    "year": 2020,
    "research_orgs": [
        {
            "id": "grid.8991.9",
            "name": "London School of Hygiene & Tropical Medicine",
            "linkout": [
                "http://www.lshtm.ac.uk/"
            ],
            "country_name": "United Kingdom",
            "types": [
                "Education"
            ],
            "latitude": 51.5209,
            "acronym": "LSHTM",
            "state_name": "Camden",
            "city_name": "London",
            "longitude": -0.1307
        },
        {
            "id": "grid.411015.0",
            "name": "University of Alabama, Tuscaloosa",
            "linkout": [
                "https://www.ua.edu/"
            ],
            "country_name": "United States",
            "types": [
                "Education"
            ],
            "latitude": 33.20944,
            "state_name": "Alabama",
            "city_name": "Tuscaloosa",
            "longitude": -87.5415
        },
        {
            "id": "grid.7700.0",
            "name": "Heidelberg University",
            "linkout": [
                "http://www.uni-heidelberg.de/index_e.html"
            ],
            "country_name": "Germany",
            "types": [
                "Education"
            ],
            "latitude": 49.41935,
            "city_name": "Heidelberg",
            "longitude": 8.670238
        }
    ],
    "id": "pub.1124847542",
    "references": [
        "pub.1077329718",
        "pub.1028554701",
        "pub.1124289146",
        "pub.1124408081",
        "pub.1124368690",
        "pub.1077266766",
        "pub.1124434742",
        "pub.1124462310",
        "pub.1078639707",
        "pub.1048492976",
        "pub.1020858861"
    ],
    "research_org_country_names": [
        "United Kingdom",
        "United States",
        "Germany"
    ],
    "date": "2020-02-13",
    "research_org_state_codes": [
        {
            "id": "US-AL",
            "name": "Alabama"
        }
    ],
    "researchers": [
        {
            "id": "ur.01343626734.51",
            "research_orgs": [
                "grid.410759.e",
                "grid.3575.4",
                "grid.8991.9",
                "grid.11899.38",
                "grid.416843.c",
                "grid.412106.0",
                "grid.1003.2",
                "grid.7700.0",
                "grid.7400.3",
                "grid.38142.3c",
                "grid.12650.30",
                "grid.5734.5",
                "grid.59025.3b",
                "grid.30311.30",
                "grid.428397.3",
                "grid.415502.7",
                "grid.413795.d",
                "grid.1011.1",
                "grid.240988.f",
                "grid.4280.e"
            ],
            "last_name": "Wilder-Smith",
            "first_name": "Annelies J",
            "orcid_id": [
                "0000-0003-0362-5375"
            ]
        },
        {
            "id": "ur.01064050571.93",
            "research_orgs": [
                "grid.27755.32",
                "grid.176731.5",
                "grid.5252.0",
                "grid.17063.33",
                "grid.5386.8",
                "grid.491375.d",
                "grid.189967.8",
                "grid.265892.2",
                "grid.415400.4",
                "grid.419681.3",
                "grid.94365.3d",
                "grid.418068.3",
                "grid.416738.f",
                "grid.239395.7"
            ],
            "last_name": "Freedman",
            "first_name": "David O",
            "orcid_id": [
                "0000-0002-5642-5257"
            ]
        }
    ],
    "type": "article",
    "volume": "27"
}