{
    "date": "2020-03-11",
    "title": "The effectiveness of quarantine and isolation determine the trend of the COVID-19 epidemics in the final phase of the current outbreak in China.",
    "altmetric": 1.0,
    "research_org_cities": [
        {
            "id": 6167865,
            "name": "Toronto"
        },
        {
            "id": 1790630,
            "name": "Xi\u2019an"
        }
    ],
    "open_access": [
        "Open Access - all",
        "Open Access - publisher"
    ],
    "research_org_countries": [
        {
            "id": "CN",
            "name": "China"
        },
        {
            "id": "CA",
            "name": "Canada"
        }
    ],
    "doi": "10.1016/j.ijid.2020.03.018",
    "FOR": [
        {
            "id": "3177",
            "name": "1117 Public Health and Health Services"
        }
    ],
    "times_cited": 0,
    "research_orgs": [
        {
            "id": "grid.43169.39",
            "acronym": "XJTU",
            "types": [
                "Education"
            ],
            "longitude": 108.979164,
            "linkout": [
                "http://en.xjtu.edu.cn/"
            ],
            "latitude": 34.247223,
            "name": "Xi'an Jiaotong University",
            "city_name": "Xi'an",
            "country_name": "China"
        },
        {
            "id": "grid.412498.2",
            "acronym": "SNNU",
            "types": [
                "Education"
            ],
            "longitude": 108.95021,
            "linkout": [
                "http://english.snnu.edu.cn/"
            ],
            "latitude": 34.20334,
            "name": "Shaanxi Normal University",
            "city_name": "Xi'an",
            "country_name": "China"
        },
        {
            "id": "grid.21100.32",
            "state_name": "Ontario",
            "types": [
                "Education"
            ],
            "longitude": -79.50189,
            "linkout": [
                "http://about.yorku.ca/"
            ],
            "latitude": 43.77367,
            "name": "York University",
            "city_name": "Toronto",
            "country_name": "Canada"
        }
    ],
    "pmid": "32171948",
    "research_org_country_names": [
        "China",
        "Canada"
    ],
    "id": "pub.1125679181",
    "journal": {
        "id": "jour.1115751",
        "title": "International Journal of Infectious Diseases"
    },
    "year": 2020,
    "research_org_state_names": [
        "Ontario"
    ],
    "author_affiliations": [
        [
            {
                "first_name": "Biao",
                "last_name": "Tang",
                "initials": "",
                "corresponding": "",
                "orcid": "",
                "current_organization_id": "",
                "researcher_id": "",
                "affiliations": [
                    {
                        "id": "grid.43169.39",
                        "name": "Xi'an Jiaotong University",
                        "city": "Xi'an",
                        "city_id": 1790630,
                        "country": "China",
                        "country_code": "CN",
                        "state": null,
                        "state_code": null
                    },
                    {
                        "id": "grid.21100.32",
                        "name": "York University",
                        "city": "Toronto",
                        "city_id": 6167865,
                        "country": "Canada",
                        "country_code": "CA",
                        "state": "Ontario",
                        "state_code": "CA-ON"
                    }
                ]
            },
            {
                "first_name": "Fan",
                "last_name": "Xia",
                "initials": "",
                "corresponding": "",
                "orcid": "",
                "current_organization_id": "",
                "researcher_id": "",
                "affiliations": [
                    {
                        "id": "grid.43169.39",
                        "name": "Xi'an Jiaotong University",
                        "city": "Xi'an",
                        "city_id": 1790630,
                        "country": "China",
                        "country_code": "CN",
                        "state": null,
                        "state_code": null
                    }
                ]
            },
            {
                "first_name": "Sanyi",
                "last_name": "Tang",
                "initials": "",
                "corresponding": "",
                "orcid": "",
                "current_organization_id": "",
                "researcher_id": "",
                "affiliations": [
                    {
                        "id": "grid.412498.2",
                        "name": "Shaanxi Normal University",
                        "city": "Xi'an",
                        "city_id": 1790630,
                        "country": "China",
                        "country_code": "CN",
                        "state": null,
                        "state_code": null
                    }
                ]
            },
            {
                "first_name": "Nicola Luigi",
                "last_name": "Bragazzi",
                "initials": "",
                "corresponding": "",
                "orcid": "",
                "current_organization_id": "",
                "researcher_id": "",
                "affiliations": [
                    {
                        "id": "grid.21100.32",
                        "name": "York University",
                        "city": "Toronto",
                        "city_id": 6167865,
                        "country": "Canada",
                        "country_code": "CA",
                        "state": "Ontario",
                        "state_code": "CA-ON"
                    }
                ]
            },
            {
                "first_name": "Qian",
                "last_name": "Li",
                "initials": "",
                "corresponding": "",
                "orcid": "",
                "current_organization_id": "",
                "researcher_id": "",
                "affiliations": [
                    {
                        "id": "grid.21100.32",
                        "name": "York University",
                        "city": "Toronto",
                        "city_id": 6167865,
                        "country": "Canada",
                        "country_code": "CA",
                        "state": "Ontario",
                        "state_code": "CA-ON"
                    },
                    {
                        "id": "grid.43169.39",
                        "name": "Xi'an Jiaotong University",
                        "city": "Xi'an",
                        "city_id": 1790630,
                        "country": "China",
                        "country_code": "CN",
                        "state": null,
                        "state_code": null
                    }
                ]
            },
            {
                "first_name": "Xiaodan",
                "last_name": "Sun",
                "initials": "",
                "corresponding": "",
                "orcid": "",
                "current_organization_id": "",
                "researcher_id": "",
                "affiliations": [
                    {
                        "id": "grid.43169.39",
                        "name": "Xi'an Jiaotong University",
                        "city": "Xi'an",
                        "city_id": 1790630,
                        "country": "China",
                        "country_code": "CN",
                        "state": null,
                        "state_code": null
                    }
                ]
            },
            {
                "first_name": "Juhua",
                "last_name": "Liang",
                "initials": "",
                "corresponding": "",
                "orcid": "",
                "current_organization_id": "",
                "researcher_id": "",
                "affiliations": [
                    {
                        "id": "grid.412498.2",
                        "name": "Shaanxi Normal University",
                        "city": "Xi'an",
                        "city_id": 1790630,
                        "country": "China",
                        "country_code": "CN",
                        "state": null,
                        "state_code": null
                    }
                ]
            },
            {
                "first_name": "Yanni",
                "last_name": "Xiao",
                "initials": "",
                "corresponding": "",
                "orcid": "",
                "current_organization_id": "",
                "researcher_id": "",
                "affiliations": [
                    {
                        "id": "grid.43169.39",
                        "name": "Xi'an Jiaotong University",
                        "city": "Xi'an",
                        "city_id": 1790630,
                        "country": "China",
                        "country_code": "CN",
                        "state": null,
                        "state_code": null
                    }
                ]
            },
            {
                "first_name": "Jianhong",
                "last_name": "Wu",
                "initials": "",
                "corresponding": "",
                "orcid": "",
                "current_organization_id": "",
                "researcher_id": "",
                "affiliations": [
                    {
                        "id": "grid.43169.39",
                        "name": "Xi'an Jiaotong University",
                        "city": "Xi'an",
                        "city_id": 1790630,
                        "country": "China",
                        "country_code": "CN",
                        "state": null,
                        "state_code": null
                    },
                    {
                        "id": "grid.21100.32",
                        "name": "York University",
                        "city": "Toronto",
                        "city_id": 6167865,
                        "country": "Canada",
                        "country_code": "CA",
                        "state": "Ontario",
                        "state_code": "CA-ON"
                    }
                ]
            }
        ]
    ],
    "type": "article"
}