{
    "volume": "13",
    "date": "2020-01-01",
    "title": "Emerging and re-emerging human infectious diseases: A systematic review of the role of wild animals with a focus on public health impact",
    "researchers": [
        {
            "id": "ur.01064670746.32",
            "last_name": "Siqueira-Batista",
            "first_name": "Rodrigo",
            "orcid_id": [
                "0000-0002-3661-1570"
            ],
            "research_orgs": [
                "grid.411173.1",
                "grid.418068.3",
                "grid.452549.b",
                "grid.419716.c",
                "grid.442239.a",
                "grid.412211.5",
                "grid.12799.34",
                "grid.8536.8"
            ]
        }
    ],
    "pages": "99",
    "doi": "10.4103/1995-7645.277535",
    "times_cited": 0,
    "id": "pub.1124694890",
    "issue": "3",
    "journal": {
        "id": "jour.1043670",
        "title": "Asian Pacific Journal of Tropical Medicine"
    },
    "year": 2020,
    "references": [
        "pub.1124295656",
        "pub.1112136714",
        "pub.1112069959",
        "pub.1107845630",
        "pub.1124450701",
        "pub.1124223059",
        "pub.1120958456",
        "pub.1011347945"
    ],
    "author_affiliations": [
        [
            {
                "first_name": "MarliC",
                "last_name": "Cupertino",
                "initials": "",
                "corresponding": "",
                "orcid": "",
                "current_organization_id": "",
                "researcher_id": "",
                "affiliations": []
            },
            {
                "first_name": "MichelyB",
                "last_name": "Resende",
                "initials": "",
                "corresponding": "",
                "orcid": "",
                "current_organization_id": "",
                "researcher_id": "",
                "affiliations": []
            },
            {
                "first_name": "NicholasAJ",
                "last_name": "Mayer",
                "initials": "",
                "corresponding": "",
                "orcid": "",
                "current_organization_id": "",
                "researcher_id": "",
                "affiliations": []
            },
            {
                "first_name": "LorendaneM",
                "last_name": "Carvalho",
                "initials": "",
                "corresponding": "",
                "orcid": "",
                "current_organization_id": "",
                "researcher_id": "",
                "affiliations": []
            },
            {
                "first_name": "Rodrigo",
                "last_name": "Siqueira-Batista",
                "initials": "",
                "corresponding": "",
                "orcid": "['0000-0002-3661-1570']",
                "current_organization_id": "grid.12799.34",
                "researcher_id": "ur.01064670746.32",
                "affiliations": []
            }
        ]
    ],
    "type": "article"
}