{
    "volume": "67",
    "date": "2020-01-01",
    "title": "Updated phylogenetic analysis of the spike gene and identification of a novel recombinant porcine epidemic diarrhoea virus strain in Taiwan",
    "researchers": [
        {
            "id": "ur.010031637345.53",
            "last_name": "Hsueh",
            "first_name": "Fu-Chun",
            "research_orgs": [
                "grid.19188.39"
            ]
        },
        {
            "id": "ur.01161042020.45",
            "last_name": "Lin",
            "first_name": "Chao-Nan",
            "orcid_id": [
                "0000-0003-1911-7535"
            ],
            "research_orgs": [
                "grid.428397.3",
                "grid.412083.c",
                "grid.19188.39"
            ]
        },
        {
            "id": "ur.0713341213.14",
            "last_name": "Chiou",
            "first_name": "Hue-Ying",
            "research_orgs": [
                "grid.260542.7",
                "grid.453140.7",
                "grid.418646.9",
                "grid.254145.3",
                "grid.19188.39"
            ]
        },
        {
            "id": "ur.0637504152.45",
            "last_name": "Chia",
            "first_name": "Min-Yuan",
            "research_orgs": [
                "grid.59784.37",
                "grid.260542.7"
            ]
        },
        {
            "id": "ur.01154656232.79",
            "last_name": "Chiou",
            "first_name": "Ming-Tang",
            "research_orgs": [
                "grid.412083.c",
                "grid.19188.39"
            ]
        },
        {
            "id": "ur.012571260645.31",
            "last_name": "Kao",
            "first_name": "Chi-Fei",
            "research_orgs": [
                "grid.19188.39"
            ]
        },
        {
            "id": "ur.012061123737.51",
            "last_name": "Chang",
            "first_name": "Yen-Chen",
            "research_orgs": [
                "grid.19188.39"
            ]
        },
        {
            "id": "ur.013454064737.46",
            "last_name": "Chang",
            "first_name": "Chia-Yu",
            "research_orgs": [
                "grid.19188.39"
            ]
        },
        {
            "id": "ur.01004171044.92",
            "last_name": "Jeng",
            "first_name": "Chian-Ren",
            "orcid_id": [
                "0000-0003-3941-6276"
            ],
            "research_orgs": [
                "grid.453140.7",
                "grid.19188.39"
            ]
        },
        {
            "id": "ur.01177072657.61",
            "last_name": "Chang",
            "first_name": "Hui-Wen",
            "orcid_id": [
                "0000-0001-8877-1886"
            ],
            "research_orgs": [
                "grid.5477.1",
                "grid.469946.0",
                "grid.19188.39",
                "grid.239395.7",
                "grid.38142.3c"
            ]
        }
    ],
    "pages": "417-430",
    "research_org_cities": [
        {
            "id": 1850147,
            "name": "Tokyo"
        },
        {
            "id": 1668341,
            "name": "Taipei"
        },
        {
            "id": 1668399,
            "name": "Taichung"
        }
    ],
    "research_org_countries": [
        {
            "id": "JP",
            "name": "Japan"
        },
        {
            "id": "TW",
            "name": "Taiwan"
        }
    ],
    "doi": "10.1111/tbed.13365",
    "FOR": [
        {
            "id": "2620",
            "name": "0604 Genetics"
        },
        {
            "id": "3114",
            "name": "1108 Medical Microbiology"
        }
    ],
    "times_cited": 1,
    "research_orgs": [
        {
            "id": "grid.26999.3d",
            "acronym": "UT",
            "types": [
                "Education"
            ],
            "longitude": 139.76222,
            "linkout": [
                "http://www.u-tokyo.ac.jp/en/"
            ],
            "latitude": 35.713333,
            "name": "University of Tokyo",
            "city_name": "Tokyo",
            "country_name": "Japan"
        },
        {
            "id": "grid.19188.39",
            "acronym": "NTU",
            "state_name": "Taipei",
            "types": [
                "Education"
            ],
            "longitude": 121.536,
            "linkout": [
                "http://www.ntu.edu.tw/english/"
            ],
            "latitude": 25.016,
            "name": "National Taiwan University",
            "city_name": "Taipei",
            "country_name": "Taiwan"
        },
        {
            "id": "grid.412083.c",
            "acronym": "NPUST",
            "types": [
                "Education"
            ],
            "longitude": 120.59556,
            "linkout": [
                "http://www.npust.edu.tw/index_en.aspx"
            ],
            "latitude": 22.640833,
            "name": "National Pingtung University of Science and Technology",
            "city_name": "Neipu",
            "country_name": "Taiwan"
        },
        {
            "id": "grid.260542.7",
            "acronym": "NCHU",
            "types": [
                "Education"
            ],
            "longitude": 120.67426,
            "linkout": [
                "http://www.nchu.edu.tw/en-index.php"
            ],
            "latitude": 24.12246,
            "name": "National Chung Hsing University",
            "city_name": "Taichung",
            "country_name": "Taiwan"
        }
    ],
    "pmid": "31538715",
    "funders": [
        {
            "id": "grid.410767.3",
            "acronym": "MOST",
            "types": [
                "Government"
            ],
            "longitude": 121.54194,
            "linkout": [
                "https://www.most.gov.tw/en/"
            ],
            "latitude": 25.025145,
            "name": "Ministry of Science and Technology",
            "city_name": "Taipei",
            "country_name": "Taiwan"
        }
    ],
    "research_org_country_names": [
        "Taiwan",
        "Japan"
    ],
    "id": "pub.1121125229",
    "issue": "1",
    "journal": {
        "id": "jour.1319904",
        "title": "Transboundary and Emerging Diseases"
    },
    "year": 2020,
    "references": [
        "pub.1053326862",
        "pub.1034259535",
        "pub.1104040285",
        "pub.1039026552",
        "pub.1112286107",
        "pub.1101536110",
        "pub.1003862835",
        "pub.1041605057",
        "pub.1028038000",
        "pub.1085439265",
        "pub.1048888408",
        "pub.1092353758",
        "pub.1004462551",
        "pub.1053527998",
        "pub.1082557006",
        "pub.1049809403",
        "pub.1027789525",
        "pub.1044301437",
        "pub.1106126220",
        "pub.1052833736",
        "pub.1021463007",
        "pub.1079314007",
        "pub.1045185941",
        "pub.1010651730",
        "pub.1003036122",
        "pub.1050519337",
        "pub.1092156171",
        "pub.1011638925",
        "pub.1075194134",
        "pub.1084608157",
        "pub.1019689563",
        "pub.1042308402",
        "pub.1018436567",
        "pub.1086128339",
        "pub.1046710524",
        "pub.1052974594",
        "pub.1101900703",
        "pub.1101127624"
    ],
    "author_affiliations": [
        [
            {
                "first_name": "Fu\u2010Chun",
                "last_name": "Hsueh",
                "initials": "",
                "corresponding": "",
                "orcid": "",
                "current_organization_id": "grid.19188.39",
                "researcher_id": "ur.010031637345.53",
                "affiliations": [
                    {
                        "id": "grid.19188.39",
                        "name": "National Taiwan University",
                        "city": "Taipei",
                        "city_id": 1668341,
                        "country": "Taiwan",
                        "country_code": "TW",
                        "state": null,
                        "state_code": null
                    },
                    {
                        "id": "grid.19188.39",
                        "name": "National Taiwan University",
                        "city": "Taipei",
                        "city_id": 1668341,
                        "country": "Taiwan",
                        "country_code": "TW",
                        "state": null,
                        "state_code": null
                    }
                ]
            },
            {
                "first_name": "Chao\u2010Nan",
                "last_name": "Lin",
                "initials": "",
                "corresponding": "",
                "orcid": "['0000-0003-1911-7535']",
                "current_organization_id": "grid.412083.c",
                "researcher_id": "ur.01161042020.45",
                "affiliations": [
                    {
                        "id": "grid.412083.c",
                        "name": "National Pingtung University of Science and Technology",
                        "city": "Neipu",
                        "country": "Taiwan",
                        "country_code": "TW",
                        "state": null,
                        "state_code": null
                    }
                ]
            },
            {
                "first_name": "Hue\u2010Ying",
                "last_name": "Chiou",
                "initials": "",
                "corresponding": "",
                "orcid": "['0000-0002-4545-9697']",
                "current_organization_id": "grid.260542.7",
                "researcher_id": "ur.0713341213.14",
                "affiliations": [
                    {
                        "id": "grid.260542.7",
                        "name": "National Chung Hsing University",
                        "city": "Taichung",
                        "city_id": 1668399,
                        "country": "Taiwan",
                        "country_code": "TW",
                        "state": null,
                        "state_code": null
                    }
                ]
            },
            {
                "first_name": "Min\u2010Yuan",
                "last_name": "Chia",
                "initials": "",
                "corresponding": "",
                "orcid": "",
                "current_organization_id": "grid.260542.7",
                "researcher_id": "ur.0637504152.45",
                "affiliations": [
                    {
                        "id": "grid.260542.7",
                        "name": "National Chung Hsing University",
                        "city": "Taichung",
                        "city_id": 1668399,
                        "country": "Taiwan",
                        "country_code": "TW",
                        "state": null,
                        "state_code": null
                    }
                ]
            },
            {
                "first_name": "Ming\u2010Tang",
                "last_name": "Chiou",
                "initials": "",
                "corresponding": "",
                "orcid": "",
                "current_organization_id": "grid.412083.c",
                "researcher_id": "ur.01154656232.79",
                "affiliations": [
                    {
                        "id": "grid.412083.c",
                        "name": "National Pingtung University of Science and Technology",
                        "city": "Neipu",
                        "country": "Taiwan",
                        "country_code": "TW",
                        "state": null,
                        "state_code": null
                    }
                ]
            },
            {
                "first_name": "Takashi",
                "last_name": "Haga",
                "initials": "",
                "corresponding": "",
                "orcid": "",
                "current_organization_id": "",
                "researcher_id": "",
                "affiliations": [
                    {
                        "id": "grid.26999.3d",
                        "name": "University of Tokyo",
                        "city": "Tokyo",
                        "city_id": 1850147,
                        "country": "Japan",
                        "country_code": "JP",
                        "state": null,
                        "state_code": null
                    }
                ]
            },
            {
                "first_name": "Chi\u2010Fei",
                "last_name": "Kao",
                "initials": "",
                "corresponding": "",
                "orcid": "",
                "current_organization_id": "grid.19188.39",
                "researcher_id": "ur.012571260645.31",
                "affiliations": [
                    {
                        "id": "grid.19188.39",
                        "name": "National Taiwan University",
                        "city": "Taipei",
                        "city_id": 1668341,
                        "country": "Taiwan",
                        "country_code": "TW",
                        "state": null,
                        "state_code": null
                    },
                    {
                        "id": "grid.19188.39",
                        "name": "National Taiwan University",
                        "city": "Taipei",
                        "city_id": 1668341,
                        "country": "Taiwan",
                        "country_code": "TW",
                        "state": null,
                        "state_code": null
                    }
                ]
            },
            {
                "first_name": "Yen\u2010Chen",
                "last_name": "Chang",
                "initials": "",
                "corresponding": "",
                "orcid": "",
                "current_organization_id": "grid.19188.39",
                "researcher_id": "ur.012061123737.51",
                "affiliations": [
                    {
                        "id": "grid.19188.39",
                        "name": "National Taiwan University",
                        "city": "Taipei",
                        "city_id": 1668341,
                        "country": "Taiwan",
                        "country_code": "TW",
                        "state": null,
                        "state_code": null
                    },
                    {
                        "id": "grid.19188.39",
                        "name": "National Taiwan University",
                        "city": "Taipei",
                        "city_id": 1668341,
                        "country": "Taiwan",
                        "country_code": "TW",
                        "state": null,
                        "state_code": null
                    }
                ]
            },
            {
                "first_name": "Chia\u2010Yu",
                "last_name": "Chang",
                "initials": "",
                "corresponding": "",
                "orcid": "",
                "current_organization_id": "grid.19188.39",
                "researcher_id": "ur.013454064737.46",
                "affiliations": [
                    {
                        "id": "grid.19188.39",
                        "name": "National Taiwan University",
                        "city": "Taipei",
                        "city_id": 1668341,
                        "country": "Taiwan",
                        "country_code": "TW",
                        "state": null,
                        "state_code": null
                    },
                    {
                        "id": "grid.19188.39",
                        "name": "National Taiwan University",
                        "city": "Taipei",
                        "city_id": 1668341,
                        "country": "Taiwan",
                        "country_code": "TW",
                        "state": null,
                        "state_code": null
                    }
                ]
            },
            {
                "first_name": "Chian\u2010Ren",
                "last_name": "Jeng",
                "initials": "",
                "corresponding": "",
                "orcid": "['0000-0003-3941-6276']",
                "current_organization_id": "grid.19188.39",
                "researcher_id": "ur.01004171044.92",
                "affiliations": [
                    {
                        "id": "grid.19188.39",
                        "name": "National Taiwan University",
                        "city": "Taipei",
                        "city_id": 1668341,
                        "country": "Taiwan",
                        "country_code": "TW",
                        "state": null,
                        "state_code": null
                    },
                    {
                        "id": "grid.19188.39",
                        "name": "National Taiwan University",
                        "city": "Taipei",
                        "city_id": 1668341,
                        "country": "Taiwan",
                        "country_code": "TW",
                        "state": null,
                        "state_code": null
                    }
                ]
            },
            {
                "first_name": "Hui\u2010Wen",
                "last_name": "Chang",
                "initials": "",
                "corresponding": "",
                "orcid": "['0000-0001-8877-1886']",
                "current_organization_id": "grid.19188.39",
                "researcher_id": "ur.01177072657.61",
                "affiliations": [
                    {
                        "id": "grid.19188.39",
                        "name": "National Taiwan University",
                        "city": "Taipei",
                        "city_id": 1668341,
                        "country": "Taiwan",
                        "country_code": "TW",
                        "state": null,
                        "state_code": null
                    },
                    {
                        "id": "grid.19188.39",
                        "name": "National Taiwan University",
                        "city": "Taipei",
                        "city_id": 1668341,
                        "country": "Taiwan",
                        "country_code": "TW",
                        "state": null,
                        "state_code": null
                    }
                ]
            }
        ]
    ],
    "type": "article"
}