{
    "date": "2020-02-23",
    "title": "ACP risk grade: a simple mortality index for patients with confirmed or suspected severe acute respiratory syndrome coronavirus 2 disease (COVID-19) during the early stage of outbreak in Wuhan, China",
    "researchers": [
        {
            "id": "ur.0645346622.27",
            "last_name": "Hou",
            "first_name": "Jin-Lin",
            "research_orgs": [
                "grid.7445.2",
                "grid.13402.34",
                "grid.265021.2",
                "grid.426467.5",
                "grid.416466.7",
                "grid.284723.8",
                "grid.83440.3b"
            ]
        }
    ],
    "altmetric": 28.0,
    "pages": "2020.02.20.20025510",
    "research_org_cities": [
        {
            "id": 1809858,
            "name": "Guangzhou"
        },
        {
            "id": 1791247,
            "name": "Wuhan"
        }
    ],
    "open_access": [
        "Open Access - all",
        "Open Access - publisher",
        "Open Access - published"
    ],
    "research_org_countries": [
        {
            "id": "CN",
            "name": "China"
        }
    ],
    "doi": "10.1101/2020.02.20.20025510",
    "FOR": [
        {
            "id": "3177",
            "name": "1117 Public Health and Health Services"
        }
    ],
    "times_cited": 0,
    "research_org_country_names": [
        "China"
    ],
    "id": "pub.1125104065",
    "journal": {
        "id": "jour.1369542",
        "title": "medRxiv"
    },
    "year": 2020,
    "author_affiliations": [
        [
            {
                "first_name": "Jiatao",
                "last_name": "Lu",
                "initials": "",
                "corresponding": "",
                "orcid": "",
                "current_organization_id": "",
                "researcher_id": "",
                "affiliations": [
                    {
                        "name": "Wuhan Hankou Hospital, Wuhan, China;"
                    }
                ]
            },
            {
                "first_name": "Shufang",
                "last_name": "Hu",
                "initials": "",
                "corresponding": "",
                "orcid": "",
                "current_organization_id": "",
                "researcher_id": "",
                "affiliations": [
                    {
                        "name": "Department of Endocrinology, Wuhan Hankou Hospital, Wuhan, China;"
                    }
                ]
            },
            {
                "first_name": "Rong",
                "last_name": "Fan",
                "initials": "",
                "corresponding": "",
                "orcid": "",
                "current_organization_id": "",
                "researcher_id": "",
                "affiliations": [
                    {
                        "name": "Department of Infectious Diseases, Nanfang Hospital, Southern Medical University, Guangzhou, China;"
                    }
                ]
            },
            {
                "first_name": "Zhihong",
                "last_name": "Liu",
                "initials": "",
                "corresponding": "",
                "orcid": "",
                "current_organization_id": "",
                "researcher_id": "",
                "affiliations": [
                    {
                        "name": "Department of Infectious Diseases, Nanfang Hospital, Southern Medical University, Guangzhou, China;"
                    }
                ]
            },
            {
                "first_name": "Xueru",
                "last_name": "Yin",
                "initials": "",
                "corresponding": "",
                "orcid": "",
                "current_organization_id": "",
                "researcher_id": "",
                "affiliations": [
                    {
                        "name": "Department of Infectious Diseases, Nanfang Hospital, Southern Medical University, Guangzhou, China;"
                    }
                ]
            },
            {
                "first_name": "Qiongya",
                "last_name": "Wang",
                "initials": "",
                "corresponding": "",
                "orcid": "",
                "current_organization_id": "",
                "researcher_id": "",
                "affiliations": [
                    {
                        "name": "Wuhan Hankou Hospital, Wuhan, China;"
                    }
                ]
            },
            {
                "first_name": "Qingquan",
                "last_name": "Lv",
                "initials": "",
                "corresponding": "",
                "orcid": "",
                "current_organization_id": "",
                "researcher_id": "",
                "affiliations": [
                    {
                        "name": "Department of Medical Affairs, Wuhan Hankou Hospital, Wuhan, China;"
                    }
                ]
            },
            {
                "first_name": "Zhifang",
                "last_name": "Cai",
                "initials": "",
                "corresponding": "",
                "orcid": "",
                "current_organization_id": "",
                "researcher_id": "",
                "affiliations": [
                    {
                        "name": "Department of Respiratory Diseases, Wuhan Hankou Hospital, Wuhan, China;"
                    }
                ]
            },
            {
                "first_name": "Haijun",
                "last_name": "Li",
                "initials": "",
                "corresponding": "",
                "orcid": "",
                "current_organization_id": "",
                "researcher_id": "",
                "affiliations": [
                    {
                        "name": "Department of Radiology, Wuhan Hankou Hospital, Wuhan, China;"
                    }
                ]
            },
            {
                "first_name": "Yuhai",
                "last_name": "Hu",
                "initials": "",
                "corresponding": "",
                "orcid": "",
                "current_organization_id": "",
                "researcher_id": "",
                "affiliations": [
                    {
                        "name": "Department of Laboratory Medicine, Wuhan Hankou Hospital, Wuhan, China;"
                    }
                ]
            },
            {
                "first_name": "Ying",
                "last_name": "Han",
                "initials": "",
                "corresponding": "",
                "orcid": "",
                "current_organization_id": "",
                "researcher_id": "",
                "affiliations": [
                    {
                        "name": "Department of Nursing, Wuhan Hankou Hospital, Wuhan, China;"
                    }
                ]
            },
            {
                "first_name": "Hongping",
                "last_name": "Hu",
                "initials": "",
                "corresponding": "",
                "orcid": "",
                "current_organization_id": "",
                "researcher_id": "",
                "affiliations": [
                    {
                        "name": "Department of Emergency, Wuhan Hankou Hospital, Wuhan, China;"
                    }
                ]
            },
            {
                "first_name": "Wenyong",
                "last_name": "Gao",
                "initials": "",
                "corresponding": "",
                "orcid": "",
                "current_organization_id": "",
                "researcher_id": "",
                "affiliations": [
                    {
                        "name": "Department of Neurology, Wuhan Hankou Hospital, Wuhan, China;"
                    }
                ]
            },
            {
                "first_name": "Shibo",
                "last_name": "Feng",
                "initials": "",
                "corresponding": "",
                "orcid": "",
                "current_organization_id": "",
                "researcher_id": "",
                "affiliations": [
                    {
                        "name": "Department of Orthopaedics, Wuhan Hankou Hospital, Wuhan, China;"
                    }
                ]
            },
            {
                "first_name": "Qiongfang",
                "last_name": "Liu",
                "initials": "",
                "corresponding": "",
                "orcid": "",
                "current_organization_id": "",
                "researcher_id": "",
                "affiliations": [
                    {
                        "name": "Department of Nosocomial Infection Administration, Wuhan Hankou Hospital, Wuhan, China;"
                    }
                ]
            },
            {
                "first_name": "Hui",
                "last_name": "Li",
                "initials": "",
                "corresponding": "",
                "orcid": "",
                "current_organization_id": "",
                "researcher_id": "",
                "affiliations": [
                    {
                        "name": "Department of Infectious Diseases, Nanfang Hospital, Southern Medical University, Guangzhou, China;"
                    }
                ]
            },
            {
                "first_name": "Jian",
                "last_name": "Sun",
                "initials": "",
                "corresponding": "",
                "orcid": "",
                "current_organization_id": "",
                "researcher_id": "",
                "affiliations": [
                    {
                        "name": "Department of Infectious Diseases, Nanfang Hospital, Southern Medical University, Guangzhou, China;"
                    }
                ]
            },
            {
                "first_name": "Jie",
                "last_name": "Peng",
                "initials": "",
                "corresponding": "",
                "orcid": "",
                "current_organization_id": "",
                "researcher_id": "",
                "affiliations": [
                    {
                        "name": "Department of Infectious Diseases, Nanfang Hospital, Southern Medical University, Guangzhou, China;"
                    }
                ]
            },
            {
                "first_name": "Xuefeng",
                "last_name": "Yi",
                "initials": "",
                "corresponding": "",
                "orcid": "",
                "current_organization_id": "",
                "researcher_id": "",
                "affiliations": [
                    {
                        "name": "Health Commission of Guangdong Province, Guangzhou, China"
                    }
                ]
            },
            {
                "first_name": "Zixiao",
                "last_name": "Zhou",
                "initials": "",
                "corresponding": "",
                "orcid": "",
                "current_organization_id": "",
                "researcher_id": "",
                "affiliations": [
                    {
                        "name": "Health Commission of Guangdong Province, Guangzhou, China"
                    }
                ]
            },
            {
                "first_name": "Yabing",
                "last_name": "Guo",
                "initials": "",
                "corresponding": "",
                "orcid": "",
                "current_organization_id": "",
                "researcher_id": "",
                "affiliations": [
                    {
                        "name": "Department of Infectious Diseases, Nanfang Hospital, Southern Medical University, Guangzhou, China;"
                    }
                ]
            },
            {
                "first_name": "Jinlin",
                "last_name": "Hou",
                "initials": "",
                "corresponding": "",
                "orcid": "",
                "current_organization_id": "grid.416466.7",
                "researcher_id": "ur.0645346622.27",
                "affiliations": [
                    {
                        "name": "Department of Infectious Diseases, Nanfang Hospital, Southern Medical University, Guangzhou, China;"
                    }
                ]
            }
        ]
    ],
    "type": "article"
}