{
    "title": "Did pangolins spread the China coronavirus to people?",
    "type": "article",
    "year": 2020,
    "journal": {
        "id": "jour.1018957",
        "title": "Nature"
    },
    "date": "2020-02-07",
    "altmetric": 4585.0,
    "id": "pub.1124696248",
    "author_affiliations": [
        [
            {
                "first_name": "David",
                "last_name": "Cyranoski",
                "initials": "",
                "corresponding": "",
                "orcid": "",
                "current_organization_id": "",
                "researcher_id": "",
                "affiliations": []
            }
        ]
    ],
    "doi": "10.1038/d41586-020-00364-2",
    "times_cited": 2,
    "references": [
        "pub.1122111594"
    ]
}