{
    "volume": "43",
    "date": "2020-03-12",
    "title": "[Efficient management of novel coronavirus pneumonia by efficient prevention and control in scientific manner].",
    "altmetric": 1.0,
    "pages": "163-166",
    "research_org_cities": [
        {
            "id": 1816670,
            "name": "Beijing"
        }
    ],
    "research_org_countries": [
        {
            "id": "CN",
            "name": "China"
        }
    ],
    "doi": "10.3760/cma.issn.1001-0939.2020.03.002",
    "FOR": [
        {
            "id": "3177",
            "name": "1117 Public Health and Health Services"
        }
    ],
    "research_orgs": [
        {
            "id": "grid.411634.5",
            "acronym": "PKUPH",
            "types": [
                "Healthcare"
            ],
            "longitude": 116.35476,
            "linkout": [
                "http://www.pkuph.cn/"
            ],
            "latitude": 39.937653,
            "name": "Peking University People's Hospital",
            "city_name": "Beijing",
            "country_name": "China"
        }
    ],
    "times_cited": 0,
    "pmid": "32164078",
    "research_org_country_names": [
        "China"
    ],
    "id": "pub.1125637997",
    "issue": "3",
    "journal": {
        "id": "jour.1097577",
        "title": "\u4e2d\u534e\u7ed3\u6838\u548c\u547c\u5438\u6742\u5fd7"
    },
    "year": 2020,
    "author_affiliations": [
        [
            {
                "first_name": "Z C",
                "last_name": "Gao",
                "initials": "",
                "corresponding": "",
                "orcid": "",
                "current_organization_id": "",
                "researcher_id": "",
                "affiliations": [
                    {
                        "id": "grid.411634.5",
                        "name": "Peking University People's Hospital",
                        "city": "Beijing",
                        "city_id": 1816670,
                        "country": "China",
                        "country_code": "CN",
                        "state": null,
                        "state_code": null
                    }
                ]
            }
        ]
    ],
    "type": "article"
}