{
    "research_orgs": [
        {
            "id": "grid.411216.1",
            "linkout": [
                "http://www.ufpb.br/"
            ],
            "city_name": "Jo\u00e3o Pessoa",
            "longitude": -34.845573,
            "acronym": "UFPB",
            "latitude": -7.13643,
            "name": "Federal University of Para\u00edba",
            "types": [
                "Education"
            ],
            "country_name": "Brazil"
        }
    ],
    "research_org_country_names": [
        "Brazil"
    ],
    "pmid": "32133963",
    "title": "China Coronavirus Outbreak: All the Latest Updates.",
    "type": "article",
    "year": 2020,
    "journal": {
        "id": "jour.1029353",
        "title": "Current Topics in Medicinal Chemistry"
    },
    "researchers": [
        {
            "id": "ur.01256617063.07",
            "research_orgs": [
                "grid.11899.38",
                "grid.411216.1",
                "grid.412307.3"
            ],
            "first_name": "Luciana",
            "last_name": "Scotti",
            "orcid_id": [
                "0000-0003-1866-4107"
            ]
        },
        {
            "id": "ur.01342155066.06",
            "research_orgs": [
                "grid.11899.38",
                "grid.411216.1",
                "grid.412307.3"
            ],
            "first_name": "Marcus Tullius",
            "last_name": "Scotti"
        }
    ],
    "research_org_countries": [
        {
            "id": "BR",
            "name": "Brazil"
        }
    ],
    "date": "2020-03-05",
    "altmetric": 1.0,
    "id": "pub.1125411989",
    "research_org_cities": [
        {
            "id": 3397277,
            "name": "Jo\u00e3o Pessoa"
        }
    ],
    "author_affiliations": [
        [
            {
                "first_name": "Luciana",
                "last_name": "Scotti",
                "initials": "",
                "corresponding": "",
                "orcid": "['0000-0003-1866-4107']",
                "current_organization_id": "grid.411216.1",
                "researcher_id": "ur.01256617063.07",
                "affiliations": [
                    {
                        "id": "grid.411216.1",
                        "name": "Federal University of Para\u00edba",
                        "city": "Jo\u00e3o Pessoa",
                        "city_id": 3397277,
                        "country": "Brazil",
                        "country_code": "BR",
                        "state": null,
                        "state_code": null
                    }
                ]
            },
            {
                "first_name": "Marcus T",
                "last_name": "Scotti",
                "initials": "",
                "corresponding": "",
                "orcid": "",
                "current_organization_id": "grid.411216.1",
                "researcher_id": "ur.01342155066.06",
                "affiliations": [
                    {
                        "id": "grid.411216.1",
                        "name": "Federal University of Para\u00edba",
                        "city": "Jo\u00e3o Pessoa",
                        "city_id": 3397277,
                        "country": "Brazil",
                        "country_code": "BR",
                        "state": null,
                        "state_code": null
                    }
                ]
            }
        ]
    ],
    "doi": "10.2174/1568026620999200305144537",
    "times_cited": 0
}