{
    "research_org_country_names": [
        "Canada",
        "France",
        "China"
    ],
    "title": "Predictions for the binding domain and potential new drug targets of 2019-nCoV",
    "type": "preprint",
    "year": 2020,
    "journal": {
        "id": "jour.1293558",
        "title": "bioRxiv"
    },
    "FOR": [
        {
            "id": "3114",
            "name": "1108 Medical Microbiology"
        }
    ],
    "research_org_countries": [
        {
            "id": "CN",
            "name": "China"
        },
        {
            "id": "FR",
            "name": "France"
        },
        {
            "id": "CA",
            "name": "Canada"
        }
    ],
    "date": "2020-03-02",
    "altmetric": 4.0,
    "research_org_state_names": [
        "Quebec"
    ],
    "id": "pub.1125330159",
    "research_org_cities": [
        {
            "id": 3031582,
            "name": "Bordeaux"
        },
        {
            "id": 1816670,
            "name": "Beijing"
        },
        {
            "id": 6138374,
            "name": "Saint-Hyacinthe"
        }
    ],
    "open_access": [
        "Open Access - all",
        "Open Access - publisher",
        "Open Access - published"
    ],
    "author_affiliations": [
        [
            {
                "first_name": "Zehua",
                "last_name": "Zeng",
                "initials": "",
                "corresponding": "",
                "orcid": "",
                "current_organization_id": "",
                "researcher_id": "",
                "affiliations": [
                    {
                        "name": "Lab, School of Chemistry and Biological Engineering, University of Science and Technology Beijing"
                    }
                ]
            },
            {
                "first_name": "Luo",
                "last_name": "Zhi",
                "initials": "",
                "corresponding": "",
                "orcid": "",
                "current_organization_id": "",
                "researcher_id": "",
                "affiliations": [
                    {
                        "name": "Lab, School of Chemistry and Biological Engineering, University of Science and Technology Beijing"
                    }
                ]
            },
            {
                "first_name": "Hongwu",
                "last_name": "Du",
                "initials": "",
                "corresponding": "",
                "orcid": "",
                "current_organization_id": "",
                "researcher_id": "",
                "affiliations": [
                    {
                        "name": "Lab, School of Chemistry and Biological Engineering, University of Science and Technology Beijing"
                    }
                ]
            }
        ]
    ],
    "doi": "10.1101/2020.02.26.961938",
    "times_cited": 0,
    "references": [
        "pub.1090080471",
        "pub.1084767975",
        "pub.1014508155",
        "pub.1124493753",
        "pub.1124291867",
        "pub.1106141855",
        "pub.1006999469",
        "pub.1051987629",
        "pub.1001304490",
        "pub.1112994768",
        "pub.1008366500",
        "pub.1079752303",
        "pub.1124223059",
        "pub.1009514528"
    ]
}