{
    "author_affiliations": [
        [
            {
                "first_name": "Guohui",
                "last_name": "Feng",
                "initials": "",
                "corresponding": true,
                "orcid": "",
                "current_organization_id": "grid.443552.1",
                "researcher_id": "ur.013312304421.34",
                "affiliations": [
                    {
                        "id": "grid.443552.1",
                        "name": "Shenyang Jianzhu University",
                        "city": "Shenyang",
                        "city_id": 2034937,
                        "country": "China",
                        "country_code": "CN",
                        "state": null,
                        "state_code": null
                    },
                    {
                        "id": "grid.190737.b",
                        "name": "Chongqing University",
                        "city": "Chongqing",
                        "city_id": 1814906,
                        "country": "China",
                        "country_code": "CN",
                        "state": null,
                        "state_code": null
                    }
                ]
            },
            {
                "first_name": "Yang",
                "last_name": "Bi",
                "initials": "",
                "corresponding": "",
                "orcid": "",
                "current_organization_id": "grid.443552.1",
                "researcher_id": "ur.016102710220.10",
                "affiliations": [
                    {
                        "id": "grid.443552.1",
                        "name": "Shenyang Jianzhu University",
                        "city": "Shenyang",
                        "city_id": 2034937,
                        "country": "China",
                        "country_code": "CN",
                        "state": null,
                        "state_code": null
                    }
                ]
            },
            {
                "first_name": "Yixian",
                "last_name": "Zhang",
                "initials": "",
                "corresponding": "",
                "orcid": "",
                "current_organization_id": "",
                "researcher_id": "",
                "affiliations": [
                    {
                        "id": "grid.190737.b",
                        "name": "Chongqing University",
                        "city": "Chongqing",
                        "city_id": 1814906,
                        "country": "China",
                        "country_code": "CN",
                        "state": null,
                        "state_code": null
                    }
                ]
            },
            {
                "first_name": "Yilin",
                "last_name": "Cai",
                "initials": "",
                "corresponding": "",
                "orcid": "",
                "current_organization_id": "grid.443552.1",
                "researcher_id": "ur.010201060520.07",
                "affiliations": [
                    {
                        "id": "grid.443552.1",
                        "name": "Shenyang Jianzhu University",
                        "city": "Shenyang",
                        "city_id": 2034937,
                        "country": "China",
                        "country_code": "CN",
                        "state": null,
                        "state_code": null
                    }
                ]
            },
            {
                "first_name": "Kailiang",
                "last_name": "Huang",
                "initials": "",
                "corresponding": "",
                "orcid": "",
                "current_organization_id": "grid.443552.1",
                "researcher_id": "ur.015633252053.92",
                "affiliations": [
                    {
                        "id": "grid.443552.1",
                        "name": "Shenyang Jianzhu University",
                        "city": "Shenyang",
                        "city_id": 2034937,
                        "country": "China",
                        "country_code": "CN",
                        "state": null,
                        "state_code": null
                    }
                ]
            }
        ]
    ],
    "FOR": [
        {
            "id": "2953",
            "name": "0915 Interdisciplinary Engineering"
        }
    ],
    "research_org_countries": [
        {
            "id": "CN",
            "name": "China"
        }
    ],
    "title": "Study on the motion law of aerosols produced by human respiration under the action of thermal plume of different intensities",
    "research_org_cities": [
        {
            "id": 2034937,
            "name": "Shenyang"
        },
        {
            "id": 1814906,
            "name": "Chongqing"
        }
    ],
    "pages": "101935",
    "open_access": [
        "Open Access - all",
        "Open Access - publisher",
        "Open Access - published"
    ],
    "doi": "10.1016/j.scs.2019.101935",
    "times_cited": 0,
    "journal": {
        "id": "jour.1141177",
        "title": "Sustainable Cities and Society"
    },
    "funders": [
        {
            "id": "grid.419696.5",
            "name": "National Natural Science Foundation of China",
            "linkout": [
                "http://www.nsfc.gov.cn/publish/portal1/"
            ],
            "country_name": "China",
            "types": [
                "Government"
            ],
            "latitude": 40.005177,
            "acronym": "NSFC",
            "city_name": "Beijing",
            "longitude": 116.33983
        }
    ],
    "year": 2020,
    "research_orgs": [
        {
            "id": "grid.443552.1",
            "name": "Shenyang Jianzhu University",
            "linkout": [
                "http://english.sjzu.edu.cn/"
            ],
            "country_name": "China",
            "types": [
                "Education"
            ],
            "latitude": 41.744026,
            "acronym": "SJZU",
            "city_name": "Shenyang",
            "longitude": 123.515076
        },
        {
            "id": "grid.190737.b",
            "name": "Chongqing University",
            "linkout": [
                "http://international.cqu.edu.cn/"
            ],
            "country_name": "China",
            "types": [
                "Education"
            ],
            "latitude": 29.560259,
            "acronym": "CQU",
            "city_name": "Chongqing",
            "longitude": 106.45419
        }
    ],
    "id": "pub.1123241789",
    "references": [
        "pub.1047724336",
        "pub.1005996942",
        "pub.1045106466",
        "pub.1033384520",
        "pub.1020078191",
        "pub.1041959016",
        "pub.1047152848",
        "pub.1023717078",
        "pub.1043174258",
        "pub.1072311617",
        "pub.1119777604",
        "pub.1035550901",
        "pub.1042091478",
        "pub.1025010722",
        "pub.1041070624",
        "pub.1027216436",
        "pub.1032619431",
        "pub.1053895822",
        "pub.1016605534",
        "pub.1016967313",
        "pub.1040849860",
        "pub.1062095555",
        "pub.1015115943",
        "pub.1034388531",
        "pub.1044593769",
        "pub.1039570623",
        "pub.1035894256",
        "pub.1017104331",
        "pub.1016247417",
        "pub.1011689305",
        "pub.1062078821",
        "pub.1007444721",
        "pub.1105688034",
        "pub.1031938705",
        "pub.1010897572",
        "pub.1024306615",
        "pub.1044788081",
        "pub.1058718035",
        "pub.1012643281",
        "pub.1059123278",
        "pub.1027430538",
        "pub.1059277944",
        "pub.1090344429"
    ],
    "research_org_country_names": [
        "China"
    ],
    "date": "2020-03-01",
    "researchers": [
        {
            "id": "ur.013312304421.34",
            "research_orgs": [
                "grid.190737.b",
                "grid.443552.1"
            ],
            "last_name": "Feng",
            "first_name": "Guo Hui"
        },
        {
            "id": "ur.016102710220.10",
            "research_orgs": [
                "grid.443552.1"
            ],
            "last_name": "Bi",
            "first_name": "Yang"
        },
        {
            "id": "ur.010201060520.07",
            "research_orgs": [
                "grid.443552.1"
            ],
            "last_name": "Cai",
            "first_name": "Yilin"
        },
        {
            "id": "ur.015633252053.92",
            "research_orgs": [
                "grid.190737.b",
                "grid.443552.1"
            ],
            "last_name": "Huang",
            "first_name": "Kai Liang"
        }
    ],
    "type": "article",
    "volume": "54"
}