{
    "volume": "382",
    "date": "2020-03-12",
    "title": "Total Hip Arthroplasty or Hemiarthroplasty for Hip Fracture. Reply.",
    "pages": "1073-1074",
    "research_org_cities": [
        {
            "id": 5969782,
            "name": "Hamilton"
        }
    ],
    "research_org_countries": [
        {
            "id": "CA",
            "name": "Canada"
        }
    ],
    "doi": "10.1056/nejmc2000062",
    "times_cited": 0,
    "research_orgs": [
        {
            "id": "grid.25073.33",
            "state_name": "Ontario",
            "types": [
                "Education"
            ],
            "longitude": -79.91889,
            "linkout": [
                "http://www.mcmaster.ca/"
            ],
            "latitude": 43.263332,
            "name": "McMaster University",
            "city_name": "Hamilton",
            "country_name": "Canada"
        }
    ],
    "pmid": "32160673",
    "research_org_country_names": [
        "Canada"
    ],
    "id": "pub.1125637796",
    "issue": "11",
    "journal": {
        "id": "jour.1014075",
        "title": "New England Journal of Medicine"
    },
    "year": 2020,
    "research_org_state_names": [
        "Ontario"
    ],
    "author_affiliations": [
        [
            {
                "first_name": "Seper",
                "last_name": "Ekhtiari",
                "initials": "",
                "corresponding": "",
                "orcid": "",
                "current_organization_id": "",
                "researcher_id": "",
                "affiliations": [
                    {
                        "id": "grid.25073.33",
                        "name": "McMaster University",
                        "city": "Hamilton",
                        "city_id": 5969782,
                        "country": "Canada",
                        "country_code": "CA",
                        "state": "Ontario",
                        "state_code": "CA-ON"
                    }
                ]
            },
            {
                "first_name": "Mohit",
                "last_name": "Bhandari",
                "initials": "",
                "corresponding": "",
                "orcid": "",
                "current_organization_id": "",
                "researcher_id": "",
                "affiliations": [
                    {
                        "id": "grid.25073.33",
                        "name": "McMaster University",
                        "city": "Hamilton",
                        "city_id": 5969782,
                        "country": "Canada",
                        "country_code": "CA",
                        "state": "Ontario",
                        "state_code": "CA-ON"
                    }
                ]
            },
            {
                "first_name": "P J",
                "last_name": "Devereaux",
                "initials": "",
                "corresponding": "",
                "orcid": "",
                "current_organization_id": "",
                "researcher_id": "",
                "affiliations": [
                    {
                        "id": "grid.25073.33",
                        "name": "McMaster University",
                        "city": "Hamilton",
                        "city_id": 5969782,
                        "country": "Canada",
                        "country_code": "CA",
                        "state": "Ontario",
                        "state_code": "CA-ON"
                    }
                ]
            }
        ]
    ],
    "type": "article"
}