{
    "volume": "4",
    "date": "2020-01-01",
    "title": "Treatment Options for Refractory Kawasaki Disease",
    "pages": "28-38",
    "open_access": [
        "Open Access - all",
        "Open Access - publisher",
        "Open Access - published"
    ],
    "doi": "10.4236/ym.2020.41003",
    "FOR": [
        {
            "id": "3053",
            "name": "1103 Clinical Sciences"
        }
    ],
    "times_cited": 0,
    "id": "pub.1121037068",
    "issue": "1",
    "journal": {
        "id": "jour.1292978",
        "title": "Yangtze Medicine"
    },
    "year": 2020,
    "references": [
        "pub.1030094728",
        "pub.1052982133",
        "pub.1009823301",
        "pub.1091994941",
        "pub.1113056033",
        "pub.1001438861",
        "pub.1019982104",
        "pub.1016696607",
        "pub.1014671492",
        "pub.1099615918",
        "pub.1000269183",
        "pub.1007591895",
        "pub.1050970606",
        "pub.1046221546",
        "pub.1005155741",
        "pub.1008681934",
        "pub.1004552765",
        "pub.1084434083",
        "pub.1007445490",
        "pub.1045655908",
        "pub.1045983076",
        "pub.1009190600",
        "pub.1039044762",
        "pub.1033365518",
        "pub.1084234999",
        "pub.1004278073",
        "pub.1103631226",
        "pub.1101363677",
        "pub.1091810352",
        "pub.1012459578",
        "pub.1031647226",
        "pub.1033560634",
        "pub.1067827014",
        "pub.1092146981",
        "pub.1047373321",
        "pub.1113874771",
        "pub.1068079909"
    ],
    "author_affiliations": [
        [
            {
                "first_name": "Anuja",
                "last_name": "Oli",
                "initials": "",
                "corresponding": "",
                "orcid": "",
                "current_organization_id": "",
                "researcher_id": "",
                "affiliations": []
            },
            {
                "first_name": "Hongzhu",
                "last_name": "Lu",
                "initials": "",
                "corresponding": "",
                "orcid": "",
                "current_organization_id": "",
                "researcher_id": "",
                "affiliations": []
            },
            {
                "first_name": "Dhiraj",
                "last_name": "Khati",
                "initials": "",
                "corresponding": "",
                "orcid": "",
                "current_organization_id": "",
                "researcher_id": "",
                "affiliations": []
            }
        ]
    ],
    "type": "article"
}