{
    "research_orgs": [
        {
            "id": "grid.411779.d",
            "linkout": [
                "http://www.gauhati.ac.in/"
            ],
            "city_name": "Guwahati",
            "longitude": 91.66553,
            "state_name": "Assam",
            "latitude": 26.154686,
            "name": "Gauhati University",
            "types": [
                "Education"
            ],
            "country_name": "India"
        }
    ],
    "research_org_country_names": [
        "India"
    ],
    "pmid": "32022276",
    "title": "Immunoinformatics\u2010aided identification of T cell and B cell epitopes in the surface glycoprotein of 2019\u2010nCoV",
    "type": "article",
    "year": 2020,
    "journal": {
        "id": "jour.1086647",
        "title": "Journal of Medical Virology"
    },
    "researchers": [
        {
            "id": "ur.012034005525.47",
            "research_orgs": [
                "grid.411779.d"
            ],
            "first_name": "Vargab",
            "last_name": "Baruah"
        },
        {
            "id": "ur.0645665603.64",
            "research_orgs": [
                "grid.418784.6",
                "grid.413241.1",
                "grid.411779.d"
            ],
            "first_name": "Sujoy",
            "last_name": "Bose"
        }
    ],
    "FOR": [
        {
            "id": "3103",
            "name": "1107 Immunology"
        }
    ],
    "research_org_countries": [
        {
            "id": "IN",
            "name": "India"
        }
    ],
    "date": "2020-03-03",
    "altmetric": 1.0,
    "pages": "495-500",
    "id": "pub.1124592634",
    "volume": "92",
    "issue": "5",
    "research_org_cities": [
        {
            "id": 1271476,
            "name": "Guwahati"
        }
    ],
    "open_access": [
        "Open Access - all",
        "Open Access - publisher",
        "Open Access - published"
    ],
    "author_affiliations": [
        [
            {
                "first_name": "Vargab",
                "last_name": "Baruah",
                "initials": "",
                "corresponding": "",
                "orcid": "",
                "current_organization_id": "grid.411779.d",
                "researcher_id": "ur.012034005525.47",
                "affiliations": [
                    {
                        "id": "grid.411779.d",
                        "name": "Gauhati University",
                        "city": "Guwahati",
                        "city_id": 1271476,
                        "country": "India",
                        "country_code": "IN",
                        "state": null,
                        "state_code": null
                    }
                ]
            },
            {
                "first_name": "Sujoy",
                "last_name": "Bose",
                "initials": "",
                "corresponding": "",
                "orcid": "",
                "current_organization_id": "grid.411779.d",
                "researcher_id": "ur.0645665603.64",
                "affiliations": [
                    {
                        "id": "grid.411779.d",
                        "name": "Gauhati University",
                        "city": "Guwahati",
                        "city_id": 1271476,
                        "country": "India",
                        "country_code": "IN",
                        "state": null,
                        "state_code": null
                    }
                ]
            }
        ]
    ],
    "doi": "10.1002/jmv.25698",
    "times_cited": 2,
    "references": [
        "pub.1084433070",
        "pub.1022509444",
        "pub.1053089433",
        "pub.1033218202",
        "pub.1038055030",
        "pub.1024589839",
        "pub.1023481829",
        "pub.1085312331",
        "pub.1092091001",
        "pub.1019596289",
        "pub.1020744660",
        "pub.1019618204",
        "pub.1055425314",
        "pub.1105896121",
        "pub.1117298557",
        "pub.1044328821",
        "pub.1053517382",
        "pub.1031572140",
        "pub.1052444928",
        "pub.1104256244",
        "pub.1032186845",
        "pub.1122421795",
        "pub.1042213744",
        "pub.1002914406",
        "pub.1023844343"
    ]
}