{
    "volume": "26",
    "date": "2020-01-01",
    "title": "Emergence of Vibrio cholerae O1 Sequence Type 75 in Taiwan - Volume 26, Number 1\u2014January 2020 - Emerging Infectious Diseases journal - CDC",
    "researchers": [
        {
            "id": "ur.015560203364.46",
            "last_name": "Tu",
            "first_name": "Yueh-Hua",
            "research_orgs": [
                "grid.454740.6"
            ]
        },
        {
            "id": "ur.010450073164.06",
            "last_name": "Chen",
            "first_name": "Bo-Han",
            "research_orgs": [
                "grid.454740.6"
            ]
        },
        {
            "id": "ur.013161070403.12",
            "last_name": "Hong",
            "first_name": "Yu-Ping",
            "research_orgs": [
                "grid.417579.9",
                "grid.454740.6"
            ]
        },
        {
            "id": "ur.01325624450.17",
            "last_name": "Liao",
            "first_name": "Ying-Shu",
            "research_orgs": [
                "grid.417579.9",
                "grid.454740.6"
            ]
        },
        {
            "id": "ur.014741567457.51",
            "last_name": "Chen",
            "first_name": "Yi-Syong",
            "research_orgs": [
                "grid.454740.6"
            ]
        },
        {
            "id": "ur.01157030116.70",
            "last_name": "Liu",
            "first_name": "Yen-Yi",
            "research_orgs": [
                "grid.417579.9",
                "grid.454740.6",
                "grid.260539.b",
                "grid.59784.37"
            ]
        },
        {
            "id": "ur.0741247020.00",
            "last_name": "Teng",
            "first_name": "Ru-Hsiou",
            "research_orgs": [
                "grid.454740.6",
                "grid.411508.9",
                "grid.412047.4"
            ]
        },
        {
            "id": "ur.01117604066.15",
            "last_name": "Chiou",
            "first_name": "Chien-Shun",
            "orcid_id": [
                "0000-0003-3674-1030"
            ],
            "research_orgs": [
                "grid.417579.9",
                "grid.416738.f",
                "grid.454740.6",
                "grid.411641.7"
            ]
        }
    ],
    "pmcid": "PMC6924918",
    "altmetric": 1.0,
    "pages": "164-166",
    "open_access": [
        "Open Access - all",
        "Open Access - publisher",
        "Open Access - published"
    ],
    "doi": "10.3201/eid2601.190934",
    "FOR": [
        {
            "id": "3053",
            "name": "1103 Clinical Sciences"
        }
    ],
    "times_cited": 0,
    "pmid": "31855545",
    "funders": [
        {
            "id": "grid.416738.f",
            "acronym": "CDC",
            "state_name": "Georgia",
            "types": [
                "Government"
            ],
            "longitude": -84.3256,
            "linkout": [
                "http://www.cdc.gov/"
            ],
            "latitude": 33.798817,
            "name": "Centers for Disease Control and Prevention",
            "city_name": "Atlanta",
            "country_name": "United States"
        }
    ],
    "id": "pub.1123177841",
    "issue": "1",
    "journal": {
        "id": "jour.1114184",
        "title": "Emerging Infectious Diseases"
    },
    "year": 2020,
    "references": [
        "pub.1062714576",
        "pub.1062731345",
        "pub.1013206766",
        "pub.1082154451",
        "pub.1106260073",
        "pub.1037661372",
        "pub.1076344473",
        "pub.1006201064"
    ],
    "author_affiliations": [
        [
            {
                "first_name": "Yueh-Hua",
                "last_name": "Tu",
                "initials": "",
                "corresponding": "",
                "orcid": "",
                "current_organization_id": "grid.454740.6",
                "researcher_id": "ur.015560203364.46",
                "affiliations": []
            },
            {
                "first_name": "Bo-Han",
                "last_name": "Chen",
                "initials": "",
                "corresponding": "",
                "orcid": "",
                "current_organization_id": "grid.454740.6",
                "researcher_id": "ur.010450073164.06",
                "affiliations": []
            },
            {
                "first_name": "Yu-Ping",
                "last_name": "Hong",
                "initials": "",
                "corresponding": "",
                "orcid": "",
                "current_organization_id": "grid.454740.6",
                "researcher_id": "ur.013161070403.12",
                "affiliations": []
            },
            {
                "first_name": "Ying-Shu",
                "last_name": "Liao",
                "initials": "",
                "corresponding": "",
                "orcid": "",
                "current_organization_id": "grid.454740.6",
                "researcher_id": "ur.01325624450.17",
                "affiliations": []
            },
            {
                "first_name": "Yi-Syong",
                "last_name": "Chen",
                "initials": "",
                "corresponding": "",
                "orcid": "",
                "current_organization_id": "grid.454740.6",
                "researcher_id": "ur.014741567457.51",
                "affiliations": []
            },
            {
                "first_name": "Yen-Yi",
                "last_name": "Liu",
                "initials": "",
                "corresponding": "",
                "orcid": "",
                "current_organization_id": "grid.59784.37",
                "researcher_id": "ur.01157030116.70",
                "affiliations": []
            },
            {
                "first_name": "Ru-Hsiou",
                "last_name": "Teng",
                "initials": "",
                "corresponding": "",
                "orcid": "",
                "current_organization_id": "grid.454740.6",
                "researcher_id": "ur.0741247020.00",
                "affiliations": []
            },
            {
                "first_name": "You-Wun",
                "last_name": "Wang",
                "initials": "",
                "corresponding": "",
                "orcid": "",
                "current_organization_id": "",
                "researcher_id": "",
                "affiliations": []
            },
            {
                "first_name": "Chien-Shun",
                "last_name": "Chiou",
                "initials": "",
                "corresponding": "",
                "orcid": "['0000-0003-3674-1030']",
                "current_organization_id": "grid.454740.6",
                "researcher_id": "ur.01117604066.15",
                "affiliations": []
            }
        ]
    ],
    "type": "article"
}