{
    "pmid": "32007524",
    "author_affiliations": [
        [
            {
                "first_name": "Ruichen",
                "last_name": "Wang",
                "initials": "",
                "corresponding": "",
                "orcid": "",
                "current_organization_id": "grid.20561.30",
                "researcher_id": "ur.016446057513.66",
                "affiliations": [
                    {
                        "id": "grid.20561.30",
                        "name": "South China Agricultural University",
                        "city": "Guangzhou",
                        "city_id": 1809858,
                        "country": "China",
                        "country_code": "CN",
                        "state": null,
                        "state_code": null
                    }
                ]
            },
            {
                "first_name": "Xu",
                "last_name": "Zhang",
                "initials": "",
                "corresponding": "",
                "orcid": "",
                "current_organization_id": "",
                "researcher_id": "",
                "affiliations": [
                    {
                        "id": "grid.20561.30",
                        "name": "South China Agricultural University",
                        "city": "Guangzhou",
                        "city_id": 1809858,
                        "country": "China",
                        "country_code": "CN",
                        "state": null,
                        "state_code": null
                    }
                ]
            },
            {
                "first_name": "David M.",
                "last_name": "Irwin",
                "initials": "",
                "corresponding": "",
                "orcid": "['0000-0001-6131-4933']",
                "current_organization_id": "grid.17063.33",
                "researcher_id": "ur.01041165504.15",
                "affiliations": [
                    {
                        "id": "grid.17063.33",
                        "name": "University of Toronto",
                        "city": "Toronto",
                        "city_id": 6167865,
                        "country": "Canada",
                        "country_code": "CA",
                        "state": "Ontario",
                        "state_code": "CA-ON"
                    },
                    {
                        "id": "grid.17063.33",
                        "name": "University of Toronto",
                        "city": "Toronto",
                        "city_id": 6167865,
                        "country": "Canada",
                        "country_code": "CA",
                        "state": "Ontario",
                        "state_code": "CA-ON"
                    }
                ]
            },
            {
                "first_name": "Yongyi",
                "last_name": "Shen",
                "initials": "",
                "corresponding": true,
                "orcid": "['0000-0001-7660-5522']",
                "current_organization_id": "grid.20561.30",
                "researcher_id": "ur.01122703556.23",
                "affiliations": [
                    {
                        "id": "grid.20561.30",
                        "name": "South China Agricultural University",
                        "city": "Guangzhou",
                        "city_id": 1809858,
                        "country": "China",
                        "country_code": "CN",
                        "state": null,
                        "state_code": null
                    },
                    {
                        "name": "Key Laboratory of Zoonosis Prevention and Control of Guangdong Province, Guangzhou 510642, China"
                    }
                ]
            }
        ]
    ],
    "altmetric": 1.0,
    "research_org_countries": [
        {
            "id": "CA",
            "name": "Canada"
        },
        {
            "id": "CN",
            "name": "China"
        }
    ],
    "title": "Emergence of SARS-like Coronavirus poses new challenge in China",
    "research_org_cities": [
        {
            "id": 6167865,
            "name": "Toronto"
        },
        {
            "id": 1809858,
            "name": "Guangzhou"
        }
    ],
    "pages": "350-371",
    "issue": "3",
    "research_org_state_names": [
        "Ontario"
    ],
    "open_access": [
        "Open Access - all",
        "Open Access - publisher",
        "Open Access - published"
    ],
    "doi": "10.1016/j.jinf.2020.01.017",
    "times_cited": 6,
    "journal": {
        "id": "jour.1090128",
        "title": "Journal of Infection"
    },
    "funders": [
        {
            "id": "grid.419696.5",
            "name": "National Natural Science Foundation of China",
            "linkout": [
                "http://www.nsfc.gov.cn/publish/portal1/"
            ],
            "country_name": "China",
            "types": [
                "Government"
            ],
            "latitude": 40.005177,
            "acronym": "NSFC",
            "city_name": "Beijing",
            "longitude": 116.33983
        }
    ],
    "year": 2020,
    "research_orgs": [
        {
            "id": "grid.20561.30",
            "name": "South China Agricultural University",
            "linkout": [
                "http://english.scau.edu.cn/scauen/index.asp"
            ],
            "country_name": "China",
            "types": [
                "Education"
            ],
            "latitude": 23.158379,
            "acronym": "SCAU",
            "city_name": "Guangzhou",
            "longitude": 113.3512
        },
        {
            "id": "grid.17063.33",
            "name": "University of Toronto",
            "linkout": [
                "http://www.utoronto.ca/"
            ],
            "country_name": "Canada",
            "types": [
                "Education"
            ],
            "latitude": 43.661667,
            "state_name": "Ontario",
            "city_name": "Toronto",
            "longitude": -79.395
        }
    ],
    "id": "pub.1124429834",
    "references": [
        "pub.1114223695",
        "pub.1120205265",
        "pub.1111401559",
        "pub.1030401057",
        "pub.1101862109",
        "pub.1040683156",
        "pub.1062452643",
        "pub.1090397099",
        "pub.1034803318"
    ],
    "research_org_country_names": [
        "China",
        "Canada"
    ],
    "date": "2020-03-01",
    "research_org_state_codes": [
        {
            "id": "CA-ON",
            "name": "Ontario"
        }
    ],
    "researchers": [
        {
            "id": "ur.016446057513.66",
            "research_orgs": [
                "grid.20561.30"
            ],
            "last_name": "Wang",
            "first_name": "Ruichen"
        },
        {
            "id": "ur.01041165504.15",
            "research_orgs": [
                "grid.231844.8",
                "grid.419010.d",
                "grid.17091.3e",
                "grid.17063.33",
                "grid.47840.3f",
                "grid.11135.37"
            ],
            "last_name": "Irwin",
            "first_name": "David M",
            "orcid_id": [
                "0000-0001-6131-4933"
            ]
        },
        {
            "id": "ur.01122703556.23",
            "research_orgs": [
                "grid.263451.7",
                "grid.411679.c",
                "grid.20561.30",
                "grid.419010.d",
                "grid.12955.3a",
                "grid.194645.b",
                "grid.410726.6"
            ],
            "last_name": "Shen",
            "first_name": "Yongyi",
            "orcid_id": [
                "0000-0001-7660-5522"
            ]
        }
    ],
    "type": "article",
    "volume": "80"
}