{
    "title": "In this issue of Occupational Medicine",
    "type": "article",
    "year": 2020,
    "journal": {
        "id": "jour.1102205",
        "title": "Occupational Medicine"
    },
    "researchers": [
        {
            "id": "ur.0632351213.64",
            "research_orgs": [
                "grid.415970.e"
            ],
            "first_name": "Gordon",
            "last_name": "Jackson-Koku"
        }
    ],
    "date": "2020-03-12",
    "pages": "1-2",
    "id": "pub.1124603805",
    "volume": "70",
    "issue": "1",
    "open_access": [
        "Open Access - all",
        "Open Access - publisher",
        "Open Access - published"
    ],
    "author_affiliations": [
        [
            {
                "first_name": "Gordon",
                "last_name": "Jackson-Koku",
                "initials": "",
                "corresponding": "",
                "orcid": "",
                "current_organization_id": "",
                "researcher_id": "ur.0632351213.64",
                "affiliations": []
            }
        ]
    ],
    "doi": "10.1093/occmed/kqaa028",
    "times_cited": 0,
    "references": [
        "pub.1120757242",
        "pub.1125053628",
        "pub.1123059112",
        "pub.1123025647",
        "pub.1124921096",
        "pub.1121691434",
        "pub.1123059110"
    ]
}