{
    "volume": "17",
    "date": "2020-01-01",
    "title": "COVID-19 information propagation dynamics in the Chinese Sina-microblog",
    "pages": "2676-2692",
    "open_access": [
        "Open Access - all",
        "Open Access - publisher",
        "Open Access - published"
    ],
    "doi": "10.3934/mbe.2020146",
    "times_cited": 0,
    "id": "pub.1125529587",
    "issue": "3",
    "journal": {
        "id": "jour.1033105",
        "title": "Mathematical Biosciences and Engineering"
    },
    "year": 2020,
    "author_affiliations": [
        [
            {
                "first_name": "Fulian",
                "last_name": "Yin",
                "initials": "",
                "corresponding": "",
                "orcid": "",
                "current_organization_id": "",
                "researcher_id": "",
                "affiliations": []
            },
            {
                "first_name": "Jiahui",
                "last_name": "Lv",
                "initials": "",
                "corresponding": "",
                "orcid": "",
                "current_organization_id": "",
                "researcher_id": "",
                "affiliations": []
            },
            {
                "first_name": "Xiaojian",
                "last_name": "Zhang",
                "initials": "",
                "corresponding": "",
                "orcid": "",
                "current_organization_id": "",
                "researcher_id": "",
                "affiliations": []
            },
            {
                "first_name": "Xinyu",
                "last_name": "Xia",
                "initials": "",
                "corresponding": "",
                "orcid": "",
                "current_organization_id": "",
                "researcher_id": "",
                "affiliations": []
            },
            {
                "first_name": "Jianhong",
                "last_name": "Wu",
                "initials": "",
                "corresponding": "",
                "orcid": "",
                "current_organization_id": "",
                "researcher_id": "",
                "affiliations": []
            }
        ]
    ],
    "type": "article"
}