{
    "volume": "382",
    "date": "2020-03-12",
    "title": "Total Hip Arthroplasty or Hemiarthroplasty for Hip Fracture",
    "pages": "1072-1073",
    "research_org_cities": [
        {
            "id": 2899449,
            "name": "Homburg"
        },
        {
            "id": 1796236,
            "name": "Shanghai"
        },
        {
            "id": 1816670,
            "name": "Beijing"
        }
    ],
    "research_org_countries": [
        {
            "id": "CN",
            "name": "China"
        },
        {
            "id": "DE",
            "name": "Germany"
        }
    ],
    "doi": "10.1056/nejmc2000062",
    "times_cited": 0,
    "research_orgs": [
        {
            "id": "grid.11135.37",
            "acronym": "PKU",
            "state_name": "Beijing",
            "types": [
                "Education"
            ],
            "longitude": 116.305855,
            "linkout": [
                "http://english.pku.edu.cn/"
            ],
            "latitude": 39.987152,
            "name": "Peking University",
            "city_name": "Beijing",
            "country_name": "China"
        },
        {
            "id": "grid.411937.9",
            "acronym": "UKS",
            "types": [
                "Healthcare"
            ],
            "longitude": 7.348486,
            "linkout": [
                "http://www.uniklinikum-saarland.de/de/"
            ],
            "latitude": 49.30985,
            "name": "Universit\u00e4tsklinikum des Saarlandes",
            "city_name": "Homburg",
            "country_name": "Germany"
        },
        {
            "id": "grid.412478.c",
            "types": [
                "Healthcare"
            ],
            "longitude": 121.48855,
            "linkout": [
                "http://www.firsthospital.cn/"
            ],
            "latitude": 31.253296,
            "name": "Shanghai First People's Hospital",
            "city_name": "Shanghai",
            "country_name": "China"
        }
    ],
    "pmid": "32160671",
    "research_org_country_names": [
        "China",
        "Germany"
    ],
    "id": "pub.1125559650",
    "issue": "11",
    "journal": {
        "id": "jour.1014075",
        "title": "New England Journal of Medicine"
    },
    "year": 2020,
    "references": [
        "pub.1013385832",
        "pub.1113183417",
        "pub.1043876017",
        "pub.1011718022",
        "pub.1074194422",
        "pub.1121301817",
        "pub.1114505541",
        "pub.1083403570",
        "pub.1068902052",
        "pub.1103188342",
        "pub.1113755991",
        "pub.1064886773"
    ],
    "author_affiliations": [
        [
            {
                "first_name": "Liang",
                "last_name": "Gao",
                "initials": "",
                "corresponding": "",
                "orcid": "",
                "current_organization_id": "",
                "researcher_id": "",
                "affiliations": [
                    {
                        "id": "grid.411937.9",
                        "name": "Universit\u00e4tsklinikum des Saarlandes",
                        "city": "Homburg",
                        "city_id": 2899449,
                        "country": "Germany",
                        "country_code": "DE",
                        "state": null,
                        "state_code": null
                    }
                ]
            },
            {
                "first_name": "Zhihua",
                "last_name": "Han",
                "initials": "",
                "corresponding": "",
                "orcid": "",
                "current_organization_id": "",
                "researcher_id": "",
                "affiliations": [
                    {
                        "id": "grid.412478.c",
                        "name": "Shanghai First People's Hospital",
                        "city": "Shanghai",
                        "city_id": 1796236,
                        "country": "China",
                        "country_code": "CN",
                        "state": null,
                        "state_code": null
                    }
                ]
            },
            {
                "first_name": "Ao",
                "last_name": "Xiong",
                "initials": "",
                "corresponding": "",
                "orcid": "",
                "current_organization_id": "",
                "researcher_id": "",
                "affiliations": [
                    {
                        "id": "grid.11135.37",
                        "name": "Peking University",
                        "city": "Beijing",
                        "city_id": 1816670,
                        "country": "China",
                        "country_code": "CN",
                        "state": null,
                        "state_code": null
                    }
                ]
            }
        ]
    ],
    "type": "article"
}