{
    "volume": "2099",
    "date": "2020-01-01",
    "title": "Antigen Capture Enzyme-Linked Immunosorbent Assay for Detecting Middle East Respiratory Syndrome Coronavirus in Humans",
    "researchers": [
        {
            "id": "ur.016532765376.99",
            "last_name": "Fung",
            "first_name": "Joshua",
            "research_orgs": [
                "grid.194645.b"
            ]
        },
        {
            "id": "ur.010317111112.58",
            "last_name": "Lau",
            "first_name": "Susanna K P",
            "orcid_id": [
                "0000-0002-1383-7374"
            ],
            "research_orgs": [
                "grid.194645.b",
                "grid.440671.0",
                "grid.13402.34"
            ]
        },
        {
            "id": "ur.013404644337.48",
            "last_name": "Woo",
            "first_name": "Patrick C Y",
            "orcid_id": [
                "0000-0001-9401-1832"
            ],
            "research_orgs": [
                "grid.194645.b",
                "grid.417775.7",
                "grid.428926.3",
                "grid.417134.4",
                "grid.415550.0",
                "grid.417336.4",
                "grid.38587.31",
                "grid.13402.34",
                "grid.416792.f",
                "grid.198530.6",
                "grid.412027.2",
                "grid.216938.7",
                "grid.440671.0"
            ]
        }
    ],
    "altmetric": 1.0,
    "pages": "89-97",
    "research_org_cities": [
        {
            "id": 1819729,
            "name": "Hong Kong"
        }
    ],
    "open_access": [
        "Open Access - all",
        "Open Access - publisher",
        "Open Access - published"
    ],
    "research_org_countries": [
        {
            "id": "CN",
            "name": "China"
        }
    ],
    "doi": "10.1007/978-1-0716-0211-9_7",
    "FOR": [
        {
            "id": "3114",
            "name": "1108 Medical Microbiology"
        }
    ],
    "research_orgs": [
        {
            "id": "grid.194645.b",
            "acronym": "HKU",
            "state_name": "Hong Kong",
            "types": [
                "Education"
            ],
            "longitude": 114.13708,
            "linkout": [
                "http://www.hku.hk/"
            ],
            "latitude": 22.283287,
            "name": "University of Hong Kong",
            "city_name": "Hong Kong",
            "country_name": "China"
        }
    ],
    "times_cited": 0,
    "pmid": "31883089",
    "research_org_country_names": [
        "China"
    ],
    "id": "pub.1123689544",
    "year": 2020,
    "references": [
        "pub.1022186046",
        "pub.1070926115",
        "pub.1003799031",
        "pub.1005081842",
        "pub.1030937184",
        "pub.1032531419",
        "pub.1078630807",
        "pub.1002448866",
        "pub.1078659688",
        "pub.1023107755",
        "pub.1035976534",
        "pub.1101334365",
        "pub.1034484085",
        "pub.1001747892",
        "pub.1012945714",
        "pub.1028417023",
        "pub.1009823620"
    ],
    "author_affiliations": [
        [
            {
                "first_name": "Joshua",
                "last_name": "Fung",
                "initials": "",
                "corresponding": "",
                "orcid": "",
                "current_organization_id": "grid.194645.b",
                "researcher_id": "ur.016532765376.99",
                "affiliations": [
                    {
                        "id": "grid.194645.b",
                        "name": "University of Hong Kong",
                        "city": "Hong Kong",
                        "city_id": 1819729,
                        "country": "China",
                        "country_code": "CN",
                        "state": null,
                        "state_code": null
                    }
                ]
            },
            {
                "first_name": "Susanna K. P.",
                "last_name": "Lau",
                "initials": "",
                "corresponding": "",
                "orcid": "['0000-0002-1383-7374']",
                "current_organization_id": "grid.194645.b",
                "researcher_id": "ur.010317111112.58",
                "affiliations": [
                    {
                        "id": "grid.194645.b",
                        "name": "University of Hong Kong",
                        "city": "Hong Kong",
                        "city_id": 1819729,
                        "country": "China",
                        "country_code": "CN",
                        "state": null,
                        "state_code": null
                    },
                    {
                        "id": "grid.194645.b",
                        "name": "University of Hong Kong",
                        "city": "Hong Kong",
                        "city_id": 1819729,
                        "country": "China",
                        "country_code": "CN",
                        "state": null,
                        "state_code": null
                    },
                    {
                        "id": "grid.194645.b",
                        "name": "University of Hong Kong",
                        "city": "Hong Kong",
                        "city_id": 1819729,
                        "country": "China",
                        "country_code": "CN",
                        "state": null,
                        "state_code": null
                    }
                ]
            },
            {
                "first_name": "Patrick C. Y.",
                "last_name": "Woo",
                "initials": "",
                "corresponding": true,
                "orcid": "['0000-0001-9401-1832']",
                "current_organization_id": "grid.194645.b",
                "researcher_id": "ur.013404644337.48",
                "affiliations": [
                    {
                        "id": "grid.194645.b",
                        "name": "University of Hong Kong",
                        "city": "Hong Kong",
                        "city_id": 1819729,
                        "country": "China",
                        "country_code": "CN",
                        "state": null,
                        "state_code": null
                    },
                    {
                        "id": "grid.194645.b",
                        "name": "University of Hong Kong",
                        "city": "Hong Kong",
                        "city_id": 1819729,
                        "country": "China",
                        "country_code": "CN",
                        "state": null,
                        "state_code": null
                    },
                    {
                        "id": "grid.194645.b",
                        "name": "University of Hong Kong",
                        "city": "Hong Kong",
                        "city_id": 1819729,
                        "country": "China",
                        "country_code": "CN",
                        "state": null,
                        "state_code": null
                    }
                ]
            }
        ]
    ],
    "type": "chapter"
}