{
    "pmid": "31986259",
    "author_affiliations": [
        [
            {
                "first_name": "The",
                "last_name": "Lancet",
                "initials": "",
                "corresponding": "",
                "orcid": "",
                "current_organization_id": "",
                "researcher_id": "",
                "affiliations": []
            }
        ]
    ],
    "altmetric": 782.0,
    "title": "Emerging understandings of 2019-nCoV",
    "pages": "311",
    "issue": "10221",
    "open_access": [
        "Open Access - all",
        "Open Access - publisher",
        "Open Access - published"
    ],
    "doi": "10.1016/s0140-6736(20)30186-0",
    "times_cited": 16,
    "journal": {
        "id": "jour.1077219",
        "title": "The Lancet"
    },
    "year": 2020,
    "id": "pub.1124295656",
    "date": "2020-01-01",
    "type": "article",
    "volume": "395"
}