{
    "research_orgs": [
        {
            "id": "grid.464443.5",
            "linkout": [
                "http://www.szcdc.net/"
            ],
            "city_name": "Shenzhen",
            "longitude": 113.98855,
            "latitude": 22.561108,
            "name": "Shenzhen Center for Disease Control and Prevention",
            "types": [
                "Healthcare"
            ],
            "country_name": "China"
        }
    ],
    "research_org_country_names": [
        "China"
    ],
    "pmid": "32100978",
    "title": "[Thoughts and suggestions on modern construction of disease prevention and control system].",
    "type": "article",
    "year": 2020,
    "journal": {
        "id": "jour.1089566",
        "title": "Chinese Preventive Medicine"
    },
    "FOR": [
        {
            "id": "3177",
            "name": "1117 Public Health and Health Services"
        }
    ],
    "research_org_countries": [
        {
            "id": "CN",
            "name": "China"
        }
    ],
    "date": "2020-02-26",
    "altmetric": 1.0,
    "pages": "1-5",
    "id": "pub.1125173046",
    "volume": "54",
    "issue": "5",
    "research_org_cities": [
        {
            "id": 1795565,
            "name": "Shenzhen"
        }
    ],
    "author_affiliations": [
        [
            {
                "first_name": "J Q",
                "last_name": "Cheng",
                "initials": "",
                "corresponding": "",
                "orcid": "",
                "current_organization_id": "",
                "researcher_id": "",
                "affiliations": [
                    {
                        "id": "grid.464443.5",
                        "name": "Shenzhen Center for Disease Control and Prevention",
                        "city": "Shenzhen",
                        "city_id": 1795565,
                        "country": "China",
                        "country_code": "CN",
                        "state": null,
                        "state_code": null
                    }
                ]
            }
        ]
    ],
    "doi": "10.3760/cma.j.cn112150-20200221-00151",
    "times_cited": 0
}