{
    "date": "2020-02-01",
    "title": "Assessment of a poly-epitope candidate vaccine against Hepatitis B, C, and poliovirus in interaction with monocyte-derived dendritic cells: An ex-vivo study",
    "researchers": [
        {
            "id": "ur.01144044750.53",
            "last_name": "Bahrami",
            "first_name": "Armina Alagheband",
            "research_orgs": [
                "grid.411600.2",
                "grid.411747.0"
            ]
        },
        {
            "id": "ur.01061615530.93",
            "last_name": "Bandehpour",
            "first_name": "Mojgan",
            "orcid_id": [
                "0000-0002-5479-2846"
            ],
            "research_orgs": [
                "grid.411705.6",
                "grid.411600.2",
                "grid.411463.5"
            ]
        },
        {
            "id": "ur.0712744220.99",
            "last_name": "Kazemi",
            "first_name": "Bahram",
            "orcid_id": [
                "0000-0002-3072-8831"
            ],
            "research_orgs": [
                "grid.411600.2",
                "grid.411705.6"
            ]
        },
        {
            "id": "ur.0731044763.98",
            "last_name": "Bozorgmehr",
            "first_name": "Mahmood",
            "research_orgs": [
                "grid.417689.5",
                "grid.411600.2",
                "grid.412266.5",
                "grid.411746.1"
            ]
        }
    ],
    "research_org_cities": [
        {
            "id": 6167865,
            "name": "Toronto"
        },
        {
            "id": 112931,
            "name": "Tehran"
        }
    ],
    "research_org_countries": [
        {
            "id": "IR",
            "name": "Iran"
        },
        {
            "id": "CA",
            "name": "Canada"
        }
    ],
    "doi": "10.1016/j.humimm.2020.02.010",
    "FOR": [
        {
            "id": "3103",
            "name": "1107 Immunology"
        }
    ],
    "times_cited": 0,
    "research_orgs": [
        {
            "id": "grid.231844.8",
            "acronym": "UHN",
            "state_name": "Ontario",
            "types": [
                "Healthcare"
            ],
            "longitude": -79.38729,
            "linkout": [
                "http://www.uhn.ca/"
            ],
            "latitude": 43.658585,
            "name": "University Health Network",
            "city_name": "Toronto",
            "country_name": "Canada"
        },
        {
            "id": "grid.411746.1",
            "acronym": "IUMS",
            "types": [
                "Education"
            ],
            "longitude": 51.380363,
            "linkout": [
                "http://www.iums.ac.ir/"
            ],
            "latitude": 35.74835,
            "name": "Iran University of Medical Sciences",
            "city_name": "Tehran",
            "country_name": "Iran"
        },
        {
            "id": "grid.411600.2",
            "acronym": "SBMU",
            "types": [
                "Education"
            ],
            "longitude": 51.410526,
            "linkout": [
                "http://en.sbmu.ac.ir/"
            ],
            "latitude": 35.77136,
            "name": "Shahid Beheshti University of Medical Sciences",
            "city_name": "Tehran",
            "country_name": "Iran"
        }
    ],
    "pmid": "32113655",
    "research_org_country_names": [
        "Iran",
        "Canada"
    ],
    "id": "pub.1125122989",
    "journal": {
        "id": "jour.1091846",
        "title": "Human Immunology"
    },
    "year": 2020,
    "references": [
        "pub.1085998436",
        "pub.1030303326",
        "pub.1032884200",
        "pub.1092510011",
        "pub.1044742617",
        "pub.1003892474",
        "pub.1032868784",
        "pub.1001993733",
        "pub.1009702357",
        "pub.1100468651",
        "pub.1113303192",
        "pub.1071373153",
        "pub.1104302513",
        "pub.1016269929",
        "pub.1025749485",
        "pub.1012576966",
        "pub.1030245141",
        "pub.1032200445",
        "pub.1002205178",
        "pub.1029352644",
        "pub.1044622242",
        "pub.1003504680",
        "pub.1046666784",
        "pub.1016773567",
        "pub.1120793297",
        "pub.1023877430",
        "pub.1019677213",
        "pub.1024847788",
        "pub.1048663180",
        "pub.1069158325",
        "pub.1109904501",
        "pub.1053180012",
        "pub.1034399947",
        "pub.1045388720",
        "pub.1078420621",
        "pub.1085172267",
        "pub.1038223564",
        "pub.1110668429",
        "pub.1034112697",
        "pub.1008888286",
        "pub.1077611882"
    ],
    "research_org_state_names": [
        "Ontario"
    ],
    "author_affiliations": [
        [
            {
                "first_name": "Armina Alagheband",
                "last_name": "Bahrami",
                "initials": "",
                "corresponding": "",
                "orcid": "",
                "current_organization_id": "grid.411600.2",
                "researcher_id": "ur.01144044750.53",
                "affiliations": [
                    {
                        "id": "grid.411600.2",
                        "name": "Shahid Beheshti University of Medical Sciences",
                        "city": "Tehran",
                        "city_id": 112931,
                        "country": "Iran",
                        "country_code": "IR",
                        "state": null,
                        "state_code": null
                    }
                ]
            },
            {
                "first_name": "Mojgan",
                "last_name": "Bandehpour",
                "initials": "",
                "corresponding": true,
                "orcid": "['0000-0002-5479-2846']",
                "current_organization_id": "grid.411600.2",
                "researcher_id": "ur.01061615530.93",
                "affiliations": [
                    {
                        "id": "grid.411600.2",
                        "name": "Shahid Beheshti University of Medical Sciences",
                        "city": "Tehran",
                        "city_id": 112931,
                        "country": "Iran",
                        "country_code": "IR",
                        "state": null,
                        "state_code": null
                    }
                ]
            },
            {
                "first_name": "Bahram",
                "last_name": "Kazemi",
                "initials": "",
                "corresponding": "",
                "orcid": "['0000-0002-3072-8831']",
                "current_organization_id": "grid.411600.2",
                "researcher_id": "ur.0712744220.99",
                "affiliations": [
                    {
                        "id": "grid.411600.2",
                        "name": "Shahid Beheshti University of Medical Sciences",
                        "city": "Tehran",
                        "city_id": 112931,
                        "country": "Iran",
                        "country_code": "IR",
                        "state": null,
                        "state_code": null
                    }
                ]
            },
            {
                "first_name": "Mahmood",
                "last_name": "Bozorgmehr",
                "initials": "",
                "corresponding": "",
                "orcid": "",
                "current_organization_id": "grid.411746.1",
                "researcher_id": "ur.0731044763.98",
                "affiliations": [
                    {
                        "id": "grid.411746.1",
                        "name": "Iran University of Medical Sciences",
                        "city": "Tehran",
                        "city_id": 112931,
                        "country": "Iran",
                        "country_code": "IR",
                        "state": null,
                        "state_code": null
                    }
                ]
            },
            {
                "first_name": "Nariman",
                "last_name": "Mosaffa",
                "initials": "",
                "corresponding": "",
                "orcid": "",
                "current_organization_id": "",
                "researcher_id": "",
                "affiliations": [
                    {
                        "id": "grid.411600.2",
                        "name": "Shahid Beheshti University of Medical Sciences",
                        "city": "Tehran",
                        "city_id": 112931,
                        "country": "Iran",
                        "country_code": "IR",
                        "state": null,
                        "state_code": null
                    }
                ]
            },
            {
                "first_name": "Rouzbeh",
                "last_name": "Chegeni",
                "initials": "",
                "corresponding": "",
                "orcid": "",
                "current_organization_id": "",
                "researcher_id": "",
                "affiliations": [
                    {
                        "id": "grid.231844.8",
                        "name": "University Health Network",
                        "city": "Toronto",
                        "city_id": 6167865,
                        "country": "Canada",
                        "country_code": "CA",
                        "state": "Ontario",
                        "state_code": "CA-ON"
                    }
                ]
            }
        ]
    ],
    "type": "article"
}