{
    "date": "2020-02-01",
    "title": "2019 novel coronavirus disease (COVID-19) in Taiwan: Reports of two cases from Wuhan, China",
    "researchers": [
        {
            "id": "ur.01243132337.85",
            "last_name": "Wu",
            "first_name": "Ming-Ju",
            "orcid_id": [
                "0000-0002-8585-4392"
            ],
            "research_orgs": [
                "grid.254145.3",
                "grid.411641.7",
                "grid.134563.6",
                "grid.260770.4",
                "grid.265231.1",
                "grid.260542.7",
                "grid.411645.3",
                "grid.454303.5",
                "grid.410764.0"
            ]
        },
        {
            "id": "ur.01060331752.90",
            "last_name": "Chin",
            "first_name": "Chun-Shih",
            "research_orgs": [
                "grid.410764.0"
            ]
        },
        {
            "id": "ur.0616245311.37",
            "last_name": "Tsan",
            "first_name": "Yu-Tse",
            "research_orgs": [
                "grid.411645.3",
                "grid.411641.7",
                "grid.64523.36",
                "grid.260770.4",
                "grid.410764.0",
                "grid.19188.39"
            ]
        },
        {
            "id": "ur.0732473711.41",
            "last_name": "Lin",
            "first_name": "Tzu-Chieh",
            "research_orgs": [
                "grid.419772.e",
                "grid.256105.5",
                "grid.254145.3",
                "grid.411043.3",
                "grid.19188.39",
                "grid.410764.0",
                "grid.411641.7",
                "grid.411645.3"
            ]
        },
        {
            "id": "ur.01021056327.01",
            "last_name": "Chai",
            "first_name": "Jyh-Wen",
            "research_orgs": [
                "grid.260770.4",
                "grid.410764.0",
                "grid.411432.1",
                "grid.254145.3",
                "grid.411043.3"
            ]
        },
        {
            "id": "ur.0674624542.95",
            "last_name": "Lin",
            "first_name": "Chin-Fu",
            "research_orgs": [
                "grid.410764.0",
                "grid.412146.4",
                "grid.411641.7",
                "grid.260770.4",
                "grid.411043.3"
            ]
        },
        {
            "id": "ur.01370605222.71",
            "last_name": "Chen",
            "first_name": "Po-Yen",
            "research_orgs": [
                "grid.410764.0",
                "grid.260542.7",
                "grid.411641.7"
            ]
        },
        {
            "id": "ur.01066721105.98",
            "last_name": "Shi",
            "first_name": "Zhi-Yuan",
            "research_orgs": [
                "grid.410764.0",
                "grid.265231.1",
                "grid.260770.4"
            ]
        },
        {
            "id": "ur.0734410672.31",
            "last_name": "Liu",
            "first_name": "Po-Yu",
            "orcid_id": [
                "0000-0001-8006-4917"
            ],
            "research_orgs": [
                "grid.451309.a",
                "grid.412094.a",
                "grid.412047.4",
                "grid.412902.c",
                "grid.260542.7",
                "grid.410764.0",
                "grid.19006.3e"
            ]
        }
    ],
    "altmetric": 3.0,
    "research_org_cities": [
        {
            "id": 1668399,
            "name": "Taichung"
        }
    ],
    "open_access": [
        "Open Access - all",
        "Open Access - publisher",
        "Open Access - published"
    ],
    "research_org_countries": [
        {
            "id": "TW",
            "name": "Taiwan"
        }
    ],
    "doi": "10.1016/j.jmii.2020.02.009",
    "FOR": [
        {
            "id": "3114",
            "name": "1108 Medical Microbiology"
        }
    ],
    "research_orgs": [
        {
            "id": "grid.410764.0",
            "types": [
                "Healthcare"
            ],
            "longitude": 120.60464,
            "linkout": [
                "http://www.vghtc.gov.tw/GipOpenWeb/wSite/mp?mp=8"
            ],
            "latitude": 24.184822,
            "name": "Taichung Veterans General Hospital",
            "city_name": "Taichung",
            "country_name": "Taiwan"
        },
        {
            "id": "grid.260542.7",
            "acronym": "NCHU",
            "types": [
                "Education"
            ],
            "longitude": 120.67426,
            "linkout": [
                "http://www.nchu.edu.tw/en-index.php"
            ],
            "latitude": 24.12246,
            "name": "National Chung Hsing University",
            "city_name": "Taichung",
            "country_name": "Taiwan"
        }
    ],
    "times_cited": 0,
    "pmid": "32111449",
    "research_org_country_names": [
        "Taiwan"
    ],
    "id": "pub.1124952571",
    "journal": {
        "id": "jour.1011587",
        "title": "Journal of Microbiology Immunology and Infection"
    },
    "year": 2020,
    "author_affiliations": [
        [
            {
                "first_name": "Wei-Hsuan",
                "last_name": "Huang",
                "initials": "",
                "corresponding": "",
                "orcid": "",
                "current_organization_id": "",
                "researcher_id": "",
                "affiliations": [
                    {
                        "id": "grid.410764.0",
                        "name": "Taichung Veterans General Hospital",
                        "city": "Taichung",
                        "city_id": 1668399,
                        "country": "Taiwan",
                        "country_code": "TW",
                        "state": null,
                        "state_code": null
                    }
                ]
            },
            {
                "first_name": "Ling-Chiao",
                "last_name": "Teng",
                "initials": "",
                "corresponding": "",
                "orcid": "",
                "current_organization_id": "",
                "researcher_id": "",
                "affiliations": [
                    {
                        "id": "grid.410764.0",
                        "name": "Taichung Veterans General Hospital",
                        "city": "Taichung",
                        "city_id": 1668399,
                        "country": "Taiwan",
                        "country_code": "TW",
                        "state": null,
                        "state_code": null
                    }
                ]
            },
            {
                "first_name": "Ting-Kuang",
                "last_name": "Yeh",
                "initials": "",
                "corresponding": "",
                "orcid": "",
                "current_organization_id": "",
                "researcher_id": "",
                "affiliations": [
                    {
                        "id": "grid.410764.0",
                        "name": "Taichung Veterans General Hospital",
                        "city": "Taichung",
                        "city_id": 1668399,
                        "country": "Taiwan",
                        "country_code": "TW",
                        "state": null,
                        "state_code": null
                    }
                ]
            },
            {
                "first_name": "Yu-Jen",
                "last_name": "Chen",
                "initials": "",
                "corresponding": "",
                "orcid": "",
                "current_organization_id": "",
                "researcher_id": "",
                "affiliations": [
                    {
                        "id": "grid.410764.0",
                        "name": "Taichung Veterans General Hospital",
                        "city": "Taichung",
                        "city_id": 1668399,
                        "country": "Taiwan",
                        "country_code": "TW",
                        "state": null,
                        "state_code": null
                    }
                ]
            },
            {
                "first_name": "Wei-Jung",
                "last_name": "Lo",
                "initials": "",
                "corresponding": "",
                "orcid": "",
                "current_organization_id": "",
                "researcher_id": "",
                "affiliations": [
                    {
                        "id": "grid.410764.0",
                        "name": "Taichung Veterans General Hospital",
                        "city": "Taichung",
                        "city_id": 1668399,
                        "country": "Taiwan",
                        "country_code": "TW",
                        "state": null,
                        "state_code": null
                    }
                ]
            },
            {
                "first_name": "Ming-Ju",
                "last_name": "Wu",
                "initials": "",
                "corresponding": "",
                "orcid": "['0000-0002-8585-4392']",
                "current_organization_id": "grid.410764.0",
                "researcher_id": "ur.01243132337.85",
                "affiliations": [
                    {
                        "id": "grid.410764.0",
                        "name": "Taichung Veterans General Hospital",
                        "city": "Taichung",
                        "city_id": 1668399,
                        "country": "Taiwan",
                        "country_code": "TW",
                        "state": null,
                        "state_code": null
                    }
                ]
            },
            {
                "first_name": "Chun-Shih",
                "last_name": "Chin",
                "initials": "",
                "corresponding": "",
                "orcid": "",
                "current_organization_id": "grid.410764.0",
                "researcher_id": "ur.01060331752.90",
                "affiliations": [
                    {
                        "id": "grid.410764.0",
                        "name": "Taichung Veterans General Hospital",
                        "city": "Taichung",
                        "city_id": 1668399,
                        "country": "Taiwan",
                        "country_code": "TW",
                        "state": null,
                        "state_code": null
                    }
                ]
            },
            {
                "first_name": "Yu-Tse",
                "last_name": "Tsan",
                "initials": "",
                "corresponding": "",
                "orcid": "",
                "current_organization_id": "grid.410764.0",
                "researcher_id": "ur.0616245311.37",
                "affiliations": [
                    {
                        "id": "grid.410764.0",
                        "name": "Taichung Veterans General Hospital",
                        "city": "Taichung",
                        "city_id": 1668399,
                        "country": "Taiwan",
                        "country_code": "TW",
                        "state": null,
                        "state_code": null
                    }
                ]
            },
            {
                "first_name": "Tzu-Chieh",
                "last_name": "Lin",
                "initials": "",
                "corresponding": "",
                "orcid": "",
                "current_organization_id": "grid.410764.0",
                "researcher_id": "ur.0732473711.41",
                "affiliations": [
                    {
                        "id": "grid.410764.0",
                        "name": "Taichung Veterans General Hospital",
                        "city": "Taichung",
                        "city_id": 1668399,
                        "country": "Taiwan",
                        "country_code": "TW",
                        "state": null,
                        "state_code": null
                    }
                ]
            },
            {
                "first_name": "Jyh-Wen",
                "last_name": "Chai",
                "initials": "",
                "corresponding": "",
                "orcid": "",
                "current_organization_id": "grid.410764.0",
                "researcher_id": "ur.01021056327.01",
                "affiliations": [
                    {
                        "id": "grid.410764.0",
                        "name": "Taichung Veterans General Hospital",
                        "city": "Taichung",
                        "city_id": 1668399,
                        "country": "Taiwan",
                        "country_code": "TW",
                        "state": null,
                        "state_code": null
                    }
                ]
            },
            {
                "first_name": "Chin-Fu",
                "last_name": "Lin",
                "initials": "",
                "corresponding": "",
                "orcid": "",
                "current_organization_id": "grid.410764.0",
                "researcher_id": "ur.0674624542.95",
                "affiliations": [
                    {
                        "id": "grid.410764.0",
                        "name": "Taichung Veterans General Hospital",
                        "city": "Taichung",
                        "city_id": 1668399,
                        "country": "Taiwan",
                        "country_code": "TW",
                        "state": null,
                        "state_code": null
                    }
                ]
            },
            {
                "first_name": "Chien-Hao",
                "last_name": "Tseng",
                "initials": "",
                "corresponding": "",
                "orcid": "",
                "current_organization_id": "",
                "researcher_id": "",
                "affiliations": [
                    {
                        "id": "grid.410764.0",
                        "name": "Taichung Veterans General Hospital",
                        "city": "Taichung",
                        "city_id": 1668399,
                        "country": "Taiwan",
                        "country_code": "TW",
                        "state": null,
                        "state_code": null
                    }
                ]
            },
            {
                "first_name": "Chia-Wei",
                "last_name": "Liu",
                "initials": "",
                "corresponding": "",
                "orcid": "",
                "current_organization_id": "",
                "researcher_id": "",
                "affiliations": [
                    {
                        "id": "grid.410764.0",
                        "name": "Taichung Veterans General Hospital",
                        "city": "Taichung",
                        "city_id": 1668399,
                        "country": "Taiwan",
                        "country_code": "TW",
                        "state": null,
                        "state_code": null
                    }
                ]
            },
            {
                "first_name": "Chi-Mei",
                "last_name": "Wu",
                "initials": "",
                "corresponding": "",
                "orcid": "",
                "current_organization_id": "",
                "researcher_id": "",
                "affiliations": [
                    {
                        "id": "grid.410764.0",
                        "name": "Taichung Veterans General Hospital",
                        "city": "Taichung",
                        "city_id": 1668399,
                        "country": "Taiwan",
                        "country_code": "TW",
                        "state": null,
                        "state_code": null
                    }
                ]
            },
            {
                "first_name": "Po-Yen",
                "last_name": "Chen",
                "initials": "",
                "corresponding": "",
                "orcid": "",
                "current_organization_id": "grid.410764.0",
                "researcher_id": "ur.01370605222.71",
                "affiliations": [
                    {
                        "id": "grid.410764.0",
                        "name": "Taichung Veterans General Hospital",
                        "city": "Taichung",
                        "city_id": 1668399,
                        "country": "Taiwan",
                        "country_code": "TW",
                        "state": null,
                        "state_code": null
                    }
                ]
            },
            {
                "first_name": "Zhi-Yuan",
                "last_name": "Shi",
                "initials": "",
                "corresponding": true,
                "orcid": "",
                "current_organization_id": "grid.410764.0",
                "researcher_id": "ur.01066721105.98",
                "affiliations": [
                    {
                        "id": "grid.410764.0",
                        "name": "Taichung Veterans General Hospital",
                        "city": "Taichung",
                        "city_id": 1668399,
                        "country": "Taiwan",
                        "country_code": "TW",
                        "state": null,
                        "state_code": null
                    }
                ]
            },
            {
                "first_name": "Po-Yu",
                "last_name": "Liu",
                "initials": "",
                "corresponding": true,
                "orcid": "['0000-0001-8006-4917']",
                "current_organization_id": "grid.410764.0",
                "researcher_id": "ur.0734410672.31",
                "affiliations": [
                    {
                        "id": "grid.410764.0",
                        "name": "Taichung Veterans General Hospital",
                        "city": "Taichung",
                        "city_id": 1668399,
                        "country": "Taiwan",
                        "country_code": "TW",
                        "state": null,
                        "state_code": null
                    },
                    {
                        "id": "grid.260542.7",
                        "name": "National Chung Hsing University",
                        "city": "Taichung",
                        "city_id": 1668399,
                        "country": "Taiwan",
                        "country_code": "TW",
                        "state": null,
                        "state_code": null
                    },
                    {
                        "id": "grid.260542.7",
                        "name": "National Chung Hsing University",
                        "city": "Taichung",
                        "city_id": 1668399,
                        "country": "Taiwan",
                        "country_code": "TW",
                        "state": null,
                        "state_code": null
                    }
                ]
            }
        ]
    ],
    "type": "article"
}