{
    "date": "2020-03-02",
    "title": "CRISPR-based surveillance for COVID-19 using genomically-comprehensive machine learning design",
    "researchers": [
        {
            "id": "ur.013724320637.26",
            "last_name": "Metsky",
            "first_name": "Hayden C",
            "orcid_id": [
                "0000-0002-8871-2349"
            ],
            "research_orgs": [
                "grid.116068.8",
                "grid.66859.34"
            ]
        },
        {
            "id": "ur.01271044403.17",
            "last_name": "Freije",
            "first_name": "Catherine A",
            "research_orgs": [
                "grid.38142.3c",
                "grid.66859.34",
                "grid.134907.8"
            ]
        },
        {
            "id": "ur.0772575234.33",
            "last_name": "Sabeti",
            "first_name": "Pardis Christine",
            "research_orgs": [
                "grid.469452.8",
                "grid.270683.8",
                "grid.10306.34",
                "grid.4991.5",
                "grid.214007.0",
                "grid.32224.35",
                "grid.66859.34",
                "grid.116068.8",
                "grid.38142.3c",
                "grid.442553.1",
                "grid.28203.3b",
                "grid.413575.1",
                "grid.483004.b"
            ]
        },
        {
            "id": "ur.01372645021.08",
            "last_name": "Myhrvold",
            "first_name": "Cameron A",
            "research_orgs": [
                "grid.38142.3c",
                "grid.66859.34",
                "grid.34477.33",
                "grid.16750.35"
            ]
        }
    ],
    "research_org_state_codes": [
        {
            "id": "US-MA",
            "name": "Massachusetts"
        }
    ],
    "altmetric": 97.0,
    "research_org_cities": [
        {
            "id": 4931972,
            "name": "Cambridge"
        }
    ],
    "open_access": [
        "Open Access - all",
        "Open Access - publisher",
        "Open Access - published"
    ],
    "research_org_countries": [
        {
            "id": "US",
            "name": "United States"
        }
    ],
    "doi": "10.1101/2020.02.26.967026",
    "FOR": [
        {
            "id": "2746",
            "name": "0801 Artificial Intelligence and Image Processing"
        }
    ],
    "times_cited": 0,
    "research_orgs": [
        {
            "id": "grid.66859.34",
            "state_name": "Massachusetts",
            "types": [
                "Nonprofit"
            ],
            "longitude": -71.08703,
            "linkout": [
                "http://www.broadinstitute.org/"
            ],
            "latitude": 42.36789,
            "name": "Broad Institute",
            "city_name": "Cambridge",
            "country_name": "United States"
        }
    ],
    "research_org_country_names": [
        "United States"
    ],
    "id": "pub.1125322922",
    "journal": {
        "id": "jour.1293558",
        "title": "bioRxiv"
    },
    "year": 2020,
    "references": [
        "pub.1125100490",
        "pub.1124849085",
        "pub.1101064404",
        "pub.1124545162",
        "pub.1111911066",
        "pub.1101064406",
        "pub.1103663895",
        "pub.1121183908",
        "pub.1084825227",
        "pub.1124378407",
        "pub.1084649886"
    ],
    "research_org_state_names": [
        "Massachusetts"
    ],
    "author_affiliations": [
        [
            {
                "first_name": "Hayden C",
                "last_name": "Metsky",
                "initials": "",
                "corresponding": "",
                "orcid": "['0000-0002-8871-2349']",
                "current_organization_id": "grid.66859.34",
                "researcher_id": "ur.013724320637.26",
                "affiliations": [
                    {
                        "id": "grid.66859.34",
                        "name": "Broad Institute",
                        "city": "Cambridge",
                        "city_id": 4931972,
                        "country": "United States",
                        "country_code": "US",
                        "state": "Massachusetts",
                        "state_code": "US-MA"
                    }
                ]
            },
            {
                "first_name": "Catherine A",
                "last_name": "Freije",
                "initials": "",
                "corresponding": "",
                "orcid": "",
                "current_organization_id": "grid.66859.34",
                "researcher_id": "ur.01271044403.17",
                "affiliations": [
                    {
                        "id": "grid.66859.34",
                        "name": "Broad Institute",
                        "city": "Cambridge",
                        "city_id": 4931972,
                        "country": "United States",
                        "country_code": "US",
                        "state": "Massachusetts",
                        "state_code": "US-MA"
                    }
                ]
            },
            {
                "first_name": "Tinna-Solveig F",
                "last_name": "Kosoko-Thoroddsen",
                "initials": "",
                "corresponding": "",
                "orcid": "",
                "current_organization_id": "",
                "researcher_id": "",
                "affiliations": [
                    {
                        "id": "grid.66859.34",
                        "name": "Broad Institute",
                        "city": "Cambridge",
                        "city_id": 4931972,
                        "country": "United States",
                        "country_code": "US",
                        "state": "Massachusetts",
                        "state_code": "US-MA"
                    }
                ]
            },
            {
                "first_name": "Pardis C",
                "last_name": "Sabeti",
                "initials": "",
                "corresponding": "",
                "orcid": "",
                "current_organization_id": "grid.38142.3c",
                "researcher_id": "ur.0772575234.33",
                "affiliations": [
                    {
                        "id": "grid.66859.34",
                        "name": "Broad Institute",
                        "city": "Cambridge",
                        "city_id": 4931972,
                        "country": "United States",
                        "country_code": "US",
                        "state": "Massachusetts",
                        "state_code": "US-MA"
                    }
                ]
            },
            {
                "first_name": "Cameron",
                "last_name": "Myhrvold",
                "initials": "",
                "corresponding": "",
                "orcid": "",
                "current_organization_id": "grid.38142.3c",
                "researcher_id": "ur.01372645021.08",
                "affiliations": [
                    {
                        "id": "grid.66859.34",
                        "name": "Broad Institute",
                        "city": "Cambridge",
                        "city_id": 4931972,
                        "country": "United States",
                        "country_code": "US",
                        "state": "Massachusetts",
                        "state_code": "US-MA"
                    }
                ]
            }
        ]
    ],
    "type": "preprint"
}