{
    "pmid": "32167173",
    "author_affiliations": [
        [
            {
                "first_name": "Jrhau",
                "last_name": "Lung",
                "initials": "",
                "corresponding": "",
                "orcid": "",
                "current_organization_id": "",
                "researcher_id": "",
                "affiliations": [
                    {
                        "id": "grid.454212.4",
                        "name": "Chiayi Chang Gung Memorial Hospital",
                        "city": "Chiayi City",
                        "city_id": 1678836,
                        "country": "Taiwan",
                        "country_code": "TW",
                        "state": null,
                        "state_code": null
                    }
                ]
            },
            {
                "first_name": "Yu\u2010Shih",
                "last_name": "Lin",
                "initials": "",
                "corresponding": "",
                "orcid": "",
                "current_organization_id": "",
                "researcher_id": "",
                "affiliations": [
                    {
                        "id": "grid.454212.4",
                        "name": "Chiayi Chang Gung Memorial Hospital",
                        "city": "Chiayi City",
                        "city_id": 1678836,
                        "country": "Taiwan",
                        "country_code": "TW",
                        "state": null,
                        "state_code": null
                    }
                ]
            },
            {
                "first_name": "Yao\u2010Hsu",
                "last_name": "Yang",
                "initials": "",
                "corresponding": "",
                "orcid": "",
                "current_organization_id": "",
                "researcher_id": "",
                "affiliations": [
                    {
                        "name": "Department of Traditional Chinese Medicine, Chang Gung Memorial Hospital, Chiayi Branch, Putzu, Taiwan"
                    },
                    {
                        "name": "Health Information and Epidemiology Laboratory of Chang Gung Memorial Hospital, Chiayi Branch, Putzu, Taiwan"
                    },
                    {
                        "name": "School of Chinese medicine, College of Medicine, Chang Gung University, Tao\u2010Yuan, Taiwan"
                    }
                ]
            },
            {
                "first_name": "Yu\u2010Lun",
                "last_name": "Chou",
                "initials": "",
                "corresponding": "",
                "orcid": "",
                "current_organization_id": "",
                "researcher_id": "",
                "affiliations": [
                    {
                        "name": "Department of surgery, Kaohsiung Chang Gung Memorial Hospital"
                    }
                ]
            },
            {
                "first_name": "Li\u2010Hsin",
                "last_name": "Shu",
                "initials": "",
                "corresponding": "",
                "orcid": "",
                "current_organization_id": "",
                "researcher_id": "",
                "affiliations": [
                    {
                        "name": "Department of Traditional Chinese Medicine, Chang Gung Memorial Hospital, Chiayi Branch, Putzu, Taiwan"
                    }
                ]
            },
            {
                "first_name": "Yu\u2010Ching",
                "last_name": "Cheng",
                "initials": "",
                "corresponding": "",
                "orcid": "",
                "current_organization_id": "",
                "researcher_id": "",
                "affiliations": [
                    {
                        "name": "Department of Traditional Chinese Medicine, Chang Gung Memorial Hospital, Chiayi Branch, Putzu, Taiwan"
                    }
                ]
            },
            {
                "first_name": "Hung Te",
                "last_name": "Liu",
                "initials": "",
                "corresponding": "",
                "orcid": "",
                "current_organization_id": "",
                "researcher_id": "",
                "affiliations": [
                    {
                        "name": "Department of Traditional Chinese Medicine, Chang Gung Memorial Hospital, Chiayi Branch, Putzu, Taiwan"
                    }
                ]
            },
            {
                "first_name": "Ching\u2010Yuan",
                "last_name": "Wu",
                "initials": "",
                "corresponding": "",
                "orcid": "",
                "current_organization_id": "",
                "researcher_id": "",
                "affiliations": [
                    {
                        "name": "Department of Traditional Chinese Medicine, Chang Gung Memorial Hospital, Chiayi Branch, Putzu, Taiwan"
                    },
                    {
                        "name": "School of Chinese medicine, College of Medicine, Chang Gung University, Tao\u2010Yuan, Taiwan"
                    }
                ]
            }
        ]
    ],
    "altmetric": 3.0,
    "FOR": [
        {
            "id": "2438",
            "name": "0302 Inorganic Chemistry"
        }
    ],
    "research_org_countries": [
        {
            "id": "TW",
            "name": "Taiwan"
        }
    ],
    "title": "The potential chemical structure of anti\u2010SARS\u2010CoV\u20102 RNA\u2010dependent RNA polymerase",
    "research_org_cities": [
        {
            "id": 1678836,
            "name": "Jiayi Shi"
        },
        {
            "id": 6696918,
            "name": "Taoyuan City"
        },
        {
            "id": 1673820,
            "name": "Kaohsiung"
        }
    ],
    "doi": "10.1002/jmv.25761",
    "times_cited": 0,
    "journal": {
        "id": "jour.1086647",
        "title": "Journal of Medical Virology"
    },
    "research_orgs": [
        {
            "id": "grid.454212.4",
            "name": "Chiayi Chang Gung Memorial Hospital",
            "linkout": [
                "https://www.cgmh.org.tw/branch/branch_jia.htm"
            ],
            "country_name": "Taiwan",
            "types": [
                "Healthcare"
            ],
            "latitude": 23.46242,
            "acronym": "CGMH",
            "city_name": "Chiayi City",
            "longitude": 120.28623
        }
    ],
    "year": 2020,
    "references": [
        "pub.1125322423",
        "pub.1071362657",
        "pub.1125100137",
        "pub.1124588759",
        "pub.1113258108",
        "pub.1037858536"
    ],
    "id": "pub.1125619241",
    "research_org_country_names": [
        "Taiwan"
    ],
    "date": "2020-03-13",
    "type": "article"
}