{
    "pmid": "32066525",
    "author_affiliations": [
        [
            {
                "first_name": "Zhou",
                "last_name": "Xu",
                "initials": "",
                "corresponding": "",
                "orcid": "",
                "current_organization_id": "",
                "researcher_id": "",
                "affiliations": [
                    {
                        "id": "grid.452206.7",
                        "name": "First Affiliated Hospital of Chongqing Medical University",
                        "city": "Chongqing",
                        "city_id": 1814906,
                        "country": "China",
                        "country_code": "CN",
                        "state": null,
                        "state_code": null
                    }
                ]
            },
            {
                "first_name": "Shu",
                "last_name": "Li",
                "initials": "",
                "corresponding": "",
                "orcid": "",
                "current_organization_id": "",
                "researcher_id": "",
                "affiliations": [
                    {
                        "id": "grid.452206.7",
                        "name": "First Affiliated Hospital of Chongqing Medical University",
                        "city": "Chongqing",
                        "city_id": 1814906,
                        "country": "China",
                        "country_code": "CN",
                        "state": null,
                        "state_code": null
                    }
                ]
            },
            {
                "first_name": "Shen",
                "last_name": "Tian",
                "initials": "",
                "corresponding": "",
                "orcid": "",
                "current_organization_id": "",
                "researcher_id": "",
                "affiliations": [
                    {
                        "id": "grid.452206.7",
                        "name": "First Affiliated Hospital of Chongqing Medical University",
                        "city": "Chongqing",
                        "city_id": 1814906,
                        "country": "China",
                        "country_code": "CN",
                        "state": null,
                        "state_code": null
                    }
                ]
            },
            {
                "first_name": "Hao",
                "last_name": "Li",
                "initials": "",
                "corresponding": "",
                "orcid": "",
                "current_organization_id": "",
                "researcher_id": "",
                "affiliations": [
                    {
                        "id": "grid.452206.7",
                        "name": "First Affiliated Hospital of Chongqing Medical University",
                        "city": "Chongqing",
                        "city_id": 1814906,
                        "country": "China",
                        "country_code": "CN",
                        "state": null,
                        "state_code": null
                    }
                ]
            },
            {
                "first_name": "Ling-quan",
                "last_name": "Kong",
                "initials": "",
                "corresponding": "",
                "orcid": "",
                "current_organization_id": "",
                "researcher_id": "",
                "affiliations": [
                    {
                        "id": "grid.452206.7",
                        "name": "First Affiliated Hospital of Chongqing Medical University",
                        "city": "Chongqing",
                        "city_id": 1814906,
                        "country": "China",
                        "country_code": "CN",
                        "state": null,
                        "state_code": null
                    }
                ]
            }
        ]
    ],
    "altmetric": 69.0,
    "research_org_countries": [
        {
            "id": "CN",
            "name": "China"
        }
    ],
    "title": "Full spectrum of COVID-19 severity still being depicted",
    "research_org_cities": [
        {
            "id": 1814906,
            "name": "Chongqing"
        }
    ],
    "open_access": [
        "Open Access - all",
        "Open Access - publisher",
        "Open Access - published"
    ],
    "doi": "10.1016/s0140-6736(20)30308-1",
    "times_cited": 0,
    "journal": {
        "id": "jour.1077219",
        "title": "The Lancet"
    },
    "year": 2020,
    "research_orgs": [
        {
            "id": "grid.452206.7",
            "name": "First Affiliated Hospital of Chongqing Medical University",
            "linkout": [
                "http://www.hospital-cqmu.com/"
            ],
            "country_name": "China",
            "types": [
                "Healthcare"
            ],
            "latitude": 29.591564,
            "city_name": "Chongqing",
            "longitude": 106.519516
        }
    ],
    "id": "pub.1124871974",
    "references": [
        "pub.1124290823",
        "pub.1124298293"
    ],
    "research_org_country_names": [
        "China"
    ],
    "date": "2020-02-01",
    "type": "article"
}