{
    "pmid": "32127708",
    "title": "China bans cash rewards for publishing papers",
    "type": "article",
    "year": 2020,
    "journal": {
        "id": "jour.1018957",
        "title": "Nature"
    },
    "researchers": [
        {
            "id": "ur.01025113722.51",
            "research_orgs": [
                "grid.7445.2"
            ],
            "first_name": "Smriti",
            "last_name": "Mallapaty"
        }
    ],
    "FOR": [
        {
            "id": "3416",
            "name": "1605 Policy and Administration"
        }
    ],
    "date": "2020-03-01",
    "altmetric": 535.0,
    "pages": "18-18",
    "id": "pub.1125292026",
    "volume": "579",
    "issue": "7797",
    "open_access": [
        "Open Access - all",
        "Open Access - publisher",
        "Open Access - published"
    ],
    "author_affiliations": [
        [
            {
                "first_name": "Smriti",
                "last_name": "Mallapaty",
                "initials": "",
                "corresponding": "",
                "orcid": "",
                "current_organization_id": "",
                "researcher_id": "ur.01025113722.51",
                "affiliations": []
            }
        ]
    ],
    "doi": "10.1038/d41586-020-00574-8",
    "times_cited": 0,
    "references": [
        "pub.1111938591",
        "pub.1014349716",
        "pub.1124935816"
    ]
}