{
    "volume": "77",
    "date": "2020-01-01",
    "title": "Coronaviruses - new emerging pathogens",
    "researchers": [
        {
            "id": "ur.0773111747.07",
            "last_name": "Kulji\u0107-Kapulica",
            "first_name": "Nada",
            "research_orgs": [
                "grid.7445.2",
                "grid.415615.2"
            ]
        }
    ],
    "pages": "139-139",
    "open_access": [
        "Open Access - all",
        "Open Access - publisher",
        "Open Access - published"
    ],
    "doi": "10.2298/vsp2002139k",
    "times_cited": 0,
    "id": "pub.1125435392",
    "issue": "2",
    "journal": {
        "id": "jour.1070352",
        "title": "Vojnosanitetski Pregled"
    },
    "year": 2020,
    "author_affiliations": [
        [
            {
                "first_name": "Nada",
                "last_name": "Kulji\u0107-Kapulica",
                "initials": "",
                "corresponding": "",
                "orcid": "",
                "current_organization_id": "",
                "researcher_id": "ur.0773111747.07",
                "affiliations": []
            }
        ]
    ],
    "type": "article"
}