{
    "date": "2020-02-26",
    "title": "A preliminary study on the ultrasonic manifestations\u00a0of peripulmonary lesions of non-critical novel coronavirus pneumonia (COVID-19)\u00a0",
    "altmetric": 90.0,
    "open_access": [
        "Open Access - all",
        "Open Access - publisher",
        "Open Access - published"
    ],
    "doi": "10.21203/rs.2.24369/v1",
    "times_cited": 0,
    "id": "pub.1125281164",
    "journal": {
        "id": "jour.1380788",
        "title": "Research Square"
    },
    "year": 2020,
    "type": "preprint"
}