{
    "pmid": "32171866",
    "author_affiliations": [
        [
            {
                "first_name": "Kai",
                "last_name": "Liu",
                "initials": "",
                "corresponding": "",
                "orcid": "",
                "current_organization_id": "",
                "researcher_id": "",
                "affiliations": [
                    {
                        "name": "Hainan General Hospital, Geriatric center."
                    }
                ]
            },
            {
                "first_name": "Ying",
                "last_name": "Chen",
                "initials": "",
                "corresponding": "",
                "orcid": "",
                "current_organization_id": "",
                "researcher_id": "",
                "affiliations": [
                    {
                        "name": "Hainan General Hospital, Geriatric center, Medical Laboratory."
                    }
                ]
            },
            {
                "first_name": "Ruzheng",
                "last_name": "Lin",
                "initials": "",
                "corresponding": "",
                "orcid": "",
                "current_organization_id": "",
                "researcher_id": "",
                "affiliations": [
                    {
                        "name": "Hainan General Hospital, General Practice."
                    }
                ]
            },
            {
                "first_name": "Kunyuan",
                "last_name": "Han",
                "initials": "",
                "corresponding": "",
                "orcid": "",
                "current_organization_id": "",
                "researcher_id": "",
                "affiliations": [
                    {
                        "name": "Hainan General Hospital, General Practice."
                    }
                ]
            }
        ]
    ],
    "altmetric": 1.0,
    "FOR": [
        {
            "id": "3053",
            "name": "1103 Clinical Sciences"
        }
    ],
    "research_org_countries": [
        {
            "id": "CN",
            "name": "China"
        }
    ],
    "title": "Clinical feature of COVID-19 in elderly patients: a comparison with young and middle-aged patients.",
    "research_org_cities": [
        {
            "id": 1809078,
            "name": "Haikou"
        }
    ],
    "doi": "10.1016/j.jinf.2020.03.005",
    "times_cited": 0,
    "journal": {
        "id": "jour.1090128",
        "title": "Journal of Infection"
    },
    "year": 2020,
    "id": "pub.1125679155",
    "research_org_country_names": [
        "China"
    ],
    "date": "2020-03-11",
    "type": "article"
}