{
    "pmid": "32150748",
    "author_affiliations": [
        [
            {
                "first_name": "Stephen A",
                "last_name": "Lauer",
                "initials": "",
                "corresponding": "",
                "orcid": "",
                "current_organization_id": "grid.266683.f",
                "researcher_id": "ur.01105155330.57",
                "affiliations": [
                    {
                        "id": "grid.21107.35",
                        "name": "Johns Hopkins University",
                        "city": "Baltimore",
                        "city_id": 4347778,
                        "country": "United States",
                        "country_code": "US",
                        "state": "Maryland",
                        "state_code": "US-MD"
                    }
                ]
            },
            {
                "first_name": "Kyra H",
                "last_name": "Grantz",
                "initials": "",
                "corresponding": "",
                "orcid": "",
                "current_organization_id": "grid.15276.37",
                "researcher_id": "ur.07636400475.34",
                "affiliations": [
                    {
                        "id": "grid.21107.35",
                        "name": "Johns Hopkins University",
                        "city": "Baltimore",
                        "city_id": 4347778,
                        "country": "United States",
                        "country_code": "US",
                        "state": "Maryland",
                        "state_code": "US-MD"
                    }
                ]
            },
            {
                "first_name": "Qifang",
                "last_name": "Bi",
                "initials": "",
                "corresponding": "",
                "orcid": "",
                "current_organization_id": "grid.21107.35",
                "researcher_id": "ur.01212204137.56",
                "affiliations": [
                    {
                        "id": "grid.21107.35",
                        "name": "Johns Hopkins University",
                        "city": "Baltimore",
                        "city_id": 4347778,
                        "country": "United States",
                        "country_code": "US",
                        "state": "Maryland",
                        "state_code": "US-MD"
                    }
                ]
            },
            {
                "first_name": "Forrest K",
                "last_name": "Jones",
                "initials": "",
                "corresponding": "",
                "orcid": "",
                "current_organization_id": "",
                "researcher_id": "",
                "affiliations": [
                    {
                        "id": "grid.21107.35",
                        "name": "Johns Hopkins University",
                        "city": "Baltimore",
                        "city_id": 4347778,
                        "country": "United States",
                        "country_code": "US",
                        "state": "Maryland",
                        "state_code": "US-MD"
                    }
                ]
            },
            {
                "first_name": "Qulu",
                "last_name": "Zheng",
                "initials": "",
                "corresponding": "",
                "orcid": "",
                "current_organization_id": "",
                "researcher_id": "",
                "affiliations": [
                    {
                        "id": "grid.21107.35",
                        "name": "Johns Hopkins University",
                        "city": "Baltimore",
                        "city_id": 4347778,
                        "country": "United States",
                        "country_code": "US",
                        "state": "Maryland",
                        "state_code": "US-MD"
                    }
                ]
            },
            {
                "first_name": "Hannah R",
                "last_name": "Meredith",
                "initials": "",
                "corresponding": "",
                "orcid": "",
                "current_organization_id": "grid.21107.35",
                "researcher_id": "ur.016527252751.15",
                "affiliations": [
                    {
                        "id": "grid.21107.35",
                        "name": "Johns Hopkins University",
                        "city": "Baltimore",
                        "city_id": 4347778,
                        "country": "United States",
                        "country_code": "US",
                        "state": "Maryland",
                        "state_code": "US-MD"
                    }
                ]
            },
            {
                "first_name": "Andrew S",
                "last_name": "Azman",
                "initials": "",
                "corresponding": "",
                "orcid": "",
                "current_organization_id": "",
                "researcher_id": "",
                "affiliations": [
                    {
                        "id": "grid.21107.35",
                        "name": "Johns Hopkins University",
                        "city": "Baltimore",
                        "city_id": 4347778,
                        "country": "United States",
                        "country_code": "US",
                        "state": "Maryland",
                        "state_code": "US-MD"
                    }
                ]
            },
            {
                "first_name": "Nicholas G",
                "last_name": "Reich",
                "initials": "",
                "corresponding": "",
                "orcid": "['0000-0003-3503-9899']",
                "current_organization_id": "grid.266683.f",
                "researcher_id": "ur.01261453404.52",
                "affiliations": [
                    {
                        "id": "grid.266683.f",
                        "name": "University of Massachusetts Amherst",
                        "city": "Amherst Center",
                        "city_id": 4929023,
                        "country": "United States",
                        "country_code": "US",
                        "state": "Massachusetts",
                        "state_code": "US-MA"
                    }
                ]
            },
            {
                "first_name": "Justin",
                "last_name": "Lessler",
                "initials": "",
                "corresponding": "",
                "orcid": "['0000-0002-9741-8109']",
                "current_organization_id": "grid.21107.35",
                "researcher_id": "ur.0775017522.46",
                "affiliations": [
                    {
                        "id": "grid.21107.35",
                        "name": "Johns Hopkins University",
                        "city": "Baltimore",
                        "city_id": 4347778,
                        "country": "United States",
                        "country_code": "US",
                        "state": "Maryland",
                        "state_code": "US-MD"
                    }
                ]
            }
        ]
    ],
    "altmetric": 5992.0,
    "FOR": [
        {
            "id": "3177",
            "name": "1117 Public Health and Health Services"
        }
    ],
    "research_org_countries": [
        {
            "id": "US",
            "name": "United States"
        }
    ],
    "title": "The Incubation Period of Coronavirus Disease 2019 (COVID-19) From Publicly Reported Confirmed Cases: Estimation and Application.",
    "research_org_cities": [
        {
            "id": 4347778,
            "name": "Baltimore"
        },
        {
            "id": 4929023,
            "name": "Amherst Center"
        }
    ],
    "research_org_state_names": [
        "Maryland",
        "Massachusetts"
    ],
    "open_access": [
        "Open Access - all",
        "Open Access - publisher",
        "Open Access - published"
    ],
    "doi": "10.7326/m20-0504",
    "times_cited": 0,
    "journal": {
        "id": "jour.1017222",
        "title": "Annals of Internal Medicine"
    },
    "research_orgs": [
        {
            "id": "grid.266683.f",
            "name": "University of Massachusetts Amherst",
            "linkout": [
                "http://www.umass.edu/"
            ],
            "country_name": "United States",
            "types": [
                "Education"
            ],
            "latitude": 42.389004,
            "state_name": "Massachusetts",
            "city_name": "Amherst Center",
            "longitude": -72.52671
        },
        {
            "id": "grid.21107.35",
            "name": "Johns Hopkins University",
            "linkout": [
                "https://www.jhu.edu/"
            ],
            "country_name": "United States",
            "types": [
                "Education"
            ],
            "latitude": 39.328888,
            "acronym": "JHU",
            "state_name": "Maryland",
            "city_name": "Baltimore",
            "longitude": -76.62028
        }
    ],
    "year": 2020,
    "references": [
        "pub.1124289146",
        "pub.1124408081",
        "pub.1125047318",
        "pub.1124434742",
        "pub.1048477871",
        "pub.1100351947",
        "pub.1124290823",
        "pub.1124295864",
        "pub.1124705628",
        "pub.1007072554",
        "pub.1031109601"
    ],
    "id": "pub.1125511203",
    "research_org_country_names": [
        "United States"
    ],
    "date": "2020-03-10",
    "research_org_state_codes": [
        {
            "id": "US-MD",
            "name": "Maryland"
        }
    ],
    "researchers": [
        {
            "id": "ur.01105155330.57",
            "research_orgs": [
                "grid.266683.f",
                "grid.21107.35"
            ],
            "last_name": "Lauer",
            "first_name": "Stephen A"
        },
        {
            "id": "ur.07636400475.34",
            "research_orgs": [
                "grid.15276.37",
                "grid.21107.35",
                "grid.452373.4"
            ],
            "last_name": "Grantz",
            "first_name": "Kyra H"
        },
        {
            "id": "ur.01212204137.56",
            "research_orgs": [
                "grid.21107.35"
            ],
            "last_name": "Bi",
            "first_name": "Qifang"
        },
        {
            "id": "ur.016527252751.15",
            "research_orgs": [
                "grid.26009.3d",
                "grid.8991.9",
                "grid.21107.35"
            ],
            "last_name": "Meredith",
            "first_name": "Hannah R"
        },
        {
            "id": "ur.01261453404.52",
            "research_orgs": [
                "grid.266683.f",
                "grid.266684.8",
                "grid.21107.35"
            ],
            "last_name": "Reich",
            "first_name": "Nicholas G",
            "orcid_id": [
                "0000-0003-3503-9899"
            ]
        },
        {
            "id": "ur.0775017522.46",
            "research_orgs": [
                "grid.15276.37",
                "grid.411024.2",
                "grid.21107.35",
                "grid.497562.b",
                "grid.413910.e",
                "grid.452586.8",
                "grid.452373.4"
            ],
            "last_name": "Lessler",
            "first_name": "Justin T",
            "orcid_id": [
                "0000-0002-9741-8109"
            ]
        }
    ],
    "type": "article"
}