{
    "pmid": "31995852",
    "author_affiliations": [
        [
            {
                "first_name": "Louis E.",
                "last_name": "Russell",
                "initials": "",
                "corresponding": "",
                "orcid": "",
                "current_organization_id": "",
                "researcher_id": "ur.01225377370.28",
                "affiliations": [
                    {
                        "name": "APC, LLC, Ankeny, IA, USA"
                    }
                ]
            },
            {
                "first_name": "Javier",
                "last_name": "Polo",
                "initials": "",
                "corresponding": "",
                "orcid": "['0000-0003-0990-2230']",
                "current_organization_id": "",
                "researcher_id": "ur.01203345255.19",
                "affiliations": [
                    {
                        "name": "APC, Europe, S.L.U., Granollers, Barcelona, Spain"
                    }
                ]
            },
            {
                "first_name": "David",
                "last_name": "Meeker",
                "initials": "",
                "corresponding": "",
                "orcid": "",
                "current_organization_id": "",
                "researcher_id": "",
                "affiliations": [
                    {
                        "name": "North American Renderers Association, Alexandria, VA, USA"
                    }
                ]
            }
        ]
    ],
    "FOR": [
        {
            "id": "3177",
            "name": "1117 Public Health and Health Services"
        }
    ],
    "research_org_countries": [
        {
            "id": "US",
            "name": "United States"
        },
        {
            "id": "ES",
            "name": "Spain"
        }
    ],
    "title": "The Canadian 2014 porcine epidemic diarrhoea virus outbreak: Important risk factors that were not considered in the epidemiological investigation could change the conclusions",
    "research_org_cities": [
        {
            "id": 4846960,
            "name": "Ankeny"
        },
        {
            "id": 3121145,
            "name": "Granollers"
        }
    ],
    "research_org_state_names": [
        "Iowa"
    ],
    "open_access": [
        "Open Access - all",
        "Open Access - publisher",
        "Open Access - published"
    ],
    "doi": "10.1111/tbed.13496",
    "times_cited": 0,
    "journal": {
        "id": "jour.1319904",
        "title": "Transboundary and Emerging Diseases"
    },
    "year": 2020,
    "id": "pub.1124410186",
    "references": [
        "pub.1029723817",
        "pub.1111643918",
        "pub.1070886719",
        "pub.1106083794",
        "pub.1022912203",
        "pub.1029598554",
        "pub.1043387684",
        "pub.1007890336",
        "pub.1068221661",
        "pub.1021941247",
        "pub.1073087138",
        "pub.1090711287",
        "pub.1070887644",
        "pub.1006100384",
        "pub.1108033755",
        "pub.1100770030",
        "pub.1031408783",
        "pub.1076395449",
        "pub.1079000882",
        "pub.1084612462",
        "pub.1103820849",
        "pub.1047408316",
        "pub.1008604860",
        "pub.1120481459",
        "pub.1119956692",
        "pub.1045141230",
        "pub.1043290646",
        "pub.1025142893",
        "pub.1070883279",
        "pub.1104505542",
        "pub.1050519337",
        "pub.1045497391",
        "pub.1099790894",
        "pub.1070886679",
        "pub.1100679785",
        "pub.1106383034",
        "pub.1033073702",
        "pub.1026889216",
        "pub.1004938359",
        "pub.1058253002",
        "pub.1092110796",
        "pub.1106251046",
        "pub.1070889411",
        "pub.1027856332",
        "pub.1077271200",
        "pub.1004530218",
        "pub.1085574610",
        "pub.1123502788",
        "pub.1051645699",
        "pub.1039160872",
        "pub.1079045461",
        "pub.1099687848",
        "pub.1079207254"
    ],
    "research_org_country_names": [
        "Spain",
        "United States"
    ],
    "date": "2020-02-16",
    "research_org_state_codes": [
        {
            "id": "US-IA",
            "name": "Iowa"
        }
    ],
    "researchers": [
        {
            "id": "ur.01225377370.28",
            "research_orgs": [
                "grid.5841.8"
            ],
            "last_name": "Russell",
            "first_name": "Louis E"
        },
        {
            "id": "ur.01203345255.19",
            "research_orgs": [
                "grid.5841.8"
            ],
            "last_name": "Polo",
            "first_name": "Javier",
            "orcid_id": [
                "0000-0003-0990-2230"
            ]
        }
    ],
    "type": "article"
}