{
    "pmid": "32112977",
    "author_affiliations": [
        [
            {
                "first_name": "Catrin",
                "last_name": "Sohrabi",
                "initials": "",
                "corresponding": "",
                "orcid": "",
                "current_organization_id": "",
                "researcher_id": "",
                "affiliations": [
                    {
                        "id": "grid.4868.2",
                        "name": "Queen Mary University of London",
                        "city": "London",
                        "city_id": 2643743,
                        "country": "United Kingdom",
                        "country_code": "GB",
                        "state": null,
                        "state_code": null
                    }
                ]
            },
            {
                "first_name": "Zaid",
                "last_name": "Alsafi",
                "initials": "",
                "corresponding": "",
                "orcid": "",
                "current_organization_id": "grid.83440.3b",
                "researcher_id": "ur.01230744460.44",
                "affiliations": [
                    {
                        "id": "grid.83440.3b",
                        "name": "University College London",
                        "city": "London",
                        "city_id": 2643743,
                        "country": "United Kingdom",
                        "country_code": "GB",
                        "state": null,
                        "state_code": null
                    }
                ]
            },
            {
                "first_name": "Niamh",
                "last_name": "O\u2019Neill",
                "initials": "",
                "corresponding": true,
                "orcid": "",
                "current_organization_id": "",
                "researcher_id": "",
                "affiliations": [
                    {
                        "id": "grid.4868.2",
                        "name": "Queen Mary University of London",
                        "city": "London",
                        "city_id": 2643743,
                        "country": "United Kingdom",
                        "country_code": "GB",
                        "state": null,
                        "state_code": null
                    }
                ]
            },
            {
                "first_name": "Mehdi",
                "last_name": "Khan",
                "initials": "",
                "corresponding": "",
                "orcid": "",
                "current_organization_id": "",
                "researcher_id": "",
                "affiliations": [
                    {
                        "id": "grid.83440.3b",
                        "name": "University College London",
                        "city": "London",
                        "city_id": 2643743,
                        "country": "United Kingdom",
                        "country_code": "GB",
                        "state": null,
                        "state_code": null
                    }
                ]
            },
            {
                "first_name": "Ahmed",
                "last_name": "Kerwan",
                "initials": "",
                "corresponding": "",
                "orcid": "",
                "current_organization_id": "",
                "researcher_id": "",
                "affiliations": [
                    {
                        "id": "grid.13097.3c",
                        "name": "King's College London",
                        "city": "London",
                        "city_id": 2643743,
                        "country": "United Kingdom",
                        "country_code": "GB",
                        "state": null,
                        "state_code": null
                    }
                ]
            },
            {
                "first_name": "Ahmed",
                "last_name": "Al-Jabir",
                "initials": "",
                "corresponding": "",
                "orcid": "",
                "current_organization_id": "",
                "researcher_id": "",
                "affiliations": [
                    {
                        "id": "grid.13097.3c",
                        "name": "King's College London",
                        "city": "London",
                        "city_id": 2643743,
                        "country": "United Kingdom",
                        "country_code": "GB",
                        "state": null,
                        "state_code": null
                    }
                ]
            },
            {
                "first_name": "Christos",
                "last_name": "Iosifidis",
                "initials": "",
                "corresponding": "",
                "orcid": "",
                "current_organization_id": "",
                "researcher_id": "",
                "affiliations": [
                    {
                        "id": "grid.4868.2",
                        "name": "Queen Mary University of London",
                        "city": "London",
                        "city_id": 2643743,
                        "country": "United Kingdom",
                        "country_code": "GB",
                        "state": null,
                        "state_code": null
                    }
                ]
            },
            {
                "first_name": "Riaz",
                "last_name": "Agha",
                "initials": "",
                "corresponding": "",
                "orcid": "['0000-0002-9348-0095']",
                "current_organization_id": "grid.420545.2",
                "researcher_id": "ur.0725414346.06",
                "affiliations": [
                    {
                        "id": "grid.139534.9",
                        "name": "Barts Health NHS Trust",
                        "city": "London",
                        "city_id": 2643743,
                        "country": "United Kingdom",
                        "country_code": "GB",
                        "state": null,
                        "state_code": null
                    }
                ]
            }
        ]
    ],
    "altmetric": 53.0,
    "FOR": [
        {
            "id": "3114",
            "name": "1108 Medical Microbiology"
        }
    ],
    "research_org_countries": [
        {
            "id": "GB",
            "name": "United Kingdom"
        }
    ],
    "title": "World Health Organization declares Global Emergency: A review of the 2019 Novel Coronavirus (COVID-19)",
    "research_org_cities": [
        {
            "id": 2643743,
            "name": "London"
        }
    ],
    "pages": "71-76",
    "doi": "10.1016/j.ijsu.2020.02.034",
    "times_cited": 0,
    "journal": {
        "id": "jour.1295032",
        "title": "International Journal of Surgery"
    },
    "year": 2020,
    "research_orgs": [
        {
            "id": "grid.4868.2",
            "name": "Queen Mary University of London",
            "linkout": [
                "http://www.qmul.ac.uk/"
            ],
            "country_name": "United Kingdom",
            "types": [
                "Education"
            ],
            "latitude": 51.52428,
            "acronym": "QMUL",
            "city_name": "London",
            "longitude": -0.040395
        },
        {
            "id": "grid.139534.9",
            "name": "Barts Health NHS Trust",
            "linkout": [
                "http://www.bartshealth.nhs.uk/"
            ],
            "country_name": "United Kingdom",
            "types": [
                "Healthcare"
            ],
            "latitude": 51.519455,
            "city_name": "London",
            "longitude": -0.05834
        },
        {
            "id": "grid.13097.3c",
            "name": "King's College London",
            "linkout": [
                "http://www.kcl.ac.uk/index.aspx"
            ],
            "country_name": "United Kingdom",
            "types": [
                "Education"
            ],
            "latitude": 51.511417,
            "acronym": "KCL",
            "city_name": "London",
            "longitude": -0.116727
        },
        {
            "id": "grid.83440.3b",
            "name": "University College London",
            "linkout": [
                "http://www.ucl.ac.uk/"
            ],
            "country_name": "United Kingdom",
            "types": [
                "Education"
            ],
            "latitude": 51.52447,
            "acronym": "UCL",
            "city_name": "London",
            "longitude": -0.1339817
        }
    ],
    "id": "pub.1125107999",
    "references": [
        "pub.1124290823",
        "pub.1035420744",
        "pub.1124289146",
        "pub.1101259961",
        "pub.1124802902",
        "pub.1124654147",
        "pub.1124427336",
        "pub.1003731534",
        "pub.1124408081",
        "pub.1124145721",
        "pub.1047128751",
        "pub.1124434742",
        "pub.1124428749",
        "pub.1084018945",
        "pub.1039833875",
        "pub.1124430797",
        "pub.1019538325",
        "pub.1124366313"
    ],
    "research_org_country_names": [
        "United Kingdom"
    ],
    "date": "2020-04-01",
    "researchers": [
        {
            "id": "ur.01230744460.44",
            "research_orgs": [
                "grid.439749.4",
                "grid.413629.b",
                "grid.83440.3b"
            ],
            "last_name": "Alsafi",
            "first_name": "Zaid"
        },
        {
            "id": "ur.0725414346.06",
            "research_orgs": [
                "grid.451052.7",
                "grid.425213.3",
                "grid.440168.f",
                "grid.428062.a",
                "grid.412941.b",
                "grid.439224.a",
                "grid.120073.7",
                "grid.483570.d",
                "grid.415005.5",
                "grid.414108.8",
                "grid.415586.b",
                "grid.13097.3c",
                "grid.412923.f",
                "grid.38142.3c",
                "grid.83440.3b",
                "grid.439582.1",
                "grid.420545.2",
                "grid.5491.9",
                "grid.416710.5",
                "grid.4868.2",
                "grid.24029.3d",
                "grid.139534.9",
                "grid.4991.5",
                "grid.412689.0",
                "grid.7445.2",
                "grid.10784.3a",
                "grid.437485.9",
                "grid.10049.3c",
                "grid.413032.7"
            ],
            "last_name": "Agha",
            "first_name": "Riaz Ahmed",
            "orcid_id": [
                "0000-0002-9348-0095"
            ]
        }
    ],
    "type": "article",
    "volume": "76"
}