{
    "pmid": "32077665",
    "author_affiliations": [
        [
            {
                "first_name": "H T",
                "last_name": "Lin",
                "initials": "",
                "corresponding": "",
                "orcid": "",
                "current_organization_id": "",
                "researcher_id": "",
                "affiliations": [
                    {
                        "id": "grid.12981.33",
                        "name": "Sun Yat-sen University",
                        "city": "Guangzhou",
                        "city_id": 1809858,
                        "country": "China",
                        "country_code": "CN",
                        "state": null,
                        "state_code": null
                    }
                ]
            },
            {
                "first_name": "Y F",
                "last_name": "Xiang",
                "initials": "",
                "corresponding": "",
                "orcid": "",
                "current_organization_id": "",
                "researcher_id": "",
                "affiliations": []
            },
            {
                "first_name": "T X",
                "last_name": "Cui",
                "initials": "",
                "corresponding": "",
                "orcid": "",
                "current_organization_id": "",
                "researcher_id": "",
                "affiliations": []
            },
            {
                "first_name": "J J",
                "last_name": "Chen",
                "initials": "",
                "corresponding": "",
                "orcid": "",
                "current_organization_id": "",
                "researcher_id": "",
                "affiliations": []
            }
        ]
    ],
    "research_org_countries": [
        {
            "id": "CN",
            "name": "China"
        }
    ],
    "title": "[Online learning-related visual impairment and preventive measures during the 2019 novel coronvirus outbreak].",
    "research_org_cities": [
        {
            "id": 1809858,
            "name": "Guangzhou"
        }
    ],
    "pages": "e004",
    "issue": "0",
    "doi": "10.3760/cma.j.cn112142-20200219-00089",
    "times_cited": 0,
    "journal": {
        "id": "jour.1059087",
        "title": "Chinese journal of ophthalmology"
    },
    "research_orgs": [
        {
            "id": "grid.12981.33",
            "name": "Sun Yat-sen University",
            "linkout": [
                "http://www.sysu.edu.cn/2012/en/index.htm"
            ],
            "country_name": "China",
            "types": [
                "Education"
            ],
            "latitude": 23.0962,
            "state_name": "Guangdong",
            "city_name": "Guangzhou",
            "longitude": 113.29806
        }
    ],
    "year": 2020,
    "id": "pub.1125029789",
    "research_org_country_names": [
        "China"
    ],
    "date": "2020-02-20",
    "type": "article",
    "volume": "56"
}