{
    "date": "2020-03-01",
    "title": "COVID-19: a potential public health problem for homeless populations",
    "altmetric": 182.0,
    "research_org_cities": [
        {
            "id": 4699066,
            "name": "Houston"
        },
        {
            "id": 4140963,
            "name": "Washington, D.C."
        },
        {
            "id": 4839366,
            "name": "New Haven"
        }
    ],
    "research_org_countries": [
        {
            "id": "US",
            "name": "United States"
        }
    ],
    "doi": "10.1016/s2468-2667(20)30053-0",
    "times_cited": 0,
    "research_orgs": [
        {
            "id": "grid.418356.d",
            "acronym": "VA ",
            "state_name": "District of Columbia",
            "types": [
                "Government"
            ],
            "longitude": -77.03482,
            "linkout": [
                "http://www.va.gov/"
            ],
            "latitude": 38.9009,
            "name": "United States Department of Veterans Affairs",
            "city_name": "Washington D.C.",
            "country_name": "United States"
        },
        {
            "id": "grid.267308.8",
            "state_name": "Texas",
            "types": [
                "Healthcare"
            ],
            "longitude": -95.40305,
            "linkout": [
                "https://www.uth.edu/"
            ],
            "latitude": 29.703306,
            "name": "The University of Texas Health Science Center at Houston",
            "city_name": "Houston",
            "country_name": "United States"
        },
        {
            "id": "grid.47100.32",
            "state_name": "Connecticut",
            "types": [
                "Education"
            ],
            "longitude": -72.93066,
            "linkout": [
                "http://www.yale.edu"
            ],
            "latitude": 41.302094,
            "name": "Yale University",
            "city_name": "New Haven",
            "country_name": "United States"
        }
    ],
    "pmid": "32171054",
    "research_org_country_names": [
        "United States"
    ],
    "id": "pub.1125560638",
    "journal": {
        "id": "jour.1284483",
        "title": "The Lancet Public Health"
    },
    "year": 2020,
    "references": [
        "pub.1068844842",
        "pub.1001447259",
        "pub.1022811409",
        "pub.1116536026",
        "pub.1052028085",
        "pub.1043985712",
        "pub.1073449667"
    ],
    "research_org_state_names": [
        "Connecticut",
        "Texas",
        "District of Columbia"
    ],
    "author_affiliations": [
        [
            {
                "first_name": "Jack",
                "last_name": "Tsai",
                "initials": "",
                "corresponding": "",
                "orcid": "",
                "current_organization_id": "",
                "researcher_id": "",
                "affiliations": [
                    {
                        "id": "grid.267308.8",
                        "name": "The University of Texas Health Science Center at Houston",
                        "city": "Houston",
                        "city_id": 4699066,
                        "country": "United States",
                        "country_code": "US",
                        "state": "Texas",
                        "state_code": "US-TX"
                    },
                    {
                        "id": "grid.418356.d",
                        "name": "United States Department of Veterans Affairs",
                        "city": "Washington D.C.",
                        "city_id": 4140963,
                        "country": "United States",
                        "country_code": "US",
                        "state": "District of Columbia",
                        "state_code": "US-DC"
                    },
                    {
                        "id": "grid.47100.32",
                        "name": "Yale University",
                        "city": "New Haven",
                        "city_id": 4839366,
                        "country": "United States",
                        "country_code": "US",
                        "state": "Connecticut",
                        "state_code": "US-CT"
                    }
                ]
            },
            {
                "first_name": "Michal",
                "last_name": "Wilson",
                "initials": "",
                "corresponding": "",
                "orcid": "",
                "current_organization_id": "",
                "researcher_id": "",
                "affiliations": [
                    {
                        "id": "grid.267308.8",
                        "name": "The University of Texas Health Science Center at Houston",
                        "city": "Houston",
                        "city_id": 4699066,
                        "country": "United States",
                        "country_code": "US",
                        "state": "Texas",
                        "state_code": "US-TX"
                    }
                ]
            }
        ]
    ],
    "type": "article"
}