{
    "research_orgs": [
        {
            "id": "grid.10347.31",
            "linkout": [
                "https://www.um.edu.my/"
            ],
            "city_name": "Kuala Lumpur",
            "longitude": 101.65639,
            "acronym": "UM",
            "latitude": 3.120833,
            "name": "University of Malaya",
            "types": [
                "Education"
            ],
            "country_name": "Malaysia"
        }
    ],
    "research_org_country_names": [
        "Malaysia"
    ],
    "title": "Emerging CNS Infections",
    "type": "chapter",
    "year": 2020,
    "researchers": [
        {
            "id": "ur.01276416723.39",
            "research_orgs": [
                "grid.413018.f",
                "grid.428999.7",
                "grid.10347.31",
                "grid.240871.8"
            ],
            "first_name": "Kum Thong",
            "last_name": "Wong"
        }
    ],
    "FOR": [
        {
            "id": "2634",
            "name": "0605 Microbiology"
        },
        {
            "id": "3114",
            "name": "1108 Medical Microbiology"
        }
    ],
    "research_org_countries": [
        {
            "id": "MY",
            "name": "Malaysia"
        }
    ],
    "date": "2020-01-14",
    "pages": "505-514",
    "id": "pub.1124004119",
    "research_org_cities": [
        {
            "id": 1735161,
            "name": "Kuala Lumpur"
        }
    ],
    "author_affiliations": [
        [
            {
                "first_name": "Kum Thong",
                "last_name": "Wong",
                "initials": "",
                "corresponding": "",
                "orcid": "",
                "current_organization_id": "grid.10347.31",
                "researcher_id": "ur.01276416723.39",
                "affiliations": [
                    {
                        "id": "grid.10347.31",
                        "name": "University of Malaya",
                        "city": "Kuala Lumpur",
                        "city_id": 1735161,
                        "country": "Malaysia",
                        "country_code": "MY",
                        "state": null,
                        "state_code": null
                    }
                ]
            }
        ]
    ],
    "doi": "10.1002/9781119467748.ch50",
    "times_cited": 0,
    "references": [
        "pub.1052109457",
        "pub.1045716496",
        "pub.1025741658",
        "pub.1012576835",
        "pub.1001373266",
        "pub.1051454549",
        "pub.1027175882",
        "pub.1013081511",
        "pub.1037147866",
        "pub.1085197745",
        "pub.1059710253",
        "pub.1092036088",
        "pub.1053591064",
        "pub.1092724437",
        "pub.1078404776",
        "pub.1027958186",
        "pub.1030331276",
        "pub.1001751558",
        "pub.1043231862",
        "pub.1018139171",
        "pub.1078424732",
        "pub.1099643098",
        "pub.1010217292",
        "pub.1047654404",
        "pub.1039290262",
        "pub.1044064682",
        "pub.1026799825",
        "pub.1018057003",
        "pub.1000130902",
        "pub.1006921345",
        "pub.1013803913",
        "pub.1012115220",
        "pub.1062485988",
        "pub.1007694431",
        "pub.1103440084",
        "pub.1086125352",
        "pub.1011807415",
        "pub.1008399814",
        "pub.1026072316",
        "pub.1012735850",
        "pub.1040078850",
        "pub.1011721905",
        "pub.1083540507",
        "pub.1041561416"
    ]
}