{
    "volume": "25",
    "date": "2020-02-19",
    "title": "Synthetic Compounds with 2-Amino-1,3,4-Thiadiazole Moiety Against Viral Infections",
    "pages": "942",
    "research_org_cities": [
        {
            "id": 671768,
            "name": "Oradea"
        }
    ],
    "open_access": [
        "Open Access - all",
        "Open Access - publisher",
        "Open Access - published"
    ],
    "research_org_countries": [
        {
            "id": "RO",
            "name": "Romania"
        }
    ],
    "doi": "10.3390/molecules25040942",
    "FOR": [
        {
            "id": "3114",
            "name": "1108 Medical Microbiology"
        }
    ],
    "times_cited": 0,
    "research_orgs": [
        {
            "id": "grid.19723.3e",
            "state_name": "Bihor",
            "types": [
                "Education"
            ],
            "longitude": 21.92,
            "linkout": [
                "http://www.uoradea.ro/"
            ],
            "latitude": 47.045555,
            "name": "University of Oradea",
            "city_name": "Oradea",
            "country_name": "Romania"
        }
    ],
    "pmid": "32093125",
    "research_org_country_names": [
        "Romania"
    ],
    "id": "pub.1125171295",
    "issue": "4",
    "journal": {
        "id": "jour.1312072",
        "title": "Molecules"
    },
    "year": 2020,
    "references": [
        "pub.1004508061",
        "pub.1062712019",
        "pub.1045707680",
        "pub.1044487302",
        "pub.1074873893",
        "pub.1064867029",
        "pub.1034260487",
        "pub.1055420706",
        "pub.1038022879",
        "pub.1015305564",
        "pub.1028395509",
        "pub.1125028127",
        "pub.1040188705",
        "pub.1021694063",
        "pub.1036672354",
        "pub.1028911764",
        "pub.1016779932",
        "pub.1051097030",
        "pub.1048925775",
        "pub.1021514077",
        "pub.1063746192",
        "pub.1047052141",
        "pub.1012931003",
        "pub.1069164072",
        "pub.1049082202",
        "pub.1083027516",
        "pub.1113181083",
        "pub.1071768799",
        "pub.1030006660",
        "pub.1041043937",
        "pub.1104301346",
        "pub.1053536699",
        "pub.1063416678",
        "pub.1031070220",
        "pub.1004719157",
        "pub.1011430252",
        "pub.1031381709",
        "pub.1045016520",
        "pub.1113619467",
        "pub.1045779096",
        "pub.1017386385",
        "pub.1028186732",
        "pub.1062710727",
        "pub.1065063970",
        "pub.1078385453",
        "pub.1045489255",
        "pub.1009522522",
        "pub.1008656032",
        "pub.1052456571",
        "pub.1012381461",
        "pub.1104368560",
        "pub.1042398617",
        "pub.1053257312",
        "pub.1026079738",
        "pub.1055124056",
        "pub.1062710773",
        "pub.1074551690",
        "pub.1048880367",
        "pub.1018230102",
        "pub.1033443447",
        "pub.1031988791",
        "pub.1055935075",
        "pub.1014852525",
        "pub.1079980208",
        "pub.1057252230",
        "pub.1022325790",
        "pub.1074873418",
        "pub.1084436539",
        "pub.1085205780",
        "pub.1060344086",
        "pub.1071479815",
        "pub.1019275309",
        "pub.1058382484",
        "pub.1027997235",
        "pub.1071767754"
    ],
    "author_affiliations": [
        [
            {
                "first_name": "Georgeta",
                "last_name": "Serban",
                "initials": "",
                "corresponding": "",
                "orcid": "",
                "current_organization_id": "",
                "researcher_id": "",
                "affiliations": [
                    {
                        "id": "grid.19723.3e",
                        "name": "University of Oradea",
                        "city": "Oradea",
                        "city_id": 671768,
                        "country": "Romania",
                        "country_code": "RO",
                        "state": null,
                        "state_code": null
                    }
                ]
            }
        ]
    ],
    "type": "article"
}