{
    "author_affiliations": [
        [
            {
                "first_name": "Wolfgang",
                "last_name": "Hardt",
                "initials": "",
                "corresponding": true,
                "orcid": "",
                "current_organization_id": "",
                "researcher_id": "",
                "affiliations": [
                    {
                        "name": "Berufsverband Deutscher Dermatologen e.V., Wilhelmstra\u00dfe 46, 53879, Euskirchen, Deutschland"
                    }
                ]
            }
        ]
    ],
    "research_org_countries": [
        {
            "id": "DE",
            "name": "Germany"
        }
    ],
    "title": "Ausl\u00e4ndische \u00c4rzte von tragender Bedeutung",
    "research_org_cities": [
        {
            "id": 2928396,
            "name": "Euskirchen"
        }
    ],
    "pages": "156-156",
    "issue": "3",
    "doi": "10.1007/s15011-020-3126-9",
    "times_cited": 0,
    "journal": {
        "id": "jour.1136276",
        "title": "Der Deutsche Dermatologe"
    },
    "year": 2020,
    "id": "pub.1125620458",
    "research_org_country_names": [
        "Germany"
    ],
    "date": "2020-03-01",
    "type": "article",
    "volume": "68"
}