{
    "volume": "27",
    "date": "2020-01-27",
    "title": "Potential for global spread of a novel coronavirus from China",
    "researchers": [
        {
            "id": "ur.01123770677.55",
            "last_name": "Bogoch",
            "first_name": "Isaac Israel",
            "research_orgs": [
                "grid.22072.35",
                "grid.417188.3",
                "grid.415502.7",
                "grid.42327.30",
                "grid.32224.35",
                "grid.231844.8",
                "grid.413104.3",
                "grid.462846.a",
                "grid.2515.3",
                "grid.17063.33",
                "grid.38142.3c",
                "grid.417184.f"
            ]
        },
        {
            "id": "ur.01120464207.01",
            "last_name": "Watts",
            "first_name": "Alexander G",
            "research_orgs": [
                "grid.415502.7"
            ]
        },
        {
            "id": "ur.0771652443.41",
            "last_name": "Thomas-Bachli",
            "first_name": "Andrea L",
            "orcid_id": [
                "0000-0003-0831-842X"
            ],
            "research_orgs": [
                "grid.415502.7",
                "grid.34429.38"
            ]
        },
        {
            "id": "ur.012024063620.00",
            "last_name": "Huber",
            "first_name": "Carmen",
            "research_orgs": [
                "grid.415502.7"
            ]
        },
        {
            "id": "ur.014532552104.23",
            "last_name": "Kraemer",
            "first_name": "Moritz U G",
            "research_orgs": [
                "grid.8991.9",
                "grid.38142.3c",
                "grid.4991.5",
                "grid.2515.3"
            ]
        },
        {
            "id": "ur.0667617574.23",
            "last_name": "Khan",
            "first_name": "Kamran M",
            "research_orgs": [
                "grid.415502.7",
                "grid.5386.8",
                "grid.17063.33",
                "grid.21729.3f",
                "grid.231844.8",
                "grid.415254.3",
                "grid.21100.32",
                "grid.3575.4"
            ]
        }
    ],
    "research_org_state_codes": [
        {
            "id": "CA-ON",
            "name": "Ontario"
        }
    ],
    "altmetric": 247.0,
    "research_org_cities": [
        {
            "id": 2640729,
            "name": "Oxford"
        },
        {
            "id": 6167865,
            "name": "Toronto"
        },
        {
            "id": 2643743,
            "name": "London"
        }
    ],
    "open_access": [
        "Open Access - all",
        "Open Access - publisher",
        "Open Access - published"
    ],
    "research_org_countries": [
        {
            "id": "GB",
            "name": "United Kingdom"
        },
        {
            "id": "CA",
            "name": "Canada"
        }
    ],
    "doi": "10.1093/jtm/taaa011",
    "FOR": [
        {
            "id": "3432",
            "name": "1606 Political Science"
        }
    ],
    "research_orgs": [
        {
            "id": "grid.17063.33",
            "state_name": "Ontario",
            "types": [
                "Education"
            ],
            "longitude": -79.395,
            "linkout": [
                "http://www.utoronto.ca/"
            ],
            "latitude": 43.661667,
            "name": "University of Toronto",
            "city_name": "Toronto",
            "country_name": "Canada"
        },
        {
            "id": "grid.8991.9",
            "acronym": "LSHTM",
            "state_name": "Camden",
            "types": [
                "Education"
            ],
            "longitude": -0.1307,
            "linkout": [
                "http://www.lshtm.ac.uk/"
            ],
            "latitude": 51.5209,
            "name": "London School of Hygiene & Tropical Medicine",
            "city_name": "London",
            "country_name": "United Kingdom"
        },
        {
            "id": "grid.4991.5",
            "state_name": "Oxfordshire",
            "types": [
                "Education"
            ],
            "longitude": -1.2540097,
            "linkout": [
                "http://www.ox.ac.uk/"
            ],
            "latitude": 51.753437,
            "name": "University of Oxford",
            "city_name": "Oxford",
            "country_name": "United Kingdom"
        },
        {
            "id": "grid.231844.8",
            "acronym": "UHN",
            "state_name": "Ontario",
            "types": [
                "Healthcare"
            ],
            "longitude": -79.38729,
            "linkout": [
                "http://www.uhn.ca/"
            ],
            "latitude": 43.658585,
            "name": "University Health Network",
            "city_name": "Toronto",
            "country_name": "Canada"
        },
        {
            "id": "grid.415502.7",
            "state_name": "Ontario",
            "types": [
                "Healthcare"
            ],
            "longitude": -79.3775,
            "linkout": [
                "http://www.stmichaelshospital.com/"
            ],
            "latitude": 43.6532,
            "name": "St. Michael's Hospital",
            "city_name": "Toronto",
            "country_name": "Canada"
        }
    ],
    "times_cited": 11,
    "pmid": "31985790",
    "research_org_country_names": [
        "United Kingdom",
        "Canada"
    ],
    "id": "pub.1124320184",
    "issue": "2",
    "journal": {
        "id": "jour.1112262",
        "title": "Journal of Travel Medicine"
    },
    "year": 2020,
    "references": [
        "pub.1105771374",
        "pub.1124012707",
        "pub.1091433833"
    ],
    "research_org_state_names": [
        "Ontario"
    ],
    "author_affiliations": [
        [
            {
                "first_name": "Isaac I",
                "last_name": "Bogoch",
                "initials": "",
                "corresponding": "",
                "orcid": "",
                "current_organization_id": "grid.17063.33",
                "researcher_id": "ur.01123770677.55",
                "affiliations": [
                    {
                        "id": "grid.17063.33",
                        "name": "University of Toronto",
                        "city": "Toronto",
                        "city_id": 6167865,
                        "country": "Canada",
                        "country_code": "CA",
                        "state": "Ontario",
                        "state_code": "CA-ON"
                    },
                    {
                        "id": "grid.231844.8",
                        "name": "University Health Network",
                        "city": "Toronto",
                        "city_id": 6167865,
                        "country": "Canada",
                        "country_code": "CA",
                        "state": "Ontario",
                        "state_code": "CA-ON"
                    }
                ]
            },
            {
                "first_name": "Alexander",
                "last_name": "Watts",
                "initials": "",
                "corresponding": "",
                "orcid": "",
                "current_organization_id": "grid.415502.7",
                "researcher_id": "ur.01120464207.01",
                "affiliations": [
                    {
                        "id": "grid.415502.7",
                        "name": "St. Michael's Hospital",
                        "city": "Toronto",
                        "city_id": 6167865,
                        "country": "Canada",
                        "country_code": "CA",
                        "state": "Ontario",
                        "state_code": "CA-ON"
                    },
                    {
                        "name": "BlueDot, Toronto, Canada"
                    }
                ]
            },
            {
                "first_name": "Andrea",
                "last_name": "Thomas-Bachli",
                "initials": "",
                "corresponding": "",
                "orcid": "['0000-0003-0831-842X']",
                "current_organization_id": "grid.415502.7",
                "researcher_id": "ur.0771652443.41",
                "affiliations": [
                    {
                        "id": "grid.415502.7",
                        "name": "St. Michael's Hospital",
                        "city": "Toronto",
                        "city_id": 6167865,
                        "country": "Canada",
                        "country_code": "CA",
                        "state": "Ontario",
                        "state_code": "CA-ON"
                    },
                    {
                        "name": "BlueDot, Toronto, Canada"
                    }
                ]
            },
            {
                "first_name": "Carmen",
                "last_name": "Huber",
                "initials": "",
                "corresponding": "",
                "orcid": "",
                "current_organization_id": "grid.415502.7",
                "researcher_id": "ur.012024063620.00",
                "affiliations": [
                    {
                        "id": "grid.415502.7",
                        "name": "St. Michael's Hospital",
                        "city": "Toronto",
                        "city_id": 6167865,
                        "country": "Canada",
                        "country_code": "CA",
                        "state": "Ontario",
                        "state_code": "CA-ON"
                    },
                    {
                        "name": "BlueDot, Toronto, Canada"
                    }
                ]
            },
            {
                "first_name": "Moritz U G",
                "last_name": "Kraemer",
                "initials": "",
                "corresponding": "",
                "orcid": "",
                "current_organization_id": "grid.4991.5",
                "researcher_id": "ur.014532552104.23",
                "affiliations": [
                    {
                        "id": "grid.4991.5",
                        "name": "University of Oxford",
                        "city": "Oxford",
                        "city_id": 2640729,
                        "country": "United Kingdom",
                        "country_code": "GB",
                        "state": null,
                        "state_code": null
                    },
                    {
                        "id": "grid.8991.9",
                        "name": "London School of Hygiene & Tropical Medicine",
                        "city": "London",
                        "city_id": 2643743,
                        "country": "United Kingdom",
                        "country_code": "GB",
                        "state": null,
                        "state_code": null
                    }
                ]
            },
            {
                "first_name": "Kamran",
                "last_name": "Khan",
                "initials": "",
                "corresponding": "",
                "orcid": "",
                "current_organization_id": "grid.17063.33",
                "researcher_id": "ur.0667617574.23",
                "affiliations": [
                    {
                        "id": "grid.17063.33",
                        "name": "University of Toronto",
                        "city": "Toronto",
                        "city_id": 6167865,
                        "country": "Canada",
                        "country_code": "CA",
                        "state": "Ontario",
                        "state_code": "CA-ON"
                    },
                    {
                        "id": "grid.415502.7",
                        "name": "St. Michael's Hospital",
                        "city": "Toronto",
                        "city_id": 6167865,
                        "country": "Canada",
                        "country_code": "CA",
                        "state": "Ontario",
                        "state_code": "CA-ON"
                    },
                    {
                        "name": "BlueDot, Toronto, Canada"
                    }
                ]
            }
        ]
    ],
    "type": "article"
}