{
    "research_orgs": [
        {
            "id": "grid.416738.f",
            "linkout": [
                "http://www.cdc.gov/"
            ],
            "city_name": "Atlanta",
            "longitude": -84.3256,
            "acronym": "CDC",
            "state_name": "Georgia",
            "latitude": 33.798817,
            "name": "Centers for Disease Control and Prevention",
            "types": [
                "Government"
            ],
            "country_name": "United States"
        }
    ],
    "research_org_country_names": [
        "United States"
    ],
    "title": "Isolation and characterization of SARS-CoV-2 from the first US COVID-19 patient",
    "type": "preprint",
    "year": 2020,
    "journal": {
        "id": "jour.1293558",
        "title": "bioRxiv"
    },
    "researchers": [
        {
            "id": "ur.0730465355.70",
            "research_orgs": [
                "grid.419260.8",
                "grid.21925.3d",
                "grid.419261.9",
                "grid.4391.f",
                "grid.416738.f"
            ],
            "first_name": "Azaibi",
            "last_name": "Tamin"
        },
        {
            "id": "ur.01044664404.57",
            "research_orgs": [
                "grid.419260.8",
                "grid.475048.a",
                "grid.416738.f"
            ],
            "first_name": "Shifaq",
            "last_name": "Kamili"
        },
        {
            "id": "ur.01315157643.33",
            "research_orgs": [
                "grid.419260.8",
                "grid.416738.f",
                "grid.410547.3",
                "grid.411417.6"
            ],
            "first_name": "Krista J",
            "last_name": "Queen"
        },
        {
            "id": "ur.01277161151.16",
            "research_orgs": [
                "grid.36425.36",
                "grid.416738.f",
                "grid.410547.3",
                "grid.419260.8",
                "grid.189967.8"
            ],
            "first_name": "Clinton R",
            "last_name": "Paden",
            "orcid_id": [
                "0000-0001-8701-8948"
            ]
        },
        {
            "id": "ur.01334745237.98",
            "research_orgs": [
                "grid.475048.a",
                "grid.419260.8",
                "grid.416738.f"
            ],
            "first_name": "Rashi",
            "last_name": "Gautam"
        },
        {
            "id": "ur.01022433135.59",
            "research_orgs": [
                "grid.239835.6",
                "grid.176731.5"
            ],
            "first_name": "Craig",
            "last_name": "Schindewolf",
            "orcid_id": [
                "0000-0002-9804-2246"
            ]
        },
        {
            "id": "ur.01140636210.11",
            "research_orgs": [
                "grid.39158.36",
                "grid.176731.5"
            ],
            "first_name": "Kumari G",
            "last_name": "Lokugamage"
        },
        {
            "id": "ur.01007754042.26",
            "research_orgs": [
                "grid.53857.3c"
            ],
            "first_name": "Dionna",
            "last_name": "Scharton"
        },
        {
            "id": "ur.015520621217.71",
            "research_orgs": [
                "grid.176731.5"
            ],
            "first_name": "Divya",
            "last_name": "Mirchandani"
        },
        {
            "id": "ur.0727465612.84",
            "research_orgs": [
                "grid.176731.5",
                "grid.10698.36",
                "grid.410711.2"
            ],
            "first_name": "Kenneth Steven",
            "last_name": "Plante"
        },
        {
            "id": "ur.014460173337.17",
            "research_orgs": [
                "grid.5515.4",
                "grid.265436.0",
                "grid.415751.3",
                "grid.47100.32",
                "grid.418508.0",
                "grid.4367.6",
                "grid.419226.a",
                "grid.418158.1",
                "grid.164295.d",
                "grid.415895.4",
                "grid.32224.35",
                "grid.5386.8",
                "grid.475149.a",
                "grid.21729.3f",
                "grid.463419.d",
                "grid.262285.9",
                "grid.24805.3b",
                "grid.261323.7",
                "grid.251993.5",
                "grid.27755.32",
                "grid.176731.5",
                "grid.67105.35",
                "grid.55460.32",
                "grid.209665.e",
                "grid.266100.3",
                "grid.239395.7",
                "grid.418243.8",
                "grid.411455.0",
                "grid.10025.36",
                "grid.29857.31",
                "grid.415771.1",
                "grid.419261.9"
            ],
            "first_name": "Scott C",
            "last_name": "Weaver",
            "orcid_id": [
                "0000-0001-8016-8556"
            ]
        },
        {
            "id": "ur.01361106063.43",
            "research_orgs": [
                "grid.176731.5",
                "grid.4367.6",
                "grid.410711.2",
                "grid.55460.32",
                "grid.10698.36"
            ],
            "first_name": "Vineet D",
            "last_name": "Menachery",
            "orcid_id": [
                "0000-0001-8803-7606"
            ]
        },
        {
            "id": "ur.0606700201.50",
            "research_orgs": [
                "grid.412807.8",
                "grid.152326.1",
                "grid.419260.8",
                "grid.416738.f",
                "grid.189967.8",
                "grid.10698.36"
            ],
            "first_name": "Natalie J",
            "last_name": "Thornburg",
            "orcid_id": [
                "0000-0003-3523-3616"
            ]
        }
    ],
    "FOR": [
        {
            "id": "3114",
            "name": "1108 Medical Microbiology"
        }
    ],
    "research_org_countries": [
        {
            "id": "US",
            "name": "United States"
        }
    ],
    "date": "2020-03-03",
    "altmetric": 68.0,
    "research_org_state_names": [
        "Texas",
        "Georgia"
    ],
    "id": "pub.1125338749",
    "research_org_state_codes": [
        {
            "id": "US-GA",
            "name": "Georgia"
        }
    ],
    "research_org_cities": [
        {
            "id": 4692883,
            "name": "Galveston"
        },
        {
            "id": 4180439,
            "name": "Atlanta"
        }
    ],
    "open_access": [
        "Open Access - all",
        "Open Access - publisher",
        "Open Access - published"
    ],
    "author_affiliations": [
        [
            {
                "first_name": "Jennifer",
                "last_name": "Harcourt",
                "initials": "",
                "corresponding": "",
                "orcid": "",
                "current_organization_id": "",
                "researcher_id": "",
                "affiliations": [
                    {
                        "id": "grid.416738.f",
                        "name": "Centers for Disease Control and Prevention",
                        "city": "Atlanta",
                        "city_id": 4180439,
                        "country": "United States",
                        "country_code": "US",
                        "state": "Georgia",
                        "state_code": "US-GA"
                    }
                ]
            },
            {
                "first_name": "Azaibi",
                "last_name": "Tamin",
                "initials": "",
                "corresponding": "",
                "orcid": "",
                "current_organization_id": "grid.419260.8",
                "researcher_id": "ur.0730465355.70",
                "affiliations": [
                    {
                        "id": "grid.416738.f",
                        "name": "Centers for Disease Control and Prevention",
                        "city": "Atlanta",
                        "city_id": 4180439,
                        "country": "United States",
                        "country_code": "US",
                        "state": "Georgia",
                        "state_code": "US-GA"
                    }
                ]
            },
            {
                "first_name": "Xiaoyan",
                "last_name": "Lu",
                "initials": "",
                "corresponding": "",
                "orcid": "",
                "current_organization_id": "",
                "researcher_id": "",
                "affiliations": [
                    {
                        "id": "grid.416738.f",
                        "name": "Centers for Disease Control and Prevention",
                        "city": "Atlanta",
                        "city_id": 4180439,
                        "country": "United States",
                        "country_code": "US",
                        "state": "Georgia",
                        "state_code": "US-GA"
                    }
                ]
            },
            {
                "first_name": "Shifaq",
                "last_name": "Kamili",
                "initials": "",
                "corresponding": "",
                "orcid": "",
                "current_organization_id": "grid.416738.f",
                "researcher_id": "ur.01044664404.57",
                "affiliations": [
                    {
                        "name": "Eagle Contracting"
                    }
                ]
            },
            {
                "first_name": "Senthil Kumar.",
                "last_name": "Sakthivel",
                "initials": "",
                "corresponding": "",
                "orcid": "",
                "current_organization_id": "",
                "researcher_id": "",
                "affiliations": [
                    {
                        "name": "Eagle Contracting"
                    }
                ]
            },
            {
                "first_name": "Janna",
                "last_name": "Murray",
                "initials": "",
                "corresponding": "",
                "orcid": "",
                "current_organization_id": "",
                "researcher_id": "",
                "affiliations": [
                    {
                        "name": "Eagle Contracting"
                    }
                ]
            },
            {
                "first_name": "Krista",
                "last_name": "Queen",
                "initials": "",
                "corresponding": "",
                "orcid": "",
                "current_organization_id": "grid.416738.f",
                "researcher_id": "ur.01315157643.33",
                "affiliations": [
                    {
                        "id": "grid.416738.f",
                        "name": "Centers for Disease Control and Prevention",
                        "city": "Atlanta",
                        "city_id": 4180439,
                        "country": "United States",
                        "country_code": "US",
                        "state": "Georgia",
                        "state_code": "US-GA"
                    }
                ]
            },
            {
                "first_name": "Ying",
                "last_name": "Tao",
                "initials": "",
                "corresponding": "",
                "orcid": "",
                "current_organization_id": "",
                "researcher_id": "",
                "affiliations": [
                    {
                        "id": "grid.416738.f",
                        "name": "Centers for Disease Control and Prevention",
                        "city": "Atlanta",
                        "city_id": 4180439,
                        "country": "United States",
                        "country_code": "US",
                        "state": "Georgia",
                        "state_code": "US-GA"
                    }
                ]
            },
            {
                "first_name": "Clinton R.",
                "last_name": "Paden",
                "initials": "",
                "corresponding": "",
                "orcid": "['0000-0001-8701-8948']",
                "current_organization_id": "grid.419260.8",
                "researcher_id": "ur.01277161151.16",
                "affiliations": [
                    {
                        "id": "grid.416738.f",
                        "name": "Centers for Disease Control and Prevention",
                        "city": "Atlanta",
                        "city_id": 4180439,
                        "country": "United States",
                        "country_code": "US",
                        "state": "Georgia",
                        "state_code": "US-GA"
                    }
                ]
            },
            {
                "first_name": "Jing",
                "last_name": "Zhang",
                "initials": "",
                "corresponding": "",
                "orcid": "",
                "current_organization_id": "",
                "researcher_id": "",
                "affiliations": [
                    {
                        "name": "IHRC"
                    }
                ]
            },
            {
                "first_name": "Yan",
                "last_name": "Li",
                "initials": "",
                "corresponding": "",
                "orcid": "",
                "current_organization_id": "",
                "researcher_id": "",
                "affiliations": [
                    {
                        "id": "grid.416738.f",
                        "name": "Centers for Disease Control and Prevention",
                        "city": "Atlanta",
                        "city_id": 4180439,
                        "country": "United States",
                        "country_code": "US",
                        "state": "Georgia",
                        "state_code": "US-GA"
                    }
                ]
            },
            {
                "first_name": "Anna",
                "last_name": "Uehara",
                "initials": "",
                "corresponding": "",
                "orcid": "",
                "current_organization_id": "",
                "researcher_id": "",
                "affiliations": [
                    {
                        "name": "ORISE"
                    }
                ]
            },
            {
                "first_name": "Haibin",
                "last_name": "Wang",
                "initials": "",
                "corresponding": "",
                "orcid": "",
                "current_organization_id": "",
                "researcher_id": "",
                "affiliations": [
                    {
                        "name": "IHRC"
                    }
                ]
            },
            {
                "first_name": "Cynthia",
                "last_name": "Goldsmith",
                "initials": "",
                "corresponding": "",
                "orcid": "",
                "current_organization_id": "",
                "researcher_id": "",
                "affiliations": [
                    {
                        "id": "grid.416738.f",
                        "name": "Centers for Disease Control and Prevention",
                        "city": "Atlanta",
                        "city_id": 4180439,
                        "country": "United States",
                        "country_code": "US",
                        "state": "Georgia",
                        "state_code": "US-GA"
                    }
                ]
            },
            {
                "first_name": "Hannah A.",
                "last_name": "Bullock",
                "initials": "",
                "corresponding": "",
                "orcid": "",
                "current_organization_id": "",
                "researcher_id": "",
                "affiliations": [
                    {
                        "name": "Synergy America, Inc"
                    }
                ]
            },
            {
                "first_name": "Lijuan",
                "last_name": "Wang",
                "initials": "",
                "corresponding": "",
                "orcid": "",
                "current_organization_id": "",
                "researcher_id": "",
                "affiliations": [
                    {
                        "name": "Synergy America, Inc"
                    }
                ]
            },
            {
                "first_name": "Brett",
                "last_name": "Whitaker",
                "initials": "",
                "corresponding": "",
                "orcid": "",
                "current_organization_id": "",
                "researcher_id": "",
                "affiliations": [
                    {
                        "id": "grid.416738.f",
                        "name": "Centers for Disease Control and Prevention",
                        "city": "Atlanta",
                        "city_id": 4180439,
                        "country": "United States",
                        "country_code": "US",
                        "state": "Georgia",
                        "state_code": "US-GA"
                    }
                ]
            },
            {
                "first_name": "Brian",
                "last_name": "Lynch",
                "initials": "",
                "corresponding": "",
                "orcid": "",
                "current_organization_id": "",
                "researcher_id": "",
                "affiliations": [
                    {
                        "name": "Eagle Contracting"
                    }
                ]
            },
            {
                "first_name": "Rashi",
                "last_name": "Gautam",
                "initials": "",
                "corresponding": "",
                "orcid": "",
                "current_organization_id": "grid.416738.f",
                "researcher_id": "ur.01334745237.98",
                "affiliations": [
                    {
                        "id": "grid.416738.f",
                        "name": "Centers for Disease Control and Prevention",
                        "city": "Atlanta",
                        "city_id": 4180439,
                        "country": "United States",
                        "country_code": "US",
                        "state": "Georgia",
                        "state_code": "US-GA"
                    }
                ]
            },
            {
                "first_name": "Craig",
                "last_name": "Schindewolf",
                "initials": "",
                "corresponding": "",
                "orcid": "['0000-0002-9804-2246']",
                "current_organization_id": "grid.176731.5",
                "researcher_id": "ur.01022433135.59",
                "affiliations": [
                    {
                        "name": "Department of Microbiology and Immunology, University of Texas Medical Branch"
                    }
                ]
            },
            {
                "first_name": "Kumari G.",
                "last_name": "Lokugamage",
                "initials": "",
                "corresponding": "",
                "orcid": "",
                "current_organization_id": "grid.176731.5",
                "researcher_id": "ur.01140636210.11",
                "affiliations": [
                    {
                        "name": "Department of Microbiology and Immunology, University of Texas Medical Branch"
                    }
                ]
            },
            {
                "first_name": "Dionna",
                "last_name": "Scharton",
                "initials": "",
                "corresponding": "",
                "orcid": "",
                "current_organization_id": "grid.53857.3c",
                "researcher_id": "ur.01007754042.26",
                "affiliations": [
                    {
                        "name": "World Reference Center for Emerging Viruses and Arboviruses, University of Texas Medical Branch"
                    }
                ]
            },
            {
                "first_name": "Jessica A.",
                "last_name": "Plante",
                "initials": "",
                "corresponding": "",
                "orcid": "",
                "current_organization_id": "",
                "researcher_id": "",
                "affiliations": [
                    {
                        "name": "World Reference Center for Emerging Viruses and Arboviruses, University of Texas Medical Branch"
                    }
                ]
            },
            {
                "first_name": "Divya",
                "last_name": "Mirchandani",
                "initials": "",
                "corresponding": "",
                "orcid": "",
                "current_organization_id": "grid.176731.5",
                "researcher_id": "ur.015520621217.71",
                "affiliations": [
                    {
                        "name": "Department of Microbiology and Immunology, University of Texas Medical Branch"
                    }
                ]
            },
            {
                "first_name": "Steven G.",
                "last_name": "Widen",
                "initials": "",
                "corresponding": "",
                "orcid": "",
                "current_organization_id": "",
                "researcher_id": "",
                "affiliations": [
                    {
                        "name": "Department of Biochemistry & Molecular Biology, University of Texas Medical Branch"
                    }
                ]
            },
            {
                "first_name": "Krishna",
                "last_name": "Narayanan",
                "initials": "",
                "corresponding": "",
                "orcid": "",
                "current_organization_id": "",
                "researcher_id": "",
                "affiliations": [
                    {
                        "name": "Department of Microbiology and Immunology, University of Texas Medical Branch"
                    }
                ]
            },
            {
                "first_name": "Shinji",
                "last_name": "Makino",
                "initials": "",
                "corresponding": "",
                "orcid": "",
                "current_organization_id": "",
                "researcher_id": "",
                "affiliations": [
                    {
                        "name": "Department of Microbiology and Immunology, University of Texas Medical Branch"
                    }
                ]
            },
            {
                "first_name": "Thomas G.",
                "last_name": "Ksiazek",
                "initials": "",
                "corresponding": "",
                "orcid": "",
                "current_organization_id": "",
                "researcher_id": "",
                "affiliations": [
                    {
                        "name": "World Reference Center for Emerging Viruses and Arboviruses, University of Texas Medical Branch"
                    },
                    {
                        "name": "Department of Pathology, Institute for Human Infection and Immunity, University of Texas Medical Branch"
                    }
                ]
            },
            {
                "first_name": "Kenneth S.",
                "last_name": "Plante",
                "initials": "",
                "corresponding": "",
                "orcid": "",
                "current_organization_id": "grid.176731.5",
                "researcher_id": "ur.0727465612.84",
                "affiliations": [
                    {
                        "name": "World Reference Center for Emerging Viruses and Arboviruses, University of Texas Medical Branch"
                    }
                ]
            },
            {
                "first_name": "Scott C.",
                "last_name": "Weaver",
                "initials": "",
                "corresponding": "",
                "orcid": "['0000-0001-8016-8556']",
                "current_organization_id": "grid.176731.5",
                "researcher_id": "ur.014460173337.17",
                "affiliations": [
                    {
                        "name": "Department of Microbiology and Immunology, University of Texas Medical Branch"
                    },
                    {
                        "name": "World Reference Center for Emerging Viruses and Arboviruses, University of Texas Medical Branch"
                    },
                    {
                        "name": "Department of Pathology, Institute for Human Infection and Immunity, University of Texas Medical Branch"
                    }
                ]
            },
            {
                "first_name": "Stephen",
                "last_name": "Lindstrom",
                "initials": "",
                "corresponding": "",
                "orcid": "",
                "current_organization_id": "",
                "researcher_id": "",
                "affiliations": [
                    {
                        "id": "grid.416738.f",
                        "name": "Centers for Disease Control and Prevention",
                        "city": "Atlanta",
                        "city_id": 4180439,
                        "country": "United States",
                        "country_code": "US",
                        "state": "Georgia",
                        "state_code": "US-GA"
                    }
                ]
            },
            {
                "first_name": "Suxiang",
                "last_name": "Tong",
                "initials": "",
                "corresponding": "",
                "orcid": "",
                "current_organization_id": "",
                "researcher_id": "",
                "affiliations": [
                    {
                        "id": "grid.416738.f",
                        "name": "Centers for Disease Control and Prevention",
                        "city": "Atlanta",
                        "city_id": 4180439,
                        "country": "United States",
                        "country_code": "US",
                        "state": "Georgia",
                        "state_code": "US-GA"
                    }
                ]
            },
            {
                "first_name": "Vineet D.",
                "last_name": "Menachery",
                "initials": "",
                "corresponding": "",
                "orcid": "['0000-0001-8803-7606']",
                "current_organization_id": "grid.176731.5",
                "researcher_id": "ur.01361106063.43",
                "affiliations": [
                    {
                        "name": "World Reference Center for Emerging Viruses and Arboviruses, University of Texas Medical Branch"
                    },
                    {
                        "name": "Department of Pathology, Institute for Human Infection and Immunity, University of Texas Medical Branch"
                    }
                ]
            },
            {
                "first_name": "Natalie J.",
                "last_name": "Thornburg",
                "initials": "",
                "corresponding": "",
                "orcid": "['0000-0003-3523-3616']",
                "current_organization_id": "grid.419260.8",
                "researcher_id": "ur.0606700201.50",
                "affiliations": [
                    {
                        "id": "grid.416738.f",
                        "name": "Centers for Disease Control and Prevention",
                        "city": "Atlanta",
                        "city_id": 4180439,
                        "country": "United States",
                        "country_code": "US",
                        "state": "Georgia",
                        "state_code": "US-GA"
                    }
                ]
            }
        ]
    ],
    "doi": "10.1101/2020.03.02.972935",
    "times_cited": 1,
    "references": [
        "pub.1124427336",
        "pub.1124367686",
        "pub.1049756862",
        "pub.1022186046",
        "pub.1038266369",
        "pub.1124775726",
        "pub.1124289146",
        "pub.1031044412",
        "pub.1124461627",
        "pub.1124432156",
        "pub.1019307928",
        "pub.1011160377",
        "pub.1024931077",
        "pub.1003665095",
        "pub.1124408081",
        "pub.1006009579",
        "pub.1124295864",
        "pub.1011861869",
        "pub.1077140916",
        "pub.1013635950",
        "pub.1042720804",
        "pub.1011404279",
        "pub.1025668909",
        "pub.1040468747"
    ]
}