{
    "pmid": "32064853",
    "altmetric": 316.0,
    "FOR": [
        {
            "id": "3177",
            "name": "1117 Public Health and Health Services"
        }
    ],
    "title": "[The epidemiological characteristics of an outbreak of 2019 novel coronavirus diseases (COVID-19) in China].",
    "pages": "145-151",
    "issue": "2",
    "doi": "10.3760/cma.j.issn.0254-6450.2020.02.003",
    "times_cited": 31,
    "journal": {
        "id": "jour.1313662",
        "title": "Chinese Journal of Epidemiology"
    },
    "funders": [
        {
            "id": "grid.419696.5",
            "name": "National Natural Science Foundation of China",
            "linkout": [
                "http://www.nsfc.gov.cn/publish/portal1/"
            ],
            "country_name": "China",
            "types": [
                "Government"
            ],
            "latitude": 40.005177,
            "acronym": "NSFC",
            "city_name": "Beijing",
            "longitude": 116.33983
        }
    ],
    "year": 2020,
    "id": "pub.1124915310",
    "date": "2020-02-17",
    "type": "article",
    "volume": "41"
}