{
    "author_affiliations": [
        [
            {
                "first_name": "Yulong",
                "last_name": "Shi",
                "initials": "",
                "corresponding": "",
                "orcid": "",
                "current_organization_id": "",
                "researcher_id": "ur.014755301775.74",
                "affiliations": []
            },
            {
                "first_name": "Xinben",
                "last_name": "Zhang",
                "initials": "",
                "corresponding": "",
                "orcid": "",
                "current_organization_id": "",
                "researcher_id": "ur.011306245775.81",
                "affiliations": []
            },
            {
                "first_name": "Kaijie",
                "last_name": "Mu",
                "initials": "",
                "corresponding": "",
                "orcid": "",
                "current_organization_id": "",
                "researcher_id": "ur.012747322175.96",
                "affiliations": []
            },
            {
                "first_name": "Cheng",
                "last_name": "Peng",
                "initials": "",
                "corresponding": "",
                "orcid": "",
                "current_organization_id": "",
                "researcher_id": "ur.016532604575.20",
                "affiliations": []
            },
            {
                "first_name": "Zhengdan",
                "last_name": "Zhu",
                "initials": "",
                "corresponding": "",
                "orcid": "",
                "current_organization_id": "",
                "researcher_id": "ur.016117565775.27",
                "affiliations": []
            },
            {
                "first_name": "Xiaoyu",
                "last_name": "Wang",
                "initials": "",
                "corresponding": "",
                "orcid": "",
                "current_organization_id": "",
                "researcher_id": "ur.013775706455.94",
                "affiliations": []
            },
            {
                "first_name": "Yanqing",
                "last_name": "Yang",
                "initials": "",
                "corresponding": "",
                "orcid": "",
                "current_organization_id": "",
                "researcher_id": "ur.015436762655.10",
                "affiliations": []
            },
            {
                "first_name": "Zhijian",
                "last_name": "Xu",
                "initials": "",
                "corresponding": "",
                "orcid": "",
                "current_organization_id": "",
                "researcher_id": "ur.010625442655.82",
                "affiliations": []
            },
            {
                "first_name": "weiliang",
                "last_name": "zhu",
                "initials": "",
                "corresponding": "",
                "orcid": "",
                "current_organization_id": "",
                "researcher_id": "ur.016052001455.61",
                "affiliations": []
            }
        ]
    ],
    "altmetric": 2.0,
    "FOR": [
        {
            "id": "3114",
            "name": "1108 Medical Microbiology"
        }
    ],
    "title": "D3Targets-2019-nCoV: A Web Server to Identify Potential Targets for Antivirals Against 2019-nCoV",
    "open_access": [
        "Open Access - all",
        "Open Access - publisher",
        "Open Access - published"
    ],
    "doi": "10.26434/chemrxiv.11831163",
    "times_cited": 0,
    "journal": {
        "id": "jour.1315496",
        "title": "ChemRxiv"
    },
    "year": 2020,
    "id": "pub.1124822340",
    "date": "2020-02-11",
    "researchers": [
        {
            "id": "ur.014755301775.74",
            "last_name": "Shi",
            "first_name": "Yulong"
        },
        {
            "id": "ur.011306245775.81",
            "last_name": "Zhang",
            "first_name": "Xinben"
        },
        {
            "id": "ur.012747322175.96",
            "last_name": "Mu",
            "first_name": "Kaijie"
        },
        {
            "id": "ur.016532604575.20",
            "last_name": "Peng",
            "first_name": "Cheng"
        },
        {
            "id": "ur.016117565775.27",
            "last_name": "Zhu",
            "first_name": "Zhengdan"
        },
        {
            "id": "ur.013775706455.94",
            "last_name": "Wang",
            "first_name": "Xiaoyu"
        },
        {
            "id": "ur.015436762655.10",
            "last_name": "Yang",
            "first_name": "Yanqing"
        },
        {
            "id": "ur.010625442655.82",
            "last_name": "Xu",
            "first_name": "Zhijian"
        },
        {
            "id": "ur.016052001455.61",
            "last_name": "Zhu",
            "first_name": "Weiliang"
        }
    ],
    "type": "preprint"
}