{
    "date": "2020-03-08",
    "title": "Exploring diseases/traits and blood proteins causally related to expression of ACE2, the putative receptor of 2019-nCov: A Mendelian Randomization analysis",
    "researchers": [
        {
            "id": "ur.0661411451.35",
            "last_name": "Rao",
            "first_name": "Shi-Tao",
            "orcid_id": [
                "0000-0002-3604-4684"
            ],
            "research_orgs": [
                "grid.10784.3a",
                "grid.12955.3a"
            ]
        },
        {
            "id": "ur.015030645500.74",
            "last_name": "Lau",
            "first_name": "Alexandria Li-Ching",
            "research_orgs": [
                "grid.10784.3a"
            ]
        },
        {
            "id": "ur.01263714121.63",
            "last_name": "So",
            "first_name": "Hon-Cheong",
            "orcid_id": [
                "0000-0002-7102-833X"
            ],
            "research_orgs": [
                "grid.10784.3a",
                "grid.194645.b",
                "grid.415550.0",
                "grid.419010.d"
            ]
        }
    ],
    "altmetric": 3.0,
    "pages": "2020.03.04.20031237",
    "research_org_cities": [
        {
            "id": 1818920,
            "name": "Sha Tin"
        }
    ],
    "open_access": [
        "Open Access - all",
        "Open Access - publisher",
        "Open Access - published"
    ],
    "research_org_countries": [
        {
            "id": "CN",
            "name": "China"
        }
    ],
    "doi": "10.1101/2020.03.04.20031237",
    "FOR": [
        {
            "id": "3048",
            "name": "1102 Cardiorespiratory Medicine and Haematology"
        }
    ],
    "research_orgs": [
        {
            "id": "grid.10784.3a",
            "acronym": "CUHK",
            "state_name": "Hong Kong",
            "types": [
                "Education"
            ],
            "longitude": 114.206795,
            "linkout": [
                "http://www.cuhk.edu.hk/english/index.html"
            ],
            "latitude": 22.419722,
            "name": "Chinese University of Hong Kong",
            "city_name": "Shatin",
            "country_name": "China"
        }
    ],
    "times_cited": 0,
    "research_org_country_names": [
        "China"
    ],
    "id": "pub.1125488563",
    "journal": {
        "id": "jour.1369542",
        "title": "medRxiv"
    },
    "year": 2020,
    "references": [
        "pub.1124289146",
        "pub.1124290823",
        "pub.1124872058",
        "pub.1125136779",
        "pub.1124915310",
        "pub.1124408081",
        "pub.1124291867",
        "pub.1124428749",
        "pub.1053886784"
    ],
    "author_affiliations": [
        [
            {
                "first_name": "Shitao",
                "last_name": "Rao",
                "initials": "",
                "corresponding": "",
                "orcid": "['0000-0002-3604-4684']",
                "current_organization_id": "grid.10784.3a",
                "researcher_id": "ur.0661411451.35",
                "affiliations": [
                    {
                        "id": "grid.10784.3a",
                        "name": "Chinese University of Hong Kong",
                        "city": "Shatin",
                        "city_id": 1818920,
                        "country": "China",
                        "country_code": "CN",
                        "state": null,
                        "state_code": null
                    }
                ]
            },
            {
                "first_name": "Alexandria",
                "last_name": "Lau",
                "initials": "",
                "corresponding": "",
                "orcid": "",
                "current_organization_id": "grid.10784.3a",
                "researcher_id": "ur.015030645500.74",
                "affiliations": [
                    {
                        "id": "grid.10784.3a",
                        "name": "Chinese University of Hong Kong",
                        "city": "Shatin",
                        "city_id": 1818920,
                        "country": "China",
                        "country_code": "CN",
                        "state": null,
                        "state_code": null
                    }
                ]
            },
            {
                "first_name": "Hon-Cheong",
                "last_name": "So",
                "initials": "",
                "corresponding": "",
                "orcid": "['0000-0002-7102-833X']",
                "current_organization_id": "grid.10784.3a",
                "researcher_id": "ur.01263714121.63",
                "affiliations": [
                    {
                        "id": "grid.10784.3a",
                        "name": "Chinese University of Hong Kong",
                        "city": "Shatin",
                        "city_id": 1818920,
                        "country": "China",
                        "country_code": "CN",
                        "state": null,
                        "state_code": null
                    }
                ]
            }
        ]
    ],
    "type": "article"
}