{
    "pmid": "31359146",
    "author_affiliations": [
        [
            {
                "first_name": "Xiaomin",
                "last_name": "Zhou",
                "initials": "",
                "corresponding": "",
                "orcid": "",
                "current_organization_id": "",
                "researcher_id": "",
                "affiliations": [
                    {
                        "name": "Department of Cardiology, Guangdong Cardiovascular Institute, Guangdong Provincial People\u2019s Hospital, Guangdong Academy of Medical Sciences, Guangzhou, China"
                    },
                    {
                        "id": "grid.284723.8",
                        "name": "Southern Medical University",
                        "city": "Guangzhou",
                        "city_id": 1809858,
                        "country": "China",
                        "country_code": "CN",
                        "state": null,
                        "state_code": null
                    }
                ]
            },
            {
                "first_name": "Ping",
                "last_name": "Zhang",
                "initials": "",
                "corresponding": "",
                "orcid": "",
                "current_organization_id": "",
                "researcher_id": "",
                "affiliations": [
                    {
                        "name": "Department of Cardiology, Guangdong Cardiovascular Institute, Guangdong Provincial People\u2019s Hospital, Guangdong Academy of Medical Sciences, Guangzhou, China"
                    },
                    {
                        "id": "grid.284723.8",
                        "name": "Southern Medical University",
                        "city": "Guangzhou",
                        "city_id": 1809858,
                        "country": "China",
                        "country_code": "CN",
                        "state": null,
                        "state_code": null
                    }
                ]
            },
            {
                "first_name": "Tao",
                "last_name": "Liang",
                "initials": "",
                "corresponding": "",
                "orcid": "",
                "current_organization_id": "",
                "researcher_id": "",
                "affiliations": [
                    {
                        "name": "Department of Cardiology, Guangdong Cardiovascular Institute, Guangdong Provincial People\u2019s Hospital, Guangdong Academy of Medical Sciences, Guangzhou, China"
                    }
                ]
            },
            {
                "first_name": "Yongyue",
                "last_name": "Chen",
                "initials": "",
                "corresponding": "",
                "orcid": "",
                "current_organization_id": "",
                "researcher_id": "",
                "affiliations": [
                    {
                        "name": "Department of Cardiology, Guangdong Cardiovascular Institute, Guangdong Provincial People\u2019s Hospital, Guangdong Academy of Medical Sciences, Guangzhou, China"
                    },
                    {
                        "name": "Department of Cardiology, Shantou Central Hospital and Affiliated Shantou Hospital of SunYat-Sen University, Shantou, China"
                    }
                ]
            },
            {
                "first_name": "Dan",
                "last_name": "Liu",
                "initials": "",
                "corresponding": "",
                "orcid": "",
                "current_organization_id": "",
                "researcher_id": "",
                "affiliations": [
                    {
                        "name": "Department of Cardiology, Guangdong Cardiovascular Institute, Guangdong Provincial People\u2019s Hospital, Guangdong Academy of Medical Sciences, Guangzhou, China"
                    },
                    {
                        "name": "Department of Cardiology, Hospital of Panyu District, Guangzhou, China"
                    }
                ]
            },
            {
                "first_name": "Huimin",
                "last_name": "Yu",
                "initials": "",
                "corresponding": true,
                "orcid": "",
                "current_organization_id": "",
                "researcher_id": "",
                "affiliations": [
                    {
                        "name": "Department of Cardiology, Guangdong Cardiovascular Institute, Guangdong Provincial People\u2019s Hospital, Guangdong Academy of Medical Sciences, Guangzhou, China"
                    },
                    {
                        "id": "grid.284723.8",
                        "name": "Southern Medical University",
                        "city": "Guangzhou",
                        "city_id": 1809858,
                        "country": "China",
                        "country_code": "CN",
                        "state": null,
                        "state_code": null
                    },
                    {
                        "name": "Department of Cardiology, Guangdong General Hospital\u2019s Nanhai Hospital, Foshan, China"
                    }
                ]
            }
        ]
    ],
    "FOR": [
        {
            "id": "3048",
            "name": "1102 Cardiorespiratory Medicine and Haematology"
        }
    ],
    "research_org_countries": [
        {
            "id": "CN",
            "name": "China"
        }
    ],
    "title": "Relationship between circulating levels of angiotensin-converting enzyme 2-angiotensin-(1\u20137)-MAS axis and coronary heart disease",
    "research_org_cities": [
        {
            "id": 1809858,
            "name": "Guangzhou"
        },
        {
            "id": 1795940,
            "name": "Shantou"
        },
        {
            "id": 1811103,
            "name": "Foshan"
        }
    ],
    "pages": "153-161",
    "issue": "2",
    "doi": "10.1007/s00380-019-01478-y",
    "times_cited": 0,
    "funders": [
        {
            "id": "grid.419696.5",
            "name": "National Natural Science Foundation of China",
            "linkout": [
                "http://www.nsfc.gov.cn/publish/portal1/"
            ],
            "country_name": "China",
            "types": [
                "Government"
            ],
            "latitude": 40.005177,
            "acronym": "NSFC",
            "city_name": "Beijing",
            "longitude": 116.33983
        }
    ],
    "journal": {
        "id": "jour.1095887",
        "title": "Heart and Vessels"
    },
    "research_orgs": [
        {
            "id": "grid.284723.8",
            "name": "Southern Medical University",
            "linkout": [
                "http://www.fimmu.com/english/"
            ],
            "country_name": "China",
            "types": [
                "Education"
            ],
            "latitude": 23.1862,
            "acronym": "SMU",
            "state_name": "Guangdong",
            "city_name": "Guangzhou",
            "longitude": 113.3337
        }
    ],
    "year": 2020,
    "references": [
        "pub.1035405156",
        "pub.1043532414",
        "pub.1036667957",
        "pub.1015239538",
        "pub.1040958719",
        "pub.1016095728",
        "pub.1038370539",
        "pub.1100055239",
        "pub.1005786021",
        "pub.1050006589",
        "pub.1023306999",
        "pub.1028126379",
        "pub.1042616229",
        "pub.1009141558",
        "pub.1051795334",
        "pub.1038340217",
        "pub.1011675718",
        "pub.1047238237",
        "pub.1022967016",
        "pub.1038339524",
        "pub.1014109440",
        "pub.1030659204",
        "pub.1047947063",
        "pub.1048162222",
        "pub.1007472824",
        "pub.1034969243",
        "pub.1043093777",
        "pub.1012470031",
        "pub.1046496703",
        "pub.1032389072",
        "pub.1028628955",
        "pub.1013250607",
        "pub.1104569067",
        "pub.1056719355",
        "pub.1001618999",
        "pub.1027506213",
        "pub.1016281906",
        "pub.1003117526",
        "pub.1023087379",
        "pub.1010597324",
        "pub.1090256747",
        "pub.1016193899",
        "pub.1024126283",
        "pub.1090390705",
        "pub.1027653084",
        "pub.1032062951",
        "pub.1014980033",
        "pub.1003254410",
        "pub.1023776104",
        "pub.1007412960",
        "pub.1011328474",
        "pub.1012508155",
        "pub.1041102963",
        "pub.1018378555"
    ],
    "id": "pub.1119957386",
    "research_org_country_names": [
        "China"
    ],
    "date": "2020-02-01",
    "type": "article",
    "volume": "35"
}