{
    "date": "2020-02-28",
    "title": "How African migrants in China cope with barriers to health care",
    "researchers": [
        {
            "id": "ur.014130562077.76",
            "last_name": "Bodomo",
            "first_name": "Adams B",
            "orcid_id": [
                "0000-0002-3807-3681"
            ],
            "research_orgs": [
                "grid.10420.37",
                "grid.194645.b",
                "grid.440733.7"
            ]
        },
        {
            "id": "ur.01046046730.93",
            "last_name": "Lin",
            "first_name": "Lavinia",
            "research_orgs": [
                "grid.189967.8",
                "grid.461944.a"
            ]
        },
        {
            "id": "ur.01053315174.76",
            "last_name": "Hall",
            "first_name": "Brian James",
            "orcid_id": [
                "0000-0001-9358-2377"
            ],
            "research_orgs": [
                "grid.259828.c",
                "grid.258518.3",
                "grid.437123.0",
                "grid.262743.6",
                "grid.24696.3f",
                "grid.12981.33",
                "grid.21107.35",
                "grid.240684.c"
            ]
        }
    ],
    "altmetric": 6.0,
    "research_org_cities": [
        {
            "id": 4347778,
            "name": "Baltimore"
        },
        {
            "id": 1790630,
            "name": "Xi\u2019an"
        },
        {
            "id": 2761369,
            "name": "Vienna"
        },
        {
            "id": 1821274,
            "name": "Macau"
        },
        {
            "id": 1880252,
            "name": "Singapore"
        }
    ],
    "open_access": [
        "Open Access - all",
        "Open Access - publisher",
        "Open Access - published"
    ],
    "research_org_countries": [
        {
            "id": "MO",
            "name": "Macao"
        },
        {
            "id": "SG",
            "name": "Singapore"
        },
        {
            "id": "AT",
            "name": "Austria"
        },
        {
            "id": "US",
            "name": "United States"
        },
        {
            "id": "CN",
            "name": "China"
        }
    ],
    "doi": "10.1016/s2468-2667(20)30048-7",
    "times_cited": 0,
    "research_orgs": [
        {
            "id": "grid.4280.e",
            "acronym": "NUS",
            "types": [
                "Education"
            ],
            "longitude": 103.776665,
            "linkout": [
                "http://www.nus.edu.sg/"
            ],
            "latitude": 1.295556,
            "name": "National University of Singapore",
            "city_name": "Singapore",
            "country_name": "Singapore"
        },
        {
            "id": "grid.10420.37",
            "types": [
                "Education"
            ],
            "longitude": 16.359722,
            "linkout": [
                "https://www.univie.ac.at/en/"
            ],
            "latitude": 48.213055,
            "name": "University of Vienna",
            "city_name": "Vienna",
            "country_name": "Austria"
        },
        {
            "id": "grid.440733.7",
            "acronym": "XUAS",
            "types": [
                "Education"
            ],
            "longitude": 108.906715,
            "linkout": [
                "http://english.xawl.org/"
            ],
            "latitude": 34.216328,
            "name": "Xi\u2019an University",
            "city_name": "Xi'an",
            "country_name": "China"
        },
        {
            "id": "grid.437123.0",
            "acronym": "UM",
            "types": [
                "Education"
            ],
            "longitude": 113.54579,
            "linkout": [
                "http://www.umac.mo/"
            ],
            "latitude": 22.13004,
            "name": "University of Macau",
            "city_name": "Macao",
            "country_name": "Macao"
        },
        {
            "id": "grid.21107.35",
            "acronym": "JHU",
            "state_name": "Maryland",
            "types": [
                "Education"
            ],
            "longitude": -76.62028,
            "linkout": [
                "https://www.jhu.edu/"
            ],
            "latitude": 39.328888,
            "name": "Johns Hopkins University",
            "city_name": "Baltimore",
            "country_name": "United States"
        },
        {
            "id": "grid.410759.e",
            "acronym": "NUHS",
            "types": [
                "Education"
            ],
            "longitude": 103.78344,
            "linkout": [
                "http://www.nuhs.edu.sg/#"
            ],
            "latitude": 1.292366,
            "name": "National University Health System",
            "city_name": "Singapore",
            "country_name": "Singapore"
        }
    ],
    "pmid": "32119832",
    "research_org_country_names": [
        "Austria",
        "Macao",
        "United States",
        "Singapore",
        "China"
    ],
    "id": "pub.1125166458",
    "journal": {
        "id": "jour.1284483",
        "title": "The Lancet Public Health"
    },
    "year": 2020,
    "references": [
        "pub.1029910064",
        "pub.1113237436",
        "pub.1038468570"
    ],
    "research_org_state_names": [
        "Maryland"
    ],
    "author_affiliations": [
        [
            {
                "first_name": "Adams",
                "last_name": "Bodomo",
                "initials": "",
                "corresponding": "",
                "orcid": "['0000-0002-3807-3681']",
                "current_organization_id": "grid.10420.37",
                "researcher_id": "ur.014130562077.76",
                "affiliations": [
                    {
                        "id": "grid.10420.37",
                        "name": "University of Vienna",
                        "city": "Vienna",
                        "city_id": 2761369,
                        "country": "Austria",
                        "country_code": "AT",
                        "state": null,
                        "state_code": null
                    },
                    {
                        "id": "grid.440733.7",
                        "name": "Xi\u2019an University",
                        "city": "Xi'an",
                        "city_id": 1790630,
                        "country": "China",
                        "country_code": "CN",
                        "state": null,
                        "state_code": null
                    }
                ]
            },
            {
                "first_name": "Andrian",
                "last_name": "Liem",
                "initials": "",
                "corresponding": "",
                "orcid": "",
                "current_organization_id": "",
                "researcher_id": "",
                "affiliations": [
                    {
                        "id": "grid.437123.0",
                        "name": "University of Macau",
                        "city": "Macao",
                        "city_id": 1821274,
                        "country": "Macao",
                        "country_code": "MO",
                        "state": null,
                        "state_code": null
                    }
                ]
            },
            {
                "first_name": "Lavinia",
                "last_name": "Lin",
                "initials": "",
                "corresponding": "",
                "orcid": "",
                "current_organization_id": "grid.189967.8",
                "researcher_id": "ur.01046046730.93",
                "affiliations": [
                    {
                        "id": "grid.4280.e",
                        "name": "National University of Singapore",
                        "city": "Singapore",
                        "city_id": 1880252,
                        "country": "Singapore",
                        "country_code": "SG",
                        "state": null,
                        "state_code": null
                    },
                    {
                        "id": "grid.410759.e",
                        "name": "National University Health System",
                        "city": "Singapore",
                        "city_id": 1880252,
                        "country": "Singapore",
                        "country_code": "SG",
                        "state": null,
                        "state_code": null
                    }
                ]
            },
            {
                "first_name": "Brian J",
                "last_name": "Hall",
                "initials": "",
                "corresponding": "",
                "orcid": "['0000-0001-9358-2377']",
                "current_organization_id": "grid.21107.35",
                "researcher_id": "ur.01053315174.76",
                "affiliations": [
                    {
                        "id": "grid.437123.0",
                        "name": "University of Macau",
                        "city": "Macao",
                        "city_id": 1821274,
                        "country": "Macao",
                        "country_code": "MO",
                        "state": null,
                        "state_code": null
                    },
                    {
                        "id": "grid.21107.35",
                        "name": "Johns Hopkins University",
                        "city": "Baltimore",
                        "city_id": 4347778,
                        "country": "United States",
                        "country_code": "US",
                        "state": "Maryland",
                        "state_code": "US-MD"
                    }
                ]
            }
        ]
    ],
    "type": "article"
}