{
    "date": "2020-02-01",
    "title": "The continuous evolution and dissemination of 2019 novel human coronavirus",
    "researchers": [
        {
            "id": "ur.015023700207.95",
            "last_name": "Zhang",
            "first_name": "Jiahao",
            "orcid_id": [
                "0000-0002-8780-1497"
            ],
            "research_orgs": [
                "grid.20561.30"
            ]
        },
        {
            "id": "ur.01345706222.13",
            "last_name": "Li",
            "first_name": "Huanan",
            "research_orgs": [
                "grid.20561.30"
            ]
        },
        {
            "id": "ur.01042710735.18",
            "last_name": "Liao",
            "first_name": "Ming",
            "research_orgs": [
                "grid.135769.f",
                "grid.418524.e",
                "grid.458488.d",
                "grid.22935.3f",
                "grid.20561.30"
            ]
        },
        {
            "id": "ur.01142015040.96",
            "last_name": "Qi",
            "first_name": "Wen-Bao",
            "research_orgs": [
                "grid.411679.c",
                "grid.418524.e",
                "grid.36567.31",
                "grid.38587.31",
                "grid.20561.30",
                "grid.22935.3f"
            ]
        }
    ],
    "altmetric": 1.0,
    "research_org_cities": [
        {
            "id": 1809858,
            "name": "Guangzhou"
        }
    ],
    "open_access": [
        "Open Access - all",
        "Open Access - publisher",
        "Open Access - published"
    ],
    "research_org_countries": [
        {
            "id": "CN",
            "name": "China"
        }
    ],
    "doi": "10.1016/j.jinf.2020.02.001",
    "research_orgs": [
        {
            "id": "grid.20561.30",
            "acronym": "SCAU",
            "types": [
                "Education"
            ],
            "longitude": 113.3512,
            "linkout": [
                "http://english.scau.edu.cn/scauen/index.asp"
            ],
            "latitude": 23.158379,
            "name": "South China Agricultural University",
            "city_name": "Guangzhou",
            "country_name": "China"
        }
    ],
    "times_cited": 3,
    "pmid": "32092385",
    "funders": [
        {
            "id": "grid.419696.5",
            "acronym": "NSFC",
            "types": [
                "Government"
            ],
            "longitude": 116.33983,
            "linkout": [
                "http://www.nsfc.gov.cn/publish/portal1/"
            ],
            "latitude": 40.005177,
            "name": "National Natural Science Foundation of China",
            "city_name": "Beijing",
            "country_name": "China"
        },
        {
            "id": "grid.424020.0",
            "acronym": "MOST",
            "types": [
                "Government"
            ],
            "longitude": 116.316284,
            "linkout": [
                "http://www.most.gov.cn/eng/"
            ],
            "latitude": 39.827835,
            "name": "Ministry of Science and Technology of the People's Republic of China",
            "city_name": "Beijing",
            "country_name": "China"
        }
    ],
    "research_org_country_names": [
        "China"
    ],
    "id": "pub.1125052013",
    "journal": {
        "id": "jour.1090128",
        "title": "Journal of Infection"
    },
    "year": 2020,
    "references": [
        "pub.1124295864",
        "pub.1093088828",
        "pub.1101185151",
        "pub.1124545162",
        "pub.1124290823",
        "pub.1101862109",
        "pub.1124429834",
        "pub.1040922961",
        "pub.1004467097",
        "pub.1121257356"
    ],
    "author_affiliations": [
        [
            {
                "first_name": "Jiahao",
                "last_name": "Zhang",
                "initials": "",
                "corresponding": "",
                "orcid": "['0000-0002-8780-1497']",
                "current_organization_id": "grid.20561.30",
                "researcher_id": "ur.015023700207.95",
                "affiliations": [
                    {
                        "id": "grid.20561.30",
                        "name": "South China Agricultural University",
                        "city": "Guangzhou",
                        "city_id": 1809858,
                        "country": "China",
                        "country_code": "CN",
                        "state": null,
                        "state_code": null
                    },
                    {
                        "name": "Key Laboratory of Zoonoses Prevention and Control of Guangdong Province, Guangzhou, 510642, PR China"
                    }
                ]
            },
            {
                "first_name": "Kaixiong",
                "last_name": "Ma",
                "initials": "",
                "corresponding": "",
                "orcid": "",
                "current_organization_id": "",
                "researcher_id": "",
                "affiliations": [
                    {
                        "id": "grid.20561.30",
                        "name": "South China Agricultural University",
                        "city": "Guangzhou",
                        "city_id": 1809858,
                        "country": "China",
                        "country_code": "CN",
                        "state": null,
                        "state_code": null
                    },
                    {
                        "name": "Key Laboratory of Zoonoses Prevention and Control of Guangdong Province, Guangzhou, 510642, PR China"
                    }
                ]
            },
            {
                "first_name": "Huanan",
                "last_name": "Li",
                "initials": "",
                "corresponding": "",
                "orcid": "",
                "current_organization_id": "grid.20561.30",
                "researcher_id": "ur.01345706222.13",
                "affiliations": [
                    {
                        "id": "grid.20561.30",
                        "name": "South China Agricultural University",
                        "city": "Guangzhou",
                        "city_id": 1809858,
                        "country": "China",
                        "country_code": "CN",
                        "state": null,
                        "state_code": null
                    },
                    {
                        "name": "Key Laboratory of Zoonoses Prevention and Control of Guangdong Province, Guangzhou, 510642, PR China"
                    }
                ]
            },
            {
                "first_name": "Ming",
                "last_name": "Liao",
                "initials": "",
                "corresponding": true,
                "orcid": "",
                "current_organization_id": "grid.20561.30",
                "researcher_id": "ur.01042710735.18",
                "affiliations": [
                    {
                        "id": "grid.20561.30",
                        "name": "South China Agricultural University",
                        "city": "Guangzhou",
                        "city_id": 1809858,
                        "country": "China",
                        "country_code": "CN",
                        "state": null,
                        "state_code": null
                    },
                    {
                        "name": "Key Laboratory of Zoonoses, Ministry of Agriculture and Rural Affairs, Guangzhou, 510642, PR China"
                    },
                    {
                        "name": "Guangdong Laboratory for Lingnan Modern Agriculture, Guangzhou, 510642, PR China"
                    },
                    {
                        "name": "Key Laboratory of Animal Vaccine Development, Ministry of Agriculture and Rural Affairs, Guangzhou, 510642, PR China"
                    },
                    {
                        "name": "Key Laboratory of Zoonoses Prevention and Control of Guangdong Province, Guangzhou, 510642, PR China"
                    }
                ]
            },
            {
                "first_name": "Wenbao",
                "last_name": "Qi",
                "initials": "",
                "corresponding": true,
                "orcid": "",
                "current_organization_id": "grid.20561.30",
                "researcher_id": "ur.01142015040.96",
                "affiliations": [
                    {
                        "id": "grid.20561.30",
                        "name": "South China Agricultural University",
                        "city": "Guangzhou",
                        "city_id": 1809858,
                        "country": "China",
                        "country_code": "CN",
                        "state": null,
                        "state_code": null
                    },
                    {
                        "name": "Key Laboratory of Zoonoses, Ministry of Agriculture and Rural Affairs, Guangzhou, 510642, PR China"
                    },
                    {
                        "name": "Guangdong Laboratory for Lingnan Modern Agriculture, Guangzhou, 510642, PR China"
                    },
                    {
                        "name": "Key Laboratory of Animal Vaccine Development, Ministry of Agriculture and Rural Affairs, Guangzhou, 510642, PR China"
                    },
                    {
                        "name": "Key Laboratory of Zoonoses Prevention and Control of Guangdong Province, Guangzhou, 510642, PR China"
                    }
                ]
            }
        ]
    ],
    "type": "article"
}