{
    "pmid": "32006509",
    "author_affiliations": [
        [
            {
                "first_name": "Sanjeet",
                "last_name": "Bagcchi",
                "initials": "",
                "corresponding": "",
                "orcid": "",
                "current_organization_id": "",
                "researcher_id": "ur.0761345045.16",
                "affiliations": []
            }
        ]
    ],
    "altmetric": 13.0,
    "title": "Mysterious pneumonia in China",
    "pages": "173",
    "issue": "2",
    "open_access": [
        "Open Access - all",
        "Open Access - publisher",
        "Open Access - published"
    ],
    "doi": "10.1016/s1473-3099(20)30011-6",
    "times_cited": 0,
    "journal": {
        "id": "jour.1030033",
        "title": "The Lancet Infectious Diseases"
    },
    "year": 2020,
    "id": "pub.1124407771",
    "date": "2020-02-01",
    "researchers": [
        {
            "id": "ur.0761345045.16",
            "last_name": "Bagcchi",
            "first_name": "Sanjeet"
        }
    ],
    "type": "article",
    "volume": "20"
}