{
    "title": "\u5efa\u8bae\u4f7f\u7528\u9152\u7cbe\u5bf9\u80ba\u8fdb\u884c\u6d88\u6bd2\u6740\u6b7b\u65b0\u578b\u51a0\u72b6\u75c5\u6bd2 (Suggestion Using Ethanol Vaporization Killing Novel Coronavirus in the Lungs)",
    "type": "preprint",
    "year": 2020,
    "journal": {
        "id": "jour.1276748",
        "title": "SSRN Electronic Journal"
    },
    "FOR": [
        {
            "id": "3675",
            "name": "2103 Historical Studies"
        }
    ],
    "date": "2020-01-01",
    "altmetric": 1.0,
    "id": "pub.1125065004",
    "author_affiliations": [
        [
            {
                "first_name": "Yan",
                "last_name": "Cao",
                "initials": "",
                "corresponding": "",
                "orcid": "",
                "current_organization_id": "",
                "researcher_id": "",
                "affiliations": [
                    {
                        "name": "Independent"
                    }
                ]
            }
        ]
    ],
    "doi": "10.2139/ssrn.3513705",
    "times_cited": 0
}