{
    "volume": "14",
    "date": "2020-02-29",
    "title": "Similarity in Case Fatality Rates (CFR) of COVID-19/SARS-COV-2 in Italy and China.",
    "researchers": [
        {
            "id": "ur.01075112553.67",
            "last_name": "Kelvin",
            "first_name": "David Joseph",
            "orcid_id": [
                "0000-0002-3702-954X"
            ],
            "research_orgs": [
                "grid.412745.1",
                "grid.48336.3a",
                "grid.280401.f",
                "grid.280902.1",
                "grid.454225.0",
                "grid.231844.8",
                "grid.55602.34",
                "grid.484195.5",
                "grid.39381.30",
                "grid.417184.f",
                "grid.416738.f",
                "grid.168010.e",
                "grid.411679.c",
                "grid.17063.33",
                "grid.263451.7",
                "grid.4830.f",
                "grid.415224.4",
                "grid.418021.e",
                "grid.25879.31",
                "grid.134907.8",
                "grid.265008.9",
                "grid.11450.31"
            ]
        },
        {
            "id": "ur.0673065252.80",
            "last_name": "Kelvin",
            "first_name": "Nikki",
            "research_orgs": [
                "grid.11450.31"
            ]
        },
        {
            "id": "ur.0761424672.40",
            "last_name": "Rubino",
            "first_name": "Salvatore",
            "research_orgs": [
                "grid.488385.a",
                "grid.415310.2",
                "grid.9027.c",
                "grid.11450.31",
                "grid.7605.4",
                "grid.5395.a"
            ]
        }
    ],
    "altmetric": 6.0,
    "pages": "125-128",
    "research_org_cities": [
        {
            "id": 3167096,
            "name": "Sassari"
        },
        {
            "id": 6324729,
            "name": "Halifax"
        }
    ],
    "open_access": [
        "Open Access - all",
        "Open Access - publisher",
        "Open Access - published"
    ],
    "research_org_countries": [
        {
            "id": "CN",
            "name": "China"
        },
        {
            "id": "CA",
            "name": "Canada"
        },
        {
            "id": "IT",
            "name": "Italy"
        }
    ],
    "doi": "10.3855/jidc.12600",
    "FOR": [
        {
            "id": "3177",
            "name": "1117 Public Health and Health Services"
        }
    ],
    "times_cited": 0,
    "research_orgs": [
        {
            "id": "grid.11450.31",
            "acronym": "UniSS",
            "state_name": "Sardegna",
            "types": [
                "Education"
            ],
            "longitude": 8.559747,
            "linkout": [
                "http://www.uniss.it/php/home.php"
            ],
            "latitude": 40.72485,
            "name": "University of Sassari",
            "city_name": "Sassari",
            "country_name": "Italy"
        },
        {
            "id": "grid.55602.34",
            "state_name": "Nova Scotia",
            "types": [
                "Education"
            ],
            "longitude": -63.591686,
            "linkout": [
                "http://www.dal.ca/"
            ],
            "latitude": 44.636833,
            "name": "Dalhousie University",
            "city_name": "Halifax",
            "country_name": "Canada"
        }
    ],
    "pmid": "32146445",
    "research_org_country_names": [
        "Italy",
        "Canada",
        "China"
    ],
    "id": "pub.1125477180",
    "issue": "2",
    "journal": {
        "id": "jour.1038625",
        "title": "The Journal of Infection in Developing Countries"
    },
    "year": 2020,
    "research_org_state_names": [
        "Nova Scotia"
    ],
    "author_affiliations": [
        [
            {
                "first_name": "Rossella",
                "last_name": "Porcheddu",
                "initials": "",
                "corresponding": "",
                "orcid": "",
                "current_organization_id": "",
                "researcher_id": "",
                "affiliations": [
                    {
                        "name": "Freelance Journalist, JIDC Italy. rporcheddu@jidc.org."
                    }
                ]
            },
            {
                "first_name": "Caterina",
                "last_name": "Serra",
                "initials": "",
                "corresponding": "",
                "orcid": "",
                "current_organization_id": "",
                "researcher_id": "",
                "affiliations": [
                    {
                        "id": "grid.11450.31",
                        "name": "University of Sassari",
                        "city": "Sassari",
                        "city_id": 3167096,
                        "country": "Italy",
                        "country_code": "IT",
                        "state": null,
                        "state_code": null
                    }
                ]
            },
            {
                "first_name": "David",
                "last_name": "Kelvin",
                "initials": "",
                "corresponding": "",
                "orcid": "['0000-0002-3702-954X']",
                "current_organization_id": "grid.55602.34",
                "researcher_id": "ur.01075112553.67",
                "affiliations": [
                    {
                        "name": "JIDC-Canada; Department of Microbiology and Immunology, Canadian Center for Vaccinology, Dalhousie University, Halifax, NS, Canada. International Institute of Infection and Immunity, Shantou, China. dkelvin@jidc.org."
                    }
                ]
            },
            {
                "first_name": "Nikki",
                "last_name": "Kelvin",
                "initials": "",
                "corresponding": "",
                "orcid": "",
                "current_organization_id": "grid.11450.31",
                "researcher_id": "ur.0673065252.80",
                "affiliations": [
                    {
                        "id": "grid.55602.34",
                        "name": "Dalhousie University",
                        "city": "Halifax",
                        "city_id": 6324729,
                        "country": "Canada",
                        "country_code": "CA",
                        "state": "Nova Scotia",
                        "state_code": "CA-NS"
                    }
                ]
            },
            {
                "first_name": "Salvatore",
                "last_name": "Rubino",
                "initials": "",
                "corresponding": "",
                "orcid": "",
                "current_organization_id": "grid.11450.31",
                "researcher_id": "ur.0761424672.40",
                "affiliations": [
                    {
                        "id": "grid.11450.31",
                        "name": "University of Sassari",
                        "city": "Sassari",
                        "city_id": 3167096,
                        "country": "Italy",
                        "country_code": "IT",
                        "state": null,
                        "state_code": null
                    }
                ]
            }
        ]
    ],
    "type": "article"
}