{
    "author_affiliations": [
        [
            {
                "first_name": "Debora",
                "last_name": "MacKenzie",
                "initials": "",
                "corresponding": "",
                "orcid": "",
                "current_organization_id": "",
                "researcher_id": "",
                "affiliations": []
            }
        ]
    ],
    "title": "What happens next?",
    "pages": "8-9",
    "issue": "3268",
    "doi": "10.1016/s0262-4079(20)30235-9",
    "times_cited": 0,
    "journal": {
        "id": "jour.1054339",
        "title": "The New Scientist"
    },
    "year": 2020,
    "id": "pub.1124663992",
    "date": "2020-02-01",
    "type": "article",
    "volume": "245"
}