{
    "date": "2020-03-01",
    "title": "Clinical course and risk factors for mortality of adult inpatients with COVID-19 in Wuhan, China: a retrospective cohort study",
    "altmetric": 6433.0,
    "research_org_cities": [
        {
            "id": 1816670,
            "name": "Beijing"
        },
        {
            "id": 1791247,
            "name": "Wuhan"
        }
    ],
    "open_access": [
        "Open Access - all",
        "Open Access - publisher",
        "Open Access - published"
    ],
    "research_org_countries": [
        {
            "id": "CN",
            "name": "China"
        }
    ],
    "doi": "10.1016/s0140-6736(20)30566-3",
    "FOR": [
        {
            "id": "3177",
            "name": "1117 Public Health and Health Services"
        }
    ],
    "times_cited": 1,
    "research_orgs": [
        {
            "id": "grid.24696.3f",
            "acronym": "CUMS",
            "types": [
                "Education"
            ],
            "longitude": 116.35284,
            "linkout": [
                "http://www.ccmu.edu.cn/"
            ],
            "latitude": 39.865433,
            "name": "Capital Medical University",
            "city_name": "Beijing",
            "country_name": "China"
        },
        {
            "id": "grid.415954.8",
            "acronym": "CJFH",
            "types": [
                "Healthcare"
            ],
            "longitude": 116.427,
            "linkout": [
                "http://english.zryhyy.com.cn/"
            ],
            "latitude": 39.974926,
            "name": "China-Japan Friendship Hospital",
            "city_name": "Beijing",
            "country_name": "China"
        },
        {
            "id": "grid.506261.6",
            "acronym": "CAMS&PUMC",
            "types": [
                "Education"
            ],
            "longitude": 116.41479,
            "linkout": [
                "http://www.cams.ac.cn/"
            ],
            "latitude": 39.91149,
            "name": "Chinese Academy of Medical Sciences & Peking Union Medical College",
            "city_name": "Beijing",
            "country_name": "China"
        },
        {
            "id": "grid.12527.33",
            "acronym": "THU",
            "state_name": "Beijing",
            "types": [
                "Education"
            ],
            "longitude": 116.32542,
            "linkout": [
                "http://www.tsinghua.edu.cn/publish/newthuen/"
            ],
            "latitude": 39.999584,
            "name": "Tsinghua University",
            "city_name": "Beijing",
            "country_name": "China"
        }
    ],
    "pmid": "32171076",
    "funders": [
        {
            "id": "grid.424020.0",
            "acronym": "MOST",
            "types": [
                "Government"
            ],
            "longitude": 116.316284,
            "linkout": [
                "http://www.most.gov.cn/eng/"
            ],
            "latitude": 39.827835,
            "name": "Ministry of Science and Technology of the People's Republic of China",
            "city_name": "Beijing",
            "country_name": "China"
        },
        {
            "id": "grid.452958.7",
            "types": [
                "Government"
            ],
            "longitude": 116.93141,
            "linkout": [
                "http://www.bjkw.gov.cn/n244495/"
            ],
            "latitude": 40.099957,
            "name": "Beijing Municipal Science & Technology Commision",
            "city_name": "Beijing",
            "country_name": "China"
        }
    ],
    "research_org_country_names": [
        "China"
    ],
    "id": "pub.1125550328",
    "journal": {
        "id": "jour.1077219",
        "title": "The Lancet"
    },
    "year": 2020,
    "references": [
        "pub.1047363380",
        "pub.1124815253",
        "pub.1019709155",
        "pub.1124430797",
        "pub.1000881361",
        "pub.1026785715",
        "pub.1044170971",
        "pub.1101707439",
        "pub.1053771344",
        "pub.1125019516",
        "pub.1073706668",
        "pub.1013301423",
        "pub.1124934550",
        "pub.1031139982",
        "pub.1124654147",
        "pub.1125089111",
        "pub.1059467671",
        "pub.1045696843",
        "pub.1010556409",
        "pub.1100217456",
        "pub.1008311674",
        "pub.1018304370",
        "pub.1124408081",
        "pub.1033991989",
        "pub.1048558521",
        "pub.1018033502",
        "pub.1116652709",
        "pub.1122324643",
        "pub.1124290823",
        "pub.1068965211",
        "pub.1015860432",
        "pub.1124427336",
        "pub.1090809547",
        "pub.1083734298",
        "pub.1030657878",
        "pub.1031844060"
    ],
    "author_affiliations": [
        [
            {
                "first_name": "Fei",
                "last_name": "Zhou",
                "initials": "",
                "corresponding": "",
                "orcid": "",
                "current_organization_id": "",
                "researcher_id": "",
                "affiliations": [
                    {
                        "id": "grid.506261.6",
                        "name": "Chinese Academy of Medical Sciences & Peking Union Medical College",
                        "city": "Beijing",
                        "city_id": 1816670,
                        "country": "China",
                        "country_code": "CN",
                        "state": null,
                        "state_code": null
                    }
                ]
            },
            {
                "first_name": "Ting",
                "last_name": "Yu",
                "initials": "",
                "corresponding": "",
                "orcid": "",
                "current_organization_id": "",
                "researcher_id": "",
                "affiliations": [
                    {
                        "name": "Department of Tuberculosis and Respiratory Disease, Jinyintan Hospital, Wuhan, China"
                    }
                ]
            },
            {
                "first_name": "Ronghui",
                "last_name": "Du",
                "initials": "",
                "corresponding": "",
                "orcid": "",
                "current_organization_id": "",
                "researcher_id": "",
                "affiliations": [
                    {
                        "name": "Department of Pulmonary and Critical Care Medicine, Wuhan Pulmonary Hospital, Wuhan, China"
                    }
                ]
            },
            {
                "first_name": "Guohui",
                "last_name": "Fan",
                "initials": "",
                "corresponding": "",
                "orcid": "",
                "current_organization_id": "",
                "researcher_id": "",
                "affiliations": [
                    {
                        "id": "grid.506261.6",
                        "name": "Chinese Academy of Medical Sciences & Peking Union Medical College",
                        "city": "Beijing",
                        "city_id": 1816670,
                        "country": "China",
                        "country_code": "CN",
                        "state": null,
                        "state_code": null
                    },
                    {
                        "id": "grid.415954.8",
                        "name": "China-Japan Friendship Hospital",
                        "city": "Beijing",
                        "city_id": 1816670,
                        "country": "China",
                        "country_code": "CN",
                        "state": null,
                        "state_code": null
                    }
                ]
            },
            {
                "first_name": "Ying",
                "last_name": "Liu",
                "initials": "",
                "corresponding": "",
                "orcid": "",
                "current_organization_id": "",
                "researcher_id": "",
                "affiliations": [
                    {
                        "name": "Department of Tuberculosis and Respiratory Disease, Jinyintan Hospital, Wuhan, China"
                    }
                ]
            },
            {
                "first_name": "Zhibo",
                "last_name": "Liu",
                "initials": "",
                "corresponding": "",
                "orcid": "",
                "current_organization_id": "",
                "researcher_id": "",
                "affiliations": [
                    {
                        "id": "grid.506261.6",
                        "name": "Chinese Academy of Medical Sciences & Peking Union Medical College",
                        "city": "Beijing",
                        "city_id": 1816670,
                        "country": "China",
                        "country_code": "CN",
                        "state": null,
                        "state_code": null
                    }
                ]
            },
            {
                "first_name": "Jie",
                "last_name": "Xiang",
                "initials": "",
                "corresponding": "",
                "orcid": "",
                "current_organization_id": "",
                "researcher_id": "",
                "affiliations": [
                    {
                        "name": "Department of Clinical Laboratory, Jinyintan Hospital, Wuhan, China"
                    }
                ]
            },
            {
                "first_name": "Yeming",
                "last_name": "Wang",
                "initials": "",
                "corresponding": "",
                "orcid": "",
                "current_organization_id": "",
                "researcher_id": "",
                "affiliations": [
                    {
                        "id": "grid.506261.6",
                        "name": "Chinese Academy of Medical Sciences & Peking Union Medical College",
                        "city": "Beijing",
                        "city_id": 1816670,
                        "country": "China",
                        "country_code": "CN",
                        "state": null,
                        "state_code": null
                    },
                    {
                        "id": "grid.24696.3f",
                        "name": "Capital Medical University",
                        "city": "Beijing",
                        "city_id": 1816670,
                        "country": "China",
                        "country_code": "CN",
                        "state": null,
                        "state_code": null
                    }
                ]
            },
            {
                "first_name": "Bin",
                "last_name": "Song",
                "initials": "",
                "corresponding": "",
                "orcid": "",
                "current_organization_id": "",
                "researcher_id": "",
                "affiliations": [
                    {
                        "name": "Department of Tuberculosis and Respiratory Disease, Jinyintan Hospital, Wuhan, China"
                    }
                ]
            },
            {
                "first_name": "Xiaoying",
                "last_name": "Gu",
                "initials": "",
                "corresponding": "",
                "orcid": "",
                "current_organization_id": "",
                "researcher_id": "",
                "affiliations": [
                    {
                        "id": "grid.506261.6",
                        "name": "Chinese Academy of Medical Sciences & Peking Union Medical College",
                        "city": "Beijing",
                        "city_id": 1816670,
                        "country": "China",
                        "country_code": "CN",
                        "state": null,
                        "state_code": null
                    },
                    {
                        "id": "grid.415954.8",
                        "name": "China-Japan Friendship Hospital",
                        "city": "Beijing",
                        "city_id": 1816670,
                        "country": "China",
                        "country_code": "CN",
                        "state": null,
                        "state_code": null
                    }
                ]
            },
            {
                "first_name": "Lulu",
                "last_name": "Guan",
                "initials": "",
                "corresponding": "",
                "orcid": "",
                "current_organization_id": "",
                "researcher_id": "",
                "affiliations": [
                    {
                        "name": "Department of Pulmonary and Critical Care Medicine, Wuhan Pulmonary Hospital, Wuhan, China"
                    }
                ]
            },
            {
                "first_name": "Yuan",
                "last_name": "Wei",
                "initials": "",
                "corresponding": "",
                "orcid": "",
                "current_organization_id": "",
                "researcher_id": "",
                "affiliations": [
                    {
                        "name": "Department of Tuberculosis and Respiratory Disease, Jinyintan Hospital, Wuhan, China"
                    }
                ]
            },
            {
                "first_name": "Hui",
                "last_name": "Li",
                "initials": "",
                "corresponding": "",
                "orcid": "",
                "current_organization_id": "",
                "researcher_id": "",
                "affiliations": [
                    {
                        "id": "grid.506261.6",
                        "name": "Chinese Academy of Medical Sciences & Peking Union Medical College",
                        "city": "Beijing",
                        "city_id": 1816670,
                        "country": "China",
                        "country_code": "CN",
                        "state": null,
                        "state_code": null
                    }
                ]
            },
            {
                "first_name": "Xudong",
                "last_name": "Wu",
                "initials": "",
                "corresponding": "",
                "orcid": "",
                "current_organization_id": "",
                "researcher_id": "",
                "affiliations": [
                    {
                        "name": "GCP Center, Jinyintan Hospital, Wuhan, China"
                    }
                ]
            },
            {
                "first_name": "Jiuyang",
                "last_name": "Xu",
                "initials": "",
                "corresponding": "",
                "orcid": "",
                "current_organization_id": "",
                "researcher_id": "",
                "affiliations": [
                    {
                        "id": "grid.12527.33",
                        "name": "Tsinghua University",
                        "city": "Beijing",
                        "city_id": 1816670,
                        "country": "China",
                        "country_code": "CN",
                        "state": null,
                        "state_code": null
                    }
                ]
            },
            {
                "first_name": "Shengjin",
                "last_name": "Tu",
                "initials": "",
                "corresponding": "",
                "orcid": "",
                "current_organization_id": "",
                "researcher_id": "",
                "affiliations": [
                    {
                        "name": "Department of Tuberculosis and Respiratory Disease, Jinyintan Hospital, Wuhan, China"
                    }
                ]
            },
            {
                "first_name": "Yi",
                "last_name": "Zhang",
                "initials": "",
                "corresponding": "",
                "orcid": "",
                "current_organization_id": "",
                "researcher_id": "",
                "affiliations": [
                    {
                        "id": "grid.506261.6",
                        "name": "Chinese Academy of Medical Sciences & Peking Union Medical College",
                        "city": "Beijing",
                        "city_id": 1816670,
                        "country": "China",
                        "country_code": "CN",
                        "state": null,
                        "state_code": null
                    }
                ]
            },
            {
                "first_name": "Hua",
                "last_name": "Chen",
                "initials": "",
                "corresponding": true,
                "orcid": "",
                "current_organization_id": "",
                "researcher_id": "",
                "affiliations": [
                    {
                        "name": "Department of Tuberculosis and Respiratory Disease, Jinyintan Hospital, Wuhan, China"
                    }
                ]
            },
            {
                "first_name": "Bin",
                "last_name": "Cao",
                "initials": "",
                "corresponding": true,
                "orcid": "",
                "current_organization_id": "",
                "researcher_id": "",
                "affiliations": [
                    {
                        "id": "grid.506261.6",
                        "name": "Chinese Academy of Medical Sciences & Peking Union Medical College",
                        "city": "Beijing",
                        "city_id": 1816670,
                        "country": "China",
                        "country_code": "CN",
                        "state": null,
                        "state_code": null
                    },
                    {
                        "id": "grid.415954.8",
                        "name": "China-Japan Friendship Hospital",
                        "city": "Beijing",
                        "city_id": 1816670,
                        "country": "China",
                        "country_code": "CN",
                        "state": null,
                        "state_code": null
                    },
                    {
                        "id": "grid.24696.3f",
                        "name": "Capital Medical University",
                        "city": "Beijing",
                        "city_id": 1816670,
                        "country": "China",
                        "country_code": "CN",
                        "state": null,
                        "state_code": null
                    },
                    {
                        "id": "grid.12527.33",
                        "name": "Tsinghua University",
                        "city": "Beijing",
                        "city_id": 1816670,
                        "country": "China",
                        "country_code": "CN",
                        "state": null,
                        "state_code": null
                    }
                ]
            }
        ]
    ],
    "type": "article"
}