{
    "title": "Will heat kill the coronavirus?",
    "type": "article",
    "year": 2020,
    "journal": {
        "id": "jour.1054339",
        "title": "The New Scientist"
    },
    "date": "2020-02-01",
    "altmetric": 53.0,
    "pages": "6-7",
    "id": "pub.1125052357",
    "volume": "245",
    "issue": "3270",
    "open_access": [
        "Open Access - all",
        "Open Access - publisher",
        "Open Access - published"
    ],
    "author_affiliations": [
        [
            {
                "first_name": "Michael",
                "last_name": "Le Page",
                "initials": "",
                "corresponding": "",
                "orcid": "",
                "current_organization_id": "",
                "researcher_id": "",
                "affiliations": []
            }
        ]
    ],
    "doi": "10.1016/s0262-4079(20)30377-8",
    "times_cited": 0
}