{
    "author_affiliations": [
        [
            {
                "first_name": "Mengcen",
                "last_name": "Qian",
                "initials": "",
                "corresponding": "",
                "orcid": "",
                "current_organization_id": "",
                "researcher_id": "",
                "affiliations": [
                    {
                        "id": "grid.8547.e",
                        "name": "Fudan University",
                        "city": "Shanghai",
                        "city_id": 1796236,
                        "country": "China",
                        "country_code": "CN",
                        "state": null,
                        "state_code": null
                    }
                ]
            },
            {
                "first_name": "Qianhui",
                "last_name": "Wu",
                "initials": "",
                "corresponding": "",
                "orcid": "",
                "current_organization_id": "grid.8547.e",
                "researcher_id": "ur.016621203221.69",
                "affiliations": [
                    {
                        "id": "grid.8547.e",
                        "name": "Fudan University",
                        "city": "Shanghai",
                        "city_id": 1796236,
                        "country": "China",
                        "country_code": "CN",
                        "state": null,
                        "state_code": null
                    }
                ]
            },
            {
                "first_name": "Peng",
                "last_name": "Wu",
                "initials": "",
                "corresponding": "",
                "orcid": "['0000-0003-1157-9401']",
                "current_organization_id": "grid.194645.b",
                "researcher_id": "ur.01021644616.05",
                "affiliations": [
                    {
                        "id": "grid.194645.b",
                        "name": "University of Hong Kong",
                        "city": "Hong Kong",
                        "city_id": 1819729,
                        "country": "China",
                        "country_code": "CN",
                        "state": null,
                        "state_code": null
                    }
                ]
            },
            {
                "first_name": "Zhiyuan",
                "last_name": "Hou",
                "initials": "",
                "corresponding": "",
                "orcid": "",
                "current_organization_id": "grid.8547.e",
                "researcher_id": "ur.013104034021.49",
                "affiliations": [
                    {
                        "id": "grid.8547.e",
                        "name": "Fudan University",
                        "city": "Shanghai",
                        "city_id": 1796236,
                        "country": "China",
                        "country_code": "CN",
                        "state": null,
                        "state_code": null
                    }
                ]
            },
            {
                "first_name": "Yuxia",
                "last_name": "Liang",
                "initials": "",
                "corresponding": "",
                "orcid": "",
                "current_organization_id": "grid.8547.e",
                "researcher_id": "ur.015274355421.50",
                "affiliations": [
                    {
                        "id": "grid.8547.e",
                        "name": "Fudan University",
                        "city": "Shanghai",
                        "city_id": 1796236,
                        "country": "China",
                        "country_code": "CN",
                        "state": null,
                        "state_code": null
                    }
                ]
            },
            {
                "first_name": "Benjamin J",
                "last_name": "Cowling",
                "initials": "",
                "corresponding": "",
                "orcid": "['0000-0002-6297-7154']",
                "current_organization_id": "grid.194645.b",
                "researcher_id": "ur.07675207637.48",
                "affiliations": [
                    {
                        "id": "grid.194645.b",
                        "name": "University of Hong Kong",
                        "city": "Hong Kong",
                        "city_id": 1819729,
                        "country": "China",
                        "country_code": "CN",
                        "state": null,
                        "state_code": null
                    }
                ]
            },
            {
                "first_name": "Hongjie",
                "last_name": "Yu",
                "initials": "",
                "corresponding": "",
                "orcid": "",
                "current_organization_id": "grid.8547.e",
                "researcher_id": "ur.016565017177.44",
                "affiliations": [
                    {
                        "id": "grid.8547.e",
                        "name": "Fudan University",
                        "city": "Shanghai",
                        "city_id": 1796236,
                        "country": "China",
                        "country_code": "CN",
                        "state": null,
                        "state_code": null
                    }
                ]
            }
        ]
    ],
    "altmetric": 13.0,
    "FOR": [
        {
            "id": "3177",
            "name": "1117 Public Health and Health Services"
        }
    ],
    "research_org_countries": [
        {
            "id": "CN",
            "name": "China"
        }
    ],
    "title": "Psychological responses, behavioral changes and public perceptions during the early phase of the COVID-19 outbreak in China: a population based cross-sectional survey",
    "research_org_cities": [
        {
            "id": 1819729,
            "name": "Hong Kong"
        },
        {
            "id": 1796236,
            "name": "Shanghai"
        }
    ],
    "pages": "2020.02.18.20024448",
    "open_access": [
        "Open Access - all",
        "Open Access - publisher",
        "Open Access - published"
    ],
    "doi": "10.1101/2020.02.18.20024448",
    "times_cited": 0,
    "journal": {
        "id": "jour.1369542",
        "title": "medRxiv"
    },
    "year": 2020,
    "research_orgs": [
        {
            "id": "grid.8547.e",
            "name": "Fudan University",
            "linkout": [
                "http://www.fudan.edu.cn/en/"
            ],
            "country_name": "China",
            "types": [
                "Education"
            ],
            "latitude": 31.297712,
            "state_name": "Shanghai",
            "city_name": "Shanghai",
            "longitude": 121.50361
        },
        {
            "id": "grid.194645.b",
            "name": "University of Hong Kong",
            "linkout": [
                "http://www.hku.hk/"
            ],
            "country_name": "China",
            "types": [
                "Education"
            ],
            "latitude": 22.283287,
            "acronym": "HKU",
            "state_name": "Hong Kong",
            "city_name": "Hong Kong",
            "longitude": 114.13708
        }
    ],
    "id": "pub.1125032038",
    "references": [
        "pub.1124290123",
        "pub.1031338592",
        "pub.1124289146",
        "pub.1012707282",
        "pub.1009629490",
        "pub.1101147064",
        "pub.1027953008",
        "pub.1124794301",
        "pub.1028593026",
        "pub.1049358536",
        "pub.1018786788",
        "pub.1077909661",
        "pub.1003636725",
        "pub.1007273896",
        "pub.1045666573",
        "pub.1014618515",
        "pub.1000765559",
        "pub.1084429500"
    ],
    "research_org_country_names": [
        "China"
    ],
    "date": "2020-02-20",
    "researchers": [
        {
            "id": "ur.016621203221.69",
            "research_orgs": [
                "grid.8547.e"
            ],
            "last_name": "Wu",
            "first_name": "Qianhui"
        },
        {
            "id": "ur.01021644616.05",
            "research_orgs": [
                "grid.8391.3",
                "grid.415281.b",
                "grid.419897.a",
                "grid.5491.9",
                "grid.13291.38",
                "grid.33199.31",
                "grid.198530.6",
                "grid.12955.3a",
                "grid.8547.e",
                "grid.194645.b"
            ],
            "last_name": "Wu",
            "first_name": "Peng",
            "orcid_id": [
                "0000-0003-1157-9401"
            ]
        },
        {
            "id": "ur.013104034021.49",
            "research_orgs": [
                "grid.8547.e"
            ],
            "last_name": "Hou",
            "first_name": "Zhiyuan"
        },
        {
            "id": "ur.015274355421.50",
            "research_orgs": [
                "grid.8547.e"
            ],
            "last_name": "Liang",
            "first_name": "Yuxia"
        },
        {
            "id": "ur.07675207637.48",
            "research_orgs": [
                "grid.13291.38",
                "grid.33199.31",
                "grid.47840.3f",
                "grid.15140.31",
                "grid.415281.b",
                "grid.419897.a",
                "grid.83440.3b",
                "grid.416166.2",
                "grid.5491.9",
                "grid.198530.6",
                "grid.411292.d",
                "grid.461944.a",
                "grid.12955.3a",
                "grid.8547.e",
                "grid.8391.3",
                "grid.4991.5",
                "grid.1001.0",
                "grid.7445.2",
                "grid.5640.7",
                "grid.214458.e",
                "grid.419082.6",
                "grid.194645.b"
            ],
            "last_name": "Cowling",
            "first_name": "Benjamin John",
            "orcid_id": [
                "0000-0002-6297-7154"
            ]
        },
        {
            "id": "ur.016565017177.44",
            "research_orgs": [
                "grid.1024.7",
                "grid.424470.1",
                "grid.4991.5",
                "grid.433871.a",
                "grid.416738.f",
                "grid.410726.6",
                "grid.13402.34",
                "grid.452858.6",
                "grid.420153.1",
                "grid.7445.2",
                "grid.415281.b",
                "grid.8547.e",
                "grid.240372.0",
                "grid.12955.3a",
                "grid.412636.4",
                "grid.13291.38",
                "grid.1001.0",
                "grid.4989.c",
                "grid.194645.b",
                "grid.198530.6",
                "grid.419897.a",
                "grid.7922.e",
                "grid.33199.31",
                "grid.34477.33",
                "grid.21155.32"
            ],
            "last_name": "Yu",
            "first_name": "Hong-Jie"
        }
    ],
    "type": "article"
}