{
    "author_affiliations": [
        [
            {
                "first_name": "Giuseppe",
                "last_name": "Lippi",
                "initials": "",
                "corresponding": "",
                "orcid": "",
                "current_organization_id": "",
                "researcher_id": "",
                "affiliations": [
                    {
                        "id": "grid.5611.3",
                        "name": "University of Verona",
                        "city": "Verona",
                        "city_id": 3164527,
                        "country": "Italy",
                        "country_code": "IT",
                        "state": null,
                        "state_code": null
                    }
                ]
            },
            {
                "first_name": "Mario",
                "last_name": "Plebani",
                "initials": "",
                "corresponding": "",
                "orcid": "",
                "current_organization_id": "",
                "researcher_id": "",
                "affiliations": [
                    {
                        "id": "grid.411474.3",
                        "name": "Azienda Ospedaliera di Padova",
                        "city": "Padova",
                        "city_id": 3171728,
                        "country": "Italy",
                        "country_code": "IT",
                        "state": null,
                        "state_code": null
                    }
                ]
            },
            {
                "first_name": "Brandon Michael",
                "last_name": "Henry",
                "initials": "",
                "corresponding": true,
                "orcid": "",
                "current_organization_id": "",
                "researcher_id": "",
                "affiliations": [
                    {
                        "id": "grid.239573.9",
                        "name": "Cincinnati Children's Hospital Medical Center",
                        "city": "Cincinnati",
                        "city_id": 4508722,
                        "country": "United States",
                        "country_code": "US",
                        "state": "Ohio",
                        "state_code": "US-OH"
                    }
                ]
            }
        ]
    ],
    "altmetric": 6.0,
    "FOR": [
        {
            "id": "3053",
            "name": "1103 Clinical Sciences"
        }
    ],
    "research_org_countries": [
        {
            "id": "IT",
            "name": "Italy"
        },
        {
            "id": "US",
            "name": "United States"
        }
    ],
    "title": "Thrombocytopenia is associated with severe coronavirus disease 2019 (COVID-19) infections: A meta-analysis",
    "research_org_cities": [
        {
            "id": 3171728,
            "name": "Padova"
        },
        {
            "id": 4508722,
            "name": "Cincinnati"
        },
        {
            "id": 3164527,
            "name": "Verona"
        }
    ],
    "research_org_state_names": [
        "Ohio"
    ],
    "doi": "10.1016/j.cca.2020.03.022",
    "times_cited": 0,
    "journal": {
        "id": "jour.1055382",
        "title": "Clinica Chimica Acta"
    },
    "research_orgs": [
        {
            "id": "grid.5611.3",
            "name": "University of Verona",
            "linkout": [
                "http://www.univr.it/jsp/index.jsp"
            ],
            "country_name": "Italy",
            "types": [
                "Education"
            ],
            "latitude": 45.43667,
            "state_name": "Veneto",
            "city_name": "Verona",
            "longitude": 11.003611
        },
        {
            "id": "grid.239573.9",
            "name": "Cincinnati Children's Hospital Medical Center",
            "linkout": [
                "http://www.cincinnatichildrens.org/default/"
            ],
            "country_name": "United States",
            "types": [
                "Healthcare"
            ],
            "latitude": 39.140488,
            "acronym": "CCHMC",
            "state_name": "Ohio",
            "city_name": "Cincinnati",
            "longitude": -84.50108
        },
        {
            "id": "grid.411474.3",
            "name": "Azienda Ospedaliera di Padova",
            "linkout": [
                "http://www.sanita.padova.it/"
            ],
            "country_name": "Italy",
            "types": [
                "Healthcare"
            ],
            "latitude": 45.404312,
            "city_name": "Padova",
            "longitude": 11.887474
        }
    ],
    "year": 2020,
    "references": [
        "pub.1125349147",
        "pub.1124654147",
        "pub.1007955498",
        "pub.1125146281",
        "pub.1009549879",
        "pub.1046347100",
        "pub.1125334119",
        "pub.1124859433",
        "pub.1125550328",
        "pub.1125089111",
        "pub.1100445100",
        "pub.1058357915",
        "pub.1032285798",
        "pub.1100154004",
        "pub.1125332206",
        "pub.1015899259",
        "pub.1125324383",
        "pub.1124803772"
    ],
    "id": "pub.1125613288",
    "research_org_country_names": [
        "Italy",
        "United States"
    ],
    "date": "2020-03-01",
    "type": "article"
}