{
    "pmid": "32047128",
    "author_affiliations": [
        [
            {
                "first_name": "Enya",
                "last_name": "Qing",
                "initials": "",
                "corresponding": "",
                "orcid": "",
                "current_organization_id": "grid.164971.c",
                "researcher_id": "ur.010663332503.50",
                "affiliations": [
                    {
                        "id": "grid.164971.c",
                        "name": "Loyola University Chicago",
                        "city": "Chicago",
                        "city_id": 4887398,
                        "country": "United States",
                        "country_code": "US",
                        "state": "Illinois",
                        "state_code": "US-IL"
                    }
                ]
            },
            {
                "first_name": "Michael",
                "last_name": "Hantak",
                "initials": "",
                "corresponding": "",
                "orcid": "",
                "current_organization_id": "grid.164971.c",
                "researcher_id": "ur.01016417015.64",
                "affiliations": [
                    {
                        "id": "grid.164971.c",
                        "name": "Loyola University Chicago",
                        "city": "Chicago",
                        "city_id": 4887398,
                        "country": "United States",
                        "country_code": "US",
                        "state": "Illinois",
                        "state_code": "US-IL"
                    }
                ]
            },
            {
                "first_name": "Stanley",
                "last_name": "Perlman",
                "initials": "",
                "corresponding": "",
                "orcid": "['0000-0003-4213-2354']",
                "current_organization_id": "grid.214572.7",
                "researcher_id": "ur.01307305176.50",
                "affiliations": [
                    {
                        "id": "grid.214572.7",
                        "name": "University of Iowa",
                        "city": "Iowa City",
                        "city_id": 4862034,
                        "country": "United States",
                        "country_code": "US",
                        "state": "Iowa",
                        "state_code": "US-IA"
                    }
                ]
            },
            {
                "first_name": "Tom",
                "last_name": "Gallagher",
                "initials": "",
                "corresponding": "",
                "orcid": "",
                "current_organization_id": "grid.164971.c",
                "researcher_id": "ur.016645157077.04",
                "affiliations": [
                    {
                        "id": "grid.164971.c",
                        "name": "Loyola University Chicago",
                        "city": "Chicago",
                        "city_id": 4887398,
                        "country": "United States",
                        "country_code": "US",
                        "state": "Illinois",
                        "state_code": "US-IL"
                    }
                ]
            }
        ]
    ],
    "altmetric": 10.0,
    "FOR": [
        {
            "id": "3114",
            "name": "1108 Medical Microbiology"
        },
        {
            "id": "2581",
            "name": "0601 Biochemistry and Cell Biology"
        }
    ],
    "research_org_countries": [
        {
            "id": "US",
            "name": "United States"
        }
    ],
    "title": "Distinct Roles for Sialoside and Protein Receptors in Coronavirus Infection.",
    "research_org_cities": [
        {
            "id": 4862034,
            "name": "Iowa City"
        },
        {
            "id": 4887398,
            "name": "Chicago"
        }
    ],
    "issue": "1",
    "research_org_state_names": [
        "Illinois",
        "Iowa"
    ],
    "open_access": [
        "Open Access - all",
        "Open Access - publisher",
        "Open Access - published"
    ],
    "doi": "10.1128/mbio.02764-19",
    "times_cited": 1,
    "funders": [
        {
            "id": "grid.419681.3",
            "name": "National Institute of Allergy and Infectious Diseases",
            "linkout": [
                "http://www.niaid.nih.gov/Pages/default.aspx"
            ],
            "country_name": "United States",
            "types": [
                "Facility"
            ],
            "latitude": 39.066647,
            "acronym": "NIAID",
            "state_name": "Maryland",
            "city_name": "Bethesda",
            "longitude": -77.11183
        }
    ],
    "journal": {
        "id": "jour.1042492",
        "title": "mBio"
    },
    "research_orgs": [
        {
            "id": "grid.214572.7",
            "name": "University of Iowa",
            "linkout": [
                "http://www.uiowa.edu/"
            ],
            "country_name": "United States",
            "types": [
                "Education"
            ],
            "latitude": 41.662952,
            "acronym": "UI",
            "state_name": "Iowa",
            "city_name": "Iowa City",
            "longitude": -91.554924
        },
        {
            "id": "grid.164971.c",
            "name": "Loyola University Chicago",
            "linkout": [
                "http://www.luc.edu/"
            ],
            "country_name": "United States",
            "types": [
                "Education"
            ],
            "latitude": 41.9999,
            "acronym": "LUC",
            "state_name": "Illinois",
            "city_name": "Chicago",
            "longitude": -87.6578
        }
    ],
    "year": 2020,
    "references": [
        "pub.1013316177",
        "pub.1043875870",
        "pub.1016286073",
        "pub.1019847301",
        "pub.1053589070",
        "pub.1116577957",
        "pub.1027032041",
        "pub.1005239879",
        "pub.1018950972",
        "pub.1040723160",
        "pub.1026346296",
        "pub.1049081696",
        "pub.1062713191",
        "pub.1117921360",
        "pub.1084065726",
        "pub.1010409221",
        "pub.1083057320",
        "pub.1052085788",
        "pub.1038843106",
        "pub.1039561427",
        "pub.1017526907",
        "pub.1032963928",
        "pub.1010819266",
        "pub.1037411247",
        "pub.1038542882",
        "pub.1023893153",
        "pub.1104502743",
        "pub.1062452520",
        "pub.1033253404",
        "pub.1007320829",
        "pub.1083236391",
        "pub.1062712755",
        "pub.1010394790",
        "pub.1031633504",
        "pub.1113178533",
        "pub.1001909628",
        "pub.1016221800",
        "pub.1062449258",
        "pub.1123224164",
        "pub.1018158123",
        "pub.1015377612",
        "pub.1024663274",
        "pub.1082881271",
        "pub.1079803311",
        "pub.1023922204",
        "pub.1091630059",
        "pub.1123050653",
        "pub.1026285498",
        "pub.1026866454",
        "pub.1015898283",
        "pub.1032961220",
        "pub.1084152892",
        "pub.1042999815",
        "pub.1084767975",
        "pub.1040922961",
        "pub.1004425514",
        "pub.1083403678",
        "pub.1079395517",
        "pub.1014536983",
        "pub.1091847172",
        "pub.1043774527",
        "pub.1111644096",
        "pub.1000460952",
        "pub.1048239894",
        "pub.1024783328",
        "pub.1099931412",
        "pub.1008834366",
        "pub.1018010377",
        "pub.1050562209",
        "pub.1036646968",
        "pub.1009984496",
        "pub.1035680398",
        "pub.1040386612",
        "pub.1083288913",
        "pub.1090276733",
        "pub.1050516195",
        "pub.1023705393",
        "pub.1092480062",
        "pub.1062712683",
        "pub.1082903969",
        "pub.1022151648",
        "pub.1022112979",
        "pub.1017316824",
        "pub.1023481829",
        "pub.1111773430",
        "pub.1047764243",
        "pub.1050236601",
        "pub.1035417351"
    ],
    "id": "pub.1124835201",
    "research_org_country_names": [
        "United States"
    ],
    "date": "2020-02-11",
    "research_org_state_codes": [
        {
            "id": "US-IL",
            "name": "Illinois"
        },
        {
            "id": "US-IA",
            "name": "Iowa"
        }
    ],
    "researchers": [
        {
            "id": "ur.010663332503.50",
            "research_orgs": [
                "grid.164971.c"
            ],
            "last_name": "Qing",
            "first_name": "Enya"
        },
        {
            "id": "ur.01016417015.64",
            "research_orgs": [
                "grid.257310.2",
                "grid.164971.c",
                "grid.411451.4"
            ],
            "last_name": "Hantak",
            "first_name": "Michael P"
        },
        {
            "id": "ur.01307305176.50",
            "research_orgs": [
                "grid.4305.2",
                "grid.116068.8",
                "grid.470124.4",
                "grid.504449.8",
                "grid.412584.e",
                "grid.214572.7",
                "grid.253264.4",
                "grid.267308.8"
            ],
            "last_name": "Perlman",
            "first_name": "Stanley M",
            "orcid_id": [
                "0000-0003-4213-2354"
            ]
        },
        {
            "id": "ur.016645157077.04",
            "research_orgs": [
                "grid.411451.4",
                "grid.164971.c"
            ],
            "last_name": "Gallagher",
            "first_name": "Tom M"
        }
    ],
    "type": "article",
    "volume": "11",
    "pmcid": "PMC7018658"
}