{
    "volume": "7",
    "date": "2020-03-01",
    "title": "The Politics of Disease Epidemics: a Comparative Analysis of the SARS, Zika, and Ebola Outbreaks",
    "researchers": [
        {
            "id": "ur.01275143226.77",
            "last_name": "Kapiriri",
            "first_name": "Lydia",
            "orcid_id": [
                "0000-0002-1237-6369"
            ],
            "research_orgs": [
                "grid.7914.b",
                "grid.25073.33",
                "grid.17063.33"
            ]
        }
    ],
    "research_org_state_codes": [
        {
            "id": "CA-ON",
            "name": "Ontario"
        }
    ],
    "altmetric": 4.0,
    "pages": "33-45",
    "research_org_cities": [
        {
            "id": 5969782,
            "name": "Hamilton"
        }
    ],
    "open_access": [
        "Open Access - all",
        "Open Access - publisher",
        "Open Access - published"
    ],
    "research_org_countries": [
        {
            "id": "CA",
            "name": "Canada"
        }
    ],
    "doi": "10.1007/s40609-018-0123-y",
    "FOR": [
        {
            "id": "3177",
            "name": "1117 Public Health and Health Services"
        },
        {
            "id": "3626",
            "name": "2005 Literary Studies"
        }
    ],
    "research_orgs": [
        {
            "id": "grid.25073.33",
            "state_name": "Ontario",
            "types": [
                "Education"
            ],
            "longitude": -79.91889,
            "linkout": [
                "http://www.mcmaster.ca/"
            ],
            "latitude": 43.263332,
            "name": "McMaster University",
            "city_name": "Hamilton",
            "country_name": "Canada"
        }
    ],
    "times_cited": 1,
    "funders": [
        {
            "id": "grid.248883.d",
            "acronym": "CIHR",
            "state_name": "Ontario",
            "types": [
                "Government"
            ],
            "longitude": -75.745224,
            "linkout": [
                "http://www.cihr-irsc.gc.ca/e/193.html"
            ],
            "latitude": 45.381893,
            "name": "Canadian Institutes of Health Research",
            "city_name": "Ottawa",
            "country_name": "Canada"
        }
    ],
    "research_org_country_names": [
        "Canada"
    ],
    "id": "pub.1106524678",
    "issue": "1",
    "journal": {
        "id": "jour.1050106",
        "title": "Global Social Welfare"
    },
    "year": 2020,
    "references": [
        "pub.1034068277",
        "pub.1085614141",
        "pub.1047378313",
        "pub.1064794663",
        "pub.1067984608",
        "pub.1042816519",
        "pub.1071001633",
        "pub.1005472182",
        "pub.1063920440",
        "pub.1079115008",
        "pub.1077444425",
        "pub.1059793883",
        "pub.1002736202",
        "pub.1020948779",
        "pub.1012213498",
        "pub.1033145631",
        "pub.1032070323",
        "pub.1059973513",
        "pub.1001467506",
        "pub.1036609690",
        "pub.1040311438",
        "pub.1079037514",
        "pub.1085068411",
        "pub.1024686314",
        "pub.1018371674",
        "pub.1036407414",
        "pub.1022815428",
        "pub.1013813673",
        "pub.1026922564",
        "pub.1000245893",
        "pub.1043079095",
        "pub.1022943874",
        "pub.1048676873",
        "pub.1016484459",
        "pub.1008717106",
        "pub.1029097784",
        "pub.1077196342",
        "pub.1028424778",
        "pub.1035061338",
        "pub.1043985712",
        "pub.1010991076",
        "pub.1044743891",
        "pub.1064752505",
        "pub.1079049109",
        "pub.1008402695",
        "pub.1040640793",
        "pub.1036624457",
        "pub.1073904755",
        "pub.1047769931",
        "pub.1005365660",
        "pub.1050844916",
        "pub.1079231600",
        "pub.1017021799",
        "pub.1018722895",
        "pub.1047798142",
        "pub.1002390812",
        "pub.1037470639",
        "pub.1002162061",
        "pub.1079003241",
        "pub.1084274138"
    ],
    "research_org_state_names": [
        "Ontario"
    ],
    "author_affiliations": [
        [
            {
                "first_name": "Lydia",
                "last_name": "Kapiriri",
                "initials": "",
                "corresponding": true,
                "orcid": "['0000-0002-1237-6369']",
                "current_organization_id": "grid.25073.33",
                "researcher_id": "ur.01275143226.77",
                "affiliations": [
                    {
                        "id": "grid.25073.33",
                        "name": "McMaster University",
                        "city": "Hamilton",
                        "city_id": 5969782,
                        "country": "Canada",
                        "country_code": "CA",
                        "state": "Ontario",
                        "state_code": "CA-ON"
                    }
                ]
            },
            {
                "first_name": "Alison",
                "last_name": "Ross",
                "initials": "",
                "corresponding": "",
                "orcid": "",
                "current_organization_id": "",
                "researcher_id": "",
                "affiliations": [
                    {
                        "id": "grid.25073.33",
                        "name": "McMaster University",
                        "city": "Hamilton",
                        "city_id": 5969782,
                        "country": "Canada",
                        "country_code": "CA",
                        "state": "Ontario",
                        "state_code": "CA-ON"
                    }
                ]
            }
        ]
    ],
    "type": "article"
}