{
    "date": "2020-02-14",
    "title": "Imaging features of 2019 novel coronavirus pneumonia",
    "researchers": [
        {
            "id": "ur.014641644511.40",
            "last_name": "Yu",
            "first_name": "Chengcheng",
            "research_orgs": [
                "grid.410737.6"
            ]
        }
    ],
    "altmetric": 1.0,
    "pages": "1-2",
    "research_org_cities": [
        {
            "id": 1809858,
            "name": "Guangzhou"
        }
    ],
    "open_access": [
        "Open Access - all",
        "Open Access - publisher",
        "Open Access - published"
    ],
    "research_org_countries": [
        {
            "id": "CN",
            "name": "China"
        }
    ],
    "doi": "10.1007/s00259-020-04720-2",
    "times_cited": 1,
    "research_orgs": [
        {
            "id": "grid.410737.6",
            "acronym": "GMU",
            "state_name": "Guangdong",
            "types": [
                "Education"
            ],
            "longitude": 113.25353,
            "linkout": [
                "http://www.gzhmc.edu.cn/gyEnglish/index.html"
            ],
            "latitude": 23.136238,
            "name": "Guangzhou Medical University",
            "city_name": "Guangzhou",
            "country_name": "China"
        },
        {
            "id": "grid.258164.c",
            "acronym": "JNU",
            "state_name": "Guangdong",
            "types": [
                "Education"
            ],
            "longitude": 113.3477,
            "linkout": [
                "https://english.jnu.edu.cn/"
            ],
            "latitude": 23.128,
            "name": "Jinan University",
            "city_name": "Guangzhou",
            "country_name": "China"
        }
    ],
    "pmid": "32060619",
    "research_org_country_names": [
        "China"
    ],
    "id": "pub.1124870220",
    "journal": {
        "id": "jour.1297401",
        "title": "European Journal of Nuclear Medicine and Molecular Imaging"
    },
    "year": 2020,
    "references": [
        "pub.1124290823",
        "pub.1124289146"
    ],
    "author_affiliations": [
        [
            {
                "first_name": "Xi",
                "last_name": "Xu",
                "initials": "",
                "corresponding": "",
                "orcid": "",
                "current_organization_id": "",
                "researcher_id": "",
                "affiliations": [
                    {
                        "id": "grid.258164.c",
                        "name": "Jinan University",
                        "city": "Guangzhou",
                        "city_id": 1809858,
                        "country": "China",
                        "country_code": "CN",
                        "state": null,
                        "state_code": null
                    }
                ]
            },
            {
                "first_name": "Chengcheng",
                "last_name": "Yu",
                "initials": "",
                "corresponding": "",
                "orcid": "",
                "current_organization_id": "grid.410737.6",
                "researcher_id": "ur.014641644511.40",
                "affiliations": [
                    {
                        "id": "grid.410737.6",
                        "name": "Guangzhou Medical University",
                        "city": "Guangzhou",
                        "city_id": 1809858,
                        "country": "China",
                        "country_code": "CN",
                        "state": null,
                        "state_code": null
                    }
                ]
            },
            {
                "first_name": "Lieguang",
                "last_name": "Zhang",
                "initials": "",
                "corresponding": "",
                "orcid": "",
                "current_organization_id": "",
                "researcher_id": "",
                "affiliations": [
                    {
                        "id": "grid.410737.6",
                        "name": "Guangzhou Medical University",
                        "city": "Guangzhou",
                        "city_id": 1809858,
                        "country": "China",
                        "country_code": "CN",
                        "state": null,
                        "state_code": null
                    }
                ]
            },
            {
                "first_name": "Liangping",
                "last_name": "Luo",
                "initials": "",
                "corresponding": true,
                "orcid": "",
                "current_organization_id": "",
                "researcher_id": "",
                "affiliations": [
                    {
                        "id": "grid.258164.c",
                        "name": "Jinan University",
                        "city": "Guangzhou",
                        "city_id": 1809858,
                        "country": "China",
                        "country_code": "CN",
                        "state": null,
                        "state_code": null
                    }
                ]
            },
            {
                "first_name": "Jinxin",
                "last_name": "Liu",
                "initials": "",
                "corresponding": true,
                "orcid": "",
                "current_organization_id": "",
                "researcher_id": "",
                "affiliations": [
                    {
                        "id": "grid.410737.6",
                        "name": "Guangzhou Medical University",
                        "city": "Guangzhou",
                        "city_id": 1809858,
                        "country": "China",
                        "country_code": "CN",
                        "state": null,
                        "state_code": null
                    }
                ]
            }
        ]
    ],
    "type": "article"
}