{
    "author_affiliations": [
        [
            {
                "first_name": "Jooho",
                "last_name": "Lee",
                "initials": "",
                "corresponding": "",
                "orcid": "",
                "current_organization_id": "",
                "researcher_id": "",
                "affiliations": []
            },
            {
                "first_name": "M Jae",
                "last_name": "Moon",
                "initials": "",
                "corresponding": "",
                "orcid": "",
                "current_organization_id": "",
                "researcher_id": "",
                "affiliations": []
            }
        ]
    ],
    "title": "E-government and digital governance",
    "pages": "328-344",
    "doi": "10.4324/9781315660516-20",
    "times_cited": 0,
    "year": 2020,
    "id": "pub.1124449464",
    "references": [
        "pub.1116638253"
    ],
    "date": "2020-01-29",
    "type": "chapter"
}