{
    "author_affiliations": [
        [
            {
                "first_name": "Manzhu",
                "last_name": "Yu",
                "initials": "",
                "corresponding": "",
                "orcid": "",
                "current_organization_id": "",
                "researcher_id": "",
                "affiliations": [
                    {
                        "id": "grid.29857.31",
                        "name": "Pennsylvania State University",
                        "city": "State College",
                        "city_id": 5213681,
                        "country": "United States",
                        "country_code": "US",
                        "state": "Pennsylvania",
                        "state_code": "US-PA"
                    }
                ]
            },
            {
                "first_name": "Myra",
                "last_name": "Bambacus",
                "initials": "",
                "corresponding": "",
                "orcid": "",
                "current_organization_id": "",
                "researcher_id": "",
                "affiliations": [
                    {
                        "id": "grid.133275.1",
                        "name": "Goddard Space Flight Center",
                        "city": "Greenbelt",
                        "city_id": 4356847,
                        "country": "United States",
                        "country_code": "US",
                        "state": "Maryland",
                        "state_code": "US-MD"
                    }
                ]
            },
            {
                "first_name": "Guido",
                "last_name": "Cervone",
                "initials": "",
                "corresponding": "",
                "orcid": "",
                "current_organization_id": "",
                "researcher_id": "",
                "affiliations": [
                    {
                        "id": "grid.29857.31",
                        "name": "Pennsylvania State University",
                        "city": "State College",
                        "city_id": 5213681,
                        "country": "United States",
                        "country_code": "US",
                        "state": "Pennsylvania",
                        "state_code": "US-PA"
                    }
                ]
            },
            {
                "first_name": "Keith",
                "last_name": "Clarke",
                "initials": "",
                "corresponding": "",
                "orcid": "",
                "current_organization_id": "",
                "researcher_id": "",
                "affiliations": [
                    {
                        "id": "grid.133342.4",
                        "name": "University of California, Santa Barbara",
                        "city": "Santa Barbara",
                        "city_id": 5392952,
                        "country": "United States",
                        "country_code": "US",
                        "state": "California",
                        "state_code": "US-CA"
                    }
                ]
            },
            {
                "first_name": "Daniel",
                "last_name": "Duffy",
                "initials": "",
                "corresponding": "",
                "orcid": "",
                "current_organization_id": "",
                "researcher_id": "",
                "affiliations": [
                    {
                        "id": "grid.133275.1",
                        "name": "Goddard Space Flight Center",
                        "city": "Greenbelt",
                        "city_id": 4356847,
                        "country": "United States",
                        "country_code": "US",
                        "state": "Maryland",
                        "state_code": "US-MD"
                    }
                ]
            },
            {
                "first_name": "Qunying",
                "last_name": "Huang",
                "initials": "",
                "corresponding": "",
                "orcid": "",
                "current_organization_id": "",
                "researcher_id": "",
                "affiliations": [
                    {
                        "id": "grid.14003.36",
                        "name": "University of Wisconsin\u2013Madison",
                        "city": "Madison",
                        "city_id": 5261457,
                        "country": "United States",
                        "country_code": "US",
                        "state": "Wisconsin",
                        "state_code": "US-WI"
                    }
                ]
            },
            {
                "first_name": "Jing",
                "last_name": "Li",
                "initials": "",
                "corresponding": "",
                "orcid": "",
                "current_organization_id": "",
                "researcher_id": "",
                "affiliations": [
                    {
                        "id": "grid.266239.a",
                        "name": "University of Denver",
                        "city": "Denver",
                        "city_id": 5419384,
                        "country": "United States",
                        "country_code": "US",
                        "state": "Colorado",
                        "state_code": "US-CO"
                    }
                ]
            },
            {
                "first_name": "Wenwen",
                "last_name": "Li",
                "initials": "",
                "corresponding": "",
                "orcid": "",
                "current_organization_id": "",
                "researcher_id": "",
                "affiliations": [
                    {
                        "id": "grid.215654.1",
                        "name": "Arizona State University",
                        "city": "Tempe",
                        "city_id": 5317058,
                        "country": "United States",
                        "country_code": "US",
                        "state": "Arizona",
                        "state_code": "US-AZ"
                    }
                ]
            },
            {
                "first_name": "Zhenlong",
                "last_name": "Li",
                "initials": "",
                "corresponding": "",
                "orcid": "",
                "current_organization_id": "",
                "researcher_id": "",
                "affiliations": [
                    {
                        "id": "grid.254567.7",
                        "name": "University of South Carolina",
                        "city": "Columbia",
                        "city_id": 4575352,
                        "country": "United States",
                        "country_code": "US",
                        "state": "South Carolina",
                        "state_code": "US-SC"
                    }
                ]
            },
            {
                "first_name": "Qian",
                "last_name": "Liu",
                "initials": "",
                "corresponding": "",
                "orcid": "",
                "current_organization_id": "",
                "researcher_id": "",
                "affiliations": [
                    {
                        "id": "grid.22448.38",
                        "name": "George Mason University",
                        "city": "Fairfax",
                        "city_id": 4758023,
                        "country": "United States",
                        "country_code": "US",
                        "state": "Virginia",
                        "state_code": "US-VA"
                    }
                ]
            },
            {
                "first_name": "Bernd",
                "last_name": "Resch",
                "initials": "",
                "corresponding": "",
                "orcid": "",
                "current_organization_id": "",
                "researcher_id": "",
                "affiliations": [
                    {
                        "id": "grid.7039.d",
                        "name": "University of Salzburg",
                        "city": "Salzburg",
                        "city_id": 2766824,
                        "country": "Austria",
                        "country_code": "AT",
                        "state": null,
                        "state_code": null
                    },
                    {
                        "id": "grid.38142.3c",
                        "name": "Harvard University",
                        "city": "Cambridge",
                        "city_id": 4931972,
                        "country": "United States",
                        "country_code": "US",
                        "state": "Massachusetts",
                        "state_code": "US-MA"
                    }
                ]
            },
            {
                "first_name": "Jingchao",
                "last_name": "Yang",
                "initials": "",
                "corresponding": "",
                "orcid": "",
                "current_organization_id": "",
                "researcher_id": "",
                "affiliations": [
                    {
                        "id": "grid.22448.38",
                        "name": "George Mason University",
                        "city": "Fairfax",
                        "city_id": 4758023,
                        "country": "United States",
                        "country_code": "US",
                        "state": "Virginia",
                        "state_code": "US-VA"
                    }
                ]
            },
            {
                "first_name": "Chaowei",
                "last_name": "Yang",
                "initials": "",
                "corresponding": "",
                "orcid": "",
                "current_organization_id": "",
                "researcher_id": "",
                "affiliations": [
                    {
                        "id": "grid.22448.38",
                        "name": "George Mason University",
                        "city": "Fairfax",
                        "city_id": 4758023,
                        "country": "United States",
                        "country_code": "US",
                        "state": "Virginia",
                        "state_code": "US-VA"
                    }
                ]
            }
        ]
    ],
    "FOR": [
        {
            "id": "2746",
            "name": "0801 Artificial Intelligence and Image Processing"
        }
    ],
    "research_org_countries": [
        {
            "id": "AT",
            "name": "Austria"
        },
        {
            "id": "US",
            "name": "United States"
        }
    ],
    "title": "Spatiotemporal event detection: a review",
    "research_org_cities": [
        {
            "id": 5317058,
            "name": "Tempe"
        },
        {
            "id": 5419384,
            "name": "Denver"
        },
        {
            "id": 4931972,
            "name": "Cambridge"
        },
        {
            "id": 4758023,
            "name": "Fairfax"
        },
        {
            "id": 2766824,
            "name": "Salzburg"
        },
        {
            "id": 4356847,
            "name": "Greenbelt"
        },
        {
            "id": 5213681,
            "name": "State College"
        },
        {
            "id": 5261457,
            "name": "Madison"
        },
        {
            "id": 5392952,
            "name": "Santa Barbara"
        },
        {
            "id": 4575352,
            "name": "Columbia"
        }
    ],
    "pages": "1-27",
    "research_org_state_names": [
        "Colorado",
        "Massachusetts",
        "Maryland",
        "Wisconsin",
        "Arizona",
        "South Carolina",
        "Virginia",
        "California",
        "Pennsylvania"
    ],
    "doi": "10.1080/17538947.2020.1738569",
    "times_cited": 0,
    "journal": {
        "id": "jour.1141429",
        "title": "International Journal of Digital Earth"
    },
    "funders": [
        {
            "id": "grid.238252.c",
            "name": "National Aeronautics and Space Administration",
            "linkout": [
                "http://www.nasa.gov/"
            ],
            "country_name": "United States",
            "types": [
                "Government"
            ],
            "latitude": 38.883057,
            "acronym": "NASA",
            "state_name": "District of Columbia",
            "city_name": "Washington D.C.",
            "longitude": -77.01639
        },
        {
            "id": "grid.457785.c",
            "name": "Directorate for Computer & Information Science & Engineering",
            "linkout": [
                "http://www.nsf.gov/dir/index.jsp?org=CISE"
            ],
            "country_name": "United States",
            "types": [
                "Government"
            ],
            "latitude": 38.88058,
            "acronym": "NSF CISE",
            "state_name": "Virginia",
            "city_name": "Arlington",
            "longitude": -77.111
        }
    ],
    "year": 2020,
    "research_orgs": [
        {
            "id": "grid.266239.a",
            "name": "University of Denver",
            "linkout": [
                "http://www.du.edu/"
            ],
            "country_name": "United States",
            "types": [
                "Education"
            ],
            "latitude": 39.678333,
            "state_name": "Colorado",
            "city_name": "Denver",
            "longitude": -104.96222
        },
        {
            "id": "grid.133342.4",
            "name": "University of California, Santa Barbara",
            "linkout": [
                "http://www.ucsb.edu/"
            ],
            "country_name": "United States",
            "types": [
                "Education"
            ],
            "latitude": 34.414227,
            "acronym": "UCSB",
            "state_name": "California",
            "city_name": "Santa Barbara",
            "longitude": -119.84912
        },
        {
            "id": "grid.254567.7",
            "name": "University of South Carolina",
            "linkout": [
                "http://www.sc.edu/"
            ],
            "country_name": "United States",
            "types": [
                "Education"
            ],
            "latitude": 33.9975,
            "acronym": "USC",
            "state_name": "South Carolina",
            "city_name": "Columbia",
            "longitude": -81.025276
        },
        {
            "id": "grid.133275.1",
            "name": "Goddard Space Flight Center",
            "linkout": [
                "https://www.nasa.gov/centers/goddard/home/index.html"
            ],
            "country_name": "United States",
            "types": [
                "Facility"
            ],
            "latitude": 38.996944,
            "acronym": "GSFC",
            "state_name": "Maryland",
            "city_name": "Greenbelt",
            "longitude": -76.848335
        },
        {
            "id": "grid.7039.d",
            "name": "University of Salzburg",
            "linkout": [
                "http://www.uni-salzburg.at/index.php?id=52"
            ],
            "country_name": "Austria",
            "types": [
                "Education"
            ],
            "latitude": 47.798183,
            "acronym": "PLUS",
            "city_name": "Salzburg",
            "longitude": 13.046132
        },
        {
            "id": "grid.22448.38",
            "name": "George Mason University",
            "linkout": [
                "https://www.gmu.edu/"
            ],
            "country_name": "United States",
            "types": [
                "Education"
            ],
            "latitude": 38.832436,
            "state_name": "Virginia",
            "city_name": "Fairfax",
            "longitude": -77.30807
        },
        {
            "id": "grid.38142.3c",
            "name": "Harvard University",
            "linkout": [
                "http://www.harvard.edu/"
            ],
            "country_name": "United States",
            "types": [
                "Education"
            ],
            "latitude": 42.377052,
            "state_name": "Massachusetts",
            "city_name": "Cambridge",
            "longitude": -71.11665
        },
        {
            "id": "grid.14003.36",
            "name": "University of Wisconsin\u2013Madison",
            "linkout": [
                "http://www.wisc.edu/"
            ],
            "country_name": "United States",
            "types": [
                "Education"
            ],
            "latitude": 43.076694,
            "acronym": "UW",
            "state_name": "Wisconsin",
            "city_name": "Madison",
            "longitude": -89.41244
        },
        {
            "id": "grid.29857.31",
            "name": "Pennsylvania State University",
            "linkout": [
                "http://www.psu.edu/"
            ],
            "country_name": "United States",
            "types": [
                "Education"
            ],
            "latitude": 40.79845,
            "acronym": "PSU",
            "state_name": "Pennsylvania",
            "city_name": "State College",
            "longitude": -77.85993
        },
        {
            "id": "grid.215654.1",
            "name": "Arizona State University",
            "linkout": [
                "http://www.asu.edu/"
            ],
            "country_name": "United States",
            "types": [
                "Education"
            ],
            "latitude": 33.417194,
            "acronym": "ASU",
            "state_name": "Arizona",
            "city_name": "Tempe",
            "longitude": -111.93651
        }
    ],
    "id": "pub.1125550755",
    "references": [
        "pub.1014125718",
        "pub.1084437170",
        "pub.1087270347",
        "pub.1035292217",
        "pub.1111910842",
        "pub.1061396371",
        "pub.1100084419",
        "pub.1061406405",
        "pub.1045254968",
        "pub.1085345643",
        "pub.1086114275",
        "pub.1083932560",
        "pub.1107150314",
        "pub.1105946201",
        "pub.1112765685",
        "pub.1061403630",
        "pub.1101901778",
        "pub.1030325991",
        "pub.1101609792",
        "pub.1061361010",
        "pub.1004345743",
        "pub.1084206366",
        "pub.1112069748",
        "pub.1012818768",
        "pub.1111161399",
        "pub.1101247248",
        "pub.1045936318",
        "pub.1042270410",
        "pub.1061604393",
        "pub.1032420750",
        "pub.1110587707",
        "pub.1043035908",
        "pub.1112085726",
        "pub.1038631036",
        "pub.1037966866",
        "pub.1074198518",
        "pub.1085284788",
        "pub.1084073733",
        "pub.1061630309",
        "pub.1121614420",
        "pub.1085783702",
        "pub.1068369185",
        "pub.1118150012",
        "pub.1043084230",
        "pub.1014006987",
        "pub.1049420853",
        "pub.1058315629",
        "pub.1061280645",
        "pub.1110402365",
        "pub.1107407321",
        "pub.1061406339",
        "pub.1061745157",
        "pub.1067702095",
        "pub.1100763117",
        "pub.1105914852",
        "pub.1007013112",
        "pub.1000815569",
        "pub.1093604716",
        "pub.1091225424",
        "pub.1090359717",
        "pub.1091274371",
        "pub.1061297651",
        "pub.1002856258",
        "pub.1106947461",
        "pub.1091034358",
        "pub.1086126886",
        "pub.1035659605",
        "pub.1061406424",
        "pub.1071282858",
        "pub.1049577495",
        "pub.1031547206",
        "pub.1061658705",
        "pub.1064158976",
        "pub.1022994515",
        "pub.1027789122",
        "pub.1061424016",
        "pub.1064199726",
        "pub.1061790384",
        "pub.1118126660",
        "pub.1051724298",
        "pub.1013578375",
        "pub.1007459269",
        "pub.1044100929",
        "pub.1092292439",
        "pub.1013339072",
        "pub.1101402664",
        "pub.1101672384",
        "pub.1052896231",
        "pub.1040193685",
        "pub.1112983078",
        "pub.1007160514",
        "pub.1113460277",
        "pub.1123095669",
        "pub.1005382334",
        "pub.1002587595",
        "pub.1036722285",
        "pub.1024237190",
        "pub.1113626080",
        "pub.1006190072",
        "pub.1043380298",
        "pub.1061662558",
        "pub.1101044577",
        "pub.1034253562",
        "pub.1012209934",
        "pub.1071051402",
        "pub.1035558128",
        "pub.1050017638",
        "pub.1050384976",
        "pub.1091209865",
        "pub.1031214351",
        "pub.1121797616",
        "pub.1047344462",
        "pub.1061744511",
        "pub.1101247246",
        "pub.1024806047",
        "pub.1069285681",
        "pub.1028799837",
        "pub.1103744924",
        "pub.1103965922",
        "pub.1116894123",
        "pub.1112587749",
        "pub.1045102271",
        "pub.1100682367",
        "pub.1007538888",
        "pub.1030035966",
        "pub.1019982216",
        "pub.1106546956",
        "pub.1103154723",
        "pub.1048006110",
        "pub.1068602650",
        "pub.1009866404",
        "pub.1114528951",
        "pub.1034369932",
        "pub.1027721417",
        "pub.1007204975",
        "pub.1013918665",
        "pub.1085437329",
        "pub.1021030988",
        "pub.1011168051",
        "pub.1103992034",
        "pub.1110242560",
        "pub.1022233103",
        "pub.1051492779",
        "pub.1112460887"
    ],
    "research_org_country_names": [
        "United States",
        "Austria"
    ],
    "date": "2020-03-09",
    "type": "article"
}