{
    "volume": "186",
    "date": "2020-03-07",
    "title": "African swine fever vaccine on the horizon",
    "altmetric": 5.0,
    "pages": "262",
    "open_access": [
        "Open Access - all",
        "Open Access - publisher",
        "Open Access - published"
    ],
    "doi": "10.1136/vr.m888",
    "times_cited": 0,
    "pmid": "32139615",
    "id": "pub.1125438332",
    "issue": "9",
    "journal": {
        "id": "jour.1004415",
        "title": "Veterinary Record"
    },
    "year": 2020,
    "type": "article"
}