{
    "volume": "58",
    "date": "2020-02-27",
    "title": "[Immunization recommendations and safety and immunogenicity on the delayed vaccination of non-national immunization program for the corona virus disease 2019 in China].",
    "altmetric": 7.0,
    "pages": "e010",
    "doi": "10.3760/cma.j.cn112140-20200217-00097",
    "times_cited": 0,
    "pmid": "32105048",
    "id": "pub.1125174127",
    "issue": "0",
    "journal": {
        "id": "jour.1019629",
        "title": "Chinese journal of pediatrics"
    },
    "year": 2020,
    "type": "article"
}