{
    "author_affiliations": [
        [
            {
                "first_name": "Jessica",
                "last_name": "Hamzelou",
                "initials": "",
                "corresponding": "",
                "orcid": "",
                "current_organization_id": "",
                "researcher_id": "",
                "affiliations": []
            }
        ]
    ],
    "title": "Coronavirus spreads",
    "pages": "8",
    "issue": "3267",
    "doi": "10.1016/s0262-4079(20)30188-3",
    "times_cited": 0,
    "journal": {
        "id": "jour.1054339",
        "title": "The New Scientist"
    },
    "year": 2020,
    "id": "pub.1124460953",
    "date": "2020-02-01",
    "type": "article",
    "volume": "245"
}