{
    "volume": "323",
    "date": "2020-02-28",
    "title": "COVID-19\u2014New Insights on a Rapidly Changing Epidemic",
    "researchers": [
        {
            "id": "ur.012533276613.50",
            "last_name": "Del Rio",
            "first_name": "Carlos",
            "research_orgs": [
                "grid.189967.8"
            ]
        },
        {
            "id": "ur.01001766475.95",
            "last_name": "Malani",
            "first_name": "Preeti N",
            "research_orgs": [
                "grid.280682.6",
                "grid.413800.e",
                "grid.417686.a",
                "grid.214458.e",
                "grid.412590.b"
            ]
        }
    ],
    "research_org_state_codes": [
        {
            "id": "US-GA",
            "name": "Georgia"
        },
        {
            "id": "US-MI",
            "name": "Michigan"
        }
    ],
    "altmetric": 1689.0,
    "research_org_cities": [
        {
            "id": 4984247,
            "name": "Ann Arbor"
        },
        {
            "id": 4180439,
            "name": "Atlanta"
        }
    ],
    "open_access": [
        "Open Access - all",
        "Open Access - publisher",
        "Open Access - published"
    ],
    "research_org_countries": [
        {
            "id": "US",
            "name": "United States"
        }
    ],
    "doi": "10.1001/jama.2020.3072",
    "FOR": [
        {
            "id": "3053",
            "name": "1103 Clinical Sciences"
        }
    ],
    "research_orgs": [
        {
            "id": "grid.214458.e",
            "acronym": "UM",
            "state_name": "Michigan",
            "types": [
                "Education"
            ],
            "longitude": -83.73822,
            "linkout": [
                "https://www.umich.edu/"
            ],
            "latitude": 42.278305,
            "name": "University of Michigan",
            "city_name": "Ann Arbor",
            "country_name": "United States"
        },
        {
            "id": "grid.189967.8",
            "state_name": "Georgia",
            "types": [
                "Education"
            ],
            "longitude": -84.32401,
            "linkout": [
                "http://www.emory.edu/home/index.html"
            ],
            "latitude": 33.792786,
            "name": "Emory University",
            "city_name": "Atlanta",
            "country_name": "United States"
        }
    ],
    "times_cited": 2,
    "pmid": "32108857",
    "research_org_country_names": [
        "United States"
    ],
    "id": "pub.1125127713",
    "issue": "14",
    "journal": {
        "id": "jour.1081531",
        "title": "JAMA"
    },
    "year": 2020,
    "references": [
        "pub.1125043810",
        "pub.1124654147",
        "pub.1125042614",
        "pub.1124843280",
        "pub.1124600101",
        "pub.1124915450",
        "pub.1124655455"
    ],
    "research_org_state_names": [
        "Georgia",
        "Michigan"
    ],
    "author_affiliations": [
        [
            {
                "first_name": "Carlos",
                "last_name": "del Rio",
                "initials": "",
                "corresponding": "",
                "orcid": "",
                "current_organization_id": "grid.189967.8",
                "researcher_id": "ur.012533276613.50",
                "affiliations": [
                    {
                        "id": "grid.189967.8",
                        "name": "Emory University",
                        "city": "Atlanta",
                        "city_id": 4180439,
                        "country": "United States",
                        "country_code": "US",
                        "state": "Georgia",
                        "state_code": "US-GA"
                    }
                ]
            },
            {
                "first_name": "Preeti N.",
                "last_name": "Malani",
                "initials": "",
                "corresponding": "",
                "orcid": "",
                "current_organization_id": "grid.214458.e",
                "researcher_id": "ur.01001766475.95",
                "affiliations": [
                    {
                        "id": "grid.214458.e",
                        "name": "University of Michigan\u2013Ann Arbor",
                        "city": "Ann Arbor",
                        "city_id": 4984247,
                        "country": "United States",
                        "country_code": "US",
                        "state": "Michigan",
                        "state_code": "US-MI"
                    },
                    {
                        "name": "Associate Editor, JAMA"
                    }
                ]
            }
        ]
    ],
    "type": "article"
}