{
    "author_affiliations": [
        [
            {
                "first_name": "S.",
                "last_name": "No\u00ebl",
                "initials": "",
                "corresponding": "",
                "orcid": "",
                "current_organization_id": "grid.462844.8",
                "researcher_id": "ur.012211317620.49",
                "affiliations": [
                    {
                        "id": "grid.412134.1",
                        "name": "Necker-Enfants Malades Hospital",
                        "city": "Paris",
                        "city_id": 2988507,
                        "country": "France",
                        "country_code": "FR",
                        "state": null,
                        "state_code": null
                    }
                ]
            },
            {
                "first_name": "I.",
                "last_name": "Sermet-Gaudelus",
                "initials": "",
                "corresponding": "",
                "orcid": "",
                "current_organization_id": "grid.465541.7",
                "researcher_id": "ur.01256234367.00",
                "affiliations": [
                    {
                        "id": "grid.412134.1",
                        "name": "Necker-Enfants Malades Hospital",
                        "city": "Paris",
                        "city_id": 2988507,
                        "country": "France",
                        "country_code": "FR",
                        "state": null,
                        "state_code": null
                    }
                ]
            }
        ]
    ],
    "research_org_countries": [
        {
            "id": "FR",
            "name": "France"
        }
    ],
    "title": "Mucoviscidosis: fisiopatolog\u00eda, gen\u00e9tica, aspectos cl\u00ednicos y terap\u00e9uticos",
    "research_org_cities": [
        {
            "id": 2988507,
            "name": "Paris"
        }
    ],
    "pages": "1-23",
    "issue": "1",
    "open_access": [
        "Open Access - all",
        "Open Access - publisher",
        "Open Access - published"
    ],
    "doi": "10.1016/s1245-1789(20)43427-4",
    "times_cited": 0,
    "journal": {
        "id": "jour.1142494",
        "title": "EMC - Pediatr\u00eda"
    },
    "year": 2020,
    "research_orgs": [
        {
            "id": "grid.412134.1",
            "name": "Necker-Enfants Malades Hospital",
            "linkout": [
                "http://hopital-necker.aphp.fr/"
            ],
            "country_name": "France",
            "types": [
                "Healthcare"
            ],
            "latitude": 48.845,
            "city_name": "Paris",
            "longitude": 2.315556
        }
    ],
    "id": "pub.1125343180",
    "references": [
        "pub.1090806066",
        "pub.1092546395",
        "pub.1049294600",
        "pub.1091604998",
        "pub.1024942050",
        "pub.1086005941",
        "pub.1091224112",
        "pub.1016874134",
        "pub.1103466999",
        "pub.1103210202",
        "pub.1101763525",
        "pub.1044458961",
        "pub.1028453554",
        "pub.1091903918",
        "pub.1057335230",
        "pub.1004466637",
        "pub.1092448576",
        "pub.1092916103",
        "pub.1092104384",
        "pub.1021046836",
        "pub.1101320010",
        "pub.1101900617",
        "pub.1074198863",
        "pub.1091405691",
        "pub.1105713779",
        "pub.1092518484",
        "pub.1090694808",
        "pub.1092419168"
    ],
    "research_org_country_names": [
        "France"
    ],
    "date": "2020-03-01",
    "researchers": [
        {
            "id": "ur.012211317620.49",
            "research_orgs": [
                "grid.412134.1",
                "grid.462844.8",
                "grid.10992.33",
                "grid.465541.7"
            ],
            "last_name": "Noel",
            "first_name": "Sabrina"
        },
        {
            "id": "ur.01256234367.00",
            "research_orgs": [
                "grid.412134.1",
                "grid.10992.33",
                "grid.7429.8",
                "grid.465541.7",
                "grid.414093.b",
                "grid.413235.2",
                "grid.462098.1",
                "grid.50550.35",
                "grid.41891.35",
                "grid.462844.8"
            ],
            "last_name": "Sermet-Gaudelus",
            "first_name": "Isabelle"
        }
    ],
    "type": "article",
    "volume": "55"
}