{
    "pmid": "32096692",
    "author_affiliations": [
        [
            {
                "first_name": "Xianjie",
                "last_name": "Wen",
                "initials": "",
                "corresponding": "",
                "orcid": "",
                "current_organization_id": "",
                "researcher_id": "",
                "affiliations": [
                    {
                        "id": "grid.412601.0",
                        "name": "First Affiliated Hospital of Jinan University",
                        "city": "Guangzhou",
                        "city_id": 1809858,
                        "country": "China",
                        "country_code": "CN",
                        "state": null,
                        "state_code": null
                    },
                    {
                        "name": "Department of Anesthesiology, the Second People's Hospital of Foshan City, Foshan, Guangdong Province, China."
                    }
                ]
            },
            {
                "first_name": "Yiqun",
                "last_name": "Li",
                "initials": "",
                "corresponding": "",
                "orcid": "",
                "current_organization_id": "",
                "researcher_id": "",
                "affiliations": [
                    {
                        "name": "Department of Orthopaedics, the Second People's Hospital of Foshan City, Foshan, Guangdong Province, China."
                    }
                ]
            }
        ]
    ],
    "altmetric": 93.0,
    "research_org_countries": [
        {
            "id": "CN",
            "name": "China"
        }
    ],
    "title": "Anesthesia Procedure of Emergency Operation for Patients with Suspected or Confirmed COVID-19",
    "research_org_cities": [
        {
            "id": 1809858,
            "name": "Guangzhou"
        },
        {
            "id": 1811103,
            "name": "Foshan"
        }
    ],
    "doi": "10.1089/sur.2020.040",
    "times_cited": 0,
    "journal": {
        "id": "jour.1119237",
        "title": "Surgical Infections"
    },
    "research_orgs": [
        {
            "id": "grid.412601.0",
            "name": "First Affiliated Hospital of Jinan University",
            "linkout": [
                "http://www.jd120.com/"
            ],
            "country_name": "China",
            "types": [
                "Healthcare"
            ],
            "latitude": 23.126133,
            "city_name": "Guangzhou",
            "longitude": 113.35041
        }
    ],
    "year": 2020,
    "references": [
        "pub.1124427336",
        "pub.1124290823",
        "pub.1124298293"
    ],
    "id": "pub.1125097703",
    "research_org_country_names": [
        "China"
    ],
    "date": "2020-02-25",
    "type": "article"
}