{
    "volume": "240",
    "date": "2020-01-01",
    "title": "Genetic, antigenic and pathogenic characterization of avian coronaviruses isolated from pheasants (Phasianus colchicus) in China",
    "researchers": [
        {
            "id": "ur.0670234470.09",
            "last_name": "Han",
            "first_name": "Zong-Xi",
            "research_orgs": [
                "grid.410727.7",
                "grid.412243.2",
                "grid.38587.31"
            ]
        },
        {
            "id": "ur.016465025717.13",
            "last_name": "Liwen",
            "first_name": "Xu",
            "research_orgs": [
                "grid.38587.31"
            ]
        },
        {
            "id": "ur.015420716330.24",
            "last_name": "Ren",
            "first_name": "Mengting",
            "research_orgs": [
                "grid.412243.2",
                "grid.38587.31"
            ]
        },
        {
            "id": "ur.011422404733.33",
            "last_name": "Sheng",
            "first_name": "Jie",
            "research_orgs": [
                "grid.38587.31"
            ]
        },
        {
            "id": "ur.012217765333.44",
            "last_name": "Ma",
            "first_name": "Tianxin",
            "research_orgs": [
                "grid.38587.31"
            ]
        },
        {
            "id": "ur.011411020627.77",
            "last_name": "Sun",
            "first_name": "Junfeng",
            "research_orgs": [
                "grid.410727.7",
                "grid.38587.31"
            ]
        },
        {
            "id": "ur.01310332720.86",
            "last_name": "Zhao",
            "first_name": "Yan",
            "research_orgs": [
                "grid.38587.31"
            ]
        },
        {
            "id": "ur.01014370424.21",
            "last_name": "Liu",
            "first_name": "Shengwang",
            "research_orgs": [
                "grid.410727.7",
                "grid.411734.4",
                "grid.412243.2",
                "grid.38587.31"
            ]
        }
    ],
    "pages": "108513",
    "research_org_cities": [
        {
            "id": 2037013,
            "name": "Harbin"
        }
    ],
    "open_access": [
        "Open Access - all",
        "Open Access - publisher",
        "Open Access - published"
    ],
    "research_org_countries": [
        {
            "id": "CN",
            "name": "China"
        }
    ],
    "doi": "10.1016/j.vetmic.2019.108513",
    "FOR": [
        {
            "id": "2620",
            "name": "0604 Genetics"
        },
        {
            "id": "3114",
            "name": "1108 Medical Microbiology"
        }
    ],
    "research_orgs": [
        {
            "id": "grid.38587.31",
            "acronym": "HVRI",
            "state_name": "Heilongjiang",
            "types": [
                "Facility"
            ],
            "longitude": 126.664,
            "linkout": [
                "http://www.hvri.ac.cn/en/"
            ],
            "latitude": 45.76182,
            "name": "Harbin Veterinary Research Institute",
            "city_name": "Harbin",
            "country_name": "China"
        }
    ],
    "times_cited": 0,
    "pmid": "31902509",
    "funders": [
        {
            "id": "grid.419696.5",
            "acronym": "NSFC",
            "types": [
                "Government"
            ],
            "longitude": 116.33983,
            "linkout": [
                "http://www.nsfc.gov.cn/publish/portal1/"
            ],
            "latitude": 40.005177,
            "name": "National Natural Science Foundation of China",
            "city_name": "Beijing",
            "country_name": "China"
        },
        {
            "id": "grid.424020.0",
            "acronym": "MOST",
            "types": [
                "Government"
            ],
            "longitude": 116.316284,
            "linkout": [
                "http://www.most.gov.cn/eng/"
            ],
            "latitude": 39.827835,
            "name": "Ministry of Science and Technology of the People's Republic of China",
            "city_name": "Beijing",
            "country_name": "China"
        }
    ],
    "research_org_country_names": [
        "China"
    ],
    "id": "pub.1122747010",
    "journal": {
        "id": "jour.1086616",
        "title": "Veterinary Microbiology"
    },
    "year": 2020,
    "references": [
        "pub.1018109949",
        "pub.1050991870",
        "pub.1060400602",
        "pub.1046147553",
        "pub.1018820990",
        "pub.1027503991",
        "pub.1032127121",
        "pub.1060389931",
        "pub.1038918110",
        "pub.1039855728",
        "pub.1017407695",
        "pub.1038877494",
        "pub.1003198088",
        "pub.1051679980",
        "pub.1002865234",
        "pub.1062826839",
        "pub.1034572361",
        "pub.1043189633",
        "pub.1053509228",
        "pub.1028548587",
        "pub.1001664851",
        "pub.1113378358",
        "pub.1008194735",
        "pub.1003651058",
        "pub.1032741266",
        "pub.1062827948",
        "pub.1021094232",
        "pub.1060400747",
        "pub.1003906479",
        "pub.1006043702",
        "pub.1029275245",
        "pub.1018881886",
        "pub.1031545575",
        "pub.1091088275",
        "pub.1001444669",
        "pub.1024639036",
        "pub.1022992677",
        "pub.1029834162",
        "pub.1022111305",
        "pub.1015599991",
        "pub.1041560361",
        "pub.1031439668",
        "pub.1083592874",
        "pub.1041385240",
        "pub.1005992976",
        "pub.1111903191",
        "pub.1009056936",
        "pub.1037354554",
        "pub.1026517226",
        "pub.1025443429",
        "pub.1017409799",
        "pub.1028325941",
        "pub.1051742678",
        "pub.1060397976",
        "pub.1100565250",
        "pub.1111749544",
        "pub.1069558799",
        "pub.1004950285"
    ],
    "author_affiliations": [
        [
            {
                "first_name": "Zongxi",
                "last_name": "Han",
                "initials": "",
                "corresponding": "",
                "orcid": "",
                "current_organization_id": "grid.38587.31",
                "researcher_id": "ur.0670234470.09",
                "affiliations": [
                    {
                        "id": "grid.38587.31",
                        "name": "Harbin Veterinary Research Institute",
                        "city": "Harbin",
                        "city_id": 2037013,
                        "country": "China",
                        "country_code": "CN",
                        "state": null,
                        "state_code": null
                    }
                ]
            },
            {
                "first_name": "Xu",
                "last_name": "Liwen",
                "initials": "",
                "corresponding": "",
                "orcid": "",
                "current_organization_id": "grid.38587.31",
                "researcher_id": "ur.016465025717.13",
                "affiliations": [
                    {
                        "id": "grid.38587.31",
                        "name": "Harbin Veterinary Research Institute",
                        "city": "Harbin",
                        "city_id": 2037013,
                        "country": "China",
                        "country_code": "CN",
                        "state": null,
                        "state_code": null
                    }
                ]
            },
            {
                "first_name": "Mengting",
                "last_name": "Ren",
                "initials": "",
                "corresponding": "",
                "orcid": "",
                "current_organization_id": "grid.38587.31",
                "researcher_id": "ur.015420716330.24",
                "affiliations": [
                    {
                        "id": "grid.38587.31",
                        "name": "Harbin Veterinary Research Institute",
                        "city": "Harbin",
                        "city_id": 2037013,
                        "country": "China",
                        "country_code": "CN",
                        "state": null,
                        "state_code": null
                    }
                ]
            },
            {
                "first_name": "Jie",
                "last_name": "Sheng",
                "initials": "",
                "corresponding": "",
                "orcid": "",
                "current_organization_id": "grid.38587.31",
                "researcher_id": "ur.011422404733.33",
                "affiliations": [
                    {
                        "id": "grid.38587.31",
                        "name": "Harbin Veterinary Research Institute",
                        "city": "Harbin",
                        "city_id": 2037013,
                        "country": "China",
                        "country_code": "CN",
                        "state": null,
                        "state_code": null
                    }
                ]
            },
            {
                "first_name": "Tianxin",
                "last_name": "Ma",
                "initials": "",
                "corresponding": "",
                "orcid": "",
                "current_organization_id": "grid.38587.31",
                "researcher_id": "ur.012217765333.44",
                "affiliations": [
                    {
                        "id": "grid.38587.31",
                        "name": "Harbin Veterinary Research Institute",
                        "city": "Harbin",
                        "city_id": 2037013,
                        "country": "China",
                        "country_code": "CN",
                        "state": null,
                        "state_code": null
                    }
                ]
            },
            {
                "first_name": "Junfeng",
                "last_name": "Sun",
                "initials": "",
                "corresponding": "",
                "orcid": "",
                "current_organization_id": "grid.38587.31",
                "researcher_id": "ur.011411020627.77",
                "affiliations": [
                    {
                        "id": "grid.38587.31",
                        "name": "Harbin Veterinary Research Institute",
                        "city": "Harbin",
                        "city_id": 2037013,
                        "country": "China",
                        "country_code": "CN",
                        "state": null,
                        "state_code": null
                    }
                ]
            },
            {
                "first_name": "Yan",
                "last_name": "Zhao",
                "initials": "",
                "corresponding": "",
                "orcid": "",
                "current_organization_id": "grid.38587.31",
                "researcher_id": "ur.01310332720.86",
                "affiliations": [
                    {
                        "id": "grid.38587.31",
                        "name": "Harbin Veterinary Research Institute",
                        "city": "Harbin",
                        "city_id": 2037013,
                        "country": "China",
                        "country_code": "CN",
                        "state": null,
                        "state_code": null
                    }
                ]
            },
            {
                "first_name": "Shengwang",
                "last_name": "Liu",
                "initials": "",
                "corresponding": true,
                "orcid": "",
                "current_organization_id": "grid.38587.31",
                "researcher_id": "ur.01014370424.21",
                "affiliations": [
                    {
                        "id": "grid.38587.31",
                        "name": "Harbin Veterinary Research Institute",
                        "city": "Harbin",
                        "city_id": 2037013,
                        "country": "China",
                        "country_code": "CN",
                        "state": null,
                        "state_code": null
                    }
                ]
            }
        ]
    ],
    "type": "article"
}