{
    "pmid": "32057210",
    "author_affiliations": [
        [
            {
                "first_name": "Z Y",
                "last_name": "Li",
                "initials": "",
                "corresponding": "",
                "orcid": "",
                "current_organization_id": "",
                "researcher_id": "",
                "affiliations": [
                    {
                        "id": "grid.49470.3e",
                        "name": "Wuhan University",
                        "city": "Wuhan",
                        "city_id": 1791247,
                        "country": "China",
                        "country_code": "CN",
                        "state": null,
                        "state_code": null
                    }
                ]
            },
            {
                "first_name": "L Y",
                "last_name": "Meng",
                "initials": "",
                "corresponding": "",
                "orcid": "",
                "current_organization_id": "",
                "researcher_id": "",
                "affiliations": [
                    {
                        "id": "grid.49470.3e",
                        "name": "Wuhan University",
                        "city": "Wuhan",
                        "city_id": 1791247,
                        "country": "China",
                        "country_code": "CN",
                        "state": null,
                        "state_code": null
                    }
                ]
            }
        ]
    ],
    "altmetric": 1.0,
    "FOR": [
        {
            "id": "3177",
            "name": "1117 Public Health and Health Services"
        }
    ],
    "research_org_countries": [
        {
            "id": "CN",
            "name": "China"
        }
    ],
    "title": "[The prevention and control of a new coronavirus infection in department of stomatology].",
    "research_org_cities": [
        {
            "id": 1791247,
            "name": "Wuhan"
        }
    ],
    "pages": "e001",
    "issue": "0",
    "doi": "10.3760/cma.j.issn.1002-0098.2020.0001",
    "times_cited": 0,
    "journal": {
        "id": "jour.1097486",
        "title": "\u4e2d\u534e\u53e3\u8154\u533b\u5b66\u6742\u5fd7"
    },
    "research_orgs": [
        {
            "id": "grid.49470.3e",
            "name": "Wuhan University",
            "linkout": [
                "http://en.whu.edu.cn/"
            ],
            "country_name": "China",
            "types": [
                "Education"
            ],
            "latitude": 30.536316,
            "acronym": "WHU",
            "city_name": "Wuhan",
            "longitude": 114.36431
        }
    ],
    "year": 2020,
    "id": "pub.1124869056",
    "research_org_country_names": [
        "China"
    ],
    "date": "2020-02-14",
    "type": "article",
    "volume": "55"
}