{
    "volume": "22",
    "date": "2020-03-01",
    "title": "The epidemic of 2019-novel-coronavirus (2019-nCoV) pneumonia and insights for emerging infectious diseases in the future",
    "researchers": [
        {
            "id": "ur.01142175755.96",
            "last_name": "Qiu",
            "first_name": "Ye",
            "research_orgs": [
                "grid.17091.3e",
                "grid.67293.39",
                "grid.416553.0"
            ]
        },
        {
            "id": "ur.01134140466.41",
            "last_name": "Luo",
            "first_name": "Rui",
            "research_orgs": [
                "grid.35155.37",
                "grid.12527.33"
            ]
        },
        {
            "id": "ur.01314522477.06",
            "last_name": "Ge",
            "first_name": "Xing-Yi",
            "orcid_id": [
                "0000-0003-3964-5140"
            ],
            "research_orgs": [
                "grid.439104.b",
                "grid.9227.e",
                "grid.67293.39"
            ]
        }
    ],
    "altmetric": 78.0,
    "pages": "80-85",
    "research_org_cities": [
        {
            "id": 1815577,
            "name": "Changsha"
        },
        {
            "id": 1791247,
            "name": "Wuhan"
        }
    ],
    "open_access": [
        "Open Access - all",
        "Open Access - publisher",
        "Open Access - published"
    ],
    "research_org_countries": [
        {
            "id": "CN",
            "name": "China"
        }
    ],
    "doi": "10.1016/j.micinf.2020.02.002",
    "FOR": [
        {
            "id": "3114",
            "name": "1108 Medical Microbiology"
        }
    ],
    "research_orgs": [
        {
            "id": "grid.35155.37",
            "acronym": "HZAU",
            "types": [
                "Education"
            ],
            "longitude": 114.35424,
            "linkout": [
                "http://www.hzau.edu.cn/en/home/"
            ],
            "latitude": 30.475254,
            "name": "Huazhong Agricultural University",
            "city_name": "Wuhan",
            "country_name": "China"
        },
        {
            "id": "grid.67293.39",
            "types": [
                "Education"
            ],
            "longitude": 112.95278,
            "linkout": [
                "http://www-en.hnu.edu.cn/"
            ],
            "latitude": 28.180279,
            "name": "Hunan University",
            "city_name": "Changsha",
            "country_name": "China"
        }
    ],
    "times_cited": 0,
    "pmid": "32087334",
    "funders": [
        {
            "id": "grid.424020.0",
            "acronym": "MOST",
            "types": [
                "Government"
            ],
            "longitude": 116.316284,
            "linkout": [
                "http://www.most.gov.cn/eng/"
            ],
            "latitude": 39.827835,
            "name": "Ministry of Science and Technology of the People's Republic of China",
            "city_name": "Beijing",
            "country_name": "China"
        },
        {
            "id": "grid.419696.5",
            "acronym": "NSFC",
            "types": [
                "Government"
            ],
            "longitude": 116.33983,
            "linkout": [
                "http://www.nsfc.gov.cn/publish/portal1/"
            ],
            "latitude": 40.005177,
            "name": "National Natural Science Foundation of China",
            "city_name": "Beijing",
            "country_name": "China"
        }
    ],
    "research_org_country_names": [
        "China"
    ],
    "id": "pub.1125023848",
    "issue": "2",
    "journal": {
        "id": "jour.1020775",
        "title": "Microbes and Infection"
    },
    "year": 2020,
    "references": [
        "pub.1124295864",
        "pub.1124460938",
        "pub.1025461012",
        "pub.1030401057",
        "pub.1093088828",
        "pub.1041645648",
        "pub.1124131703",
        "pub.1124545162",
        "pub.1037452060",
        "pub.1011618692",
        "pub.1124289146",
        "pub.1040366345",
        "pub.1014424874",
        "pub.1100722621",
        "pub.1124428749",
        "pub.1047128751",
        "pub.1124370178",
        "pub.1104304940",
        "pub.1077438890",
        "pub.1110510319",
        "pub.1124545567",
        "pub.1124408081",
        "pub.1124556117",
        "pub.1124432156",
        "pub.1007707029",
        "pub.1003537788",
        "pub.1012569007",
        "pub.1040922961",
        "pub.1124290823",
        "pub.1034803318",
        "pub.1124427336",
        "pub.1028334231",
        "pub.1124228893",
        "pub.1043875870",
        "pub.1033727638",
        "pub.1124298293"
    ],
    "author_affiliations": [
        [
            {
                "first_name": "Jin-Yan",
                "last_name": "Li",
                "initials": "",
                "corresponding": "",
                "orcid": "",
                "current_organization_id": "",
                "researcher_id": "",
                "affiliations": [
                    {
                        "id": "grid.67293.39",
                        "name": "Hunan University",
                        "city": "Changsha",
                        "city_id": 1815577,
                        "country": "China",
                        "country_code": "CN",
                        "state": null,
                        "state_code": null
                    }
                ]
            },
            {
                "first_name": "Zhi",
                "last_name": "You",
                "initials": "",
                "corresponding": "",
                "orcid": "",
                "current_organization_id": "",
                "researcher_id": "",
                "affiliations": [
                    {
                        "id": "grid.67293.39",
                        "name": "Hunan University",
                        "city": "Changsha",
                        "city_id": 1815577,
                        "country": "China",
                        "country_code": "CN",
                        "state": null,
                        "state_code": null
                    }
                ]
            },
            {
                "first_name": "Qiong",
                "last_name": "Wang",
                "initials": "",
                "corresponding": "",
                "orcid": "",
                "current_organization_id": "",
                "researcher_id": "",
                "affiliations": [
                    {
                        "id": "grid.67293.39",
                        "name": "Hunan University",
                        "city": "Changsha",
                        "city_id": 1815577,
                        "country": "China",
                        "country_code": "CN",
                        "state": null,
                        "state_code": null
                    }
                ]
            },
            {
                "first_name": "Zhi-Jian",
                "last_name": "Zhou",
                "initials": "",
                "corresponding": "",
                "orcid": "",
                "current_organization_id": "",
                "researcher_id": "",
                "affiliations": [
                    {
                        "id": "grid.67293.39",
                        "name": "Hunan University",
                        "city": "Changsha",
                        "city_id": 1815577,
                        "country": "China",
                        "country_code": "CN",
                        "state": null,
                        "state_code": null
                    }
                ]
            },
            {
                "first_name": "Ye",
                "last_name": "Qiu",
                "initials": "",
                "corresponding": "",
                "orcid": "",
                "current_organization_id": "grid.67293.39",
                "researcher_id": "ur.01142175755.96",
                "affiliations": [
                    {
                        "id": "grid.67293.39",
                        "name": "Hunan University",
                        "city": "Changsha",
                        "city_id": 1815577,
                        "country": "China",
                        "country_code": "CN",
                        "state": null,
                        "state_code": null
                    }
                ]
            },
            {
                "first_name": "Rui",
                "last_name": "Luo",
                "initials": "",
                "corresponding": "",
                "orcid": "",
                "current_organization_id": "grid.35155.37",
                "researcher_id": "ur.01134140466.41",
                "affiliations": [
                    {
                        "id": "grid.35155.37",
                        "name": "Huazhong Agricultural University",
                        "city": "Wuhan",
                        "city_id": 1791247,
                        "country": "China",
                        "country_code": "CN",
                        "state": null,
                        "state_code": null
                    },
                    {
                        "name": "Key Laboratory of Preventive Veterinary Medicine in Hubei Province, The Cooperative Innovation Center for Sustainable Pig Production, Wuhan 430070, Hubei, China"
                    }
                ]
            },
            {
                "first_name": "Xing-Yi",
                "last_name": "Ge",
                "initials": "",
                "corresponding": true,
                "orcid": "['0000-0003-3964-5140']",
                "current_organization_id": "grid.67293.39",
                "researcher_id": "ur.01314522477.06",
                "affiliations": [
                    {
                        "id": "grid.67293.39",
                        "name": "Hunan University",
                        "city": "Changsha",
                        "city_id": 1815577,
                        "country": "China",
                        "country_code": "CN",
                        "state": null,
                        "state_code": null
                    }
                ]
            }
        ]
    ],
    "type": "article"
}