{
    "research_org_country_names": [
        "China"
    ],
    "pmid": "32125126",
    "title": "[Management and clinical thinking of Coronavirus Disease 2019].",
    "type": "article",
    "year": 2020,
    "journal": {
        "id": "jour.1117115",
        "title": "Chinese journal of hepatology"
    },
    "FOR": [
        {
            "id": "3053",
            "name": "1103 Clinical Sciences"
        }
    ],
    "research_org_countries": [
        {
            "id": "CN",
            "name": "China"
        }
    ],
    "date": "2020-03-03",
    "altmetric": 1.0,
    "pages": "e002",
    "id": "pub.1125333922",
    "volume": "28",
    "issue": "0",
    "research_org_cities": [
        {
            "id": 1791247,
            "name": "Wuhan"
        }
    ],
    "author_affiliations": [
        [
            {
                "first_name": "K",
                "last_name": "Ma",
                "initials": "",
                "corresponding": "",
                "orcid": "",
                "current_organization_id": "",
                "researcher_id": "",
                "affiliations": [
                    {
                        "name": "Department of Infectious Diseases, Tongji Hospital, Tongji Medical College, Huazhong University of Science and Technology, Wuhan 430030, China."
                    }
                ]
            },
            {
                "first_name": "T",
                "last_name": "Chen",
                "initials": "",
                "corresponding": "",
                "orcid": "",
                "current_organization_id": "",
                "researcher_id": "",
                "affiliations": []
            },
            {
                "first_name": "M F",
                "last_name": "Han",
                "initials": "",
                "corresponding": "",
                "orcid": "",
                "current_organization_id": "",
                "researcher_id": "",
                "affiliations": []
            },
            {
                "first_name": "W",
                "last_name": "Guo",
                "initials": "",
                "corresponding": "",
                "orcid": "",
                "current_organization_id": "",
                "researcher_id": "",
                "affiliations": []
            },
            {
                "first_name": "Q",
                "last_name": "Ning",
                "initials": "",
                "corresponding": "",
                "orcid": "",
                "current_organization_id": "",
                "researcher_id": "",
                "affiliations": []
            }
        ]
    ],
    "doi": "10.3760/cma.j.issn.1007-3418.2020.0002",
    "times_cited": 0
}