{
    "volume": "368",
    "date": "2020-02-26",
    "title": "Covid-19: Italy confirms 11 deaths as cases spread from north",
    "altmetric": 9.0,
    "pages": "m757",
    "open_access": [
        "Open Access - all",
        "Open Access - publisher",
        "Open Access - published"
    ],
    "doi": "10.1136/bmj.m757",
    "times_cited": 0,
    "pmid": "32102793",
    "id": "pub.1125117625",
    "journal": {
        "id": "jour.1017377",
        "title": "The BMJ"
    },
    "year": 2020,
    "author_affiliations": [
        [
            {
                "first_name": "Michael",
                "last_name": "Day",
                "initials": "",
                "corresponding": "",
                "orcid": "",
                "current_organization_id": "",
                "researcher_id": "",
                "affiliations": [
                    {
                        "name": "London."
                    }
                ]
            }
        ]
    ],
    "type": "article"
}